Algorithm,Problem,M,D,FE,MeanIGDp,N
REMO_UniformMix_Pruned_Weighted_Lambdat030_NoBatchDist,DTLZ1,10,30,100,393.4251351100762,20
REMO_UniformMix_Pruned_Weighted_Lambdat030_NoBatchDist,DTLZ1,10,30,101,393.4251351100762,20
REMO_UniformMix_Pruned_Weighted_Lambdat030_NoBatchDist,DTLZ1,10,30,102,393.4251351100762,20
REMO_UniformMix_Pruned_Weighted_Lambdat030_NoBatchDist,DTLZ1,10,30,103,393.4251351100762,20
REMO_UniformMix_Pruned_Weighted_Lambdat030_NoBatchDist,DTLZ1,10,30,104,393.4251351100762,20
REMO_UniformMix_Pruned_Weighted_Lambdat030_NoBatchDist,DTLZ1,10,30,105,393.4251351100762,20
REMO_UniformMix_Pruned_Weighted_Lambdat030_NoBatchDist,DTLZ1,10,30,106,385.57554758526834,20
REMO_UniformMix_Pruned_Weighted_Lambdat030_NoBatchDist,DTLZ1,10,30,107,385.57554758526834,20
REMO_UniformMix_Pruned_Weighted_Lambdat030_NoBatchDist,DTLZ1,10,30,108,385.57554758526834,20
REMO_UniformMix_Pruned_Weighted_Lambdat030_NoBatchDist,DTLZ1,10,30,109,385.57554758526834,20
REMO_UniformMix_Pruned_Weighted_Lambdat030_NoBatchDist,DTLZ1,10,30,110,385.57554758526834,20
REMO_UniformMix_Pruned_Weighted_Lambdat030_NoBatchDist,DTLZ1,10,30,111,385.57554758526834,20
REMO_UniformMix_Pruned_Weighted_Lambdat030_NoBatchDist,DTLZ1,10,30,112,381.3998793007919,20
REMO_UniformMix_Pruned_Weighted_Lambdat030_NoBatchDist,DTLZ1,10,30,113,381.3998793007919,20
REMO_UniformMix_Pruned_Weighted_Lambdat030_NoBatchDist,DTLZ1,10,30,114,381.3998793007919,20
REMO_UniformMix_Pruned_Weighted_Lambdat030_NoBatchDist,DTLZ1,10,30,115,381.3998793007919,20
REMO_UniformMix_Pruned_Weighted_Lambdat030_NoBatchDist,DTLZ1,10,30,116,381.3998793007919,20
REMO_UniformMix_Pruned_Weighted_Lambdat030_NoBatchDist,DTLZ1,10,30,117,381.3998793007919,20
REMO_UniformMix_Pruned_Weighted_Lambdat030_NoBatchDist,DTLZ1,10,30,118,362.3005476260031,20
REMO_UniformMix_Pruned_Weighted_Lambdat030_NoBatchDist,DTLZ1,10,30,119,362.3005476260031,20
REMO_UniformMix_Pruned_Weighted_Lambdat030_NoBatchDist,DTLZ1,10,30,120,362.3005476260031,20
REMO_UniformMix_Pruned_Weighted_Lambdat030_NoBatchDist,DTLZ1,10,30,121,362.3005476260031,20
REMO_UniformMix_Pruned_Weighted_Lambdat030_NoBatchDist,DTLZ1,10,30,122,362.3005476260031,20
REMO_UniformMix_Pruned_Weighted_Lambdat030_NoBatchDist,DTLZ1,10,30,123,362.3005476260031,20
REMO_UniformMix_Pruned_Weighted_Lambdat030_NoBatchDist,DTLZ1,10,30,124,357.5851702114713,20
REMO_UniformMix_Pruned_Weighted_Lambdat030_NoBatchDist,DTLZ1,10,30,125,357.5851702114713,20
REMO_UniformMix_Pruned_Weighted_Lambdat030_NoBatchDist,DTLZ1,10,30,126,357.5851702114713,20
REMO_UniformMix_Pruned_Weighted_Lambdat030_NoBatchDist,DTLZ1,10,30,127,357.5851702114713,20
REMO_UniformMix_Pruned_Weighted_Lambdat030_NoBatchDist,DTLZ1,10,30,128,357.5851702114713,20
REMO_UniformMix_Pruned_Weighted_Lambdat030_NoBatchDist,DTLZ1,10,30,129,357.5851702114713,20
REMO_UniformMix_Pruned_Weighted_Lambdat030_NoBatchDist,DTLZ1,10,30,130,353.34441296853595,20
REMO_UniformMix_Pruned_Weighted_Lambdat030_NoBatchDist,DTLZ1,10,30,131,353.34441296853595,20
REMO_UniformMix_Pruned_Weighted_Lambdat030_NoBatchDist,DTLZ1,10,30,132,353.34441296853595,20
REMO_UniformMix_Pruned_Weighted_Lambdat030_NoBatchDist,DTLZ1,10,30,133,353.34441296853595,20
REMO_UniformMix_Pruned_Weighted_Lambdat030_NoBatchDist,DTLZ1,10,30,134,353.34441296853595,20
REMO_UniformMix_Pruned_Weighted_Lambdat030_NoBatchDist,DTLZ1,10,30,135,353.34441296853595,20
REMO_UniformMix_Pruned_Weighted_Lambdat030_NoBatchDist,DTLZ1,10,30,136,343.0396342409794,20
REMO_UniformMix_Pruned_Weighted_Lambdat030_NoBatchDist,DTLZ1,10,30,137,343.0396342409794,20
REMO_UniformMix_Pruned_Weighted_Lambdat030_NoBatchDist,DTLZ1,10,30,138,343.0396342409794,20
REMO_UniformMix_Pruned_Weighted_Lambdat030_NoBatchDist,DTLZ1,10,30,139,343.0396342409794,20
REMO_UniformMix_Pruned_Weighted_Lambdat030_NoBatchDist,DTLZ1,10,30,140,343.0396342409794,20
REMO_UniformMix_Pruned_Weighted_Lambdat030_NoBatchDist,DTLZ1,10,30,141,343.0396342409794,20
REMO_UniformMix_Pruned_Weighted_Lambdat030_NoBatchDist,DTLZ1,10,30,142,328.73154977775306,20
REMO_UniformMix_Pruned_Weighted_Lambdat030_NoBatchDist,DTLZ1,10,30,143,328.73154977775306,20
REMO_UniformMix_Pruned_Weighted_Lambdat030_NoBatchDist,DTLZ1,10,30,144,328.73154977775306,20
REMO_UniformMix_Pruned_Weighted_Lambdat030_NoBatchDist,DTLZ1,10,30,145,328.73154977775306,20
REMO_UniformMix_Pruned_Weighted_Lambdat030_NoBatchDist,DTLZ1,10,30,146,328.73154977775306,20
REMO_UniformMix_Pruned_Weighted_Lambdat030_NoBatchDist,DTLZ1,10,30,147,328.73154977775306,20
REMO_UniformMix_Pruned_Weighted_Lambdat030_NoBatchDist,DTLZ1,10,30,148,318.06795566093155,20
REMO_UniformMix_Pruned_Weighted_Lambdat030_NoBatchDist,DTLZ1,10,30,149,318.06795566093155,20
REMO_UniformMix_Pruned_Weighted_Lambdat030_NoBatchDist,DTLZ1,10,30,150,318.06795566093155,20
REMO_UniformMix_Pruned_Weighted_Lambdat030_NoBatchDist,DTLZ1,10,30,151,318.06795566093155,20
REMO_UniformMix_Pruned_Weighted_Lambdat030_NoBatchDist,DTLZ1,10,30,152,318.06795566093155,20
REMO_UniformMix_Pruned_Weighted_Lambdat030_NoBatchDist,DTLZ1,10,30,153,318.06795566093155,20
REMO_UniformMix_Pruned_Weighted_Lambdat030_NoBatchDist,DTLZ1,10,30,154,318.06795566093155,20
REMO_UniformMix_Pruned_Weighted_Lambdat030_NoBatchDist,DTLZ1,10,30,155,318.06795566093155,20
REMO_UniformMix_Pruned_Weighted_Lambdat030_NoBatchDist,DTLZ1,10,30,156,318.06795566093155,20
REMO_UniformMix_Pruned_Weighted_Lambdat030_NoBatchDist,DTLZ1,10,30,157,318.06795566093155,20
REMO_UniformMix_Pruned_Weighted_Lambdat030_NoBatchDist,DTLZ1,10,30,158,318.06795566093155,20
REMO_UniformMix_Pruned_Weighted_Lambdat030_NoBatchDist,DTLZ1,10,30,159,318.06795566093155,20
REMO_UniformMix_Pruned_Weighted_Lambdat030_NoBatchDist,DTLZ1,10,30,160,318.06795566093155,20
REMO_UniformMix_Pruned_Weighted_Lambdat030_NoBatchDist,DTLZ1,10,30,161,318.06795566093155,20
REMO_UniformMix_Pruned_Weighted_Lambdat030_NoBatchDist,DTLZ1,10,30,162,318.06795566093155,20
REMO_UniformMix_Pruned_Weighted_Lambdat030_NoBatchDist,DTLZ1,10,30,163,318.06795566093155,20
REMO_UniformMix_Pruned_Weighted_Lambdat030_NoBatchDist,DTLZ1,10,30,164,318.06795566093155,20
REMO_UniformMix_Pruned_Weighted_Lambdat030_NoBatchDist,DTLZ1,10,30,165,318.06795566093155,20
REMO_UniformMix_Pruned_Weighted_Lambdat030_NoBatchDist,DTLZ1,10,30,166,294.20128749954847,20
REMO_UniformMix_Pruned_Weighted_Lambdat030_NoBatchDist,DTLZ1,10,30,167,294.20128749954847,20
REMO_UniformMix_Pruned_Weighted_Lambdat030_NoBatchDist,DTLZ1,10,30,168,294.20128749954847,20
REMO_UniformMix_Pruned_Weighted_Lambdat030_NoBatchDist,DTLZ1,10,30,169,294.20128749954847,20
REMO_UniformMix_Pruned_Weighted_Lambdat030_NoBatchDist,DTLZ1,10,30,170,294.20128749954847,20
REMO_UniformMix_Pruned_Weighted_Lambdat030_NoBatchDist,DTLZ1,10,30,171,294.20128749954847,20
REMO_UniformMix_Pruned_Weighted_Lambdat030_NoBatchDist,DTLZ1,10,30,172,294.20128749954847,20
REMO_UniformMix_Pruned_Weighted_Lambdat030_NoBatchDist,DTLZ1,10,30,173,294.20128749954847,20
REMO_UniformMix_Pruned_Weighted_Lambdat030_NoBatchDist,DTLZ1,10,30,174,294.20128749954847,20
REMO_UniformMix_Pruned_Weighted_Lambdat030_NoBatchDist,DTLZ1,10,30,175,294.20128749954847,20
REMO_UniformMix_Pruned_Weighted_Lambdat030_NoBatchDist,DTLZ1,10,30,176,294.20128749954847,20
REMO_UniformMix_Pruned_Weighted_Lambdat030_NoBatchDist,DTLZ1,10,30,177,294.20128749954847,20
REMO_UniformMix_Pruned_Weighted_Lambdat030_NoBatchDist,DTLZ1,10,30,178,284.9681546018468,20
REMO_UniformMix_Pruned_Weighted_Lambdat030_NoBatchDist,DTLZ1,10,30,179,284.9681546018468,20
REMO_UniformMix_Pruned_Weighted_Lambdat030_NoBatchDist,DTLZ1,10,30,180,284.9681546018468,20
REMO_UniformMix_Pruned_Weighted_Lambdat030_NoBatchDist,DTLZ1,10,30,181,284.9681546018468,20
REMO_UniformMix_Pruned_Weighted_Lambdat030_NoBatchDist,DTLZ1,10,30,182,284.9681546018468,20
REMO_UniformMix_Pruned_Weighted_Lambdat030_NoBatchDist,DTLZ1,10,30,183,284.9681546018468,20
REMO_UniformMix_Pruned_Weighted_Lambdat030_NoBatchDist,DTLZ1,10,30,184,284.9681546018468,20
REMO_UniformMix_Pruned_Weighted_Lambdat030_NoBatchDist,DTLZ1,10,30,185,284.9681546018468,20
REMO_UniformMix_Pruned_Weighted_Lambdat030_NoBatchDist,DTLZ1,10,30,186,284.9681546018468,20
REMO_UniformMix_Pruned_Weighted_Lambdat030_NoBatchDist,DTLZ1,10,30,187,284.9681546018468,20
REMO_UniformMix_Pruned_Weighted_Lambdat030_NoBatchDist,DTLZ1,10,30,188,284.9681546018468,20
REMO_UniformMix_Pruned_Weighted_Lambdat030_NoBatchDist,DTLZ1,10,30,189,284.9681546018468,20
REMO_UniformMix_Pruned_Weighted_Lambdat030_NoBatchDist,DTLZ1,10,30,190,284.9681546018468,20
REMO_UniformMix_Pruned_Weighted_Lambdat030_NoBatchDist,DTLZ1,10,30,191,284.9681546018468,20
REMO_UniformMix_Pruned_Weighted_Lambdat030_NoBatchDist,DTLZ1,10,30,192,284.9681546018468,20
REMO_UniformMix_Pruned_Weighted_Lambdat030_NoBatchDist,DTLZ1,10,30,193,284.9681546018468,20
REMO_UniformMix_Pruned_Weighted_Lambdat030_NoBatchDist,DTLZ1,10,30,194,284.9681546018468,20
REMO_UniformMix_Pruned_Weighted_Lambdat030_NoBatchDist,DTLZ1,10,30,195,284.9681546018468,20
REMO_UniformMix_Pruned_Weighted_Lambdat030_NoBatchDist,DTLZ1,10,30,196,262.4873309250419,20
REMO_UniformMix_Pruned_Weighted_Lambdat030_NoBatchDist,DTLZ1,10,30,197,262.4873309250419,20
REMO_UniformMix_Pruned_Weighted_Lambdat030_NoBatchDist,DTLZ1,10,30,198,262.4873309250419,20
REMO_UniformMix_Pruned_Weighted_Lambdat030_NoBatchDist,DTLZ1,10,30,199,262.4873309250419,20
REMO_UniformMix_Pruned_Weighted_Lambdat030_NoBatchDist,DTLZ1,10,30,200,262.4873309250419,20
REMO_UniformMix_Pruned_Weighted_Lambdat030_NoBatchDist,DTLZ1,10,30,201,262.4873309250419,20
REMO_UniformMix_Pruned_Weighted_Lambdat030_NoBatchDist,DTLZ1,10,30,202,262.4873309250419,20
REMO_UniformMix_Pruned_Weighted_Lambdat030_NoBatchDist,DTLZ1,10,30,203,262.4873309250419,20
REMO_UniformMix_Pruned_Weighted_Lambdat030_NoBatchDist,DTLZ1,10,30,204,262.4873309250419,20
REMO_UniformMix_Pruned_Weighted_Lambdat030_NoBatchDist,DTLZ1,10,30,205,262.4873309250419,20
REMO_UniformMix_Pruned_Weighted_Lambdat030_NoBatchDist,DTLZ1,10,30,206,262.4873309250419,20
REMO_UniformMix_Pruned_Weighted_Lambdat030_NoBatchDist,DTLZ1,10,30,207,262.4873309250419,20
REMO_UniformMix_Pruned_Weighted_Lambdat030_NoBatchDist,DTLZ1,10,30,208,262.4873309250419,20
REMO_UniformMix_Pruned_Weighted_Lambdat030_NoBatchDist,DTLZ1,10,30,209,262.4873309250419,20
REMO_UniformMix_Pruned_Weighted_Lambdat030_NoBatchDist,DTLZ1,10,30,210,262.4873309250419,20
REMO_UniformMix_Pruned_Weighted_Lambdat030_NoBatchDist,DTLZ1,10,30,211,262.4873309250419,20
REMO_UniformMix_Pruned_Weighted_Lambdat030_NoBatchDist,DTLZ1,10,30,212,262.4873309250419,20
REMO_UniformMix_Pruned_Weighted_Lambdat030_NoBatchDist,DTLZ1,10,30,213,262.4873309250419,20
REMO_UniformMix_Pruned_Weighted_Lambdat030_NoBatchDist,DTLZ1,10,30,214,253.92238937067958,20
REMO_UniformMix_Pruned_Weighted_Lambdat030_NoBatchDist,DTLZ1,10,30,215,253.92238937067958,20
REMO_UniformMix_Pruned_Weighted_Lambdat030_NoBatchDist,DTLZ1,10,30,216,253.92238937067958,20
REMO_UniformMix_Pruned_Weighted_Lambdat030_NoBatchDist,DTLZ1,10,30,217,253.92238937067958,20
REMO_UniformMix_Pruned_Weighted_Lambdat030_NoBatchDist,DTLZ1,10,30,218,253.92238937067958,20
REMO_UniformMix_Pruned_Weighted_Lambdat030_NoBatchDist,DTLZ1,10,30,219,253.92238937067958,20
REMO_UniformMix_Pruned_Weighted_Lambdat030_NoBatchDist,DTLZ1,10,30,220,253.92238937067958,20
REMO_UniformMix_Pruned_Weighted_Lambdat030_NoBatchDist,DTLZ1,10,30,221,253.92238937067958,20
REMO_UniformMix_Pruned_Weighted_Lambdat030_NoBatchDist,DTLZ1,10,30,222,253.92238937067958,20
REMO_UniformMix_Pruned_Weighted_Lambdat030_NoBatchDist,DTLZ1,10,30,223,253.92238937067958,20
REMO_UniformMix_Pruned_Weighted_Lambdat030_NoBatchDist,DTLZ1,10,30,224,253.92238937067958,20
REMO_UniformMix_Pruned_Weighted_Lambdat030_NoBatchDist,DTLZ1,10,30,225,253.92238937067958,20
REMO_UniformMix_Pruned_Weighted_Lambdat030_NoBatchDist,DTLZ1,10,30,226,253.92238937067958,20
REMO_UniformMix_Pruned_Weighted_Lambdat030_NoBatchDist,DTLZ1,10,30,227,253.92238937067958,20
REMO_UniformMix_Pruned_Weighted_Lambdat030_NoBatchDist,DTLZ1,10,30,228,253.92238937067958,20
REMO_UniformMix_Pruned_Weighted_Lambdat030_NoBatchDist,DTLZ1,10,30,229,253.92238937067958,20
REMO_UniformMix_Pruned_Weighted_Lambdat030_NoBatchDist,DTLZ1,10,30,230,253.92238937067958,20
REMO_UniformMix_Pruned_Weighted_Lambdat030_NoBatchDist,DTLZ1,10,30,231,253.92238937067958,20
REMO_UniformMix_Pruned_Weighted_Lambdat030_NoBatchDist,DTLZ1,10,30,232,241.04329548138224,20
REMO_UniformMix_Pruned_Weighted_Lambdat030_NoBatchDist,DTLZ1,10,30,233,241.04329548138224,20
REMO_UniformMix_Pruned_Weighted_Lambdat030_NoBatchDist,DTLZ1,10,30,234,241.04329548138224,20
REMO_UniformMix_Pruned_Weighted_Lambdat030_NoBatchDist,DTLZ1,10,30,235,241.04329548138224,20
REMO_UniformMix_Pruned_Weighted_Lambdat030_NoBatchDist,DTLZ1,10,30,236,241.04329548138224,20
REMO_UniformMix_Pruned_Weighted_Lambdat030_NoBatchDist,DTLZ1,10,30,237,241.04329548138224,20
REMO_UniformMix_Pruned_Weighted_Lambdat030_NoBatchDist,DTLZ1,10,30,238,241.04329548138224,20
REMO_UniformMix_Pruned_Weighted_Lambdat030_NoBatchDist,DTLZ1,10,30,239,241.04329548138224,20
REMO_UniformMix_Pruned_Weighted_Lambdat030_NoBatchDist,DTLZ1,10,30,240,241.04329548138224,20
REMO_UniformMix_Pruned_Weighted_Lambdat030_NoBatchDist,DTLZ1,10,30,241,241.04329548138224,20
REMO_UniformMix_Pruned_Weighted_Lambdat030_NoBatchDist,DTLZ1,10,30,242,241.04329548138224,20
REMO_UniformMix_Pruned_Weighted_Lambdat030_NoBatchDist,DTLZ1,10,30,243,241.04329548138224,20
REMO_UniformMix_Pruned_Weighted_Lambdat030_NoBatchDist,DTLZ1,10,30,244,241.04329548138224,20
REMO_UniformMix_Pruned_Weighted_Lambdat030_NoBatchDist,DTLZ1,10,30,245,241.04329548138224,20
REMO_UniformMix_Pruned_Weighted_Lambdat030_NoBatchDist,DTLZ1,10,30,246,241.04329548138224,20
REMO_UniformMix_Pruned_Weighted_Lambdat030_NoBatchDist,DTLZ1,10,30,247,241.04329548138224,20
REMO_UniformMix_Pruned_Weighted_Lambdat030_NoBatchDist,DTLZ1,10,30,248,241.04329548138224,20
REMO_UniformMix_Pruned_Weighted_Lambdat030_NoBatchDist,DTLZ1,10,30,249,241.04329548138224,20
REMO_UniformMix_Pruned_Weighted_Lambdat030_NoBatchDist,DTLZ1,10,30,250,231.65562391587915,20
REMO_UniformMix_Pruned_Weighted_Lambdat030_NoBatchDist,DTLZ1,10,30,251,231.65562391587915,20
REMO_UniformMix_Pruned_Weighted_Lambdat030_NoBatchDist,DTLZ1,10,30,252,231.65562391587915,20
REMO_UniformMix_Pruned_Weighted_Lambdat030_NoBatchDist,DTLZ1,10,30,253,231.65562391587915,20
REMO_UniformMix_Pruned_Weighted_Lambdat030_NoBatchDist,DTLZ1,10,30,254,231.65562391587915,20
REMO_UniformMix_Pruned_Weighted_Lambdat030_NoBatchDist,DTLZ1,10,30,255,231.65562391587915,20
REMO_UniformMix_Pruned_Weighted_Lambdat030_NoBatchDist,DTLZ1,10,30,256,231.65562391587915,20
REMO_UniformMix_Pruned_Weighted_Lambdat030_NoBatchDist,DTLZ1,10,30,257,231.65562391587915,20
REMO_UniformMix_Pruned_Weighted_Lambdat030_NoBatchDist,DTLZ1,10,30,258,231.65562391587915,20
REMO_UniformMix_Pruned_Weighted_Lambdat030_NoBatchDist,DTLZ1,10,30,259,231.65562391587915,20
REMO_UniformMix_Pruned_Weighted_Lambdat030_NoBatchDist,DTLZ1,10,30,260,231.65562391587915,20
REMO_UniformMix_Pruned_Weighted_Lambdat030_NoBatchDist,DTLZ1,10,30,261,231.65562391587915,20
REMO_UniformMix_Pruned_Weighted_Lambdat030_NoBatchDist,DTLZ1,10,30,262,227.89365060732263,20
REMO_UniformMix_Pruned_Weighted_Lambdat030_NoBatchDist,DTLZ1,10,30,263,227.89365060732263,20
REMO_UniformMix_Pruned_Weighted_Lambdat030_NoBatchDist,DTLZ1,10,30,264,227.89365060732263,20
REMO_UniformMix_Pruned_Weighted_Lambdat030_NoBatchDist,DTLZ1,10,30,265,227.89365060732263,20
REMO_UniformMix_Pruned_Weighted_Lambdat030_NoBatchDist,DTLZ1,10,30,266,227.89365060732263,20
REMO_UniformMix_Pruned_Weighted_Lambdat030_NoBatchDist,DTLZ1,10,30,267,227.89365060732263,20
REMO_UniformMix_Pruned_Weighted_Lambdat030_NoBatchDist,DTLZ1,10,30,268,227.89365060732263,20
REMO_UniformMix_Pruned_Weighted_Lambdat030_NoBatchDist,DTLZ1,10,30,269,227.89365060732263,20
REMO_UniformMix_Pruned_Weighted_Lambdat030_NoBatchDist,DTLZ1,10,30,270,227.89365060732263,20
REMO_UniformMix_Pruned_Weighted_Lambdat030_NoBatchDist,DTLZ1,10,30,271,227.89365060732263,20
REMO_UniformMix_Pruned_Weighted_Lambdat030_NoBatchDist,DTLZ1,10,30,272,227.89365060732263,20
REMO_UniformMix_Pruned_Weighted_Lambdat030_NoBatchDist,DTLZ1,10,30,273,227.89365060732263,20
REMO_UniformMix_Pruned_Weighted_Lambdat030_NoBatchDist,DTLZ1,10,30,274,227.89365060732263,20
REMO_UniformMix_Pruned_Weighted_Lambdat030_NoBatchDist,DTLZ1,10,30,275,227.89365060732263,20
REMO_UniformMix_Pruned_Weighted_Lambdat030_NoBatchDist,DTLZ1,10,30,276,227.89365060732263,20
REMO_UniformMix_Pruned_Weighted_Lambdat030_NoBatchDist,DTLZ1,10,30,277,227.89365060732263,20
REMO_UniformMix_Pruned_Weighted_Lambdat030_NoBatchDist,DTLZ1,10,30,278,227.89365060732263,20
REMO_UniformMix_Pruned_Weighted_Lambdat030_NoBatchDist,DTLZ1,10,30,279,227.89365060732263,20
REMO_UniformMix_Pruned_Weighted_Lambdat030_NoBatchDist,DTLZ1,10,30,280,222.0896748618348,20
REMO_UniformMix_Pruned_Weighted_Lambdat030_NoBatchDist,DTLZ1,10,30,281,222.0896748618348,20
REMO_UniformMix_Pruned_Weighted_Lambdat030_NoBatchDist,DTLZ1,10,30,282,222.0896748618348,20
REMO_UniformMix_Pruned_Weighted_Lambdat030_NoBatchDist,DTLZ1,10,30,283,222.0896748618348,20
REMO_UniformMix_Pruned_Weighted_Lambdat030_NoBatchDist,DTLZ1,10,30,284,222.0896748618348,20
REMO_UniformMix_Pruned_Weighted_Lambdat030_NoBatchDist,DTLZ1,10,30,285,222.0896748618348,20
REMO_UniformMix_Pruned_Weighted_Lambdat030_NoBatchDist,DTLZ1,10,30,286,222.0896748618348,20
REMO_UniformMix_Pruned_Weighted_Lambdat030_NoBatchDist,DTLZ1,10,30,287,222.0896748618348,20
REMO_UniformMix_Pruned_Weighted_Lambdat030_NoBatchDist,DTLZ1,10,30,288,222.0896748618348,20
REMO_UniformMix_Pruned_Weighted_Lambdat030_NoBatchDist,DTLZ1,10,30,289,222.0896748618348,20
REMO_UniformMix_Pruned_Weighted_Lambdat030_NoBatchDist,DTLZ1,10,30,290,222.0896748618348,20
REMO_UniformMix_Pruned_Weighted_Lambdat030_NoBatchDist,DTLZ1,10,30,291,222.0896748618348,20
REMO_UniformMix_Pruned_Weighted_Lambdat030_NoBatchDist,DTLZ1,10,30,292,222.0896748618348,20
REMO_UniformMix_Pruned_Weighted_Lambdat030_NoBatchDist,DTLZ1,10,30,293,222.0896748618348,20
REMO_UniformMix_Pruned_Weighted_Lambdat030_NoBatchDist,DTLZ1,10,30,294,222.0896748618348,20
REMO_UniformMix_Pruned_Weighted_Lambdat030_NoBatchDist,DTLZ1,10,30,295,222.0896748618348,20
REMO_UniformMix_Pruned_Weighted_Lambdat030_NoBatchDist,DTLZ1,10,30,296,222.0896748618348,20
REMO_UniformMix_Pruned_Weighted_Lambdat030_NoBatchDist,DTLZ1,10,30,297,222.0896748618348,20
REMO_UniformMix_Pruned_Weighted_Lambdat030_NoBatchDist,DTLZ1,10,30,298,210.58379197734766,20
REMO_UniformMix_Pruned_Weighted_Lambdat030_NoBatchDist,DTLZ1,10,30,299,210.58379197734766,20
REMO_UniformMix_Pruned_Weighted_Lambdat030_NoBatchDist,DTLZ1,10,30,300,210.58379197734766,20
REMO_UniformMix_Pruned_Weighted_Lambdat030_NoBatchDist,DTLZ1,10,30,301,210.58379197734766,20
REMO_UniformMix_Pruned_Weighted_Lambdat030_NoBatchDist,DTLZ1,10,30,302,210.58379197734766,20
REMO_UniformMix_Pruned_Weighted_Lambdat030_NoBatchDist,DTLZ1,10,30,303,210.58379197734766,20
REMO_UniformMix_Pruned_Weighted_Lambdat030_NoBatchDist,DTLZ1,10,30,304,210.58379197734766,20
REMO_UniformMix_Pruned_Weighted_Lambdat030_NoBatchDist,DTLZ1,10,30,305,210.58379197734766,20
REMO_UniformMix_Pruned_Weighted_Lambdat030_NoBatchDist,DTLZ1,10,30,306,210.58379197734766,20
REMO_UniformMix_Pruned_Weighted_Lambdat030_NoBatchDist,DTLZ1,10,30,307,210.58379197734766,20
REMO_UniformMix_Pruned_Weighted_Lambdat030_NoBatchDist,DTLZ1,10,30,308,210.58379197734766,20
REMO_UniformMix_Pruned_Weighted_Lambdat030_NoBatchDist,DTLZ1,10,30,309,210.58379197734766,20
REMO_UniformMix_Pruned_Weighted_Lambdat030_NoBatchDist,DTLZ1,10,30,310,210.58379197734766,20
REMO_UniformMix_Pruned_Weighted_Lambdat030_NoBatchDist,DTLZ1,10,30,311,210.58379197734766,20
REMO_UniformMix_Pruned_Weighted_Lambdat030_NoBatchDist,DTLZ1,10,30,312,210.58379197734766,20
REMO_UniformMix_Pruned_Weighted_Lambdat030_NoBatchDist,DTLZ1,10,30,313,210.58379197734766,20
REMO_UniformMix_Pruned_Weighted_Lambdat030_NoBatchDist,DTLZ1,10,30,314,210.58379197734766,20
REMO_UniformMix_Pruned_Weighted_Lambdat030_NoBatchDist,DTLZ1,10,30,315,210.58379197734766,20
REMO_UniformMix_Pruned_Weighted_Lambdat030_NoBatchDist,DTLZ1,10,30,316,203.07284234192963,20
REMO_UniformMix_Pruned_Weighted_Lambdat030_NoBatchDist,DTLZ1,10,30,317,203.07284234192963,20
REMO_UniformMix_Pruned_Weighted_Lambdat030_NoBatchDist,DTLZ1,10,30,318,203.07284234192963,20
REMO_UniformMix_Pruned_Weighted_Lambdat030_NoBatchDist,DTLZ1,10,30,319,203.07284234192963,20
REMO_UniformMix_Pruned_Weighted_Lambdat030_NoBatchDist,DTLZ1,10,30,320,203.07284234192963,20
REMO_UniformMix_Pruned_Weighted_Lambdat030_NoBatchDist,DTLZ1,10,30,321,203.07284234192963,20
REMO_UniformMix_Pruned_Weighted_Lambdat030_NoBatchDist,DTLZ1,10,30,322,203.07284234192963,20
REMO_UniformMix_Pruned_Weighted_Lambdat030_NoBatchDist,DTLZ1,10,30,323,203.07284234192963,20
REMO_UniformMix_Pruned_Weighted_Lambdat030_NoBatchDist,DTLZ1,10,30,324,203.07284234192963,20
REMO_UniformMix_Pruned_Weighted_Lambdat030_NoBatchDist,DTLZ1,10,30,325,203.07284234192963,20
REMO_UniformMix_Pruned_Weighted_Lambdat030_NoBatchDist,DTLZ1,10,30,326,203.07284234192963,20
REMO_UniformMix_Pruned_Weighted_Lambdat030_NoBatchDist,DTLZ1,10,30,327,203.07284234192963,20
REMO_UniformMix_Pruned_Weighted_Lambdat030_NoBatchDist,DTLZ1,10,30,328,201.81985563511958,20
REMO_UniformMix_Pruned_Weighted_Lambdat030_NoBatchDist,DTLZ1,10,30,329,201.81985563511958,20
REMO_UniformMix_Pruned_Weighted_Lambdat030_NoBatchDist,DTLZ1,10,30,330,201.81985563511958,20
REMO_UniformMix_Pruned_Weighted_Lambdat030_NoBatchDist,DTLZ1,10,30,331,201.81985563511958,20
REMO_UniformMix_Pruned_Weighted_Lambdat030_NoBatchDist,DTLZ1,10,30,332,201.81985563511958,20
REMO_UniformMix_Pruned_Weighted_Lambdat030_NoBatchDist,DTLZ1,10,30,333,201.81985563511958,20
REMO_UniformMix_Pruned_Weighted_Lambdat030_NoBatchDist,DTLZ1,10,30,334,201.81985563511958,20
REMO_UniformMix_Pruned_Weighted_Lambdat030_NoBatchDist,DTLZ1,10,30,335,201.81985563511958,20
REMO_UniformMix_Pruned_Weighted_Lambdat030_NoBatchDist,DTLZ1,10,30,336,201.81985563511958,20
REMO_UniformMix_Pruned_Weighted_Lambdat030_NoBatchDist,DTLZ1,10,30,337,201.81985563511958,20
REMO_UniformMix_Pruned_Weighted_Lambdat030_NoBatchDist,DTLZ1,10,30,338,201.81985563511958,20
REMO_UniformMix_Pruned_Weighted_Lambdat030_NoBatchDist,DTLZ1,10,30,339,201.81985563511958,20
REMO_UniformMix_Pruned_Weighted_Lambdat030_NoBatchDist,DTLZ1,10,30,340,201.81985563511958,20
REMO_UniformMix_Pruned_Weighted_Lambdat030_NoBatchDist,DTLZ1,10,30,341,201.81985563511958,20
REMO_UniformMix_Pruned_Weighted_Lambdat030_NoBatchDist,DTLZ1,10,30,342,201.81985563511958,20
REMO_UniformMix_Pruned_Weighted_Lambdat030_NoBatchDist,DTLZ1,10,30,343,201.81985563511958,20
REMO_UniformMix_Pruned_Weighted_Lambdat030_NoBatchDist,DTLZ1,10,30,344,201.81985563511958,20
REMO_UniformMix_Pruned_Weighted_Lambdat030_NoBatchDist,DTLZ1,10,30,345,201.81985563511958,20
REMO_UniformMix_Pruned_Weighted_Lambdat030_NoBatchDist,DTLZ1,10,30,346,188.6549483786344,20
REMO_UniformMix_Pruned_Weighted_Lambdat030_NoBatchDist,DTLZ1,10,30,347,188.6549483786344,20
REMO_UniformMix_Pruned_Weighted_Lambdat030_NoBatchDist,DTLZ1,10,30,348,188.6549483786344,20
REMO_UniformMix_Pruned_Weighted_Lambdat030_NoBatchDist,DTLZ1,10,30,349,188.6549483786344,20
REMO_UniformMix_Pruned_Weighted_Lambdat030_NoBatchDist,DTLZ1,10,30,350,188.6549483786344,20
REMO_UniformMix_Pruned_Weighted_Lambdat030_NoBatchDist,DTLZ1,10,30,351,188.6549483786344,20
REMO_UniformMix_Pruned_Weighted_Lambdat030_NoBatchDist,DTLZ1,10,30,352,188.6549483786344,20
REMO_UniformMix_Pruned_Weighted_Lambdat030_NoBatchDist,DTLZ1,10,30,353,188.6549483786344,20
REMO_UniformMix_Pruned_Weighted_Lambdat030_NoBatchDist,DTLZ1,10,30,354,188.6549483786344,20
REMO_UniformMix_Pruned_Weighted_Lambdat030_NoBatchDist,DTLZ1,10,30,355,188.6549483786344,20
REMO_UniformMix_Pruned_Weighted_Lambdat030_NoBatchDist,DTLZ1,10,30,356,188.6549483786344,20
REMO_UniformMix_Pruned_Weighted_Lambdat030_NoBatchDist,DTLZ1,10,30,357,188.6549483786344,20
REMO_UniformMix_Pruned_Weighted_Lambdat030_NoBatchDist,DTLZ1,10,30,358,188.6549483786344,20
REMO_UniformMix_Pruned_Weighted_Lambdat030_NoBatchDist,DTLZ1,10,30,359,188.6549483786344,20
REMO_UniformMix_Pruned_Weighted_Lambdat030_NoBatchDist,DTLZ1,10,30,360,188.6549483786344,20
REMO_UniformMix_Pruned_Weighted_Lambdat030_NoBatchDist,DTLZ1,10,30,361,188.6549483786344,20
REMO_UniformMix_Pruned_Weighted_Lambdat030_NoBatchDist,DTLZ1,10,30,362,188.6549483786344,20
REMO_UniformMix_Pruned_Weighted_Lambdat030_NoBatchDist,DTLZ1,10,30,363,188.6549483786344,20
REMO_UniformMix_Pruned_Weighted_Lambdat030_NoBatchDist,DTLZ1,10,30,364,186.75282839952789,20
REMO_UniformMix_Pruned_Weighted_Lambdat030_NoBatchDist,DTLZ1,10,30,365,186.75282839952789,20
REMO_UniformMix_Pruned_Weighted_Lambdat030_NoBatchDist,DTLZ1,10,30,366,186.75282839952789,20
REMO_UniformMix_Pruned_Weighted_Lambdat030_NoBatchDist,DTLZ1,10,30,367,186.75282839952789,20
REMO_UniformMix_Pruned_Weighted_Lambdat030_NoBatchDist,DTLZ1,10,30,368,186.75282839952789,20
REMO_UniformMix_Pruned_Weighted_Lambdat030_NoBatchDist,DTLZ1,10,30,369,186.75282839952789,20
REMO_UniformMix_Pruned_Weighted_Lambdat030_NoBatchDist,DTLZ1,10,30,370,186.75282839952789,20
REMO_UniformMix_Pruned_Weighted_Lambdat030_NoBatchDist,DTLZ1,10,30,371,186.75282839952789,20
REMO_UniformMix_Pruned_Weighted_Lambdat030_NoBatchDist,DTLZ1,10,30,372,186.75282839952789,20
REMO_UniformMix_Pruned_Weighted_Lambdat030_NoBatchDist,DTLZ1,10,30,373,186.75282839952789,20
REMO_UniformMix_Pruned_Weighted_Lambdat030_NoBatchDist,DTLZ1,10,30,374,186.75282839952789,20
REMO_UniformMix_Pruned_Weighted_Lambdat030_NoBatchDist,DTLZ1,10,30,375,186.75282839952789,20
REMO_UniformMix_Pruned_Weighted_Lambdat030_NoBatchDist,DTLZ1,10,30,376,186.75282839952789,20
REMO_UniformMix_Pruned_Weighted_Lambdat030_NoBatchDist,DTLZ1,10,30,377,186.75282839952789,20
REMO_UniformMix_Pruned_Weighted_Lambdat030_NoBatchDist,DTLZ1,10,30,378,186.75282839952789,20
REMO_UniformMix_Pruned_Weighted_Lambdat030_NoBatchDist,DTLZ1,10,30,379,186.75282839952789,20
REMO_UniformMix_Pruned_Weighted_Lambdat030_NoBatchDist,DTLZ1,10,30,380,186.75282839952789,20
REMO_UniformMix_Pruned_Weighted_Lambdat030_NoBatchDist,DTLZ1,10,30,381,186.75282839952789,20
REMO_UniformMix_Pruned_Weighted_Lambdat030_NoBatchDist,DTLZ1,10,30,382,177.63274170768457,20
REMO_UniformMix_Pruned_Weighted_Lambdat030_NoBatchDist,DTLZ1,10,30,383,177.63274170768457,20
REMO_UniformMix_Pruned_Weighted_Lambdat030_NoBatchDist,DTLZ1,10,30,384,177.63274170768457,20
REMO_UniformMix_Pruned_Weighted_Lambdat030_NoBatchDist,DTLZ1,10,30,385,177.63274170768457,20
REMO_UniformMix_Pruned_Weighted_Lambdat030_NoBatchDist,DTLZ1,10,30,386,177.63274170768457,20
REMO_UniformMix_Pruned_Weighted_Lambdat030_NoBatchDist,DTLZ1,10,30,387,177.63274170768457,20
REMO_UniformMix_Pruned_Weighted_Lambdat030_NoBatchDist,DTLZ1,10,30,388,177.63274170768457,20
REMO_UniformMix_Pruned_Weighted_Lambdat030_NoBatchDist,DTLZ1,10,30,389,177.63274170768457,20
REMO_UniformMix_Pruned_Weighted_Lambdat030_NoBatchDist,DTLZ1,10,30,390,177.63274170768457,20
REMO_UniformMix_Pruned_Weighted_Lambdat030_NoBatchDist,DTLZ1,10,30,391,177.63274170768457,20
REMO_UniformMix_Pruned_Weighted_Lambdat030_NoBatchDist,DTLZ1,10,30,392,177.63274170768457,20
REMO_UniformMix_Pruned_Weighted_Lambdat030_NoBatchDist,DTLZ1,10,30,393,177.63274170768457,20
REMO_UniformMix_Pruned_Weighted_Lambdat030_NoBatchDist,DTLZ1,10,30,394,177.63274170768457,20
REMO_UniformMix_Pruned_Weighted_Lambdat030_NoBatchDist,DTLZ1,10,30,395,177.63274170768457,20
REMO_UniformMix_Pruned_Weighted_Lambdat030_NoBatchDist,DTLZ1,10,30,396,177.63274170768457,20
REMO_UniformMix_Pruned_Weighted_Lambdat030_NoBatchDist,DTLZ1,10,30,397,177.63274170768457,20
REMO_UniformMix_Pruned_Weighted_Lambdat030_NoBatchDist,DTLZ1,10,30,398,177.63274170768457,20
REMO_UniformMix_Pruned_Weighted_Lambdat030_NoBatchDist,DTLZ1,10,30,399,177.63274170768457,20
REMO_UniformMix_Pruned_Weighted_Lambdat030_NoBatchDist,DTLZ1,10,30,400,167.1315276803697,20
REMO_UniformMix_Pruned_Weighted_Lambdat030_NoBatchDist,DTLZ1,10,30,401,167.1315276803697,20
REMO_UniformMix_Pruned_Weighted_Lambdat030_NoBatchDist,DTLZ1,10,30,402,167.1315276803697,20
REMO_UniformMix_Pruned_Weighted_Lambdat030_NoBatchDist,DTLZ1,10,30,403,167.1315276803697,20
REMO_UniformMix_Pruned_Weighted_Lambdat030_NoBatchDist,DTLZ1,10,30,404,167.1315276803697,20
REMO_UniformMix_Pruned_Weighted_Lambdat030_NoBatchDist,DTLZ1,10,30,405,167.1315276803697,20
REMO_UniformMix_Pruned_Weighted_Lambdat030_NoBatchDist,DTLZ1,10,30,406,167.1315276803697,20
REMO_UniformMix_Pruned_Weighted_Lambdat030_NoBatchDist,DTLZ1,10,30,407,167.1315276803697,20
REMO_UniformMix_Pruned_Weighted_Lambdat030_NoBatchDist,DTLZ1,10,30,408,167.1315276803697,20
REMO_UniformMix_Pruned_Weighted_Lambdat030_NoBatchDist,DTLZ1,10,30,409,167.1315276803697,20
REMO_UniformMix_Pruned_Weighted_Lambdat030_NoBatchDist,DTLZ1,10,30,410,167.1315276803697,20
REMO_UniformMix_Pruned_Weighted_Lambdat030_NoBatchDist,DTLZ1,10,30,411,167.1315276803697,20
REMO_UniformMix_Pruned_Weighted_Lambdat030_NoBatchDist,DTLZ1,10,30,412,165.06919729694724,20
REMO_UniformMix_Pruned_Weighted_Lambdat030_NoBatchDist,DTLZ1,10,30,413,165.06919729694724,20
REMO_UniformMix_Pruned_Weighted_Lambdat030_NoBatchDist,DTLZ1,10,30,414,165.06919729694724,20
REMO_UniformMix_Pruned_Weighted_Lambdat030_NoBatchDist,DTLZ1,10,30,415,165.06919729694724,20
REMO_UniformMix_Pruned_Weighted_Lambdat030_NoBatchDist,DTLZ1,10,30,416,165.06919729694724,20
REMO_UniformMix_Pruned_Weighted_Lambdat030_NoBatchDist,DTLZ1,10,30,417,165.06919729694724,20
REMO_UniformMix_Pruned_Weighted_Lambdat030_NoBatchDist,DTLZ1,10,30,418,165.06919729694724,20
REMO_UniformMix_Pruned_Weighted_Lambdat030_NoBatchDist,DTLZ1,10,30,419,165.06919729694724,20
REMO_UniformMix_Pruned_Weighted_Lambdat030_NoBatchDist,DTLZ1,10,30,420,165.06919729694724,20
REMO_UniformMix_Pruned_Weighted_Lambdat030_NoBatchDist,DTLZ1,10,30,421,165.06919729694724,20
REMO_UniformMix_Pruned_Weighted_Lambdat030_NoBatchDist,DTLZ1,10,30,422,165.06919729694724,20
REMO_UniformMix_Pruned_Weighted_Lambdat030_NoBatchDist,DTLZ1,10,30,423,165.06919729694724,20
REMO_UniformMix_Pruned_Weighted_Lambdat030_NoBatchDist,DTLZ1,10,30,424,165.06919729694724,20
REMO_UniformMix_Pruned_Weighted_Lambdat030_NoBatchDist,DTLZ1,10,30,425,165.06919729694724,20
REMO_UniformMix_Pruned_Weighted_Lambdat030_NoBatchDist,DTLZ1,10,30,426,165.06919729694724,20
REMO_UniformMix_Pruned_Weighted_Lambdat030_NoBatchDist,DTLZ1,10,30,427,165.06919729694724,20
REMO_UniformMix_Pruned_Weighted_Lambdat030_NoBatchDist,DTLZ1,10,30,428,165.06919729694724,20
REMO_UniformMix_Pruned_Weighted_Lambdat030_NoBatchDist,DTLZ1,10,30,429,165.06919729694724,20
REMO_UniformMix_Pruned_Weighted_Lambdat030_NoBatchDist,DTLZ1,10,30,430,158.67252195676247,20
REMO_UniformMix_Pruned_Weighted_Lambdat030_NoBatchDist,DTLZ1,10,30,431,158.67252195676247,20
REMO_UniformMix_Pruned_Weighted_Lambdat030_NoBatchDist,DTLZ1,10,30,432,158.67252195676247,20
REMO_UniformMix_Pruned_Weighted_Lambdat030_NoBatchDist,DTLZ1,10,30,433,158.67252195676247,20
REMO_UniformMix_Pruned_Weighted_Lambdat030_NoBatchDist,DTLZ1,10,30,434,158.67252195676247,20
REMO_UniformMix_Pruned_Weighted_Lambdat030_NoBatchDist,DTLZ1,10,30,435,158.67252195676247,20
REMO_UniformMix_Pruned_Weighted_Lambdat030_NoBatchDist,DTLZ1,10,30,436,158.67252195676247,20
REMO_UniformMix_Pruned_Weighted_Lambdat030_NoBatchDist,DTLZ1,10,30,437,158.67252195676247,20
REMO_UniformMix_Pruned_Weighted_Lambdat030_NoBatchDist,DTLZ1,10,30,438,158.67252195676247,20
REMO_UniformMix_Pruned_Weighted_Lambdat030_NoBatchDist,DTLZ1,10,30,439,158.67252195676247,20
REMO_UniformMix_Pruned_Weighted_Lambdat030_NoBatchDist,DTLZ1,10,30,440,158.67252195676247,20
REMO_UniformMix_Pruned_Weighted_Lambdat030_NoBatchDist,DTLZ1,10,30,441,158.67252195676247,20
REMO_UniformMix_Pruned_Weighted_Lambdat030_NoBatchDist,DTLZ1,10,30,442,158.67252195676247,20
REMO_UniformMix_Pruned_Weighted_Lambdat030_NoBatchDist,DTLZ1,10,30,443,158.67252195676247,20
REMO_UniformMix_Pruned_Weighted_Lambdat030_NoBatchDist,DTLZ1,10,30,444,158.67252195676247,20
REMO_UniformMix_Pruned_Weighted_Lambdat030_NoBatchDist,DTLZ1,10,30,445,158.67252195676247,20
REMO_UniformMix_Pruned_Weighted_Lambdat030_NoBatchDist,DTLZ1,10,30,446,158.67252195676247,20
REMO_UniformMix_Pruned_Weighted_Lambdat030_NoBatchDist,DTLZ1,10,30,447,158.67252195676247,20
REMO_UniformMix_Pruned_Weighted_Lambdat030_NoBatchDist,DTLZ1,10,30,448,151.24701680440018,20
REMO_UniformMix_Pruned_Weighted_Lambdat030_NoBatchDist,DTLZ1,10,30,449,151.24701680440018,20
REMO_UniformMix_Pruned_Weighted_Lambdat030_NoBatchDist,DTLZ1,10,30,450,151.24701680440018,20
REMO_UniformMix_Pruned_Weighted_Lambdat030_NoBatchDist,DTLZ1,10,30,451,151.24701680440018,20
REMO_UniformMix_Pruned_Weighted_Lambdat030_NoBatchDist,DTLZ1,10,30,452,151.24701680440018,20
REMO_UniformMix_Pruned_Weighted_Lambdat030_NoBatchDist,DTLZ1,10,30,453,151.24701680440018,20
REMO_UniformMix_Pruned_Weighted_Lambdat030_NoBatchDist,DTLZ1,10,30,454,151.24701680440018,20
REMO_UniformMix_Pruned_Weighted_Lambdat030_NoBatchDist,DTLZ1,10,30,455,151.24701680440018,20
REMO_UniformMix_Pruned_Weighted_Lambdat030_NoBatchDist,DTLZ1,10,30,456,151.24701680440018,20
REMO_UniformMix_Pruned_Weighted_Lambdat030_NoBatchDist,DTLZ1,10,30,457,151.24701680440018,20
REMO_UniformMix_Pruned_Weighted_Lambdat030_NoBatchDist,DTLZ1,10,30,458,151.24701680440018,20
REMO_UniformMix_Pruned_Weighted_Lambdat030_NoBatchDist,DTLZ1,10,30,459,151.24701680440018,20
REMO_UniformMix_Pruned_Weighted_Lambdat030_NoBatchDist,DTLZ1,10,30,460,151.24701680440018,20
REMO_UniformMix_Pruned_Weighted_Lambdat030_NoBatchDist,DTLZ1,10,30,461,151.24701680440018,20
REMO_UniformMix_Pruned_Weighted_Lambdat030_NoBatchDist,DTLZ1,10,30,462,151.24701680440018,20
REMO_UniformMix_Pruned_Weighted_Lambdat030_NoBatchDist,DTLZ1,10,30,463,151.24701680440018,20
REMO_UniformMix_Pruned_Weighted_Lambdat030_NoBatchDist,DTLZ1,10,30,464,151.24701680440018,20
REMO_UniformMix_Pruned_Weighted_Lambdat030_NoBatchDist,DTLZ1,10,30,465,151.24701680440018,20
REMO_UniformMix_Pruned_Weighted_Lambdat030_NoBatchDist,DTLZ1,10,30,466,144.79107846006855,20
REMO_UniformMix_Pruned_Weighted_Lambdat030_NoBatchDist,DTLZ1,10,30,467,144.79107846006855,20
REMO_UniformMix_Pruned_Weighted_Lambdat030_NoBatchDist,DTLZ1,10,30,468,144.79107846006855,20
REMO_UniformMix_Pruned_Weighted_Lambdat030_NoBatchDist,DTLZ1,10,30,469,144.79107846006855,20
REMO_UniformMix_Pruned_Weighted_Lambdat030_NoBatchDist,DTLZ1,10,30,470,144.79107846006855,20
REMO_UniformMix_Pruned_Weighted_Lambdat030_NoBatchDist,DTLZ1,10,30,471,144.79107846006855,20
REMO_UniformMix_Pruned_Weighted_Lambdat030_NoBatchDist,DTLZ1,10,30,472,144.79107846006855,20
REMO_UniformMix_Pruned_Weighted_Lambdat030_NoBatchDist,DTLZ1,10,30,473,144.79107846006855,20
REMO_UniformMix_Pruned_Weighted_Lambdat030_NoBatchDist,DTLZ1,10,30,474,144.79107846006855,20
REMO_UniformMix_Pruned_Weighted_Lambdat030_NoBatchDist,DTLZ1,10,30,475,144.79107846006855,20
REMO_UniformMix_Pruned_Weighted_Lambdat030_NoBatchDist,DTLZ1,10,30,476,144.79107846006855,20
REMO_UniformMix_Pruned_Weighted_Lambdat030_NoBatchDist,DTLZ1,10,30,477,144.79107846006855,20
REMO_UniformMix_Pruned_Weighted_Lambdat030_NoBatchDist,DTLZ1,10,30,478,144.296185945415,20
REMO_UniformMix_Pruned_Weighted_Lambdat030_NoBatchDist,DTLZ1,10,30,479,144.296185945415,20
REMO_UniformMix_Pruned_Weighted_Lambdat030_NoBatchDist,DTLZ1,10,30,480,144.296185945415,20
REMO_UniformMix_Pruned_Weighted_Lambdat030_NoBatchDist,DTLZ1,10,30,481,144.296185945415,20
REMO_UniformMix_Pruned_Weighted_Lambdat030_NoBatchDist,DTLZ1,10,30,482,144.296185945415,20
REMO_UniformMix_Pruned_Weighted_Lambdat030_NoBatchDist,DTLZ1,10,30,483,144.296185945415,20
REMO_UniformMix_Pruned_Weighted_Lambdat030_NoBatchDist,DTLZ1,10,30,484,144.296185945415,20
REMO_UniformMix_Pruned_Weighted_Lambdat030_NoBatchDist,DTLZ1,10,30,485,144.296185945415,20
REMO_UniformMix_Pruned_Weighted_Lambdat030_NoBatchDist,DTLZ1,10,30,486,144.296185945415,20
REMO_UniformMix_Pruned_Weighted_Lambdat030_NoBatchDist,DTLZ1,10,30,487,144.296185945415,20
REMO_UniformMix_Pruned_Weighted_Lambdat030_NoBatchDist,DTLZ1,10,30,488,144.296185945415,20
REMO_UniformMix_Pruned_Weighted_Lambdat030_NoBatchDist,DTLZ1,10,30,489,144.296185945415,20
REMO_UniformMix_Pruned_Weighted_Lambdat030_NoBatchDist,DTLZ1,10,30,490,144.296185945415,20
REMO_UniformMix_Pruned_Weighted_Lambdat030_NoBatchDist,DTLZ1,10,30,491,144.296185945415,20
REMO_UniformMix_Pruned_Weighted_Lambdat030_NoBatchDist,DTLZ1,10,30,492,144.296185945415,20
REMO_UniformMix_Pruned_Weighted_Lambdat030_NoBatchDist,DTLZ1,10,30,493,144.296185945415,20
REMO_UniformMix_Pruned_Weighted_Lambdat030_NoBatchDist,DTLZ1,10,30,494,144.296185945415,20
REMO_UniformMix_Pruned_Weighted_Lambdat030_NoBatchDist,DTLZ1,10,30,495,144.296185945415,20
REMO_UniformMix_Pruned_Weighted_Lambdat030_NoBatchDist,DTLZ1,10,30,496,144.296185945415,20
REMO_UniformMix_Pruned_Weighted_Lambdat030_NoBatchDist,DTLZ1,10,30,497,144.296185945415,20
REMO_UniformMix_Pruned_Weighted_Lambdat030_NoBatchDist,DTLZ1,10,30,498,144.296185945415,20
REMO_UniformMix_Pruned_Weighted_Lambdat030_NoBatchDist,DTLZ1,10,30,499,144.296185945415,20
REMO_UniformMix_Pruned_Weighted_Lambdat030_NoBatchDist,DTLZ1,10,30,500,137.22905341217057,20
REMO,DTLZ1,10,30,100,410.52324530445077,20
REMO,DTLZ1,10,30,101,410.52324530445077,20
REMO,DTLZ1,10,30,102,410.52324530445077,20
REMO,DTLZ1,10,30,103,410.52324530445077,20
REMO,DTLZ1,10,30,104,401.59335787316434,20
REMO,DTLZ1,10,30,105,401.59335787316434,20
REMO,DTLZ1,10,30,106,401.59335787316434,20
REMO,DTLZ1,10,30,107,401.59335787316434,20
REMO,DTLZ1,10,30,108,390.35546347559364,20
REMO,DTLZ1,10,30,109,390.35546347559364,20
REMO,DTLZ1,10,30,110,390.35546347559364,20
REMO,DTLZ1,10,30,111,390.35546347559364,20
REMO,DTLZ1,10,30,112,382.99879726765187,20
REMO,DTLZ1,10,30,113,382.99879726765187,20
REMO,DTLZ1,10,30,114,382.99879726765187,20
REMO,DTLZ1,10,30,115,382.99879726765187,20
REMO,DTLZ1,10,30,116,380.74422924429973,20
REMO,DTLZ1,10,30,117,380.74422924429973,20
REMO,DTLZ1,10,30,118,380.74422924429973,20
REMO,DTLZ1,10,30,119,380.74422924429973,20
REMO,DTLZ1,10,30,120,380.74422924429973,20
REMO,DTLZ1,10,30,121,380.74422924429973,20
REMO,DTLZ1,10,30,122,380.74422924429973,20
REMO,DTLZ1,10,30,123,380.74422924429973,20
REMO,DTLZ1,10,30,124,380.74422924429973,20
REMO,DTLZ1,10,30,125,380.74422924429973,20
REMO,DTLZ1,10,30,126,380.74422924429973,20
REMO,DTLZ1,10,30,127,380.74422924429973,20
REMO,DTLZ1,10,30,128,380.74422924429973,20
REMO,DTLZ1,10,30,129,380.74422924429973,20
REMO,DTLZ1,10,30,130,380.74422924429973,20
REMO,DTLZ1,10,30,131,380.74422924429973,20
REMO,DTLZ1,10,30,132,380.74422924429973,20
REMO,DTLZ1,10,30,133,380.74422924429973,20
REMO,DTLZ1,10,30,134,380.74422924429973,20
REMO,DTLZ1,10,30,135,380.74422924429973,20
REMO,DTLZ1,10,30,136,327.9871768627253,20
REMO,DTLZ1,10,30,137,327.9871768627253,20
REMO,DTLZ1,10,30,138,327.9871768627253,20
REMO,DTLZ1,10,30,139,327.9871768627253,20
REMO,DTLZ1,10,30,140,327.9871768627253,20
REMO,DTLZ1,10,30,141,327.9871768627253,20
REMO,DTLZ1,10,30,142,327.9871768627253,20
REMO,DTLZ1,10,30,143,327.9871768627253,20
REMO,DTLZ1,10,30,144,327.9871768627253,20
REMO,DTLZ1,10,30,145,327.9871768627253,20
REMO,DTLZ1,10,30,146,327.9871768627253,20
REMO,DTLZ1,10,30,147,327.9871768627253,20
REMO,DTLZ1,10,30,148,326.1652961193206,20
REMO,DTLZ1,10,30,149,326.1652961193206,20
REMO,DTLZ1,10,30,150,326.1652961193206,20
REMO,DTLZ1,10,30,151,326.1652961193206,20
REMO,DTLZ1,10,30,152,326.1652961193206,20
REMO,DTLZ1,10,30,153,326.1652961193206,20
REMO,DTLZ1,10,30,154,326.1652961193206,20
REMO,DTLZ1,10,30,155,326.1652961193206,20
REMO,DTLZ1,10,30,156,326.1652961193206,20
REMO,DTLZ1,10,30,157,326.1652961193206,20
REMO,DTLZ1,10,30,158,326.1652961193206,20
REMO,DTLZ1,10,30,159,326.1652961193206,20
REMO,DTLZ1,10,30,160,326.1652961193206,20
REMO,DTLZ1,10,30,161,326.1652961193206,20
REMO,DTLZ1,10,30,162,326.1652961193206,20
REMO,DTLZ1,10,30,163,326.1652961193206,20
REMO,DTLZ1,10,30,164,298.75468653375435,20
REMO,DTLZ1,10,30,165,298.75468653375435,20
REMO,DTLZ1,10,30,166,298.75468653375435,20
REMO,DTLZ1,10,30,167,298.75468653375435,20
REMO,DTLZ1,10,30,168,298.75468653375435,20
REMO,DTLZ1,10,30,169,298.75468653375435,20
REMO,DTLZ1,10,30,170,298.75468653375435,20
REMO,DTLZ1,10,30,171,298.75468653375435,20
REMO,DTLZ1,10,30,172,298.75468653375435,20
REMO,DTLZ1,10,30,173,298.75468653375435,20
REMO,DTLZ1,10,30,174,298.75468653375435,20
REMO,DTLZ1,10,30,175,298.75468653375435,20
REMO,DTLZ1,10,30,176,298.75468653375435,20
REMO,DTLZ1,10,30,177,298.75468653375435,20
REMO,DTLZ1,10,30,178,298.75468653375435,20
REMO,DTLZ1,10,30,179,298.75468653375435,20
REMO,DTLZ1,10,30,180,296.1294181889076,20
REMO,DTLZ1,10,30,181,296.1294181889076,20
REMO,DTLZ1,10,30,182,296.1294181889076,20
REMO,DTLZ1,10,30,183,296.1294181889076,20
REMO,DTLZ1,10,30,184,296.1294181889076,20
REMO,DTLZ1,10,30,185,296.1294181889076,20
REMO,DTLZ1,10,30,186,296.1294181889076,20
REMO,DTLZ1,10,30,187,296.1294181889076,20
REMO,DTLZ1,10,30,188,296.1294181889076,20
REMO,DTLZ1,10,30,189,296.1294181889076,20
REMO,DTLZ1,10,30,190,296.1294181889076,20
REMO,DTLZ1,10,30,191,296.1294181889076,20
REMO,DTLZ1,10,30,192,288.82529005436965,20
REMO,DTLZ1,10,30,193,288.82529005436965,20
REMO,DTLZ1,10,30,194,288.82529005436965,20
REMO,DTLZ1,10,30,195,288.82529005436965,20
REMO,DTLZ1,10,30,196,288.82529005436965,20
REMO,DTLZ1,10,30,197,288.82529005436965,20
REMO,DTLZ1,10,30,198,288.82529005436965,20
REMO,DTLZ1,10,30,199,288.82529005436965,20
REMO,DTLZ1,10,30,200,283.0800698866801,20
REMO,DTLZ1,10,30,201,283.0800698866801,20
REMO,DTLZ1,10,30,202,283.0800698866801,20
REMO,DTLZ1,10,30,203,283.0800698866801,20
REMO,DTLZ1,10,30,204,283.0800698866801,20
REMO,DTLZ1,10,30,205,283.0800698866801,20
REMO,DTLZ1,10,30,206,283.0800698866801,20
REMO,DTLZ1,10,30,207,283.0800698866801,20
REMO,DTLZ1,10,30,208,283.0800698866801,20
REMO,DTLZ1,10,30,209,283.0800698866801,20
REMO,DTLZ1,10,30,210,283.0800698866801,20
REMO,DTLZ1,10,30,211,283.0800698866801,20
REMO,DTLZ1,10,30,212,283.0800698866801,20
REMO,DTLZ1,10,30,213,283.0800698866801,20
REMO,DTLZ1,10,30,214,283.0800698866801,20
REMO,DTLZ1,10,30,215,283.0800698866801,20
REMO,DTLZ1,10,30,216,281.32223626154916,20
REMO,DTLZ1,10,30,217,281.32223626154916,20
REMO,DTLZ1,10,30,218,281.32223626154916,20
REMO,DTLZ1,10,30,219,281.32223626154916,20
REMO,DTLZ1,10,30,220,256.61123667621143,20
REMO,DTLZ1,10,30,221,256.61123667621143,20
REMO,DTLZ1,10,30,222,256.61123667621143,20
REMO,DTLZ1,10,30,223,256.61123667621143,20
REMO,DTLZ1,10,30,224,256.61123667621143,20
REMO,DTLZ1,10,30,225,256.61123667621143,20
REMO,DTLZ1,10,30,226,256.61123667621143,20
REMO,DTLZ1,10,30,227,256.61123667621143,20
REMO,DTLZ1,10,30,228,256.61123667621143,20
REMO,DTLZ1,10,30,229,256.61123667621143,20
REMO,DTLZ1,10,30,230,256.61123667621143,20
REMO,DTLZ1,10,30,231,256.61123667621143,20
REMO,DTLZ1,10,30,232,256.61123667621143,20
REMO,DTLZ1,10,30,233,256.61123667621143,20
REMO,DTLZ1,10,30,234,256.61123667621143,20
REMO,DTLZ1,10,30,235,256.61123667621143,20
REMO,DTLZ1,10,30,236,256.61123667621143,20
REMO,DTLZ1,10,30,237,256.61123667621143,20
REMO,DTLZ1,10,30,238,256.61123667621143,20
REMO,DTLZ1,10,30,239,256.61123667621143,20
REMO,DTLZ1,10,30,240,256.61123667621143,20
REMO,DTLZ1,10,30,241,256.61123667621143,20
REMO,DTLZ1,10,30,242,256.61123667621143,20
REMO,DTLZ1,10,30,243,256.61123667621143,20
REMO,DTLZ1,10,30,244,256.61123667621143,20
REMO,DTLZ1,10,30,245,256.61123667621143,20
REMO,DTLZ1,10,30,246,256.61123667621143,20
REMO,DTLZ1,10,30,247,256.61123667621143,20
REMO,DTLZ1,10,30,248,244.35673937686465,20
REMO,DTLZ1,10,30,249,244.35673937686465,20
REMO,DTLZ1,10,30,250,244.35673937686465,20
REMO,DTLZ1,10,30,251,244.35673937686465,20
REMO,DTLZ1,10,30,252,244.35673937686465,20
REMO,DTLZ1,10,30,253,244.35673937686465,20
REMO,DTLZ1,10,30,254,244.35673937686465,20
REMO,DTLZ1,10,30,255,244.35673937686465,20
REMO,DTLZ1,10,30,256,244.35673937686465,20
REMO,DTLZ1,10,30,257,244.35673937686465,20
REMO,DTLZ1,10,30,258,244.35673937686465,20
REMO,DTLZ1,10,30,259,244.35673937686465,20
REMO,DTLZ1,10,30,260,244.35673937686465,20
REMO,DTLZ1,10,30,261,244.35673937686465,20
REMO,DTLZ1,10,30,262,244.35673937686465,20
REMO,DTLZ1,10,30,263,244.35673937686465,20
REMO,DTLZ1,10,30,264,242.94438680593325,20
REMO,DTLZ1,10,30,265,242.94438680593325,20
REMO,DTLZ1,10,30,266,242.94438680593325,20
REMO,DTLZ1,10,30,267,242.94438680593325,20
REMO,DTLZ1,10,30,268,242.94438680593325,20
REMO,DTLZ1,10,30,269,242.94438680593325,20
REMO,DTLZ1,10,30,270,242.94438680593325,20
REMO,DTLZ1,10,30,271,242.94438680593325,20
REMO,DTLZ1,10,30,272,242.94438680593325,20
REMO,DTLZ1,10,30,273,242.94438680593325,20
REMO,DTLZ1,10,30,274,242.94438680593325,20
REMO,DTLZ1,10,30,275,242.94438680593325,20
REMO,DTLZ1,10,30,276,225.92153567359446,20
REMO,DTLZ1,10,30,277,225.92153567359446,20
REMO,DTLZ1,10,30,278,225.92153567359446,20
REMO,DTLZ1,10,30,279,225.92153567359446,20
REMO,DTLZ1,10,30,280,223.62154133033,20
REMO,DTLZ1,10,30,281,223.62154133033,20
REMO,DTLZ1,10,30,282,223.62154133033,20
REMO,DTLZ1,10,30,283,223.62154133033,20
REMO,DTLZ1,10,30,284,223.62154133033,20
REMO,DTLZ1,10,30,285,223.62154133033,20
REMO,DTLZ1,10,30,286,223.62154133033,20
REMO,DTLZ1,10,30,287,223.62154133033,20
REMO,DTLZ1,10,30,288,223.62154133033,20
REMO,DTLZ1,10,30,289,223.62154133033,20
REMO,DTLZ1,10,30,290,223.62154133033,20
REMO,DTLZ1,10,30,291,223.62154133033,20
REMO,DTLZ1,10,30,292,223.62154133033,20
REMO,DTLZ1,10,30,293,223.62154133033,20
REMO,DTLZ1,10,30,294,223.62154133033,20
REMO,DTLZ1,10,30,295,223.62154133033,20
REMO,DTLZ1,10,30,296,223.62154133033,20
REMO,DTLZ1,10,30,297,223.62154133033,20
REMO,DTLZ1,10,30,298,223.62154133033,20
REMO,DTLZ1,10,30,299,223.62154133033,20
REMO,DTLZ1,10,30,300,222.9285539079245,20
REMO,DTLZ1,10,30,301,222.9285539079245,20
REMO,DTLZ1,10,30,302,222.9285539079245,20
REMO,DTLZ1,10,30,303,222.9285539079245,20
REMO,DTLZ1,10,30,304,209.55021748093995,20
REMO,DTLZ1,10,30,305,209.55021748093995,20
REMO,DTLZ1,10,30,306,209.55021748093995,20
REMO,DTLZ1,10,30,307,209.55021748093995,20
REMO,DTLZ1,10,30,308,209.55021748093995,20
REMO,DTLZ1,10,30,309,209.55021748093995,20
REMO,DTLZ1,10,30,310,209.55021748093995,20
REMO,DTLZ1,10,30,311,209.55021748093995,20
REMO,DTLZ1,10,30,312,209.55021748093995,20
REMO,DTLZ1,10,30,313,209.55021748093995,20
REMO,DTLZ1,10,30,314,209.55021748093995,20
REMO,DTLZ1,10,30,315,209.55021748093995,20
REMO,DTLZ1,10,30,316,208.99004633340377,20
REMO,DTLZ1,10,30,317,208.99004633340377,20
REMO,DTLZ1,10,30,318,208.99004633340377,20
REMO,DTLZ1,10,30,319,208.99004633340377,20
REMO,DTLZ1,10,30,320,208.99004633340377,20
REMO,DTLZ1,10,30,321,208.99004633340377,20
REMO,DTLZ1,10,30,322,208.99004633340377,20
REMO,DTLZ1,10,30,323,208.99004633340377,20
REMO,DTLZ1,10,30,324,208.99004633340377,20
REMO,DTLZ1,10,30,325,208.99004633340377,20
REMO,DTLZ1,10,30,326,208.99004633340377,20
REMO,DTLZ1,10,30,327,208.99004633340377,20
REMO,DTLZ1,10,30,328,208.99004633340377,20
REMO,DTLZ1,10,30,329,208.99004633340377,20
REMO,DTLZ1,10,30,330,208.99004633340377,20
REMO,DTLZ1,10,30,331,208.99004633340377,20
REMO,DTLZ1,10,30,332,194.53117343364474,20
REMO,DTLZ1,10,30,333,194.53117343364474,20
REMO,DTLZ1,10,30,334,194.53117343364474,20
REMO,DTLZ1,10,30,335,194.53117343364474,20
REMO,DTLZ1,10,30,336,194.53117343364474,20
REMO,DTLZ1,10,30,337,194.53117343364474,20
REMO,DTLZ1,10,30,338,194.53117343364474,20
REMO,DTLZ1,10,30,339,194.53117343364474,20
REMO,DTLZ1,10,30,340,194.53117343364474,20
REMO,DTLZ1,10,30,341,194.53117343364474,20
REMO,DTLZ1,10,30,342,194.53117343364474,20
REMO,DTLZ1,10,30,343,194.53117343364474,20
REMO,DTLZ1,10,30,344,194.53117343364474,20
REMO,DTLZ1,10,30,345,194.53117343364474,20
REMO,DTLZ1,10,30,346,194.53117343364474,20
REMO,DTLZ1,10,30,347,194.53117343364474,20
REMO,DTLZ1,10,30,348,193.38180459480253,20
REMO,DTLZ1,10,30,349,193.38180459480253,20
REMO,DTLZ1,10,30,350,193.38180459480253,20
REMO,DTLZ1,10,30,351,193.38180459480253,20
REMO,DTLZ1,10,30,352,193.38180459480253,20
REMO,DTLZ1,10,30,353,193.38180459480253,20
REMO,DTLZ1,10,30,354,193.38180459480253,20
REMO,DTLZ1,10,30,355,193.38180459480253,20
REMO,DTLZ1,10,30,356,193.38180459480253,20
REMO,DTLZ1,10,30,357,193.38180459480253,20
REMO,DTLZ1,10,30,358,193.38180459480253,20
REMO,DTLZ1,10,30,359,193.38180459480253,20
REMO,DTLZ1,10,30,360,191.7560400889027,20
REMO,DTLZ1,10,30,361,191.7560400889027,20
REMO,DTLZ1,10,30,362,191.7560400889027,20
REMO,DTLZ1,10,30,363,191.7560400889027,20
REMO,DTLZ1,10,30,364,191.7560400889027,20
REMO,DTLZ1,10,30,365,191.7560400889027,20
REMO,DTLZ1,10,30,366,191.7560400889027,20
REMO,DTLZ1,10,30,367,191.7560400889027,20
REMO,DTLZ1,10,30,368,191.7560400889027,20
REMO,DTLZ1,10,30,369,191.7560400889027,20
REMO,DTLZ1,10,30,370,191.7560400889027,20
REMO,DTLZ1,10,30,371,191.7560400889027,20
REMO,DTLZ1,10,30,372,191.7560400889027,20
REMO,DTLZ1,10,30,373,191.7560400889027,20
REMO,DTLZ1,10,30,374,191.7560400889027,20
REMO,DTLZ1,10,30,375,191.7560400889027,20
REMO,DTLZ1,10,30,376,191.7560400889027,20
REMO,DTLZ1,10,30,377,191.7560400889027,20
REMO,DTLZ1,10,30,378,191.7560400889027,20
REMO,DTLZ1,10,30,379,191.7560400889027,20
REMO,DTLZ1,10,30,380,191.62995693540626,20
REMO,DTLZ1,10,30,381,191.62995693540626,20
REMO,DTLZ1,10,30,382,191.62995693540626,20
REMO,DTLZ1,10,30,383,191.62995693540626,20
REMO,DTLZ1,10,30,384,191.62995693540626,20
REMO,DTLZ1,10,30,385,191.62995693540626,20
REMO,DTLZ1,10,30,386,191.62995693540626,20
REMO,DTLZ1,10,30,387,191.62995693540626,20
REMO,DTLZ1,10,30,388,186.38541908864948,20
REMO,DTLZ1,10,30,389,186.38541908864948,20
REMO,DTLZ1,10,30,390,186.38541908864948,20
REMO,DTLZ1,10,30,391,186.38541908864948,20
REMO,DTLZ1,10,30,392,186.38541908864948,20
REMO,DTLZ1,10,30,393,186.38541908864948,20
REMO,DTLZ1,10,30,394,186.38541908864948,20
REMO,DTLZ1,10,30,395,186.38541908864948,20
REMO,DTLZ1,10,30,396,186.38541908864948,20
REMO,DTLZ1,10,30,397,186.38541908864948,20
REMO,DTLZ1,10,30,398,186.38541908864948,20
REMO,DTLZ1,10,30,399,186.38541908864948,20
REMO,DTLZ1,10,30,400,186.38541908864948,20
REMO,DTLZ1,10,30,401,186.38541908864948,20
REMO,DTLZ1,10,30,402,186.38541908864948,20
REMO,DTLZ1,10,30,403,186.38541908864948,20
REMO,DTLZ1,10,30,404,186.38541908864948,20
REMO,DTLZ1,10,30,405,186.38541908864948,20
REMO,DTLZ1,10,30,406,186.38541908864948,20
REMO,DTLZ1,10,30,407,186.38541908864948,20
REMO,DTLZ1,10,30,408,186.38541908864948,20
REMO,DTLZ1,10,30,409,186.38541908864948,20
REMO,DTLZ1,10,30,410,186.38541908864948,20
REMO,DTLZ1,10,30,411,186.38541908864948,20
REMO,DTLZ1,10,30,412,186.38541908864948,20
REMO,DTLZ1,10,30,413,186.38541908864948,20
REMO,DTLZ1,10,30,414,186.38541908864948,20
REMO,DTLZ1,10,30,415,186.38541908864948,20
REMO,DTLZ1,10,30,416,175.48805065807863,20
REMO,DTLZ1,10,30,417,175.48805065807863,20
REMO,DTLZ1,10,30,418,175.48805065807863,20
REMO,DTLZ1,10,30,419,175.48805065807863,20
REMO,DTLZ1,10,30,420,175.48805065807863,20
REMO,DTLZ1,10,30,421,175.48805065807863,20
REMO,DTLZ1,10,30,422,175.48805065807863,20
REMO,DTLZ1,10,30,423,175.48805065807863,20
REMO,DTLZ1,10,30,424,175.48805065807863,20
REMO,DTLZ1,10,30,425,175.48805065807863,20
REMO,DTLZ1,10,30,426,175.48805065807863,20
REMO,DTLZ1,10,30,427,175.48805065807863,20
REMO,DTLZ1,10,30,428,175.48805065807863,20
REMO,DTLZ1,10,30,429,175.48805065807863,20
REMO,DTLZ1,10,30,430,175.48805065807863,20
REMO,DTLZ1,10,30,431,175.48805065807863,20
REMO,DTLZ1,10,30,432,173.42593011735215,20
REMO,DTLZ1,10,30,433,173.42593011735215,20
REMO,DTLZ1,10,30,434,173.42593011735215,20
REMO,DTLZ1,10,30,435,173.42593011735215,20
REMO,DTLZ1,10,30,436,173.42593011735215,20
REMO,DTLZ1,10,30,437,173.42593011735215,20
REMO,DTLZ1,10,30,438,173.42593011735215,20
REMO,DTLZ1,10,30,439,173.42593011735215,20
REMO,DTLZ1,10,30,440,173.42593011735215,20
REMO,DTLZ1,10,30,441,173.42593011735215,20
REMO,DTLZ1,10,30,442,173.42593011735215,20
REMO,DTLZ1,10,30,443,173.42593011735215,20
REMO,DTLZ1,10,30,444,168.535965076708,20
REMO,DTLZ1,10,30,445,168.535965076708,20
REMO,DTLZ1,10,30,446,168.535965076708,20
REMO,DTLZ1,10,30,447,168.535965076708,20
REMO,DTLZ1,10,30,448,167.41529327677884,20
REMO,DTLZ1,10,30,449,167.41529327677884,20
REMO,DTLZ1,10,30,450,167.41529327677884,20
REMO,DTLZ1,10,30,451,167.41529327677884,20
REMO,DTLZ1,10,30,452,167.41529327677884,20
REMO,DTLZ1,10,30,453,167.41529327677884,20
REMO,DTLZ1,10,30,454,167.41529327677884,20
REMO,DTLZ1,10,30,455,167.41529327677884,20
REMO,DTLZ1,10,30,456,167.41529327677884,20
REMO,DTLZ1,10,30,457,167.41529327677884,20
REMO,DTLZ1,10,30,458,167.41529327677884,20
REMO,DTLZ1,10,30,459,167.41529327677884,20
REMO,DTLZ1,10,30,460,167.41529327677884,20
REMO,DTLZ1,10,30,461,167.41529327677884,20
REMO,DTLZ1,10,30,462,167.41529327677884,20
REMO,DTLZ1,10,30,463,167.41529327677884,20
REMO,DTLZ1,10,30,464,166.35931492747125,20
REMO,DTLZ1,10,30,465,166.35931492747125,20
REMO,DTLZ1,10,30,466,166.35931492747125,20
REMO,DTLZ1,10,30,467,166.35931492747125,20
REMO,DTLZ1,10,30,468,166.35931492747125,20
REMO,DTLZ1,10,30,469,164.87095954145764,20
REMO,DTLZ1,10,30,470,164.87095954145764,20
REMO,DTLZ1,10,30,471,164.87095954145764,20
REMO,DTLZ1,10,30,472,161.58182994248892,20
REMO,DTLZ1,10,30,473,161.58182994248892,20
REMO,DTLZ1,10,30,474,161.58182994248892,20
REMO,DTLZ1,10,30,475,161.58182994248892,20
REMO,DTLZ1,10,30,476,161.58182994248892,20
REMO,DTLZ1,10,30,477,161.58182994248892,20
REMO,DTLZ1,10,30,478,161.58182994248892,20
REMO,DTLZ1,10,30,479,161.58182994248892,20
REMO,DTLZ1,10,30,480,161.58182994248892,20
REMO,DTLZ1,10,30,481,161.58182994248892,20
REMO,DTLZ1,10,30,482,161.58182994248892,20
REMO,DTLZ1,10,30,483,161.58182994248892,20
REMO,DTLZ1,10,30,484,161.58182994248892,20
REMO,DTLZ1,10,30,485,161.58182994248892,20
REMO,DTLZ1,10,30,486,161.58182994248892,20
REMO,DTLZ1,10,30,487,161.58182994248892,20
REMO,DTLZ1,10,30,488,161.58182994248892,20
REMO,DTLZ1,10,30,489,161.58182994248892,20
REMO,DTLZ1,10,30,490,161.58182994248892,20
REMO,DTLZ1,10,30,491,161.58182994248892,20
REMO,DTLZ1,10,30,492,161.58182994248892,20
REMO,DTLZ1,10,30,493,161.58182994248892,20
REMO,DTLZ1,10,30,494,161.58182994248892,20
REMO,DTLZ1,10,30,495,161.58182994248892,20
REMO,DTLZ1,10,30,496,161.58182994248892,20
REMO,DTLZ1,10,30,497,161.58182994248892,20
REMO,DTLZ1,10,30,498,161.58182994248892,20
REMO,DTLZ1,10,30,499,161.58182994248892,20
REMO,DTLZ1,10,30,500,155.90159293995504,20
PCSAEA,DTLZ1,10,30,329,364.12229926004466,20
PCSAEA,DTLZ1,10,30,330,364.12229926004466,20
PCSAEA,DTLZ1,10,30,331,364.12229926004466,20
PCSAEA,DTLZ1,10,30,332,364.12229926004466,20
PCSAEA,DTLZ1,10,30,333,364.12229926004466,20
PCSAEA,DTLZ1,10,30,334,364.12229926004466,20
PCSAEA,DTLZ1,10,30,335,364.12229926004466,20
PCSAEA,DTLZ1,10,30,336,364.12229926004466,20
PCSAEA,DTLZ1,10,30,337,364.12229926004466,20
PCSAEA,DTLZ1,10,30,338,364.12229926004466,20
PCSAEA,DTLZ1,10,30,339,364.12229926004466,20
PCSAEA,DTLZ1,10,30,340,364.12229926004466,20
PCSAEA,DTLZ1,10,30,341,364.12229926004466,20
PCSAEA,DTLZ1,10,30,342,364.12229926004466,20
PCSAEA,DTLZ1,10,30,343,364.12229926004466,20
PCSAEA,DTLZ1,10,30,344,364.12229926004466,20
PCSAEA,DTLZ1,10,30,345,364.12229926004466,20
PCSAEA,DTLZ1,10,30,346,364.12229926004466,20
PCSAEA,DTLZ1,10,30,347,364.12229926004466,20
PCSAEA,DTLZ1,10,30,348,364.12229926004466,20
PCSAEA,DTLZ1,10,30,349,364.12229926004466,20
PCSAEA,DTLZ1,10,30,350,364.12229926004466,20
PCSAEA,DTLZ1,10,30,351,364.12229926004466,20
PCSAEA,DTLZ1,10,30,352,364.12229926004466,20
PCSAEA,DTLZ1,10,30,353,364.12229926004466,20
PCSAEA,DTLZ1,10,30,354,364.12229926004466,20
PCSAEA,DTLZ1,10,30,355,364.12229926004466,20
PCSAEA,DTLZ1,10,30,356,364.12229926004466,20
PCSAEA,DTLZ1,10,30,357,364.12229926004466,20
PCSAEA,DTLZ1,10,30,358,364.12229926004466,20
PCSAEA,DTLZ1,10,30,359,364.12229926004466,20
PCSAEA,DTLZ1,10,30,360,364.12229926004466,20
PCSAEA,DTLZ1,10,30,361,364.12229926004466,20
PCSAEA,DTLZ1,10,30,362,364.12229926004466,20
PCSAEA,DTLZ1,10,30,363,364.12229926004466,20
PCSAEA,DTLZ1,10,30,364,364.12229926004466,20
PCSAEA,DTLZ1,10,30,365,364.12229926004466,20
PCSAEA,DTLZ1,10,30,366,364.12229926004466,20
PCSAEA,DTLZ1,10,30,367,364.12229926004466,20
PCSAEA,DTLZ1,10,30,368,364.12229926004466,20
PCSAEA,DTLZ1,10,30,369,364.12229926004466,20
PCSAEA,DTLZ1,10,30,370,364.12229926004466,20
PCSAEA,DTLZ1,10,30,371,364.12229926004466,20
PCSAEA,DTLZ1,10,30,372,364.12229926004466,20
PCSAEA,DTLZ1,10,30,373,364.12229926004466,20
PCSAEA,DTLZ1,10,30,374,364.12229926004466,20
PCSAEA,DTLZ1,10,30,375,364.12229926004466,20
PCSAEA,DTLZ1,10,30,376,364.12229926004466,20
PCSAEA,DTLZ1,10,30,377,364.12229926004466,20
PCSAEA,DTLZ1,10,30,378,358.7914547673994,20
PCSAEA,DTLZ1,10,30,379,358.7914547673994,20
PCSAEA,DTLZ1,10,30,380,358.7914547673994,20
PCSAEA,DTLZ1,10,30,381,358.7914547673994,20
PCSAEA,DTLZ1,10,30,382,358.7914547673994,20
PCSAEA,DTLZ1,10,30,383,358.7914547673994,20
PCSAEA,DTLZ1,10,30,384,358.7914547673994,20
PCSAEA,DTLZ1,10,30,385,358.7914547673994,20
PCSAEA,DTLZ1,10,30,386,358.7914547673994,20
PCSAEA,DTLZ1,10,30,387,358.7914547673994,20
PCSAEA,DTLZ1,10,30,388,358.7914547673994,20
PCSAEA,DTLZ1,10,30,389,358.7914547673994,20
PCSAEA,DTLZ1,10,30,390,358.7914547673994,20
PCSAEA,DTLZ1,10,30,391,358.7914547673994,20
PCSAEA,DTLZ1,10,30,392,358.7914547673994,20
PCSAEA,DTLZ1,10,30,393,358.7914547673994,20
PCSAEA,DTLZ1,10,30,394,358.7914547673994,20
PCSAEA,DTLZ1,10,30,395,358.7914547673994,20
PCSAEA,DTLZ1,10,30,396,358.7914547673994,20
PCSAEA,DTLZ1,10,30,397,358.7914547673994,20
PCSAEA,DTLZ1,10,30,398,358.7914547673994,20
PCSAEA,DTLZ1,10,30,399,358.7914547673994,20
PCSAEA,DTLZ1,10,30,400,358.7914547673994,20
PCSAEA,DTLZ1,10,30,401,358.7914547673994,20
PCSAEA,DTLZ1,10,30,402,358.7914547673994,20
PCSAEA,DTLZ1,10,30,403,358.7914547673994,20
PCSAEA,DTLZ1,10,30,404,358.7914547673994,20
PCSAEA,DTLZ1,10,30,405,358.7914547673994,20
PCSAEA,DTLZ1,10,30,406,358.7914547673994,20
PCSAEA,DTLZ1,10,30,407,358.7914547673994,20
PCSAEA,DTLZ1,10,30,408,358.7914547673994,20
PCSAEA,DTLZ1,10,30,409,358.7914547673994,20
PCSAEA,DTLZ1,10,30,410,358.7914547673994,20
PCSAEA,DTLZ1,10,30,411,358.7914547673994,20
PCSAEA,DTLZ1,10,30,412,358.7914547673994,20
PCSAEA,DTLZ1,10,30,413,358.7914547673994,20
PCSAEA,DTLZ1,10,30,414,358.7914547673994,20
PCSAEA,DTLZ1,10,30,415,358.7914547673994,20
PCSAEA,DTLZ1,10,30,416,358.7914547673994,20
PCSAEA,DTLZ1,10,30,417,358.7914547673994,20
PCSAEA,DTLZ1,10,30,418,358.7914547673994,20
PCSAEA,DTLZ1,10,30,419,358.7914547673994,20
PCSAEA,DTLZ1,10,30,420,358.7914547673994,20
PCSAEA,DTLZ1,10,30,421,358.7914547673994,20
PCSAEA,DTLZ1,10,30,422,358.7914547673994,20
PCSAEA,DTLZ1,10,30,423,358.7914547673994,20
PCSAEA,DTLZ1,10,30,424,358.7914547673994,20
PCSAEA,DTLZ1,10,30,425,358.7914547673994,20
PCSAEA,DTLZ1,10,30,426,354.6222084445929,20
PCSAEA,DTLZ1,10,30,427,354.6222084445929,20
PCSAEA,DTLZ1,10,30,428,354.6222084445929,20
PCSAEA,DTLZ1,10,30,429,354.6222084445929,20
PCSAEA,DTLZ1,10,30,430,354.6222084445929,20
PCSAEA,DTLZ1,10,30,431,354.6222084445929,20
PCSAEA,DTLZ1,10,30,432,354.6222084445929,20
PCSAEA,DTLZ1,10,30,433,354.6222084445929,20
PCSAEA,DTLZ1,10,30,434,354.6222084445929,20
PCSAEA,DTLZ1,10,30,435,354.6222084445929,20
PCSAEA,DTLZ1,10,30,436,354.6222084445929,20
PCSAEA,DTLZ1,10,30,437,354.6222084445929,20
PCSAEA,DTLZ1,10,30,438,353.10942391591925,20
PCSAEA,DTLZ1,10,30,439,353.10942391591925,20
PCSAEA,DTLZ1,10,30,440,353.10942391591925,20
PCSAEA,DTLZ1,10,30,441,353.10942391591925,20
PCSAEA,DTLZ1,10,30,442,353.10942391591925,20
PCSAEA,DTLZ1,10,30,443,353.10942391591925,20
PCSAEA,DTLZ1,10,30,444,353.10942391591925,20
PCSAEA,DTLZ1,10,30,445,353.10942391591925,20
PCSAEA,DTLZ1,10,30,446,353.10942391591925,20
PCSAEA,DTLZ1,10,30,447,353.10942391591925,20
PCSAEA,DTLZ1,10,30,448,353.10942391591925,20
PCSAEA,DTLZ1,10,30,449,353.10942391591925,20
PCSAEA,DTLZ1,10,30,450,352.3362873442273,20
PCSAEA,DTLZ1,10,30,451,352.3362873442273,20
PCSAEA,DTLZ1,10,30,452,352.3362873442273,20
PCSAEA,DTLZ1,10,30,453,352.3362873442273,20
PCSAEA,DTLZ1,10,30,454,352.3362873442273,20
PCSAEA,DTLZ1,10,30,455,352.3362873442273,20
PCSAEA,DTLZ1,10,30,456,352.3362873442273,20
PCSAEA,DTLZ1,10,30,457,352.3362873442273,20
PCSAEA,DTLZ1,10,30,458,352.3362873442273,20
PCSAEA,DTLZ1,10,30,459,352.3362873442273,20
PCSAEA,DTLZ1,10,30,460,352.3362873442273,20
PCSAEA,DTLZ1,10,30,461,352.3362873442273,20
PCSAEA,DTLZ1,10,30,462,352.3362873442273,20
PCSAEA,DTLZ1,10,30,463,352.3362873442273,20
PCSAEA,DTLZ1,10,30,464,352.3362873442273,20
PCSAEA,DTLZ1,10,30,465,352.3362873442273,20
PCSAEA,DTLZ1,10,30,466,352.3362873442273,20
PCSAEA,DTLZ1,10,30,467,352.3362873442273,20
PCSAEA,DTLZ1,10,30,468,352.3362873442273,20
PCSAEA,DTLZ1,10,30,469,352.3362873442273,20
PCSAEA,DTLZ1,10,30,470,352.3362873442273,20
PCSAEA,DTLZ1,10,30,471,352.3362873442273,20
PCSAEA,DTLZ1,10,30,472,352.3362873442273,20
PCSAEA,DTLZ1,10,30,473,352.3362873442273,20
PCSAEA,DTLZ1,10,30,474,351.09967270307897,20
PCSAEA,DTLZ1,10,30,475,351.09967270307897,20
PCSAEA,DTLZ1,10,30,476,351.09967270307897,20
PCSAEA,DTLZ1,10,30,477,351.09967270307897,20
PCSAEA,DTLZ1,10,30,478,351.09967270307897,20
PCSAEA,DTLZ1,10,30,479,351.09967270307897,20
PCSAEA,DTLZ1,10,30,480,351.09967270307897,20
PCSAEA,DTLZ1,10,30,481,351.09967270307897,20
PCSAEA,DTLZ1,10,30,482,351.09967270307897,20
PCSAEA,DTLZ1,10,30,483,351.09967270307897,20
PCSAEA,DTLZ1,10,30,484,351.09967270307897,20
PCSAEA,DTLZ1,10,30,485,351.09967270307897,20
PCSAEA,DTLZ1,10,30,486,347.75103478060265,20
PCSAEA,DTLZ1,10,30,487,347.75103478060265,20
PCSAEA,DTLZ1,10,30,488,347.75103478060265,20
PCSAEA,DTLZ1,10,30,489,347.75103478060265,20
PCSAEA,DTLZ1,10,30,490,347.75103478060265,20
PCSAEA,DTLZ1,10,30,491,347.75103478060265,20
PCSAEA,DTLZ1,10,30,492,347.75103478060265,20
PCSAEA,DTLZ1,10,30,493,347.75103478060265,20
PCSAEA,DTLZ1,10,30,494,347.75103478060265,20
PCSAEA,DTLZ1,10,30,495,347.75103478060265,20
PCSAEA,DTLZ1,10,30,496,347.75103478060265,20
PCSAEA,DTLZ1,10,30,497,347.75103478060265,20
PCSAEA,DTLZ1,10,30,498,346.9108953870136,20
PCSAEA,DTLZ1,10,30,499,346.9108953870136,20
PCSAEA,DTLZ1,10,30,500,346.9108953870136,20
CSEA,DTLZ1,10,30,109,387.4157168126883,20
CSEA,DTLZ1,10,30,110,387.4157168126883,20
CSEA,DTLZ1,10,30,111,387.4157168126883,20
CSEA,DTLZ1,10,30,112,387.4157168126883,20
CSEA,DTLZ1,10,30,113,387.4157168126883,20
CSEA,DTLZ1,10,30,114,387.4157168126883,20
CSEA,DTLZ1,10,30,115,387.4157168126883,20
CSEA,DTLZ1,10,30,116,387.4157168126883,20
CSEA,DTLZ1,10,30,117,387.4157168126883,20
CSEA,DTLZ1,10,30,118,387.4157168126883,20
CSEA,DTLZ1,10,30,119,387.4157168126883,20
CSEA,DTLZ1,10,30,120,387.4157168126883,20
CSEA,DTLZ1,10,30,121,386.248358577629,20
CSEA,DTLZ1,10,30,122,386.248358577629,20
CSEA,DTLZ1,10,30,123,386.248358577629,20
CSEA,DTLZ1,10,30,124,386.248358577629,20
CSEA,DTLZ1,10,30,125,386.248358577629,20
CSEA,DTLZ1,10,30,126,386.248358577629,20
CSEA,DTLZ1,10,30,127,386.248358577629,20
CSEA,DTLZ1,10,30,128,386.248358577629,20
CSEA,DTLZ1,10,30,129,386.248358577629,20
CSEA,DTLZ1,10,30,130,386.248358577629,20
CSEA,DTLZ1,10,30,131,382.72145290690725,20
CSEA,DTLZ1,10,30,132,379.3359305808368,20
CSEA,DTLZ1,10,30,133,379.3359305808368,20
CSEA,DTLZ1,10,30,134,379.3359305808368,20
CSEA,DTLZ1,10,30,135,379.3359305808368,20
CSEA,DTLZ1,10,30,136,379.3359305808368,20
CSEA,DTLZ1,10,30,137,379.3359305808368,20
CSEA,DTLZ1,10,30,138,379.3359305808368,20
CSEA,DTLZ1,10,30,139,379.3359305808368,20
CSEA,DTLZ1,10,30,140,379.3359305808368,20
CSEA,DTLZ1,10,30,141,379.3359305808368,20
CSEA,DTLZ1,10,30,142,379.3359305808368,20
CSEA,DTLZ1,10,30,143,378.6471352310512,20
CSEA,DTLZ1,10,30,144,375.9905640596454,20
CSEA,DTLZ1,10,30,145,372.582516856682,20
CSEA,DTLZ1,10,30,146,372.582516856682,20
CSEA,DTLZ1,10,30,147,372.582516856682,20
CSEA,DTLZ1,10,30,148,372.582516856682,20
CSEA,DTLZ1,10,30,149,372.582516856682,20
CSEA,DTLZ1,10,30,150,372.582516856682,20
CSEA,DTLZ1,10,30,151,372.582516856682,20
CSEA,DTLZ1,10,30,152,372.582516856682,20
CSEA,DTLZ1,10,30,153,372.582516856682,20
CSEA,DTLZ1,10,30,154,367.12499540027153,20
CSEA,DTLZ1,10,30,155,361.20290398290933,20
CSEA,DTLZ1,10,30,156,350.04346914764517,20
CSEA,DTLZ1,10,30,157,348.8345653666949,20
CSEA,DTLZ1,10,30,158,348.8345653666949,20
CSEA,DTLZ1,10,30,159,348.8345653666949,20
CSEA,DTLZ1,10,30,160,348.8345653666949,20
CSEA,DTLZ1,10,30,161,348.8345653666949,20
CSEA,DTLZ1,10,30,162,348.8345653666949,20
CSEA,DTLZ1,10,30,163,348.8345653666949,20
CSEA,DTLZ1,10,30,164,348.8345653666949,20
CSEA,DTLZ1,10,30,165,348.8345653666949,20
CSEA,DTLZ1,10,30,166,348.8345653666949,20
CSEA,DTLZ1,10,30,167,344.6977644487341,20
CSEA,DTLZ1,10,30,168,343.73059589107515,20
CSEA,DTLZ1,10,30,169,338.9694022073127,20
CSEA,DTLZ1,10,30,170,338.9694022073127,20
CSEA,DTLZ1,10,30,171,338.9694022073127,20
CSEA,DTLZ1,10,30,172,338.9694022073127,20
CSEA,DTLZ1,10,30,173,338.9694022073127,20
CSEA,DTLZ1,10,30,174,338.9694022073127,20
CSEA,DTLZ1,10,30,175,338.9694022073127,20
CSEA,DTLZ1,10,30,176,338.9694022073127,20
CSEA,DTLZ1,10,30,177,334.95137533983774,20
CSEA,DTLZ1,10,30,178,331.36482689275726,20
CSEA,DTLZ1,10,30,179,331.36482689275726,20
CSEA,DTLZ1,10,30,180,320.17303924471264,20
CSEA,DTLZ1,10,30,181,318.64829341422796,20
CSEA,DTLZ1,10,30,182,318.64829341422796,20
CSEA,DTLZ1,10,30,183,318.64829341422796,20
CSEA,DTLZ1,10,30,184,318.64829341422796,20
CSEA,DTLZ1,10,30,185,318.3726047847627,20
CSEA,DTLZ1,10,30,186,318.3726047847627,20
CSEA,DTLZ1,10,30,187,318.3726047847627,20
CSEA,DTLZ1,10,30,188,318.3726047847627,20
CSEA,DTLZ1,10,30,189,314.89378170042204,20
CSEA,DTLZ1,10,30,190,313.0242099937098,20
CSEA,DTLZ1,10,30,191,309.0576032830444,20
CSEA,DTLZ1,10,30,192,309.0576032830444,20
CSEA,DTLZ1,10,30,193,308.97768778126635,20
CSEA,DTLZ1,10,30,194,307.3723793457927,20
CSEA,DTLZ1,10,30,195,307.3723793457927,20
CSEA,DTLZ1,10,30,196,307.3723793457927,20
CSEA,DTLZ1,10,30,197,307.3723793457927,20
CSEA,DTLZ1,10,30,198,307.3723793457927,20
CSEA,DTLZ1,10,30,199,307.3723793457927,20
CSEA,DTLZ1,10,30,200,307.3723793457927,20
CSEA,DTLZ1,10,30,201,307.3723793457927,20
CSEA,DTLZ1,10,30,202,306.8332975252456,20
CSEA,DTLZ1,10,30,203,305.2148495747103,20
CSEA,DTLZ1,10,30,204,302.42657883517336,20
CSEA,DTLZ1,10,30,205,299.1483887473762,20
CSEA,DTLZ1,10,30,206,299.1483887473762,20
CSEA,DTLZ1,10,30,207,299.1483887473762,20
CSEA,DTLZ1,10,30,208,299.1483887473762,20
CSEA,DTLZ1,10,30,209,299.1483887473762,20
CSEA,DTLZ1,10,30,210,299.1483887473762,20
CSEA,DTLZ1,10,30,211,299.1483887473762,20
CSEA,DTLZ1,10,30,212,299.1483887473762,20
CSEA,DTLZ1,10,30,213,297.71242070131797,20
CSEA,DTLZ1,10,30,214,296.78368036341067,20
CSEA,DTLZ1,10,30,215,295.284400935264,20
CSEA,DTLZ1,10,30,216,293.26757168720565,20
CSEA,DTLZ1,10,30,217,293.26757168720565,20
CSEA,DTLZ1,10,30,218,293.26757168720565,20
CSEA,DTLZ1,10,30,219,293.26757168720565,20
CSEA,DTLZ1,10,30,220,293.26757168720565,20
CSEA,DTLZ1,10,30,221,293.26757168720565,20
CSEA,DTLZ1,10,30,222,293.26757168720565,20
CSEA,DTLZ1,10,30,223,293.26757168720565,20
CSEA,DTLZ1,10,30,224,293.26757168720565,20
CSEA,DTLZ1,10,30,225,291.6880605978176,20
CSEA,DTLZ1,10,30,226,290.93901252338316,20
CSEA,DTLZ1,10,30,227,289.5930358179229,20
CSEA,DTLZ1,10,30,228,287.31073954617887,20
CSEA,DTLZ1,10,30,229,285.6326492079928,20
CSEA,DTLZ1,10,30,230,285.6326492079928,20
CSEA,DTLZ1,10,30,231,285.6326492079928,20
CSEA,DTLZ1,10,30,232,285.6326492079928,20
CSEA,DTLZ1,10,30,233,285.6326492079928,20
CSEA,DTLZ1,10,30,234,285.6326492079928,20
CSEA,DTLZ1,10,30,235,285.6326492079928,20
CSEA,DTLZ1,10,30,236,285.6326492079928,20
CSEA,DTLZ1,10,30,237,284.2995771934296,20
CSEA,DTLZ1,10,30,238,284.2995771934296,20
CSEA,DTLZ1,10,30,239,283.75122045833103,20
CSEA,DTLZ1,10,30,240,282.42941861136217,20
CSEA,DTLZ1,10,30,241,278.5651916614162,20
CSEA,DTLZ1,10,30,242,278.5651916614162,20
CSEA,DTLZ1,10,30,243,278.5651916614162,20
CSEA,DTLZ1,10,30,244,278.5651916614162,20
CSEA,DTLZ1,10,30,245,278.5651916614162,20
CSEA,DTLZ1,10,30,246,278.5651916614162,20
CSEA,DTLZ1,10,30,247,278.5651916614162,20
CSEA,DTLZ1,10,30,248,278.5651916614162,20
CSEA,DTLZ1,10,30,249,277.9419885688107,20
CSEA,DTLZ1,10,30,250,277.93214495409853,20
CSEA,DTLZ1,10,30,251,277.9320234818111,20
CSEA,DTLZ1,10,30,252,271.6433604688687,20
CSEA,DTLZ1,10,30,253,271.6433604688687,20
CSEA,DTLZ1,10,30,254,271.6433604688687,20
CSEA,DTLZ1,10,30,255,271.6433604688687,20
CSEA,DTLZ1,10,30,256,271.6433604688687,20
CSEA,DTLZ1,10,30,257,271.6433604688687,20
CSEA,DTLZ1,10,30,258,271.6433604688687,20
CSEA,DTLZ1,10,30,259,271.6433604688687,20
CSEA,DTLZ1,10,30,260,271.6433604688687,20
CSEA,DTLZ1,10,30,261,271.0978088419848,20
CSEA,DTLZ1,10,30,262,270.37140107382254,20
CSEA,DTLZ1,10,30,263,270.05797156733286,20
CSEA,DTLZ1,10,30,264,266.8843047838713,20
CSEA,DTLZ1,10,30,265,266.8843047838713,20
CSEA,DTLZ1,10,30,266,266.8843047838713,20
CSEA,DTLZ1,10,30,267,266.8843047838713,20
CSEA,DTLZ1,10,30,268,266.8843047838713,20
CSEA,DTLZ1,10,30,269,266.8843047838713,20
CSEA,DTLZ1,10,30,270,266.8843047838713,20
CSEA,DTLZ1,10,30,271,266.8843047838713,20
CSEA,DTLZ1,10,30,272,266.8843047838713,20
CSEA,DTLZ1,10,30,273,266.8843047838713,20
CSEA,DTLZ1,10,30,274,266.8843047838713,20
CSEA,DTLZ1,10,30,275,266.8843047838713,20
CSEA,DTLZ1,10,30,276,263.5354494470594,20
CSEA,DTLZ1,10,30,277,262.6872554840486,20
CSEA,DTLZ1,10,30,278,262.6872554840486,20
CSEA,DTLZ1,10,30,279,262.6872554840486,20
CSEA,DTLZ1,10,30,280,262.6872554840486,20
CSEA,DTLZ1,10,30,281,262.6872554840486,20
CSEA,DTLZ1,10,30,282,262.6872554840486,20
CSEA,DTLZ1,10,30,283,262.6872554840486,20
CSEA,DTLZ1,10,30,284,262.6872554840486,20
CSEA,DTLZ1,10,30,285,262.2558176141593,20
CSEA,DTLZ1,10,30,286,260.88810059938334,20
CSEA,DTLZ1,10,30,287,255.97940471114939,20
CSEA,DTLZ1,10,30,288,255.68984780483365,20
CSEA,DTLZ1,10,30,289,255.68984780483365,20
CSEA,DTLZ1,10,30,290,255.68984780483365,20
CSEA,DTLZ1,10,30,291,255.68984780483365,20
CSEA,DTLZ1,10,30,292,255.68984780483365,20
CSEA,DTLZ1,10,30,293,255.68984780483365,20
CSEA,DTLZ1,10,30,294,255.68984780483365,20
CSEA,DTLZ1,10,30,295,255.68984780483365,20
CSEA,DTLZ1,10,30,296,255.68984780483365,20
CSEA,DTLZ1,10,30,297,255.59111918074217,20
CSEA,DTLZ1,10,30,298,255.59111918074217,20
CSEA,DTLZ1,10,30,299,252.0729443363973,20
CSEA,DTLZ1,10,30,300,244.56641587724107,20
CSEA,DTLZ1,10,30,301,244.4141157047871,20
CSEA,DTLZ1,10,30,302,244.4141157047871,20
CSEA,DTLZ1,10,30,303,244.4141157047871,20
CSEA,DTLZ1,10,30,304,244.4141157047871,20
CSEA,DTLZ1,10,30,305,244.4141157047871,20
CSEA,DTLZ1,10,30,306,244.4141157047871,20
CSEA,DTLZ1,10,30,307,244.4141157047871,20
CSEA,DTLZ1,10,30,308,244.4141157047871,20
CSEA,DTLZ1,10,30,309,240.53974864109009,20
CSEA,DTLZ1,10,30,310,239.3344625111959,20
CSEA,DTLZ1,10,30,311,234.13524232204264,20
CSEA,DTLZ1,10,30,312,233.84737282916885,20
CSEA,DTLZ1,10,30,313,233.84737282916885,20
CSEA,DTLZ1,10,30,314,233.84737282916885,20
CSEA,DTLZ1,10,30,315,233.84737282916885,20
CSEA,DTLZ1,10,30,316,233.84737282916885,20
CSEA,DTLZ1,10,30,317,233.84737282916885,20
CSEA,DTLZ1,10,30,318,233.84737282916885,20
CSEA,DTLZ1,10,30,319,233.84737282916885,20
CSEA,DTLZ1,10,30,320,233.84737282916885,20
CSEA,DTLZ1,10,30,321,233.22549566982266,20
CSEA,DTLZ1,10,30,322,233.22549566982266,20
CSEA,DTLZ1,10,30,323,230.7872956654875,20
CSEA,DTLZ1,10,30,324,227.76725788677476,20
CSEA,DTLZ1,10,30,325,226.00544664779449,20
CSEA,DTLZ1,10,30,326,226.00544664779449,20
CSEA,DTLZ1,10,30,327,226.00544664779449,20
CSEA,DTLZ1,10,30,328,226.00544664779449,20
CSEA,DTLZ1,10,30,329,226.00544664779449,20
CSEA,DTLZ1,10,30,330,226.00544664779449,20
CSEA,DTLZ1,10,30,331,226.00544664779449,20
CSEA,DTLZ1,10,30,332,226.00544664779449,20
CSEA,DTLZ1,10,30,333,226.00544664779449,20
CSEA,DTLZ1,10,30,334,225.5079372144704,20
CSEA,DTLZ1,10,30,335,225.36219625031396,20
CSEA,DTLZ1,10,30,336,214.73282811208304,20
CSEA,DTLZ1,10,30,337,214.73282811208304,20
CSEA,DTLZ1,10,30,338,214.73282811208304,20
CSEA,DTLZ1,10,30,339,214.73282811208304,20
CSEA,DTLZ1,10,30,340,214.73282811208304,20
CSEA,DTLZ1,10,30,341,214.73282811208304,20
CSEA,DTLZ1,10,30,342,214.73282811208304,20
CSEA,DTLZ1,10,30,343,214.73282811208304,20
CSEA,DTLZ1,10,30,344,214.73282811208304,20
CSEA,DTLZ1,10,30,345,214.73282811208304,20
CSEA,DTLZ1,10,30,346,213.0594173406339,20
CSEA,DTLZ1,10,30,347,213.0594173406339,20
CSEA,DTLZ1,10,30,348,210.4840845230182,20
CSEA,DTLZ1,10,30,349,210.4840845230182,20
CSEA,DTLZ1,10,30,350,210.4840845230182,20
CSEA,DTLZ1,10,30,351,210.4840845230182,20
CSEA,DTLZ1,10,30,352,210.4840845230182,20
CSEA,DTLZ1,10,30,353,210.4840845230182,20
CSEA,DTLZ1,10,30,354,210.4840845230182,20
CSEA,DTLZ1,10,30,355,210.4840845230182,20
CSEA,DTLZ1,10,30,356,210.4840845230182,20
CSEA,DTLZ1,10,30,357,210.38629776626644,20
CSEA,DTLZ1,10,30,358,209.44598595678136,20
CSEA,DTLZ1,10,30,359,207.66509098372103,20
CSEA,DTLZ1,10,30,360,206.5942668722946,20
CSEA,DTLZ1,10,30,361,206.5942668722946,20
CSEA,DTLZ1,10,30,362,206.5942668722946,20
CSEA,DTLZ1,10,30,363,206.5942668722946,20
CSEA,DTLZ1,10,30,364,206.5942668722946,20
CSEA,DTLZ1,10,30,365,206.5942668722946,20
CSEA,DTLZ1,10,30,366,206.5942668722946,20
CSEA,DTLZ1,10,30,367,206.5942668722946,20
CSEA,DTLZ1,10,30,368,206.5942668722946,20
CSEA,DTLZ1,10,30,369,206.5942668722946,20
CSEA,DTLZ1,10,30,370,206.5942668722946,20
CSEA,DTLZ1,10,30,371,206.5942668722946,20
CSEA,DTLZ1,10,30,372,205.19231838100671,20
CSEA,DTLZ1,10,30,373,205.19231838100671,20
CSEA,DTLZ1,10,30,374,205.18539073397056,20
CSEA,DTLZ1,10,30,375,205.18539073397056,20
CSEA,DTLZ1,10,30,376,205.18539073397056,20
CSEA,DTLZ1,10,30,377,205.18539073397056,20
CSEA,DTLZ1,10,30,378,205.18539073397056,20
CSEA,DTLZ1,10,30,379,205.18539073397056,20
CSEA,DTLZ1,10,30,380,205.18539073397056,20
CSEA,DTLZ1,10,30,381,201.44404879797656,20
CSEA,DTLZ1,10,30,382,199.6135378916923,20
CSEA,DTLZ1,10,30,383,194.21562460882762,20
CSEA,DTLZ1,10,30,384,194.21562460882762,20
CSEA,DTLZ1,10,30,385,194.21562460882762,20
CSEA,DTLZ1,10,30,386,194.21562460882762,20
CSEA,DTLZ1,10,30,387,194.21562460882762,20
CSEA,DTLZ1,10,30,388,194.21562460882762,20
CSEA,DTLZ1,10,30,389,194.21562460882762,20
CSEA,DTLZ1,10,30,390,194.21562460882762,20
CSEA,DTLZ1,10,30,391,194.21562460882762,20
CSEA,DTLZ1,10,30,392,194.21562460882762,20
CSEA,DTLZ1,10,30,393,194.21562460882762,20
CSEA,DTLZ1,10,30,394,191.8349433166435,20
CSEA,DTLZ1,10,30,395,188.15966670762788,20
CSEA,DTLZ1,10,30,396,187.74813487599218,20
CSEA,DTLZ1,10,30,397,187.74813487599218,20
CSEA,DTLZ1,10,30,398,185.63143568084212,20
CSEA,DTLZ1,10,30,399,185.63143568084212,20
CSEA,DTLZ1,10,30,400,185.63143568084212,20
CSEA,DTLZ1,10,30,401,185.63143568084212,20
CSEA,DTLZ1,10,30,402,185.63143568084212,20
CSEA,DTLZ1,10,30,403,185.63143568084212,20
CSEA,DTLZ1,10,30,404,185.63143568084212,20
CSEA,DTLZ1,10,30,405,185.33872992183848,20
CSEA,DTLZ1,10,30,406,185.20381466208764,20
CSEA,DTLZ1,10,30,407,184.81857830289394,20
CSEA,DTLZ1,10,30,408,184.8185780570496,20
CSEA,DTLZ1,10,30,409,183.99178221628628,20
CSEA,DTLZ1,10,30,410,183.99178221628628,20
CSEA,DTLZ1,10,30,411,183.99178221628628,20
CSEA,DTLZ1,10,30,412,183.99178221628628,20
CSEA,DTLZ1,10,30,413,183.99178221628628,20
CSEA,DTLZ1,10,30,414,183.99178221628628,20
CSEA,DTLZ1,10,30,415,183.99178221628628,20
CSEA,DTLZ1,10,30,416,183.99178221628628,20
CSEA,DTLZ1,10,30,417,183.99178221628628,20
CSEA,DTLZ1,10,30,418,183.99178221628628,20
CSEA,DTLZ1,10,30,419,183.99178221628628,20
CSEA,DTLZ1,10,30,420,183.99178221628628,20
CSEA,DTLZ1,10,30,421,183.99178221628628,20
CSEA,DTLZ1,10,30,422,183.99178221628628,20
CSEA,DTLZ1,10,30,423,183.99178221628628,20
CSEA,DTLZ1,10,30,424,183.99178221628628,20
CSEA,DTLZ1,10,30,425,183.99178221628628,20
CSEA,DTLZ1,10,30,426,183.99178221628628,20
CSEA,DTLZ1,10,30,427,183.99178221628628,20
CSEA,DTLZ1,10,30,428,183.99178221628628,20
CSEA,DTLZ1,10,30,429,181.49972555723812,20
CSEA,DTLZ1,10,30,430,181.49972555723812,20
CSEA,DTLZ1,10,30,431,177.6686260852372,20
CSEA,DTLZ1,10,30,432,174.77761895529932,20
CSEA,DTLZ1,10,30,433,174.77761895529932,20
CSEA,DTLZ1,10,30,434,174.77761895529932,20
CSEA,DTLZ1,10,30,435,174.77761895529932,20
CSEA,DTLZ1,10,30,436,174.77761895529932,20
CSEA,DTLZ1,10,30,437,174.77761895529932,20
CSEA,DTLZ1,10,30,438,174.77761895529932,20
CSEA,DTLZ1,10,30,439,174.77761895529932,20
CSEA,DTLZ1,10,30,440,174.77761895529932,20
CSEA,DTLZ1,10,30,441,173.0777121441129,20
CSEA,DTLZ1,10,30,442,170.33506419315643,20
CSEA,DTLZ1,10,30,443,168.03204356839257,20
CSEA,DTLZ1,10,30,444,166.79254797722604,20
CSEA,DTLZ1,10,30,445,166.79254797722604,20
CSEA,DTLZ1,10,30,446,166.79254797722604,20
CSEA,DTLZ1,10,30,447,166.79254797722604,20
CSEA,DTLZ1,10,30,448,166.79254797722604,20
CSEA,DTLZ1,10,30,449,166.79254797722604,20
CSEA,DTLZ1,10,30,450,166.79254797722604,20
CSEA,DTLZ1,10,30,451,166.79254797722604,20
CSEA,DTLZ1,10,30,452,166.79254797722604,20
CSEA,DTLZ1,10,30,453,166.79254797722604,20
CSEA,DTLZ1,10,30,454,166.79254797722604,20
CSEA,DTLZ1,10,30,455,166.66692117319423,20
CSEA,DTLZ1,10,30,456,166.66692117319423,20
CSEA,DTLZ1,10,30,457,166.66692117319423,20
CSEA,DTLZ1,10,30,458,166.66692117319423,20
CSEA,DTLZ1,10,30,459,166.66692117319423,20
CSEA,DTLZ1,10,30,460,166.66692117319423,20
CSEA,DTLZ1,10,30,461,166.66692117319423,20
CSEA,DTLZ1,10,30,462,166.66692117319423,20
CSEA,DTLZ1,10,30,463,166.66692117319423,20
CSEA,DTLZ1,10,30,464,166.66692117319423,20
CSEA,DTLZ1,10,30,465,166.6410568451126,20
CSEA,DTLZ1,10,30,466,165.3557455714224,20
CSEA,DTLZ1,10,30,467,165.3557455714224,20
CSEA,DTLZ1,10,30,468,165.3557455714224,20
CSEA,DTLZ1,10,30,469,165.3557455714224,20
CSEA,DTLZ1,10,30,470,165.3557455714224,20
CSEA,DTLZ1,10,30,471,165.3557455714224,20
CSEA,DTLZ1,10,30,472,165.3557455714224,20
CSEA,DTLZ1,10,30,473,165.3557455714224,20
CSEA,DTLZ1,10,30,474,165.3557455714224,20
CSEA,DTLZ1,10,30,475,165.3557455714224,20
CSEA,DTLZ1,10,30,476,165.3557455714224,20
CSEA,DTLZ1,10,30,477,164.95326630296609,20
CSEA,DTLZ1,10,30,478,164.95326630296609,20
CSEA,DTLZ1,10,30,479,163.04804789067552,20
CSEA,DTLZ1,10,30,480,160.77960171583732,20
CSEA,DTLZ1,10,30,481,160.77960171583732,20
CSEA,DTLZ1,10,30,482,160.77960171583732,20
CSEA,DTLZ1,10,30,483,160.77960171583732,20
CSEA,DTLZ1,10,30,484,160.77960171583732,20
CSEA,DTLZ1,10,30,485,160.77960171583732,20
CSEA,DTLZ1,10,30,486,160.77960171583732,20
CSEA,DTLZ1,10,30,487,160.77960171583732,20
CSEA,DTLZ1,10,30,488,160.77960171583732,20
CSEA,DTLZ1,10,30,489,160.77960171583732,20
CSEA,DTLZ1,10,30,490,160.77960171583732,20
CSEA,DTLZ1,10,30,491,160.77960171583732,20
CSEA,DTLZ1,10,30,492,160.77960171583732,20
CSEA,DTLZ1,10,30,493,160.77960171583732,20
CSEA,DTLZ1,10,30,494,160.77960171583732,20
CSEA,DTLZ1,10,30,495,160.77960171583732,20
CSEA,DTLZ1,10,30,496,160.77960171583732,20
CSEA,DTLZ1,10,30,497,160.77960171583732,20
CSEA,DTLZ1,10,30,498,160.77960171583732,20
CSEA,DTLZ1,10,30,499,160.77960171583732,20
CSEA,DTLZ1,10,30,500,160.77960171583732,20
HES_EA,DTLZ1,10,30,329,364.9359023056542,20
HES_EA,DTLZ1,10,30,330,364.9359023056542,20
HES_EA,DTLZ1,10,30,331,364.9359023056542,20
HES_EA,DTLZ1,10,30,332,364.9359023056542,20
HES_EA,DTLZ1,10,30,333,364.9359023056542,20
HES_EA,DTLZ1,10,30,334,363.6026880015317,20
HES_EA,DTLZ1,10,30,335,363.6026880015317,20
HES_EA,DTLZ1,10,30,336,363.6026880015317,20
HES_EA,DTLZ1,10,30,337,363.6026880015317,20
HES_EA,DTLZ1,10,30,338,363.6026880015317,20
HES_EA,DTLZ1,10,30,339,357.1199965092448,20
HES_EA,DTLZ1,10,30,340,357.1199965092448,20
HES_EA,DTLZ1,10,30,341,357.1199965092448,20
HES_EA,DTLZ1,10,30,342,357.1199965092448,20
HES_EA,DTLZ1,10,30,343,357.1199965092448,20
HES_EA,DTLZ1,10,30,344,350.2260000677099,20
HES_EA,DTLZ1,10,30,345,350.2260000677099,20
HES_EA,DTLZ1,10,30,346,350.2260000677099,20
HES_EA,DTLZ1,10,30,347,350.2260000677099,20
HES_EA,DTLZ1,10,30,348,350.2260000677099,20
HES_EA,DTLZ1,10,30,349,346.23379819539576,20
HES_EA,DTLZ1,10,30,350,346.23379819539576,20
HES_EA,DTLZ1,10,30,351,346.23379819539576,20
HES_EA,DTLZ1,10,30,352,346.23379819539576,20
HES_EA,DTLZ1,10,30,353,346.23379819539576,20
HES_EA,DTLZ1,10,30,354,337.5473154609681,20
HES_EA,DTLZ1,10,30,355,337.5473154609681,20
HES_EA,DTLZ1,10,30,356,337.5473154609681,20
HES_EA,DTLZ1,10,30,357,337.5473154609681,20
HES_EA,DTLZ1,10,30,358,337.5473154609681,20
HES_EA,DTLZ1,10,30,359,330.34083962986625,20
HES_EA,DTLZ1,10,30,360,330.34083962986625,20
HES_EA,DTLZ1,10,30,361,330.34083962986625,20
HES_EA,DTLZ1,10,30,362,330.34083962986625,20
HES_EA,DTLZ1,10,30,363,330.34083962986625,20
HES_EA,DTLZ1,10,30,364,323.19015991303,20
HES_EA,DTLZ1,10,30,365,323.19015991303,20
HES_EA,DTLZ1,10,30,366,323.19015991303,20
HES_EA,DTLZ1,10,30,367,323.19015991303,20
HES_EA,DTLZ1,10,30,368,323.19015991303,20
HES_EA,DTLZ1,10,30,369,315.5621116560742,20
HES_EA,DTLZ1,10,30,370,315.5621116560742,20
HES_EA,DTLZ1,10,30,371,315.5621116560742,20
HES_EA,DTLZ1,10,30,372,315.5621116560742,20
HES_EA,DTLZ1,10,30,373,315.5621116560742,20
HES_EA,DTLZ1,10,30,374,303.85869165459223,20
HES_EA,DTLZ1,10,30,375,303.85869165459223,20
HES_EA,DTLZ1,10,30,376,303.85869165459223,20
HES_EA,DTLZ1,10,30,377,303.85869165459223,20
HES_EA,DTLZ1,10,30,378,303.85869165459223,20
HES_EA,DTLZ1,10,30,379,303.31957688311496,20
HES_EA,DTLZ1,10,30,380,303.31957688311496,20
HES_EA,DTLZ1,10,30,381,303.31957688311496,20
HES_EA,DTLZ1,10,30,382,303.31957688311496,20
HES_EA,DTLZ1,10,30,383,303.31957688311496,20
HES_EA,DTLZ1,10,30,384,302.48571477945615,20
HES_EA,DTLZ1,10,30,385,302.48571477945615,20
HES_EA,DTLZ1,10,30,386,302.48571477945615,20
HES_EA,DTLZ1,10,30,387,302.48571477945615,20
HES_EA,DTLZ1,10,30,388,302.48571477945615,20
HES_EA,DTLZ1,10,30,389,299.06594528365457,20
HES_EA,DTLZ1,10,30,390,299.06594528365457,20
HES_EA,DTLZ1,10,30,391,299.06594528365457,20
HES_EA,DTLZ1,10,30,392,299.06594528365457,20
HES_EA,DTLZ1,10,30,393,299.06594528365457,20
HES_EA,DTLZ1,10,30,394,295.13747692807425,20
HES_EA,DTLZ1,10,30,395,295.13747692807425,20
HES_EA,DTLZ1,10,30,396,295.13747692807425,20
HES_EA,DTLZ1,10,30,397,295.13747692807425,20
HES_EA,DTLZ1,10,30,398,295.13747692807425,20
HES_EA,DTLZ1,10,30,399,294.41641351726184,20
HES_EA,DTLZ1,10,30,400,294.41641351726184,20
HES_EA,DTLZ1,10,30,401,294.41641351726184,20
HES_EA,DTLZ1,10,30,402,294.41641351726184,20
HES_EA,DTLZ1,10,30,403,294.41641351726184,20
HES_EA,DTLZ1,10,30,404,290.5899856972586,20
HES_EA,DTLZ1,10,30,405,290.5899856972586,20
HES_EA,DTLZ1,10,30,406,290.5899856972586,20
HES_EA,DTLZ1,10,30,407,290.5899856972586,20
HES_EA,DTLZ1,10,30,408,290.5899856972586,20
HES_EA,DTLZ1,10,30,409,290.5899856972586,20
HES_EA,DTLZ1,10,30,410,290.5899856972586,20
HES_EA,DTLZ1,10,30,411,290.5899856972586,20
HES_EA,DTLZ1,10,30,412,290.5899856972586,20
HES_EA,DTLZ1,10,30,413,290.5899856972586,20
HES_EA,DTLZ1,10,30,414,287.65074316415223,20
HES_EA,DTLZ1,10,30,415,287.65074316415223,20
HES_EA,DTLZ1,10,30,416,287.65074316415223,20
HES_EA,DTLZ1,10,30,417,287.65074316415223,20
HES_EA,DTLZ1,10,30,418,287.65074316415223,20
HES_EA,DTLZ1,10,30,419,287.65074316415223,20
HES_EA,DTLZ1,10,30,420,287.65074316415223,20
HES_EA,DTLZ1,10,30,421,287.65074316415223,20
HES_EA,DTLZ1,10,30,422,287.65074316415223,20
HES_EA,DTLZ1,10,30,423,287.65074316415223,20
HES_EA,DTLZ1,10,30,424,287.65074316415223,20
HES_EA,DTLZ1,10,30,425,287.65074316415223,20
HES_EA,DTLZ1,10,30,426,287.65074316415223,20
HES_EA,DTLZ1,10,30,427,287.65074316415223,20
HES_EA,DTLZ1,10,30,428,287.65074316415223,20
HES_EA,DTLZ1,10,30,429,287.65074316415223,20
HES_EA,DTLZ1,10,30,430,287.65074316415223,20
HES_EA,DTLZ1,10,30,431,287.65074316415223,20
HES_EA,DTLZ1,10,30,432,287.65074316415223,20
HES_EA,DTLZ1,10,30,433,287.65074316415223,20
HES_EA,DTLZ1,10,30,434,287.65074316415223,20
HES_EA,DTLZ1,10,30,435,287.65074316415223,20
HES_EA,DTLZ1,10,30,436,287.65074316415223,20
HES_EA,DTLZ1,10,30,437,287.65074316415223,20
HES_EA,DTLZ1,10,30,438,287.65074316415223,20
HES_EA,DTLZ1,10,30,439,287.65074316415223,20
HES_EA,DTLZ1,10,30,440,287.65074316415223,20
HES_EA,DTLZ1,10,30,441,287.65074316415223,20
HES_EA,DTLZ1,10,30,442,287.65074316415223,20
HES_EA,DTLZ1,10,30,443,287.65074316415223,20
HES_EA,DTLZ1,10,30,444,273.546445938302,20
HES_EA,DTLZ1,10,30,445,273.546445938302,20
HES_EA,DTLZ1,10,30,446,273.546445938302,20
HES_EA,DTLZ1,10,30,447,273.546445938302,20
HES_EA,DTLZ1,10,30,448,273.546445938302,20
HES_EA,DTLZ1,10,30,449,273.546445938302,20
HES_EA,DTLZ1,10,30,450,273.546445938302,20
HES_EA,DTLZ1,10,30,451,273.546445938302,20
HES_EA,DTLZ1,10,30,452,273.546445938302,20
HES_EA,DTLZ1,10,30,453,273.546445938302,20
HES_EA,DTLZ1,10,30,454,273.546445938302,20
HES_EA,DTLZ1,10,30,455,273.546445938302,20
HES_EA,DTLZ1,10,30,456,273.546445938302,20
HES_EA,DTLZ1,10,30,457,273.546445938302,20
HES_EA,DTLZ1,10,30,458,273.546445938302,20
HES_EA,DTLZ1,10,30,459,273.546445938302,20
HES_EA,DTLZ1,10,30,460,273.546445938302,20
HES_EA,DTLZ1,10,30,461,273.546445938302,20
HES_EA,DTLZ1,10,30,462,273.546445938302,20
HES_EA,DTLZ1,10,30,463,273.546445938302,20
HES_EA,DTLZ1,10,30,464,273.546445938302,20
HES_EA,DTLZ1,10,30,465,273.546445938302,20
HES_EA,DTLZ1,10,30,466,273.546445938302,20
HES_EA,DTLZ1,10,30,467,273.546445938302,20
HES_EA,DTLZ1,10,30,468,273.546445938302,20
HES_EA,DTLZ1,10,30,469,266.72262452248094,20
HES_EA,DTLZ1,10,30,470,266.72262452248094,20
HES_EA,DTLZ1,10,30,471,266.72262452248094,20
HES_EA,DTLZ1,10,30,472,266.72262452248094,20
HES_EA,DTLZ1,10,30,473,266.72262452248094,20
HES_EA,DTLZ1,10,30,474,266.72262452248094,20
HES_EA,DTLZ1,10,30,475,266.72262452248094,20
HES_EA,DTLZ1,10,30,476,266.72262452248094,20
HES_EA,DTLZ1,10,30,477,266.72262452248094,20
HES_EA,DTLZ1,10,30,478,266.72262452248094,20
HES_EA,DTLZ1,10,30,479,266.72262452248094,20
HES_EA,DTLZ1,10,30,480,266.72262452248094,20
HES_EA,DTLZ1,10,30,481,266.72262452248094,20
HES_EA,DTLZ1,10,30,482,266.72262452248094,20
HES_EA,DTLZ1,10,30,483,266.72262452248094,20
HES_EA,DTLZ1,10,30,484,266.72262452248094,20
HES_EA,DTLZ1,10,30,485,266.72262452248094,20
HES_EA,DTLZ1,10,30,486,266.72262452248094,20
HES_EA,DTLZ1,10,30,487,266.72262452248094,20
HES_EA,DTLZ1,10,30,488,266.72262452248094,20
HES_EA,DTLZ1,10,30,489,266.72262452248094,20
HES_EA,DTLZ1,10,30,490,266.72262452248094,20
HES_EA,DTLZ1,10,30,491,266.72262452248094,20
HES_EA,DTLZ1,10,30,492,266.72262452248094,20
HES_EA,DTLZ1,10,30,493,266.72262452248094,20
HES_EA,DTLZ1,10,30,494,266.72262452248094,20
HES_EA,DTLZ1,10,30,495,266.72262452248094,20
HES_EA,DTLZ1,10,30,496,266.72262452248094,20
HES_EA,DTLZ1,10,30,497,266.72262452248094,20
HES_EA,DTLZ1,10,30,498,266.72262452248094,20
HES_EA,DTLZ1,10,30,499,266.72262452248094,20
HES_EA,DTLZ1,10,30,500,266.72262452248094,20
SSDE,DTLZ1,10,30,100,389.2918471092322,20
SSDE,DTLZ1,10,30,101,389.2918471092322,20
SSDE,DTLZ1,10,30,102,389.2918471092322,20
SSDE,DTLZ1,10,30,103,389.2918471092322,20
SSDE,DTLZ1,10,30,104,389.2918471092322,20
SSDE,DTLZ1,10,30,105,389.2918471092322,20
SSDE,DTLZ1,10,30,106,389.2918471092322,20
SSDE,DTLZ1,10,30,107,389.2918471092322,20
SSDE,DTLZ1,10,30,108,389.2918471092322,20
SSDE,DTLZ1,10,30,109,389.2918471092322,20
SSDE,DTLZ1,10,30,110,389.2918471092322,20
SSDE,DTLZ1,10,30,111,389.2918471092322,20
SSDE,DTLZ1,10,30,112,389.2918471092322,20
SSDE,DTLZ1,10,30,113,389.2918471092322,20
SSDE,DTLZ1,10,30,114,389.2918471092322,20
SSDE,DTLZ1,10,30,115,389.2918471092322,20
SSDE,DTLZ1,10,30,116,389.2918471092322,20
SSDE,DTLZ1,10,30,117,389.2918471092322,20
SSDE,DTLZ1,10,30,118,389.2918471092322,20
SSDE,DTLZ1,10,30,119,389.2918471092322,20
SSDE,DTLZ1,10,30,120,386.8232326959883,20
SSDE,DTLZ1,10,30,121,389.59132536969867,20
SSDE,DTLZ1,10,30,122,389.59132536969867,20
SSDE,DTLZ1,10,30,123,389.59132536969867,20
SSDE,DTLZ1,10,30,124,389.59132536969867,20
SSDE,DTLZ1,10,30,125,389.59132536969867,20
SSDE,DTLZ1,10,30,126,389.59132536969867,20
SSDE,DTLZ1,10,30,127,389.59132536969867,20
SSDE,DTLZ1,10,30,128,389.59132536969867,20
SSDE,DTLZ1,10,30,129,387.5520128381888,20
SSDE,DTLZ1,10,30,130,387.5520128381888,20
SSDE,DTLZ1,10,30,131,387.497803554899,20
SSDE,DTLZ1,10,30,132,382.89681556485033,20
SSDE,DTLZ1,10,30,133,379.82498415270703,20
SSDE,DTLZ1,10,30,134,371.2988394274941,20
SSDE,DTLZ1,10,30,135,364.4065082505407,20
SSDE,DTLZ1,10,30,136,364.4065082505407,20
SSDE,DTLZ1,10,30,137,359.92060306750625,20
SSDE,DTLZ1,10,30,138,359.92060306750625,20
SSDE,DTLZ1,10,30,139,359.1356485748946,20
SSDE,DTLZ1,10,30,140,359.1356485748946,20
SSDE,DTLZ1,10,30,141,359.1356485748946,20
SSDE,DTLZ1,10,30,142,359.1356485748946,20
SSDE,DTLZ1,10,30,143,359.1356485748946,20
SSDE,DTLZ1,10,30,144,359.1356485748946,20
SSDE,DTLZ1,10,30,145,359.1356485748946,20
SSDE,DTLZ1,10,30,146,359.1356485748946,20
SSDE,DTLZ1,10,30,147,359.1356485748946,20
SSDE,DTLZ1,10,30,148,359.1356485748946,20
SSDE,DTLZ1,10,30,149,359.1356485748946,20
SSDE,DTLZ1,10,30,150,353.6202794187111,20
SSDE,DTLZ1,10,30,151,353.6202794187111,20
SSDE,DTLZ1,10,30,152,353.6202794187111,20
SSDE,DTLZ1,10,30,153,344.47951935185864,20
SSDE,DTLZ1,10,30,154,344.47951935185864,20
SSDE,DTLZ1,10,30,155,344.47951935185864,20
SSDE,DTLZ1,10,30,156,344.47951935185864,20
SSDE,DTLZ1,10,30,157,343.3743740284571,20
SSDE,DTLZ1,10,30,158,343.34159854113966,20
SSDE,DTLZ1,10,30,159,339.69518785648404,20
SSDE,DTLZ1,10,30,160,339.69518785648404,20
SSDE,DTLZ1,10,30,161,335.88251621537114,20
SSDE,DTLZ1,10,30,162,335.88251621537114,20
SSDE,DTLZ1,10,30,163,334.6906393433952,20
SSDE,DTLZ1,10,30,164,334.6906393433952,20
SSDE,DTLZ1,10,30,165,321.21770440016587,20
SSDE,DTLZ1,10,30,166,321.21770440016587,20
SSDE,DTLZ1,10,30,167,321.21770440016587,20
SSDE,DTLZ1,10,30,168,321.21770440016587,20
SSDE,DTLZ1,10,30,169,321.21770440016587,20
SSDE,DTLZ1,10,30,170,321.21770440016587,20
SSDE,DTLZ1,10,30,171,321.21770440016587,20
SSDE,DTLZ1,10,30,172,321.21770440016587,20
SSDE,DTLZ1,10,30,173,321.21770440016587,20
SSDE,DTLZ1,10,30,174,321.21770440016587,20
SSDE,DTLZ1,10,30,175,321.21770440016587,20
SSDE,DTLZ1,10,30,176,320.5462625583705,20
SSDE,DTLZ1,10,30,177,320.5462625583705,20
SSDE,DTLZ1,10,30,178,317.2348409510035,20
SSDE,DTLZ1,10,30,179,317.2348409510035,20
SSDE,DTLZ1,10,30,180,314.7823782193658,20
SSDE,DTLZ1,10,30,181,314.7823782193658,20
SSDE,DTLZ1,10,30,182,314.1986067914014,20
SSDE,DTLZ1,10,30,183,314.1986067914014,20
SSDE,DTLZ1,10,30,184,314.1986067914014,20
SSDE,DTLZ1,10,30,185,314.1986067914014,20
SSDE,DTLZ1,10,30,186,313.96603246051205,20
SSDE,DTLZ1,10,30,187,319.8760596288755,20
SSDE,DTLZ1,10,30,188,321.7994171931269,20
SSDE,DTLZ1,10,30,189,321.7994171931269,20
SSDE,DTLZ1,10,30,190,321.7994171931269,20
SSDE,DTLZ1,10,30,191,321.7994171931269,20
SSDE,DTLZ1,10,30,192,321.7994171931269,20
SSDE,DTLZ1,10,30,193,321.7994171931269,20
SSDE,DTLZ1,10,30,194,321.7994171931269,20
SSDE,DTLZ1,10,30,195,319.8162360248069,20
SSDE,DTLZ1,10,30,196,319.97379364125004,20
SSDE,DTLZ1,10,30,197,319.97379364125004,20
SSDE,DTLZ1,10,30,198,319.5165066944602,20
SSDE,DTLZ1,10,30,199,319.5165066944602,20
SSDE,DTLZ1,10,30,200,314.2445630887871,20
SSDE,DTLZ1,10,30,201,314.2445630887871,20
SSDE,DTLZ1,10,30,202,310.0484969307598,20
SSDE,DTLZ1,10,30,203,313.0037381743423,20
SSDE,DTLZ1,10,30,204,313.0037381743423,20
SSDE,DTLZ1,10,30,205,313.0037381743423,20
SSDE,DTLZ1,10,30,206,313.0037381743423,20
SSDE,DTLZ1,10,30,207,314.46103555878136,20
SSDE,DTLZ1,10,30,208,314.46103555878136,20
SSDE,DTLZ1,10,30,209,314.46103555878136,20
SSDE,DTLZ1,10,30,210,314.46103555878136,20
SSDE,DTLZ1,10,30,211,314.46103555878136,20
SSDE,DTLZ1,10,30,212,314.46103555878136,20
SSDE,DTLZ1,10,30,213,314.46103555878136,20
SSDE,DTLZ1,10,30,214,314.46103555878136,20
SSDE,DTLZ1,10,30,215,312.93344648024083,20
SSDE,DTLZ1,10,30,216,312.93344648024083,20
SSDE,DTLZ1,10,30,217,312.93344648024083,20
SSDE,DTLZ1,10,30,218,312.93344648024083,20
SSDE,DTLZ1,10,30,219,312.93344648024083,20
SSDE,DTLZ1,10,30,220,312.7934111717676,20
SSDE,DTLZ1,10,30,221,312.7934111717676,20
SSDE,DTLZ1,10,30,222,312.7934111717676,20
SSDE,DTLZ1,10,30,223,313.4283550517229,20
SSDE,DTLZ1,10,30,224,313.4283550517229,20
SSDE,DTLZ1,10,30,225,313.4283550517229,20
SSDE,DTLZ1,10,30,226,313.4283550517229,20
SSDE,DTLZ1,10,30,227,313.4283550517229,20
SSDE,DTLZ1,10,30,228,311.44410232737187,20
SSDE,DTLZ1,10,30,229,311.44410232737187,20
SSDE,DTLZ1,10,30,230,311.44410232737187,20
SSDE,DTLZ1,10,30,231,311.44410232737187,20
SSDE,DTLZ1,10,30,232,311.44410232737187,20
SSDE,DTLZ1,10,30,233,311.44410232737187,20
SSDE,DTLZ1,10,30,234,311.44410232737187,20
SSDE,DTLZ1,10,30,235,311.44410232737187,20
SSDE,DTLZ1,10,30,236,309.20861935354253,20
SSDE,DTLZ1,10,30,237,309.20861935354253,20
SSDE,DTLZ1,10,30,238,309.20861935354253,20
SSDE,DTLZ1,10,30,239,309.20861935354253,20
SSDE,DTLZ1,10,30,240,309.20861935354253,20
SSDE,DTLZ1,10,30,241,309.20861935354253,20
SSDE,DTLZ1,10,30,242,308.10258217166654,20
SSDE,DTLZ1,10,30,243,308.10258217166654,20
SSDE,DTLZ1,10,30,244,308.10258217166654,20
SSDE,DTLZ1,10,30,245,308.10513609144124,20
SSDE,DTLZ1,10,30,246,308.10513609144124,20
SSDE,DTLZ1,10,30,247,308.10513609144124,20
SSDE,DTLZ1,10,30,248,313.4741385784142,20
SSDE,DTLZ1,10,30,249,313.4741385784142,20
SSDE,DTLZ1,10,30,250,313.20224901819734,20
SSDE,DTLZ1,10,30,251,314.16248880703,20
SSDE,DTLZ1,10,30,252,314.16248880703,20
SSDE,DTLZ1,10,30,253,314.16248880703,20
SSDE,DTLZ1,10,30,254,314.16248880703,20
SSDE,DTLZ1,10,30,255,314.16248880703,20
SSDE,DTLZ1,10,30,256,315.2768101832203,20
SSDE,DTLZ1,10,30,257,315.2768101832203,20
SSDE,DTLZ1,10,30,258,315.2768101832203,20
SSDE,DTLZ1,10,30,259,315.2768101832203,20
SSDE,DTLZ1,10,30,260,314.3130745969592,20
SSDE,DTLZ1,10,30,261,313.2974227048303,20
SSDE,DTLZ1,10,30,262,312.9294014525779,20
SSDE,DTLZ1,10,30,263,313.51317288054224,20
SSDE,DTLZ1,10,30,264,313.51317288054224,20
SSDE,DTLZ1,10,30,265,313.51317288054224,20
SSDE,DTLZ1,10,30,266,313.51317288054224,20
SSDE,DTLZ1,10,30,267,313.00122073663863,20
SSDE,DTLZ1,10,30,268,313.00122073663863,20
SSDE,DTLZ1,10,30,269,312.57067830772723,20
SSDE,DTLZ1,10,30,270,311.4519447333638,20
SSDE,DTLZ1,10,30,271,311.4519447333638,20
SSDE,DTLZ1,10,30,272,311.4519447333638,20
SSDE,DTLZ1,10,30,273,311.4519447333638,20
SSDE,DTLZ1,10,30,274,311.3501804334325,20
SSDE,DTLZ1,10,30,275,311.3501804334325,20
SSDE,DTLZ1,10,30,276,309.549942636815,20
SSDE,DTLZ1,10,30,277,309.549942636815,20
SSDE,DTLZ1,10,30,278,309.549942636815,20
SSDE,DTLZ1,10,30,279,308.36150540320074,20
SSDE,DTLZ1,10,30,280,308.36150540320074,20
SSDE,DTLZ1,10,30,281,305.8653382084747,20
SSDE,DTLZ1,10,30,282,305.8653382084747,20
SSDE,DTLZ1,10,30,283,305.8653382084747,20
SSDE,DTLZ1,10,30,284,304.16350249450545,20
SSDE,DTLZ1,10,30,285,304.16350249450545,20
SSDE,DTLZ1,10,30,286,305.8315046314716,20
SSDE,DTLZ1,10,30,287,305.8315046314716,20
SSDE,DTLZ1,10,30,288,303.7463660230409,20
SSDE,DTLZ1,10,30,289,303.7463660230409,20
SSDE,DTLZ1,10,30,290,300.64707360107275,20
SSDE,DTLZ1,10,30,291,300.64707360107275,20
SSDE,DTLZ1,10,30,292,302.10740039490395,20
SSDE,DTLZ1,10,30,293,302.10740039490395,20
SSDE,DTLZ1,10,30,294,302.10740039490395,20
SSDE,DTLZ1,10,30,295,302.10740039490395,20
SSDE,DTLZ1,10,30,296,302.10740039490395,20
SSDE,DTLZ1,10,30,297,302.10740039490395,20
SSDE,DTLZ1,10,30,298,305.2066928168721,20
SSDE,DTLZ1,10,30,299,304.3423443554599,20
SSDE,DTLZ1,10,30,300,303.61904111228745,20
SSDE,DTLZ1,10,30,301,304.24622595966747,20
SSDE,DTLZ1,10,30,302,304.24622595966747,20
SSDE,DTLZ1,10,30,303,304.24622595966747,20
SSDE,DTLZ1,10,30,304,304.24622595966747,20
SSDE,DTLZ1,10,30,305,304.24622595966747,20
SSDE,DTLZ1,10,30,306,302.5657682255386,20
SSDE,DTLZ1,10,30,307,302.5657682255386,20
SSDE,DTLZ1,10,30,308,302.35485183653236,20
SSDE,DTLZ1,10,30,309,302.35485183653236,20
SSDE,DTLZ1,10,30,310,298.6533478311529,20
SSDE,DTLZ1,10,30,311,299.14760090496685,20
SSDE,DTLZ1,10,30,312,299.14760090496685,20
SSDE,DTLZ1,10,30,313,296.8650268369238,20
SSDE,DTLZ1,10,30,314,296.8650268369238,20
SSDE,DTLZ1,10,30,315,296.8650268369238,20
SSDE,DTLZ1,10,30,316,296.8650268369238,20
SSDE,DTLZ1,10,30,317,296.8650268369238,20
SSDE,DTLZ1,10,30,318,296.8650268369238,20
SSDE,DTLZ1,10,30,319,295.6575158976125,20
SSDE,DTLZ1,10,30,320,297.9405050401094,20
SSDE,DTLZ1,10,30,321,297.9405050401094,20
SSDE,DTLZ1,10,30,322,297.9405050401094,20
SSDE,DTLZ1,10,30,323,297.9405050401094,20
SSDE,DTLZ1,10,30,324,297.9405050401094,20
SSDE,DTLZ1,10,30,325,299.62096277423814,20
SSDE,DTLZ1,10,30,326,299.62096277423814,20
SSDE,DTLZ1,10,30,327,299.62096277423814,20
SSDE,DTLZ1,10,30,328,299.62096277423814,20
SSDE,DTLZ1,10,30,329,304.0589423315967,20
SSDE,DTLZ1,10,30,330,304.0589423315967,20
SSDE,DTLZ1,10,30,331,304.0589423315967,20
SSDE,DTLZ1,10,30,332,304.0589423315967,20
SSDE,DTLZ1,10,30,333,295.33627726373027,20
SSDE,DTLZ1,10,30,334,295.33627726373027,20
SSDE,DTLZ1,10,30,335,295.33627726373027,20
SSDE,DTLZ1,10,30,336,296.20062572514234,20
SSDE,DTLZ1,10,30,337,293.1657828530457,20
SSDE,DTLZ1,10,30,338,293.1657828530457,20
SSDE,DTLZ1,10,30,339,293.1657828530457,20
SSDE,DTLZ1,10,30,340,293.1657828530457,20
SSDE,DTLZ1,10,30,341,293.1657828530457,20
SSDE,DTLZ1,10,30,342,291.74479744959683,20
SSDE,DTLZ1,10,30,343,291.74479744959683,20
SSDE,DTLZ1,10,30,344,290.340437360447,20
SSDE,DTLZ1,10,30,345,293.73019873689736,20
SSDE,DTLZ1,10,30,346,294.3828484730828,20
SSDE,DTLZ1,10,30,347,298.7119915057045,20
SSDE,DTLZ1,10,30,348,298.7119915057045,20
SSDE,DTLZ1,10,30,349,298.7119915057045,20
SSDE,DTLZ1,10,30,350,298.7119915057045,20
SSDE,DTLZ1,10,30,351,298.7119915057045,20
SSDE,DTLZ1,10,30,352,298.7119915057045,20
SSDE,DTLZ1,10,30,353,298.31515151933957,20
SSDE,DTLZ1,10,30,354,296.61325237994635,20
SSDE,DTLZ1,10,30,355,296.61325237994635,20
SSDE,DTLZ1,10,30,356,298.8200623132011,20
SSDE,DTLZ1,10,30,357,298.8200623132011,20
SSDE,DTLZ1,10,30,358,294.41092631927404,20
SSDE,DTLZ1,10,30,359,294.3978823227094,20
SSDE,DTLZ1,10,30,360,294.3978823227094,20
SSDE,DTLZ1,10,30,361,294.3978823227094,20
SSDE,DTLZ1,10,30,362,294.3978823227094,20
SSDE,DTLZ1,10,30,363,294.3978823227094,20
SSDE,DTLZ1,10,30,364,292.77120854007427,20
SSDE,DTLZ1,10,30,365,291.0269164156345,20
SSDE,DTLZ1,10,30,366,287.97886791368353,20
SSDE,DTLZ1,10,30,367,287.97886791368353,20
SSDE,DTLZ1,10,30,368,287.97886791368353,20
SSDE,DTLZ1,10,30,369,287.97886791368353,20
SSDE,DTLZ1,10,30,370,287.97886791368353,20
SSDE,DTLZ1,10,30,371,290.2541719215462,20
SSDE,DTLZ1,10,30,372,291.1516357953427,20
SSDE,DTLZ1,10,30,373,291.1516357953427,20
SSDE,DTLZ1,10,30,374,291.1516357953427,20
SSDE,DTLZ1,10,30,375,291.1516357953427,20
SSDE,DTLZ1,10,30,376,294.0350628653667,20
SSDE,DTLZ1,10,30,377,290.1383562807597,20
SSDE,DTLZ1,10,30,378,290.1383562807597,20
SSDE,DTLZ1,10,30,379,290.1383562807597,20
SSDE,DTLZ1,10,30,380,290.1383562807597,20
SSDE,DTLZ1,10,30,381,290.1383562807597,20
SSDE,DTLZ1,10,30,382,290.1383562807597,20
SSDE,DTLZ1,10,30,383,290.27177086893215,20
SSDE,DTLZ1,10,30,384,291.5533383756927,20
SSDE,DTLZ1,10,30,385,291.5533383756927,20
SSDE,DTLZ1,10,30,386,289.72369769425296,20
SSDE,DTLZ1,10,30,387,289.72369769425296,20
SSDE,DTLZ1,10,30,388,289.72369769425296,20
SSDE,DTLZ1,10,30,389,287.8155998411829,20
SSDE,DTLZ1,10,30,390,293.18542143461235,20
SSDE,DTLZ1,10,30,391,293.5798209371407,20
SSDE,DTLZ1,10,30,392,290.41757339437044,20
SSDE,DTLZ1,10,30,393,290.4499516582802,20
SSDE,DTLZ1,10,30,394,288.5124963572715,20
SSDE,DTLZ1,10,30,395,285.4380093164644,20
SSDE,DTLZ1,10,30,396,285.4380093164644,20
SSDE,DTLZ1,10,30,397,285.4380093164644,20
SSDE,DTLZ1,10,30,398,285.4380093164644,20
SSDE,DTLZ1,10,30,399,287.52183836565945,20
SSDE,DTLZ1,10,30,400,287.52183836565945,20
SSDE,DTLZ1,10,30,401,287.52183836565945,20
SSDE,DTLZ1,10,30,402,287.52183836565945,20
SSDE,DTLZ1,10,30,403,287.52183836565945,20
SSDE,DTLZ1,10,30,404,287.52183836565945,20
SSDE,DTLZ1,10,30,405,287.52183836565945,20
SSDE,DTLZ1,10,30,406,287.901073157752,20
SSDE,DTLZ1,10,30,407,287.3357243050529,20
SSDE,DTLZ1,10,30,408,287.3357243050529,20
SSDE,DTLZ1,10,30,409,287.3357243050529,20
SSDE,DTLZ1,10,30,410,287.18140728887965,20
SSDE,DTLZ1,10,30,411,287.18140728887965,20
SSDE,DTLZ1,10,30,412,287.18140728887965,20
SSDE,DTLZ1,10,30,413,286.1072629824822,20
SSDE,DTLZ1,10,30,414,286.1072629824822,20
SSDE,DTLZ1,10,30,415,286.1072629824822,20
SSDE,DTLZ1,10,30,416,287.7613054725367,20
SSDE,DTLZ1,10,30,417,287.7613054725367,20
SSDE,DTLZ1,10,30,418,287.7613054725367,20
SSDE,DTLZ1,10,30,419,288.32710992937655,20
SSDE,DTLZ1,10,30,420,288.32710992937655,20
SSDE,DTLZ1,10,30,421,288.32710992937655,20
SSDE,DTLZ1,10,30,422,288.32710992937655,20
SSDE,DTLZ1,10,30,423,288.32710992937655,20
SSDE,DTLZ1,10,30,424,288.32710992937655,20
SSDE,DTLZ1,10,30,425,292.890562939477,20
SSDE,DTLZ1,10,30,426,290.18186885618377,20
SSDE,DTLZ1,10,30,427,291.6398226172346,20
SSDE,DTLZ1,10,30,428,286.35129416586904,20
SSDE,DTLZ1,10,30,429,286.35129416586904,20
SSDE,DTLZ1,10,30,430,285.18031978000937,20
SSDE,DTLZ1,10,30,431,283.8528168707228,20
SSDE,DTLZ1,10,30,432,283.8528168707228,20
SSDE,DTLZ1,10,30,433,283.8528168707228,20
SSDE,DTLZ1,10,30,434,283.8528168707228,20
SSDE,DTLZ1,10,30,435,283.8528168707228,20
SSDE,DTLZ1,10,30,436,286.86441647812893,20
SSDE,DTLZ1,10,30,437,287.8666805469129,20
SSDE,DTLZ1,10,30,438,287.8666805469129,20
SSDE,DTLZ1,10,30,439,287.8666805469129,20
SSDE,DTLZ1,10,30,440,290.57537463020606,20
SSDE,DTLZ1,10,30,441,290.0553055978006,20
SSDE,DTLZ1,10,30,442,289.2650185389634,20
SSDE,DTLZ1,10,30,443,289.53487786820074,20
SSDE,DTLZ1,10,30,444,289.53487786820074,20
SSDE,DTLZ1,10,30,445,289.53487786820074,20
SSDE,DTLZ1,10,30,446,289.53684150422566,20
SSDE,DTLZ1,10,30,447,292.55195202728,20
SSDE,DTLZ1,10,30,448,292.3059539216248,20
SSDE,DTLZ1,10,30,449,292.3059539216248,20
SSDE,DTLZ1,10,30,450,292.3059539216248,20
SSDE,DTLZ1,10,30,451,292.3059539216248,20
SSDE,DTLZ1,10,30,452,294.0660391970434,20
SSDE,DTLZ1,10,30,453,294.0660391970434,20
SSDE,DTLZ1,10,30,454,294.0660391970434,20
SSDE,DTLZ1,10,30,455,294.0660391970434,20
SSDE,DTLZ1,10,30,456,295.1105275600919,20
SSDE,DTLZ1,10,30,457,295.1105275600919,20
SSDE,DTLZ1,10,30,458,295.1105275600919,20
SSDE,DTLZ1,10,30,459,295.1105275600919,20
SSDE,DTLZ1,10,30,460,299.41349559905666,20
SSDE,DTLZ1,10,30,461,299.41349559905666,20
SSDE,DTLZ1,10,30,462,299.41349559905666,20
SSDE,DTLZ1,10,30,463,301.5961166850187,20
SSDE,DTLZ1,10,30,464,301.5961166850187,20
SSDE,DTLZ1,10,30,465,301.5961166850187,20
SSDE,DTLZ1,10,30,466,299.2210729193306,20
SSDE,DTLZ1,10,30,467,299.2210729193306,20
SSDE,DTLZ1,10,30,468,297.0891904132615,20
SSDE,DTLZ1,10,30,469,297.0891904132615,20
SSDE,DTLZ1,10,30,470,297.0891904132615,20
SSDE,DTLZ1,10,30,471,297.0891904132615,20
SSDE,DTLZ1,10,30,472,297.0891904132615,20
SSDE,DTLZ1,10,30,473,291.98381859389553,20
SSDE,DTLZ1,10,30,474,291.9531104909217,20
SSDE,DTLZ1,10,30,475,287.71502530609956,20
SSDE,DTLZ1,10,30,476,287.71502530609956,20
SSDE,DTLZ1,10,30,477,287.71502530609956,20
SSDE,DTLZ1,10,30,478,289.0312835124692,20
SSDE,DTLZ1,10,30,479,289.0312835124692,20
SSDE,DTLZ1,10,30,480,289.18835960532056,20
SSDE,DTLZ1,10,30,481,290.74992551377613,20
SSDE,DTLZ1,10,30,482,292.3006723186992,20
SSDE,DTLZ1,10,30,483,292.3006723186992,20
SSDE,DTLZ1,10,30,484,294.19553558762317,20
SSDE,DTLZ1,10,30,485,294.19553558762317,20
SSDE,DTLZ1,10,30,486,294.19553558762317,20
SSDE,DTLZ1,10,30,487,299.8339192624677,20
SSDE,DTLZ1,10,30,488,299.8339192624677,20
SSDE,DTLZ1,10,30,489,299.8339192624677,20
SSDE,DTLZ1,10,30,490,298.4873163546141,20
SSDE,DTLZ1,10,30,491,298.1471523891055,20
SSDE,DTLZ1,10,30,492,298.2426433155408,20
SSDE,DTLZ1,10,30,493,298.2426433155408,20
SSDE,DTLZ1,10,30,494,296.8578304478149,20
SSDE,DTLZ1,10,30,495,296.8578304478149,20
SSDE,DTLZ1,10,30,496,296.8578304478149,20
SSDE,DTLZ1,10,30,497,296.8578304478149,20
SSDE,DTLZ1,10,30,498,297.4355676433352,20
SSDE,DTLZ1,10,30,499,297.4355676433352,20
SSDE,DTLZ1,10,30,500,297.69786891970966,20
SAMOEATL2M,DTLZ1,10,30,329,367.5128825561237,20
SAMOEATL2M,DTLZ1,10,30,330,367.5128825561237,20
SAMOEATL2M,DTLZ1,10,30,331,367.5128825561237,20
SAMOEATL2M,DTLZ1,10,30,332,367.5128825561237,20
SAMOEATL2M,DTLZ1,10,30,333,367.5128825561237,20
SAMOEATL2M,DTLZ1,10,30,334,367.5128825561237,20
SAMOEATL2M,DTLZ1,10,30,335,367.5128825561237,20
SAMOEATL2M,DTLZ1,10,30,336,367.5128825561237,20
SAMOEATL2M,DTLZ1,10,30,337,367.5128825561237,20
SAMOEATL2M,DTLZ1,10,30,338,367.5128825561237,20
SAMOEATL2M,DTLZ1,10,30,339,365.3835274019058,20
SAMOEATL2M,DTLZ1,10,30,340,365.3835274019058,20
SAMOEATL2M,DTLZ1,10,30,341,365.3835274019058,20
SAMOEATL2M,DTLZ1,10,30,342,365.3835274019058,20
SAMOEATL2M,DTLZ1,10,30,343,365.3835274019058,20
SAMOEATL2M,DTLZ1,10,30,344,363.69130420223973,20
SAMOEATL2M,DTLZ1,10,30,345,363.69130420223973,20
SAMOEATL2M,DTLZ1,10,30,346,363.69130420223973,20
SAMOEATL2M,DTLZ1,10,30,347,363.69130420223973,20
SAMOEATL2M,DTLZ1,10,30,348,363.69130420223973,20
SAMOEATL2M,DTLZ1,10,30,349,359.80420782506644,20
SAMOEATL2M,DTLZ1,10,30,350,359.80420782506644,20
SAMOEATL2M,DTLZ1,10,30,351,359.80420782506644,20
SAMOEATL2M,DTLZ1,10,30,352,359.80420782506644,20
SAMOEATL2M,DTLZ1,10,30,353,359.80420782506644,20
SAMOEATL2M,DTLZ1,10,30,354,351.1481937918182,20
SAMOEATL2M,DTLZ1,10,30,355,351.1481937918182,20
SAMOEATL2M,DTLZ1,10,30,356,351.1481937918182,20
SAMOEATL2M,DTLZ1,10,30,357,351.1481937918182,20
SAMOEATL2M,DTLZ1,10,30,358,351.1481937918182,20
SAMOEATL2M,DTLZ1,10,30,359,347.4838834036562,20
SAMOEATL2M,DTLZ1,10,30,360,347.4838834036562,20
SAMOEATL2M,DTLZ1,10,30,361,347.4838834036562,20
SAMOEATL2M,DTLZ1,10,30,362,347.4838834036562,20
SAMOEATL2M,DTLZ1,10,30,363,347.4838834036562,20
SAMOEATL2M,DTLZ1,10,30,364,341.51692673963896,20
SAMOEATL2M,DTLZ1,10,30,365,341.51692673963896,20
SAMOEATL2M,DTLZ1,10,30,366,341.51692673963896,20
SAMOEATL2M,DTLZ1,10,30,367,341.51692673963896,20
SAMOEATL2M,DTLZ1,10,30,368,341.51692673963896,20
SAMOEATL2M,DTLZ1,10,30,369,341.51692673963896,20
SAMOEATL2M,DTLZ1,10,30,370,341.51692673963896,20
SAMOEATL2M,DTLZ1,10,30,371,341.51692673963896,20
SAMOEATL2M,DTLZ1,10,30,372,341.51692673963896,20
SAMOEATL2M,DTLZ1,10,30,373,341.51692673963896,20
SAMOEATL2M,DTLZ1,10,30,374,339.0983747822576,20
SAMOEATL2M,DTLZ1,10,30,375,339.0983747822576,20
SAMOEATL2M,DTLZ1,10,30,376,339.0983747822576,20
SAMOEATL2M,DTLZ1,10,30,377,339.0983747822576,20
SAMOEATL2M,DTLZ1,10,30,378,339.0983747822576,20
SAMOEATL2M,DTLZ1,10,30,379,336.73689501928436,20
SAMOEATL2M,DTLZ1,10,30,380,336.73689501928436,20
SAMOEATL2M,DTLZ1,10,30,381,336.73689501928436,20
SAMOEATL2M,DTLZ1,10,30,382,336.73689501928436,20
SAMOEATL2M,DTLZ1,10,30,383,336.73689501928436,20
SAMOEATL2M,DTLZ1,10,30,384,336.73689501928436,20
SAMOEATL2M,DTLZ1,10,30,385,336.73689501928436,20
SAMOEATL2M,DTLZ1,10,30,386,336.73689501928436,20
SAMOEATL2M,DTLZ1,10,30,387,336.73689501928436,20
SAMOEATL2M,DTLZ1,10,30,388,336.73689501928436,20
SAMOEATL2M,DTLZ1,10,30,389,336.73689501928436,20
SAMOEATL2M,DTLZ1,10,30,390,336.73689501928436,20
SAMOEATL2M,DTLZ1,10,30,391,336.73689501928436,20
SAMOEATL2M,DTLZ1,10,30,392,336.73689501928436,20
SAMOEATL2M,DTLZ1,10,30,393,336.73689501928436,20
SAMOEATL2M,DTLZ1,10,30,394,334.9696838505245,20
SAMOEATL2M,DTLZ1,10,30,395,334.9696838505245,20
SAMOEATL2M,DTLZ1,10,30,396,334.9696838505245,20
SAMOEATL2M,DTLZ1,10,30,397,334.9696838505245,20
SAMOEATL2M,DTLZ1,10,30,398,334.9696838505245,20
SAMOEATL2M,DTLZ1,10,30,399,327.41270727279226,20
SAMOEATL2M,DTLZ1,10,30,400,327.41270727279226,20
SAMOEATL2M,DTLZ1,10,30,401,327.41270727279226,20
SAMOEATL2M,DTLZ1,10,30,402,327.41270727279226,20
SAMOEATL2M,DTLZ1,10,30,403,327.41270727279226,20
SAMOEATL2M,DTLZ1,10,30,404,325.91539864875494,20
SAMOEATL2M,DTLZ1,10,30,405,325.91539864875494,20
SAMOEATL2M,DTLZ1,10,30,406,325.91539864875494,20
SAMOEATL2M,DTLZ1,10,30,407,325.91539864875494,20
SAMOEATL2M,DTLZ1,10,30,408,325.91539864875494,20
SAMOEATL2M,DTLZ1,10,30,409,325.91539864875494,20
SAMOEATL2M,DTLZ1,10,30,410,325.91539864875494,20
SAMOEATL2M,DTLZ1,10,30,411,325.91539864875494,20
SAMOEATL2M,DTLZ1,10,30,412,325.91539864875494,20
SAMOEATL2M,DTLZ1,10,30,413,325.91539864875494,20
SAMOEATL2M,DTLZ1,10,30,414,324.9385388555658,20
SAMOEATL2M,DTLZ1,10,30,415,324.9385388555658,20
SAMOEATL2M,DTLZ1,10,30,416,324.9385388555658,20
SAMOEATL2M,DTLZ1,10,30,417,324.9385388555658,20
SAMOEATL2M,DTLZ1,10,30,418,324.9385388555658,20
SAMOEATL2M,DTLZ1,10,30,419,318.74398029790774,20
SAMOEATL2M,DTLZ1,10,30,420,318.74398029790774,20
SAMOEATL2M,DTLZ1,10,30,421,318.74398029790774,20
SAMOEATL2M,DTLZ1,10,30,422,318.74398029790774,20
SAMOEATL2M,DTLZ1,10,30,423,318.74398029790774,20
SAMOEATL2M,DTLZ1,10,30,424,315.0855782707965,20
SAMOEATL2M,DTLZ1,10,30,425,315.0855782707965,20
SAMOEATL2M,DTLZ1,10,30,426,315.0855782707965,20
SAMOEATL2M,DTLZ1,10,30,427,315.0855782707965,20
SAMOEATL2M,DTLZ1,10,30,428,315.0855782707965,20
SAMOEATL2M,DTLZ1,10,30,429,315.0855782707965,20
SAMOEATL2M,DTLZ1,10,30,430,315.0855782707965,20
SAMOEATL2M,DTLZ1,10,30,431,315.0855782707965,20
SAMOEATL2M,DTLZ1,10,30,432,315.0855782707965,20
SAMOEATL2M,DTLZ1,10,30,433,315.0855782707965,20
SAMOEATL2M,DTLZ1,10,30,434,313.39572908478584,20
SAMOEATL2M,DTLZ1,10,30,435,313.39572908478584,20
SAMOEATL2M,DTLZ1,10,30,436,313.39572908478584,20
SAMOEATL2M,DTLZ1,10,30,437,313.39572908478584,20
SAMOEATL2M,DTLZ1,10,30,438,313.39572908478584,20
SAMOEATL2M,DTLZ1,10,30,439,311.5736097439382,20
SAMOEATL2M,DTLZ1,10,30,440,311.5736097439382,20
SAMOEATL2M,DTLZ1,10,30,441,311.5736097439382,20
SAMOEATL2M,DTLZ1,10,30,442,311.5736097439382,20
SAMOEATL2M,DTLZ1,10,30,443,311.5736097439382,20
SAMOEATL2M,DTLZ1,10,30,444,311.4415691105772,20
SAMOEATL2M,DTLZ1,10,30,445,311.4415691105772,20
SAMOEATL2M,DTLZ1,10,30,446,311.4415691105772,20
SAMOEATL2M,DTLZ1,10,30,447,311.4415691105772,20
SAMOEATL2M,DTLZ1,10,30,448,311.4415691105772,20
SAMOEATL2M,DTLZ1,10,30,449,311.4415691105772,20
SAMOEATL2M,DTLZ1,10,30,450,311.4415691105772,20
SAMOEATL2M,DTLZ1,10,30,451,311.4415691105772,20
SAMOEATL2M,DTLZ1,10,30,452,311.4415691105772,20
SAMOEATL2M,DTLZ1,10,30,453,311.4415691105772,20
SAMOEATL2M,DTLZ1,10,30,454,306.9374505580914,20
SAMOEATL2M,DTLZ1,10,30,455,306.9374505580914,20
SAMOEATL2M,DTLZ1,10,30,456,306.9374505580914,20
SAMOEATL2M,DTLZ1,10,30,457,306.9374505580914,20
SAMOEATL2M,DTLZ1,10,30,458,306.9374505580914,20
SAMOEATL2M,DTLZ1,10,30,459,306.9374505580914,20
SAMOEATL2M,DTLZ1,10,30,460,306.9374505580914,20
SAMOEATL2M,DTLZ1,10,30,461,306.9374505580914,20
SAMOEATL2M,DTLZ1,10,30,462,306.9374505580914,20
SAMOEATL2M,DTLZ1,10,30,463,306.9374505580914,20
SAMOEATL2M,DTLZ1,10,30,464,306.3875340376607,20
SAMOEATL2M,DTLZ1,10,30,465,306.3875340376607,20
SAMOEATL2M,DTLZ1,10,30,466,306.3875340376607,20
SAMOEATL2M,DTLZ1,10,30,467,306.3875340376607,20
SAMOEATL2M,DTLZ1,10,30,468,306.3875340376607,20
SAMOEATL2M,DTLZ1,10,30,469,306.3875340376607,20
SAMOEATL2M,DTLZ1,10,30,470,306.3875340376607,20
SAMOEATL2M,DTLZ1,10,30,471,306.3875340376607,20
SAMOEATL2M,DTLZ1,10,30,472,306.3875340376607,20
SAMOEATL2M,DTLZ1,10,30,473,306.3875340376607,20
SAMOEATL2M,DTLZ1,10,30,474,306.3875340376607,20
SAMOEATL2M,DTLZ1,10,30,475,306.3875340376607,20
SAMOEATL2M,DTLZ1,10,30,476,306.3875340376607,20
SAMOEATL2M,DTLZ1,10,30,477,306.3875340376607,20
SAMOEATL2M,DTLZ1,10,30,478,306.3875340376607,20
SAMOEATL2M,DTLZ1,10,30,479,300.7645849348113,20
SAMOEATL2M,DTLZ1,10,30,480,300.7645849348113,20
SAMOEATL2M,DTLZ1,10,30,481,300.7645849348113,20
SAMOEATL2M,DTLZ1,10,30,482,300.7645849348113,20
SAMOEATL2M,DTLZ1,10,30,483,300.7645849348113,20
SAMOEATL2M,DTLZ1,10,30,484,300.7645849348113,20
SAMOEATL2M,DTLZ1,10,30,485,300.7645849348113,20
SAMOEATL2M,DTLZ1,10,30,486,300.7645849348113,20
SAMOEATL2M,DTLZ1,10,30,487,300.7645849348113,20
SAMOEATL2M,DTLZ1,10,30,488,300.7645849348113,20
SAMOEATL2M,DTLZ1,10,30,489,300.7645849348113,20
SAMOEATL2M,DTLZ1,10,30,490,300.7645849348113,20
SAMOEATL2M,DTLZ1,10,30,491,300.7645849348113,20
SAMOEATL2M,DTLZ1,10,30,492,300.7645849348113,20
SAMOEATL2M,DTLZ1,10,30,493,300.7645849348113,20
SAMOEATL2M,DTLZ1,10,30,494,300.7645849348113,20
SAMOEATL2M,DTLZ1,10,30,495,300.7645849348113,20
SAMOEATL2M,DTLZ1,10,30,496,300.7645849348113,20
SAMOEATL2M,DTLZ1,10,30,497,300.7645849348113,20
SAMOEATL2M,DTLZ1,10,30,498,300.7645849348113,20
SAMOEATL2M,DTLZ1,10,30,499,300.7645849348113,20
SAMOEATL2M,DTLZ1,10,30,500,300.7645849348113,20
REMO_UniformMix_Pruned_Weighted_Lambdat030_NoBatchDist,DTLZ6,10,30,100,18.214772686730733,20
REMO_UniformMix_Pruned_Weighted_Lambdat030_NoBatchDist,DTLZ6,10,30,101,18.214772686730733,20
REMO_UniformMix_Pruned_Weighted_Lambdat030_NoBatchDist,DTLZ6,10,30,102,18.214772686730733,20
REMO_UniformMix_Pruned_Weighted_Lambdat030_NoBatchDist,DTLZ6,10,30,103,18.214772686730733,20
REMO_UniformMix_Pruned_Weighted_Lambdat030_NoBatchDist,DTLZ6,10,30,104,18.214772686730733,20
REMO_UniformMix_Pruned_Weighted_Lambdat030_NoBatchDist,DTLZ6,10,30,105,18.214772686730733,20
REMO_UniformMix_Pruned_Weighted_Lambdat030_NoBatchDist,DTLZ6,10,30,106,17.504520067770443,20
REMO_UniformMix_Pruned_Weighted_Lambdat030_NoBatchDist,DTLZ6,10,30,107,17.504520067770443,20
REMO_UniformMix_Pruned_Weighted_Lambdat030_NoBatchDist,DTLZ6,10,30,108,17.504520067770443,20
REMO_UniformMix_Pruned_Weighted_Lambdat030_NoBatchDist,DTLZ6,10,30,109,17.504520067770443,20
REMO_UniformMix_Pruned_Weighted_Lambdat030_NoBatchDist,DTLZ6,10,30,110,17.504520067770443,20
REMO_UniformMix_Pruned_Weighted_Lambdat030_NoBatchDist,DTLZ6,10,30,111,17.504520067770443,20
REMO_UniformMix_Pruned_Weighted_Lambdat030_NoBatchDist,DTLZ6,10,30,112,17.38926896962311,20
REMO_UniformMix_Pruned_Weighted_Lambdat030_NoBatchDist,DTLZ6,10,30,113,17.38926896962311,20
REMO_UniformMix_Pruned_Weighted_Lambdat030_NoBatchDist,DTLZ6,10,30,114,17.38926896962311,20
REMO_UniformMix_Pruned_Weighted_Lambdat030_NoBatchDist,DTLZ6,10,30,115,17.38926896962311,20
REMO_UniformMix_Pruned_Weighted_Lambdat030_NoBatchDist,DTLZ6,10,30,116,17.38926896962311,20
REMO_UniformMix_Pruned_Weighted_Lambdat030_NoBatchDist,DTLZ6,10,30,117,17.38926896962311,20
REMO_UniformMix_Pruned_Weighted_Lambdat030_NoBatchDist,DTLZ6,10,30,118,17.33473308409319,20
REMO_UniformMix_Pruned_Weighted_Lambdat030_NoBatchDist,DTLZ6,10,30,119,17.33473308409319,20
REMO_UniformMix_Pruned_Weighted_Lambdat030_NoBatchDist,DTLZ6,10,30,120,17.33473308409319,20
REMO_UniformMix_Pruned_Weighted_Lambdat030_NoBatchDist,DTLZ6,10,30,121,17.33473308409319,20
REMO_UniformMix_Pruned_Weighted_Lambdat030_NoBatchDist,DTLZ6,10,30,122,17.33473308409319,20
REMO_UniformMix_Pruned_Weighted_Lambdat030_NoBatchDist,DTLZ6,10,30,123,17.33473308409319,20
REMO_UniformMix_Pruned_Weighted_Lambdat030_NoBatchDist,DTLZ6,10,30,124,17.32716510855719,20
REMO_UniformMix_Pruned_Weighted_Lambdat030_NoBatchDist,DTLZ6,10,30,125,17.32716510855719,20
REMO_UniformMix_Pruned_Weighted_Lambdat030_NoBatchDist,DTLZ6,10,30,126,17.32716510855719,20
REMO_UniformMix_Pruned_Weighted_Lambdat030_NoBatchDist,DTLZ6,10,30,127,17.32716510855719,20
REMO_UniformMix_Pruned_Weighted_Lambdat030_NoBatchDist,DTLZ6,10,30,128,17.32716510855719,20
REMO_UniformMix_Pruned_Weighted_Lambdat030_NoBatchDist,DTLZ6,10,30,129,17.32716510855719,20
REMO_UniformMix_Pruned_Weighted_Lambdat030_NoBatchDist,DTLZ6,10,30,130,17.169736350129817,20
REMO_UniformMix_Pruned_Weighted_Lambdat030_NoBatchDist,DTLZ6,10,30,131,17.169736350129817,20
REMO_UniformMix_Pruned_Weighted_Lambdat030_NoBatchDist,DTLZ6,10,30,132,17.169736350129817,20
REMO_UniformMix_Pruned_Weighted_Lambdat030_NoBatchDist,DTLZ6,10,30,133,17.169736350129817,20
REMO_UniformMix_Pruned_Weighted_Lambdat030_NoBatchDist,DTLZ6,10,30,134,17.169736350129817,20
REMO_UniformMix_Pruned_Weighted_Lambdat030_NoBatchDist,DTLZ6,10,30,135,17.169736350129817,20
REMO_UniformMix_Pruned_Weighted_Lambdat030_NoBatchDist,DTLZ6,10,30,136,16.97977818944315,20
REMO_UniformMix_Pruned_Weighted_Lambdat030_NoBatchDist,DTLZ6,10,30,137,16.97977818944315,20
REMO_UniformMix_Pruned_Weighted_Lambdat030_NoBatchDist,DTLZ6,10,30,138,16.97977818944315,20
REMO_UniformMix_Pruned_Weighted_Lambdat030_NoBatchDist,DTLZ6,10,30,139,16.97977818944315,20
REMO_UniformMix_Pruned_Weighted_Lambdat030_NoBatchDist,DTLZ6,10,30,140,16.97977818944315,20
REMO_UniformMix_Pruned_Weighted_Lambdat030_NoBatchDist,DTLZ6,10,30,141,16.97977818944315,20
REMO_UniformMix_Pruned_Weighted_Lambdat030_NoBatchDist,DTLZ6,10,30,142,16.954782964982407,20
REMO_UniformMix_Pruned_Weighted_Lambdat030_NoBatchDist,DTLZ6,10,30,143,16.954782964982407,20
REMO_UniformMix_Pruned_Weighted_Lambdat030_NoBatchDist,DTLZ6,10,30,144,16.954782964982407,20
REMO_UniformMix_Pruned_Weighted_Lambdat030_NoBatchDist,DTLZ6,10,30,145,16.954782964982407,20
REMO_UniformMix_Pruned_Weighted_Lambdat030_NoBatchDist,DTLZ6,10,30,146,16.954782964982407,20
REMO_UniformMix_Pruned_Weighted_Lambdat030_NoBatchDist,DTLZ6,10,30,147,16.954782964982407,20
REMO_UniformMix_Pruned_Weighted_Lambdat030_NoBatchDist,DTLZ6,10,30,148,16.903107912687403,20
REMO_UniformMix_Pruned_Weighted_Lambdat030_NoBatchDist,DTLZ6,10,30,149,16.903107912687403,20
REMO_UniformMix_Pruned_Weighted_Lambdat030_NoBatchDist,DTLZ6,10,30,150,16.903107912687403,20
REMO_UniformMix_Pruned_Weighted_Lambdat030_NoBatchDist,DTLZ6,10,30,151,16.903107912687403,20
REMO_UniformMix_Pruned_Weighted_Lambdat030_NoBatchDist,DTLZ6,10,30,152,16.903107912687403,20
REMO_UniformMix_Pruned_Weighted_Lambdat030_NoBatchDist,DTLZ6,10,30,153,16.903107912687403,20
REMO_UniformMix_Pruned_Weighted_Lambdat030_NoBatchDist,DTLZ6,10,30,154,16.903107912687403,20
REMO_UniformMix_Pruned_Weighted_Lambdat030_NoBatchDist,DTLZ6,10,30,155,16.903107912687403,20
REMO_UniformMix_Pruned_Weighted_Lambdat030_NoBatchDist,DTLZ6,10,30,156,16.903107912687403,20
REMO_UniformMix_Pruned_Weighted_Lambdat030_NoBatchDist,DTLZ6,10,30,157,16.903107912687403,20
REMO_UniformMix_Pruned_Weighted_Lambdat030_NoBatchDist,DTLZ6,10,30,158,16.903107912687403,20
REMO_UniformMix_Pruned_Weighted_Lambdat030_NoBatchDist,DTLZ6,10,30,159,16.903107912687403,20
REMO_UniformMix_Pruned_Weighted_Lambdat030_NoBatchDist,DTLZ6,10,30,160,16.903107912687403,20
REMO_UniformMix_Pruned_Weighted_Lambdat030_NoBatchDist,DTLZ6,10,30,161,16.903107912687403,20
REMO_UniformMix_Pruned_Weighted_Lambdat030_NoBatchDist,DTLZ6,10,30,162,16.903107912687403,20
REMO_UniformMix_Pruned_Weighted_Lambdat030_NoBatchDist,DTLZ6,10,30,163,16.903107912687403,20
REMO_UniformMix_Pruned_Weighted_Lambdat030_NoBatchDist,DTLZ6,10,30,164,16.903107912687403,20
REMO_UniformMix_Pruned_Weighted_Lambdat030_NoBatchDist,DTLZ6,10,30,165,16.903107912687403,20
REMO_UniformMix_Pruned_Weighted_Lambdat030_NoBatchDist,DTLZ6,10,30,166,16.805885685862034,20
REMO_UniformMix_Pruned_Weighted_Lambdat030_NoBatchDist,DTLZ6,10,30,167,16.805885685862034,20
REMO_UniformMix_Pruned_Weighted_Lambdat030_NoBatchDist,DTLZ6,10,30,168,16.805885685862034,20
REMO_UniformMix_Pruned_Weighted_Lambdat030_NoBatchDist,DTLZ6,10,30,169,16.805885685862034,20
REMO_UniformMix_Pruned_Weighted_Lambdat030_NoBatchDist,DTLZ6,10,30,170,16.805885685862034,20
REMO_UniformMix_Pruned_Weighted_Lambdat030_NoBatchDist,DTLZ6,10,30,171,16.805885685862034,20
REMO_UniformMix_Pruned_Weighted_Lambdat030_NoBatchDist,DTLZ6,10,30,172,16.805885685862034,20
REMO_UniformMix_Pruned_Weighted_Lambdat030_NoBatchDist,DTLZ6,10,30,173,16.805885685862034,20
REMO_UniformMix_Pruned_Weighted_Lambdat030_NoBatchDist,DTLZ6,10,30,174,16.805885685862034,20
REMO_UniformMix_Pruned_Weighted_Lambdat030_NoBatchDist,DTLZ6,10,30,175,16.805885685862034,20
REMO_UniformMix_Pruned_Weighted_Lambdat030_NoBatchDist,DTLZ6,10,30,176,16.805885685862034,20
REMO_UniformMix_Pruned_Weighted_Lambdat030_NoBatchDist,DTLZ6,10,30,177,16.805885685862034,20
REMO_UniformMix_Pruned_Weighted_Lambdat030_NoBatchDist,DTLZ6,10,30,178,16.616660375769083,20
REMO_UniformMix_Pruned_Weighted_Lambdat030_NoBatchDist,DTLZ6,10,30,179,16.616660375769083,20
REMO_UniformMix_Pruned_Weighted_Lambdat030_NoBatchDist,DTLZ6,10,30,180,16.616660375769083,20
REMO_UniformMix_Pruned_Weighted_Lambdat030_NoBatchDist,DTLZ6,10,30,181,16.616660375769083,20
REMO_UniformMix_Pruned_Weighted_Lambdat030_NoBatchDist,DTLZ6,10,30,182,16.616660375769083,20
REMO_UniformMix_Pruned_Weighted_Lambdat030_NoBatchDist,DTLZ6,10,30,183,16.616660375769083,20
REMO_UniformMix_Pruned_Weighted_Lambdat030_NoBatchDist,DTLZ6,10,30,184,16.616660375769083,20
REMO_UniformMix_Pruned_Weighted_Lambdat030_NoBatchDist,DTLZ6,10,30,185,16.616660375769083,20
REMO_UniformMix_Pruned_Weighted_Lambdat030_NoBatchDist,DTLZ6,10,30,186,16.616660375769083,20
REMO_UniformMix_Pruned_Weighted_Lambdat030_NoBatchDist,DTLZ6,10,30,187,16.616660375769083,20
REMO_UniformMix_Pruned_Weighted_Lambdat030_NoBatchDist,DTLZ6,10,30,188,16.616660375769083,20
REMO_UniformMix_Pruned_Weighted_Lambdat030_NoBatchDist,DTLZ6,10,30,189,16.616660375769083,20
REMO_UniformMix_Pruned_Weighted_Lambdat030_NoBatchDist,DTLZ6,10,30,190,16.616660375769083,20
REMO_UniformMix_Pruned_Weighted_Lambdat030_NoBatchDist,DTLZ6,10,30,191,16.616660375769083,20
REMO_UniformMix_Pruned_Weighted_Lambdat030_NoBatchDist,DTLZ6,10,30,192,16.616660375769083,20
REMO_UniformMix_Pruned_Weighted_Lambdat030_NoBatchDist,DTLZ6,10,30,193,16.616660375769083,20
REMO_UniformMix_Pruned_Weighted_Lambdat030_NoBatchDist,DTLZ6,10,30,194,16.616660375769083,20
REMO_UniformMix_Pruned_Weighted_Lambdat030_NoBatchDist,DTLZ6,10,30,195,16.616660375769083,20
REMO_UniformMix_Pruned_Weighted_Lambdat030_NoBatchDist,DTLZ6,10,30,196,16.394133044393918,20
REMO_UniformMix_Pruned_Weighted_Lambdat030_NoBatchDist,DTLZ6,10,30,197,16.394133044393918,20
REMO_UniformMix_Pruned_Weighted_Lambdat030_NoBatchDist,DTLZ6,10,30,198,16.394133044393918,20
REMO_UniformMix_Pruned_Weighted_Lambdat030_NoBatchDist,DTLZ6,10,30,199,16.394133044393918,20
REMO_UniformMix_Pruned_Weighted_Lambdat030_NoBatchDist,DTLZ6,10,30,200,16.394133044393918,20
REMO_UniformMix_Pruned_Weighted_Lambdat030_NoBatchDist,DTLZ6,10,30,201,16.394133044393918,20
REMO_UniformMix_Pruned_Weighted_Lambdat030_NoBatchDist,DTLZ6,10,30,202,16.394133044393918,20
REMO_UniformMix_Pruned_Weighted_Lambdat030_NoBatchDist,DTLZ6,10,30,203,16.394133044393918,20
REMO_UniformMix_Pruned_Weighted_Lambdat030_NoBatchDist,DTLZ6,10,30,204,16.394133044393918,20
REMO_UniformMix_Pruned_Weighted_Lambdat030_NoBatchDist,DTLZ6,10,30,205,16.394133044393918,20
REMO_UniformMix_Pruned_Weighted_Lambdat030_NoBatchDist,DTLZ6,10,30,206,16.394133044393918,20
REMO_UniformMix_Pruned_Weighted_Lambdat030_NoBatchDist,DTLZ6,10,30,207,16.394133044393918,20
REMO_UniformMix_Pruned_Weighted_Lambdat030_NoBatchDist,DTLZ6,10,30,208,16.394133044393918,20
REMO_UniformMix_Pruned_Weighted_Lambdat030_NoBatchDist,DTLZ6,10,30,209,16.394133044393918,20
REMO_UniformMix_Pruned_Weighted_Lambdat030_NoBatchDist,DTLZ6,10,30,210,16.394133044393918,20
REMO_UniformMix_Pruned_Weighted_Lambdat030_NoBatchDist,DTLZ6,10,30,211,16.394133044393918,20
REMO_UniformMix_Pruned_Weighted_Lambdat030_NoBatchDist,DTLZ6,10,30,212,16.394133044393918,20
REMO_UniformMix_Pruned_Weighted_Lambdat030_NoBatchDist,DTLZ6,10,30,213,16.394133044393918,20
REMO_UniformMix_Pruned_Weighted_Lambdat030_NoBatchDist,DTLZ6,10,30,214,16.160932880919297,20
REMO_UniformMix_Pruned_Weighted_Lambdat030_NoBatchDist,DTLZ6,10,30,215,16.160932880919297,20
REMO_UniformMix_Pruned_Weighted_Lambdat030_NoBatchDist,DTLZ6,10,30,216,16.160932880919297,20
REMO_UniformMix_Pruned_Weighted_Lambdat030_NoBatchDist,DTLZ6,10,30,217,16.160932880919297,20
REMO_UniformMix_Pruned_Weighted_Lambdat030_NoBatchDist,DTLZ6,10,30,218,16.160932880919297,20
REMO_UniformMix_Pruned_Weighted_Lambdat030_NoBatchDist,DTLZ6,10,30,219,16.160932880919297,20
REMO_UniformMix_Pruned_Weighted_Lambdat030_NoBatchDist,DTLZ6,10,30,220,16.160932880919297,20
REMO_UniformMix_Pruned_Weighted_Lambdat030_NoBatchDist,DTLZ6,10,30,221,16.160932880919297,20
REMO_UniformMix_Pruned_Weighted_Lambdat030_NoBatchDist,DTLZ6,10,30,222,16.160932880919297,20
REMO_UniformMix_Pruned_Weighted_Lambdat030_NoBatchDist,DTLZ6,10,30,223,16.160932880919297,20
REMO_UniformMix_Pruned_Weighted_Lambdat030_NoBatchDist,DTLZ6,10,30,224,16.160932880919297,20
REMO_UniformMix_Pruned_Weighted_Lambdat030_NoBatchDist,DTLZ6,10,30,225,16.160932880919297,20
REMO_UniformMix_Pruned_Weighted_Lambdat030_NoBatchDist,DTLZ6,10,30,226,16.160932880919297,20
REMO_UniformMix_Pruned_Weighted_Lambdat030_NoBatchDist,DTLZ6,10,30,227,16.160932880919297,20
REMO_UniformMix_Pruned_Weighted_Lambdat030_NoBatchDist,DTLZ6,10,30,228,16.160932880919297,20
REMO_UniformMix_Pruned_Weighted_Lambdat030_NoBatchDist,DTLZ6,10,30,229,16.160932880919297,20
REMO_UniformMix_Pruned_Weighted_Lambdat030_NoBatchDist,DTLZ6,10,30,230,16.160932880919297,20
REMO_UniformMix_Pruned_Weighted_Lambdat030_NoBatchDist,DTLZ6,10,30,231,16.160932880919297,20
REMO_UniformMix_Pruned_Weighted_Lambdat030_NoBatchDist,DTLZ6,10,30,232,15.88404963689365,20
REMO_UniformMix_Pruned_Weighted_Lambdat030_NoBatchDist,DTLZ6,10,30,233,15.88404963689365,20
REMO_UniformMix_Pruned_Weighted_Lambdat030_NoBatchDist,DTLZ6,10,30,234,15.88404963689365,20
REMO_UniformMix_Pruned_Weighted_Lambdat030_NoBatchDist,DTLZ6,10,30,235,15.88404963689365,20
REMO_UniformMix_Pruned_Weighted_Lambdat030_NoBatchDist,DTLZ6,10,30,236,15.88404963689365,20
REMO_UniformMix_Pruned_Weighted_Lambdat030_NoBatchDist,DTLZ6,10,30,237,15.88404963689365,20
REMO_UniformMix_Pruned_Weighted_Lambdat030_NoBatchDist,DTLZ6,10,30,238,15.88404963689365,20
REMO_UniformMix_Pruned_Weighted_Lambdat030_NoBatchDist,DTLZ6,10,30,239,15.88404963689365,20
REMO_UniformMix_Pruned_Weighted_Lambdat030_NoBatchDist,DTLZ6,10,30,240,15.88404963689365,20
REMO_UniformMix_Pruned_Weighted_Lambdat030_NoBatchDist,DTLZ6,10,30,241,15.88404963689365,20
REMO_UniformMix_Pruned_Weighted_Lambdat030_NoBatchDist,DTLZ6,10,30,242,15.88404963689365,20
REMO_UniformMix_Pruned_Weighted_Lambdat030_NoBatchDist,DTLZ6,10,30,243,15.88404963689365,20
REMO_UniformMix_Pruned_Weighted_Lambdat030_NoBatchDist,DTLZ6,10,30,244,15.88404963689365,20
REMO_UniformMix_Pruned_Weighted_Lambdat030_NoBatchDist,DTLZ6,10,30,245,15.88404963689365,20
REMO_UniformMix_Pruned_Weighted_Lambdat030_NoBatchDist,DTLZ6,10,30,246,15.88404963689365,20
REMO_UniformMix_Pruned_Weighted_Lambdat030_NoBatchDist,DTLZ6,10,30,247,15.88404963689365,20
REMO_UniformMix_Pruned_Weighted_Lambdat030_NoBatchDist,DTLZ6,10,30,248,15.88404963689365,20
REMO_UniformMix_Pruned_Weighted_Lambdat030_NoBatchDist,DTLZ6,10,30,249,15.88404963689365,20
REMO_UniformMix_Pruned_Weighted_Lambdat030_NoBatchDist,DTLZ6,10,30,250,15.830643333195596,20
REMO_UniformMix_Pruned_Weighted_Lambdat030_NoBatchDist,DTLZ6,10,30,251,15.830643333195596,20
REMO_UniformMix_Pruned_Weighted_Lambdat030_NoBatchDist,DTLZ6,10,30,252,15.830643333195596,20
REMO_UniformMix_Pruned_Weighted_Lambdat030_NoBatchDist,DTLZ6,10,30,253,15.830643333195596,20
REMO_UniformMix_Pruned_Weighted_Lambdat030_NoBatchDist,DTLZ6,10,30,254,15.830643333195596,20
REMO_UniformMix_Pruned_Weighted_Lambdat030_NoBatchDist,DTLZ6,10,30,255,15.830643333195596,20
REMO_UniformMix_Pruned_Weighted_Lambdat030_NoBatchDist,DTLZ6,10,30,256,15.830643333195596,20
REMO_UniformMix_Pruned_Weighted_Lambdat030_NoBatchDist,DTLZ6,10,30,257,15.830643333195596,20
REMO_UniformMix_Pruned_Weighted_Lambdat030_NoBatchDist,DTLZ6,10,30,258,15.830643333195596,20
REMO_UniformMix_Pruned_Weighted_Lambdat030_NoBatchDist,DTLZ6,10,30,259,15.830643333195596,20
REMO_UniformMix_Pruned_Weighted_Lambdat030_NoBatchDist,DTLZ6,10,30,260,15.830643333195596,20
REMO_UniformMix_Pruned_Weighted_Lambdat030_NoBatchDist,DTLZ6,10,30,261,15.830643333195596,20
REMO_UniformMix_Pruned_Weighted_Lambdat030_NoBatchDist,DTLZ6,10,30,262,15.666473798279913,20
REMO_UniformMix_Pruned_Weighted_Lambdat030_NoBatchDist,DTLZ6,10,30,263,15.666473798279913,20
REMO_UniformMix_Pruned_Weighted_Lambdat030_NoBatchDist,DTLZ6,10,30,264,15.666473798279913,20
REMO_UniformMix_Pruned_Weighted_Lambdat030_NoBatchDist,DTLZ6,10,30,265,15.666473798279913,20
REMO_UniformMix_Pruned_Weighted_Lambdat030_NoBatchDist,DTLZ6,10,30,266,15.666473798279913,20
REMO_UniformMix_Pruned_Weighted_Lambdat030_NoBatchDist,DTLZ6,10,30,267,15.666473798279913,20
REMO_UniformMix_Pruned_Weighted_Lambdat030_NoBatchDist,DTLZ6,10,30,268,15.666473798279913,20
REMO_UniformMix_Pruned_Weighted_Lambdat030_NoBatchDist,DTLZ6,10,30,269,15.666473798279913,20
REMO_UniformMix_Pruned_Weighted_Lambdat030_NoBatchDist,DTLZ6,10,30,270,15.666473798279913,20
REMO_UniformMix_Pruned_Weighted_Lambdat030_NoBatchDist,DTLZ6,10,30,271,15.666473798279913,20
REMO_UniformMix_Pruned_Weighted_Lambdat030_NoBatchDist,DTLZ6,10,30,272,15.666473798279913,20
REMO_UniformMix_Pruned_Weighted_Lambdat030_NoBatchDist,DTLZ6,10,30,273,15.666473798279913,20
REMO_UniformMix_Pruned_Weighted_Lambdat030_NoBatchDist,DTLZ6,10,30,274,15.666473798279913,20
REMO_UniformMix_Pruned_Weighted_Lambdat030_NoBatchDist,DTLZ6,10,30,275,15.666473798279913,20
REMO_UniformMix_Pruned_Weighted_Lambdat030_NoBatchDist,DTLZ6,10,30,276,15.666473798279913,20
REMO_UniformMix_Pruned_Weighted_Lambdat030_NoBatchDist,DTLZ6,10,30,277,15.666473798279913,20
REMO_UniformMix_Pruned_Weighted_Lambdat030_NoBatchDist,DTLZ6,10,30,278,15.666473798279913,20
REMO_UniformMix_Pruned_Weighted_Lambdat030_NoBatchDist,DTLZ6,10,30,279,15.666473798279913,20
REMO_UniformMix_Pruned_Weighted_Lambdat030_NoBatchDist,DTLZ6,10,30,280,15.502196503563155,20
REMO_UniformMix_Pruned_Weighted_Lambdat030_NoBatchDist,DTLZ6,10,30,281,15.502196503563155,20
REMO_UniformMix_Pruned_Weighted_Lambdat030_NoBatchDist,DTLZ6,10,30,282,15.502196503563155,20
REMO_UniformMix_Pruned_Weighted_Lambdat030_NoBatchDist,DTLZ6,10,30,283,15.502196503563155,20
REMO_UniformMix_Pruned_Weighted_Lambdat030_NoBatchDist,DTLZ6,10,30,284,15.502196503563155,20
REMO_UniformMix_Pruned_Weighted_Lambdat030_NoBatchDist,DTLZ6,10,30,285,15.502196503563155,20
REMO_UniformMix_Pruned_Weighted_Lambdat030_NoBatchDist,DTLZ6,10,30,286,15.502196503563155,20
REMO_UniformMix_Pruned_Weighted_Lambdat030_NoBatchDist,DTLZ6,10,30,287,15.502196503563155,20
REMO_UniformMix_Pruned_Weighted_Lambdat030_NoBatchDist,DTLZ6,10,30,288,15.502196503563155,20
REMO_UniformMix_Pruned_Weighted_Lambdat030_NoBatchDist,DTLZ6,10,30,289,15.502196503563155,20
REMO_UniformMix_Pruned_Weighted_Lambdat030_NoBatchDist,DTLZ6,10,30,290,15.502196503563155,20
REMO_UniformMix_Pruned_Weighted_Lambdat030_NoBatchDist,DTLZ6,10,30,291,15.502196503563155,20
REMO_UniformMix_Pruned_Weighted_Lambdat030_NoBatchDist,DTLZ6,10,30,292,15.502196503563155,20
REMO_UniformMix_Pruned_Weighted_Lambdat030_NoBatchDist,DTLZ6,10,30,293,15.502196503563155,20
REMO_UniformMix_Pruned_Weighted_Lambdat030_NoBatchDist,DTLZ6,10,30,294,15.502196503563155,20
REMO_UniformMix_Pruned_Weighted_Lambdat030_NoBatchDist,DTLZ6,10,30,295,15.502196503563155,20
REMO_UniformMix_Pruned_Weighted_Lambdat030_NoBatchDist,DTLZ6,10,30,296,15.502196503563155,20
REMO_UniformMix_Pruned_Weighted_Lambdat030_NoBatchDist,DTLZ6,10,30,297,15.502196503563155,20
REMO_UniformMix_Pruned_Weighted_Lambdat030_NoBatchDist,DTLZ6,10,30,298,15.41581079865225,20
REMO_UniformMix_Pruned_Weighted_Lambdat030_NoBatchDist,DTLZ6,10,30,299,15.41581079865225,20
REMO_UniformMix_Pruned_Weighted_Lambdat030_NoBatchDist,DTLZ6,10,30,300,15.41581079865225,20
REMO_UniformMix_Pruned_Weighted_Lambdat030_NoBatchDist,DTLZ6,10,30,301,15.41581079865225,20
REMO_UniformMix_Pruned_Weighted_Lambdat030_NoBatchDist,DTLZ6,10,30,302,15.41581079865225,20
REMO_UniformMix_Pruned_Weighted_Lambdat030_NoBatchDist,DTLZ6,10,30,303,15.41581079865225,20
REMO_UniformMix_Pruned_Weighted_Lambdat030_NoBatchDist,DTLZ6,10,30,304,15.41581079865225,20
REMO_UniformMix_Pruned_Weighted_Lambdat030_NoBatchDist,DTLZ6,10,30,305,15.41581079865225,20
REMO_UniformMix_Pruned_Weighted_Lambdat030_NoBatchDist,DTLZ6,10,30,306,15.41581079865225,20
REMO_UniformMix_Pruned_Weighted_Lambdat030_NoBatchDist,DTLZ6,10,30,307,15.41581079865225,20
REMO_UniformMix_Pruned_Weighted_Lambdat030_NoBatchDist,DTLZ6,10,30,308,15.41581079865225,20
REMO_UniformMix_Pruned_Weighted_Lambdat030_NoBatchDist,DTLZ6,10,30,309,15.41581079865225,20
REMO_UniformMix_Pruned_Weighted_Lambdat030_NoBatchDist,DTLZ6,10,30,310,15.41581079865225,20
REMO_UniformMix_Pruned_Weighted_Lambdat030_NoBatchDist,DTLZ6,10,30,311,15.41581079865225,20
REMO_UniformMix_Pruned_Weighted_Lambdat030_NoBatchDist,DTLZ6,10,30,312,15.41581079865225,20
REMO_UniformMix_Pruned_Weighted_Lambdat030_NoBatchDist,DTLZ6,10,30,313,15.41581079865225,20
REMO_UniformMix_Pruned_Weighted_Lambdat030_NoBatchDist,DTLZ6,10,30,314,15.41581079865225,20
REMO_UniformMix_Pruned_Weighted_Lambdat030_NoBatchDist,DTLZ6,10,30,315,15.41581079865225,20
REMO_UniformMix_Pruned_Weighted_Lambdat030_NoBatchDist,DTLZ6,10,30,316,15.22705288579767,20
REMO_UniformMix_Pruned_Weighted_Lambdat030_NoBatchDist,DTLZ6,10,30,317,15.22705288579767,20
REMO_UniformMix_Pruned_Weighted_Lambdat030_NoBatchDist,DTLZ6,10,30,318,15.22705288579767,20
REMO_UniformMix_Pruned_Weighted_Lambdat030_NoBatchDist,DTLZ6,10,30,319,15.22705288579767,20
REMO_UniformMix_Pruned_Weighted_Lambdat030_NoBatchDist,DTLZ6,10,30,320,15.22705288579767,20
REMO_UniformMix_Pruned_Weighted_Lambdat030_NoBatchDist,DTLZ6,10,30,321,15.22705288579767,20
REMO_UniformMix_Pruned_Weighted_Lambdat030_NoBatchDist,DTLZ6,10,30,322,15.22705288579767,20
REMO_UniformMix_Pruned_Weighted_Lambdat030_NoBatchDist,DTLZ6,10,30,323,15.22705288579767,20
REMO_UniformMix_Pruned_Weighted_Lambdat030_NoBatchDist,DTLZ6,10,30,324,15.22705288579767,20
REMO_UniformMix_Pruned_Weighted_Lambdat030_NoBatchDist,DTLZ6,10,30,325,15.22705288579767,20
REMO_UniformMix_Pruned_Weighted_Lambdat030_NoBatchDist,DTLZ6,10,30,326,15.22705288579767,20
REMO_UniformMix_Pruned_Weighted_Lambdat030_NoBatchDist,DTLZ6,10,30,327,15.22705288579767,20
REMO_UniformMix_Pruned_Weighted_Lambdat030_NoBatchDist,DTLZ6,10,30,328,14.994910614180592,20
REMO_UniformMix_Pruned_Weighted_Lambdat030_NoBatchDist,DTLZ6,10,30,329,14.994910614180592,20
REMO_UniformMix_Pruned_Weighted_Lambdat030_NoBatchDist,DTLZ6,10,30,330,14.994910614180592,20
REMO_UniformMix_Pruned_Weighted_Lambdat030_NoBatchDist,DTLZ6,10,30,331,14.994910614180592,20
REMO_UniformMix_Pruned_Weighted_Lambdat030_NoBatchDist,DTLZ6,10,30,332,14.994910614180592,20
REMO_UniformMix_Pruned_Weighted_Lambdat030_NoBatchDist,DTLZ6,10,30,333,14.994910614180592,20
REMO_UniformMix_Pruned_Weighted_Lambdat030_NoBatchDist,DTLZ6,10,30,334,14.994910614180592,20
REMO_UniformMix_Pruned_Weighted_Lambdat030_NoBatchDist,DTLZ6,10,30,335,14.994910614180592,20
REMO_UniformMix_Pruned_Weighted_Lambdat030_NoBatchDist,DTLZ6,10,30,336,14.994910614180592,20
REMO_UniformMix_Pruned_Weighted_Lambdat030_NoBatchDist,DTLZ6,10,30,337,14.994910614180592,20
REMO_UniformMix_Pruned_Weighted_Lambdat030_NoBatchDist,DTLZ6,10,30,338,14.994910614180592,20
REMO_UniformMix_Pruned_Weighted_Lambdat030_NoBatchDist,DTLZ6,10,30,339,14.994910614180592,20
REMO_UniformMix_Pruned_Weighted_Lambdat030_NoBatchDist,DTLZ6,10,30,340,14.994910614180592,20
REMO_UniformMix_Pruned_Weighted_Lambdat030_NoBatchDist,DTLZ6,10,30,341,14.994910614180592,20
REMO_UniformMix_Pruned_Weighted_Lambdat030_NoBatchDist,DTLZ6,10,30,342,14.994910614180592,20
REMO_UniformMix_Pruned_Weighted_Lambdat030_NoBatchDist,DTLZ6,10,30,343,14.994910614180592,20
REMO_UniformMix_Pruned_Weighted_Lambdat030_NoBatchDist,DTLZ6,10,30,344,14.994910614180592,20
REMO_UniformMix_Pruned_Weighted_Lambdat030_NoBatchDist,DTLZ6,10,30,345,14.994910614180592,20
REMO_UniformMix_Pruned_Weighted_Lambdat030_NoBatchDist,DTLZ6,10,30,346,14.827249684115381,20
REMO_UniformMix_Pruned_Weighted_Lambdat030_NoBatchDist,DTLZ6,10,30,347,14.827249684115381,20
REMO_UniformMix_Pruned_Weighted_Lambdat030_NoBatchDist,DTLZ6,10,30,348,14.827249684115381,20
REMO_UniformMix_Pruned_Weighted_Lambdat030_NoBatchDist,DTLZ6,10,30,349,14.827249684115381,20
REMO_UniformMix_Pruned_Weighted_Lambdat030_NoBatchDist,DTLZ6,10,30,350,14.827249684115381,20
REMO_UniformMix_Pruned_Weighted_Lambdat030_NoBatchDist,DTLZ6,10,30,351,14.827249684115381,20
REMO_UniformMix_Pruned_Weighted_Lambdat030_NoBatchDist,DTLZ6,10,30,352,14.827249684115381,20
REMO_UniformMix_Pruned_Weighted_Lambdat030_NoBatchDist,DTLZ6,10,30,353,14.827249684115381,20
REMO_UniformMix_Pruned_Weighted_Lambdat030_NoBatchDist,DTLZ6,10,30,354,14.827249684115381,20
REMO_UniformMix_Pruned_Weighted_Lambdat030_NoBatchDist,DTLZ6,10,30,355,14.827249684115381,20
REMO_UniformMix_Pruned_Weighted_Lambdat030_NoBatchDist,DTLZ6,10,30,356,14.827249684115381,20
REMO_UniformMix_Pruned_Weighted_Lambdat030_NoBatchDist,DTLZ6,10,30,357,14.827249684115381,20
REMO_UniformMix_Pruned_Weighted_Lambdat030_NoBatchDist,DTLZ6,10,30,358,14.827249684115381,20
REMO_UniformMix_Pruned_Weighted_Lambdat030_NoBatchDist,DTLZ6,10,30,359,14.827249684115381,20
REMO_UniformMix_Pruned_Weighted_Lambdat030_NoBatchDist,DTLZ6,10,30,360,14.827249684115381,20
REMO_UniformMix_Pruned_Weighted_Lambdat030_NoBatchDist,DTLZ6,10,30,361,14.827249684115381,20
REMO_UniformMix_Pruned_Weighted_Lambdat030_NoBatchDist,DTLZ6,10,30,362,14.827249684115381,20
REMO_UniformMix_Pruned_Weighted_Lambdat030_NoBatchDist,DTLZ6,10,30,363,14.827249684115381,20
REMO_UniformMix_Pruned_Weighted_Lambdat030_NoBatchDist,DTLZ6,10,30,364,14.758520651626082,20
REMO_UniformMix_Pruned_Weighted_Lambdat030_NoBatchDist,DTLZ6,10,30,365,14.758520651626082,20
REMO_UniformMix_Pruned_Weighted_Lambdat030_NoBatchDist,DTLZ6,10,30,366,14.758520651626082,20
REMO_UniformMix_Pruned_Weighted_Lambdat030_NoBatchDist,DTLZ6,10,30,367,14.758520651626082,20
REMO_UniformMix_Pruned_Weighted_Lambdat030_NoBatchDist,DTLZ6,10,30,368,14.758520651626082,20
REMO_UniformMix_Pruned_Weighted_Lambdat030_NoBatchDist,DTLZ6,10,30,369,14.758520651626082,20
REMO_UniformMix_Pruned_Weighted_Lambdat030_NoBatchDist,DTLZ6,10,30,370,14.758520651626082,20
REMO_UniformMix_Pruned_Weighted_Lambdat030_NoBatchDist,DTLZ6,10,30,371,14.758520651626082,20
REMO_UniformMix_Pruned_Weighted_Lambdat030_NoBatchDist,DTLZ6,10,30,372,14.758520651626082,20
REMO_UniformMix_Pruned_Weighted_Lambdat030_NoBatchDist,DTLZ6,10,30,373,14.758520651626082,20
REMO_UniformMix_Pruned_Weighted_Lambdat030_NoBatchDist,DTLZ6,10,30,374,14.758520651626082,20
REMO_UniformMix_Pruned_Weighted_Lambdat030_NoBatchDist,DTLZ6,10,30,375,14.758520651626082,20
REMO_UniformMix_Pruned_Weighted_Lambdat030_NoBatchDist,DTLZ6,10,30,376,14.758520651626082,20
REMO_UniformMix_Pruned_Weighted_Lambdat030_NoBatchDist,DTLZ6,10,30,377,14.758520651626082,20
REMO_UniformMix_Pruned_Weighted_Lambdat030_NoBatchDist,DTLZ6,10,30,378,14.758520651626082,20
REMO_UniformMix_Pruned_Weighted_Lambdat030_NoBatchDist,DTLZ6,10,30,379,14.758520651626082,20
REMO_UniformMix_Pruned_Weighted_Lambdat030_NoBatchDist,DTLZ6,10,30,380,14.758520651626082,20
REMO_UniformMix_Pruned_Weighted_Lambdat030_NoBatchDist,DTLZ6,10,30,381,14.758520651626082,20
REMO_UniformMix_Pruned_Weighted_Lambdat030_NoBatchDist,DTLZ6,10,30,382,14.620511849404215,20
REMO_UniformMix_Pruned_Weighted_Lambdat030_NoBatchDist,DTLZ6,10,30,383,14.620511849404215,20
REMO_UniformMix_Pruned_Weighted_Lambdat030_NoBatchDist,DTLZ6,10,30,384,14.620511849404215,20
REMO_UniformMix_Pruned_Weighted_Lambdat030_NoBatchDist,DTLZ6,10,30,385,14.620511849404215,20
REMO_UniformMix_Pruned_Weighted_Lambdat030_NoBatchDist,DTLZ6,10,30,386,14.620511849404215,20
REMO_UniformMix_Pruned_Weighted_Lambdat030_NoBatchDist,DTLZ6,10,30,387,14.620511849404215,20
REMO_UniformMix_Pruned_Weighted_Lambdat030_NoBatchDist,DTLZ6,10,30,388,14.620511849404215,20
REMO_UniformMix_Pruned_Weighted_Lambdat030_NoBatchDist,DTLZ6,10,30,389,14.620511849404215,20
REMO_UniformMix_Pruned_Weighted_Lambdat030_NoBatchDist,DTLZ6,10,30,390,14.620511849404215,20
REMO_UniformMix_Pruned_Weighted_Lambdat030_NoBatchDist,DTLZ6,10,30,391,14.620511849404215,20
REMO_UniformMix_Pruned_Weighted_Lambdat030_NoBatchDist,DTLZ6,10,30,392,14.620511849404215,20
REMO_UniformMix_Pruned_Weighted_Lambdat030_NoBatchDist,DTLZ6,10,30,393,14.620511849404215,20
REMO_UniformMix_Pruned_Weighted_Lambdat030_NoBatchDist,DTLZ6,10,30,394,14.620511849404215,20
REMO_UniformMix_Pruned_Weighted_Lambdat030_NoBatchDist,DTLZ6,10,30,395,14.620511849404215,20
REMO_UniformMix_Pruned_Weighted_Lambdat030_NoBatchDist,DTLZ6,10,30,396,14.620511849404215,20
REMO_UniformMix_Pruned_Weighted_Lambdat030_NoBatchDist,DTLZ6,10,30,397,14.620511849404215,20
REMO_UniformMix_Pruned_Weighted_Lambdat030_NoBatchDist,DTLZ6,10,30,398,14.620511849404215,20
REMO_UniformMix_Pruned_Weighted_Lambdat030_NoBatchDist,DTLZ6,10,30,399,14.620511849404215,20
REMO_UniformMix_Pruned_Weighted_Lambdat030_NoBatchDist,DTLZ6,10,30,400,14.418493171774339,20
REMO_UniformMix_Pruned_Weighted_Lambdat030_NoBatchDist,DTLZ6,10,30,401,14.418493171774339,20
REMO_UniformMix_Pruned_Weighted_Lambdat030_NoBatchDist,DTLZ6,10,30,402,14.418493171774339,20
REMO_UniformMix_Pruned_Weighted_Lambdat030_NoBatchDist,DTLZ6,10,30,403,14.418493171774339,20
REMO_UniformMix_Pruned_Weighted_Lambdat030_NoBatchDist,DTLZ6,10,30,404,14.418493171774339,20
REMO_UniformMix_Pruned_Weighted_Lambdat030_NoBatchDist,DTLZ6,10,30,405,14.418493171774339,20
REMO_UniformMix_Pruned_Weighted_Lambdat030_NoBatchDist,DTLZ6,10,30,406,14.418493171774339,20
REMO_UniformMix_Pruned_Weighted_Lambdat030_NoBatchDist,DTLZ6,10,30,407,14.418493171774339,20
REMO_UniformMix_Pruned_Weighted_Lambdat030_NoBatchDist,DTLZ6,10,30,408,14.418493171774339,20
REMO_UniformMix_Pruned_Weighted_Lambdat030_NoBatchDist,DTLZ6,10,30,409,14.418493171774339,20
REMO_UniformMix_Pruned_Weighted_Lambdat030_NoBatchDist,DTLZ6,10,30,410,14.418493171774339,20
REMO_UniformMix_Pruned_Weighted_Lambdat030_NoBatchDist,DTLZ6,10,30,411,14.418493171774339,20
REMO_UniformMix_Pruned_Weighted_Lambdat030_NoBatchDist,DTLZ6,10,30,412,14.205558277023346,20
REMO_UniformMix_Pruned_Weighted_Lambdat030_NoBatchDist,DTLZ6,10,30,413,14.205558277023346,20
REMO_UniformMix_Pruned_Weighted_Lambdat030_NoBatchDist,DTLZ6,10,30,414,14.205558277023346,20
REMO_UniformMix_Pruned_Weighted_Lambdat030_NoBatchDist,DTLZ6,10,30,415,14.205558277023346,20
REMO_UniformMix_Pruned_Weighted_Lambdat030_NoBatchDist,DTLZ6,10,30,416,14.205558277023346,20
REMO_UniformMix_Pruned_Weighted_Lambdat030_NoBatchDist,DTLZ6,10,30,417,14.205558277023346,20
REMO_UniformMix_Pruned_Weighted_Lambdat030_NoBatchDist,DTLZ6,10,30,418,14.205558277023346,20
REMO_UniformMix_Pruned_Weighted_Lambdat030_NoBatchDist,DTLZ6,10,30,419,14.205558277023346,20
REMO_UniformMix_Pruned_Weighted_Lambdat030_NoBatchDist,DTLZ6,10,30,420,14.205558277023346,20
REMO_UniformMix_Pruned_Weighted_Lambdat030_NoBatchDist,DTLZ6,10,30,421,14.205558277023346,20
REMO_UniformMix_Pruned_Weighted_Lambdat030_NoBatchDist,DTLZ6,10,30,422,14.205558277023346,20
REMO_UniformMix_Pruned_Weighted_Lambdat030_NoBatchDist,DTLZ6,10,30,423,14.205558277023346,20
REMO_UniformMix_Pruned_Weighted_Lambdat030_NoBatchDist,DTLZ6,10,30,424,14.205558277023346,20
REMO_UniformMix_Pruned_Weighted_Lambdat030_NoBatchDist,DTLZ6,10,30,425,14.205558277023346,20
REMO_UniformMix_Pruned_Weighted_Lambdat030_NoBatchDist,DTLZ6,10,30,426,14.205558277023346,20
REMO_UniformMix_Pruned_Weighted_Lambdat030_NoBatchDist,DTLZ6,10,30,427,14.205558277023346,20
REMO_UniformMix_Pruned_Weighted_Lambdat030_NoBatchDist,DTLZ6,10,30,428,14.205558277023346,20
REMO_UniformMix_Pruned_Weighted_Lambdat030_NoBatchDist,DTLZ6,10,30,429,14.205558277023346,20
REMO_UniformMix_Pruned_Weighted_Lambdat030_NoBatchDist,DTLZ6,10,30,430,13.972886300213641,20
REMO_UniformMix_Pruned_Weighted_Lambdat030_NoBatchDist,DTLZ6,10,30,431,13.972886300213641,20
REMO_UniformMix_Pruned_Weighted_Lambdat030_NoBatchDist,DTLZ6,10,30,432,13.972886300213641,20
REMO_UniformMix_Pruned_Weighted_Lambdat030_NoBatchDist,DTLZ6,10,30,433,13.972886300213641,20
REMO_UniformMix_Pruned_Weighted_Lambdat030_NoBatchDist,DTLZ6,10,30,434,13.972886300213641,20
REMO_UniformMix_Pruned_Weighted_Lambdat030_NoBatchDist,DTLZ6,10,30,435,13.972886300213641,20
REMO_UniformMix_Pruned_Weighted_Lambdat030_NoBatchDist,DTLZ6,10,30,436,13.972886300213641,20
REMO_UniformMix_Pruned_Weighted_Lambdat030_NoBatchDist,DTLZ6,10,30,437,13.972886300213641,20
REMO_UniformMix_Pruned_Weighted_Lambdat030_NoBatchDist,DTLZ6,10,30,438,13.972886300213641,20
REMO_UniformMix_Pruned_Weighted_Lambdat030_NoBatchDist,DTLZ6,10,30,439,13.972886300213641,20
REMO_UniformMix_Pruned_Weighted_Lambdat030_NoBatchDist,DTLZ6,10,30,440,13.972886300213641,20
REMO_UniformMix_Pruned_Weighted_Lambdat030_NoBatchDist,DTLZ6,10,30,441,13.972886300213641,20
REMO_UniformMix_Pruned_Weighted_Lambdat030_NoBatchDist,DTLZ6,10,30,442,13.972886300213641,20
REMO_UniformMix_Pruned_Weighted_Lambdat030_NoBatchDist,DTLZ6,10,30,443,13.972886300213641,20
REMO_UniformMix_Pruned_Weighted_Lambdat030_NoBatchDist,DTLZ6,10,30,444,13.972886300213641,20
REMO_UniformMix_Pruned_Weighted_Lambdat030_NoBatchDist,DTLZ6,10,30,445,13.972886300213641,20
REMO_UniformMix_Pruned_Weighted_Lambdat030_NoBatchDist,DTLZ6,10,30,446,13.972886300213641,20
REMO_UniformMix_Pruned_Weighted_Lambdat030_NoBatchDist,DTLZ6,10,30,447,13.972886300213641,20
REMO_UniformMix_Pruned_Weighted_Lambdat030_NoBatchDist,DTLZ6,10,30,448,13.784355860783444,20
REMO_UniformMix_Pruned_Weighted_Lambdat030_NoBatchDist,DTLZ6,10,30,449,13.784355860783444,20
REMO_UniformMix_Pruned_Weighted_Lambdat030_NoBatchDist,DTLZ6,10,30,450,13.784355860783444,20
REMO_UniformMix_Pruned_Weighted_Lambdat030_NoBatchDist,DTLZ6,10,30,451,13.784355860783444,20
REMO_UniformMix_Pruned_Weighted_Lambdat030_NoBatchDist,DTLZ6,10,30,452,13.784355860783444,20
REMO_UniformMix_Pruned_Weighted_Lambdat030_NoBatchDist,DTLZ6,10,30,453,13.784355860783444,20
REMO_UniformMix_Pruned_Weighted_Lambdat030_NoBatchDist,DTLZ6,10,30,454,13.784355860783444,20
REMO_UniformMix_Pruned_Weighted_Lambdat030_NoBatchDist,DTLZ6,10,30,455,13.784355860783444,20
REMO_UniformMix_Pruned_Weighted_Lambdat030_NoBatchDist,DTLZ6,10,30,456,13.784355860783444,20
REMO_UniformMix_Pruned_Weighted_Lambdat030_NoBatchDist,DTLZ6,10,30,457,13.784355860783444,20
REMO_UniformMix_Pruned_Weighted_Lambdat030_NoBatchDist,DTLZ6,10,30,458,13.784355860783444,20
REMO_UniformMix_Pruned_Weighted_Lambdat030_NoBatchDist,DTLZ6,10,30,459,13.784355860783444,20
REMO_UniformMix_Pruned_Weighted_Lambdat030_NoBatchDist,DTLZ6,10,30,460,13.784355860783444,20
REMO_UniformMix_Pruned_Weighted_Lambdat030_NoBatchDist,DTLZ6,10,30,461,13.784355860783444,20
REMO_UniformMix_Pruned_Weighted_Lambdat030_NoBatchDist,DTLZ6,10,30,462,13.784355860783444,20
REMO_UniformMix_Pruned_Weighted_Lambdat030_NoBatchDist,DTLZ6,10,30,463,13.784355860783444,20
REMO_UniformMix_Pruned_Weighted_Lambdat030_NoBatchDist,DTLZ6,10,30,464,13.784355860783444,20
REMO_UniformMix_Pruned_Weighted_Lambdat030_NoBatchDist,DTLZ6,10,30,465,13.784355860783444,20
REMO_UniformMix_Pruned_Weighted_Lambdat030_NoBatchDist,DTLZ6,10,30,466,13.618120034350014,20
REMO_UniformMix_Pruned_Weighted_Lambdat030_NoBatchDist,DTLZ6,10,30,467,13.618120034350014,20
REMO_UniformMix_Pruned_Weighted_Lambdat030_NoBatchDist,DTLZ6,10,30,468,13.618120034350014,20
REMO_UniformMix_Pruned_Weighted_Lambdat030_NoBatchDist,DTLZ6,10,30,469,13.618120034350014,20
REMO_UniformMix_Pruned_Weighted_Lambdat030_NoBatchDist,DTLZ6,10,30,470,13.618120034350014,20
REMO_UniformMix_Pruned_Weighted_Lambdat030_NoBatchDist,DTLZ6,10,30,471,13.618120034350014,20
REMO_UniformMix_Pruned_Weighted_Lambdat030_NoBatchDist,DTLZ6,10,30,472,13.618120034350014,20
REMO_UniformMix_Pruned_Weighted_Lambdat030_NoBatchDist,DTLZ6,10,30,473,13.618120034350014,20
REMO_UniformMix_Pruned_Weighted_Lambdat030_NoBatchDist,DTLZ6,10,30,474,13.618120034350014,20
REMO_UniformMix_Pruned_Weighted_Lambdat030_NoBatchDist,DTLZ6,10,30,475,13.618120034350014,20
REMO_UniformMix_Pruned_Weighted_Lambdat030_NoBatchDist,DTLZ6,10,30,476,13.618120034350014,20
REMO_UniformMix_Pruned_Weighted_Lambdat030_NoBatchDist,DTLZ6,10,30,477,13.618120034350014,20
REMO_UniformMix_Pruned_Weighted_Lambdat030_NoBatchDist,DTLZ6,10,30,478,13.550029277293188,20
REMO_UniformMix_Pruned_Weighted_Lambdat030_NoBatchDist,DTLZ6,10,30,479,13.550029277293188,20
REMO_UniformMix_Pruned_Weighted_Lambdat030_NoBatchDist,DTLZ6,10,30,480,13.550029277293188,20
REMO_UniformMix_Pruned_Weighted_Lambdat030_NoBatchDist,DTLZ6,10,30,481,13.550029277293188,20
REMO_UniformMix_Pruned_Weighted_Lambdat030_NoBatchDist,DTLZ6,10,30,482,13.550029277293188,20
REMO_UniformMix_Pruned_Weighted_Lambdat030_NoBatchDist,DTLZ6,10,30,483,13.550029277293188,20
REMO_UniformMix_Pruned_Weighted_Lambdat030_NoBatchDist,DTLZ6,10,30,484,13.550029277293188,20
REMO_UniformMix_Pruned_Weighted_Lambdat030_NoBatchDist,DTLZ6,10,30,485,13.550029277293188,20
REMO_UniformMix_Pruned_Weighted_Lambdat030_NoBatchDist,DTLZ6,10,30,486,13.550029277293188,20
REMO_UniformMix_Pruned_Weighted_Lambdat030_NoBatchDist,DTLZ6,10,30,487,13.550029277293188,20
REMO_UniformMix_Pruned_Weighted_Lambdat030_NoBatchDist,DTLZ6,10,30,488,13.550029277293188,20
REMO_UniformMix_Pruned_Weighted_Lambdat030_NoBatchDist,DTLZ6,10,30,489,13.550029277293188,20
REMO_UniformMix_Pruned_Weighted_Lambdat030_NoBatchDist,DTLZ6,10,30,490,13.550029277293188,20
REMO_UniformMix_Pruned_Weighted_Lambdat030_NoBatchDist,DTLZ6,10,30,491,13.550029277293188,20
REMO_UniformMix_Pruned_Weighted_Lambdat030_NoBatchDist,DTLZ6,10,30,492,13.550029277293188,20
REMO_UniformMix_Pruned_Weighted_Lambdat030_NoBatchDist,DTLZ6,10,30,493,13.550029277293188,20
REMO_UniformMix_Pruned_Weighted_Lambdat030_NoBatchDist,DTLZ6,10,30,494,13.550029277293188,20
REMO_UniformMix_Pruned_Weighted_Lambdat030_NoBatchDist,DTLZ6,10,30,495,13.550029277293188,20
REMO_UniformMix_Pruned_Weighted_Lambdat030_NoBatchDist,DTLZ6,10,30,496,13.550029277293188,20
REMO_UniformMix_Pruned_Weighted_Lambdat030_NoBatchDist,DTLZ6,10,30,497,13.550029277293188,20
REMO_UniformMix_Pruned_Weighted_Lambdat030_NoBatchDist,DTLZ6,10,30,498,13.550029277293188,20
REMO_UniformMix_Pruned_Weighted_Lambdat030_NoBatchDist,DTLZ6,10,30,499,13.550029277293188,20
REMO_UniformMix_Pruned_Weighted_Lambdat030_NoBatchDist,DTLZ6,10,30,500,13.320763875907556,20
REMO,DTLZ6,10,30,100,18.306421683550745,20
REMO,DTLZ6,10,30,101,18.306421683550745,20
REMO,DTLZ6,10,30,102,18.306421683550745,20
REMO,DTLZ6,10,30,103,18.306421683550745,20
REMO,DTLZ6,10,30,104,18.237884366323822,20
REMO,DTLZ6,10,30,105,18.237884366323822,20
REMO,DTLZ6,10,30,106,18.237884366323822,20
REMO,DTLZ6,10,30,107,18.237884366323822,20
REMO,DTLZ6,10,30,108,18.094577534893887,20
REMO,DTLZ6,10,30,109,18.094577534893887,20
REMO,DTLZ6,10,30,110,18.094577534893887,20
REMO,DTLZ6,10,30,111,18.094577534893887,20
REMO,DTLZ6,10,30,112,18.04510543772911,20
REMO,DTLZ6,10,30,113,18.04510543772911,20
REMO,DTLZ6,10,30,114,18.04510543772911,20
REMO,DTLZ6,10,30,115,18.04510543772911,20
REMO,DTLZ6,10,30,116,18.04510543772911,20
REMO,DTLZ6,10,30,117,18.04510543772911,20
REMO,DTLZ6,10,30,118,18.04510543772911,20
REMO,DTLZ6,10,30,119,18.04510543772911,20
REMO,DTLZ6,10,30,120,18.04510543772911,20
REMO,DTLZ6,10,30,121,18.04510543772911,20
REMO,DTLZ6,10,30,122,18.04510543772911,20
REMO,DTLZ6,10,30,123,18.04510543772911,20
REMO,DTLZ6,10,30,124,18.04510543772911,20
REMO,DTLZ6,10,30,125,18.04510543772911,20
REMO,DTLZ6,10,30,126,18.04510543772911,20
REMO,DTLZ6,10,30,127,18.04510543772911,20
REMO,DTLZ6,10,30,128,18.04510543772911,20
REMO,DTLZ6,10,30,129,18.04510543772911,20
REMO,DTLZ6,10,30,130,18.04510543772911,20
REMO,DTLZ6,10,30,131,18.04510543772911,20
REMO,DTLZ6,10,30,132,18.04501043188396,20
REMO,DTLZ6,10,30,133,18.04501043188396,20
REMO,DTLZ6,10,30,134,18.04501043188396,20
REMO,DTLZ6,10,30,135,18.04501043188396,20
REMO,DTLZ6,10,30,136,17.597661553122926,20
REMO,DTLZ6,10,30,137,17.597661553122926,20
REMO,DTLZ6,10,30,138,17.597661553122926,20
REMO,DTLZ6,10,30,139,17.597661553122926,20
REMO,DTLZ6,10,30,140,17.597661553122926,20
REMO,DTLZ6,10,30,141,17.597661553122926,20
REMO,DTLZ6,10,30,142,17.597661553122926,20
REMO,DTLZ6,10,30,143,17.597661553122926,20
REMO,DTLZ6,10,30,144,17.597661553122926,20
REMO,DTLZ6,10,30,145,17.597661553122926,20
REMO,DTLZ6,10,30,146,17.597661553122926,20
REMO,DTLZ6,10,30,147,17.597661553122926,20
REMO,DTLZ6,10,30,148,17.597189457677274,20
REMO,DTLZ6,10,30,149,17.597189457677274,20
REMO,DTLZ6,10,30,150,17.597189457677274,20
REMO,DTLZ6,10,30,151,17.597189457677274,20
REMO,DTLZ6,10,30,152,17.597189457677274,20
REMO,DTLZ6,10,30,153,17.597189457677274,20
REMO,DTLZ6,10,30,154,17.597189457677274,20
REMO,DTLZ6,10,30,155,17.597189457677274,20
REMO,DTLZ6,10,30,156,17.597189457677274,20
REMO,DTLZ6,10,30,157,17.597189457677274,20
REMO,DTLZ6,10,30,158,17.597189457677274,20
REMO,DTLZ6,10,30,159,17.597189457677274,20
REMO,DTLZ6,10,30,160,17.597189457677274,20
REMO,DTLZ6,10,30,161,17.597189457677274,20
REMO,DTLZ6,10,30,162,17.597189457677274,20
REMO,DTLZ6,10,30,163,17.597189457677274,20
REMO,DTLZ6,10,30,164,17.28771374132625,20
REMO,DTLZ6,10,30,165,17.28771374132625,20
REMO,DTLZ6,10,30,166,17.28771374132625,20
REMO,DTLZ6,10,30,167,17.28771374132625,20
REMO,DTLZ6,10,30,168,17.28771374132625,20
REMO,DTLZ6,10,30,169,17.28771374132625,20
REMO,DTLZ6,10,30,170,17.28771374132625,20
REMO,DTLZ6,10,30,171,17.28771374132625,20
REMO,DTLZ6,10,30,172,17.28771374132625,20
REMO,DTLZ6,10,30,173,17.28771374132625,20
REMO,DTLZ6,10,30,174,17.28771374132625,20
REMO,DTLZ6,10,30,175,17.28771374132625,20
REMO,DTLZ6,10,30,176,17.28771374132625,20
REMO,DTLZ6,10,30,177,17.28771374132625,20
REMO,DTLZ6,10,30,178,17.28771374132625,20
REMO,DTLZ6,10,30,179,17.28771374132625,20
REMO,DTLZ6,10,30,180,17.24272575016414,20
REMO,DTLZ6,10,30,181,17.24272575016414,20
REMO,DTLZ6,10,30,182,17.24272575016414,20
REMO,DTLZ6,10,30,183,17.24272575016414,20
REMO,DTLZ6,10,30,184,17.24272575016414,20
REMO,DTLZ6,10,30,185,17.24272575016414,20
REMO,DTLZ6,10,30,186,17.24272575016414,20
REMO,DTLZ6,10,30,187,17.24272575016414,20
REMO,DTLZ6,10,30,188,17.24272575016414,20
REMO,DTLZ6,10,30,189,17.24272575016414,20
REMO,DTLZ6,10,30,190,17.24272575016414,20
REMO,DTLZ6,10,30,191,17.24272575016414,20
REMO,DTLZ6,10,30,192,17.062907361942607,20
REMO,DTLZ6,10,30,193,17.062907361942607,20
REMO,DTLZ6,10,30,194,17.062907361942607,20
REMO,DTLZ6,10,30,195,17.062907361942607,20
REMO,DTLZ6,10,30,196,17.062907361942607,20
REMO,DTLZ6,10,30,197,17.062907361942607,20
REMO,DTLZ6,10,30,198,17.062907361942607,20
REMO,DTLZ6,10,30,199,17.062907361942607,20
REMO,DTLZ6,10,30,200,17.049622958056844,20
REMO,DTLZ6,10,30,201,17.049622958056844,20
REMO,DTLZ6,10,30,202,17.049622958056844,20
REMO,DTLZ6,10,30,203,17.049622958056844,20
REMO,DTLZ6,10,30,204,17.049622958056844,20
REMO,DTLZ6,10,30,205,17.049622958056844,20
REMO,DTLZ6,10,30,206,17.049622958056844,20
REMO,DTLZ6,10,30,207,17.049622958056844,20
REMO,DTLZ6,10,30,208,17.049622958056844,20
REMO,DTLZ6,10,30,209,17.049622958056844,20
REMO,DTLZ6,10,30,210,17.049622958056844,20
REMO,DTLZ6,10,30,211,17.049622958056844,20
REMO,DTLZ6,10,30,212,17.049622958056844,20
REMO,DTLZ6,10,30,213,17.049622958056844,20
REMO,DTLZ6,10,30,214,17.049622958056844,20
REMO,DTLZ6,10,30,215,17.049622958056844,20
REMO,DTLZ6,10,30,216,17.037792080001964,20
REMO,DTLZ6,10,30,217,17.037792080001964,20
REMO,DTLZ6,10,30,218,17.037792080001964,20
REMO,DTLZ6,10,30,219,17.037792080001964,20
REMO,DTLZ6,10,30,220,16.8767439624028,20
REMO,DTLZ6,10,30,221,16.8767439624028,20
REMO,DTLZ6,10,30,222,16.8767439624028,20
REMO,DTLZ6,10,30,223,16.8767439624028,20
REMO,DTLZ6,10,30,224,16.8767439624028,20
REMO,DTLZ6,10,30,225,16.8767439624028,20
REMO,DTLZ6,10,30,226,16.8767439624028,20
REMO,DTLZ6,10,30,227,16.8767439624028,20
REMO,DTLZ6,10,30,228,16.8767439624028,20
REMO,DTLZ6,10,30,229,16.8767439624028,20
REMO,DTLZ6,10,30,230,16.8767439624028,20
REMO,DTLZ6,10,30,231,16.8767439624028,20
REMO,DTLZ6,10,30,232,16.83319496639924,20
REMO,DTLZ6,10,30,233,16.83319496639924,20
REMO,DTLZ6,10,30,234,16.83319496639924,20
REMO,DTLZ6,10,30,235,16.83319496639924,20
REMO,DTLZ6,10,30,236,16.83319496639924,20
REMO,DTLZ6,10,30,237,16.83319496639924,20
REMO,DTLZ6,10,30,238,16.83319496639924,20
REMO,DTLZ6,10,30,239,16.83319496639924,20
REMO,DTLZ6,10,30,240,16.83319496639924,20
REMO,DTLZ6,10,30,241,16.83319496639924,20
REMO,DTLZ6,10,30,242,16.83319496639924,20
REMO,DTLZ6,10,30,243,16.83319496639924,20
REMO,DTLZ6,10,30,244,16.83319496639924,20
REMO,DTLZ6,10,30,245,16.83319496639924,20
REMO,DTLZ6,10,30,246,16.83319496639924,20
REMO,DTLZ6,10,30,247,16.83319496639924,20
REMO,DTLZ6,10,30,248,16.703180016762694,20
REMO,DTLZ6,10,30,249,16.703180016762694,20
REMO,DTLZ6,10,30,250,16.703180016762694,20
REMO,DTLZ6,10,30,251,16.703180016762694,20
REMO,DTLZ6,10,30,252,16.703180016762694,20
REMO,DTLZ6,10,30,253,16.703180016762694,20
REMO,DTLZ6,10,30,254,16.703180016762694,20
REMO,DTLZ6,10,30,255,16.703180016762694,20
REMO,DTLZ6,10,30,256,16.703180016762694,20
REMO,DTLZ6,10,30,257,16.703180016762694,20
REMO,DTLZ6,10,30,258,16.703180016762694,20
REMO,DTLZ6,10,30,259,16.703180016762694,20
REMO,DTLZ6,10,30,260,16.703180016762694,20
REMO,DTLZ6,10,30,261,16.703180016762694,20
REMO,DTLZ6,10,30,262,16.703180016762694,20
REMO,DTLZ6,10,30,263,16.703180016762694,20
REMO,DTLZ6,10,30,264,16.691781288403057,20
REMO,DTLZ6,10,30,265,16.691781288403057,20
REMO,DTLZ6,10,30,266,16.691781288403057,20
REMO,DTLZ6,10,30,267,16.691781288403057,20
REMO,DTLZ6,10,30,268,16.691781288403057,20
REMO,DTLZ6,10,30,269,16.691781288403057,20
REMO,DTLZ6,10,30,270,16.691781288403057,20
REMO,DTLZ6,10,30,271,16.691781288403057,20
REMO,DTLZ6,10,30,272,16.691781288403057,20
REMO,DTLZ6,10,30,273,16.691781288403057,20
REMO,DTLZ6,10,30,274,16.691781288403057,20
REMO,DTLZ6,10,30,275,16.691781288403057,20
REMO,DTLZ6,10,30,276,16.600200979907516,20
REMO,DTLZ6,10,30,277,16.600200979907516,20
REMO,DTLZ6,10,30,278,16.600200979907516,20
REMO,DTLZ6,10,30,279,16.600200979907516,20
REMO,DTLZ6,10,30,280,16.538918009699675,20
REMO,DTLZ6,10,30,281,16.538918009699675,20
REMO,DTLZ6,10,30,282,16.538918009699675,20
REMO,DTLZ6,10,30,283,16.538918009699675,20
REMO,DTLZ6,10,30,284,16.538918009699675,20
REMO,DTLZ6,10,30,285,16.538918009699675,20
REMO,DTLZ6,10,30,286,16.538918009699675,20
REMO,DTLZ6,10,30,287,16.538918009699675,20
REMO,DTLZ6,10,30,288,16.538918009699675,20
REMO,DTLZ6,10,30,289,16.538918009699675,20
REMO,DTLZ6,10,30,290,16.538918009699675,20
REMO,DTLZ6,10,30,291,16.538918009699675,20
REMO,DTLZ6,10,30,292,16.538918009699675,20
REMO,DTLZ6,10,30,293,16.538918009699675,20
REMO,DTLZ6,10,30,294,16.538918009699675,20
REMO,DTLZ6,10,30,295,16.538918009699675,20
REMO,DTLZ6,10,30,296,16.538918009699675,20
REMO,DTLZ6,10,30,297,16.538918009699675,20
REMO,DTLZ6,10,30,298,16.538918009699675,20
REMO,DTLZ6,10,30,299,16.538918009699675,20
REMO,DTLZ6,10,30,300,16.50322010892386,20
REMO,DTLZ6,10,30,301,16.50322010892386,20
REMO,DTLZ6,10,30,302,16.50322010892386,20
REMO,DTLZ6,10,30,303,16.50322010892386,20
REMO,DTLZ6,10,30,304,16.322379311686454,20
REMO,DTLZ6,10,30,305,16.322379311686454,20
REMO,DTLZ6,10,30,306,16.322379311686454,20
REMO,DTLZ6,10,30,307,16.322379311686454,20
REMO,DTLZ6,10,30,308,16.322379311686454,20
REMO,DTLZ6,10,30,309,16.322379311686454,20
REMO,DTLZ6,10,30,310,16.322379311686454,20
REMO,DTLZ6,10,30,311,16.322379311686454,20
REMO,DTLZ6,10,30,312,16.322379311686454,20
REMO,DTLZ6,10,30,313,16.322379311686454,20
REMO,DTLZ6,10,30,314,16.322379311686454,20
REMO,DTLZ6,10,30,315,16.322379311686454,20
REMO,DTLZ6,10,30,316,16.322379311686454,20
REMO,DTLZ6,10,30,317,16.322379311686454,20
REMO,DTLZ6,10,30,318,16.322379311686454,20
REMO,DTLZ6,10,30,319,16.322379311686454,20
REMO,DTLZ6,10,30,320,16.322379311686454,20
REMO,DTLZ6,10,30,321,16.322379311686454,20
REMO,DTLZ6,10,30,322,16.322379311686454,20
REMO,DTLZ6,10,30,323,16.322379311686454,20
REMO,DTLZ6,10,30,324,16.322379311686454,20
REMO,DTLZ6,10,30,325,16.322379311686454,20
REMO,DTLZ6,10,30,326,16.322379311686454,20
REMO,DTLZ6,10,30,327,16.322379311686454,20
REMO,DTLZ6,10,30,328,16.322379311686454,20
REMO,DTLZ6,10,30,329,16.322379311686454,20
REMO,DTLZ6,10,30,330,16.322379311686454,20
REMO,DTLZ6,10,30,331,16.322379311686454,20
REMO,DTLZ6,10,30,332,16.160803094632286,20
REMO,DTLZ6,10,30,333,16.160803094632286,20
REMO,DTLZ6,10,30,334,16.160803094632286,20
REMO,DTLZ6,10,30,335,16.160803094632286,20
REMO,DTLZ6,10,30,336,16.160803094632286,20
REMO,DTLZ6,10,30,337,16.160803094632286,20
REMO,DTLZ6,10,30,338,16.160803094632286,20
REMO,DTLZ6,10,30,339,16.160803094632286,20
REMO,DTLZ6,10,30,340,16.160803094632286,20
REMO,DTLZ6,10,30,341,16.160803094632286,20
REMO,DTLZ6,10,30,342,16.160803094632286,20
REMO,DTLZ6,10,30,343,16.160803094632286,20
REMO,DTLZ6,10,30,344,16.160803094632286,20
REMO,DTLZ6,10,30,345,16.160803094632286,20
REMO,DTLZ6,10,30,346,16.160803094632286,20
REMO,DTLZ6,10,30,347,16.160803094632286,20
REMO,DTLZ6,10,30,348,16.160803094632286,20
REMO,DTLZ6,10,30,349,16.160803094632286,20
REMO,DTLZ6,10,30,350,16.160803094632286,20
REMO,DTLZ6,10,30,351,16.160803094632286,20
REMO,DTLZ6,10,30,352,16.160803094632286,20
REMO,DTLZ6,10,30,353,16.160803094632286,20
REMO,DTLZ6,10,30,354,16.160803094632286,20
REMO,DTLZ6,10,30,355,16.160803094632286,20
REMO,DTLZ6,10,30,356,16.160803094632286,20
REMO,DTLZ6,10,30,357,16.160803094632286,20
REMO,DTLZ6,10,30,358,16.160803094632286,20
REMO,DTLZ6,10,30,359,16.160803094632286,20
REMO,DTLZ6,10,30,360,16.029822338816352,20
REMO,DTLZ6,10,30,361,16.029822338816352,20
REMO,DTLZ6,10,30,362,16.029822338816352,20
REMO,DTLZ6,10,30,363,16.029822338816352,20
REMO,DTLZ6,10,30,364,16.029822338816352,20
REMO,DTLZ6,10,30,365,16.029822338816352,20
REMO,DTLZ6,10,30,366,16.029822338816352,20
REMO,DTLZ6,10,30,367,16.029822338816352,20
REMO,DTLZ6,10,30,368,16.029822338816352,20
REMO,DTLZ6,10,30,369,16.029822338816352,20
REMO,DTLZ6,10,30,370,16.029822338816352,20
REMO,DTLZ6,10,30,371,16.029822338816352,20
REMO,DTLZ6,10,30,372,16.029822338816352,20
REMO,DTLZ6,10,30,373,16.029822338816352,20
REMO,DTLZ6,10,30,374,16.029822338816352,20
REMO,DTLZ6,10,30,375,16.029822338816352,20
REMO,DTLZ6,10,30,376,16.029822338816352,20
REMO,DTLZ6,10,30,377,16.029822338816352,20
REMO,DTLZ6,10,30,378,16.029822338816352,20
REMO,DTLZ6,10,30,379,16.029822338816352,20
REMO,DTLZ6,10,30,380,16.029822338816352,20
REMO,DTLZ6,10,30,381,16.029822338816352,20
REMO,DTLZ6,10,30,382,16.029822338816352,20
REMO,DTLZ6,10,30,383,16.029822338816352,20
REMO,DTLZ6,10,30,384,16.029822338816352,20
REMO,DTLZ6,10,30,385,16.029822338816352,20
REMO,DTLZ6,10,30,386,16.029822338816352,20
REMO,DTLZ6,10,30,387,16.029822338816352,20
REMO,DTLZ6,10,30,388,15.890846334993546,20
REMO,DTLZ6,10,30,389,15.890846334993546,20
REMO,DTLZ6,10,30,390,15.890846334993546,20
REMO,DTLZ6,10,30,391,15.890846334993546,20
REMO,DTLZ6,10,30,392,15.890846334993546,20
REMO,DTLZ6,10,30,393,15.890846334993546,20
REMO,DTLZ6,10,30,394,15.890846334993546,20
REMO,DTLZ6,10,30,395,15.890846334993546,20
REMO,DTLZ6,10,30,396,15.890846334993546,20
REMO,DTLZ6,10,30,397,15.890846334993546,20
REMO,DTLZ6,10,30,398,15.890846334993546,20
REMO,DTLZ6,10,30,399,15.890846334993546,20
REMO,DTLZ6,10,30,400,15.890846334993546,20
REMO,DTLZ6,10,30,401,15.890846334993546,20
REMO,DTLZ6,10,30,402,15.890846334993546,20
REMO,DTLZ6,10,30,403,15.890846334993546,20
REMO,DTLZ6,10,30,404,15.890846334993546,20
REMO,DTLZ6,10,30,405,15.890846334993546,20
REMO,DTLZ6,10,30,406,15.890846334993546,20
REMO,DTLZ6,10,30,407,15.890846334993546,20
REMO,DTLZ6,10,30,408,15.890846334993546,20
REMO,DTLZ6,10,30,409,15.890846334993546,20
REMO,DTLZ6,10,30,410,15.890846334993546,20
REMO,DTLZ6,10,30,411,15.890846334993546,20
REMO,DTLZ6,10,30,412,15.890846334993546,20
REMO,DTLZ6,10,30,413,15.890846334993546,20
REMO,DTLZ6,10,30,414,15.890846334993546,20
REMO,DTLZ6,10,30,415,15.890846334993546,20
REMO,DTLZ6,10,30,416,15.825933565953951,20
REMO,DTLZ6,10,30,417,15.825933565953951,20
REMO,DTLZ6,10,30,418,15.825933565953951,20
REMO,DTLZ6,10,30,419,15.825933565953951,20
REMO,DTLZ6,10,30,420,15.825933565953951,20
REMO,DTLZ6,10,30,421,15.825933565953951,20
REMO,DTLZ6,10,30,422,15.825933565953951,20
REMO,DTLZ6,10,30,423,15.825933565953951,20
REMO,DTLZ6,10,30,424,15.825933565953951,20
REMO,DTLZ6,10,30,425,15.825933565953951,20
REMO,DTLZ6,10,30,426,15.825933565953951,20
REMO,DTLZ6,10,30,427,15.825933565953951,20
REMO,DTLZ6,10,30,428,15.825933565953951,20
REMO,DTLZ6,10,30,429,15.825933565953951,20
REMO,DTLZ6,10,30,430,15.825933565953951,20
REMO,DTLZ6,10,30,431,15.825933565953951,20
REMO,DTLZ6,10,30,432,15.825933565953951,20
REMO,DTLZ6,10,30,433,15.825933565953951,20
REMO,DTLZ6,10,30,434,15.825933565953951,20
REMO,DTLZ6,10,30,435,15.825933565953951,20
REMO,DTLZ6,10,30,436,15.825933565953951,20
REMO,DTLZ6,10,30,437,15.825933565953951,20
REMO,DTLZ6,10,30,438,15.825933565953951,20
REMO,DTLZ6,10,30,439,15.825933565953951,20
REMO,DTLZ6,10,30,440,15.825933565953951,20
REMO,DTLZ6,10,30,441,15.825933565953951,20
REMO,DTLZ6,10,30,442,15.825933565953951,20
REMO,DTLZ6,10,30,443,15.825933565953951,20
REMO,DTLZ6,10,30,444,15.75195308865735,20
REMO,DTLZ6,10,30,445,15.75195308865735,20
REMO,DTLZ6,10,30,446,15.75195308865735,20
REMO,DTLZ6,10,30,447,15.75195308865735,20
REMO,DTLZ6,10,30,448,15.724160970648715,20
REMO,DTLZ6,10,30,449,15.724160970648715,20
REMO,DTLZ6,10,30,450,15.724160970648715,20
REMO,DTLZ6,10,30,451,15.724160970648715,20
REMO,DTLZ6,10,30,452,15.724160970648715,20
REMO,DTLZ6,10,30,453,15.724160970648715,20
REMO,DTLZ6,10,30,454,15.724160970648715,20
REMO,DTLZ6,10,30,455,15.724160970648715,20
REMO,DTLZ6,10,30,456,15.724160970648715,20
REMO,DTLZ6,10,30,457,15.724160970648715,20
REMO,DTLZ6,10,30,458,15.724160970648715,20
REMO,DTLZ6,10,30,459,15.724160970648715,20
REMO,DTLZ6,10,30,460,15.724160970648715,20
REMO,DTLZ6,10,30,461,15.724160970648715,20
REMO,DTLZ6,10,30,462,15.724160970648715,20
REMO,DTLZ6,10,30,463,15.724160970648715,20
REMO,DTLZ6,10,30,464,15.724160970648715,20
REMO,DTLZ6,10,30,465,15.724160970648715,20
REMO,DTLZ6,10,30,466,15.724160970648715,20
REMO,DTLZ6,10,30,467,15.724160970648715,20
REMO,DTLZ6,10,30,468,15.724160970648715,20
REMO,DTLZ6,10,30,469,15.724160970648715,20
REMO,DTLZ6,10,30,470,15.724160970648715,20
REMO,DTLZ6,10,30,471,15.724160970648715,20
REMO,DTLZ6,10,30,472,15.636156399503259,20
REMO,DTLZ6,10,30,473,15.636156399503259,20
REMO,DTLZ6,10,30,474,15.636156399503259,20
REMO,DTLZ6,10,30,475,15.636156399503259,20
REMO,DTLZ6,10,30,476,15.636156399503259,20
REMO,DTLZ6,10,30,477,15.636156399503259,20
REMO,DTLZ6,10,30,478,15.636156399503259,20
REMO,DTLZ6,10,30,479,15.636156399503259,20
REMO,DTLZ6,10,30,480,15.636156399503259,20
REMO,DTLZ6,10,30,481,15.636156399503259,20
REMO,DTLZ6,10,30,482,15.636156399503259,20
REMO,DTLZ6,10,30,483,15.636156399503259,20
REMO,DTLZ6,10,30,484,15.636156399503259,20
REMO,DTLZ6,10,30,485,15.636156399503259,20
REMO,DTLZ6,10,30,486,15.636156399503259,20
REMO,DTLZ6,10,30,487,15.636156399503259,20
REMO,DTLZ6,10,30,488,15.636156399503259,20
REMO,DTLZ6,10,30,489,15.636156399503259,20
REMO,DTLZ6,10,30,490,15.636156399503259,20
REMO,DTLZ6,10,30,491,15.636156399503259,20
REMO,DTLZ6,10,30,492,15.636156399503259,20
REMO,DTLZ6,10,30,493,15.636156399503259,20
REMO,DTLZ6,10,30,494,15.636156399503259,20
REMO,DTLZ6,10,30,495,15.636156399503259,20
REMO,DTLZ6,10,30,496,15.636156399503259,20
REMO,DTLZ6,10,30,497,15.636156399503259,20
REMO,DTLZ6,10,30,498,15.636156399503259,20
REMO,DTLZ6,10,30,499,15.636156399503259,20
REMO,DTLZ6,10,30,500,15.572143297879364,20
PCSAEA,DTLZ6,10,30,329,18.06933186785542,20
PCSAEA,DTLZ6,10,30,330,18.06933186785542,20
PCSAEA,DTLZ6,10,30,331,18.06933186785542,20
PCSAEA,DTLZ6,10,30,332,18.06933186785542,20
PCSAEA,DTLZ6,10,30,333,18.06933186785542,20
PCSAEA,DTLZ6,10,30,334,18.06933186785542,20
PCSAEA,DTLZ6,10,30,335,18.06933186785542,20
PCSAEA,DTLZ6,10,30,336,18.06933186785542,20
PCSAEA,DTLZ6,10,30,337,18.06933186785542,20
PCSAEA,DTLZ6,10,30,338,18.06933186785542,20
PCSAEA,DTLZ6,10,30,339,18.06933186785542,20
PCSAEA,DTLZ6,10,30,340,18.06933186785542,20
PCSAEA,DTLZ6,10,30,341,18.06933186785542,20
PCSAEA,DTLZ6,10,30,342,18.06150550865063,20
PCSAEA,DTLZ6,10,30,343,18.06150550865063,20
PCSAEA,DTLZ6,10,30,344,18.06150550865063,20
PCSAEA,DTLZ6,10,30,345,18.06150550865063,20
PCSAEA,DTLZ6,10,30,346,18.06150550865063,20
PCSAEA,DTLZ6,10,30,347,18.06150550865063,20
PCSAEA,DTLZ6,10,30,348,18.06150550865063,20
PCSAEA,DTLZ6,10,30,349,18.06150550865063,20
PCSAEA,DTLZ6,10,30,350,18.06150550865063,20
PCSAEA,DTLZ6,10,30,351,18.06150550865063,20
PCSAEA,DTLZ6,10,30,352,18.06150550865063,20
PCSAEA,DTLZ6,10,30,353,18.06150550865063,20
PCSAEA,DTLZ6,10,30,354,18.0281463878783,20
PCSAEA,DTLZ6,10,30,355,18.0281463878783,20
PCSAEA,DTLZ6,10,30,356,18.0281463878783,20
PCSAEA,DTLZ6,10,30,357,18.0281463878783,20
PCSAEA,DTLZ6,10,30,358,18.0281463878783,20
PCSAEA,DTLZ6,10,30,359,18.0281463878783,20
PCSAEA,DTLZ6,10,30,360,18.0281463878783,20
PCSAEA,DTLZ6,10,30,361,18.0281463878783,20
PCSAEA,DTLZ6,10,30,362,18.0281463878783,20
PCSAEA,DTLZ6,10,30,363,18.0281463878783,20
PCSAEA,DTLZ6,10,30,364,18.0281463878783,20
PCSAEA,DTLZ6,10,30,365,17.810329346753228,20
PCSAEA,DTLZ6,10,30,366,17.810329346753228,20
PCSAEA,DTLZ6,10,30,367,17.810329346753228,20
PCSAEA,DTLZ6,10,30,368,17.810329346753228,20
PCSAEA,DTLZ6,10,30,369,17.810329346753228,20
PCSAEA,DTLZ6,10,30,370,17.810329346753228,20
PCSAEA,DTLZ6,10,30,371,17.810329346753228,20
PCSAEA,DTLZ6,10,30,372,17.810329346753228,20
PCSAEA,DTLZ6,10,30,373,17.810329346753228,20
PCSAEA,DTLZ6,10,30,374,17.810329346753228,20
PCSAEA,DTLZ6,10,30,375,17.810329346753228,20
PCSAEA,DTLZ6,10,30,376,17.810329346753228,20
PCSAEA,DTLZ6,10,30,377,17.66590767258778,20
PCSAEA,DTLZ6,10,30,378,17.66590767258778,20
PCSAEA,DTLZ6,10,30,379,17.66590767258778,20
PCSAEA,DTLZ6,10,30,380,17.66590767258778,20
PCSAEA,DTLZ6,10,30,381,17.66590767258778,20
PCSAEA,DTLZ6,10,30,382,17.66590767258778,20
PCSAEA,DTLZ6,10,30,383,17.66590767258778,20
PCSAEA,DTLZ6,10,30,384,17.66590767258778,20
PCSAEA,DTLZ6,10,30,385,17.66590767258778,20
PCSAEA,DTLZ6,10,30,386,17.66590767258778,20
PCSAEA,DTLZ6,10,30,387,17.66590767258778,20
PCSAEA,DTLZ6,10,30,388,17.66590767258778,20
PCSAEA,DTLZ6,10,30,389,17.663443861352043,20
PCSAEA,DTLZ6,10,30,390,17.663443861352043,20
PCSAEA,DTLZ6,10,30,391,17.663443861352043,20
PCSAEA,DTLZ6,10,30,392,17.663443861352043,20
PCSAEA,DTLZ6,10,30,393,17.663443861352043,20
PCSAEA,DTLZ6,10,30,394,17.663443861352043,20
PCSAEA,DTLZ6,10,30,395,17.663443861352043,20
PCSAEA,DTLZ6,10,30,396,17.663443861352043,20
PCSAEA,DTLZ6,10,30,397,17.663443861352043,20
PCSAEA,DTLZ6,10,30,398,17.663443861352043,20
PCSAEA,DTLZ6,10,30,399,17.663443861352043,20
PCSAEA,DTLZ6,10,30,400,17.663443861352043,20
PCSAEA,DTLZ6,10,30,401,17.58659855635876,20
PCSAEA,DTLZ6,10,30,402,17.58659855635876,20
PCSAEA,DTLZ6,10,30,403,17.58659855635876,20
PCSAEA,DTLZ6,10,30,404,17.58659855635876,20
PCSAEA,DTLZ6,10,30,405,17.58659855635876,20
PCSAEA,DTLZ6,10,30,406,17.58659855635876,20
PCSAEA,DTLZ6,10,30,407,17.58659855635876,20
PCSAEA,DTLZ6,10,30,408,17.58659855635876,20
PCSAEA,DTLZ6,10,30,409,17.58659855635876,20
PCSAEA,DTLZ6,10,30,410,17.58659855635876,20
PCSAEA,DTLZ6,10,30,411,17.58659855635876,20
PCSAEA,DTLZ6,10,30,412,17.58659855635876,20
PCSAEA,DTLZ6,10,30,413,17.564367392419165,20
PCSAEA,DTLZ6,10,30,414,17.56244182076721,20
PCSAEA,DTLZ6,10,30,415,17.56244182076721,20
PCSAEA,DTLZ6,10,30,416,17.56244182076721,20
PCSAEA,DTLZ6,10,30,417,17.56244182076721,20
PCSAEA,DTLZ6,10,30,418,17.56244182076721,20
PCSAEA,DTLZ6,10,30,419,17.56244182076721,20
PCSAEA,DTLZ6,10,30,420,17.56244182076721,20
PCSAEA,DTLZ6,10,30,421,17.56244182076721,20
PCSAEA,DTLZ6,10,30,422,17.56244182076721,20
PCSAEA,DTLZ6,10,30,423,17.56244182076721,20
PCSAEA,DTLZ6,10,30,424,17.56244182076721,20
PCSAEA,DTLZ6,10,30,425,17.522149477869505,20
PCSAEA,DTLZ6,10,30,426,17.522149477869505,20
PCSAEA,DTLZ6,10,30,427,17.522149477869505,20
PCSAEA,DTLZ6,10,30,428,17.522149477869505,20
PCSAEA,DTLZ6,10,30,429,17.522149477869505,20
PCSAEA,DTLZ6,10,30,430,17.522149477869505,20
PCSAEA,DTLZ6,10,30,431,17.522149477869505,20
PCSAEA,DTLZ6,10,30,432,17.522149477869505,20
PCSAEA,DTLZ6,10,30,433,17.522149477869505,20
PCSAEA,DTLZ6,10,30,434,17.522149477869505,20
PCSAEA,DTLZ6,10,30,435,17.522149477869505,20
PCSAEA,DTLZ6,10,30,436,17.522149477869505,20
PCSAEA,DTLZ6,10,30,437,17.47606911922349,20
PCSAEA,DTLZ6,10,30,438,17.474819639214118,20
PCSAEA,DTLZ6,10,30,439,17.474819639214118,20
PCSAEA,DTLZ6,10,30,440,17.474819639214118,20
PCSAEA,DTLZ6,10,30,441,17.474819639214118,20
PCSAEA,DTLZ6,10,30,442,17.474819639214118,20
PCSAEA,DTLZ6,10,30,443,17.474819639214118,20
PCSAEA,DTLZ6,10,30,444,17.474819639214118,20
PCSAEA,DTLZ6,10,30,445,17.474819639214118,20
PCSAEA,DTLZ6,10,30,446,17.474819639214118,20
PCSAEA,DTLZ6,10,30,447,17.474819639214118,20
PCSAEA,DTLZ6,10,30,448,17.474819639214118,20
PCSAEA,DTLZ6,10,30,449,17.473802455369075,20
PCSAEA,DTLZ6,10,30,450,17.467450449275283,20
PCSAEA,DTLZ6,10,30,451,17.467450449275283,20
PCSAEA,DTLZ6,10,30,452,17.467450449275283,20
PCSAEA,DTLZ6,10,30,453,17.467450449275283,20
PCSAEA,DTLZ6,10,30,454,17.467450449275283,20
PCSAEA,DTLZ6,10,30,455,17.467450449275283,20
PCSAEA,DTLZ6,10,30,456,17.467450449275283,20
PCSAEA,DTLZ6,10,30,457,17.467450449275283,20
PCSAEA,DTLZ6,10,30,458,17.467450449275283,20
PCSAEA,DTLZ6,10,30,459,17.467450449275283,20
PCSAEA,DTLZ6,10,30,460,17.467450449275283,20
PCSAEA,DTLZ6,10,30,461,17.443579475723148,20
PCSAEA,DTLZ6,10,30,462,17.443579475723148,20
PCSAEA,DTLZ6,10,30,463,17.443579475723148,20
PCSAEA,DTLZ6,10,30,464,17.443579475723148,20
PCSAEA,DTLZ6,10,30,465,17.443579475723148,20
PCSAEA,DTLZ6,10,30,466,17.443579475723148,20
PCSAEA,DTLZ6,10,30,467,17.443579475723148,20
PCSAEA,DTLZ6,10,30,468,17.443579475723148,20
PCSAEA,DTLZ6,10,30,469,17.443579475723148,20
PCSAEA,DTLZ6,10,30,470,17.443579475723148,20
PCSAEA,DTLZ6,10,30,471,17.443579475723148,20
PCSAEA,DTLZ6,10,30,472,17.443579475723148,20
PCSAEA,DTLZ6,10,30,473,17.382066956290814,20
PCSAEA,DTLZ6,10,30,474,17.373262633440255,20
PCSAEA,DTLZ6,10,30,475,17.373262633440255,20
PCSAEA,DTLZ6,10,30,476,17.373262633440255,20
PCSAEA,DTLZ6,10,30,477,17.373262633440255,20
PCSAEA,DTLZ6,10,30,478,17.373262633440255,20
PCSAEA,DTLZ6,10,30,479,17.373262633440255,20
PCSAEA,DTLZ6,10,30,480,17.373262633440255,20
PCSAEA,DTLZ6,10,30,481,17.373262633440255,20
PCSAEA,DTLZ6,10,30,482,17.373262633440255,20
PCSAEA,DTLZ6,10,30,483,17.373262633440255,20
PCSAEA,DTLZ6,10,30,484,17.373262633440255,20
PCSAEA,DTLZ6,10,30,485,17.369191110484945,20
PCSAEA,DTLZ6,10,30,486,17.363451743416565,20
PCSAEA,DTLZ6,10,30,487,17.363451743416565,20
PCSAEA,DTLZ6,10,30,488,17.363451743416565,20
PCSAEA,DTLZ6,10,30,489,17.363451743416565,20
PCSAEA,DTLZ6,10,30,490,17.363451743416565,20
PCSAEA,DTLZ6,10,30,491,17.363451743416565,20
PCSAEA,DTLZ6,10,30,492,17.363451743416565,20
PCSAEA,DTLZ6,10,30,493,17.363451743416565,20
PCSAEA,DTLZ6,10,30,494,17.363451743416565,20
PCSAEA,DTLZ6,10,30,495,17.363451743416565,20
PCSAEA,DTLZ6,10,30,496,17.363451743416565,20
PCSAEA,DTLZ6,10,30,497,17.363451743416565,20
PCSAEA,DTLZ6,10,30,498,17.351308923286396,20
PCSAEA,DTLZ6,10,30,499,17.351308923286396,20
PCSAEA,DTLZ6,10,30,500,17.351308923286396,20
CSEA,DTLZ6,10,30,109,18.190832472416094,20
CSEA,DTLZ6,10,30,110,18.190832472416094,20
CSEA,DTLZ6,10,30,111,18.190832472416094,20
CSEA,DTLZ6,10,30,112,18.190832472416094,20
CSEA,DTLZ6,10,30,113,18.190832472416094,20
CSEA,DTLZ6,10,30,114,18.190832472416094,20
CSEA,DTLZ6,10,30,115,18.190832472416094,20
CSEA,DTLZ6,10,30,116,18.190832472416094,20
CSEA,DTLZ6,10,30,117,18.190832472416094,20
CSEA,DTLZ6,10,30,118,18.190832472416094,20
CSEA,DTLZ6,10,30,119,18.190832472416094,20
CSEA,DTLZ6,10,30,120,18.164947994203885,20
CSEA,DTLZ6,10,30,121,18.094573375741245,20
CSEA,DTLZ6,10,30,122,18.094573375741245,20
CSEA,DTLZ6,10,30,123,18.094573375741245,20
CSEA,DTLZ6,10,30,124,18.094573375741245,20
CSEA,DTLZ6,10,30,125,18.094573375741245,20
CSEA,DTLZ6,10,30,126,18.094573375741245,20
CSEA,DTLZ6,10,30,127,18.094573375741245,20
CSEA,DTLZ6,10,30,128,18.094573375741245,20
CSEA,DTLZ6,10,30,129,18.094573375741245,20
CSEA,DTLZ6,10,30,130,18.094573375741245,20
CSEA,DTLZ6,10,30,131,18.059541199500107,20
CSEA,DTLZ6,10,30,132,17.999747477065572,20
CSEA,DTLZ6,10,30,133,17.92280449851126,20
CSEA,DTLZ6,10,30,134,17.92280449851126,20
CSEA,DTLZ6,10,30,135,17.92280449851126,20
CSEA,DTLZ6,10,30,136,17.92280449851126,20
CSEA,DTLZ6,10,30,137,17.92280449851126,20
CSEA,DTLZ6,10,30,138,17.92280449851126,20
CSEA,DTLZ6,10,30,139,17.92280449851126,20
CSEA,DTLZ6,10,30,140,17.92280449851126,20
CSEA,DTLZ6,10,30,141,17.92280449851126,20
CSEA,DTLZ6,10,30,142,17.92280449851126,20
CSEA,DTLZ6,10,30,143,17.92280449851126,20
CSEA,DTLZ6,10,30,144,17.793741289551683,20
CSEA,DTLZ6,10,30,145,17.759966862733663,20
CSEA,DTLZ6,10,30,146,17.759966862733663,20
CSEA,DTLZ6,10,30,147,17.759966862733663,20
CSEA,DTLZ6,10,30,148,17.759966862733663,20
CSEA,DTLZ6,10,30,149,17.759966862733663,20
CSEA,DTLZ6,10,30,150,17.759966862733663,20
CSEA,DTLZ6,10,30,151,17.759966862733663,20
CSEA,DTLZ6,10,30,152,17.759966862733663,20
CSEA,DTLZ6,10,30,153,17.759966862733663,20
CSEA,DTLZ6,10,30,154,17.759966862733663,20
CSEA,DTLZ6,10,30,155,17.75866012697984,20
CSEA,DTLZ6,10,30,156,17.581276817406135,20
CSEA,DTLZ6,10,30,157,17.563484793675375,20
CSEA,DTLZ6,10,30,158,17.563484793675375,20
CSEA,DTLZ6,10,30,159,17.563484793675375,20
CSEA,DTLZ6,10,30,160,17.563484793675375,20
CSEA,DTLZ6,10,30,161,17.563484793675375,20
CSEA,DTLZ6,10,30,162,17.563484793675375,20
CSEA,DTLZ6,10,30,163,17.563484793675375,20
CSEA,DTLZ6,10,30,164,17.563484793675375,20
CSEA,DTLZ6,10,30,165,17.563484793675375,20
CSEA,DTLZ6,10,30,166,17.563484793675375,20
CSEA,DTLZ6,10,30,167,17.559927930233865,20
CSEA,DTLZ6,10,30,168,17.456640183788203,20
CSEA,DTLZ6,10,30,169,17.388523821263654,20
CSEA,DTLZ6,10,30,170,17.388523821263654,20
CSEA,DTLZ6,10,30,171,17.388523821263654,20
CSEA,DTLZ6,10,30,172,17.388523821263654,20
CSEA,DTLZ6,10,30,173,17.388523821263654,20
CSEA,DTLZ6,10,30,174,17.388523821263654,20
CSEA,DTLZ6,10,30,175,17.388523821263654,20
CSEA,DTLZ6,10,30,176,17.388523821263654,20
CSEA,DTLZ6,10,30,177,17.388523821263654,20
CSEA,DTLZ6,10,30,178,17.388523821263654,20
CSEA,DTLZ6,10,30,179,17.370981657013324,20
CSEA,DTLZ6,10,30,180,17.352619650705336,20
CSEA,DTLZ6,10,30,181,17.294252580640723,20
CSEA,DTLZ6,10,30,182,17.294252580640723,20
CSEA,DTLZ6,10,30,183,17.294252580640723,20
CSEA,DTLZ6,10,30,184,17.294252580640723,20
CSEA,DTLZ6,10,30,185,17.294252580640723,20
CSEA,DTLZ6,10,30,186,17.294252580640723,20
CSEA,DTLZ6,10,30,187,17.294252580640723,20
CSEA,DTLZ6,10,30,188,17.294252580640723,20
CSEA,DTLZ6,10,30,189,17.294252580640723,20
CSEA,DTLZ6,10,30,190,17.294252580640723,20
CSEA,DTLZ6,10,30,191,17.289073753872685,20
CSEA,DTLZ6,10,30,192,17.25047386228425,20
CSEA,DTLZ6,10,30,193,17.17480046474039,20
CSEA,DTLZ6,10,30,194,17.17480046474039,20
CSEA,DTLZ6,10,30,195,17.17480046474039,20
CSEA,DTLZ6,10,30,196,17.17480046474039,20
CSEA,DTLZ6,10,30,197,17.17480046474039,20
CSEA,DTLZ6,10,30,198,17.17480046474039,20
CSEA,DTLZ6,10,30,199,17.17480046474039,20
CSEA,DTLZ6,10,30,200,17.17480046474039,20
CSEA,DTLZ6,10,30,201,17.17480046474039,20
CSEA,DTLZ6,10,30,202,17.17480046474039,20
CSEA,DTLZ6,10,30,203,17.164697891130988,20
CSEA,DTLZ6,10,30,204,17.15353989321808,20
CSEA,DTLZ6,10,30,205,17.081932495186543,20
CSEA,DTLZ6,10,30,206,17.081932495186543,20
CSEA,DTLZ6,10,30,207,17.081932495186543,20
CSEA,DTLZ6,10,30,208,17.081932495186543,20
CSEA,DTLZ6,10,30,209,17.081932495186543,20
CSEA,DTLZ6,10,30,210,17.081932495186543,20
CSEA,DTLZ6,10,30,211,17.081932495186543,20
CSEA,DTLZ6,10,30,212,17.081932495186543,20
CSEA,DTLZ6,10,30,213,17.081932495186543,20
CSEA,DTLZ6,10,30,214,17.081932495186543,20
CSEA,DTLZ6,10,30,215,17.07273258995954,20
CSEA,DTLZ6,10,30,216,17.04370239309433,20
CSEA,DTLZ6,10,30,217,16.98706801653148,20
CSEA,DTLZ6,10,30,218,16.98706801653148,20
CSEA,DTLZ6,10,30,219,16.98706801653148,20
CSEA,DTLZ6,10,30,220,16.98706801653148,20
CSEA,DTLZ6,10,30,221,16.98706801653148,20
CSEA,DTLZ6,10,30,222,16.98706801653148,20
CSEA,DTLZ6,10,30,223,16.98706801653148,20
CSEA,DTLZ6,10,30,224,16.98706801653148,20
CSEA,DTLZ6,10,30,225,16.98706801653148,20
CSEA,DTLZ6,10,30,226,16.98706801653148,20
CSEA,DTLZ6,10,30,227,16.981616133383284,20
CSEA,DTLZ6,10,30,228,16.949793648805,20
CSEA,DTLZ6,10,30,229,16.925633560552917,20
CSEA,DTLZ6,10,30,230,16.925633560552917,20
CSEA,DTLZ6,10,30,231,16.925633560552917,20
CSEA,DTLZ6,10,30,232,16.925633560552917,20
CSEA,DTLZ6,10,30,233,16.925633560552917,20
CSEA,DTLZ6,10,30,234,16.925633560552917,20
CSEA,DTLZ6,10,30,235,16.925633560552917,20
CSEA,DTLZ6,10,30,236,16.925633560552917,20
CSEA,DTLZ6,10,30,237,16.925633560552917,20
CSEA,DTLZ6,10,30,238,16.925633560552917,20
CSEA,DTLZ6,10,30,239,16.88557830324361,20
CSEA,DTLZ6,10,30,240,16.838699594004222,20
CSEA,DTLZ6,10,30,241,16.801321317457155,20
CSEA,DTLZ6,10,30,242,16.801321317457155,20
CSEA,DTLZ6,10,30,243,16.801321317457155,20
CSEA,DTLZ6,10,30,244,16.801321317457155,20
CSEA,DTLZ6,10,30,245,16.801321317457155,20
CSEA,DTLZ6,10,30,246,16.801321317457155,20
CSEA,DTLZ6,10,30,247,16.801321317457155,20
CSEA,DTLZ6,10,30,248,16.801321317457155,20
CSEA,DTLZ6,10,30,249,16.801321317457155,20
CSEA,DTLZ6,10,30,250,16.801321317457155,20
CSEA,DTLZ6,10,30,251,16.792218097603385,20
CSEA,DTLZ6,10,30,252,16.706925317727002,20
CSEA,DTLZ6,10,30,253,16.68271540865451,20
CSEA,DTLZ6,10,30,254,16.68271540865451,20
CSEA,DTLZ6,10,30,255,16.68271540865451,20
CSEA,DTLZ6,10,30,256,16.68271540865451,20
CSEA,DTLZ6,10,30,257,16.68271540865451,20
CSEA,DTLZ6,10,30,258,16.68271540865451,20
CSEA,DTLZ6,10,30,259,16.68271540865451,20
CSEA,DTLZ6,10,30,260,16.68271540865451,20
CSEA,DTLZ6,10,30,261,16.68271540865451,20
CSEA,DTLZ6,10,30,262,16.68271540865451,20
CSEA,DTLZ6,10,30,263,16.67609325937651,20
CSEA,DTLZ6,10,30,264,16.64233116827204,20
CSEA,DTLZ6,10,30,265,16.600582272460336,20
CSEA,DTLZ6,10,30,266,16.600582272460336,20
CSEA,DTLZ6,10,30,267,16.600582272460336,20
CSEA,DTLZ6,10,30,268,16.600582272460336,20
CSEA,DTLZ6,10,30,269,16.600582272460336,20
CSEA,DTLZ6,10,30,270,16.600582272460336,20
CSEA,DTLZ6,10,30,271,16.600582272460336,20
CSEA,DTLZ6,10,30,272,16.600582272460336,20
CSEA,DTLZ6,10,30,273,16.600582272460336,20
CSEA,DTLZ6,10,30,274,16.600582272460336,20
CSEA,DTLZ6,10,30,275,16.53320459311408,20
CSEA,DTLZ6,10,30,276,16.464838704496493,20
CSEA,DTLZ6,10,30,277,16.421856522630154,20
CSEA,DTLZ6,10,30,278,16.421856522630154,20
CSEA,DTLZ6,10,30,279,16.421856522630154,20
CSEA,DTLZ6,10,30,280,16.421856522630154,20
CSEA,DTLZ6,10,30,281,16.421856522630154,20
CSEA,DTLZ6,10,30,282,16.421856522630154,20
CSEA,DTLZ6,10,30,283,16.421856522630154,20
CSEA,DTLZ6,10,30,284,16.421856522630154,20
CSEA,DTLZ6,10,30,285,16.421856522630154,20
CSEA,DTLZ6,10,30,286,16.421856522630154,20
CSEA,DTLZ6,10,30,287,16.396066981905513,20
CSEA,DTLZ6,10,30,288,16.360378012731786,20
CSEA,DTLZ6,10,30,289,16.217212204923747,20
CSEA,DTLZ6,10,30,290,16.217212204923747,20
CSEA,DTLZ6,10,30,291,16.217212204923747,20
CSEA,DTLZ6,10,30,292,16.217212204923747,20
CSEA,DTLZ6,10,30,293,16.217212204923747,20
CSEA,DTLZ6,10,30,294,16.217212204923747,20
CSEA,DTLZ6,10,30,295,16.217212204923747,20
CSEA,DTLZ6,10,30,296,16.217212204923747,20
CSEA,DTLZ6,10,30,297,16.217212204923747,20
CSEA,DTLZ6,10,30,298,16.217212204923747,20
CSEA,DTLZ6,10,30,299,16.203435489512252,20
CSEA,DTLZ6,10,30,300,16.163489013753775,20
CSEA,DTLZ6,10,30,301,16.08987169964461,20
CSEA,DTLZ6,10,30,302,16.08987169964461,20
CSEA,DTLZ6,10,30,303,16.08987169964461,20
CSEA,DTLZ6,10,30,304,16.08987169964461,20
CSEA,DTLZ6,10,30,305,16.08987169964461,20
CSEA,DTLZ6,10,30,306,16.08987169964461,20
CSEA,DTLZ6,10,30,307,16.08987169964461,20
CSEA,DTLZ6,10,30,308,16.08987169964461,20
CSEA,DTLZ6,10,30,309,16.08987169964461,20
CSEA,DTLZ6,10,30,310,16.08987169964461,20
CSEA,DTLZ6,10,30,311,16.063165860973236,20
CSEA,DTLZ6,10,30,312,16.02290304701982,20
CSEA,DTLZ6,10,30,313,15.992185524502279,20
CSEA,DTLZ6,10,30,314,15.992185524502279,20
CSEA,DTLZ6,10,30,315,15.992185524502279,20
CSEA,DTLZ6,10,30,316,15.992185524502279,20
CSEA,DTLZ6,10,30,317,15.992185524502279,20
CSEA,DTLZ6,10,30,318,15.992185524502279,20
CSEA,DTLZ6,10,30,319,15.992185524502279,20
CSEA,DTLZ6,10,30,320,15.992185524502279,20
CSEA,DTLZ6,10,30,321,15.992185524502279,20
CSEA,DTLZ6,10,30,322,15.992185524502279,20
CSEA,DTLZ6,10,30,323,15.933607722709198,20
CSEA,DTLZ6,10,30,324,15.878460281537238,20
CSEA,DTLZ6,10,30,325,15.82742017827837,20
CSEA,DTLZ6,10,30,326,15.82742017827837,20
CSEA,DTLZ6,10,30,327,15.82742017827837,20
CSEA,DTLZ6,10,30,328,15.82742017827837,20
CSEA,DTLZ6,10,30,329,15.82742017827837,20
CSEA,DTLZ6,10,30,330,15.82742017827837,20
CSEA,DTLZ6,10,30,331,15.82742017827837,20
CSEA,DTLZ6,10,30,332,15.82742017827837,20
CSEA,DTLZ6,10,30,333,15.82742017827837,20
CSEA,DTLZ6,10,30,334,15.82742017827837,20
CSEA,DTLZ6,10,30,335,15.774654892729668,20
CSEA,DTLZ6,10,30,336,15.737629822592746,20
CSEA,DTLZ6,10,30,337,15.678430792576592,20
CSEA,DTLZ6,10,30,338,15.678430792576592,20
CSEA,DTLZ6,10,30,339,15.678430792576592,20
CSEA,DTLZ6,10,30,340,15.678430792576592,20
CSEA,DTLZ6,10,30,341,15.678430792576592,20
CSEA,DTLZ6,10,30,342,15.678430792576592,20
CSEA,DTLZ6,10,30,343,15.678430792576592,20
CSEA,DTLZ6,10,30,344,15.678430792576592,20
CSEA,DTLZ6,10,30,345,15.678430792576592,20
CSEA,DTLZ6,10,30,346,15.678430792576592,20
CSEA,DTLZ6,10,30,347,15.671198509892378,20
CSEA,DTLZ6,10,30,348,15.617913689632326,20
CSEA,DTLZ6,10,30,349,15.588356386220283,20
CSEA,DTLZ6,10,30,350,15.588356386220283,20
CSEA,DTLZ6,10,30,351,15.588356386220283,20
CSEA,DTLZ6,10,30,352,15.588356386220283,20
CSEA,DTLZ6,10,30,353,15.588356386220283,20
CSEA,DTLZ6,10,30,354,15.588356386220283,20
CSEA,DTLZ6,10,30,355,15.588356386220283,20
CSEA,DTLZ6,10,30,356,15.588356386220283,20
CSEA,DTLZ6,10,30,357,15.588356386220283,20
CSEA,DTLZ6,10,30,358,15.588356386220283,20
CSEA,DTLZ6,10,30,359,15.575861632467888,20
CSEA,DTLZ6,10,30,360,15.575861632467888,20
CSEA,DTLZ6,10,30,361,15.5031194463731,20
CSEA,DTLZ6,10,30,362,15.5031194463731,20
CSEA,DTLZ6,10,30,363,15.5031194463731,20
CSEA,DTLZ6,10,30,364,15.5031194463731,20
CSEA,DTLZ6,10,30,365,15.5031194463731,20
CSEA,DTLZ6,10,30,366,15.5031194463731,20
CSEA,DTLZ6,10,30,367,15.5031194463731,20
CSEA,DTLZ6,10,30,368,15.5031194463731,20
CSEA,DTLZ6,10,30,369,15.5031194463731,20
CSEA,DTLZ6,10,30,370,15.5031194463731,20
CSEA,DTLZ6,10,30,371,15.5031194463731,20
CSEA,DTLZ6,10,30,372,15.45423020496448,20
CSEA,DTLZ6,10,30,373,15.417549895460576,20
CSEA,DTLZ6,10,30,374,15.417549895460576,20
CSEA,DTLZ6,10,30,375,15.417549895460576,20
CSEA,DTLZ6,10,30,376,15.417549895460576,20
CSEA,DTLZ6,10,30,377,15.417549895460576,20
CSEA,DTLZ6,10,30,378,15.417549895460576,20
CSEA,DTLZ6,10,30,379,15.417549895460576,20
CSEA,DTLZ6,10,30,380,15.417549895460576,20
CSEA,DTLZ6,10,30,381,15.417549895460576,20
CSEA,DTLZ6,10,30,382,15.417549895460576,20
CSEA,DTLZ6,10,30,383,15.362437801902178,20
CSEA,DTLZ6,10,30,384,15.362437801902178,20
CSEA,DTLZ6,10,30,385,15.362437801902178,20
CSEA,DTLZ6,10,30,386,15.362437801902178,20
CSEA,DTLZ6,10,30,387,15.362437801902178,20
CSEA,DTLZ6,10,30,388,15.362437801902178,20
CSEA,DTLZ6,10,30,389,15.362437801902178,20
CSEA,DTLZ6,10,30,390,15.362437801902178,20
CSEA,DTLZ6,10,30,391,15.362437801902178,20
CSEA,DTLZ6,10,30,392,15.362437801902178,20
CSEA,DTLZ6,10,30,393,15.362437801902178,20
CSEA,DTLZ6,10,30,394,15.362437801902178,20
CSEA,DTLZ6,10,30,395,15.306216532782468,20
CSEA,DTLZ6,10,30,396,15.223239073924422,20
CSEA,DTLZ6,10,30,397,15.20103821084616,20
CSEA,DTLZ6,10,30,398,15.20103821084616,20
CSEA,DTLZ6,10,30,399,15.20103821084616,20
CSEA,DTLZ6,10,30,400,15.20103821084616,20
CSEA,DTLZ6,10,30,401,15.20103821084616,20
CSEA,DTLZ6,10,30,402,15.20103821084616,20
CSEA,DTLZ6,10,30,403,15.20103821084616,20
CSEA,DTLZ6,10,30,404,15.20103821084616,20
CSEA,DTLZ6,10,30,405,15.20103821084616,20
CSEA,DTLZ6,10,30,406,15.185345164030576,20
CSEA,DTLZ6,10,30,407,15.185345164030576,20
CSEA,DTLZ6,10,30,408,15.179357474636621,20
CSEA,DTLZ6,10,30,409,15.154917902840813,20
CSEA,DTLZ6,10,30,410,15.154917902840813,20
CSEA,DTLZ6,10,30,411,15.154917902840813,20
CSEA,DTLZ6,10,30,412,15.154917902840813,20
CSEA,DTLZ6,10,30,413,15.154917902840813,20
CSEA,DTLZ6,10,30,414,15.154917902840813,20
CSEA,DTLZ6,10,30,415,15.154917902840813,20
CSEA,DTLZ6,10,30,416,15.154917902840813,20
CSEA,DTLZ6,10,30,417,15.154917902840813,20
CSEA,DTLZ6,10,30,418,15.154917902840813,20
CSEA,DTLZ6,10,30,419,15.154917902840813,20
CSEA,DTLZ6,10,30,420,15.154917902840813,20
CSEA,DTLZ6,10,30,421,15.154917902840813,20
CSEA,DTLZ6,10,30,422,15.154917902840813,20
CSEA,DTLZ6,10,30,423,15.154917902840813,20
CSEA,DTLZ6,10,30,424,15.154917902840813,20
CSEA,DTLZ6,10,30,425,15.154917902840813,20
CSEA,DTLZ6,10,30,426,15.154917902840813,20
CSEA,DTLZ6,10,30,427,15.154917902840813,20
CSEA,DTLZ6,10,30,428,15.154917902840813,20
CSEA,DTLZ6,10,30,429,15.154917902840813,20
CSEA,DTLZ6,10,30,430,15.102862339891786,20
CSEA,DTLZ6,10,30,431,15.093323444395429,20
CSEA,DTLZ6,10,30,432,15.064628525726473,20
CSEA,DTLZ6,10,30,433,15.034081811059782,20
CSEA,DTLZ6,10,30,434,15.034081811059782,20
CSEA,DTLZ6,10,30,435,15.034081811059782,20
CSEA,DTLZ6,10,30,436,15.034081811059782,20
CSEA,DTLZ6,10,30,437,15.034081811059782,20
CSEA,DTLZ6,10,30,438,15.034081811059782,20
CSEA,DTLZ6,10,30,439,15.034081811059782,20
CSEA,DTLZ6,10,30,440,15.034081811059782,20
CSEA,DTLZ6,10,30,441,15.034081811059782,20
CSEA,DTLZ6,10,30,442,15.031745099252209,20
CSEA,DTLZ6,10,30,443,14.998017630946809,20
CSEA,DTLZ6,10,30,444,14.968056583242705,20
CSEA,DTLZ6,10,30,445,14.934141892806982,20
CSEA,DTLZ6,10,30,446,14.934141892806982,20
CSEA,DTLZ6,10,30,447,14.934141892806982,20
CSEA,DTLZ6,10,30,448,14.934141892806982,20
CSEA,DTLZ6,10,30,449,14.934141892806982,20
CSEA,DTLZ6,10,30,450,14.934141892806982,20
CSEA,DTLZ6,10,30,451,14.934141892806982,20
CSEA,DTLZ6,10,30,452,14.934141892806982,20
CSEA,DTLZ6,10,30,453,14.934141892806982,20
CSEA,DTLZ6,10,30,454,14.934141892806982,20
CSEA,DTLZ6,10,30,455,14.899884229613807,20
CSEA,DTLZ6,10,30,456,14.895260422433012,20
CSEA,DTLZ6,10,30,457,14.863418723887808,20
CSEA,DTLZ6,10,30,458,14.863418723887808,20
CSEA,DTLZ6,10,30,459,14.863418723887808,20
CSEA,DTLZ6,10,30,460,14.863418723887808,20
CSEA,DTLZ6,10,30,461,14.863418723887808,20
CSEA,DTLZ6,10,30,462,14.863418723887808,20
CSEA,DTLZ6,10,30,463,14.863418723887808,20
CSEA,DTLZ6,10,30,464,14.863418723887808,20
CSEA,DTLZ6,10,30,465,14.863418723887808,20
CSEA,DTLZ6,10,30,466,14.834567872917152,20
CSEA,DTLZ6,10,30,467,14.834567872917152,20
CSEA,DTLZ6,10,30,468,14.834567872917152,20
CSEA,DTLZ6,10,30,469,14.834567872917152,20
CSEA,DTLZ6,10,30,470,14.834567872917152,20
CSEA,DTLZ6,10,30,471,14.834567872917152,20
CSEA,DTLZ6,10,30,472,14.834567872917152,20
CSEA,DTLZ6,10,30,473,14.834567872917152,20
CSEA,DTLZ6,10,30,474,14.834567872917152,20
CSEA,DTLZ6,10,30,475,14.834567872917152,20
CSEA,DTLZ6,10,30,476,14.834567872917152,20
CSEA,DTLZ6,10,30,477,14.834567872917152,20
CSEA,DTLZ6,10,30,478,14.805046643595258,20
CSEA,DTLZ6,10,30,479,14.804589470324284,20
CSEA,DTLZ6,10,30,480,14.762317984396375,20
CSEA,DTLZ6,10,30,481,14.700372847697576,20
CSEA,DTLZ6,10,30,482,14.700372847697576,20
CSEA,DTLZ6,10,30,483,14.700372847697576,20
CSEA,DTLZ6,10,30,484,14.700372847697576,20
CSEA,DTLZ6,10,30,485,14.700372847697576,20
CSEA,DTLZ6,10,30,486,14.700372847697576,20
CSEA,DTLZ6,10,30,487,14.700372847697576,20
CSEA,DTLZ6,10,30,488,14.700372847697576,20
CSEA,DTLZ6,10,30,489,14.700372847697576,20
CSEA,DTLZ6,10,30,490,14.700372847697576,20
CSEA,DTLZ6,10,30,491,14.700372847697576,20
CSEA,DTLZ6,10,30,492,14.700372847697576,20
CSEA,DTLZ6,10,30,493,14.700372847697576,20
CSEA,DTLZ6,10,30,494,14.700372847697576,20
CSEA,DTLZ6,10,30,495,14.700372847697576,20
CSEA,DTLZ6,10,30,496,14.700372847697576,20
CSEA,DTLZ6,10,30,497,14.700372847697576,20
CSEA,DTLZ6,10,30,498,14.700372847697576,20
CSEA,DTLZ6,10,30,499,14.700372847697576,20
CSEA,DTLZ6,10,30,500,14.700372847697576,20
HES_EA,DTLZ6,10,30,329,18.009925091314322,20
HES_EA,DTLZ6,10,30,330,18.009925091314322,20
HES_EA,DTLZ6,10,30,331,18.009925091314322,20
HES_EA,DTLZ6,10,30,332,18.009925091314322,20
HES_EA,DTLZ6,10,30,333,18.009925091314322,20
HES_EA,DTLZ6,10,30,334,17.9852486489861,20
HES_EA,DTLZ6,10,30,335,17.9852486489861,20
HES_EA,DTLZ6,10,30,336,17.9852486489861,20
HES_EA,DTLZ6,10,30,337,17.9852486489861,20
HES_EA,DTLZ6,10,30,338,17.9852486489861,20
HES_EA,DTLZ6,10,30,339,17.98302064614027,20
HES_EA,DTLZ6,10,30,340,17.98302064614027,20
HES_EA,DTLZ6,10,30,341,17.98302064614027,20
HES_EA,DTLZ6,10,30,342,17.98302064614027,20
HES_EA,DTLZ6,10,30,343,17.98302064614027,20
HES_EA,DTLZ6,10,30,344,17.98302064614027,20
HES_EA,DTLZ6,10,30,345,17.98302064614027,20
HES_EA,DTLZ6,10,30,346,17.98302064614027,20
HES_EA,DTLZ6,10,30,347,17.98302064614027,20
HES_EA,DTLZ6,10,30,348,17.98302064614027,20
HES_EA,DTLZ6,10,30,349,17.888943535947682,20
HES_EA,DTLZ6,10,30,350,17.888943535947682,20
HES_EA,DTLZ6,10,30,351,17.888943535947682,20
HES_EA,DTLZ6,10,30,352,17.888943535947682,20
HES_EA,DTLZ6,10,30,353,17.888943535947682,20
HES_EA,DTLZ6,10,30,354,17.8843456836035,20
HES_EA,DTLZ6,10,30,355,17.8843456836035,20
HES_EA,DTLZ6,10,30,356,17.8843456836035,20
HES_EA,DTLZ6,10,30,357,17.8843456836035,20
HES_EA,DTLZ6,10,30,358,17.8843456836035,20
HES_EA,DTLZ6,10,30,359,17.873911705378525,20
HES_EA,DTLZ6,10,30,360,17.873911705378525,20
HES_EA,DTLZ6,10,30,361,17.873911705378525,20
HES_EA,DTLZ6,10,30,362,17.873911705378525,20
HES_EA,DTLZ6,10,30,363,17.873911705378525,20
HES_EA,DTLZ6,10,30,364,17.86688433684845,20
HES_EA,DTLZ6,10,30,365,17.86688433684845,20
HES_EA,DTLZ6,10,30,366,17.86688433684845,20
HES_EA,DTLZ6,10,30,367,17.86688433684845,20
HES_EA,DTLZ6,10,30,368,17.86688433684845,20
HES_EA,DTLZ6,10,30,369,17.865114747735262,20
HES_EA,DTLZ6,10,30,370,17.865114747735262,20
HES_EA,DTLZ6,10,30,371,17.865114747735262,20
HES_EA,DTLZ6,10,30,372,17.865114747735262,20
HES_EA,DTLZ6,10,30,373,17.865114747735262,20
HES_EA,DTLZ6,10,30,374,17.830080698832127,20
HES_EA,DTLZ6,10,30,375,17.830080698832127,20
HES_EA,DTLZ6,10,30,376,17.830080698832127,20
HES_EA,DTLZ6,10,30,377,17.830080698832127,20
HES_EA,DTLZ6,10,30,378,17.830080698832127,20
HES_EA,DTLZ6,10,30,379,17.785411542467223,20
HES_EA,DTLZ6,10,30,380,17.785411542467223,20
HES_EA,DTLZ6,10,30,381,17.785411542467223,20
HES_EA,DTLZ6,10,30,382,17.785411542467223,20
HES_EA,DTLZ6,10,30,383,17.785411542467223,20
HES_EA,DTLZ6,10,30,384,17.721212313178768,20
HES_EA,DTLZ6,10,30,385,17.721212313178768,20
HES_EA,DTLZ6,10,30,386,17.721212313178768,20
HES_EA,DTLZ6,10,30,387,17.721212313178768,20
HES_EA,DTLZ6,10,30,388,17.721212313178768,20
HES_EA,DTLZ6,10,30,389,17.66279286183478,20
HES_EA,DTLZ6,10,30,390,17.66279286183478,20
HES_EA,DTLZ6,10,30,391,17.66279286183478,20
HES_EA,DTLZ6,10,30,392,17.66279286183478,20
HES_EA,DTLZ6,10,30,393,17.66279286183478,20
HES_EA,DTLZ6,10,30,394,17.636081941225505,20
HES_EA,DTLZ6,10,30,395,17.636081941225505,20
HES_EA,DTLZ6,10,30,396,17.636081941225505,20
HES_EA,DTLZ6,10,30,397,17.636081941225505,20
HES_EA,DTLZ6,10,30,398,17.636081941225505,20
HES_EA,DTLZ6,10,30,399,17.636081941225505,20
HES_EA,DTLZ6,10,30,400,17.636081941225505,20
HES_EA,DTLZ6,10,30,401,17.636081941225505,20
HES_EA,DTLZ6,10,30,402,17.636081941225505,20
HES_EA,DTLZ6,10,30,403,17.636081941225505,20
HES_EA,DTLZ6,10,30,404,17.636081941225505,20
HES_EA,DTLZ6,10,30,405,17.636081941225505,20
HES_EA,DTLZ6,10,30,406,17.636081941225505,20
HES_EA,DTLZ6,10,30,407,17.636081941225505,20
HES_EA,DTLZ6,10,30,408,17.636081941225505,20
HES_EA,DTLZ6,10,30,409,17.636081941225505,20
HES_EA,DTLZ6,10,30,410,17.636081941225505,20
HES_EA,DTLZ6,10,30,411,17.636081941225505,20
HES_EA,DTLZ6,10,30,412,17.636081941225505,20
HES_EA,DTLZ6,10,30,413,17.636081941225505,20
HES_EA,DTLZ6,10,30,414,17.273678554180734,20
HES_EA,DTLZ6,10,30,415,17.273678554180734,20
HES_EA,DTLZ6,10,30,416,17.273678554180734,20
HES_EA,DTLZ6,10,30,417,17.273678554180734,20
HES_EA,DTLZ6,10,30,418,17.273678554180734,20
HES_EA,DTLZ6,10,30,419,17.273678554180734,20
HES_EA,DTLZ6,10,30,420,17.273678554180734,20
HES_EA,DTLZ6,10,30,421,17.273678554180734,20
HES_EA,DTLZ6,10,30,422,17.273678554180734,20
HES_EA,DTLZ6,10,30,423,17.273678554180734,20
HES_EA,DTLZ6,10,30,424,17.272563793711264,20
HES_EA,DTLZ6,10,30,425,17.272563793711264,20
HES_EA,DTLZ6,10,30,426,17.272563793711264,20
HES_EA,DTLZ6,10,30,427,17.272563793711264,20
HES_EA,DTLZ6,10,30,428,17.272563793711264,20
HES_EA,DTLZ6,10,30,429,17.272563793711264,20
HES_EA,DTLZ6,10,30,430,17.272563793711264,20
HES_EA,DTLZ6,10,30,431,17.272563793711264,20
HES_EA,DTLZ6,10,30,432,17.272563793711264,20
HES_EA,DTLZ6,10,30,433,17.272563793711264,20
HES_EA,DTLZ6,10,30,434,17.272563793711264,20
HES_EA,DTLZ6,10,30,435,17.272563793711264,20
HES_EA,DTLZ6,10,30,436,17.272563793711264,20
HES_EA,DTLZ6,10,30,437,17.272563793711264,20
HES_EA,DTLZ6,10,30,438,17.272563793711264,20
HES_EA,DTLZ6,10,30,439,17.244890280294594,20
HES_EA,DTLZ6,10,30,440,17.244890280294594,20
HES_EA,DTLZ6,10,30,441,17.244890280294594,20
HES_EA,DTLZ6,10,30,442,17.244890280294594,20
HES_EA,DTLZ6,10,30,443,17.244890280294594,20
HES_EA,DTLZ6,10,30,444,16.695583733474237,20
HES_EA,DTLZ6,10,30,445,16.695583733474237,20
HES_EA,DTLZ6,10,30,446,16.695583733474237,20
HES_EA,DTLZ6,10,30,447,16.695583733474237,20
HES_EA,DTLZ6,10,30,448,16.695583733474237,20
HES_EA,DTLZ6,10,30,449,16.695583733474237,20
HES_EA,DTLZ6,10,30,450,16.695583733474237,20
HES_EA,DTLZ6,10,30,451,16.695583733474237,20
HES_EA,DTLZ6,10,30,452,16.695583733474237,20
HES_EA,DTLZ6,10,30,453,16.695583733474237,20
HES_EA,DTLZ6,10,30,454,16.695583733474237,20
HES_EA,DTLZ6,10,30,455,16.695583733474237,20
HES_EA,DTLZ6,10,30,456,16.695583733474237,20
HES_EA,DTLZ6,10,30,457,16.695583733474237,20
HES_EA,DTLZ6,10,30,458,16.695583733474237,20
HES_EA,DTLZ6,10,30,459,16.688046016503,20
HES_EA,DTLZ6,10,30,460,16.688046016503,20
HES_EA,DTLZ6,10,30,461,16.688046016503,20
HES_EA,DTLZ6,10,30,462,16.688046016503,20
HES_EA,DTLZ6,10,30,463,16.688046016503,20
HES_EA,DTLZ6,10,30,464,16.67031995340478,20
HES_EA,DTLZ6,10,30,465,16.67031995340478,20
HES_EA,DTLZ6,10,30,466,16.67031995340478,20
HES_EA,DTLZ6,10,30,467,16.67031995340478,20
HES_EA,DTLZ6,10,30,468,16.67031995340478,20
HES_EA,DTLZ6,10,30,469,16.12149973375262,20
HES_EA,DTLZ6,10,30,470,16.12149973375262,20
HES_EA,DTLZ6,10,30,471,16.12149973375262,20
HES_EA,DTLZ6,10,30,472,16.12149973375262,20
HES_EA,DTLZ6,10,30,473,16.12149973375262,20
HES_EA,DTLZ6,10,30,474,16.12149973375262,20
HES_EA,DTLZ6,10,30,475,16.12149973375262,20
HES_EA,DTLZ6,10,30,476,16.12149973375262,20
HES_EA,DTLZ6,10,30,477,16.12149973375262,20
HES_EA,DTLZ6,10,30,478,16.12149973375262,20
HES_EA,DTLZ6,10,30,479,16.05620293725739,20
HES_EA,DTLZ6,10,30,480,16.05620293725739,20
HES_EA,DTLZ6,10,30,481,16.05620293725739,20
HES_EA,DTLZ6,10,30,482,16.05620293725739,20
HES_EA,DTLZ6,10,30,483,16.05620293725739,20
HES_EA,DTLZ6,10,30,484,16.05620293725739,20
HES_EA,DTLZ6,10,30,485,16.05620293725739,20
HES_EA,DTLZ6,10,30,486,16.05620293725739,20
HES_EA,DTLZ6,10,30,487,16.05620293725739,20
HES_EA,DTLZ6,10,30,488,16.05620293725739,20
HES_EA,DTLZ6,10,30,489,16.05620293725739,20
HES_EA,DTLZ6,10,30,490,16.05620293725739,20
HES_EA,DTLZ6,10,30,491,16.05620293725739,20
HES_EA,DTLZ6,10,30,492,16.05620293725739,20
HES_EA,DTLZ6,10,30,493,16.05620293725739,20
HES_EA,DTLZ6,10,30,494,16.05620293725739,20
HES_EA,DTLZ6,10,30,495,16.05620293725739,20
HES_EA,DTLZ6,10,30,496,16.05620293725739,20
HES_EA,DTLZ6,10,30,497,16.05620293725739,20
HES_EA,DTLZ6,10,30,498,16.05620293725739,20
HES_EA,DTLZ6,10,30,499,16.05620293725739,20
HES_EA,DTLZ6,10,30,500,16.05620293725739,20
SSDE,DTLZ6,10,30,100,18.19864174411617,20
SSDE,DTLZ6,10,30,101,18.19864174411617,20
SSDE,DTLZ6,10,30,102,18.19864174411617,20
SSDE,DTLZ6,10,30,103,18.19864174411617,20
SSDE,DTLZ6,10,30,104,18.19864174411617,20
SSDE,DTLZ6,10,30,105,18.19864174411617,20
SSDE,DTLZ6,10,30,106,18.19864174411617,20
SSDE,DTLZ6,10,30,107,18.19864174411617,20
SSDE,DTLZ6,10,30,108,18.19864174411617,20
SSDE,DTLZ6,10,30,109,18.19864174411617,20
SSDE,DTLZ6,10,30,110,18.19864174411617,20
SSDE,DTLZ6,10,30,111,18.19864174411617,20
SSDE,DTLZ6,10,30,112,18.19864174411617,20
SSDE,DTLZ6,10,30,113,18.19864174411617,20
SSDE,DTLZ6,10,30,114,18.19864174411617,20
SSDE,DTLZ6,10,30,115,18.19864174411617,20
SSDE,DTLZ6,10,30,116,18.19864174411617,20
SSDE,DTLZ6,10,30,117,18.19864174411617,20
SSDE,DTLZ6,10,30,118,18.19864174411617,20
SSDE,DTLZ6,10,30,119,18.19864174411617,20
SSDE,DTLZ6,10,30,120,18.19864174411617,20
SSDE,DTLZ6,10,30,121,18.19864174411617,20
SSDE,DTLZ6,10,30,122,18.19864174411617,20
SSDE,DTLZ6,10,30,123,18.19864174411617,20
SSDE,DTLZ6,10,30,124,18.19864174411617,20
SSDE,DTLZ6,10,30,125,18.062103403437447,20
SSDE,DTLZ6,10,30,126,17.90711386158629,20
SSDE,DTLZ6,10,30,127,17.90711386158629,20
SSDE,DTLZ6,10,30,128,17.83652317755287,20
SSDE,DTLZ6,10,30,129,17.65278242856174,20
SSDE,DTLZ6,10,30,130,17.38706175173608,20
SSDE,DTLZ6,10,30,131,17.38706175173608,20
SSDE,DTLZ6,10,30,132,17.138782723742768,20
SSDE,DTLZ6,10,30,133,16.75617930491085,20
SSDE,DTLZ6,10,30,134,15.932346300828467,20
SSDE,DTLZ6,10,30,135,15.683993192301472,20
SSDE,DTLZ6,10,30,136,15.683993192301472,20
SSDE,DTLZ6,10,30,137,15.484825163439393,20
SSDE,DTLZ6,10,30,138,15.103735067589318,20
SSDE,DTLZ6,10,30,139,15.103735067589318,20
SSDE,DTLZ6,10,30,140,15.103735067589318,20
SSDE,DTLZ6,10,30,141,15.103735067589318,20
SSDE,DTLZ6,10,30,142,15.103735067589318,20
SSDE,DTLZ6,10,30,143,15.103735067589318,20
SSDE,DTLZ6,10,30,144,15.103735067589318,20
SSDE,DTLZ6,10,30,145,15.103735067589318,20
SSDE,DTLZ6,10,30,146,15.103735067589318,20
SSDE,DTLZ6,10,30,147,15.103735067589318,20
SSDE,DTLZ6,10,30,148,15.067180844141907,20
SSDE,DTLZ6,10,30,149,15.067180844141907,20
SSDE,DTLZ6,10,30,150,15.067180844141907,20
SSDE,DTLZ6,10,30,151,15.067180844141907,20
SSDE,DTLZ6,10,30,152,14.99606457399643,20
SSDE,DTLZ6,10,30,153,14.99606457399643,20
SSDE,DTLZ6,10,30,154,14.995914224634893,20
SSDE,DTLZ6,10,30,155,14.913934571679963,20
SSDE,DTLZ6,10,30,156,14.891952502245108,20
SSDE,DTLZ6,10,30,157,14.891952502245108,20
SSDE,DTLZ6,10,30,158,14.891952502245108,20
SSDE,DTLZ6,10,30,159,14.685904099974653,20
SSDE,DTLZ6,10,30,160,14.700267795200611,20
SSDE,DTLZ6,10,30,161,14.533755726644785,20
SSDE,DTLZ6,10,30,162,14.462669532610388,20
SSDE,DTLZ6,10,30,163,14.45234047563778,20
SSDE,DTLZ6,10,30,164,14.45234047563778,20
SSDE,DTLZ6,10,30,165,14.444763297187544,20
SSDE,DTLZ6,10,30,166,14.444763297187544,20
SSDE,DTLZ6,10,30,167,14.444763297187544,20
SSDE,DTLZ6,10,30,168,14.444763297187544,20
SSDE,DTLZ6,10,30,169,14.444763297187544,20
SSDE,DTLZ6,10,30,170,14.444763297187544,20
SSDE,DTLZ6,10,30,171,14.443750287783383,20
SSDE,DTLZ6,10,30,172,14.443750287783383,20
SSDE,DTLZ6,10,30,173,14.443750287783383,20
SSDE,DTLZ6,10,30,174,14.443750287783383,20
SSDE,DTLZ6,10,30,175,14.443750287783383,20
SSDE,DTLZ6,10,30,176,14.321462344234783,20
SSDE,DTLZ6,10,30,177,14.321462344234783,20
SSDE,DTLZ6,10,30,178,14.321462344234783,20
SSDE,DTLZ6,10,30,179,14.287250658448201,20
SSDE,DTLZ6,10,30,180,14.287250658448201,20
SSDE,DTLZ6,10,30,181,14.266317574071303,20
SSDE,DTLZ6,10,30,182,14.266317574071303,20
SSDE,DTLZ6,10,30,183,14.266317574071303,20
SSDE,DTLZ6,10,30,184,14.316985180159383,20
SSDE,DTLZ6,10,30,185,14.316985180159383,20
SSDE,DTLZ6,10,30,186,14.44267489433608,20
SSDE,DTLZ6,10,30,187,14.44267489433608,20
SSDE,DTLZ6,10,30,188,14.44267489433608,20
SSDE,DTLZ6,10,30,189,14.44267489433608,20
SSDE,DTLZ6,10,30,190,14.425721629474637,20
SSDE,DTLZ6,10,30,191,14.425721629474637,20
SSDE,DTLZ6,10,30,192,14.425721629474637,20
SSDE,DTLZ6,10,30,193,14.37158371474915,20
SSDE,DTLZ6,10,30,194,14.37158371474915,20
SSDE,DTLZ6,10,30,195,14.37158371474915,20
SSDE,DTLZ6,10,30,196,14.37158371474915,20
SSDE,DTLZ6,10,30,197,14.331470096996322,20
SSDE,DTLZ6,10,30,198,14.331470096996322,20
SSDE,DTLZ6,10,30,199,14.331470096996322,20
SSDE,DTLZ6,10,30,200,14.354554970584823,20
SSDE,DTLZ6,10,30,201,14.354554970584823,20
SSDE,DTLZ6,10,30,202,14.354554970584823,20
SSDE,DTLZ6,10,30,203,14.354554970584823,20
SSDE,DTLZ6,10,30,204,14.28095993052886,20
SSDE,DTLZ6,10,30,205,14.28095993052886,20
SSDE,DTLZ6,10,30,206,14.257086312424766,20
SSDE,DTLZ6,10,30,207,14.257086312424766,20
SSDE,DTLZ6,10,30,208,14.257086312424766,20
SSDE,DTLZ6,10,30,209,14.2496249749566,20
SSDE,DTLZ6,10,30,210,14.24843043844513,20
SSDE,DTLZ6,10,30,211,14.24279545911275,20
SSDE,DTLZ6,10,30,212,14.24279545911275,20
SSDE,DTLZ6,10,30,213,14.24279545911275,20
SSDE,DTLZ6,10,30,214,14.24279545911275,20
SSDE,DTLZ6,10,30,215,14.24279545911275,20
SSDE,DTLZ6,10,30,216,14.24279545911275,20
SSDE,DTLZ6,10,30,217,14.232332731978,20
SSDE,DTLZ6,10,30,218,14.232332731978,20
SSDE,DTLZ6,10,30,219,14.232332731978,20
SSDE,DTLZ6,10,30,220,14.232332731978,20
SSDE,DTLZ6,10,30,221,14.232332731978,20
SSDE,DTLZ6,10,30,222,14.282526308081753,20
SSDE,DTLZ6,10,30,223,14.181370509728023,20
SSDE,DTLZ6,10,30,224,14.139733317488183,20
SSDE,DTLZ6,10,30,225,14.218869525475304,20
SSDE,DTLZ6,10,30,226,14.218869525475304,20
SSDE,DTLZ6,10,30,227,14.234563740796087,20
SSDE,DTLZ6,10,30,228,14.16211319552809,20
SSDE,DTLZ6,10,30,229,14.16211319552809,20
SSDE,DTLZ6,10,30,230,14.180723139460587,20
SSDE,DTLZ6,10,30,231,14.180723139460587,20
SSDE,DTLZ6,10,30,232,14.193214714415834,20
SSDE,DTLZ6,10,30,233,14.193214714415834,20
SSDE,DTLZ6,10,30,234,14.193214714415834,20
SSDE,DTLZ6,10,30,235,14.193214714415834,20
SSDE,DTLZ6,10,30,236,14.210660378856705,20
SSDE,DTLZ6,10,30,237,14.210660378856705,20
SSDE,DTLZ6,10,30,238,14.210660378856705,20
SSDE,DTLZ6,10,30,239,14.210660378856705,20
SSDE,DTLZ6,10,30,240,14.210660378856705,20
SSDE,DTLZ6,10,30,241,14.232197993762227,20
SSDE,DTLZ6,10,30,242,14.263535555068875,20
SSDE,DTLZ6,10,30,243,14.263535555068875,20
SSDE,DTLZ6,10,30,244,14.278884210931125,20
SSDE,DTLZ6,10,30,245,14.131996344300322,20
SSDE,DTLZ6,10,30,246,14.127041396259765,20
SSDE,DTLZ6,10,30,247,14.127041396259765,20
SSDE,DTLZ6,10,30,248,14.127041396259765,20
SSDE,DTLZ6,10,30,249,14.127041396259765,20
SSDE,DTLZ6,10,30,250,14.127041396259765,20
SSDE,DTLZ6,10,30,251,14.127041396259765,20
SSDE,DTLZ6,10,30,252,14.127041396259765,20
SSDE,DTLZ6,10,30,253,14.127041396259765,20
SSDE,DTLZ6,10,30,254,14.139466425648337,20
SSDE,DTLZ6,10,30,255,14.120413464300734,20
SSDE,DTLZ6,10,30,256,14.189554901461088,20
SSDE,DTLZ6,10,30,257,14.231263540763488,20
SSDE,DTLZ6,10,30,258,14.231263540763488,20
SSDE,DTLZ6,10,30,259,14.231263540763488,20
SSDE,DTLZ6,10,30,260,14.231263540763488,20
SSDE,DTLZ6,10,30,261,14.218445921478718,20
SSDE,DTLZ6,10,30,262,14.087859756801132,20
SSDE,DTLZ6,10,30,263,14.095007300645431,20
SSDE,DTLZ6,10,30,264,14.114060261993036,20
SSDE,DTLZ6,10,30,265,14.13191272326066,20
SSDE,DTLZ6,10,30,266,14.136867101716216,20
SSDE,DTLZ6,10,30,267,14.136867101716216,20
SSDE,DTLZ6,10,30,268,14.136867101716216,20
SSDE,DTLZ6,10,30,269,14.136867101716216,20
SSDE,DTLZ6,10,30,270,14.136867101716216,20
SSDE,DTLZ6,10,30,271,14.244175980513077,20
SSDE,DTLZ6,10,30,272,14.268846404163446,20
SSDE,DTLZ6,10,30,273,14.280945205909784,20
SSDE,DTLZ6,10,30,274,14.280945205909784,20
SSDE,DTLZ6,10,30,275,14.280788901175205,20
SSDE,DTLZ6,10,30,276,14.282172615819922,20
SSDE,DTLZ6,10,30,277,14.283836459520376,20
SSDE,DTLZ6,10,30,278,14.283836459520376,20
SSDE,DTLZ6,10,30,279,14.220322918356846,20
SSDE,DTLZ6,10,30,280,14.220322918356846,20
SSDE,DTLZ6,10,30,281,14.182418692117682,20
SSDE,DTLZ6,10,30,282,14.182418692117682,20
SSDE,DTLZ6,10,30,283,14.182418692117682,20
SSDE,DTLZ6,10,30,284,14.182418692117682,20
SSDE,DTLZ6,10,30,285,14.189644394542835,20
SSDE,DTLZ6,10,30,286,14.360973503618798,20
SSDE,DTLZ6,10,30,287,14.360973503618798,20
SSDE,DTLZ6,10,30,288,14.305377375187646,20
SSDE,DTLZ6,10,30,289,14.27839754927091,20
SSDE,DTLZ6,10,30,290,14.27839754927091,20
SSDE,DTLZ6,10,30,291,14.195440471231473,20
SSDE,DTLZ6,10,30,292,14.195843135342002,20
SSDE,DTLZ6,10,30,293,14.195843135342002,20
SSDE,DTLZ6,10,30,294,14.223860280546763,20
SSDE,DTLZ6,10,30,295,14.223860280546763,20
SSDE,DTLZ6,10,30,296,14.27945640897791,20
SSDE,DTLZ6,10,30,297,14.27945640897791,20
SSDE,DTLZ6,10,30,298,14.270033594789737,20
SSDE,DTLZ6,10,30,299,14.270033594789737,20
SSDE,DTLZ6,10,30,300,14.270033594789737,20
SSDE,DTLZ6,10,30,301,14.270033594789737,20
SSDE,DTLZ6,10,30,302,14.301847131309717,20
SSDE,DTLZ6,10,30,303,14.272142840139153,20
SSDE,DTLZ6,10,30,304,14.41243189133589,20
SSDE,DTLZ6,10,30,305,14.42416238984983,20
SSDE,DTLZ6,10,30,306,14.461422043892478,20
SSDE,DTLZ6,10,30,307,14.461422043892478,20
SSDE,DTLZ6,10,30,308,14.461422043892478,20
SSDE,DTLZ6,10,30,309,14.49112633506304,20
SSDE,DTLZ6,10,30,310,14.49112633506304,20
SSDE,DTLZ6,10,30,311,14.493565286114537,20
SSDE,DTLZ6,10,30,312,14.493565286114537,20
SSDE,DTLZ6,10,30,313,14.493565286114537,20
SSDE,DTLZ6,10,30,314,14.490455037558997,20
SSDE,DTLZ6,10,30,315,14.482130233219118,20
SSDE,DTLZ6,10,30,316,14.482067279614892,20
SSDE,DTLZ6,10,30,317,14.482067279614892,20
SSDE,DTLZ6,10,30,318,14.506299558196044,20
SSDE,DTLZ6,10,30,319,14.506299558196044,20
SSDE,DTLZ6,10,30,320,14.506299558196044,20
SSDE,DTLZ6,10,30,321,14.506299558196044,20
SSDE,DTLZ6,10,30,322,14.495326084298364,20
SSDE,DTLZ6,10,30,323,14.482635932467915,20
SSDE,DTLZ6,10,30,324,14.481525657200034,20
SSDE,DTLZ6,10,30,325,14.481525657200034,20
SSDE,DTLZ6,10,30,326,14.631883465533125,20
SSDE,DTLZ6,10,30,327,14.650349929494647,20
SSDE,DTLZ6,10,30,328,14.650349929494647,20
SSDE,DTLZ6,10,30,329,14.642455349165001,20
SSDE,DTLZ6,10,30,330,14.642455349165001,20
SSDE,DTLZ6,10,30,331,14.642455349165001,20
SSDE,DTLZ6,10,30,332,14.642455349165001,20
SSDE,DTLZ6,10,30,333,14.595158034534583,20
SSDE,DTLZ6,10,30,334,14.564033946637853,20
SSDE,DTLZ6,10,30,335,14.564033946637853,20
SSDE,DTLZ6,10,30,336,14.513584504653949,20
SSDE,DTLZ6,10,30,337,14.513584504653949,20
SSDE,DTLZ6,10,30,338,14.513584504653949,20
SSDE,DTLZ6,10,30,339,14.42861321742227,20
SSDE,DTLZ6,10,30,340,14.407175655489599,20
SSDE,DTLZ6,10,30,341,14.43633987546732,20
SSDE,DTLZ6,10,30,342,14.43633987546732,20
SSDE,DTLZ6,10,30,343,14.438384942916205,20
SSDE,DTLZ6,10,30,344,14.438384942916205,20
SSDE,DTLZ6,10,30,345,14.438384942916205,20
SSDE,DTLZ6,10,30,346,14.438384942916205,20
SSDE,DTLZ6,10,30,347,14.438384942916205,20
SSDE,DTLZ6,10,30,348,14.479135493157496,20
SSDE,DTLZ6,10,30,349,14.438444609072429,20
SSDE,DTLZ6,10,30,350,14.438444609072429,20
SSDE,DTLZ6,10,30,351,14.438444609072429,20
SSDE,DTLZ6,10,30,352,14.438444609072429,20
SSDE,DTLZ6,10,30,353,14.413142342571167,20
SSDE,DTLZ6,10,30,354,14.413142342571167,20
SSDE,DTLZ6,10,30,355,14.413142342571167,20
SSDE,DTLZ6,10,30,356,14.453425579239902,20
SSDE,DTLZ6,10,30,357,14.468166907780608,20
SSDE,DTLZ6,10,30,358,14.468166907780608,20
SSDE,DTLZ6,10,30,359,14.468166907780608,20
SSDE,DTLZ6,10,30,360,14.46994203816744,20
SSDE,DTLZ6,10,30,361,14.370433410106562,20
SSDE,DTLZ6,10,30,362,14.370433410106562,20
SSDE,DTLZ6,10,30,363,14.320224442874476,20
SSDE,DTLZ6,10,30,364,14.234522402415127,20
SSDE,DTLZ6,10,30,365,14.14239495199106,20
SSDE,DTLZ6,10,30,366,14.171481529639138,20
SSDE,DTLZ6,10,30,367,14.171481529639138,20
SSDE,DTLZ6,10,30,368,14.171481529639138,20
SSDE,DTLZ6,10,30,369,14.171481529639138,20
SSDE,DTLZ6,10,30,370,14.118987773284275,20
SSDE,DTLZ6,10,30,371,14.118987773284275,20
SSDE,DTLZ6,10,30,372,14.076929821644645,20
SSDE,DTLZ6,10,30,373,14.077804216531916,20
SSDE,DTLZ6,10,30,374,14.113190439543834,20
SSDE,DTLZ6,10,30,375,14.113190439543834,20
SSDE,DTLZ6,10,30,376,14.113190439543834,20
SSDE,DTLZ6,10,30,377,14.252057718401835,20
SSDE,DTLZ6,10,30,378,14.252057718401835,20
SSDE,DTLZ6,10,30,379,14.184943809478105,20
SSDE,DTLZ6,10,30,380,14.199189297338908,20
SSDE,DTLZ6,10,30,381,14.199189297338908,20
SSDE,DTLZ6,10,30,382,14.336758529171826,20
SSDE,DTLZ6,10,30,383,14.216652283530507,20
SSDE,DTLZ6,10,30,384,14.216652283530507,20
SSDE,DTLZ6,10,30,385,14.188181045905718,20
SSDE,DTLZ6,10,30,386,14.188181045905718,20
SSDE,DTLZ6,10,30,387,14.188181045905718,20
SSDE,DTLZ6,10,30,388,14.209322703184906,20
SSDE,DTLZ6,10,30,389,14.225164844924635,20
SSDE,DTLZ6,10,30,390,14.224613329044198,20
SSDE,DTLZ6,10,30,391,14.224117986016697,20
SSDE,DTLZ6,10,30,392,14.224117986016697,20
SSDE,DTLZ6,10,30,393,14.224689304525691,20
SSDE,DTLZ6,10,30,394,14.221778227920463,20
SSDE,DTLZ6,10,30,395,14.221778227920463,20
SSDE,DTLZ6,10,30,396,14.160265218361081,20
SSDE,DTLZ6,10,30,397,14.160265218361081,20
SSDE,DTLZ6,10,30,398,14.160473554703719,20
SSDE,DTLZ6,10,30,399,14.290444803360828,20
SSDE,DTLZ6,10,30,400,14.29189785665165,20
SSDE,DTLZ6,10,30,401,14.286277251550805,20
SSDE,DTLZ6,10,30,402,14.286277251550805,20
SSDE,DTLZ6,10,30,403,14.340215590016271,20
SSDE,DTLZ6,10,30,404,14.32539170731574,20
SSDE,DTLZ6,10,30,405,14.364072001442594,20
SSDE,DTLZ6,10,30,406,14.364072001442594,20
SSDE,DTLZ6,10,30,407,14.336115564034312,20
SSDE,DTLZ6,10,30,408,14.336115564034312,20
SSDE,DTLZ6,10,30,409,14.336115564034312,20
SSDE,DTLZ6,10,30,410,14.294954190118474,20
SSDE,DTLZ6,10,30,411,14.198759168732773,20
SSDE,DTLZ6,10,30,412,14.165897924610524,20
SSDE,DTLZ6,10,30,413,14.019727299708563,20
SSDE,DTLZ6,10,30,414,13.940698702874519,20
SSDE,DTLZ6,10,30,415,13.928047155935143,20
SSDE,DTLZ6,10,30,416,13.894151119759272,20
SSDE,DTLZ6,10,30,417,13.922107557167553,20
SSDE,DTLZ6,10,30,418,13.922107557167553,20
SSDE,DTLZ6,10,30,419,13.922107557167553,20
SSDE,DTLZ6,10,30,420,13.922107557167553,20
SSDE,DTLZ6,10,30,421,13.922107557167553,20
SSDE,DTLZ6,10,30,422,13.92239790838095,20
SSDE,DTLZ6,10,30,423,13.92239790838095,20
SSDE,DTLZ6,10,30,424,13.921585880643727,20
SSDE,DTLZ6,10,30,425,13.99347543007654,20
SSDE,DTLZ6,10,30,426,13.99347543007654,20
SSDE,DTLZ6,10,30,427,14.167921941163701,20
SSDE,DTLZ6,10,30,428,14.167921941163701,20
SSDE,DTLZ6,10,30,429,14.167921941163701,20
SSDE,DTLZ6,10,30,430,14.189879101299084,20
SSDE,DTLZ6,10,30,431,14.230749056465394,20
SSDE,DTLZ6,10,30,432,14.23489409932248,20
SSDE,DTLZ6,10,30,433,14.351295805750123,20
SSDE,DTLZ6,10,30,434,14.351295805750123,20
SSDE,DTLZ6,10,30,435,14.271190038699526,20
SSDE,DTLZ6,10,30,436,14.271190038699526,20
SSDE,DTLZ6,10,30,437,14.271190038699526,20
SSDE,DTLZ6,10,30,438,14.256958841586675,20
SSDE,DTLZ6,10,30,439,14.256958841586675,20
SSDE,DTLZ6,10,30,440,14.256958841586675,20
SSDE,DTLZ6,10,30,441,14.256958841586675,20
SSDE,DTLZ6,10,30,442,14.277424216578163,20
SSDE,DTLZ6,10,30,443,14.236939786106387,20
SSDE,DTLZ6,10,30,444,14.236939786106387,20
SSDE,DTLZ6,10,30,445,14.236939786106387,20
SSDE,DTLZ6,10,30,446,14.236939786106387,20
SSDE,DTLZ6,10,30,447,14.179240702446071,20
SSDE,DTLZ6,10,30,448,14.097980757527898,20
SSDE,DTLZ6,10,30,449,14.055295739502814,20
SSDE,DTLZ6,10,30,450,14.055295739502814,20
SSDE,DTLZ6,10,30,451,14.065187692181592,20
SSDE,DTLZ6,10,30,452,14.058846519880749,20
SSDE,DTLZ6,10,30,453,14.058846519880749,20
SSDE,DTLZ6,10,30,454,14.086153683991554,20
SSDE,DTLZ6,10,30,455,14.086153683991554,20
SSDE,DTLZ6,10,30,456,14.086153683991554,20
SSDE,DTLZ6,10,30,457,14.086153683991554,20
SSDE,DTLZ6,10,30,458,14.106701334056385,20
SSDE,DTLZ6,10,30,459,14.106701334056385,20
SSDE,DTLZ6,10,30,460,14.085847228742091,20
SSDE,DTLZ6,10,30,461,14.085847228742091,20
SSDE,DTLZ6,10,30,462,14.085847228742091,20
SSDE,DTLZ6,10,30,463,14.085847228742091,20
SSDE,DTLZ6,10,30,464,14.07805924031481,20
SSDE,DTLZ6,10,30,465,14.164583913398493,20
SSDE,DTLZ6,10,30,466,14.164583913398493,20
SSDE,DTLZ6,10,30,467,14.164583913398493,20
SSDE,DTLZ6,10,30,468,14.164583913398493,20
SSDE,DTLZ6,10,30,469,14.164583913398493,20
SSDE,DTLZ6,10,30,470,14.164583913398493,20
SSDE,DTLZ6,10,30,471,14.164583913398493,20
SSDE,DTLZ6,10,30,472,14.164583913398493,20
SSDE,DTLZ6,10,30,473,14.162746451879437,20
SSDE,DTLZ6,10,30,474,14.162746451879437,20
SSDE,DTLZ6,10,30,475,14.162746451879437,20
SSDE,DTLZ6,10,30,476,14.163094263246768,20
SSDE,DTLZ6,10,30,477,14.182524817184571,20
SSDE,DTLZ6,10,30,478,14.182524817184571,20
SSDE,DTLZ6,10,30,479,14.195081258186907,20
SSDE,DTLZ6,10,30,480,14.195081258186907,20
SSDE,DTLZ6,10,30,481,14.176041931552117,20
SSDE,DTLZ6,10,30,482,14.099189321537523,20
SSDE,DTLZ6,10,30,483,14.099189321537523,20
SSDE,DTLZ6,10,30,484,14.099189321537523,20
SSDE,DTLZ6,10,30,485,14.099189321537523,20
SSDE,DTLZ6,10,30,486,14.099189321537523,20
SSDE,DTLZ6,10,30,487,14.099189321537523,20
SSDE,DTLZ6,10,30,488,14.099189321537523,20
SSDE,DTLZ6,10,30,489,14.099189321537523,20
SSDE,DTLZ6,10,30,490,14.099189321537523,20
SSDE,DTLZ6,10,30,491,14.076038319152062,20
SSDE,DTLZ6,10,30,492,14.076038319152062,20
SSDE,DTLZ6,10,30,493,14.076038319152062,20
SSDE,DTLZ6,10,30,494,14.076038319152062,20
SSDE,DTLZ6,10,30,495,14.076038319152062,20
SSDE,DTLZ6,10,30,496,14.076038319152062,20
SSDE,DTLZ6,10,30,497,14.076038319152062,20
SSDE,DTLZ6,10,30,498,14.076038319152062,20
SSDE,DTLZ6,10,30,499,14.076038319152062,20
SSDE,DTLZ6,10,30,500,14.065582185075874,20
SAMOEATL2M,DTLZ6,10,30,329,17.990896217803375,20
SAMOEATL2M,DTLZ6,10,30,330,17.990896217803375,20
SAMOEATL2M,DTLZ6,10,30,331,17.990896217803375,20
SAMOEATL2M,DTLZ6,10,30,332,17.990896217803375,20
SAMOEATL2M,DTLZ6,10,30,333,17.990896217803375,20
SAMOEATL2M,DTLZ6,10,30,334,17.990896217803375,20
SAMOEATL2M,DTLZ6,10,30,335,17.990896217803375,20
SAMOEATL2M,DTLZ6,10,30,336,17.990896217803375,20
SAMOEATL2M,DTLZ6,10,30,337,17.990896217803375,20
SAMOEATL2M,DTLZ6,10,30,338,17.990896217803375,20
SAMOEATL2M,DTLZ6,10,30,339,17.990893175275477,20
SAMOEATL2M,DTLZ6,10,30,340,17.990893175275477,20
SAMOEATL2M,DTLZ6,10,30,341,17.990893175275477,20
SAMOEATL2M,DTLZ6,10,30,342,17.990893175275477,20
SAMOEATL2M,DTLZ6,10,30,343,17.990893175275477,20
SAMOEATL2M,DTLZ6,10,30,344,17.990893175275477,20
SAMOEATL2M,DTLZ6,10,30,345,17.990893175275477,20
SAMOEATL2M,DTLZ6,10,30,346,17.990893175275477,20
SAMOEATL2M,DTLZ6,10,30,347,17.990893175275477,20
SAMOEATL2M,DTLZ6,10,30,348,17.990893175275477,20
SAMOEATL2M,DTLZ6,10,30,349,17.990893175275477,20
SAMOEATL2M,DTLZ6,10,30,350,17.990893175275477,20
SAMOEATL2M,DTLZ6,10,30,351,17.990893175275477,20
SAMOEATL2M,DTLZ6,10,30,352,17.990893175275477,20
SAMOEATL2M,DTLZ6,10,30,353,17.990893175275477,20
SAMOEATL2M,DTLZ6,10,30,354,17.990893175275477,20
SAMOEATL2M,DTLZ6,10,30,355,17.990893175275477,20
SAMOEATL2M,DTLZ6,10,30,356,17.990893175275477,20
SAMOEATL2M,DTLZ6,10,30,357,17.990893175275477,20
SAMOEATL2M,DTLZ6,10,30,358,17.990893175275477,20
SAMOEATL2M,DTLZ6,10,30,359,17.990893175275477,20
SAMOEATL2M,DTLZ6,10,30,360,17.990893175275477,20
SAMOEATL2M,DTLZ6,10,30,361,17.990893175275477,20
SAMOEATL2M,DTLZ6,10,30,362,17.990893175275477,20
SAMOEATL2M,DTLZ6,10,30,363,17.990893175275477,20
SAMOEATL2M,DTLZ6,10,30,364,17.990893175275477,20
SAMOEATL2M,DTLZ6,10,30,365,17.990893175275477,20
SAMOEATL2M,DTLZ6,10,30,366,17.990893175275477,20
SAMOEATL2M,DTLZ6,10,30,367,17.990893175275477,20
SAMOEATL2M,DTLZ6,10,30,368,17.990893175275477,20
SAMOEATL2M,DTLZ6,10,30,369,17.990893175275477,20
SAMOEATL2M,DTLZ6,10,30,370,17.990893175275477,20
SAMOEATL2M,DTLZ6,10,30,371,17.990893175275477,20
SAMOEATL2M,DTLZ6,10,30,372,17.990893175275477,20
SAMOEATL2M,DTLZ6,10,30,373,17.990893175275477,20
SAMOEATL2M,DTLZ6,10,30,374,17.990893175275477,20
SAMOEATL2M,DTLZ6,10,30,375,17.990893175275477,20
SAMOEATL2M,DTLZ6,10,30,376,17.990893175275477,20
SAMOEATL2M,DTLZ6,10,30,377,17.990893175275477,20
SAMOEATL2M,DTLZ6,10,30,378,17.990893175275477,20
SAMOEATL2M,DTLZ6,10,30,379,17.990893175275477,20
SAMOEATL2M,DTLZ6,10,30,380,17.990893175275477,20
SAMOEATL2M,DTLZ6,10,30,381,17.990893175275477,20
SAMOEATL2M,DTLZ6,10,30,382,17.990893175275477,20
SAMOEATL2M,DTLZ6,10,30,383,17.990893175275477,20
SAMOEATL2M,DTLZ6,10,30,384,17.981353462702096,20
SAMOEATL2M,DTLZ6,10,30,385,17.981353462702096,20
SAMOEATL2M,DTLZ6,10,30,386,17.981353462702096,20
SAMOEATL2M,DTLZ6,10,30,387,17.981353462702096,20
SAMOEATL2M,DTLZ6,10,30,388,17.981353462702096,20
SAMOEATL2M,DTLZ6,10,30,389,17.981353462702096,20
SAMOEATL2M,DTLZ6,10,30,390,17.981353462702096,20
SAMOEATL2M,DTLZ6,10,30,391,17.981353462702096,20
SAMOEATL2M,DTLZ6,10,30,392,17.981353462702096,20
SAMOEATL2M,DTLZ6,10,30,393,17.981353462702096,20
SAMOEATL2M,DTLZ6,10,30,394,17.981353462702096,20
SAMOEATL2M,DTLZ6,10,30,395,17.981353462702096,20
SAMOEATL2M,DTLZ6,10,30,396,17.981353462702096,20
SAMOEATL2M,DTLZ6,10,30,397,17.981353462702096,20
SAMOEATL2M,DTLZ6,10,30,398,17.981353462702096,20
SAMOEATL2M,DTLZ6,10,30,399,17.981353462702096,20
SAMOEATL2M,DTLZ6,10,30,400,17.981353462702096,20
SAMOEATL2M,DTLZ6,10,30,401,17.981353462702096,20
SAMOEATL2M,DTLZ6,10,30,402,17.981353462702096,20
SAMOEATL2M,DTLZ6,10,30,403,17.981353462702096,20
SAMOEATL2M,DTLZ6,10,30,404,17.981353462702096,20
SAMOEATL2M,DTLZ6,10,30,405,17.981353462702096,20
SAMOEATL2M,DTLZ6,10,30,406,17.981353462702096,20
SAMOEATL2M,DTLZ6,10,30,407,17.981353462702096,20
SAMOEATL2M,DTLZ6,10,30,408,17.981353462702096,20
SAMOEATL2M,DTLZ6,10,30,409,17.96649639098007,20
SAMOEATL2M,DTLZ6,10,30,410,17.96649639098007,20
SAMOEATL2M,DTLZ6,10,30,411,17.96649639098007,20
SAMOEATL2M,DTLZ6,10,30,412,17.96649639098007,20
SAMOEATL2M,DTLZ6,10,30,413,17.96649639098007,20
SAMOEATL2M,DTLZ6,10,30,414,17.96649639098007,20
SAMOEATL2M,DTLZ6,10,30,415,17.96649639098007,20
SAMOEATL2M,DTLZ6,10,30,416,17.96649639098007,20
SAMOEATL2M,DTLZ6,10,30,417,17.96649639098007,20
SAMOEATL2M,DTLZ6,10,30,418,17.96649639098007,20
SAMOEATL2M,DTLZ6,10,30,419,17.96649639098007,20
SAMOEATL2M,DTLZ6,10,30,420,17.96649639098007,20
SAMOEATL2M,DTLZ6,10,30,421,17.96649639098007,20
SAMOEATL2M,DTLZ6,10,30,422,17.96649639098007,20
SAMOEATL2M,DTLZ6,10,30,423,17.96649639098007,20
SAMOEATL2M,DTLZ6,10,30,424,17.952973041595605,20
SAMOEATL2M,DTLZ6,10,30,425,17.952973041595605,20
SAMOEATL2M,DTLZ6,10,30,426,17.952973041595605,20
SAMOEATL2M,DTLZ6,10,30,427,17.952973041595605,20
SAMOEATL2M,DTLZ6,10,30,428,17.952973041595605,20
SAMOEATL2M,DTLZ6,10,30,429,17.94402701260248,20
SAMOEATL2M,DTLZ6,10,30,430,17.94402701260248,20
SAMOEATL2M,DTLZ6,10,30,431,17.94402701260248,20
SAMOEATL2M,DTLZ6,10,30,432,17.94402701260248,20
SAMOEATL2M,DTLZ6,10,30,433,17.94402701260248,20
SAMOEATL2M,DTLZ6,10,30,434,17.94402701260248,20
SAMOEATL2M,DTLZ6,10,30,435,17.94402701260248,20
SAMOEATL2M,DTLZ6,10,30,436,17.94402701260248,20
SAMOEATL2M,DTLZ6,10,30,437,17.94402701260248,20
SAMOEATL2M,DTLZ6,10,30,438,17.94402701260248,20
SAMOEATL2M,DTLZ6,10,30,439,17.94402701260248,20
SAMOEATL2M,DTLZ6,10,30,440,17.94402701260248,20
SAMOEATL2M,DTLZ6,10,30,441,17.94402701260248,20
SAMOEATL2M,DTLZ6,10,30,442,17.94402701260248,20
SAMOEATL2M,DTLZ6,10,30,443,17.94402701260248,20
SAMOEATL2M,DTLZ6,10,30,444,17.94402701260248,20
SAMOEATL2M,DTLZ6,10,30,445,17.94402701260248,20
SAMOEATL2M,DTLZ6,10,30,446,17.94402701260248,20
SAMOEATL2M,DTLZ6,10,30,447,17.94402701260248,20
SAMOEATL2M,DTLZ6,10,30,448,17.94402701260248,20
SAMOEATL2M,DTLZ6,10,30,449,17.94402701260248,20
SAMOEATL2M,DTLZ6,10,30,450,17.94402701260248,20
SAMOEATL2M,DTLZ6,10,30,451,17.94402701260248,20
SAMOEATL2M,DTLZ6,10,30,452,17.94402701260248,20
SAMOEATL2M,DTLZ6,10,30,453,17.94402701260248,20
SAMOEATL2M,DTLZ6,10,30,454,17.94402701260248,20
SAMOEATL2M,DTLZ6,10,30,455,17.94402701260248,20
SAMOEATL2M,DTLZ6,10,30,456,17.94402701260248,20
SAMOEATL2M,DTLZ6,10,30,457,17.94402701260248,20
SAMOEATL2M,DTLZ6,10,30,458,17.94402701260248,20
SAMOEATL2M,DTLZ6,10,30,459,17.94402701260248,20
SAMOEATL2M,DTLZ6,10,30,460,17.94402701260248,20
SAMOEATL2M,DTLZ6,10,30,461,17.94402701260248,20
SAMOEATL2M,DTLZ6,10,30,462,17.94402701260248,20
SAMOEATL2M,DTLZ6,10,30,463,17.94402701260248,20
SAMOEATL2M,DTLZ6,10,30,464,17.94402701260248,20
SAMOEATL2M,DTLZ6,10,30,465,17.94402701260248,20
SAMOEATL2M,DTLZ6,10,30,466,17.94402701260248,20
SAMOEATL2M,DTLZ6,10,30,467,17.94402701260248,20
SAMOEATL2M,DTLZ6,10,30,468,17.94402701260248,20
SAMOEATL2M,DTLZ6,10,30,469,17.94402701260248,20
SAMOEATL2M,DTLZ6,10,30,470,17.94402701260248,20
SAMOEATL2M,DTLZ6,10,30,471,17.94402701260248,20
SAMOEATL2M,DTLZ6,10,30,472,17.94402701260248,20
SAMOEATL2M,DTLZ6,10,30,473,17.94402701260248,20
SAMOEATL2M,DTLZ6,10,30,474,17.94402701260248,20
SAMOEATL2M,DTLZ6,10,30,475,17.94402701260248,20
SAMOEATL2M,DTLZ6,10,30,476,17.94402701260248,20
SAMOEATL2M,DTLZ6,10,30,477,17.94402701260248,20
SAMOEATL2M,DTLZ6,10,30,478,17.94402701260248,20
SAMOEATL2M,DTLZ6,10,30,479,17.94402701260248,20
SAMOEATL2M,DTLZ6,10,30,480,17.94402701260248,20
SAMOEATL2M,DTLZ6,10,30,481,17.94402701260248,20
SAMOEATL2M,DTLZ6,10,30,482,17.94402701260248,20
SAMOEATL2M,DTLZ6,10,30,483,17.94402701260248,20
SAMOEATL2M,DTLZ6,10,30,484,17.94402701260248,20
SAMOEATL2M,DTLZ6,10,30,485,17.94402701260248,20
SAMOEATL2M,DTLZ6,10,30,486,17.94402701260248,20
SAMOEATL2M,DTLZ6,10,30,487,17.94402701260248,20
SAMOEATL2M,DTLZ6,10,30,488,17.94402701260248,20
SAMOEATL2M,DTLZ6,10,30,489,17.94402701260248,20
SAMOEATL2M,DTLZ6,10,30,490,17.94402701260248,20
SAMOEATL2M,DTLZ6,10,30,491,17.94402701260248,20
SAMOEATL2M,DTLZ6,10,30,492,17.94402701260248,20
SAMOEATL2M,DTLZ6,10,30,493,17.94402701260248,20
SAMOEATL2M,DTLZ6,10,30,494,17.94402701260248,20
SAMOEATL2M,DTLZ6,10,30,495,17.94402701260248,20
SAMOEATL2M,DTLZ6,10,30,496,17.94402701260248,20
SAMOEATL2M,DTLZ6,10,30,497,17.94402701260248,20
SAMOEATL2M,DTLZ6,10,30,498,17.94402701260248,20
SAMOEATL2M,DTLZ6,10,30,499,17.94402701260248,20
SAMOEATL2M,DTLZ6,10,30,500,17.94402701260248,20
REMO_UniformMix_Pruned_Weighted_Lambdat030_NoBatchDist,WFG2,10,31,100,4.368962077728295,20
REMO_UniformMix_Pruned_Weighted_Lambdat030_NoBatchDist,WFG2,10,31,101,4.368962077728295,20
REMO_UniformMix_Pruned_Weighted_Lambdat030_NoBatchDist,WFG2,10,31,102,4.368962077728295,20
REMO_UniformMix_Pruned_Weighted_Lambdat030_NoBatchDist,WFG2,10,31,103,4.368962077728295,20
REMO_UniformMix_Pruned_Weighted_Lambdat030_NoBatchDist,WFG2,10,31,104,4.368962077728295,20
REMO_UniformMix_Pruned_Weighted_Lambdat030_NoBatchDist,WFG2,10,31,105,4.368962077728295,20
REMO_UniformMix_Pruned_Weighted_Lambdat030_NoBatchDist,WFG2,10,31,106,4.163667915562437,20
REMO_UniformMix_Pruned_Weighted_Lambdat030_NoBatchDist,WFG2,10,31,107,4.163667915562437,20
REMO_UniformMix_Pruned_Weighted_Lambdat030_NoBatchDist,WFG2,10,31,108,4.163667915562437,20
REMO_UniformMix_Pruned_Weighted_Lambdat030_NoBatchDist,WFG2,10,31,109,4.163667915562437,20
REMO_UniformMix_Pruned_Weighted_Lambdat030_NoBatchDist,WFG2,10,31,110,4.163667915562437,20
REMO_UniformMix_Pruned_Weighted_Lambdat030_NoBatchDist,WFG2,10,31,111,4.163667915562437,20
REMO_UniformMix_Pruned_Weighted_Lambdat030_NoBatchDist,WFG2,10,31,112,3.9625555678147264,20
REMO_UniformMix_Pruned_Weighted_Lambdat030_NoBatchDist,WFG2,10,31,113,3.9625555678147264,20
REMO_UniformMix_Pruned_Weighted_Lambdat030_NoBatchDist,WFG2,10,31,114,3.9625555678147264,20
REMO_UniformMix_Pruned_Weighted_Lambdat030_NoBatchDist,WFG2,10,31,115,3.9625555678147264,20
REMO_UniformMix_Pruned_Weighted_Lambdat030_NoBatchDist,WFG2,10,31,116,3.9625555678147264,20
REMO_UniformMix_Pruned_Weighted_Lambdat030_NoBatchDist,WFG2,10,31,117,3.9625555678147264,20
REMO_UniformMix_Pruned_Weighted_Lambdat030_NoBatchDist,WFG2,10,31,118,3.851627705838996,20
REMO_UniformMix_Pruned_Weighted_Lambdat030_NoBatchDist,WFG2,10,31,119,3.851627705838996,20
REMO_UniformMix_Pruned_Weighted_Lambdat030_NoBatchDist,WFG2,10,31,120,3.851627705838996,20
REMO_UniformMix_Pruned_Weighted_Lambdat030_NoBatchDist,WFG2,10,31,121,3.851627705838996,20
REMO_UniformMix_Pruned_Weighted_Lambdat030_NoBatchDist,WFG2,10,31,122,3.851627705838996,20
REMO_UniformMix_Pruned_Weighted_Lambdat030_NoBatchDist,WFG2,10,31,123,3.851627705838996,20
REMO_UniformMix_Pruned_Weighted_Lambdat030_NoBatchDist,WFG2,10,31,124,3.568649409338918,20
REMO_UniformMix_Pruned_Weighted_Lambdat030_NoBatchDist,WFG2,10,31,125,3.568649409338918,20
REMO_UniformMix_Pruned_Weighted_Lambdat030_NoBatchDist,WFG2,10,31,126,3.568649409338918,20
REMO_UniformMix_Pruned_Weighted_Lambdat030_NoBatchDist,WFG2,10,31,127,3.568649409338918,20
REMO_UniformMix_Pruned_Weighted_Lambdat030_NoBatchDist,WFG2,10,31,128,3.568649409338918,20
REMO_UniformMix_Pruned_Weighted_Lambdat030_NoBatchDist,WFG2,10,31,129,3.568649409338918,20
REMO_UniformMix_Pruned_Weighted_Lambdat030_NoBatchDist,WFG2,10,31,130,3.4107033296387237,20
REMO_UniformMix_Pruned_Weighted_Lambdat030_NoBatchDist,WFG2,10,31,131,3.4107033296387237,20
REMO_UniformMix_Pruned_Weighted_Lambdat030_NoBatchDist,WFG2,10,31,132,3.4107033296387237,20
REMO_UniformMix_Pruned_Weighted_Lambdat030_NoBatchDist,WFG2,10,31,133,3.4107033296387237,20
REMO_UniformMix_Pruned_Weighted_Lambdat030_NoBatchDist,WFG2,10,31,134,3.4107033296387237,20
REMO_UniformMix_Pruned_Weighted_Lambdat030_NoBatchDist,WFG2,10,31,135,3.4107033296387237,20
REMO_UniformMix_Pruned_Weighted_Lambdat030_NoBatchDist,WFG2,10,31,136,3.371901202029391,20
REMO_UniformMix_Pruned_Weighted_Lambdat030_NoBatchDist,WFG2,10,31,137,3.371901202029391,20
REMO_UniformMix_Pruned_Weighted_Lambdat030_NoBatchDist,WFG2,10,31,138,3.371901202029391,20
REMO_UniformMix_Pruned_Weighted_Lambdat030_NoBatchDist,WFG2,10,31,139,3.371901202029391,20
REMO_UniformMix_Pruned_Weighted_Lambdat030_NoBatchDist,WFG2,10,31,140,3.371901202029391,20
REMO_UniformMix_Pruned_Weighted_Lambdat030_NoBatchDist,WFG2,10,31,141,3.371901202029391,20
REMO_UniformMix_Pruned_Weighted_Lambdat030_NoBatchDist,WFG2,10,31,142,3.141560523906953,20
REMO_UniformMix_Pruned_Weighted_Lambdat030_NoBatchDist,WFG2,10,31,143,3.141560523906953,20
REMO_UniformMix_Pruned_Weighted_Lambdat030_NoBatchDist,WFG2,10,31,144,3.141560523906953,20
REMO_UniformMix_Pruned_Weighted_Lambdat030_NoBatchDist,WFG2,10,31,145,3.141560523906953,20
REMO_UniformMix_Pruned_Weighted_Lambdat030_NoBatchDist,WFG2,10,31,146,3.141560523906953,20
REMO_UniformMix_Pruned_Weighted_Lambdat030_NoBatchDist,WFG2,10,31,147,3.141560523906953,20
REMO_UniformMix_Pruned_Weighted_Lambdat030_NoBatchDist,WFG2,10,31,148,3.0045982080940266,20
REMO_UniformMix_Pruned_Weighted_Lambdat030_NoBatchDist,WFG2,10,31,149,3.0045982080940266,20
REMO_UniformMix_Pruned_Weighted_Lambdat030_NoBatchDist,WFG2,10,31,150,3.0045982080940266,20
REMO_UniformMix_Pruned_Weighted_Lambdat030_NoBatchDist,WFG2,10,31,151,3.0045982080940266,20
REMO_UniformMix_Pruned_Weighted_Lambdat030_NoBatchDist,WFG2,10,31,152,3.0045982080940266,20
REMO_UniformMix_Pruned_Weighted_Lambdat030_NoBatchDist,WFG2,10,31,153,3.0045982080940266,20
REMO_UniformMix_Pruned_Weighted_Lambdat030_NoBatchDist,WFG2,10,31,154,3.0045982080940266,20
REMO_UniformMix_Pruned_Weighted_Lambdat030_NoBatchDist,WFG2,10,31,155,3.0045982080940266,20
REMO_UniformMix_Pruned_Weighted_Lambdat030_NoBatchDist,WFG2,10,31,156,3.0045982080940266,20
REMO_UniformMix_Pruned_Weighted_Lambdat030_NoBatchDist,WFG2,10,31,157,3.0045982080940266,20
REMO_UniformMix_Pruned_Weighted_Lambdat030_NoBatchDist,WFG2,10,31,158,3.0045982080940266,20
REMO_UniformMix_Pruned_Weighted_Lambdat030_NoBatchDist,WFG2,10,31,159,3.0045982080940266,20
REMO_UniformMix_Pruned_Weighted_Lambdat030_NoBatchDist,WFG2,10,31,160,3.0045982080940266,20
REMO_UniformMix_Pruned_Weighted_Lambdat030_NoBatchDist,WFG2,10,31,161,3.0045982080940266,20
REMO_UniformMix_Pruned_Weighted_Lambdat030_NoBatchDist,WFG2,10,31,162,3.0045982080940266,20
REMO_UniformMix_Pruned_Weighted_Lambdat030_NoBatchDist,WFG2,10,31,163,3.0045982080940266,20
REMO_UniformMix_Pruned_Weighted_Lambdat030_NoBatchDist,WFG2,10,31,164,3.0045982080940266,20
REMO_UniformMix_Pruned_Weighted_Lambdat030_NoBatchDist,WFG2,10,31,165,3.0045982080940266,20
REMO_UniformMix_Pruned_Weighted_Lambdat030_NoBatchDist,WFG2,10,31,166,2.622782460323262,20
REMO_UniformMix_Pruned_Weighted_Lambdat030_NoBatchDist,WFG2,10,31,167,2.622782460323262,20
REMO_UniformMix_Pruned_Weighted_Lambdat030_NoBatchDist,WFG2,10,31,168,2.622782460323262,20
REMO_UniformMix_Pruned_Weighted_Lambdat030_NoBatchDist,WFG2,10,31,169,2.622782460323262,20
REMO_UniformMix_Pruned_Weighted_Lambdat030_NoBatchDist,WFG2,10,31,170,2.622782460323262,20
REMO_UniformMix_Pruned_Weighted_Lambdat030_NoBatchDist,WFG2,10,31,171,2.622782460323262,20
REMO_UniformMix_Pruned_Weighted_Lambdat030_NoBatchDist,WFG2,10,31,172,2.622782460323262,20
REMO_UniformMix_Pruned_Weighted_Lambdat030_NoBatchDist,WFG2,10,31,173,2.622782460323262,20
REMO_UniformMix_Pruned_Weighted_Lambdat030_NoBatchDist,WFG2,10,31,174,2.622782460323262,20
REMO_UniformMix_Pruned_Weighted_Lambdat030_NoBatchDist,WFG2,10,31,175,2.622782460323262,20
REMO_UniformMix_Pruned_Weighted_Lambdat030_NoBatchDist,WFG2,10,31,176,2.622782460323262,20
REMO_UniformMix_Pruned_Weighted_Lambdat030_NoBatchDist,WFG2,10,31,177,2.622782460323262,20
REMO_UniformMix_Pruned_Weighted_Lambdat030_NoBatchDist,WFG2,10,31,178,2.541168284498695,20
REMO_UniformMix_Pruned_Weighted_Lambdat030_NoBatchDist,WFG2,10,31,179,2.541168284498695,20
REMO_UniformMix_Pruned_Weighted_Lambdat030_NoBatchDist,WFG2,10,31,180,2.541168284498695,20
REMO_UniformMix_Pruned_Weighted_Lambdat030_NoBatchDist,WFG2,10,31,181,2.541168284498695,20
REMO_UniformMix_Pruned_Weighted_Lambdat030_NoBatchDist,WFG2,10,31,182,2.541168284498695,20
REMO_UniformMix_Pruned_Weighted_Lambdat030_NoBatchDist,WFG2,10,31,183,2.541168284498695,20
REMO_UniformMix_Pruned_Weighted_Lambdat030_NoBatchDist,WFG2,10,31,184,2.541168284498695,20
REMO_UniformMix_Pruned_Weighted_Lambdat030_NoBatchDist,WFG2,10,31,185,2.541168284498695,20
REMO_UniformMix_Pruned_Weighted_Lambdat030_NoBatchDist,WFG2,10,31,186,2.541168284498695,20
REMO_UniformMix_Pruned_Weighted_Lambdat030_NoBatchDist,WFG2,10,31,187,2.541168284498695,20
REMO_UniformMix_Pruned_Weighted_Lambdat030_NoBatchDist,WFG2,10,31,188,2.541168284498695,20
REMO_UniformMix_Pruned_Weighted_Lambdat030_NoBatchDist,WFG2,10,31,189,2.541168284498695,20
REMO_UniformMix_Pruned_Weighted_Lambdat030_NoBatchDist,WFG2,10,31,190,2.541168284498695,20
REMO_UniformMix_Pruned_Weighted_Lambdat030_NoBatchDist,WFG2,10,31,191,2.541168284498695,20
REMO_UniformMix_Pruned_Weighted_Lambdat030_NoBatchDist,WFG2,10,31,192,2.541168284498695,20
REMO_UniformMix_Pruned_Weighted_Lambdat030_NoBatchDist,WFG2,10,31,193,2.541168284498695,20
REMO_UniformMix_Pruned_Weighted_Lambdat030_NoBatchDist,WFG2,10,31,194,2.541168284498695,20
REMO_UniformMix_Pruned_Weighted_Lambdat030_NoBatchDist,WFG2,10,31,195,2.541168284498695,20
REMO_UniformMix_Pruned_Weighted_Lambdat030_NoBatchDist,WFG2,10,31,196,2.4740516686756613,20
REMO_UniformMix_Pruned_Weighted_Lambdat030_NoBatchDist,WFG2,10,31,197,2.4740516686756613,20
REMO_UniformMix_Pruned_Weighted_Lambdat030_NoBatchDist,WFG2,10,31,198,2.4740516686756613,20
REMO_UniformMix_Pruned_Weighted_Lambdat030_NoBatchDist,WFG2,10,31,199,2.4740516686756613,20
REMO_UniformMix_Pruned_Weighted_Lambdat030_NoBatchDist,WFG2,10,31,200,2.4740516686756613,20
REMO_UniformMix_Pruned_Weighted_Lambdat030_NoBatchDist,WFG2,10,31,201,2.4740516686756613,20
REMO_UniformMix_Pruned_Weighted_Lambdat030_NoBatchDist,WFG2,10,31,202,2.4740516686756613,20
REMO_UniformMix_Pruned_Weighted_Lambdat030_NoBatchDist,WFG2,10,31,203,2.4740516686756613,20
REMO_UniformMix_Pruned_Weighted_Lambdat030_NoBatchDist,WFG2,10,31,204,2.4740516686756613,20
REMO_UniformMix_Pruned_Weighted_Lambdat030_NoBatchDist,WFG2,10,31,205,2.4740516686756613,20
REMO_UniformMix_Pruned_Weighted_Lambdat030_NoBatchDist,WFG2,10,31,206,2.4740516686756613,20
REMO_UniformMix_Pruned_Weighted_Lambdat030_NoBatchDist,WFG2,10,31,207,2.4740516686756613,20
REMO_UniformMix_Pruned_Weighted_Lambdat030_NoBatchDist,WFG2,10,31,208,2.4740516686756613,20
REMO_UniformMix_Pruned_Weighted_Lambdat030_NoBatchDist,WFG2,10,31,209,2.4740516686756613,20
REMO_UniformMix_Pruned_Weighted_Lambdat030_NoBatchDist,WFG2,10,31,210,2.4740516686756613,20
REMO_UniformMix_Pruned_Weighted_Lambdat030_NoBatchDist,WFG2,10,31,211,2.4740516686756613,20
REMO_UniformMix_Pruned_Weighted_Lambdat030_NoBatchDist,WFG2,10,31,212,2.4740516686756613,20
REMO_UniformMix_Pruned_Weighted_Lambdat030_NoBatchDist,WFG2,10,31,213,2.4740516686756613,20
REMO_UniformMix_Pruned_Weighted_Lambdat030_NoBatchDist,WFG2,10,31,214,2.253540497923945,20
REMO_UniformMix_Pruned_Weighted_Lambdat030_NoBatchDist,WFG2,10,31,215,2.253540497923945,20
REMO_UniformMix_Pruned_Weighted_Lambdat030_NoBatchDist,WFG2,10,31,216,2.253540497923945,20
REMO_UniformMix_Pruned_Weighted_Lambdat030_NoBatchDist,WFG2,10,31,217,2.253540497923945,20
REMO_UniformMix_Pruned_Weighted_Lambdat030_NoBatchDist,WFG2,10,31,218,2.253540497923945,20
REMO_UniformMix_Pruned_Weighted_Lambdat030_NoBatchDist,WFG2,10,31,219,2.253540497923945,20
REMO_UniformMix_Pruned_Weighted_Lambdat030_NoBatchDist,WFG2,10,31,220,2.253540497923945,20
REMO_UniformMix_Pruned_Weighted_Lambdat030_NoBatchDist,WFG2,10,31,221,2.253540497923945,20
REMO_UniformMix_Pruned_Weighted_Lambdat030_NoBatchDist,WFG2,10,31,222,2.253540497923945,20
REMO_UniformMix_Pruned_Weighted_Lambdat030_NoBatchDist,WFG2,10,31,223,2.253540497923945,20
REMO_UniformMix_Pruned_Weighted_Lambdat030_NoBatchDist,WFG2,10,31,224,2.253540497923945,20
REMO_UniformMix_Pruned_Weighted_Lambdat030_NoBatchDist,WFG2,10,31,225,2.253540497923945,20
REMO_UniformMix_Pruned_Weighted_Lambdat030_NoBatchDist,WFG2,10,31,226,2.253540497923945,20
REMO_UniformMix_Pruned_Weighted_Lambdat030_NoBatchDist,WFG2,10,31,227,2.253540497923945,20
REMO_UniformMix_Pruned_Weighted_Lambdat030_NoBatchDist,WFG2,10,31,228,2.253540497923945,20
REMO_UniformMix_Pruned_Weighted_Lambdat030_NoBatchDist,WFG2,10,31,229,2.253540497923945,20
REMO_UniformMix_Pruned_Weighted_Lambdat030_NoBatchDist,WFG2,10,31,230,2.253540497923945,20
REMO_UniformMix_Pruned_Weighted_Lambdat030_NoBatchDist,WFG2,10,31,231,2.253540497923945,20
REMO_UniformMix_Pruned_Weighted_Lambdat030_NoBatchDist,WFG2,10,31,232,2.1489882776940097,20
REMO_UniformMix_Pruned_Weighted_Lambdat030_NoBatchDist,WFG2,10,31,233,2.1489882776940097,20
REMO_UniformMix_Pruned_Weighted_Lambdat030_NoBatchDist,WFG2,10,31,234,2.1489882776940097,20
REMO_UniformMix_Pruned_Weighted_Lambdat030_NoBatchDist,WFG2,10,31,235,2.1489882776940097,20
REMO_UniformMix_Pruned_Weighted_Lambdat030_NoBatchDist,WFG2,10,31,236,2.1489882776940097,20
REMO_UniformMix_Pruned_Weighted_Lambdat030_NoBatchDist,WFG2,10,31,237,2.1489882776940097,20
REMO_UniformMix_Pruned_Weighted_Lambdat030_NoBatchDist,WFG2,10,31,238,2.1489882776940097,20
REMO_UniformMix_Pruned_Weighted_Lambdat030_NoBatchDist,WFG2,10,31,239,2.1489882776940097,20
REMO_UniformMix_Pruned_Weighted_Lambdat030_NoBatchDist,WFG2,10,31,240,2.1489882776940097,20
REMO_UniformMix_Pruned_Weighted_Lambdat030_NoBatchDist,WFG2,10,31,241,2.1489882776940097,20
REMO_UniformMix_Pruned_Weighted_Lambdat030_NoBatchDist,WFG2,10,31,242,2.1489882776940097,20
REMO_UniformMix_Pruned_Weighted_Lambdat030_NoBatchDist,WFG2,10,31,243,2.1489882776940097,20
REMO_UniformMix_Pruned_Weighted_Lambdat030_NoBatchDist,WFG2,10,31,244,2.1489882776940097,20
REMO_UniformMix_Pruned_Weighted_Lambdat030_NoBatchDist,WFG2,10,31,245,2.1489882776940097,20
REMO_UniformMix_Pruned_Weighted_Lambdat030_NoBatchDist,WFG2,10,31,246,2.1489882776940097,20
REMO_UniformMix_Pruned_Weighted_Lambdat030_NoBatchDist,WFG2,10,31,247,2.1489882776940097,20
REMO_UniformMix_Pruned_Weighted_Lambdat030_NoBatchDist,WFG2,10,31,248,2.1489882776940097,20
REMO_UniformMix_Pruned_Weighted_Lambdat030_NoBatchDist,WFG2,10,31,249,2.1489882776940097,20
REMO_UniformMix_Pruned_Weighted_Lambdat030_NoBatchDist,WFG2,10,31,250,2.0152204053767457,20
REMO_UniformMix_Pruned_Weighted_Lambdat030_NoBatchDist,WFG2,10,31,251,2.0152204053767457,20
REMO_UniformMix_Pruned_Weighted_Lambdat030_NoBatchDist,WFG2,10,31,252,2.0152204053767457,20
REMO_UniformMix_Pruned_Weighted_Lambdat030_NoBatchDist,WFG2,10,31,253,2.0152204053767457,20
REMO_UniformMix_Pruned_Weighted_Lambdat030_NoBatchDist,WFG2,10,31,254,2.0152204053767457,20
REMO_UniformMix_Pruned_Weighted_Lambdat030_NoBatchDist,WFG2,10,31,255,2.0152204053767457,20
REMO_UniformMix_Pruned_Weighted_Lambdat030_NoBatchDist,WFG2,10,31,256,2.0152204053767457,20
REMO_UniformMix_Pruned_Weighted_Lambdat030_NoBatchDist,WFG2,10,31,257,2.0152204053767457,20
REMO_UniformMix_Pruned_Weighted_Lambdat030_NoBatchDist,WFG2,10,31,258,2.0152204053767457,20
REMO_UniformMix_Pruned_Weighted_Lambdat030_NoBatchDist,WFG2,10,31,259,2.0152204053767457,20
REMO_UniformMix_Pruned_Weighted_Lambdat030_NoBatchDist,WFG2,10,31,260,2.0152204053767457,20
REMO_UniformMix_Pruned_Weighted_Lambdat030_NoBatchDist,WFG2,10,31,261,2.0152204053767457,20
REMO_UniformMix_Pruned_Weighted_Lambdat030_NoBatchDist,WFG2,10,31,262,1.994563483548534,20
REMO_UniformMix_Pruned_Weighted_Lambdat030_NoBatchDist,WFG2,10,31,263,1.994563483548534,20
REMO_UniformMix_Pruned_Weighted_Lambdat030_NoBatchDist,WFG2,10,31,264,1.994563483548534,20
REMO_UniformMix_Pruned_Weighted_Lambdat030_NoBatchDist,WFG2,10,31,265,1.994563483548534,20
REMO_UniformMix_Pruned_Weighted_Lambdat030_NoBatchDist,WFG2,10,31,266,1.994563483548534,20
REMO_UniformMix_Pruned_Weighted_Lambdat030_NoBatchDist,WFG2,10,31,267,1.994563483548534,20
REMO_UniformMix_Pruned_Weighted_Lambdat030_NoBatchDist,WFG2,10,31,268,1.994563483548534,20
REMO_UniformMix_Pruned_Weighted_Lambdat030_NoBatchDist,WFG2,10,31,269,1.994563483548534,20
REMO_UniformMix_Pruned_Weighted_Lambdat030_NoBatchDist,WFG2,10,31,270,1.994563483548534,20
REMO_UniformMix_Pruned_Weighted_Lambdat030_NoBatchDist,WFG2,10,31,271,1.994563483548534,20
REMO_UniformMix_Pruned_Weighted_Lambdat030_NoBatchDist,WFG2,10,31,272,1.994563483548534,20
REMO_UniformMix_Pruned_Weighted_Lambdat030_NoBatchDist,WFG2,10,31,273,1.994563483548534,20
REMO_UniformMix_Pruned_Weighted_Lambdat030_NoBatchDist,WFG2,10,31,274,1.994563483548534,20
REMO_UniformMix_Pruned_Weighted_Lambdat030_NoBatchDist,WFG2,10,31,275,1.994563483548534,20
REMO_UniformMix_Pruned_Weighted_Lambdat030_NoBatchDist,WFG2,10,31,276,1.994563483548534,20
REMO_UniformMix_Pruned_Weighted_Lambdat030_NoBatchDist,WFG2,10,31,277,1.994563483548534,20
REMO_UniformMix_Pruned_Weighted_Lambdat030_NoBatchDist,WFG2,10,31,278,1.994563483548534,20
REMO_UniformMix_Pruned_Weighted_Lambdat030_NoBatchDist,WFG2,10,31,279,1.994563483548534,20
REMO_UniformMix_Pruned_Weighted_Lambdat030_NoBatchDist,WFG2,10,31,280,1.8522644809636517,20
REMO_UniformMix_Pruned_Weighted_Lambdat030_NoBatchDist,WFG2,10,31,281,1.8522644809636517,20
REMO_UniformMix_Pruned_Weighted_Lambdat030_NoBatchDist,WFG2,10,31,282,1.8522644809636517,20
REMO_UniformMix_Pruned_Weighted_Lambdat030_NoBatchDist,WFG2,10,31,283,1.8522644809636517,20
REMO_UniformMix_Pruned_Weighted_Lambdat030_NoBatchDist,WFG2,10,31,284,1.8522644809636517,20
REMO_UniformMix_Pruned_Weighted_Lambdat030_NoBatchDist,WFG2,10,31,285,1.8522644809636517,20
REMO_UniformMix_Pruned_Weighted_Lambdat030_NoBatchDist,WFG2,10,31,286,1.8522644809636517,20
REMO_UniformMix_Pruned_Weighted_Lambdat030_NoBatchDist,WFG2,10,31,287,1.8522644809636517,20
REMO_UniformMix_Pruned_Weighted_Lambdat030_NoBatchDist,WFG2,10,31,288,1.8522644809636517,20
REMO_UniformMix_Pruned_Weighted_Lambdat030_NoBatchDist,WFG2,10,31,289,1.8522644809636517,20
REMO_UniformMix_Pruned_Weighted_Lambdat030_NoBatchDist,WFG2,10,31,290,1.8522644809636517,20
REMO_UniformMix_Pruned_Weighted_Lambdat030_NoBatchDist,WFG2,10,31,291,1.8522644809636517,20
REMO_UniformMix_Pruned_Weighted_Lambdat030_NoBatchDist,WFG2,10,31,292,1.8522644809636517,20
REMO_UniformMix_Pruned_Weighted_Lambdat030_NoBatchDist,WFG2,10,31,293,1.8522644809636517,20
REMO_UniformMix_Pruned_Weighted_Lambdat030_NoBatchDist,WFG2,10,31,294,1.8522644809636517,20
REMO_UniformMix_Pruned_Weighted_Lambdat030_NoBatchDist,WFG2,10,31,295,1.8522644809636517,20
REMO_UniformMix_Pruned_Weighted_Lambdat030_NoBatchDist,WFG2,10,31,296,1.8522644809636517,20
REMO_UniformMix_Pruned_Weighted_Lambdat030_NoBatchDist,WFG2,10,31,297,1.8522644809636517,20
REMO_UniformMix_Pruned_Weighted_Lambdat030_NoBatchDist,WFG2,10,31,298,1.778931110327401,20
REMO_UniformMix_Pruned_Weighted_Lambdat030_NoBatchDist,WFG2,10,31,299,1.778931110327401,20
REMO_UniformMix_Pruned_Weighted_Lambdat030_NoBatchDist,WFG2,10,31,300,1.778931110327401,20
REMO_UniformMix_Pruned_Weighted_Lambdat030_NoBatchDist,WFG2,10,31,301,1.778931110327401,20
REMO_UniformMix_Pruned_Weighted_Lambdat030_NoBatchDist,WFG2,10,31,302,1.778931110327401,20
REMO_UniformMix_Pruned_Weighted_Lambdat030_NoBatchDist,WFG2,10,31,303,1.778931110327401,20
REMO_UniformMix_Pruned_Weighted_Lambdat030_NoBatchDist,WFG2,10,31,304,1.778931110327401,20
REMO_UniformMix_Pruned_Weighted_Lambdat030_NoBatchDist,WFG2,10,31,305,1.778931110327401,20
REMO_UniformMix_Pruned_Weighted_Lambdat030_NoBatchDist,WFG2,10,31,306,1.778931110327401,20
REMO_UniformMix_Pruned_Weighted_Lambdat030_NoBatchDist,WFG2,10,31,307,1.778931110327401,20
REMO_UniformMix_Pruned_Weighted_Lambdat030_NoBatchDist,WFG2,10,31,308,1.778931110327401,20
REMO_UniformMix_Pruned_Weighted_Lambdat030_NoBatchDist,WFG2,10,31,309,1.778931110327401,20
REMO_UniformMix_Pruned_Weighted_Lambdat030_NoBatchDist,WFG2,10,31,310,1.778931110327401,20
REMO_UniformMix_Pruned_Weighted_Lambdat030_NoBatchDist,WFG2,10,31,311,1.778931110327401,20
REMO_UniformMix_Pruned_Weighted_Lambdat030_NoBatchDist,WFG2,10,31,312,1.778931110327401,20
REMO_UniformMix_Pruned_Weighted_Lambdat030_NoBatchDist,WFG2,10,31,313,1.778931110327401,20
REMO_UniformMix_Pruned_Weighted_Lambdat030_NoBatchDist,WFG2,10,31,314,1.778931110327401,20
REMO_UniformMix_Pruned_Weighted_Lambdat030_NoBatchDist,WFG2,10,31,315,1.778931110327401,20
REMO_UniformMix_Pruned_Weighted_Lambdat030_NoBatchDist,WFG2,10,31,316,1.7186984223599442,20
REMO_UniformMix_Pruned_Weighted_Lambdat030_NoBatchDist,WFG2,10,31,317,1.7186984223599442,20
REMO_UniformMix_Pruned_Weighted_Lambdat030_NoBatchDist,WFG2,10,31,318,1.7186984223599442,20
REMO_UniformMix_Pruned_Weighted_Lambdat030_NoBatchDist,WFG2,10,31,319,1.7186984223599442,20
REMO_UniformMix_Pruned_Weighted_Lambdat030_NoBatchDist,WFG2,10,31,320,1.7186984223599442,20
REMO_UniformMix_Pruned_Weighted_Lambdat030_NoBatchDist,WFG2,10,31,321,1.7186984223599442,20
REMO_UniformMix_Pruned_Weighted_Lambdat030_NoBatchDist,WFG2,10,31,322,1.7186984223599442,20
REMO_UniformMix_Pruned_Weighted_Lambdat030_NoBatchDist,WFG2,10,31,323,1.7186984223599442,20
REMO_UniformMix_Pruned_Weighted_Lambdat030_NoBatchDist,WFG2,10,31,324,1.7186984223599442,20
REMO_UniformMix_Pruned_Weighted_Lambdat030_NoBatchDist,WFG2,10,31,325,1.7186984223599442,20
REMO_UniformMix_Pruned_Weighted_Lambdat030_NoBatchDist,WFG2,10,31,326,1.7186984223599442,20
REMO_UniformMix_Pruned_Weighted_Lambdat030_NoBatchDist,WFG2,10,31,327,1.7186984223599442,20
REMO_UniformMix_Pruned_Weighted_Lambdat030_NoBatchDist,WFG2,10,31,328,1.6911280741331587,20
REMO_UniformMix_Pruned_Weighted_Lambdat030_NoBatchDist,WFG2,10,31,329,1.6911280741331587,20
REMO_UniformMix_Pruned_Weighted_Lambdat030_NoBatchDist,WFG2,10,31,330,1.6911280741331587,20
REMO_UniformMix_Pruned_Weighted_Lambdat030_NoBatchDist,WFG2,10,31,331,1.6911280741331587,20
REMO_UniformMix_Pruned_Weighted_Lambdat030_NoBatchDist,WFG2,10,31,332,1.6911280741331587,20
REMO_UniformMix_Pruned_Weighted_Lambdat030_NoBatchDist,WFG2,10,31,333,1.6911280741331587,20
REMO_UniformMix_Pruned_Weighted_Lambdat030_NoBatchDist,WFG2,10,31,334,1.6911280741331587,20
REMO_UniformMix_Pruned_Weighted_Lambdat030_NoBatchDist,WFG2,10,31,335,1.6911280741331587,20
REMO_UniformMix_Pruned_Weighted_Lambdat030_NoBatchDist,WFG2,10,31,336,1.6911280741331587,20
REMO_UniformMix_Pruned_Weighted_Lambdat030_NoBatchDist,WFG2,10,31,337,1.6911280741331587,20
REMO_UniformMix_Pruned_Weighted_Lambdat030_NoBatchDist,WFG2,10,31,338,1.6911280741331587,20
REMO_UniformMix_Pruned_Weighted_Lambdat030_NoBatchDist,WFG2,10,31,339,1.6911280741331587,20
REMO_UniformMix_Pruned_Weighted_Lambdat030_NoBatchDist,WFG2,10,31,340,1.6911280741331587,20
REMO_UniformMix_Pruned_Weighted_Lambdat030_NoBatchDist,WFG2,10,31,341,1.6911280741331587,20
REMO_UniformMix_Pruned_Weighted_Lambdat030_NoBatchDist,WFG2,10,31,342,1.6911280741331587,20
REMO_UniformMix_Pruned_Weighted_Lambdat030_NoBatchDist,WFG2,10,31,343,1.6911280741331587,20
REMO_UniformMix_Pruned_Weighted_Lambdat030_NoBatchDist,WFG2,10,31,344,1.6911280741331587,20
REMO_UniformMix_Pruned_Weighted_Lambdat030_NoBatchDist,WFG2,10,31,345,1.6911280741331587,20
REMO_UniformMix_Pruned_Weighted_Lambdat030_NoBatchDist,WFG2,10,31,346,1.6587251029057035,20
REMO_UniformMix_Pruned_Weighted_Lambdat030_NoBatchDist,WFG2,10,31,347,1.6587251029057035,20
REMO_UniformMix_Pruned_Weighted_Lambdat030_NoBatchDist,WFG2,10,31,348,1.6587251029057035,20
REMO_UniformMix_Pruned_Weighted_Lambdat030_NoBatchDist,WFG2,10,31,349,1.6587251029057035,20
REMO_UniformMix_Pruned_Weighted_Lambdat030_NoBatchDist,WFG2,10,31,350,1.6587251029057035,20
REMO_UniformMix_Pruned_Weighted_Lambdat030_NoBatchDist,WFG2,10,31,351,1.6587251029057035,20
REMO_UniformMix_Pruned_Weighted_Lambdat030_NoBatchDist,WFG2,10,31,352,1.6587251029057035,20
REMO_UniformMix_Pruned_Weighted_Lambdat030_NoBatchDist,WFG2,10,31,353,1.6587251029057035,20
REMO_UniformMix_Pruned_Weighted_Lambdat030_NoBatchDist,WFG2,10,31,354,1.6587251029057035,20
REMO_UniformMix_Pruned_Weighted_Lambdat030_NoBatchDist,WFG2,10,31,355,1.6587251029057035,20
REMO_UniformMix_Pruned_Weighted_Lambdat030_NoBatchDist,WFG2,10,31,356,1.6587251029057035,20
REMO_UniformMix_Pruned_Weighted_Lambdat030_NoBatchDist,WFG2,10,31,357,1.6587251029057035,20
REMO_UniformMix_Pruned_Weighted_Lambdat030_NoBatchDist,WFG2,10,31,358,1.6587251029057035,20
REMO_UniformMix_Pruned_Weighted_Lambdat030_NoBatchDist,WFG2,10,31,359,1.6587251029057035,20
REMO_UniformMix_Pruned_Weighted_Lambdat030_NoBatchDist,WFG2,10,31,360,1.6587251029057035,20
REMO_UniformMix_Pruned_Weighted_Lambdat030_NoBatchDist,WFG2,10,31,361,1.6587251029057035,20
REMO_UniformMix_Pruned_Weighted_Lambdat030_NoBatchDist,WFG2,10,31,362,1.6587251029057035,20
REMO_UniformMix_Pruned_Weighted_Lambdat030_NoBatchDist,WFG2,10,31,363,1.6587251029057035,20
REMO_UniformMix_Pruned_Weighted_Lambdat030_NoBatchDist,WFG2,10,31,364,1.5989238944631479,20
REMO_UniformMix_Pruned_Weighted_Lambdat030_NoBatchDist,WFG2,10,31,365,1.5989238944631479,20
REMO_UniformMix_Pruned_Weighted_Lambdat030_NoBatchDist,WFG2,10,31,366,1.5989238944631479,20
REMO_UniformMix_Pruned_Weighted_Lambdat030_NoBatchDist,WFG2,10,31,367,1.5989238944631479,20
REMO_UniformMix_Pruned_Weighted_Lambdat030_NoBatchDist,WFG2,10,31,368,1.5989238944631479,20
REMO_UniformMix_Pruned_Weighted_Lambdat030_NoBatchDist,WFG2,10,31,369,1.5989238944631479,20
REMO_UniformMix_Pruned_Weighted_Lambdat030_NoBatchDist,WFG2,10,31,370,1.5989238944631479,20
REMO_UniformMix_Pruned_Weighted_Lambdat030_NoBatchDist,WFG2,10,31,371,1.5989238944631479,20
REMO_UniformMix_Pruned_Weighted_Lambdat030_NoBatchDist,WFG2,10,31,372,1.5989238944631479,20
REMO_UniformMix_Pruned_Weighted_Lambdat030_NoBatchDist,WFG2,10,31,373,1.5989238944631479,20
REMO_UniformMix_Pruned_Weighted_Lambdat030_NoBatchDist,WFG2,10,31,374,1.5989238944631479,20
REMO_UniformMix_Pruned_Weighted_Lambdat030_NoBatchDist,WFG2,10,31,375,1.5989238944631479,20
REMO_UniformMix_Pruned_Weighted_Lambdat030_NoBatchDist,WFG2,10,31,376,1.5989238944631479,20
REMO_UniformMix_Pruned_Weighted_Lambdat030_NoBatchDist,WFG2,10,31,377,1.5989238944631479,20
REMO_UniformMix_Pruned_Weighted_Lambdat030_NoBatchDist,WFG2,10,31,378,1.5989238944631479,20
REMO_UniformMix_Pruned_Weighted_Lambdat030_NoBatchDist,WFG2,10,31,379,1.5989238944631479,20
REMO_UniformMix_Pruned_Weighted_Lambdat030_NoBatchDist,WFG2,10,31,380,1.5989238944631479,20
REMO_UniformMix_Pruned_Weighted_Lambdat030_NoBatchDist,WFG2,10,31,381,1.5989238944631479,20
REMO_UniformMix_Pruned_Weighted_Lambdat030_NoBatchDist,WFG2,10,31,382,1.584500951108307,20
REMO_UniformMix_Pruned_Weighted_Lambdat030_NoBatchDist,WFG2,10,31,383,1.584500951108307,20
REMO_UniformMix_Pruned_Weighted_Lambdat030_NoBatchDist,WFG2,10,31,384,1.584500951108307,20
REMO_UniformMix_Pruned_Weighted_Lambdat030_NoBatchDist,WFG2,10,31,385,1.584500951108307,20
REMO_UniformMix_Pruned_Weighted_Lambdat030_NoBatchDist,WFG2,10,31,386,1.584500951108307,20
REMO_UniformMix_Pruned_Weighted_Lambdat030_NoBatchDist,WFG2,10,31,387,1.584500951108307,20
REMO_UniformMix_Pruned_Weighted_Lambdat030_NoBatchDist,WFG2,10,31,388,1.584500951108307,20
REMO_UniformMix_Pruned_Weighted_Lambdat030_NoBatchDist,WFG2,10,31,389,1.584500951108307,20
REMO_UniformMix_Pruned_Weighted_Lambdat030_NoBatchDist,WFG2,10,31,390,1.584500951108307,20
REMO_UniformMix_Pruned_Weighted_Lambdat030_NoBatchDist,WFG2,10,31,391,1.584500951108307,20
REMO_UniformMix_Pruned_Weighted_Lambdat030_NoBatchDist,WFG2,10,31,392,1.584500951108307,20
REMO_UniformMix_Pruned_Weighted_Lambdat030_NoBatchDist,WFG2,10,31,393,1.584500951108307,20
REMO_UniformMix_Pruned_Weighted_Lambdat030_NoBatchDist,WFG2,10,31,394,1.584500951108307,20
REMO_UniformMix_Pruned_Weighted_Lambdat030_NoBatchDist,WFG2,10,31,395,1.584500951108307,20
REMO_UniformMix_Pruned_Weighted_Lambdat030_NoBatchDist,WFG2,10,31,396,1.584500951108307,20
REMO_UniformMix_Pruned_Weighted_Lambdat030_NoBatchDist,WFG2,10,31,397,1.584500951108307,20
REMO_UniformMix_Pruned_Weighted_Lambdat030_NoBatchDist,WFG2,10,31,398,1.584500951108307,20
REMO_UniformMix_Pruned_Weighted_Lambdat030_NoBatchDist,WFG2,10,31,399,1.584500951108307,20
REMO_UniformMix_Pruned_Weighted_Lambdat030_NoBatchDist,WFG2,10,31,400,1.5468871532314155,20
REMO_UniformMix_Pruned_Weighted_Lambdat030_NoBatchDist,WFG2,10,31,401,1.5468871532314155,20
REMO_UniformMix_Pruned_Weighted_Lambdat030_NoBatchDist,WFG2,10,31,402,1.5468871532314155,20
REMO_UniformMix_Pruned_Weighted_Lambdat030_NoBatchDist,WFG2,10,31,403,1.5468871532314155,20
REMO_UniformMix_Pruned_Weighted_Lambdat030_NoBatchDist,WFG2,10,31,404,1.5468871532314155,20
REMO_UniformMix_Pruned_Weighted_Lambdat030_NoBatchDist,WFG2,10,31,405,1.5468871532314155,20
REMO_UniformMix_Pruned_Weighted_Lambdat030_NoBatchDist,WFG2,10,31,406,1.5468871532314155,20
REMO_UniformMix_Pruned_Weighted_Lambdat030_NoBatchDist,WFG2,10,31,407,1.5468871532314155,20
REMO_UniformMix_Pruned_Weighted_Lambdat030_NoBatchDist,WFG2,10,31,408,1.5468871532314155,20
REMO_UniformMix_Pruned_Weighted_Lambdat030_NoBatchDist,WFG2,10,31,409,1.5468871532314155,20
REMO_UniformMix_Pruned_Weighted_Lambdat030_NoBatchDist,WFG2,10,31,410,1.5468871532314155,20
REMO_UniformMix_Pruned_Weighted_Lambdat030_NoBatchDist,WFG2,10,31,411,1.5468871532314155,20
REMO_UniformMix_Pruned_Weighted_Lambdat030_NoBatchDist,WFG2,10,31,412,1.5367611528215093,20
REMO_UniformMix_Pruned_Weighted_Lambdat030_NoBatchDist,WFG2,10,31,413,1.5367611528215093,20
REMO_UniformMix_Pruned_Weighted_Lambdat030_NoBatchDist,WFG2,10,31,414,1.5367611528215093,20
REMO_UniformMix_Pruned_Weighted_Lambdat030_NoBatchDist,WFG2,10,31,415,1.5367611528215093,20
REMO_UniformMix_Pruned_Weighted_Lambdat030_NoBatchDist,WFG2,10,31,416,1.5367611528215093,20
REMO_UniformMix_Pruned_Weighted_Lambdat030_NoBatchDist,WFG2,10,31,417,1.5367611528215093,20
REMO_UniformMix_Pruned_Weighted_Lambdat030_NoBatchDist,WFG2,10,31,418,1.5367611528215093,20
REMO_UniformMix_Pruned_Weighted_Lambdat030_NoBatchDist,WFG2,10,31,419,1.5367611528215093,20
REMO_UniformMix_Pruned_Weighted_Lambdat030_NoBatchDist,WFG2,10,31,420,1.5367611528215093,20
REMO_UniformMix_Pruned_Weighted_Lambdat030_NoBatchDist,WFG2,10,31,421,1.5367611528215093,20
REMO_UniformMix_Pruned_Weighted_Lambdat030_NoBatchDist,WFG2,10,31,422,1.5367611528215093,20
REMO_UniformMix_Pruned_Weighted_Lambdat030_NoBatchDist,WFG2,10,31,423,1.5367611528215093,20
REMO_UniformMix_Pruned_Weighted_Lambdat030_NoBatchDist,WFG2,10,31,424,1.5367611528215093,20
REMO_UniformMix_Pruned_Weighted_Lambdat030_NoBatchDist,WFG2,10,31,425,1.5367611528215093,20
REMO_UniformMix_Pruned_Weighted_Lambdat030_NoBatchDist,WFG2,10,31,426,1.5367611528215093,20
REMO_UniformMix_Pruned_Weighted_Lambdat030_NoBatchDist,WFG2,10,31,427,1.5367611528215093,20
REMO_UniformMix_Pruned_Weighted_Lambdat030_NoBatchDist,WFG2,10,31,428,1.5367611528215093,20
REMO_UniformMix_Pruned_Weighted_Lambdat030_NoBatchDist,WFG2,10,31,429,1.5367611528215093,20
REMO_UniformMix_Pruned_Weighted_Lambdat030_NoBatchDist,WFG2,10,31,430,1.4839362641129301,20
REMO_UniformMix_Pruned_Weighted_Lambdat030_NoBatchDist,WFG2,10,31,431,1.4839362641129301,20
REMO_UniformMix_Pruned_Weighted_Lambdat030_NoBatchDist,WFG2,10,31,432,1.4839362641129301,20
REMO_UniformMix_Pruned_Weighted_Lambdat030_NoBatchDist,WFG2,10,31,433,1.4839362641129301,20
REMO_UniformMix_Pruned_Weighted_Lambdat030_NoBatchDist,WFG2,10,31,434,1.4839362641129301,20
REMO_UniformMix_Pruned_Weighted_Lambdat030_NoBatchDist,WFG2,10,31,435,1.4839362641129301,20
REMO_UniformMix_Pruned_Weighted_Lambdat030_NoBatchDist,WFG2,10,31,436,1.4839362641129301,20
REMO_UniformMix_Pruned_Weighted_Lambdat030_NoBatchDist,WFG2,10,31,437,1.4839362641129301,20
REMO_UniformMix_Pruned_Weighted_Lambdat030_NoBatchDist,WFG2,10,31,438,1.4839362641129301,20
REMO_UniformMix_Pruned_Weighted_Lambdat030_NoBatchDist,WFG2,10,31,439,1.4839362641129301,20
REMO_UniformMix_Pruned_Weighted_Lambdat030_NoBatchDist,WFG2,10,31,440,1.4839362641129301,20
REMO_UniformMix_Pruned_Weighted_Lambdat030_NoBatchDist,WFG2,10,31,441,1.4839362641129301,20
REMO_UniformMix_Pruned_Weighted_Lambdat030_NoBatchDist,WFG2,10,31,442,1.4839362641129301,20
REMO_UniformMix_Pruned_Weighted_Lambdat030_NoBatchDist,WFG2,10,31,443,1.4839362641129301,20
REMO_UniformMix_Pruned_Weighted_Lambdat030_NoBatchDist,WFG2,10,31,444,1.4839362641129301,20
REMO_UniformMix_Pruned_Weighted_Lambdat030_NoBatchDist,WFG2,10,31,445,1.4839362641129301,20
REMO_UniformMix_Pruned_Weighted_Lambdat030_NoBatchDist,WFG2,10,31,446,1.4839362641129301,20
REMO_UniformMix_Pruned_Weighted_Lambdat030_NoBatchDist,WFG2,10,31,447,1.4839362641129301,20
REMO_UniformMix_Pruned_Weighted_Lambdat030_NoBatchDist,WFG2,10,31,448,1.452151304502253,20
REMO_UniformMix_Pruned_Weighted_Lambdat030_NoBatchDist,WFG2,10,31,449,1.452151304502253,20
REMO_UniformMix_Pruned_Weighted_Lambdat030_NoBatchDist,WFG2,10,31,450,1.452151304502253,20
REMO_UniformMix_Pruned_Weighted_Lambdat030_NoBatchDist,WFG2,10,31,451,1.452151304502253,20
REMO_UniformMix_Pruned_Weighted_Lambdat030_NoBatchDist,WFG2,10,31,452,1.452151304502253,20
REMO_UniformMix_Pruned_Weighted_Lambdat030_NoBatchDist,WFG2,10,31,453,1.452151304502253,20
REMO_UniformMix_Pruned_Weighted_Lambdat030_NoBatchDist,WFG2,10,31,454,1.452151304502253,20
REMO_UniformMix_Pruned_Weighted_Lambdat030_NoBatchDist,WFG2,10,31,455,1.452151304502253,20
REMO_UniformMix_Pruned_Weighted_Lambdat030_NoBatchDist,WFG2,10,31,456,1.452151304502253,20
REMO_UniformMix_Pruned_Weighted_Lambdat030_NoBatchDist,WFG2,10,31,457,1.452151304502253,20
REMO_UniformMix_Pruned_Weighted_Lambdat030_NoBatchDist,WFG2,10,31,458,1.452151304502253,20
REMO_UniformMix_Pruned_Weighted_Lambdat030_NoBatchDist,WFG2,10,31,459,1.452151304502253,20
REMO_UniformMix_Pruned_Weighted_Lambdat030_NoBatchDist,WFG2,10,31,460,1.452151304502253,20
REMO_UniformMix_Pruned_Weighted_Lambdat030_NoBatchDist,WFG2,10,31,461,1.452151304502253,20
REMO_UniformMix_Pruned_Weighted_Lambdat030_NoBatchDist,WFG2,10,31,462,1.452151304502253,20
REMO_UniformMix_Pruned_Weighted_Lambdat030_NoBatchDist,WFG2,10,31,463,1.452151304502253,20
REMO_UniformMix_Pruned_Weighted_Lambdat030_NoBatchDist,WFG2,10,31,464,1.452151304502253,20
REMO_UniformMix_Pruned_Weighted_Lambdat030_NoBatchDist,WFG2,10,31,465,1.452151304502253,20
REMO_UniformMix_Pruned_Weighted_Lambdat030_NoBatchDist,WFG2,10,31,466,1.4220267256636463,20
REMO_UniformMix_Pruned_Weighted_Lambdat030_NoBatchDist,WFG2,10,31,467,1.4220267256636463,20
REMO_UniformMix_Pruned_Weighted_Lambdat030_NoBatchDist,WFG2,10,31,468,1.4220267256636463,20
REMO_UniformMix_Pruned_Weighted_Lambdat030_NoBatchDist,WFG2,10,31,469,1.4220267256636463,20
REMO_UniformMix_Pruned_Weighted_Lambdat030_NoBatchDist,WFG2,10,31,470,1.4220267256636463,20
REMO_UniformMix_Pruned_Weighted_Lambdat030_NoBatchDist,WFG2,10,31,471,1.4220267256636463,20
REMO_UniformMix_Pruned_Weighted_Lambdat030_NoBatchDist,WFG2,10,31,472,1.4220267256636463,20
REMO_UniformMix_Pruned_Weighted_Lambdat030_NoBatchDist,WFG2,10,31,473,1.4220267256636463,20
REMO_UniformMix_Pruned_Weighted_Lambdat030_NoBatchDist,WFG2,10,31,474,1.4220267256636463,20
REMO_UniformMix_Pruned_Weighted_Lambdat030_NoBatchDist,WFG2,10,31,475,1.4220267256636463,20
REMO_UniformMix_Pruned_Weighted_Lambdat030_NoBatchDist,WFG2,10,31,476,1.4220267256636463,20
REMO_UniformMix_Pruned_Weighted_Lambdat030_NoBatchDist,WFG2,10,31,477,1.4220267256636463,20
REMO_UniformMix_Pruned_Weighted_Lambdat030_NoBatchDist,WFG2,10,31,478,1.410563582442204,20
REMO_UniformMix_Pruned_Weighted_Lambdat030_NoBatchDist,WFG2,10,31,479,1.410563582442204,20
REMO_UniformMix_Pruned_Weighted_Lambdat030_NoBatchDist,WFG2,10,31,480,1.410563582442204,20
REMO_UniformMix_Pruned_Weighted_Lambdat030_NoBatchDist,WFG2,10,31,481,1.410563582442204,20
REMO_UniformMix_Pruned_Weighted_Lambdat030_NoBatchDist,WFG2,10,31,482,1.410563582442204,20
REMO_UniformMix_Pruned_Weighted_Lambdat030_NoBatchDist,WFG2,10,31,483,1.410563582442204,20
REMO_UniformMix_Pruned_Weighted_Lambdat030_NoBatchDist,WFG2,10,31,484,1.410563582442204,20
REMO_UniformMix_Pruned_Weighted_Lambdat030_NoBatchDist,WFG2,10,31,485,1.410563582442204,20
REMO_UniformMix_Pruned_Weighted_Lambdat030_NoBatchDist,WFG2,10,31,486,1.410563582442204,20
REMO_UniformMix_Pruned_Weighted_Lambdat030_NoBatchDist,WFG2,10,31,487,1.410563582442204,20
REMO_UniformMix_Pruned_Weighted_Lambdat030_NoBatchDist,WFG2,10,31,488,1.410563582442204,20
REMO_UniformMix_Pruned_Weighted_Lambdat030_NoBatchDist,WFG2,10,31,489,1.410563582442204,20
REMO_UniformMix_Pruned_Weighted_Lambdat030_NoBatchDist,WFG2,10,31,490,1.410563582442204,20
REMO_UniformMix_Pruned_Weighted_Lambdat030_NoBatchDist,WFG2,10,31,491,1.410563582442204,20
REMO_UniformMix_Pruned_Weighted_Lambdat030_NoBatchDist,WFG2,10,31,492,1.410563582442204,20
REMO_UniformMix_Pruned_Weighted_Lambdat030_NoBatchDist,WFG2,10,31,493,1.410563582442204,20
REMO_UniformMix_Pruned_Weighted_Lambdat030_NoBatchDist,WFG2,10,31,494,1.410563582442204,20
REMO_UniformMix_Pruned_Weighted_Lambdat030_NoBatchDist,WFG2,10,31,495,1.410563582442204,20
REMO_UniformMix_Pruned_Weighted_Lambdat030_NoBatchDist,WFG2,10,31,496,1.410563582442204,20
REMO_UniformMix_Pruned_Weighted_Lambdat030_NoBatchDist,WFG2,10,31,497,1.410563582442204,20
REMO_UniformMix_Pruned_Weighted_Lambdat030_NoBatchDist,WFG2,10,31,498,1.410563582442204,20
REMO_UniformMix_Pruned_Weighted_Lambdat030_NoBatchDist,WFG2,10,31,499,1.410563582442204,20
REMO_UniformMix_Pruned_Weighted_Lambdat030_NoBatchDist,WFG2,10,31,500,1.3686224963489688,20
REMO,WFG2,10,31,100,4.316852335718368,20
REMO,WFG2,10,31,101,4.316852335718368,20
REMO,WFG2,10,31,102,4.316852335718368,20
REMO,WFG2,10,31,103,4.316852335718368,20
REMO,WFG2,10,31,104,4.312262607984964,20
REMO,WFG2,10,31,105,4.312262607984964,20
REMO,WFG2,10,31,106,4.312262607984964,20
REMO,WFG2,10,31,107,4.312262607984964,20
REMO,WFG2,10,31,108,4.140137058900897,20
REMO,WFG2,10,31,109,4.140137058900897,20
REMO,WFG2,10,31,110,4.140137058900897,20
REMO,WFG2,10,31,111,4.140137058900897,20
REMO,WFG2,10,31,112,4.087057593198471,20
REMO,WFG2,10,31,113,4.087057593198471,20
REMO,WFG2,10,31,114,4.087057593198471,20
REMO,WFG2,10,31,115,4.087057593198471,20
REMO,WFG2,10,31,116,4.086862472198048,20
REMO,WFG2,10,31,117,4.086862472198048,20
REMO,WFG2,10,31,118,4.086862472198048,20
REMO,WFG2,10,31,119,4.086862472198048,20
REMO,WFG2,10,31,120,4.082156624711341,20
REMO,WFG2,10,31,121,4.082156624711341,20
REMO,WFG2,10,31,122,4.082156624711341,20
REMO,WFG2,10,31,123,4.082156624711341,20
REMO,WFG2,10,31,124,4.048220339446888,20
REMO,WFG2,10,31,125,4.048220339446888,20
REMO,WFG2,10,31,126,4.048220339446888,20
REMO,WFG2,10,31,127,4.048220339446888,20
REMO,WFG2,10,31,128,4.048220339446888,20
REMO,WFG2,10,31,129,4.048220339446888,20
REMO,WFG2,10,31,130,4.048220339446888,20
REMO,WFG2,10,31,131,4.048220339446888,20
REMO,WFG2,10,31,132,4.027512057310474,20
REMO,WFG2,10,31,133,4.027512057310474,20
REMO,WFG2,10,31,134,4.027512057310474,20
REMO,WFG2,10,31,135,4.027512057310474,20
REMO,WFG2,10,31,136,3.7067089725680065,20
REMO,WFG2,10,31,137,3.7067089725680065,20
REMO,WFG2,10,31,138,3.7067089725680065,20
REMO,WFG2,10,31,139,3.7067089725680065,20
REMO,WFG2,10,31,140,3.7067089725680065,20
REMO,WFG2,10,31,141,3.7067089725680065,20
REMO,WFG2,10,31,142,3.7067089725680065,20
REMO,WFG2,10,31,143,3.7067089725680065,20
REMO,WFG2,10,31,144,3.7067089725680065,20
REMO,WFG2,10,31,145,3.7067089725680065,20
REMO,WFG2,10,31,146,3.7067089725680065,20
REMO,WFG2,10,31,147,3.7067089725680065,20
REMO,WFG2,10,31,148,3.6933262886712313,20
REMO,WFG2,10,31,149,3.6933262886712313,20
REMO,WFG2,10,31,150,3.6933262886712313,20
REMO,WFG2,10,31,151,3.6933262886712313,20
REMO,WFG2,10,31,152,3.6933262886712313,20
REMO,WFG2,10,31,153,3.6933262886712313,20
REMO,WFG2,10,31,154,3.6933262886712313,20
REMO,WFG2,10,31,155,3.6933262886712313,20
REMO,WFG2,10,31,156,3.6933262886712313,20
REMO,WFG2,10,31,157,3.6933262886712313,20
REMO,WFG2,10,31,158,3.6933262886712313,20
REMO,WFG2,10,31,159,3.6933262886712313,20
REMO,WFG2,10,31,160,3.6933262886712313,20
REMO,WFG2,10,31,161,3.6933262886712313,20
REMO,WFG2,10,31,162,3.6933262886712313,20
REMO,WFG2,10,31,163,3.6933262886712313,20
REMO,WFG2,10,31,164,3.558936978309326,20
REMO,WFG2,10,31,165,3.558936978309326,20
REMO,WFG2,10,31,166,3.558936978309326,20
REMO,WFG2,10,31,167,3.558936978309326,20
REMO,WFG2,10,31,168,3.558936978309326,20
REMO,WFG2,10,31,169,3.558936978309326,20
REMO,WFG2,10,31,170,3.558936978309326,20
REMO,WFG2,10,31,171,3.558936978309326,20
REMO,WFG2,10,31,172,3.558936978309326,20
REMO,WFG2,10,31,173,3.558936978309326,20
REMO,WFG2,10,31,174,3.558936978309326,20
REMO,WFG2,10,31,175,3.558936978309326,20
REMO,WFG2,10,31,176,3.558936978309326,20
REMO,WFG2,10,31,177,3.558936978309326,20
REMO,WFG2,10,31,178,3.558936978309326,20
REMO,WFG2,10,31,179,3.558936978309326,20
REMO,WFG2,10,31,180,3.5502294407563424,20
REMO,WFG2,10,31,181,3.5502294407563424,20
REMO,WFG2,10,31,182,3.5502294407563424,20
REMO,WFG2,10,31,183,3.5502294407563424,20
REMO,WFG2,10,31,184,3.5502294407563424,20
REMO,WFG2,10,31,185,3.5502294407563424,20
REMO,WFG2,10,31,186,3.5502294407563424,20
REMO,WFG2,10,31,187,3.5502294407563424,20
REMO,WFG2,10,31,188,3.5502294407563424,20
REMO,WFG2,10,31,189,3.5502294407563424,20
REMO,WFG2,10,31,190,3.5502294407563424,20
REMO,WFG2,10,31,191,3.5502294407563424,20
REMO,WFG2,10,31,192,3.4978517582223914,20
REMO,WFG2,10,31,193,3.4978517582223914,20
REMO,WFG2,10,31,194,3.4978517582223914,20
REMO,WFG2,10,31,195,3.4978517582223914,20
REMO,WFG2,10,31,196,3.4978517582223914,20
REMO,WFG2,10,31,197,3.4978517582223914,20
REMO,WFG2,10,31,198,3.4978517582223914,20
REMO,WFG2,10,31,199,3.4978517582223914,20
REMO,WFG2,10,31,200,3.48967237169798,20
REMO,WFG2,10,31,201,3.48967237169798,20
REMO,WFG2,10,31,202,3.48967237169798,20
REMO,WFG2,10,31,203,3.48967237169798,20
REMO,WFG2,10,31,204,3.48967237169798,20
REMO,WFG2,10,31,205,3.48967237169798,20
REMO,WFG2,10,31,206,3.48967237169798,20
REMO,WFG2,10,31,207,3.48967237169798,20
REMO,WFG2,10,31,208,3.48967237169798,20
REMO,WFG2,10,31,209,3.48967237169798,20
REMO,WFG2,10,31,210,3.48967237169798,20
REMO,WFG2,10,31,211,3.48967237169798,20
REMO,WFG2,10,31,212,3.48967237169798,20
REMO,WFG2,10,31,213,3.48967237169798,20
REMO,WFG2,10,31,214,3.48967237169798,20
REMO,WFG2,10,31,215,3.48967237169798,20
REMO,WFG2,10,31,216,3.4863644312006037,20
REMO,WFG2,10,31,217,3.4863644312006037,20
REMO,WFG2,10,31,218,3.4863644312006037,20
REMO,WFG2,10,31,219,3.4863644312006037,20
REMO,WFG2,10,31,220,3.35483777230663,20
REMO,WFG2,10,31,221,3.35483777230663,20
REMO,WFG2,10,31,222,3.35483777230663,20
REMO,WFG2,10,31,223,3.35483777230663,20
REMO,WFG2,10,31,224,3.35483777230663,20
REMO,WFG2,10,31,225,3.35483777230663,20
REMO,WFG2,10,31,226,3.35483777230663,20
REMO,WFG2,10,31,227,3.35483777230663,20
REMO,WFG2,10,31,228,3.35483777230663,20
REMO,WFG2,10,31,229,3.35483777230663,20
REMO,WFG2,10,31,230,3.35483777230663,20
REMO,WFG2,10,31,231,3.35483777230663,20
REMO,WFG2,10,31,232,3.3519577190670886,20
REMO,WFG2,10,31,233,3.3519577190670886,20
REMO,WFG2,10,31,234,3.3519577190670886,20
REMO,WFG2,10,31,235,3.3519577190670886,20
REMO,WFG2,10,31,236,3.3519577190670886,20
REMO,WFG2,10,31,237,3.3519577190670886,20
REMO,WFG2,10,31,238,3.3519577190670886,20
REMO,WFG2,10,31,239,3.3519577190670886,20
REMO,WFG2,10,31,240,3.3519577190670886,20
REMO,WFG2,10,31,241,3.3519577190670886,20
REMO,WFG2,10,31,242,3.3519577190670886,20
REMO,WFG2,10,31,243,3.3519577190670886,20
REMO,WFG2,10,31,244,3.3519577190670886,20
REMO,WFG2,10,31,245,3.3519577190670886,20
REMO,WFG2,10,31,246,3.3519577190670886,20
REMO,WFG2,10,31,247,3.3519577190670886,20
REMO,WFG2,10,31,248,3.288658667172014,20
REMO,WFG2,10,31,249,3.288658667172014,20
REMO,WFG2,10,31,250,3.288658667172014,20
REMO,WFG2,10,31,251,3.288658667172014,20
REMO,WFG2,10,31,252,3.288658667172014,20
REMO,WFG2,10,31,253,3.288658667172014,20
REMO,WFG2,10,31,254,3.288658667172014,20
REMO,WFG2,10,31,255,3.288658667172014,20
REMO,WFG2,10,31,256,3.288658667172014,20
REMO,WFG2,10,31,257,3.288658667172014,20
REMO,WFG2,10,31,258,3.288658667172014,20
REMO,WFG2,10,31,259,3.288658667172014,20
REMO,WFG2,10,31,260,3.288658667172014,20
REMO,WFG2,10,31,261,3.288658667172014,20
REMO,WFG2,10,31,262,3.288658667172014,20
REMO,WFG2,10,31,263,3.288658667172014,20
REMO,WFG2,10,31,264,3.2873394387320127,20
REMO,WFG2,10,31,265,3.2873394387320127,20
REMO,WFG2,10,31,266,3.2873394387320127,20
REMO,WFG2,10,31,267,3.2873394387320127,20
REMO,WFG2,10,31,268,3.2873394387320127,20
REMO,WFG2,10,31,269,3.2873394387320127,20
REMO,WFG2,10,31,270,3.2873394387320127,20
REMO,WFG2,10,31,271,3.2873394387320127,20
REMO,WFG2,10,31,272,3.2873394387320127,20
REMO,WFG2,10,31,273,3.2873394387320127,20
REMO,WFG2,10,31,274,3.2873394387320127,20
REMO,WFG2,10,31,275,3.2873394387320127,20
REMO,WFG2,10,31,276,3.1203649120556514,20
REMO,WFG2,10,31,277,3.1203649120556514,20
REMO,WFG2,10,31,278,3.1203649120556514,20
REMO,WFG2,10,31,279,3.1203649120556514,20
REMO,WFG2,10,31,280,3.1202105150600907,20
REMO,WFG2,10,31,281,3.1202105150600907,20
REMO,WFG2,10,31,282,3.1202105150600907,20
REMO,WFG2,10,31,283,3.1202105150600907,20
REMO,WFG2,10,31,284,3.1202105150600907,20
REMO,WFG2,10,31,285,3.1202105150600907,20
REMO,WFG2,10,31,286,3.1202105150600907,20
REMO,WFG2,10,31,287,3.1202105150600907,20
REMO,WFG2,10,31,288,3.1202105150600907,20
REMO,WFG2,10,31,289,3.1202105150600907,20
REMO,WFG2,10,31,290,3.1202105150600907,20
REMO,WFG2,10,31,291,3.1202105150600907,20
REMO,WFG2,10,31,292,3.1202105150600907,20
REMO,WFG2,10,31,293,3.1202105150600907,20
REMO,WFG2,10,31,294,3.1202105150600907,20
REMO,WFG2,10,31,295,3.1202105150600907,20
REMO,WFG2,10,31,296,3.1202105150600907,20
REMO,WFG2,10,31,297,3.1202105150600907,20
REMO,WFG2,10,31,298,3.1202105150600907,20
REMO,WFG2,10,31,299,3.1202105150600907,20
REMO,WFG2,10,31,300,3.1125509894396464,20
REMO,WFG2,10,31,301,3.1125509894396464,20
REMO,WFG2,10,31,302,3.1125509894396464,20
REMO,WFG2,10,31,303,3.1125509894396464,20
REMO,WFG2,10,31,304,3.041511676264017,20
REMO,WFG2,10,31,305,3.041511676264017,20
REMO,WFG2,10,31,306,3.041511676264017,20
REMO,WFG2,10,31,307,3.041511676264017,20
REMO,WFG2,10,31,308,3.041511676264017,20
REMO,WFG2,10,31,309,3.041511676264017,20
REMO,WFG2,10,31,310,3.041511676264017,20
REMO,WFG2,10,31,311,3.041511676264017,20
REMO,WFG2,10,31,312,3.041511676264017,20
REMO,WFG2,10,31,313,3.041511676264017,20
REMO,WFG2,10,31,314,3.041511676264017,20
REMO,WFG2,10,31,315,3.041511676264017,20
REMO,WFG2,10,31,316,3.041023338215564,20
REMO,WFG2,10,31,317,3.041023338215564,20
REMO,WFG2,10,31,318,3.041023338215564,20
REMO,WFG2,10,31,319,3.041023338215564,20
REMO,WFG2,10,31,320,3.041023338215564,20
REMO,WFG2,10,31,321,3.041023338215564,20
REMO,WFG2,10,31,322,3.041023338215564,20
REMO,WFG2,10,31,323,3.041023338215564,20
REMO,WFG2,10,31,324,3.041023338215564,20
REMO,WFG2,10,31,325,3.041023338215564,20
REMO,WFG2,10,31,326,3.041023338215564,20
REMO,WFG2,10,31,327,3.041023338215564,20
REMO,WFG2,10,31,328,3.041023338215564,20
REMO,WFG2,10,31,329,3.041023338215564,20
REMO,WFG2,10,31,330,3.041023338215564,20
REMO,WFG2,10,31,331,3.041023338215564,20
REMO,WFG2,10,31,332,2.8815721564472834,20
REMO,WFG2,10,31,333,2.8815721564472834,20
REMO,WFG2,10,31,334,2.8815721564472834,20
REMO,WFG2,10,31,335,2.8815721564472834,20
REMO,WFG2,10,31,336,2.8815721564472834,20
REMO,WFG2,10,31,337,2.8815721564472834,20
REMO,WFG2,10,31,338,2.8815721564472834,20
REMO,WFG2,10,31,339,2.8815721564472834,20
REMO,WFG2,10,31,340,2.8815721564472834,20
REMO,WFG2,10,31,341,2.8815721564472834,20
REMO,WFG2,10,31,342,2.8815721564472834,20
REMO,WFG2,10,31,343,2.8815721564472834,20
REMO,WFG2,10,31,344,2.8815721564472834,20
REMO,WFG2,10,31,345,2.8815721564472834,20
REMO,WFG2,10,31,346,2.8815721564472834,20
REMO,WFG2,10,31,347,2.8815721564472834,20
REMO,WFG2,10,31,348,2.8814148227711285,20
REMO,WFG2,10,31,349,2.8814148227711285,20
REMO,WFG2,10,31,350,2.8814148227711285,20
REMO,WFG2,10,31,351,2.8814148227711285,20
REMO,WFG2,10,31,352,2.8814148227711285,20
REMO,WFG2,10,31,353,2.8814148227711285,20
REMO,WFG2,10,31,354,2.8814148227711285,20
REMO,WFG2,10,31,355,2.8814148227711285,20
REMO,WFG2,10,31,356,2.8814148227711285,20
REMO,WFG2,10,31,357,2.8814148227711285,20
REMO,WFG2,10,31,358,2.8814148227711285,20
REMO,WFG2,10,31,359,2.8814148227711285,20
REMO,WFG2,10,31,360,2.8485237588738057,20
REMO,WFG2,10,31,361,2.8485237588738057,20
REMO,WFG2,10,31,362,2.8485237588738057,20
REMO,WFG2,10,31,363,2.8485237588738057,20
REMO,WFG2,10,31,364,2.844351275642142,20
REMO,WFG2,10,31,365,2.844351275642142,20
REMO,WFG2,10,31,366,2.844351275642142,20
REMO,WFG2,10,31,367,2.844351275642142,20
REMO,WFG2,10,31,368,2.844351275642142,20
REMO,WFG2,10,31,369,2.844351275642142,20
REMO,WFG2,10,31,370,2.844351275642142,20
REMO,WFG2,10,31,371,2.844351275642142,20
REMO,WFG2,10,31,372,2.844351275642142,20
REMO,WFG2,10,31,373,2.844351275642142,20
REMO,WFG2,10,31,374,2.844351275642142,20
REMO,WFG2,10,31,375,2.844351275642142,20
REMO,WFG2,10,31,376,2.844351275642142,20
REMO,WFG2,10,31,377,2.844351275642142,20
REMO,WFG2,10,31,378,2.844351275642142,20
REMO,WFG2,10,31,379,2.844351275642142,20
REMO,WFG2,10,31,380,2.844122794338927,20
REMO,WFG2,10,31,381,2.844122794338927,20
REMO,WFG2,10,31,382,2.844122794338927,20
REMO,WFG2,10,31,383,2.844122794338927,20
REMO,WFG2,10,31,384,2.844122794338927,20
REMO,WFG2,10,31,385,2.844122794338927,20
REMO,WFG2,10,31,386,2.844122794338927,20
REMO,WFG2,10,31,387,2.844122794338927,20
REMO,WFG2,10,31,388,2.701564011347668,20
REMO,WFG2,10,31,389,2.701564011347668,20
REMO,WFG2,10,31,390,2.701564011347668,20
REMO,WFG2,10,31,391,2.701564011347668,20
REMO,WFG2,10,31,392,2.701564011347668,20
REMO,WFG2,10,31,393,2.701564011347668,20
REMO,WFG2,10,31,394,2.701564011347668,20
REMO,WFG2,10,31,395,2.701564011347668,20
REMO,WFG2,10,31,396,2.701564011347668,20
REMO,WFG2,10,31,397,2.701564011347668,20
REMO,WFG2,10,31,398,2.701564011347668,20
REMO,WFG2,10,31,399,2.701564011347668,20
REMO,WFG2,10,31,400,2.7014249301218594,20
REMO,WFG2,10,31,401,2.7014249301218594,20
REMO,WFG2,10,31,402,2.7014249301218594,20
REMO,WFG2,10,31,403,2.7014249301218594,20
REMO,WFG2,10,31,404,2.7014249301218594,20
REMO,WFG2,10,31,405,2.7014249301218594,20
REMO,WFG2,10,31,406,2.7014249301218594,20
REMO,WFG2,10,31,407,2.7014249301218594,20
REMO,WFG2,10,31,408,2.7014249301218594,20
REMO,WFG2,10,31,409,2.7014249301218594,20
REMO,WFG2,10,31,410,2.7014249301218594,20
REMO,WFG2,10,31,411,2.7014249301218594,20
REMO,WFG2,10,31,412,2.7014249301218594,20
REMO,WFG2,10,31,413,2.7014249301218594,20
REMO,WFG2,10,31,414,2.7014249301218594,20
REMO,WFG2,10,31,415,2.7014249301218594,20
REMO,WFG2,10,31,416,2.5778921174966807,20
REMO,WFG2,10,31,417,2.5778921174966807,20
REMO,WFG2,10,31,418,2.5778921174966807,20
REMO,WFG2,10,31,419,2.5778921174966807,20
REMO,WFG2,10,31,420,2.5778921174966807,20
REMO,WFG2,10,31,421,2.5778921174966807,20
REMO,WFG2,10,31,422,2.5778921174966807,20
REMO,WFG2,10,31,423,2.5778921174966807,20
REMO,WFG2,10,31,424,2.5778921174966807,20
REMO,WFG2,10,31,425,2.5778921174966807,20
REMO,WFG2,10,31,426,2.5778921174966807,20
REMO,WFG2,10,31,427,2.5778921174966807,20
REMO,WFG2,10,31,428,2.5778921174966807,20
REMO,WFG2,10,31,429,2.5778921174966807,20
REMO,WFG2,10,31,430,2.5778921174966807,20
REMO,WFG2,10,31,431,2.5778921174966807,20
REMO,WFG2,10,31,432,2.5769186627136706,20
REMO,WFG2,10,31,433,2.5769186627136706,20
REMO,WFG2,10,31,434,2.5769186627136706,20
REMO,WFG2,10,31,435,2.5769186627136706,20
REMO,WFG2,10,31,436,2.5769186627136706,20
REMO,WFG2,10,31,437,2.5769186627136706,20
REMO,WFG2,10,31,438,2.5769186627136706,20
REMO,WFG2,10,31,439,2.5769186627136706,20
REMO,WFG2,10,31,440,2.5769186627136706,20
REMO,WFG2,10,31,441,2.5769186627136706,20
REMO,WFG2,10,31,442,2.5769186627136706,20
REMO,WFG2,10,31,443,2.5769186627136706,20
REMO,WFG2,10,31,444,2.457845665214904,20
REMO,WFG2,10,31,445,2.457845665214904,20
REMO,WFG2,10,31,446,2.457845665214904,20
REMO,WFG2,10,31,447,2.457845665214904,20
REMO,WFG2,10,31,448,2.457550620363868,20
REMO,WFG2,10,31,449,2.457550620363868,20
REMO,WFG2,10,31,450,2.457550620363868,20
REMO,WFG2,10,31,451,2.457550620363868,20
REMO,WFG2,10,31,452,2.457550620363868,20
REMO,WFG2,10,31,453,2.457550620363868,20
REMO,WFG2,10,31,454,2.457550620363868,20
REMO,WFG2,10,31,455,2.457550620363868,20
REMO,WFG2,10,31,456,2.457550620363868,20
REMO,WFG2,10,31,457,2.457550620363868,20
REMO,WFG2,10,31,458,2.457550620363868,20
REMO,WFG2,10,31,459,2.457550620363868,20
REMO,WFG2,10,31,460,2.457550620363868,20
REMO,WFG2,10,31,461,2.457550620363868,20
REMO,WFG2,10,31,462,2.457550620363868,20
REMO,WFG2,10,31,463,2.457550620363868,20
REMO,WFG2,10,31,464,2.457309433329075,20
REMO,WFG2,10,31,465,2.457309433329075,20
REMO,WFG2,10,31,466,2.457309433329075,20
REMO,WFG2,10,31,467,2.457309433329075,20
REMO,WFG2,10,31,468,2.457309433329075,20
REMO,WFG2,10,31,469,2.457309433329075,20
REMO,WFG2,10,31,470,2.457309433329075,20
REMO,WFG2,10,31,471,2.457309433329075,20
REMO,WFG2,10,31,472,2.3954799516439897,20
REMO,WFG2,10,31,473,2.3954799516439897,20
REMO,WFG2,10,31,474,2.3954799516439897,20
REMO,WFG2,10,31,475,2.3954799516439897,20
REMO,WFG2,10,31,476,2.3954799516439897,20
REMO,WFG2,10,31,477,2.3954799516439897,20
REMO,WFG2,10,31,478,2.3954799516439897,20
REMO,WFG2,10,31,479,2.3954799516439897,20
REMO,WFG2,10,31,480,2.3954799516439897,20
REMO,WFG2,10,31,481,2.395339080802972,20
REMO,WFG2,10,31,482,2.395339080802972,20
REMO,WFG2,10,31,483,2.395339080802972,20
REMO,WFG2,10,31,484,2.395339080802972,20
REMO,WFG2,10,31,485,2.395339080802972,20
REMO,WFG2,10,31,486,2.395339080802972,20
REMO,WFG2,10,31,487,2.395339080802972,20
REMO,WFG2,10,31,488,2.395339080802972,20
REMO,WFG2,10,31,489,2.395339080802972,20
REMO,WFG2,10,31,490,2.395339080802972,20
REMO,WFG2,10,31,491,2.395339080802972,20
REMO,WFG2,10,31,492,2.395339080802972,20
REMO,WFG2,10,31,493,2.395339080802972,20
REMO,WFG2,10,31,494,2.395339080802972,20
REMO,WFG2,10,31,495,2.395339080802972,20
REMO,WFG2,10,31,496,2.395339080802972,20
REMO,WFG2,10,31,497,2.395339080802972,20
REMO,WFG2,10,31,498,2.395339080802972,20
REMO,WFG2,10,31,499,2.395339080802972,20
REMO,WFG2,10,31,500,2.382276651099196,20
PCSAEA,WFG2,10,31,340,3.7023422504922694,20
PCSAEA,WFG2,10,31,341,3.7023422504922694,20
PCSAEA,WFG2,10,31,342,3.7023422504922694,20
PCSAEA,WFG2,10,31,343,3.7023422504922694,20
PCSAEA,WFG2,10,31,344,3.7023422504922694,20
PCSAEA,WFG2,10,31,345,3.7023422504922694,20
PCSAEA,WFG2,10,31,346,3.7023422504922694,20
PCSAEA,WFG2,10,31,347,3.7023422504922694,20
PCSAEA,WFG2,10,31,348,3.7023422504922694,20
PCSAEA,WFG2,10,31,349,3.7023422504922694,20
PCSAEA,WFG2,10,31,350,3.7023422504922694,20
PCSAEA,WFG2,10,31,351,3.7023422504922694,20
PCSAEA,WFG2,10,31,352,3.7023422504922694,20
PCSAEA,WFG2,10,31,353,3.7023422504922694,20
PCSAEA,WFG2,10,31,354,3.7023422504922694,20
PCSAEA,WFG2,10,31,355,3.7023422504922694,20
PCSAEA,WFG2,10,31,356,3.7023422504922694,20
PCSAEA,WFG2,10,31,357,3.7023422504922694,20
PCSAEA,WFG2,10,31,358,3.7023422504922694,20
PCSAEA,WFG2,10,31,359,3.7023422504922694,20
PCSAEA,WFG2,10,31,360,3.7023422504922694,20
PCSAEA,WFG2,10,31,361,3.7023422504922694,20
PCSAEA,WFG2,10,31,362,3.7023422504922694,20
PCSAEA,WFG2,10,31,363,3.7023422504922694,20
PCSAEA,WFG2,10,31,364,3.7023422504922694,20
PCSAEA,WFG2,10,31,365,3.7023422504922694,20
PCSAEA,WFG2,10,31,366,3.7023422504922694,20
PCSAEA,WFG2,10,31,367,3.7023422504922694,20
PCSAEA,WFG2,10,31,368,3.7023422504922694,20
PCSAEA,WFG2,10,31,369,3.7023422504922694,20
PCSAEA,WFG2,10,31,370,3.7023422504922694,20
PCSAEA,WFG2,10,31,371,3.7023422504922694,20
PCSAEA,WFG2,10,31,372,3.7023422504922694,20
PCSAEA,WFG2,10,31,373,3.7023422504922694,20
PCSAEA,WFG2,10,31,374,3.7023422504922694,20
PCSAEA,WFG2,10,31,375,3.6090440492193836,20
PCSAEA,WFG2,10,31,376,3.6090440492193836,20
PCSAEA,WFG2,10,31,377,3.6090440492193836,20
PCSAEA,WFG2,10,31,378,3.6090440492193836,20
PCSAEA,WFG2,10,31,379,3.6090440492193836,20
PCSAEA,WFG2,10,31,380,3.6090440492193836,20
PCSAEA,WFG2,10,31,381,3.6090440492193836,20
PCSAEA,WFG2,10,31,382,3.6090440492193836,20
PCSAEA,WFG2,10,31,383,3.6090440492193836,20
PCSAEA,WFG2,10,31,384,3.6090440492193836,20
PCSAEA,WFG2,10,31,385,3.6090440492193836,20
PCSAEA,WFG2,10,31,386,3.6090440492193836,20
PCSAEA,WFG2,10,31,387,3.5031266670476677,20
PCSAEA,WFG2,10,31,388,3.5031266670476677,20
PCSAEA,WFG2,10,31,389,3.5031266670476677,20
PCSAEA,WFG2,10,31,390,3.5031266670476677,20
PCSAEA,WFG2,10,31,391,3.5031266670476677,20
PCSAEA,WFG2,10,31,392,3.5031266670476677,20
PCSAEA,WFG2,10,31,393,3.5031266670476677,20
PCSAEA,WFG2,10,31,394,3.5031266670476677,20
PCSAEA,WFG2,10,31,395,3.5031266670476677,20
PCSAEA,WFG2,10,31,396,3.5031266670476677,20
PCSAEA,WFG2,10,31,397,3.5031266670476677,20
PCSAEA,WFG2,10,31,398,3.5031266670476677,20
PCSAEA,WFG2,10,31,399,3.3838413576223125,20
PCSAEA,WFG2,10,31,400,3.3838413576223125,20
PCSAEA,WFG2,10,31,401,3.3838413576223125,20
PCSAEA,WFG2,10,31,402,3.3838413576223125,20
PCSAEA,WFG2,10,31,403,3.3838413576223125,20
PCSAEA,WFG2,10,31,404,3.3838413576223125,20
PCSAEA,WFG2,10,31,405,3.3838413576223125,20
PCSAEA,WFG2,10,31,406,3.3838413576223125,20
PCSAEA,WFG2,10,31,407,3.3838413576223125,20
PCSAEA,WFG2,10,31,408,3.3838413576223125,20
PCSAEA,WFG2,10,31,409,3.3838413576223125,20
PCSAEA,WFG2,10,31,410,3.3838413576223125,20
PCSAEA,WFG2,10,31,411,3.3481781592401747,20
PCSAEA,WFG2,10,31,412,3.3481781592401747,20
PCSAEA,WFG2,10,31,413,3.3481781592401747,20
PCSAEA,WFG2,10,31,414,3.3481781592401747,20
PCSAEA,WFG2,10,31,415,3.3481781592401747,20
PCSAEA,WFG2,10,31,416,3.3481781592401747,20
PCSAEA,WFG2,10,31,417,3.3481781592401747,20
PCSAEA,WFG2,10,31,418,3.3481781592401747,20
PCSAEA,WFG2,10,31,419,3.3481781592401747,20
PCSAEA,WFG2,10,31,420,3.3481781592401747,20
PCSAEA,WFG2,10,31,421,3.3481781592401747,20
PCSAEA,WFG2,10,31,422,3.3481781592401747,20
PCSAEA,WFG2,10,31,423,3.1364210315709493,20
PCSAEA,WFG2,10,31,424,3.1364210315709493,20
PCSAEA,WFG2,10,31,425,3.1364210315709493,20
PCSAEA,WFG2,10,31,426,3.1364210315709493,20
PCSAEA,WFG2,10,31,427,3.1364210315709493,20
PCSAEA,WFG2,10,31,428,3.1364210315709493,20
PCSAEA,WFG2,10,31,429,3.1364210315709493,20
PCSAEA,WFG2,10,31,430,3.1364210315709493,20
PCSAEA,WFG2,10,31,431,3.1364210315709493,20
PCSAEA,WFG2,10,31,432,3.1364210315709493,20
PCSAEA,WFG2,10,31,433,3.1364210315709493,20
PCSAEA,WFG2,10,31,434,3.1364210315709493,20
PCSAEA,WFG2,10,31,435,3.1312817616468407,20
PCSAEA,WFG2,10,31,436,3.1312817616468407,20
PCSAEA,WFG2,10,31,437,3.1312817616468407,20
PCSAEA,WFG2,10,31,438,3.1312817616468407,20
PCSAEA,WFG2,10,31,439,3.1312817616468407,20
PCSAEA,WFG2,10,31,440,3.1312817616468407,20
PCSAEA,WFG2,10,31,441,3.1312817616468407,20
PCSAEA,WFG2,10,31,442,3.1312817616468407,20
PCSAEA,WFG2,10,31,443,3.1312817616468407,20
PCSAEA,WFG2,10,31,444,3.1312817616468407,20
PCSAEA,WFG2,10,31,445,3.1312817616468407,20
PCSAEA,WFG2,10,31,446,3.1312817616468407,20
PCSAEA,WFG2,10,31,447,3.1186785902410157,20
PCSAEA,WFG2,10,31,448,3.1186785902410157,20
PCSAEA,WFG2,10,31,449,3.1186785902410157,20
PCSAEA,WFG2,10,31,450,3.1186785902410157,20
PCSAEA,WFG2,10,31,451,3.1186785902410157,20
PCSAEA,WFG2,10,31,452,3.1186785902410157,20
PCSAEA,WFG2,10,31,453,3.1186785902410157,20
PCSAEA,WFG2,10,31,454,3.1186785902410157,20
PCSAEA,WFG2,10,31,455,3.1186785902410157,20
PCSAEA,WFG2,10,31,456,3.1186785902410157,20
PCSAEA,WFG2,10,31,457,3.1186785902410157,20
PCSAEA,WFG2,10,31,458,3.1186785902410157,20
PCSAEA,WFG2,10,31,459,3.1147744550171823,20
PCSAEA,WFG2,10,31,460,3.1147744550171823,20
PCSAEA,WFG2,10,31,461,3.1147744550171823,20
PCSAEA,WFG2,10,31,462,3.1147744550171823,20
PCSAEA,WFG2,10,31,463,3.1147744550171823,20
PCSAEA,WFG2,10,31,464,3.1147744550171823,20
PCSAEA,WFG2,10,31,465,3.1147744550171823,20
PCSAEA,WFG2,10,31,466,3.1147744550171823,20
PCSAEA,WFG2,10,31,467,3.1147744550171823,20
PCSAEA,WFG2,10,31,468,3.1147744550171823,20
PCSAEA,WFG2,10,31,469,3.1147744550171823,20
PCSAEA,WFG2,10,31,470,3.1147744550171823,20
PCSAEA,WFG2,10,31,471,3.0550582726471562,20
PCSAEA,WFG2,10,31,472,3.0550582726471562,20
PCSAEA,WFG2,10,31,473,3.0550582726471562,20
PCSAEA,WFG2,10,31,474,3.0550582726471562,20
PCSAEA,WFG2,10,31,475,3.0550582726471562,20
PCSAEA,WFG2,10,31,476,3.0550582726471562,20
PCSAEA,WFG2,10,31,477,3.0550582726471562,20
PCSAEA,WFG2,10,31,478,3.0550582726471562,20
PCSAEA,WFG2,10,31,479,3.0550582726471562,20
PCSAEA,WFG2,10,31,480,3.0550582726471562,20
PCSAEA,WFG2,10,31,481,3.0550582726471562,20
PCSAEA,WFG2,10,31,482,3.0550582726471562,20
PCSAEA,WFG2,10,31,483,2.9768021012525048,20
PCSAEA,WFG2,10,31,484,2.9768021012525048,20
PCSAEA,WFG2,10,31,485,2.9768021012525048,20
PCSAEA,WFG2,10,31,486,2.9768021012525048,20
PCSAEA,WFG2,10,31,487,2.9768021012525048,20
PCSAEA,WFG2,10,31,488,2.9768021012525048,20
PCSAEA,WFG2,10,31,489,2.9768021012525048,20
PCSAEA,WFG2,10,31,490,2.9768021012525048,20
PCSAEA,WFG2,10,31,491,2.9768021012525048,20
PCSAEA,WFG2,10,31,492,2.9768021012525048,20
PCSAEA,WFG2,10,31,493,2.9768021012525048,20
PCSAEA,WFG2,10,31,494,2.9768021012525048,20
PCSAEA,WFG2,10,31,495,2.969003402591595,20
PCSAEA,WFG2,10,31,496,2.969003402591595,20
PCSAEA,WFG2,10,31,497,2.969003402591595,20
PCSAEA,WFG2,10,31,498,2.969003402591595,20
PCSAEA,WFG2,10,31,499,2.969003402591595,20
PCSAEA,WFG2,10,31,500,2.969003402591595,20
CSEA,WFG2,10,31,109,4.585585483508672,20
CSEA,WFG2,10,31,110,4.585584666172113,20
CSEA,WFG2,10,31,111,4.585584666172113,20
CSEA,WFG2,10,31,112,4.585584666172113,20
CSEA,WFG2,10,31,113,4.585584666172113,20
CSEA,WFG2,10,31,114,4.585584666172113,20
CSEA,WFG2,10,31,115,4.585584666172113,20
CSEA,WFG2,10,31,116,4.585508505235383,20
CSEA,WFG2,10,31,117,4.5851993478922495,20
CSEA,WFG2,10,31,118,4.583725209246063,20
CSEA,WFG2,10,31,119,4.581667332393028,20
CSEA,WFG2,10,31,120,4.571259957096396,20
CSEA,WFG2,10,31,121,4.565250545323684,20
CSEA,WFG2,10,31,122,4.565250545323684,20
CSEA,WFG2,10,31,123,4.565250545323684,20
CSEA,WFG2,10,31,124,4.565250545323684,20
CSEA,WFG2,10,31,125,4.56384613818736,20
CSEA,WFG2,10,31,126,4.5638286570315625,20
CSEA,WFG2,10,31,127,4.560121815589332,20
CSEA,WFG2,10,31,128,4.532438202531212,20
CSEA,WFG2,10,31,129,4.531958134177431,20
CSEA,WFG2,10,31,130,4.53173574969763,20
CSEA,WFG2,10,31,131,4.527885729320713,20
CSEA,WFG2,10,31,132,4.463977475952501,20
CSEA,WFG2,10,31,133,4.463671926655411,20
CSEA,WFG2,10,31,134,4.463552153147411,20
CSEA,WFG2,10,31,135,4.4597229317619895,20
CSEA,WFG2,10,31,136,4.459231805404675,20
CSEA,WFG2,10,31,137,4.457072219529025,20
CSEA,WFG2,10,31,138,4.456487052380734,20
CSEA,WFG2,10,31,139,4.453192180809173,20
CSEA,WFG2,10,31,140,4.453192180809173,20
CSEA,WFG2,10,31,141,4.453189200540241,20
CSEA,WFG2,10,31,142,4.4527354213316395,20
CSEA,WFG2,10,31,143,4.452654121119784,20
CSEA,WFG2,10,31,144,4.425867072731156,20
CSEA,WFG2,10,31,145,4.376932626081482,20
CSEA,WFG2,10,31,146,4.376929198886847,20
CSEA,WFG2,10,31,147,4.37691203794662,20
CSEA,WFG2,10,31,148,4.37691203794662,20
CSEA,WFG2,10,31,149,4.371911261545317,20
CSEA,WFG2,10,31,150,4.344745556872725,20
CSEA,WFG2,10,31,151,4.343644303160298,20
CSEA,WFG2,10,31,152,4.342772284574027,20
CSEA,WFG2,10,31,153,4.3383305830384895,20
CSEA,WFG2,10,31,154,4.336878121447809,20
CSEA,WFG2,10,31,155,4.3354832382578135,20
CSEA,WFG2,10,31,156,4.335453856935463,20
CSEA,WFG2,10,31,157,4.335447994088339,20
CSEA,WFG2,10,31,158,4.271347678813841,20
CSEA,WFG2,10,31,159,4.2713185934066376,20
CSEA,WFG2,10,31,160,4.2713185934066376,20
CSEA,WFG2,10,31,161,4.271216394563626,20
CSEA,WFG2,10,31,162,4.271024023500226,20
CSEA,WFG2,10,31,163,4.258895989834516,20
CSEA,WFG2,10,31,164,4.258550471978627,20
CSEA,WFG2,10,31,165,4.258228613252383,20
CSEA,WFG2,10,31,166,4.2534686991574,20
CSEA,WFG2,10,31,167,4.131587240116824,20
CSEA,WFG2,10,31,168,4.131587240116824,20
CSEA,WFG2,10,31,169,4.131568838531245,20
CSEA,WFG2,10,31,170,4.131290895221837,20
CSEA,WFG2,10,31,171,4.131290895221837,20
CSEA,WFG2,10,31,172,4.131290895221837,20
CSEA,WFG2,10,31,173,4.110906642232159,20
CSEA,WFG2,10,31,174,4.110696756912652,20
CSEA,WFG2,10,31,175,4.102541359023558,20
CSEA,WFG2,10,31,176,4.0304483981257,20
CSEA,WFG2,10,31,177,4.0304483981257,20
CSEA,WFG2,10,31,178,4.013483514865198,20
CSEA,WFG2,10,31,179,4.01159253529969,20
CSEA,WFG2,10,31,180,4.011507471046597,20
CSEA,WFG2,10,31,181,4.011507471046597,20
CSEA,WFG2,10,31,182,4.011507471046597,20
CSEA,WFG2,10,31,183,4.011503800022057,20
CSEA,WFG2,10,31,184,4.010864074051445,20
CSEA,WFG2,10,31,185,4.008457957413589,20
CSEA,WFG2,10,31,186,4.008139653437324,20
CSEA,WFG2,10,31,187,3.9924692588518864,20
CSEA,WFG2,10,31,188,3.9924274077854065,20
CSEA,WFG2,10,31,189,3.9924274077854065,20
CSEA,WFG2,10,31,190,3.9866526214418605,20
CSEA,WFG2,10,31,191,3.9820869716063414,20
CSEA,WFG2,10,31,192,3.9820869716063414,20
CSEA,WFG2,10,31,193,3.9820869716063414,20
CSEA,WFG2,10,31,194,3.9820215336169476,20
CSEA,WFG2,10,31,195,3.9263881788565262,20
CSEA,WFG2,10,31,196,3.9256321991182532,20
CSEA,WFG2,10,31,197,3.92558169318101,20
CSEA,WFG2,10,31,198,3.8870141836207166,20
CSEA,WFG2,10,31,199,3.886727810568991,20
CSEA,WFG2,10,31,200,3.886727810568991,20
CSEA,WFG2,10,31,201,3.8754008149248214,20
CSEA,WFG2,10,31,202,3.8751313482497025,20
CSEA,WFG2,10,31,203,3.805604798976757,20
CSEA,WFG2,10,31,204,3.8056033899667083,20
CSEA,WFG2,10,31,205,3.7444410316494645,20
CSEA,WFG2,10,31,206,3.744386752943133,20
CSEA,WFG2,10,31,207,3.7442185934961203,20
CSEA,WFG2,10,31,208,3.744120018640504,20
CSEA,WFG2,10,31,209,3.743590905690975,20
CSEA,WFG2,10,31,210,3.7178464037542653,20
CSEA,WFG2,10,31,211,3.7178033263341144,20
CSEA,WFG2,10,31,212,3.7178033263341144,20
CSEA,WFG2,10,31,213,3.7172337437020895,20
CSEA,WFG2,10,31,214,3.716101037458183,20
CSEA,WFG2,10,31,215,3.715020772403366,20
CSEA,WFG2,10,31,216,3.715020772403366,20
CSEA,WFG2,10,31,217,3.7135592377046662,20
CSEA,WFG2,10,31,218,3.7134068230488566,20
CSEA,WFG2,10,31,219,3.7134068230488566,20
CSEA,WFG2,10,31,220,3.7129787597578563,20
CSEA,WFG2,10,31,221,3.7129704537925248,20
CSEA,WFG2,10,31,222,3.70712026881969,20
CSEA,WFG2,10,31,223,3.707069073658971,20
CSEA,WFG2,10,31,224,3.707069073658971,20
CSEA,WFG2,10,31,225,3.706794809857518,20
CSEA,WFG2,10,31,226,3.706105232342574,20
CSEA,WFG2,10,31,227,3.6872343037945448,20
CSEA,WFG2,10,31,228,3.6872294590283126,20
CSEA,WFG2,10,31,229,3.6854994776367027,20
CSEA,WFG2,10,31,230,3.6851925041558067,20
CSEA,WFG2,10,31,231,3.6851925041558067,20
CSEA,WFG2,10,31,232,3.646666893897822,20
CSEA,WFG2,10,31,233,3.645510187106691,20
CSEA,WFG2,10,31,234,3.645235476041143,20
CSEA,WFG2,10,31,235,3.645194967326342,20
CSEA,WFG2,10,31,236,3.6451905790820573,20
CSEA,WFG2,10,31,237,3.644296703593613,20
CSEA,WFG2,10,31,238,3.642775023243839,20
CSEA,WFG2,10,31,239,3.6423714663243145,20
CSEA,WFG2,10,31,240,3.6422039911007884,20
CSEA,WFG2,10,31,241,3.642197114794888,20
CSEA,WFG2,10,31,242,3.637124689871677,20
CSEA,WFG2,10,31,243,3.637124689871677,20
CSEA,WFG2,10,31,244,3.6369503453781062,20
CSEA,WFG2,10,31,245,3.636594953608365,20
CSEA,WFG2,10,31,246,3.6270982646040424,20
CSEA,WFG2,10,31,247,3.6270742808249645,20
CSEA,WFG2,10,31,248,3.6270742808249645,20
CSEA,WFG2,10,31,249,3.6265574234953606,20
CSEA,WFG2,10,31,250,3.62473875117474,20
CSEA,WFG2,10,31,251,3.6244955369867187,20
CSEA,WFG2,10,31,252,3.624462604909689,20
CSEA,WFG2,10,31,253,3.624462604909689,20
CSEA,WFG2,10,31,254,3.62429537752147,20
CSEA,WFG2,10,31,255,3.624271974277864,20
CSEA,WFG2,10,31,256,3.6241903334724674,20
CSEA,WFG2,10,31,257,3.624038005417662,20
CSEA,WFG2,10,31,258,3.6227108310756306,20
CSEA,WFG2,10,31,259,3.6227001487996597,20
CSEA,WFG2,10,31,260,3.6227001487996597,20
CSEA,WFG2,10,31,261,3.6194329390165167,20
CSEA,WFG2,10,31,262,3.61818343018288,20
CSEA,WFG2,10,31,263,3.6181119136475814,20
CSEA,WFG2,10,31,264,3.6127965561177575,20
CSEA,WFG2,10,31,265,3.612793427161905,20
CSEA,WFG2,10,31,266,3.612744857156013,20
CSEA,WFG2,10,31,267,3.492124828482802,20
CSEA,WFG2,10,31,268,3.413910063221716,20
CSEA,WFG2,10,31,269,3.4138786720372565,20
CSEA,WFG2,10,31,270,3.4138032398551026,20
CSEA,WFG2,10,31,271,3.4138022018014738,20
CSEA,WFG2,10,31,272,3.4138022018014738,20
CSEA,WFG2,10,31,273,3.4096490396698345,20
CSEA,WFG2,10,31,274,3.409405508240577,20
CSEA,WFG2,10,31,275,3.4093938837364655,20
CSEA,WFG2,10,31,276,3.409371898209224,20
CSEA,WFG2,10,31,277,3.409371748216607,20
CSEA,WFG2,10,31,278,3.4090487598845853,20
CSEA,WFG2,10,31,279,3.3969870243992397,20
CSEA,WFG2,10,31,280,3.3954524302108444,20
CSEA,WFG2,10,31,281,3.39538182631287,20
CSEA,WFG2,10,31,282,3.3931003751636846,20
CSEA,WFG2,10,31,283,3.3931003751636846,20
CSEA,WFG2,10,31,284,3.3931003751636846,20
CSEA,WFG2,10,31,285,3.390671056791269,20
CSEA,WFG2,10,31,286,3.3882067323659113,20
CSEA,WFG2,10,31,287,3.3882034973946786,20
CSEA,WFG2,10,31,288,3.3881982901840386,20
CSEA,WFG2,10,31,289,3.388195660353188,20
CSEA,WFG2,10,31,290,3.3863828526241777,20
CSEA,WFG2,10,31,291,3.3847869501758003,20
CSEA,WFG2,10,31,292,3.382437982047486,20
CSEA,WFG2,10,31,293,3.382405336181619,20
CSEA,WFG2,10,31,294,3.3820662990810875,20
CSEA,WFG2,10,31,295,3.382061417196341,20
CSEA,WFG2,10,31,296,3.382061417196341,20
CSEA,WFG2,10,31,297,3.382038872344816,20
CSEA,WFG2,10,31,298,3.3757589062330644,20
CSEA,WFG2,10,31,299,3.375756215813195,20
CSEA,WFG2,10,31,300,3.3755137538878492,20
CSEA,WFG2,10,31,301,3.3755137538878492,20
CSEA,WFG2,10,31,302,3.3751903928270037,20
CSEA,WFG2,10,31,303,3.3751903928270037,20
CSEA,WFG2,10,31,304,3.3751903928270037,20
CSEA,WFG2,10,31,305,3.375154926770608,20
CSEA,WFG2,10,31,306,3.374989300021986,20
CSEA,WFG2,10,31,307,3.374985571124976,20
CSEA,WFG2,10,31,308,3.374985571124976,20
CSEA,WFG2,10,31,309,3.3748300407039857,20
CSEA,WFG2,10,31,310,3.3690282641094895,20
CSEA,WFG2,10,31,311,3.3690253466685482,20
CSEA,WFG2,10,31,312,3.369005543840166,20
CSEA,WFG2,10,31,313,3.3681158029273703,20
CSEA,WFG2,10,31,314,3.368036687421501,20
CSEA,WFG2,10,31,315,3.365607312359759,20
CSEA,WFG2,10,31,316,3.362266233673428,20
CSEA,WFG2,10,31,317,3.3622083515231247,20
CSEA,WFG2,10,31,318,3.3621662119184856,20
CSEA,WFG2,10,31,319,3.3621581020744933,20
CSEA,WFG2,10,31,320,3.3621581020744933,20
CSEA,WFG2,10,31,321,3.3621581020744933,20
CSEA,WFG2,10,31,322,3.3617476098540244,20
CSEA,WFG2,10,31,323,3.3617476098540244,20
CSEA,WFG2,10,31,324,3.3617297495308045,20
CSEA,WFG2,10,31,325,3.3617297495308045,20
CSEA,WFG2,10,31,326,3.3614181319849505,20
CSEA,WFG2,10,31,327,3.3602463042474304,20
CSEA,WFG2,10,31,328,3.3455548839011513,20
CSEA,WFG2,10,31,329,3.344778315889093,20
CSEA,WFG2,10,31,330,3.343250360163639,20
CSEA,WFG2,10,31,331,3.3432202898100862,20
CSEA,WFG2,10,31,332,3.3432202898100862,20
CSEA,WFG2,10,31,333,3.340650747256883,20
CSEA,WFG2,10,31,334,3.340650747256883,20
CSEA,WFG2,10,31,335,3.340650747256883,20
CSEA,WFG2,10,31,336,3.340650747256883,20
CSEA,WFG2,10,31,337,3.340650747256883,20
CSEA,WFG2,10,31,338,3.340650747256883,20
CSEA,WFG2,10,31,339,3.3397015226685327,20
CSEA,WFG2,10,31,340,3.3396802494675817,20
CSEA,WFG2,10,31,341,3.3395273930881197,20
CSEA,WFG2,10,31,342,3.3394780790442526,20
CSEA,WFG2,10,31,343,3.3394543232683587,20
CSEA,WFG2,10,31,344,3.3394543232683587,20
CSEA,WFG2,10,31,345,3.339373710142413,20
CSEA,WFG2,10,31,346,3.305617617428826,20
CSEA,WFG2,10,31,347,3.3055978144807128,20
CSEA,WFG2,10,31,348,3.3053957340956712,20
CSEA,WFG2,10,31,349,3.3053930434831535,20
CSEA,WFG2,10,31,350,3.3048075770218626,20
CSEA,WFG2,10,31,351,3.3048075770218626,20
CSEA,WFG2,10,31,352,3.3048075770218626,20
CSEA,WFG2,10,31,353,3.3048075770218626,20
CSEA,WFG2,10,31,354,3.3048075770218626,20
CSEA,WFG2,10,31,355,3.304805014098831,20
CSEA,WFG2,10,31,356,3.304805014098831,20
CSEA,WFG2,10,31,357,3.302404703725012,20
CSEA,WFG2,10,31,358,3.3023467087117995,20
CSEA,WFG2,10,31,359,3.3023301735202466,20
CSEA,WFG2,10,31,360,3.302325981790598,20
CSEA,WFG2,10,31,361,3.3022753265662272,20
CSEA,WFG2,10,31,362,3.302226882875302,20
CSEA,WFG2,10,31,363,3.300715810099726,20
CSEA,WFG2,10,31,364,3.2999268424187918,20
CSEA,WFG2,10,31,365,3.28317973353865,20
CSEA,WFG2,10,31,366,3.283085539792212,20
CSEA,WFG2,10,31,367,3.283085539792212,20
CSEA,WFG2,10,31,368,3.283085539792212,20
CSEA,WFG2,10,31,369,3.283085539792212,20
CSEA,WFG2,10,31,370,3.283085539792212,20
CSEA,WFG2,10,31,371,3.283085539792212,20
CSEA,WFG2,10,31,372,3.2815651975116182,20
CSEA,WFG2,10,31,373,3.28156270435052,20
CSEA,WFG2,10,31,374,3.2797572156652803,20
CSEA,WFG2,10,31,375,3.2479479910067597,20
CSEA,WFG2,10,31,376,3.247932538025894,20
CSEA,WFG2,10,31,377,3.24761776750769,20
CSEA,WFG2,10,31,378,3.2429555054511594,20
CSEA,WFG2,10,31,379,3.2429302538996168,20
CSEA,WFG2,10,31,380,3.2429302538996168,20
CSEA,WFG2,10,31,381,3.2411086585151567,20
CSEA,WFG2,10,31,382,3.236169688476019,20
CSEA,WFG2,10,31,383,3.2361209171112444,20
CSEA,WFG2,10,31,384,3.2361209171112444,20
CSEA,WFG2,10,31,385,3.2361209171112444,20
CSEA,WFG2,10,31,386,3.2361209171112444,20
CSEA,WFG2,10,31,387,3.2361209171112444,20
CSEA,WFG2,10,31,388,3.2361209171112444,20
CSEA,WFG2,10,31,389,3.232715125275196,20
CSEA,WFG2,10,31,390,3.2320564744334517,20
CSEA,WFG2,10,31,391,3.221133428785967,20
CSEA,WFG2,10,31,392,3.221133428785967,20
CSEA,WFG2,10,31,393,3.2204465026009323,20
CSEA,WFG2,10,31,394,3.220432789938774,20
CSEA,WFG2,10,31,395,3.220430820166695,20
CSEA,WFG2,10,31,396,3.220386650519471,20
CSEA,WFG2,10,31,397,3.2203800194279673,20
CSEA,WFG2,10,31,398,3.217992408505456,20
CSEA,WFG2,10,31,399,3.2176707990991753,20
CSEA,WFG2,10,31,400,3.217606204186248,20
CSEA,WFG2,10,31,401,3.217606204186248,20
CSEA,WFG2,10,31,402,3.217606204186248,20
CSEA,WFG2,10,31,403,3.217606204186248,20
CSEA,WFG2,10,31,404,3.217606204186248,20
CSEA,WFG2,10,31,405,3.2173895173796083,20
CSEA,WFG2,10,31,406,3.2172922346858313,20
CSEA,WFG2,10,31,407,3.2172886200921837,20
CSEA,WFG2,10,31,408,3.2172885647128338,20
CSEA,WFG2,10,31,409,3.21728592461166,20
CSEA,WFG2,10,31,410,3.2170174856587836,20
CSEA,WFG2,10,31,411,3.216949048557987,20
CSEA,WFG2,10,31,412,3.2169440146132673,20
CSEA,WFG2,10,31,413,3.1477862256997824,20
CSEA,WFG2,10,31,414,3.1469254653336476,20
CSEA,WFG2,10,31,415,3.13988371323119,20
CSEA,WFG2,10,31,416,3.13988371323119,20
CSEA,WFG2,10,31,417,3.13988371323119,20
CSEA,WFG2,10,31,418,3.13988371323119,20
CSEA,WFG2,10,31,419,3.13988371323119,20
CSEA,WFG2,10,31,420,3.13988371323119,20
CSEA,WFG2,10,31,421,3.13988371323119,20
CSEA,WFG2,10,31,422,3.139597596925281,20
CSEA,WFG2,10,31,423,3.139585519054937,20
CSEA,WFG2,10,31,424,3.139547214670465,20
CSEA,WFG2,10,31,425,3.1389607189915076,20
CSEA,WFG2,10,31,426,3.1389494023427167,20
CSEA,WFG2,10,31,427,3.138930908912814,20
CSEA,WFG2,10,31,428,3.138929941064585,20
CSEA,WFG2,10,31,429,3.138929941064585,20
CSEA,WFG2,10,31,430,3.135028925079298,20
CSEA,WFG2,10,31,431,3.135021358467848,20
CSEA,WFG2,10,31,432,3.135016366053522,20
CSEA,WFG2,10,31,433,3.135009713917201,20
CSEA,WFG2,10,31,434,3.135009713917201,20
CSEA,WFG2,10,31,435,3.135009713917201,20
CSEA,WFG2,10,31,436,3.135009713917201,20
CSEA,WFG2,10,31,437,3.135009713917201,20
CSEA,WFG2,10,31,438,3.135009713917201,20
CSEA,WFG2,10,31,439,3.134721429774095,20
CSEA,WFG2,10,31,440,3.1346934323798323,20
CSEA,WFG2,10,31,441,3.1346934323798323,20
CSEA,WFG2,10,31,442,3.133974413462176,20
CSEA,WFG2,10,31,443,3.1339570673898387,20
CSEA,WFG2,10,31,444,3.1339561499902233,20
CSEA,WFG2,10,31,445,3.1339542435687,20
CSEA,WFG2,10,31,446,3.130828052461389,20
CSEA,WFG2,10,31,447,3.13066660676355,20
CSEA,WFG2,10,31,448,3.1286493098674795,20
CSEA,WFG2,10,31,449,3.1284804887547883,20
CSEA,WFG2,10,31,450,3.1265268833458237,20
CSEA,WFG2,10,31,451,3.1265268833458237,20
CSEA,WFG2,10,31,452,3.1265268833458237,20
CSEA,WFG2,10,31,453,3.1265268833458237,20
CSEA,WFG2,10,31,454,3.1265268833458237,20
CSEA,WFG2,10,31,455,3.1265231703062333,20
CSEA,WFG2,10,31,456,3.1265167447026974,20
CSEA,WFG2,10,31,457,3.1265142166256776,20
CSEA,WFG2,10,31,458,3.1259544993154744,20
CSEA,WFG2,10,31,459,3.125906807519079,20
CSEA,WFG2,10,31,460,3.125755038202451,20
CSEA,WFG2,10,31,461,3.125728935473214,20
CSEA,WFG2,10,31,462,3.1233223788671527,20
CSEA,WFG2,10,31,463,3.1198234806831433,20
CSEA,WFG2,10,31,464,3.119550595815613,20
CSEA,WFG2,10,31,465,3.119550595815613,20
CSEA,WFG2,10,31,466,3.1193788026339733,20
CSEA,WFG2,10,31,467,3.1193788026339733,20
CSEA,WFG2,10,31,468,3.1193788026339733,20
CSEA,WFG2,10,31,469,3.1193788026339733,20
CSEA,WFG2,10,31,470,3.1193788026339733,20
CSEA,WFG2,10,31,471,3.1193788026339733,20
CSEA,WFG2,10,31,472,3.1191075817361673,20
CSEA,WFG2,10,31,473,3.1185175557336926,20
CSEA,WFG2,10,31,474,3.118291999858278,20
CSEA,WFG2,10,31,475,3.118282067076495,20
CSEA,WFG2,10,31,476,3.1182376586062053,20
CSEA,WFG2,10,31,477,3.1182376586062053,20
CSEA,WFG2,10,31,478,3.1174009439914068,20
CSEA,WFG2,10,31,479,3.117396785338703,20
CSEA,WFG2,10,31,480,3.1173356730636157,20
CSEA,WFG2,10,31,481,3.1173347219994207,20
CSEA,WFG2,10,31,482,3.116114091401983,20
CSEA,WFG2,10,31,483,3.1159909283031206,20
CSEA,WFG2,10,31,484,3.1159909283031206,20
CSEA,WFG2,10,31,485,3.1159909283031206,20
CSEA,WFG2,10,31,486,3.1159909283031206,20
CSEA,WFG2,10,31,487,3.1159909283031206,20
CSEA,WFG2,10,31,488,3.1159909283031206,20
CSEA,WFG2,10,31,489,3.1159909283031206,20
CSEA,WFG2,10,31,490,3.1159909283031206,20
CSEA,WFG2,10,31,491,3.1159909283031206,20
CSEA,WFG2,10,31,492,3.1159909283031206,20
CSEA,WFG2,10,31,493,3.1159909283031206,20
CSEA,WFG2,10,31,494,3.1159909283031206,20
CSEA,WFG2,10,31,495,3.1159909283031206,20
CSEA,WFG2,10,31,496,3.1159909283031206,20
CSEA,WFG2,10,31,497,3.1159909283031206,20
CSEA,WFG2,10,31,498,3.1159909283031206,20
CSEA,WFG2,10,31,499,3.1159909283031206,20
CSEA,WFG2,10,31,500,3.058161177686371,20
HES_EA,WFG2,10,31,340,3.595943476275379,20
HES_EA,WFG2,10,31,341,3.595943476275379,20
HES_EA,WFG2,10,31,342,3.595943476275379,20
HES_EA,WFG2,10,31,343,3.595943476275379,20
HES_EA,WFG2,10,31,344,3.595943476275379,20
HES_EA,WFG2,10,31,345,3.5943518201744284,20
HES_EA,WFG2,10,31,346,3.5943518201744284,20
HES_EA,WFG2,10,31,347,3.5943518201744284,20
HES_EA,WFG2,10,31,348,3.5943518201744284,20
HES_EA,WFG2,10,31,349,3.5943518201744284,20
HES_EA,WFG2,10,31,350,3.458483050523438,20
HES_EA,WFG2,10,31,351,3.458483050523438,20
HES_EA,WFG2,10,31,352,3.458483050523438,20
HES_EA,WFG2,10,31,353,3.458483050523438,20
HES_EA,WFG2,10,31,354,3.458483050523438,20
HES_EA,WFG2,10,31,355,3.430319911028324,20
HES_EA,WFG2,10,31,356,3.430319911028324,20
HES_EA,WFG2,10,31,357,3.430319911028324,20
HES_EA,WFG2,10,31,358,3.430319911028324,20
HES_EA,WFG2,10,31,359,3.430319911028324,20
HES_EA,WFG2,10,31,360,3.330094208063747,20
HES_EA,WFG2,10,31,361,3.330094208063747,20
HES_EA,WFG2,10,31,362,3.330094208063747,20
HES_EA,WFG2,10,31,363,3.330094208063747,20
HES_EA,WFG2,10,31,364,3.330094208063747,20
HES_EA,WFG2,10,31,365,3.2122126815525944,20
HES_EA,WFG2,10,31,366,3.2122126815525944,20
HES_EA,WFG2,10,31,367,3.2122126815525944,20
HES_EA,WFG2,10,31,368,3.2122126815525944,20
HES_EA,WFG2,10,31,369,3.2122126815525944,20
HES_EA,WFG2,10,31,370,3.0709444903024865,20
HES_EA,WFG2,10,31,371,3.0709444903024865,20
HES_EA,WFG2,10,31,372,3.0709444903024865,20
HES_EA,WFG2,10,31,373,3.0709444903024865,20
HES_EA,WFG2,10,31,374,3.0709444903024865,20
HES_EA,WFG2,10,31,375,2.9739989547497094,20
HES_EA,WFG2,10,31,376,2.9739989547497094,20
HES_EA,WFG2,10,31,377,2.9739989547497094,20
HES_EA,WFG2,10,31,378,2.9739989547497094,20
HES_EA,WFG2,10,31,379,2.9739989547497094,20
HES_EA,WFG2,10,31,380,2.90362296002757,20
HES_EA,WFG2,10,31,381,2.90362296002757,20
HES_EA,WFG2,10,31,382,2.90362296002757,20
HES_EA,WFG2,10,31,383,2.90362296002757,20
HES_EA,WFG2,10,31,384,2.90362296002757,20
HES_EA,WFG2,10,31,385,2.783510768873829,20
HES_EA,WFG2,10,31,386,2.783510768873829,20
HES_EA,WFG2,10,31,387,2.783510768873829,20
HES_EA,WFG2,10,31,388,2.783510768873829,20
HES_EA,WFG2,10,31,389,2.783510768873829,20
HES_EA,WFG2,10,31,390,2.7182625707734713,20
HES_EA,WFG2,10,31,391,2.7182625707734713,20
HES_EA,WFG2,10,31,392,2.7182625707734713,20
HES_EA,WFG2,10,31,393,2.7182625707734713,20
HES_EA,WFG2,10,31,394,2.7182625707734713,20
HES_EA,WFG2,10,31,395,2.6107267956499314,20
HES_EA,WFG2,10,31,396,2.6107267956499314,20
HES_EA,WFG2,10,31,397,2.6107267956499314,20
HES_EA,WFG2,10,31,398,2.6107267956499314,20
HES_EA,WFG2,10,31,399,2.6107267956499314,20
HES_EA,WFG2,10,31,400,2.538068876568494,20
HES_EA,WFG2,10,31,401,2.538068876568494,20
HES_EA,WFG2,10,31,402,2.538068876568494,20
HES_EA,WFG2,10,31,403,2.538068876568494,20
HES_EA,WFG2,10,31,404,2.538068876568494,20
HES_EA,WFG2,10,31,405,2.49447295218289,20
HES_EA,WFG2,10,31,406,2.49447295218289,20
HES_EA,WFG2,10,31,407,2.49447295218289,20
HES_EA,WFG2,10,31,408,2.49447295218289,20
HES_EA,WFG2,10,31,409,2.49447295218289,20
HES_EA,WFG2,10,31,410,2.4889221832095436,20
HES_EA,WFG2,10,31,411,2.4889221832095436,20
HES_EA,WFG2,10,31,412,2.4889221832095436,20
HES_EA,WFG2,10,31,413,2.4889221832095436,20
HES_EA,WFG2,10,31,414,2.4889221832095436,20
HES_EA,WFG2,10,31,415,2.3212220129107517,20
HES_EA,WFG2,10,31,416,2.3212220129107517,20
HES_EA,WFG2,10,31,417,2.3212220129107517,20
HES_EA,WFG2,10,31,418,2.3212220129107517,20
HES_EA,WFG2,10,31,419,2.3212220129107517,20
HES_EA,WFG2,10,31,420,2.320921507526474,20
HES_EA,WFG2,10,31,421,2.320921507526474,20
HES_EA,WFG2,10,31,422,2.320921507526474,20
HES_EA,WFG2,10,31,423,2.320921507526474,20
HES_EA,WFG2,10,31,424,2.320921507526474,20
HES_EA,WFG2,10,31,425,2.3121143455699924,20
HES_EA,WFG2,10,31,426,2.3121143455699924,20
HES_EA,WFG2,10,31,427,2.3121143455699924,20
HES_EA,WFG2,10,31,428,2.3121143455699924,20
HES_EA,WFG2,10,31,429,2.3121143455699924,20
HES_EA,WFG2,10,31,430,2.3103063113073268,20
HES_EA,WFG2,10,31,431,2.3103063113073268,20
HES_EA,WFG2,10,31,432,2.3103063113073268,20
HES_EA,WFG2,10,31,433,2.3103063113073268,20
HES_EA,WFG2,10,31,434,2.3103063113073268,20
HES_EA,WFG2,10,31,435,2.310090897062442,20
HES_EA,WFG2,10,31,436,2.310090897062442,20
HES_EA,WFG2,10,31,437,2.310090897062442,20
HES_EA,WFG2,10,31,438,2.310090897062442,20
HES_EA,WFG2,10,31,439,2.310090897062442,20
HES_EA,WFG2,10,31,440,2.047998125815168,20
HES_EA,WFG2,10,31,441,2.047998125815168,20
HES_EA,WFG2,10,31,442,2.047998125815168,20
HES_EA,WFG2,10,31,443,2.047998125815168,20
HES_EA,WFG2,10,31,444,2.047998125815168,20
HES_EA,WFG2,10,31,445,2.0476780382535082,20
HES_EA,WFG2,10,31,446,2.0476780382535082,20
HES_EA,WFG2,10,31,447,2.0476780382535082,20
HES_EA,WFG2,10,31,448,2.0476780382535082,20
HES_EA,WFG2,10,31,449,2.0476780382535082,20
HES_EA,WFG2,10,31,450,2.0406826566477982,20
HES_EA,WFG2,10,31,451,2.0406826566477982,20
HES_EA,WFG2,10,31,452,2.0406826566477982,20
HES_EA,WFG2,10,31,453,2.0406826566477982,20
HES_EA,WFG2,10,31,454,2.0406826566477982,20
HES_EA,WFG2,10,31,455,2.0401747294988697,20
HES_EA,WFG2,10,31,456,2.0401747294988697,20
HES_EA,WFG2,10,31,457,2.0401747294988697,20
HES_EA,WFG2,10,31,458,2.0401747294988697,20
HES_EA,WFG2,10,31,459,2.0401747294988697,20
HES_EA,WFG2,10,31,460,2.0366126915548555,20
HES_EA,WFG2,10,31,461,2.0366126915548555,20
HES_EA,WFG2,10,31,462,2.0366126915548555,20
HES_EA,WFG2,10,31,463,2.0366126915548555,20
HES_EA,WFG2,10,31,464,2.0366126915548555,20
HES_EA,WFG2,10,31,465,2.0341466013787,20
HES_EA,WFG2,10,31,466,2.0341466013787,20
HES_EA,WFG2,10,31,467,2.0341466013787,20
HES_EA,WFG2,10,31,468,2.0341466013787,20
HES_EA,WFG2,10,31,469,2.0341466013787,20
HES_EA,WFG2,10,31,470,1.7865697816453594,20
HES_EA,WFG2,10,31,471,1.7865697816453594,20
HES_EA,WFG2,10,31,472,1.7865697816453594,20
HES_EA,WFG2,10,31,473,1.7865697816453594,20
HES_EA,WFG2,10,31,474,1.7865697816453594,20
HES_EA,WFG2,10,31,475,1.7858874159821039,20
HES_EA,WFG2,10,31,476,1.7858874159821039,20
HES_EA,WFG2,10,31,477,1.7858874159821039,20
HES_EA,WFG2,10,31,478,1.7858874159821039,20
HES_EA,WFG2,10,31,479,1.7858874159821039,20
HES_EA,WFG2,10,31,480,1.7825836468294696,20
HES_EA,WFG2,10,31,481,1.7825836468294696,20
HES_EA,WFG2,10,31,482,1.7825836468294696,20
HES_EA,WFG2,10,31,483,1.7825836468294696,20
HES_EA,WFG2,10,31,484,1.7825836468294696,20
HES_EA,WFG2,10,31,485,1.7825836468294696,20
HES_EA,WFG2,10,31,486,1.7825836468294696,20
HES_EA,WFG2,10,31,487,1.7825836468294696,20
HES_EA,WFG2,10,31,488,1.7825836468294696,20
HES_EA,WFG2,10,31,489,1.7825836468294696,20
HES_EA,WFG2,10,31,490,1.7825836468294696,20
HES_EA,WFG2,10,31,491,1.7825836468294696,20
HES_EA,WFG2,10,31,492,1.7825836468294696,20
HES_EA,WFG2,10,31,493,1.7825836468294696,20
HES_EA,WFG2,10,31,494,1.7825836468294696,20
HES_EA,WFG2,10,31,495,1.7825836468294696,20
HES_EA,WFG2,10,31,496,1.7825836468294696,20
HES_EA,WFG2,10,31,497,1.7825836468294696,20
HES_EA,WFG2,10,31,498,1.7825836468294696,20
HES_EA,WFG2,10,31,499,1.7825836468294696,20
HES_EA,WFG2,10,31,500,1.5974923125805802,20
SSDE,WFG2,10,31,100,4.842011121917512,20
SSDE,WFG2,10,31,101,4.842011121917512,20
SSDE,WFG2,10,31,102,4.842011121917512,20
SSDE,WFG2,10,31,103,4.842011121917512,20
SSDE,WFG2,10,31,104,4.842011121917512,20
SSDE,WFG2,10,31,105,4.842011121917512,20
SSDE,WFG2,10,31,106,4.842011121917512,20
SSDE,WFG2,10,31,107,4.842011121917512,20
SSDE,WFG2,10,31,108,4.842011121917512,20
SSDE,WFG2,10,31,109,4.842011121917512,20
SSDE,WFG2,10,31,110,4.842011121917512,20
SSDE,WFG2,10,31,111,4.842011121917512,20
SSDE,WFG2,10,31,112,4.842011121917512,20
SSDE,WFG2,10,31,113,4.842011121917512,20
SSDE,WFG2,10,31,114,4.842011121917512,20
SSDE,WFG2,10,31,115,4.842011121917512,20
SSDE,WFG2,10,31,116,4.842011121917512,20
SSDE,WFG2,10,31,117,4.842011121917512,20
SSDE,WFG2,10,31,118,4.842011121917512,20
SSDE,WFG2,10,31,119,4.842011121917512,20
SSDE,WFG2,10,31,120,4.842011121917512,20
SSDE,WFG2,10,31,121,4.842011121917512,20
SSDE,WFG2,10,31,122,4.842011121917512,20
SSDE,WFG2,10,31,123,4.842011121917512,20
SSDE,WFG2,10,31,124,4.841122644518186,20
SSDE,WFG2,10,31,125,4.841122644518186,20
SSDE,WFG2,10,31,126,4.841122644518186,20
SSDE,WFG2,10,31,127,4.841122644518186,20
SSDE,WFG2,10,31,128,4.764692937138634,20
SSDE,WFG2,10,31,129,4.764692937138634,20
SSDE,WFG2,10,31,130,4.764692937138634,20
SSDE,WFG2,10,31,131,4.764692937138634,20
SSDE,WFG2,10,31,132,4.764679931362675,20
SSDE,WFG2,10,31,133,4.75044826135067,20
SSDE,WFG2,10,31,134,4.653234732518372,20
SSDE,WFG2,10,31,135,4.601614050919401,20
SSDE,WFG2,10,31,136,4.565404617115787,20
SSDE,WFG2,10,31,137,4.559866046927089,20
SSDE,WFG2,10,31,138,4.559866046927089,20
SSDE,WFG2,10,31,139,4.482667940546195,20
SSDE,WFG2,10,31,140,4.335126551613093,20
SSDE,WFG2,10,31,141,4.33057115424972,20
SSDE,WFG2,10,31,142,4.33057115424972,20
SSDE,WFG2,10,31,143,4.212121712453394,20
SSDE,WFG2,10,31,144,4.212121712453394,20
SSDE,WFG2,10,31,145,4.212121712453394,20
SSDE,WFG2,10,31,146,4.212121712453394,20
SSDE,WFG2,10,31,147,4.155177450061172,20
SSDE,WFG2,10,31,148,4.155177450061172,20
SSDE,WFG2,10,31,149,4.155177450061172,20
SSDE,WFG2,10,31,150,4.155177450061172,20
SSDE,WFG2,10,31,151,4.155177450061172,20
SSDE,WFG2,10,31,152,4.155177450061172,20
SSDE,WFG2,10,31,153,4.155177450061172,20
SSDE,WFG2,10,31,154,4.155177450061172,20
SSDE,WFG2,10,31,155,4.155177450061172,20
SSDE,WFG2,10,31,156,4.15516499150447,20
SSDE,WFG2,10,31,157,4.118705979575092,20
SSDE,WFG2,10,31,158,4.060194142253222,20
SSDE,WFG2,10,31,159,4.060194142253222,20
SSDE,WFG2,10,31,160,4.060194142253222,20
SSDE,WFG2,10,31,161,4.060194142253222,20
SSDE,WFG2,10,31,162,4.060194142253222,20
SSDE,WFG2,10,31,163,4.060194142253222,20
SSDE,WFG2,10,31,164,4.060194142253222,20
SSDE,WFG2,10,31,165,3.9928959440751024,20
SSDE,WFG2,10,31,166,3.992746373644856,20
SSDE,WFG2,10,31,167,3.992737102237867,20
SSDE,WFG2,10,31,168,3.992737102237867,20
SSDE,WFG2,10,31,169,3.819188545389212,20
SSDE,WFG2,10,31,170,3.819188545389212,20
SSDE,WFG2,10,31,171,3.819188545389212,20
SSDE,WFG2,10,31,172,3.760306626224606,20
SSDE,WFG2,10,31,173,3.7595723246312964,20
SSDE,WFG2,10,31,174,3.721592511739363,20
SSDE,WFG2,10,31,175,3.7209022811916497,20
SSDE,WFG2,10,31,176,3.7209022811916497,20
SSDE,WFG2,10,31,177,3.695253087171963,20
SSDE,WFG2,10,31,178,3.689031967653404,20
SSDE,WFG2,10,31,179,3.689031967653404,20
SSDE,WFG2,10,31,180,3.6836376050140025,20
SSDE,WFG2,10,31,181,3.5894099314725003,20
SSDE,WFG2,10,31,182,3.5894099314725003,20
SSDE,WFG2,10,31,183,3.5872321642864557,20
SSDE,WFG2,10,31,184,3.5872321642864557,20
SSDE,WFG2,10,31,185,3.5872321642864557,20
SSDE,WFG2,10,31,186,3.5872321642864557,20
SSDE,WFG2,10,31,187,3.5872321642864557,20
SSDE,WFG2,10,31,188,3.5867097404406834,20
SSDE,WFG2,10,31,189,3.5863784488770456,20
SSDE,WFG2,10,31,190,3.5864351171086364,20
SSDE,WFG2,10,31,191,3.584586166597623,20
SSDE,WFG2,10,31,192,3.584586166597623,20
SSDE,WFG2,10,31,193,3.584586166597623,20
SSDE,WFG2,10,31,194,3.584586166597623,20
SSDE,WFG2,10,31,195,3.5845104975371163,20
SSDE,WFG2,10,31,196,3.583402820411524,20
SSDE,WFG2,10,31,197,3.5790846532922003,20
SSDE,WFG2,10,31,198,3.5790846532922003,20
SSDE,WFG2,10,31,199,3.5790846532922003,20
SSDE,WFG2,10,31,200,3.5790419727960296,20
SSDE,WFG2,10,31,201,3.5790419727960296,20
SSDE,WFG2,10,31,202,3.578994788622564,20
SSDE,WFG2,10,31,203,3.5786013075690284,20
SSDE,WFG2,10,31,204,3.5672927937866534,20
SSDE,WFG2,10,31,205,3.5516183696130232,20
SSDE,WFG2,10,31,206,3.5516183696130232,20
SSDE,WFG2,10,31,207,3.5341228210977524,20
SSDE,WFG2,10,31,208,3.5341054430828214,20
SSDE,WFG2,10,31,209,3.53379887498078,20
SSDE,WFG2,10,31,210,3.53379887498078,20
SSDE,WFG2,10,31,211,3.53379887498078,20
SSDE,WFG2,10,31,212,3.515159148159244,20
SSDE,WFG2,10,31,213,3.515159148159244,20
SSDE,WFG2,10,31,214,3.515436669373236,20
SSDE,WFG2,10,31,215,3.5143330664196597,20
SSDE,WFG2,10,31,216,3.5143330664196597,20
SSDE,WFG2,10,31,217,3.5143108547631683,20
SSDE,WFG2,10,31,218,3.5137729083220215,20
SSDE,WFG2,10,31,219,3.5137729083220215,20
SSDE,WFG2,10,31,220,3.51129739552051,20
SSDE,WFG2,10,31,221,3.5112845649231765,20
SSDE,WFG2,10,31,222,3.507880622239149,20
SSDE,WFG2,10,31,223,3.5069984995491352,20
SSDE,WFG2,10,31,224,3.5069984995491352,20
SSDE,WFG2,10,31,225,3.4923632475737776,20
SSDE,WFG2,10,31,226,3.4412522598008146,20
SSDE,WFG2,10,31,227,3.4412522598008146,20
SSDE,WFG2,10,31,228,3.4412522598008146,20
SSDE,WFG2,10,31,229,3.437102865801388,20
SSDE,WFG2,10,31,230,3.4299330651506814,20
SSDE,WFG2,10,31,231,3.429695081645856,20
SSDE,WFG2,10,31,232,3.4292155060767207,20
SSDE,WFG2,10,31,233,3.4292155060767207,20
SSDE,WFG2,10,31,234,3.3994325048588196,20
SSDE,WFG2,10,31,235,3.3994325048588196,20
SSDE,WFG2,10,31,236,3.3988879730327084,20
SSDE,WFG2,10,31,237,3.3988879730327084,20
SSDE,WFG2,10,31,238,3.3949817305630683,20
SSDE,WFG2,10,31,239,3.3948513154843156,20
SSDE,WFG2,10,31,240,3.39463926048134,20
SSDE,WFG2,10,31,241,3.38523739840113,20
SSDE,WFG2,10,31,242,3.3851819323474976,20
SSDE,WFG2,10,31,243,3.3851819323474976,20
SSDE,WFG2,10,31,244,3.383907624494482,20
SSDE,WFG2,10,31,245,3.383907624494482,20
SSDE,WFG2,10,31,246,3.383907624494482,20
SSDE,WFG2,10,31,247,3.383907624494482,20
SSDE,WFG2,10,31,248,3.368855140936393,20
SSDE,WFG2,10,31,249,3.368011102098378,20
SSDE,WFG2,10,31,250,3.3679929177982735,20
SSDE,WFG2,10,31,251,3.366573829189428,20
SSDE,WFG2,10,31,252,3.366557618426935,20
SSDE,WFG2,10,31,253,3.366500247470872,20
SSDE,WFG2,10,31,254,3.3658969721031307,20
SSDE,WFG2,10,31,255,3.3658959251521745,20
SSDE,WFG2,10,31,256,3.3600420906208868,20
SSDE,WFG2,10,31,257,3.360035428022686,20
SSDE,WFG2,10,31,258,3.3600736585076247,20
SSDE,WFG2,10,31,259,3.3369624550566135,20
SSDE,WFG2,10,31,260,3.3369624550566135,20
SSDE,WFG2,10,31,261,3.3369624550566135,20
SSDE,WFG2,10,31,262,3.3369624550566135,20
SSDE,WFG2,10,31,263,3.3315348531946634,20
SSDE,WFG2,10,31,264,3.3315348531946634,20
SSDE,WFG2,10,31,265,3.3315348531946634,20
SSDE,WFG2,10,31,266,3.327781750856721,20
SSDE,WFG2,10,31,267,3.3281575199814375,20
SSDE,WFG2,10,31,268,3.1608801641219966,20
SSDE,WFG2,10,31,269,3.1623832033024035,20
SSDE,WFG2,10,31,270,3.1623790516795585,20
SSDE,WFG2,10,31,271,3.1608336605792435,20
SSDE,WFG2,10,31,272,3.1621338967443946,20
SSDE,WFG2,10,31,273,3.160197081141889,20
SSDE,WFG2,10,31,274,3.1598619177704,20
SSDE,WFG2,10,31,275,3.1598619177704,20
SSDE,WFG2,10,31,276,3.1596608063223575,20
SSDE,WFG2,10,31,277,3.159300940247105,20
SSDE,WFG2,10,31,278,3.158263383980759,20
SSDE,WFG2,10,31,279,3.1582506785000897,20
SSDE,WFG2,10,31,280,3.1582506785000897,20
SSDE,WFG2,10,31,281,3.1582506785000897,20
SSDE,WFG2,10,31,282,3.1575074126095,20
SSDE,WFG2,10,31,283,3.157316712585341,20
SSDE,WFG2,10,31,284,3.157316712585341,20
SSDE,WFG2,10,31,285,3.123040877547229,20
SSDE,WFG2,10,31,286,3.1022338226897688,20
SSDE,WFG2,10,31,287,3.0788528225806098,20
SSDE,WFG2,10,31,288,3.0330524574490525,20
SSDE,WFG2,10,31,289,3.021995614692208,20
SSDE,WFG2,10,31,290,3.020597581566451,20
SSDE,WFG2,10,31,291,3.020597581566451,20
SSDE,WFG2,10,31,292,3.020841648298319,20
SSDE,WFG2,10,31,293,3.021743392928833,20
SSDE,WFG2,10,31,294,3.021743392928833,20
SSDE,WFG2,10,31,295,2.9943304091369423,20
SSDE,WFG2,10,31,296,2.9938460294501725,20
SSDE,WFG2,10,31,297,2.9938460294501725,20
SSDE,WFG2,10,31,298,2.9938111380367163,20
SSDE,WFG2,10,31,299,2.995442843349167,20
SSDE,WFG2,10,31,300,2.995346086667439,20
SSDE,WFG2,10,31,301,2.9954466350372075,20
SSDE,WFG2,10,31,302,2.9954511835461473,20
SSDE,WFG2,10,31,303,2.995426112710299,20
SSDE,WFG2,10,31,304,2.995682523437495,20
SSDE,WFG2,10,31,305,2.9970319586060827,20
SSDE,WFG2,10,31,306,2.9970319586060827,20
SSDE,WFG2,10,31,307,2.969676594881815,20
SSDE,WFG2,10,31,308,2.9697134654365196,20
SSDE,WFG2,10,31,309,2.963768945680355,20
SSDE,WFG2,10,31,310,2.957419698586352,20
SSDE,WFG2,10,31,311,2.918930727373089,20
SSDE,WFG2,10,31,312,2.918930789140594,20
SSDE,WFG2,10,31,313,2.918930789140594,20
SSDE,WFG2,10,31,314,2.919899999850382,20
SSDE,WFG2,10,31,315,2.912030489160677,20
SSDE,WFG2,10,31,316,2.9120122368927115,20
SSDE,WFG2,10,31,317,2.943973832908479,20
SSDE,WFG2,10,31,318,2.942291750581163,20
SSDE,WFG2,10,31,319,2.9069954111720877,20
SSDE,WFG2,10,31,320,2.9069283227327833,20
SSDE,WFG2,10,31,321,2.9069283227327833,20
SSDE,WFG2,10,31,322,2.906924024268858,20
SSDE,WFG2,10,31,323,2.906924024268858,20
SSDE,WFG2,10,31,324,2.906921495956212,20
SSDE,WFG2,10,31,325,2.8980037971166186,20
SSDE,WFG2,10,31,326,2.8975729462460618,20
SSDE,WFG2,10,31,327,2.923217647282009,20
SSDE,WFG2,10,31,328,2.924261415772862,20
SSDE,WFG2,10,31,329,2.924261415772862,20
SSDE,WFG2,10,31,330,2.9582188665185805,20
SSDE,WFG2,10,31,331,2.928212600324142,20
SSDE,WFG2,10,31,332,2.9203278497604943,20
SSDE,WFG2,10,31,333,2.921034680433505,20
SSDE,WFG2,10,31,334,2.9207850641364175,20
SSDE,WFG2,10,31,335,2.9207554255451615,20
SSDE,WFG2,10,31,336,2.9029464769308904,20
SSDE,WFG2,10,31,337,2.9029464769308904,20
SSDE,WFG2,10,31,338,2.903582202020648,20
SSDE,WFG2,10,31,339,2.893110221962675,20
SSDE,WFG2,10,31,340,2.8931666211609803,20
SSDE,WFG2,10,31,341,2.8931666211609803,20
SSDE,WFG2,10,31,342,2.8934381210880855,20
SSDE,WFG2,10,31,343,2.89096313664048,20
SSDE,WFG2,10,31,344,2.89096313664048,20
SSDE,WFG2,10,31,345,2.8829809098040005,20
SSDE,WFG2,10,31,346,2.8829809098040005,20
SSDE,WFG2,10,31,347,2.8734415500334998,20
SSDE,WFG2,10,31,348,2.862059016570065,20
SSDE,WFG2,10,31,349,2.866596291390205,20
SSDE,WFG2,10,31,350,2.8665813049198365,20
SSDE,WFG2,10,31,351,2.8659560400121364,20
SSDE,WFG2,10,31,352,2.865954012530228,20
SSDE,WFG2,10,31,353,2.8596095359723885,20
SSDE,WFG2,10,31,354,2.8594231009159223,20
SSDE,WFG2,10,31,355,2.841651032480777,20
SSDE,WFG2,10,31,356,2.841568033916666,20
SSDE,WFG2,10,31,357,2.8198877423660145,20
SSDE,WFG2,10,31,358,2.8195917066363276,20
SSDE,WFG2,10,31,359,2.8180761601385043,20
SSDE,WFG2,10,31,360,2.815669659397469,20
SSDE,WFG2,10,31,361,2.815669659397469,20
SSDE,WFG2,10,31,362,2.8155652397585476,20
SSDE,WFG2,10,31,363,2.8155652397585476,20
SSDE,WFG2,10,31,364,2.813527733977807,20
SSDE,WFG2,10,31,365,2.813527733977807,20
SSDE,WFG2,10,31,366,2.8053253312846627,20
SSDE,WFG2,10,31,367,2.8033232419182577,20
SSDE,WFG2,10,31,368,2.806222349599988,20
SSDE,WFG2,10,31,369,2.8012428330827097,20
SSDE,WFG2,10,31,370,2.7825169907927028,20
SSDE,WFG2,10,31,371,2.7893819400330777,20
SSDE,WFG2,10,31,372,2.789378867036541,20
SSDE,WFG2,10,31,373,2.789378867036541,20
SSDE,WFG2,10,31,374,2.7893841695732715,20
SSDE,WFG2,10,31,375,2.7893841695732715,20
SSDE,WFG2,10,31,376,2.7893705940479006,20
SSDE,WFG2,10,31,377,2.7893705940479006,20
SSDE,WFG2,10,31,378,2.790404430000515,20
SSDE,WFG2,10,31,379,2.790404430000515,20
SSDE,WFG2,10,31,380,2.7887568004852765,20
SSDE,WFG2,10,31,381,2.7886815757307097,20
SSDE,WFG2,10,31,382,2.7893889530898166,20
SSDE,WFG2,10,31,383,2.793898619943318,20
SSDE,WFG2,10,31,384,2.8146546443997407,20
SSDE,WFG2,10,31,385,2.7866509688946954,20
SSDE,WFG2,10,31,386,2.7664061012129357,20
SSDE,WFG2,10,31,387,2.7694184240801802,20
SSDE,WFG2,10,31,388,2.7781593929393917,20
SSDE,WFG2,10,31,389,2.7775235312627666,20
SSDE,WFG2,10,31,390,2.776878132220083,20
SSDE,WFG2,10,31,391,2.776721343069297,20
SSDE,WFG2,10,31,392,2.7767357370089103,20
SSDE,WFG2,10,31,393,2.7767526805746545,20
SSDE,WFG2,10,31,394,2.7759406608574517,20
SSDE,WFG2,10,31,395,2.7680092013903437,20
SSDE,WFG2,10,31,396,2.769081546305649,20
SSDE,WFG2,10,31,397,2.7968892398966387,20
SSDE,WFG2,10,31,398,2.78869680909962,20
SSDE,WFG2,10,31,399,2.78869680909962,20
SSDE,WFG2,10,31,400,2.78869680909962,20
SSDE,WFG2,10,31,401,2.7886763554851295,20
SSDE,WFG2,10,31,402,2.7867821733869986,20
SSDE,WFG2,10,31,403,2.786781662659479,20
SSDE,WFG2,10,31,404,2.7868314193430157,20
SSDE,WFG2,10,31,405,2.7867434656071635,20
SSDE,WFG2,10,31,406,2.7856814794570743,20
SSDE,WFG2,10,31,407,2.764050961153525,20
SSDE,WFG2,10,31,408,2.7640398913905315,20
SSDE,WFG2,10,31,409,2.7640396499738022,20
SSDE,WFG2,10,31,410,2.7642273578740832,20
SSDE,WFG2,10,31,411,2.7642273578740832,20
SSDE,WFG2,10,31,412,2.7642273578740832,20
SSDE,WFG2,10,31,413,2.764189578834045,20
SSDE,WFG2,10,31,414,2.764189578834045,20
SSDE,WFG2,10,31,415,2.764189578834045,20
SSDE,WFG2,10,31,416,2.7657722580394943,20
SSDE,WFG2,10,31,417,2.7657722580394943,20
SSDE,WFG2,10,31,418,2.7657722580394943,20
SSDE,WFG2,10,31,419,2.7411220791492314,20
SSDE,WFG2,10,31,420,2.7307474545777044,20
SSDE,WFG2,10,31,421,2.7424379642703167,20
SSDE,WFG2,10,31,422,2.7166940045747503,20
SSDE,WFG2,10,31,423,2.718372131447091,20
SSDE,WFG2,10,31,424,2.70793989552227,20
SSDE,WFG2,10,31,425,2.7081842204919364,20
SSDE,WFG2,10,31,426,2.7082170651547055,20
SSDE,WFG2,10,31,427,2.707799630620234,20
SSDE,WFG2,10,31,428,2.707799630620234,20
SSDE,WFG2,10,31,429,2.707799630620234,20
SSDE,WFG2,10,31,430,2.707799630620234,20
SSDE,WFG2,10,31,431,2.7068865197927696,20
SSDE,WFG2,10,31,432,2.7068865197927696,20
SSDE,WFG2,10,31,433,2.7071043458467376,20
SSDE,WFG2,10,31,434,2.7122299251023305,20
SSDE,WFG2,10,31,435,2.712070587140765,20
SSDE,WFG2,10,31,436,2.711316802805361,20
SSDE,WFG2,10,31,437,2.7117390696701262,20
SSDE,WFG2,10,31,438,2.7251392195230792,20
SSDE,WFG2,10,31,439,2.7251392195230792,20
SSDE,WFG2,10,31,440,2.7252665793027786,20
SSDE,WFG2,10,31,441,2.712720478481019,20
SSDE,WFG2,10,31,442,2.712720478481019,20
SSDE,WFG2,10,31,443,2.712715674575614,20
SSDE,WFG2,10,31,444,2.7128435712899845,20
SSDE,WFG2,10,31,445,2.7097914792841302,20
SSDE,WFG2,10,31,446,2.7103643721596495,20
SSDE,WFG2,10,31,447,2.7103643721596495,20
SSDE,WFG2,10,31,448,2.7103300790704976,20
SSDE,WFG2,10,31,449,2.708708784194136,20
SSDE,WFG2,10,31,450,2.7010096983533076,20
SSDE,WFG2,10,31,451,2.6915689204788684,20
SSDE,WFG2,10,31,452,2.694075357741164,20
SSDE,WFG2,10,31,453,2.6839823444284336,20
SSDE,WFG2,10,31,454,2.6837274239468796,20
SSDE,WFG2,10,31,455,2.6715452525540737,20
SSDE,WFG2,10,31,456,2.671814980995083,20
SSDE,WFG2,10,31,457,2.6860813728598414,20
SSDE,WFG2,10,31,458,2.6858641614959096,20
SSDE,WFG2,10,31,459,2.6858758337059037,20
SSDE,WFG2,10,31,460,2.7097614308819202,20
SSDE,WFG2,10,31,461,2.7097614308819202,20
SSDE,WFG2,10,31,462,2.6842105843916757,20
SSDE,WFG2,10,31,463,2.6842105843916757,20
SSDE,WFG2,10,31,464,2.6720046253521357,20
SSDE,WFG2,10,31,465,2.68159488996763,20
SSDE,WFG2,10,31,466,2.680217811101861,20
SSDE,WFG2,10,31,467,2.6741499151254144,20
SSDE,WFG2,10,31,468,2.673970360693396,20
SSDE,WFG2,10,31,469,2.672706184370644,20
SSDE,WFG2,10,31,470,2.672730631501332,20
SSDE,WFG2,10,31,471,2.6725083436460784,20
SSDE,WFG2,10,31,472,2.6522484477077013,20
SSDE,WFG2,10,31,473,2.651899697931048,20
SSDE,WFG2,10,31,474,2.651899697931048,20
SSDE,WFG2,10,31,475,2.6744060386246935,20
SSDE,WFG2,10,31,476,2.6744060386246935,20
SSDE,WFG2,10,31,477,2.673866789738378,20
SSDE,WFG2,10,31,478,2.6733935254636636,20
SSDE,WFG2,10,31,479,2.6667710460628196,20
SSDE,WFG2,10,31,480,2.6516654382107534,20
SSDE,WFG2,10,31,481,2.6610191685699935,20
SSDE,WFG2,10,31,482,2.6808772648330317,20
SSDE,WFG2,10,31,483,2.6808772648330317,20
SSDE,WFG2,10,31,484,2.6808772648330317,20
SSDE,WFG2,10,31,485,2.675189542747329,20
SSDE,WFG2,10,31,486,2.675189542747329,20
SSDE,WFG2,10,31,487,2.6736177545043507,20
SSDE,WFG2,10,31,488,2.6736177545043507,20
SSDE,WFG2,10,31,489,2.6736177545043507,20
SSDE,WFG2,10,31,490,2.6736177545043507,20
SSDE,WFG2,10,31,491,2.672382026615168,20
SSDE,WFG2,10,31,492,2.6744433000556898,20
SSDE,WFG2,10,31,493,2.6746415148277687,20
SSDE,WFG2,10,31,494,2.6739304696379547,20
SSDE,WFG2,10,31,495,2.6726647536537183,20
SSDE,WFG2,10,31,496,2.6726647536537183,20
SSDE,WFG2,10,31,497,2.6734014267468895,20
SSDE,WFG2,10,31,498,2.674379056381154,20
SSDE,WFG2,10,31,499,2.674379056381154,20
SSDE,WFG2,10,31,500,2.674379056381154,20
SAMOEATL2M,WFG2,10,31,340,3.7801671620887474,20
SAMOEATL2M,WFG2,10,31,341,3.7801671620887474,20
SAMOEATL2M,WFG2,10,31,342,3.7801671620887474,20
SAMOEATL2M,WFG2,10,31,343,3.7801671620887474,20
SAMOEATL2M,WFG2,10,31,344,3.7801671620887474,20
SAMOEATL2M,WFG2,10,31,345,3.6722679279508625,20
SAMOEATL2M,WFG2,10,31,346,3.6722679279508625,20
SAMOEATL2M,WFG2,10,31,347,3.6722679279508625,20
SAMOEATL2M,WFG2,10,31,348,3.6722679279508625,20
SAMOEATL2M,WFG2,10,31,349,3.6722679279508625,20
SAMOEATL2M,WFG2,10,31,350,3.570724244576059,20
SAMOEATL2M,WFG2,10,31,351,3.570724244576059,20
SAMOEATL2M,WFG2,10,31,352,3.570724244576059,20
SAMOEATL2M,WFG2,10,31,353,3.570724244576059,20
SAMOEATL2M,WFG2,10,31,354,3.570724244576059,20
SAMOEATL2M,WFG2,10,31,355,3.5458676588995117,20
SAMOEATL2M,WFG2,10,31,356,3.5458676588995117,20
SAMOEATL2M,WFG2,10,31,357,3.5458676588995117,20
SAMOEATL2M,WFG2,10,31,358,3.5458676588995117,20
SAMOEATL2M,WFG2,10,31,359,3.5458676588995117,20
SAMOEATL2M,WFG2,10,31,360,3.540618324654288,20
SAMOEATL2M,WFG2,10,31,361,3.540618324654288,20
SAMOEATL2M,WFG2,10,31,362,3.540618324654288,20
SAMOEATL2M,WFG2,10,31,363,3.540618324654288,20
SAMOEATL2M,WFG2,10,31,364,3.540618324654288,20
SAMOEATL2M,WFG2,10,31,365,3.516061946142495,20
SAMOEATL2M,WFG2,10,31,366,3.516061946142495,20
SAMOEATL2M,WFG2,10,31,367,3.516061946142495,20
SAMOEATL2M,WFG2,10,31,368,3.516061946142495,20
SAMOEATL2M,WFG2,10,31,369,3.516061946142495,20
SAMOEATL2M,WFG2,10,31,370,3.5135973312262507,20
SAMOEATL2M,WFG2,10,31,371,3.5135973312262507,20
SAMOEATL2M,WFG2,10,31,372,3.5135973312262507,20
SAMOEATL2M,WFG2,10,31,373,3.5135973312262507,20
SAMOEATL2M,WFG2,10,31,374,3.5135973312262507,20
SAMOEATL2M,WFG2,10,31,375,3.496682198392821,20
SAMOEATL2M,WFG2,10,31,376,3.496682198392821,20
SAMOEATL2M,WFG2,10,31,377,3.496682198392821,20
SAMOEATL2M,WFG2,10,31,378,3.496682198392821,20
SAMOEATL2M,WFG2,10,31,379,3.496682198392821,20
SAMOEATL2M,WFG2,10,31,380,3.3910912911247033,20
SAMOEATL2M,WFG2,10,31,381,3.3910912911247033,20
SAMOEATL2M,WFG2,10,31,382,3.3910912911247033,20
SAMOEATL2M,WFG2,10,31,383,3.3910912911247033,20
SAMOEATL2M,WFG2,10,31,384,3.3910912911247033,20
SAMOEATL2M,WFG2,10,31,385,3.315046381138937,20
SAMOEATL2M,WFG2,10,31,386,3.315046381138937,20
SAMOEATL2M,WFG2,10,31,387,3.315046381138937,20
SAMOEATL2M,WFG2,10,31,388,3.315046381138937,20
SAMOEATL2M,WFG2,10,31,389,3.315046381138937,20
SAMOEATL2M,WFG2,10,31,390,3.311262215086405,20
SAMOEATL2M,WFG2,10,31,391,3.311262215086405,20
SAMOEATL2M,WFG2,10,31,392,3.311262215086405,20
SAMOEATL2M,WFG2,10,31,393,3.311262215086405,20
SAMOEATL2M,WFG2,10,31,394,3.311262215086405,20
SAMOEATL2M,WFG2,10,31,395,3.3103495519790114,20
SAMOEATL2M,WFG2,10,31,396,3.3103495519790114,20
SAMOEATL2M,WFG2,10,31,397,3.3103495519790114,20
SAMOEATL2M,WFG2,10,31,398,3.3103495519790114,20
SAMOEATL2M,WFG2,10,31,399,3.3103495519790114,20
SAMOEATL2M,WFG2,10,31,400,3.30541647118903,20
SAMOEATL2M,WFG2,10,31,401,3.30541647118903,20
SAMOEATL2M,WFG2,10,31,402,3.30541647118903,20
SAMOEATL2M,WFG2,10,31,403,3.30541647118903,20
SAMOEATL2M,WFG2,10,31,404,3.30541647118903,20
SAMOEATL2M,WFG2,10,31,405,3.296120515887347,20
SAMOEATL2M,WFG2,10,31,406,3.296120515887347,20
SAMOEATL2M,WFG2,10,31,407,3.296120515887347,20
SAMOEATL2M,WFG2,10,31,408,3.296120515887347,20
SAMOEATL2M,WFG2,10,31,409,3.296120515887347,20
SAMOEATL2M,WFG2,10,31,410,3.29259203156093,20
SAMOEATL2M,WFG2,10,31,411,3.29259203156093,20
SAMOEATL2M,WFG2,10,31,412,3.29259203156093,20
SAMOEATL2M,WFG2,10,31,413,3.29259203156093,20
SAMOEATL2M,WFG2,10,31,414,3.29259203156093,20
SAMOEATL2M,WFG2,10,31,415,3.28669080937249,20
SAMOEATL2M,WFG2,10,31,416,3.28669080937249,20
SAMOEATL2M,WFG2,10,31,417,3.28669080937249,20
SAMOEATL2M,WFG2,10,31,418,3.28669080937249,20
SAMOEATL2M,WFG2,10,31,419,3.28669080937249,20
SAMOEATL2M,WFG2,10,31,420,3.2810500402320506,20
SAMOEATL2M,WFG2,10,31,421,3.2810500402320506,20
SAMOEATL2M,WFG2,10,31,422,3.2810500402320506,20
SAMOEATL2M,WFG2,10,31,423,3.2810500402320506,20
SAMOEATL2M,WFG2,10,31,424,3.2810500402320506,20
SAMOEATL2M,WFG2,10,31,425,3.2790054958696118,20
SAMOEATL2M,WFG2,10,31,426,3.2790054958696118,20
SAMOEATL2M,WFG2,10,31,427,3.2790054958696118,20
SAMOEATL2M,WFG2,10,31,428,3.2790054958696118,20
SAMOEATL2M,WFG2,10,31,429,3.2790054958696118,20
SAMOEATL2M,WFG2,10,31,430,3.266241594956849,20
SAMOEATL2M,WFG2,10,31,431,3.266241594956849,20
SAMOEATL2M,WFG2,10,31,432,3.266241594956849,20
SAMOEATL2M,WFG2,10,31,433,3.266241594956849,20
SAMOEATL2M,WFG2,10,31,434,3.266241594956849,20
SAMOEATL2M,WFG2,10,31,435,3.2613843720262006,20
SAMOEATL2M,WFG2,10,31,436,3.2613843720262006,20
SAMOEATL2M,WFG2,10,31,437,3.2613843720262006,20
SAMOEATL2M,WFG2,10,31,438,3.2613843720262006,20
SAMOEATL2M,WFG2,10,31,439,3.2613843720262006,20
SAMOEATL2M,WFG2,10,31,440,3.260460954259871,20
SAMOEATL2M,WFG2,10,31,441,3.260460954259871,20
SAMOEATL2M,WFG2,10,31,442,3.260460954259871,20
SAMOEATL2M,WFG2,10,31,443,3.260460954259871,20
SAMOEATL2M,WFG2,10,31,444,3.260460954259871,20
SAMOEATL2M,WFG2,10,31,445,3.2563434558753634,20
SAMOEATL2M,WFG2,10,31,446,3.2563434558753634,20
SAMOEATL2M,WFG2,10,31,447,3.2563434558753634,20
SAMOEATL2M,WFG2,10,31,448,3.2563434558753634,20
SAMOEATL2M,WFG2,10,31,449,3.2563434558753634,20
SAMOEATL2M,WFG2,10,31,450,3.2558932483240914,20
SAMOEATL2M,WFG2,10,31,451,3.2558932483240914,20
SAMOEATL2M,WFG2,10,31,452,3.2558932483240914,20
SAMOEATL2M,WFG2,10,31,453,3.2558932483240914,20
SAMOEATL2M,WFG2,10,31,454,3.2558932483240914,20
SAMOEATL2M,WFG2,10,31,455,3.2537090728801585,20
SAMOEATL2M,WFG2,10,31,456,3.2537090728801585,20
SAMOEATL2M,WFG2,10,31,457,3.2537090728801585,20
SAMOEATL2M,WFG2,10,31,458,3.2537090728801585,20
SAMOEATL2M,WFG2,10,31,459,3.2537090728801585,20
SAMOEATL2M,WFG2,10,31,460,3.238130955279792,20
SAMOEATL2M,WFG2,10,31,461,3.238130955279792,20
SAMOEATL2M,WFG2,10,31,462,3.238130955279792,20
SAMOEATL2M,WFG2,10,31,463,3.238130955279792,20
SAMOEATL2M,WFG2,10,31,464,3.238130955279792,20
SAMOEATL2M,WFG2,10,31,465,3.2369982931936283,20
SAMOEATL2M,WFG2,10,31,466,3.2369982931936283,20
SAMOEATL2M,WFG2,10,31,467,3.2369982931936283,20
SAMOEATL2M,WFG2,10,31,468,3.2369982931936283,20
SAMOEATL2M,WFG2,10,31,469,3.2369982931936283,20
SAMOEATL2M,WFG2,10,31,470,3.2357660125176877,20
SAMOEATL2M,WFG2,10,31,471,3.2357660125176877,20
SAMOEATL2M,WFG2,10,31,472,3.2357660125176877,20
SAMOEATL2M,WFG2,10,31,473,3.2357660125176877,20
SAMOEATL2M,WFG2,10,31,474,3.2357660125176877,20
SAMOEATL2M,WFG2,10,31,475,3.189972314825473,20
SAMOEATL2M,WFG2,10,31,476,3.189972314825473,20
SAMOEATL2M,WFG2,10,31,477,3.189972314825473,20
SAMOEATL2M,WFG2,10,31,478,3.189972314825473,20
SAMOEATL2M,WFG2,10,31,479,3.189972314825473,20
SAMOEATL2M,WFG2,10,31,480,3.1877679371940144,20
SAMOEATL2M,WFG2,10,31,481,3.1877679371940144,20
SAMOEATL2M,WFG2,10,31,482,3.1877679371940144,20
SAMOEATL2M,WFG2,10,31,483,3.1877679371940144,20
SAMOEATL2M,WFG2,10,31,484,3.1877679371940144,20
SAMOEATL2M,WFG2,10,31,485,3.1877679371940144,20
SAMOEATL2M,WFG2,10,31,486,3.1877679371940144,20
SAMOEATL2M,WFG2,10,31,487,3.1877679371940144,20
SAMOEATL2M,WFG2,10,31,488,3.1877679371940144,20
SAMOEATL2M,WFG2,10,31,489,3.1877679371940144,20
SAMOEATL2M,WFG2,10,31,490,3.1877679371940144,20
SAMOEATL2M,WFG2,10,31,491,3.1877679371940144,20
SAMOEATL2M,WFG2,10,31,492,3.1877679371940144,20
SAMOEATL2M,WFG2,10,31,493,3.1877679371940144,20
SAMOEATL2M,WFG2,10,31,494,3.1877679371940144,20
SAMOEATL2M,WFG2,10,31,495,3.1877679371940144,20
SAMOEATL2M,WFG2,10,31,496,3.1877679371940144,20
SAMOEATL2M,WFG2,10,31,497,3.1877679371940144,20
SAMOEATL2M,WFG2,10,31,498,3.1877679371940144,20
SAMOEATL2M,WFG2,10,31,499,3.1877679371940144,20
SAMOEATL2M,WFG2,10,31,500,3.1734185322175668,20
REMO_UniformMix_Pruned_Weighted_Lambdat030_NoBatchDist,WFG7,10,30,100,8.16428244947648,20
REMO_UniformMix_Pruned_Weighted_Lambdat030_NoBatchDist,WFG7,10,30,101,8.16428244947648,20
REMO_UniformMix_Pruned_Weighted_Lambdat030_NoBatchDist,WFG7,10,30,102,8.16428244947648,20
REMO_UniformMix_Pruned_Weighted_Lambdat030_NoBatchDist,WFG7,10,30,103,8.16428244947648,20
REMO_UniformMix_Pruned_Weighted_Lambdat030_NoBatchDist,WFG7,10,30,104,8.16428244947648,20
REMO_UniformMix_Pruned_Weighted_Lambdat030_NoBatchDist,WFG7,10,30,105,8.16428244947648,20
REMO_UniformMix_Pruned_Weighted_Lambdat030_NoBatchDist,WFG7,10,30,106,7.703088416702632,20
REMO_UniformMix_Pruned_Weighted_Lambdat030_NoBatchDist,WFG7,10,30,107,7.703088416702632,20
REMO_UniformMix_Pruned_Weighted_Lambdat030_NoBatchDist,WFG7,10,30,108,7.703088416702632,20
REMO_UniformMix_Pruned_Weighted_Lambdat030_NoBatchDist,WFG7,10,30,109,7.703088416702632,20
REMO_UniformMix_Pruned_Weighted_Lambdat030_NoBatchDist,WFG7,10,30,110,7.703088416702632,20
REMO_UniformMix_Pruned_Weighted_Lambdat030_NoBatchDist,WFG7,10,30,111,7.703088416702632,20
REMO_UniformMix_Pruned_Weighted_Lambdat030_NoBatchDist,WFG7,10,30,112,7.378713322953462,20
REMO_UniformMix_Pruned_Weighted_Lambdat030_NoBatchDist,WFG7,10,30,113,7.378713322953462,20
REMO_UniformMix_Pruned_Weighted_Lambdat030_NoBatchDist,WFG7,10,30,114,7.378713322953462,20
REMO_UniformMix_Pruned_Weighted_Lambdat030_NoBatchDist,WFG7,10,30,115,7.378713322953462,20
REMO_UniformMix_Pruned_Weighted_Lambdat030_NoBatchDist,WFG7,10,30,116,7.378713322953462,20
REMO_UniformMix_Pruned_Weighted_Lambdat030_NoBatchDist,WFG7,10,30,117,7.378713322953462,20
REMO_UniformMix_Pruned_Weighted_Lambdat030_NoBatchDist,WFG7,10,30,118,7.168743627514923,20
REMO_UniformMix_Pruned_Weighted_Lambdat030_NoBatchDist,WFG7,10,30,119,7.168743627514923,20
REMO_UniformMix_Pruned_Weighted_Lambdat030_NoBatchDist,WFG7,10,30,120,7.168743627514923,20
REMO_UniformMix_Pruned_Weighted_Lambdat030_NoBatchDist,WFG7,10,30,121,7.168743627514923,20
REMO_UniformMix_Pruned_Weighted_Lambdat030_NoBatchDist,WFG7,10,30,122,7.168743627514923,20
REMO_UniformMix_Pruned_Weighted_Lambdat030_NoBatchDist,WFG7,10,30,123,7.168743627514923,20
REMO_UniformMix_Pruned_Weighted_Lambdat030_NoBatchDist,WFG7,10,30,124,6.9501248360191425,20
REMO_UniformMix_Pruned_Weighted_Lambdat030_NoBatchDist,WFG7,10,30,125,6.9501248360191425,20
REMO_UniformMix_Pruned_Weighted_Lambdat030_NoBatchDist,WFG7,10,30,126,6.9501248360191425,20
REMO_UniformMix_Pruned_Weighted_Lambdat030_NoBatchDist,WFG7,10,30,127,6.9501248360191425,20
REMO_UniformMix_Pruned_Weighted_Lambdat030_NoBatchDist,WFG7,10,30,128,6.9501248360191425,20
REMO_UniformMix_Pruned_Weighted_Lambdat030_NoBatchDist,WFG7,10,30,129,6.9501248360191425,20
REMO_UniformMix_Pruned_Weighted_Lambdat030_NoBatchDist,WFG7,10,30,130,6.6148040446685625,20
REMO_UniformMix_Pruned_Weighted_Lambdat030_NoBatchDist,WFG7,10,30,131,6.6148040446685625,20
REMO_UniformMix_Pruned_Weighted_Lambdat030_NoBatchDist,WFG7,10,30,132,6.6148040446685625,20
REMO_UniformMix_Pruned_Weighted_Lambdat030_NoBatchDist,WFG7,10,30,133,6.6148040446685625,20
REMO_UniformMix_Pruned_Weighted_Lambdat030_NoBatchDist,WFG7,10,30,134,6.6148040446685625,20
REMO_UniformMix_Pruned_Weighted_Lambdat030_NoBatchDist,WFG7,10,30,135,6.6148040446685625,20
REMO_UniformMix_Pruned_Weighted_Lambdat030_NoBatchDist,WFG7,10,30,136,6.322285473535473,20
REMO_UniformMix_Pruned_Weighted_Lambdat030_NoBatchDist,WFG7,10,30,137,6.322285473535473,20
REMO_UniformMix_Pruned_Weighted_Lambdat030_NoBatchDist,WFG7,10,30,138,6.322285473535473,20
REMO_UniformMix_Pruned_Weighted_Lambdat030_NoBatchDist,WFG7,10,30,139,6.322285473535473,20
REMO_UniformMix_Pruned_Weighted_Lambdat030_NoBatchDist,WFG7,10,30,140,6.322285473535473,20
REMO_UniformMix_Pruned_Weighted_Lambdat030_NoBatchDist,WFG7,10,30,141,6.322285473535473,20
REMO_UniformMix_Pruned_Weighted_Lambdat030_NoBatchDist,WFG7,10,30,142,6.137495021513457,20
REMO_UniformMix_Pruned_Weighted_Lambdat030_NoBatchDist,WFG7,10,30,143,6.137495021513457,20
REMO_UniformMix_Pruned_Weighted_Lambdat030_NoBatchDist,WFG7,10,30,144,6.137495021513457,20
REMO_UniformMix_Pruned_Weighted_Lambdat030_NoBatchDist,WFG7,10,30,145,6.137495021513457,20
REMO_UniformMix_Pruned_Weighted_Lambdat030_NoBatchDist,WFG7,10,30,146,6.137495021513457,20
REMO_UniformMix_Pruned_Weighted_Lambdat030_NoBatchDist,WFG7,10,30,147,6.137495021513457,20
REMO_UniformMix_Pruned_Weighted_Lambdat030_NoBatchDist,WFG7,10,30,148,5.956642391657643,20
REMO_UniformMix_Pruned_Weighted_Lambdat030_NoBatchDist,WFG7,10,30,149,5.956642391657643,20
REMO_UniformMix_Pruned_Weighted_Lambdat030_NoBatchDist,WFG7,10,30,150,5.956642391657643,20
REMO_UniformMix_Pruned_Weighted_Lambdat030_NoBatchDist,WFG7,10,30,151,5.956642391657643,20
REMO_UniformMix_Pruned_Weighted_Lambdat030_NoBatchDist,WFG7,10,30,152,5.956642391657643,20
REMO_UniformMix_Pruned_Weighted_Lambdat030_NoBatchDist,WFG7,10,30,153,5.956642391657643,20
REMO_UniformMix_Pruned_Weighted_Lambdat030_NoBatchDist,WFG7,10,30,154,5.956642391657643,20
REMO_UniformMix_Pruned_Weighted_Lambdat030_NoBatchDist,WFG7,10,30,155,5.956642391657643,20
REMO_UniformMix_Pruned_Weighted_Lambdat030_NoBatchDist,WFG7,10,30,156,5.956642391657643,20
REMO_UniformMix_Pruned_Weighted_Lambdat030_NoBatchDist,WFG7,10,30,157,5.956642391657643,20
REMO_UniformMix_Pruned_Weighted_Lambdat030_NoBatchDist,WFG7,10,30,158,5.956642391657643,20
REMO_UniformMix_Pruned_Weighted_Lambdat030_NoBatchDist,WFG7,10,30,159,5.956642391657643,20
REMO_UniformMix_Pruned_Weighted_Lambdat030_NoBatchDist,WFG7,10,30,160,5.956642391657643,20
REMO_UniformMix_Pruned_Weighted_Lambdat030_NoBatchDist,WFG7,10,30,161,5.956642391657643,20
REMO_UniformMix_Pruned_Weighted_Lambdat030_NoBatchDist,WFG7,10,30,162,5.956642391657643,20
REMO_UniformMix_Pruned_Weighted_Lambdat030_NoBatchDist,WFG7,10,30,163,5.956642391657643,20
REMO_UniformMix_Pruned_Weighted_Lambdat030_NoBatchDist,WFG7,10,30,164,5.956642391657643,20
REMO_UniformMix_Pruned_Weighted_Lambdat030_NoBatchDist,WFG7,10,30,165,5.956642391657643,20
REMO_UniformMix_Pruned_Weighted_Lambdat030_NoBatchDist,WFG7,10,30,166,5.430791510389733,20
REMO_UniformMix_Pruned_Weighted_Lambdat030_NoBatchDist,WFG7,10,30,167,5.430791510389733,20
REMO_UniformMix_Pruned_Weighted_Lambdat030_NoBatchDist,WFG7,10,30,168,5.430791510389733,20
REMO_UniformMix_Pruned_Weighted_Lambdat030_NoBatchDist,WFG7,10,30,169,5.430791510389733,20
REMO_UniformMix_Pruned_Weighted_Lambdat030_NoBatchDist,WFG7,10,30,170,5.430791510389733,20
REMO_UniformMix_Pruned_Weighted_Lambdat030_NoBatchDist,WFG7,10,30,171,5.430791510389733,20
REMO_UniformMix_Pruned_Weighted_Lambdat030_NoBatchDist,WFG7,10,30,172,5.430791510389733,20
REMO_UniformMix_Pruned_Weighted_Lambdat030_NoBatchDist,WFG7,10,30,173,5.430791510389733,20
REMO_UniformMix_Pruned_Weighted_Lambdat030_NoBatchDist,WFG7,10,30,174,5.430791510389733,20
REMO_UniformMix_Pruned_Weighted_Lambdat030_NoBatchDist,WFG7,10,30,175,5.430791510389733,20
REMO_UniformMix_Pruned_Weighted_Lambdat030_NoBatchDist,WFG7,10,30,176,5.430791510389733,20
REMO_UniformMix_Pruned_Weighted_Lambdat030_NoBatchDist,WFG7,10,30,177,5.430791510389733,20
REMO_UniformMix_Pruned_Weighted_Lambdat030_NoBatchDist,WFG7,10,30,178,5.278273476520349,20
REMO_UniformMix_Pruned_Weighted_Lambdat030_NoBatchDist,WFG7,10,30,179,5.278273476520349,20
REMO_UniformMix_Pruned_Weighted_Lambdat030_NoBatchDist,WFG7,10,30,180,5.278273476520349,20
REMO_UniformMix_Pruned_Weighted_Lambdat030_NoBatchDist,WFG7,10,30,181,5.278273476520349,20
REMO_UniformMix_Pruned_Weighted_Lambdat030_NoBatchDist,WFG7,10,30,182,5.278273476520349,20
REMO_UniformMix_Pruned_Weighted_Lambdat030_NoBatchDist,WFG7,10,30,183,5.278273476520349,20
REMO_UniformMix_Pruned_Weighted_Lambdat030_NoBatchDist,WFG7,10,30,184,5.278273476520349,20
REMO_UniformMix_Pruned_Weighted_Lambdat030_NoBatchDist,WFG7,10,30,185,5.278273476520349,20
REMO_UniformMix_Pruned_Weighted_Lambdat030_NoBatchDist,WFG7,10,30,186,5.278273476520349,20
REMO_UniformMix_Pruned_Weighted_Lambdat030_NoBatchDist,WFG7,10,30,187,5.278273476520349,20
REMO_UniformMix_Pruned_Weighted_Lambdat030_NoBatchDist,WFG7,10,30,188,5.278273476520349,20
REMO_UniformMix_Pruned_Weighted_Lambdat030_NoBatchDist,WFG7,10,30,189,5.278273476520349,20
REMO_UniformMix_Pruned_Weighted_Lambdat030_NoBatchDist,WFG7,10,30,190,5.278273476520349,20
REMO_UniformMix_Pruned_Weighted_Lambdat030_NoBatchDist,WFG7,10,30,191,5.278273476520349,20
REMO_UniformMix_Pruned_Weighted_Lambdat030_NoBatchDist,WFG7,10,30,192,5.278273476520349,20
REMO_UniformMix_Pruned_Weighted_Lambdat030_NoBatchDist,WFG7,10,30,193,5.278273476520349,20
REMO_UniformMix_Pruned_Weighted_Lambdat030_NoBatchDist,WFG7,10,30,194,5.278273476520349,20
REMO_UniformMix_Pruned_Weighted_Lambdat030_NoBatchDist,WFG7,10,30,195,5.278273476520349,20
REMO_UniformMix_Pruned_Weighted_Lambdat030_NoBatchDist,WFG7,10,30,196,4.932832283354399,20
REMO_UniformMix_Pruned_Weighted_Lambdat030_NoBatchDist,WFG7,10,30,197,4.932832283354399,20
REMO_UniformMix_Pruned_Weighted_Lambdat030_NoBatchDist,WFG7,10,30,198,4.932832283354399,20
REMO_UniformMix_Pruned_Weighted_Lambdat030_NoBatchDist,WFG7,10,30,199,4.932832283354399,20
REMO_UniformMix_Pruned_Weighted_Lambdat030_NoBatchDist,WFG7,10,30,200,4.932832283354399,20
REMO_UniformMix_Pruned_Weighted_Lambdat030_NoBatchDist,WFG7,10,30,201,4.932832283354399,20
REMO_UniformMix_Pruned_Weighted_Lambdat030_NoBatchDist,WFG7,10,30,202,4.932832283354399,20
REMO_UniformMix_Pruned_Weighted_Lambdat030_NoBatchDist,WFG7,10,30,203,4.932832283354399,20
REMO_UniformMix_Pruned_Weighted_Lambdat030_NoBatchDist,WFG7,10,30,204,4.932832283354399,20
REMO_UniformMix_Pruned_Weighted_Lambdat030_NoBatchDist,WFG7,10,30,205,4.932832283354399,20
REMO_UniformMix_Pruned_Weighted_Lambdat030_NoBatchDist,WFG7,10,30,206,4.932832283354399,20
REMO_UniformMix_Pruned_Weighted_Lambdat030_NoBatchDist,WFG7,10,30,207,4.932832283354399,20
REMO_UniformMix_Pruned_Weighted_Lambdat030_NoBatchDist,WFG7,10,30,208,4.932832283354399,20
REMO_UniformMix_Pruned_Weighted_Lambdat030_NoBatchDist,WFG7,10,30,209,4.932832283354399,20
REMO_UniformMix_Pruned_Weighted_Lambdat030_NoBatchDist,WFG7,10,30,210,4.932832283354399,20
REMO_UniformMix_Pruned_Weighted_Lambdat030_NoBatchDist,WFG7,10,30,211,4.932832283354399,20
REMO_UniformMix_Pruned_Weighted_Lambdat030_NoBatchDist,WFG7,10,30,212,4.932832283354399,20
REMO_UniformMix_Pruned_Weighted_Lambdat030_NoBatchDist,WFG7,10,30,213,4.932832283354399,20
REMO_UniformMix_Pruned_Weighted_Lambdat030_NoBatchDist,WFG7,10,30,214,4.6967102236195215,20
REMO_UniformMix_Pruned_Weighted_Lambdat030_NoBatchDist,WFG7,10,30,215,4.6967102236195215,20
REMO_UniformMix_Pruned_Weighted_Lambdat030_NoBatchDist,WFG7,10,30,216,4.6967102236195215,20
REMO_UniformMix_Pruned_Weighted_Lambdat030_NoBatchDist,WFG7,10,30,217,4.6967102236195215,20
REMO_UniformMix_Pruned_Weighted_Lambdat030_NoBatchDist,WFG7,10,30,218,4.6967102236195215,20
REMO_UniformMix_Pruned_Weighted_Lambdat030_NoBatchDist,WFG7,10,30,219,4.6967102236195215,20
REMO_UniformMix_Pruned_Weighted_Lambdat030_NoBatchDist,WFG7,10,30,220,4.6967102236195215,20
REMO_UniformMix_Pruned_Weighted_Lambdat030_NoBatchDist,WFG7,10,30,221,4.6967102236195215,20
REMO_UniformMix_Pruned_Weighted_Lambdat030_NoBatchDist,WFG7,10,30,222,4.6967102236195215,20
REMO_UniformMix_Pruned_Weighted_Lambdat030_NoBatchDist,WFG7,10,30,223,4.6967102236195215,20
REMO_UniformMix_Pruned_Weighted_Lambdat030_NoBatchDist,WFG7,10,30,224,4.6967102236195215,20
REMO_UniformMix_Pruned_Weighted_Lambdat030_NoBatchDist,WFG7,10,30,225,4.6967102236195215,20
REMO_UniformMix_Pruned_Weighted_Lambdat030_NoBatchDist,WFG7,10,30,226,4.6967102236195215,20
REMO_UniformMix_Pruned_Weighted_Lambdat030_NoBatchDist,WFG7,10,30,227,4.6967102236195215,20
REMO_UniformMix_Pruned_Weighted_Lambdat030_NoBatchDist,WFG7,10,30,228,4.6967102236195215,20
REMO_UniformMix_Pruned_Weighted_Lambdat030_NoBatchDist,WFG7,10,30,229,4.6967102236195215,20
REMO_UniformMix_Pruned_Weighted_Lambdat030_NoBatchDist,WFG7,10,30,230,4.6967102236195215,20
REMO_UniformMix_Pruned_Weighted_Lambdat030_NoBatchDist,WFG7,10,30,231,4.6967102236195215,20
REMO_UniformMix_Pruned_Weighted_Lambdat030_NoBatchDist,WFG7,10,30,232,4.518952984500023,20
REMO_UniformMix_Pruned_Weighted_Lambdat030_NoBatchDist,WFG7,10,30,233,4.518952984500023,20
REMO_UniformMix_Pruned_Weighted_Lambdat030_NoBatchDist,WFG7,10,30,234,4.518952984500023,20
REMO_UniformMix_Pruned_Weighted_Lambdat030_NoBatchDist,WFG7,10,30,235,4.518952984500023,20
REMO_UniformMix_Pruned_Weighted_Lambdat030_NoBatchDist,WFG7,10,30,236,4.518952984500023,20
REMO_UniformMix_Pruned_Weighted_Lambdat030_NoBatchDist,WFG7,10,30,237,4.518952984500023,20
REMO_UniformMix_Pruned_Weighted_Lambdat030_NoBatchDist,WFG7,10,30,238,4.518952984500023,20
REMO_UniformMix_Pruned_Weighted_Lambdat030_NoBatchDist,WFG7,10,30,239,4.518952984500023,20
REMO_UniformMix_Pruned_Weighted_Lambdat030_NoBatchDist,WFG7,10,30,240,4.518952984500023,20
REMO_UniformMix_Pruned_Weighted_Lambdat030_NoBatchDist,WFG7,10,30,241,4.518952984500023,20
REMO_UniformMix_Pruned_Weighted_Lambdat030_NoBatchDist,WFG7,10,30,242,4.518952984500023,20
REMO_UniformMix_Pruned_Weighted_Lambdat030_NoBatchDist,WFG7,10,30,243,4.518952984500023,20
REMO_UniformMix_Pruned_Weighted_Lambdat030_NoBatchDist,WFG7,10,30,244,4.518952984500023,20
REMO_UniformMix_Pruned_Weighted_Lambdat030_NoBatchDist,WFG7,10,30,245,4.518952984500023,20
REMO_UniformMix_Pruned_Weighted_Lambdat030_NoBatchDist,WFG7,10,30,246,4.518952984500023,20
REMO_UniformMix_Pruned_Weighted_Lambdat030_NoBatchDist,WFG7,10,30,247,4.518952984500023,20
REMO_UniformMix_Pruned_Weighted_Lambdat030_NoBatchDist,WFG7,10,30,248,4.518952984500023,20
REMO_UniformMix_Pruned_Weighted_Lambdat030_NoBatchDist,WFG7,10,30,249,4.518952984500023,20
REMO_UniformMix_Pruned_Weighted_Lambdat030_NoBatchDist,WFG7,10,30,250,4.383471590299651,20
REMO_UniformMix_Pruned_Weighted_Lambdat030_NoBatchDist,WFG7,10,30,251,4.383471590299651,20
REMO_UniformMix_Pruned_Weighted_Lambdat030_NoBatchDist,WFG7,10,30,252,4.383471590299651,20
REMO_UniformMix_Pruned_Weighted_Lambdat030_NoBatchDist,WFG7,10,30,253,4.383471590299651,20
REMO_UniformMix_Pruned_Weighted_Lambdat030_NoBatchDist,WFG7,10,30,254,4.383471590299651,20
REMO_UniformMix_Pruned_Weighted_Lambdat030_NoBatchDist,WFG7,10,30,255,4.383471590299651,20
REMO_UniformMix_Pruned_Weighted_Lambdat030_NoBatchDist,WFG7,10,30,256,4.383471590299651,20
REMO_UniformMix_Pruned_Weighted_Lambdat030_NoBatchDist,WFG7,10,30,257,4.383471590299651,20
REMO_UniformMix_Pruned_Weighted_Lambdat030_NoBatchDist,WFG7,10,30,258,4.383471590299651,20
REMO_UniformMix_Pruned_Weighted_Lambdat030_NoBatchDist,WFG7,10,30,259,4.383471590299651,20
REMO_UniformMix_Pruned_Weighted_Lambdat030_NoBatchDist,WFG7,10,30,260,4.383471590299651,20
REMO_UniformMix_Pruned_Weighted_Lambdat030_NoBatchDist,WFG7,10,30,261,4.383471590299651,20
REMO_UniformMix_Pruned_Weighted_Lambdat030_NoBatchDist,WFG7,10,30,262,4.29472368551354,20
REMO_UniformMix_Pruned_Weighted_Lambdat030_NoBatchDist,WFG7,10,30,263,4.29472368551354,20
REMO_UniformMix_Pruned_Weighted_Lambdat030_NoBatchDist,WFG7,10,30,264,4.29472368551354,20
REMO_UniformMix_Pruned_Weighted_Lambdat030_NoBatchDist,WFG7,10,30,265,4.29472368551354,20
REMO_UniformMix_Pruned_Weighted_Lambdat030_NoBatchDist,WFG7,10,30,266,4.29472368551354,20
REMO_UniformMix_Pruned_Weighted_Lambdat030_NoBatchDist,WFG7,10,30,267,4.29472368551354,20
REMO_UniformMix_Pruned_Weighted_Lambdat030_NoBatchDist,WFG7,10,30,268,4.29472368551354,20
REMO_UniformMix_Pruned_Weighted_Lambdat030_NoBatchDist,WFG7,10,30,269,4.29472368551354,20
REMO_UniformMix_Pruned_Weighted_Lambdat030_NoBatchDist,WFG7,10,30,270,4.29472368551354,20
REMO_UniformMix_Pruned_Weighted_Lambdat030_NoBatchDist,WFG7,10,30,271,4.29472368551354,20
REMO_UniformMix_Pruned_Weighted_Lambdat030_NoBatchDist,WFG7,10,30,272,4.29472368551354,20
REMO_UniformMix_Pruned_Weighted_Lambdat030_NoBatchDist,WFG7,10,30,273,4.29472368551354,20
REMO_UniformMix_Pruned_Weighted_Lambdat030_NoBatchDist,WFG7,10,30,274,4.29472368551354,20
REMO_UniformMix_Pruned_Weighted_Lambdat030_NoBatchDist,WFG7,10,30,275,4.29472368551354,20
REMO_UniformMix_Pruned_Weighted_Lambdat030_NoBatchDist,WFG7,10,30,276,4.29472368551354,20
REMO_UniformMix_Pruned_Weighted_Lambdat030_NoBatchDist,WFG7,10,30,277,4.29472368551354,20
REMO_UniformMix_Pruned_Weighted_Lambdat030_NoBatchDist,WFG7,10,30,278,4.29472368551354,20
REMO_UniformMix_Pruned_Weighted_Lambdat030_NoBatchDist,WFG7,10,30,279,4.29472368551354,20
REMO_UniformMix_Pruned_Weighted_Lambdat030_NoBatchDist,WFG7,10,30,280,4.202048277488826,20
REMO_UniformMix_Pruned_Weighted_Lambdat030_NoBatchDist,WFG7,10,30,281,4.202048277488826,20
REMO_UniformMix_Pruned_Weighted_Lambdat030_NoBatchDist,WFG7,10,30,282,4.202048277488826,20
REMO_UniformMix_Pruned_Weighted_Lambdat030_NoBatchDist,WFG7,10,30,283,4.202048277488826,20
REMO_UniformMix_Pruned_Weighted_Lambdat030_NoBatchDist,WFG7,10,30,284,4.202048277488826,20
REMO_UniformMix_Pruned_Weighted_Lambdat030_NoBatchDist,WFG7,10,30,285,4.202048277488826,20
REMO_UniformMix_Pruned_Weighted_Lambdat030_NoBatchDist,WFG7,10,30,286,4.202048277488826,20
REMO_UniformMix_Pruned_Weighted_Lambdat030_NoBatchDist,WFG7,10,30,287,4.202048277488826,20
REMO_UniformMix_Pruned_Weighted_Lambdat030_NoBatchDist,WFG7,10,30,288,4.202048277488826,20
REMO_UniformMix_Pruned_Weighted_Lambdat030_NoBatchDist,WFG7,10,30,289,4.202048277488826,20
REMO_UniformMix_Pruned_Weighted_Lambdat030_NoBatchDist,WFG7,10,30,290,4.202048277488826,20
REMO_UniformMix_Pruned_Weighted_Lambdat030_NoBatchDist,WFG7,10,30,291,4.202048277488826,20
REMO_UniformMix_Pruned_Weighted_Lambdat030_NoBatchDist,WFG7,10,30,292,4.202048277488826,20
REMO_UniformMix_Pruned_Weighted_Lambdat030_NoBatchDist,WFG7,10,30,293,4.202048277488826,20
REMO_UniformMix_Pruned_Weighted_Lambdat030_NoBatchDist,WFG7,10,30,294,4.202048277488826,20
REMO_UniformMix_Pruned_Weighted_Lambdat030_NoBatchDist,WFG7,10,30,295,4.202048277488826,20
REMO_UniformMix_Pruned_Weighted_Lambdat030_NoBatchDist,WFG7,10,30,296,4.202048277488826,20
REMO_UniformMix_Pruned_Weighted_Lambdat030_NoBatchDist,WFG7,10,30,297,4.202048277488826,20
REMO_UniformMix_Pruned_Weighted_Lambdat030_NoBatchDist,WFG7,10,30,298,4.060695043327349,20
REMO_UniformMix_Pruned_Weighted_Lambdat030_NoBatchDist,WFG7,10,30,299,4.060695043327349,20
REMO_UniformMix_Pruned_Weighted_Lambdat030_NoBatchDist,WFG7,10,30,300,4.060695043327349,20
REMO_UniformMix_Pruned_Weighted_Lambdat030_NoBatchDist,WFG7,10,30,301,4.060695043327349,20
REMO_UniformMix_Pruned_Weighted_Lambdat030_NoBatchDist,WFG7,10,30,302,4.060695043327349,20
REMO_UniformMix_Pruned_Weighted_Lambdat030_NoBatchDist,WFG7,10,30,303,4.060695043327349,20
REMO_UniformMix_Pruned_Weighted_Lambdat030_NoBatchDist,WFG7,10,30,304,4.060695043327349,20
REMO_UniformMix_Pruned_Weighted_Lambdat030_NoBatchDist,WFG7,10,30,305,4.060695043327349,20
REMO_UniformMix_Pruned_Weighted_Lambdat030_NoBatchDist,WFG7,10,30,306,4.060695043327349,20
REMO_UniformMix_Pruned_Weighted_Lambdat030_NoBatchDist,WFG7,10,30,307,4.060695043327349,20
REMO_UniformMix_Pruned_Weighted_Lambdat030_NoBatchDist,WFG7,10,30,308,4.060695043327349,20
REMO_UniformMix_Pruned_Weighted_Lambdat030_NoBatchDist,WFG7,10,30,309,4.060695043327349,20
REMO_UniformMix_Pruned_Weighted_Lambdat030_NoBatchDist,WFG7,10,30,310,4.060695043327349,20
REMO_UniformMix_Pruned_Weighted_Lambdat030_NoBatchDist,WFG7,10,30,311,4.060695043327349,20
REMO_UniformMix_Pruned_Weighted_Lambdat030_NoBatchDist,WFG7,10,30,312,4.060695043327349,20
REMO_UniformMix_Pruned_Weighted_Lambdat030_NoBatchDist,WFG7,10,30,313,4.060695043327349,20
REMO_UniformMix_Pruned_Weighted_Lambdat030_NoBatchDist,WFG7,10,30,314,4.060695043327349,20
REMO_UniformMix_Pruned_Weighted_Lambdat030_NoBatchDist,WFG7,10,30,315,4.060695043327349,20
REMO_UniformMix_Pruned_Weighted_Lambdat030_NoBatchDist,WFG7,10,30,316,3.931526364801593,20
REMO_UniformMix_Pruned_Weighted_Lambdat030_NoBatchDist,WFG7,10,30,317,3.931526364801593,20
REMO_UniformMix_Pruned_Weighted_Lambdat030_NoBatchDist,WFG7,10,30,318,3.931526364801593,20
REMO_UniformMix_Pruned_Weighted_Lambdat030_NoBatchDist,WFG7,10,30,319,3.931526364801593,20
REMO_UniformMix_Pruned_Weighted_Lambdat030_NoBatchDist,WFG7,10,30,320,3.931526364801593,20
REMO_UniformMix_Pruned_Weighted_Lambdat030_NoBatchDist,WFG7,10,30,321,3.931526364801593,20
REMO_UniformMix_Pruned_Weighted_Lambdat030_NoBatchDist,WFG7,10,30,322,3.931526364801593,20
REMO_UniformMix_Pruned_Weighted_Lambdat030_NoBatchDist,WFG7,10,30,323,3.931526364801593,20
REMO_UniformMix_Pruned_Weighted_Lambdat030_NoBatchDist,WFG7,10,30,324,3.931526364801593,20
REMO_UniformMix_Pruned_Weighted_Lambdat030_NoBatchDist,WFG7,10,30,325,3.931526364801593,20
REMO_UniformMix_Pruned_Weighted_Lambdat030_NoBatchDist,WFG7,10,30,326,3.931526364801593,20
REMO_UniformMix_Pruned_Weighted_Lambdat030_NoBatchDist,WFG7,10,30,327,3.931526364801593,20
REMO_UniformMix_Pruned_Weighted_Lambdat030_NoBatchDist,WFG7,10,30,328,3.8405455255857306,20
REMO_UniformMix_Pruned_Weighted_Lambdat030_NoBatchDist,WFG7,10,30,329,3.8405455255857306,20
REMO_UniformMix_Pruned_Weighted_Lambdat030_NoBatchDist,WFG7,10,30,330,3.8405455255857306,20
REMO_UniformMix_Pruned_Weighted_Lambdat030_NoBatchDist,WFG7,10,30,331,3.8405455255857306,20
REMO_UniformMix_Pruned_Weighted_Lambdat030_NoBatchDist,WFG7,10,30,332,3.8405455255857306,20
REMO_UniformMix_Pruned_Weighted_Lambdat030_NoBatchDist,WFG7,10,30,333,3.8405455255857306,20
REMO_UniformMix_Pruned_Weighted_Lambdat030_NoBatchDist,WFG7,10,30,334,3.8405455255857306,20
REMO_UniformMix_Pruned_Weighted_Lambdat030_NoBatchDist,WFG7,10,30,335,3.8405455255857306,20
REMO_UniformMix_Pruned_Weighted_Lambdat030_NoBatchDist,WFG7,10,30,336,3.8405455255857306,20
REMO_UniformMix_Pruned_Weighted_Lambdat030_NoBatchDist,WFG7,10,30,337,3.8405455255857306,20
REMO_UniformMix_Pruned_Weighted_Lambdat030_NoBatchDist,WFG7,10,30,338,3.8405455255857306,20
REMO_UniformMix_Pruned_Weighted_Lambdat030_NoBatchDist,WFG7,10,30,339,3.8405455255857306,20
REMO_UniformMix_Pruned_Weighted_Lambdat030_NoBatchDist,WFG7,10,30,340,3.8405455255857306,20
REMO_UniformMix_Pruned_Weighted_Lambdat030_NoBatchDist,WFG7,10,30,341,3.8405455255857306,20
REMO_UniformMix_Pruned_Weighted_Lambdat030_NoBatchDist,WFG7,10,30,342,3.8405455255857306,20
REMO_UniformMix_Pruned_Weighted_Lambdat030_NoBatchDist,WFG7,10,30,343,3.8405455255857306,20
REMO_UniformMix_Pruned_Weighted_Lambdat030_NoBatchDist,WFG7,10,30,344,3.8405455255857306,20
REMO_UniformMix_Pruned_Weighted_Lambdat030_NoBatchDist,WFG7,10,30,345,3.8405455255857306,20
REMO_UniformMix_Pruned_Weighted_Lambdat030_NoBatchDist,WFG7,10,30,346,3.709396095843617,20
REMO_UniformMix_Pruned_Weighted_Lambdat030_NoBatchDist,WFG7,10,30,347,3.709396095843617,20
REMO_UniformMix_Pruned_Weighted_Lambdat030_NoBatchDist,WFG7,10,30,348,3.709396095843617,20
REMO_UniformMix_Pruned_Weighted_Lambdat030_NoBatchDist,WFG7,10,30,349,3.709396095843617,20
REMO_UniformMix_Pruned_Weighted_Lambdat030_NoBatchDist,WFG7,10,30,350,3.709396095843617,20
REMO_UniformMix_Pruned_Weighted_Lambdat030_NoBatchDist,WFG7,10,30,351,3.709396095843617,20
REMO_UniformMix_Pruned_Weighted_Lambdat030_NoBatchDist,WFG7,10,30,352,3.709396095843617,20
REMO_UniformMix_Pruned_Weighted_Lambdat030_NoBatchDist,WFG7,10,30,353,3.709396095843617,20
REMO_UniformMix_Pruned_Weighted_Lambdat030_NoBatchDist,WFG7,10,30,354,3.709396095843617,20
REMO_UniformMix_Pruned_Weighted_Lambdat030_NoBatchDist,WFG7,10,30,355,3.709396095843617,20
REMO_UniformMix_Pruned_Weighted_Lambdat030_NoBatchDist,WFG7,10,30,356,3.709396095843617,20
REMO_UniformMix_Pruned_Weighted_Lambdat030_NoBatchDist,WFG7,10,30,357,3.709396095843617,20
REMO_UniformMix_Pruned_Weighted_Lambdat030_NoBatchDist,WFG7,10,30,358,3.709396095843617,20
REMO_UniformMix_Pruned_Weighted_Lambdat030_NoBatchDist,WFG7,10,30,359,3.709396095843617,20
REMO_UniformMix_Pruned_Weighted_Lambdat030_NoBatchDist,WFG7,10,30,360,3.709396095843617,20
REMO_UniformMix_Pruned_Weighted_Lambdat030_NoBatchDist,WFG7,10,30,361,3.709396095843617,20
REMO_UniformMix_Pruned_Weighted_Lambdat030_NoBatchDist,WFG7,10,30,362,3.709396095843617,20
REMO_UniformMix_Pruned_Weighted_Lambdat030_NoBatchDist,WFG7,10,30,363,3.709396095843617,20
REMO_UniformMix_Pruned_Weighted_Lambdat030_NoBatchDist,WFG7,10,30,364,3.633866615488499,20
REMO_UniformMix_Pruned_Weighted_Lambdat030_NoBatchDist,WFG7,10,30,365,3.633866615488499,20
REMO_UniformMix_Pruned_Weighted_Lambdat030_NoBatchDist,WFG7,10,30,366,3.633866615488499,20
REMO_UniformMix_Pruned_Weighted_Lambdat030_NoBatchDist,WFG7,10,30,367,3.633866615488499,20
REMO_UniformMix_Pruned_Weighted_Lambdat030_NoBatchDist,WFG7,10,30,368,3.633866615488499,20
REMO_UniformMix_Pruned_Weighted_Lambdat030_NoBatchDist,WFG7,10,30,369,3.633866615488499,20
REMO_UniformMix_Pruned_Weighted_Lambdat030_NoBatchDist,WFG7,10,30,370,3.633866615488499,20
REMO_UniformMix_Pruned_Weighted_Lambdat030_NoBatchDist,WFG7,10,30,371,3.633866615488499,20
REMO_UniformMix_Pruned_Weighted_Lambdat030_NoBatchDist,WFG7,10,30,372,3.633866615488499,20
REMO_UniformMix_Pruned_Weighted_Lambdat030_NoBatchDist,WFG7,10,30,373,3.633866615488499,20
REMO_UniformMix_Pruned_Weighted_Lambdat030_NoBatchDist,WFG7,10,30,374,3.633866615488499,20
REMO_UniformMix_Pruned_Weighted_Lambdat030_NoBatchDist,WFG7,10,30,375,3.633866615488499,20
REMO_UniformMix_Pruned_Weighted_Lambdat030_NoBatchDist,WFG7,10,30,376,3.633866615488499,20
REMO_UniformMix_Pruned_Weighted_Lambdat030_NoBatchDist,WFG7,10,30,377,3.633866615488499,20
REMO_UniformMix_Pruned_Weighted_Lambdat030_NoBatchDist,WFG7,10,30,378,3.633866615488499,20
REMO_UniformMix_Pruned_Weighted_Lambdat030_NoBatchDist,WFG7,10,30,379,3.633866615488499,20
REMO_UniformMix_Pruned_Weighted_Lambdat030_NoBatchDist,WFG7,10,30,380,3.633866615488499,20
REMO_UniformMix_Pruned_Weighted_Lambdat030_NoBatchDist,WFG7,10,30,381,3.633866615488499,20
REMO_UniformMix_Pruned_Weighted_Lambdat030_NoBatchDist,WFG7,10,30,382,3.559355053656552,20
REMO_UniformMix_Pruned_Weighted_Lambdat030_NoBatchDist,WFG7,10,30,383,3.559355053656552,20
REMO_UniformMix_Pruned_Weighted_Lambdat030_NoBatchDist,WFG7,10,30,384,3.559355053656552,20
REMO_UniformMix_Pruned_Weighted_Lambdat030_NoBatchDist,WFG7,10,30,385,3.559355053656552,20
REMO_UniformMix_Pruned_Weighted_Lambdat030_NoBatchDist,WFG7,10,30,386,3.559355053656552,20
REMO_UniformMix_Pruned_Weighted_Lambdat030_NoBatchDist,WFG7,10,30,387,3.559355053656552,20
REMO_UniformMix_Pruned_Weighted_Lambdat030_NoBatchDist,WFG7,10,30,388,3.559355053656552,20
REMO_UniformMix_Pruned_Weighted_Lambdat030_NoBatchDist,WFG7,10,30,389,3.559355053656552,20
REMO_UniformMix_Pruned_Weighted_Lambdat030_NoBatchDist,WFG7,10,30,390,3.559355053656552,20
REMO_UniformMix_Pruned_Weighted_Lambdat030_NoBatchDist,WFG7,10,30,391,3.559355053656552,20
REMO_UniformMix_Pruned_Weighted_Lambdat030_NoBatchDist,WFG7,10,30,392,3.559355053656552,20
REMO_UniformMix_Pruned_Weighted_Lambdat030_NoBatchDist,WFG7,10,30,393,3.559355053656552,20
REMO_UniformMix_Pruned_Weighted_Lambdat030_NoBatchDist,WFG7,10,30,394,3.559355053656552,20
REMO_UniformMix_Pruned_Weighted_Lambdat030_NoBatchDist,WFG7,10,30,395,3.559355053656552,20
REMO_UniformMix_Pruned_Weighted_Lambdat030_NoBatchDist,WFG7,10,30,396,3.559355053656552,20
REMO_UniformMix_Pruned_Weighted_Lambdat030_NoBatchDist,WFG7,10,30,397,3.559355053656552,20
REMO_UniformMix_Pruned_Weighted_Lambdat030_NoBatchDist,WFG7,10,30,398,3.559355053656552,20
REMO_UniformMix_Pruned_Weighted_Lambdat030_NoBatchDist,WFG7,10,30,399,3.559355053656552,20
REMO_UniformMix_Pruned_Weighted_Lambdat030_NoBatchDist,WFG7,10,30,400,3.4843519027236547,20
REMO_UniformMix_Pruned_Weighted_Lambdat030_NoBatchDist,WFG7,10,30,401,3.4843519027236547,20
REMO_UniformMix_Pruned_Weighted_Lambdat030_NoBatchDist,WFG7,10,30,402,3.4843519027236547,20
REMO_UniformMix_Pruned_Weighted_Lambdat030_NoBatchDist,WFG7,10,30,403,3.4843519027236547,20
REMO_UniformMix_Pruned_Weighted_Lambdat030_NoBatchDist,WFG7,10,30,404,3.4843519027236547,20
REMO_UniformMix_Pruned_Weighted_Lambdat030_NoBatchDist,WFG7,10,30,405,3.4843519027236547,20
REMO_UniformMix_Pruned_Weighted_Lambdat030_NoBatchDist,WFG7,10,30,406,3.4843519027236547,20
REMO_UniformMix_Pruned_Weighted_Lambdat030_NoBatchDist,WFG7,10,30,407,3.4843519027236547,20
REMO_UniformMix_Pruned_Weighted_Lambdat030_NoBatchDist,WFG7,10,30,408,3.4843519027236547,20
REMO_UniformMix_Pruned_Weighted_Lambdat030_NoBatchDist,WFG7,10,30,409,3.4843519027236547,20
REMO_UniformMix_Pruned_Weighted_Lambdat030_NoBatchDist,WFG7,10,30,410,3.4843519027236547,20
REMO_UniformMix_Pruned_Weighted_Lambdat030_NoBatchDist,WFG7,10,30,411,3.4843519027236547,20
REMO_UniformMix_Pruned_Weighted_Lambdat030_NoBatchDist,WFG7,10,30,412,3.4364330899501296,20
REMO_UniformMix_Pruned_Weighted_Lambdat030_NoBatchDist,WFG7,10,30,413,3.4364330899501296,20
REMO_UniformMix_Pruned_Weighted_Lambdat030_NoBatchDist,WFG7,10,30,414,3.4364330899501296,20
REMO_UniformMix_Pruned_Weighted_Lambdat030_NoBatchDist,WFG7,10,30,415,3.4364330899501296,20
REMO_UniformMix_Pruned_Weighted_Lambdat030_NoBatchDist,WFG7,10,30,416,3.4364330899501296,20
REMO_UniformMix_Pruned_Weighted_Lambdat030_NoBatchDist,WFG7,10,30,417,3.4364330899501296,20
REMO_UniformMix_Pruned_Weighted_Lambdat030_NoBatchDist,WFG7,10,30,418,3.4364330899501296,20
REMO_UniformMix_Pruned_Weighted_Lambdat030_NoBatchDist,WFG7,10,30,419,3.4364330899501296,20
REMO_UniformMix_Pruned_Weighted_Lambdat030_NoBatchDist,WFG7,10,30,420,3.4364330899501296,20
REMO_UniformMix_Pruned_Weighted_Lambdat030_NoBatchDist,WFG7,10,30,421,3.4364330899501296,20
REMO_UniformMix_Pruned_Weighted_Lambdat030_NoBatchDist,WFG7,10,30,422,3.4364330899501296,20
REMO_UniformMix_Pruned_Weighted_Lambdat030_NoBatchDist,WFG7,10,30,423,3.4364330899501296,20
REMO_UniformMix_Pruned_Weighted_Lambdat030_NoBatchDist,WFG7,10,30,424,3.4364330899501296,20
REMO_UniformMix_Pruned_Weighted_Lambdat030_NoBatchDist,WFG7,10,30,425,3.4364330899501296,20
REMO_UniformMix_Pruned_Weighted_Lambdat030_NoBatchDist,WFG7,10,30,426,3.4364330899501296,20
REMO_UniformMix_Pruned_Weighted_Lambdat030_NoBatchDist,WFG7,10,30,427,3.4364330899501296,20
REMO_UniformMix_Pruned_Weighted_Lambdat030_NoBatchDist,WFG7,10,30,428,3.4364330899501296,20
REMO_UniformMix_Pruned_Weighted_Lambdat030_NoBatchDist,WFG7,10,30,429,3.4364330899501296,20
REMO_UniformMix_Pruned_Weighted_Lambdat030_NoBatchDist,WFG7,10,30,430,3.3587851227347394,20
REMO_UniformMix_Pruned_Weighted_Lambdat030_NoBatchDist,WFG7,10,30,431,3.3587851227347394,20
REMO_UniformMix_Pruned_Weighted_Lambdat030_NoBatchDist,WFG7,10,30,432,3.3587851227347394,20
REMO_UniformMix_Pruned_Weighted_Lambdat030_NoBatchDist,WFG7,10,30,433,3.3587851227347394,20
REMO_UniformMix_Pruned_Weighted_Lambdat030_NoBatchDist,WFG7,10,30,434,3.3587851227347394,20
REMO_UniformMix_Pruned_Weighted_Lambdat030_NoBatchDist,WFG7,10,30,435,3.3587851227347394,20
REMO_UniformMix_Pruned_Weighted_Lambdat030_NoBatchDist,WFG7,10,30,436,3.3587851227347394,20
REMO_UniformMix_Pruned_Weighted_Lambdat030_NoBatchDist,WFG7,10,30,437,3.3587851227347394,20
REMO_UniformMix_Pruned_Weighted_Lambdat030_NoBatchDist,WFG7,10,30,438,3.3587851227347394,20
REMO_UniformMix_Pruned_Weighted_Lambdat030_NoBatchDist,WFG7,10,30,439,3.3587851227347394,20
REMO_UniformMix_Pruned_Weighted_Lambdat030_NoBatchDist,WFG7,10,30,440,3.3587851227347394,20
REMO_UniformMix_Pruned_Weighted_Lambdat030_NoBatchDist,WFG7,10,30,441,3.3587851227347394,20
REMO_UniformMix_Pruned_Weighted_Lambdat030_NoBatchDist,WFG7,10,30,442,3.3587851227347394,20
REMO_UniformMix_Pruned_Weighted_Lambdat030_NoBatchDist,WFG7,10,30,443,3.3587851227347394,20
REMO_UniformMix_Pruned_Weighted_Lambdat030_NoBatchDist,WFG7,10,30,444,3.3587851227347394,20
REMO_UniformMix_Pruned_Weighted_Lambdat030_NoBatchDist,WFG7,10,30,445,3.3587851227347394,20
REMO_UniformMix_Pruned_Weighted_Lambdat030_NoBatchDist,WFG7,10,30,446,3.3587851227347394,20
REMO_UniformMix_Pruned_Weighted_Lambdat030_NoBatchDist,WFG7,10,30,447,3.3587851227347394,20
REMO_UniformMix_Pruned_Weighted_Lambdat030_NoBatchDist,WFG7,10,30,448,3.2904370679356254,20
REMO_UniformMix_Pruned_Weighted_Lambdat030_NoBatchDist,WFG7,10,30,449,3.2904370679356254,20
REMO_UniformMix_Pruned_Weighted_Lambdat030_NoBatchDist,WFG7,10,30,450,3.2904370679356254,20
REMO_UniformMix_Pruned_Weighted_Lambdat030_NoBatchDist,WFG7,10,30,451,3.2904370679356254,20
REMO_UniformMix_Pruned_Weighted_Lambdat030_NoBatchDist,WFG7,10,30,452,3.2904370679356254,20
REMO_UniformMix_Pruned_Weighted_Lambdat030_NoBatchDist,WFG7,10,30,453,3.2904370679356254,20
REMO_UniformMix_Pruned_Weighted_Lambdat030_NoBatchDist,WFG7,10,30,454,3.2904370679356254,20
REMO_UniformMix_Pruned_Weighted_Lambdat030_NoBatchDist,WFG7,10,30,455,3.2904370679356254,20
REMO_UniformMix_Pruned_Weighted_Lambdat030_NoBatchDist,WFG7,10,30,456,3.2904370679356254,20
REMO_UniformMix_Pruned_Weighted_Lambdat030_NoBatchDist,WFG7,10,30,457,3.2904370679356254,20
REMO_UniformMix_Pruned_Weighted_Lambdat030_NoBatchDist,WFG7,10,30,458,3.2904370679356254,20
REMO_UniformMix_Pruned_Weighted_Lambdat030_NoBatchDist,WFG7,10,30,459,3.2904370679356254,20
REMO_UniformMix_Pruned_Weighted_Lambdat030_NoBatchDist,WFG7,10,30,460,3.2904370679356254,20
REMO_UniformMix_Pruned_Weighted_Lambdat030_NoBatchDist,WFG7,10,30,461,3.2904370679356254,20
REMO_UniformMix_Pruned_Weighted_Lambdat030_NoBatchDist,WFG7,10,30,462,3.2904370679356254,20
REMO_UniformMix_Pruned_Weighted_Lambdat030_NoBatchDist,WFG7,10,30,463,3.2904370679356254,20
REMO_UniformMix_Pruned_Weighted_Lambdat030_NoBatchDist,WFG7,10,30,464,3.2904370679356254,20
REMO_UniformMix_Pruned_Weighted_Lambdat030_NoBatchDist,WFG7,10,30,465,3.2904370679356254,20
REMO_UniformMix_Pruned_Weighted_Lambdat030_NoBatchDist,WFG7,10,30,466,3.2393773699976416,20
REMO_UniformMix_Pruned_Weighted_Lambdat030_NoBatchDist,WFG7,10,30,467,3.2393773699976416,20
REMO_UniformMix_Pruned_Weighted_Lambdat030_NoBatchDist,WFG7,10,30,468,3.2393773699976416,20
REMO_UniformMix_Pruned_Weighted_Lambdat030_NoBatchDist,WFG7,10,30,469,3.2393773699976416,20
REMO_UniformMix_Pruned_Weighted_Lambdat030_NoBatchDist,WFG7,10,30,470,3.2393773699976416,20
REMO_UniformMix_Pruned_Weighted_Lambdat030_NoBatchDist,WFG7,10,30,471,3.2393773699976416,20
REMO_UniformMix_Pruned_Weighted_Lambdat030_NoBatchDist,WFG7,10,30,472,3.2393773699976416,20
REMO_UniformMix_Pruned_Weighted_Lambdat030_NoBatchDist,WFG7,10,30,473,3.2393773699976416,20
REMO_UniformMix_Pruned_Weighted_Lambdat030_NoBatchDist,WFG7,10,30,474,3.2393773699976416,20
REMO_UniformMix_Pruned_Weighted_Lambdat030_NoBatchDist,WFG7,10,30,475,3.2393773699976416,20
REMO_UniformMix_Pruned_Weighted_Lambdat030_NoBatchDist,WFG7,10,30,476,3.2393773699976416,20
REMO_UniformMix_Pruned_Weighted_Lambdat030_NoBatchDist,WFG7,10,30,477,3.2393773699976416,20
REMO_UniformMix_Pruned_Weighted_Lambdat030_NoBatchDist,WFG7,10,30,478,3.2011700761680486,20
REMO_UniformMix_Pruned_Weighted_Lambdat030_NoBatchDist,WFG7,10,30,479,3.2011700761680486,20
REMO_UniformMix_Pruned_Weighted_Lambdat030_NoBatchDist,WFG7,10,30,480,3.2011700761680486,20
REMO_UniformMix_Pruned_Weighted_Lambdat030_NoBatchDist,WFG7,10,30,481,3.2011700761680486,20
REMO_UniformMix_Pruned_Weighted_Lambdat030_NoBatchDist,WFG7,10,30,482,3.2011700761680486,20
REMO_UniformMix_Pruned_Weighted_Lambdat030_NoBatchDist,WFG7,10,30,483,3.2011700761680486,20
REMO_UniformMix_Pruned_Weighted_Lambdat030_NoBatchDist,WFG7,10,30,484,3.2011700761680486,20
REMO_UniformMix_Pruned_Weighted_Lambdat030_NoBatchDist,WFG7,10,30,485,3.2011700761680486,20
REMO_UniformMix_Pruned_Weighted_Lambdat030_NoBatchDist,WFG7,10,30,486,3.2011700761680486,20
REMO_UniformMix_Pruned_Weighted_Lambdat030_NoBatchDist,WFG7,10,30,487,3.2011700761680486,20
REMO_UniformMix_Pruned_Weighted_Lambdat030_NoBatchDist,WFG7,10,30,488,3.2011700761680486,20
REMO_UniformMix_Pruned_Weighted_Lambdat030_NoBatchDist,WFG7,10,30,489,3.2011700761680486,20
REMO_UniformMix_Pruned_Weighted_Lambdat030_NoBatchDist,WFG7,10,30,490,3.2011700761680486,20
REMO_UniformMix_Pruned_Weighted_Lambdat030_NoBatchDist,WFG7,10,30,491,3.2011700761680486,20
REMO_UniformMix_Pruned_Weighted_Lambdat030_NoBatchDist,WFG7,10,30,492,3.2011700761680486,20
REMO_UniformMix_Pruned_Weighted_Lambdat030_NoBatchDist,WFG7,10,30,493,3.2011700761680486,20
REMO_UniformMix_Pruned_Weighted_Lambdat030_NoBatchDist,WFG7,10,30,494,3.2011700761680486,20
REMO_UniformMix_Pruned_Weighted_Lambdat030_NoBatchDist,WFG7,10,30,495,3.2011700761680486,20
REMO_UniformMix_Pruned_Weighted_Lambdat030_NoBatchDist,WFG7,10,30,496,3.2011700761680486,20
REMO_UniformMix_Pruned_Weighted_Lambdat030_NoBatchDist,WFG7,10,30,497,3.2011700761680486,20
REMO_UniformMix_Pruned_Weighted_Lambdat030_NoBatchDist,WFG7,10,30,498,3.2011700761680486,20
REMO_UniformMix_Pruned_Weighted_Lambdat030_NoBatchDist,WFG7,10,30,499,3.2011700761680486,20
REMO_UniformMix_Pruned_Weighted_Lambdat030_NoBatchDist,WFG7,10,30,500,3.127175272394008,20
REMO,WFG7,10,30,100,7.981580078207325,20
REMO,WFG7,10,30,101,7.981580078207325,20
REMO,WFG7,10,30,102,7.981580078207325,20
REMO,WFG7,10,30,103,7.981580078207325,20
REMO,WFG7,10,30,104,7.877206204299133,20
REMO,WFG7,10,30,105,7.877206204299133,20
REMO,WFG7,10,30,106,7.877206204299133,20
REMO,WFG7,10,30,107,7.877206204299133,20
REMO,WFG7,10,30,108,7.734562684552093,20
REMO,WFG7,10,30,109,7.734562684552093,20
REMO,WFG7,10,30,110,7.734562684552093,20
REMO,WFG7,10,30,111,7.734562684552093,20
REMO,WFG7,10,30,112,7.6608170328387475,20
REMO,WFG7,10,30,113,7.6608170328387475,20
REMO,WFG7,10,30,114,7.6608170328387475,20
REMO,WFG7,10,30,115,7.6608170328387475,20
REMO,WFG7,10,30,116,7.6601842271828655,20
REMO,WFG7,10,30,117,7.6601842271828655,20
REMO,WFG7,10,30,118,7.6601842271828655,20
REMO,WFG7,10,30,119,7.6601842271828655,20
REMO,WFG7,10,30,120,7.659173364953399,20
REMO,WFG7,10,30,121,7.659173364953399,20
REMO,WFG7,10,30,122,7.659173364953399,20
REMO,WFG7,10,30,123,7.659173364953399,20
REMO,WFG7,10,30,124,7.658099013906883,20
REMO,WFG7,10,30,125,7.658099013906883,20
REMO,WFG7,10,30,126,7.658099013906883,20
REMO,WFG7,10,30,127,7.658099013906883,20
REMO,WFG7,10,30,128,7.658099013906883,20
REMO,WFG7,10,30,129,7.658099013906883,20
REMO,WFG7,10,30,130,7.658099013906883,20
REMO,WFG7,10,30,131,7.658099013906883,20
REMO,WFG7,10,30,132,7.651676528335079,20
REMO,WFG7,10,30,133,7.651676528335079,20
REMO,WFG7,10,30,134,7.651676528335079,20
REMO,WFG7,10,30,135,7.651676528335079,20
REMO,WFG7,10,30,136,7.325571661654496,20
REMO,WFG7,10,30,137,7.325571661654496,20
REMO,WFG7,10,30,138,7.325571661654496,20
REMO,WFG7,10,30,139,7.325571661654496,20
REMO,WFG7,10,30,140,7.325571661654496,20
REMO,WFG7,10,30,141,7.325571661654496,20
REMO,WFG7,10,30,142,7.325571661654496,20
REMO,WFG7,10,30,143,7.325571661654496,20
REMO,WFG7,10,30,144,7.325571661654496,20
REMO,WFG7,10,30,145,7.325571661654496,20
REMO,WFG7,10,30,146,7.325571661654496,20
REMO,WFG7,10,30,147,7.325571661654496,20
REMO,WFG7,10,30,148,7.32083563321761,20
REMO,WFG7,10,30,149,7.32083563321761,20
REMO,WFG7,10,30,150,7.32083563321761,20
REMO,WFG7,10,30,151,7.32083563321761,20
REMO,WFG7,10,30,152,7.32083563321761,20
REMO,WFG7,10,30,153,7.32083563321761,20
REMO,WFG7,10,30,154,7.32083563321761,20
REMO,WFG7,10,30,155,7.32083563321761,20
REMO,WFG7,10,30,156,7.32083563321761,20
REMO,WFG7,10,30,157,7.32083563321761,20
REMO,WFG7,10,30,158,7.32083563321761,20
REMO,WFG7,10,30,159,7.32083563321761,20
REMO,WFG7,10,30,160,7.32083563321761,20
REMO,WFG7,10,30,161,7.32083563321761,20
REMO,WFG7,10,30,162,7.32083563321761,20
REMO,WFG7,10,30,163,7.32083563321761,20
REMO,WFG7,10,30,164,6.884185313381654,20
REMO,WFG7,10,30,165,6.884185313381654,20
REMO,WFG7,10,30,166,6.884185313381654,20
REMO,WFG7,10,30,167,6.884185313381654,20
REMO,WFG7,10,30,168,6.884185313381654,20
REMO,WFG7,10,30,169,6.884185313381654,20
REMO,WFG7,10,30,170,6.884185313381654,20
REMO,WFG7,10,30,171,6.884185313381654,20
REMO,WFG7,10,30,172,6.884185313381654,20
REMO,WFG7,10,30,173,6.884185313381654,20
REMO,WFG7,10,30,174,6.884185313381654,20
REMO,WFG7,10,30,175,6.884185313381654,20
REMO,WFG7,10,30,176,6.884185313381654,20
REMO,WFG7,10,30,177,6.884185313381654,20
REMO,WFG7,10,30,178,6.884185313381654,20
REMO,WFG7,10,30,179,6.884185313381654,20
REMO,WFG7,10,30,180,6.881526495498465,20
REMO,WFG7,10,30,181,6.881526495498465,20
REMO,WFG7,10,30,182,6.881526495498465,20
REMO,WFG7,10,30,183,6.881526495498465,20
REMO,WFG7,10,30,184,6.881526495498465,20
REMO,WFG7,10,30,185,6.881526495498465,20
REMO,WFG7,10,30,186,6.881526495498465,20
REMO,WFG7,10,30,187,6.881526495498465,20
REMO,WFG7,10,30,188,6.881526495498465,20
REMO,WFG7,10,30,189,6.881526495498465,20
REMO,WFG7,10,30,190,6.881526495498465,20
REMO,WFG7,10,30,191,6.881526495498465,20
REMO,WFG7,10,30,192,6.49178352842012,20
REMO,WFG7,10,30,193,6.49178352842012,20
REMO,WFG7,10,30,194,6.49178352842012,20
REMO,WFG7,10,30,195,6.49178352842012,20
REMO,WFG7,10,30,196,6.49178352842012,20
REMO,WFG7,10,30,197,6.49178352842012,20
REMO,WFG7,10,30,198,6.49178352842012,20
REMO,WFG7,10,30,199,6.49178352842012,20
REMO,WFG7,10,30,200,6.469856343759133,20
REMO,WFG7,10,30,201,6.469856343759133,20
REMO,WFG7,10,30,202,6.469856343759133,20
REMO,WFG7,10,30,203,6.469856343759133,20
REMO,WFG7,10,30,204,6.469856343759133,20
REMO,WFG7,10,30,205,6.469856343759133,20
REMO,WFG7,10,30,206,6.469856343759133,20
REMO,WFG7,10,30,207,6.469856343759133,20
REMO,WFG7,10,30,208,6.469856343759133,20
REMO,WFG7,10,30,209,6.469856343759133,20
REMO,WFG7,10,30,210,6.469856343759133,20
REMO,WFG7,10,30,211,6.469856343759133,20
REMO,WFG7,10,30,212,6.469856343759133,20
REMO,WFG7,10,30,213,6.469856343759133,20
REMO,WFG7,10,30,214,6.469856343759133,20
REMO,WFG7,10,30,215,6.469856343759133,20
REMO,WFG7,10,30,216,6.416488791430902,20
REMO,WFG7,10,30,217,6.416488791430902,20
REMO,WFG7,10,30,218,6.416488791430902,20
REMO,WFG7,10,30,219,6.416488791430902,20
REMO,WFG7,10,30,220,6.215874708793902,20
REMO,WFG7,10,30,221,6.215874708793902,20
REMO,WFG7,10,30,222,6.215874708793902,20
REMO,WFG7,10,30,223,6.215874708793902,20
REMO,WFG7,10,30,224,6.215874708793902,20
REMO,WFG7,10,30,225,6.215874708793902,20
REMO,WFG7,10,30,226,6.215874708793902,20
REMO,WFG7,10,30,227,6.215874708793902,20
REMO,WFG7,10,30,228,6.215874708793902,20
REMO,WFG7,10,30,229,6.215874708793902,20
REMO,WFG7,10,30,230,6.215874708793902,20
REMO,WFG7,10,30,231,6.215874708793902,20
REMO,WFG7,10,30,232,6.198282715807705,20
REMO,WFG7,10,30,233,6.198282715807705,20
REMO,WFG7,10,30,234,6.198282715807705,20
REMO,WFG7,10,30,235,6.198282715807705,20
REMO,WFG7,10,30,236,6.198282715807705,20
REMO,WFG7,10,30,237,6.198282715807705,20
REMO,WFG7,10,30,238,6.198282715807705,20
REMO,WFG7,10,30,239,6.198282715807705,20
REMO,WFG7,10,30,240,6.198282715807705,20
REMO,WFG7,10,30,241,6.198282715807705,20
REMO,WFG7,10,30,242,6.198282715807705,20
REMO,WFG7,10,30,243,6.198282715807705,20
REMO,WFG7,10,30,244,6.198282715807705,20
REMO,WFG7,10,30,245,6.198282715807705,20
REMO,WFG7,10,30,246,6.198282715807705,20
REMO,WFG7,10,30,247,6.198282715807705,20
REMO,WFG7,10,30,248,6.084040306826052,20
REMO,WFG7,10,30,249,6.084040306826052,20
REMO,WFG7,10,30,250,6.084040306826052,20
REMO,WFG7,10,30,251,6.084040306826052,20
REMO,WFG7,10,30,252,6.084040306826052,20
REMO,WFG7,10,30,253,6.084040306826052,20
REMO,WFG7,10,30,254,6.084040306826052,20
REMO,WFG7,10,30,255,6.084040306826052,20
REMO,WFG7,10,30,256,6.084040306826052,20
REMO,WFG7,10,30,257,6.084040306826052,20
REMO,WFG7,10,30,258,6.084040306826052,20
REMO,WFG7,10,30,259,6.084040306826052,20
REMO,WFG7,10,30,260,6.084040306826052,20
REMO,WFG7,10,30,261,6.084040306826052,20
REMO,WFG7,10,30,262,6.084040306826052,20
REMO,WFG7,10,30,263,6.084040306826052,20
REMO,WFG7,10,30,264,6.065968933218445,20
REMO,WFG7,10,30,265,6.065968933218445,20
REMO,WFG7,10,30,266,6.065968933218445,20
REMO,WFG7,10,30,267,6.065968933218445,20
REMO,WFG7,10,30,268,6.065968933218445,20
REMO,WFG7,10,30,269,6.065968933218445,20
REMO,WFG7,10,30,270,6.065968933218445,20
REMO,WFG7,10,30,271,6.065968933218445,20
REMO,WFG7,10,30,272,6.065968933218445,20
REMO,WFG7,10,30,273,6.065968933218445,20
REMO,WFG7,10,30,274,6.065968933218445,20
REMO,WFG7,10,30,275,6.065968933218445,20
REMO,WFG7,10,30,276,5.960494228910283,20
REMO,WFG7,10,30,277,5.960494228910283,20
REMO,WFG7,10,30,278,5.960494228910283,20
REMO,WFG7,10,30,279,5.960494228910283,20
REMO,WFG7,10,30,280,5.953372196838434,20
REMO,WFG7,10,30,281,5.953372196838434,20
REMO,WFG7,10,30,282,5.953372196838434,20
REMO,WFG7,10,30,283,5.953372196838434,20
REMO,WFG7,10,30,284,5.953372196838434,20
REMO,WFG7,10,30,285,5.953372196838434,20
REMO,WFG7,10,30,286,5.953372196838434,20
REMO,WFG7,10,30,287,5.953372196838434,20
REMO,WFG7,10,30,288,5.953372196838434,20
REMO,WFG7,10,30,289,5.953372196838434,20
REMO,WFG7,10,30,290,5.953372196838434,20
REMO,WFG7,10,30,291,5.953372196838434,20
REMO,WFG7,10,30,292,5.953372196838434,20
REMO,WFG7,10,30,293,5.953372196838434,20
REMO,WFG7,10,30,294,5.953372196838434,20
REMO,WFG7,10,30,295,5.953372196838434,20
REMO,WFG7,10,30,296,5.953372196838434,20
REMO,WFG7,10,30,297,5.953372196838434,20
REMO,WFG7,10,30,298,5.953372196838434,20
REMO,WFG7,10,30,299,5.953372196838434,20
REMO,WFG7,10,30,300,5.95186075356951,20
REMO,WFG7,10,30,301,5.95186075356951,20
REMO,WFG7,10,30,302,5.95186075356951,20
REMO,WFG7,10,30,303,5.95186075356951,20
REMO,WFG7,10,30,304,5.856857785895409,20
REMO,WFG7,10,30,305,5.856857785895409,20
REMO,WFG7,10,30,306,5.856857785895409,20
REMO,WFG7,10,30,307,5.856857785895409,20
REMO,WFG7,10,30,308,5.856857785895409,20
REMO,WFG7,10,30,309,5.856857785895409,20
REMO,WFG7,10,30,310,5.856857785895409,20
REMO,WFG7,10,30,311,5.856857785895409,20
REMO,WFG7,10,30,312,5.856857785895409,20
REMO,WFG7,10,30,313,5.856857785895409,20
REMO,WFG7,10,30,314,5.856857785895409,20
REMO,WFG7,10,30,315,5.856857785895409,20
REMO,WFG7,10,30,316,5.827068264016476,20
REMO,WFG7,10,30,317,5.827068264016476,20
REMO,WFG7,10,30,318,5.827068264016476,20
REMO,WFG7,10,30,319,5.827068264016476,20
REMO,WFG7,10,30,320,5.827068264016476,20
REMO,WFG7,10,30,321,5.827068264016476,20
REMO,WFG7,10,30,322,5.827068264016476,20
REMO,WFG7,10,30,323,5.827068264016476,20
REMO,WFG7,10,30,324,5.827068264016476,20
REMO,WFG7,10,30,325,5.827068264016476,20
REMO,WFG7,10,30,326,5.827068264016476,20
REMO,WFG7,10,30,327,5.827068264016476,20
REMO,WFG7,10,30,328,5.827068264016476,20
REMO,WFG7,10,30,329,5.827068264016476,20
REMO,WFG7,10,30,330,5.827068264016476,20
REMO,WFG7,10,30,331,5.827068264016476,20
REMO,WFG7,10,30,332,5.7494255987032306,20
REMO,WFG7,10,30,333,5.7494255987032306,20
REMO,WFG7,10,30,334,5.7494255987032306,20
REMO,WFG7,10,30,335,5.7494255987032306,20
REMO,WFG7,10,30,336,5.7494255987032306,20
REMO,WFG7,10,30,337,5.7494255987032306,20
REMO,WFG7,10,30,338,5.7494255987032306,20
REMO,WFG7,10,30,339,5.7494255987032306,20
REMO,WFG7,10,30,340,5.7494255987032306,20
REMO,WFG7,10,30,341,5.7494255987032306,20
REMO,WFG7,10,30,342,5.7494255987032306,20
REMO,WFG7,10,30,343,5.7494255987032306,20
REMO,WFG7,10,30,344,5.7494255987032306,20
REMO,WFG7,10,30,345,5.7494255987032306,20
REMO,WFG7,10,30,346,5.7494255987032306,20
REMO,WFG7,10,30,347,5.7494255987032306,20
REMO,WFG7,10,30,348,5.747519847234249,20
REMO,WFG7,10,30,349,5.747519847234249,20
REMO,WFG7,10,30,350,5.747519847234249,20
REMO,WFG7,10,30,351,5.747519847234249,20
REMO,WFG7,10,30,352,5.747519847234249,20
REMO,WFG7,10,30,353,5.747519847234249,20
REMO,WFG7,10,30,354,5.747519847234249,20
REMO,WFG7,10,30,355,5.747519847234249,20
REMO,WFG7,10,30,356,5.747519847234249,20
REMO,WFG7,10,30,357,5.747519847234249,20
REMO,WFG7,10,30,358,5.747519847234249,20
REMO,WFG7,10,30,359,5.747519847234249,20
REMO,WFG7,10,30,360,5.6658554610483405,20
REMO,WFG7,10,30,361,5.6658554610483405,20
REMO,WFG7,10,30,362,5.6658554610483405,20
REMO,WFG7,10,30,363,5.6658554610483405,20
REMO,WFG7,10,30,364,5.664371128281356,20
REMO,WFG7,10,30,365,5.664371128281356,20
REMO,WFG7,10,30,366,5.664371128281356,20
REMO,WFG7,10,30,367,5.664371128281356,20
REMO,WFG7,10,30,368,5.664371128281356,20
REMO,WFG7,10,30,369,5.664371128281356,20
REMO,WFG7,10,30,370,5.664371128281356,20
REMO,WFG7,10,30,371,5.664371128281356,20
REMO,WFG7,10,30,372,5.664371128281356,20
REMO,WFG7,10,30,373,5.664371128281356,20
REMO,WFG7,10,30,374,5.664371128281356,20
REMO,WFG7,10,30,375,5.664371128281356,20
REMO,WFG7,10,30,376,5.664371128281356,20
REMO,WFG7,10,30,377,5.664371128281356,20
REMO,WFG7,10,30,378,5.664371128281356,20
REMO,WFG7,10,30,379,5.664371128281356,20
REMO,WFG7,10,30,380,5.660644982787845,20
REMO,WFG7,10,30,381,5.660644982787845,20
REMO,WFG7,10,30,382,5.660644982787845,20
REMO,WFG7,10,30,383,5.660644982787845,20
REMO,WFG7,10,30,384,5.660644982787845,20
REMO,WFG7,10,30,385,5.660644982787845,20
REMO,WFG7,10,30,386,5.660644982787845,20
REMO,WFG7,10,30,387,5.660644982787845,20
REMO,WFG7,10,30,388,5.58310545249177,20
REMO,WFG7,10,30,389,5.58310545249177,20
REMO,WFG7,10,30,390,5.58310545249177,20
REMO,WFG7,10,30,391,5.58310545249177,20
REMO,WFG7,10,30,392,5.58310545249177,20
REMO,WFG7,10,30,393,5.58310545249177,20
REMO,WFG7,10,30,394,5.58310545249177,20
REMO,WFG7,10,30,395,5.58310545249177,20
REMO,WFG7,10,30,396,5.58310545249177,20
REMO,WFG7,10,30,397,5.58310545249177,20
REMO,WFG7,10,30,398,5.58310545249177,20
REMO,WFG7,10,30,399,5.58310545249177,20
REMO,WFG7,10,30,400,5.578177646630872,20
REMO,WFG7,10,30,401,5.578177646630872,20
REMO,WFG7,10,30,402,5.578177646630872,20
REMO,WFG7,10,30,403,5.578177646630872,20
REMO,WFG7,10,30,404,5.578177646630872,20
REMO,WFG7,10,30,405,5.578177646630872,20
REMO,WFG7,10,30,406,5.578177646630872,20
REMO,WFG7,10,30,407,5.578177646630872,20
REMO,WFG7,10,30,408,5.578177646630872,20
REMO,WFG7,10,30,409,5.578177646630872,20
REMO,WFG7,10,30,410,5.578177646630872,20
REMO,WFG7,10,30,411,5.578177646630872,20
REMO,WFG7,10,30,412,5.578177646630872,20
REMO,WFG7,10,30,413,5.578177646630872,20
REMO,WFG7,10,30,414,5.578177646630872,20
REMO,WFG7,10,30,415,5.578177646630872,20
REMO,WFG7,10,30,416,5.5326558024774135,20
REMO,WFG7,10,30,417,5.5326558024774135,20
REMO,WFG7,10,30,418,5.5326558024774135,20
REMO,WFG7,10,30,419,5.5326558024774135,20
REMO,WFG7,10,30,420,5.5326558024774135,20
REMO,WFG7,10,30,421,5.5326558024774135,20
REMO,WFG7,10,30,422,5.5326558024774135,20
REMO,WFG7,10,30,423,5.5326558024774135,20
REMO,WFG7,10,30,424,5.5326558024774135,20
REMO,WFG7,10,30,425,5.5326558024774135,20
REMO,WFG7,10,30,426,5.5326558024774135,20
REMO,WFG7,10,30,427,5.5326558024774135,20
REMO,WFG7,10,30,428,5.5326558024774135,20
REMO,WFG7,10,30,429,5.5326558024774135,20
REMO,WFG7,10,30,430,5.5326558024774135,20
REMO,WFG7,10,30,431,5.5326558024774135,20
REMO,WFG7,10,30,432,5.527113414878942,20
REMO,WFG7,10,30,433,5.527113414878942,20
REMO,WFG7,10,30,434,5.527113414878942,20
REMO,WFG7,10,30,435,5.527113414878942,20
REMO,WFG7,10,30,436,5.527113414878942,20
REMO,WFG7,10,30,437,5.527113414878942,20
REMO,WFG7,10,30,438,5.527113414878942,20
REMO,WFG7,10,30,439,5.527113414878942,20
REMO,WFG7,10,30,440,5.527113414878942,20
REMO,WFG7,10,30,441,5.527113414878942,20
REMO,WFG7,10,30,442,5.527113414878942,20
REMO,WFG7,10,30,443,5.527113414878942,20
REMO,WFG7,10,30,444,5.453207932536275,20
REMO,WFG7,10,30,445,5.453207932536275,20
REMO,WFG7,10,30,446,5.453207932536275,20
REMO,WFG7,10,30,447,5.453207932536275,20
REMO,WFG7,10,30,448,5.446929224035054,20
REMO,WFG7,10,30,449,5.446929224035054,20
REMO,WFG7,10,30,450,5.446929224035054,20
REMO,WFG7,10,30,451,5.446929224035054,20
REMO,WFG7,10,30,452,5.446929224035054,20
REMO,WFG7,10,30,453,5.446929224035054,20
REMO,WFG7,10,30,454,5.446929224035054,20
REMO,WFG7,10,30,455,5.446929224035054,20
REMO,WFG7,10,30,456,5.446929224035054,20
REMO,WFG7,10,30,457,5.446929224035054,20
REMO,WFG7,10,30,458,5.446929224035054,20
REMO,WFG7,10,30,459,5.446929224035054,20
REMO,WFG7,10,30,460,5.446929224035054,20
REMO,WFG7,10,30,461,5.446929224035054,20
REMO,WFG7,10,30,462,5.446929224035054,20
REMO,WFG7,10,30,463,5.446929224035054,20
REMO,WFG7,10,30,464,5.445782914402876,20
REMO,WFG7,10,30,465,5.445782914402876,20
REMO,WFG7,10,30,466,5.445782914402876,20
REMO,WFG7,10,30,467,5.445782914402876,20
REMO,WFG7,10,30,468,5.445782914402876,20
REMO,WFG7,10,30,469,5.445782914402876,20
REMO,WFG7,10,30,470,5.445782914402876,20
REMO,WFG7,10,30,471,5.445782914402876,20
REMO,WFG7,10,30,472,5.391792269713351,20
REMO,WFG7,10,30,473,5.391792269713351,20
REMO,WFG7,10,30,474,5.391792269713351,20
REMO,WFG7,10,30,475,5.391792269713351,20
REMO,WFG7,10,30,476,5.391792269713351,20
REMO,WFG7,10,30,477,5.391792269713351,20
REMO,WFG7,10,30,478,5.391792269713351,20
REMO,WFG7,10,30,479,5.391792269713351,20
REMO,WFG7,10,30,480,5.388351351468609,20
REMO,WFG7,10,30,481,5.388351351468609,20
REMO,WFG7,10,30,482,5.388351351468609,20
REMO,WFG7,10,30,483,5.388351351468609,20
REMO,WFG7,10,30,484,5.388351351468609,20
REMO,WFG7,10,30,485,5.388351351468609,20
REMO,WFG7,10,30,486,5.388351351468609,20
REMO,WFG7,10,30,487,5.388351351468609,20
REMO,WFG7,10,30,488,5.388351351468609,20
REMO,WFG7,10,30,489,5.388351351468609,20
REMO,WFG7,10,30,490,5.388351351468609,20
REMO,WFG7,10,30,491,5.388351351468609,20
REMO,WFG7,10,30,492,5.388351351468609,20
REMO,WFG7,10,30,493,5.388351351468609,20
REMO,WFG7,10,30,494,5.388351351468609,20
REMO,WFG7,10,30,495,5.388351351468609,20
REMO,WFG7,10,30,496,5.388351351468609,20
REMO,WFG7,10,30,497,5.388351351468609,20
REMO,WFG7,10,30,498,5.388351351468609,20
REMO,WFG7,10,30,499,5.388351351468609,20
REMO,WFG7,10,30,500,5.317847068350936,20
PCSAEA,WFG7,10,30,329,7.202382282692684,20
PCSAEA,WFG7,10,30,330,7.202382282692684,20
PCSAEA,WFG7,10,30,331,7.202382282692684,20
PCSAEA,WFG7,10,30,332,7.202382282692684,20
PCSAEA,WFG7,10,30,333,7.202382282692684,20
PCSAEA,WFG7,10,30,334,7.202382282692684,20
PCSAEA,WFG7,10,30,335,7.202382282692684,20
PCSAEA,WFG7,10,30,336,7.202382282692684,20
PCSAEA,WFG7,10,30,337,7.202382282692684,20
PCSAEA,WFG7,10,30,338,7.202382282692684,20
PCSAEA,WFG7,10,30,339,7.202382282692684,20
PCSAEA,WFG7,10,30,340,7.202382282692684,20
PCSAEA,WFG7,10,30,341,7.202382282692684,20
PCSAEA,WFG7,10,30,342,7.202382282692684,20
PCSAEA,WFG7,10,30,343,7.202382282692684,20
PCSAEA,WFG7,10,30,344,7.202382282692684,20
PCSAEA,WFG7,10,30,345,7.202382282692684,20
PCSAEA,WFG7,10,30,346,7.202382282692684,20
PCSAEA,WFG7,10,30,347,7.202382282692684,20
PCSAEA,WFG7,10,30,348,7.202382282692684,20
PCSAEA,WFG7,10,30,349,7.202382282692684,20
PCSAEA,WFG7,10,30,350,7.202382282692684,20
PCSAEA,WFG7,10,30,351,7.202382282692684,20
PCSAEA,WFG7,10,30,352,7.202382282692684,20
PCSAEA,WFG7,10,30,353,7.202382282692684,20
PCSAEA,WFG7,10,30,354,7.202382282692684,20
PCSAEA,WFG7,10,30,355,7.202382282692684,20
PCSAEA,WFG7,10,30,356,7.202382282692684,20
PCSAEA,WFG7,10,30,357,7.202382282692684,20
PCSAEA,WFG7,10,30,358,7.202382282692684,20
PCSAEA,WFG7,10,30,359,7.202382282692684,20
PCSAEA,WFG7,10,30,360,7.202382282692684,20
PCSAEA,WFG7,10,30,361,7.202382282692684,20
PCSAEA,WFG7,10,30,362,7.202382282692684,20
PCSAEA,WFG7,10,30,363,7.202382282692684,20
PCSAEA,WFG7,10,30,364,7.202382282692684,20
PCSAEA,WFG7,10,30,365,7.130835238588557,20
PCSAEA,WFG7,10,30,366,7.130835238588557,20
PCSAEA,WFG7,10,30,367,7.130835238588557,20
PCSAEA,WFG7,10,30,368,7.130835238588557,20
PCSAEA,WFG7,10,30,369,7.130835238588557,20
PCSAEA,WFG7,10,30,370,7.130835238588557,20
PCSAEA,WFG7,10,30,371,7.130835238588557,20
PCSAEA,WFG7,10,30,372,7.130835238588557,20
PCSAEA,WFG7,10,30,373,7.130835238588557,20
PCSAEA,WFG7,10,30,374,7.130835238588557,20
PCSAEA,WFG7,10,30,375,7.130835238588557,20
PCSAEA,WFG7,10,30,376,7.130835238588557,20
PCSAEA,WFG7,10,30,377,7.075821291503719,20
PCSAEA,WFG7,10,30,378,7.075821291503719,20
PCSAEA,WFG7,10,30,379,7.075821291503719,20
PCSAEA,WFG7,10,30,380,7.075821291503719,20
PCSAEA,WFG7,10,30,381,7.075821291503719,20
PCSAEA,WFG7,10,30,382,7.075821291503719,20
PCSAEA,WFG7,10,30,383,7.075821291503719,20
PCSAEA,WFG7,10,30,384,7.075821291503719,20
PCSAEA,WFG7,10,30,385,7.075821291503719,20
PCSAEA,WFG7,10,30,386,7.075821291503719,20
PCSAEA,WFG7,10,30,387,7.075821291503719,20
PCSAEA,WFG7,10,30,388,7.075821291503719,20
PCSAEA,WFG7,10,30,389,7.023278070621897,20
PCSAEA,WFG7,10,30,390,7.023278070621897,20
PCSAEA,WFG7,10,30,391,7.023278070621897,20
PCSAEA,WFG7,10,30,392,7.023278070621897,20
PCSAEA,WFG7,10,30,393,7.023278070621897,20
PCSAEA,WFG7,10,30,394,7.023278070621897,20
PCSAEA,WFG7,10,30,395,7.023278070621897,20
PCSAEA,WFG7,10,30,396,7.023278070621897,20
PCSAEA,WFG7,10,30,397,7.023278070621897,20
PCSAEA,WFG7,10,30,398,7.023278070621897,20
PCSAEA,WFG7,10,30,399,7.023278070621897,20
PCSAEA,WFG7,10,30,400,7.023278070621897,20
PCSAEA,WFG7,10,30,401,6.923748811017001,20
PCSAEA,WFG7,10,30,402,6.923748811017001,20
PCSAEA,WFG7,10,30,403,6.923748811017001,20
PCSAEA,WFG7,10,30,404,6.923748811017001,20
PCSAEA,WFG7,10,30,405,6.923748811017001,20
PCSAEA,WFG7,10,30,406,6.923748811017001,20
PCSAEA,WFG7,10,30,407,6.923748811017001,20
PCSAEA,WFG7,10,30,408,6.923748811017001,20
PCSAEA,WFG7,10,30,409,6.923748811017001,20
PCSAEA,WFG7,10,30,410,6.923748811017001,20
PCSAEA,WFG7,10,30,411,6.923748811017001,20
PCSAEA,WFG7,10,30,412,6.923748811017001,20
PCSAEA,WFG7,10,30,413,6.857777251835001,20
PCSAEA,WFG7,10,30,414,6.857777251835001,20
PCSAEA,WFG7,10,30,415,6.857777251835001,20
PCSAEA,WFG7,10,30,416,6.857777251835001,20
PCSAEA,WFG7,10,30,417,6.857777251835001,20
PCSAEA,WFG7,10,30,418,6.857777251835001,20
PCSAEA,WFG7,10,30,419,6.857777251835001,20
PCSAEA,WFG7,10,30,420,6.857777251835001,20
PCSAEA,WFG7,10,30,421,6.857777251835001,20
PCSAEA,WFG7,10,30,422,6.857777251835001,20
PCSAEA,WFG7,10,30,423,6.857777251835001,20
PCSAEA,WFG7,10,30,424,6.857777251835001,20
PCSAEA,WFG7,10,30,425,6.749896099653389,20
PCSAEA,WFG7,10,30,426,6.749896099653389,20
PCSAEA,WFG7,10,30,427,6.749896099653389,20
PCSAEA,WFG7,10,30,428,6.749896099653389,20
PCSAEA,WFG7,10,30,429,6.749896099653389,20
PCSAEA,WFG7,10,30,430,6.749896099653389,20
PCSAEA,WFG7,10,30,431,6.749896099653389,20
PCSAEA,WFG7,10,30,432,6.749896099653389,20
PCSAEA,WFG7,10,30,433,6.749896099653389,20
PCSAEA,WFG7,10,30,434,6.749896099653389,20
PCSAEA,WFG7,10,30,435,6.749896099653389,20
PCSAEA,WFG7,10,30,436,6.749896099653389,20
PCSAEA,WFG7,10,30,437,6.697622154755097,20
PCSAEA,WFG7,10,30,438,6.697622154755097,20
PCSAEA,WFG7,10,30,439,6.697622154755097,20
PCSAEA,WFG7,10,30,440,6.697622154755097,20
PCSAEA,WFG7,10,30,441,6.697622154755097,20
PCSAEA,WFG7,10,30,442,6.697622154755097,20
PCSAEA,WFG7,10,30,443,6.697622154755097,20
PCSAEA,WFG7,10,30,444,6.697622154755097,20
PCSAEA,WFG7,10,30,445,6.697622154755097,20
PCSAEA,WFG7,10,30,446,6.697622154755097,20
PCSAEA,WFG7,10,30,447,6.697622154755097,20
PCSAEA,WFG7,10,30,448,6.697622154755097,20
PCSAEA,WFG7,10,30,449,6.66456924254459,20
PCSAEA,WFG7,10,30,450,6.66456924254459,20
PCSAEA,WFG7,10,30,451,6.66456924254459,20
PCSAEA,WFG7,10,30,452,6.66456924254459,20
PCSAEA,WFG7,10,30,453,6.66456924254459,20
PCSAEA,WFG7,10,30,454,6.66456924254459,20
PCSAEA,WFG7,10,30,455,6.66456924254459,20
PCSAEA,WFG7,10,30,456,6.66456924254459,20
PCSAEA,WFG7,10,30,457,6.66456924254459,20
PCSAEA,WFG7,10,30,458,6.66456924254459,20
PCSAEA,WFG7,10,30,459,6.66456924254459,20
PCSAEA,WFG7,10,30,460,6.66456924254459,20
PCSAEA,WFG7,10,30,461,6.599044289124758,20
PCSAEA,WFG7,10,30,462,6.599044289124758,20
PCSAEA,WFG7,10,30,463,6.599044289124758,20
PCSAEA,WFG7,10,30,464,6.599044289124758,20
PCSAEA,WFG7,10,30,465,6.599044289124758,20
PCSAEA,WFG7,10,30,466,6.599044289124758,20
PCSAEA,WFG7,10,30,467,6.599044289124758,20
PCSAEA,WFG7,10,30,468,6.599044289124758,20
PCSAEA,WFG7,10,30,469,6.599044289124758,20
PCSAEA,WFG7,10,30,470,6.599044289124758,20
PCSAEA,WFG7,10,30,471,6.599044289124758,20
PCSAEA,WFG7,10,30,472,6.599044289124758,20
PCSAEA,WFG7,10,30,473,6.5631147128486464,20
PCSAEA,WFG7,10,30,474,6.5631147128486464,20
PCSAEA,WFG7,10,30,475,6.5631147128486464,20
PCSAEA,WFG7,10,30,476,6.5631147128486464,20
PCSAEA,WFG7,10,30,477,6.5631147128486464,20
PCSAEA,WFG7,10,30,478,6.5631147128486464,20
PCSAEA,WFG7,10,30,479,6.5631147128486464,20
PCSAEA,WFG7,10,30,480,6.5631147128486464,20
PCSAEA,WFG7,10,30,481,6.5631147128486464,20
PCSAEA,WFG7,10,30,482,6.5631147128486464,20
PCSAEA,WFG7,10,30,483,6.5631147128486464,20
PCSAEA,WFG7,10,30,484,6.5631147128486464,20
PCSAEA,WFG7,10,30,485,6.4763223049957945,20
PCSAEA,WFG7,10,30,486,6.4763223049957945,20
PCSAEA,WFG7,10,30,487,6.4763223049957945,20
PCSAEA,WFG7,10,30,488,6.4763223049957945,20
PCSAEA,WFG7,10,30,489,6.4763223049957945,20
PCSAEA,WFG7,10,30,490,6.4763223049957945,20
PCSAEA,WFG7,10,30,491,6.4763223049957945,20
PCSAEA,WFG7,10,30,492,6.4763223049957945,20
PCSAEA,WFG7,10,30,493,6.4763223049957945,20
PCSAEA,WFG7,10,30,494,6.4763223049957945,20
PCSAEA,WFG7,10,30,495,6.4763223049957945,20
PCSAEA,WFG7,10,30,496,6.4763223049957945,20
PCSAEA,WFG7,10,30,497,6.453227733436153,20
PCSAEA,WFG7,10,30,498,6.453227733436153,20
PCSAEA,WFG7,10,30,499,6.453227733436153,20
PCSAEA,WFG7,10,30,500,6.453227733436153,20
CSEA,WFG7,10,30,109,8.084309578599363,20
CSEA,WFG7,10,30,110,8.084309578599363,20
CSEA,WFG7,10,30,111,8.084309578599363,20
CSEA,WFG7,10,30,112,8.084309578599363,20
CSEA,WFG7,10,30,113,8.084309578599363,20
CSEA,WFG7,10,30,114,8.084309578599363,20
CSEA,WFG7,10,30,115,8.084309578599363,20
CSEA,WFG7,10,30,116,8.084309578599363,20
CSEA,WFG7,10,30,117,8.084309578599363,20
CSEA,WFG7,10,30,118,8.079731714953677,20
CSEA,WFG7,10,30,119,8.0087867372605,20
CSEA,WFG7,10,30,120,7.9101389168581715,20
CSEA,WFG7,10,30,121,7.86200142361439,20
CSEA,WFG7,10,30,122,7.86200142361439,20
CSEA,WFG7,10,30,123,7.86200142361439,20
CSEA,WFG7,10,30,124,7.86200142361439,20
CSEA,WFG7,10,30,125,7.86200142361439,20
CSEA,WFG7,10,30,126,7.86200142361439,20
CSEA,WFG7,10,30,127,7.86200142361439,20
CSEA,WFG7,10,30,128,7.86200142361439,20
CSEA,WFG7,10,30,129,7.86200142361439,20
CSEA,WFG7,10,30,130,7.75949987525526,20
CSEA,WFG7,10,30,131,7.705262651848814,20
CSEA,WFG7,10,30,132,7.650018205898833,20
CSEA,WFG7,10,30,133,7.63421466972998,20
CSEA,WFG7,10,30,134,7.63421466972998,20
CSEA,WFG7,10,30,135,7.63421466972998,20
CSEA,WFG7,10,30,136,7.63421466972998,20
CSEA,WFG7,10,30,137,7.63421466972998,20
CSEA,WFG7,10,30,138,7.63421466972998,20
CSEA,WFG7,10,30,139,7.63421466972998,20
CSEA,WFG7,10,30,140,7.619822986812989,20
CSEA,WFG7,10,30,141,7.61604758259279,20
CSEA,WFG7,10,30,142,7.5864230795948915,20
CSEA,WFG7,10,30,143,7.576654103577203,20
CSEA,WFG7,10,30,144,7.562012941984949,20
CSEA,WFG7,10,30,145,7.516158265050618,20
CSEA,WFG7,10,30,146,7.516158265050618,20
CSEA,WFG7,10,30,147,7.516158265050618,20
CSEA,WFG7,10,30,148,7.516158265050618,20
CSEA,WFG7,10,30,149,7.516158265050618,20
CSEA,WFG7,10,30,150,7.516158265050618,20
CSEA,WFG7,10,30,151,7.515789418422048,20
CSEA,WFG7,10,30,152,7.515789418422048,20
CSEA,WFG7,10,30,153,7.515216922211202,20
CSEA,WFG7,10,30,154,7.504475650093835,20
CSEA,WFG7,10,30,155,7.501824681125052,20
CSEA,WFG7,10,30,156,7.462008806021049,20
CSEA,WFG7,10,30,157,7.437284698206322,20
CSEA,WFG7,10,30,158,7.437284698206322,20
CSEA,WFG7,10,30,159,7.437284698206322,20
CSEA,WFG7,10,30,160,7.437284698206322,20
CSEA,WFG7,10,30,161,7.437284698206322,20
CSEA,WFG7,10,30,162,7.437284698206322,20
CSEA,WFG7,10,30,163,7.428960305195629,20
CSEA,WFG7,10,30,164,7.428960305195629,20
CSEA,WFG7,10,30,165,7.42581125823815,20
CSEA,WFG7,10,30,166,7.34583951717597,20
CSEA,WFG7,10,30,167,7.344675706723606,20
CSEA,WFG7,10,30,168,7.325369442148234,20
CSEA,WFG7,10,30,169,7.27309924109683,20
CSEA,WFG7,10,30,170,7.27309924109683,20
CSEA,WFG7,10,30,171,7.27309924109683,20
CSEA,WFG7,10,30,172,7.27309924109683,20
CSEA,WFG7,10,30,173,7.27309924109683,20
CSEA,WFG7,10,30,174,7.27309924109683,20
CSEA,WFG7,10,30,175,7.272404307858078,20
CSEA,WFG7,10,30,176,7.272404307858078,20
CSEA,WFG7,10,30,177,7.272196294936393,20
CSEA,WFG7,10,30,178,7.25247764631739,20
CSEA,WFG7,10,30,179,7.251799869804238,20
CSEA,WFG7,10,30,180,7.2204956937133105,20
CSEA,WFG7,10,30,181,7.213446600787231,20
CSEA,WFG7,10,30,182,7.213446600787231,20
CSEA,WFG7,10,30,183,7.213446600787231,20
CSEA,WFG7,10,30,184,7.213446600787231,20
CSEA,WFG7,10,30,185,7.213446600787231,20
CSEA,WFG7,10,30,186,7.213446600787231,20
CSEA,WFG7,10,30,187,7.213225604840661,20
CSEA,WFG7,10,30,188,7.213225604840661,20
CSEA,WFG7,10,30,189,7.21299956512936,20
CSEA,WFG7,10,30,190,7.161827325095771,20
CSEA,WFG7,10,30,191,7.157396990640227,20
CSEA,WFG7,10,30,192,7.14593523622419,20
CSEA,WFG7,10,30,193,7.117348773626629,20
CSEA,WFG7,10,30,194,7.117348773626629,20
CSEA,WFG7,10,30,195,7.117348773626629,20
CSEA,WFG7,10,30,196,7.117348773626629,20
CSEA,WFG7,10,30,197,7.117348773626629,20
CSEA,WFG7,10,30,198,7.117348773626629,20
CSEA,WFG7,10,30,199,7.116947825301783,20
CSEA,WFG7,10,30,200,7.116947825301783,20
CSEA,WFG7,10,30,201,7.115750303118562,20
CSEA,WFG7,10,30,202,7.111446620848072,20
CSEA,WFG7,10,30,203,7.109607292643082,20
CSEA,WFG7,10,30,204,7.058611188368348,20
CSEA,WFG7,10,30,205,7.038625587575675,20
CSEA,WFG7,10,30,206,7.038625587575675,20
CSEA,WFG7,10,30,207,7.038625587575675,20
CSEA,WFG7,10,30,208,7.038625587575675,20
CSEA,WFG7,10,30,209,7.038625587575675,20
CSEA,WFG7,10,30,210,7.038625587575675,20
CSEA,WFG7,10,30,211,7.038429866130099,20
CSEA,WFG7,10,30,212,7.038429866130099,20
CSEA,WFG7,10,30,213,7.038180824883308,20
CSEA,WFG7,10,30,214,7.032026070393863,20
CSEA,WFG7,10,30,215,7.004473803489775,20
CSEA,WFG7,10,30,216,6.994364947047941,20
CSEA,WFG7,10,30,217,6.965171530933679,20
CSEA,WFG7,10,30,218,6.965171530933679,20
CSEA,WFG7,10,30,219,6.965171530933679,20
CSEA,WFG7,10,30,220,6.965171530933679,20
CSEA,WFG7,10,30,221,6.965171530933679,20
CSEA,WFG7,10,30,222,6.965171530933679,20
CSEA,WFG7,10,30,223,6.964672385185807,20
CSEA,WFG7,10,30,224,6.964672385185807,20
CSEA,WFG7,10,30,225,6.962685104092839,20
CSEA,WFG7,10,30,226,6.955794128240887,20
CSEA,WFG7,10,30,227,6.954280064883068,20
CSEA,WFG7,10,30,228,6.895403999007979,20
CSEA,WFG7,10,30,229,6.89287591958426,20
CSEA,WFG7,10,30,230,6.89287591958426,20
CSEA,WFG7,10,30,231,6.89287591958426,20
CSEA,WFG7,10,30,232,6.89287591958426,20
CSEA,WFG7,10,30,233,6.89287591958426,20
CSEA,WFG7,10,30,234,6.89287591958426,20
CSEA,WFG7,10,30,235,6.892645361413898,20
CSEA,WFG7,10,30,236,6.892645361413898,20
CSEA,WFG7,10,30,237,6.891980272975235,20
CSEA,WFG7,10,30,238,6.871232441614164,20
CSEA,WFG7,10,30,239,6.869614472775329,20
CSEA,WFG7,10,30,240,6.839522138011404,20
CSEA,WFG7,10,30,241,6.811531591290526,20
CSEA,WFG7,10,30,242,6.811531591290526,20
CSEA,WFG7,10,30,243,6.811531591290526,20
CSEA,WFG7,10,30,244,6.811531591290526,20
CSEA,WFG7,10,30,245,6.811531591290526,20
CSEA,WFG7,10,30,246,6.811248510339864,20
CSEA,WFG7,10,30,247,6.811248510339864,20
CSEA,WFG7,10,30,248,6.811248510339864,20
CSEA,WFG7,10,30,249,6.809290938009281,20
CSEA,WFG7,10,30,250,6.788337529231893,20
CSEA,WFG7,10,30,251,6.772310272984411,20
CSEA,WFG7,10,30,252,6.736610403018969,20
CSEA,WFG7,10,30,253,6.7308968413298516,20
CSEA,WFG7,10,30,254,6.7308968413298516,20
CSEA,WFG7,10,30,255,6.7308968413298516,20
CSEA,WFG7,10,30,256,6.7308968413298516,20
CSEA,WFG7,10,30,257,6.7308968413298516,20
CSEA,WFG7,10,30,258,6.729569830468283,20
CSEA,WFG7,10,30,259,6.729569830468283,20
CSEA,WFG7,10,30,260,6.729569830468283,20
CSEA,WFG7,10,30,261,6.7283767177595735,20
CSEA,WFG7,10,30,262,6.690586110739588,20
CSEA,WFG7,10,30,263,6.638473806143807,20
CSEA,WFG7,10,30,264,6.624438493376637,20
CSEA,WFG7,10,30,265,6.620804047516731,20
CSEA,WFG7,10,30,266,6.620804047516731,20
CSEA,WFG7,10,30,267,6.620804047516731,20
CSEA,WFG7,10,30,268,6.620804047516731,20
CSEA,WFG7,10,30,269,6.620804047516731,20
CSEA,WFG7,10,30,270,6.619685472345802,20
CSEA,WFG7,10,30,271,6.619685472345802,20
CSEA,WFG7,10,30,272,6.619685472345802,20
CSEA,WFG7,10,30,273,6.617521486931752,20
CSEA,WFG7,10,30,274,6.608613540681349,20
CSEA,WFG7,10,30,275,6.601132061533778,20
CSEA,WFG7,10,30,276,6.598330060138468,20
CSEA,WFG7,10,30,277,6.576027541082364,20
CSEA,WFG7,10,30,278,6.576027541082364,20
CSEA,WFG7,10,30,279,6.576027541082364,20
CSEA,WFG7,10,30,280,6.576027541082364,20
CSEA,WFG7,10,30,281,6.576027541082364,20
CSEA,WFG7,10,30,282,6.575383061015813,20
CSEA,WFG7,10,30,283,6.575383061015813,20
CSEA,WFG7,10,30,284,6.575383061015813,20
CSEA,WFG7,10,30,285,6.575187797689909,20
CSEA,WFG7,10,30,286,6.572806904310097,20
CSEA,WFG7,10,30,287,6.535265494010048,20
CSEA,WFG7,10,30,288,6.510697107575322,20
CSEA,WFG7,10,30,289,6.50741194613677,20
CSEA,WFG7,10,30,290,6.50741194613677,20
CSEA,WFG7,10,30,291,6.50741194613677,20
CSEA,WFG7,10,30,292,6.50741194613677,20
CSEA,WFG7,10,30,293,6.50741194613677,20
CSEA,WFG7,10,30,294,6.506754498000129,20
CSEA,WFG7,10,30,295,6.506754498000129,20
CSEA,WFG7,10,30,296,6.506754498000129,20
CSEA,WFG7,10,30,297,6.505648039405669,20
CSEA,WFG7,10,30,298,6.500315782237673,20
CSEA,WFG7,10,30,299,6.498941303808039,20
CSEA,WFG7,10,30,300,6.488588191597257,20
CSEA,WFG7,10,30,301,6.48521719707062,20
CSEA,WFG7,10,30,302,6.48521719707062,20
CSEA,WFG7,10,30,303,6.48521719707062,20
CSEA,WFG7,10,30,304,6.48521719707062,20
CSEA,WFG7,10,30,305,6.48521719707062,20
CSEA,WFG7,10,30,306,6.485170778863681,20
CSEA,WFG7,10,30,307,6.485170778863681,20
CSEA,WFG7,10,30,308,6.484333554596351,20
CSEA,WFG7,10,30,309,6.48334199668556,20
CSEA,WFG7,10,30,310,6.471583942851224,20
CSEA,WFG7,10,30,311,6.464993175026966,20
CSEA,WFG7,10,30,312,6.4603443380819074,20
CSEA,WFG7,10,30,313,6.44817763789352,20
CSEA,WFG7,10,30,314,6.44817763789352,20
CSEA,WFG7,10,30,315,6.44817763789352,20
CSEA,WFG7,10,30,316,6.44817763789352,20
CSEA,WFG7,10,30,317,6.44817763789352,20
CSEA,WFG7,10,30,318,6.4478742390424895,20
CSEA,WFG7,10,30,319,6.4478742390424895,20
CSEA,WFG7,10,30,320,6.434065255943689,20
CSEA,WFG7,10,30,321,6.433743987607888,20
CSEA,WFG7,10,30,322,6.423341735274539,20
CSEA,WFG7,10,30,323,6.417281894914493,20
CSEA,WFG7,10,30,324,6.4119272629369135,20
CSEA,WFG7,10,30,325,6.396729267355181,20
CSEA,WFG7,10,30,326,6.396729267355181,20
CSEA,WFG7,10,30,327,6.396729267355181,20
CSEA,WFG7,10,30,328,6.396729267355181,20
CSEA,WFG7,10,30,329,6.396729267355181,20
CSEA,WFG7,10,30,330,6.396432463103395,20
CSEA,WFG7,10,30,331,6.396432463103395,20
CSEA,WFG7,10,30,332,6.395886919138827,20
CSEA,WFG7,10,30,333,6.393503443438942,20
CSEA,WFG7,10,30,334,6.387451472030574,20
CSEA,WFG7,10,30,335,6.3857976068695175,20
CSEA,WFG7,10,30,336,6.380300766019378,20
CSEA,WFG7,10,30,337,6.3687939230884405,20
CSEA,WFG7,10,30,338,6.3687939230884405,20
CSEA,WFG7,10,30,339,6.3687939230884405,20
CSEA,WFG7,10,30,340,6.3687939230884405,20
CSEA,WFG7,10,30,341,6.3687939230884405,20
CSEA,WFG7,10,30,342,6.368242623213782,20
CSEA,WFG7,10,30,343,6.368242623213782,20
CSEA,WFG7,10,30,344,6.36733509727677,20
CSEA,WFG7,10,30,345,6.36648095710352,20
CSEA,WFG7,10,30,346,6.3652974946995595,20
CSEA,WFG7,10,30,347,6.325511556019864,20
CSEA,WFG7,10,30,348,6.304277579106559,20
CSEA,WFG7,10,30,349,6.302182157689412,20
CSEA,WFG7,10,30,350,6.302182157689412,20
CSEA,WFG7,10,30,351,6.302182157689412,20
CSEA,WFG7,10,30,352,6.302182157689412,20
CSEA,WFG7,10,30,353,6.302182157689412,20
CSEA,WFG7,10,30,354,6.302182157689412,20
CSEA,WFG7,10,30,355,6.302182157689412,20
CSEA,WFG7,10,30,356,6.300954108384169,20
CSEA,WFG7,10,30,357,6.299360097020879,20
CSEA,WFG7,10,30,358,6.2976363236391135,20
CSEA,WFG7,10,30,359,6.286912386210631,20
CSEA,WFG7,10,30,360,6.2859907269642274,20
CSEA,WFG7,10,30,361,6.2855817060410555,20
CSEA,WFG7,10,30,362,6.2855817060410555,20
CSEA,WFG7,10,30,363,6.2855817060410555,20
CSEA,WFG7,10,30,364,6.2855817060410555,20
CSEA,WFG7,10,30,365,6.2855817060410555,20
CSEA,WFG7,10,30,366,6.282226043780515,20
CSEA,WFG7,10,30,367,6.282226043780515,20
CSEA,WFG7,10,30,368,6.282226043780515,20
CSEA,WFG7,10,30,369,6.282226043780515,20
CSEA,WFG7,10,30,370,6.282226043780515,20
CSEA,WFG7,10,30,371,6.282226043780515,20
CSEA,WFG7,10,30,372,6.280592240390005,20
CSEA,WFG7,10,30,373,6.279488200070372,20
CSEA,WFG7,10,30,374,6.279488200070372,20
CSEA,WFG7,10,30,375,6.279488200070372,20
CSEA,WFG7,10,30,376,6.279488200070372,20
CSEA,WFG7,10,30,377,6.279488200070372,20
CSEA,WFG7,10,30,378,6.277404016108872,20
CSEA,WFG7,10,30,379,6.277404016108872,20
CSEA,WFG7,10,30,380,6.277296204530388,20
CSEA,WFG7,10,30,381,6.271362693963879,20
CSEA,WFG7,10,30,382,6.268598906376445,20
CSEA,WFG7,10,30,383,6.251015812963862,20
CSEA,WFG7,10,30,384,6.251015812963862,20
CSEA,WFG7,10,30,385,6.251015812963862,20
CSEA,WFG7,10,30,386,6.251015812963862,20
CSEA,WFG7,10,30,387,6.251015812963862,20
CSEA,WFG7,10,30,388,6.251015812963862,20
CSEA,WFG7,10,30,389,6.250625330526686,20
CSEA,WFG7,10,30,390,6.2502242614408905,20
CSEA,WFG7,10,30,391,6.2502242614408905,20
CSEA,WFG7,10,30,392,6.250194840495338,20
CSEA,WFG7,10,30,393,6.247614015738177,20
CSEA,WFG7,10,30,394,6.235523489852861,20
CSEA,WFG7,10,30,395,6.2295576641045605,20
CSEA,WFG7,10,30,396,6.159782450097679,20
CSEA,WFG7,10,30,397,6.120245063807506,20
CSEA,WFG7,10,30,398,6.120245063807506,20
CSEA,WFG7,10,30,399,6.120245063807506,20
CSEA,WFG7,10,30,400,6.120245063807506,20
CSEA,WFG7,10,30,401,6.120245063807506,20
CSEA,WFG7,10,30,402,6.120245063807506,20
CSEA,WFG7,10,30,403,6.120245063807506,20
CSEA,WFG7,10,30,404,6.120245063807506,20
CSEA,WFG7,10,30,405,6.119399488080028,20
CSEA,WFG7,10,30,406,6.111162301881981,20
CSEA,WFG7,10,30,407,6.105056450435636,20
CSEA,WFG7,10,30,408,6.101194151169107,20
CSEA,WFG7,10,30,409,6.100018295080776,20
CSEA,WFG7,10,30,410,6.100018295080776,20
CSEA,WFG7,10,30,411,6.100018295080776,20
CSEA,WFG7,10,30,412,6.100018295080776,20
CSEA,WFG7,10,30,413,6.099377361605859,20
CSEA,WFG7,10,30,414,6.0987527886491755,20
CSEA,WFG7,10,30,415,6.0982328399641315,20
CSEA,WFG7,10,30,416,6.0960006435335,20
CSEA,WFG7,10,30,417,6.0960006435335,20
CSEA,WFG7,10,30,418,6.0960006435335,20
CSEA,WFG7,10,30,419,6.0960006435335,20
CSEA,WFG7,10,30,420,6.0960006435335,20
CSEA,WFG7,10,30,421,6.0960006435335,20
CSEA,WFG7,10,30,422,6.0960006435335,20
CSEA,WFG7,10,30,423,6.0960006435335,20
CSEA,WFG7,10,30,424,6.095111877574813,20
CSEA,WFG7,10,30,425,6.095111877574813,20
CSEA,WFG7,10,30,426,6.093467486862423,20
CSEA,WFG7,10,30,427,6.093463458593063,20
CSEA,WFG7,10,30,428,6.093043889532609,20
CSEA,WFG7,10,30,429,6.068369015205496,20
CSEA,WFG7,10,30,430,6.064600906431453,20
CSEA,WFG7,10,30,431,6.060281367951307,20
CSEA,WFG7,10,30,432,6.056133907387464,20
CSEA,WFG7,10,30,433,6.035817387552814,20
CSEA,WFG7,10,30,434,6.035817387552814,20
CSEA,WFG7,10,30,435,6.035817387552814,20
CSEA,WFG7,10,30,436,6.035817387552814,20
CSEA,WFG7,10,30,437,6.035817387552814,20
CSEA,WFG7,10,30,438,6.035817387552814,20
CSEA,WFG7,10,30,439,6.03444771140916,20
CSEA,WFG7,10,30,440,6.034190520203155,20
CSEA,WFG7,10,30,441,6.033955035843833,20
CSEA,WFG7,10,30,442,6.032617184062319,20
CSEA,WFG7,10,30,443,6.028069704770074,20
CSEA,WFG7,10,30,444,6.022852005427617,20
CSEA,WFG7,10,30,445,6.020323872989443,20
CSEA,WFG7,10,30,446,6.020323872989443,20
CSEA,WFG7,10,30,447,6.020323872989443,20
CSEA,WFG7,10,30,448,6.019941949341542,20
CSEA,WFG7,10,30,449,6.019941949341542,20
CSEA,WFG7,10,30,450,6.017532002778058,20
CSEA,WFG7,10,30,451,6.017532002778058,20
CSEA,WFG7,10,30,452,6.017532002778058,20
CSEA,WFG7,10,30,453,6.017532002778058,20
CSEA,WFG7,10,30,454,6.017532002778058,20
CSEA,WFG7,10,30,455,6.016237016805539,20
CSEA,WFG7,10,30,456,6.016129574068828,20
CSEA,WFG7,10,30,457,6.012126442269349,20
CSEA,WFG7,10,30,458,6.012126442269349,20
CSEA,WFG7,10,30,459,6.012126442269349,20
CSEA,WFG7,10,30,460,6.011538609076923,20
CSEA,WFG7,10,30,461,6.011538609076923,20
CSEA,WFG7,10,30,462,6.0114137962021825,20
CSEA,WFG7,10,30,463,6.011255524661795,20
CSEA,WFG7,10,30,464,6.0070315026374885,20
CSEA,WFG7,10,30,465,6.005766041818615,20
CSEA,WFG7,10,30,466,5.989328322745188,20
CSEA,WFG7,10,30,467,5.989328322745188,20
CSEA,WFG7,10,30,468,5.989328322745188,20
CSEA,WFG7,10,30,469,5.989328322745188,20
CSEA,WFG7,10,30,470,5.989328322745188,20
CSEA,WFG7,10,30,471,5.989328322745188,20
CSEA,WFG7,10,30,472,5.988941117261408,20
CSEA,WFG7,10,30,473,5.988941117261408,20
CSEA,WFG7,10,30,474,5.988731870488501,20
CSEA,WFG7,10,30,475,5.988661889084555,20
CSEA,WFG7,10,30,476,5.987094219982139,20
CSEA,WFG7,10,30,477,5.987094219982139,20
CSEA,WFG7,10,30,478,5.974422934664575,20
CSEA,WFG7,10,30,479,5.958850839887321,20
CSEA,WFG7,10,30,480,5.958647547526609,20
CSEA,WFG7,10,30,481,5.951120095761711,20
CSEA,WFG7,10,30,482,5.951120095761711,20
CSEA,WFG7,10,30,483,5.951120095761711,20
CSEA,WFG7,10,30,484,5.951120095761711,20
CSEA,WFG7,10,30,485,5.951120095761711,20
CSEA,WFG7,10,30,486,5.951120095761711,20
CSEA,WFG7,10,30,487,5.951120095761711,20
CSEA,WFG7,10,30,488,5.951120095761711,20
CSEA,WFG7,10,30,489,5.951120095761711,20
CSEA,WFG7,10,30,490,5.951120095761711,20
CSEA,WFG7,10,30,491,5.951120095761711,20
CSEA,WFG7,10,30,492,5.951120095761711,20
CSEA,WFG7,10,30,493,5.951120095761711,20
CSEA,WFG7,10,30,494,5.951120095761711,20
CSEA,WFG7,10,30,495,5.951120095761711,20
CSEA,WFG7,10,30,496,5.951120095761711,20
CSEA,WFG7,10,30,497,5.951120095761711,20
CSEA,WFG7,10,30,498,5.951120095761711,20
CSEA,WFG7,10,30,499,5.951120095761711,20
CSEA,WFG7,10,30,500,5.942169797244914,20
HES_EA,WFG7,10,30,329,6.945679977917507,20
HES_EA,WFG7,10,30,330,6.945679977917507,20
HES_EA,WFG7,10,30,331,6.945679977917507,20
HES_EA,WFG7,10,30,332,6.945679977917507,20
HES_EA,WFG7,10,30,333,6.945679977917507,20
HES_EA,WFG7,10,30,334,6.914782778000228,20
HES_EA,WFG7,10,30,335,6.914782778000228,20
HES_EA,WFG7,10,30,336,6.914782778000228,20
HES_EA,WFG7,10,30,337,6.914782778000228,20
HES_EA,WFG7,10,30,338,6.914782778000228,20
HES_EA,WFG7,10,30,339,6.824395772653051,20
HES_EA,WFG7,10,30,340,6.824395772653051,20
HES_EA,WFG7,10,30,341,6.824395772653051,20
HES_EA,WFG7,10,30,342,6.824395772653051,20
HES_EA,WFG7,10,30,343,6.824395772653051,20
HES_EA,WFG7,10,30,344,6.77551386846621,20
HES_EA,WFG7,10,30,345,6.77551386846621,20
HES_EA,WFG7,10,30,346,6.77551386846621,20
HES_EA,WFG7,10,30,347,6.77551386846621,20
HES_EA,WFG7,10,30,348,6.77551386846621,20
HES_EA,WFG7,10,30,349,6.685931353690601,20
HES_EA,WFG7,10,30,350,6.685931353690601,20
HES_EA,WFG7,10,30,351,6.685931353690601,20
HES_EA,WFG7,10,30,352,6.685931353690601,20
HES_EA,WFG7,10,30,353,6.685931353690601,20
HES_EA,WFG7,10,30,354,6.613443045935496,20
HES_EA,WFG7,10,30,355,6.613443045935496,20
HES_EA,WFG7,10,30,356,6.613443045935496,20
HES_EA,WFG7,10,30,357,6.613443045935496,20
HES_EA,WFG7,10,30,358,6.613443045935496,20
HES_EA,WFG7,10,30,359,6.5427488693706435,20
HES_EA,WFG7,10,30,360,6.5427488693706435,20
HES_EA,WFG7,10,30,361,6.5427488693706435,20
HES_EA,WFG7,10,30,362,6.5427488693706435,20
HES_EA,WFG7,10,30,363,6.5427488693706435,20
HES_EA,WFG7,10,30,364,6.424890634189924,20
HES_EA,WFG7,10,30,365,6.424890634189924,20
HES_EA,WFG7,10,30,366,6.424890634189924,20
HES_EA,WFG7,10,30,367,6.424890634189924,20
HES_EA,WFG7,10,30,368,6.424890634189924,20
HES_EA,WFG7,10,30,369,6.372187546147344,20
HES_EA,WFG7,10,30,370,6.372187546147344,20
HES_EA,WFG7,10,30,371,6.372187546147344,20
HES_EA,WFG7,10,30,372,6.372187546147344,20
HES_EA,WFG7,10,30,373,6.372187546147344,20
HES_EA,WFG7,10,30,374,6.313523931748047,20
HES_EA,WFG7,10,30,375,6.313523931748047,20
HES_EA,WFG7,10,30,376,6.313523931748047,20
HES_EA,WFG7,10,30,377,6.313523931748047,20
HES_EA,WFG7,10,30,378,6.313523931748047,20
HES_EA,WFG7,10,30,379,6.254615850271862,20
HES_EA,WFG7,10,30,380,6.254615850271862,20
HES_EA,WFG7,10,30,381,6.254615850271862,20
HES_EA,WFG7,10,30,382,6.254615850271862,20
HES_EA,WFG7,10,30,383,6.254615850271862,20
HES_EA,WFG7,10,30,384,6.209341466170292,20
HES_EA,WFG7,10,30,385,6.209341466170292,20
HES_EA,WFG7,10,30,386,6.209341466170292,20
HES_EA,WFG7,10,30,387,6.209341466170292,20
HES_EA,WFG7,10,30,388,6.209341466170292,20
HES_EA,WFG7,10,30,389,6.150094975186588,20
HES_EA,WFG7,10,30,390,6.150094975186588,20
HES_EA,WFG7,10,30,391,6.150094975186588,20
HES_EA,WFG7,10,30,392,6.150094975186588,20
HES_EA,WFG7,10,30,393,6.150094975186588,20
HES_EA,WFG7,10,30,394,6.0723362225111055,20
HES_EA,WFG7,10,30,395,6.0723362225111055,20
HES_EA,WFG7,10,30,396,6.0723362225111055,20
HES_EA,WFG7,10,30,397,6.0723362225111055,20
HES_EA,WFG7,10,30,398,6.0723362225111055,20
HES_EA,WFG7,10,30,399,6.070417700327013,20
HES_EA,WFG7,10,30,400,6.070417700327013,20
HES_EA,WFG7,10,30,401,6.070417700327013,20
HES_EA,WFG7,10,30,402,6.070417700327013,20
HES_EA,WFG7,10,30,403,6.070417700327013,20
HES_EA,WFG7,10,30,404,6.059868461358271,20
HES_EA,WFG7,10,30,405,6.059868461358271,20
HES_EA,WFG7,10,30,406,6.059868461358271,20
HES_EA,WFG7,10,30,407,6.059868461358271,20
HES_EA,WFG7,10,30,408,6.059868461358271,20
HES_EA,WFG7,10,30,409,6.058119888138525,20
HES_EA,WFG7,10,30,410,6.058119888138525,20
HES_EA,WFG7,10,30,411,6.058119888138525,20
HES_EA,WFG7,10,30,412,6.058119888138525,20
HES_EA,WFG7,10,30,413,6.058119888138525,20
HES_EA,WFG7,10,30,414,5.686688541930243,20
HES_EA,WFG7,10,30,415,5.686688541930243,20
HES_EA,WFG7,10,30,416,5.686688541930243,20
HES_EA,WFG7,10,30,417,5.686688541930243,20
HES_EA,WFG7,10,30,418,5.686688541930243,20
HES_EA,WFG7,10,30,419,5.682153288784853,20
HES_EA,WFG7,10,30,420,5.682153288784853,20
HES_EA,WFG7,10,30,421,5.682153288784853,20
HES_EA,WFG7,10,30,422,5.682153288784853,20
HES_EA,WFG7,10,30,423,5.682153288784853,20
HES_EA,WFG7,10,30,424,5.679858560966141,20
HES_EA,WFG7,10,30,425,5.679858560966141,20
HES_EA,WFG7,10,30,426,5.679858560966141,20
HES_EA,WFG7,10,30,427,5.679858560966141,20
HES_EA,WFG7,10,30,428,5.679858560966141,20
HES_EA,WFG7,10,30,429,5.6716110713432375,20
HES_EA,WFG7,10,30,430,5.6716110713432375,20
HES_EA,WFG7,10,30,431,5.6716110713432375,20
HES_EA,WFG7,10,30,432,5.6716110713432375,20
HES_EA,WFG7,10,30,433,5.6716110713432375,20
HES_EA,WFG7,10,30,434,5.666515216030693,20
HES_EA,WFG7,10,30,435,5.666515216030693,20
HES_EA,WFG7,10,30,436,5.666515216030693,20
HES_EA,WFG7,10,30,437,5.666515216030693,20
HES_EA,WFG7,10,30,438,5.666515216030693,20
HES_EA,WFG7,10,30,439,5.6498473480648554,20
HES_EA,WFG7,10,30,440,5.6498473480648554,20
HES_EA,WFG7,10,30,441,5.6498473480648554,20
HES_EA,WFG7,10,30,442,5.6498473480648554,20
HES_EA,WFG7,10,30,443,5.6498473480648554,20
HES_EA,WFG7,10,30,444,5.079441610236818,20
HES_EA,WFG7,10,30,445,5.079441610236818,20
HES_EA,WFG7,10,30,446,5.079441610236818,20
HES_EA,WFG7,10,30,447,5.079441610236818,20
HES_EA,WFG7,10,30,448,5.079441610236818,20
HES_EA,WFG7,10,30,449,5.0755687729023755,20
HES_EA,WFG7,10,30,450,5.0755687729023755,20
HES_EA,WFG7,10,30,451,5.0755687729023755,20
HES_EA,WFG7,10,30,452,5.0755687729023755,20
HES_EA,WFG7,10,30,453,5.0755687729023755,20
HES_EA,WFG7,10,30,454,5.063723811419951,20
HES_EA,WFG7,10,30,455,5.063723811419951,20
HES_EA,WFG7,10,30,456,5.063723811419951,20
HES_EA,WFG7,10,30,457,5.063723811419951,20
HES_EA,WFG7,10,30,458,5.063723811419951,20
HES_EA,WFG7,10,30,459,5.057523823930702,20
HES_EA,WFG7,10,30,460,5.057523823930702,20
HES_EA,WFG7,10,30,461,5.057523823930702,20
HES_EA,WFG7,10,30,462,5.057523823930702,20
HES_EA,WFG7,10,30,463,5.057523823930702,20
HES_EA,WFG7,10,30,464,5.046807917874476,20
HES_EA,WFG7,10,30,465,5.046807917874476,20
HES_EA,WFG7,10,30,466,5.046807917874476,20
HES_EA,WFG7,10,30,467,5.046807917874476,20
HES_EA,WFG7,10,30,468,5.046807917874476,20
HES_EA,WFG7,10,30,469,4.652550731021522,20
HES_EA,WFG7,10,30,470,4.652550731021522,20
HES_EA,WFG7,10,30,471,4.652550731021522,20
HES_EA,WFG7,10,30,472,4.652550731021522,20
HES_EA,WFG7,10,30,473,4.652550731021522,20
HES_EA,WFG7,10,30,474,4.652550731021522,20
HES_EA,WFG7,10,30,475,4.652550731021522,20
HES_EA,WFG7,10,30,476,4.652550731021522,20
HES_EA,WFG7,10,30,477,4.652550731021522,20
HES_EA,WFG7,10,30,478,4.652550731021522,20
HES_EA,WFG7,10,30,479,4.642579236335465,20
HES_EA,WFG7,10,30,480,4.642579236335465,20
HES_EA,WFG7,10,30,481,4.642579236335465,20
HES_EA,WFG7,10,30,482,4.642579236335465,20
HES_EA,WFG7,10,30,483,4.642579236335465,20
HES_EA,WFG7,10,30,484,4.642579236335465,20
HES_EA,WFG7,10,30,485,4.642579236335465,20
HES_EA,WFG7,10,30,486,4.642579236335465,20
HES_EA,WFG7,10,30,487,4.642579236335465,20
HES_EA,WFG7,10,30,488,4.642579236335465,20
HES_EA,WFG7,10,30,489,4.642579236335465,20
HES_EA,WFG7,10,30,490,4.642579236335465,20
HES_EA,WFG7,10,30,491,4.642579236335465,20
HES_EA,WFG7,10,30,492,4.642579236335465,20
HES_EA,WFG7,10,30,493,4.642579236335465,20
HES_EA,WFG7,10,30,494,4.642579236335465,20
HES_EA,WFG7,10,30,495,4.642579236335465,20
HES_EA,WFG7,10,30,496,4.642579236335465,20
HES_EA,WFG7,10,30,497,4.642579236335465,20
HES_EA,WFG7,10,30,498,4.642579236335465,20
HES_EA,WFG7,10,30,499,4.642579236335465,20
HES_EA,WFG7,10,30,500,4.642579236335465,20
SSDE,WFG7,10,30,100,8.019045343609335,20
SSDE,WFG7,10,30,101,8.019045343609335,20
SSDE,WFG7,10,30,102,8.019045343609335,20
SSDE,WFG7,10,30,103,8.019045343609335,20
SSDE,WFG7,10,30,104,8.019045343609335,20
SSDE,WFG7,10,30,105,8.019045343609335,20
SSDE,WFG7,10,30,106,8.019045343609335,20
SSDE,WFG7,10,30,107,8.019045343609335,20
SSDE,WFG7,10,30,108,8.019045343609335,20
SSDE,WFG7,10,30,109,8.019045343609335,20
SSDE,WFG7,10,30,110,8.019045343609335,20
SSDE,WFG7,10,30,111,8.019045343609335,20
SSDE,WFG7,10,30,112,8.019045343609335,20
SSDE,WFG7,10,30,113,8.019045343609335,20
SSDE,WFG7,10,30,114,8.019045343609335,20
SSDE,WFG7,10,30,115,8.019045343609335,20
SSDE,WFG7,10,30,116,8.019045343609335,20
SSDE,WFG7,10,30,117,8.019045343609335,20
SSDE,WFG7,10,30,118,8.019045343609335,20
SSDE,WFG7,10,30,119,8.019045343609335,20
SSDE,WFG7,10,30,120,8.019045343609335,20
SSDE,WFG7,10,30,121,8.019045343609335,20
SSDE,WFG7,10,30,122,8.019045343609335,20
SSDE,WFG7,10,30,123,8.019045343609335,20
SSDE,WFG7,10,30,124,8.019045343609335,20
SSDE,WFG7,10,30,125,8.019045343609335,20
SSDE,WFG7,10,30,126,8.019045343609335,20
SSDE,WFG7,10,30,127,8.019045343609335,20
SSDE,WFG7,10,30,128,8.019045343609335,20
SSDE,WFG7,10,30,129,8.019045343609335,20
SSDE,WFG7,10,30,130,8.019045343609335,20
SSDE,WFG7,10,30,131,8.019045343609335,20
SSDE,WFG7,10,30,132,8.019045343609335,20
SSDE,WFG7,10,30,133,8.019045343609335,20
SSDE,WFG7,10,30,134,8.019045343609335,20
SSDE,WFG7,10,30,135,8.019045343609335,20
SSDE,WFG7,10,30,136,8.019045343609335,20
SSDE,WFG7,10,30,137,7.929651164602893,20
SSDE,WFG7,10,30,138,7.889058799699187,20
SSDE,WFG7,10,30,139,7.864342797584325,20
SSDE,WFG7,10,30,140,7.767997577321803,20
SSDE,WFG7,10,30,141,7.6956808954700335,20
SSDE,WFG7,10,30,142,7.688081057243474,20
SSDE,WFG7,10,30,143,7.676537733370045,20
SSDE,WFG7,10,30,144,7.670393558375105,20
SSDE,WFG7,10,30,145,7.64632711261496,20
SSDE,WFG7,10,30,146,7.64632711261496,20
SSDE,WFG7,10,30,147,7.620152665777437,20
SSDE,WFG7,10,30,148,7.620152665777437,20
SSDE,WFG7,10,30,149,7.545993968211496,20
SSDE,WFG7,10,30,150,7.5206983743046125,20
SSDE,WFG7,10,30,151,7.5206983743046125,20
SSDE,WFG7,10,30,152,7.5206983743046125,20
SSDE,WFG7,10,30,153,7.5206983743046125,20
SSDE,WFG7,10,30,154,7.5206983743046125,20
SSDE,WFG7,10,30,155,7.5206983743046125,20
SSDE,WFG7,10,30,156,7.5206983743046125,20
SSDE,WFG7,10,30,157,7.5206983743046125,20
SSDE,WFG7,10,30,158,7.5206983743046125,20
SSDE,WFG7,10,30,159,7.5206983743046125,20
SSDE,WFG7,10,30,160,7.4966464771800645,20
SSDE,WFG7,10,30,161,7.4966464771800645,20
SSDE,WFG7,10,30,162,7.4726696370244765,20
SSDE,WFG7,10,30,163,7.4726696370244765,20
SSDE,WFG7,10,30,164,7.4726696370244765,20
SSDE,WFG7,10,30,165,7.459487935874597,20
SSDE,WFG7,10,30,166,7.403279793940027,20
SSDE,WFG7,10,30,167,7.403279793940027,20
SSDE,WFG7,10,30,168,7.398006824363459,20
SSDE,WFG7,10,30,169,7.357246430124549,20
SSDE,WFG7,10,30,170,7.357246430124549,20
SSDE,WFG7,10,30,171,7.357246430124549,20
SSDE,WFG7,10,30,172,7.33689654742539,20
SSDE,WFG7,10,30,173,7.301347752385641,20
SSDE,WFG7,10,30,174,7.304139837394958,20
SSDE,WFG7,10,30,175,7.292379396039587,20
SSDE,WFG7,10,30,176,7.292379396039587,20
SSDE,WFG7,10,30,177,7.286597788718278,20
SSDE,WFG7,10,30,178,7.286597788718278,20
SSDE,WFG7,10,30,179,7.277478902904984,20
SSDE,WFG7,10,30,180,7.265072771462272,20
SSDE,WFG7,10,30,181,7.265072771462272,20
SSDE,WFG7,10,30,182,7.265072771462272,20
SSDE,WFG7,10,30,183,7.265072771462272,20
SSDE,WFG7,10,30,184,7.265072771462272,20
SSDE,WFG7,10,30,185,7.218828791334109,20
SSDE,WFG7,10,30,186,7.2169419646986315,20
SSDE,WFG7,10,30,187,7.148849249659195,20
SSDE,WFG7,10,30,188,7.148849249659195,20
SSDE,WFG7,10,30,189,7.148849249659195,20
SSDE,WFG7,10,30,190,7.140358028281655,20
SSDE,WFG7,10,30,191,7.1375330726260175,20
SSDE,WFG7,10,30,192,7.132843451810681,20
SSDE,WFG7,10,30,193,7.132843451810681,20
SSDE,WFG7,10,30,194,7.12837637187742,20
SSDE,WFG7,10,30,195,7.12837637187742,20
SSDE,WFG7,10,30,196,7.0884122275081465,20
SSDE,WFG7,10,30,197,7.066035529591824,20
SSDE,WFG7,10,30,198,7.066035529591824,20
SSDE,WFG7,10,30,199,7.066035529591824,20
SSDE,WFG7,10,30,200,7.066035529591824,20
SSDE,WFG7,10,30,201,7.051513249688479,20
SSDE,WFG7,10,30,202,7.043613308850885,20
SSDE,WFG7,10,30,203,7.043613308850885,20
SSDE,WFG7,10,30,204,7.043613308850885,20
SSDE,WFG7,10,30,205,7.043613308850885,20
SSDE,WFG7,10,30,206,7.018326133642901,20
SSDE,WFG7,10,30,207,7.014573829912211,20
SSDE,WFG7,10,30,208,6.971120609457398,20
SSDE,WFG7,10,30,209,6.965948232674348,20
SSDE,WFG7,10,30,210,6.964601224328861,20
SSDE,WFG7,10,30,211,6.964601224328861,20
SSDE,WFG7,10,30,212,6.964601224328861,20
SSDE,WFG7,10,30,213,6.959036348054333,20
SSDE,WFG7,10,30,214,6.943431954704749,20
SSDE,WFG7,10,30,215,6.943431954704749,20
SSDE,WFG7,10,30,216,6.943431954704749,20
SSDE,WFG7,10,30,217,6.943431954704749,20
SSDE,WFG7,10,30,218,6.943431954704749,20
SSDE,WFG7,10,30,219,6.9423819044383155,20
SSDE,WFG7,10,30,220,6.924249437107439,20
SSDE,WFG7,10,30,221,6.924249437107439,20
SSDE,WFG7,10,30,222,6.924249437107439,20
SSDE,WFG7,10,30,223,6.904978809016694,20
SSDE,WFG7,10,30,224,6.904978809016694,20
SSDE,WFG7,10,30,225,6.883873621472913,20
SSDE,WFG7,10,30,226,6.880037716519,20
SSDE,WFG7,10,30,227,6.860076781237032,20
SSDE,WFG7,10,30,228,6.860076781237032,20
SSDE,WFG7,10,30,229,6.860076781237032,20
SSDE,WFG7,10,30,230,6.843691476431428,20
SSDE,WFG7,10,30,231,6.833098828705642,20
SSDE,WFG7,10,30,232,6.825729580806959,20
SSDE,WFG7,10,30,233,6.778675433296987,20
SSDE,WFG7,10,30,234,6.778675433296987,20
SSDE,WFG7,10,30,235,6.778171477556887,20
SSDE,WFG7,10,30,236,6.767330738286995,20
SSDE,WFG7,10,30,237,6.762081433961607,20
SSDE,WFG7,10,30,238,6.762081433961607,20
SSDE,WFG7,10,30,239,6.762081433961607,20
SSDE,WFG7,10,30,240,6.728694307981965,20
SSDE,WFG7,10,30,241,6.713374637762101,20
SSDE,WFG7,10,30,242,6.712898879063535,20
SSDE,WFG7,10,30,243,6.667489816122611,20
SSDE,WFG7,10,30,244,6.667489816122611,20
SSDE,WFG7,10,30,245,6.646098831174763,20
SSDE,WFG7,10,30,246,6.641451950144952,20
SSDE,WFG7,10,30,247,6.641451950144952,20
SSDE,WFG7,10,30,248,6.638638317829248,20
SSDE,WFG7,10,30,249,6.622240901811319,20
SSDE,WFG7,10,30,250,6.5901250510089895,20
SSDE,WFG7,10,30,251,6.588511599717691,20
SSDE,WFG7,10,30,252,6.563889276887494,20
SSDE,WFG7,10,30,253,6.563889276887494,20
SSDE,WFG7,10,30,254,6.559097539794034,20
SSDE,WFG7,10,30,255,6.528328844846077,20
SSDE,WFG7,10,30,256,6.528328844846077,20
SSDE,WFG7,10,30,257,6.511782074440317,20
SSDE,WFG7,10,30,258,6.50200014263276,20
SSDE,WFG7,10,30,259,6.495250171750422,20
SSDE,WFG7,10,30,260,6.495250171750422,20
SSDE,WFG7,10,30,261,6.490400331770094,20
SSDE,WFG7,10,30,262,6.484809187123069,20
SSDE,WFG7,10,30,263,6.477133697420564,20
SSDE,WFG7,10,30,264,6.471354912388293,20
SSDE,WFG7,10,30,265,6.471354912388293,20
SSDE,WFG7,10,30,266,6.471354912388293,20
SSDE,WFG7,10,30,267,6.468887772615534,20
SSDE,WFG7,10,30,268,6.468887772615534,20
SSDE,WFG7,10,30,269,6.465296207004393,20
SSDE,WFG7,10,30,270,6.461297562738231,20
SSDE,WFG7,10,30,271,6.460504138228662,20
SSDE,WFG7,10,30,272,6.433014109039881,20
SSDE,WFG7,10,30,273,6.4260327027562685,20
SSDE,WFG7,10,30,274,6.423170869910881,20
SSDE,WFG7,10,30,275,6.423170869910881,20
SSDE,WFG7,10,30,276,6.388783468741687,20
SSDE,WFG7,10,30,277,6.378674551250086,20
SSDE,WFG7,10,30,278,6.370650268798902,20
SSDE,WFG7,10,30,279,6.3673537159891636,20
SSDE,WFG7,10,30,280,6.3673537159891636,20
SSDE,WFG7,10,30,281,6.312071970646089,20
SSDE,WFG7,10,30,282,6.296791567223009,20
SSDE,WFG7,10,30,283,6.2950188135151075,20
SSDE,WFG7,10,30,284,6.2950188135151075,20
SSDE,WFG7,10,30,285,6.295320377710629,20
SSDE,WFG7,10,30,286,6.247069370033162,20
SSDE,WFG7,10,30,287,6.22037052618333,20
SSDE,WFG7,10,30,288,6.22037052618333,20
SSDE,WFG7,10,30,289,6.218574981752869,20
SSDE,WFG7,10,30,290,6.215697092787365,20
SSDE,WFG7,10,30,291,6.2153862239920725,20
SSDE,WFG7,10,30,292,6.213910961641206,20
SSDE,WFG7,10,30,293,6.198701877191762,20
SSDE,WFG7,10,30,294,6.1981674502258555,20
SSDE,WFG7,10,30,295,6.198383541314852,20
SSDE,WFG7,10,30,296,6.197123543574778,20
SSDE,WFG7,10,30,297,6.197123543574778,20
SSDE,WFG7,10,30,298,6.176311754011719,20
SSDE,WFG7,10,30,299,6.165206992659628,20
SSDE,WFG7,10,30,300,6.165118512930541,20
SSDE,WFG7,10,30,301,6.1645993335308145,20
SSDE,WFG7,10,30,302,6.15956950877405,20
SSDE,WFG7,10,30,303,6.159362880488276,20
SSDE,WFG7,10,30,304,6.132682081096709,20
SSDE,WFG7,10,30,305,6.132841411374655,20
SSDE,WFG7,10,30,306,6.121876072451447,20
SSDE,WFG7,10,30,307,6.080688975166741,20
SSDE,WFG7,10,30,308,6.0800354523367375,20
SSDE,WFG7,10,30,309,6.07711969194028,20
SSDE,WFG7,10,30,310,6.0758481944870795,20
SSDE,WFG7,10,30,311,6.075770301648814,20
SSDE,WFG7,10,30,312,6.066849131519453,20
SSDE,WFG7,10,30,313,6.066849131519453,20
SSDE,WFG7,10,30,314,6.063462774320961,20
SSDE,WFG7,10,30,315,6.060131947952441,20
SSDE,WFG7,10,30,316,6.040646704829357,20
SSDE,WFG7,10,30,317,6.040079726446487,20
SSDE,WFG7,10,30,318,6.0381707108882425,20
SSDE,WFG7,10,30,319,6.0381707108882425,20
SSDE,WFG7,10,30,320,6.0381707108882425,20
SSDE,WFG7,10,30,321,6.036452363247572,20
SSDE,WFG7,10,30,322,6.036452363247572,20
SSDE,WFG7,10,30,323,5.985630769437609,20
SSDE,WFG7,10,30,324,5.976395455124115,20
SSDE,WFG7,10,30,325,5.971008763104398,20
SSDE,WFG7,10,30,326,5.970632987882508,20
SSDE,WFG7,10,30,327,5.970559482843648,20
SSDE,WFG7,10,30,328,5.964500376766921,20
SSDE,WFG7,10,30,329,5.95199069213624,20
SSDE,WFG7,10,30,330,5.939782297909542,20
SSDE,WFG7,10,30,331,5.93812972438881,20
SSDE,WFG7,10,30,332,5.93812972438881,20
SSDE,WFG7,10,30,333,5.93812972438881,20
SSDE,WFG7,10,30,334,5.937107827303695,20
SSDE,WFG7,10,30,335,5.936920478357563,20
SSDE,WFG7,10,30,336,5.937120351377533,20
SSDE,WFG7,10,30,337,5.937120351377533,20
SSDE,WFG7,10,30,338,5.937117640740043,20
SSDE,WFG7,10,30,339,5.908021744468612,20
SSDE,WFG7,10,30,340,5.898359340008762,20
SSDE,WFG7,10,30,341,5.897146797763621,20
SSDE,WFG7,10,30,342,5.897146797763621,20
SSDE,WFG7,10,30,343,5.896692481277289,20
SSDE,WFG7,10,30,344,5.896104254488447,20
SSDE,WFG7,10,30,345,5.8902280121729325,20
SSDE,WFG7,10,30,346,5.889078537325887,20
SSDE,WFG7,10,30,347,5.888132142114193,20
SSDE,WFG7,10,30,348,5.88441765118726,20
SSDE,WFG7,10,30,349,5.855088961975243,20
SSDE,WFG7,10,30,350,5.848752453976333,20
SSDE,WFG7,10,30,351,5.847062404369305,20
SSDE,WFG7,10,30,352,5.845207112604101,20
SSDE,WFG7,10,30,353,5.841404946229775,20
SSDE,WFG7,10,30,354,5.827943227220483,20
SSDE,WFG7,10,30,355,5.827249917126383,20
SSDE,WFG7,10,30,356,5.825068682695404,20
SSDE,WFG7,10,30,357,5.816779298013203,20
SSDE,WFG7,10,30,358,5.8178012617173875,20
SSDE,WFG7,10,30,359,5.813508102478287,20
SSDE,WFG7,10,30,360,5.8124946514243705,20
SSDE,WFG7,10,30,361,5.808515039712001,20
SSDE,WFG7,10,30,362,5.806624607894884,20
SSDE,WFG7,10,30,363,5.807531846077097,20
SSDE,WFG7,10,30,364,5.799465041996225,20
SSDE,WFG7,10,30,365,5.798885066276729,20
SSDE,WFG7,10,30,366,5.78895551122078,20
SSDE,WFG7,10,30,367,5.7855281294752245,20
SSDE,WFG7,10,30,368,5.769672355734898,20
SSDE,WFG7,10,30,369,5.769607908362201,20
SSDE,WFG7,10,30,370,5.768553809581171,20
SSDE,WFG7,10,30,371,5.767099175039023,20
SSDE,WFG7,10,30,372,5.764084619661057,20
SSDE,WFG7,10,30,373,5.760825883310935,20
SSDE,WFG7,10,30,374,5.761584976375306,20
SSDE,WFG7,10,30,375,5.761332377678765,20
SSDE,WFG7,10,30,376,5.753083978184049,20
SSDE,WFG7,10,30,377,5.746524166656538,20
SSDE,WFG7,10,30,378,5.730192634483069,20
SSDE,WFG7,10,30,379,5.727162988226795,20
SSDE,WFG7,10,30,380,5.72452856380867,20
SSDE,WFG7,10,30,381,5.72452856380867,20
SSDE,WFG7,10,30,382,5.724295533136925,20
SSDE,WFG7,10,30,383,5.7204128819624325,20
SSDE,WFG7,10,30,384,5.714216623079684,20
SSDE,WFG7,10,30,385,5.7104549469064105,20
SSDE,WFG7,10,30,386,5.7104549469064105,20
SSDE,WFG7,10,30,387,5.70276929068765,20
SSDE,WFG7,10,30,388,5.6973902656482185,20
SSDE,WFG7,10,30,389,5.6975628263247255,20
SSDE,WFG7,10,30,390,5.691477121198963,20
SSDE,WFG7,10,30,391,5.687584831620109,20
SSDE,WFG7,10,30,392,5.687263197471347,20
SSDE,WFG7,10,30,393,5.686207672653331,20
SSDE,WFG7,10,30,394,5.686193262674558,20
SSDE,WFG7,10,30,395,5.686509109090392,20
SSDE,WFG7,10,30,396,5.686509109090392,20
SSDE,WFG7,10,30,397,5.684165543677646,20
SSDE,WFG7,10,30,398,5.67829719385776,20
SSDE,WFG7,10,30,399,5.676950315519766,20
SSDE,WFG7,10,30,400,5.668385590607344,20
SSDE,WFG7,10,30,401,5.668385590607344,20
SSDE,WFG7,10,30,402,5.6663006991366895,20
SSDE,WFG7,10,30,403,5.665125386527928,20
SSDE,WFG7,10,30,404,5.665125386527928,20
SSDE,WFG7,10,30,405,5.665630757501556,20
SSDE,WFG7,10,30,406,5.665303713568904,20
SSDE,WFG7,10,30,407,5.664856835992573,20
SSDE,WFG7,10,30,408,5.663812708444024,20
SSDE,WFG7,10,30,409,5.653997698593856,20
SSDE,WFG7,10,30,410,5.65137398782144,20
SSDE,WFG7,10,30,411,5.648625329520782,20
SSDE,WFG7,10,30,412,5.647854541599761,20
SSDE,WFG7,10,30,413,5.648548718717867,20
SSDE,WFG7,10,30,414,5.648271280590132,20
SSDE,WFG7,10,30,415,5.647590485215784,20
SSDE,WFG7,10,30,416,5.645705858424624,20
SSDE,WFG7,10,30,417,5.645705858424624,20
SSDE,WFG7,10,30,418,5.645638576753781,20
SSDE,WFG7,10,30,419,5.638781325025194,20
SSDE,WFG7,10,30,420,5.638781325025194,20
SSDE,WFG7,10,30,421,5.61522782676838,20
SSDE,WFG7,10,30,422,5.614199970899276,20
SSDE,WFG7,10,30,423,5.611068113675179,20
SSDE,WFG7,10,30,424,5.60828860603891,20
SSDE,WFG7,10,30,425,5.6077318798695845,20
SSDE,WFG7,10,30,426,5.604301677228154,20
SSDE,WFG7,10,30,427,5.604301677228154,20
SSDE,WFG7,10,30,428,5.603599826546166,20
SSDE,WFG7,10,30,429,5.603146380428086,20
SSDE,WFG7,10,30,430,5.594121605629853,20
SSDE,WFG7,10,30,431,5.580752753653286,20
SSDE,WFG7,10,30,432,5.580413214381702,20
SSDE,WFG7,10,30,433,5.580413214381702,20
SSDE,WFG7,10,30,434,5.580413214381702,20
SSDE,WFG7,10,30,435,5.579405866521297,20
SSDE,WFG7,10,30,436,5.572759283741927,20
SSDE,WFG7,10,30,437,5.5729600354743045,20
SSDE,WFG7,10,30,438,5.5729600354743045,20
SSDE,WFG7,10,30,439,5.5729600354743045,20
SSDE,WFG7,10,30,440,5.571341120862226,20
SSDE,WFG7,10,30,441,5.570763900837292,20
SSDE,WFG7,10,30,442,5.57010911525161,20
SSDE,WFG7,10,30,443,5.563358980559549,20
SSDE,WFG7,10,30,444,5.555099080145249,20
SSDE,WFG7,10,30,445,5.555099080145249,20
SSDE,WFG7,10,30,446,5.545332301090908,20
SSDE,WFG7,10,30,447,5.539818277060734,20
SSDE,WFG7,10,30,448,5.539818277060734,20
SSDE,WFG7,10,30,449,5.514896212111025,20
SSDE,WFG7,10,30,450,5.508500405266175,20
SSDE,WFG7,10,30,451,5.505121407556614,20
SSDE,WFG7,10,30,452,5.503908685388184,20
SSDE,WFG7,10,30,453,5.503908685388184,20
SSDE,WFG7,10,30,454,5.497078295434106,20
SSDE,WFG7,10,30,455,5.49694706460213,20
SSDE,WFG7,10,30,456,5.489377349846357,20
SSDE,WFG7,10,30,457,5.489377349846357,20
SSDE,WFG7,10,30,458,5.489176479674226,20
SSDE,WFG7,10,30,459,5.486956703533144,20
SSDE,WFG7,10,30,460,5.4861353213566115,20
SSDE,WFG7,10,30,461,5.4855237105940615,20
SSDE,WFG7,10,30,462,5.481843641877254,20
SSDE,WFG7,10,30,463,5.479262312628733,20
SSDE,WFG7,10,30,464,5.47437027984405,20
SSDE,WFG7,10,30,465,5.47437027984405,20
SSDE,WFG7,10,30,466,5.471229038356413,20
SSDE,WFG7,10,30,467,5.46856018049221,20
SSDE,WFG7,10,30,468,5.467649614856346,20
SSDE,WFG7,10,30,469,5.467649614856346,20
SSDE,WFG7,10,30,470,5.463160951560034,20
SSDE,WFG7,10,30,471,5.463160951560034,20
SSDE,WFG7,10,30,472,5.461454820952112,20
SSDE,WFG7,10,30,473,5.456949189560461,20
SSDE,WFG7,10,30,474,5.456949189560461,20
SSDE,WFG7,10,30,475,5.454727204241413,20
SSDE,WFG7,10,30,476,5.4538193629750085,20
SSDE,WFG7,10,30,477,5.453507647508162,20
SSDE,WFG7,10,30,478,5.451443118839459,20
SSDE,WFG7,10,30,479,5.450503044118677,20
SSDE,WFG7,10,30,480,5.446442520005712,20
SSDE,WFG7,10,30,481,5.445745153604903,20
SSDE,WFG7,10,30,482,5.435899500970202,20
SSDE,WFG7,10,30,483,5.433108181453682,20
SSDE,WFG7,10,30,484,5.432806052102849,20
SSDE,WFG7,10,30,485,5.4316758349651915,20
SSDE,WFG7,10,30,486,5.432476355978896,20
SSDE,WFG7,10,30,487,5.432653438007501,20
SSDE,WFG7,10,30,488,5.432653438007501,20
SSDE,WFG7,10,30,489,5.425559192516428,20
SSDE,WFG7,10,30,490,5.423246412903799,20
SSDE,WFG7,10,30,491,5.42312658354754,20
SSDE,WFG7,10,30,492,5.417461591983137,20
SSDE,WFG7,10,30,493,5.416591705978368,20
SSDE,WFG7,10,30,494,5.416591705978368,20
SSDE,WFG7,10,30,495,5.41680967287617,20
SSDE,WFG7,10,30,496,5.415071848071342,20
SSDE,WFG7,10,30,497,5.415071848071342,20
SSDE,WFG7,10,30,498,5.415071848071342,20
SSDE,WFG7,10,30,499,5.4155248523048805,20
SSDE,WFG7,10,30,500,5.414774135043373,20
SAMOEATL2M,WFG7,10,30,329,7.034713168890019,20
SAMOEATL2M,WFG7,10,30,330,7.034713168890019,20
SAMOEATL2M,WFG7,10,30,331,7.034713168890019,20
SAMOEATL2M,WFG7,10,30,332,7.034713168890019,20
SAMOEATL2M,WFG7,10,30,333,7.034713168890019,20
SAMOEATL2M,WFG7,10,30,334,7.017972625375147,20
SAMOEATL2M,WFG7,10,30,335,7.017972625375147,20
SAMOEATL2M,WFG7,10,30,336,7.017972625375147,20
SAMOEATL2M,WFG7,10,30,337,7.017972625375147,20
SAMOEATL2M,WFG7,10,30,338,7.017972625375147,20
SAMOEATL2M,WFG7,10,30,339,6.989957611098115,20
SAMOEATL2M,WFG7,10,30,340,6.989957611098115,20
SAMOEATL2M,WFG7,10,30,341,6.989957611098115,20
SAMOEATL2M,WFG7,10,30,342,6.989957611098115,20
SAMOEATL2M,WFG7,10,30,343,6.989957611098115,20
SAMOEATL2M,WFG7,10,30,344,6.9790784395656,20
SAMOEATL2M,WFG7,10,30,345,6.9790784395656,20
SAMOEATL2M,WFG7,10,30,346,6.9790784395656,20
SAMOEATL2M,WFG7,10,30,347,6.9790784395656,20
SAMOEATL2M,WFG7,10,30,348,6.9790784395656,20
SAMOEATL2M,WFG7,10,30,349,6.968548689475215,20
SAMOEATL2M,WFG7,10,30,350,6.968548689475215,20
SAMOEATL2M,WFG7,10,30,351,6.968548689475215,20
SAMOEATL2M,WFG7,10,30,352,6.968548689475215,20
SAMOEATL2M,WFG7,10,30,353,6.968548689475215,20
SAMOEATL2M,WFG7,10,30,354,6.960994504390125,20
SAMOEATL2M,WFG7,10,30,355,6.960994504390125,20
SAMOEATL2M,WFG7,10,30,356,6.960994504390125,20
SAMOEATL2M,WFG7,10,30,357,6.960994504390125,20
SAMOEATL2M,WFG7,10,30,358,6.960994504390125,20
SAMOEATL2M,WFG7,10,30,359,6.934462202625701,20
SAMOEATL2M,WFG7,10,30,360,6.934462202625701,20
SAMOEATL2M,WFG7,10,30,361,6.934462202625701,20
SAMOEATL2M,WFG7,10,30,362,6.934462202625701,20
SAMOEATL2M,WFG7,10,30,363,6.934462202625701,20
SAMOEATL2M,WFG7,10,30,364,6.929221278980007,20
SAMOEATL2M,WFG7,10,30,365,6.929221278980007,20
SAMOEATL2M,WFG7,10,30,366,6.929221278980007,20
SAMOEATL2M,WFG7,10,30,367,6.929221278980007,20
SAMOEATL2M,WFG7,10,30,368,6.929221278980007,20
SAMOEATL2M,WFG7,10,30,369,6.913849933149395,20
SAMOEATL2M,WFG7,10,30,370,6.913849933149395,20
SAMOEATL2M,WFG7,10,30,371,6.913849933149395,20
SAMOEATL2M,WFG7,10,30,372,6.913849933149395,20
SAMOEATL2M,WFG7,10,30,373,6.913849933149395,20
SAMOEATL2M,WFG7,10,30,374,6.894959130063839,20
SAMOEATL2M,WFG7,10,30,375,6.894959130063839,20
SAMOEATL2M,WFG7,10,30,376,6.894959130063839,20
SAMOEATL2M,WFG7,10,30,377,6.894959130063839,20
SAMOEATL2M,WFG7,10,30,378,6.894959130063839,20
SAMOEATL2M,WFG7,10,30,379,6.887748965840757,20
SAMOEATL2M,WFG7,10,30,380,6.887748965840757,20
SAMOEATL2M,WFG7,10,30,381,6.887748965840757,20
SAMOEATL2M,WFG7,10,30,382,6.887748965840757,20
SAMOEATL2M,WFG7,10,30,383,6.887748965840757,20
SAMOEATL2M,WFG7,10,30,384,6.880444722056948,20
SAMOEATL2M,WFG7,10,30,385,6.880444722056948,20
SAMOEATL2M,WFG7,10,30,386,6.880444722056948,20
SAMOEATL2M,WFG7,10,30,387,6.880444722056948,20
SAMOEATL2M,WFG7,10,30,388,6.880444722056948,20
SAMOEATL2M,WFG7,10,30,389,6.876501788157867,20
SAMOEATL2M,WFG7,10,30,390,6.876501788157867,20
SAMOEATL2M,WFG7,10,30,391,6.876501788157867,20
SAMOEATL2M,WFG7,10,30,392,6.876501788157867,20
SAMOEATL2M,WFG7,10,30,393,6.876501788157867,20
SAMOEATL2M,WFG7,10,30,394,6.866442861330813,20
SAMOEATL2M,WFG7,10,30,395,6.866442861330813,20
SAMOEATL2M,WFG7,10,30,396,6.866442861330813,20
SAMOEATL2M,WFG7,10,30,397,6.866442861330813,20
SAMOEATL2M,WFG7,10,30,398,6.866442861330813,20
SAMOEATL2M,WFG7,10,30,399,6.860713344162839,20
SAMOEATL2M,WFG7,10,30,400,6.860713344162839,20
SAMOEATL2M,WFG7,10,30,401,6.860713344162839,20
SAMOEATL2M,WFG7,10,30,402,6.860713344162839,20
SAMOEATL2M,WFG7,10,30,403,6.860713344162839,20
SAMOEATL2M,WFG7,10,30,404,6.858092578344872,20
SAMOEATL2M,WFG7,10,30,405,6.858092578344872,20
SAMOEATL2M,WFG7,10,30,406,6.858092578344872,20
SAMOEATL2M,WFG7,10,30,407,6.858092578344872,20
SAMOEATL2M,WFG7,10,30,408,6.858092578344872,20
SAMOEATL2M,WFG7,10,30,409,6.85344326518028,20
SAMOEATL2M,WFG7,10,30,410,6.85344326518028,20
SAMOEATL2M,WFG7,10,30,411,6.85344326518028,20
SAMOEATL2M,WFG7,10,30,412,6.85344326518028,20
SAMOEATL2M,WFG7,10,30,413,6.85344326518028,20
SAMOEATL2M,WFG7,10,30,414,6.8389091016236865,20
SAMOEATL2M,WFG7,10,30,415,6.8389091016236865,20
SAMOEATL2M,WFG7,10,30,416,6.8389091016236865,20
SAMOEATL2M,WFG7,10,30,417,6.8389091016236865,20
SAMOEATL2M,WFG7,10,30,418,6.8389091016236865,20
SAMOEATL2M,WFG7,10,30,419,6.8356200699233245,20
SAMOEATL2M,WFG7,10,30,420,6.8356200699233245,20
SAMOEATL2M,WFG7,10,30,421,6.8356200699233245,20
SAMOEATL2M,WFG7,10,30,422,6.8356200699233245,20
SAMOEATL2M,WFG7,10,30,423,6.8356200699233245,20
SAMOEATL2M,WFG7,10,30,424,6.83146848808116,20
SAMOEATL2M,WFG7,10,30,425,6.83146848808116,20
SAMOEATL2M,WFG7,10,30,426,6.83146848808116,20
SAMOEATL2M,WFG7,10,30,427,6.83146848808116,20
SAMOEATL2M,WFG7,10,30,428,6.83146848808116,20
SAMOEATL2M,WFG7,10,30,429,6.820823444321074,20
SAMOEATL2M,WFG7,10,30,430,6.820823444321074,20
SAMOEATL2M,WFG7,10,30,431,6.820823444321074,20
SAMOEATL2M,WFG7,10,30,432,6.820823444321074,20
SAMOEATL2M,WFG7,10,30,433,6.820823444321074,20
SAMOEATL2M,WFG7,10,30,434,6.819265544351697,20
SAMOEATL2M,WFG7,10,30,435,6.819265544351697,20
SAMOEATL2M,WFG7,10,30,436,6.819265544351697,20
SAMOEATL2M,WFG7,10,30,437,6.819265544351697,20
SAMOEATL2M,WFG7,10,30,438,6.819265544351697,20
SAMOEATL2M,WFG7,10,30,439,6.8139186931053,20
SAMOEATL2M,WFG7,10,30,440,6.8139186931053,20
SAMOEATL2M,WFG7,10,30,441,6.8139186931053,20
SAMOEATL2M,WFG7,10,30,442,6.8139186931053,20
SAMOEATL2M,WFG7,10,30,443,6.8139186931053,20
SAMOEATL2M,WFG7,10,30,444,6.808622649310747,20
SAMOEATL2M,WFG7,10,30,445,6.808622649310747,20
SAMOEATL2M,WFG7,10,30,446,6.808622649310747,20
SAMOEATL2M,WFG7,10,30,447,6.808622649310747,20
SAMOEATL2M,WFG7,10,30,448,6.808622649310747,20
SAMOEATL2M,WFG7,10,30,449,6.807478120594261,20
SAMOEATL2M,WFG7,10,30,450,6.807478120594261,20
SAMOEATL2M,WFG7,10,30,451,6.807478120594261,20
SAMOEATL2M,WFG7,10,30,452,6.807478120594261,20
SAMOEATL2M,WFG7,10,30,453,6.807478120594261,20
SAMOEATL2M,WFG7,10,30,454,6.803548481994824,20
SAMOEATL2M,WFG7,10,30,455,6.803548481994824,20
SAMOEATL2M,WFG7,10,30,456,6.803548481994824,20
SAMOEATL2M,WFG7,10,30,457,6.803548481994824,20
SAMOEATL2M,WFG7,10,30,458,6.803548481994824,20
SAMOEATL2M,WFG7,10,30,459,6.801199901050015,20
SAMOEATL2M,WFG7,10,30,460,6.801199901050015,20
SAMOEATL2M,WFG7,10,30,461,6.801199901050015,20
SAMOEATL2M,WFG7,10,30,462,6.801199901050015,20
SAMOEATL2M,WFG7,10,30,463,6.801199901050015,20
SAMOEATL2M,WFG7,10,30,464,6.79653773961667,20
SAMOEATL2M,WFG7,10,30,465,6.79653773961667,20
SAMOEATL2M,WFG7,10,30,466,6.79653773961667,20
SAMOEATL2M,WFG7,10,30,467,6.79653773961667,20
SAMOEATL2M,WFG7,10,30,468,6.79653773961667,20
SAMOEATL2M,WFG7,10,30,469,6.79653773961667,20
SAMOEATL2M,WFG7,10,30,470,6.79653773961667,20
SAMOEATL2M,WFG7,10,30,471,6.79653773961667,20
SAMOEATL2M,WFG7,10,30,472,6.79653773961667,20
SAMOEATL2M,WFG7,10,30,473,6.79653773961667,20
SAMOEATL2M,WFG7,10,30,474,6.79653773961667,20
SAMOEATL2M,WFG7,10,30,475,6.79653773961667,20
SAMOEATL2M,WFG7,10,30,476,6.79653773961667,20
SAMOEATL2M,WFG7,10,30,477,6.79653773961667,20
SAMOEATL2M,WFG7,10,30,478,6.79653773961667,20
SAMOEATL2M,WFG7,10,30,479,6.790165325252092,20
SAMOEATL2M,WFG7,10,30,480,6.790165325252092,20
SAMOEATL2M,WFG7,10,30,481,6.790165325252092,20
SAMOEATL2M,WFG7,10,30,482,6.790165325252092,20
SAMOEATL2M,WFG7,10,30,483,6.790165325252092,20
SAMOEATL2M,WFG7,10,30,484,6.790165325252092,20
SAMOEATL2M,WFG7,10,30,485,6.790165325252092,20
SAMOEATL2M,WFG7,10,30,486,6.790165325252092,20
SAMOEATL2M,WFG7,10,30,487,6.790165325252092,20
SAMOEATL2M,WFG7,10,30,488,6.790165325252092,20
SAMOEATL2M,WFG7,10,30,489,6.790165325252092,20
SAMOEATL2M,WFG7,10,30,490,6.790165325252092,20
SAMOEATL2M,WFG7,10,30,491,6.790165325252092,20
SAMOEATL2M,WFG7,10,30,492,6.790165325252092,20
SAMOEATL2M,WFG7,10,30,493,6.790165325252092,20
SAMOEATL2M,WFG7,10,30,494,6.790165325252092,20
SAMOEATL2M,WFG7,10,30,495,6.790165325252092,20
SAMOEATL2M,WFG7,10,30,496,6.790165325252092,20
SAMOEATL2M,WFG7,10,30,497,6.790165325252092,20
SAMOEATL2M,WFG7,10,30,498,6.790165325252092,20
SAMOEATL2M,WFG7,10,30,499,6.790165325252092,20
SAMOEATL2M,WFG7,10,30,500,6.790165325252092,20
