run_global,problem,M,run_id,gen,p_err,prev_p_err,coverage,degeneracy,mean_conf,relation_mode,candidate_mode
1,DTLZ1,10,1,1,0.00888888888888889,1,0.171328671328671,0.4,0.649857008382304,curriculum,explore
1,DTLZ1,10,1,2,0.516725978647687,0.00888888888888889,0.185314685314685,0.4,0.589974035577769,weighted,conservative
1,DTLZ1,10,1,3,0.0133333333333333,0.516725978647687,0.178321678321678,0.4,0.570055013079367,curriculum,explore
1,DTLZ1,10,1,4,0.0348754448398577,0.0133333333333333,0.174825174825175,0.3,0.540156978611284,conservative,explore
1,DTLZ1,10,1,5,0.0249110320284698,0.0348754448398577,0.181818181818182,0.3,0.510220978456663,conservative,explore
1,DTLZ1,10,1,6,0.0199288256227758,0.0249110320284698,0.181818181818182,0.3,0.460379134845516,conservative,explore
1,DTLZ1,10,1,7,0.0256227758007117,0.0199288256227758,0.185314685314685,0.3,0.450392353101607,conservative,explore
1,DTLZ1,10,1,8,0.0590747330960854,0.0256227758007117,0.181818181818182,0.4,0.500225139405019,conservative,explore
1,DTLZ1,10,1,9,0.122419928825623,0.0590747330960854,0.174825174825175,0.4,0.510241602895589,conservative,explore
1,DTLZ1,10,1,10,0.0491103202846975,0.122419928825623,0.174825174825175,0.4,0.569975070890366,weighted,explore
1,DTLZ1,10,1,11,0.291814946619217,0.0491103202846975,0.181818181818182,0.3,0.560036953829275,weighted,explore
1,DTLZ1,10,1,12,0.0277580071174377,0.291814946619217,0.192307692307692,0.3,0.480293683885777,conservative,explore
1,DTLZ1,10,1,13,0.0348754448398577,0.0277580071174377,0.185314685314685,0.3,0.4902955549931,conservative,explore
1,DTLZ1,10,1,14,0.00640569395017794,0.0348754448398577,0.171328671328671,0.3,0.609914024717653,weighted,explore
1,DTLZ1,10,1,15,0.0697508896797153,0.00640569395017794,0.174825174825175,0.3,0.629842313547167,weighted,explore
1,DTLZ1,10,1,16,0.0412811387900356,0.0697508896797153,0.174825174825175,0.3,0.609928412725378,weighted,explore
1,DTLZ1,10,1,17,0.0419928825622776,0.0412811387900356,0.181818181818182,0.3,0.580001938460227,weighted,explore
1,DTLZ1,10,1,18,0.0177935943060498,0.0419928825622776,0.188811188811189,0.3,0.59000152435218,weighted,explore
1,DTLZ1,10,1,19,0.00854092526690392,0.0177935943060498,0.192307692307692,0.3,0.560104751898687,weighted,explore
1,DTLZ1,10,1,20,0.204270462633452,0.00854092526690392,0.185314685314685,0.3,0.599926343901374,weighted,explore
1,DTLZ1,10,1,21,0.195017793594306,0.204270462633452,0.178321678321678,0.3,0.570033199628372,weighted,explore
1,DTLZ1,10,1,22,0.0548042704626335,0.195017793594306,0.178321678321678,0.3,0.579919656593634,weighted,explore
1,DTLZ1,10,1,23,0.0512455516014235,0.0548042704626335,0.181818181818182,0.3,0.61974798384426,weighted,explore
1,DTLZ1,10,1,24,0.0270462633451957,0.0512455516014235,0.185314685314685,0.3,0.540090349957782,conservative,explore
1,DTLZ1,10,1,25,0.0120996441281139,0.0270462633451957,0.188811188811189,0.3,0.53012788366084,conservative,explore
1,DTLZ1,10,1,26,0.00925266903914591,0.0120996441281139,0.188811188811189,0.3,0.569995282901658,weighted,explore
1,DTLZ1,10,1,27,0.0120996441281139,0.00925266903914591,0.192307692307692,0.3,0.639715540337363,weighted,explore
1,DTLZ1,10,1,28,0.0234875444839858,0.0120996441281139,0.178321678321678,0.3,0.629732962540683,weighted,explore
1,DTLZ1,10,1,29,0.119572953736655,0.0234875444839858,0.185314685314685,0.3,0.570010079393596,weighted,explore
1,DTLZ1,10,1,30,0.674021352313167,0.119572953736655,0.185314685314685,0.3,0.619757068613451,weighted,conservative
1,DTLZ1,10,1,31,0.0311111111111111,0.674021352313167,0.188811188811189,0.3,0.629699837519145,curriculum,explore
1,DTLZ1,10,1,32,0.00854092526690392,0.0311111111111111,0.188811188811189,0.3,0.619732661336946,weighted,explore
1,DTLZ1,10,1,33,0.099644128113879,0.00854092526690392,0.185314685314685,0.3,0.649563515062567,weighted,explore
1,DTLZ1,10,1,34,0.0491103202846975,0.099644128113879,0.185314685314685,0.3,0.649550356212269,weighted,explore
2,DTLZ1,10,10,1,0.03,1,0.143356643356643,0.4,0.579943797460042,curriculum,explore
2,DTLZ1,10,10,2,0.0142348754448399,0.03,0.153846153846154,0.4,0.440275053591334,conservative,explore
2,DTLZ1,10,10,3,0.0170818505338078,0.0142348754448399,0.157342657342657,0.4,0.380433946947867,conservative,explore
2,DTLZ1,10,10,4,0.0213523131672598,0.0170818505338078,0.174825174825175,0.4,0.470243885228506,conservative,explore
2,DTLZ1,10,10,5,0.144483985765125,0.0213523131672598,0.178321678321678,0.4,0.599877604342618,weighted,explore
2,DTLZ1,10,10,6,0.0348754448398577,0.144483985765125,0.178321678321678,0.4,0.569958088906659,weighted,explore
2,DTLZ1,10,10,7,0.0313167259786477,0.0348754448398577,0.188811188811189,0.3,0.460233639342189,conservative,explore
2,DTLZ1,10,10,8,0.0832740213523132,0.0313167259786477,0.192307692307692,0.3,0.480172735127665,conservative,explore
2,DTLZ1,10,10,9,0.116725978647687,0.0832740213523132,0.181818181818182,0.3,0.579926869580616,weighted,explore
2,DTLZ1,10,10,10,0.0192170818505338,0.116725978647687,0.199300699300699,0.3,0.490126273087037,conservative,explore
2,DTLZ1,10,10,11,0.107473309608541,0.0192170818505338,0.202797202797203,0.3,0.559864300605053,weighted,explore
2,DTLZ1,10,10,12,0.222064056939502,0.107473309608541,0.181818181818182,0.3,0.579800920704144,weighted,explore
2,DTLZ1,10,10,13,0.482562277580071,0.222064056939502,0.181818181818182,0.3,0.619685321332832,weighted,conservative
2,DTLZ1,10,10,14,0.0922222222222222,0.482562277580071,0.181818181818182,0.3,0.629645928421483,curriculum,explore
2,DTLZ1,10,10,15,0.261921708185053,0.0922222222222222,0.178321678321678,0.3,0.619687633245754,weighted,explore
2,DTLZ1,10,10,16,0.363701067615658,0.261921708185053,0.178321678321678,0.3,0.619682337784835,weighted,conservative
2,DTLZ1,10,10,17,0.0911111111111111,0.363701067615658,0.171328671328671,0.3,0.619691020726985,curriculum,explore
2,DTLZ1,10,10,18,0.230604982206406,0.0911111111111111,0.167832167832168,0.3,0.599761439037168,weighted,explore
2,DTLZ1,10,10,19,0.0284697508896797,0.230604982206406,0.171328671328671,0.3,0.50014155994452,conservative,explore
2,DTLZ1,10,10,20,0.0192170818505338,0.0284697508896797,0.174825174825175,0.3,0.440341526475748,conservative,explore
2,DTLZ1,10,10,21,0.0818505338078292,0.0192170818505338,0.178321678321678,0.3,0.500191302060166,conservative,explore
2,DTLZ1,10,10,22,0.0213523131672598,0.0818505338078292,0.181818181818182,0.3,0.380658055634958,conservative,explore
2,DTLZ1,10,10,23,0.0661921708185053,0.0213523131672598,0.174825174825175,0.3,0.410415366676062,conservative,explore
2,DTLZ1,10,10,24,0.0135231316725979,0.0661921708185053,0.171328671328671,0.3,0.420381196008967,conservative,explore
2,DTLZ1,10,10,25,0.0498220640569395,0.0135231316725979,0.171328671328671,0.3,0.49019191446541,conservative,explore
2,DTLZ1,10,10,26,0.0362989323843416,0.0498220640569395,0.178321678321678,0.3,0.380541762311678,conservative,explore
2,DTLZ1,10,10,27,0.0512455516014235,0.0362989323843416,0.178321678321678,0.3,0.4603445292598,conservative,explore
2,DTLZ1,10,10,28,0.0298932384341637,0.0512455516014235,0.192307692307692,0.3,0.380654914631065,conservative,explore
2,DTLZ1,10,10,29,0.0370106761565836,0.0298932384341637,0.195804195804196,0.3,0.530056382754775,conservative,explore
2,DTLZ1,10,10,30,0.0341637010676157,0.0370106761565836,0.195804195804196,0.3,0.540024948599243,conservative,explore
2,DTLZ1,10,10,31,0.0540925266903915,0.0341637010676157,0.195804195804196,0.3,0.420413718781946,conservative,explore
2,DTLZ1,10,10,32,0.0284697508896797,0.0540925266903915,0.188811188811189,0.3,0.480240419938395,conservative,explore
2,DTLZ1,10,10,33,0.0412811387900356,0.0284697508896797,0.188811188811189,0.3,0.480240419938395,conservative,explore
2,DTLZ1,10,10,34,0.0491103202846975,0.0412811387900356,0.195804195804196,0.3,0.460360179895331,conservative,explore
3,DTLZ1,10,2,1,0.0211111111111111,1,0.153846153846154,0.4,0.599958766781415,curriculum,explore
3,DTLZ1,10,2,2,0.00498220640569395,0.0211111111111111,0.160839160839161,0.4,0.609889125632169,weighted,explore
3,DTLZ1,10,2,3,0.0227758007117438,0.00498220640569395,0.160839160839161,0.4,0.669682624197273,weighted,explore
3,DTLZ1,10,2,4,0.113167259786477,0.0227758007117438,0.153846153846154,0.3,0.659730092221446,weighted,explore
3,DTLZ1,10,2,5,0.140213523131673,0.113167259786477,0.157342657342657,0.3,0.649753038757063,weighted,explore
3,DTLZ1,10,2,6,0.158718861209964,0.140213523131673,0.178321678321678,0.3,0.609872963937468,weighted,explore
3,DTLZ1,10,2,7,0.0142348754448399,0.158718861209964,0.167832167832168,0.3,0.470310482986204,conservative,explore
3,DTLZ1,10,2,8,0.0113879003558719,0.0142348754448399,0.167832167832168,0.3,0.440403069104999,conservative,explore
3,DTLZ1,10,2,9,0.18220640569395,0.0113879003558719,0.167832167832168,0.3,0.699557623787826,weighted,explore
3,DTLZ1,10,2,10,0.131672597864769,0.18220640569395,0.164335664335664,0.3,0.579971208788251,weighted,explore
3,DTLZ1,10,2,11,0.205693950177936,0.131672597864769,0.167832167832168,0.3,0.629828809828521,weighted,explore
3,DTLZ1,10,2,12,0.0462633451957295,0.205693950177936,0.171328671328671,0.3,0.639786535915753,weighted,explore
3,DTLZ1,10,2,13,0.262633451957295,0.0462633451957295,0.167832167832168,0.3,0.679561342381042,weighted,explore
3,DTLZ1,10,2,14,0.186476868327402,0.262633451957295,0.178321678321678,0.3,0.629695269683772,weighted,explore
3,DTLZ1,10,2,15,0.0854092526690391,0.186476868327402,0.174825174825175,0.4,0.559987505091534,weighted,explore
3,DTLZ1,10,2,16,0.132384341637011,0.0854092526690391,0.171328671328671,0.3,0.599802498184185,weighted,explore
3,DTLZ1,10,2,17,0.0604982206405694,0.132384341637011,0.174825174825175,0.3,0.619760275279469,weighted,explore
3,DTLZ1,10,2,18,0.0896797153024911,0.0604982206405694,0.178321678321678,0.3,0.60979137344986,weighted,explore
3,DTLZ1,10,2,19,0.35729537366548,0.0896797153024911,0.171328671328671,0.3,0.629710973710939,weighted,conservative
3,DTLZ1,10,2,20,0.0177777777777778,0.35729537366548,0.167832167832168,0.3,0.639655074129926,curriculum,explore
3,DTLZ1,10,2,21,0.248398576512456,0.0177777777777778,0.167832167832168,0.3,0.679466071838897,weighted,explore
3,DTLZ1,10,2,22,0.0911032028469751,0.248398576512456,0.174825174825175,0.3,0.689396934958005,weighted,explore
3,DTLZ1,10,2,23,0.633451957295374,0.0911032028469751,0.171328671328671,0.3,0.669469300713717,weighted,conservative
3,DTLZ1,10,2,24,0.1,0.633451957295374,0.171328671328671,0.3,0.679422686675972,curriculum,explore
3,DTLZ1,10,2,25,0.138790035587189,0.1,0.164335664335664,0.3,0.659476924383924,weighted,explore
3,DTLZ1,10,2,26,0.604270462633452,0.138790035587189,0.167832167832168,0.3,0.619609225367158,weighted,conservative
3,DTLZ1,10,2,27,0.0544444444444444,0.604270462633452,0.167832167832168,0.3,0.61961125204843,curriculum,explore
3,DTLZ1,10,2,28,0.279003558718861,0.0544444444444444,0.167832167832168,0.4,0.599688476426965,weighted,explore
3,DTLZ1,10,2,29,0.0206405693950178,0.279003558718861,0.171328671328671,0.3,0.549960512748278,conservative,explore
3,DTLZ1,10,2,30,0.370818505338078,0.0206405693950178,0.164335664335664,0.4,0.589778368758969,weighted,conservative
3,DTLZ1,10,2,31,0.0588888888888889,0.370818505338078,0.164335664335664,0.3,0.579817397378931,curriculum,explore
3,DTLZ1,10,2,32,0.337366548042705,0.0588888888888889,0.164335664335664,0.4,0.609776185123082,weighted,explore
3,DTLZ1,10,2,33,0.42491103202847,0.337366548042705,0.171328671328671,0.3,0.550067450802411,weighted,conservative
3,DTLZ1,10,2,34,0.0422222222222222,0.42491103202847,0.174825174825175,0.3,0.60963322698236,curriculum,explore
3,DTLZ1,10,2,35,0.130960854092527,0.0422222222222222,0.181818181818182,0.3,0.579769551864389,weighted,explore
4,DTLZ1,10,3,1,0.0111111111111111,1,0.136363636363636,0.4,0.60986278829528,curriculum,explore
4,DTLZ1,10,3,2,0.00284697508896797,0.0111111111111111,0.146853146853147,0.4,0.550052181226852,weighted,explore
4,DTLZ1,10,3,3,0.0142348754448399,0.00284697508896797,0.153846153846154,0.4,0.520080773180809,conservative,explore
4,DTLZ1,10,3,4,0.0113879003558719,0.0142348754448399,0.160839160839161,0.4,0.430274294754124,conservative,explore
4,DTLZ1,10,3,5,0.0170818505338078,0.0113879003558719,0.164335664335664,0.3,0.380419276474558,conservative,explore
4,DTLZ1,10,3,6,0.0163701067615658,0.0170818505338078,0.174825174825175,0.3,0.330546890653365,conservative,explore
4,DTLZ1,10,3,7,0.0099644128113879,0.0163701067615658,0.188811188811189,0.3,0.470200974465247,conservative,explore
4,DTLZ1,10,3,8,0.0227758007117438,0.0099644128113879,0.178321678321678,0.3,0.38057044726459,conservative,explore
4,DTLZ1,10,3,9,0.0583629893238434,0.0227758007117438,0.181818181818182,0.3,0.400419102103858,conservative,explore
4,DTLZ1,10,3,10,0.0476868327402135,0.0583629893238434,0.174825174825175,0.3,0.43032757805056,conservative,explore
4,DTLZ1,10,3,11,0.0491103202846975,0.0476868327402135,0.202797202797203,0.3,0.460274099119056,conservative,explore
4,DTLZ1,10,3,12,0.0256227758007117,0.0491103202846975,0.20979020979021,0.3,0.430352215612768,conservative,explore
4,DTLZ1,10,3,13,0.0263345195729537,0.0256227758007117,0.20979020979021,0.3,0.490171842427295,conservative,explore
4,DTLZ1,10,3,14,0.0505338078291815,0.0263345195729537,0.22027972027972,0.2,0.510072867007834,conservative,explore
4,DTLZ1,10,3,15,0.0327402135231317,0.0505338078291815,0.22027972027972,0.2,0.500103284169439,conservative,explore
4,DTLZ1,10,3,16,0.0298932384341637,0.0327402135231317,0.202797202797203,0.3,0.549930197736272,conservative,explore
4,DTLZ1,10,3,17,0.0298932384341637,0.0298932384341637,0.202797202797203,0.3,0.480112020064663,conservative,explore
4,DTLZ1,10,3,18,0.00925266903914591,0.0298932384341637,0.192307692307692,0.3,0.510131230349334,conservative,explore
4,DTLZ1,10,3,19,0.00782918149466192,0.00925266903914591,0.195804195804196,0.3,0.540027105878543,conservative,explore
4,DTLZ1,10,3,20,0.0249110320284698,0.00782918149466192,0.195804195804196,0.3,0.510127205842513,conservative,explore
4,DTLZ1,10,3,21,0.0263345195729537,0.0249110320284698,0.199300699300699,0.2,0.460222257133968,conservative,explore
4,DTLZ1,10,3,22,0.0199288256227758,0.0263345195729537,0.195804195804196,0.3,0.410509168553491,conservative,explore
4,DTLZ1,10,3,23,0.0298932384341637,0.0199288256227758,0.199300699300699,0.3,0.500230413619678,conservative,explore
4,DTLZ1,10,3,24,0.0185053380782918,0.0298932384341637,0.199300699300699,0.3,0.440393176780984,conservative,explore
4,DTLZ1,10,3,25,0.0697508896797153,0.0185053380782918,0.199300699300699,0.3,0.4104829996182,conservative,explore
4,DTLZ1,10,3,26,0.0797153024911032,0.0697508896797153,0.199300699300699,0.3,0.410488678809644,conservative,explore
4,DTLZ1,10,3,27,0.0341637010676157,0.0797153024911032,0.195804195804196,0.3,0.440377282697841,conservative,explore
4,DTLZ1,10,3,28,0.0313167259786477,0.0341637010676157,0.192307692307692,0.3,0.440379315540525,conservative,explore
4,DTLZ1,10,3,29,0.0583629893238434,0.0313167259786477,0.192307692307692,0.3,0.420494046671159,conservative,explore
4,DTLZ1,10,3,30,0.0377224199288256,0.0583629893238434,0.199300699300699,0.3,0.480387061276739,conservative,explore
4,DTLZ1,10,3,31,0.0320284697508897,0.0377224199288256,0.199300699300699,0.3,0.470416852322291,conservative,explore
4,DTLZ1,10,3,32,0.0277580071174377,0.0320284697508897,0.195804195804196,0.3,0.460456318646357,conservative,explore
4,DTLZ1,10,3,33,0.0220640569395018,0.0277580071174377,0.188811188811189,0.3,0.410548256345893,conservative,explore
4,DTLZ1,10,3,34,0.0405693950177936,0.0220640569395018,0.188811188811189,0.3,0.410564435702511,conservative,explore
5,DTLZ1,10,4,1,0.00888888888888889,1,0.15034965034965,0.4,0.609855786194848,curriculum,explore
5,DTLZ1,10,4,2,0.0128113879003559,0.00888888888888889,0.157342657342657,0.4,0.480235723314784,conservative,explore
5,DTLZ1,10,4,3,0.0106761565836299,0.0128113879003559,0.167832167832168,0.3,0.420352345481802,conservative,explore
5,DTLZ1,10,4,4,0.00925266903914591,0.0106761565836299,0.174825174825175,0.3,0.400445674482005,conservative,explore
5,DTLZ1,10,4,5,0.00925266903914591,0.00925266903914591,0.178321678321678,0.3,0.330668683597484,conservative,explore
5,DTLZ1,10,4,6,0.0120996441281139,0.00925266903914591,0.192307692307692,0.3,0.460285996739424,conservative,explore
5,DTLZ1,10,4,7,0.0298932384341637,0.0120996441281139,0.185314685314685,0.3,0.370533638363975,conservative,explore
5,DTLZ1,10,4,8,0.0185053380782918,0.0298932384341637,0.178321678321678,0.3,0.370517654365863,conservative,explore
5,DTLZ1,10,4,9,0.0647686832740214,0.0185053380782918,0.178321678321678,0.3,0.689481832784284,weighted,explore
5,DTLZ1,10,4,10,0.0540925266903915,0.0647686832740214,0.188811188811189,0.3,0.689468826981523,weighted,explore
5,DTLZ1,10,4,11,0.0412811387900356,0.0540925266903915,0.192307692307692,0.3,0.300778539969755,conservative,explore
5,DTLZ1,10,4,12,0.0612099644128114,0.0412811387900356,0.195804195804196,0.3,0.649596171644412,weighted,explore
5,DTLZ1,10,4,13,0.0334519572953737,0.0612099644128114,0.185314685314685,0.3,0.370503705215355,conservative,explore
5,DTLZ1,10,4,14,0.0277580071174377,0.0334519572953737,0.199300699300699,0.3,0.340602203308376,conservative,explore
5,DTLZ1,10,4,15,0.0206405693950178,0.0277580071174377,0.202797202797203,0.3,0.310742959839213,conservative,explore
5,DTLZ1,10,4,16,0.0234875444839858,0.0206405693950178,0.213286713286713,0.3,0.310741695840833,conservative,explore
5,DTLZ1,10,4,17,0.0256227758007117,0.0234875444839858,0.213286713286713,0.3,0.370513208476425,conservative,explore
5,DTLZ1,10,4,18,0.0327402135231317,0.0256227758007117,0.216783216783217,0.3,0.490226272859275,conservative,explore
5,DTLZ1,10,4,19,0.0341637010676157,0.0327402135231317,0.213286713286713,0.3,0.470298934704991,conservative,explore
5,DTLZ1,10,4,20,0.129537366548043,0.0341637010676157,0.213286713286713,0.3,0.460333907802004,conservative,explore
5,DTLZ1,10,4,21,0.0370106761565836,0.129537366548043,0.234265734265734,0.3,0.4802138776297,conservative,explore
5,DTLZ1,10,4,22,0.0192170818505338,0.0370106761565836,0.230769230769231,0.3,0.510106028912899,conservative,explore
5,DTLZ1,10,4,23,0.0839857651245552,0.0192170818505338,0.230769230769231,0.3,0.559859331342062,weighted,explore
5,DTLZ1,10,4,24,0.0427046263345196,0.0839857651245552,0.223776223776224,0.3,0.490130423868193,conservative,explore
5,DTLZ1,10,4,25,0.0135231316725979,0.0427046263345196,0.22027972027972,0.3,0.500086042299506,conservative,explore
5,DTLZ1,10,4,26,0.0348754448398577,0.0135231316725979,0.22027972027972,0.3,0.539929415424792,conservative,explore
5,DTLZ1,10,4,27,0.136654804270463,0.0348754448398577,0.216783216783217,0.3,0.539932300763556,conservative,explore
5,DTLZ1,10,4,28,0.291814946619217,0.136654804270463,0.216783216783217,0.3,0.559832886711233,weighted,explore
5,DTLZ1,10,4,29,0.306761565836299,0.291814946619217,0.216783216783217,0.3,0.599794164201961,weighted,explore
5,DTLZ1,10,4,30,0.372241992882562,0.306761565836299,0.227272727272727,0.3,0.589832877416942,weighted,conservative
5,DTLZ1,10,4,31,0.03,0.372241992882562,0.223776223776224,0.3,0.540084844900778,curriculum,explore
5,DTLZ1,10,4,32,0.128113879003559,0.03,0.216783216783217,0.3,0.61979641117585,weighted,explore
5,DTLZ1,10,4,33,0.16797153024911,0.128113879003559,0.206293706293706,0.3,0.649666986491933,weighted,explore
5,DTLZ1,10,4,34,0.0348754448398577,0.16797153024911,0.199300699300699,0.3,0.520065133229128,conservative,explore
6,DTLZ1,10,5,1,0.0122222222222222,1,0.132867132867133,0.3,0.639891494772941,curriculum,explore
6,DTLZ1,10,5,2,0.00854092526690392,0.0122222222222222,0.13986013986014,0.4,0.629888839186648,weighted,explore
6,DTLZ1,10,5,3,0.0199288256227758,0.00854092526690392,0.143356643356643,0.3,0.550029315575358,weighted,explore
6,DTLZ1,10,5,4,0.101067615658363,0.0199288256227758,0.15034965034965,0.3,0.619859013529897,weighted,explore
6,DTLZ1,10,5,5,0.306761565836299,0.101067615658363,0.160839160839161,0.3,0.609844496079901,weighted,explore
6,DTLZ1,10,5,6,0.0142348754448399,0.306761565836299,0.146853146853147,0.3,0.520133353878896,conservative,explore
6,DTLZ1,10,5,7,0.0355871886120996,0.0142348754448399,0.157342657342657,0.3,0.490211757462865,conservative,explore
6,DTLZ1,10,5,8,0.0120996441281139,0.0355871886120996,0.178321678321678,0.3,0.490208478211756,conservative,explore
6,DTLZ1,10,5,9,0.0199288256227758,0.0120996441281139,0.181818181818182,0.3,0.470252707771358,conservative,explore
6,DTLZ1,10,5,10,0.0234875444839858,0.0199288256227758,0.188811188811189,0.3,0.50015317052151,conservative,explore
6,DTLZ1,10,5,11,0.20711743772242,0.0234875444839858,0.185314685314685,0.3,0.559977494210665,weighted,explore
6,DTLZ1,10,5,12,0.0156583629893238,0.20711743772242,0.199300699300699,0.3,0.490220017197383,conservative,explore
6,DTLZ1,10,5,13,0.0256227758007117,0.0156583629893238,0.216783216783217,0.3,0.510072456395873,conservative,explore
6,DTLZ1,10,5,14,0.0355871886120996,0.0256227758007117,0.192307692307692,0.3,0.520094954023926,conservative,explore
6,DTLZ1,10,5,15,0.377935943060498,0.0355871886120996,0.192307692307692,0.3,0.569930320738772,weighted,conservative
6,DTLZ1,10,5,16,0.0422222222222222,0.377935943060498,0.181818181818182,0.3,0.57990217085751,curriculum,explore
6,DTLZ1,10,5,17,0.113879003558719,0.0422222222222222,0.185314685314685,0.3,0.629738260510146,weighted,explore
6,DTLZ1,10,5,18,0.0690391459074733,0.113879003558719,0.185314685314685,0.3,0.589885220023688,weighted,explore
6,DTLZ1,10,5,19,0.249822064056939,0.0690391459074733,0.185314685314685,0.3,0.589875620447187,weighted,explore
6,DTLZ1,10,5,20,0.426334519572954,0.249822064056939,0.188811188811189,0.3,0.569929371442666,weighted,conservative
6,DTLZ1,10,5,21,0.02,0.426334519572954,0.188811188811189,0.3,0.579980864845764,curriculum,explore
6,DTLZ1,10,5,22,0.163701067615658,0.02,0.188811188811189,0.3,0.560059554255428,weighted,explore
6,DTLZ1,10,5,23,0.0220640569395018,0.163701067615658,0.192307692307692,0.3,0.609756300710466,weighted,explore
6,DTLZ1,10,5,24,0.0434163701067616,0.0220640569395018,0.195804195804196,0.3,0.520212622624963,conservative,explore
6,DTLZ1,10,5,25,0.506761565836299,0.0434163701067616,0.192307692307692,0.3,0.639617601294727,weighted,conservative
6,DTLZ1,10,5,26,0.0277777777777778,0.506761565836299,0.195804195804196,0.3,0.629670119446754,curriculum,explore
6,DTLZ1,10,5,27,0.493238434163701,0.0277777777777778,0.195804195804196,0.3,0.609780968178603,weighted,conservative
6,DTLZ1,10,5,28,0.03,0.493238434163701,0.195804195804196,0.3,0.589877673861368,curriculum,explore
6,DTLZ1,10,5,29,0.0256227758007117,0.03,0.199300699300699,0.3,0.550052601064045,weighted,explore
6,DTLZ1,10,5,30,0.0135231316725979,0.0256227758007117,0.188811188811189,0.3,0.480375870926031,conservative,explore
6,DTLZ1,10,5,31,0.0377224199288256,0.0135231316725979,0.185314685314685,0.3,0.490342829365757,conservative,explore
6,DTLZ1,10,5,32,0.0156583629893238,0.0377224199288256,0.192307692307692,0.3,0.520135368349686,conservative,explore
6,DTLZ1,10,5,33,0.0626334519572954,0.0156583629893238,0.192307692307692,0.3,0.520138070751442,conservative,explore
6,DTLZ1,10,5,34,0.0199288256227758,0.0626334519572954,0.174825174825175,0.3,0.540192441136327,conservative,explore
6,DTLZ1,10,5,35,0.177224199288256,0.0199288256227758,0.192307692307692,0.2,0.579898983541002,weighted,explore
7,DTLZ1,10,6,1,0.00777777777777778,1,0.164335664335664,0.4,0.420273828170718,curriculum,explore
7,DTLZ1,10,6,2,0.00498220640569395,0.00777777777777778,0.171328671328671,0.3,0.530066494630425,conservative,explore
7,DTLZ1,10,6,3,0.0120996441281139,0.00498220640569395,0.185314685314685,0.3,0.470264472033308,conservative,explore
7,DTLZ1,10,6,4,0.0320284697508897,0.0120996441281139,0.174825174825175,0.3,0.639686407122004,weighted,explore
7,DTLZ1,10,6,5,0.0241992882562278,0.0320284697508897,0.178321678321678,0.3,0.350593666931408,conservative,explore
7,DTLZ1,10,6,6,0.00640569395017794,0.0241992882562278,0.178321678321678,0.3,0.629836106035908,weighted,explore
7,DTLZ1,10,6,7,0.0256227758007117,0.00640569395017794,0.188811188811189,0.3,0.579935442394732,weighted,explore
7,DTLZ1,10,6,8,0.0455516014234875,0.0256227758007117,0.192307692307692,0.3,0.569967537661179,weighted,explore
7,DTLZ1,10,6,9,0.0740213523131673,0.0455516014234875,0.195804195804196,0.3,0.599882986633373,weighted,explore
7,DTLZ1,10,6,10,0.377224199288256,0.0740213523131673,0.202797202797203,0.3,0.609879130938688,weighted,conservative
7,DTLZ1,10,6,11,0.0177777777777778,0.377224199288256,0.195804195804196,0.3,0.540070740278331,curriculum,explore
7,DTLZ1,10,6,12,0.0185053380782918,0.0177777777777778,0.195804195804196,0.3,0.520158228266649,conservative,explore
7,DTLZ1,10,6,13,0.0270462633451957,0.0185053380782918,0.206293706293706,0.3,0.500179904058569,conservative,explore
7,DTLZ1,10,6,14,0.0405693950177936,0.0270462633451957,0.192307692307692,0.3,0.67955036535376,weighted,explore
7,DTLZ1,10,6,15,0.234875444839858,0.0405693950177936,0.181818181818182,0.3,0.639654936282498,weighted,explore
7,DTLZ1,10,6,16,0.184341637010676,0.234875444839858,0.185314685314685,0.3,0.649608946826629,weighted,explore
7,DTLZ1,10,6,17,0.234163701067616,0.184341637010676,0.188811188811189,0.3,0.599886223166383,weighted,explore
7,DTLZ1,10,6,18,0.143060498220641,0.234163701067616,0.192307692307692,0.3,0.569986376792732,weighted,explore
7,DTLZ1,10,6,19,0.00711743772241993,0.143060498220641,0.195804195804196,0.3,0.639754014810003,weighted,explore
7,DTLZ1,10,6,20,0.201423487544484,0.00711743772241993,0.192307692307692,0.3,0.629822641088232,weighted,explore
7,DTLZ1,10,6,21,0.00854092526690392,0.201423487544484,0.185314685314685,0.3,0.42053723469873,conservative,explore
7,DTLZ1,10,6,22,0.0120996441281139,0.00854092526690392,0.192307692307692,0.3,0.40060297015993,conservative,explore
7,DTLZ1,10,6,23,0.0249110320284698,0.0120996441281139,0.199300699300699,0.3,0.440456984848956,conservative,explore
7,DTLZ1,10,6,24,0.0120996441281139,0.0249110320284698,0.199300699300699,0.3,0.430486490075944,conservative,explore
7,DTLZ1,10,6,25,0.0811387900355872,0.0120996441281139,0.199300699300699,0.2,0.669608577902455,weighted,explore
7,DTLZ1,10,6,26,0.101779359430605,0.0811387900355872,0.213286713286713,0.2,0.579883693453125,weighted,explore
7,DTLZ1,10,6,27,0.0854092526690391,0.101779359430605,0.195804195804196,0.3,0.609825469348672,weighted,explore
7,DTLZ1,10,6,28,0.0889679715302491,0.0854092526690391,0.199300699300699,0.2,0.689416331207181,weighted,explore
7,DTLZ1,10,6,29,0.249110320284698,0.0889679715302491,0.202797202797203,0.2,0.689457451416274,weighted,explore
7,DTLZ1,10,6,30,0.098220640569395,0.249110320284698,0.213286713286713,0.2,0.619752988781101,weighted,explore
7,DTLZ1,10,6,31,0.609964412811388,0.098220640569395,0.216783216783217,0.2,0.659614499612985,weighted,conservative
7,DTLZ1,10,6,32,0.0388888888888889,0.609964412811388,0.20979020979021,0.2,0.639673632899362,curriculum,explore
7,DTLZ1,10,6,33,0.463345195729537,0.0388888888888889,0.206293706293706,0.2,0.649622819617245,weighted,conservative
7,DTLZ1,10,6,34,0.0211111111111111,0.463345195729537,0.206293706293706,0.2,0.639664103425997,curriculum,explore
7,DTLZ1,10,6,35,0.0868327402135231,0.0211111111111111,0.202797202797203,0.2,0.649615904670443,weighted,explore
8,DTLZ1,10,7,1,0.0222222222222222,1,0.143356643356643,0.4,0.609854754077246,curriculum,explore
8,DTLZ1,10,7,2,0.549466192170818,0.0222222222222222,0.157342657342657,0.4,0.559956295413529,weighted,conservative
8,DTLZ1,10,7,3,0.0377777777777778,0.549466192170818,0.171328671328671,0.4,0.579906530055682,curriculum,explore
8,DTLZ1,10,7,4,0.00569395017793594,0.0377777777777778,0.188811188811189,0.4,0.340573191489325,conservative,explore
8,DTLZ1,10,7,5,0.00782918149466192,0.00569395017793594,0.195804195804196,0.4,0.370536173900213,conservative,explore
8,DTLZ1,10,7,6,0.0647686832740214,0.00782918149466192,0.199300699300699,0.4,0.390488728241945,conservative,explore
8,DTLZ1,10,7,7,0.0498220640569395,0.0647686832740214,0.202797202797203,0.4,0.450279427633839,conservative,explore
8,DTLZ1,10,7,8,0.0427046263345196,0.0498220640569395,0.199300699300699,0.4,0.340596231726371,conservative,explore
8,DTLZ1,10,7,9,0.0370106761565836,0.0427046263345196,0.192307692307692,0.4,0.350602291437935,conservative,explore
8,DTLZ1,10,7,10,0.0725978647686833,0.0370106761565836,0.192307692307692,0.4,0.360563362929325,conservative,explore
8,DTLZ1,10,7,11,0.0846975088967972,0.0725978647686833,0.192307692307692,0.4,0.41038984833392,conservative,explore
8,DTLZ1,10,7,12,0.0099644128113879,0.0846975088967972,0.195804195804196,0.3,0.310733748823897,conservative,explore
8,DTLZ1,10,7,13,0.0220640569395018,0.0099644128113879,0.199300699300699,0.3,0.300757766011663,conservative,explore
8,DTLZ1,10,7,14,0.0348754448398577,0.0220640569395018,0.206293706293706,0.3,0.300768890325887,conservative,explore
8,DTLZ1,10,7,15,0.0498220640569395,0.0348754448398577,0.202797202797203,0.3,0.300767786799614,conservative,explore
8,DTLZ1,10,7,16,0.0377224199288256,0.0498220640569395,0.223776223776224,0.3,0.330711638662135,conservative,explore
8,DTLZ1,10,7,17,0.0234875444839858,0.0377224199288256,0.199300699300699,0.4,0.330654251546959,conservative,explore
8,DTLZ1,10,7,18,0.0491103202846975,0.0234875444839858,0.199300699300699,0.3,0.300793035948349,conservative,explore
8,DTLZ1,10,7,19,0.390035587188612,0.0491103202846975,0.206293706293706,0.3,0.669498856521462,weighted,conservative
8,DTLZ1,10,7,20,0.0177777777777778,0.390035587188612,0.199300699300699,0.3,0.64956952833914,curriculum,explore
8,DTLZ1,10,7,21,0.0476868327402135,0.0177777777777778,0.213286713286713,0.3,0.300800321754596,conservative,explore
8,DTLZ1,10,7,22,0.0483985765124555,0.0476868327402135,0.20979020979021,0.3,0.300808195604531,conservative,explore
8,DTLZ1,10,7,23,0.293238434163701,0.0483985765124555,0.20979020979021,0.3,0.679484989999837,weighted,explore
8,DTLZ1,10,7,24,0.0270462633451957,0.293238434163701,0.199300699300699,0.3,0.609678100153051,weighted,explore
8,DTLZ1,10,7,25,0.0690391459074733,0.0270462633451957,0.206293706293706,0.3,0.639626841266391,weighted,explore
8,DTLZ1,10,7,26,0.0896797153024911,0.0690391459074733,0.206293706293706,0.3,0.619679691520781,weighted,explore
8,DTLZ1,10,7,27,0.0313167259786477,0.0896797153024911,0.20979020979021,0.3,0.609718837599618,weighted,explore
8,DTLZ1,10,7,28,0.0341637010676157,0.0313167259786477,0.213286713286713,0.3,0.320790781619612,conservative,explore
8,DTLZ1,10,7,29,0.0355871886120996,0.0341637010676157,0.216783216783217,0.3,0.310832909673086,conservative,explore
8,DTLZ1,10,7,30,0.0483985765124555,0.0355871886120996,0.216783216783217,0.3,0.350684508548402,conservative,explore
8,DTLZ1,10,7,31,0.0512455516014235,0.0483985765124555,0.216783216783217,0.3,0.639601329347137,weighted,explore
8,DTLZ1,10,7,32,0.0263345195729537,0.0512455516014235,0.213286713286713,0.3,0.330817427290384,conservative,explore
8,DTLZ1,10,7,33,0.0597864768683274,0.0263345195729537,0.206293706293706,0.3,0.340768280938133,conservative,explore
8,DTLZ1,10,7,34,0.0177935943060498,0.0597864768683274,0.202797202797203,0.3,0.350709561508869,conservative,explore
9,DTLZ1,10,8,1,0.0177777777777778,1,0.143356643356643,0.4,0.689668498779716,curriculum,explore
9,DTLZ1,10,8,2,0.315302491103203,0.0177777777777778,0.160839160839161,0.4,0.669718923215698,weighted,explore
9,DTLZ1,10,8,3,0.0120996441281139,0.315302491103203,0.171328671328671,0.3,0.699632981820318,weighted,explore
9,DTLZ1,10,8,4,0.0270462633451957,0.0120996441281139,0.167832167832168,0.3,0.699633648589025,weighted,explore
9,DTLZ1,10,8,5,0.0199288256227758,0.0270462633451957,0.157342657342657,0.3,0.440362981561048,conservative,explore
9,DTLZ1,10,8,6,0.387900355871886,0.0199288256227758,0.164335664335664,0.3,0.669719965968926,weighted,conservative
9,DTLZ1,10,8,7,0.0444444444444444,0.387900355871886,0.174825174825175,0.3,0.540058138081531,curriculum,explore
9,DTLZ1,10,8,8,0.101067615658363,0.0444444444444444,0.178321678321678,0.3,0.559936169485079,weighted,explore
9,DTLZ1,10,8,9,0.0234875444839858,0.101067615658363,0.185314685314685,0.3,0.619778437851526,weighted,explore
9,DTLZ1,10,8,10,0.120996441281139,0.0234875444839858,0.185314685314685,0.3,0.599763232501523,weighted,explore
9,DTLZ1,10,8,11,0.0177935943060498,0.120996441281139,0.188811188811189,0.3,0.480249675001055,conservative,explore
9,DTLZ1,10,8,12,0.1644128113879,0.0177935943060498,0.174825174825175,0.3,0.639716873340109,weighted,explore
9,DTLZ1,10,8,13,0.307473309608541,0.1644128113879,0.188811188811189,0.3,0.649665302375349,weighted,explore
9,DTLZ1,10,8,14,0.3644128113879,0.307473309608541,0.192307692307692,0.3,0.579871203346651,weighted,conservative
9,DTLZ1,10,8,15,0.0411111111111111,0.3644128113879,0.188811188811189,0.3,0.589831743604356,curriculum,explore
9,DTLZ1,10,8,16,0.2,0.0411111111111111,0.202797202797203,0.3,0.639726251081307,weighted,explore
9,DTLZ1,10,8,17,0.0512455516014235,0.2,0.202797202797203,0.3,0.510157098245645,conservative,explore
9,DTLZ1,10,8,18,0.0199288256227758,0.0512455516014235,0.167832167832168,0.3,0.639692193079979,weighted,explore
9,DTLZ1,10,8,19,0.0263345195729537,0.0199288256227758,0.167832167832168,0.3,0.63968745298643,weighted,explore
9,DTLZ1,10,8,20,0.0498220640569395,0.0263345195729537,0.20979020979021,0.3,0.699504582909708,weighted,explore
9,DTLZ1,10,8,21,0.0469750889679715,0.0498220640569395,0.216783216783217,0.3,0.689562406066567,weighted,explore
9,DTLZ1,10,8,22,0.0419928825622776,0.0469750889679715,0.20979020979021,0.3,0.649688172914569,weighted,explore
9,DTLZ1,10,8,23,0.245551601423488,0.0419928825622776,0.192307692307692,0.3,0.559986509636671,weighted,explore
9,DTLZ1,10,8,24,0.246975088967972,0.245551601423488,0.185314685314685,0.3,0.560013187036038,weighted,explore
9,DTLZ1,10,8,25,0.0718861209964413,0.246975088967972,0.192307692307692,0.3,0.629743816899985,weighted,explore
9,DTLZ1,10,8,26,0.225622775800712,0.0718861209964413,0.185314685314685,0.2,0.699452816012403,weighted,explore
9,DTLZ1,10,8,27,0.0106761565836299,0.225622775800712,0.195804195804196,0.3,0.40072161835957,conservative,explore
9,DTLZ1,10,8,28,0.0483985765124555,0.0106761565836299,0.195804195804196,0.3,0.669605553811166,weighted,explore
9,DTLZ1,10,8,29,0.0427046263345196,0.0483985765124555,0.192307692307692,0.2,0.619820736632696,weighted,explore
9,DTLZ1,10,8,30,0.19288256227758,0.0427046263345196,0.192307692307692,0.3,0.649671495120763,weighted,explore
9,DTLZ1,10,8,31,0.291814946619217,0.19288256227758,0.195804195804196,0.3,0.639715513531839,weighted,explore
9,DTLZ1,10,8,32,0.467615658362989,0.291814946619217,0.195804195804196,0.3,0.560070217440478,weighted,conservative
9,DTLZ1,10,8,33,0.0311111111111111,0.467615658362989,0.188811188811189,0.3,0.550102060571086,curriculum,explore
9,DTLZ1,10,8,34,0.263345195729537,0.0311111111111111,0.188811188811189,0.3,0.639699733553751,weighted,explore
9,DTLZ1,10,8,35,0.0455516014234875,0.263345195729537,0.192307692307692,0.3,0.540153116546001,conservative,explore
10,DTLZ1,10,9,1,0.0133333333333333,1,0.143356643356643,0.4,0.360594957175622,curriculum,explore
10,DTLZ1,10,9,2,0.00640569395017794,0.0133333333333333,0.160839160839161,0.3,0.450363998680739,conservative,explore
10,DTLZ1,10,9,3,0.0434163701067616,0.00640569395017794,0.171328671328671,0.3,0.679661532815102,weighted,explore
10,DTLZ1,10,9,4,0.0498220640569395,0.0434163701067616,0.178321678321678,0.3,0.609888351233158,weighted,explore
10,DTLZ1,10,9,5,0.147330960854093,0.0498220640569395,0.164335664335664,0.3,0.63975767468644,weighted,explore
10,DTLZ1,10,9,6,0.0192170818505338,0.147330960854093,0.171328671328671,0.3,0.530149998881413,conservative,explore
10,DTLZ1,10,9,7,0.0120996441281139,0.0192170818505338,0.160839160839161,0.3,0.430371963387659,conservative,explore
10,DTLZ1,10,9,8,0.0718861209964413,0.0120996441281139,0.164335664335664,0.3,0.530107852089995,conservative,explore
10,DTLZ1,10,9,9,0.461209964412811,0.0718861209964413,0.164335664335664,0.3,0.589860360551443,weighted,conservative
10,DTLZ1,10,9,10,0.0166666666666667,0.461209964412811,0.178321678321678,0.3,0.56995583457178,curriculum,explore
10,DTLZ1,10,9,11,0.0113879003558719,0.0166666666666667,0.178321678321678,0.3,0.490309728236043,conservative,explore
10,DTLZ1,10,9,12,0.0113879003558719,0.0113879003558719,0.188811188811189,0.3,0.510199195030892,conservative,explore
10,DTLZ1,10,9,13,0.0334519572953737,0.0113879003558719,0.202797202797203,0.3,0.609805007630987,weighted,explore
10,DTLZ1,10,9,14,0.269750889679715,0.0334519572953737,0.206293706293706,0.3,0.579948924521041,weighted,explore
10,DTLZ1,10,9,15,0.0135231316725979,0.269750889679715,0.202797202797203,0.3,0.500224151792913,conservative,explore
10,DTLZ1,10,9,16,0.0405693950177936,0.0135231316725979,0.206293706293706,0.3,0.490298938534518,conservative,explore
10,DTLZ1,10,9,17,0.00711743772241993,0.0405693950177936,0.202797202797203,0.3,0.49027871439246,conservative,explore
10,DTLZ1,10,9,18,0.0120996441281139,0.00711743772241993,0.202797202797203,0.3,0.520128708236125,conservative,explore
10,DTLZ1,10,9,19,0.0099644128113879,0.0120996441281139,0.20979020979021,0.3,0.43065714667909,conservative,explore
10,DTLZ1,10,9,20,0.00711743772241993,0.0099644128113879,0.206293706293706,0.3,0.440631201434664,conservative,explore
10,DTLZ1,10,9,21,0.00711743772241993,0.00711743772241993,0.206293706293706,0.3,0.530108354526493,conservative,explore
10,DTLZ1,10,9,22,0.151601423487544,0.00711743772241993,0.213286713286713,0.3,0.629800201771667,weighted,explore
10,DTLZ1,10,9,23,0.0612099644128114,0.151601423487544,0.213286713286713,0.3,0.599954838430781,weighted,explore
10,DTLZ1,10,9,24,0.0441281138790036,0.0612099644128114,0.195804195804196,0.3,0.550147012652941,weighted,explore
10,DTLZ1,10,9,25,0.150177935943061,0.0441281138790036,0.202797202797203,0.3,0.570038843109731,weighted,explore
10,DTLZ1,10,9,26,0.244839857651246,0.150177935943061,0.199300699300699,0.3,0.629766015939059,weighted,explore
10,DTLZ1,10,9,27,0.0811387900355872,0.244839857651246,0.202797202797203,0.3,0.580055343421134,weighted,explore
10,DTLZ1,10,9,28,0.128825622775801,0.0811387900355872,0.202797202797203,0.3,0.590054374251864,weighted,explore
10,DTLZ1,10,9,29,0.273309608540925,0.128825622775801,0.206293706293706,0.3,0.55017011075374,weighted,explore
10,DTLZ1,10,9,30,0.293950177935943,0.273309608540925,0.206293706293706,0.3,0.540229550963499,conservative,explore
10,DTLZ1,10,9,31,0.0156583629893238,0.293950177935943,0.213286713286713,0.3,0.570026266335433,weighted,explore
10,DTLZ1,10,9,32,0.0227758007117438,0.0156583629893238,0.20979020979021,0.3,0.550117829218721,weighted,explore
10,DTLZ1,10,9,33,0.160142348754448,0.0227758007117438,0.202797202797203,0.3,0.570133902311085,weighted,explore
10,DTLZ1,10,9,34,0.338790035587189,0.160142348754448,0.206293706293706,0.3,0.580058296076975,weighted,explore
11,DTLZ1,20,1,1,0.0266666666666667,1,0.147186147186147,0.55,0.550309967127595,curriculum,indicator
11,DTLZ1,20,1,2,0.00925266903914591,0.0266666666666667,0.16017316017316,0.55,0.570150866652374,weighted,indicator
11,DTLZ1,20,1,3,0.0199288256227758,0.00925266903914591,0.16017316017316,0.5,0.490502605613097,conservative,indicator
11,DTLZ1,20,1,4,0.0348754448398577,0.0199288256227758,0.151515151515152,0.5,0.490460618620272,conservative,indicator
11,DTLZ1,20,1,5,0.0761565836298932,0.0348754448398577,0.155844155844156,0.5,0.490540086781229,conservative,indicator
11,DTLZ1,20,1,6,0.0185053380782918,0.0761565836298932,0.164502164502165,0.5,0.510503400624612,conservative,indicator
11,DTLZ1,20,1,7,0.0377224199288256,0.0185053380782918,0.155844155844156,0.5,0.540221259687307,conservative,indicator
11,DTLZ1,20,1,8,0.0782918149466192,0.0377224199288256,0.147186147186147,0.5,0.530189984014835,conservative,indicator
11,DTLZ1,20,1,9,0.0690391459074733,0.0782918149466192,0.147186147186147,0.5,0.530095745009818,conservative,indicator
11,DTLZ1,20,1,10,0.401423487544484,0.0690391459074733,0.151515151515152,0.55,0.550121846565594,weighted,conservative
11,DTLZ1,20,1,11,0.0477777777777778,0.401423487544484,0.164502164502165,0.55,0.500272125669987,curriculum,indicator
11,DTLZ1,20,1,12,0.543060498220641,0.0477777777777778,0.164502164502165,0.55,0.55004461079296,weighted,conservative
11,DTLZ1,20,1,13,0.0677777777777778,0.543060498220641,0.168831168831169,0.5,0.530155043203402,curriculum,indicator
11,DTLZ1,20,1,14,0.0576512455516014,0.0677777777777778,0.173160173160173,0.5,0.5301999746372,conservative,indicator
11,DTLZ1,20,1,15,0.126690391459075,0.0576512455516014,0.168831168831169,0.5,0.48058776190145,conservative,indicator
11,DTLZ1,20,1,16,0.191459074733096,0.126690391459075,0.164502164502165,0.5,0.540089821723412,conservative,indicator
11,DTLZ1,20,1,17,0.345907473309609,0.191459074733096,0.16017316017316,0.5,0.550059306055932,weighted,indicator
11,DTLZ1,20,1,18,0.255516014234875,0.345907473309609,0.151515151515152,0.5,0.550048054152307,weighted,indicator
11,DTLZ1,20,1,19,0.359430604982206,0.255516014234875,0.16017316017316,0.55,0.550150919468365,weighted,conservative
11,DTLZ1,20,1,20,0.138888888888889,0.359430604982206,0.173160173160173,0.5,0.550358569962782,curriculum,indicator
11,DTLZ1,20,1,21,0.143772241992883,0.138888888888889,0.181818181818182,0.5,0.540327725676935,conservative,indicator
11,DTLZ1,20,1,22,0.0896797153024911,0.143772241992883,0.181818181818182,0.5,0.540093641091869,conservative,indicator
11,DTLZ1,20,1,23,0.0512455516014235,0.0896797153024911,0.186147186147186,0.5,0.510524045548799,conservative,indicator
11,DTLZ1,20,1,24,0.116014234875445,0.0512455516014235,0.186147186147186,0.5,0.510440985608461,conservative,indicator
11,DTLZ1,20,1,25,0.219217081850534,0.116014234875445,0.19047619047619,0.5,0.510455256141019,conservative,indicator
11,DTLZ1,20,1,26,0.143772241992883,0.219217081850534,0.186147186147186,0.5,0.530073807403644,conservative,indicator
11,DTLZ1,20,1,27,0.114590747330961,0.143772241992883,0.19047619047619,0.5,0.530062584264169,conservative,indicator
11,DTLZ1,20,1,28,0.111032028469751,0.114590747330961,0.186147186147186,0.5,0.530043747523113,conservative,indicator
11,DTLZ1,20,1,29,0.498220640569395,0.111032028469751,0.151515151515152,0.55,0.569845875022714,weighted,conservative
11,DTLZ1,20,1,30,0.101111111111111,0.498220640569395,0.142857142857143,0.5,0.559944930173734,curriculum,indicator
11,DTLZ1,20,1,31,0.0782918149466192,0.101111111111111,0.134199134199134,0.5,0.549957165546666,conservative,indicator
11,DTLZ1,20,1,32,0.0861209964412811,0.0782918149466192,0.138528138528139,0.5,0.549923421299182,conservative,indicator
11,DTLZ1,20,1,33,0.418505338078292,0.0861209964412811,0.155844155844156,0.5,0.55995608921228,weighted,conservative
11,DTLZ1,20,1,34,0.137777777777778,0.418505338078292,0.155844155844156,0.5,0.569857137766484,curriculum,indicator
11,DTLZ1,20,1,35,0.100355871886121,0.137777777777778,0.16017316017316,0.5,0.540052171330416,conservative,indicator
12,DTLZ1,20,10,1,0.0177777777777778,1,0.138528138528139,0.55,0.480638413357168,curriculum,indicator
12,DTLZ1,20,10,2,0.00854092526690392,0.0177777777777778,0.134199134199134,0.55,0.470641254209781,conservative,indicator
12,DTLZ1,20,10,3,0.00569395017793594,0.00854092526690392,0.12987012987013,0.55,0.490557162161916,conservative,indicator
12,DTLZ1,20,10,4,0.0163701067615658,0.00569395017793594,0.134199134199134,0.55,0.490578632999194,conservative,indicator
12,DTLZ1,20,10,5,0.0676156583629893,0.0163701067615658,0.12987012987013,0.55,0.530290013673915,conservative,indicator
12,DTLZ1,20,10,6,0.0775800711743772,0.0676156583629893,0.12987012987013,0.55,0.560200510161967,weighted,indicator
12,DTLZ1,20,10,7,0.1644128113879,0.0775800711743772,0.112554112554113,0.6,0.609910725395207,weighted,indicator
12,DTLZ1,20,10,8,0.0227758007117438,0.1644128113879,0.121212121212121,0.55,0.580079465526739,weighted,indicator
12,DTLZ1,20,10,9,0.118861209964413,0.0227758007117438,0.116883116883117,0.6,0.570129096622928,weighted,indicator
12,DTLZ1,20,10,10,0.138078291814947,0.118861209964413,0.116883116883117,0.6,0.530313799188937,conservative,indicator
12,DTLZ1,20,10,11,0.215658362989324,0.138078291814947,0.103896103896104,0.6,0.570030400118633,weighted,indicator
12,DTLZ1,20,10,12,0.355160142348754,0.215658362989324,0.0995670995670996,0.6,0.59972014596906,weighted,conservative
12,DTLZ1,20,10,13,0.08,0.355160142348754,0.0995670995670996,0.6,0.559966955515313,curriculum,indicator
12,DTLZ1,20,10,14,0.101779359430605,0.08,0.103896103896104,0.6,0.550044298560961,weighted,indicator
12,DTLZ1,20,10,15,0.106761565836299,0.101779359430605,0.108225108225108,0.6,0.550009693116795,weighted,indicator
12,DTLZ1,20,10,16,0.116725978647687,0.106761565836299,0.103896103896104,0.6,0.589694172930914,weighted,indicator
12,DTLZ1,20,10,17,0.37508896797153,0.116725978647687,0.116883116883117,0.55,0.609736538808918,weighted,conservative
12,DTLZ1,20,10,18,0.0855555555555556,0.37508896797153,0.112554112554113,0.55,0.589842605357699,curriculum,indicator
12,DTLZ1,20,10,19,0.205693950177936,0.0855555555555556,0.112554112554113,0.55,0.579960571991784,weighted,indicator
12,DTLZ1,20,10,20,0.107473309608541,0.205693950177936,0.134199134199134,0.55,0.570023403498642,weighted,indicator
12,DTLZ1,20,10,21,0.197153024911032,0.107473309608541,0.134199134199134,0.55,0.570030235146463,weighted,indicator
12,DTLZ1,20,10,22,0.0533807829181495,0.197153024911032,0.142857142857143,0.55,0.520304053914114,conservative,indicator
12,DTLZ1,20,10,23,0.122419928825623,0.0533807829181495,0.142857142857143,0.55,0.490551478681925,conservative,indicator
12,DTLZ1,20,10,24,0.119572953736655,0.122419928825623,0.134199134199134,0.55,0.490608786809717,conservative,indicator
12,DTLZ1,20,10,25,0.165836298932384,0.119572953736655,0.125541125541126,0.55,0.530233571561368,conservative,indicator
12,DTLZ1,20,10,26,0.155871886120996,0.165836298932384,0.121212121212121,0.55,0.510332008873751,conservative,indicator
12,DTLZ1,20,10,27,0.158007117437722,0.155871886120996,0.121212121212121,0.55,0.520295931397046,conservative,indicator
12,DTLZ1,20,10,28,0.449822064056939,0.158007117437722,0.121212121212121,0.55,0.579862321002419,weighted,conservative
12,DTLZ1,20,10,29,0.138888888888889,0.449822064056939,0.125541125541126,0.55,0.57010591557449,curriculum,indicator
12,DTLZ1,20,10,30,0.416370106761566,0.138888888888889,0.121212121212121,0.55,0.579889070364357,weighted,conservative
12,DTLZ1,20,10,31,0.206666666666667,0.416370106761566,0.121212121212121,0.55,0.540359573941184,curriculum,indicator
12,DTLZ1,20,10,32,0.20355871886121,0.206666666666667,0.121212121212121,0.55,0.540338487201204,conservative,indicator
12,DTLZ1,20,10,33,0.244128113879004,0.20355871886121,0.116883116883117,0.55,0.550309262633614,weighted,indicator
12,DTLZ1,20,10,34,0.114590747330961,0.244128113879004,0.116883116883117,0.55,0.540278321132674,conservative,indicator
12,DTLZ1,20,10,35,0.0725978647686833,0.114590747330961,0.112554112554113,0.55,0.510674566984452,conservative,indicator
13,DTLZ1,20,2,1,0.0255555555555556,1,0.16017316017316,0.55,0.570096057040287,curriculum,indicator
13,DTLZ1,20,2,2,0.0398576512455516,0.0255555555555556,0.147186147186147,0.55,0.500332908045265,conservative,indicator
13,DTLZ1,20,2,3,0.0163701067615658,0.0398576512455516,0.138528138528139,0.55,0.540207309985856,conservative,indicator
13,DTLZ1,20,2,4,0.0313167259786477,0.0163701067615658,0.138528138528139,0.55,0.480586078588535,conservative,indicator
13,DTLZ1,20,2,5,0.0170818505338078,0.0313167259786477,0.134199134199134,0.55,0.530248112247239,conservative,indicator
13,DTLZ1,20,2,6,0.0099644128113879,0.0170818505338078,0.147186147186147,0.55,0.450655341652091,conservative,indicator
13,DTLZ1,20,2,7,0.0227758007117438,0.0099644128113879,0.151515151515152,0.6,0.460630556357025,conservative,indicator
13,DTLZ1,20,2,8,0.0334519572953737,0.0227758007117438,0.125541125541126,0.65,0.520293344050562,conservative,indicator
13,DTLZ1,20,2,9,0.305338078291815,0.0334519572953737,0.121212121212121,0.6,0.559968840061419,weighted,indicator
13,DTLZ1,20,2,10,0.237722419928826,0.305338078291815,0.116883116883117,0.6,0.579821956988426,weighted,indicator
13,DTLZ1,20,2,11,0.498932384341637,0.237722419928826,0.112554112554113,0.6,0.599551237669283,weighted,conservative
13,DTLZ1,20,2,12,0.0655555555555556,0.498932384341637,0.108225108225108,0.6,0.550086993632814,curriculum,indicator
13,DTLZ1,20,2,13,0.0790035587188612,0.0655555555555556,0.112554112554113,0.6,0.530164518330985,conservative,indicator
13,DTLZ1,20,2,14,0.127402135231317,0.0790035587188612,0.112554112554113,0.6,0.520224608616041,conservative,indicator
13,DTLZ1,20,2,15,0.0711743772241993,0.127402135231317,0.116883116883117,0.6,0.500431069103243,conservative,indicator
13,DTLZ1,20,2,16,0.0839857651245552,0.0711743772241993,0.112554112554113,0.6,0.520247990882954,conservative,indicator
13,DTLZ1,20,2,17,0.133807829181495,0.0839857651245552,0.12987012987013,0.6,0.480613742939207,conservative,indicator
13,DTLZ1,20,2,18,0.121708185053381,0.133807829181495,0.12987012987013,0.6,0.480586828281302,conservative,indicator
13,DTLZ1,20,2,19,0.110320284697509,0.121708185053381,0.12987012987013,0.6,0.470709843342455,conservative,indicator
13,DTLZ1,20,2,20,0.119572953736655,0.110320284697509,0.125541125541126,0.6,0.470689372856867,conservative,indicator
13,DTLZ1,20,2,21,0.0797153024911032,0.119572953736655,0.125541125541126,0.6,0.480587617197027,conservative,indicator
13,DTLZ1,20,2,22,0.0747330960854092,0.0797153024911032,0.125541125541126,0.6,0.391361272335197,conservative,indicator
13,DTLZ1,20,2,23,0.0711743772241993,0.0747330960854092,0.125541125541126,0.6,0.391401850435971,conservative,indicator
13,DTLZ1,20,2,24,0.0697508896797153,0.0711743772241993,0.121212121212121,0.6,0.45080966808748,conservative,indicator
13,DTLZ1,20,2,25,0.0704626334519573,0.0697508896797153,0.121212121212121,0.6,0.490281923697896,conservative,indicator
13,DTLZ1,20,2,26,0.0761565836298932,0.0704626334519573,0.125541125541126,0.6,0.440920497585374,conservative,indicator
13,DTLZ1,20,2,27,0.113879003558719,0.0761565836298932,0.125541125541126,0.6,0.430746696384624,conservative,indicator
13,DTLZ1,20,2,28,0.122419928825623,0.113879003558719,0.125541125541126,0.55,0.450498985846977,conservative,indicator
13,DTLZ1,20,2,29,0.150177935943061,0.122419928825623,0.121212121212121,0.6,0.509806326296214,conservative,indicator
13,DTLZ1,20,2,30,0.16797153024911,0.150177935943061,0.121212121212121,0.55,0.519689602907282,conservative,indicator
13,DTLZ1,20,2,31,0.258362989323843,0.16797153024911,0.121212121212121,0.55,0.519654597247108,conservative,indicator
13,DTLZ1,20,2,32,0.169395017793594,0.258362989323843,0.116883116883117,0.6,0.480238963184105,conservative,indicator
13,DTLZ1,20,2,33,0.227758007117438,0.169395017793594,0.108225108225108,0.6,0.5098569675551,conservative,indicator
13,DTLZ1,20,2,34,0.129537366548043,0.227758007117438,0.103896103896104,0.6,0.500036411814953,conservative,indicator
14,DTLZ1,20,3,1,0.0244444444444444,1,0.125541125541126,0.55,0.600027097431377,curriculum,indicator
14,DTLZ1,20,3,2,0.0434163701067616,0.0244444444444444,0.112554112554113,0.6,0.570057157366107,weighted,indicator
14,DTLZ1,20,3,3,0.0832740213523132,0.0434163701067616,0.112554112554113,0.6,0.520288833029475,conservative,indicator
14,DTLZ1,20,3,4,0.0384341637010676,0.0832740213523132,0.112554112554113,0.6,0.470493453896729,conservative,indicator
14,DTLZ1,20,3,5,0.0291814946619217,0.0384341637010676,0.116883116883117,0.6,0.5401066165937,conservative,indicator
14,DTLZ1,20,3,6,0.102491103202847,0.0291814946619217,0.116883116883117,0.6,0.530114966344273,conservative,indicator
14,DTLZ1,20,3,7,0.0533807829181495,0.102491103202847,0.112554112554113,0.6,0.430762089501869,conservative,indicator
14,DTLZ1,20,3,8,0.099644128113879,0.0533807829181495,0.103896103896104,0.6,0.470530347347312,conservative,indicator
14,DTLZ1,20,3,9,0.096797153024911,0.099644128113879,0.112554112554113,0.55,0.43083116257265,conservative,indicator
14,DTLZ1,20,3,10,0.0761565836298932,0.096797153024911,0.112554112554113,0.55,0.440710418473078,conservative,indicator
14,DTLZ1,20,3,11,0.170106761565836,0.0761565836298932,0.116883116883117,0.55,0.400963653382672,conservative,indicator
14,DTLZ1,20,3,12,0.115302491103203,0.170106761565836,0.121212121212121,0.55,0.420750544832808,conservative,indicator
14,DTLZ1,20,3,13,0.0640569395017794,0.115302491103203,0.125541125541126,0.55,0.381111549117412,conservative,indicator
14,DTLZ1,20,3,14,0.0932384341637011,0.0640569395017794,0.125541125541126,0.55,0.401004998109664,conservative,indicator
14,DTLZ1,20,3,15,0.0647686832740214,0.0932384341637011,0.125541125541126,0.5,0.420869371325492,conservative,indicator
14,DTLZ1,20,3,16,0.148042704626335,0.0647686832740214,0.125541125541126,0.5,0.43076287899782,conservative,indicator
14,DTLZ1,20,3,17,0.0740213523131673,0.148042704626335,0.125541125541126,0.5,0.361522155340554,conservative,indicator
14,DTLZ1,20,3,18,0.096797153024911,0.0740213523131673,0.125541125541126,0.5,0.381349265059409,conservative,indicator
14,DTLZ1,20,3,19,0.106761565836299,0.096797153024911,0.125541125541126,0.5,0.361555015846957,conservative,indicator
14,DTLZ1,20,3,20,0.0647686832740214,0.106761565836299,0.134199134199134,0.5,0.401344110587872,conservative,indicator
14,DTLZ1,20,3,21,0.0754448398576512,0.0647686832740214,0.142857142857143,0.5,0.460791422142838,conservative,indicator
14,DTLZ1,20,3,22,0.107473309608541,0.0754448398576512,0.142857142857143,0.5,0.460702941903926,conservative,indicator
14,DTLZ1,20,3,23,0.0868327402135231,0.107473309608541,0.138528138528139,0.5,0.480670239433173,conservative,indicator
14,DTLZ1,20,3,24,0.0761565836298932,0.0868327402135231,0.134199134199134,0.5,0.450918327278088,conservative,indicator
14,DTLZ1,20,3,25,0.158007117437722,0.0761565836298932,0.12987012987013,0.5,0.39147247878383,conservative,indicator
14,DTLZ1,20,3,26,0.143772241992883,0.158007117437722,0.12987012987013,0.5,0.391427590880428,conservative,indicator
14,DTLZ1,20,3,27,0.188612099644128,0.143772241992883,0.125541125541126,0.5,0.42130990713014,conservative,indicator
14,DTLZ1,20,3,28,0.096797153024911,0.188612099644128,0.125541125541126,0.5,0.431190476466903,conservative,indicator
14,DTLZ1,20,3,29,0.200711743772242,0.096797153024911,0.12987012987013,0.5,0.391841419929286,conservative,indicator
14,DTLZ1,20,3,30,0.096085409252669,0.200711743772242,0.12987012987013,0.5,0.490653055042629,conservative,indicator
14,DTLZ1,20,3,31,0.141637010676157,0.096085409252669,0.12987012987013,0.5,0.490653400277375,conservative,indicator
14,DTLZ1,20,3,32,0.122419928825623,0.141637010676157,0.12987012987013,0.5,0.461052824506901,conservative,indicator
14,DTLZ1,20,3,33,0.182918149466192,0.122419928825623,0.125541125541126,0.5,0.45109471199775,conservative,indicator
14,DTLZ1,20,3,34,0.162989323843416,0.182918149466192,0.125541125541126,0.5,0.490537222047728,conservative,indicator
15,DTLZ1,20,4,1,0.0144444444444444,1,0.12987012987013,0.55,0.62990341387061,curriculum,indicator
15,DTLZ1,20,4,2,0.0512455516014235,0.0144444444444444,0.125541125541126,0.55,0.550320531895987,weighted,indicator
15,DTLZ1,20,4,3,0.00355871886120996,0.0512455516014235,0.121212121212121,0.55,0.570145069846661,weighted,indicator
15,DTLZ1,20,4,4,0.0263345195729537,0.00355871886120996,0.116883116883117,0.55,0.560081513124614,weighted,indicator
15,DTLZ1,20,4,5,0.0362989323843416,0.0263345195729537,0.121212121212121,0.6,0.550156027053649,weighted,indicator
15,DTLZ1,20,4,6,0.0120996441281139,0.0362989323843416,0.125541125541126,0.55,0.540261583686566,conservative,indicator
15,DTLZ1,20,4,7,0.0818505338078292,0.0120996441281139,0.134199134199134,0.55,0.530430273974617,conservative,indicator
15,DTLZ1,20,4,8,0.202846975088968,0.0818505338078292,0.138528138528139,0.5,0.589948403966683,weighted,indicator
15,DTLZ1,20,4,9,0.265480427046263,0.202846975088968,0.138528138528139,0.5,0.550182109082023,weighted,indicator
15,DTLZ1,20,4,10,0.125978647686833,0.265480427046263,0.134199134199134,0.5,0.500419315120615,conservative,indicator
15,DTLZ1,20,4,11,0.165124555160142,0.125978647686833,0.138528138528139,0.5,0.540250636959878,conservative,indicator
15,DTLZ1,20,4,12,0.372241992882562,0.165124555160142,0.138528138528139,0.5,0.550037976437789,weighted,conservative
15,DTLZ1,20,4,13,0.0766666666666667,0.372241992882562,0.134199134199134,0.5,0.530255668120034,curriculum,indicator
15,DTLZ1,20,4,14,0.097508896797153,0.0766666666666667,0.134199134199134,0.5,0.530311024581203,conservative,indicator
15,DTLZ1,20,4,15,0.195729537366548,0.097508896797153,0.134199134199134,0.5,0.520222099037392,conservative,indicator
15,DTLZ1,20,4,16,0.110320284697509,0.195729537366548,0.134199134199134,0.5,0.510659323081175,conservative,indicator
15,DTLZ1,20,4,17,0.103202846975089,0.110320284697509,0.134199134199134,0.5,0.451023088725854,conservative,indicator
15,DTLZ1,20,4,18,0.138790035587189,0.103202846975089,0.134199134199134,0.5,0.460871070962192,conservative,indicator
15,DTLZ1,20,4,19,0.0846975088967972,0.138790035587189,0.12987012987013,0.5,0.540195762464002,conservative,indicator
15,DTLZ1,20,4,20,0.0647686832740214,0.0846975088967972,0.12987012987013,0.5,0.500959157485235,conservative,indicator
15,DTLZ1,20,4,21,0.0533807829181495,0.0647686832740214,0.138528138528139,0.5,0.530718403872089,conservative,indicator
15,DTLZ1,20,4,22,0.0704626334519573,0.0533807829181495,0.142857142857143,0.5,0.501204658154497,conservative,indicator
15,DTLZ1,20,4,23,0.319572953736655,0.0704626334519573,0.142857142857143,0.5,0.560561903302579,weighted,indicator
15,DTLZ1,20,4,24,0.344483985765125,0.319572953736655,0.142857142857143,0.5,0.560728722826836,weighted,indicator
15,DTLZ1,20,4,25,0.328113879003559,0.344483985765125,0.147186147186147,0.5,0.550330988270466,weighted,indicator
15,DTLZ1,20,4,26,0.099644128113879,0.328113879003559,0.147186147186147,0.5,0.540655335957841,conservative,indicator
15,DTLZ1,20,4,27,0.118149466192171,0.099644128113879,0.147186147186147,0.5,0.540530757244551,conservative,indicator
15,DTLZ1,20,4,28,0.155871886120996,0.118149466192171,0.147186147186147,0.5,0.540586096261415,conservative,indicator
15,DTLZ1,20,4,29,0.15729537366548,0.155871886120996,0.138528138528139,0.5,0.501083116507637,conservative,indicator
15,DTLZ1,20,4,30,0.105338078291815,0.15729537366548,0.142857142857143,0.5,0.540425318387712,conservative,indicator
15,DTLZ1,20,4,31,0.0832740213523132,0.105338078291815,0.147186147186147,0.5,0.520580405397568,conservative,indicator
15,DTLZ1,20,4,32,0.143772241992883,0.0832740213523132,0.155844155844156,0.5,0.519903130287047,conservative,indicator
15,DTLZ1,20,4,33,0.138790035587189,0.143772241992883,0.147186147186147,0.5,0.530083565150393,conservative,indicator
15,DTLZ1,20,4,34,0.313167259786477,0.138790035587189,0.142857142857143,0.55,0.441102246864557,conservative,indicator
16,DTLZ1,20,5,1,0.0133333333333333,1,0.142857142857143,0.55,0.470482847070221,curriculum,indicator
16,DTLZ1,20,5,2,0.00569395017793594,0.0133333333333333,0.125541125541126,0.6,0.390883751512844,conservative,indicator
16,DTLZ1,20,5,3,0.0163701067615658,0.00569395017793594,0.125541125541126,0.6,0.410788882470597,conservative,indicator
16,DTLZ1,20,5,4,0.0270462633451957,0.0163701067615658,0.116883116883117,0.6,0.460469690103961,conservative,indicator
16,DTLZ1,20,5,5,0.0419928825622776,0.0270462633451957,0.116883116883117,0.6,0.420797238543595,conservative,indicator
16,DTLZ1,20,5,6,0.0135231316725979,0.0419928825622776,0.125541125541126,0.6,0.440672274779305,conservative,indicator
16,DTLZ1,20,5,7,0.0256227758007117,0.0135231316725979,0.125541125541126,0.6,0.44067011190123,conservative,indicator
16,DTLZ1,20,5,8,0.0320284697508897,0.0256227758007117,0.138528138528139,0.6,0.43069088149894,conservative,indicator
16,DTLZ1,20,5,9,0.0135231316725979,0.0320284697508897,0.125541125541126,0.6,0.430653582597253,conservative,indicator
16,DTLZ1,20,5,10,0.0505338078291815,0.0135231316725979,0.142857142857143,0.6,0.500285754232381,conservative,indicator
16,DTLZ1,20,5,11,0.0256227758007117,0.0505338078291815,0.142857142857143,0.6,0.480434086318636,conservative,indicator
16,DTLZ1,20,5,12,0.0462633451957295,0.0256227758007117,0.147186147186147,0.6,0.480373712790859,conservative,indicator
16,DTLZ1,20,5,13,0.0135231316725979,0.0462633451957295,0.142857142857143,0.6,0.480419890752574,conservative,indicator
16,DTLZ1,20,5,14,0.0412811387900356,0.0135231316725979,0.147186147186147,0.6,0.400820342740662,conservative,indicator
16,DTLZ1,20,5,15,0.0377224199288256,0.0412811387900356,0.147186147186147,0.6,0.400812803889224,conservative,indicator
16,DTLZ1,20,5,16,0.0839857651245552,0.0377224199288256,0.151515151515152,0.6,0.400820315828173,conservative,indicator
16,DTLZ1,20,5,17,0.0455516014234875,0.0839857651245552,0.138528138528139,0.6,0.470492070510307,conservative,indicator
16,DTLZ1,20,5,18,0.0597864768683274,0.0455516014234875,0.138528138528139,0.6,0.470459255861948,conservative,indicator
16,DTLZ1,20,5,19,0.0676156583629893,0.0597864768683274,0.134199134199134,0.6,0.480371828510871,conservative,indicator
16,DTLZ1,20,5,20,0.0818505338078292,0.0676156583629893,0.138528138528139,0.6,0.480344475101637,conservative,indicator
16,DTLZ1,20,5,21,0.271886120996441,0.0818505338078292,0.134199134199134,0.6,0.52012151918821,conservative,indicator
16,DTLZ1,20,5,22,0.109608540925267,0.271886120996441,0.138528138528139,0.6,0.529995839108427,conservative,indicator
16,DTLZ1,20,5,23,0.170818505338078,0.109608540925267,0.134199134199134,0.6,0.530062194087573,conservative,indicator
16,DTLZ1,20,5,24,0.15373665480427,0.170818505338078,0.134199134199134,0.6,0.49039375487692,conservative,indicator
16,DTLZ1,20,5,25,0.0590747330960854,0.15373665480427,0.134199134199134,0.6,0.480560907410361,conservative,indicator
16,DTLZ1,20,5,26,0.0619217081850534,0.0590747330960854,0.134199134199134,0.6,0.470671968190288,conservative,indicator
16,DTLZ1,20,5,27,0.0775800711743772,0.0619217081850534,0.12987012987013,0.6,0.490440542677483,conservative,indicator
16,DTLZ1,20,5,28,0.110320284697509,0.0775800711743772,0.12987012987013,0.6,0.480566873221914,conservative,indicator
16,DTLZ1,20,5,29,0.0690391459074733,0.110320284697509,0.147186147186147,0.55,0.450776223373872,conservative,indicator
16,DTLZ1,20,5,30,0.0619217081850534,0.0690391459074733,0.147186147186147,0.55,0.440881498690096,conservative,indicator
16,DTLZ1,20,5,31,0.0647686832740214,0.0619217081850534,0.147186147186147,0.55,0.440863497239771,conservative,indicator
16,DTLZ1,20,5,32,0.094661921708185,0.0647686832740214,0.147186147186147,0.55,0.430977654145805,conservative,indicator
16,DTLZ1,20,5,33,0.138078291814947,0.094661921708185,0.147186147186147,0.55,0.450734795921189,conservative,indicator
16,DTLZ1,20,5,34,0.0932384341637011,0.138078291814947,0.147186147186147,0.55,0.480412042179043,conservative,indicator
17,DTLZ1,20,6,1,0.0366666666666667,1,0.121212121212121,0.6,0.420719058049227,curriculum,indicator
17,DTLZ1,20,6,2,0.00569395017793594,0.0366666666666667,0.121212121212121,0.6,0.410801584391671,conservative,indicator
17,DTLZ1,20,6,3,0.00925266903914591,0.00569395017793594,0.138528138528139,0.55,0.4905004354316,conservative,indicator
17,DTLZ1,20,6,4,0.0284697508896797,0.00925266903914591,0.134199134199134,0.55,0.490439019850973,conservative,indicator
17,DTLZ1,20,6,5,0.113167259786477,0.0284697508896797,0.134199134199134,0.55,0.560146795557591,weighted,indicator
17,DTLZ1,20,6,6,0.0149466192170819,0.113167259786477,0.138528138528139,0.5,0.470725817254804,conservative,indicator
17,DTLZ1,20,6,7,0.0661921708185053,0.0149466192170819,0.142857142857143,0.5,0.540102629672975,conservative,indicator
17,DTLZ1,20,6,8,0.0804270462633452,0.0661921708185053,0.155844155844156,0.5,0.500280827915283,conservative,indicator
17,DTLZ1,20,6,9,0.0519572953736655,0.0804270462633452,0.12987012987013,0.5,0.460624753104981,conservative,indicator
17,DTLZ1,20,6,10,0.0619217081850534,0.0519572953736655,0.134199134199134,0.5,0.460539504462762,conservative,indicator
17,DTLZ1,20,6,11,0.0562277580071174,0.0619217081850534,0.147186147186147,0.5,0.400863559834455,conservative,indicator
17,DTLZ1,20,6,12,0.0256227758007117,0.0562277580071174,0.151515151515152,0.5,0.35130303662958,conservative,indicator
17,DTLZ1,20,6,13,0.184341637010676,0.0256227758007117,0.151515151515152,0.5,0.391100251078599,conservative,indicator
17,DTLZ1,20,6,14,0.0911032028469751,0.184341637010676,0.16017316017316,0.5,0.460475301672398,conservative,indicator
17,DTLZ1,20,6,15,0.0768683274021352,0.0911032028469751,0.155844155844156,0.5,0.42078987445894,conservative,indicator
17,DTLZ1,20,6,16,0.113167259786477,0.0768683274021352,0.155844155844156,0.5,0.430631717587051,conservative,indicator
17,DTLZ1,20,6,17,0.110320284697509,0.113167259786477,0.16017316017316,0.5,0.420818989875233,conservative,indicator
17,DTLZ1,20,6,18,0.0590747330960854,0.110320284697509,0.16017316017316,0.5,0.430900572950903,conservative,indicator
17,DTLZ1,20,6,19,0.0220640569395018,0.0590747330960854,0.155844155844156,0.5,0.381292666017318,conservative,indicator
17,DTLZ1,20,6,20,0.098932384341637,0.0220640569395018,0.168831168831169,0.5,0.460532156819455,conservative,indicator
17,DTLZ1,20,6,21,0.0818505338078292,0.098932384341637,0.173160173160173,0.5,0.480462633947162,conservative,indicator
17,DTLZ1,20,6,22,0.169395017793594,0.0818505338078292,0.177489177489178,0.5,0.460625680050807,conservative,indicator
17,DTLZ1,20,6,23,0.134519572953737,0.169395017793594,0.173160173160173,0.5,0.460571312467345,conservative,indicator
17,DTLZ1,20,6,24,0.168683274021352,0.134519572953737,0.177489177489178,0.5,0.460541721860734,conservative,indicator
17,DTLZ1,20,6,25,0.103202846975089,0.168683274021352,0.164502164502165,0.5,0.490202035149443,conservative,indicator
17,DTLZ1,20,6,26,0.259786476868327,0.103202846975089,0.173160173160173,0.55,0.509944554982554,conservative,indicator
17,DTLZ1,20,6,27,0.298220640569395,0.259786476868327,0.168831168831169,0.5,0.480278141711587,conservative,indicator
17,DTLZ1,20,6,28,0.094661921708185,0.298220640569395,0.168831168831169,0.5,0.480166491855677,conservative,indicator
17,DTLZ1,20,6,29,0.0562277580071174,0.094661921708185,0.164502164502165,0.5,0.519949574542842,conservative,indicator
17,DTLZ1,20,6,30,0.0569395017793594,0.0562277580071174,0.164502164502165,0.5,0.41138818692273,conservative,indicator
17,DTLZ1,20,6,31,0.0782918149466192,0.0569395017793594,0.164502164502165,0.55,0.431213866811022,conservative,indicator
17,DTLZ1,20,6,32,0.206405693950178,0.0782918149466192,0.155844155844156,0.55,0.431163307254484,conservative,indicator
17,DTLZ1,20,6,33,0.162989323843416,0.206405693950178,0.164502164502165,0.55,0.500297975521059,conservative,indicator
17,DTLZ1,20,6,34,0.245551601423488,0.162989323843416,0.155844155844156,0.55,0.520041609737702,conservative,indicator
18,DTLZ1,20,7,1,0.00666666666666667,1,0.12987012987013,0.5,0.450575710948862,curriculum,indicator
18,DTLZ1,20,7,2,0.00355871886120996,0.00666666666666667,0.138528138528139,0.5,0.4506688650122,conservative,indicator
18,DTLZ1,20,7,3,0.0391459074733096,0.00355871886120996,0.147186147186147,0.5,0.440759015661103,conservative,indicator
18,DTLZ1,20,7,4,0.0462633451957295,0.0391459074733096,0.147186147186147,0.5,0.430819391004963,conservative,indicator
18,DTLZ1,20,7,5,0.0918149466192171,0.0462633451957295,0.168831168831169,0.45,0.450585303870422,conservative,explore
18,DTLZ1,20,7,6,0.0498220640569395,0.0918149466192171,0.168831168831169,0.45,0.470576412847352,conservative,explore
18,DTLZ1,20,7,7,0.0142348754448399,0.0498220640569395,0.16017316017316,0.5,0.37116088052556,conservative,indicator
18,DTLZ1,20,7,8,0.0227758007117438,0.0142348754448399,0.164502164502165,0.5,0.430839880187782,conservative,indicator
18,DTLZ1,20,7,9,0.0348754448398577,0.0227758007117438,0.168831168831169,0.5,0.440753765397171,conservative,indicator
18,DTLZ1,20,7,10,0.0384341637010676,0.0348754448398577,0.181818181818182,0.45,0.401125452996841,conservative,explore
18,DTLZ1,20,7,11,0.0604982206405694,0.0384341637010676,0.164502164502165,0.5,0.381139717704747,conservative,indicator
18,DTLZ1,20,7,12,0.231316725978648,0.0604982206405694,0.16017316017316,0.5,0.3912227025515,conservative,indicator
18,DTLZ1,20,7,13,0.0633451957295374,0.231316725978648,0.155844155844156,0.5,0.401107575252682,conservative,indicator
18,DTLZ1,20,7,14,0.102491103202847,0.0633451957295374,0.155844155844156,0.5,0.391322119835532,conservative,indicator
18,DTLZ1,20,7,15,0.0434163701067616,0.102491103202847,0.155844155844156,0.5,0.421025782385213,conservative,indicator
18,DTLZ1,20,7,16,0.0903914590747331,0.0434163701067616,0.147186147186147,0.5,0.351451803505307,conservative,indicator
18,DTLZ1,20,7,17,0.130249110320285,0.0903914590747331,0.147186147186147,0.5,0.450784451242787,conservative,indicator
18,DTLZ1,20,7,18,0.0690391459074733,0.130249110320285,0.138528138528139,0.5,0.54007846877734,conservative,indicator
18,DTLZ1,20,7,19,0.131672597864769,0.0690391459074733,0.16017316017316,0.5,0.421087213891181,conservative,indicator
18,DTLZ1,20,7,20,0.101067615658363,0.131672597864769,0.16017316017316,0.5,0.411143066854377,conservative,indicator
18,DTLZ1,20,7,21,0.123843416370107,0.101067615658363,0.138528138528139,0.5,0.440913958404257,conservative,indicator
18,DTLZ1,20,7,22,0.0576512455516014,0.123843416370107,0.12987012987013,0.5,0.450716408965533,conservative,indicator
18,DTLZ1,20,7,23,0.0832740213523132,0.0576512455516014,0.12987012987013,0.5,0.440814717155682,conservative,indicator
18,DTLZ1,20,7,24,0.098932384341637,0.0832740213523132,0.12987012987013,0.5,0.430946401142739,conservative,indicator
18,DTLZ1,20,7,25,0.0939501779359431,0.098932384341637,0.138528138528139,0.55,0.520595283081483,conservative,indicator
18,DTLZ1,20,7,26,0.162989323843416,0.0939501779359431,0.138528138528139,0.55,0.510495387811779,conservative,indicator
18,DTLZ1,20,7,27,0.102491103202847,0.162989323843416,0.134199134199134,0.55,0.51066416164825,conservative,indicator
18,DTLZ1,20,7,28,0.135231316725979,0.102491103202847,0.12987012987013,0.55,0.49075203496424,conservative,indicator
18,DTLZ1,20,7,29,0.141637010676157,0.135231316725979,0.12987012987013,0.55,0.460900186130154,conservative,indicator
18,DTLZ1,20,7,30,0.127402135231317,0.141637010676157,0.134199134199134,0.55,0.411609978058277,conservative,indicator
18,DTLZ1,20,7,31,0.123131672597865,0.127402135231317,0.138528138528139,0.55,0.362378848060756,conservative,indicator
18,DTLZ1,20,7,32,0.165836298932384,0.123131672597865,0.138528138528139,0.55,0.401661888855254,conservative,indicator
18,DTLZ1,20,7,33,0.104626334519573,0.165836298932384,0.142857142857143,0.55,0.391799900134447,conservative,indicator
18,DTLZ1,20,7,34,0.158007117437722,0.104626334519573,0.142857142857143,0.55,0.40166585482836,conservative,indicator
19,DTLZ1,20,8,1,0.0122222222222222,1,0.142857142857143,0.55,0.540253976574282,curriculum,indicator
19,DTLZ1,20,8,2,0.0156583629893238,0.0122222222222222,0.147186147186147,0.55,0.560101480475394,weighted,indicator
19,DTLZ1,20,8,3,0.0192170818505338,0.0156583629893238,0.147186147186147,0.55,0.470488340881068,conservative,indicator
19,DTLZ1,20,8,4,0.0135231316725979,0.0192170818505338,0.134199134199134,0.6,0.500498403436382,conservative,indicator
19,DTLZ1,20,8,5,0.00782918149466192,0.0135231316725979,0.134199134199134,0.55,0.47071474715653,conservative,indicator
19,DTLZ1,20,8,6,0.0149466192170819,0.00782918149466192,0.134199134199134,0.55,0.46076576902723,conservative,indicator
19,DTLZ1,20,8,7,0.00782918149466192,0.0149466192170819,0.147186147186147,0.55,0.460676801126191,conservative,indicator
19,DTLZ1,20,8,8,0.0427046263345196,0.00782918149466192,0.155844155844156,0.55,0.480501834883448,conservative,indicator
19,DTLZ1,20,8,9,0.0320284697508897,0.0427046263345196,0.151515151515152,0.55,0.420994175990192,conservative,indicator
19,DTLZ1,20,8,10,0.0619217081850534,0.0320284697508897,0.151515151515152,0.55,0.42080351648054,conservative,indicator
19,DTLZ1,20,8,11,0.102491103202847,0.0619217081850534,0.147186147186147,0.55,0.460512722399099,conservative,indicator
19,DTLZ1,20,8,12,0.0163701067615658,0.102491103202847,0.142857142857143,0.6,0.440739202815537,conservative,indicator
19,DTLZ1,20,8,13,0.0533807829181495,0.0163701067615658,0.142857142857143,0.6,0.450690327339164,conservative,indicator
19,DTLZ1,20,8,14,0.0711743772241993,0.0533807829181495,0.134199134199134,0.6,0.460596659500622,conservative,indicator
19,DTLZ1,20,8,15,0.0405693950177936,0.0711743772241993,0.138528138528139,0.55,0.480459248394194,conservative,indicator
19,DTLZ1,20,8,16,0.125266903914591,0.0405693950177936,0.138528138528139,0.55,0.460709745571095,conservative,indicator
19,DTLZ1,20,8,17,0.119572953736655,0.125266903914591,0.134199134199134,0.55,0.450619701908669,conservative,indicator
19,DTLZ1,20,8,18,0.108896797153025,0.119572953736655,0.142857142857143,0.55,0.411113794916046,conservative,indicator
19,DTLZ1,20,8,19,0.110320284697509,0.108896797153025,0.151515151515152,0.55,0.46111302236521,conservative,indicator
19,DTLZ1,20,8,20,0.129537366548043,0.110320284697509,0.151515151515152,0.55,0.451296519012631,conservative,indicator
19,DTLZ1,20,8,21,0.0889679715302491,0.129537366548043,0.147186147186147,0.55,0.529847033937638,conservative,indicator
19,DTLZ1,20,8,22,0.099644128113879,0.0889679715302491,0.151515151515152,0.55,0.470898230267056,conservative,indicator
19,DTLZ1,20,8,23,0.0790035587188612,0.099644128113879,0.151515151515152,0.55,0.460992352245831,conservative,indicator
19,DTLZ1,20,8,24,0.0640569395017794,0.0790035587188612,0.151515151515152,0.55,0.470693772282792,conservative,indicator
19,DTLZ1,20,8,25,0.0548042704626335,0.0640569395017794,0.155844155844156,0.55,0.451033306634031,conservative,indicator
19,DTLZ1,20,8,26,0.0683274021352313,0.0548042704626335,0.151515151515152,0.55,0.450885431960344,conservative,indicator
19,DTLZ1,20,8,27,0.0747330960854092,0.0683274021352313,0.151515151515152,0.6,0.44090574308516,conservative,indicator
19,DTLZ1,20,8,28,0.226334519572954,0.0747330960854092,0.155844155844156,0.6,0.48058181389615,conservative,indicator
19,DTLZ1,20,8,29,0.098220640569395,0.226334519572954,0.155844155844156,0.55,0.470634593856188,conservative,indicator
19,DTLZ1,20,8,30,0.0882562277580071,0.098220640569395,0.147186147186147,0.6,0.411388144462233,conservative,indicator
19,DTLZ1,20,8,31,0.0832740213523132,0.0882562277580071,0.147186147186147,0.6,0.401540608770903,conservative,indicator
19,DTLZ1,20,8,32,0.152313167259786,0.0832740213523132,0.147186147186147,0.6,0.401574653990727,conservative,indicator
19,DTLZ1,20,8,33,0.119572953736655,0.152313167259786,0.151515151515152,0.6,0.391639185836608,conservative,indicator
19,DTLZ1,20,8,34,0.120996441281139,0.119572953736655,0.151515151515152,0.6,0.401507292538197,conservative,indicator
20,DTLZ1,20,9,1,0.0133333333333333,1,0.151515151515152,0.45,0.540334691052813,curriculum,explore
20,DTLZ1,20,9,2,0.0170818505338078,0.0133333333333333,0.155844155844156,0.4,0.540304189329574,conservative,explore
20,DTLZ1,20,9,3,0.0733096085409253,0.0170818505338078,0.155844155844156,0.4,0.560154589539635,weighted,explore
20,DTLZ1,20,9,4,0.0263345195729537,0.0733096085409253,0.155844155844156,0.4,0.470651696514444,conservative,explore
20,DTLZ1,20,9,5,0.0405693950177936,0.0263345195729537,0.142857142857143,0.45,0.490449652088217,conservative,explore
20,DTLZ1,20,9,6,0.0270462633451957,0.0405693950177936,0.164502164502165,0.45,0.500370801198459,conservative,explore
20,DTLZ1,20,9,7,0.0113879003558719,0.0270462633451957,0.164502164502165,0.45,0.520271402698429,conservative,explore
20,DTLZ1,20,9,8,0.0263345195729537,0.0113879003558719,0.164502164502165,0.45,0.49042000328363,conservative,explore
20,DTLZ1,20,9,9,0.0320284697508897,0.0263345195729537,0.168831168831169,0.45,0.470579647651685,conservative,explore
20,DTLZ1,20,9,10,0.0199288256227758,0.0320284697508897,0.181818181818182,0.45,0.440770513321421,conservative,explore
20,DTLZ1,20,9,11,0.0462633451957295,0.0199288256227758,0.181818181818182,0.45,0.430775530593585,conservative,explore
20,DTLZ1,20,9,12,0.0334519572953737,0.0462633451957295,0.181818181818182,0.45,0.450624318472812,conservative,explore
20,DTLZ1,20,9,13,0.0434163701067616,0.0334519572953737,0.173160173160173,0.45,0.490320620019697,conservative,explore
20,DTLZ1,20,9,14,0.0277580071174377,0.0434163701067616,0.177489177489178,0.45,0.460568965267626,conservative,explore
20,DTLZ1,20,9,15,0.098220640569395,0.0277580071174377,0.177489177489178,0.45,0.520205919547401,conservative,explore
20,DTLZ1,20,9,16,0.116014234875445,0.098220640569395,0.173160173160173,0.45,0.460538310951734,conservative,explore
20,DTLZ1,20,9,17,0.0227758007117438,0.116014234875445,0.181818181818182,0.45,0.450694170578697,conservative,explore
20,DTLZ1,20,9,18,0.0120996441281139,0.0227758007117438,0.181818181818182,0.45,0.450686195471012,conservative,explore
20,DTLZ1,20,9,19,0.0448398576512456,0.0120996441281139,0.173160173160173,0.45,0.480483403815069,conservative,explore
20,DTLZ1,20,9,20,0.0234875444839858,0.0448398576512456,0.168831168831169,0.45,0.520154182682624,conservative,explore
20,DTLZ1,20,9,21,0.328825622775801,0.0234875444839858,0.173160173160173,0.5,0.56978095107683,weighted,indicator
20,DTLZ1,20,9,22,0.301067615658363,0.328825622775801,0.173160173160173,0.5,0.579707878198314,weighted,indicator
20,DTLZ1,20,9,23,0.320996441281139,0.301067615658363,0.164502164502165,0.45,0.619497321121025,weighted,explore
20,DTLZ1,20,9,24,0.0782918149466192,0.320996441281139,0.173160173160173,0.45,0.510211811216997,conservative,explore
20,DTLZ1,20,9,25,0.0718861209964413,0.0782918149466192,0.173160173160173,0.45,0.500275882631921,conservative,explore
20,DTLZ1,20,9,26,0.0604982206405694,0.0718861209964413,0.177489177489178,0.45,0.510276477819035,conservative,explore
20,DTLZ1,20,9,27,0.382918149466192,0.0604982206405694,0.168831168831169,0.45,0.589780404323342,weighted,conservative
20,DTLZ1,20,9,28,0.0711111111111111,0.382918149466192,0.168831168831169,0.45,0.579851882644478,curriculum,explore
20,DTLZ1,20,9,29,0.0790035587188612,0.0711111111111111,0.164502164502165,0.45,0.530292427952758,conservative,explore
20,DTLZ1,20,9,30,0.0676156583629893,0.0790035587188612,0.168831168831169,0.45,0.550124175268142,weighted,explore
20,DTLZ1,20,9,31,0.106049822064057,0.0676156583629893,0.168831168831169,0.45,0.540180196237885,conservative,explore
20,DTLZ1,20,9,32,0.659786476868327,0.106049822064057,0.168831168831169,0.45,0.550013193074887,weighted,conservative
20,DTLZ1,20,9,33,0.137777777777778,0.659786476868327,0.168831168831169,0.45,0.559916925503525,curriculum,explore
20,DTLZ1,20,9,34,0.0804270462633452,0.137777777777778,0.168831168831169,0.45,0.549981519286606,conservative,explore
21,DTLZ2,10,1,1,0.0333333333333333,1,0.171328671328671,0.4,0.506359858260794,curriculum,explore
21,DTLZ2,10,1,2,0.0234875444839858,0.0333333333333333,0.164335664335664,0.4,0.560435644720279,weighted,explore
21,DTLZ2,10,1,3,0.0256227758007117,0.0234875444839858,0.15034965034965,0.4,0.543474411056402,conservative,explore
21,DTLZ2,10,1,4,0.0206405693950178,0.0256227758007117,0.153846153846154,0.4,0.531084492734855,conservative,explore
21,DTLZ2,10,1,5,0.0370106761565836,0.0206405693950178,0.15034965034965,0.4,0.515257451750058,conservative,explore
21,DTLZ2,10,1,6,0.0192170818505338,0.0370106761565836,0.15034965034965,0.4,0.51975776879647,conservative,explore
21,DTLZ2,10,1,7,0.0163701067615658,0.0192170818505338,0.15034965034965,0.4,0.526777036172657,conservative,explore
21,DTLZ2,10,1,8,0.0448398576512456,0.0163701067615658,0.160839160839161,0.4,0.530218583134032,conservative,explore
21,DTLZ2,10,1,9,0.0227758007117438,0.0448398576512456,0.157342657342657,0.4,0.561269588209474,weighted,explore
21,DTLZ2,10,1,10,0.0234875444839858,0.0227758007117438,0.15034965034965,0.4,0.549673918859323,conservative,explore
21,DTLZ2,10,1,11,0.0327402135231317,0.0234875444839858,0.157342657342657,0.4,0.572754409217897,weighted,explore
21,DTLZ2,10,1,12,0.0185053380782918,0.0327402135231317,0.157342657342657,0.4,0.578085625418652,weighted,explore
21,DTLZ2,10,1,13,0.0377224199288256,0.0185053380782918,0.164335664335664,0.4,0.538600895113871,conservative,explore
21,DTLZ2,10,1,14,0.0213523131672598,0.0377224199288256,0.167832167832168,0.4,0.542178447970611,conservative,explore
21,DTLZ2,10,1,15,0.0256227758007117,0.0213523131672598,0.171328671328671,0.4,0.540830912958322,conservative,explore
21,DTLZ2,10,1,16,0.0185053380782918,0.0256227758007117,0.171328671328671,0.4,0.523508005485848,conservative,explore
21,DTLZ2,10,1,17,0.0128113879003559,0.0185053380782918,0.174825174825175,0.3,0.530989384349577,conservative,explore
21,DTLZ2,10,1,18,0.0106761565836299,0.0128113879003559,0.188811188811189,0.3,0.521351075752277,conservative,explore
21,DTLZ2,10,1,19,0.0120996441281139,0.0106761565836299,0.188811188811189,0.3,0.466657831355768,conservative,explore
21,DTLZ2,10,1,20,0.0206405693950178,0.0120996441281139,0.178321678321678,0.3,0.495604252075015,conservative,explore
21,DTLZ2,10,1,21,0.0170818505338078,0.0206405693950178,0.188811188811189,0.3,0.478737169938033,conservative,explore
21,DTLZ2,10,1,22,0.0348754448398577,0.0170818505338078,0.192307692307692,0.3,0.479367578724126,conservative,explore
21,DTLZ2,10,1,23,0.0597864768683274,0.0348754448398577,0.195804195804196,0.3,0.489985001985487,conservative,explore
21,DTLZ2,10,1,24,0.0661921708185053,0.0597864768683274,0.195804195804196,0.3,0.491425328126682,conservative,explore
21,DTLZ2,10,1,25,0.0120996441281139,0.0661921708185053,0.185314685314685,0.3,0.511158729225063,conservative,explore
21,DTLZ2,10,1,26,0.0249110320284698,0.0120996441281139,0.181818181818182,0.3,0.523888916732781,conservative,explore
21,DTLZ2,10,1,27,0.0434163701067616,0.0249110320284698,0.185314685314685,0.3,0.531679961166067,conservative,explore
21,DTLZ2,10,1,28,0.0604982206405694,0.0434163701067616,0.178321678321678,0.3,0.545764822290192,conservative,explore
21,DTLZ2,10,1,29,0.0220640569395018,0.0604982206405694,0.178321678321678,0.3,0.522824397412079,conservative,explore
21,DTLZ2,10,1,30,0.260498220640569,0.0220640569395018,0.178321678321678,0.3,0.514684761581795,conservative,explore
21,DTLZ2,10,1,31,0.0562277580071174,0.260498220640569,0.171328671328671,0.3,0.532099969714694,conservative,explore
21,DTLZ2,10,1,32,0.0334519572953737,0.0562277580071174,0.171328671328671,0.3,0.536341783402443,conservative,explore
21,DTLZ2,10,1,33,0.0185053380782918,0.0334519572953737,0.181818181818182,0.3,0.525096734296834,conservative,explore
21,DTLZ2,10,1,34,0.0234875444839858,0.0185053380782918,0.181818181818182,0.3,0.525523211433658,conservative,explore
22,DTLZ2,10,10,1,0.00888888888888889,1,0.153846153846154,0.3,0.583693850261223,curriculum,explore
22,DTLZ2,10,10,2,0.0227758007117438,0.00888888888888889,0.153846153846154,0.3,0.591642013069276,weighted,explore
22,DTLZ2,10,10,3,0.00498220640569395,0.0227758007117438,0.157342657342657,0.3,0.58108279640881,weighted,explore
22,DTLZ2,10,10,4,0.0128113879003559,0.00498220640569395,0.15034965034965,0.3,0.601731037608128,weighted,explore
22,DTLZ2,10,10,5,0.0177935943060498,0.0128113879003559,0.146853146853147,0.4,0.567137048013905,weighted,explore
22,DTLZ2,10,10,6,0.0163701067615658,0.0177935943060498,0.15034965034965,0.4,0.547080846726379,conservative,explore
22,DTLZ2,10,10,7,0.0099644128113879,0.0163701067615658,0.146853146853147,0.4,0.578342021328073,weighted,explore
22,DTLZ2,10,10,8,0.0128113879003559,0.0099644128113879,0.136363636363636,0.4,0.571314575054711,weighted,explore
22,DTLZ2,10,10,9,0.0270462633451957,0.0128113879003559,0.143356643356643,0.3,0.513093236067151,conservative,explore
22,DTLZ2,10,10,10,0.0263345195729537,0.0270462633451957,0.13986013986014,0.3,0.573362947584423,weighted,explore
22,DTLZ2,10,10,11,0.0234875444839858,0.0263345195729537,0.13986013986014,0.3,0.562975534099082,weighted,explore
22,DTLZ2,10,10,12,0.0569395017793594,0.0234875444839858,0.153846153846154,0.3,0.541258681402287,conservative,explore
22,DTLZ2,10,10,13,0.195729537366548,0.0569395017793594,0.15034965034965,0.3,0.536829334925921,conservative,explore
22,DTLZ2,10,10,14,0.0192170818505338,0.195729537366548,0.153846153846154,0.3,0.521041699680446,conservative,explore
22,DTLZ2,10,10,15,0.116014234875445,0.0192170818505338,0.160839160839161,0.3,0.441039731590544,conservative,explore
22,DTLZ2,10,10,16,0.0384341637010676,0.116014234875445,0.153846153846154,0.3,0.440295248492595,conservative,explore
22,DTLZ2,10,10,17,0.0156583629893238,0.0384341637010676,0.164335664335664,0.3,0.437348329752143,conservative,explore
22,DTLZ2,10,10,18,0.0483985765124555,0.0156583629893238,0.164335664335664,0.3,0.436717916722471,conservative,explore
22,DTLZ2,10,10,19,0.0697508896797153,0.0483985765124555,0.164335664335664,0.3,0.461458170574668,conservative,explore
22,DTLZ2,10,10,20,0.0469750889679715,0.0697508896797153,0.164335664335664,0.3,0.460790490036843,conservative,explore
22,DTLZ2,10,10,21,0.0142348754448399,0.0469750889679715,0.157342657342657,0.3,0.472829188427875,conservative,explore
22,DTLZ2,10,10,22,0.107473309608541,0.0142348754448399,0.160839160839161,0.3,0.453234963327975,conservative,explore
22,DTLZ2,10,10,23,0.0170818505338078,0.107473309608541,0.164335664335664,0.3,0.47819847832813,conservative,explore
22,DTLZ2,10,10,24,0.0199288256227758,0.0170818505338078,0.174825174825175,0.3,0.469188906794176,conservative,explore
22,DTLZ2,10,10,25,0.0298932384341637,0.0199288256227758,0.178321678321678,0.3,0.466866579700003,conservative,explore
22,DTLZ2,10,10,26,0.0227758007117438,0.0298932384341637,0.167832167832168,0.3,0.483606210190648,conservative,explore
22,DTLZ2,10,10,27,0.0640569395017794,0.0227758007117438,0.167832167832168,0.3,0.491552591265392,conservative,explore
22,DTLZ2,10,10,28,0.0455516014234875,0.0640569395017794,0.157342657342657,0.3,0.478240412004609,conservative,explore
22,DTLZ2,10,10,29,0.0270462633451957,0.0455516014234875,0.153846153846154,0.3,0.522924371394806,conservative,explore
22,DTLZ2,10,10,30,0.0391459074733096,0.0270462633451957,0.146853146853147,0.3,0.517658588631246,conservative,explore
22,DTLZ2,10,10,31,0.00711743772241993,0.0391459074733096,0.136363636363636,0.4,0.5150653709344,conservative,explore
22,DTLZ2,10,10,32,0.0377224199288256,0.00711743772241993,0.136363636363636,0.4,0.51048246899743,conservative,explore
22,DTLZ2,10,10,33,0.0249110320284698,0.0377224199288256,0.143356643356643,0.3,0.4747828133754,conservative,explore
22,DTLZ2,10,10,34,0.0334519572953737,0.0249110320284698,0.146853146853147,0.3,0.477967324690807,conservative,explore
23,DTLZ2,10,2,1,0.00888888888888889,1,0.13986013986014,0.4,0.58453358924375,curriculum,explore
23,DTLZ2,10,2,2,0.0170818505338078,0.00888888888888889,0.146853146853147,0.4,0.554036721400664,weighted,explore
23,DTLZ2,10,2,3,0.0170818505338078,0.0170818505338078,0.146853146853147,0.4,0.569627257557051,weighted,explore
23,DTLZ2,10,2,4,0.0455516014234875,0.0170818505338078,0.164335664335664,0.4,0.594027245120897,weighted,explore
23,DTLZ2,10,2,5,0.0597864768683274,0.0455516014234875,0.167832167832168,0.4,0.548859360503415,conservative,explore
23,DTLZ2,10,2,6,0.0106761565836299,0.0597864768683274,0.181818181818182,0.4,0.579219353176172,weighted,explore
23,DTLZ2,10,2,7,0.0220640569395018,0.0106761565836299,0.160839160839161,0.4,0.5755504346081,weighted,explore
23,DTLZ2,10,2,8,0.0540925266903915,0.0220640569395018,0.160839160839161,0.4,0.562886201888039,weighted,explore
23,DTLZ2,10,2,9,0.0697508896797153,0.0540925266903915,0.157342657342657,0.4,0.55705070269886,weighted,explore
23,DTLZ2,10,2,10,0.0362989323843416,0.0697508896797153,0.153846153846154,0.4,0.542164306881682,conservative,explore
23,DTLZ2,10,2,11,0.0348754448398577,0.0362989323843416,0.146853146853147,0.4,0.519660300136293,conservative,explore
23,DTLZ2,10,2,12,0.0249110320284698,0.0348754448398577,0.153846153846154,0.4,0.530757123410833,conservative,explore
23,DTLZ2,10,2,13,0.0106761565836299,0.0249110320284698,0.160839160839161,0.4,0.559237898038552,weighted,explore
23,DTLZ2,10,2,14,0.0590747330960854,0.0106761565836299,0.157342657342657,0.4,0.591205761602034,weighted,explore
23,DTLZ2,10,2,15,0.0277580071174377,0.0590747330960854,0.153846153846154,0.3,0.590444120668372,weighted,explore
23,DTLZ2,10,2,16,0.0284697508896797,0.0277580071174377,0.164335664335664,0.3,0.573762100809224,weighted,explore
23,DTLZ2,10,2,17,0.0462633451957295,0.0284697508896797,0.164335664335664,0.4,0.545282705516378,conservative,explore
23,DTLZ2,10,2,18,0.0284697508896797,0.0462633451957295,0.167832167832168,0.4,0.495025062531221,conservative,explore
23,DTLZ2,10,2,19,0.0185053380782918,0.0284697508896797,0.167832167832168,0.4,0.492613435750848,conservative,explore
23,DTLZ2,10,2,20,0.0120996441281139,0.0185053380782918,0.160839160839161,0.4,0.423397055253101,conservative,explore
23,DTLZ2,10,2,21,0.0120996441281139,0.0120996441281139,0.167832167832168,0.3,0.578823590016967,weighted,explore
23,DTLZ2,10,2,22,0.00498220640569395,0.0120996441281139,0.174825174825175,0.3,0.570733340044776,weighted,explore
23,DTLZ2,10,2,23,0.0128113879003559,0.00498220640569395,0.181818181818182,0.3,0.566769605627124,weighted,explore
23,DTLZ2,10,2,24,0.0142348754448399,0.0128113879003559,0.178321678321678,0.3,0.577266246357852,weighted,explore
23,DTLZ2,10,2,25,0.0156583629893238,0.0142348754448399,0.167832167832168,0.3,0.504289560333872,conservative,explore
23,DTLZ2,10,2,26,0.0562277580071174,0.0156583629893238,0.174825174825175,0.3,0.481034187003874,conservative,explore
23,DTLZ2,10,2,27,0.0135231316725979,0.0562277580071174,0.185314685314685,0.3,0.475709031539256,conservative,explore
23,DTLZ2,10,2,28,0.0206405693950178,0.0135231316725979,0.185314685314685,0.3,0.49616536547229,conservative,explore
23,DTLZ2,10,2,29,0.123843416370107,0.0206405693950178,0.181818181818182,0.3,0.48469270556395,conservative,explore
23,DTLZ2,10,2,30,0.0241992882562278,0.123843416370107,0.188811188811189,0.3,0.474612092386343,conservative,explore
23,DTLZ2,10,2,31,0.0227758007117438,0.0241992882562278,0.185314685314685,0.3,0.455648643841782,conservative,explore
23,DTLZ2,10,2,32,0.0256227758007117,0.0227758007117438,0.181818181818182,0.3,0.461267530857072,conservative,explore
23,DTLZ2,10,2,33,0.0441281138790036,0.0256227758007117,0.181818181818182,0.4,0.46721726969136,conservative,explore
23,DTLZ2,10,2,34,0.0277580071174377,0.0441281138790036,0.192307692307692,0.3,0.469219286790003,conservative,explore
24,DTLZ2,10,3,1,0.0244444444444444,1,0.146853146853147,0.3,0.539849184251509,curriculum,explore
24,DTLZ2,10,3,2,0.0234875444839858,0.0244444444444444,0.15034965034965,0.3,0.524201236077791,conservative,explore
24,DTLZ2,10,3,3,0.0192170818505338,0.0234875444839858,0.160839160839161,0.3,0.515938937439144,conservative,explore
24,DTLZ2,10,3,4,0.0327402135231317,0.0192170818505338,0.160839160839161,0.3,0.509874324703607,conservative,explore
24,DTLZ2,10,3,5,0.0220640569395018,0.0327402135231317,0.157342657342657,0.3,0.524945151020501,conservative,explore
24,DTLZ2,10,3,6,0.0256227758007117,0.0220640569395018,0.157342657342657,0.3,0.504712651295394,conservative,explore
24,DTLZ2,10,3,7,0.0548042704626335,0.0256227758007117,0.15034965034965,0.3,0.502249368572973,conservative,explore
24,DTLZ2,10,3,8,0.0199288256227758,0.0548042704626335,0.15034965034965,0.4,0.511123158380346,conservative,explore
24,DTLZ2,10,3,9,0.0220640569395018,0.0199288256227758,0.153846153846154,0.3,0.509558957811877,conservative,explore
24,DTLZ2,10,3,10,0.0284697508896797,0.0220640569395018,0.143356643356643,0.4,0.506084790517101,conservative,explore
24,DTLZ2,10,3,11,0.0234875444839858,0.0284697508896797,0.157342657342657,0.3,0.510383811590459,conservative,explore
24,DTLZ2,10,3,12,0.0291814946619217,0.0234875444839858,0.157342657342657,0.3,0.505470147743832,conservative,explore
24,DTLZ2,10,3,13,0.0483985765124555,0.0291814946619217,0.164335664335664,0.3,0.476388649801443,conservative,explore
24,DTLZ2,10,3,14,0.0348754448398577,0.0483985765124555,0.167832167832168,0.3,0.525050458724444,conservative,explore
24,DTLZ2,10,3,15,0.0120996441281139,0.0348754448398577,0.171328671328671,0.3,0.444655233168089,conservative,explore
24,DTLZ2,10,3,16,0.0277580071174377,0.0120996441281139,0.167832167832168,0.3,0.466077264766898,conservative,explore
24,DTLZ2,10,3,17,0.0113879003558719,0.0277580071174377,0.167832167832168,0.3,0.46628687612194,conservative,explore
24,DTLZ2,10,3,18,0.0384341637010676,0.0113879003558719,0.167832167832168,0.3,0.445440206249409,conservative,explore
24,DTLZ2,10,3,19,0.0313167259786477,0.0384341637010676,0.167832167832168,0.3,0.447355738925456,conservative,explore
24,DTLZ2,10,3,20,0.0526690391459075,0.0313167259786477,0.167832167832168,0.3,0.440246706867403,conservative,explore
24,DTLZ2,10,3,21,0.0483985765124555,0.0526690391459075,0.164335664335664,0.3,0.442464872633118,conservative,explore
24,DTLZ2,10,3,22,0.0704626334519573,0.0483985765124555,0.160839160839161,0.3,0.505044019365583,conservative,explore
24,DTLZ2,10,3,23,0.0612099644128114,0.0704626334519573,0.157342657342657,0.3,0.493312073720167,conservative,explore
24,DTLZ2,10,3,24,0.0149466192170819,0.0612099644128114,0.15034965034965,0.4,0.526842043101784,conservative,explore
24,DTLZ2,10,3,25,0.261921708185053,0.0149466192170819,0.146853146853147,0.4,0.535200039767333,conservative,explore
24,DTLZ2,10,3,26,0.0227758007117438,0.261921708185053,0.146853146853147,0.4,0.51702067034044,conservative,explore
24,DTLZ2,10,3,27,0.0797153024911032,0.0227758007117438,0.153846153846154,0.4,0.495413200116262,conservative,explore
24,DTLZ2,10,3,28,0.096085409252669,0.0797153024911032,0.157342657342657,0.4,0.490887358874668,conservative,explore
24,DTLZ2,10,3,29,0.0227758007117438,0.096085409252669,0.164335664335664,0.4,0.528635315064805,conservative,explore
24,DTLZ2,10,3,30,0.0220640569395018,0.0227758007117438,0.164335664335664,0.4,0.537974715479466,conservative,explore
24,DTLZ2,10,3,31,0.156583629893238,0.0220640569395018,0.160839160839161,0.4,0.51942487434966,conservative,explore
24,DTLZ2,10,3,32,0.0334519572953737,0.156583629893238,0.160839160839161,0.4,0.516098828040186,conservative,explore
24,DTLZ2,10,3,33,0.0234875444839858,0.0334519572953737,0.157342657342657,0.4,0.52294249260754,conservative,explore
24,DTLZ2,10,3,34,0.0391459074733096,0.0234875444839858,0.157342657342657,0.4,0.510718188381126,conservative,explore
25,DTLZ2,10,4,1,0.0133333333333333,1,0.153846153846154,0.3,0.607333384005246,curriculum,explore
25,DTLZ2,10,4,2,0.0120996441281139,0.0133333333333333,0.157342657342657,0.3,0.5923574348255,weighted,explore
25,DTLZ2,10,4,3,0.0697508896797153,0.0120996441281139,0.153846153846154,0.3,0.586055489193903,weighted,explore
25,DTLZ2,10,4,4,0.0192170818505338,0.0697508896797153,0.146853146853147,0.3,0.549066430899745,conservative,explore
25,DTLZ2,10,4,5,0.0220640569395018,0.0192170818505338,0.15034965034965,0.3,0.522320506484271,conservative,explore
25,DTLZ2,10,4,6,0.0220640569395018,0.0220640569395018,0.136363636363636,0.3,0.483256472874401,conservative,explore
25,DTLZ2,10,4,7,0.0284697508896797,0.0220640569395018,0.13986013986014,0.3,0.520700785150384,conservative,explore
25,DTLZ2,10,4,8,0.0476868327402135,0.0284697508896797,0.153846153846154,0.3,0.519837554569725,conservative,explore
25,DTLZ2,10,4,9,0.0306049822064057,0.0476868327402135,0.143356643356643,0.3,0.505244654671999,conservative,explore
25,DTLZ2,10,4,10,0.0448398576512456,0.0306049822064057,0.157342657342657,0.3,0.486718904890431,conservative,explore
25,DTLZ2,10,4,11,0.0754448398576512,0.0448398576512456,0.153846153846154,0.3,0.467229702867888,conservative,explore
25,DTLZ2,10,4,12,0.0142348754448399,0.0754448398576512,0.164335664335664,0.3,0.507917333847254,conservative,explore
25,DTLZ2,10,4,13,0.0441281138790036,0.0142348754448399,0.181818181818182,0.3,0.49505758780816,conservative,explore
25,DTLZ2,10,4,14,0.0306049822064057,0.0441281138790036,0.174825174825175,0.3,0.588266608638278,weighted,explore
25,DTLZ2,10,4,15,0.0313167259786477,0.0306049822064057,0.164335664335664,0.3,0.591976679227287,weighted,explore
25,DTLZ2,10,4,16,0.0135231316725979,0.0313167259786477,0.164335664335664,0.3,0.569282054536479,weighted,explore
25,DTLZ2,10,4,17,0.0192170818505338,0.0135231316725979,0.160839160839161,0.3,0.567737853328433,weighted,explore
25,DTLZ2,10,4,18,0.0298932384341637,0.0192170818505338,0.153846153846154,0.3,0.54264593796295,conservative,explore
25,DTLZ2,10,4,19,0.0348754448398577,0.0298932384341637,0.164335664335664,0.3,0.527432994883573,conservative,explore
25,DTLZ2,10,4,20,0.0412811387900356,0.0348754448398577,0.164335664335664,0.3,0.529082139471481,conservative,explore
25,DTLZ2,10,4,21,0.0199288256227758,0.0412811387900356,0.157342657342657,0.3,0.511187840224851,conservative,explore
25,DTLZ2,10,4,22,0.0241992882562278,0.0199288256227758,0.157342657342657,0.3,0.499779837826224,conservative,explore
25,DTLZ2,10,4,23,0.0206405693950178,0.0241992882562278,0.171328671328671,0.3,0.470538392152526,conservative,explore
25,DTLZ2,10,4,24,0.0462633451957295,0.0206405693950178,0.164335664335664,0.3,0.465382707910093,conservative,explore
25,DTLZ2,10,4,25,0.0391459074733096,0.0462633451957295,0.167832167832168,0.3,0.481165570101145,conservative,explore
25,DTLZ2,10,4,26,0.0348754448398577,0.0391459074733096,0.164335664335664,0.3,0.49173981945354,conservative,explore
25,DTLZ2,10,4,27,0.0419928825622776,0.0348754448398577,0.146853146853147,0.3,0.50980678987104,conservative,explore
25,DTLZ2,10,4,28,0.0185053380782918,0.0419928825622776,0.15034965034965,0.3,0.516813166833287,conservative,explore
25,DTLZ2,10,4,29,0.0227758007117438,0.0185053380782918,0.146853146853147,0.3,0.525072550875136,conservative,explore
25,DTLZ2,10,4,30,0.0540925266903915,0.0227758007117438,0.153846153846154,0.3,0.514774985355467,conservative,explore
25,DTLZ2,10,4,31,0.0270462633451957,0.0540925266903915,0.153846153846154,0.3,0.507838902822147,conservative,explore
25,DTLZ2,10,4,32,0.0469750889679715,0.0270462633451957,0.15034965034965,0.3,0.494829273158322,conservative,explore
25,DTLZ2,10,4,33,0.0362989323843416,0.0469750889679715,0.13986013986014,0.3,0.527774111699745,conservative,explore
25,DTLZ2,10,4,34,0.0718861209964413,0.0362989323843416,0.146853146853147,0.3,0.534816754880407,conservative,explore
26,DTLZ2,10,5,1,0.0311111111111111,1,0.153846153846154,0.4,0.581688952586151,curriculum,explore
26,DTLZ2,10,5,2,0.0149466192170819,0.0311111111111111,0.160839160839161,0.4,0.554411303448452,weighted,explore
26,DTLZ2,10,5,3,0.0099644128113879,0.0149466192170819,0.167832167832168,0.4,0.574110892398951,weighted,explore
26,DTLZ2,10,5,4,0.0099644128113879,0.0099644128113879,0.178321678321678,0.4,0.555665633972656,weighted,explore
26,DTLZ2,10,5,5,0.0177935943060498,0.0099644128113879,0.181818181818182,0.4,0.567486772629938,weighted,explore
26,DTLZ2,10,5,6,0.0199288256227758,0.0177935943060498,0.185314685314685,0.4,0.542147265476215,conservative,explore
26,DTLZ2,10,5,7,0.0341637010676157,0.0199288256227758,0.178321678321678,0.4,0.531937791556919,conservative,explore
26,DTLZ2,10,5,8,0.00569395017793594,0.0341637010676157,0.185314685314685,0.4,0.515781727739586,conservative,explore
26,DTLZ2,10,5,9,0.0128113879003559,0.00569395017793594,0.185314685314685,0.4,0.503721029741417,conservative,explore
26,DTLZ2,10,5,10,0.0113879003558719,0.0128113879003559,0.181818181818182,0.4,0.505288189476996,conservative,explore
26,DTLZ2,10,5,11,0.0284697508896797,0.0113879003558719,0.174825174825175,0.4,0.484731564386379,conservative,explore
26,DTLZ2,10,5,12,0.0313167259786477,0.0284697508896797,0.164335664335664,0.4,0.48408794964269,conservative,explore
26,DTLZ2,10,5,13,0.0462633451957295,0.0313167259786477,0.167832167832168,0.4,0.495948882886628,conservative,explore
26,DTLZ2,10,5,14,0.0199288256227758,0.0462633451957295,0.171328671328671,0.4,0.4788751848366,conservative,explore
26,DTLZ2,10,5,15,0.0192170818505338,0.0199288256227758,0.167832167832168,0.4,0.469595727564951,conservative,explore
26,DTLZ2,10,5,16,0.0220640569395018,0.0192170818505338,0.164335664335664,0.4,0.468989282825973,conservative,explore
26,DTLZ2,10,5,17,0.0256227758007117,0.0220640569395018,0.157342657342657,0.4,0.470105661307625,conservative,explore
26,DTLZ2,10,5,18,0.0576512455516014,0.0256227758007117,0.15034965034965,0.4,0.469231154897775,conservative,explore
26,DTLZ2,10,5,19,0.0298932384341637,0.0576512455516014,0.157342657342657,0.4,0.47203387657875,conservative,explore
26,DTLZ2,10,5,20,0.0277580071174377,0.0298932384341637,0.164335664335664,0.4,0.482628945587782,conservative,explore
26,DTLZ2,10,5,21,0.0348754448398577,0.0277580071174377,0.160839160839161,0.4,0.489437579403969,conservative,explore
26,DTLZ2,10,5,22,0.0213523131672598,0.0348754448398577,0.164335664335664,0.4,0.512063384439356,conservative,explore
26,DTLZ2,10,5,23,0.0199288256227758,0.0213523131672598,0.164335664335664,0.4,0.52374159718407,conservative,explore
26,DTLZ2,10,5,24,0.0398576512455516,0.0199288256227758,0.167832167832168,0.4,0.523841280947787,conservative,explore
26,DTLZ2,10,5,25,0.0170818505338078,0.0398576512455516,0.164335664335664,0.4,0.524061394411629,conservative,explore
26,DTLZ2,10,5,26,0.0441281138790036,0.0170818505338078,0.157342657342657,0.3,0.524279237050335,conservative,explore
26,DTLZ2,10,5,27,0.0192170818505338,0.0441281138790036,0.153846153846154,0.3,0.515732865150682,conservative,explore
26,DTLZ2,10,5,28,0.0177935943060498,0.0192170818505338,0.164335664335664,0.3,0.454293273189127,conservative,explore
26,DTLZ2,10,5,29,0.116014234875445,0.0177935943060498,0.164335664335664,0.3,0.449865396793173,conservative,explore
26,DTLZ2,10,5,30,0.0320284697508897,0.116014234875445,0.164335664335664,0.3,0.461821270843064,conservative,explore
26,DTLZ2,10,5,31,0.0298932384341637,0.0320284697508897,0.171328671328671,0.3,0.488815090418818,conservative,explore
26,DTLZ2,10,5,32,0.0199288256227758,0.0298932384341637,0.171328671328671,0.3,0.492796107037284,conservative,explore
26,DTLZ2,10,5,33,0.0249110320284698,0.0199288256227758,0.174825174825175,0.3,0.496942090182097,conservative,explore
26,DTLZ2,10,5,34,0.00782918149466192,0.0249110320284698,0.174825174825175,0.3,0.489492265316647,conservative,explore
27,DTLZ2,10,6,1,0.01,1,0.132867132867133,0.4,0.595852917142546,curriculum,explore
27,DTLZ2,10,6,2,0.0156583629893238,0.01,0.146853146853147,0.4,0.579756766810809,weighted,explore
27,DTLZ2,10,6,3,0.0156583629893238,0.0156583629893238,0.15034965034965,0.4,0.562803706943062,weighted,explore
27,DTLZ2,10,6,4,0.0270462633451957,0.0156583629893238,0.153846153846154,0.4,0.446872973542477,conservative,explore
27,DTLZ2,10,6,5,0.0177935943060498,0.0270462633451957,0.167832167832168,0.4,0.446174480375835,conservative,explore
27,DTLZ2,10,6,6,0.0241992882562278,0.0177935943060498,0.164335664335664,0.4,0.434762321678981,conservative,explore
27,DTLZ2,10,6,7,0.0213523131672598,0.0241992882562278,0.160839160839161,0.4,0.497924014318632,conservative,explore
27,DTLZ2,10,6,8,0.0149466192170819,0.0213523131672598,0.167832167832168,0.4,0.497594229051548,conservative,explore
27,DTLZ2,10,6,9,0.0498220640569395,0.0149466192170819,0.160839160839161,0.4,0.498253892399409,conservative,explore
27,DTLZ2,10,6,10,0.0113879003558719,0.0498220640569395,0.160839160839161,0.3,0.498236825421222,conservative,explore
27,DTLZ2,10,6,11,0.0120996441281139,0.0113879003558719,0.164335664335664,0.3,0.453556027809606,conservative,explore
27,DTLZ2,10,6,12,0.0234875444839858,0.0120996441281139,0.157342657342657,0.3,0.442355961838072,conservative,explore
27,DTLZ2,10,6,13,0.0348754448398577,0.0234875444839858,0.153846153846154,0.3,0.421600869709724,conservative,explore
27,DTLZ2,10,6,14,0.0156583629893238,0.0348754448398577,0.153846153846154,0.3,0.563721760056785,weighted,explore
27,DTLZ2,10,6,15,0.0220640569395018,0.0156583629893238,0.153846153846154,0.4,0.541722264968379,conservative,explore
27,DTLZ2,10,6,16,0.0284697508896797,0.0220640569395018,0.157342657342657,0.4,0.538012720287544,conservative,explore
27,DTLZ2,10,6,17,0.0206405693950178,0.0284697508896797,0.164335664335664,0.3,0.544862743137652,conservative,explore
27,DTLZ2,10,6,18,0.0113879003558719,0.0206405693950178,0.171328671328671,0.3,0.592150386832899,weighted,explore
27,DTLZ2,10,6,19,0.0185053380782918,0.0113879003558719,0.174825174825175,0.3,0.592495536930934,weighted,explore
27,DTLZ2,10,6,20,0.0163701067615658,0.0185053380782918,0.174825174825175,0.3,0.552188333661827,weighted,explore
27,DTLZ2,10,6,21,0.0362989323843416,0.0163701067615658,0.174825174825175,0.4,0.552358367930931,weighted,explore
27,DTLZ2,10,6,22,0.0192170818505338,0.0362989323843416,0.174825174825175,0.3,0.425471757461469,conservative,explore
27,DTLZ2,10,6,23,0.0128113879003559,0.0192170818505338,0.174825174825175,0.3,0.447549035557996,conservative,explore
27,DTLZ2,10,6,24,0.0128113879003559,0.0128113879003559,0.178321678321678,0.3,0.52964455775419,conservative,explore
27,DTLZ2,10,6,25,0.0256227758007117,0.0128113879003559,0.174825174825175,0.3,0.520811722326637,conservative,explore
27,DTLZ2,10,6,26,0.0120996441281139,0.0256227758007117,0.164335664335664,0.3,0.522262807235847,conservative,explore
27,DTLZ2,10,6,27,0.0213523131672598,0.0120996441281139,0.164335664335664,0.3,0.528224879619303,conservative,explore
27,DTLZ2,10,6,28,0.00925266903914591,0.0213523131672598,0.167832167832168,0.3,0.522896789670587,conservative,explore
27,DTLZ2,10,6,29,0.0234875444839858,0.00925266903914591,0.171328671328671,0.3,0.519629500307056,conservative,explore
27,DTLZ2,10,6,30,0.0149466192170819,0.0234875444839858,0.178321678321678,0.3,0.519430224469994,conservative,explore
27,DTLZ2,10,6,31,0.0306049822064057,0.0149466192170819,0.178321678321678,0.3,0.50858960489867,conservative,explore
27,DTLZ2,10,6,32,0.0313167259786477,0.0306049822064057,0.185314685314685,0.3,0.499577116740252,conservative,explore
27,DTLZ2,10,6,33,0.0177935943060498,0.0313167259786477,0.185314685314685,0.3,0.489643064997854,conservative,explore
27,DTLZ2,10,6,34,0.0128113879003559,0.0177935943060498,0.181818181818182,0.3,0.460228497330045,conservative,explore
28,DTLZ2,10,7,1,0.01,1,0.13986013986014,0.3,0.595494128290002,curriculum,explore
28,DTLZ2,10,7,2,0.0455516014234875,0.01,0.153846153846154,0.3,0.563615760816787,weighted,explore
28,DTLZ2,10,7,3,0.0298932384341637,0.0455516014234875,0.143356643356643,0.3,0.567410957166073,weighted,explore
28,DTLZ2,10,7,4,0.0206405693950178,0.0298932384341637,0.143356643356643,0.3,0.60619356956711,weighted,explore
28,DTLZ2,10,7,5,0.0106761565836299,0.0206405693950178,0.143356643356643,0.3,0.589358531121171,weighted,explore
28,DTLZ2,10,7,6,0.0170818505338078,0.0106761565836299,0.160839160839161,0.3,0.545281769429227,conservative,explore
28,DTLZ2,10,7,7,0.0135231316725979,0.0170818505338078,0.174825174825175,0.3,0.542259464302294,conservative,explore
28,DTLZ2,10,7,8,0.0177935943060498,0.0135231316725979,0.174825174825175,0.3,0.534058638342047,conservative,explore
28,DTLZ2,10,7,9,0.0220640569395018,0.0177935943060498,0.174825174825175,0.3,0.498346043077463,conservative,explore
28,DTLZ2,10,7,10,0.0234875444839858,0.0220640569395018,0.174825174825175,0.3,0.49289934433926,conservative,explore
28,DTLZ2,10,7,11,0.00782918149466192,0.0234875444839858,0.174825174825175,0.3,0.496396245557196,conservative,explore
28,DTLZ2,10,7,12,0.00782918149466192,0.00782918149466192,0.178321678321678,0.3,0.50568427459882,conservative,explore
28,DTLZ2,10,7,13,0.0170818505338078,0.00782918149466192,0.174825174825175,0.3,0.498715115461311,conservative,explore
28,DTLZ2,10,7,14,0.0249110320284698,0.0170818505338078,0.181818181818182,0.3,0.520423706313379,conservative,explore
28,DTLZ2,10,7,15,0.0142348754448399,0.0249110320284698,0.185314685314685,0.3,0.499631866409708,conservative,explore
28,DTLZ2,10,7,16,0.0206405693950178,0.0142348754448399,0.171328671328671,0.3,0.513077407524231,conservative,explore
28,DTLZ2,10,7,17,0.0206405693950178,0.0206405693950178,0.171328671328671,0.3,0.511118205287513,conservative,explore
28,DTLZ2,10,7,18,0.0170818505338078,0.0206405693950178,0.167832167832168,0.3,0.501896840576768,conservative,explore
28,DTLZ2,10,7,19,0.0483985765124555,0.0170818505338078,0.160839160839161,0.3,0.497095067086121,conservative,explore
28,DTLZ2,10,7,20,0.0270462633451957,0.0483985765124555,0.160839160839161,0.3,0.519964808687911,conservative,explore
28,DTLZ2,10,7,21,0.0398576512455516,0.0270462633451957,0.160839160839161,0.3,0.51800839302781,conservative,explore
28,DTLZ2,10,7,22,0.0754448398576512,0.0398576512455516,0.164335664335664,0.3,0.505842529784044,conservative,explore
28,DTLZ2,10,7,23,0.0647686832740214,0.0754448398576512,0.164335664335664,0.3,0.522994240794981,conservative,explore
28,DTLZ2,10,7,24,0.0939501779359431,0.0647686832740214,0.185314685314685,0.3,0.478726885244219,conservative,explore
28,DTLZ2,10,7,25,0.0206405693950178,0.0939501779359431,0.171328671328671,0.3,0.483441101986776,conservative,explore
28,DTLZ2,10,7,26,0.0177935943060498,0.0206405693950178,0.167832167832168,0.3,0.456547834426235,conservative,explore
28,DTLZ2,10,7,27,0.0498220640569395,0.0177935943060498,0.171328671328671,0.3,0.473436818641095,conservative,explore
28,DTLZ2,10,7,28,0.0277580071174377,0.0498220640569395,0.164335664335664,0.3,0.460249820496935,conservative,explore
28,DTLZ2,10,7,29,0.0405693950177936,0.0277580071174377,0.160839160839161,0.3,0.455549390571957,conservative,explore
28,DTLZ2,10,7,30,0.0419928825622776,0.0405693950177936,0.157342657342657,0.3,0.465633915071121,conservative,explore
28,DTLZ2,10,7,31,0.0377224199288256,0.0419928825622776,0.164335664335664,0.3,0.458884318514995,conservative,explore
28,DTLZ2,10,7,32,0.0768683274021352,0.0377224199288256,0.164335664335664,0.3,0.476145961801458,conservative,explore
28,DTLZ2,10,7,33,0.0533807829181495,0.0768683274021352,0.153846153846154,0.3,0.513956222358319,conservative,explore
28,DTLZ2,10,7,34,0.0469750889679715,0.0533807829181495,0.157342657342657,0.3,0.498003539124478,conservative,explore
29,DTLZ2,10,8,1,0.0366666666666667,1,0.13986013986014,0.4,0.577557257551004,curriculum,explore
29,DTLZ2,10,8,2,0.0241992882562278,0.0366666666666667,0.13986013986014,0.4,0.577023951379225,weighted,explore
29,DTLZ2,10,8,3,0.00711743772241993,0.0241992882562278,0.136363636363636,0.4,0.555581419805684,weighted,explore
29,DTLZ2,10,8,4,0.0163701067615658,0.00711743772241993,0.136363636363636,0.4,0.54593302207586,conservative,explore
29,DTLZ2,10,8,5,0.00711743772241993,0.0163701067615658,0.136363636363636,0.4,0.519778699490267,conservative,explore
29,DTLZ2,10,8,6,0.0441281138790036,0.00711743772241993,0.13986013986014,0.4,0.486142182016471,conservative,explore
29,DTLZ2,10,8,7,0.0106761565836299,0.0441281138790036,0.136363636363636,0.4,0.491917402929427,conservative,explore
29,DTLZ2,10,8,8,0.0362989323843416,0.0106761565836299,0.129370629370629,0.4,0.526025036078208,conservative,explore
29,DTLZ2,10,8,9,0.0106761565836299,0.0362989323843416,0.129370629370629,0.4,0.516779690822955,conservative,explore
29,DTLZ2,10,8,10,0.0747330960854092,0.0106761565836299,0.129370629370629,0.4,0.500656442456042,conservative,explore
29,DTLZ2,10,8,11,0.0113879003558719,0.0747330960854092,0.125874125874126,0.4,0.497359064126146,conservative,explore
29,DTLZ2,10,8,12,0.0241992882562278,0.0113879003558719,0.125874125874126,0.4,0.492228245690317,conservative,explore
29,DTLZ2,10,8,13,0.0334519572953737,0.0241992882562278,0.125874125874126,0.4,0.471231767018071,conservative,explore
29,DTLZ2,10,8,14,0.0234875444839858,0.0334519572953737,0.125874125874126,0.4,0.475389009251628,conservative,explore
29,DTLZ2,10,8,15,0.0106761565836299,0.0234875444839858,0.125874125874126,0.5,0.4751869835934,conservative,indicator
29,DTLZ2,10,8,16,0.0170818505338078,0.0106761565836299,0.132867132867133,0.5,0.485962444913084,conservative,indicator
29,DTLZ2,10,8,17,0.0313167259786477,0.0170818505338078,0.132867132867133,0.5,0.504689293586327,conservative,indicator
29,DTLZ2,10,8,18,0.0298932384341637,0.0313167259786477,0.15034965034965,0.5,0.462865413269027,conservative,indicator
29,DTLZ2,10,8,19,0.0185053380782918,0.0298932384341637,0.15034965034965,0.4,0.478258462573479,conservative,explore
29,DTLZ2,10,8,20,0.0227758007117438,0.0185053380782918,0.146853146853147,0.5,0.485065173178732,conservative,indicator
29,DTLZ2,10,8,21,0.0291814946619217,0.0227758007117438,0.146853146853147,0.4,0.547517664858735,conservative,explore
29,DTLZ2,10,8,22,0.098220640569395,0.0291814946619217,0.153846153846154,0.4,0.528205294333635,conservative,explore
29,DTLZ2,10,8,23,0.0348754448398577,0.098220640569395,0.153846153846154,0.4,0.545667824602637,conservative,explore
29,DTLZ2,10,8,24,0.0163701067615658,0.0348754448398577,0.157342657342657,0.4,0.542605723329133,conservative,explore
29,DTLZ2,10,8,25,0.0249110320284698,0.0163701067615658,0.157342657342657,0.4,0.45869261339713,conservative,explore
29,DTLZ2,10,8,26,0.0206405693950178,0.0249110320284698,0.157342657342657,0.4,0.497890912153789,conservative,explore
29,DTLZ2,10,8,27,0.0284697508896797,0.0206405693950178,0.153846153846154,0.4,0.489013922248246,conservative,explore
29,DTLZ2,10,8,28,0.0185053380782918,0.0284697508896797,0.164335664335664,0.4,0.477253329715315,conservative,explore
29,DTLZ2,10,8,29,0.0654804270462633,0.0185053380782918,0.160839160839161,0.4,0.450112181969521,conservative,explore
29,DTLZ2,10,8,30,0.0170818505338078,0.0654804270462633,0.157342657342657,0.4,0.48932776566075,conservative,explore
29,DTLZ2,10,8,31,0.0120996441281139,0.0170818505338078,0.164335664335664,0.4,0.479156733408321,conservative,explore
29,DTLZ2,10,8,32,0.0427046263345196,0.0120996441281139,0.160839160839161,0.4,0.48635388092261,conservative,explore
29,DTLZ2,10,8,33,0.0099644128113879,0.0427046263345196,0.164335664335664,0.4,0.494848937685234,conservative,explore
29,DTLZ2,10,8,34,0.0334519572953737,0.0099644128113879,0.160839160839161,0.4,0.483272342152134,conservative,explore
30,DTLZ2,10,9,1,0.0233333333333333,1,0.153846153846154,0.3,0.48572306202981,curriculum,explore
30,DTLZ2,10,9,2,0.00711743772241993,0.0233333333333333,0.157342657342657,0.3,0.58023066144751,weighted,explore
30,DTLZ2,10,9,3,0.0177935943060498,0.00711743772241993,0.153846153846154,0.3,0.521242641738819,conservative,explore
30,DTLZ2,10,9,4,0.0597864768683274,0.0177935943060498,0.167832167832168,0.3,0.525762532007531,conservative,explore
30,DTLZ2,10,9,5,0.0220640569395018,0.0597864768683274,0.164335664335664,0.3,0.510268759923842,conservative,explore
30,DTLZ2,10,9,6,0.0120996441281139,0.0220640569395018,0.160839160839161,0.3,0.536321791283431,conservative,explore
30,DTLZ2,10,9,7,0.0427046263345196,0.0120996441281139,0.160839160839161,0.3,0.598449412976371,weighted,explore
30,DTLZ2,10,9,8,0.0249110320284698,0.0427046263345196,0.164335664335664,0.3,0.576375108946629,weighted,explore
30,DTLZ2,10,9,9,0.0170818505338078,0.0249110320284698,0.153846153846154,0.3,0.539885899300875,conservative,explore
30,DTLZ2,10,9,10,0.0177935943060498,0.0170818505338078,0.153846153846154,0.3,0.512136908931415,conservative,explore
30,DTLZ2,10,9,11,0.116725978647687,0.0177935943060498,0.164335664335664,0.3,0.563037657161944,weighted,explore
30,DTLZ2,10,9,12,0.0811387900355872,0.116725978647687,0.167832167832168,0.3,0.553543675100587,weighted,explore
30,DTLZ2,10,9,13,0.0718861209964413,0.0811387900355872,0.167832167832168,0.3,0.562697171122609,weighted,explore
30,DTLZ2,10,9,14,0.0156583629893238,0.0718861209964413,0.160839160839161,0.3,0.556992746409784,weighted,explore
30,DTLZ2,10,9,15,0.0569395017793594,0.0156583629893238,0.160839160839161,0.3,0.552907714713902,weighted,explore
30,DTLZ2,10,9,16,0.0583629893238434,0.0569395017793594,0.15034965034965,0.3,0.545802832172575,conservative,explore
30,DTLZ2,10,9,17,0.0640569395017794,0.0583629893238434,0.153846153846154,0.3,0.542793822637094,conservative,explore
30,DTLZ2,10,9,18,0.0427046263345196,0.0640569395017794,0.157342657342657,0.3,0.492514602300392,conservative,explore
30,DTLZ2,10,9,19,0.0512455516014235,0.0427046263345196,0.157342657342657,0.3,0.493156008296081,conservative,explore
30,DTLZ2,10,9,20,0.0790035587188612,0.0512455516014235,0.153846153846154,0.3,0.488900485974661,conservative,explore
30,DTLZ2,10,9,21,0.0725978647686833,0.0790035587188612,0.153846153846154,0.3,0.540561477475495,conservative,explore
30,DTLZ2,10,9,22,0.0882562277580071,0.0725978647686833,0.15034965034965,0.3,0.544428559955334,conservative,explore
30,DTLZ2,10,9,23,0.0234875444839858,0.0882562277580071,0.146853146853147,0.4,0.522801255011915,conservative,explore
30,DTLZ2,10,9,24,0.0661921708185053,0.0234875444839858,0.15034965034965,0.4,0.547997369562538,conservative,explore
30,DTLZ2,10,9,25,0.0177935943060498,0.0661921708185053,0.15034965034965,0.4,0.5594501434294,weighted,explore
30,DTLZ2,10,9,26,0.0640569395017794,0.0177935943060498,0.146853146853147,0.4,0.570180559208184,weighted,explore
30,DTLZ2,10,9,27,0.0448398576512456,0.0640569395017794,0.15034965034965,0.4,0.533477226665643,conservative,explore
30,DTLZ2,10,9,28,0.0241992882562278,0.0448398576512456,0.15034965034965,0.4,0.551426558497098,weighted,explore
30,DTLZ2,10,9,29,0.20711743772242,0.0241992882562278,0.13986013986014,0.4,0.568144349935828,weighted,explore
30,DTLZ2,10,9,30,0.0113879003558719,0.20711743772242,0.13986013986014,0.4,0.558267328834089,weighted,explore
30,DTLZ2,10,9,31,0.0313167259786477,0.0113879003558719,0.15034965034965,0.4,0.544508194627014,conservative,explore
30,DTLZ2,10,9,32,0.0754448398576512,0.0313167259786477,0.146853146853147,0.4,0.578648052899245,weighted,explore
30,DTLZ2,10,9,33,0.0355871886120996,0.0754448398576512,0.15034965034965,0.4,0.568718058600332,weighted,explore
30,DTLZ2,10,9,34,0.0362989323843416,0.0355871886120996,0.157342657342657,0.4,0.571986952532773,weighted,explore
31,DTLZ2,20,1,1,0.0111111111111111,1,0.103896103896104,0.55,0.540373246039566,curriculum,indicator
31,DTLZ2,20,1,2,0.0128113879003559,0.0111111111111111,0.0952380952380952,0.55,0.517724920646628,conservative,indicator
31,DTLZ2,20,1,3,0.0106761565836299,0.0128113879003559,0.0995670995670996,0.6,0.511487858371954,conservative,indicator
31,DTLZ2,20,1,4,0.0462633451957295,0.0106761565836299,0.0952380952380952,0.6,0.522025960412701,conservative,indicator
31,DTLZ2,20,1,5,0.0355871886120996,0.0462633451957295,0.0909090909090909,0.6,0.544955287245831,conservative,indicator
31,DTLZ2,20,1,6,0.0711743772241993,0.0355871886120996,0.0865800865800866,0.65,0.559009275975736,weighted,indicator
31,DTLZ2,20,1,7,0.0519572953736655,0.0711743772241993,0.0865800865800866,0.65,0.544966181090082,conservative,indicator
31,DTLZ2,20,1,8,0.108896797153025,0.0519572953736655,0.0865800865800866,0.65,0.547716355240815,conservative,indicator
31,DTLZ2,20,1,9,0.098932384341637,0.108896797153025,0.0865800865800866,0.65,0.519950142816747,conservative,indicator
31,DTLZ2,20,1,10,0.0832740213523132,0.098932384341637,0.0865800865800866,0.65,0.525657968889904,conservative,indicator
31,DTLZ2,20,1,11,0.0583629893238434,0.0832740213523132,0.0822510822510823,0.65,0.509836967707757,conservative,indicator
31,DTLZ2,20,1,12,0.0903914590747331,0.0583629893238434,0.0865800865800866,0.65,0.508937793964399,conservative,indicator
31,DTLZ2,20,1,13,0.0185053380782918,0.0903914590747331,0.0822510822510823,0.65,0.492757819602933,conservative,indicator
31,DTLZ2,20,1,14,0.0640569395017794,0.0185053380782918,0.0822510822510823,0.65,0.496908189788462,conservative,indicator
31,DTLZ2,20,1,15,0.0903914590747331,0.0640569395017794,0.0822510822510823,0.65,0.490184434874251,conservative,indicator
31,DTLZ2,20,1,16,0.0590747330960854,0.0903914590747331,0.0865800865800866,0.6,0.480573058044517,conservative,indicator
31,DTLZ2,20,1,17,0.0320284697508897,0.0590747330960854,0.116883116883117,0.6,0.493985339730151,conservative,indicator
31,DTLZ2,20,1,18,0.0405693950177936,0.0320284697508897,0.108225108225108,0.6,0.488519870529583,conservative,indicator
31,DTLZ2,20,1,19,0.188612099644128,0.0405693950177936,0.112554112554113,0.6,0.483392341504721,conservative,indicator
31,DTLZ2,20,1,20,0.0676156583629893,0.188612099644128,0.112554112554113,0.6,0.472311718279989,conservative,indicator
31,DTLZ2,20,1,21,0.0256227758007117,0.0676156583629893,0.0995670995670996,0.6,0.474516153767765,conservative,indicator
31,DTLZ2,20,1,22,0.0270462633451957,0.0256227758007117,0.0952380952380952,0.6,0.4922295342169,conservative,indicator
31,DTLZ2,20,1,23,0.0405693950177936,0.0270462633451957,0.0952380952380952,0.6,0.490564552427963,conservative,indicator
31,DTLZ2,20,1,24,0.138078291814947,0.0405693950177936,0.0952380952380952,0.6,0.492987650611431,conservative,indicator
31,DTLZ2,20,1,25,0.0690391459074733,0.138078291814947,0.0952380952380952,0.65,0.500434181774492,conservative,indicator
31,DTLZ2,20,1,26,0.0533807829181495,0.0690391459074733,0.0995670995670996,0.6,0.500558561201966,conservative,indicator
31,DTLZ2,20,1,27,0.104626334519573,0.0533807829181495,0.0995670995670996,0.65,0.494167257229157,conservative,indicator
31,DTLZ2,20,1,28,0.126690391459075,0.104626334519573,0.0865800865800866,0.65,0.494850585500326,conservative,indicator
31,DTLZ2,20,1,29,0.120284697508897,0.126690391459075,0.0952380952380952,0.65,0.497527634092863,conservative,indicator
31,DTLZ2,20,1,30,0.104626334519573,0.120284697508897,0.116883116883117,0.65,0.503515708235521,conservative,indicator
31,DTLZ2,20,1,31,0.204270462633452,0.104626334519573,0.116883116883117,0.65,0.498735300509385,conservative,indicator
31,DTLZ2,20,1,32,0.143060498220641,0.204270462633452,0.116883116883117,0.65,0.501471620084827,conservative,indicator
31,DTLZ2,20,1,33,0.143060498220641,0.143060498220641,0.116883116883117,0.65,0.501113030900644,conservative,indicator
31,DTLZ2,20,1,34,0.130249110320285,0.143060498220641,0.116883116883117,0.65,0.503627514468388,conservative,indicator
32,DTLZ2,20,10,1,0.02,1,0.112554112554113,0.55,0.505380250874998,curriculum,indicator
32,DTLZ2,20,10,2,0.00925266903914591,0.02,0.112554112554113,0.55,0.51493458370395,conservative,indicator
32,DTLZ2,20,10,3,0.00498220640569395,0.00925266903914591,0.125541125541126,0.5,0.509096621818453,conservative,indicator
32,DTLZ2,20,10,4,0.0135231316725979,0.00498220640569395,0.134199134199134,0.5,0.493802059232578,conservative,indicator
32,DTLZ2,20,10,5,0.0384341637010676,0.0135231316725979,0.12987012987013,0.45,0.518252185932419,conservative,explore
32,DTLZ2,20,10,6,0.0377224199288256,0.0384341637010676,0.134199134199134,0.45,0.515647814563444,conservative,explore
32,DTLZ2,20,10,7,0.0498220640569395,0.0377224199288256,0.12987012987013,0.5,0.502752332547603,conservative,indicator
32,DTLZ2,20,10,8,0.0604982206405694,0.0498220640569395,0.12987012987013,0.5,0.500387450317157,conservative,indicator
32,DTLZ2,20,10,9,0.0448398576512456,0.0604982206405694,0.142857142857143,0.45,0.483213357762825,conservative,explore
32,DTLZ2,20,10,10,0.0569395017793594,0.0448398576512456,0.138528138528139,0.5,0.485609272375867,conservative,indicator
32,DTLZ2,20,10,11,0.0854092526690391,0.0569395017793594,0.151515151515152,0.45,0.475408554882387,conservative,explore
32,DTLZ2,20,10,12,0.0462633451957295,0.0854092526690391,0.134199134199134,0.45,0.492565800899855,conservative,explore
32,DTLZ2,20,10,13,0.0604982206405694,0.0462633451957295,0.151515151515152,0.45,0.485390198167306,conservative,explore
32,DTLZ2,20,10,14,0.0911032028469751,0.0604982206405694,0.155844155844156,0.45,0.490672369073622,conservative,explore
32,DTLZ2,20,10,15,0.108185053380783,0.0911032028469751,0.142857142857143,0.45,0.491396980278037,conservative,explore
32,DTLZ2,20,10,16,0.131672597864769,0.108185053380783,0.151515151515152,0.45,0.48444210140006,conservative,explore
32,DTLZ2,20,10,17,0.096797153024911,0.131672597864769,0.16017316017316,0.45,0.483530277638501,conservative,explore
32,DTLZ2,20,10,18,0.107473309608541,0.096797153024911,0.16017316017316,0.45,0.480220909375347,conservative,explore
32,DTLZ2,20,10,19,0.290391459074733,0.107473309608541,0.151515151515152,0.45,0.485545581916605,conservative,explore
32,DTLZ2,20,10,20,0.0519572953736655,0.290391459074733,0.147186147186147,0.45,0.47746183364226,conservative,explore
32,DTLZ2,20,10,21,0.0327402135231317,0.0519572953736655,0.151515151515152,0.45,0.493320049823098,conservative,explore
32,DTLZ2,20,10,22,0.0768683274021352,0.0327402135231317,0.142857142857143,0.5,0.492921673340544,conservative,indicator
32,DTLZ2,20,10,23,0.0391459074733096,0.0768683274021352,0.142857142857143,0.5,0.491277427594432,conservative,indicator
32,DTLZ2,20,10,24,0.0263345195729537,0.0391459074733096,0.147186147186147,0.5,0.473316629173012,conservative,indicator
32,DTLZ2,20,10,25,0.0249110320284698,0.0263345195729537,0.147186147186147,0.5,0.477085371553857,conservative,indicator
32,DTLZ2,20,10,26,0.00569395017793594,0.0249110320284698,0.147186147186147,0.5,0.488504981306181,conservative,indicator
32,DTLZ2,20,10,27,0.0362989323843416,0.00569395017793594,0.147186147186147,0.5,0.482348496160184,conservative,indicator
32,DTLZ2,20,10,28,0.0811387900355872,0.0362989323843416,0.151515151515152,0.45,0.531131207066192,conservative,explore
32,DTLZ2,20,10,29,0.0298932384341637,0.0811387900355872,0.147186147186147,0.45,0.483717976051363,conservative,explore
32,DTLZ2,20,10,30,0.0398576512455516,0.0298932384341637,0.142857142857143,0.5,0.484261447255916,conservative,indicator
32,DTLZ2,20,10,31,0.0804270462633452,0.0398576512455516,0.164502164502165,0.5,0.490891703658561,conservative,indicator
32,DTLZ2,20,10,32,0.0234875444839858,0.0804270462633452,0.16017316017316,0.5,0.508299289001607,conservative,indicator
32,DTLZ2,20,10,33,0.0185053380782918,0.0234875444839858,0.155844155844156,0.5,0.505833404701816,conservative,indicator
32,DTLZ2,20,10,34,0.0505338078291815,0.0185053380782918,0.155844155844156,0.5,0.490528695838651,conservative,indicator
33,DTLZ2,20,2,1,0.0255555555555556,1,0.134199134199134,0.55,0.550697398864373,curriculum,indicator
33,DTLZ2,20,2,2,0.00711743772241993,0.0255555555555556,0.142857142857143,0.55,0.542185192725436,conservative,indicator
33,DTLZ2,20,2,3,0.0170818505338078,0.00711743772241993,0.151515151515152,0.55,0.544807814547458,conservative,indicator
33,DTLZ2,20,2,4,0.00782918149466192,0.0170818505338078,0.151515151515152,0.55,0.537540042318662,conservative,indicator
33,DTLZ2,20,2,5,0.0192170818505338,0.00782918149466192,0.151515151515152,0.55,0.515246766833387,conservative,indicator
33,DTLZ2,20,2,6,0.0249110320284698,0.0192170818505338,0.151515151515152,0.6,0.519755714698789,conservative,indicator
33,DTLZ2,20,2,7,0.0185053380782918,0.0249110320284698,0.134199134199134,0.6,0.511942295807075,conservative,indicator
33,DTLZ2,20,2,8,0.0526690391459075,0.0185053380782918,0.138528138528139,0.6,0.508463259537534,conservative,indicator
33,DTLZ2,20,2,9,0.0241992882562278,0.0526690391459075,0.134199134199134,0.6,0.513118253579772,conservative,indicator
33,DTLZ2,20,2,10,0.0348754448398577,0.0241992882562278,0.125541125541126,0.6,0.489032091587106,conservative,indicator
33,DTLZ2,20,2,11,0.0263345195729537,0.0348754448398577,0.116883116883117,0.6,0.494203500303256,conservative,indicator
33,DTLZ2,20,2,12,0.0597864768683274,0.0263345195729537,0.121212121212121,0.6,0.483658634729882,conservative,indicator
33,DTLZ2,20,2,13,0.0370106761565836,0.0597864768683274,0.116883116883117,0.65,0.483989109815972,conservative,indicator
33,DTLZ2,20,2,14,0.0512455516014235,0.0370106761565836,0.116883116883117,0.65,0.486088111077495,conservative,indicator
33,DTLZ2,20,2,15,0.0113879003558719,0.0512455516014235,0.112554112554113,0.65,0.489552296855871,conservative,indicator
33,DTLZ2,20,2,16,0.0391459074733096,0.0113879003558719,0.116883116883117,0.65,0.495484342655446,conservative,indicator
33,DTLZ2,20,2,17,0.101067615658363,0.0391459074733096,0.116883116883117,0.65,0.492061197027111,conservative,indicator
33,DTLZ2,20,2,18,0.0562277580071174,0.101067615658363,0.121212121212121,0.65,0.503603886189817,conservative,indicator
33,DTLZ2,20,2,19,0.0832740213523132,0.0562277580071174,0.121212121212121,0.65,0.50204206901067,conservative,indicator
33,DTLZ2,20,2,20,0.116725978647687,0.0832740213523132,0.121212121212121,0.65,0.503009029641542,conservative,indicator
33,DTLZ2,20,2,21,0.236298932384342,0.116725978647687,0.108225108225108,0.65,0.485662267505923,conservative,indicator
33,DTLZ2,20,2,22,0.162277580071174,0.236298932384342,0.112554112554113,0.65,0.488527404333049,conservative,indicator
33,DTLZ2,20,2,23,0.141637010676157,0.162277580071174,0.112554112554113,0.65,0.490514809099939,conservative,indicator
33,DTLZ2,20,2,24,0.103914590747331,0.141637010676157,0.112554112554113,0.65,0.493783415896939,conservative,indicator
33,DTLZ2,20,2,25,0.110320284697509,0.103914590747331,0.103896103896104,0.65,0.49947985401336,conservative,indicator
33,DTLZ2,20,2,26,0.0790035587188612,0.110320284697509,0.103896103896104,0.65,0.499016850703147,conservative,indicator
33,DTLZ2,20,2,27,0.0697508896797153,0.0790035587188612,0.0995670995670996,0.65,0.498017965411664,conservative,indicator
33,DTLZ2,20,2,28,0.096797153024911,0.0697508896797153,0.0995670995670996,0.65,0.4991102828987,conservative,indicator
33,DTLZ2,20,2,29,0.0903914590747331,0.096797153024911,0.0995670995670996,0.65,0.499107735799192,conservative,indicator
33,DTLZ2,20,2,30,0.0903914590747331,0.0903914590747331,0.112554112554113,0.6,0.498368380520082,conservative,indicator
33,DTLZ2,20,2,31,0.0939501779359431,0.0903914590747331,0.112554112554113,0.65,0.482060805488245,conservative,indicator
33,DTLZ2,20,2,32,0.107473309608541,0.0939501779359431,0.112554112554113,0.65,0.481423563116108,conservative,indicator
33,DTLZ2,20,2,33,0.0747330960854092,0.107473309608541,0.116883116883117,0.6,0.492176802972745,conservative,indicator
33,DTLZ2,20,2,34,0.0846975088967972,0.0747330960854092,0.121212121212121,0.6,0.505649914072873,conservative,indicator
34,DTLZ2,20,3,1,0.0422222222222222,1,0.108225108225108,0.6,0.52848781135144,curriculum,indicator
34,DTLZ2,20,3,2,0.0377224199288256,0.0422222222222222,0.112554112554113,0.6,0.556205800116258,weighted,indicator
34,DTLZ2,20,3,3,0.0740213523131673,0.0377224199288256,0.103896103896104,0.65,0.583247047879044,weighted,indicator
34,DTLZ2,20,3,4,0.0298932384341637,0.0740213523131673,0.108225108225108,0.65,0.568480251620691,weighted,indicator
34,DTLZ2,20,3,5,0.0405693950177936,0.0298932384341637,0.108225108225108,0.6,0.54099360862713,conservative,indicator
34,DTLZ2,20,3,6,0.0227758007117438,0.0405693950177936,0.116883116883117,0.6,0.546404889706055,conservative,indicator
34,DTLZ2,20,3,7,0.00711743772241993,0.0227758007117438,0.112554112554113,0.6,0.536983216072096,conservative,indicator
34,DTLZ2,20,3,8,0.0519572953736655,0.00711743772241993,0.112554112554113,0.6,0.534177805912722,conservative,indicator
34,DTLZ2,20,3,9,0.0199288256227758,0.0519572953736655,0.112554112554113,0.6,0.526651516678109,conservative,indicator
34,DTLZ2,20,3,10,0.0135231316725979,0.0199288256227758,0.116883116883117,0.6,0.507955078447727,conservative,indicator
34,DTLZ2,20,3,11,0.0434163701067616,0.0135231316725979,0.108225108225108,0.65,0.484268496425292,conservative,indicator
34,DTLZ2,20,3,12,0.0469750889679715,0.0434163701067616,0.108225108225108,0.65,0.544363014191845,conservative,indicator
34,DTLZ2,20,3,13,0.0555160142348754,0.0469750889679715,0.103896103896104,0.65,0.530788831817233,conservative,indicator
34,DTLZ2,20,3,14,0.0476868327402135,0.0555160142348754,0.103896103896104,0.65,0.476225039811001,conservative,indicator
34,DTLZ2,20,3,15,0.0398576512455516,0.0476868327402135,0.108225108225108,0.65,0.473297853712813,conservative,indicator
34,DTLZ2,20,3,16,0.0604982206405694,0.0398576512455516,0.121212121212121,0.55,0.480654264866423,conservative,indicator
34,DTLZ2,20,3,17,0.0782918149466192,0.0604982206405694,0.121212121212121,0.55,0.477020827018764,conservative,indicator
34,DTLZ2,20,3,18,0.0526690391459075,0.0782918149466192,0.125541125541126,0.55,0.48074334992575,conservative,indicator
34,DTLZ2,20,3,19,0.099644128113879,0.0526690391459075,0.125541125541126,0.55,0.484112975580683,conservative,indicator
34,DTLZ2,20,3,20,0.0391459074733096,0.099644128113879,0.121212121212121,0.55,0.473353754508703,conservative,indicator
34,DTLZ2,20,3,21,0.0441281138790036,0.0391459074733096,0.121212121212121,0.55,0.47260580351416,conservative,indicator
34,DTLZ2,20,3,22,0.0277580071174377,0.0441281138790036,0.121212121212121,0.55,0.4748239349461,conservative,indicator
34,DTLZ2,20,3,23,0.0441281138790036,0.0277580071174377,0.116883116883117,0.55,0.471413766346594,conservative,indicator
34,DTLZ2,20,3,24,0.176512455516014,0.0441281138790036,0.112554112554113,0.55,0.527466561218017,conservative,indicator
34,DTLZ2,20,3,25,0.0832740213523132,0.176512455516014,0.116883116883117,0.55,0.473586011834868,conservative,indicator
34,DTLZ2,20,3,26,0.0199288256227758,0.0832740213523132,0.116883116883117,0.55,0.476203418680121,conservative,indicator
34,DTLZ2,20,3,27,0.0448398576512456,0.0199288256227758,0.121212121212121,0.55,0.473969408994327,conservative,indicator
34,DTLZ2,20,3,28,0.0690391459074733,0.0448398576512456,0.116883116883117,0.55,0.475079871305122,conservative,indicator
34,DTLZ2,20,3,29,0.0797153024911032,0.0690391459074733,0.116883116883117,0.55,0.544126021148812,conservative,indicator
34,DTLZ2,20,3,30,0.0320284697508897,0.0797153024911032,0.121212121212121,0.55,0.479644204164072,conservative,indicator
34,DTLZ2,20,3,31,0.0761565836298932,0.0320284697508897,0.121212121212121,0.55,0.482891339403045,conservative,indicator
34,DTLZ2,20,3,32,0.0412811387900356,0.0761565836298932,0.116883116883117,0.55,0.478282220997877,conservative,indicator
34,DTLZ2,20,3,33,0.111032028469751,0.0412811387900356,0.116883116883117,0.55,0.474166488756908,conservative,indicator
34,DTLZ2,20,3,34,0.144483985765125,0.111032028469751,0.116883116883117,0.55,0.534897945975964,conservative,indicator
35,DTLZ2,20,4,1,0.0144444444444444,1,0.0952380952380952,0.6,0.553929456160663,curriculum,indicator
35,DTLZ2,20,4,2,0.0106761565836299,0.0144444444444444,0.103896103896104,0.6,0.553440526782705,weighted,indicator
35,DTLZ2,20,4,3,0.0220640569395018,0.0106761565836299,0.108225108225108,0.6,0.488218595299684,conservative,indicator
35,DTLZ2,20,4,4,0.0227758007117438,0.0220640569395018,0.103896103896104,0.6,0.531144687810242,conservative,indicator
35,DTLZ2,20,4,5,0.0441281138790036,0.0227758007117438,0.112554112554113,0.6,0.49136594473732,conservative,indicator
35,DTLZ2,20,4,6,0.0427046263345196,0.0441281138790036,0.112554112554113,0.6,0.527379879716532,conservative,indicator
35,DTLZ2,20,4,7,0.0298932384341637,0.0427046263345196,0.112554112554113,0.6,0.560830544359178,weighted,indicator
35,DTLZ2,20,4,8,0.0604982206405694,0.0298932384341637,0.112554112554113,0.6,0.531178411376902,conservative,indicator
35,DTLZ2,20,4,9,0.102491103202847,0.0604982206405694,0.116883116883117,0.6,0.517872208137987,conservative,indicator
35,DTLZ2,20,4,10,0.0697508896797153,0.102491103202847,0.116883116883117,0.65,0.511278119227491,conservative,indicator
35,DTLZ2,20,4,11,0.101779359430605,0.0697508896797153,0.116883116883117,0.6,0.520827980983226,conservative,indicator
35,DTLZ2,20,4,12,0.0718861209964413,0.101779359430605,0.116883116883117,0.6,0.520328738431806,conservative,indicator
35,DTLZ2,20,4,13,0.0697508896797153,0.0718861209964413,0.116883116883117,0.6,0.522165121778764,conservative,indicator
35,DTLZ2,20,4,14,0.0199288256227758,0.0697508896797153,0.116883116883117,0.6,0.521513998366901,conservative,indicator
35,DTLZ2,20,4,15,0.0199288256227758,0.0199288256227758,0.116883116883117,0.6,0.52541273298041,conservative,indicator
35,DTLZ2,20,4,16,0.0483985765124555,0.0199288256227758,0.112554112554113,0.6,0.535987781283174,conservative,indicator
35,DTLZ2,20,4,17,0.0334519572953737,0.0483985765124555,0.116883116883117,0.65,0.526764361144008,conservative,indicator
35,DTLZ2,20,4,18,0.0398576512455516,0.0334519572953737,0.112554112554113,0.65,0.530524727528965,conservative,indicator
35,DTLZ2,20,4,19,0.0213523131672598,0.0398576512455516,0.0995670995670996,0.65,0.532333754248135,conservative,indicator
35,DTLZ2,20,4,20,0.0683274021352313,0.0213523131672598,0.0995670995670996,0.65,0.534504329421777,conservative,indicator
35,DTLZ2,20,4,21,0.0548042704626335,0.0683274021352313,0.0952380952380952,0.65,0.533391323983252,conservative,indicator
35,DTLZ2,20,4,22,0.216370106761566,0.0548042704626335,0.0952380952380952,0.65,0.52992698477208,conservative,indicator
35,DTLZ2,20,4,23,0.158718861209964,0.216370106761566,0.0952380952380952,0.65,0.525058494102113,conservative,indicator
35,DTLZ2,20,4,24,0.0455516014234875,0.158718861209964,0.0952380952380952,0.65,0.520885641532638,conservative,indicator
35,DTLZ2,20,4,25,0.0861209964412811,0.0455516014234875,0.0952380952380952,0.65,0.516512052766913,conservative,indicator
35,DTLZ2,20,4,26,0.0548042704626335,0.0861209964412811,0.0952380952380952,0.7,0.515696022707647,conservative,indicator
35,DTLZ2,20,4,27,0.0526690391459075,0.0548042704626335,0.0909090909090909,0.7,0.513152438189174,conservative,indicator
35,DTLZ2,20,4,28,0.116014234875445,0.0526690391459075,0.0909090909090909,0.7,0.509863775823729,conservative,indicator
35,DTLZ2,20,4,29,0.128113879003559,0.116014234875445,0.0952380952380952,0.6,0.505540739395488,conservative,indicator
35,DTLZ2,20,4,30,0.099644128113879,0.128113879003559,0.0909090909090909,0.6,0.503938498710213,conservative,indicator
35,DTLZ2,20,4,31,0.098220640569395,0.099644128113879,0.0909090909090909,0.6,0.510555786357897,conservative,indicator
35,DTLZ2,20,4,32,0.0220640569395018,0.098220640569395,0.0865800865800866,0.6,0.506904176153571,conservative,indicator
35,DTLZ2,20,4,33,0.108185053380783,0.0220640569395018,0.0865800865800866,0.6,0.500230151162614,conservative,indicator
35,DTLZ2,20,4,34,0.0548042704626335,0.108185053380783,0.0822510822510823,0.6,0.501789649136257,conservative,indicator
36,DTLZ2,20,5,1,0.0177777777777778,1,0.125541125541126,0.5,0.542711107218414,curriculum,indicator
36,DTLZ2,20,5,2,0.0163701067615658,0.0177777777777778,0.125541125541126,0.5,0.52587893472997,conservative,indicator
36,DTLZ2,20,5,3,0.0177935943060498,0.0163701067615658,0.125541125541126,0.5,0.522099221796731,conservative,indicator
36,DTLZ2,20,5,4,0.0220640569395018,0.0177935943060498,0.112554112554113,0.55,0.538214364031598,conservative,indicator
36,DTLZ2,20,5,5,0.0128113879003559,0.0220640569395018,0.134199134199134,0.5,0.505129237316714,conservative,indicator
36,DTLZ2,20,5,6,0.00925266903914591,0.0128113879003559,0.138528138528139,0.55,0.505508590610888,conservative,indicator
36,DTLZ2,20,5,7,0.0199288256227758,0.00925266903914591,0.142857142857143,0.55,0.502751933835605,conservative,indicator
36,DTLZ2,20,5,8,0.00925266903914591,0.0199288256227758,0.134199134199134,0.55,0.500053284934093,conservative,indicator
36,DTLZ2,20,5,9,0.0455516014234875,0.00925266903914591,0.125541125541126,0.55,0.4804969456131,conservative,indicator
36,DTLZ2,20,5,10,0.0768683274021352,0.0455516014234875,0.121212121212121,0.55,0.489935850775367,conservative,indicator
36,DTLZ2,20,5,11,0.0697508896797153,0.0768683274021352,0.121212121212121,0.55,0.495018703557287,conservative,indicator
36,DTLZ2,20,5,12,0.0818505338078292,0.0697508896797153,0.121212121212121,0.55,0.490443922997472,conservative,indicator
36,DTLZ2,20,5,13,0.113879003558719,0.0818505338078292,0.12987012987013,0.55,0.492303753841827,conservative,indicator
36,DTLZ2,20,5,14,0.0697508896797153,0.113879003558719,0.142857142857143,0.55,0.485242527989482,conservative,indicator
36,DTLZ2,20,5,15,0.106049822064057,0.0697508896797153,0.12987012987013,0.55,0.496739298364075,conservative,indicator
36,DTLZ2,20,5,16,0.0612099644128114,0.106049822064057,0.116883116883117,0.55,0.480016546970147,conservative,indicator
36,DTLZ2,20,5,17,0.098220640569395,0.0612099644128114,0.121212121212121,0.55,0.47509040390777,conservative,indicator
36,DTLZ2,20,5,18,0.0483985765124555,0.098220640569395,0.116883116883117,0.55,0.487476647147338,conservative,indicator
36,DTLZ2,20,5,19,0.0185053380782918,0.0483985765124555,0.12987012987013,0.55,0.481219531994897,conservative,indicator
36,DTLZ2,20,5,20,0.0711743772241993,0.0185053380782918,0.125541125541126,0.55,0.485357138985917,conservative,indicator
36,DTLZ2,20,5,21,0.0313167259786477,0.0711743772241993,0.125541125541126,0.55,0.493281231952695,conservative,indicator
36,DTLZ2,20,5,22,0.0832740213523132,0.0313167259786477,0.121212121212121,0.55,0.498370191858459,conservative,indicator
36,DTLZ2,20,5,23,0.0854092526690391,0.0832740213523132,0.116883116883117,0.55,0.501215522582097,conservative,indicator
36,DTLZ2,20,5,24,0.0498220640569395,0.0854092526690391,0.112554112554113,0.55,0.492013651602042,conservative,indicator
36,DTLZ2,20,5,25,0.0626334519572954,0.0498220640569395,0.112554112554113,0.55,0.494566551745458,conservative,indicator
36,DTLZ2,20,5,26,0.0476868327402135,0.0626334519572954,0.112554112554113,0.55,0.492530674433564,conservative,indicator
36,DTLZ2,20,5,27,0.0754448398576512,0.0476868327402135,0.112554112554113,0.55,0.492213035965297,conservative,indicator
36,DTLZ2,20,5,28,0.0782918149466192,0.0754448398576512,0.112554112554113,0.55,0.493808663548135,conservative,indicator
36,DTLZ2,20,5,29,0.0825622775800712,0.0782918149466192,0.112554112554113,0.55,0.502098789994,conservative,indicator
36,DTLZ2,20,5,30,0.0419928825622776,0.0825622775800712,0.112554112554113,0.55,0.500239300855119,conservative,indicator
36,DTLZ2,20,5,31,0.0839857651245552,0.0419928825622776,0.112554112554113,0.55,0.49808932291891,conservative,indicator
36,DTLZ2,20,5,32,0.0491103202846975,0.0839857651245552,0.112554112554113,0.55,0.496796899934699,conservative,indicator
36,DTLZ2,20,5,33,0.0163701067615658,0.0491103202846975,0.108225108225108,0.55,0.495640600756526,conservative,indicator
36,DTLZ2,20,5,34,0.0120996441281139,0.0163701067615658,0.112554112554113,0.55,0.4885246078703,conservative,indicator
37,DTLZ2,20,6,1,0.0133333333333333,1,0.0822510822510823,0.55,0.566197872033497,curriculum,indicator
37,DTLZ2,20,6,2,0.0249110320284698,0.0133333333333333,0.0995670995670996,0.55,0.529030503668353,conservative,indicator
37,DTLZ2,20,6,3,0.00355871886120996,0.0249110320284698,0.0952380952380952,0.6,0.526004470441871,conservative,indicator
37,DTLZ2,20,6,4,0.0341637010676157,0.00355871886120996,0.0909090909090909,0.65,0.527489414958033,conservative,indicator
37,DTLZ2,20,6,5,0.0234875444839858,0.0341637010676157,0.0995670995670996,0.6,0.538954310969675,conservative,indicator
37,DTLZ2,20,6,6,0.0540925266903915,0.0234875444839858,0.0952380952380952,0.6,0.544034205238926,conservative,indicator
37,DTLZ2,20,6,7,0.0882562277580071,0.0540925266903915,0.0952380952380952,0.6,0.533511065167047,conservative,indicator
37,DTLZ2,20,6,8,0.096797153024911,0.0882562277580071,0.103896103896104,0.55,0.526056638843436,conservative,indicator
37,DTLZ2,20,6,9,0.0213523131672598,0.096797153024911,0.0995670995670996,0.55,0.533857862700979,conservative,indicator
37,DTLZ2,20,6,10,0.0106761565836299,0.0213523131672598,0.0995670995670996,0.55,0.51846062704046,conservative,indicator
37,DTLZ2,20,6,11,0.0106761565836299,0.0106761565836299,0.0952380952380952,0.55,0.510009520447316,conservative,indicator
37,DTLZ2,20,6,12,0.00427046263345196,0.0106761565836299,0.0952380952380952,0.55,0.51064799601513,conservative,indicator
37,DTLZ2,20,6,13,0.0277580071174377,0.00427046263345196,0.0909090909090909,0.55,0.508987626502439,conservative,indicator
37,DTLZ2,20,6,14,0.0313167259786477,0.0277580071174377,0.0909090909090909,0.55,0.497398592665348,conservative,indicator
37,DTLZ2,20,6,15,0.0427046263345196,0.0313167259786477,0.0995670995670996,0.55,0.502694654663203,conservative,indicator
37,DTLZ2,20,6,16,0.0263345195729537,0.0427046263345196,0.0952380952380952,0.55,0.500193269353732,conservative,indicator
37,DTLZ2,20,6,17,0.0533807829181495,0.0263345195729537,0.0865800865800866,0.55,0.497851363852499,conservative,indicator
37,DTLZ2,20,6,18,0.0234875444839858,0.0533807829181495,0.0952380952380952,0.55,0.505684490643808,conservative,indicator
37,DTLZ2,20,6,19,0.0206405693950178,0.0234875444839858,0.103896103896104,0.55,0.48192474384183,conservative,indicator
37,DTLZ2,20,6,20,0.0405693950177936,0.0206405693950178,0.103896103896104,0.55,0.479377240570854,conservative,indicator
37,DTLZ2,20,6,21,0.0362989323843416,0.0405693950177936,0.103896103896104,0.55,0.487300117940442,conservative,indicator
37,DTLZ2,20,6,22,0.0690391459074733,0.0362989323843416,0.103896103896104,0.55,0.487437448641503,conservative,indicator
37,DTLZ2,20,6,23,0.0861209964412811,0.0690391459074733,0.0865800865800866,0.55,0.492990573231975,conservative,indicator
37,DTLZ2,20,6,24,0.0341637010676157,0.0861209964412811,0.0865800865800866,0.55,0.475989150882016,conservative,indicator
37,DTLZ2,20,6,25,0.0298932384341637,0.0341637010676157,0.0865800865800866,0.55,0.495030853398222,conservative,indicator
37,DTLZ2,20,6,26,0.112455516014235,0.0298932384341637,0.112554112554113,0.5,0.496669657865508,conservative,indicator
37,DTLZ2,20,6,27,0.0654804270462633,0.112455516014235,0.108225108225108,0.55,0.496184338125676,conservative,indicator
37,DTLZ2,20,6,28,0.0932384341637011,0.0654804270462633,0.116883116883117,0.55,0.497103976526486,conservative,indicator
37,DTLZ2,20,6,29,0.0697508896797153,0.0932384341637011,0.116883116883117,0.5,0.496061224546175,conservative,indicator
37,DTLZ2,20,6,30,0.0540925266903915,0.0697508896797153,0.116883116883117,0.55,0.498065388962843,conservative,indicator
37,DTLZ2,20,6,31,0.0448398576512456,0.0540925266903915,0.108225108225108,0.5,0.497678208798436,conservative,indicator
37,DTLZ2,20,6,32,0.0911032028469751,0.0448398576512456,0.108225108225108,0.5,0.491962299646731,conservative,indicator
37,DTLZ2,20,6,33,0.0377224199288256,0.0911032028469751,0.108225108225108,0.5,0.492048858381704,conservative,indicator
37,DTLZ2,20,6,34,0.0469750889679715,0.0377224199288256,0.103896103896104,0.5,0.49206181375746,conservative,indicator
38,DTLZ2,20,7,1,0.0133333333333333,1,0.103896103896104,0.5,0.55302140832115,curriculum,indicator
38,DTLZ2,20,7,2,0.0249110320284698,0.0133333333333333,0.116883116883117,0.5,0.539192450913698,conservative,indicator
38,DTLZ2,20,7,3,0.0128113879003559,0.0249110320284698,0.116883116883117,0.5,0.502079061230406,conservative,indicator
38,DTLZ2,20,7,4,0.0106761565836299,0.0128113879003559,0.112554112554113,0.55,0.498760454062286,conservative,indicator
38,DTLZ2,20,7,5,0.0270462633451957,0.0106761565836299,0.103896103896104,0.55,0.502351331150898,conservative,indicator
38,DTLZ2,20,7,6,0.0370106761565836,0.0270462633451957,0.108225108225108,0.55,0.491894463615573,conservative,indicator
38,DTLZ2,20,7,7,0.0740213523131673,0.0370106761565836,0.112554112554113,0.55,0.505237990671106,conservative,indicator
38,DTLZ2,20,7,8,0.0654804270462633,0.0740213523131673,0.121212121212121,0.5,0.491393563466812,conservative,indicator
38,DTLZ2,20,7,9,0.0419928825622776,0.0654804270462633,0.134199134199134,0.5,0.481195417853782,conservative,indicator
38,DTLZ2,20,7,10,0.124555160142349,0.0419928825622776,0.138528138528139,0.5,0.487477276354277,conservative,indicator
38,DTLZ2,20,7,11,0.123843416370107,0.124555160142349,0.138528138528139,0.5,0.490380177746932,conservative,indicator
38,DTLZ2,20,7,12,0.0562277580071174,0.123843416370107,0.138528138528139,0.5,0.487898547141831,conservative,indicator
38,DTLZ2,20,7,13,0.0548042704626335,0.0562277580071174,0.142857142857143,0.5,0.505789746406306,conservative,indicator
38,DTLZ2,20,7,14,0.0690391459074733,0.0548042704626335,0.142857142857143,0.5,0.505729901004301,conservative,indicator
38,DTLZ2,20,7,15,0.0569395017793594,0.0690391459074733,0.138528138528139,0.5,0.500454202630827,conservative,indicator
38,DTLZ2,20,7,16,0.0377224199288256,0.0569395017793594,0.142857142857143,0.5,0.504879374586668,conservative,indicator
38,DTLZ2,20,7,17,0.285409252669039,0.0377224199288256,0.125541125541126,0.5,0.486230341009945,conservative,indicator
38,DTLZ2,20,7,18,0.0932384341637011,0.285409252669039,0.121212121212121,0.5,0.482550109834139,conservative,indicator
38,DTLZ2,20,7,19,0.0619217081850534,0.0932384341637011,0.12987012987013,0.5,0.477097484589107,conservative,indicator
38,DTLZ2,20,7,20,0.0633451957295374,0.0619217081850534,0.121212121212121,0.5,0.491742290184101,conservative,indicator
38,DTLZ2,20,7,21,0.0263345195729537,0.0633451957295374,0.116883116883117,0.55,0.497785993983229,conservative,indicator
38,DTLZ2,20,7,22,0.0540925266903915,0.0263345195729537,0.121212121212121,0.55,0.488155135769648,conservative,indicator
38,DTLZ2,20,7,23,0.0206405693950178,0.0540925266903915,0.125541125541126,0.55,0.498253435709541,conservative,indicator
38,DTLZ2,20,7,24,0.0213523131672598,0.0206405693950178,0.12987012987013,0.55,0.496698370287248,conservative,indicator
38,DTLZ2,20,7,25,0.00854092526690392,0.0213523131672598,0.134199134199134,0.55,0.493142579063345,conservative,indicator
38,DTLZ2,20,7,26,0.00711743772241993,0.00854092526690392,0.134199134199134,0.55,0.490017994155406,conservative,indicator
38,DTLZ2,20,7,27,0.0249110320284698,0.00711743772241993,0.12987012987013,0.55,0.487829674117873,conservative,indicator
38,DTLZ2,20,7,28,0.00640569395017794,0.0249110320284698,0.134199134199134,0.55,0.492429395048654,conservative,indicator
38,DTLZ2,20,7,29,0.0270462633451957,0.00640569395017794,0.134199134199134,0.55,0.481649752003777,conservative,indicator
38,DTLZ2,20,7,30,0.0327402135231317,0.0270462633451957,0.12987012987013,0.55,0.472858960824966,conservative,indicator
38,DTLZ2,20,7,31,0.0320284697508897,0.0327402135231317,0.125541125541126,0.55,0.48546202379419,conservative,indicator
38,DTLZ2,20,7,32,0.0918149466192171,0.0320284697508897,0.125541125541126,0.5,0.489561926446402,conservative,indicator
38,DTLZ2,20,7,33,0.0227758007117438,0.0918149466192171,0.151515151515152,0.55,0.487763390536802,conservative,indicator
38,DTLZ2,20,7,34,0.0313167259786477,0.0227758007117438,0.142857142857143,0.55,0.488375403290445,conservative,indicator
39,DTLZ2,20,8,1,0.0188888888888889,1,0.108225108225108,0.55,0.551577811567324,curriculum,indicator
39,DTLZ2,20,8,2,0.0135231316725979,0.0188888888888889,0.116883116883117,0.55,0.542732321959371,conservative,indicator
39,DTLZ2,20,8,3,0.0177935943060498,0.0135231316725979,0.12987012987013,0.55,0.539099449007665,conservative,indicator
39,DTLZ2,20,8,4,0.0327402135231317,0.0177935943060498,0.121212121212121,0.55,0.545805759850975,conservative,indicator
39,DTLZ2,20,8,5,0.0284697508896797,0.0327402135231317,0.125541125541126,0.55,0.541731718371504,conservative,indicator
39,DTLZ2,20,8,6,0.0106761565836299,0.0284697508896797,0.12987012987013,0.55,0.520067499860708,conservative,indicator
39,DTLZ2,20,8,7,0.0185053380782918,0.0106761565836299,0.134199134199134,0.55,0.507130883326746,conservative,indicator
39,DTLZ2,20,8,8,0.0206405693950178,0.0185053380782918,0.12987012987013,0.55,0.535005920339055,conservative,indicator
39,DTLZ2,20,8,9,0.0199288256227758,0.0206405693950178,0.12987012987013,0.55,0.517455513340893,conservative,indicator
39,DTLZ2,20,8,10,0.0512455516014235,0.0199288256227758,0.138528138528139,0.55,0.517838005381252,conservative,indicator
39,DTLZ2,20,8,11,0.0583629893238434,0.0512455516014235,0.138528138528139,0.55,0.506977541098029,conservative,indicator
39,DTLZ2,20,8,12,0.230604982206406,0.0583629893238434,0.142857142857143,0.55,0.509922182524996,conservative,indicator
39,DTLZ2,20,8,13,0.0419928825622776,0.230604982206406,0.147186147186147,0.55,0.501537395225732,conservative,indicator
39,DTLZ2,20,8,14,0.0256227758007117,0.0419928825622776,0.155844155844156,0.5,0.489107908608046,conservative,indicator
39,DTLZ2,20,8,15,0.0384341637010676,0.0256227758007117,0.155844155844156,0.5,0.509135583860848,conservative,indicator
39,DTLZ2,20,8,16,0.0306049822064057,0.0384341637010676,0.151515151515152,0.5,0.496806968113157,conservative,indicator
39,DTLZ2,20,8,17,0.0192170818505338,0.0306049822064057,0.155844155844156,0.5,0.489598463436394,conservative,indicator
39,DTLZ2,20,8,18,0.0747330960854092,0.0192170818505338,0.147186147186147,0.5,0.489897128718058,conservative,indicator
39,DTLZ2,20,8,19,0.0206405693950178,0.0747330960854092,0.147186147186147,0.5,0.481816407792005,conservative,indicator
39,DTLZ2,20,8,20,0.143772241992883,0.0206405693950178,0.155844155844156,0.5,0.482274145584085,conservative,indicator
39,DTLZ2,20,8,21,0.248398576512456,0.143772241992883,0.142857142857143,0.5,0.541839030782325,conservative,indicator
39,DTLZ2,20,8,22,0.00569395017793594,0.248398576512456,0.142857142857143,0.5,0.478239462485137,conservative,indicator
39,DTLZ2,20,8,23,0.0654804270462633,0.00569395017793594,0.134199134199134,0.5,0.527821723551167,conservative,indicator
39,DTLZ2,20,8,24,0.00640569395017794,0.0654804270462633,0.134199134199134,0.5,0.485187090368173,conservative,indicator
39,DTLZ2,20,8,25,0.0220640569395018,0.00640569395017794,0.116883116883117,0.5,0.489777530759049,conservative,indicator
39,DTLZ2,20,8,26,0.0277580071174377,0.0220640569395018,0.112554112554113,0.5,0.49019041113701,conservative,indicator
39,DTLZ2,20,8,27,0.0128113879003559,0.0277580071174377,0.121212121212121,0.5,0.491225925793019,conservative,indicator
39,DTLZ2,20,8,28,0.0711743772241993,0.0128113879003559,0.116883116883117,0.55,0.492736616645491,conservative,indicator
39,DTLZ2,20,8,29,0.0348754448398577,0.0711743772241993,0.134199134199134,0.55,0.485961584669991,conservative,indicator
39,DTLZ2,20,8,30,0.0370106761565836,0.0348754448398577,0.125541125541126,0.55,0.487162950576288,conservative,indicator
39,DTLZ2,20,8,31,0.0583629893238434,0.0370106761565836,0.125541125541126,0.55,0.480590274165783,conservative,indicator
39,DTLZ2,20,8,32,0.0398576512455516,0.0583629893238434,0.125541125541126,0.55,0.48769791350168,conservative,indicator
39,DTLZ2,20,8,33,0.0576512455516014,0.0398576512455516,0.12987012987013,0.55,0.487612118418063,conservative,indicator
39,DTLZ2,20,8,34,0.0469750889679715,0.0576512455516014,0.12987012987013,0.55,0.485373672655724,conservative,indicator
40,DTLZ2,20,9,1,0.0355555555555556,1,0.0995670995670996,0.5,0.560428660196807,curriculum,indicator
40,DTLZ2,20,9,2,0.0120996441281139,0.0355555555555556,0.103896103896104,0.5,0.552727205808417,weighted,indicator
40,DTLZ2,20,9,3,0.0348754448398577,0.0120996441281139,0.103896103896104,0.5,0.560468226346509,weighted,indicator
40,DTLZ2,20,9,4,0.0249110320284698,0.0348754448398577,0.0995670995670996,0.5,0.562217106671894,weighted,indicator
40,DTLZ2,20,9,5,0.0256227758007117,0.0249110320284698,0.103896103896104,0.5,0.550088990626948,weighted,indicator
40,DTLZ2,20,9,6,0.0220640569395018,0.0256227758007117,0.116883116883117,0.5,0.56102548301073,weighted,indicator
40,DTLZ2,20,9,7,0.0526690391459075,0.0220640569395018,0.125541125541126,0.5,0.547061628850255,conservative,indicator
40,DTLZ2,20,9,8,0.0327402135231317,0.0526690391459075,0.121212121212121,0.5,0.540415516863779,conservative,indicator
40,DTLZ2,20,9,9,0.0555160142348754,0.0327402135231317,0.138528138528139,0.5,0.523569891030197,conservative,indicator
40,DTLZ2,20,9,10,0.0505338078291815,0.0555160142348754,0.138528138528139,0.55,0.517144675232812,conservative,indicator
40,DTLZ2,20,9,11,0.0555160142348754,0.0505338078291815,0.134199134199134,0.5,0.517425186128964,conservative,indicator
40,DTLZ2,20,9,12,0.0839857651245552,0.0555160142348754,0.121212121212121,0.5,0.500524575243167,conservative,indicator
40,DTLZ2,20,9,13,0.0797153024911032,0.0839857651245552,0.147186147186147,0.5,0.505255326518067,conservative,indicator
40,DTLZ2,20,9,14,0.0683274021352313,0.0797153024911032,0.142857142857143,0.45,0.496666283617895,conservative,explore
40,DTLZ2,20,9,15,0.0590747330960854,0.0683274021352313,0.142857142857143,0.5,0.514918668232238,conservative,indicator
40,DTLZ2,20,9,16,0.0740213523131673,0.0590747330960854,0.134199134199134,0.5,0.51373445517074,conservative,indicator
40,DTLZ2,20,9,17,0.119572953736655,0.0740213523131673,0.134199134199134,0.5,0.499705541468357,conservative,indicator
40,DTLZ2,20,9,18,0.116014234875445,0.119572953736655,0.147186147186147,0.5,0.511878531117487,conservative,indicator
40,DTLZ2,20,9,19,0.108896797153025,0.116014234875445,0.147186147186147,0.5,0.52077491475194,conservative,indicator
40,DTLZ2,20,9,20,0.140213523131673,0.108896797153025,0.142857142857143,0.5,0.504004422934675,conservative,indicator
40,DTLZ2,20,9,21,0.0761565836298932,0.140213523131673,0.138528138528139,0.5,0.515614551916006,conservative,indicator
40,DTLZ2,20,9,22,0.0377224199288256,0.0761565836298932,0.12987012987013,0.5,0.49812082722145,conservative,indicator
40,DTLZ2,20,9,23,0.098220640569395,0.0377224199288256,0.12987012987013,0.5,0.501454616196701,conservative,indicator
40,DTLZ2,20,9,24,0.100355871886121,0.098220640569395,0.138528138528139,0.5,0.507483521072879,conservative,indicator
40,DTLZ2,20,9,25,0.16797153024911,0.100355871886121,0.134199134199134,0.5,0.503657281093941,conservative,indicator
40,DTLZ2,20,9,26,0.0711743772241993,0.16797153024911,0.116883116883117,0.5,0.493515921063298,conservative,indicator
40,DTLZ2,20,9,27,0.146619217081851,0.0711743772241993,0.121212121212121,0.55,0.507838679826516,conservative,indicator
40,DTLZ2,20,9,28,0.125978647686833,0.146619217081851,0.125541125541126,0.55,0.510275466677123,conservative,indicator
40,DTLZ2,20,9,29,0.094661921708185,0.125978647686833,0.12987012987013,0.55,0.510296189807957,conservative,indicator
40,DTLZ2,20,9,30,0.0782918149466192,0.094661921708185,0.134199134199134,0.55,0.509622391851847,conservative,indicator
40,DTLZ2,20,9,31,0.0725978647686833,0.0782918149466192,0.134199134199134,0.55,0.505410306807359,conservative,indicator
40,DTLZ2,20,9,32,0.0583629893238434,0.0725978647686833,0.12987012987013,0.55,0.511601020497265,conservative,indicator
40,DTLZ2,20,9,33,0.118861209964413,0.0583629893238434,0.12987012987013,0.55,0.513612240436487,conservative,indicator
40,DTLZ2,20,9,34,0.0548042704626335,0.118861209964413,0.138528138528139,0.5,0.505553038258103,conservative,indicator
41,DTLZ4,10,1,1,0.0233333333333333,1,0.0734265734265734,0.2,0.577159660504256,curriculum,explore
41,DTLZ4,10,1,2,0.00782918149466192,0.0233333333333333,0.0804195804195804,0.2,0.562615284986299,weighted,explore
41,DTLZ4,10,1,3,0.0135231316725979,0.00782918149466192,0.0769230769230769,0.2,0.556521166106706,weighted,explore
41,DTLZ4,10,1,4,0.0099644128113879,0.0135231316725979,0.0769230769230769,0.3,0.536587393183622,conservative,explore
41,DTLZ4,10,1,5,0.00640569395017794,0.0099644128113879,0.0839160839160839,0.3,0.521512630739009,conservative,explore
41,DTLZ4,10,1,6,0.00925266903914591,0.00640569395017794,0.0839160839160839,0.3,0.508265348045428,conservative,explore
41,DTLZ4,10,1,7,0.00711743772241993,0.00925266903914591,0.0944055944055944,0.3,0.489592421281239,conservative,explore
41,DTLZ4,10,1,8,0.0213523131672598,0.00711743772241993,0.101398601398601,0.3,0.461988383617961,conservative,explore
41,DTLZ4,10,1,9,0.0135231316725979,0.0213523131672598,0.108391608391608,0.3,0.591883477381742,weighted,explore
41,DTLZ4,10,1,10,0.0192170818505338,0.0135231316725979,0.108391608391608,0.3,0.583077336140283,weighted,explore
41,DTLZ4,10,1,11,0.0249110320284698,0.0192170818505338,0.108391608391608,0.4,0.583169087662734,weighted,explore
41,DTLZ4,10,1,12,0.0128113879003559,0.0249110320284698,0.111888111888112,0.4,0.578325805607866,weighted,explore
41,DTLZ4,10,1,13,0.00569395017793594,0.0128113879003559,0.115384615384615,0.4,0.571989845227658,weighted,explore
41,DTLZ4,10,1,14,0.00854092526690392,0.00569395017793594,0.118881118881119,0.4,0.568303386508577,weighted,explore
41,DTLZ4,10,1,15,0.0384341637010676,0.00854092526690392,0.118881118881119,0.4,0.571767951300303,weighted,explore
41,DTLZ4,10,1,16,0.0106761565836299,0.0384341637010676,0.122377622377622,0.4,0.567129351740773,weighted,explore
41,DTLZ4,10,1,17,0.0220640569395018,0.0106761565836299,0.129370629370629,0.4,0.553887644262794,weighted,explore
41,DTLZ4,10,1,18,0.0185053380782918,0.0220640569395018,0.125874125874126,0.4,0.565642838781485,weighted,explore
41,DTLZ4,10,1,19,0.0448398576512456,0.0185053380782918,0.129370629370629,0.4,0.57208991502961,weighted,explore
41,DTLZ4,10,1,20,0.0548042704626335,0.0448398576512456,0.132867132867133,0.4,0.575505667793886,weighted,explore
41,DTLZ4,10,1,21,0.185053380782918,0.0548042704626335,0.132867132867133,0.4,0.581862289686116,weighted,explore
41,DTLZ4,10,1,22,0.0234875444839858,0.185053380782918,0.132867132867133,0.3,0.48157455295651,conservative,explore
41,DTLZ4,10,1,23,0.0377224199288256,0.0234875444839858,0.136363636363636,0.3,0.572267505731594,weighted,explore
41,DTLZ4,10,1,24,0.159430604982206,0.0377224199288256,0.136363636363636,0.3,0.571592344261373,weighted,explore
41,DTLZ4,10,1,25,0.0597864768683274,0.159430604982206,0.136363636363636,0.3,0.576130193382112,weighted,explore
41,DTLZ4,10,1,26,0.127402135231317,0.0597864768683274,0.13986013986014,0.3,0.574051646260834,weighted,explore
41,DTLZ4,10,1,27,0.0569395017793594,0.127402135231317,0.13986013986014,0.3,0.574145352456761,weighted,explore
41,DTLZ4,10,1,28,0.0626334519572954,0.0569395017793594,0.143356643356643,0.3,0.56652049038965,weighted,explore
41,DTLZ4,10,1,29,0.0448398576512456,0.0626334519572954,0.13986013986014,0.3,0.588576403640038,weighted,explore
41,DTLZ4,10,1,30,0.0576512455516014,0.0448398576512456,0.136363636363636,0.3,0.586330454930761,weighted,explore
41,DTLZ4,10,1,31,0.0106761565836299,0.0576512455516014,0.136363636363636,0.3,0.449551617900246,conservative,explore
41,DTLZ4,10,1,32,0.0213523131672598,0.0106761565836299,0.136363636363636,0.3,0.44968996098761,conservative,explore
41,DTLZ4,10,1,33,0.0284697508896797,0.0213523131672598,0.13986013986014,0.3,0.457998831597259,conservative,explore
41,DTLZ4,10,1,34,0.0170818505338078,0.0284697508896797,0.13986013986014,0.3,0.466194060825299,conservative,explore
42,DTLZ4,10,10,1,0.01,1,0.0699300699300699,0.1,0.55564787755288,curriculum,explore
42,DTLZ4,10,10,2,0.0270462633451957,0.01,0.0699300699300699,0.1,0.556724390691864,weighted,explore
42,DTLZ4,10,10,3,0.00640569395017794,0.0270462633451957,0.0804195804195804,0.2,0.559463881518311,weighted,explore
42,DTLZ4,10,10,4,0.0149466192170819,0.00640569395017794,0.0839160839160839,0.2,0.545169091322262,conservative,explore
42,DTLZ4,10,10,5,0.0220640569395018,0.0149466192170819,0.0839160839160839,0.2,0.521655715190503,conservative,explore
42,DTLZ4,10,10,6,0.0206405693950178,0.0220640569395018,0.0909090909090909,0.3,0.492969700889128,conservative,explore
42,DTLZ4,10,10,7,0.0113879003558719,0.0206405693950178,0.0874125874125874,0.3,0.488116894092697,conservative,explore
42,DTLZ4,10,10,8,0.0120996441281139,0.0113879003558719,0.0909090909090909,0.3,0.465735376423973,conservative,explore
42,DTLZ4,10,10,9,0.0113879003558719,0.0120996441281139,0.0909090909090909,0.3,0.461910863209864,conservative,explore
42,DTLZ4,10,10,10,0.0505338078291815,0.0113879003558719,0.0944055944055944,0.3,0.440371064333267,conservative,explore
42,DTLZ4,10,10,11,0.0427046263345196,0.0505338078291815,0.0979020979020979,0.3,0.42677504050373,conservative,explore
42,DTLZ4,10,10,12,0.0249110320284698,0.0427046263345196,0.101398601398601,0.3,0.410148442987197,conservative,explore
42,DTLZ4,10,10,13,0.0519572953736655,0.0249110320284698,0.104895104895105,0.3,0.414905956248078,conservative,explore
42,DTLZ4,10,10,14,0.0683274021352313,0.0519572953736655,0.108391608391608,0.3,0.430061294362055,conservative,explore
42,DTLZ4,10,10,15,0.0220640569395018,0.0683274021352313,0.111888111888112,0.3,0.413786902887818,conservative,explore
42,DTLZ4,10,10,16,0.0355871886120996,0.0220640569395018,0.115384615384615,0.3,0.449026317707883,conservative,explore
42,DTLZ4,10,10,17,0.0270462633451957,0.0355871886120996,0.118881118881119,0.3,0.419044388892237,conservative,explore
42,DTLZ4,10,10,18,0.0555160142348754,0.0270462633451957,0.122377622377622,0.3,0.476783522277398,conservative,explore
42,DTLZ4,10,10,19,0.0861209964412811,0.0555160142348754,0.122377622377622,0.3,0.565312386530435,weighted,explore
42,DTLZ4,10,10,20,0.0455516014234875,0.0861209964412811,0.129370629370629,0.3,0.442438158314907,conservative,explore
42,DTLZ4,10,10,21,0.0448398576512456,0.0455516014234875,0.129370629370629,0.3,0.587873410946851,weighted,explore
42,DTLZ4,10,10,22,0.0142348754448399,0.0448398576512456,0.143356643356643,0.3,0.575374256557983,weighted,explore
42,DTLZ4,10,10,23,0.00640569395017794,0.0142348754448399,0.143356643356643,0.3,0.574831900600725,weighted,explore
42,DTLZ4,10,10,24,0.0320284697508897,0.00640569395017794,0.146853146853147,0.3,0.586107573551516,weighted,explore
42,DTLZ4,10,10,25,0.17508896797153,0.0320284697508897,0.143356643356643,0.3,0.585046763666815,weighted,explore
42,DTLZ4,10,10,26,0.0291814946619217,0.17508896797153,0.143356643356643,0.3,0.583287542014823,weighted,explore
42,DTLZ4,10,10,27,0.0540925266903915,0.0291814946619217,0.146853146853147,0.3,0.587640040600466,weighted,explore
42,DTLZ4,10,10,28,0.0156583629893238,0.0540925266903915,0.146853146853147,0.3,0.588430518259126,weighted,explore
42,DTLZ4,10,10,29,0.0327402135231317,0.0156583629893238,0.146853146853147,0.3,0.429618405249729,conservative,explore
42,DTLZ4,10,10,30,0.0512455516014235,0.0327402135231317,0.13986013986014,0.3,0.428116233545535,conservative,explore
42,DTLZ4,10,10,31,0.0483985765124555,0.0512455516014235,0.143356643356643,0.3,0.497252930530279,conservative,explore
42,DTLZ4,10,10,32,0.0306049822064057,0.0483985765124555,0.143356643356643,0.3,0.439781371849385,conservative,explore
42,DTLZ4,10,10,33,0.0604982206405694,0.0306049822064057,0.143356643356643,0.3,0.569815526184578,weighted,explore
42,DTLZ4,10,10,34,0.117437722419929,0.0604982206405694,0.143356643356643,0.3,0.445023938539358,conservative,explore
43,DTLZ4,10,2,1,0.0155555555555556,1,0.0664335664335664,0.2,0.568175577160215,curriculum,explore
43,DTLZ4,10,2,2,0.0199288256227758,0.0155555555555556,0.0699300699300699,0.2,0.565446309971486,weighted,explore
43,DTLZ4,10,2,3,0.0113879003558719,0.0199288256227758,0.0734265734265734,0.2,0.563410554519499,weighted,explore
43,DTLZ4,10,2,4,0.0384341637010676,0.0113879003558719,0.0734265734265734,0.2,0.556253299931664,weighted,explore
43,DTLZ4,10,2,5,0.0284697508896797,0.0384341637010676,0.0734265734265734,0.2,0.545862771777592,conservative,explore
43,DTLZ4,10,2,6,0.0355871886120996,0.0284697508896797,0.0734265734265734,0.2,0.540380363107391,conservative,explore
43,DTLZ4,10,2,7,0.0277580071174377,0.0355871886120996,0.0769230769230769,0.2,0.538902593729226,conservative,explore
43,DTLZ4,10,2,8,0.0113879003558719,0.0277580071174377,0.0804195804195804,0.3,0.517150981576529,conservative,explore
43,DTLZ4,10,2,9,0.0120996441281139,0.0113879003558719,0.0804195804195804,0.3,0.512123765259733,conservative,explore
43,DTLZ4,10,2,10,0.00640569395017794,0.0120996441281139,0.0874125874125874,0.3,0.502070669660728,conservative,explore
43,DTLZ4,10,2,11,0.128825622775801,0.00640569395017794,0.0874125874125874,0.3,0.50022961504444,conservative,explore
43,DTLZ4,10,2,12,0.0676156583629893,0.128825622775801,0.0909090909090909,0.3,0.49159347254627,conservative,explore
43,DTLZ4,10,2,13,0.0277580071174377,0.0676156583629893,0.0944055944055944,0.3,0.482054617458921,conservative,explore
43,DTLZ4,10,2,14,0.0270462633451957,0.0277580071174377,0.0979020979020979,0.3,0.461534509130121,conservative,explore
43,DTLZ4,10,2,15,0.0405693950177936,0.0270462633451957,0.101398601398601,0.3,0.440524865777123,conservative,explore
43,DTLZ4,10,2,16,0.0391459074733096,0.0405693950177936,0.104895104895105,0.3,0.421050535650249,conservative,explore
43,DTLZ4,10,2,17,0.0256227758007117,0.0391459074733096,0.104895104895105,0.3,0.414192025366175,conservative,explore
43,DTLZ4,10,2,18,0.0427046263345196,0.0256227758007117,0.104895104895105,0.3,0.437108609271251,conservative,explore
43,DTLZ4,10,2,19,0.0462633451957295,0.0427046263345196,0.104895104895105,0.3,0.428297601421431,conservative,explore
43,DTLZ4,10,2,20,0.0277580071174377,0.0462633451957295,0.101398601398601,0.3,0.425961683060025,conservative,explore
43,DTLZ4,10,2,21,0.0419928825622776,0.0277580071174377,0.104895104895105,0.3,0.417656322532198,conservative,explore
43,DTLZ4,10,2,22,0.0227758007117438,0.0419928825622776,0.104895104895105,0.3,0.412675364368046,conservative,explore
43,DTLZ4,10,2,23,0.0540925266903915,0.0227758007117438,0.104895104895105,0.3,0.466512729819641,conservative,explore
43,DTLZ4,10,2,24,0.0747330960854092,0.0540925266903915,0.104895104895105,0.3,0.460092487122508,conservative,explore
43,DTLZ4,10,2,25,0.0334519572953737,0.0747330960854092,0.104895104895105,0.3,0.45614600811768,conservative,explore
43,DTLZ4,10,2,26,0.200711743772242,0.0334519572953737,0.104895104895105,0.3,0.455478416980122,conservative,explore
43,DTLZ4,10,2,27,0.0270462633451957,0.200711743772242,0.0979020979020979,0.3,0.453531572494285,conservative,explore
43,DTLZ4,10,2,28,0.0142348754448399,0.0270462633451957,0.0979020979020979,0.3,0.452681605981636,conservative,explore
43,DTLZ4,10,2,29,0.0163701067615658,0.0142348754448399,0.0979020979020979,0.3,0.454499568449555,conservative,explore
43,DTLZ4,10,2,30,0.0569395017793594,0.0163701067615658,0.101398601398601,0.3,0.464334797900517,conservative,explore
43,DTLZ4,10,2,31,0.0284697508896797,0.0569395017793594,0.101398601398601,0.3,0.435339790635467,conservative,explore
43,DTLZ4,10,2,32,0.0348754448398577,0.0284697508896797,0.101398601398601,0.3,0.438777913600197,conservative,explore
43,DTLZ4,10,2,33,0.0711743772241993,0.0348754448398577,0.0979020979020979,0.3,0.416480292939981,conservative,explore
43,DTLZ4,10,2,34,0.0277580071174377,0.0711743772241993,0.0944055944055944,0.3,0.438021039704293,conservative,explore
44,DTLZ4,10,3,1,0.02,1,0.0699300699300699,0.2,0.548340633244032,curriculum,explore
44,DTLZ4,10,3,2,0.0163701067615658,0.02,0.0734265734265734,0.2,0.584807378742706,weighted,explore
44,DTLZ4,10,3,3,0.0249110320284698,0.0163701067615658,0.0804195804195804,0.2,0.559101805403367,weighted,explore
44,DTLZ4,10,3,4,0.0213523131672598,0.0249110320284698,0.0804195804195804,0.2,0.534807818103885,conservative,explore
44,DTLZ4,10,3,5,0.0291814946619217,0.0213523131672598,0.0839160839160839,0.3,0.515417148298884,conservative,explore
44,DTLZ4,10,3,6,0.00925266903914591,0.0291814946619217,0.0874125874125874,0.3,0.504365357285709,conservative,explore
44,DTLZ4,10,3,7,0.00498220640569395,0.00925266903914591,0.0909090909090909,0.3,0.479461426545308,conservative,explore
44,DTLZ4,10,3,8,0.0270462633451957,0.00498220640569395,0.0909090909090909,0.3,0.471490639147736,conservative,explore
44,DTLZ4,10,3,9,0.0398576512455516,0.0270462633451957,0.0944055944055944,0.3,0.456089420284298,conservative,explore
44,DTLZ4,10,3,10,0.0113879003558719,0.0398576512455516,0.0979020979020979,0.3,0.439972895106344,conservative,explore
44,DTLZ4,10,3,11,0.0192170818505338,0.0113879003558719,0.104895104895105,0.3,0.450017788973641,conservative,explore
44,DTLZ4,10,3,12,0.0206405693950178,0.0192170818505338,0.101398601398601,0.4,0.424160805552071,conservative,explore
44,DTLZ4,10,3,13,0.0377224199288256,0.0206405693950178,0.104895104895105,0.4,0.589260935253361,weighted,explore
44,DTLZ4,10,3,14,0.0213523131672598,0.0377224199288256,0.111888111888112,0.4,0.579128769555421,weighted,explore
44,DTLZ4,10,3,15,0.00925266903914591,0.0213523131672598,0.111888111888112,0.4,0.577949896561313,weighted,explore
44,DTLZ4,10,3,16,0.0291814946619217,0.00925266903914591,0.111888111888112,0.4,0.573721011954883,weighted,explore
44,DTLZ4,10,3,17,0.0199288256227758,0.0291814946619217,0.111888111888112,0.4,0.579114640074764,weighted,explore
44,DTLZ4,10,3,18,0.0249110320284698,0.0199288256227758,0.108391608391608,0.4,0.437012366649453,conservative,explore
44,DTLZ4,10,3,19,0.0249110320284698,0.0249110320284698,0.108391608391608,0.4,0.583051773122862,weighted,explore
44,DTLZ4,10,3,20,0.0327402135231317,0.0249110320284698,0.108391608391608,0.4,0.578037538052437,weighted,explore
44,DTLZ4,10,3,21,0.0491103202846975,0.0327402135231317,0.108391608391608,0.4,0.577630587466126,weighted,explore
44,DTLZ4,10,3,22,0.0341637010676157,0.0491103202846975,0.108391608391608,0.4,0.576456304765913,weighted,explore
44,DTLZ4,10,3,23,0.0491103202846975,0.0341637010676157,0.111888111888112,0.4,0.580762915738841,weighted,explore
44,DTLZ4,10,3,24,0.0711743772241993,0.0491103202846975,0.115384615384615,0.4,0.471837855123396,conservative,explore
44,DTLZ4,10,3,25,0.0355871886120996,0.0711743772241993,0.115384615384615,0.4,0.471997552469674,conservative,explore
44,DTLZ4,10,3,26,0.0604982206405694,0.0355871886120996,0.118881118881119,0.4,0.58056898202942,weighted,explore
44,DTLZ4,10,3,27,0.0889679715302491,0.0604982206405694,0.122377622377622,0.4,0.579564487956602,weighted,explore
44,DTLZ4,10,3,28,0.0640569395017794,0.0889679715302491,0.132867132867133,0.4,0.56735848481353,weighted,explore
44,DTLZ4,10,3,29,0.195017793594306,0.0640569395017794,0.136363636363636,0.4,0.563756980292449,weighted,explore
44,DTLZ4,10,3,30,0.0427046263345196,0.195017793594306,0.136363636363636,0.4,0.559191139688197,weighted,explore
44,DTLZ4,10,3,31,0.0768683274021352,0.0427046263345196,0.143356643356643,0.4,0.555497002373532,weighted,explore
44,DTLZ4,10,3,32,0.0733096085409253,0.0768683274021352,0.143356643356643,0.4,0.558245629932973,weighted,explore
44,DTLZ4,10,3,33,0.098220640569395,0.0733096085409253,0.143356643356643,0.4,0.556061505222153,weighted,explore
44,DTLZ4,10,3,34,0.0782918149466192,0.098220640569395,0.143356643356643,0.4,0.553840472340431,weighted,explore
45,DTLZ4,10,4,1,0.0144444444444444,1,0.0664335664335664,0.2,0.576020891440756,curriculum,explore
45,DTLZ4,10,4,2,0.00427046263345196,0.0144444444444444,0.0734265734265734,0.2,0.573654879157142,weighted,explore
45,DTLZ4,10,4,3,0.0106761565836299,0.00427046263345196,0.0839160839160839,0.2,0.571236880936933,weighted,explore
45,DTLZ4,10,4,4,0.0128113879003559,0.0106761565836299,0.0874125874125874,0.3,0.551914528573064,weighted,explore
45,DTLZ4,10,4,5,0.0199288256227758,0.0128113879003559,0.104895104895105,0.3,0.593734223892074,weighted,explore
45,DTLZ4,10,4,6,0.0099644128113879,0.0199288256227758,0.108391608391608,0.3,0.579704423426091,weighted,explore
45,DTLZ4,10,4,7,0.0113879003558719,0.0099644128113879,0.111888111888112,0.3,0.576831428173244,weighted,explore
45,DTLZ4,10,4,8,0.00782918149466192,0.0113879003558719,0.115384615384615,0.3,0.491266893354786,conservative,explore
45,DTLZ4,10,4,9,0.00355871886120996,0.00782918149466192,0.118881118881119,0.3,0.590465130950387,weighted,explore
45,DTLZ4,10,4,10,0.0120996441281139,0.00355871886120996,0.115384615384615,0.3,0.589385603360124,weighted,explore
45,DTLZ4,10,4,11,0.0120996441281139,0.0120996441281139,0.122377622377622,0.3,0.54576949143166,conservative,explore
45,DTLZ4,10,4,12,0.0249110320284698,0.0120996441281139,0.118881118881119,0.3,0.546733401976563,conservative,explore
45,DTLZ4,10,4,13,0.0170818505338078,0.0249110320284698,0.115384615384615,0.3,0.513618003202393,conservative,explore
45,DTLZ4,10,4,14,0.0099644128113879,0.0170818505338078,0.118881118881119,0.3,0.504872538355425,conservative,explore
45,DTLZ4,10,4,15,0.00782918149466192,0.0099644128113879,0.122377622377622,0.3,0.500379781139018,conservative,explore
45,DTLZ4,10,4,16,0.00782918149466192,0.00782918149466192,0.122377622377622,0.3,0.589506673243876,weighted,explore
45,DTLZ4,10,4,17,0.0192170818505338,0.00782918149466192,0.122377622377622,0.3,0.584935027887174,weighted,explore
45,DTLZ4,10,4,18,0.0241992882562278,0.0192170818505338,0.125874125874126,0.3,0.580171603542783,weighted,explore
45,DTLZ4,10,4,19,0.0441281138790036,0.0241992882562278,0.132867132867133,0.3,0.59393339078605,weighted,explore
45,DTLZ4,10,4,20,0.0334519572953737,0.0441281138790036,0.136363636363636,0.3,0.472460290256942,conservative,explore
45,DTLZ4,10,4,21,0.241281138790036,0.0334519572953737,0.136363636363636,0.3,0.577307987687618,weighted,explore
45,DTLZ4,10,4,22,0.0740213523131673,0.241281138790036,0.13986013986014,0.3,0.577180681179414,weighted,explore
45,DTLZ4,10,4,23,0.119572953736655,0.0740213523131673,0.13986013986014,0.3,0.589120068102991,weighted,explore
45,DTLZ4,10,4,24,0.143772241992883,0.119572953736655,0.13986013986014,0.3,0.59340734313867,weighted,explore
45,DTLZ4,10,4,25,0.0747330960854092,0.143772241992883,0.143356643356643,0.3,0.581798340648514,weighted,explore
45,DTLZ4,10,4,26,0.170106761565836,0.0747330960854092,0.13986013986014,0.3,0.589763613943202,weighted,explore
45,DTLZ4,10,4,27,0.0626334519572954,0.170106761565836,0.143356643356643,0.3,0.593096643250111,weighted,explore
45,DTLZ4,10,4,28,0.145195729537367,0.0626334519572954,0.143356643356643,0.3,0.584650344189358,weighted,explore
45,DTLZ4,10,4,29,0.0419928825622776,0.145195729537367,0.143356643356643,0.3,0.583539006505633,weighted,explore
45,DTLZ4,10,4,30,0.0298932384341637,0.0419928825622776,0.153846153846154,0.3,0.584488285965272,weighted,explore
45,DTLZ4,10,4,31,0.0370106761565836,0.0298932384341637,0.160839160839161,0.3,0.573888079794432,weighted,explore
45,DTLZ4,10,4,32,0.0313167259786477,0.0370106761565836,0.164335664335664,0.3,0.580417758791111,weighted,explore
45,DTLZ4,10,4,33,0.0562277580071174,0.0313167259786477,0.164335664335664,0.3,0.570739047946931,weighted,explore
45,DTLZ4,10,4,34,0.096797153024911,0.0562277580071174,0.167832167832168,0.3,0.56732674780707,weighted,explore
46,DTLZ4,10,5,1,0.0122222222222222,1,0.0629370629370629,0.2,0.593931003001524,curriculum,explore
46,DTLZ4,10,5,2,0.0135231316725979,0.0122222222222222,0.0629370629370629,0.2,0.595054926873152,weighted,explore
46,DTLZ4,10,5,3,0.0227758007117438,0.0135231316725979,0.0664335664335664,0.2,0.584696353679838,weighted,explore
46,DTLZ4,10,5,4,0.0270462633451957,0.0227758007117438,0.0664335664335664,0.2,0.572861574817048,weighted,explore
46,DTLZ4,10,5,5,0.0334519572953737,0.0270462633451957,0.0699300699300699,0.2,0.548660592279985,conservative,explore
46,DTLZ4,10,5,6,0.00925266903914591,0.0334519572953737,0.0699300699300699,0.3,0.520197785118604,conservative,explore
46,DTLZ4,10,5,7,0.0306049822064057,0.00925266903914591,0.0769230769230769,0.3,0.513957551775207,conservative,explore
46,DTLZ4,10,5,8,0.0669039145907473,0.0306049822064057,0.0804195804195804,0.3,0.4956735209108,conservative,explore
46,DTLZ4,10,5,9,0.0469750889679715,0.0669039145907473,0.0804195804195804,0.3,0.494255345431705,conservative,explore
46,DTLZ4,10,5,10,0.0576512455516014,0.0469750889679715,0.0874125874125874,0.3,0.485167398341498,conservative,explore
46,DTLZ4,10,5,11,0.0569395017793594,0.0576512455516014,0.0944055944055944,0.3,0.487015535442151,conservative,explore
46,DTLZ4,10,5,12,0.113879003558719,0.0569395017793594,0.0944055944055944,0.3,0.473124396830364,conservative,explore
46,DTLZ4,10,5,13,0.0377224199288256,0.113879003558719,0.101398601398601,0.3,0.468765378842864,conservative,explore
46,DTLZ4,10,5,14,0.0213523131672598,0.0377224199288256,0.104895104895105,0.3,0.454062096137401,conservative,explore
46,DTLZ4,10,5,15,0.0562277580071174,0.0213523131672598,0.111888111888112,0.3,0.449996121209061,conservative,explore
46,DTLZ4,10,5,16,0.0811387900355872,0.0562277580071174,0.118881118881119,0.3,0.441553958310229,conservative,explore
46,DTLZ4,10,5,17,0.0647686832740214,0.0811387900355872,0.118881118881119,0.3,0.429464905493089,conservative,explore
46,DTLZ4,10,5,18,0.0291814946619217,0.0647686832740214,0.122377622377622,0.3,0.429976496674927,conservative,explore
46,DTLZ4,10,5,19,0.0519572953736655,0.0291814946619217,0.122377622377622,0.3,0.438308894679264,conservative,explore
46,DTLZ4,10,5,20,0.0149466192170819,0.0519572953736655,0.122377622377622,0.3,0.427296908297439,conservative,explore
46,DTLZ4,10,5,21,0.23202846975089,0.0149466192170819,0.122377622377622,0.3,0.441577986593443,conservative,explore
46,DTLZ4,10,5,22,0.0384341637010676,0.23202846975089,0.125874125874126,0.3,0.586054363750044,weighted,explore
46,DTLZ4,10,5,23,0.0370106761565836,0.0384341637010676,0.125874125874126,0.3,0.590051497867537,weighted,explore
46,DTLZ4,10,5,24,0.0284697508896797,0.0370106761565836,0.129370629370629,0.3,0.589075373910959,weighted,explore
46,DTLZ4,10,5,25,0.0377224199288256,0.0284697508896797,0.129370629370629,0.3,0.588772166978288,weighted,explore
46,DTLZ4,10,5,26,0.244128113879004,0.0377224199288256,0.132867132867133,0.3,0.583471889837225,weighted,explore
46,DTLZ4,10,5,27,0.0533807829181495,0.244128113879004,0.132867132867133,0.3,0.58483824351327,weighted,explore
46,DTLZ4,10,5,28,0.0227758007117438,0.0533807829181495,0.136363636363636,0.3,0.580285964161362,weighted,explore
46,DTLZ4,10,5,29,0.0135231316725979,0.0227758007117438,0.136363636363636,0.3,0.579962310938834,weighted,explore
46,DTLZ4,10,5,30,0.0839857651245552,0.0135231316725979,0.136363636363636,0.3,0.582631512956872,weighted,explore
46,DTLZ4,10,5,31,0.0918149466192171,0.0839857651245552,0.136363636363636,0.3,0.586238168143352,weighted,explore
46,DTLZ4,10,5,32,0.0341637010676157,0.0918149466192171,0.13986013986014,0.3,0.583378481234113,weighted,explore
46,DTLZ4,10,5,33,0.096085409252669,0.0341637010676157,0.143356643356643,0.3,0.574078721049168,weighted,explore
46,DTLZ4,10,5,34,0.0882562277580071,0.096085409252669,0.143356643356643,0.3,0.577112630489775,weighted,explore
47,DTLZ4,10,6,1,0.00888888888888889,1,0.0699300699300699,0.1,0.561476934326496,curriculum,explore
47,DTLZ4,10,6,2,0.0135231316725979,0.00888888888888889,0.0734265734265734,0.2,0.567526113633718,weighted,explore
47,DTLZ4,10,6,3,0.0711743772241993,0.0135231316725979,0.0804195804195804,0.2,0.551401209821984,weighted,explore
47,DTLZ4,10,6,4,0.0241992882562278,0.0711743772241993,0.0839160839160839,0.2,0.542002247186486,conservative,explore
47,DTLZ4,10,6,5,0.0640569395017794,0.0241992882562278,0.0944055944055944,0.2,0.521383928691189,conservative,explore
47,DTLZ4,10,6,6,0.0163701067615658,0.0640569395017794,0.0979020979020979,0.2,0.512722236365447,conservative,explore
47,DTLZ4,10,6,7,0.0633451957295374,0.0163701067615658,0.104895104895105,0.2,0.499950620278527,conservative,explore
47,DTLZ4,10,6,8,0.0640569395017794,0.0633451957295374,0.108391608391608,0.3,0.481298007950222,conservative,explore
47,DTLZ4,10,6,9,0.0469750889679715,0.0640569395017794,0.111888111888112,0.3,0.475835641846766,conservative,explore
47,DTLZ4,10,6,10,0.0320284697508897,0.0469750889679715,0.111888111888112,0.3,0.480475842171543,conservative,explore
47,DTLZ4,10,6,11,0.0370106761565836,0.0320284697508897,0.111888111888112,0.3,0.451109884608772,conservative,explore
47,DTLZ4,10,6,12,0.0733096085409253,0.0370106761565836,0.115384615384615,0.3,0.450338864093362,conservative,explore
47,DTLZ4,10,6,13,0.0690391459074733,0.0733096085409253,0.122377622377622,0.3,0.419854699648323,conservative,explore
47,DTLZ4,10,6,14,0.0555160142348754,0.0690391459074733,0.125874125874126,0.3,0.420157682926264,conservative,explore
47,DTLZ4,10,6,15,0.0291814946619217,0.0555160142348754,0.125874125874126,0.3,0.412444381340535,conservative,explore
47,DTLZ4,10,6,16,0.0277580071174377,0.0291814946619217,0.129370629370629,0.3,0.412344334954105,conservative,explore
47,DTLZ4,10,6,17,0.0327402135231317,0.0277580071174377,0.129370629370629,0.3,0.429539311336062,conservative,explore
47,DTLZ4,10,6,18,0.0377224199288256,0.0327402135231317,0.125874125874126,0.4,0.420586451664325,conservative,explore
47,DTLZ4,10,6,19,0.096797153024911,0.0377224199288256,0.125874125874126,0.4,0.419838371545716,conservative,explore
47,DTLZ4,10,6,20,0.0576512455516014,0.096797153024911,0.125874125874126,0.4,0.44249490161539,conservative,explore
47,DTLZ4,10,6,21,0.0241992882562278,0.0576512455516014,0.118881118881119,0.4,0.41738672649793,conservative,explore
47,DTLZ4,10,6,22,0.0555160142348754,0.0241992882562278,0.118881118881119,0.4,0.417990755565399,conservative,explore
47,DTLZ4,10,6,23,0.0911032028469751,0.0555160142348754,0.118881118881119,0.4,0.414853672851283,conservative,explore
47,DTLZ4,10,6,24,0.0448398576512456,0.0911032028469751,0.122377622377622,0.4,0.440996953075426,conservative,explore
47,DTLZ4,10,6,25,0.0370106761565836,0.0448398576512456,0.118881118881119,0.4,0.419653440579196,conservative,explore
47,DTLZ4,10,6,26,0.0377224199288256,0.0370106761565836,0.122377622377622,0.4,0.586949652762067,weighted,explore
47,DTLZ4,10,6,27,0.0548042704626335,0.0377224199288256,0.118881118881119,0.4,0.427681605124909,conservative,explore
47,DTLZ4,10,6,28,0.0220640569395018,0.0548042704626335,0.118881118881119,0.4,0.423453030432877,conservative,explore
47,DTLZ4,10,6,29,0.0227758007117438,0.0220640569395018,0.118881118881119,0.4,0.440650777022994,conservative,explore
47,DTLZ4,10,6,30,0.0804270462633452,0.0227758007117438,0.118881118881119,0.4,0.433593307707997,conservative,explore
47,DTLZ4,10,6,31,0.0120996441281139,0.0804270462633452,0.122377622377622,0.4,0.430154267465039,conservative,explore
47,DTLZ4,10,6,32,0.0206405693950178,0.0120996441281139,0.122377622377622,0.4,0.442441595256197,conservative,explore
47,DTLZ4,10,6,33,0.0142348754448399,0.0206405693950178,0.125874125874126,0.4,0.430774788606046,conservative,explore
47,DTLZ4,10,6,34,0.0284697508896797,0.0142348754448399,0.125874125874126,0.4,0.43331617403625,conservative,explore
48,DTLZ4,10,7,1,0.0244444444444444,1,0.0699300699300699,0.2,0.582072579285451,curriculum,explore
48,DTLZ4,10,7,2,0.00355871886120996,0.0244444444444444,0.0734265734265734,0.2,0.571585003721412,weighted,explore
48,DTLZ4,10,7,3,0.0099644128113879,0.00355871886120996,0.0769230769230769,0.2,0.570482060052062,weighted,explore
48,DTLZ4,10,7,4,0.0149466192170819,0.0099644128113879,0.0804195804195804,0.2,0.560719240581856,weighted,explore
48,DTLZ4,10,7,5,0.0149466192170819,0.0149466192170819,0.0874125874125874,0.2,0.531194084366231,conservative,explore
48,DTLZ4,10,7,6,0.0113879003558719,0.0149466192170819,0.0874125874125874,0.3,0.516792993590656,conservative,explore
48,DTLZ4,10,7,7,0.0270462633451957,0.0113879003558719,0.0944055944055944,0.3,0.499193176513113,conservative,explore
48,DTLZ4,10,7,8,0.0177935943060498,0.0270462633451957,0.101398601398601,0.3,0.4897116198203,conservative,explore
48,DTLZ4,10,7,9,0.0142348754448399,0.0177935943060498,0.108391608391608,0.3,0.461577836668631,conservative,explore
48,DTLZ4,10,7,10,0.0128113879003559,0.0142348754448399,0.111888111888112,0.3,0.438493261952048,conservative,explore
48,DTLZ4,10,7,11,0.0277580071174377,0.0128113879003559,0.115384615384615,0.3,0.425092778797417,conservative,explore
48,DTLZ4,10,7,12,0.0377224199288256,0.0277580071174377,0.118881118881119,0.3,0.420113247283441,conservative,explore
48,DTLZ4,10,7,13,0.0120996441281139,0.0377224199288256,0.122377622377622,0.3,0.578808935970547,weighted,explore
48,DTLZ4,10,7,14,0.0113879003558719,0.0120996441281139,0.122377622377622,0.3,0.579108037690798,weighted,explore
48,DTLZ4,10,7,15,0.0227758007117438,0.0113879003558719,0.125874125874126,0.3,0.575018414789228,weighted,explore
48,DTLZ4,10,7,16,0.00711743772241993,0.0227758007117438,0.125874125874126,0.3,0.584701788414027,weighted,explore
48,DTLZ4,10,7,17,0.0106761565836299,0.00711743772241993,0.136363636363636,0.3,0.574952238481199,weighted,explore
48,DTLZ4,10,7,18,0.0241992882562278,0.0106761565836299,0.129370629370629,0.3,0.573484455027899,weighted,explore
48,DTLZ4,10,7,19,0.0185053380782918,0.0241992882562278,0.129370629370629,0.3,0.564554573394851,weighted,explore
48,DTLZ4,10,7,20,0.0149466192170819,0.0185053380782918,0.118881118881119,0.3,0.560667126836046,weighted,explore
48,DTLZ4,10,7,21,0.0419928825622776,0.0149466192170819,0.118881118881119,0.3,0.586420417710054,weighted,explore
48,DTLZ4,10,7,22,0.0697508896797153,0.0419928825622776,0.122377622377622,0.3,0.583061102277864,weighted,explore
48,DTLZ4,10,7,23,0.0626334519572954,0.0697508896797153,0.129370629370629,0.3,0.568813259560256,weighted,explore
48,DTLZ4,10,7,24,0.0412811387900356,0.0626334519572954,0.122377622377622,0.3,0.567533652818487,weighted,explore
48,DTLZ4,10,7,25,0.0519572953736655,0.0412811387900356,0.129370629370629,0.3,0.576141058688393,weighted,explore
48,DTLZ4,10,7,26,0.125266903914591,0.0519572953736655,0.129370629370629,0.3,0.575411465850261,weighted,explore
48,DTLZ4,10,7,27,0.0526690391459075,0.125266903914591,0.129370629370629,0.3,0.576168784370542,weighted,explore
48,DTLZ4,10,7,28,0.0256227758007117,0.0526690391459075,0.129370629370629,0.3,0.56353697294176,weighted,explore
48,DTLZ4,10,7,29,0.0597864768683274,0.0256227758007117,0.129370629370629,0.3,0.566898031425047,weighted,explore
48,DTLZ4,10,7,30,0.106761565836299,0.0597864768683274,0.129370629370629,0.3,0.524432944735874,conservative,explore
48,DTLZ4,10,7,31,0.0427046263345196,0.106761565836299,0.132867132867133,0.3,0.511794776538588,conservative,explore
48,DTLZ4,10,7,32,0.0548042704626335,0.0427046263345196,0.132867132867133,0.3,0.532333553302178,conservative,explore
48,DTLZ4,10,7,33,0.0647686832740214,0.0548042704626335,0.132867132867133,0.3,0.527880983809696,conservative,explore
48,DTLZ4,10,7,34,0.274733096085409,0.0647686832740214,0.129370629370629,0.3,0.553193362070174,weighted,explore
49,DTLZ4,10,8,1,0.0277777777777778,1,0.0664335664335664,0.2,0.42254503841406,curriculum,explore
49,DTLZ4,10,8,2,0.00498220640569395,0.0277777777777778,0.0734265734265734,0.2,0.545479611197319,conservative,explore
49,DTLZ4,10,8,3,0.0135231316725979,0.00498220640569395,0.0734265734265734,0.2,0.543541150581549,conservative,explore
49,DTLZ4,10,8,4,0.0120996441281139,0.0135231316725979,0.0839160839160839,0.2,0.557689929384457,weighted,explore
49,DTLZ4,10,8,5,0.00427046263345196,0.0120996441281139,0.0909090909090909,0.3,0.542997877123508,conservative,explore
49,DTLZ4,10,8,6,0.00925266903914591,0.00427046263345196,0.101398601398601,0.3,0.524255752607946,conservative,explore
49,DTLZ4,10,8,7,0.0135231316725979,0.00925266903914591,0.108391608391608,0.3,0.504623193718386,conservative,explore
49,DTLZ4,10,8,8,0.0313167259786477,0.0135231316725979,0.104895104895105,0.3,0.495146852538618,conservative,explore
49,DTLZ4,10,8,9,0.0156583629893238,0.0313167259786477,0.111888111888112,0.3,0.468074913382073,conservative,explore
49,DTLZ4,10,8,10,0.00782918149466192,0.0156583629893238,0.118881118881119,0.3,0.449713242310441,conservative,explore
49,DTLZ4,10,8,11,0.0405693950177936,0.00782918149466192,0.118881118881119,0.3,0.440863552295626,conservative,explore
49,DTLZ4,10,8,12,0.0142348754448399,0.0405693950177936,0.122377622377622,0.3,0.428122533049763,conservative,explore
49,DTLZ4,10,8,13,0.0135231316725979,0.0142348754448399,0.129370629370629,0.3,0.467618523099574,conservative,explore
49,DTLZ4,10,8,14,0.0185053380782918,0.0135231316725979,0.129370629370629,0.3,0.459177597571721,conservative,explore
49,DTLZ4,10,8,15,0.0256227758007117,0.0185053380782918,0.129370629370629,0.3,0.451098808001433,conservative,explore
49,DTLZ4,10,8,16,0.0804270462633452,0.0256227758007117,0.136363636363636,0.4,0.561407922344264,weighted,explore
49,DTLZ4,10,8,17,0.096797153024911,0.0804270462633452,0.136363636363636,0.4,0.561084409950893,weighted,explore
49,DTLZ4,10,8,18,0.0505338078291815,0.096797153024911,0.132867132867133,0.4,0.526657352850702,conservative,explore
49,DTLZ4,10,8,19,0.0391459074733096,0.0505338078291815,0.146853146853147,0.3,0.530891116298166,conservative,explore
49,DTLZ4,10,8,20,0.0804270462633452,0.0391459074733096,0.146853146853147,0.3,0.532093275365804,conservative,explore
49,DTLZ4,10,8,21,0.0597864768683274,0.0804270462633452,0.146853146853147,0.3,0.540290142899904,conservative,explore
49,DTLZ4,10,8,22,0.0818505338078292,0.0597864768683274,0.153846153846154,0.3,0.568183785802898,weighted,explore
49,DTLZ4,10,8,23,0.0455516014234875,0.0818505338078292,0.15034965034965,0.3,0.560614551382117,weighted,explore
49,DTLZ4,10,8,24,0.0241992882562278,0.0455516014234875,0.146853146853147,0.3,0.574924597013703,weighted,explore
49,DTLZ4,10,8,25,0.0491103202846975,0.0241992882562278,0.146853146853147,0.3,0.577773487578529,weighted,explore
49,DTLZ4,10,8,26,0.0185053380782918,0.0491103202846975,0.157342657342657,0.3,0.574300607024103,weighted,explore
49,DTLZ4,10,8,27,0.0384341637010676,0.0185053380782918,0.157342657342657,0.3,0.570484386337317,weighted,explore
49,DTLZ4,10,8,28,0.0177935943060498,0.0384341637010676,0.167832167832168,0.3,0.53299495592418,conservative,explore
49,DTLZ4,10,8,29,0.0192170818505338,0.0177935943060498,0.157342657342657,0.3,0.572442676614557,weighted,explore
49,DTLZ4,10,8,30,0.0590747330960854,0.0192170818505338,0.160839160839161,0.3,0.57923763171487,weighted,explore
49,DTLZ4,10,8,31,0.0512455516014235,0.0590747330960854,0.160839160839161,0.3,0.558686158995227,weighted,explore
49,DTLZ4,10,8,32,0.0412811387900356,0.0512455516014235,0.160839160839161,0.3,0.558147512010253,weighted,explore
49,DTLZ4,10,8,33,0.0647686832740214,0.0412811387900356,0.160839160839161,0.3,0.564661782202392,weighted,explore
49,DTLZ4,10,8,34,0.0170818505338078,0.0647686832740214,0.167832167832168,0.3,0.548423649718275,conservative,explore
50,DTLZ4,10,9,1,0.01,1,0.0699300699300699,0.2,0.57177372570468,curriculum,explore
50,DTLZ4,10,9,2,0.00782918149466192,0.01,0.0769230769230769,0.2,0.570338250969529,weighted,explore
50,DTLZ4,10,9,3,0.00640569395017794,0.00782918149466192,0.0804195804195804,0.2,0.550175306739555,weighted,explore
50,DTLZ4,10,9,4,0.0177935943060498,0.00640569395017794,0.0874125874125874,0.2,0.530478126137247,conservative,explore
50,DTLZ4,10,9,5,0.0234875444839858,0.0177935943060498,0.0874125874125874,0.3,0.512121935475789,conservative,explore
50,DTLZ4,10,9,6,0.0291814946619217,0.0234875444839858,0.0944055944055944,0.3,0.48393338267996,conservative,explore
50,DTLZ4,10,9,7,0.0298932384341637,0.0291814946619217,0.104895104895105,0.3,0.469108472119495,conservative,explore
50,DTLZ4,10,9,8,0.0263345195729537,0.0298932384341637,0.104895104895105,0.3,0.45603057448478,conservative,explore
50,DTLZ4,10,9,9,0.0448398576512456,0.0263345195729537,0.104895104895105,0.3,0.442073941231116,conservative,explore
50,DTLZ4,10,9,10,0.0341637010676157,0.0448398576512456,0.104895104895105,0.3,0.437719232572683,conservative,explore
50,DTLZ4,10,9,11,0.0434163701067616,0.0341637010676157,0.111888111888112,0.3,0.432612824516336,conservative,explore
50,DTLZ4,10,9,12,0.0498220640569395,0.0434163701067616,0.115384615384615,0.3,0.426789464713193,conservative,explore
50,DTLZ4,10,9,13,0.0277580071174377,0.0498220640569395,0.125874125874126,0.3,0.415932719543298,conservative,explore
50,DTLZ4,10,9,14,0.0491103202846975,0.0277580071174377,0.129370629370629,0.3,0.409548700582523,conservative,explore
50,DTLZ4,10,9,15,0.0597864768683274,0.0491103202846975,0.13986013986014,0.3,0.427075898234321,conservative,explore
50,DTLZ4,10,9,16,0.141637010676157,0.0597864768683274,0.143356643356643,0.3,0.418768875278345,conservative,explore
50,DTLZ4,10,9,17,0.0327402135231317,0.141637010676157,0.143356643356643,0.3,0.431532846621308,conservative,explore
50,DTLZ4,10,9,18,0.0249110320284698,0.0327402135231317,0.143356643356643,0.3,0.431490793620157,conservative,explore
50,DTLZ4,10,9,19,0.0818505338078292,0.0249110320284698,0.13986013986014,0.3,0.419582477737363,conservative,explore
50,DTLZ4,10,9,20,0.0576512455516014,0.0818505338078292,0.15034965034965,0.3,0.413986368249115,conservative,explore
50,DTLZ4,10,9,21,0.0569395017793594,0.0576512455516014,0.153846153846154,0.3,0.584953823080893,weighted,explore
50,DTLZ4,10,9,22,0.0355871886120996,0.0569395017793594,0.157342657342657,0.3,0.574200622874399,weighted,explore
50,DTLZ4,10,9,23,0.0441281138790036,0.0355871886120996,0.157342657342657,0.3,0.572405145983226,weighted,explore
50,DTLZ4,10,9,24,0.0718861209964413,0.0441281138790036,0.157342657342657,0.3,0.571821799135032,weighted,explore
50,DTLZ4,10,9,25,0.0697508896797153,0.0718861209964413,0.160839160839161,0.3,0.581232756914882,weighted,explore
50,DTLZ4,10,9,26,0.101779359430605,0.0697508896797153,0.160839160839161,0.3,0.585303522940452,weighted,explore
50,DTLZ4,10,9,27,0.0839857651245552,0.101779359430605,0.164335664335664,0.3,0.58161528602489,weighted,explore
50,DTLZ4,10,9,28,0.115302491103203,0.0839857651245552,0.157342657342657,0.3,0.582040274946454,weighted,explore
50,DTLZ4,10,9,29,0.193594306049822,0.115302491103203,0.160839160839161,0.3,0.586415375095783,weighted,explore
50,DTLZ4,10,9,30,0.0925266903914591,0.193594306049822,0.160839160839161,0.3,0.58601943934928,weighted,explore
50,DTLZ4,10,9,31,0.146619217081851,0.0925266903914591,0.160839160839161,0.3,0.585505783928647,weighted,explore
50,DTLZ4,10,9,32,0.118861209964413,0.146619217081851,0.160839160839161,0.3,0.589539790216153,weighted,explore
50,DTLZ4,10,9,33,0.112455516014235,0.118861209964413,0.160839160839161,0.3,0.420539256027407,conservative,explore
50,DTLZ4,10,9,34,0.296085409252669,0.112455516014235,0.164335664335664,0.3,0.482537839491999,conservative,explore
51,DTLZ4,20,1,1,0.0233333333333333,1,0.116883116883117,0.3,0.527805349891034,curriculum,explore
51,DTLZ4,20,1,2,0.00854092526690392,0.0233333333333333,0.112554112554113,0.25,0.547628573057647,conservative,explore
51,DTLZ4,20,1,3,0.0270462633451957,0.00854092526690392,0.121212121212121,0.25,0.538896510346997,conservative,explore
51,DTLZ4,20,1,4,0.0241992882562278,0.0270462633451957,0.121212121212121,0.25,0.530561190890876,conservative,explore
51,DTLZ4,20,1,5,0.0419928825622776,0.0241992882562278,0.125541125541126,0.25,0.53851480797376,conservative,explore
51,DTLZ4,20,1,6,0.0298932384341637,0.0419928825622776,0.125541125541126,0.25,0.540890990102786,conservative,explore
51,DTLZ4,20,1,7,0.0419928825622776,0.0298932384341637,0.147186147186147,0.25,0.525113492407685,conservative,explore
51,DTLZ4,20,1,8,0.0512455516014235,0.0419928825622776,0.151515151515152,0.25,0.5262026743655,conservative,explore
51,DTLZ4,20,1,9,0.0455516014234875,0.0512455516014235,0.155844155844156,0.25,0.514011123431832,conservative,explore
51,DTLZ4,20,1,10,0.0576512455516014,0.0455516014234875,0.16017316017316,0.25,0.517325521472345,conservative,explore
51,DTLZ4,20,1,11,0.0427046263345196,0.0576512455516014,0.164502164502165,0.25,0.518467569967366,conservative,explore
51,DTLZ4,20,1,12,0.0861209964412811,0.0427046263345196,0.177489177489178,0.25,0.507070063869171,conservative,explore
51,DTLZ4,20,1,13,0.0604982206405694,0.0861209964412811,0.177489177489178,0.25,0.50792238507461,conservative,explore
51,DTLZ4,20,1,14,0.0234875444839858,0.0604982206405694,0.177489177489178,0.25,0.507149410099443,conservative,explore
51,DTLZ4,20,1,15,0.0604982206405694,0.0234875444839858,0.181818181818182,0.3,0.508147431715547,conservative,explore
51,DTLZ4,20,1,16,0.0654804270462633,0.0604982206405694,0.186147186147186,0.25,0.50439632070006,conservative,explore
51,DTLZ4,20,1,17,0.0427046263345196,0.0654804270462633,0.177489177489178,0.3,0.49996593662337,conservative,explore
51,DTLZ4,20,1,18,0.0320284697508897,0.0427046263345196,0.181818181818182,0.3,0.502426242999773,conservative,explore
51,DTLZ4,20,1,19,0.0498220640569395,0.0320284697508897,0.177489177489178,0.3,0.507853449413049,conservative,explore
51,DTLZ4,20,1,20,0.0448398576512456,0.0498220640569395,0.186147186147186,0.3,0.508143900755979,conservative,explore
51,DTLZ4,20,1,21,0.0555160142348754,0.0448398576512456,0.186147186147186,0.3,0.516930232614388,conservative,explore
51,DTLZ4,20,1,22,0.0896797153024911,0.0555160142348754,0.181818181818182,0.3,0.518391656524232,conservative,explore
51,DTLZ4,20,1,23,0.0654804270462633,0.0896797153024911,0.186147186147186,0.3,0.517984748479793,conservative,explore
51,DTLZ4,20,1,24,0.0562277580071174,0.0654804270462633,0.19047619047619,0.3,0.515497353782671,conservative,explore
51,DTLZ4,20,1,25,0.0405693950177936,0.0562277580071174,0.19047619047619,0.3,0.518619821729119,conservative,explore
51,DTLZ4,20,1,26,0.0733096085409253,0.0405693950177936,0.194805194805195,0.3,0.511197805734068,conservative,explore
51,DTLZ4,20,1,27,0.0320284697508897,0.0733096085409253,0.19047619047619,0.3,0.493589227271243,conservative,explore
51,DTLZ4,20,1,28,0.0355871886120996,0.0320284697508897,0.194805194805195,0.3,0.491349723172827,conservative,explore
51,DTLZ4,20,1,29,0.0334519572953737,0.0355871886120996,0.199134199134199,0.3,0.493795913409924,conservative,explore
51,DTLZ4,20,1,30,0.0377224199288256,0.0334519572953737,0.199134199134199,0.3,0.493990099938131,conservative,explore
51,DTLZ4,20,1,31,0.0241992882562278,0.0377224199288256,0.199134199134199,0.3,0.501168975465931,conservative,explore
51,DTLZ4,20,1,32,0.0135231316725979,0.0241992882562278,0.199134199134199,0.3,0.500729527401821,conservative,explore
51,DTLZ4,20,1,33,0.0334519572953737,0.0135231316725979,0.199134199134199,0.3,0.498311471950627,conservative,explore
51,DTLZ4,20,1,34,0.0241992882562278,0.0334519572953737,0.199134199134199,0.3,0.498311635285732,conservative,explore
52,DTLZ4,20,10,1,0.0155555555555556,1,0.116883116883117,0.2,0.540322289091582,curriculum,explore
52,DTLZ4,20,10,2,0.0135231316725979,0.0155555555555556,0.116883116883117,0.2,0.539482767773773,conservative,explore
52,DTLZ4,20,10,3,0.0277580071174377,0.0135231316725979,0.121212121212121,0.2,0.549588968160049,conservative,explore
52,DTLZ4,20,10,4,0.0256227758007117,0.0277580071174377,0.125541125541126,0.2,0.547669515570282,conservative,explore
52,DTLZ4,20,10,5,0.0206405693950178,0.0256227758007117,0.125541125541126,0.2,0.54399274080378,conservative,explore
52,DTLZ4,20,10,6,0.0163701067615658,0.0206405693950178,0.134199134199134,0.2,0.536015565907385,conservative,explore
52,DTLZ4,20,10,7,0.0241992882562278,0.0163701067615658,0.138528138528139,0.25,0.532600381598101,conservative,explore
52,DTLZ4,20,10,8,0.0206405693950178,0.0241992882562278,0.151515151515152,0.25,0.524437893151853,conservative,explore
52,DTLZ4,20,10,9,0.0234875444839858,0.0206405693950178,0.155844155844156,0.25,0.525040184574132,conservative,explore
52,DTLZ4,20,10,10,0.0170818505338078,0.0234875444839858,0.151515151515152,0.25,0.514417130647809,conservative,explore
52,DTLZ4,20,10,11,0.0377224199288256,0.0170818505338078,0.151515151515152,0.25,0.510660761631887,conservative,explore
52,DTLZ4,20,10,12,0.0448398576512456,0.0377224199288256,0.16017316017316,0.3,0.49244263395823,conservative,explore
52,DTLZ4,20,10,13,0.0306049822064057,0.0448398576512456,0.155844155844156,0.3,0.513671657446506,conservative,explore
52,DTLZ4,20,10,14,0.0241992882562278,0.0306049822064057,0.168831168831169,0.3,0.510891153400585,conservative,explore
52,DTLZ4,20,10,15,0.103202846975089,0.0241992882562278,0.164502164502165,0.3,0.510284258566793,conservative,explore
52,DTLZ4,20,10,16,0.0455516014234875,0.103202846975089,0.164502164502165,0.3,0.51185797284673,conservative,explore
52,DTLZ4,20,10,17,0.0291814946619217,0.0455516014234875,0.164502164502165,0.3,0.510762701289433,conservative,explore
52,DTLZ4,20,10,18,0.0256227758007117,0.0291814946619217,0.16017316017316,0.3,0.517980328115191,conservative,explore
52,DTLZ4,20,10,19,0.0540925266903915,0.0256227758007117,0.173160173160173,0.35,0.508047425485012,conservative,explore
52,DTLZ4,20,10,20,0.0911032028469751,0.0540925266903915,0.168831168831169,0.35,0.514268764819376,conservative,explore
52,DTLZ4,20,10,21,0.0654804270462633,0.0911032028469751,0.168831168831169,0.35,0.51505289946818,conservative,explore
52,DTLZ4,20,10,22,0.0419928825622776,0.0654804270462633,0.164502164502165,0.4,0.494509394004789,conservative,explore
52,DTLZ4,20,10,23,0.0327402135231317,0.0419928825622776,0.164502164502165,0.35,0.506699960771557,conservative,explore
52,DTLZ4,20,10,24,0.0398576512455516,0.0327402135231317,0.164502164502165,0.35,0.507629548284825,conservative,explore
52,DTLZ4,20,10,25,0.0434163701067616,0.0398576512455516,0.16017316017316,0.35,0.507211155164916,conservative,explore
52,DTLZ4,20,10,26,0.0156583629893238,0.0434163701067616,0.164502164502165,0.35,0.504623082498997,conservative,explore
52,DTLZ4,20,10,27,0.0149466192170819,0.0156583629893238,0.16017316017316,0.35,0.512878651887673,conservative,explore
52,DTLZ4,20,10,28,0.0234875444839858,0.0149466192170819,0.164502164502165,0.35,0.515720094592386,conservative,explore
52,DTLZ4,20,10,29,0.0391459074733096,0.0234875444839858,0.164502164502165,0.35,0.51316875348003,conservative,explore
52,DTLZ4,20,10,30,0.0270462633451957,0.0391459074733096,0.164502164502165,0.35,0.515665437596781,conservative,explore
52,DTLZ4,20,10,31,0.00854092526690392,0.0270462633451957,0.164502164502165,0.35,0.527448606118987,conservative,explore
52,DTLZ4,20,10,32,0.0341637010676157,0.00854092526690392,0.164502164502165,0.4,0.520477466894686,conservative,explore
52,DTLZ4,20,10,33,0.0483985765124555,0.0341637010676157,0.168831168831169,0.35,0.516773170871678,conservative,explore
52,DTLZ4,20,10,34,0.0291814946619217,0.0483985765124555,0.203463203463203,0.35,0.503108350634461,conservative,explore
53,DTLZ4,20,2,1,0.0255555555555556,1,0.103896103896104,0.25,0.543790226184811,curriculum,explore
53,DTLZ4,20,2,2,0.00427046263345196,0.0255555555555556,0.0995670995670996,0.25,0.553827523479269,weighted,explore
53,DTLZ4,20,2,3,0.00640569395017794,0.00427046263345196,0.121212121212121,0.25,0.549356573206541,conservative,explore
53,DTLZ4,20,2,4,0.0177935943060498,0.00640569395017794,0.12987012987013,0.25,0.547768397859361,conservative,explore
53,DTLZ4,20,2,5,0.0220640569395018,0.0177935943060498,0.134199134199134,0.25,0.53553285569861,conservative,explore
53,DTLZ4,20,2,6,0.0170818505338078,0.0220640569395018,0.138528138528139,0.25,0.541011040876269,conservative,explore
53,DTLZ4,20,2,7,0.0362989323843416,0.0170818505338078,0.138528138528139,0.3,0.528020657201148,conservative,explore
53,DTLZ4,20,2,8,0.0227758007117438,0.0362989323843416,0.142857142857143,0.3,0.520376445175141,conservative,explore
53,DTLZ4,20,2,9,0.0199288256227758,0.0227758007117438,0.138528138528139,0.3,0.518250402247805,conservative,explore
53,DTLZ4,20,2,10,0.0455516014234875,0.0199288256227758,0.147186147186147,0.3,0.515438619606824,conservative,explore
53,DTLZ4,20,2,11,0.0291814946619217,0.0455516014234875,0.147186147186147,0.3,0.518286976460155,conservative,explore
53,DTLZ4,20,2,12,0.0313167259786477,0.0291814946619217,0.142857142857143,0.3,0.523735426006546,conservative,explore
53,DTLZ4,20,2,13,0.0263345195729537,0.0313167259786477,0.147186147186147,0.35,0.517117555720555,conservative,explore
53,DTLZ4,20,2,14,0.0341637010676157,0.0263345195729537,0.142857142857143,0.3,0.520638757434212,conservative,explore
53,DTLZ4,20,2,15,0.0362989323843416,0.0341637010676157,0.147186147186147,0.3,0.514353653997498,conservative,explore
53,DTLZ4,20,2,16,0.0512455516014235,0.0362989323843416,0.147186147186147,0.3,0.512218544456301,conservative,explore
53,DTLZ4,20,2,17,0.0227758007117438,0.0512455516014235,0.155844155844156,0.3,0.512760373209099,conservative,explore
53,DTLZ4,20,2,18,0.0249110320284698,0.0227758007117438,0.155844155844156,0.3,0.501764552690117,conservative,explore
53,DTLZ4,20,2,19,0.0505338078291815,0.0249110320284698,0.16017316017316,0.3,0.502602911609304,conservative,explore
53,DTLZ4,20,2,20,0.0241992882562278,0.0505338078291815,0.16017316017316,0.3,0.497614848901115,conservative,explore
53,DTLZ4,20,2,21,0.0263345195729537,0.0241992882562278,0.168831168831169,0.3,0.508160719252315,conservative,explore
53,DTLZ4,20,2,22,0.0597864768683274,0.0263345195729537,0.168831168831169,0.3,0.501073316496215,conservative,explore
53,DTLZ4,20,2,23,0.271174377224199,0.0597864768683274,0.168831168831169,0.3,0.500513809918048,conservative,explore
53,DTLZ4,20,2,24,0.0249110320284698,0.271174377224199,0.168831168831169,0.35,0.497866338189937,conservative,explore
53,DTLZ4,20,2,25,0.0505338078291815,0.0249110320284698,0.168831168831169,0.35,0.494692896186194,conservative,explore
53,DTLZ4,20,2,26,0.0540925266903915,0.0505338078291815,0.173160173160173,0.3,0.495332840895782,conservative,explore
53,DTLZ4,20,2,27,0.170818505338078,0.0540925266903915,0.173160173160173,0.3,0.498061693644206,conservative,explore
53,DTLZ4,20,2,28,0.0633451957295374,0.170818505338078,0.173160173160173,0.35,0.500343324297298,conservative,explore
53,DTLZ4,20,2,29,0.0291814946619217,0.0633451957295374,0.177489177489178,0.35,0.503210687557582,conservative,explore
53,DTLZ4,20,2,30,0.0875444839857651,0.0291814946619217,0.173160173160173,0.35,0.505941326505076,conservative,explore
53,DTLZ4,20,2,31,0.0846975088967972,0.0875444839857651,0.181818181818182,0.35,0.502648486279411,conservative,explore
53,DTLZ4,20,2,32,0.0241992882562278,0.0846975088967972,0.173160173160173,0.35,0.506791046884282,conservative,explore
53,DTLZ4,20,2,33,0.0234875444839858,0.0241992882562278,0.173160173160173,0.35,0.499574755161855,conservative,explore
53,DTLZ4,20,2,34,0.0185053380782918,0.0234875444839858,0.177489177489178,0.35,0.508070261379676,conservative,explore
54,DTLZ4,20,3,1,0.0222222222222222,1,0.116883116883117,0.2,0.56096144254392,curriculum,explore
54,DTLZ4,20,3,2,0.00427046263345196,0.0222222222222222,0.125541125541126,0.2,0.556247594658114,weighted,explore
54,DTLZ4,20,3,3,0.00569395017793594,0.00427046263345196,0.12987012987013,0.2,0.549054632866244,conservative,explore
54,DTLZ4,20,3,4,0.0113879003558719,0.00569395017793594,0.125541125541126,0.25,0.555127885960864,weighted,explore
54,DTLZ4,20,3,5,0.0234875444839858,0.0113879003558719,0.125541125541126,0.25,0.551514363553547,weighted,explore
54,DTLZ4,20,3,6,0.0099644128113879,0.0234875444839858,0.125541125541126,0.25,0.548893005619453,conservative,explore
54,DTLZ4,20,3,7,0.0206405693950178,0.0099644128113879,0.134199134199134,0.3,0.539456283977878,conservative,explore
54,DTLZ4,20,3,8,0.0241992882562278,0.0206405693950178,0.134199134199134,0.25,0.542531365432556,conservative,explore
54,DTLZ4,20,3,9,0.0348754448398577,0.0241992882562278,0.138528138528139,0.25,0.537269298169727,conservative,explore
54,DTLZ4,20,3,10,0.0313167259786477,0.0348754448398577,0.142857142857143,0.3,0.531337591281276,conservative,explore
54,DTLZ4,20,3,11,0.0234875444839858,0.0313167259786477,0.147186147186147,0.3,0.528696814786244,conservative,explore
54,DTLZ4,20,3,12,0.0213523131672598,0.0234875444839858,0.147186147186147,0.3,0.528391101501221,conservative,explore
54,DTLZ4,20,3,13,0.0341637010676157,0.0213523131672598,0.151515151515152,0.25,0.521410683233745,conservative,explore
54,DTLZ4,20,3,14,0.0249110320284698,0.0341637010676157,0.155844155844156,0.25,0.523679706505365,conservative,explore
54,DTLZ4,20,3,15,0.0284697508896797,0.0249110320284698,0.155844155844156,0.25,0.519993418831662,conservative,explore
54,DTLZ4,20,3,16,0.0362989323843416,0.0284697508896797,0.155844155844156,0.25,0.51571154052101,conservative,explore
54,DTLZ4,20,3,17,0.0683274021352313,0.0362989323843416,0.155844155844156,0.25,0.505121362278339,conservative,explore
54,DTLZ4,20,3,18,0.0483985765124555,0.0683274021352313,0.164502164502165,0.25,0.501838045897594,conservative,explore
54,DTLZ4,20,3,19,0.155160142348754,0.0483985765124555,0.164502164502165,0.25,0.504613551643775,conservative,explore
54,DTLZ4,20,3,20,0.0825622775800712,0.155160142348754,0.173160173160173,0.25,0.505686370896797,conservative,explore
54,DTLZ4,20,3,21,0.0362989323843416,0.0825622775800712,0.177489177489178,0.25,0.514878850183249,conservative,explore
54,DTLZ4,20,3,22,0.0576512455516014,0.0362989323843416,0.177489177489178,0.25,0.517778465334995,conservative,explore
54,DTLZ4,20,3,23,0.0185053380782918,0.0576512455516014,0.173160173160173,0.3,0.513607465277032,conservative,explore
54,DTLZ4,20,3,24,0.0562277580071174,0.0185053380782918,0.173160173160173,0.3,0.510043194879674,conservative,explore
54,DTLZ4,20,3,25,0.0256227758007117,0.0562277580071174,0.177489177489178,0.3,0.505587715757017,conservative,explore
54,DTLZ4,20,3,26,0.0334519572953737,0.0256227758007117,0.177489177489178,0.3,0.504411285103865,conservative,explore
54,DTLZ4,20,3,27,0.0355871886120996,0.0334519572953737,0.181818181818182,0.3,0.504071408470866,conservative,explore
54,DTLZ4,20,3,28,0.0341637010676157,0.0355871886120996,0.181818181818182,0.3,0.504455444202477,conservative,explore
54,DTLZ4,20,3,29,0.0249110320284698,0.0341637010676157,0.173160173160173,0.3,0.502332583246808,conservative,explore
54,DTLZ4,20,3,30,0.0249110320284698,0.0249110320284698,0.168831168831169,0.3,0.496964483079747,conservative,explore
54,DTLZ4,20,3,31,0.0220640569395018,0.0249110320284698,0.164502164502165,0.3,0.495171672016744,conservative,explore
54,DTLZ4,20,3,32,0.0597864768683274,0.0220640569395018,0.164502164502165,0.35,0.497143479962278,conservative,explore
54,DTLZ4,20,3,33,0.0213523131672598,0.0597864768683274,0.164502164502165,0.35,0.493811243107248,conservative,explore
54,DTLZ4,20,3,34,0.0213523131672598,0.0213523131672598,0.164502164502165,0.35,0.498887053883031,conservative,explore
55,DTLZ4,20,4,1,0.0366666666666667,1,0.103896103896104,0.2,0.542919724738665,curriculum,explore
55,DTLZ4,20,4,2,0.0156583629893238,0.0366666666666667,0.103896103896104,0.2,0.547681096623212,conservative,explore
55,DTLZ4,20,4,3,0.0192170818505338,0.0156583629893238,0.116883116883117,0.2,0.549059691619423,conservative,explore
55,DTLZ4,20,4,4,0.0185053380782918,0.0192170818505338,0.121212121212121,0.25,0.536541635663678,conservative,explore
55,DTLZ4,20,4,5,0.0120996441281139,0.0185053380782918,0.125541125541126,0.25,0.539879591886063,conservative,explore
55,DTLZ4,20,4,6,0.0156583629893238,0.0120996441281139,0.12987012987013,0.25,0.540772361059429,conservative,explore
55,DTLZ4,20,4,7,0.0128113879003559,0.0156583629893238,0.134199134199134,0.25,0.525600302020478,conservative,explore
55,DTLZ4,20,4,8,0.0234875444839858,0.0128113879003559,0.138528138528139,0.25,0.523901999183014,conservative,explore
55,DTLZ4,20,4,9,0.0306049822064057,0.0234875444839858,0.142857142857143,0.3,0.523531270842822,conservative,explore
55,DTLZ4,20,4,10,0.0263345195729537,0.0306049822064057,0.142857142857143,0.3,0.5365884529184,conservative,explore
55,DTLZ4,20,4,11,0.0476868327402135,0.0263345195729537,0.142857142857143,0.3,0.536101671017607,conservative,explore
55,DTLZ4,20,4,12,0.0419928825622776,0.0476868327402135,0.142857142857143,0.3,0.533890744023626,conservative,explore
55,DTLZ4,20,4,13,0.0725978647686833,0.0419928825622776,0.151515151515152,0.3,0.528340030699667,conservative,explore
55,DTLZ4,20,4,14,0.0526690391459075,0.0725978647686833,0.16017316017316,0.3,0.512950513828809,conservative,explore
55,DTLZ4,20,4,15,0.0761565836298932,0.0526690391459075,0.16017316017316,0.3,0.514666914336298,conservative,explore
55,DTLZ4,20,4,16,0.0455516014234875,0.0761565836298932,0.16017316017316,0.3,0.516385584348626,conservative,explore
55,DTLZ4,20,4,17,0.0519572953736655,0.0455516014234875,0.168831168831169,0.3,0.51434272736679,conservative,explore
55,DTLZ4,20,4,18,0.0355871886120996,0.0519572953736655,0.168831168831169,0.3,0.511184714734679,conservative,explore
55,DTLZ4,20,4,19,0.0540925266903915,0.0355871886120996,0.173160173160173,0.3,0.506422655890623,conservative,explore
55,DTLZ4,20,4,20,0.0661921708185053,0.0540925266903915,0.164502164502165,0.3,0.512658207455903,conservative,explore
55,DTLZ4,20,4,21,0.0868327402135231,0.0661921708185053,0.16017316017316,0.3,0.504675944853546,conservative,explore
55,DTLZ4,20,4,22,0.0747330960854092,0.0868327402135231,0.168831168831169,0.3,0.50044387652803,conservative,explore
55,DTLZ4,20,4,23,0.147330960854093,0.0747330960854092,0.168831168831169,0.3,0.505087344965364,conservative,explore
55,DTLZ4,20,4,24,0.0761565836298932,0.147330960854093,0.177489177489178,0.3,0.505698778006318,conservative,explore
55,DTLZ4,20,4,25,0.0654804270462633,0.0761565836298932,0.173160173160173,0.3,0.511425266070327,conservative,explore
55,DTLZ4,20,4,26,0.0626334519572954,0.0654804270462633,0.164502164502165,0.35,0.514530002100925,conservative,explore
55,DTLZ4,20,4,27,0.0384341637010676,0.0626334519572954,0.168831168831169,0.35,0.511623823735161,conservative,explore
55,DTLZ4,20,4,28,0.115302491103203,0.0384341637010676,0.173160173160173,0.35,0.507222533837883,conservative,explore
55,DTLZ4,20,4,29,0.0918149466192171,0.115302491103203,0.173160173160173,0.35,0.504026502253595,conservative,explore
55,DTLZ4,20,4,30,0.0519572953736655,0.0918149466192171,0.177489177489178,0.4,0.500481526907965,conservative,explore
55,DTLZ4,20,4,31,0.0163701067615658,0.0519572953736655,0.177489177489178,0.35,0.497804026457278,conservative,explore
55,DTLZ4,20,4,32,0.0370106761565836,0.0163701067615658,0.177489177489178,0.35,0.496116769240869,conservative,explore
55,DTLZ4,20,4,33,0.0633451957295374,0.0370106761565836,0.177489177489178,0.35,0.500585343012282,conservative,explore
55,DTLZ4,20,4,34,0.0177935943060498,0.0633451957295374,0.164502164502165,0.35,0.494485683608351,conservative,explore
56,DTLZ4,20,5,1,0.0144444444444444,1,0.12987012987013,0.2,0.545962354194132,curriculum,explore
56,DTLZ4,20,5,2,0.00427046263345196,0.0144444444444444,0.116883116883117,0.2,0.546190980759899,conservative,explore
56,DTLZ4,20,5,3,0.0128113879003559,0.00427046263345196,0.121212121212121,0.2,0.539379091892948,conservative,explore
56,DTLZ4,20,5,4,0.0156583629893238,0.0128113879003559,0.12987012987013,0.25,0.527094037277684,conservative,explore
56,DTLZ4,20,5,5,0.0128113879003559,0.0156583629893238,0.134199134199134,0.25,0.528847519479271,conservative,explore
56,DTLZ4,20,5,6,0.0227758007117438,0.0128113879003559,0.138528138528139,0.25,0.522472118267882,conservative,explore
56,DTLZ4,20,5,7,0.0120996441281139,0.0227758007117438,0.142857142857143,0.25,0.528507136560989,conservative,explore
56,DTLZ4,20,5,8,0.0298932384341637,0.0120996441281139,0.142857142857143,0.25,0.525657167502358,conservative,explore
56,DTLZ4,20,5,9,0.0341637010676157,0.0298932384341637,0.147186147186147,0.25,0.52257018322845,conservative,explore
56,DTLZ4,20,5,10,0.0185053380782918,0.0341637010676157,0.151515151515152,0.25,0.521749946866787,conservative,explore
56,DTLZ4,20,5,11,0.0241992882562278,0.0185053380782918,0.155844155844156,0.3,0.522390416910311,conservative,explore
56,DTLZ4,20,5,12,0.0419928825622776,0.0241992882562278,0.164502164502165,0.3,0.512813894305097,conservative,explore
56,DTLZ4,20,5,13,0.0355871886120996,0.0419928825622776,0.16017316017316,0.3,0.512801816638175,conservative,explore
56,DTLZ4,20,5,14,0.0163701067615658,0.0355871886120996,0.155844155844156,0.35,0.508556587060843,conservative,explore
56,DTLZ4,20,5,15,0.0469750889679715,0.0163701067615658,0.155844155844156,0.35,0.515038113091737,conservative,explore
56,DTLZ4,20,5,16,0.0604982206405694,0.0469750889679715,0.155844155844156,0.35,0.513042819005768,conservative,explore
56,DTLZ4,20,5,17,0.0427046263345196,0.0604982206405694,0.155844155844156,0.35,0.518098720360799,conservative,explore
56,DTLZ4,20,5,18,0.0199288256227758,0.0427046263345196,0.16017316017316,0.35,0.51566330332837,conservative,explore
56,DTLZ4,20,5,19,0.0220640569395018,0.0199288256227758,0.164502164502165,0.35,0.507825835367998,conservative,explore
56,DTLZ4,20,5,20,0.0249110320284698,0.0220640569395018,0.155844155844156,0.35,0.501351540241136,conservative,explore
56,DTLZ4,20,5,21,0.0192170818505338,0.0249110320284698,0.16017316017316,0.35,0.498622311979291,conservative,explore
56,DTLZ4,20,5,22,0.0128113879003559,0.0192170818505338,0.151515151515152,0.35,0.494450702531426,conservative,explore
56,DTLZ4,20,5,23,0.0177935943060498,0.0128113879003559,0.164502164502165,0.35,0.494229695737867,conservative,explore
56,DTLZ4,20,5,24,0.0185053380782918,0.0177935943060498,0.16017316017316,0.35,0.501302539078299,conservative,explore
56,DTLZ4,20,5,25,0.0320284697508897,0.0185053380782918,0.164502164502165,0.35,0.501975243545193,conservative,explore
56,DTLZ4,20,5,26,0.0249110320284698,0.0320284697508897,0.168831168831169,0.35,0.497176965955804,conservative,explore
56,DTLZ4,20,5,27,0.0348754448398577,0.0249110320284698,0.168831168831169,0.35,0.497894107732477,conservative,explore
56,DTLZ4,20,5,28,0.0256227758007117,0.0348754448398577,0.173160173160173,0.35,0.496438630354612,conservative,explore
56,DTLZ4,20,5,29,0.0341637010676157,0.0256227758007117,0.173160173160173,0.35,0.498293858598165,conservative,explore
56,DTLZ4,20,5,30,0.0512455516014235,0.0341637010676157,0.168831168831169,0.35,0.500235818931018,conservative,explore
56,DTLZ4,20,5,31,0.0462633451957295,0.0512455516014235,0.164502164502165,0.35,0.490719781602324,conservative,explore
56,DTLZ4,20,5,32,0.0298932384341637,0.0462633451957295,0.164502164502165,0.35,0.49177342420315,conservative,explore
56,DTLZ4,20,5,33,0.0185053380782918,0.0298932384341637,0.164502164502165,0.35,0.500048029353897,conservative,explore
56,DTLZ4,20,5,34,0.0120996441281139,0.0185053380782918,0.164502164502165,0.35,0.482518484911781,conservative,explore
57,DTLZ4,20,6,1,0.00444444444444444,1,0.112554112554113,0.2,0.556691462764167,curriculum,explore
57,DTLZ4,20,6,2,0.0099644128113879,0.00444444444444444,0.112554112554113,0.2,0.555446704781389,weighted,explore
57,DTLZ4,20,6,3,0.0298932384341637,0.0099644128113879,0.116883116883117,0.2,0.55089069612895,weighted,explore
57,DTLZ4,20,6,4,0.0270462633451957,0.0298932384341637,0.121212121212121,0.25,0.549721174913432,conservative,explore
57,DTLZ4,20,6,5,0.0177935943060498,0.0270462633451957,0.125541125541126,0.2,0.540046354610399,conservative,explore
57,DTLZ4,20,6,6,0.0213523131672598,0.0177935943060498,0.125541125541126,0.25,0.544507057520893,conservative,explore
57,DTLZ4,20,6,7,0.0213523131672598,0.0213523131672598,0.138528138528139,0.25,0.53644400743035,conservative,explore
57,DTLZ4,20,6,8,0.0334519572953737,0.0213523131672598,0.138528138528139,0.25,0.532977457235938,conservative,explore
57,DTLZ4,20,6,9,0.0533807829181495,0.0334519572953737,0.138528138528139,0.25,0.531120450333881,conservative,explore
57,DTLZ4,20,6,10,0.0170818505338078,0.0533807829181495,0.138528138528139,0.25,0.530272562754798,conservative,explore
57,DTLZ4,20,6,11,0.0398576512455516,0.0170818505338078,0.138528138528139,0.25,0.526485601787527,conservative,explore
57,DTLZ4,20,6,12,0.0889679715302491,0.0398576512455516,0.142857142857143,0.25,0.520833688487154,conservative,explore
57,DTLZ4,20,6,13,0.0348754448398577,0.0889679715302491,0.147186147186147,0.3,0.522988759208768,conservative,explore
57,DTLZ4,20,6,14,0.0192170818505338,0.0348754448398577,0.147186147186147,0.3,0.520397172053159,conservative,explore
57,DTLZ4,20,6,15,0.0505338078291815,0.0192170818505338,0.142857142857143,0.3,0.513135124089992,conservative,explore
57,DTLZ4,20,6,16,0.0291814946619217,0.0505338078291815,0.147186147186147,0.25,0.505506498796165,conservative,explore
57,DTLZ4,20,6,17,0.0263345195729537,0.0291814946619217,0.151515151515152,0.25,0.501487521307746,conservative,explore
57,DTLZ4,20,6,18,0.0149466192170819,0.0263345195729537,0.151515151515152,0.25,0.509526492296287,conservative,explore
57,DTLZ4,20,6,19,0.0391459074733096,0.0149466192170819,0.151515151515152,0.3,0.493166224196652,conservative,explore
57,DTLZ4,20,6,20,0.0277580071174377,0.0391459074733096,0.151515151515152,0.3,0.500405960167898,conservative,explore
57,DTLZ4,20,6,21,0.0334519572953737,0.0277580071174377,0.151515151515152,0.3,0.504852897897939,conservative,explore
57,DTLZ4,20,6,22,0.0725978647686833,0.0334519572953737,0.168831168831169,0.3,0.524940958059122,conservative,explore
57,DTLZ4,20,6,23,0.0476868327402135,0.0725978647686833,0.168831168831169,0.3,0.526447905621752,conservative,explore
57,DTLZ4,20,6,24,0.0177935943060498,0.0476868327402135,0.168831168831169,0.3,0.525954869319308,conservative,explore
57,DTLZ4,20,6,25,0.0398576512455516,0.0177935943060498,0.168831168831169,0.3,0.526052155160069,conservative,explore
57,DTLZ4,20,6,26,0.0249110320284698,0.0398576512455516,0.16017316017316,0.3,0.517466295840236,conservative,explore
57,DTLZ4,20,6,27,0.0220640569395018,0.0249110320284698,0.177489177489178,0.3,0.51164133275995,conservative,explore
57,DTLZ4,20,6,28,0.0227758007117438,0.0220640569395018,0.173160173160173,0.3,0.512571610934869,conservative,explore
57,DTLZ4,20,6,29,0.0206405693950178,0.0227758007117438,0.155844155844156,0.3,0.521978269240919,conservative,explore
57,DTLZ4,20,6,30,0.0142348754448399,0.0206405693950178,0.16017316017316,0.3,0.513839917796701,conservative,explore
57,DTLZ4,20,6,31,0.0142348754448399,0.0142348754448399,0.173160173160173,0.3,0.512199389576382,conservative,explore
57,DTLZ4,20,6,32,0.0156583629893238,0.0142348754448399,0.173160173160173,0.3,0.510199670684207,conservative,explore
57,DTLZ4,20,6,33,0.0427046263345196,0.0156583629893238,0.177489177489178,0.3,0.499112932038927,conservative,explore
57,DTLZ4,20,6,34,0.0590747330960854,0.0427046263345196,0.181818181818182,0.3,0.509991917139669,conservative,explore
58,DTLZ4,20,7,1,0.0122222222222222,1,0.12987012987013,0.25,0.542592761509564,curriculum,explore
58,DTLZ4,20,7,2,0.0099644128113879,0.0122222222222222,0.121212121212121,0.25,0.544985722457924,conservative,explore
58,DTLZ4,20,7,3,0.00640569395017794,0.0099644128113879,0.121212121212121,0.25,0.538710690116054,conservative,explore
58,DTLZ4,20,7,4,0.0135231316725979,0.00640569395017794,0.125541125541126,0.3,0.531474205421036,conservative,explore
58,DTLZ4,20,7,5,0.00854092526690392,0.0135231316725979,0.134199134199134,0.3,0.536225026386441,conservative,explore
58,DTLZ4,20,7,6,0.0099644128113879,0.00854092526690392,0.147186147186147,0.3,0.525152252267013,conservative,explore
58,DTLZ4,20,7,7,0.00925266903914591,0.0099644128113879,0.147186147186147,0.3,0.520389609611463,conservative,explore
58,DTLZ4,20,7,8,0.0106761565836299,0.00925266903914591,0.151515151515152,0.3,0.514902790601527,conservative,explore
58,DTLZ4,20,7,9,0.0113879003558719,0.0106761565836299,0.155844155844156,0.3,0.519508009537633,conservative,explore
58,DTLZ4,20,7,10,0.0106761565836299,0.0113879003558719,0.16017316017316,0.3,0.52058071732555,conservative,explore
58,DTLZ4,20,7,11,0.0177935943060498,0.0106761565836299,0.151515151515152,0.35,0.527338007931398,conservative,explore
58,DTLZ4,20,7,12,0.00782918149466192,0.0177935943060498,0.155844155844156,0.35,0.51530027656102,conservative,explore
58,DTLZ4,20,7,13,0.0341637010676157,0.00782918149466192,0.155844155844156,0.35,0.511682592110089,conservative,explore
58,DTLZ4,20,7,14,0.0569395017793594,0.0341637010676157,0.16017316017316,0.35,0.514417757699015,conservative,explore
58,DTLZ4,20,7,15,0.0142348754448399,0.0569395017793594,0.164502164502165,0.35,0.510920086144983,conservative,explore
58,DTLZ4,20,7,16,0.0135231316725979,0.0142348754448399,0.173160173160173,0.35,0.51481362936714,conservative,explore
58,DTLZ4,20,7,17,0.0249110320284698,0.0135231316725979,0.173160173160173,0.35,0.514306987965297,conservative,explore
58,DTLZ4,20,7,18,0.0177935943060498,0.0249110320284698,0.164502164502165,0.35,0.519298030169253,conservative,explore
58,DTLZ4,20,7,19,0.0291814946619217,0.0177935943060498,0.164502164502165,0.35,0.512523830738771,conservative,explore
58,DTLZ4,20,7,20,0.0163701067615658,0.0291814946619217,0.16017316017316,0.35,0.505763136560797,conservative,explore
58,DTLZ4,20,7,21,0.0298932384341637,0.0163701067615658,0.164502164502165,0.35,0.505471642272421,conservative,explore
58,DTLZ4,20,7,22,0.0241992882562278,0.0298932384341637,0.16017316017316,0.35,0.503056612098432,conservative,explore
58,DTLZ4,20,7,23,0.0448398576512456,0.0241992882562278,0.164502164502165,0.35,0.51660475991403,conservative,explore
58,DTLZ4,20,7,24,0.0348754448398577,0.0448398576512456,0.177489177489178,0.35,0.512509790022931,conservative,explore
58,DTLZ4,20,7,25,0.0498220640569395,0.0348754448398577,0.186147186147186,0.35,0.497884409790256,conservative,explore
58,DTLZ4,20,7,26,0.0327402135231317,0.0498220640569395,0.186147186147186,0.35,0.497884409790258,conservative,explore
58,DTLZ4,20,7,27,0.0377224199288256,0.0327402135231317,0.181818181818182,0.35,0.500656949073865,conservative,explore
58,DTLZ4,20,7,28,0.0704626334519573,0.0377224199288256,0.173160173160173,0.35,0.496133326170703,conservative,explore
58,DTLZ4,20,7,29,0.0405693950177936,0.0704626334519573,0.168831168831169,0.35,0.493613413421579,conservative,explore
58,DTLZ4,20,7,30,0.0562277580071174,0.0405693950177936,0.168831168831169,0.35,0.494939692474035,conservative,explore
58,DTLZ4,20,7,31,0.0697508896797153,0.0562277580071174,0.168831168831169,0.35,0.494995234521776,conservative,explore
58,DTLZ4,20,7,32,0.0362989323843416,0.0697508896797153,0.173160173160173,0.35,0.495218837206956,conservative,explore
58,DTLZ4,20,7,33,0.0704626334519573,0.0362989323843416,0.168831168831169,0.35,0.495177548570667,conservative,explore
58,DTLZ4,20,7,34,0.0156583629893238,0.0704626334519573,0.16017316017316,0.35,0.491052666646126,conservative,explore
59,DTLZ4,20,8,1,0.0111111111111111,1,0.134199134199134,0.2,0.534863866046926,curriculum,explore
59,DTLZ4,20,8,2,0.0562277580071174,0.0111111111111111,0.125541125541126,0.2,0.553505398601712,weighted,explore
59,DTLZ4,20,8,3,0.0284697508896797,0.0562277580071174,0.125541125541126,0.2,0.549583400145576,conservative,explore
59,DTLZ4,20,8,4,0.0697508896797153,0.0284697508896797,0.134199134199134,0.2,0.539747049558803,conservative,explore
59,DTLZ4,20,8,5,0.0384341637010676,0.0697508896797153,0.142857142857143,0.25,0.530396751358282,conservative,explore
59,DTLZ4,20,8,6,0.0241992882562278,0.0384341637010676,0.147186147186147,0.25,0.541779087716951,conservative,explore
59,DTLZ4,20,8,7,0.0327402135231317,0.0241992882562278,0.151515151515152,0.25,0.530897550384756,conservative,explore
59,DTLZ4,20,8,8,0.0298932384341637,0.0327402135231317,0.147186147186147,0.3,0.527050725015739,conservative,explore
59,DTLZ4,20,8,9,0.0427046263345196,0.0298932384341637,0.147186147186147,0.3,0.526254812484379,conservative,explore
59,DTLZ4,20,8,10,0.0405693950177936,0.0427046263345196,0.142857142857143,0.3,0.508219010149005,conservative,explore
59,DTLZ4,20,8,11,0.096797153024911,0.0405693950177936,0.142857142857143,0.3,0.504992493025928,conservative,explore
59,DTLZ4,20,8,12,0.0213523131672598,0.096797153024911,0.151515151515152,0.3,0.503335016106267,conservative,explore
59,DTLZ4,20,8,13,0.0277580071174377,0.0213523131672598,0.151515151515152,0.3,0.496789468898069,conservative,explore
59,DTLZ4,20,8,14,0.0427046263345196,0.0277580071174377,0.151515151515152,0.3,0.497300397831739,conservative,explore
59,DTLZ4,20,8,15,0.0192170818505338,0.0427046263345196,0.151515151515152,0.3,0.495188807757426,conservative,explore
59,DTLZ4,20,8,16,0.0135231316725979,0.0192170818505338,0.147186147186147,0.3,0.486488517516939,conservative,explore
59,DTLZ4,20,8,17,0.0156583629893238,0.0135231316725979,0.151515151515152,0.3,0.485350099599689,conservative,explore
59,DTLZ4,20,8,18,0.0604982206405694,0.0156583629893238,0.151515151515152,0.3,0.482631449975876,conservative,explore
59,DTLZ4,20,8,19,0.0498220640569395,0.0604982206405694,0.16017316017316,0.35,0.479320012216464,conservative,explore
59,DTLZ4,20,8,20,0.0633451957295374,0.0498220640569395,0.16017316017316,0.35,0.476368504632928,conservative,explore
59,DTLZ4,20,8,21,0.0704626334519573,0.0633451957295374,0.155844155844156,0.35,0.484270722119644,conservative,explore
59,DTLZ4,20,8,22,0.0362989323843416,0.0704626334519573,0.164502164502165,0.35,0.483110591085842,conservative,explore
59,DTLZ4,20,8,23,0.0227758007117438,0.0362989323843416,0.16017316017316,0.35,0.478541853340695,conservative,explore
59,DTLZ4,20,8,24,0.0156583629893238,0.0227758007117438,0.164502164502165,0.35,0.480378624727176,conservative,explore
59,DTLZ4,20,8,25,0.0583629893238434,0.0156583629893238,0.168831168831169,0.35,0.480949437481937,conservative,explore
59,DTLZ4,20,8,26,0.0355871886120996,0.0583629893238434,0.173160173160173,0.35,0.481062366603358,conservative,explore
59,DTLZ4,20,8,27,0.0170818505338078,0.0355871886120996,0.168831168831169,0.35,0.48171273820977,conservative,explore
59,DTLZ4,20,8,28,0.0213523131672598,0.0170818505338078,0.168831168831169,0.35,0.4851421312983,conservative,explore
59,DTLZ4,20,8,29,0.0419928825622776,0.0213523131672598,0.168831168831169,0.35,0.508547338446107,conservative,explore
59,DTLZ4,20,8,30,0.0206405693950178,0.0419928825622776,0.168831168831169,0.35,0.508520788468365,conservative,explore
59,DTLZ4,20,8,31,0.0220640569395018,0.0206405693950178,0.16017316017316,0.35,0.508289728918286,conservative,explore
59,DTLZ4,20,8,32,0.0291814946619217,0.0220640569395018,0.164502164502165,0.35,0.518163744027404,conservative,explore
59,DTLZ4,20,8,33,0.0704626334519573,0.0291814946619217,0.168831168831169,0.35,0.518580664554667,conservative,explore
59,DTLZ4,20,8,34,0.0889679715302491,0.0704626334519573,0.168831168831169,0.4,0.520891135101859,conservative,explore
60,DTLZ4,20,9,1,0.0333333333333333,1,0.121212121212121,0.2,0.556442913681642,curriculum,explore
60,DTLZ4,20,9,2,0.0170818505338078,0.0333333333333333,0.116883116883117,0.15,0.544808966440248,conservative,explore
60,DTLZ4,20,9,3,0.0170818505338078,0.0170818505338078,0.12987012987013,0.2,0.540064586313347,conservative,explore
60,DTLZ4,20,9,4,0.180782918149466,0.0170818505338078,0.12987012987013,0.2,0.538119250992236,conservative,explore
60,DTLZ4,20,9,5,0.0249110320284698,0.180782918149466,0.142857142857143,0.2,0.530736727443549,conservative,explore
60,DTLZ4,20,9,6,0.0405693950177936,0.0249110320284698,0.147186147186147,0.2,0.527313443000039,conservative,explore
60,DTLZ4,20,9,7,0.0163701067615658,0.0405693950177936,0.147186147186147,0.2,0.522391039786345,conservative,explore
60,DTLZ4,20,9,8,0.0661921708185053,0.0163701067615658,0.151515151515152,0.25,0.519214880953973,conservative,explore
60,DTLZ4,20,9,9,0.0256227758007117,0.0661921708185053,0.16017316017316,0.25,0.512172262327082,conservative,explore
60,DTLZ4,20,9,10,0.0633451957295374,0.0256227758007117,0.164502164502165,0.25,0.505217607082492,conservative,explore
60,DTLZ4,20,9,11,0.0341637010676157,0.0633451957295374,0.164502164502165,0.25,0.520876804268874,conservative,explore
60,DTLZ4,20,9,12,0.101779359430605,0.0341637010676157,0.155844155844156,0.25,0.511194821335199,conservative,explore
60,DTLZ4,20,9,13,0.0327402135231317,0.101779359430605,0.155844155844156,0.25,0.516155261633075,conservative,explore
60,DTLZ4,20,9,14,0.0661921708185053,0.0327402135231317,0.16017316017316,0.3,0.520011940181172,conservative,explore
60,DTLZ4,20,9,15,0.0384341637010676,0.0661921708185053,0.155844155844156,0.3,0.519990182997023,conservative,explore
60,DTLZ4,20,9,16,0.0405693950177936,0.0384341637010676,0.16017316017316,0.3,0.515242822217538,conservative,explore
60,DTLZ4,20,9,17,0.0277580071174377,0.0405693950177936,0.168831168831169,0.3,0.517127639527278,conservative,explore
60,DTLZ4,20,9,18,0.0163701067615658,0.0277580071174377,0.164502164502165,0.3,0.519733527944352,conservative,explore
60,DTLZ4,20,9,19,0.0291814946619217,0.0163701067615658,0.173160173160173,0.3,0.512146178458624,conservative,explore
60,DTLZ4,20,9,20,0.0398576512455516,0.0291814946619217,0.177489177489178,0.3,0.501149309542448,conservative,explore
60,DTLZ4,20,9,21,0.0099644128113879,0.0398576512455516,0.186147186147186,0.3,0.503567007719655,conservative,explore
60,DTLZ4,20,9,22,0.0185053380782918,0.0099644128113879,0.186147186147186,0.3,0.50324601448987,conservative,explore
60,DTLZ4,20,9,23,0.0113879003558719,0.0185053380782918,0.186147186147186,0.3,0.502740159655707,conservative,explore
60,DTLZ4,20,9,24,0.0398576512455516,0.0113879003558719,0.19047619047619,0.3,0.497923315369294,conservative,explore
60,DTLZ4,20,9,25,0.0220640569395018,0.0398576512455516,0.181818181818182,0.3,0.493236218724529,conservative,explore
60,DTLZ4,20,9,26,0.0306049822064057,0.0220640569395018,0.181818181818182,0.35,0.490135196805627,conservative,explore
60,DTLZ4,20,9,27,0.0185053380782918,0.0306049822064057,0.181818181818182,0.35,0.521344222619665,conservative,explore
60,DTLZ4,20,9,28,0.0192170818505338,0.0185053380782918,0.181818181818182,0.3,0.525125066554275,conservative,explore
60,DTLZ4,20,9,29,0.0241992882562278,0.0192170818505338,0.186147186147186,0.3,0.518869030207229,conservative,explore
60,DTLZ4,20,9,30,0.0306049822064057,0.0241992882562278,0.19047619047619,0.3,0.518912230345213,conservative,explore
60,DTLZ4,20,9,31,0.119572953736655,0.0306049822064057,0.19047619047619,0.3,0.512986881014084,conservative,explore
60,DTLZ4,20,9,32,0.0412811387900356,0.119572953736655,0.19047619047619,0.3,0.518172325901885,conservative,explore
60,DTLZ4,20,9,33,0.0590747330960854,0.0412811387900356,0.186147186147186,0.3,0.515420260934606,conservative,explore
60,DTLZ4,20,9,34,0.0469750889679715,0.0590747330960854,0.19047619047619,0.35,0.501884238188321,conservative,explore
61,DTLZ7,10,1,1,0.00888888888888889,1,0.0629370629370629,0.1,0.45184840208396,curriculum,explore
61,DTLZ7,10,1,2,0.00854092526690392,0.00888888888888889,0.0769230769230769,0.1,0.469335445537341,conservative,explore
61,DTLZ7,10,1,3,0.00355871886120996,0.00854092526690392,0.0804195804195804,0.1,0.552943007529043,weighted,explore
61,DTLZ7,10,1,4,0.00142348754448399,0.00355871886120996,0.0979020979020979,0.1,0.481327014157754,conservative,explore
61,DTLZ7,10,1,5,0.00213523131672598,0.00142348754448399,0.108391608391608,0.1,0.633776501954109,weighted,explore
61,DTLZ7,10,1,6,0.00498220640569395,0.00213523131672598,0.125874125874126,0.2,0.506344290068626,conservative,explore
61,DTLZ7,10,1,7,0.00925266903914591,0.00498220640569395,0.146853146853147,0.2,0.509819027277491,conservative,explore
61,DTLZ7,10,1,8,0.00427046263345196,0.00925266903914591,0.146853146853147,0.2,0.533557570214975,conservative,explore
61,DTLZ7,10,1,9,0.0113879003558719,0.00427046263345196,0.153846153846154,0.2,0.659581797958335,weighted,explore
61,DTLZ7,10,1,10,0.0797153024911032,0.0113879003558719,0.164335664335664,0.2,0.659645804851922,weighted,explore
61,DTLZ7,10,1,11,0.00711743772241993,0.0797153024911032,0.160839160839161,0.2,0.676944841722513,weighted,explore
61,DTLZ7,10,1,12,0.0099644128113879,0.00711743772241993,0.160839160839161,0.2,0.667035454044834,weighted,explore
61,DTLZ7,10,1,13,0.0099644128113879,0.0099644128113879,0.164335664335664,0.2,0.59783191732829,weighted,explore
61,DTLZ7,10,1,14,0.00569395017793594,0.0099644128113879,0.160839160839161,0.2,0.668212574053918,weighted,explore
61,DTLZ7,10,1,15,0.0263345195729537,0.00569395017793594,0.160839160839161,0.2,0.692767021090741,weighted,explore
61,DTLZ7,10,1,16,0.0441281138790036,0.0263345195729537,0.153846153846154,0.2,0.675359331546928,weighted,explore
61,DTLZ7,10,1,17,0.00640569395017794,0.0441281138790036,0.164335664335664,0.2,0.656523917296293,weighted,explore
61,DTLZ7,10,1,18,0.0320284697508897,0.00640569395017794,0.157342657342657,0.2,0.598528046317935,weighted,explore
61,DTLZ7,10,1,19,0.0249110320284698,0.0320284697508897,0.153846153846154,0.2,0.692340717463493,weighted,explore
61,DTLZ7,10,1,20,0.00498220640569395,0.0249110320284698,0.146853146853147,0.2,0.659382462824327,weighted,explore
61,DTLZ7,10,1,21,0.0291814946619217,0.00498220640569395,0.160839160839161,0.3,0.657916637816521,weighted,explore
61,DTLZ7,10,1,22,0.0419928825622776,0.0291814946619217,0.157342657342657,0.3,0.633188310769729,weighted,explore
61,DTLZ7,10,1,23,0.0676156583629893,0.0419928825622776,0.164335664335664,0.2,0.642996833020871,weighted,explore
61,DTLZ7,10,1,24,0.00854092526690392,0.0676156583629893,0.164335664335664,0.3,0.534840813242478,conservative,explore
61,DTLZ7,10,1,25,0.0142348754448399,0.00854092526690392,0.171328671328671,0.3,0.599946679428927,weighted,explore
61,DTLZ7,10,1,26,0.0106761565836299,0.0142348754448399,0.174825174825175,0.3,0.68786925663561,weighted,explore
61,DTLZ7,10,1,27,0.0177935943060498,0.0106761565836299,0.171328671328671,0.3,0.62795061768975,weighted,explore
61,DTLZ7,10,1,28,0.00355871886120996,0.0177935943060498,0.171328671328671,0.3,0.635725892955741,weighted,explore
61,DTLZ7,10,1,29,0.00925266903914591,0.00355871886120996,0.181818181818182,0.3,0.601714892991416,weighted,explore
61,DTLZ7,10,1,30,0.0113879003558719,0.00925266903914591,0.181818181818182,0.3,0.659583343200364,weighted,explore
61,DTLZ7,10,1,31,0.159430604982206,0.0113879003558719,0.188811188811189,0.3,0.64355539184965,weighted,explore
61,DTLZ7,10,1,32,0.0170818505338078,0.159430604982206,0.199300699300699,0.2,0.674945638987974,weighted,explore
61,DTLZ7,10,1,33,0.148754448398577,0.0170818505338078,0.20979020979021,0.2,0.459268288290585,conservative,explore
61,DTLZ7,10,1,34,0.00854092526690392,0.148754448398577,0.227272727272727,0.2,0.685811626699156,weighted,explore
62,DTLZ7,10,10,1,0.0177777777777778,1,0.0664335664335664,0.2,0.342033084250849,curriculum,explore
62,DTLZ7,10,10,2,0.00569395017793594,0.0177777777777778,0.0839160839160839,0.2,0.333996128429313,conservative,explore
62,DTLZ7,10,10,3,0.00213523131672598,0.00569395017793594,0.0944055944055944,0.2,0.568544590448165,weighted,explore
62,DTLZ7,10,10,4,0.00427046263345196,0.00213523131672598,0.101398601398601,0.2,0.341485601798638,conservative,explore
62,DTLZ7,10,10,5,0.00782918149466192,0.00427046263345196,0.115384615384615,0.2,0.689273231260555,weighted,explore
62,DTLZ7,10,10,6,0.00427046263345196,0.00782918149466192,0.122377622377622,0.2,0.680891529547878,weighted,explore
62,DTLZ7,10,10,7,0.00284697508896797,0.00427046263345196,0.132867132867133,0.2,0.654910899041395,weighted,explore
62,DTLZ7,10,10,8,0,0.00284697508896797,0.13986013986014,0.2,0.60946464129705,weighted,explore
62,DTLZ7,10,10,9,0.00213523131672598,0,0.146853146853147,0.2,0.573446152827303,weighted,explore
62,DTLZ7,10,10,10,0.000711743772241993,0.00213523131672598,0.15034965034965,0.2,0.583316636379397,weighted,explore
62,DTLZ7,10,10,11,0,0.000711743772241993,0.153846153846154,0.2,0.583942243871233,weighted,explore
62,DTLZ7,10,10,12,0.0099644128113879,0,0.157342657342657,0.2,0.583903244000988,weighted,explore
62,DTLZ7,10,10,13,0.00355871886120996,0.0099644128113879,0.157342657342657,0.2,0.641843738279793,weighted,explore
62,DTLZ7,10,10,14,0.0241992882562278,0.00355871886120996,0.15034965034965,0.2,0.59211346373007,weighted,explore
62,DTLZ7,10,10,15,0.00355871886120996,0.0241992882562278,0.146853146853147,0.2,0.619658567803165,weighted,explore
62,DTLZ7,10,10,16,0.149466192170818,0.00355871886120996,0.146853146853147,0.2,0.648732681385214,weighted,explore
62,DTLZ7,10,10,17,0.0733096085409253,0.149466192170818,0.146853146853147,0.2,0.569191154532459,weighted,explore
62,DTLZ7,10,10,18,0.130249110320285,0.0733096085409253,0.143356643356643,0.2,0.614389734799589,weighted,explore
62,DTLZ7,10,10,19,0.0341637010676157,0.130249110320285,0.153846153846154,0.2,0.694602192713751,weighted,explore
62,DTLZ7,10,10,20,0.0256227758007117,0.0341637010676157,0.15034965034965,0.2,0.693666142986096,weighted,explore
62,DTLZ7,10,10,21,0.00213523131672598,0.0256227758007117,0.15034965034965,0.2,0.445609398443305,conservative,explore
62,DTLZ7,10,10,22,0.00782918149466192,0.00213523131672598,0.143356643356643,0.3,0.66900155864844,weighted,explore
62,DTLZ7,10,10,23,0.0113879003558719,0.00782918149466192,0.13986013986014,0.3,0.65299866869874,weighted,explore
62,DTLZ7,10,10,24,0.0412811387900356,0.0113879003558719,0.132867132867133,0.3,0.607975964946335,weighted,explore
62,DTLZ7,10,10,25,0.0896797153024911,0.0412811387900356,0.136363636363636,0.3,0.68458807161403,weighted,explore
62,DTLZ7,10,10,26,0.123843416370107,0.0896797153024911,0.146853146853147,0.3,0.661244988625711,weighted,explore
62,DTLZ7,10,10,27,0.0327402135231317,0.123843416370107,0.146853146853147,0.3,0.640696847485265,weighted,explore
62,DTLZ7,10,10,28,0.0156583629893238,0.0327402135231317,0.157342657342657,0.3,0.67403294327942,weighted,explore
62,DTLZ7,10,10,29,0.0106761565836299,0.0156583629893238,0.146853146853147,0.3,0.432593820523932,conservative,explore
62,DTLZ7,10,10,30,0.0427046263345196,0.0106761565836299,0.15034965034965,0.3,0.434637108162573,conservative,explore
62,DTLZ7,10,10,31,0.0462633451957295,0.0427046263345196,0.153846153846154,0.3,0.657435751982087,weighted,explore
62,DTLZ7,10,10,32,0.095373665480427,0.0462633451957295,0.160839160839161,0.3,0.664166057730444,weighted,explore
62,DTLZ7,10,10,33,0.0512455516014235,0.095373665480427,0.174825174825175,0.3,0.653269780403898,weighted,explore
62,DTLZ7,10,10,34,0.0298932384341637,0.0512455516014235,0.171328671328671,0.3,0.690392937647165,weighted,explore
63,DTLZ7,10,2,1,0.00555555555555556,1,0.0629370629370629,0.2,0.540414971229766,curriculum,explore
63,DTLZ7,10,2,2,0.00213523131672598,0.00555555555555556,0.0664335664335664,0.2,0.352605492098541,conservative,explore
63,DTLZ7,10,2,3,0.00640569395017794,0.00213523131672598,0.0629370629370629,0.2,0.405897430640364,conservative,explore
63,DTLZ7,10,2,4,0.00569395017793594,0.00640569395017794,0.0734265734265734,0.1,0.41625591317509,conservative,explore
63,DTLZ7,10,2,5,0.0106761565836299,0.00569395017793594,0.0909090909090909,0.2,0.434688604851593,conservative,explore
63,DTLZ7,10,2,6,0.00711743772241993,0.0106761565836299,0.0909090909090909,0.2,0.435329348027653,conservative,explore
63,DTLZ7,10,2,7,0.00854092526690392,0.00711743772241993,0.0874125874125874,0.2,0.550996087954968,weighted,explore
63,DTLZ7,10,2,8,0.00569395017793594,0.00854092526690392,0.0909090909090909,0.2,0.626163505117848,weighted,explore
63,DTLZ7,10,2,9,0.000711743772241993,0.00569395017793594,0.108391608391608,0.2,0.428859631176906,conservative,explore
63,DTLZ7,10,2,10,0.000711743772241993,0.000711743772241993,0.111888111888112,0.2,0.44161930701546,conservative,explore
63,DTLZ7,10,2,11,0.00284697508896797,0.000711743772241993,0.115384615384615,0.2,0.50982865132672,conservative,explore
63,DTLZ7,10,2,12,0.00142348754448399,0.00284697508896797,0.122377622377622,0.2,0.387902391026097,conservative,explore
63,DTLZ7,10,2,13,0,0.00142348754448399,0.132867132867133,0.2,0.515909570877507,conservative,explore
63,DTLZ7,10,2,14,0.000711743772241993,0,0.146853146853147,0.2,0.473466306152217,conservative,explore
63,DTLZ7,10,2,15,0.0270462633451957,0.000711743772241993,0.153846153846154,0.2,0.694942149910872,weighted,explore
63,DTLZ7,10,2,16,0.00854092526690392,0.0270462633451957,0.174825174825175,0.2,0.631986104950428,weighted,explore
63,DTLZ7,10,2,17,0.0099644128113879,0.00854092526690392,0.178321678321678,0.2,0.589079909869962,weighted,explore
63,DTLZ7,10,2,18,0.0099644128113879,0.0099644128113879,0.181818181818182,0.2,0.693630150355532,weighted,explore
63,DTLZ7,10,2,19,0.0405693950177936,0.0099644128113879,0.188811188811189,0.2,0.36019772897539,conservative,explore
63,DTLZ7,10,2,20,0.0170818505338078,0.0405693950177936,0.192307692307692,0.2,0.436897699360985,conservative,explore
63,DTLZ7,10,2,21,0.0120996441281139,0.0170818505338078,0.195804195804196,0.2,0.484597828978672,conservative,explore
63,DTLZ7,10,2,22,0.0590747330960854,0.0120996441281139,0.188811188811189,0.2,0.666986927175662,weighted,explore
63,DTLZ7,10,2,23,0.0405693950177936,0.0590747330960854,0.192307692307692,0.2,0.658289704729897,weighted,explore
63,DTLZ7,10,2,24,0.0177935943060498,0.0405693950177936,0.202797202797203,0.2,0.692939950073339,weighted,explore
63,DTLZ7,10,2,25,0.0441281138790036,0.0177935943060498,0.192307692307692,0.2,0.684906358162306,weighted,explore
63,DTLZ7,10,2,26,0.00925266903914591,0.0441281138790036,0.202797202797203,0.2,0.455480855429308,conservative,explore
63,DTLZ7,10,2,27,0.0391459074733096,0.00925266903914591,0.202797202797203,0.2,0.666967665000249,weighted,explore
63,DTLZ7,10,2,28,0.0669039145907473,0.0391459074733096,0.188811188811189,0.2,0.699820127863638,weighted,explore
63,DTLZ7,10,2,29,0.0113879003558719,0.0669039145907473,0.192307692307692,0.2,0.644148211045138,weighted,explore
63,DTLZ7,10,2,30,0.0163701067615658,0.0113879003558719,0.188811188811189,0.2,0.603565436781495,weighted,explore
63,DTLZ7,10,2,31,0.0199288256227758,0.0163701067615658,0.188811188811189,0.2,0.684865203957198,weighted,explore
63,DTLZ7,10,2,32,0.0106761565836299,0.0199288256227758,0.199300699300699,0.2,0.61953624637386,weighted,explore
63,DTLZ7,10,2,33,0.0911032028469751,0.0106761565836299,0.188811188811189,0.2,0.564129134244453,weighted,explore
63,DTLZ7,10,2,34,0.0227758007117438,0.0911032028469751,0.195804195804196,0.2,0.523313637476503,conservative,explore
64,DTLZ7,10,3,1,0.00666666666666667,1,0.0804195804195804,0.1,0.425457962077728,curriculum,explore
64,DTLZ7,10,3,2,0,0.00666666666666667,0.0839160839160839,0.1,0.352680305002882,conservative,explore
64,DTLZ7,10,3,3,0.00142348754448399,0,0.0909090909090909,0.1,0.605926936700028,weighted,explore
64,DTLZ7,10,3,4,0.00284697508896797,0.00142348754448399,0.104895104895105,0.1,0.588239780790778,weighted,explore
64,DTLZ7,10,3,5,0.0135231316725979,0.00284697508896797,0.108391608391608,0.1,0.670614781322362,weighted,explore
64,DTLZ7,10,3,6,0.0199288256227758,0.0135231316725979,0.129370629370629,0.1,0.616510915476376,weighted,explore
64,DTLZ7,10,3,7,0.0341637010676157,0.0199288256227758,0.13986013986014,0.1,0.671382891861514,weighted,explore
64,DTLZ7,10,3,8,0.000711743772241993,0.0341637010676157,0.143356643356643,0.1,0.505665362384988,conservative,explore
64,DTLZ7,10,3,9,0.00782918149466192,0.000711743772241993,0.153846153846154,0.1,0.407447276421161,conservative,explore
64,DTLZ7,10,3,10,0.00142348754448399,0.00782918149466192,0.153846153846154,0.1,0.33933337578321,conservative,explore
64,DTLZ7,10,3,11,0.0142348754448399,0.00142348754448399,0.171328671328671,0.1,0.626097758582298,weighted,explore
64,DTLZ7,10,3,12,0.00355871886120996,0.0142348754448399,0.171328671328671,0.2,0.599325837911587,weighted,explore
64,DTLZ7,10,3,13,0.00782918149466192,0.00355871886120996,0.171328671328671,0.2,0.587119518597818,weighted,explore
64,DTLZ7,10,3,14,0.000711743772241993,0.00782918149466192,0.181818181818182,0.2,0.573150620494227,weighted,explore
64,DTLZ7,10,3,15,0.0241992882562278,0.000711743772241993,0.185314685314685,0.2,0.607319577939253,weighted,explore
64,DTLZ7,10,3,16,0.00498220640569395,0.0241992882562278,0.188811188811189,0.2,0.585325074484044,weighted,explore
64,DTLZ7,10,3,17,0.0149466192170819,0.00498220640569395,0.192307692307692,0.2,0.541267964497834,conservative,explore
64,DTLZ7,10,3,18,0.00782918149466192,0.0149466192170819,0.192307692307692,0.2,0.533120525484249,conservative,explore
64,DTLZ7,10,3,19,0.154448398576512,0.00782918149466192,0.195804195804196,0.2,0.58192485460442,weighted,explore
64,DTLZ7,10,3,20,0.0220640569395018,0.154448398576512,0.20979020979021,0.2,0.684791411622857,weighted,explore
64,DTLZ7,10,3,21,0.0597864768683274,0.0220640569395018,0.22027972027972,0.2,0.673720204667002,weighted,explore
64,DTLZ7,10,3,22,0.0512455516014235,0.0597864768683274,0.216783216783217,0.3,0.653002311141589,weighted,explore
64,DTLZ7,10,3,23,0.111032028469751,0.0512455516014235,0.202797202797203,0.3,0.655750259813842,weighted,explore
64,DTLZ7,10,3,24,0.0562277580071174,0.111032028469751,0.199300699300699,0.3,0.65462840334168,weighted,explore
64,DTLZ7,10,3,25,0.120284697508897,0.0562277580071174,0.20979020979021,0.3,0.638614255325999,weighted,explore
64,DTLZ7,10,3,26,0.0619217081850534,0.120284697508897,0.230769230769231,0.3,0.666565407144529,weighted,explore
64,DTLZ7,10,3,27,0.133096085409253,0.0619217081850534,0.223776223776224,0.3,0.641466123772856,weighted,explore
64,DTLZ7,10,3,28,0.0832740213523132,0.133096085409253,0.216783216783217,0.3,0.657460788721097,weighted,explore
64,DTLZ7,10,3,29,0.098220640569395,0.0832740213523132,0.216783216783217,0.3,0.647939258999709,weighted,explore
64,DTLZ7,10,3,30,0.128825622775801,0.098220640569395,0.202797202797203,0.3,0.67642521210685,weighted,explore
64,DTLZ7,10,3,31,0.206405693950178,0.128825622775801,0.213286713286713,0.3,0.639483692258005,weighted,explore
64,DTLZ7,10,3,32,0.0669039145907473,0.206405693950178,0.202797202797203,0.3,0.64227726035964,weighted,explore
64,DTLZ7,10,3,33,0.0733096085409253,0.0669039145907473,0.202797202797203,0.3,0.623725037328054,weighted,explore
64,DTLZ7,10,3,34,0.0697508896797153,0.0733096085409253,0.213286713286713,0.3,0.674790582466427,weighted,explore
65,DTLZ7,10,4,1,0.00777777777777778,1,0.0769230769230769,0.1,0.386107491047556,curriculum,explore
65,DTLZ7,10,4,2,0.00213523131672598,0.00777777777777778,0.0874125874125874,0.1,0.387602871384087,conservative,explore
65,DTLZ7,10,4,3,0.00640569395017794,0.00213523131672598,0.0944055944055944,0.1,0.369853444441963,conservative,explore
65,DTLZ7,10,4,4,0,0.00640569395017794,0.104895104895105,0.2,0.344726208306449,conservative,explore
65,DTLZ7,10,4,5,0,0,0.104895104895105,0.2,0.497405350846461,conservative,explore
65,DTLZ7,10,4,6,0.00569395017793594,0,0.104895104895105,0.2,0.452284628415254,conservative,explore
65,DTLZ7,10,4,7,0.00782918149466192,0.00569395017793594,0.108391608391608,0.2,0.545242588069977,conservative,explore
65,DTLZ7,10,4,8,0,0.00782918149466192,0.118881118881119,0.2,0.601408798443468,weighted,explore
65,DTLZ7,10,4,9,0.000711743772241993,0,0.132867132867133,0.2,0.610187402129998,weighted,explore
65,DTLZ7,10,4,10,0.00925266903914591,0.000711743772241993,0.132867132867133,0.2,0.565035534491371,weighted,explore
65,DTLZ7,10,4,11,0.00213523131672598,0.00925266903914591,0.136363636363636,0.2,0.469523500387712,conservative,explore
65,DTLZ7,10,4,12,0.00213523131672598,0.00213523131672598,0.13986013986014,0.2,0.65478769500124,weighted,explore
65,DTLZ7,10,4,13,0.0106761565836299,0.00213523131672598,0.132867132867133,0.2,0.636801573004297,weighted,explore
65,DTLZ7,10,4,14,0.0227758007117438,0.0106761565836299,0.13986013986014,0.2,0.601706713771217,weighted,explore
65,DTLZ7,10,4,15,0.00355871886120996,0.0227758007117438,0.143356643356643,0.2,0.569155557375582,weighted,explore
65,DTLZ7,10,4,16,0.00142348754448399,0.00355871886120996,0.146853146853147,0.2,0.573888035706525,weighted,explore
65,DTLZ7,10,4,17,0.106761565836299,0.00142348754448399,0.160839160839161,0.2,0.623099441390962,weighted,explore
65,DTLZ7,10,4,18,0.0256227758007117,0.106761565836299,0.160839160839161,0.2,0.597745352009895,weighted,explore
65,DTLZ7,10,4,19,0.0213523131672598,0.0256227758007117,0.164335664335664,0.3,0.582538114958718,weighted,explore
65,DTLZ7,10,4,20,0.00854092526690392,0.0213523131672598,0.157342657342657,0.3,0.567266539481052,weighted,explore
65,DTLZ7,10,4,21,0.190035587188612,0.00854092526690392,0.153846153846154,0.2,0.685771330931218,weighted,explore
65,DTLZ7,10,4,22,0.113167259786477,0.190035587188612,0.160839160839161,0.2,0.668477467743662,weighted,explore
65,DTLZ7,10,4,23,0.0412811387900356,0.113167259786477,0.153846153846154,0.3,0.695023494230477,weighted,explore
65,DTLZ7,10,4,24,0.0313167259786477,0.0412811387900356,0.157342657342657,0.3,0.669975934780746,weighted,explore
65,DTLZ7,10,4,25,0.0206405693950178,0.0313167259786477,0.153846153846154,0.3,0.617537882549284,weighted,explore
65,DTLZ7,10,4,26,0.0640569395017794,0.0206405693950178,0.167832167832168,0.3,0.609967987334429,weighted,explore
65,DTLZ7,10,4,27,0.0256227758007117,0.0640569395017794,0.171328671328671,0.3,0.530474403672688,conservative,explore
65,DTLZ7,10,4,28,0.128825622775801,0.0256227758007117,0.143356643356643,0.3,0.577262034396094,weighted,explore
65,DTLZ7,10,4,29,0.284697508896797,0.128825622775801,0.167832167832168,0.3,0.572682616276306,weighted,explore
65,DTLZ7,10,4,30,0.195017793594306,0.284697508896797,0.195804195804196,0.3,0.535900397392999,conservative,explore
65,DTLZ7,10,4,31,0.143772241992883,0.195017793594306,0.181818181818182,0.3,0.559770533435312,weighted,explore
65,DTLZ7,10,4,32,0.00854092526690392,0.143772241992883,0.15034965034965,0.3,0.644944660065557,weighted,explore
65,DTLZ7,10,4,33,0.115302491103203,0.00854092526690392,0.157342657342657,0.3,0.627743734732763,weighted,explore
65,DTLZ7,10,4,34,0.111032028469751,0.115302491103203,0.178321678321678,0.3,0.61231297443647,weighted,explore
66,DTLZ7,10,5,1,0.00444444444444444,1,0.0664335664335664,0.2,0.550997291144044,curriculum,explore
66,DTLZ7,10,5,2,0.00142348754448399,0.00444444444444444,0.0734265734265734,0.1,0.588748028543586,weighted,explore
66,DTLZ7,10,5,3,0.000711743772241993,0.00142348754448399,0.0839160839160839,0.1,0.582774287824314,weighted,explore
66,DTLZ7,10,5,4,0.00355871886120996,0.000711743772241993,0.0979020979020979,0.2,0.579953115302196,weighted,explore
66,DTLZ7,10,5,5,0,0.00355871886120996,0.104895104895105,0.2,0.682686619965486,weighted,explore
66,DTLZ7,10,5,6,0.00711743772241993,0,0.104895104895105,0.2,0.674392556561962,weighted,explore
66,DTLZ7,10,5,7,0.00284697508896797,0.00711743772241993,0.115384615384615,0.2,0.684828557146664,weighted,explore
66,DTLZ7,10,5,8,0.000711743772241993,0.00284697508896797,0.129370629370629,0.2,0.625112676672996,weighted,explore
66,DTLZ7,10,5,9,0.000711743772241993,0.000711743772241993,0.136363636363636,0.2,0.608804978067977,weighted,explore
66,DTLZ7,10,5,10,0,0.000711743772241993,0.146853146853147,0.2,0.358859051254434,conservative,explore
66,DTLZ7,10,5,11,0.00213523131672598,0,0.160839160839161,0.2,0.444492143298477,conservative,explore
66,DTLZ7,10,5,12,0.00854092526690392,0.00213523131672598,0.164335664335664,0.2,0.423269015778861,conservative,explore
66,DTLZ7,10,5,13,0.000711743772241993,0.00854092526690392,0.143356643356643,0.2,0.49200161934473,conservative,explore
66,DTLZ7,10,5,14,0.0498220640569395,0.000711743772241993,0.146853146853147,0.2,0.594638813528379,weighted,explore
66,DTLZ7,10,5,15,0.0384341637010676,0.0498220640569395,0.15034965034965,0.2,0.57801906563036,weighted,explore
66,DTLZ7,10,5,16,0.0270462633451957,0.0384341637010676,0.13986013986014,0.2,0.630161041593318,weighted,explore
66,DTLZ7,10,5,17,0.0384341637010676,0.0270462633451957,0.129370629370629,0.2,0.428137006282331,conservative,explore
66,DTLZ7,10,5,18,0.0555160142348754,0.0384341637010676,0.146853146853147,0.3,0.598036457528998,weighted,explore
66,DTLZ7,10,5,19,0.0697508896797153,0.0555160142348754,0.132867132867133,0.3,0.657847383030214,weighted,explore
66,DTLZ7,10,5,20,0.0427046263345196,0.0697508896797153,0.136363636363636,0.3,0.687156183436402,weighted,explore
66,DTLZ7,10,5,21,0.094661921708185,0.0427046263345196,0.136363636363636,0.3,0.685516906735436,weighted,explore
66,DTLZ7,10,5,22,0.133096085409253,0.094661921708185,0.129370629370629,0.3,0.610044587739481,weighted,explore
66,DTLZ7,10,5,23,0.0782918149466192,0.133096085409253,0.15034965034965,0.3,0.539598036613521,conservative,explore
66,DTLZ7,10,5,24,0.0192170818505338,0.0782918149466192,0.146853146853147,0.3,0.537899776923659,conservative,explore
66,DTLZ7,10,5,25,0.16085409252669,0.0192170818505338,0.143356643356643,0.3,0.664601987933797,weighted,explore
66,DTLZ7,10,5,26,0.00355871886120996,0.16085409252669,0.146853146853147,0.3,0.463189751786616,conservative,explore
66,DTLZ7,10,5,27,0.0640569395017794,0.00355871886120996,0.15034965034965,0.4,0.486585516763898,conservative,explore
66,DTLZ7,10,5,28,0.0135231316725979,0.0640569395017794,0.153846153846154,0.3,0.604093869949148,weighted,explore
66,DTLZ7,10,5,29,0.0704626334519573,0.0135231316725979,0.160839160839161,0.3,0.569572188200461,weighted,explore
66,DTLZ7,10,5,30,0.0483985765124555,0.0704626334519573,0.143356643356643,0.4,0.601175568119478,weighted,explore
66,DTLZ7,10,5,31,0.099644128113879,0.0483985765124555,0.143356643356643,0.3,0.603628215671216,weighted,explore
66,DTLZ7,10,5,32,0.0170818505338078,0.099644128113879,0.160839160839161,0.3,0.625484501530099,weighted,explore
66,DTLZ7,10,5,33,0.145195729537367,0.0170818505338078,0.153846153846154,0.3,0.633656484684267,weighted,explore
66,DTLZ7,10,5,34,0.0533807829181495,0.145195729537367,0.157342657342657,0.4,0.513902301933192,conservative,explore
67,DTLZ7,10,6,1,0.00444444444444444,1,0.0699300699300699,0.1,0.36107045978742,curriculum,explore
67,DTLZ7,10,6,2,0,0.00444444444444444,0.0629370629370629,0.1,0.349052397872587,conservative,explore
67,DTLZ7,10,6,3,0.00782918149466192,0,0.0734265734265734,0.1,0.44041697428139,conservative,explore
67,DTLZ7,10,6,4,0.00498220640569395,0.00782918149466192,0.0874125874125874,0.1,0.469572614803591,conservative,explore
67,DTLZ7,10,6,5,0.00640569395017794,0.00498220640569395,0.108391608391608,0.2,0.415607131736952,conservative,explore
67,DTLZ7,10,6,6,0.00355871886120996,0.00640569395017794,0.111888111888112,0.2,0.509801606111004,conservative,explore
67,DTLZ7,10,6,7,0.0149466192170819,0.00355871886120996,0.101398601398601,0.2,0.53263090003951,conservative,explore
67,DTLZ7,10,6,8,0.0192170818505338,0.0149466192170819,0.118881118881119,0.2,0.595153618693293,weighted,explore
67,DTLZ7,10,6,9,0.0135231316725979,0.0192170818505338,0.129370629370629,0.2,0.661514355228881,weighted,explore
67,DTLZ7,10,6,10,0.0241992882562278,0.0135231316725979,0.125874125874126,0.2,0.665152333640541,weighted,explore
67,DTLZ7,10,6,11,0.00925266903914591,0.0241992882562278,0.125874125874126,0.2,0.651136918058916,weighted,explore
67,DTLZ7,10,6,12,0.0377224199288256,0.00925266903914591,0.129370629370629,0.2,0.631874703902149,weighted,explore
67,DTLZ7,10,6,13,0.0270462633451957,0.0377224199288256,0.132867132867133,0.2,0.599621509673844,weighted,explore
67,DTLZ7,10,6,14,0.00355871886120996,0.0270462633451957,0.13986013986014,0.2,0.667442687854254,weighted,explore
67,DTLZ7,10,6,15,0.00213523131672598,0.00355871886120996,0.146853146853147,0.2,0.668579693513856,weighted,explore
67,DTLZ7,10,6,16,0.0106761565836299,0.00213523131672598,0.13986013986014,0.2,0.535951807053213,conservative,explore
67,DTLZ7,10,6,17,0.00427046263345196,0.0106761565836299,0.125874125874126,0.2,0.500260492926563,conservative,explore
67,DTLZ7,10,6,18,0.00427046263345196,0.00427046263345196,0.143356643356643,0.2,0.407789522497191,conservative,explore
67,DTLZ7,10,6,19,0.0177935943060498,0.00427046263345196,0.146853146853147,0.2,0.463169902063662,conservative,explore
67,DTLZ7,10,6,20,0.00355871886120996,0.0177935943060498,0.143356643356643,0.2,0.39017034035129,conservative,explore
67,DTLZ7,10,6,21,0.000711743772241993,0.00355871886120996,0.164335664335664,0.2,0.463937660798065,conservative,explore
67,DTLZ7,10,6,22,0.0327402135231317,0.000711743772241993,0.164335664335664,0.2,0.689278927082744,weighted,explore
67,DTLZ7,10,6,23,0.00284697508896797,0.0327402135231317,0.174825174825175,0.2,0.361808587399722,conservative,explore
67,DTLZ7,10,6,24,0.0441281138790036,0.00284697508896797,0.181818181818182,0.3,0.690965554153492,weighted,explore
67,DTLZ7,10,6,25,0.00355871886120996,0.0441281138790036,0.185314685314685,0.3,0.552026866751409,weighted,explore
67,DTLZ7,10,6,26,0.0142348754448399,0.00355871886120996,0.188811188811189,0.3,0.696521347085436,weighted,explore
67,DTLZ7,10,6,27,0.0206405693950178,0.0142348754448399,0.206293706293706,0.3,0.522232623388666,conservative,explore
67,DTLZ7,10,6,28,0.138790035587189,0.0206405693950178,0.174825174825175,0.3,0.637218317619097,weighted,explore
67,DTLZ7,10,6,29,0.128825622775801,0.138790035587189,0.178321678321678,0.3,0.690595522275793,weighted,explore
67,DTLZ7,10,6,30,0.0939501779359431,0.128825622775801,0.181818181818182,0.3,0.61684016334416,weighted,explore
67,DTLZ7,10,6,31,0,0.0939501779359431,0.188811188811189,0.3,0.36174939323204,conservative,explore
67,DTLZ7,10,6,32,0.151601423487544,0,0.188811188811189,0.3,0.62762279158468,weighted,explore
67,DTLZ7,10,6,33,0.00142348754448399,0.151601423487544,0.178321678321678,0.3,0.455358116031609,conservative,explore
67,DTLZ7,10,6,34,0.00498220640569395,0.00142348754448399,0.174825174825175,0.3,0.691888016324256,weighted,explore
68,DTLZ7,10,7,1,0.0133333333333333,1,0.0839160839160839,0.1,0.407791956833505,curriculum,explore
68,DTLZ7,10,7,2,0.00498220640569395,0.0133333333333333,0.0874125874125874,0.1,0.460826788750541,conservative,explore
68,DTLZ7,10,7,3,0.0185053380782918,0.00498220640569395,0.0909090909090909,0.2,0.459960212538186,conservative,explore
68,DTLZ7,10,7,4,0.00569395017793594,0.0185053380782918,0.101398601398601,0.2,0.505646780669937,conservative,explore
68,DTLZ7,10,7,5,0.00142348754448399,0.00569395017793594,0.0979020979020979,0.2,0.422992819985097,conservative,explore
68,DTLZ7,10,7,6,0.00213523131672598,0.00142348754448399,0.104895104895105,0.2,0.548438433298854,conservative,explore
68,DTLZ7,10,7,7,0,0.00213523131672598,0.118881118881119,0.2,0.567390474182431,weighted,explore
68,DTLZ7,10,7,8,0.00213523131672598,0,0.125874125874126,0.2,0.595767621327778,weighted,explore
68,DTLZ7,10,7,9,0,0.00213523131672598,0.129370629370629,0.2,0.630451134627472,weighted,explore
68,DTLZ7,10,7,10,0.00284697508896797,0,0.129370629370629,0.2,0.522437625383588,conservative,explore
68,DTLZ7,10,7,11,0.000711743772241993,0.00284697508896797,0.143356643356643,0.2,0.615602143469306,weighted,explore
68,DTLZ7,10,7,12,0.00213523131672598,0.000711743772241993,0.136363636363636,0.2,0.681092886047615,weighted,explore
68,DTLZ7,10,7,13,0.000711743772241993,0.00213523131672598,0.15034965034965,0.2,0.672229455976014,weighted,explore
68,DTLZ7,10,7,14,0.00355871886120996,0.000711743772241993,0.15034965034965,0.2,0.454395441867656,conservative,explore
68,DTLZ7,10,7,15,0.0419928825622776,0.00355871886120996,0.160839160839161,0.2,0.694877781205663,weighted,explore
68,DTLZ7,10,7,16,0.00640569395017794,0.0419928825622776,0.157342657342657,0.2,0.67566745713018,weighted,explore
68,DTLZ7,10,7,17,0.0327402135231317,0.00640569395017794,0.181818181818182,0.2,0.689425750299209,weighted,explore
68,DTLZ7,10,7,18,0.0270462633451957,0.0327402135231317,0.178321678321678,0.2,0.679661932556851,weighted,explore
68,DTLZ7,10,7,19,0.0661921708185053,0.0270462633451957,0.181818181818182,0.2,0.608198634045102,weighted,explore
68,DTLZ7,10,7,20,0.0640569395017794,0.0661921708185053,0.178321678321678,0.2,0.631951665527326,weighted,explore
68,DTLZ7,10,7,21,0.0220640569395018,0.0640569395017794,0.181818181818182,0.2,0.65052291224586,weighted,explore
68,DTLZ7,10,7,22,0.0704626334519573,0.0220640569395018,0.181818181818182,0.3,0.619690975342697,weighted,explore
68,DTLZ7,10,7,23,0.127402135231317,0.0704626334519573,0.164335664335664,0.3,0.642627478943226,weighted,explore
68,DTLZ7,10,7,24,0.114590747330961,0.127402135231317,0.171328671328671,0.3,0.650998897823305,weighted,explore
68,DTLZ7,10,7,25,0.00925266903914591,0.114590747330961,0.164335664335664,0.3,0.672408897068971,weighted,explore
68,DTLZ7,10,7,26,0.0142348754448399,0.00925266903914591,0.167832167832168,0.3,0.383253284312185,conservative,explore
68,DTLZ7,10,7,27,0.0377224199288256,0.0142348754448399,0.171328671328671,0.3,0.680781558690974,weighted,explore
68,DTLZ7,10,7,28,0.131672597864769,0.0377224199288256,0.181818181818182,0.3,0.653803560000864,weighted,explore
68,DTLZ7,10,7,29,0.0434163701067616,0.131672597864769,0.178321678321678,0.3,0.426874856827619,conservative,explore
68,DTLZ7,10,7,30,0.00854092526690392,0.0434163701067616,0.174825174825175,0.3,0.388604763803952,conservative,explore
68,DTLZ7,10,7,31,0.0669039145907473,0.00854092526690392,0.178321678321678,0.3,0.685703353171709,weighted,explore
68,DTLZ7,10,7,32,0.0903914590747331,0.0669039145907473,0.178321678321678,0.3,0.618971591567574,weighted,explore
68,DTLZ7,10,7,33,0.0469750889679715,0.0903914590747331,0.157342657342657,0.3,0.6216338381219,weighted,explore
68,DTLZ7,10,7,34,0.162277580071174,0.0469750889679715,0.15034965034965,0.3,0.609459423375263,weighted,explore
69,DTLZ7,10,8,1,0.0111111111111111,1,0.111888111888112,0.2,0.327967057274862,curriculum,explore
69,DTLZ7,10,8,2,0.00569395017793594,0.0111111111111111,0.118881118881119,0.2,0.375215628662293,conservative,explore
69,DTLZ7,10,8,3,0.000711743772241993,0.00569395017793594,0.104895104895105,0.2,0.388985916361035,conservative,explore
69,DTLZ7,10,8,4,0.00213523131672598,0.000711743772241993,0.129370629370629,0.2,0.436891759107505,conservative,explore
69,DTLZ7,10,8,5,0.00284697508896797,0.00213523131672598,0.143356643356643,0.2,0.517748421208171,conservative,explore
69,DTLZ7,10,8,6,0.00498220640569395,0.00284697508896797,0.15034965034965,0.2,0.520277796858193,conservative,explore
69,DTLZ7,10,8,7,0.00711743772241993,0.00498220640569395,0.15034965034965,0.2,0.498604044574708,conservative,explore
69,DTLZ7,10,8,8,0.000711743772241993,0.00711743772241993,0.167832167832168,0.2,0.536649652856286,conservative,explore
69,DTLZ7,10,8,9,0.00782918149466192,0.000711743772241993,0.171328671328671,0.2,0.552617560495901,weighted,explore
69,DTLZ7,10,8,10,0.00782918149466192,0.00782918149466192,0.164335664335664,0.2,0.672962964409779,weighted,explore
69,DTLZ7,10,8,11,0.00427046263345196,0.00782918149466192,0.167832167832168,0.2,0.334105423070732,conservative,explore
69,DTLZ7,10,8,12,0.00925266903914591,0.00427046263345196,0.181818181818182,0.2,0.578150837747828,weighted,explore
69,DTLZ7,10,8,13,0.00213523131672598,0.00925266903914591,0.199300699300699,0.2,0.518090882444702,conservative,explore
69,DTLZ7,10,8,14,0.00284697508896797,0.00213523131672598,0.202797202797203,0.2,0.682027651428617,weighted,explore
69,DTLZ7,10,8,15,0.00569395017793594,0.00284697508896797,0.188811188811189,0.2,0.687148924519031,weighted,explore
69,DTLZ7,10,8,16,0.00213523131672598,0.00569395017793594,0.174825174825175,0.2,0.546984231220233,conservative,explore
69,DTLZ7,10,8,17,0.0868327402135231,0.00213523131672598,0.188811188811189,0.2,0.650982647985996,weighted,explore
69,DTLZ7,10,8,18,0.0106761565836299,0.0868327402135231,0.192307692307692,0.2,0.571394031926899,weighted,explore
69,DTLZ7,10,8,19,0.0227758007117438,0.0106761565836299,0.202797202797203,0.2,0.64320094673348,weighted,explore
69,DTLZ7,10,8,20,0.00355871886120996,0.0227758007117438,0.202797202797203,0.2,0.343506298928043,conservative,explore
69,DTLZ7,10,8,21,0.0106761565836299,0.00355871886120996,0.195804195804196,0.2,0.651188395850618,weighted,explore
69,DTLZ7,10,8,22,0.00427046263345196,0.0106761565836299,0.192307692307692,0.2,0.6769163225017,weighted,explore
69,DTLZ7,10,8,23,0.00142348754448399,0.00427046263345196,0.188811188811189,0.2,0.625926922360461,weighted,explore
69,DTLZ7,10,8,24,0.132384341637011,0.00142348754448399,0.181818181818182,0.2,0.668729197494063,weighted,explore
69,DTLZ7,10,8,25,0.000711743772241993,0.132384341637011,0.171328671328671,0.3,0.442888360813151,conservative,explore
69,DTLZ7,10,8,26,0.0512455516014235,0.000711743772241993,0.160839160839161,0.3,0.691946628868419,weighted,explore
69,DTLZ7,10,8,27,0.125978647686833,0.0512455516014235,0.181818181818182,0.3,0.671066066923148,weighted,explore
69,DTLZ7,10,8,28,0.172953736654804,0.125978647686833,0.160839160839161,0.3,0.664109015697422,weighted,explore
69,DTLZ7,10,8,29,0.118149466192171,0.172953736654804,0.171328671328671,0.3,0.61349957301501,weighted,explore
69,DTLZ7,10,8,30,0.192170818505338,0.118149466192171,0.15034965034965,0.3,0.690159137726379,weighted,explore
69,DTLZ7,10,8,31,0.143772241992883,0.192170818505338,0.15034965034965,0.3,0.656148820458691,weighted,explore
69,DTLZ7,10,8,32,0.0106761565836299,0.143772241992883,0.15034965034965,0.3,0.353736502734127,conservative,explore
69,DTLZ7,10,8,33,0.0241992882562278,0.0106761565836299,0.146853146853147,0.3,0.612497249626697,weighted,explore
69,DTLZ7,10,8,34,0.0334519572953737,0.0241992882562278,0.15034965034965,0.3,0.563317813738955,weighted,explore
70,DTLZ7,10,9,1,0.00111111111111111,1,0.0769230769230769,0.2,0.398713731732122,curriculum,explore
70,DTLZ7,10,9,2,0.0142348754448399,0.00111111111111111,0.0839160839160839,0.2,0.601009956413431,weighted,explore
70,DTLZ7,10,9,3,0.00569395017793594,0.0142348754448399,0.0944055944055944,0.1,0.646603209391544,weighted,explore
70,DTLZ7,10,9,4,0.00854092526690392,0.00569395017793594,0.101398601398601,0.1,0.378782409032421,conservative,explore
70,DTLZ7,10,9,5,0.00142348754448399,0.00854092526690392,0.111888111888112,0.1,0.497308454824617,conservative,explore
70,DTLZ7,10,9,6,0.00355871886120996,0.00142348754448399,0.129370629370629,0.1,0.65291772614766,weighted,explore
70,DTLZ7,10,9,7,0.00782918149466192,0.00355871886120996,0.132867132867133,0.1,0.563074703158938,weighted,explore
70,DTLZ7,10,9,8,0.00355871886120996,0.00782918149466192,0.136363636363636,0.1,0.564196703585087,weighted,explore
70,DTLZ7,10,9,9,0.000711743772241993,0.00355871886120996,0.136363636363636,0.1,0.522130107618956,conservative,explore
70,DTLZ7,10,9,10,0.00782918149466192,0.000711743772241993,0.125874125874126,0.2,0.548329785551102,conservative,explore
70,DTLZ7,10,9,11,0.00640569395017794,0.00782918149466192,0.132867132867133,0.2,0.542574868619191,conservative,explore
70,DTLZ7,10,9,12,0.00142348754448399,0.00640569395017794,0.143356643356643,0.2,0.619279948048762,weighted,explore
70,DTLZ7,10,9,13,0.0604982206405694,0.00142348754448399,0.143356643356643,0.2,0.654670918448091,weighted,explore
70,DTLZ7,10,9,14,0.00213523131672598,0.0604982206405694,0.13986013986014,0.2,0.435892302822675,conservative,explore
70,DTLZ7,10,9,15,0.0241992882562278,0.00213523131672598,0.146853146853147,0.2,0.509929068053567,conservative,explore
70,DTLZ7,10,9,16,0.0106761565836299,0.0241992882562278,0.146853146853147,0.2,0.529218963112895,conservative,explore
70,DTLZ7,10,9,17,0.0711743772241993,0.0106761565836299,0.132867132867133,0.2,0.638026721592813,weighted,explore
70,DTLZ7,10,9,18,0.00569395017793594,0.0711743772241993,0.132867132867133,0.3,0.636268166075584,weighted,explore
70,DTLZ7,10,9,19,0.0213523131672598,0.00569395017793594,0.13986013986014,0.3,0.673001230968718,weighted,explore
70,DTLZ7,10,9,20,0.118861209964413,0.0213523131672598,0.132867132867133,0.3,0.628897296462834,weighted,explore
70,DTLZ7,10,9,21,0.121708185053381,0.118861209964413,0.146853146853147,0.3,0.64448002521031,weighted,explore
70,DTLZ7,10,9,22,0.0234875444839858,0.121708185053381,0.157342657342657,0.3,0.684371953356694,weighted,explore
70,DTLZ7,10,9,23,0.0839857651245552,0.0234875444839858,0.157342657342657,0.3,0.641521375136943,weighted,explore
70,DTLZ7,10,9,24,0.0263345195729537,0.0839857651245552,0.160839160839161,0.3,0.626605638793104,weighted,explore
70,DTLZ7,10,9,25,0.116014234875445,0.0263345195729537,0.167832167832168,0.3,0.581621044093758,weighted,explore
70,DTLZ7,10,9,26,0.179359430604982,0.116014234875445,0.178321678321678,0.3,0.668608596998214,weighted,explore
70,DTLZ7,10,9,27,0.118861209964413,0.179359430604982,0.188811188811189,0.3,0.629222094092301,weighted,explore
70,DTLZ7,10,9,28,0.0270462633451957,0.118861209964413,0.174825174825175,0.3,0.683010592698925,weighted,explore
70,DTLZ7,10,9,29,0.00640569395017794,0.0270462633451957,0.178321678321678,0.3,0.445977263812414,conservative,explore
70,DTLZ7,10,9,30,0.0170818505338078,0.00640569395017794,0.188811188811189,0.3,0.696593943174977,weighted,explore
70,DTLZ7,10,9,31,0.0754448398576512,0.0170818505338078,0.185314685314685,0.3,0.663359218316334,weighted,explore
70,DTLZ7,10,9,32,0.0128113879003559,0.0754448398576512,0.206293706293706,0.3,0.408039871422657,conservative,explore
70,DTLZ7,10,9,33,0.281138790035587,0.0128113879003559,0.188811188811189,0.4,0.665088018089866,weighted,explore
70,DTLZ7,10,9,34,0.271174377224199,0.281138790035587,0.185314685314685,0.3,0.635678203973223,weighted,explore
71,DTLZ7,20,1,1,0.0144444444444444,1,0.00432900432900433,0.2,0.320807114751482,curriculum,explore
71,DTLZ7,20,1,2,0.00284697508896797,0.0144444444444444,0.00432900432900433,0.2,0.615100295427602,weighted,explore
71,DTLZ7,20,1,3,0.00355871886120996,0.00284697508896797,0.00432900432900433,0.2,0.625638034964492,weighted,explore
71,DTLZ7,20,1,4,0.0241992882562278,0.00355871886120996,0.00432900432900433,0.2,0.615521645838387,weighted,explore
71,DTLZ7,20,1,5,0.00640569395017794,0.0241992882562278,0.00432900432900433,0.2,0.597734700628827,weighted,explore
71,DTLZ7,20,1,6,0.00711743772241993,0.00640569395017794,0.00432900432900433,0.25,0.606902764605109,weighted,explore
71,DTLZ7,20,1,7,0.00427046263345196,0.00711743772241993,0.00432900432900433,0.25,0.663897294143536,weighted,explore
71,DTLZ7,20,1,8,0.00711743772241993,0.00427046263345196,0.00432900432900433,0.25,0.643918513887554,weighted,explore
71,DTLZ7,20,1,9,0.00640569395017794,0.00711743772241993,0.00432900432900433,0.25,0.652843667069421,weighted,explore
71,DTLZ7,20,1,10,0.0412811387900356,0.00640569395017794,0.00432900432900433,0.25,0.642738671954027,weighted,explore
71,DTLZ7,20,1,11,0.00213523131672598,0.0412811387900356,0.00432900432900433,0.25,0.642767333325393,weighted,explore
71,DTLZ7,20,1,12,0.00640569395017794,0.00213523131672598,0.00432900432900433,0.25,0.633487842874014,weighted,explore
71,DTLZ7,20,1,13,0.0355871886120996,0.00640569395017794,0.00432900432900433,0.25,0.643171876018831,weighted,explore
71,DTLZ7,20,1,14,0.00925266903914591,0.0355871886120996,0.00432900432900433,0.25,0.671541074058481,weighted,explore
71,DTLZ7,20,1,15,0.0227758007117438,0.00925266903914591,0.00432900432900433,0.25,0.654200086677004,weighted,explore
71,DTLZ7,20,1,16,0.00142348754448399,0.0227758007117438,0.00432900432900433,0.25,0.663953445464242,weighted,explore
71,DTLZ7,20,1,17,0.00854092526690392,0.00142348754448399,0.00432900432900433,0.25,0.673789231435948,weighted,explore
71,DTLZ7,20,1,18,0.0135231316725979,0.00854092526690392,0.00432900432900433,0.25,0.664080324957004,weighted,explore
71,DTLZ7,20,1,19,0.0163701067615658,0.0135231316725979,0.00432900432900433,0.25,0.625322682946956,weighted,explore
71,DTLZ7,20,1,20,0.00284697508896797,0.0163701067615658,0.00432900432900433,0.25,0.567548145680407,weighted,explore
71,DTLZ7,20,1,21,0.00284697508896797,0.00284697508896797,0.00432900432900433,0.25,0.68984002369163,weighted,explore
71,DTLZ7,20,1,22,0.00854092526690392,0.00284697508896797,0.00432900432900433,0.25,0.652681540896135,weighted,explore
71,DTLZ7,20,1,23,0.0142348754448399,0.00854092526690392,0.00432900432900433,0.2,0.662343324097706,weighted,explore
71,DTLZ7,20,1,24,0.00640569395017794,0.0142348754448399,0.00432900432900433,0.2,0.67186503659176,weighted,explore
71,DTLZ7,20,1,25,0.0199288256227758,0.00640569395017794,0.00432900432900433,0.2,0.681321180364171,weighted,explore
71,DTLZ7,20,1,26,0.00640569395017794,0.0199288256227758,0.00432900432900433,0.2,0.633181367647581,weighted,explore
71,DTLZ7,20,1,27,0.00569395017793594,0.00640569395017794,0.00432900432900433,0.2,0.633181280234958,weighted,explore
71,DTLZ7,20,1,28,0.0263345195729537,0.00569395017793594,0.00432900432900433,0.2,0.642523462197384,weighted,explore
71,DTLZ7,20,1,29,0.0192170818505338,0.0263345195729537,0.00432900432900433,0.25,0.652126047446419,weighted,explore
71,DTLZ7,20,1,30,0.00569395017793594,0.0192170818505338,0.00432900432900433,0.25,0.64264958871939,weighted,explore
71,DTLZ7,20,1,31,0.0120996441281139,0.00569395017793594,0.00432900432900433,0.25,0.633616557559443,weighted,explore
71,DTLZ7,20,1,32,0.0163701067615658,0.0120996441281139,0.00432900432900433,0.25,0.662706703348464,weighted,explore
71,DTLZ7,20,1,33,0.0647686832740214,0.0163701067615658,0.00432900432900433,0.25,0.644094349721836,weighted,explore
71,DTLZ7,20,1,34,0.0099644128113879,0.0647686832740214,0.00432900432900433,0.25,0.644124187416713,weighted,explore
72,DTLZ7,20,10,1,0.00666666666666667,1,0.00432900432900433,0.2,0.358213288379651,curriculum,explore
72,DTLZ7,20,10,2,0.00498220640569395,0.00666666666666667,0.00432900432900433,0.2,0.653668312544231,weighted,explore
72,DTLZ7,20,10,3,0.00782918149466192,0.00498220640569395,0.00432900432900433,0.2,0.330296122125587,conservative,explore
72,DTLZ7,20,10,4,0.000711743772241993,0.00782918149466192,0.00432900432900433,0.2,0.358189626621786,conservative,explore
72,DTLZ7,20,10,5,0.00213523131672598,0.000711743772241993,0.00432900432900433,0.2,0.388135276292244,conservative,explore
72,DTLZ7,20,10,6,0.000711743772241993,0.00213523131672598,0.00432900432900433,0.2,0.427334043651922,conservative,explore
72,DTLZ7,20,10,7,0.00854092526690392,0.000711743772241993,0.00432900432900433,0.2,0.312277400390702,conservative,explore
72,DTLZ7,20,10,8,0.00569395017793594,0.00854092526690392,0.00432900432900433,0.2,0.382136958645284,conservative,explore
72,DTLZ7,20,10,9,0.0149466192170819,0.00569395017793594,0.00432900432900433,0.2,0.472188860334454,conservative,explore
72,DTLZ7,20,10,10,0.00213523131672598,0.0149466192170819,0.00432900432900433,0.25,0.433387198977867,conservative,explore
72,DTLZ7,20,10,11,0.00427046263345196,0.00213523131672598,0.00432900432900433,0.25,0.404944376307315,conservative,explore
72,DTLZ7,20,10,12,0.00355871886120996,0.00427046263345196,0.00432900432900433,0.25,0.383527054207391,conservative,explore
72,DTLZ7,20,10,13,0.00782918149466192,0.00355871886120996,0.00865800865800866,0.25,0.427785100783927,conservative,explore
72,DTLZ7,20,10,14,0.00498220640569395,0.00782918149466192,0.00432900432900433,0.25,0.429576926266588,conservative,explore
72,DTLZ7,20,10,15,0.00142348754448399,0.00498220640569395,0.0173160173160173,0.25,0.400407712473896,conservative,explore
72,DTLZ7,20,10,16,0.00355871886120996,0.00142348754448399,0.0216450216450216,0.25,0.401871849311881,conservative,explore
72,DTLZ7,20,10,17,0.0220640569395018,0.00355871886120996,0.025974025974026,0.25,0.401394961158496,conservative,explore
72,DTLZ7,20,10,18,0.0185053380782918,0.0220640569395018,0.0303030303030303,0.3,0.447332652881287,conservative,explore
72,DTLZ7,20,10,19,0.00355871886120996,0.0185053380782918,0.038961038961039,0.3,0.42887308948694,conservative,explore
72,DTLZ7,20,10,20,0.0156583629893238,0.00355871886120996,0.0432900432900433,0.3,0.438189703369929,conservative,explore
72,DTLZ7,20,10,21,0.0206405693950178,0.0156583629893238,0.0432900432900433,0.3,0.411540295911768,conservative,explore
72,DTLZ7,20,10,22,0.0177935943060498,0.0206405693950178,0.0476190476190476,0.3,0.393068227977148,conservative,explore
72,DTLZ7,20,10,23,0.0142348754448399,0.0177935943060498,0.051948051948052,0.3,0.383128124415796,conservative,explore
72,DTLZ7,20,10,24,0.0149466192170819,0.0142348754448399,0.0562770562770563,0.3,0.354686835516016,conservative,explore
72,DTLZ7,20,10,25,0.0199288256227758,0.0149466192170819,0.0606060606060606,0.3,0.401023276210399,conservative,explore
72,DTLZ7,20,10,26,0.0241992882562278,0.0199288256227758,0.0649350649350649,0.3,0.383227667344157,conservative,explore
72,DTLZ7,20,10,27,0.0199288256227758,0.0241992882562278,0.0952380952380952,0.3,0.365876300935536,conservative,explore
72,DTLZ7,20,10,28,0.0234875444839858,0.0199288256227758,0.0692640692640693,0.3,0.392192999563529,conservative,explore
72,DTLZ7,20,10,29,0.0384341637010676,0.0234875444839858,0.0909090909090909,0.3,0.393757617139422,conservative,explore
72,DTLZ7,20,10,30,0.0797153024911032,0.0384341637010676,0.112554112554113,0.3,0.347776379744692,conservative,explore
72,DTLZ7,20,10,31,0.0249110320284698,0.0797153024911032,0.125541125541126,0.3,0.366865092307556,conservative,explore
72,DTLZ7,20,10,32,0.0185053380782918,0.0249110320284698,0.134199134199134,0.3,0.439393557288633,conservative,explore
72,DTLZ7,20,10,33,0.0327402135231317,0.0185053380782918,0.147186147186147,0.3,0.45134889591118,conservative,explore
72,DTLZ7,20,10,34,0.16085409252669,0.0327402135231317,0.155844155844156,0.3,0.433991354607596,conservative,explore
73,DTLZ7,20,2,1,0.00777777777777778,1,0.00432900432900433,0.2,0.366993476696953,curriculum,explore
73,DTLZ7,20,2,2,0.00711743772241993,0.00777777777777778,0.00432900432900433,0.2,0.377078035072075,conservative,explore
73,DTLZ7,20,2,3,0.00284697508896797,0.00711743772241993,0.00432900432900433,0.2,0.367889168801301,conservative,explore
73,DTLZ7,20,2,4,0.00711743772241993,0.00284697508896797,0.00432900432900433,0.2,0.320571874153382,conservative,explore
73,DTLZ7,20,2,5,0.00142348754448399,0.00711743772241993,0.00432900432900433,0.2,0.35132087318406,conservative,explore
73,DTLZ7,20,2,6,0.000711743772241993,0.00142348754448399,0.00432900432900433,0.2,0.360102239090109,conservative,explore
73,DTLZ7,20,2,7,0.0106761565836299,0.000711743772241993,0.00432900432900433,0.25,0.350543488543803,conservative,explore
73,DTLZ7,20,2,8,0.00355871886120996,0.0106761565836299,0.00865800865800866,0.2,0.370461924675221,conservative,explore
73,DTLZ7,20,2,9,0.00142348754448399,0.00355871886120996,0.00865800865800866,0.2,0.497462684787999,conservative,explore
73,DTLZ7,20,2,10,0.00142348754448399,0.00142348754448399,0.012987012987013,0.25,0.506187381820269,conservative,explore
73,DTLZ7,20,2,11,0.00427046263345196,0.00142348754448399,0.00865800865800866,0.25,0.332393324067836,conservative,explore
73,DTLZ7,20,2,12,0.00640569395017794,0.00427046263345196,0.0216450216450216,0.25,0.362796135265424,conservative,explore
73,DTLZ7,20,2,13,0.00284697508896797,0.00640569395017794,0.025974025974026,0.25,0.411164885179697,conservative,explore
73,DTLZ7,20,2,14,0.0120996441281139,0.00284697508896797,0.025974025974026,0.25,0.401539557659145,conservative,explore
73,DTLZ7,20,2,15,0.0120996441281139,0.0120996441281139,0.0173160173160173,0.25,0.450988879477941,conservative,explore
73,DTLZ7,20,2,16,0.00782918149466192,0.0120996441281139,0.0303030303030303,0.25,0.408531548833196,conservative,explore
73,DTLZ7,20,2,17,0.00498220640569395,0.00782918149466192,0.0346320346320346,0.25,0.378001604340469,conservative,explore
73,DTLZ7,20,2,18,0.0106761565836299,0.00498220640569395,0.0432900432900433,0.3,0.382352946092177,conservative,explore
73,DTLZ7,20,2,19,0.0106761565836299,0.0106761565836299,0.0476190476190476,0.3,0.427728598969704,conservative,explore
73,DTLZ7,20,2,20,0.0277580071174377,0.0106761565836299,0.0432900432900433,0.3,0.463281976944248,conservative,explore
73,DTLZ7,20,2,21,0.00782918149466192,0.0277580071174377,0.0476190476190476,0.3,0.455815748440717,conservative,explore
73,DTLZ7,20,2,22,0.0604982206405694,0.00782918149466192,0.0562770562770563,0.3,0.419251805940343,conservative,explore
73,DTLZ7,20,2,23,0.0384341637010676,0.0604982206405694,0.0649350649350649,0.3,0.415932554907373,conservative,explore
73,DTLZ7,20,2,24,0.0313167259786477,0.0384341637010676,0.0735930735930736,0.3,0.371395450291592,conservative,explore
73,DTLZ7,20,2,25,0.0185053380782918,0.0313167259786477,0.0822510822510823,0.3,0.407298444625865,conservative,explore
73,DTLZ7,20,2,26,0.0320284697508897,0.0185053380782918,0.0779220779220779,0.3,0.356133561926349,conservative,explore
73,DTLZ7,20,2,27,0.0391459074733096,0.0320284697508897,0.0822510822510823,0.3,0.375018028231347,conservative,explore
73,DTLZ7,20,2,28,0.0334519572953737,0.0391459074733096,0.0865800865800866,0.3,0.373303006062842,conservative,explore
73,DTLZ7,20,2,29,0.0654804270462633,0.0334519572953737,0.0865800865800866,0.3,0.336278928909864,conservative,explore
73,DTLZ7,20,2,30,0.0206405693950178,0.0654804270462633,0.0995670995670996,0.35,0.346338804807968,conservative,explore
73,DTLZ7,20,2,31,0.0441281138790036,0.0206405693950178,0.0995670995670996,0.3,0.334888924083009,conservative,explore
73,DTLZ7,20,2,32,0.111032028469751,0.0441281138790036,0.103896103896104,0.3,0.618940017380096,weighted,explore
73,DTLZ7,20,2,33,0.179359430604982,0.111032028469751,0.103896103896104,0.3,0.343788128280118,conservative,explore
73,DTLZ7,20,2,34,0.0277580071174377,0.179359430604982,0.116883116883117,0.3,0.338601269369367,conservative,explore
74,DTLZ7,20,3,1,0.00666666666666667,1,0.00432900432900433,0.2,0.674563360509587,curriculum,explore
74,DTLZ7,20,3,2,0.00711743772241993,0.00666666666666667,0.00432900432900433,0.2,0.644013681810267,weighted,explore
74,DTLZ7,20,3,3,0.0241992882562278,0.00711743772241993,0.00432900432900433,0.2,0.644039498766581,weighted,explore
74,DTLZ7,20,3,4,0.00640569395017794,0.0241992882562278,0.00432900432900433,0.2,0.663711770390158,weighted,explore
74,DTLZ7,20,3,5,0.0619217081850534,0.00640569395017794,0.00432900432900433,0.2,0.67367319438184,weighted,explore
74,DTLZ7,20,3,6,0.00569395017793594,0.0619217081850534,0.00432900432900433,0.2,0.312011213033071,conservative,explore
74,DTLZ7,20,3,7,0.0604982206405694,0.00569395017793594,0.00432900432900433,0.2,0.654622201616725,weighted,explore
74,DTLZ7,20,3,8,0.0106761565836299,0.0604982206405694,0.00432900432900433,0.2,0.361701943221104,conservative,explore
74,DTLZ7,20,3,9,0.0434163701067616,0.0106761565836299,0.00432900432900433,0.2,0.594127624205124,weighted,explore
74,DTLZ7,20,3,10,0.0306049822064057,0.0434163701067616,0.00432900432900433,0.2,0.59528543939554,weighted,explore
74,DTLZ7,20,3,11,0.00854092526690392,0.0306049822064057,0.00432900432900433,0.2,0.604602218709364,weighted,explore
74,DTLZ7,20,3,12,0.00925266903914591,0.00854092526690392,0.00432900432900433,0.2,0.59542191736886,weighted,explore
74,DTLZ7,20,3,13,0.0135231316725979,0.00925266903914591,0.00432900432900433,0.2,0.642651502740005,weighted,explore
74,DTLZ7,20,3,14,0.00640569395017794,0.0135231316725979,0.00432900432900433,0.2,0.633151042498511,weighted,explore
74,DTLZ7,20,3,15,0.0135231316725979,0.00640569395017794,0.00432900432900433,0.2,0.595012122876451,weighted,explore
74,DTLZ7,20,3,16,0.0462633451957295,0.0135231316725979,0.00432900432900433,0.25,0.689171280384894,weighted,explore
74,DTLZ7,20,3,17,0.00925266903914591,0.0462633451957295,0.00432900432900433,0.25,0.587126323161124,weighted,explore
74,DTLZ7,20,3,18,0.00711743772241993,0.00925266903914591,0.00432900432900433,0.25,0.605933457837387,weighted,explore
74,DTLZ7,20,3,19,0.0120996441281139,0.00711743772241993,0.00432900432900433,0.25,0.615351586108299,weighted,explore
74,DTLZ7,20,3,20,0.00640569395017794,0.0120996441281139,0.00432900432900433,0.2,0.633468605080715,weighted,explore
74,DTLZ7,20,3,21,0.0185053380782918,0.00640569395017794,0.00432900432900433,0.2,0.613436013642953,weighted,explore
74,DTLZ7,20,3,22,0.00284697508896797,0.0185053380782918,0.00432900432900433,0.2,0.675444750446572,weighted,explore
74,DTLZ7,20,3,23,0.00640569395017794,0.00284697508896797,0.00432900432900433,0.2,0.318876194125284,conservative,explore
74,DTLZ7,20,3,24,0.00854092526690392,0.00640569395017794,0.00432900432900433,0.2,0.310021386659183,conservative,explore
74,DTLZ7,20,3,25,0.0128113879003559,0.00854092526690392,0.00432900432900433,0.2,0.674958485005373,weighted,explore
74,DTLZ7,20,3,26,0.0163701067615658,0.0128113879003559,0.00432900432900433,0.2,0.679251333954384,weighted,explore
74,DTLZ7,20,3,27,0.0099644128113879,0.0163701067615658,0.00432900432900433,0.25,0.682540573390888,weighted,explore
74,DTLZ7,20,3,28,0.0099644128113879,0.0099644128113879,0.00432900432900433,0.25,0.671610568414401,weighted,explore
74,DTLZ7,20,3,29,0.0199288256227758,0.0099644128113879,0.00432900432900433,0.25,0.680787416939767,weighted,explore
74,DTLZ7,20,3,30,0.00925266903914591,0.0199288256227758,0.00432900432900433,0.25,0.671853940013834,weighted,explore
74,DTLZ7,20,3,31,0.00711743772241993,0.00925266903914591,0.00432900432900433,0.25,0.313807296485208,conservative,explore
74,DTLZ7,20,3,32,0.0106761565836299,0.00711743772241993,0.00865800865800866,0.25,0.623438834374499,weighted,explore
74,DTLZ7,20,3,33,0.0270462633451957,0.0106761565836299,0.00865800865800866,0.25,0.670835686343528,weighted,explore
74,DTLZ7,20,3,34,0.0227758007117438,0.0270462633451957,0.00865800865800866,0.25,0.672170162661226,weighted,explore
75,DTLZ7,20,4,1,0.00333333333333333,1,0.00432900432900433,0.2,0.63792824091643,curriculum,explore
75,DTLZ7,20,4,2,0.0241992882562278,0.00333333333333333,0.00432900432900433,0.2,0.664490460806805,weighted,explore
75,DTLZ7,20,4,3,0.00142348754448399,0.0241992882562278,0.00432900432900433,0.2,0.341639141920462,conservative,explore
75,DTLZ7,20,4,4,0.00854092526690392,0.00142348754448399,0.00432900432900433,0.2,0.333015579497716,conservative,explore
75,DTLZ7,20,4,5,0.00569395017793594,0.00854092526690392,0.00432900432900433,0.2,0.342997616819271,conservative,explore
75,DTLZ7,20,4,6,0.00782918149466192,0.00569395017793594,0.00432900432900433,0.2,0.32259572555816,conservative,explore
75,DTLZ7,20,4,7,0.0220640569395018,0.00782918149466192,0.00432900432900433,0.2,0.674396419027892,weighted,explore
75,DTLZ7,20,4,8,0.00427046263345196,0.0220640569395018,0.00432900432900433,0.2,0.340909689209354,conservative,explore
75,DTLZ7,20,4,9,0.00569395017793594,0.00427046263345196,0.00865800865800866,0.2,0.654401111314388,weighted,explore
75,DTLZ7,20,4,10,0.00640569395017794,0.00569395017793594,0.00865800865800866,0.2,0.645052597133631,weighted,explore
75,DTLZ7,20,4,11,0.0384341637010676,0.00640569395017794,0.00432900432900433,0.2,0.616197616384774,weighted,explore
75,DTLZ7,20,4,12,0.00569395017793594,0.0384341637010676,0.00432900432900433,0.2,0.625895328736178,weighted,explore
75,DTLZ7,20,4,13,0.00640569395017794,0.00569395017793594,0.00432900432900433,0.25,0.596568903091684,weighted,explore
75,DTLZ7,20,4,14,0.00498220640569395,0.00640569395017794,0.00432900432900433,0.25,0.568976142183628,weighted,explore
75,DTLZ7,20,4,15,0.00925266903914591,0.00498220640569395,0.00865800865800866,0.2,0.626472669471045,weighted,explore
75,DTLZ7,20,4,16,0.00569395017793594,0.00925266903914591,0.00865800865800866,0.25,0.624835541308923,weighted,explore
75,DTLZ7,20,4,17,0.0185053380782918,0.00569395017793594,0.00432900432900433,0.25,0.652221803840564,weighted,explore
75,DTLZ7,20,4,18,0.0427046263345196,0.0185053380782918,0.00432900432900433,0.25,0.605699102573496,weighted,explore
75,DTLZ7,20,4,19,0.0298932384341637,0.0427046263345196,0.00432900432900433,0.25,0.692341771652543,weighted,explore
75,DTLZ7,20,4,20,0.00498220640569395,0.0298932384341637,0.00432900432900433,0.25,0.615507763242179,weighted,explore
75,DTLZ7,20,4,21,0.0220640569395018,0.00498220640569395,0.00432900432900433,0.25,0.605862926666293,weighted,explore
75,DTLZ7,20,4,22,0.0135231316725979,0.0220640569395018,0.00432900432900433,0.25,0.662920191520559,weighted,explore
75,DTLZ7,20,4,23,0.00925266903914591,0.0135231316725979,0.00432900432900433,0.25,0.663430292761628,weighted,explore
75,DTLZ7,20,4,24,0.000711743772241993,0.00925266903914591,0.00432900432900433,0.25,0.674126029858111,weighted,explore
75,DTLZ7,20,4,25,0.0120996441281139,0.000711743772241993,0.00432900432900433,0.25,0.608195156633577,weighted,explore
75,DTLZ7,20,4,26,0.0113879003558719,0.0120996441281139,0.00432900432900433,0.25,0.646337253080708,weighted,explore
75,DTLZ7,20,4,27,0.0106761565836299,0.0113879003558719,0.00432900432900433,0.25,0.636088495670352,weighted,explore
75,DTLZ7,20,4,28,0.00854092526690392,0.0106761565836299,0.00432900432900433,0.25,0.6453934244274,weighted,explore
75,DTLZ7,20,4,29,0.00925266903914591,0.00854092526690392,0.00432900432900433,0.25,0.644626852391743,weighted,explore
75,DTLZ7,20,4,30,0.0192170818505338,0.00925266903914591,0.00432900432900433,0.25,0.653558885847939,weighted,explore
75,DTLZ7,20,4,31,0.00569395017793594,0.0192170818505338,0.00432900432900433,0.25,0.625649029869593,weighted,explore
75,DTLZ7,20,4,32,0.00640569395017794,0.00569395017793594,0.00432900432900433,0.25,0.632411981829817,weighted,explore
75,DTLZ7,20,4,33,0.00925266903914591,0.00640569395017794,0.00432900432900433,0.25,0.587180193433828,weighted,explore
75,DTLZ7,20,4,34,0.00427046263345196,0.00925266903914591,0.00432900432900433,0.25,0.682935573420708,weighted,explore
76,DTLZ7,20,5,1,0.01,1,0.00432900432900433,0.2,0.359692895396476,curriculum,explore
76,DTLZ7,20,5,2,0.00640569395017794,0.01,0.00432900432900433,0.2,0.370849937229375,conservative,explore
76,DTLZ7,20,5,3,0.00355871886120996,0.00640569395017794,0.00432900432900433,0.2,0.369931619834121,conservative,explore
76,DTLZ7,20,5,4,0.00854092526690392,0.00355871886120996,0.00432900432900433,0.2,0.351409794624323,conservative,explore
76,DTLZ7,20,5,5,0.00355871886120996,0.00854092526690392,0.00432900432900433,0.2,0.320155216148316,conservative,explore
76,DTLZ7,20,5,6,0.0149466192170819,0.00355871886120996,0.00432900432900433,0.2,0.683873728403921,weighted,explore
76,DTLZ7,20,5,7,0.00782918149466192,0.0149466192170819,0.00432900432900433,0.25,0.340514318205422,conservative,explore
76,DTLZ7,20,5,8,0.0227758007117438,0.00782918149466192,0.00432900432900433,0.25,0.34075874955632,conservative,explore
76,DTLZ7,20,5,9,0.00782918149466192,0.0227758007117438,0.00865800865800866,0.25,0.352486363357963,conservative,explore
76,DTLZ7,20,5,10,0.0291814946619217,0.00782918149466192,0.00865800865800866,0.25,0.682500505945997,weighted,explore
76,DTLZ7,20,5,11,0.00498220640569395,0.0291814946619217,0.00865800865800866,0.25,0.691959989096014,weighted,explore
76,DTLZ7,20,5,12,0.000711743772241993,0.00498220640569395,0.00865800865800866,0.25,0.362579664062107,conservative,explore
76,DTLZ7,20,5,13,0.00711743772241993,0.000711743772241993,0.00865800865800866,0.25,0.412481845864665,conservative,explore
76,DTLZ7,20,5,14,0.00355871886120996,0.00711743772241993,0.00865800865800866,0.25,0.413372842701574,conservative,explore
76,DTLZ7,20,5,15,0.00427046263345196,0.00355871886120996,0.00865800865800866,0.25,0.422959653153204,conservative,explore
76,DTLZ7,20,5,16,0.00355871886120996,0.00427046263345196,0.012987012987013,0.25,0.38440348150842,conservative,explore
76,DTLZ7,20,5,17,0.0106761565836299,0.00355871886120996,0.0173160173160173,0.25,0.384436630850035,conservative,explore
76,DTLZ7,20,5,18,0.00355871886120996,0.0106761565836299,0.0216450216450216,0.25,0.38296963197891,conservative,explore
76,DTLZ7,20,5,19,0.00925266903914591,0.00355871886120996,0.0303030303030303,0.25,0.384280290843504,conservative,explore
76,DTLZ7,20,5,20,0.0142348754448399,0.00925266903914591,0.025974025974026,0.25,0.385624540655821,conservative,explore
76,DTLZ7,20,5,21,0.0113879003558719,0.0142348754448399,0.0303030303030303,0.25,0.405773732828246,conservative,explore
76,DTLZ7,20,5,22,0.0156583629893238,0.0113879003558719,0.0303030303030303,0.3,0.387371040376899,conservative,explore
76,DTLZ7,20,5,23,0.0377224199288256,0.0156583629893238,0.0346320346320346,0.3,0.337475233077024,conservative,explore
76,DTLZ7,20,5,24,0.0128113879003559,0.0377224199288256,0.0432900432900433,0.3,0.347207782491349,conservative,explore
76,DTLZ7,20,5,25,0.00782918149466192,0.0128113879003559,0.0476190476190476,0.3,0.330018228792539,conservative,explore
76,DTLZ7,20,5,26,0.0156583629893238,0.00782918149466192,0.051948051948052,0.3,0.519980856442937,conservative,explore
76,DTLZ7,20,5,27,0.0263345195729537,0.0156583629893238,0.0606060606060606,0.25,0.511031642656492,conservative,explore
76,DTLZ7,20,5,28,0.0427046263345196,0.0263345195729537,0.0606060606060606,0.25,0.48256733429788,conservative,explore
76,DTLZ7,20,5,29,0.0291814946619217,0.0427046263345196,0.0649350649350649,0.25,0.500337769435544,conservative,explore
76,DTLZ7,20,5,30,0.0306049822064057,0.0291814946619217,0.0606060606060606,0.25,0.445769877418843,conservative,explore
76,DTLZ7,20,5,31,0.0427046263345196,0.0306049822064057,0.0649350649350649,0.3,0.453642228725659,conservative,explore
76,DTLZ7,20,5,32,0.0334519572953737,0.0427046263345196,0.0735930735930736,0.3,0.433646981088509,conservative,explore
76,DTLZ7,20,5,33,0.0398576512455516,0.0334519572953737,0.0779220779220779,0.3,0.39639907281931,conservative,explore
76,DTLZ7,20,5,34,0.0612099644128114,0.0398576512455516,0.0822510822510823,0.3,0.387897644386909,conservative,explore
77,DTLZ7,20,6,1,0.0155555555555556,1,0.00432900432900433,0.2,0.663159898568612,curriculum,explore
77,DTLZ7,20,6,2,0.00498220640569395,0.0155555555555556,0.00432900432900433,0.2,0.652168817749504,weighted,explore
77,DTLZ7,20,6,3,0.00498220640569395,0.00498220640569395,0.00432900432900433,0.2,0.660445942592551,weighted,explore
77,DTLZ7,20,6,4,0.00782918149466192,0.00498220640569395,0.00432900432900433,0.2,0.321095686156969,conservative,explore
77,DTLZ7,20,6,5,0.0106761565836299,0.00782918149466192,0.00432900432900433,0.2,0.670171744377325,weighted,explore
77,DTLZ7,20,6,6,0.0412811387900356,0.0106761565836299,0.00432900432900433,0.2,0.670452004759781,weighted,explore
77,DTLZ7,20,6,7,0.00782918149466192,0.0412811387900356,0.00432900432900433,0.2,0.342082105742878,conservative,explore
77,DTLZ7,20,6,8,0.0128113879003559,0.00782918149466192,0.00865800865800866,0.2,0.344076229708864,conservative,explore
77,DTLZ7,20,6,9,0.0099644128113879,0.0128113879003559,0.00865800865800866,0.2,0.380688770852315,conservative,explore
77,DTLZ7,20,6,10,0.00711743772241993,0.0099644128113879,0.00865800865800866,0.2,0.408728089646741,conservative,explore
77,DTLZ7,20,6,11,0.00782918149466192,0.00711743772241993,0.00865800865800866,0.25,0.372278693997599,conservative,explore
77,DTLZ7,20,6,12,0.0099644128113879,0.00782918149466192,0.00865800865800866,0.25,0.421498844950718,conservative,explore
77,DTLZ7,20,6,13,0.0192170818505338,0.0099644128113879,0.00865800865800866,0.25,0.384496974427736,conservative,explore
77,DTLZ7,20,6,14,0.00427046263345196,0.0192170818505338,0.00432900432900433,0.25,0.37216734081353,conservative,explore
77,DTLZ7,20,6,15,0.00142348754448399,0.00427046263345196,0.00432900432900433,0.25,0.383667052593247,conservative,explore
77,DTLZ7,20,6,16,0.00711743772241993,0.00142348754448399,0.00432900432900433,0.25,0.402463863926479,conservative,explore
77,DTLZ7,20,6,17,0.0135231316725979,0.00711743772241993,0.00865800865800866,0.25,0.458996479613424,conservative,explore
77,DTLZ7,20,6,18,0.00355871886120996,0.0135231316725979,0.0216450216450216,0.25,0.469107126551006,conservative,explore
77,DTLZ7,20,6,19,0.00498220640569395,0.00355871886120996,0.025974025974026,0.25,0.383191734298057,conservative,explore
77,DTLZ7,20,6,20,0.00569395017793594,0.00498220640569395,0.0346320346320346,0.25,0.42273268667282,conservative,explore
77,DTLZ7,20,6,21,0.0099644128113879,0.00569395017793594,0.038961038961039,0.25,0.354517370102331,conservative,explore
77,DTLZ7,20,6,22,0.00711743772241993,0.0099644128113879,0.0476190476190476,0.25,0.414201919723306,conservative,explore
77,DTLZ7,20,6,23,0.0427046263345196,0.00711743772241993,0.0649350649350649,0.25,0.443413422284345,conservative,explore
77,DTLZ7,20,6,24,0.0149466192170819,0.0427046263345196,0.0692640692640693,0.25,0.438108835043276,conservative,explore
77,DTLZ7,20,6,25,0.0192170818505338,0.0149466192170819,0.0735930735930736,0.25,0.449620168496259,conservative,explore
77,DTLZ7,20,6,26,0.0206405693950178,0.0192170818505338,0.0606060606060606,0.25,0.447940772962847,conservative,explore
77,DTLZ7,20,6,27,0.0113879003558719,0.0206405693950178,0.0649350649350649,0.25,0.421983888390051,conservative,explore
77,DTLZ7,20,6,28,0.00569395017793594,0.0113879003558719,0.0649350649350649,0.25,0.469316067567894,conservative,explore
77,DTLZ7,20,6,29,0.00711743772241993,0.00569395017793594,0.0649350649350649,0.25,0.458319230879846,conservative,explore
77,DTLZ7,20,6,30,0.00498220640569395,0.00711743772241993,0.0692640692640693,0.25,0.439857374073442,conservative,explore
77,DTLZ7,20,6,31,0.0120996441281139,0.00498220640569395,0.0735930735930736,0.25,0.465553438667505,conservative,explore
77,DTLZ7,20,6,32,0.00498220640569395,0.0120996441281139,0.0822510822510823,0.25,0.440515799366843,conservative,explore
77,DTLZ7,20,6,33,0.0654804270462633,0.00498220640569395,0.0865800865800866,0.25,0.448770181511877,conservative,explore
77,DTLZ7,20,6,34,0.0362989323843416,0.0654804270462633,0.0909090909090909,0.3,0.441629832902206,conservative,explore
78,DTLZ7,20,7,1,0.0122222222222222,1,0.00432900432900433,0.2,0.350584606816341,curriculum,explore
78,DTLZ7,20,7,2,0.00498220640569395,0.0122222222222222,0.00432900432900433,0.2,0.341350585932454,conservative,explore
78,DTLZ7,20,7,3,0.00498220640569395,0.00498220640569395,0.00432900432900433,0.2,0.369769154350603,conservative,explore
78,DTLZ7,20,7,4,0.00142348754448399,0.00498220640569395,0.00865800865800866,0.2,0.323955229793198,conservative,explore
78,DTLZ7,20,7,5,0.00427046263345196,0.00142348754448399,0.00865800865800866,0.25,0.315948462870085,conservative,explore
78,DTLZ7,20,7,6,0.000711743772241993,0.00427046263345196,0.00865800865800866,0.25,0.353940572086752,conservative,explore
78,DTLZ7,20,7,7,0.0128113879003559,0.000711743772241993,0.00865800865800866,0.25,0.323725344887498,conservative,explore
78,DTLZ7,20,7,8,0.00355871886120996,0.0128113879003559,0.00865800865800866,0.25,0.383198535720474,conservative,explore
78,DTLZ7,20,7,9,0.00782918149466192,0.00355871886120996,0.00865800865800866,0.25,0.431010764274356,conservative,explore
78,DTLZ7,20,7,10,0.000711743772241993,0.00782918149466192,0.012987012987013,0.25,0.412824963989413,conservative,explore
78,DTLZ7,20,7,11,0.00854092526690392,0.000711743772241993,0.012987012987013,0.25,0.370918132549405,conservative,explore
78,DTLZ7,20,7,12,0.00213523131672598,0.00854092526690392,0.012987012987013,0.25,0.344747098711021,conservative,explore
78,DTLZ7,20,7,13,0.00213523131672598,0.00213523131672598,0.012987012987013,0.25,0.362871597400566,conservative,explore
78,DTLZ7,20,7,14,0.0120996441281139,0.00213523131672598,0.012987012987013,0.25,0.403396369284593,conservative,explore
78,DTLZ7,20,7,15,0.00213523131672598,0.0120996441281139,0.0216450216450216,0.25,0.37867155692054,conservative,explore
78,DTLZ7,20,7,16,0.00640569395017794,0.00213523131672598,0.025974025974026,0.25,0.414247545299641,conservative,explore
78,DTLZ7,20,7,17,0.00854092526690392,0.00640569395017794,0.0216450216450216,0.25,0.387098990960263,conservative,explore
78,DTLZ7,20,7,18,0.00427046263345196,0.00854092526690392,0.0303030303030303,0.25,0.369285005281146,conservative,explore
78,DTLZ7,20,7,19,0.0192170818505338,0.00427046263345196,0.0346320346320346,0.25,0.343453044469953,conservative,explore
78,DTLZ7,20,7,20,0.0149466192170819,0.0192170818505338,0.038961038961039,0.25,0.323597744940301,conservative,explore
78,DTLZ7,20,7,21,0.0227758007117438,0.0149466192170819,0.0476190476190476,0.3,0.662849782529735,weighted,explore
78,DTLZ7,20,7,22,0.0156583629893238,0.0227758007117438,0.0476190476190476,0.3,0.370504461035154,conservative,explore
78,DTLZ7,20,7,23,0.0135231316725979,0.0156583629893238,0.051948051948052,0.3,0.392170698813424,conservative,explore
78,DTLZ7,20,7,24,0.0128113879003559,0.0135231316725979,0.0606060606060606,0.3,0.46921795173404,conservative,explore
78,DTLZ7,20,7,25,0.0505338078291815,0.0128113879003559,0.0562770562770563,0.25,0.394252191249003,conservative,explore
78,DTLZ7,20,7,26,0.0177935943060498,0.0505338078291815,0.051948051948052,0.3,0.343579404014816,conservative,explore
78,DTLZ7,20,7,27,0.00782918149466192,0.0177935943060498,0.0606060606060606,0.25,0.416028743348613,conservative,explore
78,DTLZ7,20,7,28,0.00854092526690392,0.00782918149466192,0.0779220779220779,0.3,0.656429822642552,weighted,explore
78,DTLZ7,20,7,29,0.0270462633451957,0.00854092526690392,0.0909090909090909,0.3,0.635891842531922,weighted,explore
78,DTLZ7,20,7,30,0.0270462633451957,0.0270462633451957,0.0952380952380952,0.3,0.346127891802389,conservative,explore
78,DTLZ7,20,7,31,0.0391459074733096,0.0270462633451957,0.103896103896104,0.3,0.337396811524491,conservative,explore
78,DTLZ7,20,7,32,0.0690391459074733,0.0391459074733096,0.116883116883117,0.3,0.677676246802386,weighted,explore
78,DTLZ7,20,7,33,0.194306049822064,0.0690391459074733,0.121212121212121,0.3,0.679200299765875,weighted,explore
78,DTLZ7,20,7,34,0.00711743772241993,0.194306049822064,0.121212121212121,0.3,0.643863000943068,weighted,explore
79,DTLZ7,20,8,1,0.0166666666666667,1,0.00432900432900433,0.2,0.662843924907242,curriculum,explore
79,DTLZ7,20,8,2,0.00427046263345196,0.0166666666666667,0.00432900432900433,0.2,0.645087112540351,weighted,explore
79,DTLZ7,20,8,3,0.00427046263345196,0.00427046263345196,0.00432900432900433,0.2,0.643882769596992,weighted,explore
79,DTLZ7,20,8,4,0.00569395017793594,0.00427046263345196,0.00432900432900433,0.2,0.644394563537476,weighted,explore
79,DTLZ7,20,8,5,0.0113879003558719,0.00569395017793594,0.00432900432900433,0.2,0.646436172376868,weighted,explore
79,DTLZ7,20,8,6,0.0199288256227758,0.0113879003558719,0.00432900432900433,0.2,0.617504083274987,weighted,explore
79,DTLZ7,20,8,7,0.00213523131672598,0.0199288256227758,0.00432900432900433,0.2,0.675502790318238,weighted,explore
79,DTLZ7,20,8,8,0,0.00213523131672598,0.00432900432900433,0.2,0.311370882219987,conservative,explore
79,DTLZ7,20,8,9,0.00355871886120996,0,0.00432900432900433,0.2,0.329419307594264,conservative,explore
79,DTLZ7,20,8,10,0.00498220640569395,0.00355871886120996,0.00432900432900433,0.2,0.681871277827833,weighted,explore
79,DTLZ7,20,8,11,0.00355871886120996,0.00498220640569395,0.00432900432900433,0.2,0.320114321526954,conservative,explore
79,DTLZ7,20,8,12,0.0142348754448399,0.00355871886120996,0.00432900432900433,0.2,0.66944413368036,weighted,explore
79,DTLZ7,20,8,13,0.00925266903914591,0.0142348754448399,0.00432900432900433,0.2,0.670250968392496,weighted,explore
79,DTLZ7,20,8,14,0.00569395017793594,0.00925266903914591,0.00432900432900433,0.2,0.341088428774006,conservative,explore
79,DTLZ7,20,8,15,0.0163701067615658,0.00569395017793594,0.00432900432900433,0.2,0.67956563398859,weighted,explore
79,DTLZ7,20,8,16,0.00498220640569395,0.0163701067615658,0.00432900432900433,0.2,0.312850895920876,conservative,explore
79,DTLZ7,20,8,17,0.00427046263345196,0.00498220640569395,0.00432900432900433,0.25,0.654607092750573,weighted,explore
79,DTLZ7,20,8,18,0.00782918149466192,0.00427046263345196,0.00432900432900433,0.25,0.662347362146409,weighted,explore
79,DTLZ7,20,8,19,0.00711743772241993,0.00782918149466192,0.00432900432900433,0.25,0.65324400181758,weighted,explore
79,DTLZ7,20,8,20,0.00711743772241993,0.00711743772241993,0.00432900432900433,0.25,0.653724446530156,weighted,explore
79,DTLZ7,20,8,21,0.0370106761565836,0.00711743772241993,0.00865800865800866,0.25,0.615942563847007,weighted,explore
79,DTLZ7,20,8,22,0.0725978647686833,0.0370106761565836,0.00432900432900433,0.25,0.596859409528891,weighted,explore
79,DTLZ7,20,8,23,0.00711743772241993,0.0725978647686833,0.00865800865800866,0.25,0.596507432388632,weighted,explore
79,DTLZ7,20,8,24,0.00498220640569395,0.00711743772241993,0.00865800865800866,0.25,0.681872520217899,weighted,explore
79,DTLZ7,20,8,25,0.00427046263345196,0.00498220640569395,0.00432900432900433,0.25,0.691523247160461,weighted,explore
79,DTLZ7,20,8,26,0.0234875444839858,0.00427046263345196,0.00432900432900433,0.25,0.617280099829508,weighted,explore
79,DTLZ7,20,8,27,0.0576512455516014,0.0234875444839858,0.00432900432900433,0.25,0.576608991000525,weighted,explore
79,DTLZ7,20,8,28,0.0113879003558719,0.0576512455516014,0.00432900432900433,0.25,0.576723375644028,weighted,explore
79,DTLZ7,20,8,29,0.0270462633451957,0.0113879003558719,0.00432900432900433,0.25,0.670846193868193,weighted,explore
79,DTLZ7,20,8,30,0.00854092526690392,0.0270462633451957,0.00432900432900433,0.25,0.660087330306824,weighted,explore
79,DTLZ7,20,8,31,0.0192170818505338,0.00854092526690392,0.00432900432900433,0.25,0.640773507511068,weighted,explore
79,DTLZ7,20,8,32,0.0142348754448399,0.0192170818505338,0.00432900432900433,0.25,0.690334529693989,weighted,explore
79,DTLZ7,20,8,33,0.00782918149466192,0.0142348754448399,0.00432900432900433,0.25,0.637194604619446,weighted,explore
79,DTLZ7,20,8,34,0.00640569395017794,0.00782918149466192,0.00432900432900433,0.25,0.637092885516375,weighted,explore
80,DTLZ7,20,9,1,0.0288888888888889,1,0.00432900432900433,0.2,0.605998622422986,curriculum,explore
80,DTLZ7,20,9,2,0.0256227758007117,0.0288888888888889,0.00432900432900433,0.2,0.625019580646586,weighted,explore
80,DTLZ7,20,9,3,0.0533807829181495,0.0256227758007117,0.00432900432900433,0.2,0.634064632668627,weighted,explore
80,DTLZ7,20,9,4,0.00711743772241993,0.0533807829181495,0.00432900432900433,0.2,0.652144269496567,weighted,explore
80,DTLZ7,20,9,5,0.0135231316725979,0.00711743772241993,0.00432900432900433,0.2,0.691124582039844,weighted,explore
80,DTLZ7,20,9,6,0,0.0135231316725979,0.00432900432900433,0.2,0.663756664336997,weighted,explore
80,DTLZ7,20,9,7,0.0156583629893238,0,0.00432900432900433,0.2,0.633393662630603,weighted,explore
80,DTLZ7,20,9,8,0.0327402135231317,0.0156583629893238,0.00432900432900433,0.2,0.664152454620111,weighted,explore
80,DTLZ7,20,9,9,0.0142348754448399,0.0327402135231317,0.00432900432900433,0.2,0.673135135292647,weighted,explore
80,DTLZ7,20,9,10,0.0163701067615658,0.0142348754448399,0.00432900432900433,0.2,0.662873211234349,weighted,explore
80,DTLZ7,20,9,11,0.00711743772241993,0.0163701067615658,0.00432900432900433,0.2,0.614292923403975,weighted,explore
80,DTLZ7,20,9,12,0.0384341637010676,0.00711743772241993,0.00432900432900433,0.25,0.586241237189249,weighted,explore
80,DTLZ7,20,9,13,0.0135231316725979,0.0384341637010676,0.00432900432900433,0.2,0.539075889025316,conservative,explore
80,DTLZ7,20,9,14,0.0149466192170819,0.0135231316725979,0.00432900432900433,0.25,0.539294795723343,conservative,explore
80,DTLZ7,20,9,15,0.0348754448398577,0.0149466192170819,0.00432900432900433,0.25,0.6803172989733,weighted,explore
80,DTLZ7,20,9,16,0.00925266903914591,0.0348754448398577,0.00432900432900433,0.25,0.690252665311372,weighted,explore
80,DTLZ7,20,9,17,0.0313167259786477,0.00925266903914591,0.00432900432900433,0.25,0.604408369887466,weighted,explore
80,DTLZ7,20,9,18,0.0185053380782918,0.0313167259786477,0.00432900432900433,0.25,0.604750101768333,weighted,explore
80,DTLZ7,20,9,19,0.0099644128113879,0.0185053380782918,0.00432900432900433,0.25,0.632721220491368,weighted,explore
80,DTLZ7,20,9,20,0.0192170818505338,0.0099644128113879,0.00432900432900433,0.25,0.623643345568095,weighted,explore
80,DTLZ7,20,9,21,0.00427046263345196,0.0192170818505338,0.00432900432900433,0.25,0.575264200376403,weighted,explore
80,DTLZ7,20,9,22,0.0306049822064057,0.00427046263345196,0.00432900432900433,0.25,0.604465857543337,weighted,explore
80,DTLZ7,20,9,23,0.0391459074733096,0.0306049822064057,0.00432900432900433,0.25,0.639899184951642,weighted,explore
80,DTLZ7,20,9,24,0.0099644128113879,0.0391459074733096,0.00432900432900433,0.25,0.611089484802502,weighted,explore
80,DTLZ7,20,9,25,0.0128113879003559,0.0099644128113879,0.00432900432900433,0.25,0.611430372953462,weighted,explore
80,DTLZ7,20,9,26,0.0149466192170819,0.0128113879003559,0.00432900432900433,0.25,0.630130865768311,weighted,explore
80,DTLZ7,20,9,27,0.0291814946619217,0.0149466192170819,0.00432900432900433,0.25,0.620389991469484,weighted,explore
80,DTLZ7,20,9,28,0.00854092526690392,0.0291814946619217,0.00432900432900433,0.25,0.594157726148887,weighted,explore
80,DTLZ7,20,9,29,0.00569395017793594,0.00854092526690392,0.00432900432900433,0.25,0.683787657222165,weighted,explore
80,DTLZ7,20,9,30,0.00782918149466192,0.00569395017793594,0.00432900432900433,0.25,0.674223765909668,weighted,explore
80,DTLZ7,20,9,31,0.0370106761565836,0.00782918149466192,0.00432900432900433,0.25,0.664436149195708,weighted,explore
80,DTLZ7,20,9,32,0.00213523131672598,0.0370106761565836,0.00865800865800866,0.25,0.655007138787149,weighted,explore
80,DTLZ7,20,9,33,0.097508896797153,0.00213523131672598,0.00865800865800866,0.25,0.64546625628183,weighted,explore
80,DTLZ7,20,9,34,0.0113879003558719,0.097508896797153,0.00865800865800866,0.25,0.645835911800883,weighted,explore
81,WFG3,10,1,1,0.01,1,0.041958041958042,0.6,0.376945421262723,curriculum,indicator
81,WFG3,10,1,2,0.0135231316725979,0.01,0.0454545454545455,0.6,0.436783138979707,conservative,indicator
81,WFG3,10,1,3,0.00925266903914591,0.0135231316725979,0.0454545454545455,0.6,0.462655497409459,conservative,indicator
81,WFG3,10,1,4,0.0918149466192171,0.00925266903914591,0.0559440559440559,0.6,0.488813926160331,conservative,indicator
81,WFG3,10,1,5,0.0718861209964413,0.0918149466192171,0.0559440559440559,0.6,0.488970004001021,conservative,indicator
81,WFG3,10,1,6,0.120996441281139,0.0718861209964413,0.0559440559440559,0.6,0.480457248184612,conservative,indicator
81,WFG3,10,1,7,0.0925266903914591,0.120996441281139,0.0559440559440559,0.6,0.471789642602341,conservative,indicator
81,WFG3,10,1,8,0.0939501779359431,0.0925266903914591,0.0559440559440559,0.6,0.471966503546974,conservative,indicator
81,WFG3,10,1,9,0.0825622775800712,0.0939501779359431,0.048951048951049,0.6,0.560460053404971,weighted,indicator
81,WFG3,10,1,10,0.0740213523131673,0.0825622775800712,0.0559440559440559,0.6,0.560172186061108,weighted,indicator
81,WFG3,10,1,11,0.0476868327402135,0.0740213523131673,0.0559440559440559,0.6,0.542809349868937,conservative,indicator
81,WFG3,10,1,12,0.0113879003558719,0.0476868327402135,0.048951048951049,0.6,0.470829418296939,conservative,indicator
81,WFG3,10,1,13,0.00355871886120996,0.0113879003558719,0.0524475524475524,0.6,0.490636155334783,conservative,indicator
81,WFG3,10,1,14,0.0135231316725979,0.00355871886120996,0.0524475524475524,0.6,0.444892388316114,conservative,indicator
81,WFG3,10,1,15,0.0199288256227758,0.0135231316725979,0.0524475524475524,0.6,0.444776336963792,conservative,indicator
81,WFG3,10,1,16,0.00925266903914591,0.0199288256227758,0.0524475524475524,0.6,0.367064029225386,conservative,indicator
81,WFG3,10,1,17,0.0740213523131673,0.00925266903914591,0.048951048951049,0.6,0.56782887032436,weighted,indicator
81,WFG3,10,1,18,0.0384341637010676,0.0740213523131673,0.048951048951049,0.6,0.44442359805229,conservative,indicator
81,WFG3,10,1,19,0.0241992882562278,0.0384341637010676,0.0594405594405594,0.6,0.46188653181332,conservative,indicator
81,WFG3,10,1,20,0.0291814946619217,0.0241992882562278,0.048951048951049,0.6,0.439037363656713,conservative,indicator
81,WFG3,10,1,21,0.00284697508896797,0.0291814946619217,0.0524475524475524,0.6,0.405480356516545,conservative,indicator
81,WFG3,10,1,22,0.0128113879003559,0.00284697508896797,0.0524475524475524,0.6,0.43879758400085,conservative,indicator
81,WFG3,10,1,23,0.0099644128113879,0.0128113879003559,0.048951048951049,0.6,0.48433544128054,conservative,indicator
81,WFG3,10,1,24,0.0135231316725979,0.0099644128113879,0.048951048951049,0.6,0.484234685521967,conservative,indicator
81,WFG3,10,1,25,0.0370106761565836,0.0135231316725979,0.048951048951049,0.6,0.475596136043538,conservative,indicator
81,WFG3,10,1,26,0.0177935943060498,0.0370106761565836,0.048951048951049,0.6,0.458369361081405,conservative,indicator
81,WFG3,10,1,27,0.0533807829181495,0.0177935943060498,0.048951048951049,0.6,0.47502804015544,conservative,indicator
81,WFG3,10,1,28,0.0555160142348754,0.0533807829181495,0.0524475524475524,0.6,0.466186454427968,conservative,indicator
81,WFG3,10,1,29,0.0804270462633452,0.0555160142348754,0.0524475524475524,0.6,0.466101606232924,conservative,indicator
81,WFG3,10,1,30,0.0306049822064057,0.0804270462633452,0.0524475524475524,0.6,0.492108155507163,conservative,indicator
81,WFG3,10,1,31,0.0185053380782918,0.0306049822064057,0.041958041958042,0.6,0.535645387876361,conservative,indicator
81,WFG3,10,1,32,0.0804270462633452,0.0185053380782918,0.0384615384615385,0.6,0.518295426322887,conservative,indicator
81,WFG3,10,1,33,0.0341637010676157,0.0804270462633452,0.0314685314685315,0.6,0.546005309848678,conservative,indicator
81,WFG3,10,1,34,0.0384341637010676,0.0341637010676157,0.0314685314685315,0.6,0.598856695352892,weighted,indicator
82,WFG3,10,10,1,0.00333333333333333,1,0.027972027972028,0.6,0.474608805042544,curriculum,indicator
82,WFG3,10,10,2,0.0213523131672598,0.00333333333333333,0.0314685314685315,0.6,0.456712681527366,conservative,indicator
82,WFG3,10,10,3,0.0220640569395018,0.0213523131672598,0.034965034965035,0.6,0.42183208476488,conservative,indicator
82,WFG3,10,10,4,0.0377224199288256,0.0220640569395018,0.0384615384615385,0.6,0.404983033396779,conservative,indicator
82,WFG3,10,10,5,0.0441281138790036,0.0377224199288256,0.0384615384615385,0.6,0.369311773779009,conservative,indicator
82,WFG3,10,10,6,0.106049822064057,0.0441281138790036,0.0384615384615385,0.6,0.402956257502811,conservative,indicator
82,WFG3,10,10,7,0.0889679715302491,0.106049822064057,0.0314685314685315,0.6,0.430379935365778,conservative,indicator
82,WFG3,10,10,8,0.00925266903914591,0.0889679715302491,0.034965034965035,0.6,0.499560648309929,conservative,indicator
82,WFG3,10,10,9,0.0249110320284698,0.00925266903914591,0.0384615384615385,0.6,0.422185927193586,conservative,indicator
82,WFG3,10,10,10,0.0320284697508897,0.0249110320284698,0.0384615384615385,0.6,0.456565223977113,conservative,indicator
82,WFG3,10,10,11,0.0284697508896797,0.0320284697508897,0.034965034965035,0.6,0.395365632829057,conservative,indicator
82,WFG3,10,10,12,0.0434163701067616,0.0284697508896797,0.0384615384615385,0.6,0.395220763210339,conservative,indicator
82,WFG3,10,10,13,0.0782918149466192,0.0434163701067616,0.041958041958042,0.6,0.403045391791413,conservative,indicator
82,WFG3,10,10,14,0.0234875444839858,0.0782918149466192,0.0454545454545455,0.6,0.411529184835522,conservative,indicator
82,WFG3,10,10,15,0.128825622775801,0.0234875444839858,0.0384615384615385,0.6,0.43823240440079,conservative,indicator
82,WFG3,10,10,16,0.0099644128113879,0.128825622775801,0.034965034965035,0.6,0.447048247795352,conservative,indicator
82,WFG3,10,10,17,0.0320284697508897,0.0099644128113879,0.0384615384615385,0.6,0.456135164547928,conservative,indicator
82,WFG3,10,10,18,0.00427046263345196,0.0320284697508897,0.0384615384615385,0.6,0.473566987388337,conservative,indicator
82,WFG3,10,10,19,0.0277580071174377,0.00427046263345196,0.048951048951049,0.6,0.481991487490118,conservative,indicator
82,WFG3,10,10,20,0.0213523131672598,0.0277580071174377,0.0454545454545455,0.6,0.464951270900454,conservative,indicator
82,WFG3,10,10,21,0.0177935943060498,0.0213523131672598,0.048951048951049,0.6,0.46493873816921,conservative,indicator
82,WFG3,10,10,22,0.0206405693950178,0.0177935943060498,0.034965034965035,0.6,0.474618866222773,conservative,indicator
82,WFG3,10,10,23,0.0291814946619217,0.0206405693950178,0.0384615384615385,0.6,0.474426697259745,conservative,indicator
82,WFG3,10,10,24,0.0291814946619217,0.0291814946619217,0.041958041958042,0.6,0.465804046983727,conservative,indicator
82,WFG3,10,10,25,0.0284697508896797,0.0291814946619217,0.041958041958042,0.6,0.509237012659137,conservative,indicator
82,WFG3,10,10,26,0.0277580071174377,0.0284697508896797,0.041958041958042,0.6,0.466360055272213,conservative,indicator
82,WFG3,10,10,27,0.0177935943060498,0.0277580071174377,0.0454545454545455,0.6,0.474976604015242,conservative,indicator
82,WFG3,10,10,28,0.0370106761565836,0.0177935943060498,0.0454545454545455,0.6,0.483473607710012,conservative,indicator
82,WFG3,10,10,29,0.0306049822064057,0.0370106761565836,0.0454545454545455,0.6,0.466434970596674,conservative,indicator
82,WFG3,10,10,30,0.0234875444839858,0.0306049822064057,0.0454545454545455,0.6,0.457755875824382,conservative,indicator
82,WFG3,10,10,31,0.0192170818505338,0.0234875444839858,0.0454545454545455,0.6,0.457755875824382,conservative,indicator
82,WFG3,10,10,32,0.0483985765124555,0.0192170818505338,0.041958041958042,0.6,0.432203895131311,conservative,indicator
82,WFG3,10,10,33,0.0213523131672598,0.0483985765124555,0.041958041958042,0.6,0.440762323533791,conservative,indicator
82,WFG3,10,10,34,0.0234875444839858,0.0213523131672598,0.041958041958042,0.6,0.626418294563537,weighted,indicator
83,WFG3,10,2,1,0.0233333333333333,1,0.034965034965035,0.6,0.467795630634592,curriculum,indicator
83,WFG3,10,2,2,0.00569395017793594,0.0233333333333333,0.0384615384615385,0.6,0.464793565758043,conservative,indicator
83,WFG3,10,2,3,0.0106761565836299,0.00569395017793594,0.041958041958042,0.6,0.456170280315565,conservative,indicator
83,WFG3,10,2,4,0.0213523131672598,0.0106761565836299,0.0454545454545455,0.6,0.464021538954602,conservative,indicator
83,WFG3,10,2,5,0.00925266903914591,0.0213523131672598,0.048951048951049,0.6,0.437680037873021,conservative,indicator
83,WFG3,10,2,6,0.0177935943060498,0.00925266903914591,0.048951048951049,0.6,0.437543163895591,conservative,indicator
83,WFG3,10,2,7,0.0120996441281139,0.0177935943060498,0.0559440559440559,0.6,0.518484459574368,conservative,indicator
83,WFG3,10,2,8,0.0220640569395018,0.0120996441281139,0.0594405594405594,0.6,0.48186518026718,conservative,indicator
83,WFG3,10,2,9,0.0519572953736655,0.0220640569395018,0.0594405594405594,0.6,0.534355291464057,conservative,indicator
83,WFG3,10,2,10,0.0220640569395018,0.0519572953736655,0.0594405594405594,0.6,0.543289988533348,conservative,indicator
83,WFG3,10,2,11,0.0291814946619217,0.0220640569395018,0.0524475524475524,0.6,0.517709526682723,conservative,indicator
83,WFG3,10,2,12,0.0256227758007117,0.0291814946619217,0.041958041958042,0.6,0.430969249085463,conservative,indicator
83,WFG3,10,2,13,0.0341637010676157,0.0256227758007117,0.041958041958042,0.6,0.456353988255808,conservative,indicator
83,WFG3,10,2,14,0.0106761565836299,0.0341637010676157,0.0454545454545455,0.6,0.430101062980798,conservative,indicator
83,WFG3,10,2,15,0.0370106761565836,0.0106761565836299,0.034965034965035,0.6,0.578836367409705,weighted,indicator
83,WFG3,10,2,16,0.0498220640569395,0.0370106761565836,0.0384615384615385,0.6,0.561583921195506,weighted,indicator
83,WFG3,10,2,17,0.0135231316725979,0.0498220640569395,0.041958041958042,0.6,0.541578555112704,conservative,indicator
83,WFG3,10,2,18,0.0597864768683274,0.0135231316725979,0.0384615384615385,0.6,0.508719741646447,conservative,indicator
83,WFG3,10,2,19,0.0270462633451957,0.0597864768683274,0.041958041958042,0.6,0.549969966833624,conservative,indicator
83,WFG3,10,2,20,0.00427046263345196,0.0270462633451957,0.0384615384615385,0.6,0.465331978721528,conservative,indicator
83,WFG3,10,2,21,0.00142348754448399,0.00427046263345196,0.034965034965035,0.6,0.52943573717451,conservative,indicator
83,WFG3,10,2,22,0.0427046263345196,0.00142348754448399,0.027972027972028,0.6,0.597686359390165,weighted,indicator
83,WFG3,10,2,23,0.0120996441281139,0.0427046263345196,0.027972027972028,0.6,0.422734339568888,conservative,indicator
83,WFG3,10,2,24,0.00427046263345196,0.0120996441281139,0.0314685314685315,0.6,0.415381215512037,conservative,indicator
83,WFG3,10,2,25,0.00498220640569395,0.00427046263345196,0.0314685314685315,0.6,0.508293502191069,conservative,indicator
83,WFG3,10,2,26,0.0306049822064057,0.00498220640569395,0.0244755244755245,0.7,0.474798703442231,conservative,indicator
83,WFG3,10,2,27,0.0249110320284698,0.0306049822064057,0.0244755244755245,0.7,0.466597858766862,conservative,indicator
83,WFG3,10,2,28,0.0448398576512456,0.0249110320284698,0.0244755244755245,0.7,0.45845964558515,conservative,indicator
83,WFG3,10,2,29,0.0512455516014235,0.0448398576512456,0.0314685314685315,0.7,0.422952544101506,conservative,indicator
83,WFG3,10,2,30,0.0419928825622776,0.0512455516014235,0.027972027972028,0.7,0.408683166245018,conservative,indicator
83,WFG3,10,2,31,0.0555160142348754,0.0419928825622776,0.027972027972028,0.7,0.416859567389915,conservative,indicator
83,WFG3,10,2,32,0.0733096085409253,0.0555160142348754,0.0244755244755245,0.7,0.417028512648067,conservative,indicator
83,WFG3,10,2,33,0.0341637010676157,0.0733096085409253,0.0244755244755245,0.7,0.392349375107721,conservative,indicator
83,WFG3,10,2,34,0.00854092526690392,0.0341637010676157,0.0244755244755245,0.7,0.374400415171226,conservative,indicator
84,WFG3,10,3,1,0.00333333333333333,1,0.027972027972028,0.6,0.421549966240414,curriculum,indicator
84,WFG3,10,3,2,0.0263345195729537,0.00333333333333333,0.027972027972028,0.6,0.428964208654003,conservative,indicator
84,WFG3,10,3,3,0.00498220640569395,0.0263345195729537,0.0314685314685315,0.5,0.431035579531901,conservative,indicator
84,WFG3,10,3,4,0.0170818505338078,0.00498220640569395,0.034965034965035,0.6,0.534614932434061,conservative,indicator
84,WFG3,10,3,5,0.0313167259786477,0.0170818505338078,0.0384615384615385,0.6,0.491336336096771,conservative,indicator
84,WFG3,10,3,6,0.00854092526690392,0.0313167259786477,0.0384615384615385,0.6,0.563611272962498,weighted,indicator
84,WFG3,10,3,7,0.0298932384341637,0.00854092526690392,0.0384615384615385,0.6,0.503123797989922,conservative,indicator
84,WFG3,10,3,8,0.0548042704626335,0.0298932384341637,0.0384615384615385,0.6,0.484438799352422,conservative,indicator
84,WFG3,10,3,9,0.0583629893238434,0.0548042704626335,0.034965034965035,0.6,0.43260878347582,conservative,indicator
84,WFG3,10,3,10,0.0512455516014235,0.0583629893238434,0.034965034965035,0.6,0.441294911753797,conservative,indicator
84,WFG3,10,3,11,0.0619217081850534,0.0512455516014235,0.034965034965035,0.6,0.458185674533303,conservative,indicator
84,WFG3,10,3,12,0.0334519572953737,0.0619217081850534,0.041958041958042,0.6,0.475233621868959,conservative,indicator
84,WFG3,10,3,13,0.0633451957295374,0.0334519572953737,0.041958041958042,0.6,0.483621495388726,conservative,indicator
84,WFG3,10,3,14,0.0498220640569395,0.0633451957295374,0.0384615384615385,0.6,0.528302541363622,conservative,indicator
84,WFG3,10,3,15,0.0562277580071174,0.0498220640569395,0.041958041958042,0.6,0.528779071742214,conservative,indicator
84,WFG3,10,3,16,0.0128113879003559,0.0562277580071174,0.041958041958042,0.6,0.528092034829988,conservative,indicator
84,WFG3,10,3,17,0.0462633451957295,0.0128113879003559,0.034965034965035,0.6,0.544621168136599,conservative,indicator
84,WFG3,10,3,18,0.0569395017793594,0.0462633451957295,0.0384615384615385,0.6,0.552859016352965,weighted,indicator
84,WFG3,10,3,19,0.116725978647687,0.0569395017793594,0.0384615384615385,0.6,0.561560375293871,weighted,indicator
84,WFG3,10,3,20,0.0818505338078292,0.116725978647687,0.041958041958042,0.6,0.534871622855427,conservative,indicator
84,WFG3,10,3,21,0.0213523131672598,0.0818505338078292,0.0314685314685315,0.6,0.536849043322615,conservative,indicator
84,WFG3,10,3,22,0.0256227758007117,0.0213523131672598,0.0314685314685315,0.6,0.528212057936663,conservative,indicator
84,WFG3,10,3,23,0.0227758007117438,0.0256227758007117,0.0314685314685315,0.6,0.52822052347708,conservative,indicator
84,WFG3,10,3,24,0.0192170818505338,0.0227758007117438,0.0314685314685315,0.6,0.528190241208497,conservative,indicator
84,WFG3,10,3,25,0.0469750889679715,0.0192170818505338,0.0314685314685315,0.7,0.433024294793188,conservative,indicator
84,WFG3,10,3,26,0.0241992882562278,0.0469750889679715,0.027972027972028,0.7,0.40006660917042,conservative,indicator
84,WFG3,10,3,27,0.0669039145907473,0.0241992882562278,0.027972027972028,0.7,0.459915316510011,conservative,indicator
84,WFG3,10,3,28,0.0768683274021352,0.0669039145907473,0.027972027972028,0.7,0.477134466590796,conservative,indicator
84,WFG3,10,3,29,0.0441281138790036,0.0768683274021352,0.027972027972028,0.6,0.372704953341338,conservative,indicator
84,WFG3,10,3,30,0.00854092526690392,0.0441281138790036,0.0244755244755245,0.6,0.626724775601503,weighted,indicator
84,WFG3,10,3,31,0.0740213523131673,0.00854092526690392,0.0244755244755245,0.6,0.635176309234746,weighted,indicator
84,WFG3,10,3,32,0.0384341637010676,0.0740213523131673,0.0244755244755245,0.6,0.643665148043288,weighted,indicator
84,WFG3,10,3,33,0.00427046263345196,0.0384341637010676,0.0244755244755245,0.6,0.652305124157348,weighted,indicator
84,WFG3,10,3,34,0.0676156583629893,0.00427046263345196,0.0244755244755245,0.6,0.34795658269852,conservative,indicator
85,WFG3,10,4,1,0.0166666666666667,1,0.0384615384615385,0.6,0.474815720725794,curriculum,indicator
85,WFG3,10,4,2,0.0106761565836299,0.0166666666666667,0.0384615384615385,0.6,0.48361911998196,conservative,indicator
85,WFG3,10,4,3,0.00142348754448399,0.0106761565836299,0.034965034965035,0.6,0.454027486543121,conservative,indicator
85,WFG3,10,4,4,0.00782918149466192,0.00142348754448399,0.034965034965035,0.6,0.480447814242214,conservative,indicator
85,WFG3,10,4,5,0.0839857651245552,0.00782918149466192,0.020979020979021,0.6,0.49877845103962,conservative,indicator
85,WFG3,10,4,6,0.0918149466192171,0.0839857651245552,0.020979020979021,0.6,0.498438729801318,conservative,indicator
85,WFG3,10,4,7,0.107473309608541,0.0918149466192171,0.0244755244755245,0.6,0.48904899731697,conservative,indicator
85,WFG3,10,4,8,0.0875444839857651,0.107473309608541,0.0314685314685315,0.6,0.448435181779232,conservative,indicator
85,WFG3,10,4,9,0.0462633451957295,0.0875444839857651,0.0314685314685315,0.6,0.473474526992017,conservative,indicator
85,WFG3,10,4,10,0.0512455516014235,0.0462633451957295,0.0384615384615385,0.6,0.518501309692815,conservative,indicator
85,WFG3,10,4,11,0.0889679715302491,0.0512455516014235,0.0384615384615385,0.6,0.509419274320543,conservative,indicator
85,WFG3,10,4,12,0.095373665480427,0.0889679715302491,0.041958041958042,0.6,0.439667175728544,conservative,indicator
85,WFG3,10,4,13,0.099644128113879,0.095373665480427,0.041958041958042,0.6,0.439525484534094,conservative,indicator
85,WFG3,10,4,14,0.116014234875445,0.099644128113879,0.041958041958042,0.6,0.439768800478234,conservative,indicator
85,WFG3,10,4,15,0.126690391459075,0.116014234875445,0.041958041958042,0.6,0.43970560927886,conservative,indicator
85,WFG3,10,4,16,0.098932384341637,0.126690391459075,0.041958041958042,0.6,0.440544670634887,conservative,indicator
85,WFG3,10,4,17,0.123131672597865,0.098932384341637,0.0384615384615385,0.6,0.490470624198552,conservative,indicator
85,WFG3,10,4,18,0.108185053380783,0.123131672597865,0.0384615384615385,0.6,0.473127674099146,conservative,indicator
85,WFG3,10,4,19,0.0875444839857651,0.108185053380783,0.0384615384615385,0.6,0.439329445848024,conservative,indicator
85,WFG3,10,4,20,0.0427046263345196,0.0875444839857651,0.0384615384615385,0.6,0.371663243244379,conservative,indicator
85,WFG3,10,4,21,0.0569395017793594,0.0427046263345196,0.0384615384615385,0.6,0.353932048989979,conservative,indicator
85,WFG3,10,4,22,0.0754448398576512,0.0569395017793594,0.0384615384615385,0.6,0.441732375956338,conservative,indicator
85,WFG3,10,4,23,0.0220640569395018,0.0754448398576512,0.0384615384615385,0.6,0.398026748945318,conservative,indicator
85,WFG3,10,4,24,0.0099644128113879,0.0220640569395018,0.0384615384615385,0.6,0.450414798769685,conservative,indicator
85,WFG3,10,4,25,0.0548042704626335,0.0099644128113879,0.0454545454545455,0.6,0.476068283612,conservative,indicator
85,WFG3,10,4,26,0.0797153024911032,0.0548042704626335,0.0454545454545455,0.6,0.467177452942668,conservative,indicator
85,WFG3,10,4,27,0.00284697508896797,0.0797153024911032,0.0454545454545455,0.6,0.407472864997299,conservative,indicator
85,WFG3,10,4,28,0.00427046263345196,0.00284697508896797,0.0384615384615385,0.6,0.424725358646818,conservative,indicator
85,WFG3,10,4,29,0.00498220640569395,0.00427046263345196,0.041958041958042,0.6,0.433167974940462,conservative,indicator
85,WFG3,10,4,30,0.00427046263345196,0.00498220640569395,0.041958041958042,0.6,0.415806711138313,conservative,indicator
85,WFG3,10,4,31,0.00640569395017794,0.00427046263345196,0.041958041958042,0.6,0.380143848484078,conservative,indicator
85,WFG3,10,4,32,0.0128113879003559,0.00640569395017794,0.0454545454545455,0.7,0.389702310655325,conservative,indicator
85,WFG3,10,4,33,0.0199288256227758,0.0128113879003559,0.0454545454545455,0.7,0.398479439761641,conservative,indicator
85,WFG3,10,4,34,0.00498220640569395,0.0199288256227758,0.041958041958042,0.7,0.381378572197885,conservative,indicator
86,WFG3,10,5,1,0.00777777777777778,1,0.0454545454545455,0.6,0.500538908138725,curriculum,indicator
86,WFG3,10,5,2,0.0128113879003559,0.00777777777777778,0.041958041958042,0.6,0.509484265103264,conservative,indicator
86,WFG3,10,5,3,0.0113879003558719,0.0128113879003559,0.0384615384615385,0.6,0.455722954021382,conservative,indicator
86,WFG3,10,5,4,0.0284697508896797,0.0113879003558719,0.0454545454545455,0.6,0.448539743585249,conservative,indicator
86,WFG3,10,5,5,0.0263345195729537,0.0284697508896797,0.0384615384615385,0.6,0.439461564024968,conservative,indicator
86,WFG3,10,5,6,0.0142348754448399,0.0263345195729537,0.0454545454545455,0.6,0.448574531048696,conservative,indicator
86,WFG3,10,5,7,0.00498220640569395,0.0142348754448399,0.048951048951049,0.6,0.484827876026964,conservative,indicator
86,WFG3,10,5,8,0.106761565836299,0.00498220640569395,0.034965034965035,0.6,0.528028802570179,conservative,indicator
86,WFG3,10,5,9,0.0782918149466192,0.106761565836299,0.034965034965035,0.6,0.552814825043991,weighted,indicator
86,WFG3,10,5,10,0.0868327402135231,0.0782918149466192,0.034965034965035,0.6,0.544399531891176,conservative,indicator
86,WFG3,10,5,11,0.0362989323843416,0.0868327402135231,0.034965034965035,0.6,0.447769514261623,conservative,indicator
86,WFG3,10,5,12,0.0149466192170819,0.0362989323843416,0.0384615384615385,0.7,0.438479560168535,conservative,indicator
86,WFG3,10,5,13,0.0163701067615658,0.0149466192170819,0.0384615384615385,0.7,0.428483109409522,conservative,indicator
86,WFG3,10,5,14,0.0270462633451957,0.0163701067615658,0.027972027972028,0.7,0.429794780476396,conservative,indicator
86,WFG3,10,5,15,0.0277580071174377,0.0270462633451957,0.0314685314685315,0.7,0.368542576520093,conservative,indicator
86,WFG3,10,5,16,0.0761565836298932,0.0277580071174377,0.034965034965035,0.7,0.377161903123529,conservative,indicator
86,WFG3,10,5,17,0.0128113879003559,0.0761565836298932,0.041958041958042,0.7,0.457202605524656,conservative,indicator
86,WFG3,10,5,18,0.0412811387900356,0.0128113879003559,0.041958041958042,0.7,0.403201962408838,conservative,indicator
86,WFG3,10,5,19,0.0355871886120996,0.0412811387900356,0.041958041958042,0.7,0.534783051113652,conservative,indicator
86,WFG3,10,5,20,0.0476868327402135,0.0355871886120996,0.041958041958042,0.7,0.525968845626428,conservative,indicator
86,WFG3,10,5,21,0.0370106761565836,0.0476868327402135,0.041958041958042,0.7,0.491595971085004,conservative,indicator
86,WFG3,10,5,22,0.0384341637010676,0.0370106761565836,0.0384615384615385,0.7,0.410257899137698,conservative,indicator
86,WFG3,10,5,23,0.117437722419929,0.0384341637010676,0.0384615384615385,0.7,0.37618154097816,conservative,indicator
86,WFG3,10,5,24,0.0683274021352313,0.117437722419929,0.034965034965035,0.7,0.45609838333128,conservative,indicator
86,WFG3,10,5,25,0.0889679715302491,0.0683274021352313,0.0384615384615385,0.7,0.492073469658372,conservative,indicator
86,WFG3,10,5,26,0.0846975088967972,0.0889679715302491,0.0384615384615385,0.7,0.491817626620341,conservative,indicator
86,WFG3,10,5,27,0.0797153024911032,0.0846975088967972,0.034965034965035,0.7,0.510621672278165,conservative,indicator
86,WFG3,10,5,28,0.0533807829181495,0.0797153024911032,0.0314685314685315,0.7,0.527283664795482,conservative,indicator
86,WFG3,10,5,29,0.0562277580071174,0.0533807829181495,0.0314685314685315,0.7,0.509435955446657,conservative,indicator
86,WFG3,10,5,30,0.0498220640569395,0.0562277580071174,0.0314685314685315,0.7,0.526250967674824,conservative,indicator
86,WFG3,10,5,31,0.0398576512455516,0.0498220640569395,0.0314685314685315,0.7,0.537563649225419,conservative,indicator
86,WFG3,10,5,32,0.00640569395017794,0.0398576512455516,0.0314685314685315,0.7,0.486250465680756,conservative,indicator
86,WFG3,10,5,33,0.155871886120996,0.00640569395017794,0.0454545454545455,0.7,0.569255477191151,weighted,indicator
86,WFG3,10,5,34,0.0633451957295374,0.155871886120996,0.0454545454545455,0.7,0.517886944514539,conservative,indicator
87,WFG3,10,6,1,0.0155555555555556,1,0.0384615384615385,0.6,0.489526038899735,curriculum,indicator
87,WFG3,10,6,2,0.0128113879003559,0.0155555555555556,0.0454545454545455,0.6,0.455593058213846,conservative,indicator
87,WFG3,10,6,3,0.00284697508896797,0.0128113879003559,0.048951048951049,0.5,0.429249659929774,conservative,indicator
87,WFG3,10,6,4,0.0156583629893238,0.00284697508896797,0.0454545454545455,0.5,0.43870242390137,conservative,indicator
87,WFG3,10,6,5,0.0341637010676157,0.0156583629893238,0.041958041958042,0.6,0.455747617889034,conservative,indicator
87,WFG3,10,6,6,0.0355871886120996,0.0341637010676157,0.041958041958042,0.6,0.43837154101376,conservative,indicator
87,WFG3,10,6,7,0.0633451957295374,0.0355871886120996,0.0384615384615385,0.6,0.39474734528996,conservative,indicator
87,WFG3,10,6,8,0.0256227758007117,0.0633451957295374,0.041958041958042,0.6,0.421328661255254,conservative,indicator
87,WFG3,10,6,9,0.0120996441281139,0.0256227758007117,0.041958041958042,0.6,0.421630206587991,conservative,indicator
87,WFG3,10,6,10,0.0306049822064057,0.0120996441281139,0.041958041958042,0.6,0.429003296318123,conservative,indicator
87,WFG3,10,6,11,0.0213523131672598,0.0306049822064057,0.0454545454545455,0.6,0.481240890294358,conservative,indicator
87,WFG3,10,6,12,0.0156583629893238,0.0213523131672598,0.0384615384615385,0.5,0.482372197123576,conservative,indicator
87,WFG3,10,6,13,0.0263345195729537,0.0156583629893238,0.0384615384615385,0.5,0.489629881181609,conservative,indicator
87,WFG3,10,6,14,0.0128113879003559,0.0263345195729537,0.041958041958042,0.6,0.465075007170022,conservative,indicator
87,WFG3,10,6,15,0.0590747330960854,0.0128113879003559,0.0384615384615385,0.6,0.517672744535459,conservative,indicator
87,WFG3,10,6,16,0.0135231316725979,0.0590747330960854,0.0524475524475524,0.6,0.456086423126559,conservative,indicator
87,WFG3,10,6,17,0.0227758007117438,0.0135231316725979,0.0524475524475524,0.6,0.456078495137118,conservative,indicator
87,WFG3,10,6,18,0.0341637010676157,0.0227758007117438,0.048951048951049,0.6,0.44741656870205,conservative,indicator
87,WFG3,10,6,19,0.0277580071174377,0.0341637010676157,0.048951048951049,0.6,0.447477528038514,conservative,indicator
87,WFG3,10,6,20,0.0156583629893238,0.0277580071174377,0.0524475524475524,0.6,0.413522278814367,conservative,indicator
87,WFG3,10,6,21,0.0206405693950178,0.0156583629893238,0.0454545454545455,0.6,0.448177176560183,conservative,indicator
87,WFG3,10,6,22,0.00711743772241993,0.0206405693950178,0.0454545454545455,0.6,0.414303974154844,conservative,indicator
87,WFG3,10,6,23,0.00569395017793594,0.00711743772241993,0.0454545454545455,0.6,0.423571556158414,conservative,indicator
87,WFG3,10,6,24,0.00284697508896797,0.00569395017793594,0.0454545454545455,0.6,0.423605443748853,conservative,indicator
87,WFG3,10,6,25,0.0234875444839858,0.00284697508896797,0.0454545454545455,0.6,0.432986242572609,conservative,indicator
87,WFG3,10,6,26,0.0313167259786477,0.0234875444839858,0.041958041958042,0.6,0.44983032692453,conservative,indicator
87,WFG3,10,6,27,0.0327402135231317,0.0313167259786477,0.0454545454545455,0.6,0.484785882092541,conservative,indicator
87,WFG3,10,6,28,0.0163701067615658,0.0327402135231317,0.0454545454545455,0.6,0.484785882092541,conservative,indicator
87,WFG3,10,6,29,0.0234875444839858,0.0163701067615658,0.041958041958042,0.6,0.457119482777724,conservative,indicator
87,WFG3,10,6,30,0.0932384341637011,0.0234875444839858,0.0314685314685315,0.6,0.405145979619888,conservative,indicator
87,WFG3,10,6,31,0.100355871886121,0.0932384341637011,0.034965034965035,0.6,0.396426877796862,conservative,indicator
87,WFG3,10,6,32,0.0135231316725979,0.100355871886121,0.034965034965035,0.6,0.36055365388161,conservative,indicator
87,WFG3,10,6,33,0.0113879003558719,0.0135231316725979,0.034965034965035,0.6,0.360484806371503,conservative,indicator
87,WFG3,10,6,34,0.116725978647687,0.0113879003558719,0.034965034965035,0.6,0.377428849646903,conservative,indicator
88,WFG3,10,7,1,0.00333333333333333,1,0.0384615384615385,0.6,0.532630556387175,curriculum,indicator
88,WFG3,10,7,2,0.00284697508896797,0.00333333333333333,0.0384615384615385,0.6,0.32591765565597,conservative,indicator
88,WFG3,10,7,3,0.00782918149466192,0.00284697508896797,0.0454545454545455,0.6,0.334632310698581,conservative,indicator
88,WFG3,10,7,4,0.00569395017793594,0.00782918149466192,0.034965034965035,0.6,0.421566955970372,conservative,indicator
88,WFG3,10,7,5,0.0163701067615658,0.00569395017793594,0.027972027972028,0.6,0.385755651746333,conservative,indicator
88,WFG3,10,7,6,0.00711743772241993,0.0163701067615658,0.027972027972028,0.6,0.351020927768111,conservative,indicator
88,WFG3,10,7,7,0.0106761565836299,0.00711743772241993,0.027972027972028,0.6,0.360175893550225,conservative,indicator
88,WFG3,10,7,8,0.0120996441281139,0.0106761565836299,0.027972027972028,0.6,0.359995997188286,conservative,indicator
88,WFG3,10,7,9,0.0483985765124555,0.0120996441281139,0.0314685314685315,0.6,0.569683025529049,weighted,indicator
88,WFG3,10,7,10,0.00925266903914591,0.0483985765124555,0.0314685314685315,0.6,0.325754723982558,conservative,indicator
88,WFG3,10,7,11,0.00711743772241993,0.00925266903914591,0.034965034965035,0.6,0.36275610846079,conservative,indicator
88,WFG3,10,7,12,0.0113879003558719,0.00711743772241993,0.034965034965035,0.6,0.345527439223698,conservative,indicator
88,WFG3,10,7,13,0.00498220640569395,0.0113879003558719,0.034965034965035,0.6,0.335319829406463,conservative,indicator
88,WFG3,10,7,14,0.0142348754448399,0.00498220640569395,0.034965034965035,0.6,0.377908515018961,conservative,indicator
88,WFG3,10,7,15,0.00355871886120996,0.0142348754448399,0.034965034965035,0.6,0.412204447743111,conservative,indicator
88,WFG3,10,7,16,0.00854092526690392,0.00355871886120996,0.034965034965035,0.6,0.378464026869695,conservative,indicator
88,WFG3,10,7,17,0.0099644128113879,0.00854092526690392,0.0384615384615385,0.6,0.360850644548769,conservative,indicator
88,WFG3,10,7,18,0.00284697508896797,0.0099644128113879,0.034965034965035,0.6,0.361015884410579,conservative,indicator
88,WFG3,10,7,19,0.00498220640569395,0.00284697508896797,0.034965034965035,0.6,0.386737755816529,conservative,indicator
88,WFG3,10,7,20,0.0120996441281139,0.00498220640569395,0.034965034965035,0.6,0.546969229296349,conservative,indicator
88,WFG3,10,7,21,0.00355871886120996,0.0120996441281139,0.034965034965035,0.6,0.537452967386822,conservative,indicator
88,WFG3,10,7,22,0.0170818505338078,0.00355871886120996,0.034965034965035,0.6,0.471027333457629,conservative,indicator
88,WFG3,10,7,23,0.00711743772241993,0.0170818505338078,0.034965034965035,0.6,0.655275595863303,weighted,indicator
88,WFG3,10,7,24,0.00213523131672598,0.00711743772241993,0.0384615384615385,0.6,0.327416078000449,conservative,indicator
88,WFG3,10,7,25,0.0868327402135231,0.00213523131672598,0.034965034965035,0.6,0.473352188210056,conservative,indicator
88,WFG3,10,7,26,0.00427046263345196,0.0868327402135231,0.034965034965035,0.6,0.336382613460085,conservative,indicator
88,WFG3,10,7,27,0.0149466192170819,0.00427046263345196,0.0384615384615385,0.6,0.4745879585584,conservative,indicator
88,WFG3,10,7,28,0.00569395017793594,0.0149466192170819,0.034965034965035,0.6,0.372349198063533,conservative,indicator
88,WFG3,10,7,29,0.0142348754448399,0.00569395017793594,0.0314685314685315,0.6,0.502362866391446,conservative,indicator
88,WFG3,10,7,30,0.0163701067615658,0.0142348754448399,0.0314685314685315,0.6,0.450919007854129,conservative,indicator
88,WFG3,10,7,31,0.0220640569395018,0.0163701067615658,0.027972027972028,0.6,0.447689556008469,conservative,indicator
88,WFG3,10,7,32,0.0177935943060498,0.0220640569395018,0.027972027972028,0.6,0.456479689651053,conservative,indicator
88,WFG3,10,7,33,0.0427046263345196,0.0177935943060498,0.0384615384615385,0.6,0.328528328424716,conservative,indicator
88,WFG3,10,7,34,0.0419928825622776,0.0427046263345196,0.0314685314685315,0.6,0.33697536087744,conservative,indicator
89,WFG3,10,8,1,0.0177777777777778,1,0.0384615384615385,0.6,0.403655190070491,curriculum,indicator
89,WFG3,10,8,2,0.00711743772241993,0.0177777777777778,0.0314685314685315,0.6,0.439684754713969,conservative,indicator
89,WFG3,10,8,3,0.0234875444839858,0.00711743772241993,0.034965034965035,0.6,0.431199849995229,conservative,indicator
89,WFG3,10,8,4,0.0213523131672598,0.0234875444839858,0.0384615384615385,0.6,0.403855981895989,conservative,indicator
89,WFG3,10,8,5,0.0149466192170819,0.0213523131672598,0.034965034965035,0.6,0.396189656199667,conservative,indicator
89,WFG3,10,8,6,0.0469750889679715,0.0149466192170819,0.0384615384615385,0.6,0.508566270422026,conservative,indicator
89,WFG3,10,8,7,0.00569395017793594,0.0469750889679715,0.0384615384615385,0.6,0.379272417405972,conservative,indicator
89,WFG3,10,8,8,0.00782918149466192,0.00569395017793594,0.0384615384615385,0.6,0.4570566444974,conservative,indicator
89,WFG3,10,8,9,0.00569395017793594,0.00782918149466192,0.041958041958042,0.6,0.395088257671088,conservative,indicator
89,WFG3,10,8,10,0.00711743772241993,0.00569395017793594,0.041958041958042,0.6,0.386358161896479,conservative,indicator
89,WFG3,10,8,11,0.0476868327402135,0.00711743772241993,0.041958041958042,0.6,0.403321871079841,conservative,indicator
89,WFG3,10,8,12,0.0163701067615658,0.0476868327402135,0.0384615384615385,0.6,0.498737395047479,conservative,indicator
89,WFG3,10,8,13,0.0113879003558719,0.0163701067615658,0.041958041958042,0.6,0.421993772835293,conservative,indicator
89,WFG3,10,8,14,0.0156583629893238,0.0113879003558719,0.041958041958042,0.6,0.405495752878761,conservative,indicator
89,WFG3,10,8,15,0.00711743772241993,0.0156583629893238,0.0384615384615385,0.6,0.405389619062519,conservative,indicator
89,WFG3,10,8,16,0.0220640569395018,0.00711743772241993,0.0384615384615385,0.6,0.336814663489634,conservative,indicator
89,WFG3,10,8,17,0.00142348754448399,0.0220640569395018,0.0384615384615385,0.6,0.362995669166026,conservative,indicator
89,WFG3,10,8,18,0.00925266903914591,0.00142348754448399,0.0384615384615385,0.6,0.379920932595364,conservative,indicator
89,WFG3,10,8,19,0.0291814946619217,0.00925266903914591,0.0384615384615385,0.6,0.442823097261573,conservative,indicator
89,WFG3,10,8,20,0.0526690391459075,0.0291814946619217,0.0314685314685315,0.6,0.426156718058713,conservative,indicator
89,WFG3,10,8,21,0.098932384341637,0.0526690391459075,0.034965034965035,0.6,0.451682517252785,conservative,indicator
89,WFG3,10,8,22,0.0298932384341637,0.098932384341637,0.034965034965035,0.6,0.468469991508533,conservative,indicator
89,WFG3,10,8,23,0.0832740213523132,0.0298932384341637,0.0384615384615385,0.6,0.511492332134481,conservative,indicator
89,WFG3,10,8,24,0.099644128113879,0.0832740213523132,0.0384615384615385,0.6,0.578948183691625,weighted,indicator
89,WFG3,10,8,25,0.0185053380782918,0.099644128113879,0.041958041958042,0.6,0.477495555117538,conservative,indicator
89,WFG3,10,8,26,0.0128113879003559,0.0185053380782918,0.048951048951049,0.6,0.494562865668633,conservative,indicator
89,WFG3,10,8,27,0.0483985765124555,0.0128113879003559,0.048951048951049,0.6,0.385408679335688,conservative,indicator
89,WFG3,10,8,28,0.0313167259786477,0.0483985765124555,0.027972027972028,0.6,0.462547562223454,conservative,indicator
89,WFG3,10,8,29,0.0234875444839858,0.0313167259786477,0.027972027972028,0.6,0.454431693923217,conservative,indicator
89,WFG3,10,8,30,0.0128113879003559,0.0234875444839858,0.027972027972028,0.6,0.386030925008837,conservative,indicator
89,WFG3,10,8,31,0.0583629893238434,0.0128113879003559,0.027972027972028,0.6,0.39425456071215,conservative,indicator
89,WFG3,10,8,32,0.0142348754448399,0.0583629893238434,0.027972027972028,0.7,0.386198680754447,conservative,indicator
89,WFG3,10,8,33,0.0270462633451957,0.0142348754448399,0.027972027972028,0.7,0.350902767504532,conservative,indicator
89,WFG3,10,8,34,0.0227758007117438,0.0270462633451957,0.027972027972028,0.7,0.358892437235708,conservative,indicator
90,WFG3,10,9,1,0.00888888888888889,1,0.0454545454545455,0.6,0.395131513490962,curriculum,indicator
90,WFG3,10,9,2,0.0128113879003559,0.00888888888888889,0.0454545454545455,0.6,0.394622665641543,conservative,indicator
90,WFG3,10,9,3,0.00427046263345196,0.0128113879003559,0.048951048951049,0.6,0.549386864796395,conservative,indicator
90,WFG3,10,9,4,0.0135231316725979,0.00427046263345196,0.0314685314685315,0.6,0.428745342389571,conservative,indicator
90,WFG3,10,9,5,0.00925266903914591,0.0135231316725979,0.0314685314685315,0.6,0.411610534311413,conservative,indicator
90,WFG3,10,9,6,0.00142348754448399,0.00925266903914591,0.027972027972028,0.6,0.403853130335544,conservative,indicator
90,WFG3,10,9,7,0.00854092526690392,0.00142348754448399,0.0314685314685315,0.6,0.412687812343392,conservative,indicator
90,WFG3,10,9,8,0.0120996441281139,0.00854092526690392,0.034965034965035,0.6,0.421166142935248,conservative,indicator
90,WFG3,10,9,9,0.0106761565836299,0.0120996441281139,0.0384615384615385,0.6,0.420769187617429,conservative,indicator
90,WFG3,10,9,10,0.00355871886120996,0.0106761565836299,0.0454545454545455,0.6,0.411881073459546,conservative,indicator
90,WFG3,10,9,11,0.00782918149466192,0.00355871886120996,0.041958041958042,0.6,0.39427279031256,conservative,indicator
90,WFG3,10,9,12,0.0128113879003559,0.00782918149466192,0.0384615384615385,0.6,0.411393572034835,conservative,indicator
90,WFG3,10,9,13,0.0185053380782918,0.0128113879003559,0.0384615384615385,0.6,0.411023855265423,conservative,indicator
90,WFG3,10,9,14,0.0220640569395018,0.0185053380782918,0.0454545454545455,0.6,0.402235802897776,conservative,indicator
90,WFG3,10,9,15,0.0220640569395018,0.0220640569395018,0.041958041958042,0.6,0.350966033440169,conservative,indicator
90,WFG3,10,9,16,0.00569395017793594,0.0220640569395018,0.041958041958042,0.6,0.37641163739623,conservative,indicator
90,WFG3,10,9,17,0.0405693950177936,0.00569395017793594,0.0454545454545455,0.6,0.598955156932666,weighted,indicator
90,WFG3,10,9,18,0.0448398576512456,0.0405693950177936,0.0454545454545455,0.6,0.598718310037658,weighted,indicator
90,WFG3,10,9,19,0.0249110320284698,0.0448398576512456,0.0454545454545455,0.6,0.32517588353177,conservative,indicator
90,WFG3,10,9,20,0.0227758007117438,0.0249110320284698,0.0454545454545455,0.6,0.325371308395707,conservative,indicator
90,WFG3,10,9,21,0.0113879003558719,0.0227758007117438,0.041958041958042,0.7,0.419721618670037,conservative,indicator
90,WFG3,10,9,22,0.0106761565836299,0.0113879003558719,0.041958041958042,0.7,0.419757350276552,conservative,indicator
90,WFG3,10,9,23,0.0362989323843416,0.0106761565836299,0.041958041958042,0.6,0.386292382020368,conservative,indicator
90,WFG3,10,9,24,0.0391459074733096,0.0362989323843416,0.041958041958042,0.6,0.403597444115529,conservative,indicator
90,WFG3,10,9,25,0.0106761565836299,0.0391459074733096,0.0384615384615385,0.6,0.380189296185767,conservative,indicator
90,WFG3,10,9,26,0.0249110320284698,0.0106761565836299,0.041958041958042,0.6,0.380450809475493,conservative,indicator
90,WFG3,10,9,27,0.0113879003558719,0.0249110320284698,0.041958041958042,0.6,0.371930133891722,conservative,indicator
90,WFG3,10,9,28,0.0185053380782918,0.0113879003558719,0.041958041958042,0.6,0.3893712295517,conservative,indicator
90,WFG3,10,9,29,0.0142348754448399,0.0185053380782918,0.0384615384615385,0.6,0.389515086136828,conservative,indicator
90,WFG3,10,9,30,0.00925266903914591,0.0142348754448399,0.041958041958042,0.6,0.398085311901019,conservative,indicator
90,WFG3,10,9,31,0.0227758007117438,0.00925266903914591,0.041958041958042,0.6,0.415655630336787,conservative,indicator
90,WFG3,10,9,32,0.00782918149466192,0.0227758007117438,0.041958041958042,0.6,0.415636377232453,conservative,indicator
90,WFG3,10,9,33,0.0120996441281139,0.00782918149466192,0.041958041958042,0.6,0.415685949625171,conservative,indicator
90,WFG3,10,9,34,0.0355871886120996,0.0120996441281139,0.041958041958042,0.6,0.450166154432639,conservative,indicator
91,WFG3,20,1,1,0.02,1,0.012987012987013,0.8,0.397601092635025,curriculum,indicator
91,WFG3,20,1,2,0.00782918149466192,0.02,0.012987012987013,0.8,0.416728815180613,conservative,indicator
91,WFG3,20,1,3,0.00640569395017794,0.00782918149466192,0.012987012987013,0.8,0.407999387726944,conservative,indicator
91,WFG3,20,1,4,0.0128113879003559,0.00640569395017794,0.012987012987013,0.8,0.370061706886343,conservative,indicator
91,WFG3,20,1,5,0.0612099644128114,0.0128113879003559,0.012987012987013,0.8,0.388478403191816,conservative,indicator
91,WFG3,20,1,6,0.0163701067615658,0.0612099644128114,0.012987012987013,0.8,0.324703160490002,conservative,indicator
91,WFG3,20,1,7,0.0355871886120996,0.0163701067615658,0.012987012987013,0.8,0.650792096564012,weighted,indicator
91,WFG3,20,1,8,0.0206405693950178,0.0355871886120996,0.012987012987013,0.8,0.325092279519231,conservative,indicator
91,WFG3,20,1,9,0.0327402135231317,0.0206405693950178,0.012987012987013,0.8,0.631969444781911,weighted,indicator
91,WFG3,20,1,10,0.0199288256227758,0.0327402135231317,0.012987012987013,0.8,0.315749190039272,conservative,indicator
91,WFG3,20,1,11,0.0398576512455516,0.0199288256227758,0.012987012987013,0.8,0.630688967728579,weighted,indicator
91,WFG3,20,1,12,0.0419928825622776,0.0398576512455516,0.012987012987013,0.8,0.640032732207078,weighted,indicator
91,WFG3,20,1,13,0.00355871886120996,0.0419928825622776,0.012987012987013,0.8,0.315260888153174,conservative,indicator
91,WFG3,20,1,14,0.00640569395017794,0.00355871886120996,0.012987012987013,0.8,0.314642542939953,conservative,indicator
91,WFG3,20,1,15,0.0213523131672598,0.00640569395017794,0.012987012987013,0.8,0.372020739392102,conservative,indicator
91,WFG3,20,1,16,0.0398576512455516,0.0213523131672598,0.012987012987013,0.8,0.372145436622304,conservative,indicator
91,WFG3,20,1,17,0.0192170818505338,0.0398576512455516,0.012987012987013,0.8,0.381194581829849,conservative,indicator
91,WFG3,20,1,18,0.0398576512455516,0.0192170818505338,0.012987012987013,0.8,0.344403207038041,conservative,indicator
91,WFG3,20,1,19,0.00284697508896797,0.0398576512455516,0.012987012987013,0.8,0.362649925987991,conservative,indicator
91,WFG3,20,1,20,0.0398576512455516,0.00284697508896797,0.012987012987013,0.8,0.362505974390168,conservative,indicator
91,WFG3,20,1,21,0.0163701067615658,0.0398576512455516,0.012987012987013,0.8,0.380974389292216,conservative,indicator
91,WFG3,20,1,22,0.100355871886121,0.0163701067615658,0.012987012987013,0.8,0.657697552043275,weighted,indicator
91,WFG3,20,1,23,0.199288256227758,0.100355871886121,0.012987012987013,0.8,0.685786239695245,weighted,indicator
91,WFG3,20,1,24,0.225622775800712,0.199288256227758,0.012987012987013,0.8,0.648607962253573,weighted,indicator
91,WFG3,20,1,25,0.252669039145907,0.225622775800712,0.012987012987013,0.85,0.658985986525416,weighted,indicator
91,WFG3,20,1,26,0.0348754448398577,0.252669039145907,0.012987012987013,0.8,0.35263555564208,conservative,indicator
91,WFG3,20,1,27,0.0199288256227758,0.0348754448398577,0.012987012987013,0.8,0.325114913920173,conservative,indicator
91,WFG3,20,1,28,0.0320284697508897,0.0199288256227758,0.012987012987013,0.85,0.379108376661853,conservative,indicator
91,WFG3,20,1,29,0.0313167259786477,0.0320284697508897,0.012987012987013,0.85,0.379116675977746,conservative,indicator
91,WFG3,20,1,30,0.0405693950177936,0.0313167259786477,0.012987012987013,0.8,0.370575105243363,conservative,indicator
91,WFG3,20,1,31,0.0476868327402135,0.0405693950177936,0.0173160173160173,0.85,0.6677311942708,weighted,indicator
91,WFG3,20,1,32,0.200711743772242,0.0476868327402135,0.0173160173160173,0.85,0.657963491203675,weighted,indicator
91,WFG3,20,1,33,0.135943060498221,0.200711743772242,0.0173160173160173,0.85,0.667594847456191,weighted,indicator
91,WFG3,20,1,34,0.0690391459074733,0.135943060498221,0.012987012987013,0.85,0.363698954418401,conservative,indicator
92,WFG3,20,10,1,0.00444444444444444,1,0.0173160173160173,0.85,0.388949942888868,curriculum,indicator
92,WFG3,20,10,2,0.00355871886120996,0.00444444444444444,0.0173160173160173,0.85,0.352201230357168,conservative,indicator
92,WFG3,20,10,3,0.00711743772241993,0.00355871886120996,0.0173160173160173,0.85,0.381829290590097,conservative,indicator
92,WFG3,20,10,4,0.00427046263345196,0.00711743772241993,0.0173160173160173,0.85,0.391506125576556,conservative,indicator
92,WFG3,20,10,5,0.0170818505338078,0.00427046263345196,0.012987012987013,0.85,0.382215672526394,conservative,indicator
92,WFG3,20,10,6,0.00925266903914591,0.0170818505338078,0.0173160173160173,0.8,0.373029286857054,conservative,indicator
92,WFG3,20,10,7,0.0391459074733096,0.00925266903914591,0.0173160173160173,0.8,0.345285023882919,conservative,indicator
92,WFG3,20,10,8,0.0455516014234875,0.0391459074733096,0.0173160173160173,0.85,0.364250455018192,conservative,indicator
92,WFG3,20,10,9,0.0398576512455516,0.0455516014234875,0.0173160173160173,0.8,0.364544745047471,conservative,indicator
92,WFG3,20,10,10,0.0327402135231317,0.0398576512455516,0.0173160173160173,0.8,0.336878049907588,conservative,indicator
92,WFG3,20,10,11,0.0377224199288256,0.0327402135231317,0.0173160173160173,0.8,0.346002726229879,conservative,indicator
92,WFG3,20,10,12,0.153024911032028,0.0377224199288256,0.0173160173160173,0.8,0.67003204165007,weighted,indicator
92,WFG3,20,10,13,0.131672597864769,0.153024911032028,0.012987012987013,0.85,0.65157193473756,weighted,indicator
92,WFG3,20,10,14,0.0341637010676157,0.131672597864769,0.0173160173160173,0.8,0.633301838534693,weighted,indicator
92,WFG3,20,10,15,0.0533807829181495,0.0341637010676157,0.0173160173160173,0.8,0.624327337300141,weighted,indicator
92,WFG3,20,10,16,0.110320284697509,0.0533807829181495,0.0173160173160173,0.8,0.660184018604191,weighted,indicator
92,WFG3,20,10,17,0.0854092526690391,0.110320284697509,0.0216450216450216,0.8,0.687860791778747,weighted,indicator
92,WFG3,20,10,18,0.101067615658363,0.0854092526690391,0.025974025974026,0.85,0.62447077157276,weighted,indicator
92,WFG3,20,10,19,0.0327402135231317,0.101067615658363,0.025974025974026,0.85,0.60591692356403,weighted,indicator
92,WFG3,20,10,20,0.0697508896797153,0.0327402135231317,0.0346320346320346,0.85,0.669347003355021,weighted,indicator
92,WFG3,20,10,21,0.101067615658363,0.0697508896797153,0.038961038961039,0.85,0.669171882420563,weighted,indicator
92,WFG3,20,10,22,0.103914590747331,0.101067615658363,0.0432900432900433,0.85,0.687426738700849,weighted,indicator
92,WFG3,20,10,23,0.0718861209964413,0.103914590747331,0.0432900432900433,0.85,0.687495846064147,weighted,indicator
92,WFG3,20,10,24,0.111743772241993,0.0718861209964413,0.0432900432900433,0.85,0.614184535560401,weighted,indicator
92,WFG3,20,10,25,0.0405693950177936,0.111743772241993,0.0346320346320346,0.8,0.668816628621355,weighted,indicator
92,WFG3,20,10,26,0.190747330960854,0.0405693950177936,0.038961038961039,0.8,0.659665047139836,weighted,indicator
92,WFG3,20,10,27,0.0234875444839858,0.190747330960854,0.025974025974026,0.85,0.669544650283291,weighted,indicator
92,WFG3,20,10,28,0.207829181494662,0.0234875444839858,0.0216450216450216,0.85,0.641123229861939,weighted,indicator
92,WFG3,20,10,29,0.0533807829181495,0.207829181494662,0.025974025974026,0.8,0.641083171596427,weighted,indicator
92,WFG3,20,10,30,0.0441281138790036,0.0533807829181495,0.025974025974026,0.85,0.66863954428046,weighted,indicator
92,WFG3,20,10,31,0.0135231316725979,0.0441281138790036,0.0216450216450216,0.85,0.37291425506549,conservative,indicator
92,WFG3,20,10,32,0.0434163701067616,0.0135231316725979,0.0216450216450216,0.85,0.354160176925697,conservative,indicator
92,WFG3,20,10,33,0.0405693950177936,0.0434163701067616,0.025974025974026,0.85,0.344742444466999,conservative,indicator
92,WFG3,20,10,34,0.0505338078291815,0.0405693950177936,0.025974025974026,0.85,0.326310954163753,conservative,indicator
93,WFG3,20,2,1,0.00777777777777778,1,0.0173160173160173,0.8,0.406567328276875,curriculum,indicator
93,WFG3,20,2,2,0.0156583629893238,0.00777777777777778,0.0173160173160173,0.8,0.351295029239987,conservative,indicator
93,WFG3,20,2,3,0.00427046263345196,0.0156583629893238,0.0173160173160173,0.8,0.427405577314773,conservative,indicator
93,WFG3,20,2,4,0.00498220640569395,0.00427046263345196,0.025974025974026,0.8,0.313263464834616,conservative,indicator
93,WFG3,20,2,5,0.00925266903914591,0.00498220640569395,0.025974025974026,0.8,0.361428257233548,conservative,indicator
93,WFG3,20,2,6,0.00854092526690392,0.00925266903914591,0.025974025974026,0.8,0.315125056130886,conservative,indicator
93,WFG3,20,2,7,0.0135231316725979,0.00854092526690392,0.025974025974026,0.8,0.334378563719795,conservative,indicator
93,WFG3,20,2,8,0.00925266903914591,0.0135231316725979,0.012987012987013,0.8,0.37135753007807,conservative,indicator
93,WFG3,20,2,9,0.0661921708185053,0.00925266903914591,0.012987012987013,0.8,0.353500906524653,conservative,indicator
93,WFG3,20,2,10,0.0106761565836299,0.0661921708185053,0.00865800865800866,0.8,0.362165862601976,conservative,indicator
93,WFG3,20,2,11,0.0512455516014235,0.0106761565836299,0.00865800865800866,0.85,0.326055578831974,conservative,indicator
93,WFG3,20,2,12,0.0128113879003559,0.0512455516014235,0.012987012987013,0.8,0.315357782433426,conservative,indicator
93,WFG3,20,2,13,0.0362989323843416,0.0128113879003559,0.0173160173160173,0.8,0.334391190406715,conservative,indicator
93,WFG3,20,2,14,0.0604982206405694,0.0362989323843416,0.0173160173160173,0.8,0.622382359100469,weighted,indicator
93,WFG3,20,2,15,0.139501779359431,0.0604982206405694,0.0173160173160173,0.8,0.603963115456496,weighted,indicator
93,WFG3,20,2,16,0.105338078291815,0.139501779359431,0.0173160173160173,0.8,0.604084304869136,weighted,indicator
93,WFG3,20,2,17,0.097508896797153,0.105338078291815,0.0216450216450216,0.8,0.344096173330214,conservative,indicator
93,WFG3,20,2,18,0.0775800711743772,0.097508896797153,0.0216450216450216,0.8,0.344339799070936,conservative,indicator
93,WFG3,20,2,19,0.0597864768683274,0.0775800711743772,0.0216450216450216,0.8,0.40006269039058,conservative,indicator
93,WFG3,20,2,20,0.0597864768683274,0.0597864768683274,0.0216450216450216,0.8,0.33477148388647,conservative,indicator
93,WFG3,20,2,21,0.0476868327402135,0.0597864768683274,0.0216450216450216,0.8,0.344175268231298,conservative,indicator
93,WFG3,20,2,22,0.0790035587188612,0.0476868327402135,0.0216450216450216,0.8,0.326113744610231,conservative,indicator
93,WFG3,20,2,23,0.0704626334519573,0.0790035587188612,0.0216450216450216,0.8,0.390835722438376,conservative,indicator
93,WFG3,20,2,24,0.0548042704626335,0.0704626334519573,0.0216450216450216,0.8,0.390346513869461,conservative,indicator
93,WFG3,20,2,25,0.0647686832740214,0.0548042704626335,0.0303030303030303,0.8,0.381407067383411,conservative,indicator
93,WFG3,20,2,26,0.0626334519572954,0.0647686832740214,0.0303030303030303,0.8,0.34469133453117,conservative,indicator
93,WFG3,20,2,27,0.0540925266903915,0.0626334519572954,0.0303030303030303,0.8,0.362821354419766,conservative,indicator
93,WFG3,20,2,28,0.131672597864769,0.0540925266903915,0.0303030303030303,0.8,0.362390827501081,conservative,indicator
93,WFG3,20,2,29,0.0569395017793594,0.131672597864769,0.0303030303030303,0.85,0.657271889992819,weighted,indicator
93,WFG3,20,2,30,0.101779359430605,0.0569395017793594,0.0173160173160173,0.8,0.316760938504403,conservative,indicator
93,WFG3,20,2,31,0.246975088967972,0.101779359430605,0.0216450216450216,0.85,0.657674503833537,weighted,indicator
93,WFG3,20,2,32,0.148042704626335,0.246975088967972,0.0216450216450216,0.85,0.62094165746617,weighted,indicator
93,WFG3,20,2,33,0.143772241992883,0.148042704626335,0.025974025974026,0.85,0.602534848542255,weighted,indicator
93,WFG3,20,2,34,0.220640569395018,0.143772241992883,0.025974025974026,0.8,0.593720221069901,weighted,indicator
94,WFG3,20,3,1,0.00777777777777778,1,0.0173160173160173,0.85,0.349901991195807,curriculum,indicator
94,WFG3,20,3,2,0.00925266903914591,0.00777777777777778,0.0173160173160173,0.85,0.350015510505754,conservative,indicator
94,WFG3,20,3,3,0.00925266903914591,0.00925266903914591,0.0173160173160173,0.8,0.322294765458992,conservative,indicator
94,WFG3,20,3,4,0.00711743772241993,0.00925266903914591,0.0173160173160173,0.8,0.687789427878069,weighted,indicator
94,WFG3,20,3,5,0.00640569395017794,0.00711743772241993,0.0216450216450216,0.8,0.68777119030183,weighted,indicator
94,WFG3,20,3,6,0.0099644128113879,0.00640569395017794,0.012987012987013,0.8,0.35175869486535,conservative,indicator
94,WFG3,20,3,7,0.00498220640569395,0.0099644128113879,0.00865800865800866,0.8,0.436400124089882,conservative,indicator
94,WFG3,20,3,8,0.00782918149466192,0.00498220640569395,0.012987012987013,0.8,0.362430734975637,conservative,indicator
94,WFG3,20,3,9,0.00498220640569395,0.00782918149466192,0.012987012987013,0.8,0.684747056447924,weighted,indicator
94,WFG3,20,3,10,0.00854092526690392,0.00498220640569395,0.012987012987013,0.8,0.315115212000454,conservative,indicator
94,WFG3,20,3,11,0.0320284697508897,0.00854092526690392,0.012987012987013,0.8,0.333892951697151,conservative,indicator
94,WFG3,20,3,12,0.133807829181495,0.0320284697508897,0.012987012987013,0.8,0.64849337976579,weighted,indicator
94,WFG3,20,3,13,0.0149466192170819,0.133807829181495,0.00865800865800866,0.8,0.325497273638606,conservative,indicator
94,WFG3,20,3,14,0.0206405693950178,0.0149466192170819,0.00865800865800866,0.8,0.352055974254299,conservative,indicator
94,WFG3,20,3,15,0.0135231316725979,0.0206405693950178,0.00865800865800866,0.8,0.685397825093236,weighted,indicator
94,WFG3,20,3,16,0.0113879003558719,0.0135231316725979,0.00865800865800866,0.8,0.66719313631076,weighted,indicator
94,WFG3,20,3,17,0.0306049822064057,0.0113879003558719,0.00865800865800866,0.8,0.639315063591327,weighted,indicator
94,WFG3,20,3,18,0.0854092526690391,0.0306049822064057,0.00865800865800866,0.8,0.59322660198014,weighted,indicator
94,WFG3,20,3,19,0.114590747330961,0.0854092526690391,0.00865800865800866,0.8,0.611609693445725,weighted,indicator
94,WFG3,20,3,20,0.117437722419929,0.114590747330961,0.00865800865800866,0.85,0.657959601036503,weighted,indicator
94,WFG3,20,3,21,0.0697508896797153,0.117437722419929,0.00865800865800866,0.85,0.630392866851713,weighted,indicator
94,WFG3,20,3,22,0.00498220640569395,0.0697508896797153,0.00865800865800866,0.85,0.658160630727945,weighted,indicator
94,WFG3,20,3,23,0.0298932384341637,0.00498220640569395,0.00865800865800866,0.85,0.639420927929153,weighted,indicator
94,WFG3,20,3,24,0.0149466192170819,0.0298932384341637,0.00865800865800866,0.85,0.63060684539195,weighted,indicator
94,WFG3,20,3,25,0.00782918149466192,0.0149466192170819,0.0173160173160173,0.85,0.631652098845267,weighted,indicator
94,WFG3,20,3,26,0.0604982206405694,0.00782918149466192,0.0216450216450216,0.85,0.640648237602848,weighted,indicator
94,WFG3,20,3,27,0.0626334519572954,0.0604982206405694,0.0216450216450216,0.85,0.62193012914941,weighted,indicator
94,WFG3,20,3,28,0.0434163701067616,0.0626334519572954,0.0216450216450216,0.85,0.62185553101949,weighted,indicator
94,WFG3,20,3,29,0.0740213523131673,0.0434163701067616,0.0173160173160173,0.85,0.677909334676735,weighted,indicator
94,WFG3,20,3,30,0.0199288256227758,0.0740213523131673,0.0173160173160173,0.85,0.60379217034498,weighted,indicator
94,WFG3,20,3,31,0.0128113879003559,0.0199288256227758,0.0173160173160173,0.85,0.640512455757495,weighted,indicator
94,WFG3,20,3,32,0.0882562277580071,0.0128113879003559,0.0173160173160173,0.85,0.677080767844142,weighted,indicator
94,WFG3,20,3,33,0.0256227758007117,0.0882562277580071,0.0173160173160173,0.85,0.316808205846996,conservative,indicator
94,WFG3,20,3,34,0.0234875444839858,0.0256227758007117,0.0173160173160173,0.85,0.326091557337674,conservative,indicator
95,WFG3,20,4,1,0.0188888888888889,1,0.012987012987013,0.8,0.426211106929158,curriculum,indicator
95,WFG3,20,4,2,0.0106761565836299,0.0188888888888889,0.012987012987013,0.8,0.407483730753321,conservative,indicator
95,WFG3,20,4,3,0.0106761565836299,0.0106761565836299,0.012987012987013,0.85,0.426510024072741,conservative,indicator
95,WFG3,20,4,4,0.0626334519572954,0.0106761565836299,0.012987012987013,0.85,0.370723298678373,conservative,indicator
95,WFG3,20,4,5,0.0519572953736655,0.0626334519572954,0.012987012987013,0.8,0.632871749604016,weighted,indicator
95,WFG3,20,4,6,0.0192170818505338,0.0519572953736655,0.012987012987013,0.8,0.314697261425634,conservative,indicator
95,WFG3,20,4,7,0.0149466192170819,0.0192170818505338,0.0173160173160173,0.8,0.641611618016031,weighted,indicator
95,WFG3,20,4,8,0.0427046263345196,0.0149466192170819,0.0173160173160173,0.85,0.342273043018631,conservative,indicator
95,WFG3,20,4,9,0.0355871886120996,0.0427046263345196,0.0173160173160173,0.85,0.323533545457303,conservative,indicator
95,WFG3,20,4,10,0.0697508896797153,0.0355871886120996,0.0173160173160173,0.85,0.342310865812904,conservative,indicator
95,WFG3,20,4,11,0.0733096085409253,0.0697508896797153,0.0216450216450216,0.85,0.342720440287223,conservative,indicator
95,WFG3,20,4,12,0.0768683274021352,0.0733096085409253,0.0216450216450216,0.85,0.342852111700551,conservative,indicator
95,WFG3,20,4,13,0.0469750889679715,0.0768683274021352,0.0173160173160173,0.85,0.379286317720641,conservative,indicator
95,WFG3,20,4,14,0.0683274021352313,0.0469750889679715,0.0216450216450216,0.85,0.397815673333489,conservative,indicator
95,WFG3,20,4,15,0.0313167259786477,0.0683274021352313,0.0216450216450216,0.85,0.388914603254063,conservative,indicator
95,WFG3,20,4,16,0.0284697508896797,0.0313167259786477,0.025974025974026,0.85,0.398080260397951,conservative,indicator
95,WFG3,20,4,17,0.0483985765124555,0.0284697508896797,0.025974025974026,0.85,0.388802021839524,conservative,indicator
95,WFG3,20,4,18,0.0519572953736655,0.0483985765124555,0.025974025974026,0.85,0.379733391178878,conservative,indicator
95,WFG3,20,4,19,0.0775800711743772,0.0519572953736655,0.025974025974026,0.85,0.407461435878324,conservative,indicator
95,WFG3,20,4,20,0.00782918149466192,0.0775800711743772,0.0216450216450216,0.85,0.39894220543013,conservative,indicator
95,WFG3,20,4,21,0.00711743772241993,0.00782918149466192,0.0216450216450216,0.85,0.389602656087569,conservative,indicator
95,WFG3,20,4,22,0.0156583629893238,0.00711743772241993,0.025974025974026,0.85,0.389205467083964,conservative,indicator
95,WFG3,20,4,23,0.0192170818505338,0.0156583629893238,0.0216450216450216,0.85,0.380081789174819,conservative,indicator
95,WFG3,20,4,24,0.0192170818505338,0.0192170818505338,0.0173160173160173,0.85,0.398205066165996,conservative,indicator
95,WFG3,20,4,25,0.0291814946619217,0.0192170818505338,0.0173160173160173,0.85,0.425951894631747,conservative,indicator
95,WFG3,20,4,26,0.0434163701067616,0.0291814946619217,0.012987012987013,0.85,0.380433535052985,conservative,indicator
95,WFG3,20,4,27,0.0405693950177936,0.0434163701067616,0.0216450216450216,0.85,0.371071892376492,conservative,indicator
95,WFG3,20,4,28,0.0149466192170819,0.0405693950177936,0.0216450216450216,0.85,0.389571859760239,conservative,indicator
95,WFG3,20,4,29,0.0875444839857651,0.0149466192170819,0.0216450216450216,0.85,0.379626671423931,conservative,indicator
95,WFG3,20,4,30,0.0533807829181495,0.0875444839857651,0.0216450216450216,0.85,0.379614102010195,conservative,indicator
95,WFG3,20,4,31,0.0256227758007117,0.0533807829181495,0.0173160173160173,0.9,0.453586982952553,conservative,indicator
95,WFG3,20,4,32,0.0861209964412811,0.0256227758007117,0.0173160173160173,0.9,0.471690982233929,conservative,indicator
95,WFG3,20,4,33,0.0220640569395018,0.0861209964412811,0.0173160173160173,0.9,0.472061007635797,conservative,indicator
95,WFG3,20,4,34,0.0690391459074733,0.0220640569395018,0.0173160173160173,0.9,0.472031213065922,conservative,indicator
96,WFG3,20,5,1,0.0255555555555556,1,0.0173160173160173,0.8,0.445487134234151,curriculum,indicator
96,WFG3,20,5,2,0.0099644128113879,0.0255555555555556,0.0173160173160173,0.85,0.379069972022271,conservative,indicator
96,WFG3,20,5,3,0.00925266903914591,0.0099644128113879,0.0173160173160173,0.8,0.42798793603181,conservative,indicator
96,WFG3,20,5,4,0.0185053380782918,0.00925266903914591,0.0173160173160173,0.8,0.427424227419222,conservative,indicator
96,WFG3,20,5,5,0.0761565836298932,0.0185053380782918,0.0173160173160173,0.85,0.40825021174889,conservative,indicator
96,WFG3,20,5,6,0.0355871886120996,0.0761565836298932,0.0173160173160173,0.85,0.426918492486654,conservative,indicator
96,WFG3,20,5,7,0.0106761565836299,0.0355871886120996,0.0173160173160173,0.85,0.389980556434362,conservative,indicator
96,WFG3,20,5,8,0.00925266903914591,0.0106761565836299,0.0173160173160173,0.85,0.352791536780681,conservative,indicator
96,WFG3,20,5,9,0.00711743772241993,0.00925266903914591,0.0216450216450216,0.85,0.37170806034736,conservative,indicator
96,WFG3,20,5,10,0.00640569395017794,0.00711743772241993,0.0216450216450216,0.85,0.36241159302026,conservative,indicator
96,WFG3,20,5,11,0.0270462633451957,0.00640569395017794,0.0216450216450216,0.85,0.343788524841423,conservative,indicator
96,WFG3,20,5,12,0.00640569395017794,0.0270462633451957,0.0216450216450216,0.85,0.362604468591675,conservative,indicator
96,WFG3,20,5,13,0.00711743772241993,0.00640569395017794,0.0216450216450216,0.85,0.371799218000403,conservative,indicator
96,WFG3,20,5,14,0.0106761565836299,0.00711743772241993,0.025974025974026,0.85,0.362765182392637,conservative,indicator
96,WFG3,20,5,15,0.00782918149466192,0.0106761565836299,0.0216450216450216,0.85,0.343972309497861,conservative,indicator
96,WFG3,20,5,16,0.0697508896797153,0.00782918149466192,0.025974025974026,0.85,0.371982554308663,conservative,indicator
96,WFG3,20,5,17,0.00640569395017794,0.0697508896797153,0.025974025974026,0.85,0.334980763416515,conservative,indicator
96,WFG3,20,5,18,0.0647686832740214,0.00640569395017794,0.012987012987013,0.85,0.343863268447159,conservative,indicator
96,WFG3,20,5,19,0.0925266903914591,0.0647686832740214,0.0216450216450216,0.85,0.380925836594602,conservative,indicator
96,WFG3,20,5,20,0.0811387900355872,0.0925266903914591,0.0216450216450216,0.85,0.399331181678853,conservative,indicator
96,WFG3,20,5,21,0.0519572953736655,0.0811387900355872,0.0216450216450216,0.85,0.353214218267734,conservative,indicator
96,WFG3,20,5,22,0.0320284697508897,0.0519572953736655,0.0216450216450216,0.85,0.371741021573607,conservative,indicator
96,WFG3,20,5,23,0.0455516014234875,0.0320284697508897,0.0173160173160173,0.85,0.371634840502797,conservative,indicator
96,WFG3,20,5,24,0.0661921708185053,0.0455516014234875,0.0173160173160173,0.85,0.353664144791012,conservative,indicator
96,WFG3,20,5,25,0.0327402135231317,0.0661921708185053,0.0173160173160173,0.85,0.354003787772065,conservative,indicator
96,WFG3,20,5,26,0.0135231316725979,0.0327402135231317,0.0173160173160173,0.85,0.363936769092647,conservative,indicator
96,WFG3,20,5,27,0.106049822064057,0.0135231316725979,0.0173160173160173,0.85,0.355552973668684,conservative,indicator
96,WFG3,20,5,28,0.123131672597865,0.106049822064057,0.0173160173160173,0.85,0.373287188144017,conservative,indicator
96,WFG3,20,5,29,0.118861209964413,0.123131672597865,0.0173160173160173,0.85,0.373411182281943,conservative,indicator
96,WFG3,20,5,30,0.123843416370107,0.118861209964413,0.0173160173160173,0.85,0.418005663392955,conservative,indicator
96,WFG3,20,5,31,0.119572953736655,0.123843416370107,0.0173160173160173,0.85,0.40872342720454,conservative,indicator
96,WFG3,20,5,32,0.168683274021352,0.119572953736655,0.0173160173160173,0.85,0.436272115605947,conservative,indicator
96,WFG3,20,5,33,0.0733096085409253,0.168683274021352,0.0173160173160173,0.85,0.344719807255089,conservative,indicator
96,WFG3,20,5,34,0.0640569395017794,0.0733096085409253,0.0173160173160173,0.85,0.408759117217552,conservative,indicator
97,WFG3,20,6,1,0.00777777777777778,1,0.0173160173160173,0.8,0.40670591235243,curriculum,indicator
97,WFG3,20,6,2,0.0170818505338078,0.00777777777777778,0.0216450216450216,0.8,0.434701281959518,conservative,indicator
97,WFG3,20,6,3,0.0149466192170819,0.0170818505338078,0.025974025974026,0.8,0.416107650128404,conservative,indicator
97,WFG3,20,6,4,0.0106761565836299,0.0149466192170819,0.025974025974026,0.8,0.416590735438958,conservative,indicator
97,WFG3,20,6,5,0.00498220640569395,0.0106761565836299,0.025974025974026,0.8,0.313559032010268,conservative,indicator
97,WFG3,20,6,6,0.0206405693950178,0.00498220640569395,0.0303030303030303,0.8,0.649881762240528,weighted,indicator
97,WFG3,20,6,7,0.00569395017793594,0.0206405693950178,0.025974025974026,0.8,0.370324911280622,conservative,indicator
97,WFG3,20,6,8,0.00355871886120996,0.00569395017793594,0.0216450216450216,0.8,0.333509462169601,conservative,indicator
97,WFG3,20,6,9,0.0256227758007117,0.00355871886120996,0.0346320346320346,0.8,0.389564415926199,conservative,indicator
97,WFG3,20,6,10,0.0185053380782918,0.0256227758007117,0.0346320346320346,0.8,0.352731848304943,conservative,indicator
97,WFG3,20,6,11,0.0135231316725979,0.0185053380782918,0.0346320346320346,0.8,0.343184610885879,conservative,indicator
97,WFG3,20,6,12,0.0206405693950178,0.0135231316725979,0.025974025974026,0.85,0.631689072156598,weighted,indicator
97,WFG3,20,6,13,0.0249110320284698,0.0206405693950178,0.025974025974026,0.8,0.324895595028292,conservative,indicator
97,WFG3,20,6,14,0.0199288256227758,0.0249110320284698,0.0303030303030303,0.85,0.659518334563898,weighted,indicator
97,WFG3,20,6,15,0.0377224199288256,0.0199288256227758,0.025974025974026,0.85,0.668718989073918,weighted,indicator
97,WFG3,20,6,16,0.0135231316725979,0.0377224199288256,0.0303030303030303,0.85,0.687177457387825,weighted,indicator
97,WFG3,20,6,17,0.0192170818505338,0.0135231316725979,0.012987012987013,0.85,0.639613298584406,weighted,indicator
97,WFG3,20,6,18,0.00925266903914591,0.0192170818505338,0.0173160173160173,0.85,0.677197197649499,weighted,indicator
97,WFG3,20,6,19,0.0220640569395018,0.00925266903914591,0.0173160173160173,0.85,0.67717945399531,weighted,indicator
97,WFG3,20,6,20,0.0113879003558719,0.0220640569395018,0.0173160173160173,0.85,0.62131389742781,weighted,indicator
97,WFG3,20,6,21,0.0590747330960854,0.0113879003558719,0.0173160173160173,0.85,0.658372345897814,weighted,indicator
97,WFG3,20,6,22,0.0177935943060498,0.0590747330960854,0.0173160173160173,0.85,0.658441204088237,weighted,indicator
97,WFG3,20,6,23,0.0298932384341637,0.0177935943060498,0.0173160173160173,0.85,0.65866201742476,weighted,indicator
97,WFG3,20,6,24,0.0120996441281139,0.0298932384341637,0.0173160173160173,0.85,0.658641525704402,weighted,indicator
97,WFG3,20,6,25,0.0156583629893238,0.0120996441281139,0.0173160173160173,0.85,0.35113516236146,conservative,indicator
97,WFG3,20,6,26,0.096797153024911,0.0156583629893238,0.0173160173160173,0.85,0.677035629460006,weighted,indicator
97,WFG3,20,6,27,0.0220640569395018,0.096797153024911,0.0173160173160173,0.85,0.342067433975348,conservative,indicator
97,WFG3,20,6,28,0.0177935943060498,0.0220640569395018,0.012987012987013,0.85,0.332564431909978,conservative,indicator
97,WFG3,20,6,29,0.0170818505338078,0.0177935943060498,0.012987012987013,0.85,0.313963466779984,conservative,indicator
97,WFG3,20,6,30,0.0149466192170819,0.0170818505338078,0.012987012987013,0.85,0.342425431873262,conservative,indicator
97,WFG3,20,6,31,0.00782918149466192,0.0149466192170819,0.00865800865800866,0.85,0.351708722484208,conservative,indicator
97,WFG3,20,6,32,0.0156583629893238,0.00782918149466192,0.00865800865800866,0.85,0.342423920678792,conservative,indicator
97,WFG3,20,6,33,0.0234875444839858,0.0156583629893238,0.00865800865800866,0.85,0.314669241652997,conservative,indicator
97,WFG3,20,6,34,0.00640569395017794,0.0234875444839858,0.00865800865800866,0.85,0.323930008457723,conservative,indicator
98,WFG3,20,7,1,0.00777777777777778,1,0.012987012987013,0.8,0.350883774220074,curriculum,indicator
98,WFG3,20,7,2,0.00711743772241993,0.00777777777777778,0.012987012987013,0.8,0.379127967191126,conservative,indicator
98,WFG3,20,7,3,0.0185053380782918,0.00711743772241993,0.0173160173160173,0.8,0.361251301505548,conservative,indicator
98,WFG3,20,7,4,0.0277580071174377,0.0185053380782918,0.0173160173160173,0.8,0.351830372749871,conservative,indicator
98,WFG3,20,7,5,0.0412811387900356,0.0277580071174377,0.0216450216450216,0.85,0.370533849911779,conservative,indicator
98,WFG3,20,7,6,0.0341637010676157,0.0412811387900356,0.0173160173160173,0.8,0.380590929630955,conservative,indicator
98,WFG3,20,7,7,0.00711743772241993,0.0341637010676157,0.0173160173160173,0.8,0.408889893569718,conservative,indicator
98,WFG3,20,7,8,0.00925266903914591,0.00711743772241993,0.0173160173160173,0.8,0.37979297847351,conservative,indicator
98,WFG3,20,7,9,0.00925266903914591,0.00925266903914591,0.0173160173160173,0.8,0.370406598818666,conservative,indicator
98,WFG3,20,7,10,0.00569395017793594,0.00925266903914591,0.0173160173160173,0.85,0.398967140559697,conservative,indicator
98,WFG3,20,7,11,0.0113879003558719,0.00569395017793594,0.0173160173160173,0.85,0.408275903437467,conservative,indicator
98,WFG3,20,7,12,0.0277580071174377,0.0113879003558719,0.012987012987013,0.8,0.418173948912279,conservative,indicator
98,WFG3,20,7,13,0.00925266903914591,0.0277580071174377,0.012987012987013,0.8,0.390090926881766,conservative,indicator
98,WFG3,20,7,14,0.0106761565836299,0.00925266903914591,0.012987012987013,0.8,0.417939850246602,conservative,indicator
98,WFG3,20,7,15,0.0106761565836299,0.0106761565836299,0.012987012987013,0.8,0.40941051351455,conservative,indicator
98,WFG3,20,7,16,0.0234875444839858,0.0106761565836299,0.012987012987013,0.8,0.380553183037043,conservative,indicator
98,WFG3,20,7,17,0.0106761565836299,0.0234875444839858,0.012987012987013,0.8,0.389394330804389,conservative,indicator
98,WFG3,20,7,18,0.0327402135231317,0.0106761565836299,0.012987012987013,0.8,0.407790557179967,conservative,indicator
98,WFG3,20,7,19,0.0234875444839858,0.0327402135231317,0.012987012987013,0.85,0.398393693635963,conservative,indicator
98,WFG3,20,7,20,0.0597864768683274,0.0234875444839858,0.012987012987013,0.85,0.398296921946959,conservative,indicator
98,WFG3,20,7,21,0.0526690391459075,0.0597864768683274,0.0173160173160173,0.85,0.39885292653759,conservative,indicator
98,WFG3,20,7,22,0.0825622775800712,0.0526690391459075,0.0173160173160173,0.85,0.426485343275006,conservative,indicator
98,WFG3,20,7,23,0.0170818505338078,0.0825622775800712,0.0173160173160173,0.8,0.371613292830915,conservative,indicator
98,WFG3,20,7,24,0.0569395017793594,0.0170818505338078,0.012987012987013,0.8,0.343565542351995,conservative,indicator
98,WFG3,20,7,25,0.094661921708185,0.0569395017793594,0.012987012987013,0.8,0.34358054569706,conservative,indicator
98,WFG3,20,7,26,0.0498220640569395,0.094661921708185,0.0173160173160173,0.8,0.371392685366713,conservative,indicator
98,WFG3,20,7,27,0.102491103202847,0.0498220640569395,0.0173160173160173,0.8,0.362241411071372,conservative,indicator
98,WFG3,20,7,28,0.0412811387900356,0.102491103202847,0.0173160173160173,0.8,0.362218085264088,conservative,indicator
98,WFG3,20,7,29,0.0419928825622776,0.0412811387900356,0.0173160173160173,0.8,0.344598165795876,conservative,indicator
98,WFG3,20,7,30,0.0498220640569395,0.0419928825622776,0.0173160173160173,0.85,0.380435489279861,conservative,indicator
98,WFG3,20,7,31,0.00142348754448399,0.0498220640569395,0.0173160173160173,0.85,0.316534436130191,conservative,indicator
98,WFG3,20,7,32,0.0192170818505338,0.00142348754448399,0.0173160173160173,0.85,0.372153715395224,conservative,indicator
98,WFG3,20,7,33,0.0804270462633452,0.0192170818505338,0.012987012987013,0.8,0.612229689842415,weighted,indicator
98,WFG3,20,7,34,0.0249110320284698,0.0804270462633452,0.012987012987013,0.8,0.612024143131263,weighted,indicator
99,WFG3,20,8,1,0.0144444444444444,1,0.0173160173160173,0.8,0.435645447867618,curriculum,indicator
99,WFG3,20,8,2,0.00854092526690392,0.0144444444444444,0.0173160173160173,0.8,0.445222184673147,conservative,indicator
99,WFG3,20,8,3,0.00213523131672598,0.00854092526690392,0.0216450216450216,0.8,0.38896635502705,conservative,indicator
99,WFG3,20,8,4,0.0142348754448399,0.00213523131672598,0.0216450216450216,0.8,0.370791556292211,conservative,indicator
99,WFG3,20,8,5,0.00498220640569395,0.0142348754448399,0.025974025974026,0.8,0.332852597521019,conservative,indicator
99,WFG3,20,8,6,0.0206405693950178,0.00498220640569395,0.025974025974026,0.8,0.323966435517471,conservative,indicator
99,WFG3,20,8,7,0.0249110320284698,0.0206405693950178,0.025974025974026,0.8,0.649250433809366,weighted,indicator
99,WFG3,20,8,8,0.0362989323843416,0.0249110320284698,0.0173160173160173,0.8,0.658646082436902,weighted,indicator
99,WFG3,20,8,9,0.0676156583629893,0.0362989323843416,0.0173160173160173,0.8,0.658694373892174,weighted,indicator
99,WFG3,20,8,10,0.0099644128113879,0.0676156583629893,0.0216450216450216,0.8,0.658682757993001,weighted,indicator
99,WFG3,20,8,11,0.00925266903914591,0.0099644128113879,0.0216450216450216,0.8,0.667931029829991,weighted,indicator
99,WFG3,20,8,12,0.0128113879003559,0.00925266903914591,0.0216450216450216,0.8,0.314778759925086,conservative,indicator
99,WFG3,20,8,13,0.0441281138790036,0.0128113879003559,0.0216450216450216,0.8,0.342161531735741,conservative,indicator
99,WFG3,20,8,14,0.00854092526690392,0.0441281138790036,0.025974025974026,0.8,0.351475333474535,conservative,indicator
99,WFG3,20,8,15,0.0306049822064057,0.00854092526690392,0.025974025974026,0.8,0.325118809697739,conservative,indicator
99,WFG3,20,8,16,0.0597864768683274,0.0306049822064057,0.025974025974026,0.8,0.667771684630415,weighted,indicator
99,WFG3,20,8,17,0.0106761565836299,0.0597864768683274,0.025974025974026,0.8,0.325258139994911,conservative,indicator
99,WFG3,20,8,18,0.0733096085409253,0.0106761565836299,0.025974025974026,0.8,0.658623384157281,weighted,indicator
99,WFG3,20,8,19,0.0135231316725979,0.0733096085409253,0.025974025974026,0.8,0.417658887244304,conservative,indicator
99,WFG3,20,8,20,0.0270462633451957,0.0135231316725979,0.025974025974026,0.8,0.398896757105278,conservative,indicator
99,WFG3,20,8,21,0.0370106761565836,0.0270462633451957,0.025974025974026,0.8,0.417260731370554,conservative,indicator
99,WFG3,20,8,22,0.0306049822064057,0.0370106761565836,0.025974025974026,0.8,0.389507195463559,conservative,indicator
99,WFG3,20,8,23,0.00925266903914591,0.0306049822064057,0.025974025974026,0.8,0.34367721567648,conservative,indicator
99,WFG3,20,8,24,0.0099644128113879,0.00925266903914591,0.0173160173160173,0.75,0.334131487790973,conservative,indicator
99,WFG3,20,8,25,0.0163701067615658,0.0099644128113879,0.0173160173160173,0.8,0.344309891920477,conservative,indicator
99,WFG3,20,8,26,0.0412811387900356,0.0163701067615658,0.0173160173160173,0.8,0.362640120859429,conservative,indicator
99,WFG3,20,8,27,0.0918149466192171,0.0412811387900356,0.0173160173160173,0.8,0.685811856555744,weighted,indicator
99,WFG3,20,8,28,0.0740213523131673,0.0918149466192171,0.0216450216450216,0.8,0.629759921604661,weighted,indicator
99,WFG3,20,8,29,0.105338078291815,0.0740213523131673,0.0173160173160173,0.8,0.640163814740334,weighted,indicator
99,WFG3,20,8,30,0.106049822064057,0.105338078291815,0.0173160173160173,0.8,0.630852236588595,weighted,indicator
99,WFG3,20,8,31,0.140213523131673,0.106049822064057,0.0173160173160173,0.8,0.667904860754881,weighted,indicator
99,WFG3,20,8,32,0.0249110320284698,0.140213523131673,0.0173160173160173,0.8,0.667581685507077,weighted,indicator
99,WFG3,20,8,33,0.00284697508896797,0.0249110320284698,0.0173160173160173,0.85,0.658430614245863,weighted,indicator
99,WFG3,20,8,34,0.0555160142348754,0.00284697508896797,0.0173160173160173,0.8,0.666617608779165,weighted,indicator
100,WFG3,20,9,1,0.0122222222222222,1,0.025974025974026,0.8,0.434857322658417,curriculum,indicator
100,WFG3,20,9,2,0.00498220640569395,0.0122222222222222,0.025974025974026,0.8,0.35981809339898,conservative,indicator
100,WFG3,20,9,3,0.0149466192170819,0.00498220640569395,0.0173160173160173,0.8,0.388436432472033,conservative,indicator
100,WFG3,20,9,4,0.00782918149466192,0.0149466192170819,0.0173160173160173,0.8,0.397871799662874,conservative,indicator
100,WFG3,20,9,5,0.0128113879003559,0.00782918149466192,0.0216450216450216,0.8,0.38890186322086,conservative,indicator
100,WFG3,20,9,6,0.0170818505338078,0.0128113879003559,0.012987012987013,0.8,0.332785168859589,conservative,indicator
100,WFG3,20,9,7,0.0120996441281139,0.0170818505338078,0.012987012987013,0.8,0.313708339240558,conservative,indicator
100,WFG3,20,9,8,0.0149466192170819,0.0120996441281139,0.012987012987013,0.8,0.32297386840075,conservative,indicator
100,WFG3,20,9,9,0.0462633451957295,0.0149466192170819,0.012987012987013,0.8,0.37132933918961,conservative,indicator
100,WFG3,20,9,10,0.0270462633451957,0.0462633451957295,0.012987012987013,0.8,0.342926361218467,conservative,indicator
100,WFG3,20,9,11,0.0661921708185053,0.0270462633451957,0.0173160173160173,0.8,0.325709948420456,conservative,indicator
100,WFG3,20,9,12,0.0854092526690391,0.0661921708185053,0.0173160173160173,0.8,0.657651025614893,weighted,indicator
100,WFG3,20,9,13,0.0348754448398577,0.0854092526690391,0.0216450216450216,0.8,0.657421998726526,weighted,indicator
100,WFG3,20,9,14,0.0320284697508897,0.0348754448398577,0.0216450216450216,0.8,0.372326210549405,conservative,indicator
100,WFG3,20,9,15,0.0192170818505338,0.0320284697508897,0.012987012987013,0.8,0.353653561192278,conservative,indicator
100,WFG3,20,9,16,0.0149466192170819,0.0192170818505338,0.012987012987013,0.8,0.417879063028827,conservative,indicator
100,WFG3,20,9,17,0.0113879003558719,0.0149466192170819,0.012987012987013,0.8,0.418140832621322,conservative,indicator
100,WFG3,20,9,18,0.0213523131672598,0.0113879003558719,0.012987012987013,0.8,0.41887345336015,conservative,indicator
100,WFG3,20,9,19,0.0277580071174377,0.0213523131672598,0.012987012987013,0.8,0.381340387494315,conservative,indicator
100,WFG3,20,9,20,0.0348754448398577,0.0277580071174377,0.012987012987013,0.8,0.381484677604005,conservative,indicator
100,WFG3,20,9,21,0.0291814946619217,0.0348754448398577,0.012987012987013,0.75,0.390636178658768,conservative,indicator
100,WFG3,20,9,22,0.0185053380782918,0.0291814946619217,0.00865800865800866,0.8,0.657675238793537,weighted,indicator
100,WFG3,20,9,23,0.0526690391459075,0.0185053380782918,0.00865800865800866,0.8,0.325666983814832,conservative,indicator
100,WFG3,20,9,24,0.0469750889679715,0.0526690391459075,0.00865800865800866,0.8,0.325613461745031,conservative,indicator
100,WFG3,20,9,25,0.0654804270462633,0.0469750889679715,0.00865800865800866,0.8,0.353042099929877,conservative,indicator
100,WFG3,20,9,26,0.0533807829181495,0.0654804270462633,0.00865800865800866,0.8,0.334871737401127,conservative,indicator
100,WFG3,20,9,27,0.0156583629893238,0.0533807829181495,0.012987012987013,0.8,0.647792948116023,weighted,indicator
100,WFG3,20,9,28,0.0427046263345196,0.0156583629893238,0.00865800865800866,0.8,0.36309104476912,conservative,indicator
100,WFG3,20,9,29,0.0569395017793594,0.0427046263345196,0.00865800865800866,0.8,0.391508237722349,conservative,indicator
100,WFG3,20,9,30,0.0177935943060498,0.0569395017793594,0.0216450216450216,0.75,0.390080701483289,conservative,indicator
100,WFG3,20,9,31,0.0249110320284698,0.0177935943060498,0.0216450216450216,0.8,0.34381110261077,conservative,indicator
100,WFG3,20,9,32,0.0277580071174377,0.0249110320284698,0.0216450216450216,0.8,0.334775886011735,conservative,indicator
100,WFG3,20,9,33,0.0163701067615658,0.0277580071174377,0.00865800865800866,0.8,0.333912495979793,conservative,indicator
100,WFG3,20,9,34,0.0427046263345196,0.0163701067615658,0.00865800865800866,0.8,0.342981975477652,conservative,indicator
101,WFG4,10,1,1,0.02,1,0.0769230769230769,0.5,0.590636721966352,curriculum,indicator
101,WFG4,10,1,2,0.0192170818505338,0.02,0.0769230769230769,0.5,0.31670651558401,conservative,indicator
101,WFG4,10,1,3,0.0405693950177936,0.0192170818505338,0.0769230769230769,0.5,0.58312471693728,weighted,indicator
101,WFG4,10,1,4,0.0128113879003559,0.0405693950177936,0.0769230769230769,0.5,0.59208534098487,weighted,indicator
101,WFG4,10,1,5,0.0199288256227758,0.0128113879003559,0.0769230769230769,0.5,0.509912140078533,conservative,indicator
101,WFG4,10,1,6,0.0220640569395018,0.0199288256227758,0.0804195804195804,0.5,0.509515327740518,conservative,indicator
101,WFG4,10,1,7,0.0569395017793594,0.0220640569395018,0.0804195804195804,0.5,0.527566617812696,conservative,indicator
101,WFG4,10,1,8,0.00569395017793594,0.0569395017793594,0.0769230769230769,0.5,0.591977306316617,weighted,indicator
101,WFG4,10,1,9,0.0284697508896797,0.00569395017793594,0.0839160839160839,0.5,0.609845867843265,weighted,indicator
101,WFG4,10,1,10,0.0291814946619217,0.0284697508896797,0.0839160839160839,0.5,0.619277497051505,weighted,indicator
101,WFG4,10,1,11,0.103914590747331,0.0291814946619217,0.0839160839160839,0.5,0.581770925408996,weighted,indicator
101,WFG4,10,1,12,0.0362989323843416,0.103914590747331,0.0839160839160839,0.5,0.636986921958231,weighted,indicator
101,WFG4,10,1,13,0.0270462633451957,0.0362989323843416,0.0839160839160839,0.6,0.627775016936338,weighted,indicator
101,WFG4,10,1,14,0.0590747330960854,0.0270462633451957,0.0839160839160839,0.5,0.655001138281963,weighted,indicator
101,WFG4,10,1,15,0.0284697508896797,0.0590747330960854,0.0874125874125874,0.6,0.68250313752926,weighted,indicator
101,WFG4,10,1,16,0.0405693950177936,0.0284697508896797,0.0804195804195804,0.6,0.545928871803214,conservative,indicator
101,WFG4,10,1,17,0.0142348754448399,0.0405693950177936,0.0734265734265734,0.6,0.545973972266276,conservative,indicator
101,WFG4,10,1,18,0.0120996441281139,0.0142348754448399,0.0664335664335664,0.6,0.510190844650476,conservative,indicator
101,WFG4,10,1,19,0.0277580071174377,0.0120996441281139,0.0909090909090909,0.6,0.508347266346832,conservative,indicator
101,WFG4,10,1,20,0.0569395017793594,0.0277580071174377,0.0944055944055944,0.5,0.554338097333779,weighted,indicator
101,WFG4,10,1,21,0.0241992882562278,0.0569395017793594,0.0909090909090909,0.5,0.627563409207095,weighted,indicator
101,WFG4,10,1,22,0.0555160142348754,0.0241992882562278,0.0874125874125874,0.6,0.554654675379105,weighted,indicator
101,WFG4,10,1,23,0.0540925266903915,0.0555160142348754,0.0874125874125874,0.6,0.527256942116894,conservative,indicator
101,WFG4,10,1,24,0.0483985765124555,0.0540925266903915,0.0909090909090909,0.6,0.518152443126826,conservative,indicator
101,WFG4,10,1,25,0.0640569395017794,0.0483985765124555,0.0979020979020979,0.6,0.527274715624781,conservative,indicator
101,WFG4,10,1,26,0.0654804270462633,0.0640569395017794,0.0979020979020979,0.6,0.527239481547397,conservative,indicator
101,WFG4,10,1,27,0.0256227758007117,0.0654804270462633,0.0944055944055944,0.6,0.508740645049787,conservative,indicator
101,WFG4,10,1,28,0.0334519572953737,0.0256227758007117,0.0909090909090909,0.6,0.545228919806697,conservative,indicator
101,WFG4,10,1,29,0.0476868327402135,0.0334519572953737,0.0909090909090909,0.6,0.554041305376314,weighted,indicator
101,WFG4,10,1,30,0.0149466192170819,0.0476868327402135,0.0874125874125874,0.6,0.617397742969525,weighted,indicator
101,WFG4,10,1,31,0.145195729537367,0.0149466192170819,0.0979020979020979,0.6,0.626009929352272,weighted,indicator
101,WFG4,10,1,32,0.0704626334519573,0.145195729537367,0.101398601398601,0.6,0.56311643381665,weighted,indicator
101,WFG4,10,1,33,0.0391459074733096,0.0704626334519573,0.115384615384615,0.6,0.517070893773786,conservative,indicator
101,WFG4,10,1,34,0.0348754448398577,0.0391459074733096,0.108391608391608,0.6,0.508053906730524,conservative,indicator
102,WFG4,10,10,1,0.01,1,0.0874125874125874,0.5,0.371550896353294,curriculum,indicator
102,WFG4,10,10,2,0.00711743772241993,0.01,0.0874125874125874,0.5,0.372472902568857,conservative,indicator
102,WFG4,10,10,3,0.0106761565836299,0.00711743772241993,0.0909090909090909,0.5,0.32676247896205,conservative,indicator
102,WFG4,10,10,4,0.00355871886120996,0.0106761565836299,0.0909090909090909,0.5,0.638220072609663,weighted,indicator
102,WFG4,10,10,5,0.00498220640569395,0.00355871886120996,0.0944055944055944,0.5,0.656270049448575,weighted,indicator
102,WFG4,10,10,6,0.000711743772241993,0.00498220640569395,0.0979020979020979,0.5,0.646759949996389,weighted,indicator
102,WFG4,10,10,7,0.00569395017793594,0.000711743772241993,0.0979020979020979,0.5,0.637527514074044,weighted,indicator
102,WFG4,10,10,8,0.132384341637011,0.00569395017793594,0.0839160839160839,0.5,0.645749972366439,weighted,indicator
102,WFG4,10,10,9,0.0754448398576512,0.132384341637011,0.0839160839160839,0.5,0.582622535974325,weighted,indicator
102,WFG4,10,10,10,0.0761565836298932,0.0754448398576512,0.0839160839160839,0.5,0.600029823418549,weighted,indicator
102,WFG4,10,10,11,0.100355871886121,0.0761565836298932,0.0944055944055944,0.5,0.319122942663687,conservative,indicator
102,WFG4,10,10,12,0.113879003558719,0.100355871886121,0.0944055944055944,0.5,0.328239513438346,conservative,indicator
102,WFG4,10,10,13,0.130960854092527,0.113879003558719,0.104895104895105,0.5,0.59101093151748,weighted,indicator
102,WFG4,10,10,14,0.0540925266903915,0.130960854092527,0.115384615384615,0.5,0.61823739653363,weighted,indicator
102,WFG4,10,10,15,0.0427046263345196,0.0540925266903915,0.115384615384615,0.5,0.66335892200175,weighted,indicator
102,WFG4,10,10,16,0.199288256227758,0.0427046263345196,0.111888111888112,0.5,0.681304026374674,weighted,indicator
102,WFG4,10,10,17,0.138790035587189,0.199288256227758,0.115384615384615,0.5,0.672047884416515,weighted,indicator
102,WFG4,10,10,18,0.098220640569395,0.138790035587189,0.129370629370629,0.5,0.545085931885599,conservative,indicator
102,WFG4,10,10,19,0.165836298932384,0.098220640569395,0.125874125874126,0.5,0.663480154743537,weighted,indicator
102,WFG4,10,10,20,0.111743772241993,0.165836298932384,0.122377622377622,0.5,0.572772788881061,weighted,indicator
102,WFG4,10,10,21,0.114590747330961,0.111743772241993,0.118881118881119,0.5,0.611021614689235,weighted,indicator
102,WFG4,10,10,22,0.20355871886121,0.114590747330961,0.125874125874126,0.5,0.6552243333446,weighted,indicator
102,WFG4,10,10,23,0.181494661921708,0.20355871886121,0.125874125874126,0.5,0.620116809350245,weighted,indicator
102,WFG4,10,10,24,0.0533807829181495,0.181494661921708,0.132867132867133,0.5,0.500881759981449,conservative,indicator
102,WFG4,10,10,25,0.16085409252669,0.0533807829181495,0.129370629370629,0.5,0.509506563841585,conservative,indicator
102,WFG4,10,10,26,0.0469750889679715,0.16085409252669,0.122377622377622,0.5,0.544839708181539,conservative,indicator
102,WFG4,10,10,27,0.0313167259786477,0.0469750889679715,0.125874125874126,0.5,0.519191463737112,conservative,indicator
102,WFG4,10,10,28,0.0355871886120996,0.0313167259786477,0.122377622377622,0.5,0.536132964560634,conservative,indicator
102,WFG4,10,10,29,0.0419928825622776,0.0355871886120996,0.122377622377622,0.5,0.593259675048371,weighted,indicator
102,WFG4,10,10,30,0.0718861209964413,0.0419928825622776,0.118881118881119,0.5,0.66386316260946,weighted,indicator
102,WFG4,10,10,31,0.0462633451957295,0.0718861209964413,0.122377622377622,0.5,0.681371836479095,weighted,indicator
102,WFG4,10,10,32,0.0455516014234875,0.0462633451957295,0.115384615384615,0.5,0.671904735256542,weighted,indicator
102,WFG4,10,10,33,0.404982206405694,0.0455516014234875,0.115384615384615,0.5,0.635705445977393,weighted,conservative
102,WFG4,10,10,34,0.0255555555555556,0.404982206405694,0.115384615384615,0.5,0.626820024809075,curriculum,indicator
103,WFG4,10,2,1,0.0144444444444444,1,0.0769230769230769,0.5,0.316825015398309,curriculum,indicator
103,WFG4,10,2,2,0.00711743772241993,0.0144444444444444,0.0769230769230769,0.5,0.481693561035675,conservative,indicator
103,WFG4,10,2,3,0.0113879003558719,0.00711743772241993,0.0874125874125874,0.5,0.518778927229339,conservative,indicator
103,WFG4,10,2,4,0.0441281138790036,0.0113879003558719,0.0874125874125874,0.5,0.67485677071324,weighted,indicator
103,WFG4,10,2,5,0.0619217081850534,0.0441281138790036,0.0874125874125874,0.5,0.674979928046138,weighted,indicator
103,WFG4,10,2,6,0.0797153024911032,0.0619217081850534,0.111888111888112,0.5,0.629013326685279,weighted,indicator
103,WFG4,10,2,7,0.0669039145907473,0.0797153024911032,0.101398601398601,0.5,0.56461696900109,weighted,indicator
103,WFG4,10,2,8,0.00925266903914591,0.0669039145907473,0.101398601398601,0.5,0.537404906895851,conservative,indicator
103,WFG4,10,2,9,0.0498220640569395,0.00925266903914591,0.0979020979020979,0.5,0.638246727579648,weighted,indicator
103,WFG4,10,2,10,0.0298932384341637,0.0498220640569395,0.0944055944055944,0.5,0.683759349228013,weighted,indicator
103,WFG4,10,2,11,0.0270462633451957,0.0298932384341637,0.0944055944055944,0.5,0.674654766985248,weighted,indicator
103,WFG4,10,2,12,0.0483985765124555,0.0270462633451957,0.101398601398601,0.5,0.656617345318679,weighted,indicator
103,WFG4,10,2,13,0.0839857651245552,0.0483985765124555,0.101398601398601,0.5,0.647793896283206,weighted,indicator
103,WFG4,10,2,14,0.0377224199288256,0.0839857651245552,0.0944055944055944,0.5,0.648104524298575,weighted,indicator
103,WFG4,10,2,15,0.0918149466192171,0.0377224199288256,0.0944055944055944,0.5,0.657250226801421,weighted,indicator
103,WFG4,10,2,16,0.0505338078291815,0.0918149466192171,0.0874125874125874,0.5,0.537571285795385,conservative,indicator
103,WFG4,10,2,17,0.0405693950177936,0.0505338078291815,0.0804195804195804,0.6,0.683496138254939,weighted,indicator
103,WFG4,10,2,18,0.0640569395017794,0.0405693950177936,0.0839160839160839,0.6,0.519005255878036,conservative,indicator
103,WFG4,10,2,19,0.0839857651245552,0.0640569395017794,0.0909090909090909,0.6,0.509860244862183,conservative,indicator
103,WFG4,10,2,20,0.130960854092527,0.0839857651245552,0.0909090909090909,0.6,0.528007495792867,conservative,indicator
103,WFG4,10,2,21,0.0669039145907473,0.130960854092527,0.0979020979020979,0.5,0.528185470276491,conservative,indicator
103,WFG4,10,2,22,0.108185053380783,0.0669039145907473,0.101398601398601,0.5,0.53685404694782,conservative,indicator
103,WFG4,10,2,23,0.335231316725979,0.108185053380783,0.0944055944055944,0.5,0.637191752935921,weighted,indicator
103,WFG4,10,2,24,0.17508896797153,0.335231316725979,0.0874125874125874,0.5,0.646220515514498,weighted,indicator
103,WFG4,10,2,25,0.138078291814947,0.17508896797153,0.0874125874125874,0.5,0.681856219995519,weighted,indicator
103,WFG4,10,2,26,0.0918149466192171,0.138078291814947,0.0909090909090909,0.5,0.545330590968989,conservative,indicator
103,WFG4,10,2,27,0.365124555160142,0.0918149466192171,0.104895104895105,0.5,0.326399998736299,conservative,conservative
103,WFG4,10,2,28,0.161111111111111,0.365124555160142,0.104895104895105,0.5,0.353821577341368,curriculum,indicator
103,WFG4,10,2,29,0.0626334519572954,0.161111111111111,0.104895104895105,0.5,0.67951764365121,weighted,indicator
103,WFG4,10,2,30,0.214946619217082,0.0626334519572954,0.101398601398601,0.5,0.555009877557345,weighted,indicator
103,WFG4,10,2,31,0.0669039145907473,0.214946619217082,0.101398601398601,0.5,0.664281033068299,weighted,indicator
103,WFG4,10,2,32,0.103202846975089,0.0669039145907473,0.101398601398601,0.5,0.610014286815079,weighted,indicator
103,WFG4,10,2,33,0.0875444839857651,0.103202846975089,0.0979020979020979,0.5,0.644127734105509,weighted,indicator
103,WFG4,10,2,34,0.0341637010676157,0.0875444839857651,0.104895104895105,0.5,0.664676831969673,weighted,indicator
104,WFG4,10,3,1,0.0166666666666667,1,0.0734265734265734,0.5,0.663160500311971,curriculum,indicator
104,WFG4,10,3,2,0.0142348754448399,0.0166666666666667,0.0734265734265734,0.5,0.635746022032446,weighted,indicator
104,WFG4,10,3,3,0.0249110320284698,0.0142348754448399,0.0769230769230769,0.5,0.672457764113826,weighted,indicator
104,WFG4,10,3,4,0.0270462633451957,0.0249110320284698,0.0804195804195804,0.5,0.673081291381358,weighted,indicator
104,WFG4,10,3,5,0.0170818505338078,0.0270462633451957,0.0734265734265734,0.5,0.564780615763795,weighted,indicator
104,WFG4,10,3,6,0.0398576512455516,0.0170818505338078,0.0769230769230769,0.5,0.647822521815248,weighted,indicator
104,WFG4,10,3,7,0.0220640569395018,0.0398576512455516,0.0804195804195804,0.5,0.53780227627867,conservative,indicator
104,WFG4,10,3,8,0.0106761565836299,0.0220640569395018,0.0769230769230769,0.5,0.54698731421186,conservative,indicator
104,WFG4,10,3,9,0.0327402135231317,0.0106761565836299,0.111888111888112,0.4,0.675266779250797,weighted,explore
104,WFG4,10,3,10,0.0192170818505338,0.0327402135231317,0.108391608391608,0.5,0.537871928736454,conservative,indicator
104,WFG4,10,3,11,0.0548042704626335,0.0192170818505338,0.108391608391608,0.4,0.656901906514819,weighted,explore
104,WFG4,10,3,12,0.097508896797153,0.0548042704626335,0.108391608391608,0.4,0.629736751852979,weighted,explore
104,WFG4,10,3,13,0.0099644128113879,0.097508896797153,0.0944055944055944,0.4,0.619918910281415,weighted,explore
104,WFG4,10,3,14,0.0213523131672598,0.0099644128113879,0.0909090909090909,0.4,0.620305182925324,weighted,explore
104,WFG4,10,3,15,0.0391459074733096,0.0213523131672598,0.0944055944055944,0.4,0.620548472871599,weighted,explore
104,WFG4,10,3,16,0.0341637010676157,0.0391459074733096,0.0944055944055944,0.4,0.638514817154697,weighted,explore
104,WFG4,10,3,17,0.0355871886120996,0.0341637010676157,0.115384615384615,0.4,0.601176200406355,weighted,explore
104,WFG4,10,3,18,0.0277580071174377,0.0355871886120996,0.111888111888112,0.4,0.637963672948922,weighted,explore
104,WFG4,10,3,19,0.0099644128113879,0.0277580071174377,0.118881118881119,0.4,0.637695196105207,weighted,explore
104,WFG4,10,3,20,0.0241992882562278,0.0099644128113879,0.118881118881119,0.4,0.673913173925893,weighted,explore
104,WFG4,10,3,21,0.0654804270462633,0.0241992882562278,0.122377622377622,0.4,0.682885018309592,weighted,explore
104,WFG4,10,3,22,0.0469750889679715,0.0654804270462633,0.132867132867133,0.4,0.574788534614555,weighted,explore
104,WFG4,10,3,23,0.0163701067615658,0.0469750889679715,0.125874125874126,0.4,0.530027986549235,conservative,explore
104,WFG4,10,3,24,0.146619217081851,0.0163701067615658,0.129370629370629,0.4,0.50294637389214,conservative,explore
104,WFG4,10,3,25,0.00782918149466192,0.146619217081851,0.15034965034965,0.4,0.575722707630135,weighted,explore
104,WFG4,10,3,26,0.0377224199288256,0.00782918149466192,0.153846153846154,0.4,0.56669611981424,weighted,explore
104,WFG4,10,3,27,0.0220640569395018,0.0377224199288256,0.153846153846154,0.4,0.557461326635631,weighted,explore
104,WFG4,10,3,28,0.0206405693950178,0.0220640569395018,0.153846153846154,0.4,0.557096109322687,weighted,explore
104,WFG4,10,3,29,0.135231316725979,0.0206405693950178,0.146853146853147,0.4,0.574910466564406,weighted,explore
104,WFG4,10,3,30,0.0213523131672598,0.135231316725979,0.143356643356643,0.4,0.512046093847852,conservative,explore
104,WFG4,10,3,31,0.0142348754448399,0.0213523131672598,0.13986013986014,0.4,0.494680191466487,conservative,explore
104,WFG4,10,3,32,0.0298932384341637,0.0142348754448399,0.13986013986014,0.4,0.566834951382877,weighted,explore
104,WFG4,10,3,33,0.213523131672598,0.0298932384341637,0.132867132867133,0.4,0.55806958033962,weighted,explore
104,WFG4,10,3,34,0.0576512455516014,0.213523131672598,0.136363636363636,0.4,0.566976119223147,weighted,explore
105,WFG4,10,4,1,0.0177777777777778,1,0.0839160839160839,0.5,0.43670507731884,curriculum,indicator
105,WFG4,10,4,2,0.00498220640569395,0.0177777777777778,0.0804195804195804,0.5,0.409611099268007,conservative,indicator
105,WFG4,10,4,3,0.00925266903914591,0.00498220640569395,0.0804195804195804,0.5,0.336239558885445,conservative,indicator
105,WFG4,10,4,4,0.0199288256227758,0.00925266903914591,0.0804195804195804,0.5,0.345584859670117,conservative,indicator
105,WFG4,10,4,5,0.0291814946619217,0.0199288256227758,0.0804195804195804,0.5,0.363867675493841,conservative,indicator
105,WFG4,10,4,6,0.0384341637010676,0.0291814946619217,0.0804195804195804,0.5,0.401043129505135,conservative,indicator
105,WFG4,10,4,7,0.00284697508896797,0.0384341637010676,0.0839160839160839,0.5,0.419300492664394,conservative,indicator
105,WFG4,10,4,8,0.0291814946619217,0.00284697508896797,0.0909090909090909,0.5,0.419724843742783,conservative,indicator
105,WFG4,10,4,9,0.0548042704626335,0.0291814946619217,0.0979020979020979,0.5,0.365402829359248,conservative,indicator
105,WFG4,10,4,10,0.0633451957295374,0.0548042704626335,0.104895104895105,0.5,0.328462895741909,conservative,indicator
105,WFG4,10,4,11,0.0555160142348754,0.0633451957295374,0.104895104895105,0.5,0.319324698553992,conservative,indicator
105,WFG4,10,4,12,0.0476868327402135,0.0555160142348754,0.118881118881119,0.5,0.673506029116431,weighted,indicator
105,WFG4,10,4,13,0.00711743772241993,0.0476868327402135,0.111888111888112,0.5,0.673899565967137,weighted,indicator
105,WFG4,10,4,14,0.0362989323843416,0.00711743772241993,0.115384615384615,0.5,0.655808800665349,weighted,indicator
105,WFG4,10,4,15,0.0412811387900356,0.0362989323843416,0.115384615384615,0.4,0.619291187312076,weighted,explore
105,WFG4,10,4,16,0.0733096085409253,0.0412811387900356,0.111888111888112,0.4,0.646879443330156,weighted,explore
105,WFG4,10,4,17,0.103202846975089,0.0733096085409253,0.111888111888112,0.4,0.637678718423944,weighted,explore
105,WFG4,10,4,18,0.0405693950177936,0.103202846975089,0.129370629370629,0.4,0.500589104958916,conservative,explore
105,WFG4,10,4,19,0.0206405693950178,0.0405693950177936,0.129370629370629,0.4,0.673376737300489,weighted,explore
105,WFG4,10,4,20,0.0135231316725979,0.0206405693950178,0.132867132867133,0.4,0.636725636253824,weighted,explore
105,WFG4,10,4,21,0.0142348754448399,0.0135231316725979,0.132867132867133,0.4,0.627737406285914,weighted,explore
105,WFG4,10,4,22,0.0234875444839858,0.0142348754448399,0.13986013986014,0.4,0.654693110608468,weighted,explore
105,WFG4,10,4,23,0.0548042704626335,0.0234875444839858,0.13986013986014,0.4,0.663969434851598,weighted,explore
105,WFG4,10,4,24,0.0341637010676157,0.0548042704626335,0.143356643356643,0.4,0.682273864986069,weighted,explore
105,WFG4,10,4,25,0.0761565836298932,0.0341637010676157,0.15034965034965,0.4,0.682049447874764,weighted,explore
105,WFG4,10,4,26,0.0498220640569395,0.0761565836298932,0.125874125874126,0.4,0.682104364509621,weighted,explore
105,WFG4,10,4,27,0.0163701067615658,0.0498220640569395,0.129370629370629,0.4,0.647903654846759,weighted,explore
105,WFG4,10,4,28,0.00498220640569395,0.0163701067615658,0.132867132867133,0.4,0.647745901901604,weighted,explore
105,WFG4,10,4,29,0.0113879003558719,0.00498220640569395,0.13986013986014,0.4,0.665415593686008,weighted,explore
105,WFG4,10,4,30,0.00213523131672598,0.0113879003558719,0.13986013986014,0.4,0.665412577184301,weighted,explore
105,WFG4,10,4,31,0.0128113879003559,0.00213523131672598,0.13986013986014,0.4,0.656410337758367,weighted,explore
105,WFG4,10,4,32,0.0099644128113879,0.0128113879003559,0.129370629370629,0.4,0.681811582842227,weighted,explore
105,WFG4,10,4,33,0.138790035587189,0.0099644128113879,0.125874125874126,0.4,0.645285574426506,weighted,explore
105,WFG4,10,4,34,0.0505338078291815,0.138790035587189,0.136363636363636,0.4,0.610424498795251,weighted,explore
106,WFG4,10,5,1,0.00111111111111111,1,0.0769230769230769,0.5,0.336084135044955,curriculum,indicator
106,WFG4,10,5,2,0.0120996441281139,0.00111111111111111,0.0734265734265734,0.5,0.345437191130793,conservative,indicator
106,WFG4,10,5,3,0.0163701067615658,0.0120996441281139,0.0629370629370629,0.5,0.500498214347422,conservative,indicator
106,WFG4,10,5,4,0.00355871886120996,0.0163701067615658,0.0559440559440559,0.5,0.681512220097846,weighted,indicator
106,WFG4,10,5,5,0.0142348754448399,0.00355871886120996,0.0594405594405594,0.5,0.67279717000948,weighted,indicator
106,WFG4,10,5,6,0.00854092526690392,0.0142348754448399,0.0664335664335664,0.5,0.618018253658851,weighted,indicator
106,WFG4,10,5,7,0.0256227758007117,0.00854092526690392,0.0699300699300699,0.5,0.327133696607058,conservative,indicator
106,WFG4,10,5,8,0.0156583629893238,0.0256227758007117,0.0839160839160839,0.5,0.681989166519916,weighted,indicator
106,WFG4,10,5,9,0.0227758007117438,0.0156583629893238,0.0804195804195804,0.5,0.599804414898548,weighted,indicator
106,WFG4,10,5,10,0.00925266903914591,0.0227758007117438,0.0804195804195804,0.5,0.572858656053495,weighted,indicator
106,WFG4,10,5,11,0.0782918149466192,0.00925266903914591,0.0804195804195804,0.5,0.572503726673245,weighted,indicator
106,WFG4,10,5,12,0.0889679715302491,0.0782918149466192,0.0804195804195804,0.5,0.563608740481442,weighted,indicator
106,WFG4,10,5,13,0.0291814946619217,0.0889679715302491,0.0769230769230769,0.5,0.581592919499534,weighted,indicator
106,WFG4,10,5,14,0.0647686832740214,0.0291814946619217,0.0839160839160839,0.5,0.607966171137858,weighted,indicator
106,WFG4,10,5,15,0.0277580071174377,0.0647686832740214,0.0839160839160839,0.5,0.580477750087621,weighted,indicator
106,WFG4,10,5,16,0.0298932384341637,0.0277580071174377,0.0804195804195804,0.5,0.589655939456283,weighted,indicator
106,WFG4,10,5,17,0.0619217081850534,0.0298932384341637,0.0874125874125874,0.5,0.625962291645615,weighted,indicator
106,WFG4,10,5,18,0.0754448398576512,0.0619217081850534,0.0979020979020979,0.5,0.610120158307643,weighted,indicator
106,WFG4,10,5,19,0.0263345195729537,0.0754448398576512,0.111888111888112,0.4,0.49142709783963,conservative,explore
106,WFG4,10,5,20,0.0270462633451957,0.0263345195729537,0.118881118881119,0.4,0.591837287589764,weighted,explore
106,WFG4,10,5,21,0.0270462633451957,0.0270462633451957,0.122377622377622,0.4,0.6191315725154,weighted,explore
106,WFG4,10,5,22,0.0419928825622776,0.0270462633451957,0.125874125874126,0.4,0.546458414785817,conservative,explore
106,WFG4,10,5,23,0.0113879003558719,0.0419928825622776,0.125874125874126,0.4,0.528116778340135,conservative,explore
106,WFG4,10,5,24,0.0249110320284698,0.0113879003558719,0.115384615384615,0.4,0.536848456756221,conservative,explore
106,WFG4,10,5,25,0.0249110320284698,0.0249110320284698,0.129370629370629,0.4,0.537003914851334,conservative,explore
106,WFG4,10,5,26,0.0491103202846975,0.0249110320284698,0.115384615384615,0.4,0.662276210455913,weighted,explore
106,WFG4,10,5,27,0.0149466192170819,0.0491103202846975,0.129370629370629,0.4,0.547071908720544,conservative,explore
106,WFG4,10,5,28,0.296797153024911,0.0149466192170819,0.136363636363636,0.4,0.653402489723398,weighted,explore
106,WFG4,10,5,29,0.0320284697508897,0.296797153024911,0.132867132867133,0.4,0.662484323913948,weighted,explore
106,WFG4,10,5,30,0.0291814946619217,0.0320284697508897,0.146853146853147,0.4,0.563562079093855,weighted,explore
106,WFG4,10,5,31,0.0405693950177936,0.0291814946619217,0.15034965034965,0.4,0.544849023232705,conservative,explore
106,WFG4,10,5,32,0.0348754448398577,0.0405693950177936,0.13986013986014,0.4,0.563134595011239,weighted,explore
106,WFG4,10,5,33,0.0690391459074733,0.0348754448398577,0.13986013986014,0.4,0.554007618276425,weighted,explore
106,WFG4,10,5,34,0.0234875444839858,0.0690391459074733,0.143356643356643,0.4,0.572143235835563,weighted,explore
107,WFG4,10,6,1,0.0177777777777778,1,0.0559440559440559,0.5,0.628342236788644,curriculum,indicator
107,WFG4,10,6,2,0.00711743772241993,0.0177777777777778,0.0629370629370629,0.5,0.317803825662772,conservative,indicator
107,WFG4,10,6,3,0.0476868327402135,0.00711743772241993,0.0594405594405594,0.5,0.628707095093844,weighted,indicator
107,WFG4,10,6,4,0.0441281138790036,0.0476868327402135,0.0559440559440559,0.5,0.628928318970379,weighted,indicator
107,WFG4,10,6,5,0.0548042704626335,0.0441281138790036,0.0664335664335664,0.5,0.674129511942742,weighted,indicator
107,WFG4,10,6,6,0.0505338078291815,0.0548042704626335,0.0664335664335664,0.5,0.65655594810779,weighted,indicator
107,WFG4,10,6,7,0.0362989323843416,0.0505338078291815,0.0874125874125874,0.5,0.464282959818053,conservative,indicator
107,WFG4,10,6,8,0.0569395017793594,0.0362989323843416,0.0944055944055944,0.5,0.50992492066561,conservative,indicator
107,WFG4,10,6,9,0.0533807829181495,0.0569395017793594,0.0839160839160839,0.5,0.673001750423609,weighted,indicator
107,WFG4,10,6,10,0.0419928825622776,0.0533807829181495,0.0874125874125874,0.5,0.528229239708011,conservative,indicator
107,WFG4,10,6,11,0.0348754448398577,0.0419928825622776,0.0699300699300699,0.5,0.609957144916359,weighted,indicator
107,WFG4,10,6,12,0.0106761565836299,0.0348754448398577,0.0699300699300699,0.5,0.63686094388605,weighted,indicator
107,WFG4,10,6,13,0.0192170818505338,0.0106761565836299,0.0699300699300699,0.5,0.645242581933837,weighted,indicator
107,WFG4,10,6,14,0.0120996441281139,0.0192170818505338,0.0804195804195804,0.5,0.681542652319024,weighted,indicator
107,WFG4,10,6,15,0.0526690391459075,0.0120996441281139,0.0839160839160839,0.5,0.509338727524726,conservative,indicator
107,WFG4,10,6,16,0.334519572953737,0.0526690391459075,0.0839160839160839,0.5,0.591672349215048,weighted,indicator
107,WFG4,10,6,17,0.0647686832740214,0.334519572953737,0.0839160839160839,0.5,0.627420088016123,weighted,indicator
107,WFG4,10,6,18,0.0483985765124555,0.0647686832740214,0.0909090909090909,0.5,0.663299281924412,weighted,indicator
107,WFG4,10,6,19,0.0455516014234875,0.0483985765124555,0.0804195804195804,0.5,0.500701657129549,conservative,indicator
107,WFG4,10,6,20,0.0362989323843416,0.0455516014234875,0.0769230769230769,0.5,0.644939481798591,weighted,indicator
107,WFG4,10,6,21,0.0370106761565836,0.0362989323843416,0.0699300699300699,0.5,0.509475974704555,conservative,indicator
107,WFG4,10,6,22,0.0768683274021352,0.0370106761565836,0.0804195804195804,0.5,0.463719526042379,conservative,indicator
107,WFG4,10,6,23,0.0405693950177936,0.0768683274021352,0.0874125874125874,0.6,0.319159078037095,conservative,indicator
107,WFG4,10,6,24,0.292526690391459,0.0405693950177936,0.0874125874125874,0.6,0.635890718898576,weighted,indicator
107,WFG4,10,6,25,0.0348754448398577,0.292526690391459,0.0874125874125874,0.6,0.653749612372066,weighted,indicator
107,WFG4,10,6,26,0.0249110320284698,0.0348754448398577,0.0944055944055944,0.6,0.527426414907822,conservative,indicator
107,WFG4,10,6,27,0.0291814946619217,0.0249110320284698,0.0944055944055944,0.6,0.472837738013973,conservative,indicator
107,WFG4,10,6,28,0.0277580071174377,0.0291814946619217,0.0979020979020979,0.6,0.472846482116596,conservative,indicator
107,WFG4,10,6,29,0.0334519572953737,0.0277580071174377,0.0979020979020979,0.6,0.472832911502584,conservative,indicator
107,WFG4,10,6,30,0.0277580071174377,0.0334519572953737,0.0979020979020979,0.6,0.472832911502584,conservative,indicator
107,WFG4,10,6,31,0.0555160142348754,0.0277580071174377,0.0944055944055944,0.6,0.472632465999384,conservative,indicator
107,WFG4,10,6,32,0.0540925266903915,0.0555160142348754,0.0944055944055944,0.6,0.472690639469312,conservative,indicator
107,WFG4,10,6,33,0.0512455516014235,0.0540925266903915,0.0874125874125874,0.6,0.518654234046242,conservative,indicator
107,WFG4,10,6,34,0.0270462633451957,0.0512455516014235,0.0839160839160839,0.6,0.653622084530357,weighted,indicator
108,WFG4,10,7,1,0.0166666666666667,1,0.0664335664335664,0.6,0.646034886844634,curriculum,indicator
108,WFG4,10,7,2,0.00569395017793594,0.0166666666666667,0.0664335664335664,0.6,0.673695926852007,weighted,indicator
108,WFG4,10,7,3,0.0241992882562278,0.00569395017793594,0.0664335664335664,0.6,0.600402291964335,weighted,indicator
108,WFG4,10,7,4,0.659074733096085,0.0241992882562278,0.0664335664335664,0.5,0.609806561710901,weighted,conservative
108,WFG4,10,7,5,0.0155555555555556,0.659074733096085,0.0664335664335664,0.5,0.609671440463768,curriculum,indicator
108,WFG4,10,7,6,0.099644128113879,0.0155555555555556,0.0664335664335664,0.5,0.609750205966418,weighted,indicator
108,WFG4,10,7,7,0.00854092526690392,0.099644128113879,0.0874125874125874,0.5,0.628245906348341,weighted,indicator
108,WFG4,10,7,8,0.00498220640569395,0.00854092526690392,0.0979020979020979,0.5,0.317668894623497,conservative,indicator
108,WFG4,10,7,9,0.16085409252669,0.00498220640569395,0.0734265734265734,0.5,0.59190121762379,weighted,indicator
108,WFG4,10,7,10,0.0790035587188612,0.16085409252669,0.0769230769230769,0.5,0.555414665350042,weighted,indicator
108,WFG4,10,7,11,0.0768683274021352,0.0790035587188612,0.0734265734265734,0.5,0.546123335029738,conservative,indicator
108,WFG4,10,7,12,0.0725978647686833,0.0768683274021352,0.0699300699300699,0.5,0.564642522234695,weighted,indicator
108,WFG4,10,7,13,0.108896797153025,0.0725978647686833,0.0769230769230769,0.5,0.555680434141404,weighted,indicator
108,WFG4,10,7,14,0.143772241992883,0.108896797153025,0.0769230769230769,0.5,0.555419685316278,weighted,indicator
108,WFG4,10,7,15,0.114590747330961,0.143772241992883,0.0769230769230769,0.5,0.592012652335922,weighted,indicator
108,WFG4,10,7,16,0.296797153024911,0.114590747330961,0.0874125874125874,0.5,0.59205737643049,weighted,indicator
108,WFG4,10,7,17,0.0704626334519573,0.296797153024911,0.0909090909090909,0.5,0.646007255406552,weighted,indicator
108,WFG4,10,7,18,0.154448398576512,0.0704626334519573,0.0909090909090909,0.5,0.646171283175949,weighted,indicator
108,WFG4,10,7,19,0.0626334519572954,0.154448398576512,0.0979020979020979,0.5,0.610616685887991,weighted,indicator
108,WFG4,10,7,20,0.136654804270463,0.0626334519572954,0.0909090909090909,0.5,0.656572507416728,weighted,indicator
108,WFG4,10,7,21,0.0818505338078292,0.136654804270463,0.0909090909090909,0.5,0.647155580260575,weighted,indicator
108,WFG4,10,7,22,0.0434163701067616,0.0818505338078292,0.0979020979020979,0.5,0.637730448015144,weighted,indicator
108,WFG4,10,7,23,0.0797153024911032,0.0434163701067616,0.101398601398601,0.5,0.60244266151111,weighted,indicator
108,WFG4,10,7,24,0.153024911032028,0.0797153024911032,0.0979020979020979,0.4,0.592740292634237,weighted,explore
108,WFG4,10,7,25,0.110320284697509,0.153024911032028,0.0979020979020979,0.4,0.583741725357396,weighted,explore
108,WFG4,10,7,26,0.0163701067615658,0.110320284697509,0.101398601398601,0.4,0.583848511536183,weighted,explore
108,WFG4,10,7,27,0.0583629893238434,0.0163701067615658,0.101398601398601,0.4,0.556765526023769,weighted,explore
108,WFG4,10,7,28,0.0782918149466192,0.0583629893238434,0.0979020979020979,0.4,0.574772424368978,weighted,explore
108,WFG4,10,7,29,0.00711743772241993,0.0782918149466192,0.108391608391608,0.4,0.557045729945468,weighted,explore
108,WFG4,10,7,30,0.0263345195729537,0.00711743772241993,0.108391608391608,0.4,0.566089145636438,weighted,explore
108,WFG4,10,7,31,0.0519572953736655,0.0263345195729537,0.101398601398601,0.5,0.592914899629899,weighted,indicator
108,WFG4,10,7,32,0.0263345195729537,0.0519572953736655,0.111888111888112,0.4,0.601969251499559,weighted,explore
108,WFG4,10,7,33,0.0391459074733096,0.0263345195729537,0.111888111888112,0.4,0.356758680108376,conservative,explore
108,WFG4,10,7,34,0.160142348754448,0.0391459074733096,0.125874125874126,0.4,0.646555191715891,weighted,explore
109,WFG4,10,8,1,0.0122222222222222,1,0.0594405594405594,0.5,0.646581165105201,curriculum,indicator
109,WFG4,10,8,2,0.0120996441281139,0.0122222222222222,0.0699300699300699,0.5,0.655834455839129,weighted,indicator
109,WFG4,10,8,3,0.00782918149466192,0.0120996441281139,0.0769230769230769,0.5,0.664877702989062,weighted,indicator
109,WFG4,10,8,4,0.650533807829181,0.00782918149466192,0.0769230769230769,0.5,0.683275326943008,weighted,conservative
109,WFG4,10,8,5,0.0177777777777778,0.650533807829181,0.0769230769230769,0.5,0.692412311315724,curriculum,indicator
109,WFG4,10,8,6,0.0199288256227758,0.0177777777777778,0.0804195804195804,0.5,0.326888005277091,conservative,indicator
109,WFG4,10,8,7,0.0327402135231317,0.0199288256227758,0.0839160839160839,0.5,0.673076297293275,weighted,indicator
109,WFG4,10,8,8,0.148754448398577,0.0327402135231317,0.0594405594405594,0.5,0.664397839348887,weighted,indicator
109,WFG4,10,8,9,0.0291814946619217,0.148754448398577,0.0804195804195804,0.4,0.582225939663977,weighted,explore
109,WFG4,10,8,10,0.120996441281139,0.0291814946619217,0.0804195804195804,0.4,0.5823082008432,weighted,explore
109,WFG4,10,8,11,0.142348754448399,0.120996441281139,0.0874125874125874,0.4,0.591175512294954,weighted,explore
109,WFG4,10,8,12,0.0170818505338078,0.142348754448399,0.0909090909090909,0.4,0.674275092540878,weighted,explore
109,WFG4,10,8,13,0.00284697508896797,0.0170818505338078,0.0909090909090909,0.4,0.665320652529027,weighted,explore
109,WFG4,10,8,14,0.0491103202846975,0.00284697508896797,0.0909090909090909,0.4,0.665176568241847,weighted,explore
109,WFG4,10,8,15,0.0270462633451957,0.0491103202846975,0.0944055944055944,0.4,0.665122200752849,weighted,explore
109,WFG4,10,8,16,0.0427046263345196,0.0270462633451957,0.0979020979020979,0.4,0.656171258656144,weighted,explore
109,WFG4,10,8,17,0.162277580071174,0.0427046263345196,0.0944055944055944,0.4,0.610948470881551,weighted,explore
109,WFG4,10,8,18,0.0825622775800712,0.162277580071174,0.0979020979020979,0.4,0.629343134191085,weighted,explore
109,WFG4,10,8,19,0.101779359430605,0.0825622775800712,0.101398601398601,0.4,0.683584968153608,weighted,explore
109,WFG4,10,8,20,0.0725978647686833,0.101779359430605,0.101398601398601,0.4,0.674416636585911,weighted,explore
109,WFG4,10,8,21,0.0142348754448399,0.0725978647686833,0.101398601398601,0.4,0.611244360980959,weighted,explore
109,WFG4,10,8,22,0.0412811387900356,0.0142348754448399,0.101398601398601,0.4,0.611191294403934,weighted,explore
109,WFG4,10,8,23,0.0918149466192171,0.0412811387900356,0.0979020979020979,0.4,0.656091580328363,weighted,explore
109,WFG4,10,8,24,0.21423487544484,0.0918149466192171,0.0944055944055944,0.4,0.637913274700293,weighted,explore
109,WFG4,10,8,25,0.0790035587188612,0.21423487544484,0.104895104895105,0.4,0.646923436319566,weighted,explore
109,WFG4,10,8,26,0.0597864768683274,0.0790035587188612,0.101398601398601,0.4,0.574305036277349,weighted,explore
109,WFG4,10,8,27,0.0313167259786477,0.0597864768683274,0.104895104895105,0.4,0.628130845017558,weighted,explore
109,WFG4,10,8,28,0.0462633451957295,0.0313167259786477,0.111888111888112,0.4,0.628616582413453,weighted,explore
109,WFG4,10,8,29,0.0099644128113879,0.0462633451957295,0.104895104895105,0.4,0.664999828965547,weighted,explore
109,WFG4,10,8,30,0.0263345195729537,0.0099644128113879,0.101398601398601,0.5,0.656072288339387,weighted,indicator
109,WFG4,10,8,31,0.0405693950177936,0.0263345195729537,0.101398601398601,0.5,0.647117714373913,weighted,indicator
109,WFG4,10,8,32,0.0206405693950178,0.0405693950177936,0.115384615384615,0.5,0.584141455237022,weighted,indicator
109,WFG4,10,8,33,0.0106761565836299,0.0206405693950178,0.118881118881119,0.4,0.593184762495385,weighted,explore
109,WFG4,10,8,34,0.0277580071174377,0.0106761565836299,0.108391608391608,0.4,0.637386556974412,weighted,explore
110,WFG4,10,9,1,0.0188888888888889,1,0.0559440559440559,0.5,0.326660733213838,curriculum,indicator
110,WFG4,10,9,2,0.0149466192170819,0.0188888888888889,0.0699300699300699,0.5,0.527238920762175,conservative,indicator
110,WFG4,10,9,3,0.00711743772241993,0.0149466192170819,0.0769230769230769,0.5,0.509202285194336,conservative,indicator
110,WFG4,10,9,4,0.0099644128113879,0.00711743772241993,0.0734265734265734,0.5,0.673859924436025,weighted,indicator
110,WFG4,10,9,5,0.00854092526690392,0.0099644128113879,0.0769230769230769,0.5,0.591329718411701,weighted,indicator
110,WFG4,10,9,6,0.0135231316725979,0.00854092526690392,0.0804195804195804,0.5,0.600427280223875,weighted,indicator
110,WFG4,10,9,7,0.0113879003558719,0.0135231316725979,0.0839160839160839,0.6,0.591439076915461,weighted,indicator
110,WFG4,10,9,8,0.0612099644128114,0.0113879003558719,0.0874125874125874,0.6,0.618846477290524,weighted,indicator
110,WFG4,10,9,9,0.0170818505338078,0.0612099644128114,0.0979020979020979,0.5,0.573231864237863,weighted,indicator
110,WFG4,10,9,10,0.0185053380782918,0.0170818505338078,0.0979020979020979,0.5,0.600545048571906,weighted,indicator
110,WFG4,10,9,11,0.0277580071174377,0.0185053380782918,0.104895104895105,0.5,0.564605608865955,weighted,indicator
110,WFG4,10,9,12,0.0469750889679715,0.0277580071174377,0.104895104895105,0.5,0.536722184517946,conservative,indicator
110,WFG4,10,9,13,0.0861209964412811,0.0469750889679715,0.108391608391608,0.5,0.635832435525387,weighted,indicator
110,WFG4,10,9,14,0.177935943060498,0.0861209964412811,0.108391608391608,0.5,0.682126621634216,weighted,indicator
110,WFG4,10,9,15,0.0149466192170819,0.177935943060498,0.115384615384615,0.5,0.48342002586166,conservative,indicator
110,WFG4,10,9,16,0.0697508896797153,0.0149466192170819,0.111888111888112,0.5,0.646447139555065,weighted,indicator
110,WFG4,10,9,17,0.0533807829181495,0.0697508896797153,0.115384615384615,0.5,0.537068390214377,conservative,indicator
110,WFG4,10,9,18,0.0512455516014235,0.0533807829181495,0.115384615384615,0.5,0.537099878388445,conservative,indicator
110,WFG4,10,9,19,0.275444839857651,0.0512455516014235,0.108391608391608,0.5,0.682845216266034,weighted,indicator
110,WFG4,10,9,20,0.00782918149466192,0.275444839857651,0.111888111888112,0.5,0.520327932608356,conservative,indicator
110,WFG4,10,9,21,0.0256227758007117,0.00782918149466192,0.108391608391608,0.6,0.492871387538382,conservative,indicator
110,WFG4,10,9,22,0.0548042704626335,0.0256227758007117,0.104895104895105,0.5,0.55550046223634,weighted,indicator
110,WFG4,10,9,23,0.0604982206405694,0.0548042704626335,0.0979020979020979,0.5,0.662609685805598,weighted,indicator
110,WFG4,10,9,24,0.133096085409253,0.0604982206405694,0.0909090909090909,0.5,0.626824453870285,weighted,indicator
110,WFG4,10,9,25,0.0199288256227758,0.133096085409253,0.0979020979020979,0.5,0.574109285181853,weighted,indicator
110,WFG4,10,9,26,0.0889679715302491,0.0199288256227758,0.0979020979020979,0.5,0.574106484473772,weighted,indicator
110,WFG4,10,9,27,0.0277580071174377,0.0889679715302491,0.0979020979020979,0.5,0.573890672954434,weighted,indicator
110,WFG4,10,9,28,0.0327402135231317,0.0277580071174377,0.104895104895105,0.5,0.663926714444881,weighted,indicator
110,WFG4,10,9,29,0.0419928825622776,0.0327402135231317,0.101398601398601,0.5,0.483653478150289,conservative,indicator
110,WFG4,10,9,30,0.0654804270462633,0.0419928825622776,0.104895104895105,0.5,0.466325340416189,conservative,indicator
110,WFG4,10,9,31,0.106049822064057,0.0654804270462633,0.104895104895105,0.5,0.646381093641906,weighted,indicator
110,WFG4,10,9,32,0.0455516014234875,0.106049822064057,0.104895104895105,0.5,0.484435050209755,conservative,indicator
110,WFG4,10,9,33,0.00569395017793594,0.0455516014234875,0.0979020979020979,0.6,0.457526629474862,conservative,indicator
110,WFG4,10,9,34,0.0498220640569395,0.00569395017793594,0.0944055944055944,0.6,0.484424840484009,conservative,indicator
111,WFG4,20,1,1,0.0222222222222222,1,0.0216450216450216,0.8,0.814770967084194,curriculum,indicator
111,WFG4,20,1,2,0.00640569395017794,0.0222222222222222,0.0303030303030303,0.75,0.814446974109573,weighted,indicator
111,WFG4,20,1,3,0.00640569395017794,0.00640569395017794,0.0346320346320346,0.75,0.777145582062654,weighted,indicator
111,WFG4,20,1,4,0.00284697508896797,0.00640569395017794,0.0476190476190476,0.75,0.738999387399425,weighted,indicator
111,WFG4,20,1,5,0.00711743772241993,0.00284697508896797,0.0476190476190476,0.75,0.72933968776911,weighted,indicator
111,WFG4,20,1,6,0.0120996441281139,0.00711743772241993,0.051948051948052,0.75,0.671801301675913,weighted,indicator
111,WFG4,20,1,7,0.00782918149466192,0.0120996441281139,0.0476190476190476,0.75,0.652612756973121,weighted,indicator
111,WFG4,20,1,8,0.0142348754448399,0.00782918149466192,0.0562770562770563,0.75,0.671690788807752,weighted,indicator
111,WFG4,20,1,9,0.00569395017793594,0.0142348754448399,0.0606060606060606,0.75,0.6717527090244,weighted,indicator
111,WFG4,20,1,10,0.0711743772241993,0.00569395017793594,0.051948051948052,0.75,0.719434781385374,weighted,indicator
111,WFG4,20,1,11,0.0804270462633452,0.0711743772241993,0.051948051948052,0.75,0.67182725259916,weighted,indicator
111,WFG4,20,1,12,0.0234875444839858,0.0804270462633452,0.0562770562770563,0.75,0.67183813939924,weighted,indicator
111,WFG4,20,1,13,0.0868327402135231,0.0234875444839858,0.0606060606060606,0.75,0.709793669141557,weighted,indicator
111,WFG4,20,1,14,0.0156583629893238,0.0868327402135231,0.0606060606060606,0.75,0.681167413354557,weighted,indicator
111,WFG4,20,1,15,0.0469750889679715,0.0156583629893238,0.0606060606060606,0.75,0.643022305810082,weighted,indicator
111,WFG4,20,1,16,0.0576512455516014,0.0469750889679715,0.0649350649350649,0.7,0.671654732544534,weighted,indicator
111,WFG4,20,1,17,0.0498220640569395,0.0576512455516014,0.0649350649350649,0.7,0.681092830852036,weighted,indicator
111,WFG4,20,1,18,0.0939501779359431,0.0498220640569395,0.0606060606060606,0.75,0.642943537724526,weighted,indicator
111,WFG4,20,1,19,0.0348754448398577,0.0939501779359431,0.051948051948052,0.75,0.680986943061238,weighted,indicator
111,WFG4,20,1,20,0.0170818505338078,0.0348754448398577,0.051948051948052,0.75,0.661830280966923,weighted,indicator
111,WFG4,20,1,21,0.00782918149466192,0.0170818505338078,0.051948051948052,0.75,0.652542451275777,weighted,indicator
111,WFG4,20,1,22,0.0320284697508897,0.00782918149466192,0.051948051948052,0.75,0.643010271164462,weighted,indicator
111,WFG4,20,1,23,0.00284697508896797,0.0320284697508897,0.051948051948052,0.75,0.652433656643754,weighted,indicator
111,WFG4,20,1,24,0.0626334519572954,0.00284697508896797,0.0562770562770563,0.7,0.604859302459185,weighted,indicator
111,WFG4,20,1,25,0.0156583629893238,0.0626334519572954,0.0606060606060606,0.7,0.63316409082107,weighted,indicator
111,WFG4,20,1,26,0.0277580071174377,0.0156583629893238,0.0735930735930736,0.7,0.547735589693557,conservative,indicator
111,WFG4,20,1,27,0.0405693950177936,0.0277580071174377,0.0822510822510823,0.7,0.547440008479301,conservative,indicator
111,WFG4,20,1,28,0.223487544483986,0.0405693950177936,0.0779220779220779,0.65,0.557159559533914,weighted,indicator
111,WFG4,20,1,29,0.112455516014235,0.223487544483986,0.0779220779220779,0.65,0.55721160885512,weighted,indicator
111,WFG4,20,1,30,0.175800711743772,0.112455516014235,0.0822510822510823,0.65,0.576468017048832,weighted,indicator
111,WFG4,20,1,31,0.0391459074733096,0.175800711743772,0.0865800865800866,0.65,0.58579589445449,weighted,indicator
111,WFG4,20,1,32,0.21779359430605,0.0391459074733096,0.0692640692640693,0.65,0.547998375920049,conservative,indicator
111,WFG4,20,1,33,0.0804270462633452,0.21779359430605,0.0779220779220779,0.65,0.586013527207565,weighted,indicator
111,WFG4,20,1,34,0.117437722419929,0.0804270462633452,0.0779220779220779,0.65,0.576507428019404,weighted,indicator
112,WFG4,20,10,1,0.00777777777777778,1,0.0216450216450216,0.75,0.309325266807318,curriculum,indicator
112,WFG4,20,10,2,0.00640569395017794,0.00777777777777778,0.025974025974026,0.75,0.815246969004598,weighted,indicator
112,WFG4,20,10,3,0.0199288256227758,0.00640569395017794,0.0216450216450216,0.75,0.786685210640847,weighted,indicator
112,WFG4,20,10,4,0.00782918149466192,0.0199288256227758,0.025974025974026,0.75,0.796106926491638,weighted,indicator
112,WFG4,20,10,5,0.113167259786477,0.00782918149466192,0.0346320346320346,0.75,0.786434430601755,weighted,indicator
112,WFG4,20,10,6,0.111743772241993,0.113167259786477,0.025974025974026,0.75,0.786400559659727,weighted,indicator
112,WFG4,20,10,7,0.0177935943060498,0.111743772241993,0.038961038961039,0.75,0.748225227586174,weighted,indicator
112,WFG4,20,10,8,0.0298932384341637,0.0177935943060498,0.0562770562770563,0.75,0.690988129773726,weighted,indicator
112,WFG4,20,10,9,0.129537366548043,0.0298932384341637,0.0562770562770563,0.7,0.624292127731361,weighted,indicator
112,WFG4,20,10,10,0.197864768683274,0.129537366548043,0.0649350649350649,0.7,0.605284127354529,weighted,indicator
112,WFG4,20,10,11,0.0733096085409253,0.197864768683274,0.0649350649350649,0.7,0.633858873506487,weighted,indicator
112,WFG4,20,10,12,0.186476868327402,0.0733096085409253,0.0649350649350649,0.7,0.662447482301481,weighted,indicator
112,WFG4,20,10,13,0.0227758007117438,0.186476868327402,0.0692640692640693,0.7,0.624273999060184,weighted,indicator
112,WFG4,20,10,14,0.0355871886120996,0.0227758007117438,0.0779220779220779,0.7,0.538522481683176,conservative,indicator
112,WFG4,20,10,15,0.128825622775801,0.0355871886120996,0.051948051948052,0.7,0.614471331678697,weighted,indicator
112,WFG4,20,10,16,0.503202846975089,0.128825622775801,0.0606060606060606,0.7,0.604968452095873,weighted,conservative
112,WFG4,20,10,17,0.0488888888888889,0.503202846975089,0.0606060606060606,0.7,0.595472682098061,curriculum,indicator
112,WFG4,20,10,18,0.0405693950177936,0.0488888888888889,0.0606060606060606,0.7,0.614482758821251,weighted,indicator
112,WFG4,20,10,19,0.094661921708185,0.0405693950177936,0.0606060606060606,0.7,0.595393787263454,weighted,indicator
112,WFG4,20,10,20,0.0747330960854092,0.094661921708185,0.0562770562770563,0.65,0.576576034241805,weighted,indicator
112,WFG4,20,10,21,0.16797153024911,0.0747330960854092,0.0562770562770563,0.65,0.576569577866496,weighted,indicator
112,WFG4,20,10,22,0.0590747330960854,0.16797153024911,0.0562770562770563,0.7,0.586038185468367,weighted,indicator
112,WFG4,20,10,23,0.106761565836299,0.0590747330960854,0.0649350649350649,0.7,0.586093729595462,weighted,indicator
112,WFG4,20,10,24,0.125266903914591,0.106761565836299,0.0735930735930736,0.65,0.604933710497648,weighted,indicator
112,WFG4,20,10,25,0.095373665480427,0.125266903914591,0.0735930735930736,0.65,0.623916422815357,weighted,indicator
112,WFG4,20,10,26,0.0142348754448399,0.095373665480427,0.0692640692640693,0.65,0.53834959244153,conservative,indicator
112,WFG4,20,10,27,0.0469750889679715,0.0142348754448399,0.0562770562770563,0.65,0.576086402293095,weighted,indicator
112,WFG4,20,10,28,0.0647686832740214,0.0469750889679715,0.0606060606060606,0.65,0.632841750085858,weighted,indicator
112,WFG4,20,10,29,0.0811387900355872,0.0647686832740214,0.0649350649350649,0.65,0.661326853130375,weighted,indicator
112,WFG4,20,10,30,0.0327402135231317,0.0811387900355872,0.0606060606060606,0.65,0.661388443675809,weighted,indicator
112,WFG4,20,10,31,0.110320284697509,0.0327402135231317,0.0606060606060606,0.65,0.585802306714964,weighted,indicator
112,WFG4,20,10,32,0.187900355871886,0.110320284697509,0.0562770562770563,0.65,0.576269944703164,weighted,indicator
112,WFG4,20,10,33,0.0156583629893238,0.187900355871886,0.0606060606060606,0.65,0.557347302271738,weighted,indicator
112,WFG4,20,10,34,0.334519572953737,0.0156583629893238,0.0606060606060606,0.65,0.633061805656696,weighted,indicator
113,WFG4,20,2,1,0.0422222222222222,1,0.012987012987013,0.8,0.308305494465195,curriculum,indicator
113,WFG4,20,2,2,0.0142348754448399,0.0422222222222222,0.012987012987013,0.8,0.795725847669033,weighted,indicator
113,WFG4,20,2,3,0.00498220640569395,0.0142348754448399,0.012987012987013,0.75,0.67193759918482,weighted,indicator
113,WFG4,20,2,4,0.0128113879003559,0.00498220640569395,0.0216450216450216,0.75,0.691187431866012,weighted,indicator
113,WFG4,20,2,5,0.0256227758007117,0.0128113879003559,0.0216450216450216,0.75,0.681562457164343,weighted,indicator
113,WFG4,20,2,6,0.0306049822064057,0.0256227758007117,0.0173160173160173,0.75,0.690969800389374,weighted,indicator
113,WFG4,20,2,7,0.00711743772241993,0.0306049822064057,0.0173160173160173,0.75,0.681396861153989,weighted,indicator
113,WFG4,20,2,8,0.0476868327402135,0.00711743772241993,0.0173160173160173,0.75,0.681296046142728,weighted,indicator
113,WFG4,20,2,9,0.0163701067615658,0.0476868327402135,0.0173160173160173,0.7,0.652607869508033,weighted,indicator
113,WFG4,20,2,10,0.155160142348754,0.0163701067615658,0.0173160173160173,0.7,0.576516812686884,weighted,indicator
113,WFG4,20,2,11,0.0419928825622776,0.155160142348754,0.0173160173160173,0.7,0.567036999237713,weighted,indicator
113,WFG4,20,2,12,0.0256227758007117,0.0419928825622776,0.0303030303030303,0.7,0.60496308895225,weighted,indicator
113,WFG4,20,2,13,0.0398576512455516,0.0256227758007117,0.0346320346320346,0.7,0.585989789373866,weighted,indicator
113,WFG4,20,2,14,0.106049822064057,0.0398576512455516,0.0303030303030303,0.7,0.662234196157989,weighted,indicator
113,WFG4,20,2,15,0.0455516014234875,0.106049822064057,0.0303030303030303,0.65,0.586058080348514,weighted,indicator
113,WFG4,20,2,16,0.0142348754448399,0.0455516014234875,0.038961038961039,0.65,0.604950573353671,weighted,indicator
113,WFG4,20,2,17,0.0284697508896797,0.0142348754448399,0.038961038961039,0.65,0.642973129448419,weighted,indicator
113,WFG4,20,2,18,0.0163701067615658,0.0284697508896797,0.038961038961039,0.65,0.623971785797139,weighted,indicator
113,WFG4,20,2,19,0.0427046263345196,0.0163701067615658,0.038961038961039,0.65,0.643008696784009,weighted,indicator
113,WFG4,20,2,20,0.335943060498221,0.0427046263345196,0.038961038961039,0.65,0.642996803061062,weighted,indicator
113,WFG4,20,2,21,0.00782918149466192,0.335943060498221,0.038961038961039,0.65,0.623993743035411,weighted,indicator
113,WFG4,20,2,22,0.0526690391459075,0.00782918149466192,0.038961038961039,0.7,0.576435478889638,weighted,indicator
113,WFG4,20,2,23,0.0562277580071174,0.0526690391459075,0.0432900432900433,0.65,0.557360119643609,weighted,indicator
113,WFG4,20,2,24,0.0512455516014235,0.0562277580071174,0.0432900432900433,0.65,0.58590857131169,weighted,indicator
113,WFG4,20,2,25,0.119572953736655,0.0512455516014235,0.0476190476190476,0.65,0.614400587023201,weighted,indicator
113,WFG4,20,2,26,0.0604982206405694,0.119572953736655,0.0476190476190476,0.65,0.63341519232465,weighted,indicator
113,WFG4,20,2,27,0.103914590747331,0.0604982206405694,0.0476190476190476,0.65,0.623940380400317,weighted,indicator
113,WFG4,20,2,28,0.0149466192170819,0.103914590747331,0.051948051948052,0.65,0.623949274369411,weighted,indicator
113,WFG4,20,2,29,0.138078291814947,0.0149466192170819,0.0562770562770563,0.65,0.62374843099557,weighted,indicator
113,WFG4,20,2,30,0.344483985765125,0.138078291814947,0.0562770562770563,0.65,0.652232015224813,weighted,indicator
113,WFG4,20,2,31,0.477580071174377,0.344483985765125,0.0476190476190476,0.65,0.557102011676092,weighted,conservative
113,WFG4,20,2,32,0.0422222222222222,0.477580071174377,0.0476190476190476,0.65,0.547646204049341,curriculum,indicator
113,WFG4,20,2,33,0.0291814946619217,0.0422222222222222,0.0476190476190476,0.65,0.53819534902429,conservative,indicator
113,WFG4,20,2,34,0.123843416370107,0.0291814946619217,0.0476190476190476,0.65,0.557591399065436,weighted,indicator
114,WFG4,20,3,1,0.0122222222222222,1,0.0216450216450216,0.75,0.833919741502191,curriculum,indicator
114,WFG4,20,3,2,0.00711743772241993,0.0122222222222222,0.0216450216450216,0.75,0.805238100542268,weighted,indicator
114,WFG4,20,3,3,0.00427046263345196,0.00711743772241993,0.0216450216450216,0.75,0.720281243881617,weighted,indicator
114,WFG4,20,3,4,0.00925266903914591,0.00427046263345196,0.0216450216450216,0.75,0.691671545574029,weighted,indicator
114,WFG4,20,3,5,0.0135231316725979,0.00925266903914591,0.0346320346320346,0.75,0.653264212238569,weighted,indicator
114,WFG4,20,3,6,0.0142348754448399,0.0135231316725979,0.0346320346320346,0.75,0.662868683576293,weighted,indicator
114,WFG4,20,3,7,0.00640569395017794,0.0142348754448399,0.0346320346320346,0.75,0.691578160476733,weighted,indicator
114,WFG4,20,3,8,0.0185053380782918,0.00640569395017794,0.0346320346320346,0.75,0.672406284758069,weighted,indicator
114,WFG4,20,3,9,0.00782918149466192,0.0185053380782918,0.0346320346320346,0.7,0.615120428672467,weighted,indicator
114,WFG4,20,3,10,0.0156583629893238,0.00782918149466192,0.0346320346320346,0.7,0.596033404328077,weighted,indicator
114,WFG4,20,3,11,0.0106761565836299,0.0156583629893238,0.0346320346320346,0.7,0.596045408929517,weighted,indicator
114,WFG4,20,3,12,0.0120996441281139,0.0106761565836299,0.038961038961039,0.7,0.624308043094788,weighted,indicator
114,WFG4,20,3,13,0.0291814946619217,0.0120996441281139,0.038961038961039,0.7,0.586037390400667,weighted,indicator
114,WFG4,20,3,14,0.0505338078291815,0.0291814946619217,0.0476190476190476,0.7,0.595508142225556,weighted,indicator
114,WFG4,20,3,15,0.0220640569395018,0.0505338078291815,0.051948051948052,0.7,0.557463638987888,weighted,indicator
114,WFG4,20,3,16,0.271174377224199,0.0220640569395018,0.051948051948052,0.7,0.557566027061611,weighted,indicator
114,WFG4,20,3,17,0.0576512455516014,0.271174377224199,0.038961038961039,0.7,0.595385280289829,weighted,indicator
114,WFG4,20,3,18,0.138790035587189,0.0576512455516014,0.038961038961039,0.7,0.614443062109364,weighted,indicator
114,WFG4,20,3,19,0.254092526690391,0.138790035587189,0.0346320346320346,0.7,0.624028735959971,weighted,indicator
114,WFG4,20,3,20,0.218505338078292,0.254092526690391,0.0346320346320346,0.7,0.642992451080632,weighted,indicator
114,WFG4,20,3,21,0.0903914590747331,0.218505338078292,0.038961038961039,0.65,0.585924797115409,weighted,indicator
114,WFG4,20,3,22,0.19644128113879,0.0903914590747331,0.038961038961039,0.7,0.566893041093173,weighted,indicator
114,WFG4,20,3,23,0.0619217081850534,0.19644128113879,0.0432900432900433,0.7,0.547822916165416,conservative,indicator
114,WFG4,20,3,24,0.107473309608541,0.0619217081850534,0.038961038961039,0.7,0.547630424402189,conservative,indicator
114,WFG4,20,3,25,0.167259786476868,0.107473309608541,0.0432900432900433,0.7,0.566682652322389,weighted,indicator
114,WFG4,20,3,26,0.104626334519573,0.167259786476868,0.0562770562770563,0.7,0.576103230298048,weighted,indicator
114,WFG4,20,3,27,0.153024911032028,0.104626334519573,0.051948051948052,0.7,0.576128994387327,weighted,indicator
114,WFG4,20,3,28,0.140925266903915,0.153024911032028,0.0562770562770563,0.7,0.566742925574669,weighted,indicator
114,WFG4,20,3,29,0.150889679715302,0.140925266903915,0.0562770562770563,0.7,0.576311245652115,weighted,indicator
114,WFG4,20,3,30,0.0476868327402135,0.150889679715302,0.0606060606060606,0.7,0.547534452433398,conservative,indicator
114,WFG4,20,3,31,0.0483985765124555,0.0476868327402135,0.0606060606060606,0.7,0.528523703777893,conservative,indicator
114,WFG4,20,3,32,0.0839857651245552,0.0483985765124555,0.0649350649350649,0.7,0.690281089130563,weighted,indicator
114,WFG4,20,3,33,0.387900355871886,0.0839857651245552,0.0649350649350649,0.7,0.680773964845739,weighted,conservative
114,WFG4,20,3,34,0.137777777777778,0.387900355871886,0.0649350649350649,0.65,0.661830536441176,curriculum,indicator
115,WFG4,20,4,1,0.00888888888888889,1,0.0303030303030303,0.75,0.748036047357265,curriculum,indicator
115,WFG4,20,4,2,0.0142348754448399,0.00888888888888889,0.0303030303030303,0.75,0.738574151885974,weighted,indicator
115,WFG4,20,4,3,0.00640569395017794,0.0142348754448399,0.025974025974026,0.75,0.805682317989368,weighted,indicator
115,WFG4,20,4,4,0.00782918149466192,0.00640569395017794,0.0303030303030303,0.75,0.691003425320858,weighted,indicator
115,WFG4,20,4,5,0.00427046263345196,0.00782918149466192,0.0303030303030303,0.7,0.748208088788655,weighted,indicator
115,WFG4,20,4,6,0.0277580071174377,0.00427046263345196,0.0303030303030303,0.7,0.748195749509419,weighted,indicator
115,WFG4,20,4,7,0.0099644128113879,0.0277580071174377,0.0346320346320346,0.7,0.729079966693612,weighted,indicator
115,WFG4,20,4,8,0.0370106761565836,0.0099644128113879,0.038961038961039,0.7,0.757672856323572,weighted,indicator
115,WFG4,20,4,9,0.0234875444839858,0.0370106761565836,0.0432900432900433,0.75,0.729109739392645,weighted,indicator
115,WFG4,20,4,10,0.0142348754448399,0.0234875444839858,0.038961038961039,0.75,0.738543700703065,weighted,indicator
115,WFG4,20,4,11,0.0370106761565836,0.0142348754448399,0.0476190476190476,0.75,0.7575969883005,weighted,indicator
115,WFG4,20,4,12,0.0128113879003559,0.0370106761565836,0.0476190476190476,0.75,0.614385937420273,weighted,indicator
115,WFG4,20,4,13,0.00854092526690392,0.0128113879003559,0.051948051948052,0.7,0.681054116870077,weighted,indicator
115,WFG4,20,4,14,0.00854092526690392,0.00854092526690392,0.051948051948052,0.7,0.681035528916204,weighted,indicator
115,WFG4,20,4,15,0.00498220640569395,0.00854092526690392,0.051948051948052,0.7,0.690617846648284,weighted,indicator
115,WFG4,20,4,16,0.0128113879003559,0.00498220640569395,0.0562770562770563,0.7,0.661964022206625,weighted,indicator
115,WFG4,20,4,17,0.0441281138790036,0.0128113879003559,0.051948051948052,0.7,0.652135968912892,weighted,indicator
115,WFG4,20,4,18,0.0156583629893238,0.0441281138790036,0.0476190476190476,0.7,0.680792235132889,weighted,indicator
115,WFG4,20,4,19,0.0412811387900356,0.0156583629893238,0.0476190476190476,0.7,0.65225946490176,weighted,indicator
115,WFG4,20,4,20,0.172241992882562,0.0412811387900356,0.051948051948052,0.7,0.661692667063176,weighted,indicator
115,WFG4,20,4,21,0.00711743772241993,0.172241992882562,0.0432900432900433,0.75,0.661723160348074,weighted,indicator
115,WFG4,20,4,22,0.204270462633452,0.00711743772241993,0.0476190476190476,0.75,0.661663184245673,weighted,indicator
115,WFG4,20,4,23,0.0725978647686833,0.204270462633452,0.0476190476190476,0.75,0.661732588359021,weighted,indicator
115,WFG4,20,4,24,0.0334519572953737,0.0725978647686833,0.0606060606060606,0.7,0.652290420194501,weighted,indicator
115,WFG4,20,4,25,0.0647686832740214,0.0334519572953737,0.0562770562770563,0.7,0.547884168469863,conservative,indicator
115,WFG4,20,4,26,0.0569395017793594,0.0647686832740214,0.051948051948052,0.7,0.585857838458927,weighted,indicator
115,WFG4,20,4,27,0.0348754448398577,0.0569395017793594,0.051948051948052,0.7,0.614189765206679,weighted,indicator
115,WFG4,20,4,28,0.0462633451957295,0.0348754448398577,0.0476190476190476,0.7,0.671086457767021,weighted,indicator
115,WFG4,20,4,29,0.119572953736655,0.0462633451957295,0.0476190476190476,0.7,0.623567263926128,weighted,indicator
115,WFG4,20,4,30,0.150177935943061,0.119572953736655,0.051948051948052,0.7,0.614133144316252,weighted,indicator
115,WFG4,20,4,31,0.264768683274021,0.150177935943061,0.0562770562770563,0.7,0.652033375421378,weighted,indicator
115,WFG4,20,4,32,0.179359430604982,0.264768683274021,0.0562770562770563,0.7,0.623692048983928,weighted,indicator
115,WFG4,20,4,33,0.119572953736655,0.179359430604982,0.0562770562770563,0.7,0.604722179508035,weighted,indicator
115,WFG4,20,4,34,0.135231316725979,0.119572953736655,0.0649350649350649,0.7,0.605046986974987,weighted,indicator
116,WFG4,20,5,1,0.0122222222222222,1,0.025974025974026,0.75,0.719849444058495,curriculum,indicator
116,WFG4,20,5,2,0.0483985765124555,0.0122222222222222,0.0303030303030303,0.75,0.738641301998408,weighted,indicator
116,WFG4,20,5,3,0.0149466192170819,0.0483985765124555,0.025974025974026,0.75,0.700446719917989,weighted,indicator
116,WFG4,20,5,4,0.0156583629893238,0.0149466192170819,0.025974025974026,0.75,0.719660797062815,weighted,indicator
116,WFG4,20,5,5,0.0227758007117438,0.0156583629893238,0.025974025974026,0.75,0.700537977055855,weighted,indicator
116,WFG4,20,5,6,0.00569395017793594,0.0227758007117438,0.025974025974026,0.75,0.662021478617379,weighted,indicator
116,WFG4,20,5,7,0.00427046263345196,0.00569395017793594,0.025974025974026,0.75,0.662495261935422,weighted,indicator
116,WFG4,20,5,8,0.0604982206405694,0.00427046263345196,0.025974025974026,0.75,0.604070309562232,weighted,indicator
116,WFG4,20,5,9,0.0412811387900356,0.0604982206405694,0.0303030303030303,0.7,0.575072014743662,weighted,indicator
116,WFG4,20,5,10,0.0163701067615658,0.0412811387900356,0.0303030303030303,0.7,0.594684143812913,weighted,indicator
116,WFG4,20,5,11,0.0362989323843416,0.0163701067615658,0.0303030303030303,0.7,0.57620297953177,weighted,indicator
116,WFG4,20,5,12,0.0298932384341637,0.0362989323843416,0.0303030303030303,0.7,0.57621530203375,weighted,indicator
116,WFG4,20,5,13,0.098932384341637,0.0298932384341637,0.0303030303030303,0.7,0.604967608663123,weighted,indicator
116,WFG4,20,5,14,0.0654804270462633,0.098932384341637,0.0303030303030303,0.7,0.585867937548762,weighted,indicator
116,WFG4,20,5,15,0.0505338078291815,0.0654804270462633,0.0346320346320346,0.7,0.604924954497724,weighted,indicator
116,WFG4,20,5,16,0.0256227758007117,0.0505338078291815,0.038961038961039,0.7,0.624101700377386,weighted,indicator
116,WFG4,20,5,17,0.20711743772242,0.0256227758007117,0.0432900432900433,0.7,0.633538422926189,weighted,indicator
116,WFG4,20,5,18,0.0782918149466192,0.20711743772242,0.0432900432900433,0.7,0.585916629481585,weighted,indicator
116,WFG4,20,5,19,0.0505338078291815,0.0782918149466192,0.0562770562770563,0.7,0.643090847144866,weighted,indicator
116,WFG4,20,5,20,0.117437722419929,0.0505338078291815,0.0649350649350649,0.7,0.690737003701403,weighted,indicator
116,WFG4,20,5,21,0.19644128113879,0.117437722419929,0.0649350649350649,0.7,0.605107887670225,weighted,indicator
116,WFG4,20,5,22,0.0234875444839858,0.19644128113879,0.0346320346320346,0.7,0.519061041137872,conservative,indicator
116,WFG4,20,5,23,0.0298932384341637,0.0234875444839858,0.0346320346320346,0.7,0.566769144022844,weighted,indicator
116,WFG4,20,5,24,0.102491103202847,0.0298932384341637,0.0476190476190476,0.7,0.595593209293318,weighted,indicator
116,WFG4,20,5,25,0.0384341637010676,0.102491103202847,0.0432900432900433,0.7,0.538172876930767,conservative,indicator
116,WFG4,20,5,26,0.0697508896797153,0.0384341637010676,0.0432900432900433,0.7,0.528796701820166,conservative,indicator
116,WFG4,20,5,27,0.0306049822064057,0.0697508896797153,0.0476190476190476,0.7,0.528899861550022,conservative,indicator
116,WFG4,20,5,28,0.0740213523131673,0.0306049822064057,0.051948051948052,0.7,0.557484205029492,weighted,indicator
116,WFG4,20,5,29,0.0298932384341637,0.0740213523131673,0.051948051948052,0.7,0.538470228753679,conservative,indicator
116,WFG4,20,5,30,0.129537366548043,0.0298932384341637,0.0562770562770563,0.7,0.557558892105293,weighted,indicator
116,WFG4,20,5,31,0.258362989323843,0.129537366548043,0.0606060606060606,0.7,0.509999829147519,conservative,indicator
116,WFG4,20,5,32,0.0526690391459075,0.258362989323843,0.051948051948052,0.7,0.690034054655843,weighted,indicator
116,WFG4,20,5,33,0.418505338078292,0.0526690391459075,0.0606060606060606,0.7,0.604668599943588,weighted,conservative
116,WFG4,20,5,34,0.0544444444444444,0.418505338078292,0.0606060606060606,0.7,0.633203694047181,curriculum,indicator
117,WFG4,20,6,1,0.00333333333333333,1,0.038961038961039,0.8,0.78673904591395,curriculum,indicator
117,WFG4,20,6,2,0.00925266903914591,0.00333333333333333,0.038961038961039,0.75,0.710279428183561,weighted,indicator
117,WFG4,20,6,3,0.00569395017793594,0.00925266903914591,0.0346320346320346,0.75,0.72937854594579,weighted,indicator
117,WFG4,20,6,4,0.00355871886120996,0.00569395017793594,0.0432900432900433,0.75,0.691171901525678,weighted,indicator
117,WFG4,20,6,5,0.00498220640569395,0.00355871886120996,0.0303030303030303,0.75,0.691260175424173,weighted,indicator
117,WFG4,20,6,6,0.0334519572953737,0.00498220640569395,0.0346320346320346,0.75,0.681678567041787,weighted,indicator
117,WFG4,20,6,7,0.00569395017793594,0.0334519572953737,0.038961038961039,0.75,0.710244476309796,weighted,indicator
117,WFG4,20,6,8,0.0106761565836299,0.00569395017793594,0.038961038961039,0.75,0.662428436747314,weighted,indicator
117,WFG4,20,6,9,0.0156583629893238,0.0106761565836299,0.025974025974026,0.75,0.624274681657606,weighted,indicator
117,WFG4,20,6,10,0.0882562277580071,0.0156583629893238,0.0303030303030303,0.75,0.614746962120724,weighted,indicator
117,WFG4,20,6,11,0.00711743772241993,0.0882562277580071,0.038961038961039,0.75,0.700550798829421,weighted,indicator
117,WFG4,20,6,12,0.176512455516014,0.00711743772241993,0.0303030303030303,0.75,0.662295838360511,weighted,indicator
117,WFG4,20,6,13,0.0761565836298932,0.176512455516014,0.0303030303030303,0.75,0.652678227453532,weighted,indicator
117,WFG4,20,6,14,0.0818505338078292,0.0761565836298932,0.0432900432900433,0.7,0.729054130012949,weighted,indicator
117,WFG4,20,6,15,0.0142348754448399,0.0818505338078292,0.038961038961039,0.7,0.729049586776027,weighted,indicator
117,WFG4,20,6,16,0.145195729537367,0.0142348754448399,0.038961038961039,0.75,0.643195477426942,weighted,indicator
117,WFG4,20,6,17,0.0718861209964413,0.145195729537367,0.0346320346320346,0.75,0.633594723655631,weighted,indicator
117,WFG4,20,6,18,0.0583629893238434,0.0718861209964413,0.0346320346320346,0.7,0.643128811989321,weighted,indicator
117,WFG4,20,6,19,0.182918149466192,0.0583629893238434,0.0346320346320346,0.7,0.643111192747852,weighted,indicator
117,WFG4,20,6,20,0.0925266903914591,0.182918149466192,0.0346320346320346,0.7,0.633708657197895,weighted,indicator
117,WFG4,20,6,21,0.0533807829181495,0.0925266903914591,0.051948051948052,0.7,0.623935406728586,weighted,indicator
117,WFG4,20,6,22,0.0761565836298932,0.0533807829181495,0.038961038961039,0.7,0.623951004483032,weighted,indicator
117,WFG4,20,6,23,0.0469750889679715,0.0761565836298932,0.0476190476190476,0.7,0.652473727846221,weighted,indicator
117,WFG4,20,6,24,0.199288256227758,0.0469750889679715,0.0562770562770563,0.7,0.57636840479251,weighted,indicator
117,WFG4,20,6,25,0.0498220640569395,0.199288256227758,0.0606060606060606,0.7,0.585722924639717,weighted,indicator
117,WFG4,20,6,26,0.264056939501779,0.0498220640569395,0.0692640692640693,0.7,0.595296640969252,weighted,indicator
117,WFG4,20,6,27,0.0448398576512456,0.264056939501779,0.0649350649350649,0.7,0.585755038928854,weighted,indicator
117,WFG4,20,6,28,0.23914590747331,0.0448398576512456,0.0649350649350649,0.7,0.604846613492712,weighted,indicator
117,WFG4,20,6,29,0.143060498220641,0.23914590747331,0.0649350649350649,0.7,0.566775007418037,weighted,indicator
117,WFG4,20,6,30,0.172241992882562,0.143060498220641,0.0606060606060606,0.7,0.557266989057672,weighted,indicator
117,WFG4,20,6,31,0.0313167259786477,0.172241992882562,0.0606060606060606,0.7,0.547849616157428,conservative,indicator
117,WFG4,20,6,32,0.307473309608541,0.0313167259786477,0.0606060606060606,0.7,0.604908445047115,weighted,indicator
117,WFG4,20,6,33,0.180782918149466,0.307473309608541,0.0692640692640693,0.7,0.538229868675558,conservative,indicator
117,WFG4,20,6,34,0.212099644128114,0.180782918149466,0.0735930735930736,0.7,0.557264199819561,weighted,indicator
118,WFG4,20,7,1,0.0111111111111111,1,0.0346320346320346,0.75,0.796006009251639,curriculum,indicator
118,WFG4,20,7,2,0.00711743772241993,0.0111111111111111,0.038961038961039,0.75,0.77710544050982,weighted,indicator
118,WFG4,20,7,3,0.00569395017793594,0.00711743772241993,0.038961038961039,0.75,0.757944146339569,weighted,indicator
118,WFG4,20,7,4,0.00355871886120996,0.00569395017793594,0.0346320346320346,0.75,0.786396266854584,weighted,indicator
118,WFG4,20,7,5,0.0113879003558719,0.00355871886120996,0.0303030303030303,0.75,0.681214276647962,weighted,indicator
118,WFG4,20,7,6,0.0206405693950178,0.0113879003558719,0.0476190476190476,0.7,0.690871861542357,weighted,indicator
118,WFG4,20,7,7,0.00355871886120996,0.0206405693950178,0.0476190476190476,0.7,0.662275337328485,weighted,indicator
118,WFG4,20,7,8,0.00569395017793594,0.00355871886120996,0.0476190476190476,0.7,0.671836637201917,weighted,indicator
118,WFG4,20,7,9,0.0142348754448399,0.00569395017793594,0.038961038961039,0.7,0.69071004548205,weighted,indicator
118,WFG4,20,7,10,0.00782918149466192,0.0142348754448399,0.038961038961039,0.7,0.690740007653684,weighted,indicator
118,WFG4,20,7,11,0.0128113879003559,0.00782918149466192,0.0432900432900433,0.65,0.633639970390818,weighted,indicator
118,WFG4,20,7,12,0.00498220640569395,0.0128113879003559,0.051948051948052,0.65,0.690470804687541,weighted,indicator
118,WFG4,20,7,13,0.0241992882562278,0.00498220640569395,0.051948051948052,0.65,0.728654994730013,weighted,indicator
118,WFG4,20,7,14,0.0533807829181495,0.0241992882562278,0.051948051948052,0.65,0.700124183914917,weighted,indicator
118,WFG4,20,7,15,0.0384341637010676,0.0533807829181495,0.0606060606060606,0.65,0.652280227493993,weighted,indicator
118,WFG4,20,7,16,0.211387900355872,0.0384341637010676,0.0649350649350649,0.65,0.680836685705916,weighted,indicator
118,WFG4,20,7,17,0.244839857651246,0.211387900355872,0.0692640692640693,0.65,0.614412425200173,weighted,indicator
118,WFG4,20,7,18,0.151601423487544,0.244839857651246,0.0735930735930736,0.65,0.671334992078565,weighted,indicator
118,WFG4,20,7,19,0.183629893238434,0.151601423487544,0.0735930735930736,0.65,0.718672610213844,weighted,indicator
118,WFG4,20,7,20,0.123843416370107,0.183629893238434,0.0735930735930736,0.65,0.652187223836836,weighted,indicator
118,WFG4,20,7,21,0.327402135231317,0.123843416370107,0.0735930735930736,0.65,0.661749356120751,weighted,indicator
118,WFG4,20,7,22,0.390747330960854,0.327402135231317,0.0692640692640693,0.65,0.642749833192254,weighted,conservative
118,WFG4,20,7,23,0.112222222222222,0.390747330960854,0.0735930735930736,0.65,0.642749154874752,curriculum,indicator
118,WFG4,20,7,24,0.0818505338078292,0.112222222222222,0.0606060606060606,0.65,0.642598051468527,weighted,indicator
118,WFG4,20,7,25,0.419217081850534,0.0818505338078292,0.0692640692640693,0.65,0.63329472455383,weighted,conservative
118,WFG4,20,7,26,0.181111111111111,0.419217081850534,0.0649350649350649,0.65,0.61422975493685,curriculum,indicator
118,WFG4,20,7,27,0.577224199288256,0.181111111111111,0.0692640692640693,0.65,0.576302476992572,weighted,conservative
118,WFG4,20,7,28,0.133333333333333,0.577224199288256,0.0692640692640693,0.65,0.585813709331857,curriculum,indicator
118,WFG4,20,7,29,0.170818505338078,0.133333333333333,0.0562770562770563,0.65,0.594916736509791,weighted,indicator
118,WFG4,20,7,30,0.0348754448398577,0.170818505338078,0.0649350649350649,0.65,0.557000955936965,weighted,indicator
118,WFG4,20,7,31,0.511032028469751,0.0348754448398577,0.0649350649350649,0.65,0.575976202567971,weighted,conservative
118,WFG4,20,7,32,0.0544444444444444,0.511032028469751,0.0649350649350649,0.6,0.566504738938759,curriculum,indicator
118,WFG4,20,7,33,0.308896797153025,0.0544444444444444,0.0606060606060606,0.6,0.594857745764111,weighted,indicator
118,WFG4,20,7,34,0.415658362989324,0.308896797153025,0.0606060606060606,0.65,0.642535765050856,weighted,conservative
118,WFG4,20,7,35,0.31,0.415658362989324,0.0606060606060606,0.65,0.613807369396862,curriculum,indicator
119,WFG4,20,8,1,0.0133333333333333,1,0.0346320346320346,0.8,0.805002963437558,curriculum,indicator
119,WFG4,20,8,2,0.0099644128113879,0.0133333333333333,0.0432900432900433,0.75,0.814668842706693,weighted,indicator
119,WFG4,20,8,3,0.0120996441281139,0.0099644128113879,0.0346320346320346,0.75,0.757782375924695,weighted,indicator
119,WFG4,20,8,4,0.00284697508896797,0.0120996441281139,0.0346320346320346,0.75,0.738606004960375,weighted,indicator
119,WFG4,20,8,5,0.00498220640569395,0.00284697508896797,0.025974025974026,0.7,0.748086290524198,weighted,indicator
119,WFG4,20,8,6,0.0135231316725979,0.00498220640569395,0.025974025974026,0.75,0.700424888696392,weighted,indicator
119,WFG4,20,8,7,0.00213523131672598,0.0135231316725979,0.0216450216450216,0.75,0.690903619502878,weighted,indicator
119,WFG4,20,8,8,0.00640569395017794,0.00213523131672598,0.025974025974026,0.75,0.671829681113684,weighted,indicator
119,WFG4,20,8,9,0.00782918149466192,0.00640569395017794,0.025974025974026,0.75,0.700391536607686,weighted,indicator
119,WFG4,20,8,10,0.0113879003558719,0.00782918149466192,0.025974025974026,0.75,0.62433213169059,weighted,indicator
119,WFG4,20,8,11,0.0163701067615658,0.0113879003558719,0.0216450216450216,0.75,0.624353448850043,weighted,indicator
119,WFG4,20,8,12,0.0142348754448399,0.0163701067615658,0.025974025974026,0.75,0.643437315724157,weighted,indicator
119,WFG4,20,8,13,0.0263345195729537,0.0142348754448399,0.025974025974026,0.75,0.576687071926958,weighted,indicator
119,WFG4,20,8,14,0.313167259786477,0.0263345195729537,0.0303030303030303,0.75,0.557520513107853,weighted,indicator
119,WFG4,20,8,15,0.0654804270462633,0.313167259786477,0.0346320346320346,0.75,0.633543946965547,weighted,indicator
119,WFG4,20,8,16,0.254804270462633,0.0654804270462633,0.038961038961039,0.75,0.614618205251239,weighted,indicator
119,WFG4,20,8,17,0.173665480427046,0.254804270462633,0.0432900432900433,0.75,0.633675280444853,weighted,indicator
119,WFG4,20,8,18,0.136654804270463,0.173665480427046,0.0432900432900433,0.75,0.65264248181561,weighted,indicator
119,WFG4,20,8,19,0.213523131672598,0.136654804270463,0.0432900432900433,0.75,0.671619050027665,weighted,indicator
119,WFG4,20,8,20,0.0875444839857651,0.213523131672598,0.0432900432900433,0.75,0.681281667217598,weighted,indicator
119,WFG4,20,8,21,0.187900355871886,0.0875444839857651,0.0562770562770563,0.7,0.633452687839373,weighted,indicator
119,WFG4,20,8,22,0.116014234875445,0.187900355871886,0.051948051948052,0.75,0.661910857726604,weighted,indicator
119,WFG4,20,8,23,0.301779359430605,0.116014234875445,0.051948051948052,0.75,0.61446227831945,weighted,indicator
119,WFG4,20,8,24,0.201423487544484,0.301779359430605,0.051948051948052,0.75,0.566963038465755,weighted,indicator
119,WFG4,20,8,25,0.345195729537367,0.201423487544484,0.0562770562770563,0.75,0.624101363844647,weighted,indicator
119,WFG4,20,8,26,0.283274021352313,0.345195729537367,0.051948051948052,0.75,0.633656120562151,weighted,indicator
119,WFG4,20,8,27,0.207829181494662,0.283274021352313,0.0562770562770563,0.75,0.605118706468615,weighted,indicator
119,WFG4,20,8,28,0.331672597864769,0.207829181494662,0.0562770562770563,0.75,0.614601219167835,weighted,indicator
119,WFG4,20,8,29,0.334519572953737,0.331672597864769,0.0562770562770563,0.75,0.605032463124635,weighted,indicator
119,WFG4,20,8,30,0.123843416370107,0.334519572953737,0.0562770562770563,0.75,0.547994490790601,conservative,indicator
119,WFG4,20,8,31,0.328825622775801,0.123843416370107,0.0562770562770563,0.75,0.595530809006182,weighted,indicator
119,WFG4,20,8,32,0.355160142348754,0.328825622775801,0.0562770562770563,0.7,0.614464939679361,weighted,conservative
119,WFG4,20,8,33,0.0888888888888889,0.355160142348754,0.0562770562770563,0.7,0.614464939679361,curriculum,indicator
119,WFG4,20,8,34,0.343060498220641,0.0888888888888889,0.0476190476190476,0.7,0.585833718910898,weighted,indicator
120,WFG4,20,9,1,0.0244444444444444,1,0.025974025974026,0.75,0.795336627016724,curriculum,indicator
120,WFG4,20,9,2,0.0120996441281139,0.0244444444444444,0.0346320346320346,0.75,0.738982985190222,weighted,indicator
120,WFG4,20,9,3,0.0220640569395018,0.0120996441281139,0.0346320346320346,0.75,0.719759395367905,weighted,indicator
120,WFG4,20,9,4,0.0185053380782918,0.0220640569395018,0.0346320346320346,0.75,0.767387871812621,weighted,indicator
120,WFG4,20,9,5,0.0476868327402135,0.0185053380782918,0.038961038961039,0.75,0.710183413800212,weighted,indicator
120,WFG4,20,9,6,0.0135231316725979,0.0476868327402135,0.038961038961039,0.75,0.710136575918804,weighted,indicator
120,WFG4,20,9,7,0.0519572953736655,0.0135231316725979,0.038961038961039,0.75,0.681370731465751,weighted,indicator
120,WFG4,20,9,8,0.0220640569395018,0.0519572953736655,0.038961038961039,0.75,0.605194426907482,weighted,indicator
120,WFG4,20,9,9,0.0825622775800712,0.0220640569395018,0.0432900432900433,0.75,0.614847517209504,weighted,indicator
120,WFG4,20,9,10,0.0469750889679715,0.0825622775800712,0.0432900432900433,0.7,0.671972297472772,weighted,indicator
120,WFG4,20,9,11,0.0412811387900356,0.0469750889679715,0.0562770562770563,0.7,0.614653268334068,weighted,indicator
120,WFG4,20,9,12,0.0256227758007117,0.0412811387900356,0.051948051948052,0.7,0.633773515442049,weighted,indicator
120,WFG4,20,9,13,0.0540925266903915,0.0256227758007117,0.051948051948052,0.7,0.614571649436806,weighted,indicator
120,WFG4,20,9,14,0.165124555160142,0.0540925266903915,0.051948051948052,0.7,0.614646451165446,weighted,indicator
120,WFG4,20,9,15,0.0725978647686833,0.165124555160142,0.051948051948052,0.7,0.614554201168663,weighted,indicator
120,WFG4,20,9,16,0.138078291814947,0.0725978647686833,0.0562770562770563,0.7,0.614594060696229,weighted,indicator
120,WFG4,20,9,17,0.098220640569395,0.138078291814947,0.051948051948052,0.7,0.624225935474637,weighted,indicator
120,WFG4,20,9,18,0.0569395017793594,0.098220640569395,0.051948051948052,0.7,0.6052102821774,weighted,indicator
120,WFG4,20,9,19,0.0441281138790036,0.0569395017793594,0.0606060606060606,0.7,0.586082132477239,weighted,indicator
120,WFG4,20,9,20,0.098220640569395,0.0441281138790036,0.0649350649350649,0.7,0.624116554142087,weighted,indicator
120,WFG4,20,9,21,0.0911032028469751,0.098220640569395,0.0735930735930736,0.7,0.643162365078188,weighted,indicator
120,WFG4,20,9,22,0.321708185053381,0.0911032028469751,0.0779220779220779,0.7,0.633613724868632,weighted,indicator
120,WFG4,20,9,23,0.0911032028469751,0.321708185053381,0.0779220779220779,0.7,0.652739110210921,weighted,indicator
120,WFG4,20,9,24,0.131672597864769,0.0911032028469751,0.0692640692640693,0.7,0.643168773025294,weighted,indicator
120,WFG4,20,9,25,0.00854092526690392,0.131672597864769,0.0649350649350649,0.7,0.595573274598743,weighted,indicator
120,WFG4,20,9,26,0.0911032028469751,0.00854092526690392,0.0476190476190476,0.7,0.624104371391973,weighted,indicator
120,WFG4,20,9,27,0.126690391459075,0.0911032028469751,0.0476190476190476,0.7,0.643087107329044,weighted,indicator
120,WFG4,20,9,28,0.163701067615658,0.126690391459075,0.051948051948052,0.7,0.566881353282914,weighted,indicator
120,WFG4,20,9,29,0.0569395017793594,0.163701067615658,0.051948051948052,0.7,0.58592957143791,weighted,indicator
120,WFG4,20,9,30,0.105338078291815,0.0569395017793594,0.0562770562770563,0.7,0.604962140316465,weighted,indicator
120,WFG4,20,9,31,0.118861209964413,0.105338078291815,0.0562770562770563,0.7,0.604990160834548,weighted,indicator
120,WFG4,20,9,32,0.0875444839857651,0.118861209964413,0.051948051948052,0.7,0.500209699213019,conservative,indicator
120,WFG4,20,9,33,0.098932384341637,0.0875444839857651,0.051948051948052,0.7,0.538217349506302,conservative,indicator
120,WFG4,20,9,34,0.152313167259786,0.098932384341637,0.051948051948052,0.7,0.585762012195208,weighted,indicator
121,WFG6,10,1,1,0.0211111111111111,1,0.104895104895105,0.4,0.648232532009528,curriculum,explore
121,WFG6,10,1,2,0.00142348754448399,0.0211111111111111,0.108391608391608,0.4,0.620362279465927,weighted,explore
121,WFG6,10,1,3,0.00569395017793594,0.00142348754448399,0.136363636363636,0.4,0.57521339500856,weighted,explore
121,WFG6,10,1,4,0.0277580071174377,0.00569395017793594,0.136363636363636,0.4,0.510033116282054,conservative,explore
121,WFG6,10,1,5,0.0156583629893238,0.0277580071174377,0.143356643356643,0.4,0.537359095402279,conservative,explore
121,WFG6,10,1,6,0.00427046263345196,0.0156583629893238,0.157342657342657,0.3,0.564325653152146,weighted,explore
121,WFG6,10,1,7,0.0185053380782918,0.00427046263345196,0.153846153846154,0.3,0.545621975892216,conservative,explore
121,WFG6,10,1,8,0.0142348754448399,0.0185053380782918,0.153846153846154,0.3,0.56422766666026,weighted,explore
121,WFG6,10,1,9,0.0206405693950178,0.0142348754448399,0.153846153846154,0.3,0.500673263577095,conservative,explore
121,WFG6,10,1,10,0.00498220640569395,0.0206405693950178,0.171328671328671,0.3,0.519850204602731,conservative,explore
121,WFG6,10,1,11,0.00498220640569395,0.00498220640569395,0.178321678321678,0.3,0.529497645052579,conservative,explore
121,WFG6,10,1,12,0.00711743772241993,0.00498220640569395,0.178321678321678,0.3,0.521121158403752,conservative,explore
121,WFG6,10,1,13,0.000711743772241993,0.00711743772241993,0.181818181818182,0.3,0.520842784914031,conservative,explore
121,WFG6,10,1,14,0.00854092526690392,0.000711743772241993,0.195804195804196,0.3,0.539559279598454,conservative,explore
121,WFG6,10,1,15,0.0120996441281139,0.00854092526690392,0.192307692307692,0.3,0.548558492911694,conservative,explore
121,WFG6,10,1,16,0.00213523131672598,0.0120996441281139,0.192307692307692,0.3,0.677178408792419,weighted,explore
121,WFG6,10,1,17,0.00213523131672598,0.00213523131672598,0.195804195804196,0.3,0.575621260564079,weighted,explore
121,WFG6,10,1,18,0.00498220640569395,0.00213523131672598,0.185314685314685,0.3,0.584578504557797,weighted,explore
121,WFG6,10,1,19,0.0106761565836299,0.00498220640569395,0.185314685314685,0.3,0.584703325956449,weighted,explore
121,WFG6,10,1,20,0.00284697508896797,0.0106761565836299,0.185314685314685,0.3,0.584657453446692,weighted,explore
121,WFG6,10,1,21,0.0270462633451957,0.00284697508896797,0.181818181818182,0.3,0.584526315779855,weighted,explore
121,WFG6,10,1,22,0.0099644128113879,0.0270462633451957,0.178321678321678,0.3,0.59355321859062,weighted,explore
121,WFG6,10,1,23,0.0192170818505338,0.0099644128113879,0.185314685314685,0.3,0.575895429578356,weighted,explore
121,WFG6,10,1,24,0.0469750889679715,0.0192170818505338,0.185314685314685,0.3,0.57581499837665,weighted,explore
121,WFG6,10,1,25,0.0227758007117438,0.0469750889679715,0.188811188811189,0.3,0.618702983536976,weighted,explore
121,WFG6,10,1,26,0.00640569395017794,0.0227758007117438,0.192307692307692,0.3,0.609719246219527,weighted,explore
121,WFG6,10,1,27,0.0320284697508897,0.00640569395017794,0.192307692307692,0.3,0.60062183967064,weighted,explore
121,WFG6,10,1,28,0.00782918149466192,0.0320284697508897,0.188811188811189,0.3,0.610011439020109,weighted,explore
121,WFG6,10,1,29,0.0718861209964413,0.00782918149466192,0.185314685314685,0.3,0.589879325821214,weighted,explore
121,WFG6,10,1,30,0.0334519572953737,0.0718861209964413,0.178321678321678,0.3,0.598845991835815,weighted,explore
121,WFG6,10,1,31,0.0348754448398577,0.0334519572953737,0.178321678321678,0.3,0.608148111256417,weighted,explore
121,WFG6,10,1,32,0.0348754448398577,0.0348754448398577,0.181818181818182,0.3,0.625260949559318,weighted,explore
121,WFG6,10,1,33,0.0163701067615658,0.0348754448398577,0.178321678321678,0.3,0.634562818597756,weighted,explore
121,WFG6,10,1,34,0.0341637010676157,0.0163701067615658,0.178321678321678,0.3,0.634574657513616,weighted,explore
122,WFG6,10,10,1,0.00777777777777778,1,0.136363636363636,0.4,0.657742555022104,curriculum,explore
122,WFG6,10,10,2,0.00640569395017794,0.00777777777777778,0.13986013986014,0.4,0.657773974193139,weighted,explore
122,WFG6,10,10,3,0.00427046263345196,0.00640569395017794,0.13986013986014,0.4,0.658178942351927,weighted,explore
122,WFG6,10,10,4,0.0170818505338078,0.00427046263345196,0.143356643356643,0.4,0.657026637438553,weighted,explore
122,WFG6,10,10,5,0.00640569395017794,0.0170818505338078,0.143356643356643,0.4,0.574427598841078,weighted,explore
122,WFG6,10,10,6,0.0120996441281139,0.00640569395017794,0.13986013986014,0.4,0.638797120050308,weighted,explore
122,WFG6,10,10,7,0.0099644128113879,0.0120996441281139,0.153846153846154,0.4,0.621097641575992,weighted,explore
122,WFG6,10,10,8,0.00427046263345196,0.0099644128113879,0.167832167832168,0.4,0.61221415795472,weighted,explore
122,WFG6,10,10,9,0.00569395017793594,0.00427046263345196,0.171328671328671,0.4,0.575532130549661,weighted,explore
122,WFG6,10,10,10,0.0548042704626335,0.00569395017793594,0.178321678321678,0.3,0.575599692643684,weighted,explore
122,WFG6,10,10,11,0.0170818505338078,0.0548042704626335,0.188811188811189,0.3,0.684549612350659,weighted,explore
122,WFG6,10,10,12,0.00142348754448399,0.0170818505338078,0.185314685314685,0.3,0.564660874720733,weighted,explore
122,WFG6,10,10,13,0.0099644128113879,0.00142348754448399,0.174825174825175,0.3,0.684178592172047,weighted,explore
122,WFG6,10,10,14,0.00711743772241993,0.0099644128113879,0.178321678321678,0.3,0.683587736405025,weighted,explore
122,WFG6,10,10,15,0.0199288256227758,0.00711743772241993,0.181818181818182,0.3,0.54657523154057,conservative,explore
122,WFG6,10,10,16,0.0213523131672598,0.0199288256227758,0.171328671328671,0.3,0.592399579119518,weighted,explore
122,WFG6,10,10,17,0.0213523131672598,0.0213523131672598,0.164335664335664,0.3,0.54646646056113,conservative,explore
122,WFG6,10,10,18,0.00427046263345196,0.0213523131672598,0.167832167832168,0.3,0.537542615767192,conservative,explore
122,WFG6,10,10,19,0.0555160142348754,0.00427046263345196,0.167832167832168,0.4,0.573754871039649,weighted,explore
122,WFG6,10,10,20,0.0839857651245552,0.0555160142348754,0.167832167832168,0.4,0.582376070066381,weighted,explore
122,WFG6,10,10,21,0.0099644128113879,0.0839857651245552,0.164335664335664,0.4,0.591227016098103,weighted,explore
122,WFG6,10,10,22,0.00711743772241993,0.0099644128113879,0.167832167832168,0.4,0.581949010508625,weighted,explore
122,WFG6,10,10,23,0.00427046263345196,0.00711743772241993,0.167832167832168,0.4,0.582136047070615,weighted,explore
122,WFG6,10,10,24,0.00711743772241993,0.00427046263345196,0.160839160839161,0.4,0.545324678031565,conservative,explore
122,WFG6,10,10,25,0.0220640569395018,0.00711743772241993,0.157342657342657,0.4,0.517841307137068,conservative,explore
122,WFG6,10,10,26,0.0241992882562278,0.0220640569395018,0.171328671328671,0.4,0.491461930123668,conservative,explore
122,WFG6,10,10,27,0.0213523131672598,0.0241992882562278,0.157342657342657,0.4,0.50002192465984,conservative,explore
122,WFG6,10,10,28,0.0142348754448399,0.0213523131672598,0.160839160839161,0.4,0.499784172020405,conservative,explore
122,WFG6,10,10,29,0.00854092526690392,0.0142348754448399,0.157342657342657,0.4,0.500187393340388,conservative,explore
122,WFG6,10,10,30,0.0249110320284698,0.00854092526690392,0.178321678321678,0.4,0.545096818809445,conservative,explore
122,WFG6,10,10,31,0.0355871886120996,0.0249110320284698,0.178321678321678,0.4,0.563395783089629,weighted,explore
122,WFG6,10,10,32,0.00854092526690392,0.0355871886120996,0.174825174825175,0.4,0.554467386450227,weighted,explore
122,WFG6,10,10,33,0.0185053380782918,0.00854092526690392,0.171328671328671,0.4,0.527686442808511,conservative,explore
122,WFG6,10,10,34,0.0149466192170819,0.0185053380782918,0.174825174825175,0.4,0.528298036128987,conservative,explore
123,WFG6,10,2,1,0.00888888888888889,1,0.129370629370629,0.4,0.556577992144308,curriculum,explore
123,WFG6,10,2,2,0.0149466192170819,0.00888888888888889,0.129370629370629,0.4,0.548079867553134,conservative,explore
123,WFG6,10,2,3,0.00498220640569395,0.0149466192170819,0.136363636363636,0.4,0.483843374301577,conservative,explore
123,WFG6,10,2,4,0.0106761565836299,0.00498220640569395,0.143356643356643,0.4,0.612689873556896,weighted,explore
123,WFG6,10,2,5,0.00213523131672598,0.0106761565836299,0.143356643356643,0.4,0.56678839264626,weighted,explore
123,WFG6,10,2,6,0.00142348754448399,0.00213523131672598,0.153846153846154,0.4,0.574849334678268,weighted,explore
123,WFG6,10,2,7,0.00142348754448399,0.00142348754448399,0.157342657342657,0.4,0.583678013988128,weighted,explore
123,WFG6,10,2,8,0.0654804270462633,0.00142348754448399,0.153846153846154,0.4,0.574424732776988,weighted,explore
123,WFG6,10,2,9,0.0135231316725979,0.0654804270462633,0.157342657342657,0.4,0.602281357406536,weighted,explore
123,WFG6,10,2,10,0.0355871886120996,0.0135231316725979,0.160839160839161,0.4,0.602112754969739,weighted,explore
123,WFG6,10,2,11,0.0135231316725979,0.0355871886120996,0.153846153846154,0.4,0.591118716622059,weighted,explore
123,WFG6,10,2,12,0.00213523131672598,0.0135231316725979,0.160839160839161,0.4,0.59197642106354,weighted,explore
123,WFG6,10,2,13,0.00782918149466192,0.00213523131672598,0.153846153846154,0.4,0.53783763061809,conservative,explore
123,WFG6,10,2,14,0.0149466192170819,0.00782918149466192,0.153846153846154,0.4,0.583503932876919,weighted,explore
123,WFG6,10,2,15,0.0199288256227758,0.0149466192170819,0.157342657342657,0.4,0.611173918161859,weighted,explore
123,WFG6,10,2,16,0.00711743772241993,0.0199288256227758,0.153846153846154,0.4,0.610440554942406,weighted,explore
123,WFG6,10,2,17,0.00569395017793594,0.00711743772241993,0.15034965034965,0.4,0.645626294026979,weighted,explore
123,WFG6,10,2,18,0.0199288256227758,0.00569395017793594,0.15034965034965,0.4,0.663965268983217,weighted,explore
123,WFG6,10,2,19,0.00854092526690392,0.0199288256227758,0.15034965034965,0.4,0.628906392729565,weighted,explore
123,WFG6,10,2,20,0.0128113879003559,0.00854092526690392,0.15034965034965,0.4,0.620420594475953,weighted,explore
123,WFG6,10,2,21,0.0362989323843416,0.0128113879003559,0.13986013986014,0.4,0.610983679890142,weighted,explore
123,WFG6,10,2,22,0.0113879003558719,0.0362989323843416,0.143356643356643,0.4,0.602339881079354,weighted,explore
123,WFG6,10,2,23,0.0192170818505338,0.0113879003558719,0.146853146853147,0.4,0.584941597872506,weighted,explore
123,WFG6,10,2,24,0.0213523131672598,0.0192170818505338,0.146853146853147,0.4,0.60290426965106,weighted,explore
123,WFG6,10,2,25,0.0099644128113879,0.0213523131672598,0.15034965034965,0.4,0.593854788721022,weighted,explore
123,WFG6,10,2,26,0.00925266903914591,0.0099644128113879,0.153846153846154,0.4,0.593905628378069,weighted,explore
123,WFG6,10,2,27,0.0249110320284698,0.00925266903914591,0.146853146853147,0.4,0.60282408665961,weighted,explore
123,WFG6,10,2,28,0.00640569395017794,0.0249110320284698,0.13986013986014,0.4,0.602996564502143,weighted,explore
123,WFG6,10,2,29,0.0213523131672598,0.00640569395017794,0.143356643356643,0.4,0.627823409670953,weighted,explore
123,WFG6,10,2,30,0.00213523131672598,0.0213523131672598,0.167832167832168,0.4,0.610359542470786,weighted,explore
123,WFG6,10,2,31,0.0099644128113879,0.00213523131672598,0.160839160839161,0.4,0.647079255396841,weighted,explore
123,WFG6,10,2,32,0.00711743772241993,0.0099644128113879,0.160839160839161,0.4,0.656394991750505,weighted,explore
123,WFG6,10,2,33,0.0135231316725979,0.00711743772241993,0.157342657342657,0.3,0.656252225000383,weighted,explore
123,WFG6,10,2,34,0.0106761565836299,0.0135231316725979,0.160839160839161,0.3,0.656167519995321,weighted,explore
124,WFG6,10,3,1,0.0155555555555556,1,0.108391608391608,0.4,0.675964819863818,curriculum,explore
124,WFG6,10,3,2,0.0128113879003559,0.0155555555555556,0.122377622377622,0.4,0.628867735865943,weighted,explore
124,WFG6,10,3,3,0.00355871886120996,0.0128113879003559,0.118881118881119,0.4,0.619728835714725,weighted,explore
124,WFG6,10,3,4,0.00782918149466192,0.00355871886120996,0.13986013986014,0.4,0.665904702492595,weighted,explore
124,WFG6,10,3,5,0.00569395017793594,0.00782918149466192,0.13986013986014,0.4,0.601570545105426,weighted,explore
124,WFG6,10,3,6,0.000711743772241993,0.00569395017793594,0.143356643356643,0.4,0.610645342141012,weighted,explore
124,WFG6,10,3,7,0.00427046263345196,0.000711743772241993,0.157342657342657,0.4,0.61121212249924,weighted,explore
124,WFG6,10,3,8,0.0106761565836299,0.00427046263345196,0.167832167832168,0.4,0.583635175545922,weighted,explore
124,WFG6,10,3,9,0.00640569395017794,0.0106761565836299,0.164335664335664,0.4,0.59253857253376,weighted,explore
124,WFG6,10,3,10,0.0185053380782918,0.00640569395017794,0.164335664335664,0.4,0.575432136373734,weighted,explore
124,WFG6,10,3,11,0.0128113879003559,0.0185053380782918,0.164335664335664,0.4,0.548550209297562,conservative,explore
124,WFG6,10,3,12,0.0135231316725979,0.0128113879003559,0.164335664335664,0.4,0.530362739574881,conservative,explore
124,WFG6,10,3,13,0.0106761565836299,0.0135231316725979,0.185314685314685,0.4,0.618536252146454,weighted,explore
124,WFG6,10,3,14,0.0270462633451957,0.0106761565836299,0.181818181818182,0.4,0.544998396837518,conservative,explore
124,WFG6,10,3,15,0.0135231316725979,0.0270462633451957,0.185314685314685,0.4,0.483154449502522,conservative,explore
124,WFG6,10,3,16,0.0106761565836299,0.0135231316725979,0.192307692307692,0.4,0.492539813130279,conservative,explore
124,WFG6,10,3,17,0.0135231316725979,0.0106761565836299,0.192307692307692,0.4,0.501648171267223,conservative,explore
124,WFG6,10,3,18,0.0128113879003559,0.0135231316725979,0.185314685314685,0.4,0.56562748409503,weighted,explore
124,WFG6,10,3,19,0.0170818505338078,0.0128113879003559,0.195804195804196,0.4,0.547736169797581,conservative,explore
124,WFG6,10,3,20,0.0220640569395018,0.0170818505338078,0.192307692307692,0.4,0.583410026795123,weighted,explore
124,WFG6,10,3,21,0.00640569395017794,0.0220640569395018,0.195804195804196,0.4,0.600899219585656,weighted,explore
124,WFG6,10,3,22,0.0398576512455516,0.00640569395017794,0.195804195804196,0.4,0.591376070385321,weighted,explore
124,WFG6,10,3,23,0.00925266903914591,0.0398576512455516,0.178321678321678,0.4,0.546451177507119,conservative,explore
124,WFG6,10,3,24,0.0256227758007117,0.00925266903914591,0.171328671328671,0.4,0.536870424012583,conservative,explore
124,WFG6,10,3,25,0.0170818505338078,0.0256227758007117,0.188811188811189,0.4,0.545783948439744,conservative,explore
124,WFG6,10,3,26,0.0341637010676157,0.0170818505338078,0.174825174825175,0.3,0.572752759888078,weighted,explore
124,WFG6,10,3,27,0.0156583629893238,0.0341637010676157,0.178321678321678,0.3,0.554842095131545,weighted,explore
124,WFG6,10,3,28,0.00782918149466192,0.0156583629893238,0.206293706293706,0.3,0.562854815810616,weighted,explore
124,WFG6,10,3,29,0.0249110320284698,0.00782918149466192,0.206293706293706,0.3,0.553824078486411,weighted,explore
124,WFG6,10,3,30,0.00854092526690392,0.0249110320284698,0.20979020979021,0.3,0.544773534558344,conservative,explore
124,WFG6,10,3,31,0.00284697508896797,0.00854092526690392,0.206293706293706,0.3,0.571927168928805,weighted,explore
124,WFG6,10,3,32,0.0192170818505338,0.00284697508896797,0.185314685314685,0.4,0.60899660884499,weighted,explore
124,WFG6,10,3,33,0.0327402135231317,0.0192170818505338,0.181818181818182,0.4,0.591323289461662,weighted,explore
124,WFG6,10,3,34,0.0128113879003559,0.0327402135231317,0.178321678321678,0.4,0.60978820606011,weighted,explore
125,WFG6,10,4,1,0.00888888888888889,1,0.111888111888112,0.4,0.593472617738562,curriculum,explore
125,WFG6,10,4,2,0.00640569395017794,0.00888888888888889,0.101398601398601,0.4,0.537244114548725,conservative,explore
125,WFG6,10,4,3,0.0156583629893238,0.00640569395017794,0.111888111888112,0.4,0.666914130498748,weighted,explore
125,WFG6,10,4,4,0.0227758007117438,0.0156583629893238,0.118881118881119,0.4,0.602328983254366,weighted,explore
125,WFG6,10,4,5,0,0.0227758007117438,0.118881118881119,0.4,0.593189307699988,weighted,explore
125,WFG6,10,4,6,0.00284697508896797,0,0.118881118881119,0.4,0.54744188012723,conservative,explore
125,WFG6,10,4,7,0.0149466192170819,0.00284697508896797,0.125874125874126,0.4,0.546584916231631,conservative,explore
125,WFG6,10,4,8,0.00213523131672598,0.0149466192170819,0.129370629370629,0.4,0.54598347118986,conservative,explore
125,WFG6,10,4,9,0.00640569395017794,0.00213523131672598,0.136363636363636,0.4,0.646900873781637,weighted,explore
125,WFG6,10,4,10,0.0185053380782918,0.00640569395017794,0.157342657342657,0.4,0.647034854935305,weighted,explore
125,WFG6,10,4,11,0.0192170818505338,0.0185053380782918,0.153846153846154,0.4,0.655200995392702,weighted,explore
125,WFG6,10,4,12,0.0192170818505338,0.0192170818505338,0.15034965034965,0.3,0.618887098850689,weighted,explore
125,WFG6,10,4,13,0.0306049822064057,0.0192170818505338,0.157342657342657,0.4,0.600682152964225,weighted,explore
125,WFG6,10,4,14,0.0192170818505338,0.0306049822064057,0.185314685314685,0.4,0.58137218187078,weighted,explore
125,WFG6,10,4,15,0.0106761565836299,0.0192170818505338,0.192307692307692,0.4,0.526451701114114,conservative,explore
125,WFG6,10,4,16,0.0170818505338078,0.0106761565836299,0.195804195804196,0.3,0.572885040455835,weighted,explore
125,WFG6,10,4,17,0.0206405693950178,0.0170818505338078,0.192307692307692,0.3,0.554906009948885,weighted,explore
125,WFG6,10,4,18,0.0128113879003559,0.0206405693950178,0.192307692307692,0.3,0.5368313627041,conservative,explore
125,WFG6,10,4,19,0.0206405693950178,0.0128113879003559,0.192307692307692,0.3,0.536871826260069,conservative,explore
125,WFG6,10,4,20,0.0106761565836299,0.0206405693950178,0.192307692307692,0.3,0.564118015329283,weighted,explore
125,WFG6,10,4,21,0.0177935943060498,0.0106761565836299,0.195804195804196,0.3,0.5640457389502,weighted,explore
125,WFG6,10,4,22,0.0128113879003559,0.0177935943060498,0.181818181818182,0.3,0.573367590859594,weighted,explore
125,WFG6,10,4,23,0.00711743772241993,0.0128113879003559,0.174825174825175,0.3,0.591538243916307,weighted,explore
125,WFG6,10,4,24,0.0149466192170819,0.00711743772241993,0.185314685314685,0.3,0.618946257648106,weighted,explore
125,WFG6,10,4,25,0.0156583629893238,0.0149466192170819,0.185314685314685,0.3,0.618814977157269,weighted,explore
125,WFG6,10,4,26,0.0241992882562278,0.0156583629893238,0.185314685314685,0.3,0.608512091248718,weighted,explore
125,WFG6,10,4,27,0.0099644128113879,0.0241992882562278,0.181818181818182,0.3,0.608628258983034,weighted,explore
125,WFG6,10,4,28,0.0384341637010676,0.0099644128113879,0.171328671328671,0.3,0.618730926659951,weighted,explore
125,WFG6,10,4,29,0.0192170818505338,0.0384341637010676,0.171328671328671,0.3,0.663442259453949,weighted,explore
125,WFG6,10,4,30,0.0149466192170819,0.0192170818505338,0.174825174825175,0.3,0.65486422109881,weighted,explore
125,WFG6,10,4,31,0.0135231316725979,0.0149466192170819,0.178321678321678,0.3,0.663355345748814,weighted,explore
125,WFG6,10,4,32,0.118149466192171,0.0135231316725979,0.178321678321678,0.3,0.663355345748814,weighted,explore
125,WFG6,10,4,33,0.0213523131672598,0.118149466192171,0.174825174825175,0.3,0.681391331836935,weighted,explore
125,WFG6,10,4,34,0.0163701067615658,0.0213523131672598,0.171328671328671,0.3,0.489805254348867,conservative,explore
126,WFG6,10,5,1,0.01,1,0.111888111888112,0.4,0.528999677299724,curriculum,explore
126,WFG6,10,5,2,0.0192170818505338,0.01,0.118881118881119,0.4,0.528555708815819,conservative,explore
126,WFG6,10,5,3,0.00782918149466192,0.0192170818505338,0.115384615384615,0.4,0.556940635931213,weighted,explore
126,WFG6,10,5,4,0.00427046263345196,0.00782918149466192,0.129370629370629,0.4,0.629368318891659,weighted,explore
126,WFG6,10,5,5,0.00782918149466192,0.00427046263345196,0.136363636363636,0.4,0.611186750280661,weighted,explore
126,WFG6,10,5,6,0.00498220640569395,0.00782918149466192,0.13986013986014,0.4,0.556281849360158,weighted,explore
126,WFG6,10,5,7,0.00925266903914591,0.00498220640569395,0.13986013986014,0.4,0.555852839464722,weighted,explore
126,WFG6,10,5,8,0.0135231316725979,0.00925266903914591,0.136363636363636,0.4,0.53771829187119,conservative,explore
126,WFG6,10,5,9,0.00284697508896797,0.0135231316725979,0.132867132867133,0.4,0.5648960987318,weighted,explore
126,WFG6,10,5,10,0.00569395017793594,0.00284697508896797,0.136363636363636,0.4,0.574336515320577,weighted,explore
126,WFG6,10,5,11,0.00782918149466192,0.00569395017793594,0.13986013986014,0.4,0.556026349828997,weighted,explore
126,WFG6,10,5,12,0.00569395017793594,0.00782918149466192,0.143356643356643,0.4,0.556722367855525,weighted,explore
126,WFG6,10,5,13,0.00427046263345196,0.00569395017793594,0.15034965034965,0.4,0.685688969231066,weighted,explore
126,WFG6,10,5,14,0.00498220640569395,0.00427046263345196,0.146853146853147,0.4,0.567214126852361,weighted,explore
126,WFG6,10,5,15,0.0142348754448399,0.00498220640569395,0.153846153846154,0.4,0.546244039276429,conservative,explore
126,WFG6,10,5,16,0.0227758007117438,0.0142348754448399,0.167832167832168,0.4,0.57334547307738,weighted,explore
126,WFG6,10,5,17,0.109608540925267,0.0227758007117438,0.160839160839161,0.4,0.591317172216207,weighted,explore
126,WFG6,10,5,18,0.0227758007117438,0.109608540925267,0.157342657342657,0.4,0.582096908581205,weighted,explore
126,WFG6,10,5,19,0.0128113879003559,0.0227758007117438,0.160839160839161,0.4,0.510081319053297,conservative,explore
126,WFG6,10,5,20,0.0135231316725979,0.0128113879003559,0.157342657342657,0.4,0.664534975560533,weighted,explore
126,WFG6,10,5,21,0.0391459074733096,0.0135231316725979,0.167832167832168,0.4,0.664180535119031,weighted,explore
126,WFG6,10,5,22,0.0120996441281139,0.0391459074733096,0.171328671328671,0.4,0.600605098438941,weighted,explore
126,WFG6,10,5,23,0.00925266903914591,0.0120996441281139,0.167832167832168,0.4,0.565213335433079,weighted,explore
126,WFG6,10,5,24,0.0099644128113879,0.00925266903914591,0.157342657342657,0.4,0.547444767029834,conservative,explore
126,WFG6,10,5,25,0.00427046263345196,0.0099644128113879,0.164335664335664,0.4,0.548021241963225,conservative,explore
126,WFG6,10,5,26,0.00782918149466192,0.00427046263345196,0.167832167832168,0.4,0.564934341955189,weighted,explore
126,WFG6,10,5,27,0.00925266903914591,0.00782918149466192,0.164335664335664,0.4,0.574057939609073,weighted,explore
126,WFG6,10,5,28,0.00711743772241993,0.00925266903914591,0.157342657342657,0.4,0.55625940849397,weighted,explore
126,WFG6,10,5,29,0.0213523131672598,0.00711743772241993,0.157342657342657,0.4,0.547188736631676,conservative,explore
126,WFG6,10,5,30,0.00427046263345196,0.0213523131672598,0.160839160839161,0.4,0.547117737808505,conservative,explore
126,WFG6,10,5,31,0.00498220640569395,0.00427046263345196,0.157342657342657,0.4,0.538081175737725,conservative,explore
126,WFG6,10,5,32,0.0099644128113879,0.00498220640569395,0.157342657342657,0.4,0.538206303609805,conservative,explore
126,WFG6,10,5,33,0.00640569395017794,0.0099644128113879,0.167832167832168,0.4,0.555477849869812,weighted,explore
126,WFG6,10,5,34,0.0177935943060498,0.00640569395017794,0.160839160839161,0.4,0.545652180484972,conservative,explore
127,WFG6,10,6,1,0.0155555555555556,1,0.115384615384615,0.5,0.583315192806265,curriculum,indicator
127,WFG6,10,6,2,0.00427046263345196,0.0155555555555556,0.115384615384615,0.5,0.573984610935055,weighted,indicator
127,WFG6,10,6,3,0.0142348754448399,0.00427046263345196,0.122377622377622,0.4,0.583887819771793,weighted,explore
127,WFG6,10,6,4,0.0185053380782918,0.0142348754448399,0.115384615384615,0.5,0.583349426611881,weighted,indicator
127,WFG6,10,6,5,0.0192170818505338,0.0185053380782918,0.118881118881119,0.5,0.52855353075237,conservative,indicator
127,WFG6,10,6,6,0.00427046263345196,0.0192170818505338,0.122377622377622,0.5,0.600886862138164,weighted,indicator
127,WFG6,10,6,7,0.00711743772241993,0.00427046263345196,0.118881118881119,0.5,0.60176276525233,weighted,indicator
127,WFG6,10,6,8,0.0163701067615658,0.00711743772241993,0.132867132867133,0.4,0.611180337256838,weighted,explore
127,WFG6,10,6,9,0.0213523131672598,0.0163701067615658,0.122377622377622,0.4,0.602075906648765,weighted,explore
127,WFG6,10,6,10,0.00569395017793594,0.0213523131672598,0.132867132867133,0.4,0.59317252232427,weighted,explore
127,WFG6,10,6,11,0.0348754448398577,0.00569395017793594,0.136363636363636,0.4,0.584769547945714,weighted,explore
127,WFG6,10,6,12,0.00284697508896797,0.0348754448398577,0.136363636363636,0.4,0.585096973969796,weighted,explore
127,WFG6,10,6,13,0.00854092526690392,0.00284697508896797,0.146853146853147,0.4,0.567300026922363,weighted,explore
127,WFG6,10,6,14,0.0128113879003559,0.00854092526690392,0.15034965034965,0.4,0.64549479259475,weighted,explore
127,WFG6,10,6,15,0.0170818505338078,0.0128113879003559,0.146853146853147,0.4,0.601378341664984,weighted,explore
127,WFG6,10,6,16,0.101779359430605,0.0170818505338078,0.146853146853147,0.4,0.512761598226205,conservative,explore
127,WFG6,10,6,17,0.00640569395017794,0.101779359430605,0.132867132867133,0.4,0.539446065497221,conservative,explore
127,WFG6,10,6,18,0.00284697508896797,0.00640569395017794,0.136363636363636,0.4,0.563828192104106,weighted,explore
127,WFG6,10,6,19,0.0149466192170819,0.00284697508896797,0.13986013986014,0.4,0.554582845776349,weighted,explore
127,WFG6,10,6,20,0.00569395017793594,0.0149466192170819,0.136363636363636,0.4,0.600258501112059,weighted,explore
127,WFG6,10,6,21,0.0654804270462633,0.00569395017793594,0.132867132867133,0.4,0.627016016103733,weighted,explore
127,WFG6,10,6,22,0.0142348754448399,0.0654804270462633,0.132867132867133,0.4,0.609083551577835,weighted,explore
127,WFG6,10,6,23,0.0106761565836299,0.0142348754448399,0.125874125874126,0.4,0.635754648059372,weighted,explore
127,WFG6,10,6,24,0.0199288256227758,0.0106761565836299,0.129370629370629,0.4,0.62695016403425,weighted,explore
127,WFG6,10,6,25,0.0099644128113879,0.0199288256227758,0.125874125874126,0.4,0.636330981027965,weighted,explore
127,WFG6,10,6,26,0.0277580071174377,0.0099644128113879,0.125874125874126,0.4,0.636588942013181,weighted,explore
127,WFG6,10,6,27,0.0263345195729537,0.0277580071174377,0.122377622377622,0.4,0.611436352859729,weighted,explore
127,WFG6,10,6,28,0.0170818505338078,0.0263345195729537,0.118881118881119,0.4,0.602617257578523,weighted,explore
127,WFG6,10,6,29,0.00925266903914591,0.0170818505338078,0.122377622377622,0.4,0.644873340792792,weighted,explore
127,WFG6,10,6,30,0.0462633451957295,0.00925266903914591,0.122377622377622,0.4,0.644858133869089,weighted,explore
127,WFG6,10,6,31,0.0355871886120996,0.0462633451957295,0.125874125874126,0.4,0.644885981380582,weighted,explore
127,WFG6,10,6,32,0.0348754448398577,0.0355871886120996,0.125874125874126,0.4,0.644893813689391,weighted,explore
127,WFG6,10,6,33,0.0234875444839858,0.0348754448398577,0.129370629370629,0.4,0.635687379095644,weighted,explore
127,WFG6,10,6,34,0.00640569395017794,0.0234875444839858,0.132867132867133,0.4,0.65308826617261,weighted,explore
128,WFG6,10,7,1,0.00777777777777778,1,0.101398601398601,0.4,0.61183611451442,curriculum,explore
128,WFG6,10,7,2,0.00142348754448399,0.00777777777777778,0.13986013986014,0.4,0.602944293596627,weighted,explore
128,WFG6,10,7,3,0.0718861209964413,0.00142348754448399,0.143356643356643,0.4,0.620800318438202,weighted,explore
128,WFG6,10,7,4,0.00569395017793594,0.0718861209964413,0.146853146853147,0.4,0.574421829031325,weighted,explore
128,WFG6,10,7,5,0.00640569395017794,0.00569395017793594,0.13986013986014,0.4,0.547156980233888,conservative,explore
128,WFG6,10,7,6,0.00569395017793594,0.00640569395017794,0.15034965034965,0.4,0.555741588858085,weighted,explore
128,WFG6,10,7,7,0.00498220640569395,0.00569395017793594,0.157342657342657,0.4,0.527968339610091,conservative,explore
128,WFG6,10,7,8,0.0199288256227758,0.00498220640569395,0.15034965034965,0.3,0.562966500254372,weighted,explore
128,WFG6,10,7,9,0.0120996441281139,0.0199288256227758,0.157342657342657,0.4,0.545053594728152,conservative,explore
128,WFG6,10,7,10,0.0249110320284698,0.0120996441281139,0.160839160839161,0.4,0.55422961468471,weighted,explore
128,WFG6,10,7,11,0.00925266903914591,0.0249110320284698,0.164335664335664,0.4,0.590452127122621,weighted,explore
128,WFG6,10,7,12,0.0128113879003559,0.00925266903914591,0.167832167832168,0.4,0.590250683460056,weighted,explore
128,WFG6,10,7,13,0.0106761565836299,0.0128113879003559,0.164335664335664,0.4,0.601300685397334,weighted,explore
128,WFG6,10,7,14,0.0676156583629893,0.0106761565836299,0.185314685314685,0.3,0.574224651745595,weighted,explore
128,WFG6,10,7,15,0.00854092526690392,0.0676156583629893,0.185314685314685,0.3,0.682008310886698,weighted,explore
128,WFG6,10,7,16,0.0128113879003559,0.00854092526690392,0.185314685314685,0.3,0.618564637362631,weighted,explore
128,WFG6,10,7,17,0.0128113879003559,0.0128113879003559,0.188811188811189,0.3,0.610325892372631,weighted,explore
128,WFG6,10,7,18,0.00711743772241993,0.0128113879003559,0.188811188811189,0.3,0.60126152484113,weighted,explore
128,WFG6,10,7,19,0.0106761565836299,0.00711743772241993,0.199300699300699,0.3,0.610096541561015,weighted,explore
128,WFG6,10,7,20,0.0128113879003559,0.0106761565836299,0.195804195804196,0.3,0.574734513272365,weighted,explore
128,WFG6,10,7,21,0.00711743772241993,0.0128113879003559,0.195804195804196,0.3,0.556586918429474,weighted,explore
128,WFG6,10,7,22,0.0106761565836299,0.00711743772241993,0.188811188811189,0.3,0.547602995720127,conservative,explore
128,WFG6,10,7,23,0.00569395017793594,0.0106761565836299,0.195804195804196,0.3,0.56540779438181,weighted,explore
128,WFG6,10,7,24,0.00427046263345196,0.00569395017793594,0.195804195804196,0.3,0.574436698547863,weighted,explore
128,WFG6,10,7,25,0.0106761565836299,0.00427046263345196,0.202797202797203,0.3,0.556663293789995,weighted,explore
128,WFG6,10,7,26,0.00284697508896797,0.0106761565836299,0.202797202797203,0.3,0.557366675921863,weighted,explore
128,WFG6,10,7,27,0.00427046263345196,0.00284697508896797,0.202797202797203,0.3,0.583819679339393,weighted,explore
128,WFG6,10,7,28,0.00569395017793594,0.00427046263345196,0.188811188811189,0.3,0.546293163310932,conservative,explore
128,WFG6,10,7,29,0.00427046263345196,0.00569395017793594,0.185314685314685,0.3,0.565001076190064,weighted,explore
128,WFG6,10,7,30,0.0199288256227758,0.00427046263345196,0.188811188811189,0.3,0.555891656056363,weighted,explore
128,WFG6,10,7,31,0.00427046263345196,0.0199288256227758,0.192307692307692,0.3,0.565533641102761,weighted,explore
128,WFG6,10,7,32,0.00213523131672598,0.00427046263345196,0.195804195804196,0.3,0.583755295769343,weighted,explore
128,WFG6,10,7,33,0.00355871886120996,0.00213523131672598,0.195804195804196,0.3,0.575818190835648,weighted,explore
128,WFG6,10,7,34,0.0156583629893238,0.00355871886120996,0.199300699300699,0.3,0.557576054451978,weighted,explore
129,WFG6,10,8,1,0.0211111111111111,1,0.101398601398601,0.4,0.667400695589003,curriculum,explore
129,WFG6,10,8,2,0.00569395017793594,0.0211111111111111,0.111888111888112,0.4,0.584301452099715,weighted,explore
129,WFG6,10,8,3,0.00640569395017794,0.00569395017793594,0.115384615384615,0.4,0.547700651521066,conservative,explore
129,WFG6,10,8,4,0.00142348754448399,0.00640569395017794,0.122377622377622,0.4,0.556759518425136,weighted,explore
129,WFG6,10,8,5,0.00782918149466192,0.00142348754448399,0.136363636363636,0.4,0.538865406100662,conservative,explore
129,WFG6,10,8,6,0.0149466192170819,0.00782918149466192,0.143356643356643,0.4,0.548158852944088,conservative,explore
129,WFG6,10,8,7,0.00925266903914591,0.0149466192170819,0.143356643356643,0.4,0.482281066693306,conservative,explore
129,WFG6,10,8,8,0.0120996441281139,0.00925266903914591,0.157342657342657,0.4,0.565604372503828,weighted,explore
129,WFG6,10,8,9,0.0128113879003559,0.0120996441281139,0.178321678321678,0.4,0.518812670775639,conservative,explore
129,WFG6,10,8,10,0.0135231316725979,0.0128113879003559,0.174825174825175,0.4,0.536970597781007,conservative,explore
129,WFG6,10,8,11,0.00569395017793594,0.0135231316725979,0.153846153846154,0.4,0.482256243309121,conservative,explore
129,WFG6,10,8,12,0.0220640569395018,0.00569395017793594,0.160839160839161,0.4,0.537740843877003,conservative,explore
129,WFG6,10,8,13,0.0270462633451957,0.0220640569395018,0.146853146853147,0.4,0.473443455704854,conservative,explore
129,WFG6,10,8,14,0.0177935943060498,0.0270462633451957,0.160839160839161,0.4,0.674021701631764,weighted,explore
129,WFG6,10,8,15,0.0149466192170819,0.0177935943060498,0.174825174825175,0.4,0.528043295162813,conservative,explore
129,WFG6,10,8,16,0.0135231316725979,0.0149466192170819,0.164335664335664,0.4,0.482095678727916,conservative,explore
129,WFG6,10,8,17,0.0213523131672598,0.0135231316725979,0.171328671328671,0.4,0.518688099337404,conservative,explore
129,WFG6,10,8,18,0.0156583629893238,0.0213523131672598,0.15034965034965,0.4,0.499976463964763,conservative,explore
129,WFG6,10,8,19,0.0142348754448399,0.0156583629893238,0.146853146853147,0.4,0.536155027995045,conservative,explore
129,WFG6,10,8,20,0.0192170818505338,0.0142348754448399,0.160839160839161,0.4,0.490935388833235,conservative,explore
129,WFG6,10,8,21,0.0241992882562278,0.0192170818505338,0.164335664335664,0.4,0.49987987379974,conservative,explore
129,WFG6,10,8,22,0.0199288256227758,0.0241992882562278,0.167832167832168,0.4,0.508934425136663,conservative,explore
129,WFG6,10,8,23,0.0099644128113879,0.0199288256227758,0.157342657342657,0.4,0.591312321980907,weighted,explore
129,WFG6,10,8,24,0.00498220640569395,0.0099644128113879,0.164335664335664,0.4,0.60004741330255,weighted,explore
129,WFG6,10,8,25,0.0113879003558719,0.00498220640569395,0.167832167832168,0.4,0.591030298677135,weighted,explore
129,WFG6,10,8,26,0.0391459074733096,0.0113879003558719,0.164335664335664,0.4,0.590888608521596,weighted,explore
129,WFG6,10,8,27,0.0419928825622776,0.0391459074733096,0.167832167832168,0.4,0.581986126690443,weighted,explore
129,WFG6,10,8,28,0.00640569395017794,0.0419928825622776,0.160839160839161,0.4,0.609275718853104,weighted,explore
129,WFG6,10,8,29,0.0142348754448399,0.00640569395017794,0.160839160839161,0.4,0.60945659041204,weighted,explore
129,WFG6,10,8,30,0.0156583629893238,0.0142348754448399,0.157342657342657,0.4,0.609608625667598,weighted,explore
129,WFG6,10,8,31,0.0206405693950178,0.0156583629893238,0.157342657342657,0.4,0.600435873597169,weighted,explore
129,WFG6,10,8,32,0.0661921708185053,0.0206405693950178,0.160839160839161,0.4,0.590835226525904,weighted,explore
129,WFG6,10,8,33,0.00854092526690392,0.0661921708185053,0.157342657342657,0.4,0.599781162369585,weighted,explore
129,WFG6,10,8,34,0.0320284697508897,0.00854092526690392,0.157342657342657,0.4,0.627220924872044,weighted,explore
130,WFG6,10,9,1,0.0144444444444444,1,0.115384615384615,0.4,0.510336982979157,curriculum,explore
130,WFG6,10,9,2,0.00640569395017794,0.0144444444444444,0.118881118881119,0.4,0.538088144629417,conservative,explore
130,WFG6,10,9,3,0.0192170818505338,0.00640569395017794,0.125874125874126,0.4,0.492133353211482,conservative,explore
130,WFG6,10,9,4,0.0170818505338078,0.0192170818505338,0.132867132867133,0.4,0.473523519527693,conservative,explore
130,WFG6,10,9,5,0.0128113879003559,0.0170818505338078,0.13986013986014,0.4,0.510475742218215,conservative,explore
130,WFG6,10,9,6,0.0135231316725979,0.0128113879003559,0.136363636363636,0.4,0.5195402108066,conservative,explore
130,WFG6,10,9,7,0.00355871886120996,0.0135231316725979,0.129370629370629,0.4,0.537590440280756,conservative,explore
130,WFG6,10,9,8,0.00355871886120996,0.00355871886120996,0.136363636363636,0.4,0.473644652166528,conservative,explore
130,WFG6,10,9,9,0.0113879003558719,0.00355871886120996,0.136363636363636,0.4,0.528901375961422,conservative,explore
130,WFG6,10,9,10,0.00355871886120996,0.0113879003558719,0.146853146853147,0.4,0.639050720933517,weighted,explore
130,WFG6,10,9,11,0.0149466192170819,0.00355871886120996,0.146853146853147,0.4,0.657198084500091,weighted,explore
130,WFG6,10,9,12,0.00498220640569395,0.0149466192170819,0.132867132867133,0.4,0.564923839911439,weighted,explore
130,WFG6,10,9,13,0.0341637010676157,0.00498220640569395,0.136363636363636,0.4,0.656411880830439,weighted,explore
130,WFG6,10,9,14,0.00569395017793594,0.0341637010676157,0.153846153846154,0.4,0.58344786166434,weighted,explore
130,WFG6,10,9,15,0.00640569395017794,0.00569395017793594,0.153846153846154,0.4,0.57508803039734,weighted,explore
130,WFG6,10,9,16,0.0149466192170819,0.00640569395017794,0.171328671328671,0.4,0.57478032077607,weighted,explore
130,WFG6,10,9,17,0.00782918149466192,0.0149466192170819,0.160839160839161,0.3,0.583518691345808,weighted,explore
130,WFG6,10,9,18,0.0384341637010676,0.00782918149466192,0.174825174825175,0.3,0.583375006017792,weighted,explore
130,WFG6,10,9,19,0.0149466192170819,0.0384341637010676,0.188811188811189,0.3,0.556234889638263,weighted,explore
130,WFG6,10,9,20,0.00854092526690392,0.0149466192170819,0.178321678321678,0.4,0.537380033293025,conservative,explore
130,WFG6,10,9,21,0.00925266903914591,0.00854092526690392,0.174825174825175,0.3,0.528372260392678,conservative,explore
130,WFG6,10,9,22,0.00854092526690392,0.00925266903914591,0.171328671328671,0.3,0.501690233767889,conservative,explore
130,WFG6,10,9,23,0.00640569395017794,0.00854092526690392,0.171328671328671,0.3,0.483541989166611,conservative,explore
130,WFG6,10,9,24,0.00498220640569395,0.00640569395017794,0.171328671328671,0.3,0.465833366293433,conservative,explore
130,WFG6,10,9,25,0.0227758007117438,0.00498220640569395,0.171328671328671,0.3,0.465999953839242,conservative,explore
130,WFG6,10,9,26,0.00782918149466192,0.0227758007117438,0.174825174825175,0.3,0.674035277341387,weighted,explore
130,WFG6,10,9,27,0.0099644128113879,0.00782918149466192,0.185314685314685,0.3,0.509517934863967,conservative,explore
130,WFG6,10,9,28,0.0113879003558719,0.0099644128113879,0.171328671328671,0.3,0.482031774371579,conservative,explore
130,WFG6,10,9,29,0.00569395017793594,0.0113879003558719,0.178321678321678,0.3,0.490780136906757,conservative,explore
130,WFG6,10,9,30,0.0227758007117438,0.00569395017793594,0.185314685314685,0.3,0.481444741042331,conservative,explore
130,WFG6,10,9,31,0.0128113879003559,0.0227758007117438,0.195804195804196,0.3,0.509021170313691,conservative,explore
130,WFG6,10,9,32,0.0177935943060498,0.0128113879003559,0.192307692307692,0.3,0.509582919344288,conservative,explore
130,WFG6,10,9,33,0.0106761565836299,0.0177935943060498,0.192307692307692,0.3,0.525972787206118,conservative,explore
130,WFG6,10,9,34,0.00498220640569395,0.0106761565836299,0.195804195804196,0.3,0.526085081687125,conservative,explore
131,WFG6,20,1,1,0.0311111111111111,1,0.0216450216450216,0.65,0.61489335369929,curriculum,indicator
131,WFG6,20,1,2,0.0106761565836299,0.0311111111111111,0.0303030303030303,0.65,0.595789485761709,weighted,indicator
131,WFG6,20,1,3,0.0099644128113879,0.0106761565836299,0.0303030303030303,0.65,0.57664965328026,weighted,indicator
131,WFG6,20,1,4,0.0256227758007117,0.0099644128113879,0.0346320346320346,0.65,0.614788216173077,weighted,indicator
131,WFG6,20,1,5,0.0135231316725979,0.0256227758007117,0.038961038961039,0.65,0.55728653010121,weighted,indicator
131,WFG6,20,1,6,0.399288256227758,0.0135231316725979,0.0476190476190476,0.65,0.557252624390817,weighted,conservative
131,WFG6,20,1,7,0.0133333333333333,0.399288256227758,0.0562770562770563,0.65,0.528736964693055,curriculum,indicator
131,WFG6,20,1,8,0.0711743772241993,0.0133333333333333,0.0562770562770563,0.65,0.585894664434716,weighted,indicator
131,WFG6,20,1,9,0.134519572953737,0.0711743772241993,0.0562770562770563,0.65,0.691216050534491,weighted,indicator
131,WFG6,20,1,10,0.00782918149466192,0.134519572953737,0.051948051948052,0.65,0.662575841110483,weighted,indicator
131,WFG6,20,1,11,0.00925266903914591,0.00782918149466192,0.051948051948052,0.65,0.691259308212834,weighted,indicator
131,WFG6,20,1,12,0.0619217081850534,0.00925266903914591,0.0649350649350649,0.65,0.567019661289406,weighted,indicator
131,WFG6,20,1,13,0.0106761565836299,0.0619217081850534,0.0649350649350649,0.65,0.576514734630668,weighted,indicator
131,WFG6,20,1,14,0.0362989323843416,0.0106761565836299,0.0649350649350649,0.65,0.528722955293154,conservative,indicator
131,WFG6,20,1,15,0.0106761565836299,0.0362989323843416,0.0692640692640693,0.6,0.566789234794227,weighted,indicator
131,WFG6,20,1,16,0.16085409252669,0.0106761565836299,0.0692640692640693,0.65,0.557242132567958,weighted,indicator
131,WFG6,20,1,17,0.0213523131672598,0.16085409252669,0.0692640692640693,0.6,0.528547966385012,conservative,indicator
131,WFG6,20,1,18,0.0227758007117438,0.0213523131672598,0.0735930735930736,0.6,0.585820554077131,weighted,indicator
131,WFG6,20,1,19,0.0291814946619217,0.0227758007117438,0.0735930735930736,0.6,0.604823134977225,weighted,indicator
131,WFG6,20,1,20,0.0661921708185053,0.0291814946619217,0.0735930735930736,0.6,0.58571813783205,weighted,indicator
131,WFG6,20,1,21,0.0298932384341637,0.0661921708185053,0.0692640692640693,0.6,0.690704094024036,weighted,indicator
131,WFG6,20,1,22,0.0227758007117438,0.0298932384341637,0.0692640692640693,0.6,0.519316096519541,conservative,indicator
131,WFG6,20,1,23,0.0234875444839858,0.0227758007117438,0.0606060606060606,0.6,0.54771553668196,conservative,indicator
131,WFG6,20,1,24,0.0263345195729537,0.0234875444839858,0.0649350649350649,0.6,0.557096694717536,weighted,indicator
131,WFG6,20,1,25,0.0192170818505338,0.0263345195729537,0.0649350649350649,0.6,0.547731412704396,conservative,indicator
131,WFG6,20,1,26,0.0391459074733096,0.0192170818505338,0.051948051948052,0.6,0.557330041815699,weighted,indicator
131,WFG6,20,1,27,0.20355871886121,0.0391459074733096,0.0649350649350649,0.6,0.595308486389639,weighted,indicator
131,WFG6,20,1,28,0.0185053380782918,0.20355871886121,0.0606060606060606,0.6,0.681320608786089,weighted,indicator
131,WFG6,20,1,29,0.113167259786477,0.0185053380782918,0.0735930735930736,0.6,0.585765081505736,weighted,indicator
131,WFG6,20,1,30,0.0725978647686833,0.113167259786477,0.0735930735930736,0.6,0.680857773317443,weighted,indicator
131,WFG6,20,1,31,0.0419928825622776,0.0725978647686833,0.0735930735930736,0.6,0.690322664697732,weighted,indicator
131,WFG6,20,1,32,0.0206405693950178,0.0419928825622776,0.0735930735930736,0.6,0.518958806355644,conservative,indicator
131,WFG6,20,1,33,0.140925266903915,0.0206405693950178,0.0735930735930736,0.6,0.690540496271183,weighted,indicator
131,WFG6,20,1,34,0.108896797153025,0.140925266903915,0.0735930735930736,0.6,0.528720419764679,conservative,indicator
132,WFG6,20,10,1,0.0166666666666667,1,0.038961038961039,0.65,0.624950519732559,curriculum,indicator
132,WFG6,20,10,2,0.0234875444839858,0.0166666666666667,0.0346320346320346,0.65,0.63459089017695,weighted,indicator
132,WFG6,20,10,3,0.00284697508896797,0.0234875444839858,0.025974025974026,0.6,0.557851341229174,weighted,indicator
132,WFG6,20,10,4,0.0192170818505338,0.00284697508896797,0.0303030303030303,0.65,0.538256537364538,conservative,indicator
132,WFG6,20,10,5,0.0405693950177936,0.0192170818505338,0.038961038961039,0.65,0.586201280718518,weighted,indicator
132,WFG6,20,10,6,0.00782918149466192,0.0405693950177936,0.0476190476190476,0.6,0.566866753581108,weighted,indicator
132,WFG6,20,10,7,0.0099644128113879,0.00782918149466192,0.051948051948052,0.6,0.557405267690586,weighted,indicator
132,WFG6,20,10,8,0.0348754448398577,0.0099644128113879,0.051948051948052,0.6,0.56693499450746,weighted,indicator
132,WFG6,20,10,9,0.0256227758007117,0.0348754448398577,0.0432900432900433,0.6,0.538234514403215,conservative,indicator
132,WFG6,20,10,10,0.0120996441281139,0.0256227758007117,0.0432900432900433,0.6,0.585939516247029,weighted,indicator
132,WFG6,20,10,11,0.0234875444839858,0.0120996441281139,0.0476190476190476,0.6,0.547887883173521,conservative,indicator
132,WFG6,20,10,12,0.0903914590747331,0.0234875444839858,0.0476190476190476,0.6,0.662137886848186,weighted,indicator
132,WFG6,20,10,13,0.0185053380782918,0.0903914590747331,0.0432900432900433,0.6,0.671565354501828,weighted,indicator
132,WFG6,20,10,14,0.0768683274021352,0.0185053380782918,0.0432900432900433,0.6,0.67184283313463,weighted,indicator
132,WFG6,20,10,15,0.00782918149466192,0.0768683274021352,0.0476190476190476,0.6,0.671723364863507,weighted,indicator
132,WFG6,20,10,16,0.0099644128113879,0.00782918149466192,0.0476190476190476,0.6,0.681161486767707,weighted,indicator
132,WFG6,20,10,17,0.0206405693950178,0.0099644128113879,0.0476190476190476,0.55,0.681226411846738,weighted,indicator
132,WFG6,20,10,18,0.00498220640569395,0.0206405693950178,0.0562770562770563,0.6,0.624136976905217,weighted,indicator
132,WFG6,20,10,19,0.0419928825622776,0.00498220640569395,0.0649350649350649,0.6,0.633647732545887,weighted,indicator
132,WFG6,20,10,20,0.0391459074733096,0.0419928825622776,0.0649350649350649,0.6,0.681016897486921,weighted,indicator
132,WFG6,20,10,21,0.0263345195729537,0.0391459074733096,0.0649350649350649,0.6,0.690520792146791,weighted,indicator
132,WFG6,20,10,22,0.0533807829181495,0.0263345195729537,0.0692640692640693,0.6,0.690503646416737,weighted,indicator
132,WFG6,20,10,23,0.0839857651245552,0.0533807829181495,0.0606060606060606,0.6,0.681063076427186,weighted,indicator
132,WFG6,20,10,24,0.105338078291815,0.0839857651245552,0.0735930735930736,0.55,0.690187394238969,weighted,indicator
132,WFG6,20,10,25,0.0327402135231317,0.105338078291815,0.0822510822510823,0.55,0.63328041887298,weighted,indicator
132,WFG6,20,10,26,0.0313167259786477,0.0327402135231317,0.0865800865800866,0.55,0.690363911617119,weighted,indicator
132,WFG6,20,10,27,0.0313167259786477,0.0313167259786477,0.0909090909090909,0.55,0.662018806755783,weighted,indicator
132,WFG6,20,10,28,0.0441281138790036,0.0313167259786477,0.0865800865800866,0.55,0.680997724898883,weighted,indicator
132,WFG6,20,10,29,0.0213523131672598,0.0441281138790036,0.0909090909090909,0.55,0.681032468057388,weighted,indicator
132,WFG6,20,10,30,0.0683274021352313,0.0213523131672598,0.0865800865800866,0.55,0.566891508110535,weighted,indicator
132,WFG6,20,10,31,0.0135231316725979,0.0683274021352313,0.0952380952380952,0.55,0.67129659766125,weighted,indicator
132,WFG6,20,10,32,0.0669039145907473,0.0135231316725979,0.0909090909090909,0.55,0.566812318461189,weighted,indicator
132,WFG6,20,10,33,0.0291814946619217,0.0669039145907473,0.0735930735930736,0.55,0.538131272073798,conservative,indicator
132,WFG6,20,10,34,0.0932384341637011,0.0291814946619217,0.0779220779220779,0.55,0.651699971323667,weighted,indicator
133,WFG6,20,2,1,0.0122222222222222,1,0.0562770562770563,0.65,0.57701323185511,curriculum,indicator
133,WFG6,20,2,2,0.0142348754448399,0.0122222222222222,0.0562770562770563,0.65,0.5386813369303,conservative,indicator
133,WFG6,20,2,3,0.0206405693950178,0.0142348754448399,0.0562770562770563,0.65,0.500164643007367,conservative,indicator
133,WFG6,20,2,4,0.00925266903914591,0.0206405693950178,0.0562770562770563,0.65,0.548173237440603,conservative,indicator
133,WFG6,20,2,5,0.00711743772241993,0.00925266903914591,0.0606060606060606,0.65,0.548207717092817,conservative,indicator
133,WFG6,20,2,6,0.0263345195729537,0.00711743772241993,0.0432900432900433,0.65,0.528960065047593,conservative,indicator
133,WFG6,20,2,7,0.0142348754448399,0.0263345195729537,0.0432900432900433,0.7,0.528771990460351,conservative,indicator
133,WFG6,20,2,8,0.00925266903914591,0.0142348754448399,0.038961038961039,0.65,0.518903563088175,conservative,indicator
133,WFG6,20,2,9,0.0177935943060498,0.00925266903914591,0.038961038961039,0.7,0.557236045791273,weighted,indicator
133,WFG6,20,2,10,0.0213523131672598,0.0177935943060498,0.0346320346320346,0.7,0.58582162840299,weighted,indicator
133,WFG6,20,2,11,0.0334519572953737,0.0213523131672598,0.0432900432900433,0.7,0.566870492681893,weighted,indicator
133,WFG6,20,2,12,0.137366548042705,0.0334519572953737,0.038961038961039,0.7,0.595432191203807,weighted,indicator
133,WFG6,20,2,13,0.0370106761565836,0.137366548042705,0.0476190476190476,0.7,0.566834578735746,weighted,indicator
133,WFG6,20,2,14,0.00284697508896797,0.0370106761565836,0.0476190476190476,0.7,0.576351369859408,weighted,indicator
133,WFG6,20,2,15,0.00498220640569395,0.00284697508896797,0.0476190476190476,0.7,0.595348919761551,weighted,indicator
133,WFG6,20,2,16,0.0790035587188612,0.00498220640569395,0.0476190476190476,0.7,0.595323870316244,weighted,indicator
133,WFG6,20,2,17,0.519572953736655,0.0790035587188612,0.0476190476190476,0.7,0.643100821423826,weighted,conservative
133,WFG6,20,2,18,0.0111111111111111,0.519572953736655,0.0476190476190476,0.7,0.595463595512789,curriculum,indicator
133,WFG6,20,2,19,0.0540925266903915,0.0111111111111111,0.0476190476190476,0.7,0.633709942888341,weighted,indicator
133,WFG6,20,2,20,0.2,0.0540925266903915,0.051948051948052,0.7,0.652716818010325,weighted,indicator
133,WFG6,20,2,21,0.108185053380783,0.2,0.051948051948052,0.7,0.5763940941243,weighted,indicator
133,WFG6,20,2,22,0.0398576512455516,0.108185053380783,0.0606060606060606,0.7,0.557324015941134,weighted,indicator
133,WFG6,20,2,23,0.0669039145907473,0.0398576512455516,0.0649350649350649,0.7,0.69078880530162,weighted,indicator
133,WFG6,20,2,24,0.185053380782918,0.0669039145907473,0.0649350649350649,0.7,0.595527551509196,weighted,indicator
133,WFG6,20,2,25,0.0106761565836299,0.185053380782918,0.0606060606060606,0.7,0.643261232186578,weighted,indicator
133,WFG6,20,2,26,0.0448398576512456,0.0106761565836299,0.0692640692640693,0.7,0.690895198822339,weighted,indicator
133,WFG6,20,2,27,0.00925266903914591,0.0448398576512456,0.0692640692640693,0.7,0.690933851277984,weighted,indicator
133,WFG6,20,2,28,0.140213523131673,0.00925266903914591,0.0692640692640693,0.7,0.681153994774336,weighted,indicator
133,WFG6,20,2,29,0.0818505338078292,0.140213523131673,0.0692640692640693,0.7,0.547963049003927,conservative,indicator
133,WFG6,20,2,30,0.0398576512455516,0.0818505338078292,0.0692640692640693,0.7,0.643138100573636,weighted,indicator
133,WFG6,20,2,31,0.190035587188612,0.0398576512455516,0.0692640692640693,0.7,0.662200884978,weighted,indicator
133,WFG6,20,2,32,0.354448398576512,0.190035587188612,0.0735930735930736,0.7,0.604900882079633,weighted,conservative
133,WFG6,20,2,33,0.286666666666667,0.354448398576512,0.0735930735930736,0.7,0.633358691934878,curriculum,indicator
133,WFG6,20,2,34,0.239857651245552,0.286666666666667,0.0735930735930736,0.7,0.633367222725716,weighted,indicator
134,WFG6,20,3,1,0.00777777777777778,1,0.0606060606060606,0.6,0.586561010910008,curriculum,indicator
134,WFG6,20,3,2,0.0185053380782918,0.00777777777777778,0.051948051948052,0.6,0.548285879186708,conservative,indicator
134,WFG6,20,3,3,0.0306049822064057,0.0185053380782918,0.051948051948052,0.6,0.692053483979263,weighted,indicator
134,WFG6,20,3,4,0.0106761565836299,0.0306049822064057,0.051948051948052,0.6,0.509857528070078,conservative,indicator
134,WFG6,20,3,5,0.0277580071174377,0.0106761565836299,0.0606060606060606,0.6,0.576842648999472,weighted,indicator
134,WFG6,20,3,6,0.0540925266903915,0.0277580071174377,0.0649350649350649,0.6,0.586321672565946,weighted,indicator
134,WFG6,20,3,7,0.0327402135231317,0.0540925266903915,0.0735930735930736,0.6,0.57669720075882,weighted,indicator
134,WFG6,20,3,8,0.0298932384341637,0.0327402135231317,0.0649350649350649,0.55,0.519527444356368,conservative,indicator
134,WFG6,20,3,9,0.0128113879003559,0.0298932384341637,0.0909090909090909,0.6,0.691364137671804,weighted,indicator
134,WFG6,20,3,10,0.0185053380782918,0.0128113879003559,0.0952380952380952,0.55,0.547859272084165,conservative,indicator
134,WFG6,20,3,11,0.0441281138790036,0.0185053380782918,0.0995670995670996,0.55,0.538315860473919,conservative,indicator
134,WFG6,20,3,12,0.0683274021352313,0.0441281138790036,0.112554112554113,0.55,0.634157313830379,weighted,indicator
134,WFG6,20,3,13,0.0213523131672598,0.0683274021352313,0.121212121212121,0.55,0.605501424899379,weighted,indicator
134,WFG6,20,3,14,0.0526690391459075,0.0213523131672598,0.121212121212121,0.55,0.6150543485674,weighted,indicator
134,WFG6,20,3,15,0.0156583629893238,0.0526690391459075,0.116883116883117,0.55,0.633953266912814,weighted,indicator
134,WFG6,20,3,16,0.0106761565836299,0.0156583629893238,0.116883116883117,0.55,0.65281742283845,weighted,indicator
134,WFG6,20,3,17,0.00711743772241993,0.0106761565836299,0.116883116883117,0.55,0.653080304511637,weighted,indicator
134,WFG6,20,3,18,0.0370106761565836,0.00711743772241993,0.103896103896104,0.55,0.681691126381282,weighted,indicator
134,WFG6,20,3,19,0.0690391459074733,0.0370106761565836,0.103896103896104,0.55,0.691388352216742,weighted,indicator
134,WFG6,20,3,20,0.00854092526690392,0.0690391459074733,0.108225108225108,0.55,0.529261901693462,conservative,indicator
134,WFG6,20,3,21,0.0277580071174377,0.00854092526690392,0.112554112554113,0.5,0.672068109565569,weighted,indicator
134,WFG6,20,3,22,0.0355871886120996,0.0277580071174377,0.12987012987013,0.55,0.605391079626342,weighted,indicator
134,WFG6,20,3,23,0.138078291814947,0.0355871886120996,0.108225108225108,0.55,0.65256869500482,weighted,indicator
134,WFG6,20,3,24,0.127402135231317,0.138078291814947,0.116883116883117,0.55,0.643449376106679,weighted,indicator
134,WFG6,20,3,25,0.0448398576512456,0.127402135231317,0.112554112554113,0.55,0.671847126904081,weighted,indicator
134,WFG6,20,3,26,0.0306049822064057,0.0448398576512456,0.108225108225108,0.55,0.624238783852158,weighted,indicator
134,WFG6,20,3,27,0.0455516014234875,0.0306049822064057,0.0909090909090909,0.55,0.633706551985945,weighted,indicator
134,WFG6,20,3,28,0.0256227758007117,0.0455516014234875,0.0909090909090909,0.55,0.633706743493211,weighted,indicator
134,WFG6,20,3,29,0.0220640569395018,0.0256227758007117,0.0952380952380952,0.55,0.633706621697916,weighted,indicator
134,WFG6,20,3,30,0.0149466192170819,0.0220640569395018,0.0995670995670996,0.55,0.624086543011888,weighted,indicator
134,WFG6,20,3,31,0.0441281138790036,0.0149466192170819,0.0995670995670996,0.55,0.652581133870799,weighted,indicator
134,WFG6,20,3,32,0.188612099644128,0.0441281138790036,0.108225108225108,0.55,0.643127765919878,weighted,indicator
134,WFG6,20,3,33,0.0156583629893238,0.188612099644128,0.103896103896104,0.55,0.652720098025187,weighted,indicator
134,WFG6,20,3,34,0.0213523131672598,0.0156583629893238,0.103896103896104,0.55,0.66217209331161,weighted,indicator
135,WFG6,20,4,1,0.0266666666666667,1,0.025974025974026,0.65,0.634458141966176,curriculum,indicator
135,WFG6,20,4,2,0.0156583629893238,0.0266666666666667,0.0303030303030303,0.65,0.634363656538123,weighted,indicator
135,WFG6,20,4,3,0.0192170818505338,0.0156583629893238,0.0346320346320346,0.65,0.567301818002398,weighted,indicator
135,WFG6,20,4,4,0.0177935943060498,0.0192170818505338,0.0346320346320346,0.65,0.624742723894902,weighted,indicator
135,WFG6,20,4,5,0.0234875444839858,0.0177935943060498,0.0346320346320346,0.65,0.605557374836194,weighted,indicator
135,WFG6,20,4,6,0.00711743772241993,0.0234875444839858,0.0432900432900433,0.65,0.595864118276748,weighted,indicator
135,WFG6,20,4,7,0.0291814946619217,0.00711743772241993,0.038961038961039,0.65,0.586386821685257,weighted,indicator
135,WFG6,20,4,8,0.0448398576512456,0.0291814946619217,0.038961038961039,0.65,0.576748617916158,weighted,indicator
135,WFG6,20,4,9,0.148042704626335,0.0448398576512456,0.0432900432900433,0.65,0.567051769019331,weighted,indicator
135,WFG6,20,4,10,0.0313167259786477,0.148042704626335,0.0432900432900433,0.65,0.614750095619455,weighted,indicator
135,WFG6,20,4,11,0.0199288256227758,0.0313167259786477,0.051948051948052,0.65,0.624358647988922,weighted,indicator
135,WFG6,20,4,12,0.0142348754448399,0.0199288256227758,0.0562770562770563,0.65,0.624391685247133,weighted,indicator
135,WFG6,20,4,13,0.0263345195729537,0.0142348754448399,0.0562770562770563,0.65,0.595382740610619,weighted,indicator
135,WFG6,20,4,14,0.00711743772241993,0.0263345195729537,0.0606060606060606,0.65,0.595567998540783,weighted,indicator
135,WFG6,20,4,15,0.0199288256227758,0.00711743772241993,0.0649350649350649,0.65,0.585974757250055,weighted,indicator
135,WFG6,20,4,16,0.0412811387900356,0.0199288256227758,0.0735930735930736,0.65,0.547786638474091,conservative,indicator
135,WFG6,20,4,17,0.0142348754448399,0.0412811387900356,0.0692640692640693,0.65,0.537931060348661,conservative,indicator
135,WFG6,20,4,18,0.0519572953736655,0.0142348754448399,0.0692640692640693,0.65,0.518634425800251,conservative,indicator
135,WFG6,20,4,19,0.0540925266903915,0.0519572953736655,0.0692640692640693,0.65,0.499651147324285,conservative,indicator
135,WFG6,20,4,20,0.0249110320284698,0.0540925266903915,0.0692640692640693,0.65,0.528415376715761,conservative,indicator
135,WFG6,20,4,21,0.0476868327402135,0.0249110320284698,0.0735930735930736,0.65,0.547398060272861,conservative,indicator
135,WFG6,20,4,22,0.0241992882562278,0.0476868327402135,0.0735930735930736,0.65,0.690411736805794,weighted,indicator
135,WFG6,20,4,23,0.126690391459075,0.0241992882562278,0.0779220779220779,0.65,0.557040479486464,weighted,indicator
135,WFG6,20,4,24,0.0213523131672598,0.126690391459075,0.0692640692640693,0.65,0.519215250952044,conservative,indicator
135,WFG6,20,4,25,0.0405693950177936,0.0213523131672598,0.0692640692640693,0.6,0.690867571237162,weighted,indicator
135,WFG6,20,4,26,0.0128113879003559,0.0405693950177936,0.0562770562770563,0.6,0.519534192364477,conservative,indicator
135,WFG6,20,4,27,0.136654804270463,0.0128113879003559,0.0562770562770563,0.6,0.538549320693491,conservative,indicator
135,WFG6,20,4,28,0.0419928825622776,0.136654804270463,0.0649350649350649,0.6,0.481184310362899,conservative,indicator
135,WFG6,20,4,29,0.0875444839857651,0.0419928825622776,0.0649350649350649,0.6,0.490539923485802,conservative,indicator
135,WFG6,20,4,30,0.245551601423488,0.0875444839857651,0.051948051948052,0.6,0.55719282513346,weighted,indicator
135,WFG6,20,4,31,0.23202846975089,0.245551601423488,0.0606060606060606,0.6,0.585684903437584,weighted,indicator
135,WFG6,20,4,32,0.414946619217082,0.23202846975089,0.0606060606060606,0.6,0.576227111878173,weighted,conservative
135,WFG6,20,4,33,0.0555555555555556,0.414946619217082,0.0606060606060606,0.6,0.57629154240913,curriculum,indicator
135,WFG6,20,4,34,0.149466192170818,0.0555555555555556,0.0606060606060606,0.6,0.557222824000955,weighted,indicator
136,WFG6,20,5,1,0.0133333333333333,1,0.0432900432900433,0.65,0.615257182693215,curriculum,indicator
136,WFG6,20,5,2,0.00569395017793594,0.0133333333333333,0.025974025974026,0.7,0.586449257679127,weighted,indicator
136,WFG6,20,5,3,0.0099644128113879,0.00569395017793594,0.025974025974026,0.65,0.5960122190631,weighted,indicator
136,WFG6,20,5,4,0.00355871886120996,0.0099644128113879,0.025974025974026,0.65,0.576956471837497,weighted,indicator
136,WFG6,20,5,5,0.0142348754448399,0.00355871886120996,0.0346320346320346,0.65,0.538581999996466,conservative,indicator
136,WFG6,20,5,6,0.00498220640569395,0.0142348754448399,0.025974025974026,0.65,0.509655366352569,conservative,indicator
136,WFG6,20,5,7,0.0135231316725979,0.00498220640569395,0.0303030303030303,0.65,0.519276266988491,conservative,indicator
136,WFG6,20,5,8,0.0320284697508897,0.0135231316725979,0.025974025974026,0.65,0.490672379767337,conservative,indicator
136,WFG6,20,5,9,0.0177935943060498,0.0320284697508897,0.0303030303030303,0.65,0.547873780297837,conservative,indicator
136,WFG6,20,5,10,0.0256227758007117,0.0177935943060498,0.0346320346320346,0.65,0.538402281727303,conservative,indicator
136,WFG6,20,5,11,0.0213523131672598,0.0256227758007117,0.0432900432900433,0.6,0.49075701169753,conservative,indicator
136,WFG6,20,5,12,0.0405693950177936,0.0213523131672598,0.0432900432900433,0.6,0.509843395723215,conservative,indicator
136,WFG6,20,5,13,0.0128113879003559,0.0405693950177936,0.0432900432900433,0.6,0.528893875120574,conservative,indicator
136,WFG6,20,5,14,0.0434163701067616,0.0128113879003559,0.0476190476190476,0.6,0.519115549872034,conservative,indicator
136,WFG6,20,5,15,0.0320284697508897,0.0434163701067616,0.0476190476190476,0.6,0.547472728879193,conservative,indicator
136,WFG6,20,5,16,0.0562277580071174,0.0320284697508897,0.0606060606060606,0.6,0.557327412726359,weighted,indicator
136,WFG6,20,5,17,0.0234875444839858,0.0562277580071174,0.0649350649350649,0.6,0.557458945099172,weighted,indicator
136,WFG6,20,5,18,0.0135231316725979,0.0234875444839858,0.0606060606060606,0.55,0.557604436952916,weighted,indicator
136,WFG6,20,5,19,0.0782918149466192,0.0135231316725979,0.0865800865800866,0.55,0.585760730553602,weighted,indicator
136,WFG6,20,5,20,0.0241992882562278,0.0782918149466192,0.0909090909090909,0.55,0.538458415470273,conservative,indicator
136,WFG6,20,5,21,0.0234875444839858,0.0241992882562278,0.0822510822510823,0.55,0.548086607951215,conservative,indicator
136,WFG6,20,5,22,0.20711743772242,0.0234875444839858,0.0909090909090909,0.55,0.557521013136989,weighted,indicator
136,WFG6,20,5,23,0.0512455516014235,0.20711743772242,0.0865800865800866,0.55,0.671623535221455,weighted,indicator
136,WFG6,20,5,24,0.0669039145907473,0.0512455516014235,0.0865800865800866,0.55,0.67156181903672,weighted,indicator
136,WFG6,20,5,25,0.0476868327402135,0.0669039145907473,0.0995670995670996,0.55,0.690298387838304,weighted,indicator
136,WFG6,20,5,26,0.0683274021352313,0.0476868327402135,0.0952380952380952,0.55,0.652074109334496,weighted,indicator
136,WFG6,20,5,27,0.0192170818505338,0.0683274021352313,0.0909090909090909,0.55,0.490722809436251,conservative,indicator
136,WFG6,20,5,28,0.0256227758007117,0.0192170818505338,0.0952380952380952,0.55,0.519110403306418,conservative,indicator
136,WFG6,20,5,29,0.0412811387900356,0.0256227758007117,0.0952380952380952,0.55,0.681022444087995,weighted,indicator
136,WFG6,20,5,30,0.0761565836298932,0.0412811387900356,0.0995670995670996,0.55,0.518368425218982,conservative,indicator
136,WFG6,20,5,31,0.0669039145907473,0.0761565836298932,0.0952380952380952,0.55,0.537426011879514,conservative,indicator
136,WFG6,20,5,32,0.124555160142349,0.0669039145907473,0.0909090909090909,0.55,0.518530069115217,conservative,indicator
136,WFG6,20,5,33,0.0861209964412811,0.124555160142349,0.0909090909090909,0.55,0.537418984417785,conservative,indicator
136,WFG6,20,5,34,0.0334519572953737,0.0861209964412811,0.0909090909090909,0.55,0.499766785925118,conservative,indicator
137,WFG6,20,6,1,0.02,1,0.0303030303030303,0.7,0.634457478243265,curriculum,indicator
137,WFG6,20,6,2,0.0306049822064057,0.02,0.0346320346320346,0.65,0.6535487320445,weighted,indicator
137,WFG6,20,6,3,0.0334519572953737,0.0306049822064057,0.0432900432900433,0.65,0.634227441497988,weighted,indicator
137,WFG6,20,6,4,0.0249110320284698,0.0334519572953737,0.038961038961039,0.65,0.682083616732208,weighted,indicator
137,WFG6,20,6,5,0.0725978647686833,0.0249110320284698,0.038961038961039,0.65,0.576768398102055,weighted,indicator
137,WFG6,20,6,6,0.00782918149466192,0.0725978647686833,0.038961038961039,0.65,0.586193415024756,weighted,indicator
137,WFG6,20,6,7,0.0227758007117438,0.00782918149466192,0.038961038961039,0.65,0.586148735013974,weighted,indicator
137,WFG6,20,6,8,0.0377224199288256,0.0227758007117438,0.038961038961039,0.65,0.576535703256913,weighted,indicator
137,WFG6,20,6,9,0.0441281138790036,0.0377224199288256,0.0432900432900433,0.6,0.547778645300208,conservative,indicator
137,WFG6,20,6,10,0.00498220640569395,0.0441281138790036,0.0432900432900433,0.6,0.691100339364606,weighted,indicator
137,WFG6,20,6,11,0.350889679715302,0.00498220640569395,0.0476190476190476,0.6,0.595319354332868,weighted,conservative
137,WFG6,20,6,12,0.0411111111111111,0.350889679715302,0.051948051948052,0.6,0.614425802170523,curriculum,indicator
137,WFG6,20,6,13,0.0427046263345196,0.0411111111111111,0.0562770562770563,0.6,0.557422915733058,weighted,indicator
137,WFG6,20,6,14,0.0306049822064057,0.0427046263345196,0.0562770562770563,0.6,0.557434971492969,weighted,indicator
137,WFG6,20,6,15,0.0263345195729537,0.0306049822064057,0.0562770562770563,0.6,0.547869103650834,conservative,indicator
137,WFG6,20,6,16,0.00925266903914591,0.0263345195729537,0.0562770562770563,0.6,0.662303678041761,weighted,indicator
137,WFG6,20,6,17,0.00498220640569395,0.00925266903914591,0.0562770562770563,0.6,0.691203777287723,weighted,indicator
137,WFG6,20,6,18,0.0284697508896797,0.00498220640569395,0.051948051948052,0.6,0.691006079828537,weighted,indicator
137,WFG6,20,6,19,0.0163701067615658,0.0284697508896797,0.0562770562770563,0.55,0.528872705853778,conservative,indicator
137,WFG6,20,6,20,0.0177935943060498,0.0163701067615658,0.051948051948052,0.6,0.538333990062295,conservative,indicator
137,WFG6,20,6,21,0.0206405693950178,0.0177935943060498,0.051948051948052,0.6,0.528923422503615,conservative,indicator
137,WFG6,20,6,22,0.0142348754448399,0.0206405693950178,0.051948051948052,0.6,0.529017820922878,conservative,indicator
137,WFG6,20,6,23,0.0405693950177936,0.0142348754448399,0.051948051948052,0.6,0.500299412826934,conservative,indicator
137,WFG6,20,6,24,0.0355871886120996,0.0405693950177936,0.051948051948052,0.6,0.500301156449621,conservative,indicator
137,WFG6,20,6,25,0.155160142348754,0.0355871886120996,0.0562770562770563,0.6,0.566876125015071,weighted,indicator
137,WFG6,20,6,26,0.153024911032028,0.155160142348754,0.0562770562770563,0.55,0.547932162173378,conservative,indicator
137,WFG6,20,6,27,0.301779359430605,0.153024911032028,0.0606060606060606,0.55,0.538274465398276,conservative,indicator
137,WFG6,20,6,28,0.0128113879003559,0.301779359430605,0.0606060606060606,0.55,0.538203661741844,conservative,indicator
137,WFG6,20,6,29,0.0106761565836299,0.0128113879003559,0.0562770562770563,0.6,0.462110961747235,conservative,indicator
137,WFG6,20,6,30,0.0298932384341637,0.0106761565836299,0.0562770562770563,0.6,0.528560582837676,conservative,indicator
137,WFG6,20,6,31,0.0398576512455516,0.0298932384341637,0.0562770562770563,0.6,0.490409417788357,conservative,indicator
137,WFG6,20,6,32,0.0647686832740214,0.0398576512455516,0.0562770562770563,0.55,0.56639776307807,weighted,indicator
137,WFG6,20,6,33,0.0419928825622776,0.0647686832740214,0.0606060606060606,0.55,0.547243289953094,conservative,indicator
137,WFG6,20,6,34,0.125978647686833,0.0419928825622776,0.0649350649350649,0.55,0.690334987027256,weighted,indicator
138,WFG6,20,7,1,0.0166666666666667,1,0.0216450216450216,0.65,0.653503546392219,curriculum,indicator
138,WFG6,20,7,2,0.00355871886120996,0.0166666666666667,0.0303030303030303,0.65,0.557565358302428,weighted,indicator
138,WFG6,20,7,3,0.00284697508896797,0.00355871886120996,0.038961038961039,0.65,0.586162527166029,weighted,indicator
138,WFG6,20,7,4,0.00925266903914591,0.00284697508896797,0.038961038961039,0.65,0.519139272803572,conservative,indicator
138,WFG6,20,7,5,0.00355871886120996,0.00925266903914591,0.0779220779220779,0.6,0.576432197763666,weighted,indicator
138,WFG6,20,7,6,0.0106761565836299,0.00355871886120996,0.0865800865800866,0.6,0.547789286197251,conservative,indicator
138,WFG6,20,7,7,0.00711743772241993,0.0106761565836299,0.0692640692640693,0.6,0.681809923541267,weighted,indicator
138,WFG6,20,7,8,0.0128113879003559,0.00711743772241993,0.0822510822510823,0.6,0.691053009595893,weighted,indicator
138,WFG6,20,7,9,0.0113879003558719,0.0128113879003559,0.0779220779220779,0.6,0.691267610510556,weighted,indicator
138,WFG6,20,7,10,0.122419928825623,0.0113879003558719,0.0822510822510823,0.6,0.672347439341833,weighted,indicator
138,WFG6,20,7,11,0.00782918149466192,0.122419928825623,0.0779220779220779,0.6,0.691333846581479,weighted,indicator
138,WFG6,20,7,12,0.00854092526690392,0.00782918149466192,0.0865800865800866,0.6,0.538304352295967,conservative,indicator
138,WFG6,20,7,13,0.00854092526690392,0.00854092526690392,0.0909090909090909,0.6,0.662273583622118,weighted,indicator
138,WFG6,20,7,14,0.0384341637010676,0.00854092526690392,0.0909090909090909,0.6,0.490550706945405,conservative,indicator
138,WFG6,20,7,15,0.0156583629893238,0.0384341637010676,0.0952380952380952,0.6,0.528742860945682,conservative,indicator
138,WFG6,20,7,16,0.0113879003558719,0.0156583629893238,0.0865800865800866,0.6,0.671739744158405,weighted,indicator
138,WFG6,20,7,17,0.0548042704626335,0.0113879003558719,0.0822510822510823,0.6,0.52859754980033,conservative,indicator
138,WFG6,20,7,18,0.0313167259786477,0.0548042704626335,0.0822510822510823,0.6,0.690689408973243,weighted,indicator
138,WFG6,20,7,19,0.0455516014234875,0.0313167259786477,0.0952380952380952,0.6,0.5282609972187,conservative,indicator
138,WFG6,20,7,20,0.0256227758007117,0.0455516014234875,0.0865800865800866,0.6,0.690320752199768,weighted,indicator
138,WFG6,20,7,21,0.0291814946619217,0.0256227758007117,0.0909090909090909,0.6,0.652259378564398,weighted,indicator
138,WFG6,20,7,22,0.00925266903914591,0.0291814946619217,0.0995670995670996,0.6,0.547183116345288,conservative,indicator
138,WFG6,20,7,23,0.00782918149466192,0.00925266903914591,0.0995670995670996,0.6,0.689964442922921,weighted,indicator
138,WFG6,20,7,24,0.0277580071174377,0.00782918149466192,0.0822510822510823,0.6,0.642239452590308,weighted,indicator
138,WFG6,20,7,25,0.00782918149466192,0.0277580071174377,0.0952380952380952,0.6,0.689683165305803,weighted,indicator
138,WFG6,20,7,26,0.0135231316725979,0.00782918149466192,0.0952380952380952,0.6,0.537879315328639,conservative,indicator
138,WFG6,20,7,27,0.0391459074733096,0.0135231316725979,0.108225108225108,0.6,0.68029722733281,weighted,indicator
138,WFG6,20,7,28,0.0512455516014235,0.0391459074733096,0.103896103896104,0.6,0.575422453965551,weighted,indicator
138,WFG6,20,7,29,0.195729537366548,0.0512455516014235,0.0909090909090909,0.6,0.604341348717139,weighted,indicator
138,WFG6,20,7,30,0.21067615658363,0.195729537366548,0.0865800865800866,0.6,0.63288413355023,weighted,indicator
138,WFG6,20,7,31,0.0327402135231317,0.21067615658363,0.0779220779220779,0.6,0.54738417838229,conservative,indicator
138,WFG6,20,7,32,0.0206405693950178,0.0327402135231317,0.0952380952380952,0.6,0.632933158367261,weighted,indicator
138,WFG6,20,7,33,0.00711743772241993,0.0206405693950178,0.103896103896104,0.6,0.613940590611281,weighted,indicator
138,WFG6,20,7,34,0.00854092526690392,0.00711743772241993,0.103896103896104,0.6,0.642479473363061,weighted,indicator
139,WFG6,20,8,1,0.0188888888888889,1,0.038961038961039,0.65,0.528887678095675,curriculum,indicator
139,WFG6,20,8,2,0.00854092526690392,0.0188888888888889,0.038961038961039,0.65,0.557560423852764,weighted,indicator
139,WFG6,20,8,3,0.0142348754448399,0.00854092526690392,0.0432900432900433,0.65,0.528796071031197,conservative,indicator
139,WFG6,20,8,4,0.00925266903914591,0.0142348754448399,0.0476190476190476,0.65,0.528857887913868,conservative,indicator
139,WFG6,20,8,5,0.0128113879003559,0.00925266903914591,0.0562770562770563,0.65,0.605425851921244,weighted,indicator
139,WFG6,20,8,6,0.00427046263345196,0.0128113879003559,0.0562770562770563,0.65,0.624557733530917,weighted,indicator
139,WFG6,20,8,7,0.00782918149466192,0.00427046263345196,0.0562770562770563,0.65,0.605523378962949,weighted,indicator
139,WFG6,20,8,8,0.00711743772241993,0.00782918149466192,0.0562770562770563,0.65,0.567188870118425,weighted,indicator
139,WFG6,20,8,9,0.00355871886120996,0.00711743772241993,0.0649350649350649,0.65,0.691675241374668,weighted,indicator
139,WFG6,20,8,10,0.00640569395017794,0.00355871886120996,0.0649350649350649,0.65,0.682103071175546,weighted,indicator
139,WFG6,20,8,11,0.105338078291815,0.00640569395017794,0.0649350649350649,0.65,0.595900103115643,weighted,indicator
139,WFG6,20,8,12,0.59288256227758,0.105338078291815,0.0606060606060606,0.65,0.672331601778192,weighted,conservative
139,WFG6,20,8,13,0.0255555555555556,0.59288256227758,0.0606060606060606,0.65,0.691329359733102,curriculum,indicator
139,WFG6,20,8,14,0.0241992882562278,0.0255555555555556,0.0606060606060606,0.6,0.62459757105799,weighted,indicator
139,WFG6,20,8,15,0.0476868327402135,0.0241992882562278,0.0692640692640693,0.65,0.681483010193029,weighted,indicator
139,WFG6,20,8,16,0.0149466192170819,0.0476868327402135,0.0692640692640693,0.6,0.566916840461337,weighted,indicator
139,WFG6,20,8,17,0.0355871886120996,0.0149466192170819,0.0779220779220779,0.6,0.671793401460028,weighted,indicator
139,WFG6,20,8,18,0.0199288256227758,0.0355871886120996,0.0779220779220779,0.6,0.624304571761089,weighted,indicator
139,WFG6,20,8,19,0.0220640569395018,0.0199288256227758,0.0822510822510823,0.6,0.643414135125124,weighted,indicator
139,WFG6,20,8,20,0.0334519572953737,0.0220640569395018,0.0865800865800866,0.6,0.671821907624899,weighted,indicator
139,WFG6,20,8,21,0.122419928825623,0.0334519572953737,0.0909090909090909,0.6,0.652670492326268,weighted,indicator
139,WFG6,20,8,22,0.0113879003558719,0.122419928825623,0.0909090909090909,0.65,0.538369837116892,conservative,indicator
139,WFG6,20,8,23,0.098932384341637,0.0113879003558719,0.0909090909090909,0.65,0.67170778077896,weighted,indicator
139,WFG6,20,8,24,0.0469750889679715,0.098932384341637,0.0909090909090909,0.65,0.671599342595161,weighted,indicator
139,WFG6,20,8,25,0.00569395017793594,0.0469750889679715,0.0952380952380952,0.65,0.690671807231716,weighted,indicator
139,WFG6,20,8,26,0.0391459074733096,0.00569395017793594,0.0995670995670996,0.65,0.690628161490836,weighted,indicator
139,WFG6,20,8,27,0.0405693950177936,0.0391459074733096,0.0995670995670996,0.6,0.652568636418611,weighted,indicator
139,WFG6,20,8,28,0.0711743772241993,0.0405693950177936,0.0952380952380952,0.6,0.680832458606406,weighted,indicator
139,WFG6,20,8,29,0.0640569395017794,0.0711743772241993,0.0995670995670996,0.6,0.65241510919253,weighted,indicator
139,WFG6,20,8,30,0.0234875444839858,0.0640569395017794,0.0995670995670996,0.6,0.652427985372844,weighted,indicator
139,WFG6,20,8,31,0.00925266903914591,0.0234875444839858,0.0952380952380952,0.6,0.662218541541859,weighted,indicator
139,WFG6,20,8,32,0.0427046263345196,0.00925266903914591,0.0952380952380952,0.6,0.624127258867323,weighted,indicator
139,WFG6,20,8,33,0.0220640569395018,0.0427046263345196,0.103896103896104,0.65,0.690357805668851,weighted,indicator
139,WFG6,20,8,34,0.0227758007117438,0.0220640569395018,0.108225108225108,0.65,0.538464944870751,conservative,indicator
140,WFG6,20,9,1,0.0211111111111111,1,0.0432900432900433,0.65,0.6822069295204,curriculum,indicator
140,WFG6,20,9,2,0.00213523131672598,0.0211111111111111,0.0432900432900433,0.65,0.605742339815085,weighted,indicator
140,WFG6,20,9,3,0.00640569395017794,0.00213523131672598,0.0432900432900433,0.65,0.691986011111873,weighted,indicator
140,WFG6,20,9,4,0.00711743772241993,0.00640569395017794,0.0432900432900433,0.65,0.682395397591308,weighted,indicator
140,WFG6,20,9,5,0.0128113879003559,0.00711743772241993,0.0476190476190476,0.65,0.509727581380299,conservative,indicator
140,WFG6,20,9,6,0.0263345195729537,0.0128113879003559,0.038961038961039,0.65,0.538473497188712,conservative,indicator
140,WFG6,20,9,7,0.0320284697508897,0.0263345195729537,0.0432900432900433,0.65,0.509541157523448,conservative,indicator
140,WFG6,20,9,8,0.00711743772241993,0.0320284697508897,0.0476190476190476,0.65,0.52860349240661,conservative,indicator
140,WFG6,20,9,9,0.0192170818505338,0.00711743772241993,0.0562770562770563,0.65,0.557260987344645,weighted,indicator
140,WFG6,20,9,10,0.0099644128113879,0.0192170818505338,0.0606060606060606,0.65,0.643318664989981,weighted,indicator
140,WFG6,20,9,11,0.0306049822064057,0.0099644128113879,0.0346320346320346,0.65,0.690924102087513,weighted,indicator
140,WFG6,20,9,12,0.266903914590747,0.0306049822064057,0.0346320346320346,0.65,0.614660065711227,weighted,indicator
140,WFG6,20,9,13,0.00711743772241993,0.266903914590747,0.0346320346320346,0.65,0.633952202782984,weighted,indicator
140,WFG6,20,9,14,0.0377224199288256,0.00711743772241993,0.0346320346320346,0.65,0.633821045270609,weighted,indicator
140,WFG6,20,9,15,0.0540925266903915,0.0377224199288256,0.038961038961039,0.65,0.662408944077355,weighted,indicator
140,WFG6,20,9,16,0.198576512455516,0.0540925266903915,0.038961038961039,0.65,0.634068783512817,weighted,indicator
140,WFG6,20,9,17,0.168683274021352,0.198576512455516,0.038961038961039,0.65,0.652652912710493,weighted,indicator
140,WFG6,20,9,18,0.0818505338078292,0.168683274021352,0.0476190476190476,0.65,0.68105211979049,weighted,indicator
140,WFG6,20,9,19,0.0135231316725979,0.0818505338078292,0.0476190476190476,0.6,0.481228588449948,conservative,indicator
140,WFG6,20,9,20,0.0163701067615658,0.0135231316725979,0.0476190476190476,0.6,0.500251044094314,conservative,indicator
140,WFG6,20,9,21,0.0327402135231317,0.0163701067615658,0.051948051948052,0.65,0.528748890956098,conservative,indicator
140,WFG6,20,9,22,0.094661921708185,0.0327402135231317,0.0562770562770563,0.6,0.652367319461741,weighted,indicator
140,WFG6,20,9,23,0.0320284697508897,0.094661921708185,0.0562770562770563,0.65,0.690355072911315,weighted,indicator
140,WFG6,20,9,24,0.0113879003558719,0.0320284697508897,0.0606060606060606,0.65,0.690215309238901,weighted,indicator
140,WFG6,20,9,25,0.0327402135231317,0.0113879003558719,0.0562770562770563,0.65,0.480826558840754,conservative,indicator
140,WFG6,20,9,26,0.00782918149466192,0.0327402135231317,0.0562770562770563,0.65,0.623764828377896,weighted,indicator
140,WFG6,20,9,27,0.0149466192170819,0.00782918149466192,0.0649350649350649,0.65,0.614211083840534,weighted,indicator
140,WFG6,20,9,28,0.0334519572953737,0.0149466192170819,0.0692640692640693,0.65,0.546954635778094,conservative,indicator
140,WFG6,20,9,29,0.0697508896797153,0.0334519572953737,0.0735930735930736,0.65,0.556518942732826,weighted,indicator
140,WFG6,20,9,30,0.0882562277580071,0.0697508896797153,0.0692640692640693,0.65,0.642678240233913,weighted,indicator
140,WFG6,20,9,31,0.280427046263345,0.0882562277580071,0.0692640692640693,0.65,0.65213650814324,weighted,indicator
140,WFG6,20,9,32,0.0263345195729537,0.280427046263345,0.0735930735930736,0.65,0.519105456349935,conservative,indicator
140,WFG6,20,9,33,0.0896797153024911,0.0263345195729537,0.0649350649350649,0.65,0.50006786246693,conservative,indicator
140,WFG6,20,9,34,0.0583629893238434,0.0896797153024911,0.0606060606060606,0.65,0.509556582402902,conservative,indicator
141,WFG9,10,1,1,0.03,1,0.0804195804195804,0.5,0.667054443272089,curriculum,indicator
141,WFG9,10,1,2,0.00640569395017794,0.03,0.0874125874125874,0.4,0.630285291043217,weighted,explore
141,WFG9,10,1,3,0.0185053380782918,0.00640569395017794,0.101398601398601,0.4,0.547705279982407,conservative,explore
141,WFG9,10,1,4,0.00142348754448399,0.0185053380782918,0.101398601398601,0.4,0.566091536041166,weighted,explore
141,WFG9,10,1,5,0.0220640569395018,0.00142348754448399,0.0874125874125874,0.4,0.583903409343638,weighted,explore
141,WFG9,10,1,6,0.00854092526690392,0.0220640569395018,0.108391608391608,0.4,0.648140536780182,weighted,explore
141,WFG9,10,1,7,0.0306049822064057,0.00854092526690392,0.111888111888112,0.4,0.62996705008851,weighted,explore
141,WFG9,10,1,8,0.0106761565836299,0.0306049822064057,0.111888111888112,0.4,0.363217702438181,conservative,explore
141,WFG9,10,1,9,0.00782918149466192,0.0106761565836299,0.111888111888112,0.4,0.390565672694903,conservative,explore
141,WFG9,10,1,10,0.0128113879003559,0.00782918149466192,0.115384615384615,0.4,0.639302160923898,weighted,explore
141,WFG9,10,1,11,0.302491103202847,0.0128113879003559,0.118881118881119,0.3,0.648350045216961,weighted,explore
141,WFG9,10,1,12,0.0220640569395018,0.302491103202847,0.118881118881119,0.3,0.3449001184836,conservative,explore
141,WFG9,10,1,13,0.00925266903914591,0.0220640569395018,0.111888111888112,0.3,0.363845317754911,conservative,explore
141,WFG9,10,1,14,0.0163701067615658,0.00925266903914591,0.111888111888112,0.3,0.34543359176798,conservative,explore
141,WFG9,10,1,15,0.00640569395017794,0.0163701067615658,0.108391608391608,0.4,0.584345871588036,weighted,explore
141,WFG9,10,1,16,0.0099644128113879,0.00640569395017794,0.118881118881119,0.4,0.317852128386963,conservative,explore
141,WFG9,10,1,17,0.0213523131672598,0.0099644128113879,0.122377622377622,0.4,0.473137146105718,conservative,explore
141,WFG9,10,1,18,0.0163701067615658,0.0213523131672598,0.122377622377622,0.4,0.464128205622492,conservative,explore
141,WFG9,10,1,19,0.0142348754448399,0.0163701067615658,0.122377622377622,0.4,0.557002211900293,weighted,explore
141,WFG9,10,1,20,0.0277580071174377,0.0142348754448399,0.129370629370629,0.4,0.538458275111942,conservative,explore
141,WFG9,10,1,21,0.0462633451957295,0.0277580071174377,0.118881118881119,0.4,0.529319808061744,conservative,explore
141,WFG9,10,1,22,0.0113879003558719,0.0462633451957295,0.122377622377622,0.4,0.519809398026041,conservative,explore
141,WFG9,10,1,23,0.0327402135231317,0.0113879003558719,0.118881118881119,0.4,0.528957701123149,conservative,explore
141,WFG9,10,1,24,0.0149466192170819,0.0327402135231317,0.125874125874126,0.4,0.44559503142916,conservative,explore
141,WFG9,10,1,25,0.0142348754448399,0.0149466192170819,0.129370629370629,0.4,0.44574607762109,conservative,explore
141,WFG9,10,1,26,0.0128113879003559,0.0142348754448399,0.111888111888112,0.4,0.492060977097671,conservative,explore
141,WFG9,10,1,27,0.0170818505338078,0.0128113879003559,0.111888111888112,0.4,0.492060977097671,conservative,explore
141,WFG9,10,1,28,0.0099644128113879,0.0170818505338078,0.115384615384615,0.4,0.482934761805174,conservative,explore
141,WFG9,10,1,29,0.0185053380782918,0.0099644128113879,0.115384615384615,0.4,0.482797730894799,conservative,explore
141,WFG9,10,1,30,0.0533807829181495,0.0185053380782918,0.118881118881119,0.4,0.464818760318871,conservative,explore
141,WFG9,10,1,31,0.0298932384341637,0.0533807829181495,0.129370629370629,0.4,0.483159536602068,conservative,explore
141,WFG9,10,1,32,0.0128113879003559,0.0298932384341637,0.136363636363636,0.4,0.483046148144142,conservative,explore
141,WFG9,10,1,33,0.0362989323843416,0.0128113879003559,0.136363636363636,0.4,0.483050499183721,conservative,explore
141,WFG9,10,1,34,0.0320284697508897,0.0362989323843416,0.129370629370629,0.4,0.464857292520958,conservative,explore
142,WFG9,10,10,1,0.01,1,0.0909090909090909,0.4,0.409584857511093,curriculum,explore
142,WFG9,10,10,2,0.0120996441281139,0.01,0.0909090909090909,0.4,0.381871871191402,conservative,explore
142,WFG9,10,10,3,0.0227758007117438,0.0120996441281139,0.0909090909090909,0.4,0.335604990643661,conservative,explore
142,WFG9,10,10,4,0.0128113879003559,0.0227758007117438,0.0839160839160839,0.4,0.640037521595832,weighted,explore
142,WFG9,10,10,5,0.00498220640569395,0.0128113879003559,0.0839160839160839,0.4,0.584475112999128,weighted,explore
142,WFG9,10,10,6,0.0135231316725979,0.00498220640569395,0.0839160839160839,0.4,0.575296656674921,weighted,explore
142,WFG9,10,10,7,0.0149466192170819,0.0135231316725979,0.0839160839160839,0.4,0.556836130469934,weighted,explore
142,WFG9,10,10,8,0.0277580071174377,0.0149466192170819,0.0839160839160839,0.4,0.584741658748179,weighted,explore
142,WFG9,10,10,9,0.00711743772241993,0.0277580071174377,0.0839160839160839,0.4,0.603203361102675,weighted,explore
142,WFG9,10,10,10,0.0412811387900356,0.00711743772241993,0.0804195804195804,0.4,0.326826988987397,conservative,explore
142,WFG9,10,10,11,0.0455516014234875,0.0412811387900356,0.0909090909090909,0.4,0.593185675836648,weighted,explore
142,WFG9,10,10,12,0.134519572953737,0.0455516014234875,0.0874125874125874,0.4,0.556208623281297,weighted,explore
142,WFG9,10,10,13,0.0362989323843416,0.134519572953737,0.0839160839160839,0.4,0.55609194374699,weighted,explore
142,WFG9,10,10,14,0.0249110320284698,0.0362989323843416,0.0909090909090909,0.4,0.555991477068012,weighted,explore
142,WFG9,10,10,15,0.0099644128113879,0.0249110320284698,0.0909090909090909,0.4,0.593076152896366,weighted,explore
142,WFG9,10,10,16,0.0163701067615658,0.0099644128113879,0.108391608391608,0.4,0.611504798093269,weighted,explore
142,WFG9,10,10,17,0.0113879003558719,0.0163701067615658,0.0804195804195804,0.4,0.62043927964204,weighted,explore
142,WFG9,10,10,18,0.0348754448398577,0.0113879003558719,0.0734265734265734,0.4,0.593266091332634,weighted,explore
142,WFG9,10,10,19,0.0135231316725979,0.0348754448398577,0.0839160839160839,0.4,0.592979914275252,weighted,explore
142,WFG9,10,10,20,0.00782918149466192,0.0135231316725979,0.0909090909090909,0.4,0.556122582826401,weighted,explore
142,WFG9,10,10,21,0.0854092526690391,0.00782918149466192,0.101398601398601,0.4,0.593464557681815,weighted,explore
142,WFG9,10,10,22,0.0391459074733096,0.0854092526690391,0.0979020979020979,0.4,0.602644094419106,weighted,explore
142,WFG9,10,10,23,0.0903914590747331,0.0391459074733096,0.0979020979020979,0.4,0.593455480582636,weighted,explore
142,WFG9,10,10,24,0.00142348754448399,0.0903914590747331,0.104895104895105,0.4,0.593787041737207,weighted,explore
142,WFG9,10,10,25,0.00925266903914591,0.00142348754448399,0.104895104895105,0.4,0.593787041737207,weighted,explore
142,WFG9,10,10,26,0.00925266903914591,0.00925266903914591,0.104895104895105,0.4,0.584710169952241,weighted,explore
142,WFG9,10,10,27,0.0163701067615658,0.00925266903914591,0.104895104895105,0.4,0.593789130560334,weighted,explore
142,WFG9,10,10,28,0.0270462633451957,0.0163701067615658,0.104895104895105,0.4,0.593782920128317,weighted,explore
142,WFG9,10,10,29,0.0227758007117438,0.0270462633451957,0.0979020979020979,0.4,0.557366977727033,weighted,explore
142,WFG9,10,10,30,0.0142348754448399,0.0227758007117438,0.0979020979020979,0.4,0.575662836986147,weighted,explore
142,WFG9,10,10,31,0.0192170818505338,0.0142348754448399,0.101398601398601,0.4,0.593574375303246,weighted,explore
142,WFG9,10,10,32,0.0206405693950178,0.0192170818505338,0.104895104895105,0.4,0.584222468026132,weighted,explore
142,WFG9,10,10,33,0.0149466192170819,0.0206405693950178,0.0979020979020979,0.4,0.593186634725353,weighted,explore
142,WFG9,10,10,34,0.0185053380782918,0.0149466192170819,0.0979020979020979,0.4,0.56541455770421,weighted,explore
143,WFG9,10,2,1,0.00333333333333333,1,0.0874125874125874,0.5,0.454896081727601,curriculum,indicator
143,WFG9,10,2,2,0.0120996441281139,0.00333333333333333,0.0909090909090909,0.5,0.418132215676799,conservative,indicator
143,WFG9,10,2,3,0.0113879003558719,0.0120996441281139,0.0839160839160839,0.4,0.335315440978684,conservative,explore
143,WFG9,10,2,4,0.0170818505338078,0.0113879003558719,0.0979020979020979,0.4,0.39110077963304,conservative,explore
143,WFG9,10,2,5,0.0192170818505338,0.0170818505338078,0.0979020979020979,0.4,0.400272602614921,conservative,explore
143,WFG9,10,2,6,0.0149466192170819,0.0192170818505338,0.0944055944055944,0.4,0.391147531588774,conservative,explore
143,WFG9,10,2,7,0.0156583629893238,0.0149466192170819,0.104895104895105,0.4,0.410223618490387,conservative,explore
143,WFG9,10,2,8,0.0113879003558719,0.0156583629893238,0.104895104895105,0.4,0.318154324049234,conservative,explore
143,WFG9,10,2,9,0.0156583629893238,0.0113879003558719,0.111888111888112,0.4,0.666540542595195,weighted,explore
143,WFG9,10,2,10,0.0149466192170819,0.0156583629893238,0.115384615384615,0.5,0.639358246276041,weighted,indicator
143,WFG9,10,2,11,0.0355871886120996,0.0149466192170819,0.115384615384615,0.5,0.583854667770911,weighted,indicator
143,WFG9,10,2,12,0.0220640569395018,0.0355871886120996,0.118881118881119,0.4,0.556000573980851,weighted,explore
143,WFG9,10,2,13,0.0291814946619217,0.0220640569395018,0.122377622377622,0.4,0.565157558684912,weighted,explore
143,WFG9,10,2,14,0.0199288256227758,0.0291814946619217,0.115384615384615,0.4,0.547181617403137,conservative,explore
143,WFG9,10,2,15,0.00925266903914591,0.0199288256227758,0.115384615384615,0.4,0.547278874896212,conservative,explore
143,WFG9,10,2,16,0.0249110320284698,0.00925266903914591,0.111888111888112,0.4,0.655869312170232,weighted,explore
143,WFG9,10,2,17,0.0405693950177936,0.0249110320284698,0.115384615384615,0.4,0.655815078681321,weighted,explore
143,WFG9,10,2,18,0.0113879003558719,0.0405693950177936,0.118881118881119,0.4,0.646755093479736,weighted,explore
143,WFG9,10,2,19,0.0676156583629893,0.0113879003558719,0.115384615384615,0.4,0.646583808559735,weighted,explore
143,WFG9,10,2,20,0.0370106761565836,0.0676156583629893,0.111888111888112,0.5,0.620149284972033,weighted,indicator
143,WFG9,10,2,21,0.0156583629893238,0.0370106761565836,0.136363636363636,0.4,0.62883260535625,weighted,explore
143,WFG9,10,2,22,0.0206405693950178,0.0156583629893238,0.132867132867133,0.4,0.619862250646948,weighted,explore
143,WFG9,10,2,23,0.0334519572953737,0.0206405693950178,0.129370629370629,0.4,0.637428931742659,weighted,explore
143,WFG9,10,2,24,0.0911032028469751,0.0334519572953737,0.129370629370629,0.5,0.628106139257982,weighted,indicator
143,WFG9,10,2,25,0.0633451957295374,0.0911032028469751,0.125874125874126,0.5,0.637130178304038,weighted,indicator
143,WFG9,10,2,26,0.0284697508896797,0.0633451957295374,0.108391608391608,0.5,0.545978008615436,conservative,indicator
143,WFG9,10,2,27,0.0313167259786477,0.0284697508896797,0.104895104895105,0.5,0.672879808119824,weighted,indicator
143,WFG9,10,2,28,0.0241992882562278,0.0313167259786477,0.101398601398601,0.5,0.618384384063445,weighted,indicator
143,WFG9,10,2,29,0.0832740213523132,0.0241992882562278,0.104895104895105,0.5,0.609546693173869,weighted,indicator
143,WFG9,10,2,30,0.00925266903914591,0.0832740213523132,0.125874125874126,0.5,0.563230033074103,weighted,indicator
143,WFG9,10,2,31,0.207829181494662,0.00925266903914591,0.125874125874126,0.4,0.563701447802305,weighted,explore
143,WFG9,10,2,32,0.0839857651245552,0.207829181494662,0.125874125874126,0.4,0.518093907658334,conservative,explore
143,WFG9,10,2,33,0.104626334519573,0.0839857651245552,0.125874125874126,0.4,0.527250362098199,conservative,explore
143,WFG9,10,2,34,0.0405693950177936,0.104626334519573,0.129370629370629,0.4,0.535534020220681,conservative,explore
144,WFG9,10,3,1,0.0366666666666667,1,0.0629370629370629,0.5,0.334961990540378,curriculum,indicator
144,WFG9,10,3,2,0.0142348754448399,0.0366666666666667,0.0664335664335664,0.4,0.36286014990257,conservative,explore
144,WFG9,10,3,3,0.0120996441281139,0.0142348754448399,0.0699300699300699,0.4,0.317176797026371,conservative,explore
144,WFG9,10,3,4,0.0555160142348754,0.0120996441281139,0.0769230769230769,0.4,0.638563145081924,weighted,explore
144,WFG9,10,3,5,0.0583629893238434,0.0555160142348754,0.0804195804195804,0.4,0.647776078738092,weighted,explore
144,WFG9,10,3,6,0.0163701067615658,0.0583629893238434,0.0874125874125874,0.4,0.647760615875431,weighted,explore
144,WFG9,10,3,7,0.0355871886120996,0.0163701067615658,0.101398601398601,0.4,0.344682514866331,conservative,explore
144,WFG9,10,3,8,0.0277580071174377,0.0355871886120996,0.101398601398601,0.4,0.326397033369599,conservative,explore
144,WFG9,10,3,9,0.00711743772241993,0.0277580071174377,0.104895104895105,0.4,0.565311685634136,weighted,explore
144,WFG9,10,3,10,0.00925266903914591,0.00711743772241993,0.111888111888112,0.4,0.473559677773266,conservative,explore
144,WFG9,10,3,11,0.0149466192170819,0.00925266903914591,0.111888111888112,0.4,0.547067964773754,conservative,explore
144,WFG9,10,3,12,0.0306049822064057,0.0149466192170819,0.108391608391608,0.4,0.56495784049488,weighted,explore
144,WFG9,10,3,13,0.00640569395017794,0.0306049822064057,0.104895104895105,0.4,0.574093395033767,weighted,explore
144,WFG9,10,3,14,0.0455516014234875,0.00640569395017794,0.111888111888112,0.4,0.556675658659123,weighted,explore
144,WFG9,10,3,15,0.0120996441281139,0.0455516014234875,0.104895104895105,0.4,0.582920856434103,weighted,explore
144,WFG9,10,3,16,0.0298932384341637,0.0120996441281139,0.104895104895105,0.4,0.547214420561667,conservative,explore
144,WFG9,10,3,17,0.0149466192170819,0.0298932384341637,0.108391608391608,0.4,0.547280294780828,conservative,explore
144,WFG9,10,3,18,0.0419928825622776,0.0149466192170819,0.108391608391608,0.4,0.574953911315199,weighted,explore
144,WFG9,10,3,19,0.0128113879003559,0.0419928825622776,0.0979020979020979,0.5,0.566007023028342,weighted,indicator
144,WFG9,10,3,20,0.0142348754448399,0.0128113879003559,0.108391608391608,0.4,0.656769222142943,weighted,explore
144,WFG9,10,3,21,0.0220640569395018,0.0142348754448399,0.108391608391608,0.4,0.656353615830663,weighted,explore
144,WFG9,10,3,22,0.0170818505338078,0.0220640569395018,0.108391608391608,0.4,0.674725372100278,weighted,explore
144,WFG9,10,3,23,0.00782918149466192,0.0170818505338078,0.118881118881119,0.4,0.674746369891721,weighted,explore
144,WFG9,10,3,24,0.0177935943060498,0.00782918149466192,0.118881118881119,0.4,0.674846780934771,weighted,explore
144,WFG9,10,3,25,0.0135231316725979,0.0177935943060498,0.108391608391608,0.4,0.56541001847907,weighted,explore
144,WFG9,10,3,26,0.0612099644128114,0.0135231316725979,0.115384615384615,0.5,0.610657895239194,weighted,indicator
144,WFG9,10,3,27,0.0654804270462633,0.0612099644128114,0.108391608391608,0.5,0.592528557655425,weighted,indicator
144,WFG9,10,3,28,0.0206405693950178,0.0654804270462633,0.111888111888112,0.4,0.610146753564669,weighted,explore
144,WFG9,10,3,29,0.00854092526690392,0.0206405693950178,0.115384615384615,0.4,0.646405785680928,weighted,explore
144,WFG9,10,3,30,0.0284697508896797,0.00854092526690392,0.118881118881119,0.4,0.637077797753166,weighted,explore
144,WFG9,10,3,31,0.0256227758007117,0.0284697508896797,0.122377622377622,0.4,0.61891312768424,weighted,explore
144,WFG9,10,3,32,0.0320284697508897,0.0256227758007117,0.129370629370629,0.4,0.499871308629938,conservative,explore
144,WFG9,10,3,33,0.0320284697508897,0.0320284697508897,0.132867132867133,0.4,0.463808942959964,conservative,explore
144,WFG9,10,3,34,0.0377224199288256,0.0320284697508897,0.132867132867133,0.4,0.490925967737077,conservative,explore
145,WFG9,10,4,1,0.0144444444444444,1,0.0909090909090909,0.4,0.335340587429888,curriculum,explore
145,WFG9,10,4,2,0.0120996441281139,0.0144444444444444,0.0909090909090909,0.4,0.325947845458386,conservative,explore
145,WFG9,10,4,3,0.00925266903914591,0.0120996441281139,0.0979020979020979,0.4,0.610989035298897,weighted,explore
145,WFG9,10,4,4,0.0291814946619217,0.00925266903914591,0.0979020979020979,0.4,0.601718094234047,weighted,explore
145,WFG9,10,4,5,0.00640569395017794,0.0291814946619217,0.104895104895105,0.4,0.583366469068183,weighted,explore
145,WFG9,10,4,6,0.0206405693950178,0.00640569395017794,0.101398601398601,0.4,0.583258779058426,weighted,explore
145,WFG9,10,4,7,0.00711743772241993,0.0206405693950178,0.0979020979020979,0.4,0.601575293216073,weighted,explore
145,WFG9,10,4,8,0.00355871886120996,0.00711743772241993,0.101398601398601,0.4,0.564896910712687,weighted,explore
145,WFG9,10,4,9,0.00854092526690392,0.00355871886120996,0.115384615384615,0.4,0.674851119508337,weighted,explore
145,WFG9,10,4,10,0.00711743772241993,0.00854092526690392,0.115384615384615,0.4,0.665250538289228,weighted,explore
145,WFG9,10,4,11,0.0277580071174377,0.00711743772241993,0.115384615384615,0.4,0.666198725724567,weighted,explore
145,WFG9,10,4,12,0.00711743772241993,0.0277580071174377,0.118881118881119,0.4,0.583921333706865,weighted,explore
145,WFG9,10,4,13,0.00569395017793594,0.00711743772241993,0.118881118881119,0.4,0.583981747648984,weighted,explore
145,WFG9,10,4,14,0.0106761565836299,0.00569395017793594,0.125874125874126,0.4,0.638956547230261,weighted,explore
145,WFG9,10,4,15,0.00355871886120996,0.0106761565836299,0.132867132867133,0.4,0.620961549383582,weighted,explore
145,WFG9,10,4,16,0.0185053380782918,0.00355871886120996,0.136363636363636,0.4,0.565934314368954,weighted,explore
145,WFG9,10,4,17,0.0099644128113879,0.0185053380782918,0.132867132867133,0.4,0.584202013066392,weighted,explore
145,WFG9,10,4,18,0.0099644128113879,0.0099644128113879,0.136363636363636,0.4,0.620750261286555,weighted,explore
145,WFG9,10,4,19,0.0099644128113879,0.0099644128113879,0.143356643356643,0.4,0.548348713991958,conservative,explore
145,WFG9,10,4,20,0.00569395017793594,0.0099644128113879,0.15034965034965,0.4,0.53936978398203,conservative,explore
145,WFG9,10,4,21,0.0334519572953737,0.00569395017793594,0.15034965034965,0.4,0.557043368147737,weighted,explore
145,WFG9,10,4,22,0.00284697508896797,0.0334519572953737,0.146853146853147,0.4,0.557046343125541,weighted,explore
145,WFG9,10,4,23,0.0149466192170819,0.00284697508896797,0.153846153846154,0.4,0.520857187010547,conservative,explore
145,WFG9,10,4,24,0.0156583629893238,0.0149466192170819,0.15034965034965,0.4,0.52083785705964,conservative,explore
145,WFG9,10,4,25,0.0128113879003559,0.0156583629893238,0.153846153846154,0.4,0.685344856267825,weighted,explore
145,WFG9,10,4,26,0.0149466192170819,0.0128113879003559,0.143356643356643,0.4,0.620190839761871,weighted,explore
145,WFG9,10,4,27,0.0220640569395018,0.0149466192170819,0.143356643356643,0.4,0.620190839761871,weighted,explore
145,WFG9,10,4,28,0.0661921708185053,0.0220640569395018,0.13986013986014,0.4,0.565304182394877,weighted,explore
145,WFG9,10,4,29,0.0398576512455516,0.0661921708185053,0.143356643356643,0.4,0.574920598106891,weighted,explore
145,WFG9,10,4,30,0.00782918149466192,0.0398576512455516,0.146853146853147,0.4,0.538105603407024,conservative,explore
145,WFG9,10,4,31,0.00782918149466192,0.00782918149466192,0.13986013986014,0.4,0.547215981125332,conservative,explore
145,WFG9,10,4,32,0.0156583629893238,0.00782918149466192,0.13986013986014,0.4,0.57427961668733,weighted,explore
145,WFG9,10,4,33,0.0170818505338078,0.0156583629893238,0.136363636363636,0.4,0.574307656059159,weighted,explore
145,WFG9,10,4,34,0.0099644128113879,0.0170818505338078,0.15034965034965,0.4,0.566174816558613,weighted,explore
146,WFG9,10,5,1,0.0111111111111111,1,0.0839160839160839,0.4,0.34400937468229,curriculum,explore
146,WFG9,10,5,2,0.00925266903914591,0.0111111111111111,0.0909090909090909,0.4,0.58352707573221,weighted,explore
146,WFG9,10,5,3,0.00925266903914591,0.00925266903914591,0.0979020979020979,0.4,0.537471024950903,conservative,explore
146,WFG9,10,5,4,0.00498220640569395,0.00925266903914591,0.101398601398601,0.4,0.648705370933196,weighted,explore
146,WFG9,10,5,5,0.0113879003558719,0.00498220640569395,0.104895104895105,0.4,0.657101531879627,weighted,explore
146,WFG9,10,5,6,0.0120996441281139,0.0113879003558719,0.108391608391608,0.4,0.656974010620263,weighted,explore
146,WFG9,10,5,7,0.00711743772241993,0.0120996441281139,0.108391608391608,0.4,0.657427043592151,weighted,explore
146,WFG9,10,5,8,0.0540925266903915,0.00711743772241993,0.115384615384615,0.4,0.638201314351055,weighted,explore
146,WFG9,10,5,9,0.0277580071174377,0.0540925266903915,0.125874125874126,0.4,0.666461763042431,weighted,explore
146,WFG9,10,5,10,0.0348754448398577,0.0277580071174377,0.122377622377622,0.4,0.675645512808117,weighted,explore
146,WFG9,10,5,11,0.0185053380782918,0.0348754448398577,0.122377622377622,0.4,0.684822058835014,weighted,explore
146,WFG9,10,5,12,0.0306049822064057,0.0185053380782918,0.132867132867133,0.4,0.675684458704662,weighted,explore
146,WFG9,10,5,13,0.0199288256227758,0.0306049822064057,0.132867132867133,0.4,0.666646442012397,weighted,explore
146,WFG9,10,5,14,0.0099644128113879,0.0199288256227758,0.129370629370629,0.4,0.648262343039366,weighted,explore
146,WFG9,10,5,15,0.00711743772241993,0.0099644128113879,0.13986013986014,0.4,0.666599347921564,weighted,explore
146,WFG9,10,5,16,0.0306049822064057,0.00711743772241993,0.143356643356643,0.4,0.629501304296373,weighted,explore
146,WFG9,10,5,17,0.0206405693950178,0.0306049822064057,0.143356643356643,0.4,0.638833183009942,weighted,explore
146,WFG9,10,5,18,0.0185053380782918,0.0206405693950178,0.146853146853147,0.4,0.629795959759989,weighted,explore
146,WFG9,10,5,19,0.0213523131672598,0.0185053380782918,0.146853146853147,0.4,0.657477582300356,weighted,explore
146,WFG9,10,5,20,0.0241992882562278,0.0213523131672598,0.164335664335664,0.4,0.647901809862838,weighted,explore
146,WFG9,10,5,21,0.0128113879003559,0.0241992882562278,0.122377622377622,0.4,0.565535678749027,weighted,explore
146,WFG9,10,5,22,0.0256227758007117,0.0128113879003559,0.132867132867133,0.4,0.621025764708893,weighted,explore
146,WFG9,10,5,23,0.0163701067615658,0.0256227758007117,0.153846153846154,0.4,0.566132018428452,weighted,explore
146,WFG9,10,5,24,0.00711743772241993,0.0163701067615658,0.146853146853147,0.4,0.575649526390652,weighted,explore
146,WFG9,10,5,25,0.0234875444839858,0.00711743772241993,0.146853146853147,0.4,0.649329589009634,weighted,explore
146,WFG9,10,5,26,0.0249110320284698,0.0234875444839858,0.13986013986014,0.4,0.649403297340852,weighted,explore
146,WFG9,10,5,27,0.0099644128113879,0.0249110320284698,0.13986013986014,0.4,0.649357342267766,weighted,explore
146,WFG9,10,5,28,0.0405693950177936,0.0099644128113879,0.13986013986014,0.4,0.649223514565596,weighted,explore
146,WFG9,10,5,29,0.0263345195729537,0.0405693950177936,0.132867132867133,0.4,0.658273879659913,weighted,explore
146,WFG9,10,5,30,0.0192170818505338,0.0263345195729537,0.132867132867133,0.4,0.667358417101532,weighted,explore
146,WFG9,10,5,31,0.0419928825622776,0.0192170818505338,0.136363636363636,0.4,0.667353034677039,weighted,explore
146,WFG9,10,5,32,0.0241992882562278,0.0419928825622776,0.132867132867133,0.4,0.583931390049659,weighted,explore
146,WFG9,10,5,33,0.0327402135231317,0.0241992882562278,0.132867132867133,0.4,0.556195812198788,weighted,explore
146,WFG9,10,5,34,0.0170818505338078,0.0327402135231317,0.136363636363636,0.4,0.557458697641202,weighted,explore
147,WFG9,10,6,1,0.0222222222222222,1,0.0944055944055944,0.5,0.427230748667258,curriculum,indicator
147,WFG9,10,6,2,0.0142348754448399,0.0222222222222222,0.101398601398601,0.5,0.380918020587653,conservative,indicator
147,WFG9,10,6,3,0.0163701067615658,0.0142348754448399,0.0944055944055944,0.5,0.34420354190145,conservative,indicator
147,WFG9,10,6,4,0.00498220640569395,0.0163701067615658,0.0979020979020979,0.5,0.612579181063775,weighted,indicator
147,WFG9,10,6,5,0.0612099644128114,0.00498220640569395,0.104895104895105,0.5,0.658228605661781,weighted,indicator
147,WFG9,10,6,6,0.0854092526690391,0.0612099644128114,0.108391608391608,0.5,0.593722511866322,weighted,indicator
147,WFG9,10,6,7,0.0355871886120996,0.0854092526690391,0.101398601398601,0.5,0.60243081317769,weighted,indicator
147,WFG9,10,6,8,0.0355871886120996,0.0355871886120996,0.111888111888112,0.4,0.657799131710703,weighted,explore
147,WFG9,10,6,9,0.0348754448398577,0.0355871886120996,0.118881118881119,0.4,0.611502999801636,weighted,explore
147,WFG9,10,6,10,0.0213523131672598,0.0348754448398577,0.122377622377622,0.4,0.326111169958902,conservative,explore
147,WFG9,10,6,11,0.0327402135231317,0.0213523131672598,0.115384615384615,0.4,0.31692414781291,conservative,explore
147,WFG9,10,6,12,0.0177935943060498,0.0327402135231317,0.122377622377622,0.4,0.648254412152,weighted,explore
147,WFG9,10,6,13,0.0512455516014235,0.0177935943060498,0.118881118881119,0.4,0.620509597067154,weighted,explore
147,WFG9,10,6,14,0.0113879003558719,0.0512455516014235,0.122377622377622,0.4,0.611492654654765,weighted,explore
147,WFG9,10,6,15,0.0192170818505338,0.0113879003558719,0.122377622377622,0.4,0.647620928457452,weighted,explore
147,WFG9,10,6,16,0.0156583629893238,0.0192170818505338,0.111888111888112,0.4,0.629616675317324,weighted,explore
147,WFG9,10,6,17,0.0683274021352313,0.0156583629893238,0.108391608391608,0.4,0.638773727060068,weighted,explore
147,WFG9,10,6,18,0.0234875444839858,0.0683274021352313,0.101398601398601,0.4,0.527899903410097,conservative,explore
147,WFG9,10,6,19,0.0270462633451957,0.0234875444839858,0.115384615384615,0.4,0.675211026208689,weighted,explore
147,WFG9,10,6,20,0.0320284697508897,0.0270462633451957,0.129370629370629,0.4,0.656874292815062,weighted,explore
147,WFG9,10,6,21,0.0120996441281139,0.0320284697508897,0.132867132867133,0.4,0.317340128071617,conservative,explore
147,WFG9,10,6,22,0.0199288256227758,0.0120996441281139,0.125874125874126,0.4,0.592629237351356,weighted,explore
147,WFG9,10,6,23,0.0861209964412811,0.0199288256227758,0.132867132867133,0.4,0.647844333871736,weighted,explore
147,WFG9,10,6,24,0.0519572953736655,0.0861209964412811,0.122377622377622,0.4,0.612145167744979,weighted,explore
147,WFG9,10,6,25,0.0341637010676157,0.0519572953736655,0.129370629370629,0.4,0.317645167500097,conservative,explore
147,WFG9,10,6,26,0.0241992882562278,0.0341637010676157,0.132867132867133,0.4,0.630299570618202,weighted,explore
147,WFG9,10,6,27,0.0227758007117438,0.0241992882562278,0.132867132867133,0.4,0.345300743400509,conservative,explore
147,WFG9,10,6,28,0.0213523131672598,0.0227758007117438,0.132867132867133,0.4,0.68523327591692,weighted,explore
147,WFG9,10,6,29,0.0192170818505338,0.0213523131672598,0.125874125874126,0.4,0.574662450257315,weighted,explore
147,WFG9,10,6,30,0.0263345195729537,0.0192170818505338,0.118881118881119,0.4,0.685180895581464,weighted,explore
147,WFG9,10,6,31,0.0163701067615658,0.0263345195729537,0.118881118881119,0.4,0.5654054689495,weighted,explore
147,WFG9,10,6,32,0.0277580071174377,0.0163701067615658,0.125874125874126,0.4,0.675980165366827,weighted,explore
147,WFG9,10,6,33,0.0320284697508897,0.0277580071174377,0.125874125874126,0.4,0.675977153706337,weighted,explore
147,WFG9,10,6,34,0.0199288256227758,0.0320284697508897,0.125874125874126,0.4,0.639246471118764,weighted,explore
148,WFG9,10,7,1,0.0277777777777778,1,0.0629370629370629,0.5,0.463808960098015,curriculum,indicator
148,WFG9,10,7,2,0.00782918149466192,0.0277777777777778,0.0664335664335664,0.5,0.399703344440162,conservative,indicator
148,WFG9,10,7,3,0.0106761565836299,0.00782918149466192,0.0699300699300699,0.5,0.35405375338663,conservative,indicator
148,WFG9,10,7,4,0.0391459074733096,0.0106761565836299,0.0769230769230769,0.5,0.67499836228105,weighted,indicator
148,WFG9,10,7,5,0.00782918149466192,0.0391459074733096,0.0944055944055944,0.5,0.638248695606156,weighted,indicator
148,WFG9,10,7,6,0.0113879003558719,0.00782918149466192,0.0909090909090909,0.5,0.593174565868462,weighted,indicator
148,WFG9,10,7,7,0.0733096085409253,0.0113879003558719,0.0979020979020979,0.4,0.592738142573454,weighted,explore
148,WFG9,10,7,8,0.0113879003558719,0.0733096085409253,0.111888111888112,0.4,0.32709731795523,conservative,explore
148,WFG9,10,7,9,0.0135231316725979,0.0113879003558719,0.115384615384615,0.4,0.317821320278341,conservative,explore
148,WFG9,10,7,10,0.109608540925267,0.0135231316725979,0.115384615384615,0.4,0.610789635131369,weighted,explore
148,WFG9,10,7,11,0.0270462633451957,0.109608540925267,0.108391608391608,0.4,0.556000872816552,weighted,explore
148,WFG9,10,7,12,0.0220640569395018,0.0270462633451957,0.115384615384615,0.4,0.519225075385546,conservative,explore
148,WFG9,10,7,13,0.0370106761565836,0.0220640569395018,0.115384615384615,0.4,0.555405802455564,weighted,explore
148,WFG9,10,7,14,0.0391459074733096,0.0370106761565836,0.101398601398601,0.4,0.592300837006143,weighted,explore
148,WFG9,10,7,15,0.0384341637010676,0.0391459074733096,0.104895104895105,0.4,0.592268782299484,weighted,explore
148,WFG9,10,7,16,0.0277580071174377,0.0384341637010676,0.115384615384615,0.4,0.574309857347077,weighted,explore
148,WFG9,10,7,17,0.607829181494662,0.0277580071174377,0.122377622377622,0.4,0.565539896654939,weighted,conservative
148,WFG9,10,7,18,0.0133333333333333,0.607829181494662,0.115384615384615,0.4,0.584382847749212,curriculum,explore
148,WFG9,10,7,19,0.0185053380782918,0.0133333333333333,0.115384615384615,0.4,0.319361543720754,conservative,explore
148,WFG9,10,7,20,0.0455516014234875,0.0185053380782918,0.118881118881119,0.4,0.583674765197898,weighted,explore
148,WFG9,10,7,21,0.0861209964412811,0.0455516014234875,0.115384615384615,0.4,0.611083051111128,weighted,explore
148,WFG9,10,7,22,0.0725978647686833,0.0861209964412811,0.115384615384615,0.4,0.566407058810871,weighted,explore
148,WFG9,10,7,23,0.0590747330960854,0.0725978647686833,0.111888111888112,0.4,0.55730350907138,weighted,explore
148,WFG9,10,7,24,0.0626334519572954,0.0590747330960854,0.125874125874126,0.4,0.557412802606308,weighted,explore
148,WFG9,10,7,25,0.0099644128113879,0.0626334519572954,0.125874125874126,0.4,0.602101158834267,weighted,explore
148,WFG9,10,7,26,0.0790035587188612,0.0099644128113879,0.125874125874126,0.4,0.57457985936303,weighted,explore
148,WFG9,10,7,27,0.00854092526690392,0.0790035587188612,0.125874125874126,0.4,0.59282782122128,weighted,explore
148,WFG9,10,7,28,0.0177935943060498,0.00854092526690392,0.129370629370629,0.4,0.610518143314007,weighted,explore
148,WFG9,10,7,29,0.0362989323843416,0.0177935943060498,0.136363636363636,0.4,0.619605769275545,weighted,explore
148,WFG9,10,7,30,0.0241992882562278,0.0362989323843416,0.146853146853147,0.4,0.601298934229606,weighted,explore
148,WFG9,10,7,31,0.0163701067615658,0.0241992882562278,0.143356643356643,0.4,0.592226351070766,weighted,explore
148,WFG9,10,7,32,0.0597864768683274,0.0163701067615658,0.146853146853147,0.4,0.583284719257578,weighted,explore
148,WFG9,10,7,33,0.00854092526690392,0.0597864768683274,0.143356643356643,0.4,0.583197162132552,weighted,explore
148,WFG9,10,7,34,0.0256227758007117,0.00854092526690392,0.13986013986014,0.4,0.583380144719319,weighted,explore
149,WFG9,10,8,1,0.0288888888888889,1,0.108391608391608,0.4,0.408655762475184,curriculum,explore
149,WFG9,10,8,2,0.0241992882562278,0.0288888888888889,0.115384615384615,0.4,0.381146259894539,conservative,explore
149,WFG9,10,8,3,0.0128113879003559,0.0241992882562278,0.108391608391608,0.4,0.316888762989677,conservative,explore
149,WFG9,10,8,4,0.00355871886120996,0.0128113879003559,0.122377622377622,0.4,0.317379119879446,conservative,explore
149,WFG9,10,8,5,0.0725978647686833,0.00355871886120996,0.122377622377622,0.4,0.621504022468322,weighted,explore
149,WFG9,10,8,6,0.0192170818505338,0.0725978647686833,0.118881118881119,0.4,0.639604977762846,weighted,explore
149,WFG9,10,8,7,0.0818505338078292,0.0192170818505338,0.125874125874126,0.4,0.566217491237223,weighted,explore
149,WFG9,10,8,8,0.0320284697508897,0.0818505338078292,0.125874125874126,0.4,0.566232075670452,weighted,explore
149,WFG9,10,8,9,0.0462633451957295,0.0320284697508897,0.129370629370629,0.4,0.575345960146189,weighted,explore
149,WFG9,10,8,10,0.0256227758007117,0.0462633451957295,0.132867132867133,0.4,0.575509090100374,weighted,explore
149,WFG9,10,8,11,0.0177935943060498,0.0256227758007117,0.104895104895105,0.4,0.584398731401528,weighted,explore
149,WFG9,10,8,12,0.00640569395017794,0.0177935943060498,0.129370629370629,0.4,0.612013174202764,weighted,explore
149,WFG9,10,8,13,0.00640569395017794,0.00640569395017794,0.125874125874126,0.4,0.621293259983039,weighted,explore
149,WFG9,10,8,14,0.0341637010676157,0.00640569395017794,0.125874125874126,0.4,0.621375692961701,weighted,explore
149,WFG9,10,8,15,0.0142348754448399,0.0341637010676157,0.125874125874126,0.4,0.630568835570448,weighted,explore
149,WFG9,10,8,16,0.0291814946619217,0.0142348754448399,0.125874125874126,0.4,0.630657400657295,weighted,explore
149,WFG9,10,8,17,0.0106761565836299,0.0291814946619217,0.125874125874126,0.4,0.639866619786665,weighted,explore
149,WFG9,10,8,18,0.0284697508896797,0.0106761565836299,0.122377622377622,0.4,0.584595620121282,weighted,explore
149,WFG9,10,8,19,0.0249110320284698,0.0284697508896797,0.122377622377622,0.4,0.59384397373681,weighted,explore
149,WFG9,10,8,20,0.0192170818505338,0.0249110320284698,0.122377622377622,0.4,0.575553343890412,weighted,explore
149,WFG9,10,8,21,0.00711743772241993,0.0192170818505338,0.122377622377622,0.4,0.575485045428726,weighted,explore
149,WFG9,10,8,22,0.0128113879003559,0.00711743772241993,0.115384615384615,0.4,0.557282876661342,weighted,explore
149,WFG9,10,8,23,0.0313167259786477,0.0128113879003559,0.115384615384615,0.4,0.557139093956273,weighted,explore
149,WFG9,10,8,24,0.0192170818505338,0.0313167259786477,0.118881118881119,0.4,0.557105622293672,weighted,explore
149,WFG9,10,8,25,0.0106761565836299,0.0192170818505338,0.118881118881119,0.4,0.584041083993802,weighted,explore
149,WFG9,10,8,26,0.00782918149466192,0.0106761565836299,0.125874125874126,0.4,0.584253909010158,weighted,explore
149,WFG9,10,8,27,0.0341637010676157,0.00782918149466192,0.125874125874126,0.4,0.575161492287685,weighted,explore
149,WFG9,10,8,28,0.0306049822064057,0.0341637010676157,0.125874125874126,0.4,0.584561175576834,weighted,explore
149,WFG9,10,8,29,0.0455516014234875,0.0306049822064057,0.132867132867133,0.4,0.57523154221184,weighted,explore
149,WFG9,10,8,30,0.0213523131672598,0.0455516014234875,0.132867132867133,0.4,0.565838995741032,weighted,explore
149,WFG9,10,8,31,0.0341637010676157,0.0213523131672598,0.129370629370629,0.4,0.593436124575963,weighted,explore
149,WFG9,10,8,32,0.0427046263345196,0.0341637010676157,0.132867132867133,0.4,0.602535572744039,weighted,explore
149,WFG9,10,8,33,0.0398576512455516,0.0427046263345196,0.132867132867133,0.4,0.566067436147473,weighted,explore
149,WFG9,10,8,34,0.0355871886120996,0.0398576512455516,0.132867132867133,0.4,0.566261432271098,weighted,explore
150,WFG9,10,9,1,0.00888888888888889,1,0.0664335664335664,0.5,0.354736898594164,curriculum,indicator
150,WFG9,10,9,2,0.0135231316725979,0.00888888888888889,0.0699300699300699,0.5,0.345847304733017,conservative,indicator
150,WFG9,10,9,3,0.00711743772241993,0.0135231316725979,0.0699300699300699,0.5,0.665945353371821,weighted,indicator
150,WFG9,10,9,4,0.0149466192170819,0.00711743772241993,0.0769230769230769,0.4,0.638376466358696,weighted,explore
150,WFG9,10,9,5,0.0156583629893238,0.0149466192170819,0.0769230769230769,0.4,0.638427129497663,weighted,explore
150,WFG9,10,9,6,0.0199288256227758,0.0156583629893238,0.0804195804195804,0.4,0.638043801369777,weighted,explore
150,WFG9,10,9,7,0.0128113879003559,0.0199288256227758,0.0769230769230769,0.4,0.628838007318163,weighted,explore
150,WFG9,10,9,8,0.0113879003558719,0.0128113879003559,0.0804195804195804,0.4,0.628858374566451,weighted,explore
150,WFG9,10,9,9,0.0213523131672598,0.0113879003558719,0.0804195804195804,0.4,0.638114828697206,weighted,explore
150,WFG9,10,9,10,0.00640569395017794,0.0213523131672598,0.0804195804195804,0.4,0.638115213195431,weighted,explore
150,WFG9,10,9,11,0.0170818505338078,0.00640569395017794,0.0804195804195804,0.4,0.656508423918335,weighted,explore
150,WFG9,10,9,12,0.0135231316725979,0.0170818505338078,0.0804195804195804,0.4,0.628998298873342,weighted,explore
150,WFG9,10,9,13,0.0277580071174377,0.0135231316725979,0.0979020979020979,0.4,0.336451452882906,conservative,explore
150,WFG9,10,9,14,0.0263345195729537,0.0277580071174377,0.0979020979020979,0.4,0.327252044494907,conservative,explore
150,WFG9,10,9,15,0.0313167259786477,0.0263345195729537,0.108391608391608,0.4,0.327214253865204,conservative,explore
150,WFG9,10,9,16,0.0313167259786477,0.0313167259786477,0.115384615384615,0.4,0.655705628345345,weighted,explore
150,WFG9,10,9,17,0.0362989323843416,0.0313167259786477,0.108391608391608,0.4,0.683502727100385,weighted,explore
150,WFG9,10,9,18,0.00854092526690392,0.0362989323843416,0.108391608391608,0.4,0.674571798183505,weighted,explore
150,WFG9,10,9,19,0.00498220640569395,0.00854092526690392,0.104895104895105,0.4,0.656128477730647,weighted,explore
150,WFG9,10,9,20,0.0120996441281139,0.00498220640569395,0.101398601398601,0.4,0.656105155791848,weighted,explore
150,WFG9,10,9,21,0.0177935943060498,0.0120996441281139,0.104895104895105,0.4,0.647017438877213,weighted,explore
150,WFG9,10,9,22,0.0284697508896797,0.0177935943060498,0.104895104895105,0.4,0.647057011174589,weighted,explore
150,WFG9,10,9,23,0.0441281138790036,0.0284697508896797,0.101398601398601,0.4,0.637981712601665,weighted,explore
150,WFG9,10,9,24,0.0256227758007117,0.0441281138790036,0.111888111888112,0.4,0.583518446157159,weighted,explore
150,WFG9,10,9,25,0.0298932384341637,0.0256227758007117,0.118881118881119,0.4,0.592605422511086,weighted,explore
150,WFG9,10,9,26,0.0562277580071174,0.0298932384341637,0.118881118881119,0.4,0.610864087798985,weighted,explore
150,WFG9,10,9,27,0.0505338078291815,0.0562277580071174,0.111888111888112,0.4,0.629110138482674,weighted,explore
150,WFG9,10,9,28,0.41067615658363,0.0505338078291815,0.111888111888112,0.4,0.620008726445453,weighted,conservative
150,WFG9,10,9,29,0.0388888888888889,0.41067615658363,0.104895104895105,0.4,0.629132326488692,curriculum,explore
150,WFG9,10,9,30,0.0213523131672598,0.0388888888888889,0.104895104895105,0.4,0.61074563749887,weighted,explore
150,WFG9,10,9,31,0.0120996441281139,0.0213523131672598,0.104895104895105,0.4,0.601645999041887,weighted,explore
150,WFG9,10,9,32,0.0313167259786477,0.0120996441281139,0.104895104895105,0.4,0.592491428834648,weighted,explore
150,WFG9,10,9,33,0.0213523131672598,0.0313167259786477,0.104895104895105,0.4,0.646876849755145,weighted,explore
150,WFG9,10,9,34,0.0633451957295374,0.0213523131672598,0.104895104895105,0.4,0.637743255864674,weighted,explore
151,WFG9,20,1,1,0.00444444444444444,1,0.012987012987013,0.7,0.318153302208863,curriculum,indicator
151,WFG9,20,1,2,0.0120996441281139,0.00444444444444444,0.0173160173160173,0.7,0.308584072812596,conservative,indicator
151,WFG9,20,1,3,0.0149466192170819,0.0120996441281139,0.0216450216450216,0.7,0.71034632204648,weighted,indicator
151,WFG9,20,1,4,0.0569395017793594,0.0149466192170819,0.0216450216450216,0.7,0.738943428957543,weighted,indicator
151,WFG9,20,1,5,0.0284697508896797,0.0569395017793594,0.0303030303030303,0.7,0.748599205053014,weighted,indicator
151,WFG9,20,1,6,0.0882562277580071,0.0284697508896797,0.0303030303030303,0.7,0.700631562015754,weighted,indicator
151,WFG9,20,1,7,0.0192170818505338,0.0882562277580071,0.0303030303030303,0.7,0.729095549243937,weighted,indicator
151,WFG9,20,1,8,0.190747330960854,0.0192170818505338,0.0432900432900433,0.7,0.691156403820552,weighted,indicator
151,WFG9,20,1,9,0.449110320284697,0.190747330960854,0.0432900432900433,0.7,0.643447160395256,weighted,conservative
151,WFG9,20,1,10,0.0888888888888889,0.449110320284697,0.0432900432900433,0.7,0.643436941675598,curriculum,indicator
151,WFG9,20,1,11,0.195729537366548,0.0888888888888889,0.0432900432900433,0.7,0.633892047110912,weighted,indicator
151,WFG9,20,1,12,0.0562277580071174,0.195729537366548,0.0432900432900433,0.65,0.681388790733189,weighted,indicator
151,WFG9,20,1,13,0.231316725978648,0.0562277580071174,0.0476190476190476,0.65,0.64340405268511,weighted,indicator
151,WFG9,20,1,14,0.107473309608541,0.231316725978648,0.051948051948052,0.65,0.595664773253195,weighted,indicator
151,WFG9,20,1,15,0.0939501779359431,0.107473309608541,0.051948051948052,0.65,0.519214231168097,conservative,indicator
151,WFG9,20,1,16,0.116725978647687,0.0939501779359431,0.051948051948052,0.6,0.681655802150363,weighted,indicator
151,WFG9,20,1,17,0.166548042704626,0.116725978647687,0.0606060606060606,0.6,0.691081716502918,weighted,indicator
151,WFG9,20,1,18,0.0925266903914591,0.166548042704626,0.0606060606060606,0.6,0.557138508298654,weighted,indicator
151,WFG9,20,1,19,0.0348754448398577,0.0925266903914591,0.0692640692640693,0.6,0.557475470570527,weighted,indicator
151,WFG9,20,1,20,0.0306049822064057,0.0348754448398577,0.0735930735930736,0.6,0.547854988659404,conservative,indicator
151,WFG9,20,1,21,0.0362989323843416,0.0306049822064057,0.0735930735930736,0.6,0.681631539967508,weighted,indicator
151,WFG9,20,1,22,0.0434163701067616,0.0362989323843416,0.0735930735930736,0.6,0.62435919623903,weighted,indicator
151,WFG9,20,1,23,0.00782918149466192,0.0434163701067616,0.0822510822510823,0.6,0.681445528498028,weighted,indicator
151,WFG9,20,1,24,0.0213523131672598,0.00782918149466192,0.0779220779220779,0.6,0.519263279966493,conservative,indicator
151,WFG9,20,1,25,0.0170818505338078,0.0213523131672598,0.0909090909090909,0.6,0.681609934066434,weighted,indicator
151,WFG9,20,1,26,0.24270462633452,0.0170818505338078,0.0952380952380952,0.6,0.68197090833003,weighted,indicator
151,WFG9,20,1,27,0.482562277580071,0.24270462633452,0.0952380952380952,0.6,0.672446325836271,weighted,conservative
151,WFG9,20,1,28,0.0922222222222222,0.482562277580071,0.0909090909090909,0.6,0.634055623293614,curriculum,indicator
151,WFG9,20,1,29,0.0156583629893238,0.0922222222222222,0.0865800865800866,0.55,0.653198618885153,weighted,indicator
151,WFG9,20,1,30,0.0519572953736655,0.0156583629893238,0.0865800865800866,0.6,0.64359642042694,weighted,indicator
151,WFG9,20,1,31,0.194306049822064,0.0519572953736655,0.0952380952380952,0.6,0.614851883480775,weighted,indicator
151,WFG9,20,1,32,0.177935943060498,0.194306049822064,0.0822510822510823,0.6,0.633548540673092,weighted,indicator
151,WFG9,20,1,33,0.280427046263345,0.177935943060498,0.0909090909090909,0.6,0.605237114276259,weighted,indicator
151,WFG9,20,1,34,0.296085409252669,0.280427046263345,0.0909090909090909,0.6,0.605200101223204,weighted,indicator
152,WFG9,20,10,1,0.0144444444444444,1,0.0173160173160173,0.7,0.328077513315759,curriculum,indicator
152,WFG9,20,10,2,0.0135231316725979,0.0144444444444444,0.0216450216450216,0.7,0.758647862268332,weighted,indicator
152,WFG9,20,10,3,0.0291814946619217,0.0135231316725979,0.025974025974026,0.7,0.701111893689556,weighted,indicator
152,WFG9,20,10,4,0.00711743772241993,0.0291814946619217,0.0346320346320346,0.65,0.681896727690514,weighted,indicator
152,WFG9,20,10,5,0.00427046263345196,0.00711743772241993,0.038961038961039,0.65,0.662854024137393,weighted,indicator
152,WFG9,20,10,6,0.0128113879003559,0.00427046263345196,0.038961038961039,0.6,0.653238071525346,weighted,indicator
152,WFG9,20,10,7,0.0192170818505338,0.0128113879003559,0.038961038961039,0.65,0.624409133533444,weighted,indicator
152,WFG9,20,10,8,0.00498220640569395,0.0192170818505338,0.038961038961039,0.65,0.605286554925114,weighted,indicator
152,WFG9,20,10,9,0.0192170818505338,0.00498220640569395,0.0432900432900433,0.6,0.576779894072962,weighted,indicator
152,WFG9,20,10,10,0.0156583629893238,0.0192170818505338,0.0432900432900433,0.6,0.595905889493638,weighted,indicator
152,WFG9,20,10,11,0.00355871886120996,0.0156583629893238,0.0432900432900433,0.6,0.614986054617547,weighted,indicator
152,WFG9,20,10,12,0.0327402135231317,0.00355871886120996,0.0476190476190476,0.6,0.624557764754768,weighted,indicator
152,WFG9,20,10,13,0.0220640569395018,0.0327402135231317,0.0476190476190476,0.65,0.653181788944737,weighted,indicator
152,WFG9,20,10,14,0.00355871886120996,0.0220640569395018,0.051948051948052,0.6,0.691387439093767,weighted,indicator
152,WFG9,20,10,15,0.0213523131672598,0.00355871886120996,0.0476190476190476,0.6,0.538379488131818,conservative,indicator
152,WFG9,20,10,16,0.0291814946619217,0.0213523131672598,0.0476190476190476,0.6,0.547854503846615,conservative,indicator
152,WFG9,20,10,17,0.0469750889679715,0.0291814946619217,0.0476190476190476,0.6,0.557472325645196,weighted,indicator
152,WFG9,20,10,18,0.0142348754448399,0.0469750889679715,0.0432900432900433,0.6,0.605272004791074,weighted,indicator
152,WFG9,20,10,19,0.0284697508896797,0.0142348754448399,0.0432900432900433,0.6,0.566924473604824,weighted,indicator
152,WFG9,20,10,20,0.0327402135231317,0.0284697508896797,0.0476190476190476,0.6,0.576583732976721,weighted,indicator
152,WFG9,20,10,21,0.0334519572953737,0.0327402135231317,0.051948051948052,0.6,0.57658720676416,weighted,indicator
152,WFG9,20,10,22,0.0135231316725979,0.0334519572953737,0.051948051948052,0.6,0.567099426169612,weighted,indicator
152,WFG9,20,10,23,0.0142348754448399,0.0135231316725979,0.0476190476190476,0.6,0.548190117628179,conservative,indicator
152,WFG9,20,10,24,0.0120996441281139,0.0142348754448399,0.051948051948052,0.6,0.62444296394387,weighted,indicator
152,WFG9,20,10,25,0.0540925266903915,0.0120996441281139,0.0562770562770563,0.6,0.60532498207199,weighted,indicator
152,WFG9,20,10,26,0.0241992882562278,0.0540925266903915,0.0606060606060606,0.6,0.595688160611776,weighted,indicator
152,WFG9,20,10,27,0.112455516014235,0.0241992882562278,0.0606060606060606,0.65,0.614823704301405,weighted,indicator
152,WFG9,20,10,28,0.0213523131672598,0.112455516014235,0.0606060606060606,0.6,0.59584426680146,weighted,indicator
152,WFG9,20,10,29,0.103914590747331,0.0213523131672598,0.0692640692640693,0.6,0.500279800657847,conservative,indicator
152,WFG9,20,10,30,0.0263345195729537,0.103914590747331,0.0692640692640693,0.6,0.50982913363086,conservative,indicator
152,WFG9,20,10,31,0.0761565836298932,0.0263345195729537,0.0692640692640693,0.6,0.519317341540114,conservative,indicator
152,WFG9,20,10,32,0.0455516014234875,0.0761565836298932,0.0692640692640693,0.65,0.547903557445365,conservative,indicator
152,WFG9,20,10,33,0.236298932384342,0.0455516014234875,0.0649350649350649,0.65,0.567060341686536,weighted,indicator
152,WFG9,20,10,34,0.288256227758007,0.236298932384342,0.0649350649350649,0.65,0.566985523240283,weighted,indicator
153,WFG9,20,2,1,0.0155555555555556,1,0.0173160173160173,0.7,0.34740729517504,curriculum,indicator
153,WFG9,20,2,2,0.0128113879003559,0.0155555555555556,0.0173160173160173,0.7,0.662853701478537,weighted,indicator
153,WFG9,20,2,3,0.00284697508896797,0.0128113879003559,0.0173160173160173,0.7,0.643718447381204,weighted,indicator
153,WFG9,20,2,4,0.00854092526690392,0.00284697508896797,0.0173160173160173,0.7,0.643653414965536,weighted,indicator
153,WFG9,20,2,5,0.0683274021352313,0.00854092526690392,0.012987012987013,0.65,0.614873911322232,weighted,indicator
153,WFG9,20,2,6,0.0576512455516014,0.0683274021352313,0.012987012987013,0.65,0.634003629148355,weighted,indicator
153,WFG9,20,2,7,0.0612099644128114,0.0576512455516014,0.012987012987013,0.65,0.633984821837259,weighted,indicator
153,WFG9,20,2,8,0.0241992882562278,0.0612099644128114,0.012987012987013,0.65,0.653052034509124,weighted,indicator
153,WFG9,20,2,9,0.0825622775800712,0.0241992882562278,0.012987012987013,0.65,0.652998779262914,weighted,indicator
153,WFG9,20,2,10,0.0113879003558719,0.0825622775800712,0.012987012987013,0.65,0.643297701348766,weighted,indicator
153,WFG9,20,2,11,0.126690391459075,0.0113879003558719,0.0173160173160173,0.65,0.672048327482587,weighted,indicator
153,WFG9,20,2,12,0.0462633451957295,0.126690391459075,0.0173160173160173,0.65,0.681591467200445,weighted,indicator
153,WFG9,20,2,13,0.0362989323843416,0.0462633451957295,0.0216450216450216,0.65,0.672040488047529,weighted,indicator
153,WFG9,20,2,14,0.0419928825622776,0.0362989323843416,0.0173160173160173,0.65,0.595564644344371,weighted,indicator
153,WFG9,20,2,15,0.0206405693950178,0.0419928825622776,0.0173160173160173,0.65,0.652901522810775,weighted,indicator
153,WFG9,20,2,16,0.0113879003558719,0.0206405693950178,0.0216450216450216,0.65,0.595784227105188,weighted,indicator
153,WFG9,20,2,17,0.0334519572953737,0.0113879003558719,0.0303030303030303,0.65,0.633700726327609,weighted,indicator
153,WFG9,20,2,18,0.0619217081850534,0.0334519572953737,0.0303030303030303,0.65,0.681291433776702,weighted,indicator
153,WFG9,20,2,19,0.129537366548043,0.0619217081850534,0.038961038961039,0.65,0.633714230556098,weighted,indicator
153,WFG9,20,2,20,0.0306049822064057,0.129537366548043,0.0432900432900433,0.65,0.624325057743334,weighted,indicator
153,WFG9,20,2,21,0.201423487544484,0.0306049822064057,0.0432900432900433,0.65,0.643272202972048,weighted,indicator
153,WFG9,20,2,22,0.0690391459074733,0.201423487544484,0.0432900432900433,0.6,0.624098062359118,weighted,indicator
153,WFG9,20,2,23,0.0604982206405694,0.0690391459074733,0.0432900432900433,0.6,0.614630977226625,weighted,indicator
153,WFG9,20,2,24,0.300355871886121,0.0604982206405694,0.0476190476190476,0.6,0.586205728000107,weighted,indicator
153,WFG9,20,2,25,0.129537366548043,0.300355871886121,0.0432900432900433,0.6,0.586254914688762,weighted,indicator
153,WFG9,20,2,26,0.0249110320284698,0.129537366548043,0.051948051948052,0.65,0.614804486749902,weighted,indicator
153,WFG9,20,2,27,0.0099644128113879,0.0249110320284698,0.051948051948052,0.65,0.633839201491708,weighted,indicator
153,WFG9,20,2,28,0.0348754448398577,0.0099644128113879,0.0562770562770563,0.6,0.624365611326157,weighted,indicator
153,WFG9,20,2,29,0.0120996441281139,0.0348754448398577,0.0562770562770563,0.6,0.614808455494272,weighted,indicator
153,WFG9,20,2,30,0.0476868327402135,0.0120996441281139,0.051948051948052,0.6,0.652568846875013,weighted,indicator
153,WFG9,20,2,31,0.098932384341637,0.0476868327402135,0.0649350649350649,0.6,0.623877991719353,weighted,indicator
153,WFG9,20,2,32,0.201423487544484,0.098932384341637,0.0692640692640693,0.6,0.624063647419125,weighted,indicator
153,WFG9,20,2,33,0.359430604982206,0.201423487544484,0.0606060606060606,0.6,0.662141103744271,weighted,conservative
153,WFG9,20,2,34,0.0888888888888889,0.359430604982206,0.0606060606060606,0.6,0.623992183587027,curriculum,indicator
154,WFG9,20,3,1,0.0111111111111111,1,0.0216450216450216,0.7,0.385270401286812,curriculum,indicator
154,WFG9,20,3,2,0.0142348754448399,0.0111111111111111,0.0303030303030303,0.7,0.347664345996283,conservative,indicator
154,WFG9,20,3,3,0.0128113879003559,0.0142348754448399,0.0303030303030303,0.65,0.318817300731599,conservative,indicator
154,WFG9,20,3,4,0.00925266903914591,0.0128113879003559,0.0303030303030303,0.65,0.691547807653792,weighted,indicator
154,WFG9,20,3,5,0.0569395017793594,0.00925266903914591,0.0303030303030303,0.65,0.662803832035835,weighted,indicator
154,WFG9,20,3,6,0.0277580071174377,0.0569395017793594,0.025974025974026,0.65,0.653222455684111,weighted,indicator
154,WFG9,20,3,7,0.0526690391459075,0.0277580071174377,0.0303030303030303,0.65,0.615129755961836,weighted,indicator
154,WFG9,20,3,8,0.0334519572953737,0.0526690391459075,0.0303030303030303,0.65,0.586298073010141,weighted,indicator
154,WFG9,20,3,9,0.00213523131672598,0.0334519572953737,0.0303030303030303,0.65,0.672533534650624,weighted,indicator
154,WFG9,20,3,10,0.0427046263345196,0.00213523131672598,0.0346320346320346,0.65,0.548105935274629,conservative,indicator
154,WFG9,20,3,11,0.0206405693950178,0.0427046263345196,0.0346320346320346,0.6,0.538683581750942,conservative,indicator
154,WFG9,20,3,12,0.0135231316725979,0.0206405693950178,0.038961038961039,0.6,0.691439722806826,weighted,indicator
154,WFG9,20,3,13,0.0298932384341637,0.0135231316725979,0.0822510822510823,0.6,0.538670916037013,conservative,indicator
154,WFG9,20,3,14,0.0277580071174377,0.0298932384341637,0.0735930735930736,0.6,0.691433982828733,weighted,indicator
154,WFG9,20,3,15,0.0818505338078292,0.0277580071174377,0.0735930735930736,0.6,0.557875920253475,weighted,indicator
154,WFG9,20,3,16,0.0234875444839858,0.0818505338078292,0.0735930735930736,0.6,0.557687348473073,weighted,indicator
154,WFG9,20,3,17,0.0384341637010676,0.0234875444839858,0.0865800865800866,0.6,0.55783760596184,weighted,indicator
154,WFG9,20,3,18,0.129537366548043,0.0384341637010676,0.0562770562770563,0.6,0.691103454647575,weighted,indicator
154,WFG9,20,3,19,0.100355871886121,0.129537366548043,0.0692640692640693,0.6,0.672069360751553,weighted,indicator
154,WFG9,20,3,20,0.0327402135231317,0.100355871886121,0.0692640692640693,0.6,0.672056054704735,weighted,indicator
154,WFG9,20,3,21,0.115302491103203,0.0327402135231317,0.0606060606060606,0.6,0.605348430578065,weighted,indicator
154,WFG9,20,3,22,0.0291814946619217,0.115302491103203,0.0649350649350649,0.6,0.557657026076296,weighted,indicator
154,WFG9,20,3,23,0.0932384341637011,0.0291814946619217,0.0692640692640693,0.6,0.557686339658803,weighted,indicator
154,WFG9,20,3,24,0.249110320284698,0.0932384341637011,0.0649350649350649,0.6,0.68146798570498,weighted,indicator
154,WFG9,20,3,25,0.148042704626335,0.249110320284698,0.0606060606060606,0.6,0.538651592334165,conservative,indicator
154,WFG9,20,3,26,0.328113879003559,0.148042704626335,0.0649350649350649,0.6,0.557714093666884,weighted,indicator
154,WFG9,20,3,27,0.227758007117438,0.328113879003559,0.0649350649350649,0.6,0.576701379793553,weighted,indicator
154,WFG9,20,3,28,0.148754448398577,0.227758007117438,0.0735930735930736,0.6,0.576651270618975,weighted,indicator
154,WFG9,20,3,29,0.392170818505338,0.148754448398577,0.0692640692640693,0.6,0.557632161102054,weighted,conservative
154,WFG9,20,3,30,0.09,0.392170818505338,0.0865800865800866,0.6,0.557588432243127,curriculum,indicator
154,WFG9,20,3,31,0.293950177935943,0.09,0.0822510822510823,0.6,0.595339319506009,weighted,indicator
154,WFG9,20,3,32,0.213523131672598,0.293950177935943,0.0692640692640693,0.6,0.595438928203173,weighted,indicator
154,WFG9,20,3,33,0.0604982206405694,0.213523131672598,0.0692640692640693,0.6,0.576567544637317,weighted,indicator
154,WFG9,20,3,34,0.291103202846975,0.0604982206405694,0.0692640692640693,0.6,0.586057044828414,weighted,indicator
155,WFG9,20,4,1,0.0133333333333333,1,0.0173160173160173,0.7,0.309067264004709,curriculum,indicator
155,WFG9,20,4,2,0.0128113879003559,0.0133333333333333,0.0173160173160173,0.7,0.318704156937458,conservative,indicator
155,WFG9,20,4,3,0.00782918149466192,0.0128113879003559,0.0173160173160173,0.7,0.691499136165373,weighted,indicator
155,WFG9,20,4,4,0.0113879003558719,0.00782918149466192,0.0173160173160173,0.7,0.66280503436235,weighted,indicator
155,WFG9,20,4,5,0.00355871886120996,0.0113879003558719,0.025974025974026,0.7,0.56715956949995,weighted,indicator
155,WFG9,20,4,6,0.0113879003558719,0.00355871886120996,0.025974025974026,0.65,0.605332924697366,weighted,indicator
155,WFG9,20,4,7,0.00640569395017794,0.0113879003558719,0.025974025974026,0.65,0.633916776053025,weighted,indicator
155,WFG9,20,4,8,0.0177935943060498,0.00640569395017794,0.0303030303030303,0.65,0.653048946312077,weighted,indicator
155,WFG9,20,4,9,0.158007117437722,0.0177935943060498,0.0303030303030303,0.65,0.557703280699151,weighted,indicator
155,WFG9,20,4,10,0.0327402135231317,0.158007117437722,0.038961038961039,0.65,0.557355495045498,weighted,indicator
155,WFG9,20,4,11,0.130249110320285,0.0327402135231317,0.038961038961039,0.65,0.605105271247188,weighted,indicator
155,WFG9,20,4,12,0.0633451957295374,0.130249110320285,0.0432900432900433,0.65,0.633615895614055,weighted,indicator
155,WFG9,20,4,13,0.0868327402135231,0.0633451957295374,0.0432900432900433,0.65,0.615022155634828,weighted,indicator
155,WFG9,20,4,14,0.0654804270462633,0.0868327402135231,0.0476190476190476,0.65,0.557899771042329,weighted,indicator
155,WFG9,20,4,15,0.0313167259786477,0.0654804270462633,0.051948051948052,0.6,0.529051074192237,conservative,indicator
155,WFG9,20,4,16,0.0640569395017794,0.0313167259786477,0.0562770562770563,0.6,0.605552184655226,weighted,indicator
155,WFG9,20,4,17,0.315302491103203,0.0640569395017794,0.051948051948052,0.6,0.586329367656352,weighted,indicator
155,WFG9,20,4,18,0.0120996441281139,0.315302491103203,0.0562770562770563,0.6,0.529193802019356,conservative,indicator
155,WFG9,20,4,19,0.0227758007117438,0.0120996441281139,0.0606060606060606,0.6,0.681361067674969,weighted,indicator
155,WFG9,20,4,20,0.0526690391459075,0.0227758007117438,0.0606060606060606,0.6,0.548048837722706,conservative,indicator
155,WFG9,20,4,21,0.201423487544484,0.0526690391459075,0.0779220779220779,0.6,0.671976526288099,weighted,indicator
155,WFG9,20,4,22,0.1644128113879,0.201423487544484,0.0865800865800866,0.6,0.69107237247471,weighted,indicator
155,WFG9,20,4,23,0.222064056939502,0.1644128113879,0.0865800865800866,0.6,0.557652157252366,weighted,indicator
155,WFG9,20,4,24,0.0135231316725979,0.222064056939502,0.0606060606060606,0.6,0.691295631845071,weighted,indicator
155,WFG9,20,4,25,0.0362989323843416,0.0135231316725979,0.0649350649350649,0.6,0.54764519372425,conservative,indicator
155,WFG9,20,4,26,0.0306049822064057,0.0362989323843416,0.0735930735930736,0.6,0.547653541142875,conservative,indicator
155,WFG9,20,4,27,0.414946619217082,0.0306049822064057,0.0779220779220779,0.6,0.557331039196612,weighted,conservative
155,WFG9,20,4,28,0.0622222222222222,0.414946619217082,0.0779220779220779,0.6,0.690388203311264,curriculum,indicator
155,WFG9,20,4,29,0.444128113879004,0.0622222222222222,0.0822510822510823,0.6,0.566770862480603,weighted,conservative
155,WFG9,20,4,30,0.0266666666666667,0.444128113879004,0.0865800865800866,0.6,0.557248963266851,curriculum,indicator
155,WFG9,20,4,31,0.0676156583629893,0.0266666666666667,0.0865800865800866,0.6,0.661971997564207,weighted,indicator
155,WFG9,20,4,32,0.0334519572953737,0.0676156583629893,0.0909090909090909,0.6,0.557408253112433,weighted,indicator
155,WFG9,20,4,33,0.0626334519572954,0.0334519572953737,0.0822510822510823,0.6,0.681320505056343,weighted,indicator
155,WFG9,20,4,34,0.101779359430605,0.0626334519572954,0.0822510822510823,0.6,0.661901997443475,weighted,indicator
156,WFG9,20,5,1,0.0177777777777778,1,0.0303030303030303,0.65,0.768102879575883,curriculum,indicator
156,WFG9,20,5,2,0.0227758007117438,0.0177777777777778,0.038961038961039,0.65,0.748975000340387,weighted,indicator
156,WFG9,20,5,3,0.00498220640569395,0.0227758007117438,0.0432900432900433,0.65,0.748807256116453,weighted,indicator
156,WFG9,20,5,4,0.0177935943060498,0.00498220640569395,0.0432900432900433,0.65,0.662696022628599,weighted,indicator
156,WFG9,20,5,5,0.0654804270462633,0.0177935943060498,0.051948051948052,0.6,0.614931815776563,weighted,indicator
156,WFG9,20,5,6,0.0391459074733096,0.0654804270462633,0.051948051948052,0.6,0.614877811897844,weighted,indicator
156,WFG9,20,5,7,0.0790035587188612,0.0391459074733096,0.051948051948052,0.6,0.65310888640841,weighted,indicator
156,WFG9,20,5,8,0.121708185053381,0.0790035587188612,0.051948051948052,0.6,0.63397673865954,weighted,indicator
156,WFG9,20,5,9,0.095373665480427,0.121708185053381,0.051948051948052,0.65,0.586175596995294,weighted,indicator
156,WFG9,20,5,10,0.0135231316725979,0.095373665480427,0.051948051948052,0.65,0.681674843976975,weighted,indicator
156,WFG9,20,5,11,0.0206405693950178,0.0135231316725979,0.051948051948052,0.65,0.681660466047089,weighted,indicator
156,WFG9,20,5,12,0.118861209964413,0.0206405693950178,0.0562770562770563,0.65,0.662508904091728,weighted,indicator
156,WFG9,20,5,13,0.0932384341637011,0.118861209964413,0.0562770562770563,0.65,0.681637194464738,weighted,indicator
156,WFG9,20,5,14,0.0263345195729537,0.0932384341637011,0.0562770562770563,0.65,0.633849255019636,weighted,indicator
156,WFG9,20,5,15,0.0234875444839858,0.0263345195729537,0.0649350649350649,0.6,0.624382649587152,weighted,indicator
156,WFG9,20,5,16,0.0313167259786477,0.0234875444839858,0.0562770562770563,0.6,0.595733623813675,weighted,indicator
156,WFG9,20,5,17,0.0455516014234875,0.0313167259786477,0.051948051948052,0.6,0.634006925724031,weighted,indicator
156,WFG9,20,5,18,0.0476868327402135,0.0455516014234875,0.051948051948052,0.65,0.662627364728249,weighted,indicator
156,WFG9,20,5,19,0.266192170818505,0.0476868327402135,0.051948051948052,0.65,0.624373425009944,weighted,indicator
156,WFG9,20,5,20,0.0384341637010676,0.266192170818505,0.0476190476190476,0.65,0.624197110148739,weighted,indicator
156,WFG9,20,5,21,0.0270462633451957,0.0384341637010676,0.0606060606060606,0.6,0.691066266026955,weighted,indicator
156,WFG9,20,5,22,0.0455516014234875,0.0270462633451957,0.0649350649350649,0.6,0.576531922860365,weighted,indicator
156,WFG9,20,5,23,0.0298932384341637,0.0455516014234875,0.0692640692640693,0.6,0.595572641467829,weighted,indicator
156,WFG9,20,5,24,0.0505338078291815,0.0298932384341637,0.0735930735930736,0.65,0.566906687244837,weighted,indicator
156,WFG9,20,5,25,0.0398576512455516,0.0505338078291815,0.0649350649350649,0.6,0.624140894573977,weighted,indicator
156,WFG9,20,5,26,0.0313167259786477,0.0398576512455516,0.0649350649350649,0.6,0.547766511606055,conservative,indicator
156,WFG9,20,5,27,0.115302491103203,0.0313167259786477,0.0735930735930736,0.6,0.690867180903157,weighted,indicator
156,WFG9,20,5,28,0.0177935943060498,0.115302491103203,0.0822510822510823,0.6,0.538279365047916,conservative,indicator
156,WFG9,20,5,29,0.0583629893238434,0.0177935943060498,0.0822510822510823,0.6,0.614460231611364,weighted,indicator
156,WFG9,20,5,30,0.0362989323843416,0.0583629893238434,0.0606060606060606,0.6,0.63328397624191,weighted,indicator
156,WFG9,20,5,31,0.0427046263345196,0.0362989323843416,0.0606060606060606,0.6,0.633334845955206,weighted,indicator
156,WFG9,20,5,32,0.262633451957295,0.0427046263345196,0.0562770562770563,0.6,0.652240101639312,weighted,indicator
156,WFG9,20,5,33,0.129537366548043,0.262633451957295,0.0562770562770563,0.6,0.642688488086203,weighted,indicator
156,WFG9,20,5,34,0.443416370106762,0.129537366548043,0.0562770562770563,0.6,0.556866969272844,weighted,conservative
157,WFG9,20,6,1,0.0144444444444444,1,0.0216450216450216,0.7,0.347192618653656,curriculum,indicator
157,WFG9,20,6,2,0.00640569395017794,0.0144444444444444,0.0216450216450216,0.7,0.337653189323698,conservative,indicator
157,WFG9,20,6,3,0.0113879003558719,0.00640569395017794,0.0303030303030303,0.65,0.758694093889611,weighted,indicator
157,WFG9,20,6,4,0.00355871886120996,0.0113879003558719,0.0346320346320346,0.65,0.710809438431851,weighted,indicator
157,WFG9,20,6,5,0.00925266903914591,0.00355871886120996,0.0346320346320346,0.65,0.710753942360261,weighted,indicator
157,WFG9,20,6,6,0.0341637010676157,0.00925266903914591,0.0346320346320346,0.65,0.701064338301282,weighted,indicator
157,WFG9,20,6,7,0.0185053380782918,0.0341637010676157,0.0216450216450216,0.65,0.672136731946308,weighted,indicator
157,WFG9,20,6,8,0.098220640569395,0.0185053380782918,0.025974025974026,0.65,0.672174906777947,weighted,indicator
157,WFG9,20,6,9,0.0249110320284698,0.098220640569395,0.038961038961039,0.65,0.662815053111043,weighted,indicator
157,WFG9,20,6,10,0.0135231316725979,0.0249110320284698,0.038961038961039,0.65,0.624534034130837,weighted,indicator
157,WFG9,20,6,11,0.0519572953736655,0.0135231316725979,0.038961038961039,0.6,0.634101108349351,weighted,indicator
157,WFG9,20,6,12,0.0469750889679715,0.0519572953736655,0.0432900432900433,0.55,0.586227429548332,weighted,indicator
157,WFG9,20,6,13,0.0640569395017794,0.0469750889679715,0.0476190476190476,0.55,0.614981455743964,weighted,indicator
157,WFG9,20,6,14,0.170818505338078,0.0640569395017794,0.0562770562770563,0.55,0.681704301096108,weighted,indicator
157,WFG9,20,6,15,0.17153024911032,0.170818505338078,0.051948051948052,0.55,0.576614757032389,weighted,indicator
157,WFG9,20,6,16,0.148042704626335,0.17153024911032,0.0562770562770563,0.55,0.633700931571385,weighted,indicator
157,WFG9,20,6,17,0.0533807829181495,0.148042704626335,0.0692640692640693,0.55,0.691246523804633,weighted,indicator
157,WFG9,20,6,18,0.180071174377224,0.0533807829181495,0.0735930735930736,0.55,0.634077065304473,weighted,indicator
157,WFG9,20,6,19,0.300355871886121,0.180071174377224,0.0735930735930736,0.55,0.615609173206013,weighted,indicator
157,WFG9,20,6,20,0.20711743772242,0.300355871886121,0.0779220779220779,0.6,0.663096772321597,weighted,indicator
157,WFG9,20,6,21,0.217081850533808,0.20711743772242,0.0779220779220779,0.55,0.691427751336189,weighted,indicator
157,WFG9,20,6,22,0.0448398576512456,0.217081850533808,0.0692640692640693,0.55,0.595827835090602,weighted,indicator
157,WFG9,20,6,23,0.0782918149466192,0.0448398576512456,0.0692640692640693,0.55,0.633900686939648,weighted,indicator
157,WFG9,20,6,24,0.193594306049822,0.0782918149466192,0.0779220779220779,0.55,0.586217713525126,weighted,indicator
157,WFG9,20,6,25,0.217081850533808,0.193594306049822,0.0779220779220779,0.55,0.691265862622094,weighted,indicator
157,WFG9,20,6,26,0.106761565836299,0.217081850533808,0.0779220779220779,0.55,0.681578059758757,weighted,indicator
157,WFG9,20,6,27,0.279715302491103,0.106761565836299,0.0822510822510823,0.55,0.690890355494253,weighted,indicator
157,WFG9,20,6,28,0.186476868327402,0.279715302491103,0.0779220779220779,0.55,0.681313010082547,weighted,indicator
157,WFG9,20,6,29,0.294661921708185,0.186476868327402,0.0779220779220779,0.55,0.662215641542615,weighted,indicator
157,WFG9,20,6,30,0.134519572953737,0.294661921708185,0.0779220779220779,0.55,0.624286520798613,weighted,indicator
157,WFG9,20,6,31,0.23202846975089,0.134519572953737,0.0865800865800866,0.55,0.624372008945914,weighted,indicator
157,WFG9,20,6,32,0.176512455516014,0.23202846975089,0.0779220779220779,0.55,0.643672217955048,weighted,indicator
157,WFG9,20,6,33,0.125978647686833,0.176512455516014,0.0779220779220779,0.55,0.566851373909459,weighted,indicator
157,WFG9,20,6,34,0.339501779359431,0.125978647686833,0.0735930735930736,0.55,0.671965902979702,weighted,indicator
158,WFG9,20,7,1,0.0211111111111111,1,0.051948051948052,0.7,0.318430789482726,curriculum,indicator
158,WFG9,20,7,2,0.00213523131672598,0.0211111111111111,0.051948051948052,0.7,0.739716044295929,weighted,indicator
158,WFG9,20,7,3,0.0249110320284698,0.00213523131672598,0.051948051948052,0.7,0.672613614846501,weighted,indicator
158,WFG9,20,7,4,0.0206405693950178,0.0249110320284698,0.0606060606060606,0.7,0.682181737351257,weighted,indicator
158,WFG9,20,7,5,0.00711743772241993,0.0206405693950178,0.0692640692640693,0.65,0.605573446364762,weighted,indicator
158,WFG9,20,7,6,0.00427046263345196,0.00711743772241993,0.0779220779220779,0.6,0.566973913572525,weighted,indicator
158,WFG9,20,7,7,0.0149466192170819,0.00427046263345196,0.0779220779220779,0.6,0.566984402417202,weighted,indicator
158,WFG9,20,7,8,0.0412811387900356,0.0149466192170819,0.0735930735930736,0.6,0.567107928993893,weighted,indicator
158,WFG9,20,7,9,0.0320284697508897,0.0412811387900356,0.0735930735930736,0.6,0.614958588953564,weighted,indicator
158,WFG9,20,7,10,0.0370106761565836,0.0320284697508897,0.0779220779220779,0.6,0.614969265161078,weighted,indicator
158,WFG9,20,7,11,0.0256227758007117,0.0370106761565836,0.0779220779220779,0.6,0.586204974341309,weighted,indicator
158,WFG9,20,7,12,0.0932384341637011,0.0256227758007117,0.0779220779220779,0.6,0.576705896018518,weighted,indicator
158,WFG9,20,7,13,0.306049822064057,0.0932384341637011,0.0779220779220779,0.55,0.643277346762782,weighted,indicator
158,WFG9,20,7,14,0.0690391459074733,0.306049822064057,0.0865800865800866,0.55,0.624095456629801,weighted,indicator
158,WFG9,20,7,15,0.00854092526690392,0.0690391459074733,0.0779220779220779,0.55,0.681538060291341,weighted,indicator
158,WFG9,20,7,16,0.118861209964413,0.00854092526690392,0.0865800865800866,0.55,0.671971168866272,weighted,indicator
158,WFG9,20,7,17,0.0669039145907473,0.118861209964413,0.0952380952380952,0.5,0.595369423524557,weighted,indicator
158,WFG9,20,7,18,0.0590747330960854,0.0669039145907473,0.0995670995670996,0.5,0.633623628189004,weighted,indicator
158,WFG9,20,7,19,0.0918149466192171,0.0590747330960854,0.0995670995670996,0.5,0.624108157805921,weighted,indicator
158,WFG9,20,7,20,0.339501779359431,0.0918149466192171,0.0995670995670996,0.5,0.624024889113021,weighted,indicator
158,WFG9,20,7,21,0.0306049822064057,0.339501779359431,0.0952380952380952,0.5,0.547909690373697,conservative,indicator
158,WFG9,20,7,22,0.186476868327402,0.0306049822064057,0.0995670995670996,0.5,0.6341852920709,weighted,indicator
158,WFG9,20,7,23,0.0419928825622776,0.186476868327402,0.103896103896104,0.5,0.586507596190957,weighted,indicator
158,WFG9,20,7,24,0.0533807829181495,0.0419928825622776,0.0995670995670996,0.5,0.614786516437767,weighted,indicator
158,WFG9,20,7,25,0.373665480427046,0.0533807829181495,0.0995670995670996,0.5,0.624306445172161,weighted,conservative
158,WFG9,20,7,26,0.118888888888889,0.373665480427046,0.0952380952380952,0.55,0.62428688974222,curriculum,indicator
158,WFG9,20,7,27,0.212811387900356,0.118888888888889,0.12987012987013,0.55,0.547842681103468,conservative,indicator
158,WFG9,20,7,28,0.0533807829181495,0.212811387900356,0.121212121212121,0.55,0.557468119580973,weighted,indicator
158,WFG9,20,7,29,0.264768683274021,0.0533807829181495,0.121212121212121,0.55,0.576356127262431,weighted,indicator
158,WFG9,20,7,30,0.0775800711743772,0.264768683274021,0.108225108225108,0.55,0.5668888027169,weighted,indicator
158,WFG9,20,7,31,0.293950177935943,0.0775800711743772,0.103896103896104,0.55,0.586074879657671,weighted,indicator
158,WFG9,20,7,32,0.0135231316725979,0.293950177935943,0.108225108225108,0.55,0.643415747719656,weighted,indicator
158,WFG9,20,7,33,0.118861209964413,0.0135231316725979,0.125541125541126,0.55,0.5954309419638,weighted,indicator
158,WFG9,20,7,34,0.169395017793594,0.118861209964413,0.103896103896104,0.55,0.576416536401118,weighted,indicator
159,WFG9,20,8,1,0.0255555555555556,1,0.0303030303030303,0.7,0.308686993217652,curriculum,indicator
159,WFG9,20,8,2,0.00569395017793594,0.0255555555555556,0.0346320346320346,0.7,0.777478220692015,weighted,indicator
159,WFG9,20,8,3,0.0099644128113879,0.00569395017793594,0.025974025974026,0.7,0.652876970987738,weighted,indicator
159,WFG9,20,8,4,0.00782918149466192,0.0099644128113879,0.0303030303030303,0.7,0.681501081718761,weighted,indicator
159,WFG9,20,8,5,0.00427046263345196,0.00782918149466192,0.0346320346320346,0.7,0.633634466807505,weighted,indicator
159,WFG9,20,8,6,0.0270462633451957,0.00427046263345196,0.0346320346320346,0.7,0.60498856923019,weighted,indicator
159,WFG9,20,8,7,0.0213523131672598,0.0270462633451957,0.038961038961039,0.65,0.595450029534268,weighted,indicator
159,WFG9,20,8,8,0.00569395017793594,0.0213523131672598,0.0432900432900433,0.65,0.60496448523398,weighted,indicator
159,WFG9,20,8,9,0.0562277580071174,0.00569395017793594,0.0562770562770563,0.65,0.595429909623812,weighted,indicator
159,WFG9,20,8,10,0.0170818505338078,0.0562277580071174,0.051948051948052,0.65,0.576410386732186,weighted,indicator
159,WFG9,20,8,11,0.0199288256227758,0.0170818505338078,0.051948051948052,0.65,0.604907953817738,weighted,indicator
159,WFG9,20,8,12,0.0370106761565836,0.0199288256227758,0.0562770562770563,0.6,0.576482093054872,weighted,indicator
159,WFG9,20,8,13,0.0540925266903915,0.0370106761565836,0.0606060606060606,0.6,0.59541538060005,weighted,indicator
159,WFG9,20,8,14,0.0754448398576512,0.0540925266903915,0.0692640692640693,0.6,0.614543245617695,weighted,indicator
159,WFG9,20,8,15,0.0206405693950178,0.0754448398576512,0.0692640692640693,0.6,0.614570284858737,weighted,indicator
159,WFG9,20,8,16,0.133807829181495,0.0206405693950178,0.0692640692640693,0.6,0.595487893433365,weighted,indicator
159,WFG9,20,8,17,0.0163701067615658,0.133807829181495,0.0735930735930736,0.6,0.624128893249544,weighted,indicator
159,WFG9,20,8,18,0.16797153024911,0.0163701067615658,0.0735930735930736,0.6,0.614627699200064,weighted,indicator
159,WFG9,20,8,19,0.0241992882562278,0.16797153024911,0.0692640692640693,0.6,0.614637954110799,weighted,indicator
159,WFG9,20,8,20,0.0661921708185053,0.0241992882562278,0.0735930735930736,0.6,0.662199974309553,weighted,indicator
159,WFG9,20,8,21,0.488256227758007,0.0661921708185053,0.0692640692640693,0.6,0.671839755320881,weighted,conservative
159,WFG9,20,8,22,0.0277777777777778,0.488256227758007,0.0692640692640693,0.6,0.681368333373928,curriculum,indicator
159,WFG9,20,8,23,0.0341637010676157,0.0277777777777778,0.0735930735930736,0.6,0.48126163948135,conservative,indicator
159,WFG9,20,8,24,0.0398576512455516,0.0341637010676157,0.0735930735930736,0.6,0.481243429127537,conservative,indicator
159,WFG9,20,8,25,0.119572953736655,0.0398576512455516,0.0735930735930736,0.6,0.490763682448467,conservative,indicator
159,WFG9,20,8,26,0.0213523131672598,0.119572953736655,0.0779220779220779,0.6,0.509945069544156,conservative,indicator
159,WFG9,20,8,27,0.098220640569395,0.0213523131672598,0.0779220779220779,0.6,0.51946838316134,conservative,indicator
159,WFG9,20,8,28,0.0903914590747331,0.098220640569395,0.0822510822510823,0.6,0.509856773533545,conservative,indicator
159,WFG9,20,8,29,0.0263345195729537,0.0903914590747331,0.0735930735930736,0.6,0.490862037796648,conservative,indicator
159,WFG9,20,8,30,0.402135231316726,0.0263345195729537,0.0735930735930736,0.6,0.500361700365003,conservative,conservative
159,WFG9,20,8,31,0.0566666666666667,0.402135231316726,0.0735930735930736,0.6,0.500471581041516,curriculum,indicator
159,WFG9,20,8,32,0.291103202846975,0.0566666666666667,0.0865800865800866,0.55,0.528965555687548,conservative,indicator
159,WFG9,20,8,33,0.0562277580071174,0.291103202846975,0.0822510822510823,0.6,0.528804541606161,conservative,indicator
159,WFG9,20,8,34,0.217081850533808,0.0562277580071174,0.0779220779220779,0.6,0.633865453252883,weighted,indicator
160,WFG9,20,9,1,0.0577777777777778,1,0.0216450216450216,0.7,0.758806636697672,curriculum,indicator
160,WFG9,20,9,2,0.0348754448398577,0.0577777777777778,0.0216450216450216,0.7,0.758846711613733,weighted,indicator
160,WFG9,20,9,3,0.0163701067615658,0.0348754448398577,0.0173160173160173,0.65,0.68188400413559,weighted,indicator
160,WFG9,20,9,4,0.0199288256227758,0.0163701067615658,0.0216450216450216,0.65,0.662679105991903,weighted,indicator
160,WFG9,20,9,5,0.0213523131672598,0.0199288256227758,0.0216450216450216,0.65,0.624412362349157,weighted,indicator
160,WFG9,20,9,6,0.0227758007117438,0.0213523131672598,0.0216450216450216,0.65,0.643526203540096,weighted,indicator
160,WFG9,20,9,7,0.0120996441281139,0.0227758007117438,0.0216450216450216,0.65,0.633920583477451,weighted,indicator
160,WFG9,20,9,8,0.0498220640569395,0.0120996441281139,0.0216450216450216,0.65,0.595683343779948,weighted,indicator
160,WFG9,20,9,9,0.0249110320284698,0.0498220640569395,0.0216450216450216,0.65,0.586164672685192,weighted,indicator
160,WFG9,20,9,10,0.0099644128113879,0.0249110320284698,0.0216450216450216,0.65,0.567028198421386,weighted,indicator
160,WFG9,20,9,11,0.102491103202847,0.0099644128113879,0.0303030303030303,0.65,0.519243736650908,conservative,indicator
160,WFG9,20,9,12,0.0313167259786477,0.102491103202847,0.0346320346320346,0.6,0.548039493296931,conservative,indicator
160,WFG9,20,9,13,0.0583629893238434,0.0313167259786477,0.0346320346320346,0.6,0.567105280203539,weighted,indicator
160,WFG9,20,9,14,0.0669039145907473,0.0583629893238434,0.0303030303030303,0.6,0.566988276936104,weighted,indicator
160,WFG9,20,9,15,0.0249110320284698,0.0669039145907473,0.0303030303030303,0.6,0.681649646103908,weighted,indicator
160,WFG9,20,9,16,0.0548042704626335,0.0249110320284698,0.0346320346320346,0.6,0.691384460357335,weighted,indicator
160,WFG9,20,9,17,0.402846975088968,0.0548042704626335,0.0346320346320346,0.6,0.672236287947433,weighted,conservative
160,WFG9,20,9,18,0.03,0.402846975088968,0.0432900432900433,0.6,0.643631886180959,curriculum,indicator
160,WFG9,20,9,19,0.168683274021352,0.03,0.0432900432900433,0.6,0.55770796466551,weighted,indicator
160,WFG9,20,9,20,0.0925266903914591,0.168683274021352,0.0432900432900433,0.6,0.671971610581265,weighted,indicator
160,WFG9,20,9,21,0.0676156583629893,0.0925266903914591,0.0476190476190476,0.65,0.633786976728438,weighted,indicator
160,WFG9,20,9,22,0.327402135231317,0.0676156583629893,0.051948051948052,0.6,0.662581836627664,weighted,indicator
160,WFG9,20,9,23,0.121708185053381,0.327402135231317,0.051948051948052,0.6,0.672155155308878,weighted,indicator
160,WFG9,20,9,24,0.0619217081850534,0.121708185053381,0.0432900432900433,0.6,0.643550095364918,weighted,indicator
160,WFG9,20,9,25,0.0277580071174377,0.0619217081850534,0.0476190476190476,0.6,0.681785175156858,weighted,indicator
160,WFG9,20,9,26,0.137366548042705,0.0277580071174377,0.0476190476190476,0.6,0.681839179730609,weighted,indicator
160,WFG9,20,9,27,0.0747330960854092,0.137366548042705,0.0432900432900433,0.6,0.690794125005536,weighted,indicator
160,WFG9,20,9,28,0.159430604982206,0.0747330960854092,0.051948051948052,0.65,0.624027808963547,weighted,indicator
160,WFG9,20,9,29,0.0740213523131673,0.159430604982206,0.051948051948052,0.65,0.681040837788667,weighted,indicator
160,WFG9,20,9,30,0.363701067615658,0.0740213523131673,0.0606060606060606,0.65,0.652366939115393,weighted,conservative
160,WFG9,20,9,31,0.0944444444444444,0.363701067615658,0.0606060606060606,0.6,0.642957979436038,curriculum,indicator
160,WFG9,20,9,32,0.18932384341637,0.0944444444444444,0.0606060606060606,0.6,0.671223535387856,weighted,indicator
160,WFG9,20,9,33,0.219217081850534,0.18932384341637,0.0649350649350649,0.65,0.671275517890138,weighted,indicator
160,WFG9,20,9,34,0.276156583629893,0.219217081850534,0.051948051948052,0.65,0.566655280668877,weighted,indicator
