Arm,Problem,M,Run,IGD,IGDp,FEWithinBudget,HandleIdentity,Runtime,SurvivalRateAll,SurvivalRateLate,SurvivalRatePooled,SurvivalRateEarly,SurvivalRateStage1,SurvivalRateStage2,SurvivalRateStage3,SurvivalRateStage4,OracleHitRate,OracleHitRateLate,OracleGainRatio,OracleGainRatioLate,OracleAlgorithmGain,OracleOracleGain,OraclePoolConsidered,OracleSubsampledFraction,OracleRowCount,BatchSizeMean,BatchSizeMin,BatchSizeMax,BatchSpreadMean,PoolRawMean,PoolUniqueMean,LastRoundUniqueMean,SelectedFromLastRoundMean,RetainedCountMean,GenerationCount,EvaluatedTotal,SurvivorTotal,AggregationChangedFraction,IndicatorOperationalFraction,IndicatorAvailableFraction,IndicatorModeFraction,ExploreModeFraction,LambdaTMean,PErrMean,FallbackGenerationCount,TruncatedGenerationCount,meta_M,meta_Run,meta_CompletedFE,meta_MaxFE,meta_ActualD,meta_Gmax,meta_ProblemN,meta_PMix,meta_QKeep,meta_NMin,meta_NMax,meta_RGood,meta_Lambda0,meta_OracleEvery,meta_OraclePoolLimit,meta_OracleReferenceSize,meta_SchemaVersion,meta_ArmID
V0_REMO_RULE,DTLZ2,20,1,1.1576768978949024,0.8029242617687713,1.0,1.0,166.80207439999998,0.8711982781771224,0.8234852207762424,0.825,0.9189113355780024,,0.9189113355780024,0.8226301884390119,0.8241692466460269,0.0434534543925668,0.0696229581678498,0.1487413785928034,0.2013611170318375,0.0170657176238053,0.1223414009292311,400.0,1.0,18.0,11.11111111111111,4.0,24.0,1.8290282391300847,3010.0,3010.0,60.0,1.0,60.0,18.0,200.0,165.0,0.1134259259259259,0.0,1.0,0.0,0.0,0.1390062753540412,0.0232107552392249,0.0,1.0,20.0,1.0,300.0,300.0,30.0,3000.0,100.0,0.5,0.8,4.0,6.0,0.25,0.35,1.0,400.0,300.0,1.0,0.0
V0_REMO_RULE,DTLZ2,20,2,1.2491734857860957,0.9304069442269476,1.0,1.0,159.42666790000004,0.8641634960022059,0.8444342694342696,0.855,0.967741935483871,,0.967741935483871,0.8852564102564103,0.7780982905982905,0.0038709677419354,0.0,0.0686580178363597,0.0658694718038573,0.0082364997763351,0.1157525262723906,400.0,1.0,25.0,8.0,4.0,31.0,1.8303677031420276,3010.0,3010.0,60.0,1.0,60.0,25.0,200.0,171.0,0.1616666666666666,0.0,1.0,0.0,0.0,0.0942350942401475,0.0742491103202847,0.0,1.0,20.0,2.0,300.0,300.0,30.0,3000.0,100.0,0.5,0.8,4.0,6.0,0.25,0.35,1.0,400.0,300.0,1.0,0.0
V0_REMO_RULE,DTLZ2,20,3,1.1421155875418962,0.8114253175361918,1.0,1.0,127.1957961,0.8168507554536967,0.7986362347969491,0.81,0.901851851851852,,0.901851851851852,0.8392781986531986,0.768154761904762,0.0373328877005347,0.038189935064935,0.1160055835335118,0.1120546491204634,0.0124245444449795,0.090515784837012,400.0,1.0,17.0,11.764705882352942,4.0,32.0,1.7154983471536154,3010.0,3010.0,60.0,1.0,60.0,17.0,200.0,162.0,0.1654411764705882,0.0,1.0,0.0,0.0,0.0951721365493607,0.0637638685367385,0.0,1.0,20.0,3.0,300.0,300.0,30.0,3000.0,100.0,0.5,0.8,4.0,6.0,0.25,0.35,1.0,400.0,300.0,1.0,0.0
V0_REMO_RULE,DTLZ2,20,4,1.2449981397887306,0.9567075876173304,1.0,1.0,118.1022886,0.7871218752652576,0.7658493467316997,0.765,0.8793028322440087,,0.8793028322440087,0.7925170068027212,0.7347370766488414,0.0336550245098039,0.0362933634992458,0.0949591111667823,0.0971551687853987,0.01369541835311,0.1372896361829206,400.0,1.0,16.0,12.5,3.0,21.0,1.8934306968567125,3010.0,3009.9375,60.0,1.0,60.0,16.0,200.0,153.0,0.0924479166666666,0.0,1.0,0.0,0.0,0.1115324280018452,0.0262010676156583,0.0,1.0,20.0,4.0,300.0,300.0,30.0,3000.0,100.0,0.5,0.8,4.0,6.0,0.25,0.35,1.0,400.0,300.0,1.0,0.0
V0_REMO_RULE,DTLZ2,20,5,1.293709321281744,1.002108212031899,1.0,1.0,110.6170033,0.7056505008678922,0.6111684319194199,0.725,0.9654761904761904,,0.9654761904761904,0.6125108225108225,0.6100497730932514,0.022292490118577,0.0182776380404838,0.0561332056307276,0.0563180411070978,0.0079722646486458,0.1295989815413273,400.0,1.0,15.0,13.333333333333334,4.0,23.0,1.902295195437273,3010.0,3009.9333333333334,60.0,1.0,60.0,15.0,200.0,145.0,0.0958333333333333,0.0,1.0,0.0,0.0,0.1106859276833179,0.0291340450771055,0.0,1.0,20.0,5.0,300.0,300.0,30.0,3000.0,100.0,0.5,0.8,4.0,6.0,0.25,0.35,1.0,400.0,300.0,1.0,0.0
V0_REMO_RULE,DTLZ2,20,6,1.228813070276999,0.9084676786165744,1.0,1.0,113.2358921,0.730454594747358,0.6578126040626041,0.695,0.9483805668016194,,0.9483805668016194,0.7811760461760462,0.485103785103785,0.0170715249662618,0.0128205128205128,0.0853145744542056,0.0628661021622379,0.0116298606274247,0.1230739097907684,400.0,1.0,16.0,12.5,4.0,25.0,1.8448693260548412,3010.0,3009.8125,60.0,1.0,60.0,16.0,200.0,139.0,0.1197916666666666,0.0,1.0,0.0,0.0,0.1172418404837221,0.0367437722419928,0.0,0.0,20.0,6.0,300.0,300.0,30.0,3000.0,100.0,0.5,0.8,4.0,6.0,0.25,0.35,1.0,400.0,300.0,1.0,0.0
V0_REMO_RULE,DTLZ2,20,7,1.1354309168397891,0.8212234375267831,1.0,1.0,146.54710999999998,0.7447654970252223,0.7176463027856217,0.785,0.8984409310496266,,0.8984409310496266,0.8344402673350041,0.6539405039405041,0.0398080799825651,0.0342584402181925,0.1055990246878487,0.0811789054798313,0.0102608737607562,0.0894065832130736,400.0,1.0,20.0,10.0,4.0,23.0,1.6858514906547082,3010.0,3009.95,60.0,1.0,60.0,20.0,200.0,157.0,0.1333333333333333,0.0,1.0,0.0,0.0,0.0879005371029392,0.0586476868327402,0.0,1.0,20.0,7.0,300.0,300.0,30.0,3000.0,100.0,0.5,0.8,4.0,6.0,0.25,0.35,1.0,400.0,300.0,1.0,0.0
V0_REMO_RULE,DTLZ2,20,8,1.1299595935291395,0.8049950718197654,1.0,1.0,168.64865449999996,0.7786043205160853,0.7426585179526355,0.815,0.9583333333333334,,0.9583333333333334,0.8793650793650793,0.630807694978818,0.024312850140056,0.0119485294117647,0.1094510516046344,0.0708134724076333,0.013388937515433,0.0815344384160313,400.0,1.0,24.0,8.333333333333334,2.0,17.0,1.607835515999411,3010.0,3009.958333333333,60.0,1.0,60.0,24.0,200.0,163.0,0.1371527777777778,0.0,1.0,0.0,0.0,0.0972008863846052,0.0531138790035587,0.0,1.0,20.0,8.0,300.0,300.0,30.0,3000.0,100.0,0.5,0.8,4.0,6.0,0.25,0.35,1.0,400.0,300.0,1.0,0.0
V0_REMO_RULE,DTLZ2,20,9,1.2664389673455387,0.918466936457216,1.0,1.0,77.3018806,0.7194926538108356,0.6359690656565656,0.74,0.942222222222222,,0.942222222222222,0.6565656565656566,0.6236111111111111,0.0372298745026017,0.0357744107744107,0.1166619911156946,0.116185145815234,0.0124725640503377,0.1085937582275589,400.0,1.0,11.0,18.181818181818183,6.0,27.0,1.7786435642916243,3010.0,3010.0,60.0,1.0,60.0,11.0,200.0,148.0,0.1306818181818181,0.0,1.0,0.0,0.0,0.1087103598260181,0.0261404076350695,0.0,1.0,20.0,9.0,300.0,300.0,30.0,3000.0,100.0,0.5,0.8,4.0,6.0,0.25,0.35,1.0,400.0,300.0,1.0,0.0
V0_REMO_RULE,DTLZ2,20,10,1.2041549600014727,0.8806125270136658,1.0,1.0,98.7970505,0.787313329221849,0.7572083618136248,0.77,0.8976982097186701,,0.8976982097186701,0.8076933404940922,0.668859649122807,0.0186090225563909,0.0191387559808612,0.1078313614533657,0.1041816387222161,0.0149137455787059,0.146158499756408,400.0,1.0,14.0,14.285714285714286,4.0,23.0,1.772064798077767,3010.0,3009.928571428572,60.0,1.0,60.0,14.0,200.0,154.0,0.1086309523809523,0.0,1.0,0.0,0.0,0.1143463160669566,0.025775292323335,0.0,1.0,20.0,10.0,300.0,300.0,30.0,3000.0,100.0,0.5,0.8,4.0,6.0,0.25,0.35,1.0,400.0,300.0,1.0,0.0
V0_REMO_RULE,DTLZ7,20,1,30.87735168197008,30.826038974572747,1.0,1.0,134.1119782,0.6795887437617004,0.6498483449107199,0.785,0.9323821339950372,,0.9323821339950372,0.6151165011459129,0.7135233918128655,0.0159279778393351,0.0178018575851393,0.1555369270495393,0.1425123759633703,1.084742786949924,6.869922344409004,400.0,1.0,19.0,10.526315789473683,4.0,31.0,1.8808226609344685,3010.0,3010.0,60.0,1.0,60.0,19.0,200.0,157.0,0.0921052631578947,0.0,1.0,0.0,0.0,0.1086744015039575,0.0177561341075107,0.0,1.0,20.0,1.0,300.0,300.0,30.0,3000.0,100.0,0.5,0.8,4.0,6.0,0.25,0.35,1.0,400.0,300.0,1.0,0.0
V0_REMO_RULE,DTLZ7,20,2,26.47296698249544,26.421399514327533,1.0,1.0,74.31730009999998,0.869514557535948,0.8516289036550474,0.88,0.95,,0.95,0.8432737632737632,0.8620728291316526,0.0,0.0,0.3270307459678012,0.3169842250924778,2.4258887024099733,8.090924171629352,400.0,1.0,11.0,18.181818181818183,5.0,31.0,1.6465442920676798,3010.0,3010.0,60.0,1.0,60.0,11.0,200.0,176.0,0.0757575757575757,0.0,1.0,0.0,0.0,0.1145235210946954,0.01656421869945,0.0,1.0,20.0,2.0,300.0,300.0,30.0,3000.0,100.0,0.5,0.8,4.0,6.0,0.25,0.35,1.0,400.0,300.0,1.0,0.0
V0_REMO_RULE,DTLZ7,20,3,27.32572290924372,27.270849729557444,1.0,1.0,125.124789,0.8604366036822179,0.8078551506972559,0.875,0.92616341991342,,0.92616341991342,0.7929262258209627,0.8302485380116958,0.0046620046620046,0.0038461538461538,0.1933123229535206,0.1947349903661142,1.4524145910237745,8.101231437117102,400.0,1.0,18.0,11.11111111111111,4.0,26.0,1.8573772301818865,3010.0,3009.9444444444443,60.0,1.0,60.0,18.0,200.0,175.0,0.0960648148148148,0.0,1.0,0.0,0.0,0.1393018247587247,0.0180308422301304,0.0,1.0,20.0,3.0,300.0,300.0,30.0,3000.0,100.0,0.5,0.8,4.0,6.0,0.25,0.35,1.0,400.0,300.0,1.0,0.0
V0_REMO_RULE,DTLZ7,20,4,22.95282941832752,22.880765493303752,1.0,1.0,60.94049100000001,0.8394365721997299,0.8224561403508771,0.83,0.8733974358974358,,0.8733974358974358,0.871578947368421,0.7733333333333334,0.0,0.0,0.3323939830274261,0.35466947683466,4.411136372861612,12.31612747138478,400.0,1.0,9.0,22.22222222222222,16.0,30.0,1.7493391904062685,3010.0,3010.0,60.0,1.0,60.0,9.0,200.0,166.0,0.1018518518518518,0.0,1.0,0.0,0.0,0.1325770250281915,0.0125741399762752,0.0,1.0,20.0,4.0,300.0,300.0,30.0,3000.0,100.0,0.5,0.8,4.0,6.0,0.25,0.35,1.0,400.0,300.0,1.0,0.0
V0_REMO_RULE,DTLZ7,20,5,23.19158500954212,23.130359235141437,1.0,1.0,68.7160864,0.8554061218690375,0.8251947155673863,0.875,0.9258994032395568,,0.9258994032395568,0.9402691511387165,0.7388888888888889,0.0075714285714285,0.0051020408163265,0.7009110825203891,0.5,2.7091786199763828,3.210740487797686,400.0,1.0,10.0,20.0,9.0,30.0,1.7091056818284371,3010.0,3010.0,60.0,1.0,60.0,10.0,200.0,175.0,0.075,0.0,1.0,0.0,0.0,0.1145671279820746,0.0098932384341637,0.0,1.0,20.0,5.0,300.0,300.0,30.0,3000.0,100.0,0.5,0.8,4.0,6.0,0.25,0.35,1.0,400.0,300.0,1.0,0.0
V0_REMO_RULE,DTLZ7,20,6,25.432131601401966,25.36274802835895,1.0,1.0,85.04759670000001,0.8625674736785848,0.8097242263908929,0.86,0.9682539682539684,,0.9682539682539684,0.8500881834215167,0.7693602693602694,0.0041152263374485,0.0061728395061728,0.3389700381477953,0.328115773880297,3.907060202533248,10.349803929338762,400.0,1.0,9.0,22.22222222222222,16.0,27.0,1.690517701272832,3010.0,3009.8888888888887,60.0,1.0,60.0,9.0,200.0,172.0,0.0694444444444444,0.0,1.0,0.0,0.0,0.1284878739949914,0.0088572558323448,0.0,1.0,20.0,6.0,300.0,300.0,30.0,3000.0,100.0,0.5,0.8,4.0,6.0,0.25,0.35,1.0,400.0,300.0,1.0,0.0
V0_REMO_RULE,DTLZ7,20,7,18.88677136701314,18.817501669308683,1.0,1.0,82.9326348,0.9089834462088466,0.8844491058564286,0.9,0.9335177865612648,,0.9335177865612648,0.9203378817413904,0.8306159420289855,0.0026315789473684,0.0052631578947368,0.3812273995273657,0.5512277387884484,3.3734321463215053,8.019238449047425,400.0,1.0,10.0,20.0,4.0,38.0,1.827090629380389,3010.0,3009.8,60.0,1.0,60.0,10.0,200.0,180.0,0.09375,0.0,1.0,0.0,0.0,0.1515204758138921,0.0087544483985765,0.0,1.0,20.0,7.0,300.0,300.0,30.0,3000.0,100.0,0.5,0.8,4.0,6.0,0.25,0.35,1.0,400.0,300.0,1.0,0.0
V0_REMO_RULE,DTLZ7,20,8,28.799258855627777,28.74437319055961,1.0,1.0,91.580332,0.8822916814256039,0.8630636493727926,0.865,0.9335664335664337,,0.9335664335664337,0.8114236999147485,0.894047619047619,0.0,0.0,0.2244690324746457,0.1867915457391298,3.032600480349434,9.211325690641786,400.0,1.0,11.0,18.181818181818183,4.0,30.0,1.8102023356214036,3010.0,3010.0,60.0,1.0,60.0,11.0,200.0,173.0,0.1022727272727272,0.0,1.0,0.0,0.0,0.1011894508549313,0.010158524749272,0.0,1.0,20.0,8.0,300.0,300.0,30.0,3000.0,100.0,0.5,0.8,4.0,6.0,0.25,0.35,1.0,400.0,300.0,1.0,0.0
V0_REMO_RULE,DTLZ7,20,9,22.352726827266945,22.28499151051277,1.0,1.0,115.9019567,0.8630202412529998,0.838389260803054,0.895,0.8946886446886445,,0.8946886446886445,0.8086080586080587,0.8979516651930445,0.0,0.0,0.2552079812496424,0.2868255325396555,2.406913248829808,11.954078620677388,400.0,1.0,16.0,12.5,4.0,29.0,1.9476964193393205,3010.0,3009.9375,60.0,1.0,60.0,16.0,200.0,179.0,0.1145833333333333,0.0,1.0,0.0,0.0,0.154987647456175,0.0137900355871886,0.0,1.0,20.0,9.0,300.0,300.0,30.0,3000.0,100.0,0.5,0.8,4.0,6.0,0.25,0.35,1.0,400.0,300.0,1.0,0.0
V0_REMO_RULE,DTLZ7,20,10,35.090888701158434,35.05833193628842,1.0,1.0,354.1609354000001,0.5965986394557823,0.5445945945945947,0.6,0.7569444444444445,,0.7569444444444445,0.5394736842105263,0.55,0.010204081632653,0.0135135135135135,0.0844059512006904,0.1141962869185811,0.3678758292990015,6.05484729559012,400.0,1.0,49.0,4.081632653061225,4.0,6.0,2.117761198767163,3010.0,3010.0,60.0,1.0,60.0,49.0,200.0,120.0,0.1318027210884353,0.0,1.0,0.0,0.0,0.1154339942382646,0.0137700631854165,0.0,1.0,20.0,10.0,300.0,300.0,30.0,3000.0,100.0,0.5,0.8,4.0,6.0,0.25,0.35,1.0,400.0,300.0,1.0,0.0
V0_REMO_RULE,WFG3,20,1,2.5592222557077844,2.155495420708716,1.0,1.0,130.3548894,0.789171877802087,0.7688810443605841,0.79,0.8838624338624338,,0.8838624338624338,0.7959688223115334,0.7538322788322788,0.01890756302521,0.0178571428571428,0.0543753324899731,0.0477409871616151,0.0187137861439415,0.3607397677812358,400.0,1.0,17.0,11.764705882352942,4.0,23.0,1.6169266112546403,3010.0,3009.823529411765,60.0,1.0,60.0,17.0,200.0,158.0,0.0625,0.0,1.0,0.0,0.0,0.0996185929492397,0.029307096504082,0.0,1.0,20.0,1.0,300.0,300.0,31.0,3000.0,100.0,0.5,0.8,4.0,6.0,0.25,0.35,1.0,400.0,300.0,1.0,0.0
V0_REMO_RULE,WFG3,20,2,2.686917854559673,2.371074217869417,1.0,1.0,108.06308,0.676959390663634,0.6342859116410643,0.725,0.8761022927689593,,0.8761022927689593,0.7013276970707312,0.6074691974691974,0.0084399772981087,0.0042016806722689,0.0162318697027359,0.0109433749949957,0.0069410002870946,0.2763603045814301,400.0,1.0,17.0,11.764705882352942,4.0,27.0,1.774180225481777,3010.0,3009.8823529411766,60.0,1.0,60.0,17.0,200.0,145.0,0.1176470588235294,0.0,1.0,0.0,0.0,0.0875967405546639,0.0352522503663387,0.0,1.0,20.0,2.0,300.0,300.0,31.0,3000.0,100.0,0.5,0.8,4.0,6.0,0.25,0.35,1.0,400.0,300.0,1.0,0.0
V0_REMO_RULE,WFG3,20,3,2.8115035129740638,2.537530011458528,1.0,1.0,185.88647690000005,0.6750044911229123,0.6310780565588258,0.74,0.9605263157894736,,0.9605263157894736,0.769111570247934,0.5298534798534799,0.0124125874125874,0.0125739644970414,0.0202077771645784,0.0177039350733191,0.0074150086412975,0.2624635657399702,400.0,1.0,30.0,6.666666666666667,2.0,22.0,1.9265259795478569,3010.0,3009.9,60.0,1.0,60.0,30.0,200.0,148.0,0.1451388888888889,0.0,1.0,0.0,0.0,0.0942326369667413,0.0239145907473309,0.0,1.0,20.0,3.0,300.0,300.0,31.0,3000.0,100.0,0.5,0.8,4.0,6.0,0.25,0.35,1.0,400.0,300.0,1.0,0.0
V0_REMO_RULE,WFG3,20,4,2.6525608520521406,2.414418958707308,1.0,1.0,141.99323469999996,0.6428437556981981,0.6064804639804641,0.675,0.8852657004830918,,0.8852657004830918,0.7076109076109076,0.5237373737373737,0.0127599243856332,0.0125,0.0265701112321761,0.0123092725513673,0.0100135137240392,0.3103803082904142,400.0,1.0,23.0,8.695652173913043,2.0,23.0,1.8312375996858496,3010.0,3010.0,60.0,1.0,60.0,23.0,200.0,135.0,0.1068840579710145,0.0,1.0,0.0,0.0,0.0927712104801691,0.0257775027077208,0.0,1.0,20.0,4.0,300.0,300.0,31.0,3000.0,100.0,0.5,0.8,4.0,6.0,0.25,0.35,1.0,400.0,300.0,1.0,0.0
V0_REMO_RULE,WFG3,20,5,2.687902683447717,2.4848593490691355,1.0,1.0,230.2293025,0.6663020621353953,0.6241779293503432,0.685,0.8408163265306122,,0.8408163265306122,0.7052910052910054,0.5372710622710624,0.0069444444444444,0.0086206896551724,0.0257692838688428,0.0203140994610044,0.0102600798983278,0.3029303452632461,400.0,1.0,36.0,5.555555555555555,2.0,14.0,1.889037702032383,3010.0,3010.0,60.0,1.0,60.0,36.0,200.0,137.0,0.1313657407407407,0.0,1.0,0.0,0.0,0.1029877806335398,0.0221826809015421,0.0,1.0,20.0,5.0,300.0,300.0,31.0,3000.0,100.0,0.5,0.8,4.0,6.0,0.25,0.35,1.0,400.0,300.0,1.0,0.0
V0_REMO_RULE,WFG3,20,6,2.730441885035287,2.2460594012036155,1.0,1.0,130.2037462,0.7370103785103785,0.6974071679954033,0.8,0.9614285714285714,,0.9614285714285714,0.7422542735042734,0.6836080586080586,0.0017857142857142,0.0,0.016402862842614,0.0077469124546118,0.0071857969756971,0.3343016910728446,400.0,1.0,20.0,10.0,4.0,28.0,1.6523812421646344,3010.0,3009.9,60.0,1.0,60.0,20.0,200.0,160.0,0.0885416666666666,0.0,1.0,0.0,0.0,0.0803727000131804,0.0213879003558718,0.0,1.0,20.0,6.0,300.0,300.0,31.0,3000.0,100.0,0.5,0.8,4.0,6.0,0.25,0.35,1.0,400.0,300.0,1.0,0.0
V0_REMO_RULE,WFG3,20,7,2.901951842217361,2.460899918604823,1.0,1.0,156.24100529999998,0.6760543106131341,0.6325774754346183,0.77,0.9803921568627452,,0.9803921568627452,0.8049603174603174,0.5264957264957265,0.0041666666666666,0.0047619047619047,0.0151783795105102,0.0079598976550108,0.0087477679094643,0.3355003702490198,400.0,1.0,24.0,8.333333333333334,2.0,19.0,1.7869838187496805,3010.0,3010.0,60.0,1.0,60.0,24.0,200.0,154.0,0.0859375,0.0,1.0,0.0,0.0,0.0852520869030358,0.0303084223013048,0.0,1.0,20.0,7.0,300.0,300.0,31.0,3000.0,100.0,0.5,0.8,4.0,6.0,0.25,0.35,1.0,400.0,300.0,1.0,0.0
V0_REMO_RULE,WFG3,20,8,2.842777242255204,2.422215130428631,1.0,1.0,191.9571626,0.6698798328108674,0.622060606060606,0.765,0.96875,,0.96875,0.6383333333333334,0.6112121212121212,0.0020283975659229,0.0,0.0195055013713928,0.0128140666245549,0.0074641273872407,0.3118719764883821,400.0,1.0,29.0,6.896551724137931,4.0,24.0,1.9095291212994403,3010.0,3009.9655172413795,60.0,1.0,60.0,29.0,200.0,153.0,0.1278735632183908,0.0,1.0,0.0,0.0,0.0923087518123105,0.0278070928948337,0.0,0.0,20.0,8.0,300.0,300.0,31.0,3000.0,100.0,0.5,0.8,4.0,6.0,0.25,0.35,1.0,400.0,300.0,1.0,0.0
V0_REMO_RULE,WFG3,20,9,2.546525544784098,2.2722600158652813,1.0,1.0,113.8254017,0.7325370335515262,0.6905999958173871,0.8,0.9422222222222222,,0.9422222222222222,0.8631987577639751,0.6278368096549914,0.0046296296296296,0.0033333333333333,0.037549315546431,0.0108454748486418,0.0158546191506047,0.2562072944541466,400.0,1.0,18.0,11.11111111111111,3.0,30.0,1.7151081144034943,3010.0,3009.833333333333,60.0,1.0,60.0,18.0,200.0,160.0,0.1087962962962963,0.0,1.0,0.0,0.0,0.082652036378015,0.0352708580466587,0.0,1.0,20.0,9.0,300.0,300.0,31.0,3000.0,100.0,0.5,0.8,4.0,6.0,0.25,0.35,1.0,400.0,300.0,1.0,0.0
V0_REMO_RULE,WFG3,20,10,2.7917765591027117,2.463904363122134,1.0,1.0,156.0844894,0.7115911914172784,0.686274307702879,0.765,0.8445048309178743,,0.8445048309178743,0.7583694083694085,0.6502267573696144,0.01,0.0119047619047619,0.0131679595809668,0.0146181906767715,0.0036341329354448,0.3095182725494054,400.0,1.0,25.0,8.0,4.0,23.0,1.8107916745425,3010.0,3010.0,60.0,1.0,60.0,25.0,200.0,153.0,0.1116666666666666,0.0,1.0,0.0,0.0,0.087766400421774,0.0306334519572953,0.0,0.0,20.0,10.0,300.0,300.0,31.0,3000.0,100.0,0.5,0.8,4.0,6.0,0.25,0.35,1.0,400.0,300.0,1.0,0.0
V0_REMO_RULE,WFG7,20,1,20.20529099115654,17.571700956306707,1.0,1.0,238.83028370000005,0.814403195488722,0.7868303571428573,0.835,0.9614583333333332,,0.9614583333333332,0.8771428571428572,0.7071428571428571,0.0422331871345029,0.0472222222222222,0.1304800675037411,0.1414985796548757,0.2677976116045851,1.8982225809936608,400.0,1.0,38.0,5.2631578947368425,2.0,32.0,1.8285972642235184,3010.0,3009.9736842105262,60.0,1.0,60.0,38.0,200.0,167.0,0.125,0.0,1.0,0.0,0.0,0.0980668057549964,0.0164075669601048,0.0,1.0,20.0,1.0,300.0,300.0,30.0,3000.0,100.0,0.5,0.8,4.0,6.0,0.25,0.35,1.0,400.0,300.0,1.0,0.0
V0_REMO_RULE,WFG7,20,2,22.10093543049673,19.44264418329875,1.0,1.0,294.1278948,0.8539356984478936,0.8344907407407408,0.865,0.993939393939394,,0.993939393939394,0.9027777777777778,0.7662037037037037,0.0129342202512934,0.0069444444444444,0.0725981447583582,0.0477467732580565,0.1475066996331528,1.63779300944865,400.0,1.0,41.0,4.878048780487805,1.0,33.0,1.8945668128980395,3010.0,3010.0,60.0,1.0,60.0,41.0,200.0,173.0,0.1290650406504065,0.0,1.0,0.0,0.0,0.0987121809770885,0.0132627376095825,0.0,1.0,20.0,2.0,300.0,300.0,30.0,3000.0,100.0,0.5,0.8,4.0,6.0,0.25,0.35,1.0,400.0,300.0,1.0,0.0
V0_REMO_RULE,WFG7,20,3,20.92616774667695,17.98603079059856,1.0,1.0,296.6907845,0.8718253968253968,0.8461904761904762,0.88,1.0,,1.0,0.9490196078431372,0.7490740740740741,0.0251700680272108,0.0271428571428571,0.0807903235403408,0.0694606707797687,0.1908475154348928,2.116546008071444,400.0,1.0,42.0,4.761904761904762,1.0,28.0,1.7964768201311712,3010.0,3009.9761904761904,60.0,1.0,60.0,42.0,200.0,176.0,0.1299603174603174,0.0,1.0,0.0,0.0,0.1019719366460173,0.0143873919674631,0.0,1.0,20.0,3.0,300.0,300.0,30.0,3000.0,100.0,0.5,0.8,4.0,6.0,0.25,0.35,1.0,400.0,300.0,1.0,0.0
V0_REMO_RULE,WFG7,20,4,19.93170462907628,16.987292285586815,1.0,1.0,313.4418107,0.8814880952380953,0.8661904761904762,0.89,0.9885714285714288,,0.9885714285714288,0.9205882352941176,0.8148148148148149,0.0150595238095238,0.01,0.1060076266543886,0.0964950716210279,0.1968653950357389,1.5907255920630825,400.0,1.0,40.0,5.0,1.0,35.0,1.7774093055122446,3010.0,3009.9,60.0,1.0,60.0,40.0,200.0,178.0,0.1244791666666666,0.0,1.0,0.0,0.0,0.0962487775141689,0.0131494661921708,0.0,1.0,20.0,4.0,300.0,300.0,30.0,3000.0,100.0,0.5,0.8,4.0,6.0,0.25,0.35,1.0,400.0,300.0,1.0,0.0
V0_REMO_RULE,WFG7,20,5,20.04062617519493,17.136484379102463,1.0,1.0,328.5228326999999,0.8666666666666667,0.8445945945945946,0.88,0.96875,,0.96875,0.8947368421052632,0.7916666666666666,0.0259259259259259,0.027027027027027,0.0941833633500953,0.0881465576861152,0.169793442654305,1.3960746694994015,400.0,1.0,45.0,4.444444444444445,4.0,24.0,1.8541576062952447,3010.0,3009.911111111111,60.0,1.0,60.0,45.0,200.0,176.0,0.1671296296296296,0.0,1.0,0.0,0.0,0.1044222895889167,0.0156267299327797,0.0,0.0,20.0,5.0,300.0,300.0,30.0,3000.0,100.0,0.5,0.8,4.0,6.0,0.25,0.35,1.0,400.0,300.0,1.0,0.0
V0_REMO_RULE,WFG7,20,6,20.971252970856334,18.316838203619035,1.0,1.0,313.8125181,0.8558139534883721,0.8391891891891892,0.88,0.9583333333333334,,0.9583333333333334,0.8472222222222222,0.8315789473684211,0.0088794926004228,0.0054054054054054,0.0788889701095487,0.0627913641559792,0.1925190647919062,1.8501160514287789,400.0,1.0,43.0,4.651162790697675,2.0,33.0,1.857451300898872,3010.0,3009.953488372093,60.0,1.0,60.0,43.0,200.0,176.0,0.1332364341085271,0.0,1.0,0.0,0.0,0.0980453269208958,0.0173135810643052,0.0,1.0,20.0,6.0,300.0,300.0,30.0,3000.0,100.0,0.5,0.8,4.0,6.0,0.25,0.35,1.0,400.0,300.0,1.0,0.0
V0_REMO_RULE,WFG7,20,7,21.07126331622276,18.28861851297854,1.0,1.0,283.0472452,0.901984126984127,0.9022522522522524,0.92,0.9,,0.9,0.9342105263157896,0.8685185185185185,0.0187074829931972,0.0189189189189189,0.0914541350339066,0.0726021418552209,0.1648495707661321,1.1150914612684222,400.0,1.0,42.0,4.761904761904762,2.0,35.0,1.782923711251876,3010.0,3009.9523809523807,60.0,1.0,60.0,42.0,200.0,184.0,0.1408730158730158,0.0,1.0,0.0,0.0,0.0988629783401432,0.0120657515675309,0.0,1.0,20.0,7.0,300.0,300.0,30.0,3000.0,100.0,0.5,0.8,4.0,6.0,0.25,0.35,1.0,400.0,300.0,1.0,0.0
V0_REMO_RULE,WFG7,20,8,20.94379293345632,18.125169657922143,1.0,1.0,299.2522369,0.8685925925925926,0.8423423423423424,0.875,0.99,,0.99,0.9722222222222222,0.7192982456140351,0.0166666666666666,0.0202702702702702,0.0793516221731166,0.0849047285543807,0.1192249024493438,1.5288524357618385,400.0,1.0,45.0,4.444444444444445,3.0,25.0,1.8463161029525776,3010.0,3009.9777777777776,60.0,1.0,60.0,45.0,200.0,175.0,0.1254629629629629,0.0,1.0,0.0,0.0,0.102530199317546,0.0159430604982206,0.0,1.0,20.0,8.0,300.0,300.0,30.0,3000.0,100.0,0.5,0.8,4.0,6.0,0.25,0.35,1.0,400.0,300.0,1.0,0.0
V0_REMO_RULE,WFG7,20,9,21.175828486152227,18.66123976486692,1.0,1.0,291.0569047,0.8226731601731602,0.7902116402116403,0.84,0.96875,,0.96875,0.8052631578947369,0.773389355742297,0.0164384528514963,0.0164682539682539,0.0859535378573112,0.0704932981729475,0.1459023201106714,1.5801571477758172,400.0,1.0,44.0,4.545454545454546,3.0,23.0,1.7527950603627465,3010.0,3009.8863636363635,60.0,1.0,60.0,44.0,200.0,168.0,0.1292613636363636,0.0,1.0,0.0,0.0,0.1055707834573492,0.0172112584923972,0.0,1.0,20.0,9.0,300.0,300.0,30.0,3000.0,100.0,0.5,0.8,4.0,6.0,0.25,0.35,1.0,400.0,300.0,1.0,0.0
V0_REMO_RULE,WFG7,20,10,20.39731987029773,17.80855961594781,1.0,1.0,272.1288241,0.8662020905923347,0.8545634920634921,0.885,0.95,,0.95,0.9210526315789472,0.7802521008403361,0.025531077891424,0.0125,0.1179423355431709,0.0853515381448503,0.2043775195848233,1.087630414695143,400.0,1.0,41.0,4.878048780487805,4.0,31.0,1.847113882596823,3010.0,3009.9756097560976,60.0,1.0,60.0,41.0,200.0,177.0,0.1432926829268292,0.0,1.0,0.0,0.0,0.0995527426567266,0.0146167867372623,0.0,0.0,20.0,10.0,300.0,300.0,30.0,3000.0,100.0,0.5,0.8,4.0,6.0,0.25,0.35,1.0,400.0,300.0,1.0,0.0
V1_POOL_ONLY,DTLZ2,20,1,1.2924592760057323,0.9963171776138318,1.0,1.0,331.0137825999999,0.7499999999999999,0.7066666666666667,0.745,0.8703703703703705,,0.8703703703703705,0.8055555555555555,0.6153846153846154,0.0098039215686274,0.0133333333333333,0.0397669570043499,0.0402370132275742,0.0053240727463035,0.1404405480710577,400.0,1.0,34.0,5.882352941176471,2.0,6.0,1.5535456436569308,3010.0,3009.9411764705883,60.0,0.0294117647058823,3009.9411764705883,34.0,200.0,149.0,0.1060049019607843,0.0,1.0,0.0,0.0,0.1093969056978267,0.0367176051915428,0.0,1.0,20.0,1.0,300.0,300.0,30.0,3000.0,100.0,0.5,0.8,4.0,6.0,0.25,0.35,1.0,400.0,300.0,1.0,1.0
V1_POOL_ONLY,DTLZ2,20,2,1.2143827463802124,0.8625120210254015,1.0,1.0,230.84503280000004,0.8088235294117649,0.7666666666666667,0.805,0.925925925925926,,0.925925925925926,0.9166666666666666,0.6282051282051283,0.0098039215686274,0.0133333333333333,0.0617007000672412,0.061639348989995,0.0070443675552719,0.1103985806991704,400.0,1.0,34.0,5.882352941176471,2.0,6.0,1.5529443232405624,3010.0,3009.970588235294,60.0,0.0049019607843137,3009.970588235294,34.0,200.0,161.0,0.1170343137254902,0.0,1.0,0.0,0.0,0.1120156575876693,0.0217081850533807,0.0,1.0,20.0,2.0,300.0,300.0,30.0,3000.0,100.0,0.5,0.8,4.0,6.0,0.25,0.35,1.0,400.0,300.0,1.0,1.0
V1_POOL_ONLY,DTLZ2,20,3,1.176898061891357,0.8589498845311115,1.0,1.0,264.2669945999999,0.8382352941176472,0.7933333333333336,0.835,0.9629629629629632,,0.9629629629629632,0.8611111111111112,0.7307692307692307,0.0147058823529411,0.0133333333333333,0.0668210729417828,0.0655116698244353,0.0051922502656653,0.0777051557395059,400.0,1.0,34.0,5.882352941176471,2.0,6.0,1.582576299803483,3010.0,3009.9411764705883,60.0,0.0196078431372549,3009.9411764705883,34.0,200.0,167.0,0.1072303921568627,0.0,1.0,0.0,0.0,0.110646690546523,0.0289930918986811,0.0,1.0,20.0,3.0,300.0,300.0,30.0,3000.0,100.0,0.5,0.8,4.0,6.0,0.25,0.35,1.0,400.0,300.0,1.0,1.0
V1_POOL_ONLY,DTLZ2,20,4,1.2474410340443545,0.9360046418056144,1.0,1.0,261.5896061,0.7205882352941176,0.6666666666666667,0.735,0.8703703703703702,,0.8703703703703702,0.8333333333333334,0.5128205128205127,0.0049019607843137,0.0,0.0433427298502622,0.0185437897256933,0.0062081204944097,0.0972412397137624,400.0,1.0,34.0,5.882352941176471,2.0,6.0,1.590411950941156,3010.0,3009.9411764705883,60.0,0.0196078431372549,3009.9411764705883,34.0,200.0,147.0,0.1556372549019608,0.0,1.0,0.0,0.0,0.1069414051899921,0.0523969018212267,0.0,1.0,20.0,4.0,300.0,300.0,30.0,3000.0,100.0,0.5,0.8,4.0,6.0,0.25,0.35,1.0,400.0,300.0,1.0,1.0
V1_POOL_ONLY,DTLZ2,20,5,1.2406764167183513,0.959254658429688,1.0,1.0,278.38083730000005,0.7009803921568629,0.6199999999999999,0.705,0.925925925925926,,0.925925925925926,0.6527777777777778,0.5897435897435898,0.0049019607843137,0.0066666666666666,0.0490810144961559,0.0486226288815727,0.0053941991489238,0.1074853743264481,400.0,1.0,34.0,5.882352941176471,2.0,6.0,1.5274720519081928,3010.0,3009.9411764705883,60.0,0.0294117647058823,3009.9411764705883,34.0,200.0,141.0,0.110906862745098,0.0,1.0,0.0,0.0,0.111538494638662,0.0268787942223152,0.0,1.0,20.0,5.0,300.0,300.0,30.0,3000.0,100.0,0.5,0.8,4.0,6.0,0.25,0.35,1.0,400.0,300.0,1.0,1.0
V1_POOL_ONLY,DTLZ2,20,6,1.1671662581159563,0.8624893274695745,1.0,1.0,254.9319713,0.8921568627450979,0.8666666666666665,0.89,0.9629629629629628,,0.9629629629629628,0.8888888888888888,0.8461538461538461,0.0147058823529411,0.02,0.0674289195183017,0.0812516911944713,0.0074488061284381,0.1074758470385984,400.0,1.0,34.0,5.882352941176471,2.0,6.0,1.5581721776084314,3010.0,3010.0,60.0,0.0196078431372549,3010.0,34.0,200.0,178.0,0.1341911764705882,0.0,1.0,0.0,0.0,0.1109487707301188,0.0274440025120368,0.0,1.0,20.0,6.0,300.0,300.0,30.0,3000.0,100.0,0.5,0.8,4.0,6.0,0.25,0.35,1.0,400.0,300.0,1.0,1.0
V1_POOL_ONLY,DTLZ2,20,7,1.1824595100381534,0.9309026907223692,1.0,1.0,250.31301050000008,0.7794117647058824,0.7266666666666669,0.785,0.925925925925926,,0.925925925925926,0.8611111111111112,0.6025641025641026,0.0,0.0,0.0473388121669202,0.0468607931807459,0.0046589891660905,0.100208163883284,400.0,1.0,34.0,5.882352941176471,2.0,6.0,1.602257299455918,3010.0,3009.9411764705883,60.0,0.0245098039215686,3009.9411764705883,34.0,200.0,157.0,0.136642156862745,0.0,1.0,0.0,0.0,0.1078345118197535,0.0406740632195938,0.0,1.0,20.0,7.0,300.0,300.0,30.0,3000.0,100.0,0.5,0.8,4.0,6.0,0.25,0.35,1.0,400.0,300.0,1.0,1.0
V1_POOL_ONLY,DTLZ2,20,8,1.211803315013846,0.9023057580954628,1.0,1.0,245.1760321,0.7254901960784315,0.6533333333333334,0.74,0.925925925925926,,0.925925925925926,0.7083333333333334,0.6025641025641025,0.0147058823529411,0.0133333333333333,0.0570857093397429,0.0695877231061366,0.0069292780410827,0.1148885648260708,400.0,1.0,34.0,5.882352941176471,2.0,6.0,1.704832426565047,3010.0,3009.8823529411766,60.0,0.0392156862745098,3009.8823529411766,34.0,200.0,148.0,0.125,0.0,1.0,0.0,0.0,0.1104386101613441,0.0306887167678459,0.0,1.0,20.0,8.0,300.0,300.0,30.0,3000.0,100.0,0.5,0.8,4.0,6.0,0.25,0.35,1.0,400.0,300.0,1.0,1.0
V1_POOL_ONLY,DTLZ2,20,9,1.228723570293592,0.9004642056479504,1.0,1.0,244.8934216,0.8088235294117648,0.7733333333333334,0.815,0.9074074074074076,,0.9074074074074076,0.8472222222222223,0.7051282051282052,0.0147058823529411,0.0133333333333333,0.0422903167315891,0.0442049889623084,0.0052724833684166,0.1196552797682485,400.0,1.0,34.0,5.882352941176471,2.0,6.0,1.579581427781212,3010.0,3009.970588235294,60.0,0.0196078431372549,3009.970588235294,34.0,200.0,163.0,0.1182598039215686,0.0,1.0,0.0,0.0,0.1106800138006962,0.0310445886539669,0.0,1.0,20.0,9.0,300.0,300.0,30.0,3000.0,100.0,0.5,0.8,4.0,6.0,0.25,0.35,1.0,400.0,300.0,1.0,1.0
V1_POOL_ONLY,DTLZ2,20,10,1.2229061569299182,0.9285743408358028,1.0,1.0,246.9486424,0.7696078431372549,0.7000000000000002,0.785,0.9629629629629628,,0.9629629629629628,0.7916666666666666,0.6153846153846154,0.0098039215686274,0.0133333333333333,0.0550947054640356,0.0637693191129274,0.0055619712091845,0.1059707168124862,400.0,1.0,34.0,5.882352941176471,2.0,6.0,1.6398067930473104,3010.0,3009.9411764705883,60.0,0.0098039215686274,3009.9411764705883,34.0,200.0,157.0,0.125,0.0,1.0,0.0,0.0,0.1064129005497018,0.051078082478543,0.0,1.0,20.0,10.0,300.0,300.0,30.0,3000.0,100.0,0.5,0.8,4.0,6.0,0.25,0.35,1.0,400.0,300.0,1.0,1.0
V1_POOL_ONLY,DTLZ7,20,1,14.133432068157669,14.006909961661725,1.0,1.0,239.4075456,0.9019607843137252,0.9,0.9,0.9074074074074072,,0.9074074074074072,0.9305555555555556,0.871794871794872,0.034313725490196,0.0333333333333333,0.2176900867289015,0.1995226407879763,1.0983021383020906,2.4960308490236662,400.0,1.0,34.0,5.882352941176471,2.0,6.0,1.4549785346752908,3010.0,3009.9411764705883,60.0,0.0245098039215686,3009.9411764705883,34.0,200.0,180.0,0.1268382352941176,0.0,1.0,0.0,0.0,0.1130389094348692,0.0199288256227757,0.0,1.0,20.0,1.0,300.0,300.0,30.0,3000.0,100.0,0.5,0.8,4.0,6.0,0.25,0.35,1.0,400.0,300.0,1.0,1.0
V1_POOL_ONLY,DTLZ7,20,2,31.538525774942784,31.50142120888336,1.0,1.0,231.8236167,0.5294117647058822,0.4333333333333334,0.54,0.7962962962962963,,0.7962962962962963,0.4583333333333333,0.4102564102564102,0.0245098039215686,0.0333333333333333,0.0753773477371068,0.0732264975326438,0.6358438290021554,5.1835664561220565,400.0,1.0,34.0,5.882352941176471,2.0,6.0,1.825288347102789,3010.0,3009.9411764705883,60.0,0.0196078431372549,3009.9411764705883,34.0,200.0,108.0,0.1654411764705882,0.0,1.0,0.0,0.0,0.1149469099620868,0.0105505547414695,0.0,1.0,20.0,2.0,300.0,300.0,30.0,3000.0,100.0,0.5,0.8,4.0,6.0,0.25,0.35,1.0,400.0,300.0,1.0,1.0
V1_POOL_ONLY,DTLZ7,20,3,15.465160275472948,15.339061397877195,1.0,1.0,233.6553461,0.7254901960784312,0.68,0.72,0.8518518518518517,,0.8518518518518517,0.5833333333333334,0.7692307692307693,0.0392156862745098,0.0333333333333333,0.14098054354487,0.1351480606426842,1.1175484215364309,4.726784855617549,400.0,1.0,34.0,5.882352941176471,2.0,6.0,1.73736881246572,3010.0,3010.0,60.0,0.0049019607843137,3010.0,34.0,200.0,144.0,0.1213235294117647,0.0,1.0,0.0,0.0,0.1151887477806464,0.0092526690391459,0.0,1.0,20.0,3.0,300.0,300.0,30.0,3000.0,100.0,0.5,0.8,4.0,6.0,0.25,0.35,1.0,400.0,300.0,1.0,1.0
V1_POOL_ONLY,DTLZ7,20,4,14.126951663104304,14.042656864824249,1.0,1.0,239.4480099,0.8431372549019608,0.7933333333333333,0.84,0.9814814814814816,,0.9814814814814816,0.7777777777777777,0.8076923076923077,0.0441176470588235,0.0399999999999999,0.3667119329292814,0.2333106949530868,1.4270720626122788,2.0047768907059806,400.0,1.0,34.0,5.882352941176471,2.0,6.0,1.3753443577734927,3010.0,3010.0,60.0,0.0245098039215686,3010.0,34.0,200.0,168.0,0.1053921568627451,0.0,1.0,0.0,0.0,0.1146161739507981,0.0155536947875235,0.0,1.0,20.0,4.0,300.0,300.0,30.0,3000.0,100.0,0.5,0.8,4.0,6.0,0.25,0.35,1.0,400.0,300.0,1.0,1.0
V1_POOL_ONLY,DTLZ7,20,5,13.69631779447598,13.58071092249443,1.0,1.0,239.4293256,0.8676470588235294,0.8266666666666667,0.865,0.9814814814814814,,0.9814814814814814,0.9027777777777778,0.7564102564102566,0.0392156862745098,0.0266666666666666,0.4635295622958867,0.3878928384142202,1.0756656670880498,1.8933600995635853,400.0,1.0,34.0,5.882352941176471,2.0,6.0,1.4016282303330967,3010.0,3009.970588235294,60.0,0.0245098039215686,3009.970588235294,34.0,200.0,173.0,0.0863970588235294,0.0,1.0,0.0,0.0,0.1141288077904155,0.0237596818086665,0.0,1.0,20.0,5.0,300.0,300.0,30.0,3000.0,100.0,0.5,0.8,4.0,6.0,0.25,0.35,1.0,400.0,300.0,1.0,1.0
V1_POOL_ONLY,DTLZ7,20,6,16.12342969391395,15.990687978323631,1.0,1.0,325.5413809,0.9705882352941176,0.96,0.97,1.0,,1.0,0.9861111111111112,0.935897435897436,0.0196078431372549,0.0066666666666666,0.2228973072746559,0.1630052093178781,1.307942725255883,2.63001558380461,400.0,1.0,34.0,5.882352941176471,2.0,6.0,1.2490332378493816,3010.0,3009.8529411764707,60.0,0.0294117647058823,3009.8529411764707,34.0,200.0,194.0,0.1176470588235294,0.0,1.0,0.0,0.0,0.1142206366927949,0.0221268578605819,0.0,1.0,20.0,6.0,300.0,300.0,30.0,3000.0,100.0,0.5,0.8,4.0,6.0,0.25,0.35,1.0,400.0,300.0,1.0,1.0
V1_POOL_ONLY,DTLZ7,20,7,12.478808239649972,12.3455937508465,1.0,1.0,236.4683715,0.7794117647058824,0.74,0.775,0.8888888888888888,,0.8888888888888888,0.5833333333333334,0.8846153846153846,0.0441176470588235,0.0533333333333333,0.2334518758077859,0.2261059256720083,1.1799588378784054,4.523034799008681,400.0,1.0,34.0,5.882352941176471,2.0,6.0,1.6149300491240386,3010.0,3009.8823529411766,60.0,0.0196078431372549,3009.8823529411766,34.0,200.0,155.0,0.1096813725490196,0.0,1.0,0.0,0.0,0.1151641081106226,0.0111157630311911,0.0,1.0,20.0,7.0,300.0,300.0,30.0,3000.0,100.0,0.5,0.8,4.0,6.0,0.25,0.35,1.0,400.0,300.0,1.0,1.0
V1_POOL_ONLY,DTLZ7,20,8,19.97313215511424,19.914703865506517,1.0,1.0,270.3811352,0.6127450980392156,0.5133333333333334,0.625,0.8888888888888888,,0.8888888888888888,0.6250000000000001,0.4102564102564102,0.0441176470588235,0.0466666666666666,0.1388441191769516,0.1448623436300782,1.2406628557771138,4.264008596228223,400.0,1.0,34.0,5.882352941176471,2.0,6.0,1.8145971337481144,3010.0,3009.9117647058824,60.0,0.0196078431372549,3009.9117647058824,34.0,200.0,125.0,0.119485294117647,0.0,1.0,0.0,0.0,0.1148838454322021,0.0134184634707975,0.0,1.0,20.0,8.0,300.0,300.0,30.0,3000.0,100.0,0.5,0.8,4.0,6.0,0.25,0.35,1.0,400.0,300.0,1.0,1.0
V1_POOL_ONLY,DTLZ7,20,9,16.766634628710303,16.682674220222033,1.0,1.0,245.110033,0.7794117647058822,0.7800000000000002,0.775,0.7777777777777778,,0.7777777777777778,0.7083333333333334,0.846153846153846,0.0637254901960784,0.0466666666666666,0.2529048498299561,0.1569843634183489,1.29690521244784,2.71605079229207,400.0,1.0,34.0,5.882352941176471,2.0,6.0,1.76862737699923,3010.0,3009.9411764705883,60.0,0.0147058823529411,3009.9411764705883,34.0,200.0,155.0,0.1286764705882352,0.0,1.0,0.0,0.0,0.1149643856751874,0.0123299141720745,0.0,1.0,20.0,9.0,300.0,300.0,30.0,3000.0,100.0,0.5,0.8,4.0,6.0,0.25,0.35,1.0,400.0,300.0,1.0,1.0
V1_POOL_ONLY,DTLZ7,20,10,19.338314265589023,19.236938111955787,1.0,1.0,251.5503926,0.7352941176470588,0.6933333333333335,0.74,0.8518518518518519,,0.8518518518518519,0.5833333333333333,0.7948717948717949,0.034313725490196,0.0399999999999999,0.1276918275564061,0.1459386830362578,0.9934425002579066,8.065128768889512,400.0,1.0,34.0,5.882352941176471,2.0,6.0,1.8656892594179968,3010.0,3009.9411764705883,60.0,0.0196078431372549,3009.9411764705883,34.0,200.0,148.0,0.1323529411764706,0.0,1.0,0.0,0.0,0.1145801370765783,0.0126439187774754,0.0,1.0,20.0,10.0,300.0,300.0,30.0,3000.0,100.0,0.5,0.8,4.0,6.0,0.25,0.35,1.0,400.0,300.0,1.0,1.0
V1_POOL_ONLY,WFG3,20,1,2.846384567966185,2.476730783751501,1.0,1.0,270.4202113,0.6764705882352942,0.5866666666666667,0.69,0.925925925925926,,0.925925925925926,0.7499999999999999,0.4358974358974359,0.0,0.0,0.0024792352851983,0.0021267495970488,0.0009098164978428,0.28370506451731,400.0,1.0,34.0,5.882352941176471,2.0,6.0,1.564878105003883,3010.0,3009.9411764705883,60.0,0.0245098039215686,3009.9411764705883,34.0,200.0,138.0,0.1305147058823529,0.0,1.0,0.0,0.0,0.1151210158242814,0.0108226920661503,0.0,1.0,20.0,1.0,300.0,300.0,31.0,3000.0,100.0,0.5,0.8,4.0,6.0,0.25,0.35,1.0,400.0,300.0,1.0,1.0
V1_POOL_ONLY,WFG3,20,2,2.753288049719254,2.611528253119554,1.0,1.0,214.380711,0.6617647058823529,0.5866666666666667,0.665,0.8703703703703705,,0.8703703703703705,0.7222222222222222,0.4615384615384615,0.0,0.0,0.003977350587724,0.0050615694548378,0.0015175095501169,0.2688205105546993,400.0,1.0,34.0,5.882352941176471,2.0,6.0,1.637840114506012,3010.0,3009.970588235294,60.0,0.0098039215686274,3009.970588235294,34.0,200.0,133.0,0.1225490196078431,0.0,1.0,0.0,0.0,0.1132467727304444,0.0207871048775381,0.0,1.0,20.0,2.0,300.0,300.0,31.0,3000.0,100.0,0.5,0.8,4.0,6.0,0.25,0.35,1.0,400.0,300.0,1.0,1.0
V1_POOL_ONLY,WFG3,20,3,2.8321016493060043,2.3614336007621195,1.0,1.0,212.88415150000003,0.7107843137254902,0.6266666666666666,0.705,0.9444444444444444,,0.9444444444444444,0.875,0.3974358974358974,0.0049019607843137,0.0066666666666666,0.0189738495772061,0.0258044354250003,0.0059376198134604,0.325123646943624,400.0,1.0,34.0,5.882352941176471,2.0,6.0,1.5470778339143738,3010.0,3009.9411764705883,60.0,0.0147058823529411,3009.9411764705883,34.0,200.0,141.0,0.0821078431372549,0.0,1.0,0.0,0.0,0.1147404577489358,0.0150722210592422,0.0,1.0,20.0,3.0,300.0,300.0,31.0,3000.0,100.0,0.5,0.8,4.0,6.0,0.25,0.35,1.0,400.0,300.0,1.0,1.0
V1_POOL_ONLY,WFG3,20,4,2.792624645325588,2.4053718842579577,1.0,1.0,219.35246459999996,0.661764705882353,0.5466666666666665,0.675,0.9814814814814814,,0.9814814814814814,0.7222222222222222,0.3846153846153846,0.0,0.0,0.0072450547290239,0.0061658486597577,0.002655554072978,0.2859712654889051,400.0,1.0,34.0,5.882352941176471,2.0,6.0,1.5593863979287503,3010.0,3009.970588235294,60.0,0.0147058823529411,3009.970588235294,34.0,200.0,135.0,0.1286764705882352,0.0,1.0,0.0,0.0,0.1123727699858116,0.0226083315888633,0.0,1.0,20.0,4.0,300.0,300.0,31.0,3000.0,100.0,0.5,0.8,4.0,6.0,0.25,0.35,1.0,400.0,300.0,1.0,1.0
V1_POOL_ONLY,WFG3,20,5,2.952236623977029,2.6019399816816224,1.0,1.0,211.48938560000005,0.6568627450980393,0.56,0.65,0.925925925925926,,0.925925925925926,0.6527777777777778,0.4743589743589743,0.0049019607843137,0.0066666666666666,0.0064996597341049,0.0084076372129515,0.0030866972596118,0.4377873162826904,400.0,1.0,34.0,5.882352941176471,2.0,6.0,1.7886639774626134,3010.0,3009.9411764705883,60.0,0.0196078431372549,3009.9411764705883,34.0,200.0,130.0,0.1292892156862745,0.0,1.0,0.0,0.0,0.1119794036238457,0.0201590956667364,0.0,1.0,20.0,5.0,300.0,300.0,31.0,3000.0,100.0,0.5,0.8,4.0,6.0,0.25,0.35,1.0,400.0,300.0,1.0,1.0
V1_POOL_ONLY,WFG3,20,6,2.8741008634895566,2.5977911276889047,1.0,1.0,214.7664057000001,0.7156862745098042,0.6199999999999999,0.73,0.9814814814814816,,0.9814814814814816,0.8194444444444443,0.4358974358974358,0.0,0.0,0.0,0.0,0.0,0.2590413575787521,400.0,1.0,34.0,5.882352941176471,2.0,6.0,1.5599008425193346,3010.0,3010.0,60.0,0.0196078431372549,3010.0,34.0,200.0,146.0,0.09375,0.0,1.0,0.0,0.0,0.1144828809341055,0.0144442118484404,0.0,1.0,20.0,6.0,300.0,300.0,31.0,3000.0,100.0,0.5,0.8,4.0,6.0,0.25,0.35,1.0,400.0,300.0,1.0,1.0
V1_POOL_ONLY,WFG3,20,7,3.0089939547576314,2.6616052204590552,1.0,1.0,221.6127178,0.7205882352941178,0.6533333333333334,0.725,0.9074074074074072,,0.9074074074074072,0.7361111111111113,0.5769230769230769,0.0,0.0,0.006959089370759,0.0019430428549552,0.0030235167908628,0.3146948424792139,400.0,1.0,34.0,5.882352941176471,2.0,6.0,1.6933063146763407,3010.0,3009.9117647058824,60.0,0.0245098039215686,3009.9117647058824,34.0,200.0,145.0,0.1035539215686274,0.0,1.0,0.0,0.0,0.114604885291404,0.0148419510152815,0.0,1.0,20.0,7.0,300.0,300.0,31.0,3000.0,100.0,0.5,0.8,4.0,6.0,0.25,0.35,1.0,400.0,300.0,1.0,1.0
V1_POOL_ONLY,WFG3,20,8,2.976522749691996,2.70105713840897,1.0,1.0,217.7292624,0.7156862745098039,0.6333333333333334,0.71,0.9444444444444444,,0.9444444444444444,0.6805555555555557,0.5897435897435896,0.0049019607843137,0.0,0.0098229363150246,0.0001906294532457,0.0024328571825187,0.302324777811592,400.0,1.0,34.0,5.882352941176471,2.0,6.0,1.6075999724156722,3010.0,3009.9411764705883,60.0,0.0147058823529411,3009.9411764705883,34.0,200.0,142.0,0.1274509803921568,0.0,1.0,0.0,0.0,0.114391920390141,0.0142139418044798,0.0,1.0,20.0,8.0,300.0,300.0,31.0,3000.0,100.0,0.5,0.8,4.0,6.0,0.25,0.35,1.0,400.0,300.0,1.0,1.0
V1_POOL_ONLY,WFG3,20,9,2.800791139056801,2.4619170808248034,1.0,1.0,214.1053421,0.7352941176470588,0.6533333333333334,0.73,0.9629629629629628,,0.9629629629629628,0.7777777777777778,0.5384615384615384,0.0,0.0,0.0033075203369735,0.004498227658284,0.0009141466377008,0.3081074491217226,400.0,1.0,34.0,5.882352941176471,2.0,6.0,1.7246664620356584,3010.0,3009.9117647058824,60.0,0.0294117647058823,3009.9117647058824,34.0,200.0,146.0,0.1286764705882352,0.0,1.0,0.0,0.0,0.1145010079160173,0.0137115344358383,0.0,1.0,20.0,9.0,300.0,300.0,31.0,3000.0,100.0,0.5,0.8,4.0,6.0,0.25,0.35,1.0,400.0,300.0,1.0,1.0
V1_POOL_ONLY,WFG3,20,10,2.882580386927002,2.6569912603148382,1.0,1.0,214.3725155,0.7009803921568628,0.5933333333333333,0.705,1.0,,1.0,0.625,0.5641025641025641,0.0,0.0,0.0,0.0,0.0,0.2783533802012018,400.0,1.0,34.0,5.882352941176471,2.0,6.0,1.612964711604668,3010.0,3009.9411764705883,60.0,0.0049019607843137,3009.9411764705883,34.0,200.0,141.0,0.1090686274509804,0.0,1.0,0.0,0.0,0.1137787508043945,0.0169771823320075,0.0,1.0,20.0,10.0,300.0,300.0,31.0,3000.0,100.0,0.5,0.8,4.0,6.0,0.25,0.35,1.0,400.0,300.0,1.0,1.0
V1_POOL_ONLY,WFG7,20,1,20.78120175087665,18.10359473158668,1.0,1.0,208.6390524,0.8529411764705882,0.8,0.85,1.0,,1.0,0.9166666666666669,0.6923076923076923,0.0392156862745098,0.0399999999999999,0.1390690921845749,0.1299557300678557,0.2764233974109351,1.770533262180594,400.0,1.0,34.0,5.882352941176471,2.0,6.0,1.729116806419286,3010.0,3009.970588235294,60.0,0.0147058823529411,3009.970588235294,34.0,200.0,170.0,0.1299019607843137,0.0,1.0,0.0,0.0,0.1143856247916327,0.0126648524178354,0.0,1.0,20.0,1.0,300.0,300.0,30.0,3000.0,100.0,0.5,0.8,4.0,6.0,0.25,0.35,1.0,400.0,300.0,1.0,1.0
V1_POOL_ONLY,WFG7,20,2,21.23808997683084,18.20665062011883,1.0,1.0,265.6244563000001,0.7990196078431372,0.7400000000000001,0.805,0.9629629629629628,,0.9629629629629628,0.7916666666666666,0.6923076923076923,0.0245098039215686,0.02,0.0862058412889076,0.0721371862969506,0.2054726677906467,1.8235353887060748,400.0,1.0,34.0,5.882352941176471,2.0,6.0,1.7327719531967274,3010.0,3009.8823529411766,60.0,0.0147058823529411,3009.8823529411766,34.0,200.0,161.0,0.1378676470588235,0.0,1.0,0.0,0.0,0.1130208909977593,0.0193217500523341,0.0,1.0,20.0,2.0,300.0,300.0,30.0,3000.0,100.0,0.5,0.8,4.0,6.0,0.25,0.35,1.0,400.0,300.0,1.0,1.0
V1_POOL_ONLY,WFG7,20,3,22.06732095411228,18.50241831544174,1.0,1.0,242.16667310000005,0.7598039215686276,0.68,0.765,0.9814814814814814,,0.9814814814814814,0.763888888888889,0.6025641025641026,0.0049019607843137,0.0066666666666666,0.0615814982553572,0.0666552029269533,0.1978780723647233,3.1464143191525835,400.0,1.0,34.0,5.882352941176471,2.0,6.0,1.771653864170598,3010.0,3009.970588235294,60.0,0.0196078431372549,3009.970588235294,34.0,200.0,153.0,0.1464460784313725,0.0,1.0,0.0,0.0,0.1144401142821699,0.0127067196985555,0.0,1.0,20.0,3.0,300.0,300.0,30.0,3000.0,100.0,0.5,0.8,4.0,6.0,0.25,0.35,1.0,400.0,300.0,1.0,1.0
V1_POOL_ONLY,WFG7,20,4,20.127588292683424,17.45825575014484,1.0,1.0,263.539935,0.8333333333333333,0.7866666666666667,0.84,0.9629629629629628,,0.9629629629629628,0.875,0.7051282051282051,0.0196078431372549,0.0133333333333333,0.1089821741423499,0.1003260807623398,0.2200117513957709,2.028011700976283,400.0,1.0,34.0,5.882352941176471,2.0,6.0,1.728718574074517,3010.0,3009.9411764705883,60.0,0.0049019607843137,3009.9411764705883,34.0,200.0,168.0,0.136642156862745,0.0,1.0,0.0,0.0,0.1151928724831173,0.0116600376805526,0.0,1.0,20.0,4.0,300.0,300.0,30.0,3000.0,100.0,0.5,0.8,4.0,6.0,0.25,0.35,1.0,400.0,300.0,1.0,1.0
V1_POOL_ONLY,WFG7,20,5,21.832898940459938,19.095413118650463,1.0,1.0,246.2962353,0.7450980392156861,0.6533333333333333,0.76,1.0,,1.0,0.736111111111111,0.5769230769230769,0.0245098039215686,0.0266666666666666,0.0758840798993299,0.0623213391549479,0.1714911582874136,1.8299992661656777,400.0,1.0,34.0,5.882352941176471,2.0,6.0,1.7218759171269138,3010.0,3009.8823529411766,60.0,0.0294117647058823,3009.8823529411766,34.0,200.0,152.0,0.1378676470588235,0.0,1.0,0.0,0.0,0.1124692663146713,0.0249738329495499,0.0,1.0,20.0,5.0,300.0,300.0,30.0,3000.0,100.0,0.5,0.8,4.0,6.0,0.25,0.35,1.0,400.0,300.0,1.0,1.0
V1_POOL_ONLY,WFG7,20,6,20.489410475616243,17.215203677671166,1.0,1.0,248.35169080000009,0.8725490196078431,0.8466666666666666,0.88,0.9444444444444444,,0.9444444444444444,0.986111111111111,0.717948717948718,0.0245098039215686,0.0133333333333333,0.1203893859125582,0.0927849527682677,0.2701859695212741,1.812704475664956,400.0,1.0,34.0,5.882352941176471,2.0,6.0,1.6922526471529746,3010.0,3010.0,60.0,0.0049019607843137,3010.0,34.0,200.0,176.0,0.1501225490196078,0.0,1.0,0.0,0.0,0.1144185138665984,0.0156792966296839,0.0,1.0,20.0,6.0,300.0,300.0,30.0,3000.0,100.0,0.5,0.8,4.0,6.0,0.25,0.35,1.0,400.0,300.0,1.0,1.0
V1_POOL_ONLY,WFG7,20,7,21.109291805489377,18.20664178664217,1.0,1.0,227.87246250000004,0.8333333333333333,0.7800000000000001,0.85,0.9814814814814816,,0.9814814814814816,0.8194444444444445,0.7435897435897435,0.0196078431372549,0.0266666666666666,0.1154964194390356,0.1158273368126914,0.2081226291402413,1.7584398449074403,400.0,1.0,34.0,5.882352941176471,2.0,6.0,1.7085076612418044,3010.0,3009.8529411764707,60.0,0.0098039215686274,3009.8529411764707,34.0,200.0,170.0,0.1488970588235294,0.0,1.0,0.0,0.0,0.1141918723203002,0.0163073058404856,0.0,1.0,20.0,7.0,300.0,300.0,30.0,3000.0,100.0,0.5,0.8,4.0,6.0,0.25,0.35,1.0,400.0,300.0,1.0,1.0
V1_POOL_ONLY,WFG7,20,8,20.519495688340346,17.99774380877306,1.0,1.0,223.41153860000009,0.8235294117647057,0.78,0.82,0.9444444444444444,,0.9444444444444444,0.8194444444444445,0.7435897435897435,0.0392156862745098,0.0466666666666666,0.1179189472076254,0.1348819122591202,0.1721705870429923,1.419346167183077,400.0,1.0,34.0,5.882352941176471,2.0,6.0,1.675232902929089,3010.0,3009.9411764705883,60.0,0.0147058823529411,3009.9411764705883,34.0,200.0,164.0,0.1164215686274509,0.0,1.0,0.0,0.0,0.1150833507780336,0.015386225664643,0.0,1.0,20.0,8.0,300.0,300.0,30.0,3000.0,100.0,0.5,0.8,4.0,6.0,0.25,0.35,1.0,400.0,300.0,1.0,1.0
V1_POOL_ONLY,WFG7,20,9,20.958520864923223,18.350763158905817,1.0,1.0,227.1730972,0.7696078431372552,0.7,0.775,0.9629629629629628,,0.9629629629629628,0.7916666666666666,0.6153846153846154,0.0392156862745098,0.0333333333333333,0.1175171770087669,0.1163903078857173,0.1872281521519183,1.6018734242249748,400.0,1.0,34.0,5.882352941176471,2.0,6.0,1.6912757363601332,3010.0,3009.970588235294,60.0,0.0294117647058823,3009.970588235294,34.0,200.0,155.0,0.1427696078431372,0.0,1.0,0.0,0.0,0.1121041216011908,0.0217291186937408,0.0,1.0,20.0,9.0,300.0,300.0,30.0,3000.0,100.0,0.5,0.8,4.0,6.0,0.25,0.35,1.0,400.0,300.0,1.0,1.0
V1_POOL_ONLY,WFG7,20,10,21.395069198489907,18.359917493662497,1.0,1.0,226.795556,0.8529411764705881,0.82,0.85,0.9444444444444444,,0.9444444444444444,0.9166666666666666,0.730769230769231,0.0245098039215686,0.02,0.0921786749785217,0.0905402179494064,0.2145362168546437,2.004102358488898,400.0,1.0,34.0,5.882352941176471,2.0,6.0,1.748328098324841,3010.0,3009.970588235294,60.0,0.0245098039215686,3009.970588235294,34.0,200.0,170.0,0.1452205882352941,0.0,1.0,0.0,0.0,0.1139549190178246,0.0152815574628427,0.0,1.0,20.0,10.0,300.0,300.0,30.0,3000.0,100.0,0.5,0.8,4.0,6.0,0.25,0.35,1.0,400.0,300.0,1.0,1.0
V2_EXPLORE_ONLY,DTLZ2,20,1,1.29783683133478,1.0104360305017683,1.0,1.0,313.0718767000001,0.7009803921568627,0.6266666666666666,0.705,0.9074074074074072,,0.9074074074074072,0.7222222222222222,0.5384615384615384,0.0,0.0,0.0324467997118963,0.035710681914223,0.0051558634488315,0.1423463846308991,400.0,1.0,34.0,5.882352941176471,2.0,6.0,1.9464811621270464,3010.0,3009.970588235294,60.0,0.0147058823529411,602.0,34.0,200.0,141.0,0.1292892156862745,0.0,1.0,0.0,1.0,0.1087266415462982,0.0501151350219803,0.0,1.0,20.0,1.0,300.0,300.0,30.0,3000.0,100.0,0.5,0.8,4.0,6.0,0.25,0.35,1.0,400.0,300.0,1.0,2.0
V2_EXPLORE_ONLY,DTLZ2,20,2,1.2302975241921144,0.9037998529966862,1.0,1.0,232.78509789999995,0.784313725490196,0.72,0.78,0.9629629629629628,,0.9629629629629628,0.7916666666666666,0.6538461538461539,0.0196078431372549,0.0266666666666666,0.0528154912169341,0.0497600231179829,0.0066597432928906,0.109885935009934,400.0,1.0,34.0,5.882352941176471,2.0,6.0,2.027083026645739,3010.0,3009.764705882353,60.0,0.0294117647058823,602.0,34.0,200.0,156.0,0.102328431372549,0.0,1.0,0.0,1.0,0.1114997441443955,0.0280720117228386,0.0,1.0,20.0,2.0,300.0,300.0,30.0,3000.0,100.0,0.5,0.8,4.0,6.0,0.25,0.35,1.0,400.0,300.0,1.0,2.0
V2_EXPLORE_ONLY,DTLZ2,20,3,1.191663382797678,0.8527259861128306,1.0,1.0,269.0232877,0.8137254901960782,0.78,0.82,0.9074074074074072,,0.9074074074074072,0.9305555555555556,0.641025641025641,0.0196078431372549,0.02,0.0501164269174808,0.0417924988304556,0.0044720358676551,0.0796472893325089,400.0,1.0,34.0,5.882352941176471,2.0,6.0,1.938981536516449,3010.0,3009.9411764705883,60.0,0.0098039215686274,602.0,34.0,200.0,164.0,0.1170343137254902,0.0,1.0,0.0,1.0,0.1112662642755797,0.0326564789616914,0.0,1.0,20.0,3.0,300.0,300.0,30.0,3000.0,100.0,0.5,0.8,4.0,6.0,0.25,0.35,1.0,400.0,300.0,1.0,2.0
V2_EXPLORE_ONLY,DTLZ2,20,4,1.2726265488487778,0.968361423410571,1.0,1.0,262.2053120000001,0.7696078431372549,0.7266666666666666,0.775,0.8888888888888888,,0.8888888888888888,0.7777777777777777,0.6794871794871794,0.0049019607843137,0.0066666666666666,0.0438104579313909,0.0470628129566065,0.0055684144203262,0.123348865835932,400.0,1.0,34.0,5.882352941176471,2.0,6.0,2.0003228129361137,3010.0,3010.0,60.0,0.0098039215686274,602.0,34.0,200.0,155.0,0.1035539215686274,0.0,1.0,0.0,1.0,0.111664189519224,0.0251203684320703,0.0,1.0,20.0,4.0,300.0,300.0,30.0,3000.0,100.0,0.5,0.8,4.0,6.0,0.25,0.35,1.0,400.0,300.0,1.0,2.0
V2_EXPLORE_ONLY,DTLZ2,20,5,1.196597498311663,0.9084321417906044,1.0,1.0,248.30286520000004,0.8333333333333333,0.7866666666666667,0.83,0.9629629629629628,,0.9629629629629628,0.875,0.7051282051282051,0.0098039215686274,0.0133333333333333,0.0529762676883763,0.0476010209169133,0.0064345378419302,0.1137199798084433,400.0,1.0,34.0,5.882352941176471,2.0,6.0,1.872413512705957,3010.0,3009.9117647058824,60.0,0.0294117647058823,602.0,34.0,200.0,166.0,0.1341911764705882,0.0,1.0,0.0,1.0,0.111899189015266,0.0259577140464726,0.0,1.0,20.0,5.0,300.0,300.0,30.0,3000.0,100.0,0.5,0.8,4.0,6.0,0.25,0.35,1.0,400.0,300.0,1.0,2.0
V2_EXPLORE_ONLY,DTLZ2,20,6,1.1561164116636042,0.8370834873125408,1.0,1.0,246.73757600000008,0.7794117647058822,0.7199999999999999,0.795,0.9444444444444444,,0.9444444444444444,0.7916666666666665,0.6538461538461537,0.0098039215686274,0.0133333333333333,0.0647718034312583,0.0675918277832628,0.0076130905558979,0.1065416983246864,400.0,1.0,34.0,5.882352941176471,2.0,6.0,2.0002988958975707,3010.0,3010.0,60.0,0.034313725490196,602.0,34.0,200.0,159.0,0.0802696078431372,0.0,1.0,0.0,1.0,0.1123514952046457,0.0247016956248691,0.0,1.0,20.0,6.0,300.0,300.0,30.0,3000.0,100.0,0.5,0.8,4.0,6.0,0.25,0.35,1.0,400.0,300.0,1.0,2.0
V2_EXPLORE_ONLY,DTLZ2,20,7,1.173622187536422,0.90514379132923,1.0,1.0,247.0077587,0.7205882352941178,0.6466666666666667,0.735,0.925925925925926,,0.925925925925926,0.7638888888888888,0.5384615384615384,0.0049019607843137,0.0066666666666666,0.0471365468048547,0.042871333283157,0.0051176179655767,0.1004758784493807,400.0,1.0,34.0,5.882352941176471,2.0,6.0,2.0135229122584453,3010.0,3009.970588235294,60.0,0.0098039215686274,602.0,34.0,200.0,147.0,0.1066176470588235,0.0,1.0,0.0,1.0,0.1118913737895316,0.0240736864140674,0.0,1.0,20.0,7.0,300.0,300.0,30.0,3000.0,100.0,0.5,0.8,4.0,6.0,0.25,0.35,1.0,400.0,300.0,1.0,2.0
V2_EXPLORE_ONLY,DTLZ2,20,8,1.2058927184908923,0.8818083056290845,1.0,1.0,245.9851397,0.7401960784313726,0.6533333333333333,0.745,0.9814814814814814,,0.9814814814814814,0.736111111111111,0.5769230769230769,0.0147058823529411,0.0066666666666666,0.0575408420200866,0.0356388084558246,0.0070078224346685,0.0957225959123854,400.0,1.0,34.0,5.882352941176471,2.0,6.0,2.038490890774242,3010.0,3009.9117647058824,60.0,0.034313725490196,602.0,34.0,200.0,149.0,0.1047794117647058,0.0,1.0,0.0,1.0,0.1099623155707518,0.0373246807619845,0.0,1.0,20.0,8.0,300.0,300.0,30.0,3000.0,100.0,0.5,0.8,4.0,6.0,0.25,0.35,1.0,400.0,300.0,1.0,2.0
V2_EXPLORE_ONLY,DTLZ2,20,9,1.2108987502890405,0.872374575457255,1.0,1.0,245.8549232,0.8382352941176472,0.8333333333333333,0.845,0.8518518518518517,,0.8518518518518517,0.8472222222222222,0.8205128205128205,0.0098039215686274,0.0,0.0446746459776074,0.0379484705473054,0.0054971695984455,0.1201114607735123,400.0,1.0,34.0,5.882352941176471,2.0,6.0,1.939659799019493,3010.0,3009.970588235294,60.0,0.0196078431372549,602.0,34.0,200.0,169.0,0.1341911764705882,0.0,1.0,0.0,1.0,0.1120345443831941,0.0263554532133137,0.0,1.0,20.0,9.0,300.0,300.0,30.0,3000.0,100.0,0.5,0.8,4.0,6.0,0.25,0.35,1.0,400.0,300.0,1.0,2.0
V2_EXPLORE_ONLY,DTLZ2,20,10,1.229687378047111,0.9683864775096672,1.0,1.0,247.49676449999995,0.7450980392156864,0.6733333333333335,0.76,0.9444444444444444,,0.9444444444444444,0.7222222222222223,0.6282051282051282,0.0098039215686274,0.0066666666666666,0.0408463789239198,0.0399040465030164,0.0054504175255098,0.1251345009801315,400.0,1.0,34.0,5.882352941176471,2.0,6.0,1.8815883006778784,3010.0,3009.9411764705883,60.0,0.0294117647058823,602.0,34.0,200.0,152.0,0.1323529411764706,0.0,1.0,0.0,1.0,0.1115686700935811,0.0243248900983881,0.0,1.0,20.0,10.0,300.0,300.0,30.0,3000.0,100.0,0.5,0.8,4.0,6.0,0.25,0.35,1.0,400.0,300.0,1.0,2.0
V2_EXPLORE_ONLY,DTLZ7,20,1,15.557747372379003,15.461035802856877,1.0,1.0,238.2840443,0.9019607843137254,0.8666666666666667,0.9,1.0,,1.0,0.9583333333333334,0.782051282051282,0.0049019607843137,0.0066666666666666,0.194256388851843,0.2004218414151886,1.0565669778667548,4.924890205958524,400.0,1.0,34.0,5.882352941176471,2.0,6.0,1.6767379210002904,3010.0,3010.0,60.0,0.0490196078431372,602.0,34.0,200.0,180.0,0.1066176470588235,0.0,1.0,0.0,1.0,0.1155581257413997,0.0099853464517479,0.0,1.0,20.0,1.0,300.0,300.0,30.0,3000.0,100.0,0.5,0.8,4.0,6.0,0.25,0.35,1.0,400.0,300.0,1.0,2.0
V2_EXPLORE_ONLY,DTLZ7,20,2,21.48160127042186,21.42999215547061,1.0,1.0,228.1827451,0.7107843137254903,0.6466666666666666,0.725,0.8888888888888888,,0.8888888888888888,0.8472222222222222,0.4615384615384616,0.034313725490196,0.0266666666666666,0.1774834399413558,0.1498249502990084,0.9316132791400558,5.840683453580561,400.0,1.0,34.0,5.882352941176471,2.0,6.0,2.169951793878848,3010.0,3009.9411764705883,60.0,0.0245098039215686,602.0,34.0,200.0,145.0,0.1029411764705882,0.0,1.0,0.0,1.0,0.1149882655315981,0.0113669667155118,0.0,1.0,20.0,2.0,300.0,300.0,30.0,3000.0,100.0,0.5,0.8,4.0,6.0,0.25,0.35,1.0,400.0,300.0,1.0,2.0
V2_EXPLORE_ONLY,DTLZ7,20,3,27.42442934550945,27.38380514332752,1.0,1.0,228.432022,0.6470588235294118,0.58,0.65,0.8333333333333334,,0.8333333333333334,0.638888888888889,0.5256410256410257,0.0588235294117647,0.0733333333333333,0.1574484680285296,0.106670933818853,0.7659909602937593,4.923222641174709,400.0,1.0,34.0,5.882352941176471,2.0,6.0,2.357387116447641,3010.0,3010.0,60.0,0.0245098039215686,602.0,34.0,200.0,130.0,0.1654411764705882,0.0,1.0,0.0,1.0,0.1152167523395281,0.0109482939083106,0.0,1.0,20.0,3.0,300.0,300.0,30.0,3000.0,100.0,0.5,0.8,4.0,6.0,0.25,0.35,1.0,400.0,300.0,1.0,2.0
V2_EXPLORE_ONLY,DTLZ7,20,4,11.397598016784633,11.30150968329388,1.0,1.0,241.2018581,0.8921568627450981,0.8733333333333333,0.89,0.9444444444444444,,0.9444444444444444,0.9027777777777776,0.846153846153846,0.0490196078431372,0.0533333333333333,0.3355081740366989,0.2786970107113513,1.506644304793893,2.8759711771976377,400.0,1.0,34.0,5.882352941176471,2.0,6.0,1.753318088119531,3010.0,3009.970588235294,60.0,0.0196078431372549,602.0,34.0,200.0,178.0,0.1011029411764705,0.0,1.0,0.0,1.0,0.1145818737934082,0.0226711325099434,0.0,1.0,20.0,4.0,300.0,300.0,30.0,3000.0,100.0,0.5,0.8,4.0,6.0,0.25,0.35,1.0,400.0,300.0,1.0,2.0
V2_EXPLORE_ONLY,DTLZ7,20,5,14.514241466147418,14.39632422997001,1.0,1.0,239.4492459,0.8872549019607842,0.8466666666666669,0.885,1.0,,1.0,0.9166666666666666,0.782051282051282,0.0245098039215686,0.02,0.2560343061581696,0.217275234708599,1.0517344939872837,3.6601510104113584,400.0,1.0,34.0,5.882352941176471,2.0,6.0,1.7165957812170298,3010.0,3009.9411764705883,60.0,0.0196078431372549,602.0,34.0,200.0,177.0,0.0790441176470588,0.0,1.0,0.0,1.0,0.1143708626985788,0.0214151140883399,0.0,1.0,20.0,5.0,300.0,300.0,30.0,3000.0,100.0,0.5,0.8,4.0,6.0,0.25,0.35,1.0,400.0,300.0,1.0,2.0
V2_EXPLORE_ONLY,DTLZ7,20,6,14.242329812770526,14.109883183457857,1.0,1.0,296.35498630000006,0.9558823529411764,0.9399999999999998,0.955,1.0,,1.0,0.986111111111111,0.8974358974358976,0.0245098039215686,0.0266666666666666,0.2607388278921344,0.2417898016273753,1.3630534537766494,4.340695790614107,400.0,1.0,34.0,5.882352941176471,2.0,6.0,1.39919613533939,3010.0,3009.970588235294,60.0,0.0245098039215686,602.0,34.0,200.0,191.0,0.1060049019607843,0.0,1.0,0.0,1.0,0.1147776886159762,0.0181285325518107,0.0,1.0,20.0,6.0,300.0,300.0,30.0,3000.0,100.0,0.5,0.8,4.0,6.0,0.25,0.35,1.0,400.0,300.0,1.0,2.0
V2_EXPLORE_ONLY,DTLZ7,20,7,14.509390841039815,14.362177002333535,1.0,1.0,232.3373634,0.8333333333333331,0.7933333333333333,0.83,0.9444444444444444,,0.9444444444444444,0.6805555555555555,0.8974358974358976,0.0294117647058823,0.0266666666666666,0.215736508894698,0.2086255440631297,1.1208008473686712,5.763071284713906,400.0,1.0,34.0,5.882352941176471,2.0,6.0,1.9308861074911177,3010.0,3009.970588235294,60.0,0.0147058823529411,602.0,34.0,200.0,166.0,0.1102941176470588,0.0,1.0,0.0,1.0,0.1145099085897704,0.0150722210592422,0.0,1.0,20.0,7.0,300.0,300.0,30.0,3000.0,100.0,0.5,0.8,4.0,6.0,0.25,0.35,1.0,400.0,300.0,1.0,2.0
V2_EXPLORE_ONLY,DTLZ7,20,8,15.118722223591746,15.054384402256794,1.0,1.0,266.68685860000005,0.6274509803921567,0.5266666666666667,0.63,0.9074074074074076,,0.9074074074074076,0.5277777777777778,0.5256410256410257,0.0147058823529411,0.02,0.2175274607301565,0.2222222222222222,1.383158747024129,4.355507934933991,400.0,1.0,34.0,5.882352941176471,2.0,6.0,2.1896856582810256,3010.0,3009.8529411764707,60.0,0.0098039215686274,602.0,34.0,200.0,126.0,0.1096813725490196,0.0,1.0,0.0,1.0,0.1151979740888051,0.0124345823738748,0.0,1.0,20.0,8.0,300.0,300.0,30.0,3000.0,100.0,0.5,0.8,4.0,6.0,0.25,0.35,1.0,400.0,300.0,1.0,2.0
V2_EXPLORE_ONLY,DTLZ7,20,9,32.854996435402896,32.808319939056446,1.0,1.0,248.403853,0.6813725490196078,0.6333333333333334,0.675,0.8148148148148148,,0.8148148148148148,0.6805555555555557,0.5897435897435896,0.0245098039215686,0.02,0.1120815125963759,0.0677176208168396,0.8238021060153659,8.085271692745623,400.0,1.0,34.0,5.882352941176471,2.0,6.0,2.387822549973837,3010.0,3009.970588235294,60.0,0.0098039215686274,602.0,34.0,200.0,135.0,0.1219362745098039,0.0,1.0,0.0,1.0,0.1156235782569255,0.0101737492149884,0.0,1.0,20.0,9.0,300.0,300.0,30.0,3000.0,100.0,0.5,0.8,4.0,6.0,0.25,0.35,1.0,400.0,300.0,1.0,2.0
V2_EXPLORE_ONLY,DTLZ7,20,10,37.875497097432216,37.83992395021374,1.0,1.0,254.5538862,0.5980392156862746,0.5466666666666666,0.61,0.7407407407407408,,0.7407407407407408,0.6666666666666666,0.4358974358974359,0.0539215686274509,0.0533333333333333,0.1140453599991714,0.0552470008676706,0.4482677336445531,6.782625686943576,400.0,1.0,34.0,5.882352941176471,2.0,6.0,2.428906372427784,3010.0,3009.9411764705883,60.0,0.0441176470588235,602.0,34.0,200.0,122.0,0.1200980392156862,0.0,1.0,0.0,1.0,0.1147889772753704,0.0116809713209127,0.0,1.0,20.0,10.0,300.0,300.0,30.0,3000.0,100.0,0.5,0.8,4.0,6.0,0.25,0.35,1.0,400.0,300.0,1.0,2.0
V2_EXPLORE_ONLY,WFG3,20,1,2.865296814709743,2.58457800087392,1.0,1.0,225.61982860000003,0.6568627450980393,0.5466666666666666,0.67,0.9629629629629632,,0.9629629629629632,0.6666666666666666,0.4358974358974359,0.0,0.0,0.0009382826838984,0.0,0.0003543072187668,0.3138181183256167,400.0,1.0,34.0,5.882352941176471,2.0,6.0,1.872248918500424,3010.0,3010.0,60.0,0.0392156862745098,602.0,34.0,200.0,134.0,0.0747549019607843,0.0,1.0,0.0,1.0,0.1136674923824808,0.0236131463261461,0.0,1.0,20.0,1.0,300.0,300.0,31.0,3000.0,100.0,0.5,0.8,4.0,6.0,0.25,0.35,1.0,400.0,300.0,1.0,2.0
V2_EXPLORE_ONLY,WFG3,20,2,2.7460612060532403,2.499275908573677,1.0,1.0,210.2182295,0.661764705882353,0.5599999999999998,0.665,0.9444444444444444,,0.9444444444444444,0.6805555555555555,0.4487179487179487,0.0049019607843137,0.0,0.0053095092485281,0.0012754141584905,0.0017304795154111,0.2985292082628499,400.0,1.0,34.0,5.882352941176471,2.0,6.0,2.109649731232557,3010.0,3009.8529411764707,60.0,0.0147058823529411,602.0,34.0,200.0,133.0,0.1286764705882352,0.0,1.0,0.0,1.0,0.1135300746633172,0.0205987021142976,0.0,1.0,20.0,2.0,300.0,300.0,31.0,3000.0,100.0,0.5,0.8,4.0,6.0,0.25,0.35,1.0,400.0,300.0,1.0,2.0
V2_EXPLORE_ONLY,WFG3,20,3,3.0067516985931944,2.773848079880071,1.0,1.0,213.2666877,0.6323529411764706,0.5333333333333332,0.645,0.9074074074074072,,0.9074074074074072,0.736111111111111,0.3461538461538461,0.0,0.0,0.0022091332525184,0.0028919039737297,0.0007996389804805,0.3621354766176808,400.0,1.0,34.0,5.882352941176471,2.0,6.0,1.9513081818968097,3010.0,3009.823529411765,60.0,0.0147058823529411,602.0,34.0,200.0,129.0,0.1145833333333333,0.0,1.0,0.0,1.0,0.1121393986617976,0.0226501988695834,0.0,1.0,20.0,3.0,300.0,300.0,31.0,3000.0,100.0,0.5,0.8,4.0,6.0,0.25,0.35,1.0,400.0,300.0,1.0,2.0
V2_EXPLORE_ONLY,WFG3,20,4,2.780374515124528,2.496314713558557,1.0,1.0,213.7933828,0.6568627450980393,0.5533333333333332,0.65,0.9444444444444444,,0.9444444444444444,0.6805555555555555,0.4358974358974358,0.0098039215686274,0.0066666666666666,0.0096470695470731,0.0047069086145763,0.0030128718302395,0.275837916954582,400.0,1.0,34.0,5.882352941176471,2.0,6.0,1.9925462059606864,3010.0,3009.9117647058824,60.0,0.0147058823529411,602.0,34.0,200.0,130.0,0.1047794117647058,0.0,1.0,0.0,1.0,0.1143879042324719,0.0139836717605191,0.0,1.0,20.0,4.0,300.0,300.0,31.0,3000.0,100.0,0.5,0.8,4.0,6.0,0.25,0.35,1.0,400.0,300.0,1.0,2.0
V2_EXPLORE_ONLY,WFG3,20,5,2.7333132063011067,2.582047953687617,1.0,1.0,213.3665049,0.7107843137254901,0.6533333333333334,0.725,0.8703703703703702,,0.8703703703703702,0.8611111111111112,0.4615384615384614,0.0098039215686274,0.0066666666666666,0.0175200971223412,0.0074029159192173,0.0095277056237197,0.278629257348963,400.0,1.0,34.0,5.882352941176471,2.0,6.0,2.005150590259729,3010.0,3010.0,60.0,0.0098039215686274,602.0,34.0,200.0,145.0,0.1200980392156862,0.0,1.0,0.0,1.0,0.1141355375681312,0.0174377224199288,0.0,1.0,20.0,5.0,300.0,300.0,31.0,3000.0,100.0,0.5,0.8,4.0,6.0,0.25,0.35,1.0,400.0,300.0,1.0,2.0
V2_EXPLORE_ONLY,WFG3,20,6,2.8725051618068957,2.644016301353327,1.0,1.0,208.7701848,0.6715686274509804,0.5733333333333334,0.675,0.9444444444444444,,0.9444444444444444,0.75,0.4102564102564102,0.0,0.0,0.0002950882940766,0.0003998111940482,4.734474676359359e-05,0.2974000929779021,400.0,1.0,34.0,5.882352941176471,2.0,6.0,1.9493618701240116,3010.0,3009.8823529411766,60.0,0.0049019607843137,602.0,34.0,200.0,135.0,0.110906862745098,0.0,1.0,0.0,1.0,0.1140390412392715,0.0223571279045426,0.0,1.0,20.0,6.0,300.0,300.0,31.0,3000.0,100.0,0.5,0.8,4.0,6.0,0.25,0.35,1.0,400.0,300.0,1.0,2.0
V2_EXPLORE_ONLY,WFG3,20,7,2.9475864304244928,2.339869404602249,1.0,1.0,210.8158373,0.7352941176470589,0.6733333333333335,0.73,0.9074074074074076,,0.9074074074074076,0.7500000000000001,0.6025641025641024,0.0098039215686274,0.0133333333333333,0.0167447578208553,0.0199733610232946,0.0048309145401914,0.3041544775120227,400.0,1.0,34.0,5.882352941176471,2.0,6.0,1.9772872034897464,3010.0,3009.970588235294,60.0,0.0196078431372549,602.0,34.0,200.0,146.0,0.0741421568627451,0.0,1.0,0.0,1.0,0.1145512641592817,0.0151978229014025,0.0,1.0,20.0,7.0,300.0,300.0,31.0,3000.0,100.0,0.5,0.8,4.0,6.0,0.25,0.35,1.0,400.0,300.0,1.0,2.0
V2_EXPLORE_ONLY,WFG3,20,8,2.833696310385571,2.5801798473422384,1.0,1.0,209.7511941,0.6617647058823529,0.58,0.675,0.8888888888888888,,0.8888888888888888,0.638888888888889,0.5256410256410257,0.0049019607843137,0.0066666666666666,0.0165803598357211,0.0126222941964573,0.0066350959406404,0.3179824265263323,400.0,1.0,34.0,5.882352941176471,2.0,6.0,2.1624915121783435,3010.0,3009.8529411764707,60.0,0.0147058823529411,602.0,34.0,200.0,135.0,0.0912990196078431,0.0,1.0,0.0,1.0,0.1143725994154087,0.0138580699183588,0.0,1.0,20.0,8.0,300.0,300.0,31.0,3000.0,100.0,0.5,0.8,4.0,6.0,0.25,0.35,1.0,400.0,300.0,1.0,2.0
V2_EXPLORE_ONLY,WFG3,20,9,2.623961068161821,2.3406444864892277,1.0,1.0,213.2858009,0.6911764705882352,0.5866666666666667,0.705,0.9814814814814814,,0.9814814814814814,0.8611111111111112,0.3333333333333333,0.0049019607843137,0.0,0.0165883630506094,0.000241237257332,0.0061163312218218,0.2539122047831811,400.0,1.0,34.0,5.882352941176471,2.0,6.0,1.8480902155949013,3010.0,3009.9411764705883,60.0,0.0147058823529411,602.0,34.0,200.0,141.0,0.1029411764705882,0.0,1.0,0.0,1.0,0.1143347172795571,0.0226711325099434,0.0,1.0,20.0,9.0,300.0,300.0,31.0,3000.0,100.0,0.5,0.8,4.0,6.0,0.25,0.35,1.0,400.0,300.0,1.0,2.0
V2_EXPLORE_ONLY,WFG3,20,10,2.8293439275682206,2.6078052172890285,1.0,1.0,206.31295019999996,0.7058823529411763,0.6000000000000001,0.71,1.0,,1.0,0.75,0.4615384615384614,0.0,0.0,0.0062313641241156,0.0076415119534541,0.0015668336829448,0.3014618476140767,400.0,1.0,34.0,5.882352941176471,2.0,6.0,2.07710039580374,3010.0,3009.970588235294,60.0,0.0098039215686274,602.0,34.0,200.0,142.0,0.1170343137254902,0.0,1.0,0.0,1.0,0.1144705068266927,0.0185262717186518,0.0,1.0,20.0,10.0,300.0,300.0,31.0,3000.0,100.0,0.5,0.8,4.0,6.0,0.25,0.35,1.0,400.0,300.0,1.0,2.0
V2_EXPLORE_ONLY,WFG7,20,1,20.873462723883605,18.079731497297207,1.0,1.0,207.66444690000003,0.7794117647058824,0.7,0.775,1.0,,1.0,0.7638888888888888,0.641025641025641,0.0539215686274509,0.06,0.1440644046777753,0.135231062090401,0.2719303024297375,1.5859145744554084,400.0,1.0,34.0,5.882352941176471,2.0,6.0,2.2596541669700376,3010.0,3010.0,60.0,0.0147058823529411,602.0,34.0,200.0,155.0,0.1262254901960784,0.0,1.0,0.0,1.0,0.1139230068460756,0.0182960016746912,0.0,1.0,20.0,1.0,300.0,300.0,30.0,3000.0,100.0,0.5,0.8,4.0,6.0,0.25,0.35,1.0,400.0,300.0,1.0,2.0
V2_EXPLORE_ONLY,WFG7,20,2,22.358412440931662,19.21458708533077,1.0,1.0,246.3343201,0.7254901960784316,0.6599999999999998,0.74,0.9074074074074076,,0.9074074074074076,0.75,0.576923076923077,0.034313725490196,0.0266666666666666,0.0792892139529549,0.047370950031749,0.1671573524259519,1.5157963650862774,400.0,1.0,34.0,5.882352941176471,2.0,6.0,2.2055081338627485,3010.0,3009.9411764705883,60.0,0.0196078431372549,602.0,34.0,200.0,148.0,0.1807598039215686,0.0,1.0,0.0,1.0,0.112992560804472,0.022524597027423,0.0,1.0,20.0,2.0,300.0,300.0,30.0,3000.0,100.0,0.5,0.8,4.0,6.0,0.25,0.35,1.0,400.0,300.0,1.0,2.0
V2_EXPLORE_ONLY,WFG7,20,3,20.30282024071244,17.539625016488845,1.0,1.0,236.0177361,0.8088235294117646,0.7466666666666668,0.805,0.9814814814814814,,0.9814814814814814,0.8055555555555557,0.6923076923076923,0.0637254901960784,0.0733333333333333,0.1389315860481611,0.1433229501880075,0.2563109766604055,1.8767634927281476,400.0,1.0,34.0,5.882352941176471,2.0,6.0,2.0641286761153927,3010.0,3009.8823529411766,60.0,0.0147058823529411,602.0,34.0,200.0,161.0,0.1378676470588235,0.0,1.0,0.0,1.0,0.114389423859698,0.0152606238224827,0.0,1.0,20.0,3.0,300.0,300.0,30.0,3000.0,100.0,0.5,0.8,4.0,6.0,0.25,0.35,1.0,400.0,300.0,1.0,2.0
V2_EXPLORE_ONLY,WFG7,20,4,22.95264572224839,20.004920017713197,1.0,1.0,278.5772791,0.7647058823529409,0.7066666666666667,0.76,0.9259259259259258,,0.9259259259259258,0.7638888888888888,0.6538461538461539,0.0049019607843137,0.0,0.067345699648576,0.0566936841868318,0.1365395393538614,1.7544653516209143,400.0,1.0,34.0,5.882352941176471,2.0,6.0,2.0284958018853083,3010.0,3009.8823529411766,60.0,0.0049019607843137,602.0,34.0,200.0,152.0,0.1464460784313725,0.0,1.0,0.0,1.0,0.113816632940246,0.0180238643500104,0.0,1.0,20.0,4.0,300.0,300.0,30.0,3000.0,100.0,0.5,0.8,4.0,6.0,0.25,0.35,1.0,400.0,300.0,1.0,2.0
V2_EXPLORE_ONLY,WFG7,20,5,19.928299180708905,17.11360860258457,1.0,1.0,236.4978837,0.784313725490196,0.7266666666666669,0.79,0.9444444444444444,,0.9444444444444444,0.7916666666666669,0.6666666666666666,0.034313725490196,0.0466666666666666,0.1219824958390777,0.1458023972564429,0.2325551950137913,2.151174630609045,400.0,1.0,34.0,5.882352941176471,2.0,6.0,2.1997421553196763,3010.0,3009.9411764705883,60.0,0.0245098039215686,602.0,34.0,200.0,158.0,0.1482843137254902,0.0,1.0,0.0,1.0,0.114907616743811,0.0115972367594724,0.0,1.0,20.0,5.0,300.0,300.0,30.0,3000.0,100.0,0.5,0.8,4.0,6.0,0.25,0.35,1.0,400.0,300.0,1.0,2.0
V2_EXPLORE_ONLY,WFG7,20,6,20.37948410564688,17.717826385573826,1.0,1.0,222.9976238,0.7107843137254901,0.6200000000000001,0.715,0.9629629629629628,,0.9629629629629628,0.7361111111111112,0.5128205128205128,0.0490196078431372,0.0399999999999999,0.14270205200949,0.1013028786667107,0.2607644405750341,1.43573028135439,400.0,1.0,34.0,5.882352941176471,2.0,6.0,2.1519623502297587,3010.0,3010.0,60.0,0.0294117647058823,602.0,34.0,200.0,143.0,0.1292892156862745,0.0,1.0,0.0,1.0,0.1145205459803534,0.0130207243039564,0.0,1.0,20.0,6.0,300.0,300.0,30.0,3000.0,100.0,0.5,0.8,4.0,6.0,0.25,0.35,1.0,400.0,300.0,1.0,2.0
V2_EXPLORE_ONLY,WFG7,20,7,20.462149558711552,17.297368047820747,1.0,1.0,220.44186320000003,0.7401960784313725,0.6666666666666667,0.735,0.9444444444444444,,0.9444444444444444,0.7083333333333334,0.6282051282051282,0.0490196078431372,0.0399999999999999,0.127657863124194,0.1357343043788376,0.2269987123470299,1.712585278085235,400.0,1.0,34.0,5.882352941176471,2.0,6.0,2.215588517370408,3010.0,3009.9411764705883,60.0,0.0392156862745098,602.0,34.0,200.0,147.0,0.1225490196078431,0.0,1.0,0.0,1.0,0.1151668217306693,0.011785639522713,0.0,1.0,20.0,7.0,300.0,300.0,30.0,3000.0,100.0,0.5,0.8,4.0,6.0,0.25,0.35,1.0,400.0,300.0,1.0,2.0
V2_EXPLORE_ONLY,WFG7,20,8,22.47222226937997,19.345998363091773,1.0,1.0,218.3680176,0.7549019607843138,0.6933333333333332,0.76,0.925925925925926,,0.925925925925926,0.7361111111111112,0.6538461538461539,0.0147058823529411,0.0133333333333333,0.067634585154887,0.0640539344090757,0.1095205663782422,1.7444953260808207,400.0,1.0,34.0,5.882352941176471,2.0,6.0,2.2834613815665468,3010.0,3010.0,60.0,0.0147058823529411,602.0,34.0,200.0,152.0,0.1256127450980392,0.0,1.0,0.0,1.0,0.1139180137851898,0.0161189030772451,0.0,1.0,20.0,8.0,300.0,300.0,30.0,3000.0,100.0,0.5,0.8,4.0,6.0,0.25,0.35,1.0,400.0,300.0,1.0,2.0
V2_EXPLORE_ONLY,WFG7,20,9,21.268753588606728,18.41476110838277,1.0,1.0,219.0806624,0.6764705882352942,0.5666666666666668,0.69,0.9814814814814816,,0.9814814814814816,0.6527777777777778,0.4871794871794871,0.0245098039215686,0.02,0.08515324332709,0.0596791350466076,0.1784063712997163,1.8123226238371748,400.0,1.0,34.0,5.882352941176471,2.0,6.0,2.106396569812162,3010.0,3009.9411764705883,60.0,0.0098039215686274,602.0,34.0,200.0,138.0,0.1354166666666666,0.0,1.0,0.0,1.0,0.1143646756448724,0.0133765961900774,0.0,1.0,20.0,9.0,300.0,300.0,30.0,3000.0,100.0,0.5,0.8,4.0,6.0,0.25,0.35,1.0,400.0,300.0,1.0,2.0
V2_EXPLORE_ONLY,WFG7,20,10,21.415425265262723,18.749133805616168,1.0,1.0,220.4358007,0.7647058823529411,0.6933333333333332,0.77,0.9629629629629628,,0.9629629629629628,0.7500000000000001,0.6410256410256411,0.0392156862745098,0.0333333333333333,0.1186609831937793,0.1165717812959388,0.2105191632936101,1.7265794642907082,400.0,1.0,34.0,5.882352941176471,2.0,6.0,2.105975438467943,3010.0,3009.9117647058824,60.0,0.0245098039215686,602.0,34.0,200.0,154.0,0.1354166666666666,0.0,1.0,0.0,1.0,0.1145749269260887,0.012518316935315,0.0,1.0,20.0,10.0,300.0,300.0,30.0,3000.0,100.0,0.5,0.8,4.0,6.0,0.25,0.35,1.0,400.0,300.0,1.0,2.0
V3_INDICATOR_ONLY,DTLZ2,20,1,1.140959353933252,0.8682028771460117,1.0,1.0,245.0292423,0.7401960784313726,0.6533333333333333,0.745,0.9814814814814816,,0.9814814814814816,0.7499999999999999,0.5641025641025641,0.0245098039215686,0.0066666666666666,0.0893136755020309,0.045513960412122,0.0095185097848954,0.0894171671772491,400.0,1.0,34.0,5.882352941176471,2.0,6.0,0.943524173357981,3010.0,3009.9411764705883,60.0,0.0147058823529411,903.0,34.0,200.0,149.0,0.1262254901960784,1.0,1.0,1.0,0.0,0.1093884392032811,0.0421812853255181,0.0,1.0,20.0,1.0,300.0,300.0,30.0,3000.0,100.0,0.5,0.8,4.0,6.0,0.25,0.35,1.0,400.0,300.0,1.0,3.0
V3_INDICATOR_ONLY,DTLZ2,20,2,1.1657518923265735,0.8352782443497749,1.0,1.0,241.6619726,0.7450980392156865,0.6799999999999998,0.75,0.925925925925926,,0.925925925925926,0.7777777777777778,0.5897435897435899,0.0196078431372549,0.02,0.0910668000129316,0.0761881247162048,0.0086642772828089,0.0851901420060428,400.0,1.0,34.0,5.882352941176471,2.0,6.0,0.8956539362648457,3010.0,3009.9411764705883,60.0,0.0147058823529411,903.0,34.0,200.0,150.0,0.1158088235294117,1.0,1.0,1.0,0.0,0.1052394226967181,0.0604772870002093,0.0,1.0,20.0,2.0,300.0,300.0,30.0,3000.0,100.0,0.5,0.8,4.0,6.0,0.25,0.35,1.0,400.0,300.0,1.0,3.0
V3_INDICATOR_ONLY,DTLZ2,20,3,1.1592219454325188,0.8286524431798654,1.0,1.0,246.8887809,0.6519607843137256,0.5599999999999999,0.655,0.9074074074074072,,0.9074074074074072,0.5694444444444445,0.5512820512820513,0.0049019607843137,0.0066666666666666,0.0852239229846483,0.0876128059476599,0.0055577347749478,0.0673786340819486,400.0,1.0,34.0,5.882352941176471,2.0,6.0,1.1660328649338918,3010.0,3009.9117647058824,60.0,0.0098039215686274,903.0,34.0,200.0,131.0,0.1084558823529411,1.0,1.0,1.0,0.0,0.1028923584459485,0.0665480427046263,0.0,1.0,20.0,3.0,300.0,300.0,30.0,3000.0,100.0,0.5,0.8,4.0,6.0,0.25,0.35,1.0,400.0,300.0,1.0,3.0
V3_INDICATOR_ONLY,DTLZ2,20,4,1.084504384176926,0.7875476721016202,1.0,1.0,259.4099007,0.7303921568627453,0.64,0.735,0.9814814814814816,,0.9814814814814816,0.75,0.5384615384615384,0.0245098039215686,0.0133333333333333,0.1152787963146553,0.0765781006873899,0.0110597875237729,0.0705359359626461,400.0,1.0,34.0,5.882352941176471,2.0,6.0,0.7828731969120133,3010.0,3009.970588235294,60.0,0.0294117647058823,903.0,34.0,200.0,147.0,0.1403186274509804,1.0,1.0,1.0,0.0,0.0998413811550717,0.0980322378061545,0.0,1.0,20.0,4.0,300.0,300.0,30.0,3000.0,100.0,0.5,0.8,4.0,6.0,0.25,0.35,1.0,400.0,300.0,1.0,3.0
V3_INDICATOR_ONLY,DTLZ2,20,5,1.154865113503099,0.8333159546975063,1.0,1.0,246.105294,0.7745098039215685,0.7133333333333334,0.78,0.9444444444444444,,0.9444444444444444,0.763888888888889,0.6666666666666667,0.0196078431372549,0.0066666666666666,0.0747127469346729,0.0556363548631309,0.0075991961765218,0.0852653290935181,400.0,1.0,34.0,5.882352941176471,2.0,6.0,1.161256564135277,3010.0,3009.8823529411766,60.0,0.0245098039215686,903.0,34.0,200.0,156.0,0.1145833333333333,1.0,1.0,1.0,0.0,0.1060534001659185,0.0547833368222733,0.0,1.0,20.0,5.0,300.0,300.0,30.0,3000.0,100.0,0.5,0.8,4.0,6.0,0.25,0.35,1.0,400.0,300.0,1.0,3.0
V3_INDICATOR_ONLY,DTLZ2,20,6,1.093251372113025,0.8146858579172123,1.0,1.0,252.98309830000005,0.7401960784313726,0.6666666666666667,0.735,0.9444444444444444,,0.9444444444444444,0.7916666666666666,0.5512820512820512,0.0245098039215686,0.02,0.0920628944946378,0.0658069515619794,0.0093066229764588,0.0768803049256488,400.0,1.0,34.0,5.882352941176471,2.0,6.0,0.800001886530509,3010.0,3009.970588235294,60.0,0.0049019607843137,903.0,34.0,200.0,147.0,0.1127450980392156,1.0,1.0,1.0,0.0,0.1058523751928608,0.0516642244086246,0.0,1.0,20.0,6.0,300.0,300.0,30.0,3000.0,100.0,0.5,0.8,4.0,6.0,0.25,0.35,1.0,400.0,300.0,1.0,3.0
V3_INDICATOR_ONLY,DTLZ2,20,7,1.0058720644900117,0.7317193175052419,1.0,1.0,256.6474213,0.8186274509803924,0.7666666666666668,0.825,0.9629629629629632,,0.9629629629629632,0.7777777777777778,0.7564102564102565,0.0833333333333333,0.08,0.1500812371754071,0.142434164665781,0.010387083929714,0.0722364413167805,400.0,1.0,34.0,5.882352941176471,2.0,6.0,1.0109675023286746,3010.0,3009.9411764705883,60.0,0.0196078431372549,903.0,34.0,200.0,165.0,0.1133578431372549,1.0,1.0,1.0,0.0,0.1079449018832523,0.0448817249319656,0.0,1.0,20.0,7.0,300.0,300.0,30.0,3000.0,100.0,0.5,0.8,4.0,6.0,0.25,0.35,1.0,400.0,300.0,1.0,3.0
V3_INDICATOR_ONLY,DTLZ2,20,8,1.0879235704974686,0.8311377624143165,1.0,1.0,250.3001629,0.6764705882352942,0.5733333333333333,0.68,0.9629629629629632,,0.9629629629629632,0.638888888888889,0.5128205128205128,0.0196078431372549,0.0133333333333333,0.111513487734226,0.0948413317095493,0.0108476727166358,0.0795569228298596,400.0,1.0,34.0,5.882352941176471,2.0,6.0,0.9750397353764236,3010.0,3009.9411764705883,60.0,0.0196078431372549,903.0,34.0,200.0,136.0,0.1164215686274509,1.0,1.0,1.0,0.0,0.1053719558997976,0.0550764077873142,0.0,1.0,20.0,8.0,300.0,300.0,30.0,3000.0,100.0,0.5,0.8,4.0,6.0,0.25,0.35,1.0,400.0,300.0,1.0,3.0
V3_INDICATOR_ONLY,DTLZ2,20,9,1.1603835878446502,0.911115988205554,1.0,1.0,246.4435553,0.7254901960784313,0.6733333333333335,0.72,0.8703703703703705,,0.8703703703703705,0.75,0.6025641025641024,0.0245098039215686,0.0133333333333333,0.0810463125217802,0.0832576238163905,0.0074225605799482,0.088282331332417,400.0,1.0,34.0,5.882352941176471,2.0,6.0,0.86808547306102,3010.0,3009.970588235294,60.0,0.0049019607843137,903.0,34.0,200.0,144.0,0.1323529411764706,1.0,1.0,1.0,0.0,0.0992516572465285,0.0792547624031819,0.0,1.0,20.0,9.0,300.0,300.0,30.0,3000.0,100.0,0.5,0.8,4.0,6.0,0.25,0.35,1.0,400.0,300.0,1.0,3.0
V3_INDICATOR_ONLY,DTLZ2,20,10,1.0708835354041475,0.8070795134993209,1.0,1.0,248.64239,0.7794117647058826,0.7066666666666666,0.795,0.9814814814814814,,0.9814814814814814,0.8194444444444442,0.6025641025641025,0.0392156862745098,0.0399999999999999,0.1105660596168095,0.0946345842310714,0.0104157575623881,0.0830983504574026,400.0,1.0,34.0,5.882352941176471,2.0,6.0,0.8789548637008558,3010.0,3009.9117647058824,60.0,0.0196078431372549,903.0,34.0,200.0,159.0,0.133578431372549,1.0,1.0,1.0,0.0,0.1058635553074531,0.0556625497173958,0.0,1.0,20.0,10.0,300.0,300.0,30.0,3000.0,100.0,0.5,0.8,4.0,6.0,0.25,0.35,1.0,400.0,300.0,1.0,3.0
V3_INDICATOR_ONLY,DTLZ7,20,1,26.57959636751788,26.462259737768925,1.0,1.0,235.8188558,0.9558823529411764,0.94,0.965,1.0,,1.0,1.0,0.8846153846153846,0.0,0.0,0.0790531557045161,0.0911200333435054,0.7325933049939753,7.319161666797075,400.0,1.0,34.0,5.882352941176471,2.0,6.0,0.8140096141921123,3010.0,3009.970588235294,60.0,0.0392156862745098,903.0,34.0,200.0,193.0,0.0962009803921568,1.0,1.0,1.0,0.0,0.1094409748873847,0.0503244714255809,0.0,1.0,20.0,1.0,300.0,300.0,30.0,3000.0,100.0,0.5,0.8,4.0,6.0,0.25,0.35,1.0,400.0,300.0,1.0,3.0
V3_INDICATOR_ONLY,DTLZ7,20,2,34.61517038970417,34.53346825559929,1.0,1.0,250.21250730000003,0.9509803921568624,0.9333333333333336,0.95,1.0,,1.0,0.9583333333333336,0.9102564102564104,0.0,0.0,0.0613521295015607,0.0587240933859885,0.5453856934029453,8.775480391913677,400.0,1.0,34.0,5.882352941176471,2.0,6.0,0.6748675639621253,3010.0,3009.9411764705883,60.0,0.0147058823529411,903.0,34.0,200.0,190.0,0.125,1.0,1.0,1.0,0.0,0.1057712922258662,0.0707557044169981,0.0,1.0,20.0,2.0,300.0,300.0,30.0,3000.0,100.0,0.5,0.8,4.0,6.0,0.25,0.35,1.0,400.0,300.0,1.0,3.0
V3_INDICATOR_ONLY,DTLZ7,20,3,27.786488014702908,27.67609904893009,1.0,1.0,247.2184763,0.926470588235294,0.9,0.925,1.0,,1.0,0.8611111111111112,0.935897435897436,0.0,0.0,0.0622119286376818,0.0514137649570712,0.7554005294915557,8.458774171106727,400.0,1.0,34.0,5.882352941176471,2.0,6.0,0.8733092415600929,3010.0,3010.0,60.0,0.0294117647058823,903.0,34.0,200.0,185.0,0.1200980392156862,1.0,1.0,1.0,0.0,0.1102927259476349,0.0397320494033912,0.0,1.0,20.0,3.0,300.0,300.0,30.0,3000.0,100.0,0.5,0.8,4.0,6.0,0.25,0.35,1.0,400.0,300.0,1.0,3.0
V3_INDICATOR_ONLY,DTLZ7,20,4,36.15877703592388,36.08470460002171,1.0,1.0,238.6621302,0.9411764705882352,0.9199999999999998,0.94,1.0,,1.0,0.9583333333333334,0.8846153846153846,0.0,0.0,0.0666519947600518,0.0687173055161647,0.7792747567820646,8.546006651209737,400.0,1.0,34.0,5.882352941176471,2.0,6.0,0.731571172987372,3010.0,3009.970588235294,60.0,0.0147058823529411,903.0,34.0,200.0,188.0,0.1243872549019607,1.0,1.0,1.0,0.0,0.1071251715395529,0.0641197404228595,0.0,1.0,20.0,4.0,300.0,300.0,30.0,3000.0,100.0,0.5,0.8,4.0,6.0,0.25,0.35,1.0,400.0,300.0,1.0,3.0
V3_INDICATOR_ONLY,DTLZ7,20,5,25.30939679754093,25.195745610205925,1.0,1.0,241.62270010000003,0.946078431372549,0.9333333333333332,0.945,0.9814814814814814,,0.9814814814814814,0.9444444444444444,0.9230769230769232,0.0098039215686274,0.0066666666666666,0.1313182649433983,0.1169354070774641,0.7345641260936753,6.377091943108669,400.0,1.0,34.0,5.882352941176471,2.0,6.0,0.7553498465404203,3010.0,3009.970588235294,60.0,0.0196078431372549,903.0,34.0,200.0,189.0,0.1158088235294117,1.0,1.0,1.0,0.0,0.1088604772870002,0.0531923801549089,0.0,1.0,20.0,5.0,300.0,300.0,30.0,3000.0,100.0,0.5,0.8,4.0,6.0,0.25,0.35,1.0,400.0,300.0,1.0,3.0
V3_INDICATOR_ONLY,DTLZ7,20,6,40.63195209915931,40.55898775431864,1.0,1.0,303.3099460000001,0.9460784313725492,0.9266666666666667,0.945,1.0,,1.0,0.9583333333333334,0.8974358974358974,0.0,0.0,0.0506542040833656,0.034069489068166,0.587184808913198,9.579738764996655,400.0,1.0,34.0,5.882352941176471,2.0,6.0,0.5212308677428399,3010.0,3009.970588235294,60.0,0.034313725490196,903.0,34.0,200.0,189.0,0.1256127450980392,1.0,1.0,1.0,0.0,0.1050770396731251,0.0826250785011513,0.0,1.0,20.0,6.0,300.0,300.0,30.0,3000.0,100.0,0.5,0.8,4.0,6.0,0.25,0.35,1.0,400.0,300.0,1.0,3.0
V3_INDICATOR_ONLY,DTLZ7,20,7,27.366382079989076,27.259113854355487,1.0,1.0,303.0132148000001,0.9558823529411764,0.9399999999999998,0.955,1.0,,1.0,0.9861111111111112,0.8974358974358976,0.0,0.0,0.0960946025837766,0.089714880366094,0.7428818515028212,6.370049180111596,400.0,1.0,34.0,5.882352941176471,2.0,6.0,0.6491379106867886,3010.0,3009.970588235294,60.0,0.0392156862745098,903.0,34.0,200.0,191.0,0.1574754901960784,1.0,1.0,1.0,0.0,0.1051224114003054,0.0765752564370944,0.0,1.0,20.0,7.0,300.0,300.0,30.0,3000.0,100.0,0.5,0.8,4.0,6.0,0.25,0.35,1.0,400.0,300.0,1.0,3.0
V3_INDICATOR_ONLY,DTLZ7,20,8,34.168887172980575,34.09967781326142,1.0,1.0,276.7817125,0.980392156862745,0.9733333333333334,0.98,1.0,,1.0,1.0,0.9487179487179488,0.0,0.0,0.0592363054010054,0.0495570598330955,0.8232254432232696,9.470874245833436,400.0,1.0,34.0,5.882352941176471,2.0,6.0,0.6845015379876399,3010.0,3009.970588235294,60.0,0.0098039215686274,903.0,34.0,200.0,196.0,0.1127450980392156,1.0,1.0,1.0,0.0,0.1087777661479776,0.0663177726606656,0.0,1.0,20.0,8.0,300.0,300.0,30.0,3000.0,100.0,0.5,0.8,4.0,6.0,0.25,0.35,1.0,400.0,300.0,1.0,3.0
V3_INDICATOR_ONLY,DTLZ7,20,9,27.136970507796,27.0399708702633,1.0,1.0,281.4658910999999,0.9362745098039216,0.9133333333333332,0.935,1.0,,1.0,0.9722222222222222,0.8589743589743589,0.0049019607843137,0.0,0.093028116562873,0.0662597792161515,0.9919923263462724,5.260422016948489,400.0,1.0,34.0,5.882352941176471,2.0,6.0,0.6257274509088498,3010.0,3009.970588235294,60.0,0.0245098039215686,903.0,34.0,200.0,187.0,0.1084558823529411,1.0,1.0,1.0,0.0,0.107311108785151,0.076805526481055,0.0,1.0,20.0,9.0,300.0,300.0,30.0,3000.0,100.0,0.5,0.8,4.0,6.0,0.25,0.35,1.0,400.0,300.0,1.0,3.0
V3_INDICATOR_ONLY,DTLZ7,20,10,45.33505961343464,45.27388029086388,1.0,1.0,267.28558360000005,0.9950980392156862,0.9933333333333332,0.995,1.0,,1.0,1.0,0.9871794871794872,0.0,0.0,0.0305069110930754,0.0343623080068843,0.2288836518552607,6.4708452376129735,400.0,1.0,34.0,5.882352941176471,2.0,6.0,0.752097908110611,3010.0,3009.9411764705883,60.0,0.0098039215686274,903.0,34.0,200.0,199.0,0.133578431372549,1.0,1.0,1.0,0.0,0.1081871738810194,0.0701276952061963,0.0,1.0,20.0,10.0,300.0,300.0,30.0,3000.0,100.0,0.5,0.8,4.0,6.0,0.25,0.35,1.0,400.0,300.0,1.0,3.0
V3_INDICATOR_ONLY,WFG3,20,1,2.8076290903809893,2.515717823073065,1.0,1.0,221.409837,0.7303921568627452,0.6533333333333334,0.725,0.9444444444444444,,0.9444444444444444,0.8055555555555557,0.5128205128205128,0.0,0.0,0.004926324066405,0.0019106941107723,0.0020476540801086,0.3417176363827963,400.0,1.0,34.0,5.882352941176471,2.0,6.0,1.374124690279536,3010.0,3009.9117647058824,60.0,0.0245098039215686,903.0,34.0,200.0,145.0,0.0943627450980392,1.0,1.0,1.0,0.0,0.1107407988897417,0.0378480217709859,0.0,1.0,20.0,1.0,300.0,300.0,31.0,3000.0,100.0,0.5,0.8,4.0,6.0,0.25,0.35,1.0,400.0,300.0,1.0,3.0
V3_INDICATOR_ONLY,WFG3,20,2,2.595573252984896,2.304552659504402,1.0,1.0,211.33077890000004,0.7205882352941176,0.62,0.725,1.0,,1.0,0.7777777777777777,0.4743589743589744,0.0098039215686274,0.0133333333333333,0.0212219196401844,0.0241600718448009,0.0061582202053099,0.265100568733462,400.0,1.0,34.0,5.882352941176471,2.0,6.0,1.4864628933291066,3010.0,3009.9117647058824,60.0,0.0147058823529411,903.0,34.0,200.0,145.0,0.1292892156862745,1.0,1.0,1.0,0.0,0.108246982066848,0.0427674272555997,0.0,1.0,20.0,2.0,300.0,300.0,31.0,3000.0,100.0,0.5,0.8,4.0,6.0,0.25,0.35,1.0,400.0,300.0,1.0,3.0
V3_INDICATOR_ONLY,WFG3,20,3,2.929256511635132,2.6921726810780906,1.0,1.0,205.4260189,0.6666666666666669,0.5599999999999999,0.68,0.9629629629629628,,0.9629629629629628,0.75,0.3846153846153847,0.0,0.0,0.0075216851706597,0.0088407079828617,0.0030806298198517,0.3503986854096344,400.0,1.0,34.0,5.882352941176471,2.0,6.0,1.5115583249802196,3010.0,3009.8823529411766,60.0,0.0147058823529411,903.0,34.0,200.0,136.0,0.1029411764705882,1.0,1.0,1.0,0.0,0.1079946154025073,0.0390621729118693,0.0,1.0,20.0,3.0,300.0,300.0,31.0,3000.0,100.0,0.5,0.8,4.0,6.0,0.25,0.35,1.0,400.0,300.0,1.0,3.0
V3_INDICATOR_ONLY,WFG3,20,4,2.6583996763642914,2.367101558908452,1.0,1.0,213.2314339,0.7990196078431373,0.7333333333333334,0.815,0.9814814814814816,,0.9814814814814816,0.75,0.717948717948718,0.0,0.0,0.0173130805475755,0.0235457895447027,0.0066031943481786,0.3401372933379369,400.0,1.0,34.0,5.882352941176471,2.0,6.0,1.390466029577373,3010.0,3010.0,60.0,0.0147058823529411,903.0,34.0,200.0,163.0,0.0870098039215686,1.0,1.0,1.0,0.0,0.1122921211980244,0.0248482311073895,0.0,1.0,20.0,4.0,300.0,300.0,31.0,3000.0,100.0,0.5,0.8,4.0,6.0,0.25,0.35,1.0,400.0,300.0,1.0,3.0
V3_INDICATOR_ONLY,WFG3,20,5,2.702686379431668,2.482355593334512,1.0,1.0,216.66376809999997,0.7450980392156863,0.6666666666666665,0.76,0.9629629629629632,,0.9629629629629632,0.7638888888888888,0.576923076923077,0.0,0.0,0.0266837740243517,0.0070730705859266,0.0104293249545046,0.2898215583469684,400.0,1.0,34.0,5.882352941176471,2.0,6.0,1.4578150453575172,3010.0,3009.970588235294,60.0,0.0098039215686274,903.0,34.0,200.0,152.0,0.119485294117647,1.0,1.0,1.0,0.0,0.113123900014731,0.0189240108854929,0.0,1.0,20.0,5.0,300.0,300.0,31.0,3000.0,100.0,0.5,0.8,4.0,6.0,0.25,0.35,1.0,400.0,300.0,1.0,3.0
V3_INDICATOR_ONLY,WFG3,20,6,2.5422086570878664,2.350847112869796,1.0,1.0,216.78046289999995,0.7009803921568629,0.6133333333333333,0.705,0.9444444444444444,,0.9444444444444444,0.6944444444444445,0.5384615384615384,0.0147058823529411,0.0066666666666666,0.0260723730004749,0.0128344942847404,0.0097649587838836,0.303953480000344,400.0,1.0,34.0,5.882352941176471,2.0,6.0,1.4368583681134708,3010.0,3009.9411764705883,60.0,0.0147058823529411,903.0,34.0,200.0,141.0,0.0723039215686274,1.0,1.0,1.0,0.0,0.1145596221090255,0.0126439187774754,0.0,1.0,20.0,6.0,300.0,300.0,31.0,3000.0,100.0,0.5,0.8,4.0,6.0,0.25,0.35,1.0,400.0,300.0,1.0,3.0
V3_INDICATOR_ONLY,WFG3,20,7,2.956081210310304,2.5804072673700227,1.0,1.0,219.0731069,0.7843137254901961,0.7199999999999999,0.78,0.9629629629629628,,0.9629629629629628,0.7222222222222222,0.717948717948718,0.0,0.0,0.0223862184335794,0.0276977916847497,0.0045828566875054,0.3656573727331256,400.0,1.0,34.0,5.882352941176471,2.0,6.0,1.3580759731276948,3010.0,3009.970588235294,60.0,0.0,903.0,34.0,200.0,156.0,0.0765931372549019,1.0,1.0,1.0,0.0,0.1139983369385714,0.0160142348754448,0.0,1.0,20.0,7.0,300.0,300.0,31.0,3000.0,100.0,0.5,0.8,4.0,6.0,0.25,0.35,1.0,400.0,300.0,1.0,3.0
V3_INDICATOR_ONLY,WFG3,20,8,2.7174930576597767,2.518005435304448,1.0,1.0,212.7846778,0.6666666666666666,0.5466666666666667,0.68,1.0,,1.0,0.638888888888889,0.4615384615384614,0.0049019607843137,0.0066666666666666,0.0291954242649985,0.0179683716335849,0.0100545748763743,0.3173342826493928,400.0,1.0,34.0,5.882352941176471,2.0,6.0,1.3812882167904823,3010.0,3009.9411764705883,60.0,0.0098039215686274,903.0,34.0,200.0,136.0,0.1121323529411764,1.0,1.0,1.0,0.0,0.104912268663891,0.0529202428302281,0.0,1.0,20.0,8.0,300.0,300.0,31.0,3000.0,100.0,0.5,0.8,4.0,6.0,0.25,0.35,1.0,400.0,300.0,1.0,3.0
V3_INDICATOR_ONLY,WFG3,20,9,2.4706174540331687,2.153362066997147,1.0,1.0,218.2012301,0.7352941176470589,0.6466666666666666,0.74,0.9814814814814814,,0.9814814814814814,0.8055555555555557,0.5000000000000001,0.0098039215686274,0.0066666666666666,0.0313682911562723,0.0241345855900877,0.0106258165744625,0.3083519303638599,400.0,1.0,34.0,5.882352941176471,2.0,6.0,1.414395956782434,3010.0,3009.9411764705883,60.0,0.0049019607843137,903.0,34.0,200.0,148.0,0.0955882352941176,1.0,1.0,1.0,0.0,0.1110351723924049,0.0298095038727234,0.0,1.0,20.0,9.0,300.0,300.0,31.0,3000.0,100.0,0.5,0.8,4.0,6.0,0.25,0.35,1.0,400.0,300.0,1.0,3.0
V3_INDICATOR_ONLY,WFG3,20,10,2.566399450207723,2.2186124641735865,1.0,1.0,210.21361299999995,0.7892156862745099,0.7133333333333334,0.785,1.0,,1.0,0.9166666666666669,0.5256410256410257,0.0098039215686274,0.0066666666666666,0.0282656543221437,0.0192967311495754,0.0093004737270167,0.2737163078716977,400.0,1.0,34.0,5.882352941176471,2.0,6.0,1.3791455308906395,3010.0,3010.0,60.0,0.0196078431372549,903.0,34.0,200.0,157.0,0.09375,1.0,1.0,1.0,0.0,0.1089386295443444,0.0409462005442746,0.0,1.0,20.0,10.0,300.0,300.0,31.0,3000.0,100.0,0.5,0.8,4.0,6.0,0.25,0.35,1.0,400.0,300.0,1.0,3.0
V3_INDICATOR_ONLY,WFG7,20,1,21.1885478192182,17.818147288729026,1.0,1.0,230.12554,0.9019607843137254,0.8666666666666667,0.9,1.0,,1.0,0.9444444444444444,0.7948717948717948,0.034313725490196,0.0133333333333333,0.1262819152181229,0.1077795914607629,0.2632763195558772,1.774630304287425,400.0,1.0,34.0,5.882352941176471,2.0,6.0,1.066079035370577,3010.0,3010.0,60.0,0.0098039215686274,903.0,34.0,200.0,180.0,0.1243872549019607,1.0,1.0,1.0,0.0,0.1072921134448243,0.0528365082687879,0.0,1.0,20.0,1.0,300.0,300.0,30.0,3000.0,100.0,0.5,0.8,4.0,6.0,0.25,0.35,1.0,400.0,300.0,1.0,3.0
V3_INDICATOR_ONLY,WFG7,20,2,24.23674294687033,20.964522760328304,1.0,1.0,283.79211710000004,0.8970588235294117,0.86,0.895,1.0,,1.0,0.9444444444444444,0.782051282051282,0.0147058823529411,0.0,0.0549020722623772,0.0197004079941864,0.1158975139736698,1.638876062812226,400.0,1.0,34.0,5.882352941176471,2.0,6.0,1.11664242709732,3010.0,3010.0,60.0,0.0245098039215686,903.0,34.0,200.0,179.0,0.1256127450980392,1.0,1.0,1.0,0.0,0.1102316152241837,0.0487544483985765,0.0,1.0,20.0,2.0,300.0,300.0,30.0,3000.0,100.0,0.5,0.8,4.0,6.0,0.25,0.35,1.0,400.0,300.0,1.0,3.0
V3_INDICATOR_ONLY,WFG7,20,3,22.464357105546235,19.126029803118847,1.0,1.0,273.5184368,0.857843137254902,0.8066666666666668,0.855,1.0,,1.0,0.888888888888889,0.7307692307692307,0.0294117647058823,0.0333333333333333,0.1062457387665274,0.0879454619894802,0.1900330858293366,1.634338324659868,400.0,1.0,34.0,5.882352941176471,2.0,6.0,1.015640810717151,3010.0,3009.970588235294,60.0,0.0245098039215686,903.0,34.0,200.0,171.0,0.1182598039215686,1.0,1.0,1.0,0.0,0.107642387520449,0.0449445258530458,0.0,1.0,20.0,3.0,300.0,300.0,30.0,3000.0,100.0,0.5,0.8,4.0,6.0,0.25,0.35,1.0,400.0,300.0,1.0,3.0
V3_INDICATOR_ONLY,WFG7,20,4,21.52987470965597,18.402960338335948,1.0,1.0,291.7809298,0.8088235294117647,0.7400000000000001,0.815,1.0,,1.0,0.9027777777777778,0.5897435897435898,0.0049019607843137,0.0,0.0951375876735965,0.0547197964833699,0.1855785010801194,1.4128190392111322,400.0,1.0,34.0,5.882352941176471,2.0,6.0,1.0643900099943675,3010.0,3009.9117647058824,60.0,0.0294117647058823,903.0,34.0,200.0,163.0,0.1311274509803921,1.0,1.0,1.0,0.0,0.1118198427651012,0.025371572116391,0.0,1.0,20.0,4.0,300.0,300.0,30.0,3000.0,100.0,0.5,0.8,4.0,6.0,0.25,0.35,1.0,400.0,300.0,1.0,3.0
V3_INDICATOR_ONLY,WFG7,20,5,20.233942958820165,17.590716334573035,1.0,1.0,260.3628774,0.8578431372549019,0.8066666666666668,0.865,1.0,,1.0,0.861111111111111,0.7564102564102563,0.034313725490196,0.02,0.1354123055025626,0.0925372413960795,0.2246087565738187,1.290078417679867,400.0,1.0,34.0,5.882352941176471,2.0,6.0,1.007035804955674,3010.0,3009.9411764705883,60.0,0.0245098039215686,903.0,34.0,200.0,173.0,0.133578431372549,1.0,1.0,1.0,0.0,0.1112553012505911,0.0364036005861419,0.0,1.0,20.0,5.0,300.0,300.0,30.0,3000.0,100.0,0.5,0.8,4.0,6.0,0.25,0.35,1.0,400.0,300.0,1.0,3.0
V3_INDICATOR_ONLY,WFG7,20,6,22.73795983063969,19.823684747701016,1.0,1.0,244.0024867,0.8725490196078428,0.8266666666666665,0.88,1.0,,1.0,0.9166666666666666,0.7435897435897435,0.0196078431372549,0.0133333333333333,0.0774301730141835,0.070517718768177,0.1935521665765643,2.681352285984175,400.0,1.0,34.0,5.882352941176471,2.0,6.0,1.0207101398187184,3010.0,3009.970588235294,60.0,0.0245098039215686,903.0,34.0,200.0,176.0,0.1458333333333333,1.0,1.0,1.0,0.0,0.1075751982880934,0.0573372409462005,0.0,1.0,20.0,6.0,300.0,300.0,30.0,3000.0,100.0,0.5,0.8,4.0,6.0,0.25,0.35,1.0,400.0,300.0,1.0,3.0
V3_INDICATOR_ONLY,WFG7,20,7,21.149449428614684,18.244540875100625,1.0,1.0,241.6348538000001,0.8235294117647057,0.76,0.83,1.0,,1.0,0.8888888888888888,0.641025641025641,0.0098039215686274,0.0066666666666666,0.0848074211788908,0.0529706284386584,0.2070784617720916,1.9891251779566943,400.0,1.0,34.0,5.882352941176471,2.0,6.0,1.1438105054180794,3010.0,3009.970588235294,60.0,0.0098039215686274,903.0,34.0,200.0,166.0,0.1225490196078431,1.0,1.0,1.0,0.0,0.1090358856868172,0.0429767636592003,0.0,1.0,20.0,7.0,300.0,300.0,30.0,3000.0,100.0,0.5,0.8,4.0,6.0,0.25,0.35,1.0,400.0,300.0,1.0,3.0
V3_INDICATOR_ONLY,WFG7,20,8,21.616415301512948,18.835358217042007,1.0,1.0,242.2159097,0.8284313725490197,0.7666666666666666,0.835,1.0,,1.0,0.8055555555555554,0.7307692307692307,0.034313725490196,0.0266666666666666,0.1069943938675763,0.0799746469550512,0.1368117640775568,1.1118338422376666,400.0,1.0,34.0,5.882352941176471,2.0,6.0,1.0912250066220155,3010.0,3009.970588235294,60.0,0.0196078431372549,903.0,34.0,200.0,167.0,0.1299019607843137,1.0,1.0,1.0,0.0,0.1115822381938145,0.0274858697927569,0.0,1.0,20.0,8.0,300.0,300.0,30.0,3000.0,100.0,0.5,0.8,4.0,6.0,0.25,0.35,1.0,400.0,300.0,1.0,3.0
V3_INDICATOR_ONLY,WFG7,20,9,23.399478292919092,20.694972398753382,1.0,1.0,236.7406253,0.7696078431372548,0.6866666666666668,0.785,1.0,,1.0,0.888888888888889,0.4999999999999999,0.0098039215686274,0.0066666666666666,0.0473267368536831,0.0312010234128896,0.1144635639911798,2.3828548466909827,400.0,1.0,34.0,5.882352941176471,2.0,6.0,0.9404073300324444,3010.0,3010.0,60.0,0.0196078431372549,903.0,34.0,200.0,157.0,0.1102941176470588,1.0,1.0,1.0,0.0,0.1046057381434186,0.0594724722629265,0.0,1.0,20.0,9.0,300.0,300.0,30.0,3000.0,100.0,0.5,0.8,4.0,6.0,0.25,0.35,1.0,400.0,300.0,1.0,3.0
V3_INDICATOR_ONLY,WFG7,20,10,21.80558157408569,18.597580159865604,1.0,1.0,244.49168110000008,0.8676470588235297,0.8266666666666665,0.875,0.9814814814814816,,0.9814814814814816,0.9027777777777776,0.7564102564102565,0.034313725490196,0.0266666666666666,0.1195184637399027,0.1146035631899996,0.1998979546709509,1.7061111917545824,400.0,1.0,34.0,5.882352941176471,2.0,6.0,1.036399498851062,3010.0,3010.0,60.0,0.0245098039215686,903.0,34.0,200.0,175.0,0.1311274509803921,1.0,1.0,1.0,0.0,0.1107421014273641,0.0370944107180238,0.0,1.0,20.0,10.0,300.0,300.0,30.0,3000.0,100.0,0.5,0.8,4.0,6.0,0.25,0.35,1.0,400.0,300.0,1.0,3.0
V4_FULL,DTLZ2,20,1,1.132932077260693,0.7999178431274959,1.0,1.0,237.6826297,0.838235294117647,0.7999999999999998,0.845,0.9444444444444444,,0.9444444444444444,0.7916666666666666,0.8076923076923078,0.0294117647058823,0.0333333333333333,0.0977376920870093,0.0851393099582467,0.0099383775715374,0.0859121234372713,400.0,1.0,34.0,5.882352941176471,2.0,6.0,1.477075447345872,3010.0,3009.9117647058824,60.0,0.0147058823529411,734.7941176470588,34.0,200.0,169.0,0.1243872549019607,0.4411764705882353,1.0,0.4411764705882353,0.5588235294117647,0.1082035641461012,0.0448607912916056,0.0,1.0,20.0,1.0,300.0,300.0,30.0,3000.0,100.0,0.5,0.8,4.0,6.0,0.25,0.35,1.0,400.0,300.0,1.0,4.0
V4_FULL,DTLZ2,20,2,1.0841665946535937,0.7432305758468268,1.0,1.0,261.26204149999995,0.7745098039215688,0.7,0.79,0.9814814814814814,,0.9814814814814814,0.7916666666666665,0.6153846153846154,0.0196078431372549,0.02,0.115773706432576,0.1058806699154751,0.0109258831670146,0.0872514747522874,400.0,1.0,34.0,5.882352941176471,2.0,6.0,1.3188586173593957,3010.0,3009.9411764705883,60.0,0.0098039215686274,779.0588235294117,34.0,200.0,158.0,0.1262254901960784,0.5882352941176471,1.0,0.5882352941176471,0.4117647058823529,0.1056920545205033,0.058216453841323,0.0,1.0,20.0,2.0,300.0,300.0,30.0,3000.0,100.0,0.5,0.8,4.0,6.0,0.25,0.35,1.0,400.0,300.0,1.0,4.0
V4_FULL,DTLZ2,20,3,1.1315282029340636,0.824410669205359,1.0,1.0,262.58605609999995,0.681372549019608,0.5933333333333333,0.685,0.925925925925926,,0.925925925925926,0.6111111111111112,0.5769230769230769,0.0392156862745098,0.0466666666666666,0.0980266223427212,0.083566352987769,0.0064938923832617,0.058599214739504,400.0,1.0,34.0,5.882352941176471,2.0,6.0,1.571273806438724,3010.0,3010.0,60.0,0.0098039215686274,787.9117647058823,34.0,200.0,137.0,0.0986519607843137,0.6176470588235294,1.0,0.6176470588235294,0.3823529411764705,0.1127748199319269,0.0221896587816621,0.0,1.0,20.0,3.0,300.0,300.0,30.0,3000.0,100.0,0.5,0.8,4.0,6.0,0.25,0.35,1.0,400.0,300.0,1.0,4.0
V4_FULL,DTLZ2,20,4,1.1266056077030129,0.8239734611632807,1.0,1.0,265.2052073,0.8088235294117648,0.76,0.805,0.9444444444444444,,0.9444444444444444,0.75,0.7692307692307693,0.0294117647058823,0.02,0.1129300452145988,0.0947641652125728,0.0100700947586677,0.0793280058389194,400.0,1.0,34.0,5.882352941176471,2.0,6.0,1.411644060977875,3010.0,3009.823529411765,60.0,0.0294117647058823,752.4705882352941,34.0,200.0,161.0,0.1115196078431372,0.5,1.0,0.5,0.5,0.1068697656207599,0.0485032447142558,0.0,1.0,20.0,4.0,300.0,300.0,30.0,3000.0,100.0,0.5,0.8,4.0,6.0,0.25,0.35,1.0,400.0,300.0,1.0,4.0
V4_FULL,DTLZ2,20,5,1.201029629298554,0.8890290456651273,1.0,1.0,248.22256980000003,0.838235294117647,0.7933333333333333,0.845,0.9629629629629628,,0.9629629629629628,0.8888888888888888,0.7051282051282051,0.0049019607843137,0.0066666666666666,0.0577073836621725,0.0636904155602107,0.006429797428464,0.107564577680566,400.0,1.0,34.0,5.882352941176471,2.0,6.0,1.35267943094927,3010.0,3010.0,60.0,0.0245098039215686,761.3529411764706,34.0,200.0,169.0,0.1354166666666666,0.5294117647058824,1.0,0.5294117647058824,0.4705882352941176,0.1097789834003984,0.0485660456353359,0.0,1.0,20.0,5.0,300.0,300.0,30.0,3000.0,100.0,0.5,0.8,4.0,6.0,0.25,0.35,1.0,400.0,300.0,1.0,4.0
V4_FULL,DTLZ2,20,6,1.0467707358313545,0.7651648736340725,1.0,1.0,253.3316747,0.7794117647058825,0.7133333333333334,0.785,0.9629629629629628,,0.9629629629629628,0.8472222222222222,0.5897435897435898,0.0196078431372549,0.0133333333333333,0.1144505957450506,0.1061890374558135,0.0109986344395003,0.0840382588431024,400.0,1.0,34.0,5.882352941176471,2.0,6.0,1.3709283433079236,3010.0,3009.8823529411766,60.0,0.0147058823529411,752.5,34.0,200.0,157.0,0.119485294117647,0.5,1.0,0.5,0.5,0.1074441847122399,0.056102156164957,0.0,1.0,20.0,6.0,300.0,300.0,30.0,3000.0,100.0,0.5,0.8,4.0,6.0,0.25,0.35,1.0,400.0,300.0,1.0,4.0
V4_FULL,DTLZ2,20,7,1.0387289664547796,0.7349558010074732,1.0,1.0,249.53114879999995,0.7941176470588237,0.74,0.8,0.9444444444444444,,0.9444444444444444,0.8888888888888888,0.6025641025641026,0.0245098039215686,0.02,0.114793405943439,0.1252370424449989,0.0091463029376996,0.0775877107568707,400.0,1.0,34.0,5.882352941176471,2.0,6.0,1.4194385432133243,3010.0,3009.970588235294,60.0,0.0245098039215686,752.5,34.0,200.0,160.0,0.1188725490196078,0.5,1.0,0.5,0.5,0.1023905558269175,0.0592631358593259,0.0,1.0,20.0,7.0,300.0,300.0,30.0,3000.0,100.0,0.5,0.8,4.0,6.0,0.25,0.35,1.0,400.0,300.0,1.0,4.0
V4_FULL,DTLZ2,20,8,1.1209609610175926,0.7927625107924114,1.0,1.0,249.681648,0.7647058823529413,0.6999999999999998,0.77,0.9444444444444444,,0.9444444444444444,0.8333333333333331,0.5769230769230769,0.0196078431372549,0.0066666666666666,0.084509879768261,0.0615976097707993,0.0097511782872505,0.090093505207775,400.0,1.0,34.0,5.882352941176471,2.0,6.0,1.505684881458048,3010.0,3009.9411764705883,60.0,0.034313725490196,752.5,34.0,200.0,154.0,0.1115196078431372,0.5,1.0,0.5,0.5,0.1103045573310383,0.0366966715511827,0.0,1.0,20.0,8.0,300.0,300.0,30.0,3000.0,100.0,0.5,0.8,4.0,6.0,0.25,0.35,1.0,400.0,300.0,1.0,4.0
V4_FULL,DTLZ2,20,9,1.1235648512924263,0.8279244464286781,1.0,1.0,245.8989705,0.784313725490196,0.74,0.79,0.9074074074074072,,0.9074074074074072,0.8333333333333331,0.6538461538461539,0.034313725490196,0.04,0.1090926579786329,0.1322826218556185,0.0082987271509097,0.0812575035029161,400.0,1.0,34.0,5.882352941176471,2.0,6.0,1.3591490007381868,3010.0,3009.970588235294,60.0,0.0196078431372549,796.7647058823529,34.0,200.0,158.0,0.1274509803921568,0.6470588235294118,1.0,0.6470588235294118,0.3529411764705882,0.1060560052411633,0.0474356290558928,0.0,1.0,20.0,9.0,300.0,300.0,30.0,3000.0,100.0,0.5,0.8,4.0,6.0,0.25,0.35,1.0,400.0,300.0,1.0,4.0
V4_FULL,DTLZ2,20,10,1.1030967055970748,0.8123844938734943,1.0,1.0,244.51956970000003,0.8774509803921567,0.8466666666666669,0.885,0.9629629629629628,,0.9629629629629628,0.9305555555555556,0.769230769230769,0.0196078431372549,0.0133333333333333,0.0927842086097412,0.0833255409254958,0.0093931991723949,0.0905854909074603,400.0,1.0,34.0,5.882352941176471,2.0,6.0,1.457801020629116,3010.0,3009.970588235294,60.0,0.0147058823529411,743.6470588235294,34.0,200.0,177.0,0.1323529411764706,0.4705882352941176,1.0,0.4705882352941176,0.5294117647058824,0.1104352452724862,0.0354825204102993,0.0,1.0,20.0,10.0,300.0,300.0,30.0,3000.0,100.0,0.5,0.8,4.0,6.0,0.25,0.35,1.0,400.0,300.0,1.0,4.0
V4_FULL,DTLZ7,20,1,20.489736069083488,20.40662029061106,1.0,1.0,248.3820836,0.8872549019607843,0.8466666666666667,0.895,1.0,,1.0,0.9583333333333334,0.7435897435897437,0.0049019607843137,0.0066666666666666,0.157469754884577,0.1873194020096853,0.9116844704066692,5.432358646779851,400.0,1.0,34.0,5.882352941176471,2.0,6.0,1.2436698580925385,3010.0,3009.9117647058824,60.0,0.0147058823529411,734.7941176470588,34.0,200.0,179.0,0.1243872549019607,0.4411764705882353,1.0,0.4411764705882353,0.5588235294117647,0.1118285263492506,0.0292233619426418,0.0,1.0,20.0,1.0,300.0,300.0,30.0,3000.0,100.0,0.5,0.8,4.0,6.0,0.25,0.35,1.0,400.0,300.0,1.0,4.0
V4_FULL,DTLZ7,20,2,17.70993931832235,17.567858278657642,1.0,1.0,240.92688059999995,0.9411764705882352,0.92,0.94,1.0,,1.0,0.9861111111111112,0.8589743589743589,0.0245098039215686,0.0266666666666666,0.257813933686536,0.2636910112411468,1.0425814845638708,4.379496759768284,400.0,1.0,34.0,5.882352941176471,2.0,6.0,1.0971714556309136,3010.0,3009.9411764705883,60.0,0.0294117647058823,779.0588235294117,34.0,200.0,188.0,0.1121323529411764,0.5882352941176471,1.0,0.5882352941176471,0.4117647058823529,0.111791512571814,0.0408205987021142,0.0,1.0,20.0,2.0,300.0,300.0,30.0,3000.0,100.0,0.5,0.8,4.0,6.0,0.25,0.35,1.0,400.0,300.0,1.0,4.0
V4_FULL,DTLZ7,20,3,20.74803049715016,20.597137377469668,1.0,1.0,246.3595882,0.9852941176470588,0.98,0.995,1.0,,1.0,1.0,0.9615384615384616,0.0098039215686274,0.0066666666666666,0.1362405887707114,0.1255591767116279,0.9624129063066532,4.826053291173735,400.0,1.0,34.0,5.882352941176471,2.0,6.0,0.924094024794681,3010.0,3009.970588235294,60.0,0.0098039215686274,787.9117647058823,34.0,200.0,199.0,0.1207107843137254,0.6176470588235294,1.0,0.6176470588235294,0.3823529411764705,0.1108711611967839,0.0498848649780196,0.0,1.0,20.0,3.0,300.0,300.0,30.0,3000.0,100.0,0.5,0.8,4.0,6.0,0.25,0.35,1.0,400.0,300.0,1.0,4.0
V4_FULL,DTLZ7,20,4,20.845012279328092,20.730951601150814,1.0,1.0,239.4630496,0.9215686274509804,0.8933333333333334,0.92,1.0,,1.0,0.9166666666666666,0.8717948717948717,0.0147058823529411,0.02,0.2456976144499609,0.2081819423997234,1.229668445740494,3.747033032863847,400.0,1.0,34.0,5.882352941176471,2.0,6.0,1.0748006500666776,3010.0,3009.970588235294,60.0,0.0294117647058823,752.5,34.0,200.0,184.0,0.0980392156862745,0.5,1.0,0.5,0.5,0.1111989664984222,0.0466401507222105,0.0,1.0,20.0,4.0,300.0,300.0,30.0,3000.0,100.0,0.5,0.8,4.0,6.0,0.25,0.35,1.0,400.0,300.0,1.0,4.0
V4_FULL,DTLZ7,20,5,15.80268487238613,15.641230659732903,1.0,1.0,327.3420138000001,0.9509803921568626,0.9333333333333332,0.95,1.0,,1.0,0.9444444444444444,0.9230769230769232,0.0098039215686274,0.0133333333333333,0.161027831690437,0.1802311880120387,1.0140944780102856,5.987235955753709,400.0,1.0,34.0,5.882352941176471,2.0,6.0,1.160439259084529,3010.0,3009.9411764705883,60.0,0.034313725490196,761.3529411764706,34.0,200.0,190.0,0.1017156862745098,0.5294117647058824,1.0,0.5294117647058824,0.4705882352941176,0.1131363826669457,0.0373037471216244,0.0,1.0,20.0,5.0,300.0,300.0,30.0,3000.0,100.0,0.5,0.8,4.0,6.0,0.25,0.35,1.0,400.0,300.0,1.0,4.0
V4_FULL,DTLZ7,20,6,21.12455629697053,21.01314438514564,1.0,1.0,261.0499199,0.9362745098039216,0.9133333333333334,0.945,1.0,,1.0,0.9583333333333334,0.8717948717948718,0.0049019607843137,0.0,0.1480026823044823,0.1078757131069083,1.1609071534127169,6.2101813054686605,400.0,1.0,34.0,5.882352941176471,2.0,6.0,1.1830133141328445,3010.0,3009.970588235294,60.0,0.0294117647058823,752.5,34.0,200.0,189.0,0.1151960784313725,0.5,1.0,0.5,0.5,0.1137129726544631,0.0302909776010048,0.0,1.0,20.0,6.0,300.0,300.0,30.0,3000.0,100.0,0.5,0.8,4.0,6.0,0.25,0.35,1.0,400.0,300.0,1.0,4.0
V4_FULL,DTLZ7,20,7,23.458228586244918,23.358806169183783,1.0,1.0,294.1441385999999,0.9166666666666666,0.9000000000000001,0.925,0.9629629629629628,,0.9629629629629628,0.9305555555555556,0.8717948717948718,0.0,0.0,0.1278258286415436,0.1610613654713866,0.857816336173335,7.768370204344363,400.0,1.0,34.0,5.882352941176471,2.0,6.0,1.248989786208479,3010.0,3010.0,60.0,0.0049019607843137,752.5,34.0,200.0,185.0,0.0863970588235294,0.5,1.0,0.5,0.5,0.1140564084075702,0.0191961482101737,0.0,1.0,20.0,7.0,300.0,300.0,30.0,3000.0,100.0,0.5,0.8,4.0,6.0,0.25,0.35,1.0,400.0,300.0,1.0,4.0
V4_FULL,DTLZ7,20,8,19.723914101166397,19.64318235904536,1.0,1.0,261.1448894,0.9362745098039216,0.92,0.935,0.9814814814814816,,0.9814814814814816,0.9444444444444444,0.8974358974358974,0.0098039215686274,0.0133333333333333,0.1877343540949592,0.2303041222645671,1.2480512364204508,3.999692213262228,400.0,1.0,34.0,5.882352941176471,2.0,6.0,1.3269035745728948,3010.0,3009.9411764705883,60.0,0.0147058823529411,752.5,34.0,200.0,187.0,0.1176470588235294,0.5,1.0,0.5,0.5,0.1145886035711239,0.0250785011513502,0.0,1.0,20.0,8.0,300.0,300.0,30.0,3000.0,100.0,0.5,0.8,4.0,6.0,0.25,0.35,1.0,400.0,300.0,1.0,4.0
V4_FULL,DTLZ7,20,9,17.959652653454928,17.831596261619733,1.0,1.0,261.3964745,0.9705882352941176,0.96,0.97,1.0,,1.0,1.0,0.9230769230769232,0.0147058823529411,0.0066666666666666,0.2076049862675218,0.1616618346007612,1.261866699430842,3.451464937516219,400.0,1.0,34.0,5.882352941176471,2.0,6.0,1.0455372352196322,3010.0,3009.9411764705883,60.0,0.034313725490196,796.7647058823529,34.0,200.0,194.0,0.1415441176470588,0.6470588235294118,1.0,0.6470588235294118,0.3529411764705882,0.1089271237953465,0.0670923173539878,0.0,1.0,20.0,9.0,300.0,300.0,30.0,3000.0,100.0,0.5,0.8,4.0,6.0,0.25,0.35,1.0,400.0,300.0,1.0,4.0
V4_FULL,DTLZ7,20,10,18.89275176273415,18.75445309382685,1.0,1.0,265.3430326,0.9754901960784312,0.98,0.975,0.9629629629629628,,0.9629629629629628,1.0,0.9615384615384616,0.0147058823529411,0.02,0.2294401057451853,0.250389265127391,1.0065667235228275,3.975345407341666,400.0,1.0,34.0,5.882352941176471,2.0,6.0,1.4441992401790489,3010.0,3009.9411764705883,60.0,0.0147058823529411,743.6470588235294,34.0,200.0,195.0,0.1102941176470588,0.4705882352941176,1.0,0.4705882352941176,0.5294117647058824,0.1149496235821335,0.0226501988695834,0.0,1.0,20.0,10.0,300.0,300.0,30.0,3000.0,100.0,0.5,0.8,4.0,6.0,0.25,0.35,1.0,400.0,300.0,1.0,4.0
V4_FULL,WFG3,20,1,2.808978658846549,2.562708817205052,1.0,1.0,217.2551921,0.6470588235294118,0.54,0.64,0.9444444444444444,,0.9444444444444444,0.5277777777777778,0.5512820512820512,0.0,0.0,0.0054344975349174,0.0,0.0020102895041106,0.31712627091399,400.0,1.0,34.0,5.882352941176471,2.0,6.0,1.7450786613103615,3010.0,3009.970588235294,60.0,0.0098039215686274,734.7941176470588,34.0,200.0,128.0,0.0821078431372549,0.4411764705882353,1.0,0.4411764705882353,0.5588235294117647,0.1154018212267113,0.0108017584257902,0.0,1.0,20.0,1.0,300.0,300.0,31.0,3000.0,100.0,0.5,0.8,4.0,6.0,0.25,0.35,1.0,400.0,300.0,1.0,4.0
V4_FULL,WFG3,20,2,2.744840685348861,2.4522911035099964,1.0,1.0,217.5152358,0.696078431372549,0.5866666666666667,0.69,1.0,,1.0,0.6250000000000001,0.5512820512820513,0.0049019607843137,0.0,0.0057325171179758,0.0,0.0017683689246829,0.2862753965784739,400.0,1.0,34.0,5.882352941176471,2.0,6.0,1.6929798531172389,3010.0,3009.9117647058824,60.0,0.0049019607843137,779.0588235294117,34.0,200.0,138.0,0.1213235294117647,0.5882352941176471,1.0,0.5882352941176471,0.4117647058823529,0.1126187325068421,0.0245342265019887,0.0,1.0,20.0,2.0,300.0,300.0,31.0,3000.0,100.0,0.5,0.8,4.0,6.0,0.25,0.35,1.0,400.0,300.0,1.0,4.0
V4_FULL,WFG3,20,3,2.826790695636126,2.447361933343194,1.0,1.0,211.09728060000003,0.7598039215686275,0.6866666666666665,0.755,0.9629629629629628,,0.9629629629629628,0.8472222222222223,0.5384615384615384,0.0049019607843137,0.0066666666666666,0.0193661280939669,0.0250682475120424,0.0060938982935956,0.3441180763621171,400.0,1.0,34.0,5.882352941176471,2.0,6.0,1.6776941092551831,3010.0,3009.9117647058824,60.0,0.0245098039215686,787.9117647058823,34.0,200.0,151.0,0.1096813725490196,0.6176470588235294,1.0,0.6176470588235294,0.3823529411764705,0.1133528210018685,0.0189868118065731,0.0,1.0,20.0,3.0,300.0,300.0,31.0,3000.0,100.0,0.5,0.8,4.0,6.0,0.25,0.35,1.0,400.0,300.0,1.0,4.0
V4_FULL,WFG3,20,4,2.686976556907911,2.393202406938693,1.0,1.0,213.5794131,0.7794117647058824,0.7,0.785,1.0,,1.0,0.7638888888888888,0.6410256410256411,0.0098039215686274,0.0,0.0166420715387951,0.0023424644702059,0.0057654400129972,0.2749005673366608,400.0,1.0,34.0,5.882352941176471,2.0,6.0,1.636178076261522,3010.0,3009.9411764705883,60.0,0.034313725490196,752.5,34.0,200.0,157.0,0.0772058823529411,0.5,1.0,0.5,0.5,0.1116711363865435,0.0256018421603516,0.0,1.0,20.0,4.0,300.0,300.0,31.0,3000.0,100.0,0.5,0.8,4.0,6.0,0.25,0.35,1.0,400.0,300.0,1.0,4.0
V4_FULL,WFG3,20,5,2.750865617114734,2.4093204183245054,1.0,1.0,215.3394857,0.715686274509804,0.6333333333333333,0.73,0.9444444444444444,,0.9444444444444444,0.6250000000000001,0.6410256410256411,0.0049019607843137,0.0,0.0166218242502467,0.0074716507037595,0.0090161217160531,0.3282105435975737,400.0,1.0,34.0,5.882352941176471,2.0,6.0,1.783346034523939,3010.0,3009.8823529411766,60.0,0.0147058823529411,761.3529411764706,34.0,200.0,146.0,0.1286764705882352,0.5294117647058824,1.0,0.5294117647058824,0.4705882352941176,0.1133312205862969,0.0218965878166213,0.0,1.0,20.0,5.0,300.0,300.0,31.0,3000.0,100.0,0.5,0.8,4.0,6.0,0.25,0.35,1.0,400.0,300.0,1.0,4.0
V4_FULL,WFG3,20,6,2.8009271985798208,2.5444328181490627,1.0,1.0,212.55269260000003,0.6862745098039215,0.6200000000000001,0.69,0.8703703703703703,,0.8703703703703703,0.6944444444444445,0.5512820512820512,0.0049019607843137,0.0066666666666666,0.0073282438189108,0.00489700084764,0.0021535371830354,0.283651230423587,400.0,1.0,34.0,5.882352941176471,2.0,6.0,1.7849722724233523,3010.0,3009.970588235294,60.0,0.0049019607843137,752.5,34.0,200.0,138.0,0.125,0.5,1.0,0.5,0.5,0.1087267500911001,0.0306887167678459,0.0,1.0,20.0,6.0,300.0,300.0,31.0,3000.0,100.0,0.5,0.8,4.0,6.0,0.25,0.35,1.0,400.0,300.0,1.0,4.0
V4_FULL,WFG3,20,7,3.0946827115606115,2.7559906441601734,1.0,1.0,219.7499404,0.676470588235294,0.56,0.69,1.0,,1.0,0.6666666666666666,0.4615384615384616,0.0,0.0,0.0013864752995703,0.001498157801111,0.0005041349866015,0.383465050369182,400.0,1.0,34.0,5.882352941176471,2.0,6.0,1.6845598799978936,3010.0,3009.8823529411766,60.0,0.0147058823529411,752.5,34.0,200.0,138.0,0.0919117647058823,0.5,1.0,0.5,0.5,0.1139694640212747,0.0169353150512874,0.0,1.0,20.0,7.0,300.0,300.0,31.0,3000.0,100.0,0.5,0.8,4.0,6.0,0.25,0.35,1.0,400.0,300.0,1.0,4.0
V4_FULL,WFG3,20,8,2.8282693458596606,2.645508514200676,1.0,1.0,214.9034561,0.7401960784313725,0.6933333333333332,0.735,0.8703703703703705,,0.8703703703703705,0.7500000000000001,0.641025641025641,0.0,0.0,0.0240627729507529,0.0228863222848841,0.0067938098939818,0.3229124616451337,400.0,1.0,34.0,5.882352941176471,2.0,6.0,1.854479108465904,3010.0,3009.970588235294,60.0,0.034313725490196,752.5,34.0,200.0,147.0,0.1207107843137254,0.5,1.0,0.5,0.5,0.1125615293962582,0.0243248900983881,0.0,1.0,20.0,8.0,300.0,300.0,31.0,3000.0,100.0,0.5,0.8,4.0,6.0,0.25,0.35,1.0,400.0,300.0,1.0,4.0
V4_FULL,WFG3,20,9,2.5340073952371456,2.348608706242997,1.0,1.0,220.3477144999999,0.7254901960784315,0.6333333333333333,0.73,0.9814814814814814,,0.9814814814814814,0.7222222222222223,0.5512820512820512,0.0049019607843137,0.0,0.0272094194977079,0.0159190694874529,0.0087648553031799,0.2475698325013812,400.0,1.0,34.0,5.882352941176471,2.0,6.0,1.626200486176418,3010.0,3009.9411764705883,60.0,0.0098039215686274,796.7647058823529,34.0,200.0,146.0,0.0998774509803921,0.6470588235294118,1.0,0.6470588235294118,0.3529411764705882,0.1082302661673606,0.0366338706301025,0.0,1.0,20.0,9.0,300.0,300.0,31.0,3000.0,100.0,0.5,0.8,4.0,6.0,0.25,0.35,1.0,400.0,300.0,1.0,4.0
V4_FULL,WFG3,20,10,2.8003499695110348,2.626573236827935,1.0,1.0,204.7862142,0.7303921568627451,0.64,0.735,0.9814814814814816,,0.9814814814814816,0.8055555555555555,0.4871794871794871,0.0,0.0,0.0106198668386305,0.0045026602916427,0.0024208947501247,0.2063525059038429,400.0,1.0,34.0,5.882352941176471,2.0,6.0,1.7553318159630378,3010.0,3009.9411764705883,60.0,0.0294117647058823,743.6470588235294,34.0,200.0,147.0,0.1041666666666666,0.4705882352941176,1.0,0.4705882352941176,0.5294117647058824,0.1073901294009102,0.0452375968180866,0.0,1.0,20.0,10.0,300.0,300.0,31.0,3000.0,100.0,0.5,0.8,4.0,6.0,0.25,0.35,1.0,400.0,300.0,1.0,4.0
V4_FULL,WFG7,20,1,21.75945471403561,18.501016390950504,1.0,1.0,245.6577794,0.8088235294117647,0.7533333333333332,0.825,0.9629629629629628,,0.9629629629629628,0.8749999999999999,0.641025641025641,0.034313725490196,0.0333333333333333,0.115817989783309,0.1053357633846359,0.2497101007475699,1.8447433146471768,400.0,1.0,34.0,5.882352941176471,2.0,6.0,1.690686713727138,3010.0,3009.9411764705883,60.0,0.0294117647058823,734.7941176470588,34.0,200.0,165.0,0.1311274509803921,0.4411764705882353,1.0,0.4411764705882353,0.5588235294117647,0.1117897758549841,0.0384550973414276,0.0,1.0,20.0,1.0,300.0,300.0,30.0,3000.0,100.0,0.5,0.8,4.0,6.0,0.25,0.35,1.0,400.0,300.0,1.0,4.0
V4_FULL,WFG7,20,2,21.6047273668892,18.43943697563114,1.0,1.0,252.2534416,0.8088235294117648,0.7533333333333333,0.805,0.9629629629629632,,0.9629629629629632,0.8472222222222222,0.6666666666666667,0.034313725490196,0.0333333333333333,0.0909710450106135,0.059016716489302,0.1937374162322447,1.6927463191716463,400.0,1.0,34.0,5.882352941176471,2.0,6.0,1.6093297531666884,3010.0,3009.8823529411766,60.0,0.0049019607843137,779.0588235294117,34.0,200.0,161.0,0.1740196078431372,0.5882352941176471,1.0,0.5882352941176471,0.4117647058823529,0.1096275634017941,0.0395227129997906,0.0,1.0,20.0,2.0,300.0,300.0,30.0,3000.0,100.0,0.5,0.8,4.0,6.0,0.25,0.35,1.0,400.0,300.0,1.0,4.0
V4_FULL,WFG7,20,3,21.270541010381773,18.29125886796454,1.0,1.0,256.3390461,0.8088235294117647,0.7400000000000001,0.815,1.0,,1.0,0.8472222222222222,0.641025641025641,0.0392156862745098,0.0399999999999999,0.1281692494166913,0.1194205159004112,0.2284464765781919,1.7747314474634464,400.0,1.0,34.0,5.882352941176471,2.0,6.0,1.4718933470213462,3010.0,3009.9411764705883,60.0,0.0392156862745098,787.9117647058823,34.0,200.0,163.0,0.1262254901960784,0.6176470588235294,1.0,0.6176470588235294,0.3823529411764705,0.112249246001287,0.0243248900983881,0.0,1.0,20.0,3.0,300.0,300.0,30.0,3000.0,100.0,0.5,0.8,4.0,6.0,0.25,0.35,1.0,400.0,300.0,1.0,4.0
V4_FULL,WFG7,20,4,17.968868879404724,15.451160055178018,1.0,1.0,248.6406372,0.8529411764705883,0.8000000000000002,0.85,1.0,,1.0,0.9027777777777776,0.7051282051282052,0.0637254901960784,0.06,0.1870284151512857,0.191672987078828,0.2870402957498348,1.5300837702491834,400.0,1.0,34.0,5.882352941176471,2.0,6.0,1.4975709571164868,3010.0,3009.970588235294,60.0,0.0098039215686274,752.5,34.0,200.0,170.0,0.1378676470588235,0.5,1.0,0.5,0.5,0.1120964149202583,0.0336403600586142,0.0,1.0,20.0,4.0,300.0,300.0,30.0,3000.0,100.0,0.5,0.8,4.0,6.0,0.25,0.35,1.0,400.0,300.0,1.0,4.0
V4_FULL,WFG7,20,5,20.672981216582183,17.92389223053935,1.0,1.0,240.5285947,0.926470588235294,0.9066666666666668,0.925,0.9814814814814816,,0.9814814814814816,0.9027777777777778,0.9102564102564104,0.0245098039215686,0.02,0.1076095019219304,0.1051781786016972,0.2091078772513164,1.891419371409809,400.0,1.0,34.0,5.882352941176471,2.0,6.0,1.6357482326608177,3010.0,3009.970588235294,60.0,0.0245098039215686,761.3529411764706,34.0,200.0,185.0,0.1378676470588235,0.5294117647058824,1.0,0.5294117647058824,0.4705882352941176,0.1135546057885392,0.0274230688716767,0.0,1.0,20.0,5.0,300.0,300.0,30.0,3000.0,100.0,0.5,0.8,4.0,6.0,0.25,0.35,1.0,400.0,300.0,1.0,4.0
V4_FULL,WFG7,20,6,20.594687920654646,17.887982644598143,1.0,1.0,234.02089780000003,0.8137254901960784,0.7533333333333334,0.83,0.9814814814814814,,0.9814814814814814,0.8472222222222223,0.6666666666666666,0.034313725490196,0.0266666666666666,0.1474838378070222,0.1086065351353251,0.264331845742248,1.270708221658701,400.0,1.0,34.0,5.882352941176471,2.0,6.0,1.599885932726498,3010.0,3009.9411764705883,60.0,0.0,752.5,34.0,200.0,166.0,0.150735294117647,0.5,1.0,0.5,0.5,0.1126991642050256,0.0235294117647058,0.0,1.0,20.0,6.0,300.0,300.0,30.0,3000.0,100.0,0.5,0.8,4.0,6.0,0.25,0.35,1.0,400.0,300.0,1.0,4.0
V4_FULL,WFG7,20,7,20.01727336122744,16.905941264981266,1.0,1.0,228.974528,0.8333333333333334,0.7733333333333334,0.83,1.0,,1.0,0.75,0.7948717948717949,0.034313725490196,0.0333333333333333,0.1125075141648752,0.1158865304953474,0.2388351738406539,1.9257535447563765,400.0,1.0,34.0,5.882352941176471,2.0,6.0,1.669941599055076,3010.0,3010.0,60.0,0.0147058823529411,752.5,34.0,200.0,166.0,0.1151960784313725,0.5,1.0,0.5,0.5,0.1126046216825994,0.0192798827716139,0.0,1.0,20.0,7.0,300.0,300.0,30.0,3000.0,100.0,0.5,0.8,4.0,6.0,0.25,0.35,1.0,400.0,300.0,1.0,4.0
V4_FULL,WFG7,20,8,19.35604734198536,16.55731810441404,1.0,1.0,230.5459122000001,0.8578431372549019,0.84,0.865,0.9074074074074076,,0.9074074074074076,0.9444444444444444,0.7435897435897435,0.034313725490196,0.0333333333333333,0.1259971075955881,0.1255033511625856,0.204623500221438,1.4539463763569465,400.0,1.0,34.0,5.882352941176471,2.0,6.0,1.651226673988834,3010.0,3009.9117647058824,60.0,0.0,752.5,34.0,200.0,173.0,0.1158088235294117,0.5,1.0,0.5,0.5,0.111792272385427,0.0370316097969436,0.0,1.0,20.0,8.0,300.0,300.0,30.0,3000.0,100.0,0.5,0.8,4.0,6.0,0.25,0.35,1.0,400.0,300.0,1.0,4.0
V4_FULL,WFG7,20,9,21.78023451104598,18.79670664531266,1.0,1.0,238.52773129999997,0.8235294117647057,0.7600000000000001,0.83,1.0,,1.0,0.8472222222222223,0.6794871794871795,0.0245098039215686,0.0266666666666666,0.1230856178868755,0.1478442196167367,0.1681397077015445,1.5378434502242573,400.0,1.0,34.0,5.882352941176471,2.0,6.0,1.443554564185994,3010.0,3010.0,60.0,0.0245098039215686,796.7647058823529,34.0,200.0,166.0,0.1158088235294117,0.6470588235294118,1.0,0.6470588235294118,0.3529411764705882,0.1137327278084028,0.0180029307096504,0.0,1.0,20.0,9.0,300.0,300.0,30.0,3000.0,100.0,0.5,0.8,4.0,6.0,0.25,0.35,1.0,400.0,300.0,1.0,4.0
V4_FULL,WFG7,20,10,18.158614131414076,15.251610562134088,1.0,1.0,225.288217,0.8235294117647058,0.7999999999999998,0.82,0.8888888888888888,,0.8888888888888888,0.8194444444444445,0.7820512820512822,0.0539215686274509,0.06,0.1789595138488613,0.2102322883104226,0.3152956769779174,1.5839806359508042,400.0,1.0,34.0,5.882352941176471,2.0,6.0,1.6709916624513692,3010.0,3009.9117647058824,60.0,0.0196078431372549,743.6470588235294,34.0,200.0,164.0,0.1188725490196078,0.4705882352941176,1.0,0.4705882352941176,0.5294117647058824,0.1138384504454213,0.0215407159305003,0.0,1.0,20.0,10.0,300.0,300.0,30.0,3000.0,100.0,0.5,0.8,4.0,6.0,0.25,0.35,1.0,400.0,300.0,1.0,4.0
