M,Problem,Algorithm,Run,Snapshots,FirstFE,LastFE,FinalIGD
10,WFG1,REMO,1,30,100,304,3.195338074
10,WFG1,REMO,10,30,100,300,3.27772066
10,WFG1,REMO,11,30,100,300,3.23384123
10,WFG1,REMO,12,30,100,302,3.153885246
10,WFG1,REMO,13,23,100,308,3.069676022
10,WFG1,REMO,14,27,100,303,3.172347145
10,WFG1,REMO,15,24,100,303,3.218016861
10,WFG1,REMO,16,30,100,300,3.293429419
10,WFG1,REMO,17,30,100,301,3.346995559
10,WFG1,REMO,18,28,100,301,3.310889482
10,WFG1,REMO,19,30,100,302,3.285632052
10,WFG1,REMO,2,30,100,301,3.069559524
10,WFG1,REMO,20,30,100,308,3.22659011
10,WFG1,REMO,21,30,100,301,3.170416582
10,WFG1,REMO,22,30,100,300,3.245527551
10,WFG1,REMO,23,29,100,304,3.305217767
10,WFG1,REMO,24,30,100,302,3.060536471
10,WFG1,REMO,25,30,100,302,3.220160106
10,WFG1,REMO,26,30,100,300,3.128161089
10,WFG1,REMO,27,30,100,303,3.23407025
10,WFG1,REMO,28,30,100,303,3.243534719
10,WFG1,REMO,29,28,100,302,3.289626258
10,WFG1,REMO,3,30,100,300,3.284058814
10,WFG1,REMO,30,30,100,304,3.261427112
10,WFG1,REMO,4,30,100,302,3.225169836
10,WFG1,REMO,5,30,100,304,3.346623002
10,WFG1,REMO,6,28,100,302,3.232737349
10,WFG1,REMO,7,30,100,302,3.154209801
10,WFG1,REMO,8,30,100,303,3.301679624
10,WFG1,REMO,9,30,100,304,3.350638812
10,WFG6,REMO,1,30,100,301,5.815235207
10,WFG6,REMO,10,30,100,301,6.685983499
10,WFG6,REMO,11,30,100,300,5.925970876
10,WFG6,REMO,12,30,100,300,7.148406371
10,WFG6,REMO,13,30,100,300,6.455125844
10,WFG6,REMO,14,30,100,301,6.645068537
10,WFG6,REMO,15,30,100,301,5.966173889
10,WFG6,REMO,16,30,100,300,6.57129359
10,WFG6,REMO,17,30,100,302,6.853984039
10,WFG6,REMO,18,30,100,302,6.046310017
10,WFG6,REMO,19,30,100,301,5.963118513
10,WFG6,REMO,2,30,100,301,7.069193299
10,WFG6,REMO,20,30,100,300,5.671469785
10,WFG6,REMO,21,30,100,300,5.847110859
10,WFG6,REMO,22,30,100,300,5.883925424
10,WFG6,REMO,23,30,100,301,6.736857681
10,WFG6,REMO,24,30,100,300,7.522177346
10,WFG6,REMO,25,30,100,300,7.187920568
10,WFG6,REMO,26,30,100,300,6.165573526
10,WFG6,REMO,27,30,100,300,6.607261237
10,WFG6,REMO,28,30,100,301,7.03542606
10,WFG6,REMO,29,30,100,300,7.18883885
10,WFG6,REMO,3,30,100,303,6.595265053
10,WFG6,REMO,30,30,100,300,6.014895189
10,WFG6,REMO,4,30,100,300,7.095160929
10,WFG6,REMO,5,30,100,301,6.132390468
10,WFG6,REMO,6,30,100,300,6.412905001
10,WFG6,REMO,7,30,100,300,5.383741439
10,WFG6,REMO,8,30,100,301,6.330441038
10,WFG6,REMO,9,30,100,300,6.526661985
10,WFG7,REMO,1,30,100,302,6.527336383
10,WFG7,REMO,10,30,100,300,5.235780647
10,WFG7,REMO,11,30,100,301,7.485124973
10,WFG7,REMO,12,30,100,300,6.102829291
10,WFG7,REMO,13,30,100,301,6.720099171
10,WFG7,REMO,14,30,100,302,7.263817996
10,WFG7,REMO,15,30,100,301,5.292858948
10,WFG7,REMO,16,30,100,303,5.449605049
10,WFG7,REMO,17,30,100,302,6.345561853
10,WFG7,REMO,18,30,100,300,5.246924743
10,WFG7,REMO,19,30,100,303,7.116006989
10,WFG7,REMO,2,30,100,301,6.022027066
10,WFG7,REMO,20,30,100,303,5.584337566
10,WFG7,REMO,21,30,100,300,7.054425401
10,WFG7,REMO,22,30,100,301,5.983903924
10,WFG7,REMO,23,30,100,303,5.792096895
10,WFG7,REMO,24,30,100,300,6.360046449
10,WFG7,REMO,25,30,100,302,6.130563344
10,WFG7,REMO,26,30,100,301,7.486761852
10,WFG7,REMO,27,30,100,302,7.860375891
10,WFG7,REMO,28,30,100,301,7.699753592
10,WFG7,REMO,29,30,100,300,6.569783882
10,WFG7,REMO,3,30,100,301,6.279957895
10,WFG7,REMO,30,30,100,303,6.558402403
10,WFG7,REMO,4,30,100,302,7.408176059
10,WFG7,REMO,5,30,100,303,5.488474031
10,WFG7,REMO,6,30,100,301,7.138126384
10,WFG7,REMO,7,30,100,300,6.406415362
10,WFG7,REMO,8,30,100,301,6.102777213
10,WFG7,REMO,9,30,100,303,6.545419047
10,WFG8,REMO,1,30,100,301,6.431983593
10,WFG8,REMO,10,30,100,300,6.495105491
10,WFG8,REMO,11,30,100,303,6.832686628
10,WFG8,REMO,12,30,100,300,6.333077181
10,WFG8,REMO,13,30,100,301,7.284574675
10,WFG8,REMO,14,30,100,301,6.66351671
10,WFG8,REMO,15,30,100,300,7.718281821
10,WFG8,REMO,16,30,100,300,7.371488085
10,WFG8,REMO,17,30,100,300,7.84129342
10,WFG8,REMO,18,30,100,300,7.589842581
10,WFG8,REMO,19,30,100,302,7.047969267
10,WFG8,REMO,2,30,100,302,6.893424691
10,WFG8,REMO,20,30,100,300,7.484820391
10,WFG8,REMO,21,30,100,300,6.647589849
10,WFG8,REMO,22,30,100,300,7.61127716
10,WFG8,REMO,23,30,100,302,6.468069654
10,WFG8,REMO,24,30,100,300,6.927462083
10,WFG8,REMO,25,30,100,300,7.124044342
10,WFG8,REMO,26,30,100,300,6.68037524
10,WFG8,REMO,27,30,100,300,7.04536605
10,WFG8,REMO,28,30,100,303,6.60449147
10,WFG8,REMO,29,30,100,300,7.776404601
10,WFG8,REMO,3,30,100,300,6.604339461
10,WFG8,REMO,30,30,100,302,6.361511389
10,WFG8,REMO,4,30,100,300,7.227263629
10,WFG8,REMO,5,30,100,302,6.74370179
10,WFG8,REMO,6,30,100,300,7.796471622
10,WFG8,REMO,7,30,100,301,6.545600642
10,WFG8,REMO,8,30,100,300,7.057706308
10,WFG8,REMO,9,30,100,300,7.576723032
10,WFG1,PIEA,1,30,100,300,3.34914473
10,WFG1,PIEA,10,30,100,300,3.327867076
10,WFG1,PIEA,11,30,100,300,3.344252901
10,WFG1,PIEA,12,30,100,300,3.361749694
10,WFG1,PIEA,13,30,100,300,3.28443894
10,WFG1,PIEA,14,30,100,300,3.357625343
10,WFG1,PIEA,15,30,100,300,3.331674344
10,WFG1,PIEA,16,30,100,300,3.413489661
10,WFG1,PIEA,17,30,100,300,3.413314298
10,WFG1,PIEA,18,30,100,300,3.377220091
10,WFG1,PIEA,19,30,100,300,3.350215606
10,WFG1,PIEA,2,30,100,300,3.286538892
10,WFG1,PIEA,20,30,100,300,3.33558592
10,WFG1,PIEA,21,30,100,300,3.398358094
10,WFG1,PIEA,22,30,100,300,3.363541003
10,WFG1,PIEA,23,30,100,300,3.42628907
10,WFG1,PIEA,24,30,100,300,3.320233262
10,WFG1,PIEA,25,30,100,300,3.280641891
10,WFG1,PIEA,26,30,100,300,3.427743939
10,WFG1,PIEA,27,30,100,300,3.298867376
10,WFG1,PIEA,28,30,100,300,3.347959455
10,WFG1,PIEA,29,30,100,300,3.387115555
10,WFG1,PIEA,3,30,100,300,3.401904531
10,WFG1,PIEA,30,30,100,300,3.330204617
10,WFG1,PIEA,4,30,100,300,3.308632556
10,WFG1,PIEA,5,30,100,300,3.40324128
10,WFG1,PIEA,6,30,100,300,3.271336242
10,WFG1,PIEA,7,30,100,300,3.246772079
10,WFG1,PIEA,8,30,100,300,3.336462796
10,WFG1,PIEA,9,30,100,300,3.362881641
10,WFG6,PIEA,1,30,100,300,5.466122885
10,WFG6,PIEA,10,30,100,300,5.416381761
10,WFG6,PIEA,11,30,100,300,5.747444697
10,WFG6,PIEA,12,30,100,300,5.439244613
10,WFG6,PIEA,13,30,100,300,6.525701236
10,WFG6,PIEA,14,30,100,300,6.002110379
10,WFG6,PIEA,15,30,100,300,5.753492748
10,WFG6,PIEA,16,30,100,300,5.726262307
10,WFG6,PIEA,17,30,100,300,5.874302835
10,WFG6,PIEA,18,30,100,300,6.666943309
10,WFG6,PIEA,19,30,100,300,6.476882131
10,WFG6,PIEA,2,30,100,300,5.638042697
10,WFG6,PIEA,20,30,100,300,5.475175557
10,WFG6,PIEA,21,30,100,300,5.668253283
10,WFG6,PIEA,22,30,100,300,5.556124947
10,WFG6,PIEA,23,30,100,300,5.956229318
10,WFG6,PIEA,24,30,100,300,6.07402826
10,WFG6,PIEA,25,30,100,300,6.342541051
10,WFG6,PIEA,26,30,100,300,6.280042691
10,WFG6,PIEA,27,30,100,300,6.227005799
10,WFG6,PIEA,28,30,100,300,5.931816453
10,WFG6,PIEA,29,30,100,300,5.895783893
10,WFG6,PIEA,3,30,100,300,5.747813796
10,WFG6,PIEA,30,30,100,300,6.213994084
10,WFG6,PIEA,4,30,100,300,5.88881301
10,WFG6,PIEA,5,30,100,300,6.272664081
10,WFG6,PIEA,6,30,100,300,6.155008031
10,WFG6,PIEA,7,30,100,300,6.762750284
10,WFG6,PIEA,8,30,100,300,6.037548834
10,WFG6,PIEA,9,30,100,300,5.727973744
10,WFG7,PIEA,1,30,100,300,7.478272879
10,WFG7,PIEA,10,30,100,300,7.636621711
10,WFG7,PIEA,11,30,100,300,6.912635716
10,WFG7,PIEA,12,30,100,300,6.612944802
10,WFG7,PIEA,13,30,100,300,6.973658274
10,WFG7,PIEA,14,30,100,300,6.722535701
10,WFG7,PIEA,15,30,100,300,7.253865877
10,WFG7,PIEA,16,30,100,300,7.270143572
10,WFG7,PIEA,17,30,100,300,7.18375812
10,WFG7,PIEA,18,30,100,300,6.690093015
10,WFG7,PIEA,19,30,100,300,7.078372177
10,WFG7,PIEA,2,30,100,300,7.136455222
10,WFG7,PIEA,20,30,100,300,6.7625017
10,WFG7,PIEA,21,30,100,300,6.91064836
10,WFG7,PIEA,22,30,100,300,6.358134276
10,WFG7,PIEA,23,30,100,300,6.303818684
10,WFG7,PIEA,24,30,100,300,7.391431166
10,WFG7,PIEA,25,30,100,300,6.601927233
10,WFG7,PIEA,26,30,100,300,6.600342762
10,WFG7,PIEA,27,30,100,300,6.462980801
10,WFG7,PIEA,28,30,100,300,6.809438252
10,WFG7,PIEA,29,30,100,300,6.135191991
10,WFG7,PIEA,3,30,100,300,7.052556457
10,WFG7,PIEA,30,30,100,300,7.905982333
10,WFG7,PIEA,4,30,100,300,6.683384578
10,WFG7,PIEA,5,30,100,300,6.388254254
10,WFG7,PIEA,6,30,100,300,7.87169136
10,WFG7,PIEA,7,30,100,300,6.119167645
10,WFG7,PIEA,8,30,100,300,5.997035991
10,WFG7,PIEA,9,30,100,300,6.466871956
10,WFG8,PIEA,1,30,100,300,5.937164376
10,WFG8,PIEA,10,30,100,300,6.851599481
10,WFG8,PIEA,11,30,100,300,6.078550991
10,WFG8,PIEA,12,30,100,300,6.195389304
10,WFG8,PIEA,13,30,100,300,5.911199145
10,WFG8,PIEA,14,30,100,300,6.493293454
10,WFG8,PIEA,15,30,100,300,6.313531202
10,WFG8,PIEA,16,30,100,300,6.455547769
10,WFG8,PIEA,17,30,100,300,7.833199339
10,WFG8,PIEA,18,30,100,300,6.437958815
10,WFG8,PIEA,19,30,100,300,6.960656151
10,WFG8,PIEA,2,30,100,300,7.187109223
10,WFG8,PIEA,20,30,100,300,5.63818328
10,WFG8,PIEA,21,30,100,300,6.292035055
10,WFG8,PIEA,22,30,100,300,6.469474672
10,WFG8,PIEA,23,30,100,300,5.951953249
10,WFG8,PIEA,24,30,100,300,5.928012279
10,WFG8,PIEA,25,30,100,300,6.095495157
10,WFG8,PIEA,26,30,100,300,6.416002424
10,WFG8,PIEA,27,30,100,300,6.63968362
10,WFG8,PIEA,28,30,100,300,5.43628028
10,WFG8,PIEA,29,30,100,300,5.531537058
10,WFG8,PIEA,3,30,100,300,6.368457877
10,WFG8,PIEA,30,30,100,300,6.163613972
10,WFG8,PIEA,4,30,100,300,6.139228437
10,WFG8,PIEA,5,30,100,300,6.025923701
10,WFG8,PIEA,6,30,100,300,6.23170842
10,WFG8,PIEA,7,30,100,300,6.047610694
10,WFG8,PIEA,8,30,100,300,6.079728882
10,WFG8,PIEA,9,30,100,300,5.844879532
10,WFG1,CSEA,1,20,109,311,3.261276732
10,WFG1,CSEA,10,20,109,303,3.32182376
10,WFG1,CSEA,11,19,109,301,3.228614634
10,WFG1,CSEA,12,20,109,308,3.315247581
10,WFG1,CSEA,13,26,109,305,3.239043417
10,WFG1,CSEA,14,24,109,309,3.310307843
10,WFG1,CSEA,15,30,109,302,3.149845091
10,WFG1,CSEA,16,19,109,305,3.301434669
10,WFG1,CSEA,17,19,109,305,3.424403819
10,WFG1,CSEA,18,18,109,301,3.248996248
10,WFG1,CSEA,19,20,109,309,3.278608916
10,WFG1,CSEA,2,20,109,308,3.370006932
10,WFG1,CSEA,20,19,109,306,3.293485461
10,WFG1,CSEA,21,23,109,306,3.361119142
10,WFG1,CSEA,22,19,109,306,3.284384898
10,WFG1,CSEA,23,18,109,301,3.258446686
10,WFG1,CSEA,24,21,109,304,3.304704533
10,WFG1,CSEA,25,19,109,306,3.267191434
10,WFG1,CSEA,26,19,109,310,3.278909767
10,WFG1,CSEA,27,21,109,307,3.308990982
10,WFG1,CSEA,28,18,109,301,3.258195897
10,WFG1,CSEA,29,18,109,302,3.260274159
10,WFG1,CSEA,3,19,109,309,3.230631337
10,WFG1,CSEA,30,20,109,310,3.273531244
10,WFG1,CSEA,4,20,109,303,3.220114088
10,WFG1,CSEA,5,22,109,301,3.225651212
10,WFG1,CSEA,6,19,109,302,3.191946501
10,WFG1,CSEA,7,21,109,307,3.33231286
10,WFG1,CSEA,8,20,109,310,3.26812008
10,WFG1,CSEA,9,23,109,300,3.260953443
10,WFG6,CSEA,1,19,109,304,7.602636332
10,WFG6,CSEA,10,20,109,310,7.794705315
10,WFG6,CSEA,11,19,109,306,8.098148309
10,WFG6,CSEA,12,20,109,308,7.223266828
10,WFG6,CSEA,13,19,109,306,7.630049593
10,WFG6,CSEA,14,19,109,304,7.48834406
10,WFG6,CSEA,15,19,109,308,6.782060494
10,WFG6,CSEA,16,20,109,311,7.061613116
10,WFG6,CSEA,17,20,109,302,7.816318814
10,WFG6,CSEA,18,19,109,303,6.883819643
10,WFG6,CSEA,19,20,109,302,6.615203813
10,WFG6,CSEA,2,19,109,306,6.592310718
10,WFG6,CSEA,20,20,109,302,5.910515976
10,WFG6,CSEA,21,19,109,306,7.166735055
10,WFG6,CSEA,22,19,109,307,8.017442754
10,WFG6,CSEA,23,18,109,303,7.777734998
10,WFG6,CSEA,24,19,109,303,7.054068075
10,WFG6,CSEA,25,20,109,308,7.349291157
10,WFG6,CSEA,26,19,109,300,7.543623041
10,WFG6,CSEA,27,19,109,306,7.188288704
10,WFG6,CSEA,28,21,109,310,7.531851964
10,WFG6,CSEA,29,21,109,310,7.276195715
10,WFG6,CSEA,3,20,109,308,7.782948379
10,WFG6,CSEA,30,19,109,303,7.650695504
10,WFG6,CSEA,4,19,109,304,8.506347134
10,WFG6,CSEA,5,19,109,304,7.279105724
10,WFG6,CSEA,6,19,109,304,7.941960892
10,WFG6,CSEA,7,20,109,306,6.789838278
10,WFG6,CSEA,8,19,109,304,7.715052279
10,WFG6,CSEA,9,19,109,301,7.207033206
10,WFG7,CSEA,1,19,109,306,7.137746442
10,WFG7,CSEA,10,20,109,308,7.295076827
10,WFG7,CSEA,11,19,109,302,6.67822398
10,WFG7,CSEA,12,19,109,307,7.234810828
10,WFG7,CSEA,13,20,109,308,7.735230906
10,WFG7,CSEA,14,20,109,308,7.972021982
10,WFG7,CSEA,15,20,109,307,7.541846023
10,WFG7,CSEA,16,21,109,307,6.974631091
10,WFG7,CSEA,17,19,109,301,6.727914072
10,WFG7,CSEA,18,21,109,308,7.35218045
10,WFG7,CSEA,19,20,109,308,8.264500251
10,WFG7,CSEA,2,19,109,301,8.173847479
10,WFG7,CSEA,20,19,109,305,7.23709391
10,WFG7,CSEA,21,20,109,308,7.059600115
10,WFG7,CSEA,22,19,109,305,8.473197844
10,WFG7,CSEA,23,20,109,310,7.796190325
10,WFG7,CSEA,24,20,109,309,8.264835015
10,WFG7,CSEA,25,20,109,305,7.293341378
10,WFG7,CSEA,26,19,109,300,7.907562585
10,WFG7,CSEA,27,21,109,307,6.949300643
10,WFG7,CSEA,28,20,109,306,7.614516159
10,WFG7,CSEA,29,20,109,308,7.57376869
10,WFG7,CSEA,3,19,109,301,7.366418607
10,WFG7,CSEA,30,19,109,303,6.606274784
10,WFG7,CSEA,4,20,109,301,8.152334491
10,WFG7,CSEA,5,19,109,306,6.738238958
10,WFG7,CSEA,6,19,109,302,8.873837319
10,WFG7,CSEA,7,19,109,303,6.582079436
10,WFG7,CSEA,8,20,109,301,6.918331139
10,WFG7,CSEA,9,20,109,310,7.57233279
10,WFG8,CSEA,1,19,109,309,7.146817745
10,WFG8,CSEA,10,20,109,302,7.972066555
10,WFG8,CSEA,11,19,109,300,8.044460544
10,WFG8,CSEA,12,19,109,303,7.342240061
10,WFG8,CSEA,13,20,109,311,7.586705025
10,WFG8,CSEA,14,20,109,309,7.466827179
10,WFG8,CSEA,15,19,109,300,7.698325512
10,WFG8,CSEA,16,19,109,300,8.200085535
10,WFG8,CSEA,17,20,109,301,7.894694289
10,WFG8,CSEA,18,20,109,304,8.335472055
10,WFG8,CSEA,19,19,109,302,7.692800886
10,WFG8,CSEA,2,19,109,300,7.662734281
10,WFG8,CSEA,20,18,109,301,8.093023588
10,WFG8,CSEA,21,19,109,305,8.167058871
10,WFG8,CSEA,22,19,109,301,7.821162503
10,WFG8,CSEA,23,19,109,308,7.463904519
10,WFG8,CSEA,24,20,109,307,8.674521655
10,WFG8,CSEA,25,20,109,309,8.080297027
10,WFG8,CSEA,26,19,109,301,7.708360929
10,WFG8,CSEA,27,20,109,307,7.36142805
10,WFG8,CSEA,28,19,109,304,8.346087787
10,WFG8,CSEA,29,21,109,307,7.576694501
10,WFG8,CSEA,3,20,109,310,7.660394915
10,WFG8,CSEA,30,19,109,306,7.514078288
10,WFG8,CSEA,4,19,109,307,7.68799207
10,WFG8,CSEA,5,19,109,305,8.222048424
10,WFG8,CSEA,6,19,109,305,7.558568092
10,WFG8,CSEA,7,20,109,301,7.860147408
10,WFG8,CSEA,8,20,109,306,8.348973506
10,WFG8,CSEA,9,19,109,300,7.490545167
10,WFG1,PCSAEA_N100,1,18,100,300,3.350743344
10,WFG1,PCSAEA_N100,10,18,100,300,3.409673806
10,WFG1,PCSAEA_N100,11,18,100,300,3.377550238
10,WFG1,PCSAEA_N100,12,18,100,300,3.381919189
10,WFG1,PCSAEA_N100,13,18,100,300,3.374497811
10,WFG1,PCSAEA_N100,14,18,100,300,3.387425685
10,WFG1,PCSAEA_N100,15,18,100,300,3.468152471
10,WFG1,PCSAEA_N100,16,18,100,300,3.388384196
10,WFG1,PCSAEA_N100,17,18,100,300,3.412819574
10,WFG1,PCSAEA_N100,18,18,100,300,3.388897572
10,WFG1,PCSAEA_N100,19,18,100,300,3.395631967
10,WFG1,PCSAEA_N100,2,18,100,300,3.349536443
10,WFG1,PCSAEA_N100,20,18,100,300,3.322723155
10,WFG1,PCSAEA_N100,21,18,100,300,3.478539529
10,WFG1,PCSAEA_N100,22,18,100,300,3.496466972
10,WFG1,PCSAEA_N100,23,18,100,300,3.427752361
10,WFG1,PCSAEA_N100,24,18,100,300,3.400492717
10,WFG1,PCSAEA_N100,25,18,100,300,3.390974088
10,WFG1,PCSAEA_N100,26,18,100,300,3.403922381
10,WFG1,PCSAEA_N100,27,18,100,300,3.414052466
10,WFG1,PCSAEA_N100,28,18,100,300,3.382311255
10,WFG1,PCSAEA_N100,29,18,100,300,3.418423091
10,WFG1,PCSAEA_N100,3,18,100,300,3.380710573
10,WFG1,PCSAEA_N100,30,18,100,300,3.387809434
10,WFG1,PCSAEA_N100,4,18,100,300,3.402724432
10,WFG1,PCSAEA_N100,5,18,100,300,3.413997519
10,WFG1,PCSAEA_N100,6,18,100,300,3.378454054
10,WFG1,PCSAEA_N100,7,18,100,300,3.385480273
10,WFG1,PCSAEA_N100,8,18,100,300,3.370883254
10,WFG1,PCSAEA_N100,9,18,100,300,3.358466419
10,WFG6,PCSAEA_N100,1,18,100,300,7.091387163
10,WFG6,PCSAEA_N100,10,18,100,300,7.409843233
10,WFG6,PCSAEA_N100,11,18,100,300,6.560600624
10,WFG6,PCSAEA_N100,12,18,100,300,7.415321947
10,WFG6,PCSAEA_N100,13,18,100,300,7.083923754
10,WFG6,PCSAEA_N100,14,18,100,300,7.902767303
10,WFG6,PCSAEA_N100,15,18,100,300,7.673167369
10,WFG6,PCSAEA_N100,16,18,100,300,7.235740567
10,WFG6,PCSAEA_N100,17,18,100,300,7.487703556
10,WFG6,PCSAEA_N100,18,18,100,300,7.384218191
10,WFG6,PCSAEA_N100,19,18,100,300,7.021166768
10,WFG6,PCSAEA_N100,2,18,100,300,7.136552026
10,WFG6,PCSAEA_N100,20,18,100,300,7.280584056
10,WFG6,PCSAEA_N100,21,18,100,300,7.291552906
10,WFG6,PCSAEA_N100,22,18,100,300,7.411700571
10,WFG6,PCSAEA_N100,23,18,100,300,7.232835319
10,WFG6,PCSAEA_N100,24,18,100,300,7.400532331
10,WFG6,PCSAEA_N100,25,18,100,300,7.399569448
10,WFG6,PCSAEA_N100,26,18,100,300,7.436012405
10,WFG6,PCSAEA_N100,27,18,100,300,8.141810741
10,WFG6,PCSAEA_N100,28,18,100,300,7.811786821
10,WFG6,PCSAEA_N100,29,18,100,300,7.301405736
10,WFG6,PCSAEA_N100,3,18,100,300,7.601413404
10,WFG6,PCSAEA_N100,30,18,100,300,7.051787129
10,WFG6,PCSAEA_N100,4,18,100,300,7.164883319
10,WFG6,PCSAEA_N100,5,18,100,300,6.852627421
10,WFG6,PCSAEA_N100,6,18,100,300,7.413481336
10,WFG6,PCSAEA_N100,7,18,100,300,7.336359031
10,WFG6,PCSAEA_N100,8,18,100,300,7.634640217
10,WFG6,PCSAEA_N100,9,18,100,300,7.115672555
10,WFG7,PCSAEA_N100,1,18,100,300,7.954568165
10,WFG7,PCSAEA_N100,10,18,100,300,7.378853552
10,WFG7,PCSAEA_N100,11,18,100,300,7.396836618
10,WFG7,PCSAEA_N100,12,18,100,300,7.557885554
10,WFG7,PCSAEA_N100,13,18,100,300,7.817583488
10,WFG7,PCSAEA_N100,14,18,100,300,7.423174001
10,WFG7,PCSAEA_N100,15,18,100,300,7.08760978
10,WFG7,PCSAEA_N100,16,18,100,300,7.603962065
10,WFG7,PCSAEA_N100,17,18,100,300,7.493103596
10,WFG7,PCSAEA_N100,18,18,100,300,7.001879414
10,WFG7,PCSAEA_N100,19,18,100,300,7.556192027
10,WFG7,PCSAEA_N100,2,18,100,300,6.983446159
10,WFG7,PCSAEA_N100,20,18,100,300,7.580782476
10,WFG7,PCSAEA_N100,21,18,100,300,7.446728972
10,WFG7,PCSAEA_N100,22,18,100,300,7.955518511
10,WFG7,PCSAEA_N100,23,18,100,300,7.804652001
10,WFG7,PCSAEA_N100,24,18,100,300,7.546074515
10,WFG7,PCSAEA_N100,25,18,100,300,6.977582
10,WFG7,PCSAEA_N100,26,18,100,300,6.667796454
10,WFG7,PCSAEA_N100,27,18,100,300,8.054152627
10,WFG7,PCSAEA_N100,28,18,100,300,7.078346355
10,WFG7,PCSAEA_N100,29,18,100,300,7.273254903
10,WFG7,PCSAEA_N100,3,18,100,300,8.157328631
10,WFG7,PCSAEA_N100,30,18,100,300,7.173805494
10,WFG7,PCSAEA_N100,4,18,100,300,7.663189353
10,WFG7,PCSAEA_N100,5,18,100,300,7.317125723
10,WFG7,PCSAEA_N100,6,18,100,300,7.676129761
10,WFG7,PCSAEA_N100,7,18,100,300,7.525428771
10,WFG7,PCSAEA_N100,8,18,100,300,8.314323101
10,WFG7,PCSAEA_N100,9,18,100,300,7.488760184
10,WFG8,PCSAEA_N100,1,18,100,300,7.907094407
10,WFG8,PCSAEA_N100,10,18,100,300,6.922968463
10,WFG8,PCSAEA_N100,11,18,100,300,7.679625248
10,WFG8,PCSAEA_N100,12,18,100,300,6.636105928
10,WFG8,PCSAEA_N100,13,18,100,300,7.394826603
10,WFG8,PCSAEA_N100,14,18,100,300,7.896024894
10,WFG8,PCSAEA_N100,15,18,100,300,7.163510946
10,WFG8,PCSAEA_N100,16,18,100,300,6.984235206
10,WFG8,PCSAEA_N100,17,18,100,300,7.08758326
10,WFG8,PCSAEA_N100,18,18,100,300,7.37704916
10,WFG8,PCSAEA_N100,19,18,100,300,7.471085116
10,WFG8,PCSAEA_N100,2,18,100,300,7.484514328
10,WFG8,PCSAEA_N100,20,18,100,300,7.101755167
10,WFG8,PCSAEA_N100,21,18,100,300,7.211938618
10,WFG8,PCSAEA_N100,22,18,100,300,7.091601985
10,WFG8,PCSAEA_N100,23,18,100,300,7.622180406
10,WFG8,PCSAEA_N100,24,18,100,300,7.04637022
10,WFG8,PCSAEA_N100,25,18,100,300,7.403798139
10,WFG8,PCSAEA_N100,26,18,100,300,8.232637622
10,WFG8,PCSAEA_N100,27,18,100,300,7.484068269
10,WFG8,PCSAEA_N100,28,18,100,300,7.670902019
10,WFG8,PCSAEA_N100,29,18,100,300,7.027876714
10,WFG8,PCSAEA_N100,3,18,100,300,7.723173752
10,WFG8,PCSAEA_N100,30,18,100,300,7.887732721
10,WFG8,PCSAEA_N100,4,18,100,300,7.358000655
10,WFG8,PCSAEA_N100,5,18,100,300,7.18112164
10,WFG8,PCSAEA_N100,6,18,100,300,7.438895725
10,WFG8,PCSAEA_N100,7,18,100,300,7.216186197
10,WFG8,PCSAEA_N100,8,18,100,300,7.930528336
10,WFG8,PCSAEA_N100,9,18,100,300,7.553326249
10,WFG1,KRVEA_100,1,18,100,300,3.451520972
10,WFG1,KRVEA_100,10,18,100,300,3.2414655
10,WFG1,KRVEA_100,11,18,100,300,3.279732423
10,WFG1,KRVEA_100,12,18,100,300,3.397600134
10,WFG1,KRVEA_100,13,18,100,300,3.234313681
10,WFG1,KRVEA_100,14,18,100,300,3.325048267
10,WFG1,KRVEA_100,15,18,100,300,3.291888301
10,WFG1,KRVEA_100,16,18,100,300,3.25667548
10,WFG1,KRVEA_100,17,18,100,300,3.273810921
10,WFG1,KRVEA_100,18,18,100,300,3.253473183
10,WFG1,KRVEA_100,19,30,100,300,3.286957317
10,WFG1,KRVEA_100,2,18,100,300,3.260038831
10,WFG1,KRVEA_100,20,30,100,300,3.275452462
10,WFG1,KRVEA_100,21,30,100,300,3.281033154
10,WFG1,KRVEA_100,22,30,100,300,3.258794664
10,WFG1,KRVEA_100,23,30,100,300,3.329734358
10,WFG1,KRVEA_100,24,30,100,300,3.376593157
10,WFG1,KRVEA_100,25,30,100,300,3.253801654
10,WFG1,KRVEA_100,26,30,100,300,3.261877265
10,WFG1,KRVEA_100,27,30,100,300,3.223655906
10,WFG1,KRVEA_100,28,30,100,300,3.229940201
10,WFG1,KRVEA_100,29,30,100,300,3.196762459
10,WFG1,KRVEA_100,3,18,100,300,3.249816492
10,WFG1,KRVEA_100,30,30,100,300,3.240335165
10,WFG1,KRVEA_100,4,18,100,300,3.300179805
10,WFG1,KRVEA_100,5,18,100,300,3.319633948
10,WFG1,KRVEA_100,6,18,100,300,3.284516225
10,WFG1,KRVEA_100,7,18,100,300,3.270946268
10,WFG1,KRVEA_100,8,18,100,300,3.259982833
10,WFG1,KRVEA_100,9,18,100,300,3.289602737
10,WFG6,KRVEA_100,1,18,100,300,5.041011809
10,WFG6,KRVEA_100,10,18,100,300,5.302033137
10,WFG6,KRVEA_100,11,18,100,300,5.043324721
10,WFG6,KRVEA_100,12,18,100,300,4.838258735
10,WFG6,KRVEA_100,13,18,100,300,5.169584963
10,WFG6,KRVEA_100,14,18,100,300,5.164542861
10,WFG6,KRVEA_100,15,18,100,300,5.029993005
10,WFG6,KRVEA_100,16,18,100,300,4.853734757
10,WFG6,KRVEA_100,17,18,100,300,5.5405506
10,WFG6,KRVEA_100,18,18,100,300,4.725644949
10,WFG6,KRVEA_100,19,30,100,300,4.854471483
10,WFG6,KRVEA_100,2,18,100,300,4.989932979
10,WFG6,KRVEA_100,20,30,100,300,5.979842399
10,WFG6,KRVEA_100,21,30,100,300,4.71202868
10,WFG6,KRVEA_100,22,30,100,300,4.961675968
10,WFG6,KRVEA_100,23,30,100,300,5.983466166
10,WFG6,KRVEA_100,24,30,100,300,4.746023199
10,WFG6,KRVEA_100,25,30,100,300,4.621517239
10,WFG6,KRVEA_100,26,30,100,300,6.068544301
10,WFG6,KRVEA_100,27,30,100,300,4.949346829
10,WFG6,KRVEA_100,28,30,100,300,5.150843015
10,WFG6,KRVEA_100,29,30,100,300,5.031322789
10,WFG6,KRVEA_100,3,18,100,300,4.860387575
10,WFG6,KRVEA_100,30,30,100,300,4.826254516
10,WFG6,KRVEA_100,4,18,100,300,4.570356284
10,WFG6,KRVEA_100,5,18,100,300,5.129159164
10,WFG6,KRVEA_100,6,18,100,300,4.972598572
10,WFG6,KRVEA_100,7,18,100,300,4.899916992
10,WFG6,KRVEA_100,8,18,100,300,5.257662418
10,WFG6,KRVEA_100,9,18,100,300,4.957439515
10,WFG7,KRVEA_100,1,18,100,300,6.438839155
10,WFG7,KRVEA_100,10,18,100,300,6.053854276
10,WFG7,KRVEA_100,11,18,100,300,5.817017541
10,WFG7,KRVEA_100,12,18,100,300,7.531946879
10,WFG7,KRVEA_100,13,18,100,300,6.271585638
10,WFG7,KRVEA_100,14,18,100,300,5.564115514
10,WFG7,KRVEA_100,15,18,100,300,5.495013551
10,WFG7,KRVEA_100,16,18,100,300,6.676616837
10,WFG7,KRVEA_100,17,18,100,300,6.643620995
10,WFG7,KRVEA_100,18,18,100,300,5.706035788
10,WFG7,KRVEA_100,19,30,100,300,5.796536268
10,WFG7,KRVEA_100,2,18,100,300,5.765853035
10,WFG7,KRVEA_100,20,30,100,300,6.041777228
10,WFG7,KRVEA_100,21,30,100,300,5.905187711
10,WFG7,KRVEA_100,22,30,100,300,5.991206996
10,WFG7,KRVEA_100,23,30,100,300,6.696173627
10,WFG7,KRVEA_100,24,30,100,300,6.998984331
10,WFG7,KRVEA_100,25,30,100,300,6.889112497
10,WFG7,KRVEA_100,26,30,100,300,6.288011286
10,WFG7,KRVEA_100,27,30,100,300,5.672406606
10,WFG7,KRVEA_100,28,30,100,300,7.000951635
10,WFG7,KRVEA_100,29,30,100,300,5.522666026
10,WFG7,KRVEA_100,3,18,100,300,6.431646852
10,WFG7,KRVEA_100,30,30,100,300,7.508039115
10,WFG7,KRVEA_100,4,18,100,300,6.380801039
10,WFG7,KRVEA_100,5,18,100,300,6.277564466
10,WFG7,KRVEA_100,6,18,100,300,7.288425578
10,WFG7,KRVEA_100,7,18,100,300,6.74704418
10,WFG7,KRVEA_100,8,18,100,300,6.661910818
10,WFG7,KRVEA_100,9,18,100,300,6.804497861
10,WFG8,KRVEA_100,1,18,100,300,5.749484856
10,WFG8,KRVEA_100,10,18,100,300,6.481367754
10,WFG8,KRVEA_100,11,18,100,300,5.748427935
10,WFG8,KRVEA_100,12,18,100,300,5.743502886
10,WFG8,KRVEA_100,13,18,100,300,5.977005149
10,WFG8,KRVEA_100,14,18,100,300,7.526955648
10,WFG8,KRVEA_100,15,18,100,300,5.459917888
10,WFG8,KRVEA_100,16,18,100,300,6.146324511
10,WFG8,KRVEA_100,17,18,100,300,5.454260754
10,WFG8,KRVEA_100,18,18,100,300,5.894284591
10,WFG8,KRVEA_100,19,30,100,300,5.981769162
10,WFG8,KRVEA_100,2,18,100,300,6.023001496
10,WFG8,KRVEA_100,20,30,100,300,5.962534442
10,WFG8,KRVEA_100,21,30,100,300,5.866664519
10,WFG8,KRVEA_100,22,30,100,300,5.704078623
10,WFG8,KRVEA_100,23,30,100,300,5.748561213
10,WFG8,KRVEA_100,24,30,100,300,6.464640365
10,WFG8,KRVEA_100,25,30,100,300,6.137598929
10,WFG8,KRVEA_100,26,30,100,300,5.830591045
10,WFG8,KRVEA_100,27,30,100,300,6.625450664
10,WFG8,KRVEA_100,28,30,100,300,6.728135108
10,WFG8,KRVEA_100,29,30,100,300,6.484662691
10,WFG8,KRVEA_100,3,18,100,300,6.434224367
10,WFG8,KRVEA_100,30,30,100,300,6.47230741
10,WFG8,KRVEA_100,4,18,100,300,5.514052856
10,WFG8,KRVEA_100,5,18,100,300,6.866295443
10,WFG8,KRVEA_100,6,18,100,300,6.314888857
10,WFG8,KRVEA_100,7,18,100,300,6.426636819
10,WFG8,KRVEA_100,8,18,100,300,5.812095689
10,WFG8,KRVEA_100,9,18,100,300,5.868258601
10,WFG1,MCEAD,1,30,65,300,3.432300649
10,WFG1,MCEAD,10,30,65,300,3.407311945
10,WFG1,MCEAD,11,30,65,300,3.443612172
10,WFG1,MCEAD,12,30,65,300,3.514514516
10,WFG1,MCEAD,13,30,65,300,3.484455064
10,WFG1,MCEAD,14,30,65,300,3.508941019
10,WFG1,MCEAD,15,30,65,300,3.428693191
10,WFG1,MCEAD,16,30,65,300,3.482262786
10,WFG1,MCEAD,17,30,65,300,3.505612153
10,WFG1,MCEAD,18,30,65,300,3.41487742
10,WFG1,MCEAD,19,30,65,300,3.486935771
10,WFG1,MCEAD,2,30,65,300,3.477566876
10,WFG1,MCEAD,20,30,65,300,3.479175873
10,WFG1,MCEAD,21,30,65,300,3.515938579
10,WFG1,MCEAD,22,30,65,300,3.483548173
10,WFG1,MCEAD,23,30,65,300,3.475325462
10,WFG1,MCEAD,24,30,65,300,3.427996351
10,WFG1,MCEAD,25,30,65,300,3.449479392
10,WFG1,MCEAD,26,30,65,300,3.485820905
10,WFG1,MCEAD,27,30,65,300,3.408795021
10,WFG1,MCEAD,28,30,65,300,3.463352035
10,WFG1,MCEAD,29,30,65,300,3.411070489
10,WFG1,MCEAD,3,30,65,300,3.485891084
10,WFG1,MCEAD,30,30,65,300,3.499599479
10,WFG1,MCEAD,4,30,65,300,3.40978945
10,WFG1,MCEAD,5,30,65,300,3.451288494
10,WFG1,MCEAD,6,30,65,300,3.401608985
10,WFG1,MCEAD,7,30,65,300,3.460381713
10,WFG1,MCEAD,8,30,65,300,3.472573032
10,WFG1,MCEAD,9,30,65,300,3.475075992
10,WFG6,MCEAD,1,30,65,300,7.524643089
10,WFG6,MCEAD,10,30,65,300,6.673685293
10,WFG6,MCEAD,11,30,65,300,6.440733141
10,WFG6,MCEAD,12,30,65,300,6.450462223
10,WFG6,MCEAD,13,30,65,300,8.092358753
10,WFG6,MCEAD,14,30,65,300,6.789740496
10,WFG6,MCEAD,15,30,65,300,6.830195272
10,WFG6,MCEAD,16,30,65,300,7.858226225
10,WFG6,MCEAD,17,30,65,300,7.722869905
10,WFG6,MCEAD,18,30,65,300,6.386114192
10,WFG6,MCEAD,19,30,65,300,8.428748533
10,WFG6,MCEAD,2,30,65,300,7.722425556
10,WFG6,MCEAD,20,30,65,300,7.527239416
10,WFG6,MCEAD,21,30,65,300,7.893892939
10,WFG6,MCEAD,22,30,65,300,7.405936378
10,WFG6,MCEAD,23,30,65,300,6.889088959
10,WFG6,MCEAD,24,30,65,300,7.12731238
10,WFG6,MCEAD,25,30,65,300,8.275604167
10,WFG6,MCEAD,26,30,65,300,8.161398945
10,WFG6,MCEAD,27,30,65,300,8.074973047
10,WFG6,MCEAD,28,30,65,300,7.173793837
10,WFG6,MCEAD,29,30,65,300,8.438126965
10,WFG6,MCEAD,3,30,65,300,6.963528429
10,WFG6,MCEAD,30,30,65,300,6.698839953
10,WFG6,MCEAD,4,30,65,300,6.667431884
10,WFG6,MCEAD,5,30,65,300,7.712826921
10,WFG6,MCEAD,6,30,65,300,8.413027616
10,WFG6,MCEAD,7,30,65,300,6.530545005
10,WFG6,MCEAD,8,30,65,300,7.70581039
10,WFG6,MCEAD,9,30,65,300,8.03655437
10,WFG7,MCEAD,1,30,65,300,8.585239303
10,WFG7,MCEAD,10,30,65,300,8.102809586
10,WFG7,MCEAD,11,30,65,300,8.812946464
10,WFG7,MCEAD,12,30,65,300,8.665830988
10,WFG7,MCEAD,13,30,65,300,8.320577552
10,WFG7,MCEAD,14,30,65,300,6.542882065
10,WFG7,MCEAD,15,30,65,300,8.3426747
10,WFG7,MCEAD,16,30,65,300,8.661195767
10,WFG7,MCEAD,17,30,65,300,8.318632667
10,WFG7,MCEAD,18,30,65,300,8.206976312
10,WFG7,MCEAD,19,30,65,300,8.200062858
10,WFG7,MCEAD,2,30,65,300,7.50365594
10,WFG7,MCEAD,20,30,65,300,7.074813647
10,WFG7,MCEAD,21,30,65,300,8.126823529
10,WFG7,MCEAD,22,30,65,300,7.809815994
10,WFG7,MCEAD,23,30,65,300,7.894759642
10,WFG7,MCEAD,24,30,65,300,8.859923205
10,WFG7,MCEAD,25,30,65,300,7.380095993
10,WFG7,MCEAD,26,30,65,300,7.380555523
10,WFG7,MCEAD,27,30,65,300,7.793163867
10,WFG7,MCEAD,28,30,65,300,8.445960869
10,WFG7,MCEAD,29,30,65,300,7.546075172
10,WFG7,MCEAD,3,30,65,300,9.233675182
10,WFG7,MCEAD,30,30,65,300,8.877873578
10,WFG7,MCEAD,4,30,65,300,7.482405887
10,WFG7,MCEAD,5,30,65,300,7.615277404
10,WFG7,MCEAD,6,30,65,300,8.14476313
10,WFG7,MCEAD,7,30,65,300,7.866768849
10,WFG7,MCEAD,8,30,65,300,8.70678893
10,WFG7,MCEAD,9,30,65,300,7.732206894
10,WFG8,MCEAD,1,30,65,300,8.332355148
10,WFG8,MCEAD,10,30,65,300,7.86776553
10,WFG8,MCEAD,11,30,65,300,7.313855551
10,WFG8,MCEAD,12,30,65,300,7.134927895
10,WFG8,MCEAD,13,30,65,300,6.899336914
10,WFG8,MCEAD,14,30,65,300,7.465695482
10,WFG8,MCEAD,15,30,65,300,7.471350301
10,WFG8,MCEAD,16,30,65,300,8.34793371
10,WFG8,MCEAD,17,30,65,300,7.076176922
10,WFG8,MCEAD,18,30,65,300,7.118303735
10,WFG8,MCEAD,19,30,65,300,7.770896959
10,WFG8,MCEAD,2,30,65,300,7.838405102
10,WFG8,MCEAD,20,30,65,300,7.029413427
10,WFG8,MCEAD,21,30,65,300,8.224377826
10,WFG8,MCEAD,22,30,65,300,7.760031524
10,WFG8,MCEAD,23,30,65,300,6.444742466
10,WFG8,MCEAD,24,30,65,300,7.667829345
10,WFG8,MCEAD,25,30,65,300,7.803025229
10,WFG8,MCEAD,26,30,65,300,7.098550952
10,WFG8,MCEAD,27,30,65,300,6.334777075
10,WFG8,MCEAD,28,30,65,300,6.94334129
10,WFG8,MCEAD,29,30,65,300,8.12576784
10,WFG8,MCEAD,3,30,65,300,7.638439704
10,WFG8,MCEAD,30,30,65,300,7.414910306
10,WFG8,MCEAD,4,30,65,300,7.04613114
10,WFG8,MCEAD,5,30,65,300,7.554124755
10,WFG8,MCEAD,6,30,65,300,7.331644076
10,WFG8,MCEAD,7,30,65,300,7.160477788
10,WFG8,MCEAD,8,30,65,300,8.076336095
10,WFG8,MCEAD,9,30,65,300,6.735161126
10,WFG1,REMO_UniformMix_Pruned_Weighted_Lambdat030,1,30,100,300,3.233734805
10,WFG1,REMO_UniformMix_Pruned_Weighted_Lambdat030,10,30,100,300,3.112981171
10,WFG1,REMO_UniformMix_Pruned_Weighted_Lambdat030,11,30,100,300,3.144179808
10,WFG1,REMO_UniformMix_Pruned_Weighted_Lambdat030,12,30,100,300,3.089041941
10,WFG1,REMO_UniformMix_Pruned_Weighted_Lambdat030,13,30,100,300,3.205757723
10,WFG1,REMO_UniformMix_Pruned_Weighted_Lambdat030,14,30,100,300,3.175102858
10,WFG1,REMO_UniformMix_Pruned_Weighted_Lambdat030,15,30,100,300,3.174174069
10,WFG1,REMO_UniformMix_Pruned_Weighted_Lambdat030,16,30,100,300,3.113682978
10,WFG1,REMO_UniformMix_Pruned_Weighted_Lambdat030,17,30,100,300,3.166291879
10,WFG1,REMO_UniformMix_Pruned_Weighted_Lambdat030,18,30,100,300,3.171340206
10,WFG1,REMO_UniformMix_Pruned_Weighted_Lambdat030,19,30,100,300,3.201232051
10,WFG1,REMO_UniformMix_Pruned_Weighted_Lambdat030,2,30,100,300,3.171800883
10,WFG1,REMO_UniformMix_Pruned_Weighted_Lambdat030,20,30,100,300,3.133022038
10,WFG1,REMO_UniformMix_Pruned_Weighted_Lambdat030,3,30,100,300,3.183178151
10,WFG1,REMO_UniformMix_Pruned_Weighted_Lambdat030,4,30,100,300,3.173722305
10,WFG1,REMO_UniformMix_Pruned_Weighted_Lambdat030,5,30,100,300,3.194215907
10,WFG1,REMO_UniformMix_Pruned_Weighted_Lambdat030,6,30,100,300,3.212196926
10,WFG1,REMO_UniformMix_Pruned_Weighted_Lambdat030,7,30,100,300,3.206425661
10,WFG1,REMO_UniformMix_Pruned_Weighted_Lambdat030,8,30,100,300,3.16028193
10,WFG1,REMO_UniformMix_Pruned_Weighted_Lambdat030,9,30,100,300,3.167459851
10,WFG6,REMO_UniformMix_Pruned_Weighted_Lambdat030,1,30,100,300,5.157030011
10,WFG6,REMO_UniformMix_Pruned_Weighted_Lambdat030,10,30,100,300,4.938543286
10,WFG6,REMO_UniformMix_Pruned_Weighted_Lambdat030,11,30,100,300,4.993068016
10,WFG6,REMO_UniformMix_Pruned_Weighted_Lambdat030,12,30,100,300,5.173500194
10,WFG6,REMO_UniformMix_Pruned_Weighted_Lambdat030,13,30,100,300,5.079111186
10,WFG6,REMO_UniformMix_Pruned_Weighted_Lambdat030,14,30,100,300,4.982893273
10,WFG6,REMO_UniformMix_Pruned_Weighted_Lambdat030,15,30,100,300,5.16940552
10,WFG6,REMO_UniformMix_Pruned_Weighted_Lambdat030,16,30,100,300,5.272543103
10,WFG6,REMO_UniformMix_Pruned_Weighted_Lambdat030,17,30,100,300,5.198788201
10,WFG6,REMO_UniformMix_Pruned_Weighted_Lambdat030,18,30,100,300,5.198983104
10,WFG6,REMO_UniformMix_Pruned_Weighted_Lambdat030,19,30,100,300,5.558877265
10,WFG6,REMO_UniformMix_Pruned_Weighted_Lambdat030,2,30,100,300,5.326137498
10,WFG6,REMO_UniformMix_Pruned_Weighted_Lambdat030,20,30,100,300,5.254973044
10,WFG6,REMO_UniformMix_Pruned_Weighted_Lambdat030,3,30,100,300,5.295205964
10,WFG6,REMO_UniformMix_Pruned_Weighted_Lambdat030,4,30,100,300,5.618319495
10,WFG6,REMO_UniformMix_Pruned_Weighted_Lambdat030,5,30,100,300,5.198750122
10,WFG6,REMO_UniformMix_Pruned_Weighted_Lambdat030,6,30,100,300,5.693880341
10,WFG6,REMO_UniformMix_Pruned_Weighted_Lambdat030,7,30,100,300,5.305011985
10,WFG6,REMO_UniformMix_Pruned_Weighted_Lambdat030,8,30,100,300,5.421612622
10,WFG6,REMO_UniformMix_Pruned_Weighted_Lambdat030,9,30,100,300,5.032265905
10,WFG7,REMO_UniformMix_Pruned_Weighted_Lambdat030,1,30,100,300,5.176969269
10,WFG7,REMO_UniformMix_Pruned_Weighted_Lambdat030,10,30,100,300,5.119969019
10,WFG7,REMO_UniformMix_Pruned_Weighted_Lambdat030,11,30,100,300,5.636145204
10,WFG7,REMO_UniformMix_Pruned_Weighted_Lambdat030,12,30,100,300,5.33896792
10,WFG7,REMO_UniformMix_Pruned_Weighted_Lambdat030,13,30,100,300,5.081606284
10,WFG7,REMO_UniformMix_Pruned_Weighted_Lambdat030,14,30,100,300,5.087399167
10,WFG7,REMO_UniformMix_Pruned_Weighted_Lambdat030,15,30,100,300,5.338668539
10,WFG7,REMO_UniformMix_Pruned_Weighted_Lambdat030,16,30,100,300,5.290232687
10,WFG7,REMO_UniformMix_Pruned_Weighted_Lambdat030,17,30,100,300,4.873257805
10,WFG7,REMO_UniformMix_Pruned_Weighted_Lambdat030,18,30,100,300,5.741377566
10,WFG7,REMO_UniformMix_Pruned_Weighted_Lambdat030,19,30,100,300,5.029467281
10,WFG7,REMO_UniformMix_Pruned_Weighted_Lambdat030,2,30,100,300,4.838862881
10,WFG7,REMO_UniformMix_Pruned_Weighted_Lambdat030,20,30,100,300,5.287395295
10,WFG7,REMO_UniformMix_Pruned_Weighted_Lambdat030,3,30,100,300,5.53814678
10,WFG7,REMO_UniformMix_Pruned_Weighted_Lambdat030,4,30,100,300,5.103718161
10,WFG7,REMO_UniformMix_Pruned_Weighted_Lambdat030,5,30,100,300,5.267489777
10,WFG7,REMO_UniformMix_Pruned_Weighted_Lambdat030,6,30,100,300,5.345220805
10,WFG7,REMO_UniformMix_Pruned_Weighted_Lambdat030,7,30,100,300,5.505163032
10,WFG7,REMO_UniformMix_Pruned_Weighted_Lambdat030,8,30,100,300,5.113620419
10,WFG7,REMO_UniformMix_Pruned_Weighted_Lambdat030,9,30,100,300,5.301635357
10,WFG8,REMO_UniformMix_Pruned_Weighted_Lambdat030,1,30,100,300,5.581024562
10,WFG8,REMO_UniformMix_Pruned_Weighted_Lambdat030,10,30,100,300,5.76645256
10,WFG8,REMO_UniformMix_Pruned_Weighted_Lambdat030,11,30,100,300,5.612984272
10,WFG8,REMO_UniformMix_Pruned_Weighted_Lambdat030,12,30,100,300,5.611454651
10,WFG8,REMO_UniformMix_Pruned_Weighted_Lambdat030,13,30,100,300,5.713276378
10,WFG8,REMO_UniformMix_Pruned_Weighted_Lambdat030,14,30,100,300,6.075403023
10,WFG8,REMO_UniformMix_Pruned_Weighted_Lambdat030,15,30,100,300,5.598191983
10,WFG8,REMO_UniformMix_Pruned_Weighted_Lambdat030,16,30,100,300,5.572575993
10,WFG8,REMO_UniformMix_Pruned_Weighted_Lambdat030,17,30,100,300,6.065310733
10,WFG8,REMO_UniformMix_Pruned_Weighted_Lambdat030,18,30,100,300,5.835846724
10,WFG8,REMO_UniformMix_Pruned_Weighted_Lambdat030,19,30,100,300,5.511298894
10,WFG8,REMO_UniformMix_Pruned_Weighted_Lambdat030,2,30,100,300,5.815877998
10,WFG8,REMO_UniformMix_Pruned_Weighted_Lambdat030,20,30,100,300,5.703353947
10,WFG8,REMO_UniformMix_Pruned_Weighted_Lambdat030,3,30,100,300,6.323783633
10,WFG8,REMO_UniformMix_Pruned_Weighted_Lambdat030,4,30,100,300,5.601275866
10,WFG8,REMO_UniformMix_Pruned_Weighted_Lambdat030,5,30,100,300,5.470386289
10,WFG8,REMO_UniformMix_Pruned_Weighted_Lambdat030,6,30,100,300,6.347559806
10,WFG8,REMO_UniformMix_Pruned_Weighted_Lambdat030,7,30,100,300,5.570183753
10,WFG8,REMO_UniformMix_Pruned_Weighted_Lambdat030,8,30,100,300,5.651031935
10,WFG8,REMO_UniformMix_Pruned_Weighted_Lambdat030,9,30,100,300,5.332424861
15,WFG1,REMO,1,30,100,303,4.046385609
15,WFG1,REMO,10,30,100,309,4.063364913
15,WFG1,REMO,11,30,100,301,4.240066094
15,WFG1,REMO,12,30,100,303,3.850257053
15,WFG1,REMO,13,30,100,302,4.212814649
15,WFG1,REMO,14,30,100,300,4.181466227
15,WFG1,REMO,15,30,100,300,4.226348095
15,WFG1,REMO,16,30,100,301,4.239797168
15,WFG1,REMO,17,30,100,302,4.181003679
15,WFG1,REMO,18,30,100,301,4.098594395
15,WFG1,REMO,19,30,100,303,4.126247035
15,WFG1,REMO,2,26,100,305,4.053464741
15,WFG1,REMO,20,30,100,300,4.237125134
15,WFG1,REMO,21,30,100,300,4.197222532
15,WFG1,REMO,22,30,100,303,4.178613952
15,WFG1,REMO,23,30,100,302,4.168082087
15,WFG1,REMO,24,30,100,303,4.196767736
15,WFG1,REMO,25,30,100,300,4.184619714
15,WFG1,REMO,26,30,100,303,4.260745586
15,WFG1,REMO,27,30,100,304,4.150350518
15,WFG1,REMO,28,28,100,302,4.050356822
15,WFG1,REMO,29,30,100,301,4.292613532
15,WFG1,REMO,3,29,100,301,4.071540581
15,WFG1,REMO,30,30,100,305,4.225593045
15,WFG1,REMO,4,30,100,302,4.176527242
15,WFG1,REMO,5,28,100,303,4.177994522
15,WFG1,REMO,6,30,100,300,4.17827261
15,WFG1,REMO,7,30,100,302,4.064499023
15,WFG1,REMO,8,26,100,303,3.984798802
15,WFG1,REMO,9,30,100,302,4.172778899
15,WFG6,REMO,1,30,100,300,15.119899
15,WFG6,REMO,10,30,100,301,16.18464519
15,WFG6,REMO,11,30,100,300,12.38034214
15,WFG6,REMO,12,30,100,300,14.30942428
15,WFG6,REMO,13,30,100,301,14.24296493
15,WFG6,REMO,14,30,100,300,13.92488775
15,WFG6,REMO,15,30,100,300,11.96954043
15,WFG6,REMO,16,30,100,300,15.00818059
15,WFG6,REMO,17,30,100,301,13.27075621
15,WFG6,REMO,18,30,100,302,14.48122731
15,WFG6,REMO,19,30,100,300,14.51329516
15,WFG6,REMO,2,30,100,301,14.69930562
15,WFG6,REMO,20,30,100,300,14.68769662
15,WFG6,REMO,21,30,100,301,13.03740641
15,WFG6,REMO,22,30,100,300,15.10449008
15,WFG6,REMO,23,30,100,300,14.64767685
15,WFG6,REMO,24,30,100,301,11.73045001
15,WFG6,REMO,25,30,100,300,15.3556582
15,WFG6,REMO,26,30,100,300,13.98466584
15,WFG6,REMO,27,30,100,300,13.84771766
15,WFG6,REMO,28,30,100,300,15.79310201
15,WFG6,REMO,29,30,100,300,14.69606181
15,WFG6,REMO,3,30,100,301,12.26659726
15,WFG6,REMO,30,30,100,300,15.76908487
15,WFG6,REMO,4,30,100,301,15.04759351
15,WFG6,REMO,5,30,100,301,14.59240802
15,WFG6,REMO,6,30,100,302,13.14313272
15,WFG6,REMO,7,30,100,300,15.31673388
15,WFG6,REMO,8,30,100,302,12.31487479
15,WFG6,REMO,9,30,100,300,13.60803639
15,WFG7,REMO,1,30,100,302,15.19402166
15,WFG7,REMO,10,30,100,300,15.78647093
15,WFG7,REMO,11,30,100,303,14.9355573
15,WFG7,REMO,12,30,100,303,15.42568118
15,WFG7,REMO,13,30,100,300,15.30401494
15,WFG7,REMO,14,30,100,303,14.00734408
15,WFG7,REMO,15,30,100,300,13.46793716
15,WFG7,REMO,16,30,100,302,16.42630997
15,WFG7,REMO,17,30,100,300,12.94851564
15,WFG7,REMO,18,30,100,302,15.26716788
15,WFG7,REMO,19,30,100,300,13.56617026
15,WFG7,REMO,2,30,100,300,14.46681225
15,WFG7,REMO,20,30,100,300,14.41812456
15,WFG7,REMO,21,30,100,303,13.44736363
15,WFG7,REMO,22,30,100,300,15.30680347
15,WFG7,REMO,23,30,100,300,13.80869875
15,WFG7,REMO,24,30,100,301,15.52844141
15,WFG7,REMO,25,30,100,300,13.27522356
15,WFG7,REMO,26,30,100,301,15.67476939
15,WFG7,REMO,27,30,100,300,13.58240055
15,WFG7,REMO,28,30,100,303,13.28371095
15,WFG7,REMO,29,30,100,302,12.7933208
15,WFG7,REMO,3,30,100,300,13.32088433
15,WFG7,REMO,30,30,100,303,15.85925683
15,WFG7,REMO,4,30,100,301,13.21740618
15,WFG7,REMO,5,30,100,301,14.49796707
15,WFG7,REMO,6,30,100,300,14.07977753
15,WFG7,REMO,7,30,100,303,14.39265716
15,WFG7,REMO,8,30,100,300,16.54080439
15,WFG7,REMO,9,30,100,302,13.37066951
15,WFG8,REMO,1,30,100,301,14.05673603
15,WFG8,REMO,10,30,100,301,14.6233113
15,WFG8,REMO,11,30,100,301,13.35958151
15,WFG8,REMO,12,30,100,300,13.25678592
15,WFG8,REMO,13,30,100,301,12.92800697
15,WFG8,REMO,14,30,100,302,13.88999982
15,WFG8,REMO,15,30,100,301,13.56293993
15,WFG8,REMO,16,30,100,300,16.13292411
15,WFG8,REMO,17,30,100,300,14.54803522
15,WFG8,REMO,18,30,100,301,14.47282387
15,WFG8,REMO,19,30,100,300,14.13277409
15,WFG8,REMO,2,30,100,300,14.62198028
15,WFG8,REMO,20,30,100,301,14.43192139
15,WFG8,REMO,21,30,100,300,15.96034665
15,WFG8,REMO,22,30,100,302,14.28368977
15,WFG8,REMO,23,30,100,301,13.73204321
15,WFG8,REMO,24,30,100,303,15.41985591
15,WFG8,REMO,25,30,100,301,14.15653392
15,WFG8,REMO,26,30,100,300,13.72082438
15,WFG8,REMO,27,30,100,300,14.44101494
15,WFG8,REMO,28,30,100,302,14.93925802
15,WFG8,REMO,29,30,100,301,15.94301522
15,WFG8,REMO,3,30,100,301,12.96672288
15,WFG8,REMO,30,30,100,300,15.76045974
15,WFG8,REMO,4,30,100,300,14.58715302
15,WFG8,REMO,5,30,100,302,13.53067448
15,WFG8,REMO,6,30,100,302,15.41209808
15,WFG8,REMO,7,30,100,301,14.84072754
15,WFG8,REMO,8,30,100,302,15.20590325
15,WFG8,REMO,9,30,100,300,14.66134253
15,WFG1,PIEA,1,30,100,300,4.285977368
15,WFG1,PIEA,10,30,100,300,4.217890232
15,WFG1,PIEA,11,30,100,300,4.228315653
15,WFG1,PIEA,12,30,100,300,4.284249034
15,WFG1,PIEA,13,30,100,300,4.329282309
15,WFG1,PIEA,14,30,100,300,4.213174245
15,WFG1,PIEA,15,30,100,300,4.296162032
15,WFG1,PIEA,16,30,100,300,4.246714977
15,WFG1,PIEA,17,30,100,300,4.289659398
15,WFG1,PIEA,18,30,100,300,4.239885819
15,WFG1,PIEA,19,30,100,300,4.223353026
15,WFG1,PIEA,2,30,100,300,4.244684074
15,WFG1,PIEA,20,30,100,300,4.280121754
15,WFG1,PIEA,21,30,100,300,4.231585806
15,WFG1,PIEA,22,30,100,300,4.259369105
15,WFG1,PIEA,23,30,100,300,4.213667973
15,WFG1,PIEA,24,30,100,300,4.231150675
15,WFG1,PIEA,25,30,100,300,4.218055846
15,WFG1,PIEA,26,30,100,300,4.26376837
15,WFG1,PIEA,27,30,100,300,4.221922495
15,WFG1,PIEA,28,30,100,300,4.243587273
15,WFG1,PIEA,29,30,100,300,4.279041258
15,WFG1,PIEA,3,30,100,300,4.158175369
15,WFG1,PIEA,30,30,100,300,4.249310419
15,WFG1,PIEA,4,30,100,300,4.295685637
15,WFG1,PIEA,5,30,100,300,4.239089887
15,WFG1,PIEA,6,30,100,300,4.170566134
15,WFG1,PIEA,7,30,100,300,4.214291346
15,WFG1,PIEA,8,30,100,300,4.284744746
15,WFG1,PIEA,9,30,100,300,4.253421109
15,WFG6,PIEA,1,30,100,300,12.62932803
15,WFG6,PIEA,10,30,100,300,13.31501249
15,WFG6,PIEA,11,30,100,300,12.33885509
15,WFG6,PIEA,12,30,100,300,12.48520499
15,WFG6,PIEA,13,30,100,300,13.03969167
15,WFG6,PIEA,14,30,100,300,12.24726887
15,WFG6,PIEA,15,30,100,300,14.38098981
15,WFG6,PIEA,16,30,100,300,12.13016695
15,WFG6,PIEA,17,30,100,300,13.02860883
15,WFG6,PIEA,18,30,100,300,11.64520045
15,WFG6,PIEA,19,30,100,300,12.27400405
15,WFG6,PIEA,2,30,100,300,12.44024475
15,WFG6,PIEA,20,30,100,300,12.57938926
15,WFG6,PIEA,21,30,100,300,13.76954846
15,WFG6,PIEA,22,30,100,300,16.00590193
15,WFG6,PIEA,23,30,100,300,13.3587128
15,WFG6,PIEA,24,30,100,300,12.4222627
15,WFG6,PIEA,25,30,100,300,12.422865
15,WFG6,PIEA,26,30,100,300,11.9404726
15,WFG6,PIEA,27,30,100,300,12.98043865
15,WFG6,PIEA,28,30,100,300,14.12393348
15,WFG6,PIEA,29,30,100,300,13.64438872
15,WFG6,PIEA,3,30,100,300,13.33635297
15,WFG6,PIEA,30,30,100,300,11.69880366
15,WFG6,PIEA,4,30,100,300,13.99940243
15,WFG6,PIEA,5,30,100,300,13.7673339
15,WFG6,PIEA,6,30,100,300,12.80485923
15,WFG6,PIEA,7,30,100,300,12.60796872
15,WFG6,PIEA,8,30,100,300,13.0962218
15,WFG6,PIEA,9,30,100,300,10.84854795
15,WFG7,PIEA,1,30,100,300,14.39402497
15,WFG7,PIEA,10,30,100,300,15.57663392
15,WFG7,PIEA,11,30,100,300,14.81888604
15,WFG7,PIEA,12,30,100,300,14.34224631
15,WFG7,PIEA,13,30,100,300,14.20080714
15,WFG7,PIEA,14,30,100,300,12.90924387
15,WFG7,PIEA,15,30,100,300,16.68434381
15,WFG7,PIEA,16,30,100,300,11.77684326
15,WFG7,PIEA,17,30,100,300,15.93048503
15,WFG7,PIEA,18,30,100,300,15.39196464
15,WFG7,PIEA,19,30,100,300,14.53407455
15,WFG7,PIEA,2,30,100,300,14.4507039
15,WFG7,PIEA,20,30,100,300,17.1264994
15,WFG7,PIEA,21,30,100,300,15.27722162
15,WFG7,PIEA,22,30,100,300,16.20706303
15,WFG7,PIEA,23,30,100,300,14.08931709
15,WFG7,PIEA,24,30,100,300,15.01133189
15,WFG7,PIEA,25,30,100,300,16.55473273
15,WFG7,PIEA,26,30,100,300,13.81988284
15,WFG7,PIEA,27,30,100,300,15.41967176
15,WFG7,PIEA,28,30,100,300,15.32428776
15,WFG7,PIEA,29,30,100,300,13.79838176
15,WFG7,PIEA,3,30,100,300,14.29594761
15,WFG7,PIEA,30,30,100,300,13.83978187
15,WFG7,PIEA,4,30,100,300,15.23125098
15,WFG7,PIEA,5,30,100,300,15.68176266
15,WFG7,PIEA,6,30,100,300,13.58066051
15,WFG7,PIEA,7,30,100,300,12.89958993
15,WFG7,PIEA,8,30,100,300,14.1908062
15,WFG7,PIEA,9,30,100,300,13.68937521
15,WFG8,PIEA,1,30,100,300,12.37806161
15,WFG8,PIEA,10,30,100,300,13.07186805
15,WFG8,PIEA,11,30,100,300,12.95894004
15,WFG8,PIEA,12,30,100,300,12.46333533
15,WFG8,PIEA,13,30,100,300,13.49586714
15,WFG8,PIEA,14,30,100,300,14.21716269
15,WFG8,PIEA,15,30,100,300,15.4908403
15,WFG8,PIEA,16,30,100,300,12.59155183
15,WFG8,PIEA,17,30,100,300,13.14340861
15,WFG8,PIEA,18,30,100,300,13.26498127
15,WFG8,PIEA,19,30,100,300,13.07693011
15,WFG8,PIEA,2,30,100,300,13.54460786
15,WFG8,PIEA,20,30,100,300,13.57299031
15,WFG8,PIEA,21,30,100,300,12.94830929
15,WFG8,PIEA,22,30,100,300,13.10122735
15,WFG8,PIEA,23,30,100,300,13.58144224
15,WFG8,PIEA,24,30,100,300,14.58174212
15,WFG8,PIEA,25,30,100,300,12.836288
15,WFG8,PIEA,26,30,100,300,13.40833072
15,WFG8,PIEA,27,30,100,300,12.69043105
15,WFG8,PIEA,28,30,100,300,12.21785073
15,WFG8,PIEA,29,30,100,300,13.50305727
15,WFG8,PIEA,3,30,100,300,12.93478152
15,WFG8,PIEA,30,30,100,300,13.52747823
15,WFG8,PIEA,4,30,100,300,11.92257222
15,WFG8,PIEA,5,30,100,300,13.68357338
15,WFG8,PIEA,6,30,100,300,13.22733103
15,WFG8,PIEA,7,30,100,300,12.76857153
15,WFG8,PIEA,8,30,100,300,14.46963608
15,WFG8,PIEA,9,30,100,300,11.44924184
15,WFG1,CSEA,1,21,109,309,4.261107048
15,WFG1,CSEA,10,19,109,308,4.233718599
15,WFG1,CSEA,11,18,109,301,4.257130321
15,WFG1,CSEA,12,18,109,300,4.178969344
15,WFG1,CSEA,13,18,109,300,4.087880667
15,WFG1,CSEA,14,19,109,301,4.054878562
15,WFG1,CSEA,15,20,109,309,4.069564189
15,WFG1,CSEA,16,18,109,301,4.12907028
15,WFG1,CSEA,17,19,109,301,4.215021788
15,WFG1,CSEA,18,19,109,302,4.281326368
15,WFG1,CSEA,19,20,109,303,4.230387123
15,WFG1,CSEA,2,19,109,310,4.287591525
15,WFG1,CSEA,20,21,109,308,4.188531898
15,WFG1,CSEA,21,19,109,308,4.279835225
15,WFG1,CSEA,22,21,109,304,4.256193371
15,WFG1,CSEA,23,18,109,300,4.202457372
15,WFG1,CSEA,24,19,109,307,4.258147292
15,WFG1,CSEA,25,19,109,301,4.203211481
15,WFG1,CSEA,26,19,109,309,4.254495453
15,WFG1,CSEA,27,18,109,305,4.249062554
15,WFG1,CSEA,28,21,109,300,4.035834671
15,WFG1,CSEA,29,21,109,305,4.07058339
15,WFG1,CSEA,3,19,109,304,4.147992868
15,WFG1,CSEA,30,20,109,308,4.136099345
15,WFG1,CSEA,4,18,109,302,4.262793555
15,WFG1,CSEA,5,19,109,304,4.273186645
15,WFG1,CSEA,6,18,109,300,4.109608265
15,WFG1,CSEA,7,18,109,303,4.213886044
15,WFG1,CSEA,8,19,109,306,4.172643933
15,WFG1,CSEA,9,18,109,300,4.242844027
15,WFG6,CSEA,1,19,109,302,15.91513102
15,WFG6,CSEA,10,18,109,300,16.05129168
15,WFG6,CSEA,11,19,109,310,16.3686241
15,WFG6,CSEA,12,19,109,310,16.14841902
15,WFG6,CSEA,13,19,109,311,16.24166851
15,WFG6,CSEA,14,18,109,302,16.08606422
15,WFG6,CSEA,15,19,109,304,16.78983122
15,WFG6,CSEA,16,19,109,300,16.30735087
15,WFG6,CSEA,17,20,109,310,15.86065053
15,WFG6,CSEA,18,19,109,306,14.34951833
15,WFG6,CSEA,19,19,109,310,15.24354461
15,WFG6,CSEA,2,18,109,302,15.80586849
15,WFG6,CSEA,20,19,109,305,15.53770873
15,WFG6,CSEA,21,18,109,302,14.85989625
15,WFG6,CSEA,22,19,109,304,14.78442714
15,WFG6,CSEA,23,19,109,302,14.96594966
15,WFG6,CSEA,24,20,109,308,15.10955792
15,WFG6,CSEA,25,19,109,301,16.44051947
15,WFG6,CSEA,26,20,109,304,16.15618622
15,WFG6,CSEA,27,20,109,305,15.94938856
15,WFG6,CSEA,28,20,109,309,16.28613706
15,WFG6,CSEA,29,20,109,309,15.20799332
15,WFG6,CSEA,3,20,109,305,14.78940527
15,WFG6,CSEA,30,19,109,306,15.90012411
15,WFG6,CSEA,4,19,109,303,16.14684901
15,WFG6,CSEA,5,19,109,310,15.52121067
15,WFG6,CSEA,6,19,109,308,15.62334817
15,WFG6,CSEA,7,20,109,307,15.04893171
15,WFG6,CSEA,8,19,109,304,14.51139206
15,WFG6,CSEA,9,20,109,310,16.7684546
15,WFG7,CSEA,1,20,109,311,14.18668691
15,WFG7,CSEA,10,19,109,308,15.98008647
15,WFG7,CSEA,11,20,109,307,15.5268143
15,WFG7,CSEA,12,19,109,300,16.35215264
15,WFG7,CSEA,13,19,109,305,14.80742496
15,WFG7,CSEA,14,19,109,300,16.50543082
15,WFG7,CSEA,15,21,109,309,16.44721286
15,WFG7,CSEA,16,20,109,308,17.37943222
15,WFG7,CSEA,17,19,109,304,17.21150247
15,WFG7,CSEA,18,20,109,307,15.84883641
15,WFG7,CSEA,19,19,109,309,16.00697472
15,WFG7,CSEA,2,19,109,307,17.59905049
15,WFG7,CSEA,20,20,109,310,17.2891161
15,WFG7,CSEA,21,19,109,301,16.34948717
15,WFG7,CSEA,22,19,109,304,17.61395739
15,WFG7,CSEA,23,20,109,307,16.35867808
15,WFG7,CSEA,24,20,109,307,15.69457062
15,WFG7,CSEA,25,21,109,309,14.8260853
15,WFG7,CSEA,26,19,109,301,16.52074905
15,WFG7,CSEA,27,20,109,305,18.0072402
15,WFG7,CSEA,28,20,109,306,15.72229423
15,WFG7,CSEA,29,19,109,306,16.53829632
15,WFG7,CSEA,3,20,109,308,15.01966211
15,WFG7,CSEA,30,19,109,304,18.01876072
15,WFG7,CSEA,4,20,109,309,16.21176023
15,WFG7,CSEA,5,19,109,300,14.5652323
15,WFG7,CSEA,6,18,109,300,17.63849642
15,WFG7,CSEA,7,20,109,310,15.04090466
15,WFG7,CSEA,8,19,109,304,15.31251344
15,WFG7,CSEA,9,19,109,301,16.70269265
15,WFG8,CSEA,1,20,109,304,15.7510905
15,WFG8,CSEA,10,20,109,304,15.59336408
15,WFG8,CSEA,11,20,109,306,14.59180008
15,WFG8,CSEA,12,19,109,303,16.93997101
15,WFG8,CSEA,13,20,109,310,15.34700208
15,WFG8,CSEA,14,20,109,309,15.67129267
15,WFG8,CSEA,15,19,109,301,16.38290927
15,WFG8,CSEA,16,20,109,308,15.61956974
15,WFG8,CSEA,17,19,109,300,16.01414363
15,WFG8,CSEA,18,19,109,302,16.03386854
15,WFG8,CSEA,19,20,109,309,14.99641523
15,WFG8,CSEA,2,19,109,308,15.32684647
15,WFG8,CSEA,20,19,109,310,16.15292888
15,WFG8,CSEA,21,19,109,305,15.43047813
15,WFG8,CSEA,22,19,109,300,14.96294553
15,WFG8,CSEA,23,20,109,307,15.29673313
15,WFG8,CSEA,24,19,109,308,15.90944312
15,WFG8,CSEA,25,19,109,308,17.51150709
15,WFG8,CSEA,26,20,109,306,16.10272954
15,WFG8,CSEA,27,19,109,306,17.08640781
15,WFG8,CSEA,28,20,109,308,16.15341513
15,WFG8,CSEA,29,19,109,308,15.40458987
15,WFG8,CSEA,3,19,109,307,16.46718004
15,WFG8,CSEA,30,19,109,302,15.31094318
15,WFG8,CSEA,4,20,109,306,16.33289317
15,WFG8,CSEA,5,19,109,305,15.75067407
15,WFG8,CSEA,6,18,109,300,15.83235723
15,WFG8,CSEA,7,20,109,301,16.52518032
15,WFG8,CSEA,8,20,109,310,16.22440064
15,WFG8,CSEA,9,19,109,302,16.82430455
15,WFG1,PCSAEA_N100,1,18,100,300,4.286882598
15,WFG1,PCSAEA_N100,10,18,100,300,4.27268298
15,WFG1,PCSAEA_N100,11,18,100,300,4.282798311
15,WFG1,PCSAEA_N100,12,18,100,300,4.261243995
15,WFG1,PCSAEA_N100,13,18,100,300,4.304616112
15,WFG1,PCSAEA_N100,14,18,100,300,4.309269449
15,WFG1,PCSAEA_N100,15,18,100,300,4.274076062
15,WFG1,PCSAEA_N100,16,18,100,300,4.295199518
15,WFG1,PCSAEA_N100,17,18,100,300,4.244001296
15,WFG1,PCSAEA_N100,18,18,100,300,4.330082314
15,WFG1,PCSAEA_N100,19,18,100,300,4.296535949
15,WFG1,PCSAEA_N100,2,18,100,300,4.341308607
15,WFG1,PCSAEA_N100,20,18,100,300,4.297852142
15,WFG1,PCSAEA_N100,21,18,100,300,4.290361457
15,WFG1,PCSAEA_N100,22,18,100,300,4.312368134
15,WFG1,PCSAEA_N100,23,18,100,300,4.252887146
15,WFG1,PCSAEA_N100,24,18,100,300,4.284910677
15,WFG1,PCSAEA_N100,25,18,100,300,4.350687064
15,WFG1,PCSAEA_N100,26,18,100,300,4.261821068
15,WFG1,PCSAEA_N100,27,18,100,300,4.274350221
15,WFG1,PCSAEA_N100,28,18,100,300,4.299456722
15,WFG1,PCSAEA_N100,29,18,100,300,4.218030339
15,WFG1,PCSAEA_N100,3,18,100,300,4.278642249
15,WFG1,PCSAEA_N100,30,18,100,300,4.279675543
15,WFG1,PCSAEA_N100,4,18,100,300,4.296762608
15,WFG1,PCSAEA_N100,5,18,100,300,4.28447918
15,WFG1,PCSAEA_N100,6,18,100,300,4.309419369
15,WFG1,PCSAEA_N100,7,18,100,300,4.308431882
15,WFG1,PCSAEA_N100,8,18,100,300,4.282595456
15,WFG1,PCSAEA_N100,9,18,100,300,4.235818461
15,WFG6,PCSAEA_N100,1,18,100,300,14.84759334
15,WFG6,PCSAEA_N100,10,18,100,300,15.03999503
15,WFG6,PCSAEA_N100,11,18,100,300,15.54885435
15,WFG6,PCSAEA_N100,12,18,100,300,14.26124099
15,WFG6,PCSAEA_N100,13,18,100,300,14.09114884
15,WFG6,PCSAEA_N100,14,18,100,300,14.60670978
15,WFG6,PCSAEA_N100,15,18,100,300,15.36273452
15,WFG6,PCSAEA_N100,16,18,100,300,15.02608528
15,WFG6,PCSAEA_N100,17,18,100,300,14.90286166
15,WFG6,PCSAEA_N100,18,18,100,300,14.06547282
15,WFG6,PCSAEA_N100,19,18,100,300,14.72228828
15,WFG6,PCSAEA_N100,2,18,100,300,14.41392322
15,WFG6,PCSAEA_N100,20,18,100,300,15.43879552
15,WFG6,PCSAEA_N100,21,18,100,300,15.3941853
15,WFG6,PCSAEA_N100,22,18,100,300,15.49356836
15,WFG6,PCSAEA_N100,23,18,100,300,13.57798426
15,WFG6,PCSAEA_N100,24,18,100,300,13.6570123
15,WFG6,PCSAEA_N100,25,18,100,300,14.22737066
15,WFG6,PCSAEA_N100,26,18,100,300,14.09579353
15,WFG6,PCSAEA_N100,27,18,100,300,14.59565163
15,WFG6,PCSAEA_N100,28,18,100,300,14.0723907
15,WFG6,PCSAEA_N100,29,18,100,300,15.17581874
15,WFG6,PCSAEA_N100,3,18,100,300,14.52933094
15,WFG6,PCSAEA_N100,30,18,100,300,15.09303287
15,WFG6,PCSAEA_N100,4,18,100,300,14.10072281
15,WFG6,PCSAEA_N100,5,18,100,300,11.97261106
15,WFG6,PCSAEA_N100,6,18,100,300,15.17081981
15,WFG6,PCSAEA_N100,7,18,100,300,14.52913396
15,WFG6,PCSAEA_N100,8,18,100,300,14.67658169
15,WFG6,PCSAEA_N100,9,18,100,300,13.76582164
15,WFG7,PCSAEA_N100,1,18,100,300,15.9242057
15,WFG7,PCSAEA_N100,10,18,100,300,14.48073667
15,WFG7,PCSAEA_N100,11,18,100,300,15.68274996
15,WFG7,PCSAEA_N100,12,18,100,300,14.9622334
15,WFG7,PCSAEA_N100,13,18,100,300,16.11102534
15,WFG7,PCSAEA_N100,14,18,100,300,16.322568
15,WFG7,PCSAEA_N100,15,18,100,300,15.19069518
15,WFG7,PCSAEA_N100,16,18,100,300,15.64740442
15,WFG7,PCSAEA_N100,17,18,100,300,14.98247691
15,WFG7,PCSAEA_N100,18,18,100,300,15.91215567
15,WFG7,PCSAEA_N100,19,18,100,300,16.31045996
15,WFG7,PCSAEA_N100,2,18,100,300,15.66339156
15,WFG7,PCSAEA_N100,20,18,100,300,14.11569378
15,WFG7,PCSAEA_N100,21,18,100,300,15.66219445
15,WFG7,PCSAEA_N100,22,18,100,300,16.00072657
15,WFG7,PCSAEA_N100,23,18,100,300,15.18830349
15,WFG7,PCSAEA_N100,24,18,100,300,14.88519424
15,WFG7,PCSAEA_N100,25,18,100,300,15.74463295
15,WFG7,PCSAEA_N100,26,18,100,300,15.33908023
15,WFG7,PCSAEA_N100,27,18,100,300,14.60102057
15,WFG7,PCSAEA_N100,28,18,100,300,15.78443483
15,WFG7,PCSAEA_N100,29,18,100,300,15.59459962
15,WFG7,PCSAEA_N100,3,18,100,300,14.37637159
15,WFG7,PCSAEA_N100,30,18,100,300,14.62755235
15,WFG7,PCSAEA_N100,4,18,100,300,16.50833036
15,WFG7,PCSAEA_N100,5,18,100,300,16.36840918
15,WFG7,PCSAEA_N100,6,18,100,300,15.63138329
15,WFG7,PCSAEA_N100,7,18,100,300,15.98083572
15,WFG7,PCSAEA_N100,8,18,100,300,15.14065481
15,WFG7,PCSAEA_N100,9,18,100,300,16.07192565
15,WFG8,PCSAEA_N100,1,18,100,300,15.51685933
15,WFG8,PCSAEA_N100,10,18,100,300,15.23733933
15,WFG8,PCSAEA_N100,11,18,100,300,14.46404828
15,WFG8,PCSAEA_N100,12,18,100,300,14.50156684
15,WFG8,PCSAEA_N100,13,18,100,300,14.45070788
15,WFG8,PCSAEA_N100,14,18,100,300,14.27644076
15,WFG8,PCSAEA_N100,15,18,100,300,15.49520291
15,WFG8,PCSAEA_N100,16,18,100,300,15.27421031
15,WFG8,PCSAEA_N100,17,18,100,300,15.26626692
15,WFG8,PCSAEA_N100,18,18,100,300,15.21862708
15,WFG8,PCSAEA_N100,19,18,100,300,14.3240739
15,WFG8,PCSAEA_N100,2,18,100,300,14.50646861
15,WFG8,PCSAEA_N100,20,18,100,300,14.70550174
15,WFG8,PCSAEA_N100,21,18,100,300,14.49978557
15,WFG8,PCSAEA_N100,22,18,100,300,15.88687845
15,WFG8,PCSAEA_N100,23,18,100,300,15.0711202
15,WFG8,PCSAEA_N100,24,18,100,300,14.83336273
15,WFG8,PCSAEA_N100,25,18,100,300,15.05011858
15,WFG8,PCSAEA_N100,26,18,100,300,15.85771143
15,WFG8,PCSAEA_N100,27,18,100,300,15.60704614
15,WFG8,PCSAEA_N100,28,18,100,300,16.11264368
15,WFG8,PCSAEA_N100,29,18,100,300,14.75392799
15,WFG8,PCSAEA_N100,3,18,100,300,14.52848596
15,WFG8,PCSAEA_N100,30,18,100,300,15.34522455
15,WFG8,PCSAEA_N100,4,18,100,300,15.86598278
15,WFG8,PCSAEA_N100,5,18,100,300,14.83016675
15,WFG8,PCSAEA_N100,6,18,100,300,15.09329152
15,WFG8,PCSAEA_N100,7,18,100,300,14.46482479
15,WFG8,PCSAEA_N100,8,18,100,300,14.86201072
15,WFG8,PCSAEA_N100,9,18,100,300,14.95904238
15,WFG1,KRVEA_100,1,18,100,300,4.15656156
15,WFG1,KRVEA_100,10,18,100,300,4.193661648
15,WFG1,KRVEA_100,11,18,100,300,4.268624509
15,WFG1,KRVEA_100,12,18,100,300,4.226315238
15,WFG1,KRVEA_100,13,18,100,300,4.207449158
15,WFG1,KRVEA_100,14,18,100,300,4.249075657
15,WFG1,KRVEA_100,15,18,100,300,4.247358097
15,WFG1,KRVEA_100,16,18,100,300,4.266315742
15,WFG1,KRVEA_100,17,18,100,300,4.272929459
15,WFG1,KRVEA_100,18,18,100,300,4.220573005
15,WFG1,KRVEA_100,19,30,100,300,4.228482079
15,WFG1,KRVEA_100,2,18,100,300,4.257190219
15,WFG1,KRVEA_100,20,30,100,300,4.304502144
15,WFG1,KRVEA_100,21,30,100,300,4.252501329
15,WFG1,KRVEA_100,22,30,100,300,4.284588441
15,WFG1,KRVEA_100,23,30,100,300,4.192469602
15,WFG1,KRVEA_100,24,30,100,300,4.275879031
15,WFG1,KRVEA_100,25,30,100,300,4.286043121
15,WFG1,KRVEA_100,26,30,100,300,4.289305608
15,WFG1,KRVEA_100,27,30,100,300,4.257785684
15,WFG1,KRVEA_100,28,30,100,300,4.279895341
15,WFG1,KRVEA_100,29,30,100,300,4.232277341
15,WFG1,KRVEA_100,3,18,100,300,4.202014225
15,WFG1,KRVEA_100,30,30,100,300,4.265554298
15,WFG1,KRVEA_100,4,18,100,300,4.238085297
15,WFG1,KRVEA_100,5,18,100,300,4.227470054
15,WFG1,KRVEA_100,6,18,100,300,4.282004045
15,WFG1,KRVEA_100,7,18,100,300,4.180697597
15,WFG1,KRVEA_100,8,18,100,300,4.266831958
15,WFG1,KRVEA_100,9,18,100,300,4.229123187
15,WFG6,KRVEA_100,1,18,100,300,12.86793446
15,WFG6,KRVEA_100,10,18,100,300,10.41893579
15,WFG6,KRVEA_100,11,18,100,300,11.0595401
15,WFG6,KRVEA_100,12,18,100,300,10.31170793
15,WFG6,KRVEA_100,13,18,100,300,9.555130927
15,WFG6,KRVEA_100,14,18,100,300,10.19761757
15,WFG6,KRVEA_100,15,18,100,300,9.502867892
15,WFG6,KRVEA_100,16,18,100,300,10.38653546
15,WFG6,KRVEA_100,17,18,100,300,10.90853425
15,WFG6,KRVEA_100,18,18,100,300,9.602114747
15,WFG6,KRVEA_100,19,30,100,300,10.97614363
15,WFG6,KRVEA_100,2,18,100,300,9.236594586
15,WFG6,KRVEA_100,20,30,100,300,10.58635772
15,WFG6,KRVEA_100,21,30,100,300,9.061410344
15,WFG6,KRVEA_100,22,30,100,300,11.55532594
15,WFG6,KRVEA_100,23,30,100,300,10.56957661
15,WFG6,KRVEA_100,24,30,100,300,11.07690554
15,WFG6,KRVEA_100,25,30,100,300,10.46444418
15,WFG6,KRVEA_100,26,30,100,300,13.08131573
15,WFG6,KRVEA_100,27,30,100,300,11.48342242
15,WFG6,KRVEA_100,28,30,100,300,10.16404315
15,WFG6,KRVEA_100,29,30,100,300,10.79160298
15,WFG6,KRVEA_100,3,18,100,300,9.814030929
15,WFG6,KRVEA_100,30,30,100,300,9.757844677
15,WFG6,KRVEA_100,4,18,100,300,11.47794315
15,WFG6,KRVEA_100,5,18,100,300,11.96362772
15,WFG6,KRVEA_100,6,18,100,300,11.29266169
15,WFG6,KRVEA_100,7,18,100,300,10.89502156
15,WFG6,KRVEA_100,8,18,100,300,11.58663704
15,WFG6,KRVEA_100,9,18,100,300,10.76843866
15,WFG7,KRVEA_100,1,18,100,300,13.80949625
15,WFG7,KRVEA_100,10,18,100,300,15.0481239
15,WFG7,KRVEA_100,11,18,100,300,15.89958299
15,WFG7,KRVEA_100,12,18,100,300,15.00734109
15,WFG7,KRVEA_100,13,18,100,300,14.44145014
15,WFG7,KRVEA_100,14,18,100,300,16.45966396
15,WFG7,KRVEA_100,15,18,100,300,13.7340535
15,WFG7,KRVEA_100,16,18,100,300,15.68504232
15,WFG7,KRVEA_100,17,18,100,300,14.1990711
15,WFG7,KRVEA_100,18,18,100,300,14.84116303
15,WFG7,KRVEA_100,19,30,100,300,17.85072986
15,WFG7,KRVEA_100,2,18,100,300,13.35573957
15,WFG7,KRVEA_100,20,30,100,300,14.88638873
15,WFG7,KRVEA_100,21,30,100,300,16.25532134
15,WFG7,KRVEA_100,22,30,100,300,15.78826141
15,WFG7,KRVEA_100,23,30,100,300,15.63015481
15,WFG7,KRVEA_100,24,30,100,300,13.14744223
15,WFG7,KRVEA_100,25,30,100,300,17.35482907
15,WFG7,KRVEA_100,26,30,100,300,14.16249796
15,WFG7,KRVEA_100,27,30,100,300,17.13050243
15,WFG7,KRVEA_100,28,30,100,300,12.22644901
15,WFG7,KRVEA_100,29,30,100,300,14.52782636
15,WFG7,KRVEA_100,3,18,100,300,17.03447775
15,WFG7,KRVEA_100,30,30,100,300,16.0185861
15,WFG7,KRVEA_100,4,18,100,300,12.5960638
15,WFG7,KRVEA_100,5,18,100,300,17.76981183
15,WFG7,KRVEA_100,6,18,100,300,16.77951791
15,WFG7,KRVEA_100,7,18,100,300,17.03196864
15,WFG7,KRVEA_100,8,18,100,300,15.74629871
15,WFG7,KRVEA_100,9,18,100,300,14.45891633
15,WFG8,KRVEA_100,1,18,100,300,12.62888124
15,WFG8,KRVEA_100,10,18,100,300,11.33902229
15,WFG8,KRVEA_100,11,18,100,300,13.0965814
15,WFG8,KRVEA_100,12,18,100,300,11.10521783
15,WFG8,KRVEA_100,13,18,100,300,13.54023573
15,WFG8,KRVEA_100,14,18,100,300,13.01723855
15,WFG8,KRVEA_100,15,18,100,300,12.12954778
15,WFG8,KRVEA_100,16,18,100,300,11.38976564
15,WFG8,KRVEA_100,17,18,100,300,11.65979596
15,WFG8,KRVEA_100,18,18,100,300,10.5038529
15,WFG8,KRVEA_100,19,30,100,300,10.19474249
15,WFG8,KRVEA_100,2,18,100,300,11.86363495
15,WFG8,KRVEA_100,20,30,100,300,14.98196547
15,WFG8,KRVEA_100,21,30,100,300,11.89816217
15,WFG8,KRVEA_100,22,30,100,300,13.3137652
15,WFG8,KRVEA_100,23,30,100,300,11.23706801
15,WFG8,KRVEA_100,24,30,100,300,11.42431989
15,WFG8,KRVEA_100,25,30,100,300,13.12560264
15,WFG8,KRVEA_100,26,30,100,300,12.12269442
15,WFG8,KRVEA_100,27,30,100,300,12.0495963
15,WFG8,KRVEA_100,28,30,100,300,12.96430592
15,WFG8,KRVEA_100,29,30,100,300,12.63538481
15,WFG8,KRVEA_100,3,18,100,300,13.06245491
15,WFG8,KRVEA_100,30,30,100,300,11.53835178
15,WFG8,KRVEA_100,4,18,100,300,12.06051411
15,WFG8,KRVEA_100,5,18,100,300,12.67933602
15,WFG8,KRVEA_100,6,18,100,300,13.65336737
15,WFG8,KRVEA_100,7,18,100,300,11.54205049
15,WFG8,KRVEA_100,8,18,100,300,13.075785
15,WFG8,KRVEA_100,9,18,100,300,12.98912643
15,WFG1,MCEAD,1,30,30,300,4.333925811
15,WFG1,MCEAD,10,30,30,300,4.341837082
15,WFG1,MCEAD,11,30,30,300,4.310991441
15,WFG1,MCEAD,12,30,30,300,4.403371031
15,WFG1,MCEAD,13,30,30,300,4.353965539
15,WFG1,MCEAD,14,30,30,300,4.374834288
15,WFG1,MCEAD,15,30,30,300,4.354952344
15,WFG1,MCEAD,16,30,30,300,4.278417787
15,WFG1,MCEAD,17,30,30,300,4.359750482
15,WFG1,MCEAD,18,30,30,300,4.350319588
15,WFG1,MCEAD,19,30,30,300,4.342565408
15,WFG1,MCEAD,2,30,30,300,4.344043043
15,WFG1,MCEAD,20,30,30,300,4.393413123
15,WFG1,MCEAD,21,30,30,300,4.352974636
15,WFG1,MCEAD,22,30,30,300,4.403439498
15,WFG1,MCEAD,23,30,30,300,4.367476462
15,WFG1,MCEAD,24,30,30,300,4.170585911
15,WFG1,MCEAD,25,30,30,300,4.33891152
15,WFG1,MCEAD,26,30,30,300,4.373533117
15,WFG1,MCEAD,27,30,30,300,4.303185966
15,WFG1,MCEAD,28,30,30,300,4.367539165
15,WFG1,MCEAD,29,30,30,300,4.266692522
15,WFG1,MCEAD,3,30,30,300,4.432145644
15,WFG1,MCEAD,30,30,30,300,4.284109029
15,WFG1,MCEAD,4,30,30,300,4.346748798
15,WFG1,MCEAD,5,30,30,300,4.388401688
15,WFG1,MCEAD,6,30,30,300,4.399159484
15,WFG1,MCEAD,7,30,30,300,4.328429478
15,WFG1,MCEAD,8,30,30,300,4.383061426
15,WFG1,MCEAD,9,30,30,300,4.38799124
15,WFG6,MCEAD,1,30,30,300,17.1936625
15,WFG6,MCEAD,10,30,30,300,11.87613661
15,WFG6,MCEAD,11,30,30,300,15.97703536
15,WFG6,MCEAD,12,30,30,300,12.73369272
15,WFG6,MCEAD,13,30,30,300,17.48641763
15,WFG6,MCEAD,14,30,30,300,15.33690112
15,WFG6,MCEAD,15,30,30,300,15.77218457
15,WFG6,MCEAD,16,30,30,300,16.54956215
15,WFG6,MCEAD,17,30,30,300,11.78724136
15,WFG6,MCEAD,18,30,30,300,14.68581926
15,WFG6,MCEAD,19,30,30,300,13.81800515
15,WFG6,MCEAD,2,30,30,300,17.60955565
15,WFG6,MCEAD,20,30,30,300,14.59375151
15,WFG6,MCEAD,21,30,30,300,11.71258398
15,WFG6,MCEAD,22,30,30,300,16.74960482
15,WFG6,MCEAD,23,30,30,300,15.00905704
15,WFG6,MCEAD,24,30,30,300,15.58235166
15,WFG6,MCEAD,25,30,30,300,16.27178081
15,WFG6,MCEAD,26,30,30,300,14.49225684
15,WFG6,MCEAD,27,30,30,300,15.78288748
15,WFG6,MCEAD,28,30,30,300,16.25447555
15,WFG6,MCEAD,29,30,30,300,16.46610381
15,WFG6,MCEAD,3,30,30,300,14.35589772
15,WFG6,MCEAD,30,30,30,300,16.62862798
15,WFG6,MCEAD,4,30,30,300,17.85181331
15,WFG6,MCEAD,5,30,30,300,16.37016006
15,WFG6,MCEAD,6,30,30,300,11.9200682
15,WFG6,MCEAD,7,30,30,300,14.55300982
15,WFG6,MCEAD,8,30,30,300,16.96362471
15,WFG6,MCEAD,9,30,30,300,18.15821349
15,WFG7,MCEAD,1,30,30,300,15.69800828
15,WFG7,MCEAD,10,30,30,300,14.8851866
15,WFG7,MCEAD,11,30,30,300,17.71173715
15,WFG7,MCEAD,12,30,30,300,14.7202714
15,WFG7,MCEAD,13,30,30,300,18.22577003
15,WFG7,MCEAD,14,30,30,300,18.16381584
15,WFG7,MCEAD,15,30,30,300,15.85529624
15,WFG7,MCEAD,16,30,30,300,14.78426159
15,WFG7,MCEAD,17,30,30,300,15.44885534
15,WFG7,MCEAD,18,30,30,300,15.23515404
15,WFG7,MCEAD,19,30,30,300,18.43870873
15,WFG7,MCEAD,2,30,30,300,15.86924192
15,WFG7,MCEAD,20,30,30,300,17.66476768
15,WFG7,MCEAD,21,30,30,300,16.31459757
15,WFG7,MCEAD,22,30,30,300,16.86456731
15,WFG7,MCEAD,23,30,30,300,18.96564713
15,WFG7,MCEAD,24,30,30,300,17.01050821
15,WFG7,MCEAD,25,30,30,300,17.28059912
15,WFG7,MCEAD,26,30,30,300,17.20039251
15,WFG7,MCEAD,27,30,30,300,14.54349855
15,WFG7,MCEAD,28,30,30,300,15.52832361
15,WFG7,MCEAD,29,30,30,300,15.65137999
15,WFG7,MCEAD,3,30,30,300,17.44657866
15,WFG7,MCEAD,30,30,30,300,17.19892639
15,WFG7,MCEAD,4,30,30,300,13.20403902
15,WFG7,MCEAD,5,30,30,300,19.81170848
15,WFG7,MCEAD,6,30,30,300,19.43259821
15,WFG7,MCEAD,7,30,30,300,17.13352423
15,WFG7,MCEAD,8,30,30,300,17.34915938
15,WFG7,MCEAD,9,30,30,300,17.40854469
15,WFG8,MCEAD,1,30,30,300,14.83860511
15,WFG8,MCEAD,10,30,30,300,16.30148993
15,WFG8,MCEAD,11,30,30,300,14.30238097
15,WFG8,MCEAD,12,30,30,300,12.69964585
15,WFG8,MCEAD,13,30,30,300,16.34865736
15,WFG8,MCEAD,14,30,30,300,14.57354713
15,WFG8,MCEAD,15,30,30,300,13.54398425
15,WFG8,MCEAD,16,30,30,300,17.23884553
15,WFG8,MCEAD,17,30,30,300,15.39885711
15,WFG8,MCEAD,18,30,30,300,14.55910784
15,WFG8,MCEAD,19,30,30,300,13.9636852
15,WFG8,MCEAD,2,30,30,300,12.65310602
15,WFG8,MCEAD,20,30,30,300,13.7141694
15,WFG8,MCEAD,21,30,30,300,14.32072061
15,WFG8,MCEAD,22,30,30,300,15.54954642
15,WFG8,MCEAD,23,30,30,300,14.66270459
15,WFG8,MCEAD,24,30,30,300,16.19437143
15,WFG8,MCEAD,25,30,30,300,14.65398514
15,WFG8,MCEAD,26,30,30,300,16.54994814
15,WFG8,MCEAD,27,30,30,300,14.61409873
15,WFG8,MCEAD,28,30,30,300,13.48930369
15,WFG8,MCEAD,29,30,30,300,16.48555059
15,WFG8,MCEAD,3,30,30,300,16.20967769
15,WFG8,MCEAD,30,30,30,300,14.07953414
15,WFG8,MCEAD,4,30,30,300,14.99270651
15,WFG8,MCEAD,5,30,30,300,16.47265091
15,WFG8,MCEAD,6,30,30,300,15.45781785
15,WFG8,MCEAD,7,30,30,300,15.30318937
15,WFG8,MCEAD,8,30,30,300,18.19965364
15,WFG8,MCEAD,9,30,30,300,14.15337123
15,WFG1,REMO_UniformMix_Pruned_Weighted_Lambdat030,1,30,100,300,4.189837999
15,WFG1,REMO_UniformMix_Pruned_Weighted_Lambdat030,10,30,100,300,4.143794457
15,WFG1,REMO_UniformMix_Pruned_Weighted_Lambdat030,11,30,100,300,4.080282
15,WFG1,REMO_UniformMix_Pruned_Weighted_Lambdat030,12,30,100,300,4.12393624
15,WFG1,REMO_UniformMix_Pruned_Weighted_Lambdat030,13,30,100,300,4.204782286
15,WFG1,REMO_UniformMix_Pruned_Weighted_Lambdat030,14,30,100,300,4.158226705
15,WFG1,REMO_UniformMix_Pruned_Weighted_Lambdat030,15,30,100,300,4.126613046
15,WFG1,REMO_UniformMix_Pruned_Weighted_Lambdat030,16,30,100,300,4.140048805
15,WFG1,REMO_UniformMix_Pruned_Weighted_Lambdat030,17,30,100,300,4.203506984
15,WFG1,REMO_UniformMix_Pruned_Weighted_Lambdat030,18,30,100,300,4.155764143
15,WFG1,REMO_UniformMix_Pruned_Weighted_Lambdat030,19,30,100,300,4.149860113
15,WFG1,REMO_UniformMix_Pruned_Weighted_Lambdat030,2,30,100,300,4.149254375
15,WFG1,REMO_UniformMix_Pruned_Weighted_Lambdat030,20,30,100,300,4.241244541
15,WFG1,REMO_UniformMix_Pruned_Weighted_Lambdat030,3,30,100,300,4.155782535
15,WFG1,REMO_UniformMix_Pruned_Weighted_Lambdat030,4,30,100,300,4.114658433
15,WFG1,REMO_UniformMix_Pruned_Weighted_Lambdat030,5,30,100,300,4.178073765
15,WFG1,REMO_UniformMix_Pruned_Weighted_Lambdat030,6,30,100,300,4.178805228
15,WFG1,REMO_UniformMix_Pruned_Weighted_Lambdat030,7,30,100,300,4.207902639
15,WFG1,REMO_UniformMix_Pruned_Weighted_Lambdat030,8,30,100,300,4.183504505
15,WFG1,REMO_UniformMix_Pruned_Weighted_Lambdat030,9,30,100,300,4.196428854
15,WFG6,REMO_UniformMix_Pruned_Weighted_Lambdat030,1,30,100,300,10.15907762
15,WFG6,REMO_UniformMix_Pruned_Weighted_Lambdat030,10,30,100,300,10.26405417
15,WFG6,REMO_UniformMix_Pruned_Weighted_Lambdat030,11,30,100,300,10.81769824
15,WFG6,REMO_UniformMix_Pruned_Weighted_Lambdat030,12,30,100,300,9.649420865
15,WFG6,REMO_UniformMix_Pruned_Weighted_Lambdat030,13,30,100,300,9.939507373
15,WFG6,REMO_UniformMix_Pruned_Weighted_Lambdat030,14,30,100,300,11.03599633
15,WFG6,REMO_UniformMix_Pruned_Weighted_Lambdat030,15,30,100,300,10.49752127
15,WFG6,REMO_UniformMix_Pruned_Weighted_Lambdat030,16,30,100,300,10.37790623
15,WFG6,REMO_UniformMix_Pruned_Weighted_Lambdat030,17,30,100,300,11.04857086
15,WFG6,REMO_UniformMix_Pruned_Weighted_Lambdat030,18,30,100,300,10.29528247
15,WFG6,REMO_UniformMix_Pruned_Weighted_Lambdat030,19,30,100,300,10.00965484
15,WFG6,REMO_UniformMix_Pruned_Weighted_Lambdat030,2,30,100,300,9.942497456
15,WFG6,REMO_UniformMix_Pruned_Weighted_Lambdat030,20,30,100,300,10.62160648
15,WFG6,REMO_UniformMix_Pruned_Weighted_Lambdat030,3,30,100,300,9.908110948
15,WFG6,REMO_UniformMix_Pruned_Weighted_Lambdat030,4,30,100,300,10.22125059
15,WFG6,REMO_UniformMix_Pruned_Weighted_Lambdat030,5,30,100,300,10.89057185
15,WFG6,REMO_UniformMix_Pruned_Weighted_Lambdat030,6,30,100,300,11.22415768
15,WFG6,REMO_UniformMix_Pruned_Weighted_Lambdat030,7,30,100,300,11.33429938
15,WFG6,REMO_UniformMix_Pruned_Weighted_Lambdat030,8,30,100,300,9.70350701
15,WFG6,REMO_UniformMix_Pruned_Weighted_Lambdat030,9,30,100,300,10.88703245
15,WFG7,REMO_UniformMix_Pruned_Weighted_Lambdat030,1,30,100,300,11.70826017
15,WFG7,REMO_UniformMix_Pruned_Weighted_Lambdat030,10,30,100,300,13.32598594
15,WFG7,REMO_UniformMix_Pruned_Weighted_Lambdat030,11,30,100,300,10.9426697
15,WFG7,REMO_UniformMix_Pruned_Weighted_Lambdat030,12,30,100,300,11.42437835
15,WFG7,REMO_UniformMix_Pruned_Weighted_Lambdat030,13,30,100,300,11.25177347
15,WFG7,REMO_UniformMix_Pruned_Weighted_Lambdat030,14,30,100,300,10.70188743
15,WFG7,REMO_UniformMix_Pruned_Weighted_Lambdat030,15,30,100,300,10.99829139
15,WFG7,REMO_UniformMix_Pruned_Weighted_Lambdat030,16,30,100,300,12.40002273
15,WFG7,REMO_UniformMix_Pruned_Weighted_Lambdat030,17,30,100,300,11.26673007
15,WFG7,REMO_UniformMix_Pruned_Weighted_Lambdat030,18,30,100,300,10.07631605
15,WFG7,REMO_UniformMix_Pruned_Weighted_Lambdat030,19,30,100,300,11.88598079
15,WFG7,REMO_UniformMix_Pruned_Weighted_Lambdat030,2,30,100,300,9.744734003
15,WFG7,REMO_UniformMix_Pruned_Weighted_Lambdat030,20,30,100,300,12.48205006
15,WFG7,REMO_UniformMix_Pruned_Weighted_Lambdat030,3,30,100,300,11.64031012
15,WFG7,REMO_UniformMix_Pruned_Weighted_Lambdat030,4,30,100,300,11.88831071
15,WFG7,REMO_UniformMix_Pruned_Weighted_Lambdat030,5,30,100,300,10.58030953
15,WFG7,REMO_UniformMix_Pruned_Weighted_Lambdat030,6,30,100,300,12.20633031
15,WFG7,REMO_UniformMix_Pruned_Weighted_Lambdat030,7,30,100,300,11.03622433
15,WFG7,REMO_UniformMix_Pruned_Weighted_Lambdat030,8,30,100,300,10.03302469
15,WFG7,REMO_UniformMix_Pruned_Weighted_Lambdat030,9,30,100,300,11.61916735
15,WFG8,REMO_UniformMix_Pruned_Weighted_Lambdat030,1,30,100,300,12.20636311
15,WFG8,REMO_UniformMix_Pruned_Weighted_Lambdat030,10,30,100,300,11.52382179
15,WFG8,REMO_UniformMix_Pruned_Weighted_Lambdat030,11,30,100,300,12.45808921
15,WFG8,REMO_UniformMix_Pruned_Weighted_Lambdat030,12,30,100,300,12.13189054
15,WFG8,REMO_UniformMix_Pruned_Weighted_Lambdat030,13,30,100,300,11.47057568
15,WFG8,REMO_UniformMix_Pruned_Weighted_Lambdat030,14,30,100,300,11.59452468
15,WFG8,REMO_UniformMix_Pruned_Weighted_Lambdat030,15,30,100,300,12.09120777
15,WFG8,REMO_UniformMix_Pruned_Weighted_Lambdat030,16,30,100,300,12.18012004
15,WFG8,REMO_UniformMix_Pruned_Weighted_Lambdat030,17,30,100,300,12.40250517
15,WFG8,REMO_UniformMix_Pruned_Weighted_Lambdat030,18,30,100,300,12.00555163
15,WFG8,REMO_UniformMix_Pruned_Weighted_Lambdat030,19,30,100,300,11.59897079
15,WFG8,REMO_UniformMix_Pruned_Weighted_Lambdat030,2,30,100,300,10.81482747
15,WFG8,REMO_UniformMix_Pruned_Weighted_Lambdat030,20,30,100,300,12.61303553
15,WFG8,REMO_UniformMix_Pruned_Weighted_Lambdat030,3,30,100,300,12.27756252
15,WFG8,REMO_UniformMix_Pruned_Weighted_Lambdat030,4,30,100,300,11.01481732
15,WFG8,REMO_UniformMix_Pruned_Weighted_Lambdat030,5,30,100,300,11.35947425
15,WFG8,REMO_UniformMix_Pruned_Weighted_Lambdat030,6,30,100,300,11.43903539
15,WFG8,REMO_UniformMix_Pruned_Weighted_Lambdat030,7,30,100,300,12.26527964
15,WFG8,REMO_UniformMix_Pruned_Weighted_Lambdat030,8,30,100,300,12.14323879
15,WFG8,REMO_UniformMix_Pruned_Weighted_Lambdat030,9,30,100,300,10.65321171
20,WFG1,REMO,1,30,100,305,5.78193149
20,WFG1,REMO,10,29,100,304,5.582224385
20,WFG1,REMO,11,30,100,300,5.622731904
20,WFG1,REMO,12,30,100,300,5.582693827
20,WFG1,REMO,13,30,100,302,5.658693958
20,WFG1,REMO,14,30,100,302,5.592477017
20,WFG1,REMO,15,30,100,302,5.717058014
20,WFG1,REMO,16,30,100,302,5.601157907
20,WFG1,REMO,17,30,100,300,5.553488696
20,WFG1,REMO,18,27,100,300,5.62251762
20,WFG1,REMO,19,30,100,302,5.674267819
20,WFG1,REMO,2,29,100,300,5.426486499
20,WFG1,REMO,20,30,100,301,5.661060307
20,WFG1,REMO,21,30,100,305,5.51519047
20,WFG1,REMO,22,30,100,301,5.756803129
20,WFG1,REMO,23,30,100,304,5.693451266
20,WFG1,REMO,24,27,100,301,5.762087558
20,WFG1,REMO,25,24,100,303,5.467390388
20,WFG1,REMO,26,30,100,300,5.778034576
20,WFG1,REMO,27,30,100,300,5.62404446
20,WFG1,REMO,28,30,100,303,5.658900877
20,WFG1,REMO,29,30,100,302,5.620377718
20,WFG1,REMO,3,30,100,302,5.540249657
20,WFG1,REMO,30,30,100,302,5.541441857
20,WFG1,REMO,4,30,100,301,5.69087087
20,WFG1,REMO,5,30,100,300,5.727744321
20,WFG1,REMO,6,28,100,301,5.529027629
20,WFG1,REMO,7,30,100,305,5.620183841
20,WFG1,REMO,8,30,100,304,5.569163849
20,WFG1,REMO,9,28,100,303,5.744720941
20,WFG6,REMO,1,30,100,300,21.21526258
20,WFG6,REMO,10,30,100,303,24.01032483
20,WFG6,REMO,11,30,100,301,24.38780465
20,WFG6,REMO,12,30,100,300,24.65637674
20,WFG6,REMO,13,30,100,301,23.65032757
20,WFG6,REMO,14,30,100,301,26.98806599
20,WFG6,REMO,15,30,100,302,24.73260625
20,WFG6,REMO,16,30,100,300,24.93928784
20,WFG6,REMO,17,30,100,300,25.89374436
20,WFG6,REMO,18,30,100,301,23.26455968
20,WFG6,REMO,19,30,100,301,24.0523352
20,WFG6,REMO,2,30,100,301,25.95913035
20,WFG6,REMO,20,30,100,303,22.13693257
20,WFG6,REMO,21,30,100,300,23.62843378
20,WFG6,REMO,22,30,100,300,24.55995537
20,WFG6,REMO,23,30,100,300,22.57355637
20,WFG6,REMO,24,30,100,300,25.84789584
20,WFG6,REMO,25,30,100,300,23.18195728
20,WFG6,REMO,26,30,100,300,25.89166595
20,WFG6,REMO,27,30,100,300,27.6395252
20,WFG6,REMO,28,30,100,301,26.15770014
20,WFG6,REMO,29,30,100,300,23.22896431
20,WFG6,REMO,3,30,100,302,24.00821155
20,WFG6,REMO,30,30,100,300,24.88445731
20,WFG6,REMO,4,30,100,301,25.42586808
20,WFG6,REMO,5,30,100,301,20.7802759
20,WFG6,REMO,6,30,100,301,24.65585908
20,WFG6,REMO,7,30,100,302,22.23709076
20,WFG6,REMO,8,30,100,300,23.93334895
20,WFG6,REMO,9,30,100,300,22.00344356
20,WFG7,REMO,1,30,100,300,24.0650654
20,WFG7,REMO,10,30,100,301,26.30885977
20,WFG7,REMO,11,30,100,303,23.78943123
20,WFG7,REMO,12,30,100,301,23.46659044
20,WFG7,REMO,13,30,100,301,23.00610492
20,WFG7,REMO,14,30,100,301,23.08198592
20,WFG7,REMO,15,30,100,301,26.32978849
20,WFG7,REMO,16,30,100,302,23.71485797
20,WFG7,REMO,17,30,100,300,24.30959715
20,WFG7,REMO,18,30,100,300,23.64326202
20,WFG7,REMO,19,30,100,300,23.69953997
20,WFG7,REMO,2,30,100,302,25.59205303
20,WFG7,REMO,20,30,100,303,24.42609468
20,WFG7,REMO,21,30,100,300,23.11787005
20,WFG7,REMO,22,30,100,300,23.87469719
20,WFG7,REMO,23,30,100,300,24.55753432
20,WFG7,REMO,24,30,100,300,25.49375513
20,WFG7,REMO,25,30,100,302,25.05004423
20,WFG7,REMO,26,30,100,300,26.60640209
20,WFG7,REMO,27,30,100,301,21.79274691
20,WFG7,REMO,28,30,100,300,22.16134037
20,WFG7,REMO,29,30,100,303,25.69127654
20,WFG7,REMO,3,30,100,300,25.51255477
20,WFG7,REMO,30,30,100,302,25.15452714
20,WFG7,REMO,4,30,100,302,24.60381427
20,WFG7,REMO,5,30,100,302,25.41850433
20,WFG7,REMO,6,30,100,302,24.51815406
20,WFG7,REMO,7,30,100,301,22.76104547
20,WFG7,REMO,8,30,100,300,23.61014004
20,WFG7,REMO,9,30,100,302,24.0666303
20,WFG8,REMO,1,30,100,303,24.38779866
20,WFG8,REMO,10,30,100,300,25.18421215
20,WFG8,REMO,11,30,100,300,24.86965638
20,WFG8,REMO,12,30,100,300,26.19275054
20,WFG8,REMO,13,30,100,300,24.04539402
20,WFG8,REMO,14,30,100,301,25.85679726
20,WFG8,REMO,15,30,100,302,25.84756492
20,WFG8,REMO,16,30,100,302,24.93827194
20,WFG8,REMO,17,30,100,300,24.43138856
20,WFG8,REMO,18,30,100,303,24.33705931
20,WFG8,REMO,19,30,100,300,26.04030382
20,WFG8,REMO,2,30,100,300,23.4683102
20,WFG8,REMO,20,30,100,301,26.27853378
20,WFG8,REMO,21,30,100,300,25.99753817
20,WFG8,REMO,22,30,100,301,25.31532623
20,WFG8,REMO,23,30,100,300,25.05315664
20,WFG8,REMO,24,30,100,300,26.99502555
20,WFG8,REMO,25,30,100,300,24.2666691
20,WFG8,REMO,26,30,100,300,26.72811879
20,WFG8,REMO,27,30,100,300,24.82259856
20,WFG8,REMO,28,30,100,300,22.92186192
20,WFG8,REMO,29,30,100,301,25.15074553
20,WFG8,REMO,3,30,100,300,25.82754755
20,WFG8,REMO,30,30,100,303,25.92853084
20,WFG8,REMO,4,30,100,302,25.94188539
20,WFG8,REMO,5,30,100,302,24.04412612
20,WFG8,REMO,6,30,100,301,25.08120014
20,WFG8,REMO,7,30,100,301,22.8041883
20,WFG8,REMO,8,30,100,300,25.17832168
20,WFG8,REMO,9,30,100,300,26.71747617
20,WFG1,PIEA,1,30,100,300,5.733014919
20,WFG1,PIEA,10,30,100,300,5.707772895
20,WFG1,PIEA,11,30,100,300,5.735335258
20,WFG1,PIEA,12,30,100,300,5.710629493
20,WFG1,PIEA,13,30,100,300,5.665871674
20,WFG1,PIEA,14,30,100,300,5.706115043
20,WFG1,PIEA,15,30,100,300,5.68741689
20,WFG1,PIEA,16,30,100,300,5.613954019
20,WFG1,PIEA,17,30,100,300,5.635913799
20,WFG1,PIEA,18,30,100,300,5.67121568
20,WFG1,PIEA,19,30,100,300,5.718240613
20,WFG1,PIEA,2,30,100,300,5.741283385
20,WFG1,PIEA,20,30,100,300,5.697970635
20,WFG1,PIEA,21,30,100,300,5.714300273
20,WFG1,PIEA,22,30,100,300,5.719640997
20,WFG1,PIEA,23,30,100,300,5.654330433
20,WFG1,PIEA,24,30,100,300,5.692661271
20,WFG1,PIEA,25,30,100,300,5.673821954
20,WFG1,PIEA,26,30,100,300,5.735101349
20,WFG1,PIEA,27,30,100,300,5.610837304
20,WFG1,PIEA,28,30,100,300,5.716382934
20,WFG1,PIEA,29,30,100,300,5.68896919
20,WFG1,PIEA,3,30,100,300,5.811037691
20,WFG1,PIEA,30,30,100,300,5.709962881
20,WFG1,PIEA,4,30,100,300,5.730012768
20,WFG1,PIEA,5,30,100,300,5.746249768
20,WFG1,PIEA,6,30,100,300,5.722450989
20,WFG1,PIEA,7,30,100,300,5.655110012
20,WFG1,PIEA,8,30,100,300,5.791398926
20,WFG1,PIEA,9,30,100,300,5.68105259
20,WFG6,PIEA,1,30,100,300,24.80200734
20,WFG6,PIEA,10,30,100,300,21.96267106
20,WFG6,PIEA,11,30,100,300,21.61430238
20,WFG6,PIEA,12,30,100,300,21.2567374
20,WFG6,PIEA,13,30,100,300,22.72391597
20,WFG6,PIEA,14,30,100,300,24.8103986
20,WFG6,PIEA,15,30,100,300,24.33119836
20,WFG6,PIEA,16,30,100,300,22.658152
20,WFG6,PIEA,17,30,100,300,22.55112621
20,WFG6,PIEA,18,30,100,300,23.86617066
20,WFG6,PIEA,19,30,100,300,21.10020019
20,WFG6,PIEA,2,30,100,300,19.87690198
20,WFG6,PIEA,20,30,100,300,23.05087464
20,WFG6,PIEA,21,30,100,300,21.98616248
20,WFG6,PIEA,22,30,100,300,22.02793648
20,WFG6,PIEA,23,30,100,300,21.44787419
20,WFG6,PIEA,24,30,100,300,23.1566259
20,WFG6,PIEA,25,30,100,300,22.07563199
20,WFG6,PIEA,26,30,100,300,21.28747583
20,WFG6,PIEA,27,30,100,300,22.6379929
20,WFG6,PIEA,28,30,100,300,20.394571
20,WFG6,PIEA,29,30,100,300,23.50011042
20,WFG6,PIEA,3,30,100,300,21.62664757
20,WFG6,PIEA,30,30,100,300,21.94518754
20,WFG6,PIEA,4,30,100,300,25.78905284
20,WFG6,PIEA,5,30,100,300,24.65031727
20,WFG6,PIEA,6,30,100,300,20.59592912
20,WFG6,PIEA,7,30,100,300,22.09911145
20,WFG6,PIEA,8,30,100,300,23.91800913
20,WFG6,PIEA,9,30,100,300,19.39854954
20,WFG7,PIEA,1,30,100,300,24.85764025
20,WFG7,PIEA,10,30,100,300,24.75841678
20,WFG7,PIEA,11,30,100,300,22.87041339
20,WFG7,PIEA,12,30,100,300,25.28288122
20,WFG7,PIEA,13,30,100,300,25.4847714
20,WFG7,PIEA,14,30,100,300,24.37862757
20,WFG7,PIEA,15,30,100,300,23.62074686
20,WFG7,PIEA,16,30,100,300,24.45514248
20,WFG7,PIEA,17,30,100,300,25.10669843
20,WFG7,PIEA,18,30,100,300,24.39357109
20,WFG7,PIEA,19,30,100,300,26.34088764
20,WFG7,PIEA,2,30,100,300,24.53216223
20,WFG7,PIEA,20,30,100,300,22.49746182
20,WFG7,PIEA,21,30,100,300,25.32076302
20,WFG7,PIEA,22,30,100,300,25.64707085
20,WFG7,PIEA,23,30,100,300,24.80437979
20,WFG7,PIEA,24,30,100,300,26.03662186
20,WFG7,PIEA,25,30,100,300,25.78948894
20,WFG7,PIEA,26,30,100,300,25.89864916
20,WFG7,PIEA,27,30,100,300,23.90671812
20,WFG7,PIEA,28,30,100,300,26.72181908
20,WFG7,PIEA,29,30,100,300,26.51824061
20,WFG7,PIEA,3,30,100,300,25.32236624
20,WFG7,PIEA,30,30,100,300,26.00206208
20,WFG7,PIEA,4,30,100,300,23.14771475
20,WFG7,PIEA,5,30,100,300,24.36492479
20,WFG7,PIEA,6,30,100,300,24.86741229
20,WFG7,PIEA,7,30,100,300,26.57349623
20,WFG7,PIEA,8,30,100,300,23.77021192
20,WFG7,PIEA,9,30,100,300,24.63786422
20,WFG8,PIEA,1,30,100,300,22.33536191
20,WFG8,PIEA,10,30,100,300,23.88704317
20,WFG8,PIEA,11,30,100,300,21.8621942
20,WFG8,PIEA,12,30,100,300,26.32572452
20,WFG8,PIEA,13,30,100,300,23.77896698
20,WFG8,PIEA,14,30,100,300,24.05630899
20,WFG8,PIEA,15,30,100,300,23.30907885
20,WFG8,PIEA,16,30,100,300,23.51610515
20,WFG8,PIEA,17,30,100,300,22.86582236
20,WFG8,PIEA,18,30,100,300,23.12408958
20,WFG8,PIEA,19,30,100,300,23.748007
20,WFG8,PIEA,2,30,100,300,23.41162997
20,WFG8,PIEA,20,30,100,300,23.65509504
20,WFG8,PIEA,21,30,100,300,24.70563586
20,WFG8,PIEA,22,30,100,300,23.53513597
20,WFG8,PIEA,23,30,100,300,22.41294074
20,WFG8,PIEA,24,30,100,300,24.58632064
20,WFG8,PIEA,25,30,100,300,22.96267958
20,WFG8,PIEA,26,30,100,300,23.22850133
20,WFG8,PIEA,27,30,100,300,22.69175896
20,WFG8,PIEA,28,30,100,300,25.56453601
20,WFG8,PIEA,29,30,100,300,24.26255462
20,WFG8,PIEA,3,30,100,300,24.21454768
20,WFG8,PIEA,30,30,100,300,22.3982058
20,WFG8,PIEA,4,30,100,300,22.94047625
20,WFG8,PIEA,5,30,100,300,20.38628803
20,WFG8,PIEA,6,30,100,300,22.37472132
20,WFG8,PIEA,7,30,100,300,23.98664896
20,WFG8,PIEA,8,30,100,300,22.01664708
20,WFG8,PIEA,9,30,100,300,23.86948723
20,WFG1,CSEA,1,18,109,303,5.691864392
20,WFG1,CSEA,10,19,109,300,5.663331403
20,WFG1,CSEA,11,18,109,305,5.64955394
20,WFG1,CSEA,12,19,109,301,5.634026653
20,WFG1,CSEA,13,20,109,304,5.881272372
20,WFG1,CSEA,14,19,109,306,5.838557909
20,WFG1,CSEA,15,18,109,303,5.761891764
20,WFG1,CSEA,16,21,109,307,5.443307782
20,WFG1,CSEA,17,19,109,310,5.789756427
20,WFG1,CSEA,18,20,109,311,5.623658839
20,WFG1,CSEA,19,19,109,303,5.672923599
20,WFG1,CSEA,2,20,109,304,5.66178972
20,WFG1,CSEA,20,19,109,302,5.738929013
20,WFG1,CSEA,21,19,109,302,5.527539961
20,WFG1,CSEA,22,19,109,305,5.580674116
20,WFG1,CSEA,23,20,109,309,5.623697721
20,WFG1,CSEA,24,18,109,301,5.701624259
20,WFG1,CSEA,25,19,109,309,5.784665707
20,WFG1,CSEA,26,18,109,303,5.759567446
20,WFG1,CSEA,27,18,109,306,5.63443772
20,WFG1,CSEA,28,19,109,308,5.754393034
20,WFG1,CSEA,29,18,109,305,5.590802094
20,WFG1,CSEA,3,18,109,302,5.548576568
20,WFG1,CSEA,30,30,109,307,5.656963561
20,WFG1,CSEA,4,19,109,304,5.640404566
20,WFG1,CSEA,5,19,109,303,5.679679252
20,WFG1,CSEA,6,20,109,310,5.74091403
20,WFG1,CSEA,7,19,109,302,5.536441772
20,WFG1,CSEA,8,19,109,306,5.639761374
20,WFG1,CSEA,9,18,109,302,5.700295855
20,WFG6,CSEA,1,19,109,305,26.74226287
20,WFG6,CSEA,10,19,109,303,26.86708262
20,WFG6,CSEA,11,20,109,303,28.62189113
20,WFG6,CSEA,12,19,109,304,24.93529766
20,WFG6,CSEA,13,19,109,302,25.67108546
20,WFG6,CSEA,14,19,109,308,24.18395349
20,WFG6,CSEA,15,20,109,309,26.58285626
20,WFG6,CSEA,16,19,109,302,26.36005882
20,WFG6,CSEA,17,20,109,308,25.96566427
20,WFG6,CSEA,18,19,109,304,26.924414
20,WFG6,CSEA,19,19,109,305,24.35332523
20,WFG6,CSEA,2,20,109,302,25.54382688
20,WFG6,CSEA,20,21,109,307,27.68711652
20,WFG6,CSEA,21,19,109,304,26.56515782
20,WFG6,CSEA,22,19,109,303,25.27988665
20,WFG6,CSEA,23,18,109,303,27.0008255
20,WFG6,CSEA,24,20,109,308,25.72489799
20,WFG6,CSEA,25,20,109,303,26.85420782
20,WFG6,CSEA,26,20,109,307,25.50169546
20,WFG6,CSEA,27,19,109,302,25.27552626
20,WFG6,CSEA,28,19,109,303,26.78544228
20,WFG6,CSEA,29,21,109,305,26.33651546
20,WFG6,CSEA,3,19,109,310,27.50950369
20,WFG6,CSEA,30,19,109,303,25.27873436
20,WFG6,CSEA,4,19,109,303,26.35945577
20,WFG6,CSEA,5,20,109,306,26.31027858
20,WFG6,CSEA,6,19,109,304,25.44064788
20,WFG6,CSEA,7,20,109,301,26.41410432
20,WFG6,CSEA,8,19,109,302,24.16598741
20,WFG6,CSEA,9,19,109,307,28.23075793
20,WFG7,CSEA,1,19,109,305,26.42796381
20,WFG7,CSEA,10,19,109,300,26.54232779
20,WFG7,CSEA,11,19,109,304,28.46524577
20,WFG7,CSEA,12,20,109,303,26.15396983
20,WFG7,CSEA,13,19,109,300,24.94692033
20,WFG7,CSEA,14,19,109,301,25.38157121
20,WFG7,CSEA,15,21,109,310,27.84204301
20,WFG7,CSEA,16,20,109,305,28.31265111
20,WFG7,CSEA,17,20,109,309,26.96175569
20,WFG7,CSEA,18,19,109,308,26.03071029
20,WFG7,CSEA,19,19,109,300,27.30086787
20,WFG7,CSEA,2,20,109,305,24.1387635
20,WFG7,CSEA,20,18,109,302,27.45369239
20,WFG7,CSEA,21,19,109,309,29.46845275
20,WFG7,CSEA,22,20,109,309,28.2639809
20,WFG7,CSEA,23,20,109,311,28.45247553
20,WFG7,CSEA,24,19,109,302,28.332011
20,WFG7,CSEA,25,18,109,303,27.88140343
20,WFG7,CSEA,26,19,109,301,24.68123385
20,WFG7,CSEA,27,20,109,311,27.79165804
20,WFG7,CSEA,28,19,109,304,25.90010344
20,WFG7,CSEA,29,19,109,310,28.35621193
20,WFG7,CSEA,3,20,109,303,25.70353622
20,WFG7,CSEA,30,19,109,303,26.6501884
20,WFG7,CSEA,4,19,109,301,28.86054885
20,WFG7,CSEA,5,19,109,304,27.12706435
20,WFG7,CSEA,6,19,109,301,26.46034456
20,WFG7,CSEA,7,19,109,301,25.18813801
20,WFG7,CSEA,8,20,109,310,27.10778275
20,WFG7,CSEA,9,19,109,300,24.07979606
20,WFG8,CSEA,1,19,109,302,28.94376381
20,WFG8,CSEA,10,19,109,301,27.04300586
20,WFG8,CSEA,11,20,109,307,27.00976514
20,WFG8,CSEA,12,19,109,306,27.05872178
20,WFG8,CSEA,13,21,109,307,27.10857431
20,WFG8,CSEA,14,19,109,302,27.39230647
20,WFG8,CSEA,15,18,109,302,27.23437648
20,WFG8,CSEA,16,20,109,300,28.01395612
20,WFG8,CSEA,17,20,109,304,27.75631793
20,WFG8,CSEA,18,19,109,307,27.0704728
20,WFG8,CSEA,19,19,109,302,25.75462633
20,WFG8,CSEA,2,19,109,303,26.3517481
20,WFG8,CSEA,20,20,109,306,26.74613401
20,WFG8,CSEA,21,20,109,308,27.88171857
20,WFG8,CSEA,22,19,109,300,26.0792044
20,WFG8,CSEA,23,20,109,310,25.32604777
20,WFG8,CSEA,24,19,109,305,26.75530121
20,WFG8,CSEA,25,19,109,300,26.67942457
20,WFG8,CSEA,26,19,109,306,27.18248025
20,WFG8,CSEA,27,19,109,306,27.26442428
20,WFG8,CSEA,28,19,109,308,27.95589791
20,WFG8,CSEA,29,19,109,309,26.19916123
20,WFG8,CSEA,3,20,109,307,25.81126418
20,WFG8,CSEA,30,19,109,308,25.36524942
20,WFG8,CSEA,4,20,109,310,26.62098847
20,WFG8,CSEA,5,19,109,307,27.36587442
20,WFG8,CSEA,6,20,109,311,27.25353276
20,WFG8,CSEA,7,20,109,309,26.65775533
20,WFG8,CSEA,8,20,109,308,26.08991312
20,WFG8,CSEA,9,19,109,302,26.17319997
20,WFG1,PCSAEA_N100,1,18,100,300,5.67287082
20,WFG1,PCSAEA_N100,10,18,100,300,5.663475491
20,WFG1,PCSAEA_N100,11,18,100,300,5.719961008
20,WFG1,PCSAEA_N100,12,18,100,300,5.711165141
20,WFG1,PCSAEA_N100,13,18,100,300,5.700226431
20,WFG1,PCSAEA_N100,14,18,100,300,5.702419967
20,WFG1,PCSAEA_N100,15,18,100,300,5.673318043
20,WFG1,PCSAEA_N100,16,18,100,300,5.711090258
20,WFG1,PCSAEA_N100,17,18,100,300,5.679884377
20,WFG1,PCSAEA_N100,18,18,100,300,5.69719176
20,WFG1,PCSAEA_N100,19,18,100,300,5.690344802
20,WFG1,PCSAEA_N100,2,18,100,300,5.722079897
20,WFG1,PCSAEA_N100,20,18,100,300,5.656581319
20,WFG1,PCSAEA_N100,21,18,100,300,5.720754357
20,WFG1,PCSAEA_N100,22,18,100,300,5.715483531
20,WFG1,PCSAEA_N100,23,18,100,300,5.658367663
20,WFG1,PCSAEA_N100,24,18,100,300,5.703819827
20,WFG1,PCSAEA_N100,25,18,100,300,5.719311507
20,WFG1,PCSAEA_N100,26,18,100,300,5.73724967
20,WFG1,PCSAEA_N100,27,18,100,300,5.588479766
20,WFG1,PCSAEA_N100,28,18,100,300,5.72944551
20,WFG1,PCSAEA_N100,29,18,100,300,5.676696515
20,WFG1,PCSAEA_N100,3,18,100,300,5.70033167
20,WFG1,PCSAEA_N100,30,18,100,300,5.647482479
20,WFG1,PCSAEA_N100,4,18,100,300,5.723903301
20,WFG1,PCSAEA_N100,5,18,100,300,5.727679446
20,WFG1,PCSAEA_N100,6,18,100,300,5.642536459
20,WFG1,PCSAEA_N100,7,18,100,300,5.739778215
20,WFG1,PCSAEA_N100,8,18,100,300,5.678189109
20,WFG1,PCSAEA_N100,9,18,100,300,5.725525339
20,WFG6,PCSAEA_N100,1,18,100,300,25.31380892
20,WFG6,PCSAEA_N100,10,18,100,300,25.01461143
20,WFG6,PCSAEA_N100,11,18,100,300,25.64521231
20,WFG6,PCSAEA_N100,12,18,100,300,23.86320969
20,WFG6,PCSAEA_N100,13,18,100,300,25.38239237
20,WFG6,PCSAEA_N100,14,18,100,300,24.93364257
20,WFG6,PCSAEA_N100,15,18,100,300,24.83917344
20,WFG6,PCSAEA_N100,16,18,100,300,25.40167325
20,WFG6,PCSAEA_N100,17,18,100,300,25.21812375
20,WFG6,PCSAEA_N100,18,18,100,300,26.90187404
20,WFG6,PCSAEA_N100,19,18,100,300,25.29743167
20,WFG6,PCSAEA_N100,2,18,100,300,25.68404312
20,WFG6,PCSAEA_N100,20,18,100,300,25.18590183
20,WFG6,PCSAEA_N100,21,18,100,300,23.8449037
20,WFG6,PCSAEA_N100,22,18,100,300,23.49425589
20,WFG6,PCSAEA_N100,23,18,100,300,24.7719552
20,WFG6,PCSAEA_N100,24,18,100,300,24.65088558
20,WFG6,PCSAEA_N100,25,18,100,300,25.58918488
20,WFG6,PCSAEA_N100,26,18,100,300,24.67152473
20,WFG6,PCSAEA_N100,27,18,100,300,25.28424002
20,WFG6,PCSAEA_N100,28,18,100,300,25.15553213
20,WFG6,PCSAEA_N100,29,18,100,300,25.04763036
20,WFG6,PCSAEA_N100,3,18,100,300,26.51455822
20,WFG6,PCSAEA_N100,30,18,100,300,26.58064762
20,WFG6,PCSAEA_N100,4,18,100,300,25.49669519
20,WFG6,PCSAEA_N100,5,18,100,300,24.83620874
20,WFG6,PCSAEA_N100,6,18,100,300,24.79412879
20,WFG6,PCSAEA_N100,7,18,100,300,25.49048213
20,WFG6,PCSAEA_N100,8,18,100,300,24.59216192
20,WFG6,PCSAEA_N100,9,18,100,300,24.55228722
20,WFG7,PCSAEA_N100,1,18,100,300,25.43052404
20,WFG7,PCSAEA_N100,10,18,100,300,25.22183944
20,WFG7,PCSAEA_N100,11,18,100,300,26.02054581
20,WFG7,PCSAEA_N100,12,18,100,300,23.6064561
20,WFG7,PCSAEA_N100,13,18,100,300,26.91435147
20,WFG7,PCSAEA_N100,14,18,100,300,25.22273665
20,WFG7,PCSAEA_N100,15,18,100,300,27.07917735
20,WFG7,PCSAEA_N100,16,18,100,300,25.76114609
20,WFG7,PCSAEA_N100,17,18,100,300,26.32168914
20,WFG7,PCSAEA_N100,18,18,100,300,27.02403826
20,WFG7,PCSAEA_N100,19,18,100,300,25.345259
20,WFG7,PCSAEA_N100,2,18,100,300,25.78331986
20,WFG7,PCSAEA_N100,20,18,100,300,24.43247872
20,WFG7,PCSAEA_N100,21,18,100,300,27.22106258
20,WFG7,PCSAEA_N100,22,18,100,300,27.41746772
20,WFG7,PCSAEA_N100,23,18,100,300,25.55566536
20,WFG7,PCSAEA_N100,24,18,100,300,24.64458994
20,WFG7,PCSAEA_N100,25,18,100,300,25.89023971
20,WFG7,PCSAEA_N100,26,18,100,300,26.35633523
20,WFG7,PCSAEA_N100,27,18,100,300,26.83318263
20,WFG7,PCSAEA_N100,28,18,100,300,26.35024837
20,WFG7,PCSAEA_N100,29,18,100,300,25.61768485
20,WFG7,PCSAEA_N100,3,18,100,300,26.63197324
20,WFG7,PCSAEA_N100,30,18,100,300,24.56308058
20,WFG7,PCSAEA_N100,4,18,100,300,26.20047785
20,WFG7,PCSAEA_N100,5,18,100,300,25.48362914
20,WFG7,PCSAEA_N100,6,18,100,300,27.21949666
20,WFG7,PCSAEA_N100,7,18,100,300,23.7546528
20,WFG7,PCSAEA_N100,8,18,100,300,26.75510419
20,WFG7,PCSAEA_N100,9,18,100,300,24.89152385
20,WFG8,PCSAEA_N100,1,18,100,300,24.43659903
20,WFG8,PCSAEA_N100,10,18,100,300,24.60499705
20,WFG8,PCSAEA_N100,11,18,100,300,25.21299933
20,WFG8,PCSAEA_N100,12,18,100,300,25.2536748
20,WFG8,PCSAEA_N100,13,18,100,300,24.97564783
20,WFG8,PCSAEA_N100,14,18,100,300,25.39728084
20,WFG8,PCSAEA_N100,15,18,100,300,25.42430003
20,WFG8,PCSAEA_N100,16,18,100,300,26.61117001
20,WFG8,PCSAEA_N100,17,18,100,300,24.48282826
20,WFG8,PCSAEA_N100,18,18,100,300,25.35104748
20,WFG8,PCSAEA_N100,19,18,100,300,25.1311802
20,WFG8,PCSAEA_N100,2,18,100,300,26.4510544
20,WFG8,PCSAEA_N100,20,18,100,300,24.58367451
20,WFG8,PCSAEA_N100,21,18,100,300,26.67188963
20,WFG8,PCSAEA_N100,22,18,100,300,24.24504533
20,WFG8,PCSAEA_N100,23,18,100,300,24.68219462
20,WFG8,PCSAEA_N100,24,18,100,300,25.1461406
20,WFG8,PCSAEA_N100,25,18,100,300,24.8066037
20,WFG8,PCSAEA_N100,26,18,100,300,25.67370292
20,WFG8,PCSAEA_N100,27,18,100,300,25.81733502
20,WFG8,PCSAEA_N100,28,18,100,300,25.85674057
20,WFG8,PCSAEA_N100,29,18,100,300,23.97523768
20,WFG8,PCSAEA_N100,3,18,100,300,25.22805739
20,WFG8,PCSAEA_N100,30,18,100,300,25.04232877
20,WFG8,PCSAEA_N100,4,18,100,300,24.77930835
20,WFG8,PCSAEA_N100,5,18,100,300,25.21669045
20,WFG8,PCSAEA_N100,6,18,100,300,26.13260021
20,WFG8,PCSAEA_N100,7,18,100,300,26.08083481
20,WFG8,PCSAEA_N100,8,18,100,300,25.07548452
20,WFG8,PCSAEA_N100,9,18,100,300,25.10403602
20,WFG1,KRVEA_100,1,18,100,300,5.541022994
20,WFG1,KRVEA_100,10,18,100,300,5.566990636
20,WFG1,KRVEA_100,11,18,100,300,5.745929599
20,WFG1,KRVEA_100,12,18,100,300,5.702453862
20,WFG1,KRVEA_100,13,18,100,300,5.576377917
20,WFG1,KRVEA_100,14,18,100,300,5.596581344
20,WFG1,KRVEA_100,15,18,100,300,5.664744603
20,WFG1,KRVEA_100,16,18,100,300,5.603420746
20,WFG1,KRVEA_100,17,18,100,300,5.698014947
20,WFG1,KRVEA_100,18,18,100,300,5.653724437
20,WFG1,KRVEA_100,19,30,100,300,5.624149277
20,WFG1,KRVEA_100,2,18,100,300,5.732469341
20,WFG1,KRVEA_100,20,30,100,300,5.561462707
20,WFG1,KRVEA_100,21,30,100,300,5.605664694
20,WFG1,KRVEA_100,22,30,100,300,5.660904089
20,WFG1,KRVEA_100,23,30,100,300,5.701613296
20,WFG1,KRVEA_100,24,30,100,300,5.717365812
20,WFG1,KRVEA_100,25,30,100,300,5.685187217
20,WFG1,KRVEA_100,26,30,100,300,5.586812013
20,WFG1,KRVEA_100,27,30,100,300,5.603567673
20,WFG1,KRVEA_100,28,30,100,300,5.650307498
20,WFG1,KRVEA_100,29,30,100,300,5.585260794
20,WFG1,KRVEA_100,3,18,100,300,5.495056613
20,WFG1,KRVEA_100,30,30,100,300,5.613109894
20,WFG1,KRVEA_100,4,18,100,300,5.57613535
20,WFG1,KRVEA_100,5,18,100,300,5.663574197
20,WFG1,KRVEA_100,6,18,100,300,5.666422516
20,WFG1,KRVEA_100,7,18,100,300,5.614438315
20,WFG1,KRVEA_100,8,18,100,300,5.599237419
20,WFG1,KRVEA_100,9,18,100,300,5.686217547
20,WFG6,KRVEA_100,1,18,100,300,20.10903618
20,WFG6,KRVEA_100,10,18,100,300,25.87651184
20,WFG6,KRVEA_100,11,18,100,300,22.2656652
20,WFG6,KRVEA_100,12,18,100,300,21.46446285
20,WFG6,KRVEA_100,13,18,100,300,20.95429538
20,WFG6,KRVEA_100,14,18,100,300,22.61807684
20,WFG6,KRVEA_100,15,18,100,300,21.38037342
20,WFG6,KRVEA_100,16,18,100,300,23.07229736
20,WFG6,KRVEA_100,17,18,100,300,22.16262175
20,WFG6,KRVEA_100,18,18,100,300,21.80914976
20,WFG6,KRVEA_100,19,30,100,300,20.03659699
20,WFG6,KRVEA_100,2,18,100,300,20.86238441
20,WFG6,KRVEA_100,20,30,100,300,22.24893884
20,WFG6,KRVEA_100,21,30,100,300,22.72212776
20,WFG6,KRVEA_100,22,30,100,300,19.44590884
20,WFG6,KRVEA_100,23,30,100,300,23.3707664
20,WFG6,KRVEA_100,24,30,100,300,20.49235124
20,WFG6,KRVEA_100,25,30,100,300,23.88976047
20,WFG6,KRVEA_100,26,30,100,300,20.65464956
20,WFG6,KRVEA_100,27,30,100,300,20.92707252
20,WFG6,KRVEA_100,28,30,100,300,21.71312225
20,WFG6,KRVEA_100,29,30,100,300,20.33941847
20,WFG6,KRVEA_100,3,18,100,300,20.86638472
20,WFG6,KRVEA_100,30,30,100,300,21.99875943
20,WFG6,KRVEA_100,4,18,100,300,22.90179388
20,WFG6,KRVEA_100,5,18,100,300,24.25666124
20,WFG6,KRVEA_100,6,18,100,300,23.88428161
20,WFG6,KRVEA_100,7,18,100,300,21.224222
20,WFG6,KRVEA_100,8,18,100,300,20.39479902
20,WFG6,KRVEA_100,9,18,100,300,26.72174048
20,WFG7,KRVEA_100,1,18,100,300,30.57525706
20,WFG7,KRVEA_100,10,18,100,300,26.18648821
20,WFG7,KRVEA_100,11,18,100,300,26.16925302
20,WFG7,KRVEA_100,12,18,100,300,25.58723095
20,WFG7,KRVEA_100,13,18,100,300,26.9094534
20,WFG7,KRVEA_100,14,18,100,300,28.42032656
20,WFG7,KRVEA_100,15,18,100,300,27.41671307
20,WFG7,KRVEA_100,16,18,100,300,28.977883
20,WFG7,KRVEA_100,17,18,100,300,29.03401554
20,WFG7,KRVEA_100,18,18,100,300,24.77295204
20,WFG7,KRVEA_100,19,30,100,300,27.27689518
20,WFG7,KRVEA_100,2,18,100,300,25.87992029
20,WFG7,KRVEA_100,20,30,100,300,26.52713284
20,WFG7,KRVEA_100,21,30,100,300,27.38961339
20,WFG7,KRVEA_100,22,30,100,300,27.83955817
20,WFG7,KRVEA_100,23,30,100,300,27.237367
20,WFG7,KRVEA_100,24,30,100,300,27.12513497
20,WFG7,KRVEA_100,25,30,100,300,25.86469164
20,WFG7,KRVEA_100,26,30,100,300,27.22186482
20,WFG7,KRVEA_100,27,30,100,300,24.47147435
20,WFG7,KRVEA_100,28,30,100,300,27.9819142
20,WFG7,KRVEA_100,29,30,100,300,25.24865455
20,WFG7,KRVEA_100,3,18,100,300,23.95690958
20,WFG7,KRVEA_100,30,30,100,300,27.14093172
20,WFG7,KRVEA_100,4,18,100,300,25.07830146
20,WFG7,KRVEA_100,5,18,100,300,22.85244944
20,WFG7,KRVEA_100,6,18,100,300,28.43689487
20,WFG7,KRVEA_100,7,18,100,300,26.7797279
20,WFG7,KRVEA_100,8,18,100,300,25.22149968
20,WFG7,KRVEA_100,9,18,100,300,27.29507832
20,WFG8,KRVEA_100,1,18,100,300,21.07282826
20,WFG8,KRVEA_100,10,18,100,300,26.4365849
20,WFG8,KRVEA_100,11,18,100,300,19.07112856
20,WFG8,KRVEA_100,12,18,100,300,20.28327386
20,WFG8,KRVEA_100,13,18,100,300,25.90143497
20,WFG8,KRVEA_100,14,18,100,300,19.49607764
20,WFG8,KRVEA_100,15,18,100,300,20.07884535
20,WFG8,KRVEA_100,16,18,100,300,21.36896576
20,WFG8,KRVEA_100,17,18,100,300,21.26618734
20,WFG8,KRVEA_100,18,18,100,300,21.27547311
20,WFG8,KRVEA_100,19,30,100,300,20.92069049
20,WFG8,KRVEA_100,2,18,100,300,22.98037568
20,WFG8,KRVEA_100,20,30,100,300,25.21842936
20,WFG8,KRVEA_100,21,30,100,300,23.26834748
20,WFG8,KRVEA_100,22,30,100,300,21.81909785
20,WFG8,KRVEA_100,23,30,100,300,22.40819611
20,WFG8,KRVEA_100,24,30,100,300,22.4256783
20,WFG8,KRVEA_100,25,30,100,300,25.81600408
20,WFG8,KRVEA_100,26,30,100,300,22.72967855
20,WFG8,KRVEA_100,27,30,100,300,22.39337901
20,WFG8,KRVEA_100,28,30,100,300,22.48156471
20,WFG8,KRVEA_100,29,30,100,300,23.08084581
20,WFG8,KRVEA_100,3,18,100,300,20.82488181
20,WFG8,KRVEA_100,30,30,100,300,20.41080175
20,WFG8,KRVEA_100,4,18,100,300,21.8343418
20,WFG8,KRVEA_100,5,18,100,300,21.92341622
20,WFG8,KRVEA_100,6,18,100,300,21.10853746
20,WFG8,KRVEA_100,7,18,100,300,20.41192554
20,WFG8,KRVEA_100,8,18,100,300,23.05816609
20,WFG8,KRVEA_100,9,18,100,300,23.15505082
20,WFG1,MCEAD,1,18,40,300,5.705385519
20,WFG1,MCEAD,10,18,40,300,5.774421552
20,WFG1,MCEAD,11,18,40,300,5.861438601
20,WFG1,MCEAD,12,18,40,300,5.746887607
20,WFG1,MCEAD,13,18,40,300,5.818768579
20,WFG1,MCEAD,14,18,40,300,5.76477967
20,WFG1,MCEAD,15,18,40,300,5.821079302
20,WFG1,MCEAD,16,18,40,300,5.867574821
20,WFG1,MCEAD,17,18,40,300,5.76666427
20,WFG1,MCEAD,18,18,40,300,5.782289081
20,WFG1,MCEAD,19,30,40,300,5.766557074
20,WFG1,MCEAD,2,18,40,300,5.819089734
20,WFG1,MCEAD,20,30,40,300,5.795381086
20,WFG1,MCEAD,21,30,40,300,5.76957197
20,WFG1,MCEAD,22,30,40,300,5.853919979
20,WFG1,MCEAD,23,30,40,300,5.739476261
20,WFG1,MCEAD,24,30,40,300,5.796284332
20,WFG1,MCEAD,25,30,40,300,5.724167819
20,WFG1,MCEAD,26,30,40,300,5.821365445
20,WFG1,MCEAD,27,30,40,300,5.819214525
20,WFG1,MCEAD,28,30,40,300,5.744091225
20,WFG1,MCEAD,29,30,40,300,5.711234027
20,WFG1,MCEAD,3,18,40,300,5.854168716
20,WFG1,MCEAD,30,30,40,300,5.75439581
20,WFG1,MCEAD,4,18,40,300,5.750520953
20,WFG1,MCEAD,5,18,40,300,5.786716232
20,WFG1,MCEAD,6,18,40,300,5.75418685
20,WFG1,MCEAD,7,18,40,300,5.846778193
20,WFG1,MCEAD,8,18,40,300,5.815599778
20,WFG1,MCEAD,9,18,40,300,5.786287768
20,WFG6,MCEAD,1,18,40,300,27.80418431
20,WFG6,MCEAD,10,18,40,300,26.49393231
20,WFG6,MCEAD,11,18,40,300,23.08180052
20,WFG6,MCEAD,12,18,40,300,23.91294361
20,WFG6,MCEAD,13,18,40,300,25.04130746
20,WFG6,MCEAD,14,18,40,300,23.82529649
20,WFG6,MCEAD,15,18,40,300,22.18197619
20,WFG6,MCEAD,16,18,40,300,24.13511764
20,WFG6,MCEAD,17,18,40,300,26.64928458
20,WFG6,MCEAD,18,18,40,300,23.41882509
20,WFG6,MCEAD,19,30,40,300,26.84638739
20,WFG6,MCEAD,2,18,40,300,26.42226024
20,WFG6,MCEAD,20,30,40,300,25.79555004
20,WFG6,MCEAD,21,30,40,300,26.58206054
20,WFG6,MCEAD,22,30,40,300,26.29797258
20,WFG6,MCEAD,23,30,40,300,22.20218251
20,WFG6,MCEAD,24,30,40,300,23.6329063
20,WFG6,MCEAD,25,30,40,300,23.82012839
20,WFG6,MCEAD,26,30,40,300,28.12924901
20,WFG6,MCEAD,27,30,40,300,23.31983126
20,WFG6,MCEAD,28,30,40,300,25.37069023
20,WFG6,MCEAD,29,30,40,300,26.27035293
20,WFG6,MCEAD,3,18,40,300,26.00673474
20,WFG6,MCEAD,30,30,40,300,25.75111046
20,WFG6,MCEAD,4,18,40,300,26.65549787
20,WFG6,MCEAD,5,18,40,300,27.97618932
20,WFG6,MCEAD,6,18,40,300,27.62037973
20,WFG6,MCEAD,7,18,40,300,21.83258519
20,WFG6,MCEAD,8,18,40,300,26.52828988
20,WFG6,MCEAD,9,18,40,300,26.30727122
20,WFG7,MCEAD,1,18,40,300,28.01869269
20,WFG7,MCEAD,10,18,40,300,26.56197819
20,WFG7,MCEAD,11,18,40,300,27.2623083
20,WFG7,MCEAD,12,18,40,300,25.96293319
20,WFG7,MCEAD,13,18,40,300,24.99134359
20,WFG7,MCEAD,14,18,40,300,28.60886837
20,WFG7,MCEAD,15,18,40,300,28.22657522
20,WFG7,MCEAD,16,18,40,300,26.56584969
20,WFG7,MCEAD,17,18,40,300,25.9473738
20,WFG7,MCEAD,18,18,40,300,25.19357699
20,WFG7,MCEAD,19,30,40,300,26.88728203
20,WFG7,MCEAD,2,18,40,300,26.95972632
20,WFG7,MCEAD,20,30,40,300,26.1309657
20,WFG7,MCEAD,21,30,40,300,26.63994001
20,WFG7,MCEAD,22,30,40,300,30.71808812
20,WFG7,MCEAD,23,30,40,300,27.36851135
20,WFG7,MCEAD,24,30,40,300,24.99020325
20,WFG7,MCEAD,25,30,40,300,27.26305031
20,WFG7,MCEAD,26,30,40,300,24.35034444
20,WFG7,MCEAD,27,30,40,300,24.31971525
20,WFG7,MCEAD,28,30,40,300,26.11167126
20,WFG7,MCEAD,29,30,40,300,27.3252049
20,WFG7,MCEAD,3,18,40,300,27.81246544
20,WFG7,MCEAD,30,30,40,300,28.3435831
20,WFG7,MCEAD,4,18,40,300,30.04744891
20,WFG7,MCEAD,5,18,40,300,26.47399099
20,WFG7,MCEAD,6,18,40,300,28.43306495
20,WFG7,MCEAD,7,18,40,300,28.69616405
20,WFG7,MCEAD,8,18,40,300,28.43203157
20,WFG7,MCEAD,9,18,40,300,28.19443019
20,WFG8,MCEAD,1,18,40,300,27.29260968
20,WFG8,MCEAD,10,18,40,300,25.95341015
20,WFG8,MCEAD,11,18,40,300,24.96952312
20,WFG8,MCEAD,12,18,40,300,27.90319659
20,WFG8,MCEAD,13,18,40,300,26.25433163
20,WFG8,MCEAD,14,18,40,300,25.01876707
20,WFG8,MCEAD,15,18,40,300,24.53699497
20,WFG8,MCEAD,16,18,40,300,27.02832522
20,WFG8,MCEAD,17,18,40,300,28.41917755
20,WFG8,MCEAD,18,18,40,300,24.66738047
20,WFG8,MCEAD,19,30,40,300,23.04748733
20,WFG8,MCEAD,2,18,40,300,27.39382722
20,WFG8,MCEAD,20,30,40,300,26.27268408
20,WFG8,MCEAD,21,30,40,300,23.48355798
20,WFG8,MCEAD,22,30,40,300,24.40792169
20,WFG8,MCEAD,23,30,40,300,27.60433454
20,WFG8,MCEAD,24,30,40,300,26.8218387
20,WFG8,MCEAD,25,30,40,300,26.68820178
20,WFG8,MCEAD,26,30,40,300,25.07943158
20,WFG8,MCEAD,27,30,40,300,23.44362805
20,WFG8,MCEAD,28,30,40,300,26.20206163
20,WFG8,MCEAD,29,30,40,300,22.55265768
20,WFG8,MCEAD,3,18,40,300,24.45968079
20,WFG8,MCEAD,30,30,40,300,25.93082458
20,WFG8,MCEAD,4,18,40,300,24.86250058
20,WFG8,MCEAD,5,18,40,300,24.28679437
20,WFG8,MCEAD,6,18,40,300,28.65900986
20,WFG8,MCEAD,7,18,40,300,28.36559374
20,WFG8,MCEAD,8,18,40,300,26.42314589
20,WFG8,MCEAD,9,18,40,300,21.9818331
20,WFG1,REMO_UniformMix_Pruned_Weighted_Lambdat030,1,30,100,300,5.552092073
20,WFG1,REMO_UniformMix_Pruned_Weighted_Lambdat030,10,30,100,300,5.530071051
20,WFG1,REMO_UniformMix_Pruned_Weighted_Lambdat030,11,30,100,300,5.502635535
20,WFG1,REMO_UniformMix_Pruned_Weighted_Lambdat030,12,30,100,300,5.520566775
20,WFG1,REMO_UniformMix_Pruned_Weighted_Lambdat030,13,30,100,300,5.624034177
20,WFG1,REMO_UniformMix_Pruned_Weighted_Lambdat030,14,30,100,300,5.549848399
20,WFG1,REMO_UniformMix_Pruned_Weighted_Lambdat030,15,30,100,300,5.705324857
20,WFG1,REMO_UniformMix_Pruned_Weighted_Lambdat030,16,30,100,300,5.475123621
20,WFG1,REMO_UniformMix_Pruned_Weighted_Lambdat030,17,30,100,300,5.49630486
20,WFG1,REMO_UniformMix_Pruned_Weighted_Lambdat030,18,30,100,300,5.701971263
20,WFG1,REMO_UniformMix_Pruned_Weighted_Lambdat030,19,30,100,300,5.490801452
20,WFG1,REMO_UniformMix_Pruned_Weighted_Lambdat030,2,30,100,300,5.504327543
20,WFG1,REMO_UniformMix_Pruned_Weighted_Lambdat030,20,30,100,300,5.378352717
20,WFG1,REMO_UniformMix_Pruned_Weighted_Lambdat030,3,30,100,300,5.57796512
20,WFG1,REMO_UniformMix_Pruned_Weighted_Lambdat030,4,30,100,300,5.616837946
20,WFG1,REMO_UniformMix_Pruned_Weighted_Lambdat030,5,30,100,300,5.599331244
20,WFG1,REMO_UniformMix_Pruned_Weighted_Lambdat030,6,30,100,300,5.673059602
20,WFG1,REMO_UniformMix_Pruned_Weighted_Lambdat030,7,30,100,300,5.576649815
20,WFG1,REMO_UniformMix_Pruned_Weighted_Lambdat030,8,30,100,300,5.636413314
20,WFG1,REMO_UniformMix_Pruned_Weighted_Lambdat030,9,30,100,300,5.636571523
20,WFG6,REMO_UniformMix_Pruned_Weighted_Lambdat030,1,30,100,300,19.43279063
20,WFG6,REMO_UniformMix_Pruned_Weighted_Lambdat030,10,30,100,300,19.8131756
20,WFG6,REMO_UniformMix_Pruned_Weighted_Lambdat030,11,30,100,300,20.92037277
20,WFG6,REMO_UniformMix_Pruned_Weighted_Lambdat030,12,30,100,300,21.05602289
20,WFG6,REMO_UniformMix_Pruned_Weighted_Lambdat030,13,30,100,300,16.95995174
20,WFG6,REMO_UniformMix_Pruned_Weighted_Lambdat030,14,30,100,300,19.54109587
20,WFG6,REMO_UniformMix_Pruned_Weighted_Lambdat030,15,30,100,300,17.79024373
20,WFG6,REMO_UniformMix_Pruned_Weighted_Lambdat030,16,30,100,300,18.75881265
20,WFG6,REMO_UniformMix_Pruned_Weighted_Lambdat030,17,30,100,300,19.78789463
20,WFG6,REMO_UniformMix_Pruned_Weighted_Lambdat030,18,30,100,300,18.06764969
20,WFG6,REMO_UniformMix_Pruned_Weighted_Lambdat030,19,30,100,300,19.30880923
20,WFG6,REMO_UniformMix_Pruned_Weighted_Lambdat030,2,30,100,300,19.09511439
20,WFG6,REMO_UniformMix_Pruned_Weighted_Lambdat030,20,30,100,300,18.98963231
20,WFG6,REMO_UniformMix_Pruned_Weighted_Lambdat030,3,30,100,300,19.64789634
20,WFG6,REMO_UniformMix_Pruned_Weighted_Lambdat030,4,30,100,300,20.34194564
20,WFG6,REMO_UniformMix_Pruned_Weighted_Lambdat030,5,30,100,300,19.46754144
20,WFG6,REMO_UniformMix_Pruned_Weighted_Lambdat030,6,30,100,300,19.80218486
20,WFG6,REMO_UniformMix_Pruned_Weighted_Lambdat030,7,30,100,300,20.39629988
20,WFG6,REMO_UniformMix_Pruned_Weighted_Lambdat030,8,30,100,300,17.67896704
20,WFG6,REMO_UniformMix_Pruned_Weighted_Lambdat030,9,30,100,300,20.37298458
20,WFG7,REMO_UniformMix_Pruned_Weighted_Lambdat030,1,30,100,300,20.489944
20,WFG7,REMO_UniformMix_Pruned_Weighted_Lambdat030,10,30,100,300,22.15898298
20,WFG7,REMO_UniformMix_Pruned_Weighted_Lambdat030,11,30,100,300,19.56020001
20,WFG7,REMO_UniformMix_Pruned_Weighted_Lambdat030,12,30,100,300,20.28133404
20,WFG7,REMO_UniformMix_Pruned_Weighted_Lambdat030,13,30,100,300,21.91764363
20,WFG7,REMO_UniformMix_Pruned_Weighted_Lambdat030,14,30,100,300,21.10679021
20,WFG7,REMO_UniformMix_Pruned_Weighted_Lambdat030,15,30,100,300,21.52794358
20,WFG7,REMO_UniformMix_Pruned_Weighted_Lambdat030,16,30,100,300,22.51295057
20,WFG7,REMO_UniformMix_Pruned_Weighted_Lambdat030,17,30,100,300,20.25462848
20,WFG7,REMO_UniformMix_Pruned_Weighted_Lambdat030,18,30,100,300,21.46418326
20,WFG7,REMO_UniformMix_Pruned_Weighted_Lambdat030,19,30,100,300,20.84012549
20,WFG7,REMO_UniformMix_Pruned_Weighted_Lambdat030,2,30,100,300,19.41781996
20,WFG7,REMO_UniformMix_Pruned_Weighted_Lambdat030,20,30,100,300,19.51356452
20,WFG7,REMO_UniformMix_Pruned_Weighted_Lambdat030,3,30,100,300,21.75395809
20,WFG7,REMO_UniformMix_Pruned_Weighted_Lambdat030,4,30,100,300,19.62321291
20,WFG7,REMO_UniformMix_Pruned_Weighted_Lambdat030,5,30,100,300,19.92446894
20,WFG7,REMO_UniformMix_Pruned_Weighted_Lambdat030,6,30,100,300,21.01818304
20,WFG7,REMO_UniformMix_Pruned_Weighted_Lambdat030,7,30,100,300,19.20266377
20,WFG7,REMO_UniformMix_Pruned_Weighted_Lambdat030,8,30,100,300,20.41727636
20,WFG7,REMO_UniformMix_Pruned_Weighted_Lambdat030,9,30,100,300,22.08900974
20,WFG8,REMO_UniformMix_Pruned_Weighted_Lambdat030,1,30,100,300,20.55390932
20,WFG8,REMO_UniformMix_Pruned_Weighted_Lambdat030,10,30,100,300,21.90413896
20,WFG8,REMO_UniformMix_Pruned_Weighted_Lambdat030,11,30,100,300,20.71745827
20,WFG8,REMO_UniformMix_Pruned_Weighted_Lambdat030,12,30,100,300,21.43936133
20,WFG8,REMO_UniformMix_Pruned_Weighted_Lambdat030,13,30,100,300,21.49521567
20,WFG8,REMO_UniformMix_Pruned_Weighted_Lambdat030,14,30,100,300,19.59591075
20,WFG8,REMO_UniformMix_Pruned_Weighted_Lambdat030,15,30,100,300,20.61904262
20,WFG8,REMO_UniformMix_Pruned_Weighted_Lambdat030,16,30,100,300,19.67066748
20,WFG8,REMO_UniformMix_Pruned_Weighted_Lambdat030,17,30,100,300,21.32865188
20,WFG8,REMO_UniformMix_Pruned_Weighted_Lambdat030,18,30,100,300,19.2905088
20,WFG8,REMO_UniformMix_Pruned_Weighted_Lambdat030,19,30,100,300,20.77972735
20,WFG8,REMO_UniformMix_Pruned_Weighted_Lambdat030,2,30,100,300,21.36090189
20,WFG8,REMO_UniformMix_Pruned_Weighted_Lambdat030,20,30,100,300,23.13989475
20,WFG8,REMO_UniformMix_Pruned_Weighted_Lambdat030,3,30,100,300,21.49669868
20,WFG8,REMO_UniformMix_Pruned_Weighted_Lambdat030,4,30,100,300,20.23961838
20,WFG8,REMO_UniformMix_Pruned_Weighted_Lambdat030,5,30,100,300,20.97207623
20,WFG8,REMO_UniformMix_Pruned_Weighted_Lambdat030,6,30,100,300,19.82165204
20,WFG8,REMO_UniformMix_Pruned_Weighted_Lambdat030,7,30,100,300,20.60560188
20,WFG8,REMO_UniformMix_Pruned_Weighted_Lambdat030,8,30,100,300,19.96049852
20,WFG8,REMO_UniformMix_Pruned_Weighted_Lambdat030,9,30,100,300,21.7276912
