Problem,M,Run,Seed,Stage,anchor_margin,score_hybrid,score_v,Hybrid - Direction,Hybrid - Margin
DTLZ2,10,1,11001,"S1_[0,0.25]",0.112,0.088,0.088,0.0,-0.024000000000000007
DTLZ2,10,1,11001,"S2_(0.25,0.50]",0.173333333333333,0.173333333333333,0.161904761904762,0.01142857142857101,0.0
DTLZ2,10,1,11001,"S3_(0.50,0.75]",0.388,0.346,0.29,0.055999999999999994,-0.04200000000000004
DTLZ2,10,1,11001,"S4_(0.75,1.00]",0.64,0.653333333333333,0.636190476190476,0.017142857142857015,0.013333333333332975
DTLZ2,10,2,11002,"S1_[0,0.25]",0.024,0.056,0.04,0.016,0.032
DTLZ2,10,2,11002,"S2_(0.25,0.50]",0.0971428571428571,0.144761904761905,0.201904761904762,-0.057142857142856995,0.04761904761904791
DTLZ2,10,2,11002,"S3_(0.50,0.75]",0.264,0.354,0.346,0.008000000000000007,0.08999999999999997
DTLZ2,10,2,11002,"S4_(0.75,1.00]",0.662857142857143,0.72,0.636190476190476,0.083809523809524,0.05714285714285694
DTLZ2,10,3,11003,"S1_[0,0.25]",0.144,0.208,0.208,0.0,0.064
DTLZ2,10,3,11003,"S2_(0.25,0.50]",0.11047619047619,0.104761904761905,0.0838095238095238,0.020952380952381194,-0.005714285714285006
DTLZ2,10,3,11003,"S3_(0.50,0.75]",0.402,0.382,0.336,0.045999999999999985,-0.020000000000000018
DTLZ2,10,3,11003,"S4_(0.75,1.00]",0.678095238095238,0.779047619047619,0.784761904761905,-0.005714285714286005,0.10095238095238102
DTLZ2,10,4,11004,"S1_[0,0.25]",0.056,0.08,0.104,-0.023999999999999994,0.024
DTLZ2,10,4,11004,"S2_(0.25,0.50]",0.100952380952381,0.106666666666667,0.0990476190476191,0.0076190476190479,0.005714285714286005
DTLZ2,10,4,11004,"S3_(0.50,0.75]",0.268,0.358,0.364,-0.006000000000000005,0.08999999999999997
DTLZ2,10,4,11004,"S4_(0.75,1.00]",0.777142857142857,0.826666666666667,0.857142857142857,-0.03047619047618999,0.04952380952380997
DTLZ2,10,5,11005,"S1_[0,0.25]",0.048,0.112,0.16,-0.048,0.064
DTLZ2,10,5,11005,"S2_(0.25,0.50]",0.0380952380952381,0.215238095238095,0.220952380952381,-0.005714285714286005,0.1771428571428569
DTLZ2,10,5,11005,"S3_(0.50,0.75]",0.33,0.378,0.368,0.010000000000000009,0.04799999999999999
DTLZ2,10,5,11005,"S4_(0.75,1.00]",0.685714285714286,0.765714285714286,0.754285714285714,0.01142857142857201,0.07999999999999996
DTLZ2,10,6,11006,"S1_[0,0.25]",0.0,0.04,0.024,0.016,0.04
DTLZ2,10,6,11006,"S2_(0.25,0.50]",0.0552380952380952,0.140952380952381,0.131428571428571,0.00952380952380999,0.0857142857142858
DTLZ2,10,6,11006,"S3_(0.50,0.75]",0.338,0.388,0.324,0.064,0.04999999999999999
DTLZ2,10,6,11006,"S4_(0.75,1.00]",0.704761904761905,0.756190476190476,0.733333333333333,0.02285714285714302,0.051428571428570935
DTLZ2,10,7,11007,"S1_[0,0.25]",0.072,0.16,0.16,0.0,0.08800000000000001
DTLZ2,10,7,11007,"S2_(0.25,0.50]",0.12,0.156190476190476,0.139047619047619,0.017142857142856988,0.036190476190475995
DTLZ2,10,7,11007,"S3_(0.50,0.75]",0.224,0.214,0.178,0.036000000000000004,-0.010000000000000009
DTLZ2,10,7,11007,"S4_(0.75,1.00]",0.613333333333333,0.620952380952381,0.63047619047619,-0.009523809523808935,0.0076190476190480805
DTLZ2,10,8,11008,"S1_[0,0.25]",0.04,0.08,0.08,0.0,0.04
DTLZ2,10,8,11008,"S2_(0.25,0.50]",0.154285714285714,0.198095238095238,0.175238095238095,0.022857142857142992,0.04380952380952399
DTLZ2,10,8,11008,"S3_(0.50,0.75]",0.442,0.45,0.42,0.030000000000000027,0.008000000000000007
DTLZ2,10,8,11008,"S4_(0.75,1.00]",0.819047619047619,0.687619047619048,0.628571428571429,0.059047619047619015,-0.131428571428571
DTLZ2,10,9,11009,"S1_[0,0.25]",0.096,0.128,0.104,0.024000000000000007,0.032
DTLZ2,10,9,11009,"S2_(0.25,0.50]",0.104761904761905,0.188571428571429,0.173333333333333,0.015238095238095994,0.083809523809524
DTLZ2,10,9,11009,"S3_(0.50,0.75]",0.264,0.474,0.462,0.011999999999999955,0.20999999999999996
DTLZ2,10,9,11009,"S4_(0.75,1.00]",0.687619047619048,0.796190476190476,0.790476190476191,0.005714285714285006,0.10857142857142799
DTLZ2,10,10,11010,"S1_[0,0.25]",0.0,0.04,0.04,0.0,0.04
DTLZ2,10,10,11010,"S2_(0.25,0.50]",0.0952380952380953,0.211428571428571,0.220952380952381,-0.009523809523810017,0.11619047619047569
DTLZ2,10,10,11010,"S3_(0.50,0.75]",0.302,0.398,0.46,-0.062,0.09600000000000003
DTLZ2,10,10,11010,"S4_(0.75,1.00]",0.615238095238095,0.607619047619048,0.6,0.0076190476190479695,-0.007619047619047081
DTLZ2,10,11,11011,"S1_[0,0.25]",0.016,0.048,0.048,0.0,0.032
DTLZ2,10,11,11011,"S2_(0.25,0.50]",0.118095238095238,0.123809523809524,0.125714285714286,-0.0019047619047620062,0.005714285714285991
DTLZ2,10,11,11011,"S3_(0.50,0.75]",0.334,0.352,0.41,-0.057999999999999996,0.01799999999999996
DTLZ2,10,11,11011,"S4_(0.75,1.00]",0.830476190476191,0.697142857142857,0.68952380952381,0.00761904761904697,-0.13333333333333408
DTLZ2,10,12,11012,"S1_[0,0.25]",0.064,0.04,0.04,0.0,-0.024
DTLZ2,10,12,11012,"S2_(0.25,0.50]",0.0647619047619048,0.127619047619048,0.12952380952381,-0.0019047619047620201,0.0628571428571432
DTLZ2,10,12,11012,"S3_(0.50,0.75]",0.28,0.36,0.358,0.0020000000000000018,0.07999999999999996
DTLZ2,10,12,11012,"S4_(0.75,1.00]",0.775238095238096,0.862857142857143,0.878095238095238,-0.01523809523809505,0.08761904761904704
DTLZ2,10,13,11013,"S1_[0,0.25]",0.04,0.04,0.04,0.0,0.0
DTLZ2,10,13,11013,"S2_(0.25,0.50]",0.0685714285714286,0.0914285714285714,0.060952380952381,0.0304761904761904,0.022857142857142798
DTLZ2,10,13,11013,"S3_(0.50,0.75]",0.332,0.332,0.304,0.028000000000000025,0.0
DTLZ2,10,13,11013,"S4_(0.75,1.00]",0.687619047619048,0.584761904761905,0.563809523809524,0.020952380952381056,-0.10285714285714298
DTLZ2,10,14,11014,"S1_[0,0.25]",0.08,0.184,0.144,0.04000000000000001,0.104
DTLZ2,10,14,11014,"S2_(0.25,0.50]",0.125714285714286,0.118095238095238,0.108571428571429,0.009523809523809004,-0.007619047619047997
DTLZ2,10,14,11014,"S3_(0.50,0.75]",0.222,0.19,0.182,0.008000000000000007,-0.032
DTLZ2,10,14,11014,"S4_(0.75,1.00]",0.56,0.626666666666667,0.598095238095238,0.028571428571429025,0.06666666666666698
DTLZ2,10,15,11015,"S1_[0,0.25]",0.016,0.024,0.048,-0.024,0.008
DTLZ2,10,15,11015,"S2_(0.25,0.50]",0.0990476190476191,0.127619047619048,0.12952380952381,-0.0019047619047620201,0.028571428571428886
DTLZ2,10,15,11015,"S3_(0.50,0.75]",0.174,0.232,0.204,0.028000000000000025,0.058000000000000024
DTLZ2,10,15,11015,"S4_(0.75,1.00]",0.531428571428571,0.544761904761905,0.535238095238095,0.009523809523810045,0.013333333333333974
DTLZ2,10,16,11016,"S1_[0,0.25]",0.064,0.04,0.032,0.008,-0.024
DTLZ2,10,16,11016,"S2_(0.25,0.50]",0.104761904761905,0.152380952380952,0.150476190476191,0.0019047619047609932,0.047619047619047006
DTLZ2,10,16,11016,"S3_(0.50,0.75]",0.276,0.29,0.258,0.03199999999999997,0.013999999999999957
DTLZ2,10,16,11016,"S4_(0.75,1.00]",0.695238095238095,0.72952380952381,0.687619047619048,0.041904761904762,0.03428571428571503
DTLZ2,10,17,11017,"S1_[0,0.25]",0.016,0.024,0.024,0.0,0.008
DTLZ2,10,17,11017,"S2_(0.25,0.50]",0.0495238095238095,0.118095238095238,0.118095238095238,0.0,0.0685714285714285
DTLZ2,10,17,11017,"S3_(0.50,0.75]",0.258,0.378,0.364,0.014000000000000012,0.12
DTLZ2,10,17,11017,"S4_(0.75,1.00]",0.64,0.659047619047619,0.626666666666667,0.032380952380951955,0.01904761904761898
DTLZ2,10,18,11018,"S1_[0,0.25]",0.08,0.08,0.04,0.04,0.0
DTLZ2,10,18,11018,"S2_(0.25,0.50]",0.100952380952381,0.156190476190476,0.148571428571429,0.007619047619046998,0.05523809523809499
DTLZ2,10,18,11018,"S3_(0.50,0.75]",0.368,0.496,0.364,0.132,0.128
DTLZ2,10,18,11018,"S4_(0.75,1.00]",0.657142857142857,0.68952380952381,0.693333333333334,-0.0038095238095240402,0.032380952380952954
DTLZ2,10,19,11019,"S1_[0,0.25]",0.024,0.04,0.04,0.0,0.016
DTLZ2,10,19,11019,"S2_(0.25,0.50]",0.104761904761905,0.148571428571429,0.188571428571429,-0.04000000000000001,0.04380952380952399
DTLZ2,10,19,11019,"S3_(0.50,0.75]",0.366,0.406,0.41,-0.003999999999999948,0.040000000000000036
DTLZ2,10,19,11019,"S4_(0.75,1.00]",0.676190476190476,0.744761904761905,0.706666666666667,0.03809523809523796,0.06857142857142895
DTLZ2,10,20,11020,"S1_[0,0.25]",0.072,0.096,0.096,0.0,0.024000000000000007
DTLZ2,10,20,11020,"S2_(0.25,0.50]",0.167619047619048,0.175238095238095,0.171428571428571,0.0038095238095239847,0.007619047619046998
DTLZ2,10,20,11020,"S3_(0.50,0.75]",0.216,0.232,0.25,-0.017999999999999988,0.016000000000000014
DTLZ2,10,20,11020,"S4_(0.75,1.00]",0.641904761904762,0.681904761904762,0.678095238095238,0.0038095238095240402,0.040000000000000036
DTLZ2,10,21,11021,"S1_[0,0.25]",0.176,0.112,0.056,0.056,-0.06399999999999999
DTLZ2,10,21,11021,"S2_(0.25,0.50]",0.121904761904762,0.0533333333333333,0.0438095238095238,0.009523809523809504,-0.0685714285714287
DTLZ2,10,21,11021,"S3_(0.50,0.75]",0.178,0.29,0.344,-0.05399999999999999,0.11199999999999999
DTLZ2,10,21,11021,"S4_(0.75,1.00]",0.687619047619048,0.794285714285714,0.794285714285714,0.0,0.10666666666666602
DTLZ2,10,22,11022,"S1_[0,0.25]",0.016,0.08,0.056,0.024,0.064
DTLZ2,10,22,11022,"S2_(0.25,0.50]",0.137142857142857,0.186666666666667,0.180952380952381,0.005714285714286005,0.04952380952381
DTLZ2,10,22,11022,"S3_(0.50,0.75]",0.25,0.34,0.342,-0.0020000000000000018,0.09000000000000002
DTLZ2,10,22,11022,"S4_(0.75,1.00]",0.695238095238095,0.620952380952381,0.605714285714286,0.01523809523809505,-0.07428571428571396
DTLZ2,10,23,11023,"S1_[0,0.25]",0.064,0.104,0.08,0.023999999999999994,0.039999999999999994
DTLZ2,10,23,11023,"S2_(0.25,0.50]",0.146666666666667,0.222857142857143,0.167619047619048,0.055238095238095,0.076190476190476
DTLZ2,10,23,11023,"S3_(0.50,0.75]",0.338,0.298,0.254,0.043999999999999984,-0.040000000000000036
DTLZ2,10,23,11023,"S4_(0.75,1.00]",0.533333333333333,0.556190476190476,0.561904761904762,-0.005714285714286005,0.02285714285714302
DTLZ2,10,24,11024,"S1_[0,0.25]",0.144,0.216,0.192,0.023999999999999994,0.07200000000000001
DTLZ2,10,24,11024,"S2_(0.25,0.50]",0.213333333333333,0.140952380952381,0.12,0.020952380952381,-0.07238095238095199
DTLZ2,10,24,11024,"S3_(0.50,0.75]",0.344,0.348,0.36,-0.01200000000000001,0.0040000000000000036
DTLZ2,10,24,11024,"S4_(0.75,1.00]",0.624761904761905,0.672380952380952,0.683809523809524,-0.01142857142857201,0.047619047619047006
DTLZ2,10,25,11025,"S1_[0,0.25]",0.176,0.144,0.08,0.06399999999999999,-0.032
DTLZ2,10,25,11025,"S2_(0.25,0.50]",0.205714285714286,0.104761904761905,0.108571428571429,-0.0038095238095239986,-0.10095238095238099
DTLZ2,10,25,11025,"S3_(0.50,0.75]",0.256,0.298,0.312,-0.014000000000000012,0.04199999999999998
DTLZ2,10,25,11025,"S4_(0.75,1.00]",0.563809523809524,0.67047619047619,0.723809523809524,-0.05333333333333401,0.10666666666666602
DTLZ2,20,1,12001,"S1_[0,0.25]",0.0,0.144,0.136,0.00799999999999998,0.144
DTLZ2,20,1,12001,"S2_(0.25,0.50]",0.123809523809524,0.219047619047619,0.186666666666667,0.03238095238095198,0.095238095238095
DTLZ2,20,1,12001,"S3_(0.50,0.75]",0.388,0.416,0.354,0.062,0.02799999999999997
DTLZ2,20,1,12001,"S4_(0.75,1.00]",0.603809523809524,0.630476190476191,0.662857142857143,-0.032380952380952066,0.02666666666666695
DTLZ2,20,2,12002,"S1_[0,0.25]",0.0,0.032,0.032,0.0,0.032
DTLZ2,20,2,12002,"S2_(0.25,0.50]",0.0304761904761905,0.0876190476190476,0.106666666666667,-0.01904761904761941,0.05714285714285709
DTLZ2,20,2,12002,"S3_(0.50,0.75]",0.166,0.392,0.394,-0.0020000000000000018,0.226
DTLZ2,20,2,12002,"S4_(0.75,1.00]",0.567619047619048,0.664761904761905,0.702857142857143,-0.03809523809523796,0.09714285714285698
DTLZ2,20,3,12003,"S1_[0,0.25]",0.12,0.112,0.112,0.0,-0.007999999999999993
DTLZ2,20,3,12003,"S2_(0.25,0.50]",0.154285714285714,0.213333333333333,0.236190476190476,-0.02285714285714302,0.05904761904761899
DTLZ2,20,3,12003,"S3_(0.50,0.75]",0.368,0.5,0.468,0.03199999999999997,0.132
DTLZ2,20,3,12003,"S4_(0.75,1.00]",0.678095238095238,0.748571428571429,0.771428571428572,-0.02285714285714302,0.07047619047619103
DTLZ2,20,4,12004,"S1_[0,0.25]",0.032,0.096,0.104,-0.007999999999999993,0.064
DTLZ2,20,4,12004,"S2_(0.25,0.50]",0.0666666666666667,0.12,0.182857142857143,-0.062857142857143,0.0533333333333333
DTLZ2,20,4,12004,"S3_(0.50,0.75]",0.126,0.118,0.24,-0.122,-0.008000000000000007
DTLZ2,20,4,12004,"S4_(0.75,1.00]",0.531428571428571,0.586666666666667,0.632380952380952,-0.04571428571428504,0.055238095238095974
DTLZ2,20,5,12005,"S1_[0,0.25]",0.064,0.08,0.08,0.0,0.016
DTLZ2,20,5,12005,"S2_(0.25,0.50]",0.180952380952381,0.297142857142857,0.264761904761905,0.03238095238095201,0.11619047619047598
DTLZ2,20,5,12005,"S3_(0.50,0.75]",0.282,0.318,0.278,0.03999999999999998,0.03600000000000003
DTLZ2,20,5,12005,"S4_(0.75,1.00]",0.447619047619048,0.436190476190476,0.518095238095238,-0.08190476190476204,-0.01142857142857201
DTLZ2,20,6,12006,"S1_[0,0.25]",0.016,0.04,0.04,0.0,0.024
DTLZ2,20,6,12006,"S2_(0.25,0.50]",0.0666666666666667,0.12,0.110476190476191,0.00952380952380899,0.0533333333333333
DTLZ2,20,6,12006,"S3_(0.50,0.75]",0.172,0.302,0.282,0.020000000000000018,0.13
DTLZ2,20,6,12006,"S4_(0.75,1.00]",0.611428571428571,0.780952380952381,0.771428571428572,0.009523809523808935,0.16952380952380997
DTLZ2,20,7,12007,"S1_[0,0.25]",0.08,0.024,0.016,0.008,-0.056
DTLZ2,20,7,12007,"S2_(0.25,0.50]",0.060952380952381,0.0723809523809524,0.0628571428571428,0.009523809523809601,0.011428571428571406
DTLZ2,20,7,12007,"S3_(0.50,0.75]",0.158,0.306,0.3,0.006000000000000005,0.148
DTLZ2,20,7,12007,"S4_(0.75,1.00]",0.56,0.683809523809524,0.672380952380952,0.01142857142857201,0.12380952380952392
DTLZ2,20,8,12008,"S1_[0,0.25]",0.056,0.12,0.128,-0.008000000000000007,0.064
DTLZ2,20,8,12008,"S2_(0.25,0.50]",0.123809523809524,0.247619047619048,0.190476190476191,0.057142857142856995,0.123809523809524
DTLZ2,20,8,12008,"S3_(0.50,0.75]",0.202,0.242,0.232,0.009999999999999981,0.03999999999999998
DTLZ2,20,8,12008,"S4_(0.75,1.00]",0.552380952380952,0.60952380952381,0.620952380952381,-0.01142857142857101,0.05714285714285805
DTLZ2,20,9,12009,"S1_[0,0.25]",0.104,0.336,0.32,0.016000000000000014,0.23200000000000004
DTLZ2,20,9,12009,"S2_(0.25,0.50]",0.24,0.300952380952381,0.251428571428572,0.049523809523809026,0.060952380952381036
DTLZ2,20,9,12009,"S3_(0.50,0.75]",0.246,0.264,0.274,-0.010000000000000009,0.018000000000000016
DTLZ2,20,9,12009,"S4_(0.75,1.00]",0.462857142857143,0.506666666666667,0.468571428571429,0.038095238095238015,0.04380952380952402
DTLZ2,20,10,12010,"S1_[0,0.25]",0.0,0.064,0.064,0.0,0.064
DTLZ2,20,10,12010,"S2_(0.25,0.50]",0.121904761904762,0.180952380952381,0.161904761904762,0.019047619047619008,0.059047619047619
DTLZ2,20,10,12010,"S3_(0.50,0.75]",0.362,0.35,0.358,-0.008000000000000007,-0.01200000000000001
DTLZ2,20,10,12010,"S4_(0.75,1.00]",0.660952380952381,0.64952380952381,0.653333333333333,-0.003809523809523041,-0.01142857142857101
DTLZ2,20,11,12011,"S1_[0,0.25]",0.072,0.136,0.136,0.0,0.06400000000000002
DTLZ2,20,11,12011,"S2_(0.25,0.50]",0.116190476190476,0.20952380952381,0.207619047619048,0.0019047619047619924,0.093333333333334
DTLZ2,20,11,12011,"S3_(0.50,0.75]",0.25,0.336,0.368,-0.03199999999999997,0.08600000000000002
DTLZ2,20,11,12011,"S4_(0.75,1.00]",0.508571428571429,0.664761904761905,0.659047619047619,0.005714285714286005,0.156190476190476
DTLZ2,20,12,12012,"S1_[0,0.25]",0.0,0.048,0.048,0.0,0.048
DTLZ2,20,12,12012,"S2_(0.25,0.50]",0.0495238095238095,0.146666666666667,0.156190476190476,-0.00952380952380899,0.0971428571428575
DTLZ2,20,12,12012,"S3_(0.50,0.75]",0.198,0.374,0.338,0.035999999999999976,0.176
DTLZ2,20,12,12012,"S4_(0.75,1.00]",0.664761904761905,0.700952380952381,0.691428571428571,0.009523809523810045,0.036190476190475995
DTLZ2,20,13,12013,"S1_[0,0.25]",0.008,0.04,0.032,0.008,0.032
DTLZ2,20,13,12013,"S2_(0.25,0.50]",0.0495238095238095,0.152380952380952,0.173333333333333,-0.020952380952381,0.10285714285714251
DTLZ2,20,13,12013,"S3_(0.50,0.75]",0.236,0.492,0.506,-0.014000000000000012,0.256
DTLZ2,20,13,12013,"S4_(0.75,1.00]",0.68952380952381,0.819047619047619,0.8,0.01904761904761898,0.12952380952380904
DTLZ2,20,14,12014,"S1_[0,0.25]",0.0,0.048,0.048,0.0,0.048
DTLZ2,20,14,12014,"S2_(0.25,0.50]",0.059047619047619,0.165714285714286,0.152380952380952,0.013333333333334002,0.106666666666667
DTLZ2,20,14,12014,"S3_(0.50,0.75]",0.262,0.308,0.298,0.010000000000000009,0.045999999999999985
DTLZ2,20,14,12014,"S4_(0.75,1.00]",0.55047619047619,0.651428571428571,0.643809523809524,0.00761904761904697,0.10095238095238102
DTLZ2,20,15,12015,"S1_[0,0.25]",0.0,0.112,0.104,0.008000000000000007,0.112
DTLZ2,20,15,12015,"S2_(0.25,0.50]",0.0590476190476191,0.123809523809524,0.146666666666667,-0.022857142857143006,0.0647619047619049
DTLZ2,20,15,12015,"S3_(0.50,0.75]",0.286,0.306,0.306,0.0,0.020000000000000018
DTLZ2,20,15,12015,"S4_(0.75,1.00]",0.563809523809524,0.624761904761905,0.619047619047619,0.005714285714286005,0.06095238095238098
DTLZ2,20,16,12016,"S1_[0,0.25]",0.032,0.104,0.104,0.0,0.072
DTLZ2,20,16,12016,"S2_(0.25,0.50]",0.150476190476191,0.198095238095238,0.16952380952381,0.028571428571427998,0.04761904761904698
DTLZ2,20,16,12016,"S3_(0.50,0.75]",0.306,0.42,0.418,0.0020000000000000018,0.11399999999999999
DTLZ2,20,16,12016,"S4_(0.75,1.00]",0.666666666666667,0.731428571428572,0.700952380952381,0.03047619047619099,0.06476190476190502
DTLZ2,20,17,12017,"S1_[0,0.25]",0.048,0.12,0.128,-0.008000000000000007,0.072
DTLZ2,20,17,12017,"S2_(0.25,0.50]",0.0857142857142857,0.205714285714286,0.234285714285714,-0.028571428571427998,0.12000000000000029
DTLZ2,20,17,12017,"S3_(0.50,0.75]",0.282,0.312,0.284,0.028000000000000025,0.030000000000000027
DTLZ2,20,17,12017,"S4_(0.75,1.00]",0.504761904761905,0.512380952380952,0.539047619047619,-0.02666666666666695,0.007619047619047081
DTLZ2,20,18,12018,"S1_[0,0.25]",0.0,0.0,0.016,-0.016,0.0
DTLZ2,20,18,12018,"S2_(0.25,0.50]",0.0114285714285714,0.060952380952381,0.0571428571428571,0.0038095238095239015,0.0495238095238096
DTLZ2,20,18,12018,"S3_(0.50,0.75]",0.176,0.36,0.364,-0.0040000000000000036,0.184
DTLZ2,20,18,12018,"S4_(0.75,1.00]",0.592380952380953,0.628571428571429,0.664761904761905,-0.036190476190475995,0.036190476190475995
DTLZ2,20,19,12019,"S1_[0,0.25]",0.016,0.064,0.048,0.016,0.048
DTLZ2,20,19,12019,"S2_(0.25,0.50]",0.0914285714285714,0.146666666666667,0.148571428571429,-0.0019047619047619924,0.0552380952380956
DTLZ2,20,19,12019,"S3_(0.50,0.75]",0.172,0.364,0.406,-0.04200000000000004,0.192
DTLZ2,20,19,12019,"S4_(0.75,1.00]",0.603809523809524,0.822857142857143,0.84,-0.017142857142857015,0.21904761904761894
DTLZ2,20,20,12020,"S1_[0,0.25]",0.072,0.176,0.168,0.00799999999999998,0.104
DTLZ2,20,20,12020,"S2_(0.25,0.50]",0.127619047619048,0.177142857142857,0.137142857142857,0.03999999999999998,0.049523809523809
DTLZ2,20,20,12020,"S3_(0.50,0.75]",0.25,0.33,0.31,0.020000000000000018,0.08000000000000002
DTLZ2,20,20,12020,"S4_(0.75,1.00]",0.691428571428571,0.782857142857143,0.767619047619048,0.01523809523809505,0.09142857142857208
DTLZ2,20,21,12021,"S1_[0,0.25]",0.0,0.0,0.0,0.0,0.0
DTLZ2,20,21,12021,"S2_(0.25,0.50]",0.0857142857142857,0.140952380952381,0.15047619047619,-0.009523809523809018,0.055238095238095294
DTLZ2,20,21,12021,"S3_(0.50,0.75]",0.258,0.39,0.382,0.008000000000000007,0.132
DTLZ2,20,21,12021,"S4_(0.75,1.00]",0.525714285714286,0.563809523809524,0.577142857142857,-0.013333333333332975,0.03809523809523796
DTLZ2,20,22,12022,"S1_[0,0.25]",0.104,0.152,0.152,0.0,0.048
DTLZ2,20,22,12022,"S2_(0.25,0.50]",0.182857142857143,0.220952380952381,0.217142857142857,0.0038095238095240125,0.038095238095238015
DTLZ2,20,22,12022,"S3_(0.50,0.75]",0.292,0.25,0.284,-0.033999999999999975,-0.04199999999999998
DTLZ2,20,22,12022,"S4_(0.75,1.00]",0.647619047619048,0.624761904761905,0.617142857142857,0.0076190476190479695,-0.02285714285714302
DTLZ2,20,23,12023,"S1_[0,0.25]",0.032,0.056,0.056,0.0,0.024
DTLZ2,20,23,12023,"S2_(0.25,0.50]",0.0552380952380952,0.0761904761904762,0.0628571428571429,0.013333333333333294,0.020952380952381
DTLZ2,20,23,12023,"S3_(0.50,0.75]",0.114,0.188,0.202,-0.014000000000000012,0.074
DTLZ2,20,23,12023,"S4_(0.75,1.00]",0.514285714285714,0.668571428571429,0.645714285714286,0.02285714285714302,0.15428571428571503
DTLZ2,20,24,12024,"S1_[0,0.25]",0.024,0.04,0.04,0.0,0.016
DTLZ2,20,24,12024,"S2_(0.25,0.50]",0.0933333333333333,0.0780952380952381,0.0590476190476191,0.019047619047619008,-0.01523809523809519
DTLZ2,20,24,12024,"S3_(0.50,0.75]",0.282,0.308,0.328,-0.020000000000000018,0.026000000000000023
DTLZ2,20,24,12024,"S4_(0.75,1.00]",0.681904761904762,0.613333333333334,0.598095238095238,0.015238095238095939,-0.06857142857142806
DTLZ2,20,25,12025,"S1_[0,0.25]",0.0,0.152,0.168,-0.016000000000000014,0.152
DTLZ2,20,25,12025,"S2_(0.25,0.50]",0.0685714285714286,0.140952380952381,0.102857142857143,0.038095238095238,0.07238095238095239
DTLZ2,20,25,12025,"S3_(0.50,0.75]",0.302,0.436,0.43,0.006000000000000005,0.134
DTLZ2,20,25,12025,"S4_(0.75,1.00]",0.773333333333333,0.685714285714286,0.664761904761905,0.020952380952381056,-0.08761904761904693
DTLZ4,10,1,21001,"S1_[0,0.25]",0.144,0.104,0.008,0.096,-0.039999999999999994
DTLZ4,10,1,21001,"S2_(0.25,0.50]",0.367619047619048,0.285714285714286,0.158095238095238,0.12761904761904797,-0.08190476190476204
DTLZ4,10,1,21001,"S3_(0.50,0.75]",0.558,0.476,0.376,0.09999999999999998,-0.08200000000000007
DTLZ4,10,1,21001,"S4_(0.75,1.00]",0.866666666666667,0.805714285714286,0.815238095238095,-0.009523809523808935,-0.06095238095238098
DTLZ4,10,2,21002,"S1_[0,0.25]",0.312,0.192,0.0,0.192,-0.12
DTLZ4,10,2,21002,"S2_(0.25,0.50]",0.594285714285714,0.24952380952381,0.161904761904762,0.08761904761904801,-0.34476190476190394
DTLZ4,10,2,21002,"S3_(0.50,0.75]",0.568,0.422,0.344,0.07800000000000001,-0.14599999999999996
DTLZ4,10,2,21002,"S4_(0.75,1.00]",0.88,0.811428571428572,0.777142857142857,0.03428571428571503,-0.06857142857142795
DTLZ4,10,3,21003,"S1_[0,0.25]",0.352,0.256,0.032,0.224,-0.09599999999999997
DTLZ4,10,3,21003,"S2_(0.25,0.50]",0.356190476190476,0.173333333333333,0.106666666666667,0.066666666666666,-0.182857142857143
DTLZ4,10,3,21003,"S3_(0.50,0.75]",0.586,0.348,0.234,0.11399999999999996,-0.238
DTLZ4,10,3,21003,"S4_(0.75,1.00]",0.80952380952381,0.822857142857143,0.737142857142857,0.08571428571428596,0.013333333333332975
DTLZ4,10,4,21004,"S1_[0,0.25]",0.248,0.168,0.04,0.128,-0.07999999999999999
DTLZ4,10,4,21004,"S2_(0.25,0.50]",0.356190476190476,0.24952380952381,0.188571428571429,0.06095238095238101,-0.106666666666666
DTLZ4,10,4,21004,"S3_(0.50,0.75]",0.538,0.506,0.43,0.07600000000000001,-0.03200000000000003
DTLZ4,10,4,21004,"S4_(0.75,1.00]",0.718095238095238,0.636190476190476,0.632380952380952,0.003809523809523929,-0.08190476190476204
DTLZ4,10,5,21005,"S1_[0,0.25]",0.104,0.168,0.096,0.07200000000000001,0.06400000000000002
DTLZ4,10,5,21005,"S2_(0.25,0.50]",0.28952380952381,0.323809523809524,0.272380952380952,0.05142857142857199,0.034285714285713975
DTLZ4,10,5,21005,"S3_(0.50,0.75]",0.682,0.566,0.466,0.09999999999999992,-0.1160000000000001
DTLZ4,10,5,21005,"S4_(0.75,1.00]",0.927619047619048,0.866666666666667,0.790476190476191,0.07619047619047603,-0.06095238095238098
DTLZ4,10,6,21006,"S1_[0,0.25]",0.168,0.32,0.24,0.08000000000000002,0.152
DTLZ4,10,6,21006,"S2_(0.25,0.50]",0.361904761904762,0.327619047619048,0.259047619047619,0.06857142857142895,-0.03428571428571403
DTLZ4,10,6,21006,"S3_(0.50,0.75]",0.376,0.302,0.264,0.03799999999999998,-0.07400000000000001
DTLZ4,10,6,21006,"S4_(0.75,1.00]",0.693333333333333,0.754285714285714,0.767619047619048,-0.013333333333333974,0.06095238095238098
DTLZ4,10,7,21007,"S1_[0,0.25]",0.16,0.152,0.008,0.144,-0.008000000000000007
DTLZ4,10,7,21007,"S2_(0.25,0.50]",0.139047619047619,0.173333333333333,0.114285714285714,0.059047619047619,0.034285714285714
DTLZ4,10,7,21007,"S3_(0.50,0.75]",0.308,0.298,0.254,0.043999999999999984,-0.010000000000000009
DTLZ4,10,7,21007,"S4_(0.75,1.00]",0.80952380952381,0.784761904761905,0.742857142857143,0.041904761904762,-0.024761904761904985
DTLZ4,10,8,21008,"S1_[0,0.25]",0.088,0.112,0.024,0.088,0.024000000000000007
DTLZ4,10,8,21008,"S2_(0.25,0.50]",0.179047619047619,0.163809523809524,0.152380952380952,0.011428571428571982,-0.015238095238095023
DTLZ4,10,8,21008,"S3_(0.50,0.75]",0.344,0.392,0.36,0.03200000000000003,0.04800000000000004
DTLZ4,10,8,21008,"S4_(0.75,1.00]",0.76,0.771428571428572,0.693333333333333,0.078095238095239,0.01142857142857201
DTLZ4,10,9,21009,"S1_[0,0.25]",0.12,0.088,0.016,0.072,-0.032
DTLZ4,10,9,21009,"S2_(0.25,0.50]",0.179047619047619,0.123809523809524,0.0495238095238095,0.0742857142857145,-0.05523809523809502
DTLZ4,10,9,21009,"S3_(0.50,0.75]",0.372,0.306,0.286,0.020000000000000018,-0.066
DTLZ4,10,9,21009,"S4_(0.75,1.00]",0.868571428571429,0.739047619047619,0.700952380952381,0.03809523809523796,-0.12952380952381004
DTLZ4,10,10,21010,"S1_[0,0.25]",0.184,0.168,0.0,0.168,-0.015999999999999986
DTLZ4,10,10,21010,"S2_(0.25,0.50]",0.310476190476191,0.102857142857143,0.0361904761904762,0.06666666666666679,-0.20761904761904804
DTLZ4,10,10,21010,"S3_(0.50,0.75]",0.424,0.428,0.398,0.02999999999999997,0.0040000000000000036
DTLZ4,10,10,21010,"S4_(0.75,1.00]",0.792380952380953,0.761904761904762,0.761904761904762,0.0,-0.03047619047619099
DTLZ4,10,11,21011,"S1_[0,0.25]",0.24,0.288,0.112,0.176,0.04799999999999999
DTLZ4,10,11,21011,"S2_(0.25,0.50]",0.365714285714286,0.219047619047619,0.0723809523809524,0.14666666666666658,-0.146666666666667
DTLZ4,10,11,21011,"S3_(0.50,0.75]",0.514,0.33,0.224,0.10600000000000001,-0.184
DTLZ4,10,11,21011,"S4_(0.75,1.00]",0.788571428571429,0.779047619047619,0.708571428571429,0.07047619047619003,-0.009523809523810045
DTLZ4,10,12,21012,"S1_[0,0.25]",0.112,0.16,0.056,0.10400000000000001,0.048
DTLZ4,10,12,21012,"S2_(0.25,0.50]",0.260952380952381,0.192380952380952,0.0990476190476191,0.09333333333333288,-0.068571428571429
DTLZ4,10,12,21012,"S3_(0.50,0.75]",0.492,0.446,0.338,0.10799999999999998,-0.045999999999999985
DTLZ4,10,12,21012,"S4_(0.75,1.00]",0.794285714285714,0.695238095238095,0.575238095238095,0.12,-0.09904761904761905
DTLZ4,10,13,21013,"S1_[0,0.25]",0.272,0.264,0.056,0.20800000000000002,-0.008000000000000007
DTLZ4,10,13,21013,"S2_(0.25,0.50]",0.377142857142857,0.32,0.228571428571429,0.091428571428571,-0.057142857142856995
DTLZ4,10,13,21013,"S3_(0.50,0.75]",0.594,0.558,0.416,0.14200000000000007,-0.03599999999999992
DTLZ4,10,13,21013,"S4_(0.75,1.00]",0.8,0.740952380952381,0.699047619047619,0.041904761904762,-0.059047619047619015
DTLZ4,10,14,21014,"S1_[0,0.25]",0.112,0.128,0.072,0.05600000000000001,0.016
DTLZ4,10,14,21014,"S2_(0.25,0.50]",0.0819047619047619,0.0971428571428571,0.0666666666666667,0.030476190476190407,0.015238095238095203
DTLZ4,10,14,21014,"S3_(0.50,0.75]",0.332,0.356,0.29,0.066,0.023999999999999966
DTLZ4,10,14,21014,"S4_(0.75,1.00]",0.674285714285714,0.748571428571429,0.718095238095238,0.03047619047619099,0.07428571428571495
DTLZ4,10,15,21015,"S1_[0,0.25]",0.264,0.28,0.048,0.23200000000000004,0.016000000000000014
DTLZ4,10,15,21015,"S2_(0.25,0.50]",0.310476190476191,0.224761904761905,0.146666666666667,0.078095238095238,-0.08571428571428602
DTLZ4,10,15,21015,"S3_(0.50,0.75]",0.56,0.466,0.386,0.08000000000000002,-0.09400000000000003
DTLZ4,10,15,21015,"S4_(0.75,1.00]",0.822857142857143,0.828571428571429,0.725714285714286,0.10285714285714298,0.005714285714286005
DTLZ4,10,16,21016,"S1_[0,0.25]",0.072,0.216,0.112,0.104,0.14400000000000002
DTLZ4,10,16,21016,"S2_(0.25,0.50]",0.211428571428571,0.293333333333333,0.32,-0.026666666666667005,0.08190476190476201
DTLZ4,10,16,21016,"S3_(0.50,0.75]",0.538,0.596,0.682,-0.08600000000000008,0.05799999999999994
DTLZ4,10,16,21016,"S4_(0.75,1.00]",0.862857142857143,0.939047619047619,0.866666666666667,0.07238095238095199,0.07619047619047603
DTLZ4,10,17,21017,"S1_[0,0.25]",0.256,0.248,0.104,0.14400000000000002,-0.008000000000000007
DTLZ4,10,17,21017,"S2_(0.25,0.50]",0.274285714285714,0.24,0.173333333333333,0.06666666666666698,-0.03428571428571403
DTLZ4,10,17,21017,"S3_(0.50,0.75]",0.508,0.48,0.464,0.01599999999999996,-0.028000000000000025
DTLZ4,10,17,21017,"S4_(0.75,1.00]",0.798095238095238,0.718095238095238,0.737142857142857,-0.01904761904761898,-0.07999999999999996
DTLZ4,10,18,21018,"S1_[0,0.25]",0.096,0.072,0.008,0.064,-0.024000000000000007
DTLZ4,10,18,21018,"S2_(0.25,0.50]",0.291428571428572,0.270476190476191,0.24,0.03047619047619099,-0.020952380952381
DTLZ4,10,18,21018,"S3_(0.50,0.75]",0.524,0.488,0.462,0.025999999999999968,-0.03600000000000003
DTLZ4,10,18,21018,"S4_(0.75,1.00]",0.784761904761905,0.790476190476191,0.752380952380952,0.03809523809523896,0.005714285714286005
DTLZ4,10,19,21019,"S1_[0,0.25]",0.112,0.096,0.0,0.096,-0.016
DTLZ4,10,19,21019,"S2_(0.25,0.50]",0.207619047619048,0.135238095238095,0.0742857142857143,0.06095238095238069,-0.07238095238095302
DTLZ4,10,19,21019,"S3_(0.50,0.75]",0.45,0.474,0.426,0.04799999999999999,0.023999999999999966
DTLZ4,10,19,21019,"S4_(0.75,1.00]",0.88,0.855238095238095,0.807619047619048,0.047619047619047006,-0.024761904761904985
DTLZ4,10,20,21020,"S1_[0,0.25]",0.208,0.232,0.152,0.08000000000000002,0.02400000000000002
DTLZ4,10,20,21020,"S2_(0.25,0.50]",0.335238095238095,0.241904761904762,0.207619047619048,0.034285714285714,-0.09333333333333299
DTLZ4,10,20,21020,"S3_(0.50,0.75]",0.452,0.442,0.408,0.03400000000000003,-0.010000000000000009
DTLZ4,10,20,21020,"S4_(0.75,1.00]",0.699047619047619,0.725714285714286,0.712380952380952,0.013333333333333974,0.02666666666666695
DTLZ4,10,21,21021,"S1_[0,0.25]",0.16,0.128,0.04,0.088,-0.032
DTLZ4,10,21,21021,"S2_(0.25,0.50]",0.179047619047619,0.156190476190476,0.125714285714286,0.03047619047618999,-0.02285714285714302
DTLZ4,10,21,21021,"S3_(0.50,0.75]",0.422,0.388,0.368,0.020000000000000018,-0.033999999999999975
DTLZ4,10,21,21021,"S4_(0.75,1.00]",0.773333333333334,0.761904761904762,0.725714285714286,0.036190476190475995,-0.01142857142857201
DTLZ4,10,22,21022,"S1_[0,0.25]",0.224,0.192,0.032,0.16,-0.032
DTLZ4,10,22,21022,"S2_(0.25,0.50]",0.230476190476191,0.127619047619048,0.04,0.08761904761904798,-0.10285714285714301
DTLZ4,10,22,21022,"S3_(0.50,0.75]",0.414,0.344,0.234,0.10999999999999996,-0.07
DTLZ4,10,22,21022,"S4_(0.75,1.00]",0.767619047619048,0.725714285714286,0.613333333333334,0.11238095238095203,-0.041904761904762
DTLZ4,10,23,21023,"S1_[0,0.25]",0.152,0.12,0.04,0.07999999999999999,-0.032
DTLZ4,10,23,21023,"S2_(0.25,0.50]",0.165714285714286,0.104761904761905,0.0723809523809524,0.03238095238095259,-0.06095238095238101
DTLZ4,10,23,21023,"S3_(0.50,0.75]",0.52,0.558,0.5,0.05800000000000005,0.038000000000000034
DTLZ4,10,23,21023,"S4_(0.75,1.00]",0.828571428571429,0.838095238095238,0.834285714285714,0.0038095238095240402,0.009523809523809046
DTLZ4,10,24,21024,"S1_[0,0.25]",0.088,0.064,0.024,0.04,-0.023999999999999994
DTLZ4,10,24,21024,"S2_(0.25,0.50]",0.154285714285714,0.247619047619048,0.211428571428571,0.036190476190476994,0.09333333333333399
DTLZ4,10,24,21024,"S3_(0.50,0.75]",0.36,0.476,0.446,0.02999999999999997,0.11599999999999999
DTLZ4,10,24,21024,"S4_(0.75,1.00]",0.782857142857143,0.773333333333333,0.706666666666667,0.06666666666666599,-0.009523809523810045
DTLZ4,10,25,21025,"S1_[0,0.25]",0.072,0.064,0.04,0.024,-0.007999999999999993
DTLZ4,10,25,21025,"S2_(0.25,0.50]",0.0971428571428572,0.118095238095238,0.0666666666666667,0.05142857142857131,0.020952380952380806
DTLZ4,10,25,21025,"S3_(0.50,0.75]",0.354,0.402,0.316,0.08600000000000002,0.04800000000000004
DTLZ4,10,25,21025,"S4_(0.75,1.00]",0.807619047619048,0.813333333333333,0.788571428571429,0.024761904761903986,0.005714285714285006
DTLZ4,20,1,22001,"S1_[0,0.25]",0.2,0.232,0.096,0.136,0.032
DTLZ4,20,1,22001,"S2_(0.25,0.50]",0.219047619047619,0.211428571428571,0.16,0.05142857142857099,-0.007619047619047997
DTLZ4,20,1,22001,"S3_(0.50,0.75]",0.52,0.452,0.434,0.018000000000000016,-0.068
DTLZ4,20,1,22001,"S4_(0.75,1.00]",0.817142857142857,0.752380952380952,0.737142857142857,0.01523809523809505,-0.06476190476190491
DTLZ4,20,2,22002,"S1_[0,0.25]",0.112,0.128,0.048,0.08,0.016
DTLZ4,20,2,22002,"S2_(0.25,0.50]",0.220952380952381,0.234285714285714,0.222857142857143,0.011428571428570983,0.013333333333332975
DTLZ4,20,2,22002,"S3_(0.50,0.75]",0.41,0.504,0.414,0.09000000000000002,0.09400000000000003
DTLZ4,20,2,22002,"S4_(0.75,1.00]",0.702857142857143,0.824761904761905,0.80952380952381,0.01523809523809505,0.12190476190476207
DTLZ4,20,3,22003,"S1_[0,0.25]",0.112,0.112,0.04,0.07200000000000001,0.0
DTLZ4,20,3,22003,"S2_(0.25,0.50]",0.135238095238095,0.125714285714286,0.0971428571428571,0.0285714285714289,-0.00952380952380899
DTLZ4,20,3,22003,"S3_(0.50,0.75]",0.292,0.388,0.41,-0.021999999999999964,0.09600000000000003
DTLZ4,20,3,22003,"S4_(0.75,1.00]",0.638095238095238,0.758095238095238,0.754285714285714,0.0038095238095240402,0.12
DTLZ4,20,4,22004,"S1_[0,0.25]",0.168,0.248,0.176,0.07200000000000001,0.07999999999999999
DTLZ4,20,4,22004,"S2_(0.25,0.50]",0.232380952380952,0.266666666666667,0.226666666666667,0.04000000000000001,0.034285714285715
DTLZ4,20,4,22004,"S3_(0.50,0.75]",0.462,0.388,0.386,0.0020000000000000018,-0.07400000000000001
DTLZ4,20,4,22004,"S4_(0.75,1.00]",0.822857142857143,0.84952380952381,0.819047619047619,0.03047619047619099,0.02666666666666706
DTLZ4,20,5,22005,"S1_[0,0.25]",0.256,0.208,0.152,0.055999999999999994,-0.048000000000000015
DTLZ4,20,5,22005,"S2_(0.25,0.50]",0.312380952380952,0.283809523809524,0.184761904761905,0.09904761904761902,-0.02857142857142797
DTLZ4,20,5,22005,"S3_(0.50,0.75]",0.374,0.4,0.352,0.04800000000000004,0.026000000000000023
DTLZ4,20,5,22005,"S4_(0.75,1.00]",0.739047619047619,0.754285714285714,0.723809523809524,0.03047619047618999,0.01523809523809505
DTLZ4,20,6,22006,"S1_[0,0.25]",0.08,0.12,0.136,-0.016000000000000014,0.039999999999999994
DTLZ4,20,6,22006,"S2_(0.25,0.50]",0.24952380952381,0.243809523809524,0.184761904761905,0.059047619047619015,-0.005714285714286005
DTLZ4,20,6,22006,"S3_(0.50,0.75]",0.46,0.466,0.328,0.138,0.006000000000000005
DTLZ4,20,6,22006,"S4_(0.75,1.00]",0.801904761904762,0.84952380952381,0.744761904761905,0.10476190476190506,0.047619047619048005
DTLZ4,20,7,22007,"S1_[0,0.25]",0.28,0.24,0.096,0.144,-0.040000000000000036
DTLZ4,20,7,22007,"S2_(0.25,0.50]",0.222857142857143,0.182857142857143,0.150476190476191,0.03238095238095198,-0.04000000000000001
DTLZ4,20,7,22007,"S3_(0.50,0.75]",0.452,0.434,0.43,0.0040000000000000036,-0.018000000000000016
DTLZ4,20,7,22007,"S4_(0.75,1.00]",0.702857142857143,0.693333333333333,0.695238095238095,-0.0019047619047619646,-0.009523809523809934
DTLZ4,20,8,22008,"S1_[0,0.25]",0.152,0.24,0.208,0.032,0.088
DTLZ4,20,8,22008,"S2_(0.25,0.50]",0.219047619047619,0.253333333333333,0.245714285714286,0.007619047619047026,0.03428571428571403
DTLZ4,20,8,22008,"S3_(0.50,0.75]",0.32,0.424,0.382,0.04199999999999998,0.10399999999999998
DTLZ4,20,8,22008,"S4_(0.75,1.00]",0.777142857142857,0.756190476190476,0.708571428571429,0.047619047619047006,-0.020952380952381056
DTLZ4,20,9,22009,"S1_[0,0.25]",0.096,0.152,0.144,0.008000000000000007,0.055999999999999994
DTLZ4,20,9,22009,"S2_(0.25,0.50]",0.220952380952381,0.356190476190476,0.300952380952381,0.055238095238094975,0.135238095238095
DTLZ4,20,9,22009,"S3_(0.50,0.75]",0.428,0.554,0.532,0.02200000000000002,0.12600000000000006
DTLZ4,20,9,22009,"S4_(0.75,1.00]",0.725714285714286,0.71047619047619,0.64,0.07047619047619003,-0.015238095238095939
DTLZ4,20,10,22010,"S1_[0,0.25]",0.24,0.216,0.136,0.07999999999999999,-0.023999999999999994
DTLZ4,20,10,22010,"S2_(0.25,0.50]",0.182857142857143,0.24,0.228571428571429,0.011428571428570983,0.057142857142856995
DTLZ4,20,10,22010,"S3_(0.50,0.75]",0.536,0.574,0.5,0.07399999999999995,0.03799999999999992
DTLZ4,20,10,22010,"S4_(0.75,1.00]",0.866666666666667,0.826666666666667,0.822857142857143,0.0038095238095240402,-0.040000000000000036
DTLZ4,20,11,22011,"S1_[0,0.25]",0.112,0.104,0.016,0.088,-0.008000000000000007
DTLZ4,20,11,22011,"S2_(0.25,0.50]",0.146666666666667,0.144761904761905,0.123809523809524,0.020952380952381014,-0.0019047619047619924
DTLZ4,20,11,22011,"S3_(0.50,0.75]",0.242,0.466,0.496,-0.02999999999999997,0.22400000000000003
DTLZ4,20,11,22011,"S4_(0.75,1.00]",0.659047619047619,0.746666666666667,0.645714285714286,0.10095238095238102,0.08761904761904804
DTLZ4,20,12,22012,"S1_[0,0.25]",0.288,0.272,0.112,0.16000000000000003,-0.01599999999999996
DTLZ4,20,12,22012,"S2_(0.25,0.50]",0.127619047619048,0.179047619047619,0.146666666666667,0.03238095238095201,0.05142857142857102
DTLZ4,20,12,22012,"S3_(0.50,0.75]",0.422,0.556,0.48,0.07600000000000007,0.13400000000000006
DTLZ4,20,12,22012,"S4_(0.75,1.00]",0.824761904761905,0.862857142857143,0.796190476190476,0.06666666666666698,0.03809523809523796
DTLZ4,20,13,22013,"S1_[0,0.25]",0.168,0.16,0.064,0.096,-0.008000000000000007
DTLZ4,20,13,22013,"S2_(0.25,0.50]",0.203809523809524,0.207619047619048,0.161904761904762,0.04571428571428601,0.0038095238095240125
DTLZ4,20,13,22013,"S3_(0.50,0.75]",0.458,0.51,0.41,0.10000000000000003,0.05199999999999999
DTLZ4,20,13,22013,"S4_(0.75,1.00]",0.750476190476191,0.756190476190476,0.750476190476191,0.005714285714285006,0.005714285714285006
DTLZ4,20,14,22014,"S1_[0,0.25]",0.144,0.144,0.04,0.10399999999999998,0.0
DTLZ4,20,14,22014,"S2_(0.25,0.50]",0.16,0.156190476190476,0.135238095238095,0.020952380952381,-0.0038095238095240125
DTLZ4,20,14,22014,"S3_(0.50,0.75]",0.28,0.412,0.428,-0.016000000000000014,0.13199999999999995
DTLZ4,20,14,22014,"S4_(0.75,1.00]",0.689523809523809,0.731428571428571,0.704761904761905,0.02666666666666595,0.041904761904762
DTLZ4,20,15,22015,"S1_[0,0.25]",0.104,0.2,0.176,0.02400000000000002,0.09600000000000002
DTLZ4,20,15,22015,"S2_(0.25,0.50]",0.144761904761905,0.283809523809524,0.205714285714286,0.07809523809523802,0.139047619047619
DTLZ4,20,15,22015,"S3_(0.50,0.75]",0.348,0.48,0.422,0.057999999999999996,0.132
DTLZ4,20,15,22015,"S4_(0.75,1.00]",0.805714285714286,0.805714285714286,0.822857142857143,-0.017142857142856904,0.0
DTLZ4,20,16,22016,"S1_[0,0.25]",0.096,0.16,0.072,0.08800000000000001,0.064
DTLZ4,20,16,22016,"S2_(0.25,0.50]",0.0990476190476191,0.222857142857143,0.186666666666667,0.036190476190475995,0.1238095238095239
DTLZ4,20,16,22016,"S3_(0.50,0.75]",0.252,0.38,0.348,0.03200000000000003,0.128
DTLZ4,20,16,22016,"S4_(0.75,1.00]",0.681904761904762,0.76952380952381,0.758095238095238,0.01142857142857201,0.08761904761904804
DTLZ4,20,17,22017,"S1_[0,0.25]",0.072,0.088,0.064,0.023999999999999994,0.016
DTLZ4,20,17,22017,"S2_(0.25,0.50]",0.171428571428571,0.272380952380952,0.251428571428572,0.02095238095238,0.10095238095238099
DTLZ4,20,17,22017,"S3_(0.50,0.75]",0.444,0.54,0.45,0.09000000000000002,0.09600000000000003
DTLZ4,20,17,22017,"S4_(0.75,1.00]",0.76952380952381,0.771428571428572,0.687619047619048,0.083809523809524,0.0019047619047619646
DTLZ4,20,18,22018,"S1_[0,0.25]",0.12,0.128,0.064,0.064,0.008000000000000007
DTLZ4,20,18,22018,"S2_(0.25,0.50]",0.297142857142857,0.259047619047619,0.232380952380952,0.026666666666667033,-0.03809523809523796
DTLZ4,20,18,22018,"S3_(0.50,0.75]",0.466,0.344,0.41,-0.066,-0.12200000000000005
DTLZ4,20,18,22018,"S4_(0.75,1.00]",0.782857142857143,0.708571428571429,0.752380952380952,-0.04380952380952308,-0.07428571428571407
DTLZ4,20,19,22019,"S1_[0,0.25]",0.232,0.24,0.176,0.064,0.00799999999999998
DTLZ4,20,19,22019,"S2_(0.25,0.50]",0.255238095238095,0.28,0.150476190476191,0.129523809523809,0.02476190476190504
DTLZ4,20,19,22019,"S3_(0.50,0.75]",0.444,0.428,0.34,0.08799999999999997,-0.016000000000000014
DTLZ4,20,19,22019,"S4_(0.75,1.00]",0.838095238095238,0.798095238095238,0.817142857142857,-0.01904761904761898,-0.040000000000000036
DTLZ4,20,20,22020,"S1_[0,0.25]",0.184,0.104,0.088,0.016,-0.08
DTLZ4,20,20,22020,"S2_(0.25,0.50]",0.276190476190476,0.276190476190476,0.217142857142857,0.05904761904761899,0.0
DTLZ4,20,20,22020,"S3_(0.50,0.75]",0.45,0.52,0.478,0.04200000000000004,0.07
DTLZ4,20,20,22020,"S4_(0.75,1.00]",0.887619047619048,0.864761904761905,0.885714285714286,-0.020952380952381056,-0.02285714285714302
DTLZ4,20,21,22021,"S1_[0,0.25]",0.128,0.096,0.048,0.048,-0.032
DTLZ4,20,21,22021,"S2_(0.25,0.50]",0.234285714285714,0.188571428571429,0.114285714285714,0.074285714285715,-0.045714285714284986
DTLZ4,20,21,22021,"S3_(0.50,0.75]",0.326,0.476,0.418,0.057999999999999996,0.14999999999999997
DTLZ4,20,21,22021,"S4_(0.75,1.00]",0.788571428571429,0.820952380952381,0.792380952380953,0.028571428571428026,0.032380952380951955
DTLZ4,20,22,22022,"S1_[0,0.25]",0.192,0.152,0.072,0.08,-0.04000000000000001
DTLZ4,20,22,22022,"S2_(0.25,0.50]",0.182857142857143,0.167619047619048,0.131428571428571,0.036190476190476994,-0.015238095238094995
DTLZ4,20,22,22022,"S3_(0.50,0.75]",0.436,0.452,0.376,0.07600000000000001,0.016000000000000014
DTLZ4,20,22,22022,"S4_(0.75,1.00]",0.782857142857143,0.847619047619048,0.822857142857143,0.024761904761905096,0.06476190476190502
DTLZ4,20,23,22023,"S1_[0,0.25]",0.056,0.072,0.04,0.031999999999999994,0.015999999999999993
DTLZ4,20,23,22023,"S2_(0.25,0.50]",0.0857142857142857,0.180952380952381,0.156190476190476,0.024761904761905013,0.0952380952380953
DTLZ4,20,23,22023,"S3_(0.50,0.75]",0.356,0.492,0.478,0.014000000000000012,0.136
DTLZ4,20,23,22023,"S4_(0.75,1.00]",0.662857142857143,0.788571428571429,0.792380952380952,-0.00380952380952293,0.125714285714286
DTLZ4,20,24,22024,"S1_[0,0.25]",0.104,0.088,0.016,0.072,-0.016
DTLZ4,20,24,22024,"S2_(0.25,0.50]",0.135238095238095,0.156190476190476,0.131428571428571,0.024761904761904985,0.020952380952381
DTLZ4,20,24,22024,"S3_(0.50,0.75]",0.344,0.47,0.486,-0.016000000000000014,0.126
DTLZ4,20,24,22024,"S4_(0.75,1.00]",0.80952380952381,0.750476190476191,0.691428571428571,0.059047619047620015,-0.059047619047619015
DTLZ4,20,25,22025,"S1_[0,0.25]",0.16,0.088,0.048,0.039999999999999994,-0.07200000000000001
DTLZ4,20,25,22025,"S2_(0.25,0.50]",0.165714285714286,0.207619047619048,0.201904761904762,0.005714285714286005,0.041904761904762
DTLZ4,20,25,22025,"S3_(0.50,0.75]",0.536,0.45,0.36,0.09000000000000002,-0.08600000000000002
DTLZ4,20,25,22025,"S4_(0.75,1.00]",0.819047619047619,0.704761904761905,0.727619047619048,-0.02285714285714302,-0.11428571428571399
DTLZ7,10,1,31001,"S1_[0,0.25]",0.0,0.0,0.0,0.0,0.0
DTLZ7,10,1,31001,"S2_(0.25,0.50]",0.0019047619047619,0.0171428571428571,0.0171428571428571,0.0,0.015238095238095198
DTLZ7,10,1,31001,"S3_(0.50,0.75]",0.078,0.152,0.178,-0.025999999999999995,0.074
DTLZ7,10,1,31001,"S4_(0.75,1.00]",0.577142857142857,0.660952380952381,0.64,0.020952380952380945,0.083809523809524
DTLZ7,10,2,31002,"S1_[0,0.25]",0.0,0.016,0.016,0.0,0.016
DTLZ7,10,2,31002,"S2_(0.25,0.50]",0.0228571428571429,0.0323809523809524,0.0304761904761905,0.0019047619047618987,0.0095238095238095
DTLZ7,10,2,31002,"S3_(0.50,0.75]",0.19,0.24,0.206,0.034,0.04999999999999999
DTLZ7,10,2,31002,"S4_(0.75,1.00]",0.575238095238095,0.544761904761905,0.527619047619048,0.017142857142857015,-0.03047619047618999
DTLZ7,10,3,31003,"S1_[0,0.25]",0.0,0.016,0.016,0.0,0.016
DTLZ7,10,3,31003,"S2_(0.25,0.50]",0.0419047619047619,0.0647619047619048,0.04,0.024761904761904797,0.022857142857142895
DTLZ7,10,3,31003,"S3_(0.50,0.75]",0.048,0.06,0.048,0.011999999999999997,0.011999999999999997
DTLZ7,10,3,31003,"S4_(0.75,1.00]",0.443809523809524,0.548571428571429,0.550476190476191,-0.0019047619047619646,0.10476190476190506
DTLZ7,10,4,31004,"S1_[0,0.25]",0.0,0.0,0.0,0.0,0.0
DTLZ7,10,4,31004,"S2_(0.25,0.50]",0.0133333333333333,0.020952380952381,0.020952380952381,0.0,0.007619047619047701
DTLZ7,10,4,31004,"S3_(0.50,0.75]",0.146,0.218,0.214,0.0040000000000000036,0.07200000000000001
DTLZ7,10,4,31004,"S4_(0.75,1.00]",0.487619047619048,0.655238095238095,0.666666666666667,-0.01142857142857201,0.16761904761904695
DTLZ7,10,5,31005,"S1_[0,0.25]",0.0,0.008,0.016,-0.008,0.008
DTLZ7,10,5,31005,"S2_(0.25,0.50]",0.0361904761904762,0.0495238095238095,0.0533333333333333,-0.0038095238095238043,0.013333333333333294
DTLZ7,10,5,31005,"S3_(0.50,0.75]",0.194,0.156,0.128,0.027999999999999997,-0.038000000000000006
DTLZ7,10,5,31005,"S4_(0.75,1.00]",0.514285714285714,0.512380952380952,0.495238095238095,0.01714285714285707,-0.0019047619047619646
DTLZ7,10,6,31006,"S1_[0,0.25]",0.0,0.0,0.0,0.0,0.0
DTLZ7,10,6,31006,"S2_(0.25,0.50]",0.0171428571428571,0.0228571428571429,0.0247619047619048,-0.0019047619047619022,0.0057142857142858
DTLZ7,10,6,31006,"S3_(0.50,0.75]",0.154,0.156,0.122,0.034,0.0020000000000000018
DTLZ7,10,6,31006,"S4_(0.75,1.00]",0.56952380952381,0.657142857142857,0.626666666666667,0.03047619047618999,0.08761904761904704
DTLZ7,10,7,31007,"S1_[0,0.25]",0.0,0.0,0.0,0.0,0.0
DTLZ7,10,7,31007,"S2_(0.25,0.50]",0.0,0.0,0.0,0.0,0.0
DTLZ7,10,7,31007,"S3_(0.50,0.75]",0.066,0.106,0.09,0.016,0.039999999999999994
DTLZ7,10,7,31007,"S4_(0.75,1.00]",0.518095238095238,0.64952380952381,0.666666666666667,-0.017142857142857015,0.1314285714285719
DTLZ7,10,8,31008,"S1_[0,0.25]",0.0,0.0,0.0,0.0,0.0
DTLZ7,10,8,31008,"S2_(0.25,0.50]",0.0019047619047619,0.0133333333333333,0.0133333333333333,0.0,0.011428571428571399
DTLZ7,10,8,31008,"S3_(0.50,0.75]",0.14,0.212,0.21,0.0020000000000000018,0.07199999999999998
DTLZ7,10,8,31008,"S4_(0.75,1.00]",0.546666666666667,0.68952380952381,0.676190476190476,0.013333333333333974,0.14285714285714302
DTLZ7,10,9,31009,"S1_[0,0.25]",0.0,0.0,0.0,0.0,0.0
DTLZ7,10,9,31009,"S2_(0.25,0.50]",0.0171428571428571,0.0380952380952381,0.0342857142857143,0.0038095238095237974,0.020952380952381
DTLZ7,10,9,31009,"S3_(0.50,0.75]",0.124,0.138,0.124,0.014000000000000012,0.014000000000000012
DTLZ7,10,9,31009,"S4_(0.75,1.00]",0.525714285714286,0.615238095238095,0.662857142857143,-0.047619047619048005,0.089523809523809
DTLZ7,10,10,31010,"S1_[0,0.25]",0.0,0.0,0.0,0.0,0.0
DTLZ7,10,10,31010,"S2_(0.25,0.50]",0.0114285714285714,0.0228571428571429,0.0247619047619048,-0.0019047619047619022,0.011428571428571498
DTLZ7,10,10,31010,"S3_(0.50,0.75]",0.126,0.164,0.15,0.014000000000000012,0.038000000000000006
DTLZ7,10,10,31010,"S4_(0.75,1.00]",0.52952380952381,0.601904761904762,0.653333333333333,-0.051428571428570935,0.0723809523809521
DTLZ7,10,11,31011,"S1_[0,0.25]",0.0,0.0,0.0,0.0,0.0
DTLZ7,10,11,31011,"S2_(0.25,0.50]",0.0,0.0,0.0,0.0,0.0
DTLZ7,10,11,31011,"S3_(0.50,0.75]",0.044,0.17,0.194,-0.023999999999999994,0.126
DTLZ7,10,11,31011,"S4_(0.75,1.00]",0.548571428571429,0.700952380952381,0.699047619047619,0.0019047619047619646,0.15238095238095195
DTLZ7,10,12,31012,"S1_[0,0.25]",0.0,0.0,0.0,0.0,0.0
DTLZ7,10,12,31012,"S2_(0.25,0.50]",0.0247619047619048,0.0380952380952381,0.0419047619047619,-0.0038095238095238043,0.013333333333333298
DTLZ7,10,12,31012,"S3_(0.50,0.75]",0.132,0.178,0.186,-0.008000000000000007,0.045999999999999985
DTLZ7,10,12,31012,"S4_(0.75,1.00]",0.573333333333333,0.607619047619048,0.565714285714286,0.041904761904762,0.03428571428571492
DTLZ7,10,13,31013,"S1_[0,0.25]",0.0,0.0,0.0,0.0,0.0
DTLZ7,10,13,31013,"S2_(0.25,0.50]",0.0266666666666667,0.0419047619047619,0.0476190476190476,-0.0057142857142856995,0.015238095238095203
DTLZ7,10,13,31013,"S3_(0.50,0.75]",0.174,0.194,0.202,-0.008000000000000007,0.020000000000000018
DTLZ7,10,13,31013,"S4_(0.75,1.00]",0.628571428571429,0.691428571428572,0.68,0.011428571428571899,0.06285714285714294
DTLZ7,10,14,31014,"S1_[0,0.25]",0.0,0.0,0.0,0.0,0.0
DTLZ7,10,14,31014,"S2_(0.25,0.50]",0.0152380952380952,0.0247619047619048,0.020952380952381,0.003809523809523801,0.009523809523809601
DTLZ7,10,14,31014,"S3_(0.50,0.75]",0.012,0.046,0.06,-0.013999999999999999,0.034
DTLZ7,10,14,31014,"S4_(0.75,1.00]",0.447619047619048,0.59047619047619,0.64,-0.04952380952380997,0.14285714285714202
DTLZ7,10,15,31015,"S1_[0,0.25]",0.0,0.0,0.0,0.0,0.0
DTLZ7,10,15,31015,"S2_(0.25,0.50]",0.0095238095238095,0.020952380952381,0.019047619047619,0.0019047619047619993,0.0114285714285715
DTLZ7,10,15,31015,"S3_(0.50,0.75]",0.126,0.174,0.172,0.0020000000000000018,0.04799999999999999
DTLZ7,10,15,31015,"S4_(0.75,1.00]",0.531428571428571,0.603809523809524,0.620952380952381,-0.017142857142857015,0.07238095238095299
DTLZ7,10,16,31016,"S1_[0,0.25]",0.0,0.0,0.0,0.0,0.0
DTLZ7,10,16,31016,"S2_(0.25,0.50]",0.019047619047619,0.04,0.0457142857142857,-0.0057142857142856995,0.020952380952381
DTLZ7,10,16,31016,"S3_(0.50,0.75]",0.092,0.124,0.118,0.006000000000000005,0.032
DTLZ7,10,16,31016,"S4_(0.75,1.00]",0.563809523809524,0.645714285714286,0.68952380952381,-0.043809523809523965,0.08190476190476204
DTLZ7,10,17,31017,"S1_[0,0.25]",0.0,0.0,0.0,0.0,0.0
DTLZ7,10,17,31017,"S2_(0.25,0.50]",0.0,0.0,0.0,0.0,0.0
DTLZ7,10,17,31017,"S3_(0.50,0.75]",0.07,0.156,0.208,-0.05199999999999999,0.086
DTLZ7,10,17,31017,"S4_(0.75,1.00]",0.579047619047619,0.64,0.645714285714286,-0.005714285714286005,0.06095238095238098
DTLZ7,10,18,31018,"S1_[0,0.25]",0.016,0.0,0.0,0.0,-0.016
DTLZ7,10,18,31018,"S2_(0.25,0.50]",0.0038095238095238,0.0019047619047619,0.0019047619047619,0.0,-0.0019047619047619
DTLZ7,10,18,31018,"S3_(0.50,0.75]",0.04,0.126,0.136,-0.010000000000000009,0.086
DTLZ7,10,18,31018,"S4_(0.75,1.00]",0.51047619047619,0.6,0.613333333333333,-0.013333333333332975,0.08952380952381
DTLZ7,10,19,31019,"S1_[0,0.25]",0.0,0.0,0.0,0.0,0.0
DTLZ7,10,19,31019,"S2_(0.25,0.50]",0.0133333333333333,0.0247619047619048,0.0323809523809524,-0.007619047619047598,0.011428571428571501
DTLZ7,10,19,31019,"S3_(0.50,0.75]",0.148,0.218,0.218,0.0,0.07
DTLZ7,10,19,31019,"S4_(0.75,1.00]",0.615238095238095,0.689523809523809,0.76,-0.07047619047619103,0.07428571428571396
DTLZ7,10,20,31020,"S1_[0,0.25]",0.0,0.0,0.0,0.0,0.0
DTLZ7,10,20,31020,"S2_(0.25,0.50]",0.019047619047619,0.0361904761904762,0.0438095238095238,-0.007619047619047595,0.017142857142857203
DTLZ7,10,20,31020,"S3_(0.50,0.75]",0.154,0.224,0.194,0.03,0.07
DTLZ7,10,20,31020,"S4_(0.75,1.00]",0.537142857142857,0.55047619047619,0.537142857142857,0.013333333333332975,0.013333333333332975
DTLZ7,10,21,31021,"S1_[0,0.25]",0.0,0.0,0.0,0.0,0.0
DTLZ7,10,21,31021,"S2_(0.25,0.50]",0.0019047619047619,0.0133333333333333,0.0114285714285714,0.0019047619047618987,0.011428571428571399
DTLZ7,10,21,31021,"S3_(0.50,0.75]",0.084,0.096,0.082,0.013999999999999999,0.011999999999999997
DTLZ7,10,21,31021,"S4_(0.75,1.00]",0.630476190476191,0.697142857142857,0.72952380952381,-0.032380952380953065,0.06666666666666599
DTLZ7,10,22,31022,"S1_[0,0.25]",0.0,0.0,0.0,0.0,0.0
DTLZ7,10,22,31022,"S2_(0.25,0.50]",0.0361904761904762,0.0342857142857143,0.0304761904761905,0.003809523809523801,-0.0019047619047619022
DTLZ7,10,22,31022,"S3_(0.50,0.75]",0.174,0.12,0.096,0.023999999999999994,-0.05399999999999999
DTLZ7,10,22,31022,"S4_(0.75,1.00]",0.580952380952381,0.697142857142857,0.767619047619048,-0.07047619047619103,0.11619047619047596
DTLZ7,10,23,31023,"S1_[0,0.25]",0.0,0.0,0.0,0.0,0.0
DTLZ7,10,23,31023,"S2_(0.25,0.50]",0.0095238095238095,0.0438095238095238,0.0361904761904762,0.007619047619047595,0.034285714285714294
DTLZ7,10,23,31023,"S3_(0.50,0.75]",0.152,0.194,0.184,0.010000000000000009,0.04200000000000001
DTLZ7,10,23,31023,"S4_(0.75,1.00]",0.556190476190476,0.691428571428572,0.668571428571429,0.02285714285714291,0.13523809523809593
DTLZ7,10,24,31024,"S1_[0,0.25]",0.0,0.0,0.0,0.0,0.0
DTLZ7,10,24,31024,"S2_(0.25,0.50]",0.0076190476190476,0.019047619047619,0.0247619047619048,-0.0057142857142858,0.0114285714285714
DTLZ7,10,24,31024,"S3_(0.50,0.75]",0.084,0.14,0.142,-0.001999999999999974,0.05600000000000001
DTLZ7,10,24,31024,"S4_(0.75,1.00]",0.718095238095238,0.739047619047619,0.704761904761905,0.03428571428571392,0.020952380952380945
DTLZ7,10,25,31025,"S1_[0,0.25]",0.0,0.0,0.0,0.0,0.0
DTLZ7,10,25,31025,"S2_(0.25,0.50]",0.0095238095238095,0.0285714285714286,0.0228571428571429,0.0057142857142856995,0.019047619047619098
DTLZ7,10,25,31025,"S3_(0.50,0.75]",0.178,0.162,0.142,0.020000000000000018,-0.015999999999999986
DTLZ7,10,25,31025,"S4_(0.75,1.00]",0.567619047619048,0.708571428571429,0.716190476190476,-0.007619047619047081,0.14095238095238094
DTLZ7,20,1,32001,"S1_[0,0.25]",0.0,0.0,0.0,0.0,0.0
DTLZ7,20,1,32001,"S2_(0.25,0.50]",0.0152380952380952,0.0266666666666667,0.0247619047619048,0.0019047619047618987,0.0114285714285715
DTLZ7,20,1,32001,"S3_(0.50,0.75]",0.136,0.282,0.288,-0.006000000000000005,0.14599999999999996
DTLZ7,20,1,32001,"S4_(0.75,1.00]",0.535238095238095,0.609523809523809,0.607619047619048,0.0019047619047610764,0.07428571428571407
DTLZ7,20,2,32002,"S1_[0,0.25]",0.0,0.0,0.0,0.0,0.0
DTLZ7,20,2,32002,"S2_(0.25,0.50]",0.0,0.0095238095238095,0.0038095238095238,0.0057142857142857,0.0095238095238095
DTLZ7,20,2,32002,"S3_(0.50,0.75]",0.016,0.132,0.138,-0.006000000000000005,0.116
DTLZ7,20,2,32002,"S4_(0.75,1.00]",0.52,0.697142857142857,0.68952380952381,0.00761904761904697,0.17714285714285694
DTLZ7,20,3,32003,"S1_[0,0.25]",0.0,0.0,0.0,0.0,0.0
DTLZ7,20,3,32003,"S2_(0.25,0.50]",0.0152380952380952,0.0761904761904762,0.0704761904761905,0.0057142857142856995,0.060952380952380994
DTLZ7,20,3,32003,"S3_(0.50,0.75]",0.11,0.2,0.192,0.008000000000000007,0.09000000000000001
DTLZ7,20,3,32003,"S4_(0.75,1.00]",0.502857142857143,0.678095238095238,0.687619047619048,-0.009523809523810045,0.17523809523809497
DTLZ7,20,4,32004,"S1_[0,0.25]",0.0,0.0,0.0,0.0,0.0
DTLZ7,20,4,32004,"S2_(0.25,0.50]",0.0133333333333333,0.0152380952380952,0.0152380952380952,0.0,0.0019047619047619004
DTLZ7,20,4,32004,"S3_(0.50,0.75]",0.068,0.206,0.204,0.0020000000000000018,0.13799999999999998
DTLZ7,20,4,32004,"S4_(0.75,1.00]",0.438095238095238,0.546666666666667,0.504761904761905,0.041904761904762,0.10857142857142899
DTLZ7,20,5,32005,"S1_[0,0.25]",0.0,0.0,0.0,0.0,0.0
DTLZ7,20,5,32005,"S2_(0.25,0.50]",0.0038095238095238,0.0228571428571429,0.019047619047619,0.003809523809523898,0.019047619047619098
DTLZ7,20,5,32005,"S3_(0.50,0.75]",0.028,0.082,0.082,0.0,0.054000000000000006
DTLZ7,20,5,32005,"S4_(0.75,1.00]",0.398095238095238,0.619047619047619,0.611428571428571,0.0076190476190479695,0.22095238095238096
DTLZ7,20,6,32006,"S1_[0,0.25]",0.0,0.0,0.0,0.0,0.0
DTLZ7,20,6,32006,"S2_(0.25,0.50]",0.0152380952380952,0.0285714285714286,0.0266666666666667,0.0019047619047618987,0.013333333333333398
DTLZ7,20,6,32006,"S3_(0.50,0.75]",0.05,0.228,0.218,0.010000000000000009,0.178
DTLZ7,20,6,32006,"S4_(0.75,1.00]",0.428571428571428,0.630476190476191,0.624761904761905,0.005714285714286005,0.20190476190476297
DTLZ7,20,7,32007,"S1_[0,0.25]",0.0,0.016,0.016,0.0,0.016
DTLZ7,20,7,32007,"S2_(0.25,0.50]",0.0628571428571429,0.118095238095238,0.114285714285714,0.0038095238095239986,0.0552380952380951
DTLZ7,20,7,32007,"S3_(0.50,0.75]",0.192,0.318,0.306,0.01200000000000001,0.126
DTLZ7,20,7,32007,"S4_(0.75,1.00]",0.624761904761905,0.779047619047619,0.786666666666667,-0.0076190476190479695,0.15428571428571403
DTLZ7,20,8,32008,"S1_[0,0.25]",0.0,0.0,0.0,0.0,0.0
DTLZ7,20,8,32008,"S2_(0.25,0.50]",0.0,0.0095238095238095,0.0095238095238095,0.0,0.0095238095238095
DTLZ7,20,8,32008,"S3_(0.50,0.75]",0.122,0.224,0.212,0.01200000000000001,0.10200000000000001
DTLZ7,20,8,32008,"S4_(0.75,1.00]",0.527619047619048,0.584761904761905,0.561904761904762,0.02285714285714302,0.05714285714285705
DTLZ7,20,9,32009,"S1_[0,0.25]",0.0,0.0,0.0,0.0,0.0
DTLZ7,20,9,32009,"S2_(0.25,0.50]",0.0038095238095238,0.04,0.0361904761904762,0.0038095238095237974,0.0361904761904762
DTLZ7,20,9,32009,"S3_(0.50,0.75]",0.17,0.278,0.252,0.026000000000000023,0.10800000000000001
DTLZ7,20,9,32009,"S4_(0.75,1.00]",0.607619047619048,0.645714285714286,0.628571428571429,0.017142857142857015,0.03809523809523807
DTLZ7,20,10,32010,"S1_[0,0.25]",0.0,0.0,0.0,0.0,0.0
DTLZ7,20,10,32010,"S2_(0.25,0.50]",0.0057142857142857,0.04,0.0361904761904762,0.0038095238095237974,0.0342857142857143
DTLZ7,20,10,32010,"S3_(0.50,0.75]",0.05,0.18,0.16,0.01999999999999999,0.13
DTLZ7,20,10,32010,"S4_(0.75,1.00]",0.535238095238095,0.685714285714286,0.695238095238095,-0.009523809523808935,0.1504761904761911
DTLZ7,20,11,32011,"S1_[0,0.25]",0.0,0.0,0.0,0.0,0.0
DTLZ7,20,11,32011,"S2_(0.25,0.50]",0.0095238095238095,0.0114285714285714,0.0095238095238095,0.0019047619047619004,0.0019047619047619004
DTLZ7,20,11,32011,"S3_(0.50,0.75]",0.046,0.146,0.148,-0.0020000000000000018,0.09999999999999999
DTLZ7,20,11,32011,"S4_(0.75,1.00]",0.582857142857143,0.731428571428572,0.72,0.01142857142857201,0.14857142857142902
DTLZ7,20,12,32012,"S1_[0,0.25]",0.0,0.0,0.0,0.0,0.0
DTLZ7,20,12,32012,"S2_(0.25,0.50]",0.0095238095238095,0.0266666666666667,0.0266666666666667,0.0,0.0171428571428572
DTLZ7,20,12,32012,"S3_(0.50,0.75]",0.05,0.154,0.19,-0.036000000000000004,0.104
DTLZ7,20,12,32012,"S4_(0.75,1.00]",0.468571428571429,0.674285714285714,0.71047619047619,-0.036190476190475995,0.20571428571428502
DTLZ7,20,13,32013,"S1_[0,0.25]",0.0,0.008,0.008,0.0,0.008
DTLZ7,20,13,32013,"S2_(0.25,0.50]",0.0419047619047619,0.0457142857142857,0.0495238095238095,-0.0038095238095237974,0.0038095238095237974
DTLZ7,20,13,32013,"S3_(0.50,0.75]",0.128,0.202,0.184,0.018000000000000016,0.07400000000000001
DTLZ7,20,13,32013,"S4_(0.75,1.00]",0.487619047619048,0.571428571428572,0.56,0.011428571428571899,0.08380952380952394
DTLZ7,20,14,32014,"S1_[0,0.25]",0.0,0.0,0.0,0.0,0.0
DTLZ7,20,14,32014,"S2_(0.25,0.50]",0.0019047619047619,0.0095238095238095,0.0076190476190476,0.0019047619047619004,0.0076190476190476
DTLZ7,20,14,32014,"S3_(0.50,0.75]",0.108,0.208,0.2,0.00799999999999998,0.09999999999999999
DTLZ7,20,14,32014,"S4_(0.75,1.00]",0.546666666666667,0.685714285714286,0.664761904761905,0.020952380952381056,0.1390476190476191
DTLZ7,20,15,32015,"S1_[0,0.25]",0.0,0.0,0.0,0.0,0.0
DTLZ7,20,15,32015,"S2_(0.25,0.50]",0.0076190476190476,0.0533333333333333,0.0571428571428571,-0.0038095238095237974,0.0457142857142857
DTLZ7,20,15,32015,"S3_(0.50,0.75]",0.128,0.178,0.17,0.00799999999999998,0.04999999999999999
DTLZ7,20,15,32015,"S4_(0.75,1.00]",0.539047619047619,0.678095238095238,0.687619047619048,-0.009523809523810045,0.13904761904761898
DTLZ7,20,16,32016,"S1_[0,0.25]",0.0,0.0,0.0,0.0,0.0
DTLZ7,20,16,32016,"S2_(0.25,0.50]",0.0,0.0228571428571429,0.020952380952381,0.0019047619047618987,0.0228571428571429
DTLZ7,20,16,32016,"S3_(0.50,0.75]",0.05,0.14,0.128,0.01200000000000001,0.09000000000000001
DTLZ7,20,16,32016,"S4_(0.75,1.00]",0.483809523809524,0.603809523809524,0.601904761904762,0.0019047619047619646,0.12
DTLZ7,20,17,32017,"S1_[0,0.25]",0.0,0.0,0.0,0.0,0.0
DTLZ7,20,17,32017,"S2_(0.25,0.50]",0.0,0.0,0.0,0.0,0.0
DTLZ7,20,17,32017,"S3_(0.50,0.75]",0.056,0.122,0.096,0.025999999999999995,0.066
DTLZ7,20,17,32017,"S4_(0.75,1.00]",0.495238095238095,0.622857142857143,0.630476190476191,-0.0076190476190479695,0.12761904761904802
DTLZ7,20,18,32018,"S1_[0,0.25]",0.0,0.0,0.0,0.0,0.0
DTLZ7,20,18,32018,"S2_(0.25,0.50]",0.0,0.0152380952380952,0.0133333333333333,0.0019047619047619004,0.0152380952380952
DTLZ7,20,18,32018,"S3_(0.50,0.75]",0.086,0.162,0.158,0.0040000000000000036,0.07600000000000001
DTLZ7,20,18,32018,"S4_(0.75,1.00]",0.518095238095238,0.617142857142857,0.624761904761905,-0.0076190476190479695,0.09904761904761894
DTLZ7,20,19,32019,"S1_[0,0.25]",0.0,0.0,0.0,0.0,0.0
DTLZ7,20,19,32019,"S2_(0.25,0.50]",0.0228571428571429,0.0419047619047619,0.04,0.0019047619047619022,0.019047619047619004
DTLZ7,20,19,32019,"S3_(0.50,0.75]",0.144,0.24,0.246,-0.006000000000000005,0.096
DTLZ7,20,19,32019,"S4_(0.75,1.00]",0.554285714285714,0.63047619047619,0.636190476190476,-0.005714285714286005,0.07619047619047592
DTLZ7,20,20,32020,"S1_[0,0.25]",0.0,0.0,0.0,0.0,0.0
DTLZ7,20,20,32020,"S2_(0.25,0.50]",0.0019047619047619,0.0171428571428571,0.0171428571428571,0.0,0.015238095238095198
DTLZ7,20,20,32020,"S3_(0.50,0.75]",0.076,0.182,0.162,0.01999999999999999,0.106
DTLZ7,20,20,32020,"S4_(0.75,1.00]",0.552380952380952,0.668571428571428,0.655238095238095,0.013333333333333086,0.11619047619047607
DTLZ7,20,21,32021,"S1_[0,0.25]",0.0,0.0,0.0,0.0,0.0
DTLZ7,20,21,32021,"S2_(0.25,0.50]",0.0019047619047619,0.0133333333333333,0.0133333333333333,0.0,0.011428571428571399
DTLZ7,20,21,32021,"S3_(0.50,0.75]",0.074,0.192,0.184,0.008000000000000007,0.11800000000000001
DTLZ7,20,21,32021,"S4_(0.75,1.00]",0.48,0.523809523809524,0.544761904761905,-0.020952380952381056,0.043809523809523965
DTLZ7,20,22,32022,"S1_[0,0.25]",0.0,0.0,0.0,0.0,0.0
DTLZ7,20,22,32022,"S2_(0.25,0.50]",0.0019047619047619,0.0095238095238095,0.0095238095238095,0.0,0.0076190476190476
DTLZ7,20,22,32022,"S3_(0.50,0.75]",0.158,0.22,0.23,-0.010000000000000009,0.062
DTLZ7,20,22,32022,"S4_(0.75,1.00]",0.527619047619048,0.598095238095238,0.561904761904762,0.036190476190475995,0.07047619047619003
DTLZ7,20,23,32023,"S1_[0,0.25]",0.0,0.0,0.0,0.0,0.0
DTLZ7,20,23,32023,"S2_(0.25,0.50]",0.0171428571428571,0.0285714285714286,0.0342857142857143,-0.005714285714285703,0.0114285714285715
DTLZ7,20,23,32023,"S3_(0.50,0.75]",0.056,0.14,0.13,0.010000000000000009,0.08400000000000002
DTLZ7,20,23,32023,"S4_(0.75,1.00]",0.489523809523809,0.678095238095238,0.683809523809524,-0.005714285714286005,0.188571428571429
DTLZ7,20,24,32024,"S1_[0,0.25]",0.0,0.0,0.0,0.0,0.0
DTLZ7,20,24,32024,"S2_(0.25,0.50]",0.0,0.0,0.0,0.0,0.0
DTLZ7,20,24,32024,"S3_(0.50,0.75]",0.11,0.138,0.146,-0.00799999999999998,0.02800000000000001
DTLZ7,20,24,32024,"S4_(0.75,1.00]",0.569523809523809,0.683809523809524,0.678095238095238,0.005714285714286005,0.11428571428571499
DTLZ7,20,25,32025,"S1_[0,0.25]",0.0,0.0,0.0,0.0,0.0
DTLZ7,20,25,32025,"S2_(0.25,0.50]",0.0,0.0057142857142857,0.0057142857142857,0.0,0.0057142857142857
DTLZ7,20,25,32025,"S3_(0.50,0.75]",0.108,0.254,0.268,-0.014000000000000012,0.14600000000000002
DTLZ7,20,25,32025,"S4_(0.75,1.00]",0.539047619047619,0.653333333333333,0.668571428571429,-0.01523809523809605,0.11428571428571399
WFG3,10,1,41001,"S1_[0,0.25]",0.144,0.04,0.016,0.024,-0.10399999999999998
WFG3,10,1,41001,"S2_(0.25,0.50]",0.358095238095238,0.196190476190476,0.0590476190476191,0.1371428571428569,-0.16190476190476202
WFG3,10,1,41001,"S3_(0.50,0.75]",0.45,0.268,0.206,0.06200000000000003,-0.182
WFG3,10,1,41001,"S4_(0.75,1.00]",0.712380952380953,0.523809523809524,0.459047619047619,0.06476190476190496,-0.18857142857142906
WFG3,10,2,41002,"S1_[0,0.25]",0.256,0.16,0.032,0.128,-0.096
WFG3,10,2,41002,"S2_(0.25,0.50]",0.297142857142857,0.205714285714286,0.116190476190476,0.08952380952380999,-0.091428571428571
WFG3,10,2,41002,"S3_(0.50,0.75]",0.438,0.248,0.314,-0.066,-0.19
WFG3,10,2,41002,"S4_(0.75,1.00]",0.68,0.579047619047619,0.575238095238095,0.0038095238095240402,-0.10095238095238102
WFG3,10,3,41003,"S1_[0,0.25]",0.216,0.12,0.072,0.048,-0.096
WFG3,10,3,41003,"S2_(0.25,0.50]",0.337142857142857,0.135238095238095,0.106666666666667,0.028571428571427984,-0.20190476190476203
WFG3,10,3,41003,"S3_(0.50,0.75]",0.336,0.272,0.432,-0.15999999999999998,-0.064
WFG3,10,3,41003,"S4_(0.75,1.00]",0.603809523809524,0.584761904761905,0.630476190476191,-0.04571428571428593,-0.01904761904761898
WFG3,10,4,41004,"S1_[0,0.25]",0.232,0.136,0.12,0.016000000000000014,-0.096
WFG3,10,4,41004,"S2_(0.25,0.50]",0.283809523809524,0.171428571428571,0.0533333333333333,0.11809523809523771,-0.112380952380953
WFG3,10,4,41004,"S3_(0.50,0.75]",0.422,0.362,0.358,0.0040000000000000036,-0.06
WFG3,10,4,41004,"S4_(0.75,1.00]",0.756190476190476,0.788571428571429,0.779047619047619,0.009523809523810045,0.032380952380953065
WFG3,10,5,41005,"S1_[0,0.25]",0.216,0.088,0.032,0.055999999999999994,-0.128
WFG3,10,5,41005,"S2_(0.25,0.50]",0.363809523809524,0.219047619047619,0.0761904761904762,0.1428571428571428,-0.14476190476190504
WFG3,10,5,41005,"S3_(0.50,0.75]",0.562,0.586,0.344,0.242,0.02399999999999991
WFG3,10,5,41005,"S4_(0.75,1.00]",0.712380952380952,0.687619047619048,0.647619047619048,0.040000000000000036,-0.024761904761903986
WFG3,10,6,41006,"S1_[0,0.25]",0.168,0.096,0.032,0.064,-0.07200000000000001
WFG3,10,6,41006,"S2_(0.25,0.50]",0.259047619047619,0.0952380952380952,0.0685714285714286,0.026666666666666602,-0.16380952380952382
WFG3,10,6,41006,"S3_(0.50,0.75]",0.43,0.344,0.32,0.023999999999999966,-0.08600000000000002
WFG3,10,6,41006,"S4_(0.75,1.00]",0.721904761904762,0.674285714285714,0.666666666666667,0.007619047619047081,-0.047619047619048005
WFG3,10,7,41007,"S1_[0,0.25]",0.192,0.12,0.072,0.048,-0.07200000000000001
WFG3,10,7,41007,"S2_(0.25,0.50]",0.373333333333333,0.316190476190476,0.367619047619048,-0.05142857142857199,-0.057142857142856995
WFG3,10,7,41007,"S3_(0.50,0.75]",0.55,0.5,0.498,0.0020000000000000018,-0.050000000000000044
WFG3,10,7,41007,"S4_(0.75,1.00]",0.811428571428572,0.758095238095238,0.883809523809524,-0.125714285714286,-0.05333333333333401
WFG3,10,8,41008,"S1_[0,0.25]",0.376,0.448,0.384,0.064,0.07200000000000001
WFG3,10,8,41008,"S2_(0.25,0.50]",0.417142857142857,0.354285714285714,0.281904761904762,0.07238095238095199,-0.062857142857143
WFG3,10,8,41008,"S3_(0.50,0.75]",0.406,0.346,0.322,0.023999999999999966,-0.06000000000000005
WFG3,10,8,41008,"S4_(0.75,1.00]",0.647619047619048,0.699047619047619,0.700952380952381,-0.0019047619047619646,0.051428571428571046
WFG3,10,9,41009,"S1_[0,0.25]",0.296,0.272,0.192,0.08000000000000002,-0.023999999999999966
WFG3,10,9,41009,"S2_(0.25,0.50]",0.396190476190476,0.180952380952381,0.106666666666667,0.074285714285714,-0.21523809523809498
WFG3,10,9,41009,"S3_(0.50,0.75]",0.412,0.318,0.342,-0.02400000000000002,-0.09399999999999997
WFG3,10,9,41009,"S4_(0.75,1.00]",0.691428571428571,0.626666666666667,0.647619047619048,-0.020952380952380945,-0.06476190476190391
WFG3,10,10,41010,"S1_[0,0.25]",0.2,0.152,0.144,0.008000000000000007,-0.048000000000000015
WFG3,10,10,41010,"S2_(0.25,0.50]",0.251428571428572,0.203809523809524,0.139047619047619,0.06476190476190499,-0.047619047619048005
WFG3,10,10,41010,"S3_(0.50,0.75]",0.498,0.428,0.356,0.07200000000000001,-0.07
WFG3,10,10,41010,"S4_(0.75,1.00]",0.805714285714286,0.790476190476191,0.777142857142857,0.013333333333333974,-0.01523809523809505
WFG3,10,11,41011,"S1_[0,0.25]",0.152,0.112,0.04,0.07200000000000001,-0.039999999999999994
WFG3,10,11,41011,"S2_(0.25,0.50]",0.297142857142857,0.116190476190476,0.0685714285714286,0.047619047619047394,-0.18095238095238098
WFG3,10,11,41011,"S3_(0.50,0.75]",0.448,0.356,0.34,0.01599999999999996,-0.09200000000000003
WFG3,10,11,41011,"S4_(0.75,1.00]",0.653333333333333,0.596190476190476,0.592380952380952,0.0038095238095240402,-0.05714285714285694
WFG3,10,12,41012,"S1_[0,0.25]",0.216,0.216,0.096,0.12,0.0
WFG3,10,12,41012,"S2_(0.25,0.50]",0.205714285714286,0.0876190476190476,0.0780952380952381,0.00952380952380949,-0.11809523809523839
WFG3,10,12,41012,"S3_(0.50,0.75]",0.378,0.33,0.28,0.04999999999999999,-0.04799999999999999
WFG3,10,12,41012,"S4_(0.75,1.00]",0.590476190476191,0.611428571428572,0.626666666666667,-0.01523809523809505,0.020952380952380945
WFG3,10,13,41013,"S1_[0,0.25]",0.192,0.136,0.128,0.008000000000000007,-0.055999999999999994
WFG3,10,13,41013,"S2_(0.25,0.50]",0.259047619047619,0.198095238095238,0.158095238095238,0.03999999999999998,-0.060952380952381036
WFG3,10,13,41013,"S3_(0.50,0.75]",0.504,0.434,0.314,0.12,-0.07
WFG3,10,13,41013,"S4_(0.75,1.00]",0.820952380952381,0.761904761904762,0.693333333333333,0.06857142857142895,-0.059047619047619015
WFG3,10,14,41014,"S1_[0,0.25]",0.136,0.136,0.064,0.07200000000000001,0.0
WFG3,10,14,41014,"S2_(0.25,0.50]",0.188571428571429,0.135238095238095,0.102857142857143,0.032380952380952,-0.05333333333333401
WFG3,10,14,41014,"S3_(0.50,0.75]",0.438,0.232,0.222,0.010000000000000009,-0.206
WFG3,10,14,41014,"S4_(0.75,1.00]",0.771428571428572,0.624761904761905,0.52952380952381,0.09523809523809501,-0.14666666666666706
WFG3,10,15,41015,"S1_[0,0.25]",0.312,0.256,0.176,0.08000000000000002,-0.055999999999999994
WFG3,10,15,41015,"S2_(0.25,0.50]",0.333333333333333,0.259047619047619,0.222857142857143,0.03619047619047602,-0.07428571428571396
WFG3,10,15,41015,"S3_(0.50,0.75]",0.29,0.288,0.306,-0.018000000000000016,-0.0020000000000000018
WFG3,10,15,41015,"S4_(0.75,1.00]",0.754285714285714,0.67047619047619,0.678095238095238,-0.0076190476190479695,-0.083809523809524
WFG3,10,16,41016,"S1_[0,0.25]",0.2,0.136,0.072,0.06400000000000002,-0.064
WFG3,10,16,41016,"S2_(0.25,0.50]",0.293333333333333,0.148571428571429,0.0457142857142857,0.10285714285714329,-0.144761904761904
WFG3,10,16,41016,"S3_(0.50,0.75]",0.34,0.244,0.218,0.025999999999999995,-0.09600000000000003
WFG3,10,16,41016,"S4_(0.75,1.00]",0.76,0.683809523809524,0.666666666666667,0.017142857142857015,-0.07619047619047603
WFG3,10,17,41017,"S1_[0,0.25]",0.232,0.096,0.032,0.064,-0.136
WFG3,10,17,41017,"S2_(0.25,0.50]",0.299047619047619,0.180952380952381,0.114285714285714,0.066666666666667,-0.118095238095238
WFG3,10,17,41017,"S3_(0.50,0.75]",0.43,0.48,0.314,0.16599999999999998,0.04999999999999999
WFG3,10,17,41017,"S4_(0.75,1.00]",0.563809523809524,0.636190476190476,0.52,0.11619047619047596,0.07238095238095199
WFG3,10,18,41018,"S1_[0,0.25]",0.088,0.048,0.016,0.032,-0.039999999999999994
WFG3,10,18,41018,"S2_(0.25,0.50]",0.24952380952381,0.179047619047619,0.133333333333333,0.04571428571428601,-0.070476190476191
WFG3,10,18,41018,"S3_(0.50,0.75]",0.322,0.298,0.246,0.05199999999999999,-0.02400000000000002
WFG3,10,18,41018,"S4_(0.75,1.00]",0.702857142857143,0.666666666666667,0.645714285714286,0.020952380952380945,-0.036190476190475995
WFG3,10,19,41019,"S1_[0,0.25]",0.112,0.104,0.056,0.047999999999999994,-0.008000000000000007
WFG3,10,19,41019,"S2_(0.25,0.50]",0.222857142857143,0.152380952380952,0.0838095238095238,0.0685714285714282,-0.070476190476191
WFG3,10,19,41019,"S3_(0.50,0.75]",0.342,0.266,0.208,0.058000000000000024,-0.07600000000000001
WFG3,10,19,41019,"S4_(0.75,1.00]",0.413333333333333,0.441904761904762,0.417142857142857,0.02476190476190504,0.028571428571429025
WFG3,10,20,41020,"S1_[0,0.25]",0.216,0.064,0.008,0.056,-0.152
WFG3,10,20,41020,"S2_(0.25,0.50]",0.192380952380952,0.171428571428571,0.140952380952381,0.030476190476190018,-0.020952380952380972
WFG3,10,20,41020,"S3_(0.50,0.75]",0.466,0.42,0.386,0.033999999999999975,-0.04600000000000004
WFG3,10,20,41020,"S4_(0.75,1.00]",0.708571428571429,0.693333333333333,0.695238095238095,-0.0019047619047619646,-0.015238095238095939
WFG3,10,21,41021,"S1_[0,0.25]",0.184,0.152,0.048,0.104,-0.032
WFG3,10,21,41021,"S2_(0.25,0.50]",0.291428571428571,0.154285714285714,0.137142857142857,0.017142857142856988,-0.13714285714285698
WFG3,10,21,41021,"S3_(0.50,0.75]",0.358,0.342,0.306,0.03600000000000003,-0.01599999999999996
WFG3,10,21,41021,"S4_(0.75,1.00]",0.579047619047619,0.56,0.521904761904762,0.03809523809523807,-0.01904761904761898
WFG3,10,22,41022,"S1_[0,0.25]",0.096,0.104,0.112,-0.008000000000000007,0.007999999999999993
WFG3,10,22,41022,"S2_(0.25,0.50]",0.207619047619048,0.0952380952380952,0.060952380952381,0.034285714285714204,-0.1123809523809528
WFG3,10,22,41022,"S3_(0.50,0.75]",0.204,0.266,0.214,0.05200000000000002,0.06200000000000003
WFG3,10,22,41022,"S4_(0.75,1.00]",0.542857142857143,0.592380952380952,0.554285714285714,0.03809523809523796,0.04952380952380897
WFG3,10,23,41023,"S1_[0,0.25]",0.312,0.256,0.104,0.15200000000000002,-0.055999999999999994
WFG3,10,23,41023,"S2_(0.25,0.50]",0.356190476190476,0.152380952380952,0.125714285714286,0.026666666666666006,-0.203809523809524
WFG3,10,23,41023,"S3_(0.50,0.75]",0.35,0.21,0.146,0.064,-0.13999999999999999
WFG3,10,23,41023,"S4_(0.75,1.00]",0.634285714285714,0.577142857142857,0.518095238095238,0.059047619047618904,-0.05714285714285705
WFG3,10,24,41024,"S1_[0,0.25]",0.216,0.112,0.056,0.056,-0.104
WFG3,10,24,41024,"S2_(0.25,0.50]",0.331428571428572,0.167619047619048,0.154285714285714,0.013333333333334002,-0.16380952380952402
WFG3,10,24,41024,"S3_(0.50,0.75]",0.512,0.34,0.316,0.02400000000000002,-0.172
WFG3,10,24,41024,"S4_(0.75,1.00]",0.657142857142857,0.546666666666667,0.531428571428571,0.015238095238095939,-0.11047619047619006
WFG3,10,25,41025,"S1_[0,0.25]",0.112,0.024,0.048,-0.024,-0.088
WFG3,10,25,41025,"S2_(0.25,0.50]",0.192380952380952,0.139047619047619,0.11047619047619,0.028571428571428997,-0.05333333333333298
WFG3,10,25,41025,"S3_(0.50,0.75]",0.392,0.416,0.334,0.08199999999999996,0.023999999999999966
WFG3,10,25,41025,"S4_(0.75,1.00]",0.617142857142857,0.64952380952381,0.567619047619048,0.08190476190476192,0.032380952380952954
WFG3,20,1,42001,"S1_[0,0.25]",0.04,0.072,0.056,0.015999999999999993,0.031999999999999994
WFG3,20,1,42001,"S2_(0.25,0.50]",0.0514285714285714,0.08,0.0590476190476191,0.020952380952380903,0.028571428571428602
WFG3,20,1,42001,"S3_(0.50,0.75]",0.164,0.258,0.28,-0.02200000000000002,0.094
WFG3,20,1,42001,"S4_(0.75,1.00]",0.540952380952381,0.531428571428571,0.565714285714286,-0.03428571428571492,-0.009523809523809934
WFG3,20,2,42002,"S1_[0,0.25]",0.064,0.016,0.0,0.016,-0.048
WFG3,20,2,42002,"S2_(0.25,0.50]",0.102857142857143,0.08,0.0971428571428571,-0.0171428571428571,-0.022857142857142992
WFG3,20,2,42002,"S3_(0.50,0.75]",0.2,0.196,0.29,-0.09399999999999997,-0.0040000000000000036
WFG3,20,2,42002,"S4_(0.75,1.00]",0.653333333333333,0.582857142857143,0.613333333333333,-0.03047619047618999,-0.07047619047619003
WFG3,20,3,42003,"S1_[0,0.25]",0.08,0.184,0.152,0.032,0.104
WFG3,20,3,42003,"S2_(0.25,0.50]",0.146666666666667,0.133333333333333,0.161904761904762,-0.028571428571428997,-0.013333333333334002
WFG3,20,3,42003,"S3_(0.50,0.75]",0.234,0.318,0.372,-0.05399999999999999,0.08399999999999999
WFG3,20,3,42003,"S4_(0.75,1.00]",0.56,0.539047619047619,0.493333333333333,0.045714285714285985,-0.020952380952381056
WFG3,20,4,42004,"S1_[0,0.25]",0.104,0.152,0.096,0.055999999999999994,0.048
WFG3,20,4,42004,"S2_(0.25,0.50]",0.123809523809524,0.0780952380952381,0.0666666666666667,0.011428571428571413,-0.04571428571428589
WFG3,20,4,42004,"S3_(0.50,0.75]",0.33,0.192,0.228,-0.036000000000000004,-0.138
WFG3,20,4,42004,"S4_(0.75,1.00]",0.674285714285714,0.662857142857143,0.643809523809524,0.01904761904761898,-0.01142857142857101
WFG3,20,5,42005,"S1_[0,0.25]",0.04,0.216,0.12,0.096,0.176
WFG3,20,5,42005,"S2_(0.25,0.50]",0.177142857142857,0.171428571428571,0.146666666666667,0.024761904761904013,-0.005714285714285977
WFG3,20,5,42005,"S3_(0.50,0.75]",0.274,0.296,0.324,-0.028000000000000025,0.021999999999999964
WFG3,20,5,42005,"S4_(0.75,1.00]",0.594285714285714,0.643809523809524,0.651428571428571,-0.00761904761904697,0.04952380952381008
WFG3,20,6,42006,"S1_[0,0.25]",0.096,0.088,0.048,0.039999999999999994,-0.008000000000000007
WFG3,20,6,42006,"S2_(0.25,0.50]",0.0628571428571429,0.0971428571428572,0.0628571428571428,0.03428571428571439,0.034285714285714294
WFG3,20,6,42006,"S3_(0.50,0.75]",0.236,0.24,0.214,0.025999999999999995,0.0040000000000000036
WFG3,20,6,42006,"S4_(0.75,1.00]",0.632380952380952,0.56,0.546666666666667,0.013333333333333086,-0.07238095238095199
WFG3,20,7,42007,"S1_[0,0.25]",0.112,0.112,0.096,0.016,0.0
WFG3,20,7,42007,"S2_(0.25,0.50]",0.175238095238095,0.171428571428571,0.203809523809524,-0.03238095238095298,-0.0038095238095239847
WFG3,20,7,42007,"S3_(0.50,0.75]",0.254,0.32,0.29,0.030000000000000027,0.066
WFG3,20,7,42007,"S4_(0.75,1.00]",0.521904761904762,0.596190476190476,0.56952380952381,0.02666666666666606,0.07428571428571407
WFG3,20,8,42008,"S1_[0,0.25]",0.072,0.136,0.096,0.04000000000000001,0.06400000000000002
WFG3,20,8,42008,"S2_(0.25,0.50]",0.08,0.0666666666666667,0.0609523809523809,0.005714285714285797,-0.013333333333333308
WFG3,20,8,42008,"S3_(0.50,0.75]",0.29,0.228,0.254,-0.025999999999999995,-0.06199999999999997
WFG3,20,8,42008,"S4_(0.75,1.00]",0.577142857142857,0.567619047619048,0.510476190476191,0.05714285714285705,-0.009523809523808935
WFG3,20,9,42009,"S1_[0,0.25]",0.072,0.064,0.056,0.008,-0.007999999999999993
WFG3,20,9,42009,"S2_(0.25,0.50]",0.163809523809524,0.0723809523809524,0.099047619047619,-0.02666666666666659,-0.09142857142857158
WFG3,20,9,42009,"S3_(0.50,0.75]",0.286,0.276,0.268,0.008000000000000007,-0.009999999999999953
WFG3,20,9,42009,"S4_(0.75,1.00]",0.474285714285714,0.63047619047619,0.592380952380952,0.03809523809523796,0.156190476190476
WFG3,20,10,42010,"S1_[0,0.25]",0.088,0.048,0.032,0.016,-0.039999999999999994
WFG3,20,10,42010,"S2_(0.25,0.50]",0.144761904761905,0.0895238095238096,0.0990476190476191,-0.009523809523809504,-0.055238095238095405
WFG3,20,10,42010,"S3_(0.50,0.75]",0.324,0.254,0.22,0.034,-0.07
WFG3,20,10,42010,"S4_(0.75,1.00]",0.575238095238095,0.613333333333333,0.594285714285714,0.01904761904761898,0.03809523809523796
WFG3,20,11,42011,"S1_[0,0.25]",0.072,0.12,0.104,0.016,0.048
WFG3,20,11,42011,"S2_(0.25,0.50]",0.0914285714285714,0.203809523809524,0.165714285714286,0.03809523809523799,0.1123809523809526
WFG3,20,11,42011,"S3_(0.50,0.75]",0.334,0.346,0.336,0.009999999999999953,0.011999999999999955
WFG3,20,11,42011,"S4_(0.75,1.00]",0.636190476190476,0.687619047619048,0.708571428571429,-0.020952380952380945,0.051428571428572045
WFG3,20,12,42012,"S1_[0,0.25]",0.04,0.12,0.112,0.007999999999999993,0.07999999999999999
WFG3,20,12,42012,"S2_(0.25,0.50]",0.0704761904761905,0.118095238095238,0.146666666666667,-0.028571428571428997,0.047619047619047505
WFG3,20,12,42012,"S3_(0.50,0.75]",0.156,0.292,0.246,0.045999999999999985,0.13599999999999998
WFG3,20,12,42012,"S4_(0.75,1.00]",0.455238095238095,0.487619047619048,0.386666666666667,0.10095238095238102,0.03238095238095301
WFG3,20,13,42013,"S1_[0,0.25]",0.04,0.144,0.12,0.023999999999999994,0.10399999999999998
WFG3,20,13,42013,"S2_(0.25,0.50]",0.148571428571429,0.116190476190476,0.11047619047619,0.005714285714285991,-0.032380952380952996
WFG3,20,13,42013,"S3_(0.50,0.75]",0.256,0.258,0.214,0.04400000000000001,0.0020000000000000018
WFG3,20,13,42013,"S4_(0.75,1.00]",0.491428571428571,0.506666666666667,0.493333333333333,0.01333333333333403,0.01523809523809605
WFG3,20,14,42014,"S1_[0,0.25]",0.032,0.144,0.104,0.039999999999999994,0.11199999999999999
WFG3,20,14,42014,"S2_(0.25,0.50]",0.0609523809523809,0.0552380952380952,0.0533333333333333,0.0019047619047618952,-0.0057142857142856995
WFG3,20,14,42014,"S3_(0.50,0.75]",0.27,0.274,0.332,-0.057999999999999996,0.0040000000000000036
WFG3,20,14,42014,"S4_(0.75,1.00]",0.659047619047619,0.659047619047619,0.71047619047619,-0.051428571428571046,0.0
WFG3,20,15,42015,"S1_[0,0.25]",0.072,0.152,0.128,0.023999999999999994,0.08
WFG3,20,15,42015,"S2_(0.25,0.50]",0.0685714285714286,0.0780952380952381,0.116190476190476,-0.03809523809523789,0.009523809523809504
WFG3,20,15,42015,"S3_(0.50,0.75]",0.224,0.25,0.27,-0.020000000000000018,0.025999999999999995
WFG3,20,15,42015,"S4_(0.75,1.00]",0.52,0.651428571428571,0.609523809523809,0.041904761904762,0.131428571428571
WFG3,20,16,42016,"S1_[0,0.25]",0.056,0.072,0.04,0.031999999999999994,0.015999999999999993
WFG3,20,16,42016,"S2_(0.25,0.50]",0.0723809523809524,0.04,0.0647619047619048,-0.024761904761904797,-0.032380952380952406
WFG3,20,16,42016,"S3_(0.50,0.75]",0.288,0.216,0.14,0.07599999999999998,-0.07199999999999998
WFG3,20,16,42016,"S4_(0.75,1.00]",0.582857142857143,0.485714285714286,0.419047619047619,0.06666666666666698,-0.09714285714285698
WFG3,20,17,42017,"S1_[0,0.25]",0.064,0.072,0.088,-0.016,0.007999999999999993
WFG3,20,17,42017,"S2_(0.25,0.50]",0.16952380952381,0.106666666666667,0.0552380952380952,0.05142857142857181,-0.06285714285714299
WFG3,20,17,42017,"S3_(0.50,0.75]",0.392,0.294,0.236,0.057999999999999996,-0.09800000000000003
WFG3,20,17,42017,"S4_(0.75,1.00]",0.620952380952381,0.588571428571429,0.563809523809524,0.024761904761904985,-0.032380952380952066
WFG3,20,18,42018,"S1_[0,0.25]",0.032,0.056,0.04,0.016,0.024
WFG3,20,18,42018,"S2_(0.25,0.50]",0.0914285714285714,0.15047619047619,0.158095238095238,-0.007619047619047997,0.05904761904761861
WFG3,20,18,42018,"S3_(0.50,0.75]",0.256,0.302,0.348,-0.045999999999999985,0.045999999999999985
WFG3,20,18,42018,"S4_(0.75,1.00]",0.666666666666667,0.657142857142857,0.697142857142857,-0.039999999999999925,-0.009523809523809934
WFG3,20,19,42019,"S1_[0,0.25]",0.12,0.168,0.112,0.05600000000000001,0.048000000000000015
WFG3,20,19,42019,"S2_(0.25,0.50]",0.148571428571429,0.0876190476190476,0.0704761904761905,0.0171428571428571,-0.060952380952381396
WFG3,20,19,42019,"S3_(0.50,0.75]",0.31,0.362,0.326,0.035999999999999976,0.05199999999999999
WFG3,20,19,42019,"S4_(0.75,1.00]",0.788571428571429,0.801904761904762,0.767619047619048,0.03428571428571403,0.013333333333332975
WFG3,20,20,42020,"S1_[0,0.25]",0.104,0.184,0.136,0.04799999999999999,0.08
WFG3,20,20,42020,"S2_(0.25,0.50]",0.131428571428571,0.0971428571428572,0.0590476190476191,0.0380952380952381,-0.03428571428571381
WFG3,20,20,42020,"S3_(0.50,0.75]",0.358,0.398,0.35,0.04800000000000004,0.040000000000000036
WFG3,20,20,42020,"S4_(0.75,1.00]",0.780952380952381,0.773333333333333,0.817142857142857,-0.043809523809523965,-0.0076190476190479695
WFG3,20,21,42021,"S1_[0,0.25]",0.104,0.12,0.088,0.032,0.016
WFG3,20,21,42021,"S2_(0.25,0.50]",0.12,0.0819047619047619,0.0457142857142857,0.036190476190476197,-0.0380952380952381
WFG3,20,21,42021,"S3_(0.50,0.75]",0.318,0.322,0.276,0.045999999999999985,0.0040000000000000036
WFG3,20,21,42021,"S4_(0.75,1.00]",0.638095238095238,0.674285714285714,0.615238095238095,0.059047619047619015,0.036190476190475995
WFG3,20,22,42022,"S1_[0,0.25]",0.04,0.056,0.024,0.032,0.016
WFG3,20,22,42022,"S2_(0.25,0.50]",0.0552380952380952,0.0876190476190476,0.0666666666666667,0.020952380952380903,0.0323809523809524
WFG3,20,22,42022,"S3_(0.50,0.75]",0.29,0.262,0.272,-0.010000000000000009,-0.02799999999999997
WFG3,20,22,42022,"S4_(0.75,1.00]",0.605714285714286,0.613333333333334,0.60952380952381,0.003809523809523929,0.0076190476190479695
WFG3,20,23,42023,"S1_[0,0.25]",0.008,0.056,0.04,0.016,0.048
WFG3,20,23,42023,"S2_(0.25,0.50]",0.104761904761905,0.0895238095238095,0.0761904761904762,0.013333333333333308,-0.015238095238095495
WFG3,20,23,42023,"S3_(0.50,0.75]",0.218,0.28,0.156,0.12400000000000003,0.06200000000000003
WFG3,20,23,42023,"S4_(0.75,1.00]",0.514285714285714,0.52952380952381,0.499047619047619,0.030476190476190934,0.015238095238095939
WFG3,20,24,42024,"S1_[0,0.25]",0.04,0.104,0.056,0.047999999999999994,0.064
WFG3,20,24,42024,"S2_(0.25,0.50]",0.127619047619048,0.0838095238095238,0.116190476190476,-0.03238095238095219,-0.04380952380952419
WFG3,20,24,42024,"S3_(0.50,0.75]",0.27,0.262,0.33,-0.068,-0.008000000000000007
WFG3,20,24,42024,"S4_(0.75,1.00]",0.68952380952381,0.653333333333333,0.662857142857143,-0.009523809523810045,-0.036190476190476994
WFG3,20,25,42025,"S1_[0,0.25]",0.064,0.056,0.048,0.008,-0.008
WFG3,20,25,42025,"S2_(0.25,0.50]",0.127619047619048,0.104761904761905,0.104761904761905,0.0,-0.022857142857142992
WFG3,20,25,42025,"S3_(0.50,0.75]",0.294,0.322,0.32,0.0020000000000000018,0.028000000000000025
WFG3,20,25,42025,"S4_(0.75,1.00]",0.55047619047619,0.571428571428571,0.632380952380952,-0.06095238095238109,0.020952380952380945
WFG7,10,1,51001,"S1_[0,0.25]",0.12,0.12,0.12,0.0,0.0
WFG7,10,1,51001,"S2_(0.25,0.50]",0.0876190476190476,0.0380952380952381,0.0647619047619048,-0.0266666666666667,-0.0495238095238095
WFG7,10,1,51001,"S3_(0.50,0.75]",0.254,0.208,0.202,0.005999999999999978,-0.04600000000000001
WFG7,10,1,51001,"S4_(0.75,1.00]",0.613333333333333,0.605714285714286,0.508571428571428,0.09714285714285797,-0.00761904761904697
WFG7,10,2,51002,"S1_[0,0.25]",0.032,0.032,0.088,-0.055999999999999994,0.0
WFG7,10,2,51002,"S2_(0.25,0.50]",0.0895238095238095,0.0876190476190476,0.0895238095238095,-0.001904761904761909,-0.001904761904761909
WFG7,10,2,51002,"S3_(0.50,0.75]",0.296,0.26,0.294,-0.033999999999999975,-0.035999999999999976
WFG7,10,2,51002,"S4_(0.75,1.00]",0.613333333333333,0.588571428571429,0.685714285714286,-0.09714285714285709,-0.024761904761903986
WFG7,10,3,51003,"S1_[0,0.25]",0.04,0.056,0.032,0.024,0.016
WFG7,10,3,51003,"S2_(0.25,0.50]",0.0647619047619048,0.0685714285714286,0.0933333333333333,-0.024761904761904693,0.0038095238095238043
WFG7,10,3,51003,"S3_(0.50,0.75]",0.276,0.25,0.324,-0.07400000000000001,-0.026000000000000023
WFG7,10,3,51003,"S4_(0.75,1.00]",0.575238095238095,0.624761904761905,0.750476190476191,-0.125714285714286,0.04952380952380997
WFG7,10,4,51004,"S1_[0,0.25]",0.072,0.064,0.056,0.008,-0.007999999999999993
WFG7,10,4,51004,"S2_(0.25,0.50]",0.125714285714286,0.125714285714286,0.0571428571428571,0.0685714285714289,0.0
WFG7,10,4,51004,"S3_(0.50,0.75]",0.21,0.112,0.244,-0.132,-0.09799999999999999
WFG7,10,4,51004,"S4_(0.75,1.00]",0.584761904761905,0.512380952380952,0.605714285714286,-0.09333333333333393,-0.07238095238095299
WFG7,10,5,51005,"S1_[0,0.25]",0.12,0.176,0.12,0.055999999999999994,0.055999999999999994
WFG7,10,5,51005,"S2_(0.25,0.50]",0.131428571428571,0.0819047619047619,0.0342857142857143,0.047619047619047596,-0.04952380952380911
WFG7,10,5,51005,"S3_(0.50,0.75]",0.24,0.144,0.128,0.015999999999999986,-0.096
WFG7,10,5,51005,"S4_(0.75,1.00]",0.659047619047619,0.647619047619048,0.6,0.047619047619048005,-0.01142857142857101
WFG7,10,6,51006,"S1_[0,0.25]",0.128,0.112,0.064,0.048,-0.016
WFG7,10,6,51006,"S2_(0.25,0.50]",0.12,0.0761904761904762,0.175238095238095,-0.0990476190476188,-0.0438095238095238
WFG7,10,6,51006,"S3_(0.50,0.75]",0.274,0.264,0.36,-0.09599999999999997,-0.010000000000000009
WFG7,10,6,51006,"S4_(0.75,1.00]",0.773333333333333,0.765714285714286,0.828571428571429,-0.06285714285714294,-0.00761904761904697
WFG7,10,7,51007,"S1_[0,0.25]",0.072,0.04,0.056,-0.016,-0.031999999999999994
WFG7,10,7,51007,"S2_(0.25,0.50]",0.0685714285714286,0.0990476190476191,0.0742857142857143,0.024761904761904804,0.030476190476190504
WFG7,10,7,51007,"S3_(0.50,0.75]",0.184,0.206,0.164,0.04199999999999998,0.021999999999999992
WFG7,10,7,51007,"S4_(0.75,1.00]",0.605714285714286,0.626666666666667,0.51047619047619,0.11619047619047707,0.020952380952381056
WFG7,10,8,51008,"S1_[0,0.25]",0.04,0.048,0.04,0.008,0.008
WFG7,10,8,51008,"S2_(0.25,0.50]",0.106666666666667,0.0704761904761905,0.131428571428571,-0.06095238095238051,-0.03619047619047651
WFG7,10,8,51008,"S3_(0.50,0.75]",0.288,0.234,0.328,-0.094,-0.053999999999999965
WFG7,10,8,51008,"S4_(0.75,1.00]",0.619047619047619,0.620952380952381,0.710476190476191,-0.08952380952381,0.0019047619047620756
WFG7,10,9,51009,"S1_[0,0.25]",0.04,0.048,0.032,0.016,0.008
WFG7,10,9,51009,"S2_(0.25,0.50]",0.0876190476190476,0.0857142857142857,0.0895238095238095,-0.0038095238095238043,-0.0019047619047618952
WFG7,10,9,51009,"S3_(0.50,0.75]",0.42,0.368,0.342,0.025999999999999968,-0.05199999999999999
WFG7,10,9,51009,"S4_(0.75,1.00]",0.697142857142857,0.704761904761905,0.691428571428571,0.013333333333334085,0.0076190476190480805
WFG7,10,10,51010,"S1_[0,0.25]",0.056,0.032,0.008,0.024,-0.024
WFG7,10,10,51010,"S2_(0.25,0.50]",0.154285714285714,0.08,0.104761904761905,-0.024761904761905,-0.074285714285714
WFG7,10,10,51010,"S3_(0.50,0.75]",0.306,0.192,0.224,-0.032,-0.11399999999999999
WFG7,10,10,51010,"S4_(0.75,1.00]",0.697142857142857,0.657142857142857,0.598095238095238,0.059047619047619015,-0.039999999999999925
WFG7,10,11,51011,"S1_[0,0.25]",0.088,0.056,0.088,-0.031999999999999994,-0.031999999999999994
WFG7,10,11,51011,"S2_(0.25,0.50]",0.0647619047619048,0.0495238095238095,0.106666666666667,-0.05714285714285751,-0.0152380952380953
WFG7,10,11,51011,"S3_(0.50,0.75]",0.168,0.152,0.2,-0.048000000000000015,-0.016000000000000014
WFG7,10,11,51011,"S4_(0.75,1.00]",0.552380952380952,0.580952380952381,0.655238095238095,-0.07428571428571396,0.028571428571429025
WFG7,10,12,51012,"S1_[0,0.25]",0.096,0.048,0.024,0.024,-0.048
WFG7,10,12,51012,"S2_(0.25,0.50]",0.0380952380952381,0.0361904761904762,0.0171428571428571,0.019047619047619105,-0.0019047619047618952
WFG7,10,12,51012,"S3_(0.50,0.75]",0.258,0.228,0.226,0.0020000000000000018,-0.03
WFG7,10,12,51012,"S4_(0.75,1.00]",0.695238095238095,0.626666666666667,0.718095238095238,-0.09142857142857097,-0.06857142857142795
WFG7,10,13,51013,"S1_[0,0.25]",0.096,0.056,0.136,-0.08000000000000002,-0.04
WFG7,10,13,51013,"S2_(0.25,0.50]",0.156190476190476,0.11047619047619,0.192380952380952,-0.08190476190476198,-0.045714285714285985
WFG7,10,13,51013,"S3_(0.50,0.75]",0.276,0.294,0.38,-0.08600000000000002,0.01799999999999996
WFG7,10,13,51013,"S4_(0.75,1.00]",0.577142857142857,0.523809523809524,0.575238095238095,-0.051428571428571046,-0.05333333333333301
WFG7,10,14,51014,"S1_[0,0.25]",0.04,0.04,0.048,-0.008,0.0
WFG7,10,14,51014,"S2_(0.25,0.50]",0.0647619047619048,0.060952380952381,0.0647619047619048,-0.0038095238095237974,-0.0038095238095237974
WFG7,10,14,51014,"S3_(0.50,0.75]",0.21,0.234,0.292,-0.05799999999999997,0.02400000000000002
WFG7,10,14,51014,"S4_(0.75,1.00]",0.678095238095238,0.619047619047619,0.575238095238095,0.043809523809523965,-0.059047619047619015
WFG7,10,15,51015,"S1_[0,0.25]",0.128,0.088,0.088,0.0,-0.04000000000000001
WFG7,10,15,51015,"S2_(0.25,0.50]",0.161904761904762,0.245714285714286,0.192380952380952,0.05333333333333401,0.083809523809524
WFG7,10,15,51015,"S3_(0.50,0.75]",0.326,0.372,0.29,0.08200000000000002,0.045999999999999985
WFG7,10,15,51015,"S4_(0.75,1.00]",0.573333333333333,0.580952380952381,0.552380952380952,0.028571428571429025,0.0076190476190479695
WFG7,10,16,51016,"S1_[0,0.25]",0.096,0.088,0.072,0.016,-0.008000000000000007
WFG7,10,16,51016,"S2_(0.25,0.50]",0.144761904761905,0.104761904761905,0.140952380952381,-0.036190476190475995,-0.04000000000000001
WFG7,10,16,51016,"S3_(0.50,0.75]",0.22,0.242,0.426,-0.184,0.021999999999999992
WFG7,10,16,51016,"S4_(0.75,1.00]",0.567619047619048,0.601904761904762,0.735238095238095,-0.13333333333333297,0.03428571428571403
WFG7,10,17,51017,"S1_[0,0.25]",0.088,0.064,0.056,0.008,-0.023999999999999994
WFG7,10,17,51017,"S2_(0.25,0.50]",0.0361904761904762,0.0171428571428571,0.0152380952380952,0.0019047619047618987,-0.019047619047619105
WFG7,10,17,51017,"S3_(0.50,0.75]",0.16,0.118,0.184,-0.066,-0.04200000000000001
WFG7,10,17,51017,"S4_(0.75,1.00]",0.540952380952381,0.504761904761905,0.472380952380952,0.032380952380952954,-0.036190476190475995
WFG7,10,18,51018,"S1_[0,0.25]",0.104,0.072,0.056,0.015999999999999993,-0.032
WFG7,10,18,51018,"S2_(0.25,0.50]",0.0304761904761905,0.0266666666666667,0.04,-0.013333333333333301,-0.003809523809523801
WFG7,10,18,51018,"S3_(0.50,0.75]",0.182,0.106,0.248,-0.14200000000000002,-0.076
WFG7,10,18,51018,"S4_(0.75,1.00]",0.546666666666667,0.497142857142857,0.56,-0.06285714285714306,-0.04952380952380997
WFG7,10,19,51019,"S1_[0,0.25]",0.096,0.096,0.096,0.0,0.0
WFG7,10,19,51019,"S2_(0.25,0.50]",0.125714285714286,0.0742857142857143,0.0685714285714286,0.0057142857142856995,-0.0514285714285717
WFG7,10,19,51019,"S3_(0.50,0.75]",0.348,0.282,0.27,0.011999999999999955,-0.066
WFG7,10,19,51019,"S4_(0.75,1.00]",0.67047619047619,0.699047619047619,0.685714285714286,0.013333333333332975,0.028571428571429025
WFG7,10,20,51020,"S1_[0,0.25]",0.032,0.032,0.048,-0.016,0.0
WFG7,10,20,51020,"S2_(0.25,0.50]",0.0647619047619048,0.0552380952380952,0.0780952380952381,-0.02285714285714291,-0.009523809523809601
WFG7,10,20,51020,"S3_(0.50,0.75]",0.166,0.096,0.13,-0.034,-0.07
WFG7,10,20,51020,"S4_(0.75,1.00]",0.460952380952381,0.434285714285714,0.516190476190476,-0.08190476190476198,-0.026666666666667005
WFG7,10,21,51021,"S1_[0,0.25]",0.0,0.032,0.04,-0.008,0.032
WFG7,10,21,51021,"S2_(0.25,0.50]",0.0514285714285714,0.0285714285714286,0.0514285714285714,-0.0228571428571428,-0.0228571428571428
WFG7,10,21,51021,"S3_(0.50,0.75]",0.162,0.172,0.354,-0.182,0.009999999999999981
WFG7,10,21,51021,"S4_(0.75,1.00]",0.546666666666667,0.521904761904762,0.638095238095238,-0.11619047619047607,-0.024761904761904985
WFG7,10,22,51022,"S1_[0,0.25]",0.144,0.104,0.088,0.016,-0.039999999999999994
WFG7,10,22,51022,"S2_(0.25,0.50]",0.20952380952381,0.133333333333333,0.11047619047619,0.022857142857142992,-0.076190476190477
WFG7,10,22,51022,"S3_(0.50,0.75]",0.39,0.282,0.3,-0.018000000000000016,-0.10800000000000004
WFG7,10,22,51022,"S4_(0.75,1.00]",0.756190476190476,0.685714285714286,0.662857142857143,0.02285714285714302,-0.07047619047618991
WFG7,10,23,51023,"S1_[0,0.25]",0.104,0.04,0.024,0.016,-0.064
WFG7,10,23,51023,"S2_(0.25,0.50]",0.0952380952380953,0.0457142857142857,0.0723809523809524,-0.026666666666666707,-0.0495238095238096
WFG7,10,23,51023,"S3_(0.50,0.75]",0.146,0.1,0.206,-0.10599999999999998,-0.045999999999999985
WFG7,10,23,51023,"S4_(0.75,1.00]",0.539047619047619,0.552380952380952,0.582857142857143,-0.03047619047619099,0.013333333333332975
WFG7,10,24,51024,"S1_[0,0.25]",0.136,0.12,0.152,-0.032,-0.016000000000000014
WFG7,10,24,51024,"S2_(0.25,0.50]",0.137142857142857,0.114285714285714,0.180952380952381,-0.066666666666667,-0.022857142857143006
WFG7,10,24,51024,"S3_(0.50,0.75]",0.18,0.16,0.29,-0.12999999999999998,-0.01999999999999999
WFG7,10,24,51024,"S4_(0.75,1.00]",0.554285714285714,0.563809523809524,0.704761904761905,-0.14095238095238105,0.009523809523809934
WFG7,10,25,51025,"S1_[0,0.25]",0.112,0.032,0.016,0.016,-0.08
WFG7,10,25,51025,"S2_(0.25,0.50]",0.0857142857142857,0.0438095238095238,0.060952380952381,-0.017142857142857203,-0.0419047619047619
WFG7,10,25,51025,"S3_(0.50,0.75]",0.262,0.222,0.25,-0.027999999999999997,-0.04000000000000001
WFG7,10,25,51025,"S4_(0.75,1.00]",0.636190476190476,0.613333333333333,0.542857142857143,0.07047619047618991,-0.02285714285714302
WFG7,20,1,52001,"S1_[0,0.25]",0.0,0.0,0.032,-0.032,0.0
WFG7,20,1,52001,"S2_(0.25,0.50]",0.0304761904761905,0.0228571428571429,0.059047619047619,-0.036190476190476106,-0.007619047619047602
WFG7,20,1,52001,"S3_(0.50,0.75]",0.076,0.098,0.166,-0.068,0.022000000000000006
WFG7,20,1,52001,"S4_(0.75,1.00]",0.365714285714286,0.403809523809524,0.544761904761905,-0.140952380952381,0.038095238095238015
WFG7,20,2,52002,"S1_[0,0.25]",0.0,0.024,0.024,0.0,0.024
WFG7,20,2,52002,"S2_(0.25,0.50]",0.0152380952380952,0.0019047619047619,0.0304761904761905,-0.028571428571428602,-0.0133333333333333
WFG7,20,2,52002,"S3_(0.50,0.75]",0.174,0.114,0.386,-0.272,-0.059999999999999984
WFG7,20,2,52002,"S4_(0.75,1.00]",0.521904761904762,0.56,0.727619047619048,-0.167619047619048,0.03809523809523807
WFG7,20,3,52003,"S1_[0,0.25]",0.008,0.008,0.04,-0.032,0.0
WFG7,20,3,52003,"S2_(0.25,0.50]",0.0152380952380952,0.020952380952381,0.0628571428571428,-0.041904761904761806,0.0057142857142858
WFG7,20,3,52003,"S3_(0.50,0.75]",0.126,0.14,0.224,-0.08399999999999999,0.014000000000000012
WFG7,20,3,52003,"S4_(0.75,1.00]",0.392380952380952,0.436190476190476,0.52952380952381,-0.09333333333333393,0.04380952380952402
WFG7,20,4,52004,"S1_[0,0.25]",0.016,0.008,0.056,-0.048,-0.008
WFG7,20,4,52004,"S2_(0.25,0.50]",0.0361904761904762,0.0323809523809524,0.127619047619048,-0.0952380952380956,-0.0038095238095238043
WFG7,20,4,52004,"S3_(0.50,0.75]",0.144,0.116,0.16,-0.044,-0.027999999999999983
WFG7,20,4,52004,"S4_(0.75,1.00]",0.535238095238095,0.512380952380952,0.598095238095238,-0.08571428571428596,-0.02285714285714291
WFG7,20,5,52005,"S1_[0,0.25]",0.048,0.064,0.088,-0.023999999999999994,0.016
WFG7,20,5,52005,"S2_(0.25,0.50]",0.0971428571428571,0.0380952380952381,0.0838095238095238,-0.04571428571428571,-0.059047619047619
WFG7,20,5,52005,"S3_(0.50,0.75]",0.124,0.098,0.208,-0.10999999999999999,-0.025999999999999995
WFG7,20,5,52005,"S4_(0.75,1.00]",0.577142857142857,0.592380952380952,0.594285714285714,-0.0019047619047619646,0.01523809523809505
WFG7,20,6,52006,"S1_[0,0.25]",0.016,0.0,0.016,-0.016,-0.016
WFG7,20,6,52006,"S2_(0.25,0.50]",0.0571428571428571,0.0342857142857143,0.0628571428571428,-0.028571428571428505,-0.022857142857142798
WFG7,20,6,52006,"S3_(0.50,0.75]",0.226,0.226,0.286,-0.05999999999999997,0.0
WFG7,20,6,52006,"S4_(0.75,1.00]",0.542857142857143,0.594285714285714,0.563809523809524,0.03047619047618999,0.051428571428570935
WFG7,20,7,52007,"S1_[0,0.25]",0.024,0.064,0.056,0.008,0.04
WFG7,20,7,52007,"S2_(0.25,0.50]",0.0342857142857143,0.020952380952381,0.0857142857142857,-0.0647619047619047,-0.013333333333333301
WFG7,20,7,52007,"S3_(0.50,0.75]",0.198,0.228,0.24,-0.011999999999999983,0.03
WFG7,20,7,52007,"S4_(0.75,1.00]",0.641904761904762,0.64,0.660952380952381,-0.020952380952380945,-0.0019047619047619646
WFG7,20,8,52008,"S1_[0,0.25]",0.0,0.0,0.024,-0.024,0.0
WFG7,20,8,52008,"S2_(0.25,0.50]",0.0247619047619048,0.020952380952381,0.0247619047619048,-0.003809523809523801,-0.003809523809523801
WFG7,20,8,52008,"S3_(0.50,0.75]",0.12,0.088,0.11,-0.022000000000000006,-0.032
WFG7,20,8,52008,"S4_(0.75,1.00]",0.483809523809524,0.445714285714286,0.582857142857143,-0.13714285714285696,-0.038095238095238015
WFG7,20,9,52009,"S1_[0,0.25]",0.0,0.0,0.0,0.0,0.0
WFG7,20,9,52009,"S2_(0.25,0.50]",0.0609523809523809,0.0723809523809524,0.165714285714286,-0.0933333333333336,0.01142857142857151
WFG7,20,9,52009,"S3_(0.50,0.75]",0.21,0.278,0.134,0.14400000000000002,0.06800000000000003
WFG7,20,9,52009,"S4_(0.75,1.00]",0.554285714285714,0.540952380952381,0.497142857142857,0.043809523809523965,-0.013333333333333086
WFG7,20,10,52010,"S1_[0,0.25]",0.04,0.04,0.08,-0.04,0.0
WFG7,20,10,52010,"S2_(0.25,0.50]",0.0438095238095238,0.0552380952380952,0.112380952380952,-0.0571428571428568,0.011428571428571399
WFG7,20,10,52010,"S3_(0.50,0.75]",0.17,0.158,0.238,-0.07999999999999999,-0.01200000000000001
WFG7,20,10,52010,"S4_(0.75,1.00]",0.491428571428571,0.493333333333333,0.457142857142857,0.036190476190475995,0.0019047619047620201
WFG7,20,11,52011,"S1_[0,0.25]",0.0,0.0,0.032,-0.032,0.0
WFG7,20,11,52011,"S2_(0.25,0.50]",0.059047619047619,0.0152380952380952,0.285714285714286,-0.27047619047619076,-0.0438095238095238
WFG7,20,11,52011,"S3_(0.50,0.75]",0.292,0.206,0.464,-0.258,-0.086
WFG7,20,11,52011,"S4_(0.75,1.00]",0.622857142857143,0.601904761904762,0.691428571428572,-0.0895238095238099,-0.020952380952380945
WFG7,20,12,52012,"S1_[0,0.25]",0.0,0.0,0.0,0.0,0.0
WFG7,20,12,52012,"S2_(0.25,0.50]",0.0533333333333333,0.0095238095238095,0.0533333333333333,-0.0438095238095238,-0.0438095238095238
WFG7,20,12,52012,"S3_(0.50,0.75]",0.158,0.112,0.33,-0.21800000000000003,-0.046
WFG7,20,12,52012,"S4_(0.75,1.00]",0.605714285714286,0.514285714285714,0.660952380952381,-0.14666666666666694,-0.09142857142857197
WFG7,20,13,52013,"S1_[0,0.25]",0.024,0.032,0.08,-0.048,0.008
WFG7,20,13,52013,"S2_(0.25,0.50]",0.0895238095238095,0.100952380952381,0.146666666666667,-0.045714285714286,0.011428571428571496
WFG7,20,13,52013,"S3_(0.50,0.75]",0.16,0.184,0.356,-0.172,0.023999999999999994
WFG7,20,13,52013,"S4_(0.75,1.00]",0.523809523809524,0.502857142857143,0.512380952380952,-0.009523809523809046,-0.020952380952380945
WFG7,20,14,52014,"S1_[0,0.25]",0.0,0.024,0.072,-0.047999999999999994,0.024
WFG7,20,14,52014,"S2_(0.25,0.50]",0.0019047619047619,0.0133333333333333,0.0152380952380952,-0.0019047619047619004,0.011428571428571399
WFG7,20,14,52014,"S3_(0.50,0.75]",0.122,0.148,0.124,0.023999999999999994,0.025999999999999995
WFG7,20,14,52014,"S4_(0.75,1.00]",0.445714285714286,0.455238095238095,0.472380952380952,-0.017142857142857015,0.00952380952380899
WFG7,20,15,52015,"S1_[0,0.25]",0.0,0.048,0.048,0.0,0.048
WFG7,20,15,52015,"S2_(0.25,0.50]",0.020952380952381,0.0285714285714286,0.0552380952380952,-0.0266666666666666,0.007619047619047598
WFG7,20,15,52015,"S3_(0.50,0.75]",0.1,0.092,0.148,-0.055999999999999994,-0.008000000000000007
WFG7,20,15,52015,"S4_(0.75,1.00]",0.52,0.512380952380952,0.725714285714286,-0.21333333333333393,-0.0076190476190479695
WFG7,20,16,52016,"S1_[0,0.25]",0.024,0.024,0.032,-0.008,0.0
WFG7,20,16,52016,"S2_(0.25,0.50]",0.0342857142857143,0.0533333333333333,0.140952380952381,-0.0876190476190477,0.019047619047619
WFG7,20,16,52016,"S3_(0.50,0.75]",0.14,0.134,0.134,0.0,-0.006000000000000005
WFG7,20,16,52016,"S4_(0.75,1.00]",0.382857142857143,0.415238095238095,0.426666666666667,-0.01142857142857201,0.03238095238095201
WFG7,20,17,52017,"S1_[0,0.25]",0.0,0.0,0.048,-0.048,0.0
WFG7,20,17,52017,"S2_(0.25,0.50]",0.0057142857142857,0.0,0.0285714285714286,-0.0285714285714286,-0.0057142857142857
WFG7,20,17,52017,"S3_(0.50,0.75]",0.104,0.072,0.122,-0.05,-0.032
WFG7,20,17,52017,"S4_(0.75,1.00]",0.508571428571429,0.457142857142857,0.590476190476191,-0.13333333333333403,-0.05142857142857199
WFG7,20,18,52018,"S1_[0,0.25]",0.0,0.008,0.056,-0.048,0.008
WFG7,20,18,52018,"S2_(0.25,0.50]",0.0038095238095238,0.0019047619047619,0.0342857142857143,-0.0323809523809524,-0.0019047619047619
WFG7,20,18,52018,"S3_(0.50,0.75]",0.116,0.122,0.32,-0.198,0.0059999999999999915
WFG7,20,18,52018,"S4_(0.75,1.00]",0.474285714285714,0.52,0.619047619047619,-0.09904761904761894,0.04571428571428604
WFG7,20,19,52019,"S1_[0,0.25]",0.024,0.024,0.048,-0.024,0.0
WFG7,20,19,52019,"S2_(0.25,0.50]",0.0533333333333333,0.020952380952381,0.020952380952381,0.0,-0.0323809523809523
WFG7,20,19,52019,"S3_(0.50,0.75]",0.208,0.202,0.32,-0.118,-0.005999999999999978
WFG7,20,19,52019,"S4_(0.75,1.00]",0.563809523809524,0.540952380952381,0.64,-0.09904761904761905,-0.02285714285714302
WFG7,20,20,52020,"S1_[0,0.25]",0.0,0.0,0.016,-0.016,0.0
WFG7,20,20,52020,"S2_(0.25,0.50]",0.0247619047619048,0.0419047619047619,0.060952380952381,-0.019047619047619098,0.017142857142857102
WFG7,20,20,52020,"S3_(0.50,0.75]",0.094,0.038,0.126,-0.088,-0.056
WFG7,20,20,52020,"S4_(0.75,1.00]",0.52952380952381,0.487619047619048,0.561904761904762,-0.07428571428571401,-0.041904761904761945
WFG7,20,21,52021,"S1_[0,0.25]",0.056,0.032,0.0,0.032,-0.024
WFG7,20,21,52021,"S2_(0.25,0.50]",0.0133333333333333,0.0114285714285714,0.0133333333333333,-0.0019047619047618987,-0.0019047619047618987
WFG7,20,21,52021,"S3_(0.50,0.75]",0.062,0.028,0.122,-0.094,-0.034
WFG7,20,21,52021,"S4_(0.75,1.00]",0.365714285714286,0.331428571428571,0.525714285714286,-0.194285714285715,-0.034285714285714974
WFG7,20,22,52022,"S1_[0,0.25]",0.0,0.0,0.0,0.0,0.0
WFG7,20,22,52022,"S2_(0.25,0.50]",0.0,0.0019047619047619,0.0590476190476191,-0.0571428571428572,0.0019047619047619
WFG7,20,22,52022,"S3_(0.50,0.75]",0.166,0.188,0.4,-0.21200000000000002,0.021999999999999992
WFG7,20,22,52022,"S4_(0.75,1.00]",0.438095238095238,0.462857142857143,0.436190476190476,0.026666666666667005,0.02476190476190504
WFG7,20,23,52023,"S1_[0,0.25]",0.008,0.0,0.024,-0.024,-0.008
WFG7,20,23,52023,"S2_(0.25,0.50]",0.020952380952381,0.0266666666666667,0.060952380952381,-0.0342857142857143,0.0057142857142856995
WFG7,20,23,52023,"S3_(0.50,0.75]",0.122,0.11,0.226,-0.116,-0.011999999999999997
WFG7,20,23,52023,"S4_(0.75,1.00]",0.535238095238095,0.533333333333333,0.634285714285714,-0.10095238095238102,-0.0019047619047619646
WFG7,20,24,52024,"S1_[0,0.25]",0.016,0.016,0.056,-0.04,0.0
WFG7,20,24,52024,"S2_(0.25,0.50]",0.0495238095238095,0.0304761904761905,0.0723809523809524,-0.0419047619047619,-0.019047619047618997
WFG7,20,24,52024,"S3_(0.50,0.75]",0.23,0.192,0.282,-0.08999999999999997,-0.038000000000000006
WFG7,20,24,52024,"S4_(0.75,1.00]",0.451428571428572,0.447619047619048,0.556190476190476,-0.10857142857142799,-0.0038095238095239847
WFG7,20,25,52025,"S1_[0,0.25]",0.048,0.064,0.088,-0.023999999999999994,0.016
WFG7,20,25,52025,"S2_(0.25,0.50]",0.0895238095238095,0.0476190476190476,0.148571428571429,-0.10095238095238139,-0.0419047619047619
WFG7,20,25,52025,"S3_(0.50,0.75]",0.218,0.14,0.186,-0.045999999999999985,-0.07799999999999999
WFG7,20,25,52025,"S4_(0.75,1.00]",0.620952380952381,0.504761904761905,0.565714285714286,-0.06095238095238098,-0.11619047619047607
