Problem,M,Run,Seed,Stage,View,SelectionRule,Truth,TruthType,Horizon,NumberOfCheckpoints,ValidPrecisionCheckpoints,MeanSelectedRate,MeanPrecision,MeanRecall,MeanChance,MeanLift,MeanAUC,MeanRetentionRate
DTLZ2,10,1,11001,"S1_[0,0.25]",anchor_margin,top25,population_final,retention,FINAL,5,5,0.25,0.112,0.793333333333333,0.036,3.17333333333333,0.728246227221219,0.112
DTLZ2,10,1,11001,"S1_[0,0.25]",score_hybrid,top25,population_final,retention,FINAL,5,5,0.25,0.088,0.653333333333333,0.036,2.61333333333333,0.715254717242296,0.088
DTLZ2,10,1,11001,"S1_[0,0.25]",score_v,top25,population_final,retention,FINAL,5,5,0.25,0.088,0.653333333333333,0.036,2.61333333333333,0.703682957393484,0.088
DTLZ2,10,1,11001,"S2_(0.25,0.50]",anchor_margin,top25,population_final,retention,FINAL,21,21,0.25,0.173333333333333,0.443985574027591,0.106190476190476,1.77594229611036,0.635538429908762,0.173333333333333
DTLZ2,10,1,11001,"S2_(0.25,0.50]",score_hybrid,top25,population_final,retention,FINAL,21,21,0.25,0.173333333333333,0.410594439796121,0.106190476190476,1.64237775918448,0.659144193619098,0.173333333333333
DTLZ2,10,1,11001,"S2_(0.25,0.50]",score_v,top25,population_final,retention,FINAL,21,21,0.25,0.161904761904762,0.391946930287266,0.106190476190476,1.56778772114907,0.629646426047518,0.161904761904762
DTLZ2,10,1,11001,"S3_(0.50,0.75]",anchor_margin,top25,population_final,retention,FINAL,20,20,0.25,0.388,0.333745863426408,0.293,1.33498345370563,0.622310571212823,0.388
DTLZ2,10,1,11001,"S3_(0.50,0.75]",score_hybrid,top25,population_final,retention,FINAL,20,20,0.25,0.346,0.304976401426892,0.293,1.21990560570757,0.626856535748806,0.346
DTLZ2,10,1,11001,"S3_(0.50,0.75]",score_v,top25,population_final,retention,FINAL,20,20,0.25,0.29,0.250853372660463,0.293,1.00341349064185,0.556038691454239,0.29
DTLZ2,10,1,11001,"S4_(0.75,1.00]",anchor_margin,top25,population_final,retention,FINAL,21,21,0.25,0.64,0.251339095937418,0.638095238095238,1.00535638374967,0.52156994384563,0.64
DTLZ2,10,1,11001,"S4_(0.75,1.00]",score_hybrid,top25,population_final,retention,FINAL,21,21,0.25,0.653333333333333,0.253516460700155,0.638095238095238,1.01406584280062,0.514959041645216,0.653333333333333
DTLZ2,10,1,11001,"S4_(0.75,1.00]",score_v,top25,population_final,retention,FINAL,21,21,0.25,0.636190476190476,0.246177166832366,0.638095238095238,0.984708667329463,0.502287375928494,0.636190476190476
DTLZ2,10,2,11002,"S1_[0,0.25]",anchor_margin,top25,population_final,retention,FINAL,5,5,0.25,0.024,0.146666666666667,0.044,0.586666666666667,0.563511507505878,0.024
DTLZ2,10,2,11002,"S1_[0,0.25]",score_hybrid,top25,population_final,retention,FINAL,5,5,0.25,0.056,0.343333333333333,0.044,1.37333333333333,0.594174929914994,0.056
DTLZ2,10,2,11002,"S1_[0,0.25]",score_v,top25,population_final,retention,FINAL,5,5,0.25,0.04,0.236666666666667,0.044,0.946666666666667,0.51003964324471,0.04
DTLZ2,10,2,11002,"S2_(0.25,0.50]",anchor_margin,top25,population_final,retention,FINAL,21,21,0.25,0.0971428571428571,0.258542251399394,0.09,1.03416900559758,0.539909935191558,0.0971428571428571
DTLZ2,10,2,11002,"S2_(0.25,0.50]",score_hybrid,top25,population_final,retention,FINAL,21,21,0.25,0.144761904761905,0.38840762412191,0.09,1.55363049648764,0.607147862187449,0.144761904761905
DTLZ2,10,2,11002,"S2_(0.25,0.50]",score_v,top25,population_final,retention,FINAL,21,21,0.25,0.201904761904762,0.539217792789221,0.09,2.15687117115688,0.623823985023848,0.201904761904762
DTLZ2,10,2,11002,"S3_(0.50,0.75]",anchor_margin,top25,population_final,retention,FINAL,20,20,0.25,0.264,0.27199246899416,0.2375,1.08796987597664,0.589201358113837,0.264
DTLZ2,10,2,11002,"S3_(0.50,0.75]",score_hybrid,top25,population_final,retention,FINAL,20,20,0.25,0.354,0.373544449790319,0.2375,1.49417779916128,0.630986480870718,0.354
DTLZ2,10,2,11002,"S3_(0.50,0.75]",score_v,top25,population_final,retention,FINAL,20,20,0.25,0.346,0.387364847583353,0.2375,1.54945939033341,0.62820962530736,0.346
DTLZ2,10,2,11002,"S4_(0.75,1.00]",anchor_margin,top25,population_final,retention,FINAL,21,21,0.25,0.662857142857143,0.257024721384584,0.65047619047619,1.02809888553833,0.553915967743202,0.662857142857143
DTLZ2,10,2,11002,"S4_(0.75,1.00]",score_hybrid,top25,population_final,retention,FINAL,21,21,0.25,0.72,0.288087867039351,0.65047619047619,1.15235146815741,0.546599993339647,0.72
DTLZ2,10,2,11002,"S4_(0.75,1.00]",score_v,top25,population_final,retention,FINAL,21,21,0.25,0.636190476190476,0.249250459039232,0.65047619047619,0.997001836156929,0.495210919237944,0.636190476190476
DTLZ2,10,3,11003,"S1_[0,0.25]",anchor_margin,top25,population_final,retention,FINAL,5,5,0.25,0.144,0.3,0.12,1.2,0.61657196969697,0.144
DTLZ2,10,3,11003,"S1_[0,0.25]",score_hybrid,top25,population_final,retention,FINAL,5,5,0.25,0.208,0.433333333333333,0.12,1.73333333333333,0.675757575757576,0.208
DTLZ2,10,3,11003,"S1_[0,0.25]",score_v,top25,population_final,retention,FINAL,5,5,0.25,0.208,0.433333333333333,0.12,1.73333333333333,0.661742424242424,0.208
DTLZ2,10,3,11003,"S2_(0.25,0.50]",anchor_margin,top25,population_final,retention,FINAL,21,21,0.25,0.11047619047619,0.180852061922385,0.159047619047619,0.723408247689539,0.476888702103126,0.11047619047619
DTLZ2,10,3,11003,"S2_(0.25,0.50]",score_hybrid,top25,population_final,retention,FINAL,21,21,0.25,0.104761904761905,0.17034494634561,0.159047619047619,0.681379785382439,0.466288110372772,0.104761904761905
DTLZ2,10,3,11003,"S2_(0.25,0.50]",score_v,top25,population_final,retention,FINAL,21,21,0.25,0.0838095238095238,0.139070934266644,0.159047619047619,0.556283737066576,0.417889172963383,0.0838095238095238
DTLZ2,10,3,11003,"S3_(0.50,0.75]",anchor_margin,top25,population_final,retention,FINAL,20,20,0.25,0.402,0.328249066041652,0.314,1.31299626416661,0.613781392978129,0.402
DTLZ2,10,3,11003,"S3_(0.50,0.75]",score_hybrid,top25,population_final,retention,FINAL,20,20,0.25,0.382,0.291539125053165,0.314,1.16615650021266,0.563236653537761,0.382
DTLZ2,10,3,11003,"S3_(0.50,0.75]",score_v,top25,population_final,retention,FINAL,20,20,0.25,0.336,0.243834188347193,0.314,0.975336753388773,0.450530592166011,0.336
DTLZ2,10,3,11003,"S4_(0.75,1.00]",anchor_margin,top25,population_final,retention,FINAL,21,21,0.25,0.678095238095238,0.243776912790606,0.706190476190476,0.975107651162426,0.462942407065737,0.678095238095238
DTLZ2,10,3,11003,"S4_(0.75,1.00]",score_hybrid,top25,population_final,retention,FINAL,21,21,0.25,0.779047619047619,0.281391444681273,0.706190476190476,1.12556577872509,0.543924785176556,0.779047619047619
DTLZ2,10,3,11003,"S4_(0.75,1.00]",score_v,top25,population_final,retention,FINAL,21,21,0.25,0.784761904761905,0.28267485835113,0.706190476190476,1.13069943340452,0.558620944181299,0.784761904761905
DTLZ2,10,4,11004,"S1_[0,0.25]",anchor_margin,top25,population_final,retention,FINAL,5,5,0.25,0.056,0.26,0.056,1.04,0.682070175438596,0.056
DTLZ2,10,4,11004,"S1_[0,0.25]",score_hybrid,top25,population_final,retention,FINAL,5,5,0.25,0.08,0.36,0.056,1.44,0.752402388951101,0.08
DTLZ2,10,4,11004,"S1_[0,0.25]",score_v,top25,population_final,retention,FINAL,5,5,0.25,0.104,0.46,0.056,1.84,0.71262187383352,0.104
DTLZ2,10,4,11004,"S2_(0.25,0.50]",anchor_margin,top25,population_final,retention,FINAL,21,21,0.25,0.100952380952381,0.266586323729181,0.0957142857142857,1.06634529491672,0.505632891457363,0.100952380952381
DTLZ2,10,4,11004,"S2_(0.25,0.50]",score_hybrid,top25,population_final,retention,FINAL,21,21,0.25,0.106666666666667,0.278319299747871,0.0957142857142857,1.11327719899148,0.52941562550387,0.106666666666667
DTLZ2,10,4,11004,"S2_(0.25,0.50]",score_v,top25,population_final,retention,FINAL,21,21,0.25,0.0990476190476191,0.266509020080449,0.0957142857142857,1.06603608032179,0.523691185159969,0.0990476190476191
DTLZ2,10,4,11004,"S3_(0.50,0.75]",anchor_margin,top25,population_final,retention,FINAL,20,20,0.25,0.268,0.241509334729803,0.276,0.966037338919213,0.539327824918295,0.268
DTLZ2,10,4,11004,"S3_(0.50,0.75]",score_hybrid,top25,population_final,retention,FINAL,20,20,0.25,0.358,0.326105850901931,0.276,1.30442340360772,0.576812463573805,0.358
DTLZ2,10,4,11004,"S3_(0.50,0.75]",score_v,top25,population_final,retention,FINAL,20,20,0.25,0.364,0.333071872189177,0.276,1.33228748875671,0.591475292175101,0.364
DTLZ2,10,4,11004,"S4_(0.75,1.00]",anchor_margin,top25,population_final,retention,FINAL,21,21,0.25,0.777142857142857,0.295476538151707,0.661428571428571,1.18190615260683,0.65609191543477,0.777142857142857
DTLZ2,10,4,11004,"S4_(0.75,1.00]",score_hybrid,top25,population_final,retention,FINAL,21,21,0.25,0.826666666666667,0.317815895738084,0.661428571428571,1.27126358295234,0.659339615224011,0.826666666666667
DTLZ2,10,4,11004,"S4_(0.75,1.00]",score_v,top25,population_final,retention,FINAL,21,21,0.25,0.857142857142857,0.330748780255193,0.661428571428571,1.32299512102077,0.650959247969483,0.857142857142857
DTLZ2,10,5,11005,"S1_[0,0.25]",anchor_margin,top25,population_final,retention,FINAL,5,5,0.25,0.048,0.243333333333333,0.05,0.973333333333333,0.62530936216872,0.048
DTLZ2,10,5,11005,"S1_[0,0.25]",score_hybrid,top25,population_final,retention,FINAL,5,5,0.25,0.112,0.553333333333333,0.05,2.21333333333333,0.784456746920493,0.112
DTLZ2,10,5,11005,"S1_[0,0.25]",score_v,top25,population_final,retention,FINAL,5,5,0.25,0.16,0.796666666666667,0.05,3.18666666666667,0.889734812430011,0.16
DTLZ2,10,5,11005,"S2_(0.25,0.50]",anchor_margin,top25,population_final,retention,FINAL,21,21,0.25,0.0380952380952381,0.0928416821273964,0.0923809523809524,0.371366728509586,0.538374938129322,0.0380952380952381
DTLZ2,10,5,11005,"S2_(0.25,0.50]",score_hybrid,top25,population_final,retention,FINAL,21,21,0.25,0.215238095238095,0.59071583178726,0.0923809523809524,2.36286332714904,0.744253984838924,0.215238095238095
DTLZ2,10,5,11005,"S2_(0.25,0.50]",score_v,top25,population_final,retention,FINAL,21,21,0.25,0.220952380952381,0.62797619047619,0.0923809523809524,2.51190476190476,0.778343633913404,0.220952380952381
DTLZ2,10,5,11005,"S3_(0.50,0.75]",anchor_margin,top25,population_final,retention,FINAL,20,20,0.25,0.33,0.259855824886957,0.301,1.03942329954783,0.574995167744304,0.33
DTLZ2,10,5,11005,"S3_(0.50,0.75]",score_hybrid,top25,population_final,retention,FINAL,20,20,0.25,0.378,0.317401060230392,0.301,1.26960424092157,0.62517307541855,0.378
DTLZ2,10,5,11005,"S3_(0.50,0.75]",score_v,top25,population_final,retention,FINAL,20,20,0.25,0.368,0.312883680685292,0.301,1.25153472274117,0.63856972905102,0.368
DTLZ2,10,5,11005,"S4_(0.75,1.00]",anchor_margin,top25,population_final,retention,FINAL,21,21,0.25,0.685714285714286,0.25203910816776,0.682380952380952,1.00815643267104,0.552298127840774,0.685714285714286
DTLZ2,10,5,11005,"S4_(0.75,1.00]",score_hybrid,top25,population_final,retention,FINAL,21,21,0.25,0.765714285714286,0.286347554780557,0.682380952380952,1.14539021912223,0.559263630006363,0.765714285714286
DTLZ2,10,5,11005,"S4_(0.75,1.00]",score_v,top25,population_final,retention,FINAL,21,21,0.25,0.754285714285714,0.282410580995635,0.682380952380952,1.12964232398254,0.551430961069977,0.754285714285714
DTLZ2,10,6,11006,"S1_[0,0.25]",anchor_margin,top25,population_final,retention,FINAL,5,5,0.25,0.0,0.0,0.044,0.0,0.466583757234581,0.0
DTLZ2,10,6,11006,"S1_[0,0.25]",score_hybrid,top25,population_final,retention,FINAL,5,5,0.25,0.04,0.236666666666667,0.044,0.946666666666667,0.518339867064569,0.04
DTLZ2,10,6,11006,"S1_[0,0.25]",score_v,top25,population_final,retention,FINAL,5,5,0.25,0.024,0.156666666666667,0.044,0.626666666666667,0.525116115029843,0.024
DTLZ2,10,6,11006,"S2_(0.25,0.50]",anchor_margin,top25,population_final,retention,FINAL,21,21,0.25,0.0552380952380952,0.117475921992729,0.116666666666667,0.469903687970915,0.514819186574869,0.0552380952380952
DTLZ2,10,6,11006,"S2_(0.25,0.50]",score_hybrid,top25,population_final,retention,FINAL,21,21,0.25,0.140952380952381,0.30978942859195,0.116666666666667,1.2391577143678,0.513415116838541,0.140952380952381
DTLZ2,10,6,11006,"S2_(0.25,0.50]",score_v,top25,population_final,retention,FINAL,21,21,0.25,0.131428571428571,0.295550228638464,0.116666666666667,1.18220091455386,0.529394084316957,0.131428571428571
DTLZ2,10,6,11006,"S3_(0.50,0.75]",anchor_margin,top25,population_final,retention,FINAL,20,20,0.25,0.338,0.271567638750702,0.302,1.08627055500281,0.617405544480021,0.338
DTLZ2,10,6,11006,"S3_(0.50,0.75]",score_hybrid,top25,population_final,retention,FINAL,20,20,0.25,0.388,0.311323072446298,0.302,1.24529228978519,0.59041792188987,0.388
DTLZ2,10,6,11006,"S3_(0.50,0.75]",score_v,top25,population_final,retention,FINAL,20,20,0.25,0.324,0.254826579400616,0.302,1.01930631760246,0.533490800275669,0.324
DTLZ2,10,6,11006,"S4_(0.75,1.00]",anchor_margin,top25,population_final,retention,FINAL,21,21,0.25,0.704761904761905,0.257417599655495,0.7,1.02967039862198,0.530783681146109,0.704761904761905
DTLZ2,10,6,11006,"S4_(0.75,1.00]",score_hybrid,top25,population_final,retention,FINAL,21,21,0.25,0.756190476190476,0.280786509446898,0.7,1.12314603778759,0.491543705089379,0.756190476190476
DTLZ2,10,6,11006,"S4_(0.75,1.00]",score_v,top25,population_final,retention,FINAL,21,21,0.25,0.733333333333333,0.269827695420561,0.7,1.07931078168224,0.463487353167438,0.733333333333333
DTLZ2,10,7,11007,"S1_[0,0.25]",anchor_margin,top25,population_final,retention,FINAL,5,5,0.25,0.072,0.3,0.06,1.2,0.68563829787234,0.072
DTLZ2,10,7,11007,"S1_[0,0.25]",score_hybrid,top25,population_final,retention,FINAL,5,5,0.25,0.16,0.666666666666667,0.06,2.66666666666667,0.790425531914894,0.16
DTLZ2,10,7,11007,"S1_[0,0.25]",score_v,top25,population_final,retention,FINAL,5,5,0.25,0.16,0.666666666666667,0.06,2.66666666666667,0.720212765957447,0.16
DTLZ2,10,7,11007,"S2_(0.25,0.50]",anchor_margin,top25,population_final,retention,FINAL,21,21,0.25,0.12,0.34161235589807,0.0871428571428571,1.36644942359228,0.666332591589981,0.12
DTLZ2,10,7,11007,"S2_(0.25,0.50]",score_hybrid,top25,population_final,retention,FINAL,21,21,0.25,0.156190476190476,0.47175456818314,0.0871428571428571,1.88701827273256,0.682847734517724,0.156190476190476
DTLZ2,10,7,11007,"S2_(0.25,0.50]",score_v,top25,population_final,retention,FINAL,21,21,0.25,0.139047619047619,0.387964152249867,0.0871428571428571,1.55185660899947,0.579338410596724,0.139047619047619
DTLZ2,10,7,11007,"S3_(0.50,0.75]",anchor_margin,top25,population_final,retention,FINAL,20,20,0.25,0.224,0.267681945647419,0.207,1.07072778258968,0.536869728113838,0.224
DTLZ2,10,7,11007,"S3_(0.50,0.75]",score_hybrid,top25,population_final,retention,FINAL,20,20,0.25,0.214,0.266820799440684,0.207,1.06728319776274,0.535591225163629,0.214
DTLZ2,10,7,11007,"S3_(0.50,0.75]",score_v,top25,population_final,retention,FINAL,20,20,0.25,0.178,0.223047115608177,0.207,0.892188462432708,0.487890885473361,0.178
DTLZ2,10,7,11007,"S4_(0.75,1.00]",anchor_margin,top25,population_final,retention,FINAL,21,21,0.25,0.613333333333333,0.259206013326956,0.600952380952381,1.03682405330783,0.498137371268553,0.613333333333333
DTLZ2,10,7,11007,"S4_(0.75,1.00]",score_hybrid,top25,population_final,retention,FINAL,21,21,0.25,0.620952380952381,0.263069860763671,0.600952380952381,1.05227944305468,0.502448409618461,0.620952380952381
DTLZ2,10,7,11007,"S4_(0.75,1.00]",score_v,top25,population_final,retention,FINAL,21,21,0.25,0.63047619047619,0.264597789033666,0.600952380952381,1.05839115613466,0.511087445757598,0.63047619047619
DTLZ2,10,8,11008,"S1_[0,0.25]",anchor_margin,top25,population_final,retention,FINAL,5,5,0.25,0.04,0.333333333333333,0.03,1.33333333333333,0.705841924398625,0.04
DTLZ2,10,8,11008,"S1_[0,0.25]",score_hybrid,top25,population_final,retention,FINAL,5,5,0.25,0.08,0.666666666666667,0.03,2.66666666666667,0.815120274914089,0.08
DTLZ2,10,8,11008,"S1_[0,0.25]",score_v,top25,population_final,retention,FINAL,5,5,0.25,0.08,0.666666666666667,0.03,2.66666666666667,0.795189003436426,0.08
DTLZ2,10,8,11008,"S2_(0.25,0.50]",anchor_margin,top25,population_final,retention,FINAL,21,21,0.25,0.154285714285714,0.38295547045547,0.0976190476190476,1.53182188182188,0.680055931542095,0.154285714285714
DTLZ2,10,8,11008,"S2_(0.25,0.50]",score_hybrid,top25,population_final,retention,FINAL,21,21,0.25,0.198095238095238,0.53231351981352,0.0976190476190476,2.12925407925408,0.722901988958615,0.198095238095238
DTLZ2,10,8,11008,"S2_(0.25,0.50]",score_v,top25,population_final,retention,FINAL,21,21,0.25,0.175238095238095,0.48206733742448,0.0976190476190476,1.92826934969792,0.705545761700871,0.175238095238095
DTLZ2,10,8,11008,"S3_(0.50,0.75]",anchor_margin,top25,population_final,retention,FINAL,20,20,0.25,0.442,0.312737157147044,0.3565,1.25094862858818,0.636524135907733,0.442
DTLZ2,10,8,11008,"S3_(0.50,0.75]",score_hybrid,top25,population_final,retention,FINAL,20,20,0.25,0.45,0.330023008739774,0.3565,1.3200920349591,0.649955684850886,0.45
DTLZ2,10,8,11008,"S3_(0.50,0.75]",score_v,top25,population_final,retention,FINAL,20,20,0.25,0.42,0.310727718226434,0.3565,1.24291087290574,0.606435448388695,0.42
DTLZ2,10,8,11008,"S4_(0.75,1.00]",anchor_margin,top25,population_final,retention,FINAL,21,21,0.25,0.819047619047619,0.284943164938359,0.722380952380952,1.13977265975344,0.66679818770333,0.819047619047619
DTLZ2,10,8,11008,"S4_(0.75,1.00]",score_hybrid,top25,population_final,retention,FINAL,21,21,0.25,0.687619047619048,0.236094140366489,0.722380952380952,0.944376561465955,0.591800610098515,0.687619047619048
DTLZ2,10,8,11008,"S4_(0.75,1.00]",score_v,top25,population_final,retention,FINAL,21,21,0.25,0.628571428571429,0.213355950103233,0.722380952380952,0.85342380041293,0.507714476159652,0.628571428571429
DTLZ2,10,9,11009,"S1_[0,0.25]",anchor_margin,top25,population_final,retention,FINAL,5,5,0.25,0.096,0.218181818181818,0.11,0.872727272727273,0.554239019407559,0.096
DTLZ2,10,9,11009,"S1_[0,0.25]",score_hybrid,top25,population_final,retention,FINAL,5,5,0.25,0.128,0.290909090909091,0.11,1.16363636363636,0.6073544433095,0.128
DTLZ2,10,9,11009,"S1_[0,0.25]",score_v,top25,population_final,retention,FINAL,5,5,0.25,0.104,0.236363636363636,0.11,0.945454545454545,0.623289070480082,0.104
DTLZ2,10,9,11009,"S2_(0.25,0.50]",anchor_margin,top25,population_final,retention,FINAL,21,21,0.25,0.104761904761905,0.147281316636995,0.172380952380952,0.589125266547979,0.380705507578312,0.104761904761905
DTLZ2,10,9,11009,"S2_(0.25,0.50]",score_hybrid,top25,population_final,retention,FINAL,21,21,0.25,0.188571428571429,0.233105868869767,0.172380952380952,0.932423475479068,0.41810954166199,0.188571428571429
DTLZ2,10,9,11009,"S2_(0.25,0.50]",score_v,top25,population_final,retention,FINAL,21,21,0.25,0.173333333333333,0.205975967102184,0.172380952380952,0.823903868408737,0.394535089221146,0.173333333333333
DTLZ2,10,9,11009,"S3_(0.50,0.75]",anchor_margin,top25,population_final,retention,FINAL,20,20,0.25,0.264,0.185112397624465,0.3485,0.740449590497859,0.453994109291945,0.264
DTLZ2,10,9,11009,"S3_(0.50,0.75]",score_hybrid,top25,population_final,retention,FINAL,20,20,0.25,0.474,0.339282809201719,0.3485,1.35713123680688,0.536426489984122,0.474
DTLZ2,10,9,11009,"S3_(0.50,0.75]",score_v,top25,population_final,retention,FINAL,20,20,0.25,0.462,0.330849709555303,0.3485,1.32339883822121,0.564874652894083,0.462
DTLZ2,10,9,11009,"S4_(0.75,1.00]",anchor_margin,top25,population_final,retention,FINAL,21,21,0.25,0.687619047619048,0.243125812968702,0.702380952380952,0.972503251874808,0.536281837282225,0.687619047619048
DTLZ2,10,9,11009,"S4_(0.75,1.00]",score_hybrid,top25,population_final,retention,FINAL,21,21,0.25,0.796190476190476,0.294389040444999,0.702380952380952,1.17755616178,0.587161522314925,0.796190476190476
DTLZ2,10,9,11009,"S4_(0.75,1.00]",score_v,top25,population_final,retention,FINAL,21,21,0.25,0.790476190476191,0.291232433931102,0.702380952380952,1.16492973572441,0.629844571483301,0.790476190476191
DTLZ2,10,10,11010,"S1_[0,0.25]",anchor_margin,top25,population_final,retention,FINAL,5,5,0.25,0.0,0.0,0.01,0.0,0.584848484848485,0.0
DTLZ2,10,10,11010,"S1_[0,0.25]",score_hybrid,top25,population_final,retention,FINAL,5,5,0.25,0.04,1.0,0.01,4.0,0.977777777777778,0.04
DTLZ2,10,10,11010,"S1_[0,0.25]",score_v,top25,population_final,retention,FINAL,5,5,0.25,0.04,1.0,0.01,4.0,0.96969696969697,0.04
DTLZ2,10,10,11010,"S2_(0.25,0.50]",anchor_margin,top25,population_final,retention,FINAL,21,21,0.25,0.0952380952380953,0.289409825599565,0.106190476190476,1.15763930239826,0.603672337694196,0.0952380952380953
DTLZ2,10,10,11010,"S2_(0.25,0.50]",score_hybrid,top25,population_final,retention,FINAL,21,21,0.25,0.211428571428571,0.656964133340737,0.106190476190476,2.62785653336295,0.792390776572824,0.211428571428571
DTLZ2,10,10,11010,"S2_(0.25,0.50]",score_v,top25,population_final,retention,FINAL,21,21,0.25,0.220952380952381,0.676552423202136,0.106190476190476,2.70620969280854,0.821226591534972,0.220952380952381
DTLZ2,10,10,11010,"S3_(0.50,0.75]",anchor_margin,top25,population_final,retention,FINAL,20,20,0.25,0.302,0.227692371236348,0.3455,0.910769484945392,0.497302480789732,0.302
DTLZ2,10,10,11010,"S3_(0.50,0.75]",score_hybrid,top25,population_final,retention,FINAL,20,20,0.25,0.398,0.290435290087998,0.3455,1.16174116035199,0.560661039372437,0.398
DTLZ2,10,10,11010,"S3_(0.50,0.75]",score_v,top25,population_final,retention,FINAL,20,20,0.25,0.46,0.341745071989728,0.3455,1.36698028795891,0.654159865824254,0.46
DTLZ2,10,10,11010,"S4_(0.75,1.00]",anchor_margin,top25,population_final,retention,FINAL,21,21,0.25,0.615238095238095,0.227504038146051,0.683809523809524,0.910016152584204,0.448377864012641,0.615238095238095
DTLZ2,10,10,11010,"S4_(0.75,1.00]",score_hybrid,top25,population_final,retention,FINAL,21,21,0.25,0.607619047619048,0.224811392164538,0.683809523809524,0.899245568658151,0.451654374353915,0.607619047619048
DTLZ2,10,10,11010,"S4_(0.75,1.00]",score_v,top25,population_final,retention,FINAL,21,21,0.25,0.6,0.220617892036419,0.683809523809524,0.882471568145677,0.495966040819621,0.6
DTLZ2,10,11,11011,"S1_[0,0.25]",anchor_margin,top25,population_final,retention,FINAL,5,5,0.25,0.016,0.333333333333333,0.012,1.33333333333333,0.704931972789116,0.016
DTLZ2,10,11,11011,"S1_[0,0.25]",score_hybrid,top25,population_final,retention,FINAL,5,5,0.25,0.048,1.0,0.012,4.0,0.95578231292517,0.048
DTLZ2,10,11,11011,"S1_[0,0.25]",score_v,top25,population_final,retention,FINAL,5,5,0.25,0.048,1.0,0.012,4.0,0.954081632653061,0.048
DTLZ2,10,11,11011,"S2_(0.25,0.50]",anchor_margin,top25,population_final,retention,FINAL,21,21,0.25,0.118095238095238,0.666810966810967,0.0571428571428571,2.66724386724387,0.785630592378779,0.118095238095238
DTLZ2,10,11,11011,"S2_(0.25,0.50]",score_hybrid,top25,population_final,retention,FINAL,21,21,0.25,0.123809523809524,0.696031746031746,0.0571428571428571,2.78412698412698,0.797325798596069,0.123809523809524
DTLZ2,10,11,11011,"S2_(0.25,0.50]",score_v,top25,population_final,retention,FINAL,21,21,0.25,0.125714285714286,0.63989898989899,0.0571428571428571,2.55959595959596,0.78705930706855,0.125714285714286
DTLZ2,10,11,11011,"S3_(0.50,0.75]",anchor_margin,top25,population_final,retention,FINAL,20,20,0.25,0.334,0.242882255805346,0.3255,0.971529023221383,0.57239778246941,0.334
DTLZ2,10,11,11011,"S3_(0.50,0.75]",score_hybrid,top25,population_final,retention,FINAL,20,20,0.25,0.352,0.287409833439722,0.3255,1.14963933375889,0.58697513236579,0.352
DTLZ2,10,11,11011,"S3_(0.50,0.75]",score_v,top25,population_final,retention,FINAL,20,20,0.25,0.41,0.351868195042985,0.3255,1.40747278017194,0.637774832314264,0.41
DTLZ2,10,11,11011,"S4_(0.75,1.00]",anchor_margin,top25,population_final,retention,FINAL,21,21,0.25,0.830476190476191,0.273444176799531,0.763333333333333,1.09377670719812,0.525004593788519,0.830476190476191
DTLZ2,10,11,11011,"S4_(0.75,1.00]",score_hybrid,top25,population_final,retention,FINAL,21,21,0.25,0.697142857142857,0.226396232300763,0.763333333333333,0.905584929203051,0.448020899488197,0.697142857142857
DTLZ2,10,11,11011,"S4_(0.75,1.00]",score_v,top25,population_final,retention,FINAL,21,21,0.25,0.68952380952381,0.223978882182064,0.763333333333333,0.895915528728254,0.415158067785539,0.68952380952381
DTLZ2,10,12,11012,"S1_[0,0.25]",anchor_margin,top25,population_final,retention,FINAL,5,5,0.25,0.064,0.466666666666667,0.036,1.86666666666667,0.729102233676976,0.064
DTLZ2,10,12,11012,"S1_[0,0.25]",score_hybrid,top25,population_final,retention,FINAL,5,5,0.25,0.04,0.283333333333333,0.036,1.13333333333333,0.677029639175258,0.04
DTLZ2,10,12,11012,"S1_[0,0.25]",score_v,top25,population_final,retention,FINAL,5,5,0.25,0.04,0.283333333333333,0.036,1.13333333333333,0.584315936426117,0.04
DTLZ2,10,12,11012,"S2_(0.25,0.50]",anchor_margin,top25,population_final,retention,FINAL,21,21,0.25,0.0647619047619048,0.216314241314241,0.0733333333333333,0.865256965256965,0.614426326119369,0.0647619047619048
DTLZ2,10,12,11012,"S2_(0.25,0.50]",score_hybrid,top25,population_final,retention,FINAL,21,21,0.25,0.127619047619048,0.408330558330558,0.0733333333333333,1.63332223332223,0.650999395070894,0.127619047619048
DTLZ2,10,12,11012,"S2_(0.25,0.50]",score_v,top25,population_final,retention,FINAL,21,21,0.25,0.12952380952381,0.417402042402042,0.0733333333333333,1.66960816960817,0.56536108659987,0.12952380952381
DTLZ2,10,12,11012,"S3_(0.50,0.75]",anchor_margin,top25,population_final,retention,FINAL,20,20,0.25,0.28,0.270195222151928,0.26,1.08078088860771,0.590331024971263,0.28
DTLZ2,10,12,11012,"S3_(0.50,0.75]",score_hybrid,top25,population_final,retention,FINAL,20,20,0.25,0.36,0.359385694243504,0.26,1.43754277697402,0.640001725372897,0.36
DTLZ2,10,12,11012,"S3_(0.50,0.75]",score_v,top25,population_final,retention,FINAL,20,20,0.25,0.358,0.345722311432201,0.26,1.3828892457288,0.630450912380632,0.358
DTLZ2,10,12,11012,"S4_(0.75,1.00]",anchor_margin,top25,population_final,retention,FINAL,21,21,0.25,0.775238095238096,0.273476205518362,0.720952380952381,1.09390482207345,0.60683503501656,0.775238095238096
DTLZ2,10,12,11012,"S4_(0.75,1.00]",score_hybrid,top25,population_final,retention,FINAL,21,21,0.25,0.862857142857143,0.30788903853594,0.720952380952381,1.23155615414376,0.671642210036649,0.862857142857143
DTLZ2,10,12,11012,"S4_(0.75,1.00]",score_v,top25,population_final,retention,FINAL,21,21,0.25,0.878095238095238,0.313509981769056,0.720952380952381,1.25403992707622,0.660519828331204,0.878095238095238
DTLZ2,10,13,11013,"S1_[0,0.25]",anchor_margin,top25,population_final,retention,FINAL,5,5,0.25,0.04,1.0,0.01,4.0,0.997979797979798,0.04
DTLZ2,10,13,11013,"S1_[0,0.25]",score_hybrid,top25,population_final,retention,FINAL,5,5,0.25,0.04,1.0,0.01,4.0,0.991919191919192,0.04
DTLZ2,10,13,11013,"S1_[0,0.25]",score_v,top25,population_final,retention,FINAL,5,5,0.25,0.04,1.0,0.01,4.0,0.991919191919192,0.04
DTLZ2,10,13,11013,"S2_(0.25,0.50]",anchor_margin,top25,population_final,retention,FINAL,21,21,0.25,0.0685714285714286,0.461337868480726,0.0542857142857143,1.8453514739229,0.694846222338062,0.0685714285714286
DTLZ2,10,13,11013,"S2_(0.25,0.50]",score_hybrid,top25,population_final,retention,FINAL,21,21,0.25,0.0914285714285714,0.571258503401361,0.0542857142857143,2.28503401360544,0.743432132302487,0.0914285714285714
DTLZ2,10,13,11013,"S2_(0.25,0.50]",score_v,top25,population_final,retention,FINAL,21,21,0.25,0.060952380952381,0.456065759637188,0.0542857142857143,1.82426303854875,0.741718173364841,0.060952380952381
DTLZ2,10,13,11013,"S3_(0.50,0.75]",anchor_margin,top25,population_final,retention,FINAL,20,20,0.25,0.332,0.301991222976202,0.2795,1.20796489190481,0.61197853951384,0.332
DTLZ2,10,13,11013,"S3_(0.50,0.75]",score_hybrid,top25,population_final,retention,FINAL,20,20,0.25,0.332,0.300457499661573,0.2795,1.20182999864629,0.617063146960239,0.332
DTLZ2,10,13,11013,"S3_(0.50,0.75]",score_v,top25,population_final,retention,FINAL,20,20,0.25,0.304,0.276760934775676,0.2795,1.1070437391027,0.578409908276956,0.304
DTLZ2,10,13,11013,"S4_(0.75,1.00]",anchor_margin,top25,population_final,retention,FINAL,21,21,0.25,0.687619047619048,0.271847525414662,0.642380952380952,1.08739010165865,0.515055243918935,0.687619047619048
DTLZ2,10,13,11013,"S4_(0.75,1.00]",score_hybrid,top25,population_final,retention,FINAL,21,21,0.25,0.584761904761905,0.233148222592711,0.642380952380952,0.932592890370846,0.457958663529886,0.584761904761905
DTLZ2,10,13,11013,"S4_(0.75,1.00]",score_v,top25,population_final,retention,FINAL,21,21,0.25,0.563809523809524,0.222611412247907,0.642380952380952,0.890445648991628,0.435830472233766,0.563809523809524
DTLZ2,10,14,11014,"S1_[0,0.25]",anchor_margin,top25,population_final,retention,FINAL,5,5,0.25,0.08,0.231349206349206,0.084,0.925396825396825,0.6032258011001,0.08
DTLZ2,10,14,11014,"S1_[0,0.25]",score_hybrid,top25,population_final,retention,FINAL,5,5,0.25,0.184,0.556746031746032,0.084,2.22698412698413,0.718024816464508,0.184
DTLZ2,10,14,11014,"S1_[0,0.25]",score_v,top25,population_final,retention,FINAL,5,5,0.25,0.144,0.436507936507936,0.084,1.74603174603175,0.674460085846832,0.144
DTLZ2,10,14,11014,"S2_(0.25,0.50]",anchor_margin,top25,population_final,retention,FINAL,21,21,0.25,0.125714285714286,0.259348587920017,0.127142857142857,1.03739435168007,0.557486105840838,0.125714285714286
DTLZ2,10,14,11014,"S2_(0.25,0.50]",score_hybrid,top25,population_final,retention,FINAL,21,21,0.25,0.118095238095238,0.235472067614925,0.127142857142857,0.941888270459699,0.510178116055277,0.118095238095238
DTLZ2,10,14,11014,"S2_(0.25,0.50]",score_v,top25,population_final,retention,FINAL,21,21,0.25,0.108571428571429,0.220037105751391,0.127142857142857,0.880148423005566,0.475039245332724,0.108571428571429
DTLZ2,10,14,11014,"S3_(0.50,0.75]",anchor_margin,top25,population_final,retention,FINAL,20,20,0.25,0.222,0.22637731232334,0.248,0.905509249293362,0.492077276203704,0.222
DTLZ2,10,14,11014,"S3_(0.50,0.75]",score_hybrid,top25,population_final,retention,FINAL,20,20,0.25,0.19,0.196679556108486,0.248,0.786718224433943,0.469103499657424,0.19
DTLZ2,10,14,11014,"S3_(0.50,0.75]",score_v,top25,population_final,retention,FINAL,20,20,0.25,0.182,0.184456962525598,0.248,0.737827850102392,0.432315302869067,0.182
DTLZ2,10,14,11014,"S4_(0.75,1.00]",anchor_margin,top25,population_final,retention,FINAL,21,21,0.25,0.56,0.243800316823375,0.585238095238095,0.975201267293502,0.495832757971964,0.56
DTLZ2,10,14,11014,"S4_(0.75,1.00]",score_hybrid,top25,population_final,retention,FINAL,21,21,0.25,0.626666666666667,0.263797624007756,0.585238095238095,1.05519049603102,0.514411484125371,0.626666666666667
DTLZ2,10,14,11014,"S4_(0.75,1.00]",score_v,top25,population_final,retention,FINAL,21,21,0.25,0.598095238095238,0.249874141831591,0.585238095238095,0.999496567326364,0.505916780531448,0.598095238095238
DTLZ2,10,15,11015,"S1_[0,0.25]",anchor_margin,top25,population_final,retention,FINAL,5,5,0.25,0.016,0.166666666666667,0.016,0.666666666666667,0.554938295218118,0.016
DTLZ2,10,15,11015,"S1_[0,0.25]",score_hybrid,top25,population_final,retention,FINAL,5,5,0.25,0.024,0.466666666666667,0.016,1.86666666666667,0.723532930823063,0.024
DTLZ2,10,15,11015,"S1_[0,0.25]",score_v,top25,population_final,retention,FINAL,5,5,0.25,0.048,0.833333333333333,0.016,3.33333333333333,0.841015562738685,0.048
DTLZ2,10,15,11015,"S2_(0.25,0.50]",anchor_margin,top25,population_final,retention,FINAL,21,21,0.25,0.0990476190476191,0.304882419168133,0.0880952380952381,1.21952967667253,0.595377516045553,0.0990476190476191
DTLZ2,10,15,11015,"S2_(0.25,0.50]",score_hybrid,top25,population_final,retention,FINAL,21,21,0.25,0.127619047619048,0.387512487512487,0.0880952380952381,1.55004995004995,0.664242812749063,0.127619047619048
DTLZ2,10,15,11015,"S2_(0.25,0.50]",score_v,top25,population_final,retention,FINAL,21,21,0.25,0.12952380952381,0.424212295640867,0.0880952380952381,1.69684918256347,0.696094302434982,0.12952380952381
DTLZ2,10,15,11015,"S3_(0.50,0.75]",anchor_margin,top25,population_final,retention,FINAL,20,20,0.25,0.174,0.162355509494441,0.2585,0.649422037977766,0.495722710301433,0.174
DTLZ2,10,15,11015,"S3_(0.50,0.75]",score_hybrid,top25,population_final,retention,FINAL,20,20,0.25,0.232,0.243992039063247,0.2585,0.975968156252986,0.571568256428807,0.232
DTLZ2,10,15,11015,"S3_(0.50,0.75]",score_v,top25,population_final,retention,FINAL,20,20,0.25,0.204,0.213928738154744,0.2585,0.855714952618977,0.590733847302923,0.204
DTLZ2,10,15,11015,"S4_(0.75,1.00]",anchor_margin,top25,population_final,retention,FINAL,21,21,0.25,0.531428571428571,0.252473025017882,0.521428571428571,1.00989210007153,0.535905746724734,0.531428571428571
DTLZ2,10,15,11015,"S4_(0.75,1.00]",score_hybrid,top25,population_final,retention,FINAL,21,21,0.25,0.544761904761905,0.259960009287371,0.521428571428571,1.03984003714948,0.544384262106108,0.544761904761905
DTLZ2,10,15,11015,"S4_(0.75,1.00]",score_v,top25,population_final,retention,FINAL,21,21,0.25,0.535238095238095,0.250292814181808,0.521428571428571,1.00117125672723,0.53534698923323,0.535238095238095
DTLZ2,10,16,11016,"S1_[0,0.25]",anchor_margin,top25,population_final,retention,FINAL,5,5,0.25,0.064,0.33,0.044,1.32,0.595930196031178,0.064
DTLZ2,10,16,11016,"S1_[0,0.25]",score_hybrid,top25,population_final,retention,FINAL,5,5,0.25,0.04,0.206666666666667,0.044,0.826666666666667,0.57932231791367,0.04
DTLZ2,10,16,11016,"S1_[0,0.25]",score_v,top25,population_final,retention,FINAL,5,5,0.25,0.032,0.156666666666667,0.044,0.626666666666667,0.537056991087612,0.032
DTLZ2,10,16,11016,"S2_(0.25,0.50]",anchor_margin,top25,population_final,retention,FINAL,21,21,0.25,0.104761904761905,0.256206254636153,0.109047619047619,1.02482501854461,0.488072380626189,0.104761904761905
DTLZ2,10,16,11016,"S2_(0.25,0.50]",score_hybrid,top25,population_final,retention,FINAL,21,21,0.25,0.152380952380952,0.346172930792568,0.109047619047619,1.38469172317027,0.530229468611772,0.152380952380952
DTLZ2,10,16,11016,"S2_(0.25,0.50]",score_v,top25,population_final,retention,FINAL,21,21,0.25,0.150476190476191,0.344248716130627,0.109047619047619,1.37699486452251,0.542838937188804,0.150476190476191
DTLZ2,10,16,11016,"S3_(0.50,0.75]",anchor_margin,top25,population_final,retention,FINAL,20,20,0.25,0.276,0.244989369085724,0.285,0.979957476342896,0.520348153516352,0.276
DTLZ2,10,16,11016,"S3_(0.50,0.75]",score_hybrid,top25,population_final,retention,FINAL,20,20,0.25,0.29,0.262703889619452,0.285,1.05081555847781,0.548315697841641,0.29
DTLZ2,10,16,11016,"S3_(0.50,0.75]",score_v,top25,population_final,retention,FINAL,20,20,0.25,0.258,0.225638242808454,0.285,0.902552971233816,0.50677787511531,0.258
DTLZ2,10,16,11016,"S4_(0.75,1.00]",anchor_margin,top25,population_final,retention,FINAL,21,21,0.25,0.695238095238095,0.273378959275172,0.642857142857143,1.09351583710069,0.548303848666332,0.695238095238095
DTLZ2,10,16,11016,"S4_(0.75,1.00]",score_hybrid,top25,population_final,retention,FINAL,21,21,0.25,0.72952380952381,0.287487207890666,0.642857142857143,1.14994883156266,0.572448670851505,0.72952380952381
DTLZ2,10,16,11016,"S4_(0.75,1.00]",score_v,top25,population_final,retention,FINAL,21,21,0.25,0.687619047619048,0.272914271139368,0.642857142857143,1.09165708455747,0.522029453353524,0.687619047619048
DTLZ2,10,17,11017,"S1_[0,0.25]",anchor_margin,top25,population_final,retention,FINAL,5,5,0.25,0.016,0.333333333333333,0.012,1.33333333333333,0.461734693877551,0.016
DTLZ2,10,17,11017,"S1_[0,0.25]",score_hybrid,top25,population_final,retention,FINAL,5,5,0.25,0.024,0.5,0.012,2.0,0.789115646258503,0.024
DTLZ2,10,17,11017,"S1_[0,0.25]",score_v,top25,population_final,retention,FINAL,5,5,0.25,0.024,0.5,0.012,2.0,0.850340136054422,0.024
DTLZ2,10,17,11017,"S2_(0.25,0.50]",anchor_margin,top25,population_final,retention,FINAL,21,21,0.25,0.0495238095238095,0.160190338761767,0.0671428571428571,0.640761355047069,0.461641059417136,0.0495238095238095
DTLZ2,10,17,11017,"S2_(0.25,0.50]",score_hybrid,top25,population_final,retention,FINAL,21,21,0.25,0.118095238095238,0.487846544989402,0.0671428571428571,1.95138617995761,0.672849013381278,0.118095238095238
DTLZ2,10,17,11017,"S2_(0.25,0.50]",score_v,top25,population_final,retention,FINAL,21,21,0.25,0.118095238095238,0.480738573595717,0.0671428571428571,1.92295429438287,0.717417746908847,0.118095238095238
DTLZ2,10,17,11017,"S3_(0.50,0.75]",anchor_margin,top25,population_final,retention,FINAL,20,20,0.25,0.258,0.24783032660132,0.243,0.991321306405281,0.604254906550056,0.258
DTLZ2,10,17,11017,"S3_(0.50,0.75]",score_hybrid,top25,population_final,retention,FINAL,20,20,0.25,0.378,0.393825922114707,0.243,1.57530368845883,0.630774502336904,0.378
DTLZ2,10,17,11017,"S3_(0.50,0.75]",score_v,top25,population_final,retention,FINAL,20,20,0.25,0.364,0.384288056007105,0.243,1.53715222402842,0.595037595629872,0.364
DTLZ2,10,17,11017,"S4_(0.75,1.00]",anchor_margin,top25,population_final,retention,FINAL,21,21,0.25,0.64,0.287296428392087,0.560952380952381,1.14918571356835,0.624001017955579,0.64
DTLZ2,10,17,11017,"S4_(0.75,1.00]",score_hybrid,top25,population_final,retention,FINAL,21,21,0.25,0.659047619047619,0.301729022756956,0.560952380952381,1.20691609102783,0.63793412950434,0.659047619047619
DTLZ2,10,17,11017,"S4_(0.75,1.00]",score_v,top25,population_final,retention,FINAL,21,21,0.25,0.626666666666667,0.28404285791764,0.560952380952381,1.13617143167056,0.599638218194081,0.626666666666667
DTLZ2,10,18,11018,"S1_[0,0.25]",anchor_margin,top25,population_final,retention,FINAL,5,5,0.25,0.08,0.666666666666667,0.03,2.66666666666667,0.827491408934708,0.08
DTLZ2,10,18,11018,"S1_[0,0.25]",score_hybrid,top25,population_final,retention,FINAL,5,5,0.25,0.08,0.666666666666667,0.03,2.66666666666667,0.788316151202749,0.08
DTLZ2,10,18,11018,"S1_[0,0.25]",score_v,top25,population_final,retention,FINAL,5,5,0.25,0.04,0.333333333333333,0.03,1.33333333333333,0.685910652920962,0.04
DTLZ2,10,18,11018,"S2_(0.25,0.50]",anchor_margin,top25,population_final,retention,FINAL,21,21,0.25,0.100952380952381,0.300158245934451,0.102857142857143,1.2006329837378,0.560663570006569,0.100952380952381
DTLZ2,10,18,11018,"S2_(0.25,0.50]",score_hybrid,top25,population_final,retention,FINAL,21,21,0.25,0.156190476190476,0.351305027184063,0.102857142857143,1.40522010873625,0.579692827452853,0.156190476190476
DTLZ2,10,18,11018,"S2_(0.25,0.50]",score_v,top25,population_final,retention,FINAL,21,21,0.25,0.148571428571429,0.295557600008064,0.102857142857143,1.18223040003226,0.56159061237994,0.148571428571429
DTLZ2,10,18,11018,"S3_(0.50,0.75]",anchor_margin,top25,population_final,retention,FINAL,20,20,0.25,0.368,0.265908397430646,0.351,1.06363358972258,0.564945490364114,0.368
DTLZ2,10,18,11018,"S3_(0.50,0.75]",score_hybrid,top25,population_final,retention,FINAL,20,20,0.25,0.496,0.371113335950583,0.351,1.48445334380233,0.587307290083493,0.496
DTLZ2,10,18,11018,"S3_(0.50,0.75]",score_v,top25,population_final,retention,FINAL,20,20,0.25,0.364,0.26389674640269,0.351,1.05558698561076,0.549065688335473,0.364
DTLZ2,10,18,11018,"S4_(0.75,1.00]",anchor_margin,top25,population_final,retention,FINAL,21,21,0.25,0.657142857142857,0.223969918309108,0.731428571428572,0.895879673236432,0.426991688539216,0.657142857142857
DTLZ2,10,18,11018,"S4_(0.75,1.00]",score_hybrid,top25,population_final,retention,FINAL,21,21,0.25,0.68952380952381,0.237733498504841,0.731428571428572,0.950933994019363,0.440318718017999,0.68952380952381
DTLZ2,10,18,11018,"S4_(0.75,1.00]",score_v,top25,population_final,retention,FINAL,21,21,0.25,0.693333333333334,0.237524449934267,0.731428571428572,0.950097799737068,0.475341309266405,0.693333333333334
DTLZ2,10,19,11019,"S1_[0,0.25]",anchor_margin,top25,population_final,retention,FINAL,5,5,0.25,0.024,0.6,0.01,2.4,0.797979797979798,0.024
DTLZ2,10,19,11019,"S1_[0,0.25]",score_hybrid,top25,population_final,retention,FINAL,5,5,0.25,0.04,1.0,0.01,4.0,0.951515151515152,0.04
DTLZ2,10,19,11019,"S1_[0,0.25]",score_v,top25,population_final,retention,FINAL,5,5,0.25,0.04,1.0,0.01,4.0,0.951515151515152,0.04
DTLZ2,10,19,11019,"S2_(0.25,0.50]",anchor_margin,top25,population_final,retention,FINAL,21,21,0.25,0.104761904761905,0.303287654979384,0.0971428571428571,1.21315061991754,0.611701704084771,0.104761904761905
DTLZ2,10,19,11019,"S2_(0.25,0.50]",score_hybrid,top25,population_final,retention,FINAL,21,21,0.25,0.148571428571429,0.440575047341965,0.0971428571428571,1.76230018936786,0.68368736569699,0.148571428571429
DTLZ2,10,19,11019,"S2_(0.25,0.50]",score_v,top25,population_final,retention,FINAL,21,21,0.25,0.188571428571429,0.616528625927122,0.0971428571428571,2.46611450370849,0.760510253283059,0.188571428571429
DTLZ2,10,19,11019,"S3_(0.50,0.75]",anchor_margin,top25,population_final,retention,FINAL,20,20,0.25,0.366,0.250129299947048,0.363,1.00051719978819,0.537462471467179,0.366
DTLZ2,10,19,11019,"S3_(0.50,0.75]",score_hybrid,top25,population_final,retention,FINAL,20,20,0.25,0.406,0.284326169448629,0.363,1.13730467779452,0.555339949803835,0.406
DTLZ2,10,19,11019,"S3_(0.50,0.75]",score_v,top25,population_final,retention,FINAL,20,20,0.25,0.41,0.284350662967305,0.363,1.13740265186922,0.581296201309785,0.41
DTLZ2,10,19,11019,"S4_(0.75,1.00]",anchor_margin,top25,population_final,retention,FINAL,21,21,0.25,0.676190476190476,0.244052553941469,0.693333333333333,0.976210215765875,0.572302861926857,0.676190476190476
DTLZ2,10,19,11019,"S4_(0.75,1.00]",score_hybrid,top25,population_final,retention,FINAL,21,21,0.25,0.744761904761905,0.271144645429587,0.693333333333333,1.08457858171835,0.571279565766111,0.744761904761905
DTLZ2,10,19,11019,"S4_(0.75,1.00]",score_v,top25,population_final,retention,FINAL,21,21,0.25,0.706666666666667,0.256643634150959,0.693333333333333,1.02657453660384,0.520932475231619,0.706666666666667
DTLZ2,10,20,11020,"S1_[0,0.25]",anchor_margin,top25,population_final,retention,FINAL,5,5,0.25,0.072,0.225,0.074,0.9,0.579176893408135,0.072
DTLZ2,10,20,11020,"S1_[0,0.25]",score_hybrid,top25,population_final,retention,FINAL,5,5,0.25,0.096,0.321428571428571,0.074,1.28571428571429,0.629758147999733,0.096
DTLZ2,10,20,11020,"S1_[0,0.25]",score_v,top25,population_final,retention,FINAL,5,5,0.25,0.096,0.321428571428571,0.074,1.28571428571429,0.630267815401055,0.096
DTLZ2,10,20,11020,"S2_(0.25,0.50]",anchor_margin,top25,population_final,retention,FINAL,21,21,0.25,0.167619047619048,0.337350025480278,0.134761904761905,1.34940010192111,0.60937704119147,0.167619047619048
DTLZ2,10,20,11020,"S2_(0.25,0.50]",score_hybrid,top25,population_final,retention,FINAL,21,21,0.25,0.175238095238095,0.338578038052828,0.134761904761905,1.35431215221131,0.614308069117505,0.175238095238095
DTLZ2,10,20,11020,"S2_(0.25,0.50]",score_v,top25,population_final,retention,FINAL,21,21,0.25,0.171428571428571,0.332245376783192,0.134761904761905,1.32898150713277,0.601573175865686,0.171428571428571
DTLZ2,10,20,11020,"S3_(0.50,0.75]",anchor_margin,top25,population_final,retention,FINAL,20,20,0.25,0.216,0.182073050854888,0.313,0.728292203419553,0.413151095399399,0.216
DTLZ2,10,20,11020,"S3_(0.50,0.75]",score_hybrid,top25,population_final,retention,FINAL,20,20,0.25,0.232,0.184702025175846,0.313,0.738808100703385,0.464394219547716,0.232
DTLZ2,10,20,11020,"S3_(0.50,0.75]",score_v,top25,population_final,retention,FINAL,20,20,0.25,0.25,0.200536171774839,0.313,0.802144687099357,0.499924258427838,0.25
DTLZ2,10,20,11020,"S4_(0.75,1.00]",anchor_margin,top25,population_final,retention,FINAL,21,21,0.25,0.641904761904762,0.232567883598117,0.681904761904762,0.930271534392468,0.497751192931393,0.641904761904762
DTLZ2,10,20,11020,"S4_(0.75,1.00]",score_hybrid,top25,population_final,retention,FINAL,21,21,0.25,0.681904761904762,0.244606729456137,0.681904761904762,0.978426917824546,0.510553805185143,0.681904761904762
DTLZ2,10,20,11020,"S4_(0.75,1.00]",score_v,top25,population_final,retention,FINAL,21,21,0.25,0.678095238095238,0.243923441787152,0.681904761904762,0.975693767148608,0.497666758820498,0.678095238095238
DTLZ2,10,21,11021,"S1_[0,0.25]",anchor_margin,top25,population_final,retention,FINAL,5,5,0.25,0.176,0.742857142857143,0.058,2.97142857142857,0.816100574015684,0.176
DTLZ2,10,21,11021,"S1_[0,0.25]",score_hybrid,top25,population_final,retention,FINAL,5,5,0.25,0.112,0.468571428571429,0.058,1.87428571428571,0.670417980434958,0.112
DTLZ2,10,21,11021,"S1_[0,0.25]",score_v,top25,population_final,retention,FINAL,5,5,0.25,0.056,0.222857142857143,0.058,0.891428571428571,0.450309645080443,0.056
DTLZ2,10,21,11021,"S2_(0.25,0.50]",anchor_margin,top25,population_final,retention,FINAL,21,21,0.25,0.121904761904762,0.62233560090703,0.0519047619047619,2.48934240362812,0.754827144906989,0.121904761904762
DTLZ2,10,21,11021,"S2_(0.25,0.50]",score_hybrid,top25,population_final,retention,FINAL,21,21,0.25,0.0533333333333333,0.219557823129252,0.0519047619047619,0.878231292517007,0.572060724963014,0.0533333333333333
DTLZ2,10,21,11021,"S2_(0.25,0.50]",score_v,top25,population_final,retention,FINAL,21,21,0.25,0.0438095238095238,0.175340136054422,0.0519047619047619,0.701360544217687,0.398599513561011,0.0438095238095238
DTLZ2,10,21,11021,"S3_(0.50,0.75]",anchor_margin,top25,population_final,retention,FINAL,20,20,0.25,0.178,0.300751070993464,0.168,1.20300428397386,0.514732488614755,0.178
DTLZ2,10,21,11021,"S3_(0.50,0.75]",score_hybrid,top25,population_final,retention,FINAL,20,20,0.25,0.29,0.432417100647831,0.168,1.72966840259132,0.580083104966842,0.29
DTLZ2,10,21,11021,"S3_(0.50,0.75]",score_v,top25,population_final,retention,FINAL,20,20,0.25,0.344,0.492090761981989,0.168,1.96836304792796,0.61167140411165,0.344
DTLZ2,10,21,11021,"S4_(0.75,1.00]",anchor_margin,top25,population_final,retention,FINAL,21,21,0.25,0.687619047619048,0.263674819916303,0.658571428571429,1.05469927966521,0.645006072870001,0.687619047619048
DTLZ2,10,21,11021,"S4_(0.75,1.00]",score_hybrid,top25,population_final,retention,FINAL,21,21,0.25,0.794285714285714,0.314256337901275,0.658571428571429,1.2570253516051,0.646147833952413,0.794285714285714
DTLZ2,10,21,11021,"S4_(0.75,1.00]",score_v,top25,population_final,retention,FINAL,21,21,0.25,0.794285714285714,0.31360237586195,0.658571428571429,1.2544095034478,0.653234515318812,0.794285714285714
DTLZ2,10,22,11022,"S1_[0,0.25]",anchor_margin,top25,population_final,retention,FINAL,5,5,0.25,0.016,0.15,0.026,0.6,0.706558686618978,0.016
DTLZ2,10,22,11022,"S1_[0,0.25]",score_hybrid,top25,population_final,retention,FINAL,5,5,0.25,0.08,0.75,0.026,3.0,0.871472841714005,0.08
DTLZ2,10,22,11022,"S1_[0,0.25]",score_v,top25,population_final,retention,FINAL,5,5,0.25,0.056,0.533333333333333,0.026,2.13333333333333,0.854856581807981,0.056
DTLZ2,10,22,11022,"S2_(0.25,0.50]",anchor_margin,top25,population_final,retention,FINAL,21,21,0.25,0.137142857142857,0.345835910121625,0.0957142857142858,1.3833436404865,0.598937228417488,0.137142857142857
DTLZ2,10,22,11022,"S2_(0.25,0.50]",score_hybrid,top25,population_final,retention,FINAL,21,21,0.25,0.186666666666667,0.504700061842919,0.0957142857142858,2.01880024737168,0.687254414623756,0.186666666666667
DTLZ2,10,22,11022,"S2_(0.25,0.50]",score_v,top25,population_final,retention,FINAL,21,21,0.25,0.180952380952381,0.484894867037724,0.0957142857142858,1.9395794681509,0.697388799952933,0.180952380952381
DTLZ2,10,22,11022,"S3_(0.50,0.75]",anchor_margin,top25,population_final,retention,FINAL,20,20,0.25,0.25,0.247926847598529,0.263,0.991707390394115,0.490637263830174,0.25
DTLZ2,10,22,11022,"S3_(0.50,0.75]",score_hybrid,top25,population_final,retention,FINAL,20,20,0.25,0.34,0.348486950213365,0.263,1.39394780085346,0.557786351043468,0.34
DTLZ2,10,22,11022,"S3_(0.50,0.75]",score_v,top25,population_final,retention,FINAL,20,20,0.25,0.342,0.361863401192704,0.263,1.44745360477082,0.59403510406334,0.342
DTLZ2,10,22,11022,"S4_(0.75,1.00]",anchor_margin,top25,population_final,retention,FINAL,21,21,0.25,0.695238095238095,0.261227620585708,0.681904761904762,1.04491048234283,0.50790196282543,0.695238095238095
DTLZ2,10,22,11022,"S4_(0.75,1.00]",score_hybrid,top25,population_final,retention,FINAL,21,21,0.25,0.620952380952381,0.225921695969322,0.681904761904762,0.903686783877286,0.475127413643947,0.620952380952381
DTLZ2,10,22,11022,"S4_(0.75,1.00]",score_v,top25,population_final,retention,FINAL,21,21,0.25,0.605714285714286,0.217071177119864,0.681904761904762,0.868284708479456,0.420796133263764,0.605714285714286
DTLZ2,10,23,11023,"S1_[0,0.25]",anchor_margin,top25,population_final,retention,FINAL,5,5,0.25,0.064,0.266666666666667,0.06,1.06666666666667,0.531028368794326,0.064
DTLZ2,10,23,11023,"S1_[0,0.25]",score_hybrid,top25,population_final,retention,FINAL,5,5,0.25,0.104,0.433333333333333,0.06,1.73333333333333,0.611702127659574,0.104
DTLZ2,10,23,11023,"S1_[0,0.25]",score_v,top25,population_final,retention,FINAL,5,5,0.25,0.08,0.333333333333333,0.06,1.33333333333333,0.569148936170213,0.08
DTLZ2,10,23,11023,"S2_(0.25,0.50]",anchor_margin,top25,population_final,retention,FINAL,21,21,0.25,0.146666666666667,0.257521069033674,0.164761904761905,1.0300842761347,0.565321878227097,0.146666666666667
DTLZ2,10,23,11023,"S2_(0.25,0.50]",score_hybrid,top25,population_final,retention,FINAL,21,21,0.25,0.222857142857143,0.361066450667291,0.164761904761905,1.44426580266916,0.574888733820043,0.222857142857143
DTLZ2,10,23,11023,"S2_(0.25,0.50]",score_v,top25,population_final,retention,FINAL,21,21,0.25,0.167619047619048,0.266733714464807,0.164761904761905,1.06693485785923,0.554014340307456,0.167619047619048
DTLZ2,10,23,11023,"S3_(0.50,0.75]",anchor_margin,top25,population_final,retention,FINAL,20,20,0.25,0.338,0.275758378413551,0.3035,1.1030335136542,0.549854705732182,0.338
DTLZ2,10,23,11023,"S3_(0.50,0.75]",score_hybrid,top25,population_final,retention,FINAL,20,20,0.25,0.298,0.24710980776498,0.3035,0.988439231059921,0.549719140372678,0.298
DTLZ2,10,23,11023,"S3_(0.50,0.75]",score_v,top25,population_final,retention,FINAL,20,20,0.25,0.254,0.209649044390424,0.3035,0.838596177561695,0.52055542163752,0.254
DTLZ2,10,23,11023,"S4_(0.75,1.00]",anchor_margin,top25,population_final,retention,FINAL,21,21,0.25,0.533333333333333,0.256162689139578,0.530952380952381,1.02465075655831,0.544264112943426,0.533333333333333
DTLZ2,10,23,11023,"S4_(0.75,1.00]",score_hybrid,top25,population_final,retention,FINAL,21,21,0.25,0.556190476190476,0.263630482042701,0.530952380952381,1.0545219281708,0.5341572532963,0.556190476190476
DTLZ2,10,23,11023,"S4_(0.75,1.00]",score_v,top25,population_final,retention,FINAL,21,21,0.25,0.561904761904762,0.266438294563955,0.530952380952381,1.06575317825582,0.519885692306674,0.561904761904762
DTLZ2,10,24,11024,"S1_[0,0.25]",anchor_margin,top25,population_final,retention,FINAL,5,5,0.25,0.144,0.416666666666667,0.086,1.66666666666667,0.636022522163826,0.144
DTLZ2,10,24,11024,"S1_[0,0.25]",score_hybrid,top25,population_final,retention,FINAL,5,5,0.25,0.216,0.633333333333333,0.086,2.53333333333333,0.74375199076286,0.216
DTLZ2,10,24,11024,"S1_[0,0.25]",score_v,top25,population_final,retention,FINAL,5,5,0.25,0.192,0.561111111111111,0.086,2.24444444444444,0.747022150554759,0.192
DTLZ2,10,24,11024,"S2_(0.25,0.50]",anchor_margin,top25,population_final,retention,FINAL,21,21,0.25,0.213333333333333,0.289712688561793,0.181428571428571,1.15885075424717,0.625152373150853,0.213333333333333
DTLZ2,10,24,11024,"S2_(0.25,0.50]",score_hybrid,top25,population_final,retention,FINAL,21,21,0.25,0.140952380952381,0.207991776826267,0.181428571428571,0.831967107305068,0.604692258897642,0.140952380952381
DTLZ2,10,24,11024,"S2_(0.25,0.50]",score_v,top25,population_final,retention,FINAL,21,21,0.25,0.12,0.17336212076804,0.181428571428571,0.693448483072158,0.502435485376698,0.12
DTLZ2,10,24,11024,"S3_(0.50,0.75]",anchor_margin,top25,population_final,retention,FINAL,20,20,0.25,0.344,0.263463787723099,0.34,1.05385515089239,0.573180170955782,0.344
DTLZ2,10,24,11024,"S3_(0.50,0.75]",score_hybrid,top25,population_final,retention,FINAL,20,20,0.25,0.348,0.244614055917044,0.34,0.978456223668175,0.548945671463325,0.348
DTLZ2,10,24,11024,"S3_(0.50,0.75]",score_v,top25,population_final,retention,FINAL,20,20,0.25,0.36,0.247901535916172,0.34,0.991606143664687,0.469289337609066,0.36
DTLZ2,10,24,11024,"S4_(0.75,1.00]",anchor_margin,top25,population_final,retention,FINAL,21,21,0.25,0.624761904761905,0.241821173944601,0.648571428571429,0.967284695778405,0.503959980194468,0.624761904761905
DTLZ2,10,24,11024,"S4_(0.75,1.00]",score_hybrid,top25,population_final,retention,FINAL,21,21,0.25,0.672380952380952,0.264416727635613,0.648571428571429,1.05766691054245,0.520302094564976,0.672380952380952
DTLZ2,10,24,11024,"S4_(0.75,1.00]",score_v,top25,population_final,retention,FINAL,21,21,0.25,0.683809523809524,0.270402089653381,0.648571428571429,1.08160835861353,0.449745338650657,0.683809523809524
DTLZ2,10,25,11025,"S1_[0,0.25]",anchor_margin,top25,population_final,retention,FINAL,5,5,0.25,0.176,0.685714285714286,0.064,2.74285714285714,0.794379350916756,0.176
DTLZ2,10,25,11025,"S1_[0,0.25]",score_hybrid,top25,population_final,retention,FINAL,5,5,0.25,0.144,0.561904761904762,0.064,2.24761904761905,0.729517599764683,0.144
DTLZ2,10,25,11025,"S1_[0,0.25]",score_v,top25,population_final,retention,FINAL,5,5,0.25,0.08,0.319047619047619,0.064,1.27619047619048,0.6307415759715,0.08
DTLZ2,10,25,11025,"S2_(0.25,0.50]",anchor_margin,top25,population_final,retention,FINAL,21,21,0.25,0.205714285714286,0.565501958359101,0.0919047619047619,2.2620078334364,0.743154824050981,0.205714285714286
DTLZ2,10,25,11025,"S2_(0.25,0.50]",score_hybrid,top25,population_final,retention,FINAL,21,21,0.25,0.104761904761905,0.277193705765134,0.0919047619047619,1.10877482306054,0.642975541802422,0.104761904761905
DTLZ2,10,25,11025,"S2_(0.25,0.50]",score_v,top25,population_final,retention,FINAL,21,21,0.25,0.108571428571429,0.280467944753659,0.0919047619047619,1.12187177901464,0.494760931279952,0.108571428571429
DTLZ2,10,25,11025,"S3_(0.50,0.75]",anchor_margin,top25,population_final,retention,FINAL,20,20,0.25,0.256,0.323583563465445,0.191,1.29433425386178,0.522674376319308,0.256
DTLZ2,10,25,11025,"S3_(0.50,0.75]",score_hybrid,top25,population_final,retention,FINAL,20,20,0.25,0.298,0.388892800491687,0.191,1.55557120196675,0.555476096836435,0.298
DTLZ2,10,25,11025,"S3_(0.50,0.75]",score_v,top25,population_final,retention,FINAL,20,20,0.25,0.312,0.407311538261447,0.191,1.62924615304579,0.550350765374351,0.312
DTLZ2,10,25,11025,"S4_(0.75,1.00]",anchor_margin,top25,population_final,retention,FINAL,21,21,0.25,0.563809523809524,0.240311213484453,0.6,0.961244853937811,0.543993244293409,0.563809523809524
DTLZ2,10,25,11025,"S4_(0.75,1.00]",score_hybrid,top25,population_final,retention,FINAL,21,21,0.25,0.67047619047619,0.2898644178431,0.6,1.1594576713724,0.563973214351669,0.67047619047619
DTLZ2,10,25,11025,"S4_(0.75,1.00]",score_v,top25,population_final,retention,FINAL,21,21,0.25,0.723809523809524,0.311226314479397,0.6,1.24490525791759,0.54891207645411,0.723809523809524
DTLZ2,20,1,12001,"S1_[0,0.25]",anchor_margin,top25,population_final,retention,FINAL,5,5,0.25,0.0,0.0,0.09,0.0,0.398168498168498,0.0
DTLZ2,20,1,12001,"S1_[0,0.25]",score_hybrid,top25,population_final,retention,FINAL,5,5,0.25,0.144,0.4,0.09,1.6,0.615384615384615,0.144
DTLZ2,20,1,12001,"S1_[0,0.25]",score_v,top25,population_final,retention,FINAL,5,5,0.25,0.136,0.377777777777778,0.09,1.51111111111111,0.592185592185592,0.136
DTLZ2,20,1,12001,"S2_(0.25,0.50]",anchor_margin,top25,population_final,retention,FINAL,21,21,0.25,0.123809523809524,0.154092885732024,0.171428571428571,0.616371542928097,0.496139939986225,0.123809523809524
DTLZ2,20,1,12001,"S2_(0.25,0.50]",score_hybrid,top25,population_final,retention,FINAL,21,21,0.25,0.219047619047619,0.318283020627269,0.171428571428571,1.27313208250907,0.575122912612859,0.219047619047619
DTLZ2,20,1,12001,"S2_(0.25,0.50]",score_v,top25,population_final,retention,FINAL,21,21,0.25,0.186666666666667,0.291521423964919,0.171428571428571,1.16608569585967,0.536079234885619,0.186666666666667
DTLZ2,20,1,12001,"S3_(0.50,0.75]",anchor_margin,top25,population_final,retention,FINAL,20,20,0.25,0.388,0.239298146282342,0.4025,0.957192585129367,0.572703258012769,0.388
DTLZ2,20,1,12001,"S3_(0.50,0.75]",score_hybrid,top25,population_final,retention,FINAL,20,20,0.25,0.416,0.26112334359496,0.4025,1.04449337437984,0.545134861047335,0.416
DTLZ2,20,1,12001,"S3_(0.50,0.75]",score_v,top25,population_final,retention,FINAL,20,20,0.25,0.354,0.219679819781959,0.4025,0.878719279127837,0.442532822153463,0.354
DTLZ2,20,1,12001,"S4_(0.75,1.00]",anchor_margin,top25,population_final,retention,FINAL,21,21,0.25,0.603809523809524,0.244840526153144,0.610952380952381,0.979362104612577,0.579824200385039,0.603809523809524
DTLZ2,20,1,12001,"S4_(0.75,1.00]",score_hybrid,top25,population_final,retention,FINAL,21,21,0.25,0.630476190476191,0.257682382164512,0.610952380952381,1.03072952865805,0.587777929383353,0.630476190476191
DTLZ2,20,1,12001,"S4_(0.75,1.00]",score_v,top25,population_final,retention,FINAL,21,21,0.25,0.662857142857143,0.269852405956672,0.610952380952381,1.07940962382669,0.537764342863863,0.662857142857143
DTLZ2,20,2,12002,"S1_[0,0.25]",anchor_margin,top25,population_final,retention,FINAL,5,5,0.25,0.0,0.0,0.008,0.0,0.755050505050505,0.0
DTLZ2,20,2,12002,"S1_[0,0.25]",score_hybrid,top25,population_final,retention,FINAL,5,5,0.25,0.032,1.0,0.008,4.0,0.878787878787879,0.032
DTLZ2,20,2,12002,"S1_[0,0.25]",score_v,top25,population_final,retention,FINAL,5,5,0.25,0.032,1.0,0.008,4.0,0.873737373737374,0.032
DTLZ2,20,2,12002,"S2_(0.25,0.50]",anchor_margin,top25,population_final,retention,FINAL,21,21,0.25,0.0304761904761905,0.13003663003663,0.0538095238095238,0.52014652014652,0.600601275370164,0.0304761904761905
DTLZ2,20,2,12002,"S2_(0.25,0.50]",score_hybrid,top25,population_final,retention,FINAL,21,21,0.25,0.0876190476190476,0.392159427873714,0.0538095238095238,1.56863771149485,0.736961285268627,0.0876190476190476
DTLZ2,20,2,12002,"S2_(0.25,0.50]",score_v,top25,population_final,retention,FINAL,21,21,0.25,0.106666666666667,0.404587476016047,0.0538095238095238,1.61834990406419,0.713401925129904,0.106666666666667
DTLZ2,20,2,12002,"S3_(0.50,0.75]",anchor_margin,top25,population_final,retention,FINAL,20,20,0.25,0.166,0.149635084064755,0.262,0.59854033625902,0.506094627435815,0.166
DTLZ2,20,2,12002,"S3_(0.50,0.75]",score_hybrid,top25,population_final,retention,FINAL,20,20,0.25,0.392,0.38200015227811,0.262,1.52800060911244,0.611264733092766,0.392
DTLZ2,20,2,12002,"S3_(0.50,0.75]",score_v,top25,population_final,retention,FINAL,20,20,0.25,0.394,0.390241964206985,0.262,1.56096785682794,0.656618622547436,0.394
DTLZ2,20,2,12002,"S4_(0.75,1.00]",anchor_margin,top25,population_final,retention,FINAL,21,21,0.25,0.567619047619048,0.210916328788891,0.644761904761905,0.843665315155566,0.488325542503229,0.567619047619048
DTLZ2,20,2,12002,"S4_(0.75,1.00]",score_hybrid,top25,population_final,retention,FINAL,21,21,0.25,0.664761904761905,0.258190347678298,0.644761904761905,1.03276139071319,0.579875063715802,0.664761904761905
DTLZ2,20,2,12002,"S4_(0.75,1.00]",score_v,top25,population_final,retention,FINAL,21,21,0.25,0.702857142857143,0.276789166337964,0.644761904761905,1.10715666535186,0.650211186283137,0.702857142857143
DTLZ2,20,3,12003,"S1_[0,0.25]",anchor_margin,top25,population_final,retention,FINAL,5,5,0.25,0.12,0.471428571428571,0.064,1.88571428571429,0.722673791548191,0.12
DTLZ2,20,3,12003,"S1_[0,0.25]",score_hybrid,top25,population_final,retention,FINAL,5,5,0.25,0.112,0.447619047619048,0.064,1.79047619047619,0.718931594600778,0.112
DTLZ2,20,3,12003,"S1_[0,0.25]",score_v,top25,population_final,retention,FINAL,5,5,0.25,0.112,0.447619047619048,0.064,1.79047619047619,0.701893976533647,0.112
DTLZ2,20,3,12003,"S2_(0.25,0.50]",anchor_margin,top25,population_final,retention,FINAL,21,21,0.25,0.154285714285714,0.241305026460114,0.17,0.965220105840455,0.547320978925482,0.154285714285714
DTLZ2,20,3,12003,"S2_(0.25,0.50]",score_hybrid,top25,population_final,retention,FINAL,21,21,0.25,0.213333333333333,0.339523731180751,0.17,1.358094924723,0.613227074830455,0.213333333333333
DTLZ2,20,3,12003,"S2_(0.25,0.50]",score_v,top25,population_final,retention,FINAL,21,21,0.25,0.236190476190476,0.354695009964321,0.17,1.41878003985728,0.625127762595943,0.236190476190476
DTLZ2,20,3,12003,"S3_(0.50,0.75]",anchor_margin,top25,population_final,retention,FINAL,20,20,0.25,0.368,0.226878235429837,0.406,0.907512941719348,0.53744245128392,0.368
DTLZ2,20,3,12003,"S3_(0.50,0.75]",score_hybrid,top25,population_final,retention,FINAL,20,20,0.25,0.5,0.30303339699311,0.406,1.21213358797244,0.586738363340456,0.5
DTLZ2,20,3,12003,"S3_(0.50,0.75]",score_v,top25,population_final,retention,FINAL,20,20,0.25,0.468,0.283465823998906,0.406,1.13386329599562,0.569960523599973,0.468
DTLZ2,20,3,12003,"S4_(0.75,1.00]",anchor_margin,top25,population_final,retention,FINAL,21,21,0.25,0.678095238095238,0.236397099287709,0.707619047619047,0.945588397150836,0.560545275326071,0.678095238095238
DTLZ2,20,3,12003,"S4_(0.75,1.00]",score_hybrid,top25,population_final,retention,FINAL,21,21,0.25,0.748571428571429,0.267133428246324,0.707619047619047,1.0685337129853,0.594675669424594,0.748571428571429
DTLZ2,20,3,12003,"S4_(0.75,1.00]",score_v,top25,population_final,retention,FINAL,21,21,0.25,0.771428571428572,0.276001238541001,0.707619047619047,1.10400495416401,0.569692702608935,0.771428571428572
DTLZ2,20,4,12004,"S1_[0,0.25]",anchor_margin,top25,population_final,retention,FINAL,5,5,0.25,0.032,0.266666666666667,0.026,1.06666666666667,0.625825262938665,0.032
DTLZ2,20,4,12004,"S1_[0,0.25]",score_hybrid,top25,population_final,retention,FINAL,5,5,0.25,0.096,0.933333333333333,0.026,3.73333333333333,0.909444965115068,0.096
DTLZ2,20,4,12004,"S1_[0,0.25]",score_v,top25,population_final,retention,FINAL,5,5,0.25,0.104,1.0,0.026,4.0,0.934874518379673,0.104
DTLZ2,20,4,12004,"S2_(0.25,0.50]",anchor_margin,top25,population_final,retention,FINAL,21,21,0.25,0.0666666666666667,0.225135710849997,0.101904761904762,0.900542843399986,0.569080379354385,0.0666666666666667
DTLZ2,20,4,12004,"S2_(0.25,0.50]",score_hybrid,top25,population_final,retention,FINAL,21,21,0.25,0.12,0.378338658695802,0.101904761904762,1.51335463478321,0.652061572697161,0.12
DTLZ2,20,4,12004,"S2_(0.25,0.50]",score_v,top25,population_final,retention,FINAL,21,21,0.25,0.182857142857143,0.480943791658077,0.101904761904762,1.92377516663231,0.694151037292831,0.182857142857143
DTLZ2,20,4,12004,"S3_(0.50,0.75]",anchor_margin,top25,population_final,retention,FINAL,20,20,0.25,0.126,0.12609880797569,0.256,0.504395231902758,0.453441440803776,0.126
DTLZ2,20,4,12004,"S3_(0.50,0.75]",score_hybrid,top25,population_final,retention,FINAL,20,20,0.25,0.118,0.11663536276897,0.256,0.46654145107588,0.438534544591595,0.118
DTLZ2,20,4,12004,"S3_(0.50,0.75]",score_v,top25,population_final,retention,FINAL,20,20,0.25,0.24,0.233956318572791,0.256,0.935825274291165,0.554222007701657,0.24
DTLZ2,20,4,12004,"S4_(0.75,1.00]",anchor_margin,top25,population_final,retention,FINAL,21,21,0.25,0.531428571428571,0.192502555770947,0.645238095238095,0.770010223083787,0.444692305072823,0.531428571428571
DTLZ2,20,4,12004,"S4_(0.75,1.00]",score_hybrid,top25,population_final,retention,FINAL,21,21,0.25,0.586666666666667,0.213503929307302,0.645238095238095,0.85401571722921,0.449306250018874,0.586666666666667
DTLZ2,20,4,12004,"S4_(0.75,1.00]",score_v,top25,population_final,retention,FINAL,21,21,0.25,0.632380952380952,0.239502954551182,0.645238095238095,0.958011818204726,0.443439907720579,0.632380952380952
DTLZ2,20,5,12005,"S1_[0,0.25]",anchor_margin,top25,population_final,retention,FINAL,5,5,0.25,0.064,0.396666666666667,0.04,1.58666666666667,0.792141989962018,0.064
DTLZ2,20,5,12005,"S1_[0,0.25]",score_hybrid,top25,population_final,retention,FINAL,5,5,0.25,0.08,0.486666666666667,0.04,1.94666666666667,0.759658154729608,0.08
DTLZ2,20,5,12005,"S1_[0,0.25]",score_v,top25,population_final,retention,FINAL,5,5,0.25,0.08,0.486666666666667,0.04,1.94666666666667,0.603036692892024,0.08
DTLZ2,20,5,12005,"S2_(0.25,0.50]",anchor_margin,top25,population_final,retention,FINAL,21,21,0.25,0.180952380952381,0.276959995796071,0.161428571428571,1.10783998318429,0.622036896215249,0.180952380952381
DTLZ2,20,5,12005,"S2_(0.25,0.50]",score_hybrid,top25,population_final,retention,FINAL,21,21,0.25,0.297142857142857,0.500919184686503,0.161428571428571,2.00367673874601,0.693942531734977,0.297142857142857
DTLZ2,20,5,12005,"S2_(0.25,0.50]",score_v,top25,population_final,retention,FINAL,21,21,0.25,0.264761904761905,0.475982581733215,0.161428571428571,1.90393032693286,0.646776143485181,0.264761904761905
DTLZ2,20,5,12005,"S3_(0.50,0.75]",anchor_margin,top25,population_final,retention,FINAL,20,20,0.25,0.282,0.2154110477066,0.3275,0.8616441908264,0.53232896841747,0.282
DTLZ2,20,5,12005,"S3_(0.50,0.75]",score_hybrid,top25,population_final,retention,FINAL,20,20,0.25,0.318,0.246592810653069,0.3275,0.986371242612276,0.551932207981638,0.318
DTLZ2,20,5,12005,"S3_(0.50,0.75]",score_v,top25,population_final,retention,FINAL,20,20,0.25,0.278,0.216564470811243,0.3275,0.866257883244971,0.526381817281231,0.278
DTLZ2,20,5,12005,"S4_(0.75,1.00]",anchor_margin,top25,population_final,retention,FINAL,21,21,0.25,0.447619047619048,0.188748553339586,0.581428571428572,0.754994213358346,0.467923438208852,0.447619047619048
DTLZ2,20,5,12005,"S4_(0.75,1.00]",score_hybrid,top25,population_final,retention,FINAL,21,21,0.25,0.436190476190476,0.182502441908742,0.581428571428572,0.730009767634968,0.440407872071861,0.436190476190476
DTLZ2,20,5,12005,"S4_(0.75,1.00]",score_v,top25,population_final,retention,FINAL,21,21,0.25,0.518095238095238,0.217480580294428,0.581428571428572,0.869922321177713,0.463084492454154,0.518095238095238
DTLZ2,20,6,12006,"S1_[0,0.25]",anchor_margin,top25,population_final,retention,FINAL,5,5,0.25,0.016,0.2,0.02,0.8,0.669387755102041,0.016
DTLZ2,20,6,12006,"S1_[0,0.25]",score_hybrid,top25,population_final,retention,FINAL,5,5,0.25,0.04,0.5,0.02,2.0,0.779591836734694,0.04
DTLZ2,20,6,12006,"S1_[0,0.25]",score_v,top25,population_final,retention,FINAL,5,5,0.25,0.04,0.5,0.02,2.0,0.678571428571429,0.04
DTLZ2,20,6,12006,"S2_(0.25,0.50]",anchor_margin,top25,population_final,retention,FINAL,21,21,0.25,0.0666666666666667,0.215168693740122,0.0876190476190476,0.860674774960489,0.550657587925067,0.0666666666666667
DTLZ2,20,6,12006,"S2_(0.25,0.50]",score_hybrid,top25,population_final,retention,FINAL,21,21,0.25,0.12,0.398891122105408,0.0876190476190476,1.59556448842163,0.594706048911508,0.12
DTLZ2,20,6,12006,"S2_(0.25,0.50]",score_v,top25,population_final,retention,FINAL,21,21,0.25,0.110476190476191,0.370527554456126,0.0876190476190476,1.4821102178245,0.561206716178173,0.110476190476191
DTLZ2,20,6,12006,"S3_(0.50,0.75]",anchor_margin,top25,population_final,retention,FINAL,20,20,0.25,0.172,0.181428675869973,0.248,0.725714703479893,0.498705391071027,0.172
DTLZ2,20,6,12006,"S3_(0.50,0.75]",score_hybrid,top25,population_final,retention,FINAL,20,20,0.25,0.302,0.288164026885465,0.248,1.15265610754186,0.548772159826914,0.302
DTLZ2,20,6,12006,"S3_(0.50,0.75]",score_v,top25,population_final,retention,FINAL,20,20,0.25,0.282,0.263775639196867,0.248,1.05510255678747,0.557097737381627,0.282
DTLZ2,20,6,12006,"S4_(0.75,1.00]",anchor_margin,top25,population_final,retention,FINAL,21,21,0.25,0.611428571428571,0.235002024667151,0.641904761904762,0.940008098668603,0.554426063103843,0.611428571428571
DTLZ2,20,6,12006,"S4_(0.75,1.00]",score_hybrid,top25,population_final,retention,FINAL,21,21,0.25,0.780952380952381,0.311919586652063,0.641904761904762,1.24767834660825,0.62316730341484,0.780952380952381
DTLZ2,20,6,12006,"S4_(0.75,1.00]",score_v,top25,population_final,retention,FINAL,21,21,0.25,0.771428571428572,0.305361216219204,0.641904761904762,1.22144486487682,0.582328176151859,0.771428571428572
DTLZ2,20,7,12007,"S1_[0,0.25]",anchor_margin,top25,population_final,retention,FINAL,5,5,0.25,0.08,0.616666666666667,0.034,2.46666666666667,0.799079145189003,0.08
DTLZ2,20,7,12007,"S1_[0,0.25]",score_hybrid,top25,population_final,retention,FINAL,5,5,0.25,0.024,0.166666666666667,0.034,0.666666666666667,0.680455326460481,0.024
DTLZ2,20,7,12007,"S1_[0,0.25]",score_v,top25,population_final,retention,FINAL,5,5,0.25,0.016,0.1,0.034,0.4,0.512548324742268,0.016
DTLZ2,20,7,12007,"S2_(0.25,0.50]",anchor_margin,top25,population_final,retention,FINAL,21,21,0.25,0.060952380952381,0.198068465925609,0.0895238095238095,0.792273863702435,0.466296322961715,0.060952380952381
DTLZ2,20,7,12007,"S2_(0.25,0.50]",score_hybrid,top25,population_final,retention,FINAL,21,21,0.25,0.0723809523809524,0.179015032586461,0.0895238095238095,0.716060130345845,0.461980062765217,0.0723809523809524
DTLZ2,20,7,12007,"S2_(0.25,0.50]",score_v,top25,population_final,retention,FINAL,21,21,0.25,0.0628571428571428,0.141222137650709,0.0895238095238095,0.564888550602836,0.448000237661784,0.0628571428571428
DTLZ2,20,7,12007,"S3_(0.50,0.75]",anchor_margin,top25,population_final,retention,FINAL,20,20,0.25,0.158,0.146097990424023,0.282,0.584391961696091,0.498539997478698,0.158
DTLZ2,20,7,12007,"S3_(0.50,0.75]",score_hybrid,top25,population_final,retention,FINAL,20,20,0.25,0.306,0.296141893509884,0.282,1.18456757403953,0.544102075706939,0.306
DTLZ2,20,7,12007,"S3_(0.50,0.75]",score_v,top25,population_final,retention,FINAL,20,20,0.25,0.3,0.276137245407409,0.282,1.10454898162964,0.520006565176806,0.3
DTLZ2,20,7,12007,"S4_(0.75,1.00]",anchor_margin,top25,population_final,retention,FINAL,21,21,0.25,0.56,0.209763050810464,0.664285714285714,0.839052203241858,0.435717394844943,0.56
DTLZ2,20,7,12007,"S4_(0.75,1.00]",score_hybrid,top25,population_final,retention,FINAL,21,21,0.25,0.683809523809524,0.257171786634364,0.664285714285714,1.02868714653746,0.475912629760788,0.683809523809524
DTLZ2,20,7,12007,"S4_(0.75,1.00]",score_v,top25,population_final,retention,FINAL,21,21,0.25,0.672380952380952,0.252873256892825,0.664285714285714,1.0114930275713,0.419723961085782,0.672380952380952
DTLZ2,20,8,12008,"S1_[0,0.25]",anchor_margin,top25,population_final,retention,FINAL,5,5,0.25,0.056,0.291666666666667,0.054,1.16666666666667,0.691124972644449,0.056
DTLZ2,20,8,12008,"S1_[0,0.25]",score_hybrid,top25,population_final,retention,FINAL,5,5,0.25,0.12,0.54,0.054,2.16,0.835653863641193,0.12
DTLZ2,20,8,12008,"S1_[0,0.25]",score_v,top25,population_final,retention,FINAL,5,5,0.25,0.128,0.565,0.054,2.26,0.820068577690352,0.128
DTLZ2,20,8,12008,"S2_(0.25,0.50]",anchor_margin,top25,population_final,retention,FINAL,21,21,0.25,0.123809523809524,0.169255757470043,0.199047619047619,0.677023029880173,0.528110498383495,0.123809523809524
DTLZ2,20,8,12008,"S2_(0.25,0.50]",score_hybrid,top25,population_final,retention,FINAL,21,21,0.25,0.247619047619048,0.371706520992235,0.199047619047619,1.48682608396894,0.631233728371621,0.247619047619048
DTLZ2,20,8,12008,"S2_(0.25,0.50]",score_v,top25,population_final,retention,FINAL,21,21,0.25,0.190476190476191,0.286629763534525,0.199047619047619,1.1465190541381,0.597237441368196,0.190476190476191
DTLZ2,20,8,12008,"S3_(0.50,0.75]",anchor_margin,top25,population_final,retention,FINAL,20,20,0.25,0.202,0.14857833964571,0.338,0.594313358582839,0.40653564636796,0.202
DTLZ2,20,8,12008,"S3_(0.50,0.75]",score_hybrid,top25,population_final,retention,FINAL,20,20,0.25,0.242,0.171336738402377,0.338,0.685346953609507,0.4571801162722,0.242
DTLZ2,20,8,12008,"S3_(0.50,0.75]",score_v,top25,population_final,retention,FINAL,20,20,0.25,0.232,0.168647139295626,0.338,0.674588557182506,0.456552477779156,0.232
DTLZ2,20,8,12008,"S4_(0.75,1.00]",anchor_margin,top25,population_final,retention,FINAL,21,21,0.25,0.552380952380952,0.206146127157551,0.647619047619048,0.824584508630205,0.492586868286467,0.552380952380952
DTLZ2,20,8,12008,"S4_(0.75,1.00]",score_hybrid,top25,population_final,retention,FINAL,21,21,0.25,0.60952380952381,0.22944374639635,0.647619047619048,0.917774985585402,0.551632916531503,0.60952380952381
DTLZ2,20,8,12008,"S4_(0.75,1.00]",score_v,top25,population_final,retention,FINAL,21,21,0.25,0.620952380952381,0.23266941879847,0.647619047619048,0.930677675193881,0.5449249752695,0.620952380952381
DTLZ2,20,9,12009,"S1_[0,0.25]",anchor_margin,top25,population_final,retention,FINAL,5,5,0.25,0.104,0.273333333333333,0.096,1.09333333333333,0.703918192918193,0.104
DTLZ2,20,9,12009,"S1_[0,0.25]",score_hybrid,top25,population_final,retention,FINAL,5,5,0.25,0.336,0.873333333333333,0.096,3.49333333333333,0.891374847374847,0.336
DTLZ2,20,9,12009,"S1_[0,0.25]",score_v,top25,population_final,retention,FINAL,5,5,0.25,0.32,0.835555555555555,0.096,3.34222222222222,0.8903663003663,0.32
DTLZ2,20,9,12009,"S2_(0.25,0.50]",anchor_margin,top25,population_final,retention,FINAL,21,21,0.25,0.24,0.355177436164831,0.169047619047619,1.42070974465932,0.67517457655598,0.24
DTLZ2,20,9,12009,"S2_(0.25,0.50]",score_hybrid,top25,population_final,retention,FINAL,21,21,0.25,0.300952380952381,0.475324729736495,0.169047619047619,1.90129891894598,0.727583672625646,0.300952380952381
DTLZ2,20,9,12009,"S2_(0.25,0.50]",score_v,top25,population_final,retention,FINAL,21,21,0.25,0.251428571428572,0.402477335145402,0.169047619047619,1.60990934058161,0.688032748426722,0.251428571428572
DTLZ2,20,9,12009,"S3_(0.50,0.75]",anchor_margin,top25,population_final,retention,FINAL,20,20,0.25,0.246,0.205892564163524,0.3035,0.823570256654095,0.549631570616852,0.246
DTLZ2,20,9,12009,"S3_(0.50,0.75]",score_hybrid,top25,population_final,retention,FINAL,20,20,0.25,0.264,0.216054338354901,0.3035,0.864217353419602,0.539965964410259,0.264
DTLZ2,20,9,12009,"S3_(0.50,0.75]",score_v,top25,population_final,retention,FINAL,20,20,0.25,0.274,0.226900840140269,0.3035,0.907603360561076,0.503479749992233,0.274
DTLZ2,20,9,12009,"S4_(0.75,1.00]",anchor_margin,top25,population_final,retention,FINAL,21,21,0.25,0.462857142857143,0.195768385427912,0.587142857142857,0.783073541711649,0.480236092883055,0.462857142857143
DTLZ2,20,9,12009,"S4_(0.75,1.00]",score_hybrid,top25,population_final,retention,FINAL,21,21,0.25,0.506666666666667,0.21397294138332,0.587142857142857,0.85589176553328,0.478240702109186,0.506666666666667
DTLZ2,20,9,12009,"S4_(0.75,1.00]",score_v,top25,population_final,retention,FINAL,21,21,0.25,0.468571428571429,0.195586391053929,0.587142857142857,0.782345564215716,0.477633640936396,0.468571428571429
DTLZ2,20,10,12010,"S1_[0,0.25]",anchor_margin,top25,population_final,retention,FINAL,5,5,0.25,0.0,0.0,0.016,0.0,0.622219937647036,0.0
DTLZ2,20,10,12010,"S1_[0,0.25]",score_hybrid,top25,population_final,retention,FINAL,5,5,0.25,0.064,1.0,0.016,4.0,0.930523093336054,0.064
DTLZ2,20,10,12010,"S1_[0,0.25]",score_v,top25,population_final,retention,FINAL,5,5,0.25,0.064,1.0,0.016,4.0,0.920630670262482,0.064
DTLZ2,20,10,12010,"S2_(0.25,0.50]",anchor_margin,top25,population_final,retention,FINAL,21,21,0.25,0.121904761904762,0.262810455225316,0.126666666666667,1.05124182090126,0.561557473616835,0.121904761904762
DTLZ2,20,10,12010,"S2_(0.25,0.50]",score_hybrid,top25,population_final,retention,FINAL,21,21,0.25,0.180952380952381,0.455439289771444,0.126666666666667,1.82175715908577,0.662117310327768,0.180952380952381
DTLZ2,20,10,12010,"S2_(0.25,0.50]",score_v,top25,population_final,retention,FINAL,21,21,0.25,0.161904761904762,0.406487667655293,0.126666666666667,1.62595067062117,0.688941818222836,0.161904761904762
DTLZ2,20,10,12010,"S3_(0.50,0.75]",anchor_margin,top25,population_final,retention,FINAL,20,20,0.25,0.362,0.25893819949414,0.353,1.03575279797656,0.568522582761837,0.362
DTLZ2,20,10,12010,"S3_(0.50,0.75]",score_hybrid,top25,population_final,retention,FINAL,20,20,0.25,0.35,0.245846069627399,0.353,0.983384278509596,0.565535363287755,0.35
DTLZ2,20,10,12010,"S3_(0.50,0.75]",score_v,top25,population_final,retention,FINAL,20,20,0.25,0.358,0.257010953070319,0.353,1.02804381228127,0.520167549593894,0.358
DTLZ2,20,10,12010,"S4_(0.75,1.00]",anchor_margin,top25,population_final,retention,FINAL,21,21,0.25,0.660952380952381,0.226650633264546,0.726190476190476,0.906602533058185,0.451273161516339,0.660952380952381
DTLZ2,20,10,12010,"S4_(0.75,1.00]",score_hybrid,top25,population_final,retention,FINAL,21,21,0.25,0.64952380952381,0.220900344902656,0.726190476190476,0.883601379610624,0.453693159847701,0.64952380952381
DTLZ2,20,10,12010,"S4_(0.75,1.00]",score_v,top25,population_final,retention,FINAL,21,21,0.25,0.653333333333333,0.220611000729676,0.726190476190476,0.882444002918702,0.45494112269685,0.653333333333333
DTLZ2,20,11,12011,"S1_[0,0.25]",anchor_margin,top25,population_final,retention,FINAL,5,5,0.25,0.072,0.280952380952381,0.064,1.12380952380952,0.558151943000948,0.072
DTLZ2,20,11,12011,"S1_[0,0.25]",score_hybrid,top25,population_final,retention,FINAL,5,5,0.25,0.136,0.528571428571428,0.064,2.11428571428571,0.727653037879531,0.136
DTLZ2,20,11,12011,"S1_[0,0.25]",score_v,top25,population_final,retention,FINAL,5,5,0.25,0.136,0.528571428571428,0.064,2.11428571428571,0.741788410628493,0.136
DTLZ2,20,11,12011,"S2_(0.25,0.50]",anchor_margin,top25,population_final,retention,FINAL,21,21,0.25,0.116190476190476,0.258541132070544,0.116190476190476,1.03416452828218,0.533078286843259,0.116190476190476
DTLZ2,20,11,12011,"S2_(0.25,0.50]",score_hybrid,top25,population_final,retention,FINAL,21,21,0.25,0.20952380952381,0.468893878452702,0.116190476190476,1.87557551381081,0.619566893553354,0.20952380952381
DTLZ2,20,11,12011,"S2_(0.25,0.50]",score_v,top25,population_final,retention,FINAL,21,21,0.25,0.207619047619048,0.464114181025946,0.116190476190476,1.85645672410378,0.643401432753926,0.207619047619048
DTLZ2,20,11,12011,"S3_(0.50,0.75]",anchor_margin,top25,population_final,retention,FINAL,20,20,0.25,0.25,0.202763321282911,0.3165,0.811053285131645,0.514944859679092,0.25
DTLZ2,20,11,12011,"S3_(0.50,0.75]",score_hybrid,top25,population_final,retention,FINAL,20,20,0.25,0.336,0.271350393155052,0.3165,1.08540157262021,0.582044390652184,0.336
DTLZ2,20,11,12011,"S3_(0.50,0.75]",score_v,top25,population_final,retention,FINAL,20,20,0.25,0.368,0.293562068551727,0.3165,1.17424827420691,0.571847679507392,0.368
DTLZ2,20,11,12011,"S4_(0.75,1.00]",anchor_margin,top25,population_final,retention,FINAL,21,21,0.25,0.508571428571429,0.197373186433074,0.626190476190476,0.789492745732298,0.479828715635131,0.508571428571429
DTLZ2,20,11,12011,"S4_(0.75,1.00]",score_hybrid,top25,population_final,retention,FINAL,21,21,0.25,0.664761904761905,0.266443363683985,0.626190476190476,1.06577345473594,0.565561483155135,0.664761904761905
DTLZ2,20,11,12011,"S4_(0.75,1.00]",score_v,top25,population_final,retention,FINAL,21,21,0.25,0.659047619047619,0.265316541048063,0.626190476190476,1.06126616419225,0.576257543764995,0.659047619047619
DTLZ2,20,12,12012,"S1_[0,0.25]",anchor_margin,top25,population_final,retention,FINAL,5,5,0.25,0.0,0.0,0.022,0.0,0.421965187590188,0.0
DTLZ2,20,12,12012,"S1_[0,0.25]",score_hybrid,top25,population_final,retention,FINAL,5,5,0.25,0.048,0.45,0.022,1.8,0.600700242218099,0.048
DTLZ2,20,12,12012,"S1_[0,0.25]",score_v,top25,population_final,retention,FINAL,5,5,0.25,0.048,0.45,0.022,1.8,0.626915842094414,0.048
DTLZ2,20,12,12012,"S2_(0.25,0.50]",anchor_margin,top25,population_final,retention,FINAL,21,21,0.25,0.0495238095238095,0.104146658663465,0.11047619047619,0.416586634653862,0.438177133321024,0.0495238095238095
DTLZ2,20,12,12012,"S2_(0.25,0.50]",score_hybrid,top25,population_final,retention,FINAL,21,21,0.25,0.146666666666667,0.353961584633854,0.11047619047619,1.41584633853541,0.577622064517524,0.146666666666667
DTLZ2,20,12,12012,"S2_(0.25,0.50]",score_v,top25,population_final,retention,FINAL,21,21,0.25,0.156190476190476,0.370288115246098,0.11047619047619,1.48115246098439,0.578945857263333,0.156190476190476
DTLZ2,20,12,12012,"S3_(0.50,0.75]",anchor_margin,top25,population_final,retention,FINAL,20,20,0.25,0.198,0.204749844996171,0.2505,0.818999379984684,0.484536201138307,0.198
DTLZ2,20,12,12012,"S3_(0.50,0.75]",score_hybrid,top25,population_final,retention,FINAL,20,20,0.25,0.374,0.387608055762526,0.2505,1.5504322230501,0.571817834783826,0.374
DTLZ2,20,12,12012,"S3_(0.50,0.75]",score_v,top25,population_final,retention,FINAL,20,20,0.25,0.338,0.34176160464076,0.2505,1.36704641856304,0.55642134773548,0.338
DTLZ2,20,12,12012,"S4_(0.75,1.00]",anchor_margin,top25,population_final,retention,FINAL,21,21,0.25,0.664761904761905,0.248663042894302,0.657619047619048,0.994652171577208,0.545240473521848,0.664761904761905
DTLZ2,20,12,12012,"S4_(0.75,1.00]",score_hybrid,top25,population_final,retention,FINAL,21,21,0.25,0.700952380952381,0.268374888525013,0.657619047619048,1.07349955410005,0.540661540841264,0.700952380952381
DTLZ2,20,12,12012,"S4_(0.75,1.00]",score_v,top25,population_final,retention,FINAL,21,21,0.25,0.691428571428571,0.265679301654943,0.657619047619048,1.06271720661977,0.510024712253274,0.691428571428571
DTLZ2,20,13,12013,"S1_[0,0.25]",anchor_margin,top25,population_final,retention,FINAL,5,5,0.25,0.008,0.05,0.026,0.2,0.623183712918157,0.008
DTLZ2,20,13,12013,"S1_[0,0.25]",score_hybrid,top25,population_final,retention,FINAL,5,5,0.25,0.04,0.416666666666667,0.026,1.66666666666667,0.713977904306052,0.04
DTLZ2,20,13,12013,"S1_[0,0.25]",score_v,top25,population_final,retention,FINAL,5,5,0.25,0.032,0.316666666666667,0.026,1.26666666666667,0.697192562592047,0.032
DTLZ2,20,13,12013,"S2_(0.25,0.50]",anchor_margin,top25,population_final,retention,FINAL,21,21,0.25,0.0495238095238095,0.0968675357109678,0.106190476190476,0.387470142843871,0.524677226449945,0.0495238095238095
DTLZ2,20,13,12013,"S2_(0.25,0.50]",score_hybrid,top25,population_final,retention,FINAL,21,21,0.25,0.152380952380952,0.343595565245278,0.106190476190476,1.37438226098111,0.626029832077723,0.152380952380952
DTLZ2,20,13,12013,"S2_(0.25,0.50]",score_v,top25,population_final,retention,FINAL,21,21,0.25,0.173333333333333,0.386667836888978,0.106190476190476,1.54667134755591,0.602426873787387,0.173333333333333
DTLZ2,20,13,12013,"S3_(0.50,0.75]",anchor_margin,top25,population_final,retention,FINAL,20,20,0.25,0.236,0.201669454570543,0.28,0.806677818282174,0.567995220485833,0.236
DTLZ2,20,13,12013,"S3_(0.50,0.75]",score_hybrid,top25,population_final,retention,FINAL,20,20,0.25,0.492,0.440882049706914,0.28,1.76352819882765,0.692196428011217,0.492
DTLZ2,20,13,12013,"S3_(0.50,0.75]",score_v,top25,population_final,retention,FINAL,20,20,0.25,0.506,0.455060240362418,0.28,1.82024096144967,0.670261273978035,0.506
DTLZ2,20,13,12013,"S4_(0.75,1.00]",anchor_margin,top25,population_final,retention,FINAL,21,21,0.25,0.68952380952381,0.257414873569061,0.668571428571429,1.02965949427624,0.605030374146753,0.68952380952381
DTLZ2,20,13,12013,"S4_(0.75,1.00]",score_hybrid,top25,population_final,retention,FINAL,21,21,0.25,0.819047619047619,0.31875239413474,0.668571428571429,1.27500957653896,0.643843247878798,0.819047619047619
DTLZ2,20,13,12013,"S4_(0.75,1.00]",score_v,top25,population_final,retention,FINAL,21,21,0.25,0.8,0.31018100954948,0.668571428571429,1.24072403819792,0.617166786403156,0.8
DTLZ2,20,14,12014,"S1_[0,0.25]",anchor_margin,top25,population_final,retention,FINAL,5,5,0.25,0.0,0.0,0.012,0.0,0.560812203669347,0.0
DTLZ2,20,14,12014,"S1_[0,0.25]",score_hybrid,top25,population_final,retention,FINAL,5,5,0.25,0.048,1.0,0.012,4.0,0.974489795918367,0.048
DTLZ2,20,14,12014,"S1_[0,0.25]",score_v,top25,population_final,retention,FINAL,5,5,0.25,0.048,1.0,0.012,4.0,0.974489795918367,0.048
DTLZ2,20,14,12014,"S2_(0.25,0.50]",anchor_margin,top25,population_final,retention,FINAL,21,21,0.25,0.059047619047619,0.217316017316017,0.0619047619047619,0.869264069264069,0.674329021896102,0.059047619047619
DTLZ2,20,14,12014,"S2_(0.25,0.50]",score_hybrid,top25,population_final,retention,FINAL,21,21,0.25,0.165714285714286,0.705940355940356,0.0619047619047619,2.82376142376142,0.839388884360859,0.165714285714286
DTLZ2,20,14,12014,"S2_(0.25,0.50]",score_v,top25,population_final,retention,FINAL,21,21,0.25,0.152380952380952,0.647739297739298,0.0619047619047619,2.59095719095719,0.784497690755571,0.152380952380952
DTLZ2,20,14,12014,"S3_(0.50,0.75]",anchor_margin,top25,population_final,retention,FINAL,20,20,0.25,0.262,0.241364753021649,0.265,0.965459012086596,0.582889147951466,0.262
DTLZ2,20,14,12014,"S3_(0.50,0.75]",score_hybrid,top25,population_final,retention,FINAL,20,20,0.25,0.308,0.290439802319034,0.265,1.16175920927614,0.627834612968161,0.308
DTLZ2,20,14,12014,"S3_(0.50,0.75]",score_v,top25,population_final,retention,FINAL,20,20,0.25,0.298,0.276788764072795,0.265,1.10715505629118,0.623730666392963,0.298
DTLZ2,20,14,12014,"S4_(0.75,1.00]",anchor_margin,top25,population_final,retention,FINAL,21,21,0.25,0.55047619047619,0.224714961894908,0.59952380952381,0.898859847579632,0.569326014890326,0.55047619047619
DTLZ2,20,14,12014,"S4_(0.75,1.00]",score_hybrid,top25,population_final,retention,FINAL,21,21,0.25,0.651428571428571,0.27606094980158,0.59952380952381,1.10424379920632,0.611195659356127,0.651428571428571
DTLZ2,20,14,12014,"S4_(0.75,1.00]",score_v,top25,population_final,retention,FINAL,21,21,0.25,0.643809523809524,0.273754209805214,0.59952380952381,1.09501683922085,0.562926292679009,0.643809523809524
DTLZ2,20,15,12015,"S1_[0,0.25]",anchor_margin,top25,population_final,retention,FINAL,5,5,0.25,0.0,0.0,0.05,0.0,0.550383284894348,0.0
DTLZ2,20,15,12015,"S1_[0,0.25]",score_hybrid,top25,population_final,retention,FINAL,5,5,0.25,0.112,0.583333333333333,0.05,2.33333333333333,0.748088373729619,0.112
DTLZ2,20,15,12015,"S1_[0,0.25]",score_v,top25,population_final,retention,FINAL,5,5,0.25,0.104,0.583333333333333,0.05,2.33333333333333,0.795911703955546,0.104
DTLZ2,20,15,12015,"S2_(0.25,0.50]",anchor_margin,top25,population_final,retention,FINAL,21,21,0.25,0.0590476190476191,0.147135932850219,0.103333333333333,0.588543731400874,0.532055883517429,0.0590476190476191
DTLZ2,20,15,12015,"S2_(0.25,0.50]",score_hybrid,top25,population_final,retention,FINAL,21,21,0.25,0.123809523809524,0.305633255633256,0.103333333333333,1.22253302253302,0.598792314999848,0.123809523809524
DTLZ2,20,15,12015,"S2_(0.25,0.50]",score_v,top25,population_final,retention,FINAL,21,21,0.25,0.146666666666667,0.352694924123496,0.103333333333333,1.41077969649398,0.609536800110733,0.146666666666667
DTLZ2,20,15,12015,"S3_(0.50,0.75]",anchor_margin,top25,population_final,retention,FINAL,20,20,0.25,0.286,0.221218117122817,0.3065,0.88487246849127,0.531219892386786,0.286
DTLZ2,20,15,12015,"S3_(0.50,0.75]",score_hybrid,top25,population_final,retention,FINAL,20,20,0.25,0.306,0.252908284030571,0.3065,1.01163313612228,0.546556839372277,0.306
DTLZ2,20,15,12015,"S3_(0.50,0.75]",score_v,top25,population_final,retention,FINAL,20,20,0.25,0.306,0.253585179992383,0.3065,1.01434071996953,0.552008227703924,0.306
DTLZ2,20,15,12015,"S4_(0.75,1.00]",anchor_margin,top25,population_final,retention,FINAL,21,21,0.25,0.563809523809524,0.216833838820616,0.653333333333333,0.867335355282462,0.458080221459069,0.563809523809524
DTLZ2,20,15,12015,"S4_(0.75,1.00]",score_hybrid,top25,population_final,retention,FINAL,21,21,0.25,0.624761904761905,0.237626088548247,0.653333333333333,0.950504354192987,0.482090696836386,0.624761904761905
DTLZ2,20,15,12015,"S4_(0.75,1.00]",score_v,top25,population_final,retention,FINAL,21,21,0.25,0.619047619047619,0.234610379913476,0.653333333333333,0.938441519653906,0.488113073832384,0.619047619047619
DTLZ2,20,16,12016,"S1_[0,0.25]",anchor_margin,top25,population_final,retention,FINAL,5,5,0.25,0.032,0.213333333333333,0.04,0.853333333333333,0.639854760128414,0.032
DTLZ2,20,16,12016,"S1_[0,0.25]",score_hybrid,top25,population_final,retention,FINAL,5,5,0.25,0.104,0.656666666666667,0.04,2.62666666666667,0.757764808283596,0.104
DTLZ2,20,16,12016,"S1_[0,0.25]",score_v,top25,population_final,retention,FINAL,5,5,0.25,0.104,0.656666666666667,0.04,2.62666666666667,0.792645053355037,0.104
DTLZ2,20,16,12016,"S2_(0.25,0.50]",anchor_margin,top25,population_final,retention,FINAL,21,21,0.25,0.150476190476191,0.407457225314368,0.090952380952381,1.62982890125747,0.704742486036482,0.150476190476191
DTLZ2,20,16,12016,"S2_(0.25,0.50]",score_hybrid,top25,population_final,retention,FINAL,21,21,0.25,0.198095238095238,0.545789527932385,0.090952380952381,2.18315811172954,0.723349614377098,0.198095238095238
DTLZ2,20,16,12016,"S2_(0.25,0.50]",score_v,top25,population_final,retention,FINAL,21,21,0.25,0.16952380952381,0.473567305710163,0.090952380952381,1.89426922284065,0.691591833821029,0.16952380952381
DTLZ2,20,16,12016,"S3_(0.50,0.75]",anchor_margin,top25,population_final,retention,FINAL,20,20,0.25,0.306,0.311413172902699,0.2675,1.2456526916108,0.631151073249721,0.306
DTLZ2,20,16,12016,"S3_(0.50,0.75]",score_hybrid,top25,population_final,retention,FINAL,20,20,0.25,0.42,0.398363008308978,0.2675,1.59345203323591,0.664427778937089,0.42
DTLZ2,20,16,12016,"S3_(0.50,0.75]",score_v,top25,population_final,retention,FINAL,20,20,0.25,0.418,0.381371386673681,0.2675,1.52548554669472,0.642261342658107,0.418
DTLZ2,20,16,12016,"S4_(0.75,1.00]",anchor_margin,top25,population_final,retention,FINAL,21,21,0.25,0.666666666666667,0.246092387044525,0.671428571428571,0.9843695481781,0.568903312653041,0.666666666666667
DTLZ2,20,16,12016,"S4_(0.75,1.00]",score_hybrid,top25,population_final,retention,FINAL,21,21,0.25,0.731428571428572,0.27654440304236,0.671428571428571,1.10617761216944,0.594025252628595,0.731428571428572
DTLZ2,20,16,12016,"S4_(0.75,1.00]",score_v,top25,population_final,retention,FINAL,21,21,0.25,0.700952380952381,0.267852564744238,0.671428571428571,1.07141025897695,0.516918509905876,0.700952380952381
DTLZ2,20,17,12017,"S1_[0,0.25]",anchor_margin,top25,population_final,retention,FINAL,5,5,0.25,0.048,0.203809523809524,0.058,0.815238095238095,0.660486851996154,0.048
DTLZ2,20,17,12017,"S1_[0,0.25]",score_hybrid,top25,population_final,retention,FINAL,5,5,0.25,0.12,0.532380952380952,0.058,2.12952380952381,0.777008771069747,0.12
DTLZ2,20,17,12017,"S1_[0,0.25]",score_v,top25,population_final,retention,FINAL,5,5,0.25,0.128,0.554285714285714,0.058,2.21714285714286,0.751997867007945,0.128
DTLZ2,20,17,12017,"S2_(0.25,0.50]",anchor_margin,top25,population_final,retention,FINAL,21,21,0.25,0.0857142857142857,0.151462269977308,0.16,0.60584907990923,0.519281111645634,0.0857142857142857
DTLZ2,20,17,12017,"S2_(0.25,0.50]",score_hybrid,top25,population_final,retention,FINAL,21,21,0.25,0.205714285714286,0.318540523803682,0.16,1.27416209521473,0.596683053112284,0.205714285714286
DTLZ2,20,17,12017,"S2_(0.25,0.50]",score_v,top25,population_final,retention,FINAL,21,21,0.25,0.234285714285714,0.364422816114546,0.16,1.45769126445818,0.605334871366698,0.234285714285714
DTLZ2,20,17,12017,"S3_(0.50,0.75]",anchor_margin,top25,population_final,retention,FINAL,20,20,0.25,0.282,0.180713856693589,0.385,0.722855426774354,0.485360174255503,0.282
DTLZ2,20,17,12017,"S3_(0.50,0.75]",score_hybrid,top25,population_final,retention,FINAL,20,20,0.25,0.312,0.207468970516453,0.385,0.829875882065811,0.519147300577594,0.312
DTLZ2,20,17,12017,"S3_(0.50,0.75]",score_v,top25,population_final,retention,FINAL,20,20,0.25,0.284,0.18825974312615,0.385,0.753038972504598,0.487186433259908,0.284
DTLZ2,20,17,12017,"S4_(0.75,1.00]",anchor_margin,top25,population_final,retention,FINAL,21,21,0.25,0.504761904761905,0.223763601323237,0.560952380952381,0.895054405292947,0.524874859921079,0.504761904761905
DTLZ2,20,17,12017,"S4_(0.75,1.00]",score_hybrid,top25,population_final,retention,FINAL,21,21,0.25,0.512380952380952,0.227160966335546,0.560952380952381,0.908643865342186,0.518396723355181,0.512380952380952
DTLZ2,20,17,12017,"S4_(0.75,1.00]",score_v,top25,population_final,retention,FINAL,21,21,0.25,0.539047619047619,0.238108201759866,0.560952380952381,0.952432807039465,0.529507276290343,0.539047619047619
DTLZ2,20,18,12018,"S1_[0,0.25]",anchor_margin,top25,population_final,retention,FINAL,5,5,0.25,0.0,0.0,0.018,0.0,0.539852607709751,0.0
DTLZ2,20,18,12018,"S1_[0,0.25]",score_hybrid,top25,population_final,retention,FINAL,5,5,0.25,0.0,0.0,0.018,0.0,0.427437641723356,0.0
DTLZ2,20,18,12018,"S1_[0,0.25]",score_v,top25,population_final,retention,FINAL,5,5,0.25,0.016,0.2,0.018,0.8,0.390383426097712,0.016
DTLZ2,20,18,12018,"S2_(0.25,0.50]",anchor_margin,top25,population_final,retention,FINAL,21,21,0.25,0.0114285714285714,0.0743386243386243,0.0447619047619048,0.297354497354497,0.387877369519318,0.0114285714285714
DTLZ2,20,18,12018,"S2_(0.25,0.50]",score_hybrid,top25,population_final,retention,FINAL,21,21,0.25,0.060952380952381,0.337377173091459,0.0447619047619048,1.34950869236584,0.474368409208038,0.060952380952381
DTLZ2,20,18,12018,"S2_(0.25,0.50]",score_v,top25,population_final,retention,FINAL,21,21,0.25,0.0571428571428571,0.313567649281935,0.0447619047619048,1.25427059712774,0.480771047844682,0.0571428571428571
DTLZ2,20,18,12018,"S3_(0.50,0.75]",anchor_margin,top25,population_final,retention,FINAL,20,20,0.25,0.176,0.181185627891948,0.227,0.724742511567791,0.478245220685273,0.176
DTLZ2,20,18,12018,"S3_(0.50,0.75]",score_hybrid,top25,population_final,retention,FINAL,20,20,0.25,0.36,0.408745243602349,0.227,1.6349809744094,0.600115033661799,0.36
DTLZ2,20,18,12018,"S3_(0.50,0.75]",score_v,top25,population_final,retention,FINAL,20,20,0.25,0.364,0.40822910464871,0.227,1.63291641859484,0.611516865161231,0.364
DTLZ2,20,18,12018,"S4_(0.75,1.00]",anchor_margin,top25,population_final,retention,FINAL,21,21,0.25,0.592380952380953,0.256249958187038,0.571904761904762,1.02499983274815,0.568752692891133,0.592380952380953
DTLZ2,20,18,12018,"S4_(0.75,1.00]",score_hybrid,top25,population_final,retention,FINAL,21,21,0.25,0.628571428571429,0.278907661922673,0.571904761904762,1.11563064769069,0.574638074947229,0.628571428571429
DTLZ2,20,18,12018,"S4_(0.75,1.00]",score_v,top25,population_final,retention,FINAL,21,21,0.25,0.664761904761905,0.301776130914325,0.571904761904762,1.2071045236573,0.570460444780719,0.664761904761905
DTLZ2,20,19,12019,"S1_[0,0.25]",anchor_margin,top25,population_final,retention,FINAL,5,5,0.25,0.016,0.166666666666667,0.03,0.666666666666667,0.599520533084368,0.016
DTLZ2,20,19,12019,"S1_[0,0.25]",score_hybrid,top25,population_final,retention,FINAL,5,5,0.25,0.064,0.583333333333333,0.03,2.33333333333333,0.694324637071323,0.064
DTLZ2,20,19,12019,"S1_[0,0.25]",score_v,top25,population_final,retention,FINAL,5,5,0.25,0.048,0.45,0.03,1.8,0.657501183463076,0.048
DTLZ2,20,19,12019,"S2_(0.25,0.50]",anchor_margin,top25,population_final,retention,FINAL,21,21,0.25,0.0914285714285714,0.140722703797238,0.144761904761905,0.562890815188952,0.539933031241775,0.0914285714285714
DTLZ2,20,19,12019,"S2_(0.25,0.50]",score_hybrid,top25,population_final,retention,FINAL,21,21,0.25,0.146666666666667,0.278358302612961,0.144761904761905,1.11343321045184,0.55941413170063,0.146666666666667
DTLZ2,20,19,12019,"S2_(0.25,0.50]",score_v,top25,population_final,retention,FINAL,21,21,0.25,0.148571428571429,0.257902382871327,0.144761904761905,1.03160953148531,0.510039968568734,0.148571428571429
DTLZ2,20,19,12019,"S3_(0.50,0.75]",anchor_margin,top25,population_final,retention,FINAL,20,20,0.25,0.172,0.117354152371888,0.3655,0.469416609487553,0.441106939751176,0.172
DTLZ2,20,19,12019,"S3_(0.50,0.75]",score_hybrid,top25,population_final,retention,FINAL,20,20,0.25,0.364,0.244757260229149,0.3655,0.979029040916596,0.511407955792521,0.364
DTLZ2,20,19,12019,"S3_(0.50,0.75]",score_v,top25,population_final,retention,FINAL,20,20,0.25,0.406,0.279086478898047,0.3655,1.11634591559219,0.507337175169561,0.406
DTLZ2,20,19,12019,"S4_(0.75,1.00]",anchor_margin,top25,population_final,retention,FINAL,21,21,0.25,0.603809523809524,0.20204730535691,0.736190476190476,0.808189221427642,0.418587583789817,0.603809523809524
DTLZ2,20,19,12019,"S4_(0.75,1.00]",score_hybrid,top25,population_final,retention,FINAL,21,21,0.25,0.822857142857143,0.282745821938146,0.736190476190476,1.13098328775258,0.528403156484027,0.822857142857143
DTLZ2,20,19,12019,"S4_(0.75,1.00]",score_v,top25,population_final,retention,FINAL,21,21,0.25,0.84,0.289132133797003,0.736190476190476,1.15652853518801,0.543005161420364,0.84
DTLZ2,20,20,12020,"S1_[0,0.25]",anchor_margin,top25,population_final,retention,FINAL,5,5,0.25,0.072,0.228571428571429,0.074,0.914285714285714,0.573719750469922,0.072
DTLZ2,20,20,12020,"S1_[0,0.25]",score_hybrid,top25,population_final,retention,FINAL,5,5,0.25,0.176,0.580952380952381,0.074,2.32380952380952,0.680677299517382,0.176
DTLZ2,20,20,12020,"S1_[0,0.25]",score_v,top25,population_final,retention,FINAL,5,5,0.25,0.168,0.558730158730159,0.074,2.23492063492063,0.636320596203918,0.168
DTLZ2,20,20,12020,"S2_(0.25,0.50]",anchor_margin,top25,population_final,retention,FINAL,21,21,0.25,0.127619047619048,0.203524900329412,0.158095238095238,0.814099601317646,0.575066875948349,0.127619047619048
DTLZ2,20,20,12020,"S2_(0.25,0.50]",score_hybrid,top25,population_final,retention,FINAL,21,21,0.25,0.177142857142857,0.296847915340839,0.158095238095238,1.18739166136336,0.620142094798943,0.177142857142857
DTLZ2,20,20,12020,"S2_(0.25,0.50]",score_v,top25,population_final,retention,FINAL,21,21,0.25,0.137142857142857,0.229578513407571,0.158095238095238,0.918314053630285,0.502008359618603,0.137142857142857
DTLZ2,20,20,12020,"S3_(0.50,0.75]",anchor_margin,top25,population_final,retention,FINAL,20,20,0.25,0.25,0.189930248700758,0.325,0.759720994803034,0.48018074414027,0.25
DTLZ2,20,20,12020,"S3_(0.50,0.75]",score_hybrid,top25,population_final,retention,FINAL,20,20,0.25,0.33,0.259111638753806,0.325,1.03644655501523,0.513880233196236,0.33
DTLZ2,20,20,12020,"S3_(0.50,0.75]",score_v,top25,population_final,retention,FINAL,20,20,0.25,0.31,0.243795103437271,0.325,0.975180413749084,0.449675037839764,0.31
DTLZ2,20,20,12020,"S4_(0.75,1.00]",anchor_margin,top25,population_final,retention,FINAL,21,21,0.25,0.691428571428571,0.235469322474848,0.722857142857143,0.941877289899391,0.525505168752823,0.691428571428571
DTLZ2,20,20,12020,"S4_(0.75,1.00]",score_hybrid,top25,population_final,retention,FINAL,21,21,0.25,0.782857142857143,0.278033939522977,0.722857142857143,1.11213575809191,0.54993802531846,0.782857142857143
DTLZ2,20,20,12020,"S4_(0.75,1.00]",score_v,top25,population_final,retention,FINAL,21,21,0.25,0.767619047619048,0.271447478789152,0.722857142857143,1.08578991515661,0.503919532536582,0.767619047619048
DTLZ2,20,21,12021,"S1_[0,0.25]",anchor_margin,top25,population_final,retention,FINAL,5,5,0.25,0.0,,0.0,,,0.0
DTLZ2,20,21,12021,"S1_[0,0.25]",score_hybrid,top25,population_final,retention,FINAL,5,5,0.25,0.0,,0.0,,,0.0
DTLZ2,20,21,12021,"S1_[0,0.25]",score_v,top25,population_final,retention,FINAL,5,5,0.25,0.0,,0.0,,,0.0
DTLZ2,20,21,12021,"S2_(0.25,0.50]",anchor_margin,top25,population_final,retention,FINAL,21,21,0.25,0.0857142857142857,0.453451178451178,0.0538095238095238,1.81380471380471,0.667380052708395,0.0857142857142857
DTLZ2,20,21,12021,"S2_(0.25,0.50]",score_hybrid,top25,population_final,retention,FINAL,21,21,0.25,0.140952380952381,0.711171236171236,0.0538095238095238,2.84468494468494,0.787850827381752,0.140952380952381
DTLZ2,20,21,12021,"S2_(0.25,0.50]",score_v,top25,population_final,retention,FINAL,21,21,0.25,0.15047619047619,0.787722462722463,0.0538095238095238,3.15088985088985,0.82021717266403,0.15047619047619
DTLZ2,20,21,12021,"S3_(0.50,0.75]",anchor_margin,top25,population_final,retention,FINAL,20,20,0.25,0.258,0.235536216018537,0.2725,0.942144864074149,0.55449597245234,0.258
DTLZ2,20,21,12021,"S3_(0.50,0.75]",score_hybrid,top25,population_final,retention,FINAL,20,20,0.25,0.39,0.367890654597986,0.2725,1.47156261839194,0.640524939336984,0.39
DTLZ2,20,21,12021,"S3_(0.50,0.75]",score_v,top25,population_final,retention,FINAL,20,20,0.25,0.382,0.365323392780099,0.2725,1.4612935711204,0.650390483175158,0.382
DTLZ2,20,21,12021,"S4_(0.75,1.00]",anchor_margin,top25,population_final,retention,FINAL,21,21,0.25,0.525714285714286,0.219524563048879,0.586190476190476,0.878098252195517,0.516890477337497,0.525714285714286
DTLZ2,20,21,12021,"S4_(0.75,1.00]",score_hybrid,top25,population_final,retention,FINAL,21,21,0.25,0.563809523809524,0.239525686243328,0.586190476190476,0.958102744973311,0.512700219598734,0.563809523809524
DTLZ2,20,21,12021,"S4_(0.75,1.00]",score_v,top25,population_final,retention,FINAL,21,21,0.25,0.577142857142857,0.244584567586529,0.586190476190476,0.978338270346116,0.511266566433483,0.577142857142857
DTLZ2,20,22,12022,"S1_[0,0.25]",anchor_margin,top25,population_final,retention,FINAL,5,5,0.25,0.104,0.313809523809524,0.082,1.2552380952381,0.700226717843892,0.104
DTLZ2,20,22,12022,"S1_[0,0.25]",score_hybrid,top25,population_final,retention,FINAL,5,5,0.25,0.152,0.460714285714286,0.082,1.84285714285714,0.767314927152563,0.152
DTLZ2,20,22,12022,"S1_[0,0.25]",score_v,top25,population_final,retention,FINAL,5,5,0.25,0.152,0.460714285714286,0.082,1.84285714285714,0.714071188541266,0.152
DTLZ2,20,22,12022,"S2_(0.25,0.50]",anchor_margin,top25,population_final,retention,FINAL,21,21,0.25,0.182857142857143,0.24755059685934,0.207619047619048,0.990202387437361,0.605789805593596,0.182857142857143
DTLZ2,20,22,12022,"S2_(0.25,0.50]",score_hybrid,top25,population_final,retention,FINAL,21,21,0.25,0.220952380952381,0.293667884738932,0.207619047619048,1.17467153895573,0.615005845942109,0.220952380952381
DTLZ2,20,22,12022,"S2_(0.25,0.50]",score_v,top25,population_final,retention,FINAL,21,21,0.25,0.217142857142857,0.291275856689009,0.207619047619048,1.16510342675604,0.534275108643035,0.217142857142857
DTLZ2,20,22,12022,"S3_(0.50,0.75]",anchor_margin,top25,population_final,retention,FINAL,20,20,0.25,0.292,0.180703405818086,0.4015,0.722813623272345,0.509519927212361,0.292
DTLZ2,20,22,12022,"S3_(0.50,0.75]",score_hybrid,top25,population_final,retention,FINAL,20,20,0.25,0.25,0.156225972727894,0.4015,0.624903890911578,0.423412170182462,0.25
DTLZ2,20,22,12022,"S3_(0.50,0.75]",score_v,top25,population_final,retention,FINAL,20,20,0.25,0.284,0.180583998254016,0.4015,0.722335993016064,0.397608473637374,0.284
DTLZ2,20,22,12022,"S4_(0.75,1.00]",anchor_margin,top25,population_final,retention,FINAL,21,21,0.25,0.647619047619048,0.216637241659268,0.731428571428571,0.866548966637073,0.471332915219551,0.647619047619048
DTLZ2,20,22,12022,"S4_(0.75,1.00]",score_hybrid,top25,population_final,retention,FINAL,21,21,0.25,0.624761904761905,0.210334420280008,0.731428571428571,0.841337681120031,0.427135822006773,0.624761904761905
DTLZ2,20,22,12022,"S4_(0.75,1.00]",score_v,top25,population_final,retention,FINAL,21,21,0.25,0.617142857142857,0.206737537579187,0.731428571428571,0.82695015031675,0.434535343117187,0.617142857142857
DTLZ2,20,23,12023,"S1_[0,0.25]",anchor_margin,top25,population_final,retention,FINAL,5,5,0.25,0.032,0.6,0.014,2.4,0.80347866419295,0.032
DTLZ2,20,23,12023,"S1_[0,0.25]",score_hybrid,top25,population_final,retention,FINAL,5,5,0.25,0.056,1.0,0.014,4.0,0.918923933209647,0.056
DTLZ2,20,23,12023,"S1_[0,0.25]",score_v,top25,population_final,retention,FINAL,5,5,0.25,0.056,1.0,0.014,4.0,0.913821892393321,0.056
DTLZ2,20,23,12023,"S2_(0.25,0.50]",anchor_margin,top25,population_final,retention,FINAL,21,21,0.25,0.0552380952380952,0.436507936507937,0.0333333333333333,1.74603174603175,0.649145582708123,0.0552380952380952
DTLZ2,20,23,12023,"S2_(0.25,0.50]",score_hybrid,top25,population_final,retention,FINAL,21,21,0.25,0.0761904761904762,0.606349206349207,0.0333333333333333,2.42539682539683,0.762996123367064,0.0761904761904762
DTLZ2,20,23,12023,"S2_(0.25,0.50]",score_v,top25,population_final,retention,FINAL,21,21,0.25,0.0628571428571429,0.493650793650794,0.0333333333333333,1.97460317460318,0.723988215070712,0.0628571428571429
DTLZ2,20,23,12023,"S3_(0.50,0.75]",anchor_margin,top25,population_final,retention,FINAL,20,20,0.25,0.114,0.243360724801514,0.142,0.973442899206057,0.61003605728102,0.114
DTLZ2,20,23,12023,"S3_(0.50,0.75]",score_hybrid,top25,population_final,retention,FINAL,20,20,0.25,0.188,0.342854614683562,0.142,1.37141845873425,0.655905468596888,0.188
DTLZ2,20,23,12023,"S3_(0.50,0.75]",score_v,top25,population_final,retention,FINAL,20,20,0.25,0.202,0.364173744384271,0.142,1.45669497753708,0.594437350922335,0.202
DTLZ2,20,23,12023,"S4_(0.75,1.00]",anchor_margin,top25,population_final,retention,FINAL,21,21,0.25,0.514285714285714,0.21071548036235,0.59,0.842861921449401,0.54357112466892,0.514285714285714
DTLZ2,20,23,12023,"S4_(0.75,1.00]",score_hybrid,top25,population_final,retention,FINAL,21,21,0.25,0.668571428571429,0.289291227119512,0.59,1.15716490847805,0.609191534655841,0.668571428571429
DTLZ2,20,23,12023,"S4_(0.75,1.00]",score_v,top25,population_final,retention,FINAL,21,21,0.25,0.645714285714286,0.282304959220751,0.59,1.129219836883,0.566508306326797,0.645714285714286
DTLZ2,20,24,12024,"S1_[0,0.25]",anchor_margin,top25,population_final,retention,FINAL,5,5,0.25,0.024,0.6,0.012,2.4,0.842589156874871,0.024
DTLZ2,20,24,12024,"S1_[0,0.25]",score_hybrid,top25,population_final,retention,FINAL,5,5,0.25,0.04,0.9,0.012,3.6,0.881292517006803,0.04
DTLZ2,20,24,12024,"S1_[0,0.25]",score_v,top25,population_final,retention,FINAL,5,5,0.25,0.04,0.9,0.012,3.6,0.869088847660276,0.04
DTLZ2,20,24,12024,"S2_(0.25,0.50]",anchor_margin,top25,population_final,retention,FINAL,21,21,0.25,0.0933333333333333,0.314948543519972,0.0771428571428572,1.25979417407989,0.665521752598294,0.0933333333333333
DTLZ2,20,24,12024,"S2_(0.25,0.50]",score_hybrid,top25,population_final,retention,FINAL,21,21,0.25,0.0780952380952381,0.288385952671667,0.0771428571428572,1.15354381068667,0.636056226762964,0.0780952380952381
DTLZ2,20,24,12024,"S2_(0.25,0.50]",score_v,top25,population_final,retention,FINAL,21,21,0.25,0.0590476190476191,0.23185359613931,0.0771428571428572,0.927414384557242,0.604192557849158,0.0590476190476191
DTLZ2,20,24,12024,"S3_(0.50,0.75]",anchor_margin,top25,population_final,retention,FINAL,20,20,0.25,0.282,0.253527077299897,0.27,1.01410830919959,0.559382788458962,0.282
DTLZ2,20,24,12024,"S3_(0.50,0.75]",score_hybrid,top25,population_final,retention,FINAL,20,20,0.25,0.308,0.26944918781641,0.27,1.07779675126564,0.586706646479944,0.308
DTLZ2,20,24,12024,"S3_(0.50,0.75]",score_v,top25,population_final,retention,FINAL,20,20,0.25,0.328,0.286960352095797,0.27,1.14784140838319,0.554075379597877,0.328
DTLZ2,20,24,12024,"S4_(0.75,1.00]",anchor_margin,top25,population_final,retention,FINAL,21,21,0.25,0.681904761904762,0.271218661631409,0.638095238095238,1.08487464652564,0.525604150329956,0.681904761904762
DTLZ2,20,24,12024,"S4_(0.75,1.00]",score_hybrid,top25,population_final,retention,FINAL,21,21,0.25,0.613333333333334,0.24219755675893,0.638095238095238,0.968790227035721,0.514134533104249,0.613333333333334
DTLZ2,20,24,12024,"S4_(0.75,1.00]",score_v,top25,population_final,retention,FINAL,21,21,0.25,0.598095238095238,0.234633967772411,0.638095238095238,0.938535871089643,0.505205108752987,0.598095238095238
DTLZ2,20,25,12025,"S1_[0,0.25]",anchor_margin,top25,population_final,retention,FINAL,5,5,0.25,0.0,0.0,0.042,0.0,0.519367697594502,0.0
DTLZ2,20,25,12025,"S1_[0,0.25]",score_hybrid,top25,population_final,retention,FINAL,5,5,0.25,0.152,0.92,0.042,3.68,0.855827816965093,0.152
DTLZ2,20,25,12025,"S1_[0,0.25]",score_v,top25,population_final,retention,FINAL,5,5,0.25,0.168,1.0,0.042,4.0,0.889710255018991,0.168
DTLZ2,20,25,12025,"S2_(0.25,0.50]",anchor_margin,top25,population_final,retention,FINAL,21,21,0.25,0.0685714285714286,0.235784057212629,0.0766666666666667,0.943136228850514,0.643985978214224,0.0685714285714286
DTLZ2,20,25,12025,"S2_(0.25,0.50]",score_hybrid,top25,population_final,retention,FINAL,21,21,0.25,0.140952380952381,0.486439618582476,0.0766666666666667,1.9457584743299,0.746429093273873,0.140952380952381
DTLZ2,20,25,12025,"S2_(0.25,0.50]",score_v,top25,population_final,retention,FINAL,21,21,0.25,0.102857142857143,0.36233065875923,0.0766666666666667,1.44932263503692,0.650117628314483,0.102857142857143
DTLZ2,20,25,12025,"S3_(0.50,0.75]",anchor_margin,top25,population_final,retention,FINAL,20,20,0.25,0.302,0.217467432072214,0.331,0.869869728288858,0.557742336354162,0.302
DTLZ2,20,25,12025,"S3_(0.50,0.75]",score_hybrid,top25,population_final,retention,FINAL,20,20,0.25,0.436,0.328802783142299,0.331,1.31521113256919,0.601954176404324,0.436
DTLZ2,20,25,12025,"S3_(0.50,0.75]",score_v,top25,population_final,retention,FINAL,20,20,0.25,0.43,0.325851670779938,0.331,1.30340668311975,0.549655653519906,0.43
DTLZ2,20,25,12025,"S4_(0.75,1.00]",anchor_margin,top25,population_final,retention,FINAL,21,21,0.25,0.773333333333333,0.263124664025131,0.734761904761905,1.05249865610052,0.57362125662875,0.773333333333333
DTLZ2,20,25,12025,"S4_(0.75,1.00]",score_hybrid,top25,population_final,retention,FINAL,21,21,0.25,0.685714285714286,0.234024293581213,0.734761904761905,0.936097174324853,0.493170464094596,0.685714285714286
DTLZ2,20,25,12025,"S4_(0.75,1.00]",score_v,top25,population_final,retention,FINAL,21,21,0.25,0.664761904761905,0.226838762908887,0.734761904761905,0.907355051635546,0.39936752671901,0.664761904761905
DTLZ4,10,1,21001,"S1_[0,0.25]",anchor_margin,top25,population_final,retention,FINAL,5,5,0.25,0.144,0.588888888888889,0.064,2.35555555555556,0.787801104884013,0.144
DTLZ4,10,1,21001,"S1_[0,0.25]",score_hybrid,top25,population_final,retention,FINAL,5,5,0.25,0.104,0.344444444444444,0.064,1.37777777777778,0.77320402688839,0.104
DTLZ4,10,1,21001,"S1_[0,0.25]",score_v,top25,population_final,retention,FINAL,5,5,0.25,0.008,0.0222222222222222,0.064,0.0888888888888889,0.0989964027612325,0.008
DTLZ4,10,1,21001,"S2_(0.25,0.50]",anchor_margin,top25,population_final,retention,FINAL,21,21,0.25,0.367619047619048,0.482675246646748,0.19,1.93070098658699,0.756059345328787,0.367619047619048
DTLZ4,10,1,21001,"S2_(0.25,0.50]",score_hybrid,top25,population_final,retention,FINAL,21,21,0.25,0.285714285714286,0.3808207388222,0.19,1.5232829552888,0.705714636700401,0.285714285714286
DTLZ4,10,1,21001,"S2_(0.25,0.50]",score_v,top25,population_final,retention,FINAL,21,21,0.25,0.158095238095238,0.208080536494859,0.19,0.832322145979435,0.390685822947045,0.158095238095238
DTLZ4,10,1,21001,"S3_(0.50,0.75]",anchor_margin,top25,population_final,retention,FINAL,20,20,0.25,0.558,0.351580723330511,0.406,1.40632289332204,0.613637018084653,0.558
DTLZ4,10,1,21001,"S3_(0.50,0.75]",score_hybrid,top25,population_final,retention,FINAL,20,20,0.25,0.476,0.29828837209944,0.406,1.19315348839776,0.564155661343296,0.476
DTLZ4,10,1,21001,"S3_(0.50,0.75]",score_v,top25,population_final,retention,FINAL,20,20,0.25,0.376,0.235019723279294,0.406,0.940078893117178,0.432229338679676,0.376
DTLZ4,10,1,21001,"S4_(0.75,1.00]",anchor_margin,top25,population_final,retention,FINAL,21,21,0.25,0.866666666666667,0.265969223014592,0.82047619047619,1.06387689205837,0.458537991338731,0.866666666666667
DTLZ4,10,1,21001,"S4_(0.75,1.00]",score_hybrid,top25,population_final,retention,FINAL,21,21,0.25,0.805714285714286,0.24465508863063,0.82047619047619,0.97862035452252,0.456552716521552,0.805714285714286
DTLZ4,10,1,21001,"S4_(0.75,1.00]",score_v,top25,population_final,retention,FINAL,21,21,0.25,0.815238095238095,0.246499967425152,0.82047619047619,0.985999869700606,0.451649824951917,0.815238095238095
DTLZ4,10,2,21002,"S1_[0,0.25]",anchor_margin,top25,population_final,retention,FINAL,5,5,0.25,0.312,0.5775,0.136,2.31,0.858845525437095,0.312
DTLZ4,10,2,21002,"S1_[0,0.25]",score_hybrid,top25,population_final,retention,FINAL,5,5,0.25,0.192,0.375595238095238,0.136,1.50238095238095,0.742133297258297,0.192
DTLZ4,10,2,21002,"S1_[0,0.25]",score_v,top25,population_final,retention,FINAL,5,5,0.25,0.0,0.0,0.136,0.0,0.230438211013792,0.0
DTLZ4,10,2,21002,"S2_(0.25,0.50]",anchor_margin,top25,population_final,retention,FINAL,21,21,0.25,0.594285714285714,0.596183449375692,0.256666666666667,2.38473379750277,0.815496596645884,0.594285714285714
DTLZ4,10,2,21002,"S2_(0.25,0.50]",score_hybrid,top25,population_final,retention,FINAL,21,21,0.25,0.24952380952381,0.241342246762963,0.256666666666667,0.96536898705185,0.650627333712424,0.24952380952381
DTLZ4,10,2,21002,"S2_(0.25,0.50]",score_v,top25,population_final,retention,FINAL,21,21,0.25,0.161904761904762,0.151698864289641,0.256666666666667,0.606795457158564,0.298636935934277,0.161904761904762
DTLZ4,10,2,21002,"S3_(0.50,0.75]",anchor_margin,top25,population_final,retention,FINAL,20,20,0.25,0.568,0.302179772938532,0.484,1.20871909175413,0.528543102608755,0.568
DTLZ4,10,2,21002,"S3_(0.50,0.75]",score_hybrid,top25,population_final,retention,FINAL,20,20,0.25,0.422,0.216075569622825,0.484,0.864302278491301,0.446720052686719,0.422
DTLZ4,10,2,21002,"S3_(0.50,0.75]",score_v,top25,population_final,retention,FINAL,20,20,0.25,0.344,0.176969457404574,0.484,0.707877829618297,0.331208993458382,0.344
DTLZ4,10,2,21002,"S4_(0.75,1.00]",anchor_margin,top25,population_final,retention,FINAL,21,21,0.25,0.88,0.27612106329979,0.801428571428571,1.10448425319916,0.551370277518829,0.88
DTLZ4,10,2,21002,"S4_(0.75,1.00]",score_hybrid,top25,population_final,retention,FINAL,21,21,0.25,0.811428571428572,0.253427696416494,0.801428571428571,1.01371078566598,0.491809493318957,0.811428571428572
DTLZ4,10,2,21002,"S4_(0.75,1.00]",score_v,top25,population_final,retention,FINAL,21,21,0.25,0.777142857142857,0.242509997046557,0.801428571428571,0.970039988186227,0.399918433844573,0.777142857142857
DTLZ4,10,3,21003,"S1_[0,0.25]",anchor_margin,top25,population_final,retention,FINAL,5,5,0.25,0.352,0.791499611499611,0.112,3.16599844599845,0.924279939011438,0.352
DTLZ4,10,3,21003,"S1_[0,0.25]",score_hybrid,top25,population_final,retention,FINAL,5,5,0.25,0.256,0.591484071484071,0.112,2.36593628593629,0.801758664943477,0.256
DTLZ4,10,3,21003,"S1_[0,0.25]",score_v,top25,population_final,retention,FINAL,5,5,0.25,0.032,0.0615384615384615,0.112,0.246153846153846,0.246513352418815,0.032
DTLZ4,10,3,21003,"S2_(0.25,0.50]",anchor_margin,top25,population_final,retention,FINAL,21,21,0.25,0.356190476190476,0.490333765431837,0.192380952380952,1.96133506172735,0.676340111398728,0.356190476190476
DTLZ4,10,3,21003,"S2_(0.25,0.50]",score_hybrid,top25,population_final,retention,FINAL,21,21,0.25,0.173333333333333,0.230392824790504,0.192380952380952,0.921571299162015,0.524474606688185,0.173333333333333
DTLZ4,10,3,21003,"S2_(0.25,0.50]",score_v,top25,population_final,retention,FINAL,21,21,0.25,0.106666666666667,0.145301182327171,0.192380952380952,0.581204729308685,0.315404499142981,0.106666666666667
DTLZ4,10,3,21003,"S3_(0.50,0.75]",anchor_margin,top25,population_final,retention,FINAL,20,20,0.25,0.586,0.419457591378071,0.3525,1.67783036551228,0.654880034966483,0.586
DTLZ4,10,3,21003,"S3_(0.50,0.75]",score_hybrid,top25,population_final,retention,FINAL,20,20,0.25,0.348,0.235170952594418,0.3525,0.940683810377673,0.559603939750091,0.348
DTLZ4,10,3,21003,"S3_(0.50,0.75]",score_v,top25,population_final,retention,FINAL,20,20,0.25,0.234,0.159599501676156,0.3525,0.638398006704626,0.344204492323418,0.234
DTLZ4,10,3,21003,"S4_(0.75,1.00]",anchor_margin,top25,population_final,retention,FINAL,21,21,0.25,0.80952380952381,0.286333168032997,0.724285714285714,1.14533267213199,0.525434150356536,0.80952380952381
DTLZ4,10,3,21003,"S4_(0.75,1.00]",score_hybrid,top25,population_final,retention,FINAL,21,21,0.25,0.822857142857143,0.290337853520085,0.724285714285714,1.16135141408034,0.575578256930404,0.822857142857143
DTLZ4,10,3,21003,"S4_(0.75,1.00]",score_v,top25,population_final,retention,FINAL,21,21,0.25,0.737142857142857,0.254306919626507,0.724285714285714,1.01722767850603,0.492826989503521,0.737142857142857
DTLZ4,10,4,21004,"S1_[0,0.25]",anchor_margin,top25,population_final,retention,FINAL,5,5,0.25,0.248,0.683145743145743,0.092,2.73258297258297,0.896417890554534,0.248
DTLZ4,10,4,21004,"S1_[0,0.25]",score_hybrid,top25,population_final,retention,FINAL,5,5,0.25,0.168,0.431399711399711,0.092,1.72559884559885,0.73675610885832,0.168
DTLZ4,10,4,21004,"S1_[0,0.25]",score_v,top25,population_final,retention,FINAL,5,5,0.25,0.04,0.0945454545454545,0.092,0.378181818181818,0.200511434600597,0.04
DTLZ4,10,4,21004,"S2_(0.25,0.50]",anchor_margin,top25,population_final,retention,FINAL,21,21,0.25,0.356190476190476,0.531924995172032,0.181904761904762,2.12769998068813,0.74106745387822,0.356190476190476
DTLZ4,10,4,21004,"S2_(0.25,0.50]",score_hybrid,top25,population_final,retention,FINAL,21,21,0.25,0.24952380952381,0.34488241044304,0.181904761904762,1.37952964177216,0.63562346651025,0.24952380952381
DTLZ4,10,4,21004,"S2_(0.25,0.50]",score_v,top25,population_final,retention,FINAL,21,21,0.25,0.188571428571429,0.263908071749518,0.181904761904762,1.05563228699807,0.449149355758969,0.188571428571429
DTLZ4,10,4,21004,"S3_(0.50,0.75]",anchor_margin,top25,population_final,retention,FINAL,20,20,0.25,0.538,0.327840967926454,0.4155,1.31136387170581,0.549508717589133,0.538
DTLZ4,10,4,21004,"S3_(0.50,0.75]",score_hybrid,top25,population_final,retention,FINAL,20,20,0.25,0.506,0.314299221069587,0.4155,1.25719688427835,0.537486840576282,0.506
DTLZ4,10,4,21004,"S3_(0.50,0.75]",score_v,top25,population_final,retention,FINAL,20,20,0.25,0.43,0.265978328073617,0.4155,1.06391331229447,0.522515539758776,0.43
DTLZ4,10,4,21004,"S4_(0.75,1.00]",anchor_margin,top25,population_final,retention,FINAL,21,21,0.25,0.718095238095238,0.2463984120133,0.733333333333333,0.9855936480532,0.41019545583852,0.718095238095238
DTLZ4,10,4,21004,"S4_(0.75,1.00]",score_hybrid,top25,population_final,retention,FINAL,21,21,0.25,0.636190476190476,0.216706712537176,0.733333333333333,0.866826850148704,0.403751200502965,0.636190476190476
DTLZ4,10,4,21004,"S4_(0.75,1.00]",score_v,top25,population_final,retention,FINAL,21,21,0.25,0.632380952380952,0.214100180677529,0.733333333333333,0.856400722710116,0.395545085913875,0.632380952380952
DTLZ4,10,5,21005,"S1_[0,0.25]",anchor_margin,top25,population_final,retention,FINAL,5,5,0.25,0.104,0.377222222222222,0.068,1.50888888888889,0.761731741546399,0.104
DTLZ4,10,5,21005,"S1_[0,0.25]",score_hybrid,top25,population_final,retention,FINAL,5,5,0.25,0.168,0.627222222222222,0.068,2.50888888888889,0.809794383474638,0.168
DTLZ4,10,5,21005,"S1_[0,0.25]",score_v,top25,population_final,retention,FINAL,5,5,0.25,0.096,0.322222222222222,0.068,1.28888888888889,0.471141904727425,0.096
DTLZ4,10,5,21005,"S2_(0.25,0.50]",anchor_margin,top25,population_final,retention,FINAL,21,21,0.25,0.28952380952381,0.317849059744934,0.229047619047619,1.27139623897974,0.625511634019187,0.28952380952381
DTLZ4,10,5,21005,"S2_(0.25,0.50]",score_hybrid,top25,population_final,retention,FINAL,21,21,0.25,0.323809523809524,0.358426375123031,0.229047619047619,1.43370550049213,0.656147381895623,0.323809523809524
DTLZ4,10,5,21005,"S2_(0.25,0.50]",score_v,top25,population_final,retention,FINAL,21,21,0.25,0.272380952380952,0.288013318868623,0.229047619047619,1.15205327547449,0.548135864655004,0.272380952380952
DTLZ4,10,5,21005,"S3_(0.50,0.75]",anchor_margin,top25,population_final,retention,FINAL,20,20,0.25,0.682,0.33767127996655,0.5085,1.3506851198662,0.661921435223956,0.682
DTLZ4,10,5,21005,"S3_(0.50,0.75]",score_hybrid,top25,population_final,retention,FINAL,20,20,0.25,0.566,0.281834466263913,0.5085,1.12733786505565,0.59644423700318,0.566
DTLZ4,10,5,21005,"S3_(0.50,0.75]",score_v,top25,population_final,retention,FINAL,20,20,0.25,0.466,0.234374801829796,0.5085,0.937499207319183,0.524019543526444,0.466
DTLZ4,10,5,21005,"S4_(0.75,1.00]",anchor_margin,top25,population_final,retention,FINAL,21,21,0.25,0.927619047619048,0.281481779909864,0.828095238095238,1.12592711963946,0.616410924171919,0.927619047619048
DTLZ4,10,5,21005,"S4_(0.75,1.00]",score_hybrid,top25,population_final,retention,FINAL,21,21,0.25,0.866666666666667,0.262944762572128,0.828095238095238,1.05177905028851,0.505407753785036,0.866666666666667
DTLZ4,10,5,21005,"S4_(0.75,1.00]",score_v,top25,population_final,retention,FINAL,21,21,0.25,0.790476190476191,0.237840385754575,0.828095238095238,0.951361543018302,0.408743904129604,0.790476190476191
DTLZ4,10,6,21006,"S1_[0,0.25]",anchor_margin,top25,population_final,retention,FINAL,5,5,0.25,0.168,0.477655122655123,0.09,1.91062049062049,0.806731027651891,0.168
DTLZ4,10,6,21006,"S1_[0,0.25]",score_hybrid,top25,population_final,retention,FINAL,5,5,0.25,0.32,0.886024531024531,0.09,3.54409812409812,0.916612435334984,0.32
DTLZ4,10,6,21006,"S1_[0,0.25]",score_v,top25,population_final,retention,FINAL,5,5,0.25,0.24,0.648152958152958,0.09,2.59261183261183,0.731620963260877,0.24
DTLZ4,10,6,21006,"S2_(0.25,0.50]",anchor_margin,top25,population_final,retention,FINAL,21,21,0.25,0.361904761904762,0.434392405452601,0.212380952380952,1.7375696218104,0.692630320380898,0.361904761904762
DTLZ4,10,6,21006,"S2_(0.25,0.50]",score_hybrid,top25,population_final,retention,FINAL,21,21,0.25,0.327619047619048,0.418701235336462,0.212380952380952,1.67480494134585,0.720781062861207,0.327619047619048
DTLZ4,10,6,21006,"S2_(0.25,0.50]",score_v,top25,population_final,retention,FINAL,21,21,0.25,0.259047619047619,0.325804672837601,0.212380952380952,1.3032186913504,0.589645054143532,0.259047619047619
DTLZ4,10,6,21006,"S3_(0.50,0.75]",anchor_margin,top25,population_final,retention,FINAL,20,20,0.25,0.376,0.267916049924608,0.3555,1.07166419969843,0.527154473227481,0.376
DTLZ4,10,6,21006,"S3_(0.50,0.75]",score_hybrid,top25,population_final,retention,FINAL,20,20,0.25,0.302,0.204354517787063,0.3555,0.817418071148253,0.481060579219335,0.302
DTLZ4,10,6,21006,"S3_(0.50,0.75]",score_v,top25,population_final,retention,FINAL,20,20,0.25,0.264,0.172094029952463,0.3555,0.688376119809854,0.419740109757829,0.264
DTLZ4,10,6,21006,"S4_(0.75,1.00]",anchor_margin,top25,population_final,retention,FINAL,21,21,0.25,0.693333333333333,0.229914794959325,0.743809523809524,0.919659179837301,0.499800841885036,0.693333333333333
DTLZ4,10,6,21006,"S4_(0.75,1.00]",score_hybrid,top25,population_final,retention,FINAL,21,21,0.25,0.754285714285714,0.253693132059432,0.743809523809524,1.01477252823773,0.487438521691708,0.754285714285714
DTLZ4,10,6,21006,"S4_(0.75,1.00]",score_v,top25,population_final,retention,FINAL,21,21,0.25,0.767619047619048,0.260203596823558,0.743809523809524,1.04081438729423,0.471179998029157,0.767619047619048
DTLZ4,10,7,21007,"S1_[0,0.25]",anchor_margin,top25,population_final,retention,FINAL,5,5,0.25,0.16,0.8,0.05,3.2,0.881263157894737,0.16
DTLZ4,10,7,21007,"S1_[0,0.25]",score_hybrid,top25,population_final,retention,FINAL,5,5,0.25,0.152,0.76,0.05,3.04,0.803368421052632,0.152
DTLZ4,10,7,21007,"S1_[0,0.25]",score_v,top25,population_final,retention,FINAL,5,5,0.25,0.008,0.04,0.05,0.16,0.312842105263158,0.008
DTLZ4,10,7,21007,"S2_(0.25,0.50]",anchor_margin,top25,population_final,retention,FINAL,21,21,0.25,0.139047619047619,0.293073551797808,0.140952380952381,1.17229420719123,0.580294173322261,0.139047619047619
DTLZ4,10,7,21007,"S2_(0.25,0.50]",score_hybrid,top25,population_final,retention,FINAL,21,21,0.25,0.173333333333333,0.315058304601456,0.140952380952381,1.26023321840582,0.610940375599923,0.173333333333333
DTLZ4,10,7,21007,"S2_(0.25,0.50]",score_v,top25,population_final,retention,FINAL,21,21,0.25,0.114285714285714,0.199772432838794,0.140952380952381,0.799089731355178,0.464911534123978,0.114285714285714
DTLZ4,10,7,21007,"S3_(0.50,0.75]",anchor_margin,top25,population_final,retention,FINAL,20,20,0.25,0.308,0.210380707995892,0.3585,0.841522831983566,0.46646545496014,0.308
DTLZ4,10,7,21007,"S3_(0.50,0.75]",score_hybrid,top25,population_final,retention,FINAL,20,20,0.25,0.298,0.207722695720181,0.3585,0.830890782880724,0.458389609862063,0.298
DTLZ4,10,7,21007,"S3_(0.50,0.75]",score_v,top25,population_final,retention,FINAL,20,20,0.25,0.254,0.173774842816597,0.3585,0.69509937126639,0.421111069872114,0.254
DTLZ4,10,7,21007,"S4_(0.75,1.00]",anchor_margin,top25,population_final,retention,FINAL,21,21,0.25,0.80952380952381,0.270645031553562,0.748095238095238,1.08258012621425,0.577062468064174,0.80952380952381
DTLZ4,10,7,21007,"S4_(0.75,1.00]",score_hybrid,top25,population_final,retention,FINAL,21,21,0.25,0.784761904761905,0.262813227215489,0.748095238095238,1.05125290886196,0.562587597327367,0.784761904761905
DTLZ4,10,7,21007,"S4_(0.75,1.00]",score_v,top25,population_final,retention,FINAL,21,21,0.25,0.742857142857143,0.250119019177845,0.748095238095238,1.00047607671138,0.490687947933062,0.742857142857143
DTLZ4,10,8,21008,"S1_[0,0.25]",anchor_margin,top25,population_final,retention,FINAL,5,5,0.25,0.088,0.54,0.04,2.16,0.830027853138,0.088
DTLZ4,10,8,21008,"S1_[0,0.25]",score_hybrid,top25,population_final,retention,FINAL,5,5,0.25,0.112,0.706666666666667,0.04,2.82666666666667,0.812326211792368,0.112
DTLZ4,10,8,21008,"S1_[0,0.25]",score_v,top25,population_final,retention,FINAL,5,5,0.25,0.024,0.13,0.04,0.52,0.420843133930186,0.024
DTLZ4,10,8,21008,"S2_(0.25,0.50]",anchor_margin,top25,population_final,retention,FINAL,21,21,0.25,0.179047619047619,0.393350498707642,0.116666666666667,1.57340199483057,0.616349557890963,0.179047619047619
DTLZ4,10,8,21008,"S2_(0.25,0.50]",score_hybrid,top25,population_final,retention,FINAL,21,21,0.25,0.163809523809524,0.366830523973381,0.116666666666667,1.46732209589352,0.613130122679726,0.163809523809524
DTLZ4,10,8,21008,"S2_(0.25,0.50]",score_v,top25,population_final,retention,FINAL,21,21,0.25,0.152380952380952,0.334593316736174,0.116666666666667,1.3383732669447,0.551779007371475,0.152380952380952
DTLZ4,10,8,21008,"S3_(0.50,0.75]",anchor_margin,top25,population_final,retention,FINAL,20,20,0.25,0.344,0.264017608434204,0.304,1.05607043373681,0.535559826373781,0.344
DTLZ4,10,8,21008,"S3_(0.50,0.75]",score_hybrid,top25,population_final,retention,FINAL,20,20,0.25,0.392,0.301982952980864,0.304,1.20793181192346,0.562148309952802,0.392
DTLZ4,10,8,21008,"S3_(0.50,0.75]",score_v,top25,population_final,retention,FINAL,20,20,0.25,0.36,0.273918533080273,0.304,1.09567413232109,0.560296747520345,0.36
DTLZ4,10,8,21008,"S4_(0.75,1.00]",anchor_margin,top25,population_final,retention,FINAL,21,21,0.25,0.76,0.280990395475553,0.683333333333333,1.12396158190221,0.548043542976399,0.76
DTLZ4,10,8,21008,"S4_(0.75,1.00]",score_hybrid,top25,population_final,retention,FINAL,21,21,0.25,0.771428571428572,0.287725196480873,0.683333333333333,1.15090078592349,0.555951045777142,0.771428571428572
DTLZ4,10,8,21008,"S4_(0.75,1.00]",score_v,top25,population_final,retention,FINAL,21,21,0.25,0.693333333333333,0.256287623771864,0.683333333333333,1.02515049508746,0.515550674207229,0.693333333333333
DTLZ4,10,9,21009,"S1_[0,0.25]",anchor_margin,top25,population_final,retention,FINAL,5,5,0.25,0.12,0.54,0.056,2.16,0.831267637178052,0.12
DTLZ4,10,9,21009,"S1_[0,0.25]",score_hybrid,top25,population_final,retention,FINAL,5,5,0.25,0.088,0.4,0.056,1.6,0.767341545352744,0.088
DTLZ4,10,9,21009,"S1_[0,0.25]",score_v,top25,population_final,retention,FINAL,5,5,0.25,0.016,0.0666666666666667,0.056,0.266666666666667,0.182883911907428,0.016
DTLZ4,10,9,21009,"S2_(0.25,0.50]",anchor_margin,top25,population_final,retention,FINAL,21,21,0.25,0.179047619047619,0.484086614443758,0.103809523809524,1.93634645777503,0.702472351581362,0.179047619047619
DTLZ4,10,9,21009,"S2_(0.25,0.50]",score_hybrid,top25,population_final,retention,FINAL,21,21,0.25,0.123809523809524,0.312658043015186,0.103809523809524,1.25063217206074,0.631844493305956,0.123809523809524
DTLZ4,10,9,21009,"S2_(0.25,0.50]",score_v,top25,population_final,retention,FINAL,21,21,0.25,0.0495238095238095,0.0931062323919467,0.103809523809524,0.372424929567787,0.278125873338992,0.0495238095238095
DTLZ4,10,9,21009,"S3_(0.50,0.75]",anchor_margin,top25,population_final,retention,FINAL,20,20,0.25,0.372,0.272818960261994,0.3415,1.09127584104798,0.526726563927895,0.372
DTLZ4,10,9,21009,"S3_(0.50,0.75]",score_hybrid,top25,population_final,retention,FINAL,20,20,0.25,0.306,0.227356072370912,0.3415,0.909424289483648,0.491641016303471,0.306
DTLZ4,10,9,21009,"S3_(0.50,0.75]",score_v,top25,population_final,retention,FINAL,20,20,0.25,0.286,0.217174825640334,0.3415,0.868699302561335,0.427448465936575,0.286
DTLZ4,10,9,21009,"S4_(0.75,1.00]",anchor_margin,top25,population_final,retention,FINAL,21,21,0.25,0.868571428571429,0.281424069760443,0.778095238095238,1.12569627904177,0.571165537486946,0.868571428571429
DTLZ4,10,9,21009,"S4_(0.75,1.00]",score_hybrid,top25,population_final,retention,FINAL,21,21,0.25,0.739047619047619,0.234809594729935,0.778095238095238,0.939238378919738,0.550033934213573,0.739047619047619
DTLZ4,10,9,21009,"S4_(0.75,1.00]",score_v,top25,population_final,retention,FINAL,21,21,0.25,0.700952380952381,0.219929509858683,0.778095238095238,0.87971803943473,0.465865433701288,0.700952380952381
DTLZ4,10,10,21010,"S1_[0,0.25]",anchor_margin,top25,population_final,retention,FINAL,5,5,0.25,0.184,0.704761904761905,0.064,2.81904761904762,0.889477726574501,0.184
DTLZ4,10,10,21010,"S1_[0,0.25]",score_hybrid,top25,population_final,retention,FINAL,5,5,0.25,0.168,0.638095238095238,0.064,2.55238095238095,0.805196587900775,0.168
DTLZ4,10,10,21010,"S1_[0,0.25]",score_v,top25,population_final,retention,FINAL,5,5,0.25,0.0,0.0,0.064,0.0,0.260729810112103,0.0
DTLZ4,10,10,21010,"S2_(0.25,0.50]",anchor_margin,top25,population_final,retention,FINAL,21,21,0.25,0.310476190476191,0.568257036794189,0.142380952380952,2.27302814717675,0.748880902094675,0.310476190476191
DTLZ4,10,10,21010,"S2_(0.25,0.50]",score_hybrid,top25,population_final,retention,FINAL,21,21,0.25,0.102857142857143,0.207696257049419,0.142380952380952,0.830785028197677,0.581646433207169,0.102857142857143
DTLZ4,10,10,21010,"S2_(0.25,0.50]",score_v,top25,population_final,retention,FINAL,21,21,0.25,0.0361904761904762,0.0498815315599924,0.142380952380952,0.19952612623997,0.324594712578064,0.0361904761904762
DTLZ4,10,10,21010,"S3_(0.50,0.75]",anchor_margin,top25,population_final,retention,FINAL,20,20,0.25,0.424,0.308124376233241,0.3425,1.23249750493297,0.539423526542398,0.424
DTLZ4,10,10,21010,"S3_(0.50,0.75]",score_hybrid,top25,population_final,retention,FINAL,20,20,0.25,0.428,0.309350604016911,0.3425,1.23740241606764,0.535827889151129,0.428
DTLZ4,10,10,21010,"S3_(0.50,0.75]",score_v,top25,population_final,retention,FINAL,20,20,0.25,0.398,0.293124799389684,0.3425,1.17249919755874,0.467973323166408,0.398
DTLZ4,10,10,21010,"S4_(0.75,1.00]",anchor_margin,top25,population_final,retention,FINAL,21,21,0.25,0.792380952380953,0.274590881773711,0.731428571428572,1.09836352709484,0.509555541382283,0.792380952380953
DTLZ4,10,10,21010,"S4_(0.75,1.00]",score_hybrid,top25,population_final,retention,FINAL,21,21,0.25,0.761904761904762,0.262134734238816,0.731428571428572,1.04853893695526,0.506560127498833,0.761904761904762
DTLZ4,10,10,21010,"S4_(0.75,1.00]",score_v,top25,population_final,retention,FINAL,21,21,0.25,0.761904761904762,0.259347055080976,0.731428571428572,1.0373882203239,0.483408389245227,0.761904761904762
DTLZ4,10,11,21011,"S1_[0,0.25]",anchor_margin,top25,population_final,retention,FINAL,5,5,0.25,0.24,0.662272727272727,0.09,2.64909090909091,0.867326359590038,0.24
DTLZ4,10,11,21011,"S1_[0,0.25]",score_hybrid,top25,population_final,retention,FINAL,5,5,0.25,0.288,0.812272727272727,0.09,3.24909090909091,0.866315186550409,0.288
DTLZ4,10,11,21011,"S1_[0,0.25]",score_v,top25,population_final,retention,FINAL,5,5,0.25,0.112,0.309545454545455,0.09,1.23818181818182,0.513874646563337,0.112
DTLZ4,10,11,21011,"S2_(0.25,0.50]",anchor_margin,top25,population_final,retention,FINAL,21,21,0.25,0.365714285714286,0.580081263274541,0.165238095238095,2.32032505309816,0.769894659164598,0.365714285714286
DTLZ4,10,11,21011,"S2_(0.25,0.50]",score_hybrid,top25,population_final,retention,FINAL,21,21,0.25,0.219047619047619,0.346034695929654,0.165238095238095,1.38413878371862,0.622722727041578,0.219047619047619
DTLZ4,10,11,21011,"S2_(0.25,0.50]",score_v,top25,population_final,retention,FINAL,21,21,0.25,0.0723809523809524,0.122920706744236,0.165238095238095,0.491682826976945,0.388209275896452,0.0723809523809524
DTLZ4,10,11,21011,"S3_(0.50,0.75]",anchor_margin,top25,population_final,retention,FINAL,20,20,0.25,0.514,0.423716546714352,0.3195,1.69486618685741,0.684782298980703,0.514
DTLZ4,10,11,21011,"S3_(0.50,0.75]",score_hybrid,top25,population_final,retention,FINAL,20,20,0.25,0.33,0.242646611875988,0.3195,0.970586447503952,0.564057614356452,0.33
DTLZ4,10,11,21011,"S3_(0.50,0.75]",score_v,top25,population_final,retention,FINAL,20,20,0.25,0.224,0.143496563309172,0.3195,0.573986253236686,0.382118850023711,0.224
DTLZ4,10,11,21011,"S4_(0.75,1.00]",anchor_margin,top25,population_final,retention,FINAL,21,21,0.25,0.788571428571429,0.250552341184687,0.78952380952381,1.00220936473875,0.437774892396694,0.788571428571429
DTLZ4,10,11,21011,"S4_(0.75,1.00]",score_hybrid,top25,population_final,retention,FINAL,21,21,0.25,0.779047619047619,0.246853411530179,0.78952380952381,0.987413646120715,0.412783374755713,0.779047619047619
DTLZ4,10,11,21011,"S4_(0.75,1.00]",score_v,top25,population_final,retention,FINAL,21,21,0.25,0.708571428571429,0.221790897581993,0.78952380952381,0.887163590327974,0.383777653259327,0.708571428571429
DTLZ4,10,12,21012,"S1_[0,0.25]",anchor_margin,top25,population_final,retention,FINAL,5,5,0.25,0.112,0.595,0.054,2.38,0.832563794968788,0.112
DTLZ4,10,12,21012,"S1_[0,0.25]",score_hybrid,top25,population_final,retention,FINAL,5,5,0.25,0.16,0.75,0.054,3.0,0.81514757779542,0.16
DTLZ4,10,12,21012,"S1_[0,0.25]",score_v,top25,population_final,retention,FINAL,5,5,0.25,0.056,0.215,0.054,0.86,0.476930523124582,0.056
DTLZ4,10,12,21012,"S2_(0.25,0.50]",anchor_margin,top25,population_final,retention,FINAL,21,21,0.25,0.260952380952381,0.469982817394986,0.150952380952381,1.87993126957994,0.667043721739106,0.260952380952381
DTLZ4,10,12,21012,"S2_(0.25,0.50]",score_hybrid,top25,population_final,retention,FINAL,21,21,0.25,0.192380952380952,0.344953708441392,0.150952380952381,1.37981483376557,0.611746681316681,0.192380952380952
DTLZ4,10,12,21012,"S2_(0.25,0.50]",score_v,top25,population_final,retention,FINAL,21,21,0.25,0.0990476190476191,0.1691231441467,0.150952380952381,0.676492576586802,0.439679978972549,0.0990476190476191
DTLZ4,10,12,21012,"S3_(0.50,0.75]",anchor_margin,top25,population_final,retention,FINAL,20,20,0.25,0.492,0.326804620060456,0.37,1.30721848024183,0.551339847419184,0.492
DTLZ4,10,12,21012,"S3_(0.50,0.75]",score_hybrid,top25,population_final,retention,FINAL,20,20,0.25,0.446,0.297006991206124,0.37,1.18802796482449,0.509496064463852,0.446
DTLZ4,10,12,21012,"S3_(0.50,0.75]",score_v,top25,population_final,retention,FINAL,20,20,0.25,0.338,0.213752594847503,0.37,0.855010379390011,0.417330024507268,0.338
DTLZ4,10,12,21012,"S4_(0.75,1.00]",anchor_margin,top25,population_final,retention,FINAL,21,21,0.25,0.794285714285714,0.289332415084367,0.706190476190476,1.15732966033747,0.508917488387054,0.794285714285714
DTLZ4,10,12,21012,"S4_(0.75,1.00]",score_hybrid,top25,population_final,retention,FINAL,21,21,0.25,0.695238095238095,0.251396163194318,0.706190476190476,1.00558465277727,0.459885681031624,0.695238095238095
DTLZ4,10,12,21012,"S4_(0.75,1.00]",score_v,top25,population_final,retention,FINAL,21,21,0.25,0.575238095238095,0.20305750880211,0.706190476190476,0.812230035208439,0.393413161624083,0.575238095238095
DTLZ4,10,13,21013,"S1_[0,0.25]",anchor_margin,top25,population_final,retention,FINAL,5,5,0.25,0.272,0.795555555555556,0.086,3.18222222222222,0.899591787439613,0.272
DTLZ4,10,13,21013,"S1_[0,0.25]",score_hybrid,top25,population_final,retention,FINAL,5,5,0.25,0.264,0.775555555555556,0.086,3.10222222222222,0.836769907628603,0.264
DTLZ4,10,13,21013,"S1_[0,0.25]",score_v,top25,population_final,retention,FINAL,5,5,0.25,0.056,0.159444444444444,0.086,0.637777777777778,0.429844481605351,0.056
DTLZ4,10,13,21013,"S2_(0.25,0.50]",anchor_margin,top25,population_final,retention,FINAL,21,21,0.25,0.377142857142857,0.491192585458203,0.205238095238095,1.96477034183281,0.712371550370872,0.377142857142857
DTLZ4,10,13,21013,"S2_(0.25,0.50]",score_hybrid,top25,population_final,retention,FINAL,21,21,0.25,0.32,0.395916522119332,0.205238095238095,1.58366608847733,0.660385416152999,0.32
DTLZ4,10,13,21013,"S2_(0.25,0.50]",score_v,top25,population_final,retention,FINAL,21,21,0.25,0.228571428571429,0.269959162652603,0.205238095238095,1.07983665061041,0.476947816177715,0.228571428571429
DTLZ4,10,13,21013,"S3_(0.50,0.75]",anchor_margin,top25,population_final,retention,FINAL,20,20,0.25,0.594,0.32764219176217,0.462,1.31056876704868,0.550085372410615,0.594
DTLZ4,10,13,21013,"S3_(0.50,0.75]",score_hybrid,top25,population_final,retention,FINAL,20,20,0.25,0.558,0.304615018277399,0.462,1.2184600731096,0.511771374177699,0.558
DTLZ4,10,13,21013,"S3_(0.50,0.75]",score_v,top25,population_final,retention,FINAL,20,20,0.25,0.416,0.22392870391432,0.462,0.895714815657282,0.478668357987671,0.416
DTLZ4,10,13,21013,"S4_(0.75,1.00]",anchor_margin,top25,population_final,retention,FINAL,21,21,0.25,0.8,0.254736029453746,0.789047619047619,1.01894411781498,0.444182491358775,0.8
DTLZ4,10,13,21013,"S4_(0.75,1.00]",score_hybrid,top25,population_final,retention,FINAL,21,21,0.25,0.740952380952381,0.237116789055658,0.789047619047619,0.948467156222634,0.403746183303555,0.740952380952381
DTLZ4,10,13,21013,"S4_(0.75,1.00]",score_v,top25,population_final,retention,FINAL,21,21,0.25,0.699047619047619,0.222692294196151,0.789047619047619,0.890769176784605,0.396913582826841,0.699047619047619
DTLZ4,10,14,21014,"S1_[0,0.25]",anchor_margin,top25,population_final,retention,FINAL,5,5,0.25,0.112,0.75,0.038,3.0,0.854888853092784,0.112
DTLZ4,10,14,21014,"S1_[0,0.25]",score_hybrid,top25,population_final,retention,FINAL,5,5,0.25,0.128,0.85,0.038,3.4,0.839110824742268,0.128
DTLZ4,10,14,21014,"S1_[0,0.25]",score_v,top25,population_final,retention,FINAL,5,5,0.25,0.072,0.466666666666667,0.038,1.86666666666667,0.655251288659794,0.072
DTLZ4,10,14,21014,"S2_(0.25,0.50]",anchor_margin,top25,population_final,retention,FINAL,21,21,0.25,0.0819047619047619,0.313639006496149,0.0695238095238095,1.2545560259846,0.615462347193209,0.0819047619047619
DTLZ4,10,14,21014,"S2_(0.25,0.50]",score_hybrid,top25,population_final,retention,FINAL,21,21,0.25,0.0971428571428571,0.360653367796225,0.0695238095238095,1.4426134711849,0.594799508971976,0.0971428571428571
DTLZ4,10,14,21014,"S2_(0.25,0.50]",score_v,top25,population_final,retention,FINAL,21,21,0.25,0.0666666666666667,0.219310847882276,0.0695238095238095,0.877243391529106,0.498699298114905,0.0666666666666667
DTLZ4,10,14,21014,"S3_(0.50,0.75]",anchor_margin,top25,population_final,retention,FINAL,20,20,0.25,0.332,0.353691529119628,0.2395,1.41476611647851,0.591156094880179,0.332
DTLZ4,10,14,21014,"S3_(0.50,0.75]",score_hybrid,top25,population_final,retention,FINAL,20,20,0.25,0.356,0.371767396244391,0.2395,1.48706958497756,0.604175027676568,0.356
DTLZ4,10,14,21014,"S3_(0.50,0.75]",score_v,top25,population_final,retention,FINAL,20,20,0.25,0.29,0.287962925942742,0.2395,1.15185170377097,0.576774658294951,0.29
DTLZ4,10,14,21014,"S4_(0.75,1.00]",anchor_margin,top25,population_final,retention,FINAL,21,21,0.25,0.674285714285714,0.268370014169486,0.636666666666667,1.07348005667794,0.602273915370113,0.674285714285714
DTLZ4,10,14,21014,"S4_(0.75,1.00]",score_hybrid,top25,population_final,retention,FINAL,21,21,0.25,0.748571428571429,0.303752828671895,0.636666666666667,1.21501131468758,0.624938750452462,0.748571428571429
DTLZ4,10,14,21014,"S4_(0.75,1.00]",score_v,top25,population_final,retention,FINAL,21,21,0.25,0.718095238095238,0.293932989088193,0.636666666666667,1.17573195635277,0.625854260253649,0.718095238095238
DTLZ4,10,15,21015,"S1_[0,0.25]",anchor_margin,top25,population_final,retention,FINAL,5,5,0.25,0.264,0.699646464646465,0.096,2.79858585858586,0.865109910003962,0.264
DTLZ4,10,15,21015,"S1_[0,0.25]",score_hybrid,top25,population_final,retention,FINAL,5,5,0.25,0.28,0.732828282828283,0.096,2.93131313131313,0.846878721099776,0.28
DTLZ4,10,15,21015,"S1_[0,0.25]",score_v,top25,population_final,retention,FINAL,5,5,0.25,0.048,0.122626262626263,0.096,0.490505050505051,0.455691410296808,0.048
DTLZ4,10,15,21015,"S2_(0.25,0.50]",anchor_margin,top25,population_final,retention,FINAL,21,21,0.25,0.310476190476191,0.43102130479676,0.185714285714286,1.72408521918704,0.706177048556668,0.310476190476191
DTLZ4,10,15,21015,"S2_(0.25,0.50]",score_hybrid,top25,population_final,retention,FINAL,21,21,0.25,0.224761904761905,0.307805559698431,0.185714285714286,1.23122223879373,0.652647228896802,0.224761904761905
DTLZ4,10,15,21015,"S2_(0.25,0.50]",score_v,top25,population_final,retention,FINAL,21,21,0.25,0.146666666666667,0.189416015579891,0.185714285714286,0.757664062319563,0.420365079623469,0.146666666666667
DTLZ4,10,15,21015,"S3_(0.50,0.75]",anchor_margin,top25,population_final,retention,FINAL,20,20,0.25,0.56,0.357372472303955,0.3955,1.42948988921582,0.589342654192541,0.56
DTLZ4,10,15,21015,"S3_(0.50,0.75]",score_hybrid,top25,population_final,retention,FINAL,20,20,0.25,0.466,0.295952905331325,0.3955,1.1838116213253,0.566393053330511,0.466
DTLZ4,10,15,21015,"S3_(0.50,0.75]",score_v,top25,population_final,retention,FINAL,20,20,0.25,0.386,0.242880659575817,0.3955,0.971522638303267,0.467249075750421,0.386
DTLZ4,10,15,21015,"S4_(0.75,1.00]",anchor_margin,top25,population_final,retention,FINAL,21,21,0.25,0.822857142857143,0.297933548906891,0.697619047619048,1.19173419562756,0.681973019489834,0.822857142857143
DTLZ4,10,15,21015,"S4_(0.75,1.00]",score_hybrid,top25,population_final,retention,FINAL,21,21,0.25,0.828571428571429,0.297756027905004,0.697619047619048,1.19102411162002,0.696360030367388,0.828571428571429
DTLZ4,10,15,21015,"S4_(0.75,1.00]",score_v,top25,population_final,retention,FINAL,21,21,0.25,0.725714285714286,0.257339960226648,0.697619047619048,1.02935984090659,0.639922199006744,0.725714285714286
DTLZ4,10,16,21016,"S1_[0,0.25]",anchor_margin,top25,population_final,retention,FINAL,5,5,0.25,0.072,0.283333333333333,0.06,1.13333333333333,0.745789729802652,0.072
DTLZ4,10,16,21016,"S1_[0,0.25]",score_hybrid,top25,population_final,retention,FINAL,5,5,0.25,0.216,0.925,0.06,3.7,0.891448889916744,0.216
DTLZ4,10,16,21016,"S1_[0,0.25]",score_v,top25,population_final,retention,FINAL,5,5,0.25,0.112,0.425,0.06,1.7,0.707255531144003,0.112
DTLZ4,10,16,21016,"S2_(0.25,0.50]",anchor_margin,top25,population_final,retention,FINAL,21,21,0.25,0.211428571428571,0.367177986804258,0.158571428571429,1.46871194721703,0.630076385256579,0.211428571428571
DTLZ4,10,16,21016,"S2_(0.25,0.50]",score_hybrid,top25,population_final,retention,FINAL,21,21,0.25,0.293333333333333,0.485556462801045,0.158571428571429,1.94222585120418,0.732569495121031,0.293333333333333
DTLZ4,10,16,21016,"S2_(0.25,0.50]",score_v,top25,population_final,retention,FINAL,21,21,0.25,0.32,0.508944450474747,0.158571428571429,2.03577780189899,0.713859995221259,0.32
DTLZ4,10,16,21016,"S3_(0.50,0.75]",anchor_margin,top25,population_final,retention,FINAL,20,20,0.25,0.538,0.299804842049287,0.448,1.19921936819715,0.590600075386456,0.538
DTLZ4,10,16,21016,"S3_(0.50,0.75]",score_hybrid,top25,population_final,retention,FINAL,20,20,0.25,0.596,0.336812867994824,0.448,1.3472514719793,0.642040302514692,0.596
DTLZ4,10,16,21016,"S3_(0.50,0.75]",score_v,top25,population_final,retention,FINAL,20,20,0.25,0.682,0.388349568404136,0.448,1.55339827361655,0.727935218852131,0.682
DTLZ4,10,16,21016,"S4_(0.75,1.00]",anchor_margin,top25,population_final,retention,FINAL,21,21,0.25,0.862857142857143,0.267285719065754,0.809047619047619,1.06914287626301,0.570717287515176,0.862857142857143
DTLZ4,10,16,21016,"S4_(0.75,1.00]",score_hybrid,top25,population_final,retention,FINAL,21,21,0.25,0.939047619047619,0.292120933975431,0.809047619047619,1.16848373590172,0.562740122742086,0.939047619047619
DTLZ4,10,16,21016,"S4_(0.75,1.00]",score_v,top25,population_final,retention,FINAL,21,21,0.25,0.866666666666667,0.269439878980338,0.809047619047619,1.07775951592135,0.618109803475743,0.866666666666667
DTLZ4,10,17,21017,"S1_[0,0.25]",anchor_margin,top25,population_final,retention,FINAL,5,5,0.25,0.256,0.695555555555556,0.092,2.78222222222222,0.866606837606838,0.256
DTLZ4,10,17,21017,"S1_[0,0.25]",score_hybrid,top25,population_final,retention,FINAL,5,5,0.25,0.248,0.675555555555556,0.092,2.70222222222222,0.847167277167277,0.248
DTLZ4,10,17,21017,"S1_[0,0.25]",score_v,top25,population_final,retention,FINAL,5,5,0.25,0.104,0.28,0.092,1.12,0.496835164835165,0.104
DTLZ4,10,17,21017,"S2_(0.25,0.50]",anchor_margin,top25,population_final,retention,FINAL,21,21,0.25,0.274285714285714,0.440143447269719,0.166190476190476,1.76057378907888,0.667636660561565,0.274285714285714
DTLZ4,10,17,21017,"S2_(0.25,0.50]",score_hybrid,top25,population_final,retention,FINAL,21,21,0.25,0.24,0.367134428302053,0.166190476190476,1.46853771320821,0.650527948544432,0.24
DTLZ4,10,17,21017,"S2_(0.25,0.50]",score_v,top25,population_final,retention,FINAL,21,21,0.25,0.173333333333333,0.264497033017599,0.166190476190476,1.0579881320704,0.428046445065313,0.173333333333333
DTLZ4,10,17,21017,"S3_(0.50,0.75]",anchor_margin,top25,population_final,retention,FINAL,20,20,0.25,0.508,0.312893061470176,0.413,1.2515722458807,0.547545227866028,0.508
DTLZ4,10,17,21017,"S3_(0.50,0.75]",score_hybrid,top25,population_final,retention,FINAL,20,20,0.25,0.48,0.292920491134481,0.413,1.17168196453792,0.561543307117469,0.48
DTLZ4,10,17,21017,"S3_(0.50,0.75]",score_v,top25,population_final,retention,FINAL,20,20,0.25,0.464,0.28230807404258,0.413,1.12923229617032,0.515580926215954,0.464
DTLZ4,10,17,21017,"S4_(0.75,1.00]",anchor_margin,top25,population_final,retention,FINAL,21,21,0.25,0.798095238095238,0.25417546411599,0.781428571428571,1.01670185646396,0.496469009187415,0.798095238095238
DTLZ4,10,17,21017,"S4_(0.75,1.00]",score_hybrid,top25,population_final,retention,FINAL,21,21,0.25,0.718095238095238,0.229020937963075,0.781428571428571,0.916083751852302,0.451417729037119,0.718095238095238
DTLZ4,10,17,21017,"S4_(0.75,1.00]",score_v,top25,population_final,retention,FINAL,21,21,0.25,0.737142857142857,0.234598024592185,0.781428571428571,0.93839209836874,0.449800682889674,0.737142857142857
DTLZ4,10,18,21018,"S1_[0,0.25]",anchor_margin,top25,population_final,retention,FINAL,5,5,0.25,0.096,0.46,0.052,1.84,0.82021799178798,0.096
DTLZ4,10,18,21018,"S1_[0,0.25]",score_hybrid,top25,population_final,retention,FINAL,5,5,0.25,0.072,0.346666666666667,0.052,1.38666666666667,0.714719671519224,0.072
DTLZ4,10,18,21018,"S1_[0,0.25]",score_v,top25,population_final,retention,FINAL,5,5,0.25,0.008,0.0333333333333333,0.052,0.133333333333333,0.235642403882046,0.008
DTLZ4,10,18,21018,"S2_(0.25,0.50]",anchor_margin,top25,population_final,retention,FINAL,21,21,0.25,0.291428571428572,0.493207490172569,0.158571428571429,1.97282996069028,0.686473924452904,0.291428571428572
DTLZ4,10,18,21018,"S2_(0.25,0.50]",score_hybrid,top25,population_final,retention,FINAL,21,21,0.25,0.270476190476191,0.410745445863612,0.158571428571429,1.64298178345445,0.656478966078051,0.270476190476191
DTLZ4,10,18,21018,"S2_(0.25,0.50]",score_v,top25,population_final,retention,FINAL,21,21,0.25,0.24,0.369533946408358,0.158571428571429,1.47813578563343,0.528765269276413,0.24
DTLZ4,10,18,21018,"S3_(0.50,0.75]",anchor_margin,top25,population_final,retention,FINAL,20,20,0.25,0.524,0.36730432286374,0.362,1.46921729145496,0.606118299579446,0.524
DTLZ4,10,18,21018,"S3_(0.50,0.75]",score_hybrid,top25,population_final,retention,FINAL,20,20,0.25,0.488,0.336199828718727,0.362,1.34479931487491,0.608287328502634,0.488
DTLZ4,10,18,21018,"S3_(0.50,0.75]",score_v,top25,population_final,retention,FINAL,20,20,0.25,0.462,0.312668720223712,0.362,1.25067488089485,0.573308935773345,0.462
DTLZ4,10,18,21018,"S4_(0.75,1.00]",anchor_margin,top25,population_final,retention,FINAL,21,21,0.25,0.784761904761905,0.274504714494987,0.718095238095238,1.09801885797995,0.583930743482053,0.784761904761905
DTLZ4,10,18,21018,"S4_(0.75,1.00]",score_hybrid,top25,population_final,retention,FINAL,21,21,0.25,0.790476190476191,0.279423865400363,0.718095238095238,1.11769546160145,0.550129849898416,0.790476190476191
DTLZ4,10,18,21018,"S4_(0.75,1.00]",score_v,top25,population_final,retention,FINAL,21,21,0.25,0.752380952380952,0.267775311804704,0.718095238095238,1.07110124721882,0.528021161577385,0.752380952380952
DTLZ4,10,19,21019,"S1_[0,0.25]",anchor_margin,top25,population_final,retention,FINAL,5,5,0.25,0.112,0.56,0.05,2.24,0.831578947368421,0.112
DTLZ4,10,19,21019,"S1_[0,0.25]",score_hybrid,top25,population_final,retention,FINAL,5,5,0.25,0.096,0.48,0.05,1.92,0.763368421052631,0.096
DTLZ4,10,19,21019,"S1_[0,0.25]",score_v,top25,population_final,retention,FINAL,5,5,0.25,0.0,0.0,0.05,0.0,0.193263157894737,0.0
DTLZ4,10,19,21019,"S2_(0.25,0.50]",anchor_margin,top25,population_final,retention,FINAL,21,21,0.25,0.207619047619048,0.591475125403697,0.0976190476190476,2.36590050161479,0.727545025738401,0.207619047619048
DTLZ4,10,19,21019,"S2_(0.25,0.50]",score_hybrid,top25,population_final,retention,FINAL,21,21,0.25,0.135238095238095,0.321029169243455,0.0976190476190476,1.28411667697382,0.608422061696092,0.135238095238095
DTLZ4,10,19,21019,"S2_(0.25,0.50]",score_v,top25,population_final,retention,FINAL,21,21,0.25,0.0742857142857143,0.174627224627225,0.0976190476190476,0.698508898508898,0.374883090376943,0.0742857142857143
DTLZ4,10,19,21019,"S3_(0.50,0.75]",anchor_margin,top25,population_final,retention,FINAL,20,20,0.25,0.45,0.336330016514695,0.327,1.34532006605878,0.624633188290756,0.45
DTLZ4,10,19,21019,"S3_(0.50,0.75]",score_hybrid,top25,population_final,retention,FINAL,20,20,0.25,0.474,0.363240834405508,0.327,1.45296333762203,0.639623060655508,0.474
DTLZ4,10,19,21019,"S3_(0.50,0.75]",score_v,top25,population_final,retention,FINAL,20,20,0.25,0.426,0.327282634172735,0.327,1.30913053669094,0.561360100123962,0.426
DTLZ4,10,19,21019,"S4_(0.75,1.00]",anchor_margin,top25,population_final,retention,FINAL,21,21,0.25,0.88,0.29283378772415,0.765238095238095,1.1713351508966,0.680291658732604,0.88
DTLZ4,10,19,21019,"S4_(0.75,1.00]",score_hybrid,top25,population_final,retention,FINAL,21,21,0.25,0.855238095238095,0.283782598803423,0.765238095238095,1.13513039521369,0.665063550926173,0.855238095238095
DTLZ4,10,19,21019,"S4_(0.75,1.00]",score_v,top25,population_final,retention,FINAL,21,21,0.25,0.807619047619048,0.264938659403109,0.765238095238095,1.05975463761244,0.620394657311835,0.807619047619048
DTLZ4,10,20,21020,"S1_[0,0.25]",anchor_margin,top25,population_final,retention,FINAL,5,5,0.25,0.208,0.68,0.08,2.72,0.858888287716811,0.208
DTLZ4,10,20,21020,"S1_[0,0.25]",score_hybrid,top25,population_final,retention,FINAL,5,5,0.25,0.232,0.74031746031746,0.08,2.96126984126984,0.849634989044157,0.232
DTLZ4,10,20,21020,"S1_[0,0.25]",score_v,top25,population_final,retention,FINAL,5,5,0.25,0.152,0.436507936507937,0.08,1.74603174603175,0.579559025769552,0.152
DTLZ4,10,20,21020,"S2_(0.25,0.50]",anchor_margin,top25,population_final,retention,FINAL,21,21,0.25,0.335238095238095,0.492230719430881,0.169523809523809,1.96892287772352,0.719524713045641,0.335238095238095
DTLZ4,10,20,21020,"S2_(0.25,0.50]",score_hybrid,top25,population_final,retention,FINAL,21,21,0.25,0.241904761904762,0.373800962501999,0.169523809523809,1.495203850008,0.680694961276621,0.241904761904762
DTLZ4,10,20,21020,"S2_(0.25,0.50]",score_v,top25,population_final,retention,FINAL,21,21,0.25,0.207619047619048,0.317020415160138,0.169523809523809,1.26808166064055,0.513370474122143,0.207619047619048
DTLZ4,10,20,21020,"S3_(0.50,0.75]",anchor_margin,top25,population_final,retention,FINAL,20,20,0.25,0.452,0.316937123265027,0.365,1.26774849306011,0.600994732293521,0.452
DTLZ4,10,20,21020,"S3_(0.50,0.75]",score_hybrid,top25,population_final,retention,FINAL,20,20,0.25,0.442,0.30656660434118,0.365,1.22626641736472,0.58349596111892,0.442
DTLZ4,10,20,21020,"S3_(0.50,0.75]",score_v,top25,population_final,retention,FINAL,20,20,0.25,0.408,0.27911743037911,0.365,1.11646972151644,0.502894690566045,0.408
DTLZ4,10,20,21020,"S4_(0.75,1.00]",anchor_margin,top25,population_final,retention,FINAL,21,21,0.25,0.699047619047619,0.237835678602401,0.733809523809524,0.951342714409604,0.584629928488006,0.699047619047619
DTLZ4,10,20,21020,"S4_(0.75,1.00]",score_hybrid,top25,population_final,retention,FINAL,21,21,0.25,0.725714285714286,0.247550191821586,0.733809523809524,0.990200767286344,0.587634529817184,0.725714285714286
DTLZ4,10,20,21020,"S4_(0.75,1.00]",score_v,top25,population_final,retention,FINAL,21,21,0.25,0.712380952380952,0.238410570452487,0.733809523809524,0.953642281809948,0.573764504021464,0.712380952380952
DTLZ4,10,21,21021,"S1_[0,0.25]",anchor_margin,top25,population_final,retention,FINAL,5,5,0.25,0.16,0.66,0.062,2.64,0.856526831069348,0.16
DTLZ4,10,21,21021,"S1_[0,0.25]",score_hybrid,top25,population_final,retention,FINAL,5,5,0.25,0.128,0.543333333333333,0.062,2.17333333333333,0.806471042894007,0.128
DTLZ4,10,21,21021,"S1_[0,0.25]",score_v,top25,population_final,retention,FINAL,5,5,0.25,0.04,0.15,0.062,0.6,0.384157825762371,0.04
DTLZ4,10,21,21021,"S2_(0.25,0.50]",anchor_margin,top25,population_final,retention,FINAL,21,21,0.25,0.179047619047619,0.340393374460159,0.138095238095238,1.36157349784064,0.589271908450058,0.179047619047619
DTLZ4,10,21,21021,"S2_(0.25,0.50]",score_hybrid,top25,population_final,retention,FINAL,21,21,0.25,0.156190476190476,0.287340979208516,0.138095238095238,1.14936391683406,0.521819259255536,0.156190476190476
DTLZ4,10,21,21021,"S2_(0.25,0.50]",score_v,top25,population_final,retention,FINAL,21,21,0.25,0.125714285714286,0.233967565065531,0.138095238095238,0.935870260262122,0.386295326890047,0.125714285714286
DTLZ4,10,21,21021,"S3_(0.50,0.75]",anchor_margin,top25,population_final,retention,FINAL,20,20,0.25,0.422,0.296636989875625,0.352,1.1865479595025,0.524421413685884,0.422
DTLZ4,10,21,21021,"S3_(0.50,0.75]",score_hybrid,top25,population_final,retention,FINAL,20,20,0.25,0.388,0.274425888907182,0.352,1.09770355562873,0.519633631817011,0.388
DTLZ4,10,21,21021,"S3_(0.50,0.75]",score_v,top25,population_final,retention,FINAL,20,20,0.25,0.368,0.262681403320041,0.352,1.05072561328016,0.491944459413089,0.368
DTLZ4,10,21,21021,"S4_(0.75,1.00]",anchor_margin,top25,population_final,retention,FINAL,21,21,0.25,0.773333333333334,0.269587023870048,0.726666666666667,1.07834809548019,0.505919835422396,0.773333333333334
DTLZ4,10,21,21021,"S4_(0.75,1.00]",score_hybrid,top25,population_final,retention,FINAL,21,21,0.25,0.761904761904762,0.265720135407572,0.726666666666667,1.06288054163029,0.480678412245257,0.761904761904762
DTLZ4,10,21,21021,"S4_(0.75,1.00]",score_v,top25,population_final,retention,FINAL,21,21,0.25,0.725714285714286,0.251766937584019,0.726666666666667,1.00706775033608,0.458215506326166,0.725714285714286
DTLZ4,10,22,21022,"S1_[0,0.25]",anchor_margin,top25,population_final,retention,FINAL,5,5,0.25,0.224,0.818730158730159,0.068,3.27492063492064,0.881914882061109,0.224
DTLZ4,10,22,21022,"S1_[0,0.25]",score_hybrid,top25,population_final,retention,FINAL,5,5,0.25,0.192,0.723492063492064,0.068,2.89396825396825,0.833126855821072,0.192
DTLZ4,10,22,21022,"S1_[0,0.25]",score_v,top25,population_final,retention,FINAL,5,5,0.25,0.032,0.112698412698413,0.068,0.450793650793651,0.44669339055186,0.032
DTLZ4,10,22,21022,"S2_(0.25,0.50]",anchor_margin,top25,population_final,retention,FINAL,21,21,0.25,0.230476190476191,0.469612160899202,0.135714285714286,1.87844864359681,0.626708047803162,0.230476190476191
DTLZ4,10,22,21022,"S2_(0.25,0.50]",score_hybrid,top25,population_final,retention,FINAL,21,21,0.25,0.127619047619048,0.238802976308505,0.135714285714286,0.955211905234019,0.507202544670733,0.127619047619048
DTLZ4,10,22,21022,"S2_(0.25,0.50]",score_v,top25,population_final,retention,FINAL,21,21,0.25,0.04,0.0706629668593401,0.135714285714286,0.282651867437361,0.317605462573644,0.04
DTLZ4,10,22,21022,"S3_(0.50,0.75]",anchor_margin,top25,population_final,retention,FINAL,20,20,0.25,0.414,0.360049172005725,0.2865,1.4401966880229,0.621815164706055,0.414
DTLZ4,10,22,21022,"S3_(0.50,0.75]",score_hybrid,top25,population_final,retention,FINAL,20,20,0.25,0.344,0.285797117030157,0.2865,1.14318846812063,0.568378502004986,0.344
DTLZ4,10,22,21022,"S3_(0.50,0.75]",score_v,top25,population_final,retention,FINAL,20,20,0.25,0.234,0.19347937003467,0.2865,0.77391748013868,0.418165532121052,0.234
DTLZ4,10,22,21022,"S4_(0.75,1.00]",anchor_margin,top25,population_final,retention,FINAL,21,21,0.25,0.767619047619048,0.294920531239003,0.666666666666667,1.17968212495601,0.573659709441013,0.767619047619048
DTLZ4,10,22,21022,"S4_(0.75,1.00]",score_hybrid,top25,population_final,retention,FINAL,21,21,0.25,0.725714285714286,0.277593071642463,0.666666666666667,1.11037228656985,0.530824367389446,0.725714285714286
DTLZ4,10,22,21022,"S4_(0.75,1.00]",score_v,top25,population_final,retention,FINAL,21,21,0.25,0.613333333333334,0.233742529713343,0.666666666666667,0.934970118853373,0.473850399194826,0.613333333333334
DTLZ4,10,23,21023,"S1_[0,0.25]",anchor_margin,top25,population_final,retention,FINAL,5,5,0.25,0.152,0.614285714285714,0.062,2.45714285714286,0.859976468281204,0.152
DTLZ4,10,23,21023,"S1_[0,0.25]",score_hybrid,top25,population_final,retention,FINAL,5,5,0.25,0.12,0.480952380952381,0.062,1.92380952380952,0.793326143085924,0.12
DTLZ4,10,23,21023,"S1_[0,0.25]",score_v,top25,population_final,retention,FINAL,5,5,0.25,0.04,0.157142857142857,0.062,0.628571428571429,0.403274830865771,0.04
DTLZ4,10,23,21023,"S2_(0.25,0.50]",anchor_margin,top25,population_final,retention,FINAL,21,21,0.25,0.165714285714286,0.417450010307153,0.100476190476191,1.66980004122861,0.643890912787875,0.165714285714286
DTLZ4,10,23,21023,"S2_(0.25,0.50]",score_hybrid,top25,population_final,retention,FINAL,21,21,0.25,0.104761904761905,0.253170308527451,0.100476190476191,1.01268123410981,0.576774700231436,0.104761904761905
DTLZ4,10,23,21023,"S2_(0.25,0.50]",score_v,top25,population_final,retention,FINAL,21,21,0.25,0.0723809523809524,0.171403662475091,0.100476190476191,0.685614649900364,0.36706897611641,0.0723809523809524
DTLZ4,10,23,21023,"S3_(0.50,0.75]",anchor_margin,top25,population_final,retention,FINAL,20,20,0.25,0.52,0.367764757214411,0.3515,1.47105902885764,0.664042047112602,0.52
DTLZ4,10,23,21023,"S3_(0.50,0.75]",score_hybrid,top25,population_final,retention,FINAL,20,20,0.25,0.558,0.39913552958492,0.3515,1.59654211833968,0.675731008153857,0.558
DTLZ4,10,23,21023,"S3_(0.50,0.75]",score_v,top25,population_final,retention,FINAL,20,20,0.25,0.5,0.354435213555812,0.3515,1.41774085422325,0.599690610347229,0.5
DTLZ4,10,23,21023,"S4_(0.75,1.00]",anchor_margin,top25,population_final,retention,FINAL,21,21,0.25,0.828571428571429,0.289275346455253,0.733809523809524,1.15710138582101,0.558672997666924,0.828571428571429
DTLZ4,10,23,21023,"S4_(0.75,1.00]",score_hybrid,top25,population_final,retention,FINAL,21,21,0.25,0.838095238095238,0.293275168185902,0.733809523809524,1.17310067274361,0.585947641883013,0.838095238095238
DTLZ4,10,23,21023,"S4_(0.75,1.00]",score_v,top25,population_final,retention,FINAL,21,21,0.25,0.834285714285714,0.288861227242632,0.733809523809524,1.15544490897053,0.579826642458589,0.834285714285714
DTLZ4,10,24,21024,"S1_[0,0.25]",anchor_margin,top25,population_final,retention,FINAL,5,5,0.25,0.088,0.62,0.036,2.48,0.839189043000543,0.088
DTLZ4,10,24,21024,"S1_[0,0.25]",score_hybrid,top25,population_final,retention,FINAL,5,5,0.25,0.064,0.463333333333333,0.036,1.85333333333333,0.778804587176705,0.064
DTLZ4,10,24,21024,"S1_[0,0.25]",score_v,top25,population_final,retention,FINAL,5,5,0.25,0.024,0.13,0.036,0.52,0.515044051817689,0.024
DTLZ4,10,24,21024,"S2_(0.25,0.50]",anchor_margin,top25,population_final,retention,FINAL,21,21,0.25,0.154285714285714,0.325376757236458,0.133333333333333,1.30150702894583,0.622929886515923,0.154285714285714
DTLZ4,10,24,21024,"S2_(0.25,0.50]",score_hybrid,top25,population_final,retention,FINAL,21,21,0.25,0.247619047619048,0.4829318199809,0.133333333333333,1.9317272799236,0.718357883119447,0.247619047619048
DTLZ4,10,24,21024,"S2_(0.25,0.50]",score_v,top25,population_final,retention,FINAL,21,21,0.25,0.211428571428571,0.422061368560577,0.133333333333333,1.68824547424231,0.62864785485415,0.211428571428571
DTLZ4,10,24,21024,"S3_(0.50,0.75]",anchor_margin,top25,population_final,retention,FINAL,20,20,0.25,0.36,0.23182316454151,0.3865,0.927292658166041,0.551450767748631,0.36
DTLZ4,10,24,21024,"S3_(0.50,0.75]",score_hybrid,top25,population_final,retention,FINAL,20,20,0.25,0.476,0.315581285071844,0.3865,1.26232514028737,0.566884706015495,0.476
DTLZ4,10,24,21024,"S3_(0.50,0.75]",score_v,top25,population_final,retention,FINAL,20,20,0.25,0.446,0.293150468153197,0.3865,1.17260187261279,0.558262813861243,0.446
DTLZ4,10,24,21024,"S4_(0.75,1.00]",anchor_margin,top25,population_final,retention,FINAL,21,21,0.25,0.782857142857143,0.265034133960222,0.737619047619048,1.06013653584089,0.565839070643491,0.782857142857143
DTLZ4,10,24,21024,"S4_(0.75,1.00]",score_hybrid,top25,population_final,retention,FINAL,21,21,0.25,0.773333333333333,0.262877246790346,0.737619047619048,1.05150898716138,0.534057093365864,0.773333333333333
DTLZ4,10,24,21024,"S4_(0.75,1.00]",score_v,top25,population_final,retention,FINAL,21,21,0.25,0.706666666666667,0.239820484893876,0.737619047619048,0.959281939575502,0.498273664774975,0.706666666666667
DTLZ4,10,25,21025,"S1_[0,0.25]",anchor_margin,top25,population_final,retention,FINAL,5,5,0.25,0.072,0.933333333333333,0.02,3.73333333333333,0.869819167904588,0.072
DTLZ4,10,25,21025,"S1_[0,0.25]",score_hybrid,top25,population_final,retention,FINAL,5,5,0.25,0.064,0.833333333333333,0.02,3.33333333333333,0.857886778578973,0.064
DTLZ4,10,25,21025,"S1_[0,0.25]",score_v,top25,population_final,retention,FINAL,5,5,0.25,0.04,0.433333333333333,0.02,1.73333333333333,0.636467557969767,0.04
DTLZ4,10,25,21025,"S2_(0.25,0.50]",anchor_margin,top25,population_final,retention,FINAL,21,21,0.25,0.0971428571428572,0.466998081283795,0.059047619047619,1.86799232513518,0.720054937969896,0.0971428571428572
DTLZ4,10,25,21025,"S2_(0.25,0.50]",score_hybrid,top25,population_final,retention,FINAL,21,21,0.25,0.118095238095238,0.516592534449677,0.059047619047619,2.06637013779871,0.70887014945873,0.118095238095238
DTLZ4,10,25,21025,"S2_(0.25,0.50]",score_v,top25,population_final,retention,FINAL,21,21,0.25,0.0666666666666667,0.281375370661085,0.059047619047619,1.12550148264434,0.552128335545439,0.0666666666666667
DTLZ4,10,25,21025,"S3_(0.50,0.75]",anchor_margin,top25,population_final,retention,FINAL,20,20,0.25,0.354,0.289863960276918,0.296,1.15945584110767,0.590548908122303,0.354
DTLZ4,10,25,21025,"S3_(0.50,0.75]",score_hybrid,top25,population_final,retention,FINAL,20,20,0.25,0.402,0.342254168489829,0.296,1.36901667395931,0.625339639961513,0.402
DTLZ4,10,25,21025,"S3_(0.50,0.75]",score_v,top25,population_final,retention,FINAL,20,20,0.25,0.316,0.26951051251248,0.296,1.07804205004992,0.590511504027667,0.316
DTLZ4,10,25,21025,"S4_(0.75,1.00]",anchor_margin,top25,population_final,retention,FINAL,21,21,0.25,0.807619047619048,0.292522220642915,0.704761904761905,1.17008888257166,0.643398701582947,0.807619047619048
DTLZ4,10,25,21025,"S4_(0.75,1.00]",score_hybrid,top25,population_final,retention,FINAL,21,21,0.25,0.813333333333333,0.295333415658603,0.704761904761905,1.18133366263441,0.643482845022545,0.813333333333333
DTLZ4,10,25,21025,"S4_(0.75,1.00]",score_v,top25,population_final,retention,FINAL,21,21,0.25,0.788571428571429,0.284792811089082,0.704761904761905,1.13917124435633,0.639732720214893,0.788571428571429
DTLZ4,20,1,22001,"S1_[0,0.25]",anchor_margin,top25,population_final,retention,FINAL,5,5,0.25,0.2,0.747301587301587,0.07,2.98920634920635,0.843169885010293,0.2
DTLZ4,20,1,22001,"S1_[0,0.25]",score_hybrid,top25,population_final,retention,FINAL,5,5,0.25,0.232,0.806984126984127,0.07,3.22793650793651,0.865121762221932,0.232
DTLZ4,20,1,22001,"S1_[0,0.25]",score_v,top25,population_final,retention,FINAL,5,5,0.25,0.096,0.356825396825397,0.07,1.42730158730159,0.561717959082985,0.096
DTLZ4,20,1,22001,"S2_(0.25,0.50]",anchor_margin,top25,population_final,retention,FINAL,21,21,0.25,0.219047619047619,0.321694211298831,0.177142857142857,1.28677684519532,0.619402396348749,0.219047619047619
DTLZ4,20,1,22001,"S2_(0.25,0.50]",score_hybrid,top25,population_final,retention,FINAL,21,21,0.25,0.211428571428571,0.316789151977598,0.177142857142857,1.26715660791039,0.580839999519733,0.211428571428571
DTLZ4,20,1,22001,"S2_(0.25,0.50]",score_v,top25,population_final,retention,FINAL,21,21,0.25,0.16,0.202137397253022,0.177142857142857,0.808549589012089,0.520207381848711,0.16
DTLZ4,20,1,22001,"S3_(0.50,0.75]",anchor_margin,top25,population_final,retention,FINAL,20,20,0.25,0.52,0.32671600701403,0.4,1.30686402805612,0.59743781656643,0.52
DTLZ4,20,1,22001,"S3_(0.50,0.75]",score_hybrid,top25,population_final,retention,FINAL,20,20,0.25,0.452,0.28365704844816,0.4,1.13462819379264,0.572100161311104,0.452
DTLZ4,20,1,22001,"S3_(0.50,0.75]",score_v,top25,population_final,retention,FINAL,20,20,0.25,0.434,0.270391176070508,0.4,1.08156470428203,0.562419156890954,0.434
DTLZ4,20,1,22001,"S4_(0.75,1.00]",anchor_margin,top25,population_final,retention,FINAL,21,21,0.25,0.817142857142857,0.274623374769718,0.752380952380952,1.09849349907887,0.556935919626415,0.817142857142857
DTLZ4,20,1,22001,"S4_(0.75,1.00]",score_hybrid,top25,population_final,retention,FINAL,21,21,0.25,0.752380952380952,0.250363513285052,0.752380952380952,1.00145405314021,0.544578979159776,0.752380952380952
DTLZ4,20,1,22001,"S4_(0.75,1.00]",score_v,top25,population_final,retention,FINAL,21,21,0.25,0.737142857142857,0.246713788074729,0.752380952380952,0.986855152298916,0.521245089869346,0.737142857142857
DTLZ4,20,2,22002,"S1_[0,0.25]",anchor_margin,top25,population_final,retention,FINAL,5,5,0.25,0.112,0.703333333333333,0.04,2.81333333333333,0.812130198858904,0.112
DTLZ4,20,2,22002,"S1_[0,0.25]",score_hybrid,top25,population_final,retention,FINAL,5,5,0.25,0.128,0.793333333333333,0.04,3.17333333333333,0.798855748936822,0.128
DTLZ4,20,2,22002,"S1_[0,0.25]",score_v,top25,population_final,retention,FINAL,5,5,0.25,0.048,0.263333333333333,0.04,1.05333333333333,0.494313476937455,0.048
DTLZ4,20,2,22002,"S2_(0.25,0.50]",anchor_margin,top25,population_final,retention,FINAL,21,21,0.25,0.220952380952381,0.368010020162925,0.160952380952381,1.4720400806517,0.628399704791393,0.220952380952381
DTLZ4,20,2,22002,"S2_(0.25,0.50]",score_hybrid,top25,population_final,retention,FINAL,21,21,0.25,0.234285714285714,0.378500243447266,0.160952380952381,1.51400097378906,0.673908140160913,0.234285714285714
DTLZ4,20,2,22002,"S2_(0.25,0.50]",score_v,top25,population_final,retention,FINAL,21,21,0.25,0.222857142857143,0.341499033247298,0.160952380952381,1.36599613298919,0.586230501968662,0.222857142857143
DTLZ4,20,2,22002,"S3_(0.50,0.75]",anchor_margin,top25,population_final,retention,FINAL,20,20,0.25,0.41,0.301205393500727,0.344,1.20482157400291,0.592157108739576,0.41
DTLZ4,20,2,22002,"S3_(0.50,0.75]",score_hybrid,top25,population_final,retention,FINAL,20,20,0.25,0.504,0.364534291192849,0.344,1.45813716477139,0.615004572686553,0.504
DTLZ4,20,2,22002,"S3_(0.50,0.75]",score_v,top25,population_final,retention,FINAL,20,20,0.25,0.414,0.299181326014269,0.344,1.19672530405708,0.568858850685537,0.414
DTLZ4,20,2,22002,"S4_(0.75,1.00]",anchor_margin,top25,population_final,retention,FINAL,21,21,0.25,0.702857142857143,0.240553163456247,0.726190476190476,0.962212653824987,0.588983449875251,0.702857142857143
DTLZ4,20,2,22002,"S4_(0.75,1.00]",score_hybrid,top25,population_final,retention,FINAL,21,21,0.25,0.824761904761905,0.290207032288618,0.726190476190476,1.16082812915447,0.645342727198095,0.824761904761905
DTLZ4,20,2,22002,"S4_(0.75,1.00]",score_v,top25,population_final,retention,FINAL,21,21,0.25,0.80952380952381,0.283695566717366,0.726190476190476,1.13478226686946,0.634775052003521,0.80952380952381
DTLZ4,20,3,22003,"S1_[0,0.25]",anchor_margin,top25,population_final,retention,FINAL,5,5,0.25,0.112,0.68,0.042,2.72,0.805680921052632,0.112
DTLZ4,20,3,22003,"S1_[0,0.25]",score_hybrid,top25,population_final,retention,FINAL,5,5,0.25,0.112,0.68,0.042,2.72,0.783052631578947,0.112
DTLZ4,20,3,22003,"S1_[0,0.25]",score_v,top25,population_final,retention,FINAL,5,5,0.25,0.04,0.24,0.042,0.96,0.409938596491228,0.04
DTLZ4,20,3,22003,"S2_(0.25,0.50]",anchor_margin,top25,population_final,retention,FINAL,21,21,0.25,0.135238095238095,0.34739665096808,0.0961904761904762,1.38958660387232,0.608897148554212,0.135238095238095
DTLZ4,20,3,22003,"S2_(0.25,0.50]",score_hybrid,top25,population_final,retention,FINAL,21,21,0.25,0.125714285714286,0.322488226059655,0.0961904761904762,1.28995290423862,0.612533213030487,0.125714285714286
DTLZ4,20,3,22003,"S2_(0.25,0.50]",score_v,top25,population_final,retention,FINAL,21,21,0.25,0.0971428571428571,0.238958660387232,0.0961904761904762,0.955834641548927,0.511650404507599,0.0971428571428571
DTLZ4,20,3,22003,"S3_(0.50,0.75]",anchor_margin,top25,population_final,retention,FINAL,20,20,0.25,0.292,0.27623244647606,0.2795,1.10492978590424,0.547772358555377,0.292
DTLZ4,20,3,22003,"S3_(0.50,0.75]",score_hybrid,top25,population_final,retention,FINAL,20,20,0.25,0.388,0.345863183472595,0.2795,1.38345273389038,0.614963643213128,0.388
DTLZ4,20,3,22003,"S3_(0.50,0.75]",score_v,top25,population_final,retention,FINAL,20,20,0.25,0.41,0.360294236934764,0.2795,1.44117694773906,0.626788941331663,0.41
DTLZ4,20,3,22003,"S4_(0.75,1.00]",anchor_margin,top25,population_final,retention,FINAL,21,21,0.25,0.638095238095238,0.244022908405017,0.650952380952381,0.976091633620068,0.569453688254102,0.638095238095238
DTLZ4,20,3,22003,"S4_(0.75,1.00]",score_hybrid,top25,population_final,retention,FINAL,21,21,0.25,0.758095238095238,0.302541369591438,0.650952380952381,1.21016547836575,0.610694719906442,0.758095238095238
DTLZ4,20,3,22003,"S4_(0.75,1.00]",score_v,top25,population_final,retention,FINAL,21,21,0.25,0.754285714285714,0.306848154801605,0.650952380952381,1.22739261920642,0.575997381057123,0.754285714285714
DTLZ4,20,4,22004,"S1_[0,0.25]",anchor_margin,top25,population_final,retention,FINAL,5,5,0.25,0.168,0.565396825396825,0.074,2.2615873015873,0.772313530116405,0.168
DTLZ4,20,4,22004,"S1_[0,0.25]",score_hybrid,top25,population_final,retention,FINAL,5,5,0.25,0.248,0.835873015873016,0.074,3.34349206349206,0.815578763355955,0.248
DTLZ4,20,4,22004,"S1_[0,0.25]",score_v,top25,population_final,retention,FINAL,5,5,0.25,0.176,0.589523809523809,0.074,2.35809523809524,0.707246581159091,0.176
DTLZ4,20,4,22004,"S2_(0.25,0.50]",anchor_margin,top25,population_final,retention,FINAL,21,21,0.25,0.232380952380952,0.315375389139403,0.191904761904762,1.26150155655761,0.581408699828239,0.232380952380952
DTLZ4,20,4,22004,"S2_(0.25,0.50]",score_hybrid,top25,population_final,retention,FINAL,21,21,0.25,0.266666666666667,0.377548965957327,0.191904761904762,1.51019586382931,0.631253841605751,0.266666666666667
DTLZ4,20,4,22004,"S2_(0.25,0.50]",score_v,top25,population_final,retention,FINAL,21,21,0.25,0.226666666666667,0.313026428666872,0.191904761904762,1.25210571466749,0.635124715040739,0.226666666666667
DTLZ4,20,4,22004,"S3_(0.50,0.75]",anchor_margin,top25,population_final,retention,FINAL,20,20,0.25,0.462,0.303903966833554,0.3775,1.21561586733422,0.551967383398092,0.462
DTLZ4,20,4,22004,"S3_(0.50,0.75]",score_hybrid,top25,population_final,retention,FINAL,20,20,0.25,0.388,0.250143414440002,0.3775,1.00057365776001,0.553197627902346,0.388
DTLZ4,20,4,22004,"S3_(0.50,0.75]",score_v,top25,population_final,retention,FINAL,20,20,0.25,0.386,0.250914598348623,0.3775,1.00365839339449,0.536851775344853,0.386
DTLZ4,20,4,22004,"S4_(0.75,1.00]",anchor_margin,top25,population_final,retention,FINAL,21,21,0.25,0.822857142857143,0.283140190942451,0.735238095238095,1.1325607637698,0.589552567419988,0.822857142857143
DTLZ4,20,4,22004,"S4_(0.75,1.00]",score_hybrid,top25,population_final,retention,FINAL,21,21,0.25,0.84952380952381,0.294021156852451,0.735238095238095,1.1760846274098,0.570469298996357,0.84952380952381
DTLZ4,20,4,22004,"S4_(0.75,1.00]",score_v,top25,population_final,retention,FINAL,21,21,0.25,0.819047619047619,0.28450843776337,0.735238095238095,1.13803375105348,0.498701932448508,0.819047619047619
DTLZ4,20,5,22005,"S1_[0,0.25]",anchor_margin,top25,population_final,retention,FINAL,5,5,0.25,0.256,0.748333333333333,0.086,2.99333333333333,0.782317028985507,0.256
DTLZ4,20,5,22005,"S1_[0,0.25]",score_hybrid,top25,population_final,retention,FINAL,5,5,0.25,0.208,0.606111111111111,0.086,2.42444444444444,0.772073711312842,0.208
DTLZ4,20,5,22005,"S1_[0,0.25]",score_v,top25,population_final,retention,FINAL,5,5,0.25,0.152,0.443888888888889,0.086,1.77555555555556,0.580381868131868,0.152
DTLZ4,20,5,22005,"S2_(0.25,0.50]",anchor_margin,top25,population_final,retention,FINAL,21,21,0.25,0.312380952380952,0.451555757242032,0.189523809523809,1.80622302896813,0.698385690765674,0.312380952380952
DTLZ4,20,5,22005,"S2_(0.25,0.50]",score_hybrid,top25,population_final,retention,FINAL,21,21,0.25,0.283809523809524,0.405339007397831,0.189523809523809,1.62135602959132,0.679512207468968,0.283809523809524
DTLZ4,20,5,22005,"S2_(0.25,0.50]",score_v,top25,population_final,retention,FINAL,21,21,0.25,0.184761904761905,0.246886586543449,0.189523809523809,0.987546346173797,0.50799043290576,0.184761904761905
DTLZ4,20,5,22005,"S3_(0.50,0.75]",anchor_margin,top25,population_final,retention,FINAL,20,20,0.25,0.374,0.240547094404755,0.3785,0.962188377619021,0.567980165092973,0.374
DTLZ4,20,5,22005,"S3_(0.50,0.75]",score_hybrid,top25,population_final,retention,FINAL,20,20,0.25,0.4,0.256519265733785,0.3785,1.02607706293514,0.55174146678168,0.4
DTLZ4,20,5,22005,"S3_(0.50,0.75]",score_v,top25,population_final,retention,FINAL,20,20,0.25,0.352,0.222569504735423,0.3785,0.890278018941693,0.481490657618544,0.352
DTLZ4,20,5,22005,"S4_(0.75,1.00]",anchor_margin,top25,population_final,retention,FINAL,21,21,0.25,0.739047619047619,0.253853184475648,0.730476190476191,1.01541273790259,0.562290337213121,0.739047619047619
DTLZ4,20,5,22005,"S4_(0.75,1.00]",score_hybrid,top25,population_final,retention,FINAL,21,21,0.25,0.754285714285714,0.258411627108195,0.730476190476191,1.03364650843278,0.586858769697094,0.754285714285714
DTLZ4,20,5,22005,"S4_(0.75,1.00]",score_v,top25,population_final,retention,FINAL,21,21,0.25,0.723809523809524,0.247563321975203,0.730476190476191,0.990253287900811,0.583126362707637,0.723809523809524
DTLZ4,20,6,22006,"S1_[0,0.25]",anchor_margin,top25,population_final,retention,FINAL,5,5,0.25,0.08,0.323809523809524,0.064,1.2952380952381,0.648246560120273,0.08
DTLZ4,20,6,22006,"S1_[0,0.25]",score_hybrid,top25,population_final,retention,FINAL,5,5,0.25,0.12,0.471428571428571,0.064,1.88571428571429,0.708056345393339,0.12
DTLZ4,20,6,22006,"S1_[0,0.25]",score_v,top25,population_final,retention,FINAL,5,5,0.25,0.136,0.528571428571428,0.064,2.11428571428571,0.636173481060235,0.136
DTLZ4,20,6,22006,"S2_(0.25,0.50]",anchor_margin,top25,population_final,retention,FINAL,21,21,0.25,0.24952380952381,0.411999812806978,0.152380952380952,1.64799925122791,0.669265911122689,0.24952380952381
DTLZ4,20,6,22006,"S2_(0.25,0.50]",score_hybrid,top25,population_final,retention,FINAL,21,21,0.25,0.243809523809524,0.406800532137772,0.152380952380952,1.62720212855109,0.652883681170021,0.243809523809524
DTLZ4,20,6,22006,"S2_(0.25,0.50]",score_v,top25,population_final,retention,FINAL,21,21,0.25,0.184761904761905,0.311021038685789,0.152380952380952,1.24408415474316,0.531087618789333,0.184761904761905
DTLZ4,20,6,22006,"S3_(0.50,0.75]",anchor_margin,top25,population_final,retention,FINAL,20,20,0.25,0.46,0.344352507725143,0.338,1.37741003090057,0.613388910013617,0.46
DTLZ4,20,6,22006,"S3_(0.50,0.75]",score_hybrid,top25,population_final,retention,FINAL,20,20,0.25,0.466,0.340274119900921,0.338,1.36109647960368,0.613157528259435,0.466
DTLZ4,20,6,22006,"S3_(0.50,0.75]",score_v,top25,population_final,retention,FINAL,20,20,0.25,0.328,0.228685647296977,0.338,0.914742589187907,0.503998939792383,0.328
DTLZ4,20,6,22006,"S4_(0.75,1.00]",anchor_margin,top25,population_final,retention,FINAL,21,21,0.25,0.801904761904762,0.278100256896637,0.723333333333333,1.11240102758655,0.636273093701192,0.801904761904762
DTLZ4,20,6,22006,"S4_(0.75,1.00]",score_hybrid,top25,population_final,retention,FINAL,21,21,0.25,0.84952380952381,0.299758927287964,0.723333333333333,1.19903570915186,0.627589374480807,0.84952380952381
DTLZ4,20,6,22006,"S4_(0.75,1.00]",score_v,top25,population_final,retention,FINAL,21,21,0.25,0.744761904761905,0.260022117004525,0.723333333333333,1.0400884680181,0.525351479283478,0.744761904761905
DTLZ4,20,7,22007,"S1_[0,0.25]",anchor_margin,top25,population_final,retention,FINAL,5,5,0.25,0.28,0.538461538461538,0.13,2.15384615384615,0.737931034482759,0.28
DTLZ4,20,7,22007,"S1_[0,0.25]",score_hybrid,top25,population_final,retention,FINAL,5,5,0.25,0.24,0.461538461538462,0.13,1.84615384615385,0.659062776304156,0.24
DTLZ4,20,7,22007,"S1_[0,0.25]",score_v,top25,population_final,retention,FINAL,5,5,0.25,0.096,0.184615384615385,0.13,0.738461538461538,0.388328912466844,0.096
DTLZ4,20,7,22007,"S2_(0.25,0.50]",anchor_margin,top25,population_final,retention,FINAL,21,21,0.25,0.222857142857143,0.289450179000157,0.188095238095238,1.15780071600063,0.542645524730958,0.222857142857143
DTLZ4,20,7,22007,"S2_(0.25,0.50]",score_hybrid,top25,population_final,retention,FINAL,21,21,0.25,0.182857142857143,0.247482507418376,0.188095238095238,0.989930029673506,0.531784956219298,0.182857142857143
DTLZ4,20,7,22007,"S2_(0.25,0.50]",score_v,top25,population_final,retention,FINAL,21,21,0.25,0.150476190476191,0.192707494849246,0.188095238095238,0.770829979396985,0.419935135904388,0.150476190476191
DTLZ4,20,7,22007,"S3_(0.50,0.75]",anchor_margin,top25,population_final,retention,FINAL,20,20,0.25,0.452,0.30507346470484,0.378,1.22029385881936,0.552547152405608,0.452
DTLZ4,20,7,22007,"S3_(0.50,0.75]",score_hybrid,top25,population_final,retention,FINAL,20,20,0.25,0.434,0.289984938920133,0.378,1.15993975568053,0.55230117702037,0.434
DTLZ4,20,7,22007,"S3_(0.50,0.75]",score_v,top25,population_final,retention,FINAL,20,20,0.25,0.43,0.284865371598477,0.378,1.13946148639391,0.461376828567768,0.43
DTLZ4,20,7,22007,"S4_(0.75,1.00]",anchor_margin,top25,population_final,retention,FINAL,21,21,0.25,0.702857142857143,0.249079372695691,0.703333333333333,0.996317490782766,0.487314199691741,0.702857142857143
DTLZ4,20,7,22007,"S4_(0.75,1.00]",score_hybrid,top25,population_final,retention,FINAL,21,21,0.25,0.693333333333333,0.248038120755668,0.703333333333333,0.992152483022672,0.497954810512677,0.693333333333333
DTLZ4,20,7,22007,"S4_(0.75,1.00]",score_v,top25,population_final,retention,FINAL,21,21,0.25,0.695238095238095,0.247929032171259,0.703333333333333,0.991716128685037,0.452325907663771,0.695238095238095
DTLZ4,20,8,22008,"S1_[0,0.25]",anchor_margin,top25,population_final,retention,FINAL,5,5,0.25,0.152,0.409545454545455,0.098,1.63818181818182,0.745888211006005,0.152
DTLZ4,20,8,22008,"S1_[0,0.25]",score_hybrid,top25,population_final,retention,FINAL,5,5,0.25,0.24,0.619090909090909,0.098,2.47636363636364,0.792860185884245,0.24
DTLZ4,20,8,22008,"S1_[0,0.25]",score_v,top25,population_final,retention,FINAL,5,5,0.25,0.208,0.519090909090909,0.098,2.07636363636364,0.683429366947442,0.208
DTLZ4,20,8,22008,"S2_(0.25,0.50]",anchor_margin,top25,population_final,retention,FINAL,21,21,0.25,0.219047619047619,0.305295285533428,0.188571428571429,1.22118114213371,0.615535549977051,0.219047619047619
DTLZ4,20,8,22008,"S2_(0.25,0.50]",score_hybrid,top25,population_final,retention,FINAL,21,21,0.25,0.253333333333333,0.354791992428746,0.188571428571429,1.41916796971499,0.644517135131782,0.253333333333333
DTLZ4,20,8,22008,"S2_(0.25,0.50]",score_v,top25,population_final,retention,FINAL,21,21,0.25,0.245714285714286,0.342693819826372,0.188571428571429,1.37077527930549,0.62493309030986,0.245714285714286
DTLZ4,20,8,22008,"S3_(0.50,0.75]",anchor_margin,top25,population_final,retention,FINAL,20,20,0.25,0.32,0.199272368267101,0.3965,0.797089473068402,0.506510109926589,0.32
DTLZ4,20,8,22008,"S3_(0.50,0.75]",score_hybrid,top25,population_final,retention,FINAL,20,20,0.25,0.424,0.267248047013705,0.3965,1.06899218805482,0.544353251356686,0.424
DTLZ4,20,8,22008,"S3_(0.50,0.75]",score_v,top25,population_final,retention,FINAL,20,20,0.25,0.382,0.239558920415195,0.3965,0.958235681660781,0.530089282640895,0.382
DTLZ4,20,8,22008,"S4_(0.75,1.00]",anchor_margin,top25,population_final,retention,FINAL,21,21,0.25,0.777142857142857,0.256810097433951,0.758095238095238,1.0272403897358,0.53282370845699,0.777142857142857
DTLZ4,20,8,22008,"S4_(0.75,1.00]",score_hybrid,top25,population_final,retention,FINAL,21,21,0.25,0.756190476190476,0.250896690082819,0.758095238095238,1.00358676033127,0.504856663677504,0.756190476190476
DTLZ4,20,8,22008,"S4_(0.75,1.00]",score_v,top25,population_final,retention,FINAL,21,21,0.25,0.708571428571429,0.233321654624103,0.758095238095238,0.933286618496412,0.455434265678648,0.708571428571429
DTLZ4,20,9,22009,"S1_[0,0.25]",anchor_margin,top25,population_final,retention,FINAL,5,5,0.25,0.096,0.422857142857143,0.062,1.69142857142857,0.720413310954259,0.096
DTLZ4,20,9,22009,"S1_[0,0.25]",score_hybrid,top25,population_final,retention,FINAL,5,5,0.25,0.152,0.594920634920635,0.062,2.37968253968254,0.800343596877299,0.152
DTLZ4,20,9,22009,"S1_[0,0.25]",score_v,top25,population_final,retention,FINAL,5,5,0.25,0.144,0.548571428571428,0.062,2.19428571428571,0.639493517589049,0.144
DTLZ4,20,9,22009,"S2_(0.25,0.50]",anchor_margin,top25,population_final,retention,FINAL,21,21,0.25,0.220952380952381,0.302375718611417,0.183333333333333,1.20950287444567,0.636368105833887,0.220952380952381
DTLZ4,20,9,22009,"S2_(0.25,0.50]",score_hybrid,top25,population_final,retention,FINAL,21,21,0.25,0.356190476190476,0.511304310088226,0.183333333333333,2.04521724035291,0.70993212104045,0.356190476190476
DTLZ4,20,9,22009,"S2_(0.25,0.50]",score_v,top25,population_final,retention,FINAL,21,21,0.25,0.300952380952381,0.43507049314421,0.183333333333333,1.74028197257684,0.676369859939616,0.300952380952381
DTLZ4,20,9,22009,"S3_(0.50,0.75]",anchor_margin,top25,population_final,retention,FINAL,20,20,0.25,0.428,0.229148566321917,0.467,0.916594265287669,0.544514346304888,0.428
DTLZ4,20,9,22009,"S3_(0.50,0.75]",score_hybrid,top25,population_final,retention,FINAL,20,20,0.25,0.554,0.304906360040592,0.467,1.21962544016237,0.602453745376371,0.554
DTLZ4,20,9,22009,"S3_(0.50,0.75]",score_v,top25,population_final,retention,FINAL,20,20,0.25,0.532,0.294740323048605,0.467,1.17896129219442,0.598647585896676,0.532
DTLZ4,20,9,22009,"S4_(0.75,1.00]",anchor_margin,top25,population_final,retention,FINAL,21,21,0.25,0.725714285714286,0.247852386129955,0.731904761904762,0.991409544519819,0.551223292421808,0.725714285714286
DTLZ4,20,9,22009,"S4_(0.75,1.00]",score_hybrid,top25,population_final,retention,FINAL,21,21,0.25,0.71047619047619,0.239848210573145,0.731904761904762,0.959392842292581,0.550240909421941,0.71047619047619
DTLZ4,20,9,22009,"S4_(0.75,1.00]",score_v,top25,population_final,retention,FINAL,21,21,0.25,0.64,0.215286192045264,0.731904761904762,0.861144768181058,0.488390585397912,0.64
DTLZ4,20,10,22010,"S1_[0,0.25]",anchor_margin,top25,population_final,retention,FINAL,5,5,0.25,0.24,0.575606060606061,0.106,2.30242424242424,0.771492677137767,0.24
DTLZ4,20,10,22010,"S1_[0,0.25]",score_hybrid,top25,population_final,retention,FINAL,5,5,0.25,0.216,0.512424242424242,0.106,2.04969696969697,0.75974187650812,0.216
DTLZ4,20,10,22010,"S1_[0,0.25]",score_v,top25,population_final,retention,FINAL,5,5,0.25,0.136,0.314545454545455,0.106,1.25818181818182,0.413262305517313,0.136
DTLZ4,20,10,22010,"S2_(0.25,0.50]",anchor_margin,top25,population_final,retention,FINAL,21,21,0.25,0.182857142857143,0.287316904465242,0.171904761904762,1.14926761786097,0.599199311518821,0.182857142857143
DTLZ4,20,10,22010,"S2_(0.25,0.50]",score_hybrid,top25,population_final,retention,FINAL,21,21,0.25,0.24,0.360736738396585,0.171904761904762,1.44294695358634,0.637226014329529,0.24
DTLZ4,20,10,22010,"S2_(0.25,0.50]",score_v,top25,population_final,retention,FINAL,21,21,0.25,0.228571428571429,0.329298702758695,0.171904761904762,1.31719481103478,0.530000819384003,0.228571428571429
DTLZ4,20,10,22010,"S3_(0.50,0.75]",anchor_margin,top25,population_final,retention,FINAL,20,20,0.25,0.536,0.320824091614504,0.4035,1.28329636645802,0.620394069298473,0.536
DTLZ4,20,10,22010,"S3_(0.50,0.75]",score_hybrid,top25,population_final,retention,FINAL,20,20,0.25,0.574,0.357497947736372,0.4035,1.42999179094549,0.651871793502715,0.574
DTLZ4,20,10,22010,"S3_(0.50,0.75]",score_v,top25,population_final,retention,FINAL,20,20,0.25,0.5,0.311327574277032,0.4035,1.24531029710813,0.553014414874635,0.5
DTLZ4,20,10,22010,"S4_(0.75,1.00]",anchor_margin,top25,population_final,retention,FINAL,21,21,0.25,0.866666666666667,0.300205256832501,0.738571428571429,1.20082102733,0.621225452290156,0.866666666666667
DTLZ4,20,10,22010,"S4_(0.75,1.00]",score_hybrid,top25,population_final,retention,FINAL,21,21,0.25,0.826666666666667,0.284888622608307,0.738571428571429,1.13955449043323,0.617269088759878,0.826666666666667
DTLZ4,20,10,22010,"S4_(0.75,1.00]",score_v,top25,population_final,retention,FINAL,21,21,0.25,0.822857142857143,0.282358393856484,0.738571428571429,1.12943357542594,0.568760589120056,0.822857142857143
DTLZ4,20,11,22011,"S1_[0,0.25]",anchor_margin,top25,population_final,retention,FINAL,5,5,0.25,0.112,0.599047619047619,0.052,2.39619047619048,0.784490357388068,0.112
DTLZ4,20,11,22011,"S1_[0,0.25]",score_hybrid,top25,population_final,retention,FINAL,5,5,0.25,0.104,0.519047619047619,0.052,2.07619047619048,0.727372669303185,0.104
DTLZ4,20,11,22011,"S1_[0,0.25]",score_v,top25,population_final,retention,FINAL,5,5,0.25,0.016,0.0685714285714286,0.052,0.274285714285714,0.356881035205523,0.016
DTLZ4,20,11,22011,"S2_(0.25,0.50]",anchor_margin,top25,population_final,retention,FINAL,21,21,0.25,0.146666666666667,0.331098462776924,0.114285714285714,1.32439385110769,0.59830985365734,0.146666666666667
DTLZ4,20,11,22011,"S2_(0.25,0.50]",score_hybrid,top25,population_final,retention,FINAL,21,21,0.25,0.144761904761905,0.319547731373251,0.114285714285714,1.278190925493,0.569078723934622,0.144761904761905
DTLZ4,20,11,22011,"S2_(0.25,0.50]",score_v,top25,population_final,retention,FINAL,21,21,0.25,0.123809523809524,0.255262017087537,0.114285714285714,1.02104806835015,0.46812852756037,0.123809523809524
DTLZ4,20,11,22011,"S3_(0.50,0.75]",anchor_margin,top25,population_final,retention,FINAL,20,20,0.25,0.242,0.179908304504146,0.333,0.719633218016583,0.445148228522424,0.242
DTLZ4,20,11,22011,"S3_(0.50,0.75]",score_hybrid,top25,population_final,retention,FINAL,20,20,0.25,0.466,0.348310094656239,0.333,1.39324037862495,0.549408572776725,0.466
DTLZ4,20,11,22011,"S3_(0.50,0.75]",score_v,top25,population_final,retention,FINAL,20,20,0.25,0.496,0.367195186681129,0.333,1.46878074672452,0.578108554102918,0.496
DTLZ4,20,11,22011,"S4_(0.75,1.00]",anchor_margin,top25,population_final,retention,FINAL,21,21,0.25,0.659047619047619,0.241419819954668,0.670952380952381,0.965679279818674,0.541481691107379,0.659047619047619
DTLZ4,20,11,22011,"S4_(0.75,1.00]",score_hybrid,top25,population_final,retention,FINAL,21,21,0.25,0.746666666666667,0.278959367023756,0.670952380952381,1.11583746809502,0.557329957624664,0.746666666666667
DTLZ4,20,11,22011,"S4_(0.75,1.00]",score_v,top25,population_final,retention,FINAL,21,21,0.25,0.645714285714286,0.23388081914662,0.670952380952381,0.935523276586481,0.506977872575909,0.645714285714286
DTLZ4,20,12,22012,"S1_[0,0.25]",anchor_margin,top25,population_final,retention,FINAL,5,5,0.25,0.288,0.663131313131313,0.11,2.65252525252525,0.794861727691784,0.288
DTLZ4,20,12,22012,"S1_[0,0.25]",score_hybrid,top25,population_final,retention,FINAL,5,5,0.25,0.272,0.622727272727273,0.11,2.49090909090909,0.746509373897014,0.272
DTLZ4,20,12,22012,"S1_[0,0.25]",score_v,top25,population_final,retention,FINAL,5,5,0.25,0.112,0.247979797979798,0.11,0.991919191919192,0.53880921668843,0.112
DTLZ4,20,12,22012,"S2_(0.25,0.50]",anchor_margin,top25,population_final,retention,FINAL,21,21,0.25,0.127619047619048,0.187299789915024,0.171904761904762,0.749199159660095,0.494566033086417,0.127619047619048
DTLZ4,20,12,22012,"S2_(0.25,0.50]",score_hybrid,top25,population_final,retention,FINAL,21,21,0.25,0.179047619047619,0.257834213538692,0.171904761904762,1.03133685415477,0.513379371231637,0.179047619047619
DTLZ4,20,12,22012,"S2_(0.25,0.50]",score_v,top25,population_final,retention,FINAL,21,21,0.25,0.146666666666667,0.210752074073421,0.171904761904762,0.843008296293684,0.484186757736094,0.146666666666667
DTLZ4,20,12,22012,"S3_(0.50,0.75]",anchor_margin,top25,population_final,retention,FINAL,20,20,0.25,0.422,0.264593040779864,0.4025,1.05837216311946,0.598959217357543,0.422
DTLZ4,20,12,22012,"S3_(0.50,0.75]",score_hybrid,top25,population_final,retention,FINAL,20,20,0.25,0.556,0.353153866699815,0.4025,1.41261546679926,0.639357216338589,0.556
DTLZ4,20,12,22012,"S3_(0.50,0.75]",score_v,top25,population_final,retention,FINAL,20,20,0.25,0.48,0.307604138256775,0.4025,1.2304165530271,0.56365505386724,0.48
DTLZ4,20,12,22012,"S4_(0.75,1.00]",anchor_margin,top25,population_final,retention,FINAL,21,21,0.25,0.824761904761905,0.25067900583232,0.821428571428571,1.00271602332928,0.524442043145454,0.824761904761905
DTLZ4,20,12,22012,"S4_(0.75,1.00]",score_hybrid,top25,population_final,retention,FINAL,21,21,0.25,0.862857142857143,0.264205624261039,0.821428571428571,1.05682249704416,0.489438667453558,0.862857142857143
DTLZ4,20,12,22012,"S4_(0.75,1.00]",score_v,top25,population_final,retention,FINAL,21,21,0.25,0.796190476190476,0.243121836626489,0.821428571428571,0.972487346505954,0.448622289979077,0.796190476190476
DTLZ4,20,13,22013,"S1_[0,0.25]",anchor_margin,top25,population_final,retention,FINAL,5,5,0.25,0.168,0.642857142857143,0.066,2.57142857142857,0.819088472726084,0.168
DTLZ4,20,13,22013,"S1_[0,0.25]",score_hybrid,top25,population_final,retention,FINAL,5,5,0.25,0.16,0.609523809523809,0.066,2.43809523809524,0.784473968036082,0.16
DTLZ4,20,13,22013,"S1_[0,0.25]",score_v,top25,population_final,retention,FINAL,5,5,0.25,0.064,0.238095238095238,0.066,0.952380952380952,0.542912703859856,0.064
DTLZ4,20,13,22013,"S2_(0.25,0.50]",anchor_margin,top25,population_final,retention,FINAL,21,21,0.25,0.203809523809524,0.473320353782539,0.119047619047619,1.89328141513015,0.668652031092327,0.203809523809524
DTLZ4,20,13,22013,"S2_(0.25,0.50]",score_hybrid,top25,population_final,retention,FINAL,21,21,0.25,0.207619047619048,0.40703828539963,0.119047619047619,1.62815314159852,0.641949079042873,0.207619047619048
DTLZ4,20,13,22013,"S2_(0.25,0.50]",score_v,top25,population_final,retention,FINAL,21,21,0.25,0.161904761904762,0.299281849491934,0.119047619047619,1.19712739796773,0.50490705001556,0.161904761904762
DTLZ4,20,13,22013,"S3_(0.50,0.75]",anchor_margin,top25,population_final,retention,FINAL,20,20,0.25,0.458,0.308793443773958,0.377,1.23517377509583,0.60265228134218,0.458
DTLZ4,20,13,22013,"S3_(0.50,0.75]",score_hybrid,top25,population_final,retention,FINAL,20,20,0.25,0.51,0.363500158815246,0.377,1.45400063526098,0.617380145924766,0.51
DTLZ4,20,13,22013,"S3_(0.50,0.75]",score_v,top25,population_final,retention,FINAL,20,20,0.25,0.41,0.290814722889731,0.377,1.16325889155892,0.581900003830048,0.41
DTLZ4,20,13,22013,"S4_(0.75,1.00]",anchor_margin,top25,population_final,retention,FINAL,21,21,0.25,0.750476190476191,0.265356389942693,0.714285714285714,1.06142555977077,0.512207238800286,0.750476190476191
DTLZ4,20,13,22013,"S4_(0.75,1.00]",score_hybrid,top25,population_final,retention,FINAL,21,21,0.25,0.756190476190476,0.264947995805815,0.714285714285714,1.05979198322326,0.516881279860538,0.756190476190476
DTLZ4,20,13,22013,"S4_(0.75,1.00]",score_v,top25,population_final,retention,FINAL,21,21,0.25,0.750476190476191,0.260628004765375,0.714285714285714,1.0425120190615,0.488709334480049,0.750476190476191
DTLZ4,20,14,22014,"S1_[0,0.25]",anchor_margin,top25,population_final,retention,FINAL,5,5,0.25,0.144,0.76,0.05,3.04,0.854878849384099,0.144
DTLZ4,20,14,22014,"S1_[0,0.25]",score_hybrid,top25,population_final,retention,FINAL,5,5,0.25,0.144,0.71,0.05,2.84,0.786650545912654,0.144
DTLZ4,20,14,22014,"S1_[0,0.25]",score_v,top25,population_final,retention,FINAL,5,5,0.25,0.04,0.173333333333333,0.05,0.693333333333333,0.430330020530049,0.04
DTLZ4,20,14,22014,"S2_(0.25,0.50]",anchor_margin,top25,population_final,retention,FINAL,21,21,0.25,0.16,0.38545482070471,0.117619047619048,1.54181928281884,0.64676284679015,0.16
DTLZ4,20,14,22014,"S2_(0.25,0.50]",score_hybrid,top25,population_final,retention,FINAL,21,21,0.25,0.156190476190476,0.340102370232843,0.117619047619048,1.36040948093137,0.608702567721621,0.156190476190476
DTLZ4,20,14,22014,"S2_(0.25,0.50]",score_v,top25,population_final,retention,FINAL,21,21,0.25,0.135238095238095,0.289193801677216,0.117619047619048,1.15677520670886,0.52119727457248,0.135238095238095
DTLZ4,20,14,22014,"S3_(0.50,0.75]",anchor_margin,top25,population_final,retention,FINAL,20,20,0.25,0.28,0.205619063328442,0.342,0.822476253313767,0.485154691392896,0.28
DTLZ4,20,14,22014,"S3_(0.50,0.75]",score_hybrid,top25,population_final,retention,FINAL,20,20,0.25,0.412,0.289975783204437,0.342,1.15990313281775,0.537248061588248,0.412
DTLZ4,20,14,22014,"S3_(0.50,0.75]",score_v,top25,population_final,retention,FINAL,20,20,0.25,0.428,0.295180368760768,0.342,1.18072147504307,0.52949040866656,0.428
DTLZ4,20,14,22014,"S4_(0.75,1.00]",anchor_margin,top25,population_final,retention,FINAL,21,21,0.25,0.689523809523809,0.248278716735144,0.693809523809524,0.993114866940574,0.478411412075995,0.689523809523809
DTLZ4,20,14,22014,"S4_(0.75,1.00]",score_hybrid,top25,population_final,retention,FINAL,21,21,0.25,0.731428571428571,0.267043007883322,0.693809523809524,1.06817203153329,0.512431985496955,0.731428571428571
DTLZ4,20,14,22014,"S4_(0.75,1.00]",score_v,top25,population_final,retention,FINAL,21,21,0.25,0.704761904761905,0.260146015653158,0.693809523809524,1.04058406261263,0.534410897728004,0.704761904761905
DTLZ4,20,15,22015,"S1_[0,0.25]",anchor_margin,top25,population_final,retention,FINAL,5,5,0.25,0.104,0.513333333333333,0.052,2.05333333333333,0.757997387084733,0.104
DTLZ4,20,15,22015,"S1_[0,0.25]",score_hybrid,top25,population_final,retention,FINAL,5,5,0.25,0.2,0.966666666666667,0.052,3.86666666666667,0.90794102276969,0.2
DTLZ4,20,15,22015,"S1_[0,0.25]",score_v,top25,population_final,retention,FINAL,5,5,0.25,0.176,0.853333333333333,0.052,3.41333333333333,0.865104889884285,0.176
DTLZ4,20,15,22015,"S2_(0.25,0.50]",anchor_margin,top25,population_final,retention,FINAL,21,21,0.25,0.144761904761905,0.277594463131836,0.135238095238095,1.11037785252734,0.582172070309244,0.144761904761905
DTLZ4,20,15,22015,"S2_(0.25,0.50]",score_hybrid,top25,population_final,retention,FINAL,21,21,0.25,0.283809523809524,0.566849668751482,0.135238095238095,2.26739867500593,0.705800831699265,0.283809523809524
DTLZ4,20,15,22015,"S2_(0.25,0.50]",score_v,top25,population_final,retention,FINAL,21,21,0.25,0.205714285714286,0.387000427292334,0.135238095238095,1.54800170916933,0.704128972169593,0.205714285714286
DTLZ4,20,15,22015,"S3_(0.50,0.75]",anchor_margin,top25,population_final,retention,FINAL,20,20,0.25,0.348,0.247735375849826,0.3505,0.990941503399304,0.552440960065609,0.348
DTLZ4,20,15,22015,"S3_(0.50,0.75]",score_hybrid,top25,population_final,retention,FINAL,20,20,0.25,0.48,0.354888760169611,0.3505,1.41955504067844,0.600101370251835,0.48
DTLZ4,20,15,22015,"S3_(0.50,0.75]",score_v,top25,population_final,retention,FINAL,20,20,0.25,0.422,0.305300243164693,0.3505,1.22120097265877,0.609899259992095,0.422
DTLZ4,20,15,22015,"S4_(0.75,1.00]",anchor_margin,top25,population_final,retention,FINAL,21,21,0.25,0.805714285714286,0.259886909229909,0.775714285714285,1.03954763691964,0.563810833008277,0.805714285714286
DTLZ4,20,15,22015,"S4_(0.75,1.00]",score_hybrid,top25,population_final,retention,FINAL,21,21,0.25,0.805714285714286,0.262692700567038,0.775714285714285,1.05077080226815,0.562010343188034,0.805714285714286
DTLZ4,20,15,22015,"S4_(0.75,1.00]",score_v,top25,population_final,retention,FINAL,21,21,0.25,0.822857142857143,0.269101248398264,0.775714285714285,1.07640499359306,0.573946824674353,0.822857142857143
DTLZ4,20,16,22016,"S1_[0,0.25]",anchor_margin,top25,population_final,retention,FINAL,5,5,0.25,0.096,0.513333333333333,0.048,2.05333333333333,0.74822550343835,0.096
DTLZ4,20,16,22016,"S1_[0,0.25]",score_hybrid,top25,population_final,retention,FINAL,5,5,0.25,0.16,0.846666666666667,0.048,3.38666666666667,0.876022334845669,0.16
DTLZ4,20,16,22016,"S1_[0,0.25]",score_v,top25,population_final,retention,FINAL,5,5,0.25,0.072,0.34,0.048,1.36,0.659103227469859,0.072
DTLZ4,20,16,22016,"S2_(0.25,0.50]",anchor_margin,top25,population_final,retention,FINAL,21,21,0.25,0.0990476190476191,0.213115094318102,0.11952380952381,0.852460377272408,0.604616085963923,0.0990476190476191
DTLZ4,20,16,22016,"S2_(0.25,0.50]",score_hybrid,top25,population_final,retention,FINAL,21,21,0.25,0.222857142857143,0.499862453057942,0.11952380952381,1.99944981223177,0.679676722588128,0.222857142857143
DTLZ4,20,16,22016,"S2_(0.25,0.50]",score_v,top25,population_final,retention,FINAL,21,21,0.25,0.186666666666667,0.420706496928301,0.11952380952381,1.68282598771321,0.599677805895785,0.186666666666667
DTLZ4,20,16,22016,"S3_(0.50,0.75]",anchor_margin,top25,population_final,retention,FINAL,20,20,0.25,0.252,0.197752411771551,0.297,0.791009647086204,0.518538822313739,0.252
DTLZ4,20,16,22016,"S3_(0.50,0.75]",score_hybrid,top25,population_final,retention,FINAL,20,20,0.25,0.38,0.324831619488236,0.297,1.29932647795294,0.598614542238236,0.38
DTLZ4,20,16,22016,"S3_(0.50,0.75]",score_v,top25,population_final,retention,FINAL,20,20,0.25,0.348,0.296377083005799,0.297,1.18550833202319,0.602167332078244,0.348
DTLZ4,20,16,22016,"S4_(0.75,1.00]",anchor_margin,top25,population_final,retention,FINAL,21,21,0.25,0.681904761904762,0.24700030571064,0.689523809523809,0.988001222842562,0.500534619374866,0.681904761904762
DTLZ4,20,16,22016,"S4_(0.75,1.00]",score_hybrid,top25,population_final,retention,FINAL,21,21,0.25,0.76952380952381,0.283689551067535,0.689523809523809,1.13475820427014,0.522934660733357,0.76952380952381
DTLZ4,20,16,22016,"S4_(0.75,1.00]",score_v,top25,population_final,retention,FINAL,21,21,0.25,0.758095238095238,0.279725336369912,0.689523809523809,1.11890134547965,0.541396628865606,0.758095238095238
DTLZ4,20,17,22017,"S1_[0,0.25]",anchor_margin,top25,population_final,retention,FINAL,5,5,0.25,0.072,0.43,0.044,1.72,0.77015728780646,0.072
DTLZ4,20,17,22017,"S1_[0,0.25]",score_hybrid,top25,population_final,retention,FINAL,5,5,0.25,0.088,0.486666666666667,0.044,1.94666666666667,0.690771640729923,0.088
DTLZ4,20,17,22017,"S1_[0,0.25]",score_v,top25,population_final,retention,FINAL,5,5,0.25,0.064,0.33,0.044,1.32,0.470462942733286,0.064
DTLZ4,20,17,22017,"S2_(0.25,0.50]",anchor_margin,top25,population_final,retention,FINAL,21,21,0.25,0.171428571428571,0.321203253722051,0.148571428571429,1.2848130148882,0.632606555067914,0.171428571428571
DTLZ4,20,17,22017,"S2_(0.25,0.50]",score_hybrid,top25,population_final,retention,FINAL,21,21,0.25,0.272380952380952,0.464495505886483,0.148571428571429,1.85798202354593,0.657637683633544,0.272380952380952
DTLZ4,20,17,22017,"S2_(0.25,0.50]",score_v,top25,population_final,retention,FINAL,21,21,0.25,0.251428571428572,0.419365109271124,0.148571428571429,1.6774604370845,0.609894817493234,0.251428571428572
DTLZ4,20,17,22017,"S3_(0.50,0.75]",anchor_margin,top25,population_final,retention,FINAL,20,20,0.25,0.444,0.272938374409717,0.411,1.09175349763887,0.561056086379853,0.444
DTLZ4,20,17,22017,"S3_(0.50,0.75]",score_hybrid,top25,population_final,retention,FINAL,20,20,0.25,0.54,0.334922262076468,0.411,1.33968904830587,0.610247946657837,0.54
DTLZ4,20,17,22017,"S3_(0.50,0.75]",score_v,top25,population_final,retention,FINAL,20,20,0.25,0.45,0.282401451832736,0.411,1.12960580733094,0.555471551926067,0.45
DTLZ4,20,17,22017,"S4_(0.75,1.00]",anchor_margin,top25,population_final,retention,FINAL,21,21,0.25,0.76952380952381,0.253678374312471,0.76,1.01471349724988,0.529395458130684,0.76952380952381
DTLZ4,20,17,22017,"S4_(0.75,1.00]",score_hybrid,top25,population_final,retention,FINAL,21,21,0.25,0.771428571428572,0.255748239978704,0.76,1.02299295991481,0.537840752989019,0.771428571428572
DTLZ4,20,17,22017,"S4_(0.75,1.00]",score_v,top25,population_final,retention,FINAL,21,21,0.25,0.687619047619048,0.224581869482681,0.76,0.898327477930724,0.446551406284976,0.687619047619048
DTLZ4,20,18,22018,"S1_[0,0.25]",anchor_margin,top25,population_final,retention,FINAL,5,5,0.25,0.12,0.412142857142857,0.072,1.64857142857143,0.656433293524836,0.12
DTLZ4,20,18,22018,"S1_[0,0.25]",score_hybrid,top25,population_final,retention,FINAL,5,5,0.25,0.128,0.425714285714286,0.072,1.70285714285714,0.616925359506761,0.128
DTLZ4,20,18,22018,"S1_[0,0.25]",score_v,top25,population_final,retention,FINAL,5,5,0.25,0.064,0.218571428571429,0.072,0.874285714285714,0.44079826670463,0.064
DTLZ4,20,18,22018,"S2_(0.25,0.50]",anchor_margin,top25,population_final,retention,FINAL,21,21,0.25,0.297142857142857,0.398546028750151,0.184285714285714,1.5941841150006,0.642798424367772,0.297142857142857
DTLZ4,20,18,22018,"S2_(0.25,0.50]",score_hybrid,top25,population_final,retention,FINAL,21,21,0.25,0.259047619047619,0.353619305840142,0.184285714285714,1.41447722336057,0.619955562819011,0.259047619047619
DTLZ4,20,18,22018,"S2_(0.25,0.50]",score_v,top25,population_final,retention,FINAL,21,21,0.25,0.232380952380952,0.316085468747687,0.184285714285714,1.26434187499075,0.534890580184231,0.232380952380952
DTLZ4,20,18,22018,"S3_(0.50,0.75]",anchor_margin,top25,population_final,retention,FINAL,20,20,0.25,0.466,0.28107044439038,0.4275,1.12428177756152,0.533041899775151,0.466
DTLZ4,20,18,22018,"S3_(0.50,0.75]",score_hybrid,top25,population_final,retention,FINAL,20,20,0.25,0.344,0.205345567460689,0.4275,0.821382269842757,0.473562002590376,0.344
DTLZ4,20,18,22018,"S3_(0.50,0.75]",score_v,top25,population_final,retention,FINAL,20,20,0.25,0.41,0.24168572442639,0.4275,0.966742897705559,0.454374261642971,0.41
DTLZ4,20,18,22018,"S4_(0.75,1.00]",anchor_margin,top25,population_final,retention,FINAL,21,21,0.25,0.782857142857143,0.253556541667897,0.772857142857143,1.01422616667159,0.513976706985101,0.782857142857143
DTLZ4,20,18,22018,"S4_(0.75,1.00]",score_hybrid,top25,population_final,retention,FINAL,21,21,0.25,0.708571428571429,0.224755817369598,0.772857142857143,0.899023269478391,0.4427393545539,0.708571428571429
DTLZ4,20,18,22018,"S4_(0.75,1.00]",score_v,top25,population_final,retention,FINAL,21,21,0.25,0.752380952380952,0.243386461655726,0.772857142857143,0.973545846622903,0.433014941299639,0.752380952380952
DTLZ4,20,19,22019,"S1_[0,0.25]",anchor_margin,top25,population_final,retention,FINAL,5,5,0.25,0.232,0.528974358974359,0.11,2.11589743589744,0.790688760951692,0.232
DTLZ4,20,19,22019,"S1_[0,0.25]",score_hybrid,top25,population_final,retention,FINAL,5,5,0.25,0.24,0.548974358974359,0.11,2.19589743589744,0.794164047638185,0.24
DTLZ4,20,19,22019,"S1_[0,0.25]",score_v,top25,population_final,retention,FINAL,5,5,0.25,0.176,0.403589743589744,0.11,1.61435897435897,0.524339020175227,0.176
DTLZ4,20,19,22019,"S2_(0.25,0.50]",anchor_margin,top25,population_final,retention,FINAL,21,21,0.25,0.255238095238095,0.255555640556867,0.254761904761905,1.02222256222747,0.550356454398475,0.255238095238095
DTLZ4,20,19,22019,"S2_(0.25,0.50]",score_hybrid,top25,population_final,retention,FINAL,21,21,0.25,0.28,0.283781455846111,0.254761904761905,1.13512582338444,0.520694564824388,0.28
DTLZ4,20,19,22019,"S2_(0.25,0.50]",score_v,top25,population_final,retention,FINAL,21,21,0.25,0.150476190476191,0.15298467083409,0.254761904761905,0.611938683336359,0.459043919823298,0.150476190476191
DTLZ4,20,19,22019,"S3_(0.50,0.75]",anchor_margin,top25,population_final,retention,FINAL,20,20,0.25,0.444,0.243507533967772,0.458,0.974030135871087,0.488042071135913,0.444
DTLZ4,20,19,22019,"S3_(0.50,0.75]",score_hybrid,top25,population_final,retention,FINAL,20,20,0.25,0.428,0.231342910906614,0.458,0.925371643626456,0.493626783698488,0.428
DTLZ4,20,19,22019,"S3_(0.50,0.75]",score_v,top25,population_final,retention,FINAL,20,20,0.25,0.34,0.180076304463896,0.458,0.720305217855583,0.46795353657414,0.34
DTLZ4,20,19,22019,"S4_(0.75,1.00]",anchor_margin,top25,population_final,retention,FINAL,21,21,0.25,0.838095238095238,0.260366704863693,0.81,1.04146681945477,0.531376078566659,0.838095238095238
DTLZ4,20,19,22019,"S4_(0.75,1.00]",score_hybrid,top25,population_final,retention,FINAL,21,21,0.25,0.798095238095238,0.244417517360254,0.81,0.977670069441014,0.546525350074282,0.798095238095238
DTLZ4,20,19,22019,"S4_(0.75,1.00]",score_v,top25,population_final,retention,FINAL,21,21,0.25,0.817142857142857,0.250130313745867,0.81,1.00052125498347,0.555385012863089,0.817142857142857
DTLZ4,20,20,22020,"S1_[0,0.25]",anchor_margin,top25,population_final,retention,FINAL,5,5,0.25,0.184,0.82,0.056,3.28,0.829961552818216,0.184
DTLZ4,20,20,22020,"S1_[0,0.25]",score_hybrid,top25,population_final,retention,FINAL,5,5,0.25,0.104,0.46,0.056,1.84,0.749942515864128,0.104
DTLZ4,20,20,22020,"S1_[0,0.25]",score_v,top25,population_final,retention,FINAL,5,5,0.25,0.088,0.38,0.056,1.52,0.428909294512878,0.088
DTLZ4,20,20,22020,"S2_(0.25,0.50]",anchor_margin,top25,population_final,retention,FINAL,21,21,0.25,0.276190476190476,0.456794466038164,0.161904761904762,1.82717786415265,0.722414223565824,0.276190476190476
DTLZ4,20,20,22020,"S2_(0.25,0.50]",score_hybrid,top25,population_final,retention,FINAL,21,21,0.25,0.276190476190476,0.453035122362854,0.161904761904762,1.81214048945141,0.702705054903194,0.276190476190476
DTLZ4,20,20,22020,"S2_(0.25,0.50]",score_v,top25,population_final,retention,FINAL,21,21,0.25,0.217142857142857,0.369767953801567,0.161904761904762,1.47907181520627,0.566728170003331,0.217142857142857
DTLZ4,20,20,22020,"S3_(0.50,0.75]",anchor_margin,top25,population_final,retention,FINAL,20,20,0.25,0.45,0.293854880174475,0.3905,1.1754195206979,0.619109071724799,0.45
DTLZ4,20,20,22020,"S3_(0.50,0.75]",score_hybrid,top25,population_final,retention,FINAL,20,20,0.25,0.52,0.325670637406641,0.3905,1.30268254962657,0.624704725623458,0.52
DTLZ4,20,20,22020,"S3_(0.50,0.75]",score_v,top25,population_final,retention,FINAL,20,20,0.25,0.478,0.300109909605503,0.3905,1.20043963842201,0.557799335434975,0.478
DTLZ4,20,20,22020,"S4_(0.75,1.00]",anchor_margin,top25,population_final,retention,FINAL,21,21,0.25,0.887619047619048,0.274652497494355,0.815238095238095,1.09860998997742,0.656293267337076,0.887619047619048
DTLZ4,20,20,22020,"S4_(0.75,1.00]",score_hybrid,top25,population_final,retention,FINAL,21,21,0.25,0.864761904761905,0.266628113872039,0.815238095238095,1.06651245548816,0.640200640041053,0.864761904761905
DTLZ4,20,20,22020,"S4_(0.75,1.00]",score_v,top25,population_final,retention,FINAL,21,21,0.25,0.885714285714286,0.273589812491944,0.815238095238095,1.09435924996778,0.597582875256566,0.885714285714286
DTLZ4,20,21,22021,"S1_[0,0.25]",anchor_margin,top25,population_final,retention,FINAL,5,5,0.25,0.128,0.54047619047619,0.062,2.16190476190476,0.775559823062719,0.128
DTLZ4,20,21,22021,"S1_[0,0.25]",score_hybrid,top25,population_final,retention,FINAL,5,5,0.25,0.096,0.395238095238095,0.062,1.58095238095238,0.730190561983201,0.096
DTLZ4,20,21,22021,"S1_[0,0.25]",score_v,top25,population_final,retention,FINAL,5,5,0.25,0.048,0.171428571428571,0.062,0.685714285714286,0.300875136859823,0.048
DTLZ4,20,21,22021,"S2_(0.25,0.50]",anchor_margin,top25,population_final,retention,FINAL,21,21,0.25,0.234285714285714,0.418313601357608,0.151904761904762,1.67325440543043,0.685724053546613,0.234285714285714
DTLZ4,20,21,22021,"S2_(0.25,0.50]",score_hybrid,top25,population_final,retention,FINAL,21,21,0.25,0.188571428571429,0.310134723745958,0.151904761904762,1.24053889498383,0.655164161998601,0.188571428571429
DTLZ4,20,21,22021,"S2_(0.25,0.50]",score_v,top25,population_final,retention,FINAL,21,21,0.25,0.114285714285714,0.174502065579023,0.151904761904762,0.698008262316091,0.466990907191087,0.114285714285714
DTLZ4,20,21,22021,"S3_(0.50,0.75]",anchor_margin,top25,population_final,retention,FINAL,20,20,0.25,0.326,0.251075781078338,0.3095,1.00430312431335,0.566292769788512,0.326
DTLZ4,20,21,22021,"S3_(0.50,0.75]",score_hybrid,top25,population_final,retention,FINAL,20,20,0.25,0.476,0.387168493936549,0.3095,1.54867397574619,0.631436183000138,0.476
DTLZ4,20,21,22021,"S3_(0.50,0.75]",score_v,top25,population_final,retention,FINAL,20,20,0.25,0.418,0.340055494773036,0.3095,1.36022197909214,0.539829082339732,0.418
DTLZ4,20,21,22021,"S4_(0.75,1.00]",anchor_margin,top25,population_final,retention,FINAL,21,21,0.25,0.788571428571429,0.27518000873848,0.73,1.10072003495392,0.539294355749409,0.788571428571429
DTLZ4,20,21,22021,"S4_(0.75,1.00]",score_hybrid,top25,population_final,retention,FINAL,21,21,0.25,0.820952380952381,0.285933691371788,0.73,1.14373476548715,0.562772854251697,0.820952380952381
DTLZ4,20,21,22021,"S4_(0.75,1.00]",score_v,top25,population_final,retention,FINAL,21,21,0.25,0.792380952380953,0.273911776003779,0.73,1.09564710401512,0.533289705727417,0.792380952380953
DTLZ4,20,22,22022,"S1_[0,0.25]",anchor_margin,top25,population_final,retention,FINAL,5,5,0.25,0.192,0.701666666666667,0.07,2.80666666666667,0.832776685005761,0.192
DTLZ4,20,22,22022,"S1_[0,0.25]",score_hybrid,top25,population_final,retention,FINAL,5,5,0.25,0.152,0.561666666666667,0.07,2.24666666666667,0.816540078225165,0.152
DTLZ4,20,22,22022,"S1_[0,0.25]",score_v,top25,population_final,retention,FINAL,5,5,0.25,0.072,0.256666666666667,0.07,1.02666666666667,0.512448954833893,0.072
DTLZ4,20,22,22022,"S2_(0.25,0.50]",anchor_margin,top25,population_final,retention,FINAL,21,21,0.25,0.182857142857143,0.371378892005827,0.122857142857143,1.48551556802331,0.682189732330946,0.182857142857143
DTLZ4,20,22,22022,"S2_(0.25,0.50]",score_hybrid,top25,population_final,retention,FINAL,21,21,0.25,0.167619047619048,0.330034833014709,0.122857142857143,1.32013933205884,0.652327098307172,0.167619047619048
DTLZ4,20,22,22022,"S2_(0.25,0.50]",score_v,top25,population_final,retention,FINAL,21,21,0.25,0.131428571428571,0.260819184542095,0.122857142857143,1.04327673816838,0.454193173275622,0.131428571428571
DTLZ4,20,22,22022,"S3_(0.50,0.75]",anchor_margin,top25,population_final,retention,FINAL,20,20,0.25,0.436,0.339121617785059,0.335,1.35648647114024,0.615115577494392,0.436
DTLZ4,20,22,22022,"S3_(0.50,0.75]",score_hybrid,top25,population_final,retention,FINAL,20,20,0.25,0.452,0.341868222776644,0.335,1.36747289110658,0.620803997947459,0.452
DTLZ4,20,22,22022,"S3_(0.50,0.75]",score_v,top25,population_final,retention,FINAL,20,20,0.25,0.376,0.280856128700818,0.335,1.12342451480327,0.523244552602364,0.376
DTLZ4,20,22,22022,"S4_(0.75,1.00]",anchor_margin,top25,population_final,retention,FINAL,21,21,0.25,0.782857142857143,0.251896917003863,0.777619047619048,1.00758766801545,0.575911212439775,0.782857142857143
DTLZ4,20,22,22022,"S4_(0.75,1.00]",score_hybrid,top25,population_final,retention,FINAL,21,21,0.25,0.847619047619048,0.276267058964067,0.777619047619048,1.10506823585627,0.566927556190891,0.847619047619048
DTLZ4,20,22,22022,"S4_(0.75,1.00]",score_v,top25,population_final,retention,FINAL,21,21,0.25,0.822857142857143,0.269038372402707,0.777619047619048,1.07615348961083,0.470743412418299,0.822857142857143
DTLZ4,20,23,22023,"S1_[0,0.25]",anchor_margin,top25,population_final,retention,FINAL,5,5,0.25,0.056,0.416666666666667,0.036,1.66666666666667,0.68747852233677,0.056
DTLZ4,20,23,22023,"S1_[0,0.25]",score_hybrid,top25,population_final,retention,FINAL,5,5,0.25,0.072,0.516666666666667,0.036,2.06666666666667,0.686710695876289,0.072
DTLZ4,20,23,22023,"S1_[0,0.25]",score_v,top25,population_final,retention,FINAL,5,5,0.25,0.04,0.283333333333333,0.036,1.13333333333333,0.393132517182131,0.04
DTLZ4,20,23,22023,"S2_(0.25,0.50]",anchor_margin,top25,population_final,retention,FINAL,21,21,0.25,0.0857142857142857,0.244093208378923,0.090952380952381,0.976372833515691,0.579215606604188,0.0857142857142857
DTLZ4,20,23,22023,"S2_(0.25,0.50]",score_hybrid,top25,population_final,retention,FINAL,21,21,0.25,0.180952380952381,0.468482311339454,0.090952380952381,1.87392924535782,0.672283690756144,0.180952380952381
DTLZ4,20,23,22023,"S2_(0.25,0.50]",score_v,top25,population_final,retention,FINAL,21,21,0.25,0.156190476190476,0.403414046271189,0.090952380952381,1.61365618508476,0.5210687923447,0.156190476190476
DTLZ4,20,23,22023,"S3_(0.50,0.75]",anchor_margin,top25,population_final,retention,FINAL,20,20,0.25,0.356,0.330124493113298,0.2675,1.32049797245319,0.646869129800672,0.356
DTLZ4,20,23,22023,"S3_(0.50,0.75]",score_hybrid,top25,population_final,retention,FINAL,20,20,0.25,0.492,0.469115885529599,0.2675,1.8764635421184,0.715876102579321,0.492
DTLZ4,20,23,22023,"S3_(0.50,0.75]",score_v,top25,population_final,retention,FINAL,20,20,0.25,0.478,0.460218661117333,0.2675,1.84087464446933,0.657581982208751,0.478
DTLZ4,20,23,22023,"S4_(0.75,1.00]",anchor_margin,top25,population_final,retention,FINAL,21,21,0.25,0.662857142857143,0.241035330370396,0.679047619047619,0.964141321481582,0.589941282684268,0.662857142857143
DTLZ4,20,23,22023,"S4_(0.75,1.00]",score_hybrid,top25,population_final,retention,FINAL,21,21,0.25,0.788571428571429,0.300844141545035,0.679047619047619,1.20337656618014,0.641743180799137,0.788571428571429
DTLZ4,20,23,22023,"S4_(0.75,1.00]",score_v,top25,population_final,retention,FINAL,21,21,0.25,0.792380952380952,0.299985263763096,0.679047619047619,1.19994105505239,0.615347253611514,0.792380952380952
DTLZ4,20,24,22024,"S1_[0,0.25]",anchor_margin,top25,population_final,retention,FINAL,5,5,0.25,0.104,0.786666666666667,0.034,3.14666666666667,0.850353409296437,0.104
DTLZ4,20,24,22024,"S1_[0,0.25]",score_hybrid,top25,population_final,retention,FINAL,5,5,0.25,0.088,0.653333333333333,0.034,2.61333333333333,0.779287393742087,0.088
DTLZ4,20,24,22024,"S1_[0,0.25]",score_v,top25,population_final,retention,FINAL,5,5,0.25,0.016,0.08,0.034,0.32,0.27376523783686,0.016
DTLZ4,20,24,22024,"S2_(0.25,0.50]",anchor_margin,top25,population_final,retention,FINAL,21,21,0.25,0.135238095238095,0.385178204926104,0.0866666666666667,1.54071281970442,0.70046053640401,0.135238095238095
DTLZ4,20,24,22024,"S2_(0.25,0.50]",score_hybrid,top25,population_final,retention,FINAL,21,21,0.25,0.156190476190476,0.447492874383631,0.0866666666666667,1.78997149753452,0.677252878545204,0.156190476190476
DTLZ4,20,24,22024,"S2_(0.25,0.50]",score_v,top25,population_final,retention,FINAL,21,21,0.25,0.131428571428571,0.357101717921046,0.0866666666666667,1.42840687168418,0.517413279253771,0.131428571428571
DTLZ4,20,24,22024,"S3_(0.50,0.75]",anchor_margin,top25,population_final,retention,FINAL,20,20,0.25,0.344,0.249861235346594,0.356,0.999444941386378,0.588452036333558,0.344
DTLZ4,20,24,22024,"S3_(0.50,0.75]",score_hybrid,top25,population_final,retention,FINAL,20,20,0.25,0.47,0.366820675798354,0.356,1.46728270319342,0.635450672835825,0.47
DTLZ4,20,24,22024,"S3_(0.50,0.75]",score_v,top25,population_final,retention,FINAL,20,20,0.25,0.486,0.371443110500108,0.356,1.48577244200043,0.625458545074393,0.486
DTLZ4,20,24,22024,"S4_(0.75,1.00]",anchor_margin,top25,population_final,retention,FINAL,21,21,0.25,0.80952380952381,0.275407683316725,0.737619047619048,1.1016307332669,0.618212721130713,0.80952380952381
DTLZ4,20,24,22024,"S4_(0.75,1.00]",score_hybrid,top25,population_final,retention,FINAL,21,21,0.25,0.750476190476191,0.252699338887883,0.737619047619048,1.01079735555153,0.565197582783566,0.750476190476191
DTLZ4,20,24,22024,"S4_(0.75,1.00]",score_v,top25,population_final,retention,FINAL,21,21,0.25,0.691428571428571,0.232742549429112,0.737619047619048,0.930970197716449,0.43043450079641,0.691428571428571
DTLZ4,20,25,22025,"S1_[0,0.25]",anchor_margin,top25,population_final,retention,FINAL,5,5,0.25,0.16,0.557142857142857,0.072,2.22857142857143,0.743614547852802,0.16
DTLZ4,20,25,22025,"S1_[0,0.25]",score_hybrid,top25,population_final,retention,FINAL,5,5,0.25,0.088,0.307142857142857,0.072,1.22857142857143,0.656241651639618,0.088
DTLZ4,20,25,22025,"S1_[0,0.25]",score_v,top25,population_final,retention,FINAL,5,5,0.25,0.048,0.164285714285714,0.072,0.657142857142857,0.457048938088559,0.048
DTLZ4,20,25,22025,"S2_(0.25,0.50]",anchor_margin,top25,population_final,retention,FINAL,21,21,0.25,0.165714285714286,0.291650337188816,0.143333333333333,1.16660134875526,0.627944560625009,0.165714285714286
DTLZ4,20,25,22025,"S2_(0.25,0.50]",score_hybrid,top25,population_final,retention,FINAL,21,21,0.25,0.207619047619048,0.32659535985498,0.143333333333333,1.30638143941992,0.631332308417278,0.207619047619048
DTLZ4,20,25,22025,"S2_(0.25,0.50]",score_v,top25,population_final,retention,FINAL,21,21,0.25,0.201904761904762,0.311593208010722,0.143333333333333,1.24637283204289,0.507681095108381,0.201904761904762
DTLZ4,20,25,22025,"S3_(0.50,0.75]",anchor_margin,top25,population_final,retention,FINAL,20,20,0.25,0.536,0.369796950977492,0.381,1.47918780390997,0.648848452775425,0.536
DTLZ4,20,25,22025,"S3_(0.50,0.75]",score_hybrid,top25,population_final,retention,FINAL,20,20,0.25,0.45,0.320388351875077,0.381,1.28155340750031,0.61623721684122,0.45
DTLZ4,20,25,22025,"S3_(0.50,0.75]",score_v,top25,population_final,retention,FINAL,20,20,0.25,0.36,0.254569009791613,0.381,1.01827603916645,0.532217800730261,0.36
DTLZ4,20,25,22025,"S4_(0.75,1.00]",anchor_margin,top25,population_final,retention,FINAL,21,21,0.25,0.819047619047619,0.28031377210192,0.737142857142857,1.12125508840768,0.598242269135513,0.819047619047619
DTLZ4,20,25,22025,"S4_(0.75,1.00]",score_hybrid,top25,population_final,retention,FINAL,21,21,0.25,0.704761904761905,0.236019547442199,0.737142857142857,0.944078189768795,0.554921937291546,0.704761904761905
DTLZ4,20,25,22025,"S4_(0.75,1.00]",score_v,top25,population_final,retention,FINAL,21,21,0.25,0.727619047619048,0.245170584826071,0.737142857142857,0.980682339304283,0.491955500965516,0.727619047619048
DTLZ7,10,1,31001,"S1_[0,0.25]",anchor_margin,top25,population_final,retention,FINAL,5,5,0.25,0.0,,0.0,,,0.0
DTLZ7,10,1,31001,"S1_[0,0.25]",score_hybrid,top25,population_final,retention,FINAL,5,5,0.25,0.0,,0.0,,,0.0
DTLZ7,10,1,31001,"S1_[0,0.25]",score_v,top25,population_final,retention,FINAL,5,5,0.25,0.0,,0.0,,,0.0
DTLZ7,10,1,31001,"S2_(0.25,0.50]",anchor_margin,top25,population_final,retention,FINAL,21,21,0.25,0.0019047619047619,0.166666666666667,0.0047619047619047,0.666666666666667,0.641557370110389,0.0019047619047619
DTLZ7,10,1,31001,"S2_(0.25,0.50]",score_hybrid,top25,population_final,retention,FINAL,21,21,0.25,0.0171428571428571,0.944444444444445,0.0047619047619047,3.77777777777778,0.912808213986417,0.0171428571428571
DTLZ7,10,1,31001,"S2_(0.25,0.50]",score_v,top25,population_final,retention,FINAL,21,21,0.25,0.0171428571428571,0.944444444444445,0.0047619047619047,3.77777777777778,0.895887304208365,0.0171428571428571
DTLZ7,10,1,31001,"S3_(0.50,0.75]",anchor_margin,top25,population_final,retention,FINAL,20,20,0.25,0.078,0.170906593406593,0.0835,0.683626373626374,0.592881913922668,0.078
DTLZ7,10,1,31001,"S3_(0.50,0.75]",score_hybrid,top25,population_final,retention,FINAL,20,20,0.25,0.152,0.426730769230769,0.0835,1.70692307692308,0.680482431545594,0.152
DTLZ7,10,1,31001,"S3_(0.50,0.75]",score_v,top25,population_final,retention,FINAL,20,20,0.25,0.178,0.515494505494505,0.0835,2.06197802197802,0.733975929412282,0.178
DTLZ7,10,1,31001,"S4_(0.75,1.00]",anchor_margin,top25,population_final,retention,FINAL,21,21,0.25,0.577142857142857,0.305474611942017,0.52952380952381,1.22189844776807,0.606626320005982,0.577142857142857
DTLZ7,10,1,31001,"S4_(0.75,1.00]",score_hybrid,top25,population_final,retention,FINAL,21,21,0.25,0.660952380952381,0.349119333269313,0.52952380952381,1.39647733307725,0.643497186289175,0.660952380952381
DTLZ7,10,1,31001,"S4_(0.75,1.00]",score_v,top25,population_final,retention,FINAL,21,21,0.25,0.64,0.323760671192916,0.52952380952381,1.29504268477166,0.640383947834399,0.64
DTLZ7,10,2,31002,"S1_[0,0.25]",anchor_margin,top25,population_final,retention,FINAL,5,5,0.25,0.0,0.0,0.004,0.0,0.714646464646465,0.0
DTLZ7,10,2,31002,"S1_[0,0.25]",score_hybrid,top25,population_final,retention,FINAL,5,5,0.25,0.016,1.0,0.004,4.0,0.974747474747475,0.016
DTLZ7,10,2,31002,"S1_[0,0.25]",score_v,top25,population_final,retention,FINAL,5,5,0.25,0.016,1.0,0.004,4.0,0.974747474747475,0.016
DTLZ7,10,2,31002,"S2_(0.25,0.50]",anchor_margin,top25,population_final,retention,FINAL,21,21,0.25,0.0228571428571429,0.26031746031746,0.0228571428571429,1.04126984126984,0.578202128754462,0.0228571428571429
DTLZ7,10,2,31002,"S2_(0.25,0.50]",score_hybrid,top25,population_final,retention,FINAL,21,21,0.25,0.0323809523809524,0.430952380952381,0.0228571428571429,1.72380952380952,0.655777648675711,0.0323809523809524
DTLZ7,10,2,31002,"S2_(0.25,0.50]",score_v,top25,population_final,retention,FINAL,21,21,0.25,0.0304761904761905,0.379365079365079,0.0228571428571429,1.51746031746032,0.63435804101064,0.0304761904761905
DTLZ7,10,2,31002,"S3_(0.50,0.75]",anchor_margin,top25,population_final,retention,FINAL,20,20,0.25,0.19,0.282046792045244,0.163,1.12818716818098,0.566727769243218,0.19
DTLZ7,10,2,31002,"S3_(0.50,0.75]",score_hybrid,top25,population_final,retention,FINAL,20,20,0.25,0.24,0.383735592924447,0.163,1.53494237169779,0.610661327153462,0.24
DTLZ7,10,2,31002,"S3_(0.50,0.75]",score_v,top25,population_final,retention,FINAL,20,20,0.25,0.206,0.34297430625217,0.163,1.37189722500868,0.605184270877488,0.206
DTLZ7,10,2,31002,"S4_(0.75,1.00]",anchor_margin,top25,population_final,retention,FINAL,21,21,0.25,0.575238095238095,0.281437207634299,0.520952380952381,1.12574883053719,0.571837676067127,0.575238095238095
DTLZ7,10,2,31002,"S4_(0.75,1.00]",score_hybrid,top25,population_final,retention,FINAL,21,21,0.25,0.544761904761905,0.264894214592546,0.520952380952381,1.05957685837018,0.575404996175078,0.544761904761905
DTLZ7,10,2,31002,"S4_(0.75,1.00]",score_v,top25,population_final,retention,FINAL,21,21,0.25,0.527619047619048,0.256553439654276,0.520952380952381,1.0262137586171,0.544290863867052,0.527619047619048
DTLZ7,10,3,31003,"S1_[0,0.25]",anchor_margin,top25,population_final,retention,FINAL,5,5,0.25,0.0,0.0,0.004,0.0,0.664141414141414,0.0
DTLZ7,10,3,31003,"S1_[0,0.25]",score_hybrid,top25,population_final,retention,FINAL,5,5,0.25,0.016,1.0,0.004,4.0,0.934343434343434,0.016
DTLZ7,10,3,31003,"S1_[0,0.25]",score_v,top25,population_final,retention,FINAL,5,5,0.25,0.016,1.0,0.004,4.0,0.929292929292929,0.016
DTLZ7,10,3,31003,"S2_(0.25,0.50]",anchor_margin,top25,population_final,retention,FINAL,21,21,0.25,0.0419047619047619,0.234126984126984,0.0490476190476191,0.936507936507937,0.574131937711763,0.0419047619047619
DTLZ7,10,3,31003,"S2_(0.25,0.50]",score_hybrid,top25,population_final,retention,FINAL,21,21,0.25,0.0647619047619048,0.393650793650794,0.0490476190476191,1.57460317460317,0.559254385645867,0.0647619047619048
DTLZ7,10,3,31003,"S2_(0.25,0.50]",score_v,top25,population_final,retention,FINAL,21,21,0.25,0.04,0.303174603174603,0.0490476190476191,1.21269841269841,0.531773381153702,0.04
DTLZ7,10,3,31003,"S3_(0.50,0.75]",anchor_margin,top25,population_final,retention,FINAL,20,20,0.25,0.048,0.0964110889110889,0.1115,0.385644355644356,0.382364627059505,0.048
DTLZ7,10,3,31003,"S3_(0.50,0.75]",score_hybrid,top25,population_final,retention,FINAL,20,20,0.25,0.06,0.115801420801421,0.1115,0.463205683205683,0.355637318500505,0.06
DTLZ7,10,3,31003,"S3_(0.50,0.75]",score_v,top25,population_final,retention,FINAL,20,20,0.25,0.048,0.0864296814296814,0.1115,0.345718725718726,0.290070650592122,0.048
DTLZ7,10,3,31003,"S4_(0.75,1.00]",anchor_margin,top25,population_final,retention,FINAL,21,21,0.25,0.443809523809524,0.225896832590468,0.452857142857143,0.903587330361872,0.539188035391462,0.443809523809524
DTLZ7,10,3,31003,"S4_(0.75,1.00]",score_hybrid,top25,population_final,retention,FINAL,21,21,0.25,0.548571428571429,0.303156860527103,0.452857142857143,1.21262744210841,0.565075664807362,0.548571428571429
DTLZ7,10,3,31003,"S4_(0.75,1.00]",score_v,top25,population_final,retention,FINAL,21,21,0.25,0.550476190476191,0.312313013288496,0.452857142857143,1.24925205315398,0.554373097581688,0.550476190476191
DTLZ7,10,4,31004,"S1_[0,0.25]",anchor_margin,top25,population_final,retention,FINAL,5,5,0.25,0.0,,0.0,,,0.0
DTLZ7,10,4,31004,"S1_[0,0.25]",score_hybrid,top25,population_final,retention,FINAL,5,5,0.25,0.0,,0.0,,,0.0
DTLZ7,10,4,31004,"S1_[0,0.25]",score_v,top25,population_final,retention,FINAL,5,5,0.25,0.0,,0.0,,,0.0
DTLZ7,10,4,31004,"S2_(0.25,0.50]",anchor_margin,top25,population_final,retention,FINAL,21,21,0.25,0.0133333333333333,0.666666666666667,0.0052380952380952,2.66666666666667,0.748260667903525,0.0133333333333333
DTLZ7,10,4,31004,"S2_(0.25,0.50]",score_hybrid,top25,population_final,retention,FINAL,21,21,0.25,0.020952380952381,1.0,0.0052380952380952,4.0,0.945612588469731,0.020952380952381
DTLZ7,10,4,31004,"S2_(0.25,0.50]",score_v,top25,population_final,retention,FINAL,21,21,0.25,0.020952380952381,1.0,0.0052380952380952,4.0,0.938809867381296,0.020952380952381
DTLZ7,10,4,31004,"S3_(0.50,0.75]",anchor_margin,top25,population_final,retention,FINAL,20,20,0.25,0.146,0.329106879532576,0.1235,1.3164275181303,0.648076859822512,0.146
DTLZ7,10,4,31004,"S3_(0.50,0.75]",score_hybrid,top25,population_final,retention,FINAL,20,20,0.25,0.218,0.49414526907561,0.1235,1.97658107630244,0.728171639692629,0.218
DTLZ7,10,4,31004,"S3_(0.50,0.75]",score_v,top25,population_final,retention,FINAL,20,20,0.25,0.214,0.446289241374381,0.1235,1.78515696549752,0.694734832849978,0.214
DTLZ7,10,4,31004,"S4_(0.75,1.00]",anchor_margin,top25,population_final,retention,FINAL,21,21,0.25,0.487619047619048,0.230613547112163,0.522380952380952,0.922454188448651,0.550076620482733,0.487619047619048
DTLZ7,10,4,31004,"S4_(0.75,1.00]",score_hybrid,top25,population_final,retention,FINAL,21,21,0.25,0.655238095238095,0.323322480785998,0.522380952380952,1.29328992314399,0.616716765354851,0.655238095238095
DTLZ7,10,4,31004,"S4_(0.75,1.00]",score_v,top25,population_final,retention,FINAL,21,21,0.25,0.666666666666667,0.331070537610083,0.522380952380952,1.32428215044033,0.640924731729522,0.666666666666667
DTLZ7,10,5,31005,"S1_[0,0.25]",anchor_margin,top25,population_final,retention,FINAL,5,5,0.25,0.0,0.0,0.004,0.0,0.424242424242424,0.0
DTLZ7,10,5,31005,"S1_[0,0.25]",score_hybrid,top25,population_final,retention,FINAL,5,5,0.25,0.008,0.5,0.004,2.0,0.747474747474748,0.008
DTLZ7,10,5,31005,"S1_[0,0.25]",score_v,top25,population_final,retention,FINAL,5,5,0.25,0.016,1.0,0.004,4.0,0.893939393939394,0.016
DTLZ7,10,5,31005,"S2_(0.25,0.50]",anchor_margin,top25,population_final,retention,FINAL,21,21,0.25,0.0361904761904762,0.257936507936508,0.0319047619047619,1.03174603174603,0.545497618803731,0.0361904761904762
DTLZ7,10,5,31005,"S2_(0.25,0.50]",score_hybrid,top25,population_final,retention,FINAL,21,21,0.25,0.0495238095238095,0.333333333333333,0.0319047619047619,1.33333333333333,0.593262880794048,0.0495238095238095
DTLZ7,10,5,31005,"S2_(0.25,0.50]",score_v,top25,population_final,retention,FINAL,21,21,0.25,0.0533333333333333,0.380952380952381,0.0319047619047619,1.52380952380952,0.623520953961471,0.0533333333333333
DTLZ7,10,5,31005,"S3_(0.50,0.75]",anchor_margin,top25,population_final,retention,FINAL,20,20,0.25,0.194,0.330173531655225,0.1575,1.3206941266209,0.593194540059402,0.194
DTLZ7,10,5,31005,"S3_(0.50,0.75]",score_hybrid,top25,population_final,retention,FINAL,20,20,0.25,0.156,0.299468753405252,0.1575,1.19787501362101,0.589561004673876,0.156
DTLZ7,10,5,31005,"S3_(0.50,0.75]",score_v,top25,population_final,retention,FINAL,20,20,0.25,0.128,0.239419150230649,0.1575,0.957676600922596,0.556658656034924,0.128
DTLZ7,10,5,31005,"S4_(0.75,1.00]",anchor_margin,top25,population_final,retention,FINAL,21,21,0.25,0.514285714285714,0.243075268844247,0.512857142857143,0.972301075376987,0.511332716128638,0.514285714285714
DTLZ7,10,5,31005,"S4_(0.75,1.00]",score_hybrid,top25,population_final,retention,FINAL,21,21,0.25,0.512380952380952,0.224452204034653,0.512857142857143,0.897808816138614,0.482482913765576,0.512380952380952
DTLZ7,10,5,31005,"S4_(0.75,1.00]",score_v,top25,population_final,retention,FINAL,21,21,0.25,0.495238095238095,0.221467125807889,0.512857142857143,0.885868503231558,0.430948953193321,0.495238095238095
DTLZ7,10,6,31006,"S1_[0,0.25]",anchor_margin,top25,population_final,retention,FINAL,5,5,0.25,0.0,,0.0,,,0.0
DTLZ7,10,6,31006,"S1_[0,0.25]",score_hybrid,top25,population_final,retention,FINAL,5,5,0.25,0.0,,0.0,,,0.0
DTLZ7,10,6,31006,"S1_[0,0.25]",score_v,top25,population_final,retention,FINAL,5,5,0.25,0.0,,0.0,,,0.0
DTLZ7,10,6,31006,"S2_(0.25,0.50]",anchor_margin,top25,population_final,retention,FINAL,21,21,0.25,0.0171428571428571,0.722222222222222,0.0061904761904761,2.88888888888889,0.858960422657035,0.0171428571428571
DTLZ7,10,6,31006,"S2_(0.25,0.50]",score_hybrid,top25,population_final,retention,FINAL,21,21,0.25,0.0228571428571429,0.916666666666667,0.0061904761904761,3.66666666666667,0.911421441428805,0.0228571428571429
DTLZ7,10,6,31006,"S2_(0.25,0.50]",score_v,top25,population_final,retention,FINAL,21,21,0.25,0.0247619047619048,1.0,0.0061904761904761,4.0,0.930944198985436,0.0247619047619048
DTLZ7,10,6,31006,"S3_(0.50,0.75]",anchor_margin,top25,population_final,retention,FINAL,20,20,0.25,0.154,0.304335557348349,0.135,1.2173422293934,0.595832555472084,0.154
DTLZ7,10,6,31006,"S3_(0.50,0.75]",score_hybrid,top25,population_final,retention,FINAL,20,20,0.25,0.156,0.332994531052929,0.135,1.33197812421172,0.632506671431819,0.156
DTLZ7,10,6,31006,"S3_(0.50,0.75]",score_v,top25,population_final,retention,FINAL,20,20,0.25,0.122,0.249330975908284,0.135,0.997323903633136,0.627391860447305,0.122
DTLZ7,10,6,31006,"S4_(0.75,1.00]",anchor_margin,top25,population_final,retention,FINAL,21,21,0.25,0.56952380952381,0.271482263645925,0.529047619047619,1.0859290545837,0.58010420866873,0.56952380952381
DTLZ7,10,6,31006,"S4_(0.75,1.00]",score_hybrid,top25,population_final,retention,FINAL,21,21,0.25,0.657142857142857,0.321914669261191,0.529047619047619,1.28765867704476,0.610929258555503,0.657142857142857
DTLZ7,10,6,31006,"S4_(0.75,1.00]",score_v,top25,population_final,retention,FINAL,21,21,0.25,0.626666666666667,0.308879299614653,0.529047619047619,1.23551719845861,0.596363521542831,0.626666666666667
DTLZ7,10,7,31007,"S1_[0,0.25]",anchor_margin,top25,population_final,retention,FINAL,5,5,0.25,0.0,,0.0,,,0.0
DTLZ7,10,7,31007,"S1_[0,0.25]",score_hybrid,top25,population_final,retention,FINAL,5,5,0.25,0.0,,0.0,,,0.0
DTLZ7,10,7,31007,"S1_[0,0.25]",score_v,top25,population_final,retention,FINAL,5,5,0.25,0.0,,0.0,,,0.0
DTLZ7,10,7,31007,"S2_(0.25,0.50]",anchor_margin,top25,population_final,retention,FINAL,21,21,0.25,0.0,,0.0,,,0.0
DTLZ7,10,7,31007,"S2_(0.25,0.50]",score_hybrid,top25,population_final,retention,FINAL,21,21,0.25,0.0,,0.0,,,0.0
DTLZ7,10,7,31007,"S2_(0.25,0.50]",score_v,top25,population_final,retention,FINAL,21,21,0.25,0.0,,0.0,,,0.0
DTLZ7,10,7,31007,"S3_(0.50,0.75]",anchor_margin,top25,population_final,retention,FINAL,20,20,0.25,0.066,0.42863978127136,0.049,1.71455912508544,0.667198925562799,0.066
DTLZ7,10,7,31007,"S3_(0.50,0.75]",score_hybrid,top25,population_final,retention,FINAL,20,20,0.25,0.106,0.518910913647756,0.049,2.07564365459102,0.725101006374243,0.106
DTLZ7,10,7,31007,"S3_(0.50,0.75]",score_v,top25,population_final,retention,FINAL,20,20,0.25,0.09,0.422875370243791,0.049,1.69150148097517,0.739745413787791,0.09
DTLZ7,10,7,31007,"S4_(0.75,1.00]",anchor_margin,top25,population_final,retention,FINAL,21,21,0.25,0.518095238095238,0.289845669421461,0.443809523809524,1.15938267768584,0.631962963169798,0.518095238095238
DTLZ7,10,7,31007,"S4_(0.75,1.00]",score_hybrid,top25,population_final,retention,FINAL,21,21,0.25,0.64952380952381,0.389451930579836,0.443809523809524,1.55780772231935,0.716124422673501,0.64952380952381
DTLZ7,10,7,31007,"S4_(0.75,1.00]",score_v,top25,population_final,retention,FINAL,21,21,0.25,0.666666666666667,0.395539680138978,0.443809523809524,1.58215872055591,0.736645579305772,0.666666666666667
DTLZ7,10,8,31008,"S1_[0,0.25]",anchor_margin,top25,population_final,retention,FINAL,5,5,0.25,0.0,,0.0,,,0.0
DTLZ7,10,8,31008,"S1_[0,0.25]",score_hybrid,top25,population_final,retention,FINAL,5,5,0.25,0.0,,0.0,,,0.0
DTLZ7,10,8,31008,"S1_[0,0.25]",score_v,top25,population_final,retention,FINAL,5,5,0.25,0.0,,0.0,,,0.0
DTLZ7,10,8,31008,"S2_(0.25,0.50]",anchor_margin,top25,population_final,retention,FINAL,21,21,0.25,0.0019047619047619,0.125,0.0038095238095238,0.5,0.558712121212121,0.0019047619047619
DTLZ7,10,8,31008,"S2_(0.25,0.50]",score_hybrid,top25,population_final,retention,FINAL,21,21,0.25,0.0133333333333333,0.875,0.0038095238095238,3.5,0.875,0.0133333333333333
DTLZ7,10,8,31008,"S2_(0.25,0.50]",score_v,top25,population_final,retention,FINAL,21,21,0.25,0.0133333333333333,0.875,0.0038095238095238,3.5,0.86489898989899,0.0133333333333333
DTLZ7,10,8,31008,"S3_(0.50,0.75]",anchor_margin,top25,population_final,retention,FINAL,20,20,0.25,0.14,0.539589431951964,0.0845,2.15835772780786,0.668656034513349,0.14
DTLZ7,10,8,31008,"S3_(0.50,0.75]",score_hybrid,top25,population_final,retention,FINAL,20,20,0.25,0.212,0.613489032635452,0.0845,2.45395613054181,0.776315678527714,0.212
DTLZ7,10,8,31008,"S3_(0.50,0.75]",score_v,top25,population_final,retention,FINAL,20,20,0.25,0.21,0.474128930887243,0.0845,1.89651572354897,0.755059921379092,0.21
DTLZ7,10,8,31008,"S4_(0.75,1.00]",anchor_margin,top25,population_final,retention,FINAL,21,21,0.25,0.546666666666667,0.272172907239811,0.526666666666667,1.08869162895924,0.579014249238753,0.546666666666667
DTLZ7,10,8,31008,"S4_(0.75,1.00]",score_hybrid,top25,population_final,retention,FINAL,21,21,0.25,0.68952380952381,0.355722166241323,0.526666666666667,1.42288866496529,0.656939190062164,0.68952380952381
DTLZ7,10,8,31008,"S4_(0.75,1.00]",score_v,top25,population_final,retention,FINAL,21,21,0.25,0.676190476190476,0.342608348480015,0.526666666666667,1.37043339392006,0.683338256036,0.676190476190476
DTLZ7,10,9,31009,"S1_[0,0.25]",anchor_margin,top25,population_final,retention,FINAL,5,5,0.25,0.0,,0.0,,,0.0
DTLZ7,10,9,31009,"S1_[0,0.25]",score_hybrid,top25,population_final,retention,FINAL,5,5,0.25,0.0,,0.0,,,0.0
DTLZ7,10,9,31009,"S1_[0,0.25]",score_v,top25,population_final,retention,FINAL,5,5,0.25,0.0,,0.0,,,0.0
DTLZ7,10,9,31009,"S2_(0.25,0.50]",anchor_margin,top25,population_final,retention,FINAL,21,21,0.25,0.0171428571428571,0.233333333333333,0.0171428571428571,0.933333333333334,0.631554924375248,0.0171428571428571
DTLZ7,10,9,31009,"S2_(0.25,0.50]",score_hybrid,top25,population_final,retention,FINAL,21,21,0.25,0.0380952380952381,0.588888888888889,0.0171428571428571,2.35555555555556,0.776557495850574,0.0380952380952381
DTLZ7,10,9,31009,"S2_(0.25,0.50]",score_v,top25,population_final,retention,FINAL,21,21,0.25,0.0342857142857143,0.544444444444445,0.0171428571428571,2.17777777777778,0.74750566893424,0.0342857142857143
DTLZ7,10,9,31009,"S3_(0.50,0.75]",anchor_margin,top25,population_final,retention,FINAL,20,20,0.25,0.124,0.296587301587302,0.091,1.18634920634921,0.586119224359528,0.124
DTLZ7,10,9,31009,"S3_(0.50,0.75]",score_hybrid,top25,population_final,retention,FINAL,20,20,0.25,0.138,0.285119047619048,0.091,1.14047619047619,0.574938290265127,0.138
DTLZ7,10,9,31009,"S3_(0.50,0.75]",score_v,top25,population_final,retention,FINAL,20,20,0.25,0.124,0.249325396825397,0.091,0.997301587301587,0.500041811890267,0.124
DTLZ7,10,9,31009,"S4_(0.75,1.00]",anchor_margin,top25,population_final,retention,FINAL,21,21,0.25,0.525714285714286,0.275681006438316,0.493333333333333,1.10272402575326,0.607870314592782,0.525714285714286
DTLZ7,10,9,31009,"S4_(0.75,1.00]",score_hybrid,top25,population_final,retention,FINAL,21,21,0.25,0.615238095238095,0.328735572281104,0.493333333333333,1.31494228912441,0.677711435233268,0.615238095238095
DTLZ7,10,9,31009,"S4_(0.75,1.00]",score_v,top25,population_final,retention,FINAL,21,21,0.25,0.662857142857143,0.357777519300103,0.493333333333333,1.43111007720041,0.695392941580864,0.662857142857143
DTLZ7,10,10,31010,"S1_[0,0.25]",anchor_margin,top25,population_final,retention,FINAL,5,5,0.25,0.0,,0.0,,,0.0
DTLZ7,10,10,31010,"S1_[0,0.25]",score_hybrid,top25,population_final,retention,FINAL,5,5,0.25,0.0,,0.0,,,0.0
DTLZ7,10,10,31010,"S1_[0,0.25]",score_v,top25,population_final,retention,FINAL,5,5,0.25,0.0,,0.0,,,0.0
DTLZ7,10,10,31010,"S2_(0.25,0.50]",anchor_margin,top25,population_final,retention,FINAL,21,21,0.25,0.0114285714285714,0.216666666666667,0.009047619047619,0.866666666666667,0.574989296564853,0.0114285714285714
DTLZ7,10,10,31010,"S2_(0.25,0.50]",score_hybrid,top25,population_final,retention,FINAL,21,21,0.25,0.0228571428571429,0.469444444444444,0.009047619047619,1.87777777777778,0.680361755326826,0.0228571428571429
DTLZ7,10,10,31010,"S2_(0.25,0.50]",score_v,top25,population_final,retention,FINAL,21,21,0.25,0.0247619047619048,0.502777777777778,0.009047619047619,2.01111111111111,0.706541108544296,0.0247619047619048
DTLZ7,10,10,31010,"S3_(0.50,0.75]",anchor_margin,top25,population_final,retention,FINAL,20,20,0.25,0.126,0.299650773847755,0.107,1.19860309539102,0.624759984157459,0.126
DTLZ7,10,10,31010,"S3_(0.50,0.75]",score_hybrid,top25,population_final,retention,FINAL,20,20,0.25,0.164,0.402611986396816,0.107,1.61044794558726,0.659763332138573,0.164
DTLZ7,10,10,31010,"S3_(0.50,0.75]",score_v,top25,population_final,retention,FINAL,20,20,0.25,0.15,0.387058628291213,0.107,1.54823451316485,0.668922345925766,0.15
DTLZ7,10,10,31010,"S4_(0.75,1.00]",anchor_margin,top25,population_final,retention,FINAL,21,21,0.25,0.52952380952381,0.288717877915999,0.479523809523809,1.154871511664,0.602585613784702,0.52952380952381
DTLZ7,10,10,31010,"S4_(0.75,1.00]",score_hybrid,top25,population_final,retention,FINAL,21,21,0.25,0.601904761904762,0.332026302888174,0.479523809523809,1.32810521155269,0.662328813930141,0.601904761904762
DTLZ7,10,10,31010,"S4_(0.75,1.00]",score_v,top25,population_final,retention,FINAL,21,21,0.25,0.653333333333333,0.369422908810288,0.479523809523809,1.47769163524115,0.669119515033377,0.653333333333333
DTLZ7,10,11,31011,"S1_[0,0.25]",anchor_margin,top25,population_final,retention,FINAL,5,5,0.25,0.0,,0.0,,,0.0
DTLZ7,10,11,31011,"S1_[0,0.25]",score_hybrid,top25,population_final,retention,FINAL,5,5,0.25,0.0,,0.0,,,0.0
DTLZ7,10,11,31011,"S1_[0,0.25]",score_v,top25,population_final,retention,FINAL,5,5,0.25,0.0,,0.0,,,0.0
DTLZ7,10,11,31011,"S2_(0.25,0.50]",anchor_margin,top25,population_final,retention,FINAL,21,21,0.25,0.0,,0.0,,,0.0
DTLZ7,10,11,31011,"S2_(0.25,0.50]",score_hybrid,top25,population_final,retention,FINAL,21,21,0.25,0.0,,0.0,,,0.0
DTLZ7,10,11,31011,"S2_(0.25,0.50]",score_v,top25,population_final,retention,FINAL,21,21,0.25,0.0,,0.0,,,0.0
DTLZ7,10,11,31011,"S3_(0.50,0.75]",anchor_margin,top25,population_final,retention,FINAL,20,20,0.25,0.044,0.130937950937951,0.0795,0.523751803751804,0.573346939226231,0.044
DTLZ7,10,11,31011,"S3_(0.50,0.75]",score_hybrid,top25,population_final,retention,FINAL,20,20,0.25,0.17,0.629477124183006,0.0795,2.51790849673203,0.7855553211625,0.17
DTLZ7,10,11,31011,"S3_(0.50,0.75]",score_v,top25,population_final,retention,FINAL,20,20,0.25,0.194,0.725094219505984,0.0795,2.90037687802394,0.839422431009456,0.194
DTLZ7,10,11,31011,"S4_(0.75,1.00]",anchor_margin,top25,population_final,retention,FINAL,21,21,0.25,0.548571428571429,0.25357393862471,0.532857142857143,1.01429575449884,0.603298637358937,0.548571428571429
DTLZ7,10,11,31011,"S4_(0.75,1.00]",score_hybrid,top25,population_final,retention,FINAL,21,21,0.25,0.700952380952381,0.34225674370728,0.532857142857143,1.36902697482912,0.689178035947346,0.700952380952381
DTLZ7,10,11,31011,"S4_(0.75,1.00]",score_v,top25,population_final,retention,FINAL,21,21,0.25,0.699047619047619,0.348982468143843,0.532857142857143,1.39592987257537,0.712907874567804,0.699047619047619
DTLZ7,10,12,31012,"S1_[0,0.25]",anchor_margin,top25,population_final,retention,FINAL,5,5,0.25,0.0,,0.0,,,0.0
DTLZ7,10,12,31012,"S1_[0,0.25]",score_hybrid,top25,population_final,retention,FINAL,5,5,0.25,0.0,,0.0,,,0.0
DTLZ7,10,12,31012,"S1_[0,0.25]",score_v,top25,population_final,retention,FINAL,5,5,0.25,0.0,,0.0,,,0.0
DTLZ7,10,12,31012,"S2_(0.25,0.50]",anchor_margin,top25,population_final,retention,FINAL,21,21,0.25,0.0247619047619048,0.347222222222222,0.0128571428571429,1.38888888888889,0.680836595521852,0.0247619047619048
DTLZ7,10,12,31012,"S2_(0.25,0.50]",score_hybrid,top25,population_final,retention,FINAL,21,21,0.25,0.0380952380952381,0.847222222222222,0.0128571428571429,3.38888888888889,0.876415645204765,0.0380952380952381
DTLZ7,10,12,31012,"S2_(0.25,0.50]",score_v,top25,population_final,retention,FINAL,21,21,0.25,0.0419047619047619,0.888888888888889,0.0128571428571429,3.55555555555556,0.883005945905776,0.0419047619047619
DTLZ7,10,12,31012,"S3_(0.50,0.75]",anchor_margin,top25,population_final,retention,FINAL,20,20,0.25,0.132,0.230493187844446,0.1305,0.921972751377786,0.62360069436502,0.132
DTLZ7,10,12,31012,"S3_(0.50,0.75]",score_hybrid,top25,population_final,retention,FINAL,20,20,0.25,0.178,0.396779867570771,0.1305,1.58711947028309,0.683550329458081,0.178
DTLZ7,10,12,31012,"S3_(0.50,0.75]",score_v,top25,population_final,retention,FINAL,20,20,0.25,0.186,0.413414458824928,0.1305,1.65365783529971,0.699447255107218,0.186
DTLZ7,10,12,31012,"S4_(0.75,1.00]",anchor_margin,top25,population_final,retention,FINAL,21,21,0.25,0.573333333333333,0.293777964040465,0.504285714285714,1.17511185616186,0.593079923732938,0.573333333333333
DTLZ7,10,12,31012,"S4_(0.75,1.00]",score_hybrid,top25,population_final,retention,FINAL,21,21,0.25,0.607619047619048,0.315362559697528,0.504285714285714,1.26145023879011,0.591704773074676,0.607619047619048
DTLZ7,10,12,31012,"S4_(0.75,1.00]",score_v,top25,population_final,retention,FINAL,21,21,0.25,0.565714285714286,0.290566115938594,0.504285714285714,1.16226446375438,0.567289799222592,0.565714285714286
DTLZ7,10,13,31013,"S1_[0,0.25]",anchor_margin,top25,population_final,retention,FINAL,5,5,0.25,0.0,,0.0,,,0.0
DTLZ7,10,13,31013,"S1_[0,0.25]",score_hybrid,top25,population_final,retention,FINAL,5,5,0.25,0.0,,0.0,,,0.0
DTLZ7,10,13,31013,"S1_[0,0.25]",score_v,top25,population_final,retention,FINAL,5,5,0.25,0.0,,0.0,,,0.0
DTLZ7,10,13,31013,"S2_(0.25,0.50]",anchor_margin,top25,population_final,retention,FINAL,21,21,0.25,0.0266666666666667,0.266865079365079,0.0233333333333333,1.06746031746032,0.597770206101931,0.0266666666666667
DTLZ7,10,13,31013,"S2_(0.25,0.50]",score_hybrid,top25,population_final,retention,FINAL,21,21,0.25,0.0419047619047619,0.509920634920635,0.0233333333333333,2.03968253968254,0.708212158583413,0.0419047619047619
DTLZ7,10,13,31013,"S2_(0.25,0.50]",score_v,top25,population_final,retention,FINAL,21,21,0.25,0.0476190476190476,0.584325396825397,0.0233333333333333,2.33730158730159,0.75174620680732,0.0476190476190476
DTLZ7,10,13,31013,"S3_(0.50,0.75]",anchor_margin,top25,population_final,retention,FINAL,20,20,0.25,0.174,0.273134575477842,0.15,1.09253830191137,0.549162846208077,0.174
DTLZ7,10,13,31013,"S3_(0.50,0.75]",score_hybrid,top25,population_final,retention,FINAL,20,20,0.25,0.194,0.306487907087752,0.15,1.22595162835101,0.573060124481098,0.194
DTLZ7,10,13,31013,"S3_(0.50,0.75]",score_v,top25,population_final,retention,FINAL,20,20,0.25,0.202,0.33312992219339,0.15,1.33251968877356,0.594900485511962,0.202
DTLZ7,10,13,31013,"S4_(0.75,1.00]",anchor_margin,top25,population_final,retention,FINAL,21,21,0.25,0.628571428571429,0.299735616499484,0.551904761904762,1.19894246599793,0.616643517157033,0.628571428571429
DTLZ7,10,13,31013,"S4_(0.75,1.00]",score_hybrid,top25,population_final,retention,FINAL,21,21,0.25,0.691428571428572,0.356718494532276,0.551904761904762,1.4268739781291,0.638889064321081,0.691428571428572
DTLZ7,10,13,31013,"S4_(0.75,1.00]",score_v,top25,population_final,retention,FINAL,21,21,0.25,0.68,0.343960131499076,0.551904761904762,1.3758405259963,0.630700787676548,0.68
DTLZ7,10,14,31014,"S1_[0,0.25]",anchor_margin,top25,population_final,retention,FINAL,5,5,0.25,0.0,,0.0,,,0.0
DTLZ7,10,14,31014,"S1_[0,0.25]",score_hybrid,top25,population_final,retention,FINAL,5,5,0.25,0.0,,0.0,,,0.0
DTLZ7,10,14,31014,"S1_[0,0.25]",score_v,top25,population_final,retention,FINAL,5,5,0.25,0.0,,0.0,,,0.0
DTLZ7,10,14,31014,"S2_(0.25,0.50]",anchor_margin,top25,population_final,retention,FINAL,21,21,0.25,0.0152380952380952,0.32843137254902,0.0204761904761905,1.31372549019608,0.627476097339123,0.0152380952380952
DTLZ7,10,14,31014,"S2_(0.25,0.50]",score_hybrid,top25,population_final,retention,FINAL,21,21,0.25,0.0247619047619048,0.441176470588235,0.0204761904761905,1.76470588235294,0.653264232512749,0.0247619047619048
DTLZ7,10,14,31014,"S2_(0.25,0.50]",score_v,top25,population_final,retention,FINAL,21,21,0.25,0.020952380952381,0.362745098039216,0.0204761904761905,1.45098039215686,0.630995449179359,0.020952380952381
DTLZ7,10,14,31014,"S3_(0.50,0.75]",anchor_margin,top25,population_final,retention,FINAL,20,20,0.25,0.012,0.0633928571428571,0.041,0.253571428571429,0.474892190315896,0.012
DTLZ7,10,14,31014,"S3_(0.50,0.75]",score_hybrid,top25,population_final,retention,FINAL,20,20,0.25,0.046,0.335178571428571,0.041,1.34071428571429,0.547661981090372,0.046
DTLZ7,10,14,31014,"S3_(0.50,0.75]",score_v,top25,population_final,retention,FINAL,20,20,0.25,0.06,0.406011904761905,0.041,1.62404761904762,0.598268161575253,0.06
DTLZ7,10,14,31014,"S4_(0.75,1.00]",anchor_margin,top25,population_final,retention,FINAL,21,21,0.25,0.447619047619048,0.228369395054205,0.443809523809524,0.913477580216818,0.532935956417217,0.447619047619048
DTLZ7,10,14,31014,"S4_(0.75,1.00]",score_hybrid,top25,population_final,retention,FINAL,21,21,0.25,0.59047619047619,0.353223394856721,0.443809523809524,1.41289357942688,0.657990669316232,0.59047619047619
DTLZ7,10,14,31014,"S4_(0.75,1.00]",score_v,top25,population_final,retention,FINAL,21,21,0.25,0.64,0.386730760498226,0.443809523809524,1.5469230419929,0.714911893603224,0.64
DTLZ7,10,15,31015,"S1_[0,0.25]",anchor_margin,top25,population_final,retention,FINAL,5,5,0.25,0.0,,0.0,,,0.0
DTLZ7,10,15,31015,"S1_[0,0.25]",score_hybrid,top25,population_final,retention,FINAL,5,5,0.25,0.0,,0.0,,,0.0
DTLZ7,10,15,31015,"S1_[0,0.25]",score_v,top25,population_final,retention,FINAL,5,5,0.25,0.0,,0.0,,,0.0
DTLZ7,10,15,31015,"S2_(0.25,0.50]",anchor_margin,top25,population_final,retention,FINAL,21,21,0.25,0.0095238095238095,0.388888888888889,0.0057142857142857,1.55555555555556,0.656775961451956,0.0095238095238095
DTLZ7,10,15,31015,"S2_(0.25,0.50]",score_hybrid,top25,population_final,retention,FINAL,21,21,0.25,0.020952380952381,0.944444444444445,0.0057142857142857,3.77777777777778,0.893061337833061,0.020952380952381
DTLZ7,10,15,31015,"S2_(0.25,0.50]",score_v,top25,population_final,retention,FINAL,21,21,0.25,0.019047619047619,0.861111111111111,0.0057142857142857,3.44444444444444,0.883795260268014,0.019047619047619
DTLZ7,10,15,31015,"S3_(0.50,0.75]",anchor_margin,top25,population_final,retention,FINAL,20,20,0.25,0.126,0.246896430307274,0.154,0.987585721229097,0.606687321202081,0.126
DTLZ7,10,15,31015,"S3_(0.50,0.75]",score_hybrid,top25,population_final,retention,FINAL,20,20,0.25,0.174,0.305853435903345,0.154,1.22341374361338,0.64138491925578,0.174
DTLZ7,10,15,31015,"S3_(0.50,0.75]",score_v,top25,population_final,retention,FINAL,20,20,0.25,0.172,0.317029582595599,0.154,1.2681183303824,0.62578552386128,0.172
DTLZ7,10,15,31015,"S4_(0.75,1.00]",anchor_margin,top25,population_final,retention,FINAL,21,21,0.25,0.531428571428571,0.242142450994349,0.552857142857143,0.968569803977395,0.50490236190963,0.531428571428571
DTLZ7,10,15,31015,"S4_(0.75,1.00]",score_hybrid,top25,population_final,retention,FINAL,21,21,0.25,0.603809523809524,0.277951794520383,0.552857142857143,1.11180717808153,0.507925721952313,0.603809523809524
DTLZ7,10,15,31015,"S4_(0.75,1.00]",score_v,top25,population_final,retention,FINAL,21,21,0.25,0.620952380952381,0.280857329863438,0.552857142857143,1.12342931945375,0.506989509996596,0.620952380952381
DTLZ7,10,16,31016,"S1_[0,0.25]",anchor_margin,top25,population_final,retention,FINAL,5,5,0.25,0.0,,0.0,,,0.0
DTLZ7,10,16,31016,"S1_[0,0.25]",score_hybrid,top25,population_final,retention,FINAL,5,5,0.25,0.0,,0.0,,,0.0
DTLZ7,10,16,31016,"S1_[0,0.25]",score_v,top25,population_final,retention,FINAL,5,5,0.25,0.0,,0.0,,,0.0
DTLZ7,10,16,31016,"S2_(0.25,0.50]",anchor_margin,top25,population_final,retention,FINAL,21,21,0.25,0.019047619047619,0.0869047619047619,0.0380952380952381,0.347619047619048,0.54763852837255,0.019047619047619
DTLZ7,10,16,31016,"S2_(0.25,0.50]",score_hybrid,top25,population_final,retention,FINAL,21,21,0.25,0.04,0.480325814536341,0.0380952380952381,1.92130325814536,0.691460738770686,0.04
DTLZ7,10,16,31016,"S2_(0.25,0.50]",score_v,top25,population_final,retention,FINAL,21,21,0.25,0.0457142857142857,0.511027568922306,0.0380952380952381,2.04411027568922,0.712357244323439,0.0457142857142857
DTLZ7,10,16,31016,"S3_(0.50,0.75]",anchor_margin,top25,population_final,retention,FINAL,20,20,0.25,0.092,0.181082251082251,0.1125,0.724329004329004,0.443175748720334,0.092
DTLZ7,10,16,31016,"S3_(0.50,0.75]",score_hybrid,top25,population_final,retention,FINAL,20,20,0.25,0.124,0.253278527028527,0.1125,1.01311410811411,0.487248854454084,0.124
DTLZ7,10,16,31016,"S3_(0.50,0.75]",score_v,top25,population_final,retention,FINAL,20,20,0.25,0.118,0.235016927516928,0.1125,0.94006771006771,0.492517864569784,0.118
DTLZ7,10,16,31016,"S4_(0.75,1.00]",anchor_margin,top25,population_final,retention,FINAL,21,21,0.25,0.563809523809524,0.288755432346113,0.517619047619048,1.15502172938445,0.608236196403339,0.563809523809524
DTLZ7,10,16,31016,"S4_(0.75,1.00]",score_hybrid,top25,population_final,retention,FINAL,21,21,0.25,0.645714285714286,0.339623335699939,0.517619047619048,1.35849334279976,0.644090355148528,0.645714285714286
DTLZ7,10,16,31016,"S4_(0.75,1.00]",score_v,top25,population_final,retention,FINAL,21,21,0.25,0.68952380952381,0.365497974672265,0.517619047619048,1.46199189868906,0.664549740908978,0.68952380952381
DTLZ7,10,17,31017,"S1_[0,0.25]",anchor_margin,top25,population_final,retention,FINAL,5,5,0.25,0.0,,0.0,,,0.0
DTLZ7,10,17,31017,"S1_[0,0.25]",score_hybrid,top25,population_final,retention,FINAL,5,5,0.25,0.0,,0.0,,,0.0
DTLZ7,10,17,31017,"S1_[0,0.25]",score_v,top25,population_final,retention,FINAL,5,5,0.25,0.0,,0.0,,,0.0
DTLZ7,10,17,31017,"S2_(0.25,0.50]",anchor_margin,top25,population_final,retention,FINAL,21,21,0.25,0.0,,0.0,,,0.0
DTLZ7,10,17,31017,"S2_(0.25,0.50]",score_hybrid,top25,population_final,retention,FINAL,21,21,0.25,0.0,,0.0,,,0.0
DTLZ7,10,17,31017,"S2_(0.25,0.50]",score_v,top25,population_final,retention,FINAL,21,21,0.25,0.0,,0.0,,,0.0
DTLZ7,10,17,31017,"S3_(0.50,0.75]",anchor_margin,top25,population_final,retention,FINAL,20,20,0.25,0.07,0.256655009785132,0.074,1.02662003914053,0.651482350965914,0.07
DTLZ7,10,17,31017,"S3_(0.50,0.75]",score_hybrid,top25,population_final,retention,FINAL,20,20,0.25,0.156,0.560890186828085,0.074,2.24356074731234,0.788266081725581,0.156
DTLZ7,10,17,31017,"S3_(0.50,0.75]",score_v,top25,population_final,retention,FINAL,20,20,0.25,0.208,0.666273093344665,0.074,2.66509237337866,0.820524366558766,0.208
DTLZ7,10,17,31017,"S4_(0.75,1.00]",anchor_margin,top25,population_final,retention,FINAL,21,21,0.25,0.579047619047619,0.30149639586992,0.511428571428571,1.20598558347968,0.631545249541214,0.579047619047619
DTLZ7,10,17,31017,"S4_(0.75,1.00]",score_hybrid,top25,population_final,retention,FINAL,21,21,0.25,0.64,0.328999267121492,0.511428571428571,1.31599706848597,0.680512419927048,0.64
DTLZ7,10,17,31017,"S4_(0.75,1.00]",score_v,top25,population_final,retention,FINAL,21,21,0.25,0.645714285714286,0.325073771560061,0.511428571428571,1.30029508624024,0.676810266582858,0.645714285714286
DTLZ7,10,18,31018,"S1_[0,0.25]",anchor_margin,top25,population_final,retention,FINAL,5,5,0.25,0.016,0.4,0.01,1.6,0.660606060606061,0.016
DTLZ7,10,18,31018,"S1_[0,0.25]",score_hybrid,top25,population_final,retention,FINAL,5,5,0.25,0.0,0.0,0.01,0.0,0.616161616161616,0.0
DTLZ7,10,18,31018,"S1_[0,0.25]",score_v,top25,population_final,retention,FINAL,5,5,0.25,0.0,0.0,0.01,0.0,0.604040404040404,0.0
DTLZ7,10,18,31018,"S2_(0.25,0.50]",anchor_margin,top25,population_final,retention,FINAL,21,21,0.25,0.0038095238095238,0.0714285714285714,0.0104761904761905,0.285714285714286,0.290526744608377,0.0038095238095238
DTLZ7,10,18,31018,"S2_(0.25,0.50]",score_hybrid,top25,population_final,retention,FINAL,21,21,0.25,0.0019047619047619,0.0238095238095238,0.0104761904761905,0.0952380952380952,0.263828763828764,0.0019047619047619
DTLZ7,10,18,31018,"S2_(0.25,0.50]",score_v,top25,population_final,retention,FINAL,21,21,0.25,0.0019047619047619,0.0238095238095238,0.0104761904761905,0.0952380952380952,0.31071894847405,0.0019047619047619
DTLZ7,10,18,31018,"S3_(0.50,0.75]",anchor_margin,top25,population_final,retention,FINAL,20,20,0.25,0.04,0.143758753501401,0.0755,0.575035014005602,0.462397264110563,0.04
DTLZ7,10,18,31018,"S3_(0.50,0.75]",score_hybrid,top25,population_final,retention,FINAL,20,20,0.25,0.126,0.451873408454291,0.0755,1.80749363381716,0.570915791107653,0.126
DTLZ7,10,18,31018,"S3_(0.50,0.75]",score_v,top25,population_final,retention,FINAL,20,20,0.25,0.136,0.456897918258212,0.0755,1.82759167303285,0.60545863295539,0.136
DTLZ7,10,18,31018,"S4_(0.75,1.00]",anchor_margin,top25,population_final,retention,FINAL,21,21,0.25,0.51047619047619,0.227691334930561,0.541904761904762,0.910765339722246,0.517220021163203,0.51047619047619
DTLZ7,10,18,31018,"S4_(0.75,1.00]",score_hybrid,top25,population_final,retention,FINAL,21,21,0.25,0.6,0.28369306862721,0.541904761904762,1.13477227450884,0.609009057967753,0.6
DTLZ7,10,18,31018,"S4_(0.75,1.00]",score_v,top25,population_final,retention,FINAL,21,21,0.25,0.613333333333333,0.290752789980793,0.541904761904762,1.16301115992317,0.61253552523455,0.613333333333333
DTLZ7,10,19,31019,"S1_[0,0.25]",anchor_margin,top25,population_final,retention,FINAL,5,5,0.25,0.0,,0.0,,,0.0
DTLZ7,10,19,31019,"S1_[0,0.25]",score_hybrid,top25,population_final,retention,FINAL,5,5,0.25,0.0,,0.0,,,0.0
DTLZ7,10,19,31019,"S1_[0,0.25]",score_v,top25,population_final,retention,FINAL,5,5,0.25,0.0,,0.0,,,0.0
DTLZ7,10,19,31019,"S2_(0.25,0.50]",anchor_margin,top25,population_final,retention,FINAL,21,21,0.25,0.0133333333333333,0.166666666666667,0.019047619047619,0.666666666666667,0.515277698083294,0.0133333333333333
DTLZ7,10,19,31019,"S2_(0.25,0.50]",score_hybrid,top25,population_final,retention,FINAL,21,21,0.25,0.0247619047619048,0.359649122807018,0.019047619047619,1.43859649122807,0.607977971438168,0.0247619047619048
DTLZ7,10,19,31019,"S2_(0.25,0.50]",score_v,top25,population_final,retention,FINAL,21,21,0.25,0.0323809523809524,0.447368421052632,0.019047619047619,1.78947368421053,0.69128823531583,0.0323809523809524
DTLZ7,10,19,31019,"S3_(0.50,0.75]",anchor_margin,top25,population_final,retention,FINAL,20,20,0.25,0.148,0.227161267850923,0.1385,0.908645071403692,0.517241692516883,0.148
DTLZ7,10,19,31019,"S3_(0.50,0.75]",score_hybrid,top25,population_final,retention,FINAL,20,20,0.25,0.218,0.387339068020102,0.1385,1.54935627208041,0.600839307437712,0.218
DTLZ7,10,19,31019,"S3_(0.50,0.75]",score_v,top25,population_final,retention,FINAL,20,20,0.25,0.218,0.408954122505847,0.1385,1.63581649002339,0.614825925040347,0.218
DTLZ7,10,19,31019,"S4_(0.75,1.00]",anchor_margin,top25,population_final,retention,FINAL,21,21,0.25,0.615238095238095,0.253429460339936,0.609523809523809,1.01371784135974,0.546042577578316,0.615238095238095
DTLZ7,10,19,31019,"S4_(0.75,1.00]",score_hybrid,top25,population_final,retention,FINAL,21,21,0.25,0.689523809523809,0.287742674322481,0.609523809523809,1.15097069728992,0.616219191603721,0.689523809523809
DTLZ7,10,19,31019,"S4_(0.75,1.00]",score_v,top25,population_final,retention,FINAL,21,21,0.25,0.76,0.32019740862744,0.609523809523809,1.28078963450976,0.654963301475005,0.76
DTLZ7,10,20,31020,"S1_[0,0.25]",anchor_margin,top25,population_final,retention,FINAL,5,5,0.25,0.0,,0.0,,,0.0
DTLZ7,10,20,31020,"S1_[0,0.25]",score_hybrid,top25,population_final,retention,FINAL,5,5,0.25,0.0,,0.0,,,0.0
DTLZ7,10,20,31020,"S1_[0,0.25]",score_v,top25,population_final,retention,FINAL,5,5,0.25,0.0,,0.0,,,0.0
DTLZ7,10,20,31020,"S2_(0.25,0.50]",anchor_margin,top25,population_final,retention,FINAL,21,21,0.25,0.019047619047619,0.364285714285714,0.0119047619047619,1.45714285714286,0.657821712662235,0.019047619047619
DTLZ7,10,20,31020,"S2_(0.25,0.50]",score_hybrid,top25,population_final,retention,FINAL,21,21,0.25,0.0361904761904762,0.842857142857143,0.0119047619047619,3.37142857142857,0.892697592874936,0.0361904761904762
DTLZ7,10,20,31020,"S2_(0.25,0.50]",score_v,top25,population_final,retention,FINAL,21,21,0.25,0.0438095238095238,0.952380952380952,0.0119047619047619,3.80952380952381,0.90738547070564,0.0438095238095238
DTLZ7,10,20,31020,"S3_(0.50,0.75]",anchor_margin,top25,population_final,retention,FINAL,20,20,0.25,0.154,0.231990137337585,0.1865,0.927960549350341,0.611789294381413,0.154
DTLZ7,10,20,31020,"S3_(0.50,0.75]",score_hybrid,top25,population_final,retention,FINAL,20,20,0.25,0.224,0.311109551272567,0.1865,1.24443820509027,0.636514363293674,0.224
DTLZ7,10,20,31020,"S3_(0.50,0.75]",score_v,top25,population_final,retention,FINAL,20,20,0.25,0.194,0.266953957314554,0.1865,1.06781582925821,0.619060622090008,0.194
DTLZ7,10,20,31020,"S4_(0.75,1.00]",anchor_margin,top25,population_final,retention,FINAL,21,21,0.25,0.537142857142857,0.245718061732364,0.53952380952381,0.982872246929457,0.512350996524663,0.537142857142857
DTLZ7,10,20,31020,"S4_(0.75,1.00]",score_hybrid,top25,population_final,retention,FINAL,21,21,0.25,0.55047619047619,0.257262553538311,0.53952380952381,1.02905021415324,0.537719840030256,0.55047619047619
DTLZ7,10,20,31020,"S4_(0.75,1.00]",score_v,top25,population_final,retention,FINAL,21,21,0.25,0.537142857142857,0.249217802713203,0.53952380952381,0.996871210852811,0.515159497018255,0.537142857142857
DTLZ7,10,21,31021,"S1_[0,0.25]",anchor_margin,top25,population_final,retention,FINAL,5,5,0.25,0.0,,0.0,,,0.0
DTLZ7,10,21,31021,"S1_[0,0.25]",score_hybrid,top25,population_final,retention,FINAL,5,5,0.25,0.0,,0.0,,,0.0
DTLZ7,10,21,31021,"S1_[0,0.25]",score_v,top25,population_final,retention,FINAL,5,5,0.25,0.0,,0.0,,,0.0
DTLZ7,10,21,31021,"S2_(0.25,0.50]",anchor_margin,top25,population_final,retention,FINAL,21,21,0.25,0.0019047619047619,0.0833333333333333,0.0033333333333333,0.333333333333333,0.600112519755377,0.0019047619047619
DTLZ7,10,21,31021,"S2_(0.25,0.50]",score_hybrid,top25,population_final,retention,FINAL,21,21,0.25,0.0133333333333333,1.0,0.0033333333333333,4.0,0.863241256098399,0.0133333333333333
DTLZ7,10,21,31021,"S2_(0.25,0.50]",score_v,top25,population_final,retention,FINAL,21,21,0.25,0.0114285714285714,0.916666666666667,0.0033333333333333,3.66666666666667,0.853956228956229,0.0114285714285714
DTLZ7,10,21,31021,"S3_(0.50,0.75]",anchor_margin,top25,population_final,retention,FINAL,20,20,0.25,0.084,0.353383458646617,0.063,1.41353383458647,0.621851301877811,0.084
DTLZ7,10,21,31021,"S3_(0.50,0.75]",score_hybrid,top25,population_final,retention,FINAL,20,20,0.25,0.096,0.361131996658312,0.063,1.44452798663325,0.630326509846218,0.096
DTLZ7,10,21,31021,"S3_(0.50,0.75]",score_v,top25,population_final,retention,FINAL,20,20,0.25,0.082,0.230137844611529,0.063,0.920551378446115,0.566888882211084,0.082
DTLZ7,10,21,31021,"S4_(0.75,1.00]",anchor_margin,top25,population_final,retention,FINAL,21,21,0.25,0.630476190476191,0.299706981818936,0.547619047619048,1.19882792727574,0.660774718225759,0.630476190476191
DTLZ7,10,21,31021,"S4_(0.75,1.00]",score_hybrid,top25,population_final,retention,FINAL,21,21,0.25,0.697142857142857,0.347547018576482,0.547619047619048,1.39018807430593,0.682973869964304,0.697142857142857
DTLZ7,10,21,31021,"S4_(0.75,1.00]",score_v,top25,population_final,retention,FINAL,21,21,0.25,0.72952380952381,0.36588688419418,0.547619047619048,1.46354753677672,0.658655586639335,0.72952380952381
DTLZ7,10,22,31022,"S1_[0,0.25]",anchor_margin,top25,population_final,retention,FINAL,5,5,0.25,0.0,,0.0,,,0.0
DTLZ7,10,22,31022,"S1_[0,0.25]",score_hybrid,top25,population_final,retention,FINAL,5,5,0.25,0.0,,0.0,,,0.0
DTLZ7,10,22,31022,"S1_[0,0.25]",score_v,top25,population_final,retention,FINAL,5,5,0.25,0.0,,0.0,,,0.0
DTLZ7,10,22,31022,"S2_(0.25,0.50]",anchor_margin,top25,population_final,retention,FINAL,21,21,0.25,0.0361904761904762,0.263888888888889,0.029047619047619,1.05555555555556,0.642121115879055,0.0361904761904762
DTLZ7,10,22,31022,"S2_(0.25,0.50]",score_hybrid,top25,population_final,retention,FINAL,21,21,0.25,0.0342857142857143,0.347222222222222,0.029047619047619,1.38888888888889,0.70949917230638,0.0342857142857143
DTLZ7,10,22,31022,"S2_(0.25,0.50]",score_v,top25,population_final,retention,FINAL,21,21,0.25,0.0304761904761905,0.356481481481482,0.029047619047619,1.42592592592593,0.632069395985771,0.0304761904761905
DTLZ7,10,22,31022,"S3_(0.50,0.75]",anchor_margin,top25,population_final,retention,FINAL,20,20,0.25,0.174,0.482250551735846,0.0965,1.92900220694338,0.722712593764806,0.174
DTLZ7,10,22,31022,"S3_(0.50,0.75]",score_hybrid,top25,population_final,retention,FINAL,20,20,0.25,0.12,0.256210529666412,0.0965,1.02484211866565,0.685078537673024,0.12
DTLZ7,10,22,31022,"S3_(0.50,0.75]",score_v,top25,population_final,retention,FINAL,20,20,0.25,0.096,0.213350946439182,0.0965,0.853403785756727,0.456137182444685,0.096
DTLZ7,10,22,31022,"S4_(0.75,1.00]",anchor_margin,top25,population_final,retention,FINAL,21,21,0.25,0.580952380952381,0.288126312992325,0.514285714285714,1.1525052519693,0.624961036389749,0.580952380952381
DTLZ7,10,22,31022,"S4_(0.75,1.00]",score_hybrid,top25,population_final,retention,FINAL,21,21,0.25,0.697142857142857,0.351244513894221,0.514285714285714,1.40497805557688,0.692491457541993,0.697142857142857
DTLZ7,10,22,31022,"S4_(0.75,1.00]",score_v,top25,population_final,retention,FINAL,21,21,0.25,0.767619047619048,0.389663792140024,0.514285714285714,1.55865516856009,0.695291284475596,0.767619047619048
DTLZ7,10,23,31023,"S1_[0,0.25]",anchor_margin,top25,population_final,retention,FINAL,5,5,0.25,0.0,,0.0,,,0.0
DTLZ7,10,23,31023,"S1_[0,0.25]",score_hybrid,top25,population_final,retention,FINAL,5,5,0.25,0.0,,0.0,,,0.0
DTLZ7,10,23,31023,"S1_[0,0.25]",score_v,top25,population_final,retention,FINAL,5,5,0.25,0.0,,0.0,,,0.0
DTLZ7,10,23,31023,"S2_(0.25,0.50]",anchor_margin,top25,population_final,retention,FINAL,21,21,0.25,0.0095238095238095,0.333333333333333,0.0114285714285714,1.33333333333333,0.748873440376583,0.0095238095238095
DTLZ7,10,23,31023,"S2_(0.25,0.50]",score_hybrid,top25,population_final,retention,FINAL,21,21,0.25,0.0438095238095238,0.979166666666667,0.0114285714285714,3.91666666666667,0.908293966694967,0.0438095238095238
DTLZ7,10,23,31023,"S2_(0.25,0.50]",score_v,top25,population_final,retention,FINAL,21,21,0.25,0.0361904761904762,0.866666666666667,0.0114285714285714,3.46666666666667,0.887773653381523,0.0361904761904762
DTLZ7,10,23,31023,"S3_(0.50,0.75]",anchor_margin,top25,population_final,retention,FINAL,20,20,0.25,0.152,0.292129555171351,0.148,1.1685182206854,0.608263421686013,0.152
DTLZ7,10,23,31023,"S3_(0.50,0.75]",score_hybrid,top25,population_final,retention,FINAL,20,20,0.25,0.194,0.36518688376467,0.148,1.46074753505868,0.648078306283867,0.194
DTLZ7,10,23,31023,"S3_(0.50,0.75]",score_v,top25,population_final,retention,FINAL,20,20,0.25,0.184,0.355422399023405,0.148,1.42168959609362,0.647139982864884,0.184
DTLZ7,10,23,31023,"S4_(0.75,1.00]",anchor_margin,top25,population_final,retention,FINAL,21,21,0.25,0.556190476190476,0.235304796830012,0.578571428571429,0.94121918732005,0.513033386209996,0.556190476190476
DTLZ7,10,23,31023,"S4_(0.75,1.00]",score_hybrid,top25,population_final,retention,FINAL,21,21,0.25,0.691428571428572,0.311802349065012,0.578571428571429,1.24720939626005,0.563611618528547,0.691428571428572
DTLZ7,10,23,31023,"S4_(0.75,1.00]",score_v,top25,population_final,retention,FINAL,21,21,0.25,0.668571428571429,0.303846013526853,0.578571428571429,1.21538405410741,0.594295316205757,0.668571428571429
DTLZ7,10,24,31024,"S1_[0,0.25]",anchor_margin,top25,population_final,retention,FINAL,5,5,0.25,0.0,,0.0,,,0.0
DTLZ7,10,24,31024,"S1_[0,0.25]",score_hybrid,top25,population_final,retention,FINAL,5,5,0.25,0.0,,0.0,,,0.0
DTLZ7,10,24,31024,"S1_[0,0.25]",score_v,top25,population_final,retention,FINAL,5,5,0.25,0.0,,0.0,,,0.0
DTLZ7,10,24,31024,"S2_(0.25,0.50]",anchor_margin,top25,population_final,retention,FINAL,21,21,0.25,0.0076190476190476,0.148148148148148,0.0157142857142857,0.592592592592593,0.560589929852326,0.0076190476190476
DTLZ7,10,24,31024,"S2_(0.25,0.50]",score_hybrid,top25,population_final,retention,FINAL,21,21,0.25,0.019047619047619,0.259259259259259,0.0157142857142857,1.03703703703704,0.639218469851754,0.019047619047619
DTLZ7,10,24,31024,"S2_(0.25,0.50]",score_v,top25,population_final,retention,FINAL,21,21,0.25,0.0247619047619048,0.388888888888889,0.0157142857142857,1.55555555555556,0.686898380442808,0.0247619047619048
DTLZ7,10,24,31024,"S3_(0.50,0.75]",anchor_margin,top25,population_final,retention,FINAL,20,20,0.25,0.084,0.305814536340852,0.0745,1.22325814536341,0.608254929799455,0.084
DTLZ7,10,24,31024,"S3_(0.50,0.75]",score_hybrid,top25,population_final,retention,FINAL,20,20,0.25,0.14,0.413119818777713,0.0745,1.65247927511085,0.677303303525828,0.14
DTLZ7,10,24,31024,"S3_(0.50,0.75]",score_v,top25,population_final,retention,FINAL,20,20,0.25,0.142,0.432762675920571,0.0745,1.73105070368228,0.652268269728395,0.142
DTLZ7,10,24,31024,"S4_(0.75,1.00]",anchor_margin,top25,population_final,retention,FINAL,21,21,0.25,0.718095238095238,0.344655663121191,0.53952380952381,1.37862265248476,0.693796375767024,0.718095238095238
DTLZ7,10,24,31024,"S4_(0.75,1.00]",score_hybrid,top25,population_final,retention,FINAL,21,21,0.25,0.739047619047619,0.365917214819653,0.53952380952381,1.46366885927861,0.710578998094035,0.739047619047619
DTLZ7,10,24,31024,"S4_(0.75,1.00]",score_v,top25,population_final,retention,FINAL,21,21,0.25,0.704761904761905,0.346132466233587,0.53952380952381,1.38452986493435,0.67403250179124,0.704761904761905
DTLZ7,10,25,31025,"S1_[0,0.25]",anchor_margin,top25,population_final,retention,FINAL,5,5,0.25,0.0,,0.0,,,0.0
DTLZ7,10,25,31025,"S1_[0,0.25]",score_hybrid,top25,population_final,retention,FINAL,5,5,0.25,0.0,,0.0,,,0.0
DTLZ7,10,25,31025,"S1_[0,0.25]",score_v,top25,population_final,retention,FINAL,5,5,0.25,0.0,,0.0,,,0.0
DTLZ7,10,25,31025,"S2_(0.25,0.50]",anchor_margin,top25,population_final,retention,FINAL,21,21,0.25,0.0095238095238095,0.111111111111111,0.0133333333333333,0.444444444444444,0.6208093472309,0.0095238095238095
DTLZ7,10,25,31025,"S2_(0.25,0.50]",score_hybrid,top25,population_final,retention,FINAL,21,21,0.25,0.0285714285714286,0.722222222222222,0.0133333333333333,2.88888888888889,0.826620817821688,0.0285714285714286
DTLZ7,10,25,31025,"S2_(0.25,0.50]",score_v,top25,population_final,retention,FINAL,21,21,0.25,0.0228571428571429,0.652777777777778,0.0133333333333333,2.61111111111111,0.813361953946683,0.0228571428571429
DTLZ7,10,25,31025,"S3_(0.50,0.75]",anchor_margin,top25,population_final,retention,FINAL,20,20,0.25,0.178,0.362613049256652,0.1205,1.45045219702661,0.662444447049736,0.178
DTLZ7,10,25,31025,"S3_(0.50,0.75]",score_hybrid,top25,population_final,retention,FINAL,20,20,0.25,0.162,0.278791548112102,0.1205,1.11516619244841,0.625018480021492,0.162
DTLZ7,10,25,31025,"S3_(0.50,0.75]",score_v,top25,population_final,retention,FINAL,20,20,0.25,0.142,0.20375603852691,0.1205,0.815024154107639,0.531374474246593,0.142
DTLZ7,10,25,31025,"S4_(0.75,1.00]",anchor_margin,top25,population_final,retention,FINAL,21,21,0.25,0.567619047619048,0.2781645288547,0.536190476190476,1.1126581154188,0.60013029912575,0.567619047619048
DTLZ7,10,25,31025,"S4_(0.75,1.00]",score_hybrid,top25,population_final,retention,FINAL,21,21,0.25,0.708571428571429,0.341400970630936,0.536190476190476,1.36560388252375,0.675105148288888,0.708571428571429
DTLZ7,10,25,31025,"S4_(0.75,1.00]",score_v,top25,population_final,retention,FINAL,21,21,0.25,0.716190476190476,0.346377978129984,0.536190476190476,1.38551191251994,0.676997209952461,0.716190476190476
DTLZ7,20,1,32001,"S1_[0,0.25]",anchor_margin,top25,population_final,retention,FINAL,5,5,0.25,0.0,,0.0,,,0.0
DTLZ7,20,1,32001,"S1_[0,0.25]",score_hybrid,top25,population_final,retention,FINAL,5,5,0.25,0.0,,0.0,,,0.0
DTLZ7,20,1,32001,"S1_[0,0.25]",score_v,top25,population_final,retention,FINAL,5,5,0.25,0.0,,0.0,,,0.0
DTLZ7,20,1,32001,"S2_(0.25,0.50]",anchor_margin,top25,population_final,retention,FINAL,21,21,0.25,0.0152380952380952,0.171875,0.0161904761904762,0.6875,0.505699095177893,0.0152380952380952
DTLZ7,20,1,32001,"S2_(0.25,0.50]",score_hybrid,top25,population_final,retention,FINAL,21,21,0.25,0.0266666666666667,0.411458333333333,0.0161904761904762,1.64583333333333,0.641940780822638,0.0266666666666667
DTLZ7,20,1,32001,"S2_(0.25,0.50]",score_v,top25,population_final,retention,FINAL,21,21,0.25,0.0247619047619048,0.390625,0.0161904761904762,1.5625,0.699787298537327,0.0247619047619048
DTLZ7,20,1,32001,"S3_(0.50,0.75]",anchor_margin,top25,population_final,retention,FINAL,20,20,0.25,0.136,0.198641832014396,0.146,0.794567328057583,0.571554613612594,0.136
DTLZ7,20,1,32001,"S3_(0.50,0.75]",score_hybrid,top25,population_final,retention,FINAL,20,20,0.25,0.282,0.513674585097561,0.146,2.05469834039024,0.687496655436978,0.282
DTLZ7,20,1,32001,"S3_(0.50,0.75]",score_v,top25,population_final,retention,FINAL,20,20,0.25,0.288,0.525472894276305,0.146,2.10189157710522,0.72348204565799,0.288
DTLZ7,20,1,32001,"S4_(0.75,1.00]",anchor_margin,top25,population_final,retention,FINAL,21,21,0.25,0.535238095238095,0.266631377957852,0.514761904761905,1.06652551183141,0.611922951260518,0.535238095238095
DTLZ7,20,1,32001,"S4_(0.75,1.00]",score_hybrid,top25,population_final,retention,FINAL,21,21,0.25,0.609523809523809,0.298724298322987,0.514761904761905,1.19489719329195,0.632989919971942,0.609523809523809
DTLZ7,20,1,32001,"S4_(0.75,1.00]",score_v,top25,population_final,retention,FINAL,21,21,0.25,0.607619047619048,0.296617038875171,0.514761904761905,1.18646815550069,0.60946854218314,0.607619047619048
DTLZ7,20,2,32002,"S1_[0,0.25]",anchor_margin,top25,population_final,retention,FINAL,5,5,0.25,0.0,,0.0,,,0.0
DTLZ7,20,2,32002,"S1_[0,0.25]",score_hybrid,top25,population_final,retention,FINAL,5,5,0.25,0.0,,0.0,,,0.0
DTLZ7,20,2,32002,"S1_[0,0.25]",score_v,top25,population_final,retention,FINAL,5,5,0.25,0.0,,0.0,,,0.0
DTLZ7,20,2,32002,"S2_(0.25,0.50]",anchor_margin,top25,population_final,retention,FINAL,21,21,0.25,0.0,0.0,0.01,0.0,0.565991548134405,0.0
DTLZ7,20,2,32002,"S2_(0.25,0.50]",score_hybrid,top25,population_final,retention,FINAL,21,21,0.25,0.0095238095238095,0.208333333333333,0.01,0.833333333333333,0.689965127465127,0.0095238095238095
DTLZ7,20,2,32002,"S2_(0.25,0.50]",score_v,top25,population_final,retention,FINAL,21,21,0.25,0.0038095238095238,0.0833333333333333,0.01,0.333333333333333,0.586726104583247,0.0038095238095238
DTLZ7,20,2,32002,"S3_(0.50,0.75]",anchor_margin,top25,population_final,retention,FINAL,20,20,0.25,0.016,0.050406715317706,0.0735,0.201626861270824,0.496333208107912,0.016
DTLZ7,20,2,32002,"S3_(0.50,0.75]",score_hybrid,top25,population_final,retention,FINAL,20,20,0.25,0.132,0.34155618826478,0.0735,1.36622475305912,0.58939963538215,0.132
DTLZ7,20,2,32002,"S3_(0.50,0.75]",score_v,top25,population_final,retention,FINAL,20,20,0.25,0.138,0.40405618826478,0.0735,1.61622475305912,0.582880466677379,0.138
DTLZ7,20,2,32002,"S4_(0.75,1.00]",anchor_margin,top25,population_final,retention,FINAL,21,21,0.25,0.52,0.221065325898534,0.566190476190476,0.884261303594137,0.568816884700233,0.52
DTLZ7,20,2,32002,"S4_(0.75,1.00]",score_hybrid,top25,population_final,retention,FINAL,21,21,0.25,0.697142857142857,0.350652621064087,0.566190476190476,1.40261048425635,0.666012159302046,0.697142857142857
DTLZ7,20,2,32002,"S4_(0.75,1.00]",score_v,top25,population_final,retention,FINAL,21,21,0.25,0.68952380952381,0.348003254706291,0.566190476190476,1.39201301882516,0.673219174927072,0.68952380952381
DTLZ7,20,3,32003,"S1_[0,0.25]",anchor_margin,top25,population_final,retention,FINAL,5,5,0.25,0.0,,0.0,,,0.0
DTLZ7,20,3,32003,"S1_[0,0.25]",score_hybrid,top25,population_final,retention,FINAL,5,5,0.25,0.0,,0.0,,,0.0
DTLZ7,20,3,32003,"S1_[0,0.25]",score_v,top25,population_final,retention,FINAL,5,5,0.25,0.0,,0.0,,,0.0
DTLZ7,20,3,32003,"S2_(0.25,0.50]",anchor_margin,top25,population_final,retention,FINAL,21,21,0.25,0.0152380952380952,0.109259259259259,0.0247619047619048,0.437037037037037,0.608346201345952,0.0152380952380952
DTLZ7,20,3,32003,"S2_(0.25,0.50]",score_hybrid,top25,population_final,retention,FINAL,21,21,0.25,0.0761904761904762,0.82037037037037,0.0247619047619048,3.28148148148148,0.879968258333562,0.0761904761904762
DTLZ7,20,3,32003,"S2_(0.25,0.50]",score_v,top25,population_final,retention,FINAL,21,21,0.25,0.0704761904761905,0.761111111111111,0.0247619047619048,3.04444444444444,0.86360923651547,0.0704761904761905
DTLZ7,20,3,32003,"S3_(0.50,0.75]",anchor_margin,top25,population_final,retention,FINAL,20,20,0.25,0.11,0.185299840608173,0.1635,0.741199362432693,0.592387384202686,0.11
DTLZ7,20,3,32003,"S3_(0.50,0.75]",score_hybrid,top25,population_final,retention,FINAL,20,20,0.25,0.2,0.305856771461206,0.1635,1.22342708584482,0.638239835840465,0.2
DTLZ7,20,3,32003,"S3_(0.50,0.75]",score_v,top25,population_final,retention,FINAL,20,20,0.25,0.192,0.274472593697718,0.1635,1.09789037479087,0.616272856202421,0.192
DTLZ7,20,3,32003,"S4_(0.75,1.00]",anchor_margin,top25,population_final,retention,FINAL,21,21,0.25,0.502857142857143,0.233699949970518,0.505238095238095,0.934799799882073,0.588259536130205,0.502857142857143
DTLZ7,20,3,32003,"S4_(0.75,1.00]",score_hybrid,top25,population_final,retention,FINAL,21,21,0.25,0.678095238095238,0.34406117375967,0.505238095238095,1.37624469503868,0.661288735888811,0.678095238095238
DTLZ7,20,3,32003,"S4_(0.75,1.00]",score_v,top25,population_final,retention,FINAL,21,21,0.25,0.687619047619048,0.356901208973638,0.505238095238095,1.42760483589455,0.653108155264475,0.687619047619048
DTLZ7,20,4,32004,"S1_[0,0.25]",anchor_margin,top25,population_final,retention,FINAL,5,5,0.25,0.0,,0.0,,,0.0
DTLZ7,20,4,32004,"S1_[0,0.25]",score_hybrid,top25,population_final,retention,FINAL,5,5,0.25,0.0,,0.0,,,0.0
DTLZ7,20,4,32004,"S1_[0,0.25]",score_v,top25,population_final,retention,FINAL,5,5,0.25,0.0,,0.0,,,0.0
DTLZ7,20,4,32004,"S2_(0.25,0.50]",anchor_margin,top25,population_final,retention,FINAL,21,21,0.25,0.0133333333333333,0.319444444444444,0.0114285714285714,1.27777777777778,0.684837721389061,0.0133333333333333
DTLZ7,20,4,32004,"S2_(0.25,0.50]",score_hybrid,top25,population_final,retention,FINAL,21,21,0.25,0.0152380952380952,0.236111111111111,0.0114285714285714,0.944444444444444,0.654274909669255,0.0152380952380952
DTLZ7,20,4,32004,"S2_(0.25,0.50]",score_v,top25,population_final,retention,FINAL,21,21,0.25,0.0152380952380952,0.236111111111111,0.0114285714285714,0.944444444444444,0.516830901131496,0.0152380952380952
DTLZ7,20,4,32004,"S3_(0.50,0.75]",anchor_margin,top25,population_final,retention,FINAL,20,20,0.25,0.068,0.15026071133519,0.13,0.601042845340758,0.520719024122744,0.068
DTLZ7,20,4,32004,"S3_(0.50,0.75]",score_hybrid,top25,population_final,retention,FINAL,20,20,0.25,0.206,0.379304266434247,0.13,1.51721706573699,0.619602440760333,0.206
DTLZ7,20,4,32004,"S3_(0.50,0.75]",score_v,top25,population_final,retention,FINAL,20,20,0.25,0.204,0.365601835089501,0.13,1.462407340358,0.609499078683327,0.204
DTLZ7,20,4,32004,"S4_(0.75,1.00]",anchor_margin,top25,population_final,retention,FINAL,21,21,0.25,0.438095238095238,0.20794862538677,0.52047619047619,0.831794501547081,0.550860879283587,0.438095238095238
DTLZ7,20,4,32004,"S4_(0.75,1.00]",score_hybrid,top25,population_final,retention,FINAL,21,21,0.25,0.546666666666667,0.26920646552996,0.52047619047619,1.07682586211984,0.593293501649469,0.546666666666667
DTLZ7,20,4,32004,"S4_(0.75,1.00]",score_v,top25,population_final,retention,FINAL,21,21,0.25,0.504761904761905,0.240367718757199,0.52047619047619,0.961470875028795,0.546163324743735,0.504761904761905
DTLZ7,20,5,32005,"S1_[0,0.25]",anchor_margin,top25,population_final,retention,FINAL,5,5,0.25,0.0,,0.0,,,0.0
DTLZ7,20,5,32005,"S1_[0,0.25]",score_hybrid,top25,population_final,retention,FINAL,5,5,0.25,0.0,,0.0,,,0.0
DTLZ7,20,5,32005,"S1_[0,0.25]",score_v,top25,population_final,retention,FINAL,5,5,0.25,0.0,,0.0,,,0.0
DTLZ7,20,5,32005,"S2_(0.25,0.50]",anchor_margin,top25,population_final,retention,FINAL,21,21,0.25,0.0038095238095238,0.0666666666666667,0.0123809523809524,0.266666666666667,0.575464432883431,0.0038095238095238
DTLZ7,20,5,32005,"S2_(0.25,0.50]",score_hybrid,top25,population_final,retention,FINAL,21,21,0.25,0.0228571428571429,0.5,0.0123809523809524,2.0,0.746894412247873,0.0228571428571429
DTLZ7,20,5,32005,"S2_(0.25,0.50]",score_v,top25,population_final,retention,FINAL,21,21,0.25,0.019047619047619,0.433333333333333,0.0123809523809524,1.73333333333333,0.712113986488066,0.019047619047619
DTLZ7,20,5,32005,"S3_(0.50,0.75]",anchor_margin,top25,population_final,retention,FINAL,20,20,0.25,0.028,0.0688068181818182,0.075,0.275227272727273,0.457224715027563,0.028
DTLZ7,20,5,32005,"S3_(0.50,0.75]",score_hybrid,top25,population_final,retention,FINAL,20,20,0.25,0.082,0.193268398268398,0.075,0.773073593073593,0.492998491476797,0.082
DTLZ7,20,5,32005,"S3_(0.50,0.75]",score_v,top25,population_final,retention,FINAL,20,20,0.25,0.082,0.202711038961039,0.075,0.810844155844156,0.457400070505512,0.082
DTLZ7,20,5,32005,"S4_(0.75,1.00]",anchor_margin,top25,population_final,retention,FINAL,21,21,0.25,0.398095238095238,0.194350852473013,0.494761904761905,0.777403409892054,0.57983684072136,0.398095238095238
DTLZ7,20,5,32005,"S4_(0.75,1.00]",score_hybrid,top25,population_final,retention,FINAL,21,21,0.25,0.619047619047619,0.339806847115099,0.494761904761905,1.35922738846039,0.665350702884465,0.619047619047619
DTLZ7,20,5,32005,"S4_(0.75,1.00]",score_v,top25,population_final,retention,FINAL,21,21,0.25,0.611428571428571,0.334451643754961,0.494761904761905,1.33780657501984,0.661100287959534,0.611428571428571
DTLZ7,20,6,32006,"S1_[0,0.25]",anchor_margin,top25,population_final,retention,FINAL,5,5,0.25,0.0,,0.0,,,0.0
DTLZ7,20,6,32006,"S1_[0,0.25]",score_hybrid,top25,population_final,retention,FINAL,5,5,0.25,0.0,,0.0,,,0.0
DTLZ7,20,6,32006,"S1_[0,0.25]",score_v,top25,population_final,retention,FINAL,5,5,0.25,0.0,,0.0,,,0.0
DTLZ7,20,6,32006,"S2_(0.25,0.50]",anchor_margin,top25,population_final,retention,FINAL,21,21,0.25,0.0152380952380952,0.381578947368421,0.0152380952380952,1.52631578947368,0.65644580418962,0.0152380952380952
DTLZ7,20,6,32006,"S2_(0.25,0.50]",score_hybrid,top25,population_final,retention,FINAL,21,21,0.25,0.0285714285714286,0.5,0.0152380952380952,2.0,0.707561783252984,0.0285714285714286
DTLZ7,20,6,32006,"S2_(0.25,0.50]",score_v,top25,population_final,retention,FINAL,21,21,0.25,0.0266666666666667,0.447368421052632,0.0152380952380952,1.78947368421053,0.707340829424389,0.0266666666666667
DTLZ7,20,6,32006,"S3_(0.50,0.75]",anchor_margin,top25,population_final,retention,FINAL,20,20,0.25,0.05,0.100239886532456,0.1195,0.400959546129825,0.537244930164394,0.05
DTLZ7,20,6,32006,"S3_(0.50,0.75]",score_hybrid,top25,population_final,retention,FINAL,20,20,0.25,0.228,0.515387671324204,0.1195,2.06155068529682,0.6962202240163,0.228
DTLZ7,20,6,32006,"S3_(0.50,0.75]",score_v,top25,population_final,retention,FINAL,20,20,0.25,0.218,0.498325428011961,0.1195,1.99330171204784,0.680578379895274,0.218
DTLZ7,20,6,32006,"S4_(0.75,1.00]",anchor_margin,top25,population_final,retention,FINAL,21,21,0.25,0.428571428571428,0.184910675958122,0.555238095238095,0.739642703832488,0.502715047017818,0.428571428571428
DTLZ7,20,6,32006,"S4_(0.75,1.00]",score_hybrid,top25,population_final,retention,FINAL,21,21,0.25,0.630476190476191,0.293183182426698,0.555238095238095,1.17273272970679,0.59522480029202,0.630476190476191
DTLZ7,20,6,32006,"S4_(0.75,1.00]",score_v,top25,population_final,retention,FINAL,21,21,0.25,0.624761904761905,0.289426133620849,0.555238095238095,1.1577045344834,0.616929453572132,0.624761904761905
DTLZ7,20,7,32007,"S1_[0,0.25]",anchor_margin,top25,population_final,retention,FINAL,5,5,0.25,0.0,0.0,0.004,0.0,0.411616161616162,0.0
DTLZ7,20,7,32007,"S1_[0,0.25]",score_hybrid,top25,population_final,retention,FINAL,5,5,0.25,0.016,1.0,0.004,4.0,0.904040404040404,0.016
DTLZ7,20,7,32007,"S1_[0,0.25]",score_v,top25,population_final,retention,FINAL,5,5,0.25,0.016,1.0,0.004,4.0,0.898989898989899,0.016
DTLZ7,20,7,32007,"S2_(0.25,0.50]",anchor_margin,top25,population_final,retention,FINAL,21,21,0.25,0.0628571428571429,0.406312470598185,0.0590476190476191,1.62524988239274,0.692055696792731,0.0628571428571429
DTLZ7,20,7,32007,"S2_(0.25,0.50]",score_hybrid,top25,population_final,retention,FINAL,21,21,0.25,0.118095238095238,0.522562622562623,0.0590476190476191,2.09025049025049,0.757075140754007,0.118095238095238
DTLZ7,20,7,32007,"S2_(0.25,0.50]",score_v,top25,population_final,retention,FINAL,21,21,0.25,0.114285714285714,0.503288246145389,0.0590476190476191,2.01315298458156,0.707334089405469,0.114285714285714
DTLZ7,20,7,32007,"S3_(0.50,0.75]",anchor_margin,top25,population_final,retention,FINAL,20,20,0.25,0.192,0.170344601426432,0.2775,0.681378405705728,0.52616852918231,0.192
DTLZ7,20,7,32007,"S3_(0.50,0.75]",score_hybrid,top25,population_final,retention,FINAL,20,20,0.25,0.318,0.295149888772335,0.2775,1.18059955508934,0.588793905143315,0.318
DTLZ7,20,7,32007,"S3_(0.50,0.75]",score_v,top25,population_final,retention,FINAL,20,20,0.25,0.306,0.287607604955243,0.2775,1.15043041982097,0.561302335374448,0.306
DTLZ7,20,7,32007,"S4_(0.75,1.00]",anchor_margin,top25,population_final,retention,FINAL,21,21,0.25,0.624761904761905,0.216832561227382,0.718571428571429,0.867330244909528,0.448089062639429,0.624761904761905
DTLZ7,20,7,32007,"S4_(0.75,1.00]",score_hybrid,top25,population_final,retention,FINAL,21,21,0.25,0.779047619047619,0.276441970596814,0.718571428571429,1.10576788238726,0.526276140874044,0.779047619047619
DTLZ7,20,7,32007,"S4_(0.75,1.00]",score_v,top25,population_final,retention,FINAL,21,21,0.25,0.786666666666667,0.279175623491298,0.718571428571429,1.11670249396519,0.547272001362197,0.786666666666667
DTLZ7,20,8,32008,"S1_[0,0.25]",anchor_margin,top25,population_final,retention,FINAL,5,5,0.25,0.0,,0.0,,,0.0
DTLZ7,20,8,32008,"S1_[0,0.25]",score_hybrid,top25,population_final,retention,FINAL,5,5,0.25,0.0,,0.0,,,0.0
DTLZ7,20,8,32008,"S1_[0,0.25]",score_v,top25,population_final,retention,FINAL,5,5,0.25,0.0,,0.0,,,0.0
DTLZ7,20,8,32008,"S2_(0.25,0.50]",anchor_margin,top25,population_final,retention,FINAL,21,21,0.25,0.0,0.0,0.0038095238095238,0.0,0.682834817775908,0.0
DTLZ7,20,8,32008,"S2_(0.25,0.50]",score_hybrid,top25,population_final,retention,FINAL,21,21,0.25,0.0095238095238095,0.666666666666667,0.0038095238095238,2.66666666666667,0.833343295143737,0.0095238095238095
DTLZ7,20,8,32008,"S2_(0.25,0.50]",score_v,top25,population_final,retention,FINAL,21,21,0.25,0.0095238095238095,0.666666666666667,0.0038095238095238,2.66666666666667,0.763968849020395,0.0095238095238095
DTLZ7,20,8,32008,"S3_(0.50,0.75]",anchor_margin,top25,population_final,retention,FINAL,20,20,0.25,0.122,0.214045022906461,0.143,0.856180091625843,0.58890363366938,0.122
DTLZ7,20,8,32008,"S3_(0.50,0.75]",score_hybrid,top25,population_final,retention,FINAL,20,20,0.25,0.224,0.403179249527699,0.143,1.6127169981108,0.680809388507644,0.224
DTLZ7,20,8,32008,"S3_(0.50,0.75]",score_v,top25,population_final,retention,FINAL,20,20,0.25,0.212,0.344847938025482,0.143,1.37939175210193,0.639926454437148,0.212
DTLZ7,20,8,32008,"S4_(0.75,1.00]",anchor_margin,top25,population_final,retention,FINAL,21,21,0.25,0.527619047619048,0.253733057178445,0.523809523809524,1.01493222871378,0.585392521754179,0.527619047619048
DTLZ7,20,8,32008,"S4_(0.75,1.00]",score_hybrid,top25,population_final,retention,FINAL,21,21,0.25,0.584761904761905,0.281191114903687,0.523809523809524,1.12476445961475,0.599079338531021,0.584761904761905
DTLZ7,20,8,32008,"S4_(0.75,1.00]",score_v,top25,population_final,retention,FINAL,21,21,0.25,0.561904761904762,0.270797978338877,0.523809523809524,1.08319191335551,0.561345861718684,0.561904761904762
DTLZ7,20,9,32009,"S1_[0,0.25]",anchor_margin,top25,population_final,retention,FINAL,5,5,0.25,0.0,,0.0,,,0.0
DTLZ7,20,9,32009,"S1_[0,0.25]",score_hybrid,top25,population_final,retention,FINAL,5,5,0.25,0.0,,0.0,,,0.0
DTLZ7,20,9,32009,"S1_[0,0.25]",score_v,top25,population_final,retention,FINAL,5,5,0.25,0.0,,0.0,,,0.0
DTLZ7,20,9,32009,"S2_(0.25,0.50]",anchor_margin,top25,population_final,retention,FINAL,21,21,0.25,0.0038095238095238,0.0350877192982456,0.0247619047619048,0.140350877192982,0.521904159238228,0.0038095238095238
DTLZ7,20,9,32009,"S2_(0.25,0.50]",score_hybrid,top25,population_final,retention,FINAL,21,21,0.25,0.04,0.436842105263158,0.0247619047619048,1.74736842105263,0.656411962735852,0.04
DTLZ7,20,9,32009,"S2_(0.25,0.50]",score_v,top25,population_final,retention,FINAL,21,21,0.25,0.0361904761904762,0.406140350877193,0.0247619047619048,1.62456140350877,0.673310766532402,0.0361904761904762
DTLZ7,20,9,32009,"S3_(0.50,0.75]",anchor_margin,top25,population_final,retention,FINAL,20,20,0.25,0.17,0.195424657591041,0.1905,0.781698630364165,0.543078073727952,0.17
DTLZ7,20,9,32009,"S3_(0.50,0.75]",score_hybrid,top25,population_final,retention,FINAL,20,20,0.25,0.278,0.345686746764209,0.1905,1.38274698705683,0.615320323116309,0.278
DTLZ7,20,9,32009,"S3_(0.50,0.75]",score_v,top25,population_final,retention,FINAL,20,20,0.25,0.252,0.306438617653176,0.1905,1.2257544706127,0.580794173278621,0.252
DTLZ7,20,9,32009,"S4_(0.75,1.00]",anchor_margin,top25,population_final,retention,FINAL,21,21,0.25,0.607619047619048,0.245217879538395,0.623333333333333,0.980871518153581,0.530162212257156,0.607619047619048
DTLZ7,20,9,32009,"S4_(0.75,1.00]",score_hybrid,top25,population_final,retention,FINAL,21,21,0.25,0.645714285714286,0.263223313583102,0.623333333333333,1.05289325433241,0.559269479921602,0.645714285714286
DTLZ7,20,9,32009,"S4_(0.75,1.00]",score_v,top25,population_final,retention,FINAL,21,21,0.25,0.628571428571429,0.254045978080411,0.623333333333333,1.01618391232165,0.54443450840334,0.628571428571429
DTLZ7,20,10,32010,"S1_[0,0.25]",anchor_margin,top25,population_final,retention,FINAL,5,5,0.25,0.0,,0.0,,,0.0
DTLZ7,20,10,32010,"S1_[0,0.25]",score_hybrid,top25,population_final,retention,FINAL,5,5,0.25,0.0,,0.0,,,0.0
DTLZ7,20,10,32010,"S1_[0,0.25]",score_v,top25,population_final,retention,FINAL,5,5,0.25,0.0,,0.0,,,0.0
DTLZ7,20,10,32010,"S2_(0.25,0.50]",anchor_margin,top25,population_final,retention,FINAL,21,21,0.25,0.0057142857142857,0.142857142857143,0.0157142857142857,0.571428571428571,0.590256671191985,0.0057142857142857
DTLZ7,20,10,32010,"S2_(0.25,0.50]",score_hybrid,top25,population_final,retention,FINAL,21,21,0.25,0.04,0.773809523809524,0.0157142857142857,3.0952380952381,0.8335663649832,0.04
DTLZ7,20,10,32010,"S2_(0.25,0.50]",score_v,top25,population_final,retention,FINAL,21,21,0.25,0.0361904761904762,0.702380952380952,0.0157142857142857,2.80952380952381,0.820555555128621,0.0361904761904762
DTLZ7,20,10,32010,"S3_(0.50,0.75]",anchor_margin,top25,population_final,retention,FINAL,20,20,0.25,0.05,0.113421341730165,0.101,0.453685366920661,0.568267207632372,0.05
DTLZ7,20,10,32010,"S3_(0.50,0.75]",score_hybrid,top25,population_final,retention,FINAL,20,20,0.25,0.18,0.385501467486762,0.101,1.54200586994705,0.672780623334338,0.18
DTLZ7,20,10,32010,"S3_(0.50,0.75]",score_v,top25,population_final,retention,FINAL,20,20,0.25,0.16,0.339044778750661,0.101,1.35617911500264,0.639266488819847,0.16
DTLZ7,20,10,32010,"S4_(0.75,1.00]",anchor_margin,top25,population_final,retention,FINAL,21,21,0.25,0.535238095238095,0.23567381298922,0.564285714285714,0.942695251956879,0.578105039936124,0.535238095238095
DTLZ7,20,10,32010,"S4_(0.75,1.00]",score_hybrid,top25,population_final,retention,FINAL,21,21,0.25,0.685714285714286,0.316173961017581,0.564285714285714,1.26469584407032,0.667394049262467,0.685714285714286
DTLZ7,20,10,32010,"S4_(0.75,1.00]",score_v,top25,population_final,retention,FINAL,21,21,0.25,0.695238095238095,0.326340108693302,0.564285714285714,1.30536043477321,0.682322208451526,0.695238095238095
DTLZ7,20,11,32011,"S1_[0,0.25]",anchor_margin,top25,population_final,retention,FINAL,5,5,0.25,0.0,,0.0,,,0.0
DTLZ7,20,11,32011,"S1_[0,0.25]",score_hybrid,top25,population_final,retention,FINAL,5,5,0.25,0.0,,0.0,,,0.0
DTLZ7,20,11,32011,"S1_[0,0.25]",score_v,top25,population_final,retention,FINAL,5,5,0.25,0.0,,0.0,,,0.0
DTLZ7,20,11,32011,"S2_(0.25,0.50]",anchor_margin,top25,population_final,retention,FINAL,21,21,0.25,0.0095238095238095,0.244444444444444,0.0123809523809524,0.977777777777778,0.644213631511128,0.0095238095238095
DTLZ7,20,11,32011,"S2_(0.25,0.50]",score_hybrid,top25,population_final,retention,FINAL,21,21,0.25,0.0114285714285714,0.166666666666667,0.0123809523809524,0.666666666666667,0.58429699902454,0.0114285714285714
DTLZ7,20,11,32011,"S2_(0.25,0.50]",score_v,top25,population_final,retention,FINAL,21,21,0.25,0.0095238095238095,0.144444444444444,0.0123809523809524,0.577777777777778,0.438803562662178,0.0095238095238095
DTLZ7,20,11,32011,"S3_(0.50,0.75]",anchor_margin,top25,population_final,retention,FINAL,20,20,0.25,0.046,0.0893872465254044,0.0915,0.357548986101618,0.511639040880976,0.046
DTLZ7,20,11,32011,"S3_(0.50,0.75]",score_hybrid,top25,population_final,retention,FINAL,20,20,0.25,0.146,0.326351959444065,0.0915,1.30540783777626,0.601532480217495,0.146
DTLZ7,20,11,32011,"S3_(0.50,0.75]",score_v,top25,population_final,retention,FINAL,20,20,0.25,0.148,0.325560919343814,0.0915,1.30224367737526,0.562214330252737,0.148
DTLZ7,20,11,32011,"S4_(0.75,1.00]",anchor_margin,top25,population_final,retention,FINAL,21,21,0.25,0.582857142857143,0.265536843050612,0.545238095238095,1.06214737220245,0.61473395189146,0.582857142857143
DTLZ7,20,11,32011,"S4_(0.75,1.00]",score_hybrid,top25,population_final,retention,FINAL,21,21,0.25,0.731428571428572,0.359377370048836,0.545238095238095,1.43750948019534,0.699125557264992,0.731428571428572
DTLZ7,20,11,32011,"S4_(0.75,1.00]",score_v,top25,population_final,retention,FINAL,21,21,0.25,0.72,0.353710186854229,0.545238095238095,1.41484074741692,0.7075103658174,0.72
DTLZ7,20,12,32012,"S1_[0,0.25]",anchor_margin,top25,population_final,retention,FINAL,5,5,0.25,0.0,0.0,0.01,0.0,0.294949494949495,0.0
DTLZ7,20,12,32012,"S1_[0,0.25]",score_hybrid,top25,population_final,retention,FINAL,5,5,0.25,0.0,0.0,0.01,0.0,0.391919191919192,0.0
DTLZ7,20,12,32012,"S1_[0,0.25]",score_v,top25,population_final,retention,FINAL,5,5,0.25,0.0,0.0,0.01,0.0,0.565656565656566,0.0
DTLZ7,20,12,32012,"S2_(0.25,0.50]",anchor_margin,top25,population_final,retention,FINAL,21,21,0.25,0.0095238095238095,0.214285714285714,0.0214285714285714,0.857142857142857,0.514811792512225,0.0095238095238095
DTLZ7,20,12,32012,"S2_(0.25,0.50]",score_hybrid,top25,population_final,retention,FINAL,21,21,0.25,0.0266666666666667,0.222222222222222,0.0214285714285714,0.888888888888889,0.526359254716674,0.0266666666666667
DTLZ7,20,12,32012,"S2_(0.25,0.50]",score_v,top25,population_final,retention,FINAL,21,21,0.25,0.0266666666666667,0.222222222222222,0.0214285714285714,0.888888888888889,0.528639323369296,0.0266666666666667
DTLZ7,20,12,32012,"S3_(0.50,0.75]",anchor_margin,top25,population_final,retention,FINAL,20,20,0.25,0.05,0.0705832865329433,0.142,0.282333146131773,0.478781551590357,0.05
DTLZ7,20,12,32012,"S3_(0.50,0.75]",score_hybrid,top25,population_final,retention,FINAL,20,20,0.25,0.154,0.269955085595818,0.142,1.07982034238327,0.554646727046133,0.154
DTLZ7,20,12,32012,"S3_(0.50,0.75]",score_v,top25,population_final,retention,FINAL,20,20,0.25,0.19,0.316243179017779,0.142,1.26497271607111,0.582216787360667,0.19
DTLZ7,20,12,32012,"S4_(0.75,1.00]",anchor_margin,top25,population_final,retention,FINAL,21,21,0.25,0.468571428571429,0.190992621808383,0.565714285714286,0.763970487233531,0.51859938186162,0.468571428571429
DTLZ7,20,12,32012,"S4_(0.75,1.00]",score_hybrid,top25,population_final,retention,FINAL,21,21,0.25,0.674285714285714,0.309705587039292,0.565714285714286,1.23882234815717,0.60794462066161,0.674285714285714
DTLZ7,20,12,32012,"S4_(0.75,1.00]",score_v,top25,population_final,retention,FINAL,21,21,0.25,0.71047619047619,0.324713249818068,0.565714285714286,1.29885299927227,0.629876877467356,0.71047619047619
DTLZ7,20,13,32013,"S1_[0,0.25]",anchor_margin,top25,population_final,retention,FINAL,5,5,0.25,0.0,0.0,0.002,0.0,0.601010101010101,0.0
DTLZ7,20,13,32013,"S1_[0,0.25]",score_hybrid,top25,population_final,retention,FINAL,5,5,0.25,0.008,1.0,0.002,4.0,0.94949494949495,0.008
DTLZ7,20,13,32013,"S1_[0,0.25]",score_v,top25,population_final,retention,FINAL,5,5,0.25,0.008,1.0,0.002,4.0,0.94949494949495,0.008
DTLZ7,20,13,32013,"S2_(0.25,0.50]",anchor_margin,top25,population_final,retention,FINAL,21,21,0.25,0.0419047619047619,0.329365079365079,0.0257142857142857,1.31746031746032,0.610870787649886,0.0419047619047619
DTLZ7,20,13,32013,"S2_(0.25,0.50]",score_hybrid,top25,population_final,retention,FINAL,21,21,0.25,0.0457142857142857,0.475396825396825,0.0257142857142857,1.9015873015873,0.712275650745336,0.0457142857142857
DTLZ7,20,13,32013,"S2_(0.25,0.50]",score_v,top25,population_final,retention,FINAL,21,21,0.25,0.0495238095238095,0.496825396825397,0.0257142857142857,1.98730158730159,0.707811168902394,0.0495238095238095
DTLZ7,20,13,32013,"S3_(0.50,0.75]",anchor_margin,top25,population_final,retention,FINAL,20,20,0.25,0.128,0.233597741583036,0.1605,0.934390966332143,0.552943573832522,0.128
DTLZ7,20,13,32013,"S3_(0.50,0.75]",score_hybrid,top25,population_final,retention,FINAL,20,20,0.25,0.202,0.291974197915374,0.1605,1.1678967916615,0.584101307649715,0.202
DTLZ7,20,13,32013,"S3_(0.50,0.75]",score_v,top25,population_final,retention,FINAL,20,20,0.25,0.184,0.264106179767944,0.1605,1.05642471907178,0.564591657041919,0.184
DTLZ7,20,13,32013,"S4_(0.75,1.00]",anchor_margin,top25,population_final,retention,FINAL,21,21,0.25,0.487619047619048,0.226244511110387,0.533333333333333,0.90497804444155,0.562781243986757,0.487619047619048
DTLZ7,20,13,32013,"S4_(0.75,1.00]",score_hybrid,top25,population_final,retention,FINAL,21,21,0.25,0.571428571428572,0.271523740785498,0.533333333333333,1.08609496314199,0.579907742207587,0.571428571428572
DTLZ7,20,13,32013,"S4_(0.75,1.00]",score_v,top25,population_final,retention,FINAL,21,21,0.25,0.56,0.266168479999189,0.533333333333333,1.06467391999676,0.549616557116487,0.56
DTLZ7,20,14,32014,"S1_[0,0.25]",anchor_margin,top25,population_final,retention,FINAL,5,5,0.25,0.0,,0.0,,,0.0
DTLZ7,20,14,32014,"S1_[0,0.25]",score_hybrid,top25,population_final,retention,FINAL,5,5,0.25,0.0,,0.0,,,0.0
DTLZ7,20,14,32014,"S1_[0,0.25]",score_v,top25,population_final,retention,FINAL,5,5,0.25,0.0,,0.0,,,0.0
DTLZ7,20,14,32014,"S2_(0.25,0.50]",anchor_margin,top25,population_final,retention,FINAL,21,21,0.25,0.0019047619047619,0.125,0.0028571428571428,0.5,0.631603019995877,0.0019047619047619
DTLZ7,20,14,32014,"S2_(0.25,0.50]",score_hybrid,top25,population_final,retention,FINAL,21,21,0.25,0.0095238095238095,0.875,0.0028571428571428,3.5,0.885461760461761,0.0095238095238095
DTLZ7,20,14,32014,"S2_(0.25,0.50]",score_v,top25,population_final,retention,FINAL,21,21,0.25,0.0076190476190476,0.75,0.0028571428571428,3.0,0.866329107400536,0.0076190476190476
DTLZ7,20,14,32014,"S3_(0.50,0.75]",anchor_margin,top25,population_final,retention,FINAL,20,20,0.25,0.108,0.249396422291159,0.1155,0.997585689164637,0.634273761375427,0.108
DTLZ7,20,14,32014,"S3_(0.50,0.75]",score_hybrid,top25,population_final,retention,FINAL,20,20,0.25,0.208,0.505516778543094,0.1155,2.02206711417238,0.736232344863272,0.208
DTLZ7,20,14,32014,"S3_(0.50,0.75]",score_v,top25,population_final,retention,FINAL,20,20,0.25,0.2,0.479739178949705,0.1155,1.91895671579882,0.708085028184876,0.2
DTLZ7,20,14,32014,"S4_(0.75,1.00]",anchor_margin,top25,population_final,retention,FINAL,21,21,0.25,0.546666666666667,0.233584159743211,0.571904761904762,0.934336638972842,0.612122892723012,0.546666666666667
DTLZ7,20,14,32014,"S4_(0.75,1.00]",score_hybrid,top25,population_final,retention,FINAL,21,21,0.25,0.685714285714286,0.317183875327401,0.571904761904762,1.26873550130961,0.648187610247855,0.685714285714286
DTLZ7,20,14,32014,"S4_(0.75,1.00]",score_v,top25,population_final,retention,FINAL,21,21,0.25,0.664761904761905,0.306820729483449,0.571904761904762,1.22728291793379,0.639474374351607,0.664761904761905
DTLZ7,20,15,32015,"S1_[0,0.25]",anchor_margin,top25,population_final,retention,FINAL,5,5,0.25,0.0,,0.0,,,0.0
DTLZ7,20,15,32015,"S1_[0,0.25]",score_hybrid,top25,population_final,retention,FINAL,5,5,0.25,0.0,,0.0,,,0.0
DTLZ7,20,15,32015,"S1_[0,0.25]",score_v,top25,population_final,retention,FINAL,5,5,0.25,0.0,,0.0,,,0.0
DTLZ7,20,15,32015,"S2_(0.25,0.50]",anchor_margin,top25,population_final,retention,FINAL,21,21,0.25,0.0076190476190476,0.0741071428571429,0.0147619047619048,0.296428571428571,0.620810873950144,0.0076190476190476
DTLZ7,20,15,32015,"S2_(0.25,0.50]",score_hybrid,top25,population_final,retention,FINAL,21,21,0.25,0.0533333333333333,0.950892857142857,0.0147619047619048,3.80357142857143,0.935744574347015,0.0533333333333333
DTLZ7,20,15,32015,"S2_(0.25,0.50]",score_v,top25,population_final,retention,FINAL,21,21,0.25,0.0571428571428571,0.984375,0.0147619047619048,3.9375,0.942418458500773,0.0571428571428571
DTLZ7,20,15,32015,"S3_(0.50,0.75]",anchor_margin,top25,population_final,retention,FINAL,20,20,0.25,0.128,0.211266953421685,0.1485,0.845067813686739,0.572172989997862,0.128
DTLZ7,20,15,32015,"S3_(0.50,0.75]",score_hybrid,top25,population_final,retention,FINAL,20,20,0.25,0.178,0.308634333838937,0.1485,1.23453733535575,0.64131885157405,0.178
DTLZ7,20,15,32015,"S3_(0.50,0.75]",score_v,top25,population_final,retention,FINAL,20,20,0.25,0.17,0.294028686573444,0.1485,1.17611474629377,0.596430584206399,0.17
DTLZ7,20,15,32015,"S4_(0.75,1.00]",anchor_margin,top25,population_final,retention,FINAL,21,21,0.25,0.539047619047619,0.219503500646432,0.597619047619048,0.878014002585728,0.549821209632005,0.539047619047619
DTLZ7,20,15,32015,"S4_(0.75,1.00]",score_hybrid,top25,population_final,retention,FINAL,21,21,0.25,0.678095238095238,0.294447751890916,0.597619047619048,1.17779100756366,0.599047989163542,0.678095238095238
DTLZ7,20,15,32015,"S4_(0.75,1.00]",score_v,top25,population_final,retention,FINAL,21,21,0.25,0.687619047619048,0.30103800594743,0.597619047619048,1.20415202378972,0.605202731457069,0.687619047619048
DTLZ7,20,16,32016,"S1_[0,0.25]",anchor_margin,top25,population_final,retention,FINAL,5,5,0.25,0.0,,0.0,,,0.0
DTLZ7,20,16,32016,"S1_[0,0.25]",score_hybrid,top25,population_final,retention,FINAL,5,5,0.25,0.0,,0.0,,,0.0
DTLZ7,20,16,32016,"S1_[0,0.25]",score_v,top25,population_final,retention,FINAL,5,5,0.25,0.0,,0.0,,,0.0
DTLZ7,20,16,32016,"S2_(0.25,0.50]",anchor_margin,top25,population_final,retention,FINAL,21,21,0.25,0.0,0.0,0.0214285714285714,0.0,0.513562836281836,0.0
DTLZ7,20,16,32016,"S2_(0.25,0.50]",score_hybrid,top25,population_final,retention,FINAL,21,21,0.25,0.0228571428571429,0.178947368421053,0.0214285714285714,0.715789473684211,0.582915430088653,0.0228571428571429
DTLZ7,20,16,32016,"S2_(0.25,0.50]",score_v,top25,population_final,retention,FINAL,21,21,0.25,0.020952380952381,0.165789473684211,0.0214285714285714,0.663157894736842,0.49648666021861,0.020952380952381
DTLZ7,20,16,32016,"S3_(0.50,0.75]",anchor_margin,top25,population_final,retention,FINAL,20,20,0.25,0.05,0.115749791144528,0.0955,0.462999164578112,0.494886162692234,0.05
DTLZ7,20,16,32016,"S3_(0.50,0.75]",score_hybrid,top25,population_final,retention,FINAL,20,20,0.25,0.14,0.333677944862155,0.0955,1.33471177944862,0.574087317501587,0.14
DTLZ7,20,16,32016,"S3_(0.50,0.75]",score_v,top25,population_final,retention,FINAL,20,20,0.25,0.128,0.298869047619048,0.0955,1.19547619047619,0.511684573704231,0.128
DTLZ7,20,16,32016,"S4_(0.75,1.00]",anchor_margin,top25,population_final,retention,FINAL,21,21,0.25,0.483809523809524,0.21134543868243,0.537619047619048,0.845381754729722,0.530784770971674,0.483809523809524
DTLZ7,20,16,32016,"S4_(0.75,1.00]",score_hybrid,top25,population_final,retention,FINAL,21,21,0.25,0.603809523809524,0.293510996838442,0.537619047619048,1.17404398735377,0.582678824325474,0.603809523809524
DTLZ7,20,16,32016,"S4_(0.75,1.00]",score_v,top25,population_final,retention,FINAL,21,21,0.25,0.601904761904762,0.293919379537865,0.537619047619048,1.17567751815146,0.579695904145989,0.601904761904762
DTLZ7,20,17,32017,"S1_[0,0.25]",anchor_margin,top25,population_final,retention,FINAL,5,5,0.25,0.0,,0.0,,,0.0
DTLZ7,20,17,32017,"S1_[0,0.25]",score_hybrid,top25,population_final,retention,FINAL,5,5,0.25,0.0,,0.0,,,0.0
DTLZ7,20,17,32017,"S1_[0,0.25]",score_v,top25,population_final,retention,FINAL,5,5,0.25,0.0,,0.0,,,0.0
DTLZ7,20,17,32017,"S2_(0.25,0.50]",anchor_margin,top25,population_final,retention,FINAL,21,21,0.25,0.0,,0.0,,,0.0
DTLZ7,20,17,32017,"S2_(0.25,0.50]",score_hybrid,top25,population_final,retention,FINAL,21,21,0.25,0.0,,0.0,,,0.0
DTLZ7,20,17,32017,"S2_(0.25,0.50]",score_v,top25,population_final,retention,FINAL,21,21,0.25,0.0,,0.0,,,0.0
DTLZ7,20,17,32017,"S3_(0.50,0.75]",anchor_margin,top25,population_final,retention,FINAL,20,20,0.25,0.056,0.123465726389703,0.0915,0.493862905558812,0.59728286198704,0.056
DTLZ7,20,17,32017,"S3_(0.50,0.75]",score_hybrid,top25,population_final,retention,FINAL,20,20,0.25,0.122,0.351692070113123,0.0915,1.40676828045249,0.68630581822941,0.122
DTLZ7,20,17,32017,"S3_(0.50,0.75]",score_v,top25,population_final,retention,FINAL,20,20,0.25,0.096,0.199220647502811,0.0915,0.796882590011245,0.593625949583854,0.096
DTLZ7,20,17,32017,"S4_(0.75,1.00]",anchor_margin,top25,population_final,retention,FINAL,21,21,0.25,0.495238095238095,0.211911568731172,0.552380952380953,0.847646274924688,0.534924923618838,0.495238095238095
DTLZ7,20,17,32017,"S4_(0.75,1.00]",score_hybrid,top25,population_final,retention,FINAL,21,21,0.25,0.622857142857143,0.285447895270702,0.552380952380953,1.14179158108281,0.597187995412399,0.622857142857143
DTLZ7,20,17,32017,"S4_(0.75,1.00]",score_v,top25,population_final,retention,FINAL,21,21,0.25,0.630476190476191,0.292719070716693,0.552380952380953,1.17087628286677,0.600609958962826,0.630476190476191
DTLZ7,20,18,32018,"S1_[0,0.25]",anchor_margin,top25,population_final,retention,FINAL,5,5,0.25,0.0,,0.0,,,0.0
DTLZ7,20,18,32018,"S1_[0,0.25]",score_hybrid,top25,population_final,retention,FINAL,5,5,0.25,0.0,,0.0,,,0.0
DTLZ7,20,18,32018,"S1_[0,0.25]",score_v,top25,population_final,retention,FINAL,5,5,0.25,0.0,,0.0,,,0.0
DTLZ7,20,18,32018,"S2_(0.25,0.50]",anchor_margin,top25,population_final,retention,FINAL,21,21,0.25,0.0,0.0,0.0076190476190476,0.0,0.471268912726939,0.0
DTLZ7,20,18,32018,"S2_(0.25,0.50]",score_hybrid,top25,population_final,retention,FINAL,21,21,0.25,0.0152380952380952,0.474358974358974,0.0076190476190476,1.8974358974359,0.695026581992709,0.0152380952380952
DTLZ7,20,18,32018,"S2_(0.25,0.50]",score_v,top25,population_final,retention,FINAL,21,21,0.25,0.0133333333333333,0.397435897435897,0.0076190476190476,1.58974358974359,0.699015147836945,0.0133333333333333
DTLZ7,20,18,32018,"S3_(0.50,0.75]",anchor_margin,top25,population_final,retention,FINAL,20,20,0.25,0.086,0.15974168946995,0.123,0.638966757879802,0.568064303944397,0.086
DTLZ7,20,18,32018,"S3_(0.50,0.75]",score_hybrid,top25,population_final,retention,FINAL,20,20,0.25,0.162,0.38611981858721,0.123,1.54447927434884,0.652374093633176,0.162
DTLZ7,20,18,32018,"S3_(0.50,0.75]",score_v,top25,population_final,retention,FINAL,20,20,0.25,0.158,0.373362738710565,0.123,1.49345095484226,0.629258828254568,0.158
DTLZ7,20,18,32018,"S4_(0.75,1.00]",anchor_margin,top25,population_final,retention,FINAL,21,21,0.25,0.518095238095238,0.243452264900716,0.528571428571429,0.973809059602865,0.579162908164819,0.518095238095238
DTLZ7,20,18,32018,"S4_(0.75,1.00]",score_hybrid,top25,population_final,retention,FINAL,21,21,0.25,0.617142857142857,0.294886825778875,0.528571428571429,1.1795473031155,0.605561022944788,0.617142857142857
DTLZ7,20,18,32018,"S4_(0.75,1.00]",score_v,top25,population_final,retention,FINAL,21,21,0.25,0.624761904761905,0.299511512926751,0.528571428571429,1.19804605170701,0.590447037328043,0.624761904761905
DTLZ7,20,19,32019,"S1_[0,0.25]",anchor_margin,top25,population_final,retention,FINAL,5,5,0.25,0.0,,0.0,,,0.0
DTLZ7,20,19,32019,"S1_[0,0.25]",score_hybrid,top25,population_final,retention,FINAL,5,5,0.25,0.0,,0.0,,,0.0
DTLZ7,20,19,32019,"S1_[0,0.25]",score_v,top25,population_final,retention,FINAL,5,5,0.25,0.0,,0.0,,,0.0
DTLZ7,20,19,32019,"S2_(0.25,0.50]",anchor_margin,top25,population_final,retention,FINAL,21,21,0.25,0.0228571428571429,0.219047619047619,0.0314285714285714,0.876190476190476,0.612199668415866,0.0228571428571429
DTLZ7,20,19,32019,"S2_(0.25,0.50]",score_hybrid,top25,population_final,retention,FINAL,21,21,0.25,0.0419047619047619,0.455555555555556,0.0314285714285714,1.82222222222222,0.682631736634502,0.0419047619047619
DTLZ7,20,19,32019,"S2_(0.25,0.50]",score_v,top25,population_final,retention,FINAL,21,21,0.25,0.04,0.434126984126984,0.0314285714285714,1.73650793650794,0.730031174148584,0.04
DTLZ7,20,19,32019,"S3_(0.50,0.75]",anchor_margin,top25,population_final,retention,FINAL,20,20,0.25,0.144,0.180959715140779,0.1995,0.723838860563117,0.548648397062369,0.144
DTLZ7,20,19,32019,"S3_(0.50,0.75]",score_hybrid,top25,population_final,retention,FINAL,20,20,0.25,0.24,0.298345724440404,0.1995,1.19338289776162,0.608497883359109,0.24
DTLZ7,20,19,32019,"S3_(0.50,0.75]",score_v,top25,population_final,retention,FINAL,20,20,0.25,0.246,0.299910962321431,0.1995,1.19964384928573,0.5913532601228,0.246
DTLZ7,20,19,32019,"S4_(0.75,1.00]",anchor_margin,top25,population_final,retention,FINAL,21,21,0.25,0.554285714285714,0.243056903976985,0.562857142857143,0.972227615907939,0.553053562258939,0.554285714285714
DTLZ7,20,19,32019,"S4_(0.75,1.00]",score_hybrid,top25,population_final,retention,FINAL,21,21,0.25,0.63047619047619,0.286401482026005,0.562857142857143,1.14560592810402,0.585709113002526,0.63047619047619
DTLZ7,20,19,32019,"S4_(0.75,1.00]",score_v,top25,population_final,retention,FINAL,21,21,0.25,0.636190476190476,0.289945761507326,0.562857142857143,1.1597830460293,0.57019326455777,0.636190476190476
DTLZ7,20,20,32020,"S1_[0,0.25]",anchor_margin,top25,population_final,retention,FINAL,5,5,0.25,0.0,,0.0,,,0.0
DTLZ7,20,20,32020,"S1_[0,0.25]",score_hybrid,top25,population_final,retention,FINAL,5,5,0.25,0.0,,0.0,,,0.0
DTLZ7,20,20,32020,"S1_[0,0.25]",score_v,top25,population_final,retention,FINAL,5,5,0.25,0.0,,0.0,,,0.0
DTLZ7,20,20,32020,"S2_(0.25,0.50]",anchor_margin,top25,population_final,retention,FINAL,21,21,0.25,0.0019047619047619,0.0357142857142857,0.0071428571428571,0.142857142857143,0.514227552492859,0.0019047619047619
DTLZ7,20,20,32020,"S2_(0.25,0.50]",score_hybrid,top25,population_final,retention,FINAL,21,21,0.25,0.0171428571428571,0.607142857142857,0.0071428571428571,2.42857142857143,0.779714050122213,0.0171428571428571
DTLZ7,20,20,32020,"S2_(0.25,0.50]",score_v,top25,population_final,retention,FINAL,21,21,0.25,0.0171428571428571,0.607142857142857,0.0071428571428571,2.42857142857143,0.777877168183291,0.0171428571428571
DTLZ7,20,20,32020,"S3_(0.50,0.75]",anchor_margin,top25,population_final,retention,FINAL,20,20,0.25,0.076,0.238931207681208,0.0745,0.955724830724831,0.634826856331499,0.076
DTLZ7,20,20,32020,"S3_(0.50,0.75]",score_hybrid,top25,population_final,retention,FINAL,20,20,0.25,0.182,0.604220779220779,0.0745,2.41688311688312,0.771546935301924,0.182
DTLZ7,20,20,32020,"S3_(0.50,0.75]",score_v,top25,population_final,retention,FINAL,20,20,0.25,0.162,0.540390859140859,0.0745,2.16156343656344,0.74082179674941,0.162
DTLZ7,20,20,32020,"S4_(0.75,1.00]",anchor_margin,top25,population_final,retention,FINAL,21,21,0.25,0.552380952380952,0.289216084096816,0.500952380952381,1.15686433638726,0.659904167295603,0.552380952380952
DTLZ7,20,20,32020,"S4_(0.75,1.00]",score_hybrid,top25,population_final,retention,FINAL,21,21,0.25,0.668571428571428,0.356993537120269,0.500952380952381,1.42797414848107,0.730379276583285,0.668571428571428
DTLZ7,20,20,32020,"S4_(0.75,1.00]",score_v,top25,population_final,retention,FINAL,21,21,0.25,0.655238095238095,0.342470194824964,0.500952380952381,1.36988077929986,0.70354406017955,0.655238095238095
DTLZ7,20,21,32021,"S1_[0,0.25]",anchor_margin,top25,population_final,retention,FINAL,5,5,0.25,0.0,,0.0,,,0.0
DTLZ7,20,21,32021,"S1_[0,0.25]",score_hybrid,top25,population_final,retention,FINAL,5,5,0.25,0.0,,0.0,,,0.0
DTLZ7,20,21,32021,"S1_[0,0.25]",score_v,top25,population_final,retention,FINAL,5,5,0.25,0.0,,0.0,,,0.0
DTLZ7,20,21,32021,"S2_(0.25,0.50]",anchor_margin,top25,population_final,retention,FINAL,21,21,0.25,0.0019047619047619,0.0625,0.0047619047619047,0.25,0.558125901875902,0.0019047619047619
DTLZ7,20,21,32021,"S2_(0.25,0.50]",score_hybrid,top25,population_final,retention,FINAL,21,21,0.25,0.0133333333333333,0.75,0.0047619047619047,3.0,0.736458977530406,0.0133333333333333
DTLZ7,20,21,32021,"S2_(0.25,0.50]",score_v,top25,population_final,retention,FINAL,21,21,0.25,0.0133333333333333,0.75,0.0047619047619047,3.0,0.801812770562771,0.0133333333333333
DTLZ7,20,21,32021,"S3_(0.50,0.75]",anchor_margin,top25,population_final,retention,FINAL,20,20,0.25,0.074,0.161018025484559,0.106,0.644072101938234,0.509856320592641,0.074
DTLZ7,20,21,32021,"S3_(0.50,0.75]",score_hybrid,top25,population_final,retention,FINAL,20,20,0.25,0.192,0.386472017208573,0.106,1.54588806883429,0.629413296010237,0.192
DTLZ7,20,21,32021,"S3_(0.50,0.75]",score_v,top25,population_final,retention,FINAL,20,20,0.25,0.184,0.379618947033135,0.106,1.51847578813254,0.653726160212843,0.184
DTLZ7,20,21,32021,"S4_(0.75,1.00]",anchor_margin,top25,population_final,retention,FINAL,21,21,0.25,0.48,0.241446596729721,0.495714285714286,0.965786386918883,0.59062980916704,0.48
DTLZ7,20,21,32021,"S4_(0.75,1.00]",score_hybrid,top25,population_final,retention,FINAL,21,21,0.25,0.523809523809524,0.273173078379753,0.495714285714286,1.09269231351901,0.611794787948606,0.523809523809524
DTLZ7,20,21,32021,"S4_(0.75,1.00]",score_v,top25,population_final,retention,FINAL,21,21,0.25,0.544761904761905,0.285524836382683,0.495714285714286,1.14209934553073,0.619361520465056,0.544761904761905
DTLZ7,20,22,32022,"S1_[0,0.25]",anchor_margin,top25,population_final,retention,FINAL,5,5,0.25,0.0,,0.0,,,0.0
DTLZ7,20,22,32022,"S1_[0,0.25]",score_hybrid,top25,population_final,retention,FINAL,5,5,0.25,0.0,,0.0,,,0.0
DTLZ7,20,22,32022,"S1_[0,0.25]",score_v,top25,population_final,retention,FINAL,5,5,0.25,0.0,,0.0,,,0.0
DTLZ7,20,22,32022,"S2_(0.25,0.50]",anchor_margin,top25,population_final,retention,FINAL,21,21,0.25,0.0019047619047619,0.0833333333333333,0.0033333333333333,0.333333333333333,0.671203961382533,0.0019047619047619
DTLZ7,20,22,32022,"S2_(0.25,0.50]",score_hybrid,top25,population_final,retention,FINAL,21,21,0.25,0.0095238095238095,0.75,0.0033333333333333,3.0,0.831192451728166,0.0095238095238095
DTLZ7,20,22,32022,"S2_(0.25,0.50]",score_v,top25,population_final,retention,FINAL,21,21,0.25,0.0095238095238095,0.75,0.0033333333333333,3.0,0.80293528396207,0.0095238095238095
DTLZ7,20,22,32022,"S3_(0.50,0.75]",anchor_margin,top25,population_final,retention,FINAL,20,20,0.25,0.158,0.238621915279885,0.1675,0.95448766111954,0.619375125132881,0.158
DTLZ7,20,22,32022,"S3_(0.50,0.75]",score_hybrid,top25,population_final,retention,FINAL,20,20,0.25,0.22,0.41264771799639,0.1675,1.65059087198556,0.689069408777874,0.22
DTLZ7,20,22,32022,"S3_(0.50,0.75]",score_v,top25,population_final,retention,FINAL,20,20,0.25,0.23,0.425253232035727,0.1675,1.70101292814291,0.688558724821067,0.23
DTLZ7,20,22,32022,"S4_(0.75,1.00]",anchor_margin,top25,population_final,retention,FINAL,21,21,0.25,0.527619047619048,0.235470564017603,0.544285714285714,0.941882256070412,0.568436574344439,0.527619047619048
DTLZ7,20,22,32022,"S4_(0.75,1.00]",score_hybrid,top25,population_final,retention,FINAL,21,21,0.25,0.598095238095238,0.269591780942479,0.544285714285714,1.07836712376992,0.575508268006908,0.598095238095238
DTLZ7,20,22,32022,"S4_(0.75,1.00]",score_v,top25,population_final,retention,FINAL,21,21,0.25,0.561904761904762,0.252123142100253,0.544285714285714,1.00849256840101,0.518815298380198,0.561904761904762
DTLZ7,20,23,32023,"S1_[0,0.25]",anchor_margin,top25,population_final,retention,FINAL,5,5,0.25,0.0,,0.0,,,0.0
DTLZ7,20,23,32023,"S1_[0,0.25]",score_hybrid,top25,population_final,retention,FINAL,5,5,0.25,0.0,,0.0,,,0.0
DTLZ7,20,23,32023,"S1_[0,0.25]",score_v,top25,population_final,retention,FINAL,5,5,0.25,0.0,,0.0,,,0.0
DTLZ7,20,23,32023,"S2_(0.25,0.50]",anchor_margin,top25,population_final,retention,FINAL,21,21,0.25,0.0171428571428571,0.344871794871795,0.0171428571428571,1.37948717948718,0.665538062546579,0.0171428571428571
DTLZ7,20,23,32023,"S2_(0.25,0.50]",score_hybrid,top25,population_final,retention,FINAL,21,21,0.25,0.0285714285714286,0.598717948717949,0.0171428571428571,2.39487179487179,0.783121785870943,0.0285714285714286
DTLZ7,20,23,32023,"S2_(0.25,0.50]",score_v,top25,population_final,retention,FINAL,21,21,0.25,0.0342857142857143,0.685897435897436,0.0171428571428571,2.74358974358974,0.83091896819602,0.0342857142857143
DTLZ7,20,23,32023,"S3_(0.50,0.75]",anchor_margin,top25,population_final,retention,FINAL,20,20,0.25,0.056,0.10191793500617,0.1295,0.407671740024681,0.485271196454123,0.056
DTLZ7,20,23,32023,"S3_(0.50,0.75]",score_hybrid,top25,population_final,retention,FINAL,20,20,0.25,0.14,0.260341129458776,0.1295,1.04136451783511,0.575351037125412,0.14
DTLZ7,20,23,32023,"S3_(0.50,0.75]",score_v,top25,population_final,retention,FINAL,20,20,0.25,0.13,0.247344383557619,0.1295,0.989377534230475,0.570820668917983,0.13
DTLZ7,20,23,32023,"S4_(0.75,1.00]",anchor_margin,top25,population_final,retention,FINAL,21,21,0.25,0.489523809523809,0.214802151536111,0.543333333333333,0.859208606144444,0.508883032522542,0.489523809523809
DTLZ7,20,23,32023,"S4_(0.75,1.00]",score_hybrid,top25,population_final,retention,FINAL,21,21,0.25,0.678095238095238,0.32483629318088,0.543333333333333,1.29934517272352,0.606126931532015,0.678095238095238
DTLZ7,20,23,32023,"S4_(0.75,1.00]",score_v,top25,population_final,retention,FINAL,21,21,0.25,0.683809523809524,0.329853537991976,0.543333333333333,1.3194141519679,0.626112622194292,0.683809523809524
DTLZ7,20,24,32024,"S1_[0,0.25]",anchor_margin,top25,population_final,retention,FINAL,5,5,0.25,0.0,,0.0,,,0.0
DTLZ7,20,24,32024,"S1_[0,0.25]",score_hybrid,top25,population_final,retention,FINAL,5,5,0.25,0.0,,0.0,,,0.0
DTLZ7,20,24,32024,"S1_[0,0.25]",score_v,top25,population_final,retention,FINAL,5,5,0.25,0.0,,0.0,,,0.0
DTLZ7,20,24,32024,"S2_(0.25,0.50]",anchor_margin,top25,population_final,retention,FINAL,21,21,0.25,0.0,,0.0,,,0.0
DTLZ7,20,24,32024,"S2_(0.25,0.50]",score_hybrid,top25,population_final,retention,FINAL,21,21,0.25,0.0,,0.0,,,0.0
DTLZ7,20,24,32024,"S2_(0.25,0.50]",score_v,top25,population_final,retention,FINAL,21,21,0.25,0.0,,0.0,,,0.0
DTLZ7,20,24,32024,"S3_(0.50,0.75]",anchor_margin,top25,population_final,retention,FINAL,20,20,0.25,0.11,0.336006248653307,0.09,1.34402499461323,0.657750542455879,0.11
DTLZ7,20,24,32024,"S3_(0.50,0.75]",score_hybrid,top25,population_final,retention,FINAL,20,20,0.25,0.138,0.447801300007182,0.09,1.79120520002873,0.732959696936152,0.138
DTLZ7,20,24,32024,"S3_(0.50,0.75]",score_v,top25,population_final,retention,FINAL,20,20,0.25,0.146,0.492444157150039,0.09,1.96977662860016,0.747536923633502,0.146
DTLZ7,20,24,32024,"S4_(0.75,1.00]",anchor_margin,top25,population_final,retention,FINAL,21,21,0.25,0.569523809523809,0.296642617928643,0.511904761904762,1.18657047171457,0.630906669006301,0.569523809523809
DTLZ7,20,24,32024,"S4_(0.75,1.00]",score_hybrid,top25,population_final,retention,FINAL,21,21,0.25,0.683809523809524,0.362971670347363,0.511904761904762,1.45188668138945,0.689668718032531,0.683809523809524
DTLZ7,20,24,32024,"S4_(0.75,1.00]",score_v,top25,population_final,retention,FINAL,21,21,0.25,0.678095238095238,0.354750386131033,0.511904761904762,1.41900154452413,0.666703505030605,0.678095238095238
DTLZ7,20,25,32025,"S1_[0,0.25]",anchor_margin,top25,population_final,retention,FINAL,5,5,0.25,0.0,,0.0,,,0.0
DTLZ7,20,25,32025,"S1_[0,0.25]",score_hybrid,top25,population_final,retention,FINAL,5,5,0.25,0.0,,0.0,,,0.0
DTLZ7,20,25,32025,"S1_[0,0.25]",score_v,top25,population_final,retention,FINAL,5,5,0.25,0.0,,0.0,,,0.0
DTLZ7,20,25,32025,"S2_(0.25,0.50]",anchor_margin,top25,population_final,retention,FINAL,21,21,0.25,0.0,0.0,0.0014285714285714,0.0,0.685185185185185,0.0
DTLZ7,20,25,32025,"S2_(0.25,0.50]",score_hybrid,top25,population_final,retention,FINAL,21,21,0.25,0.0057142857142857,1.0,0.0014285714285714,4.0,0.973063973063973,0.0057142857142857
DTLZ7,20,25,32025,"S2_(0.25,0.50]",score_v,top25,population_final,retention,FINAL,21,21,0.25,0.0057142857142857,1.0,0.0014285714285714,4.0,0.973063973063973,0.0057142857142857
DTLZ7,20,25,32025,"S3_(0.50,0.75]",anchor_margin,top25,population_final,retention,FINAL,20,20,0.25,0.108,0.202318811897258,0.1295,0.809275247589032,0.592251701622307,0.108
DTLZ7,20,25,32025,"S3_(0.50,0.75]",score_hybrid,top25,population_final,retention,FINAL,20,20,0.25,0.254,0.547691383270579,0.1295,2.19076553308232,0.752791303808665,0.254
DTLZ7,20,25,32025,"S3_(0.50,0.75]",score_v,top25,population_final,retention,FINAL,20,20,0.25,0.268,0.585789237354741,0.1295,2.34315694941897,0.787243812462452,0.268
DTLZ7,20,25,32025,"S4_(0.75,1.00]",anchor_margin,top25,population_final,retention,FINAL,21,21,0.25,0.539047619047619,0.248419232854031,0.542857142857143,0.993676931416124,0.577725723649249,0.539047619047619
DTLZ7,20,25,32025,"S4_(0.75,1.00]",score_hybrid,top25,population_final,retention,FINAL,21,21,0.25,0.653333333333333,0.311775975161157,0.542857142857143,1.24710390064463,0.626089410281821,0.653333333333333
DTLZ7,20,25,32025,"S4_(0.75,1.00]",score_v,top25,population_final,retention,FINAL,21,21,0.25,0.668571428571429,0.320186210202281,0.542857142857143,1.28074484080912,0.630637672804142,0.668571428571429
WFG3,10,1,41001,"S1_[0,0.25]",anchor_margin,top25,population_final,retention,FINAL,5,5,0.25,0.144,0.120044493882091,0.3,0.480177975528365,0.492997789091435,0.144
WFG3,10,1,41001,"S1_[0,0.25]",score_hybrid,top25,population_final,retention,FINAL,5,5,0.25,0.04,0.0333333333333333,0.3,0.133333333333333,0.432290430691709,0.04
WFG3,10,1,41001,"S1_[0,0.25]",score_v,top25,population_final,retention,FINAL,5,5,0.25,0.016,0.0133333333333333,0.3,0.0533333333333333,0.250265991622868,0.016
WFG3,10,1,41001,"S2_(0.25,0.50]",anchor_margin,top25,population_final,retention,FINAL,21,21,0.25,0.358095238095238,0.244635895636129,0.361428571428571,0.978543582544517,0.582363366656266,0.358095238095238
WFG3,10,1,41001,"S2_(0.25,0.50]",score_hybrid,top25,population_final,retention,FINAL,21,21,0.25,0.196190476190476,0.130752705076433,0.361428571428571,0.523010820305733,0.492340296928188,0.196190476190476
WFG3,10,1,41001,"S2_(0.25,0.50]",score_v,top25,population_final,retention,FINAL,21,21,0.25,0.0590476190476191,0.0373178157485695,0.361428571428571,0.149271262994278,0.265035222626583,0.0590476190476191
WFG3,10,1,41001,"S3_(0.50,0.75]",anchor_margin,top25,population_final,retention,FINAL,20,20,0.25,0.45,0.232143252122333,0.476,0.928573008489331,0.507490059281297,0.45
WFG3,10,1,41001,"S3_(0.50,0.75]",score_hybrid,top25,population_final,retention,FINAL,20,20,0.25,0.268,0.139699700272931,0.476,0.558798801091725,0.434722127470803,0.268
WFG3,10,1,41001,"S3_(0.50,0.75]",score_v,top25,population_final,retention,FINAL,20,20,0.25,0.206,0.105010126219633,0.476,0.420040504878532,0.279898978586673,0.206
WFG3,10,1,41001,"S4_(0.75,1.00]",anchor_margin,top25,population_final,retention,FINAL,21,21,0.25,0.712380952380953,0.251330772190339,0.714285714285714,1.00532308876135,0.517876067840165,0.712380952380953
WFG3,10,1,41001,"S4_(0.75,1.00]",score_hybrid,top25,population_final,retention,FINAL,21,21,0.25,0.523809523809524,0.182144742942373,0.714285714285714,0.728578971769493,0.439605630407339,0.523809523809524
WFG3,10,1,41001,"S4_(0.75,1.00]",score_v,top25,population_final,retention,FINAL,21,21,0.25,0.459047619047619,0.159445699126869,0.714285714285714,0.637782796507477,0.291277397252687,0.459047619047619
WFG3,10,2,41002,"S1_[0,0.25]",anchor_margin,top25,population_final,retention,FINAL,5,5,0.25,0.256,0.243589743589744,0.262,0.974358974358974,0.590748651707556,0.256
WFG3,10,2,41002,"S1_[0,0.25]",score_hybrid,top25,population_final,retention,FINAL,5,5,0.25,0.16,0.152421652421652,0.262,0.60968660968661,0.503191389492759,0.16
WFG3,10,2,41002,"S1_[0,0.25]",score_v,top25,population_final,retention,FINAL,5,5,0.25,0.032,0.0304843304843305,0.262,0.121937321937322,0.24186288501357,0.032
WFG3,10,2,41002,"S2_(0.25,0.50]",anchor_margin,top25,population_final,retention,FINAL,21,21,0.25,0.297142857142857,0.224528500355654,0.325714285714286,0.898114001422615,0.548181492320997,0.297142857142857
WFG3,10,2,41002,"S2_(0.25,0.50]",score_hybrid,top25,population_final,retention,FINAL,21,21,0.25,0.205714285714286,0.148976320625147,0.325714285714286,0.595905282500588,0.471468411072716,0.205714285714286
WFG3,10,2,41002,"S2_(0.25,0.50]",score_v,top25,population_final,retention,FINAL,21,21,0.25,0.116190476190476,0.0795835926660233,0.325714285714286,0.318334370664093,0.246869906338839,0.116190476190476
WFG3,10,2,41002,"S3_(0.50,0.75]",anchor_margin,top25,population_final,retention,FINAL,20,20,0.25,0.438,0.222030080417888,0.495,0.88812032167155,0.488357657046689,0.438
WFG3,10,2,41002,"S3_(0.50,0.75]",score_hybrid,top25,population_final,retention,FINAL,20,20,0.25,0.248,0.125607259175157,0.495,0.502429036700629,0.397599218130084,0.248
WFG3,10,2,41002,"S3_(0.50,0.75]",score_v,top25,population_final,retention,FINAL,20,20,0.25,0.314,0.158389915250024,0.495,0.633559661000095,0.323096398751591,0.314
WFG3,10,2,41002,"S4_(0.75,1.00]",anchor_margin,top25,population_final,retention,FINAL,21,21,0.25,0.68,0.235393584389266,0.711904761904762,0.941574337557065,0.470099517612969,0.68
WFG3,10,2,41002,"S4_(0.75,1.00]",score_hybrid,top25,population_final,retention,FINAL,21,21,0.25,0.579047619047619,0.197948149846581,0.711904761904762,0.791792599386325,0.409912199902153,0.579047619047619
WFG3,10,2,41002,"S4_(0.75,1.00]",score_v,top25,population_final,retention,FINAL,21,21,0.25,0.575238095238095,0.197786544627197,0.711904761904762,0.791146178508786,0.364352387234306,0.575238095238095
WFG3,10,3,41003,"S1_[0,0.25]",anchor_margin,top25,population_final,retention,FINAL,5,5,0.25,0.216,0.225,0.24,0.9,0.553508771929825,0.216
WFG3,10,3,41003,"S1_[0,0.25]",score_hybrid,top25,population_final,retention,FINAL,5,5,0.25,0.12,0.125,0.24,0.5,0.502521929824561,0.12
WFG3,10,3,41003,"S1_[0,0.25]",score_v,top25,population_final,retention,FINAL,5,5,0.25,0.072,0.075,0.24,0.3,0.26875,0.072
WFG3,10,3,41003,"S2_(0.25,0.50]",anchor_margin,top25,population_final,retention,FINAL,21,21,0.25,0.337142857142857,0.330739162619294,0.255238095238095,1.32295665047718,0.628108286728556,0.337142857142857
WFG3,10,3,41003,"S2_(0.25,0.50]",score_hybrid,top25,population_final,retention,FINAL,21,21,0.25,0.135238095238095,0.129808005349877,0.255238095238095,0.519232021399509,0.527872681699448,0.135238095238095
WFG3,10,3,41003,"S2_(0.25,0.50]",score_v,top25,population_final,retention,FINAL,21,21,0.25,0.106666666666667,0.100557687766226,0.255238095238095,0.402230751064905,0.245744222608501,0.106666666666667
WFG3,10,3,41003,"S3_(0.50,0.75]",anchor_margin,top25,population_final,retention,FINAL,20,20,0.25,0.336,0.210114036002861,0.397,0.840456144011443,0.543513091138653,0.336
WFG3,10,3,41003,"S3_(0.50,0.75]",score_hybrid,top25,population_final,retention,FINAL,20,20,0.25,0.272,0.167289015824836,0.397,0.669156063299345,0.50487446734053,0.272
WFG3,10,3,41003,"S3_(0.50,0.75]",score_v,top25,population_final,retention,FINAL,20,20,0.25,0.432,0.270650748872138,0.397,1.08260299548855,0.36027674074646,0.432
WFG3,10,3,41003,"S4_(0.75,1.00]",anchor_margin,top25,population_final,retention,FINAL,21,21,0.25,0.603809523809524,0.255951014195063,0.590952380952381,1.02380405678025,0.625889604536761,0.603809523809524
WFG3,10,3,41003,"S4_(0.75,1.00]",score_hybrid,top25,population_final,retention,FINAL,21,21,0.25,0.584761904761905,0.246947688909449,0.590952380952381,0.987790755637795,0.61091418608365,0.584761904761905
WFG3,10,3,41003,"S4_(0.75,1.00]",score_v,top25,population_final,retention,FINAL,21,21,0.25,0.630476190476191,0.26746824704073,0.590952380952381,1.06987298816292,0.453988057330263,0.630476190476191
WFG3,10,4,41004,"S1_[0,0.25]",anchor_margin,top25,population_final,retention,FINAL,5,5,0.25,0.232,0.230538461538462,0.25,0.922153846153846,0.517877676076887,0.232
WFG3,10,4,41004,"S1_[0,0.25]",score_hybrid,top25,population_final,retention,FINAL,5,5,0.25,0.136,0.135769230769231,0.25,0.543076923076923,0.469706491592807,0.136
WFG3,10,4,41004,"S1_[0,0.25]",score_v,top25,population_final,retention,FINAL,5,5,0.25,0.12,0.11974358974359,0.25,0.478974358974359,0.305894928329139,0.12
WFG3,10,4,41004,"S2_(0.25,0.50]",anchor_margin,top25,population_final,retention,FINAL,21,21,0.25,0.283809523809524,0.250493149317886,0.29,1.00197259727154,0.565799962474451,0.283809523809524
WFG3,10,4,41004,"S2_(0.25,0.50]",score_hybrid,top25,population_final,retention,FINAL,21,21,0.25,0.171428571428571,0.148568497543432,0.29,0.594273990173729,0.474886534648393,0.171428571428571
WFG3,10,4,41004,"S2_(0.25,0.50]",score_v,top25,population_final,retention,FINAL,21,21,0.25,0.0533333333333333,0.0447553648633046,0.29,0.179021459453218,0.271447901575648,0.0533333333333333
WFG3,10,4,41004,"S3_(0.50,0.75]",anchor_margin,top25,population_final,retention,FINAL,20,20,0.25,0.422,0.218781991009917,0.478,0.875127964039666,0.491168816177243,0.422
WFG3,10,4,41004,"S3_(0.50,0.75]",score_hybrid,top25,population_final,retention,FINAL,20,20,0.25,0.362,0.182323563999529,0.478,0.729294255998114,0.457686382138102,0.362
WFG3,10,4,41004,"S3_(0.50,0.75]",score_v,top25,population_final,retention,FINAL,20,20,0.25,0.358,0.181518914961667,0.478,0.726075659846669,0.392701853925328,0.358
WFG3,10,4,41004,"S4_(0.75,1.00]",anchor_margin,top25,population_final,retention,FINAL,21,21,0.25,0.756190476190476,0.247349041353156,0.764285714285714,0.989396165412622,0.541086548156597,0.756190476190476
WFG3,10,4,41004,"S4_(0.75,1.00]",score_hybrid,top25,population_final,retention,FINAL,21,21,0.25,0.788571428571429,0.257206480875883,0.764285714285714,1.02882592350353,0.514749357762664,0.788571428571429
WFG3,10,4,41004,"S4_(0.75,1.00]",score_v,top25,population_final,retention,FINAL,21,21,0.25,0.779047619047619,0.254681191921836,0.764285714285714,1.01872476768735,0.412224929815392,0.779047619047619
WFG3,10,5,41005,"S1_[0,0.25]",anchor_margin,top25,population_final,retention,FINAL,5,5,0.25,0.216,0.223420289855072,0.24,0.89368115942029,0.596149774980931,0.216
WFG3,10,5,41005,"S1_[0,0.25]",score_hybrid,top25,population_final,retention,FINAL,5,5,0.25,0.088,0.0917536231884058,0.24,0.367014492753623,0.50399101746461,0.088
WFG3,10,5,41005,"S1_[0,0.25]",score_v,top25,population_final,retention,FINAL,5,5,0.25,0.032,0.0333623188405797,0.24,0.133449275362319,0.192889153813387,0.032
WFG3,10,5,41005,"S2_(0.25,0.50]",anchor_margin,top25,population_final,retention,FINAL,21,21,0.25,0.363809523809524,0.283757629417476,0.329047619047619,1.1350305176699,0.60731909371498,0.363809523809524
WFG3,10,5,41005,"S2_(0.25,0.50]",score_hybrid,top25,population_final,retention,FINAL,21,21,0.25,0.219047619047619,0.157923470871359,0.329047619047619,0.631693883485435,0.493178430919123,0.219047619047619
WFG3,10,5,41005,"S2_(0.25,0.50]",score_v,top25,population_final,retention,FINAL,21,21,0.25,0.0761904761904762,0.0538545882759708,0.329047619047619,0.215418353103883,0.208548209254153,0.0761904761904762
WFG3,10,5,41005,"S3_(0.50,0.75]",anchor_margin,top25,population_final,retention,FINAL,20,20,0.25,0.562,0.252913842348918,0.5555,1.01165536939567,0.630821230580277,0.562
WFG3,10,5,41005,"S3_(0.50,0.75]",score_hybrid,top25,population_final,retention,FINAL,20,20,0.25,0.586,0.263705020677633,0.5555,1.05482008271053,0.574176337094963,0.586
WFG3,10,5,41005,"S3_(0.50,0.75]",score_v,top25,population_final,retention,FINAL,20,20,0.25,0.344,0.15169365647177,0.5555,0.60677462588708,0.340807528197161,0.344
WFG3,10,5,41005,"S4_(0.75,1.00]",anchor_margin,top25,population_final,retention,FINAL,21,21,0.25,0.712380952380952,0.249689186002947,0.716190476190476,0.998756744011789,0.52020354858712,0.712380952380952
WFG3,10,5,41005,"S4_(0.75,1.00]",score_hybrid,top25,population_final,retention,FINAL,21,21,0.25,0.687619047619048,0.240206706170928,0.716190476190476,0.960826824683712,0.49765958094138,0.687619047619048
WFG3,10,5,41005,"S4_(0.75,1.00]",score_v,top25,population_final,retention,FINAL,21,21,0.25,0.647619047619048,0.224158083413169,0.716190476190476,0.896632333652677,0.415544235644157,0.647619047619048
WFG3,10,6,41006,"S1_[0,0.25]",anchor_margin,top25,population_final,retention,FINAL,5,5,0.25,0.168,0.165230769230769,0.254,0.660923076923077,0.493808620928621,0.168
WFG3,10,6,41006,"S1_[0,0.25]",score_hybrid,top25,population_final,retention,FINAL,5,5,0.25,0.096,0.0935384615384615,0.254,0.374153846153846,0.427479085239085,0.096
WFG3,10,6,41006,"S1_[0,0.25]",score_v,top25,population_final,retention,FINAL,5,5,0.25,0.032,0.0307692307692308,0.254,0.123076923076923,0.247986860706861,0.032
WFG3,10,6,41006,"S2_(0.25,0.50]",anchor_margin,top25,population_final,retention,FINAL,21,21,0.25,0.259047619047619,0.196349029719786,0.313809523809524,0.785396118879145,0.476866563807415,0.259047619047619
WFG3,10,6,41006,"S2_(0.25,0.50]",score_hybrid,top25,population_final,retention,FINAL,21,21,0.25,0.0952380952380952,0.0657724773182825,0.313809523809524,0.26308990927313,0.388049552015681,0.0952380952380952
WFG3,10,6,41006,"S2_(0.25,0.50]",score_v,top25,population_final,retention,FINAL,21,21,0.25,0.0685714285714286,0.0479214663466391,0.313809523809524,0.191685865386557,0.232975517790408,0.0685714285714286
WFG3,10,6,41006,"S3_(0.50,0.75]",anchor_margin,top25,population_final,retention,FINAL,20,20,0.25,0.43,0.202671518209129,0.539,0.810686072836518,0.453015074364044,0.43
WFG3,10,6,41006,"S3_(0.50,0.75]",score_hybrid,top25,population_final,retention,FINAL,20,20,0.25,0.344,0.157898569873561,0.539,0.631594279494244,0.427277549399905,0.344
WFG3,10,6,41006,"S3_(0.50,0.75]",score_v,top25,population_final,retention,FINAL,20,20,0.25,0.32,0.144980297355747,0.539,0.579921189422988,0.333912294889454,0.32
WFG3,10,6,41006,"S4_(0.75,1.00]",anchor_margin,top25,population_final,retention,FINAL,21,21,0.25,0.721904761904762,0.222461136184721,0.796666666666667,0.889844544738884,0.448339905095413,0.721904761904762
WFG3,10,6,41006,"S4_(0.75,1.00]",score_hybrid,top25,population_final,retention,FINAL,21,21,0.25,0.674285714285714,0.207759776757455,0.796666666666667,0.831039107029822,0.417995423539446,0.674285714285714
WFG3,10,6,41006,"S4_(0.75,1.00]",score_v,top25,population_final,retention,FINAL,21,21,0.25,0.666666666666667,0.205361303915307,0.796666666666667,0.821445215661229,0.348059724674115,0.666666666666667
WFG3,10,7,41007,"S1_[0,0.25]",anchor_margin,top25,population_final,retention,FINAL,5,5,0.25,0.192,0.184263736263736,0.262,0.737054945054945,0.5675284001584,0.192
WFG3,10,7,41007,"S1_[0,0.25]",score_hybrid,top25,population_final,retention,FINAL,5,5,0.25,0.12,0.116373626373626,0.262,0.465494505494506,0.478874776424776,0.12
WFG3,10,7,41007,"S1_[0,0.25]",score_v,top25,population_final,retention,FINAL,5,5,0.25,0.072,0.0687472527472528,0.262,0.274989010989011,0.295694179454179,0.072
WFG3,10,7,41007,"S2_(0.25,0.50]",anchor_margin,top25,population_final,retention,FINAL,21,21,0.25,0.373333333333333,0.232827657953243,0.395714285714286,0.93131063181297,0.542957723052564,0.373333333333333
WFG3,10,7,41007,"S2_(0.25,0.50]",score_hybrid,top25,population_final,retention,FINAL,21,21,0.25,0.316190476190476,0.196376313454167,0.395714285714286,0.785505253816667,0.484244433411379,0.316190476190476
WFG3,10,7,41007,"S2_(0.25,0.50]",score_v,top25,population_final,retention,FINAL,21,21,0.25,0.367619047619048,0.230102354665131,0.395714285714286,0.920409418660524,0.374266796345704,0.367619047619048
WFG3,10,7,41007,"S3_(0.50,0.75]",anchor_margin,top25,population_final,retention,FINAL,20,20,0.25,0.55,0.250426305339436,0.549,1.00170522135774,0.573151691320973,0.55
WFG3,10,7,41007,"S3_(0.50,0.75]",score_hybrid,top25,population_final,retention,FINAL,20,20,0.25,0.5,0.226977237977464,0.549,0.907908951909855,0.541499443601084,0.5
WFG3,10,7,41007,"S3_(0.50,0.75]",score_v,top25,population_final,retention,FINAL,20,20,0.25,0.498,0.223251460856653,0.549,0.893005843426611,0.381389115479867,0.498
WFG3,10,7,41007,"S4_(0.75,1.00]",anchor_margin,top25,population_final,retention,FINAL,21,21,0.25,0.811428571428572,0.245313089626107,0.83,0.981252358504428,0.52325618687141,0.811428571428572
WFG3,10,7,41007,"S4_(0.75,1.00]",score_hybrid,top25,population_final,retention,FINAL,21,21,0.25,0.758095238095238,0.228819167428369,0.83,0.915276669713475,0.463764113482064,0.758095238095238
WFG3,10,7,41007,"S4_(0.75,1.00]",score_v,top25,population_final,retention,FINAL,21,21,0.25,0.883809523809524,0.266807192356843,0.83,1.06722876942737,0.422261284217471,0.883809523809524
WFG3,10,8,41008,"S1_[0,0.25]",anchor_margin,top25,population_final,retention,FINAL,5,5,0.25,0.376,0.240963810963811,0.394,0.963855243855244,0.578564028773186,0.376
WFG3,10,8,41008,"S1_[0,0.25]",score_hybrid,top25,population_final,retention,FINAL,5,5,0.25,0.448,0.286452466452466,0.394,1.14580986580987,0.585401558170354,0.448
WFG3,10,8,41008,"S1_[0,0.25]",score_v,top25,population_final,retention,FINAL,5,5,0.25,0.384,0.243480483480483,0.394,0.973921933921934,0.400011344869174,0.384
WFG3,10,8,41008,"S2_(0.25,0.50]",anchor_margin,top25,population_final,retention,FINAL,21,21,0.25,0.417142857142857,0.206662621697008,0.504285714285714,0.826650486788034,0.491788007916032,0.417142857142857
WFG3,10,8,41008,"S2_(0.25,0.50]",score_hybrid,top25,population_final,retention,FINAL,21,21,0.25,0.354285714285714,0.175793209681853,0.504285714285714,0.703172838727414,0.454964280073989,0.354285714285714
WFG3,10,8,41008,"S2_(0.25,0.50]",score_v,top25,population_final,retention,FINAL,21,21,0.25,0.281904761904762,0.140035479099006,0.504285714285714,0.560141916396023,0.344580301540741,0.281904761904762
WFG3,10,8,41008,"S3_(0.50,0.75]",anchor_margin,top25,population_final,retention,FINAL,20,20,0.25,0.406,0.166995178837874,0.611,0.667980715351496,0.394891183008908,0.406
WFG3,10,8,41008,"S3_(0.50,0.75]",score_hybrid,top25,population_final,retention,FINAL,20,20,0.25,0.346,0.140654008555511,0.611,0.562616034222043,0.356245589054846,0.346
WFG3,10,8,41008,"S3_(0.50,0.75]",score_v,top25,population_final,retention,FINAL,20,20,0.25,0.322,0.130684245072863,0.611,0.522736980291451,0.288308049502777,0.322
WFG3,10,8,41008,"S4_(0.75,1.00]",anchor_margin,top25,population_final,retention,FINAL,21,21,0.25,0.647619047619048,0.192763305207945,0.822380952380953,0.771053220831779,0.354539287528454,0.647619047619048
WFG3,10,8,41008,"S4_(0.75,1.00]",score_hybrid,top25,population_final,retention,FINAL,21,21,0.25,0.699047619047619,0.208848320424351,0.822380952380953,0.835393281697406,0.356219059381781,0.699047619047619
WFG3,10,8,41008,"S4_(0.75,1.00]",score_v,top25,population_final,retention,FINAL,21,21,0.25,0.700952380952381,0.209459338243884,0.822380952380953,0.837837352975534,0.391758019358809,0.700952380952381
WFG3,10,9,41009,"S1_[0,0.25]",anchor_margin,top25,population_final,retention,FINAL,5,5,0.25,0.296,0.205882233405453,0.36,0.823528933621813,0.586525256197999,0.296
WFG3,10,9,41009,"S1_[0,0.25]",score_hybrid,top25,population_final,retention,FINAL,5,5,0.25,0.272,0.188720702126275,0.36,0.754882808505099,0.501037476820677,0.272
WFG3,10,9,41009,"S1_[0,0.25]",score_v,top25,population_final,retention,FINAL,5,5,0.25,0.192,0.132151111748635,0.36,0.52860444699454,0.321114888063524,0.192
WFG3,10,9,41009,"S2_(0.25,0.50]",anchor_margin,top25,population_final,retention,FINAL,21,21,0.25,0.396190476190476,0.247502037357363,0.398571428571429,0.990008149429453,0.534969837903631,0.396190476190476
WFG3,10,9,41009,"S2_(0.25,0.50]",score_hybrid,top25,population_final,retention,FINAL,21,21,0.25,0.180952380952381,0.11383380184554,0.398571428571429,0.45533520738216,0.438924982300222,0.180952380952381
WFG3,10,9,41009,"S2_(0.25,0.50]",score_v,top25,population_final,retention,FINAL,21,21,0.25,0.106666666666667,0.0666012653491461,0.398571428571429,0.266405061396585,0.271767831828375,0.106666666666667
WFG3,10,9,41009,"S3_(0.50,0.75]",anchor_margin,top25,population_final,retention,FINAL,20,20,0.25,0.412,0.186373067831956,0.5535,0.745492271327824,0.454859056864787,0.412
WFG3,10,9,41009,"S3_(0.50,0.75]",score_hybrid,top25,population_final,retention,FINAL,20,20,0.25,0.318,0.142667062760766,0.5535,0.570668251043064,0.424681622344363,0.318
WFG3,10,9,41009,"S3_(0.50,0.75]",score_v,top25,population_final,retention,FINAL,20,20,0.25,0.342,0.152748591881141,0.5535,0.610994367524564,0.329651400168851,0.342
WFG3,10,9,41009,"S4_(0.75,1.00]",anchor_margin,top25,population_final,retention,FINAL,21,21,0.25,0.691428571428571,0.224659847071898,0.757142857142857,0.89863938828759,0.471056809681152,0.691428571428571
WFG3,10,9,41009,"S4_(0.75,1.00]",score_hybrid,top25,population_final,retention,FINAL,21,21,0.25,0.626666666666667,0.202521592277498,0.757142857142857,0.810086369109993,0.463454903326684,0.626666666666667
WFG3,10,9,41009,"S4_(0.75,1.00]",score_v,top25,population_final,retention,FINAL,21,21,0.25,0.647619047619048,0.20870850822767,0.757142857142857,0.834834032910681,0.365259796966816,0.647619047619048
WFG3,10,10,41010,"S1_[0,0.25]",anchor_margin,top25,population_final,retention,FINAL,5,5,0.25,0.2,0.161720430107527,0.308,0.646881720430107,0.498524143458225,0.2
WFG3,10,10,41010,"S1_[0,0.25]",score_hybrid,top25,population_final,retention,FINAL,5,5,0.25,0.152,0.123225806451613,0.308,0.492903225806452,0.439950310559006,0.152
WFG3,10,10,41010,"S1_[0,0.25]",score_v,top25,population_final,retention,FINAL,5,5,0.25,0.144,0.116989247311828,0.308,0.467956989247312,0.284779670072798,0.144
WFG3,10,10,41010,"S2_(0.25,0.50]",anchor_margin,top25,population_final,retention,FINAL,21,21,0.25,0.251428571428572,0.165133182122683,0.376666666666667,0.660532728490733,0.46975657443677,0.251428571428572
WFG3,10,10,41010,"S2_(0.25,0.50]",score_hybrid,top25,population_final,retention,FINAL,21,21,0.25,0.203809523809524,0.133702436975864,0.376666666666667,0.534809747903458,0.421646486854864,0.203809523809524
WFG3,10,10,41010,"S2_(0.25,0.50]",score_v,top25,population_final,retention,FINAL,21,21,0.25,0.139047619047619,0.0921508365449774,0.376666666666667,0.36860334617991,0.240779962380722,0.139047619047619
WFG3,10,10,41010,"S3_(0.50,0.75]",anchor_margin,top25,population_final,retention,FINAL,20,20,0.25,0.498,0.232943241479704,0.536,0.931772965918816,0.525731177230053,0.498
WFG3,10,10,41010,"S3_(0.50,0.75]",score_hybrid,top25,population_final,retention,FINAL,20,20,0.25,0.428,0.197272952063164,0.536,0.789091808252656,0.477543243383294,0.428
WFG3,10,10,41010,"S3_(0.50,0.75]",score_v,top25,population_final,retention,FINAL,20,20,0.25,0.356,0.160773317907605,0.536,0.643093271630421,0.344256674228955,0.356
WFG3,10,10,41010,"S4_(0.75,1.00]",anchor_margin,top25,population_final,retention,FINAL,21,21,0.25,0.805714285714286,0.23452517275725,0.854285714285714,0.938100691029001,0.489593870068358,0.805714285714286
WFG3,10,10,41010,"S4_(0.75,1.00]",score_hybrid,top25,population_final,retention,FINAL,21,21,0.25,0.790476190476191,0.229819783792318,0.854285714285714,0.919279135169271,0.442184376359362,0.790476190476191
WFG3,10,10,41010,"S4_(0.75,1.00]",score_v,top25,population_final,retention,FINAL,21,21,0.25,0.777142857142857,0.225348932997878,0.854285714285714,0.901395731991512,0.359180570798064,0.777142857142857
WFG3,10,11,41011,"S1_[0,0.25]",anchor_margin,top25,population_final,retention,FINAL,5,5,0.25,0.152,0.111657754010695,0.336,0.446631016042781,0.491257394639309,0.152
WFG3,10,11,41011,"S1_[0,0.25]",score_hybrid,top25,population_final,retention,FINAL,5,5,0.25,0.112,0.083799337916985,0.336,0.33519735166794,0.402144104651567,0.112
WFG3,10,11,41011,"S1_[0,0.25]",score_v,top25,population_final,retention,FINAL,5,5,0.25,0.04,0.0303030303030303,0.336,0.121212121212121,0.221152765291483,0.04
WFG3,10,11,41011,"S2_(0.25,0.50]",anchor_margin,top25,population_final,retention,FINAL,21,21,0.25,0.297142857142857,0.175387775359137,0.417142857142857,0.701551101436548,0.43281283708526,0.297142857142857
WFG3,10,11,41011,"S2_(0.25,0.50]",score_hybrid,top25,population_final,retention,FINAL,21,21,0.25,0.116190476190476,0.0686976631357897,0.417142857142857,0.274790652543159,0.324135072941936,0.116190476190476
WFG3,10,11,41011,"S2_(0.25,0.50]",score_v,top25,population_final,retention,FINAL,21,21,0.25,0.0685714285714286,0.0382421053123946,0.417142857142857,0.152968421249578,0.148788892477844,0.0685714285714286
WFG3,10,11,41011,"S3_(0.50,0.75]",anchor_margin,top25,population_final,retention,FINAL,20,20,0.25,0.448,0.195025717181892,0.5735,0.78010286872757,0.432633397600607,0.448
WFG3,10,11,41011,"S3_(0.50,0.75]",score_hybrid,top25,population_final,retention,FINAL,20,20,0.25,0.356,0.152507227839667,0.5735,0.61002891135867,0.350620954297145,0.356
WFG3,10,11,41011,"S3_(0.50,0.75]",score_v,top25,population_final,retention,FINAL,20,20,0.25,0.34,0.145734178944976,0.5735,0.582936715779906,0.221752477541871,0.34
WFG3,10,11,41011,"S4_(0.75,1.00]",anchor_margin,top25,population_final,retention,FINAL,21,21,0.25,0.653333333333333,0.215957232213756,0.745714285714286,0.863828928855024,0.413182744373991,0.653333333333333
WFG3,10,11,41011,"S4_(0.75,1.00]",score_hybrid,top25,population_final,retention,FINAL,21,21,0.25,0.596190476190476,0.194530070441059,0.745714285714286,0.778120281764235,0.349658970143718,0.596190476190476
WFG3,10,11,41011,"S4_(0.75,1.00]",score_v,top25,population_final,retention,FINAL,21,21,0.25,0.592380952380952,0.192901339234863,0.745714285714286,0.771605356939451,0.23804158346026,0.592380952380952
WFG3,10,12,41012,"S1_[0,0.25]",anchor_margin,top25,population_final,retention,FINAL,5,5,0.25,0.216,0.196133496133496,0.274,0.784533984533984,0.601167898385364,0.216
WFG3,10,12,41012,"S1_[0,0.25]",score_hybrid,top25,population_final,retention,FINAL,5,5,0.25,0.216,0.197781847781848,0.274,0.791127391127391,0.56848767139863,0.216
WFG3,10,12,41012,"S1_[0,0.25]",score_v,top25,population_final,retention,FINAL,5,5,0.25,0.096,0.0881766381766382,0.274,0.352706552706553,0.350142294748459,0.096
WFG3,10,12,41012,"S2_(0.25,0.50]",anchor_margin,top25,population_final,retention,FINAL,21,21,0.25,0.205714285714286,0.1682354123797,0.303809523809524,0.672941649518799,0.452657217894005,0.205714285714286
WFG3,10,12,41012,"S2_(0.25,0.50]",score_hybrid,top25,population_final,retention,FINAL,21,21,0.25,0.0876190476190476,0.0695205012601326,0.303809523809524,0.27808200504053,0.360615315007505,0.0876190476190476
WFG3,10,12,41012,"S2_(0.25,0.50]",score_v,top25,population_final,retention,FINAL,21,21,0.25,0.0780952380952381,0.062459506699138,0.303809523809524,0.249838026796552,0.237770043557699,0.0780952380952381
WFG3,10,12,41012,"S3_(0.50,0.75]",anchor_margin,top25,population_final,retention,FINAL,20,20,0.25,0.378,0.218158648668398,0.431,0.87263459467359,0.503293592508362,0.378
WFG3,10,12,41012,"S3_(0.50,0.75]",score_hybrid,top25,population_final,retention,FINAL,20,20,0.25,0.33,0.186343812569846,0.431,0.745375250279384,0.451094609592403,0.33
WFG3,10,12,41012,"S3_(0.50,0.75]",score_v,top25,population_final,retention,FINAL,20,20,0.25,0.28,0.157059769935669,0.431,0.628239079742676,0.309051444693121,0.28
WFG3,10,12,41012,"S4_(0.75,1.00]",anchor_margin,top25,population_final,retention,FINAL,21,21,0.25,0.590476190476191,0.217275144079354,0.667142857142857,0.869100576317415,0.481529602353569,0.590476190476191
WFG3,10,12,41012,"S4_(0.75,1.00]",score_hybrid,top25,population_final,retention,FINAL,21,21,0.25,0.611428571428572,0.227080128886892,0.667142857142857,0.908320515547568,0.473205043535074,0.611428571428572
WFG3,10,12,41012,"S4_(0.75,1.00]",score_v,top25,population_final,retention,FINAL,21,21,0.25,0.626666666666667,0.232399392531527,0.667142857142857,0.929597570126108,0.400533475219965,0.626666666666667
WFG3,10,13,41013,"S1_[0,0.25]",anchor_margin,top25,population_final,retention,FINAL,5,5,0.25,0.192,0.125527957106904,0.382,0.502111828427618,0.446516486978231,0.192
WFG3,10,13,41013,"S1_[0,0.25]",score_hybrid,top25,population_final,retention,FINAL,5,5,0.25,0.136,0.0897873582084108,0.382,0.359149432833643,0.400352607818722,0.136
WFG3,10,13,41013,"S1_[0,0.25]",score_v,top25,population_final,retention,FINAL,5,5,0.25,0.128,0.0846591530802057,0.382,0.338636612320823,0.285729084983169,0.128
WFG3,10,13,41013,"S2_(0.25,0.50]",anchor_margin,top25,population_final,retention,FINAL,21,21,0.25,0.259047619047619,0.139061861969734,0.454761904761905,0.556247447878935,0.436875348124672,0.259047619047619
WFG3,10,13,41013,"S2_(0.25,0.50]",score_hybrid,top25,population_final,retention,FINAL,21,21,0.25,0.198095238095238,0.102358367168752,0.454761904761905,0.409433468675008,0.371080306186811,0.198095238095238
WFG3,10,13,41013,"S2_(0.25,0.50]",score_v,top25,population_final,retention,FINAL,21,21,0.25,0.158095238095238,0.0814439792489292,0.454761904761905,0.325775916995717,0.213463314876896,0.158095238095238
WFG3,10,13,41013,"S3_(0.50,0.75]",anchor_margin,top25,population_final,retention,FINAL,20,20,0.25,0.504,0.197434091317784,0.638,0.789736365271135,0.440681271477262,0.504
WFG3,10,13,41013,"S3_(0.50,0.75]",score_hybrid,top25,population_final,retention,FINAL,20,20,0.25,0.434,0.169763557862315,0.638,0.67905423144926,0.348104367098047,0.434
WFG3,10,13,41013,"S3_(0.50,0.75]",score_v,top25,population_final,retention,FINAL,20,20,0.25,0.314,0.122071611292741,0.638,0.488286445170964,0.23172728588702,0.314
WFG3,10,13,41013,"S4_(0.75,1.00]",anchor_margin,top25,population_final,retention,FINAL,21,21,0.25,0.820952380952381,0.236920729983866,0.862857142857143,0.947682919935464,0.510151364098077,0.820952380952381
WFG3,10,13,41013,"S4_(0.75,1.00]",score_hybrid,top25,population_final,retention,FINAL,21,21,0.25,0.761904761904762,0.219286616625122,0.862857142857143,0.877146466500489,0.411487582579938,0.761904761904762
WFG3,10,13,41013,"S4_(0.75,1.00]",score_v,top25,population_final,retention,FINAL,21,21,0.25,0.693333333333333,0.198460226909484,0.862857142857143,0.793840907637935,0.280276070275456,0.693333333333333
WFG3,10,14,41014,"S1_[0,0.25]",anchor_margin,top25,population_final,retention,FINAL,5,5,0.25,0.136,0.163130553656869,0.206,0.652522214627478,0.594464498148153,0.136
WFG3,10,14,41014,"S1_[0,0.25]",score_hybrid,top25,population_final,retention,FINAL,5,5,0.25,0.136,0.165568466621098,0.206,0.662273866484393,0.502225122290134,0.136
WFG3,10,14,41014,"S1_[0,0.25]",score_v,top25,population_final,retention,FINAL,5,5,0.25,0.064,0.07680337206653,0.206,0.30721348826612,0.250518552800865,0.064
WFG3,10,14,41014,"S2_(0.25,0.50]",anchor_margin,top25,population_final,retention,FINAL,21,21,0.25,0.188571428571429,0.182325280530832,0.257142857142857,0.729301122123328,0.517749676922202,0.188571428571429
WFG3,10,14,41014,"S2_(0.25,0.50]",score_hybrid,top25,population_final,retention,FINAL,21,21,0.25,0.135238095238095,0.131110585853859,0.257142857142857,0.524442343415438,0.43393390622718,0.135238095238095
WFG3,10,14,41014,"S2_(0.25,0.50]",score_v,top25,population_final,retention,FINAL,21,21,0.25,0.102857142857143,0.0978282581081643,0.257142857142857,0.391313032432657,0.233531871104034,0.102857142857143
WFG3,10,14,41014,"S3_(0.50,0.75]",anchor_margin,top25,population_final,retention,FINAL,20,20,0.25,0.438,0.276171144688358,0.388,1.10468457875343,0.589574280030821,0.438
WFG3,10,14,41014,"S3_(0.50,0.75]",score_hybrid,top25,population_final,retention,FINAL,20,20,0.25,0.232,0.148788475963794,0.388,0.595153903855175,0.494976435283001,0.232
WFG3,10,14,41014,"S3_(0.50,0.75]",score_v,top25,population_final,retention,FINAL,20,20,0.25,0.222,0.134540806991765,0.388,0.538163227967061,0.308022482846739,0.222
WFG3,10,14,41014,"S4_(0.75,1.00]",anchor_margin,top25,population_final,retention,FINAL,21,21,0.25,0.771428571428572,0.297870773005678,0.658571428571428,1.19148309202271,0.608022047883819,0.771428571428572
WFG3,10,14,41014,"S4_(0.75,1.00]",score_hybrid,top25,population_final,retention,FINAL,21,21,0.25,0.624761904761905,0.236044190373301,0.658571428571428,0.944176761493203,0.53438358423509,0.624761904761905
WFG3,10,14,41014,"S4_(0.75,1.00]",score_v,top25,population_final,retention,FINAL,21,21,0.25,0.52952380952381,0.197397329164259,0.658571428571428,0.789589316657036,0.330480406113338,0.52952380952381
WFG3,10,15,41015,"S1_[0,0.25]",anchor_margin,top25,population_final,retention,FINAL,5,5,0.25,0.312,0.210987725724568,0.372,0.843950902898271,0.498279052384075,0.312
WFG3,10,15,41015,"S1_[0,0.25]",score_hybrid,top25,population_final,retention,FINAL,5,5,0.25,0.256,0.173559539875329,0.372,0.694238159501317,0.43993314212476,0.256
WFG3,10,15,41015,"S1_[0,0.25]",score_v,top25,population_final,retention,FINAL,5,5,0.25,0.176,0.118381209433841,0.372,0.473524837735364,0.299332902902919,0.176
WFG3,10,15,41015,"S2_(0.25,0.50]",anchor_margin,top25,population_final,retention,FINAL,21,21,0.25,0.333333333333333,0.195087003746252,0.42952380952381,0.780348014985008,0.46429146386373,0.333333333333333
WFG3,10,15,41015,"S2_(0.25,0.50]",score_hybrid,top25,population_final,retention,FINAL,21,21,0.25,0.259047619047619,0.150934383737261,0.42952380952381,0.603737534949043,0.41168545804822,0.259047619047619
WFG3,10,15,41015,"S2_(0.25,0.50]",score_v,top25,population_final,retention,FINAL,21,21,0.25,0.222857142857143,0.13031252482406,0.42952380952381,0.521250099296241,0.307931791345026,0.222857142857143
WFG3,10,15,41015,"S3_(0.50,0.75]",anchor_margin,top25,population_final,retention,FINAL,20,20,0.25,0.29,0.145965843680129,0.4945,0.583863374720518,0.400287001426445,0.29
WFG3,10,15,41015,"S3_(0.50,0.75]",score_hybrid,top25,population_final,retention,FINAL,20,20,0.25,0.288,0.144751986109129,0.4945,0.579007944436516,0.393864914616196,0.288
WFG3,10,15,41015,"S3_(0.50,0.75]",score_v,top25,population_final,retention,FINAL,20,20,0.25,0.306,0.154214571143143,0.4945,0.61685828457257,0.32776704134451,0.306
WFG3,10,15,41015,"S4_(0.75,1.00]",anchor_margin,top25,population_final,retention,FINAL,21,21,0.25,0.754285714285714,0.23675781451151,0.788571428571428,0.947031258046039,0.426106152354761,0.754285714285714
WFG3,10,15,41015,"S4_(0.75,1.00]",score_hybrid,top25,population_final,retention,FINAL,21,21,0.25,0.67047619047619,0.208208974710114,0.788571428571428,0.832835898840457,0.369187176579022,0.67047619047619
WFG3,10,15,41015,"S4_(0.75,1.00]",score_v,top25,population_final,retention,FINAL,21,21,0.25,0.678095238095238,0.212174746032097,0.788571428571428,0.848698984128387,0.317797622580712,0.678095238095238
WFG3,10,16,41016,"S1_[0,0.25]",anchor_margin,top25,population_final,retention,FINAL,5,5,0.25,0.2,0.138532818532819,0.362,0.554131274131274,0.497273273273273,0.2
WFG3,10,16,41016,"S1_[0,0.25]",score_hybrid,top25,population_final,retention,FINAL,5,5,0.25,0.136,0.0943629343629344,0.362,0.377451737451737,0.400207504207504,0.136
WFG3,10,16,41016,"S1_[0,0.25]",score_v,top25,population_final,retention,FINAL,5,5,0.25,0.072,0.0498841698841699,0.362,0.19953667953668,0.193111969111969,0.072
WFG3,10,16,41016,"S2_(0.25,0.50]",anchor_margin,top25,population_final,retention,FINAL,21,21,0.25,0.293333333333333,0.190782766687645,0.384285714285714,0.763131066750581,0.540719527628378,0.293333333333333
WFG3,10,16,41016,"S2_(0.25,0.50]",score_hybrid,top25,population_final,retention,FINAL,21,21,0.25,0.148571428571429,0.0965439777986957,0.384285714285714,0.386175911194783,0.443718309524689,0.148571428571429
WFG3,10,16,41016,"S2_(0.25,0.50]",score_v,top25,population_final,retention,FINAL,21,21,0.25,0.0457142857142857,0.0285061008797463,0.384285714285714,0.114024403518985,0.142464973212351,0.0457142857142857
WFG3,10,16,41016,"S3_(0.50,0.75]",anchor_margin,top25,population_final,retention,FINAL,20,20,0.25,0.34,0.178891127974775,0.472,0.715564511899101,0.544866938629437,0.34
WFG3,10,16,41016,"S3_(0.50,0.75]",score_hybrid,top25,population_final,retention,FINAL,20,20,0.25,0.244,0.123652364876847,0.472,0.494609459507386,0.483486544810944,0.244
WFG3,10,16,41016,"S3_(0.50,0.75]",score_v,top25,population_final,retention,FINAL,20,20,0.25,0.218,0.109891385835637,0.472,0.439565543342549,0.227282876418991,0.218
WFG3,10,16,41016,"S4_(0.75,1.00]",anchor_margin,top25,population_final,retention,FINAL,21,21,0.25,0.76,0.255301070267531,0.745714285714286,1.02120428107012,0.548280664178825,0.76
WFG3,10,16,41016,"S4_(0.75,1.00]",score_hybrid,top25,population_final,retention,FINAL,21,21,0.25,0.683809523809524,0.229915367201628,0.745714285714286,0.919661468806512,0.463448530413659,0.683809523809524
WFG3,10,16,41016,"S4_(0.75,1.00]",score_v,top25,population_final,retention,FINAL,21,21,0.25,0.666666666666667,0.221862166919312,0.745714285714286,0.887448667677247,0.33422048007415,0.666666666666667
WFG3,10,17,41017,"S1_[0,0.25]",anchor_margin,top25,population_final,retention,FINAL,5,5,0.25,0.232,0.25036231884058,0.232,1.00144927536232,0.527699560165235,0.232
WFG3,10,17,41017,"S1_[0,0.25]",score_hybrid,top25,population_final,retention,FINAL,5,5,0.25,0.096,0.103260869565217,0.232,0.41304347826087,0.44168301187752,0.096
WFG3,10,17,41017,"S1_[0,0.25]",score_v,top25,population_final,retention,FINAL,5,5,0.25,0.032,0.0344202898550725,0.232,0.13768115942029,0.24237650697891,0.032
WFG3,10,17,41017,"S2_(0.25,0.50]",anchor_margin,top25,population_final,retention,FINAL,21,21,0.25,0.299047619047619,0.23661967260123,0.317142857142857,0.94647869040492,0.526013330311927,0.299047619047619
WFG3,10,17,41017,"S2_(0.25,0.50]",score_hybrid,top25,population_final,retention,FINAL,21,21,0.25,0.180952380952381,0.14208220015171,0.317142857142857,0.568328800606839,0.458141731290774,0.180952380952381
WFG3,10,17,41017,"S2_(0.25,0.50]",score_v,top25,population_final,retention,FINAL,21,21,0.25,0.114285714285714,0.0882090375406208,0.317142857142857,0.352836150162483,0.272267926743343,0.114285714285714
WFG3,10,17,41017,"S3_(0.50,0.75]",anchor_margin,top25,population_final,retention,FINAL,20,20,0.25,0.43,0.214586021267598,0.5025,0.858344085070391,0.511312697155745,0.43
WFG3,10,17,41017,"S3_(0.50,0.75]",score_hybrid,top25,population_final,retention,FINAL,20,20,0.25,0.48,0.238038933762903,0.5025,0.952155735051613,0.484347581280781,0.48
WFG3,10,17,41017,"S3_(0.50,0.75]",score_v,top25,population_final,retention,FINAL,20,20,0.25,0.314,0.154250582148975,0.5025,0.617002328595899,0.366775457891386,0.314
WFG3,10,17,41017,"S4_(0.75,1.00]",anchor_margin,top25,population_final,retention,FINAL,21,21,0.25,0.563809523809524,0.211901286299346,0.655714285714286,0.847605145197385,0.476599573740786,0.563809523809524
WFG3,10,17,41017,"S4_(0.75,1.00]",score_hybrid,top25,population_final,retention,FINAL,21,21,0.25,0.636190476190476,0.243736028243717,0.655714285714286,0.974944112974869,0.471115508671751,0.636190476190476
WFG3,10,17,41017,"S4_(0.75,1.00]",score_v,top25,population_final,retention,FINAL,21,21,0.25,0.52,0.19439018658539,0.655714285714286,0.777560746341558,0.425683181160695,0.52
WFG3,10,18,41018,"S1_[0,0.25]",anchor_margin,top25,population_final,retention,FINAL,5,5,0.25,0.088,0.121052631578947,0.182,0.484210526315789,0.527736968890157,0.088
WFG3,10,18,41018,"S1_[0,0.25]",score_hybrid,top25,population_final,retention,FINAL,5,5,0.25,0.048,0.0660818713450292,0.182,0.264327485380117,0.430677189812834,0.048
WFG3,10,18,41018,"S1_[0,0.25]",score_v,top25,population_final,retention,FINAL,5,5,0.25,0.016,0.0216374269005848,0.182,0.0865497076023392,0.237549723450451,0.016
WFG3,10,18,41018,"S2_(0.25,0.50]",anchor_margin,top25,population_final,retention,FINAL,21,21,0.25,0.24952380952381,0.271616646255195,0.247142857142857,1.08646658502078,0.610029704480958,0.24952380952381
WFG3,10,18,41018,"S2_(0.25,0.50]",score_hybrid,top25,population_final,retention,FINAL,21,21,0.25,0.179047619047619,0.180222135234412,0.247142857142857,0.72088854093765,0.538267956778496,0.179047619047619
WFG3,10,18,41018,"S2_(0.25,0.50]",score_v,top25,population_final,retention,FINAL,21,21,0.25,0.133333333333333,0.128594855970216,0.247142857142857,0.514379423880865,0.310574623047297,0.133333333333333
WFG3,10,18,41018,"S3_(0.50,0.75]",anchor_margin,top25,population_final,retention,FINAL,20,20,0.25,0.322,0.198132662899956,0.4095,0.792530651599822,0.494059170484878,0.322
WFG3,10,18,41018,"S3_(0.50,0.75]",score_hybrid,top25,population_final,retention,FINAL,20,20,0.25,0.298,0.17952157515196,0.4095,0.71808630060784,0.466794169744168,0.298
WFG3,10,18,41018,"S3_(0.50,0.75]",score_v,top25,population_final,retention,FINAL,20,20,0.25,0.246,0.148117042654136,0.4095,0.592468170616542,0.337732866084201,0.246
WFG3,10,18,41018,"S4_(0.75,1.00]",anchor_margin,top25,population_final,retention,FINAL,21,21,0.25,0.702857142857143,0.216444245502551,0.797142857142857,0.865776982010203,0.395253002149514,0.702857142857143
WFG3,10,18,41018,"S4_(0.75,1.00]",score_hybrid,top25,population_final,retention,FINAL,21,21,0.25,0.666666666666667,0.206094706764991,0.797142857142857,0.824378827059965,0.331075184246164,0.666666666666667
WFG3,10,18,41018,"S4_(0.75,1.00]",score_v,top25,population_final,retention,FINAL,21,21,0.25,0.645714285714286,0.199635758638902,0.797142857142857,0.79854303455561,0.286815949043025,0.645714285714286
WFG3,10,19,41019,"S1_[0,0.25]",anchor_margin,top25,population_final,retention,FINAL,5,5,0.25,0.112,0.0990898628829663,0.276,0.396359451531865,0.502137062328288,0.112
WFG3,10,19,41019,"S1_[0,0.25]",score_hybrid,top25,population_final,retention,FINAL,5,5,0.25,0.104,0.0934816779644366,0.276,0.373926711857746,0.478482266887331,0.104
WFG3,10,19,41019,"S1_[0,0.25]",score_v,top25,population_final,retention,FINAL,5,5,0.25,0.056,0.0508708405260129,0.276,0.203483362104052,0.339234814912719,0.056
WFG3,10,19,41019,"S2_(0.25,0.50]",anchor_margin,top25,population_final,retention,FINAL,21,21,0.25,0.222857142857143,0.171017401213359,0.322380952380952,0.684069604853435,0.516231289355205,0.222857142857143
WFG3,10,19,41019,"S2_(0.25,0.50]",score_hybrid,top25,population_final,retention,FINAL,21,21,0.25,0.152380952380952,0.114551596500669,0.322380952380952,0.458206386002677,0.442333934553799,0.152380952380952
WFG3,10,19,41019,"S2_(0.25,0.50]",score_v,top25,population_final,retention,FINAL,21,21,0.25,0.0838095238095238,0.064078907425039,0.322380952380952,0.256315629700156,0.244620433672518,0.0838095238095238
WFG3,10,19,41019,"S3_(0.50,0.75]",anchor_margin,top25,population_final,retention,FINAL,20,20,0.25,0.342,0.187967727532327,0.4575,0.751870910129308,0.522357106295286,0.342
WFG3,10,19,41019,"S3_(0.50,0.75]",score_hybrid,top25,population_final,retention,FINAL,20,20,0.25,0.266,0.141919652186787,0.4575,0.567678608747147,0.435425710213204,0.266
WFG3,10,19,41019,"S3_(0.50,0.75]",score_v,top25,population_final,retention,FINAL,20,20,0.25,0.208,0.110683796576325,0.4575,0.442735186305299,0.277355170246747,0.208
WFG3,10,19,41019,"S4_(0.75,1.00]",anchor_margin,top25,population_final,retention,FINAL,21,21,0.25,0.413333333333333,0.156985542436581,0.641904761904762,0.627942169746326,0.392287830079639,0.413333333333333
WFG3,10,19,41019,"S4_(0.75,1.00]",score_hybrid,top25,population_final,retention,FINAL,21,21,0.25,0.441904761904762,0.168664479404097,0.641904761904762,0.674657917616389,0.35110013422735,0.441904761904762
WFG3,10,19,41019,"S4_(0.75,1.00]",score_v,top25,population_final,retention,FINAL,21,21,0.25,0.417142857142857,0.15901056659594,0.641904761904762,0.63604226638376,0.3181153788685,0.417142857142857
WFG3,10,20,41020,"S1_[0,0.25]",anchor_margin,top25,population_final,retention,FINAL,5,5,0.25,0.216,0.182240055087664,0.296,0.728960220350654,0.467797592644257,0.216
WFG3,10,20,41020,"S1_[0,0.25]",score_hybrid,top25,population_final,retention,FINAL,5,5,0.25,0.064,0.0547603156946872,0.296,0.219041262778749,0.383154058834151,0.064
WFG3,10,20,41020,"S1_[0,0.25]",score_v,top25,population_final,retention,FINAL,5,5,0.25,0.008,0.0064516129032258,0.296,0.0258064516129032,0.235270206086568,0.008
WFG3,10,20,41020,"S2_(0.25,0.50]",anchor_margin,top25,population_final,retention,FINAL,21,21,0.25,0.192380952380952,0.128137729935467,0.381904761904762,0.51255091974187,0.411415869065014,0.192380952380952
WFG3,10,20,41020,"S2_(0.25,0.50]",score_hybrid,top25,population_final,retention,FINAL,21,21,0.25,0.171428571428571,0.107592411644264,0.381904761904762,0.430369646577056,0.376096180456531,0.171428571428571
WFG3,10,20,41020,"S2_(0.25,0.50]",score_v,top25,population_final,retention,FINAL,21,21,0.25,0.140952380952381,0.0848825463385798,0.381904761904762,0.339530185354319,0.253239549891624,0.140952380952381
WFG3,10,20,41020,"S3_(0.50,0.75]",anchor_margin,top25,population_final,retention,FINAL,20,20,0.25,0.466,0.193349029378355,0.589,0.77339611751342,0.448892900570845,0.466
WFG3,10,20,41020,"S3_(0.50,0.75]",score_hybrid,top25,population_final,retention,FINAL,20,20,0.25,0.42,0.174654517906243,0.589,0.698618071624972,0.420787542328103,0.42
WFG3,10,20,41020,"S3_(0.50,0.75]",score_v,top25,population_final,retention,FINAL,20,20,0.25,0.386,0.160337087539888,0.589,0.64134835015955,0.359733426295027,0.386
WFG3,10,20,41020,"S4_(0.75,1.00]",anchor_margin,top25,population_final,retention,FINAL,21,21,0.25,0.708571428571429,0.226933790668806,0.778095238095238,0.907735162675224,0.519556997144951,0.708571428571429
WFG3,10,20,41020,"S4_(0.75,1.00]",score_hybrid,top25,population_final,retention,FINAL,21,21,0.25,0.693333333333333,0.22205515874014,0.778095238095238,0.88822063496056,0.487838988189646,0.693333333333333
WFG3,10,20,41020,"S4_(0.75,1.00]",score_v,top25,population_final,retention,FINAL,21,21,0.25,0.695238095238095,0.222739145535238,0.778095238095238,0.890956582140952,0.413627317763792,0.695238095238095
WFG3,10,21,41021,"S1_[0,0.25]",anchor_margin,top25,population_final,retention,FINAL,5,5,0.25,0.184,0.191086956521739,0.24,0.764347826086957,0.536017293183552,0.184
WFG3,10,21,41021,"S1_[0,0.25]",score_hybrid,top25,population_final,retention,FINAL,5,5,0.25,0.152,0.159115942028985,0.24,0.636463768115942,0.506436486968409,0.152
WFG3,10,21,41021,"S1_[0,0.25]",score_v,top25,population_final,retention,FINAL,5,5,0.25,0.048,0.0503913043478261,0.24,0.201565217391304,0.336979211764589,0.048
WFG3,10,21,41021,"S2_(0.25,0.50]",anchor_margin,top25,population_final,retention,FINAL,21,21,0.25,0.291428571428571,0.237160568860076,0.304285714285714,0.948642275440305,0.509546757042197,0.291428571428571
WFG3,10,21,41021,"S2_(0.25,0.50]",score_hybrid,top25,population_final,retention,FINAL,21,21,0.25,0.154285714285714,0.120716654710183,0.304285714285714,0.482866618840733,0.42858361610708,0.154285714285714
WFG3,10,21,41021,"S2_(0.25,0.50]",score_v,top25,population_final,retention,FINAL,21,21,0.25,0.137142857142857,0.10470499804473,0.304285714285714,0.418819992178922,0.30986531096099,0.137142857142857
WFG3,10,21,41021,"S3_(0.50,0.75]",anchor_margin,top25,population_final,retention,FINAL,20,20,0.25,0.358,0.226340537202472,0.395,0.905362148809887,0.495656868248276,0.358
WFG3,10,21,41021,"S3_(0.50,0.75]",score_hybrid,top25,population_final,retention,FINAL,20,20,0.25,0.342,0.217408628607002,0.395,0.869634514428007,0.452470738768839,0.342
WFG3,10,21,41021,"S3_(0.50,0.75]",score_v,top25,population_final,retention,FINAL,20,20,0.25,0.306,0.188905806629515,0.395,0.75562322651806,0.351206780105777,0.306
WFG3,10,21,41021,"S4_(0.75,1.00]",anchor_margin,top25,population_final,retention,FINAL,21,21,0.25,0.579047619047619,0.24199176499183,0.596190476190476,0.96796705996732,0.510538245715913,0.579047619047619
WFG3,10,21,41021,"S4_(0.75,1.00]",score_hybrid,top25,population_final,retention,FINAL,21,21,0.25,0.56,0.231164753195478,0.596190476190476,0.924659012781912,0.481368381715778,0.56
WFG3,10,21,41021,"S4_(0.75,1.00]",score_v,top25,population_final,retention,FINAL,21,21,0.25,0.521904761904762,0.216265990562734,0.596190476190476,0.865063962250935,0.408938113452373,0.521904761904762
WFG3,10,22,41022,"S1_[0,0.25]",anchor_margin,top25,population_final,retention,FINAL,5,5,0.25,0.096,0.0923076923076923,0.26,0.369230769230769,0.461642411642412,0.096
WFG3,10,22,41022,"S1_[0,0.25]",score_hybrid,top25,population_final,retention,FINAL,5,5,0.25,0.104,0.1,0.26,0.4,0.394802494802495,0.104
WFG3,10,22,41022,"S1_[0,0.25]",score_v,top25,population_final,retention,FINAL,5,5,0.25,0.112,0.107692307692308,0.26,0.430769230769231,0.294698544698545,0.112
WFG3,10,22,41022,"S2_(0.25,0.50]",anchor_margin,top25,population_final,retention,FINAL,21,21,0.25,0.207619047619048,0.192627672151482,0.268095238095238,0.770510688605927,0.423724739163405,0.207619047619048
WFG3,10,22,41022,"S2_(0.25,0.50]",score_hybrid,top25,population_final,retention,FINAL,21,21,0.25,0.0952380952380952,0.0879047231428184,0.268095238095238,0.351618892571273,0.35513224413743,0.0952380952380952
WFG3,10,22,41022,"S2_(0.25,0.50]",score_v,top25,population_final,retention,FINAL,21,21,0.25,0.060952380952381,0.0561714828381495,0.268095238095238,0.224685931352598,0.265812760365435,0.060952380952381
WFG3,10,22,41022,"S3_(0.50,0.75]",anchor_margin,top25,population_final,retention,FINAL,20,20,0.25,0.204,0.128649574607951,0.394,0.514598298431803,0.46097715816818,0.204
WFG3,10,22,41022,"S3_(0.50,0.75]",score_hybrid,top25,population_final,retention,FINAL,20,20,0.25,0.266,0.166148509070216,0.394,0.664594036280865,0.427877237371241,0.266
WFG3,10,22,41022,"S3_(0.50,0.75]",score_v,top25,population_final,retention,FINAL,20,20,0.25,0.214,0.13487751515901,0.394,0.539510060636042,0.33243978840238,0.214
WFG3,10,22,41022,"S4_(0.75,1.00]",anchor_margin,top25,population_final,retention,FINAL,21,21,0.25,0.542857142857143,0.193518072294632,0.677619047619048,0.774072289178529,0.48676122672043,0.542857142857143
WFG3,10,22,41022,"S4_(0.75,1.00]",score_hybrid,top25,population_final,retention,FINAL,21,21,0.25,0.592380952380952,0.211449848790448,0.677619047619048,0.845799395161792,0.469320292889135,0.592380952380952
WFG3,10,22,41022,"S4_(0.75,1.00]",score_v,top25,population_final,retention,FINAL,21,21,0.25,0.554285714285714,0.196904071408992,0.677619047619048,0.787616285635967,0.392907381569499,0.554285714285714
WFG3,10,23,41023,"S1_[0,0.25]",anchor_margin,top25,population_final,retention,FINAL,5,5,0.25,0.312,0.225172804935114,0.346,0.900691219740456,0.566542568564356,0.312
WFG3,10,23,41023,"S1_[0,0.25]",score_hybrid,top25,population_final,retention,FINAL,5,5,0.25,0.256,0.185932156882921,0.346,0.743728627531684,0.488391587578996,0.256
WFG3,10,23,41023,"S1_[0,0.25]",score_v,top25,population_final,retention,FINAL,5,5,0.25,0.104,0.0748557121052877,0.346,0.299422848421151,0.293299782044848,0.104
WFG3,10,23,41023,"S2_(0.25,0.50]",anchor_margin,top25,population_final,retention,FINAL,21,21,0.25,0.356190476190476,0.215372945707325,0.415238095238095,0.861491782829302,0.45434806916812,0.356190476190476
WFG3,10,23,41023,"S2_(0.25,0.50]",score_hybrid,top25,population_final,retention,FINAL,21,21,0.25,0.152380952380952,0.0919319068543519,0.415238095238095,0.367727627417408,0.363114055175497,0.152380952380952
WFG3,10,23,41023,"S2_(0.25,0.50]",score_v,top25,population_final,retention,FINAL,21,21,0.25,0.125714285714286,0.0754528682536095,0.415238095238095,0.301811473014438,0.231474173868753,0.125714285714286
WFG3,10,23,41023,"S3_(0.50,0.75]",anchor_margin,top25,population_final,retention,FINAL,20,20,0.25,0.35,0.184096855987607,0.4735,0.73638742395043,0.384548059378711,0.35
WFG3,10,23,41023,"S3_(0.50,0.75]",score_hybrid,top25,population_final,retention,FINAL,20,20,0.25,0.21,0.109968432020667,0.4735,0.439873728082669,0.316665439785618,0.21
WFG3,10,23,41023,"S3_(0.50,0.75]",score_v,top25,population_final,retention,FINAL,20,20,0.25,0.146,0.0767860597486333,0.4735,0.307144238994533,0.224765769468183,0.146
WFG3,10,23,41023,"S4_(0.75,1.00]",anchor_margin,top25,population_final,retention,FINAL,21,21,0.25,0.634285714285714,0.221368079352279,0.708095238095238,0.885472317409115,0.444397577830529,0.634285714285714
WFG3,10,23,41023,"S4_(0.75,1.00]",score_hybrid,top25,population_final,retention,FINAL,21,21,0.25,0.577142857142857,0.196820672700225,0.708095238095238,0.787282690800899,0.407412773133813,0.577142857142857
WFG3,10,23,41023,"S4_(0.75,1.00]",score_v,top25,population_final,retention,FINAL,21,21,0.25,0.518095238095238,0.1752161947601,0.708095238095238,0.700864779040402,0.322320897560805,0.518095238095238
WFG3,10,24,41024,"S1_[0,0.25]",anchor_margin,top25,population_final,retention,FINAL,5,5,0.25,0.216,0.18,0.3,0.72,0.516285714285714,0.216
WFG3,10,24,41024,"S1_[0,0.25]",score_hybrid,top25,population_final,retention,FINAL,5,5,0.25,0.112,0.0933333333333333,0.3,0.373333333333333,0.462380952380952,0.112
WFG3,10,24,41024,"S1_[0,0.25]",score_v,top25,population_final,retention,FINAL,5,5,0.25,0.056,0.0466666666666667,0.3,0.186666666666667,0.241142857142857,0.056
WFG3,10,24,41024,"S2_(0.25,0.50]",anchor_margin,top25,population_final,retention,FINAL,21,21,0.25,0.331428571428572,0.221786649416068,0.366666666666667,0.887146597664271,0.585387996643836,0.331428571428572
WFG3,10,24,41024,"S2_(0.25,0.50]",score_hybrid,top25,population_final,retention,FINAL,21,21,0.25,0.167619047619048,0.110252582787787,0.366666666666667,0.441010331151147,0.482132567275601,0.167619047619048
WFG3,10,24,41024,"S2_(0.25,0.50]",score_v,top25,population_final,retention,FINAL,21,21,0.25,0.154285714285714,0.0964502264232919,0.366666666666667,0.385800905693167,0.233948320028251,0.154285714285714
WFG3,10,24,41024,"S3_(0.50,0.75]",anchor_margin,top25,population_final,retention,FINAL,20,20,0.25,0.512,0.250931026953803,0.511,1.00372410781521,0.583861125710574,0.512
WFG3,10,24,41024,"S3_(0.50,0.75]",score_hybrid,top25,population_final,retention,FINAL,20,20,0.25,0.34,0.165068592720656,0.511,0.660274370882624,0.486697354807158,0.34
WFG3,10,24,41024,"S3_(0.50,0.75]",score_v,top25,population_final,retention,FINAL,20,20,0.25,0.316,0.153966809124979,0.511,0.615867236499914,0.291711121282035,0.316
WFG3,10,24,41024,"S4_(0.75,1.00]",anchor_margin,top25,population_final,retention,FINAL,21,21,0.25,0.657142857142857,0.263429578838424,0.624761904761905,1.0537183153537,0.569772181473075,0.657142857142857
WFG3,10,24,41024,"S4_(0.75,1.00]",score_hybrid,top25,population_final,retention,FINAL,21,21,0.25,0.546666666666667,0.217399179829361,0.624761904761905,0.869596719317445,0.507799720402171,0.546666666666667
WFG3,10,24,41024,"S4_(0.75,1.00]",score_v,top25,population_final,retention,FINAL,21,21,0.25,0.531428571428571,0.210522929166359,0.624761904761905,0.842091716665434,0.345780747088253,0.531428571428571
WFG3,10,25,41025,"S1_[0,0.25]",anchor_margin,top25,population_final,retention,FINAL,5,5,0.25,0.112,0.121739130434783,0.23,0.48695652173913,0.490796160361378,0.112
WFG3,10,25,41025,"S1_[0,0.25]",score_hybrid,top25,population_final,retention,FINAL,5,5,0.25,0.024,0.0260869565217391,0.23,0.104347826086957,0.434556747600226,0.024
WFG3,10,25,41025,"S1_[0,0.25]",score_v,top25,population_final,retention,FINAL,5,5,0.25,0.048,0.0521739130434783,0.23,0.208695652173913,0.250028232636928,0.048
WFG3,10,25,41025,"S2_(0.25,0.50]",anchor_margin,top25,population_final,retention,FINAL,21,21,0.25,0.192380952380952,0.173055982891113,0.273333333333333,0.69222393156445,0.538351954252543,0.192380952380952
WFG3,10,25,41025,"S2_(0.25,0.50]",score_hybrid,top25,population_final,retention,FINAL,21,21,0.25,0.139047619047619,0.119504278485828,0.273333333333333,0.478017113943311,0.464594951656342,0.139047619047619
WFG3,10,25,41025,"S2_(0.25,0.50]",score_v,top25,population_final,retention,FINAL,21,21,0.25,0.11047619047619,0.0946297913442598,0.273333333333333,0.378519165377039,0.254003661063535,0.11047619047619
WFG3,10,25,41025,"S3_(0.50,0.75]",anchor_margin,top25,population_final,retention,FINAL,20,20,0.25,0.392,0.220756194537871,0.45,0.883024778151483,0.535750209391463,0.392
WFG3,10,25,41025,"S3_(0.50,0.75]",score_hybrid,top25,population_final,retention,FINAL,20,20,0.25,0.416,0.231001502245505,0.45,0.92400600898202,0.509361629848969,0.416
WFG3,10,25,41025,"S3_(0.50,0.75]",score_v,top25,population_final,retention,FINAL,20,20,0.25,0.334,0.184923542673229,0.45,0.739694170692917,0.409583630371519,0.334
WFG3,10,25,41025,"S4_(0.75,1.00]",anchor_margin,top25,population_final,retention,FINAL,21,21,0.25,0.617142857142857,0.227285231628693,0.667619047619048,0.909140926514773,0.508308006983738,0.617142857142857
WFG3,10,25,41025,"S4_(0.75,1.00]",score_hybrid,top25,population_final,retention,FINAL,21,21,0.25,0.64952380952381,0.242947753586883,0.667619047619048,0.971791014347534,0.504122431503346,0.64952380952381
WFG3,10,25,41025,"S4_(0.75,1.00]",score_v,top25,population_final,retention,FINAL,21,21,0.25,0.567619047619048,0.206886637460801,0.667619047619048,0.827546549843205,0.437777851149747,0.567619047619048
WFG3,20,1,42001,"S1_[0,0.25]",anchor_margin,top25,population_final,retention,FINAL,5,5,0.25,0.04,0.0945454545454546,0.104,0.378181818181818,0.542347633639768,0.04
WFG3,20,1,42001,"S1_[0,0.25]",score_hybrid,top25,population_final,retention,FINAL,5,5,0.25,0.072,0.174545454545455,0.104,0.698181818181818,0.563457496311429,0.072
WFG3,20,1,42001,"S1_[0,0.25]",score_v,top25,population_final,retention,FINAL,5,5,0.25,0.056,0.136363636363636,0.104,0.545454545454545,0.335144024514811,0.056
WFG3,20,1,42001,"S2_(0.25,0.50]",anchor_margin,top25,population_final,retention,FINAL,21,21,0.25,0.0514285714285714,0.0788684129849543,0.171904761904762,0.315473651939817,0.519523151345877,0.0514285714285714
WFG3,20,1,42001,"S2_(0.25,0.50]",score_hybrid,top25,population_final,retention,FINAL,21,21,0.25,0.08,0.125890740360338,0.171904761904762,0.503562961441353,0.436403880933849,0.08
WFG3,20,1,42001,"S2_(0.25,0.50]",score_v,top25,population_final,retention,FINAL,21,21,0.25,0.0590476190476191,0.0963431610947139,0.171904761904762,0.385372644378856,0.349783008460253,0.0590476190476191
WFG3,20,1,42001,"S3_(0.50,0.75]",anchor_margin,top25,population_final,retention,FINAL,20,20,0.25,0.164,0.110327476326648,0.3575,0.441309905306591,0.459246328449989,0.164
WFG3,20,1,42001,"S3_(0.50,0.75]",score_hybrid,top25,population_final,retention,FINAL,20,20,0.25,0.258,0.171335897647329,0.3575,0.685343590589315,0.444957256237801,0.258
WFG3,20,1,42001,"S3_(0.50,0.75]",score_v,top25,population_final,retention,FINAL,20,20,0.25,0.28,0.188563018383617,0.3575,0.754252073534467,0.400170669327376,0.28
WFG3,20,1,42001,"S4_(0.75,1.00]",anchor_margin,top25,population_final,retention,FINAL,21,21,0.25,0.540952380952381,0.202376834478601,0.651904761904762,0.809507337914405,0.490239273403771,0.540952380952381
WFG3,20,1,42001,"S4_(0.75,1.00]",score_hybrid,top25,population_final,retention,FINAL,21,21,0.25,0.531428571428571,0.199499256277125,0.651904761904762,0.797997025108501,0.427723687659802,0.531428571428571
WFG3,20,1,42001,"S4_(0.75,1.00]",score_v,top25,population_final,retention,FINAL,21,21,0.25,0.565714285714286,0.215101203332669,0.651904761904762,0.860404813330678,0.407567570346219,0.565714285714286
WFG3,20,2,42002,"S1_[0,0.25]",anchor_margin,top25,population_final,retention,FINAL,5,5,0.25,0.064,0.123076923076923,0.13,0.492307692307692,0.568788682581786,0.064
WFG3,20,2,42002,"S1_[0,0.25]",score_hybrid,top25,population_final,retention,FINAL,5,5,0.25,0.016,0.0307692307692308,0.13,0.123076923076923,0.504332449160035,0.016
WFG3,20,2,42002,"S1_[0,0.25]",score_v,top25,population_final,retention,FINAL,5,5,0.25,0.0,0.0,0.13,0.0,0.228647214854111,0.0
WFG3,20,2,42002,"S2_(0.25,0.50]",anchor_margin,top25,population_final,retention,FINAL,21,21,0.25,0.102857142857143,0.116593079685636,0.2,0.466372318742545,0.536225960255784,0.102857142857143
WFG3,20,2,42002,"S2_(0.25,0.50]",score_hybrid,top25,population_final,retention,FINAL,21,21,0.25,0.08,0.0894425865055977,0.2,0.357770346022391,0.427746631115123,0.08
WFG3,20,2,42002,"S2_(0.25,0.50]",score_v,top25,population_final,retention,FINAL,21,21,0.25,0.0971428571428571,0.106352290294353,0.2,0.42540916117741,0.255658411423689,0.0971428571428571
WFG3,20,2,42002,"S3_(0.50,0.75]",anchor_margin,top25,population_final,retention,FINAL,20,20,0.25,0.2,0.106172705476761,0.4425,0.424690821907045,0.41029809265786,0.2
WFG3,20,2,42002,"S3_(0.50,0.75]",score_hybrid,top25,population_final,retention,FINAL,20,20,0.25,0.196,0.107293264051764,0.4425,0.429173056207057,0.346272299820044,0.196
WFG3,20,2,42002,"S3_(0.50,0.75]",score_v,top25,population_final,retention,FINAL,20,20,0.25,0.29,0.164833846088001,0.4425,0.659335384352003,0.308785244242057,0.29
WFG3,20,2,42002,"S4_(0.75,1.00]",anchor_margin,top25,population_final,retention,FINAL,21,21,0.25,0.653333333333333,0.217978617653655,0.736666666666667,0.871914470614621,0.44260401550277,0.653333333333333
WFG3,20,2,42002,"S4_(0.75,1.00]",score_hybrid,top25,population_final,retention,FINAL,21,21,0.25,0.582857142857143,0.190617298652146,0.736666666666667,0.762469194608586,0.384642780156961,0.582857142857143
WFG3,20,2,42002,"S4_(0.75,1.00]",score_v,top25,population_final,retention,FINAL,21,21,0.25,0.613333333333333,0.203046442962783,0.736666666666667,0.81218577185113,0.344127072593034,0.613333333333333
WFG3,20,3,42003,"S1_[0,0.25]",anchor_margin,top25,population_final,retention,FINAL,5,5,0.25,0.08,0.106432748538012,0.188,0.425730994152047,0.501791232824609,0.08
WFG3,20,3,42003,"S1_[0,0.25]",score_hybrid,top25,population_final,retention,FINAL,5,5,0.25,0.184,0.243859649122807,0.188,0.975438596491228,0.575219892549803,0.184
WFG3,20,3,42003,"S1_[0,0.25]",score_v,top25,population_final,retention,FINAL,5,5,0.25,0.152,0.201754385964912,0.188,0.807017543859649,0.416920236453826,0.152
WFG3,20,3,42003,"S2_(0.25,0.50]",anchor_margin,top25,population_final,retention,FINAL,21,21,0.25,0.146666666666667,0.159032463551754,0.23952380952381,0.636129854207016,0.527339695079373,0.146666666666667
WFG3,20,3,42003,"S2_(0.25,0.50]",score_hybrid,top25,population_final,retention,FINAL,21,21,0.25,0.133333333333333,0.144062792111559,0.23952380952381,0.576251168446234,0.463743527548693,0.133333333333333
WFG3,20,3,42003,"S2_(0.25,0.50]",score_v,top25,population_final,retention,FINAL,21,21,0.25,0.161904761904762,0.153765823758324,0.23952380952381,0.615063295033297,0.354825478614214,0.161904761904762
WFG3,20,3,42003,"S3_(0.50,0.75]",anchor_margin,top25,population_final,retention,FINAL,20,20,0.25,0.234,0.124610224379521,0.4685,0.498440897518083,0.424336088016278,0.234
WFG3,20,3,42003,"S3_(0.50,0.75]",score_hybrid,top25,population_final,retention,FINAL,20,20,0.25,0.318,0.171042495484077,0.4685,0.684169981936309,0.418823471923487,0.318
WFG3,20,3,42003,"S3_(0.50,0.75]",score_v,top25,population_final,retention,FINAL,20,20,0.25,0.372,0.199884858959551,0.4685,0.799539435838206,0.409933727971858,0.372
WFG3,20,3,42003,"S4_(0.75,1.00]",anchor_margin,top25,population_final,retention,FINAL,21,21,0.25,0.56,0.193541207917139,0.708571428571428,0.774164831668558,0.396136877443438,0.56
WFG3,20,3,42003,"S4_(0.75,1.00]",score_hybrid,top25,population_final,retention,FINAL,21,21,0.25,0.539047619047619,0.188628610457457,0.708571428571428,0.75451444182983,0.340391749354524,0.539047619047619
WFG3,20,3,42003,"S4_(0.75,1.00]",score_v,top25,population_final,retention,FINAL,21,21,0.25,0.493333333333333,0.170537849480958,0.708571428571428,0.682151397923832,0.323534517126966,0.493333333333333
WFG3,20,4,42004,"S1_[0,0.25]",anchor_margin,top25,population_final,retention,FINAL,5,5,0.25,0.104,0.144272445820433,0.178,0.577089783281734,0.583425273160064,0.104
WFG3,20,4,42004,"S1_[0,0.25]",score_hybrid,top25,population_final,retention,FINAL,5,5,0.25,0.152,0.212383900928793,0.178,0.84953560371517,0.584262425231254,0.152
WFG3,20,4,42004,"S1_[0,0.25]",score_v,top25,population_final,retention,FINAL,5,5,0.25,0.096,0.13374613003096,0.178,0.534984520123839,0.377395282310298,0.096
WFG3,20,4,42004,"S2_(0.25,0.50]",anchor_margin,top25,population_final,retention,FINAL,21,21,0.25,0.123809523809524,0.0981403279554892,0.326190476190476,0.392561311821957,0.417740617225999,0.123809523809524
WFG3,20,4,42004,"S2_(0.25,0.50]",score_hybrid,top25,population_final,retention,FINAL,21,21,0.25,0.0780952380952381,0.0667860307834145,0.326190476190476,0.267144123133658,0.355406678288746,0.0780952380952381
WFG3,20,4,42004,"S2_(0.25,0.50]",score_v,top25,population_final,retention,FINAL,21,21,0.25,0.0666666666666667,0.0542471135440941,0.326190476190476,0.216988454176376,0.30222586337005,0.0666666666666667
WFG3,20,4,42004,"S3_(0.50,0.75]",anchor_margin,top25,population_final,retention,FINAL,20,20,0.25,0.33,0.16605798212548,0.4925,0.664231928501921,0.418060832027715,0.33
WFG3,20,4,42004,"S3_(0.50,0.75]",score_hybrid,top25,population_final,retention,FINAL,20,20,0.25,0.192,0.0958002409845052,0.4925,0.383200963938021,0.309155474184882,0.192
WFG3,20,4,42004,"S3_(0.50,0.75]",score_v,top25,population_final,retention,FINAL,20,20,0.25,0.228,0.113013536449404,0.4925,0.452054145797617,0.289459999032716,0.228
WFG3,20,4,42004,"S4_(0.75,1.00]",anchor_margin,top25,population_final,retention,FINAL,21,21,0.25,0.674285714285714,0.209863511353106,0.785714285714286,0.839454045412425,0.409893676496405,0.674285714285714
WFG3,20,4,42004,"S4_(0.75,1.00]",score_hybrid,top25,population_final,retention,FINAL,21,21,0.25,0.662857142857143,0.203194747727285,0.785714285714286,0.81277899090914,0.397807704571286,0.662857142857143
WFG3,20,4,42004,"S4_(0.75,1.00]",score_v,top25,population_final,retention,FINAL,21,21,0.25,0.643809523809524,0.19722385201513,0.785714285714286,0.788895408060519,0.363009112662026,0.643809523809524
WFG3,20,5,42005,"S1_[0,0.25]",anchor_margin,top25,population_final,retention,FINAL,5,5,0.25,0.04,0.06,0.16,0.24,0.579284497146885,0.04
WFG3,20,5,42005,"S1_[0,0.25]",score_hybrid,top25,population_final,retention,FINAL,5,5,0.25,0.216,0.341045751633987,0.16,1.36418300653595,0.645674228237676,0.216
WFG3,20,5,42005,"S1_[0,0.25]",score_v,top25,population_final,retention,FINAL,5,5,0.25,0.12,0.196209150326797,0.16,0.78483660130719,0.472891059215341,0.12
WFG3,20,5,42005,"S2_(0.25,0.50]",anchor_margin,top25,population_final,retention,FINAL,21,21,0.25,0.177142857142857,0.162753821067106,0.253809523809524,0.651015284268422,0.518976845965113,0.177142857142857
WFG3,20,5,42005,"S2_(0.25,0.50]",score_hybrid,top25,population_final,retention,FINAL,21,21,0.25,0.171428571428571,0.161748268523701,0.253809523809524,0.646993074094804,0.50201703556365,0.171428571428571
WFG3,20,5,42005,"S2_(0.25,0.50]",score_v,top25,population_final,retention,FINAL,21,21,0.25,0.146666666666667,0.139722986507957,0.253809523809524,0.558891946031829,0.413263401743178,0.146666666666667
WFG3,20,5,42005,"S3_(0.50,0.75]",anchor_margin,top25,population_final,retention,FINAL,20,20,0.25,0.274,0.14594008352203,0.4715,0.583760334088122,0.483633593682758,0.274
WFG3,20,5,42005,"S3_(0.50,0.75]",score_hybrid,top25,population_final,retention,FINAL,20,20,0.25,0.296,0.156803188064789,0.4715,0.627212752259155,0.388902395544577,0.296
WFG3,20,5,42005,"S3_(0.50,0.75]",score_v,top25,population_final,retention,FINAL,20,20,0.25,0.324,0.171070557870546,0.4715,0.684282231482184,0.393538771651867,0.324
WFG3,20,5,42005,"S4_(0.75,1.00]",anchor_margin,top25,population_final,retention,FINAL,21,21,0.25,0.594285714285714,0.191734957308517,0.750952380952381,0.76693982923407,0.416643935862128,0.594285714285714
WFG3,20,5,42005,"S4_(0.75,1.00]",score_hybrid,top25,population_final,retention,FINAL,21,21,0.25,0.643809523809524,0.209536301376396,0.750952380952381,0.838145205505583,0.364566401945591,0.643809523809524
WFG3,20,5,42005,"S4_(0.75,1.00]",score_v,top25,population_final,retention,FINAL,21,21,0.25,0.651428571428571,0.212266316675998,0.750952380952381,0.849065266703993,0.388577321526963,0.651428571428571
WFG3,20,6,42006,"S1_[0,0.25]",anchor_margin,top25,population_final,retention,FINAL,5,5,0.25,0.096,0.233333333333333,0.104,0.933333333333333,0.618306818181818,0.096
WFG3,20,6,42006,"S1_[0,0.25]",score_hybrid,top25,population_final,retention,FINAL,5,5,0.25,0.088,0.21,0.104,0.84,0.669861111111111,0.088
WFG3,20,6,42006,"S1_[0,0.25]",score_v,top25,population_final,retention,FINAL,5,5,0.25,0.048,0.113333333333333,0.104,0.453333333333333,0.475159090909091,0.048
WFG3,20,6,42006,"S2_(0.25,0.50]",anchor_margin,top25,population_final,retention,FINAL,21,21,0.25,0.0628571428571429,0.0998281480424337,0.155238095238095,0.399312592169735,0.503899508091627,0.0628571428571429
WFG3,20,6,42006,"S2_(0.25,0.50]",score_hybrid,top25,population_final,retention,FINAL,21,21,0.25,0.0971428571428572,0.166036344607773,0.155238095238095,0.664145378431093,0.474810977892761,0.0971428571428572
WFG3,20,6,42006,"S2_(0.25,0.50]",score_v,top25,population_final,retention,FINAL,21,21,0.25,0.0628571428571428,0.0928522535665393,0.155238095238095,0.371409014266157,0.380676696278405,0.0628571428571428
WFG3,20,6,42006,"S3_(0.50,0.75]",anchor_margin,top25,population_final,retention,FINAL,20,20,0.25,0.236,0.143871858034439,0.3905,0.575487432137756,0.479828112143715,0.236
WFG3,20,6,42006,"S3_(0.50,0.75]",score_hybrid,top25,population_final,retention,FINAL,20,20,0.25,0.24,0.147585934361355,0.3905,0.590343737445418,0.412577758086517,0.24
WFG3,20,6,42006,"S3_(0.50,0.75]",score_v,top25,population_final,retention,FINAL,20,20,0.25,0.214,0.130634728071795,0.3905,0.522538912287182,0.296252148747221,0.214
WFG3,20,6,42006,"S4_(0.75,1.00]",anchor_margin,top25,population_final,retention,FINAL,21,21,0.25,0.632380952380952,0.210801752408819,0.748571428571429,0.843207009635276,0.395371894569327,0.632380952380952
WFG3,20,6,42006,"S4_(0.75,1.00]",score_hybrid,top25,population_final,retention,FINAL,21,21,0.25,0.56,0.185665524820046,0.748571428571429,0.742662099280183,0.344496267532119,0.56
WFG3,20,6,42006,"S4_(0.75,1.00]",score_v,top25,population_final,retention,FINAL,21,21,0.25,0.546666666666667,0.180707581871888,0.748571428571429,0.722830327487554,0.273446374999083,0.546666666666667
WFG3,20,7,42007,"S1_[0,0.25]",anchor_margin,top25,population_final,retention,FINAL,5,5,0.25,0.112,0.215934065934066,0.13,0.863736263736264,0.626208070865248,0.112
WFG3,20,7,42007,"S1_[0,0.25]",score_hybrid,top25,population_final,retention,FINAL,5,5,0.25,0.112,0.217216117216117,0.13,0.868864468864469,0.518986927266799,0.112
WFG3,20,7,42007,"S1_[0,0.25]",score_v,top25,population_final,retention,FINAL,5,5,0.25,0.096,0.183882783882784,0.13,0.735531135531136,0.398608952528359,0.096
WFG3,20,7,42007,"S2_(0.25,0.50]",anchor_margin,top25,population_final,retention,FINAL,21,21,0.25,0.175238095238095,0.193015976026572,0.215238095238095,0.772063904106286,0.577218412142737,0.175238095238095
WFG3,20,7,42007,"S2_(0.25,0.50]",score_hybrid,top25,population_final,retention,FINAL,21,21,0.25,0.171428571428571,0.188576949647465,0.215238095238095,0.754307798589859,0.409350030714035,0.171428571428571
WFG3,20,7,42007,"S2_(0.25,0.50]",score_v,top25,population_final,retention,FINAL,21,21,0.25,0.203809523809524,0.234079566986643,0.215238095238095,0.936318267946571,0.40807257629061,0.203809523809524
WFG3,20,7,42007,"S3_(0.50,0.75]",anchor_margin,top25,population_final,retention,FINAL,20,20,0.25,0.254,0.157136993148678,0.392,0.628547972594711,0.489256790373943,0.254
WFG3,20,7,42007,"S3_(0.50,0.75]",score_hybrid,top25,population_final,retention,FINAL,20,20,0.25,0.32,0.201991483432144,0.392,0.807965933728577,0.505087613036001,0.32
WFG3,20,7,42007,"S3_(0.50,0.75]",score_v,top25,population_final,retention,FINAL,20,20,0.25,0.29,0.186023727530586,0.392,0.744094910122345,0.412114261737276,0.29
WFG3,20,7,42007,"S4_(0.75,1.00]",anchor_margin,top25,population_final,retention,FINAL,21,21,0.25,0.521904761904762,0.185529628756757,0.675238095238095,0.742118515027026,0.480334201000943,0.521904761904762
WFG3,20,7,42007,"S4_(0.75,1.00]",score_hybrid,top25,population_final,retention,FINAL,21,21,0.25,0.596190476190476,0.216269154123556,0.675238095238095,0.865076616494224,0.508429782476754,0.596190476190476
WFG3,20,7,42007,"S4_(0.75,1.00]",score_v,top25,population_final,retention,FINAL,21,21,0.25,0.56952380952381,0.20640706132948,0.675238095238095,0.825628245317918,0.429459998808111,0.56952380952381
WFG3,20,8,42008,"S1_[0,0.25]",anchor_margin,top25,population_final,retention,FINAL,5,5,0.25,0.072,0.125,0.144,0.5,0.603827519379845,0.072
WFG3,20,8,42008,"S1_[0,0.25]",score_hybrid,top25,population_final,retention,FINAL,5,5,0.25,0.136,0.233928571428571,0.144,0.935714285714286,0.607540836101883,0.136
WFG3,20,8,42008,"S1_[0,0.25]",score_v,top25,population_final,retention,FINAL,5,5,0.25,0.096,0.167857142857143,0.144,0.671428571428571,0.393268964562569,0.096
WFG3,20,8,42008,"S2_(0.25,0.50]",anchor_margin,top25,population_final,retention,FINAL,21,21,0.25,0.08,0.0969402171353357,0.209047619047619,0.387760868541343,0.465132209405648,0.08
WFG3,20,8,42008,"S2_(0.25,0.50]",score_hybrid,top25,population_final,retention,FINAL,21,21,0.25,0.0666666666666667,0.0826678229091684,0.209047619047619,0.330671291636674,0.364504021639311,0.0666666666666667
WFG3,20,8,42008,"S2_(0.25,0.50]",score_v,top25,population_final,retention,FINAL,21,21,0.25,0.0609523809523809,0.0703312497936098,0.209047619047619,0.281324999174439,0.289609278216129,0.0609523809523809
WFG3,20,8,42008,"S3_(0.50,0.75]",anchor_margin,top25,population_final,retention,FINAL,20,20,0.25,0.29,0.185143285086749,0.3895,0.740573140346998,0.483783748589731,0.29
WFG3,20,8,42008,"S3_(0.50,0.75]",score_hybrid,top25,population_final,retention,FINAL,20,20,0.25,0.228,0.143886905975092,0.3895,0.575547623900369,0.41187565734747,0.228
WFG3,20,8,42008,"S3_(0.50,0.75]",score_v,top25,population_final,retention,FINAL,20,20,0.25,0.254,0.161182874220075,0.3895,0.644731496880298,0.346962422337117,0.254
WFG3,20,8,42008,"S4_(0.75,1.00]",anchor_margin,top25,population_final,retention,FINAL,21,21,0.25,0.577142857142857,0.211268905766399,0.648571428571429,0.845075623065598,0.466453029832685,0.577142857142857
WFG3,20,8,42008,"S4_(0.75,1.00]",score_hybrid,top25,population_final,retention,FINAL,21,21,0.25,0.567619047619048,0.207105181899947,0.648571428571429,0.828420727599789,0.393546214359988,0.567619047619048
WFG3,20,8,42008,"S4_(0.75,1.00]",score_v,top25,population_final,retention,FINAL,21,21,0.25,0.510476190476191,0.178325272907849,0.648571428571429,0.713301091631395,0.337733880183305,0.510476190476191
WFG3,20,9,42009,"S1_[0,0.25]",anchor_margin,top25,population_final,retention,FINAL,5,5,0.25,0.072,0.125714285714286,0.142,0.502857142857143,0.55675643280568,0.072
WFG3,20,9,42009,"S1_[0,0.25]",score_hybrid,top25,population_final,retention,FINAL,5,5,0.25,0.064,0.111428571428571,0.142,0.445714285714286,0.438992769200704,0.064
WFG3,20,9,42009,"S1_[0,0.25]",score_v,top25,population_final,retention,FINAL,5,5,0.25,0.056,0.0971428571428571,0.142,0.388571428571429,0.234579506221093,0.056
WFG3,20,9,42009,"S2_(0.25,0.50]",anchor_margin,top25,population_final,retention,FINAL,21,21,0.25,0.163809523809524,0.197099461860916,0.216666666666667,0.788397847443663,0.576066912628638,0.163809523809524
WFG3,20,9,42009,"S2_(0.25,0.50]",score_hybrid,top25,population_final,retention,FINAL,21,21,0.25,0.0723809523809524,0.0872458461123585,0.216666666666667,0.348983384449434,0.322059994381844,0.0723809523809524
WFG3,20,9,42009,"S2_(0.25,0.50]",score_v,top25,population_final,retention,FINAL,21,21,0.25,0.099047619047619,0.107109888550086,0.216666666666667,0.428439554200346,0.261263379305177,0.099047619047619
WFG3,20,9,42009,"S3_(0.50,0.75]",anchor_margin,top25,population_final,retention,FINAL,20,20,0.25,0.286,0.188313361785944,0.3915,0.753253447143774,0.531731991414638,0.286
WFG3,20,9,42009,"S3_(0.50,0.75]",score_hybrid,top25,population_final,retention,FINAL,20,20,0.25,0.276,0.171478493472479,0.3915,0.685913973889916,0.459298446300694,0.276
WFG3,20,9,42009,"S3_(0.50,0.75]",score_v,top25,population_final,retention,FINAL,20,20,0.25,0.268,0.172771624509706,0.3915,0.691086498038824,0.378047203198904,0.268
WFG3,20,9,42009,"S4_(0.75,1.00]",anchor_margin,top25,population_final,retention,FINAL,21,21,0.25,0.474285714285714,0.172834759175785,0.665714285714286,0.69133903670314,0.482317874851641,0.474285714285714
WFG3,20,9,42009,"S4_(0.75,1.00]",score_hybrid,top25,population_final,retention,FINAL,21,21,0.25,0.63047619047619,0.237257401026166,0.665714285714286,0.949029604104663,0.491474999328293,0.63047619047619
WFG3,20,9,42009,"S4_(0.75,1.00]",score_v,top25,population_final,retention,FINAL,21,21,0.25,0.592380952380952,0.22055279050093,0.665714285714286,0.882211162003721,0.448186411547176,0.592380952380952
WFG3,20,10,42010,"S1_[0,0.25]",anchor_margin,top25,population_final,retention,FINAL,5,5,0.25,0.088,0.0960474308300395,0.228,0.384189723320158,0.506446452098626,0.088
WFG3,20,10,42010,"S1_[0,0.25]",score_hybrid,top25,population_final,retention,FINAL,5,5,0.25,0.048,0.0525691699604743,0.228,0.210276679841897,0.431511966294575,0.048
WFG3,20,10,42010,"S1_[0,0.25]",score_v,top25,population_final,retention,FINAL,5,5,0.25,0.032,0.0347826086956522,0.228,0.139130434782609,0.301019994498255,0.032
WFG3,20,10,42010,"S2_(0.25,0.50]",anchor_margin,top25,population_final,retention,FINAL,21,21,0.25,0.144761904761905,0.130300435136232,0.276190476190476,0.521201740544926,0.503879911365738,0.144761904761905
WFG3,20,10,42010,"S2_(0.25,0.50]",score_hybrid,top25,population_final,retention,FINAL,21,21,0.25,0.0895238095238096,0.0821429607308096,0.276190476190476,0.328571842923239,0.386728588199865,0.0895238095238096
WFG3,20,10,42010,"S2_(0.25,0.50]",score_v,top25,population_final,retention,FINAL,21,21,0.25,0.0990476190476191,0.0909206028417851,0.276190476190476,0.36368241136714,0.265235101296563,0.0990476190476191
WFG3,20,10,42010,"S3_(0.50,0.75]",anchor_margin,top25,population_final,retention,FINAL,20,20,0.25,0.324,0.199116265753067,0.409,0.796465063012268,0.531582873868669,0.324
WFG3,20,10,42010,"S3_(0.50,0.75]",score_hybrid,top25,population_final,retention,FINAL,20,20,0.25,0.254,0.152703994045091,0.409,0.610815976180363,0.405726788308812,0.254
WFG3,20,10,42010,"S3_(0.50,0.75]",score_v,top25,population_final,retention,FINAL,20,20,0.25,0.22,0.129615699336381,0.409,0.518462797345525,0.339380989709321,0.22
WFG3,20,10,42010,"S4_(0.75,1.00]",anchor_margin,top25,population_final,retention,FINAL,21,21,0.25,0.575238095238095,0.204354736778098,0.699047619047619,0.817418947112393,0.468340333260288,0.575238095238095
WFG3,20,10,42010,"S4_(0.75,1.00]",score_hybrid,top25,population_final,retention,FINAL,21,21,0.25,0.613333333333333,0.217783585797482,0.699047619047619,0.871134343189926,0.356326243619777,0.613333333333333
WFG3,20,10,42010,"S4_(0.75,1.00]",score_v,top25,population_final,retention,FINAL,21,21,0.25,0.594285714285714,0.211679374402578,0.699047619047619,0.846717497610311,0.443332728116041,0.594285714285714
WFG3,20,11,42011,"S1_[0,0.25]",anchor_margin,top25,population_final,retention,FINAL,5,5,0.25,0.072,0.0960877684407096,0.194,0.384351073762838,0.569684301578249,0.072
WFG3,20,11,42011,"S1_[0,0.25]",score_hybrid,top25,population_final,retention,FINAL,5,5,0.25,0.12,0.150177404295051,0.194,0.600709617180205,0.557196054167193,0.12
WFG3,20,11,42011,"S1_[0,0.25]",score_v,top25,population_final,retention,FINAL,5,5,0.25,0.104,0.12906629318394,0.194,0.516265172735761,0.339215713374937,0.104
WFG3,20,11,42011,"S2_(0.25,0.50]",anchor_margin,top25,population_final,retention,FINAL,21,21,0.25,0.0914285714285714,0.0692490313836307,0.308571428571429,0.276996125534523,0.464108357309202,0.0914285714285714
WFG3,20,11,42011,"S2_(0.25,0.50]",score_hybrid,top25,population_final,retention,FINAL,21,21,0.25,0.203809523809524,0.168948818854242,0.308571428571429,0.675795275416967,0.476601081877692,0.203809523809524
WFG3,20,11,42011,"S2_(0.25,0.50]",score_v,top25,population_final,retention,FINAL,21,21,0.25,0.165714285714286,0.137800211889265,0.308571428571429,0.55120084755706,0.365301135757367,0.165714285714286
WFG3,20,11,42011,"S3_(0.50,0.75]",anchor_margin,top25,population_final,retention,FINAL,20,20,0.25,0.334,0.163649350208071,0.5005,0.654597400832285,0.497354498490403,0.334
WFG3,20,11,42011,"S3_(0.50,0.75]",score_hybrid,top25,population_final,retention,FINAL,20,20,0.25,0.346,0.170422826588022,0.5005,0.68169130635209,0.408735675848285,0.346
WFG3,20,11,42011,"S3_(0.50,0.75]",score_v,top25,population_final,retention,FINAL,20,20,0.25,0.336,0.159848136134677,0.5005,0.639392544538708,0.409050483151795,0.336
WFG3,20,11,42011,"S4_(0.75,1.00]",anchor_margin,top25,population_final,retention,FINAL,21,21,0.25,0.636190476190476,0.197153297997344,0.796666666666667,0.788613191989377,0.407561823704812,0.636190476190476
WFG3,20,11,42011,"S4_(0.75,1.00]",score_hybrid,top25,population_final,retention,FINAL,21,21,0.25,0.687619047619048,0.21541741586878,0.796666666666667,0.861669663475121,0.359121903873956,0.687619047619048
WFG3,20,11,42011,"S4_(0.75,1.00]",score_v,top25,population_final,retention,FINAL,21,21,0.25,0.708571428571429,0.220514696433879,0.796666666666667,0.882058785735515,0.402629020616761,0.708571428571429
WFG3,20,12,42012,"S1_[0,0.25]",anchor_margin,top25,population_final,retention,FINAL,5,5,0.25,0.04,0.0695238095238095,0.144,0.278095238095238,0.51941033157449,0.04
WFG3,20,12,42012,"S1_[0,0.25]",score_hybrid,top25,population_final,retention,FINAL,5,5,0.25,0.12,0.20952380952381,0.144,0.838095238095238,0.540400495081754,0.12
WFG3,20,12,42012,"S1_[0,0.25]",score_v,top25,population_final,retention,FINAL,5,5,0.25,0.112,0.193333333333333,0.144,0.773333333333333,0.386430851410332,0.112
WFG3,20,12,42012,"S2_(0.25,0.50]",anchor_margin,top25,population_final,retention,FINAL,21,21,0.25,0.0704761904761905,0.0668885283603397,0.229047619047619,0.267554113441359,0.459557491840009,0.0704761904761905
WFG3,20,12,42012,"S2_(0.25,0.50]",score_hybrid,top25,population_final,retention,FINAL,21,21,0.25,0.118095238095238,0.127211882875884,0.229047619047619,0.508847531503535,0.415777145560637,0.118095238095238
WFG3,20,12,42012,"S2_(0.25,0.50]",score_v,top25,population_final,retention,FINAL,21,21,0.25,0.146666666666667,0.153985509852954,0.229047619047619,0.615942039411817,0.387383445862694,0.146666666666667
WFG3,20,12,42012,"S3_(0.50,0.75]",anchor_margin,top25,population_final,retention,FINAL,20,20,0.25,0.156,0.0984277645232358,0.3955,0.393711058092943,0.42751838607204,0.156
WFG3,20,12,42012,"S3_(0.50,0.75]",score_hybrid,top25,population_final,retention,FINAL,20,20,0.25,0.292,0.185361867627779,0.3955,0.741447470511118,0.47858630511672,0.292
WFG3,20,12,42012,"S3_(0.50,0.75]",score_v,top25,population_final,retention,FINAL,20,20,0.25,0.246,0.156091001387819,0.3955,0.624364005551276,0.420348256663516,0.246
WFG3,20,12,42012,"S4_(0.75,1.00]",anchor_margin,top25,population_final,retention,FINAL,21,21,0.25,0.455238095238095,0.177812178367175,0.607619047619048,0.7112487134687,0.481141858172288,0.455238095238095
WFG3,20,12,42012,"S4_(0.75,1.00]",score_hybrid,top25,population_final,retention,FINAL,21,21,0.25,0.487619047619048,0.192629697635983,0.607619047619048,0.770518790543932,0.435046220816353,0.487619047619048
WFG3,20,12,42012,"S4_(0.75,1.00]",score_v,top25,population_final,retention,FINAL,21,21,0.25,0.386666666666667,0.147790501106079,0.607619047619048,0.591162004424316,0.383180696535968,0.386666666666667
WFG3,20,13,42013,"S1_[0,0.25]",anchor_margin,top25,population_final,retention,FINAL,5,5,0.25,0.04,0.0631787330316742,0.154,0.252714932126697,0.471635570661811,0.04
WFG3,20,13,42013,"S1_[0,0.25]",score_hybrid,top25,population_final,retention,FINAL,5,5,0.25,0.144,0.235649644473174,0.154,0.942598577892696,0.538230205022278,0.144
WFG3,20,13,42013,"S1_[0,0.25]",score_v,top25,population_final,retention,FINAL,5,5,0.25,0.12,0.199620232708468,0.154,0.798480930833872,0.430183819732686,0.12
WFG3,20,13,42013,"S2_(0.25,0.50]",anchor_margin,top25,population_final,retention,FINAL,21,21,0.25,0.148571428571429,0.182268025991946,0.19952380952381,0.729072103967783,0.509600457334237,0.148571428571429
WFG3,20,13,42013,"S2_(0.25,0.50]",score_hybrid,top25,population_final,retention,FINAL,21,21,0.25,0.116190476190476,0.145267582957716,0.19952380952381,0.581070331830865,0.448571397765782,0.116190476190476
WFG3,20,13,42013,"S2_(0.25,0.50]",score_v,top25,population_final,retention,FINAL,21,21,0.25,0.11047619047619,0.135293611629592,0.19952380952381,0.541174446518369,0.335692688482548,0.11047619047619
WFG3,20,13,42013,"S3_(0.50,0.75]",anchor_margin,top25,population_final,retention,FINAL,20,20,0.25,0.256,0.193577700237183,0.317,0.774310800948732,0.501320208820063,0.256
WFG3,20,13,42013,"S3_(0.50,0.75]",score_hybrid,top25,population_final,retention,FINAL,20,20,0.25,0.258,0.198858385787265,0.317,0.79543354314906,0.501786659838112,0.258
WFG3,20,13,42013,"S3_(0.50,0.75]",score_v,top25,population_final,retention,FINAL,20,20,0.25,0.214,0.16422459405218,0.317,0.656898376208721,0.395920687589634,0.214
WFG3,20,13,42013,"S4_(0.75,1.00]",anchor_margin,top25,population_final,retention,FINAL,21,21,0.25,0.491428571428571,0.201022544091795,0.596190476190476,0.80409017636718,0.472120790069526,0.491428571428571
WFG3,20,13,42013,"S4_(0.75,1.00]",score_hybrid,top25,population_final,retention,FINAL,21,21,0.25,0.506666666666667,0.209188590107903,0.596190476190476,0.836754360431613,0.469134735565293,0.506666666666667
WFG3,20,13,42013,"S4_(0.75,1.00]",score_v,top25,population_final,retention,FINAL,21,21,0.25,0.493333333333333,0.202957295029399,0.596190476190476,0.811829180117596,0.464608196920553,0.493333333333333
WFG3,20,14,42014,"S1_[0,0.25]",anchor_margin,top25,population_final,retention,FINAL,5,5,0.25,0.032,0.0470588235294118,0.156,0.188235294117647,0.479010208510415,0.032
WFG3,20,14,42014,"S1_[0,0.25]",score_hybrid,top25,population_final,retention,FINAL,5,5,0.25,0.144,0.234397759103641,0.156,0.937591036414566,0.567003000471693,0.144
WFG3,20,14,42014,"S1_[0,0.25]",score_v,top25,population_final,retention,FINAL,5,5,0.25,0.104,0.171484593837535,0.156,0.68593837535014,0.421579001564201,0.104
WFG3,20,14,42014,"S2_(0.25,0.50]",anchor_margin,top25,population_final,retention,FINAL,21,21,0.25,0.0609523809523809,0.0615913261422867,0.23,0.246365304569147,0.446169707146193,0.0609523809523809
WFG3,20,14,42014,"S2_(0.25,0.50]",score_hybrid,top25,population_final,retention,FINAL,21,21,0.25,0.0552380952380952,0.0567343448646161,0.23,0.226937379458464,0.352359730078666,0.0552380952380952
WFG3,20,14,42014,"S2_(0.25,0.50]",score_v,top25,population_final,retention,FINAL,21,21,0.25,0.0533333333333333,0.0520632921815587,0.23,0.208253168726235,0.293821938505359,0.0533333333333333
WFG3,20,14,42014,"S3_(0.50,0.75]",anchor_margin,top25,population_final,retention,FINAL,20,20,0.25,0.27,0.149747795103102,0.44,0.598991180412408,0.442087154346856,0.27
WFG3,20,14,42014,"S3_(0.50,0.75]",score_hybrid,top25,population_final,retention,FINAL,20,20,0.25,0.274,0.153513143032893,0.44,0.614052572131572,0.378463514871365,0.274
WFG3,20,14,42014,"S3_(0.50,0.75]",score_v,top25,population_final,retention,FINAL,20,20,0.25,0.332,0.182225588719382,0.44,0.728902354877527,0.384767209297599,0.332
WFG3,20,14,42014,"S4_(0.75,1.00]",anchor_margin,top25,population_final,retention,FINAL,21,21,0.25,0.659047619047619,0.234071711020398,0.703333333333333,0.93628684408159,0.489667622833044,0.659047619047619
WFG3,20,14,42014,"S4_(0.75,1.00]",score_hybrid,top25,population_final,retention,FINAL,21,21,0.25,0.659047619047619,0.233428679660901,0.703333333333333,0.933714718643605,0.413521081385726,0.659047619047619
WFG3,20,14,42014,"S4_(0.75,1.00]",score_v,top25,population_final,retention,FINAL,21,21,0.25,0.71047619047619,0.252802269452453,0.703333333333333,1.01120907780981,0.456607163490766,0.71047619047619
WFG3,20,15,42015,"S1_[0,0.25]",anchor_margin,top25,population_final,retention,FINAL,5,5,0.25,0.072,0.11406162464986,0.156,0.45624649859944,0.563773653142961,0.072
WFG3,20,15,42015,"S1_[0,0.25]",score_hybrid,top25,population_final,retention,FINAL,5,5,0.25,0.152,0.249299719887955,0.156,0.997198879551821,0.60767603225095,0.152
WFG3,20,15,42015,"S1_[0,0.25]",score_v,top25,population_final,retention,FINAL,5,5,0.25,0.128,0.209299719887955,0.156,0.837198879551821,0.460013923193262,0.128
WFG3,20,15,42015,"S2_(0.25,0.50]",anchor_margin,top25,population_final,retention,FINAL,21,21,0.25,0.0685714285714286,0.0759125611664888,0.22,0.303650244665955,0.460077473600908,0.0685714285714286
WFG3,20,15,42015,"S2_(0.25,0.50]",score_hybrid,top25,population_final,retention,FINAL,21,21,0.25,0.0780952380952381,0.0897672769996482,0.22,0.359069107998593,0.387249734530941,0.0780952380952381
WFG3,20,15,42015,"S2_(0.25,0.50]",score_v,top25,population_final,retention,FINAL,21,21,0.25,0.116190476190476,0.126147550086778,0.22,0.504590200347112,0.362363299787577,0.116190476190476
WFG3,20,15,42015,"S3_(0.50,0.75]",anchor_margin,top25,population_final,retention,FINAL,20,20,0.25,0.224,0.145945484965173,0.3815,0.583781939860693,0.48029833628343,0.224
WFG3,20,15,42015,"S3_(0.50,0.75]",score_hybrid,top25,population_final,retention,FINAL,20,20,0.25,0.25,0.158603973741076,0.3815,0.634415894964302,0.413195312508223,0.25
WFG3,20,15,42015,"S3_(0.50,0.75]",score_v,top25,population_final,retention,FINAL,20,20,0.25,0.27,0.176735187820882,0.3815,0.706940751283528,0.375623900940782,0.27
WFG3,20,15,42015,"S4_(0.75,1.00]",anchor_margin,top25,population_final,retention,FINAL,21,21,0.25,0.52,0.204896900521256,0.627619047619048,0.819587602085025,0.484603145709957,0.52
WFG3,20,15,42015,"S4_(0.75,1.00]",score_hybrid,top25,population_final,retention,FINAL,21,21,0.25,0.651428571428571,0.260925511276927,0.627619047619048,1.04370204510771,0.526964927228185,0.651428571428571
WFG3,20,15,42015,"S4_(0.75,1.00]",score_v,top25,population_final,retention,FINAL,21,21,0.25,0.609523809523809,0.240619779259908,0.627619047619048,0.962479117039631,0.480212936953642,0.609523809523809
WFG3,20,16,42016,"S1_[0,0.25]",anchor_margin,top25,population_final,retention,FINAL,5,5,0.25,0.056,0.111721611721612,0.128,0.446886446886447,0.596317813601795,0.056
WFG3,20,16,42016,"S1_[0,0.25]",score_hybrid,top25,population_final,retention,FINAL,5,5,0.25,0.072,0.139010989010989,0.128,0.556043956043956,0.590805096734327,0.072
WFG3,20,16,42016,"S1_[0,0.25]",score_v,top25,population_final,retention,FINAL,5,5,0.25,0.04,0.0794871794871795,0.128,0.317948717948718,0.343361319915049,0.04
WFG3,20,16,42016,"S2_(0.25,0.50]",anchor_margin,top25,population_final,retention,FINAL,21,21,0.25,0.0723809523809524,0.0732809972718961,0.212857142857143,0.293123989087584,0.436950389354542,0.0723809523809524
WFG3,20,16,42016,"S2_(0.25,0.50]",score_hybrid,top25,population_final,retention,FINAL,21,21,0.25,0.04,0.0382377155558883,0.212857142857143,0.152950862223553,0.308022353222911,0.04
WFG3,20,16,42016,"S2_(0.25,0.50]",score_v,top25,population_final,retention,FINAL,21,21,0.25,0.0647619047619048,0.0627069883814129,0.212857142857143,0.250827953525651,0.296439575562401,0.0647619047619048
WFG3,20,16,42016,"S3_(0.50,0.75]",anchor_margin,top25,population_final,retention,FINAL,20,20,0.25,0.288,0.17633349542714,0.4065,0.705333981708562,0.516153053322539,0.288
WFG3,20,16,42016,"S3_(0.50,0.75]",score_hybrid,top25,population_final,retention,FINAL,20,20,0.25,0.216,0.133295256006272,0.4065,0.533181024025089,0.332161738331795,0.216
WFG3,20,16,42016,"S3_(0.50,0.75]",score_v,top25,population_final,retention,FINAL,20,20,0.25,0.14,0.0885032044456036,0.4065,0.354012817782415,0.274343342096259,0.14
WFG3,20,16,42016,"S4_(0.75,1.00]",anchor_margin,top25,population_final,retention,FINAL,21,21,0.25,0.582857142857143,0.204216151704137,0.695238095238095,0.816864606816548,0.504475523264187,0.582857142857143
WFG3,20,16,42016,"S4_(0.75,1.00]",score_hybrid,top25,population_final,retention,FINAL,21,21,0.25,0.485714285714286,0.16593163618403,0.695238095238095,0.663726544736121,0.370592472653461,0.485714285714286
WFG3,20,16,42016,"S4_(0.75,1.00]",score_v,top25,population_final,retention,FINAL,21,21,0.25,0.419047619047619,0.136485597344856,0.695238095238095,0.545942389379425,0.270851575791081,0.419047619047619
WFG3,20,17,42017,"S1_[0,0.25]",anchor_margin,top25,population_final,retention,FINAL,5,5,0.25,0.064,0.100294117647059,0.156,0.401176470588235,0.607010964024164,0.064
WFG3,20,17,42017,"S1_[0,0.25]",score_hybrid,top25,population_final,retention,FINAL,5,5,0.25,0.072,0.115196078431373,0.156,0.46078431372549,0.564416645573892,0.072
WFG3,20,17,42017,"S1_[0,0.25]",score_v,top25,population_final,retention,FINAL,5,5,0.25,0.088,0.141029411764706,0.156,0.564117647058824,0.305715319260234,0.088
WFG3,20,17,42017,"S2_(0.25,0.50]",anchor_margin,top25,population_final,retention,FINAL,21,21,0.25,0.16952380952381,0.182645235705636,0.227142857142857,0.730580942822544,0.555261401049373,0.16952380952381
WFG3,20,17,42017,"S2_(0.25,0.50]",score_hybrid,top25,population_final,retention,FINAL,21,21,0.25,0.106666666666667,0.113028964754506,0.227142857142857,0.452115859018025,0.449934886175374,0.106666666666667
WFG3,20,17,42017,"S2_(0.25,0.50]",score_v,top25,population_final,retention,FINAL,21,21,0.25,0.0552380952380952,0.0574471704406516,0.227142857142857,0.229788681762606,0.279459345344353,0.0552380952380952
WFG3,20,17,42017,"S3_(0.50,0.75]",anchor_margin,top25,population_final,retention,FINAL,20,20,0.25,0.392,0.22859264958219,0.4235,0.914370598328758,0.564101864873673,0.392
WFG3,20,17,42017,"S3_(0.50,0.75]",score_hybrid,top25,population_final,retention,FINAL,20,20,0.25,0.294,0.171545354567028,0.4235,0.686181418268112,0.456708948488822,0.294
WFG3,20,17,42017,"S3_(0.50,0.75]",score_v,top25,population_final,retention,FINAL,20,20,0.25,0.236,0.139069041186911,0.4235,0.556276164747644,0.326670236009227,0.236
WFG3,20,17,42017,"S4_(0.75,1.00]",anchor_margin,top25,population_final,retention,FINAL,21,21,0.25,0.620952380952381,0.215846566812763,0.704285714285714,0.863386267251051,0.522863577327872,0.620952380952381
WFG3,20,17,42017,"S4_(0.75,1.00]",score_hybrid,top25,population_final,retention,FINAL,21,21,0.25,0.588571428571429,0.205400752375897,0.704285714285714,0.821603009503589,0.48590676659695,0.588571428571429
WFG3,20,17,42017,"S4_(0.75,1.00]",score_v,top25,population_final,retention,FINAL,21,21,0.25,0.563809523809524,0.197918167717053,0.704285714285714,0.791672670868213,0.378583506089624,0.563809523809524
WFG3,20,18,42018,"S1_[0,0.25]",anchor_margin,top25,population_final,retention,FINAL,5,5,0.25,0.032,0.0641025641025641,0.12,0.256410256410256,0.547187373278278,0.032
WFG3,20,18,42018,"S1_[0,0.25]",score_hybrid,top25,population_final,retention,FINAL,5,5,0.25,0.056,0.115617715617716,0.12,0.462470862470862,0.531542210695155,0.056
WFG3,20,18,42018,"S1_[0,0.25]",score_v,top25,population_final,retention,FINAL,5,5,0.25,0.04,0.0807692307692308,0.12,0.323076923076923,0.331269818261294,0.04
WFG3,20,18,42018,"S2_(0.25,0.50]",anchor_margin,top25,population_final,retention,FINAL,21,21,0.25,0.0914285714285714,0.0992171290252647,0.211428571428571,0.396868516101059,0.481899397954642,0.0914285714285714
WFG3,20,18,42018,"S2_(0.25,0.50]",score_hybrid,top25,population_final,retention,FINAL,21,21,0.25,0.15047619047619,0.173102588388987,0.211428571428571,0.692410353555946,0.483318596276291,0.15047619047619
WFG3,20,18,42018,"S2_(0.25,0.50]",score_v,top25,population_final,retention,FINAL,21,21,0.25,0.158095238095238,0.163986283113979,0.211428571428571,0.655945132455915,0.353529489954466,0.158095238095238
WFG3,20,18,42018,"S3_(0.50,0.75]",anchor_margin,top25,population_final,retention,FINAL,20,20,0.25,0.256,0.15423406187528,0.4105,0.616936247501121,0.447385462142953,0.256
WFG3,20,18,42018,"S3_(0.50,0.75]",score_hybrid,top25,population_final,retention,FINAL,20,20,0.25,0.302,0.188854185176835,0.4105,0.755416740707339,0.445500059310574,0.302
WFG3,20,18,42018,"S3_(0.50,0.75]",score_v,top25,population_final,retention,FINAL,20,20,0.25,0.348,0.217978389309118,0.4105,0.871913557236471,0.40390373873583,0.348
WFG3,20,18,42018,"S4_(0.75,1.00]",anchor_margin,top25,population_final,retention,FINAL,21,21,0.25,0.666666666666667,0.227395363244255,0.725238095238095,0.90958145297702,0.469062721074573,0.666666666666667
WFG3,20,18,42018,"S4_(0.75,1.00]",score_hybrid,top25,population_final,retention,FINAL,21,21,0.25,0.657142857142857,0.22491689767207,0.725238095238095,0.89966759068828,0.395752989894912,0.657142857142857
WFG3,20,18,42018,"S4_(0.75,1.00]",score_v,top25,population_final,retention,FINAL,21,21,0.25,0.697142857142857,0.241182038966905,0.725238095238095,0.964728155867621,0.3827416894768,0.697142857142857
WFG3,20,19,42019,"S1_[0,0.25]",anchor_margin,top25,population_final,retention,FINAL,5,5,0.25,0.12,0.159941520467836,0.19,0.639766081871345,0.574496008256866,0.12
WFG3,20,19,42019,"S1_[0,0.25]",score_hybrid,top25,population_final,retention,FINAL,5,5,0.25,0.168,0.222105263157895,0.19,0.888421052631579,0.584492034342858,0.168
WFG3,20,19,42019,"S1_[0,0.25]",score_v,top25,population_final,retention,FINAL,5,5,0.25,0.112,0.148830409356725,0.19,0.595321637426901,0.425826803911314,0.112
WFG3,20,19,42019,"S2_(0.25,0.50]",anchor_margin,top25,population_final,retention,FINAL,21,21,0.25,0.148571428571429,0.171115153948997,0.217142857142857,0.684460615795988,0.530267010774386,0.148571428571429
WFG3,20,19,42019,"S2_(0.25,0.50]",score_hybrid,top25,population_final,retention,FINAL,21,21,0.25,0.0876190476190476,0.0966837542250179,0.217142857142857,0.386735016900072,0.459046865278457,0.0876190476190476
WFG3,20,19,42019,"S2_(0.25,0.50]",score_v,top25,population_final,retention,FINAL,21,21,0.25,0.0704761904761905,0.0767813488184108,0.217142857142857,0.307125395273643,0.286750852151816,0.0704761904761905
WFG3,20,19,42019,"S3_(0.50,0.75]",anchor_margin,top25,population_final,retention,FINAL,20,20,0.25,0.31,0.17401204449593,0.435,0.696048177983721,0.50001184547392,0.31
WFG3,20,19,42019,"S3_(0.50,0.75]",score_hybrid,top25,population_final,retention,FINAL,20,20,0.25,0.362,0.207514372188909,0.435,0.830057488755635,0.476538037602755,0.362
WFG3,20,19,42019,"S3_(0.50,0.75]",score_v,top25,population_final,retention,FINAL,20,20,0.25,0.326,0.186029918855662,0.435,0.744119675422647,0.364981079954003,0.326
WFG3,20,19,42019,"S4_(0.75,1.00]",anchor_margin,top25,population_final,retention,FINAL,21,21,0.25,0.788571428571429,0.245056031784085,0.803333333333333,0.980224127136341,0.628926446592538,0.788571428571429
WFG3,20,19,42019,"S4_(0.75,1.00]",score_hybrid,top25,population_final,retention,FINAL,21,21,0.25,0.801904761904762,0.249784413913352,0.803333333333333,0.999137655653406,0.601922033297452,0.801904761904762
WFG3,20,19,42019,"S4_(0.75,1.00]",score_v,top25,population_final,retention,FINAL,21,21,0.25,0.767619047619048,0.237051144718625,0.803333333333333,0.9482045788745,0.460896301765886,0.767619047619048
WFG3,20,20,42020,"S1_[0,0.25]",anchor_margin,top25,population_final,retention,FINAL,5,5,0.25,0.104,0.149183006535948,0.172,0.596732026143791,0.542789550804159,0.104
WFG3,20,20,42020,"S1_[0,0.25]",score_hybrid,top25,population_final,retention,FINAL,5,5,0.25,0.184,0.269771241830065,0.172,1.07908496732026,0.607427675620155,0.184
WFG3,20,20,42020,"S1_[0,0.25]",score_v,top25,population_final,retention,FINAL,5,5,0.25,0.136,0.199019607843137,0.172,0.796078431372549,0.422899421179972,0.136
WFG3,20,20,42020,"S2_(0.25,0.50]",anchor_margin,top25,population_final,retention,FINAL,21,21,0.25,0.131428571428571,0.144297738398428,0.239523809523809,0.57719095359371,0.543906877224729,0.131428571428571
WFG3,20,20,42020,"S2_(0.25,0.50]",score_hybrid,top25,population_final,retention,FINAL,21,21,0.25,0.0971428571428572,0.105860426364619,0.239523809523809,0.423441705458475,0.412742650334108,0.0971428571428572
WFG3,20,20,42020,"S2_(0.25,0.50]",score_v,top25,population_final,retention,FINAL,21,21,0.25,0.0590476190476191,0.0644477621567248,0.239523809523809,0.257791048626899,0.294350126580652,0.0590476190476191
WFG3,20,20,42020,"S3_(0.50,0.75]",anchor_margin,top25,population_final,retention,FINAL,20,20,0.25,0.358,0.175472558314293,0.489,0.701890233257171,0.49665755157672,0.358
WFG3,20,20,42020,"S3_(0.50,0.75]",score_hybrid,top25,population_final,retention,FINAL,20,20,0.25,0.398,0.195767228322702,0.489,0.783068913290808,0.457128645391396,0.398
WFG3,20,20,42020,"S3_(0.50,0.75]",score_v,top25,population_final,retention,FINAL,20,20,0.25,0.35,0.16945154579836,0.489,0.677806183193441,0.384084485194007,0.35
WFG3,20,20,42020,"S4_(0.75,1.00]",anchor_margin,top25,population_final,retention,FINAL,21,21,0.25,0.780952380952381,0.235349066127638,0.821904761904762,0.94139626451055,0.525327140958201,0.780952380952381
WFG3,20,20,42020,"S4_(0.75,1.00]",score_hybrid,top25,population_final,retention,FINAL,21,21,0.25,0.773333333333333,0.234000535235689,0.821904761904762,0.936002140942755,0.481759817163499,0.773333333333333
WFG3,20,20,42020,"S4_(0.75,1.00]",score_v,top25,population_final,retention,FINAL,21,21,0.25,0.817142857142857,0.246595926455674,0.821904761904762,0.986383705822697,0.497772550874985,0.817142857142857
WFG3,20,21,42021,"S1_[0,0.25]",anchor_margin,top25,population_final,retention,FINAL,5,5,0.25,0.104,0.193113553113553,0.134,0.772454212454212,0.627956457021602,0.104
WFG3,20,21,42021,"S1_[0,0.25]",score_hybrid,top25,population_final,retention,FINAL,5,5,0.25,0.12,0.225164835164835,0.134,0.900659340659341,0.62773958768797,0.12
WFG3,20,21,42021,"S1_[0,0.25]",score_v,top25,population_final,retention,FINAL,5,5,0.25,0.088,0.161062271062271,0.134,0.644249084249084,0.401140735618612,0.088
WFG3,20,21,42021,"S2_(0.25,0.50]",anchor_margin,top25,population_final,retention,FINAL,21,21,0.25,0.12,0.138523631097665,0.227619047619048,0.554094524390661,0.479769268905774,0.12
WFG3,20,21,42021,"S2_(0.25,0.50]",score_hybrid,top25,population_final,retention,FINAL,21,21,0.25,0.0819047619047619,0.0924822321984024,0.227619047619048,0.36992892879361,0.401681753235704,0.0819047619047619
WFG3,20,21,42021,"S2_(0.25,0.50]",score_v,top25,population_final,retention,FINAL,21,21,0.25,0.0457142857142857,0.0543938463770973,0.227619047619048,0.217575385508389,0.306264934390484,0.0457142857142857
WFG3,20,21,42021,"S3_(0.50,0.75]",anchor_margin,top25,population_final,retention,FINAL,20,20,0.25,0.318,0.159472789788092,0.496,0.637891159152368,0.476460913709799,0.318
WFG3,20,21,42021,"S3_(0.50,0.75]",score_hybrid,top25,population_final,retention,FINAL,20,20,0.25,0.322,0.160585539141206,0.496,0.642342156564825,0.385309239268462,0.322
WFG3,20,21,42021,"S3_(0.50,0.75]",score_v,top25,population_final,retention,FINAL,20,20,0.25,0.276,0.137867876026607,0.496,0.551471504106428,0.357820721901367,0.276
WFG3,20,21,42021,"S4_(0.75,1.00]",anchor_margin,top25,population_final,retention,FINAL,21,21,0.25,0.638095238095238,0.198716400698407,0.770952380952381,0.794865602793627,0.442477591805292,0.638095238095238
WFG3,20,21,42021,"S4_(0.75,1.00]",score_hybrid,top25,population_final,retention,FINAL,21,21,0.25,0.674285714285714,0.211352193069704,0.770952380952381,0.845408772278818,0.402171821764122,0.674285714285714
WFG3,20,21,42021,"S4_(0.75,1.00]",score_v,top25,population_final,retention,FINAL,21,21,0.25,0.615238095238095,0.192169559675696,0.770952380952381,0.768678238702784,0.294936713710919,0.615238095238095
WFG3,20,22,42022,"S1_[0,0.25]",anchor_margin,top25,population_final,retention,FINAL,5,5,0.25,0.04,0.0878787878787879,0.116,0.351515151515152,0.508535495403473,0.04
WFG3,20,22,42022,"S1_[0,0.25]",score_hybrid,top25,population_final,retention,FINAL,5,5,0.25,0.056,0.121212121212121,0.116,0.484848484848485,0.565847378277154,0.056
WFG3,20,22,42022,"S1_[0,0.25]",score_v,top25,population_final,retention,FINAL,5,5,0.25,0.024,0.05,0.116,0.2,0.328862359550562,0.024
WFG3,20,22,42022,"S2_(0.25,0.50]",anchor_margin,top25,population_final,retention,FINAL,21,21,0.25,0.0552380952380952,0.0817167258782166,0.175714285714286,0.326866903512866,0.514644260739082,0.0552380952380952
WFG3,20,22,42022,"S2_(0.25,0.50]",score_hybrid,top25,population_final,retention,FINAL,21,21,0.25,0.0876190476190476,0.121392110305154,0.175714285714286,0.485568441220615,0.508714314217113,0.0876190476190476
WFG3,20,22,42022,"S2_(0.25,0.50]",score_v,top25,population_final,retention,FINAL,21,21,0.25,0.0666666666666667,0.0938813866143059,0.175714285714286,0.375525546457224,0.326873511212048,0.0666666666666667
WFG3,20,22,42022,"S3_(0.50,0.75]",anchor_margin,top25,population_final,retention,FINAL,20,20,0.25,0.29,0.187518758250947,0.37,0.750075033003786,0.540930073262369,0.29
WFG3,20,22,42022,"S3_(0.50,0.75]",score_hybrid,top25,population_final,retention,FINAL,20,20,0.25,0.262,0.172674048500388,0.37,0.690696194001553,0.442742776203272,0.262
WFG3,20,22,42022,"S3_(0.50,0.75]",score_v,top25,population_final,retention,FINAL,20,20,0.25,0.272,0.178206854649893,0.37,0.712827418599571,0.396741586146756,0.272
WFG3,20,22,42022,"S4_(0.75,1.00]",anchor_margin,top25,population_final,retention,FINAL,21,21,0.25,0.605714285714286,0.244932519588012,0.619523809523809,0.979730078352048,0.56533386262761,0.605714285714286
WFG3,20,22,42022,"S4_(0.75,1.00]",score_hybrid,top25,population_final,retention,FINAL,21,21,0.25,0.613333333333334,0.249499897675033,0.619523809523809,0.99799959070013,0.512418406140929,0.613333333333334
WFG3,20,22,42022,"S4_(0.75,1.00]",score_v,top25,population_final,retention,FINAL,21,21,0.25,0.60952380952381,0.245541975672966,0.619523809523809,0.982167902691865,0.510175923509701,0.60952380952381
WFG3,20,23,42023,"S1_[0,0.25]",anchor_margin,top25,population_final,retention,FINAL,5,5,0.25,0.008,0.0181818181818182,0.1,0.0727272727272727,0.51621429631542,0.008
WFG3,20,23,42023,"S1_[0,0.25]",score_hybrid,top25,population_final,retention,FINAL,5,5,0.25,0.056,0.130909090909091,0.1,0.523636363636364,0.604986431795421,0.056
WFG3,20,23,42023,"S1_[0,0.25]",score_v,top25,population_final,retention,FINAL,5,5,0.25,0.04,0.0927272727272727,0.1,0.370909090909091,0.428473591327524,0.04
WFG3,20,23,42023,"S2_(0.25,0.50]",anchor_margin,top25,population_final,retention,FINAL,21,21,0.25,0.104761904761905,0.144350837460081,0.175238095238095,0.577403349840325,0.503375044614304,0.104761904761905
WFG3,20,23,42023,"S2_(0.25,0.50]",score_hybrid,top25,population_final,retention,FINAL,21,21,0.25,0.0895238095238095,0.114426642451853,0.175238095238095,0.45770656980741,0.424650901228825,0.0895238095238095
WFG3,20,23,42023,"S2_(0.25,0.50]",score_v,top25,population_final,retention,FINAL,21,21,0.25,0.0761904761904762,0.0860288964070477,0.175238095238095,0.344115585628191,0.294924439991048,0.0761904761904762
WFG3,20,23,42023,"S3_(0.50,0.75]",anchor_margin,top25,population_final,retention,FINAL,20,20,0.25,0.218,0.140060700114197,0.376,0.560242800456786,0.483438530810175,0.218
WFG3,20,23,42023,"S3_(0.50,0.75]",score_hybrid,top25,population_final,retention,FINAL,20,20,0.25,0.28,0.186123800053203,0.376,0.744495200212811,0.471842010570954,0.28
WFG3,20,23,42023,"S3_(0.50,0.75]",score_v,top25,population_final,retention,FINAL,20,20,0.25,0.156,0.106365942916951,0.376,0.425463771667803,0.368611450301722,0.156
WFG3,20,23,42023,"S4_(0.75,1.00]",anchor_margin,top25,population_final,retention,FINAL,21,21,0.25,0.514285714285714,0.176886689324994,0.698095238095238,0.707546757299976,0.423761188365262,0.514285714285714
WFG3,20,23,42023,"S4_(0.75,1.00]",score_hybrid,top25,population_final,retention,FINAL,21,21,0.25,0.52952380952381,0.180979815256283,0.698095238095238,0.723919261025133,0.397239038047737,0.52952380952381
WFG3,20,23,42023,"S4_(0.75,1.00]",score_v,top25,population_final,retention,FINAL,21,21,0.25,0.499047619047619,0.169238260805597,0.698095238095238,0.676953043222387,0.367072493577188,0.499047619047619
WFG3,20,24,42024,"S1_[0,0.25]",anchor_margin,top25,population_final,retention,FINAL,5,5,0.25,0.04,0.0643837535014006,0.156,0.257535014005602,0.483186423385549,0.04
WFG3,20,24,42024,"S1_[0,0.25]",score_hybrid,top25,population_final,retention,FINAL,5,5,0.25,0.104,0.170455182072829,0.156,0.681820728291316,0.52771644659545,0.104
WFG3,20,24,42024,"S1_[0,0.25]",score_v,top25,population_final,retention,FINAL,5,5,0.25,0.056,0.0902170868347339,0.156,0.360868347338936,0.383330384465358,0.056
WFG3,20,24,42024,"S2_(0.25,0.50]",anchor_margin,top25,population_final,retention,FINAL,21,21,0.25,0.127619047619048,0.155621171027333,0.208095238095238,0.622484684109334,0.511894357910878,0.127619047619048
WFG3,20,24,42024,"S2_(0.25,0.50]",score_hybrid,top25,population_final,retention,FINAL,21,21,0.25,0.0838095238095238,0.0995948884604347,0.208095238095238,0.398379553841739,0.410527157755359,0.0838095238095238
WFG3,20,24,42024,"S2_(0.25,0.50]",score_v,top25,population_final,retention,FINAL,21,21,0.25,0.116190476190476,0.135723481311717,0.208095238095238,0.542893925246866,0.378180476033513,0.116190476190476
WFG3,20,24,42024,"S3_(0.50,0.75]",anchor_margin,top25,population_final,retention,FINAL,20,20,0.25,0.27,0.158944271797319,0.414,0.635777087189275,0.519431104359914,0.27
WFG3,20,24,42024,"S3_(0.50,0.75]",score_hybrid,top25,population_final,retention,FINAL,20,20,0.25,0.262,0.148730404404886,0.414,0.594921617619545,0.418320784643799,0.262
WFG3,20,24,42024,"S3_(0.50,0.75]",score_v,top25,population_final,retention,FINAL,20,20,0.25,0.33,0.195461654687592,0.414,0.781846618750369,0.416699531128302,0.33
WFG3,20,24,42024,"S4_(0.75,1.00]",anchor_margin,top25,population_final,retention,FINAL,21,21,0.25,0.68952380952381,0.224984132715301,0.748571428571429,0.899936530861203,0.516820070397947,0.68952380952381
WFG3,20,24,42024,"S4_(0.75,1.00]",score_hybrid,top25,population_final,retention,FINAL,21,21,0.25,0.653333333333333,0.213373725065834,0.748571428571429,0.853494900263335,0.461003362767756,0.653333333333333
WFG3,20,24,42024,"S4_(0.75,1.00]",score_v,top25,population_final,retention,FINAL,21,21,0.25,0.662857142857143,0.219174440522473,0.748571428571429,0.87669776208989,0.450413899906924,0.662857142857143
WFG3,20,25,42025,"S1_[0,0.25]",anchor_margin,top25,population_final,retention,FINAL,5,5,0.25,0.064,0.125557775557776,0.128,0.502231102231102,0.518075589787643,0.064
WFG3,20,25,42025,"S1_[0,0.25]",score_hybrid,top25,population_final,retention,FINAL,5,5,0.25,0.056,0.104578754578755,0.128,0.418315018315018,0.471732478245469,0.056
WFG3,20,25,42025,"S1_[0,0.25]",score_v,top25,population_final,retention,FINAL,5,5,0.25,0.048,0.0902930402930403,0.128,0.361172161172161,0.300780509249092,0.048
WFG3,20,25,42025,"S2_(0.25,0.50]",anchor_margin,top25,population_final,retention,FINAL,21,21,0.25,0.127619047619048,0.136958572295332,0.236666666666667,0.547834289181329,0.523324942766457,0.127619047619048
WFG3,20,25,42025,"S2_(0.25,0.50]",score_hybrid,top25,population_final,retention,FINAL,21,21,0.25,0.104761904761905,0.109057365813165,0.236666666666667,0.436229463252661,0.396831262302251,0.104761904761905
WFG3,20,25,42025,"S2_(0.25,0.50]",score_v,top25,population_final,retention,FINAL,21,21,0.25,0.104761904761905,0.10724238267416,0.236666666666667,0.428969530696642,0.304945017288405,0.104761904761905
WFG3,20,25,42025,"S3_(0.50,0.75]",anchor_margin,top25,population_final,retention,FINAL,20,20,0.25,0.294,0.165292862405576,0.439,0.661171449622304,0.495733440993427,0.294
WFG3,20,25,42025,"S3_(0.50,0.75]",score_hybrid,top25,population_final,retention,FINAL,20,20,0.25,0.322,0.183580649864505,0.439,0.734322599458021,0.466034286616218,0.322
WFG3,20,25,42025,"S3_(0.50,0.75]",score_v,top25,population_final,retention,FINAL,20,20,0.25,0.32,0.181805202605553,0.439,0.727220810422212,0.3753964154992,0.32
WFG3,20,25,42025,"S4_(0.75,1.00]",anchor_margin,top25,population_final,retention,FINAL,21,21,0.25,0.55047619047619,0.19834529787332,0.675238095238095,0.793381191493281,0.520664496025823,0.55047619047619
WFG3,20,25,42025,"S4_(0.75,1.00]",score_hybrid,top25,population_final,retention,FINAL,21,21,0.25,0.571428571428571,0.205430424066829,0.675238095238095,0.821721696267315,0.463319438793272,0.571428571428571
WFG3,20,25,42025,"S4_(0.75,1.00]",score_v,top25,population_final,retention,FINAL,21,21,0.25,0.632380952380952,0.22985208880443,0.675238095238095,0.91940835521772,0.417691448031493,0.632380952380952
WFG7,10,1,51001,"S1_[0,0.25]",anchor_margin,top25,population_final,retention,FINAL,5,5,0.25,0.12,0.163364293085655,0.184,0.653457172342621,0.527469208528566,0.12
WFG7,10,1,51001,"S1_[0,0.25]",score_hybrid,top25,population_final,retention,FINAL,5,5,0.25,0.12,0.163949088407293,0.184,0.655796353629171,0.443214301322518,0.12
WFG7,10,1,51001,"S1_[0,0.25]",score_v,top25,population_final,retention,FINAL,5,5,0.25,0.12,0.163949088407293,0.184,0.655796353629171,0.401739413935931,0.12
WFG7,10,1,51001,"S2_(0.25,0.50]",anchor_margin,top25,population_final,retention,FINAL,21,21,0.25,0.0876190476190476,0.0861123868261019,0.251904761904762,0.344449547304407,0.449578359270175,0.0876190476190476
WFG7,10,1,51001,"S2_(0.25,0.50]",score_hybrid,top25,population_final,retention,FINAL,21,21,0.25,0.0380952380952381,0.0378619606509064,0.251904761904762,0.151447842603626,0.21298886224677,0.0380952380952381
WFG7,10,1,51001,"S2_(0.25,0.50]",score_v,top25,population_final,retention,FINAL,21,21,0.25,0.0647619047619048,0.0675463349447884,0.251904761904762,0.270185339779154,0.228565598644331,0.0647619047619048
WFG7,10,1,51001,"S3_(0.50,0.75]",anchor_margin,top25,population_final,retention,FINAL,20,20,0.25,0.254,0.151542359712014,0.407,0.606169438848057,0.455618589051313,0.254
WFG7,10,1,51001,"S3_(0.50,0.75]",score_hybrid,top25,population_final,retention,FINAL,20,20,0.25,0.208,0.123749897233272,0.407,0.494999588933086,0.286316264247376,0.208
WFG7,10,1,51001,"S3_(0.50,0.75]",score_v,top25,population_final,retention,FINAL,20,20,0.25,0.202,0.118258820757288,0.407,0.473035283029152,0.262708726094078,0.202
WFG7,10,1,51001,"S4_(0.75,1.00]",anchor_margin,top25,population_final,retention,FINAL,21,21,0.25,0.613333333333333,0.20613284056202,0.728571428571429,0.82453136224808,0.430678504436013,0.613333333333333
WFG7,10,1,51001,"S4_(0.75,1.00]",score_hybrid,top25,population_final,retention,FINAL,21,21,0.25,0.605714285714286,0.204372826256381,0.728571428571429,0.817491305025523,0.286328163486357,0.605714285714286
WFG7,10,1,51001,"S4_(0.75,1.00]",score_v,top25,population_final,retention,FINAL,21,21,0.25,0.508571428571428,0.171864562439588,0.728571428571429,0.687458249758354,0.2305245980265,0.508571428571428
WFG7,10,2,51002,"S1_[0,0.25]",anchor_margin,top25,population_final,retention,FINAL,5,5,0.25,0.032,0.0500980392156863,0.158,0.200392156862745,0.403806556056157,0.032
WFG7,10,2,51002,"S1_[0,0.25]",score_hybrid,top25,population_final,retention,FINAL,5,5,0.25,0.032,0.0517647058823529,0.158,0.207058823529412,0.348181199588269,0.032
WFG7,10,2,51002,"S1_[0,0.25]",score_v,top25,population_final,retention,FINAL,5,5,0.25,0.088,0.141764705882353,0.158,0.567058823529412,0.323131526104418,0.088
WFG7,10,2,51002,"S2_(0.25,0.50]",anchor_margin,top25,population_final,retention,FINAL,21,21,0.25,0.0895238095238095,0.0851328756433813,0.248571428571429,0.340531502573525,0.380440167076258,0.0895238095238095
WFG7,10,2,51002,"S2_(0.25,0.50]",score_hybrid,top25,population_final,retention,FINAL,21,21,0.25,0.0876190476190476,0.0866545652158965,0.248571428571429,0.346618260863586,0.248615369947027,0.0876190476190476
WFG7,10,2,51002,"S2_(0.25,0.50]",score_v,top25,population_final,retention,FINAL,21,21,0.25,0.0895238095238095,0.0920829583586569,0.248571428571429,0.368331833434627,0.291602008576604,0.0895238095238095
WFG7,10,2,51002,"S3_(0.50,0.75]",anchor_margin,top25,population_final,retention,FINAL,20,20,0.25,0.296,0.147835391178784,0.5005,0.591341564715135,0.404586639150497,0.296
WFG7,10,2,51002,"S3_(0.50,0.75]",score_hybrid,top25,population_final,retention,FINAL,20,20,0.25,0.26,0.132929067091024,0.5005,0.531716268364095,0.267010536997047,0.26
WFG7,10,2,51002,"S3_(0.50,0.75]",score_v,top25,population_final,retention,FINAL,20,20,0.25,0.294,0.144390541630974,0.5005,0.577562166523897,0.299385198501147,0.294
WFG7,10,2,51002,"S4_(0.75,1.00]",anchor_margin,top25,population_final,retention,FINAL,21,21,0.25,0.613333333333333,0.192549913822147,0.788095238095238,0.770199655288586,0.388293114689801,0.613333333333333
WFG7,10,2,51002,"S4_(0.75,1.00]",score_hybrid,top25,population_final,retention,FINAL,21,21,0.25,0.588571428571429,0.183650760325112,0.788095238095238,0.734603041300448,0.310948675920219,0.588571428571429
WFG7,10,2,51002,"S4_(0.75,1.00]",score_v,top25,population_final,retention,FINAL,21,21,0.25,0.685714285714286,0.214527923876366,0.788095238095238,0.858111695505464,0.376286596238059,0.685714285714286
WFG7,10,3,51003,"S1_[0,0.25]",anchor_margin,top25,population_final,retention,FINAL,5,5,0.25,0.04,0.0953846153846154,0.112,0.381538461538461,0.503921603300914,0.04
WFG7,10,3,51003,"S1_[0,0.25]",score_hybrid,top25,population_final,retention,FINAL,5,5,0.25,0.056,0.130769230769231,0.112,0.523076923076923,0.395165929855585,0.056
WFG7,10,3,51003,"S1_[0,0.25]",score_v,top25,population_final,retention,FINAL,5,5,0.25,0.032,0.08,0.112,0.32,0.347575596816976,0.032
WFG7,10,3,51003,"S2_(0.25,0.50]",anchor_margin,top25,population_final,retention,FINAL,21,21,0.25,0.0647619047619048,0.072917554297042,0.214761904761905,0.291670217188168,0.393209394371496,0.0647619047619048
WFG7,10,3,51003,"S2_(0.25,0.50]",score_hybrid,top25,population_final,retention,FINAL,21,21,0.25,0.0685714285714286,0.0843689328691636,0.214761904761905,0.337475731476654,0.273956748735084,0.0685714285714286
WFG7,10,3,51003,"S2_(0.25,0.50]",score_v,top25,population_final,retention,FINAL,21,21,0.25,0.0933333333333333,0.0996999483554105,0.214761904761905,0.398799793421642,0.355157822801498,0.0933333333333333
WFG7,10,3,51003,"S3_(0.50,0.75]",anchor_margin,top25,population_final,retention,FINAL,20,20,0.25,0.276,0.170061946904868,0.4045,0.680247787619474,0.470795584179968,0.276
WFG7,10,3,51003,"S3_(0.50,0.75]",score_hybrid,top25,population_final,retention,FINAL,20,20,0.25,0.25,0.151208020512832,0.4045,0.604832082051329,0.329660867317571,0.25
WFG7,10,3,51003,"S3_(0.50,0.75]",score_v,top25,population_final,retention,FINAL,20,20,0.25,0.324,0.197598767925253,0.4045,0.79039507170101,0.407585857883424,0.324
WFG7,10,3,51003,"S4_(0.75,1.00]",anchor_margin,top25,population_final,retention,FINAL,21,21,0.25,0.575238095238095,0.183392931190735,0.767142857142857,0.733571724762941,0.362452194715381,0.575238095238095
WFG7,10,3,51003,"S4_(0.75,1.00]",score_hybrid,top25,population_final,retention,FINAL,21,21,0.25,0.624761904761905,0.201366229274605,0.767142857142857,0.805464917098421,0.289979212876247,0.624761904761905
WFG7,10,3,51003,"S4_(0.75,1.00]",score_v,top25,population_final,retention,FINAL,21,21,0.25,0.750476190476191,0.244948267334967,0.767142857142857,0.979793069339867,0.48206380350575,0.750476190476191
WFG7,10,4,51004,"S1_[0,0.25]",anchor_margin,top25,population_final,retention,FINAL,5,5,0.25,0.072,0.143116883116883,0.122,0.572467532467532,0.521222627537526,0.072
WFG7,10,4,51004,"S1_[0,0.25]",score_hybrid,top25,population_final,retention,FINAL,5,5,0.25,0.064,0.133679653679654,0.122,0.534718614718615,0.374147941682948,0.064
WFG7,10,4,51004,"S1_[0,0.25]",score_v,top25,population_final,retention,FINAL,5,5,0.25,0.056,0.115497835497836,0.122,0.461991341991342,0.260313560959774,0.056
WFG7,10,4,51004,"S2_(0.25,0.50]",anchor_margin,top25,population_final,retention,FINAL,21,21,0.25,0.125714285714286,0.124887179639425,0.255238095238095,0.499548718557702,0.511901247686458,0.125714285714286
WFG7,10,4,51004,"S2_(0.25,0.50]",score_hybrid,top25,population_final,retention,FINAL,21,21,0.25,0.125714285714286,0.124684763919768,0.255238095238095,0.498739055679073,0.273677419456526,0.125714285714286
WFG7,10,4,51004,"S2_(0.25,0.50]",score_v,top25,population_final,retention,FINAL,21,21,0.25,0.0571428571428571,0.0591077038483587,0.255238095238095,0.236430815393435,0.24341058616853,0.0571428571428571
WFG7,10,4,51004,"S3_(0.50,0.75]",anchor_margin,top25,population_final,retention,FINAL,20,20,0.25,0.21,0.133466013998547,0.3835,0.53386405599419,0.432422706537261,0.21
WFG7,10,4,51004,"S3_(0.50,0.75]",score_hybrid,top25,population_final,retention,FINAL,20,20,0.25,0.112,0.0681305979900159,0.3835,0.272522391960064,0.266012223512937,0.112
WFG7,10,4,51004,"S3_(0.50,0.75]",score_v,top25,population_final,retention,FINAL,20,20,0.25,0.244,0.155367008648554,0.3835,0.621468034594217,0.273604619690466,0.244
WFG7,10,4,51004,"S4_(0.75,1.00]",anchor_margin,top25,population_final,retention,FINAL,21,21,0.25,0.584761904761905,0.197887427539438,0.723333333333333,0.791549710157754,0.433887998945951,0.584761904761905
WFG7,10,4,51004,"S4_(0.75,1.00]",score_hybrid,top25,population_final,retention,FINAL,21,21,0.25,0.512380952380952,0.170633445582549,0.723333333333333,0.682533782330196,0.299370503293554,0.512380952380952
WFG7,10,4,51004,"S4_(0.75,1.00]",score_v,top25,population_final,retention,FINAL,21,21,0.25,0.605714285714286,0.206727690490169,0.723333333333333,0.826910761960676,0.312132413166512,0.605714285714286
WFG7,10,5,51005,"S1_[0,0.25]",anchor_margin,top25,population_final,retention,FINAL,5,5,0.25,0.12,0.161785345717234,0.186,0.647141382868937,0.490480016346861,0.12
WFG7,10,5,51005,"S1_[0,0.25]",score_hybrid,top25,population_final,retention,FINAL,5,5,0.25,0.176,0.239115927072583,0.186,0.956463708290334,0.442212794154179,0.176
WFG7,10,5,51005,"S1_[0,0.25]",score_v,top25,population_final,retention,FINAL,5,5,0.25,0.12,0.164719642242862,0.186,0.658878568971448,0.352577449101307,0.12
WFG7,10,5,51005,"S2_(0.25,0.50]",anchor_margin,top25,population_final,retention,FINAL,21,21,0.25,0.131428571428571,0.141625920864779,0.228095238095238,0.566503683459116,0.463756594041598,0.131428571428571
WFG7,10,5,51005,"S2_(0.25,0.50]",score_hybrid,top25,population_final,retention,FINAL,21,21,0.25,0.0819047619047619,0.0893629487886871,0.228095238095238,0.357451795154748,0.303768780719357,0.0819047619047619
WFG7,10,5,51005,"S2_(0.25,0.50]",score_v,top25,population_final,retention,FINAL,21,21,0.25,0.0342857142857143,0.0399439528261583,0.228095238095238,0.159775811304633,0.24811100288998,0.0342857142857143
WFG7,10,5,51005,"S3_(0.50,0.75]",anchor_margin,top25,population_final,retention,FINAL,20,20,0.25,0.24,0.155481274108572,0.382,0.62192509643429,0.445031739000843,0.24
WFG7,10,5,51005,"S3_(0.50,0.75]",score_hybrid,top25,population_final,retention,FINAL,20,20,0.25,0.144,0.0925704392175672,0.382,0.370281756870269,0.305883374406233,0.144
WFG7,10,5,51005,"S3_(0.50,0.75]",score_v,top25,population_final,retention,FINAL,20,20,0.25,0.128,0.0787087675784728,0.382,0.314835070313891,0.277810900718322,0.128
WFG7,10,5,51005,"S4_(0.75,1.00]",anchor_margin,top25,population_final,retention,FINAL,21,21,0.25,0.659047619047619,0.222905532756738,0.730476190476191,0.891622131026951,0.473516212745684,0.659047619047619
WFG7,10,5,51005,"S4_(0.75,1.00]",score_hybrid,top25,population_final,retention,FINAL,21,21,0.25,0.647619047619048,0.217787196300358,0.730476190476191,0.871148785201433,0.395219619204742,0.647619047619048
WFG7,10,5,51005,"S4_(0.75,1.00]",score_v,top25,population_final,retention,FINAL,21,21,0.25,0.6,0.19831192914967,0.730476190476191,0.793247716598679,0.392665454798849,0.6
WFG7,10,6,51006,"S1_[0,0.25]",anchor_margin,top25,population_final,retention,FINAL,5,5,0.25,0.128,0.17062656641604,0.192,0.68250626566416,0.565278846404056,0.128
WFG7,10,6,51006,"S1_[0,0.25]",score_hybrid,top25,population_final,retention,FINAL,5,5,0.25,0.112,0.147401837928154,0.192,0.589607351712615,0.507078582471381,0.112
WFG7,10,6,51006,"S1_[0,0.25]",score_v,top25,population_final,retention,FINAL,5,5,0.25,0.064,0.0813199665831245,0.192,0.325279866332498,0.378148521639135,0.064
WFG7,10,6,51006,"S2_(0.25,0.50]",anchor_margin,top25,population_final,retention,FINAL,21,21,0.25,0.12,0.100555904966487,0.29952380952381,0.402223619865948,0.408346125603016,0.12
WFG7,10,6,51006,"S2_(0.25,0.50]",score_hybrid,top25,population_final,retention,FINAL,21,21,0.25,0.0761904761904762,0.0607239355835932,0.29952380952381,0.242895742334373,0.312929516183505,0.0761904761904762
WFG7,10,6,51006,"S2_(0.25,0.50]",score_v,top25,population_final,retention,FINAL,21,21,0.25,0.175238095238095,0.140574144653914,0.29952380952381,0.562296578615658,0.345711368185118,0.175238095238095
WFG7,10,6,51006,"S3_(0.50,0.75]",anchor_margin,top25,population_final,retention,FINAL,20,20,0.25,0.274,0.138747351259024,0.483,0.554989405036095,0.406035472724048,0.274
WFG7,10,6,51006,"S3_(0.50,0.75]",score_hybrid,top25,population_final,retention,FINAL,20,20,0.25,0.264,0.135335395687151,0.483,0.541341582748602,0.304675737203052,0.264
WFG7,10,6,51006,"S3_(0.50,0.75]",score_v,top25,population_final,retention,FINAL,20,20,0.25,0.36,0.184944318770098,0.483,0.739777275080392,0.370552012463198,0.36
WFG7,10,6,51006,"S4_(0.75,1.00]",anchor_margin,top25,population_final,retention,FINAL,21,21,0.25,0.773333333333333,0.232621009493121,0.827142857142857,0.930484037972483,0.44793232590425,0.773333333333333
WFG7,10,6,51006,"S4_(0.75,1.00]",score_hybrid,top25,population_final,retention,FINAL,21,21,0.25,0.765714285714286,0.230201911486781,0.827142857142857,0.920807645947123,0.357137128231957,0.765714285714286
WFG7,10,6,51006,"S4_(0.75,1.00]",score_v,top25,population_final,retention,FINAL,21,21,0.25,0.828571428571429,0.250566589492356,0.827142857142857,1.00226635796942,0.356800606612213,0.828571428571429
WFG7,10,7,51007,"S1_[0,0.25]",anchor_margin,top25,population_final,retention,FINAL,5,5,0.25,0.072,0.116259426847662,0.154,0.465037707390649,0.477704653533779,0.072
WFG7,10,7,51007,"S1_[0,0.25]",score_hybrid,top25,population_final,retention,FINAL,5,5,0.25,0.04,0.0619607843137255,0.154,0.247843137254902,0.371518626229054,0.04
WFG7,10,7,51007,"S1_[0,0.25]",score_v,top25,population_final,retention,FINAL,5,5,0.25,0.056,0.0854901960784314,0.154,0.341960784313726,0.285368459639776,0.056
WFG7,10,7,51007,"S2_(0.25,0.50]",anchor_margin,top25,population_final,retention,FINAL,21,21,0.25,0.0685714285714286,0.0667062823910135,0.253809523809524,0.266825129564054,0.433548096405205,0.0685714285714286
WFG7,10,7,51007,"S2_(0.25,0.50]",score_hybrid,top25,population_final,retention,FINAL,21,21,0.25,0.0990476190476191,0.0965831663111444,0.253809523809524,0.386332665244578,0.286718425606684,0.0990476190476191
WFG7,10,7,51007,"S2_(0.25,0.50]",score_v,top25,population_final,retention,FINAL,21,21,0.25,0.0742857142857143,0.0746876231598632,0.253809523809524,0.298750492639453,0.302429252664727,0.0742857142857143
WFG7,10,7,51007,"S3_(0.50,0.75]",anchor_margin,top25,population_final,retention,FINAL,20,20,0.25,0.184,0.115586550841163,0.387,0.462346203364652,0.453411286411746,0.184
WFG7,10,7,51007,"S3_(0.50,0.75]",score_hybrid,top25,population_final,retention,FINAL,20,20,0.25,0.206,0.130149343810161,0.387,0.520597375240644,0.330778437084477,0.206
WFG7,10,7,51007,"S3_(0.50,0.75]",score_v,top25,population_final,retention,FINAL,20,20,0.25,0.164,0.104909990747683,0.387,0.419639962990733,0.360820219920806,0.164
WFG7,10,7,51007,"S4_(0.75,1.00]",anchor_margin,top25,population_final,retention,FINAL,21,21,0.25,0.605714285714286,0.219362072581961,0.685714285714286,0.877448290327843,0.50679117043591,0.605714285714286
WFG7,10,7,51007,"S4_(0.75,1.00]",score_hybrid,top25,population_final,retention,FINAL,21,21,0.25,0.626666666666667,0.225108358775824,0.685714285714286,0.900433435103294,0.428395669185966,0.626666666666667
WFG7,10,7,51007,"S4_(0.75,1.00]",score_v,top25,population_final,retention,FINAL,21,21,0.25,0.51047619047619,0.175808122465184,0.685714285714286,0.703232489860737,0.407475512293283,0.51047619047619
WFG7,10,8,51008,"S1_[0,0.25]",anchor_margin,top25,population_final,retention,FINAL,5,5,0.25,0.04,0.0570820433436533,0.168,0.228328173374613,0.475260576661323,0.04
WFG7,10,8,51008,"S1_[0,0.25]",score_hybrid,top25,population_final,retention,FINAL,5,5,0.25,0.048,0.0703173374613003,0.168,0.281269349845201,0.401929666509503,0.048
WFG7,10,8,51008,"S1_[0,0.25]",score_v,top25,population_final,retention,FINAL,5,5,0.25,0.04,0.0578173374613003,0.168,0.231269349845201,0.271268509135729,0.04
WFG7,10,8,51008,"S2_(0.25,0.50]",anchor_margin,top25,population_final,retention,FINAL,21,21,0.25,0.106666666666667,0.0920880110485472,0.279047619047619,0.368352044194189,0.401998719888932,0.106666666666667
WFG7,10,8,51008,"S2_(0.25,0.50]",score_hybrid,top25,population_final,retention,FINAL,21,21,0.25,0.0704761904761905,0.06064076899663,0.279047619047619,0.24256307598652,0.268941579810347,0.0704761904761905
WFG7,10,8,51008,"S2_(0.25,0.50]",score_v,top25,population_final,retention,FINAL,21,21,0.25,0.131428571428571,0.118285956329885,0.279047619047619,0.473143825319541,0.29102235089545,0.131428571428571
WFG7,10,8,51008,"S3_(0.50,0.75]",anchor_margin,top25,population_final,retention,FINAL,20,20,0.25,0.288,0.155824801941096,0.451,0.623299207764383,0.39843279734459,0.288
WFG7,10,8,51008,"S3_(0.50,0.75]",score_hybrid,top25,population_final,retention,FINAL,20,20,0.25,0.234,0.123945898765798,0.451,0.495783595063192,0.291095854466586,0.234
WFG7,10,8,51008,"S3_(0.50,0.75]",score_v,top25,population_final,retention,FINAL,20,20,0.25,0.328,0.17803140745217,0.451,0.712125629808679,0.340155272117272,0.328
WFG7,10,8,51008,"S4_(0.75,1.00]",anchor_margin,top25,population_final,retention,FINAL,21,21,0.25,0.619047619047619,0.20250343719066,0.754285714285714,0.810013748762639,0.393069957408248,0.619047619047619
WFG7,10,8,51008,"S4_(0.75,1.00]",score_hybrid,top25,population_final,retention,FINAL,21,21,0.25,0.620952380952381,0.203155385256232,0.754285714285714,0.812621541024928,0.325730767666516,0.620952380952381
WFG7,10,8,51008,"S4_(0.75,1.00]",score_v,top25,population_final,retention,FINAL,21,21,0.25,0.710476190476191,0.231879414430002,0.754285714285714,0.927517657720009,0.382181016134777,0.710476190476191
WFG7,10,9,51009,"S1_[0,0.25]",anchor_margin,top25,population_final,retention,FINAL,5,5,0.25,0.04,0.0963636363636364,0.104,0.385454545454545,0.515039382589944,0.04
WFG7,10,9,51009,"S1_[0,0.25]",score_hybrid,top25,population_final,retention,FINAL,5,5,0.25,0.048,0.114545454545455,0.104,0.458181818181818,0.413115877879923,0.048
WFG7,10,9,51009,"S1_[0,0.25]",score_v,top25,population_final,retention,FINAL,5,5,0.25,0.032,0.0763636363636364,0.104,0.305454545454545,0.272653501305187,0.032
WFG7,10,9,51009,"S2_(0.25,0.50]",anchor_margin,top25,population_final,retention,FINAL,21,21,0.25,0.0876190476190476,0.111806039268445,0.182380952380952,0.447224157073781,0.491880212253925,0.0876190476190476
WFG7,10,9,51009,"S2_(0.25,0.50]",score_hybrid,top25,population_final,retention,FINAL,21,21,0.25,0.0857142857142857,0.110352640258655,0.182380952380952,0.441410561034621,0.311890783464394,0.0857142857142857
WFG7,10,9,51009,"S2_(0.25,0.50]",score_v,top25,population_final,retention,FINAL,21,21,0.25,0.0895238095238095,0.122191841853496,0.182380952380952,0.488767367413984,0.300032381864588,0.0895238095238095
WFG7,10,9,51009,"S3_(0.50,0.75]",anchor_margin,top25,population_final,retention,FINAL,20,20,0.25,0.42,0.220125540083696,0.4705,0.880502160334783,0.501984426300554,0.42
WFG7,10,9,51009,"S3_(0.50,0.75]",score_hybrid,top25,population_final,retention,FINAL,20,20,0.25,0.368,0.191185228262814,0.4705,0.764740913051256,0.406515180573281,0.368
WFG7,10,9,51009,"S3_(0.50,0.75]",score_v,top25,population_final,retention,FINAL,20,20,0.25,0.342,0.179048248633428,0.4705,0.716192994533711,0.395939131942463,0.342
WFG7,10,9,51009,"S4_(0.75,1.00]",anchor_margin,top25,population_final,retention,FINAL,21,21,0.25,0.697142857142857,0.229029328212887,0.762857142857143,0.916117312851548,0.456527538444439,0.697142857142857
WFG7,10,9,51009,"S4_(0.75,1.00]",score_hybrid,top25,population_final,retention,FINAL,21,21,0.25,0.704761904761905,0.230849082863372,0.762857142857143,0.923396331453487,0.436268850037555,0.704761904761905
WFG7,10,9,51009,"S4_(0.75,1.00]",score_v,top25,population_final,retention,FINAL,21,21,0.25,0.691428571428571,0.224060983724944,0.762857142857143,0.896243934899777,0.460825035092218,0.691428571428571
WFG7,10,10,51010,"S1_[0,0.25]",anchor_margin,top25,population_final,retention,FINAL,5,5,0.25,0.056,0.099047619047619,0.142,0.396190476190476,0.465133085792456,0.056
WFG7,10,10,51010,"S1_[0,0.25]",score_hybrid,top25,population_final,retention,FINAL,5,5,0.25,0.032,0.0561904761904762,0.142,0.224761904761905,0.362025535795714,0.032
WFG7,10,10,51010,"S1_[0,0.25]",score_v,top25,population_final,retention,FINAL,5,5,0.25,0.008,0.0133333333333333,0.142,0.0533333333333333,0.220379779818904,0.008
WFG7,10,10,51010,"S2_(0.25,0.50]",anchor_margin,top25,population_final,retention,FINAL,21,21,0.25,0.154285714285714,0.166703961993176,0.223333333333333,0.666815847972704,0.494479062963447,0.154285714285714
WFG7,10,10,51010,"S2_(0.25,0.50]",score_hybrid,top25,population_final,retention,FINAL,21,21,0.25,0.08,0.0753596147267346,0.223333333333333,0.301438458906938,0.2699878101095,0.08
WFG7,10,10,51010,"S2_(0.25,0.50]",score_v,top25,population_final,retention,FINAL,21,21,0.25,0.104761904761905,0.0994209694837142,0.223333333333333,0.397683877934857,0.225623774565062,0.104761904761905
WFG7,10,10,51010,"S3_(0.50,0.75]",anchor_margin,top25,population_final,retention,FINAL,20,20,0.25,0.306,0.189987086568619,0.3975,0.759948346274477,0.481090215935068,0.306
WFG7,10,10,51010,"S3_(0.50,0.75]",score_hybrid,top25,population_final,retention,FINAL,20,20,0.25,0.192,0.118972885659418,0.3975,0.475891542637673,0.336068511103296,0.192
WFG7,10,10,51010,"S3_(0.50,0.75]",score_v,top25,population_final,retention,FINAL,20,20,0.25,0.224,0.143423867432272,0.3975,0.573695469729089,0.312142530430118,0.224
WFG7,10,10,51010,"S4_(0.75,1.00]",anchor_margin,top25,population_final,retention,FINAL,21,21,0.25,0.697142857142857,0.231474326836634,0.746666666666667,0.925897307346535,0.512063409408789,0.697142857142857
WFG7,10,10,51010,"S4_(0.75,1.00]",score_hybrid,top25,population_final,retention,FINAL,21,21,0.25,0.657142857142857,0.216582020366938,0.746666666666667,0.866328081467751,0.408913359137962,0.657142857142857
WFG7,10,10,51010,"S4_(0.75,1.00]",score_v,top25,population_final,retention,FINAL,21,21,0.25,0.598095238095238,0.195988963370883,0.746666666666667,0.783955853483532,0.353046336205253,0.598095238095238
WFG7,10,11,51011,"S1_[0,0.25]",anchor_margin,top25,population_final,retention,FINAL,5,5,0.25,0.088,0.152119155354449,0.148,0.608476621417798,0.502198615231942,0.088
WFG7,10,11,51011,"S1_[0,0.25]",score_hybrid,top25,population_final,retention,FINAL,5,5,0.25,0.056,0.0991365007541478,0.148,0.396546003016591,0.416569111118929,0.056
WFG7,10,11,51011,"S1_[0,0.25]",score_v,top25,population_final,retention,FINAL,5,5,0.25,0.088,0.150067873303167,0.148,0.60027149321267,0.348369400601313,0.088
WFG7,10,11,51011,"S2_(0.25,0.50]",anchor_margin,top25,population_final,retention,FINAL,21,21,0.25,0.0647619047619048,0.0723538776824825,0.23047619047619,0.28941551072993,0.394543291508075,0.0647619047619048
WFG7,10,11,51011,"S2_(0.25,0.50]",score_hybrid,top25,population_final,retention,FINAL,21,21,0.25,0.0495238095238095,0.0553559364928181,0.23047619047619,0.221423745971273,0.250989649352734,0.0495238095238095
WFG7,10,11,51011,"S2_(0.25,0.50]",score_v,top25,population_final,retention,FINAL,21,21,0.25,0.106666666666667,0.107655634003534,0.23047619047619,0.430622536014138,0.265593162653303,0.106666666666667
WFG7,10,11,51011,"S3_(0.50,0.75]",anchor_margin,top25,population_final,retention,FINAL,20,20,0.25,0.168,0.115240139656836,0.3695,0.460960558627343,0.385426919994491,0.168
WFG7,10,11,51011,"S3_(0.50,0.75]",score_hybrid,top25,population_final,retention,FINAL,20,20,0.25,0.152,0.0983652636710967,0.3695,0.393461054684387,0.281154066273491,0.152
WFG7,10,11,51011,"S3_(0.50,0.75]",score_v,top25,population_final,retention,FINAL,20,20,0.25,0.2,0.131606138142996,0.3695,0.526424552571984,0.294219358168156,0.2
WFG7,10,11,51011,"S4_(0.75,1.00]",anchor_margin,top25,population_final,retention,FINAL,21,21,0.25,0.552380952380952,0.190539669072744,0.696190476190476,0.762158676290978,0.416484964596404,0.552380952380952
WFG7,10,11,51011,"S4_(0.75,1.00]",score_hybrid,top25,population_final,retention,FINAL,21,21,0.25,0.580952380952381,0.200763127355004,0.696190476190476,0.803052509420015,0.392499525691884,0.580952380952381
WFG7,10,11,51011,"S4_(0.75,1.00]",score_v,top25,population_final,retention,FINAL,21,21,0.25,0.655238095238095,0.229615699736103,0.696190476190476,0.91846279894441,0.40928970072272,0.655238095238095
WFG7,10,12,51012,"S1_[0,0.25]",anchor_margin,top25,population_final,retention,FINAL,5,5,0.25,0.096,0.325,0.074,1.3,0.622147156548454,0.096
WFG7,10,12,51012,"S1_[0,0.25]",score_hybrid,top25,population_final,retention,FINAL,5,5,0.25,0.048,0.167857142857143,0.074,0.671428571428571,0.544809406932478,0.048
WFG7,10,12,51012,"S1_[0,0.25]",score_v,top25,population_final,retention,FINAL,5,5,0.25,0.024,0.0821428571428571,0.074,0.328571428571429,0.441017581646965,0.024
WFG7,10,12,51012,"S2_(0.25,0.50]",anchor_margin,top25,population_final,retention,FINAL,21,21,0.25,0.0380952380952381,0.0780351456822045,0.14,0.312140582728818,0.466798649568349,0.0380952380952381
WFG7,10,12,51012,"S2_(0.25,0.50]",score_hybrid,top25,population_final,retention,FINAL,21,21,0.25,0.0361904761904762,0.0636714440514221,0.14,0.254685776205688,0.33535517396495,0.0361904761904762
WFG7,10,12,51012,"S2_(0.25,0.50]",score_v,top25,population_final,retention,FINAL,21,21,0.25,0.0171428571428571,0.0277584389385632,0.14,0.111033755754253,0.26778735258561,0.0171428571428571
WFG7,10,12,51012,"S3_(0.50,0.75]",anchor_margin,top25,population_final,retention,FINAL,20,20,0.25,0.258,0.161766065708744,0.373,0.647064262834975,0.500261619256279,0.258
WFG7,10,12,51012,"S3_(0.50,0.75]",score_hybrid,top25,population_final,retention,FINAL,20,20,0.25,0.228,0.142381005514556,0.373,0.569524022058224,0.391095141675317,0.228
WFG7,10,12,51012,"S3_(0.50,0.75]",score_v,top25,population_final,retention,FINAL,20,20,0.25,0.226,0.147957532034896,0.373,0.591830128139584,0.349508729807132,0.226
WFG7,10,12,51012,"S4_(0.75,1.00]",anchor_margin,top25,population_final,retention,FINAL,21,21,0.25,0.695238095238095,0.236783342927651,0.729047619047619,0.947133371710603,0.487275525536606,0.695238095238095
WFG7,10,12,51012,"S4_(0.75,1.00]",score_hybrid,top25,population_final,retention,FINAL,21,21,0.25,0.626666666666667,0.211896210466039,0.729047619047619,0.847584841864156,0.41336676200305,0.626666666666667
WFG7,10,12,51012,"S4_(0.75,1.00]",score_v,top25,population_final,retention,FINAL,21,21,0.25,0.718095238095238,0.244064490842451,0.729047619047619,0.976257963369802,0.435146016929597,0.718095238095238
WFG7,10,13,51013,"S1_[0,0.25]",anchor_margin,top25,population_final,retention,FINAL,5,5,0.25,0.096,0.24981684981685,0.106,0.999267399267399,0.555769684173903,0.096
WFG7,10,13,51013,"S1_[0,0.25]",score_hybrid,top25,population_final,retention,FINAL,5,5,0.25,0.056,0.160622710622711,0.106,0.642490842490843,0.498532589899774,0.056
WFG7,10,13,51013,"S1_[0,0.25]",score_v,top25,population_final,retention,FINAL,5,5,0.25,0.136,0.316300366300366,0.106,1.26520146520147,0.528306860121279,0.136
WFG7,10,13,51013,"S2_(0.25,0.50]",anchor_margin,top25,population_final,retention,FINAL,21,21,0.25,0.156190476190476,0.169235295932078,0.233333333333333,0.676941183728313,0.516061586735497,0.156190476190476
WFG7,10,13,51013,"S2_(0.25,0.50]",score_hybrid,top25,population_final,retention,FINAL,21,21,0.25,0.11047619047619,0.108050563975659,0.233333333333333,0.432202255902636,0.377834586715275,0.11047619047619
WFG7,10,13,51013,"S2_(0.25,0.50]",score_v,top25,population_final,retention,FINAL,21,21,0.25,0.192380952380952,0.19108565697619,0.233333333333333,0.764342627904759,0.427630152774731,0.192380952380952
WFG7,10,13,51013,"S3_(0.50,0.75]",anchor_margin,top25,population_final,retention,FINAL,20,20,0.25,0.276,0.171601427318166,0.3975,0.686405709272662,0.548608432172379,0.276
WFG7,10,13,51013,"S3_(0.50,0.75]",score_hybrid,top25,population_final,retention,FINAL,20,20,0.25,0.294,0.182351909084929,0.3975,0.729407636339716,0.469128154873163,0.294
WFG7,10,13,51013,"S3_(0.50,0.75]",score_v,top25,population_final,retention,FINAL,20,20,0.25,0.38,0.239262153823947,0.3975,0.957048615295787,0.47969093972486,0.38
WFG7,10,13,51013,"S4_(0.75,1.00]",anchor_margin,top25,population_final,retention,FINAL,21,21,0.25,0.577142857142857,0.216572627860622,0.648095238095238,0.866290511442488,0.49404002128175,0.577142857142857
WFG7,10,13,51013,"S4_(0.75,1.00]",score_hybrid,top25,population_final,retention,FINAL,21,21,0.25,0.523809523809524,0.193390653904525,0.648095238095238,0.773562615618101,0.4175201417393,0.523809523809524
WFG7,10,13,51013,"S4_(0.75,1.00]",score_v,top25,population_final,retention,FINAL,21,21,0.25,0.575238095238095,0.219845423064125,0.648095238095238,0.8793816922565,0.416466369852083,0.575238095238095
WFG7,10,14,51014,"S1_[0,0.25]",anchor_margin,top25,population_final,retention,FINAL,5,5,0.25,0.04,0.0569315445476436,0.178,0.227726178190574,0.449537514530197,0.04
WFG7,10,14,51014,"S1_[0,0.25]",score_hybrid,top25,population_final,retention,FINAL,5,5,0.25,0.04,0.057516339869281,0.178,0.230065359477124,0.406791022003166,0.04
WFG7,10,14,51014,"S1_[0,0.25]",score_v,top25,population_final,retention,FINAL,5,5,0.25,0.048,0.0673890608875129,0.178,0.269556243550052,0.32971165512029,0.048
WFG7,10,14,51014,"S2_(0.25,0.50]",anchor_margin,top25,population_final,retention,FINAL,21,21,0.25,0.0647619047619048,0.0609990284445914,0.256666666666667,0.243996113778365,0.444520046910629,0.0647619047619048
WFG7,10,14,51014,"S2_(0.25,0.50]",score_hybrid,top25,population_final,retention,FINAL,21,21,0.25,0.060952380952381,0.0578687460285947,0.256666666666667,0.231474984114379,0.237052246138032,0.060952380952381
WFG7,10,14,51014,"S2_(0.25,0.50]",score_v,top25,population_final,retention,FINAL,21,21,0.25,0.0647619047619048,0.0617614519809851,0.256666666666667,0.24704580792394,0.240735143723742,0.0647619047619048
WFG7,10,14,51014,"S3_(0.50,0.75]",anchor_margin,top25,population_final,retention,FINAL,20,20,0.25,0.21,0.118185255045102,0.4215,0.472741020180409,0.443293359635106,0.21
WFG7,10,14,51014,"S3_(0.50,0.75]",score_hybrid,top25,population_final,retention,FINAL,20,20,0.25,0.234,0.136845114622845,0.4215,0.547380458491381,0.318764222574711,0.234
WFG7,10,14,51014,"S3_(0.50,0.75]",score_v,top25,population_final,retention,FINAL,20,20,0.25,0.292,0.168889016236548,0.4215,0.67555606494619,0.326648520668894,0.292
WFG7,10,14,51014,"S4_(0.75,1.00]",anchor_margin,top25,population_final,retention,FINAL,21,21,0.25,0.678095238095238,0.222075325598276,0.75,0.888301302393105,0.526904876366781,0.678095238095238
WFG7,10,14,51014,"S4_(0.75,1.00]",score_hybrid,top25,population_final,retention,FINAL,21,21,0.25,0.619047619047619,0.201124083611217,0.75,0.804496334444868,0.343743967865662,0.619047619047619
WFG7,10,14,51014,"S4_(0.75,1.00]",score_v,top25,population_final,retention,FINAL,21,21,0.25,0.575238095238095,0.187569907937308,0.75,0.750279631749231,0.275208014674806,0.575238095238095
WFG7,10,15,51015,"S1_[0,0.25]",anchor_margin,top25,population_final,retention,FINAL,5,5,0.25,0.128,0.188572411420709,0.172,0.754289645682835,0.532664231999103,0.128
WFG7,10,15,51015,"S1_[0,0.25]",score_hybrid,top25,population_final,retention,FINAL,5,5,0.25,0.088,0.124719642242862,0.172,0.498878568971448,0.442005316339485,0.088
WFG7,10,15,51015,"S1_[0,0.25]",score_v,top25,population_final,retention,FINAL,5,5,0.25,0.088,0.125304437564499,0.172,0.501217750257998,0.379310921520072,0.088
WFG7,10,15,51015,"S2_(0.25,0.50]",anchor_margin,top25,population_final,retention,FINAL,21,21,0.25,0.161904761904762,0.114171023512452,0.346190476190476,0.45668409404981,0.46618339426934,0.161904761904762
WFG7,10,15,51015,"S2_(0.25,0.50]",score_hybrid,top25,population_final,retention,FINAL,21,21,0.25,0.245714285714286,0.176276173641252,0.346190476190476,0.705104694565006,0.359610487403825,0.245714285714286
WFG7,10,15,51015,"S2_(0.25,0.50]",score_v,top25,population_final,retention,FINAL,21,21,0.25,0.192380952380952,0.14052583533801,0.346190476190476,0.56210334135204,0.362999700484536,0.192380952380952
WFG7,10,15,51015,"S3_(0.50,0.75]",anchor_margin,top25,population_final,retention,FINAL,20,20,0.25,0.326,0.164044404667142,0.4975,0.656177618668569,0.468610272401248,0.326
WFG7,10,15,51015,"S3_(0.50,0.75]",score_hybrid,top25,population_final,retention,FINAL,20,20,0.25,0.372,0.187578712678658,0.4975,0.750314850714633,0.373915251803643,0.372
WFG7,10,15,51015,"S3_(0.50,0.75]",score_v,top25,population_final,retention,FINAL,20,20,0.25,0.29,0.146621599041561,0.4975,0.586486396166244,0.365168925984854,0.29
WFG7,10,15,51015,"S4_(0.75,1.00]",anchor_margin,top25,population_final,retention,FINAL,21,21,0.25,0.573333333333333,0.202066272749539,0.70047619047619,0.808265090998155,0.46361433695,0.573333333333333
WFG7,10,15,51015,"S4_(0.75,1.00]",score_hybrid,top25,population_final,retention,FINAL,21,21,0.25,0.580952380952381,0.20357914244645,0.70047619047619,0.814316569785801,0.365193698347309,0.580952380952381
WFG7,10,15,51015,"S4_(0.75,1.00]",score_v,top25,population_final,retention,FINAL,21,21,0.25,0.552380952380952,0.190892791855923,0.70047619047619,0.76357116742369,0.347524719487709,0.552380952380952
WFG7,10,16,51016,"S1_[0,0.25]",anchor_margin,top25,population_final,retention,FINAL,5,5,0.25,0.096,0.184615384615385,0.13,0.738461538461538,0.59920424403183,0.096
WFG7,10,16,51016,"S1_[0,0.25]",score_hybrid,top25,population_final,retention,FINAL,5,5,0.25,0.088,0.169230769230769,0.13,0.676923076923077,0.496198054818745,0.088
WFG7,10,16,51016,"S1_[0,0.25]",score_v,top25,population_final,retention,FINAL,5,5,0.25,0.072,0.138461538461538,0.13,0.553846153846154,0.349425287356322,0.072
WFG7,10,16,51016,"S2_(0.25,0.50]",anchor_margin,top25,population_final,retention,FINAL,21,21,0.25,0.144761904761905,0.173355480798353,0.202380952380952,0.693421923193411,0.499627219300793,0.144761904761905
WFG7,10,16,51016,"S2_(0.25,0.50]",score_hybrid,top25,population_final,retention,FINAL,21,21,0.25,0.104761904761905,0.123297289935208,0.202380952380952,0.493189159740833,0.298132509983299,0.104761904761905
WFG7,10,16,51016,"S2_(0.25,0.50]",score_v,top25,population_final,retention,FINAL,21,21,0.25,0.140952380952381,0.166806305054499,0.202380952380952,0.667225220217996,0.316271961786004,0.140952380952381
WFG7,10,16,51016,"S3_(0.50,0.75]",anchor_margin,top25,population_final,retention,FINAL,20,20,0.25,0.22,0.144514434728012,0.382,0.578057738912046,0.448361801760787,0.22
WFG7,10,16,51016,"S3_(0.50,0.75]",score_hybrid,top25,population_final,retention,FINAL,20,20,0.25,0.242,0.157227609726254,0.382,0.628910438905017,0.376760324429714,0.242
WFG7,10,16,51016,"S3_(0.50,0.75]",score_v,top25,population_final,retention,FINAL,20,20,0.25,0.426,0.278064002734976,0.382,1.1122560109399,0.455200887692441,0.426
WFG7,10,16,51016,"S4_(0.75,1.00]",anchor_margin,top25,population_final,retention,FINAL,21,21,0.25,0.567619047619048,0.194449385995414,0.709047619047619,0.777797543981656,0.393678368959213,0.567619047619048
WFG7,10,16,51016,"S4_(0.75,1.00]",score_hybrid,top25,population_final,retention,FINAL,21,21,0.25,0.601904761904762,0.2082295025294,0.709047619047619,0.832918010117599,0.387326790860199,0.601904761904762
WFG7,10,16,51016,"S4_(0.75,1.00]",score_v,top25,population_final,retention,FINAL,21,21,0.25,0.735238095238095,0.260707119453288,0.709047619047619,1.04282847781315,0.483416158658721,0.735238095238095
WFG7,10,17,51017,"S1_[0,0.25]",anchor_margin,top25,population_final,retention,FINAL,5,5,0.25,0.088,0.130882352941176,0.168,0.523529411764706,0.4860442821707,0.088
WFG7,10,17,51017,"S1_[0,0.25]",score_hybrid,top25,population_final,retention,FINAL,5,5,0.25,0.064,0.0955882352941177,0.168,0.382352941176471,0.423024978063515,0.064
WFG7,10,17,51017,"S1_[0,0.25]",score_v,top25,population_final,retention,FINAL,5,5,0.25,0.056,0.0830882352941177,0.168,0.332352941176471,0.324449794978232,0.056
WFG7,10,17,51017,"S2_(0.25,0.50]",anchor_margin,top25,population_final,retention,FINAL,21,21,0.25,0.0361904761904762,0.046801995652062,0.187142857142857,0.187207982608248,0.407898726252103,0.0361904761904762
WFG7,10,17,51017,"S2_(0.25,0.50]",score_hybrid,top25,population_final,retention,FINAL,21,21,0.25,0.0171428571428571,0.0221466364323507,0.187142857142857,0.0885865457294029,0.178298119896893,0.0171428571428571
WFG7,10,17,51017,"S2_(0.25,0.50]",score_v,top25,population_final,retention,FINAL,21,21,0.25,0.0152380952380952,0.0195175146081825,0.187142857142857,0.0780700584327298,0.180242501384388,0.0152380952380952
WFG7,10,17,51017,"S3_(0.50,0.75]",anchor_margin,top25,population_final,retention,FINAL,20,20,0.25,0.16,0.106599948726535,0.345,0.426399794906139,0.430580948719758,0.16
WFG7,10,17,51017,"S3_(0.50,0.75]",score_hybrid,top25,population_final,retention,FINAL,20,20,0.25,0.118,0.0775141714720771,0.345,0.310056685888309,0.250556381696412,0.118
WFG7,10,17,51017,"S3_(0.50,0.75]",score_v,top25,population_final,retention,FINAL,20,20,0.25,0.184,0.115532626323035,0.345,0.462130505292139,0.267711041612009,0.184
WFG7,10,17,51017,"S4_(0.75,1.00]",anchor_margin,top25,population_final,retention,FINAL,21,21,0.25,0.540952380952381,0.193644890607316,0.692380952380952,0.774579562429265,0.406444045479698,0.540952380952381
WFG7,10,17,51017,"S4_(0.75,1.00]",score_hybrid,top25,population_final,retention,FINAL,21,21,0.25,0.504761904761905,0.178879993310365,0.692380952380952,0.715519973241461,0.314038956471594,0.504761904761905
WFG7,10,17,51017,"S4_(0.75,1.00]",score_v,top25,population_final,retention,FINAL,21,21,0.25,0.472380952380952,0.169621676981035,0.692380952380952,0.678486707924142,0.302989706895467,0.472380952380952
WFG7,10,18,51018,"S1_[0,0.25]",anchor_margin,top25,population_final,retention,FINAL,5,5,0.25,0.104,0.162892156862745,0.162,0.65156862745098,0.500442619216361,0.104
WFG7,10,18,51018,"S1_[0,0.25]",score_hybrid,top25,population_final,retention,FINAL,5,5,0.25,0.072,0.110392156862745,0.162,0.44156862745098,0.396946846208363,0.072
WFG7,10,18,51018,"S1_[0,0.25]",score_v,top25,population_final,retention,FINAL,5,5,0.25,0.056,0.0868627450980392,0.162,0.347450980392157,0.335331160777564,0.056
WFG7,10,18,51018,"S2_(0.25,0.50]",anchor_margin,top25,population_final,retention,FINAL,21,21,0.25,0.0304761904761905,0.0419992558426879,0.187619047619048,0.167997023370752,0.388521288713955,0.0304761904761905
WFG7,10,18,51018,"S2_(0.25,0.50]",score_hybrid,top25,population_final,retention,FINAL,21,21,0.25,0.0266666666666667,0.0362219449183182,0.187619047619048,0.144887779673273,0.208668459264488,0.0266666666666667
WFG7,10,18,51018,"S2_(0.25,0.50]",score_v,top25,population_final,retention,FINAL,21,21,0.25,0.04,0.0536255437847654,0.187619047619048,0.214502175139061,0.223148677752294,0.04
WFG7,10,18,51018,"S3_(0.50,0.75]",anchor_margin,top25,population_final,retention,FINAL,20,20,0.25,0.182,0.11877148689518,0.366,0.475085947580719,0.443726204017119,0.182
WFG7,10,18,51018,"S3_(0.50,0.75]",score_hybrid,top25,population_final,retention,FINAL,20,20,0.25,0.106,0.0692581261204876,0.366,0.27703250448195,0.264785908708296,0.106
WFG7,10,18,51018,"S3_(0.50,0.75]",score_v,top25,population_final,retention,FINAL,20,20,0.25,0.248,0.166833770465533,0.366,0.667335081862134,0.345098887813468,0.248
WFG7,10,18,51018,"S4_(0.75,1.00]",anchor_margin,top25,population_final,retention,FINAL,21,21,0.25,0.546666666666667,0.196397666922927,0.657619047619048,0.785590667691709,0.465197243046623,0.546666666666667
WFG7,10,18,51018,"S4_(0.75,1.00]",score_hybrid,top25,population_final,retention,FINAL,21,21,0.25,0.497142857142857,0.174596207701914,0.657619047619048,0.698384830807657,0.353665229957193,0.497142857142857
WFG7,10,18,51018,"S4_(0.75,1.00]",score_v,top25,population_final,retention,FINAL,21,21,0.25,0.56,0.205320269608816,0.657619047619048,0.821281078435265,0.391678149198159,0.56
WFG7,10,19,51019,"S1_[0,0.25]",anchor_margin,top25,population_final,retention,FINAL,5,5,0.25,0.096,0.160370071105365,0.15,0.641480284421461,0.517058330958936,0.096
WFG7,10,19,51019,"S1_[0,0.25]",score_hybrid,top25,population_final,retention,FINAL,5,5,0.25,0.096,0.162891079508727,0.15,0.651564318034906,0.532768496954847,0.096
WFG7,10,19,51019,"S1_[0,0.25]",score_v,top25,population_final,retention,FINAL,5,5,0.25,0.096,0.160370071105365,0.15,0.641480284421461,0.44771953576479,0.096
WFG7,10,19,51019,"S2_(0.25,0.50]",anchor_margin,top25,population_final,retention,FINAL,21,21,0.25,0.125714285714286,0.128485459880131,0.243809523809524,0.513941839520525,0.432332271160711,0.125714285714286
WFG7,10,19,51019,"S2_(0.25,0.50]",score_hybrid,top25,population_final,retention,FINAL,21,21,0.25,0.0742857142857143,0.0810305836340054,0.243809523809524,0.324122334536022,0.349859077284847,0.0742857142857143
WFG7,10,19,51019,"S2_(0.25,0.50]",score_v,top25,population_final,retention,FINAL,21,21,0.25,0.0685714285714286,0.0707434639740376,0.243809523809524,0.28297385589615,0.334438872237006,0.0685714285714286
WFG7,10,19,51019,"S3_(0.50,0.75]",anchor_margin,top25,population_final,retention,FINAL,20,20,0.25,0.348,0.178240922808471,0.4825,0.712963691233884,0.446712593172885,0.348
WFG7,10,19,51019,"S3_(0.50,0.75]",score_hybrid,top25,population_final,retention,FINAL,20,20,0.25,0.282,0.141956719624558,0.4825,0.567826878498231,0.339946878104086,0.282
WFG7,10,19,51019,"S3_(0.50,0.75]",score_v,top25,population_final,retention,FINAL,20,20,0.25,0.27,0.138988846209963,0.4825,0.555955384839852,0.333371600891018,0.27
WFG7,10,19,51019,"S4_(0.75,1.00]",anchor_margin,top25,population_final,retention,FINAL,21,21,0.25,0.67047619047619,0.212923019632458,0.769047619047619,0.851692078529832,0.450010084573169,0.67047619047619
WFG7,10,19,51019,"S4_(0.75,1.00]",score_hybrid,top25,population_final,retention,FINAL,21,21,0.25,0.699047619047619,0.223965107745777,0.769047619047619,0.895860430983107,0.425535700717215,0.699047619047619
WFG7,10,19,51019,"S4_(0.75,1.00]",score_v,top25,population_final,retention,FINAL,21,21,0.25,0.685714285714286,0.216101129682616,0.769047619047619,0.864404518730464,0.434990070972332,0.685714285714286
WFG7,10,20,51020,"S1_[0,0.25]",anchor_margin,top25,population_final,retention,FINAL,5,5,0.25,0.032,0.0712121212121212,0.112,0.284848484848485,0.508499319033027,0.032
WFG7,10,20,51020,"S1_[0,0.25]",score_hybrid,top25,population_final,retention,FINAL,5,5,0.25,0.032,0.0712121212121212,0.112,0.284848484848485,0.377419560776302,0.032
WFG7,10,20,51020,"S1_[0,0.25]",score_v,top25,population_final,retention,FINAL,5,5,0.25,0.048,0.106060606060606,0.112,0.424242424242424,0.286444501191692,0.048
WFG7,10,20,51020,"S2_(0.25,0.50]",anchor_margin,top25,population_final,retention,FINAL,21,21,0.25,0.0647619047619048,0.076431942245274,0.208095238095238,0.305727768981096,0.403656716536308,0.0647619047619048
WFG7,10,20,51020,"S2_(0.25,0.50]",score_hybrid,top25,population_final,retention,FINAL,21,21,0.25,0.0552380952380952,0.0680382003968508,0.208095238095238,0.272152801587403,0.260643022614834,0.0552380952380952
WFG7,10,20,51020,"S2_(0.25,0.50]",score_v,top25,population_final,retention,FINAL,21,21,0.25,0.0780952380952381,0.0986973341288609,0.208095238095238,0.394789336515444,0.305196710458656,0.0780952380952381
WFG7,10,20,51020,"S3_(0.50,0.75]",anchor_margin,top25,population_final,retention,FINAL,20,20,0.25,0.166,0.11960944099694,0.345,0.478437763987759,0.432802534173421,0.166
WFG7,10,20,51020,"S3_(0.50,0.75]",score_hybrid,top25,population_final,retention,FINAL,20,20,0.25,0.096,0.067482865200691,0.345,0.269931460802764,0.299410904072538,0.096
WFG7,10,20,51020,"S3_(0.50,0.75]",score_v,top25,population_final,retention,FINAL,20,20,0.25,0.13,0.0963453210900653,0.345,0.385381284360261,0.327575446957458,0.13
WFG7,10,20,51020,"S4_(0.75,1.00]",anchor_margin,top25,population_final,retention,FINAL,21,21,0.25,0.460952380952381,0.174425199550103,0.635238095238095,0.697700798200411,0.39606534509072,0.460952380952381
WFG7,10,20,51020,"S4_(0.75,1.00]",score_hybrid,top25,population_final,retention,FINAL,21,21,0.25,0.434285714285714,0.161318322651885,0.635238095238095,0.64527329060754,0.304390881388462,0.434285714285714
WFG7,10,20,51020,"S4_(0.75,1.00]",score_v,top25,population_final,retention,FINAL,21,21,0.25,0.516190476190476,0.190563831049569,0.635238095238095,0.762255324198277,0.385388570629359,0.516190476190476
WFG7,10,21,51021,"S1_[0,0.25]",anchor_margin,top25,population_final,retention,FINAL,5,5,0.25,0.0,0.0,0.09,0.0,0.496703296703297,0.0
WFG7,10,21,51021,"S1_[0,0.25]",score_hybrid,top25,population_final,retention,FINAL,5,5,0.25,0.032,0.0888888888888889,0.09,0.355555555555556,0.368742368742369,0.032
WFG7,10,21,51021,"S1_[0,0.25]",score_v,top25,population_final,retention,FINAL,5,5,0.25,0.04,0.111111111111111,0.09,0.444444444444444,0.345787545787546,0.04
WFG7,10,21,51021,"S2_(0.25,0.50]",anchor_margin,top25,population_final,retention,FINAL,21,21,0.25,0.0514285714285714,0.0941010708867852,0.126190476190476,0.376404283547141,0.471327577432157,0.0514285714285714
WFG7,10,21,51021,"S2_(0.25,0.50]",score_hybrid,top25,population_final,retention,FINAL,21,21,0.25,0.0285714285714286,0.0521188467617039,0.126190476190476,0.208475387046816,0.286812972515301,0.0285714285714286
WFG7,10,21,51021,"S2_(0.25,0.50]",score_v,top25,population_final,retention,FINAL,21,21,0.25,0.0514285714285714,0.0802598195455338,0.126190476190476,0.321039278182135,0.274968819266849,0.0514285714285714
WFG7,10,21,51021,"S3_(0.50,0.75]",anchor_margin,top25,population_final,retention,FINAL,20,20,0.25,0.162,0.117584401900952,0.349,0.47033760760381,0.443190095472584,0.162
WFG7,10,21,51021,"S3_(0.50,0.75]",score_hybrid,top25,population_final,retention,FINAL,20,20,0.25,0.172,0.120197543579884,0.349,0.480790174319534,0.361875721169376,0.172
WFG7,10,21,51021,"S3_(0.50,0.75]",score_v,top25,population_final,retention,FINAL,20,20,0.25,0.354,0.255714661066163,0.349,1.02285864426465,0.460912239749068,0.354
WFG7,10,21,51021,"S4_(0.75,1.00]",anchor_margin,top25,population_final,retention,FINAL,21,21,0.25,0.546666666666667,0.197324406556881,0.675238095238095,0.789297626227523,0.428205115924037,0.546666666666667
WFG7,10,21,51021,"S4_(0.75,1.00]",score_hybrid,top25,population_final,retention,FINAL,21,21,0.25,0.521904761904762,0.187078961513738,0.675238095238095,0.748315846054954,0.356046277340694,0.521904761904762
WFG7,10,21,51021,"S4_(0.75,1.00]",score_v,top25,population_final,retention,FINAL,21,21,0.25,0.638095238095238,0.238782781376188,0.675238095238095,0.955131125504753,0.413336101551465,0.638095238095238
WFG7,10,22,51022,"S1_[0,0.25]",anchor_margin,top25,population_final,retention,FINAL,5,5,0.25,0.144,0.159057971014493,0.23,0.636231884057971,0.557429331728531,0.144
WFG7,10,22,51022,"S1_[0,0.25]",score_hybrid,top25,population_final,retention,FINAL,5,5,0.25,0.104,0.114756258234519,0.23,0.459025032938076,0.4290460826359,0.104
WFG7,10,22,51022,"S1_[0,0.25]",score_v,top25,population_final,retention,FINAL,5,5,0.25,0.088,0.0961791831357049,0.23,0.38471673254282,0.377134102548862,0.088
WFG7,10,22,51022,"S2_(0.25,0.50]",anchor_margin,top25,population_final,retention,FINAL,21,21,0.25,0.20952380952381,0.142697089203715,0.357142857142857,0.570788356814858,0.459610380915867,0.20952380952381
WFG7,10,22,51022,"S2_(0.25,0.50]",score_hybrid,top25,population_final,retention,FINAL,21,21,0.25,0.133333333333333,0.0884327019785889,0.357142857142857,0.353730807914355,0.327111683560925,0.133333333333333
WFG7,10,22,51022,"S2_(0.25,0.50]",score_v,top25,population_final,retention,FINAL,21,21,0.25,0.11047619047619,0.0779322824730985,0.357142857142857,0.311729129892394,0.311776104891955,0.11047619047619
WFG7,10,22,51022,"S3_(0.50,0.75]",anchor_margin,top25,population_final,retention,FINAL,20,20,0.25,0.39,0.17175634386352,0.564,0.687025375454078,0.419759016188919,0.39
WFG7,10,22,51022,"S3_(0.50,0.75]",score_hybrid,top25,population_final,retention,FINAL,20,20,0.25,0.282,0.123752025049251,0.564,0.495008100197002,0.272232617945647,0.282
WFG7,10,22,51022,"S3_(0.50,0.75]",score_v,top25,population_final,retention,FINAL,20,20,0.25,0.3,0.12731507599236,0.564,0.50926030396944,0.288643569327125,0.3
WFG7,10,22,51022,"S4_(0.75,1.00]",anchor_margin,top25,population_final,retention,FINAL,21,21,0.25,0.756190476190476,0.229289561391069,0.815714285714286,0.917158245564276,0.41920688203191,0.756190476190476
WFG7,10,22,51022,"S4_(0.75,1.00]",score_hybrid,top25,population_final,retention,FINAL,21,21,0.25,0.685714285714286,0.206914545022965,0.815714285714286,0.82765818009186,0.250377652139576,0.685714285714286
WFG7,10,22,51022,"S4_(0.75,1.00]",score_v,top25,population_final,retention,FINAL,21,21,0.25,0.662857142857143,0.202337757444902,0.815714285714286,0.809351029779608,0.263330917728655,0.662857142857143
WFG7,10,23,51023,"S1_[0,0.25]",anchor_margin,top25,population_final,retention,FINAL,5,5,0.25,0.104,0.179047619047619,0.146,0.716190476190476,0.504302586150739,0.104
WFG7,10,23,51023,"S1_[0,0.25]",score_hybrid,top25,population_final,retention,FINAL,5,5,0.25,0.04,0.0704761904761905,0.146,0.281904761904762,0.447519379844961,0.04
WFG7,10,23,51023,"S1_[0,0.25]",score_v,top25,population_final,retention,FINAL,5,5,0.25,0.024,0.0419047619047619,0.146,0.167619047619048,0.313363038238551,0.024
WFG7,10,23,51023,"S2_(0.25,0.50]",anchor_margin,top25,population_final,retention,FINAL,21,21,0.25,0.0952380952380953,0.100371773443863,0.247619047619048,0.401487093775451,0.495625481620357,0.0952380952380953
WFG7,10,23,51023,"S2_(0.25,0.50]",score_hybrid,top25,population_final,retention,FINAL,21,21,0.25,0.0457142857142857,0.0530937013335074,0.247619047619048,0.21237480533403,0.267184866971068,0.0457142857142857
WFG7,10,23,51023,"S2_(0.25,0.50]",score_v,top25,population_final,retention,FINAL,21,21,0.25,0.0723809523809524,0.0714520559842294,0.247619047619048,0.285808223936918,0.255963572252338,0.0723809523809524
WFG7,10,23,51023,"S3_(0.50,0.75]",anchor_margin,top25,population_final,retention,FINAL,20,20,0.25,0.146,0.0920837120517285,0.3875,0.368334848206914,0.432263585365904,0.146
WFG7,10,23,51023,"S3_(0.50,0.75]",score_hybrid,top25,population_final,retention,FINAL,20,20,0.25,0.1,0.0598581536942647,0.3875,0.239432614777059,0.269639456916357,0.1
WFG7,10,23,51023,"S3_(0.50,0.75]",score_v,top25,population_final,retention,FINAL,20,20,0.25,0.206,0.128871868583922,0.3875,0.515487474335689,0.339809563602291,0.206
WFG7,10,23,51023,"S4_(0.75,1.00]",anchor_margin,top25,population_final,retention,FINAL,21,21,0.25,0.539047619047619,0.182239474580057,0.718571428571429,0.728957898320227,0.454350318119233,0.539047619047619
WFG7,10,23,51023,"S4_(0.75,1.00]",score_hybrid,top25,population_final,retention,FINAL,21,21,0.25,0.552380952380952,0.1857703410826,0.718571428571429,0.743081364330401,0.309669537371289,0.552380952380952
WFG7,10,23,51023,"S4_(0.75,1.00]",score_v,top25,population_final,retention,FINAL,21,21,0.25,0.582857142857143,0.201711411948041,0.718571428571429,0.806845647792163,0.309322717340615,0.582857142857143
WFG7,10,24,51024,"S1_[0,0.25]",anchor_margin,top25,population_final,retention,FINAL,5,5,0.25,0.136,0.219444444444444,0.156,0.877777777777778,0.542709683845177,0.136
WFG7,10,24,51024,"S1_[0,0.25]",score_hybrid,top25,population_final,retention,FINAL,5,5,0.25,0.12,0.19265873015873,0.156,0.770634920634921,0.445806520046097,0.12
WFG7,10,24,51024,"S1_[0,0.25]",score_v,top25,population_final,retention,FINAL,5,5,0.25,0.152,0.241269841269841,0.156,0.965079365079365,0.405347295374947,0.152
WFG7,10,24,51024,"S2_(0.25,0.50]",anchor_margin,top25,population_final,retention,FINAL,21,21,0.25,0.137142857142857,0.146773157624861,0.241904761904762,0.587092630499442,0.471125394089814,0.137142857142857
WFG7,10,24,51024,"S2_(0.25,0.50]",score_hybrid,top25,population_final,retention,FINAL,21,21,0.25,0.114285714285714,0.122403218789546,0.241904761904762,0.489612875158185,0.364384140525353,0.114285714285714
WFG7,10,24,51024,"S2_(0.25,0.50]",score_v,top25,population_final,retention,FINAL,21,21,0.25,0.180952380952381,0.188386625068646,0.241904761904762,0.753546500274584,0.38531412222703,0.180952380952381
WFG7,10,24,51024,"S3_(0.50,0.75]",anchor_margin,top25,population_final,retention,FINAL,20,20,0.25,0.18,0.11917113797705,0.365,0.4766845519082,0.43167194564557,0.18
WFG7,10,24,51024,"S3_(0.50,0.75]",score_hybrid,top25,population_final,retention,FINAL,20,20,0.25,0.16,0.103485921920317,0.365,0.413943687681268,0.347391301167914,0.16
WFG7,10,24,51024,"S3_(0.50,0.75]",score_v,top25,population_final,retention,FINAL,20,20,0.25,0.29,0.195245276004825,0.365,0.7809811040193,0.373703829949479,0.29
WFG7,10,24,51024,"S4_(0.75,1.00]",anchor_margin,top25,population_final,retention,FINAL,21,21,0.25,0.554285714285714,0.194399317697751,0.698095238095238,0.777597270791003,0.411324090697848,0.554285714285714
WFG7,10,24,51024,"S4_(0.75,1.00]",score_hybrid,top25,population_final,retention,FINAL,21,21,0.25,0.563809523809524,0.1974594891476,0.698095238095238,0.789837956590399,0.432424553111353,0.563809523809524
WFG7,10,24,51024,"S4_(0.75,1.00]",score_v,top25,population_final,retention,FINAL,21,21,0.25,0.704761904761905,0.24947436852404,0.698095238095238,0.997897474096162,0.518651484845431,0.704761904761905
WFG7,10,25,51025,"S1_[0,0.25]",anchor_margin,top25,population_final,retention,FINAL,5,5,0.25,0.112,0.183767507002801,0.154,0.735070028011205,0.565476771900971,0.112
WFG7,10,25,51025,"S1_[0,0.25]",score_hybrid,top25,population_final,retention,FINAL,5,5,0.25,0.032,0.0477941176470588,0.154,0.191176470588235,0.456534494632821,0.032
WFG7,10,25,51025,"S1_[0,0.25]",score_v,top25,population_final,retention,FINAL,5,5,0.25,0.016,0.0242647058823529,0.154,0.0970588235294118,0.316313660544072,0.016
WFG7,10,25,51025,"S2_(0.25,0.50]",anchor_margin,top25,population_final,retention,FINAL,21,21,0.25,0.0857142857142857,0.094592379193377,0.238095238095238,0.378369516773508,0.439090540818769,0.0857142857142857
WFG7,10,25,51025,"S2_(0.25,0.50]",score_hybrid,top25,population_final,retention,FINAL,21,21,0.25,0.0438095238095238,0.0456218984986324,0.238095238095238,0.18248759399453,0.271900603863987,0.0438095238095238
WFG7,10,25,51025,"S2_(0.25,0.50]",score_v,top25,population_final,retention,FINAL,21,21,0.25,0.060952380952381,0.0570403169171642,0.238095238095238,0.228161267668657,0.216817282894008,0.060952380952381
WFG7,10,25,51025,"S3_(0.50,0.75]",anchor_margin,top25,population_final,retention,FINAL,20,20,0.25,0.262,0.156959235724613,0.4055,0.62783694289845,0.455578691531052,0.262
WFG7,10,25,51025,"S3_(0.50,0.75]",score_hybrid,top25,population_final,retention,FINAL,20,20,0.25,0.222,0.132542579597094,0.4055,0.530170318388375,0.336200108082069,0.222
WFG7,10,25,51025,"S3_(0.50,0.75]",score_v,top25,population_final,retention,FINAL,20,20,0.25,0.25,0.154533478779075,0.4055,0.6181339151163,0.363775973053047,0.25
WFG7,10,25,51025,"S4_(0.75,1.00]",anchor_margin,top25,population_final,retention,FINAL,21,21,0.25,0.636190476190476,0.217046516844898,0.718571428571429,0.86818606737959,0.480371608133218,0.636190476190476
WFG7,10,25,51025,"S4_(0.75,1.00]",score_hybrid,top25,population_final,retention,FINAL,21,21,0.25,0.613333333333333,0.209743938098131,0.718571428571429,0.838975752392526,0.391069139411427,0.613333333333333
WFG7,10,25,51025,"S4_(0.75,1.00]",score_v,top25,population_final,retention,FINAL,21,21,0.25,0.542857142857143,0.181172578110694,0.718571428571429,0.724690312442777,0.384443332192994,0.542857142857143
WFG7,20,1,52001,"S1_[0,0.25]",anchor_margin,top25,population_final,retention,FINAL,5,5,0.25,0.0,0.0,0.072,0.0,0.489395717255599,0.0
WFG7,20,1,52001,"S1_[0,0.25]",score_hybrid,top25,population_final,retention,FINAL,5,5,0.25,0.0,0.0,0.072,0.0,0.29019196433012,0.0
WFG7,20,1,52001,"S1_[0,0.25]",score_v,top25,population_final,retention,FINAL,5,5,0.25,0.032,0.107142857142857,0.072,0.428571428571429,0.30368639615137,0.032
WFG7,20,1,52001,"S2_(0.25,0.50]",anchor_margin,top25,population_final,retention,FINAL,21,21,0.25,0.0304761904761905,0.0542405693721483,0.109047619047619,0.216962277488593,0.472621890708693,0.0304761904761905
WFG7,20,1,52001,"S2_(0.25,0.50]",score_hybrid,top25,population_final,retention,FINAL,21,21,0.25,0.0228571428571429,0.0396463916200758,0.109047619047619,0.158585566480303,0.224081635050312,0.0228571428571429
WFG7,20,1,52001,"S2_(0.25,0.50]",score_v,top25,population_final,retention,FINAL,21,21,0.25,0.059047619047619,0.113744442691811,0.109047619047619,0.454977770767244,0.287189720405164,0.059047619047619
WFG7,20,1,52001,"S3_(0.50,0.75]",anchor_margin,top25,population_final,retention,FINAL,20,20,0.25,0.076,0.0803160947436202,0.2445,0.321264378974481,0.372762732144712,0.076
WFG7,20,1,52001,"S3_(0.50,0.75]",score_hybrid,top25,population_final,retention,FINAL,20,20,0.25,0.098,0.103812004292161,0.2445,0.415248017168645,0.297009481882096,0.098
WFG7,20,1,52001,"S3_(0.50,0.75]",score_v,top25,population_final,retention,FINAL,20,20,0.25,0.166,0.17834885308994,0.2445,0.713395412359759,0.404910060118229,0.166
WFG7,20,1,52001,"S4_(0.75,1.00]",anchor_margin,top25,population_final,retention,FINAL,21,21,0.25,0.365714285714286,0.150732229994206,0.57047619047619,0.602928919976824,0.384637557905827,0.365714285714286
WFG7,20,1,52001,"S4_(0.75,1.00]",score_hybrid,top25,population_final,retention,FINAL,21,21,0.25,0.403809523809524,0.167831088299755,0.57047619047619,0.671324353199018,0.348599851381626,0.403809523809524
WFG7,20,1,52001,"S4_(0.75,1.00]",score_v,top25,population_final,retention,FINAL,21,21,0.25,0.544761904761905,0.230126176986021,0.57047619047619,0.920504707944086,0.483738352395184,0.544761904761905
WFG7,20,2,52002,"S1_[0,0.25]",anchor_margin,top25,population_final,retention,FINAL,5,5,0.25,0.0,0.0,0.074,0.0,0.449387416853883,0.0
WFG7,20,2,52002,"S1_[0,0.25]",score_hybrid,top25,population_final,retention,FINAL,5,5,0.25,0.024,0.1,0.074,0.4,0.324335559325936,0.024
WFG7,20,2,52002,"S1_[0,0.25]",score_v,top25,population_final,retention,FINAL,5,5,0.25,0.024,0.075,0.074,0.3,0.3866999428759,0.024
WFG7,20,2,52002,"S2_(0.25,0.50]",anchor_margin,top25,population_final,retention,FINAL,21,21,0.25,0.0152380952380952,0.0339433714433714,0.101904761904762,0.135773485773486,0.448031261312394,0.0152380952380952
WFG7,20,2,52002,"S2_(0.25,0.50]",score_hybrid,top25,population_final,retention,FINAL,21,21,0.25,0.0019047619047619,0.0052910052910052,0.101904761904762,0.0211640211640212,0.194042490275533,0.0019047619047619
WFG7,20,2,52002,"S2_(0.25,0.50]",score_v,top25,population_final,retention,FINAL,21,21,0.25,0.0304761904761905,0.0560689310689311,0.101904761904762,0.224275724275724,0.207404916785525,0.0304761904761905
WFG7,20,2,52002,"S3_(0.50,0.75]",anchor_margin,top25,population_final,retention,FINAL,20,20,0.25,0.174,0.152442685446635,0.2815,0.60977074178654,0.50036676810778,0.174
WFG7,20,2,52002,"S3_(0.50,0.75]",score_hybrid,top25,population_final,retention,FINAL,20,20,0.25,0.114,0.0913678404491801,0.2815,0.36547136179672,0.379706284667075,0.114
WFG7,20,2,52002,"S3_(0.50,0.75]",score_v,top25,population_final,retention,FINAL,20,20,0.25,0.386,0.34350247639174,0.2815,1.37400990556696,0.493379072955023,0.386
WFG7,20,2,52002,"S4_(0.75,1.00]",anchor_margin,top25,population_final,retention,FINAL,21,21,0.25,0.521904761904762,0.185682188274522,0.686666666666667,0.742728753098088,0.457184761094227,0.521904761904762
WFG7,20,2,52002,"S4_(0.75,1.00]",score_hybrid,top25,population_final,retention,FINAL,21,21,0.25,0.56,0.201483743992035,0.686666666666667,0.805934975968141,0.385311218462504,0.56
WFG7,20,2,52002,"S4_(0.75,1.00]",score_v,top25,population_final,retention,FINAL,21,21,0.25,0.727619047619048,0.269558320784744,0.686666666666667,1.07823328313898,0.46090758483164,0.727619047619048
WFG7,20,3,52003,"S1_[0,0.25]",anchor_margin,top25,population_final,retention,FINAL,5,5,0.25,0.008,0.025,0.078,0.1,0.480250492553263,0.008
WFG7,20,3,52003,"S1_[0,0.25]",score_hybrid,top25,population_final,retention,FINAL,5,5,0.25,0.008,0.0285714285714286,0.078,0.114285714285714,0.28785271822614,0.008
WFG7,20,3,52003,"S1_[0,0.25]",score_v,top25,population_final,retention,FINAL,5,5,0.25,0.04,0.128571428571429,0.078,0.514285714285714,0.330948624190209,0.04
WFG7,20,3,52003,"S2_(0.25,0.50]",anchor_margin,top25,population_final,retention,FINAL,21,21,0.25,0.0152380952380952,0.0211679116090881,0.142857142857143,0.0846716464363523,0.382869384406155,0.0152380952380952
WFG7,20,3,52003,"S2_(0.25,0.50]",score_hybrid,top25,population_final,retention,FINAL,21,21,0.25,0.020952380952381,0.0283107687519452,0.142857142857143,0.113243075007781,0.199714916538851,0.020952380952381
WFG7,20,3,52003,"S2_(0.25,0.50]",score_v,top25,population_final,retention,FINAL,21,21,0.25,0.0628571428571428,0.0989770267081191,0.142857142857143,0.395908106832477,0.29847012101523,0.0628571428571428
WFG7,20,3,52003,"S3_(0.50,0.75]",anchor_margin,top25,population_final,retention,FINAL,20,20,0.25,0.126,0.113207938235989,0.271,0.452831752943955,0.411757927964694,0.126
WFG7,20,3,52003,"S3_(0.50,0.75]",score_hybrid,top25,population_final,retention,FINAL,20,20,0.25,0.14,0.127537429195914,0.271,0.510149716783658,0.323146526490087,0.14
WFG7,20,3,52003,"S3_(0.50,0.75]",score_v,top25,population_final,retention,FINAL,20,20,0.25,0.224,0.205362980741662,0.271,0.821451922966649,0.410799504395482,0.224
WFG7,20,3,52003,"S4_(0.75,1.00]",anchor_margin,top25,population_final,retention,FINAL,21,21,0.25,0.392380952380952,0.170021815862222,0.552857142857143,0.680087263448888,0.435539445807838,0.392380952380952
WFG7,20,3,52003,"S4_(0.75,1.00]",score_hybrid,top25,population_final,retention,FINAL,21,21,0.25,0.436190476190476,0.191396406008163,0.552857142857143,0.76558562403265,0.380335264877462,0.436190476190476
WFG7,20,3,52003,"S4_(0.75,1.00]",score_v,top25,population_final,retention,FINAL,21,21,0.25,0.52952380952381,0.231914638642464,0.552857142857143,0.927658554569857,0.447334172524723,0.52952380952381
WFG7,20,4,52004,"S1_[0,0.25]",anchor_margin,top25,population_final,retention,FINAL,5,5,0.25,0.016,0.0916666666666667,0.058,0.366666666666667,0.518911360376105,0.016
WFG7,20,4,52004,"S1_[0,0.25]",score_hybrid,top25,population_final,retention,FINAL,5,5,0.25,0.008,0.0666666666666667,0.058,0.266666666666667,0.4306141984194,0.008
WFG7,20,4,52004,"S1_[0,0.25]",score_v,top25,population_final,retention,FINAL,5,5,0.25,0.056,0.183333333333333,0.058,0.733333333333333,0.453037902742083,0.056
WFG7,20,4,52004,"S2_(0.25,0.50]",anchor_margin,top25,population_final,retention,FINAL,21,21,0.25,0.0361904761904762,0.0450249998989495,0.186190476190476,0.180099999595798,0.371092054554535,0.0361904761904762
WFG7,20,4,52004,"S2_(0.25,0.50]",score_hybrid,top25,population_final,retention,FINAL,21,21,0.25,0.0323809523809524,0.0433141034191454,0.186190476190476,0.173256413676582,0.290700505901984,0.0323809523809524
WFG7,20,4,52004,"S2_(0.25,0.50]",score_v,top25,population_final,retention,FINAL,21,21,0.25,0.127619047619048,0.197696994390935,0.186190476190476,0.79078797756374,0.443906856966016,0.127619047619048
WFG7,20,4,52004,"S3_(0.50,0.75]",anchor_margin,top25,population_final,retention,FINAL,20,20,0.25,0.144,0.0968324938014317,0.3555,0.387329975205727,0.408121901624336,0.144
WFG7,20,4,52004,"S3_(0.50,0.75]",score_hybrid,top25,population_final,retention,FINAL,20,20,0.25,0.116,0.0777613165186945,0.3555,0.311045266074778,0.29892024866023,0.116
WFG7,20,4,52004,"S3_(0.50,0.75]",score_v,top25,population_final,retention,FINAL,20,20,0.25,0.16,0.0953668373204532,0.3555,0.381467349281813,0.355045495471373,0.16
WFG7,20,4,52004,"S4_(0.75,1.00]",anchor_margin,top25,population_final,retention,FINAL,21,21,0.25,0.535238095238095,0.183668014179489,0.708095238095238,0.734672056717954,0.423293470268659,0.535238095238095
WFG7,20,4,52004,"S4_(0.75,1.00]",score_hybrid,top25,population_final,retention,FINAL,21,21,0.25,0.512380952380952,0.175018117391843,0.708095238095238,0.700072469567373,0.340033360189378,0.512380952380952
WFG7,20,4,52004,"S4_(0.75,1.00]",score_v,top25,population_final,retention,FINAL,21,21,0.25,0.598095238095238,0.207972435368319,0.708095238095238,0.831889741473275,0.398392555314291,0.598095238095238
WFG7,20,5,52005,"S1_[0,0.25]",anchor_margin,top25,population_final,retention,FINAL,5,5,0.25,0.048,0.133333333333333,0.076,0.533333333333333,0.636405299938335,0.048
WFG7,20,5,52005,"S1_[0,0.25]",score_hybrid,top25,population_final,retention,FINAL,5,5,0.25,0.064,0.213333333333333,0.076,0.853333333333333,0.532364036113196,0.064
WFG7,20,5,52005,"S1_[0,0.25]",score_v,top25,population_final,retention,FINAL,5,5,0.25,0.088,0.284444444444444,0.076,1.13777777777778,0.552372311028526,0.088
WFG7,20,5,52005,"S2_(0.25,0.50]",anchor_margin,top25,population_final,retention,FINAL,21,21,0.25,0.0971428571428571,0.184384095518549,0.131904761904762,0.737536382074197,0.521627973409323,0.0971428571428571
WFG7,20,5,52005,"S2_(0.25,0.50]",score_hybrid,top25,population_final,retention,FINAL,21,21,0.25,0.0380952380952381,0.0756168084949597,0.131904761904762,0.302467233979839,0.374151639851028,0.0380952380952381
WFG7,20,5,52005,"S2_(0.25,0.50]",score_v,top25,population_final,retention,FINAL,21,21,0.25,0.0838095238095238,0.154977635965031,0.131904761904762,0.619910543860123,0.404886178998649,0.0838095238095238
WFG7,20,5,52005,"S3_(0.50,0.75]",anchor_margin,top25,population_final,retention,FINAL,20,20,0.25,0.124,0.117267622802669,0.266,0.469070491210677,0.465548634567414,0.124
WFG7,20,5,52005,"S3_(0.50,0.75]",score_hybrid,top25,population_final,retention,FINAL,20,20,0.25,0.098,0.0902011689926712,0.266,0.360804675970685,0.318999624269282,0.098
WFG7,20,5,52005,"S3_(0.50,0.75]",score_v,top25,population_final,retention,FINAL,20,20,0.25,0.208,0.188507830731559,0.266,0.754031322926237,0.383444380468337,0.208
WFG7,20,5,52005,"S4_(0.75,1.00]",anchor_margin,top25,population_final,retention,FINAL,21,21,0.25,0.577142857142857,0.206664888862606,0.651904761904762,0.826659555450425,0.509478662075976,0.577142857142857
WFG7,20,5,52005,"S4_(0.75,1.00]",score_hybrid,top25,population_final,retention,FINAL,21,21,0.25,0.592380952380952,0.21289316095824,0.651904761904762,0.851572643832961,0.415689986632872,0.592380952380952
WFG7,20,5,52005,"S4_(0.75,1.00]",score_v,top25,population_final,retention,FINAL,21,21,0.25,0.594285714285714,0.220303955241247,0.651904761904762,0.881215820964988,0.432667263335999,0.594285714285714
WFG7,20,6,52006,"S1_[0,0.25]",anchor_margin,top25,population_final,retention,FINAL,5,5,0.25,0.016,0.0666666666666667,0.064,0.266666666666667,0.542209203516685,0.016
WFG7,20,6,52006,"S1_[0,0.25]",score_hybrid,top25,population_final,retention,FINAL,5,5,0.25,0.0,0.0,0.064,0.0,0.457499101219074,0.0
WFG7,20,6,52006,"S1_[0,0.25]",score_v,top25,population_final,retention,FINAL,5,5,0.25,0.016,0.0571428571428571,0.064,0.228571428571429,0.343254240611825,0.016
WFG7,20,6,52006,"S2_(0.25,0.50]",anchor_margin,top25,population_final,retention,FINAL,21,21,0.25,0.0571428571428571,0.0875612454028603,0.134285714285714,0.350244981611441,0.475120482408239,0.0571428571428571
WFG7,20,6,52006,"S2_(0.25,0.50]",score_hybrid,top25,population_final,retention,FINAL,21,21,0.25,0.0342857142857143,0.0668092489521061,0.134285714285714,0.267236995808424,0.313131366741097,0.0342857142857143
WFG7,20,6,52006,"S2_(0.25,0.50]",score_v,top25,population_final,retention,FINAL,21,21,0.25,0.0628571428571428,0.108652631012879,0.134285714285714,0.434610524051518,0.349717497726341,0.0628571428571428
WFG7,20,6,52006,"S3_(0.50,0.75]",anchor_margin,top25,population_final,retention,FINAL,20,20,0.25,0.226,0.158039837401768,0.3595,0.632159349607072,0.494715251060358,0.226
WFG7,20,6,52006,"S3_(0.50,0.75]",score_hybrid,top25,population_final,retention,FINAL,20,20,0.25,0.226,0.155309175528646,0.3595,0.621236702114582,0.380295970403983,0.226
WFG7,20,6,52006,"S3_(0.50,0.75]",score_v,top25,population_final,retention,FINAL,20,20,0.25,0.286,0.201226480877132,0.3595,0.804905923508529,0.426719609327241,0.286
WFG7,20,6,52006,"S4_(0.75,1.00]",anchor_margin,top25,population_final,retention,FINAL,21,21,0.25,0.542857142857143,0.203589786145223,0.647619047619048,0.814359144580894,0.479625635357511,0.542857142857143
WFG7,20,6,52006,"S4_(0.75,1.00]",score_hybrid,top25,population_final,retention,FINAL,21,21,0.25,0.594285714285714,0.224683760416669,0.647619047619048,0.898735041666675,0.398465790559491,0.594285714285714
WFG7,20,6,52006,"S4_(0.75,1.00]",score_v,top25,population_final,retention,FINAL,21,21,0.25,0.563809523809524,0.213632249837597,0.647619047619048,0.854528999350387,0.430710552859685,0.563809523809524
WFG7,20,7,52007,"S1_[0,0.25]",anchor_margin,top25,population_final,retention,FINAL,5,5,0.25,0.024,0.075,0.078,0.3,0.564001871740655,0.024
WFG7,20,7,52007,"S1_[0,0.25]",score_hybrid,top25,population_final,retention,FINAL,5,5,0.25,0.064,0.225,0.078,0.9,0.536050308130558,0.064
WFG7,20,7,52007,"S1_[0,0.25]",score_v,top25,population_final,retention,FINAL,5,5,0.25,0.056,0.180555555555556,0.078,0.722222222222222,0.495747116358819,0.056
WFG7,20,7,52007,"S2_(0.25,0.50]",anchor_margin,top25,population_final,retention,FINAL,21,21,0.25,0.0342857142857143,0.0521536392334712,0.158571428571429,0.208614556933885,0.476004403122282,0.0342857142857143
WFG7,20,7,52007,"S2_(0.25,0.50]",score_hybrid,top25,population_final,retention,FINAL,21,21,0.25,0.020952380952381,0.0306122448979592,0.158571428571429,0.122448979591837,0.261738281741272,0.020952380952381
WFG7,20,7,52007,"S2_(0.25,0.50]",score_v,top25,population_final,retention,FINAL,21,21,0.25,0.0857142857142857,0.143867718027382,0.158571428571429,0.575470872109528,0.312042011387734,0.0857142857142857
WFG7,20,7,52007,"S3_(0.50,0.75]",anchor_margin,top25,population_final,retention,FINAL,20,20,0.25,0.198,0.125159933535253,0.3735,0.500639734141013,0.461440210384108,0.198
WFG7,20,7,52007,"S3_(0.50,0.75]",score_hybrid,top25,population_final,retention,FINAL,20,20,0.25,0.228,0.138852591065986,0.3735,0.555410364263945,0.295825569104209,0.228
WFG7,20,7,52007,"S3_(0.50,0.75]",score_v,top25,population_final,retention,FINAL,20,20,0.25,0.24,0.151771730968662,0.3735,0.607086923874648,0.357643337921278,0.24
WFG7,20,7,52007,"S4_(0.75,1.00]",anchor_margin,top25,population_final,retention,FINAL,21,21,0.25,0.641904761904762,0.217008518918167,0.732380952380952,0.868034075672667,0.419115982671399,0.641904761904762
WFG7,20,7,52007,"S4_(0.75,1.00]",score_hybrid,top25,population_final,retention,FINAL,21,21,0.25,0.64,0.215349661714015,0.732380952380952,0.86139864685606,0.343722448366292,0.64
WFG7,20,7,52007,"S4_(0.75,1.00]",score_v,top25,population_final,retention,FINAL,21,21,0.25,0.660952380952381,0.222073292646767,0.732380952380952,0.888293170587066,0.395406992110516,0.660952380952381
WFG7,20,8,52008,"S1_[0,0.25]",anchor_margin,top25,population_final,retention,FINAL,5,5,0.25,0.0,0.0,0.06,0.0,0.517312593425912,0.0
WFG7,20,8,52008,"S1_[0,0.25]",score_hybrid,top25,population_final,retention,FINAL,5,5,0.25,0.0,0.0,0.06,0.0,0.388761932284383,0.0
WFG7,20,8,52008,"S1_[0,0.25]",score_v,top25,population_final,retention,FINAL,5,5,0.25,0.024,0.0904761904761905,0.06,0.361904761904762,0.369319561773342,0.024
WFG7,20,8,52008,"S2_(0.25,0.50]",anchor_margin,top25,population_final,retention,FINAL,21,21,0.25,0.0247619047619048,0.036494305324469,0.14047619047619,0.145977221297876,0.458625399788997,0.0247619047619048
WFG7,20,8,52008,"S2_(0.25,0.50]",score_hybrid,top25,population_final,retention,FINAL,21,21,0.25,0.020952380952381,0.030291824332072,0.14047619047619,0.121167297328288,0.242326700149478,0.020952380952381
WFG7,20,8,52008,"S2_(0.25,0.50]",score_v,top25,population_final,retention,FINAL,21,21,0.25,0.0247619047619048,0.0414879694567886,0.14047619047619,0.165951877827154,0.271871792235643,0.0247619047619048
WFG7,20,8,52008,"S3_(0.50,0.75]",anchor_margin,top25,population_final,retention,FINAL,20,20,0.25,0.12,0.101377038909641,0.2675,0.405508155638565,0.425065100376139,0.12
WFG7,20,8,52008,"S3_(0.50,0.75]",score_hybrid,top25,population_final,retention,FINAL,20,20,0.25,0.088,0.0731366935191979,0.2675,0.292546774076792,0.220279526278249,0.088
WFG7,20,8,52008,"S3_(0.50,0.75]",score_v,top25,population_final,retention,FINAL,20,20,0.25,0.11,0.0893698151969028,0.2675,0.357479260787611,0.243093360238192,0.11
WFG7,20,8,52008,"S4_(0.75,1.00]",anchor_margin,top25,population_final,retention,FINAL,21,21,0.25,0.483809523809524,0.199546018142758,0.605238095238095,0.798184072571033,0.471663331831823,0.483809523809524
WFG7,20,8,52008,"S4_(0.75,1.00]",score_hybrid,top25,population_final,retention,FINAL,21,21,0.25,0.445714285714286,0.178589854049267,0.605238095238095,0.714359416197068,0.369956634012505,0.445714285714286
WFG7,20,8,52008,"S4_(0.75,1.00]",score_v,top25,population_final,retention,FINAL,21,21,0.25,0.582857142857143,0.236244826225972,0.605238095238095,0.944979304903889,0.415967343191537,0.582857142857143
WFG7,20,9,52009,"S1_[0,0.25]",anchor_margin,top25,population_final,retention,FINAL,5,5,0.25,0.0,0.0,0.04,0.0,0.511458333333333,0.0
WFG7,20,9,52009,"S1_[0,0.25]",score_hybrid,top25,population_final,retention,FINAL,5,5,0.25,0.0,0.0,0.04,0.0,0.2609375,0.0
WFG7,20,9,52009,"S1_[0,0.25]",score_v,top25,population_final,retention,FINAL,5,5,0.25,0.0,0.0,0.04,0.0,0.259895833333333,0.0
WFG7,20,9,52009,"S2_(0.25,0.50]",anchor_margin,top25,population_final,retention,FINAL,21,21,0.25,0.0609523809523809,0.0756649956019704,0.168095238095238,0.302659982407882,0.475730226480745,0.0609523809523809
WFG7,20,9,52009,"S2_(0.25,0.50]",score_hybrid,top25,population_final,retention,FINAL,21,21,0.25,0.0723809523809524,0.0905944452373024,0.168095238095238,0.362377780949209,0.340258778243525,0.0723809523809524
WFG7,20,9,52009,"S2_(0.25,0.50]",score_v,top25,population_final,retention,FINAL,21,21,0.25,0.165714285714286,0.258935163809113,0.168095238095238,1.03574065523645,0.494454903441353,0.165714285714286
WFG7,20,9,52009,"S3_(0.50,0.75]",anchor_margin,top25,population_final,retention,FINAL,20,20,0.25,0.21,0.148918846816301,0.348,0.595675387265203,0.500428888698465,0.21
WFG7,20,9,52009,"S3_(0.50,0.75]",score_hybrid,top25,population_final,retention,FINAL,20,20,0.25,0.278,0.198983177972753,0.348,0.795932711891012,0.358144745808656,0.278
WFG7,20,9,52009,"S3_(0.50,0.75]",score_v,top25,population_final,retention,FINAL,20,20,0.25,0.134,0.097211242856291,0.348,0.388844971425164,0.419064155155434,0.134
WFG7,20,9,52009,"S4_(0.75,1.00]",anchor_margin,top25,population_final,retention,FINAL,21,21,0.25,0.554285714285714,0.21269647319363,0.644761904761905,0.850785892774519,0.451984253238742,0.554285714285714
WFG7,20,9,52009,"S4_(0.75,1.00]",score_hybrid,top25,population_final,retention,FINAL,21,21,0.25,0.540952380952381,0.209134753870275,0.644761904761905,0.8365390154811,0.363015461677723,0.540952380952381
WFG7,20,9,52009,"S4_(0.75,1.00]",score_v,top25,population_final,retention,FINAL,21,21,0.25,0.497142857142857,0.186303868642042,0.644761904761905,0.745215474568167,0.404661279503775,0.497142857142857
WFG7,20,10,52010,"S1_[0,0.25]",anchor_margin,top25,population_final,retention,FINAL,5,5,0.25,0.04,0.0715750915750916,0.142,0.286300366300366,0.529426060424787,0.04
WFG7,20,10,52010,"S1_[0,0.25]",score_hybrid,top25,population_final,retention,FINAL,5,5,0.25,0.04,0.0726739926739927,0.142,0.290695970695971,0.324125398478434,0.04
WFG7,20,10,52010,"S1_[0,0.25]",score_v,top25,population_final,retention,FINAL,5,5,0.25,0.08,0.139194139194139,0.142,0.556776556776557,0.329690764320039,0.08
WFG7,20,10,52010,"S2_(0.25,0.50]",anchor_margin,top25,population_final,retention,FINAL,21,21,0.25,0.0438095238095238,0.047704702380419,0.220476190476191,0.190818809521676,0.349679089828159,0.0438095238095238
WFG7,20,10,52010,"S2_(0.25,0.50]",score_hybrid,top25,population_final,retention,FINAL,21,21,0.25,0.0552380952380952,0.0590963000384464,0.220476190476191,0.236385200153786,0.209768287792135,0.0552380952380952
WFG7,20,10,52010,"S2_(0.25,0.50]",score_v,top25,population_final,retention,FINAL,21,21,0.25,0.112380952380952,0.122227498195343,0.220476190476191,0.488909992781371,0.324026922248554,0.112380952380952
WFG7,20,10,52010,"S3_(0.50,0.75]",anchor_margin,top25,population_final,retention,FINAL,20,20,0.25,0.17,0.121415210097693,0.351,0.485660840390773,0.42831430171186,0.17
WFG7,20,10,52010,"S3_(0.50,0.75]",score_hybrid,top25,population_final,retention,FINAL,20,20,0.25,0.158,0.109423909897935,0.351,0.437695639591739,0.305706723960567,0.158
WFG7,20,10,52010,"S3_(0.50,0.75]",score_v,top25,population_final,retention,FINAL,20,20,0.25,0.238,0.171934742631948,0.351,0.687738970527793,0.373534787378413,0.238
WFG7,20,10,52010,"S4_(0.75,1.00]",anchor_margin,top25,population_final,retention,FINAL,21,21,0.25,0.491428571428571,0.200847406340171,0.59047619047619,0.803389625360683,0.482660912041727,0.491428571428571
WFG7,20,10,52010,"S4_(0.75,1.00]",score_hybrid,top25,population_final,retention,FINAL,21,21,0.25,0.493333333333333,0.203529570932652,0.59047619047619,0.81411828373061,0.377918801771014,0.493333333333333
WFG7,20,10,52010,"S4_(0.75,1.00]",score_v,top25,population_final,retention,FINAL,21,21,0.25,0.457142857142857,0.187484956304248,0.59047619047619,0.749939825216993,0.407238783141714,0.457142857142857
WFG7,20,11,52011,"S1_[0,0.25]",anchor_margin,top25,population_final,retention,FINAL,5,5,0.25,0.0,0.0,0.07,0.0,0.505656844440378,0.0
WFG7,20,11,52011,"S1_[0,0.25]",score_hybrid,top25,population_final,retention,FINAL,5,5,0.25,0.0,0.0,0.07,0.0,0.497378059421307,0.0
WFG7,20,11,52011,"S1_[0,0.25]",score_v,top25,population_final,retention,FINAL,5,5,0.25,0.032,0.0916666666666667,0.07,0.366666666666667,0.395909335294164,0.032
WFG7,20,11,52011,"S2_(0.25,0.50]",anchor_margin,top25,population_final,retention,FINAL,21,21,0.25,0.059047619047619,0.0703387655750749,0.197619047619048,0.2813550623003,0.387160923288429,0.059047619047619
WFG7,20,11,52011,"S2_(0.25,0.50]",score_hybrid,top25,population_final,retention,FINAL,21,21,0.25,0.0152380952380952,0.0142844264142439,0.197619047619048,0.0571377056569754,0.267529580598174,0.0152380952380952
WFG7,20,11,52011,"S2_(0.25,0.50]",score_v,top25,population_final,retention,FINAL,21,21,0.25,0.285714285714286,0.356520554357006,0.197619047619048,1.42608221742802,0.495883020027521,0.285714285714286
WFG7,20,11,52011,"S3_(0.50,0.75]",anchor_margin,top25,population_final,retention,FINAL,20,20,0.25,0.292,0.172615604729545,0.4275,0.69046241891818,0.376101837538253,0.292
WFG7,20,11,52011,"S3_(0.50,0.75]",score_hybrid,top25,population_final,retention,FINAL,20,20,0.25,0.206,0.115283530520685,0.4275,0.461134122082741,0.285397082084111,0.206
WFG7,20,11,52011,"S3_(0.50,0.75]",score_v,top25,population_final,retention,FINAL,20,20,0.25,0.464,0.282583240155128,0.4275,1.13033296062051,0.425388333304793,0.464
WFG7,20,11,52011,"S4_(0.75,1.00]",anchor_margin,top25,population_final,retention,FINAL,21,21,0.25,0.622857142857143,0.201283546666985,0.758095238095238,0.805134186667938,0.376337426082689,0.622857142857143
WFG7,20,11,52011,"S4_(0.75,1.00]",score_hybrid,top25,population_final,retention,FINAL,21,21,0.25,0.601904761904762,0.191155257646551,0.758095238095238,0.764621030586203,0.305558520247087,0.601904761904762
WFG7,20,11,52011,"S4_(0.75,1.00]",score_v,top25,population_final,retention,FINAL,21,21,0.25,0.691428571428572,0.225559404133257,0.758095238095238,0.902237616533029,0.346293936327376,0.691428571428572
WFG7,20,12,52012,"S1_[0,0.25]",anchor_margin,top25,population_final,retention,FINAL,5,5,0.25,0.0,0.0,0.074,0.0,0.503337048353703,0.0
WFG7,20,12,52012,"S1_[0,0.25]",score_hybrid,top25,population_final,retention,FINAL,5,5,0.25,0.0,0.0,0.074,0.0,0.315340112201964,0.0
WFG7,20,12,52012,"S1_[0,0.25]",score_v,top25,population_final,retention,FINAL,5,5,0.25,0.0,0.0,0.074,0.0,0.234918686969879,0.0
WFG7,20,12,52012,"S2_(0.25,0.50]",anchor_margin,top25,population_final,retention,FINAL,21,21,0.25,0.0533333333333333,0.0735656580732025,0.149047619047619,0.29426263229281,0.475507659127701,0.0533333333333333
WFG7,20,12,52012,"S2_(0.25,0.50]",score_hybrid,top25,population_final,retention,FINAL,21,21,0.25,0.0095238095238095,0.0098494309156835,0.149047619047619,0.039397723662734,0.215291889438356,0.0095238095238095
WFG7,20,12,52012,"S2_(0.25,0.50]",score_v,top25,population_final,retention,FINAL,21,21,0.25,0.0533333333333333,0.0651958266143986,0.149047619047619,0.260783306457594,0.255296642384327,0.0533333333333333
WFG7,20,12,52012,"S3_(0.50,0.75]",anchor_margin,top25,population_final,retention,FINAL,20,20,0.25,0.158,0.118603704339666,0.333,0.474414817358663,0.477939971349582,0.158
WFG7,20,12,52012,"S3_(0.50,0.75]",score_hybrid,top25,population_final,retention,FINAL,20,20,0.25,0.112,0.0856211447549389,0.333,0.342484579019756,0.313037794081906,0.112
WFG7,20,12,52012,"S3_(0.50,0.75]",score_v,top25,population_final,retention,FINAL,20,20,0.25,0.33,0.248616974297822,0.333,0.994467897191288,0.415546967792108,0.33
WFG7,20,12,52012,"S4_(0.75,1.00]",anchor_margin,top25,population_final,retention,FINAL,21,21,0.25,0.605714285714286,0.21814645767245,0.681904761904762,0.872585830689802,0.479531308488956,0.605714285714286
WFG7,20,12,52012,"S4_(0.75,1.00]",score_hybrid,top25,population_final,retention,FINAL,21,21,0.25,0.514285714285714,0.179069994826475,0.681904761904762,0.716279979305898,0.378847242945234,0.514285714285714
WFG7,20,12,52012,"S4_(0.75,1.00]",score_v,top25,population_final,retention,FINAL,21,21,0.25,0.660952380952381,0.241043794986928,0.681904761904762,0.964175179947711,0.409611500499417,0.660952380952381
WFG7,20,13,52013,"S1_[0,0.25]",anchor_margin,top25,population_final,retention,FINAL,5,5,0.25,0.024,0.0904761904761905,0.06,0.361904761904762,0.526110497589203,0.024
WFG7,20,13,52013,"S1_[0,0.25]",score_hybrid,top25,population_final,retention,FINAL,5,5,0.25,0.032,0.13047619047619,0.06,0.521904761904762,0.384190723892779,0.032
WFG7,20,13,52013,"S1_[0,0.25]",score_v,top25,population_final,retention,FINAL,5,5,0.25,0.08,0.318095238095238,0.06,1.27238095238095,0.417228476131991,0.08
WFG7,20,13,52013,"S2_(0.25,0.50]",anchor_margin,top25,population_final,retention,FINAL,21,21,0.25,0.0895238095238095,0.132633584648132,0.16,0.530534338592528,0.467518895988616,0.0895238095238095
WFG7,20,13,52013,"S2_(0.25,0.50]",score_hybrid,top25,population_final,retention,FINAL,21,21,0.25,0.100952380952381,0.151504307323202,0.16,0.60601722929281,0.38552180311004,0.100952380952381
WFG7,20,13,52013,"S2_(0.25,0.50]",score_v,top25,population_final,retention,FINAL,21,21,0.25,0.146666666666667,0.247645683351796,0.16,0.990582733407186,0.513784605412693,0.146666666666667
WFG7,20,13,52013,"S3_(0.50,0.75]",anchor_margin,top25,population_final,retention,FINAL,20,20,0.25,0.16,0.108436529395785,0.3555,0.433746117583138,0.392690135346856,0.16
WFG7,20,13,52013,"S3_(0.50,0.75]",score_hybrid,top25,population_final,retention,FINAL,20,20,0.25,0.184,0.127805976026942,0.3555,0.511223904107767,0.339596635658687,0.184
WFG7,20,13,52013,"S3_(0.50,0.75]",score_v,top25,population_final,retention,FINAL,20,20,0.25,0.356,0.253934839413151,0.3555,1.0157393576526,0.499275688115953,0.356
WFG7,20,13,52013,"S4_(0.75,1.00]",anchor_margin,top25,population_final,retention,FINAL,21,21,0.25,0.523809523809524,0.192259914625464,0.653333333333333,0.769039658501856,0.42040855862973,0.523809523809524
WFG7,20,13,52013,"S4_(0.75,1.00]",score_hybrid,top25,population_final,retention,FINAL,21,21,0.25,0.502857142857143,0.187753281873779,0.653333333333333,0.751013127495118,0.315363346356126,0.502857142857143
WFG7,20,13,52013,"S4_(0.75,1.00]",score_v,top25,population_final,retention,FINAL,21,21,0.25,0.512380952380952,0.190949913776437,0.653333333333333,0.763799655105748,0.358982754971826,0.512380952380952
WFG7,20,14,52014,"S1_[0,0.25]",anchor_margin,top25,population_final,retention,FINAL,5,5,0.25,0.0,0.0,0.074,0.0,0.396731587494496,0.0
WFG7,20,14,52014,"S1_[0,0.25]",score_hybrid,top25,population_final,retention,FINAL,5,5,0.25,0.024,0.0833333333333333,0.074,0.333333333333333,0.396338830989569,0.024
WFG7,20,14,52014,"S1_[0,0.25]",score_v,top25,population_final,retention,FINAL,5,5,0.25,0.072,0.216666666666667,0.074,0.866666666666667,0.377362735526047,0.072
WFG7,20,14,52014,"S2_(0.25,0.50]",anchor_margin,top25,population_final,retention,FINAL,21,21,0.25,0.0019047619047619,0.0039682539682539,0.131428571428571,0.0158730158730159,0.445749991750527,0.0019047619047619
WFG7,20,14,52014,"S2_(0.25,0.50]",score_hybrid,top25,population_final,retention,FINAL,21,21,0.25,0.0133333333333333,0.0218313821254998,0.131428571428571,0.0873255285019991,0.250771211482942,0.0133333333333333
WFG7,20,14,52014,"S2_(0.25,0.50]",score_v,top25,population_final,retention,FINAL,21,21,0.25,0.0152380952380952,0.0327841470698614,0.131428571428571,0.131136588279445,0.352715159398095,0.0152380952380952
WFG7,20,14,52014,"S3_(0.50,0.75]",anchor_margin,top25,population_final,retention,FINAL,20,20,0.25,0.122,0.0946735742994913,0.3005,0.378694297197965,0.454674901651477,0.122
WFG7,20,14,52014,"S3_(0.50,0.75]",score_hybrid,top25,population_final,retention,FINAL,20,20,0.25,0.148,0.115326719520925,0.3005,0.461306878083699,0.298867612977183,0.148
WFG7,20,14,52014,"S3_(0.50,0.75]",score_v,top25,population_final,retention,FINAL,20,20,0.25,0.124,0.0955029859415965,0.3005,0.382011943766386,0.355139220806084,0.124
WFG7,20,14,52014,"S4_(0.75,1.00]",anchor_margin,top25,population_final,retention,FINAL,21,21,0.25,0.445714285714286,0.186329840560847,0.564285714285714,0.745319362243387,0.477476543945075,0.445714285714286
WFG7,20,14,52014,"S4_(0.75,1.00]",score_hybrid,top25,population_final,retention,FINAL,21,21,0.25,0.455238095238095,0.194528796208197,0.564285714285714,0.778115184832788,0.392876750451937,0.455238095238095
WFG7,20,14,52014,"S4_(0.75,1.00]",score_v,top25,population_final,retention,FINAL,21,21,0.25,0.472380952380952,0.197836026863803,0.564285714285714,0.791344107455211,0.415792197060597,0.472380952380952
WFG7,20,15,52015,"S1_[0,0.25]",anchor_margin,top25,population_final,retention,FINAL,5,5,0.25,0.0,0.0,0.04,0.0,0.500260416666667,0.0
WFG7,20,15,52015,"S1_[0,0.25]",score_hybrid,top25,population_final,retention,FINAL,5,5,0.25,0.048,0.3,0.04,1.2,0.645833333333333,0.048
WFG7,20,15,52015,"S1_[0,0.25]",score_v,top25,population_final,retention,FINAL,5,5,0.25,0.048,0.3,0.04,1.2,0.576041666666667,0.048
WFG7,20,15,52015,"S2_(0.25,0.50]",anchor_margin,top25,population_final,retention,FINAL,21,21,0.25,0.020952380952381,0.0643424036281179,0.0680952380952381,0.257369614512472,0.443891146530932,0.020952380952381
WFG7,20,15,52015,"S2_(0.25,0.50]",score_hybrid,top25,population_final,retention,FINAL,21,21,0.25,0.0285714285714286,0.111961451247166,0.0680952380952381,0.447845804988662,0.293843937368469,0.0285714285714286
WFG7,20,15,52015,"S2_(0.25,0.50]",score_v,top25,population_final,retention,FINAL,21,21,0.25,0.0552380952380952,0.224263038548753,0.0680952380952381,0.897052154195011,0.367882875607632,0.0552380952380952
WFG7,20,15,52015,"S3_(0.50,0.75]",anchor_margin,top25,population_final,retention,FINAL,20,20,0.25,0.1,0.136067392272,0.1875,0.544269569088001,0.464754417702824,0.1
WFG7,20,15,52015,"S3_(0.50,0.75]",score_hybrid,top25,population_final,retention,FINAL,20,20,0.25,0.092,0.131813692342897,0.1875,0.527254769371588,0.335489878867727,0.092
WFG7,20,15,52015,"S3_(0.50,0.75]",score_v,top25,population_final,retention,FINAL,20,20,0.25,0.148,0.174586416930138,0.1875,0.698345667720551,0.433778954825574,0.148
WFG7,20,15,52015,"S4_(0.75,1.00]",anchor_margin,top25,population_final,retention,FINAL,21,21,0.25,0.52,0.200104078158932,0.615714285714286,0.800416312635727,0.443065999324912,0.52
WFG7,20,15,52015,"S4_(0.75,1.00]",score_hybrid,top25,population_final,retention,FINAL,21,21,0.25,0.512380952380952,0.193080292347155,0.615714285714286,0.77232116938862,0.435403027934433,0.512380952380952
WFG7,20,15,52015,"S4_(0.75,1.00]",score_v,top25,population_final,retention,FINAL,21,21,0.25,0.725714285714286,0.302293945635678,0.615714285714286,1.20917578254271,0.549347446664811,0.725714285714286
WFG7,20,16,52016,"S1_[0,0.25]",anchor_margin,top25,population_final,retention,FINAL,5,5,0.25,0.024,0.0821428571428571,0.072,0.328571428571429,0.590136021434327,0.024
WFG7,20,16,52016,"S1_[0,0.25]",score_hybrid,top25,population_final,retention,FINAL,5,5,0.25,0.024,0.0904761904761905,0.072,0.361904761904762,0.368003718750488,0.024
WFG7,20,16,52016,"S1_[0,0.25]",score_v,top25,population_final,retention,FINAL,5,5,0.25,0.032,0.107142857142857,0.072,0.428571428571429,0.32664145639456,0.032
WFG7,20,16,52016,"S2_(0.25,0.50]",anchor_margin,top25,population_final,retention,FINAL,21,21,0.25,0.0342857142857143,0.0504811262027192,0.157619047619048,0.201924504810877,0.446112150555048,0.0342857142857143
WFG7,20,16,52016,"S2_(0.25,0.50]",score_hybrid,top25,population_final,retention,FINAL,21,21,0.25,0.0533333333333333,0.0720215732318399,0.157619047619048,0.28808629292736,0.291979138163294,0.0533333333333333
WFG7,20,16,52016,"S2_(0.25,0.50]",score_v,top25,population_final,retention,FINAL,21,21,0.25,0.140952380952381,0.229805914967588,0.157619047619048,0.919223659870353,0.386057466135188,0.140952380952381
WFG7,20,16,52016,"S3_(0.50,0.75]",anchor_margin,top25,population_final,retention,FINAL,20,20,0.25,0.14,0.122104252796646,0.281,0.488417011186585,0.445850718655514,0.14
WFG7,20,16,52016,"S3_(0.50,0.75]",score_hybrid,top25,population_final,retention,FINAL,20,20,0.25,0.134,0.12473135189588,0.281,0.498925407583522,0.291140671556333,0.134
WFG7,20,16,52016,"S3_(0.50,0.75]",score_v,top25,population_final,retention,FINAL,20,20,0.25,0.134,0.123482988035624,0.281,0.493931952142496,0.333272374485772,0.134
WFG7,20,16,52016,"S4_(0.75,1.00]",anchor_margin,top25,population_final,retention,FINAL,21,21,0.25,0.382857142857143,0.170760681843876,0.543333333333333,0.683042727375506,0.486892151555283,0.382857142857143
WFG7,20,16,52016,"S4_(0.75,1.00]",score_hybrid,top25,population_final,retention,FINAL,21,21,0.25,0.415238095238095,0.186141205395801,0.543333333333333,0.744564821583203,0.37535074623035,0.415238095238095
WFG7,20,16,52016,"S4_(0.75,1.00]",score_v,top25,population_final,retention,FINAL,21,21,0.25,0.426666666666667,0.184622908949421,0.543333333333333,0.738491635797683,0.390100592406927,0.426666666666667
WFG7,20,17,52017,"S1_[0,0.25]",anchor_margin,top25,population_final,retention,FINAL,5,5,0.25,0.0,0.0,0.052,0.0,0.403601507092199,0.0
WFG7,20,17,52017,"S1_[0,0.25]",score_hybrid,top25,population_final,retention,FINAL,5,5,0.25,0.0,0.0,0.052,0.0,0.317796985815603,0.0
WFG7,20,17,52017,"S1_[0,0.25]",score_v,top25,population_final,retention,FINAL,5,5,0.25,0.048,0.2,0.052,0.8,0.376484929078014,0.048
WFG7,20,17,52017,"S2_(0.25,0.50]",anchor_margin,top25,population_final,retention,FINAL,21,21,0.25,0.0057142857142857,0.0178571428571429,0.0757142857142857,0.0714285714285714,0.380994091905285,0.0057142857142857
WFG7,20,17,52017,"S2_(0.25,0.50]",score_hybrid,top25,population_final,retention,FINAL,21,21,0.25,0.0,0.0,0.0757142857142857,0.0,0.209750058316419,0.0
WFG7,20,17,52017,"S2_(0.25,0.50]",score_v,top25,population_final,retention,FINAL,21,21,0.25,0.0285714285714286,0.0835978835978836,0.0757142857142857,0.334391534391534,0.29563525224872,0.0285714285714286
WFG7,20,17,52017,"S3_(0.50,0.75]",anchor_margin,top25,population_final,retention,FINAL,20,20,0.25,0.104,0.115885322440629,0.217,0.463541289762517,0.479371054519871,0.104
WFG7,20,17,52017,"S3_(0.50,0.75]",score_hybrid,top25,population_final,retention,FINAL,20,20,0.25,0.072,0.0683776070285022,0.217,0.273510428114009,0.286294410625857,0.072
WFG7,20,17,52017,"S3_(0.50,0.75]",score_v,top25,population_final,retention,FINAL,20,20,0.25,0.122,0.153703496913216,0.217,0.614813987652862,0.355389422152886,0.122
WFG7,20,17,52017,"S4_(0.75,1.00]",anchor_margin,top25,population_final,retention,FINAL,21,21,0.25,0.508571428571429,0.193289682239714,0.627142857142857,0.773158728958856,0.395597383829115,0.508571428571429
WFG7,20,17,52017,"S4_(0.75,1.00]",score_hybrid,top25,population_final,retention,FINAL,21,21,0.25,0.457142857142857,0.169424986768083,0.627142857142857,0.677699947072333,0.328818177156217,0.457142857142857
WFG7,20,17,52017,"S4_(0.75,1.00]",score_v,top25,population_final,retention,FINAL,21,21,0.25,0.590476190476191,0.230977573500769,0.627142857142857,0.923910294003077,0.435457021250733,0.590476190476191
WFG7,20,18,52018,"S1_[0,0.25]",anchor_margin,top25,population_final,retention,FINAL,5,5,0.25,0.0,0.0,0.088,0.0,0.448342153637913,0.0
WFG7,20,18,52018,"S1_[0,0.25]",score_hybrid,top25,population_final,retention,FINAL,5,5,0.25,0.008,0.0285714285714286,0.088,0.114285714285714,0.38630176444312,0.008
WFG7,20,18,52018,"S1_[0,0.25]",score_v,top25,population_final,retention,FINAL,5,5,0.25,0.056,0.138989898989899,0.088,0.555959595959596,0.41261473607541,0.056
WFG7,20,18,52018,"S2_(0.25,0.50]",anchor_margin,top25,population_final,retention,FINAL,21,21,0.25,0.0038095238095238,0.0087301587301587,0.118095238095238,0.0349206349206349,0.440445001437774,0.0038095238095238
WFG7,20,18,52018,"S2_(0.25,0.50]",score_hybrid,top25,population_final,retention,FINAL,21,21,0.25,0.0019047619047619,0.0039682539682539,0.118095238095238,0.0158730158730159,0.23438666157957,0.0019047619047619
WFG7,20,18,52018,"S2_(0.25,0.50]",score_v,top25,population_final,retention,FINAL,21,21,0.25,0.0342857142857143,0.0686741829598972,0.118095238095238,0.274696731839589,0.307394584027917,0.0342857142857143
WFG7,20,18,52018,"S3_(0.50,0.75]",anchor_margin,top25,population_final,retention,FINAL,20,20,0.25,0.116,0.0910277544661197,0.28,0.364111017864479,0.433899293592624,0.116
WFG7,20,18,52018,"S3_(0.50,0.75]",score_hybrid,top25,population_final,retention,FINAL,20,20,0.25,0.122,0.0924340640726085,0.28,0.369736256290434,0.348656737136916,0.122
WFG7,20,18,52018,"S3_(0.50,0.75]",score_v,top25,population_final,retention,FINAL,20,20,0.25,0.32,0.277319962865627,0.28,1.10927985146251,0.471997925479319,0.32
WFG7,20,18,52018,"S4_(0.75,1.00]",anchor_margin,top25,population_final,retention,FINAL,21,21,0.25,0.474285714285714,0.195283026970787,0.605238095238095,0.781132107883148,0.450059534176565,0.474285714285714
WFG7,20,18,52018,"S4_(0.75,1.00]",score_hybrid,top25,population_final,retention,FINAL,21,21,0.25,0.52,0.216347750987103,0.605238095238095,0.865391003948413,0.410666132975679,0.52
WFG7,20,18,52018,"S4_(0.75,1.00]",score_v,top25,population_final,retention,FINAL,21,21,0.25,0.619047619047619,0.255061998130884,0.605238095238095,1.02024799252354,0.503318222778539,0.619047619047619
WFG7,20,19,52019,"S1_[0,0.25]",anchor_margin,top25,population_final,retention,FINAL,5,5,0.25,0.024,0.0622222222222222,0.112,0.248888888888889,0.549430721098825,0.024
WFG7,20,19,52019,"S1_[0,0.25]",score_hybrid,top25,population_final,retention,FINAL,5,5,0.25,0.024,0.0622222222222222,0.112,0.248888888888889,0.389870809267361,0.024
WFG7,20,19,52019,"S1_[0,0.25]",score_v,top25,population_final,retention,FINAL,5,5,0.25,0.048,0.102051282051282,0.112,0.408205128205128,0.390033501938674,0.048
WFG7,20,19,52019,"S2_(0.25,0.50]",anchor_margin,top25,population_final,retention,FINAL,21,21,0.25,0.0533333333333333,0.0926511630293143,0.14952380952381,0.370604652117257,0.464089342588269,0.0533333333333333
WFG7,20,19,52019,"S2_(0.25,0.50]",score_hybrid,top25,population_final,retention,FINAL,21,21,0.25,0.020952380952381,0.0343001303085337,0.14952380952381,0.137200521234135,0.225872306685609,0.020952380952381
WFG7,20,19,52019,"S2_(0.25,0.50]",score_v,top25,population_final,retention,FINAL,21,21,0.25,0.020952380952381,0.0259085685556274,0.14952380952381,0.10363427422251,0.259745220301308,0.020952380952381
WFG7,20,19,52019,"S3_(0.50,0.75]",anchor_margin,top25,population_final,retention,FINAL,20,20,0.25,0.208,0.139497032226422,0.3555,0.557988128905687,0.429851821622414,0.208
WFG7,20,19,52019,"S3_(0.50,0.75]",score_hybrid,top25,population_final,retention,FINAL,20,20,0.25,0.202,0.134260790559759,0.3555,0.537043162239034,0.315668399364297,0.202
WFG7,20,19,52019,"S3_(0.50,0.75]",score_v,top25,population_final,retention,FINAL,20,20,0.25,0.32,0.224438527036434,0.3555,0.897754108145736,0.427866984628706,0.32
WFG7,20,19,52019,"S4_(0.75,1.00]",anchor_margin,top25,population_final,retention,FINAL,21,21,0.25,0.563809523809524,0.224802718795223,0.622857142857143,0.899210875180892,0.494529885101345,0.563809523809524
WFG7,20,19,52019,"S4_(0.75,1.00]",score_hybrid,top25,population_final,retention,FINAL,21,21,0.25,0.540952380952381,0.215347798800036,0.622857142857143,0.861391195200145,0.429253988739459,0.540952380952381
WFG7,20,19,52019,"S4_(0.75,1.00]",score_v,top25,population_final,retention,FINAL,21,21,0.25,0.64,0.256903534551661,0.622857142857143,1.02761413820664,0.489595017992478,0.64
WFG7,20,20,52020,"S1_[0,0.25]",anchor_margin,top25,population_final,retention,FINAL,5,5,0.25,0.0,0.0,0.072,0.0,0.467918778624219,0.0
WFG7,20,20,52020,"S1_[0,0.25]",score_hybrid,top25,population_final,retention,FINAL,5,5,0.25,0.0,0.0,0.072,0.0,0.243125720268114,0.0
WFG7,20,20,52020,"S1_[0,0.25]",score_v,top25,population_final,retention,FINAL,5,5,0.25,0.016,0.05,0.072,0.2,0.261602622308808,0.016
WFG7,20,20,52020,"S2_(0.25,0.50]",anchor_margin,top25,population_final,retention,FINAL,21,21,0.25,0.0247619047619048,0.0494087261944405,0.122380952380952,0.197634904777762,0.399771822463532,0.0247619047619048
WFG7,20,20,52020,"S2_(0.25,0.50]",score_hybrid,top25,population_final,retention,FINAL,21,21,0.25,0.0419047619047619,0.0792828203542489,0.122380952380952,0.317131281416996,0.201051531062357,0.0419047619047619
WFG7,20,20,52020,"S2_(0.25,0.50]",score_v,top25,population_final,retention,FINAL,21,21,0.25,0.060952380952381,0.125956517027946,0.122380952380952,0.503826068111782,0.24759683496861,0.060952380952381
WFG7,20,20,52020,"S3_(0.50,0.75]",anchor_margin,top25,population_final,retention,FINAL,20,20,0.25,0.094,0.085682278413422,0.2425,0.342729113653688,0.434389557646819,0.094
WFG7,20,20,52020,"S3_(0.50,0.75]",score_hybrid,top25,population_final,retention,FINAL,20,20,0.25,0.038,0.0396332963356621,0.2425,0.158533185342648,0.238802868413812,0.038
WFG7,20,20,52020,"S3_(0.50,0.75]",score_v,top25,population_final,retention,FINAL,20,20,0.25,0.126,0.117655207940754,0.2425,0.470620831763018,0.278211731341837,0.126
WFG7,20,20,52020,"S4_(0.75,1.00]",anchor_margin,top25,population_final,retention,FINAL,21,21,0.25,0.52952380952381,0.206193109917651,0.624285714285714,0.824772439670604,0.489791291840046,0.52952380952381
WFG7,20,20,52020,"S4_(0.75,1.00]",score_hybrid,top25,population_final,retention,FINAL,21,21,0.25,0.487619047619048,0.185289275584167,0.624285714285714,0.741157102336668,0.386080765310164,0.487619047619048
WFG7,20,20,52020,"S4_(0.75,1.00]",score_v,top25,population_final,retention,FINAL,21,21,0.25,0.561904761904762,0.219147467321718,0.624285714285714,0.87658986928687,0.413431965462993,0.561904761904762
WFG7,20,21,52021,"S1_[0,0.25]",anchor_margin,top25,population_final,retention,FINAL,5,5,0.25,0.056,0.34,0.042,1.36,0.654395833333333,0.056
WFG7,20,21,52021,"S1_[0,0.25]",score_hybrid,top25,population_final,retention,FINAL,5,5,0.25,0.032,0.19,0.042,0.76,0.507767543859649,0.032
WFG7,20,21,52021,"S1_[0,0.25]",score_v,top25,population_final,retention,FINAL,5,5,0.25,0.0,0.0,0.042,0.0,0.310032894736842,0.0
WFG7,20,21,52021,"S2_(0.25,0.50]",anchor_margin,top25,population_final,retention,FINAL,21,21,0.25,0.0133333333333333,0.0316944959802103,0.0938095238095238,0.126777983920841,0.43171705952388,0.0133333333333333
WFG7,20,21,52021,"S2_(0.25,0.50]",score_hybrid,top25,population_final,retention,FINAL,21,21,0.25,0.0114285714285714,0.0248917748917749,0.0938095238095238,0.0995670995670996,0.26617421671653,0.0114285714285714
WFG7,20,21,52021,"S2_(0.25,0.50]",score_v,top25,population_final,retention,FINAL,21,21,0.25,0.0133333333333333,0.0365285508142651,0.0938095238095238,0.14611420325706,0.317651927676408,0.0133333333333333
WFG7,20,21,52021,"S3_(0.50,0.75]",anchor_margin,top25,population_final,retention,FINAL,20,20,0.25,0.062,0.0807778952139873,0.1925,0.323111580855949,0.440569672370549,0.062
WFG7,20,21,52021,"S3_(0.50,0.75]",score_hybrid,top25,population_final,retention,FINAL,20,20,0.25,0.028,0.0321721024310968,0.1925,0.128688409724387,0.300844636898673,0.028
WFG7,20,21,52021,"S3_(0.50,0.75]",score_v,top25,population_final,retention,FINAL,20,20,0.25,0.122,0.141635278050953,0.1925,0.566541112203811,0.354367983080539,0.122
WFG7,20,21,52021,"S4_(0.75,1.00]",anchor_margin,top25,population_final,retention,FINAL,21,21,0.25,0.365714285714286,0.160938650941164,0.536190476190476,0.643754603764655,0.436217910673445,0.365714285714286
WFG7,20,21,52021,"S4_(0.75,1.00]",score_hybrid,top25,population_final,retention,FINAL,21,21,0.25,0.331428571428571,0.143415154793023,0.536190476190476,0.573660619172091,0.366423060036414,0.331428571428571
WFG7,20,21,52021,"S4_(0.75,1.00]",score_v,top25,population_final,retention,FINAL,21,21,0.25,0.525714285714286,0.239400744524286,0.536190476190476,0.957602978097146,0.479268870057353,0.525714285714286
WFG7,20,22,52022,"S1_[0,0.25]",anchor_margin,top25,population_final,retention,FINAL,5,5,0.25,0.0,0.0,0.02,0.0,0.498469387755102,0.0
WFG7,20,22,52022,"S1_[0,0.25]",score_hybrid,top25,population_final,retention,FINAL,5,5,0.25,0.0,0.0,0.02,0.0,0.275510204081633,0.0
WFG7,20,22,52022,"S1_[0,0.25]",score_v,top25,population_final,retention,FINAL,5,5,0.25,0.0,0.0,0.02,0.0,0.173469387755102,0.0
WFG7,20,22,52022,"S2_(0.25,0.50]",anchor_margin,top25,population_final,retention,FINAL,21,21,0.25,0.0,0.0,0.0590476190476191,0.0,0.423671020119594,0.0
WFG7,20,22,52022,"S2_(0.25,0.50]",score_hybrid,top25,population_final,retention,FINAL,21,21,0.25,0.0019047619047619,0.0052910052910052,0.0590476190476191,0.0211640211640212,0.187916048911534,0.0019047619047619
WFG7,20,22,52022,"S2_(0.25,0.50]",score_v,top25,population_final,retention,FINAL,21,21,0.25,0.0590476190476191,0.153347601666929,0.0590476190476191,0.613390406667718,0.323115066910844,0.0590476190476191
WFG7,20,22,52022,"S3_(0.50,0.75]",anchor_margin,top25,population_final,retention,FINAL,20,20,0.25,0.166,0.115614481233422,0.349,0.462457924933688,0.403650326239956,0.166
WFG7,20,22,52022,"S3_(0.50,0.75]",score_hybrid,top25,population_final,retention,FINAL,20,20,0.25,0.188,0.123848186292029,0.349,0.495392745168115,0.338442314864233,0.188
WFG7,20,22,52022,"S3_(0.50,0.75]",score_v,top25,population_final,retention,FINAL,20,20,0.25,0.4,0.299303698850485,0.349,1.19721479540194,0.543273738660167,0.4
WFG7,20,22,52022,"S4_(0.75,1.00]",anchor_margin,top25,population_final,retention,FINAL,21,21,0.25,0.438095238095238,0.158917128877673,0.65047619047619,0.635668515510692,0.407914182802797,0.438095238095238
WFG7,20,22,52022,"S4_(0.75,1.00]",score_hybrid,top25,population_final,retention,FINAL,21,21,0.25,0.462857142857143,0.169147710569632,0.65047619047619,0.67659084227853,0.313121209776386,0.462857142857143
WFG7,20,22,52022,"S4_(0.75,1.00]",score_v,top25,population_final,retention,FINAL,21,21,0.25,0.436190476190476,0.161439646596189,0.65047619047619,0.645758586384756,0.354895615274171,0.436190476190476
WFG7,20,23,52023,"S1_[0,0.25]",anchor_margin,top25,population_final,retention,FINAL,5,5,0.25,0.008,0.0333333333333333,0.062,0.133333333333333,0.464151726834818,0.008
WFG7,20,23,52023,"S1_[0,0.25]",score_hybrid,top25,population_final,retention,FINAL,5,5,0.25,0.0,0.0,0.062,0.0,0.231605254270428,0.0
WFG7,20,23,52023,"S1_[0,0.25]",score_v,top25,population_final,retention,FINAL,5,5,0.25,0.024,0.0666666666666667,0.062,0.266666666666667,0.213467747382641,0.024
WFG7,20,23,52023,"S2_(0.25,0.50]",anchor_margin,top25,population_final,retention,FINAL,21,21,0.25,0.020952380952381,0.0349977597876758,0.127619047619048,0.139991039150703,0.439765007406997,0.020952380952381
WFG7,20,23,52023,"S2_(0.25,0.50]",score_hybrid,top25,population_final,retention,FINAL,21,21,0.25,0.0266666666666667,0.0422962347332095,0.127619047619048,0.169184938932838,0.266395001504989,0.0266666666666667
WFG7,20,23,52023,"S2_(0.25,0.50]",score_v,top25,population_final,retention,FINAL,21,21,0.25,0.060952380952381,0.146698803841661,0.127619047619048,0.586795215366644,0.381442108345919,0.060952380952381
WFG7,20,23,52023,"S3_(0.50,0.75]",anchor_margin,top25,population_final,retention,FINAL,20,20,0.25,0.122,0.0902140501834512,0.3085,0.360856200733805,0.43983133463707,0.122
WFG7,20,23,52023,"S3_(0.50,0.75]",score_hybrid,top25,population_final,retention,FINAL,20,20,0.25,0.11,0.0825525710500388,0.3085,0.330210284200155,0.311487887818911,0.11
WFG7,20,23,52023,"S3_(0.50,0.75]",score_v,top25,population_final,retention,FINAL,20,20,0.25,0.226,0.178323424713669,0.3085,0.713293698854675,0.39240760200795,0.226
WFG7,20,23,52023,"S4_(0.75,1.00]",anchor_margin,top25,population_final,retention,FINAL,21,21,0.25,0.535238095238095,0.19158206870325,0.669047619047619,0.766328274813001,0.432967175561559,0.535238095238095
WFG7,20,23,52023,"S4_(0.75,1.00]",score_hybrid,top25,population_final,retention,FINAL,21,21,0.25,0.533333333333333,0.188050885784342,0.669047619047619,0.752203543137369,0.343672899083227,0.533333333333333
WFG7,20,23,52023,"S4_(0.75,1.00]",score_v,top25,population_final,retention,FINAL,21,21,0.25,0.634285714285714,0.233815171248148,0.669047619047619,0.935260684992593,0.470644900658319,0.634285714285714
WFG7,20,24,52024,"S1_[0,0.25]",anchor_margin,top25,population_final,retention,FINAL,5,5,0.25,0.016,0.0571428571428571,0.05,0.228571428571429,0.502355843049593,0.016
WFG7,20,24,52024,"S1_[0,0.25]",score_hybrid,top25,population_final,retention,FINAL,5,5,0.25,0.016,0.0571428571428571,0.05,0.228571428571429,0.41769477234823,0.016
WFG7,20,24,52024,"S1_[0,0.25]",score_v,top25,population_final,retention,FINAL,5,5,0.25,0.056,0.222857142857143,0.05,0.891428571428571,0.47617770732118,0.056
WFG7,20,24,52024,"S2_(0.25,0.50]",anchor_margin,top25,population_final,retention,FINAL,21,21,0.25,0.0495238095238095,0.0846499991236833,0.134761904761905,0.338599996494733,0.388421975138356,0.0495238095238095
WFG7,20,24,52024,"S2_(0.25,0.50]",score_hybrid,top25,population_final,retention,FINAL,21,21,0.25,0.0304761904761905,0.0533033521755326,0.134761904761905,0.213213408702131,0.279230327393585,0.0304761904761905
WFG7,20,24,52024,"S2_(0.25,0.50]",score_v,top25,population_final,retention,FINAL,21,21,0.25,0.0723809523809524,0.130259722177015,0.134761904761905,0.521038888708062,0.4132463580152,0.0723809523809524
WFG7,20,24,52024,"S3_(0.50,0.75]",anchor_margin,top25,population_final,retention,FINAL,20,20,0.25,0.23,0.175152641670195,0.3255,0.700610566680778,0.479816765004352,0.23
WFG7,20,24,52024,"S3_(0.50,0.75]",score_hybrid,top25,population_final,retention,FINAL,20,20,0.25,0.192,0.147448998162306,0.3255,0.589795992649225,0.363368088028274,0.192
WFG7,20,24,52024,"S3_(0.50,0.75]",score_v,top25,population_final,retention,FINAL,20,20,0.25,0.282,0.212815585897265,0.3255,0.851262343589059,0.412356203675942,0.282
WFG7,20,24,52024,"S4_(0.75,1.00]",anchor_margin,top25,population_final,retention,FINAL,21,21,0.25,0.451428571428572,0.187607021559394,0.600952380952381,0.750428086237577,0.446013206522685,0.451428571428572
WFG7,20,24,52024,"S4_(0.75,1.00]",score_hybrid,top25,population_final,retention,FINAL,21,21,0.25,0.447619047619048,0.18326413409779,0.600952380952381,0.733056536391159,0.389224920913258,0.447619047619048
WFG7,20,24,52024,"S4_(0.75,1.00]",score_v,top25,population_final,retention,FINAL,21,21,0.25,0.556190476190476,0.233406309527228,0.600952380952381,0.933625238108912,0.470929466385521,0.556190476190476
WFG7,20,25,52025,"S1_[0,0.25]",anchor_margin,top25,population_final,retention,FINAL,5,5,0.25,0.048,0.114545454545455,0.104,0.458181818181818,0.54464328680059,0.048
WFG7,20,25,52025,"S1_[0,0.25]",score_hybrid,top25,population_final,retention,FINAL,5,5,0.25,0.064,0.156363636363636,0.104,0.625454545454545,0.416780842129157,0.064
WFG7,20,25,52025,"S1_[0,0.25]",score_v,top25,population_final,retention,FINAL,5,5,0.25,0.088,0.210909090909091,0.104,0.843636363636364,0.446940188400863,0.088
WFG7,20,25,52025,"S2_(0.25,0.50]",anchor_margin,top25,population_final,retention,FINAL,21,21,0.25,0.0895238095238095,0.0967277954552257,0.198571428571429,0.386911181820903,0.43973388887357,0.0895238095238095
WFG7,20,25,52025,"S2_(0.25,0.50]",score_hybrid,top25,population_final,retention,FINAL,21,21,0.25,0.0476190476190476,0.0500884854397189,0.198571428571429,0.200353941758876,0.289729731374084,0.0476190476190476
WFG7,20,25,52025,"S2_(0.25,0.50]",score_v,top25,population_final,retention,FINAL,21,21,0.25,0.148571428571429,0.190919092907305,0.198571428571429,0.763676371629218,0.427738326956846,0.148571428571429
WFG7,20,25,52025,"S3_(0.50,0.75]",anchor_margin,top25,population_final,retention,FINAL,20,20,0.25,0.218,0.146998243060378,0.365,0.587992972241512,0.409898701097946,0.218
WFG7,20,25,52025,"S3_(0.50,0.75]",score_hybrid,top25,population_final,retention,FINAL,20,20,0.25,0.14,0.0914880927059944,0.365,0.365952370823978,0.274562778457306,0.14
WFG7,20,25,52025,"S3_(0.50,0.75]",score_v,top25,population_final,retention,FINAL,20,20,0.25,0.186,0.119066580730771,0.365,0.476266322923085,0.368838352263082,0.186
WFG7,20,25,52025,"S4_(0.75,1.00]",anchor_margin,top25,population_final,retention,FINAL,21,21,0.25,0.620952380952381,0.234509485199634,0.654761904761905,0.938037940798538,0.491443252655622,0.620952380952381
WFG7,20,25,52025,"S4_(0.75,1.00]",score_hybrid,top25,population_final,retention,FINAL,21,21,0.25,0.504761904761905,0.183485085694642,0.654761904761905,0.73394034277857,0.398757236002779,0.504761904761905
WFG7,20,25,52025,"S4_(0.75,1.00]",score_v,top25,population_final,retention,FINAL,21,21,0.25,0.565714285714286,0.206312984408647,0.654761904761905,0.825251937634586,0.441837433414038,0.565714285714286
