Problem,M,Run,Seed,SnapshotID,FE,Stage,CurrentPAQC,CurrentDirection,CurrentAnchor,CurrentNative,RetentionPAQC,RetentionDirection,RetentionAnchor,RetentionNative,Chance,NativeCount,PAQCOutsideNative,SwapsVsDirection
DTLZ2,10,1,11001,1,100,"S2_(0.25,0.50]",0.84,0.84,0.52,0.48936170212766,0.44,0.44,0.24,0.25531914893617,0.16,47,0,3
DTLZ2,10,1,11001,2,106,"S2_(0.25,0.50]",0.76,0.84,0.36,0.358490566037736,0.4,0.44,0.2,0.188679245283019,0.16,53,0,7
DTLZ2,10,1,11001,3,112,"S2_(0.25,0.50]",0.76,0.8,0.4,0.403846153846154,0.4,0.4,0.24,0.230769230769231,0.16,52,0,4
DTLZ2,10,1,11001,4,118,"S2_(0.25,0.50]",0.8,0.8,0.44,0.431372549019608,0.44,0.4,0.16,0.235294117647059,0.17,51,0,4
DTLZ2,10,1,11001,5,124,"S2_(0.25,0.50]",0.96,0.96,0.64,0.431034482758621,0.32,0.32,0.24,0.258620689655172,0.18,58,0,0
DTLZ2,10,1,11001,6,130,"S2_(0.25,0.50]",0.88,1,0.52,0.448979591836735,0.36,0.4,0.2,0.285714285714286,0.22,49,0,3
DTLZ2,10,1,11001,7,136,"S2_(0.25,0.50]",0.92,1,0.48,0.450980392156863,0.44,0.36,0.2,0.352941176470588,0.26,51,0,2
DTLZ2,10,1,11001,8,142,"S2_(0.25,0.50]",0.88,0.96,0.4,0.366666666666667,0.44,0.4,0.2,0.333333333333333,0.28,60,0,3
DTLZ2,10,1,11001,9,148,"S2_(0.25,0.50]",0.88,1,0.48,0.385964912280702,0.4,0.36,0.28,0.333333333333333,0.25,57,0,3
DTLZ2,10,1,11001,10,154,"S3_(0.50,0.75]",0.92,1,0.48,0.383333333333333,0.44,0.4,0.28,0.35,0.27,60,0,2
DTLZ2,10,1,11001,11,160,"S3_(0.50,0.75]",0.96,1,0.64,0.358208955223881,0.44,0.4,0.36,0.358208955223881,0.28,67,0,1
DTLZ2,10,1,11001,12,166,"S3_(0.50,0.75]",0.96,1,0.48,0.358208955223881,0.44,0.4,0.32,0.358208955223881,0.31,67,0,1
DTLZ2,10,1,11001,13,172,"S3_(0.50,0.75]",1,1,0.48,0.373134328358209,0.4,0.4,0.44,0.343283582089552,0.31,67,0,0
DTLZ2,10,1,11001,14,178,"S3_(0.50,0.75]",1,1,0.48,0.396825396825397,0.4,0.4,0.44,0.365079365079365,0.34,63,0,0
DTLZ2,10,1,11001,15,184,"S3_(0.50,0.75]",0.96,1,0.24,0.363636363636364,0.48,0.48,0.4,0.393939393939394,0.38,66,0,1
DTLZ2,10,1,11001,16,190,"S3_(0.50,0.75]",0.96,1,0.28,0.363636363636364,0.56,0.56,0.44,0.424242424242424,0.4,66,0,1
DTLZ2,10,1,11001,17,196,"S3_(0.50,0.75]",0.64,1,0.44,0.421052631578947,0.4,0.36,0.48,0.394736842105263,0.37,38,0,9
DTLZ2,10,1,11001,18,202,"S3_(0.50,0.75]",0.92,1,0.36,0.365079365079365,0.36,0.32,0.4,0.428571428571429,0.38,63,0,2
DTLZ2,10,1,11001,19,208,"S3_(0.50,0.75]",0.72,1,0.24,0.264705882352941,0.4,0.4,0.32,0.411764705882353,0.4,68,0,7
DTLZ2,10,1,11001,20,214,"S3_(0.50,0.75]",0.72,1,0.16,0.272727272727273,0.48,0.44,0.36,0.454545454545455,0.43,66,0,7
DTLZ2,10,1,11001,21,220,"S3_(0.50,0.75]",0.68,1,0.2,0.265625,0.52,0.52,0.44,0.5,0.48,64,0,8
DTLZ2,10,1,11001,22,226,"S4_(0.75,1.00]",0.72,1,0.2,0.28125,0.56,0.6,0.44,0.515625,0.51,64,0,7
DTLZ2,10,1,11001,23,232,"S4_(0.75,1.00]",0.68,1,0.2,0.278688524590164,0.6,0.6,0.48,0.524590163934426,0.52,61,0,8
DTLZ2,10,1,11001,24,238,"S4_(0.75,1.00]",0.72,1,0.16,0.28125,0.6,0.64,0.48,0.546875,0.53,64,0,7
DTLZ2,10,1,11001,25,244,"S4_(0.75,1.00]",0.6,1,0.2,0.25,0.68,0.68,0.6,0.6,0.56,60,0,10
DTLZ2,10,1,11001,26,250,"S4_(0.75,1.00]",0.6,1,0.16,0.25,0.64,0.64,0.52,0.616666666666667,0.57,60,0,10
DTLZ2,10,1,11001,27,256,"S4_(0.75,1.00]",0.6,1,0.12,0.254237288135593,0.76,0.68,0.56,0.677966101694915,0.61,59,0,10
DTLZ2,10,1,11001,28,262,"S4_(0.75,1.00]",0.6,1,0.16,0.258620689655172,0.8,0.76,0.6,0.706896551724138,0.65,58,0,10
DTLZ2,10,1,11001,29,268,"S4_(0.75,1.00]",0.6,1,0.2,0.263157894736842,0.84,0.8,0.64,0.736842105263158,0.69,57,0,10
DTLZ2,10,1,11001,30,274,"S4_(0.75,1.00]",0.68,1,0.28,0.288135593220339,0.8,0.8,0.64,0.745762711864407,0.71,59,0,8
DTLZ2,10,1,11001,31,280,"S4_(0.75,1.00]",0.68,1,0.32,0.346938775510204,0.84,0.8,0.8,0.816326530612245,0.74,49,0,8
DTLZ2,10,1,11001,32,286,"S4_(0.75,1.00]",0.68,1,0.36,0.354166666666667,0.84,0.8,0.88,0.854166666666667,0.77,48,0,8
DTLZ2,10,1,11001,33,292,"S4_(0.75,1.00]",0.6,1,0.16,0.306122448979592,0.96,1,0.76,0.836734693877551,0.84,49,0,10
DTLZ2,10,1,11001,34,298,"S4_(0.75,1.00]",0.68,1,0.28,0.369565217391304,0.96,1,0.88,0.934782608695652,0.93,46,0,8
DTLZ2,10,2,11002,1,100,"S2_(0.25,0.50]",0.68,0.92,0.4,0.36734693877551,0.16,0.16,0.16,0.122448979591837,0.09,49,0,7
DTLZ2,10,2,11002,2,106,"S2_(0.25,0.50]",0.56,0.88,0.36,0.3125,0.16,0.16,0.16,0.125,0.09,48,0,8
DTLZ2,10,2,11002,3,112,"S2_(0.25,0.50]",0.6,0.92,0.4,0.283018867924528,0.12,0.2,0.16,0.113207547169811,0.1,53,0,8
DTLZ2,10,2,11002,4,118,"S2_(0.25,0.50]",0.72,1,0.4,0.333333333333333,0.12,0.2,0.12,0.111111111111111,0.1,54,0,7
DTLZ2,10,2,11002,5,124,"S2_(0.25,0.50]",0.88,0.96,0.44,0.366666666666667,0.24,0.28,0.16,0.15,0.12,60,0,2
DTLZ2,10,2,11002,6,130,"S2_(0.25,0.50]",0.8,1,0.4,0.344827586206897,0.24,0.32,0.12,0.155172413793103,0.13,58,0,5
DTLZ2,10,2,11002,7,136,"S2_(0.25,0.50]",0.84,0.96,0.36,0.355932203389831,0.24,0.36,0.12,0.152542372881356,0.14,59,0,5
DTLZ2,10,2,11002,8,142,"S2_(0.25,0.50]",0.56,1,0.28,0.245614035087719,0.2,0.4,0.16,0.12280701754386,0.15,57,0,11
DTLZ2,10,2,11002,9,148,"S2_(0.25,0.50]",0.64,0.96,0.28,0.30188679245283,0.28,0.48,0.12,0.169811320754717,0.18,53,0,10
DTLZ2,10,2,11002,10,154,"S3_(0.50,0.75]",0.64,1,0.32,0.275862068965517,0.28,0.44,0.2,0.155172413793103,0.18,58,0,9
DTLZ2,10,2,11002,11,160,"S3_(0.50,0.75]",0.68,1,0.36,0.346938775510204,0.36,0.4,0.16,0.204081632653061,0.19,49,0,8
DTLZ2,10,2,11002,12,166,"S3_(0.50,0.75]",0.8,0.96,0.44,0.4,0.36,0.44,0.08,0.18,0.18,50,0,6
DTLZ2,10,2,11002,13,172,"S3_(0.50,0.75]",0.6,0.96,0.28,0.333333333333333,0.44,0.44,0.2,0.244444444444444,0.21,45,0,11
DTLZ2,10,2,11002,14,178,"S3_(0.50,0.75]",0.72,1,0.44,0.321428571428571,0.56,0.48,0.32,0.303571428571429,0.25,56,0,7
DTLZ2,10,2,11002,15,184,"S3_(0.50,0.75]",0.8,1,0.44,0.363636363636364,0.56,0.48,0.4,0.327272727272727,0.28,55,0,5
DTLZ2,10,2,11002,16,190,"S3_(0.50,0.75]",0.84,1,0.48,0.381818181818182,0.52,0.48,0.4,0.327272727272727,0.3,55,0,4
DTLZ2,10,2,11002,17,196,"S3_(0.50,0.75]",0.88,1,0.52,0.392857142857143,0.56,0.6,0.44,0.375,0.34,56,0,3
DTLZ2,10,2,11002,18,202,"S3_(0.50,0.75]",0.8,1,0.4,0.37037037037037,0.6,0.6,0.52,0.425925925925926,0.33,54,0,5
DTLZ2,10,2,11002,19,208,"S3_(0.50,0.75]",0.76,1,0.48,0.345454545454545,0.64,0.56,0.6,0.418181818181818,0.35,55,0,6
DTLZ2,10,2,11002,20,214,"S3_(0.50,0.75]",0.68,1,0.4,0.34,0.68,0.56,0.56,0.48,0.36,50,0,8
DTLZ2,10,2,11002,21,220,"S3_(0.50,0.75]",0.76,1,0.48,0.306451612903226,0.68,0.64,0.64,0.5,0.41,62,0,6
DTLZ2,10,2,11002,22,226,"S4_(0.75,1.00]",0.72,1,0.44,0.310344827586207,0.64,0.56,0.56,0.517241379310345,0.42,58,0,7
DTLZ2,10,2,11002,23,232,"S4_(0.75,1.00]",0.68,1,0.44,0.288135593220339,0.76,0.64,0.64,0.559322033898305,0.47,59,0,8
DTLZ2,10,2,11002,24,238,"S4_(0.75,1.00]",0.6,1,0.36,0.288461538461538,0.68,0.68,0.56,0.5,0.49,52,0,10
DTLZ2,10,2,11002,25,244,"S4_(0.75,1.00]",0.64,1,0.36,0.30188679245283,0.72,0.64,0.6,0.528301886792453,0.5,53,0,9
DTLZ2,10,2,11002,26,250,"S4_(0.75,1.00]",0.68,1,0.4,0.361702127659574,0.64,0.68,0.64,0.553191489361702,0.51,47,0,8
DTLZ2,10,2,11002,27,256,"S4_(0.75,1.00]",0.88,1,0.6,0.349206349206349,0.76,0.76,0.76,0.666666666666667,0.55,63,0,3
DTLZ2,10,2,11002,28,262,"S4_(0.75,1.00]",0.88,1,0.6,0.349206349206349,0.8,0.8,0.76,0.682539682539683,0.57,63,0,3
DTLZ2,10,2,11002,29,268,"S4_(0.75,1.00]",0.92,1,0.56,0.365079365079365,0.88,0.84,0.8,0.698412698412698,0.59,63,0,2
DTLZ2,10,2,11002,30,274,"S4_(0.75,1.00]",0.92,1,0.44,0.410714285714286,0.8,0.8,0.72,0.785714285714286,0.73,56,0,2
DTLZ2,10,2,11002,31,280,"S4_(0.75,1.00]",0.92,1,0.48,0.425925925925926,0.84,0.84,0.72,0.796296296296296,0.77,54,0,2
DTLZ2,10,2,11002,32,286,"S4_(0.75,1.00]",0.88,1,0.4,0.385964912280702,0.88,0.88,0.84,0.859649122807018,0.83,57,0,3
DTLZ2,10,2,11002,33,292,"S4_(0.75,1.00]",0.8,1,0.36,0.338983050847458,0.96,0.96,0.84,0.898305084745763,0.89,59,0,5
DTLZ2,10,2,11002,34,298,"S4_(0.75,1.00]",0.8,1,0.44,0.327868852459016,0.96,0.96,0.96,0.967213114754098,0.98,61,0,5
DTLZ2,10,3,11003,1,100,"S2_(0.25,0.50]",0.6,0.84,0.28,0.340909090909091,0.48,0.4,0.36,0.386363636363636,0.29,44,0,9
DTLZ2,10,3,11003,2,106,"S2_(0.25,0.50]",0.88,0.88,0.52,0.358208955223881,0.44,0.44,0.4,0.388059701492537,0.31,67,0,1
DTLZ2,10,3,11003,3,112,"S2_(0.25,0.50]",0.84,0.96,0.52,0.328125,0.44,0.4,0.44,0.4375,0.33,64,0,3
DTLZ2,10,3,11003,4,118,"S2_(0.25,0.50]",0.84,0.92,0.48,0.328125,0.44,0.36,0.48,0.453125,0.34,64,0,2
DTLZ2,10,3,11003,5,124,"S2_(0.25,0.50]",0.92,0.92,0.52,0.328571428571429,0.36,0.36,0.48,0.428571428571429,0.35,70,0,1
DTLZ2,10,3,11003,6,130,"S2_(0.25,0.50]",0.76,1,0.44,0.372549019607843,0.48,0.32,0.48,0.490196078431373,0.36,51,0,6
DTLZ2,10,3,11003,7,136,"S2_(0.25,0.50]",0.68,1,0.44,0.361702127659574,0.52,0.32,0.52,0.531914893617021,0.35,47,0,8
DTLZ2,10,3,11003,8,142,"S2_(0.25,0.50]",0.6,0.96,0.32,0.340909090909091,0.52,0.32,0.56,0.545454545454545,0.35,44,0,9
DTLZ2,10,3,11003,9,148,"S2_(0.25,0.50]",0.64,0.96,0.36,0.326530612244898,0.52,0.32,0.52,0.530612244897959,0.36,49,0,9
DTLZ2,10,3,11003,10,154,"S3_(0.50,0.75]",0.64,1,0.28,0.266666666666667,0.4,0.32,0.48,0.5,0.36,60,0,9
DTLZ2,10,3,11003,11,160,"S3_(0.50,0.75]",0.84,0.96,0.48,0.318181818181818,0.28,0.28,0.44,0.484848484848485,0.34,66,0,3
DTLZ2,10,3,11003,12,166,"S3_(0.50,0.75]",0.88,1,0.4,0.328358208955224,0.28,0.24,0.48,0.462686567164179,0.33,67,0,3
DTLZ2,10,3,11003,13,172,"S3_(0.50,0.75]",0.72,1,0.28,0.315789473684211,0.32,0.24,0.56,0.508771929824561,0.36,57,0,7
DTLZ2,10,3,11003,14,178,"S3_(0.50,0.75]",0.68,1,0.24,0.333333333333333,0.44,0.32,0.44,0.549019607843137,0.39,51,0,8
DTLZ2,10,3,11003,15,184,"S3_(0.50,0.75]",0.68,1,0.16,0.278688524590164,0.44,0.44,0.48,0.557377049180328,0.45,61,0,8
DTLZ2,10,3,11003,16,190,"S3_(0.50,0.75]",0.76,1,0.28,0.311475409836066,0.48,0.56,0.56,0.60655737704918,0.48,61,0,6
DTLZ2,10,3,11003,17,196,"S3_(0.50,0.75]",0.64,1,0.36,0.380952380952381,0.64,0.56,0.72,0.738095238095238,0.54,42,0,9
DTLZ2,10,3,11003,18,202,"S3_(0.50,0.75]",0.64,1,0.28,0.355555555555556,0.6,0.56,0.76,0.711111111111111,0.55,45,0,9
DTLZ2,10,3,11003,19,208,"S3_(0.50,0.75]",0.76,1,0.44,0.41304347826087,0.64,0.6,0.72,0.717391304347826,0.57,46,0,6
DTLZ2,10,3,11003,20,214,"S3_(0.50,0.75]",0.88,1,0.52,0.423076923076923,0.72,0.72,0.72,0.711538461538462,0.61,52,0,3
DTLZ2,10,3,11003,21,220,"S3_(0.50,0.75]",0.8,1,0.36,0.384615384615385,0.68,0.6,0.76,0.75,0.62,52,0,5
DTLZ2,10,3,11003,22,226,"S4_(0.75,1.00]",0.92,1,0.44,0.450980392156863,0.64,0.64,0.84,0.745098039215686,0.64,51,0,2
DTLZ2,10,3,11003,23,232,"S4_(0.75,1.00]",0.96,1,0.52,0.444444444444444,0.6,0.56,0.76,0.740740740740741,0.65,54,0,1
DTLZ2,10,3,11003,24,238,"S4_(0.75,1.00]",0.96,1,0.56,0.436363636363636,0.6,0.6,0.72,0.745454545454545,0.69,55,0,1
DTLZ2,10,3,11003,25,244,"S4_(0.75,1.00]",0.96,1,0.56,0.428571428571429,0.64,0.6,0.76,0.75,0.71,56,0,1
DTLZ2,10,3,11003,26,250,"S4_(0.75,1.00]",1,1,0.56,0.409836065573771,0.64,0.64,0.8,0.770491803278688,0.72,61,0,0
DTLZ2,10,3,11003,27,256,"S4_(0.75,1.00]",1,1,0.52,0.403225806451613,0.68,0.68,0.8,0.790322580645161,0.74,62,0,0
DTLZ2,10,3,11003,28,262,"S4_(0.75,1.00]",0.96,1,0.52,0.39344262295082,0.72,0.68,0.84,0.819672131147541,0.75,61,0,1
DTLZ2,10,3,11003,29,268,"S4_(0.75,1.00]",0.92,1,0.44,0.370967741935484,0.76,0.68,0.88,0.854838709677419,0.78,62,0,2
DTLZ2,10,3,11003,30,274,"S4_(0.75,1.00]",0.96,1,0.44,0.380952380952381,0.72,0.72,0.88,0.873015873015873,0.8,63,0,1
DTLZ2,10,3,11003,31,280,"S4_(0.75,1.00]",0.96,0.96,0.52,0.39344262295082,0.76,0.76,0.84,0.852459016393443,0.83,61,0,1
DTLZ2,10,3,11003,32,286,"S4_(0.75,1.00]",0.96,0.96,0.52,0.367647058823529,0.8,0.8,0.8,0.852941176470588,0.87,68,0,0
DTLZ2,10,3,11003,33,292,"S4_(0.75,1.00]",0.96,1,0.48,0.358208955223881,0.8,0.8,0.88,0.91044776119403,0.89,67,0,1
DTLZ2,10,3,11003,34,298,"S4_(0.75,1.00]",0.92,1,0.48,0.333333333333333,0.88,0.92,0.92,0.942028985507246,0.94,69,0,2
DTLZ2,10,4,11004,1,100,"S2_(0.25,0.50]",0.8,0.92,0.52,0.567567567567568,0.36,0.36,0.36,0.378378378378378,0.15,37,0,5
DTLZ2,10,4,11004,2,106,"S2_(0.25,0.50]",0.8,0.96,0.44,0.5,0.36,0.36,0.36,0.333333333333333,0.17,42,0,4
DTLZ2,10,4,11004,3,112,"S2_(0.25,0.50]",0.68,0.96,0.36,0.439024390243902,0.32,0.28,0.36,0.292682926829268,0.18,41,0,8
DTLZ2,10,4,11004,4,118,"S2_(0.25,0.50]",0.8,0.96,0.48,0.5,0.28,0.28,0.32,0.285714285714286,0.18,42,0,4
DTLZ2,10,4,11004,5,124,"S2_(0.25,0.50]",0.84,1,0.44,0.5,0.28,0.28,0.36,0.285714285714286,0.19,42,0,4
DTLZ2,10,4,11004,6,130,"S2_(0.25,0.50]",0.96,1,0.44,0.5,0.24,0.28,0.24,0.25,0.21,48,0,1
DTLZ2,10,4,11004,7,136,"S2_(0.25,0.50]",0.88,1,0.4,0.458333333333333,0.28,0.24,0.24,0.270833333333333,0.23,48,0,3
DTLZ2,10,4,11004,8,142,"S2_(0.25,0.50]",0.8,1,0.44,0.408163265306122,0.32,0.28,0.24,0.285714285714286,0.24,49,0,5
DTLZ2,10,4,11004,9,148,"S2_(0.25,0.50]",0.56,1,0.28,0.297872340425532,0.4,0.36,0.24,0.297872340425532,0.26,47,0,11
DTLZ2,10,4,11004,10,154,"S3_(0.50,0.75]",0.48,1,0.24,0.260869565217391,0.4,0.28,0.24,0.326086956521739,0.27,46,0,13
DTLZ2,10,4,11004,11,160,"S3_(0.50,0.75]",0.44,1,0.2,0.215686274509804,0.44,0.28,0.32,0.392156862745098,0.29,51,0,14
DTLZ2,10,4,11004,12,166,"S3_(0.50,0.75]",0.72,1,0.32,0.321428571428571,0.4,0.32,0.4,0.392857142857143,0.32,56,0,7
DTLZ2,10,4,11004,13,172,"S3_(0.50,0.75]",0.76,1,0.36,0.311475409836066,0.28,0.32,0.36,0.360655737704918,0.32,61,0,6
DTLZ2,10,4,11004,14,178,"S3_(0.50,0.75]",0.64,1,0.2,0.340425531914894,0.44,0.36,0.28,0.382978723404255,0.34,47,0,9
DTLZ2,10,4,11004,15,184,"S3_(0.50,0.75]",0.64,1,0.2,0.355555555555556,0.44,0.4,0.24,0.4,0.36,45,0,9
DTLZ2,10,4,11004,16,190,"S3_(0.50,0.75]",0.56,1,0.2,0.378378378378378,0.44,0.48,0.36,0.459459459459459,0.39,37,0,11
DTLZ2,10,4,11004,17,196,"S3_(0.50,0.75]",0.56,1,0.2,0.368421052631579,0.48,0.48,0.44,0.526315789473684,0.43,38,0,11
DTLZ2,10,4,11004,18,202,"S3_(0.50,0.75]",0.56,1,0.16,0.318181818181818,0.48,0.56,0.52,0.522727272727273,0.48,44,0,11
DTLZ2,10,4,11004,19,208,"S3_(0.50,0.75]",0.44,1,0.16,0.289473684210526,0.64,0.56,0.64,0.657894736842105,0.49,38,0,14
DTLZ2,10,4,11004,20,214,"S3_(0.50,0.75]",0.48,1,0.12,0.292682926829268,0.64,0.6,0.4,0.560975609756098,0.5,41,0,13
DTLZ2,10,4,11004,21,220,"S3_(0.50,0.75]",0.56,1,0.16,0.311111111111111,0.64,0.68,0.44,0.577777777777778,0.54,45,0,11
DTLZ2,10,4,11004,22,226,"S4_(0.75,1.00]",0.76,1,0.48,0.372549019607843,0.68,0.6,0.6,0.627450980392157,0.58,51,0,6
DTLZ2,10,4,11004,23,232,"S4_(0.75,1.00]",0.76,1,0.44,0.372549019607843,0.64,0.6,0.6,0.627450980392157,0.59,51,0,6
DTLZ2,10,4,11004,24,238,"S4_(0.75,1.00]",0.76,1,0.52,0.333333333333333,0.68,0.6,0.64,0.649122807017544,0.61,57,0,6
DTLZ2,10,4,11004,25,244,"S4_(0.75,1.00]",0.8,1,0.52,0.344827586206897,0.68,0.64,0.64,0.637931034482759,0.61,58,0,5
DTLZ2,10,4,11004,26,250,"S4_(0.75,1.00]",0.76,1,0.44,0.372549019607843,0.64,0.64,0.56,0.666666666666667,0.62,51,0,6
DTLZ2,10,4,11004,27,256,"S4_(0.75,1.00]",0.72,1,0.4,0.36,0.68,0.72,0.52,0.68,0.64,50,0,7
DTLZ2,10,4,11004,28,262,"S4_(0.75,1.00]",0.8,1,0.44,0.338983050847458,0.8,0.8,0.72,0.779661016949153,0.74,59,0,5
DTLZ2,10,4,11004,29,268,"S4_(0.75,1.00]",0.72,1,0.36,0.305084745762712,0.8,0.84,0.68,0.779661016949153,0.76,59,0,7
DTLZ2,10,4,11004,30,274,"S4_(0.75,1.00]",0.72,1,0.36,0.310344827586207,0.88,0.92,0.72,0.810344827586207,0.82,58,0,7
DTLZ2,10,4,11004,31,280,"S4_(0.75,1.00]",0.8,1,0.48,0.377358490566038,1,0.96,0.92,0.924528301886792,0.88,53,0,5
DTLZ2,10,4,11004,32,286,"S4_(0.75,1.00]",0.76,1,0.4,0.372549019607843,1,0.96,1,1,0.94,51,0,6
DTLZ2,10,4,11004,33,292,"S4_(0.75,1.00]",0.76,1,0.36,0.372549019607843,1,0.96,1,1,0.96,51,0,6
DTLZ2,10,4,11004,34,298,"S4_(0.75,1.00]",0.76,1,0.44,0.38,1,1,1,1,0.98,50,0,6
DTLZ2,10,5,11005,1,100,"S2_(0.25,0.50]",0.68,0.8,0.48,0.545454545454545,0.4,0.4,0.28,0.333333333333333,0.15,33,0,5
DTLZ2,10,5,11005,2,106,"S2_(0.25,0.50]",0.76,0.88,0.52,0.487179487179487,0.4,0.4,0.28,0.358974358974359,0.16,39,0,3
DTLZ2,10,5,11005,3,112,"S2_(0.25,0.50]",0.84,0.88,0.6,0.567567567567568,0.4,0.4,0.2,0.351351351351351,0.17,37,0,3
DTLZ2,10,5,11005,4,118,"S2_(0.25,0.50]",0.84,0.92,0.64,0.617647058823529,0.44,0.44,0.28,0.382352941176471,0.19,34,0,3
DTLZ2,10,5,11005,5,124,"S2_(0.25,0.50]",0.8,0.88,0.48,0.540540540540541,0.48,0.52,0.28,0.378378378378378,0.21,37,0,4
DTLZ2,10,5,11005,6,130,"S2_(0.25,0.50]",0.8,0.88,0.44,0.512820512820513,0.48,0.56,0.28,0.41025641025641,0.24,39,0,4
DTLZ2,10,5,11005,7,136,"S2_(0.25,0.50]",0.72,0.96,0.4,0.4,0.52,0.56,0.28,0.4,0.26,45,0,6
DTLZ2,10,5,11005,8,142,"S2_(0.25,0.50]",0.84,1,0.44,0.456521739130435,0.52,0.52,0.4,0.391304347826087,0.28,46,0,4
DTLZ2,10,5,11005,9,148,"S2_(0.25,0.50]",0.8,1,0.36,0.444444444444444,0.56,0.52,0.36,0.444444444444444,0.3,45,0,5
DTLZ2,10,5,11005,10,154,"S3_(0.50,0.75]",0.76,1,0.36,0.38,0.56,0.48,0.32,0.4,0.31,50,0,6
DTLZ2,10,5,11005,11,160,"S3_(0.50,0.75]",0.76,1,0.32,0.372549019607843,0.56,0.48,0.32,0.392156862745098,0.34,51,0,6
DTLZ2,10,5,11005,12,166,"S3_(0.50,0.75]",0.72,1,0.32,0.327272727272727,0.52,0.44,0.44,0.418181818181818,0.37,55,0,7
DTLZ2,10,5,11005,13,172,"S3_(0.50,0.75]",0.76,1,0.4,0.339285714285714,0.44,0.44,0.24,0.303571428571429,0.39,56,0,6
DTLZ2,10,5,11005,14,178,"S3_(0.50,0.75]",0.84,1,0.36,0.39622641509434,0.4,0.4,0.32,0.39622641509434,0.41,53,0,4
DTLZ2,10,5,11005,15,184,"S3_(0.50,0.75]",0.68,1,0.24,0.320754716981132,0.4,0.4,0.32,0.377358490566038,0.42,53,0,8
DTLZ2,10,5,11005,16,190,"S3_(0.50,0.75]",0.76,1,0.32,0.41304347826087,0.36,0.32,0.2,0.326086956521739,0.42,46,0,6
DTLZ2,10,5,11005,17,196,"S3_(0.50,0.75]",0.8,1,0.48,0.526315789473684,0.44,0.4,0.28,0.421052631578947,0.45,38,0,5
DTLZ2,10,5,11005,18,202,"S3_(0.50,0.75]",0.68,1,0.36,0.386363636363636,0.48,0.36,0.36,0.431818181818182,0.47,44,0,8
DTLZ2,10,5,11005,19,208,"S3_(0.50,0.75]",0.8,1,0.28,0.37037037037037,0.52,0.4,0.44,0.518518518518518,0.49,54,0,5
DTLZ2,10,5,11005,20,214,"S3_(0.50,0.75]",0.72,1,0.32,0.428571428571429,0.48,0.4,0.32,0.476190476190476,0.51,42,0,7
DTLZ2,10,5,11005,21,220,"S3_(0.50,0.75]",0.72,1,0.32,0.418604651162791,0.56,0.4,0.36,0.488372093023256,0.53,43,0,7
DTLZ2,10,5,11005,22,226,"S4_(0.75,1.00]",0.68,1,0.24,0.346938775510204,0.6,0.4,0.64,0.653061224489796,0.55,49,0,8
DTLZ2,10,5,11005,23,232,"S4_(0.75,1.00]",0.76,1,0.44,0.431818181818182,0.56,0.48,0.64,0.659090909090909,0.58,44,0,6
DTLZ2,10,5,11005,24,238,"S4_(0.75,1.00]",0.76,1,0.4,0.422222222222222,0.6,0.52,0.72,0.688888888888889,0.6,45,0,6
DTLZ2,10,5,11005,25,244,"S4_(0.75,1.00]",0.68,1,0.44,0.361702127659574,0.56,0.6,0.48,0.638297872340426,0.62,47,0,8
DTLZ2,10,5,11005,26,250,"S4_(0.75,1.00]",0.8,1,0.36,0.377358490566038,0.56,0.6,0.48,0.679245283018868,0.67,53,0,5
DTLZ2,10,5,11005,27,256,"S4_(0.75,1.00]",0.8,1,0.36,0.37037037037037,0.64,0.64,0.56,0.740740740740741,0.72,54,0,5
DTLZ2,10,5,11005,28,262,"S4_(0.75,1.00]",0.76,1,0.4,0.387755102040816,0.72,0.72,0.72,0.816326530612245,0.76,49,0,6
DTLZ2,10,5,11005,29,268,"S4_(0.75,1.00]",0.96,1,0.52,0.51063829787234,0.8,0.8,0.84,0.829787234042553,0.8,47,0,1
DTLZ2,10,5,11005,30,274,"S4_(0.75,1.00]",0.96,1,0.56,0.461538461538462,0.84,0.84,0.84,0.846153846153846,0.84,52,0,1
DTLZ2,10,5,11005,31,280,"S4_(0.75,1.00]",0.92,1,0.6,0.450980392156863,0.88,0.88,0.84,0.882352941176471,0.87,51,0,2
DTLZ2,10,5,11005,32,286,"S4_(0.75,1.00]",0.84,1,0.52,0.42,0.92,0.96,0.92,0.92,0.91,50,0,4
DTLZ2,10,5,11005,33,292,"S4_(0.75,1.00]",0.84,1,0.48,0.428571428571429,0.96,1,0.96,0.959183673469388,0.94,49,0,4
DTLZ2,10,5,11005,34,298,"S4_(0.75,1.00]",0.88,1,0.48,0.458333333333333,1,1,1,1,0.99,48,0,3
DTLZ2,10,6,11006,1,100,"S2_(0.25,0.50]",0.88,0.96,0.56,0.575,0.4,0.4,0.24,0.3,0.19,40,0,2
DTLZ2,10,6,11006,2,106,"S2_(0.25,0.50]",0.84,0.96,0.48,0.525,0.48,0.48,0.24,0.375,0.23,40,0,3
DTLZ2,10,6,11006,3,112,"S2_(0.25,0.50]",0.92,0.92,0.56,0.58974358974359,0.56,0.56,0.32,0.435897435897436,0.27,39,0,3
DTLZ2,10,6,11006,4,118,"S2_(0.25,0.50]",0.8,0.88,0.48,0.538461538461538,0.56,0.52,0.32,0.461538461538462,0.28,39,0,4
DTLZ2,10,6,11006,5,124,"S2_(0.25,0.50]",0.84,0.92,0.56,0.5,0.52,0.48,0.32,0.454545454545455,0.3,44,0,2
DTLZ2,10,6,11006,6,130,"S2_(0.25,0.50]",0.88,0.92,0.56,0.4,0.52,0.48,0.36,0.418181818181818,0.3,55,0,1
DTLZ2,10,6,11006,7,136,"S2_(0.25,0.50]",0.8,0.96,0.48,0.476190476190476,0.56,0.44,0.36,0.523809523809524,0.3,42,0,4
DTLZ2,10,6,11006,8,142,"S2_(0.25,0.50]",0.72,1,0.4,0.382978723404255,0.52,0.4,0.32,0.468085106382979,0.33,47,0,7
DTLZ2,10,6,11006,9,148,"S2_(0.25,0.50]",0.96,1,0.6,0.444444444444444,0.4,0.4,0.4,0.425925925925926,0.32,54,0,1
DTLZ2,10,6,11006,10,154,"S3_(0.50,0.75]",0.88,0.96,0.56,0.431372549019608,0.48,0.44,0.48,0.470588235294118,0.34,51,0,3
DTLZ2,10,6,11006,11,160,"S3_(0.50,0.75]",0.96,0.96,0.56,0.4,0.6,0.56,0.64,0.483333333333333,0.39,60,0,1
DTLZ2,10,6,11006,12,166,"S3_(0.50,0.75]",0.68,1,0.44,0.435897435897436,0.6,0.56,0.52,0.564102564102564,0.41,39,0,8
DTLZ2,10,6,11006,13,172,"S3_(0.50,0.75]",0.68,1,0.44,0.459459459459459,0.64,0.6,0.52,0.567567567567568,0.44,37,0,8
DTLZ2,10,6,11006,14,178,"S3_(0.50,0.75]",0.92,1,0.48,0.403508771929825,0.64,0.6,0.44,0.421052631578947,0.46,57,0,2
DTLZ2,10,6,11006,15,184,"S3_(0.50,0.75]",0.88,1,0.44,0.44,0.68,0.68,0.52,0.5,0.48,50,0,3
DTLZ2,10,6,11006,16,190,"S3_(0.50,0.75]",0.88,1,0.4,0.431372549019608,0.68,0.68,0.52,0.490196078431373,0.48,51,0,3
DTLZ2,10,6,11006,17,196,"S3_(0.50,0.75]",0.84,1,0.36,0.403846153846154,0.6,0.64,0.48,0.461538461538462,0.5,52,0,4
DTLZ2,10,6,11006,18,202,"S3_(0.50,0.75]",0.84,1,0.4,0.39622641509434,0.56,0.64,0.48,0.452830188679245,0.49,53,0,4
DTLZ2,10,6,11006,19,208,"S3_(0.50,0.75]",0.96,1,0.48,0.452830188679245,0.72,0.72,0.52,0.547169811320755,0.53,53,0,1
DTLZ2,10,6,11006,20,214,"S3_(0.50,0.75]",0.96,0.96,0.52,0.490196078431373,0.68,0.68,0.64,0.588235294117647,0.54,51,0,0
DTLZ2,10,6,11006,21,220,"S3_(0.50,0.75]",0.92,0.96,0.52,0.469387755102041,0.76,0.76,0.6,0.612244897959184,0.55,49,0,2
DTLZ2,10,6,11006,22,226,"S4_(0.75,1.00]",0.84,1,0.48,0.51219512195122,0.76,0.8,0.64,0.707317073170732,0.64,41,0,4
DTLZ2,10,6,11006,23,232,"S4_(0.75,1.00]",0.88,1,0.56,0.44,0.72,0.76,0.68,0.68,0.66,50,0,3
DTLZ2,10,6,11006,24,238,"S4_(0.75,1.00]",0.92,1,0.64,0.442307692307692,0.84,0.84,0.76,0.711538461538462,0.69,52,0,2
DTLZ2,10,6,11006,25,244,"S4_(0.75,1.00]",0.88,1,0.6,0.511627906976744,0.76,0.72,0.6,0.744186046511628,0.71,43,0,3
DTLZ2,10,6,11006,26,250,"S4_(0.75,1.00]",0.88,1,0.56,0.392857142857143,0.68,0.64,0.72,0.732142857142857,0.72,56,0,3
DTLZ2,10,6,11006,27,256,"S4_(0.75,1.00]",0.96,1,0.52,0.406779661016949,0.6,0.56,0.64,0.711864406779661,0.7,59,0,1
DTLZ2,10,6,11006,28,262,"S4_(0.75,1.00]",0.92,1,0.56,0.469387755102041,0.56,0.6,0.64,0.714285714285714,0.72,49,0,2
DTLZ2,10,6,11006,29,268,"S4_(0.75,1.00]",0.92,1,0.56,0.469387755102041,0.56,0.6,0.64,0.714285714285714,0.72,49,0,2
DTLZ2,10,6,11006,30,274,"S4_(0.75,1.00]",0.92,1,0.52,0.46,0.68,0.68,0.8,0.8,0.83,50,0,2
DTLZ2,10,6,11006,31,280,"S4_(0.75,1.00]",0.92,1,0.56,0.46,0.72,0.72,0.8,0.82,0.84,50,0,2
DTLZ2,10,6,11006,32,286,"S4_(0.75,1.00]",0.88,1,0.56,0.458333333333333,0.72,0.76,0.8,0.854166666666667,0.86,48,0,3
DTLZ2,10,6,11006,33,292,"S4_(0.75,1.00]",0.76,1,0.44,0.463414634146341,0.88,0.88,0.92,0.926829268292683,0.92,41,0,6
DTLZ2,10,6,11006,34,298,"S4_(0.75,1.00]",0.88,1,0.52,0.488888888888889,0.92,0.96,0.96,0.955555555555556,0.97,45,0,3
DTLZ2,10,7,11007,1,100,"S2_(0.25,0.50]",0.76,1,0.52,0.59375,0.28,0.32,0.2,0.21875,0.18,32,0,6
DTLZ2,10,7,11007,2,106,"S2_(0.25,0.50]",0.64,0.84,0.4,0.447368421052632,0.36,0.4,0.2,0.236842105263158,0.19,38,0,9
DTLZ2,10,7,11007,3,112,"S2_(0.25,0.50]",0.6,0.88,0.32,0.416666666666667,0.44,0.4,0.4,0.361111111111111,0.2,36,0,7
DTLZ2,10,7,11007,4,118,"S2_(0.25,0.50]",0.6,0.88,0.28,0.394736842105263,0.44,0.4,0.32,0.368421052631579,0.21,38,0,7
DTLZ2,10,7,11007,5,124,"S2_(0.25,0.50]",0.68,0.92,0.48,0.472222222222222,0.36,0.4,0.24,0.305555555555556,0.21,36,0,8
DTLZ2,10,7,11007,6,130,"S2_(0.25,0.50]",0.72,0.96,0.44,0.473684210526316,0.36,0.4,0.2,0.289473684210526,0.22,38,0,6
DTLZ2,10,7,11007,7,136,"S2_(0.25,0.50]",0.92,0.96,0.48,0.479166666666667,0.32,0.32,0.2,0.291666666666667,0.22,48,0,2
DTLZ2,10,7,11007,8,142,"S2_(0.25,0.50]",0.8,1,0.48,0.408163265306122,0.32,0.2,0.2,0.285714285714286,0.22,49,0,5
DTLZ2,10,7,11007,9,148,"S2_(0.25,0.50]",0.6,0.96,0.32,0.307692307692308,0.36,0.2,0.24,0.288461538461538,0.23,52,0,9
DTLZ2,10,7,11007,10,154,"S3_(0.50,0.75]",0.6,0.96,0.32,0.390243902439024,0.44,0.28,0.36,0.390243902439024,0.27,41,0,9
DTLZ2,10,7,11007,11,160,"S3_(0.50,0.75]",0.64,0.96,0.36,0.414634146341463,0.44,0.32,0.32,0.414634146341463,0.28,41,0,8
DTLZ2,10,7,11007,12,166,"S3_(0.50,0.75]",0.6,0.96,0.44,0.470588235294118,0.48,0.28,0.32,0.411764705882353,0.3,34,0,10
DTLZ2,10,7,11007,13,172,"S3_(0.50,0.75]",0.68,1,0.44,0.472222222222222,0.44,0.4,0.32,0.444444444444444,0.34,36,0,8
DTLZ2,10,7,11007,14,178,"S3_(0.50,0.75]",0.68,0.96,0.4,0.447368421052632,0.48,0.44,0.32,0.447368421052632,0.37,38,0,8
DTLZ2,10,7,11007,15,184,"S3_(0.50,0.75]",0.72,0.92,0.48,0.514285714285714,0.48,0.44,0.4,0.485714285714286,0.38,35,0,7
DTLZ2,10,7,11007,16,190,"S3_(0.50,0.75]",0.76,1,0.44,0.431818181818182,0.48,0.4,0.44,0.5,0.4,44,0,6
DTLZ2,10,7,11007,17,196,"S3_(0.50,0.75]",0.68,1,0.36,0.395348837209302,0.52,0.48,0.4,0.465116279069767,0.44,43,0,8
DTLZ2,10,7,11007,18,202,"S3_(0.50,0.75]",0.76,1,0.32,0.358490566037736,0.48,0.48,0.4,0.509433962264151,0.45,53,0,6
DTLZ2,10,7,11007,19,208,"S3_(0.50,0.75]",0.64,1,0.32,0.363636363636364,0.52,0.56,0.6,0.568181818181818,0.47,44,0,9
DTLZ2,10,7,11007,20,214,"S3_(0.50,0.75]",0.68,1,0.36,0.425,0.56,0.6,0.52,0.55,0.49,40,0,8
DTLZ2,10,7,11007,21,220,"S3_(0.50,0.75]",0.76,1,0.4,0.387755102040816,0.6,0.72,0.56,0.571428571428571,0.55,49,0,6
DTLZ2,10,7,11007,22,226,"S4_(0.75,1.00]",0.76,1,0.32,0.395833333333333,0.64,0.8,0.64,0.625,0.59,48,0,6
DTLZ2,10,7,11007,23,232,"S4_(0.75,1.00]",0.72,1,0.4,0.439024390243902,0.72,0.8,0.72,0.707317073170732,0.62,41,0,7
DTLZ2,10,7,11007,24,238,"S4_(0.75,1.00]",0.88,1,0.52,0.5,0.6,0.68,0.64,0.659090909090909,0.62,44,0,3
DTLZ2,10,7,11007,25,244,"S4_(0.75,1.00]",0.84,1,0.44,0.477272727272727,0.6,0.64,0.72,0.636363636363636,0.61,44,0,4
DTLZ2,10,7,11007,26,250,"S4_(0.75,1.00]",0.88,1,0.52,0.5,0.64,0.64,0.72,0.681818181818182,0.62,44,0,3
DTLZ2,10,7,11007,27,256,"S4_(0.75,1.00]",0.92,1,0.56,0.479166666666667,0.6,0.56,0.76,0.6875,0.65,48,0,2
DTLZ2,10,7,11007,28,262,"S4_(0.75,1.00]",0.92,1,0.48,0.479166666666667,0.6,0.56,0.72,0.6875,0.68,48,0,2
DTLZ2,10,7,11007,29,268,"S4_(0.75,1.00]",0.96,1,0.56,0.406779661016949,0.6,0.6,0.8,0.711864406779661,0.72,59,0,1
DTLZ2,10,7,11007,30,274,"S4_(0.75,1.00]",0.96,1,0.52,0.406779661016949,0.68,0.68,0.88,0.76271186440678,0.75,59,0,1
DTLZ2,10,7,11007,31,280,"S4_(0.75,1.00]",0.96,1,0.52,0.406779661016949,0.68,0.68,0.88,0.76271186440678,0.76,59,0,1
DTLZ2,10,7,11007,32,286,"S4_(0.75,1.00]",0.92,1,0.32,0.383333333333333,0.72,0.72,0.8,0.766666666666667,0.8,60,0,2
DTLZ2,10,7,11007,33,292,"S4_(0.75,1.00]",0.8,1,0.44,0.344827586206897,0.8,0.84,0.88,0.844827586206897,0.84,58,0,5
DTLZ2,10,7,11007,34,298,"S4_(0.75,1.00]",0.76,1,0.52,0.339285714285714,1,1,1,1,0.99,56,0,6
DTLZ2,10,8,11008,1,100,"S2_(0.25,0.50]",0.88,0.88,0.6,0.433962264150943,0.36,0.4,0.24,0.264150943396226,0.18,53,0,1
DTLZ2,10,8,11008,2,106,"S2_(0.25,0.50]",0.76,0.96,0.48,0.527777777777778,0.36,0.36,0.2,0.333333333333333,0.19,36,0,5
DTLZ2,10,8,11008,3,112,"S2_(0.25,0.50]",0.76,0.92,0.52,0.558823529411765,0.48,0.44,0.4,0.441176470588235,0.22,34,0,6
DTLZ2,10,8,11008,4,118,"S2_(0.25,0.50]",0.76,0.92,0.52,0.575757575757576,0.48,0.52,0.4,0.484848484848485,0.24,33,0,4
DTLZ2,10,8,11008,5,124,"S2_(0.25,0.50]",0.8,0.96,0.48,0.555555555555556,0.44,0.44,0.4,0.444444444444444,0.24,36,0,4
DTLZ2,10,8,11008,6,130,"S2_(0.25,0.50]",0.88,1,0.48,0.458333333333333,0.44,0.36,0.32,0.354166666666667,0.24,48,0,3
DTLZ2,10,8,11008,7,136,"S2_(0.25,0.50]",0.84,1,0.44,0.552631578947368,0.32,0.32,0.16,0.315789473684211,0.24,38,0,4
DTLZ2,10,8,11008,8,142,"S2_(0.25,0.50]",0.84,1,0.4,0.488372093023256,0.36,0.44,0.16,0.325581395348837,0.27,43,0,4
DTLZ2,10,8,11008,9,148,"S2_(0.25,0.50]",0.84,1,0.44,0.5,0.36,0.4,0.16,0.333333333333333,0.29,42,0,4
DTLZ2,10,8,11008,10,154,"S3_(0.50,0.75]",0.88,1,0.48,0.407407407407407,0.32,0.4,0.28,0.351851851851852,0.31,54,0,3
DTLZ2,10,8,11008,11,160,"S3_(0.50,0.75]",0.68,1,0.36,0.361702127659574,0.4,0.4,0.28,0.404255319148936,0.32,47,0,8
DTLZ2,10,8,11008,12,166,"S3_(0.50,0.75]",0.72,1,0.36,0.461538461538462,0.4,0.36,0.36,0.435897435897436,0.33,39,0,7
DTLZ2,10,8,11008,13,172,"S3_(0.50,0.75]",0.8,1,0.44,0.392156862745098,0.48,0.4,0.4,0.431372549019608,0.35,51,0,5
DTLZ2,10,8,11008,14,178,"S3_(0.50,0.75]",0.76,1,0.44,0.475,0.56,0.44,0.4,0.525,0.38,40,0,6
DTLZ2,10,8,11008,15,184,"S3_(0.50,0.75]",0.84,1,0.4,0.39622641509434,0.52,0.52,0.44,0.471698113207547,0.41,53,0,4
DTLZ2,10,8,11008,16,190,"S3_(0.50,0.75]",0.88,1,0.44,0.4,0.64,0.6,0.52,0.527272727272727,0.45,55,0,3
DTLZ2,10,8,11008,17,196,"S3_(0.50,0.75]",0.88,1,0.4,0.4,0.56,0.64,0.48,0.545454545454545,0.47,55,0,3
DTLZ2,10,8,11008,18,202,"S3_(0.50,0.75]",0.88,1,0.56,0.431372549019608,0.6,0.64,0.52,0.529411764705882,0.5,51,0,3
DTLZ2,10,8,11008,19,208,"S3_(0.50,0.75]",0.92,1,0.52,0.410714285714286,0.6,0.56,0.52,0.553571428571429,0.51,56,0,2
DTLZ2,10,8,11008,20,214,"S3_(0.50,0.75]",0.92,1,0.52,0.410714285714286,0.56,0.56,0.52,0.571428571428571,0.54,56,0,2
DTLZ2,10,8,11008,21,220,"S3_(0.50,0.75]",0.84,1,0.36,0.368421052631579,0.52,0.52,0.56,0.56140350877193,0.54,57,0,4
DTLZ2,10,8,11008,22,226,"S4_(0.75,1.00]",0.88,1,0.4,0.385964912280702,0.56,0.52,0.6,0.578947368421053,0.55,57,0,3
DTLZ2,10,8,11008,23,232,"S4_(0.75,1.00]",0.96,1,0.44,0.39344262295082,0.6,0.6,0.68,0.60655737704918,0.57,61,0,1
DTLZ2,10,8,11008,24,238,"S4_(0.75,1.00]",0.92,1,0.48,0.377049180327869,0.64,0.6,0.6,0.590163934426229,0.59,61,0,2
DTLZ2,10,8,11008,25,244,"S4_(0.75,1.00]",0.84,1,0.48,0.403846153846154,0.64,0.64,0.64,0.653846153846154,0.62,52,0,4
DTLZ2,10,8,11008,26,250,"S4_(0.75,1.00]",0.88,1,0.48,0.407407407407407,0.68,0.64,0.68,0.685185185185185,0.62,54,0,3
DTLZ2,10,8,11008,27,256,"S4_(0.75,1.00]",0.84,1,0.48,0.381818181818182,0.64,0.64,0.64,0.672727272727273,0.63,55,0,4
DTLZ2,10,8,11008,28,262,"S4_(0.75,1.00]",0.96,1,0.48,0.406779661016949,0.72,0.68,0.68,0.711864406779661,0.66,59,0,1
DTLZ2,10,8,11008,29,268,"S4_(0.75,1.00]",1,1,0.52,0.423728813559322,0.72,0.72,0.68,0.728813559322034,0.7,59,0,0
DTLZ2,10,8,11008,30,274,"S4_(0.75,1.00]",0.84,0.96,0.48,0.411764705882353,0.8,0.72,0.8,0.784313725490196,0.73,51,0,4
DTLZ2,10,8,11008,31,280,"S4_(0.75,1.00]",0.92,0.92,0.56,0.436363636363636,0.72,0.68,0.8,0.745454545454545,0.75,55,0,1
DTLZ2,10,8,11008,32,286,"S4_(0.75,1.00]",0.96,0.92,0.56,0.436363636363636,0.72,0.72,0.8,0.763636363636364,0.79,55,0,2
DTLZ2,10,8,11008,33,292,"S4_(0.75,1.00]",0.96,0.92,0.56,0.436363636363636,0.76,0.8,0.8,0.781818181818182,0.81,55,0,2
DTLZ2,10,8,11008,34,298,"S4_(0.75,1.00]",0.8,0.92,0.48,0.408163265306122,1,0.96,1,1,0.98,49,0,7
DTLZ2,10,9,11009,1,100,"S2_(0.25,0.50]",0.68,0.76,0.36,0.452380952380952,0.32,0.32,0.08,0.19047619047619,0.1,42,0,7
DTLZ2,10,9,11009,2,106,"S2_(0.25,0.50]",0.72,0.88,0.52,0.558823529411765,0.4,0.36,0.2,0.294117647058824,0.12,34,0,6
DTLZ2,10,9,11009,3,112,"S2_(0.25,0.50]",0.76,0.92,0.48,0.542857142857143,0.36,0.36,0.24,0.285714285714286,0.13,35,0,5
DTLZ2,10,9,11009,4,118,"S2_(0.25,0.50]",0.92,0.96,0.56,0.534883720930233,0.4,0.4,0.24,0.27906976744186,0.15,43,0,1
DTLZ2,10,9,11009,5,124,"S2_(0.25,0.50]",0.92,0.96,0.52,0.534883720930233,0.36,0.32,0.2,0.27906976744186,0.15,43,0,1
DTLZ2,10,9,11009,6,130,"S2_(0.25,0.50]",0.8,0.96,0.48,0.555555555555556,0.36,0.32,0.32,0.361111111111111,0.16,36,0,4
DTLZ2,10,9,11009,7,136,"S2_(0.25,0.50]",0.84,0.96,0.52,0.552631578947368,0.36,0.32,0.36,0.368421052631579,0.2,38,0,4
DTLZ2,10,9,11009,8,142,"S2_(0.25,0.50]",0.8,0.96,0.44,0.5,0.36,0.32,0.28,0.375,0.21,40,0,4
DTLZ2,10,9,11009,9,148,"S2_(0.25,0.50]",0.72,1,0.36,0.382978723404255,0.48,0.4,0.32,0.404255319148936,0.24,47,0,7
DTLZ2,10,9,11009,10,154,"S3_(0.50,0.75]",0.84,1,0.44,0.42,0.4,0.4,0.32,0.36,0.25,50,0,4
DTLZ2,10,9,11009,11,160,"S3_(0.50,0.75]",0.8,0.96,0.32,0.392156862745098,0.52,0.48,0.24,0.411764705882353,0.28,51,0,4
DTLZ2,10,9,11009,12,166,"S3_(0.50,0.75]",0.8,1,0.44,0.377358490566038,0.6,0.52,0.36,0.471698113207547,0.32,53,0,5
DTLZ2,10,9,11009,13,172,"S3_(0.50,0.75]",0.72,1,0.36,0.327272727272727,0.56,0.4,0.36,0.436363636363636,0.32,55,0,7
DTLZ2,10,9,11009,14,178,"S3_(0.50,0.75]",0.64,1,0.32,0.333333333333333,0.44,0.44,0.32,0.416666666666667,0.33,48,0,9
DTLZ2,10,9,11009,15,184,"S3_(0.50,0.75]",0.76,1,0.28,0.333333333333333,0.44,0.32,0.28,0.368421052631579,0.34,57,0,6
DTLZ2,10,9,11009,16,190,"S3_(0.50,0.75]",0.56,1,0.24,0.285714285714286,0.48,0.24,0.44,0.428571428571429,0.34,49,0,11
DTLZ2,10,9,11009,17,196,"S3_(0.50,0.75]",0.68,1,0.4,0.320754716981132,0.48,0.32,0.4,0.415094339622642,0.36,53,0,8
DTLZ2,10,9,11009,18,202,"S3_(0.50,0.75]",0.56,1,0.16,0.311111111111111,0.52,0.4,0.48,0.488888888888889,0.4,45,0,11
DTLZ2,10,9,11009,19,208,"S3_(0.50,0.75]",0.68,1,0.28,0.309090909090909,0.6,0.52,0.4,0.472727272727273,0.44,55,0,8
DTLZ2,10,9,11009,20,214,"S3_(0.50,0.75]",0.48,1,0.2,0.272727272727273,0.76,0.6,0.4,0.545454545454545,0.47,44,0,13
DTLZ2,10,9,11009,21,220,"S3_(0.50,0.75]",0.52,1,0.24,0.302325581395349,0.76,0.68,0.48,0.581395348837209,0.49,43,0,12
DTLZ2,10,9,11009,22,226,"S4_(0.75,1.00]",0.52,1,0.36,0.419354838709677,0.76,0.76,0.68,0.741935483870968,0.52,31,0,12
DTLZ2,10,9,11009,23,232,"S4_(0.75,1.00]",0.64,1,0.48,0.516129032258065,0.72,0.72,0.68,0.741935483870968,0.52,31,0,9
DTLZ2,10,9,11009,24,238,"S4_(0.75,1.00]",0.76,1,0.56,0.575757575757576,0.76,0.76,0.72,0.757575757575758,0.55,33,0,6
DTLZ2,10,9,11009,25,244,"S4_(0.75,1.00]",0.64,0.96,0.4,0.41025641025641,0.84,0.8,0.64,0.692307692307692,0.6,39,0,9
DTLZ2,10,9,11009,26,250,"S4_(0.75,1.00]",0.8,0.96,0.4,0.434782608695652,0.88,0.84,0.72,0.804347826086957,0.65,46,0,5
DTLZ2,10,9,11009,27,256,"S4_(0.75,1.00]",0.76,0.96,0.36,0.365384615384615,0.88,0.84,0.72,0.788461538461538,0.69,52,0,6
DTLZ2,10,9,11009,28,262,"S4_(0.75,1.00]",0.68,0.92,0.32,0.354166666666667,0.88,0.84,0.68,0.770833333333333,0.7,48,0,8
DTLZ2,10,9,11009,29,268,"S4_(0.75,1.00]",0.8,0.96,0.44,0.425531914893617,0.96,0.96,0.84,0.872340425531915,0.75,47,0,4
DTLZ2,10,9,11009,30,274,"S4_(0.75,1.00]",0.88,1,0.56,0.478260869565217,0.96,0.96,0.92,0.91304347826087,0.81,46,0,3
DTLZ2,10,9,11009,31,280,"S4_(0.75,1.00]",0.8,1,0.56,0.465116279069767,0.96,0.96,1,0.953488372093023,0.86,43,0,5
DTLZ2,10,9,11009,32,286,"S4_(0.75,1.00]",0.8,1,0.52,0.434782608695652,0.96,0.96,0.96,0.956521739130435,0.91,46,0,5
DTLZ2,10,9,11009,33,292,"S4_(0.75,1.00]",0.88,1,0.6,0.44,1,1,0.96,0.98,0.97,50,0,3
DTLZ2,10,9,11009,34,298,"S4_(0.75,1.00]",0.92,1,0.6,0.450980392156863,1,1,1,1,1,51,0,2
DTLZ2,10,10,11010,1,100,"S2_(0.25,0.50]",0.92,0.88,0.48,0.489795918367347,0.48,0.48,0.32,0.387755102040816,0.25,49,0,2
DTLZ2,10,10,11010,2,106,"S2_(0.25,0.50]",1,1,0.44,0.490196078431373,0.52,0.52,0.36,0.411764705882353,0.27,51,0,0
DTLZ2,10,10,11010,3,112,"S2_(0.25,0.50]",0.88,1,0.44,0.415094339622642,0.52,0.56,0.24,0.39622641509434,0.29,53,0,3
DTLZ2,10,10,11010,4,118,"S2_(0.25,0.50]",0.68,1,0.16,0.320754716981132,0.52,0.44,0.32,0.377358490566038,0.3,53,0,8
DTLZ2,10,10,11010,5,124,"S2_(0.25,0.50]",0.84,1,0.28,0.35,0.4,0.32,0.32,0.35,0.3,60,0,4
DTLZ2,10,10,11010,6,130,"S2_(0.25,0.50]",0.48,1,0.04,0.222222222222222,0.48,0.28,0.28,0.351851851851852,0.31,54,0,13
DTLZ2,10,10,11010,7,136,"S2_(0.25,0.50]",0.52,1,0,0.236363636363636,0.48,0.28,0.4,0.363636363636364,0.31,55,0,12
DTLZ2,10,10,11010,8,142,"S2_(0.25,0.50]",0.84,1,0.24,0.355932203389831,0.24,0.24,0.32,0.288135593220339,0.3,59,0,4
DTLZ2,10,10,11010,9,148,"S2_(0.25,0.50]",0.8,1,0.2,0.363636363636364,0.32,0.36,0.28,0.345454545454545,0.35,55,0,5
DTLZ2,10,10,11010,10,154,"S3_(0.50,0.75]",0.88,1,0.4,0.415094339622642,0.36,0.4,0.36,0.452830188679245,0.39,53,0,3
DTLZ2,10,10,11010,11,160,"S3_(0.50,0.75]",0.84,1,0.44,0.318181818181818,0.4,0.44,0.36,0.424242424242424,0.43,66,0,4
DTLZ2,10,10,11010,12,166,"S3_(0.50,0.75]",0.8,1,0.32,0.3125,0.48,0.44,0.52,0.484375,0.44,64,0,5
DTLZ2,10,10,11010,13,172,"S3_(0.50,0.75]",0.6,1,0.28,0.241935483870968,0.44,0.48,0.56,0.5,0.46,62,0,10
DTLZ2,10,10,11010,14,178,"S3_(0.50,0.75]",0.48,1,0.16,0.244897959183673,0.52,0.56,0.48,0.510204081632653,0.49,49,0,13
DTLZ2,10,10,11010,15,184,"S3_(0.50,0.75]",0.56,1,0.24,0.304347826086957,0.6,0.48,0.64,0.565217391304348,0.5,46,0,11
DTLZ2,10,10,11010,16,190,"S3_(0.50,0.75]",0.68,1,0.32,0.395348837209302,0.52,0.52,0.64,0.534883720930233,0.5,43,0,8
DTLZ2,10,10,11010,17,196,"S3_(0.50,0.75]",0.84,1,0.44,0.388888888888889,0.52,0.56,0.64,0.537037037037037,0.52,54,0,4
DTLZ2,10,10,11010,18,202,"S3_(0.50,0.75]",0.84,1,0.4,0.403846153846154,0.44,0.56,0.52,0.5,0.52,52,0,4
DTLZ2,10,10,11010,19,208,"S3_(0.50,0.75]",0.8,1,0.36,0.4,0.52,0.56,0.6,0.54,0.54,50,0,5
DTLZ2,10,10,11010,20,214,"S3_(0.50,0.75]",0.8,1,0.4,0.416666666666667,0.52,0.6,0.56,0.583333333333333,0.59,48,0,5
DTLZ2,10,10,11010,21,220,"S3_(0.50,0.75]",0.8,1,0.4,0.48780487804878,0.56,0.6,0.68,0.634146341463415,0.61,41,0,5
DTLZ2,10,10,11010,22,226,"S4_(0.75,1.00]",0.84,1,0.44,0.428571428571429,0.64,0.6,0.56,0.63265306122449,0.62,49,0,4
DTLZ2,10,10,11010,23,232,"S4_(0.75,1.00]",0.84,0.96,0.36,0.42,0.68,0.64,0.72,0.72,0.64,50,0,4
DTLZ2,10,10,11010,24,238,"S4_(0.75,1.00]",0.84,1,0.52,0.51219512195122,0.76,0.72,0.76,0.75609756097561,0.67,41,0,4
DTLZ2,10,10,11010,25,244,"S4_(0.75,1.00]",0.76,1,0.48,0.513513513513513,0.88,0.72,0.8,0.810810810810811,0.69,37,0,6
DTLZ2,10,10,11010,26,250,"S4_(0.75,1.00]",0.8,0.96,0.44,0.4,0.88,0.72,0.76,0.8,0.72,50,0,5
DTLZ2,10,10,11010,27,256,"S4_(0.75,1.00]",0.8,0.96,0.4,0.416666666666667,0.88,0.72,0.84,0.833333333333333,0.73,48,0,5
DTLZ2,10,10,11010,28,262,"S4_(0.75,1.00]",0.8,0.96,0.4,0.444444444444444,0.88,0.72,0.84,0.844444444444444,0.74,45,0,5
DTLZ2,10,10,11010,29,268,"S4_(0.75,1.00]",0.88,0.96,0.4,0.458333333333333,0.88,0.84,0.84,0.833333333333333,0.81,48,0,3
DTLZ2,10,10,11010,30,274,"S4_(0.75,1.00]",0.88,0.96,0.32,0.478260869565217,0.88,0.84,0.88,0.891304347826087,0.84,46,0,3
DTLZ2,10,10,11010,31,280,"S4_(0.75,1.00]",0.84,1,0.24,0.4375,0.88,0.8,0.92,0.916666666666667,0.86,48,0,4
DTLZ2,10,10,11010,32,286,"S4_(0.75,1.00]",0.76,1,0.2,0.404255319148936,0.84,0.8,0.92,0.914893617021277,0.91,47,0,6
DTLZ2,10,10,11010,33,292,"S4_(0.75,1.00]",0.76,1,0.2,0.395833333333333,1,0.96,1,1,0.97,48,0,6
DTLZ2,10,10,11010,34,298,"S4_(0.75,1.00]",0.8,1,0.24,0.408163265306122,1,0.96,1,1,0.98,49,0,5
DTLZ2,10,11,11011,1,100,"S2_(0.25,0.50]",0.56,0.8,0.36,0.459459459459459,0.36,0.4,0.12,0.243243243243243,0.11,37,0,7
DTLZ2,10,11,11011,2,106,"S2_(0.25,0.50]",0.92,0.96,0.32,0.410714285714286,0.44,0.48,0.2,0.214285714285714,0.13,56,0,2
DTLZ2,10,11,11011,3,112,"S2_(0.25,0.50]",0.76,0.92,0.28,0.395833333333333,0.48,0.56,0.16,0.270833333333333,0.15,48,0,6
DTLZ2,10,11,11011,4,118,"S2_(0.25,0.50]",0.72,0.92,0.24,0.439024390243902,0.6,0.56,0.16,0.365853658536585,0.18,41,0,7
DTLZ2,10,11,11011,5,124,"S2_(0.25,0.50]",0.68,0.88,0.36,0.485714285714286,0.6,0.6,0.36,0.428571428571429,0.21,35,0,6
DTLZ2,10,11,11011,6,130,"S2_(0.25,0.50]",0.64,0.96,0.16,0.390243902439024,0.52,0.52,0.16,0.341463414634146,0.21,41,0,9
DTLZ2,10,11,11011,7,136,"S2_(0.25,0.50]",0.76,1,0.36,0.487179487179487,0.52,0.44,0.2,0.358974358974359,0.22,39,0,6
DTLZ2,10,11,11011,8,142,"S2_(0.25,0.50]",0.76,1,0.44,0.487179487179487,0.52,0.44,0.28,0.41025641025641,0.25,39,0,6
DTLZ2,10,11,11011,9,148,"S2_(0.25,0.50]",0.84,1,0.48,0.5,0.44,0.44,0.24,0.380952380952381,0.25,42,0,4
DTLZ2,10,11,11011,10,154,"S3_(0.50,0.75]",0.84,1,0.48,0.5,0.4,0.44,0.28,0.404761904761905,0.27,42,0,4
DTLZ2,10,11,11011,11,160,"S3_(0.50,0.75]",0.76,0.88,0.48,0.51219512195122,0.52,0.52,0.36,0.439024390243902,0.29,41,0,5
DTLZ2,10,11,11011,12,166,"S3_(0.50,0.75]",0.8,0.92,0.56,0.51219512195122,0.44,0.44,0.32,0.463414634146341,0.31,41,0,5
DTLZ2,10,11,11011,13,172,"S3_(0.50,0.75]",0.84,1,0.56,0.5,0.4,0.36,0.28,0.452380952380952,0.31,42,0,4
DTLZ2,10,11,11011,14,178,"S3_(0.50,0.75]",0.8,1,0.48,0.434782608695652,0.32,0.28,0.36,0.41304347826087,0.33,46,0,5
DTLZ2,10,11,11011,15,184,"S3_(0.50,0.75]",0.8,1,0.32,0.408163265306122,0.36,0.32,0.4,0.428571428571429,0.35,49,0,5
DTLZ2,10,11,11011,16,190,"S3_(0.50,0.75]",0.8,1,0.32,0.384615384615385,0.4,0.28,0.4,0.538461538461538,0.37,52,0,5
DTLZ2,10,11,11011,17,196,"S3_(0.50,0.75]",0.68,1,0.28,0.361702127659574,0.4,0.24,0.44,0.553191489361702,0.38,47,0,8
DTLZ2,10,11,11011,18,202,"S3_(0.50,0.75]",0.6,1,0.24,0.375,0.56,0.32,0.56,0.65,0.42,40,0,10
DTLZ2,10,11,11011,19,208,"S3_(0.50,0.75]",0.56,1,0.32,0.4375,0.68,0.36,0.72,0.71875,0.44,32,0,11
DTLZ2,10,11,11011,20,214,"S3_(0.50,0.75]",0.6,1,0.4,0.454545454545455,0.68,0.44,0.68,0.696969696969697,0.48,33,0,10
DTLZ2,10,11,11011,21,220,"S3_(0.50,0.75]",0.72,1,0.4,0.486486486486487,0.56,0.52,0.64,0.621621621621622,0.5,37,0,7
DTLZ2,10,11,11011,22,226,"S4_(0.75,1.00]",0.76,1,0.44,0.542857142857143,0.6,0.6,0.68,0.657142857142857,0.52,35,0,6
DTLZ2,10,11,11011,23,232,"S4_(0.75,1.00]",0.84,1,0.2,0.362068965517241,0.64,0.64,0.72,0.672413793103448,0.54,58,0,4
DTLZ2,10,11,11011,24,238,"S4_(0.75,1.00]",0.68,1,0.48,0.5,0.64,0.8,0.72,0.676470588235294,0.58,34,0,8
DTLZ2,10,11,11011,25,244,"S4_(0.75,1.00]",0.64,1,0.36,0.390243902439024,0.68,0.84,0.68,0.731707317073171,0.61,41,0,9
DTLZ2,10,11,11011,26,250,"S4_(0.75,1.00]",0.56,1,0.44,0.424242424242424,0.8,0.84,0.92,0.818181818181818,0.63,33,0,11
DTLZ2,10,11,11011,27,256,"S4_(0.75,1.00]",0.44,1,0.2,0.323529411764706,0.76,0.88,0.84,0.794117647058823,0.68,34,0,14
DTLZ2,10,11,11011,28,262,"S4_(0.75,1.00]",0.76,1,0.4,0.431818181818182,0.92,0.92,0.8,0.795454545454545,0.71,44,0,6
DTLZ2,10,11,11011,29,268,"S4_(0.75,1.00]",0.72,1,0.44,0.529411764705882,0.88,0.88,0.88,0.882352941176471,0.74,34,0,7
DTLZ2,10,11,11011,30,274,"S4_(0.75,1.00]",0.8,1,0.48,0.540540540540541,0.96,0.92,0.96,0.918918918918919,0.77,37,0,5
DTLZ2,10,11,11011,31,280,"S4_(0.75,1.00]",1,1,0.52,0.480769230769231,0.92,0.92,0.96,0.903846153846154,0.8,52,0,0
DTLZ2,10,11,11011,32,286,"S4_(0.75,1.00]",1,1,0.4,0.43859649122807,0.96,0.96,0.96,0.947368421052632,0.82,57,0,0
DTLZ2,10,11,11011,33,292,"S4_(0.75,1.00]",0.84,1,0.44,0.4375,0.96,1,1,0.958333333333333,0.93,48,0,4
DTLZ2,10,11,11011,34,298,"S4_(0.75,1.00]",0.84,1,0.44,0.446808510638298,1,1,1,1,0.97,47,0,4
DTLZ2,10,12,11012,1,100,"S2_(0.25,0.50]",0.8,0.92,0.4,0.425531914893617,0.4,0.32,0.32,0.340425531914894,0.24,47,0,6
DTLZ2,10,12,11012,2,106,"S2_(0.25,0.50]",0.84,0.88,0.44,0.456521739130435,0.44,0.44,0.4,0.369565217391304,0.27,46,0,5
DTLZ2,10,12,11012,3,112,"S2_(0.25,0.50]",0.84,0.88,0.56,0.431372549019608,0.4,0.4,0.44,0.392156862745098,0.27,51,0,4
DTLZ2,10,12,11012,4,118,"S2_(0.25,0.50]",0.88,0.92,0.6,0.5,0.4,0.4,0.48,0.391304347826087,0.28,46,0,3
DTLZ2,10,12,11012,5,124,"S2_(0.25,0.50]",0.92,0.96,0.52,0.442307692307692,0.48,0.48,0.44,0.384615384615385,0.32,52,0,2
DTLZ2,10,12,11012,6,130,"S2_(0.25,0.50]",0.84,1,0.44,0.375,0.48,0.44,0.36,0.392857142857143,0.35,56,0,4
DTLZ2,10,12,11012,7,136,"S2_(0.25,0.50]",0.96,1,0.36,0.421052631578947,0.52,0.52,0.36,0.421052631578947,0.37,57,0,1
DTLZ2,10,12,11012,8,142,"S2_(0.25,0.50]",0.84,1,0.32,0.375,0.52,0.44,0.36,0.464285714285714,0.37,56,0,4
DTLZ2,10,12,11012,9,148,"S2_(0.25,0.50]",0.96,1,0.56,0.347826086956522,0.4,0.36,0.32,0.405797101449275,0.35,69,0,1
DTLZ2,10,12,11012,10,154,"S3_(0.50,0.75]",0.56,1,0.48,0.368421052631579,0.48,0.4,0.56,0.473684210526316,0.37,38,0,11
DTLZ2,10,12,11012,11,160,"S3_(0.50,0.75]",0.8,1,0.4,0.392156862745098,0.48,0.4,0.44,0.509803921568627,0.42,51,0,5
DTLZ2,10,12,11012,12,166,"S3_(0.50,0.75]",0.96,1,0.4,0.4,0.44,0.44,0.48,0.483333333333333,0.43,60,0,1
DTLZ2,10,12,11012,13,172,"S3_(0.50,0.75]",0.84,1,0.4,0.355932203389831,0.52,0.44,0.52,0.525423728813559,0.45,59,0,4
DTLZ2,10,12,11012,14,178,"S3_(0.50,0.75]",0.8,1,0.4,0.384615384615385,0.6,0.44,0.6,0.615384615384615,0.47,52,0,5
DTLZ2,10,12,11012,15,184,"S3_(0.50,0.75]",0.84,1,0.44,0.39622641509434,0.6,0.44,0.6,0.622641509433962,0.48,53,0,4
DTLZ2,10,12,11012,16,190,"S3_(0.50,0.75]",0.88,1,0.4,0.360655737704918,0.48,0.48,0.36,0.557377049180328,0.51,61,0,3
DTLZ2,10,12,11012,17,196,"S3_(0.50,0.75]",0.88,1,0.4,0.360655737704918,0.36,0.4,0.32,0.540983606557377,0.5,61,0,3
DTLZ2,10,12,11012,18,202,"S3_(0.50,0.75]",0.96,1,0.4,0.369230769230769,0.4,0.36,0.32,0.553846153846154,0.53,65,0,1
DTLZ2,10,12,11012,19,208,"S3_(0.50,0.75]",0.96,1,0.44,0.352941176470588,0.36,0.4,0.24,0.514705882352941,0.55,68,0,1
DTLZ2,10,12,11012,20,214,"S3_(0.50,0.75]",0.84,0.92,0.48,0.328125,0.44,0.36,0.56,0.609375,0.56,64,0,3
DTLZ2,10,12,11012,21,220,"S3_(0.50,0.75]",0.84,0.96,0.4,0.328125,0.52,0.44,0.56,0.640625,0.6,64,0,3
DTLZ2,10,12,11012,22,226,"S4_(0.75,1.00]",0.84,0.96,0.36,0.388888888888889,0.56,0.48,0.56,0.685185185185185,0.64,54,0,4
DTLZ2,10,12,11012,23,232,"S4_(0.75,1.00]",0.92,0.92,0.48,0.396551724137931,0.52,0.48,0.52,0.655172413793103,0.65,58,0,1
DTLZ2,10,12,11012,24,238,"S4_(0.75,1.00]",0.92,0.92,0.56,0.396551724137931,0.52,0.48,0.48,0.655172413793103,0.65,58,0,1
DTLZ2,10,12,11012,25,244,"S4_(0.75,1.00]",0.92,0.96,0.64,0.406779661016949,0.6,0.56,0.48,0.694915254237288,0.68,59,0,1
DTLZ2,10,12,11012,26,250,"S4_(0.75,1.00]",0.88,0.96,0.52,0.385964912280702,0.6,0.6,0.52,0.701754385964912,0.69,57,0,3
DTLZ2,10,12,11012,27,256,"S4_(0.75,1.00]",0.88,0.96,0.52,0.360655737704918,0.6,0.64,0.52,0.721311475409836,0.72,61,0,2
DTLZ2,10,12,11012,28,262,"S4_(0.75,1.00]",0.76,1,0.36,0.311475409836066,0.68,0.68,0.64,0.786885245901639,0.76,61,0,6
DTLZ2,10,12,11012,29,268,"S4_(0.75,1.00]",0.76,1,0.44,0.345454545454545,0.76,0.76,0.76,0.836363636363636,0.79,55,0,6
DTLZ2,10,12,11012,30,274,"S4_(0.75,1.00]",0.72,1,0.44,0.339622641509434,0.8,0.8,0.76,0.849056603773585,0.81,53,0,7
DTLZ2,10,12,11012,31,280,"S4_(0.75,1.00]",0.64,0.96,0.4,0.30188679245283,0.84,0.84,0.8,0.886792452830189,0.86,53,0,8
DTLZ2,10,12,11012,32,286,"S4_(0.75,1.00]",0.6,1,0.32,0.3125,0.92,0.88,0.96,0.958333333333333,0.91,48,0,10
DTLZ2,10,12,11012,33,292,"S4_(0.75,1.00]",0.88,1,0.36,0.385964912280702,0.96,0.96,1,0.982456140350877,0.96,57,0,3
DTLZ2,10,12,11012,34,298,"S4_(0.75,1.00]",0.64,0.96,0.32,0.340425531914894,1,1,1,1,0.99,47,0,8
DTLZ2,10,13,11013,1,100,"S2_(0.25,0.50]",0.64,0.92,0.32,0.363636363636364,0.52,0.52,0.36,0.386363636363636,0.26,44,0,8
DTLZ2,10,13,11013,2,106,"S2_(0.25,0.50]",0.72,0.84,0.44,0.382978723404255,0.52,0.48,0.44,0.446808510638298,0.29,47,0,8
DTLZ2,10,13,11013,3,112,"S2_(0.25,0.50]",0.88,0.92,0.48,0.410714285714286,0.36,0.44,0.36,0.357142857142857,0.29,56,0,4
DTLZ2,10,13,11013,4,118,"S2_(0.25,0.50]",0.92,0.96,0.32,0.442307692307692,0.4,0.4,0.52,0.384615384615385,0.29,52,0,2
DTLZ2,10,13,11013,5,124,"S2_(0.25,0.50]",0.88,0.92,0.32,0.468085106382979,0.36,0.44,0.32,0.382978723404255,0.3,47,0,5
DTLZ2,10,13,11013,6,130,"S2_(0.25,0.50]",0.8,0.84,0.24,0.384615384615385,0.28,0.36,0.24,0.346153846153846,0.31,52,0,6
DTLZ2,10,13,11013,7,136,"S2_(0.25,0.50]",0.6,0.72,0.28,0.3,0.36,0.48,0.28,0.4,0.34,50,0,7
DTLZ2,10,13,11013,8,142,"S2_(0.25,0.50]",0.76,1,0.32,0.292307692307692,0.44,0.36,0.4,0.415384615384615,0.38,65,0,6
DTLZ2,10,13,11013,9,148,"S2_(0.25,0.50]",0.68,1,0.32,0.265625,0.48,0.36,0.4,0.421875,0.38,64,0,8
DTLZ2,10,13,11013,10,154,"S3_(0.50,0.75]",0.84,1,0.32,0.355932203389831,0.4,0.4,0.48,0.457627118644068,0.41,59,0,4
DTLZ2,10,13,11013,11,160,"S3_(0.50,0.75]",0.96,1,0.48,0.461538461538462,0.44,0.48,0.32,0.461538461538462,0.42,52,0,1
DTLZ2,10,13,11013,12,166,"S3_(0.50,0.75]",0.84,1,0.52,0.411764705882353,0.36,0.48,0.32,0.372549019607843,0.43,51,0,4
DTLZ2,10,13,11013,13,172,"S3_(0.50,0.75]",0.84,0.96,0.56,0.411764705882353,0.4,0.44,0.32,0.392156862745098,0.44,51,0,4
DTLZ2,10,13,11013,14,178,"S3_(0.50,0.75]",0.88,1,0.6,0.415094339622642,0.4,0.44,0.36,0.433962264150943,0.45,53,0,3
DTLZ2,10,13,11013,15,184,"S3_(0.50,0.75]",0.88,1,0.52,0.4,0.36,0.44,0.4,0.472727272727273,0.47,55,0,3
DTLZ2,10,13,11013,16,190,"S3_(0.50,0.75]",0.88,1,0.52,0.407407407407407,0.4,0.44,0.48,0.518518518518518,0.48,54,0,3
DTLZ2,10,13,11013,17,196,"S3_(0.50,0.75]",0.88,1,0.52,0.392857142857143,0.4,0.48,0.48,0.5,0.49,56,0,3
DTLZ2,10,13,11013,18,202,"S3_(0.50,0.75]",0.84,1,0.56,0.344262295081967,0.44,0.48,0.44,0.508196721311475,0.5,61,0,4
DTLZ2,10,13,11013,19,208,"S3_(0.50,0.75]",0.8,1,0.44,0.317460317460317,0.52,0.52,0.56,0.53968253968254,0.53,63,0,5
DTLZ2,10,13,11013,20,214,"S3_(0.50,0.75]",0.8,1,0.48,0.317460317460317,0.56,0.52,0.52,0.53968253968254,0.54,63,0,5
DTLZ2,10,13,11013,21,220,"S3_(0.50,0.75]",0.84,1,0.48,0.35,0.48,0.48,0.56,0.55,0.56,60,0,4
DTLZ2,10,13,11013,22,226,"S4_(0.75,1.00]",0.84,1,0.44,0.375,0.52,0.48,0.68,0.589285714285714,0.57,56,0,4
DTLZ2,10,13,11013,23,232,"S4_(0.75,1.00]",0.32,1,0.16,0.216216216216216,0.68,0.52,0.64,0.702702702702703,0.59,37,0,17
DTLZ2,10,13,11013,24,238,"S4_(0.75,1.00]",0.48,1,0.28,0.272727272727273,0.64,0.56,0.6,0.636363636363636,0.62,44,0,13
DTLZ2,10,13,11013,25,244,"S4_(0.75,1.00]",0.72,1,0.36,0.315789473684211,0.56,0.56,0.68,0.719298245614035,0.7,57,0,7
DTLZ2,10,13,11013,26,250,"S4_(0.75,1.00]",0.76,1,0.4,0.351851851851852,0.68,0.56,0.76,0.796296296296296,0.73,54,0,6
DTLZ2,10,13,11013,27,256,"S4_(0.75,1.00]",0.84,1,0.44,0.375,0.68,0.64,0.76,0.803571428571429,0.77,56,0,4
DTLZ2,10,13,11013,28,262,"S4_(0.75,1.00]",0.76,1,0.36,0.345454545454545,0.72,0.68,0.8,0.818181818181818,0.8,55,0,6
DTLZ2,10,13,11013,29,268,"S4_(0.75,1.00]",0.76,1,0.36,0.351851851851852,0.72,0.68,0.8,0.814814814814815,0.81,54,0,6
DTLZ2,10,13,11013,30,274,"S4_(0.75,1.00]",0.76,1,0.36,0.345454545454545,0.72,0.68,0.8,0.818181818181818,0.83,55,0,6
DTLZ2,10,13,11013,31,280,"S4_(0.75,1.00]",0.8,1,0.32,0.363636363636364,0.76,0.76,0.84,0.854545454545454,0.86,55,0,5
DTLZ2,10,13,11013,32,286,"S4_(0.75,1.00]",0.96,1,0.56,0.413793103448276,0.8,0.8,0.76,0.896551724137931,0.89,58,0,1
DTLZ2,10,13,11013,33,292,"S4_(0.75,1.00]",0.8,1,0.4,0.4,0.96,0.96,0.96,0.98,0.94,50,0,5
DTLZ2,10,13,11013,34,298,"S4_(0.75,1.00]",0.8,1,0.48,0.392156862745098,0.96,0.96,1,0.980392156862745,0.97,51,0,5
DTLZ2,10,14,11014,1,100,"S2_(0.25,0.50]",0.84,0.96,0.36,0.488372093023256,0.44,0.4,0.32,0.325581395348837,0.24,43,0,5
DTLZ2,10,14,11014,2,106,"S2_(0.25,0.50]",0.92,0.92,0.36,0.470588235294118,0.44,0.36,0.44,0.392156862745098,0.26,51,0,2
DTLZ2,10,14,11014,3,112,"S2_(0.25,0.50]",0.84,1,0.4,0.4375,0.44,0.32,0.36,0.4375,0.29,48,0,4
DTLZ2,10,14,11014,4,118,"S2_(0.25,0.50]",0.84,0.96,0.36,0.42,0.4,0.36,0.32,0.42,0.32,50,0,3
DTLZ2,10,14,11014,5,124,"S2_(0.25,0.50]",0.88,1,0.36,0.4,0.4,0.44,0.28,0.418181818181818,0.34,55,0,3
DTLZ2,10,14,11014,6,130,"S2_(0.25,0.50]",0.96,1,0.4,0.452830188679245,0.32,0.36,0.44,0.433962264150943,0.35,53,0,1
DTLZ2,10,14,11014,7,136,"S2_(0.25,0.50]",1,1,0.4,0.446428571428571,0.32,0.32,0.48,0.428571428571429,0.36,56,0,0
DTLZ2,10,14,11014,8,142,"S2_(0.25,0.50]",0.84,1,0.32,0.368421052631579,0.36,0.4,0.44,0.473684210526316,0.38,57,0,4
DTLZ2,10,14,11014,9,148,"S2_(0.25,0.50]",0.68,1,0.28,0.309090909090909,0.4,0.44,0.4,0.472727272727273,0.41,55,0,8
DTLZ2,10,14,11014,10,154,"S3_(0.50,0.75]",0.72,1,0.28,0.333333333333333,0.4,0.44,0.44,0.462962962962963,0.42,54,0,7
DTLZ2,10,14,11014,11,160,"S3_(0.50,0.75]",0.92,1,0.36,0.433962264150943,0.48,0.44,0.44,0.490566037735849,0.44,53,0,2
DTLZ2,10,14,11014,12,166,"S3_(0.50,0.75]",0.92,1,0.28,0.389830508474576,0.36,0.36,0.56,0.491525423728814,0.44,59,0,2
DTLZ2,10,14,11014,13,172,"S3_(0.50,0.75]",0.68,1,0.24,0.303571428571429,0.36,0.44,0.44,0.464285714285714,0.47,56,0,8
DTLZ2,10,14,11014,14,178,"S3_(0.50,0.75]",0.68,1,0.24,0.303571428571429,0.4,0.48,0.44,0.482142857142857,0.47,56,0,8
DTLZ2,10,14,11014,15,184,"S3_(0.50,0.75]",0.76,1,0.2,0.322033898305085,0.4,0.48,0.44,0.474576271186441,0.48,59,0,6
DTLZ2,10,14,11014,16,190,"S3_(0.50,0.75]",0.72,1,0.2,0.315789473684211,0.36,0.44,0.44,0.473684210526316,0.48,57,0,7
DTLZ2,10,14,11014,17,196,"S3_(0.50,0.75]",0.8,1,0.28,0.333333333333333,0.48,0.44,0.48,0.516666666666667,0.52,60,0,5
DTLZ2,10,14,11014,18,202,"S3_(0.50,0.75]",0.76,1,0.28,0.322033898305085,0.48,0.44,0.52,0.525423728813559,0.53,59,0,6
DTLZ2,10,14,11014,19,208,"S3_(0.50,0.75]",0.76,1,0.28,0.311475409836066,0.56,0.48,0.52,0.540983606557377,0.54,61,0,6
DTLZ2,10,14,11014,20,214,"S3_(0.50,0.75]",0.88,1,0.4,0.372881355932203,0.56,0.52,0.64,0.559322033898305,0.56,59,0,3
DTLZ2,10,14,11014,21,220,"S3_(0.50,0.75]",0.88,1,0.4,0.385964912280702,0.52,0.56,0.64,0.596491228070175,0.59,57,0,3
DTLZ2,10,14,11014,22,226,"S4_(0.75,1.00]",0.88,1,0.4,0.372881355932203,0.48,0.52,0.6,0.559322033898305,0.57,59,0,3
DTLZ2,10,14,11014,23,232,"S4_(0.75,1.00]",0.84,1,0.32,0.375,0.52,0.56,0.64,0.571428571428571,0.59,56,0,4
DTLZ2,10,14,11014,24,238,"S4_(0.75,1.00]",0.84,1,0.4,0.39622641509434,0.6,0.6,0.64,0.60377358490566,0.61,53,0,4
DTLZ2,10,14,11014,25,244,"S4_(0.75,1.00]",0.8,1,0.36,0.37037037037037,0.68,0.68,0.72,0.685185185185185,0.67,54,0,5
DTLZ2,10,14,11014,26,250,"S4_(0.75,1.00]",0.88,1,0.48,0.379310344827586,0.56,0.64,0.76,0.689655172413793,0.71,58,0,3
DTLZ2,10,14,11014,27,256,"S4_(0.75,1.00]",0.84,1,0.52,0.344262295081967,0.68,0.68,0.72,0.754098360655738,0.76,61,0,4
DTLZ2,10,14,11014,28,262,"S4_(0.75,1.00]",0.76,1,0.48,0.333333333333333,0.72,0.68,0.72,0.771929824561403,0.77,57,0,6
DTLZ2,10,14,11014,29,268,"S4_(0.75,1.00]",0.8,1,0.48,0.344827586206897,0.72,0.76,0.76,0.793103448275862,0.8,58,0,5
DTLZ2,10,14,11014,30,274,"S4_(0.75,1.00]",0.76,1,0.24,0.333333333333333,0.84,0.8,0.92,0.842105263157895,0.84,57,0,6
DTLZ2,10,14,11014,31,280,"S4_(0.75,1.00]",0.68,1,0.28,0.298245614035088,0.88,0.8,0.92,0.894736842105263,0.87,57,0,8
DTLZ2,10,14,11014,32,286,"S4_(0.75,1.00]",0.64,1,0.24,0.313725490196078,0.88,0.88,0.92,0.92156862745098,0.92,51,0,9
DTLZ2,10,14,11014,33,292,"S4_(0.75,1.00]",0.68,1,0.24,0.333333333333333,0.92,0.88,0.92,0.92156862745098,0.93,51,0,8
DTLZ2,10,14,11014,34,298,"S4_(0.75,1.00]",0.68,1,0.2,0.34,0.96,0.96,0.96,0.98,0.98,50,0,8
DTLZ2,10,15,11015,1,100,"S2_(0.25,0.50]",0.8,0.88,0.44,0.384615384615385,0.48,0.48,0.28,0.326923076923077,0.24,52,0,4
DTLZ2,10,15,11015,2,106,"S2_(0.25,0.50]",0.84,0.88,0.48,0.403846153846154,0.56,0.56,0.36,0.365384615384615,0.27,52,0,2
DTLZ2,10,15,11015,3,112,"S2_(0.25,0.50]",0.8,0.92,0.44,0.392156862745098,0.6,0.6,0.36,0.411764705882353,0.29,51,0,3
DTLZ2,10,15,11015,4,118,"S2_(0.25,0.50]",0.76,0.92,0.4,0.463414634146341,0.64,0.56,0.4,0.48780487804878,0.29,41,0,4
DTLZ2,10,15,11015,5,124,"S2_(0.25,0.50]",0.68,0.96,0.32,0.425,0.68,0.52,0.56,0.55,0.33,40,0,7
DTLZ2,10,15,11015,6,130,"S2_(0.25,0.50]",0.72,1,0.28,0.418604651162791,0.72,0.48,0.48,0.581395348837209,0.36,43,0,7
DTLZ2,10,15,11015,7,136,"S2_(0.25,0.50]",0.72,1,0.28,0.391304347826087,0.6,0.4,0.56,0.565217391304348,0.37,46,0,7
DTLZ2,10,15,11015,8,142,"S2_(0.25,0.50]",0.8,1,0.32,0.416666666666667,0.44,0.44,0.44,0.520833333333333,0.39,48,0,5
DTLZ2,10,15,11015,9,148,"S2_(0.25,0.50]",0.8,1,0.28,0.408163265306122,0.36,0.48,0.28,0.428571428571429,0.4,49,0,5
DTLZ2,10,15,11015,10,154,"S3_(0.50,0.75]",0.88,1,0.4,0.448979591836735,0.4,0.44,0.28,0.448979591836735,0.41,49,0,3
DTLZ2,10,15,11015,11,160,"S3_(0.50,0.75]",0.88,1,0.32,0.385964912280702,0.44,0.44,0.32,0.473684210526316,0.42,57,0,3
DTLZ2,10,15,11015,12,166,"S3_(0.50,0.75]",0.92,1,0.4,0.389830508474576,0.44,0.48,0.28,0.474576271186441,0.44,59,0,2
DTLZ2,10,15,11015,13,172,"S3_(0.50,0.75]",0.88,1,0.36,0.407407407407407,0.44,0.48,0.24,0.444444444444444,0.46,54,0,3
DTLZ2,10,15,11015,14,178,"S3_(0.50,0.75]",0.72,1,0.28,0.375,0.48,0.48,0.36,0.479166666666667,0.44,48,0,7
DTLZ2,10,15,11015,15,184,"S3_(0.50,0.75]",0.68,1,0.32,0.386363636363636,0.52,0.52,0.4,0.545454545454545,0.49,44,0,8
DTLZ2,10,15,11015,16,190,"S3_(0.50,0.75]",0.68,1,0.28,0.369565217391304,0.52,0.56,0.4,0.565217391304348,0.49,46,0,8
DTLZ2,10,15,11015,17,196,"S3_(0.50,0.75]",0.72,1,0.36,0.4,0.56,0.56,0.4,0.622222222222222,0.53,45,0,7
DTLZ2,10,15,11015,18,202,"S3_(0.50,0.75]",0.76,1,0.4,0.372549019607843,0.68,0.56,0.48,0.686274509803922,0.54,51,0,6
DTLZ2,10,15,11015,19,208,"S3_(0.50,0.75]",0.64,1,0.36,0.326530612244898,0.72,0.6,0.52,0.693877551020408,0.57,49,0,9
DTLZ2,10,15,11015,20,214,"S3_(0.50,0.75]",0.76,1,0.44,0.38,0.6,0.64,0.48,0.64,0.57,50,0,6
DTLZ2,10,15,11015,21,220,"S3_(0.50,0.75]",0.8,1,0.44,0.392156862745098,0.64,0.64,0.48,0.647058823529412,0.58,51,0,5
DTLZ2,10,15,11015,22,226,"S4_(0.75,1.00]",0.72,1,0.32,0.382978723404255,0.76,0.68,0.6,0.723404255319149,0.59,47,0,7
DTLZ2,10,15,11015,23,232,"S4_(0.75,1.00]",0.76,1,0.32,0.387755102040816,0.72,0.68,0.56,0.673469387755102,0.6,49,0,6
DTLZ2,10,15,11015,24,238,"S4_(0.75,1.00]",0.8,1,0.44,0.416666666666667,0.76,0.68,0.76,0.75,0.64,48,0,5
DTLZ2,10,15,11015,25,244,"S4_(0.75,1.00]",0.88,1,0.4,0.448979591836735,0.68,0.68,0.72,0.73469387755102,0.65,49,0,3
DTLZ2,10,15,11015,26,250,"S4_(0.75,1.00]",0.72,1,0.36,0.339622641509434,0.84,0.84,0.64,0.830188679245283,0.78,53,0,7
DTLZ2,10,15,11015,27,256,"S4_(0.75,1.00]",0.72,1,0.36,0.339622641509434,0.84,0.88,0.64,0.830188679245283,0.8,53,0,7
DTLZ2,10,15,11015,28,262,"S4_(0.75,1.00]",0.76,1,0.44,0.404255319148936,0.84,0.92,0.72,0.851063829787234,0.83,47,0,6
DTLZ2,10,15,11015,29,268,"S4_(0.75,1.00]",0.88,1,0.44,0.431372549019608,0.96,0.96,0.92,0.941176470588235,0.89,51,0,3
DTLZ2,10,15,11015,30,274,"S4_(0.75,1.00]",0.8,1,0.36,0.4,0.96,1,0.88,0.94,0.9,50,0,5
DTLZ2,10,15,11015,31,280,"S4_(0.75,1.00]",0.8,1,0.48,0.476190476190476,1,1,1,1,0.95,42,0,5
DTLZ2,10,15,11015,32,286,"S4_(0.75,1.00]",0.76,1,0.44,0.441860465116279,1,1,1,1,0.98,43,0,6
DTLZ2,10,15,11015,33,292,"S4_(0.75,1.00]",0.76,1,0.44,0.441860465116279,1,1,1,1,0.98,43,0,6
DTLZ2,10,15,11015,34,298,"S4_(0.75,1.00]",0.84,1,0.4,0.42,1,1,1,1,1,50,0,4
DTLZ2,10,16,11016,1,100,"S2_(0.25,0.50]",0.8,0.92,0.52,0.555555555555556,0.16,0.16,0.24,0.194444444444444,0.1,36,0,5
DTLZ2,10,16,11016,2,106,"S2_(0.25,0.50]",0.96,0.92,0.24,0.387096774193548,0.12,0.16,0.08,0.145161290322581,0.11,62,0,3
DTLZ2,10,16,11016,3,112,"S2_(0.25,0.50]",0.96,0.96,0.16,0.358208955223881,0.24,0.24,0.08,0.17910447761194,0.14,67,0,0
DTLZ2,10,16,11016,4,118,"S2_(0.25,0.50]",0.88,0.92,0.12,0.343283582089552,0.4,0.36,0.08,0.238805970149254,0.18,67,0,2
DTLZ2,10,16,11016,5,124,"S2_(0.25,0.50]",0.64,0.96,0.48,0.533333333333333,0.32,0.4,0.32,0.366666666666667,0.2,30,0,8
DTLZ2,10,16,11016,6,130,"S2_(0.25,0.50]",0.8,1,0.44,0.5,0.4,0.44,0.32,0.3,0.22,40,0,5
DTLZ2,10,16,11016,7,136,"S2_(0.25,0.50]",0.68,1,0.44,0.447368421052632,0.44,0.48,0.36,0.342105263157895,0.24,38,0,8
DTLZ2,10,16,11016,8,142,"S2_(0.25,0.50]",0.56,1,0.28,0.35,0.4,0.44,0.2,0.3,0.25,40,0,11
DTLZ2,10,16,11016,9,148,"S2_(0.25,0.50]",0.56,1,0.28,0.35,0.4,0.44,0.2,0.3,0.25,40,0,11
DTLZ2,10,16,11016,10,154,"S3_(0.50,0.75]",0.6,1,0.32,0.384615384615385,0.36,0.48,0.32,0.333333333333333,0.26,39,0,10
DTLZ2,10,16,11016,11,160,"S3_(0.50,0.75]",0.56,1,0.24,0.341463414634146,0.36,0.48,0.24,0.317073170731707,0.27,41,0,11
DTLZ2,10,16,11016,12,166,"S3_(0.50,0.75]",0.6,1,0.32,0.384615384615385,0.36,0.48,0.24,0.282051282051282,0.27,39,0,10
DTLZ2,10,16,11016,13,172,"S3_(0.50,0.75]",0.6,1,0.32,0.375,0.4,0.44,0.2,0.3,0.28,40,0,10
DTLZ2,10,16,11016,14,178,"S3_(0.50,0.75]",0.6,1,0.2,0.340909090909091,0.4,0.48,0.32,0.340909090909091,0.3,44,0,10
DTLZ2,10,16,11016,15,184,"S3_(0.50,0.75]",0.6,1,0.2,0.333333333333333,0.48,0.56,0.32,0.377777777777778,0.33,45,0,10
DTLZ2,10,16,11016,16,190,"S3_(0.50,0.75]",0.56,1,0.28,0.368421052631579,0.56,0.52,0.36,0.421052631578947,0.37,38,0,11
DTLZ2,10,16,11016,17,196,"S3_(0.50,0.75]",0.56,1,0.28,0.358974358974359,0.6,0.56,0.32,0.41025641025641,0.38,39,0,11
DTLZ2,10,16,11016,18,202,"S3_(0.50,0.75]",0.6,1,0.28,0.394736842105263,0.6,0.6,0.36,0.421052631578947,0.41,38,0,10
DTLZ2,10,16,11016,19,208,"S3_(0.50,0.75]",0.64,0.96,0.4,0.435897435897436,0.64,0.56,0.4,0.461538461538462,0.44,39,0,8
DTLZ2,10,16,11016,20,214,"S3_(0.50,0.75]",0.72,0.96,0.32,0.358490566037736,0.68,0.56,0.52,0.452830188679245,0.47,53,0,7
DTLZ2,10,16,11016,21,220,"S3_(0.50,0.75]",0.68,0.96,0.2,0.395348837209302,0.68,0.6,0.32,0.441860465116279,0.51,43,0,7
DTLZ2,10,16,11016,22,226,"S4_(0.75,1.00]",0.64,1,0.12,0.347826086956522,0.68,0.56,0.36,0.456521739130435,0.52,46,0,9
DTLZ2,10,16,11016,23,232,"S4_(0.75,1.00]",0.76,1,0.36,0.452380952380952,0.64,0.56,0.4,0.476190476190476,0.53,42,0,6
DTLZ2,10,16,11016,24,238,"S4_(0.75,1.00]",0.76,1,0.32,0.452380952380952,0.64,0.6,0.52,0.547619047619048,0.55,42,0,6
DTLZ2,10,16,11016,25,244,"S4_(0.75,1.00]",0.76,1,0.48,0.513513513513513,0.68,0.6,0.6,0.648648648648649,0.57,37,0,6
DTLZ2,10,16,11016,26,250,"S4_(0.75,1.00]",0.68,1,0.32,0.435897435897436,0.72,0.8,0.48,0.58974358974359,0.6,39,0,8
DTLZ2,10,16,11016,27,256,"S4_(0.75,1.00]",0.68,1,0.32,0.414634146341463,0.72,0.76,0.52,0.609756097560976,0.62,41,0,8
DTLZ2,10,16,11016,28,262,"S4_(0.75,1.00]",0.8,1,0.4,0.408163265306122,0.76,0.84,0.64,0.714285714285714,0.7,49,0,5
DTLZ2,10,16,11016,29,268,"S4_(0.75,1.00]",0.88,1,0.44,0.448979591836735,0.84,0.84,0.72,0.755102040816326,0.74,49,0,3
DTLZ2,10,16,11016,30,274,"S4_(0.75,1.00]",0.76,1,0.44,0.372549019607843,0.84,0.8,0.76,0.745098039215686,0.76,51,0,6
DTLZ2,10,16,11016,31,280,"S4_(0.75,1.00]",0.68,1,0.36,0.369565217391304,0.88,0.84,0.76,0.760869565217391,0.78,46,0,8
DTLZ2,10,16,11016,32,286,"S4_(0.75,1.00]",0.64,1,0.4,0.372093023255814,0.92,0.88,0.8,0.837209302325581,0.83,43,0,9
DTLZ2,10,16,11016,33,292,"S4_(0.75,1.00]",0.76,1,0.44,0.404255319148936,0.96,0.96,0.92,0.936170212765957,0.92,47,0,6
DTLZ2,10,16,11016,34,298,"S4_(0.75,1.00]",0.76,1,0.44,0.431818181818182,1,1,1,1,0.98,44,0,6
DTLZ2,10,17,11017,1,100,"S2_(0.25,0.50]",0.56,0.72,0.32,0.318181818181818,0.08,0.08,0.12,0.0909090909090909,0.04,44,0,6
DTLZ2,10,17,11017,2,106,"S2_(0.25,0.50]",0.64,0.8,0.28,0.316666666666667,0.12,0.08,0.08,0.0666666666666667,0.05,60,0,5
DTLZ2,10,17,11017,3,112,"S2_(0.25,0.50]",0.6,0.8,0.44,0.46875,0.2,0.2,0.12,0.15625,0.09,32,0,7
DTLZ2,10,17,11017,4,118,"S2_(0.25,0.50]",0.64,0.84,0.28,0.457142857142857,0.24,0.28,0.16,0.171428571428571,0.11,35,0,7
DTLZ2,10,17,11017,5,124,"S2_(0.25,0.50]",0.64,0.88,0.28,0.386363636363636,0.32,0.36,0.12,0.204545454545455,0.13,44,0,8
DTLZ2,10,17,11017,6,130,"S2_(0.25,0.50]",0.6,0.88,0.24,0.363636363636364,0.36,0.44,0.12,0.227272727272727,0.16,44,0,9
DTLZ2,10,17,11017,7,136,"S2_(0.25,0.50]",0.6,0.88,0.24,0.372093023255814,0.32,0.44,0.12,0.209302325581395,0.17,43,0,9
DTLZ2,10,17,11017,8,142,"S2_(0.25,0.50]",0.6,0.96,0.2,0.375,0.32,0.4,0.08,0.2,0.18,40,0,9
DTLZ2,10,17,11017,9,148,"S2_(0.25,0.50]",0.6,1,0.2,0.348837209302326,0.32,0.4,0.12,0.209302325581395,0.19,43,0,10
DTLZ2,10,17,11017,10,154,"S3_(0.50,0.75]",0.6,1,0.44,0.416666666666667,0.36,0.44,0.2,0.277777777777778,0.2,36,0,10
DTLZ2,10,17,11017,11,160,"S3_(0.50,0.75]",0.64,1,0.48,0.457142857142857,0.44,0.56,0.32,0.342857142857143,0.23,35,0,9
DTLZ2,10,17,11017,12,166,"S3_(0.50,0.75]",0.6,0.96,0.24,0.365853658536585,0.44,0.64,0.24,0.317073170731707,0.27,41,0,11
DTLZ2,10,17,11017,13,172,"S3_(0.50,0.75]",0.72,0.96,0.28,0.428571428571429,0.44,0.64,0.24,0.333333333333333,0.28,42,0,8
DTLZ2,10,17,11017,14,178,"S3_(0.50,0.75]",0.6,0.96,0.2,0.357142857142857,0.44,0.52,0.28,0.333333333333333,0.28,42,0,11
DTLZ2,10,17,11017,15,184,"S3_(0.50,0.75]",0.72,1,0.16,0.352941176470588,0.56,0.56,0.36,0.392156862745098,0.3,51,0,7
DTLZ2,10,17,11017,16,190,"S3_(0.50,0.75]",0.68,1,0.4,0.447368421052632,0.64,0.64,0.52,0.526315789473684,0.36,38,0,8
DTLZ2,10,17,11017,17,196,"S3_(0.50,0.75]",0.76,1,0.36,0.41304347826087,0.8,0.64,0.6,0.543478260869565,0.4,46,0,6
DTLZ2,10,17,11017,18,202,"S3_(0.50,0.75]",0.72,1,0.28,0.382978723404255,0.8,0.72,0.68,0.595744680851064,0.45,47,0,7
DTLZ2,10,17,11017,19,208,"S3_(0.50,0.75]",0.76,1,0.36,0.358490566037736,0.72,0.76,0.48,0.490566037735849,0.46,53,0,6
DTLZ2,10,17,11017,20,214,"S3_(0.50,0.75]",0.64,1,0.2,0.307692307692308,0.72,0.76,0.48,0.519230769230769,0.5,52,0,9
DTLZ2,10,17,11017,21,220,"S3_(0.50,0.75]",0.68,1,0.16,0.346938775510204,0.72,0.76,0.48,0.530612244897959,0.52,49,0,8
DTLZ2,10,17,11017,22,226,"S4_(0.75,1.00]",0.76,1,0.24,0.404255319148936,0.8,0.84,0.6,0.574468085106383,0.56,47,0,6
DTLZ2,10,17,11017,23,232,"S4_(0.75,1.00]",0.76,1,0.28,0.404255319148936,0.84,0.92,0.56,0.595744680851064,0.58,47,0,6
DTLZ2,10,17,11017,24,238,"S4_(0.75,1.00]",0.76,1,0.4,0.452380952380952,0.84,0.92,0.64,0.619047619047619,0.63,42,0,6
DTLZ2,10,17,11017,25,244,"S4_(0.75,1.00]",0.76,1,0.48,0.5,0.88,0.88,0.72,0.710526315789474,0.64,38,0,6
DTLZ2,10,17,11017,26,250,"S4_(0.75,1.00]",0.76,1,0.52,0.463414634146341,0.92,0.92,0.76,0.682926829268293,0.67,41,0,6
DTLZ2,10,17,11017,27,256,"S4_(0.75,1.00]",0.68,1,0.48,0.447368421052632,0.92,0.84,0.96,0.921052631578947,0.75,38,0,8
DTLZ2,10,17,11017,28,262,"S4_(0.75,1.00]",0.64,1,0.48,0.432432432432432,0.96,0.84,0.96,0.945945945945946,0.78,37,0,9
DTLZ2,10,17,11017,29,268,"S4_(0.75,1.00]",0.64,1,0.36,0.41025641025641,0.92,0.84,0.92,0.923076923076923,0.81,39,0,9
DTLZ2,10,17,11017,30,274,"S4_(0.75,1.00]",0.64,1,0.36,0.41025641025641,0.92,0.84,0.92,0.923076923076923,0.83,39,0,9
DTLZ2,10,17,11017,31,280,"S4_(0.75,1.00]",0.56,1,0.28,0.35,0.92,0.92,0.92,0.925,0.87,40,0,11
DTLZ2,10,17,11017,32,286,"S4_(0.75,1.00]",0.52,1,0.28,0.325,0.96,1,1,0.975,0.92,40,0,12
DTLZ2,10,17,11017,33,292,"S4_(0.75,1.00]",0.56,1,0.24,0.35,1,1,1,1,0.96,40,0,11
DTLZ2,10,17,11017,34,298,"S4_(0.75,1.00]",0.6,1,0.28,0.365853658536585,1,1,1,1,0.98,41,0,10
DTLZ2,10,18,11018,1,100,"S2_(0.25,0.50]",0.8,0.88,0.44,0.4375,0.16,0.12,0.2,0.1875,0.14,48,0,4
DTLZ2,10,18,11018,2,106,"S2_(0.25,0.50]",0.72,0.88,0.4,0.36,0.16,0.16,0.2,0.18,0.15,50,0,6
DTLZ2,10,18,11018,3,112,"S2_(0.25,0.50]",0.64,0.8,0.36,0.421052631578947,0.28,0.2,0.24,0.289473684210526,0.17,38,0,11
DTLZ2,10,18,11018,4,118,"S2_(0.25,0.50]",0.68,0.96,0.32,0.435897435897436,0.32,0.24,0.32,0.333333333333333,0.22,39,0,8
DTLZ2,10,18,11018,5,124,"S2_(0.25,0.50]",0.76,1,0.32,0.395833333333333,0.28,0.16,0.36,0.3125,0.23,48,0,6
DTLZ2,10,18,11018,6,130,"S2_(0.25,0.50]",0.8,1,0.36,0.327868852459016,0.24,0.16,0.32,0.262295081967213,0.24,61,0,5
DTLZ2,10,18,11018,7,136,"S2_(0.25,0.50]",0.8,0.96,0.4,0.344827586206897,0.2,0.16,0.28,0.258620689655172,0.25,58,0,5
DTLZ2,10,18,11018,8,142,"S2_(0.25,0.50]",0.72,0.96,0.36,0.305084745762712,0.24,0.12,0.24,0.305084745762712,0.26,59,0,8
DTLZ2,10,18,11018,9,148,"S2_(0.25,0.50]",0.68,0.96,0.2,0.309090909090909,0.24,0.2,0.36,0.290909090909091,0.29,55,0,7
DTLZ2,10,18,11018,10,154,"S3_(0.50,0.75]",0.6,0.96,0.16,0.3125,0.36,0.28,0.44,0.354166666666667,0.32,48,0,9
DTLZ2,10,18,11018,11,160,"S3_(0.50,0.75]",0.52,0.96,0.12,0.26,0.32,0.28,0.4,0.36,0.33,50,0,11
DTLZ2,10,18,11018,12,166,"S3_(0.50,0.75]",0.6,1,0.2,0.3125,0.28,0.24,0.44,0.375,0.34,48,0,10
DTLZ2,10,18,11018,13,172,"S3_(0.50,0.75]",0.6,1,0.2,0.340909090909091,0.28,0.16,0.48,0.409090909090909,0.36,44,0,10
DTLZ2,10,18,11018,14,178,"S3_(0.50,0.75]",0.68,1,0.2,0.346938775510204,0.32,0.24,0.48,0.448979591836735,0.37,49,0,8
DTLZ2,10,18,11018,15,184,"S3_(0.50,0.75]",0.68,1,0.2,0.346938775510204,0.32,0.24,0.48,0.448979591836735,0.38,49,0,8
DTLZ2,10,18,11018,16,190,"S3_(0.50,0.75]",0.8,1,0.36,0.434782608695652,0.32,0.32,0.48,0.434782608695652,0.4,46,0,5
DTLZ2,10,18,11018,17,196,"S3_(0.50,0.75]",0.76,1,0.32,0.431818181818182,0.32,0.32,0.52,0.5,0.39,44,0,6
DTLZ2,10,18,11018,18,202,"S3_(0.50,0.75]",0.68,1,0.44,0.5,0.48,0.32,0.56,0.558823529411765,0.43,34,0,8
DTLZ2,10,18,11018,19,208,"S3_(0.50,0.75]",0.8,1,0.4,0.476190476190476,0.36,0.32,0.6,0.523809523809524,0.46,42,0,5
DTLZ2,10,18,11018,20,214,"S3_(0.50,0.75]",0.72,0.96,0.28,0.418604651162791,0.48,0.32,0.64,0.581395348837209,0.48,43,0,7
DTLZ2,10,18,11018,21,220,"S3_(0.50,0.75]",0.72,1,0.28,0.428571428571429,0.52,0.36,0.68,0.619047619047619,0.49,42,0,7
DTLZ2,10,18,11018,22,226,"S4_(0.75,1.00]",0.8,1,0.44,0.48780487804878,0.48,0.36,0.48,0.536585365853659,0.5,41,0,5
DTLZ2,10,18,11018,23,232,"S4_(0.75,1.00]",0.8,1,0.48,0.540540540540541,0.52,0.4,0.64,0.648648648648649,0.53,37,0,5
DTLZ2,10,18,11018,24,238,"S4_(0.75,1.00]",0.88,1,0.52,0.478260869565217,0.52,0.52,0.64,0.608695652173913,0.6,46,0,3
DTLZ2,10,18,11018,25,244,"S4_(0.75,1.00]",0.88,1,0.48,0.458333333333333,0.72,0.68,0.84,0.791666666666667,0.64,48,0,3
DTLZ2,10,18,11018,26,250,"S4_(0.75,1.00]",0.76,1,0.36,0.431818181818182,0.64,0.68,0.72,0.772727272727273,0.67,44,0,6
DTLZ2,10,18,11018,27,256,"S4_(0.75,1.00]",0.68,1,0.36,0.404761904761905,0.8,0.8,0.84,0.857142857142857,0.74,42,0,8
DTLZ2,10,18,11018,28,262,"S4_(0.75,1.00]",0.72,1,0.28,0.375,0.8,0.88,0.64,0.791666666666667,0.77,48,0,7
DTLZ2,10,18,11018,29,268,"S4_(0.75,1.00]",0.8,1,0.48,0.526315789473684,0.92,0.96,0.96,0.947368421052632,0.82,38,0,5
DTLZ2,10,18,11018,30,274,"S4_(0.75,1.00]",0.72,1,0.44,0.45,0.84,0.92,0.88,0.875,0.88,40,0,7
DTLZ2,10,18,11018,31,280,"S4_(0.75,1.00]",0.72,1,0.44,0.461538461538462,0.92,1,0.96,0.948717948717949,0.91,39,0,7
DTLZ2,10,18,11018,32,286,"S4_(0.75,1.00]",0.64,1,0.4,0.41025641025641,0.92,1,0.96,0.948717948717949,0.94,39,0,9
DTLZ2,10,18,11018,33,292,"S4_(0.75,1.00]",0.6,1,0.36,0.384615384615385,0.96,1,0.96,0.974358974358974,0.97,39,0,10
DTLZ2,10,18,11018,34,298,"S4_(0.75,1.00]",0.6,1,0.36,0.375,1,1,1,1,0.99,40,0,10
DTLZ2,10,19,11019,1,100,"S2_(0.25,0.50]",0.88,0.96,0.44,0.536585365853659,0.32,0.32,0.24,0.24390243902439,0.1,41,0,3
DTLZ2,10,19,11019,2,106,"S2_(0.25,0.50]",0.96,0.92,0.48,0.571428571428571,0.36,0.28,0.24,0.285714285714286,0.13,42,0,2
DTLZ2,10,19,11019,3,112,"S2_(0.25,0.50]",0.92,1,0.4,0.534883720930233,0.44,0.36,0.36,0.302325581395349,0.15,43,0,2
DTLZ2,10,19,11019,4,118,"S2_(0.25,0.50]",0.96,0.96,0.36,0.489795918367347,0.44,0.4,0.32,0.306122448979592,0.17,49,0,1
DTLZ2,10,19,11019,5,124,"S2_(0.25,0.50]",0.92,0.96,0.44,0.418181818181818,0.44,0.4,0.24,0.327272727272727,0.21,55,0,2
DTLZ2,10,19,11019,6,130,"S2_(0.25,0.50]",0.8,0.96,0.44,0.454545454545455,0.44,0.32,0.4,0.386363636363636,0.23,44,0,5
DTLZ2,10,19,11019,7,136,"S2_(0.25,0.50]",0.8,1,0.44,0.454545454545455,0.4,0.32,0.36,0.386363636363636,0.23,44,0,5
DTLZ2,10,19,11019,8,142,"S2_(0.25,0.50]",0.84,0.96,0.52,0.446808510638298,0.48,0.36,0.48,0.425531914893617,0.27,47,0,4
DTLZ2,10,19,11019,9,148,"S2_(0.25,0.50]",0.76,0.96,0.44,0.404255319148936,0.48,0.4,0.48,0.446808510638298,0.3,47,0,7
DTLZ2,10,19,11019,10,154,"S3_(0.50,0.75]",0.72,0.96,0.44,0.382978723404255,0.48,0.36,0.48,0.425531914893617,0.3,47,0,8
DTLZ2,10,19,11019,11,160,"S3_(0.50,0.75]",0.76,0.96,0.44,0.41304347826087,0.48,0.4,0.44,0.434782608695652,0.31,46,0,6
DTLZ2,10,19,11019,12,166,"S3_(0.50,0.75]",0.84,0.96,0.32,0.403846153846154,0.4,0.44,0.4,0.442307692307692,0.31,52,0,5
DTLZ2,10,19,11019,13,172,"S3_(0.50,0.75]",0.72,0.96,0.24,0.375,0.56,0.44,0.4,0.479166666666667,0.35,48,0,7
DTLZ2,10,19,11019,14,178,"S3_(0.50,0.75]",0.76,1,0.28,0.38,0.52,0.48,0.36,0.48,0.36,50,0,6
DTLZ2,10,19,11019,15,184,"S3_(0.50,0.75]",0.84,1,0.4,0.411764705882353,0.56,0.6,0.56,0.549019607843137,0.38,51,0,4
DTLZ2,10,19,11019,16,190,"S3_(0.50,0.75]",0.8,0.96,0.4,0.384615384615385,0.6,0.64,0.56,0.576923076923077,0.39,52,0,5
DTLZ2,10,19,11019,17,196,"S3_(0.50,0.75]",0.76,0.92,0.36,0.372549019607843,0.68,0.68,0.44,0.529411764705882,0.43,51,0,8
DTLZ2,10,19,11019,18,202,"S3_(0.50,0.75]",0.8,1,0.28,0.4,0.76,0.8,0.52,0.62,0.53,50,0,5
DTLZ2,10,19,11019,19,208,"S3_(0.50,0.75]",0.8,1,0.2,0.317460317460317,0.8,0.8,0.6,0.571428571428571,0.58,63,0,5
DTLZ2,10,19,11019,20,214,"S3_(0.50,0.75]",0.84,1,0.32,0.344262295081967,0.76,0.72,0.6,0.60655737704918,0.58,61,0,4
DTLZ2,10,19,11019,21,220,"S3_(0.50,0.75]",0.84,1,0.2,0.344262295081967,0.72,0.76,0.6,0.590163934426229,0.63,61,0,4
DTLZ2,10,19,11019,22,226,"S4_(0.75,1.00]",0.92,1,0.28,0.348484848484849,0.68,0.72,0.64,0.575757575757576,0.62,66,0,2
DTLZ2,10,19,11019,23,232,"S4_(0.75,1.00]",0.96,1,0.36,0.39344262295082,0.68,0.68,0.68,0.573770491803279,0.62,61,0,1
DTLZ2,10,19,11019,24,238,"S4_(0.75,1.00]",0.84,1,0.4,0.362068965517241,0.68,0.68,0.68,0.586206896551724,0.63,58,0,4
DTLZ2,10,19,11019,25,244,"S4_(0.75,1.00]",0.84,1,0.4,0.362068965517241,0.6,0.64,0.64,0.551724137931034,0.62,58,0,4
DTLZ2,10,19,11019,26,250,"S4_(0.75,1.00]",0.76,1,0.36,0.372549019607843,0.68,0.68,0.64,0.568627450980392,0.65,51,0,6
DTLZ2,10,19,11019,27,256,"S4_(0.75,1.00]",0.68,1,0.36,0.346938775510204,0.72,0.68,0.68,0.612244897959184,0.65,49,0,8
DTLZ2,10,19,11019,28,262,"S4_(0.75,1.00]",0.68,1,0.24,0.326923076923077,0.76,0.64,0.68,0.653846153846154,0.65,52,0,8
DTLZ2,10,19,11019,29,268,"S4_(0.75,1.00]",0.8,0.96,0.4,0.344827586206897,0.72,0.68,0.44,0.620689655172414,0.67,58,0,5
DTLZ2,10,19,11019,30,274,"S4_(0.75,1.00]",0.8,0.96,0.4,0.327868852459016,0.76,0.72,0.52,0.672131147540984,0.7,61,0,5
DTLZ2,10,19,11019,31,280,"S4_(0.75,1.00]",0.76,0.92,0.32,0.372549019607843,0.8,0.76,0.6,0.764705882352941,0.72,51,0,6
DTLZ2,10,19,11019,32,286,"S4_(0.75,1.00]",0.76,0.92,0.28,0.372549019607843,0.84,0.76,0.68,0.784313725490196,0.73,51,0,5
DTLZ2,10,19,11019,33,292,"S4_(0.75,1.00]",0.88,0.96,0.32,0.354838709677419,0.84,0.8,0.72,0.774193548387097,0.76,62,0,3
DTLZ2,10,19,11019,34,298,"S4_(0.75,1.00]",0.88,1,0.48,0.354838709677419,0.96,0.96,0.92,0.967741935483871,0.98,62,0,3
DTLZ2,10,20,11020,1,100,"S2_(0.25,0.50]",0.8,0.96,0.48,0.434782608695652,0.48,0.4,0.52,0.478260869565217,0.26,46,0,5
DTLZ2,10,20,11020,2,106,"S2_(0.25,0.50]",0.56,0.76,0.32,0.315789473684211,0.64,0.56,0.32,0.403508771929825,0.28,57,0,7
DTLZ2,10,20,11020,3,112,"S2_(0.25,0.50]",0.56,0.76,0.28,0.28125,0.56,0.48,0.4,0.359375,0.28,64,0,8
DTLZ2,10,20,11020,4,118,"S2_(0.25,0.50]",0.72,0.8,0.16,0.4,0.48,0.48,0.36,0.44,0.29,50,0,6
DTLZ2,10,20,11020,5,124,"S2_(0.25,0.50]",0.76,0.8,0.28,0.39622641509434,0.52,0.4,0.44,0.452830188679245,0.3,53,0,3
DTLZ2,10,20,11020,6,130,"S2_(0.25,0.50]",0.72,0.76,0.32,0.37037037037037,0.48,0.44,0.4,0.425925925925926,0.31,54,0,4
DTLZ2,10,20,11020,7,136,"S2_(0.25,0.50]",0.8,0.76,0.32,0.403846153846154,0.52,0.56,0.56,0.461538461538462,0.35,52,0,4
DTLZ2,10,20,11020,8,142,"S2_(0.25,0.50]",0.68,0.8,0.28,0.326923076923077,0.6,0.56,0.56,0.557692307692308,0.37,52,0,6
DTLZ2,10,20,11020,9,148,"S2_(0.25,0.50]",0.6,0.84,0.24,0.303571428571429,0.6,0.52,0.52,0.535714285714286,0.39,56,0,8
DTLZ2,10,20,11020,10,154,"S3_(0.50,0.75]",0.72,0.96,0.32,0.345454545454545,0.64,0.6,0.48,0.545454545454545,0.41,55,0,6
DTLZ2,10,20,11020,11,160,"S3_(0.50,0.75]",0.72,1,0.2,0.28125,0.56,0.48,0.6,0.5,0.41,64,0,7
DTLZ2,10,20,11020,12,166,"S3_(0.50,0.75]",0.76,1,0.24,0.287878787878788,0.56,0.4,0.56,0.484848484848485,0.41,66,0,6
DTLZ2,10,20,11020,13,172,"S3_(0.50,0.75]",0.72,1,0.28,0.264705882352941,0.56,0.44,0.6,0.5,0.46,68,0,7
DTLZ2,10,20,11020,14,178,"S3_(0.50,0.75]",0.36,1,0.24,0.272727272727273,0.48,0.48,0.56,0.545454545454545,0.48,33,0,16
DTLZ2,10,20,11020,15,184,"S3_(0.50,0.75]",0.8,1,0.32,0.289855072463768,0.56,0.56,0.6,0.565217391304348,0.52,69,0,5
DTLZ2,10,20,11020,16,190,"S3_(0.50,0.75]",0.88,1,0.48,0.372881355932203,0.6,0.6,0.56,0.627118644067797,0.55,59,0,3
DTLZ2,10,20,11020,17,196,"S3_(0.50,0.75]",0.88,1,0.48,0.379310344827586,0.6,0.6,0.6,0.637931034482759,0.56,58,0,3
DTLZ2,10,20,11020,18,202,"S3_(0.50,0.75]",0.72,1,0.32,0.352941176470588,0.64,0.56,0.44,0.607843137254902,0.56,51,0,7
DTLZ2,10,20,11020,19,208,"S3_(0.50,0.75]",0.68,1,0.32,0.333333333333333,0.68,0.64,0.48,0.627450980392157,0.6,51,0,8
DTLZ2,10,20,11020,20,214,"S3_(0.50,0.75]",0.84,1,0.44,0.42,0.56,0.68,0.36,0.58,0.6,50,0,4
DTLZ2,10,20,11020,21,220,"S3_(0.50,0.75]",0.88,1,0.44,0.415094339622642,0.68,0.68,0.48,0.660377358490566,0.62,53,0,3
DTLZ2,10,20,11020,22,226,"S4_(0.75,1.00]",0.84,1,0.48,0.375,0.64,0.68,0.52,0.625,0.63,56,0,4
DTLZ2,10,20,11020,23,232,"S4_(0.75,1.00]",0.76,1,0.4,0.358490566037736,0.68,0.64,0.4,0.641509433962264,0.64,53,0,6
DTLZ2,10,20,11020,24,238,"S4_(0.75,1.00]",0.8,1,0.44,0.377358490566038,0.68,0.64,0.48,0.660377358490566,0.66,53,0,5
DTLZ2,10,20,11020,25,244,"S4_(0.75,1.00]",0.76,1,0.44,0.351851851851852,0.76,0.72,0.56,0.740740740740741,0.71,54,0,6
DTLZ2,10,20,11020,26,250,"S4_(0.75,1.00]",0.76,1,0.48,0.345454545454545,0.8,0.72,0.6,0.745454545454545,0.72,55,0,6
DTLZ2,10,20,11020,27,256,"S4_(0.75,1.00]",0.84,1,0.52,0.3,0.76,0.76,0.68,0.757142857142857,0.75,70,0,4
DTLZ2,10,20,11020,28,262,"S4_(0.75,1.00]",0.88,1,0.52,0.34375,0.88,0.88,0.84,0.84375,0.86,64,0,3
DTLZ2,10,20,11020,29,268,"S4_(0.75,1.00]",0.8,1,0.8,0.625,0.88,0.88,0.88,0.875,0.87,32,0,5
DTLZ2,10,20,11020,30,274,"S4_(0.75,1.00]",0.84,1,0.28,0.338709677419355,0.88,0.88,0.92,0.903225806451613,0.92,62,0,4
DTLZ2,10,20,11020,31,280,"S4_(0.75,1.00]",0.84,1,0.28,0.333333333333333,0.88,0.88,0.96,0.920634920634921,0.94,63,0,4
DTLZ2,10,20,11020,32,286,"S4_(0.75,1.00]",0.88,1,0.56,0.333333333333333,0.88,0.88,0.88,0.954545454545455,0.96,66,0,3
DTLZ2,10,20,11020,33,292,"S4_(0.75,1.00]",0.88,1,0.48,0.34375,0.92,0.92,0.92,0.96875,0.98,64,0,3
DTLZ2,10,20,11020,34,298,"S4_(0.75,1.00]",0.88,1,0.44,0.360655737704918,1,1,1,1,1,61,0,3
DTLZ2,20,1,12001,1,100,"S2_(0.25,0.50]",0.92,0.84,0.52,0.403225806451613,0.2,0.12,0.04,0.112903225806452,0.11,62,0,2
DTLZ2,20,1,12001,2,106,"S2_(0.25,0.50]",0.88,0.84,0.52,0.409836065573771,0.16,0.12,0.04,0.114754098360656,0.13,61,0,2
DTLZ2,20,1,12001,3,112,"S2_(0.25,0.50]",0.84,0.88,0.4,0.366666666666667,0.2,0.16,0.04,0.133333333333333,0.14,60,0,4
DTLZ2,20,1,12001,4,118,"S2_(0.25,0.50]",0.8,0.84,0.36,0.366666666666667,0.16,0.16,0.16,0.183333333333333,0.15,60,0,2
DTLZ2,20,1,12001,5,124,"S2_(0.25,0.50]",0.76,0.84,0.32,0.32258064516129,0.16,0.2,0.12,0.161290322580645,0.17,62,0,5
DTLZ2,20,1,12001,6,130,"S2_(0.25,0.50]",0.68,0.92,0.32,0.290322580645161,0.16,0.2,0.12,0.145161290322581,0.17,62,0,7
DTLZ2,20,1,12001,7,136,"S2_(0.25,0.50]",0.68,0.96,0.24,0.278688524590164,0.16,0.2,0.12,0.180327868852459,0.16,61,0,9
DTLZ2,20,1,12001,8,142,"S2_(0.25,0.50]",0.68,1,0.2,0.288135593220339,0.2,0.24,0.16,0.220338983050847,0.2,59,0,8
DTLZ2,20,1,12001,9,148,"S2_(0.25,0.50]",0.64,0.96,0.2,0.290909090909091,0.2,0.28,0.16,0.2,0.23,55,0,9
DTLZ2,20,1,12001,10,154,"S3_(0.50,0.75]",0.76,0.92,0.24,0.327586206896552,0.24,0.2,0.24,0.224137931034483,0.21,58,0,5
DTLZ2,20,1,12001,11,160,"S3_(0.50,0.75]",0.64,0.88,0.12,0.271186440677966,0.2,0.24,0.24,0.23728813559322,0.26,59,0,6
DTLZ2,20,1,12001,12,166,"S3_(0.50,0.75]",0.6,0.92,0.2,0.288461538461538,0.28,0.28,0.28,0.288461538461538,0.29,52,0,9
DTLZ2,20,1,12001,13,172,"S3_(0.50,0.75]",0.8,0.92,0.24,0.303030303030303,0.32,0.24,0.4,0.303030303030303,0.3,66,0,6
DTLZ2,20,1,12001,14,178,"S3_(0.50,0.75]",0.72,0.92,0.16,0.295081967213115,0.28,0.2,0.4,0.311475409836066,0.28,61,0,8
DTLZ2,20,1,12001,15,184,"S3_(0.50,0.75]",0.68,0.92,0.2,0.303571428571429,0.28,0.16,0.4,0.321428571428571,0.27,56,0,8
DTLZ2,20,1,12001,16,190,"S3_(0.50,0.75]",0.72,0.92,0.2,0.310344827586207,0.32,0.16,0.44,0.344827586206897,0.29,58,0,7
DTLZ2,20,1,12001,17,196,"S3_(0.50,0.75]",0.72,0.88,0.24,0.315789473684211,0.24,0.16,0.4,0.368421052631579,0.3,57,0,8
DTLZ2,20,1,12001,18,202,"S3_(0.50,0.75]",0.68,1,0.24,0.278688524590164,0.4,0.28,0.56,0.442622950819672,0.33,61,0,8
DTLZ2,20,1,12001,19,208,"S3_(0.50,0.75]",0.68,1,0.28,0.303571428571429,0.28,0.24,0.56,0.410714285714286,0.33,56,0,8
DTLZ2,20,1,12001,20,214,"S3_(0.50,0.75]",0.72,0.96,0.28,0.327272727272727,0.32,0.32,0.52,0.418181818181818,0.35,55,0,7
DTLZ2,20,1,12001,21,220,"S3_(0.50,0.75]",0.72,1,0.16,0.305084745762712,0.32,0.36,0.48,0.406779661016949,0.38,59,0,7
DTLZ2,20,1,12001,22,226,"S4_(0.75,1.00]",0.68,0.96,0.16,0.303571428571429,0.44,0.44,0.56,0.464285714285714,0.39,56,0,8
DTLZ2,20,1,12001,23,232,"S4_(0.75,1.00]",0.8,1,0.12,0.333333333333333,0.44,0.44,0.48,0.45,0.41,60,0,5
DTLZ2,20,1,12001,24,238,"S4_(0.75,1.00]",0.8,1,0.24,0.363636363636364,0.52,0.48,0.56,0.472727272727273,0.44,55,0,5
DTLZ2,20,1,12001,25,244,"S4_(0.75,1.00]",0.84,1,0.32,0.355932203389831,0.6,0.56,0.64,0.576271186440678,0.51,59,0,4
DTLZ2,20,1,12001,26,250,"S4_(0.75,1.00]",0.88,0.96,0.32,0.349206349206349,0.64,0.6,0.8,0.634920634920635,0.54,63,0,3
DTLZ2,20,1,12001,27,256,"S4_(0.75,1.00]",0.76,1,0.2,0.322033898305085,0.8,0.72,0.72,0.661016949152542,0.57,59,0,6
DTLZ2,20,1,12001,28,262,"S4_(0.75,1.00]",0.72,1,0.12,0.315789473684211,0.84,0.72,0.72,0.649122807017544,0.62,57,0,7
DTLZ2,20,1,12001,29,268,"S4_(0.75,1.00]",0.76,0.96,0.12,0.327586206896552,0.8,0.76,0.72,0.672413793103448,0.66,58,0,6
DTLZ2,20,1,12001,30,274,"S4_(0.75,1.00]",0.92,1,0,0.333333333333333,0.68,0.68,0.88,0.811594202898551,0.81,69,0,2
DTLZ2,20,1,12001,31,280,"S4_(0.75,1.00]",0.8,1,0.04,0.303030303030303,0.8,0.84,0.92,0.863636363636364,0.83,66,0,5
DTLZ2,20,1,12001,32,286,"S4_(0.75,1.00]",0.92,1,0.16,0.328571428571429,0.8,0.84,0.92,0.871428571428571,0.86,70,0,2
DTLZ2,20,1,12001,33,292,"S4_(0.75,1.00]",0.88,1,0.08,0.323529411764706,0.92,0.92,1,0.955882352941177,0.94,68,0,3
DTLZ2,20,1,12001,34,298,"S4_(0.75,1.00]",0.88,1,0.08,0.333333333333333,1,1,1,1,0.99,66,0,3
DTLZ2,20,2,12002,1,100,"S2_(0.25,0.50]",0.88,0.96,0.4,0.479166666666667,0.08,0.08,0,0.0625,0.03,48,0,2
DTLZ2,20,2,12002,2,106,"S2_(0.25,0.50]",0.88,0.92,0.28,0.44,0.08,0.08,0,0.04,0.03,50,0,3
DTLZ2,20,2,12002,3,112,"S2_(0.25,0.50]",0.88,0.88,0.24,0.396551724137931,0.2,0.2,0,0.0862068965517241,0.07,58,0,1
DTLZ2,20,2,12002,4,118,"S2_(0.25,0.50]",0.84,0.88,0.24,0.4,0.2,0.24,0.04,0.109090909090909,0.1,55,0,3
DTLZ2,20,2,12002,5,124,"S2_(0.25,0.50]",0.92,0.96,0.28,0.377049180327869,0.12,0.12,0,0.0983606557377049,0.1,61,0,2
DTLZ2,20,2,12002,6,130,"S2_(0.25,0.50]",0.8,0.96,0.24,0.344827586206897,0.16,0.16,0,0.120689655172414,0.11,58,0,4
DTLZ2,20,2,12002,7,136,"S2_(0.25,0.50]",0.84,0.92,0.36,0.411764705882353,0.16,0.12,0.04,0.156862745098039,0.11,51,0,4
DTLZ2,20,2,12002,8,142,"S2_(0.25,0.50]",0.8,0.96,0.36,0.4,0.2,0.16,0.08,0.16,0.11,50,0,5
DTLZ2,20,2,12002,9,148,"S2_(0.25,0.50]",0.76,1,0.24,0.351851851851852,0.2,0.24,0.04,0.166666666666667,0.13,54,0,6
DTLZ2,20,2,12002,10,154,"S3_(0.50,0.75]",0.72,0.96,0.2,0.327272727272727,0.24,0.24,0.04,0.181818181818182,0.14,55,0,7
DTLZ2,20,2,12002,11,160,"S3_(0.50,0.75]",0.68,1,0.16,0.298245614035088,0.32,0.32,0.08,0.210526315789474,0.16,57,0,8
DTLZ2,20,2,12002,12,166,"S3_(0.50,0.75]",0.64,0.96,0.2,0.280701754385965,0.36,0.32,0.12,0.228070175438596,0.17,57,0,9
DTLZ2,20,2,12002,13,172,"S3_(0.50,0.75]",0.68,1,0.28,0.278688524590164,0.32,0.32,0.12,0.213114754098361,0.17,61,0,8
DTLZ2,20,2,12002,14,178,"S3_(0.50,0.75]",0.68,1,0.16,0.257575757575758,0.28,0.32,0,0.181818181818182,0.2,66,0,8
DTLZ2,20,2,12002,15,184,"S3_(0.50,0.75]",0.8,1,0.2,0.303030303030303,0.48,0.48,0.04,0.257575757575758,0.25,66,0,5
DTLZ2,20,2,12002,16,190,"S3_(0.50,0.75]",0.76,0.96,0.32,0.306451612903226,0.48,0.6,0.16,0.338709677419355,0.3,62,0,5
DTLZ2,20,2,12002,17,196,"S3_(0.50,0.75]",0.72,1,0.2,0.295081967213115,0.48,0.64,0.16,0.344262295081967,0.31,61,0,7
DTLZ2,20,2,12002,18,202,"S3_(0.50,0.75]",0.84,0.96,0.28,0.313432835820896,0.48,0.52,0.12,0.313432835820896,0.3,67,0,4
DTLZ2,20,2,12002,19,208,"S3_(0.50,0.75]",0.88,1,0.32,0.34375,0.6,0.6,0.24,0.40625,0.36,64,0,3
DTLZ2,20,2,12002,20,214,"S3_(0.50,0.75]",0.8,1,0.36,0.37037037037037,0.56,0.56,0.32,0.462962962962963,0.37,54,0,5
DTLZ2,20,2,12002,21,220,"S3_(0.50,0.75]",0.84,1,0.36,0.362068965517241,0.72,0.72,0.36,0.5,0.42,58,0,4
DTLZ2,20,2,12002,22,226,"S4_(0.75,1.00]",0.88,1,0.4,0.366666666666667,0.72,0.8,0.52,0.533333333333333,0.45,60,0,3
DTLZ2,20,2,12002,23,232,"S4_(0.75,1.00]",0.84,1,0.36,0.323076923076923,0.76,0.72,0.56,0.553846153846154,0.48,65,0,4
DTLZ2,20,2,12002,24,238,"S4_(0.75,1.00]",0.92,1,0.4,0.343283582089552,0.88,0.92,0.64,0.626865671641791,0.53,67,0,2
DTLZ2,20,2,12002,25,244,"S4_(0.75,1.00]",1,1,0.44,0.384615384615385,0.92,0.92,0.76,0.692307692307692,0.56,65,0,0
DTLZ2,20,2,12002,26,250,"S4_(0.75,1.00]",0.96,1,0.32,0.380952380952381,0.92,0.92,0.6,0.746031746031746,0.61,63,0,1
DTLZ2,20,2,12002,27,256,"S4_(0.75,1.00]",0.88,1,0.32,0.328358208955224,0.92,0.96,0.64,0.716417910447761,0.65,67,0,3
DTLZ2,20,2,12002,28,262,"S4_(0.75,1.00]",0.84,1,0.28,0.328125,0.96,0.96,0.64,0.78125,0.69,64,0,4
DTLZ2,20,2,12002,29,268,"S4_(0.75,1.00]",0.84,1,0.32,0.328125,0.96,0.96,0.64,0.796875,0.7,64,0,4
DTLZ2,20,2,12002,30,274,"S4_(0.75,1.00]",0.92,1,0.28,0.370967741935484,0.96,0.96,0.68,0.838709677419355,0.72,62,0,2
DTLZ2,20,2,12002,31,280,"S4_(0.75,1.00]",0.96,1,0.32,0.380952380952381,0.96,0.96,0.72,0.857142857142857,0.7,63,0,1
DTLZ2,20,2,12002,32,286,"S4_(0.75,1.00]",0.96,1,0.32,0.375,0.92,0.92,0.72,0.84375,0.71,64,0,1
DTLZ2,20,2,12002,33,292,"S4_(0.75,1.00]",0.56,1,0.36,0.411764705882353,0.96,0.96,0.96,0.941176470588235,0.95,34,0,11
DTLZ2,20,2,12002,34,298,"S4_(0.75,1.00]",0.48,1,0.32,0.387096774193548,1,1,1,1,1,31,0,13
DTLZ2,20,3,12003,1,100,"S2_(0.25,0.50]",0.8,0.92,0.28,0.375,0.4,0.44,0.16,0.303571428571429,0.2,56,0,3
DTLZ2,20,3,12003,2,106,"S2_(0.25,0.50]",0.92,0.96,0.36,0.387096774193548,0.4,0.44,0.12,0.306451612903226,0.22,62,0,2
DTLZ2,20,3,12003,3,112,"S2_(0.25,0.50]",0.84,0.96,0.28,0.372881355932203,0.4,0.44,0.24,0.322033898305085,0.22,59,0,3
DTLZ2,20,3,12003,4,118,"S2_(0.25,0.50]",0.84,1,0.28,0.344262295081967,0.4,0.36,0.12,0.311475409836066,0.22,61,0,4
DTLZ2,20,3,12003,5,124,"S2_(0.25,0.50]",0.76,1,0.16,0.316666666666667,0.36,0.4,0.16,0.283333333333333,0.24,60,0,6
DTLZ2,20,3,12003,6,130,"S2_(0.25,0.50]",0.76,1,0.16,0.279411764705882,0.44,0.44,0.2,0.308823529411765,0.27,68,0,6
DTLZ2,20,3,12003,7,136,"S2_(0.25,0.50]",0.8,1,0.24,0.3125,0.4,0.32,0.2,0.328125,0.27,64,0,5
DTLZ2,20,3,12003,8,142,"S2_(0.25,0.50]",0.76,1,0.24,0.311475409836066,0.44,0.36,0.2,0.360655737704918,0.29,61,0,6
DTLZ2,20,3,12003,9,148,"S2_(0.25,0.50]",0.68,1,0.28,0.26984126984127,0.48,0.28,0.32,0.380952380952381,0.29,63,0,8
DTLZ2,20,3,12003,10,154,"S3_(0.50,0.75]",0.72,1,0.32,0.28125,0.48,0.28,0.32,0.390625,0.3,64,0,7
DTLZ2,20,3,12003,11,160,"S3_(0.50,0.75]",0.72,1,0.28,0.290322580645161,0.52,0.32,0.32,0.435483870967742,0.32,62,0,7
DTLZ2,20,3,12003,12,166,"S3_(0.50,0.75]",0.76,1,0.24,0.301587301587302,0.52,0.32,0.36,0.444444444444444,0.33,63,0,6
DTLZ2,20,3,12003,13,172,"S3_(0.50,0.75]",0.32,1,0.2,0.25,0.48,0.36,0.44,0.40625,0.35,32,0,17
DTLZ2,20,3,12003,14,178,"S3_(0.50,0.75]",0.84,1,0.28,0.3,0.48,0.36,0.44,0.442857142857143,0.37,70,0,4
DTLZ2,20,3,12003,15,184,"S3_(0.50,0.75]",0.8,1,0.36,0.32258064516129,0.56,0.36,0.4,0.467741935483871,0.38,62,0,5
DTLZ2,20,3,12003,16,190,"S3_(0.50,0.75]",0.8,1,0.36,0.317460317460317,0.48,0.36,0.4,0.46031746031746,0.39,63,0,5
DTLZ2,20,3,12003,17,196,"S3_(0.50,0.75]",0.76,1,0.16,0.287878787878788,0.6,0.48,0.4,0.5,0.44,66,0,6
DTLZ2,20,3,12003,18,202,"S3_(0.50,0.75]",0.8,1,0.12,0.303030303030303,0.56,0.52,0.48,0.53030303030303,0.48,66,0,5
DTLZ2,20,3,12003,19,208,"S3_(0.50,0.75]",0.84,1,0.24,0.333333333333333,0.6,0.56,0.56,0.587301587301587,0.5,63,0,4
DTLZ2,20,3,12003,20,214,"S3_(0.50,0.75]",0.84,1,0.24,0.308823529411765,0.6,0.6,0.68,0.647058823529412,0.54,68,0,4
DTLZ2,20,3,12003,21,220,"S3_(0.50,0.75]",0.84,1,0.24,0.308823529411765,0.64,0.6,0.56,0.661764705882353,0.56,68,0,4
DTLZ2,20,3,12003,22,226,"S4_(0.75,1.00]",0.84,1,0.28,0.304347826086957,0.68,0.64,0.6,0.666666666666667,0.58,69,0,4
DTLZ2,20,3,12003,23,232,"S4_(0.75,1.00]",0.88,1,0.24,0.318840579710145,0.64,0.64,0.52,0.623188405797101,0.55,69,0,3
DTLZ2,20,3,12003,24,238,"S4_(0.75,1.00]",0.84,1,0.44,0.35,0.72,0.64,0.64,0.7,0.57,60,0,4
DTLZ2,20,3,12003,25,244,"S4_(0.75,1.00]",0.4,1,0.28,0.333333333333333,0.72,0.68,0.68,0.7,0.62,30,0,15
DTLZ2,20,3,12003,26,250,"S4_(0.75,1.00]",0.56,1,0.4,0.411764705882353,0.76,0.68,0.72,0.735294117647059,0.65,34,0,11
DTLZ2,20,3,12003,27,256,"S4_(0.75,1.00]",0.64,1,0.4,0.484848484848485,0.76,0.72,0.76,0.727272727272727,0.7,33,0,9
DTLZ2,20,3,12003,28,262,"S4_(0.75,1.00]",0.64,1,0.52,0.484848484848485,0.76,0.76,0.76,0.757575757575758,0.74,33,0,9
DTLZ2,20,3,12003,29,268,"S4_(0.75,1.00]",0.52,1,0.36,0.40625,0.76,0.8,0.76,0.75,0.75,32,0,12
DTLZ2,20,3,12003,30,274,"S4_(0.75,1.00]",0.44,1,0.32,0.34375,0.8,0.92,0.72,0.75,0.8,32,0,14
DTLZ2,20,3,12003,31,280,"S4_(0.75,1.00]",0.44,1,0.36,0.366666666666667,0.84,0.92,0.8,0.8,0.82,30,0,14
DTLZ2,20,3,12003,32,286,"S4_(0.75,1.00]",0.44,1,0.36,0.366666666666667,0.84,0.92,0.8,0.8,0.83,30,0,14
DTLZ2,20,3,12003,33,292,"S4_(0.75,1.00]",0.6,1,0.4,0.394736842105263,0.96,1,1,0.973684210526316,0.97,38,0,10
DTLZ2,20,3,12003,34,298,"S4_(0.75,1.00]",0.64,1,0.4,0.41025641025641,1,1,1,1,0.99,39,0,9
DTLZ2,20,4,12004,1,100,"S2_(0.25,0.50]",0.92,1,0.32,0.377049180327869,0.36,0.32,0.2,0.262295081967213,0.18,61,0,2
DTLZ2,20,4,12004,2,106,"S2_(0.25,0.50]",0.92,0.92,0.36,0.389830508474576,0.36,0.36,0.24,0.271186440677966,0.19,59,0,3
DTLZ2,20,4,12004,3,112,"S2_(0.25,0.50]",0.8,0.84,0.48,0.407407407407407,0.36,0.36,0.24,0.296296296296296,0.2,54,0,3
DTLZ2,20,4,12004,4,118,"S2_(0.25,0.50]",0.8,0.96,0.44,0.4,0.36,0.32,0.24,0.32,0.21,50,0,5
DTLZ2,20,4,12004,5,124,"S2_(0.25,0.50]",0.84,0.96,0.44,0.39622641509434,0.44,0.36,0.28,0.339622641509434,0.23,53,0,5
DTLZ2,20,4,12004,6,130,"S2_(0.25,0.50]",0.84,1,0.36,0.362068965517241,0.32,0.4,0.24,0.293103448275862,0.26,58,0,4
DTLZ2,20,4,12004,7,136,"S2_(0.25,0.50]",0.88,0.92,0.32,0.366666666666667,0.36,0.44,0.32,0.333333333333333,0.27,60,0,4
DTLZ2,20,4,12004,8,142,"S2_(0.25,0.50]",0.84,0.96,0.44,0.388888888888889,0.4,0.32,0.24,0.314814814814815,0.26,54,0,4
DTLZ2,20,4,12004,9,148,"S2_(0.25,0.50]",0.8,0.96,0.32,0.357142857142857,0.4,0.28,0.28,0.303571428571429,0.27,56,0,4
DTLZ2,20,4,12004,10,154,"S3_(0.50,0.75]",0.92,0.92,0.4,0.4,0.48,0.44,0.36,0.366666666666667,0.32,60,0,2
DTLZ2,20,4,12004,11,160,"S3_(0.50,0.75]",0.84,0.92,0.32,0.368421052631579,0.44,0.48,0.32,0.385964912280702,0.34,57,0,4
DTLZ2,20,4,12004,12,166,"S3_(0.50,0.75]",0.84,0.88,0.28,0.35,0.44,0.48,0.28,0.4,0.35,60,0,4
DTLZ2,20,4,12004,13,172,"S3_(0.50,0.75]",0.88,0.96,0.32,0.343283582089552,0.48,0.4,0.4,0.432835820895522,0.35,67,0,2
DTLZ2,20,4,12004,14,178,"S3_(0.50,0.75]",0.96,1,0.36,0.39344262295082,0.32,0.32,0.32,0.39344262295082,0.35,61,0,1
DTLZ2,20,4,12004,15,184,"S3_(0.50,0.75]",0.8,1,0.36,0.37037037037037,0.52,0.4,0.32,0.481481481481481,0.39,54,0,5
DTLZ2,20,4,12004,16,190,"S3_(0.50,0.75]",0.76,0.96,0.36,0.339285714285714,0.48,0.48,0.44,0.535714285714286,0.45,56,0,7
DTLZ2,20,4,12004,17,196,"S3_(0.50,0.75]",0.72,1,0.32,0.305084745762712,0.48,0.56,0.44,0.559322033898305,0.49,59,0,7
DTLZ2,20,4,12004,18,202,"S3_(0.50,0.75]",0.76,1,0.24,0.327586206896552,0.44,0.52,0.36,0.551724137931034,0.49,58,0,6
DTLZ2,20,4,12004,19,208,"S3_(0.50,0.75]",0.84,1,0.36,0.362068965517241,0.52,0.6,0.44,0.603448275862069,0.53,58,0,4
DTLZ2,20,4,12004,20,214,"S3_(0.50,0.75]",0.88,0.96,0.44,0.366666666666667,0.6,0.6,0.48,0.616666666666667,0.56,60,0,2
DTLZ2,20,4,12004,21,220,"S3_(0.50,0.75]",0.96,1,0.52,0.380952380952381,0.52,0.56,0.36,0.571428571428571,0.55,63,0,1
DTLZ2,20,4,12004,22,226,"S4_(0.75,1.00]",0.96,0.96,0.48,0.380952380952381,0.56,0.56,0.4,0.619047619047619,0.58,63,0,1
DTLZ2,20,4,12004,23,232,"S4_(0.75,1.00]",0.96,0.96,0.48,0.369230769230769,0.56,0.56,0.48,0.646153846153846,0.6,65,0,1
DTLZ2,20,4,12004,24,238,"S4_(0.75,1.00]",0.88,0.92,0.4,0.34375,0.52,0.48,0.4,0.609375,0.6,64,0,3
DTLZ2,20,4,12004,25,244,"S4_(0.75,1.00]",0.88,0.96,0.48,0.366666666666667,0.48,0.48,0.36,0.633333333333333,0.65,60,0,3
DTLZ2,20,4,12004,26,250,"S4_(0.75,1.00]",0.84,0.96,0.36,0.308823529411765,0.52,0.52,0.48,0.661764705882353,0.67,68,0,5
DTLZ2,20,4,12004,27,256,"S4_(0.75,1.00]",0.84,1,0.2,0.333333333333333,0.6,0.64,0.6,0.714285714285714,0.71,63,0,4
DTLZ2,20,4,12004,28,262,"S4_(0.75,1.00]",0.24,1,0.2,0.193548387096774,0.68,0.72,0.64,0.709677419354839,0.76,31,0,19
DTLZ2,20,4,12004,29,268,"S4_(0.75,1.00]",0.8,0.96,0.24,0.307692307692308,0.64,0.68,0.6,0.753846153846154,0.77,65,0,5
DTLZ2,20,4,12004,30,274,"S4_(0.75,1.00]",0.76,1,0.28,0.296875,0.76,0.76,0.64,0.796875,0.81,64,0,6
DTLZ2,20,4,12004,31,280,"S4_(0.75,1.00]",0.72,1,0.16,0.290322580645161,0.8,0.8,0.84,0.870967741935484,0.84,62,0,7
DTLZ2,20,4,12004,32,286,"S4_(0.75,1.00]",0.72,1,0.24,0.290322580645161,0.96,0.96,0.88,0.919354838709677,0.9,62,0,7
DTLZ2,20,4,12004,33,292,"S4_(0.75,1.00]",0.72,0.96,0.32,0.339622641509434,0.96,0.96,0.92,0.943396226415094,0.95,53,0,7
DTLZ2,20,4,12004,34,298,"S4_(0.75,1.00]",0.92,1,0.36,0.370967741935484,1,1,1,1,0.99,62,0,2
DTLZ2,20,5,12005,1,100,"S2_(0.25,0.50]",0.8,0.96,0.4,0.416666666666667,0.32,0.24,0.2,0.270833333333333,0.13,48,0,5
DTLZ2,20,5,12005,2,106,"S2_(0.25,0.50]",0.84,0.92,0.36,0.403846153846154,0.36,0.36,0.16,0.307692307692308,0.17,52,0,5
DTLZ2,20,5,12005,3,112,"S2_(0.25,0.50]",0.88,1,0.48,0.423076923076923,0.48,0.44,0.32,0.384615384615385,0.2,52,0,3
DTLZ2,20,5,12005,4,118,"S2_(0.25,0.50]",0.88,0.96,0.36,0.372881355932203,0.52,0.48,0.36,0.389830508474576,0.23,59,0,2
DTLZ2,20,5,12005,5,124,"S2_(0.25,0.50]",0.84,1,0.36,0.39622641509434,0.52,0.52,0.36,0.415094339622642,0.27,53,0,4
DTLZ2,20,5,12005,6,130,"S2_(0.25,0.50]",0.76,1,0.24,0.322033898305085,0.48,0.52,0.28,0.355932203389831,0.28,59,0,6
DTLZ2,20,5,12005,7,136,"S2_(0.25,0.50]",0.92,1,0.4,0.343283582089552,0.48,0.52,0.28,0.402985074626866,0.31,67,0,2
DTLZ2,20,5,12005,8,142,"S2_(0.25,0.50]",0.84,1,0.4,0.323076923076923,0.52,0.56,0.28,0.430769230769231,0.33,65,0,4
DTLZ2,20,5,12005,9,148,"S2_(0.25,0.50]",0.88,1,0.32,0.34375,0.48,0.52,0.24,0.46875,0.35,64,0,3
DTLZ2,20,5,12005,10,154,"S3_(0.50,0.75]",0.88,1,0.36,0.328358208955224,0.48,0.48,0.24,0.432835820895522,0.35,67,0,3
DTLZ2,20,5,12005,11,160,"S3_(0.50,0.75]",0.88,1,0.36,0.323529411764706,0.56,0.6,0.24,0.455882352941176,0.38,68,0,3
DTLZ2,20,5,12005,12,166,"S3_(0.50,0.75]",0.72,1,0.32,0.290322580645161,0.6,0.6,0.4,0.516129032258065,0.42,62,0,7
DTLZ2,20,5,12005,13,172,"S3_(0.50,0.75]",0.84,1,0.4,0.313432835820896,0.56,0.56,0.32,0.477611940298507,0.44,67,0,4
DTLZ2,20,5,12005,14,178,"S3_(0.50,0.75]",0.88,1,0.4,0.34375,0.48,0.48,0.24,0.5,0.46,64,0,3
DTLZ2,20,5,12005,15,184,"S3_(0.50,0.75]",0.96,1,0.4,0.342857142857143,0.4,0.44,0.2,0.442857142857143,0.45,70,0,1
DTLZ2,20,5,12005,16,190,"S3_(0.50,0.75]",0.96,1,0.36,0.342857142857143,0.4,0.44,0.2,0.471428571428571,0.47,70,0,1
DTLZ2,20,5,12005,17,196,"S3_(0.50,0.75]",0.92,1,0.32,0.333333333333333,0.4,0.36,0.24,0.492753623188406,0.48,69,0,2
DTLZ2,20,5,12005,18,202,"S3_(0.50,0.75]",0.84,1,0.36,0.344262295081967,0.48,0.4,0.36,0.540983606557377,0.49,61,0,4
DTLZ2,20,5,12005,19,208,"S3_(0.50,0.75]",0.84,1,0.32,0.328125,0.48,0.4,0.36,0.546875,0.53,64,0,4
DTLZ2,20,5,12005,20,214,"S3_(0.50,0.75]",0.84,1,0.32,0.328125,0.44,0.4,0.32,0.53125,0.52,64,0,4
DTLZ2,20,5,12005,21,220,"S3_(0.50,0.75]",0.84,1,0.28,0.3,0.48,0.48,0.44,0.557142857142857,0.51,70,0,4
DTLZ2,20,5,12005,22,226,"S4_(0.75,1.00]",0.44,1,0.36,0.333333333333333,0.4,0.56,0.4,0.454545454545455,0.54,33,0,14
DTLZ2,20,5,12005,23,232,"S4_(0.75,1.00]",0.48,1,0.4,0.352941176470588,0.4,0.52,0.4,0.441176470588235,0.54,34,0,13
DTLZ2,20,5,12005,24,238,"S4_(0.75,1.00]",1,1,0.44,0.357142857142857,0.52,0.52,0.52,0.585714285714286,0.56,70,0,0
DTLZ2,20,5,12005,25,244,"S4_(0.75,1.00]",0.88,1,0.28,0.349206349206349,0.56,0.64,0.36,0.619047619047619,0.59,63,0,3
DTLZ2,20,5,12005,26,250,"S4_(0.75,1.00]",0.88,1,0.32,0.349206349206349,0.64,0.6,0.48,0.650793650793651,0.61,63,0,3
DTLZ2,20,5,12005,27,256,"S4_(0.75,1.00]",0.92,1,0.32,0.353846153846154,0.6,0.64,0.32,0.646153846153846,0.63,65,0,2
DTLZ2,20,5,12005,28,262,"S4_(0.75,1.00]",0.92,1,0.4,0.365079365079365,0.6,0.64,0.44,0.666666666666667,0.66,63,0,2
DTLZ2,20,5,12005,29,268,"S4_(0.75,1.00]",0.88,1,0.2,0.328358208955224,0.68,0.68,0.68,0.776119402985075,0.76,67,0,3
DTLZ2,20,5,12005,30,274,"S4_(0.75,1.00]",0.76,1,0.28,0.311475409836066,0.64,0.72,0.64,0.770491803278688,0.76,61,0,6
DTLZ2,20,5,12005,31,280,"S4_(0.75,1.00]",0.8,1,0.28,0.327868852459016,0.76,0.8,0.68,0.819672131147541,0.8,61,0,5
DTLZ2,20,5,12005,32,286,"S4_(0.75,1.00]",0.92,1,0.28,0.333333333333333,0.84,0.84,0.8,0.91304347826087,0.89,69,0,2
DTLZ2,20,5,12005,33,292,"S4_(0.75,1.00]",0.88,1,0.2,0.318840579710145,0.88,0.84,0.84,0.927536231884058,0.9,69,0,3
DTLZ2,20,5,12005,34,298,"S4_(0.75,1.00]",0.84,1,0.2,0.308823529411765,0.96,0.96,1,0.985294117647059,0.98,68,0,4
DTLZ2,20,6,12006,1,100,"S2_(0.25,0.50]",0.76,0.96,0.4,0.4,0.36,0.28,0.08,0.3,0.23,50,0,5
DTLZ2,20,6,12006,2,106,"S2_(0.25,0.50]",0.84,0.96,0.36,0.431372549019608,0.36,0.4,0.24,0.372549019607843,0.26,51,0,4
DTLZ2,20,6,12006,3,112,"S2_(0.25,0.50]",0.8,0.96,0.32,0.454545454545455,0.32,0.36,0.32,0.318181818181818,0.27,44,0,4
DTLZ2,20,6,12006,4,118,"S2_(0.25,0.50]",0.88,0.96,0.36,0.488888888888889,0.4,0.4,0.4,0.377777777777778,0.29,45,0,4
DTLZ2,20,6,12006,5,124,"S2_(0.25,0.50]",0.8,1,0.36,0.416666666666667,0.4,0.4,0.32,0.375,0.28,48,0,5
DTLZ2,20,6,12006,6,130,"S2_(0.25,0.50]",0.84,1,0.36,0.428571428571429,0.4,0.32,0.36,0.346938775510204,0.28,49,0,4
DTLZ2,20,6,12006,7,136,"S2_(0.25,0.50]",0.92,0.96,0.4,0.450980392156863,0.36,0.32,0.2,0.313725490196078,0.29,51,0,2
DTLZ2,20,6,12006,8,142,"S2_(0.25,0.50]",0.84,0.92,0.48,0.39622641509434,0.36,0.36,0.24,0.377358490566038,0.31,53,0,2
DTLZ2,20,6,12006,9,148,"S2_(0.25,0.50]",0.88,0.92,0.56,0.423076923076923,0.36,0.36,0.2,0.365384615384615,0.31,52,0,2
DTLZ2,20,6,12006,10,154,"S3_(0.50,0.75]",0.88,0.96,0.4,0.370967741935484,0.36,0.36,0.24,0.370967741935484,0.33,62,0,2
DTLZ2,20,6,12006,11,160,"S3_(0.50,0.75]",0.88,1,0.44,0.366666666666667,0.36,0.4,0.12,0.4,0.37,60,0,3
DTLZ2,20,6,12006,12,166,"S3_(0.50,0.75]",1,1,0.4,0.403225806451613,0.48,0.48,0.12,0.451612903225806,0.42,62,0,0
DTLZ2,20,6,12006,13,172,"S3_(0.50,0.75]",0.92,0.92,0.28,0.358208955223881,0.48,0.48,0.28,0.447761194029851,0.45,67,0,1
DTLZ2,20,6,12006,14,178,"S3_(0.50,0.75]",0.92,1,0.36,0.353846153846154,0.48,0.56,0.32,0.492307692307692,0.46,65,0,2
DTLZ2,20,6,12006,15,184,"S3_(0.50,0.75]",0.88,1,0.4,0.366666666666667,0.48,0.56,0.28,0.483333333333333,0.5,60,0,3
DTLZ2,20,6,12006,16,190,"S3_(0.50,0.75]",0.8,1,0.32,0.3125,0.52,0.64,0.28,0.546875,0.54,64,0,5
DTLZ2,20,6,12006,17,196,"S3_(0.50,0.75]",0.84,1,0.36,0.338709677419355,0.52,0.52,0.36,0.532258064516129,0.52,62,0,4
DTLZ2,20,6,12006,18,202,"S3_(0.50,0.75]",0.8,0.96,0.28,0.3125,0.44,0.44,0.24,0.546875,0.52,64,0,5
DTLZ2,20,6,12006,19,208,"S3_(0.50,0.75]",0.88,1,0.36,0.372881355932203,0.44,0.44,0.32,0.576271186440678,0.54,59,0,3
DTLZ2,20,6,12006,20,214,"S3_(0.50,0.75]",0.96,1,0.52,0.387096774193548,0.48,0.48,0.36,0.596774193548387,0.56,62,0,1
DTLZ2,20,6,12006,21,220,"S3_(0.50,0.75]",0.96,1,0.48,0.352941176470588,0.48,0.52,0.32,0.617647058823529,0.59,68,0,1
DTLZ2,20,6,12006,22,226,"S4_(0.75,1.00]",0.92,1,0.4,0.353846153846154,0.52,0.52,0.4,0.630769230769231,0.61,65,0,2
DTLZ2,20,6,12006,23,232,"S4_(0.75,1.00]",0.92,1,0.4,0.353846153846154,0.56,0.48,0.44,0.646153846153846,0.61,65,0,2
DTLZ2,20,6,12006,24,238,"S4_(0.75,1.00]",0.92,1,0.44,0.328571428571429,0.48,0.48,0.36,0.657142857142857,0.62,70,0,2
DTLZ2,20,6,12006,25,244,"S4_(0.75,1.00]",0.92,1,0.44,0.353846153846154,0.56,0.56,0.48,0.661538461538462,0.64,65,0,2
DTLZ2,20,6,12006,26,250,"S4_(0.75,1.00]",0.76,1,0.4,0.316666666666667,0.64,0.68,0.56,0.733333333333333,0.69,60,0,6
DTLZ2,20,6,12006,27,256,"S4_(0.75,1.00]",0.84,0.96,0.36,0.35,0.68,0.72,0.6,0.766666666666667,0.71,60,0,4
DTLZ2,20,6,12006,28,262,"S4_(0.75,1.00]",0.84,1,0.32,0.344262295081967,0.72,0.76,0.6,0.770491803278688,0.73,61,0,4
DTLZ2,20,6,12006,29,268,"S4_(0.75,1.00]",0.96,0.96,0.28,0.363636363636364,0.68,0.72,0.56,0.712121212121212,0.73,66,0,2
DTLZ2,20,6,12006,30,274,"S4_(0.75,1.00]",0.96,0.96,0.56,0.387096774193548,0.72,0.76,0.6,0.774193548387097,0.79,62,0,2
DTLZ2,20,6,12006,31,280,"S4_(0.75,1.00]",0.96,0.96,0.56,0.380952380952381,0.76,0.8,0.68,0.825396825396825,0.83,63,0,2
DTLZ2,20,6,12006,32,286,"S4_(0.75,1.00]",0.92,0.92,0.56,0.365079365079365,0.76,0.76,0.76,0.841269841269841,0.84,63,0,2
DTLZ2,20,6,12006,33,292,"S4_(0.75,1.00]",0.84,0.96,0.48,0.35,0.88,0.88,0.96,0.95,0.95,60,0,4
DTLZ2,20,6,12006,34,298,"S4_(0.75,1.00]",0.88,0.92,0.48,0.360655737704918,0.96,0.96,1,0.983606557377049,0.99,61,0,3
DTLZ2,20,7,12007,1,100,"S2_(0.25,0.50]",0.8,0.92,0.52,0.476190476190476,0.48,0.44,0.28,0.285714285714286,0.14,42,0,4
DTLZ2,20,7,12007,2,106,"S2_(0.25,0.50]",0.8,0.96,0.52,0.416666666666667,0.44,0.36,0.28,0.270833333333333,0.15,48,0,5
DTLZ2,20,7,12007,3,112,"S2_(0.25,0.50]",0.84,1,0.32,0.381818181818182,0.4,0.44,0.12,0.290909090909091,0.18,55,0,4
DTLZ2,20,7,12007,4,118,"S2_(0.25,0.50]",0.92,1,0.4,0.418181818181818,0.4,0.48,0.16,0.290909090909091,0.2,55,0,2
DTLZ2,20,7,12007,5,124,"S2_(0.25,0.50]",0.84,1,0.32,0.35,0.44,0.44,0.12,0.283333333333333,0.22,60,0,4
DTLZ2,20,7,12007,6,130,"S2_(0.25,0.50]",0.8,1,0.28,0.307692307692308,0.44,0.44,0.08,0.292307692307692,0.23,65,0,5
DTLZ2,20,7,12007,7,136,"S2_(0.25,0.50]",0.72,1,0.24,0.290322580645161,0.44,0.32,0.16,0.290322580645161,0.24,62,0,7
DTLZ2,20,7,12007,8,142,"S2_(0.25,0.50]",0.92,1,0.32,0.333333333333333,0.36,0.32,0.2,0.304347826086957,0.26,69,0,2
DTLZ2,20,7,12007,9,148,"S2_(0.25,0.50]",0.88,1,0.44,0.333333333333333,0.36,0.28,0.2,0.348484848484849,0.27,66,0,3
DTLZ2,20,7,12007,10,154,"S3_(0.50,0.75]",0.72,1,0.36,0.26865671641791,0.4,0.32,0.28,0.358208955223881,0.29,67,0,7
DTLZ2,20,7,12007,11,160,"S3_(0.50,0.75]",0.56,1,0.36,0.368421052631579,0.44,0.36,0.32,0.368421052631579,0.31,38,0,11
DTLZ2,20,7,12007,12,166,"S3_(0.50,0.75]",0.92,1,0.52,0.328571428571429,0.4,0.32,0.32,0.428571428571429,0.33,70,0,2
DTLZ2,20,7,12007,13,172,"S3_(0.50,0.75]",0.56,1,0.36,0.368421052631579,0.36,0.4,0.32,0.289473684210526,0.36,38,0,11
DTLZ2,20,7,12007,14,178,"S3_(0.50,0.75]",0.72,1,0.28,0.26865671641791,0.52,0.36,0.28,0.507462686567164,0.37,67,0,7
DTLZ2,20,7,12007,15,184,"S3_(0.50,0.75]",0.76,1,0.32,0.27536231884058,0.48,0.4,0.28,0.507246376811594,0.39,69,0,6
DTLZ2,20,7,12007,16,190,"S3_(0.50,0.75]",0.72,1,0.32,0.260869565217391,0.44,0.36,0.28,0.521739130434783,0.4,69,0,7
DTLZ2,20,7,12007,17,196,"S3_(0.50,0.75]",0.72,1,0.32,0.276923076923077,0.52,0.32,0.28,0.538461538461538,0.41,65,0,7
DTLZ2,20,7,12007,18,202,"S3_(0.50,0.75]",0.76,1,0.24,0.287878787878788,0.36,0.36,0.36,0.515151515151515,0.43,66,0,6
DTLZ2,20,7,12007,19,208,"S3_(0.50,0.75]",0.84,1,0.24,0.3,0.4,0.4,0.4,0.514285714285714,0.46,70,0,4
DTLZ2,20,7,12007,20,214,"S3_(0.50,0.75]",0.2,1,0.2,0.166666666666667,0.4,0.52,0.4,0.466666666666667,0.49,30,0,20
DTLZ2,20,7,12007,21,220,"S3_(0.50,0.75]",0.2,1,0.2,0.166666666666667,0.4,0.56,0.4,0.466666666666667,0.51,30,0,20
DTLZ2,20,7,12007,22,226,"S4_(0.75,1.00]",0.28,1,0.24,0.184210526315789,0.4,0.52,0.44,0.447368421052632,0.51,38,0,18
DTLZ2,20,7,12007,23,232,"S4_(0.75,1.00]",0.8,1,0.24,0.3125,0.6,0.56,0.52,0.59375,0.52,64,0,5
DTLZ2,20,7,12007,24,238,"S4_(0.75,1.00]",0.8,1,0.28,0.32258064516129,0.68,0.64,0.56,0.645161290322581,0.55,62,0,5
DTLZ2,20,7,12007,25,244,"S4_(0.75,1.00]",0.84,1,0.2,0.328125,0.68,0.68,0.56,0.671875,0.61,64,0,4
DTLZ2,20,7,12007,26,250,"S4_(0.75,1.00]",0.8,1,0.16,0.285714285714286,0.76,0.72,0.6,0.671428571428571,0.63,70,0,5
DTLZ2,20,7,12007,27,256,"S4_(0.75,1.00]",0.72,1,0.28,0.264705882352941,0.72,0.8,0.72,0.764705882352941,0.74,68,0,7
DTLZ2,20,7,12007,28,262,"S4_(0.75,1.00]",0.8,1,0.24,0.303030303030303,0.72,0.72,0.76,0.772727272727273,0.75,66,0,5
DTLZ2,20,7,12007,29,268,"S4_(0.75,1.00]",0.8,1,0.28,0.303030303030303,0.72,0.76,0.72,0.803030303030303,0.79,66,0,5
DTLZ2,20,7,12007,30,274,"S4_(0.75,1.00]",0.68,1,0.16,0.283333333333333,0.8,0.84,0.72,0.833333333333333,0.84,60,0,8
DTLZ2,20,7,12007,31,280,"S4_(0.75,1.00]",0.8,1,0.2,0.303030303030303,0.8,0.88,0.68,0.848484848484849,0.87,66,0,5
DTLZ2,20,7,12007,32,286,"S4_(0.75,1.00]",0.8,1,0.2,0.294117647058824,0.88,0.92,0.72,0.882352941176471,0.91,68,0,5
DTLZ2,20,7,12007,33,292,"S4_(0.75,1.00]",0.88,1,0.28,0.333333333333333,1,1,0.88,0.954545454545455,0.96,66,0,3
DTLZ2,20,7,12007,34,298,"S4_(0.75,1.00]",0.88,1,0.28,0.328358208955224,1,1,1,1,1,67,0,3
DTLZ2,20,8,12008,1,100,"S2_(0.25,0.50]",0.96,1,0.52,0.428571428571429,0.36,0.36,0.28,0.321428571428571,0.19,56,0,1
DTLZ2,20,8,12008,2,106,"S2_(0.25,0.50]",0.96,1,0.48,0.39344262295082,0.4,0.4,0.36,0.295081967213115,0.21,61,0,1
DTLZ2,20,8,12008,3,112,"S2_(0.25,0.50]",0.88,1,0.48,0.385964912280702,0.44,0.4,0.4,0.385964912280702,0.25,57,0,3
DTLZ2,20,8,12008,4,118,"S2_(0.25,0.50]",0.92,1,0.44,0.343283582089552,0.44,0.44,0.44,0.358208955223881,0.27,67,0,2
DTLZ2,20,8,12008,5,124,"S2_(0.25,0.50]",0.88,1,0.4,0.318840579710145,0.44,0.48,0.48,0.36231884057971,0.3,69,0,3
DTLZ2,20,8,12008,6,130,"S2_(0.25,0.50]",0.88,0.96,0.52,0.349206349206349,0.48,0.52,0.44,0.396825396825397,0.32,63,0,3
DTLZ2,20,8,12008,7,136,"S2_(0.25,0.50]",0.84,0.96,0.36,0.338709677419355,0.6,0.6,0.48,0.435483870967742,0.36,62,0,4
DTLZ2,20,8,12008,8,142,"S2_(0.25,0.50]",0.84,1,0.4,0.368421052631579,0.6,0.56,0.36,0.43859649122807,0.37,57,0,4
DTLZ2,20,8,12008,9,148,"S2_(0.25,0.50]",0.88,1,0.36,0.372881355932203,0.6,0.6,0.4,0.491525423728814,0.39,59,0,3
DTLZ2,20,8,12008,10,154,"S3_(0.50,0.75]",0.76,1,0.24,0.345454545454545,0.48,0.48,0.28,0.472727272727273,0.39,55,0,6
DTLZ2,20,8,12008,11,160,"S3_(0.50,0.75]",0.68,0.96,0.2,0.326923076923077,0.52,0.52,0.32,0.519230769230769,0.4,52,0,7
DTLZ2,20,8,12008,12,166,"S3_(0.50,0.75]",0.88,0.96,0.36,0.379310344827586,0.48,0.48,0.28,0.482758620689655,0.42,58,0,4
DTLZ2,20,8,12008,13,172,"S3_(0.50,0.75]",0.72,1,0.24,0.310344827586207,0.48,0.4,0.24,0.46551724137931,0.43,58,0,7
DTLZ2,20,8,12008,14,178,"S3_(0.50,0.75]",0.84,0.96,0.36,0.313432835820896,0.44,0.44,0.48,0.522388059701492,0.46,67,0,4
DTLZ2,20,8,12008,15,184,"S3_(0.50,0.75]",0.84,1,0.4,0.313432835820896,0.48,0.44,0.48,0.567164179104478,0.49,67,0,4
DTLZ2,20,8,12008,16,190,"S3_(0.50,0.75]",0.76,1,0.4,0.292307692307692,0.48,0.4,0.44,0.553846153846154,0.5,65,0,6
DTLZ2,20,8,12008,17,196,"S3_(0.50,0.75]",0.68,1,0.2,0.265625,0.6,0.48,0.56,0.65625,0.53,64,0,8
DTLZ2,20,8,12008,18,202,"S3_(0.50,0.75]",0.64,1,0.24,0.246153846153846,0.68,0.48,0.52,0.676923076923077,0.56,65,0,9
DTLZ2,20,8,12008,19,208,"S3_(0.50,0.75]",0.64,0.96,0.2,0.25,0.6,0.48,0.52,0.640625,0.57,64,0,9
DTLZ2,20,8,12008,20,214,"S3_(0.50,0.75]",0.68,1,0.28,0.274193548387097,0.64,0.48,0.52,0.629032258064516,0.55,62,0,8
DTLZ2,20,8,12008,21,220,"S3_(0.50,0.75]",0.8,0.96,0.36,0.294117647058824,0.56,0.52,0.48,0.617647058823529,0.57,68,0,5
DTLZ2,20,8,12008,22,226,"S4_(0.75,1.00]",0.84,1,0.32,0.328125,0.56,0.56,0.72,0.671875,0.65,64,0,4
DTLZ2,20,8,12008,23,232,"S4_(0.75,1.00]",0.8,0.96,0.28,0.3125,0.64,0.64,0.72,0.703125,0.67,64,0,5
DTLZ2,20,8,12008,24,238,"S4_(0.75,1.00]",0.84,1,0.36,0.323076923076923,0.68,0.64,0.72,0.707692307692308,0.67,65,0,4
DTLZ2,20,8,12008,25,244,"S4_(0.75,1.00]",0.84,1,0.36,0.323076923076923,0.64,0.68,0.76,0.723076923076923,0.71,65,0,4
DTLZ2,20,8,12008,26,250,"S4_(0.75,1.00]",0.88,1,0.28,0.328358208955224,0.76,0.72,0.8,0.791044776119403,0.72,67,0,3
DTLZ2,20,8,12008,27,256,"S4_(0.75,1.00]",0.88,1,0.4,0.323529411764706,0.8,0.88,0.76,0.779411764705882,0.77,68,0,3
DTLZ2,20,8,12008,28,262,"S4_(0.75,1.00]",0.56,1,0.36,0.378378378378378,0.76,0.84,0.72,0.72972972972973,0.79,37,0,11
DTLZ2,20,8,12008,29,268,"S4_(0.75,1.00]",0.96,1,0.32,0.342857142857143,0.88,0.88,0.8,0.828571428571429,0.81,70,0,1
DTLZ2,20,8,12008,30,274,"S4_(0.75,1.00]",0.88,1,0.32,0.318840579710145,0.8,0.8,0.84,0.840579710144927,0.83,69,0,3
DTLZ2,20,8,12008,31,280,"S4_(0.75,1.00]",0.56,1,0.44,0.466666666666667,0.76,0.84,0.84,0.8,0.87,30,0,11
DTLZ2,20,8,12008,32,286,"S4_(0.75,1.00]",0.56,1,0.44,0.466666666666667,0.8,0.88,0.88,0.833333333333333,0.9,30,0,11
DTLZ2,20,8,12008,33,292,"S4_(0.75,1.00]",0.96,1,0.48,0.347826086956522,0.96,0.96,0.88,0.942028985507246,0.94,69,0,1
DTLZ2,20,8,12008,34,298,"S4_(0.75,1.00]",0.68,1,0.36,0.435897435897436,1,1,1,1,1,39,0,8
DTLZ2,20,9,12009,1,100,"S2_(0.25,0.50]",0.8,0.92,0.32,0.425531914893617,0.4,0.48,0.32,0.361702127659574,0.24,47,0,5
DTLZ2,20,9,12009,2,106,"S2_(0.25,0.50]",0.84,0.8,0.48,0.575,0.48,0.52,0.44,0.45,0.27,40,0,2
DTLZ2,20,9,12009,3,112,"S2_(0.25,0.50]",0.8,0.88,0.4,0.458333333333333,0.48,0.52,0.36,0.395833333333333,0.27,48,0,4
DTLZ2,20,9,12009,4,118,"S2_(0.25,0.50]",0.84,0.92,0.32,0.411764705882353,0.48,0.4,0.24,0.352941176470588,0.27,51,0,4
DTLZ2,20,9,12009,5,124,"S2_(0.25,0.50]",0.68,0.92,0.24,0.346938775510204,0.52,0.36,0.32,0.428571428571429,0.29,49,0,6
DTLZ2,20,9,12009,6,130,"S2_(0.25,0.50]",0.6,1,0.16,0.294117647058824,0.52,0.36,0.32,0.450980392156863,0.31,51,0,10
DTLZ2,20,9,12009,7,136,"S2_(0.25,0.50]",0.72,0.96,0.2,0.375,0.56,0.4,0.36,0.5,0.36,48,0,7
DTLZ2,20,9,12009,8,142,"S2_(0.25,0.50]",0.72,0.92,0.32,0.333333333333333,0.52,0.4,0.28,0.481481481481481,0.38,54,0,6
DTLZ2,20,9,12009,9,148,"S2_(0.25,0.50]",0.72,0.96,0.32,0.339622641509434,0.48,0.4,0.4,0.490566037735849,0.39,53,0,7
DTLZ2,20,9,12009,10,154,"S3_(0.50,0.75]",0.76,1,0.32,0.316666666666667,0.52,0.4,0.4,0.516666666666667,0.41,60,0,6
DTLZ2,20,9,12009,11,160,"S3_(0.50,0.75]",0.84,0.96,0.32,0.368421052631579,0.56,0.52,0.4,0.578947368421053,0.44,57,0,3
DTLZ2,20,9,12009,12,166,"S3_(0.50,0.75]",0.8,1,0.28,0.363636363636364,0.6,0.6,0.32,0.563636363636364,0.46,55,0,5
DTLZ2,20,9,12009,13,172,"S3_(0.50,0.75]",0.88,0.96,0.32,0.415094339622642,0.64,0.64,0.52,0.584905660377358,0.5,53,0,3
DTLZ2,20,9,12009,14,178,"S3_(0.50,0.75]",1,1,0.36,0.384615384615385,0.56,0.56,0.44,0.615384615384615,0.52,65,0,0
DTLZ2,20,9,12009,15,184,"S3_(0.50,0.75]",0.88,1,0.32,0.34375,0.56,0.48,0.4,0.609375,0.52,64,0,3
DTLZ2,20,9,12009,16,190,"S3_(0.50,0.75]",0.96,1,0.4,0.369230769230769,0.52,0.52,0.44,0.615384615384615,0.53,65,0,1
DTLZ2,20,9,12009,17,196,"S3_(0.50,0.75]",1,1,0.48,0.396825396825397,0.4,0.4,0.24,0.523809523809524,0.53,63,0,0
DTLZ2,20,9,12009,18,202,"S3_(0.50,0.75]",1,1,0.52,0.403225806451613,0.44,0.44,0.32,0.564516129032258,0.55,62,0,0
DTLZ2,20,9,12009,19,208,"S3_(0.50,0.75]",0.96,1,0.44,0.39344262295082,0.44,0.48,0.32,0.590163934426229,0.6,61,0,1
DTLZ2,20,9,12009,20,214,"S3_(0.50,0.75]",1,1,0.48,0.373134328358209,0.4,0.4,0.56,0.597014925373134,0.62,67,0,0
DTLZ2,20,9,12009,21,220,"S3_(0.50,0.75]",0.96,1,0.36,0.352941176470588,0.48,0.48,0.6,0.647058823529412,0.64,68,0,1
DTLZ2,20,9,12009,22,226,"S4_(0.75,1.00]",0.8,0.96,0.28,0.298507462686567,0.52,0.52,0.64,0.686567164179104,0.69,67,0,5
DTLZ2,20,9,12009,23,232,"S4_(0.75,1.00]",0.88,0.96,0.36,0.323529411764706,0.48,0.52,0.64,0.691176470588235,0.7,68,0,4
DTLZ2,20,9,12009,24,238,"S4_(0.75,1.00]",0.84,1,0.24,0.323076923076923,0.52,0.52,0.6,0.692307692307692,0.71,65,0,4
DTLZ2,20,9,12009,25,244,"S4_(0.75,1.00]",0.84,0.96,0.2,0.323076923076923,0.48,0.52,0.6,0.676923076923077,0.71,65,0,4
DTLZ2,20,9,12009,26,250,"S4_(0.75,1.00]",0.8,1,0.32,0.289855072463768,0.48,0.48,0.52,0.681159420289855,0.71,69,0,5
DTLZ2,20,9,12009,27,256,"S4_(0.75,1.00]",0.84,0.96,0.32,0.318181818181818,0.56,0.56,0.52,0.696969696969697,0.73,66,0,3
DTLZ2,20,9,12009,28,262,"S4_(0.75,1.00]",0.84,0.96,0.32,0.323076923076923,0.56,0.56,0.6,0.707692307692308,0.74,65,0,3
DTLZ2,20,9,12009,29,268,"S4_(0.75,1.00]",0.88,1,0.32,0.323529411764706,0.6,0.56,0.64,0.720588235294118,0.76,68,0,3
DTLZ2,20,9,12009,30,274,"S4_(0.75,1.00]",0.88,1,0.36,0.338461538461538,0.64,0.64,0.72,0.738461538461539,0.78,65,0,3
DTLZ2,20,9,12009,31,280,"S4_(0.75,1.00]",0.44,0.96,0.28,0.354838709677419,0.68,0.76,0.72,0.741935483870968,0.84,31,0,14
DTLZ2,20,9,12009,32,286,"S4_(0.75,1.00]",0.92,1,0.24,0.338235294117647,0.76,0.76,0.8,0.838235294117647,0.87,68,0,2
DTLZ2,20,9,12009,33,292,"S4_(0.75,1.00]",0.96,1,0.4,0.352941176470588,0.72,0.72,0.76,0.852941176470588,0.87,68,0,1
DTLZ2,20,9,12009,34,298,"S4_(0.75,1.00]",0.88,1,0.4,0.354838709677419,0.92,0.92,0.88,0.919354838709677,0.93,62,0,3
DTLZ2,20,10,12010,1,100,"S2_(0.25,0.50]",0.88,0.92,0.4,0.458333333333333,0.44,0.4,0.2,0.291666666666667,0.17,48,0,5
DTLZ2,20,10,12010,2,106,"S2_(0.25,0.50]",0.88,0.92,0.36,0.44,0.44,0.4,0.24,0.3,0.18,50,0,4
DTLZ2,20,10,12010,3,112,"S2_(0.25,0.50]",0.76,0.92,0.28,0.387755102040816,0.4,0.4,0.24,0.285714285714286,0.18,49,0,6
DTLZ2,20,10,12010,4,118,"S2_(0.25,0.50]",0.8,0.88,0.36,0.444444444444444,0.52,0.4,0.36,0.377777777777778,0.2,45,0,3
DTLZ2,20,10,12010,5,124,"S2_(0.25,0.50]",0.84,0.92,0.44,0.428571428571429,0.48,0.4,0.36,0.387755102040816,0.22,49,0,2
DTLZ2,20,10,12010,6,130,"S2_(0.25,0.50]",0.72,0.96,0.4,0.375,0.48,0.28,0.4,0.395833333333333,0.22,48,0,7
DTLZ2,20,10,12010,7,136,"S2_(0.25,0.50]",0.72,0.96,0.44,0.375,0.44,0.28,0.44,0.395833333333333,0.23,48,0,7
DTLZ2,20,10,12010,8,142,"S2_(0.25,0.50]",0.76,0.96,0.32,0.365384615384615,0.36,0.28,0.28,0.365384615384615,0.24,52,0,6
DTLZ2,20,10,12010,9,148,"S2_(0.25,0.50]",0.68,1,0.36,0.346938775510204,0.36,0.28,0.32,0.387755102040816,0.26,49,0,8
DTLZ2,20,10,12010,10,154,"S3_(0.50,0.75]",0.64,0.96,0.32,0.340425531914894,0.48,0.36,0.4,0.468085106382979,0.29,47,0,8
DTLZ2,20,10,12010,11,160,"S3_(0.50,0.75]",0.72,0.96,0.36,0.36,0.48,0.36,0.4,0.46,0.3,50,0,6
DTLZ2,20,10,12010,12,166,"S3_(0.50,0.75]",0.72,0.96,0.28,0.352941176470588,0.4,0.32,0.36,0.431372549019608,0.3,51,0,8
DTLZ2,20,10,12010,13,172,"S3_(0.50,0.75]",0.84,0.96,0.32,0.388888888888889,0.4,0.4,0.32,0.425925925925926,0.32,54,0,4
DTLZ2,20,10,12010,14,178,"S3_(0.50,0.75]",0.92,0.96,0.4,0.403508771929825,0.44,0.44,0.28,0.421052631578947,0.34,57,0,2
DTLZ2,20,10,12010,15,184,"S3_(0.50,0.75]",0.8,0.96,0.28,0.377358490566038,0.52,0.44,0.36,0.490566037735849,0.36,53,0,4
DTLZ2,20,10,12010,16,190,"S3_(0.50,0.75]",0.92,0.96,0.36,0.406779661016949,0.44,0.4,0.28,0.457627118644068,0.38,59,0,2
DTLZ2,20,10,12010,17,196,"S3_(0.50,0.75]",0.88,0.92,0.2,0.359375,0.48,0.44,0.24,0.46875,0.41,64,0,3
DTLZ2,20,10,12010,18,202,"S3_(0.50,0.75]",0.76,0.96,0.2,0.311475409836066,0.48,0.4,0.28,0.524590163934426,0.42,61,0,5
DTLZ2,20,10,12010,19,208,"S3_(0.50,0.75]",0.8,0.96,0.32,0.317460317460317,0.44,0.4,0.32,0.523809523809524,0.44,63,0,5
DTLZ2,20,10,12010,20,214,"S3_(0.50,0.75]",0.8,0.92,0.28,0.327868852459016,0.48,0.44,0.32,0.557377049180328,0.47,61,0,5
DTLZ2,20,10,12010,21,220,"S3_(0.50,0.75]",0.76,0.92,0.32,0.301587301587302,0.52,0.52,0.4,0.587301587301587,0.52,63,0,6
DTLZ2,20,10,12010,22,226,"S4_(0.75,1.00]",0.8,0.88,0.32,0.298507462686567,0.64,0.64,0.52,0.641791044776119,0.58,67,0,3
DTLZ2,20,10,12010,23,232,"S4_(0.75,1.00]",0.8,0.92,0.32,0.3125,0.64,0.64,0.48,0.65625,0.6,64,0,3
DTLZ2,20,10,12010,24,238,"S4_(0.75,1.00]",0.8,0.96,0.28,0.3125,0.68,0.64,0.52,0.65625,0.62,64,0,4
DTLZ2,20,10,12010,25,244,"S4_(0.75,1.00]",0.84,0.96,0.36,0.35,0.64,0.68,0.6,0.7,0.64,60,0,3
DTLZ2,20,10,12010,26,250,"S4_(0.75,1.00]",0.92,1,0.4,0.383333333333333,0.64,0.68,0.6,0.7,0.66,60,0,2
DTLZ2,20,10,12010,27,256,"S4_(0.75,1.00]",0.84,0.96,0.36,0.368421052631579,0.76,0.76,0.72,0.771929824561403,0.69,57,0,4
DTLZ2,20,10,12010,28,262,"S4_(0.75,1.00]",0.96,1,0.52,0.387096774193548,0.76,0.76,0.64,0.725806451612903,0.69,62,0,1
DTLZ2,20,10,12010,29,268,"S4_(0.75,1.00]",0.88,1,0.44,0.392857142857143,0.84,0.88,0.8,0.821428571428571,0.75,56,0,3
DTLZ2,20,10,12010,30,274,"S4_(0.75,1.00]",0.96,1,0.52,0.380952380952381,0.84,0.84,0.76,0.857142857142857,0.79,63,0,1
DTLZ2,20,10,12010,31,280,"S4_(0.75,1.00]",0.84,0.96,0.32,0.344262295081967,0.92,0.84,0.88,0.901639344262295,0.86,61,0,4
DTLZ2,20,10,12010,32,286,"S4_(0.75,1.00]",0.88,0.96,0.4,0.354838709677419,0.92,0.88,0.92,0.903225806451613,0.88,62,0,3
DTLZ2,20,10,12010,33,292,"S4_(0.75,1.00]",0.88,0.92,0.4,0.354838709677419,0.96,0.92,0.92,0.935483870967742,0.91,62,0,1
DTLZ2,20,10,12010,34,298,"S4_(0.75,1.00]",0.84,0.96,0.32,0.362068965517241,0.96,0.92,0.92,0.96551724137931,0.97,58,0,4
DTLZ2,20,11,12011,1,100,"S2_(0.25,0.50]",0.88,0.92,0.52,0.479166666666667,0.24,0.2,0.32,0.229166666666667,0.14,48,0,1
DTLZ2,20,11,12011,2,106,"S2_(0.25,0.50]",0.88,0.96,0.36,0.448979591836735,0.16,0.12,0.32,0.204081632653061,0.14,49,0,3
DTLZ2,20,11,12011,3,112,"S2_(0.25,0.50]",0.76,1,0.32,0.387755102040816,0.2,0.2,0.32,0.224489795918367,0.16,49,0,6
DTLZ2,20,11,12011,4,118,"S2_(0.25,0.50]",0.6,0.84,0.2,0.3125,0.4,0.32,0.32,0.3125,0.18,48,0,7
DTLZ2,20,11,12011,5,124,"S2_(0.25,0.50]",0.64,0.84,0.2,0.333333333333333,0.36,0.28,0.32,0.333333333333333,0.19,48,0,6
DTLZ2,20,11,12011,6,130,"S2_(0.25,0.50]",0.72,0.88,0.28,0.333333333333333,0.28,0.28,0.24,0.314814814814815,0.2,54,0,4
DTLZ2,20,11,12011,7,136,"S2_(0.25,0.50]",0.84,0.92,0.44,0.368421052631579,0.28,0.32,0.2,0.315789473684211,0.21,57,0,3
DTLZ2,20,11,12011,8,142,"S2_(0.25,0.50]",0.84,0.96,0.36,0.381818181818182,0.36,0.36,0.24,0.363636363636364,0.23,55,0,3
DTLZ2,20,11,12011,9,148,"S2_(0.25,0.50]",0.84,1,0.44,0.368421052631579,0.36,0.36,0.24,0.368421052631579,0.25,57,0,4
DTLZ2,20,11,12011,10,154,"S3_(0.50,0.75]",0.84,1,0.32,0.344262295081967,0.4,0.4,0.28,0.344262295081967,0.28,61,0,4
DTLZ2,20,11,12011,11,160,"S3_(0.50,0.75]",0.88,1,0.44,0.379310344827586,0.4,0.44,0.24,0.344827586206897,0.3,58,0,3
DTLZ2,20,11,12011,12,166,"S3_(0.50,0.75]",0.92,1,0.4,0.377049180327869,0.4,0.48,0.24,0.360655737704918,0.32,61,0,2
DTLZ2,20,11,12011,13,172,"S3_(0.50,0.75]",0.8,1,0.32,0.289855072463768,0.44,0.44,0.28,0.36231884057971,0.33,69,0,5
DTLZ2,20,11,12011,14,178,"S3_(0.50,0.75]",0.76,1,0.28,0.296875,0.44,0.4,0.24,0.390625,0.35,64,0,6
DTLZ2,20,11,12011,15,184,"S3_(0.50,0.75]",0.72,1,0.24,0.264705882352941,0.44,0.44,0.32,0.367647058823529,0.35,68,0,7
DTLZ2,20,11,12011,16,190,"S3_(0.50,0.75]",0.44,1,0.24,0.275,0.36,0.56,0.44,0.325,0.4,40,0,14
DTLZ2,20,11,12011,17,196,"S3_(0.50,0.75]",0.72,1,0.2,0.276923076923077,0.52,0.56,0.4,0.492307692307692,0.43,65,0,7
DTLZ2,20,11,12011,18,202,"S3_(0.50,0.75]",0.84,1,0.36,0.313432835820896,0.52,0.52,0.44,0.492537313432836,0.45,67,0,4
DTLZ2,20,11,12011,19,208,"S3_(0.50,0.75]",0.4,1,0.32,0.3125,0.4,0.52,0.52,0.4375,0.49,32,0,15
DTLZ2,20,11,12011,20,214,"S3_(0.50,0.75]",0.8,1,0.28,0.289855072463768,0.52,0.48,0.44,0.507246376811594,0.5,69,0,5
DTLZ2,20,11,12011,21,220,"S3_(0.50,0.75]",0.8,1,0.24,0.298507462686567,0.6,0.52,0.56,0.597014925373134,0.54,67,0,5
DTLZ2,20,11,12011,22,226,"S4_(0.75,1.00]",0.68,1,0.24,0.278688524590164,0.6,0.56,0.48,0.590163934426229,0.55,61,0,8
DTLZ2,20,11,12011,23,232,"S4_(0.75,1.00]",0.72,1,0.16,0.272727272727273,0.68,0.6,0.56,0.636363636363636,0.61,66,0,7
DTLZ2,20,11,12011,24,238,"S4_(0.75,1.00]",0.72,1,0.16,0.264705882352941,0.68,0.6,0.6,0.647058823529412,0.61,68,0,7
DTLZ2,20,11,12011,25,244,"S4_(0.75,1.00]",0.24,1,0.24,0.176470588235294,0.52,0.64,0.56,0.558823529411765,0.61,34,0,19
DTLZ2,20,11,12011,26,250,"S4_(0.75,1.00]",0.2,1,0.2,0.147058823529412,0.68,0.64,0.72,0.676470588235294,0.63,34,0,20
DTLZ2,20,11,12011,27,256,"S4_(0.75,1.00]",0.2,1,0.2,0.147058823529412,0.72,0.64,0.76,0.735294117647059,0.65,34,0,20
DTLZ2,20,11,12011,28,262,"S4_(0.75,1.00]",0.2,1,0.2,0.142857142857143,0.68,0.64,0.76,0.714285714285714,0.66,35,0,20
DTLZ2,20,11,12011,29,268,"S4_(0.75,1.00]",0.2,1,0.2,0.15625,0.68,0.64,0.8,0.71875,0.67,32,0,20
DTLZ2,20,11,12011,30,274,"S4_(0.75,1.00]",0.4,0.96,0.24,0.294117647058824,0.64,0.68,0.72,0.705882352941177,0.68,34,0,15
DTLZ2,20,11,12011,31,280,"S4_(0.75,1.00]",0.4,1,0.24,0.285714285714286,0.64,0.72,0.72,0.685714285714286,0.69,35,0,15
DTLZ2,20,11,12011,32,286,"S4_(0.75,1.00]",0.84,1,0.4,0.338709677419355,0.72,0.76,0.8,0.741935483870968,0.73,62,0,4
DTLZ2,20,11,12011,33,292,"S4_(0.75,1.00]",0.8,1,0.28,0.307692307692308,0.8,0.84,0.8,0.815384615384615,0.77,65,0,5
DTLZ2,20,11,12011,34,298,"S4_(0.75,1.00]",0.88,1,0.28,0.314285714285714,0.96,1,0.96,0.985714285714286,0.98,70,0,3
DTLZ2,20,12,12012,1,100,"S2_(0.25,0.50]",0.8,0.96,0.4,0.428571428571429,0.24,0.2,0.08,0.163265306122449,0.1,49,0,4
DTLZ2,20,12,12012,2,106,"S2_(0.25,0.50]",0.8,1,0.52,0.425531914893617,0.2,0.2,0.16,0.170212765957447,0.1,47,0,5
DTLZ2,20,12,12012,3,112,"S2_(0.25,0.50]",0.84,0.96,0.32,0.456521739130435,0.28,0.24,0.2,0.217391304347826,0.12,46,0,3
DTLZ2,20,12,12012,4,118,"S2_(0.25,0.50]",0.92,0.96,0.4,0.433962264150943,0.36,0.32,0.12,0.226415094339623,0.15,53,0,1
DTLZ2,20,12,12012,5,124,"S2_(0.25,0.50]",0.88,0.96,0.36,0.392857142857143,0.24,0.28,0.16,0.214285714285714,0.16,56,0,2
DTLZ2,20,12,12012,6,130,"S2_(0.25,0.50]",0.88,0.92,0.48,0.425925925925926,0.28,0.32,0.16,0.277777777777778,0.19,54,0,1
DTLZ2,20,12,12012,7,136,"S2_(0.25,0.50]",0.96,0.96,0.52,0.461538461538462,0.48,0.48,0.16,0.346153846153846,0.23,52,0,0
DTLZ2,20,12,12012,8,142,"S2_(0.25,0.50]",0.88,1,0.44,0.4,0.4,0.44,0.16,0.345454545454545,0.24,55,0,3
DTLZ2,20,12,12012,9,148,"S2_(0.25,0.50]",0.92,1,0.28,0.389830508474576,0.36,0.44,0.2,0.322033898305085,0.25,59,0,2
DTLZ2,20,12,12012,10,154,"S3_(0.50,0.75]",0.84,1,0.2,0.318181818181818,0.32,0.44,0.16,0.272727272727273,0.24,66,0,4
DTLZ2,20,12,12012,11,160,"S3_(0.50,0.75]",0.84,1,0.16,0.333333333333333,0.32,0.44,0.2,0.317460317460317,0.27,63,0,4
DTLZ2,20,12,12012,12,166,"S3_(0.50,0.75]",0.8,1,0.2,0.327868852459016,0.4,0.48,0.28,0.344262295081967,0.29,61,0,5
DTLZ2,20,12,12012,13,172,"S3_(0.50,0.75]",0.88,1,0.4,0.328358208955224,0.48,0.56,0.28,0.373134328358209,0.32,67,0,3
DTLZ2,20,12,12012,14,178,"S3_(0.50,0.75]",0.68,1,0.36,0.278688524590164,0.44,0.6,0.2,0.377049180327869,0.34,61,0,8
DTLZ2,20,12,12012,15,184,"S3_(0.50,0.75]",0.84,1,0.44,0.355932203389831,0.56,0.68,0.36,0.406779661016949,0.37,59,0,4
DTLZ2,20,12,12012,16,190,"S3_(0.50,0.75]",0.8,1,0.28,0.350877192982456,0.64,0.76,0.24,0.456140350877193,0.4,57,0,5
DTLZ2,20,12,12012,17,196,"S3_(0.50,0.75]",0.84,1,0.28,0.344262295081967,0.72,0.72,0.32,0.491803278688525,0.4,61,0,4
DTLZ2,20,12,12012,18,202,"S3_(0.50,0.75]",0.88,1,0.32,0.360655737704918,0.68,0.64,0.32,0.491803278688525,0.4,61,0,3
DTLZ2,20,12,12012,19,208,"S3_(0.50,0.75]",0.84,1,0.32,0.333333333333333,0.68,0.6,0.24,0.46031746031746,0.42,63,0,4
DTLZ2,20,12,12012,20,214,"S3_(0.50,0.75]",0.84,1,0.2,0.328125,0.72,0.64,0.36,0.546875,0.45,64,0,4
DTLZ2,20,12,12012,21,220,"S3_(0.50,0.75]",0.72,0.96,0.2,0.295081967213115,0.76,0.68,0.36,0.590163934426229,0.48,61,0,7
DTLZ2,20,12,12012,22,226,"S4_(0.75,1.00]",0.76,1,0.32,0.279411764705882,0.68,0.68,0.32,0.544117647058823,0.48,68,0,6
DTLZ2,20,12,12012,23,232,"S4_(0.75,1.00]",0.72,1,0.28,0.28125,0.72,0.72,0.36,0.546875,0.48,64,0,7
DTLZ2,20,12,12012,24,238,"S4_(0.75,1.00]",0.68,1,0.32,0.278688524590164,0.72,0.68,0.36,0.540983606557377,0.48,61,0,8
DTLZ2,20,12,12012,25,244,"S4_(0.75,1.00]",0.68,1,0.2,0.303571428571429,0.68,0.64,0.4,0.625,0.52,56,0,8
DTLZ2,20,12,12012,26,250,"S4_(0.75,1.00]",0.76,1,0.12,0.322033898305085,0.68,0.76,0.56,0.644067796610169,0.58,59,0,6
DTLZ2,20,12,12012,27,256,"S4_(0.75,1.00]",0.76,1,0.12,0.322033898305085,0.76,0.8,0.64,0.694915254237288,0.62,59,0,6
DTLZ2,20,12,12012,28,262,"S4_(0.75,1.00]",0.8,1,0.2,0.317460317460317,0.72,0.68,0.56,0.714285714285714,0.65,63,0,5
DTLZ2,20,12,12012,29,268,"S4_(0.75,1.00]",0.8,1,0.28,0.338983050847458,0.8,0.68,0.8,0.830508474576271,0.71,59,0,5
DTLZ2,20,12,12012,30,274,"S4_(0.75,1.00]",0.8,1,0.24,0.303030303030303,0.76,0.72,0.72,0.833333333333333,0.79,66,0,5
DTLZ2,20,12,12012,31,280,"S4_(0.75,1.00]",0.8,1,0.28,0.303030303030303,0.76,0.68,0.76,0.833333333333333,0.79,66,0,5
DTLZ2,20,12,12012,32,286,"S4_(0.75,1.00]",0.84,1,0.4,0.368421052631579,0.8,0.76,0.88,0.87719298245614,0.86,57,0,4
DTLZ2,20,12,12012,33,292,"S4_(0.75,1.00]",0.8,1,0.36,0.344827586206897,0.84,0.84,0.84,0.896551724137931,0.89,58,0,5
DTLZ2,20,12,12012,34,298,"S4_(0.75,1.00]",0.92,1,0.44,0.389830508474576,0.88,0.88,0.96,0.949152542372881,0.97,59,0,2
DTLZ2,20,13,12013,1,100,"S2_(0.25,0.50]",0.92,1,0.48,0.5,0.52,0.56,0.4,0.478260869565217,0.27,46,0,2
DTLZ2,20,13,12013,2,106,"S2_(0.25,0.50]",0.96,0.96,0.44,0.446428571428571,0.56,0.56,0.24,0.428571428571429,0.29,56,0,0
DTLZ2,20,13,12013,3,112,"S2_(0.25,0.50]",0.84,0.96,0.24,0.375,0.6,0.56,0.28,0.464285714285714,0.31,56,0,3
DTLZ2,20,13,12013,4,118,"S2_(0.25,0.50]",0.84,1,0.32,0.381818181818182,0.52,0.44,0.28,0.454545454545455,0.31,55,0,4
DTLZ2,20,13,12013,5,124,"S2_(0.25,0.50]",0.8,0.96,0.28,0.350877192982456,0.52,0.48,0.44,0.508771929824561,0.36,57,0,5
DTLZ2,20,13,12013,6,130,"S2_(0.25,0.50]",0.8,0.96,0.4,0.333333333333333,0.48,0.32,0.44,0.466666666666667,0.35,60,0,5
DTLZ2,20,13,12013,7,136,"S2_(0.25,0.50]",0.92,0.96,0.4,0.365079365079365,0.4,0.32,0.28,0.476190476190476,0.37,63,0,2
DTLZ2,20,13,12013,8,142,"S2_(0.25,0.50]",0.88,1,0.32,0.366666666666667,0.48,0.36,0.36,0.516666666666667,0.41,60,0,3
DTLZ2,20,13,12013,9,148,"S2_(0.25,0.50]",0.76,1,0.28,0.316666666666667,0.48,0.36,0.4,0.533333333333333,0.45,60,0,6
DTLZ2,20,13,12013,10,154,"S3_(0.50,0.75]",0.8,1,0.36,0.333333333333333,0.44,0.36,0.4,0.533333333333333,0.47,60,0,5
DTLZ2,20,13,12013,11,160,"S3_(0.50,0.75]",0.84,1,0.32,0.323076923076923,0.4,0.4,0.32,0.523076923076923,0.48,65,0,4
DTLZ2,20,13,12013,12,166,"S3_(0.50,0.75]",1,1,0.56,0.390625,0.4,0.4,0.44,0.546875,0.49,64,0,0
DTLZ2,20,13,12013,13,172,"S3_(0.50,0.75]",0.84,1,0.4,0.333333333333333,0.56,0.44,0.4,0.634920634920635,0.53,63,0,4
DTLZ2,20,13,12013,14,178,"S3_(0.50,0.75]",0.96,1,0.48,0.342857142857143,0.52,0.48,0.48,0.614285714285714,0.55,70,0,1
DTLZ2,20,13,12013,15,184,"S3_(0.50,0.75]",1,1,0.48,0.357142857142857,0.48,0.48,0.48,0.6,0.55,70,0,0
DTLZ2,20,13,12013,16,190,"S3_(0.50,0.75]",0.68,1,0.56,0.515151515151515,0.36,0.44,0.4,0.424242424242424,0.57,33,0,8
DTLZ2,20,13,12013,17,196,"S3_(0.50,0.75]",0.6,1,0.44,0.375,0.44,0.48,0.44,0.525,0.57,40,0,10
DTLZ2,20,13,12013,18,202,"S3_(0.50,0.75]",0.52,1,0.36,0.361111111111111,0.44,0.52,0.44,0.5,0.58,36,0,12
DTLZ2,20,13,12013,19,208,"S3_(0.50,0.75]",0.44,1,0.36,0.275,0.6,0.64,0.56,0.575,0.64,40,0,14
DTLZ2,20,13,12013,20,214,"S3_(0.50,0.75]",0.84,1,0.28,0.323076923076923,0.6,0.56,0.6,0.692307692307692,0.66,65,0,4
DTLZ2,20,13,12013,21,220,"S3_(0.50,0.75]",0.84,1,0.32,0.328125,0.68,0.68,0.56,0.75,0.71,64,0,4
DTLZ2,20,13,12013,22,226,"S4_(0.75,1.00]",0.52,1,0.48,0.393939393939394,0.6,0.68,0.68,0.666666666666667,0.73,33,0,12
DTLZ2,20,13,12013,23,232,"S4_(0.75,1.00]",0.4,1,0.36,0.32258064516129,0.72,0.72,0.8,0.741935483870968,0.74,31,0,15
DTLZ2,20,13,12013,24,238,"S4_(0.75,1.00]",0.48,1,0.48,0.342857142857143,0.68,0.76,0.72,0.742857142857143,0.76,35,0,13
DTLZ2,20,13,12013,25,244,"S4_(0.75,1.00]",0.48,1,0.44,0.342857142857143,0.72,0.72,0.72,0.771428571428571,0.78,35,0,13
DTLZ2,20,13,12013,26,250,"S4_(0.75,1.00]",0.52,1,0.48,0.40625,0.72,0.72,0.72,0.75,0.79,32,0,12
DTLZ2,20,13,12013,27,256,"S4_(0.75,1.00]",0.56,1,0.52,0.368421052631579,0.68,0.72,0.76,0.789473684210526,0.81,38,0,11
DTLZ2,20,13,12013,28,262,"S4_(0.75,1.00]",0.6,1,0.48,0.394736842105263,0.76,0.72,0.8,0.842105263157895,0.84,38,0,10
DTLZ2,20,13,12013,29,268,"S4_(0.75,1.00]",0.52,1,0.44,0.333333333333333,0.8,0.76,0.8,0.82051282051282,0.85,39,0,12
DTLZ2,20,13,12013,30,274,"S4_(0.75,1.00]",0.88,1,0.24,0.323529411764706,0.84,0.84,0.92,0.926470588235294,0.89,68,0,3
DTLZ2,20,13,12013,31,280,"S4_(0.75,1.00]",0.88,1,0.28,0.314285714285714,0.88,0.88,0.92,0.957142857142857,0.93,70,0,3
DTLZ2,20,13,12013,32,286,"S4_(0.75,1.00]",0.84,1,0.24,0.304347826086957,0.96,0.96,0.96,0.985507246376812,0.96,69,0,4
DTLZ2,20,13,12013,33,292,"S4_(0.75,1.00]",0.84,1,0.24,0.304347826086957,0.92,0.92,0.96,0.971014492753623,0.97,69,0,4
DTLZ2,20,13,12013,34,298,"S4_(0.75,1.00]",0.84,1,0.24,0.304347826086957,0.96,0.96,1,0.985507246376812,0.98,69,0,4
DTLZ2,20,14,12014,1,100,"S2_(0.25,0.50]",0.96,0.96,0.4,0.5,0.28,0.28,0.12,0.229166666666667,0.11,48,0,1
DTLZ2,20,14,12014,2,106,"S2_(0.25,0.50]",0.96,0.96,0.4,0.5,0.36,0.36,0.16,0.291666666666667,0.14,48,0,1
DTLZ2,20,14,12014,3,112,"S2_(0.25,0.50]",0.88,0.96,0.48,0.44,0.24,0.28,0,0.2,0.14,50,0,3
DTLZ2,20,14,12014,4,118,"S2_(0.25,0.50]",0.84,1,0.36,0.411764705882353,0.28,0.32,0.08,0.215686274509804,0.16,51,0,4
DTLZ2,20,14,12014,5,124,"S2_(0.25,0.50]",0.96,1,0.32,0.380952380952381,0.4,0.4,0.16,0.253968253968254,0.19,63,0,1
DTLZ2,20,14,12014,6,130,"S2_(0.25,0.50]",0.92,1,0.44,0.425925925925926,0.52,0.48,0.28,0.37037037037037,0.24,54,0,2
DTLZ2,20,14,12014,7,136,"S2_(0.25,0.50]",1,1,0.44,0.416666666666667,0.44,0.44,0.2,0.366666666666667,0.26,60,0,0
DTLZ2,20,14,12014,8,142,"S2_(0.25,0.50]",0.88,1,0.36,0.385964912280702,0.48,0.4,0.32,0.403508771929825,0.29,57,0,3
DTLZ2,20,14,12014,9,148,"S2_(0.25,0.50]",0.96,1,0.4,0.452830188679245,0.44,0.44,0.52,0.452830188679245,0.32,53,0,1
DTLZ2,20,14,12014,10,154,"S3_(0.50,0.75]",0.88,1,0.28,0.372881355932203,0.52,0.52,0.4,0.457627118644068,0.35,59,0,3
DTLZ2,20,14,12014,11,160,"S3_(0.50,0.75]",0.88,1,0.28,0.379310344827586,0.52,0.52,0.52,0.53448275862069,0.37,58,0,3
DTLZ2,20,14,12014,12,166,"S3_(0.50,0.75]",0.84,1,0.08,0.344262295081967,0.56,0.44,0.52,0.524590163934426,0.38,61,0,4
DTLZ2,20,14,12014,13,172,"S3_(0.50,0.75]",0.88,1,0.12,0.338461538461538,0.44,0.4,0.48,0.507692307692308,0.4,65,0,3
DTLZ2,20,14,12014,14,178,"S3_(0.50,0.75]",0.84,1,0.08,0.333333333333333,0.44,0.36,0.52,0.523809523809524,0.41,63,0,4
DTLZ2,20,14,12014,15,184,"S3_(0.50,0.75]",0.84,1,0.12,0.318181818181818,0.52,0.44,0.44,0.545454545454545,0.45,66,0,4
DTLZ2,20,14,12014,16,190,"S3_(0.50,0.75]",0.32,0.96,0.16,0.222222222222222,0.56,0.4,0.6,0.555555555555556,0.47,36,0,16
DTLZ2,20,14,12014,17,196,"S3_(0.50,0.75]",0.32,0.96,0.24,0.258064516129032,0.6,0.4,0.56,0.580645161290323,0.5,31,0,16
DTLZ2,20,14,12014,18,202,"S3_(0.50,0.75]",0.4,0.96,0.16,0.27027027027027,0.48,0.4,0.52,0.540540540540541,0.51,37,0,16
DTLZ2,20,14,12014,19,208,"S3_(0.50,0.75]",0.44,1,0.2,0.297297297297297,0.4,0.44,0.52,0.513513513513513,0.55,37,0,14
DTLZ2,20,14,12014,20,214,"S3_(0.50,0.75]",0.84,1,0.24,0.313432835820896,0.48,0.48,0.52,0.626865671641791,0.56,67,0,4
DTLZ2,20,14,12014,21,220,"S3_(0.50,0.75]",0.84,1,0.24,0.318181818181818,0.6,0.52,0.6,0.666666666666667,0.58,66,0,4
DTLZ2,20,14,12014,22,226,"S4_(0.75,1.00]",0.84,1,0.24,0.308823529411765,0.56,0.52,0.6,0.661764705882353,0.59,68,0,4
DTLZ2,20,14,12014,23,232,"S4_(0.75,1.00]",0.44,1,0.2,0.305555555555556,0.6,0.56,0.68,0.638888888888889,0.63,36,0,14
DTLZ2,20,14,12014,24,238,"S4_(0.75,1.00]",0.4,0.96,0.24,0.32258064516129,0.72,0.56,0.76,0.741935483870968,0.65,31,0,15
DTLZ2,20,14,12014,25,244,"S4_(0.75,1.00]",0.4,1,0.24,0.333333333333333,0.72,0.52,0.76,0.733333333333333,0.64,30,0,15
DTLZ2,20,14,12014,26,250,"S4_(0.75,1.00]",0.48,0.96,0.32,0.387096774193548,0.68,0.52,0.68,0.709677419354839,0.65,31,0,13
DTLZ2,20,14,12014,27,256,"S4_(0.75,1.00]",1,1,0.48,0.36231884057971,0.56,0.56,0.64,0.72463768115942,0.67,69,0,0
DTLZ2,20,14,12014,28,262,"S4_(0.75,1.00]",0.52,1,0.24,0.371428571428571,0.68,0.6,0.72,0.742857142857143,0.7,35,0,12
DTLZ2,20,14,12014,29,268,"S4_(0.75,1.00]",0.88,1,0.28,0.323529411764706,0.72,0.64,0.68,0.794117647058823,0.76,68,0,3
DTLZ2,20,14,12014,30,274,"S4_(0.75,1.00]",0.88,1,0.24,0.323529411764706,0.76,0.68,0.84,0.852941176470588,0.78,68,0,3
DTLZ2,20,14,12014,31,280,"S4_(0.75,1.00]",0.88,1,0.32,0.328358208955224,0.76,0.68,0.8,0.850746268656716,0.79,67,0,3
DTLZ2,20,14,12014,32,286,"S4_(0.75,1.00]",0.88,1,0.32,0.333333333333333,0.8,0.72,0.84,0.863636363636364,0.8,66,0,3
DTLZ2,20,14,12014,33,292,"S4_(0.75,1.00]",0.96,1,0.36,0.352941176470588,0.8,0.8,0.76,0.867647058823529,0.83,68,0,1
DTLZ2,20,14,12014,34,298,"S4_(0.75,1.00]",0.84,1,0.28,0.308823529411765,0.92,0.92,0.92,0.911764705882353,0.89,68,0,4
DTLZ2,20,15,12015,1,100,"S2_(0.25,0.50]",0.84,0.96,0.4,0.42,0.36,0.36,0.24,0.22,0.16,50,0,4
DTLZ2,20,15,12015,2,106,"S2_(0.25,0.50]",0.88,1,0.36,0.415094339622642,0.52,0.44,0.24,0.30188679245283,0.2,53,0,3
DTLZ2,20,15,12015,3,112,"S2_(0.25,0.50]",0.92,1,0.28,0.442307692307692,0.48,0.48,0.28,0.307692307692308,0.22,52,0,2
DTLZ2,20,15,12015,4,118,"S2_(0.25,0.50]",0.88,0.96,0.32,0.392857142857143,0.52,0.44,0.32,0.321428571428571,0.23,56,0,3
DTLZ2,20,15,12015,5,124,"S2_(0.25,0.50]",0.88,1,0.48,0.323529411764706,0.48,0.36,0.36,0.323529411764706,0.26,68,0,3
DTLZ2,20,15,12015,6,130,"S2_(0.25,0.50]",0.96,1,0.4,0.347826086956522,0.32,0.36,0.32,0.333333333333333,0.28,69,0,1
DTLZ2,20,15,12015,7,136,"S2_(0.25,0.50]",0.96,1,0.36,0.347826086956522,0.28,0.32,0.36,0.289855072463768,0.28,69,0,1
DTLZ2,20,15,12015,8,142,"S2_(0.25,0.50]",0.96,1,0.32,0.358208955223881,0.28,0.24,0.48,0.343283582089552,0.3,67,0,1
DTLZ2,20,15,12015,9,148,"S2_(0.25,0.50]",0.96,1,0.32,0.352941176470588,0.24,0.24,0.44,0.338235294117647,0.3,68,0,1
DTLZ2,20,15,12015,10,154,"S3_(0.50,0.75]",0.92,0.92,0.32,0.352941176470588,0.32,0.32,0.4,0.338235294117647,0.32,68,0,1
DTLZ2,20,15,12015,11,160,"S3_(0.50,0.75]",0.92,0.92,0.24,0.363636363636364,0.36,0.32,0.36,0.378787878787879,0.35,66,0,1
DTLZ2,20,15,12015,12,166,"S3_(0.50,0.75]",0.84,1,0.24,0.318181818181818,0.36,0.28,0.36,0.363636363636364,0.34,66,0,4
DTLZ2,20,15,12015,13,172,"S3_(0.50,0.75]",0.84,1,0.2,0.344262295081967,0.32,0.32,0.44,0.426229508196721,0.36,61,0,4
DTLZ2,20,15,12015,14,178,"S3_(0.50,0.75]",0.76,1,0.16,0.306451612903226,0.48,0.36,0.52,0.451612903225806,0.37,62,0,6
DTLZ2,20,15,12015,15,184,"S3_(0.50,0.75]",0.8,0.92,0.16,0.333333333333333,0.56,0.4,0.56,0.483333333333333,0.39,60,0,7
DTLZ2,20,15,12015,16,190,"S3_(0.50,0.75]",0.36,1,0.28,0.3,0.32,0.44,0.28,0.3,0.39,30,0,16
DTLZ2,20,15,12015,17,196,"S3_(0.50,0.75]",0.84,1,0.36,0.3,0.44,0.4,0.4,0.428571428571429,0.41,70,0,4
DTLZ2,20,15,12015,18,202,"S3_(0.50,0.75]",0.84,1,0.28,0.375,0.44,0.56,0.48,0.535714285714286,0.43,56,0,4
DTLZ2,20,15,12015,19,208,"S3_(0.50,0.75]",0.88,1,0.28,0.349206349206349,0.64,0.68,0.52,0.555555555555556,0.46,63,0,3
DTLZ2,20,15,12015,20,214,"S3_(0.50,0.75]",0.84,1,0.16,0.35,0.56,0.64,0.44,0.5,0.48,60,0,4
DTLZ2,20,15,12015,21,220,"S3_(0.50,0.75]",0.84,1,0.32,0.362068965517241,0.64,0.68,0.6,0.568965517241379,0.51,58,0,4
DTLZ2,20,15,12015,22,226,"S4_(0.75,1.00]",0.8,1,0.32,0.344827586206897,0.64,0.68,0.68,0.586206896551724,0.51,58,0,5
DTLZ2,20,15,12015,23,232,"S4_(0.75,1.00]",0.72,1,0.36,0.321428571428571,0.72,0.68,0.72,0.642857142857143,0.56,56,0,7
DTLZ2,20,15,12015,24,238,"S4_(0.75,1.00]",0.84,1,0.4,0.355932203389831,0.8,0.72,0.88,0.694915254237288,0.59,59,0,4
DTLZ2,20,15,12015,25,244,"S4_(0.75,1.00]",0.84,1,0.36,0.338709677419355,0.8,0.8,0.84,0.693548387096774,0.63,62,0,4
DTLZ2,20,15,12015,26,250,"S4_(0.75,1.00]",0.84,1,0.36,0.338709677419355,0.84,0.8,0.92,0.725806451612903,0.65,62,0,4
DTLZ2,20,15,12015,27,256,"S4_(0.75,1.00]",0.84,1,0.24,0.344262295081967,0.84,0.84,0.84,0.786885245901639,0.7,61,0,4
DTLZ2,20,15,12015,28,262,"S4_(0.75,1.00]",0.68,1,0.2,0.278688524590164,0.76,0.8,0.96,0.852459016393443,0.79,61,0,8
DTLZ2,20,15,12015,29,268,"S4_(0.75,1.00]",0.68,1,0.2,0.278688524590164,0.76,0.8,0.96,0.852459016393443,0.79,61,0,8
DTLZ2,20,15,12015,30,274,"S4_(0.75,1.00]",0.76,1,0.16,0.27536231884058,0.76,0.8,0.76,0.797101449275362,0.8,69,0,6
DTLZ2,20,15,12015,31,280,"S4_(0.75,1.00]",0.76,1,0.2,0.296875,0.84,0.84,0.88,0.890625,0.84,64,0,6
DTLZ2,20,15,12015,32,286,"S4_(0.75,1.00]",0.88,1,0.32,0.323529411764706,0.84,0.8,0.92,0.897058823529412,0.87,68,0,3
DTLZ2,20,15,12015,33,292,"S4_(0.75,1.00]",0.96,1,0.32,0.352941176470588,0.92,0.92,0.92,0.955882352941177,0.96,68,0,1
DTLZ2,20,15,12015,34,298,"S4_(0.75,1.00]",0.96,1,0.32,0.342857142857143,0.96,0.96,1,0.985714285714286,0.99,70,0,1
DTLZ2,20,16,12016,1,100,"S2_(0.25,0.50]",0.84,0.96,0.4,0.446808510638298,0.28,0.32,0.32,0.297872340425532,0.17,47,0,4
DTLZ2,20,16,12016,2,106,"S2_(0.25,0.50]",0.92,0.96,0.48,0.479166666666667,0.28,0.28,0.24,0.333333333333333,0.19,48,0,2
DTLZ2,20,16,12016,3,112,"S2_(0.25,0.50]",0.88,0.96,0.32,0.4,0.28,0.24,0.2,0.309090909090909,0.19,55,0,4
DTLZ2,20,16,12016,4,118,"S2_(0.25,0.50]",0.88,1,0.28,0.407407407407407,0.28,0.2,0.12,0.277777777777778,0.2,54,0,3
DTLZ2,20,16,12016,5,124,"S2_(0.25,0.50]",0.88,0.92,0.2,0.360655737704918,0.28,0.28,0.16,0.295081967213115,0.22,61,0,2
DTLZ2,20,16,12016,6,130,"S2_(0.25,0.50]",0.88,0.92,0.24,0.425925925925926,0.28,0.32,0.24,0.333333333333333,0.25,54,0,2
DTLZ2,20,16,12016,7,136,"S2_(0.25,0.50]",0.8,0.96,0.28,0.350877192982456,0.32,0.24,0.16,0.350877192982456,0.26,57,0,4
DTLZ2,20,16,12016,8,142,"S2_(0.25,0.50]",0.8,0.92,0.28,0.350877192982456,0.24,0.2,0.16,0.315789473684211,0.25,57,0,5
DTLZ2,20,16,12016,9,148,"S2_(0.25,0.50]",0.84,1,0.24,0.35,0.32,0.24,0.24,0.366666666666667,0.28,60,0,4
DTLZ2,20,16,12016,10,154,"S3_(0.50,0.75]",0.8,1,0.2,0.333333333333333,0.32,0.28,0.28,0.4,0.29,60,0,5
DTLZ2,20,16,12016,11,160,"S3_(0.50,0.75]",0.76,1,0.24,0.316666666666667,0.4,0.32,0.32,0.433333333333333,0.32,60,0,6
DTLZ2,20,16,12016,12,166,"S3_(0.50,0.75]",0.8,0.96,0.36,0.317460317460317,0.4,0.32,0.32,0.428571428571429,0.34,63,0,5
DTLZ2,20,16,12016,13,172,"S3_(0.50,0.75]",0.8,0.96,0.32,0.317460317460317,0.48,0.32,0.4,0.476190476190476,0.37,63,0,5
DTLZ2,20,16,12016,14,178,"S3_(0.50,0.75]",0.84,0.96,0.32,0.35,0.48,0.32,0.44,0.5,0.41,60,0,5
DTLZ2,20,16,12016,15,184,"S3_(0.50,0.75]",0.8,1,0.36,0.338983050847458,0.52,0.4,0.48,0.542372881355932,0.45,59,0,5
DTLZ2,20,16,12016,16,190,"S3_(0.50,0.75]",0.92,0.96,0.44,0.370967741935484,0.4,0.4,0.32,0.516129032258065,0.46,62,0,1
DTLZ2,20,16,12016,17,196,"S3_(0.50,0.75]",0.88,0.96,0.44,0.354838709677419,0.48,0.4,0.4,0.548387096774194,0.47,62,0,3
DTLZ2,20,16,12016,18,202,"S3_(0.50,0.75]",0.92,1,0.36,0.353846153846154,0.56,0.48,0.36,0.6,0.51,65,0,2
DTLZ2,20,16,12016,19,208,"S3_(0.50,0.75]",0.88,1,0.44,0.360655737704918,0.52,0.48,0.28,0.590163934426229,0.52,61,0,3
DTLZ2,20,16,12016,20,214,"S3_(0.50,0.75]",0.88,1,0.36,0.34375,0.48,0.44,0.4,0.5625,0.52,64,0,3
DTLZ2,20,16,12016,21,220,"S3_(0.50,0.75]",0.88,1,0.32,0.338461538461538,0.56,0.52,0.44,0.584615384615385,0.55,65,0,3
DTLZ2,20,16,12016,22,226,"S4_(0.75,1.00]",0.96,1,0.28,0.363636363636364,0.56,0.6,0.44,0.606060606060606,0.57,66,0,1
DTLZ2,20,16,12016,23,232,"S4_(0.75,1.00]",0.84,1,0.32,0.338709677419355,0.6,0.6,0.36,0.645161290322581,0.61,62,0,4
DTLZ2,20,16,12016,24,238,"S4_(0.75,1.00]",0.88,1,0.2,0.333333333333333,0.72,0.68,0.44,0.712121212121212,0.65,66,0,3
DTLZ2,20,16,12016,25,244,"S4_(0.75,1.00]",0.84,1,0.2,0.323076923076923,0.72,0.72,0.44,0.723076923076923,0.66,65,0,4
DTLZ2,20,16,12016,26,250,"S4_(0.75,1.00]",0.84,1,0.32,0.323076923076923,0.76,0.68,0.44,0.738461538461539,0.66,65,0,4
DTLZ2,20,16,12016,27,256,"S4_(0.75,1.00]",0.84,1,0.36,0.333333333333333,0.72,0.68,0.52,0.761904761904762,0.67,63,0,4
DTLZ2,20,16,12016,28,262,"S4_(0.75,1.00]",0.68,1,0.12,0.253731343283582,0.76,0.64,0.76,0.82089552238806,0.77,67,0,8
DTLZ2,20,16,12016,29,268,"S4_(0.75,1.00]",0.84,1,0.16,0.308823529411765,0.8,0.76,0.76,0.823529411764706,0.82,68,0,4
DTLZ2,20,16,12016,30,274,"S4_(0.75,1.00]",0.88,1,0.2,0.323529411764706,0.8,0.8,0.8,0.838235294117647,0.85,68,0,3
DTLZ2,20,16,12016,31,280,"S4_(0.75,1.00]",0.44,0.96,0.24,0.34375,0.68,0.76,0.76,0.71875,0.86,32,0,14
DTLZ2,20,16,12016,32,286,"S4_(0.75,1.00]",0.56,1,0.36,0.466666666666667,0.8,0.76,0.84,0.8,0.89,30,0,11
DTLZ2,20,16,12016,33,292,"S4_(0.75,1.00]",0.92,1,0.44,0.333333333333333,0.88,0.84,0.92,0.927536231884058,0.93,69,0,2
DTLZ2,20,16,12016,34,298,"S4_(0.75,1.00]",0.84,1,0.32,0.323076923076923,0.96,0.96,0.96,0.984615384615385,0.99,65,0,4
DTLZ2,20,17,12017,1,100,"S2_(0.25,0.50]",0.72,0.84,0.36,0.404255319148936,0.24,0.24,0.16,0.148936170212766,0.1,47,0,5
DTLZ2,20,17,12017,2,106,"S2_(0.25,0.50]",0.76,0.84,0.36,0.456521739130435,0.16,0.2,0.08,0.173913043478261,0.11,46,0,5
DTLZ2,20,17,12017,3,112,"S2_(0.25,0.50]",0.8,0.92,0.36,0.466666666666667,0.2,0.28,0.16,0.155555555555556,0.12,45,0,6
DTLZ2,20,17,12017,4,118,"S2_(0.25,0.50]",0.88,0.96,0.36,0.488888888888889,0.24,0.32,0.16,0.177777777777778,0.14,45,0,4
DTLZ2,20,17,12017,5,124,"S2_(0.25,0.50]",0.88,0.92,0.44,0.5,0.32,0.36,0.24,0.227272727272727,0.15,44,0,4
DTLZ2,20,17,12017,6,130,"S2_(0.25,0.50]",0.8,0.96,0.48,0.434782608695652,0.32,0.36,0.2,0.239130434782609,0.16,46,0,5
DTLZ2,20,17,12017,7,136,"S2_(0.25,0.50]",0.8,0.92,0.52,0.408163265306122,0.4,0.4,0.28,0.26530612244898,0.19,49,0,5
DTLZ2,20,17,12017,8,142,"S2_(0.25,0.50]",0.72,1,0.44,0.36,0.44,0.4,0.24,0.3,0.23,50,0,7
DTLZ2,20,17,12017,9,148,"S2_(0.25,0.50]",0.8,0.92,0.32,0.377358490566038,0.4,0.4,0.16,0.30188679245283,0.24,53,0,3
DTLZ2,20,17,12017,10,154,"S3_(0.50,0.75]",0.8,0.92,0.32,0.344827586206897,0.4,0.44,0.2,0.293103448275862,0.25,58,0,4
DTLZ2,20,17,12017,11,160,"S3_(0.50,0.75]",0.84,0.92,0.4,0.344262295081967,0.4,0.4,0.2,0.311475409836066,0.27,61,0,3
DTLZ2,20,17,12017,12,166,"S3_(0.50,0.75]",0.84,0.96,0.36,0.333333333333333,0.44,0.44,0.24,0.317460317460317,0.29,63,0,3
DTLZ2,20,17,12017,13,172,"S3_(0.50,0.75]",0.84,0.88,0.32,0.368421052631579,0.52,0.48,0.28,0.403508771929825,0.32,57,0,3
DTLZ2,20,17,12017,14,178,"S3_(0.50,0.75]",0.84,0.88,0.36,0.333333333333333,0.52,0.56,0.28,0.378787878787879,0.35,66,0,3
DTLZ2,20,17,12017,15,184,"S3_(0.50,0.75]",0.88,0.96,0.36,0.323529411764706,0.56,0.6,0.2,0.426470588235294,0.38,68,0,3
DTLZ2,20,17,12017,16,190,"S3_(0.50,0.75]",0.92,0.96,0.28,0.338235294117647,0.6,0.56,0.16,0.441176470588235,0.4,68,0,1
DTLZ2,20,17,12017,17,196,"S3_(0.50,0.75]",0.72,0.96,0.24,0.305084745762712,0.52,0.6,0.28,0.457627118644068,0.42,59,0,7
DTLZ2,20,17,12017,18,202,"S3_(0.50,0.75]",0.72,0.96,0.28,0.315789473684211,0.56,0.6,0.32,0.508771929824561,0.41,57,0,6
DTLZ2,20,17,12017,19,208,"S3_(0.50,0.75]",0.8,1,0.36,0.363636363636364,0.52,0.6,0.32,0.490909090909091,0.42,55,0,5
DTLZ2,20,17,12017,20,214,"S3_(0.50,0.75]",0.8,0.96,0.4,0.37037037037037,0.52,0.68,0.36,0.5,0.44,54,0,4
DTLZ2,20,17,12017,21,220,"S3_(0.50,0.75]",0.8,0.96,0.2,0.32258064516129,0.56,0.6,0.12,0.435483870967742,0.45,62,0,4
DTLZ2,20,17,12017,22,226,"S4_(0.75,1.00]",0.88,1,0.4,0.385964912280702,0.6,0.6,0.36,0.56140350877193,0.5,57,0,3
DTLZ2,20,17,12017,23,232,"S4_(0.75,1.00]",0.8,1,0.28,0.333333333333333,0.68,0.6,0.44,0.55,0.52,60,0,5
DTLZ2,20,17,12017,24,238,"S4_(0.75,1.00]",0.8,1,0.52,0.357142857142857,0.56,0.56,0.48,0.535714285714286,0.53,56,0,5
DTLZ2,20,17,12017,25,244,"S4_(0.75,1.00]",0.84,1,0.36,0.368421052631579,0.72,0.68,0.52,0.649122807017544,0.53,57,0,4
DTLZ2,20,17,12017,26,250,"S4_(0.75,1.00]",0.84,1,0.32,0.362068965517241,0.8,0.76,0.68,0.741379310344828,0.6,58,0,4
DTLZ2,20,17,12017,27,256,"S4_(0.75,1.00]",0.8,0.88,0.36,0.350877192982456,0.88,0.84,0.76,0.754385964912281,0.62,57,0,4
DTLZ2,20,17,12017,28,262,"S4_(0.75,1.00]",0.84,0.88,0.44,0.355932203389831,0.92,0.88,0.72,0.779661016949153,0.64,59,0,5
DTLZ2,20,17,12017,29,268,"S4_(0.75,1.00]",0.88,0.88,0.48,0.372881355932203,0.88,0.88,0.76,0.813559322033898,0.65,59,0,3
DTLZ2,20,17,12017,30,274,"S4_(0.75,1.00]",0.84,0.88,0.48,0.377049180327869,0.88,0.88,0.8,0.836065573770492,0.71,61,0,2
DTLZ2,20,17,12017,31,280,"S4_(0.75,1.00]",0.8,0.88,0.44,0.350877192982456,0.96,0.92,0.88,0.87719298245614,0.73,57,0,6
DTLZ2,20,17,12017,32,286,"S4_(0.75,1.00]",0.76,0.76,0.44,0.314285714285714,0.96,0.96,0.88,0.9,0.88,70,0,2
DTLZ2,20,17,12017,33,292,"S4_(0.75,1.00]",0.72,0.76,0.44,0.304347826086957,0.92,0.96,0.92,0.927536231884058,0.9,69,0,3
DTLZ2,20,17,12017,34,298,"S4_(0.75,1.00]",0.72,0.68,0.48,0.344262295081967,1,1,1,1,1,61,0,2
DTLZ2,20,18,12018,1,100,"S2_(0.25,0.50]",0.76,0.8,0.4,0.42,0.12,0.08,0.12,0.14,0.09,50,0,4
DTLZ2,20,18,12018,2,106,"S2_(0.25,0.50]",0.8,0.8,0.44,0.428571428571429,0.16,0.12,0.12,0.163265306122449,0.1,49,0,6
DTLZ2,20,18,12018,3,112,"S2_(0.25,0.50]",0.8,0.84,0.32,0.388888888888889,0.12,0.12,0.12,0.185185185185185,0.11,54,0,6
DTLZ2,20,18,12018,4,118,"S2_(0.25,0.50]",0.88,0.88,0.36,0.4,0.16,0.16,0.12,0.181818181818182,0.12,55,0,4
DTLZ2,20,18,12018,5,124,"S2_(0.25,0.50]",0.76,0.92,0.32,0.377358490566038,0.2,0.24,0.12,0.188679245283019,0.15,53,0,5
DTLZ2,20,18,12018,6,130,"S2_(0.25,0.50]",0.76,0.88,0.2,0.345454545454545,0.2,0.24,0.08,0.181818181818182,0.15,55,0,6
DTLZ2,20,18,12018,7,136,"S2_(0.25,0.50]",0.76,0.84,0.24,0.358490566037736,0.24,0.28,0.12,0.207547169811321,0.17,53,0,5
DTLZ2,20,18,12018,8,142,"S2_(0.25,0.50]",0.8,0.8,0.24,0.333333333333333,0.28,0.28,0.16,0.222222222222222,0.17,63,0,4
DTLZ2,20,18,12018,9,148,"S2_(0.25,0.50]",0.84,0.76,0.24,0.366666666666667,0.28,0.24,0.28,0.233333333333333,0.18,60,0,5
DTLZ2,20,18,12018,10,154,"S3_(0.50,0.75]",0.76,0.8,0.24,0.344827586206897,0.28,0.28,0.28,0.241379310344828,0.19,58,0,6
DTLZ2,20,18,12018,11,160,"S3_(0.50,0.75]",0.72,0.8,0.32,0.382978723404255,0.32,0.4,0.24,0.276595744680851,0.2,47,0,7
DTLZ2,20,18,12018,12,166,"S3_(0.50,0.75]",0.76,0.88,0.32,0.365384615384615,0.44,0.48,0.28,0.326923076923077,0.24,52,0,5
DTLZ2,20,18,12018,13,172,"S3_(0.50,0.75]",0.84,0.88,0.36,0.344262295081967,0.52,0.44,0.28,0.327868852459016,0.26,61,0,3
DTLZ2,20,18,12018,14,178,"S3_(0.50,0.75]",0.88,0.92,0.24,0.354838709677419,0.52,0.44,0.24,0.338709677419355,0.3,62,0,4
DTLZ2,20,18,12018,15,184,"S3_(0.50,0.75]",0.8,0.88,0.28,0.317460317460317,0.48,0.44,0.24,0.333333333333333,0.31,63,0,5
DTLZ2,20,18,12018,16,190,"S3_(0.50,0.75]",0.64,0.88,0.24,0.290909090909091,0.44,0.44,0.32,0.381818181818182,0.35,55,0,12
DTLZ2,20,18,12018,17,196,"S3_(0.50,0.75]",0.64,0.92,0.16,0.271186440677966,0.52,0.52,0.24,0.423728813559322,0.38,59,0,11
DTLZ2,20,18,12018,18,202,"S3_(0.50,0.75]",0.76,1,0.24,0.339285714285714,0.56,0.48,0.44,0.553571428571429,0.4,56,0,6
DTLZ2,20,18,12018,19,208,"S3_(0.50,0.75]",0.72,1,0.16,0.315789473684211,0.52,0.48,0.48,0.526315789473684,0.43,57,0,7
DTLZ2,20,18,12018,20,214,"S3_(0.50,0.75]",0.72,1,0.2,0.310344827586207,0.56,0.48,0.44,0.53448275862069,0.44,58,0,7
DTLZ2,20,18,12018,21,220,"S3_(0.50,0.75]",0.68,1,0.2,0.314814814814815,0.68,0.6,0.44,0.592592592592593,0.48,54,0,8
DTLZ2,20,18,12018,22,226,"S4_(0.75,1.00]",0.68,1,0.2,0.303571428571429,0.72,0.64,0.56,0.642857142857143,0.52,56,0,8
DTLZ2,20,18,12018,23,232,"S4_(0.75,1.00]",0.6,1,0.08,0.294117647058824,0.72,0.68,0.6,0.666666666666667,0.55,51,0,10
DTLZ2,20,18,12018,24,238,"S4_(0.75,1.00]",0.56,1,0.12,0.28,0.76,0.68,0.64,0.72,0.58,50,0,11
DTLZ2,20,18,12018,25,244,"S4_(0.75,1.00]",0.6,1,0.12,0.306122448979592,0.76,0.68,0.64,0.73469387755102,0.58,49,0,10
DTLZ2,20,18,12018,26,250,"S4_(0.75,1.00]",0.88,1,0.16,0.333333333333333,0.72,0.76,0.64,0.681818181818182,0.63,66,0,3
DTLZ2,20,18,12018,27,256,"S4_(0.75,1.00]",0.88,1,0.2,0.34375,0.8,0.8,0.72,0.703125,0.65,64,0,3
DTLZ2,20,18,12018,28,262,"S4_(0.75,1.00]",0.8,1,0.28,0.344827586206897,0.84,0.8,0.72,0.775862068965517,0.69,58,0,5
DTLZ2,20,18,12018,29,268,"S4_(0.75,1.00]",0.8,1,0.36,0.338983050847458,0.88,0.84,0.8,0.847457627118644,0.73,59,0,5
DTLZ2,20,18,12018,30,274,"S4_(0.75,1.00]",0.84,1,0.36,0.362068965517241,0.88,0.84,0.8,0.879310344827586,0.79,58,0,4
DTLZ2,20,18,12018,31,280,"S4_(0.75,1.00]",0.84,1,0.32,0.338709677419355,0.88,0.88,0.84,0.887096774193548,0.83,62,0,4
DTLZ2,20,18,12018,32,286,"S4_(0.75,1.00]",0.76,1,0.28,0.316666666666667,0.92,0.92,0.92,0.933333333333333,0.87,60,0,6
DTLZ2,20,18,12018,33,292,"S4_(0.75,1.00]",0.8,1,0.4,0.338983050847458,0.96,0.96,0.92,0.949152542372881,0.93,59,0,5
DTLZ2,20,18,12018,34,298,"S4_(0.75,1.00]",0.76,1,0.32,0.327586206896552,1,1,0.96,0.982758620689655,0.98,58,0,6
DTLZ2,20,19,12019,1,100,"S2_(0.25,0.50]",0.96,1,0.48,0.521739130434783,0.24,0.24,0.16,0.217391304347826,0.18,46,0,1
DTLZ2,20,19,12019,2,106,"S2_(0.25,0.50]",0.92,0.96,0.52,0.5,0.28,0.28,0.28,0.270833333333333,0.21,48,0,1
DTLZ2,20,19,12019,3,112,"S2_(0.25,0.50]",0.88,1,0.48,0.468085106382979,0.36,0.4,0.32,0.276595744680851,0.25,47,0,3
DTLZ2,20,19,12019,4,118,"S2_(0.25,0.50]",0.92,0.96,0.48,0.433962264150943,0.36,0.32,0.32,0.30188679245283,0.25,53,0,2
DTLZ2,20,19,12019,5,124,"S2_(0.25,0.50]",0.84,1,0.36,0.39622641509434,0.32,0.28,0.28,0.245283018867925,0.25,53,0,4
DTLZ2,20,19,12019,6,130,"S2_(0.25,0.50]",0.84,1,0.28,0.368421052631579,0.4,0.4,0.24,0.298245614035088,0.28,57,0,4
DTLZ2,20,19,12019,7,136,"S2_(0.25,0.50]",0.64,0.96,0.2,0.296296296296296,0.36,0.36,0.36,0.314814814814815,0.28,54,0,8
DTLZ2,20,19,12019,8,142,"S2_(0.25,0.50]",0.64,1,0.16,0.271186440677966,0.4,0.4,0.28,0.288135593220339,0.29,59,0,9
DTLZ2,20,19,12019,9,148,"S2_(0.25,0.50]",0.8,0.96,0.24,0.375,0.48,0.48,0.48,0.410714285714286,0.36,56,0,4
DTLZ2,20,19,12019,10,154,"S3_(0.50,0.75]",0.72,1,0.28,0.36734693877551,0.6,0.52,0.48,0.530612244897959,0.38,49,0,7
DTLZ2,20,19,12019,11,160,"S3_(0.50,0.75]",0.72,1,0.32,0.352941176470588,0.56,0.44,0.48,0.529411764705882,0.41,51,0,7
DTLZ2,20,19,12019,12,166,"S3_(0.50,0.75]",0.68,0.96,0.28,0.288135593220339,0.64,0.6,0.56,0.542372881355932,0.46,59,0,8
DTLZ2,20,19,12019,13,172,"S3_(0.50,0.75]",0.68,1,0.24,0.274193548387097,0.6,0.64,0.64,0.548387096774194,0.48,62,0,8
DTLZ2,20,19,12019,14,178,"S3_(0.50,0.75]",0.64,1,0.24,0.253968253968254,0.6,0.68,0.64,0.555555555555556,0.5,63,0,9
DTLZ2,20,19,12019,15,184,"S3_(0.50,0.75]",0.64,0.96,0.24,0.258064516129032,0.6,0.72,0.64,0.564516129032258,0.5,62,0,10
DTLZ2,20,19,12019,16,190,"S3_(0.50,0.75]",0.72,0.96,0.24,0.285714285714286,0.68,0.68,0.64,0.587301587301587,0.51,63,0,8
DTLZ2,20,19,12019,17,196,"S3_(0.50,0.75]",0.72,1,0.28,0.327272727272727,0.76,0.72,0.72,0.672727272727273,0.58,55,0,7
DTLZ2,20,19,12019,18,202,"S3_(0.50,0.75]",0.84,0.96,0.32,0.355932203389831,0.72,0.68,0.72,0.661016949152542,0.59,59,0,3
DTLZ2,20,19,12019,19,208,"S3_(0.50,0.75]",0.84,1,0.24,0.35,0.72,0.72,0.68,0.733333333333333,0.64,60,0,4
DTLZ2,20,19,12019,20,214,"S3_(0.50,0.75]",0.88,1,0.28,0.379310344827586,0.72,0.76,0.76,0.758620689655172,0.66,58,0,3
DTLZ2,20,19,12019,21,220,"S3_(0.50,0.75]",0.76,1,0.24,0.327586206896552,0.76,0.84,0.72,0.758620689655172,0.68,58,0,6
DTLZ2,20,19,12019,22,226,"S4_(0.75,1.00]",0.72,1,0.28,0.290322580645161,0.72,0.72,0.72,0.741935483870968,0.68,62,0,7
DTLZ2,20,19,12019,23,232,"S4_(0.75,1.00]",0.76,1,0.36,0.316666666666667,0.76,0.76,0.8,0.766666666666667,0.7,60,0,6
DTLZ2,20,19,12019,24,238,"S4_(0.75,1.00]",0.8,1,0.36,0.327868852459016,0.76,0.8,0.8,0.770491803278688,0.71,61,0,5
DTLZ2,20,19,12019,25,244,"S4_(0.75,1.00]",0.88,1,0.48,0.385964912280702,0.76,0.8,0.72,0.771929824561403,0.73,57,0,3
DTLZ2,20,19,12019,26,250,"S4_(0.75,1.00]",0.88,1,0.48,0.392857142857143,0.76,0.8,0.76,0.785714285714286,0.74,56,0,3
DTLZ2,20,19,12019,27,256,"S4_(0.75,1.00]",0.88,1,0.44,0.372881355932203,0.8,0.84,0.76,0.779661016949153,0.77,59,0,3
DTLZ2,20,19,12019,28,262,"S4_(0.75,1.00]",0.8,1,0.36,0.350877192982456,0.84,0.88,0.72,0.807017543859649,0.81,57,0,5
DTLZ2,20,19,12019,29,268,"S4_(0.75,1.00]",0.72,1,0.32,0.333333333333333,0.84,0.96,0.8,0.833333333333333,0.84,54,0,7
DTLZ2,20,19,12019,30,274,"S4_(0.75,1.00]",0.76,1,0.4,0.358490566037736,0.92,0.96,0.88,0.905660377358491,0.86,53,0,6
DTLZ2,20,19,12019,31,280,"S4_(0.75,1.00]",0.76,1,0.32,0.345454545454545,0.96,1,0.92,0.927272727272727,0.89,55,0,6
DTLZ2,20,19,12019,32,286,"S4_(0.75,1.00]",0.84,1,0.32,0.375,1,1,0.92,0.946428571428571,0.94,56,0,4
DTLZ2,20,19,12019,33,292,"S4_(0.75,1.00]",0.84,1,0.36,0.381818181818182,1,1,1,0.981818181818182,0.96,55,0,4
DTLZ2,20,19,12019,34,298,"S4_(0.75,1.00]",0.92,1,0.32,0.425925925925926,1,1,1,0.981481481481482,0.98,54,0,2
DTLZ2,20,20,12020,1,100,"S2_(0.25,0.50]",0.8,0.8,0.36,0.353846153846154,0.36,0.36,0.28,0.246153846153846,0.2,65,0,1
DTLZ2,20,20,12020,2,106,"S2_(0.25,0.50]",0.28,0.84,0.24,0.2,0.24,0.36,0.24,0.2,0.21,35,0,16
DTLZ2,20,20,12020,3,112,"S2_(0.25,0.50]",0.8,0.88,0.28,0.333333333333333,0.36,0.36,0.28,0.260869565217391,0.22,69,0,2
DTLZ2,20,20,12020,4,118,"S2_(0.25,0.50]",0.84,0.92,0.28,0.368421052631579,0.36,0.32,0.24,0.298245614035088,0.22,57,0,4
DTLZ2,20,20,12020,5,124,"S2_(0.25,0.50]",0.32,0.92,0.24,0.228571428571429,0.24,0.36,0.24,0.2,0.25,35,0,16
DTLZ2,20,20,12020,6,130,"S2_(0.25,0.50]",0.84,0.84,0.24,0.333333333333333,0.4,0.36,0.24,0.287878787878788,0.26,66,0,3
DTLZ2,20,20,12020,7,136,"S2_(0.25,0.50]",0.8,0.88,0.2,0.317460317460317,0.4,0.32,0.28,0.301587301587302,0.26,63,0,4
DTLZ2,20,20,12020,8,142,"S2_(0.25,0.50]",0.76,0.84,0.32,0.3125,0.44,0.36,0.24,0.34375,0.29,64,0,4
DTLZ2,20,20,12020,9,148,"S2_(0.25,0.50]",0.72,0.88,0.2,0.310344827586207,0.52,0.48,0.2,0.379310344827586,0.32,58,0,7
DTLZ2,20,20,12020,10,154,"S3_(0.50,0.75]",0.8,0.88,0.36,0.317460317460317,0.48,0.48,0.2,0.396825396825397,0.33,63,0,6
DTLZ2,20,20,12020,11,160,"S3_(0.50,0.75]",0.8,0.88,0.36,0.327868852459016,0.48,0.48,0.28,0.426229508196721,0.35,61,0,7
DTLZ2,20,20,12020,12,166,"S3_(0.50,0.75]",0.92,1,0.4,0.410714285714286,0.52,0.52,0.24,0.464285714285714,0.37,56,0,2
DTLZ2,20,20,12020,13,172,"S3_(0.50,0.75]",0.88,1,0.36,0.431372549019608,0.52,0.6,0.36,0.490196078431373,0.39,51,0,3
DTLZ2,20,20,12020,14,178,"S3_(0.50,0.75]",0.92,1,0.44,0.418181818181818,0.56,0.6,0.24,0.472727272727273,0.4,55,0,2
DTLZ2,20,20,12020,15,184,"S3_(0.50,0.75]",0.88,1,0.36,0.372881355932203,0.6,0.56,0.2,0.457627118644068,0.41,59,0,3
DTLZ2,20,20,12020,16,190,"S3_(0.50,0.75]",0.92,1,0.36,0.389830508474576,0.56,0.48,0.2,0.440677966101695,0.39,59,0,2
DTLZ2,20,20,12020,17,196,"S3_(0.50,0.75]",0.84,1,0.52,0.411764705882353,0.56,0.56,0.36,0.588235294117647,0.47,51,0,4
DTLZ2,20,20,12020,18,202,"S3_(0.50,0.75]",0.8,1,0.44,0.350877192982456,0.52,0.6,0.4,0.543859649122807,0.48,57,0,5
DTLZ2,20,20,12020,19,208,"S3_(0.50,0.75]",0.8,1,0.4,0.327868852459016,0.52,0.64,0.44,0.540983606557377,0.51,61,0,5
DTLZ2,20,20,12020,20,214,"S3_(0.50,0.75]",0.92,1,0.44,0.396551724137931,0.6,0.68,0.48,0.620689655172414,0.52,58,0,2
DTLZ2,20,20,12020,21,220,"S3_(0.50,0.75]",0.52,1,0.44,0.40625,0.6,0.76,0.68,0.59375,0.63,32,0,12
DTLZ2,20,20,12020,22,226,"S4_(0.75,1.00]",0.48,1,0.36,0.307692307692308,0.6,0.68,0.72,0.615384615384615,0.65,39,0,13
DTLZ2,20,20,12020,23,232,"S4_(0.75,1.00]",0.88,1,0.36,0.333333333333333,0.72,0.72,0.72,0.742424242424242,0.68,66,0,3
DTLZ2,20,20,12020,24,238,"S4_(0.75,1.00]",0.8,1,0.32,0.3125,0.76,0.68,0.68,0.765625,0.68,64,0,5
DTLZ2,20,20,12020,25,244,"S4_(0.75,1.00]",0.88,1,0.48,0.338461538461538,0.76,0.68,0.72,0.753846153846154,0.69,65,0,3
DTLZ2,20,20,12020,26,250,"S4_(0.75,1.00]",0.76,1,0.36,0.296875,0.88,0.8,0.8,0.8125,0.75,64,0,6
DTLZ2,20,20,12020,27,256,"S4_(0.75,1.00]",0.44,1,0.4,0.314285714285714,0.88,0.8,0.76,0.742857142857143,0.76,35,0,14
DTLZ2,20,20,12020,28,262,"S4_(0.75,1.00]",0.4,1,0.32,0.285714285714286,0.92,0.84,0.8,0.771428571428571,0.76,35,0,15
DTLZ2,20,20,12020,29,268,"S4_(0.75,1.00]",0.76,1,0.4,0.27536231884058,0.84,0.8,0.76,0.797101449275362,0.81,69,0,6
DTLZ2,20,20,12020,30,274,"S4_(0.75,1.00]",0.76,1,0.4,0.279411764705882,0.84,0.8,0.84,0.823529411764706,0.83,68,0,6
DTLZ2,20,20,12020,31,280,"S4_(0.75,1.00]",0.76,1,0.4,0.27536231884058,0.88,0.84,0.88,0.840579710144927,0.85,69,0,6
DTLZ2,20,20,12020,32,286,"S4_(0.75,1.00]",0.52,1,0.4,0.361111111111111,0.96,0.96,0.96,0.888888888888889,0.9,36,0,12
DTLZ2,20,20,12020,33,292,"S4_(0.75,1.00]",0.52,1,0.36,0.351351351351351,0.96,1,0.96,0.891891891891892,0.92,37,0,12
DTLZ2,20,20,12020,34,298,"S4_(0.75,1.00]",0.8,1,0.48,0.307692307692308,1,1,1,1,0.98,65,0,5
DTLZ4,10,1,21001,1,100,"S2_(0.25,0.50]",0.44,0.8,0.4,0.333333333333333,0.36,0.04,0.36,0.454545454545455,0.15,33,0,19
DTLZ4,10,1,21001,2,106,"S2_(0.25,0.50]",0.44,1,0.36,0.354838709677419,0.52,0.2,0.6,0.548387096774194,0.18,31,0,14
DTLZ4,10,1,21001,3,112,"S2_(0.25,0.50]",0.48,1,0.4,0.375,0.48,0.16,0.6,0.53125,0.18,32,0,13
DTLZ4,10,1,21001,4,118,"S2_(0.25,0.50]",0.56,1,0.32,0.388888888888889,0.4,0.12,0.6,0.5,0.19,36,0,11
DTLZ4,10,1,21001,5,124,"S2_(0.25,0.50]",0.72,1,0.32,0.45,0.48,0.28,0.56,0.55,0.23,40,0,7
DTLZ4,10,1,21001,6,130,"S2_(0.25,0.50]",0.72,1,0.2,0.4,0.48,0.36,0.6,0.577777777777778,0.27,45,0,7
DTLZ4,10,1,21001,7,136,"S2_(0.25,0.50]",0.8,1,0.24,0.416666666666667,0.6,0.48,0.72,0.604166666666667,0.31,48,0,5
DTLZ4,10,1,21001,8,142,"S2_(0.25,0.50]",0.8,1,0.24,0.384615384615385,0.64,0.6,0.76,0.634615384615385,0.36,52,0,5
DTLZ4,10,1,21001,9,148,"S2_(0.25,0.50]",0.84,1,0.2,0.381818181818182,0.72,0.6,0.76,0.672727272727273,0.39,55,0,4
DTLZ4,10,1,21001,10,154,"S3_(0.50,0.75]",0.92,1,0.24,0.389830508474576,0.64,0.56,0.8,0.627118644067797,0.39,59,0,2
DTLZ4,10,1,21001,11,160,"S3_(0.50,0.75]",1,1,0.2,0.396825396825397,0.56,0.56,0.8,0.619047619047619,0.4,63,0,0
DTLZ4,10,1,21001,12,166,"S3_(0.50,0.75]",0.96,1,0.16,0.358208955223881,0.56,0.56,0.8,0.597014925373134,0.41,67,0,1
DTLZ4,10,1,21001,13,172,"S3_(0.50,0.75]",0.84,1,0.16,0.318181818181818,0.6,0.56,0.8,0.621212121212121,0.42,66,0,4
DTLZ4,10,1,21001,14,178,"S3_(0.50,0.75]",0.8,1,0.2,0.327868852459016,0.6,0.44,0.84,0.704918032786885,0.45,61,0,5
DTLZ4,10,1,21001,15,184,"S3_(0.50,0.75]",0.8,1,0.24,0.289855072463768,0.48,0.36,0.76,0.63768115942029,0.46,69,0,5
DTLZ4,10,1,21001,16,190,"S3_(0.50,0.75]",0.48,1,0.12,0.226415094339623,0.56,0.28,0.72,0.679245283018868,0.48,53,0,13
DTLZ4,10,1,21001,17,196,"S3_(0.50,0.75]",0.6,1,0.04,0.214285714285714,0.48,0.28,0.72,0.657142857142857,0.48,70,0,10
DTLZ4,10,1,21001,18,202,"S3_(0.50,0.75]",0.56,1,0.04,0.2,0.52,0.32,0.76,0.657142857142857,0.49,70,0,11
DTLZ4,10,1,21001,19,208,"S3_(0.50,0.75]",0.72,1,0.12,0.295081967213115,0.52,0.4,0.84,0.737704918032787,0.55,61,0,7
DTLZ4,10,1,21001,20,214,"S3_(0.50,0.75]",0.64,1,0.28,0.266666666666667,0.52,0.44,0.8,0.7,0.57,60,0,9
DTLZ4,10,1,21001,21,220,"S3_(0.50,0.75]",0.64,1,0.2,0.258064516129032,0.48,0.44,0.8,0.709677419354839,0.58,62,0,9
DTLZ4,10,1,21001,22,226,"S4_(0.75,1.00]",0.48,1,0.4,0.375,0.6,0.44,0.72,0.6875,0.57,32,0,13
DTLZ4,10,1,21001,23,232,"S4_(0.75,1.00]",0.52,1,0.4,0.40625,0.56,0.4,0.72,0.65625,0.58,32,0,12
DTLZ4,10,1,21001,24,238,"S4_(0.75,1.00]",0.4,1,0.28,0.333333333333333,0.6,0.4,0.72,0.666666666666667,0.58,30,0,15
DTLZ4,10,1,21001,25,244,"S4_(0.75,1.00]",0.72,1,0.04,0.28125,0.56,0.36,0.84,0.734375,0.6,64,0,7
DTLZ4,10,1,21001,26,250,"S4_(0.75,1.00]",0.76,1,0,0.283582089552239,0.64,0.48,0.92,0.776119402985075,0.64,67,0,6
DTLZ4,10,1,21001,27,256,"S4_(0.75,1.00]",0.52,1,0.36,0.433333333333333,0.68,0.52,0.76,0.733333333333333,0.68,30,0,12
DTLZ4,10,1,21001,28,262,"S4_(0.75,1.00]",0.84,1,0,0.3,0.6,0.52,0.84,0.742857142857143,0.66,70,0,4
DTLZ4,10,1,21001,29,268,"S4_(0.75,1.00]",0.72,1,0.08,0.310344827586207,0.76,0.68,1,0.862068965517241,0.8,58,0,7
DTLZ4,10,1,21001,30,274,"S4_(0.75,1.00]",0.6,1,0.44,0.441176470588235,0.8,0.8,0.92,0.852941176470588,0.83,34,0,10
DTLZ4,10,1,21001,31,280,"S4_(0.75,1.00]",0.64,1,0.44,0.457142857142857,0.84,0.84,0.92,0.885714285714286,0.87,35,0,9
DTLZ4,10,1,21001,32,286,"S4_(0.75,1.00]",0.6,1,0.4,0.441176470588235,0.92,0.92,0.96,0.941176470588235,0.9,34,0,10
DTLZ4,10,1,21001,33,292,"S4_(0.75,1.00]",0.64,1,0.48,0.516129032258065,0.92,0.96,0.96,0.935483870967742,0.92,31,0,9
DTLZ4,10,1,21001,34,298,"S4_(0.75,1.00]",0.64,1,0.04,0.228571428571429,1,1,1,1,0.98,70,0,9
DTLZ4,10,2,21002,1,100,"S2_(0.25,0.50]",0.28,0.76,0.2,0.225806451612903,0.32,0,0.32,0.354838709677419,0.11,31,0,24
DTLZ4,10,2,21002,2,106,"S2_(0.25,0.50]",0.28,0.76,0.12,0.2,0.28,0,0.32,0.371428571428571,0.13,35,0,24
DTLZ4,10,2,21002,3,112,"S2_(0.25,0.50]",0.28,0.72,0.16,0.210526315789474,0.32,0,0.32,0.394736842105263,0.15,38,0,24
DTLZ4,10,2,21002,4,118,"S2_(0.25,0.50]",0.28,0.76,0.12,0.19047619047619,0.28,0,0.4,0.428571428571429,0.18,42,0,22
DTLZ4,10,2,21002,5,124,"S2_(0.25,0.50]",0.36,0.76,0.12,0.195652173913043,0.28,0,0.44,0.41304347826087,0.19,46,0,21
DTLZ4,10,2,21002,6,130,"S2_(0.25,0.50]",0.32,0.8,0.12,0.173913043478261,0.28,0,0.44,0.41304347826087,0.19,46,0,22
DTLZ4,10,2,21002,7,136,"S2_(0.25,0.50]",0.28,0.84,0.12,0.159090909090909,0.28,0,0.44,0.431818181818182,0.19,44,0,22
DTLZ4,10,2,21002,8,142,"S2_(0.25,0.50]",0.16,0.92,0,0.0909090909090909,0.28,0,0.44,0.431818181818182,0.19,44,0,23
DTLZ4,10,2,21002,9,148,"S2_(0.25,0.50]",0.12,0.96,0,0.0666666666666667,0.32,0,0.44,0.444444444444444,0.2,45,0,23
DTLZ4,10,2,21002,10,154,"S3_(0.50,0.75]",0.16,0.92,0,0.0833333333333333,0.36,0,0.52,0.479166666666667,0.23,48,0,23
DTLZ4,10,2,21002,11,160,"S3_(0.50,0.75]",0.16,1,0,0.0769230769230769,0.4,0.08,0.52,0.442307692307692,0.24,52,0,21
DTLZ4,10,2,21002,12,166,"S3_(0.50,0.75]",0.2,1,0,0.0961538461538462,0.44,0.08,0.52,0.461538461538462,0.25,52,0,20
DTLZ4,10,2,21002,13,172,"S3_(0.50,0.75]",0.16,1,0,0.08,0.48,0.12,0.52,0.5,0.26,50,0,21
DTLZ4,10,2,21002,14,178,"S3_(0.50,0.75]",0.16,1,0.04,0.0851063829787234,0.48,0.12,0.64,0.531914893617021,0.26,47,0,21
DTLZ4,10,2,21002,15,184,"S3_(0.50,0.75]",0.32,1,0,0.148148148148148,0.6,0.24,0.56,0.537037037037037,0.3,54,0,17
DTLZ4,10,2,21002,16,190,"S3_(0.50,0.75]",0.4,1,0,0.172413793103448,0.68,0.32,0.56,0.551724137931034,0.33,58,0,15
DTLZ4,10,2,21002,17,196,"S3_(0.50,0.75]",0.4,1,0,0.163934426229508,0.64,0.28,0.56,0.557377049180328,0.35,61,0,15
DTLZ4,10,2,21002,18,202,"S3_(0.50,0.75]",0.44,1,0.04,0.183333333333333,0.64,0.32,0.72,0.6,0.38,60,0,14
DTLZ4,10,2,21002,19,208,"S3_(0.50,0.75]",0.44,1,0.04,0.17741935483871,0.68,0.32,0.72,0.596774193548387,0.41,62,0,14
DTLZ4,10,2,21002,20,214,"S3_(0.50,0.75]",0.48,1,0.04,0.193548387096774,0.76,0.48,0.72,0.629032258064516,0.45,62,0,13
DTLZ4,10,2,21002,21,220,"S3_(0.50,0.75]",0.56,1,0,0.208955223880597,0.68,0.52,0.72,0.597014925373134,0.47,67,0,11
DTLZ4,10,2,21002,22,226,"S4_(0.75,1.00]",0.72,1,0.12,0.276923076923077,0.72,0.6,0.76,0.661538461538462,0.5,65,0,7
DTLZ4,10,2,21002,23,232,"S4_(0.75,1.00]",0.84,1,0.08,0.3,0.68,0.68,0.76,0.642857142857143,0.53,70,0,4
DTLZ4,10,2,21002,24,238,"S4_(0.75,1.00]",0.76,1,0.6,0.633333333333333,0.8,0.8,0.76,0.766666666666667,0.59,30,0,6
DTLZ4,10,2,21002,25,244,"S4_(0.75,1.00]",0.8,1,0.6,0.606060606060606,0.76,0.84,0.68,0.727272727272727,0.62,33,0,5
DTLZ4,10,2,21002,26,250,"S4_(0.75,1.00]",0.84,1,0.68,0.6,0.84,0.88,0.72,0.771428571428571,0.68,35,0,4
DTLZ4,10,2,21002,27,256,"S4_(0.75,1.00]",0.88,1,0.68,0.611111111111111,0.92,0.88,0.8,0.805555555555556,0.72,36,0,3
DTLZ4,10,2,21002,28,262,"S4_(0.75,1.00]",0.88,1,0.64,0.611111111111111,0.96,0.96,0.84,0.861111111111111,0.77,36,0,3
DTLZ4,10,2,21002,29,268,"S4_(0.75,1.00]",0.88,1,0.68,0.611111111111111,0.96,0.96,0.84,0.861111111111111,0.8,36,0,3
DTLZ4,10,2,21002,30,274,"S4_(0.75,1.00]",0.88,1,0.6,0.578947368421053,0.96,0.96,0.88,0.894736842105263,0.85,38,0,3
DTLZ4,10,2,21002,31,280,"S4_(0.75,1.00]",0.92,1,0.56,0.560975609756098,1,0.96,0.88,0.926829268292683,0.88,41,0,2
DTLZ4,10,2,21002,32,286,"S4_(0.75,1.00]",0.92,1,0.6,0.575,1,0.96,0.92,0.95,0.91,40,0,2
DTLZ4,10,2,21002,33,292,"S4_(0.75,1.00]",0.92,1,0.56,0.547619047619048,1,0.96,0.92,0.952380952380952,0.94,42,0,2
DTLZ4,10,2,21002,34,298,"S4_(0.75,1.00]",0.92,1,0.6,0.575,1,1,1,1,0.98,40,0,2
DTLZ4,10,3,21003,1,100,"S2_(0.25,0.50]",0.32,0.92,0.24,0.258064516129032,0.4,0.08,0.4,0.387096774193548,0.13,31,0,19
DTLZ4,10,3,21003,2,106,"S2_(0.25,0.50]",0.32,0.92,0.24,0.258064516129032,0.36,0.12,0.48,0.419354838709677,0.14,31,0,19
DTLZ4,10,3,21003,3,112,"S2_(0.25,0.50]",0.44,0.84,0.32,0.333333333333333,0.44,0.16,0.52,0.484848484848485,0.17,33,0,18
DTLZ4,10,3,21003,4,118,"S2_(0.25,0.50]",0.52,1,0.36,0.361111111111111,0.52,0.36,0.56,0.527777777777778,0.2,36,0,12
DTLZ4,10,3,21003,5,124,"S2_(0.25,0.50]",0.56,1,0.28,0.358974358974359,0.44,0.36,0.44,0.487179487179487,0.2,39,0,11
DTLZ4,10,3,21003,6,130,"S2_(0.25,0.50]",0.56,1,0.28,0.318181818181818,0.52,0.36,0.64,0.545454545454545,0.25,44,0,11
DTLZ4,10,3,21003,7,136,"S2_(0.25,0.50]",0.56,1,0.24,0.28,0.44,0.36,0.68,0.52,0.27,50,0,11
DTLZ4,10,3,21003,8,142,"S2_(0.25,0.50]",0.56,1,0.24,0.25,0.4,0.36,0.68,0.464285714285714,0.27,56,0,11
DTLZ4,10,3,21003,9,148,"S2_(0.25,0.50]",0.56,1,0.2,0.23728813559322,0.4,0.36,0.64,0.457627118644068,0.29,59,0,11
DTLZ4,10,3,21003,10,154,"S3_(0.50,0.75]",0.72,1,0.56,0.257142857142857,0.28,0.36,0.2,0.285714285714286,0.31,70,0,7
DTLZ4,10,3,21003,11,160,"S3_(0.50,0.75]",0.68,1,0.52,0.253731343283582,0.28,0.32,0.2,0.313432835820896,0.33,67,0,8
DTLZ4,10,3,21003,12,166,"S3_(0.50,0.75]",0.52,1,0.44,0.382352941176471,0.44,0.28,0.56,0.558823529411765,0.34,34,0,12
DTLZ4,10,3,21003,13,172,"S3_(0.50,0.75]",0.48,1,0.04,0.184615384615385,0.44,0.32,0.56,0.507692307692308,0.37,65,0,13
DTLZ4,10,3,21003,14,178,"S3_(0.50,0.75]",0.44,1,0,0.17741935483871,0.4,0.28,0.6,0.532258064516129,0.39,62,0,14
DTLZ4,10,3,21003,15,184,"S3_(0.50,0.75]",0.52,1,0.24,0.371428571428571,0.44,0.4,0.48,0.514285714285714,0.43,35,0,12
DTLZ4,10,3,21003,16,190,"S3_(0.50,0.75]",0.56,1,0.32,0.411764705882353,0.48,0.4,0.44,0.5,0.44,34,0,11
DTLZ4,10,3,21003,17,196,"S3_(0.50,0.75]",0.6,1,0.04,0.223880597014925,0.6,0.4,0.68,0.611940298507463,0.47,67,0,10
DTLZ4,10,3,21003,18,202,"S3_(0.50,0.75]",0.72,1,0.16,0.257142857142857,0.52,0.4,0.68,0.6,0.48,70,0,7
DTLZ4,10,3,21003,19,208,"S3_(0.50,0.75]",0.72,1,0.16,0.264705882352941,0.56,0.4,0.72,0.632352941176471,0.49,68,0,7
DTLZ4,10,3,21003,20,214,"S3_(0.50,0.75]",0.68,1,0.12,0.242857142857143,0.6,0.44,0.72,0.657142857142857,0.52,70,0,8
DTLZ4,10,3,21003,21,220,"S3_(0.50,0.75]",0.56,1,0.12,0.229508196721311,0.6,0.44,0.76,0.672131147540984,0.53,61,0,11
DTLZ4,10,3,21003,22,226,"S4_(0.75,1.00]",0.76,1,0.04,0.271428571428571,0.52,0.44,0.8,0.7,0.57,70,0,6
DTLZ4,10,3,21003,23,232,"S4_(0.75,1.00]",0.8,1,0.04,0.289855072463768,0.52,0.48,0.8,0.666666666666667,0.59,69,0,5
DTLZ4,10,3,21003,24,238,"S4_(0.75,1.00]",0.72,1,0,0.257142857142857,0.6,0.48,0.72,0.7,0.6,70,0,7
DTLZ4,10,3,21003,25,244,"S4_(0.75,1.00]",0.64,1,0,0.231884057971014,0.64,0.52,0.76,0.72463768115942,0.63,69,0,9
DTLZ4,10,3,21003,26,250,"S4_(0.75,1.00]",0.6,1,0,0.220588235294118,0.64,0.6,0.76,0.735294117647059,0.65,68,0,10
DTLZ4,10,3,21003,27,256,"S4_(0.75,1.00]",0.6,1,0,0.217391304347826,0.6,0.56,0.8,0.72463768115942,0.67,69,0,10
DTLZ4,10,3,21003,28,262,"S4_(0.75,1.00]",0.64,1,0.08,0.231884057971014,0.68,0.68,0.84,0.782608695652174,0.72,69,0,9
DTLZ4,10,3,21003,29,268,"S4_(0.75,1.00]",0.64,1,0.08,0.228571428571429,0.68,0.68,0.88,0.8,0.75,70,0,9
DTLZ4,10,3,21003,30,274,"S4_(0.75,1.00]",0.68,1,0.08,0.25,0.8,0.76,0.92,0.823529411764706,0.81,68,0,8
DTLZ4,10,3,21003,31,280,"S4_(0.75,1.00]",0.76,1,0.08,0.271428571428571,0.92,0.92,0.84,0.871428571428571,0.87,70,0,6
DTLZ4,10,3,21003,32,286,"S4_(0.75,1.00]",0.68,1,0.16,0.283333333333333,0.92,0.92,0.92,0.916666666666667,0.9,60,0,8
DTLZ4,10,3,21003,33,292,"S4_(0.75,1.00]",0.68,1,0.16,0.283333333333333,0.92,0.96,0.96,0.95,0.94,60,0,8
DTLZ4,10,3,21003,34,298,"S4_(0.75,1.00]",0.64,1,0.48,0.533333333333333,1,0.96,1,1,0.98,30,0,9
DTLZ4,10,4,21004,1,100,"S2_(0.25,0.50]",0.32,0.76,0.32,0.290322580645161,0.52,0,0.56,0.516129032258065,0.17,31,0,22
DTLZ4,10,4,21004,2,106,"S2_(0.25,0.50]",0.4,1,0.32,0.285714285714286,0.48,0.12,0.52,0.514285714285714,0.19,35,0,15
DTLZ4,10,4,21004,3,112,"S2_(0.25,0.50]",0.4,1,0.28,0.277777777777778,0.56,0.12,0.56,0.555555555555556,0.22,36,0,15
DTLZ4,10,4,21004,4,118,"S2_(0.25,0.50]",0.44,1,0.16,0.261904761904762,0.6,0.16,0.64,0.547619047619048,0.25,42,0,14
DTLZ4,10,4,21004,5,124,"S2_(0.25,0.50]",0.44,1,0.2,0.268292682926829,0.6,0.16,0.64,0.560975609756098,0.28,41,0,14
DTLZ4,10,4,21004,6,130,"S2_(0.25,0.50]",0.52,1,0.12,0.295454545454545,0.52,0.16,0.68,0.545454545454545,0.27,44,0,12
DTLZ4,10,4,21004,7,136,"S2_(0.25,0.50]",0.6,1,0.2,0.319148936170213,0.44,0.2,0.68,0.531914893617021,0.28,47,0,10
DTLZ4,10,4,21004,8,142,"S2_(0.25,0.50]",0.64,1,0.08,0.313725490196078,0.4,0.16,0.68,0.509803921568627,0.29,51,0,9
DTLZ4,10,4,21004,9,148,"S2_(0.25,0.50]",0.68,1,0.08,0.309090909090909,0.36,0.2,0.68,0.509090909090909,0.3,55,0,8
DTLZ4,10,4,21004,10,154,"S3_(0.50,0.75]",0.48,1,0.04,0.230769230769231,0.44,0.16,0.72,0.538461538461538,0.3,52,0,13
DTLZ4,10,4,21004,11,160,"S3_(0.50,0.75]",0.44,1,0.08,0.2,0.4,0.2,0.72,0.527272727272727,0.31,55,0,14
DTLZ4,10,4,21004,12,166,"S3_(0.50,0.75]",0.52,1,0.08,0.213114754098361,0.36,0.24,0.72,0.491803278688525,0.32,61,0,12
DTLZ4,10,4,21004,13,172,"S3_(0.50,0.75]",0.48,1,0.08,0.19047619047619,0.36,0.28,0.72,0.492063492063492,0.34,63,0,13
DTLZ4,10,4,21004,14,178,"S3_(0.50,0.75]",0.6,1,0.08,0.223880597014925,0.4,0.32,0.72,0.477611940298507,0.35,67,0,10
DTLZ4,10,4,21004,15,184,"S3_(0.50,0.75]",0.64,1,0.12,0.228571428571429,0.4,0.32,0.68,0.471428571428571,0.37,70,0,9
DTLZ4,10,4,21004,16,190,"S3_(0.50,0.75]",0.6,1,0.04,0.214285714285714,0.4,0.32,0.68,0.457142857142857,0.38,70,0,10
DTLZ4,10,4,21004,17,196,"S3_(0.50,0.75]",0.56,1,0,0.222222222222222,0.56,0.32,0.64,0.555555555555556,0.43,63,0,11
DTLZ4,10,4,21004,18,202,"S3_(0.50,0.75]",0.6,1,0.04,0.241935483870968,0.56,0.28,0.64,0.548387096774194,0.44,62,0,10
DTLZ4,10,4,21004,19,208,"S3_(0.50,0.75]",0.64,1,0.12,0.25,0.52,0.28,0.64,0.53125,0.44,64,0,9
DTLZ4,10,4,21004,20,214,"S3_(0.50,0.75]",0.6,1,0.16,0.223880597014925,0.6,0.32,0.68,0.552238805970149,0.47,67,0,10
DTLZ4,10,4,21004,21,220,"S3_(0.50,0.75]",0.56,1,0.16,0.215384615384615,0.64,0.4,0.68,0.584615384615385,0.48,65,0,11
DTLZ4,10,4,21004,22,226,"S4_(0.75,1.00]",0.64,1,0.08,0.235294117647059,0.72,0.44,0.6,0.617647058823529,0.5,68,0,9
DTLZ4,10,4,21004,23,232,"S4_(0.75,1.00]",0.64,1,0.12,0.25,0.68,0.48,0.68,0.59375,0.53,64,0,9
DTLZ4,10,4,21004,24,238,"S4_(0.75,1.00]",0.64,1,0.12,0.25,0.68,0.52,0.68,0.59375,0.54,64,0,9
DTLZ4,10,4,21004,25,244,"S4_(0.75,1.00]",0.48,1,0.36,0.387096774193548,0.68,0.52,0.72,0.741935483870968,0.56,31,0,13
DTLZ4,10,4,21004,26,250,"S4_(0.75,1.00]",0.56,1,0.08,0.225806451612903,0.76,0.52,0.72,0.67741935483871,0.58,62,0,11
DTLZ4,10,4,21004,27,256,"S4_(0.75,1.00]",0.56,1,0,0.233333333333333,0.72,0.56,0.76,0.683333333333333,0.61,60,0,11
DTLZ4,10,4,21004,28,262,"S4_(0.75,1.00]",0.6,1,0.04,0.241935483870968,0.72,0.56,0.84,0.693548387096774,0.63,62,0,10
DTLZ4,10,4,21004,29,268,"S4_(0.75,1.00]",0.6,1,0.04,0.241935483870968,0.8,0.68,0.84,0.725806451612903,0.66,62,0,10
DTLZ4,10,4,21004,30,274,"S4_(0.75,1.00]",0.72,1,0.12,0.28125,0.92,0.8,0.92,0.8125,0.76,64,0,7
DTLZ4,10,4,21004,31,280,"S4_(0.75,1.00]",0.68,1,0.12,0.246376811594203,0.92,0.84,0.92,0.840579710144927,0.81,69,0,8
DTLZ4,10,4,21004,32,286,"S4_(0.75,1.00]",0.64,1,0.48,0.484848484848485,1,0.92,1,1,0.87,33,0,9
DTLZ4,10,4,21004,33,292,"S4_(0.75,1.00]",0.76,1,0.52,0.575757575757576,1,1,1,1,0.93,33,0,6
DTLZ4,10,4,21004,34,298,"S4_(0.75,1.00]",0.84,1,0.56,0.552631578947368,1,1,1,1,0.98,38,0,4
DTLZ4,10,5,21005,1,100,"S2_(0.25,0.50]",0.4,0.84,0.2,0.3125,0.4,0.04,0.32,0.40625,0.13,32,0,19
DTLZ4,10,5,21005,2,106,"S2_(0.25,0.50]",0.48,1,0.32,0.342857142857143,0.4,0.2,0.36,0.4,0.14,35,0,13
DTLZ4,10,5,21005,3,112,"S2_(0.25,0.50]",0.4,1,0.16,0.277777777777778,0.4,0.16,0.32,0.388888888888889,0.14,36,0,15
DTLZ4,10,5,21005,4,118,"S2_(0.25,0.50]",0.44,1,0.16,0.297297297297297,0.48,0.2,0.36,0.432432432432432,0.18,37,0,14
DTLZ4,10,5,21005,5,124,"S2_(0.25,0.50]",0.44,1,0.2,0.282051282051282,0.44,0.2,0.28,0.41025641025641,0.18,39,0,14
DTLZ4,10,5,21005,6,130,"S2_(0.25,0.50]",0.52,1,0.2,0.30952380952381,0.44,0.2,0.32,0.404761904761905,0.18,42,0,12
DTLZ4,10,5,21005,7,136,"S2_(0.25,0.50]",0.48,1,0.16,0.272727272727273,0.4,0.12,0.32,0.386363636363636,0.18,44,0,13
DTLZ4,10,5,21005,8,142,"S2_(0.25,0.50]",0.48,1,0.12,0.25531914893617,0.36,0.16,0.32,0.382978723404255,0.19,47,0,13
DTLZ4,10,5,21005,9,148,"S2_(0.25,0.50]",0.44,1,0.12,0.22,0.44,0.16,0.44,0.46,0.23,50,0,14
DTLZ4,10,5,21005,10,154,"S3_(0.50,0.75]",0.44,1,0.12,0.215686274509804,0.44,0.2,0.48,0.470588235294118,0.24,51,0,14
DTLZ4,10,5,21005,11,160,"S3_(0.50,0.75]",0.6,1,0.4,0.441176470588235,0.4,0.16,0.52,0.470588235294118,0.24,34,0,10
DTLZ4,10,5,21005,12,166,"S3_(0.50,0.75]",0.56,1,0.36,0.424242424242424,0.4,0.16,0.52,0.454545454545455,0.25,33,0,11
DTLZ4,10,5,21005,13,172,"S3_(0.50,0.75]",0.6,1,0.4,0.428571428571429,0.4,0.2,0.52,0.457142857142857,0.26,35,0,10
DTLZ4,10,5,21005,14,178,"S3_(0.50,0.75]",0.68,1,0.44,0.472222222222222,0.44,0.28,0.56,0.5,0.29,36,0,8
DTLZ4,10,5,21005,15,184,"S3_(0.50,0.75]",0.76,1,0.52,0.5,0.4,0.24,0.52,0.473684210526316,0.29,38,0,6
DTLZ4,10,5,21005,16,190,"S3_(0.50,0.75]",0.8,1,0.64,0.5,0.44,0.32,0.52,0.525,0.32,40,0,5
DTLZ4,10,5,21005,17,196,"S3_(0.50,0.75]",0.84,1,0.68,0.552631578947368,0.4,0.36,0.56,0.526315789473684,0.35,38,0,4
DTLZ4,10,5,21005,18,202,"S3_(0.50,0.75]",0.8,1,0.12,0.327868852459016,0.52,0.44,0.52,0.573770491803279,0.38,61,0,5
DTLZ4,10,5,21005,19,208,"S3_(0.50,0.75]",0.76,1,0.12,0.301587301587302,0.52,0.44,0.56,0.603174603174603,0.41,63,0,6
DTLZ4,10,5,21005,20,214,"S3_(0.50,0.75]",0.76,1,0.04,0.279411764705882,0.64,0.56,0.56,0.632352941176471,0.46,68,0,6
DTLZ4,10,5,21005,21,220,"S3_(0.50,0.75]",0.44,1,0.32,0.34375,0.8,0.64,0.84,0.78125,0.5,32,0,14
DTLZ4,10,5,21005,22,226,"S4_(0.75,1.00]",0.4,1,0.28,0.3125,0.8,0.68,0.8,0.78125,0.53,32,0,15
DTLZ4,10,5,21005,23,232,"S4_(0.75,1.00]",0.44,1,0.28,0.323529411764706,0.8,0.68,0.84,0.794117647058823,0.57,34,0,14
DTLZ4,10,5,21005,24,238,"S4_(0.75,1.00]",0.52,1,0.36,0.382352941176471,0.88,0.72,0.92,0.852941176470588,0.59,34,0,12
DTLZ4,10,5,21005,25,244,"S4_(0.75,1.00]",0.48,1,0.32,0.352941176470588,0.88,0.8,0.92,0.852941176470588,0.62,34,0,13
DTLZ4,10,5,21005,26,250,"S4_(0.75,1.00]",0.48,1,0.2,0.333333333333333,0.8,0.8,0.92,0.833333333333333,0.66,36,0,13
DTLZ4,10,5,21005,27,256,"S4_(0.75,1.00]",0.44,1,0.16,0.305555555555556,0.84,0.88,0.92,0.861111111111111,0.69,36,0,14
DTLZ4,10,5,21005,28,262,"S4_(0.75,1.00]",0.44,1,0.24,0.289473684210526,0.88,0.84,0.92,0.868421052631579,0.73,38,0,14
DTLZ4,10,5,21005,29,268,"S4_(0.75,1.00]",0.44,1,0.24,0.297297297297297,0.88,0.84,0.92,0.891891891891892,0.78,37,0,14
DTLZ4,10,5,21005,30,274,"S4_(0.75,1.00]",0.28,1,0.16,0.21875,0.88,0.84,0.92,0.90625,0.8,32,0,18
DTLZ4,10,5,21005,31,280,"S4_(0.75,1.00]",0.32,1,0.12,0.235294117647059,0.88,0.92,0.92,0.911764705882353,0.84,34,0,17
DTLZ4,10,5,21005,32,286,"S4_(0.75,1.00]",0.36,1,0.2,0.272727272727273,0.88,0.96,0.92,0.909090909090909,0.9,33,0,16
DTLZ4,10,5,21005,33,292,"S4_(0.75,1.00]",0.36,1,0.24,0.264705882352941,0.92,1,0.92,0.911764705882353,0.94,34,0,16
DTLZ4,10,5,21005,34,298,"S4_(0.75,1.00]",0.36,1,0.28,0.28125,1,1,1,1,0.99,32,0,16
DTLZ4,10,6,21006,1,100,"S2_(0.25,0.50]",0.44,0.8,0.32,0.34375,0.32,0.04,0.4,0.34375,0.11,32,0,19
DTLZ4,10,6,21006,2,106,"S2_(0.25,0.50]",0.52,1,0.28,0.371428571428571,0.36,0.24,0.28,0.314285714285714,0.12,35,0,12
DTLZ4,10,6,21006,3,112,"S2_(0.25,0.50]",0.56,1,0.32,0.358974358974359,0.4,0.24,0.32,0.358974358974359,0.15,39,0,11
DTLZ4,10,6,21006,4,118,"S2_(0.25,0.50]",0.84,1,0.64,0.7,0.2,0.28,0.24,0.266666666666667,0.16,30,0,4
DTLZ4,10,6,21006,5,124,"S2_(0.25,0.50]",0.72,1,0.16,0.382978723404255,0.4,0.32,0.32,0.382978723404255,0.2,47,0,7
DTLZ4,10,6,21006,6,130,"S2_(0.25,0.50]",0.76,1,0.16,0.372549019607843,0.44,0.28,0.48,0.411764705882353,0.22,51,0,6
DTLZ4,10,6,21006,7,136,"S2_(0.25,0.50]",0.8,1,0.4,0.465116279069767,0.36,0.36,0.28,0.441860465116279,0.24,43,0,5
DTLZ4,10,6,21006,8,142,"S2_(0.25,0.50]",0.72,1,0.32,0.418604651162791,0.36,0.36,0.28,0.441860465116279,0.26,43,0,7
DTLZ4,10,6,21006,9,148,"S2_(0.25,0.50]",0.64,1,0.32,0.355555555555556,0.44,0.36,0.28,0.466666666666667,0.28,45,0,9
DTLZ4,10,6,21006,10,154,"S3_(0.50,0.75]",0.68,1,0.36,0.354166666666667,0.48,0.36,0.28,0.458333333333333,0.29,48,0,8
DTLZ4,10,6,21006,11,160,"S3_(0.50,0.75]",0.64,1,0.36,0.363636363636364,0.4,0.4,0.28,0.431818181818182,0.31,44,0,9
DTLZ4,10,6,21006,12,166,"S3_(0.50,0.75]",0.64,1,0.36,0.326530612244898,0.44,0.4,0.28,0.408163265306122,0.32,49,0,9
DTLZ4,10,6,21006,13,172,"S3_(0.50,0.75]",0.68,1,0.4,0.326923076923077,0.48,0.4,0.36,0.442307692307692,0.35,52,0,8
DTLZ4,10,6,21006,14,178,"S3_(0.50,0.75]",0.64,1,0.36,0.363636363636364,0.48,0.44,0.4,0.522727272727273,0.37,44,0,9
DTLZ4,10,6,21006,15,184,"S3_(0.50,0.75]",0.72,1,0.44,0.486486486486487,0.56,0.48,0.56,0.594594594594595,0.4,37,0,7
DTLZ4,10,6,21006,16,190,"S3_(0.50,0.75]",0.6,1,0.52,0.5,0.52,0.4,0.6,0.6,0.4,30,0,10
DTLZ4,10,6,21006,17,196,"S3_(0.50,0.75]",0.68,1,0.56,0.548387096774194,0.56,0.48,0.6,0.580645161290323,0.43,31,0,8
DTLZ4,10,6,21006,18,202,"S3_(0.50,0.75]",0.76,1,0.44,0.5,0.56,0.52,0.48,0.578947368421053,0.47,38,0,6
DTLZ4,10,6,21006,19,208,"S3_(0.50,0.75]",0.76,1,0.4,0.475,0.56,0.56,0.48,0.6,0.51,40,0,6
DTLZ4,10,6,21006,20,214,"S3_(0.50,0.75]",0.72,1,0.4,0.461538461538462,0.64,0.56,0.6,0.666666666666667,0.53,39,0,7
DTLZ4,10,6,21006,21,220,"S3_(0.50,0.75]",0.64,1,0.32,0.41025641025641,0.68,0.72,0.64,0.692307692307692,0.58,39,0,9
DTLZ4,10,6,21006,22,226,"S4_(0.75,1.00]",0.68,1,0.36,0.447368421052632,0.72,0.72,0.72,0.736842105263158,0.58,38,0,8
DTLZ4,10,6,21006,23,232,"S4_(0.75,1.00]",0.76,1,0.44,0.463414634146341,0.76,0.84,0.72,0.75609756097561,0.63,41,0,6
DTLZ4,10,6,21006,24,238,"S4_(0.75,1.00]",0.84,1,0.44,0.488372093023256,0.76,0.8,0.72,0.720930232558139,0.65,43,0,4
DTLZ4,10,6,21006,25,244,"S4_(0.75,1.00]",0.84,1,0.44,0.5,0.8,0.84,0.8,0.761904761904762,0.66,42,0,4
DTLZ4,10,6,21006,26,250,"S4_(0.75,1.00]",0.88,1,0.4,0.478260869565217,0.8,0.8,0.8,0.760869565217391,0.67,46,0,3
DTLZ4,10,6,21006,27,256,"S4_(0.75,1.00]",0.88,1,0.44,0.468085106382979,0.88,0.8,0.84,0.851063829787234,0.71,47,0,3
DTLZ4,10,6,21006,28,262,"S4_(0.75,1.00]",0.76,1,0.36,0.41304347826087,0.92,0.76,0.84,0.869565217391304,0.73,46,0,6
DTLZ4,10,6,21006,29,268,"S4_(0.75,1.00]",0.84,1,0.36,0.42,0.88,0.84,0.88,0.86,0.78,50,0,4
DTLZ4,10,6,21006,30,274,"S4_(0.75,1.00]",0.84,1,0.4,0.42,0.8,0.88,0.8,0.8,0.8,50,0,4
DTLZ4,10,6,21006,31,280,"S4_(0.75,1.00]",0.84,1,0.36,0.428571428571429,0.84,0.92,0.84,0.877551020408163,0.83,49,0,4
DTLZ4,10,6,21006,32,286,"S4_(0.75,1.00]",0.72,1,0.32,0.4,0.92,0.96,0.88,0.933333333333333,0.88,45,0,7
DTLZ4,10,6,21006,33,292,"S4_(0.75,1.00]",0.68,1,0.28,0.377777777777778,1,1,0.96,0.977777777777778,0.95,45,0,8
DTLZ4,10,6,21006,34,298,"S4_(0.75,1.00]",0.68,1,0.28,0.377777777777778,1,1,1,1,0.98,45,0,8
DTLZ4,10,7,21007,1,100,"S2_(0.25,0.50]",0.28,0.68,0.12,0.25,0.44,0.04,0.44,0.527777777777778,0.2,36,0,23
DTLZ4,10,7,21007,2,106,"S2_(0.25,0.50]",0.32,0.96,0.08,0.25,0.6,0.24,0.56,0.555555555555556,0.21,36,0,17
DTLZ4,10,7,21007,3,112,"S2_(0.25,0.50]",0.36,1,0.12,0.25,0.64,0.28,0.52,0.583333333333333,0.22,36,0,16
DTLZ4,10,7,21007,4,118,"S2_(0.25,0.50]",0.36,1,0.08,0.243243243243243,0.72,0.32,0.64,0.648648648648649,0.26,37,0,16
DTLZ4,10,7,21007,5,124,"S2_(0.25,0.50]",0.48,1,0.08,0.292682926829268,0.76,0.32,0.68,0.634146341463415,0.28,41,0,13
DTLZ4,10,7,21007,6,130,"S2_(0.25,0.50]",0.52,1,0.12,0.302325581395349,0.64,0.28,0.72,0.604651162790698,0.28,43,0,12
DTLZ4,10,7,21007,7,136,"S2_(0.25,0.50]",0.52,1,0.16,0.295454545454545,0.6,0.28,0.68,0.613636363636364,0.29,44,0,12
DTLZ4,10,7,21007,8,142,"S2_(0.25,0.50]",0.6,1,0.24,0.319148936170213,0.6,0.36,0.72,0.617021276595745,0.31,47,0,10
DTLZ4,10,7,21007,9,148,"S2_(0.25,0.50]",0.76,1,0.32,0.351851851851852,0.44,0.36,0.72,0.574074074074074,0.33,54,0,6
DTLZ4,10,7,21007,10,154,"S3_(0.50,0.75]",0.8,1,0.4,0.350877192982456,0.52,0.48,0.76,0.596491228070175,0.36,57,0,5
DTLZ4,10,7,21007,11,160,"S3_(0.50,0.75]",0.8,1,0.24,0.32258064516129,0.48,0.48,0.68,0.564516129032258,0.37,62,0,5
DTLZ4,10,7,21007,12,166,"S3_(0.50,0.75]",0.8,1,0.16,0.3125,0.56,0.48,0.64,0.578125,0.39,64,0,5
DTLZ4,10,7,21007,13,172,"S3_(0.50,0.75]",0.8,1,0.16,0.298507462686567,0.52,0.36,0.64,0.567164179104478,0.4,67,0,5
DTLZ4,10,7,21007,14,178,"S3_(0.50,0.75]",0.76,1,0.16,0.287878787878788,0.52,0.44,0.64,0.606060606060606,0.43,66,0,6
DTLZ4,10,7,21007,15,184,"S3_(0.50,0.75]",0.84,1,0.12,0.318181818181818,0.56,0.52,0.64,0.590909090909091,0.46,66,0,4
DTLZ4,10,7,21007,16,190,"S3_(0.50,0.75]",0.64,1,0.44,0.533333333333333,0.44,0.44,0.56,0.533333333333333,0.46,30,0,9
DTLZ4,10,7,21007,17,196,"S3_(0.50,0.75]",0.72,1,0.24,0.290322580645161,0.56,0.4,0.64,0.548387096774194,0.47,62,0,7
DTLZ4,10,7,21007,18,202,"S3_(0.50,0.75]",0.72,1,0.52,0.580645161290323,0.52,0.52,0.6,0.580645161290323,0.52,31,0,7
DTLZ4,10,7,21007,19,208,"S3_(0.50,0.75]",0.64,1,0.16,0.238805970149254,0.64,0.4,0.68,0.597014925373134,0.53,67,0,9
DTLZ4,10,7,21007,20,214,"S3_(0.50,0.75]",0.6,1,0.16,0.227272727272727,0.64,0.4,0.68,0.590909090909091,0.53,66,0,10
DTLZ4,10,7,21007,21,220,"S3_(0.50,0.75]",0.76,1,0.2,0.27536231884058,0.6,0.44,0.64,0.608695652173913,0.58,69,0,6
DTLZ4,10,7,21007,22,226,"S4_(0.75,1.00]",0.84,1,0.28,0.318181818181818,0.68,0.52,0.72,0.681818181818182,0.61,66,0,4
DTLZ4,10,7,21007,23,232,"S4_(0.75,1.00]",0.8,1,0.64,0.645161290322581,0.64,0.48,0.72,0.709677419354839,0.63,31,0,5
DTLZ4,10,7,21007,24,238,"S4_(0.75,1.00]",0.8,1,0.6,0.625,0.64,0.52,0.72,0.71875,0.65,32,0,5
DTLZ4,10,7,21007,25,244,"S4_(0.75,1.00]",0.8,1,0.56,0.606060606060606,0.64,0.52,0.76,0.727272727272727,0.68,33,0,5
DTLZ4,10,7,21007,26,250,"S4_(0.75,1.00]",0.8,1,0.6,0.606060606060606,0.68,0.6,0.76,0.757575757575758,0.72,33,0,5
DTLZ4,10,7,21007,27,256,"S4_(0.75,1.00]",0.76,1,0.52,0.527777777777778,0.68,0.68,0.8,0.777777777777778,0.76,36,0,6
DTLZ4,10,7,21007,28,262,"S4_(0.75,1.00]",0.72,1,0.44,0.5,0.8,0.76,0.84,0.861111111111111,0.82,36,0,7
DTLZ4,10,7,21007,29,268,"S4_(0.75,1.00]",0.8,1,0.44,0.512820512820513,0.88,0.84,0.92,0.923076923076923,0.87,39,0,5
DTLZ4,10,7,21007,30,274,"S4_(0.75,1.00]",0.8,1,0.44,0.5,0.88,0.84,0.92,0.925,0.91,40,0,5
DTLZ4,10,7,21007,31,280,"S4_(0.75,1.00]",0.8,1,0.48,0.48780487804878,0.88,0.84,0.88,0.902439024390244,0.92,41,0,5
DTLZ4,10,7,21007,32,286,"S4_(0.75,1.00]",0.76,1,0.44,0.475,0.92,0.88,0.92,0.925,0.95,40,0,6
DTLZ4,10,7,21007,33,292,"S4_(0.75,1.00]",0.8,1,0.48,0.5,0.92,0.88,0.96,0.95,0.97,40,0,5
DTLZ4,10,7,21007,34,298,"S4_(0.75,1.00]",0.84,1,0.52,0.51219512195122,0.96,0.96,0.96,0.975609756097561,0.99,41,0,4
DTLZ4,10,8,21008,1,100,"S2_(0.25,0.50]",0.36,0.92,0.24,0.290322580645161,0.28,0.08,0.28,0.354838709677419,0.12,31,0,18
DTLZ4,10,8,21008,2,106,"S2_(0.25,0.50]",0.4,0.88,0.24,0.3125,0.36,0.08,0.36,0.4375,0.15,32,0,17
DTLZ4,10,8,21008,3,112,"S2_(0.25,0.50]",0.52,1,0.36,0.361111111111111,0.32,0.16,0.36,0.388888888888889,0.15,36,0,12
DTLZ4,10,8,21008,4,118,"S2_(0.25,0.50]",0.56,1,0.32,0.358974358974359,0.32,0.16,0.36,0.41025641025641,0.17,39,0,11
DTLZ4,10,8,21008,5,124,"S2_(0.25,0.50]",0.52,1,0.2,0.30952380952381,0.32,0.16,0.4,0.404761904761905,0.18,42,0,12
DTLZ4,10,8,21008,6,130,"S2_(0.25,0.50]",0.6,1,0.2,0.3125,0.28,0.2,0.48,0.416666666666667,0.22,48,0,10
DTLZ4,10,8,21008,7,136,"S2_(0.25,0.50]",0.64,1,0.16,0.326530612244898,0.32,0.24,0.52,0.448979591836735,0.24,49,0,9
DTLZ4,10,8,21008,8,142,"S2_(0.25,0.50]",0.64,1,0.12,0.30188679245283,0.36,0.28,0.56,0.471698113207547,0.27,53,0,9
DTLZ4,10,8,21008,9,148,"S2_(0.25,0.50]",0.72,1,0.16,0.327272727272727,0.36,0.32,0.68,0.490909090909091,0.28,55,0,7
DTLZ4,10,8,21008,10,154,"S3_(0.50,0.75]",0.84,1,0.2,0.362068965517241,0.4,0.36,0.68,0.5,0.3,58,0,4
DTLZ4,10,8,21008,11,160,"S3_(0.50,0.75]",0.84,1,0.24,0.338709677419355,0.44,0.44,0.76,0.5,0.33,62,0,4
DTLZ4,10,8,21008,12,166,"S3_(0.50,0.75]",0.88,1,0.16,0.338461538461538,0.48,0.44,0.76,0.507692307692308,0.35,65,0,3
DTLZ4,10,8,21008,13,172,"S3_(0.50,0.75]",0.8,1,0.08,0.298507462686567,0.48,0.28,0.76,0.507462686567164,0.36,67,0,5
DTLZ4,10,8,21008,14,178,"S3_(0.50,0.75]",0.64,1,0.12,0.25,0.52,0.32,0.76,0.53125,0.39,64,0,9
DTLZ4,10,8,21008,15,184,"S3_(0.50,0.75]",0.64,1,0.08,0.246153846153846,0.52,0.36,0.76,0.538461538461538,0.4,65,0,9
DTLZ4,10,8,21008,16,190,"S3_(0.50,0.75]",0.8,1,0.04,0.317460317460317,0.36,0.28,0.72,0.53968253968254,0.4,63,0,5
DTLZ4,10,8,21008,17,196,"S3_(0.50,0.75]",0.36,1,0.32,0.290322580645161,0.56,0.28,0.52,0.548387096774194,0.43,31,0,16
DTLZ4,10,8,21008,18,202,"S3_(0.50,0.75]",0.36,1,0.32,0.290322580645161,0.56,0.28,0.52,0.548387096774194,0.45,31,0,16
DTLZ4,10,8,21008,19,208,"S3_(0.50,0.75]",0.36,1,0.28,0.28125,0.56,0.28,0.6,0.5625,0.47,32,0,16
DTLZ4,10,8,21008,20,214,"S3_(0.50,0.75]",0.44,1,0.36,0.333333333333333,0.52,0.32,0.56,0.545454545454545,0.49,33,0,14
DTLZ4,10,8,21008,21,220,"S3_(0.50,0.75]",0.52,1,0.36,0.382352941176471,0.6,0.32,0.64,0.617647058823529,0.52,34,0,12
DTLZ4,10,8,21008,22,226,"S4_(0.75,1.00]",0.6,1,0.36,0.394736842105263,0.56,0.4,0.6,0.605263157894737,0.56,38,0,10
DTLZ4,10,8,21008,23,232,"S4_(0.75,1.00]",0.56,1,0.36,0.368421052631579,0.6,0.4,0.68,0.657894736842105,0.58,38,0,11
DTLZ4,10,8,21008,24,238,"S4_(0.75,1.00]",0.64,1,0.4,0.421052631578947,0.56,0.48,0.64,0.631578947368421,0.61,38,0,9
DTLZ4,10,8,21008,25,244,"S4_(0.75,1.00]",0.76,1,0.48,0.441860465116279,0.56,0.52,0.68,0.651162790697674,0.64,43,0,6
DTLZ4,10,8,21008,26,250,"S4_(0.75,1.00]",0.72,1,0.4,0.45,0.64,0.52,0.72,0.7,0.68,40,0,7
DTLZ4,10,8,21008,27,256,"S4_(0.75,1.00]",0.8,1,0.4,0.454545454545455,0.68,0.52,0.8,0.75,0.71,44,0,5
DTLZ4,10,8,21008,28,262,"S4_(0.75,1.00]",0.72,1,0.28,0.418604651162791,0.76,0.6,0.84,0.813953488372093,0.75,43,0,7
DTLZ4,10,8,21008,29,268,"S4_(0.75,1.00]",0.64,1,0.28,0.372093023255814,0.8,0.68,0.88,0.86046511627907,0.78,43,0,9
DTLZ4,10,8,21008,30,274,"S4_(0.75,1.00]",0.68,1,0.32,0.395348837209302,0.84,0.84,0.96,0.906976744186046,0.84,43,0,8
DTLZ4,10,8,21008,31,280,"S4_(0.75,1.00]",0.64,1,0.28,0.355555555555556,0.84,0.84,0.96,0.911111111111111,0.86,45,0,9
DTLZ4,10,8,21008,32,286,"S4_(0.75,1.00]",0.6,1,0.2,0.326086956521739,0.8,0.88,0.96,0.891304347826087,0.9,46,0,10
DTLZ4,10,8,21008,33,292,"S4_(0.75,1.00]",0.56,1,0.12,0.304347826086957,0.92,0.92,1,0.956521739130435,0.95,46,0,11
DTLZ4,10,8,21008,34,298,"S4_(0.75,1.00]",0.64,1,0.2,0.355555555555556,0.96,0.96,1,0.955555555555556,0.97,45,0,9
DTLZ4,10,9,21009,1,100,"S2_(0.25,0.50]",0.36,0.92,0.32,0.3,0.64,0.04,0.64,0.7,0.21,30,0,18
DTLZ4,10,9,21009,2,106,"S2_(0.25,0.50]",0.44,1,0.32,0.333333333333333,0.64,0.2,0.68,0.696969696969697,0.23,33,0,14
DTLZ4,10,9,21009,3,112,"S2_(0.25,0.50]",0.48,1,0.36,0.352941176470588,0.64,0.2,0.68,0.705882352941177,0.24,34,0,13
DTLZ4,10,9,21009,4,118,"S2_(0.25,0.50]",0.44,1,0.36,0.297297297297297,0.56,0.32,0.72,0.702702702702703,0.29,37,0,14
DTLZ4,10,9,21009,5,124,"S2_(0.25,0.50]",0.44,1,0.24,0.289473684210526,0.6,0.32,0.68,0.710526315789474,0.3,38,0,14
DTLZ4,10,9,21009,6,130,"S2_(0.25,0.50]",0.56,1,0.28,0.318181818181818,0.52,0.48,0.76,0.704545454545455,0.34,44,0,11
DTLZ4,10,9,21009,7,136,"S2_(0.25,0.50]",0.6,1,0.28,0.319148936170213,0.52,0.48,0.76,0.680851063829787,0.35,47,0,10
DTLZ4,10,9,21009,8,142,"S2_(0.25,0.50]",0.56,1,0.28,0.297872340425532,0.64,0.44,0.84,0.74468085106383,0.35,47,0,11
DTLZ4,10,9,21009,9,148,"S2_(0.25,0.50]",0.68,1,0.36,0.346938775510204,0.72,0.56,0.88,0.795918367346939,0.4,49,0,8
DTLZ4,10,9,21009,10,154,"S3_(0.50,0.75]",0.68,1,0.32,0.34,0.68,0.48,0.88,0.78,0.4,50,0,8
DTLZ4,10,9,21009,11,160,"S3_(0.50,0.75]",0.56,1,0.24,0.285714285714286,0.68,0.4,0.88,0.795918367346939,0.4,49,0,11
DTLZ4,10,9,21009,12,166,"S3_(0.50,0.75]",0.68,1,0.28,0.303571428571429,0.6,0.32,0.92,0.714285714285714,0.41,56,0,8
DTLZ4,10,9,21009,13,172,"S3_(0.50,0.75]",0.68,1,0.16,0.298245614035088,0.56,0.24,0.92,0.719298245614035,0.42,57,0,8
DTLZ4,10,9,21009,14,178,"S3_(0.50,0.75]",0.68,1,0.08,0.283333333333333,0.44,0.16,0.92,0.683333333333333,0.42,60,0,8
DTLZ4,10,9,21009,15,184,"S3_(0.50,0.75]",0.68,1,0.04,0.26984126984127,0.44,0.16,0.92,0.698412698412698,0.45,63,0,8
DTLZ4,10,9,21009,16,190,"S3_(0.50,0.75]",0.68,1,0.04,0.246376811594203,0.44,0.28,0.92,0.666666666666667,0.48,69,0,8
DTLZ4,10,9,21009,17,196,"S3_(0.50,0.75]",0.48,1,0.08,0.206896551724138,0.64,0.4,0.88,0.793103448275862,0.51,58,0,13
DTLZ4,10,9,21009,18,202,"S3_(0.50,0.75]",0.44,1,0.08,0.189655172413793,0.64,0.36,0.88,0.793103448275862,0.52,58,0,14
DTLZ4,10,9,21009,19,208,"S3_(0.50,0.75]",0.72,1,0.16,0.26865671641791,0.52,0.36,0.96,0.761194029850746,0.55,67,0,7
DTLZ4,10,9,21009,20,214,"S3_(0.50,0.75]",0.76,1,0.12,0.283582089552239,0.6,0.44,1,0.791044776119403,0.57,67,0,6
DTLZ4,10,9,21009,21,220,"S3_(0.50,0.75]",0.84,1,0.08,0.3,0.68,0.56,0.96,0.828571428571429,0.61,70,0,4
DTLZ4,10,9,21009,22,226,"S4_(0.75,1.00]",0.8,1,0.08,0.285714285714286,0.64,0.56,0.96,0.828571428571429,0.61,70,0,5
DTLZ4,10,9,21009,23,232,"S4_(0.75,1.00]",0.84,1,0.08,0.304347826086957,0.56,0.48,0.96,0.797101449275362,0.61,69,0,4
DTLZ4,10,9,21009,24,238,"S4_(0.75,1.00]",0.64,1,0.08,0.253968253968254,0.56,0.44,0.96,0.761904761904762,0.64,63,0,9
DTLZ4,10,9,21009,25,244,"S4_(0.75,1.00]",0.6,1,0.08,0.234375,0.68,0.44,0.96,0.796875,0.67,64,0,10
DTLZ4,10,9,21009,26,250,"S4_(0.75,1.00]",0.52,1,0.12,0.203125,0.76,0.56,0.96,0.828125,0.72,64,0,12
DTLZ4,10,9,21009,27,256,"S4_(0.75,1.00]",0.48,1,0.12,0.19047619047619,0.84,0.56,1,0.904761904761905,0.78,63,0,13
DTLZ4,10,9,21009,28,262,"S4_(0.75,1.00]",0.48,1,0.12,0.19047619047619,0.84,0.56,1,0.904761904761905,0.78,63,0,13
DTLZ4,10,9,21009,29,268,"S4_(0.75,1.00]",0.44,1,0.12,0.161764705882353,0.88,0.6,1,0.941176470588235,0.82,68,0,14
DTLZ4,10,9,21009,30,274,"S4_(0.75,1.00]",0.44,1,0.08,0.159420289855072,0.88,0.6,1,0.942028985507246,0.83,69,0,14
DTLZ4,10,9,21009,31,280,"S4_(0.75,1.00]",0.48,1,0.04,0.176470588235294,0.92,0.64,1,0.970588235294118,0.87,68,0,13
DTLZ4,10,9,21009,32,286,"S4_(0.75,1.00]",0.48,1,0.04,0.173913043478261,1,0.8,0.96,0.985507246376812,0.91,69,0,13
DTLZ4,10,9,21009,33,292,"S4_(0.75,1.00]",0.56,1,0.08,0.25,1,1,0.96,0.982142857142857,0.97,56,0,11
DTLZ4,10,9,21009,34,298,"S4_(0.75,1.00]",0.56,1,0.08,0.254545454545455,1,1,1,1,0.98,55,0,11
DTLZ4,10,10,21010,1,100,"S2_(0.25,0.50]",0.4,0.72,0.36,0.382352941176471,0.44,0.04,0.44,0.529411764705882,0.18,34,0,19
DTLZ4,10,10,21010,2,106,"S2_(0.25,0.50]",0.44,1,0.28,0.333333333333333,0.64,0.2,0.52,0.545454545454545,0.18,33,0,14
DTLZ4,10,10,21010,3,112,"S2_(0.25,0.50]",0.52,1,0.28,0.371428571428571,0.6,0.24,0.56,0.571428571428571,0.2,35,0,12
DTLZ4,10,10,21010,4,118,"S2_(0.25,0.50]",0.52,1,0.24,0.351351351351351,0.52,0.2,0.56,0.540540540540541,0.2,37,0,12
DTLZ4,10,10,21010,5,124,"S2_(0.25,0.50]",0.52,1,0.16,0.342105263157895,0.48,0.16,0.56,0.526315789473684,0.2,38,0,12
DTLZ4,10,10,21010,6,130,"S2_(0.25,0.50]",0.52,1,0.08,0.342105263157895,0.48,0.2,0.68,0.578947368421053,0.24,38,0,12
DTLZ4,10,10,21010,7,136,"S2_(0.25,0.50]",0.56,1,0.16,0.358974358974359,0.48,0.24,0.68,0.58974358974359,0.25,39,0,11
DTLZ4,10,10,21010,8,142,"S2_(0.25,0.50]",0.56,1,0.16,0.341463414634146,0.52,0.28,0.72,0.609756097560976,0.29,41,0,11
DTLZ4,10,10,21010,9,148,"S2_(0.25,0.50]",0.64,1,0.16,0.347826086956522,0.52,0.36,0.84,0.652173913043478,0.33,46,0,9
DTLZ4,10,10,21010,10,154,"S3_(0.50,0.75]",0.64,1,0.16,0.333333333333333,0.56,0.44,0.84,0.666666666666667,0.36,48,0,9
DTLZ4,10,10,21010,11,160,"S3_(0.50,0.75]",0.68,1,0.2,0.34,0.6,0.4,0.84,0.66,0.37,50,0,8
DTLZ4,10,10,21010,12,166,"S3_(0.50,0.75]",0.64,1,0.08,0.290909090909091,0.52,0.28,0.84,0.636363636363636,0.38,55,0,9
DTLZ4,10,10,21010,13,172,"S3_(0.50,0.75]",0.6,1,0.04,0.267857142857143,0.52,0.24,0.84,0.642857142857143,0.39,56,0,10
DTLZ4,10,10,21010,14,178,"S3_(0.50,0.75]",0.84,1,0.12,0.381818181818182,0.24,0.28,0.8,0.563636363636364,0.41,55,0,4
DTLZ4,10,10,21010,15,184,"S3_(0.50,0.75]",0.64,1,0,0.266666666666667,0.48,0.36,0.84,0.633333333333333,0.44,60,0,9
DTLZ4,10,10,21010,16,190,"S3_(0.50,0.75]",0.56,1,0,0.233333333333333,0.52,0.44,0.84,0.65,0.47,60,0,11
DTLZ4,10,10,21010,17,196,"S3_(0.50,0.75]",0.72,1,0.08,0.276923076923077,0.48,0.52,0.76,0.615384615384615,0.49,65,0,7
DTLZ4,10,10,21010,18,202,"S3_(0.50,0.75]",0.84,1,0,0.304347826086957,0.6,0.64,0.88,0.652173913043478,0.53,69,0,4
DTLZ4,10,10,21010,19,208,"S3_(0.50,0.75]",0.76,1,0.04,0.27536231884058,0.6,0.6,0.88,0.666666666666667,0.55,69,0,6
DTLZ4,10,10,21010,20,214,"S3_(0.50,0.75]",0.72,1,0.04,0.260869565217391,0.6,0.64,0.96,0.695652173913043,0.58,69,0,7
DTLZ4,10,10,21010,21,220,"S3_(0.50,0.75]",0.76,1,0.04,0.271428571428571,0.6,0.64,0.96,0.7,0.59,70,0,6
DTLZ4,10,10,21010,22,226,"S4_(0.75,1.00]",0.72,1,0.04,0.28125,0.52,0.56,0.96,0.71875,0.6,64,0,7
DTLZ4,10,10,21010,23,232,"S4_(0.75,1.00]",0.68,1,0.04,0.265625,0.68,0.6,0.96,0.765625,0.64,64,0,8
DTLZ4,10,10,21010,24,238,"S4_(0.75,1.00]",0.68,1,0,0.265625,0.72,0.6,1,0.796875,0.66,64,0,8
DTLZ4,10,10,21010,25,244,"S4_(0.75,1.00]",0.6,1,0,0.214285714285714,0.76,0.64,1,0.828571428571429,0.7,70,0,10
DTLZ4,10,10,21010,26,250,"S4_(0.75,1.00]",0.72,1,0.04,0.272727272727273,0.72,0.64,1,0.833333333333333,0.73,66,0,7
DTLZ4,10,10,21010,27,256,"S4_(0.75,1.00]",0.76,1,0.04,0.271428571428571,0.68,0.64,0.96,0.842857142857143,0.76,70,0,6
DTLZ4,10,10,21010,28,262,"S4_(0.75,1.00]",0.52,1,0.48,0.433333333333333,0.76,0.68,0.76,0.8,0.78,30,0,12
DTLZ4,10,10,21010,29,268,"S4_(0.75,1.00]",0.76,1,0,0.279411764705882,0.72,0.76,0.96,0.882352941176471,0.81,68,0,6
DTLZ4,10,10,21010,30,274,"S4_(0.75,1.00]",0.76,1,0,0.279411764705882,0.72,0.76,0.96,0.882352941176471,0.81,68,0,6
DTLZ4,10,10,21010,31,280,"S4_(0.75,1.00]",0.76,1,0,0.279411764705882,0.84,0.84,1,0.926470588235294,0.86,68,0,6
DTLZ4,10,10,21010,32,286,"S4_(0.75,1.00]",0.72,1,0,0.257142857142857,0.88,0.84,1,0.942857142857143,0.89,70,0,7
DTLZ4,10,10,21010,33,292,"S4_(0.75,1.00]",0.72,1,0,0.260869565217391,0.88,0.92,1,0.956521739130435,0.92,69,0,7
DTLZ4,10,10,21010,34,298,"S4_(0.75,1.00]",0.76,1,0.04,0.292307692307692,0.92,0.96,1,0.969230769230769,0.97,65,0,6
DTLZ4,10,11,21011,1,100,"S2_(0.25,0.50]",0.4,0.84,0.28,0.333333333333333,0.4,0.12,0.28,0.4,0.12,30,0,19
DTLZ4,10,11,21011,2,106,"S2_(0.25,0.50]",0.32,0.88,0.2,0.275862068965517,0.4,0.12,0.4,0.413793103448276,0.12,29,0,20
DTLZ4,10,11,21011,3,112,"S2_(0.25,0.50]",0.36,0.92,0.2,0.310344827586207,0.4,0.12,0.44,0.413793103448276,0.12,29,0,18
DTLZ4,10,11,21011,4,118,"S2_(0.25,0.50]",0.36,1,0.24,0.28125,0.44,0.12,0.44,0.375,0.13,32,0,16
DTLZ4,10,11,21011,5,124,"S2_(0.25,0.50]",0.32,1,0.16,0.258064516129032,0.44,0.12,0.44,0.451612903225806,0.15,31,0,17
DTLZ4,10,11,21011,6,130,"S2_(0.25,0.50]",0.4,1,0.2,0.303030303030303,0.44,0.16,0.44,0.454545454545455,0.16,33,0,15
DTLZ4,10,11,21011,7,136,"S2_(0.25,0.50]",0.16,1,0.08,0.133333333333333,0.52,0.12,0.44,0.5,0.17,30,0,21
DTLZ4,10,11,21011,8,142,"S2_(0.25,0.50]",0.2,1,0.12,0.161290322580645,0.52,0.12,0.48,0.516129032258065,0.18,31,0,20
DTLZ4,10,11,21011,9,148,"S2_(0.25,0.50]",0.2,1,0.08,0.166666666666667,0.56,0.16,0.52,0.566666666666667,0.19,30,0,20
DTLZ4,10,11,21011,10,154,"S3_(0.50,0.75]",0.2,1,0.04,0.151515151515152,0.56,0.16,0.52,0.545454545454545,0.21,33,0,20
DTLZ4,10,11,21011,11,160,"S3_(0.50,0.75]",0.16,1,0.08,0.111111111111111,0.56,0.12,0.48,0.555555555555556,0.23,36,0,21
DTLZ4,10,11,21011,12,166,"S3_(0.50,0.75]",0.2,1,0.12,0.131578947368421,0.64,0.16,0.56,0.605263157894737,0.26,38,0,20
DTLZ4,10,11,21011,13,172,"S3_(0.50,0.75]",0.24,1,0.12,0.157894736842105,0.68,0.2,0.56,0.631578947368421,0.27,38,0,19
DTLZ4,10,11,21011,14,178,"S3_(0.50,0.75]",0.32,1,0.12,0.205128205128205,0.6,0.24,0.6,0.615384615384615,0.29,39,0,17
DTLZ4,10,11,21011,15,184,"S3_(0.50,0.75]",0.32,1,0.12,0.2,0.68,0.28,0.6,0.65,0.32,40,0,17
DTLZ4,10,11,21011,16,190,"S3_(0.50,0.75]",0.36,1,0.12,0.214285714285714,0.68,0.28,0.6,0.642857142857143,0.33,42,0,16
DTLZ4,10,11,21011,17,196,"S3_(0.50,0.75]",0.4,1,0.16,0.227272727272727,0.6,0.32,0.64,0.636363636363636,0.35,44,0,15
DTLZ4,10,11,21011,18,202,"S3_(0.50,0.75]",0.32,1,0.08,0.177777777777778,0.6,0.36,0.72,0.644444444444444,0.38,45,0,17
DTLZ4,10,11,21011,19,208,"S3_(0.50,0.75]",0.32,1,0.04,0.177777777777778,0.6,0.36,0.68,0.666666666666667,0.41,45,0,17
DTLZ4,10,11,21011,20,214,"S3_(0.50,0.75]",0.44,1,0,0.22,0.6,0.44,0.68,0.68,0.45,50,0,14
DTLZ4,10,11,21011,21,220,"S3_(0.50,0.75]",0.48,1,0.04,0.230769230769231,0.64,0.52,0.68,0.692307692307692,0.47,52,0,13
DTLZ4,10,11,21011,22,226,"S4_(0.75,1.00]",0.52,1,0.04,0.240740740740741,0.64,0.56,0.68,0.703703703703704,0.48,54,0,12
DTLZ4,10,11,21011,23,232,"S4_(0.75,1.00]",0.6,1,0.08,0.230769230769231,0.68,0.6,0.64,0.661538461538462,0.51,65,0,10
DTLZ4,10,11,21011,24,238,"S4_(0.75,1.00]",0.84,1,0.08,0.333333333333333,0.64,0.6,0.64,0.650793650793651,0.54,63,0,4
DTLZ4,10,11,21011,25,244,"S4_(0.75,1.00]",0.72,1,0.04,0.257142857142857,0.76,0.68,0.68,0.671428571428571,0.58,70,0,7
DTLZ4,10,11,21011,26,250,"S4_(0.75,1.00]",0.76,1,0.04,0.271428571428571,0.76,0.76,0.68,0.714285714285714,0.61,70,0,6
DTLZ4,10,11,21011,27,256,"S4_(0.75,1.00]",0.68,1,0.08,0.246376811594203,0.8,0.76,0.8,0.739130434782609,0.64,69,0,8
DTLZ4,10,11,21011,28,262,"S4_(0.75,1.00]",0.68,1,0.12,0.25,0.8,0.76,0.84,0.764705882352941,0.67,68,0,8
DTLZ4,10,11,21011,29,268,"S4_(0.75,1.00]",0.8,1,0.16,0.32258064516129,0.88,0.8,0.84,0.838709677419355,0.73,62,0,5
DTLZ4,10,11,21011,30,274,"S4_(0.75,1.00]",0.8,1,0.16,0.294117647058824,0.84,0.84,0.88,0.867647058823529,0.77,68,0,5
DTLZ4,10,11,21011,31,280,"S4_(0.75,1.00]",0.68,1,0.12,0.25,0.88,0.92,0.92,0.911764705882353,0.82,68,0,8
DTLZ4,10,11,21011,32,286,"S4_(0.75,1.00]",0.76,1,0.2,0.306451612903226,0.92,1,0.96,0.935483870967742,0.87,62,0,6
DTLZ4,10,11,21011,33,292,"S4_(0.75,1.00]",0.76,1,0.12,0.271428571428571,1,1,0.96,0.971428571428571,0.92,70,0,6
DTLZ4,10,11,21011,34,298,"S4_(0.75,1.00]",0.72,1,0.12,0.285714285714286,1,1,1,1,0.98,63,0,7
DTLZ4,10,12,21012,1,100,"S2_(0.25,0.50]",0.32,0.8,0.28,0.3,0.16,0.04,0.2,0.266666666666667,0.08,30,0,21
DTLZ4,10,12,21012,2,106,"S2_(0.25,0.50]",0.36,0.76,0.32,0.3125,0.2,0.04,0.2,0.3125,0.1,32,0,21
DTLZ4,10,12,21012,3,112,"S2_(0.25,0.50]",0.4,0.72,0.28,0.305555555555556,0.24,0.04,0.24,0.361111111111111,0.14,36,0,21
DTLZ4,10,12,21012,4,118,"S2_(0.25,0.50]",0.52,1,0.24,0.333333333333333,0.4,0.2,0.36,0.384615384615385,0.16,39,0,12
DTLZ4,10,12,21012,5,124,"S2_(0.25,0.50]",0.48,1,0.16,0.292682926829268,0.32,0.2,0.36,0.365853658536585,0.17,41,0,13
DTLZ4,10,12,21012,6,130,"S2_(0.25,0.50]",0.48,1,0.16,0.266666666666667,0.36,0.24,0.4,0.4,0.2,45,0,13
DTLZ4,10,12,21012,7,136,"S2_(0.25,0.50]",0.68,1,0.16,0.326923076923077,0.4,0.28,0.4,0.403846153846154,0.22,52,0,8
DTLZ4,10,12,21012,8,142,"S2_(0.25,0.50]",0.68,1,0.16,0.314814814814815,0.36,0.28,0.4,0.388888888888889,0.22,54,0,8
DTLZ4,10,12,21012,9,148,"S2_(0.25,0.50]",0.68,1,0.08,0.314814814814815,0.32,0.28,0.56,0.407407407407407,0.22,54,0,8
DTLZ4,10,12,21012,10,154,"S3_(0.50,0.75]",0.68,1,0.08,0.298245614035088,0.36,0.28,0.6,0.421052631578947,0.24,57,0,8
DTLZ4,10,12,21012,11,160,"S3_(0.50,0.75]",0.56,1,0.04,0.25,0.4,0.28,0.6,0.446428571428571,0.26,56,0,11
DTLZ4,10,12,21012,12,166,"S3_(0.50,0.75]",0.56,1,0.04,0.23728813559322,0.36,0.28,0.64,0.440677966101695,0.27,59,0,11
DTLZ4,10,12,21012,13,172,"S3_(0.50,0.75]",0.44,1,0.32,0.354838709677419,0.6,0.32,0.68,0.612903225806452,0.31,31,0,14
DTLZ4,10,12,21012,14,178,"S3_(0.50,0.75]",0.52,1,0.28,0.382352941176471,0.56,0.36,0.64,0.558823529411765,0.32,34,0,12
DTLZ4,10,12,21012,15,184,"S3_(0.50,0.75]",0.48,1,0.28,0.363636363636364,0.6,0.44,0.68,0.606060606060606,0.37,33,0,13
DTLZ4,10,12,21012,16,190,"S3_(0.50,0.75]",0.72,1,0.28,0.428571428571429,0.6,0.52,0.64,0.595238095238095,0.39,42,0,7
DTLZ4,10,12,21012,17,196,"S3_(0.50,0.75]",0.6,1,0.16,0.384615384615385,0.64,0.6,0.64,0.615384615384615,0.43,39,0,10
DTLZ4,10,12,21012,18,202,"S3_(0.50,0.75]",0.48,1,0.2,0.315789473684211,0.64,0.6,0.64,0.631578947368421,0.46,38,0,13
DTLZ4,10,12,21012,19,208,"S3_(0.50,0.75]",0.48,1,0.24,0.342857142857143,0.6,0.48,0.56,0.6,0.48,35,0,13
DTLZ4,10,12,21012,20,214,"S3_(0.50,0.75]",0.4,1,0.16,0.294117647058824,0.6,0.56,0.6,0.617647058823529,0.51,34,0,15
DTLZ4,10,12,21012,21,220,"S3_(0.50,0.75]",0.44,1,0.2,0.297297297297297,0.6,0.52,0.56,0.567567567567568,0.52,37,0,14
DTLZ4,10,12,21012,22,226,"S4_(0.75,1.00]",0.4,1,0.16,0.277777777777778,0.68,0.68,0.6,0.638888888888889,0.56,36,0,15
DTLZ4,10,12,21012,23,232,"S4_(0.75,1.00]",0.48,1,0.2,0.324324324324324,0.76,0.76,0.64,0.675675675675676,0.59,37,0,13
DTLZ4,10,12,21012,24,238,"S4_(0.75,1.00]",0.44,1,0.16,0.323529411764706,0.8,0.72,0.72,0.735294117647059,0.61,34,0,14
DTLZ4,10,12,21012,25,244,"S4_(0.75,1.00]",0.4,1,0.2,0.303030303030303,0.8,0.72,0.72,0.757575757575758,0.64,33,0,15
DTLZ4,10,12,21012,26,250,"S4_(0.75,1.00]",0.4,1,0.16,0.277777777777778,0.8,0.64,0.8,0.777777777777778,0.66,36,0,15
DTLZ4,10,12,21012,27,256,"S4_(0.75,1.00]",0.6,1,0.32,0.365853658536585,0.8,0.8,0.76,0.780487804878049,0.71,41,0,10
DTLZ4,10,12,21012,28,262,"S4_(0.75,1.00]",0.64,1,0.28,0.380952380952381,0.84,0.8,0.8,0.80952380952381,0.74,42,0,9
DTLZ4,10,12,21012,29,268,"S4_(0.75,1.00]",0.64,1,0.36,0.4,0.84,0.8,0.8,0.825,0.76,40,0,9
DTLZ4,10,12,21012,30,274,"S4_(0.75,1.00]",0.76,1,0.52,0.475,0.92,0.88,0.88,0.875,0.81,40,0,6
DTLZ4,10,12,21012,31,280,"S4_(0.75,1.00]",0.52,1,0.4,0.393939393939394,0.96,0.88,0.96,0.939393939393939,0.84,33,0,12
DTLZ4,10,12,21012,32,286,"S4_(0.75,1.00]",0.88,1,0.56,0.536585365853659,0.96,0.96,0.96,0.951219512195122,0.9,41,0,3
DTLZ4,10,12,21012,33,292,"S4_(0.75,1.00]",0.84,1,0.52,0.5,0.96,0.96,0.96,0.952380952380952,0.93,42,0,4
DTLZ4,10,12,21012,34,298,"S4_(0.75,1.00]",0.84,1,0.56,0.5,1,0.96,1,1,0.98,42,0,4
DTLZ4,10,13,21013,1,100,"S2_(0.25,0.50]",0.48,0.96,0.32,0.363636363636364,0.4,0.12,0.36,0.393939393939394,0.13,33,0,13
DTLZ4,10,13,21013,2,106,"S2_(0.25,0.50]",0.56,1,0.32,0.388888888888889,0.44,0.16,0.32,0.416666666666667,0.15,36,0,11
DTLZ4,10,13,21013,3,112,"S2_(0.25,0.50]",0.48,1,0.24,0.342857142857143,0.56,0.24,0.32,0.485714285714286,0.17,35,0,13
DTLZ4,10,13,21013,4,118,"S2_(0.25,0.50]",0.52,1,0.16,0.317073170731707,0.44,0.24,0.36,0.439024390243902,0.18,41,0,12
DTLZ4,10,13,21013,5,124,"S2_(0.25,0.50]",0.56,1,0.12,0.325581395348837,0.36,0.2,0.32,0.418604651162791,0.18,43,0,11
DTLZ4,10,13,21013,6,130,"S2_(0.25,0.50]",0.64,1,0.2,0.326530612244898,0.4,0.32,0.4,0.428571428571429,0.21,49,0,9
DTLZ4,10,13,21013,7,136,"S2_(0.25,0.50]",0.72,1,0.2,0.339622641509434,0.4,0.32,0.48,0.415094339622642,0.22,53,0,7
DTLZ4,10,13,21013,8,142,"S2_(0.25,0.50]",0.72,1,0.12,0.315789473684211,0.44,0.32,0.52,0.421052631578947,0.24,57,0,7
DTLZ4,10,13,21013,9,148,"S2_(0.25,0.50]",0.72,1,0.08,0.285714285714286,0.4,0.32,0.48,0.380952380952381,0.24,63,0,7
DTLZ4,10,13,21013,10,154,"S3_(0.50,0.75]",0.72,1,0.08,0.295081967213115,0.44,0.36,0.52,0.442622950819672,0.27,61,0,7
DTLZ4,10,13,21013,11,160,"S3_(0.50,0.75]",0.96,1,0.04,0.342857142857143,0.44,0.4,0.6,0.414285714285714,0.29,70,0,1
DTLZ4,10,13,21013,12,166,"S3_(0.50,0.75]",0.88,1,0.04,0.349206349206349,0.48,0.4,0.6,0.476190476190476,0.3,63,0,3
DTLZ4,10,13,21013,13,172,"S3_(0.50,0.75]",0.84,1,0.08,0.323076923076923,0.52,0.52,0.64,0.507692307692308,0.34,65,0,4
DTLZ4,10,13,21013,14,178,"S3_(0.50,0.75]",0.68,1,0.52,0.548387096774194,0.52,0.48,0.48,0.548387096774194,0.34,31,0,8
DTLZ4,10,13,21013,15,184,"S3_(0.50,0.75]",0.92,1,0.24,0.333333333333333,0.6,0.56,0.44,0.550724637681159,0.39,69,0,2
DTLZ4,10,13,21013,16,190,"S3_(0.50,0.75]",0.76,1,0.6,0.527777777777778,0.64,0.52,0.56,0.638888888888889,0.41,36,0,6
DTLZ4,10,13,21013,17,196,"S3_(0.50,0.75]",0.68,1,0.28,0.288135593220339,0.64,0.52,0.48,0.525423728813559,0.41,59,0,8
DTLZ4,10,13,21013,18,202,"S3_(0.50,0.75]",0.84,1,0.36,0.304347826086957,0.72,0.64,0.68,0.565217391304348,0.46,69,0,4
DTLZ4,10,13,21013,19,208,"S3_(0.50,0.75]",0.84,1,0.56,0.456521739130435,0.72,0.64,0.52,0.608695652173913,0.49,46,0,4
DTLZ4,10,13,21013,20,214,"S3_(0.50,0.75]",0.8,1,0.6,0.48780487804878,0.68,0.64,0.64,0.682926829268293,0.5,41,0,5
DTLZ4,10,13,21013,21,220,"S3_(0.50,0.75]",0.72,1,0.48,0.428571428571429,0.68,0.68,0.64,0.69047619047619,0.53,42,0,7
DTLZ4,10,13,21013,22,226,"S4_(0.75,1.00]",0.76,1,0.44,0.41304347826087,0.72,0.72,0.68,0.695652173913043,0.56,46,0,6
DTLZ4,10,13,21013,23,232,"S4_(0.75,1.00]",0.8,1,0.4,0.408163265306122,0.76,0.68,0.72,0.714285714285714,0.6,49,0,5
DTLZ4,10,13,21013,24,238,"S4_(0.75,1.00]",0.8,1,0.44,0.408163265306122,0.76,0.64,0.72,0.73469387755102,0.62,49,0,5
DTLZ4,10,13,21013,25,244,"S4_(0.75,1.00]",0.8,1,0.48,0.434782608695652,0.72,0.6,0.72,0.717391304347826,0.63,46,0,5
DTLZ4,10,13,21013,26,250,"S4_(0.75,1.00]",0.8,1,0.48,0.425531914893617,0.72,0.64,0.72,0.74468085106383,0.66,47,0,5
DTLZ4,10,13,21013,27,256,"S4_(0.75,1.00]",0.8,1,0.48,0.444444444444444,0.8,0.76,0.8,0.777777777777778,0.7,45,0,5
DTLZ4,10,13,21013,28,262,"S4_(0.75,1.00]",0.84,1,0.52,0.466666666666667,0.8,0.8,0.84,0.8,0.73,45,0,4
DTLZ4,10,13,21013,29,268,"S4_(0.75,1.00]",0.92,1,0.52,0.511111111111111,0.84,0.76,0.92,0.866666666666667,0.76,45,0,2
DTLZ4,10,13,21013,30,274,"S4_(0.75,1.00]",0.84,1,0.44,0.477272727272727,0.92,0.84,0.96,0.931818181818182,0.82,44,0,4
DTLZ4,10,13,21013,31,280,"S4_(0.75,1.00]",0.88,1,0.4,0.458333333333333,0.92,0.88,0.96,0.9375,0.85,48,0,3
DTLZ4,10,13,21013,32,286,"S4_(0.75,1.00]",0.84,1,0.36,0.446808510638298,0.92,0.92,0.96,0.936170212765957,0.87,47,0,4
DTLZ4,10,13,21013,33,292,"S4_(0.75,1.00]",0.64,1,0.36,0.372093023255814,1,1,1,1,0.93,43,0,9
DTLZ4,10,13,21013,34,298,"S4_(0.75,1.00]",0.84,1,0.36,0.411764705882353,0.96,0.96,1,0.980392156862745,0.97,51,0,4
DTLZ4,10,14,21014,1,100,"S2_(0.25,0.50]",0.4,0.96,0.32,0.3125,0.52,0.12,0.6,0.5625,0.18,32,0,16
DTLZ4,10,14,21014,2,106,"S2_(0.25,0.50]",0.4,1,0.32,0.3125,0.56,0.16,0.56,0.59375,0.19,32,0,15
DTLZ4,10,14,21014,3,112,"S2_(0.25,0.50]",0.44,1,0.32,0.314285714285714,0.52,0.16,0.56,0.571428571428571,0.2,35,0,14
DTLZ4,10,14,21014,4,118,"S2_(0.25,0.50]",0.48,1,0.28,0.324324324324324,0.48,0.16,0.6,0.567567567567568,0.21,37,0,13
DTLZ4,10,14,21014,5,124,"S2_(0.25,0.50]",0.52,1,0.4,0.325,0.36,0.08,0.48,0.525,0.21,40,0,12
DTLZ4,10,14,21014,6,130,"S2_(0.25,0.50]",0.6,1,0.36,0.348837209302326,0.32,0.12,0.48,0.534883720930233,0.23,43,0,10
DTLZ4,10,14,21014,7,136,"S2_(0.25,0.50]",0.72,1,0.32,0.391304347826087,0.32,0.16,0.56,0.521739130434783,0.24,46,0,7
DTLZ4,10,14,21014,8,142,"S2_(0.25,0.50]",0.72,1,0.24,0.36,0.36,0.2,0.64,0.52,0.27,50,0,7
DTLZ4,10,14,21014,9,148,"S2_(0.25,0.50]",0.6,1,0.12,0.294117647058824,0.36,0.16,0.68,0.549019607843137,0.29,51,0,10
DTLZ4,10,14,21014,10,154,"S3_(0.50,0.75]",0.4,1,0.28,0.333333333333333,0.56,0.28,0.64,0.633333333333333,0.32,30,0,15
DTLZ4,10,14,21014,11,160,"S3_(0.50,0.75]",0.4,1,0.24,0.32258064516129,0.52,0.32,0.56,0.580645161290323,0.34,31,0,15
DTLZ4,10,14,21014,12,166,"S3_(0.50,0.75]",0.52,1,0.32,0.361111111111111,0.52,0.32,0.48,0.555555555555556,0.36,36,0,12
DTLZ4,10,14,21014,13,172,"S3_(0.50,0.75]",0.48,1,0.36,0.352941176470588,0.52,0.32,0.44,0.558823529411765,0.37,34,0,13
DTLZ4,10,14,21014,14,178,"S3_(0.50,0.75]",0.48,1,0.36,0.342857142857143,0.6,0.36,0.52,0.6,0.39,35,0,13
DTLZ4,10,14,21014,15,184,"S3_(0.50,0.75]",0.56,1,0.28,0.378378378378378,0.52,0.4,0.48,0.513513513513513,0.41,37,0,11
DTLZ4,10,14,21014,16,190,"S3_(0.50,0.75]",0.6,1,0.44,0.483870967741935,0.56,0.4,0.56,0.548387096774194,0.43,31,0,10
DTLZ4,10,14,21014,17,196,"S3_(0.50,0.75]",0.64,1,0.32,0.432432432432432,0.44,0.48,0.36,0.405405405405405,0.46,37,0,9
DTLZ4,10,14,21014,18,202,"S3_(0.50,0.75]",0.56,1,0.28,0.388888888888889,0.4,0.48,0.44,0.416666666666667,0.47,36,0,11
DTLZ4,10,14,21014,19,208,"S3_(0.50,0.75]",0.52,1,0.32,0.419354838709677,0.48,0.48,0.48,0.483870967741935,0.48,31,0,12
DTLZ4,10,14,21014,20,214,"S3_(0.50,0.75]",0.6,1,0.36,0.483870967741935,0.56,0.6,0.56,0.548387096774194,0.52,31,0,10
DTLZ4,10,14,21014,21,220,"S3_(0.50,0.75]",0.6,1,0.28,0.454545454545455,0.6,0.56,0.6,0.545454545454545,0.54,33,0,10
DTLZ4,10,14,21014,22,226,"S4_(0.75,1.00]",0.64,1,0.36,0.470588235294118,0.6,0.6,0.6,0.588235294117647,0.57,34,0,9
DTLZ4,10,14,21014,23,232,"S4_(0.75,1.00]",0.6,1,0.36,0.441176470588235,0.64,0.64,0.6,0.617647058823529,0.61,34,0,10
DTLZ4,10,14,21014,24,238,"S4_(0.75,1.00]",0.76,1,0.44,0.487179487179487,0.72,0.64,0.6,0.615384615384615,0.64,39,0,6
DTLZ4,10,14,21014,25,244,"S4_(0.75,1.00]",0.72,1,0.4,0.545454545454545,0.8,0.76,0.72,0.757575757575758,0.7,33,0,7
DTLZ4,10,14,21014,26,250,"S4_(0.75,1.00]",0.76,1,0.44,0.575757575757576,0.8,0.8,0.68,0.757575757575758,0.72,33,0,6
DTLZ4,10,14,21014,27,256,"S4_(0.75,1.00]",0.76,1,0.44,0.575757575757576,0.8,0.8,0.72,0.787878787878788,0.77,33,0,6
DTLZ4,10,14,21014,28,262,"S4_(0.75,1.00]",0.76,1,0.44,0.575757575757576,0.8,0.8,0.72,0.787878787878788,0.79,33,0,6
DTLZ4,10,14,21014,29,268,"S4_(0.75,1.00]",0.72,1,0.4,0.545454545454545,0.84,0.8,0.76,0.818181818181818,0.82,33,0,7
DTLZ4,10,14,21014,30,274,"S4_(0.75,1.00]",0.68,1,0.4,0.53125,0.84,0.84,0.8,0.84375,0.84,32,0,8
DTLZ4,10,14,21014,31,280,"S4_(0.75,1.00]",0.76,1,0.36,0.5,1,0.92,0.92,0.947368421052632,0.9,38,0,6
DTLZ4,10,14,21014,32,286,"S4_(0.75,1.00]",0.64,1,0.28,0.380952380952381,1,0.92,0.92,0.952380952380952,0.93,42,0,9
DTLZ4,10,14,21014,33,292,"S4_(0.75,1.00]",0.64,1,0.32,0.372093023255814,1,0.92,0.96,0.976744186046512,0.96,43,0,9
DTLZ4,10,14,21014,34,298,"S4_(0.75,1.00]",0.72,1,0.36,0.428571428571429,1,1,1,1,1,42,0,7
DTLZ4,10,15,21015,1,100,"S2_(0.25,0.50]",0.28,0.84,0.2,0.212121212121212,0.48,0,0.56,0.606060606060606,0.2,33,0,22
DTLZ4,10,15,21015,2,106,"S2_(0.25,0.50]",0.36,1,0.16,0.25,0.48,0.08,0.72,0.611111111111111,0.22,36,0,16
DTLZ4,10,15,21015,3,112,"S2_(0.25,0.50]",0.36,1,0.08,0.230769230769231,0.48,0.08,0.68,0.615384615384615,0.24,39,0,16
DTLZ4,10,15,21015,4,118,"S2_(0.25,0.50]",0.36,1,0.04,0.219512195121951,0.44,0.08,0.76,0.609756097560976,0.25,41,0,16
DTLZ4,10,15,21015,5,124,"S2_(0.25,0.50]",0.48,1,0.12,0.272727272727273,0.4,0.16,0.84,0.613636363636364,0.27,44,0,13
DTLZ4,10,15,21015,6,130,"S2_(0.25,0.50]",0.44,1,0.08,0.25,0.44,0.16,0.84,0.636363636363636,0.28,44,0,14
DTLZ4,10,15,21015,7,136,"S2_(0.25,0.50]",0.52,1,0.16,0.276595744680851,0.36,0.24,0.8,0.617021276595745,0.3,47,0,12
DTLZ4,10,15,21015,8,142,"S2_(0.25,0.50]",0.6,1,0.2,0.3125,0.44,0.32,0.8,0.645833333333333,0.33,48,0,10
DTLZ4,10,15,21015,9,148,"S2_(0.25,0.50]",0.64,1,0.16,0.307692307692308,0.48,0.32,0.8,0.634615384615385,0.34,52,0,9
DTLZ4,10,15,21015,10,154,"S3_(0.50,0.75]",0.6,1,0.2,0.288461538461538,0.52,0.32,0.8,0.653846153846154,0.36,52,0,10
DTLZ4,10,15,21015,11,160,"S3_(0.50,0.75]",0.6,1,0.2,0.294117647058824,0.56,0.32,0.8,0.705882352941177,0.38,51,0,10
DTLZ4,10,15,21015,12,166,"S3_(0.50,0.75]",0.6,1,0.16,0.283018867924528,0.52,0.28,0.84,0.679245283018868,0.39,53,0,10
DTLZ4,10,15,21015,13,172,"S3_(0.50,0.75]",0.6,1,0.16,0.263157894736842,0.44,0.28,0.8,0.631578947368421,0.39,57,0,10
DTLZ4,10,15,21015,14,178,"S3_(0.50,0.75]",0.72,1,0.16,0.276923076923077,0.32,0.32,0.76,0.569230769230769,0.4,65,0,7
DTLZ4,10,15,21015,15,184,"S3_(0.50,0.75]",0.68,1,0.12,0.257575757575758,0.36,0.28,0.76,0.575757575757576,0.41,66,0,8
DTLZ4,10,15,21015,16,190,"S3_(0.50,0.75]",0.68,1,0.08,0.26984126984127,0.48,0.32,0.76,0.634920634920635,0.43,63,0,8
DTLZ4,10,15,21015,17,196,"S3_(0.50,0.75]",0.6,1,0.04,0.238095238095238,0.56,0.4,0.76,0.666666666666667,0.45,63,0,10
DTLZ4,10,15,21015,18,202,"S3_(0.50,0.75]",0.72,1,0.04,0.260869565217391,0.6,0.44,0.84,0.666666666666667,0.47,69,0,7
DTLZ4,10,15,21015,19,208,"S3_(0.50,0.75]",0.68,1,0.04,0.246376811594203,0.6,0.44,0.84,0.695652173913043,0.5,69,0,8
DTLZ4,10,15,21015,20,214,"S3_(0.50,0.75]",0.72,1,0.08,0.26865671641791,0.68,0.56,0.88,0.73134328358209,0.53,67,0,7
DTLZ4,10,15,21015,21,220,"S3_(0.50,0.75]",0.76,1,0.08,0.279411764705882,0.6,0.48,0.88,0.735294117647059,0.54,68,0,6
DTLZ4,10,15,21015,22,226,"S4_(0.75,1.00]",0.76,1,0.12,0.27536231884058,0.64,0.52,0.88,0.753623188405797,0.57,69,0,6
DTLZ4,10,15,21015,23,232,"S4_(0.75,1.00]",0.6,1,0.04,0.214285714285714,0.64,0.48,0.88,0.742857142857143,0.58,70,0,10
DTLZ4,10,15,21015,24,238,"S4_(0.75,1.00]",0.6,1,0.04,0.214285714285714,0.6,0.48,0.88,0.785714285714286,0.61,70,0,10
DTLZ4,10,15,21015,25,244,"S4_(0.75,1.00]",0.64,1,0.16,0.242424242424242,0.68,0.52,0.88,0.803030303030303,0.66,66,0,9
DTLZ4,10,15,21015,26,250,"S4_(0.75,1.00]",0.64,1,0.12,0.246153846153846,0.76,0.52,0.88,0.830769230769231,0.68,65,0,9
DTLZ4,10,15,21015,27,256,"S4_(0.75,1.00]",0.68,1,0.12,0.25,0.72,0.6,0.92,0.852941176470588,0.73,68,0,8
DTLZ4,10,15,21015,28,262,"S4_(0.75,1.00]",0.64,1,0.12,0.228571428571429,0.76,0.6,0.88,0.871428571428571,0.75,70,0,9
DTLZ4,10,15,21015,29,268,"S4_(0.75,1.00]",0.76,1,0.12,0.271428571428571,0.76,0.68,0.92,0.885714285714286,0.77,70,0,6
DTLZ4,10,15,21015,30,274,"S4_(0.75,1.00]",0.72,1,0.2,0.321428571428571,0.84,0.72,1,0.892857142857143,0.82,56,0,7
DTLZ4,10,15,21015,31,280,"S4_(0.75,1.00]",0.72,1,0.2,0.315789473684211,0.84,0.72,1,0.894736842105263,0.83,57,0,7
DTLZ4,10,15,21015,32,286,"S4_(0.75,1.00]",0.68,1,0.16,0.303571428571429,0.88,0.72,1,0.928571428571429,0.87,56,0,8
DTLZ4,10,15,21015,33,292,"S4_(0.75,1.00]",0.68,1,0.16,0.298245614035088,0.84,0.8,1,0.912280701754386,0.92,57,0,8
DTLZ4,10,15,21015,34,298,"S4_(0.75,1.00]",0.64,1,0.16,0.290909090909091,1,0.96,1,1,0.98,55,0,9
DTLZ4,10,16,21016,1,100,"S2_(0.25,0.50]",0.4,0.88,0.28,0.285714285714286,0.4,0.12,0.36,0.485714285714286,0.17,35,0,18
DTLZ4,10,16,21016,2,106,"S2_(0.25,0.50]",0.4,0.8,0.36,0.333333333333333,0.52,0.08,0.48,0.566666666666667,0.17,30,0,20
DTLZ4,10,16,21016,3,112,"S2_(0.25,0.50]",0.68,0.84,0.4,0.447368421052632,0.36,0.12,0.4,0.473684210526316,0.18,38,0,12
DTLZ4,10,16,21016,4,118,"S2_(0.25,0.50]",0.76,0.88,0.44,0.463414634146341,0.32,0.12,0.32,0.439024390243902,0.18,41,0,9
DTLZ4,10,16,21016,5,124,"S2_(0.25,0.50]",0.6,0.92,0.36,0.375,0.32,0.12,0.32,0.45,0.18,40,0,10
DTLZ4,10,16,21016,6,130,"S2_(0.25,0.50]",0.64,1,0.28,0.355555555555556,0.36,0.12,0.4,0.422222222222222,0.19,45,0,9
DTLZ4,10,16,21016,7,136,"S2_(0.25,0.50]",0.84,1,0.28,0.428571428571429,0.28,0.2,0.48,0.448979591836735,0.22,49,0,4
DTLZ4,10,16,21016,8,142,"S2_(0.25,0.50]",0.72,1,0.24,0.375,0.28,0.16,0.48,0.458333333333333,0.22,48,0,7
DTLZ4,10,16,21016,9,148,"S2_(0.25,0.50]",0.68,1,0.16,0.34,0.28,0.2,0.48,0.44,0.24,50,0,8
DTLZ4,10,16,21016,10,154,"S3_(0.50,0.75]",0.68,1,0.12,0.303571428571429,0.24,0.2,0.48,0.410714285714286,0.25,56,0,8
DTLZ4,10,16,21016,11,160,"S3_(0.50,0.75]",0.68,1,0.12,0.288135593220339,0.24,0.2,0.56,0.423728813559322,0.27,59,0,8
DTLZ4,10,16,21016,12,166,"S3_(0.50,0.75]",0.84,1,0.12,0.333333333333333,0.24,0.28,0.56,0.412698412698413,0.29,63,0,4
DTLZ4,10,16,21016,13,172,"S3_(0.50,0.75]",0.76,1,0.08,0.301587301587302,0.24,0.32,0.56,0.412698412698413,0.3,63,0,6
DTLZ4,10,16,21016,14,178,"S3_(0.50,0.75]",0.72,1,0.08,0.276923076923077,0.28,0.36,0.6,0.415384615384615,0.31,65,0,7
DTLZ4,10,16,21016,15,184,"S3_(0.50,0.75]",0.92,1,0.24,0.328571428571429,0.4,0.4,0.64,0.428571428571429,0.34,70,0,2
DTLZ4,10,16,21016,16,190,"S3_(0.50,0.75]",0.84,1,0.24,0.3,0.48,0.44,0.64,0.471428571428571,0.37,70,0,4
DTLZ4,10,16,21016,17,196,"S3_(0.50,0.75]",0.8,1,0.24,0.289855072463768,0.48,0.52,0.64,0.492753623188406,0.39,69,0,5
DTLZ4,10,16,21016,18,202,"S3_(0.50,0.75]",0.68,1,0.32,0.253731343283582,0.56,0.64,0.68,0.537313432835821,0.43,67,0,8
DTLZ4,10,16,21016,19,208,"S3_(0.50,0.75]",0.52,1,0.4,0.40625,0.6,0.68,0.6,0.65625,0.46,32,0,12
DTLZ4,10,16,21016,20,214,"S3_(0.50,0.75]",0.68,1,0.28,0.293103448275862,0.68,0.8,0.76,0.706896551724138,0.5,58,0,8
DTLZ4,10,16,21016,21,220,"S3_(0.50,0.75]",0.68,1,0.24,0.293103448275862,0.68,0.8,0.8,0.706896551724138,0.51,58,0,8
DTLZ4,10,16,21016,22,226,"S4_(0.75,1.00]",0.68,1,0.16,0.283333333333333,0.64,0.72,0.72,0.683333333333333,0.54,60,0,8
DTLZ4,10,16,21016,23,232,"S4_(0.75,1.00]",0.64,1,0.12,0.258064516129032,0.84,0.76,0.68,0.725806451612903,0.6,62,0,9
DTLZ4,10,16,21016,24,238,"S4_(0.75,1.00]",0.56,1,0.4,0.451612903225806,0.88,0.84,0.92,0.903225806451613,0.66,31,0,11
DTLZ4,10,16,21016,25,244,"S4_(0.75,1.00]",0.72,1,0.6,0.5,0.88,0.88,0.88,0.916666666666667,0.69,36,0,7
DTLZ4,10,16,21016,26,250,"S4_(0.75,1.00]",0.64,1,0.16,0.231884057971014,0.92,0.96,0.8,0.811594202898551,0.74,69,0,9
DTLZ4,10,16,21016,27,256,"S4_(0.75,1.00]",0.64,1,0.2,0.235294117647059,0.92,0.96,0.84,0.823529411764706,0.75,68,0,9
DTLZ4,10,16,21016,28,262,"S4_(0.75,1.00]",0.56,1,0.44,0.451612903225806,0.92,0.96,0.92,0.935483870967742,0.81,31,0,11
DTLZ4,10,16,21016,29,268,"S4_(0.75,1.00]",0.56,1,0.44,0.451612903225806,0.92,0.96,0.92,0.935483870967742,0.82,31,0,11
DTLZ4,10,16,21016,30,274,"S4_(0.75,1.00]",0.6,1,0.44,0.46875,0.96,0.96,0.96,0.96875,0.86,32,0,10
DTLZ4,10,16,21016,31,280,"S4_(0.75,1.00]",0.6,1,0.44,0.454545454545455,0.96,0.96,0.96,0.96969696969697,0.87,33,0,10
DTLZ4,10,16,21016,32,286,"S4_(0.75,1.00]",0.6,1,0.4,0.428571428571429,0.92,0.92,0.96,0.942857142857143,0.89,35,0,10
DTLZ4,10,16,21016,33,292,"S4_(0.75,1.00]",0.64,1,0.44,0.5,0.96,0.96,1,0.96875,0.92,32,0,9
DTLZ4,10,16,21016,34,298,"S4_(0.75,1.00]",0.64,1,0.4,0.444444444444444,1,1,1,1,0.98,36,0,9
DTLZ4,10,17,21017,1,100,"S2_(0.25,0.50]",0.44,0.72,0.36,0.34375,0.44,0,0.36,0.5,0.16,32,0,21
DTLZ4,10,17,21017,2,106,"S2_(0.25,0.50]",0.48,1,0.28,0.333333333333333,0.64,0.2,0.44,0.555555555555556,0.21,36,0,13
DTLZ4,10,17,21017,3,112,"S2_(0.25,0.50]",0.52,1,0.36,0.342105263157895,0.64,0.24,0.44,0.578947368421053,0.23,38,0,12
DTLZ4,10,17,21017,4,118,"S2_(0.25,0.50]",0.64,1,0.44,0.4,0.64,0.36,0.56,0.65,0.28,40,0,9
DTLZ4,10,17,21017,5,124,"S2_(0.25,0.50]",0.6,1,0.36,0.357142857142857,0.56,0.36,0.6,0.619047619047619,0.28,42,0,10
DTLZ4,10,17,21017,6,130,"S2_(0.25,0.50]",0.72,1,0.44,0.382978723404255,0.4,0.28,0.6,0.553191489361702,0.28,47,0,7
DTLZ4,10,17,21017,7,136,"S2_(0.25,0.50]",0.6,1,0.24,0.3125,0.44,0.24,0.68,0.5625,0.3,48,0,10
DTLZ4,10,17,21017,8,142,"S2_(0.25,0.50]",0.56,1,0.24,0.28,0.36,0.2,0.64,0.54,0.3,50,0,11
DTLZ4,10,17,21017,9,148,"S2_(0.25,0.50]",0.48,1,0.2,0.25531914893617,0.4,0.16,0.64,0.574468085106383,0.3,47,0,13
DTLZ4,10,17,21017,10,154,"S3_(0.50,0.75]",0.52,1,0.12,0.25,0.4,0.12,0.84,0.596153846153846,0.31,52,0,12
DTLZ4,10,17,21017,11,160,"S3_(0.50,0.75]",0.6,1,0.04,0.267857142857143,0.28,0.08,0.8,0.535714285714286,0.31,56,0,10
DTLZ4,10,17,21017,12,166,"S3_(0.50,0.75]",0.52,1,0.08,0.216666666666667,0.36,0.12,0.8,0.566666666666667,0.34,60,0,12
DTLZ4,10,17,21017,13,172,"S3_(0.50,0.75]",0.36,1,0.04,0.15,0.36,0.04,0.8,0.566666666666667,0.34,60,0,16
DTLZ4,10,17,21017,14,178,"S3_(0.50,0.75]",0.32,1,0,0.131147540983607,0.32,0,0.8,0.557377049180328,0.34,61,0,17
DTLZ4,10,17,21017,15,184,"S3_(0.50,0.75]",0.4,1,0,0.158730158730159,0.28,0.04,0.8,0.555555555555556,0.35,63,0,15
DTLZ4,10,17,21017,16,190,"S3_(0.50,0.75]",0.56,1,0,0.208955223880597,0.28,0.12,0.8,0.552238805970149,0.37,67,0,11
DTLZ4,10,17,21017,17,196,"S3_(0.50,0.75]",0.68,1,0,0.242857142857143,0.24,0.12,0.8,0.528571428571429,0.37,70,0,8
DTLZ4,10,17,21017,18,202,"S3_(0.50,0.75]",0.4,1,0,0.15625,0.36,0.2,0.8,0.59375,0.39,64,0,15
DTLZ4,10,17,21017,19,208,"S3_(0.50,0.75]",0.4,1,0,0.149253731343284,0.36,0.32,0.84,0.611940298507463,0.43,67,0,15
DTLZ4,10,17,21017,20,214,"S3_(0.50,0.75]",0.4,1,0.04,0.153846153846154,0.4,0.44,0.92,0.615384615384615,0.46,65,0,15
DTLZ4,10,17,21017,21,220,"S3_(0.50,0.75]",0.4,1,0.08,0.151515151515152,0.4,0.48,0.92,0.621212121212121,0.48,66,0,15
DTLZ4,10,17,21017,22,226,"S4_(0.75,1.00]",0.4,1,0.04,0.142857142857143,0.4,0.56,0.84,0.614285714285714,0.52,70,0,15
DTLZ4,10,17,21017,23,232,"S4_(0.75,1.00]",0.44,1,0,0.159420289855072,0.36,0.52,0.84,0.63768115942029,0.54,69,0,14
DTLZ4,10,17,21017,24,238,"S4_(0.75,1.00]",0.44,1,0,0.157142857142857,0.48,0.56,0.88,0.671428571428571,0.57,70,0,14
DTLZ4,10,17,21017,25,244,"S4_(0.75,1.00]",0.32,1,0.08,0.228571428571429,0.6,0.6,0.6,0.657142857142857,0.61,35,0,17
DTLZ4,10,17,21017,26,250,"S4_(0.75,1.00]",0.48,1,0.28,0.352941176470588,0.76,0.72,0.72,0.764705882352941,0.65,34,0,13
DTLZ4,10,17,21017,27,256,"S4_(0.75,1.00]",0.36,1,0.16,0.290322580645161,0.76,0.92,0.72,0.774193548387097,0.71,31,0,16
DTLZ4,10,17,21017,28,262,"S4_(0.75,1.00]",0.76,1,0.08,0.311475409836066,0.92,0.92,0.92,0.868852459016393,0.75,61,0,6
DTLZ4,10,17,21017,29,268,"S4_(0.75,1.00]",0.72,1,0.08,0.295081967213115,0.92,0.92,0.92,0.868852459016393,0.79,61,0,7
DTLZ4,10,17,21017,30,274,"S4_(0.75,1.00]",0.72,1,0.08,0.295081967213115,0.96,0.96,0.92,0.885245901639344,0.82,61,0,7
DTLZ4,10,17,21017,31,280,"S4_(0.75,1.00]",0.48,1,0.32,0.387096774193548,0.92,0.96,0.96,0.935483870967742,0.86,31,0,13
DTLZ4,10,17,21017,32,286,"S4_(0.75,1.00]",0.72,1,0.16,0.295081967213115,0.96,0.96,1,0.934426229508197,0.92,61,0,7
DTLZ4,10,17,21017,33,292,"S4_(0.75,1.00]",0.76,1,0.04,0.271428571428571,1,1,0.96,0.971428571428571,0.95,70,0,6
DTLZ4,10,17,21017,34,298,"S4_(0.75,1.00]",0.64,1,0.48,0.533333333333333,1,1,1,1,0.98,30,0,9
DTLZ4,10,18,21018,1,100,"S2_(0.25,0.50]",0.4,0.72,0.2,0.35,0.16,0,0.24,0.375,0.15,40,0,16
DTLZ4,10,18,21018,2,106,"S2_(0.25,0.50]",0.52,1,0.2,0.325,0.36,0.2,0.24,0.4,0.16,40,0,12
DTLZ4,10,18,21018,3,112,"S2_(0.25,0.50]",0.48,1,0.16,0.285714285714286,0.36,0.2,0.32,0.404761904761905,0.18,42,0,13
DTLZ4,10,18,21018,4,118,"S2_(0.25,0.50]",0.48,1,0.08,0.260869565217391,0.32,0.2,0.44,0.434782608695652,0.21,46,0,13
DTLZ4,10,18,21018,5,124,"S2_(0.25,0.50]",0.6,1,0.24,0.3125,0.32,0.2,0.4,0.395833333333333,0.22,48,0,10
DTLZ4,10,18,21018,6,130,"S2_(0.25,0.50]",0.92,1,0.52,0.479166666666667,0.2,0.24,0.28,0.375,0.24,48,0,2
DTLZ4,10,18,21018,7,136,"S2_(0.25,0.50]",0.88,1,0.68,0.709677419354839,0.32,0.28,0.36,0.387096774193548,0.27,31,0,3
DTLZ4,10,18,21018,8,142,"S2_(0.25,0.50]",0.8,1,0.64,0.666666666666667,0.32,0.24,0.4,0.4,0.27,30,0,5
DTLZ4,10,18,21018,9,148,"S2_(0.25,0.50]",0.76,1,0.56,0.59375,0.28,0.28,0.48,0.40625,0.28,32,0,6
DTLZ4,10,18,21018,10,154,"S3_(0.50,0.75]",0.68,1,0.44,0.515151515151515,0.36,0.32,0.52,0.454545454545455,0.31,33,0,8
DTLZ4,10,18,21018,11,160,"S3_(0.50,0.75]",0.68,1,0.4,0.5,0.32,0.32,0.48,0.411764705882353,0.31,34,0,8
DTLZ4,10,18,21018,12,166,"S3_(0.50,0.75]",0.64,1,0.32,0.457142857142857,0.36,0.36,0.48,0.457142857142857,0.33,35,0,9
DTLZ4,10,18,21018,13,172,"S3_(0.50,0.75]",0.68,1,0.36,0.425,0.44,0.48,0.4,0.5,0.38,40,0,8
DTLZ4,10,18,21018,14,178,"S3_(0.50,0.75]",0.68,1,0.36,0.414634146341463,0.44,0.4,0.36,0.48780487804878,0.38,41,0,8
DTLZ4,10,18,21018,15,184,"S3_(0.50,0.75]",0.8,1,0.48,0.465116279069767,0.48,0.44,0.4,0.488372093023256,0.4,43,0,5
DTLZ4,10,18,21018,16,190,"S3_(0.50,0.75]",0.56,1,0.44,0.466666666666667,0.6,0.48,0.72,0.666666666666667,0.43,30,0,11
DTLZ4,10,18,21018,17,196,"S3_(0.50,0.75]",0.64,1,0.48,0.533333333333333,0.56,0.44,0.72,0.633333333333333,0.43,30,0,9
DTLZ4,10,18,21018,18,202,"S3_(0.50,0.75]",0.72,1,0.52,0.529411764705882,0.52,0.48,0.72,0.588235294117647,0.45,34,0,7
DTLZ4,10,18,21018,19,208,"S3_(0.50,0.75]",0.72,1,0.52,0.529411764705882,0.52,0.48,0.72,0.588235294117647,0.46,34,0,7
DTLZ4,10,18,21018,20,214,"S3_(0.50,0.75]",0.84,1,0.12,0.313432835820896,0.52,0.48,0.68,0.656716417910448,0.49,67,0,4
DTLZ4,10,18,21018,21,220,"S3_(0.50,0.75]",0.84,1,0.4,0.446808510638298,0.48,0.56,0.48,0.531914893617021,0.53,47,0,4
DTLZ4,10,18,21018,22,226,"S4_(0.75,1.00]",0.76,1,0.44,0.395833333333333,0.52,0.56,0.56,0.5625,0.55,48,0,6
DTLZ4,10,18,21018,23,232,"S4_(0.75,1.00]",0.72,1,0.4,0.382978723404255,0.52,0.48,0.56,0.574468085106383,0.55,47,0,7
DTLZ4,10,18,21018,24,238,"S4_(0.75,1.00]",0.64,1,0.08,0.228571428571429,0.52,0.36,0.88,0.7,0.56,70,0,9
DTLZ4,10,18,21018,25,244,"S4_(0.75,1.00]",0.6,1,0.44,0.5,0.64,0.4,0.64,0.666666666666667,0.6,30,0,10
DTLZ4,10,18,21018,26,250,"S4_(0.75,1.00]",0.52,1,0.36,0.433333333333333,0.72,0.52,0.72,0.733333333333333,0.63,30,0,12
DTLZ4,10,18,21018,27,256,"S4_(0.75,1.00]",0.68,1,0.12,0.283333333333333,0.64,0.64,0.84,0.733333333333333,0.67,60,0,8
DTLZ4,10,18,21018,28,262,"S4_(0.75,1.00]",0.72,1,0.16,0.3,0.68,0.64,0.84,0.766666666666667,0.7,60,0,7
DTLZ4,10,18,21018,29,268,"S4_(0.75,1.00]",0.72,1,0.16,0.290322580645161,0.72,0.76,0.84,0.790322580645161,0.74,62,0,7
DTLZ4,10,18,21018,30,274,"S4_(0.75,1.00]",0.6,1,0.44,0.5,0.8,0.8,0.8,0.833333333333333,0.77,30,0,10
DTLZ4,10,18,21018,31,280,"S4_(0.75,1.00]",0.84,1,0.2,0.313432835820896,0.84,0.88,0.92,0.880597014925373,0.82,67,0,4
DTLZ4,10,18,21018,32,286,"S4_(0.75,1.00]",0.64,1,0.48,0.533333333333333,0.96,0.92,0.92,0.933333333333333,0.88,30,0,9
DTLZ4,10,18,21018,33,292,"S4_(0.75,1.00]",0.76,1,0.52,0.59375,1,1,1,1,0.92,32,0,6
DTLZ4,10,18,21018,34,298,"S4_(0.75,1.00]",0.72,1,0.48,0.580645161290323,1,1,1,1,0.98,31,0,7
DTLZ4,10,19,21019,1,100,"S2_(0.25,0.50]",0.36,0.84,0.28,0.305555555555556,0.12,0,0.2,0.305555555555556,0.11,36,0,18
DTLZ4,10,19,21019,2,106,"S2_(0.25,0.50]",0.48,1,0.36,0.292682926829268,0.24,0.16,0.24,0.317073170731707,0.13,41,0,13
DTLZ4,10,19,21019,3,112,"S2_(0.25,0.50]",0.32,1,0.2,0.222222222222222,0.4,0.2,0.36,0.444444444444444,0.16,36,0,17
DTLZ4,10,19,21019,4,118,"S2_(0.25,0.50]",0.4,1,0.24,0.25,0.44,0.24,0.36,0.45,0.18,40,0,15
DTLZ4,10,19,21019,5,124,"S2_(0.25,0.50]",0.48,1,0.2,0.266666666666667,0.4,0.28,0.36,0.422222222222222,0.2,45,0,13
DTLZ4,10,19,21019,6,130,"S2_(0.25,0.50]",0.6,1,0.2,0.3,0.48,0.32,0.48,0.44,0.23,50,0,10
DTLZ4,10,19,21019,7,136,"S2_(0.25,0.50]",0.6,1,0.2,0.3,0.48,0.32,0.52,0.48,0.26,50,0,10
DTLZ4,10,19,21019,8,142,"S2_(0.25,0.50]",0.68,1,0.2,0.298245614035088,0.52,0.32,0.64,0.491228070175439,0.28,57,0,8
DTLZ4,10,19,21019,9,148,"S2_(0.25,0.50]",0.72,1,0.24,0.295081967213115,0.48,0.36,0.68,0.491803278688525,0.3,61,0,7
DTLZ4,10,19,21019,10,154,"S3_(0.50,0.75]",0.8,1,0.16,0.32258064516129,0.52,0.36,0.68,0.5,0.32,62,0,5
DTLZ4,10,19,21019,11,160,"S3_(0.50,0.75]",0.8,1,0.16,0.285714285714286,0.4,0.24,0.72,0.471428571428571,0.34,70,0,5
DTLZ4,10,19,21019,12,166,"S3_(0.50,0.75]",0.76,1,0.12,0.271428571428571,0.44,0.24,0.72,0.485714285714286,0.35,70,0,6
DTLZ4,10,19,21019,13,172,"S3_(0.50,0.75]",0.76,1,0.12,0.27536231884058,0.4,0.28,0.8,0.507246376811594,0.36,69,0,6
DTLZ4,10,19,21019,14,178,"S3_(0.50,0.75]",0.8,1,0.08,0.289855072463768,0.32,0.24,0.72,0.507246376811594,0.37,69,0,5
DTLZ4,10,19,21019,15,184,"S3_(0.50,0.75]",0.8,1,0.04,0.289855072463768,0.36,0.24,0.76,0.521739130434783,0.4,69,0,5
DTLZ4,10,19,21019,16,190,"S3_(0.50,0.75]",0.76,1,0,0.27536231884058,0.36,0.28,0.76,0.536231884057971,0.42,69,0,6
DTLZ4,10,19,21019,17,196,"S3_(0.50,0.75]",0.6,1,0,0.227272727272727,0.44,0.28,0.76,0.590909090909091,0.45,66,0,10
DTLZ4,10,19,21019,18,202,"S3_(0.50,0.75]",0.6,1,0,0.217391304347826,0.44,0.32,0.8,0.608695652173913,0.48,69,0,10
DTLZ4,10,19,21019,19,208,"S3_(0.50,0.75]",0.68,1,0,0.242857142857143,0.44,0.28,0.8,0.614285714285714,0.49,70,0,8
DTLZ4,10,19,21019,20,214,"S3_(0.50,0.75]",0.68,1,0.04,0.246376811594203,0.48,0.36,0.76,0.652173913043478,0.51,69,0,8
DTLZ4,10,19,21019,21,220,"S3_(0.50,0.75]",0.6,1,0.44,0.46875,0.68,0.48,0.72,0.71875,0.54,32,0,10
DTLZ4,10,19,21019,22,226,"S4_(0.75,1.00]",0.64,1,0.44,0.484848484848485,0.72,0.52,0.8,0.757575757575758,0.57,33,0,9
DTLZ4,10,19,21019,23,232,"S4_(0.75,1.00]",0.64,1,0.44,0.432432432432432,0.68,0.52,0.84,0.756756756756757,0.61,37,0,9
DTLZ4,10,19,21019,24,238,"S4_(0.75,1.00]",0.68,1,0.44,0.425,0.6,0.44,0.84,0.725,0.62,40,0,8
DTLZ4,10,19,21019,25,244,"S4_(0.75,1.00]",0.72,1,0.44,0.45,0.6,0.44,0.84,0.7,0.63,40,0,7
DTLZ4,10,19,21019,26,250,"S4_(0.75,1.00]",0.64,1,0.32,0.41025641025641,0.6,0.52,0.8,0.717948717948718,0.67,39,0,9
DTLZ4,10,19,21019,27,256,"S4_(0.75,1.00]",0.64,1,0.28,0.457142857142857,0.72,0.56,0.88,0.771428571428571,0.69,35,0,9
DTLZ4,10,19,21019,28,262,"S4_(0.75,1.00]",0.64,1,0.36,0.470588235294118,0.72,0.6,0.84,0.794117647058823,0.72,34,0,9
DTLZ4,10,19,21019,29,268,"S4_(0.75,1.00]",0.88,1,0.56,0.564102564102564,0.64,0.6,0.76,0.769230769230769,0.76,39,0,3
DTLZ4,10,19,21019,30,274,"S4_(0.75,1.00]",0.76,1,0.52,0.527777777777778,0.76,0.72,0.88,0.833333333333333,0.8,36,0,6
DTLZ4,10,19,21019,31,280,"S4_(0.75,1.00]",0.8,1,0.56,0.555555555555556,0.84,0.88,0.92,0.888888888888889,0.86,36,0,5
DTLZ4,10,19,21019,32,286,"S4_(0.75,1.00]",0.72,1,0.48,0.580645161290323,0.92,0.92,0.96,0.935483870967742,0.91,31,0,7
DTLZ4,10,19,21019,33,292,"S4_(0.75,1.00]",0.64,1,0.44,0.516129032258065,0.92,0.96,0.96,0.935483870967742,0.94,31,0,9
DTLZ4,10,19,21019,34,298,"S4_(0.75,1.00]",0.64,1,0.44,0.516129032258065,1,1,1,1,0.98,31,0,9
DTLZ4,10,20,21020,1,100,"S2_(0.25,0.50]",0.4,0.64,0.28,0.354838709677419,0.4,0,0.4,0.451612903225806,0.14,31,0,23
DTLZ4,10,20,21020,2,106,"S2_(0.25,0.50]",0.48,1,0.32,0.352941176470588,0.44,0.28,0.48,0.441176470588235,0.15,34,0,13
DTLZ4,10,20,21020,3,112,"S2_(0.25,0.50]",0.6,1,0.32,0.405405405405405,0.44,0.32,0.56,0.459459459459459,0.17,37,0,10
DTLZ4,10,20,21020,4,118,"S2_(0.25,0.50]",0.68,1,0.32,0.395348837209302,0.48,0.4,0.6,0.465116279069767,0.2,43,0,8
DTLZ4,10,20,21020,5,124,"S2_(0.25,0.50]",0.72,1,0.32,0.391304347826087,0.56,0.44,0.6,0.478260869565217,0.22,46,0,7
DTLZ4,10,20,21020,6,130,"S2_(0.25,0.50]",0.8,1,0.32,0.408163265306122,0.56,0.44,0.64,0.469387755102041,0.23,49,0,5
DTLZ4,10,20,21020,7,136,"S2_(0.25,0.50]",0.84,1,0.24,0.39622641509434,0.64,0.48,0.68,0.509433962264151,0.27,53,0,4
DTLZ4,10,20,21020,8,142,"S2_(0.25,0.50]",0.84,1,0.2,0.381818181818182,0.68,0.52,0.64,0.527272727272727,0.29,55,0,4
DTLZ4,10,20,21020,9,148,"S2_(0.25,0.50]",0.84,1,0.2,0.355932203389831,0.64,0.6,0.6,0.559322033898305,0.33,59,0,4
DTLZ4,10,20,21020,10,154,"S3_(0.50,0.75]",0.92,1,0.24,0.396551724137931,0.64,0.6,0.64,0.586206896551724,0.34,58,0,2
DTLZ4,10,20,21020,11,160,"S3_(0.50,0.75]",0.84,1,0.12,0.35,0.6,0.44,0.64,0.566666666666667,0.34,60,0,4
DTLZ4,10,20,21020,12,166,"S3_(0.50,0.75]",0.8,1,0.08,0.3125,0.52,0.36,0.72,0.5625,0.36,64,0,5
DTLZ4,10,20,21020,13,172,"S3_(0.50,0.75]",0.72,1,0.04,0.276923076923077,0.52,0.32,0.72,0.553846153846154,0.37,65,0,7
DTLZ4,10,20,21020,14,178,"S3_(0.50,0.75]",0.72,1,0.04,0.260869565217391,0.52,0.32,0.72,0.550724637681159,0.39,69,0,7
DTLZ4,10,20,21020,15,184,"S3_(0.50,0.75]",0.6,1,0.08,0.217391304347826,0.48,0.28,0.72,0.550724637681159,0.4,69,0,10
DTLZ4,10,20,21020,16,190,"S3_(0.50,0.75]",0.6,1,0.08,0.214285714285714,0.44,0.2,0.68,0.542857142857143,0.4,70,0,10
DTLZ4,10,20,21020,17,196,"S3_(0.50,0.75]",0.48,1,0.04,0.176470588235294,0.52,0.16,0.68,0.588235294117647,0.42,68,0,13
DTLZ4,10,20,21020,18,202,"S3_(0.50,0.75]",0.44,1,0.04,0.157142857142857,0.52,0.16,0.72,0.6,0.45,70,0,14
DTLZ4,10,20,21020,19,208,"S3_(0.50,0.75]",0.48,1,0.04,0.19672131147541,0.56,0.24,0.72,0.622950819672131,0.47,61,0,13
DTLZ4,10,20,21020,20,214,"S3_(0.50,0.75]",0.56,1,0.04,0.2,0.56,0.32,0.76,0.657142857142857,0.49,70,0,11
DTLZ4,10,20,21020,21,220,"S3_(0.50,0.75]",0.64,1,0.04,0.228571428571429,0.6,0.4,0.76,0.657142857142857,0.51,70,0,9
DTLZ4,10,20,21020,22,226,"S4_(0.75,1.00]",0.6,1,0.04,0.214285714285714,0.64,0.48,0.8,0.671428571428571,0.54,70,0,10
DTLZ4,10,20,21020,23,232,"S4_(0.75,1.00]",0.68,1,0.44,0.5,0.6,0.6,0.64,0.617647058823529,0.58,34,0,8
DTLZ4,10,20,21020,24,238,"S4_(0.75,1.00]",0.6,1,0.32,0.454545454545455,0.72,0.56,0.64,0.666666666666667,0.6,33,0,10
DTLZ4,10,20,21020,25,244,"S4_(0.75,1.00]",0.52,1,0.4,0.433333333333333,0.8,0.6,0.8,0.766666666666667,0.64,30,0,12
DTLZ4,10,20,21020,26,250,"S4_(0.75,1.00]",0.52,1,0.36,0.419354838709677,0.92,0.64,0.84,0.838709677419355,0.68,31,0,12
DTLZ4,10,20,21020,27,256,"S4_(0.75,1.00]",0.48,1,0.36,0.375,0.96,0.64,0.84,0.875,0.72,32,0,13
DTLZ4,10,20,21020,28,262,"S4_(0.75,1.00]",0.56,1,0.4,0.451612903225806,0.92,0.72,0.84,0.870967741935484,0.74,31,0,11
DTLZ4,10,20,21020,29,268,"S4_(0.75,1.00]",0.6,1,0.44,0.46875,0.96,0.76,0.88,0.90625,0.77,32,0,10
DTLZ4,10,20,21020,30,274,"S4_(0.75,1.00]",0.64,1,0.4,0.470588235294118,0.96,0.76,0.88,0.911764705882353,0.8,34,0,9
DTLZ4,10,20,21020,31,280,"S4_(0.75,1.00]",0.6,1,0.44,0.483870967741935,0.96,0.76,0.96,0.967741935483871,0.85,31,0,10
DTLZ4,10,20,21020,32,286,"S4_(0.75,1.00]",0.64,1,0.4,0.470588235294118,0.96,0.84,0.96,0.970588235294118,0.89,34,0,9
DTLZ4,10,20,21020,33,292,"S4_(0.75,1.00]",0.76,1,0.52,0.475,0.96,0.92,0.96,0.975,0.94,40,0,6
DTLZ4,10,20,21020,34,298,"S4_(0.75,1.00]",0.76,1,0.52,0.463414634146341,1,1,1,1,0.99,41,0,6
DTLZ4,20,1,22001,1,100,"S2_(0.25,0.50]",0.44,0.68,0.36,0.354838709677419,0.36,0.12,0.36,0.354838709677419,0.13,31,0,22
DTLZ4,20,1,22001,2,106,"S2_(0.25,0.50]",0.48,1,0.36,0.375,0.44,0.28,0.4,0.375,0.13,32,0,13
DTLZ4,20,1,22001,3,112,"S2_(0.25,0.50]",0.4,1,0.32,0.32258064516129,0.48,0.28,0.48,0.451612903225806,0.17,31,0,15
DTLZ4,20,1,22001,4,118,"S2_(0.25,0.50]",0.44,1,0.24,0.314285714285714,0.44,0.28,0.4,0.4,0.17,35,0,14
DTLZ4,20,1,22001,5,124,"S2_(0.25,0.50]",0.44,1,0.24,0.289473684210526,0.48,0.28,0.44,0.421052631578947,0.19,38,0,14
DTLZ4,20,1,22001,6,130,"S2_(0.25,0.50]",0.44,1,0.32,0.314285714285714,0.52,0.24,0.48,0.457142857142857,0.21,35,0,14
DTLZ4,20,1,22001,7,136,"S2_(0.25,0.50]",0.6,1,0.32,0.348837209302326,0.56,0.32,0.52,0.488372093023256,0.25,43,0,10
DTLZ4,20,1,22001,8,142,"S2_(0.25,0.50]",0.64,1,0.36,0.363636363636364,0.56,0.32,0.48,0.477272727272727,0.27,44,0,9
DTLZ4,20,1,22001,9,148,"S2_(0.25,0.50]",0.6,1,0.36,0.348837209302326,0.48,0.28,0.52,0.488372093023256,0.28,43,0,10
DTLZ4,20,1,22001,10,154,"S3_(0.50,0.75]",0.68,1,0.36,0.361702127659574,0.44,0.28,0.56,0.51063829787234,0.31,47,0,8
DTLZ4,20,1,22001,11,160,"S3_(0.50,0.75]",0.76,1,0.24,0.339285714285714,0.44,0.32,0.48,0.428571428571429,0.32,56,0,6
DTLZ4,20,1,22001,12,166,"S3_(0.50,0.75]",0.76,1,0.16,0.327586206896552,0.44,0.4,0.48,0.413793103448276,0.35,58,0,6
DTLZ4,20,1,22001,13,172,"S3_(0.50,0.75]",0.8,1,0.24,0.338983050847458,0.52,0.4,0.48,0.457627118644068,0.39,59,0,5
DTLZ4,20,1,22001,14,178,"S3_(0.50,0.75]",0.8,1,0.2,0.317460317460317,0.48,0.4,0.48,0.46031746031746,0.41,63,0,5
DTLZ4,20,1,22001,15,184,"S3_(0.50,0.75]",0.64,1,0.32,0.347826086956522,0.6,0.4,0.52,0.58695652173913,0.43,46,0,9
DTLZ4,20,1,22001,16,190,"S3_(0.50,0.75]",0.64,1,0.32,0.326530612244898,0.56,0.44,0.52,0.571428571428571,0.44,49,0,9
DTLZ4,20,1,22001,17,196,"S3_(0.50,0.75]",0.68,1,0.28,0.34,0.52,0.48,0.56,0.54,0.47,50,0,8
DTLZ4,20,1,22001,18,202,"S3_(0.50,0.75]",0.76,1,0.16,0.279411764705882,0.48,0.52,0.6,0.529411764705882,0.51,68,0,6
DTLZ4,20,1,22001,19,208,"S3_(0.50,0.75]",0.72,1,0.2,0.28125,0.52,0.48,0.56,0.5625,0.54,64,0,7
DTLZ4,20,1,22001,20,214,"S3_(0.50,0.75]",0.72,1,0.28,0.327272727272727,0.6,0.48,0.64,0.654545454545455,0.56,55,0,7
DTLZ4,20,1,22001,21,220,"S3_(0.50,0.75]",0.76,1,0.2,0.322033898305085,0.6,0.56,0.6,0.661016949152542,0.61,59,0,6
DTLZ4,20,1,22001,22,226,"S4_(0.75,1.00]",0.64,1,0.2,0.296296296296296,0.64,0.56,0.6,0.703703703703704,0.63,54,0,9
DTLZ4,20,1,22001,23,232,"S4_(0.75,1.00]",0.64,1,0.2,0.285714285714286,0.64,0.56,0.56,0.696428571428571,0.64,56,0,9
DTLZ4,20,1,22001,24,238,"S4_(0.75,1.00]",0.72,1,0.28,0.315789473684211,0.72,0.64,0.64,0.719298245614035,0.67,57,0,7
DTLZ4,20,1,22001,25,244,"S4_(0.75,1.00]",0.8,1,0.24,0.338983050847458,0.72,0.64,0.68,0.745762711864407,0.7,59,0,5
DTLZ4,20,1,22001,26,250,"S4_(0.75,1.00]",0.8,1,0.28,0.357142857142857,0.72,0.64,0.76,0.785714285714286,0.73,56,0,5
DTLZ4,20,1,22001,27,256,"S4_(0.75,1.00]",0.72,1,0.2,0.327272727272727,0.76,0.68,0.76,0.818181818181818,0.76,55,0,7
DTLZ4,20,1,22001,28,262,"S4_(0.75,1.00]",0.72,1,0.24,0.327272727272727,0.76,0.76,0.76,0.818181818181818,0.82,55,0,7
DTLZ4,20,1,22001,29,268,"S4_(0.75,1.00]",0.72,1,0.24,0.321428571428571,0.72,0.76,0.76,0.821428571428571,0.85,56,0,7
DTLZ4,20,1,22001,30,274,"S4_(0.75,1.00]",0.72,1,0.28,0.315789473684211,0.76,0.8,0.84,0.842105263157895,0.87,57,0,7
DTLZ4,20,1,22001,31,280,"S4_(0.75,1.00]",0.76,1,0.32,0.333333333333333,0.76,0.8,0.84,0.859649122807018,0.88,57,0,6
DTLZ4,20,1,22001,32,286,"S4_(0.75,1.00]",0.76,1,0.32,0.345454545454545,0.88,0.8,0.84,0.909090909090909,0.91,55,0,6
DTLZ4,20,1,22001,33,292,"S4_(0.75,1.00]",0.76,1,0.28,0.351851851851852,0.88,0.84,0.92,0.925925925925926,0.94,54,0,6
DTLZ4,20,1,22001,34,298,"S4_(0.75,1.00]",0.76,1,0.28,0.358490566037736,1,1,1,1,0.99,53,0,6
DTLZ4,20,2,22002,1,100,"S2_(0.25,0.50]",0.44,0.6,0.36,0.363636363636364,0.4,0.04,0.4,0.424242424242424,0.18,33,0,20
DTLZ4,20,2,22002,2,106,"S2_(0.25,0.50]",0.44,1,0.36,0.333333333333333,0.56,0.24,0.56,0.484848484848485,0.19,33,0,14
DTLZ4,20,2,22002,3,112,"S2_(0.25,0.50]",0.48,1,0.4,0.352941176470588,0.52,0.28,0.52,0.5,0.21,34,0,13
DTLZ4,20,2,22002,4,118,"S2_(0.25,0.50]",0.56,1,0.4,0.358974358974359,0.48,0.36,0.48,0.435897435897436,0.23,39,0,11
DTLZ4,20,2,22002,5,124,"S2_(0.25,0.50]",0.56,1,0.4,0.358974358974359,0.48,0.36,0.48,0.461538461538462,0.26,39,0,11
DTLZ4,20,2,22002,6,130,"S2_(0.25,0.50]",0.52,1,0.36,0.302325581395349,0.48,0.4,0.44,0.418604651162791,0.27,43,0,12
DTLZ4,20,2,22002,7,136,"S2_(0.25,0.50]",0.48,1,0.4,0.315789473684211,0.48,0.36,0.56,0.473684210526316,0.3,38,0,13
DTLZ4,20,2,22002,8,142,"S2_(0.25,0.50]",0.4,1,0.36,0.263157894736842,0.52,0.32,0.6,0.526315789473684,0.32,38,0,15
DTLZ4,20,2,22002,9,148,"S2_(0.25,0.50]",0.48,1,0.4,0.315789473684211,0.56,0.28,0.6,0.578947368421053,0.34,38,0,13
DTLZ4,20,2,22002,10,154,"S3_(0.50,0.75]",0.52,1,0.4,0.342105263157895,0.56,0.32,0.6,0.552631578947368,0.35,38,0,12
DTLZ4,20,2,22002,11,160,"S3_(0.50,0.75]",0.56,1,0.32,0.304347826086957,0.48,0.32,0.4,0.478260869565217,0.36,46,0,11
DTLZ4,20,2,22002,12,166,"S3_(0.50,0.75]",0.6,1,0.32,0.333333333333333,0.52,0.32,0.44,0.511111111111111,0.38,45,0,10
DTLZ4,20,2,22002,13,172,"S3_(0.50,0.75]",0.44,1,0.24,0.255813953488372,0.48,0.2,0.48,0.511627906976744,0.38,43,0,14
DTLZ4,20,2,22002,14,178,"S3_(0.50,0.75]",0.52,1,0.2,0.276595744680851,0.4,0.24,0.44,0.51063829787234,0.4,47,0,12
DTLZ4,20,2,22002,15,184,"S3_(0.50,0.75]",0.56,1,0.24,0.291666666666667,0.44,0.28,0.48,0.541666666666667,0.43,48,0,11
DTLZ4,20,2,22002,16,190,"S3_(0.50,0.75]",0.64,1,0.24,0.326530612244898,0.4,0.28,0.48,0.530612244897959,0.43,49,0,9
DTLZ4,20,2,22002,17,196,"S3_(0.50,0.75]",0.64,1,0.28,0.347826086956522,0.48,0.32,0.56,0.58695652173913,0.45,46,0,9
DTLZ4,20,2,22002,18,202,"S3_(0.50,0.75]",0.76,1,0.28,0.38,0.44,0.32,0.52,0.58,0.47,50,0,6
DTLZ4,20,2,22002,19,208,"S3_(0.50,0.75]",0.76,1,0.24,0.38,0.48,0.32,0.6,0.6,0.49,50,0,6
DTLZ4,20,2,22002,20,214,"S3_(0.50,0.75]",0.72,1,0.2,0.36,0.52,0.36,0.64,0.64,0.53,50,0,7
DTLZ4,20,2,22002,21,220,"S3_(0.50,0.75]",0.68,1,0.2,0.34,0.6,0.48,0.6,0.64,0.56,50,0,8
DTLZ4,20,2,22002,22,226,"S4_(0.75,1.00]",0.68,1,0.2,0.34,0.64,0.6,0.6,0.68,0.61,50,0,8
DTLZ4,20,2,22002,23,232,"S4_(0.75,1.00]",0.72,1,0.16,0.346153846153846,0.64,0.64,0.6,0.692307692307692,0.64,52,0,7
DTLZ4,20,2,22002,24,238,"S4_(0.75,1.00]",0.68,1,0.24,0.346938775510204,0.76,0.72,0.68,0.775510204081633,0.69,49,0,8
DTLZ4,20,2,22002,25,244,"S4_(0.75,1.00]",0.72,1,0.28,0.36734693877551,0.72,0.72,0.76,0.775510204081633,0.71,49,0,7
DTLZ4,20,2,22002,26,250,"S4_(0.75,1.00]",0.72,1,0.2,0.36,0.68,0.6,0.68,0.76,0.71,50,0,7
DTLZ4,20,2,22002,27,256,"S4_(0.75,1.00]",0.76,1,0.24,0.358490566037736,0.76,0.6,0.72,0.792452830188679,0.74,53,0,6
DTLZ4,20,2,22002,28,262,"S4_(0.75,1.00]",0.76,1,0.2,0.358490566037736,0.76,0.68,0.76,0.811320754716981,0.78,53,0,6
DTLZ4,20,2,22002,29,268,"S4_(0.75,1.00]",0.76,1,0.16,0.365384615384615,0.88,0.8,0.84,0.884615384615385,0.84,52,0,6
DTLZ4,20,2,22002,30,274,"S4_(0.75,1.00]",0.76,1,0.16,0.358490566037736,0.88,0.76,0.88,0.886792452830189,0.87,53,0,6
DTLZ4,20,2,22002,31,280,"S4_(0.75,1.00]",0.8,1,0.2,0.37037037037037,0.88,0.8,0.88,0.888888888888889,0.88,54,0,5
DTLZ4,20,2,22002,32,286,"S4_(0.75,1.00]",0.72,1,0.28,0.375,0.96,0.88,0.96,0.958333333333333,0.92,48,0,7
DTLZ4,20,2,22002,33,292,"S4_(0.75,1.00]",0.72,1,0.28,0.375,0.96,0.88,0.96,0.958333333333333,0.93,48,0,7
DTLZ4,20,2,22002,34,298,"S4_(0.75,1.00]",0.68,1,0.24,0.369565217391304,0.96,0.92,1,0.978260869565217,0.98,46,0,8
DTLZ4,20,3,22003,1,100,"S2_(0.25,0.50]",0.44,0.76,0.28,0.333333333333333,0.4,0.16,0.4,0.393939393939394,0.15,33,0,20
DTLZ4,20,3,22003,2,106,"S2_(0.25,0.50]",0.44,0.68,0.24,0.305555555555556,0.4,0.16,0.4,0.388888888888889,0.17,36,0,20
DTLZ4,20,3,22003,3,112,"S2_(0.25,0.50]",0.6,0.56,0.36,0.394736842105263,0.56,0.2,0.48,0.473684210526316,0.21,38,0,19
DTLZ4,20,3,22003,4,118,"S2_(0.25,0.50]",0.6,0.64,0.24,0.405405405405405,0.56,0.28,0.48,0.486486486486487,0.24,37,0,16
DTLZ4,20,3,22003,5,124,"S2_(0.25,0.50]",0.56,1,0.28,0.378378378378378,0.56,0.44,0.44,0.486486486486487,0.25,37,0,11
DTLZ4,20,3,22003,6,130,"S2_(0.25,0.50]",0.52,1,0.2,0.342105263157895,0.52,0.4,0.4,0.473684210526316,0.25,38,0,12
DTLZ4,20,3,22003,7,136,"S2_(0.25,0.50]",0.56,1,0.24,0.35,0.48,0.4,0.32,0.425,0.25,40,0,11
DTLZ4,20,3,22003,8,142,"S2_(0.25,0.50]",0.64,1,0.28,0.4,0.56,0.44,0.4,0.475,0.27,40,0,9
DTLZ4,20,3,22003,9,148,"S2_(0.25,0.50]",0.6,1,0.28,0.365853658536585,0.56,0.48,0.44,0.48780487804878,0.3,41,0,10
DTLZ4,20,3,22003,10,154,"S3_(0.50,0.75]",0.52,1,0.24,0.317073170731707,0.52,0.48,0.44,0.463414634146341,0.31,41,0,12
DTLZ4,20,3,22003,11,160,"S3_(0.50,0.75]",0.48,1,0.12,0.27906976744186,0.56,0.4,0.44,0.488372093023256,0.33,43,0,13
DTLZ4,20,3,22003,12,166,"S3_(0.50,0.75]",0.56,1,0.12,0.304347826086957,0.64,0.44,0.48,0.543478260869565,0.35,46,0,11
DTLZ4,20,3,22003,13,172,"S3_(0.50,0.75]",0.52,1,0.12,0.302325581395349,0.56,0.44,0.56,0.534883720930233,0.38,43,0,12
DTLZ4,20,3,22003,14,178,"S3_(0.50,0.75]",0.52,1,0.24,0.325,0.6,0.48,0.52,0.5,0.4,40,0,12
DTLZ4,20,3,22003,15,184,"S3_(0.50,0.75]",0.56,1,0.24,0.341463414634146,0.6,0.48,0.48,0.48780487804878,0.4,41,0,11
DTLZ4,20,3,22003,16,190,"S3_(0.50,0.75]",0.64,1,0.24,0.380952380952381,0.56,0.44,0.44,0.476190476190476,0.41,42,0,9
DTLZ4,20,3,22003,17,196,"S3_(0.50,0.75]",0.72,1,0.24,0.4,0.56,0.44,0.4,0.466666666666667,0.43,45,0,7
DTLZ4,20,3,22003,18,202,"S3_(0.50,0.75]",0.68,1,0.24,0.386363636363636,0.64,0.48,0.4,0.522727272727273,0.45,44,0,8
DTLZ4,20,3,22003,19,208,"S3_(0.50,0.75]",0.64,1,0.24,0.372093023255814,0.64,0.56,0.4,0.534883720930233,0.47,43,0,9
DTLZ4,20,3,22003,20,214,"S3_(0.50,0.75]",0.72,1,0.28,0.428571428571429,0.68,0.6,0.6,0.619047619047619,0.5,42,0,7
DTLZ4,20,3,22003,21,220,"S3_(0.50,0.75]",0.56,1,0.16,0.291666666666667,0.64,0.44,0.6,0.604166666666667,0.51,48,0,11
DTLZ4,20,3,22003,22,226,"S4_(0.75,1.00]",0.48,1,0.12,0.285714285714286,0.6,0.44,0.56,0.619047619047619,0.53,42,0,13
DTLZ4,20,3,22003,23,232,"S4_(0.75,1.00]",0.48,1,0.08,0.266666666666667,0.68,0.44,0.56,0.622222222222222,0.54,45,0,13
DTLZ4,20,3,22003,24,238,"S4_(0.75,1.00]",0.52,1,0.12,0.282608695652174,0.68,0.44,0.56,0.652173913043478,0.55,46,0,12
DTLZ4,20,3,22003,25,244,"S4_(0.75,1.00]",0.52,1,0.12,0.302325581395349,0.76,0.56,0.6,0.720930232558139,0.58,43,0,12
DTLZ4,20,3,22003,26,250,"S4_(0.75,1.00]",0.6,1,0.12,0.340909090909091,0.76,0.6,0.64,0.727272727272727,0.6,44,0,10
DTLZ4,20,3,22003,27,256,"S4_(0.75,1.00]",0.44,1,0.08,0.261904761904762,0.88,0.76,0.72,0.785714285714286,0.66,42,0,14
DTLZ4,20,3,22003,28,262,"S4_(0.75,1.00]",0.48,1,0.12,0.27906976744186,0.84,0.88,0.64,0.720930232558139,0.7,43,0,13
DTLZ4,20,3,22003,29,268,"S4_(0.75,1.00]",0.64,1,0.2,0.340425531914894,0.8,0.88,0.68,0.702127659574468,0.71,47,0,9
DTLZ4,20,3,22003,30,274,"S4_(0.75,1.00]",0.64,1,0.2,0.347826086956522,0.76,0.88,0.64,0.739130434782609,0.73,46,0,9
DTLZ4,20,3,22003,31,280,"S4_(0.75,1.00]",0.8,1,0.24,0.392156862745098,0.88,0.88,0.8,0.823529411764706,0.78,51,0,5
DTLZ4,20,3,22003,32,286,"S4_(0.75,1.00]",0.92,1,0.36,0.433962264150943,0.92,0.92,0.88,0.886792452830189,0.83,53,0,2
DTLZ4,20,3,22003,33,292,"S4_(0.75,1.00]",0.88,1,0.28,0.431372549019608,0.88,0.92,0.8,0.882352941176471,0.86,51,0,3
DTLZ4,20,3,22003,34,298,"S4_(0.75,1.00]",0.88,1,0.36,0.44,1,1,1,1,0.98,50,0,3
DTLZ4,20,4,22004,1,100,"S2_(0.25,0.50]",0.52,0.8,0.24,0.361111111111111,0.36,0.16,0.36,0.416666666666667,0.18,36,0,16
DTLZ4,20,4,22004,2,106,"S2_(0.25,0.50]",0.52,1,0.4,0.371428571428571,0.44,0.24,0.4,0.428571428571429,0.2,35,0,12
DTLZ4,20,4,22004,3,112,"S2_(0.25,0.50]",0.6,1,0.4,0.416666666666667,0.44,0.24,0.4,0.444444444444444,0.22,36,0,10
DTLZ4,20,4,22004,4,118,"S2_(0.25,0.50]",0.64,1,0.4,0.4,0.4,0.24,0.36,0.45,0.24,40,0,9
DTLZ4,20,4,22004,5,124,"S2_(0.25,0.50]",0.64,1,0.4,0.4,0.4,0.2,0.36,0.425,0.25,40,0,9
DTLZ4,20,4,22004,6,130,"S2_(0.25,0.50]",0.64,1,0.44,0.41025641025641,0.36,0.2,0.36,0.41025641025641,0.26,39,0,9
DTLZ4,20,4,22004,7,136,"S2_(0.25,0.50]",0.6,1,0.32,0.375,0.32,0.24,0.4,0.425,0.28,40,0,10
DTLZ4,20,4,22004,8,142,"S2_(0.25,0.50]",0.6,1,0.32,0.375,0.28,0.24,0.4,0.4,0.29,40,0,10
DTLZ4,20,4,22004,9,148,"S2_(0.25,0.50]",0.6,1,0.32,0.365853658536585,0.24,0.24,0.44,0.390243902439024,0.3,41,0,10
DTLZ4,20,4,22004,10,154,"S3_(0.50,0.75]",0.56,1,0.32,0.341463414634146,0.28,0.24,0.44,0.414634146341463,0.32,41,0,11
DTLZ4,20,4,22004,11,160,"S3_(0.50,0.75]",0.64,1,0.32,0.372093023255814,0.28,0.28,0.48,0.418604651162791,0.34,43,0,9
DTLZ4,20,4,22004,12,166,"S3_(0.50,0.75]",0.6,1,0.28,0.3125,0.32,0.32,0.36,0.395833333333333,0.35,48,0,10
DTLZ4,20,4,22004,13,172,"S3_(0.50,0.75]",0.68,1,0.24,0.34,0.36,0.36,0.36,0.42,0.36,50,0,8
DTLZ4,20,4,22004,14,178,"S3_(0.50,0.75]",0.56,1,0.24,0.304347826086957,0.4,0.32,0.48,0.456521739130435,0.37,46,0,11
DTLZ4,20,4,22004,15,184,"S3_(0.50,0.75]",0.68,1,0.36,0.34,0.28,0.36,0.36,0.42,0.38,50,0,8
DTLZ4,20,4,22004,16,190,"S3_(0.50,0.75]",0.64,1,0.36,0.32,0.36,0.36,0.36,0.46,0.4,50,0,9
DTLZ4,20,4,22004,17,196,"S3_(0.50,0.75]",0.72,1,0.28,0.375,0.44,0.44,0.56,0.541666666666667,0.5,48,0,7
DTLZ4,20,4,22004,18,202,"S3_(0.50,0.75]",0.64,1,0.24,0.313725490196078,0.4,0.4,0.4,0.490196078431373,0.52,51,0,9
DTLZ4,20,4,22004,19,208,"S3_(0.50,0.75]",0.64,1,0.24,0.313725490196078,0.32,0.48,0.48,0.529411764705882,0.55,51,0,9
DTLZ4,20,4,22004,20,214,"S3_(0.50,0.75]",0.64,1,0.24,0.32,0.32,0.48,0.48,0.52,0.56,50,0,9
DTLZ4,20,4,22004,21,220,"S3_(0.50,0.75]",0.56,1,0.24,0.325581395348837,0.32,0.4,0.6,0.534883720930233,0.58,43,0,11
DTLZ4,20,4,22004,22,226,"S4_(0.75,1.00]",0.6,1,0.2,0.340909090909091,0.28,0.36,0.64,0.522727272727273,0.58,44,0,10
DTLZ4,20,4,22004,23,232,"S4_(0.75,1.00]",0.64,1,0.24,0.340425531914894,0.32,0.28,0.56,0.531914893617021,0.6,47,0,9
DTLZ4,20,4,22004,24,238,"S4_(0.75,1.00]",0.76,1,0.36,0.372549019607843,0.4,0.36,0.6,0.568627450980392,0.62,51,0,6
DTLZ4,20,4,22004,25,244,"S4_(0.75,1.00]",0.56,1,0.16,0.311111111111111,0.44,0.4,0.64,0.577777777777778,0.63,45,0,11
DTLZ4,20,4,22004,26,250,"S4_(0.75,1.00]",0.52,1,0.04,0.288888888888889,0.64,0.6,0.68,0.688888888888889,0.69,45,0,12
DTLZ4,20,4,22004,27,256,"S4_(0.75,1.00]",0.6,1,0.24,0.365853658536585,0.76,0.72,0.84,0.829268292682927,0.75,41,0,10
DTLZ4,20,4,22004,28,262,"S4_(0.75,1.00]",0.6,1,0.2,0.365853658536585,0.76,0.72,0.88,0.853658536585366,0.78,41,0,10
DTLZ4,20,4,22004,29,268,"S4_(0.75,1.00]",0.68,1,0.32,0.435897435897436,0.72,0.72,0.84,0.82051282051282,0.81,39,0,8
DTLZ4,20,4,22004,30,274,"S4_(0.75,1.00]",0.68,1,0.32,0.425,0.76,0.8,0.84,0.85,0.84,40,0,8
DTLZ4,20,4,22004,31,280,"S4_(0.75,1.00]",0.68,1,0.28,0.395348837209302,0.84,0.84,0.92,0.883720930232558,0.87,43,0,8
DTLZ4,20,4,22004,32,286,"S4_(0.75,1.00]",0.68,1,0.2,0.377777777777778,0.92,0.92,0.88,0.911111111111111,0.9,45,0,8
DTLZ4,20,4,22004,33,292,"S4_(0.75,1.00]",0.72,1,0.36,0.45,0.96,1,0.96,0.975,0.96,40,0,7
DTLZ4,20,4,22004,34,298,"S4_(0.75,1.00]",0.8,1,0.32,0.444444444444444,1,1,0.96,0.977777777777778,0.99,45,0,5
DTLZ4,20,5,22005,1,100,"S2_(0.25,0.50]",0.52,0.8,0.4,0.371428571428571,0.48,0.12,0.48,0.457142857142857,0.17,35,0,16
DTLZ4,20,5,22005,2,106,"S2_(0.25,0.50]",0.56,0.8,0.4,0.388888888888889,0.44,0.12,0.44,0.472222222222222,0.2,36,0,16
DTLZ4,20,5,22005,3,112,"S2_(0.25,0.50]",0.6,1,0.48,0.394736842105263,0.4,0.24,0.48,0.473684210526316,0.2,38,0,10
DTLZ4,20,5,22005,4,118,"S2_(0.25,0.50]",0.52,1,0.48,0.371428571428571,0.44,0.2,0.56,0.542857142857143,0.21,35,0,12
DTLZ4,20,5,22005,5,124,"S2_(0.25,0.50]",0.56,1,0.44,0.4,0.48,0.24,0.52,0.571428571428571,0.25,35,0,11
DTLZ4,20,5,22005,6,130,"S2_(0.25,0.50]",0.6,1,0.44,0.405405405405405,0.52,0.32,0.52,0.594594594594595,0.29,37,0,10
DTLZ4,20,5,22005,7,136,"S2_(0.25,0.50]",0.68,1,0.4,0.435897435897436,0.52,0.32,0.52,0.58974358974359,0.3,39,0,8
DTLZ4,20,5,22005,8,142,"S2_(0.25,0.50]",0.68,1,0.4,0.404761904761905,0.48,0.28,0.48,0.571428571428571,0.31,42,0,8
DTLZ4,20,5,22005,9,148,"S2_(0.25,0.50]",0.68,1,0.44,0.404761904761905,0.52,0.28,0.48,0.595238095238095,0.31,42,0,8
DTLZ4,20,5,22005,10,154,"S3_(0.50,0.75]",0.68,1,0.48,0.395348837209302,0.56,0.24,0.48,0.604651162790698,0.33,43,0,8
DTLZ4,20,5,22005,11,160,"S3_(0.50,0.75]",0.68,1,0.4,0.395348837209302,0.44,0.2,0.48,0.558139534883721,0.35,43,0,8
DTLZ4,20,5,22005,12,166,"S3_(0.50,0.75]",0.68,1,0.32,0.377777777777778,0.48,0.32,0.48,0.577777777777778,0.39,45,0,8
DTLZ4,20,5,22005,13,172,"S3_(0.50,0.75]",0.68,1,0.32,0.361702127659574,0.48,0.36,0.52,0.595744680851064,0.42,47,0,8
DTLZ4,20,5,22005,14,178,"S3_(0.50,0.75]",0.72,1,0.32,0.36734693877551,0.44,0.4,0.52,0.612244897959184,0.44,49,0,7
DTLZ4,20,5,22005,15,184,"S3_(0.50,0.75]",0.76,1,0.32,0.372549019607843,0.48,0.44,0.52,0.607843137254902,0.46,51,0,6
DTLZ4,20,5,22005,16,190,"S3_(0.50,0.75]",0.52,1,0.12,0.288888888888889,0.56,0.48,0.52,0.666666666666667,0.49,45,0,12
DTLZ4,20,5,22005,17,196,"S3_(0.50,0.75]",0.56,1,0.2,0.35,0.72,0.6,0.72,0.775,0.53,40,0,11
DTLZ4,20,5,22005,18,202,"S3_(0.50,0.75]",0.64,1,0.28,0.41025641025641,0.8,0.6,0.8,0.846153846153846,0.56,39,0,9
DTLZ4,20,5,22005,19,208,"S3_(0.50,0.75]",0.64,1,0.28,0.41025641025641,0.72,0.56,0.8,0.82051282051282,0.58,39,0,9
DTLZ4,20,5,22005,20,214,"S3_(0.50,0.75]",0.56,1,0.32,0.358974358974359,0.76,0.56,0.8,0.846153846153846,0.6,39,0,11
DTLZ4,20,5,22005,21,220,"S3_(0.50,0.75]",0.64,1,0.4,0.41025641025641,0.72,0.6,0.76,0.82051282051282,0.61,39,0,9
DTLZ4,20,5,22005,22,226,"S4_(0.75,1.00]",0.72,1,0.4,0.439024390243902,0.68,0.68,0.76,0.804878048780488,0.63,41,0,7
DTLZ4,20,5,22005,23,232,"S4_(0.75,1.00]",0.64,1,0.36,0.390243902439024,0.72,0.72,0.76,0.829268292682927,0.66,41,0,9
DTLZ4,20,5,22005,24,238,"S4_(0.75,1.00]",0.72,1,0.4,0.409090909090909,0.64,0.68,0.72,0.772727272727273,0.7,44,0,7
DTLZ4,20,5,22005,25,244,"S4_(0.75,1.00]",0.72,1,0.36,0.382978723404255,0.6,0.72,0.68,0.765957446808511,0.71,47,0,7
DTLZ4,20,5,22005,26,250,"S4_(0.75,1.00]",0.68,1,0.32,0.361702127659574,0.6,0.72,0.68,0.765957446808511,0.72,47,0,8
DTLZ4,20,5,22005,27,256,"S4_(0.75,1.00]",0.72,1,0.36,0.36734693877551,0.6,0.72,0.68,0.775510204081633,0.73,49,0,7
DTLZ4,20,5,22005,28,262,"S4_(0.75,1.00]",0.76,1,0.48,0.365384615384615,0.72,0.8,0.76,0.807692307692308,0.79,52,0,6
DTLZ4,20,5,22005,29,268,"S4_(0.75,1.00]",0.76,1,0.48,0.358490566037736,0.72,0.8,0.8,0.811320754716981,0.8,53,0,6
DTLZ4,20,5,22005,30,274,"S4_(0.75,1.00]",0.72,1,0.4,0.321428571428571,0.76,0.84,0.68,0.803571428571429,0.84,56,0,7
DTLZ4,20,5,22005,31,280,"S4_(0.75,1.00]",0.68,1,0.32,0.333333333333333,0.84,0.92,0.84,0.882352941176471,0.89,51,0,8
DTLZ4,20,5,22005,32,286,"S4_(0.75,1.00]",0.64,1,0.36,0.32,0.84,0.88,0.84,0.9,0.91,50,0,9
DTLZ4,20,5,22005,33,292,"S4_(0.75,1.00]",0.72,1,0.4,0.346153846153846,0.84,0.92,0.84,0.903846153846154,0.94,52,0,7
DTLZ4,20,5,22005,34,298,"S4_(0.75,1.00]",0.64,1,0.36,0.340425531914894,0.96,1,0.96,0.978723404255319,0.98,47,0,9
DTLZ4,20,6,22006,1,100,"S2_(0.25,0.50]",0.64,0.8,0.52,0.470588235294118,0.56,0.32,0.44,0.5,0.21,34,0,14
DTLZ4,20,6,22006,2,106,"S2_(0.25,0.50]",0.56,1,0.36,0.411764705882353,0.56,0.36,0.52,0.5,0.23,34,0,11
DTLZ4,20,6,22006,3,112,"S2_(0.25,0.50]",0.6,1,0.4,0.416666666666667,0.52,0.36,0.52,0.5,0.25,36,0,10
DTLZ4,20,6,22006,4,118,"S2_(0.25,0.50]",0.64,1,0.4,0.457142857142857,0.6,0.4,0.52,0.542857142857143,0.27,35,0,9
DTLZ4,20,6,22006,5,124,"S2_(0.25,0.50]",0.6,1,0.4,0.405405405405405,0.64,0.4,0.56,0.594594594594595,0.27,37,0,10
DTLZ4,20,6,22006,6,130,"S2_(0.25,0.50]",0.64,1,0.4,0.4,0.6,0.4,0.6,0.6,0.29,40,0,9
DTLZ4,20,6,22006,7,136,"S2_(0.25,0.50]",0.72,1,0.4,0.439024390243902,0.52,0.4,0.6,0.560975609756098,0.29,41,0,7
DTLZ4,20,6,22006,8,142,"S2_(0.25,0.50]",0.64,1,0.32,0.390243902439024,0.52,0.28,0.6,0.560975609756098,0.29,41,0,9
DTLZ4,20,6,22006,9,148,"S2_(0.25,0.50]",0.6,1,0.28,0.365853658536585,0.6,0.28,0.6,0.585365853658537,0.33,41,0,10
DTLZ4,20,6,22006,10,154,"S3_(0.50,0.75]",0.6,1,0.28,0.365853658536585,0.56,0.28,0.6,0.609756097560976,0.34,41,0,10
DTLZ4,20,6,22006,11,160,"S3_(0.50,0.75]",0.56,1,0.36,0.35,0.56,0.32,0.6,0.575,0.35,40,0,11
DTLZ4,20,6,22006,12,166,"S3_(0.50,0.75]",0.56,1,0.32,0.378378378378378,0.52,0.32,0.56,0.567567567567568,0.36,37,0,11
DTLZ4,20,6,22006,13,172,"S3_(0.50,0.75]",0.56,1,0.28,0.358974358974359,0.48,0.28,0.52,0.538461538461538,0.37,39,0,11
DTLZ4,20,6,22006,14,178,"S3_(0.50,0.75]",0.68,1,0.24,0.404761904761905,0.4,0.28,0.56,0.523809523809524,0.38,42,0,8
DTLZ4,20,6,22006,15,184,"S3_(0.50,0.75]",0.8,1,0.32,0.465116279069767,0.36,0.24,0.6,0.534883720930233,0.39,43,0,5
DTLZ4,20,6,22006,16,190,"S3_(0.50,0.75]",0.8,1,0.24,0.425531914893617,0.36,0.28,0.56,0.531914893617021,0.42,47,0,5
DTLZ4,20,6,22006,17,196,"S3_(0.50,0.75]",0.88,1,0.28,0.44,0.32,0.32,0.56,0.54,0.43,50,0,3
DTLZ4,20,6,22006,18,202,"S3_(0.50,0.75]",0.64,1,0.2,0.355555555555556,0.44,0.36,0.56,0.6,0.45,45,0,9
DTLZ4,20,6,22006,19,208,"S3_(0.50,0.75]",0.64,1,0.2,0.372093023255814,0.44,0.36,0.56,0.604651162790698,0.45,43,0,9
DTLZ4,20,6,22006,20,214,"S3_(0.50,0.75]",0.68,1,0.24,0.386363636363636,0.52,0.44,0.56,0.659090909090909,0.48,44,0,8
DTLZ4,20,6,22006,21,220,"S3_(0.50,0.75]",0.68,1,0.24,0.369565217391304,0.48,0.4,0.6,0.652173913043478,0.49,46,0,8
DTLZ4,20,6,22006,22,226,"S4_(0.75,1.00]",0.68,1,0.2,0.377777777777778,0.48,0.44,0.6,0.644444444444444,0.51,45,0,8
DTLZ4,20,6,22006,23,232,"S4_(0.75,1.00]",0.72,1,0.32,0.45,0.48,0.44,0.6,0.65,0.52,40,0,7
DTLZ4,20,6,22006,24,238,"S4_(0.75,1.00]",0.68,1,0.36,0.447368421052632,0.52,0.4,0.68,0.684210526315789,0.53,38,0,8
DTLZ4,20,6,22006,25,244,"S4_(0.75,1.00]",0.8,1,0.4,0.526315789473684,0.64,0.52,0.72,0.763157894736842,0.58,38,0,5
DTLZ4,20,6,22006,26,250,"S4_(0.75,1.00]",0.72,1,0.36,0.45,0.76,0.64,0.8,0.8,0.63,40,0,7
DTLZ4,20,6,22006,27,256,"S4_(0.75,1.00]",0.68,1,0.24,0.404761904761905,0.76,0.76,0.76,0.80952380952381,0.67,42,0,8
DTLZ4,20,6,22006,28,262,"S4_(0.75,1.00]",0.72,1,0.36,0.439024390243902,0.88,0.84,0.88,0.902439024390244,0.72,41,0,7
DTLZ4,20,6,22006,29,268,"S4_(0.75,1.00]",0.64,1,0.32,0.390243902439024,0.84,0.88,0.84,0.878048780487805,0.74,41,0,9
DTLZ4,20,6,22006,30,274,"S4_(0.75,1.00]",0.72,1,0.32,0.375,0.88,0.88,0.84,0.875,0.78,48,0,7
DTLZ4,20,6,22006,31,280,"S4_(0.75,1.00]",0.76,1,0.32,0.395833333333333,0.92,0.92,0.92,0.9375,0.83,48,0,6
DTLZ4,20,6,22006,32,286,"S4_(0.75,1.00]",0.88,1,0.4,0.448979591836735,0.92,0.96,0.96,0.959183673469388,0.89,49,0,3
DTLZ4,20,6,22006,33,292,"S4_(0.75,1.00]",0.84,1,0.36,0.446808510638298,0.96,0.96,1,0.978723404255319,0.93,47,0,4
DTLZ4,20,6,22006,34,298,"S4_(0.75,1.00]",0.84,1,0.4,0.4375,1,1,1,1,0.98,48,0,4
DTLZ4,20,7,22007,1,100,"S2_(0.25,0.50]",0.36,0.76,0.24,0.272727272727273,0.4,0.08,0.44,0.454545454545455,0.17,33,0,20
DTLZ4,20,7,22007,2,106,"S2_(0.25,0.50]",0.44,1,0.32,0.275,0.4,0.2,0.44,0.425,0.19,40,0,14
DTLZ4,20,7,22007,3,112,"S2_(0.25,0.50]",0.44,1,0.28,0.275,0.4,0.16,0.36,0.4,0.2,40,0,14
DTLZ4,20,7,22007,4,118,"S2_(0.25,0.50]",0.44,1,0.28,0.261904761904762,0.48,0.16,0.4,0.452380952380952,0.23,42,0,14
DTLZ4,20,7,22007,5,124,"S2_(0.25,0.50]",0.48,1,0.28,0.266666666666667,0.48,0.28,0.44,0.466666666666667,0.26,45,0,13
DTLZ4,20,7,22007,6,130,"S2_(0.25,0.50]",0.56,1,0.32,0.333333333333333,0.48,0.32,0.48,0.476190476190476,0.28,42,0,11
DTLZ4,20,7,22007,7,136,"S2_(0.25,0.50]",0.52,1,0.28,0.302325581395349,0.52,0.32,0.48,0.511627906976744,0.3,43,0,12
DTLZ4,20,7,22007,8,142,"S2_(0.25,0.50]",0.52,1,0.24,0.295454545454545,0.56,0.32,0.52,0.545454545454545,0.32,44,0,12
DTLZ4,20,7,22007,9,148,"S2_(0.25,0.50]",0.56,1,0.24,0.333333333333333,0.56,0.28,0.52,0.547619047619048,0.32,42,0,11
DTLZ4,20,7,22007,10,154,"S3_(0.50,0.75]",0.48,1,0.2,0.285714285714286,0.48,0.32,0.48,0.5,0.33,42,0,13
DTLZ4,20,7,22007,11,160,"S3_(0.50,0.75]",0.52,1,0.32,0.333333333333333,0.48,0.28,0.52,0.512820512820513,0.34,39,0,12
DTLZ4,20,7,22007,12,166,"S3_(0.50,0.75]",0.68,1,0.4,0.404761904761905,0.48,0.28,0.48,0.523809523809524,0.35,42,0,8
DTLZ4,20,7,22007,13,172,"S3_(0.50,0.75]",0.64,1,0.36,0.390243902439024,0.52,0.32,0.52,0.536585365853659,0.35,41,0,9
DTLZ4,20,7,22007,14,178,"S3_(0.50,0.75]",0.64,1,0.4,0.41025641025641,0.56,0.36,0.6,0.58974358974359,0.36,39,0,9
DTLZ4,20,7,22007,15,184,"S3_(0.50,0.75]",0.56,1,0.28,0.35,0.64,0.32,0.68,0.65,0.38,40,0,11
DTLZ4,20,7,22007,16,190,"S3_(0.50,0.75]",0.56,1,0.32,0.35,0.64,0.48,0.6,0.65,0.43,40,0,11
DTLZ4,20,7,22007,17,196,"S3_(0.50,0.75]",0.52,1,0.28,0.333333333333333,0.68,0.52,0.68,0.692307692307692,0.44,39,0,12
DTLZ4,20,7,22007,18,202,"S3_(0.50,0.75]",0.52,1,0.32,0.342105263157895,0.72,0.52,0.72,0.710526315789474,0.45,38,0,12
DTLZ4,20,7,22007,19,208,"S3_(0.50,0.75]",0.52,1,0.24,0.325,0.72,0.52,0.68,0.725,0.48,40,0,12
DTLZ4,20,7,22007,20,214,"S3_(0.50,0.75]",0.56,1,0.24,0.35,0.72,0.56,0.68,0.725,0.5,40,0,11
DTLZ4,20,7,22007,21,220,"S3_(0.50,0.75]",0.56,1,0.32,0.35,0.8,0.64,0.76,0.775,0.54,40,0,11
DTLZ4,20,7,22007,22,226,"S4_(0.75,1.00]",0.6,1,0.32,0.365853658536585,0.84,0.64,0.76,0.804878048780488,0.58,41,0,10
DTLZ4,20,7,22007,23,232,"S4_(0.75,1.00]",0.64,1,0.28,0.333333333333333,0.84,0.72,0.76,0.770833333333333,0.69,48,0,9
DTLZ4,20,7,22007,24,238,"S4_(0.75,1.00]",0.64,1,0.2,0.32,0.8,0.72,0.72,0.76,0.7,50,0,9
DTLZ4,20,7,22007,25,244,"S4_(0.75,1.00]",0.64,1,0.16,0.313725490196078,0.84,0.76,0.8,0.803921568627451,0.73,51,0,9
DTLZ4,20,7,22007,26,250,"S4_(0.75,1.00]",0.68,1,0.12,0.320754716981132,0.88,0.8,0.8,0.830188679245283,0.76,53,0,8
DTLZ4,20,7,22007,27,256,"S4_(0.75,1.00]",0.76,1,0.2,0.365384615384615,0.88,0.88,0.84,0.865384615384615,0.78,52,0,6
DTLZ4,20,7,22007,28,262,"S4_(0.75,1.00]",0.84,1,0.28,0.381818181818182,0.92,0.88,0.88,0.890909090909091,0.82,55,0,4
DTLZ4,20,7,22007,29,268,"S4_(0.75,1.00]",0.8,1,0.32,0.363636363636364,0.92,0.88,0.92,0.909090909090909,0.83,55,0,5
DTLZ4,20,7,22007,30,274,"S4_(0.75,1.00]",0.8,1,0.36,0.377358490566038,0.92,0.88,0.96,0.943396226415094,0.88,53,0,5
DTLZ4,20,7,22007,31,280,"S4_(0.75,1.00]",0.8,1,0.36,0.392156862745098,0.92,0.88,1,0.96078431372549,0.9,51,0,5
DTLZ4,20,7,22007,32,286,"S4_(0.75,1.00]",0.68,1,0.32,0.34,0.96,0.88,1,0.98,0.92,50,0,8
DTLZ4,20,7,22007,33,292,"S4_(0.75,1.00]",0.6,1,0.24,0.3,1,0.92,1,1,0.95,50,0,10
DTLZ4,20,7,22007,34,298,"S4_(0.75,1.00]",0.64,1,0.28,0.307692307692308,1,1,1,1,1,52,0,9
DTLZ4,20,8,22008,1,100,"S2_(0.25,0.50]",0.48,0.72,0.4,0.393939393939394,0.4,0.04,0.36,0.424242424242424,0.17,33,0,18
DTLZ4,20,8,22008,2,106,"S2_(0.25,0.50]",0.48,0.72,0.36,0.4,0.36,0.04,0.4,0.457142857142857,0.19,35,0,17
DTLZ4,20,8,22008,3,112,"S2_(0.25,0.50]",0.48,0.72,0.4,0.405405405405405,0.36,0.04,0.36,0.432432432432432,0.19,37,0,16
DTLZ4,20,8,22008,4,118,"S2_(0.25,0.50]",0.64,1,0.44,0.432432432432432,0.4,0.24,0.44,0.432432432432432,0.2,37,0,9
DTLZ4,20,8,22008,5,124,"S2_(0.25,0.50]",0.64,1,0.32,0.421052631578947,0.32,0.2,0.44,0.421052631578947,0.2,38,0,9
DTLZ4,20,8,22008,6,130,"S2_(0.25,0.50]",0.68,1,0.44,0.435897435897436,0.32,0.2,0.44,0.41025641025641,0.22,39,0,8
DTLZ4,20,8,22008,7,136,"S2_(0.25,0.50]",0.8,1,0.36,0.425531914893617,0.36,0.24,0.44,0.404255319148936,0.24,47,0,5
DTLZ4,20,8,22008,8,142,"S2_(0.25,0.50]",0.76,1,0.32,0.404255319148936,0.4,0.28,0.4,0.425531914893617,0.26,47,0,6
DTLZ4,20,8,22008,9,148,"S2_(0.25,0.50]",0.84,1,0.36,0.403846153846154,0.4,0.36,0.36,0.423076923076923,0.28,52,0,4
DTLZ4,20,8,22008,10,154,"S3_(0.50,0.75]",0.72,1,0.2,0.36734693877551,0.4,0.36,0.4,0.408163265306122,0.29,49,0,7
DTLZ4,20,8,22008,11,160,"S3_(0.50,0.75]",0.68,1,0.2,0.34,0.4,0.28,0.32,0.42,0.32,50,0,8
DTLZ4,20,8,22008,12,166,"S3_(0.50,0.75]",0.72,1,0.2,0.375,0.52,0.36,0.4,0.479166666666667,0.36,48,0,7
DTLZ4,20,8,22008,13,172,"S3_(0.50,0.75]",0.8,1,0.32,0.377358490566038,0.52,0.32,0.48,0.547169811320755,0.39,53,0,5
DTLZ4,20,8,22008,14,178,"S3_(0.50,0.75]",0.84,1,0.4,0.388888888888889,0.44,0.36,0.48,0.518518518518518,0.42,54,0,4
DTLZ4,20,8,22008,15,184,"S3_(0.50,0.75]",0.8,1,0.36,0.392156862745098,0.56,0.36,0.44,0.568627450980392,0.43,51,0,5
DTLZ4,20,8,22008,16,190,"S3_(0.50,0.75]",0.8,1,0.32,0.377358490566038,0.56,0.4,0.52,0.584905660377358,0.45,53,0,5
DTLZ4,20,8,22008,17,196,"S3_(0.50,0.75]",0.76,1,0.2,0.339285714285714,0.56,0.4,0.48,0.571428571428571,0.47,56,0,6
DTLZ4,20,8,22008,18,202,"S3_(0.50,0.75]",0.76,1,0.24,0.365384615384615,0.56,0.44,0.48,0.596153846153846,0.5,52,0,6
DTLZ4,20,8,22008,19,208,"S3_(0.50,0.75]",0.76,1,0.28,0.387755102040816,0.6,0.56,0.56,0.612244897959184,0.53,49,0,6
DTLZ4,20,8,22008,20,214,"S3_(0.50,0.75]",0.76,1,0.32,0.41304347826087,0.68,0.6,0.68,0.739130434782609,0.57,46,0,6
DTLZ4,20,8,22008,21,220,"S3_(0.50,0.75]",0.68,1,0.24,0.361702127659574,0.64,0.56,0.64,0.723404255319149,0.58,47,0,8
DTLZ4,20,8,22008,22,226,"S4_(0.75,1.00]",0.68,1,0.24,0.361702127659574,0.64,0.56,0.64,0.723404255319149,0.61,47,0,8
DTLZ4,20,8,22008,23,232,"S4_(0.75,1.00]",0.76,1,0.28,0.387755102040816,0.64,0.6,0.64,0.73469387755102,0.62,49,0,6
DTLZ4,20,8,22008,24,238,"S4_(0.75,1.00]",0.76,1,0.32,0.395833333333333,0.68,0.64,0.68,0.75,0.64,48,0,6
DTLZ4,20,8,22008,25,244,"S4_(0.75,1.00]",0.68,1,0.28,0.346938775510204,0.68,0.6,0.68,0.755102040816326,0.67,49,0,8
DTLZ4,20,8,22008,26,250,"S4_(0.75,1.00]",0.64,1,0.28,0.326530612244898,0.72,0.68,0.68,0.755102040816326,0.71,49,0,9
DTLZ4,20,8,22008,27,256,"S4_(0.75,1.00]",0.68,1,0.28,0.346938775510204,0.72,0.72,0.72,0.755102040816326,0.72,49,0,8
DTLZ4,20,8,22008,28,262,"S4_(0.75,1.00]",0.72,1,0.32,0.36734693877551,0.72,0.76,0.72,0.755102040816326,0.74,49,0,7
DTLZ4,20,8,22008,29,268,"S4_(0.75,1.00]",0.64,1,0.32,0.340425531914894,0.84,0.8,0.8,0.851063829787234,0.77,47,0,9
DTLZ4,20,8,22008,30,274,"S4_(0.75,1.00]",0.68,1,0.28,0.346938775510204,0.88,0.84,0.8,0.877551020408163,0.82,49,0,8
DTLZ4,20,8,22008,31,280,"S4_(0.75,1.00]",0.84,1,0.36,0.403846153846154,0.92,0.88,0.84,0.903846153846154,0.86,52,0,4
DTLZ4,20,8,22008,32,286,"S4_(0.75,1.00]",0.8,1,0.44,0.4,0.88,0.88,0.92,0.92,0.91,50,0,5
DTLZ4,20,8,22008,33,292,"S4_(0.75,1.00]",0.76,1,0.44,0.38,0.96,0.92,0.92,0.96,0.94,50,0,6
DTLZ4,20,8,22008,34,298,"S4_(0.75,1.00]",0.72,1,0.44,0.391304347826087,1,0.96,1,1,0.99,46,0,7
DTLZ4,20,9,22009,1,100,"S2_(0.25,0.50]",0.4,0.84,0.28,0.285714285714286,0.56,0.16,0.48,0.542857142857143,0.21,35,0,19
DTLZ4,20,9,22009,2,106,"S2_(0.25,0.50]",0.48,0.76,0.32,0.324324324324324,0.52,0.16,0.52,0.567567567567568,0.23,37,0,18
DTLZ4,20,9,22009,3,112,"S2_(0.25,0.50]",0.44,1,0.32,0.275,0.52,0.24,0.36,0.5,0.23,40,0,14
DTLZ4,20,9,22009,4,118,"S2_(0.25,0.50]",0.52,1,0.32,0.325,0.48,0.24,0.36,0.5,0.25,40,0,12
DTLZ4,20,9,22009,5,124,"S2_(0.25,0.50]",0.52,1,0.24,0.30952380952381,0.44,0.24,0.36,0.476190476190476,0.26,42,0,12
DTLZ4,20,9,22009,6,130,"S2_(0.25,0.50]",0.64,1,0.32,0.347826086956522,0.4,0.28,0.44,0.478260869565217,0.28,46,0,9
DTLZ4,20,9,22009,7,136,"S2_(0.25,0.50]",0.64,1,0.36,0.326530612244898,0.28,0.28,0.36,0.428571428571429,0.28,49,0,9
DTLZ4,20,9,22009,8,142,"S2_(0.25,0.50]",0.64,1,0.36,0.326530612244898,0.28,0.28,0.32,0.428571428571429,0.28,49,0,9
DTLZ4,20,9,22009,9,148,"S2_(0.25,0.50]",0.6,1,0.32,0.3,0.36,0.32,0.32,0.44,0.3,50,0,10
DTLZ4,20,9,22009,10,154,"S3_(0.50,0.75]",0.6,1,0.24,0.288461538461538,0.36,0.32,0.32,0.461538461538462,0.33,52,0,10
DTLZ4,20,9,22009,11,160,"S3_(0.50,0.75]",0.8,1,0.32,0.363636363636364,0.44,0.32,0.32,0.418181818181818,0.35,55,0,5
DTLZ4,20,9,22009,12,166,"S3_(0.50,0.75]",0.8,1,0.4,0.357142857142857,0.48,0.4,0.4,0.428571428571429,0.37,56,0,5
DTLZ4,20,9,22009,13,172,"S3_(0.50,0.75]",0.76,1,0.4,0.345454545454545,0.44,0.44,0.36,0.418181818181818,0.38,55,0,6
DTLZ4,20,9,22009,14,178,"S3_(0.50,0.75]",0.64,1,0.32,0.333333333333333,0.44,0.44,0.32,0.4375,0.37,48,0,9
DTLZ4,20,9,22009,15,184,"S3_(0.50,0.75]",0.56,1,0.28,0.297872340425532,0.52,0.44,0.36,0.48936170212766,0.38,47,0,11
DTLZ4,20,9,22009,16,190,"S3_(0.50,0.75]",0.6,1,0.16,0.294117647058824,0.56,0.48,0.36,0.529411764705882,0.4,51,0,10
DTLZ4,20,9,22009,17,196,"S3_(0.50,0.75]",0.6,1,0.2,0.3125,0.6,0.56,0.48,0.5625,0.45,48,0,10
DTLZ4,20,9,22009,18,202,"S3_(0.50,0.75]",0.72,1,0.2,0.339622641509434,0.64,0.6,0.4,0.566037735849057,0.48,53,0,7
DTLZ4,20,9,22009,19,208,"S3_(0.50,0.75]",0.68,1,0.24,0.320754716981132,0.68,0.56,0.4,0.584905660377358,0.49,53,0,8
DTLZ4,20,9,22009,20,214,"S3_(0.50,0.75]",0.72,1,0.24,0.321428571428571,0.72,0.68,0.4,0.625,0.53,56,0,7
DTLZ4,20,9,22009,21,220,"S3_(0.50,0.75]",0.76,1,0.2,0.306451612903226,0.72,0.76,0.52,0.661290322580645,0.55,62,0,6
DTLZ4,20,9,22009,22,226,"S4_(0.75,1.00]",0.72,1,0.16,0.290322580645161,0.76,0.76,0.52,0.645161290322581,0.56,62,0,7
DTLZ4,20,9,22009,23,232,"S4_(0.75,1.00]",0.68,1,0.16,0.303571428571429,0.68,0.76,0.44,0.642857142857143,0.56,56,0,8
DTLZ4,20,9,22009,24,238,"S4_(0.75,1.00]",0.72,1,0.16,0.290322580645161,0.68,0.64,0.48,0.661290322580645,0.57,62,0,7
DTLZ4,20,9,22009,25,244,"S4_(0.75,1.00]",0.72,1,0.08,0.315789473684211,0.64,0.64,0.56,0.684210526315789,0.61,57,0,7
DTLZ4,20,9,22009,26,250,"S4_(0.75,1.00]",0.64,1,0.28,0.313725490196078,0.68,0.64,0.6,0.686274509803922,0.69,51,0,9
DTLZ4,20,9,22009,27,256,"S4_(0.75,1.00]",0.64,1,0.24,0.296296296296296,0.72,0.64,0.72,0.703703703703704,0.71,54,0,9
DTLZ4,20,9,22009,28,262,"S4_(0.75,1.00]",0.68,1,0.24,0.314814814814815,0.72,0.68,0.76,0.722222222222222,0.76,54,0,8
DTLZ4,20,9,22009,29,268,"S4_(0.75,1.00]",0.72,1,0.28,0.339622641509434,0.76,0.72,0.76,0.773584905660377,0.79,53,0,7
DTLZ4,20,9,22009,30,274,"S4_(0.75,1.00]",0.8,1,0.36,0.4,0.8,0.76,0.84,0.84,0.84,50,0,5
DTLZ4,20,9,22009,31,280,"S4_(0.75,1.00]",0.8,1,0.32,0.37037037037037,0.8,0.8,0.84,0.851851851851852,0.87,54,0,5
DTLZ4,20,9,22009,32,286,"S4_(0.75,1.00]",0.8,1,0.36,0.377358490566038,0.84,0.8,0.92,0.905660377358491,0.92,53,0,5
DTLZ4,20,9,22009,33,292,"S4_(0.75,1.00]",0.72,1,0.32,0.346153846153846,0.88,0.84,0.92,0.923076923076923,0.94,52,0,7
DTLZ4,20,9,22009,34,298,"S4_(0.75,1.00]",0.8,1,0.28,0.384615384615385,0.96,0.96,1,0.980769230769231,0.99,52,0,5
DTLZ4,20,10,22010,1,100,"S2_(0.25,0.50]",0.6,0.68,0.56,0.441176470588235,0.4,0.12,0.36,0.441176470588235,0.2,34,0,18
DTLZ4,20,10,22010,2,106,"S2_(0.25,0.50]",0.52,0.72,0.32,0.382352941176471,0.4,0.16,0.52,0.441176470588235,0.21,34,0,18
DTLZ4,20,10,22010,3,112,"S2_(0.25,0.50]",0.56,0.72,0.36,0.4,0.36,0.12,0.48,0.428571428571429,0.22,35,0,18
DTLZ4,20,10,22010,4,118,"S2_(0.25,0.50]",0.6,0.68,0.28,0.394736842105263,0.36,0.12,0.48,0.421052631578947,0.22,38,0,17
DTLZ4,20,10,22010,5,124,"S2_(0.25,0.50]",0.52,1,0.24,0.342105263157895,0.48,0.16,0.56,0.578947368421053,0.25,38,0,12
DTLZ4,20,10,22010,6,130,"S2_(0.25,0.50]",0.6,1,0.28,0.365853658536585,0.44,0.2,0.48,0.48780487804878,0.26,41,0,10
DTLZ4,20,10,22010,7,136,"S2_(0.25,0.50]",0.56,1,0.28,0.333333333333333,0.4,0.2,0.48,0.452380952380952,0.27,42,0,11
DTLZ4,20,10,22010,8,142,"S2_(0.25,0.50]",0.68,1,0.28,0.395348837209302,0.48,0.32,0.48,0.488372093023256,0.32,43,0,8
DTLZ4,20,10,22010,9,148,"S2_(0.25,0.50]",0.72,1,0.32,0.391304347826087,0.4,0.28,0.48,0.456521739130435,0.32,46,0,7
DTLZ4,20,10,22010,10,154,"S3_(0.50,0.75]",0.68,1,0.36,0.361702127659574,0.4,0.24,0.44,0.468085106382979,0.33,47,0,8
DTLZ4,20,10,22010,11,160,"S3_(0.50,0.75]",0.76,1,0.36,0.395833333333333,0.4,0.28,0.44,0.479166666666667,0.34,48,0,6
DTLZ4,20,10,22010,12,166,"S3_(0.50,0.75]",0.72,1,0.4,0.36,0.36,0.24,0.4,0.48,0.35,50,0,7
DTLZ4,20,10,22010,13,172,"S3_(0.50,0.75]",0.76,1,0.4,0.395833333333333,0.4,0.24,0.44,0.479166666666667,0.37,48,0,6
DTLZ4,20,10,22010,14,178,"S3_(0.50,0.75]",0.6,1,0.32,0.3125,0.36,0.24,0.48,0.458333333333333,0.37,48,0,10
DTLZ4,20,10,22010,15,184,"S3_(0.50,0.75]",0.64,1,0.28,0.340425531914894,0.36,0.24,0.56,0.468085106382979,0.39,47,0,9
DTLZ4,20,10,22010,16,190,"S3_(0.50,0.75]",0.64,1,0.32,0.333333333333333,0.36,0.28,0.48,0.479166666666667,0.4,48,0,9
DTLZ4,20,10,22010,17,196,"S3_(0.50,0.75]",0.84,1,0.36,0.411764705882353,0.4,0.44,0.48,0.529411764705882,0.45,51,0,4
DTLZ4,20,10,22010,18,202,"S3_(0.50,0.75]",0.88,1,0.4,0.431372549019608,0.48,0.48,0.6,0.588235294117647,0.47,51,0,3
DTLZ4,20,10,22010,19,208,"S3_(0.50,0.75]",0.84,1,0.44,0.42,0.48,0.48,0.6,0.58,0.48,50,0,4
DTLZ4,20,10,22010,20,214,"S3_(0.50,0.75]",0.64,1,0.4,0.372093023255814,0.52,0.64,0.64,0.627906976744186,0.53,43,0,9
DTLZ4,20,10,22010,21,220,"S3_(0.50,0.75]",0.64,1,0.36,0.372093023255814,0.52,0.64,0.64,0.627906976744186,0.55,43,0,9
DTLZ4,20,10,22010,22,226,"S4_(0.75,1.00]",0.8,1,0.44,0.454545454545455,0.6,0.64,0.64,0.636363636363636,0.59,44,0,5
DTLZ4,20,10,22010,23,232,"S4_(0.75,1.00]",0.76,1,0.44,0.452380952380952,0.56,0.64,0.68,0.69047619047619,0.61,42,0,6
DTLZ4,20,10,22010,24,238,"S4_(0.75,1.00]",0.76,1,0.44,0.441860465116279,0.64,0.72,0.68,0.720930232558139,0.66,43,0,6
DTLZ4,20,10,22010,25,244,"S4_(0.75,1.00]",0.76,1,0.36,0.452380952380952,0.68,0.72,0.76,0.738095238095238,0.7,42,0,6
DTLZ4,20,10,22010,26,250,"S4_(0.75,1.00]",0.84,1,0.4,0.477272727272727,0.72,0.68,0.76,0.75,0.72,44,0,4
DTLZ4,20,10,22010,27,256,"S4_(0.75,1.00]",0.88,1,0.4,0.488888888888889,0.76,0.76,0.76,0.8,0.76,45,0,3
DTLZ4,20,10,22010,28,262,"S4_(0.75,1.00]",0.8,1,0.36,0.444444444444444,0.84,0.84,0.8,0.844444444444444,0.8,45,0,5
DTLZ4,20,10,22010,29,268,"S4_(0.75,1.00]",0.8,1,0.36,0.425531914893617,0.84,0.84,0.8,0.851063829787234,0.84,47,0,5
DTLZ4,20,10,22010,30,274,"S4_(0.75,1.00]",0.76,1,0.28,0.38,0.88,0.88,0.84,0.88,0.87,50,0,6
DTLZ4,20,10,22010,31,280,"S4_(0.75,1.00]",0.8,1,0.32,0.384615384615385,0.92,0.92,0.88,0.903846153846154,0.9,52,0,5
DTLZ4,20,10,22010,32,286,"S4_(0.75,1.00]",0.68,1,0.28,0.361702127659574,0.96,0.92,0.92,0.957446808510638,0.93,47,0,8
DTLZ4,20,10,22010,33,292,"S4_(0.75,1.00]",0.64,1,0.2,0.32,1,0.96,1,1,0.97,50,0,9
DTLZ4,20,10,22010,34,298,"S4_(0.75,1.00]",0.64,1,0.24,0.326530612244898,1,0.96,1,1,0.99,49,0,9
DTLZ4,20,11,22011,1,100,"S2_(0.25,0.50]",0.44,0.8,0.4,0.333333333333333,0.44,0.12,0.4,0.454545454545455,0.17,33,0,18
DTLZ4,20,11,22011,2,106,"S2_(0.25,0.50]",0.44,1,0.36,0.314285714285714,0.52,0.28,0.4,0.428571428571429,0.2,35,0,14
DTLZ4,20,11,22011,3,112,"S2_(0.25,0.50]",0.56,1,0.32,0.358974358974359,0.4,0.24,0.44,0.435897435897436,0.21,39,0,11
DTLZ4,20,11,22011,4,118,"S2_(0.25,0.50]",0.56,1,0.32,0.341463414634146,0.44,0.24,0.48,0.439024390243902,0.24,41,0,11
DTLZ4,20,11,22011,5,124,"S2_(0.25,0.50]",0.68,1,0.32,0.377777777777778,0.36,0.24,0.48,0.422222222222222,0.25,45,0,8
DTLZ4,20,11,22011,6,130,"S2_(0.25,0.50]",0.68,1,0.36,0.386363636363636,0.36,0.28,0.4,0.409090909090909,0.26,44,0,8
DTLZ4,20,11,22011,7,136,"S2_(0.25,0.50]",0.76,1,0.4,0.463414634146341,0.36,0.36,0.4,0.414634146341463,0.28,41,0,6
DTLZ4,20,11,22011,8,142,"S2_(0.25,0.50]",0.64,1,0.32,0.380952380952381,0.36,0.28,0.36,0.404761904761905,0.3,42,0,9
DTLZ4,20,11,22011,9,148,"S2_(0.25,0.50]",0.6,1,0.24,0.340909090909091,0.36,0.32,0.44,0.431818181818182,0.31,44,0,10
DTLZ4,20,11,22011,10,154,"S3_(0.50,0.75]",0.6,1,0.24,0.340909090909091,0.32,0.24,0.36,0.386363636363636,0.32,44,0,10
DTLZ4,20,11,22011,11,160,"S3_(0.50,0.75]",0.68,1,0.24,0.361702127659574,0.48,0.32,0.48,0.446808510638298,0.34,47,0,8
DTLZ4,20,11,22011,12,166,"S3_(0.50,0.75]",0.64,1,0.32,0.340425531914894,0.48,0.36,0.52,0.468085106382979,0.35,47,0,9
DTLZ4,20,11,22011,13,172,"S3_(0.50,0.75]",0.56,1,0.2,0.274509803921569,0.44,0.36,0.32,0.431372549019608,0.36,51,0,11
DTLZ4,20,11,22011,14,178,"S3_(0.50,0.75]",0.56,1,0.28,0.285714285714286,0.48,0.44,0.44,0.489795918367347,0.41,49,0,11
DTLZ4,20,11,22011,15,184,"S3_(0.50,0.75]",0.52,1,0.28,0.270833333333333,0.52,0.4,0.52,0.520833333333333,0.43,48,0,12
DTLZ4,20,11,22011,16,190,"S3_(0.50,0.75]",0.84,1,0.4,0.333333333333333,0.44,0.4,0.52,0.492063492063492,0.41,63,0,4
DTLZ4,20,11,22011,17,196,"S3_(0.50,0.75]",0.76,1,0.36,0.339285714285714,0.52,0.4,0.48,0.517857142857143,0.43,56,0,6
DTLZ4,20,11,22011,18,202,"S3_(0.50,0.75]",0.76,1,0.32,0.339285714285714,0.56,0.48,0.52,0.571428571428571,0.45,56,0,6
DTLZ4,20,11,22011,19,208,"S3_(0.50,0.75]",0.68,1,0.4,0.354166666666667,0.64,0.48,0.64,0.625,0.47,48,0,8
DTLZ4,20,11,22011,20,214,"S3_(0.50,0.75]",0.72,1,0.44,0.375,0.64,0.52,0.76,0.708333333333333,0.52,48,0,7
DTLZ4,20,11,22011,21,220,"S3_(0.50,0.75]",0.72,1,0.44,0.36734693877551,0.68,0.52,0.76,0.714285714285714,0.54,49,0,7
DTLZ4,20,11,22011,22,226,"S4_(0.75,1.00]",0.76,1,0.44,0.41304347826087,0.64,0.52,0.72,0.717391304347826,0.53,46,0,6
DTLZ4,20,11,22011,23,232,"S4_(0.75,1.00]",0.76,1,0.4,0.41304347826087,0.6,0.52,0.76,0.695652173913043,0.54,46,0,6
DTLZ4,20,11,22011,24,238,"S4_(0.75,1.00]",0.8,1,0.44,0.408163265306122,0.68,0.56,0.72,0.73469387755102,0.57,49,0,5
DTLZ4,20,11,22011,25,244,"S4_(0.75,1.00]",0.76,1,0.36,0.365384615384615,0.68,0.56,0.72,0.692307692307692,0.57,52,0,6
DTLZ4,20,11,22011,26,250,"S4_(0.75,1.00]",0.8,1,0.36,0.363636363636364,0.64,0.6,0.72,0.709090909090909,0.58,55,0,5
DTLZ4,20,11,22011,27,256,"S4_(0.75,1.00]",0.72,1,0.32,0.333333333333333,0.76,0.68,0.68,0.777777777777778,0.7,54,0,7
DTLZ4,20,11,22011,28,262,"S4_(0.75,1.00]",0.76,1,0.36,0.358490566037736,0.76,0.72,0.72,0.792452830188679,0.74,53,0,6
DTLZ4,20,11,22011,29,268,"S4_(0.75,1.00]",0.76,1,0.4,0.358490566037736,0.84,0.76,0.72,0.849056603773585,0.75,53,0,6
DTLZ4,20,11,22011,30,274,"S4_(0.75,1.00]",0.8,1,0.4,0.363636363636364,0.84,0.84,0.76,0.854545454545454,0.8,55,0,5
DTLZ4,20,11,22011,31,280,"S4_(0.75,1.00]",0.8,1,0.4,0.37037037037037,0.88,0.88,0.84,0.907407407407407,0.83,54,0,5
DTLZ4,20,11,22011,32,286,"S4_(0.75,1.00]",0.76,1,0.44,0.41304347826087,0.88,0.92,0.84,0.91304347826087,0.91,46,0,6
DTLZ4,20,11,22011,33,292,"S4_(0.75,1.00]",0.72,1,0.4,0.391304347826087,0.88,0.92,0.84,0.91304347826087,0.93,46,0,7
DTLZ4,20,11,22011,34,298,"S4_(0.75,1.00]",0.68,1,0.32,0.369565217391304,0.96,1,0.96,0.978260869565217,0.98,46,0,8
DTLZ4,20,12,22012,1,100,"S2_(0.25,0.50]",0.56,0.52,0.44,0.411764705882353,0.56,0.04,0.48,0.558823529411765,0.22,34,0,21
DTLZ4,20,12,22012,2,106,"S2_(0.25,0.50]",0.56,0.52,0.48,0.4,0.56,0.04,0.44,0.514285714285714,0.22,35,0,21
DTLZ4,20,12,22012,3,112,"S2_(0.25,0.50]",0.48,1,0.36,0.3,0.48,0.2,0.32,0.45,0.22,40,0,13
DTLZ4,20,12,22012,4,118,"S2_(0.25,0.50]",0.52,1,0.32,0.288888888888889,0.44,0.24,0.28,0.444444444444444,0.24,45,0,12
DTLZ4,20,12,22012,5,124,"S2_(0.25,0.50]",0.56,1,0.36,0.318181818181818,0.36,0.2,0.32,0.409090909090909,0.23,44,0,11
DTLZ4,20,12,22012,6,130,"S2_(0.25,0.50]",0.56,1,0.32,0.318181818181818,0.36,0.2,0.36,0.409090909090909,0.23,44,0,11
DTLZ4,20,12,22012,7,136,"S2_(0.25,0.50]",0.68,1,0.32,0.354166666666667,0.36,0.24,0.32,0.416666666666667,0.28,48,0,8
DTLZ4,20,12,22012,8,142,"S2_(0.25,0.50]",0.6,1,0.28,0.319148936170213,0.36,0.28,0.32,0.404255319148936,0.29,47,0,10
DTLZ4,20,12,22012,9,148,"S2_(0.25,0.50]",0.72,1,0.2,0.346153846153846,0.36,0.28,0.36,0.423076923076923,0.32,52,0,7
DTLZ4,20,12,22012,10,154,"S3_(0.50,0.75]",0.68,1,0.12,0.333333333333333,0.44,0.32,0.4,0.450980392156863,0.35,51,0,8
DTLZ4,20,12,22012,11,160,"S3_(0.50,0.75]",0.6,1,0.08,0.288461538461538,0.44,0.24,0.44,0.461538461538462,0.36,52,0,10
DTLZ4,20,12,22012,12,166,"S3_(0.50,0.75]",0.76,1,0.24,0.333333333333333,0.44,0.32,0.56,0.508771929824561,0.4,57,0,6
DTLZ4,20,12,22012,13,172,"S3_(0.50,0.75]",0.8,1,0.28,0.363636363636364,0.4,0.28,0.48,0.527272727272727,0.43,55,0,5
DTLZ4,20,12,22012,14,178,"S3_(0.50,0.75]",0.76,1,0.28,0.351851851851852,0.48,0.36,0.6,0.611111111111111,0.45,54,0,6
DTLZ4,20,12,22012,15,184,"S3_(0.50,0.75]",0.76,1,0.24,0.333333333333333,0.44,0.4,0.52,0.578947368421053,0.46,57,0,6
DTLZ4,20,12,22012,16,190,"S3_(0.50,0.75]",0.8,1,0.2,0.357142857142857,0.48,0.44,0.6,0.625,0.49,56,0,5
DTLZ4,20,12,22012,17,196,"S3_(0.50,0.75]",0.72,1,0.12,0.333333333333333,0.48,0.4,0.68,0.611111111111111,0.5,54,0,7
DTLZ4,20,12,22012,18,202,"S3_(0.50,0.75]",0.8,1,0.2,0.357142857142857,0.48,0.4,0.6,0.553571428571429,0.5,56,0,5
DTLZ4,20,12,22012,19,208,"S3_(0.50,0.75]",0.72,1,0.16,0.333333333333333,0.52,0.4,0.64,0.611111111111111,0.5,54,0,7
DTLZ4,20,12,22012,20,214,"S3_(0.50,0.75]",0.76,1,0.2,0.345454545454545,0.48,0.44,0.56,0.6,0.52,55,0,6
DTLZ4,20,12,22012,21,220,"S3_(0.50,0.75]",0.68,1,0.12,0.309090909090909,0.6,0.48,0.6,0.654545454545455,0.53,55,0,8
DTLZ4,20,12,22012,22,226,"S4_(0.75,1.00]",0.68,1,0.12,0.314814814814815,0.64,0.48,0.64,0.666666666666667,0.53,54,0,8
DTLZ4,20,12,22012,23,232,"S4_(0.75,1.00]",0.64,1,0.08,0.290909090909091,0.64,0.48,0.52,0.618181818181818,0.56,55,0,9
DTLZ4,20,12,22012,24,238,"S4_(0.75,1.00]",0.68,1,0.08,0.293103448275862,0.56,0.48,0.56,0.620689655172414,0.58,58,0,8
DTLZ4,20,12,22012,25,244,"S4_(0.75,1.00]",0.76,1,0.12,0.327586206896552,0.68,0.64,0.56,0.637931034482759,0.63,58,0,6
DTLZ4,20,12,22012,26,250,"S4_(0.75,1.00]",0.68,1,0.08,0.303571428571429,0.72,0.76,0.56,0.642857142857143,0.66,56,0,8
DTLZ4,20,12,22012,27,256,"S4_(0.75,1.00]",0.68,1,0.16,0.326923076923077,0.64,0.76,0.6,0.634615384615385,0.68,52,0,8
DTLZ4,20,12,22012,28,262,"S4_(0.75,1.00]",0.76,1,0.08,0.333333333333333,0.8,0.88,0.76,0.807017543859649,0.8,57,0,6
DTLZ4,20,12,22012,29,268,"S4_(0.75,1.00]",0.68,1,0.04,0.303571428571429,0.84,0.88,0.8,0.839285714285714,0.84,56,0,8
DTLZ4,20,12,22012,30,274,"S4_(0.75,1.00]",0.76,1,0.28,0.387755102040816,0.88,0.84,0.84,0.877551020408163,0.87,49,0,6
DTLZ4,20,12,22012,31,280,"S4_(0.75,1.00]",0.76,1,0.28,0.38,0.88,0.84,0.84,0.88,0.9,50,0,6
DTLZ4,20,12,22012,32,286,"S4_(0.75,1.00]",0.76,1,0.28,0.38,0.92,0.92,0.84,0.9,0.92,50,0,6
DTLZ4,20,12,22012,33,292,"S4_(0.75,1.00]",0.8,1,0.32,0.425531914893617,0.92,0.92,0.88,0.914893617021277,0.95,47,0,5
DTLZ4,20,12,22012,34,298,"S4_(0.75,1.00]",0.76,1,0.2,0.422222222222222,1,1,1,1,0.99,45,0,6
DTLZ4,20,13,22013,1,100,"S2_(0.25,0.50]",0.44,1,0.36,0.333333333333333,0.28,0.12,0.32,0.242424242424242,0.08,33,0,14
DTLZ4,20,13,22013,2,106,"S2_(0.25,0.50]",0.44,1,0.32,0.305555555555556,0.24,0.16,0.2,0.25,0.1,36,0,14
DTLZ4,20,13,22013,3,112,"S2_(0.25,0.50]",0.44,1,0.28,0.289473684210526,0.28,0.16,0.24,0.263157894736842,0.12,38,0,14
DTLZ4,20,13,22013,4,118,"S2_(0.25,0.50]",0.48,1,0.32,0.342857142857143,0.28,0.16,0.24,0.285714285714286,0.12,35,0,13
DTLZ4,20,13,22013,5,124,"S2_(0.25,0.50]",0.56,1,0.4,0.378378378378378,0.4,0.16,0.36,0.351351351351351,0.13,37,0,11
DTLZ4,20,13,22013,6,130,"S2_(0.25,0.50]",0.52,1,0.28,0.317073170731707,0.36,0.16,0.28,0.317073170731707,0.14,41,0,12
DTLZ4,20,13,22013,7,136,"S2_(0.25,0.50]",0.56,1,0.24,0.333333333333333,0.32,0.16,0.28,0.30952380952381,0.14,42,0,11
DTLZ4,20,13,22013,8,142,"S2_(0.25,0.50]",0.56,1,0.36,0.368421052631579,0.4,0.2,0.36,0.394736842105263,0.16,38,0,11
DTLZ4,20,13,22013,9,148,"S2_(0.25,0.50]",0.52,1,0.32,0.333333333333333,0.48,0.24,0.4,0.435897435897436,0.2,39,0,12
DTLZ4,20,13,22013,10,154,"S3_(0.50,0.75]",0.6,1,0.4,0.357142857142857,0.44,0.28,0.32,0.404761904761905,0.22,42,0,10
DTLZ4,20,13,22013,11,160,"S3_(0.50,0.75]",0.76,1,0.52,0.431818181818182,0.36,0.28,0.32,0.409090909090909,0.25,44,0,6
DTLZ4,20,13,22013,12,166,"S3_(0.50,0.75]",0.84,1,0.48,0.4375,0.44,0.4,0.4,0.4375,0.29,48,0,4
DTLZ4,20,13,22013,13,172,"S3_(0.50,0.75]",0.8,1,0.36,0.408163265306122,0.44,0.44,0.4,0.448979591836735,0.31,49,0,5
DTLZ4,20,13,22013,14,178,"S3_(0.50,0.75]",1,1,0.52,0.5,0.48,0.48,0.4,0.46,0.33,50,0,0
DTLZ4,20,13,22013,15,184,"S3_(0.50,0.75]",0.96,1,0.52,0.428571428571429,0.56,0.52,0.4,0.5,0.38,56,0,1
DTLZ4,20,13,22013,16,190,"S3_(0.50,0.75]",0.88,1,0.52,0.392857142857143,0.52,0.48,0.48,0.517857142857143,0.39,56,0,3
DTLZ4,20,13,22013,17,196,"S3_(0.50,0.75]",0.88,1,0.4,0.379310344827586,0.48,0.44,0.52,0.517241379310345,0.4,58,0,3
DTLZ4,20,13,22013,18,202,"S3_(0.50,0.75]",0.96,1,0.4,0.39344262295082,0.44,0.4,0.48,0.508196721311475,0.42,61,0,1
DTLZ4,20,13,22013,19,208,"S3_(0.50,0.75]",0.8,1,0.32,0.338983050847458,0.48,0.36,0.52,0.542372881355932,0.44,59,0,5
DTLZ4,20,13,22013,20,214,"S3_(0.50,0.75]",0.76,1,0.28,0.333333333333333,0.48,0.4,0.56,0.543859649122807,0.45,57,0,6
DTLZ4,20,13,22013,21,220,"S3_(0.50,0.75]",0.8,1,0.32,0.333333333333333,0.52,0.44,0.52,0.583333333333333,0.47,60,0,5
DTLZ4,20,13,22013,22,226,"S4_(0.75,1.00]",0.68,1,0.2,0.288135593220339,0.6,0.44,0.56,0.610169491525424,0.48,59,0,8
DTLZ4,20,13,22013,23,232,"S4_(0.75,1.00]",0.76,1,0.2,0.311475409836066,0.64,0.52,0.56,0.622950819672131,0.51,61,0,6
DTLZ4,20,13,22013,24,238,"S4_(0.75,1.00]",0.72,1,0.2,0.290322580645161,0.68,0.56,0.64,0.645161290322581,0.55,62,0,7
DTLZ4,20,13,22013,25,244,"S4_(0.75,1.00]",0.72,1,0.2,0.295081967213115,0.8,0.64,0.72,0.704918032786885,0.58,61,0,7
DTLZ4,20,13,22013,26,250,"S4_(0.75,1.00]",0.8,1,0.12,0.32258064516129,0.84,0.72,0.76,0.725806451612903,0.63,62,0,5
DTLZ4,20,13,22013,27,256,"S4_(0.75,1.00]",0.84,1,0.28,0.381818181818182,0.8,0.72,0.88,0.781818181818182,0.68,55,0,4
DTLZ4,20,13,22013,28,262,"S4_(0.75,1.00]",0.84,1,0.2,0.368421052631579,0.84,0.76,0.92,0.807017543859649,0.72,57,0,4
DTLZ4,20,13,22013,29,268,"S4_(0.75,1.00]",0.8,1,0.16,0.344827586206897,0.84,0.8,0.88,0.844827586206897,0.76,58,0,5
DTLZ4,20,13,22013,30,274,"S4_(0.75,1.00]",0.72,1,0.16,0.327272727272727,0.72,0.8,0.92,0.818181818181818,0.77,55,0,7
DTLZ4,20,13,22013,31,280,"S4_(0.75,1.00]",0.76,1,0.16,0.372549019607843,0.92,0.88,0.88,0.92156862745098,0.84,51,0,6
DTLZ4,20,13,22013,32,286,"S4_(0.75,1.00]",0.92,1,0.28,0.410714285714286,0.96,0.96,0.84,0.928571428571429,0.89,56,0,2
DTLZ4,20,13,22013,33,292,"S4_(0.75,1.00]",0.92,1,0.4,0.425925925925926,0.96,0.96,0.96,0.962962962962963,0.92,54,0,2
DTLZ4,20,13,22013,34,298,"S4_(0.75,1.00]",0.8,1,0.4,0.4,1,1,1,1,0.98,50,0,5
DTLZ4,20,14,22014,1,100,"S2_(0.25,0.50]",0.4,0.6,0.2,0.361111111111111,0.32,0.08,0.28,0.305555555555556,0.14,36,0,22
DTLZ4,20,14,22014,2,106,"S2_(0.25,0.50]",0.44,1,0.32,0.289473684210526,0.36,0.2,0.44,0.289473684210526,0.14,38,0,14
DTLZ4,20,14,22014,3,112,"S2_(0.25,0.50]",0.48,1,0.36,0.315789473684211,0.36,0.2,0.44,0.289473684210526,0.14,38,0,13
DTLZ4,20,14,22014,4,118,"S2_(0.25,0.50]",0.52,1,0.32,0.342105263157895,0.44,0.24,0.44,0.342105263157895,0.16,38,0,12
DTLZ4,20,14,22014,5,124,"S2_(0.25,0.50]",0.6,1,0.36,0.375,0.4,0.2,0.4,0.325,0.16,40,0,10
DTLZ4,20,14,22014,6,130,"S2_(0.25,0.50]",0.6,1,0.36,0.357142857142857,0.36,0.16,0.36,0.30952380952381,0.16,42,0,10
DTLZ4,20,14,22014,7,136,"S2_(0.25,0.50]",0.52,1,0.32,0.317073170731707,0.32,0.16,0.32,0.317073170731707,0.17,41,0,12
DTLZ4,20,14,22014,8,142,"S2_(0.25,0.50]",0.68,1,0.36,0.395348837209302,0.4,0.2,0.32,0.372093023255814,0.2,43,0,8
DTLZ4,20,14,22014,9,148,"S2_(0.25,0.50]",0.6,1,0.24,0.357142857142857,0.44,0.28,0.36,0.404761904761905,0.23,42,0,10
DTLZ4,20,14,22014,10,154,"S3_(0.50,0.75]",0.64,1,0.32,0.380952380952381,0.56,0.36,0.44,0.476190476190476,0.26,42,0,9
DTLZ4,20,14,22014,11,160,"S3_(0.50,0.75]",0.68,1,0.32,0.386363636363636,0.52,0.44,0.48,0.477272727272727,0.29,44,0,8
DTLZ4,20,14,22014,12,166,"S3_(0.50,0.75]",0.76,1,0.2,0.38,0.56,0.48,0.28,0.46,0.29,50,0,6
DTLZ4,20,14,22014,13,172,"S3_(0.50,0.75]",0.68,1,0.24,0.386363636363636,0.48,0.56,0.4,0.431818181818182,0.32,44,0,8
DTLZ4,20,14,22014,14,178,"S3_(0.50,0.75]",0.64,1,0.28,0.355555555555556,0.48,0.48,0.4,0.444444444444444,0.33,45,0,9
DTLZ4,20,14,22014,15,184,"S3_(0.50,0.75]",0.64,1,0.24,0.355555555555556,0.6,0.56,0.4,0.533333333333333,0.38,45,0,9
DTLZ4,20,14,22014,16,190,"S3_(0.50,0.75]",0.6,1,0.24,0.333333333333333,0.68,0.6,0.48,0.577777777777778,0.4,45,0,10
DTLZ4,20,14,22014,17,196,"S3_(0.50,0.75]",0.72,1,0.4,0.375,0.68,0.6,0.44,0.5625,0.42,48,0,7
DTLZ4,20,14,22014,18,202,"S3_(0.50,0.75]",0.76,1,0.32,0.372549019607843,0.72,0.68,0.56,0.607843137254902,0.46,51,0,6
DTLZ4,20,14,22014,19,208,"S3_(0.50,0.75]",0.76,1,0.4,0.387755102040816,0.72,0.64,0.64,0.63265306122449,0.5,49,0,6
DTLZ4,20,14,22014,20,214,"S3_(0.50,0.75]",0.84,1,0.44,0.42,0.72,0.68,0.72,0.68,0.54,50,0,4
DTLZ4,20,14,22014,21,220,"S3_(0.50,0.75]",0.84,1,0.4,0.411764705882353,0.72,0.68,0.72,0.686274509803922,0.56,51,0,4
DTLZ4,20,14,22014,22,226,"S4_(0.75,1.00]",0.84,1,0.44,0.39622641509434,0.72,0.64,0.64,0.679245283018868,0.58,53,0,4
DTLZ4,20,14,22014,23,232,"S4_(0.75,1.00]",0.8,1,0.32,0.37037037037037,0.64,0.6,0.6,0.666666666666667,0.58,54,0,5
DTLZ4,20,14,22014,24,238,"S4_(0.75,1.00]",0.76,1,0.36,0.345454545454545,0.6,0.48,0.64,0.672727272727273,0.58,55,0,6
DTLZ4,20,14,22014,25,244,"S4_(0.75,1.00]",0.92,1,0.48,0.433962264150943,0.64,0.56,0.68,0.69811320754717,0.61,53,0,2
DTLZ4,20,14,22014,26,250,"S4_(0.75,1.00]",0.84,1,0.32,0.375,0.8,0.68,0.72,0.767857142857143,0.65,56,0,4
DTLZ4,20,14,22014,27,256,"S4_(0.75,1.00]",0.92,1,0.4,0.389830508474576,0.84,0.8,0.8,0.813559322033898,0.69,59,0,2
DTLZ4,20,14,22014,28,262,"S4_(0.75,1.00]",0.92,1,0.4,0.396551724137931,0.84,0.8,0.84,0.844827586206897,0.71,58,0,2
DTLZ4,20,14,22014,29,268,"S4_(0.75,1.00]",0.84,1,0.44,0.362068965517241,0.88,0.84,0.92,0.879310344827586,0.76,58,0,4
DTLZ4,20,14,22014,30,274,"S4_(0.75,1.00]",0.92,1,0.36,0.370967741935484,0.92,0.92,0.92,0.903225806451613,0.81,62,0,2
DTLZ4,20,14,22014,31,280,"S4_(0.75,1.00]",0.88,1,0.4,0.366666666666667,0.96,0.92,0.92,0.9,0.86,60,0,3
DTLZ4,20,14,22014,32,286,"S4_(0.75,1.00]",0.88,1,0.4,0.360655737704918,0.96,0.96,0.96,0.918032786885246,0.9,61,0,3
DTLZ4,20,14,22014,33,292,"S4_(0.75,1.00]",0.84,1,0.32,0.35,1,1,1,0.983333333333333,0.95,60,0,4
DTLZ4,20,14,22014,34,298,"S4_(0.75,1.00]",0.84,1,0.24,0.304347826086957,1,1,1,1,0.99,69,0,4
DTLZ4,20,15,22015,1,100,"S2_(0.25,0.50]",0.56,0.84,0.36,0.411764705882353,0.56,0.24,0.44,0.529411764705882,0.22,34,0,14
DTLZ4,20,15,22015,2,106,"S2_(0.25,0.50]",0.56,1,0.28,0.368421052631579,0.72,0.44,0.6,0.605263157894737,0.26,38,0,11
DTLZ4,20,15,22015,3,112,"S2_(0.25,0.50]",0.52,1,0.24,0.325,0.68,0.4,0.6,0.6,0.28,40,0,12
DTLZ4,20,15,22015,4,118,"S2_(0.25,0.50]",0.56,1,0.24,0.341463414634146,0.68,0.4,0.64,0.585365853658537,0.29,41,0,11
DTLZ4,20,15,22015,5,124,"S2_(0.25,0.50]",0.92,1,0.44,0.418181818181818,0.4,0.36,0.28,0.454545454545455,0.3,55,0,2
DTLZ4,20,15,22015,6,130,"S2_(0.25,0.50]",0.92,1,0.4,0.389830508474576,0.36,0.32,0.36,0.457627118644068,0.32,59,0,2
DTLZ4,20,15,22015,7,136,"S2_(0.25,0.50]",0.84,1,0.36,0.344262295081967,0.32,0.24,0.4,0.459016393442623,0.33,61,0,4
DTLZ4,20,15,22015,8,142,"S2_(0.25,0.50]",0.84,1,0.28,0.328125,0.28,0.16,0.44,0.453125,0.34,64,0,4
DTLZ4,20,15,22015,9,148,"S2_(0.25,0.50]",0.76,1,0.24,0.292307692307692,0.32,0.16,0.44,0.476923076923077,0.36,65,0,6
DTLZ4,20,15,22015,10,154,"S3_(0.50,0.75]",0.64,1,0.08,0.30188679245283,0.44,0.16,0.6,0.528301886792453,0.36,53,0,9
DTLZ4,20,15,22015,11,160,"S3_(0.50,0.75]",0.64,1,0.08,0.296296296296296,0.44,0.16,0.56,0.518518518518518,0.37,54,0,9
DTLZ4,20,15,22015,12,166,"S3_(0.50,0.75]",0.52,1,0.12,0.270833333333333,0.48,0.16,0.64,0.520833333333333,0.37,48,0,12
DTLZ4,20,15,22015,13,172,"S3_(0.50,0.75]",0.52,1,0.12,0.26530612244898,0.48,0.16,0.56,0.510204081632653,0.38,49,0,12
DTLZ4,20,15,22015,14,178,"S3_(0.50,0.75]",0.52,1,0.16,0.270833333333333,0.48,0.2,0.56,0.520833333333333,0.4,48,0,12
DTLZ4,20,15,22015,15,184,"S3_(0.50,0.75]",0.6,1,0.16,0.294117647058824,0.44,0.2,0.6,0.549019607843137,0.42,51,0,10
DTLZ4,20,15,22015,16,190,"S3_(0.50,0.75]",0.64,1,0.2,0.32,0.44,0.24,0.64,0.58,0.44,50,0,9
DTLZ4,20,15,22015,17,196,"S3_(0.50,0.75]",0.52,1,0.24,0.276595744680851,0.56,0.28,0.64,0.638297872340426,0.46,47,0,12
DTLZ4,20,15,22015,18,202,"S3_(0.50,0.75]",0.52,1,0.2,0.270833333333333,0.64,0.36,0.68,0.666666666666667,0.49,48,0,12
DTLZ4,20,15,22015,19,208,"S3_(0.50,0.75]",0.56,1,0.16,0.28,0.68,0.4,0.68,0.7,0.51,50,0,11
DTLZ4,20,15,22015,20,214,"S3_(0.50,0.75]",0.56,1,0.08,0.269230769230769,0.72,0.4,0.76,0.730769230769231,0.54,52,0,11
DTLZ4,20,15,22015,21,220,"S3_(0.50,0.75]",0.6,1,0.12,0.294117647058824,0.72,0.52,0.72,0.745098039215686,0.59,51,0,10
DTLZ4,20,15,22015,22,226,"S4_(0.75,1.00]",0.6,1,0.16,0.3,0.8,0.56,0.76,0.78,0.61,50,0,10
DTLZ4,20,15,22015,23,232,"S4_(0.75,1.00]",0.6,1,0.08,0.283018867924528,0.76,0.56,0.76,0.773584905660377,0.62,53,0,10
DTLZ4,20,15,22015,24,238,"S4_(0.75,1.00]",0.6,1,0.12,0.272727272727273,0.68,0.56,0.8,0.763636363636364,0.63,55,0,10
DTLZ4,20,15,22015,25,244,"S4_(0.75,1.00]",0.6,1,0.24,0.3,0.64,0.56,0.76,0.78,0.67,50,0,10
DTLZ4,20,15,22015,26,250,"S4_(0.75,1.00]",0.56,1,0.12,0.297872340425532,0.72,0.6,0.88,0.808510638297872,0.69,47,0,11
DTLZ4,20,15,22015,27,256,"S4_(0.75,1.00]",0.52,1,0.2,0.295454545454545,0.88,0.68,0.96,0.886363636363636,0.74,44,0,12
DTLZ4,20,15,22015,28,262,"S4_(0.75,1.00]",0.52,1,0.12,0.288888888888889,0.92,0.68,0.96,0.911111111111111,0.79,45,0,12
DTLZ4,20,15,22015,29,268,"S4_(0.75,1.00]",0.52,1,0.16,0.276595744680851,0.96,0.76,0.96,0.936170212765957,0.82,47,0,12
DTLZ4,20,15,22015,30,274,"S4_(0.75,1.00]",0.56,1,0.2,0.297872340425532,0.92,0.72,0.92,0.914893617021277,0.83,47,0,11
DTLZ4,20,15,22015,31,280,"S4_(0.75,1.00]",0.56,1,0.2,0.304347826086957,0.96,0.84,0.96,0.956521739130435,0.88,46,0,11
DTLZ4,20,15,22015,32,286,"S4_(0.75,1.00]",0.56,1,0.24,0.311111111111111,1,0.92,1,0.977777777777778,0.92,45,0,11
DTLZ4,20,15,22015,33,292,"S4_(0.75,1.00]",0.6,1,0.16,0.340909090909091,1,1,1,0.977272727272727,0.96,44,0,10
DTLZ4,20,15,22015,34,298,"S4_(0.75,1.00]",0.6,1,0.2,0.340909090909091,0.96,1,1,0.977272727272727,0.99,44,0,10
DTLZ4,20,16,22016,1,100,"S2_(0.25,0.50]",0.32,0.84,0.28,0.222222222222222,0.4,0.08,0.48,0.444444444444444,0.17,36,0,21
DTLZ4,20,16,22016,2,106,"S2_(0.25,0.50]",0.32,0.84,0.32,0.216216216216216,0.36,0.08,0.44,0.432432432432432,0.18,37,0,21
DTLZ4,20,16,22016,3,112,"S2_(0.25,0.50]",0.32,1,0.28,0.205128205128205,0.32,0.12,0.32,0.41025641025641,0.2,39,0,17
DTLZ4,20,16,22016,4,118,"S2_(0.25,0.50]",0.48,1,0.32,0.292682926829268,0.24,0.2,0.28,0.341463414634146,0.22,41,0,13
DTLZ4,20,16,22016,5,124,"S2_(0.25,0.50]",0.44,1,0.24,0.261904761904762,0.24,0.24,0.32,0.357142857142857,0.23,42,0,14
DTLZ4,20,16,22016,6,130,"S2_(0.25,0.50]",0.48,1,0.2,0.272727272727273,0.28,0.24,0.28,0.363636363636364,0.24,44,0,13
DTLZ4,20,16,22016,7,136,"S2_(0.25,0.50]",0.36,1,0.08,0.204545454545455,0.28,0.16,0.28,0.363636363636364,0.24,44,0,16
DTLZ4,20,16,22016,8,142,"S2_(0.25,0.50]",0.48,1,0.12,0.27906976744186,0.24,0.16,0.36,0.348837209302326,0.24,43,0,13
DTLZ4,20,16,22016,9,148,"S2_(0.25,0.50]",0.56,1,0.24,0.333333333333333,0.28,0.16,0.28,0.357142857142857,0.25,42,0,11
DTLZ4,20,16,22016,10,154,"S3_(0.50,0.75]",0.56,1,0.24,0.325581395348837,0.32,0.16,0.32,0.395348837209302,0.26,43,0,11
DTLZ4,20,16,22016,11,160,"S3_(0.50,0.75]",0.64,1,0.32,0.355555555555556,0.4,0.24,0.44,0.4,0.28,45,0,9
DTLZ4,20,16,22016,12,166,"S3_(0.50,0.75]",0.64,1,0.4,0.355555555555556,0.4,0.28,0.44,0.4,0.31,45,0,9
DTLZ4,20,16,22016,13,172,"S3_(0.50,0.75]",0.8,1,0.44,0.425531914893617,0.52,0.36,0.48,0.425531914893617,0.35,47,0,5
DTLZ4,20,16,22016,14,178,"S3_(0.50,0.75]",0.76,1,0.44,0.387755102040816,0.48,0.32,0.44,0.428571428571429,0.37,49,0,6
DTLZ4,20,16,22016,15,184,"S3_(0.50,0.75]",0.8,1,0.28,0.363636363636364,0.52,0.44,0.4,0.509090909090909,0.41,55,0,5
DTLZ4,20,16,22016,16,190,"S3_(0.50,0.75]",0.84,1,0.36,0.362068965517241,0.4,0.44,0.36,0.5,0.44,58,0,4
DTLZ4,20,16,22016,17,196,"S3_(0.50,0.75]",0.84,1,0.36,0.35,0.4,0.48,0.36,0.466666666666667,0.46,60,0,4
DTLZ4,20,16,22016,18,202,"S3_(0.50,0.75]",0.8,1,0.4,0.333333333333333,0.48,0.48,0.4,0.5,0.48,60,0,5
DTLZ4,20,16,22016,19,208,"S3_(0.50,0.75]",0.76,1,0.32,0.345454545454545,0.52,0.48,0.44,0.527272727272727,0.49,55,0,6
DTLZ4,20,16,22016,20,214,"S3_(0.50,0.75]",0.72,1,0.28,0.321428571428571,0.64,0.48,0.56,0.625,0.55,56,0,7
DTLZ4,20,16,22016,21,220,"S3_(0.50,0.75]",0.72,1,0.36,0.310344827586207,0.72,0.52,0.52,0.637931034482759,0.57,58,0,7
DTLZ4,20,16,22016,22,226,"S4_(0.75,1.00]",0.64,1,0.32,0.271186440677966,0.64,0.52,0.44,0.610169491525424,0.59,59,0,9
DTLZ4,20,16,22016,23,232,"S4_(0.75,1.00]",0.72,1,0.36,0.3,0.64,0.56,0.52,0.633333333333333,0.61,60,0,7
DTLZ4,20,16,22016,24,238,"S4_(0.75,1.00]",0.64,1,0.32,0.290909090909091,0.64,0.56,0.6,0.618181818181818,0.63,55,0,9
DTLZ4,20,16,22016,25,244,"S4_(0.75,1.00]",0.68,1,0.28,0.303571428571429,0.6,0.68,0.6,0.660714285714286,0.68,56,0,8
DTLZ4,20,16,22016,26,250,"S4_(0.75,1.00]",0.64,1,0.2,0.290909090909091,0.64,0.68,0.64,0.672727272727273,0.69,55,0,9
DTLZ4,20,16,22016,27,256,"S4_(0.75,1.00]",0.56,1,0.2,0.259259259259259,0.68,0.72,0.68,0.685185185185185,0.7,54,0,11
DTLZ4,20,16,22016,28,262,"S4_(0.75,1.00]",0.68,1,0.28,0.303571428571429,0.72,0.8,0.68,0.732142857142857,0.74,56,0,8
DTLZ4,20,16,22016,29,268,"S4_(0.75,1.00]",0.72,1,0.32,0.327272727272727,0.88,0.88,0.8,0.818181818181818,0.79,55,0,7
DTLZ4,20,16,22016,30,274,"S4_(0.75,1.00]",0.72,1,0.4,0.321428571428571,0.88,0.88,0.84,0.839285714285714,0.82,56,0,7
DTLZ4,20,16,22016,31,280,"S4_(0.75,1.00]",0.8,1,0.44,0.350877192982456,0.8,0.8,0.88,0.842105263157895,0.85,57,0,5
DTLZ4,20,16,22016,32,286,"S4_(0.75,1.00]",0.76,1,0.4,0.358490566037736,0.88,0.8,0.92,0.886792452830189,0.89,53,0,6
DTLZ4,20,16,22016,33,292,"S4_(0.75,1.00]",0.76,1,0.36,0.372549019607843,0.92,0.88,1,0.96078431372549,0.94,51,0,6
DTLZ4,20,16,22016,34,298,"S4_(0.75,1.00]",0.64,1,0.32,0.32,1,0.96,1,1,0.98,50,0,9
DTLZ4,20,17,22017,1,100,"S2_(0.25,0.50]",0.48,0.6,0.44,0.393939393939394,0.32,0.04,0.28,0.363636363636364,0.13,33,0,21
DTLZ4,20,17,22017,2,106,"S2_(0.25,0.50]",0.56,1,0.44,0.411764705882353,0.24,0.2,0.28,0.323529411764706,0.16,34,0,11
DTLZ4,20,17,22017,3,112,"S2_(0.25,0.50]",0.52,1,0.28,0.361111111111111,0.28,0.28,0.28,0.333333333333333,0.18,36,0,12
DTLZ4,20,17,22017,4,118,"S2_(0.25,0.50]",0.56,1,0.32,0.378378378378378,0.32,0.32,0.24,0.297297297297297,0.2,37,0,11
DTLZ4,20,17,22017,5,124,"S2_(0.25,0.50]",0.64,1,0.32,0.421052631578947,0.32,0.4,0.2,0.315789473684211,0.22,38,0,9
DTLZ4,20,17,22017,6,130,"S2_(0.25,0.50]",0.68,1,0.36,0.459459459459459,0.36,0.4,0.24,0.351351351351351,0.23,37,0,8
DTLZ4,20,17,22017,7,136,"S2_(0.25,0.50]",0.8,1,0.44,0.512820512820513,0.36,0.44,0.2,0.333333333333333,0.26,39,0,5
DTLZ4,20,17,22017,8,142,"S2_(0.25,0.50]",0.8,1,0.36,0.5,0.4,0.44,0.28,0.325,0.29,40,0,5
DTLZ4,20,17,22017,9,148,"S2_(0.25,0.50]",0.76,1,0.36,0.463414634146341,0.52,0.48,0.24,0.365853658536585,0.32,41,0,6
DTLZ4,20,17,22017,10,154,"S3_(0.50,0.75]",0.72,1,0.36,0.439024390243902,0.52,0.48,0.24,0.365853658536585,0.32,41,0,7
DTLZ4,20,17,22017,11,160,"S3_(0.50,0.75]",0.8,1,0.4,0.434782608695652,0.44,0.52,0.32,0.347826086956522,0.33,46,0,5
DTLZ4,20,17,22017,12,166,"S3_(0.50,0.75]",0.76,1,0.28,0.422222222222222,0.48,0.44,0.28,0.333333333333333,0.34,45,0,6
DTLZ4,20,17,22017,13,172,"S3_(0.50,0.75]",0.76,1,0.24,0.345454545454545,0.52,0.48,0.36,0.345454545454545,0.36,55,0,6
DTLZ4,20,17,22017,14,178,"S3_(0.50,0.75]",0.84,1,0.2,0.355932203389831,0.52,0.48,0.4,0.355932203389831,0.38,59,0,4
DTLZ4,20,17,22017,15,184,"S3_(0.50,0.75]",0.84,1,0.2,0.35,0.52,0.44,0.36,0.333333333333333,0.38,60,0,4
DTLZ4,20,17,22017,16,190,"S3_(0.50,0.75]",0.92,1,0.32,0.389830508474576,0.52,0.48,0.44,0.372881355932203,0.39,59,0,2
DTLZ4,20,17,22017,17,196,"S3_(0.50,0.75]",0.72,1,0.24,0.346153846153846,0.6,0.6,0.4,0.423076923076923,0.44,52,0,7
DTLZ4,20,17,22017,18,202,"S3_(0.50,0.75]",0.72,1,0.24,0.36,0.56,0.52,0.44,0.46,0.44,50,0,7
DTLZ4,20,17,22017,19,208,"S3_(0.50,0.75]",0.72,1,0.32,0.382978723404255,0.56,0.56,0.44,0.468085106382979,0.46,47,0,7
DTLZ4,20,17,22017,20,214,"S3_(0.50,0.75]",0.72,1,0.4,0.391304347826087,0.56,0.44,0.36,0.478260869565217,0.48,46,0,7
DTLZ4,20,17,22017,21,220,"S3_(0.50,0.75]",0.76,1,0.36,0.431818181818182,0.52,0.48,0.36,0.477272727272727,0.5,44,0,6
DTLZ4,20,17,22017,22,226,"S4_(0.75,1.00]",0.84,1,0.44,0.4375,0.48,0.44,0.36,0.479166666666667,0.53,48,0,4
DTLZ4,20,17,22017,23,232,"S4_(0.75,1.00]",0.84,1,0.36,0.375,0.52,0.44,0.48,0.553571428571429,0.56,56,0,4
DTLZ4,20,17,22017,24,238,"S4_(0.75,1.00]",0.72,1,0.36,0.346153846153846,0.72,0.56,0.52,0.615384615384615,0.59,52,0,7
DTLZ4,20,17,22017,25,244,"S4_(0.75,1.00]",0.76,1,0.48,0.404255319148936,0.72,0.64,0.48,0.638297872340426,0.64,47,0,6
DTLZ4,20,17,22017,26,250,"S4_(0.75,1.00]",0.8,1,0.52,0.416666666666667,0.64,0.68,0.52,0.645833333333333,0.65,48,0,5
DTLZ4,20,17,22017,27,256,"S4_(0.75,1.00]",0.76,1,0.48,0.41304347826087,0.68,0.76,0.52,0.695652173913043,0.67,46,0,6
DTLZ4,20,17,22017,28,262,"S4_(0.75,1.00]",0.76,1,0.48,0.395833333333333,0.8,0.88,0.64,0.770833333333333,0.72,48,0,6
DTLZ4,20,17,22017,29,268,"S4_(0.75,1.00]",0.76,1,0.44,0.395833333333333,0.84,0.92,0.72,0.833333333333333,0.75,48,0,6
DTLZ4,20,17,22017,30,274,"S4_(0.75,1.00]",0.76,1,0.4,0.38,0.84,0.92,0.76,0.84,0.78,50,0,6
DTLZ4,20,17,22017,31,280,"S4_(0.75,1.00]",0.8,1,0.32,0.363636363636364,0.92,0.96,0.84,0.872727272727273,0.83,55,0,5
DTLZ4,20,17,22017,32,286,"S4_(0.75,1.00]",0.8,1,0.4,0.37037037037037,0.92,0.92,0.88,0.907407407407407,0.86,54,0,5
DTLZ4,20,17,22017,33,292,"S4_(0.75,1.00]",0.8,1,0.36,0.377358490566038,0.96,0.96,0.92,0.943396226415094,0.91,53,0,5
DTLZ4,20,17,22017,34,298,"S4_(0.75,1.00]",0.8,1,0.36,0.357142857142857,1,1,0.96,0.982142857142857,0.99,56,0,5
DTLZ4,20,18,22018,1,100,"S2_(0.25,0.50]",0.4,0.68,0.28,0.277777777777778,0.12,0.04,0.2,0.277777777777778,0.16,36,0,21
DTLZ4,20,18,22018,2,106,"S2_(0.25,0.50]",0.48,1,0.36,0.342857142857143,0.32,0.2,0.28,0.342857142857143,0.18,35,0,13
DTLZ4,20,18,22018,3,112,"S2_(0.25,0.50]",0.6,1,0.4,0.405405405405405,0.4,0.32,0.36,0.405405405405405,0.22,37,0,10
DTLZ4,20,18,22018,4,118,"S2_(0.25,0.50]",0.68,1,0.36,0.414634146341463,0.4,0.4,0.36,0.414634146341463,0.24,41,0,8
DTLZ4,20,18,22018,5,124,"S2_(0.25,0.50]",0.8,1,0.44,0.48780487804878,0.36,0.4,0.4,0.390243902439024,0.25,41,0,5
DTLZ4,20,18,22018,6,130,"S2_(0.25,0.50]",0.8,1,0.52,0.48780487804878,0.36,0.4,0.36,0.390243902439024,0.26,41,0,5
DTLZ4,20,18,22018,7,136,"S2_(0.25,0.50]",0.72,1,0.4,0.428571428571429,0.4,0.4,0.4,0.404761904761905,0.28,42,0,7
DTLZ4,20,18,22018,8,142,"S2_(0.25,0.50]",0.72,1,0.36,0.428571428571429,0.48,0.44,0.4,0.428571428571429,0.31,42,0,7
DTLZ4,20,18,22018,9,148,"S2_(0.25,0.50]",0.8,1,0.36,0.465116279069767,0.52,0.44,0.36,0.418604651162791,0.32,43,0,5
DTLZ4,20,18,22018,10,154,"S3_(0.50,0.75]",0.72,1,0.32,0.439024390243902,0.56,0.44,0.4,0.48780487804878,0.36,41,0,7
DTLZ4,20,18,22018,11,160,"S3_(0.50,0.75]",0.76,1,0.32,0.463414634146341,0.6,0.44,0.48,0.51219512195122,0.37,41,0,6
DTLZ4,20,18,22018,12,166,"S3_(0.50,0.75]",0.72,1,0.36,0.375,0.52,0.36,0.48,0.5,0.36,48,0,7
DTLZ4,20,18,22018,13,172,"S3_(0.50,0.75]",0.8,1,0.4,0.408163265306122,0.52,0.4,0.48,0.489795918367347,0.37,49,0,5
DTLZ4,20,18,22018,14,178,"S3_(0.50,0.75]",0.72,1,0.36,0.36734693877551,0.52,0.44,0.48,0.489795918367347,0.38,49,0,7
DTLZ4,20,18,22018,15,184,"S3_(0.50,0.75]",0.8,1,0.4,0.416666666666667,0.56,0.48,0.52,0.541666666666667,0.42,48,0,5
DTLZ4,20,18,22018,16,190,"S3_(0.50,0.75]",0.8,1,0.4,0.4,0.48,0.44,0.52,0.5,0.43,50,0,5
DTLZ4,20,18,22018,17,196,"S3_(0.50,0.75]",0.8,1,0.32,0.377358490566038,0.56,0.52,0.52,0.547169811320755,0.48,53,0,5
DTLZ4,20,18,22018,18,202,"S3_(0.50,0.75]",0.72,1,0.32,0.352941176470588,0.56,0.48,0.52,0.568627450980392,0.47,51,0,7
DTLZ4,20,18,22018,19,208,"S3_(0.50,0.75]",0.72,1,0.28,0.36,0.56,0.4,0.56,0.6,0.5,50,0,7
DTLZ4,20,18,22018,20,214,"S3_(0.50,0.75]",0.76,1,0.32,0.365384615384615,0.52,0.4,0.56,0.596153846153846,0.5,52,0,6
DTLZ4,20,18,22018,21,220,"S3_(0.50,0.75]",0.8,1,0.32,0.384615384615385,0.48,0.4,0.56,0.615384615384615,0.54,52,0,5
DTLZ4,20,18,22018,22,226,"S4_(0.75,1.00]",0.76,1,0.28,0.358490566037736,0.48,0.4,0.6,0.641509433962264,0.56,53,0,6
DTLZ4,20,18,22018,23,232,"S4_(0.75,1.00]",0.8,1,0.32,0.377358490566038,0.52,0.48,0.48,0.622641509433962,0.59,53,0,5
DTLZ4,20,18,22018,24,238,"S4_(0.75,1.00]",0.72,1,0.32,0.310344827586207,0.52,0.52,0.52,0.672413793103448,0.61,58,0,7
DTLZ4,20,18,22018,25,244,"S4_(0.75,1.00]",0.76,1,0.28,0.327586206896552,0.68,0.64,0.6,0.741379310344828,0.65,58,0,6
DTLZ4,20,18,22018,26,250,"S4_(0.75,1.00]",0.72,1,0.32,0.3,0.68,0.6,0.64,0.733333333333333,0.66,60,0,7
DTLZ4,20,18,22018,27,256,"S4_(0.75,1.00]",0.8,1,0.36,0.357142857142857,0.72,0.64,0.72,0.803571428571429,0.72,56,0,5
DTLZ4,20,18,22018,28,262,"S4_(0.75,1.00]",0.76,1,0.28,0.345454545454545,0.88,0.76,0.8,0.872727272727273,0.78,55,0,6
DTLZ4,20,18,22018,29,268,"S4_(0.75,1.00]",0.84,1,0.28,0.381818181818182,0.88,0.76,0.84,0.909090909090909,0.83,55,0,4
DTLZ4,20,18,22018,30,274,"S4_(0.75,1.00]",0.92,1,0.36,0.410714285714286,0.76,0.8,0.76,0.857142857142857,0.86,56,0,2
DTLZ4,20,18,22018,31,280,"S4_(0.75,1.00]",0.92,1,0.32,0.418181818181818,0.88,0.88,0.84,0.909090909090909,0.89,55,0,2
DTLZ4,20,18,22018,32,286,"S4_(0.75,1.00]",0.96,1,0.36,0.375,0.88,0.84,0.96,0.90625,0.92,64,0,1
DTLZ4,20,18,22018,33,292,"S4_(0.75,1.00]",0.92,1,0.32,0.389830508474576,0.92,0.96,1,0.949152542372881,0.96,59,0,2
DTLZ4,20,18,22018,34,298,"S4_(0.75,1.00]",0.92,1,0.32,0.396551724137931,1,1,1,1,1,58,0,2
DTLZ4,20,19,22019,1,100,"S2_(0.25,0.50]",0.56,0.96,0.44,0.4,0.32,0.12,0.4,0.342857142857143,0.13,35,0,11
DTLZ4,20,19,22019,2,106,"S2_(0.25,0.50]",0.6,1,0.52,0.441176470588235,0.32,0.12,0.28,0.382352941176471,0.14,34,0,10
DTLZ4,20,19,22019,3,112,"S2_(0.25,0.50]",0.64,1,0.4,0.432432432432432,0.24,0.12,0.28,0.324324324324324,0.14,37,0,9
DTLZ4,20,19,22019,4,118,"S2_(0.25,0.50]",0.56,1,0.32,0.378378378378378,0.24,0.12,0.28,0.324324324324324,0.15,37,0,11
DTLZ4,20,19,22019,5,124,"S2_(0.25,0.50]",0.56,1,0.32,0.35,0.28,0.16,0.28,0.35,0.17,40,0,11
DTLZ4,20,19,22019,6,130,"S2_(0.25,0.50]",0.64,1,0.4,0.421052631578947,0.36,0.24,0.36,0.394736842105263,0.19,38,0,9
DTLZ4,20,19,22019,7,136,"S2_(0.25,0.50]",0.68,1,0.4,0.435897435897436,0.36,0.28,0.4,0.41025641025641,0.21,39,0,8
DTLZ4,20,19,22019,8,142,"S2_(0.25,0.50]",0.68,1,0.48,0.459459459459459,0.4,0.28,0.4,0.405405405405405,0.22,37,0,8
DTLZ4,20,19,22019,9,148,"S2_(0.25,0.50]",0.64,1,0.36,0.41025641025641,0.36,0.28,0.4,0.384615384615385,0.23,39,0,9
DTLZ4,20,19,22019,10,154,"S3_(0.50,0.75]",0.64,1,0.36,0.390243902439024,0.32,0.28,0.36,0.365853658536585,0.23,41,0,9
DTLZ4,20,19,22019,11,160,"S3_(0.50,0.75]",0.64,1,0.36,0.380952380952381,0.36,0.32,0.4,0.404761904761905,0.25,42,0,9
DTLZ4,20,19,22019,12,166,"S3_(0.50,0.75]",0.56,1,0.28,0.325581395348837,0.36,0.32,0.44,0.418604651162791,0.26,43,0,11
DTLZ4,20,19,22019,13,172,"S3_(0.50,0.75]",0.52,1,0.2,0.317073170731707,0.44,0.32,0.48,0.463414634146341,0.29,41,0,12
DTLZ4,20,19,22019,14,178,"S3_(0.50,0.75]",0.68,1,0.32,0.377777777777778,0.44,0.28,0.4,0.422222222222222,0.3,45,0,8
DTLZ4,20,19,22019,15,184,"S3_(0.50,0.75]",0.64,1,0.36,0.380952380952381,0.52,0.32,0.48,0.5,0.33,42,0,9
DTLZ4,20,19,22019,16,190,"S3_(0.50,0.75]",0.6,1,0.36,0.348837209302326,0.56,0.36,0.44,0.534883720930233,0.36,43,0,10
DTLZ4,20,19,22019,17,196,"S3_(0.50,0.75]",0.68,1,0.28,0.369565217391304,0.64,0.44,0.4,0.543478260869565,0.38,46,0,8
DTLZ4,20,19,22019,18,202,"S3_(0.50,0.75]",0.6,1,0.28,0.340909090909091,0.6,0.44,0.52,0.568181818181818,0.4,44,0,10
DTLZ4,20,19,22019,19,208,"S3_(0.50,0.75]",0.56,1,0.28,0.297872340425532,0.64,0.52,0.52,0.574468085106383,0.44,47,0,11
DTLZ4,20,19,22019,20,214,"S3_(0.50,0.75]",0.52,1,0.2,0.276595744680851,0.64,0.52,0.52,0.574468085106383,0.45,47,0,12
DTLZ4,20,19,22019,21,220,"S3_(0.50,0.75]",0.64,1,0.24,0.340425531914894,0.68,0.64,0.56,0.638297872340426,0.5,47,0,9
DTLZ4,20,19,22019,22,226,"S4_(0.75,1.00]",0.68,1,0.28,0.346938775510204,0.68,0.68,0.56,0.653061224489796,0.53,49,0,8
DTLZ4,20,19,22019,23,232,"S4_(0.75,1.00]",0.64,1,0.24,0.333333333333333,0.64,0.72,0.6,0.645833333333333,0.54,48,0,9
DTLZ4,20,19,22019,24,238,"S4_(0.75,1.00]",0.56,1,0.24,0.291666666666667,0.72,0.76,0.68,0.6875,0.58,48,0,11
DTLZ4,20,19,22019,25,244,"S4_(0.75,1.00]",0.64,1,0.24,0.307692307692308,0.76,0.8,0.64,0.711538461538462,0.62,52,0,9
DTLZ4,20,19,22019,26,250,"S4_(0.75,1.00]",0.64,1,0.2,0.313725490196078,0.76,0.8,0.68,0.725490196078431,0.65,51,0,9
DTLZ4,20,19,22019,27,256,"S4_(0.75,1.00]",0.56,1,0.2,0.28,0.88,0.84,0.72,0.78,0.68,50,0,11
DTLZ4,20,19,22019,28,262,"S4_(0.75,1.00]",0.64,1,0.28,0.307692307692308,0.96,0.88,0.8,0.846153846153846,0.73,52,0,9
DTLZ4,20,19,22019,29,268,"S4_(0.75,1.00]",0.68,1,0.2,0.309090909090909,0.96,0.92,0.76,0.854545454545454,0.77,55,0,8
DTLZ4,20,19,22019,30,274,"S4_(0.75,1.00]",0.68,1,0.2,0.320754716981132,1,0.92,0.8,0.886792452830189,0.8,53,0,8
DTLZ4,20,19,22019,31,280,"S4_(0.75,1.00]",0.76,1,0.28,0.351851851851852,1,0.92,0.84,0.907407407407407,0.85,54,0,6
DTLZ4,20,19,22019,32,286,"S4_(0.75,1.00]",0.72,1,0.24,0.36,1,0.96,0.92,0.94,0.9,50,0,7
DTLZ4,20,19,22019,33,292,"S4_(0.75,1.00]",0.72,1,0.32,0.352941176470588,1,0.96,0.96,0.96078431372549,0.93,51,0,7
DTLZ4,20,19,22019,34,298,"S4_(0.75,1.00]",0.72,1,0.2,0.346153846153846,1,1,0.96,0.980769230769231,0.99,52,0,7
DTLZ4,20,20,22020,1,100,"S2_(0.25,0.50]",0.4,0.92,0.2,0.294117647058824,0.52,0.2,0.48,0.470588235294118,0.18,34,0,17
DTLZ4,20,20,22020,2,106,"S2_(0.25,0.50]",0.4,1,0.24,0.277777777777778,0.44,0.24,0.4,0.388888888888889,0.18,36,0,15
DTLZ4,20,20,22020,3,112,"S2_(0.25,0.50]",0.4,1,0.2,0.27027027027027,0.44,0.28,0.36,0.378378378378378,0.22,37,0,15
DTLZ4,20,20,22020,4,118,"S2_(0.25,0.50]",0.52,1,0.24,0.317073170731707,0.48,0.32,0.4,0.390243902439024,0.24,41,0,12
DTLZ4,20,20,22020,5,124,"S2_(0.25,0.50]",0.52,1,0.24,0.302325581395349,0.48,0.36,0.48,0.418604651162791,0.26,43,0,12
DTLZ4,20,20,22020,6,130,"S2_(0.25,0.50]",0.52,1,0.24,0.288888888888889,0.52,0.36,0.52,0.444444444444444,0.28,45,0,12
DTLZ4,20,20,22020,7,136,"S2_(0.25,0.50]",0.52,1,0.24,0.288888888888889,0.56,0.36,0.52,0.466666666666667,0.29,45,0,12
DTLZ4,20,20,22020,8,142,"S2_(0.25,0.50]",0.52,1,0.32,0.288888888888889,0.6,0.36,0.56,0.466666666666667,0.31,45,0,12
DTLZ4,20,20,22020,9,148,"S2_(0.25,0.50]",0.6,1,0.28,0.326086956521739,0.64,0.4,0.6,0.5,0.33,46,0,10
DTLZ4,20,20,22020,10,154,"S3_(0.50,0.75]",0.56,1,0.36,0.318181818181818,0.64,0.4,0.6,0.522727272727273,0.36,44,0,11
DTLZ4,20,20,22020,11,160,"S3_(0.50,0.75]",0.64,1,0.32,0.355555555555556,0.64,0.36,0.64,0.533333333333333,0.37,45,0,9
DTLZ4,20,20,22020,12,166,"S3_(0.50,0.75]",0.6,1,0.28,0.326086956521739,0.64,0.4,0.64,0.543478260869565,0.39,46,0,10
DTLZ4,20,20,22020,13,172,"S3_(0.50,0.75]",0.6,1,0.24,0.326086956521739,0.6,0.36,0.68,0.521739130434783,0.41,46,0,10
DTLZ4,20,20,22020,14,178,"S3_(0.50,0.75]",0.68,1,0.28,0.346938775510204,0.6,0.36,0.64,0.571428571428571,0.44,49,0,8
DTLZ4,20,20,22020,15,184,"S3_(0.50,0.75]",0.64,1,0.28,0.333333333333333,0.6,0.36,0.64,0.604166666666667,0.46,48,0,9
DTLZ4,20,20,22020,16,190,"S3_(0.50,0.75]",0.64,1,0.24,0.326530612244898,0.6,0.4,0.72,0.63265306122449,0.49,49,0,9
DTLZ4,20,20,22020,17,196,"S3_(0.50,0.75]",0.64,1,0.28,0.333333333333333,0.6,0.36,0.72,0.583333333333333,0.5,48,0,9
DTLZ4,20,20,22020,18,202,"S3_(0.50,0.75]",0.72,1,0.32,0.382978723404255,0.64,0.48,0.76,0.617021276595745,0.54,47,0,7
DTLZ4,20,20,22020,19,208,"S3_(0.50,0.75]",0.56,1,0.28,0.341463414634146,0.64,0.48,0.72,0.609756097560976,0.56,41,0,11
DTLZ4,20,20,22020,20,214,"S3_(0.50,0.75]",0.56,1,0.16,0.325581395348837,0.68,0.56,0.72,0.697674418604651,0.6,43,0,11
DTLZ4,20,20,22020,21,220,"S3_(0.50,0.75]",0.52,1,0.2,0.270833333333333,0.64,0.64,0.68,0.666666666666667,0.63,48,0,12
DTLZ4,20,20,22020,22,226,"S4_(0.75,1.00]",0.52,1,0.2,0.282608695652174,0.72,0.6,0.72,0.673913043478261,0.63,46,0,12
DTLZ4,20,20,22020,23,232,"S4_(0.75,1.00]",0.52,1,0.2,0.295454545454545,0.76,0.6,0.8,0.727272727272727,0.65,44,0,12
DTLZ4,20,20,22020,24,238,"S4_(0.75,1.00]",0.56,1,0.2,0.318181818181818,0.72,0.6,0.76,0.727272727272727,0.65,44,0,11
DTLZ4,20,20,22020,25,244,"S4_(0.75,1.00]",0.56,1,0.16,0.318181818181818,0.76,0.64,0.8,0.75,0.67,44,0,11
DTLZ4,20,20,22020,26,250,"S4_(0.75,1.00]",0.56,1,0.16,0.311111111111111,0.8,0.76,0.84,0.8,0.7,45,0,11
DTLZ4,20,20,22020,27,256,"S4_(0.75,1.00]",0.52,1,0.2,0.302325581395349,0.84,0.76,0.88,0.813953488372093,0.72,43,0,12
DTLZ4,20,20,22020,28,262,"S4_(0.75,1.00]",0.56,1,0.16,0.325581395348837,0.88,0.76,0.84,0.837209302325581,0.76,43,0,11
DTLZ4,20,20,22020,29,268,"S4_(0.75,1.00]",0.52,1,0.12,0.276595744680851,0.96,0.72,0.96,0.914893617021277,0.81,47,0,12
DTLZ4,20,20,22020,30,274,"S4_(0.75,1.00]",0.52,1,0.12,0.276595744680851,0.96,0.76,0.96,0.914893617021277,0.84,47,0,12
DTLZ4,20,20,22020,31,280,"S4_(0.75,1.00]",0.56,1,0.12,0.291666666666667,1,0.8,0.92,0.9375,0.87,48,0,11
DTLZ4,20,20,22020,32,286,"S4_(0.75,1.00]",0.48,1,0.12,0.25,1,0.8,0.92,0.9375,0.9,48,0,13
DTLZ4,20,20,22020,33,292,"S4_(0.75,1.00]",0.56,1,0.16,0.274509803921569,1,0.84,0.96,0.980392156862745,0.94,51,0,11
DTLZ4,20,20,22020,34,298,"S4_(0.75,1.00]",0.68,1,0.2,0.314814814814815,1,0.96,1,1,0.99,54,0,8
DTLZ7,10,1,31001,1,100,"S2_(0.25,0.50]",0.88,0.88,0.64,0.370967741935484,0,0,0,0.0161290322580645,0.01,62,0,3
DTLZ7,10,1,31001,2,106,"S2_(0.25,0.50]",0.92,0.96,0.56,0.396551724137931,0,0,0,0.0172413793103448,0.01,58,0,2
DTLZ7,10,1,31001,3,112,"S2_(0.25,0.50]",0.88,0.96,0.52,0.415094339622642,0,0,0,0,0.01,53,0,3
DTLZ7,10,1,31001,4,118,"S2_(0.25,0.50]",0.92,0.92,0.56,0.621621621621622,0,0,0,0,0.01,37,0,3
DTLZ7,10,1,31001,5,124,"S2_(0.25,0.50]",0.76,0.92,0.32,0.441860465116279,0,0,0,0.0232558139534884,0.01,43,0,6
DTLZ7,10,1,31001,6,130,"S2_(0.25,0.50]",0.84,0.92,0.68,0.67741935483871,0,0,0,0,0.01,31,0,3
DTLZ7,10,1,31001,7,136,"S2_(0.25,0.50]",0.76,0.96,0.6,0.633333333333333,0,0,0,0,0.01,30,0,7
DTLZ7,10,1,31001,8,142,"S2_(0.25,0.50]",0.72,0.96,0.36,0.461538461538462,0,0,0,0,0.01,39,0,8
DTLZ7,10,1,31001,9,148,"S2_(0.25,0.50]",0.84,0.92,0.4,0.51219512195122,0.04,0.04,0,0.024390243902439,0.02,41,0,4
DTLZ7,10,1,31001,10,154,"S3_(0.50,0.75]",0.8,1,0.72,0.666666666666667,0.04,0.04,0,0.0333333333333333,0.02,30,0,5
DTLZ7,10,1,31001,11,160,"S3_(0.50,0.75]",0.84,0.88,0.44,0.448979591836735,0.12,0.12,0.08,0.0612244897959184,0.04,49,0,3
DTLZ7,10,1,31001,12,166,"S3_(0.50,0.75]",0.64,0.96,0.36,0.421052631578947,0.16,0.12,0.08,0.105263157894737,0.05,38,0,8
DTLZ7,10,1,31001,13,172,"S3_(0.50,0.75]",0.72,0.96,0.36,0.514285714285714,0.16,0.16,0.08,0.114285714285714,0.06,35,0,8
DTLZ7,10,1,31001,14,178,"S3_(0.50,0.75]",0.76,0.92,0.04,0.358490566037736,0.12,0.2,0,0.0566037735849057,0.07,53,0,8
DTLZ7,10,1,31001,15,184,"S3_(0.50,0.75]",0.68,0.92,0.12,0.346938775510204,0.16,0.2,0,0.0816326530612245,0.07,49,0,7
DTLZ7,10,1,31001,16,190,"S3_(0.50,0.75]",0.96,0.96,0.32,0.489795918367347,0.24,0.24,0.04,0.142857142857143,0.1,49,0,2
DTLZ7,10,1,31001,17,196,"S3_(0.50,0.75]",0.76,0.96,0.52,0.558823529411765,0.32,0.28,0.2,0.235294117647059,0.12,34,0,6
DTLZ7,10,1,31001,18,202,"S3_(0.50,0.75]",0.84,1,0.48,0.567567567567568,0.36,0.32,0.24,0.297297297297297,0.15,37,0,4
DTLZ7,10,1,31001,19,208,"S3_(0.50,0.75]",0.88,1,0.52,0.523809523809524,0.4,0.4,0.2,0.30952380952381,0.19,42,0,3
DTLZ7,10,1,31001,20,214,"S3_(0.50,0.75]",0.88,0.96,0.8,0.733333333333333,0.52,0.48,0.44,0.5,0.24,30,0,4
DTLZ7,10,1,31001,21,220,"S3_(0.50,0.75]",0.8,1,0.56,0.588235294117647,0.68,0.56,0.56,0.617647058823529,0.29,34,0,5
DTLZ7,10,1,31001,22,226,"S4_(0.75,1.00]",0.92,0.96,0.08,0.342857142857143,0.68,0.72,0.2,0.4,0.34,70,0,2
DTLZ7,10,1,31001,23,232,"S4_(0.75,1.00]",0.8,0.96,0.64,0.666666666666667,0.84,0.88,0.76,0.766666666666667,0.4,30,0,5
DTLZ7,10,1,31001,24,238,"S4_(0.75,1.00]",0.88,0.88,0.12,0.352941176470588,0.84,0.84,0.32,0.5,0.44,68,0,2
DTLZ7,10,1,31001,25,244,"S4_(0.75,1.00]",0.84,0.92,0.12,0.353846153846154,0.8,0.8,0.28,0.553846153846154,0.48,65,0,2
DTLZ7,10,1,31001,26,250,"S4_(0.75,1.00]",0.8,0.96,0.68,0.645161290322581,0.88,0.88,0.8,0.838709677419355,0.53,31,0,6
DTLZ7,10,1,31001,27,256,"S4_(0.75,1.00]",0.84,0.92,0.72,0.65625,0.92,0.92,0.88,0.90625,0.58,32,0,4
DTLZ7,10,1,31001,28,262,"S4_(0.75,1.00]",0.76,0.84,0.6,0.571428571428571,0.88,0.92,0.88,0.857142857142857,0.64,35,0,6
DTLZ7,10,1,31001,29,268,"S4_(0.75,1.00]",0.72,0.84,0.48,0.486486486486487,0.92,0.92,0.8,0.864864864864865,0.68,37,0,10
DTLZ7,10,1,31001,30,274,"S4_(0.75,1.00]",0.84,0.92,0.68,0.560975609756098,0.92,0.92,0.88,0.902439024390244,0.75,41,0,2
DTLZ7,10,1,31001,31,280,"S4_(0.75,1.00]",0.96,0.96,0.72,0.452830188679245,0.96,0.96,0.84,0.924528301886792,0.81,53,0,1
DTLZ7,10,1,31001,32,286,"S4_(0.75,1.00]",0.72,0.96,0.44,0.5,0.96,0.92,0.92,0.944444444444444,0.86,36,0,8
DTLZ7,10,1,31001,33,292,"S4_(0.75,1.00]",0.72,0.92,0.56,0.545454545454545,0.96,0.96,0.96,0.96969696969697,0.92,33,0,5
DTLZ7,10,1,31001,34,298,"S4_(0.75,1.00]",0.76,0.96,0.36,0.372549019607843,0.96,1,0.96,0.96078431372549,0.97,51,0,7
DTLZ7,10,2,31002,1,100,"S2_(0.25,0.50]",0.96,0.96,0.72,0.409836065573771,0.08,0.08,0,0.0819672131147541,0.08,61,0,0
DTLZ7,10,2,31002,2,106,"S2_(0.25,0.50]",0.84,0.96,0.52,0.355932203389831,0.08,0.04,0,0.0677966101694915,0.08,59,0,4
DTLZ7,10,2,31002,3,112,"S2_(0.25,0.50]",0.84,0.92,0.48,0.355932203389831,0.08,0.04,0,0.0847457627118644,0.09,59,0,3
DTLZ7,10,2,31002,4,118,"S2_(0.25,0.50]",0.92,0.92,0.56,0.377049180327869,0.08,0.08,0,0.0983606557377049,0.1,61,0,2
DTLZ7,10,2,31002,5,124,"S2_(0.25,0.50]",0.92,0.92,0.6,0.521739130434783,0.12,0.12,0.04,0.152173913043478,0.11,46,0,0
DTLZ7,10,2,31002,6,130,"S2_(0.25,0.50]",0.84,0.88,0.52,0.605263157894737,0.04,0.08,0.08,0.105263157894737,0.11,38,0,3
DTLZ7,10,2,31002,7,136,"S2_(0.25,0.50]",0.92,0.96,0.6,0.666666666666667,0.08,0.08,0.08,0.0833333333333333,0.11,36,0,1
DTLZ7,10,2,31002,8,142,"S2_(0.25,0.50]",0.88,1,0.56,0.564102564102564,0.04,0,0,0.0512820512820513,0.12,39,0,3
DTLZ7,10,2,31002,9,148,"S2_(0.25,0.50]",0.88,0.88,0.52,0.522727272727273,0.12,0.12,0.04,0.0909090909090909,0.15,44,0,2
DTLZ7,10,2,31002,10,154,"S3_(0.50,0.75]",0.8,0.92,0.56,0.6,0.12,0.12,0.04,0.114285714285714,0.15,35,0,3
DTLZ7,10,2,31002,11,160,"S3_(0.50,0.75]",0.72,0.92,0.52,0.542857142857143,0.16,0.12,0.08,0.142857142857143,0.16,35,0,5
DTLZ7,10,2,31002,12,166,"S3_(0.50,0.75]",0.68,0.96,0.36,0.386363636363636,0.24,0.24,0.04,0.159090909090909,0.19,44,0,8
DTLZ7,10,2,31002,13,172,"S3_(0.50,0.75]",0.6,0.88,0.48,0.483870967741935,0.28,0.28,0.16,0.258064516129032,0.22,31,0,10
DTLZ7,10,2,31002,14,178,"S3_(0.50,0.75]",0.84,0.96,0.36,0.42,0.28,0.32,0.16,0.22,0.23,50,0,4
DTLZ7,10,2,31002,15,184,"S3_(0.50,0.75]",0.68,0.96,0.4,0.459459459459459,0.36,0.44,0.12,0.297297297297297,0.27,37,0,7
DTLZ7,10,2,31002,16,190,"S3_(0.50,0.75]",0.88,0.96,0.52,0.578947368421053,0.44,0.44,0.2,0.342105263157895,0.29,38,0,3
DTLZ7,10,2,31002,17,196,"S3_(0.50,0.75]",0.88,0.92,0.64,0.534883720930233,0.52,0.48,0.28,0.395348837209302,0.32,43,0,3
DTLZ7,10,2,31002,18,202,"S3_(0.50,0.75]",0.76,0.84,0.52,0.527777777777778,0.56,0.56,0.32,0.472222222222222,0.36,36,0,7
DTLZ7,10,2,31002,19,208,"S3_(0.50,0.75]",0.92,0.88,0.32,0.373134328358209,0.56,0.56,0.24,0.373134328358209,0.39,67,0,2
DTLZ7,10,2,31002,20,214,"S3_(0.50,0.75]",0.64,0.96,0.56,0.533333333333333,0.52,0.48,0.56,0.533333333333333,0.41,30,0,8
DTLZ7,10,2,31002,21,220,"S3_(0.50,0.75]",0.88,0.88,0.52,0.478260869565217,0.56,0.52,0.4,0.543478260869565,0.45,46,0,2
DTLZ7,10,2,31002,22,226,"S4_(0.75,1.00]",0.76,0.96,0.52,0.513513513513513,0.56,0.48,0.52,0.594594594594595,0.47,37,0,6
DTLZ7,10,2,31002,23,232,"S4_(0.75,1.00]",0.6,0.88,0.4,0.416666666666667,0.6,0.64,0.56,0.638888888888889,0.49,36,0,10
DTLZ7,10,2,31002,24,238,"S4_(0.75,1.00]",0.88,0.88,0.68,0.543478260869565,0.68,0.68,0.6,0.652173913043478,0.52,46,0,0
DTLZ7,10,2,31002,25,244,"S4_(0.75,1.00]",0.84,0.84,0.6,0.490196078431373,0.64,0.64,0.56,0.588235294117647,0.53,51,0,0
DTLZ7,10,2,31002,26,250,"S4_(0.75,1.00]",0.92,0.92,0.64,0.471698113207547,0.6,0.6,0.56,0.566037735849057,0.52,53,0,0
DTLZ7,10,2,31002,27,256,"S4_(0.75,1.00]",0.76,0.92,0.52,0.475,0.72,0.6,0.56,0.7,0.57,40,0,6
DTLZ7,10,2,31002,28,262,"S4_(0.75,1.00]",0.64,1,0.36,0.363636363636364,0.72,0.68,0.52,0.681818181818182,0.62,44,0,9
DTLZ7,10,2,31002,29,268,"S4_(0.75,1.00]",0.68,0.96,0.52,0.425,0.68,0.64,0.6,0.725,0.62,40,0,8
DTLZ7,10,2,31002,30,274,"S4_(0.75,1.00]",0.68,0.92,0.48,0.386363636363636,0.68,0.72,0.68,0.75,0.65,44,0,8
DTLZ7,10,2,31002,31,280,"S4_(0.75,1.00]",0.68,0.84,0.36,0.386363636363636,0.84,0.8,0.68,0.772727272727273,0.69,44,0,8
DTLZ7,10,2,31002,32,286,"S4_(0.75,1.00]",0.72,0.8,0.52,0.461538461538462,0.76,0.84,0.72,0.82051282051282,0.73,39,0,6
DTLZ7,10,2,31002,33,292,"S4_(0.75,1.00]",0.76,0.8,0.48,0.513513513513513,0.92,0.92,0.88,0.918918918918919,0.83,37,0,7
DTLZ7,10,2,31002,34,298,"S4_(0.75,1.00]",0.64,0.8,0.36,0.432432432432432,1,1,1,1,0.96,37,0,7
DTLZ7,10,3,31003,1,100,"S2_(0.25,0.50]",0.84,0.92,0.48,0.375,0.04,0.04,0,0.0535714285714286,0.04,56,0,5
DTLZ7,10,3,31003,2,106,"S2_(0.25,0.50]",0.84,1,0.4,0.381818181818182,0.04,0.04,0,0.0545454545454545,0.04,55,0,4
DTLZ7,10,3,31003,3,112,"S2_(0.25,0.50]",0.8,0.96,0.4,0.377358490566038,0.04,0.04,0,0.0188679245283019,0.04,53,0,4
DTLZ7,10,3,31003,4,118,"S2_(0.25,0.50]",0.84,0.96,0.4,0.466666666666667,0.12,0.12,0,0.0666666666666667,0.06,45,0,4
DTLZ7,10,3,31003,5,124,"S2_(0.25,0.50]",0.72,0.96,0.48,0.545454545454545,0.12,0.08,0.04,0.0909090909090909,0.06,33,0,7
DTLZ7,10,3,31003,6,130,"S2_(0.25,0.50]",0.84,0.92,0.68,0.67741935483871,0.12,0.08,0.08,0.0967741935483871,0.06,31,0,4
DTLZ7,10,3,31003,7,136,"S2_(0.25,0.50]",0.84,0.92,0.32,0.403846153846154,0.12,0.12,0.08,0.115384615384615,0.07,52,0,6
DTLZ7,10,3,31003,8,142,"S2_(0.25,0.50]",0.84,1,0.4,0.477272727272727,0.12,0.12,0.08,0.136363636363636,0.07,44,0,4
DTLZ7,10,3,31003,9,148,"S2_(0.25,0.50]",0.8,0.88,0.16,0.338983050847458,0.2,0.16,0.04,0.101694915254237,0.09,59,0,4
DTLZ7,10,3,31003,10,154,"S3_(0.50,0.75]",0.92,1,0.24,0.396551724137931,0.28,0.28,0.08,0.189655172413793,0.12,58,0,2
DTLZ7,10,3,31003,11,160,"S3_(0.50,0.75]",0.72,0.96,0.48,0.529411764705882,0.2,0.28,0.16,0.147058823529412,0.13,34,0,7
DTLZ7,10,3,31003,12,166,"S3_(0.50,0.75]",0.72,0.96,0.4,0.529411764705882,0.12,0.24,0.12,0.0882352941176471,0.13,34,0,8
DTLZ7,10,3,31003,13,172,"S3_(0.50,0.75]",0.72,1,0.36,0.409090909090909,0.24,0.16,0.16,0.159090909090909,0.15,44,0,7
DTLZ7,10,3,31003,14,178,"S3_(0.50,0.75]",0.72,0.96,0.32,0.461538461538462,0.12,0.16,0.04,0.0769230769230769,0.16,39,0,6
DTLZ7,10,3,31003,15,184,"S3_(0.50,0.75]",0.72,0.96,0.32,0.461538461538462,0.12,0.16,0.08,0.0769230769230769,0.17,39,0,7
DTLZ7,10,3,31003,16,190,"S3_(0.50,0.75]",0.76,1,0.36,0.475,0.12,0.08,0.08,0.125,0.17,40,0,6
DTLZ7,10,3,31003,17,196,"S3_(0.50,0.75]",0.8,0.92,0.52,0.434782608695652,0.16,0.16,0.04,0.130434782608696,0.2,46,0,3
DTLZ7,10,3,31003,18,202,"S3_(0.50,0.75]",0.72,0.92,0.4,0.461538461538462,0.24,0.24,0.12,0.179487179487179,0.23,39,0,6
DTLZ7,10,3,31003,19,208,"S3_(0.50,0.75]",0.76,0.92,0.36,0.395833333333333,0.32,0.4,0.28,0.3125,0.27,48,0,6
DTLZ7,10,3,31003,20,214,"S3_(0.50,0.75]",0.72,0.92,0.28,0.4,0.32,0.44,0.36,0.333333333333333,0.32,45,0,7
DTLZ7,10,3,31003,21,220,"S3_(0.50,0.75]",0.92,0.92,0.6,0.605263157894737,0.48,0.56,0.36,0.421052631578947,0.36,38,0,3
DTLZ7,10,3,31003,22,226,"S4_(0.75,1.00]",0.64,0.88,0.28,0.380952380952381,0.52,0.64,0.4,0.452380952380952,0.42,42,0,9
DTLZ7,10,3,31003,23,232,"S4_(0.75,1.00]",0.68,0.84,0.48,0.515151515151515,0.64,0.64,0.48,0.545454545454545,0.46,33,0,7
DTLZ7,10,3,31003,24,238,"S4_(0.75,1.00]",0.76,0.96,0.16,0.327586206896552,0.56,0.76,0.4,0.517241379310345,0.5,58,0,6
DTLZ7,10,3,31003,25,244,"S4_(0.75,1.00]",0.6,0.88,0.32,0.416666666666667,0.72,0.88,0.56,0.638888888888889,0.55,36,0,7
DTLZ7,10,3,31003,26,250,"S4_(0.75,1.00]",0.92,0.92,0.56,0.58974358974359,0.76,0.8,0.72,0.666666666666667,0.59,39,0,3
DTLZ7,10,3,31003,27,256,"S4_(0.75,1.00]",0.84,0.92,0.44,0.511627906976744,0.84,0.84,0.84,0.767441860465116,0.65,43,0,4
DTLZ7,10,3,31003,28,262,"S4_(0.75,1.00]",0.52,0.96,0.28,0.371428571428571,0.88,0.84,0.84,0.8,0.69,35,0,12
DTLZ7,10,3,31003,29,268,"S4_(0.75,1.00]",0.56,1,0.36,0.4,0.92,0.96,0.8,0.828571428571429,0.75,35,0,11
DTLZ7,10,3,31003,30,274,"S4_(0.75,1.00]",0.6,1,0.4,0.454545454545455,0.92,0.92,0.84,0.878787878787879,0.76,33,0,10
DTLZ7,10,3,31003,31,280,"S4_(0.75,1.00]",0.6,0.96,0.32,0.333333333333333,0.92,0.92,0.84,0.866666666666667,0.84,45,0,10
DTLZ7,10,3,31003,32,286,"S4_(0.75,1.00]",0.56,0.96,0.36,0.378378378378378,0.96,0.96,0.92,0.945945945945946,0.83,37,0,11
DTLZ7,10,3,31003,33,292,"S4_(0.75,1.00]",0.88,0.96,0.28,0.343283582089552,0.92,0.92,0.76,0.835820895522388,0.86,67,0,2
DTLZ7,10,3,31003,34,298,"S4_(0.75,1.00]",0.76,0.92,0.6,0.527777777777778,0.96,0.96,0.96,0.972222222222222,0.93,36,0,6
DTLZ7,10,4,31004,1,100,"S2_(0.25,0.50]",0.8,0.88,0.64,0.465116279069767,0,0,0,0,0.02,43,0,4
DTLZ7,10,4,31004,2,106,"S2_(0.25,0.50]",0.84,0.88,0.76,0.338235294117647,0,0,0,0.0294117647058824,0.02,68,0,2
DTLZ7,10,4,31004,3,112,"S2_(0.25,0.50]",0.84,0.96,0.56,0.42,0,0,0,0.02,0.02,50,0,4
DTLZ7,10,4,31004,4,118,"S2_(0.25,0.50]",0.76,0.96,0.4,0.513513513513513,0,0,0,0.027027027027027,0.02,37,0,6
DTLZ7,10,4,31004,5,124,"S2_(0.25,0.50]",0.92,0.96,0.24,0.387096774193548,0,0,0,0.0161290322580645,0.02,62,0,2
DTLZ7,10,4,31004,6,130,"S2_(0.25,0.50]",0.84,0.92,0.4,0.466666666666667,0,0,0,0,0.02,45,0,4
DTLZ7,10,4,31004,7,136,"S2_(0.25,0.50]",0.8,0.96,0.68,0.666666666666667,0.08,0.08,0.04,0.0666666666666667,0.04,30,0,6
DTLZ7,10,4,31004,8,142,"S2_(0.25,0.50]",0.92,0.96,0.36,0.442307692307692,0.16,0.16,0.04,0.0769230769230769,0.06,52,0,2
DTLZ7,10,4,31004,9,148,"S2_(0.25,0.50]",0.8,0.96,0.28,0.465116279069767,0.2,0.24,0.04,0.116279069767442,0.08,43,0,5
DTLZ7,10,4,31004,10,154,"S3_(0.50,0.75]",0.84,1,0,0.338709677419355,0.24,0.28,0.04,0.112903225806452,0.1,62,0,4
DTLZ7,10,4,31004,11,160,"S3_(0.50,0.75]",0.84,0.96,0.32,0.488372093023256,0.36,0.36,0.08,0.232558139534884,0.13,43,0,4
DTLZ7,10,4,31004,12,166,"S3_(0.50,0.75]",0.92,0.96,0.4,0.534883720930233,0.4,0.36,0.16,0.27906976744186,0.15,43,0,2
DTLZ7,10,4,31004,13,172,"S3_(0.50,0.75]",0.92,0.92,0.32,0.363636363636364,0.44,0.48,0.2,0.242424242424242,0.19,66,0,1
DTLZ7,10,4,31004,14,178,"S3_(0.50,0.75]",0.96,0.92,0.04,0.403225806451613,0.36,0.36,0.04,0.225806451612903,0.2,62,0,1
DTLZ7,10,4,31004,15,184,"S3_(0.50,0.75]",0.84,0.92,0.64,0.65625,0.36,0.36,0.36,0.34375,0.22,32,0,2
DTLZ7,10,4,31004,16,190,"S3_(0.50,0.75]",0.84,0.84,0.6,0.621621621621622,0.2,0.2,0.32,0.324324324324324,0.23,37,0,0
DTLZ7,10,4,31004,17,196,"S3_(0.50,0.75]",0.84,0.96,0.48,0.538461538461538,0.24,0.28,0.36,0.41025641025641,0.26,39,0,4
DTLZ7,10,4,31004,18,202,"S3_(0.50,0.75]",0.8,0.92,0.52,0.571428571428571,0.36,0.24,0.48,0.457142857142857,0.27,35,0,7
DTLZ7,10,4,31004,19,208,"S3_(0.50,0.75]",0.72,0.92,0.52,0.486486486486487,0.36,0.36,0.48,0.486486486486487,0.31,37,0,8
DTLZ7,10,4,31004,20,214,"S3_(0.50,0.75]",0.76,0.84,0.64,0.575757575757576,0.4,0.4,0.48,0.454545454545455,0.33,33,0,7
DTLZ7,10,4,31004,21,220,"S3_(0.50,0.75]",0.76,0.88,0.48,0.5,0.48,0.6,0.4,0.526315789473684,0.39,38,0,7
DTLZ7,10,4,31004,22,226,"S4_(0.75,1.00]",0.56,1,0.32,0.318181818181818,0.52,0.68,0.44,0.545454545454545,0.44,44,0,11
DTLZ7,10,4,31004,23,232,"S4_(0.75,1.00]",0.72,0.84,0.44,0.391304347826087,0.6,0.72,0.44,0.58695652173913,0.47,46,0,7
DTLZ7,10,4,31004,24,238,"S4_(0.75,1.00]",0.76,0.92,0.36,0.395833333333333,0.6,0.72,0.44,0.5625,0.49,48,0,8
DTLZ7,10,4,31004,25,244,"S4_(0.75,1.00]",0.8,0.92,0.48,0.377358490566038,0.68,0.72,0.48,0.566037735849057,0.53,53,0,6
DTLZ7,10,4,31004,26,250,"S4_(0.75,1.00]",0.6,0.84,0.36,0.394736842105263,0.8,0.76,0.68,0.710526315789474,0.58,38,0,10
DTLZ7,10,4,31004,27,256,"S4_(0.75,1.00]",0.6,0.84,0.4,0.416666666666667,0.92,0.84,0.8,0.833333333333333,0.63,36,0,8
DTLZ7,10,4,31004,28,262,"S4_(0.75,1.00]",0.52,0.84,0.32,0.317073170731707,0.96,0.88,0.8,0.878048780487805,0.67,41,0,11
DTLZ7,10,4,31004,29,268,"S4_(0.75,1.00]",0.64,0.88,0.32,0.380952380952381,0.92,0.84,0.76,0.785714285714286,0.7,42,0,9
DTLZ7,10,4,31004,30,274,"S4_(0.75,1.00]",0.72,0.88,0.44,0.418604651162791,0.96,0.88,0.84,0.837209302325581,0.73,43,0,7
DTLZ7,10,4,31004,31,280,"S4_(0.75,1.00]",0.76,0.88,0.52,0.38,0.8,0.88,0.8,0.76,0.75,50,0,7
DTLZ7,10,4,31004,32,286,"S4_(0.75,1.00]",0.8,0.84,0.36,0.350877192982456,0.88,0.88,0.88,0.87719298245614,0.82,57,0,7
DTLZ7,10,4,31004,33,292,"S4_(0.75,1.00]",0.84,0.8,0.44,0.448979591836735,0.96,0.96,0.84,0.897959183673469,0.87,49,0,6
DTLZ7,10,4,31004,34,298,"S4_(0.75,1.00]",0.84,0.8,0.6,0.552631578947368,0.96,0.96,0.96,0.973684210526316,0.98,38,0,4
DTLZ7,10,5,31005,1,100,"S2_(0.25,0.50]",0.92,0.92,0.68,0.421052631578947,0,0,0.04,0.0350877192982456,0.02,57,0,2
DTLZ7,10,5,31005,2,106,"S2_(0.25,0.50]",0.92,0.96,0.6,0.425925925925926,0,0,0.04,0.0185185185185185,0.02,54,0,2
DTLZ7,10,5,31005,3,112,"S2_(0.25,0.50]",0.84,0.92,0.44,0.403846153846154,0,0,0.04,0.0192307692307692,0.02,52,0,3
DTLZ7,10,5,31005,4,118,"S2_(0.25,0.50]",0.84,0.88,0.36,0.466666666666667,0,0,0.04,0.0222222222222222,0.02,45,0,6
DTLZ7,10,5,31005,5,124,"S2_(0.25,0.50]",0.76,0.92,0.36,0.431818181818182,0,0,0,0,0.02,44,0,7
DTLZ7,10,5,31005,6,130,"S2_(0.25,0.50]",0.72,0.92,0.48,0.486486486486487,0,0,0,0,0.02,37,0,6
DTLZ7,10,5,31005,7,136,"S2_(0.25,0.50]",0.84,0.96,0.4,0.5,0.04,0.04,0,0.0238095238095238,0.03,42,0,4
DTLZ7,10,5,31005,8,142,"S2_(0.25,0.50]",0.8,0.92,0.44,0.454545454545455,0.12,0.12,0.04,0.0681818181818182,0.05,44,0,5
DTLZ7,10,5,31005,9,148,"S2_(0.25,0.50]",0.92,0.96,0.56,0.547619047619048,0.24,0.24,0.08,0.142857142857143,0.08,42,0,3
DTLZ7,10,5,31005,10,154,"S3_(0.50,0.75]",0.92,0.92,0.4,0.423728813559322,0.4,0.4,0.12,0.169491525423729,0.12,59,0,1
DTLZ7,10,5,31005,11,160,"S3_(0.50,0.75]",0.88,0.96,0.44,0.536585365853659,0.32,0.36,0.08,0.219512195121951,0.12,41,0,3
DTLZ7,10,5,31005,12,166,"S3_(0.50,0.75]",0.96,0.92,0.68,0.694444444444444,0.32,0.36,0.16,0.222222222222222,0.12,36,0,2
DTLZ7,10,5,31005,13,172,"S3_(0.50,0.75]",0.8,0.88,0.4,0.540540540540541,0.4,0.48,0.12,0.27027027027027,0.16,37,0,4
DTLZ7,10,5,31005,14,178,"S3_(0.50,0.75]",0.92,0.96,0.4,0.521739130434783,0.44,0.48,0.08,0.282608695652174,0.19,46,0,2
DTLZ7,10,5,31005,15,184,"S3_(0.50,0.75]",0.96,0.96,0.12,0.342857142857143,0.44,0.44,0.04,0.242857142857143,0.21,70,0,1
DTLZ7,10,5,31005,16,190,"S3_(0.50,0.75]",0.96,0.96,0.24,0.413793103448276,0.48,0.48,0.16,0.293103448275862,0.24,58,0,1
DTLZ7,10,5,31005,17,196,"S3_(0.50,0.75]",0.92,0.96,0.36,0.560975609756098,0.44,0.44,0.32,0.439024390243902,0.27,41,0,2
DTLZ7,10,5,31005,18,202,"S3_(0.50,0.75]",0.92,0.96,0.32,0.328571428571429,0.52,0.48,0.28,0.328571428571429,0.3,70,0,2
DTLZ7,10,5,31005,19,208,"S3_(0.50,0.75]",0.88,0.88,0.4,0.458333333333333,0.6,0.52,0.4,0.479166666666667,0.35,48,0,5
DTLZ7,10,5,31005,20,214,"S3_(0.50,0.75]",0.84,0.84,0.52,0.452830188679245,0.6,0.68,0.44,0.528301886792453,0.41,53,0,3
DTLZ7,10,5,31005,21,220,"S3_(0.50,0.75]",0.76,0.88,0.36,0.434782608695652,0.64,0.76,0.4,0.58695652173913,0.46,46,0,6
DTLZ7,10,5,31005,22,226,"S4_(0.75,1.00]",0.88,0.96,0.32,0.442307692307692,0.88,0.84,0.44,0.692307692307692,0.52,52,0,2
DTLZ7,10,5,31005,23,232,"S4_(0.75,1.00]",0.68,0.92,0.6,0.580645161290323,0.72,0.76,0.72,0.774193548387097,0.54,31,0,7
DTLZ7,10,5,31005,24,238,"S4_(0.75,1.00]",0.76,0.92,0.52,0.5,0.76,0.8,0.64,0.775,0.57,40,0,6
DTLZ7,10,5,31005,25,244,"S4_(0.75,1.00]",0.76,0.92,0.52,0.452380952380952,0.76,0.8,0.64,0.738095238095238,0.61,42,0,5
DTLZ7,10,5,31005,26,250,"S4_(0.75,1.00]",0.76,0.96,0.48,0.422222222222222,0.76,0.8,0.64,0.733333333333333,0.63,45,0,5
DTLZ7,10,5,31005,27,256,"S4_(0.75,1.00]",0.56,0.96,0.4,0.388888888888889,0.8,0.84,0.84,0.861111111111111,0.68,36,0,10
DTLZ7,10,5,31005,28,262,"S4_(0.75,1.00]",0.56,0.96,0.4,0.388888888888889,0.76,0.72,0.8,0.833333333333333,0.67,36,0,11
DTLZ7,10,5,31005,29,268,"S4_(0.75,1.00]",0.64,0.92,0.56,0.533333333333333,0.88,0.8,0.88,0.9,0.72,30,0,10
DTLZ7,10,5,31005,30,274,"S4_(0.75,1.00]",0.68,0.92,0.56,0.566666666666667,0.88,0.84,0.88,0.9,0.76,30,0,9
DTLZ7,10,5,31005,31,280,"S4_(0.75,1.00]",0.68,0.88,0.52,0.486486486486487,0.88,0.96,0.88,0.891891891891892,0.78,37,0,9
DTLZ7,10,5,31005,32,286,"S4_(0.75,1.00]",0.84,0.84,0.48,0.46,0.88,0.88,0.88,0.86,0.83,50,0,2
DTLZ7,10,5,31005,33,292,"S4_(0.75,1.00]",0.88,0.84,0.56,0.444444444444444,0.96,0.96,0.92,0.944444444444444,0.93,54,0,1
DTLZ7,10,5,31005,34,298,"S4_(0.75,1.00]",0.88,0.88,0.68,0.470588235294118,1,1,1,1,0.98,51,0,1
DTLZ7,10,6,31006,1,100,"S2_(0.25,0.50]",0.84,0.92,0.64,0.42,0.08,0.12,0.12,0.16,0.1,50,0,3
DTLZ7,10,6,31006,2,106,"S2_(0.25,0.50]",0.88,0.96,0.6,0.448979591836735,0.12,0.08,0.12,0.142857142857143,0.1,49,0,3
DTLZ7,10,6,31006,3,112,"S2_(0.25,0.50]",0.64,0.92,0.32,0.363636363636364,0.08,0.04,0.12,0.136363636363636,0.1,44,0,10
DTLZ7,10,6,31006,4,118,"S2_(0.25,0.50]",0.84,0.92,0.48,0.35,0.08,0.08,0.08,0.1,0.11,60,0,3
DTLZ7,10,6,31006,5,124,"S2_(0.25,0.50]",0.84,0.88,0.52,0.344262295081967,0.12,0.04,0.08,0.163934426229508,0.14,61,0,3
DTLZ7,10,6,31006,6,130,"S2_(0.25,0.50]",0.84,0.96,0.52,0.355932203389831,0.04,0,0.04,0.169491525423729,0.14,59,0,4
DTLZ7,10,6,31006,7,136,"S2_(0.25,0.50]",0.84,0.92,0.6,0.385964912280702,0.08,0.12,0.08,0.175438596491228,0.17,57,0,3
DTLZ7,10,6,31006,8,142,"S2_(0.25,0.50]",0.84,0.96,0.56,0.362068965517241,0.12,0.16,0.12,0.172413793103448,0.18,58,0,4
DTLZ7,10,6,31006,9,148,"S2_(0.25,0.50]",0.84,0.92,0.52,0.39622641509434,0.2,0.12,0.2,0.207547169811321,0.19,53,0,4
DTLZ7,10,6,31006,10,154,"S3_(0.50,0.75]",0.8,0.96,0.4,0.357142857142857,0.12,0.12,0.16,0.178571428571429,0.2,56,0,4
DTLZ7,10,6,31006,11,160,"S3_(0.50,0.75]",0.88,0.84,0.44,0.415094339622642,0.12,0.12,0.16,0.207547169811321,0.21,53,0,4
DTLZ7,10,6,31006,12,166,"S3_(0.50,0.75]",0.72,0.84,0.4,0.382978723404255,0.16,0.16,0.16,0.212765957446809,0.21,47,0,5
DTLZ7,10,6,31006,13,172,"S3_(0.50,0.75]",0.68,0.8,0.32,0.369565217391304,0.24,0.32,0.12,0.260869565217391,0.26,46,0,6
DTLZ7,10,6,31006,14,178,"S3_(0.50,0.75]",0.8,0.96,0.36,0.5,0.28,0.36,0.24,0.3,0.29,40,0,6
DTLZ7,10,6,31006,15,184,"S3_(0.50,0.75]",0.84,0.92,0.48,0.552631578947368,0.24,0.28,0.2,0.289473684210526,0.27,38,0,4
DTLZ7,10,6,31006,16,190,"S3_(0.50,0.75]",0.84,0.96,0.48,0.567567567567568,0.28,0.24,0.24,0.297297297297297,0.29,37,0,3
DTLZ7,10,6,31006,17,196,"S3_(0.50,0.75]",0.92,0.92,0.6,0.685714285714286,0.32,0.32,0.32,0.314285714285714,0.31,35,0,1
DTLZ7,10,6,31006,18,202,"S3_(0.50,0.75]",0.92,0.96,0.56,0.621621621621622,0.24,0.2,0.28,0.27027027027027,0.3,37,0,2
DTLZ7,10,6,31006,19,208,"S3_(0.50,0.75]",0.92,0.96,0.68,0.648648648648649,0.16,0.16,0.2,0.27027027027027,0.29,37,0,1
DTLZ7,10,6,31006,20,214,"S3_(0.50,0.75]",0.88,0.88,0.6,0.647058823529412,0.28,0.24,0.16,0.294117647058824,0.36,34,0,3
DTLZ7,10,6,31006,21,220,"S3_(0.50,0.75]",0.8,0.96,0.52,0.526315789473684,0.44,0.44,0.28,0.421052631578947,0.42,38,0,5
DTLZ7,10,6,31006,22,226,"S4_(0.75,1.00]",0.84,0.96,0.56,0.552631578947368,0.52,0.52,0.36,0.447368421052632,0.46,38,0,5
DTLZ7,10,6,31006,23,232,"S4_(0.75,1.00]",0.84,0.92,0.56,0.51219512195122,0.52,0.56,0.28,0.463414634146341,0.47,41,0,3
DTLZ7,10,6,31006,24,238,"S4_(0.75,1.00]",0.72,0.88,0.64,0.6,0.48,0.6,0.44,0.5,0.48,30,0,7
DTLZ7,10,6,31006,25,244,"S4_(0.75,1.00]",0.76,0.92,0.6,0.558823529411765,0.6,0.64,0.36,0.5,0.51,34,0,6
DTLZ7,10,6,31006,26,250,"S4_(0.75,1.00]",0.72,0.88,0.24,0.339622641509434,0.72,0.68,0.56,0.584905660377358,0.55,53,0,8
DTLZ7,10,6,31006,27,256,"S4_(0.75,1.00]",0.92,0.92,0.56,0.5,0.6,0.6,0.52,0.62,0.58,50,0,0
DTLZ7,10,6,31006,28,262,"S4_(0.75,1.00]",0.8,0.96,0.52,0.555555555555556,0.8,0.76,0.72,0.722222222222222,0.66,36,0,6
DTLZ7,10,6,31006,29,268,"S4_(0.75,1.00]",0.84,0.88,0.56,0.567567567567568,0.8,0.84,0.72,0.756756756756757,0.71,37,0,3
DTLZ7,10,6,31006,30,274,"S4_(0.75,1.00]",0.72,0.84,0.6,0.545454545454545,0.84,0.96,0.76,0.818181818181818,0.77,33,0,7
DTLZ7,10,6,31006,31,280,"S4_(0.75,1.00]",0.72,0.8,0.56,0.545454545454545,0.92,1,0.92,0.909090909090909,0.8,33,0,5
DTLZ7,10,6,31006,32,286,"S4_(0.75,1.00]",0.72,0.8,0.56,0.545454545454545,0.84,0.92,0.88,0.878787878787879,0.77,33,0,4
DTLZ7,10,6,31006,33,292,"S4_(0.75,1.00]",0.76,0.8,0.6,0.48780487804878,0.92,0.92,0.88,0.902439024390244,0.82,41,0,2
DTLZ7,10,6,31006,34,298,"S4_(0.75,1.00]",0.72,0.76,0.56,0.5,1,1,1,1,0.94,38,0,3
DTLZ7,10,7,31007,1,100,"S2_(0.25,0.50]",0.92,0.92,0.84,0.378787878787879,0,0,0,0,0,66,0,0
DTLZ7,10,7,31007,2,106,"S2_(0.25,0.50]",0.92,0.92,0.8,0.367647058823529,0,0,0,0,0,68,0,0
DTLZ7,10,7,31007,3,112,"S2_(0.25,0.50]",0.8,0.88,0.44,0.317460317460317,0,0,0,0,0,63,0,4
DTLZ7,10,7,31007,4,118,"S2_(0.25,0.50]",0.76,0.84,0.44,0.365384615384615,0,0,0,0,0,52,0,5
DTLZ7,10,7,31007,5,124,"S2_(0.25,0.50]",0.84,0.96,0.44,0.538461538461538,0.04,0.04,0,0.0256410256410256,0.01,39,0,4
DTLZ7,10,7,31007,6,130,"S2_(0.25,0.50]",0.76,0.92,0.52,0.542857142857143,0.04,0.04,0.04,0.0285714285714286,0.01,35,0,7
DTLZ7,10,7,31007,7,136,"S2_(0.25,0.50]",0.68,0.88,0.44,0.472222222222222,0.04,0.04,0.04,0.0277777777777778,0.01,36,0,9
DTLZ7,10,7,31007,8,142,"S2_(0.25,0.50]",0.96,0.96,0.44,0.416666666666667,0.04,0.04,0,0.0166666666666667,0.01,60,0,0
DTLZ7,10,7,31007,9,148,"S2_(0.25,0.50]",0.76,0.96,0.44,0.431818181818182,0.04,0.04,0,0.0227272727272727,0.01,44,0,5
DTLZ7,10,7,31007,10,154,"S3_(0.50,0.75]",0.76,0.96,0.52,0.41304347826087,0.04,0.04,0,0.0217391304347826,0.01,46,0,6
DTLZ7,10,7,31007,11,160,"S3_(0.50,0.75]",0.88,0.96,0.56,0.410714285714286,0.08,0.04,0,0.0535714285714286,0.03,56,0,2
DTLZ7,10,7,31007,12,166,"S3_(0.50,0.75]",0.8,0.96,0.52,0.512820512820513,0.08,0.04,0,0.0769230769230769,0.03,39,0,4
DTLZ7,10,7,31007,13,172,"S3_(0.50,0.75]",0.72,0.92,0.48,0.514285714285714,0.04,0.04,0.08,0.0857142857142857,0.04,35,0,7
DTLZ7,10,7,31007,14,178,"S3_(0.50,0.75]",0.92,0.92,0.36,0.378787878787879,0.2,0.2,0.08,0.106060606060606,0.08,66,0,0
DTLZ7,10,7,31007,15,184,"S3_(0.50,0.75]",0.68,0.96,0.4,0.459459459459459,0.24,0.28,0.12,0.189189189189189,0.11,37,0,8
DTLZ7,10,7,31007,16,190,"S3_(0.50,0.75]",0.88,1,0.72,0.6875,0.36,0.36,0.28,0.3125,0.15,32,0,3
DTLZ7,10,7,31007,17,196,"S3_(0.50,0.75]",0.8,0.96,0.64,0.606060606060606,0.48,0.44,0.36,0.363636363636364,0.17,33,0,6
DTLZ7,10,7,31007,18,202,"S3_(0.50,0.75]",0.8,1,0.64,0.666666666666667,0.44,0.6,0.4,0.4,0.21,30,0,5
DTLZ7,10,7,31007,19,208,"S3_(0.50,0.75]",0.76,0.92,0.6,0.59375,0.56,0.56,0.44,0.46875,0.26,32,0,4
DTLZ7,10,7,31007,20,214,"S3_(0.50,0.75]",0.92,0.92,0.4,0.403225806451613,0.6,0.6,0.2,0.403225806451613,0.31,62,0,0
DTLZ7,10,7,31007,21,220,"S3_(0.50,0.75]",0.88,0.92,0.64,0.676470588235294,0.6,0.56,0.52,0.558823529411765,0.34,34,0,3
DTLZ7,10,7,31007,22,226,"S4_(0.75,1.00]",0.84,0.88,0.2,0.368421052631579,0.56,0.6,0.12,0.43859649122807,0.38,57,0,4
DTLZ7,10,7,31007,23,232,"S4_(0.75,1.00]",0.92,0.92,0.16,0.369230769230769,0.68,0.72,0.16,0.430769230769231,0.42,65,0,3
DTLZ7,10,7,31007,24,238,"S4_(0.75,1.00]",0.76,0.96,0.52,0.558823529411765,0.72,0.76,0.64,0.705882352941177,0.47,34,0,5
DTLZ7,10,7,31007,25,244,"S4_(0.75,1.00]",0.72,0.96,0.44,0.486486486486487,0.8,0.76,0.68,0.756756756756757,0.52,37,0,7
DTLZ7,10,7,31007,26,250,"S4_(0.75,1.00]",0.6,0.96,0.28,0.416666666666667,0.8,0.72,0.68,0.75,0.56,36,0,9
DTLZ7,10,7,31007,27,256,"S4_(0.75,1.00]",0.6,0.84,0.4,0.46875,0.8,0.8,0.72,0.78125,0.62,32,0,9
DTLZ7,10,7,31007,28,262,"S4_(0.75,1.00]",0.64,0.84,0.4,0.4,0.8,0.76,0.8,0.825,0.66,40,0,8
DTLZ7,10,7,31007,29,268,"S4_(0.75,1.00]",0.64,0.84,0.44,0.432432432432432,0.8,0.76,0.72,0.810810810810811,0.7,37,0,8
DTLZ7,10,7,31007,30,274,"S4_(0.75,1.00]",0.64,0.88,0.52,0.444444444444444,0.88,0.8,0.84,0.833333333333333,0.75,36,0,9
DTLZ7,10,7,31007,31,280,"S4_(0.75,1.00]",0.64,0.84,0.44,0.444444444444444,0.84,0.84,0.88,0.888888888888889,0.8,36,0,10
DTLZ7,10,7,31007,32,286,"S4_(0.75,1.00]",0.8,0.88,0.68,0.666666666666667,0.92,0.92,0.92,0.933333333333333,0.86,30,0,7
DTLZ7,10,7,31007,33,292,"S4_(0.75,1.00]",0.72,0.88,0.6,0.540540540540541,0.92,0.92,0.96,0.945945945945946,0.91,37,0,5
DTLZ7,10,7,31007,34,298,"S4_(0.75,1.00]",0.68,0.88,0.4,0.463414634146341,1,1,0.96,0.975609756097561,0.98,41,0,6
DTLZ7,10,8,31008,1,100,"S2_(0.25,0.50]",0.96,0.92,0.56,0.421052631578947,0.04,0.04,0,0.0526315789473684,0.04,57,0,2
DTLZ7,10,8,31008,2,106,"S2_(0.25,0.50]",0.76,0.96,0.36,0.404255319148936,0.04,0.04,0,0.0425531914893617,0.04,47,0,5
DTLZ7,10,8,31008,3,112,"S2_(0.25,0.50]",0.84,0.96,0.44,0.411764705882353,0.04,0.04,0,0.0588235294117647,0.04,51,0,5
DTLZ7,10,8,31008,4,118,"S2_(0.25,0.50]",0.8,0.96,0.44,0.37037037037037,0.04,0,0,0.0555555555555556,0.04,54,0,5
DTLZ7,10,8,31008,5,124,"S2_(0.25,0.50]",0.8,1,0.44,0.408163265306122,0.04,0.04,0,0.0408163265306122,0.05,49,0,5
DTLZ7,10,8,31008,6,130,"S2_(0.25,0.50]",0.72,0.96,0.36,0.391304347826087,0.04,0.04,0,0.0434782608695652,0.05,46,0,6
DTLZ7,10,8,31008,7,136,"S2_(0.25,0.50]",0.92,0.96,0.48,0.571428571428571,0.16,0.16,0.04,0.0952380952380952,0.08,42,0,1
DTLZ7,10,8,31008,8,142,"S2_(0.25,0.50]",0.88,0.96,0.68,0.666666666666667,0.16,0.12,0.04,0.121212121212121,0.08,33,0,3
DTLZ7,10,8,31008,9,148,"S2_(0.25,0.50]",0.92,0.96,0.48,0.470588235294118,0.04,0.04,0.08,0.0980392156862745,0.08,51,0,1
DTLZ7,10,8,31008,10,154,"S3_(0.50,0.75]",0.88,0.96,0.48,0.442307692307692,0.08,0.04,0.08,0.115384615384615,0.09,52,0,2
DTLZ7,10,8,31008,11,160,"S3_(0.50,0.75]",0.96,0.96,0.44,0.36231884057971,0.08,0.08,0.04,0.101449275362319,0.1,69,0,0
DTLZ7,10,8,31008,12,166,"S3_(0.50,0.75]",0.8,0.88,0.4,0.465116279069767,0.16,0.12,0.12,0.186046511627907,0.12,43,0,4
DTLZ7,10,8,31008,13,172,"S3_(0.50,0.75]",0.96,0.96,0.36,0.423728813559322,0.2,0.2,0.04,0.169491525423729,0.14,59,0,0
DTLZ7,10,8,31008,14,178,"S3_(0.50,0.75]",0.88,0.96,0.32,0.442307692307692,0.28,0.28,0.08,0.25,0.17,52,0,2
DTLZ7,10,8,31008,15,184,"S3_(0.50,0.75]",0.8,0.96,0.56,0.588235294117647,0.32,0.36,0.4,0.411764705882353,0.19,34,0,5
DTLZ7,10,8,31008,16,190,"S3_(0.50,0.75]",0.6,0.88,0.32,0.454545454545455,0.36,0.36,0.4,0.424242424242424,0.2,33,0,9
DTLZ7,10,8,31008,17,196,"S3_(0.50,0.75]",0.96,0.96,0.28,0.347826086956522,0.48,0.52,0.16,0.260869565217391,0.26,69,0,1
DTLZ7,10,8,31008,18,202,"S3_(0.50,0.75]",0.64,0.96,0.36,0.444444444444444,0.48,0.44,0.32,0.5,0.27,36,0,9
DTLZ7,10,8,31008,19,208,"S3_(0.50,0.75]",0.64,0.92,0.4,0.484848484848485,0.44,0.52,0.44,0.484848484848485,0.3,33,0,9
DTLZ7,10,8,31008,20,214,"S3_(0.50,0.75]",0.88,0.84,0.24,0.358208955223881,0.52,0.56,0.12,0.373134328358209,0.33,67,0,2
DTLZ7,10,8,31008,21,220,"S3_(0.50,0.75]",0.76,0.84,0.48,0.463414634146341,0.6,0.56,0.52,0.585365853658537,0.37,41,0,5
DTLZ7,10,8,31008,22,226,"S4_(0.75,1.00]",0.8,0.88,0.6,0.552631578947368,0.6,0.64,0.64,0.657894736842105,0.43,38,0,3
DTLZ7,10,8,31008,23,232,"S4_(0.75,1.00]",0.76,0.96,0.6,0.558823529411765,0.6,0.56,0.56,0.647058823529412,0.47,34,0,6
DTLZ7,10,8,31008,24,238,"S4_(0.75,1.00]",0.84,0.84,0.52,0.538461538461538,0.56,0.6,0.56,0.641025641025641,0.52,39,0,6
DTLZ7,10,8,31008,25,244,"S4_(0.75,1.00]",0.76,0.72,0.56,0.542857142857143,0.64,0.64,0.64,0.714285714285714,0.57,35,0,7
DTLZ7,10,8,31008,26,250,"S4_(0.75,1.00]",0.64,0.72,0.48,0.459459459459459,0.6,0.64,0.64,0.702702702702703,0.6,37,0,7
DTLZ7,10,8,31008,27,256,"S4_(0.75,1.00]",0.68,0.68,0.52,0.463414634146341,0.64,0.68,0.68,0.707317073170732,0.62,41,0,6
DTLZ7,10,8,31008,28,262,"S4_(0.75,1.00]",0.64,0.64,0.48,0.414634146341463,0.68,0.76,0.76,0.75609756097561,0.64,41,0,6
DTLZ7,10,8,31008,29,268,"S4_(0.75,1.00]",0.6,0.68,0.44,0.405405405405405,0.76,0.76,0.76,0.810810810810811,0.66,37,0,7
DTLZ7,10,8,31008,30,274,"S4_(0.75,1.00]",0.44,0.72,0.28,0.34375,0.84,0.88,0.84,0.875,0.76,32,0,7
DTLZ7,10,8,31008,31,280,"S4_(0.75,1.00]",0.52,0.76,0.32,0.40625,0.84,0.88,0.8,0.84375,0.78,32,0,11
DTLZ7,10,8,31008,32,286,"S4_(0.75,1.00]",0.64,0.76,0.4,0.484848484848485,0.84,1,0.8,0.848484848484849,0.83,33,0,8
DTLZ7,10,8,31008,33,292,"S4_(0.75,1.00]",0.68,0.76,0.52,0.566666666666667,1,1,0.96,0.966666666666667,0.93,30,0,7
DTLZ7,10,8,31008,34,298,"S4_(0.75,1.00]",0.72,0.72,0.4,0.5,1,1,1,1,0.99,42,0,5
DTLZ7,10,9,31009,1,100,"S2_(0.25,0.50]",0.8,0.92,0.64,0.368421052631579,0,0,0,0,0.01,57,0,4
DTLZ7,10,9,31009,2,106,"S2_(0.25,0.50]",0.88,0.96,0.56,0.448979591836735,0.12,0.12,0,0.0612244897959184,0.04,49,0,3
DTLZ7,10,9,31009,3,112,"S2_(0.25,0.50]",0.88,0.92,0.48,0.431372549019608,0.12,0.16,0,0.0588235294117647,0.05,51,0,4
DTLZ7,10,9,31009,4,118,"S2_(0.25,0.50]",0.84,0.96,0.44,0.4375,0.24,0.28,0.04,0.125,0.08,48,0,4
DTLZ7,10,9,31009,5,124,"S2_(0.25,0.50]",0.76,0.96,0.36,0.395833333333333,0.28,0.28,0.08,0.145833333333333,0.09,48,0,5
DTLZ7,10,9,31009,6,130,"S2_(0.25,0.50]",0.8,0.96,0.32,0.465116279069767,0.24,0.32,0.08,0.13953488372093,0.1,43,0,5
DTLZ7,10,9,31009,7,136,"S2_(0.25,0.50]",0.8,0.96,0.28,0.454545454545455,0.28,0.32,0.08,0.159090909090909,0.1,44,0,5
DTLZ7,10,9,31009,8,142,"S2_(0.25,0.50]",0.88,0.96,0.56,0.647058823529412,0.2,0.24,0.16,0.147058823529412,0.11,34,0,4
DTLZ7,10,9,31009,9,148,"S2_(0.25,0.50]",0.76,0.88,0.48,0.5,0.16,0.12,0.08,0.105263157894737,0.12,38,0,5
DTLZ7,10,9,31009,10,154,"S3_(0.50,0.75]",0.8,0.92,0.52,0.555555555555556,0.16,0.08,0.16,0.138888888888889,0.13,36,0,7
DTLZ7,10,9,31009,11,160,"S3_(0.50,0.75]",0.64,0.88,0.44,0.5,0.2,0.08,0.16,0.15625,0.14,32,0,11
DTLZ7,10,9,31009,12,166,"S3_(0.50,0.75]",0.68,0.96,0.44,0.53125,0.2,0.16,0.16,0.15625,0.16,32,0,9
DTLZ7,10,9,31009,13,172,"S3_(0.50,0.75]",0.84,1,0.24,0.362068965517241,0.24,0.24,0.12,0.206896551724138,0.21,58,0,4
DTLZ7,10,9,31009,14,178,"S3_(0.50,0.75]",0.76,0.88,0.2,0.292307692307692,0.16,0.2,0.16,0.2,0.21,65,0,6
DTLZ7,10,9,31009,15,184,"S3_(0.50,0.75]",0.84,1,0.32,0.388888888888889,0.16,0.2,0.12,0.185185185185185,0.22,54,0,4
DTLZ7,10,9,31009,16,190,"S3_(0.50,0.75]",0.84,0.96,0.32,0.333333333333333,0.16,0.12,0.04,0.158730158730159,0.22,63,0,4
DTLZ7,10,9,31009,17,196,"S3_(0.50,0.75]",0.84,0.96,0.24,0.338709677419355,0.12,0.16,0.12,0.161290322580645,0.23,62,0,5
DTLZ7,10,9,31009,18,202,"S3_(0.50,0.75]",0.88,0.96,0.56,0.666666666666667,0.24,0.28,0.2,0.242424242424242,0.27,33,0,2
DTLZ7,10,9,31009,19,208,"S3_(0.50,0.75]",0.96,0.92,0.36,0.521739130434783,0.28,0.24,0.08,0.239130434782609,0.29,46,0,3
DTLZ7,10,9,31009,20,214,"S3_(0.50,0.75]",0.8,0.92,0.36,0.5,0.24,0.32,0.16,0.30952380952381,0.32,42,0,4
DTLZ7,10,9,31009,21,220,"S3_(0.50,0.75]",0.92,0.92,0.52,0.571428571428571,0.32,0.36,0.2,0.333333333333333,0.34,42,0,2
DTLZ7,10,9,31009,22,226,"S4_(0.75,1.00]",0.92,0.96,0.36,0.342857142857143,0.4,0.44,0.16,0.314285714285714,0.37,70,0,1
DTLZ7,10,9,31009,23,232,"S4_(0.75,1.00]",0.88,0.84,0.6,0.58974358974359,0.52,0.56,0.2,0.41025641025641,0.39,39,0,2
DTLZ7,10,9,31009,24,238,"S4_(0.75,1.00]",0.8,0.88,0.6,0.536585365853659,0.52,0.56,0.2,0.414634146341463,0.42,41,0,3
DTLZ7,10,9,31009,25,244,"S4_(0.75,1.00]",0.72,0.84,0.68,0.580645161290323,0.72,0.76,0.64,0.67741935483871,0.47,31,0,5
DTLZ7,10,9,31009,26,250,"S4_(0.75,1.00]",0.76,0.96,0.48,0.571428571428571,0.68,0.8,0.44,0.571428571428571,0.5,35,0,5
DTLZ7,10,9,31009,27,256,"S4_(0.75,1.00]",0.68,0.92,0.4,0.447368421052632,0.8,0.8,0.64,0.710526315789474,0.56,38,0,7
DTLZ7,10,9,31009,28,262,"S4_(0.75,1.00]",0.8,0.96,0.52,0.512820512820513,0.88,0.92,0.8,0.82051282051282,0.61,39,0,4
DTLZ7,10,9,31009,29,268,"S4_(0.75,1.00]",0.88,0.92,0.08,0.358208955223881,0.88,0.92,0.48,0.626865671641791,0.61,67,0,1
DTLZ7,10,9,31009,30,274,"S4_(0.75,1.00]",0.84,0.88,0.44,0.525,0.92,0.92,0.76,0.8,0.64,40,0,5
DTLZ7,10,9,31009,31,280,"S4_(0.75,1.00]",0.84,0.92,0.6,0.611111111111111,0.92,0.92,0.92,0.916666666666667,0.72,36,0,5
DTLZ7,10,9,31009,32,286,"S4_(0.75,1.00]",0.76,0.92,0.4,0.431818181818182,0.96,0.92,0.92,0.931818181818182,0.8,44,0,7
DTLZ7,10,9,31009,33,292,"S4_(0.75,1.00]",0.72,0.92,0.4,0.439024390243902,0.96,0.92,0.92,0.951219512195122,0.84,41,0,7
DTLZ7,10,9,31009,34,298,"S4_(0.75,1.00]",0.76,0.84,0.52,0.575757575757576,1,1,0.96,0.96969696969697,0.98,33,0,7
DTLZ7,10,10,31010,1,100,"S2_(0.25,0.50]",0.84,0.84,0.6,0.360655737704918,0,0,0,0,0,61,0,4
DTLZ7,10,10,31010,2,106,"S2_(0.25,0.50]",0.88,0.96,0.56,0.55,0.04,0.04,0,0.025,0.01,40,0,3
DTLZ7,10,10,31010,3,112,"S2_(0.25,0.50]",0.88,0.96,0.48,0.328358208955224,0.08,0.08,0,0.0298507462686567,0.02,67,0,3
DTLZ7,10,10,31010,4,118,"S2_(0.25,0.50]",0.8,0.96,0.32,0.317460317460317,0.08,0.08,0.04,0.0317460317460317,0.02,63,0,5
DTLZ7,10,10,31010,5,124,"S2_(0.25,0.50]",0.96,1,0.2,0.4,0.2,0.2,0,0.0833333333333333,0.05,60,0,1
DTLZ7,10,10,31010,6,130,"S2_(0.25,0.50]",0.8,0.96,0.6,0.666666666666667,0.16,0.2,0.12,0.133333333333333,0.05,30,0,6
DTLZ7,10,10,31010,7,136,"S2_(0.25,0.50]",0.8,0.96,0.52,0.606060606060606,0.2,0.2,0.08,0.151515151515152,0.06,33,0,5
DTLZ7,10,10,31010,8,142,"S2_(0.25,0.50]",0.96,0.96,0.52,0.581395348837209,0.2,0.2,0.08,0.162790697674419,0.08,43,0,1
DTLZ7,10,10,31010,9,148,"S2_(0.25,0.50]",0.88,0.96,0.68,0.709677419354839,0.2,0.16,0.16,0.225806451612903,0.08,31,0,3
DTLZ7,10,10,31010,10,154,"S3_(0.50,0.75]",0.88,0.92,0.72,0.666666666666667,0.16,0.12,0.12,0.212121212121212,0.09,33,0,3
DTLZ7,10,10,31010,11,160,"S3_(0.50,0.75]",0.96,0.96,0.32,0.39344262295082,0.12,0.12,0.04,0.131147540983607,0.09,61,0,0
DTLZ7,10,10,31010,12,166,"S3_(0.50,0.75]",0.96,0.96,0.2,0.367647058823529,0.2,0.2,0.04,0.117647058823529,0.11,68,0,0
DTLZ7,10,10,31010,13,172,"S3_(0.50,0.75]",0.68,0.92,0.48,0.485714285714286,0.12,0.16,0.08,0.142857142857143,0.11,35,0,7
DTLZ7,10,10,31010,14,178,"S3_(0.50,0.75]",0.72,0.92,0.56,0.5625,0.2,0.16,0.12,0.1875,0.14,32,0,6
DTLZ7,10,10,31010,15,184,"S3_(0.50,0.75]",0.64,0.88,0.44,0.444444444444444,0.28,0.2,0.24,0.305555555555556,0.16,36,0,7
DTLZ7,10,10,31010,16,190,"S3_(0.50,0.75]",0.72,0.84,0.52,0.5,0.32,0.2,0.16,0.305555555555556,0.19,36,0,6
DTLZ7,10,10,31010,17,196,"S3_(0.50,0.75]",0.8,0.92,0.6,0.540540540540541,0.32,0.28,0.16,0.297297297297297,0.22,37,0,6
DTLZ7,10,10,31010,18,202,"S3_(0.50,0.75]",0.8,0.88,0.68,0.606060606060606,0.32,0.24,0.24,0.303030303030303,0.24,33,0,4
DTLZ7,10,10,31010,19,208,"S3_(0.50,0.75]",0.8,0.92,0.68,0.65625,0.32,0.32,0.28,0.375,0.28,32,0,4
DTLZ7,10,10,31010,20,214,"S3_(0.50,0.75]",0.84,0.88,0.68,0.617647058823529,0.32,0.28,0.24,0.352941176470588,0.29,34,0,5
DTLZ7,10,10,31010,21,220,"S3_(0.50,0.75]",0.84,0.92,0.56,0.536585365853659,0.36,0.36,0.2,0.365853658536585,0.33,41,0,2
DTLZ7,10,10,31010,22,226,"S4_(0.75,1.00]",0.84,0.92,0.52,0.617647058823529,0.52,0.48,0.48,0.558823529411765,0.35,34,0,3
DTLZ7,10,10,31010,23,232,"S4_(0.75,1.00]",0.84,0.92,0.52,0.536585365853659,0.56,0.56,0.52,0.585365853658537,0.42,41,0,3
DTLZ7,10,10,31010,24,238,"S4_(0.75,1.00]",0.84,0.96,0.72,0.7,0.64,0.68,0.64,0.7,0.46,30,0,4
DTLZ7,10,10,31010,25,244,"S4_(0.75,1.00]",1,1,0.52,0.396825396825397,0.76,0.76,0.56,0.603174603174603,0.51,63,0,0
DTLZ7,10,10,31010,26,250,"S4_(0.75,1.00]",0.8,0.92,0.56,0.540540540540541,0.76,0.8,0.68,0.72972972972973,0.57,37,0,5
DTLZ7,10,10,31010,27,256,"S4_(0.75,1.00]",0.76,0.88,0.48,0.465116279069767,0.76,0.84,0.72,0.720930232558139,0.59,43,0,6
DTLZ7,10,10,31010,28,262,"S4_(0.75,1.00]",0.76,0.84,0.56,0.5,0.76,0.84,0.72,0.714285714285714,0.61,42,0,5
DTLZ7,10,10,31010,29,268,"S4_(0.75,1.00]",0.76,0.88,0.6,0.552631578947368,0.76,0.72,0.64,0.763157894736842,0.63,38,0,6
DTLZ7,10,10,31010,30,274,"S4_(0.75,1.00]",0.76,0.92,0.6,0.527777777777778,0.88,0.76,0.8,0.861111111111111,0.69,36,0,8
DTLZ7,10,10,31010,31,280,"S4_(0.75,1.00]",0.76,1,0.24,0.327586206896552,0.88,0.8,0.68,0.793103448275862,0.72,58,0,6
DTLZ7,10,10,31010,32,286,"S4_(0.75,1.00]",0.72,0.96,0.32,0.409090909090909,0.96,0.92,0.76,0.863636363636364,0.8,44,0,7
DTLZ7,10,10,31010,33,292,"S4_(0.75,1.00]",0.72,1,0.32,0.428571428571429,0.96,1,0.8,0.880952380952381,0.84,42,0,7
DTLZ7,10,10,31010,34,298,"S4_(0.75,1.00]",0.96,1,0.24,0.39344262295082,1,1,0.92,0.934426229508197,0.93,61,0,1
DTLZ7,10,11,31011,1,100,"S2_(0.25,0.50]",0.84,0.84,0.72,0.433962264150943,0,0,0,0.0377358490566038,0.02,53,0,2
DTLZ7,10,11,31011,2,106,"S2_(0.25,0.50]",0.76,0.88,0.48,0.5,0,0,0.04,0.0263157894736842,0.02,38,0,5
DTLZ7,10,11,31011,3,112,"S2_(0.25,0.50]",0.72,0.92,0.4,0.545454545454545,0,0,0.08,0.0606060606060606,0.02,33,0,5
DTLZ7,10,11,31011,4,118,"S2_(0.25,0.50]",0.88,0.96,0.48,0.611111111111111,0.04,0.04,0.08,0.0833333333333333,0.03,36,0,3
DTLZ7,10,11,31011,5,124,"S2_(0.25,0.50]",1,1,0.36,0.367647058823529,0.08,0.08,0.04,0.0441176470588235,0.04,68,0,0
DTLZ7,10,11,31011,6,130,"S2_(0.25,0.50]",0.96,1,0.12,0.352941176470588,0.12,0.12,0.04,0.0588235294117647,0.05,68,0,1
DTLZ7,10,11,31011,7,136,"S2_(0.25,0.50]",0.8,0.96,0.28,0.4,0.04,0.12,0.04,0.02,0.05,50,0,6
DTLZ7,10,11,31011,8,142,"S2_(0.25,0.50]",0.8,0.88,0.32,0.465116279069767,0.08,0.08,0.08,0.0465116279069767,0.06,43,0,4
DTLZ7,10,11,31011,9,148,"S2_(0.25,0.50]",0.8,0.96,0.64,0.645161290322581,0.08,0,0.08,0.0645161290322581,0.06,31,0,6
DTLZ7,10,11,31011,10,154,"S3_(0.50,0.75]",0.88,0.88,0.16,0.349206349206349,0.08,0.08,0.04,0.0793650793650794,0.08,63,0,4
DTLZ7,10,11,31011,11,160,"S3_(0.50,0.75]",0.72,0.92,0.16,0.289855072463768,0.2,0.2,0.04,0.115942028985507,0.11,69,0,5
DTLZ7,10,11,31011,12,166,"S3_(0.50,0.75]",0.84,0.96,0.2,0.318181818181818,0.28,0.28,0.04,0.166666666666667,0.14,66,0,4
DTLZ7,10,11,31011,13,172,"S3_(0.50,0.75]",0.84,0.92,0.48,0.448979591836735,0.28,0.28,0.08,0.204081632653061,0.14,49,0,3
DTLZ7,10,11,31011,14,178,"S3_(0.50,0.75]",0.88,0.96,0.32,0.431372549019608,0.28,0.28,0.04,0.196078431372549,0.13,51,0,3
DTLZ7,10,11,31011,15,184,"S3_(0.50,0.75]",0.96,0.96,0.36,0.446428571428571,0.36,0.36,0.04,0.196428571428571,0.15,56,0,1
DTLZ7,10,11,31011,16,190,"S3_(0.50,0.75]",0.8,0.96,0.64,0.645161290322581,0.48,0.56,0.4,0.419354838709677,0.21,31,0,6
DTLZ7,10,11,31011,17,196,"S3_(0.50,0.75]",0.8,0.96,0.6,0.606060606060606,0.64,0.64,0.48,0.515151515151515,0.26,33,0,5
DTLZ7,10,11,31011,18,202,"S3_(0.50,0.75]",0.92,0.96,0.12,0.369230769230769,0.6,0.6,0.04,0.338461538461538,0.28,65,0,1
DTLZ7,10,11,31011,19,208,"S3_(0.50,0.75]",0.72,1,0.6,0.6,0.56,0.6,0.52,0.6,0.3,30,0,7
DTLZ7,10,11,31011,20,214,"S3_(0.50,0.75]",0.88,0.96,0.76,0.733333333333333,0.64,0.6,0.6,0.633333333333333,0.31,30,0,4
DTLZ7,10,11,31011,21,220,"S3_(0.50,0.75]",0.88,0.88,0.68,0.676470588235294,0.68,0.6,0.6,0.705882352941177,0.35,34,0,3
DTLZ7,10,11,31011,22,226,"S4_(0.75,1.00]",0.88,0.88,0.68,0.648648648648649,0.76,0.72,0.64,0.756756756756757,0.4,37,0,2
DTLZ7,10,11,31011,23,232,"S4_(0.75,1.00]",0.88,0.8,0.56,0.511627906976744,0.72,0.72,0.6,0.674418604651163,0.46,43,0,4
DTLZ7,10,11,31011,24,238,"S4_(0.75,1.00]",0.72,0.8,0.48,0.486486486486487,0.76,0.76,0.64,0.756756756756757,0.5,37,0,5
DTLZ7,10,11,31011,25,244,"S4_(0.75,1.00]",0.8,0.84,0.6,0.479166666666667,0.88,0.88,0.84,0.8125,0.56,48,0,2
DTLZ7,10,11,31011,26,250,"S4_(0.75,1.00]",0.68,1,0.48,0.447368421052632,0.84,0.84,0.72,0.710526315789474,0.59,38,0,8
DTLZ7,10,11,31011,27,256,"S4_(0.75,1.00]",0.88,1,0.56,0.385964912280702,0.88,0.88,0.8,0.754385964912281,0.58,57,0,3
DTLZ7,10,11,31011,28,262,"S4_(0.75,1.00]",0.84,0.88,0.56,0.525,0.88,0.88,0.88,0.8,0.63,40,0,4
DTLZ7,10,11,31011,29,268,"S4_(0.75,1.00]",0.64,0.84,0.44,0.484848484848485,0.88,0.88,0.84,0.848484848484849,0.67,33,0,9
DTLZ7,10,11,31011,30,274,"S4_(0.75,1.00]",0.8,0.84,0.56,0.594594594594595,0.92,0.88,0.92,0.891891891891892,0.71,37,0,3
DTLZ7,10,11,31011,31,280,"S4_(0.75,1.00]",0.88,0.88,0.4,0.418181818181818,0.84,0.88,0.64,0.781818181818182,0.79,55,0,3
DTLZ7,10,11,31011,32,286,"S4_(0.75,1.00]",0.8,0.84,0.48,0.588235294117647,0.96,0.96,0.96,0.970588235294118,0.85,34,0,7
DTLZ7,10,11,31011,33,292,"S4_(0.75,1.00]",0.84,0.88,0.6,0.6,0.92,0.92,0.92,0.942857142857143,0.9,35,0,3
DTLZ7,10,11,31011,34,298,"S4_(0.75,1.00]",0.8,0.84,0.4,0.392156862745098,0.96,1,0.96,0.980392156862745,0.98,51,0,5
DTLZ7,10,12,31012,1,100,"S2_(0.25,0.50]",0.8,0.88,0.48,0.4375,0,0,0.04,0.0416666666666667,0.02,48,0,4
DTLZ7,10,12,31012,2,106,"S2_(0.25,0.50]",0.8,0.88,0.56,0.465116279069767,0,0,0.04,0.0465116279069767,0.02,43,0,4
DTLZ7,10,12,31012,3,112,"S2_(0.25,0.50]",0.72,0.96,0.36,0.36734693877551,0.04,0.04,0.04,0.0612244897959184,0.03,49,0,7
DTLZ7,10,12,31012,4,118,"S2_(0.25,0.50]",0.64,0.92,0.36,0.421052631578947,0.04,0.04,0.04,0.0526315789473684,0.03,38,0,8
DTLZ7,10,12,31012,5,124,"S2_(0.25,0.50]",0.84,0.96,0.52,0.488372093023256,0.04,0.04,0,0.0465116279069767,0.03,43,0,4
DTLZ7,10,12,31012,6,130,"S2_(0.25,0.50]",0.8,0.96,0.48,0.476190476190476,0.12,0.12,0.08,0.119047619047619,0.05,42,0,6
DTLZ7,10,12,31012,7,136,"S2_(0.25,0.50]",0.68,1,0.36,0.425,0.04,0.16,0.04,0.075,0.06,40,0,8
DTLZ7,10,12,31012,8,142,"S2_(0.25,0.50]",0.64,0.96,0.52,0.516129032258065,0.08,0.2,0.08,0.0967741935483871,0.07,31,0,9
DTLZ7,10,12,31012,9,148,"S2_(0.25,0.50]",0.52,0.96,0.24,0.361111111111111,0.2,0.28,0.04,0.138888888888889,0.11,36,0,12
DTLZ7,10,12,31012,10,154,"S3_(0.50,0.75]",0.96,0.88,0.48,0.357142857142857,0.36,0.28,0.08,0.171428571428571,0.15,70,0,3
DTLZ7,10,12,31012,11,160,"S3_(0.50,0.75]",0.6,0.88,0.4,0.46875,0.24,0.32,0.12,0.1875,0.16,32,0,9
DTLZ7,10,12,31012,12,166,"S3_(0.50,0.75]",0.72,0.96,0.48,0.514285714285714,0.44,0.28,0.28,0.314285714285714,0.18,35,0,6
DTLZ7,10,12,31012,13,172,"S3_(0.50,0.75]",0.68,0.92,0.44,0.447368421052632,0.48,0.36,0.2,0.315789473684211,0.22,38,0,8
DTLZ7,10,12,31012,14,178,"S3_(0.50,0.75]",0.56,0.96,0.36,0.424242424242424,0.44,0.32,0.28,0.333333333333333,0.23,33,0,11
DTLZ7,10,12,31012,15,184,"S3_(0.50,0.75]",0.64,1,0.48,0.484848484848485,0.52,0.36,0.4,0.393939393939394,0.25,33,0,9
DTLZ7,10,12,31012,16,190,"S3_(0.50,0.75]",0.64,0.88,0.44,0.470588235294118,0.4,0.32,0.4,0.382352941176471,0.27,34,0,7
DTLZ7,10,12,31012,17,196,"S3_(0.50,0.75]",0.56,0.92,0.32,0.388888888888889,0.4,0.4,0.32,0.333333333333333,0.3,36,0,10
DTLZ7,10,12,31012,18,202,"S3_(0.50,0.75]",0.64,0.92,0.44,0.457142857142857,0.4,0.36,0.32,0.371428571428571,0.31,35,0,9
DTLZ7,10,12,31012,19,208,"S3_(0.50,0.75]",0.68,0.92,0.4,0.404761904761905,0.4,0.28,0.2,0.357142857142857,0.34,42,0,10
DTLZ7,10,12,31012,20,214,"S3_(0.50,0.75]",0.68,0.96,0.4,0.472222222222222,0.44,0.36,0.36,0.416666666666667,0.37,36,0,7
DTLZ7,10,12,31012,21,220,"S3_(0.50,0.75]",0.72,0.92,0.56,0.545454545454545,0.4,0.36,0.32,0.363636363636364,0.38,33,0,8
DTLZ7,10,12,31012,22,226,"S4_(0.75,1.00]",0.6,0.88,0.44,0.394736842105263,0.56,0.4,0.56,0.578947368421053,0.41,38,0,12
DTLZ7,10,12,31012,23,232,"S4_(0.75,1.00]",0.68,0.96,0.4,0.386363636363636,0.52,0.52,0.52,0.590909090909091,0.44,44,0,9
DTLZ7,10,12,31012,24,238,"S4_(0.75,1.00]",0.6,0.96,0.36,0.405405405405405,0.56,0.6,0.6,0.621621621621622,0.49,37,0,10
DTLZ7,10,12,31012,25,244,"S4_(0.75,1.00]",0.6,0.96,0.32,0.3125,0.64,0.76,0.6,0.645833333333333,0.53,48,0,10
DTLZ7,10,12,31012,26,250,"S4_(0.75,1.00]",0.64,0.96,0.36,0.41025641025641,0.8,0.84,0.64,0.717948717948718,0.58,39,0,8
DTLZ7,10,12,31012,27,256,"S4_(0.75,1.00]",0.72,0.96,0.4,0.45,0.84,0.8,0.72,0.675,0.61,40,0,8
DTLZ7,10,12,31012,28,262,"S4_(0.75,1.00]",0.92,0.96,0.32,0.48936170212766,0.88,0.88,0.68,0.702127659574468,0.64,47,0,1
DTLZ7,10,12,31012,29,268,"S4_(0.75,1.00]",0.64,0.96,0.24,0.380952380952381,0.88,0.84,0.68,0.761904761904762,0.71,42,0,9
DTLZ7,10,12,31012,30,274,"S4_(0.75,1.00]",0.76,0.96,0.36,0.408163265306122,0.88,0.84,0.8,0.836734693877551,0.75,49,0,5
DTLZ7,10,12,31012,31,280,"S4_(0.75,1.00]",0.76,0.96,0.56,0.625,0.96,0.88,1,0.96875,0.79,32,0,6
DTLZ7,10,12,31012,32,286,"S4_(0.75,1.00]",0.88,0.92,0.56,0.58974358974359,0.92,0.92,0.92,0.923076923076923,0.79,39,0,4
DTLZ7,10,12,31012,33,292,"S4_(0.75,1.00]",0.92,0.96,0.56,0.585365853658537,0.84,0.88,0.88,0.853658536585366,0.79,41,0,2
DTLZ7,10,12,31012,34,298,"S4_(0.75,1.00]",0.92,0.96,0.52,0.5,0.96,0.96,0.88,0.895833333333333,0.85,48,0,1
DTLZ7,10,13,31013,1,100,"S2_(0.25,0.50]",0.84,0.84,0.76,0.380952380952381,0,0,0,0,0,63,0,0
DTLZ7,10,13,31013,2,106,"S2_(0.25,0.50]",0.88,0.92,0.64,0.347826086956522,0,0,0,0,0,69,0,1
DTLZ7,10,13,31013,3,112,"S2_(0.25,0.50]",0.52,0.96,0.48,0.40625,0,0,0,0,0,32,0,13
DTLZ7,10,13,31013,4,118,"S2_(0.25,0.50]",0.84,0.96,0.44,0.4375,0,0,0,0,0,48,0,3
DTLZ7,10,13,31013,5,124,"S2_(0.25,0.50]",0.72,0.88,0.32,0.45,0,0,0,0,0,40,0,8
DTLZ7,10,13,31013,6,130,"S2_(0.25,0.50]",0.72,0.96,0.32,0.461538461538462,0.04,0.04,0.04,0.0256410256410256,0.01,39,0,7
DTLZ7,10,13,31013,7,136,"S2_(0.25,0.50]",0.84,0.96,0.48,0.6,0.04,0.04,0,0.0285714285714286,0.01,35,0,3
DTLZ7,10,13,31013,8,142,"S2_(0.25,0.50]",0.76,0.96,0.44,0.542857142857143,0.08,0.16,0.04,0.0571428571428571,0.04,35,0,7
DTLZ7,10,13,31013,9,148,"S2_(0.25,0.50]",0.96,0.96,0.48,0.545454545454545,0.12,0.12,0,0.0681818181818182,0.04,44,0,2
DTLZ7,10,13,31013,10,154,"S3_(0.50,0.75]",0.88,0.88,0.4,0.36231884057971,0.12,0.12,0,0.0579710144927536,0.05,69,0,0
DTLZ7,10,13,31013,11,160,"S3_(0.50,0.75]",0.8,0.8,0.76,0.733333333333333,0.28,0.24,0.16,0.233333333333333,0.09,30,0,5
DTLZ7,10,13,31013,12,166,"S3_(0.50,0.75]",0.92,0.88,0.56,0.58974358974359,0.32,0.28,0.04,0.256410256410256,0.11,39,0,5
DTLZ7,10,13,31013,13,172,"S3_(0.50,0.75]",0.92,0.88,0.52,0.558139534883721,0.4,0.4,0.04,0.302325581395349,0.15,43,0,2
DTLZ7,10,13,31013,14,178,"S3_(0.50,0.75]",0.6,0.96,0.44,0.483870967741935,0.44,0.44,0.24,0.354838709677419,0.17,31,0,10
DTLZ7,10,13,31013,15,184,"S3_(0.50,0.75]",0.84,0.96,0.04,0.344262295081967,0.4,0.44,0.04,0.229508196721311,0.18,61,0,5
DTLZ7,10,13,31013,16,190,"S3_(0.50,0.75]",0.76,0.96,0.48,0.542857142857143,0.44,0.44,0.32,0.342857142857143,0.2,35,0,6
DTLZ7,10,13,31013,17,196,"S3_(0.50,0.75]",0.8,0.88,0.44,0.512820512820513,0.4,0.4,0.24,0.307692307692308,0.22,39,0,6
DTLZ7,10,13,31013,18,202,"S3_(0.50,0.75]",0.84,0.92,0.44,0.410714285714286,0.44,0.44,0.32,0.339285714285714,0.25,56,0,2
DTLZ7,10,13,31013,19,208,"S3_(0.50,0.75]",0.64,0.96,0.4,0.444444444444444,0.4,0.4,0.24,0.333333333333333,0.28,36,0,8
DTLZ7,10,13,31013,20,214,"S3_(0.50,0.75]",0.76,1,0.48,0.527777777777778,0.52,0.44,0.36,0.444444444444444,0.32,36,0,6
DTLZ7,10,13,31013,21,220,"S3_(0.50,0.75]",0.72,0.92,0.56,0.5625,0.48,0.56,0.32,0.4375,0.35,32,0,8
DTLZ7,10,13,31013,22,226,"S4_(0.75,1.00]",0.84,0.96,0.32,0.431372549019608,0.6,0.64,0.32,0.509803921568627,0.4,51,0,3
DTLZ7,10,13,31013,23,232,"S4_(0.75,1.00]",0.64,0.92,0.52,0.533333333333333,0.76,0.68,0.72,0.733333333333333,0.43,30,0,8
DTLZ7,10,13,31013,24,238,"S4_(0.75,1.00]",0.88,1,0.36,0.4,0.72,0.76,0.36,0.509090909090909,0.48,55,0,3
DTLZ7,10,13,31013,25,244,"S4_(0.75,1.00]",0.64,0.96,0.44,0.5,0.76,0.72,0.84,0.78125,0.51,32,0,9
DTLZ7,10,13,31013,26,250,"S4_(0.75,1.00]",0.64,0.96,0.48,0.533333333333333,0.8,0.84,0.76,0.8,0.57,30,0,10
DTLZ7,10,13,31013,27,256,"S4_(0.75,1.00]",0.92,0.96,0.24,0.389830508474576,0.76,0.84,0.48,0.627118644067797,0.63,59,0,3
DTLZ7,10,13,31013,28,262,"S4_(0.75,1.00]",0.64,0.92,0.4,0.432432432432432,0.92,0.88,0.8,0.864864864864865,0.68,37,0,7
DTLZ7,10,13,31013,29,268,"S4_(0.75,1.00]",0.76,0.96,0.44,0.475,0.92,0.88,0.84,0.875,0.72,40,0,6
DTLZ7,10,13,31013,30,274,"S4_(0.75,1.00]",0.64,0.92,0.36,0.421052631578947,0.92,0.84,0.8,0.815789473684211,0.76,38,0,8
DTLZ7,10,13,31013,31,280,"S4_(0.75,1.00]",0.72,0.92,0.52,0.473684210526316,0.84,0.8,0.8,0.842105263157895,0.8,38,0,5
DTLZ7,10,13,31013,32,286,"S4_(0.75,1.00]",0.72,0.92,0.64,0.580645161290323,0.88,0.84,0.84,0.870967741935484,0.85,31,0,8
DTLZ7,10,13,31013,33,292,"S4_(0.75,1.00]",0.72,0.92,0.52,0.514285714285714,0.88,0.84,1,0.914285714285714,0.9,35,0,8
DTLZ7,10,13,31013,34,298,"S4_(0.75,1.00]",0.88,0.84,0.36,0.471698113207547,0.96,1,0.96,0.981132075471698,0.98,53,0,2
DTLZ7,10,14,31014,1,100,"S2_(0.25,0.50]",0.88,0.96,0.52,0.523809523809524,0.04,0.04,0,0.0952380952380952,0.05,42,0,3
DTLZ7,10,14,31014,2,106,"S2_(0.25,0.50]",0.84,0.96,0.64,0.617647058823529,0.04,0.04,0.08,0.117647058823529,0.05,34,0,4
DTLZ7,10,14,31014,3,112,"S2_(0.25,0.50]",0.92,0.92,0.6,0.609756097560976,0.08,0.08,0.08,0.0731707317073171,0.06,41,0,0
DTLZ7,10,14,31014,4,118,"S2_(0.25,0.50]",0.88,0.96,0.48,0.5,0.12,0.12,0.04,0.0909090909090909,0.07,44,0,3
DTLZ7,10,14,31014,5,124,"S2_(0.25,0.50]",0.76,0.96,0.4,0.542857142857143,0.16,0.16,0.12,0.142857142857143,0.08,35,0,6
DTLZ7,10,14,31014,6,130,"S2_(0.25,0.50]",0.92,0.96,0.32,0.433962264150943,0.12,0.12,0.04,0.0943396226415094,0.08,53,0,2
DTLZ7,10,14,31014,7,136,"S2_(0.25,0.50]",0.84,1,0.12,0.308823529411765,0.12,0.12,0.04,0.0735294117647059,0.09,68,0,4
DTLZ7,10,14,31014,8,142,"S2_(0.25,0.50]",0.88,0.92,0.32,0.370967741935484,0.08,0.12,0.04,0.0645161290322581,0.09,62,0,3
DTLZ7,10,14,31014,9,148,"S2_(0.25,0.50]",0.92,0.96,0.2,0.433962264150943,0.2,0.24,0.08,0.132075471698113,0.12,53,0,2
DTLZ7,10,14,31014,10,154,"S3_(0.50,0.75]",0.72,0.96,0.56,0.6,0.16,0.24,0.2,0.166666666666667,0.12,30,0,6
DTLZ7,10,14,31014,11,160,"S3_(0.50,0.75]",0.88,0.92,0.32,0.431372549019608,0.16,0.16,0.12,0.137254901960784,0.13,51,0,3
DTLZ7,10,14,31014,12,166,"S3_(0.50,0.75]",0.76,0.96,0.6,0.612903225806452,0.2,0.12,0.24,0.193548387096774,0.13,31,0,7
DTLZ7,10,14,31014,13,172,"S3_(0.50,0.75]",0.88,0.96,0.48,0.578947368421053,0.16,0.12,0.28,0.210526315789474,0.14,38,0,4
DTLZ7,10,14,31014,14,178,"S3_(0.50,0.75]",0.92,0.92,0.56,0.534883720930233,0.16,0.16,0.28,0.209302325581395,0.15,43,0,3
DTLZ7,10,14,31014,15,184,"S3_(0.50,0.75]",0.72,0.96,0.36,0.4,0.28,0.24,0.24,0.266666666666667,0.18,45,0,6
DTLZ7,10,14,31014,16,190,"S3_(0.50,0.75]",0.88,0.88,0.44,0.488888888888889,0.28,0.32,0.2,0.266666666666667,0.2,45,0,5
DTLZ7,10,14,31014,17,196,"S3_(0.50,0.75]",0.76,0.96,0.4,0.452380952380952,0.24,0.32,0.12,0.214285714285714,0.21,42,0,6
DTLZ7,10,14,31014,18,202,"S3_(0.50,0.75]",0.8,0.92,0.48,0.465116279069767,0.24,0.2,0.12,0.209302325581395,0.21,43,0,6
DTLZ7,10,14,31014,19,208,"S3_(0.50,0.75]",0.76,0.96,0.48,0.452380952380952,0.32,0.32,0.2,0.285714285714286,0.24,42,0,7
DTLZ7,10,14,31014,20,214,"S3_(0.50,0.75]",0.6,0.92,0.44,0.454545454545455,0.44,0.48,0.28,0.363636363636364,0.28,33,0,9
DTLZ7,10,14,31014,21,220,"S3_(0.50,0.75]",0.72,0.88,0.56,0.545454545454545,0.56,0.56,0.44,0.454545454545455,0.31,33,0,7
DTLZ7,10,14,31014,22,226,"S4_(0.75,1.00]",0.8,0.92,0.52,0.454545454545455,0.6,0.6,0.4,0.409090909090909,0.34,44,0,5
DTLZ7,10,14,31014,23,232,"S4_(0.75,1.00]",0.68,0.88,0.4,0.435897435897436,0.68,0.72,0.56,0.564102564102564,0.41,39,0,10
DTLZ7,10,14,31014,24,238,"S4_(0.75,1.00]",0.68,0.8,0.4,0.414634146341463,0.72,0.84,0.6,0.560975609756098,0.45,41,0,9
DTLZ7,10,14,31014,25,244,"S4_(0.75,1.00]",0.68,0.92,0.52,0.548387096774194,0.6,0.84,0.56,0.580645161290323,0.49,31,0,10
DTLZ7,10,14,31014,26,250,"S4_(0.75,1.00]",0.88,0.92,0,0.314285714285714,0.88,0.88,0.36,0.6,0.54,70,0,3
DTLZ7,10,14,31014,27,256,"S4_(0.75,1.00]",0.76,0.96,0.04,0.311475409836066,0.92,0.96,0.4,0.655737704918033,0.6,61,0,6
DTLZ7,10,14,31014,28,262,"S4_(0.75,1.00]",0.64,0.88,0.32,0.421052631578947,0.96,1,0.76,0.815789473684211,0.64,38,0,9
DTLZ7,10,14,31014,29,268,"S4_(0.75,1.00]",0.8,0.8,0.24,0.323529411764706,0.92,0.92,0.64,0.735294117647059,0.7,68,0,5
DTLZ7,10,14,31014,30,274,"S4_(0.75,1.00]",0.8,0.92,0.36,0.349206349206349,1,1,0.8,0.825396825396825,0.76,63,0,3
DTLZ7,10,14,31014,31,280,"S4_(0.75,1.00]",0.64,0.88,0.56,0.53125,1,1,1,1,0.82,32,0,8
DTLZ7,10,14,31014,32,286,"S4_(0.75,1.00]",0.68,0.84,0.56,0.540540540540541,1,1,1,1,0.86,37,0,6
DTLZ7,10,14,31014,33,292,"S4_(0.75,1.00]",0.6,0.84,0.48,0.459459459459459,0.96,0.96,0.96,0.972972972972973,0.92,37,0,10
DTLZ7,10,14,31014,34,298,"S4_(0.75,1.00]",0.84,0.8,0.64,0.611111111111111,0.96,0.96,0.96,0.972222222222222,0.98,36,0,6
DTLZ7,10,15,31015,1,100,"S2_(0.25,0.50]",0.84,0.92,0.8,0.466666666666667,0.04,0.04,0,0.0222222222222222,0.04,45,0,5
DTLZ7,10,15,31015,2,106,"S2_(0.25,0.50]",0.92,0.92,0.72,0.342857142857143,0,0,0,0.0428571428571429,0.04,70,0,1
DTLZ7,10,15,31015,3,112,"S2_(0.25,0.50]",0.72,0.96,0.64,0.4,0.04,0,0,0.0222222222222222,0.04,45,0,7
DTLZ7,10,15,31015,4,118,"S2_(0.25,0.50]",0.92,0.92,0.64,0.369230769230769,0,0,0,0.0461538461538462,0.04,65,0,1
DTLZ7,10,15,31015,5,124,"S2_(0.25,0.50]",0.88,0.92,0.56,0.415094339622642,0.04,0.04,0.04,0.0566037735849057,0.05,53,0,3
DTLZ7,10,15,31015,6,130,"S2_(0.25,0.50]",0.76,0.96,0.4,0.5,0.04,0.04,0,0.0526315789473684,0.05,38,0,5
DTLZ7,10,15,31015,7,136,"S2_(0.25,0.50]",0.84,0.96,0.44,0.525,0.04,0.04,0.04,0.075,0.05,40,0,4
DTLZ7,10,15,31015,8,142,"S2_(0.25,0.50]",0.68,1,0.28,0.447368421052632,0.04,0,0.04,0.0263157894736842,0.05,38,0,8
DTLZ7,10,15,31015,9,148,"S2_(0.25,0.50]",0.68,0.96,0.2,0.34,0.12,0.08,0,0.08,0.07,50,0,8
DTLZ7,10,15,31015,10,154,"S3_(0.50,0.75]",0.72,0.96,0.28,0.439024390243902,0.12,0.04,0,0.0731707317073171,0.08,41,0,8
DTLZ7,10,15,31015,11,160,"S3_(0.50,0.75]",0.68,1,0.32,0.404761904761905,0.12,0.04,0,0.0714285714285714,0.08,42,0,8
DTLZ7,10,15,31015,12,166,"S3_(0.50,0.75]",0.68,0.92,0.56,0.53125,0.2,0.12,0.08,0.1875,0.11,32,0,10
DTLZ7,10,15,31015,13,172,"S3_(0.50,0.75]",0.76,0.88,0.72,0.612903225806452,0.2,0.16,0.24,0.258064516129032,0.12,31,0,9
DTLZ7,10,15,31015,14,178,"S3_(0.50,0.75]",0.72,0.92,0.52,0.529411764705882,0.28,0.28,0.2,0.264705882352941,0.15,34,0,7
DTLZ7,10,15,31015,15,184,"S3_(0.50,0.75]",0.76,0.92,0.56,0.59375,0.36,0.4,0.28,0.34375,0.19,32,0,8
DTLZ7,10,15,31015,16,190,"S3_(0.50,0.75]",0.76,0.96,0.56,0.575757575757576,0.36,0.4,0.4,0.363636363636364,0.2,33,0,6
DTLZ7,10,15,31015,17,196,"S3_(0.50,0.75]",0.76,0.88,0.36,0.5,0.44,0.4,0.32,0.368421052631579,0.23,38,0,6
DTLZ7,10,15,31015,18,202,"S3_(0.50,0.75]",0.8,0.92,0.28,0.425531914893617,0.6,0.48,0.2,0.404255319148936,0.28,47,0,6
DTLZ7,10,15,31015,19,208,"S3_(0.50,0.75]",0.96,1,0.4,0.4,0.52,0.52,0.32,0.316666666666667,0.31,60,0,1
DTLZ7,10,15,31015,20,214,"S3_(0.50,0.75]",0.88,0.96,0.36,0.415094339622642,0.6,0.56,0.36,0.39622641509434,0.34,53,0,4
DTLZ7,10,15,31015,21,220,"S3_(0.50,0.75]",1,1,0.44,0.396825396825397,0.64,0.64,0.4,0.46031746031746,0.39,63,0,0
DTLZ7,10,15,31015,22,226,"S4_(0.75,1.00]",0.68,0.96,0.52,0.515151515151515,0.56,0.64,0.56,0.575757575757576,0.43,33,0,8
DTLZ7,10,15,31015,23,232,"S4_(0.75,1.00]",0.88,0.96,0.48,0.48936170212766,0.6,0.68,0.52,0.553191489361702,0.46,47,0,2
DTLZ7,10,15,31015,24,238,"S4_(0.75,1.00]",0.92,0.92,0.4,0.452830188679245,0.52,0.52,0.44,0.566037735849057,0.47,53,0,1
DTLZ7,10,15,31015,25,244,"S4_(0.75,1.00]",0.76,0.92,0.6,0.575757575757576,0.64,0.6,0.56,0.606060606060606,0.52,33,0,5
DTLZ7,10,15,31015,26,250,"S4_(0.75,1.00]",0.76,0.92,0.64,0.558823529411765,0.6,0.6,0.52,0.588235294117647,0.55,34,0,5
DTLZ7,10,15,31015,27,256,"S4_(0.75,1.00]",0.8,0.92,0.56,0.571428571428571,0.6,0.72,0.52,0.6,0.57,35,0,5
DTLZ7,10,15,31015,28,262,"S4_(0.75,1.00]",0.84,0.88,0.64,0.7,0.68,0.84,0.76,0.733333333333333,0.62,30,0,4
DTLZ7,10,15,31015,29,268,"S4_(0.75,1.00]",0.88,0.84,0.68,0.657142857142857,0.92,0.88,0.76,0.828571428571429,0.67,35,0,2
DTLZ7,10,15,31015,30,274,"S4_(0.75,1.00]",0.8,0.92,0.6,0.606060606060606,0.92,0.96,0.84,0.848484848484849,0.71,33,0,5
DTLZ7,10,15,31015,31,280,"S4_(0.75,1.00]",0.76,0.8,0.52,0.59375,0.8,0.96,0.76,0.78125,0.76,32,0,10
DTLZ7,10,15,31015,32,286,"S4_(0.75,1.00]",0.88,0.84,0.12,0.377049180327869,1,1,0.76,0.836065573770492,0.78,61,0,4
DTLZ7,10,15,31015,33,292,"S4_(0.75,1.00]",0.76,0.84,0.4,0.38,0.92,0.96,0.92,0.94,0.92,50,0,6
DTLZ7,10,15,31015,34,298,"S4_(0.75,1.00]",0.72,0.8,0.52,0.580645161290323,1,1,1,1,0.97,31,0,8
DTLZ7,10,16,31016,1,100,"S2_(0.25,0.50]",0.8,0.84,0.56,0.318840579710145,0,0,0,0,0.01,69,0,2
DTLZ7,10,16,31016,2,106,"S2_(0.25,0.50]",0.84,0.96,0.48,0.35,0,0,0,0,0.01,60,0,5
DTLZ7,10,16,31016,3,112,"S2_(0.25,0.50]",0.76,0.96,0.52,0.59375,0,0,0,0.03125,0.01,32,0,7
DTLZ7,10,16,31016,4,118,"S2_(0.25,0.50]",0.96,0.96,0.4,0.462962962962963,0,0,0,0.0185185185185185,0.01,54,0,0
DTLZ7,10,16,31016,5,124,"S2_(0.25,0.50]",0.84,0.96,0.56,0.6,0.04,0.04,0,0.0285714285714286,0.02,35,0,3
DTLZ7,10,16,31016,6,130,"S2_(0.25,0.50]",0.76,0.96,0.2,0.452380952380952,0.04,0.04,0,0.0238095238095238,0.02,42,0,7
DTLZ7,10,16,31016,7,136,"S2_(0.25,0.50]",0.84,0.96,0.08,0.388888888888889,0.04,0.04,0.04,0.037037037037037,0.02,54,0,4
DTLZ7,10,16,31016,8,142,"S2_(0.25,0.50]",0.92,0.92,0.04,0.359375,0.04,0.04,0.04,0.03125,0.02,64,0,2
DTLZ7,10,16,31016,9,148,"S2_(0.25,0.50]",0.88,0.96,0.04,0.348484848484849,0,0,0.04,0.0303030303030303,0.02,66,0,2
DTLZ7,10,16,31016,10,154,"S3_(0.50,0.75]",0.96,0.96,0,0.358208955223881,0,0.04,0.08,0.0298507462686567,0.03,67,0,2
DTLZ7,10,16,31016,11,160,"S3_(0.50,0.75]",0.88,0.96,0.64,0.594594594594595,0.08,0.12,0.04,0.0810810810810811,0.05,37,0,2
DTLZ7,10,16,31016,12,166,"S3_(0.50,0.75]",0.84,1,0.56,0.538461538461538,0.12,0.16,0.08,0.102564102564103,0.07,39,0,4
DTLZ7,10,16,31016,13,172,"S3_(0.50,0.75]",0.68,0.88,0.44,0.459459459459459,0,0.16,0.04,0.027027027027027,0.07,37,0,5
DTLZ7,10,16,31016,14,178,"S3_(0.50,0.75]",0.76,0.84,0.4,0.527777777777778,0.16,0.16,0.08,0.111111111111111,0.08,36,0,5
DTLZ7,10,16,31016,15,184,"S3_(0.50,0.75]",0.76,0.88,0.32,0.452380952380952,0.28,0.28,0.08,0.214285714285714,0.12,42,0,6
DTLZ7,10,16,31016,16,190,"S3_(0.50,0.75]",0.92,0.92,0.36,0.403508771929825,0.4,0.36,0.16,0.210526315789474,0.15,57,0,4
DTLZ7,10,16,31016,17,196,"S3_(0.50,0.75]",0.76,0.88,0.56,0.525,0.44,0.4,0.24,0.325,0.17,40,0,5
DTLZ7,10,16,31016,18,202,"S3_(0.50,0.75]",0.44,0.92,0.36,0.366666666666667,0.32,0.52,0.28,0.266666666666667,0.21,30,0,13
DTLZ7,10,16,31016,19,208,"S3_(0.50,0.75]",0.72,0.84,0.4,0.439024390243902,0.6,0.64,0.24,0.390243902439024,0.26,41,0,7
DTLZ7,10,16,31016,20,214,"S3_(0.50,0.75]",0.72,0.92,0.6,0.580645161290323,0.6,0.68,0.52,0.516129032258065,0.3,31,0,7
DTLZ7,10,16,31016,21,220,"S3_(0.50,0.75]",0.72,0.96,0.44,0.529411764705882,0.64,0.72,0.48,0.529411764705882,0.34,34,0,6
DTLZ7,10,16,31016,22,226,"S4_(0.75,1.00]",0.84,0.96,0.28,0.456521739130435,0.68,0.72,0.2,0.434782608695652,0.37,46,0,5
DTLZ7,10,16,31016,23,232,"S4_(0.75,1.00]",0.92,0.92,0.12,0.342857142857143,0.68,0.72,0.2,0.428571428571429,0.39,70,0,1
DTLZ7,10,16,31016,24,238,"S4_(0.75,1.00]",0.84,0.84,0.24,0.378787878787879,0.8,0.8,0.4,0.5,0.45,66,0,0
DTLZ7,10,16,31016,25,244,"S4_(0.75,1.00]",0.92,0.88,0.16,0.421052631578947,0.84,0.84,0.48,0.578947368421053,0.47,57,0,3
DTLZ7,10,16,31016,26,250,"S4_(0.75,1.00]",0.84,0.84,0.12,0.365079365079365,0.8,0.84,0.44,0.555555555555556,0.49,63,0,2
DTLZ7,10,16,31016,27,256,"S4_(0.75,1.00]",0.84,0.88,0.68,0.7,0.92,0.92,0.76,0.8,0.54,30,0,3
DTLZ7,10,16,31016,28,262,"S4_(0.75,1.00]",0.96,0.96,0.2,0.396825396825397,0.88,0.88,0.56,0.698412698412698,0.59,63,0,0
DTLZ7,10,16,31016,29,268,"S4_(0.75,1.00]",0.92,0.96,0.32,0.413793103448276,1,1,0.68,0.793103448275862,0.65,58,0,1
DTLZ7,10,16,31016,30,274,"S4_(0.75,1.00]",0.92,0.92,0.36,0.436363636363636,1,1,0.6,0.781818181818182,0.69,55,0,1
DTLZ7,10,16,31016,31,280,"S4_(0.75,1.00]",0.84,1,0.2,0.368421052631579,1,1,0.68,0.807017543859649,0.7,57,0,4
DTLZ7,10,16,31016,32,286,"S4_(0.75,1.00]",0.76,0.92,0.16,0.301587301587302,1,1,0.84,0.904761904761905,0.85,63,0,7
DTLZ7,10,16,31016,33,292,"S4_(0.75,1.00]",0.76,1,0.52,0.542857142857143,1,0.96,0.96,0.971428571428571,0.91,35,0,6
DTLZ7,10,16,31016,34,298,"S4_(0.75,1.00]",0.76,0.96,0.6,0.612903225806452,1,1,1,1,0.97,31,0,6
DTLZ7,10,17,31017,1,100,"S2_(0.25,0.50]",0.88,0.96,0.64,0.536585365853659,0,0,0,0.0487804878048781,0.02,41,0,2
DTLZ7,10,17,31017,2,106,"S2_(0.25,0.50]",0.8,0.92,0.48,0.512820512820513,0,0,0,0.0512820512820513,0.02,39,0,4
DTLZ7,10,17,31017,3,112,"S2_(0.25,0.50]",0.76,0.92,0.36,0.487179487179487,0,0,0.04,0.0512820512820513,0.02,39,0,7
DTLZ7,10,17,31017,4,118,"S2_(0.25,0.50]",0.72,0.96,0.32,0.461538461538462,0,0,0.04,0.0512820512820513,0.02,39,0,6
DTLZ7,10,17,31017,5,124,"S2_(0.25,0.50]",0.72,0.92,0.4,0.45,0.04,0.04,0.04,0.075,0.03,40,0,6
DTLZ7,10,17,31017,6,130,"S2_(0.25,0.50]",0.76,0.96,0.56,0.59375,0.08,0.08,0.08,0.09375,0.04,32,0,5
DTLZ7,10,17,31017,7,136,"S2_(0.25,0.50]",0.96,1,0.56,0.615384615384615,0.12,0.12,0.08,0.102564102564103,0.05,39,0,1
DTLZ7,10,17,31017,8,142,"S2_(0.25,0.50]",0.96,0.96,0.68,0.648648648648649,0.2,0.16,0.08,0.135135135135135,0.07,37,0,2
DTLZ7,10,17,31017,9,148,"S2_(0.25,0.50]",0.8,0.92,0.32,0.416666666666667,0.2,0.24,0.04,0.125,0.09,48,0,4
DTLZ7,10,17,31017,10,154,"S3_(0.50,0.75]",0.76,1,0.56,0.612903225806452,0.28,0.24,0.08,0.225806451612903,0.11,31,0,6
DTLZ7,10,17,31017,11,160,"S3_(0.50,0.75]",0.8,1,0.56,0.606060606060606,0.36,0.28,0.08,0.272727272727273,0.14,33,0,5
DTLZ7,10,17,31017,12,166,"S3_(0.50,0.75]",0.84,0.92,0.32,0.411764705882353,0.28,0.24,0.08,0.196078431372549,0.15,51,0,3
DTLZ7,10,17,31017,13,172,"S3_(0.50,0.75]",0.88,0.88,0.52,0.533333333333333,0.24,0.2,0.16,0.2,0.15,45,0,1
DTLZ7,10,17,31017,14,178,"S3_(0.50,0.75]",0.92,0.92,0.44,0.469387755102041,0.4,0.36,0.16,0.285714285714286,0.2,49,0,4
DTLZ7,10,17,31017,15,184,"S3_(0.50,0.75]",0.88,0.88,0,0.353846153846154,0.36,0.36,0.04,0.230769230769231,0.21,65,0,3
DTLZ7,10,17,31017,16,190,"S3_(0.50,0.75]",0.76,0.96,0.08,0.339285714285714,0.52,0.52,0.16,0.303571428571429,0.26,56,0,7
DTLZ7,10,17,31017,17,196,"S3_(0.50,0.75]",0.92,0.92,0,0.338235294117647,0.64,0.64,0.16,0.323529411764706,0.31,68,0,3
DTLZ7,10,17,31017,18,202,"S3_(0.50,0.75]",0.92,0.96,0.36,0.359375,0.64,0.64,0.32,0.421875,0.35,64,0,2
DTLZ7,10,17,31017,19,208,"S3_(0.50,0.75]",0.96,0.96,0.24,0.367647058823529,0.6,0.6,0.2,0.411764705882353,0.38,68,0,0
DTLZ7,10,17,31017,20,214,"S3_(0.50,0.75]",0.92,0.88,0.32,0.410714285714286,0.52,0.6,0.36,0.446428571428571,0.4,56,0,4
DTLZ7,10,17,31017,21,220,"S3_(0.50,0.75]",0.92,0.92,0.44,0.4,0.4,0.44,0.28,0.416666666666667,0.4,60,0,1
DTLZ7,10,17,31017,22,226,"S4_(0.75,1.00]",0.92,0.96,0.44,0.363636363636364,0.52,0.48,0.28,0.454545454545455,0.42,66,0,1
DTLZ7,10,17,31017,23,232,"S4_(0.75,1.00]",0.48,0.96,0.32,0.4,0.56,0.52,0.6,0.6,0.44,30,0,13
DTLZ7,10,17,31017,24,238,"S4_(0.75,1.00]",0.88,0.96,0.64,0.594594594594595,0.48,0.48,0.4,0.513513513513513,0.48,37,0,3
DTLZ7,10,17,31017,25,244,"S4_(0.75,1.00]",0.84,1,0.6,0.538461538461538,0.64,0.56,0.48,0.615384615384615,0.54,39,0,4
DTLZ7,10,17,31017,26,250,"S4_(0.75,1.00]",0.96,1,0.68,0.571428571428571,0.52,0.52,0.44,0.595238095238095,0.57,42,0,1
DTLZ7,10,17,31017,27,256,"S4_(0.75,1.00]",0.84,1,0.64,0.477272727272727,0.56,0.64,0.44,0.613636363636364,0.62,44,0,4
DTLZ7,10,17,31017,28,262,"S4_(0.75,1.00]",0.76,0.92,0.56,0.441860465116279,0.68,0.72,0.6,0.697674418604651,0.65,43,0,6
DTLZ7,10,17,31017,29,268,"S4_(0.75,1.00]",0.8,0.84,0.64,0.4375,0.72,0.76,0.64,0.791666666666667,0.69,48,0,4
DTLZ7,10,17,31017,30,274,"S4_(0.75,1.00]",0.8,0.88,0.56,0.425531914893617,0.76,0.72,0.72,0.808510638297872,0.75,47,0,6
DTLZ7,10,17,31017,31,280,"S4_(0.75,1.00]",0.68,0.88,0.48,0.472222222222222,0.76,0.8,0.8,0.805555555555556,0.8,36,0,9
DTLZ7,10,17,31017,32,286,"S4_(0.75,1.00]",0.6,0.88,0.52,0.46875,0.88,0.88,0.88,0.90625,0.85,32,0,13
DTLZ7,10,17,31017,33,292,"S4_(0.75,1.00]",0.72,0.88,0.48,0.545454545454545,0.96,0.96,1,0.96969696969697,0.91,33,0,9
DTLZ7,10,17,31017,34,298,"S4_(0.75,1.00]",0.68,0.8,0.6,0.485714285714286,1,0.96,1,1,0.96,35,0,9
DTLZ7,10,18,31018,1,100,"S2_(0.25,0.50]",0.92,0.92,0.76,0.39344262295082,0.08,0.08,0.04,0.0491803278688525,0.05,61,0,2
DTLZ7,10,18,31018,2,106,"S2_(0.25,0.50]",0.92,0.96,0.72,0.387096774193548,0.04,0.04,0.04,0.032258064516129,0.05,62,0,1
DTLZ7,10,18,31018,3,112,"S2_(0.25,0.50]",0.88,0.96,0.64,0.360655737704918,0.08,0.08,0.04,0.0491803278688525,0.06,61,0,3
DTLZ7,10,18,31018,4,118,"S2_(0.25,0.50]",0.88,0.96,0.56,0.328358208955224,0.08,0.08,0.04,0.0597014925373134,0.06,67,0,3
DTLZ7,10,18,31018,5,124,"S2_(0.25,0.50]",0.84,0.96,0.48,0.338709677419355,0.16,0.16,0.12,0.112903225806452,0.08,62,0,4
DTLZ7,10,18,31018,6,130,"S2_(0.25,0.50]",0.8,0.92,0.48,0.317460317460317,0.16,0.12,0.12,0.0952380952380952,0.08,63,0,5
DTLZ7,10,18,31018,7,136,"S2_(0.25,0.50]",0.72,0.92,0.4,0.486486486486487,0.08,0.12,0.04,0.0540540540540541,0.08,37,0,8
DTLZ7,10,18,31018,8,142,"S2_(0.25,0.50]",0.88,0.96,0.52,0.578947368421053,0.04,0.08,0.12,0.105263157894737,0.08,38,0,4
DTLZ7,10,18,31018,9,148,"S2_(0.25,0.50]",0.92,0.96,0.44,0.534883720930233,0.12,0.12,0.2,0.13953488372093,0.09,43,0,2
DTLZ7,10,18,31018,10,154,"S3_(0.50,0.75]",0.88,0.92,0.4,0.523809523809524,0.2,0.2,0.2,0.166666666666667,0.11,42,0,2
DTLZ7,10,18,31018,11,160,"S3_(0.50,0.75]",0.76,0.92,0.52,0.558823529411765,0.16,0.16,0.12,0.117647058823529,0.11,34,0,5
DTLZ7,10,18,31018,12,166,"S3_(0.50,0.75]",0.96,0.92,0.4,0.416666666666667,0.12,0.16,0.2,0.116666666666667,0.11,60,0,2
DTLZ7,10,18,31018,13,172,"S3_(0.50,0.75]",0.92,0.92,0.68,0.638888888888889,0.12,0.12,0.12,0.138888888888889,0.11,36,0,2
DTLZ7,10,18,31018,14,178,"S3_(0.50,0.75]",0.8,0.96,0.52,0.606060606060606,0.08,0.12,0.08,0.121212121212121,0.12,33,0,5
DTLZ7,10,18,31018,15,184,"S3_(0.50,0.75]",0.88,0.92,0.52,0.55,0.08,0.12,0.16,0.15,0.12,40,0,4
DTLZ7,10,18,31018,16,190,"S3_(0.50,0.75]",0.76,0.92,0.4,0.487179487179487,0.24,0.2,0.08,0.205128205128205,0.16,39,0,7
DTLZ7,10,18,31018,17,196,"S3_(0.50,0.75]",0.96,0.92,0.56,0.631578947368421,0.28,0.32,0.16,0.236842105263158,0.2,38,0,3
DTLZ7,10,18,31018,18,202,"S3_(0.50,0.75]",0.8,0.96,0.4,0.526315789473684,0.44,0.48,0.28,0.315789473684211,0.25,38,0,5
DTLZ7,10,18,31018,19,208,"S3_(0.50,0.75]",0.92,0.96,0.04,0.333333333333333,0.52,0.56,0.12,0.333333333333333,0.27,69,0,2
DTLZ7,10,18,31018,20,214,"S3_(0.50,0.75]",0.68,0.96,0.36,0.5,0.48,0.56,0.4,0.441176470588235,0.3,34,0,7
DTLZ7,10,18,31018,21,220,"S3_(0.50,0.75]",0.72,0.96,0.44,0.514285714285714,0.48,0.56,0.32,0.428571428571429,0.31,35,0,6
DTLZ7,10,18,31018,22,226,"S4_(0.75,1.00]",0.68,0.96,0.32,0.435897435897436,0.6,0.64,0.48,0.512820512820513,0.36,39,0,9
DTLZ7,10,18,31018,23,232,"S4_(0.75,1.00]",0.92,0.88,0.52,0.520833333333333,0.64,0.68,0.52,0.5625,0.41,48,0,1
DTLZ7,10,18,31018,24,238,"S4_(0.75,1.00]",0.8,0.92,0.56,0.571428571428571,0.68,0.72,0.68,0.714285714285714,0.49,35,0,6
DTLZ7,10,18,31018,25,244,"S4_(0.75,1.00]",0.8,0.96,0.56,0.540540540540541,0.8,0.8,0.76,0.72972972972973,0.52,37,0,6
DTLZ7,10,18,31018,26,250,"S4_(0.75,1.00]",0.84,0.96,0.52,0.525,0.88,0.88,0.8,0.8,0.57,40,0,4
DTLZ7,10,18,31018,27,256,"S4_(0.75,1.00]",0.68,1,0.4,0.472222222222222,0.8,0.84,0.72,0.777777777777778,0.6,36,0,8
DTLZ7,10,18,31018,28,262,"S4_(0.75,1.00]",0.72,0.92,0.48,0.5,0.88,0.88,0.72,0.789473684210526,0.66,38,0,6
DTLZ7,10,18,31018,29,268,"S4_(0.75,1.00]",0.8,0.92,0.56,0.48780487804878,0.88,0.92,0.84,0.853658536585366,0.7,41,0,4
DTLZ7,10,18,31018,30,274,"S4_(0.75,1.00]",0.64,0.92,0.44,0.414634146341463,0.88,0.96,0.8,0.829268292682927,0.74,41,0,8
DTLZ7,10,18,31018,31,280,"S4_(0.75,1.00]",0.64,0.92,0.4,0.32,0.92,0.96,0.8,0.86,0.81,50,0,9
DTLZ7,10,18,31018,32,286,"S4_(0.75,1.00]",0.72,0.96,0.52,0.4,0.96,0.96,0.96,0.911111111111111,0.85,45,0,6
DTLZ7,10,18,31018,33,292,"S4_(0.75,1.00]",0.56,0.96,0.44,0.388888888888889,0.92,0.92,0.92,0.944444444444444,0.89,36,0,11
DTLZ7,10,18,31018,34,298,"S4_(0.75,1.00]",0.52,0.96,0.36,0.351351351351351,1,1,1,1,0.97,37,0,12
DTLZ7,10,19,31019,1,100,"S2_(0.25,0.50]",0.88,0.88,0.76,0.387096774193548,0,0,0,0,0.02,62,0,0
DTLZ7,10,19,31019,2,106,"S2_(0.25,0.50]",0.84,0.92,0.6,0.379310344827586,0,0,0,0.0172413793103448,0.02,58,0,3
DTLZ7,10,19,31019,3,112,"S2_(0.25,0.50]",0.8,0.96,0.48,0.476190476190476,0,0,0.04,0.0238095238095238,0.02,42,0,5
DTLZ7,10,19,31019,4,118,"S2_(0.25,0.50]",0.92,0.92,0.44,0.461538461538462,0,0,0.04,0.0384615384615385,0.02,52,0,1
DTLZ7,10,19,31019,5,124,"S2_(0.25,0.50]",0.76,0.96,0.32,0.431818181818182,0.04,0.04,0.08,0.0454545454545455,0.03,44,0,6
DTLZ7,10,19,31019,6,130,"S2_(0.25,0.50]",0.76,0.96,0.36,0.41304347826087,0.08,0.04,0.04,0.0652173913043478,0.04,46,0,6
DTLZ7,10,19,31019,7,136,"S2_(0.25,0.50]",0.84,0.96,0.36,0.388888888888889,0.08,0.04,0,0.0555555555555556,0.04,54,0,4
DTLZ7,10,19,31019,8,142,"S2_(0.25,0.50]",0.84,0.96,0.44,0.355932203389831,0.04,0,0,0.0508474576271186,0.04,59,0,3
DTLZ7,10,19,31019,9,148,"S2_(0.25,0.50]",0.68,0.96,0.32,0.425,0.08,0.04,0.04,0.075,0.06,40,0,7
DTLZ7,10,19,31019,10,154,"S3_(0.50,0.75]",0.68,0.96,0.36,0.472222222222222,0.08,0.08,0.04,0.0833333333333333,0.07,36,0,7
DTLZ7,10,19,31019,11,160,"S3_(0.50,0.75]",0.64,0.92,0.36,0.457142857142857,0.08,0.12,0.04,0.0857142857142857,0.08,35,0,8
DTLZ7,10,19,31019,12,166,"S3_(0.50,0.75]",0.64,0.96,0.36,0.470588235294118,0.16,0.16,0.12,0.147058823529412,0.1,34,0,8
DTLZ7,10,19,31019,13,172,"S3_(0.50,0.75]",0.8,0.92,0.4,0.512820512820513,0.12,0.16,0.04,0.128205128205128,0.11,39,0,4
DTLZ7,10,19,31019,14,178,"S3_(0.50,0.75]",0.8,0.92,0.48,0.555555555555556,0.16,0.2,0.12,0.194444444444444,0.13,36,0,4
DTLZ7,10,19,31019,15,184,"S3_(0.50,0.75]",0.8,0.88,0.64,0.67741935483871,0.16,0.2,0.24,0.193548387096774,0.14,31,0,4
DTLZ7,10,19,31019,16,190,"S3_(0.50,0.75]",0.88,0.92,0.64,0.6875,0.24,0.28,0.16,0.21875,0.17,32,0,4
DTLZ7,10,19,31019,17,196,"S3_(0.50,0.75]",0.84,0.96,0.24,0.308823529411765,0.28,0.24,0.04,0.191176470588235,0.18,68,0,4
DTLZ7,10,19,31019,18,202,"S3_(0.50,0.75]",0.84,0.96,0.24,0.368421052631579,0.28,0.36,0.08,0.228070175438596,0.21,57,0,4
DTLZ7,10,19,31019,19,208,"S3_(0.50,0.75]",0.48,0.88,0.32,0.375,0.28,0.32,0.2,0.28125,0.24,32,0,10
DTLZ7,10,19,31019,20,214,"S3_(0.50,0.75]",0.84,0.92,0.16,0.35,0.4,0.44,0.2,0.3,0.29,60,0,4
DTLZ7,10,19,31019,21,220,"S3_(0.50,0.75]",0.72,0.92,0.2,0.339622641509434,0.4,0.44,0.2,0.283018867924528,0.31,53,0,7
DTLZ7,10,19,31019,22,226,"S4_(0.75,1.00]",0.84,0.96,0.2,0.344262295081967,0.48,0.64,0.28,0.327868852459016,0.36,61,0,5
DTLZ7,10,19,31019,23,232,"S4_(0.75,1.00]",0.72,0.96,0.48,0.529411764705882,0.72,0.72,0.44,0.529411764705882,0.42,34,0,6
DTLZ7,10,19,31019,24,238,"S4_(0.75,1.00]",0.8,1,0.48,0.526315789473684,0.84,0.8,0.64,0.684210526315789,0.46,38,0,5
DTLZ7,10,19,31019,25,244,"S4_(0.75,1.00]",0.84,0.96,0.52,0.5,0.84,0.84,0.64,0.642857142857143,0.51,42,0,4
DTLZ7,10,19,31019,26,250,"S4_(0.75,1.00]",0.72,0.92,0.48,0.545454545454545,0.84,0.88,0.64,0.727272727272727,0.56,33,0,7
DTLZ7,10,19,31019,27,256,"S4_(0.75,1.00]",0.92,0.96,0.72,0.638888888888889,0.88,0.92,0.88,0.916666666666667,0.62,36,0,1
DTLZ7,10,19,31019,28,262,"S4_(0.75,1.00]",0.64,0.96,0.44,0.457142857142857,0.84,0.92,0.68,0.714285714285714,0.67,35,0,9
DTLZ7,10,19,31019,29,268,"S4_(0.75,1.00]",0.56,1,0.36,0.411764705882353,0.84,0.84,0.76,0.823529411764706,0.71,34,0,11
DTLZ7,10,19,31019,30,274,"S4_(0.75,1.00]",0.52,1,0.24,0.371428571428571,0.8,0.8,0.76,0.8,0.75,35,0,12
DTLZ7,10,19,31019,31,280,"S4_(0.75,1.00]",0.76,0.96,0.48,0.558823529411765,0.8,0.76,0.8,0.823529411764706,0.78,34,0,6
DTLZ7,10,19,31019,32,286,"S4_(0.75,1.00]",0.76,0.92,0.48,0.513513513513513,0.8,0.8,0.92,0.864864864864865,0.82,37,0,5
DTLZ7,10,19,31019,33,292,"S4_(0.75,1.00]",0.72,0.92,0.44,0.513513513513513,0.92,0.88,0.92,0.945945945945946,0.9,37,0,6
DTLZ7,10,19,31019,34,298,"S4_(0.75,1.00]",0.8,0.92,0.56,0.645161290322581,0.96,0.96,0.96,0.967741935483871,0.97,31,0,6
DTLZ7,10,20,31020,1,100,"S2_(0.25,0.50]",0.76,0.92,0.52,0.363636363636364,0,0,0.04,0.0181818181818182,0.01,55,0,5
DTLZ7,10,20,31020,2,106,"S2_(0.25,0.50]",0.88,0.92,0.48,0.4,0,0,0,0.0181818181818182,0.01,55,0,5
DTLZ7,10,20,31020,3,112,"S2_(0.25,0.50]",0.96,1,0.56,0.452830188679245,0,0,0,0.0188679245283019,0.01,53,0,1
DTLZ7,10,20,31020,4,118,"S2_(0.25,0.50]",0.92,0.92,0.64,0.396825396825397,0.08,0.08,0,0.0476190476190476,0.03,63,0,0
DTLZ7,10,20,31020,5,124,"S2_(0.25,0.50]",0.88,0.92,0.56,0.489795918367347,0.08,0.08,0.04,0.0612244897959184,0.03,49,0,1
DTLZ7,10,20,31020,6,130,"S2_(0.25,0.50]",0.8,1,0.4,0.465116279069767,0.04,0.08,0.04,0.0465116279069767,0.03,43,0,5
DTLZ7,10,20,31020,7,136,"S2_(0.25,0.50]",0.8,1,0.48,0.512820512820513,0.12,0.12,0.04,0.0769230769230769,0.05,39,0,5
DTLZ7,10,20,31020,8,142,"S2_(0.25,0.50]",0.92,0.96,0.56,0.560975609756098,0.12,0.12,0.08,0.0975609756097561,0.06,41,0,2
DTLZ7,10,20,31020,9,148,"S2_(0.25,0.50]",0.76,0.96,0.4,0.513513513513513,0.04,0.12,0,0.027027027027027,0.06,37,0,6
DTLZ7,10,20,31020,10,154,"S3_(0.50,0.75]",0.88,1,0.56,0.523809523809524,0.24,0.24,0.12,0.19047619047619,0.11,42,0,3
DTLZ7,10,20,31020,11,160,"S3_(0.50,0.75]",0.8,0.96,0.48,0.526315789473684,0.24,0.24,0.12,0.210526315789474,0.13,38,0,5
DTLZ7,10,20,31020,12,166,"S3_(0.50,0.75]",0.64,0.96,0.4,0.470588235294118,0.24,0.24,0.08,0.176470588235294,0.15,34,0,9
DTLZ7,10,20,31020,13,172,"S3_(0.50,0.75]",0.76,0.96,0.56,0.59375,0.36,0.32,0.2,0.28125,0.18,32,0,6
DTLZ7,10,20,31020,14,178,"S3_(0.50,0.75]",0.56,0.92,0.4,0.451612903225806,0.36,0.4,0.2,0.290322580645161,0.21,31,0,11
DTLZ7,10,20,31020,15,184,"S3_(0.50,0.75]",0.64,1,0.28,0.432432432432432,0.36,0.4,0.04,0.243243243243243,0.23,37,0,9
DTLZ7,10,20,31020,16,190,"S3_(0.50,0.75]",0.72,0.92,0.36,0.473684210526316,0.4,0.48,0.2,0.368421052631579,0.26,38,0,9
DTLZ7,10,20,31020,17,196,"S3_(0.50,0.75]",0.68,0.88,0.44,0.515151515151515,0.44,0.44,0.28,0.333333333333333,0.28,33,0,8
DTLZ7,10,20,31020,18,202,"S3_(0.50,0.75]",0.52,0.92,0.36,0.433333333333333,0.52,0.52,0.44,0.433333333333333,0.31,30,0,13
DTLZ7,10,20,31020,19,208,"S3_(0.50,0.75]",0.64,0.92,0.44,0.484848484848485,0.52,0.52,0.32,0.484848484848485,0.34,33,0,11
DTLZ7,10,20,31020,20,214,"S3_(0.50,0.75]",0.84,0.88,0.52,0.538461538461538,0.48,0.48,0.32,0.461538461538462,0.35,39,0,6
DTLZ7,10,20,31020,21,220,"S3_(0.50,0.75]",0.68,0.96,0.36,0.459459459459459,0.56,0.52,0.48,0.513513513513513,0.39,37,0,8
DTLZ7,10,20,31020,22,226,"S4_(0.75,1.00]",0.8,0.96,0.52,0.555555555555556,0.52,0.52,0.36,0.444444444444444,0.4,36,0,5
DTLZ7,10,20,31020,23,232,"S4_(0.75,1.00]",0.76,0.92,0.56,0.575757575757576,0.56,0.52,0.48,0.484848484848485,0.42,33,0,5
DTLZ7,10,20,31020,24,238,"S4_(0.75,1.00]",0.6,0.92,0.44,0.483870967741935,0.6,0.56,0.52,0.580645161290323,0.48,31,0,8
DTLZ7,10,20,31020,25,244,"S4_(0.75,1.00]",0.64,0.92,0.44,0.432432432432432,0.6,0.6,0.44,0.594594594594595,0.54,37,0,8
DTLZ7,10,20,31020,26,250,"S4_(0.75,1.00]",0.64,0.84,0.6,0.5,0.68,0.68,0.56,0.65625,0.6,32,0,8
DTLZ7,10,20,31020,27,256,"S4_(0.75,1.00]",0.8,0.92,0.52,0.4,0.76,0.72,0.6,0.68,0.64,50,0,5
DTLZ7,10,20,31020,28,262,"S4_(0.75,1.00]",0.72,0.96,0.4,0.418604651162791,0.8,0.76,0.68,0.790697674418605,0.67,43,0,7
DTLZ7,10,20,31020,29,268,"S4_(0.75,1.00]",0.8,0.84,0.6,0.555555555555556,0.76,0.76,0.76,0.805555555555556,0.7,36,0,4
DTLZ7,10,20,31020,30,274,"S4_(0.75,1.00]",0.88,0.92,0.8,0.638888888888889,0.84,0.84,0.84,0.861111111111111,0.73,36,0,1
DTLZ7,10,20,31020,31,280,"S4_(0.75,1.00]",0.84,0.88,0.68,0.65625,0.92,0.92,0.96,0.9375,0.76,32,0,5
DTLZ7,10,20,31020,32,286,"S4_(0.75,1.00]",0.84,0.84,0.72,0.594594594594595,0.96,0.96,0.92,0.945945945945946,0.86,37,0,4
DTLZ7,10,20,31020,33,292,"S4_(0.75,1.00]",0.84,0.88,0.68,0.578947368421053,0.96,0.96,0.92,0.947368421052632,0.88,38,0,4
DTLZ7,10,20,31020,34,298,"S4_(0.75,1.00]",0.64,0.8,0.44,0.457142857142857,1,0.96,1,1,0.96,35,0,11
DTLZ7,20,1,32001,1,100,"S2_(0.25,0.50]",0.92,0.96,0.56,0.343283582089552,0,0,0,0.0298507462686567,0.02,67,0,3
DTLZ7,20,1,32001,2,106,"S2_(0.25,0.50]",0.88,0.96,0.4,0.360655737704918,0,0,0,0.0327868852459016,0.02,61,0,4
DTLZ7,20,1,32001,3,112,"S2_(0.25,0.50]",0.88,0.92,0.36,0.349206349206349,0,0,0,0.0476190476190476,0.03,63,0,2
DTLZ7,20,1,32001,4,118,"S2_(0.25,0.50]",0.76,1,0.24,0.311475409836066,0.04,0.04,0,0.0491803278688525,0.04,61,0,6
DTLZ7,20,1,32001,5,124,"S2_(0.25,0.50]",0.84,0.92,0.2,0.381818181818182,0.04,0.04,0.04,0.0727272727272727,0.04,55,0,6
DTLZ7,20,1,32001,6,130,"S2_(0.25,0.50]",0.88,1,0.28,0.360655737704918,0.12,0.12,0,0.0983606557377049,0.06,61,0,3
DTLZ7,20,1,32001,7,136,"S2_(0.25,0.50]",0.84,0.96,0.4,0.5,0.2,0.2,0.12,0.142857142857143,0.08,42,0,5
DTLZ7,20,1,32001,8,142,"S2_(0.25,0.50]",0.84,0.96,0.4,0.488372093023256,0.16,0.16,0,0.116279069767442,0.08,43,0,4
DTLZ7,20,1,32001,9,148,"S2_(0.25,0.50]",0.84,0.96,0.56,0.538461538461538,0.16,0.12,0.2,0.153846153846154,0.09,39,0,5
DTLZ7,20,1,32001,10,154,"S3_(0.50,0.75]",0.88,1,0.56,0.578947368421053,0.28,0.2,0.2,0.263157894736842,0.13,38,0,3
DTLZ7,20,1,32001,11,160,"S3_(0.50,0.75]",0.8,0.96,0.56,0.526315789473684,0.32,0.24,0.2,0.289473684210526,0.15,38,0,6
DTLZ7,20,1,32001,12,166,"S3_(0.50,0.75]",0.8,1,0.4,0.5,0.28,0.28,0.16,0.275,0.16,40,0,5
DTLZ7,20,1,32001,13,172,"S3_(0.50,0.75]",0.88,0.96,0.4,0.511627906976744,0.32,0.24,0.24,0.302325581395349,0.18,43,0,3
DTLZ7,20,1,32001,14,178,"S3_(0.50,0.75]",0.88,0.96,0.32,0.488888888888889,0.32,0.32,0.16,0.333333333333333,0.2,45,0,2
DTLZ7,20,1,32001,15,184,"S3_(0.50,0.75]",0.96,1,0.44,0.48,0.36,0.36,0.16,0.36,0.22,50,0,1
DTLZ7,20,1,32001,16,190,"S3_(0.50,0.75]",0.96,1,0.36,0.428571428571429,0.44,0.44,0.12,0.357142857142857,0.25,56,0,1
DTLZ7,20,1,32001,17,196,"S3_(0.50,0.75]",0.92,0.96,0.48,0.48936170212766,0.36,0.4,0.12,0.340425531914894,0.27,47,0,1
DTLZ7,20,1,32001,18,202,"S3_(0.50,0.75]",0.96,1,0.52,0.48,0.32,0.32,0.08,0.32,0.29,50,0,1
DTLZ7,20,1,32001,19,208,"S3_(0.50,0.75]",0.84,0.96,0.36,0.403846153846154,0.48,0.44,0.2,0.403846153846154,0.34,52,0,4
DTLZ7,20,1,32001,20,214,"S3_(0.50,0.75]",0.84,0.96,0.4,0.388888888888889,0.52,0.48,0.16,0.425925925925926,0.36,54,0,4
DTLZ7,20,1,32001,21,220,"S3_(0.50,0.75]",0.8,0.96,0.36,0.444444444444444,0.6,0.56,0.32,0.511111111111111,0.38,45,0,5
DTLZ7,20,1,32001,22,226,"S4_(0.75,1.00]",0.88,1,0.4,0.415094339622642,0.68,0.6,0.36,0.547169811320755,0.41,53,0,3
DTLZ7,20,1,32001,23,232,"S4_(0.75,1.00]",0.92,0.96,0.4,0.425925925925926,0.68,0.6,0.36,0.574074074074074,0.45,54,0,3
DTLZ7,20,1,32001,24,238,"S4_(0.75,1.00]",0.92,1,0.4,0.433962264150943,0.6,0.56,0.4,0.566037735849057,0.46,53,0,2
DTLZ7,20,1,32001,25,244,"S4_(0.75,1.00]",0.92,0.96,0.4,0.425925925925926,0.68,0.68,0.36,0.611111111111111,0.51,54,0,3
DTLZ7,20,1,32001,26,250,"S4_(0.75,1.00]",0.92,0.92,0.44,0.461538461538462,0.64,0.64,0.48,0.615384615384615,0.54,52,0,0
DTLZ7,20,1,32001,27,256,"S4_(0.75,1.00]",0.92,0.92,0.44,0.409836065573771,0.68,0.68,0.44,0.590163934426229,0.55,61,0,0
DTLZ7,20,1,32001,28,262,"S4_(0.75,1.00]",0.92,0.92,0.48,0.416666666666667,0.68,0.68,0.48,0.633333333333333,0.58,60,0,0
DTLZ7,20,1,32001,29,268,"S4_(0.75,1.00]",0.92,0.92,0.52,0.436363636363636,0.72,0.72,0.64,0.727272727272727,0.64,55,0,1
DTLZ7,20,1,32001,30,274,"S4_(0.75,1.00]",0.84,0.84,0.52,0.425925925925926,0.88,0.84,0.76,0.814814814814815,0.7,54,0,4
DTLZ7,20,1,32001,31,280,"S4_(0.75,1.00]",0.84,0.84,0.44,0.461538461538462,0.96,0.92,0.76,0.846153846153846,0.8,52,0,1
DTLZ7,20,1,32001,32,286,"S4_(0.75,1.00]",0.84,0.88,0.44,0.425925925925926,0.96,0.96,0.84,0.888888888888889,0.85,54,0,2
DTLZ7,20,1,32001,33,292,"S4_(0.75,1.00]",0.8,0.84,0.4,0.431372549019608,1,0.96,0.92,0.96078431372549,0.89,51,0,4
DTLZ7,20,1,32001,34,298,"S4_(0.75,1.00]",0.76,0.72,0.4,0.450980392156863,1,1,0.96,0.980392156862745,0.94,51,0,2
DTLZ7,20,2,32002,1,100,"S2_(0.25,0.50]",0.96,0.96,0.64,0.378787878787879,0,0,0,0,0,66,0,0
DTLZ7,20,2,32002,2,106,"S2_(0.25,0.50]",0.92,0.92,0.52,0.347826086956522,0,0,0,0,0,69,0,1
DTLZ7,20,2,32002,3,112,"S2_(0.25,0.50]",0.88,0.92,0.4,0.323529411764706,0,0,0,0,0,68,0,3
DTLZ7,20,2,32002,4,118,"S2_(0.25,0.50]",0.8,0.96,0.24,0.3125,0,0,0,0,0,64,0,5
DTLZ7,20,2,32002,5,124,"S2_(0.25,0.50]",0.12,0.96,0.08,0.09375,0,0,0,0,0,32,0,22
DTLZ7,20,2,32002,6,130,"S2_(0.25,0.50]",0.88,0.96,0.24,0.314285714285714,0,0,0,0,0,70,0,3
DTLZ7,20,2,32002,7,136,"S2_(0.25,0.50]",0.84,0.96,0.16,0.375,0.08,0.04,0,0.0357142857142857,0.02,56,0,4
DTLZ7,20,2,32002,8,142,"S2_(0.25,0.50]",0.92,0.92,0.16,0.358208955223881,0.12,0.12,0,0.0597014925373134,0.04,67,0,1
DTLZ7,20,2,32002,9,148,"S2_(0.25,0.50]",0.88,0.96,0.2,0.379310344827586,0.12,0.08,0,0.0689655172413793,0.04,58,0,4
DTLZ7,20,2,32002,10,154,"S3_(0.50,0.75]",0.88,0.92,0.32,0.468085106382979,0.08,0.08,0,0.0638297872340425,0.05,47,0,4
DTLZ7,20,2,32002,11,160,"S3_(0.50,0.75]",0.84,1,0.6,0.525,0.08,0.04,0.04,0.075,0.05,40,0,4
DTLZ7,20,2,32002,12,166,"S3_(0.50,0.75]",0.92,0.96,0.48,0.558139534883721,0.16,0.16,0.12,0.13953488372093,0.08,43,0,1
DTLZ7,20,2,32002,13,172,"S3_(0.50,0.75]",0.92,1,0.28,0.433962264150943,0.28,0.28,0.12,0.207547169811321,0.11,53,0,2
DTLZ7,20,2,32002,14,178,"S3_(0.50,0.75]",0.84,1,0.4,0.446808510638298,0.36,0.28,0.2,0.276595744680851,0.13,47,0,4
DTLZ7,20,2,32002,15,184,"S3_(0.50,0.75]",0.88,0.96,0.36,0.458333333333333,0.44,0.44,0.16,0.333333333333333,0.18,48,0,3
DTLZ7,20,2,32002,16,190,"S3_(0.50,0.75]",0.88,0.96,0.36,0.442307692307692,0.56,0.56,0.16,0.365384615384615,0.22,52,0,2
DTLZ7,20,2,32002,17,196,"S3_(0.50,0.75]",0.88,0.92,0.4,0.51063829787234,0.68,0.68,0.4,0.51063829787234,0.28,47,0,1
DTLZ7,20,2,32002,18,202,"S3_(0.50,0.75]",0.88,0.96,0.24,0.423076923076923,0.64,0.64,0.28,0.5,0.32,52,0,3
DTLZ7,20,2,32002,19,208,"S3_(0.50,0.75]",0.92,0.96,0.44,0.442307692307692,0.6,0.64,0.4,0.519230769230769,0.34,52,0,2
DTLZ7,20,2,32002,20,214,"S3_(0.50,0.75]",0.92,0.92,0.48,0.421052631578947,0.68,0.68,0.32,0.526315789473684,0.39,57,0,1
DTLZ7,20,2,32002,21,220,"S3_(0.50,0.75]",0.84,0.88,0.48,0.377049180327869,0.52,0.48,0.16,0.475409836065574,0.4,61,0,2
DTLZ7,20,2,32002,22,226,"S4_(0.75,1.00]",0.92,0.92,0.56,0.416666666666667,0.4,0.4,0.2,0.466666666666667,0.42,60,0,0
DTLZ7,20,2,32002,23,232,"S4_(0.75,1.00]",0.92,0.96,0.6,0.436363636363636,0.44,0.4,0.44,0.6,0.44,55,0,1
DTLZ7,20,2,32002,24,238,"S4_(0.75,1.00]",0.92,0.96,0.6,0.406779661016949,0.44,0.4,0.4,0.576271186440678,0.48,59,0,1
DTLZ7,20,2,32002,25,244,"S4_(0.75,1.00]",0.84,0.96,0.32,0.362068965517241,0.56,0.56,0.36,0.637931034482759,0.54,58,0,4
DTLZ7,20,2,32002,26,250,"S4_(0.75,1.00]",0.76,0.96,0.36,0.327586206896552,0.68,0.68,0.48,0.706896551724138,0.59,58,0,5
DTLZ7,20,2,32002,27,256,"S4_(0.75,1.00]",0.88,0.96,0.44,0.407407407407407,0.76,0.8,0.64,0.777777777777778,0.61,54,0,2
DTLZ7,20,2,32002,28,262,"S4_(0.75,1.00]",0.92,1,0.44,0.353846153846154,0.84,0.84,0.52,0.738461538461539,0.65,65,0,2
DTLZ7,20,2,32002,29,268,"S4_(0.75,1.00]",0.88,0.88,0.56,0.396825396825397,0.84,0.84,0.76,0.825396825396825,0.69,63,0,0
DTLZ7,20,2,32002,30,274,"S4_(0.75,1.00]",0.96,0.96,0.68,0.378787878787879,0.88,0.88,0.8,0.878787878787879,0.76,66,0,0
DTLZ7,20,2,32002,31,280,"S4_(0.75,1.00]",0.92,0.92,0.48,0.389830508474576,0.96,0.92,0.84,0.88135593220339,0.8,59,0,2
DTLZ7,20,2,32002,32,286,"S4_(0.75,1.00]",0.92,0.96,0.48,0.380952380952381,0.96,0.96,0.88,0.904761904761905,0.85,63,0,1
DTLZ7,20,2,32002,33,292,"S4_(0.75,1.00]",0.92,0.96,0.52,0.358208955223881,0.96,0.96,0.96,0.955223880597015,0.9,67,0,1
DTLZ7,20,2,32002,34,298,"S4_(0.75,1.00]",0.88,0.92,0.4,0.39344262295082,1,1,1,1,0.98,61,0,1
DTLZ7,20,3,32003,1,100,"S2_(0.25,0.50]",0.96,1,0.56,0.39344262295082,0,0,0,0.0327868852459016,0.02,61,0,1
DTLZ7,20,3,32003,2,106,"S2_(0.25,0.50]",0.88,0.96,0.36,0.360655737704918,0.04,0.04,0,0.0163934426229508,0.03,61,0,4
DTLZ7,20,3,32003,3,112,"S2_(0.25,0.50]",0.96,1,0.36,0.461538461538462,0.08,0.08,0,0.0576923076923077,0.04,52,0,1
DTLZ7,20,3,32003,4,118,"S2_(0.25,0.50]",0.92,0.92,0.24,0.436363636363636,0.12,0.12,0,0.0545454545454545,0.05,55,0,0
DTLZ7,20,3,32003,5,124,"S2_(0.25,0.50]",0.96,1,0.36,0.5,0.04,0.04,0,0.0625,0.05,48,0,1
DTLZ7,20,3,32003,6,130,"S2_(0.25,0.50]",0.92,0.96,0.4,0.461538461538462,0.08,0.08,0.04,0.0769230769230769,0.06,52,0,1
DTLZ7,20,3,32003,7,136,"S2_(0.25,0.50]",0.76,0.96,0.24,0.38,0.08,0.08,0.08,0.08,0.06,50,0,6
DTLZ7,20,3,32003,8,142,"S2_(0.25,0.50]",0.84,0.96,0.44,0.428571428571429,0.08,0.08,0.04,0.122448979591837,0.07,49,0,4
DTLZ7,20,3,32003,9,148,"S2_(0.25,0.50]",0.88,1,0.4,0.488888888888889,0.2,0.2,0.16,0.2,0.1,45,0,3
DTLZ7,20,3,32003,10,154,"S3_(0.50,0.75]",0.8,1,0.36,0.408163265306122,0.24,0.24,0.16,0.183673469387755,0.11,49,0,5
DTLZ7,20,3,32003,11,160,"S3_(0.50,0.75]",0.76,1,0.28,0.387755102040816,0.36,0.28,0.12,0.204081632653061,0.15,49,0,6
DTLZ7,20,3,32003,12,166,"S3_(0.50,0.75]",0.84,0.96,0.4,0.466666666666667,0.32,0.24,0.08,0.222222222222222,0.16,45,0,4
DTLZ7,20,3,32003,13,172,"S3_(0.50,0.75]",0.92,1,0.4,0.425925925925926,0.24,0.24,0.08,0.222222222222222,0.18,54,0,2
DTLZ7,20,3,32003,14,178,"S3_(0.50,0.75]",0.88,1,0.52,0.458333333333333,0.24,0.24,0.12,0.229166666666667,0.19,48,0,3
DTLZ7,20,3,32003,15,184,"S3_(0.50,0.75]",0.84,0.92,0.4,0.411764705882353,0.28,0.28,0.08,0.235294117647059,0.21,51,0,3
DTLZ7,20,3,32003,16,190,"S3_(0.50,0.75]",0.76,1,0.4,0.404255319148936,0.4,0.4,0.2,0.361702127659574,0.26,47,0,6
DTLZ7,20,3,32003,17,196,"S3_(0.50,0.75]",0.8,0.96,0.44,0.384615384615385,0.44,0.44,0.16,0.384615384615385,0.28,52,0,4
DTLZ7,20,3,32003,18,202,"S3_(0.50,0.75]",0.8,0.96,0.36,0.408163265306122,0.48,0.48,0.24,0.408163265306122,0.3,49,0,5
DTLZ7,20,3,32003,19,208,"S3_(0.50,0.75]",0.84,0.96,0.48,0.403846153846154,0.44,0.52,0.2,0.403846153846154,0.32,52,0,4
DTLZ7,20,3,32003,20,214,"S3_(0.50,0.75]",0.92,0.92,0.4,0.416666666666667,0.44,0.44,0.12,0.433333333333333,0.35,60,0,0
DTLZ7,20,3,32003,21,220,"S3_(0.50,0.75]",0.92,0.96,0.52,0.410714285714286,0.48,0.48,0.16,0.482142857142857,0.38,56,0,2
DTLZ7,20,3,32003,22,226,"S4_(0.75,1.00]",0.84,0.88,0.6,0.448979591836735,0.48,0.44,0.44,0.551020408163265,0.4,49,0,3
DTLZ7,20,3,32003,23,232,"S4_(0.75,1.00]",0.76,0.88,0.36,0.44,0.56,0.56,0.4,0.58,0.46,50,0,3
DTLZ7,20,3,32003,24,238,"S4_(0.75,1.00]",0.8,0.92,0.36,0.411764705882353,0.6,0.56,0.4,0.588235294117647,0.47,51,0,4
DTLZ7,20,3,32003,25,244,"S4_(0.75,1.00]",0.88,0.92,0.4,0.418181818181818,0.64,0.56,0.32,0.6,0.5,55,0,2
DTLZ7,20,3,32003,26,250,"S4_(0.75,1.00]",0.84,0.96,0.24,0.375,0.64,0.68,0.4,0.589285714285714,0.53,56,0,5
DTLZ7,20,3,32003,27,256,"S4_(0.75,1.00]",0.88,1,0.4,0.423076923076923,0.72,0.76,0.6,0.711538461538462,0.58,52,0,3
DTLZ7,20,3,32003,28,262,"S4_(0.75,1.00]",0.88,0.96,0.36,0.4,0.76,0.72,0.56,0.709090909090909,0.6,55,0,3
DTLZ7,20,3,32003,29,268,"S4_(0.75,1.00]",0.8,0.92,0.4,0.381818181818182,0.76,0.76,0.6,0.727272727272727,0.66,55,0,3
DTLZ7,20,3,32003,30,274,"S4_(0.75,1.00]",0.8,0.92,0.48,0.37037037037037,0.76,0.76,0.64,0.777777777777778,0.7,54,0,5
DTLZ7,20,3,32003,31,280,"S4_(0.75,1.00]",0.88,0.96,0.44,0.44,0.76,0.76,0.84,0.88,0.74,50,0,2
DTLZ7,20,3,32003,32,286,"S4_(0.75,1.00]",0.88,0.92,0.4,0.379310344827586,0.92,0.92,0.84,0.931034482758621,0.88,58,0,2
DTLZ7,20,3,32003,33,292,"S4_(0.75,1.00]",0.84,0.96,0.4,0.34375,0.92,0.96,0.84,0.921875,0.92,64,0,3
DTLZ7,20,3,32003,34,298,"S4_(0.75,1.00]",0.88,0.96,0.4,0.379310344827586,1,1,1,1,0.99,58,0,3
DTLZ7,20,4,32004,1,100,"S2_(0.25,0.50]",0.48,0.84,0.44,0.375,0,0.04,0,0,0.03,32,0,13
DTLZ7,20,4,32004,2,106,"S2_(0.25,0.50]",0.4,0.92,0.4,0.303030303030303,0,0.08,0,0,0.04,33,0,15
DTLZ7,20,4,32004,3,112,"S2_(0.25,0.50]",0.56,0.92,0.48,0.451612903225806,0.04,0.04,0.04,0.032258064516129,0.04,31,0,11
DTLZ7,20,4,32004,4,118,"S2_(0.25,0.50]",0.92,0.96,0.52,0.342857142857143,0.04,0.04,0,0.0428571428571429,0.04,70,0,1
DTLZ7,20,4,32004,5,124,"S2_(0.25,0.50]",0.96,1,0.44,0.363636363636364,0.04,0.04,0,0.0454545454545455,0.04,66,0,1
DTLZ7,20,4,32004,6,130,"S2_(0.25,0.50]",0.84,0.96,0.36,0.308823529411765,0.04,0.04,0,0.0441176470588235,0.04,68,0,4
DTLZ7,20,4,32004,7,136,"S2_(0.25,0.50]",0.44,0.92,0.4,0.289473684210526,0,0.04,0,0,0.04,38,0,12
DTLZ7,20,4,32004,8,142,"S2_(0.25,0.50]",0.92,0.92,0.32,0.384615384615385,0.08,0.08,0,0.0615384615384615,0.05,65,0,0
DTLZ7,20,4,32004,9,148,"S2_(0.25,0.50]",1,1,0.44,0.378787878787879,0.08,0.08,0,0.0454545454545455,0.04,66,0,0
DTLZ7,20,4,32004,10,154,"S3_(0.50,0.75]",0.28,0.92,0.28,0.194444444444444,0.04,0.16,0.04,0.0277777777777778,0.07,36,0,16
DTLZ7,20,4,32004,11,160,"S3_(0.50,0.75]",0.32,0.92,0.32,0.242424242424242,0.04,0.16,0.04,0.0303030303030303,0.07,33,0,15
DTLZ7,20,4,32004,12,166,"S3_(0.50,0.75]",0.92,0.92,0.32,0.365079365079365,0.16,0.16,0,0.0952380952380952,0.08,63,0,1
DTLZ7,20,4,32004,13,172,"S3_(0.50,0.75]",0.96,1,0.36,0.380952380952381,0.24,0.24,0,0.111111111111111,0.1,63,0,1
DTLZ7,20,4,32004,14,178,"S3_(0.50,0.75]",0.92,0.96,0.32,0.389830508474576,0.24,0.16,0,0.11864406779661,0.1,59,0,2
DTLZ7,20,4,32004,15,184,"S3_(0.50,0.75]",0.92,1,0.28,0.389830508474576,0.24,0.24,0.04,0.169491525423729,0.11,59,0,2
DTLZ7,20,4,32004,16,190,"S3_(0.50,0.75]",0.76,0.96,0.24,0.322033898305085,0.28,0.24,0.04,0.203389830508475,0.12,59,0,5
DTLZ7,20,4,32004,17,196,"S3_(0.50,0.75]",0.72,1,0.32,0.295081967213115,0.32,0.24,0.08,0.229508196721311,0.14,61,0,7
DTLZ7,20,4,32004,18,202,"S3_(0.50,0.75]",0.92,1,0.48,0.348484848484849,0.44,0.44,0.12,0.257575757575758,0.19,66,0,2
DTLZ7,20,4,32004,19,208,"S3_(0.50,0.75]",0.88,1,0.36,0.407407407407407,0.52,0.44,0.16,0.314814814814815,0.23,54,0,3
DTLZ7,20,4,32004,20,214,"S3_(0.50,0.75]",0.96,1,0.44,0.380952380952381,0.56,0.52,0.2,0.333333333333333,0.27,63,0,1
DTLZ7,20,4,32004,21,220,"S3_(0.50,0.75]",0.88,0.92,0.44,0.433962264150943,0.64,0.6,0.28,0.471698113207547,0.34,53,0,3
DTLZ7,20,4,32004,22,226,"S4_(0.75,1.00]",0.88,0.88,0.36,0.410714285714286,0.72,0.72,0.36,0.517857142857143,0.38,56,0,0
DTLZ7,20,4,32004,23,232,"S4_(0.75,1.00]",0.84,0.84,0.36,0.403508771929825,0.72,0.72,0.48,0.543859649122807,0.39,57,0,0
DTLZ7,20,4,32004,24,238,"S4_(0.75,1.00]",0.92,0.96,0.36,0.4,0.72,0.72,0.44,0.533333333333333,0.42,60,0,1
DTLZ7,20,4,32004,25,244,"S4_(0.75,1.00]",0.8,1,0.24,0.4,0.84,0.8,0.6,0.72,0.51,50,0,5
DTLZ7,20,4,32004,26,250,"S4_(0.75,1.00]",0.64,0.92,0.2,0.32,0.8,0.8,0.48,0.68,0.54,50,0,7
DTLZ7,20,4,32004,27,256,"S4_(0.75,1.00]",0.88,0.92,0.36,0.415094339622642,0.8,0.84,0.56,0.735849056603774,0.56,53,0,4
DTLZ7,20,4,32004,28,262,"S4_(0.75,1.00]",0.88,0.92,0.36,0.4,0.88,0.92,0.64,0.763636363636364,0.62,55,0,3
DTLZ7,20,4,32004,29,268,"S4_(0.75,1.00]",0.8,0.84,0.36,0.392156862745098,0.96,0.96,0.76,0.862745098039216,0.65,51,0,3
DTLZ7,20,4,32004,30,274,"S4_(0.75,1.00]",0.84,0.88,0.44,0.388888888888889,0.92,0.88,0.76,0.814814814814815,0.76,54,0,4
DTLZ7,20,4,32004,31,280,"S4_(0.75,1.00]",0.84,0.84,0.44,0.425925925925926,0.88,0.92,0.72,0.833333333333333,0.82,54,0,1
DTLZ7,20,4,32004,32,286,"S4_(0.75,1.00]",0.72,0.8,0.56,0.5,0.88,0.88,0.84,0.886363636363636,0.86,44,0,3
DTLZ7,20,4,32004,33,292,"S4_(0.75,1.00]",0.64,0.8,0.48,0.37037037037037,0.88,0.88,0.84,0.888888888888889,0.92,54,0,4
DTLZ7,20,4,32004,34,298,"S4_(0.75,1.00]",0.72,0.88,0.48,0.384615384615385,0.96,0.96,0.96,0.980769230769231,0.98,52,0,5
DTLZ7,20,5,32005,1,100,"S2_(0.25,0.50]",0.56,1,0.48,0.411764705882353,0.04,0.08,0.08,0.0588235294117647,0.09,34,0,11
DTLZ7,20,5,32005,2,106,"S2_(0.25,0.50]",0.48,0.92,0.44,0.363636363636364,0.08,0.08,0.08,0.0606060606060606,0.09,33,0,11
DTLZ7,20,5,32005,3,112,"S2_(0.25,0.50]",0.88,0.92,0.28,0.328571428571429,0.16,0.12,0.08,0.142857142857143,0.11,70,0,2
DTLZ7,20,5,32005,4,118,"S2_(0.25,0.50]",0.8,0.96,0.28,0.285714285714286,0.16,0.08,0.08,0.142857142857143,0.11,70,0,5
DTLZ7,20,5,32005,5,124,"S2_(0.25,0.50]",0.88,1,0.2,0.338461538461538,0.16,0.16,0.08,0.169230769230769,0.13,65,0,3
DTLZ7,20,5,32005,6,130,"S2_(0.25,0.50]",0.92,0.96,0.2,0.370967741935484,0.2,0.16,0.12,0.209677419354839,0.14,62,0,3
DTLZ7,20,5,32005,7,136,"S2_(0.25,0.50]",0.84,0.96,0.12,0.35,0.2,0.2,0.12,0.216666666666667,0.15,60,0,3
DTLZ7,20,5,32005,8,142,"S2_(0.25,0.50]",0.96,1,0.28,0.444444444444444,0.12,0.12,0.12,0.203703703703704,0.14,54,0,1
DTLZ7,20,5,32005,9,148,"S2_(0.25,0.50]",0.92,0.96,0.32,0.421052631578947,0.12,0.08,0.08,0.192982456140351,0.14,57,0,1
DTLZ7,20,5,32005,10,154,"S3_(0.50,0.75]",1,1,0.4,0.403225806451613,0.12,0.12,0.04,0.17741935483871,0.16,62,0,0
DTLZ7,20,5,32005,11,160,"S3_(0.50,0.75]",0.92,0.96,0.44,0.365079365079365,0.08,0.08,0.08,0.174603174603175,0.17,63,0,3
DTLZ7,20,5,32005,12,166,"S3_(0.50,0.75]",0.92,0.96,0.48,0.383333333333333,0.08,0,0.08,0.183333333333333,0.17,60,0,2
DTLZ7,20,5,32005,13,172,"S3_(0.50,0.75]",0.92,1,0.48,0.410714285714286,0.08,0.04,0.08,0.160714285714286,0.18,56,0,2
DTLZ7,20,5,32005,14,178,"S3_(0.50,0.75]",0.96,0.92,0.36,0.428571428571429,0.16,0.16,0.08,0.214285714285714,0.2,56,0,3
DTLZ7,20,5,32005,15,184,"S3_(0.50,0.75]",0.92,1,0.32,0.348484848484849,0.2,0.2,0,0.242424242424242,0.21,66,0,2
DTLZ7,20,5,32005,16,190,"S3_(0.50,0.75]",0.92,0.96,0.36,0.338235294117647,0.2,0.2,0.04,0.25,0.22,68,0,2
DTLZ7,20,5,32005,17,196,"S3_(0.50,0.75]",0.8,0.96,0.32,0.307692307692308,0.2,0.24,0.08,0.276923076923077,0.25,65,0,5
DTLZ7,20,5,32005,18,202,"S3_(0.50,0.75]",0.76,0.92,0.16,0.322033898305085,0.36,0.32,0.12,0.305084745762712,0.29,59,0,8
DTLZ7,20,5,32005,19,208,"S3_(0.50,0.75]",0.76,0.96,0.2,0.306451612903226,0.48,0.48,0.08,0.338709677419355,0.32,62,0,6
DTLZ7,20,5,32005,20,214,"S3_(0.50,0.75]",0.72,0.92,0.08,0.305084745762712,0.48,0.56,0.16,0.372881355932203,0.36,59,0,7
DTLZ7,20,5,32005,21,220,"S3_(0.50,0.75]",0.72,0.84,0.12,0.305084745762712,0.44,0.48,0.12,0.355932203389831,0.36,59,0,7
DTLZ7,20,5,32005,22,226,"S4_(0.75,1.00]",0.76,0.88,0.16,0.311475409836066,0.48,0.52,0.12,0.409836065573771,0.4,61,0,4
DTLZ7,20,5,32005,23,232,"S4_(0.75,1.00]",0.84,0.92,0.4,0.372881355932203,0.48,0.52,0.2,0.474576271186441,0.43,59,0,3
DTLZ7,20,5,32005,24,238,"S4_(0.75,1.00]",0.8,0.92,0.36,0.35,0.52,0.56,0.28,0.516666666666667,0.47,60,0,3
DTLZ7,20,5,32005,25,244,"S4_(0.75,1.00]",0.84,0.88,0.56,0.410714285714286,0.44,0.44,0.32,0.553571428571429,0.47,56,0,1
DTLZ7,20,5,32005,26,250,"S4_(0.75,1.00]",0.84,0.92,0.56,0.415094339622642,0.44,0.48,0.44,0.60377358490566,0.5,53,0,2
DTLZ7,20,5,32005,27,256,"S4_(0.75,1.00]",0.84,0.92,0.44,0.318181818181818,0.6,0.56,0.4,0.636363636363636,0.53,66,0,3
DTLZ7,20,5,32005,28,262,"S4_(0.75,1.00]",0.84,0.96,0.4,0.308823529411765,0.68,0.64,0.36,0.647058823529412,0.6,68,0,4
DTLZ7,20,5,32005,29,268,"S4_(0.75,1.00]",0.4,0.88,0.28,0.277777777777778,0.4,0.68,0.4,0.444444444444444,0.63,36,0,14
DTLZ7,20,5,32005,30,274,"S4_(0.75,1.00]",0.88,0.92,0.48,0.428571428571429,0.72,0.72,0.44,0.696428571428571,0.67,56,0,1
DTLZ7,20,5,32005,31,280,"S4_(0.75,1.00]",0.92,0.92,0.52,0.444444444444444,0.84,0.84,0.8,0.87037037037037,0.79,54,0,1
DTLZ7,20,5,32005,32,286,"S4_(0.75,1.00]",0.84,0.88,0.52,0.396551724137931,0.88,0.92,0.8,0.896551724137931,0.85,58,0,2
DTLZ7,20,5,32005,33,292,"S4_(0.75,1.00]",0.84,0.84,0.52,0.389830508474576,0.96,0.96,0.88,0.949152542372881,0.91,59,0,4
DTLZ7,20,5,32005,34,298,"S4_(0.75,1.00]",0.72,0.84,0.32,0.338461538461538,1,1,0.92,0.969230769230769,0.98,65,0,3
DTLZ7,20,6,32006,1,100,"S2_(0.25,0.50]",0.96,0.96,0.64,0.342857142857143,0,0,0,0.0285714285714286,0.03,70,0,2
DTLZ7,20,6,32006,2,106,"S2_(0.25,0.50]",0.96,1,0.6,0.352941176470588,0.04,0.04,0,0.0441176470588235,0.04,68,0,1
DTLZ7,20,6,32006,3,112,"S2_(0.25,0.50]",0.84,0.92,0.44,0.323529411764706,0.04,0.04,0,0.0441176470588235,0.04,68,0,3
DTLZ7,20,6,32006,4,118,"S2_(0.25,0.50]",0.28,0.96,0.28,0.212121212121212,0,0.04,0,0.0303030303030303,0.04,33,0,17
DTLZ7,20,6,32006,5,124,"S2_(0.25,0.50]",0.84,0.96,0.28,0.318181818181818,0.04,0.04,0,0.0757575757575758,0.06,66,0,4
DTLZ7,20,6,32006,6,130,"S2_(0.25,0.50]",0.88,0.92,0.4,0.354838709677419,0.04,0,0.04,0.0645161290322581,0.06,62,0,2
DTLZ7,20,6,32006,7,136,"S2_(0.25,0.50]",0.88,1,0.24,0.34375,0.04,0.04,0.04,0.078125,0.07,64,0,3
DTLZ7,20,6,32006,8,142,"S2_(0.25,0.50]",0.92,0.92,0.32,0.352941176470588,0.04,0.04,0.04,0.0882352941176471,0.07,68,0,2
DTLZ7,20,6,32006,9,148,"S2_(0.25,0.50]",0.88,0.96,0.32,0.323529411764706,0.08,0.08,0,0.0882352941176471,0.08,68,0,3
DTLZ7,20,6,32006,10,154,"S3_(0.50,0.75]",0.8,0.96,0.32,0.384615384615385,0.08,0.04,0.08,0.115384615384615,0.08,52,0,4
DTLZ7,20,6,32006,11,160,"S3_(0.50,0.75]",0.88,0.96,0.32,0.4,0.04,0.04,0.04,0.0909090909090909,0.09,55,0,3
DTLZ7,20,6,32006,12,166,"S3_(0.50,0.75]",0.84,1,0.28,0.388888888888889,0.04,0.04,0.04,0.111111111111111,0.1,54,0,4
DTLZ7,20,6,32006,13,172,"S3_(0.50,0.75]",0.84,1,0.32,0.42,0.08,0.08,0.04,0.14,0.11,50,0,4
DTLZ7,20,6,32006,14,178,"S3_(0.50,0.75]",0.8,0.96,0.24,0.408163265306122,0.24,0.24,0.08,0.224489795918367,0.15,49,0,4
DTLZ7,20,6,32006,15,184,"S3_(0.50,0.75]",0.84,1,0.48,0.567567567567568,0.36,0.36,0.32,0.324324324324324,0.18,37,0,4
DTLZ7,20,6,32006,16,190,"S3_(0.50,0.75]",0.88,1,0.56,0.523809523809524,0.48,0.48,0.4,0.404761904761905,0.23,42,0,3
DTLZ7,20,6,32006,17,196,"S3_(0.50,0.75]",0.88,0.96,0.6,0.564102564102564,0.56,0.48,0.44,0.461538461538462,0.26,39,0,3
DTLZ7,20,6,32006,18,202,"S3_(0.50,0.75]",0.88,1,0.68,0.511627906976744,0.6,0.52,0.52,0.511627906976744,0.29,43,0,3
DTLZ7,20,6,32006,19,208,"S3_(0.50,0.75]",0.88,0.96,0.56,0.458333333333333,0.56,0.48,0.52,0.479166666666667,0.31,48,0,3
DTLZ7,20,6,32006,20,214,"S3_(0.50,0.75]",0.84,0.96,0.48,0.428571428571429,0.6,0.52,0.52,0.551020408163265,0.34,49,0,4
DTLZ7,20,6,32006,21,220,"S3_(0.50,0.75]",0.84,0.96,0.52,0.4375,0.64,0.6,0.52,0.583333333333333,0.37,48,0,3
DTLZ7,20,6,32006,22,226,"S4_(0.75,1.00]",0.88,0.96,0.44,0.423076923076923,0.76,0.72,0.52,0.596153846153846,0.41,52,0,3
DTLZ7,20,6,32006,23,232,"S4_(0.75,1.00]",0.8,0.96,0.28,0.344827586206897,0.8,0.8,0.52,0.603448275862069,0.49,58,0,5
DTLZ7,20,6,32006,24,238,"S4_(0.75,1.00]",0.88,0.96,0.44,0.468085106382979,0.8,0.8,0.6,0.638297872340426,0.5,47,0,3
DTLZ7,20,6,32006,25,244,"S4_(0.75,1.00]",0.84,0.96,0.32,0.42,0.84,0.76,0.56,0.64,0.58,50,0,3
DTLZ7,20,6,32006,26,250,"S4_(0.75,1.00]",0.88,0.96,0.32,0.423076923076923,0.8,0.76,0.72,0.711538461538462,0.63,52,0,3
DTLZ7,20,6,32006,27,256,"S4_(0.75,1.00]",0.84,0.96,0.16,0.39622641509434,0.72,0.76,0.76,0.773584905660377,0.66,53,0,4
DTLZ7,20,6,32006,28,262,"S4_(0.75,1.00]",0.84,0.92,0.2,0.403846153846154,0.76,0.84,0.64,0.769230769230769,0.7,52,0,4
DTLZ7,20,6,32006,29,268,"S4_(0.75,1.00]",0.88,0.96,0.28,0.415094339622642,0.88,0.84,0.72,0.811320754716981,0.76,53,0,3
DTLZ7,20,6,32006,30,274,"S4_(0.75,1.00]",0.92,0.96,0.36,0.433962264150943,0.84,0.8,0.8,0.867924528301887,0.8,53,0,3
DTLZ7,20,6,32006,31,280,"S4_(0.75,1.00]",0.84,0.92,0.4,0.428571428571429,0.92,0.88,0.88,0.918367346938776,0.85,49,0,3
DTLZ7,20,6,32006,32,286,"S4_(0.75,1.00]",0.92,0.92,0.36,0.450980392156863,0.96,0.92,0.92,0.941176470588235,0.88,51,0,2
DTLZ7,20,6,32006,33,292,"S4_(0.75,1.00]",0.88,0.84,0.44,0.450980392156863,0.96,0.96,0.96,0.96078431372549,0.91,51,0,2
DTLZ7,20,6,32006,34,298,"S4_(0.75,1.00]",0.92,0.88,0.6,0.452830188679245,0.96,0.96,0.92,0.962264150943396,0.96,53,0,1
DTLZ7,20,7,32007,1,100,"S2_(0.25,0.50]",0.88,0.92,0.56,0.333333333333333,0,0,0,0.0289855072463768,0.02,69,0,1
DTLZ7,20,7,32007,2,106,"S2_(0.25,0.50]",0.64,0.92,0.64,0.5,0,0,0,0,0.02,32,0,7
DTLZ7,20,7,32007,3,112,"S2_(0.25,0.50]",0.92,0.96,0.56,0.358208955223881,0,0,0,0.0298507462686567,0.02,67,0,1
DTLZ7,20,7,32007,4,118,"S2_(0.25,0.50]",0.92,1,0.6,0.343283582089552,0,0,0,0.0149253731343284,0.02,67,0,2
DTLZ7,20,7,32007,5,124,"S2_(0.25,0.50]",1,0.96,0.44,0.390625,0,0,0,0.015625,0.02,64,0,1
DTLZ7,20,7,32007,6,130,"S2_(0.25,0.50]",0.96,0.96,0.4,0.403225806451613,0.04,0.04,0,0.032258064516129,0.03,62,0,1
DTLZ7,20,7,32007,7,136,"S2_(0.25,0.50]",0.96,0.96,0.48,0.490196078431373,0.12,0.12,0,0.0588235294117647,0.05,51,0,0
DTLZ7,20,7,32007,8,142,"S2_(0.25,0.50]",0.92,0.96,0.32,0.442307692307692,0.24,0.24,0.04,0.115384615384615,0.08,52,0,2
DTLZ7,20,7,32007,9,148,"S2_(0.25,0.50]",0.96,0.96,0.24,0.387096774193548,0.28,0.28,0.04,0.129032258064516,0.1,62,0,1
DTLZ7,20,7,32007,10,154,"S3_(0.50,0.75]",0.88,0.96,0.24,0.370967741935484,0.36,0.28,0.04,0.17741935483871,0.13,62,0,2
DTLZ7,20,7,32007,11,160,"S3_(0.50,0.75]",0.88,0.96,0.44,0.488888888888889,0.32,0.24,0.2,0.222222222222222,0.14,45,0,3
DTLZ7,20,7,32007,12,166,"S3_(0.50,0.75]",0.84,0.96,0.36,0.466666666666667,0.2,0.16,0.12,0.2,0.14,45,0,4
DTLZ7,20,7,32007,13,172,"S3_(0.50,0.75]",0.68,1,0.24,0.326923076923077,0.28,0.2,0.04,0.230769230769231,0.15,52,0,8
DTLZ7,20,7,32007,14,178,"S3_(0.50,0.75]",0.72,0.96,0.24,0.346153846153846,0.32,0.24,0.12,0.25,0.17,52,0,7
DTLZ7,20,7,32007,15,184,"S3_(0.50,0.75]",0.92,1,0.44,0.425925925925926,0.36,0.32,0.2,0.333333333333333,0.21,54,0,2
DTLZ7,20,7,32007,16,190,"S3_(0.50,0.75]",0.84,0.96,0.36,0.381818181818182,0.48,0.44,0.2,0.363636363636364,0.24,55,0,4
DTLZ7,20,7,32007,17,196,"S3_(0.50,0.75]",0.8,0.92,0.52,0.477272727272727,0.52,0.44,0.48,0.477272727272727,0.26,44,0,4
DTLZ7,20,7,32007,18,202,"S3_(0.50,0.75]",0.92,1,0.68,0.547619047619048,0.6,0.56,0.48,0.523809523809524,0.32,42,0,2
DTLZ7,20,7,32007,19,208,"S3_(0.50,0.75]",0.92,1,0.6,0.511111111111111,0.6,0.56,0.48,0.511111111111111,0.32,45,0,2
DTLZ7,20,7,32007,20,214,"S3_(0.50,0.75]",0.84,1,0.52,0.466666666666667,0.64,0.6,0.52,0.555555555555556,0.34,45,0,4
DTLZ7,20,7,32007,21,220,"S3_(0.50,0.75]",0.88,1,0.52,0.468085106382979,0.6,0.56,0.52,0.574468085106383,0.37,47,0,3
DTLZ7,20,7,32007,22,226,"S4_(0.75,1.00]",0.88,0.92,0.52,0.392857142857143,0.64,0.64,0.32,0.535714285714286,0.41,56,0,2
DTLZ7,20,7,32007,23,232,"S4_(0.75,1.00]",0.96,0.96,0.56,0.375,0.64,0.64,0.52,0.5625,0.45,64,0,1
DTLZ7,20,7,32007,24,238,"S4_(0.75,1.00]",0.8,0.96,0.44,0.344827586206897,0.6,0.64,0.56,0.620689655172414,0.5,58,0,6
DTLZ7,20,7,32007,25,244,"S4_(0.75,1.00]",0.76,0.84,0.44,0.301587301587302,0.56,0.6,0.68,0.603174603174603,0.53,63,0,6
DTLZ7,20,7,32007,26,250,"S4_(0.75,1.00]",0.8,0.92,0.44,0.362068965517241,0.6,0.64,0.56,0.672413793103448,0.58,58,0,5
DTLZ7,20,7,32007,27,256,"S4_(0.75,1.00]",0.68,0.92,0.32,0.326923076923077,0.76,0.6,0.72,0.75,0.61,52,0,9
DTLZ7,20,7,32007,28,262,"S4_(0.75,1.00]",0.8,0.92,0.36,0.37037037037037,0.84,0.8,0.76,0.833333333333333,0.67,54,0,5
DTLZ7,20,7,32007,29,268,"S4_(0.75,1.00]",0.72,0.88,0.48,0.351851851851852,0.88,0.8,0.8,0.851851851851852,0.72,54,0,6
DTLZ7,20,7,32007,30,274,"S4_(0.75,1.00]",0.72,0.92,0.36,0.351851851851852,0.92,0.8,0.84,0.907407407407407,0.75,54,0,6
DTLZ7,20,7,32007,31,280,"S4_(0.75,1.00]",0.8,0.92,0.44,0.375,0.8,0.76,0.76,0.857142857142857,0.77,56,0,5
DTLZ7,20,7,32007,32,286,"S4_(0.75,1.00]",0.8,0.92,0.52,0.333333333333333,0.84,0.8,0.8,0.85,0.77,60,0,5
DTLZ7,20,7,32007,33,292,"S4_(0.75,1.00]",0.68,0.92,0.32,0.326923076923077,0.96,0.92,0.92,0.961538461538462,0.94,52,0,8
DTLZ7,20,7,32007,34,298,"S4_(0.75,1.00]",0.8,0.88,0.4,0.357142857142857,1,1,0.96,0.982142857142857,0.99,56,0,5
DTLZ7,20,8,32008,1,100,"S2_(0.25,0.50]",0.56,0.92,0.52,0.424242424242424,0,0.04,0,0,0.05,33,0,11
DTLZ7,20,8,32008,2,106,"S2_(0.25,0.50]",0.72,0.88,0.64,0.473684210526316,0.04,0.04,0.04,0.0263157894736842,0.05,38,0,7
DTLZ7,20,8,32008,3,112,"S2_(0.25,0.50]",0.56,1,0.48,0.4,0,0.04,0,0,0.05,35,0,11
DTLZ7,20,8,32008,4,118,"S2_(0.25,0.50]",0.52,1,0.48,0.40625,0,0.04,0,0,0.05,32,0,12
DTLZ7,20,8,32008,5,124,"S2_(0.25,0.50]",0.48,1,0.4,0.352941176470588,0,0.04,0,0,0.05,34,0,13
DTLZ7,20,8,32008,6,130,"S2_(0.25,0.50]",0.44,1,0.44,0.366666666666667,0.04,0.04,0.04,0.0333333333333333,0.05,30,0,14
DTLZ7,20,8,32008,7,136,"S2_(0.25,0.50]",0.4,0.92,0.28,0.285714285714286,0.04,0.08,0,0.0285714285714286,0.06,35,0,15
DTLZ7,20,8,32008,8,142,"S2_(0.25,0.50]",0.92,0.96,0.32,0.352941176470588,0.08,0.08,0,0.0735294117647059,0.06,68,0,1
DTLZ7,20,8,32008,9,148,"S2_(0.25,0.50]",0.92,0.96,0.32,0.347826086956522,0.04,0.04,0.04,0.072463768115942,0.06,69,0,1
DTLZ7,20,8,32008,10,154,"S3_(0.50,0.75]",0.92,0.96,0.32,0.347826086956522,0.04,0.04,0.04,0.0579710144927536,0.06,69,0,1
DTLZ7,20,8,32008,11,160,"S3_(0.50,0.75]",0.88,0.96,0.16,0.415094339622642,0.16,0.16,0.04,0.0943396226415094,0.09,53,0,3
DTLZ7,20,8,32008,12,166,"S3_(0.50,0.75]",1,0.96,0.24,0.454545454545455,0.2,0.2,0,0.127272727272727,0.12,55,0,1
DTLZ7,20,8,32008,13,172,"S3_(0.50,0.75]",0.96,0.96,0.24,0.396825396825397,0.32,0.32,0.08,0.19047619047619,0.16,63,0,0
DTLZ7,20,8,32008,14,178,"S3_(0.50,0.75]",0.92,1,0.12,0.353846153846154,0.36,0.4,0.08,0.2,0.18,65,0,2
DTLZ7,20,8,32008,15,184,"S3_(0.50,0.75]",0.88,0.96,0.16,0.34375,0.4,0.36,0.04,0.234375,0.21,64,0,3
DTLZ7,20,8,32008,16,190,"S3_(0.50,0.75]",0.84,0.96,0.44,0.477272727272727,0.4,0.4,0.16,0.363636363636364,0.24,44,0,4
DTLZ7,20,8,32008,17,196,"S3_(0.50,0.75]",0.8,1,0.28,0.454545454545455,0.4,0.36,0.24,0.386363636363636,0.26,44,0,5
DTLZ7,20,8,32008,18,202,"S3_(0.50,0.75]",0.88,0.92,0.52,0.523809523809524,0.4,0.44,0.44,0.452380952380952,0.28,42,0,2
DTLZ7,20,8,32008,19,208,"S3_(0.50,0.75]",0.88,0.92,0.56,0.523809523809524,0.48,0.52,0.4,0.476190476190476,0.31,42,0,1
DTLZ7,20,8,32008,20,214,"S3_(0.50,0.75]",0.92,1,0.36,0.48936170212766,0.4,0.36,0.24,0.425531914893617,0.31,47,0,2
DTLZ7,20,8,32008,21,220,"S3_(0.50,0.75]",0.84,0.96,0.4,0.456521739130435,0.36,0.36,0.32,0.41304347826087,0.33,46,0,3
DTLZ7,20,8,32008,22,226,"S4_(0.75,1.00]",0.84,0.88,0.52,0.488372093023256,0.4,0.48,0.48,0.418604651162791,0.37,43,0,4
DTLZ7,20,8,32008,23,232,"S4_(0.75,1.00]",0.8,0.92,0.32,0.384615384615385,0.48,0.48,0.24,0.384615384615385,0.37,52,0,6
DTLZ7,20,8,32008,24,238,"S4_(0.75,1.00]",0.96,1,0.44,0.436363636363636,0.6,0.56,0.52,0.563636363636364,0.42,55,0,1
DTLZ7,20,8,32008,25,244,"S4_(0.75,1.00]",0.96,0.96,0.48,0.510204081632653,0.64,0.64,0.52,0.612244897959184,0.47,49,0,0
DTLZ7,20,8,32008,26,250,"S4_(0.75,1.00]",0.92,0.96,0.44,0.511111111111111,0.8,0.76,0.76,0.755555555555556,0.53,45,0,3
DTLZ7,20,8,32008,27,256,"S4_(0.75,1.00]",0.84,1,0.4,0.446808510638298,0.8,0.8,0.56,0.702127659574468,0.57,47,0,4
DTLZ7,20,8,32008,28,262,"S4_(0.75,1.00]",0.84,0.88,0.24,0.375,0.92,0.84,0.68,0.821428571428571,0.64,56,0,3
DTLZ7,20,8,32008,29,268,"S4_(0.75,1.00]",0.88,1,0.32,0.392857142857143,0.92,0.88,0.76,0.892857142857143,0.7,56,0,3
DTLZ7,20,8,32008,30,274,"S4_(0.75,1.00]",0.8,0.92,0.24,0.357142857142857,0.88,0.88,0.8,0.892857142857143,0.73,56,0,4
DTLZ7,20,8,32008,31,280,"S4_(0.75,1.00]",0.72,1,0.32,0.315789473684211,0.92,0.92,0.84,0.929824561403509,0.78,57,0,7
DTLZ7,20,8,32008,32,286,"S4_(0.75,1.00]",0.76,0.96,0.32,0.358490566037736,1,0.96,0.88,0.943396226415094,0.81,53,0,6
DTLZ7,20,8,32008,33,292,"S4_(0.75,1.00]",0.76,0.96,0.32,0.358490566037736,1,1,0.88,0.924528301886792,0.84,53,0,6
DTLZ7,20,8,32008,34,298,"S4_(0.75,1.00]",0.8,0.92,0.4,0.4,1,1,1,1,0.99,50,0,4
DTLZ7,20,9,32009,1,100,"S2_(0.25,0.50]",0.88,0.96,0.6,0.314285714285714,0.04,0.04,0,0.0142857142857143,0.01,70,0,3
DTLZ7,20,9,32009,2,106,"S2_(0.25,0.50]",0.44,0.96,0.44,0.314285714285714,0,0.08,0,0,0.02,35,0,13
DTLZ7,20,9,32009,3,112,"S2_(0.25,0.50]",0.84,0.92,0.24,0.3,0.08,0.08,0,0.0285714285714286,0.02,70,0,4
DTLZ7,20,9,32009,4,118,"S2_(0.25,0.50]",0.08,1,0.08,0.0666666666666667,0,0.2,0,0,0.05,30,0,23
DTLZ7,20,9,32009,5,124,"S2_(0.25,0.50]",0.36,0.96,0.32,0.257142857142857,0.04,0.2,0.04,0.0285714285714286,0.05,35,0,16
DTLZ7,20,9,32009,6,130,"S2_(0.25,0.50]",0.96,1,0.36,0.375,0.2,0.2,0.04,0.078125,0.05,64,0,1
DTLZ7,20,9,32009,7,136,"S2_(0.25,0.50]",0.92,0.92,0.36,0.4,0.32,0.32,0.04,0.15,0.09,60,0,1
DTLZ7,20,9,32009,8,142,"S2_(0.25,0.50]",1,1,0.36,0.373134328358209,0.4,0.4,0.08,0.164179104477612,0.11,67,0,0
DTLZ7,20,9,32009,9,148,"S2_(0.25,0.50]",0.92,0.96,0.32,0.370967741935484,0.4,0.4,0.16,0.193548387096774,0.13,62,0,2
DTLZ7,20,9,32009,10,154,"S3_(0.50,0.75]",0.84,1,0.32,0.388888888888889,0.52,0.44,0.16,0.296296296296296,0.16,54,0,4
DTLZ7,20,9,32009,11,160,"S3_(0.50,0.75]",0.92,0.96,0.36,0.403508771929825,0.36,0.36,0.16,0.280701754385965,0.17,57,0,2
DTLZ7,20,9,32009,12,166,"S3_(0.50,0.75]",0.76,1,0.28,0.387755102040816,0.44,0.4,0.2,0.326530612244898,0.21,49,0,6
DTLZ7,20,9,32009,13,172,"S3_(0.50,0.75]",0.84,0.96,0.28,0.388888888888889,0.52,0.56,0.16,0.351851851851852,0.26,54,0,3
DTLZ7,20,9,32009,14,178,"S3_(0.50,0.75]",0.84,0.88,0.24,0.368421052631579,0.52,0.52,0.16,0.350877192982456,0.26,57,0,3
DTLZ7,20,9,32009,15,184,"S3_(0.50,0.75]",0.92,0.96,0.4,0.418181818181818,0.44,0.44,0.28,0.436363636363636,0.29,55,0,2
DTLZ7,20,9,32009,16,190,"S3_(0.50,0.75]",0.96,1,0.52,0.470588235294118,0.36,0.36,0.24,0.431372549019608,0.31,51,0,1
DTLZ7,20,9,32009,17,196,"S3_(0.50,0.75]",0.92,0.96,0.36,0.450980392156863,0.44,0.48,0.28,0.490196078431373,0.35,51,0,3
DTLZ7,20,9,32009,18,202,"S3_(0.50,0.75]",0.92,1,0.44,0.442307692307692,0.48,0.48,0.44,0.519230769230769,0.38,52,0,2
DTLZ7,20,9,32009,19,208,"S3_(0.50,0.75]",0.84,1,0.48,0.381818181818182,0.64,0.52,0.44,0.618181818181818,0.42,55,0,4
DTLZ7,20,9,32009,20,214,"S3_(0.50,0.75]",0.88,0.96,0.52,0.4,0.56,0.52,0.32,0.581818181818182,0.44,55,0,4
DTLZ7,20,9,32009,21,220,"S3_(0.50,0.75]",0.88,0.88,0.56,0.392857142857143,0.4,0.48,0.32,0.553571428571429,0.4,56,0,3
DTLZ7,20,9,32009,22,226,"S4_(0.75,1.00]",0.84,0.96,0.52,0.388888888888889,0.52,0.52,0.4,0.611111111111111,0.44,54,0,4
DTLZ7,20,9,32009,23,232,"S4_(0.75,1.00]",0.84,1,0.48,0.39622641509434,0.64,0.6,0.56,0.679245283018868,0.49,53,0,4
DTLZ7,20,9,32009,24,238,"S4_(0.75,1.00]",0.84,0.96,0.48,0.39622641509434,0.6,0.64,0.6,0.679245283018868,0.53,53,0,4
DTLZ7,20,9,32009,25,244,"S4_(0.75,1.00]",0.84,0.96,0.44,0.368421052631579,0.56,0.64,0.56,0.649122807017544,0.56,57,0,4
DTLZ7,20,9,32009,26,250,"S4_(0.75,1.00]",0.84,0.92,0.48,0.407407407407407,0.68,0.72,0.52,0.703703703703704,0.6,54,0,3
DTLZ7,20,9,32009,27,256,"S4_(0.75,1.00]",0.88,0.96,0.44,0.392857142857143,0.72,0.76,0.48,0.678571428571429,0.62,56,0,3
DTLZ7,20,9,32009,28,262,"S4_(0.75,1.00]",0.92,1,0.48,0.403508771929825,0.8,0.76,0.56,0.736842105263158,0.64,57,0,2
DTLZ7,20,9,32009,29,268,"S4_(0.75,1.00]",0.84,0.96,0.44,0.368421052631579,0.84,0.84,0.64,0.771929824561403,0.69,57,0,3
DTLZ7,20,9,32009,30,274,"S4_(0.75,1.00]",0.92,0.92,0.44,0.383333333333333,0.88,0.92,0.64,0.816666666666667,0.76,60,0,4
DTLZ7,20,9,32009,31,280,"S4_(0.75,1.00]",0.76,0.96,0.32,0.351851851851852,0.88,0.88,0.68,0.851851851851852,0.76,54,0,6
DTLZ7,20,9,32009,32,286,"S4_(0.75,1.00]",0.96,0.96,0.52,0.39344262295082,0.88,0.88,0.72,0.836065573770492,0.78,61,0,0
DTLZ7,20,9,32009,33,292,"S4_(0.75,1.00]",0.96,0.96,0.52,0.396825396825397,0.88,0.88,0.72,0.841269841269841,0.8,63,0,0
DTLZ7,20,9,32009,34,298,"S4_(0.75,1.00]",0.88,0.92,0.44,0.407407407407407,1,1,1,1,0.99,54,0,3
DTLZ7,20,10,32010,1,100,"S2_(0.25,0.50]",0.8,0.96,0.44,0.333333333333333,0.04,0.04,0.04,0.0333333333333333,0.02,60,0,6
DTLZ7,20,10,32010,2,106,"S2_(0.25,0.50]",0.76,0.96,0.36,0.292307692307692,0.04,0.04,0.04,0.0307692307692308,0.02,65,0,6
DTLZ7,20,10,32010,3,112,"S2_(0.25,0.50]",0.8,0.96,0.32,0.307692307692308,0.16,0.12,0,0.0769230769230769,0.05,65,0,6
DTLZ7,20,10,32010,4,118,"S2_(0.25,0.50]",0.92,0.96,0.28,0.442307692307692,0.24,0.2,0.04,0.134615384615385,0.07,52,0,2
DTLZ7,20,10,32010,5,124,"S2_(0.25,0.50]",0.92,0.96,0.44,0.5,0.24,0.24,0.12,0.173913043478261,0.08,46,0,2
DTLZ7,20,10,32010,6,130,"S2_(0.25,0.50]",0.92,0.96,0.48,0.575,0.28,0.24,0.08,0.225,0.09,40,0,3
DTLZ7,20,10,32010,7,136,"S2_(0.25,0.50]",0.96,1,0.36,0.48,0.24,0.24,0.08,0.2,0.1,50,0,1
DTLZ7,20,10,32010,8,142,"S2_(0.25,0.50]",0.96,0.96,0.44,0.609756097560976,0.28,0.28,0.2,0.268292682926829,0.13,41,0,0
DTLZ7,20,10,32010,9,148,"S2_(0.25,0.50]",0.96,0.96,0.52,0.531914893617021,0.16,0.16,0.12,0.25531914893617,0.13,47,0,0
DTLZ7,20,10,32010,10,154,"S3_(0.50,0.75]",0.84,0.96,0.48,0.456521739130435,0.2,0.16,0.12,0.282608695652174,0.14,46,0,3
DTLZ7,20,10,32010,11,160,"S3_(0.50,0.75]",0.76,0.92,0.32,0.431818181818182,0.28,0.2,0.4,0.363636363636364,0.18,44,0,6
DTLZ7,20,10,32010,12,166,"S3_(0.50,0.75]",0.8,1,0.32,0.392156862745098,0.28,0.28,0.36,0.352941176470588,0.2,51,0,5
DTLZ7,20,10,32010,13,172,"S3_(0.50,0.75]",0.8,1,0.4,0.357142857142857,0.28,0.24,0.32,0.339285714285714,0.22,56,0,5
DTLZ7,20,10,32010,14,178,"S3_(0.50,0.75]",0.88,0.92,0.48,0.365079365079365,0.24,0.24,0.24,0.317460317460317,0.24,63,0,1
DTLZ7,20,10,32010,15,184,"S3_(0.50,0.75]",0.84,0.96,0.36,0.385964912280702,0.28,0.28,0.24,0.333333333333333,0.25,57,0,3
DTLZ7,20,10,32010,16,190,"S3_(0.50,0.75]",0.88,0.92,0.32,0.392857142857143,0.28,0.24,0.28,0.339285714285714,0.25,56,0,3
DTLZ7,20,10,32010,17,196,"S3_(0.50,0.75]",0.8,0.92,0.24,0.408163265306122,0.36,0.44,0.2,0.326530612244898,0.3,49,0,4
DTLZ7,20,10,32010,18,202,"S3_(0.50,0.75]",0.8,0.92,0.28,0.416666666666667,0.48,0.52,0.28,0.375,0.31,48,0,6
DTLZ7,20,10,32010,19,208,"S3_(0.50,0.75]",0.8,0.92,0.36,0.425531914893617,0.56,0.6,0.24,0.404255319148936,0.34,47,0,4
DTLZ7,20,10,32010,20,214,"S3_(0.50,0.75]",0.84,0.88,0.4,0.388888888888889,0.6,0.56,0.4,0.425925925925926,0.36,54,0,4
DTLZ7,20,10,32010,21,220,"S3_(0.50,0.75]",0.88,0.92,0.4,0.410714285714286,0.6,0.52,0.36,0.446428571428571,0.38,56,0,2
DTLZ7,20,10,32010,22,226,"S4_(0.75,1.00]",0.84,0.96,0.36,0.403846153846154,0.68,0.64,0.4,0.461538461538462,0.41,52,0,4
DTLZ7,20,10,32010,23,232,"S4_(0.75,1.00]",0.88,0.96,0.24,0.379310344827586,0.72,0.72,0.44,0.517241379310345,0.47,58,0,4
DTLZ7,20,10,32010,24,238,"S4_(0.75,1.00]",0.88,0.92,0.28,0.450980392156863,0.76,0.8,0.64,0.647058823529412,0.54,51,0,3
DTLZ7,20,10,32010,25,244,"S4_(0.75,1.00]",0.8,0.96,0.2,0.434782608695652,0.76,0.72,0.6,0.695652173913043,0.56,46,0,5
DTLZ7,20,10,32010,26,250,"S4_(0.75,1.00]",0.72,0.96,0.16,0.4,0.72,0.72,0.72,0.711111111111111,0.58,45,0,7
DTLZ7,20,10,32010,27,256,"S4_(0.75,1.00]",0.76,0.92,0.28,0.404255319148936,0.6,0.68,0.68,0.680851063829787,0.59,47,0,5
DTLZ7,20,10,32010,28,262,"S4_(0.75,1.00]",0.76,0.92,0.4,0.422222222222222,0.72,0.76,0.84,0.777777777777778,0.63,45,0,5
DTLZ7,20,10,32010,29,268,"S4_(0.75,1.00]",0.68,0.92,0.32,0.346938775510204,0.76,0.72,0.72,0.775510204081633,0.69,49,0,8
DTLZ7,20,10,32010,30,274,"S4_(0.75,1.00]",0.68,0.92,0.28,0.333333333333333,0.84,0.84,0.72,0.803921568627451,0.75,51,0,7
DTLZ7,20,10,32010,31,280,"S4_(0.75,1.00]",0.8,0.92,0.28,0.384615384615385,0.92,0.88,0.84,0.884615384615385,0.81,52,0,4
DTLZ7,20,10,32010,32,286,"S4_(0.75,1.00]",0.84,0.96,0.28,0.375,0.88,0.92,0.8,0.892857142857143,0.86,56,0,4
DTLZ7,20,10,32010,33,292,"S4_(0.75,1.00]",0.88,0.96,0.36,0.415094339622642,0.96,0.96,0.88,0.943396226415094,0.91,53,0,3
DTLZ7,20,10,32010,34,298,"S4_(0.75,1.00]",0.84,0.92,0.28,0.488372093023256,0.96,0.96,1,0.976744186046512,0.99,43,0,4
DTLZ7,20,11,32011,1,100,"S2_(0.25,0.50]",0.52,1,0.44,0.40625,0,0.04,0,0,0.02,32,0,12
DTLZ7,20,11,32011,2,106,"S2_(0.25,0.50]",0.88,1,0.48,0.314285714285714,0.04,0.04,0,0.0428571428571429,0.03,70,0,3
DTLZ7,20,11,32011,3,112,"S2_(0.25,0.50]",0.92,0.96,0.48,0.328571428571429,0.04,0.04,0.04,0.0428571428571429,0.03,70,0,1
DTLZ7,20,11,32011,4,118,"S2_(0.25,0.50]",0.48,1,0.48,0.352941176470588,0.04,0.12,0.04,0.0294117647058824,0.05,34,0,13
DTLZ7,20,11,32011,5,124,"S2_(0.25,0.50]",0.88,0.96,0.4,0.314285714285714,0.12,0.12,0.04,0.0571428571428571,0.05,70,0,2
DTLZ7,20,11,32011,6,130,"S2_(0.25,0.50]",0.92,0.96,0.36,0.389830508474576,0.12,0.08,0.04,0.0677966101694915,0.05,59,0,3
DTLZ7,20,11,32011,7,136,"S2_(0.25,0.50]",0.88,1,0.32,0.44,0.2,0.2,0.12,0.14,0.08,50,0,3
DTLZ7,20,11,32011,8,142,"S2_(0.25,0.50]",0.96,0.92,0.48,0.543478260869565,0.2,0.2,0.12,0.173913043478261,0.1,46,0,1
DTLZ7,20,11,32011,9,148,"S2_(0.25,0.50]",0.92,0.92,0.52,0.575,0.28,0.24,0.24,0.25,0.12,40,0,3
DTLZ7,20,11,32011,10,154,"S3_(0.50,0.75]",0.92,0.96,0.52,0.560975609756098,0.24,0.24,0.16,0.24390243902439,0.12,41,0,2
DTLZ7,20,11,32011,11,160,"S3_(0.50,0.75]",0.88,0.96,0.32,0.448979591836735,0.24,0.2,0.12,0.224489795918367,0.14,49,0,3
DTLZ7,20,11,32011,12,166,"S3_(0.50,0.75]",0.92,0.96,0.44,0.461538461538462,0.28,0.24,0.04,0.230769230769231,0.16,52,0,1
DTLZ7,20,11,32011,13,172,"S3_(0.50,0.75]",0.72,0.96,0.2,0.36,0.4,0.4,0.12,0.3,0.2,50,0,7
DTLZ7,20,11,32011,14,178,"S3_(0.50,0.75]",0.72,1,0.32,0.391304347826087,0.4,0.4,0.2,0.326086956521739,0.22,46,0,7
DTLZ7,20,11,32011,15,184,"S3_(0.50,0.75]",0.76,0.96,0.24,0.404255319148936,0.36,0.44,0.24,0.319148936170213,0.24,47,0,6
DTLZ7,20,11,32011,16,190,"S3_(0.50,0.75]",0.72,0.96,0.24,0.4,0.44,0.44,0.24,0.4,0.27,45,0,7
DTLZ7,20,11,32011,17,196,"S3_(0.50,0.75]",0.64,0.96,0.32,0.372093023255814,0.4,0.52,0.32,0.418604651162791,0.3,43,0,9
DTLZ7,20,11,32011,18,202,"S3_(0.50,0.75]",0.76,1,0.36,0.422222222222222,0.52,0.52,0.44,0.466666666666667,0.32,45,0,6
DTLZ7,20,11,32011,19,208,"S3_(0.50,0.75]",0.84,0.96,0.48,0.4375,0.52,0.52,0.4,0.458333333333333,0.33,48,0,3
DTLZ7,20,11,32011,20,214,"S3_(0.50,0.75]",0.88,0.96,0.44,0.488888888888889,0.56,0.56,0.32,0.488888888888889,0.37,45,0,4
DTLZ7,20,11,32011,21,220,"S3_(0.50,0.75]",0.8,0.96,0.4,0.416666666666667,0.52,0.52,0.28,0.479166666666667,0.41,48,0,5
DTLZ7,20,11,32011,22,226,"S4_(0.75,1.00]",0.88,0.96,0.44,0.44,0.52,0.52,0.24,0.46,0.42,50,0,2
DTLZ7,20,11,32011,23,232,"S4_(0.75,1.00]",0.84,0.96,0.4,0.42,0.56,0.48,0.28,0.5,0.44,50,0,3
DTLZ7,20,11,32011,24,238,"S4_(0.75,1.00]",0.92,0.96,0.48,0.479166666666667,0.6,0.6,0.36,0.583333333333333,0.47,48,0,1
DTLZ7,20,11,32011,25,244,"S4_(0.75,1.00]",0.92,0.96,0.48,0.444444444444444,0.6,0.56,0.48,0.592592592592593,0.5,54,0,1
DTLZ7,20,11,32011,26,250,"S4_(0.75,1.00]",0.96,0.96,0.44,0.428571428571429,0.56,0.6,0.48,0.607142857142857,0.53,56,0,2
DTLZ7,20,11,32011,27,256,"S4_(0.75,1.00]",0.8,0.96,0.32,0.363636363636364,0.76,0.72,0.6,0.654545454545455,0.6,55,0,5
DTLZ7,20,11,32011,28,262,"S4_(0.75,1.00]",0.76,0.96,0.28,0.41304347826087,0.72,0.72,0.68,0.717391304347826,0.65,46,0,6
DTLZ7,20,11,32011,29,268,"S4_(0.75,1.00]",0.8,0.96,0.36,0.416666666666667,0.72,0.72,0.72,0.770833333333333,0.68,48,0,6
DTLZ7,20,11,32011,30,274,"S4_(0.75,1.00]",0.8,0.96,0.44,0.444444444444444,0.8,0.8,0.72,0.8,0.76,45,0,4
DTLZ7,20,11,32011,31,280,"S4_(0.75,1.00]",0.84,1,0.32,0.4375,0.88,0.88,0.84,0.895833333333333,0.82,48,0,4
DTLZ7,20,11,32011,32,286,"S4_(0.75,1.00]",0.8,0.96,0.36,0.408163265306122,1,1,0.96,0.959183673469388,0.88,49,0,4
DTLZ7,20,11,32011,33,292,"S4_(0.75,1.00]",0.92,0.96,0.44,0.522727272727273,1,1,0.96,0.977272727272727,0.93,44,0,3
DTLZ7,20,11,32011,34,298,"S4_(0.75,1.00]",0.84,0.96,0.44,0.446808510638298,1,1,1,0.978723404255319,0.98,47,0,3
DTLZ7,20,12,32012,1,100,"S2_(0.25,0.50]",0.6,0.96,0.56,0.394736842105263,0,0,0,0,0.04,38,0,10
DTLZ7,20,12,32012,2,106,"S2_(0.25,0.50]",0.52,0.96,0.48,0.361111111111111,0.04,0,0.04,0.0555555555555556,0.04,36,0,12
DTLZ7,20,12,32012,3,112,"S2_(0.25,0.50]",0.6,0.96,0.6,0.483870967741935,0.04,0.04,0.04,0.032258064516129,0.05,31,0,10
DTLZ7,20,12,32012,4,118,"S2_(0.25,0.50]",0.6,0.96,0.56,0.416666666666667,0.04,0.04,0.04,0.0555555555555556,0.05,36,0,10
DTLZ7,20,12,32012,5,124,"S2_(0.25,0.50]",0.92,0.96,0.52,0.343283582089552,0.04,0.04,0.04,0.0447761194029851,0.05,67,0,2
DTLZ7,20,12,32012,6,130,"S2_(0.25,0.50]",0.96,0.92,0.44,0.409836065573771,0.16,0.16,0.04,0.0983606557377049,0.08,61,0,1
DTLZ7,20,12,32012,7,136,"S2_(0.25,0.50]",0.88,0.96,0.4,0.366666666666667,0.2,0.2,0.04,0.116666666666667,0.09,60,0,3
DTLZ7,20,12,32012,8,142,"S2_(0.25,0.50]",0.88,0.96,0.36,0.372881355932203,0.24,0.2,0.12,0.152542372881356,0.11,59,0,3
DTLZ7,20,12,32012,9,148,"S2_(0.25,0.50]",0.88,0.96,0.32,0.385964912280702,0.2,0.24,0.04,0.12280701754386,0.12,57,0,3
DTLZ7,20,12,32012,10,154,"S3_(0.50,0.75]",0.88,0.96,0.28,0.4,0.24,0.24,0.04,0.127272727272727,0.13,55,0,3
DTLZ7,20,12,32012,11,160,"S3_(0.50,0.75]",0.88,1,0.28,0.392857142857143,0.28,0.24,0.12,0.178571428571429,0.13,56,0,3
DTLZ7,20,12,32012,12,166,"S3_(0.50,0.75]",0.88,0.96,0.32,0.415094339622642,0.28,0.2,0.12,0.188679245283019,0.14,53,0,3
DTLZ7,20,12,32012,13,172,"S3_(0.50,0.75]",0.88,0.96,0.32,0.415094339622642,0.24,0.24,0.04,0.169811320754717,0.15,53,0,3
DTLZ7,20,12,32012,14,178,"S3_(0.50,0.75]",0.88,1,0.32,0.392857142857143,0.28,0.24,0.08,0.196428571428571,0.16,56,0,3
DTLZ7,20,12,32012,15,184,"S3_(0.50,0.75]",0.96,1,0.28,0.4,0.36,0.36,0.16,0.283333333333333,0.19,60,0,1
DTLZ7,20,12,32012,16,190,"S3_(0.50,0.75]",0.76,1,0.28,0.38,0.52,0.36,0.08,0.32,0.22,50,0,6
DTLZ7,20,12,32012,17,196,"S3_(0.50,0.75]",0.8,0.92,0.36,0.392156862745098,0.44,0.36,0.08,0.313725490196078,0.23,51,0,5
DTLZ7,20,12,32012,18,202,"S3_(0.50,0.75]",0.76,0.92,0.32,0.422222222222222,0.56,0.48,0.32,0.422222222222222,0.26,45,0,5
DTLZ7,20,12,32012,19,208,"S3_(0.50,0.75]",0.8,0.92,0.4,0.416666666666667,0.56,0.52,0.36,0.479166666666667,0.31,48,0,4
DTLZ7,20,12,32012,20,214,"S3_(0.50,0.75]",0.8,0.88,0.44,0.428571428571429,0.52,0.52,0.32,0.469387755102041,0.33,49,0,4
DTLZ7,20,12,32012,21,220,"S3_(0.50,0.75]",0.88,0.88,0.36,0.418181818181818,0.64,0.6,0.4,0.527272727272727,0.38,55,0,1
DTLZ7,20,12,32012,22,226,"S4_(0.75,1.00]",0.96,0.96,0.48,0.462962962962963,0.6,0.6,0.52,0.574074074074074,0.42,54,0,0
DTLZ7,20,12,32012,23,232,"S4_(0.75,1.00]",0.92,0.96,0.44,0.469387755102041,0.64,0.72,0.52,0.673469387755102,0.46,49,0,2
DTLZ7,20,12,32012,24,238,"S4_(0.75,1.00]",0.88,1,0.4,0.478260869565217,0.68,0.68,0.6,0.673913043478261,0.48,46,0,3
DTLZ7,20,12,32012,25,244,"S4_(0.75,1.00]",0.84,0.92,0.36,0.477272727272727,0.68,0.76,0.68,0.727272727272727,0.55,44,0,4
DTLZ7,20,12,32012,26,250,"S4_(0.75,1.00]",0.92,0.96,0.48,0.450980392156863,0.72,0.68,0.6,0.745098039215686,0.58,51,0,3
DTLZ7,20,12,32012,27,256,"S4_(0.75,1.00]",0.76,0.92,0.28,0.404255319148936,0.76,0.8,0.68,0.787234042553192,0.62,47,0,6
DTLZ7,20,12,32012,28,262,"S4_(0.75,1.00]",0.8,0.92,0.48,0.434782608695652,0.84,0.84,0.8,0.804347826086957,0.66,46,0,4
DTLZ7,20,12,32012,29,268,"S4_(0.75,1.00]",0.92,0.96,0.48,0.5,0.76,0.8,0.8,0.826086956521739,0.68,46,0,2
DTLZ7,20,12,32012,30,274,"S4_(0.75,1.00]",0.72,0.96,0.24,0.36,0.76,0.76,0.76,0.8,0.8,50,0,6
DTLZ7,20,12,32012,31,280,"S4_(0.75,1.00]",0.8,1,0.36,0.4,0.84,0.88,0.8,0.88,0.86,50,0,5
DTLZ7,20,12,32012,32,286,"S4_(0.75,1.00]",0.88,0.92,0.4,0.407407407407407,0.96,0.96,0.88,0.925925925925926,0.9,54,0,4
DTLZ7,20,12,32012,33,292,"S4_(0.75,1.00]",0.84,0.92,0.44,0.478260869565217,0.96,0.96,0.96,0.978260869565217,0.98,46,0,2
DTLZ7,20,12,32012,34,298,"S4_(0.75,1.00]",0.84,0.88,0.48,0.5,1,1,1,1,1,44,0,1
DTLZ7,20,13,32013,1,100,"S2_(0.25,0.50]",0.6,0.88,0.56,0.441176470588235,0,0.08,0,0,0.07,34,0,11
DTLZ7,20,13,32013,2,106,"S2_(0.25,0.50]",0.56,0.96,0.52,0.4,0,0.08,0.04,0.0285714285714286,0.07,35,0,12
DTLZ7,20,13,32013,3,112,"S2_(0.25,0.50]",0.4,0.96,0.36,0.294117647058824,0,0.08,0.04,0.0294117647058824,0.08,34,0,15
DTLZ7,20,13,32013,4,118,"S2_(0.25,0.50]",0.92,1,0.32,0.370967741935484,0.12,0.16,0.04,0.129032258064516,0.1,62,0,2
DTLZ7,20,13,32013,5,124,"S2_(0.25,0.50]",0.8,0.92,0.2,0.338983050847458,0.16,0.16,0,0.135593220338983,0.11,59,0,5
DTLZ7,20,13,32013,6,130,"S2_(0.25,0.50]",0.76,0.96,0.2,0.333333333333333,0.12,0.12,0.04,0.140350877192982,0.11,57,0,6
DTLZ7,20,13,32013,7,136,"S2_(0.25,0.50]",0.84,1,0.4,0.344262295081967,0.08,0.08,0.04,0.147540983606557,0.11,61,0,4
DTLZ7,20,13,32013,8,142,"S2_(0.25,0.50]",0.84,0.96,0.4,0.35,0.04,0.08,0.04,0.15,0.11,60,0,4
DTLZ7,20,13,32013,9,148,"S2_(0.25,0.50]",0.84,0.92,0.36,0.368421052631579,0.12,0.12,0.08,0.192982456140351,0.13,57,0,3
DTLZ7,20,13,32013,10,154,"S3_(0.50,0.75]",0.92,0.96,0.44,0.396551724137931,0.12,0.12,0.08,0.172413793103448,0.12,58,0,2
DTLZ7,20,13,32013,11,160,"S3_(0.50,0.75]",0.88,0.96,0.4,0.379310344827586,0.16,0.16,0.08,0.206896551724138,0.12,58,0,3
DTLZ7,20,13,32013,12,166,"S3_(0.50,0.75]",0.88,0.88,0.44,0.383333333333333,0.16,0.16,0.04,0.216666666666667,0.14,60,0,2
DTLZ7,20,13,32013,13,172,"S3_(0.50,0.75]",0.92,0.92,0.44,0.359375,0.12,0.08,0.08,0.1875,0.14,64,0,2
DTLZ7,20,13,32013,14,178,"S3_(0.50,0.75]",0.92,1,0.36,0.450980392156863,0.08,0.08,0.16,0.196078431372549,0.15,51,0,2
DTLZ7,20,13,32013,15,184,"S3_(0.50,0.75]",0.88,0.96,0.24,0.366666666666667,0.2,0.16,0.12,0.266666666666667,0.18,60,0,3
DTLZ7,20,13,32013,16,190,"S3_(0.50,0.75]",0.8,1,0.16,0.333333333333333,0.32,0.28,0.12,0.3,0.22,60,0,5
DTLZ7,20,13,32013,17,196,"S3_(0.50,0.75]",0.88,1,0.28,0.360655737704918,0.36,0.28,0.08,0.311475409836066,0.23,61,0,3
DTLZ7,20,13,32013,18,202,"S3_(0.50,0.75]",0.92,0.96,0.32,0.403508771929825,0.32,0.32,0.08,0.280701754385965,0.25,57,0,3
DTLZ7,20,13,32013,19,208,"S3_(0.50,0.75]",0.88,0.96,0.36,0.425925925925926,0.44,0.44,0.24,0.333333333333333,0.3,54,0,2
DTLZ7,20,13,32013,20,214,"S3_(0.50,0.75]",0.84,0.88,0.4,0.377049180327869,0.44,0.48,0.2,0.295081967213115,0.32,61,0,2
DTLZ7,20,13,32013,21,220,"S3_(0.50,0.75]",0.84,0.96,0.28,0.323076923076923,0.56,0.56,0.28,0.384615384615385,0.34,65,0,4
DTLZ7,20,13,32013,22,226,"S4_(0.75,1.00]",0.92,0.96,0.36,0.377049180327869,0.68,0.68,0.28,0.442622950819672,0.39,61,0,2
DTLZ7,20,13,32013,23,232,"S4_(0.75,1.00]",0.84,0.96,0.16,0.368421052631579,0.72,0.68,0.32,0.491228070175439,0.43,57,0,3
DTLZ7,20,13,32013,24,238,"S4_(0.75,1.00]",0.84,0.96,0.12,0.355932203389831,0.68,0.68,0.36,0.559322033898305,0.47,59,0,4
DTLZ7,20,13,32013,25,244,"S4_(0.75,1.00]",0.88,0.96,0.08,0.423076923076923,0.8,0.8,0.48,0.653846153846154,0.53,52,0,4
DTLZ7,20,13,32013,26,250,"S4_(0.75,1.00]",0.88,0.92,0.12,0.366666666666667,0.84,0.88,0.48,0.7,0.58,60,0,2
DTLZ7,20,13,32013,27,256,"S4_(0.75,1.00]",0.88,0.96,0.28,0.415094339622642,0.88,0.88,0.6,0.773584905660377,0.65,53,0,4
DTLZ7,20,13,32013,28,262,"S4_(0.75,1.00]",0.76,0.96,0.28,0.358490566037736,0.8,0.88,0.64,0.754716981132076,0.68,53,0,6
DTLZ7,20,13,32013,29,268,"S4_(0.75,1.00]",0.76,0.92,0.4,0.452380952380952,0.8,0.84,0.76,0.833333333333333,0.73,42,0,4
DTLZ7,20,13,32013,30,274,"S4_(0.75,1.00]",0.88,1,0.44,0.488888888888889,0.8,0.8,0.72,0.844444444444444,0.76,45,0,3
DTLZ7,20,13,32013,31,280,"S4_(0.75,1.00]",0.76,0.96,0.4,0.422222222222222,0.8,0.88,0.68,0.822222222222222,0.81,45,0,6
DTLZ7,20,13,32013,32,286,"S4_(0.75,1.00]",0.88,0.96,0.44,0.448979591836735,0.88,0.84,0.92,0.918367346938776,0.88,49,0,2
DTLZ7,20,13,32013,33,292,"S4_(0.75,1.00]",0.84,0.96,0.4,0.411764705882353,0.88,0.84,0.88,0.92156862745098,0.93,51,0,3
DTLZ7,20,13,32013,34,298,"S4_(0.75,1.00]",0.8,0.96,0.36,0.384615384615385,1,1,0.96,0.980769230769231,0.98,52,0,4
DTLZ7,20,14,32014,1,100,"S2_(0.25,0.50]",0.88,0.96,0.52,0.379310344827586,0.04,0.04,0,0.0172413793103448,0.01,58,0,3
DTLZ7,20,14,32014,2,106,"S2_(0.25,0.50]",0.88,0.92,0.52,0.392857142857143,0.04,0.04,0,0.0178571428571429,0.01,56,0,3
DTLZ7,20,14,32014,3,112,"S2_(0.25,0.50]",0.8,0.96,0.32,0.344827586206897,0.04,0,0,0.0172413793103448,0.01,58,0,4
DTLZ7,20,14,32014,4,118,"S2_(0.25,0.50]",0.88,0.92,0.36,0.385964912280702,0.04,0.04,0,0.0350877192982456,0.02,57,0,2
DTLZ7,20,14,32014,5,124,"S2_(0.25,0.50]",0.88,0.96,0.4,0.366666666666667,0.04,0.04,0,0.0333333333333333,0.02,60,0,3
DTLZ7,20,14,32014,6,130,"S2_(0.25,0.50]",0.88,0.96,0.4,0.385964912280702,0,0,0,0.0350877192982456,0.02,57,0,3
DTLZ7,20,14,32014,7,136,"S2_(0.25,0.50]",0.96,0.92,0.56,0.471698113207547,0.04,0.04,0.04,0.0566037735849057,0.03,53,0,1
DTLZ7,20,14,32014,8,142,"S2_(0.25,0.50]",0.92,1,0.28,0.418181818181818,0.04,0.04,0,0.0545454545454545,0.04,55,0,2
DTLZ7,20,14,32014,9,148,"S2_(0.25,0.50]",0.8,1,0.28,0.392156862745098,0.04,0.04,0.04,0.0588235294117647,0.04,51,0,5
DTLZ7,20,14,32014,10,154,"S3_(0.50,0.75]",0.88,0.96,0.2,0.425925925925926,0.08,0.08,0,0.0740740740740741,0.05,54,0,2
DTLZ7,20,14,32014,11,160,"S3_(0.50,0.75]",0.96,1,0.36,0.48,0.08,0.08,0.08,0.08,0.05,50,0,1
DTLZ7,20,14,32014,12,166,"S3_(0.50,0.75]",0.88,0.96,0.44,0.511627906976744,0.12,0.12,0.04,0.116279069767442,0.06,43,0,3
DTLZ7,20,14,32014,13,172,"S3_(0.50,0.75]",0.88,1,0.48,0.488888888888889,0.24,0.24,0.08,0.177777777777778,0.09,45,0,3
DTLZ7,20,14,32014,14,178,"S3_(0.50,0.75]",0.84,0.96,0.52,0.525,0.32,0.24,0.24,0.225,0.11,40,0,4
DTLZ7,20,14,32014,15,184,"S3_(0.50,0.75]",0.8,1,0.44,0.512820512820513,0.36,0.32,0.16,0.256410256410256,0.14,39,0,5
DTLZ7,20,14,32014,16,190,"S3_(0.50,0.75]",0.84,0.96,0.36,0.488372093023256,0.32,0.36,0.12,0.232558139534884,0.15,43,0,4
DTLZ7,20,14,32014,17,196,"S3_(0.50,0.75]",0.84,0.96,0.4,0.456521739130435,0.36,0.36,0.2,0.304347826086957,0.17,46,0,4
DTLZ7,20,14,32014,18,202,"S3_(0.50,0.75]",0.84,0.92,0.48,0.428571428571429,0.4,0.44,0.16,0.285714285714286,0.2,49,0,3
DTLZ7,20,14,32014,19,208,"S3_(0.50,0.75]",0.8,1,0.28,0.416666666666667,0.48,0.36,0.24,0.375,0.23,48,0,5
DTLZ7,20,14,32014,20,214,"S3_(0.50,0.75]",0.76,0.96,0.28,0.38,0.4,0.36,0.16,0.32,0.24,50,0,7
DTLZ7,20,14,32014,21,220,"S3_(0.50,0.75]",0.72,0.92,0.28,0.382978723404255,0.52,0.48,0.24,0.425531914893617,0.29,47,0,7
DTLZ7,20,14,32014,22,226,"S4_(0.75,1.00]",0.72,0.96,0.32,0.391304347826087,0.64,0.56,0.28,0.478260869565217,0.34,46,0,6
DTLZ7,20,14,32014,23,232,"S4_(0.75,1.00]",0.8,0.96,0.32,0.416666666666667,0.68,0.64,0.24,0.479166666666667,0.38,48,0,6
DTLZ7,20,14,32014,24,238,"S4_(0.75,1.00]",0.84,0.88,0.28,0.428571428571429,0.76,0.76,0.32,0.551020408163265,0.43,49,0,2
DTLZ7,20,14,32014,25,244,"S4_(0.75,1.00]",0.76,0.96,0.28,0.404255319148936,0.84,0.8,0.4,0.617021276595745,0.47,47,0,5
DTLZ7,20,14,32014,26,250,"S4_(0.75,1.00]",0.76,0.92,0.4,0.41304347826087,0.88,0.84,0.48,0.652173913043478,0.53,46,0,8
DTLZ7,20,14,32014,27,256,"S4_(0.75,1.00]",0.72,0.92,0.28,0.375,0.88,0.84,0.4,0.645833333333333,0.55,48,0,7
DTLZ7,20,14,32014,28,262,"S4_(0.75,1.00]",0.8,0.92,0.28,0.408163265306122,0.88,0.92,0.52,0.673469387755102,0.58,49,0,5
DTLZ7,20,14,32014,29,268,"S4_(0.75,1.00]",0.92,0.96,0.44,0.425925925925926,0.88,0.92,0.56,0.722222222222222,0.6,54,0,2
DTLZ7,20,14,32014,30,274,"S4_(0.75,1.00]",0.72,0.88,0.4,0.439024390243902,0.88,0.92,0.72,0.804878048780488,0.65,41,0,6
DTLZ7,20,14,32014,31,280,"S4_(0.75,1.00]",0.8,1,0.32,0.434782608695652,0.92,0.92,0.68,0.782608695652174,0.7,46,0,5
DTLZ7,20,14,32014,32,286,"S4_(0.75,1.00]",0.88,1,0.44,0.5,0.92,0.92,0.92,0.954545454545455,0.76,44,0,3
DTLZ7,20,14,32014,33,292,"S4_(0.75,1.00]",0.88,0.96,0.4,0.415094339622642,0.96,0.96,0.84,0.924528301886792,0.83,53,0,4
DTLZ7,20,14,32014,34,298,"S4_(0.75,1.00]",0.88,0.84,0.36,0.418181818181818,0.96,0.96,0.92,0.963636363636364,0.87,55,0,3
DTLZ7,20,15,32015,1,100,"S2_(0.25,0.50]",0.88,0.92,0.48,0.366666666666667,0.04,0.04,0.04,0.0333333333333333,0.02,60,0,5
DTLZ7,20,15,32015,2,106,"S2_(0.25,0.50]",0.96,0.96,0.44,0.358208955223881,0.08,0.08,0.04,0.0447761194029851,0.03,67,0,2
DTLZ7,20,15,32015,3,112,"S2_(0.25,0.50]",0.92,0.96,0.36,0.365079365079365,0.04,0,0.04,0.0317460317460317,0.03,63,0,2
DTLZ7,20,15,32015,4,118,"S2_(0.25,0.50]",0.88,0.96,0.36,0.383333333333333,0.04,0.04,0,0.0333333333333333,0.04,60,0,3
DTLZ7,20,15,32015,5,124,"S2_(0.25,0.50]",0.88,1,0.32,0.379310344827586,0.04,0.04,0,0.0344827586206897,0.04,58,0,3
DTLZ7,20,15,32015,6,130,"S2_(0.25,0.50]",0.88,1,0.32,0.338461538461538,0.2,0.2,0,0.0923076923076923,0.08,65,0,3
DTLZ7,20,15,32015,7,136,"S2_(0.25,0.50]",0.96,1,0.28,0.363636363636364,0.2,0.2,0,0.0909090909090909,0.08,66,0,1
DTLZ7,20,15,32015,8,142,"S2_(0.25,0.50]",0.92,0.96,0.2,0.380952380952381,0.2,0.2,0.04,0.111111111111111,0.09,63,0,2
DTLZ7,20,15,32015,9,148,"S2_(0.25,0.50]",0.96,1,0.32,0.413793103448276,0.2,0.2,0.08,0.155172413793103,0.1,58,0,1
DTLZ7,20,15,32015,10,154,"S3_(0.50,0.75]",0.92,0.92,0.24,0.389830508474576,0.2,0.2,0.08,0.169491525423729,0.11,59,0,2
DTLZ7,20,15,32015,11,160,"S3_(0.50,0.75]",0.84,0.96,0.24,0.35,0.16,0.16,0.08,0.166666666666667,0.1,60,0,4
DTLZ7,20,15,32015,12,166,"S3_(0.50,0.75]",0.92,0.96,0.44,0.418181818181818,0.2,0.2,0.04,0.181818181818182,0.11,55,0,1
DTLZ7,20,15,32015,13,172,"S3_(0.50,0.75]",0.96,0.96,0.44,0.444444444444444,0.16,0.16,0,0.166666666666667,0.11,54,0,1
DTLZ7,20,15,32015,14,178,"S3_(0.50,0.75]",0.88,0.96,0.4,0.407407407407407,0.2,0.2,0,0.185185185185185,0.12,54,0,4
DTLZ7,20,15,32015,15,184,"S3_(0.50,0.75]",0.88,0.92,0.52,0.425925925925926,0.28,0.28,0.08,0.240740740740741,0.15,54,0,1
DTLZ7,20,15,32015,16,190,"S3_(0.50,0.75]",0.96,0.96,0.44,0.452830188679245,0.44,0.48,0.12,0.320754716981132,0.2,53,0,1
DTLZ7,20,15,32015,17,196,"S3_(0.50,0.75]",0.96,1,0.44,0.369230769230769,0.48,0.48,0.2,0.276923076923077,0.21,65,0,1
DTLZ7,20,15,32015,18,202,"S3_(0.50,0.75]",0.92,1,0.4,0.343283582089552,0.4,0.36,0.2,0.26865671641791,0.22,67,0,2
DTLZ7,20,15,32015,19,208,"S3_(0.50,0.75]",0.84,0.96,0.28,0.381818181818182,0.4,0.32,0.12,0.309090909090909,0.24,55,0,4
DTLZ7,20,15,32015,20,214,"S3_(0.50,0.75]",0.88,1,0.32,0.349206349206349,0.44,0.36,0.12,0.349206349206349,0.28,63,0,3
DTLZ7,20,15,32015,21,220,"S3_(0.50,0.75]",0.8,0.96,0.4,0.363636363636364,0.52,0.48,0.16,0.454545454545455,0.33,55,0,5
DTLZ7,20,15,32015,22,226,"S4_(0.75,1.00]",0.6,1,0.2,0.326086956521739,0.8,0.56,0.48,0.58695652173913,0.38,46,0,10
DTLZ7,20,15,32015,23,232,"S4_(0.75,1.00]",0.76,1,0.16,0.372549019607843,0.76,0.68,0.4,0.588235294117647,0.43,51,0,6
DTLZ7,20,15,32015,24,238,"S4_(0.75,1.00]",0.8,0.96,0.2,0.416666666666667,0.8,0.72,0.4,0.625,0.47,48,0,5
DTLZ7,20,15,32015,25,244,"S4_(0.75,1.00]",0.8,0.96,0.28,0.377358490566038,0.84,0.76,0.4,0.622641509433962,0.49,53,0,5
DTLZ7,20,15,32015,26,250,"S4_(0.75,1.00]",0.92,0.92,0.36,0.450980392156863,0.84,0.84,0.6,0.725490196078431,0.54,51,0,2
DTLZ7,20,15,32015,27,256,"S4_(0.75,1.00]",0.92,0.92,0.4,0.370967741935484,0.88,0.84,0.56,0.661290322580645,0.58,62,0,2
DTLZ7,20,15,32015,28,262,"S4_(0.75,1.00]",0.8,0.96,0.28,0.384615384615385,0.84,0.8,0.68,0.788461538461538,0.63,52,0,6
DTLZ7,20,15,32015,29,268,"S4_(0.75,1.00]",0.8,0.96,0.32,0.344827586206897,0.8,0.84,0.6,0.758620689655172,0.67,58,0,4
DTLZ7,20,15,32015,30,274,"S4_(0.75,1.00]",0.96,1,0.48,0.387096774193548,0.88,0.88,0.76,0.806451612903226,0.72,62,0,1
DTLZ7,20,15,32015,31,280,"S4_(0.75,1.00]",0.84,0.96,0.48,0.333333333333333,0.84,0.84,0.72,0.787878787878788,0.72,66,0,3
DTLZ7,20,15,32015,32,286,"S4_(0.75,1.00]",0.8,0.96,0.4,0.317460317460317,0.96,0.96,0.84,0.888888888888889,0.88,63,0,5
DTLZ7,20,15,32015,33,292,"S4_(0.75,1.00]",0.88,1,0.36,0.349206349206349,1,1,0.92,0.936507936507937,0.92,63,0,3
DTLZ7,20,15,32015,34,298,"S4_(0.75,1.00]",0.88,0.96,0.36,0.34375,1,1,1,0.96875,0.98,64,0,4
DTLZ7,20,16,32016,1,100,"S2_(0.25,0.50]",0.64,0.92,0.52,0.457142857142857,0,0,0.04,0.0285714285714286,0.03,35,0,9
DTLZ7,20,16,32016,2,106,"S2_(0.25,0.50]",0.92,0.96,0.4,0.347826086956522,0,0,0,0.0434782608695652,0.03,69,0,1
DTLZ7,20,16,32016,3,112,"S2_(0.25,0.50]",0.84,1,0.32,0.381818181818182,0,0,0,0.0363636363636364,0.03,55,0,4
DTLZ7,20,16,32016,4,118,"S2_(0.25,0.50]",0.88,0.96,0.28,0.407407407407407,0,0,0.04,0.0555555555555556,0.03,54,0,3
DTLZ7,20,16,32016,5,124,"S2_(0.25,0.50]",0.88,0.96,0.44,0.488888888888889,0.04,0.04,0.08,0.0888888888888889,0.04,45,0,4
DTLZ7,20,16,32016,6,130,"S2_(0.25,0.50]",0.92,0.96,0.36,0.442307692307692,0.04,0.04,0.04,0.0769230769230769,0.04,52,0,2
DTLZ7,20,16,32016,7,136,"S2_(0.25,0.50]",0.88,1,0.32,0.379310344827586,0.12,0.12,0.04,0.103448275862069,0.06,58,0,3
DTLZ7,20,16,32016,8,142,"S2_(0.25,0.50]",0.8,0.92,0.24,0.363636363636364,0.2,0.16,0.04,0.145454545454545,0.08,55,0,5
DTLZ7,20,16,32016,9,148,"S2_(0.25,0.50]",0.8,1,0.28,0.350877192982456,0.2,0.12,0.04,0.140350877192982,0.08,57,0,5
DTLZ7,20,16,32016,10,154,"S3_(0.50,0.75]",0.76,0.96,0.2,0.351851851851852,0.2,0.2,0.08,0.203703703703704,0.11,54,0,5
DTLZ7,20,16,32016,11,160,"S3_(0.50,0.75]",0.84,0.92,0.28,0.338709677419355,0.24,0.2,0.08,0.193548387096774,0.12,62,0,4
DTLZ7,20,16,32016,12,166,"S3_(0.50,0.75]",0.8,0.96,0.4,0.350877192982456,0.32,0.32,0.12,0.245614035087719,0.16,57,0,4
DTLZ7,20,16,32016,13,172,"S3_(0.50,0.75]",0.84,1,0.36,0.388888888888889,0.4,0.32,0.16,0.296296296296296,0.19,54,0,4
DTLZ7,20,16,32016,14,178,"S3_(0.50,0.75]",0.72,0.96,0.28,0.327272727272727,0.32,0.28,0.12,0.272727272727273,0.19,55,0,6
DTLZ7,20,16,32016,15,184,"S3_(0.50,0.75]",0.76,1,0.36,0.327586206896552,0.32,0.28,0.12,0.275862068965517,0.21,58,0,6
DTLZ7,20,16,32016,16,190,"S3_(0.50,0.75]",0.76,0.96,0.32,0.333333333333333,0.44,0.36,0.2,0.368421052631579,0.25,57,0,6
DTLZ7,20,16,32016,17,196,"S3_(0.50,0.75]",0.76,0.96,0.36,0.339285714285714,0.48,0.36,0.24,0.375,0.27,56,0,5
DTLZ7,20,16,32016,18,202,"S3_(0.50,0.75]",0.84,0.96,0.36,0.362068965517241,0.44,0.44,0.28,0.396551724137931,0.3,58,0,3
DTLZ7,20,16,32016,19,208,"S3_(0.50,0.75]",0.8,0.92,0.36,0.344827586206897,0.48,0.44,0.28,0.413793103448276,0.32,58,0,4
DTLZ7,20,16,32016,20,214,"S3_(0.50,0.75]",0.76,0.92,0.44,0.372549019607843,0.56,0.48,0.48,0.529411764705882,0.38,51,0,6
DTLZ7,20,16,32016,21,220,"S3_(0.50,0.75]",0.88,1,0.52,0.4,0.44,0.48,0.4,0.490909090909091,0.39,55,0,3
DTLZ7,20,16,32016,22,226,"S4_(0.75,1.00]",0.92,0.88,0.52,0.425925925925926,0.52,0.56,0.36,0.537037037037037,0.41,54,0,2
DTLZ7,20,16,32016,23,232,"S4_(0.75,1.00]",0.8,0.92,0.48,0.357142857142857,0.6,0.56,0.36,0.571428571428571,0.44,56,0,5
DTLZ7,20,16,32016,24,238,"S4_(0.75,1.00]",0.8,0.92,0.36,0.392156862745098,0.72,0.64,0.52,0.627450980392157,0.46,51,0,5
DTLZ7,20,16,32016,25,244,"S4_(0.75,1.00]",0.88,0.96,0.4,0.448979591836735,0.72,0.68,0.56,0.63265306122449,0.49,49,0,3
DTLZ7,20,16,32016,26,250,"S4_(0.75,1.00]",0.8,0.88,0.32,0.377358490566038,0.68,0.76,0.4,0.60377358490566,0.54,53,0,6
DTLZ7,20,16,32016,27,256,"S4_(0.75,1.00]",0.88,0.96,0.36,0.4,0.68,0.8,0.44,0.618181818181818,0.58,55,0,3
DTLZ7,20,16,32016,28,262,"S4_(0.75,1.00]",0.84,0.88,0.36,0.411764705882353,0.84,0.8,0.6,0.745098039215686,0.61,51,0,3
DTLZ7,20,16,32016,29,268,"S4_(0.75,1.00]",0.92,0.96,0.64,0.533333333333333,0.88,0.84,0.76,0.8,0.62,45,0,1
DTLZ7,20,16,32016,30,274,"S4_(0.75,1.00]",0.92,1,0.56,0.433962264150943,0.76,0.76,0.56,0.69811320754717,0.64,53,0,2
DTLZ7,20,16,32016,31,280,"S4_(0.75,1.00]",0.96,0.92,0.56,0.446428571428571,0.84,0.84,0.64,0.732142857142857,0.66,56,0,1
DTLZ7,20,16,32016,32,286,"S4_(0.75,1.00]",0.92,0.96,0.48,0.383333333333333,0.84,0.84,0.88,0.866666666666667,0.8,60,0,2
DTLZ7,20,16,32016,33,292,"S4_(0.75,1.00]",0.88,0.96,0.44,0.415094339622642,0.88,0.84,0.8,0.886792452830189,0.83,53,0,3
DTLZ7,20,16,32016,34,298,"S4_(0.75,1.00]",0.88,0.92,0.48,0.396551724137931,0.96,0.96,0.96,0.982758620689655,0.98,58,0,1
DTLZ7,20,17,32017,1,100,"S2_(0.25,0.50]",0.84,0.92,0.44,0.328358208955224,0.04,0.04,0,0.0298507462686567,0.02,67,0,4
DTLZ7,20,17,32017,2,106,"S2_(0.25,0.50]",0.8,0.92,0.4,0.308823529411765,0.08,0.08,0,0.0441176470588235,0.03,68,0,5
DTLZ7,20,17,32017,3,112,"S2_(0.25,0.50]",0.8,0.96,0.2,0.317460317460317,0.12,0.12,0,0.0476190476190476,0.04,63,0,5
DTLZ7,20,17,32017,4,118,"S2_(0.25,0.50]",0.92,0.96,0.2,0.377049180327869,0.16,0.12,0,0.0655737704918033,0.05,61,0,3
DTLZ7,20,17,32017,5,124,"S2_(0.25,0.50]",0.92,1,0.28,0.383333333333333,0.2,0.16,0,0.1,0.07,60,0,2
DTLZ7,20,17,32017,6,130,"S2_(0.25,0.50]",0.96,0.92,0.28,0.428571428571429,0.16,0.16,0,0.107142857142857,0.07,56,0,2
DTLZ7,20,17,32017,7,136,"S2_(0.25,0.50]",0.92,0.96,0.44,0.380952380952381,0.16,0.16,0,0.0952380952380952,0.07,63,0,1
DTLZ7,20,17,32017,8,142,"S2_(0.25,0.50]",0.96,0.96,0.44,0.369230769230769,0.16,0.16,0,0.107692307692308,0.08,65,0,1
DTLZ7,20,17,32017,9,148,"S2_(0.25,0.50]",0.92,0.92,0.4,0.396551724137931,0.16,0.16,0.04,0.137931034482759,0.09,58,0,2
DTLZ7,20,17,32017,10,154,"S3_(0.50,0.75]",0.88,0.96,0.48,0.418181818181818,0.2,0.2,0.08,0.163636363636364,0.1,55,0,3
DTLZ7,20,17,32017,11,160,"S3_(0.50,0.75]",0.92,1,0.4,0.377049180327869,0.24,0.2,0.04,0.147540983606557,0.11,61,0,2
DTLZ7,20,17,32017,12,166,"S3_(0.50,0.75]",0.84,1,0.32,0.368421052631579,0.24,0.2,0.08,0.175438596491228,0.13,57,0,4
DTLZ7,20,17,32017,13,172,"S3_(0.50,0.75]",0.88,1,0.32,0.372881355932203,0.16,0.16,0.04,0.169491525423729,0.13,59,0,3
DTLZ7,20,17,32017,14,178,"S3_(0.50,0.75]",0.92,1,0.36,0.403508771929825,0.24,0.28,0.08,0.228070175438596,0.16,57,0,2
DTLZ7,20,17,32017,15,184,"S3_(0.50,0.75]",0.92,1,0.24,0.377049180327869,0.32,0.32,0.16,0.245901639344262,0.18,61,0,2
DTLZ7,20,17,32017,16,190,"S3_(0.50,0.75]",0.92,1,0.4,0.425925925925926,0.24,0.24,0.12,0.296296296296296,0.19,54,0,2
DTLZ7,20,17,32017,17,196,"S3_(0.50,0.75]",0.92,1,0.44,0.425925925925926,0.28,0.28,0.16,0.333333333333333,0.21,54,0,2
DTLZ7,20,17,32017,18,202,"S3_(0.50,0.75]",0.92,1,0.44,0.479166666666667,0.32,0.36,0.16,0.354166666666667,0.23,48,0,2
DTLZ7,20,17,32017,19,208,"S3_(0.50,0.75]",0.88,1,0.36,0.448979591836735,0.28,0.36,0.2,0.36734693877551,0.26,49,0,3
DTLZ7,20,17,32017,20,214,"S3_(0.50,0.75]",0.8,0.88,0.28,0.384615384615385,0.44,0.48,0.28,0.423076923076923,0.3,52,0,6
DTLZ7,20,17,32017,21,220,"S3_(0.50,0.75]",0.76,0.92,0.24,0.365384615384615,0.52,0.56,0.28,0.442307692307692,0.34,52,0,7
DTLZ7,20,17,32017,22,226,"S4_(0.75,1.00]",0.72,0.92,0.24,0.36,0.56,0.52,0.24,0.46,0.38,50,0,6
DTLZ7,20,17,32017,23,232,"S4_(0.75,1.00]",0.8,0.88,0.4,0.388888888888889,0.6,0.48,0.4,0.5,0.41,54,0,3
DTLZ7,20,17,32017,24,238,"S4_(0.75,1.00]",0.72,0.92,0.24,0.387755102040816,0.6,0.48,0.44,0.551020408163265,0.42,49,0,5
DTLZ7,20,17,32017,25,244,"S4_(0.75,1.00]",0.8,0.96,0.36,0.384615384615385,0.6,0.64,0.44,0.596153846153846,0.5,52,0,5
DTLZ7,20,17,32017,26,250,"S4_(0.75,1.00]",0.8,0.96,0.4,0.416666666666667,0.68,0.72,0.6,0.645833333333333,0.54,48,0,5
DTLZ7,20,17,32017,27,256,"S4_(0.75,1.00]",0.8,0.92,0.52,0.411764705882353,0.72,0.68,0.44,0.627450980392157,0.58,51,0,3
DTLZ7,20,17,32017,28,262,"S4_(0.75,1.00]",0.84,0.96,0.4,0.381818181818182,0.76,0.8,0.44,0.618181818181818,0.63,55,0,4
DTLZ7,20,17,32017,29,268,"S4_(0.75,1.00]",0.76,0.96,0.28,0.345454545454545,0.88,0.84,0.52,0.672727272727273,0.66,55,0,5
DTLZ7,20,17,32017,30,274,"S4_(0.75,1.00]",0.72,0.92,0.32,0.352941176470588,0.84,0.84,0.64,0.725490196078431,0.69,51,0,8
DTLZ7,20,17,32017,31,280,"S4_(0.75,1.00]",0.76,0.96,0.44,0.365384615384615,0.88,0.92,0.72,0.807692307692308,0.72,52,0,6
DTLZ7,20,17,32017,32,286,"S4_(0.75,1.00]",0.64,0.92,0.36,0.363636363636364,0.92,0.96,0.84,0.909090909090909,0.78,44,0,9
DTLZ7,20,17,32017,33,292,"S4_(0.75,1.00]",0.64,0.88,0.28,0.380952380952381,0.96,0.96,0.88,0.928571428571429,0.8,42,0,8
DTLZ7,20,17,32017,34,298,"S4_(0.75,1.00]",0.84,0.8,0.56,0.48,1,1,1,1,0.98,50,0,2
DTLZ7,20,18,32018,1,100,"S2_(0.25,0.50]",0.68,0.92,0.52,0.459459459459459,0,0,0,0,0.04,37,0,9
DTLZ7,20,18,32018,2,106,"S2_(0.25,0.50]",0.52,0.92,0.52,0.433333333333333,0,0,0,0,0.04,30,0,13
DTLZ7,20,18,32018,3,112,"S2_(0.25,0.50]",0.56,0.96,0.44,0.4,0.04,0.04,0.04,0.0285714285714286,0.05,35,0,12
DTLZ7,20,18,32018,4,118,"S2_(0.25,0.50]",0.64,0.96,0.52,0.421052631578947,0.04,0.08,0.04,0.0263157894736842,0.06,38,0,10
DTLZ7,20,18,32018,5,124,"S2_(0.25,0.50]",0.52,0.92,0.4,0.371428571428571,0.08,0.16,0.04,0.0571428571428571,0.08,35,0,12
DTLZ7,20,18,32018,6,130,"S2_(0.25,0.50]",0.4,0.96,0.36,0.32258064516129,0.08,0.16,0.08,0.0645161290322581,0.08,31,0,15
DTLZ7,20,18,32018,7,136,"S2_(0.25,0.50]",0.4,0.96,0.36,0.32258064516129,0.08,0.16,0.08,0.0645161290322581,0.08,31,0,16
DTLZ7,20,18,32018,8,142,"S2_(0.25,0.50]",0.36,0.92,0.36,0.257142857142857,0.04,0.16,0.04,0.0285714285714286,0.09,35,0,17
DTLZ7,20,18,32018,9,148,"S2_(0.25,0.50]",0.36,0.96,0.36,0.25,0.04,0.12,0.04,0.0277777777777778,0.09,36,0,16
DTLZ7,20,18,32018,10,154,"S3_(0.50,0.75]",0.32,0.96,0.24,0.25,0.04,0.12,0.04,0.03125,0.09,32,0,17
DTLZ7,20,18,32018,11,160,"S3_(0.50,0.75]",0.32,0.96,0.24,0.242424242424242,0.04,0.12,0.04,0.0303030303030303,0.09,33,0,16
DTLZ7,20,18,32018,12,166,"S3_(0.50,0.75]",0.4,0.88,0.32,0.32258064516129,0.12,0.12,0.12,0.0967741935483871,0.1,31,0,17
DTLZ7,20,18,32018,13,172,"S3_(0.50,0.75]",0.92,0.92,0.28,0.333333333333333,0.2,0.16,0.08,0.159420289855072,0.13,69,0,2
DTLZ7,20,18,32018,14,178,"S3_(0.50,0.75]",0.4,0.88,0.32,0.27027027027027,0.16,0.2,0.16,0.108108108108108,0.14,37,0,18
DTLZ7,20,18,32018,15,184,"S3_(0.50,0.75]",0.88,0.96,0.36,0.318840579710145,0.2,0.2,0.16,0.202898550724638,0.14,69,0,3
DTLZ7,20,18,32018,16,190,"S3_(0.50,0.75]",0.84,1,0.36,0.318181818181818,0.32,0.28,0.16,0.257575757575758,0.18,66,0,4
DTLZ7,20,18,32018,17,196,"S3_(0.50,0.75]",0.88,0.96,0.36,0.333333333333333,0.28,0.24,0.12,0.242424242424242,0.19,66,0,3
DTLZ7,20,18,32018,18,202,"S3_(0.50,0.75]",0.92,0.92,0.32,0.348484848484849,0.36,0.36,0.2,0.303030303030303,0.24,66,0,2
DTLZ7,20,18,32018,19,208,"S3_(0.50,0.75]",0.88,0.96,0.32,0.354838709677419,0.48,0.44,0.24,0.387096774193548,0.27,62,0,3
DTLZ7,20,18,32018,20,214,"S3_(0.50,0.75]",0.76,0.96,0.36,0.441860465116279,0.36,0.48,0.28,0.372093023255814,0.29,43,0,5
DTLZ7,20,18,32018,21,220,"S3_(0.50,0.75]",0.84,1,0.48,0.466666666666667,0.48,0.44,0.4,0.422222222222222,0.31,45,0,4
DTLZ7,20,18,32018,22,226,"S4_(0.75,1.00]",0.8,0.96,0.32,0.377358490566038,0.52,0.44,0.12,0.39622641509434,0.32,53,0,4
DTLZ7,20,18,32018,23,232,"S4_(0.75,1.00]",0.8,0.96,0.32,0.425531914893617,0.44,0.44,0.24,0.425531914893617,0.33,47,0,4
DTLZ7,20,18,32018,24,238,"S4_(0.75,1.00]",0.84,0.96,0.44,0.456521739130435,0.6,0.44,0.36,0.543478260869565,0.39,46,0,4
DTLZ7,20,18,32018,25,244,"S4_(0.75,1.00]",0.8,0.96,0.44,0.444444444444444,0.64,0.52,0.52,0.644444444444444,0.44,45,0,4
DTLZ7,20,18,32018,26,250,"S4_(0.75,1.00]",0.84,0.96,0.28,0.411764705882353,0.56,0.48,0.4,0.627450980392157,0.47,51,0,3
DTLZ7,20,18,32018,27,256,"S4_(0.75,1.00]",0.88,0.96,0.36,0.392857142857143,0.6,0.56,0.44,0.660714285714286,0.53,56,0,3
DTLZ7,20,18,32018,28,262,"S4_(0.75,1.00]",0.84,0.96,0.44,0.428571428571429,0.68,0.64,0.56,0.73469387755102,0.57,49,0,4
DTLZ7,20,18,32018,29,268,"S4_(0.75,1.00]",0.88,0.96,0.36,0.468085106382979,0.76,0.68,0.64,0.787234042553192,0.63,47,0,3
DTLZ7,20,18,32018,30,274,"S4_(0.75,1.00]",0.92,0.96,0.32,0.479166666666667,0.84,0.84,0.68,0.791666666666667,0.69,48,0,1
DTLZ7,20,18,32018,31,280,"S4_(0.75,1.00]",0.88,1,0.36,0.44,0.88,0.92,0.6,0.78,0.73,50,0,3
DTLZ7,20,18,32018,32,286,"S4_(0.75,1.00]",0.92,0.92,0.32,0.444444444444444,0.92,0.92,0.64,0.796296296296296,0.79,54,0,2
DTLZ7,20,18,32018,33,292,"S4_(0.75,1.00]",1,1,0.44,0.454545454545455,0.96,0.96,0.88,0.945454545454545,0.92,55,0,0
DTLZ7,20,18,32018,34,298,"S4_(0.75,1.00]",0.88,1,0.4,0.392857142857143,1,1,0.96,0.982142857142857,0.98,56,0,3
DTLZ7,20,19,32019,1,100,"S2_(0.25,0.50]",0.92,0.96,0.56,0.363636363636364,0,0,0,0.0151515151515152,0.01,66,0,1
DTLZ7,20,19,32019,2,106,"S2_(0.25,0.50]",0.96,0.96,0.56,0.384615384615385,0,0,0,0.0153846153846154,0.01,65,0,1
DTLZ7,20,19,32019,3,112,"S2_(0.25,0.50]",0.96,0.96,0.52,0.373134328358209,0,0,0,0.0149253731343284,0.01,67,0,0
DTLZ7,20,19,32019,4,118,"S2_(0.25,0.50]",0.96,1,0.32,0.39344262295082,0.08,0.08,0,0.0491803278688525,0.03,61,0,1
DTLZ7,20,19,32019,5,124,"S2_(0.25,0.50]",0.96,0.96,0.24,0.378787878787879,0.08,0.08,0,0.0454545454545455,0.03,66,0,0
DTLZ7,20,19,32019,6,130,"S2_(0.25,0.50]",0.88,0.96,0.12,0.349206349206349,0.08,0.04,0,0.0476190476190476,0.03,63,0,3
DTLZ7,20,19,32019,7,136,"S2_(0.25,0.50]",0.84,0.92,0.12,0.323076923076923,0.12,0.12,0,0.0769230769230769,0.05,65,0,2
DTLZ7,20,19,32019,8,142,"S2_(0.25,0.50]",0.92,0.96,0.28,0.46,0.12,0.12,0,0.1,0.05,50,0,2
DTLZ7,20,19,32019,9,148,"S2_(0.25,0.50]",0.96,0.96,0.24,0.380952380952381,0.2,0.2,0,0.111111111111111,0.07,63,0,2
DTLZ7,20,19,32019,10,154,"S3_(0.50,0.75]",0.92,0.96,0.24,0.403508771929825,0.2,0.16,0,0.12280701754386,0.07,57,0,2
DTLZ7,20,19,32019,11,160,"S3_(0.50,0.75]",0.92,0.96,0.28,0.358208955223881,0.24,0.2,0.04,0.134328358208955,0.1,67,0,1
DTLZ7,20,19,32019,12,166,"S3_(0.50,0.75]",0.88,0.92,0.4,0.360655737704918,0.36,0.32,0.04,0.229508196721311,0.14,61,0,3
DTLZ7,20,19,32019,13,172,"S3_(0.50,0.75]",0.88,0.96,0.48,0.359375,0.32,0.36,0.04,0.21875,0.15,64,0,2
DTLZ7,20,19,32019,14,178,"S3_(0.50,0.75]",0.92,0.96,0.4,0.370967741935484,0.4,0.4,0.12,0.241935483870968,0.17,62,0,1
DTLZ7,20,19,32019,15,184,"S3_(0.50,0.75]",0.96,0.96,0.32,0.358208955223881,0.4,0.4,0.2,0.253731343283582,0.19,67,0,1
DTLZ7,20,19,32019,16,190,"S3_(0.50,0.75]",0.96,0.96,0.32,0.373134328358209,0.48,0.48,0.2,0.298507462686567,0.23,67,0,0
DTLZ7,20,19,32019,17,196,"S3_(0.50,0.75]",0.92,0.92,0.28,0.358208955223881,0.48,0.44,0.2,0.313432835820896,0.24,67,0,2
DTLZ7,20,19,32019,18,202,"S3_(0.50,0.75]",0.88,0.96,0.28,0.379310344827586,0.36,0.36,0.2,0.344827586206897,0.24,58,0,3
DTLZ7,20,19,32019,19,208,"S3_(0.50,0.75]",0.96,0.96,0.36,0.436363636363636,0.4,0.4,0.16,0.381818181818182,0.27,55,0,2
DTLZ7,20,19,32019,20,214,"S3_(0.50,0.75]",0.92,0.92,0.4,0.470588235294118,0.4,0.4,0.36,0.490196078431373,0.3,51,0,1
DTLZ7,20,19,32019,21,220,"S3_(0.50,0.75]",0.96,0.96,0.48,0.5,0.48,0.48,0.36,0.52,0.33,50,0,0
DTLZ7,20,19,32019,22,226,"S4_(0.75,1.00]",0.84,0.92,0.4,0.349206349206349,0.6,0.52,0.36,0.492063492063492,0.37,63,0,3
DTLZ7,20,19,32019,23,232,"S4_(0.75,1.00]",0.8,0.88,0.32,0.35,0.64,0.6,0.36,0.533333333333333,0.4,60,0,4
DTLZ7,20,19,32019,24,238,"S4_(0.75,1.00]",0.84,0.84,0.36,0.396825396825397,0.6,0.56,0.4,0.507936507936508,0.43,63,0,2
DTLZ7,20,19,32019,25,244,"S4_(0.75,1.00]",0.8,0.8,0.36,0.343283582089552,0.68,0.64,0.4,0.537313432835821,0.47,67,0,2
DTLZ7,20,19,32019,26,250,"S4_(0.75,1.00]",0.8,0.8,0.4,0.450980392156863,0.76,0.76,0.44,0.666666666666667,0.52,51,0,2
DTLZ7,20,19,32019,27,256,"S4_(0.75,1.00]",0.84,0.96,0.28,0.39622641509434,0.88,0.88,0.6,0.735849056603774,0.57,53,0,4
DTLZ7,20,19,32019,28,262,"S4_(0.75,1.00]",0.88,0.96,0.36,0.385964912280702,0.84,0.8,0.52,0.701754385964912,0.62,57,0,3
DTLZ7,20,19,32019,29,268,"S4_(0.75,1.00]",0.8,0.84,0.28,0.384615384615385,0.84,0.8,0.56,0.75,0.64,52,0,7
DTLZ7,20,19,32019,30,274,"S4_(0.75,1.00]",0.88,0.88,0.48,0.458333333333333,0.84,0.84,0.64,0.8125,0.69,48,0,3
DTLZ7,20,19,32019,31,280,"S4_(0.75,1.00]",0.88,0.8,0.4,0.458333333333333,0.88,0.84,0.72,0.833333333333333,0.73,48,0,5
DTLZ7,20,19,32019,32,286,"S4_(0.75,1.00]",0.76,0.84,0.28,0.42,0.88,0.92,0.68,0.84,0.75,50,0,3
DTLZ7,20,19,32019,33,292,"S4_(0.75,1.00]",0.88,0.92,0.32,0.423076923076923,0.96,0.96,0.96,0.980769230769231,0.92,52,0,4
DTLZ7,20,19,32019,34,298,"S4_(0.75,1.00]",0.84,0.84,0.32,0.425925925925926,0.96,0.96,0.96,0.981481481481482,0.98,54,0,2
DTLZ7,20,20,32020,1,100,"S2_(0.25,0.50]",0.96,0.92,0.6,0.347826086956522,0.04,0.04,0.08,0.072463768115942,0.05,69,0,2
DTLZ7,20,20,32020,2,106,"S2_(0.25,0.50]",0.84,0.96,0.48,0.318181818181818,0.08,0.04,0.08,0.0909090909090909,0.06,66,0,5
DTLZ7,20,20,32020,3,112,"S2_(0.25,0.50]",0.8,1,0.4,0.298507462686567,0.04,0.04,0.08,0.0895522388059701,0.06,67,0,5
DTLZ7,20,20,32020,4,118,"S2_(0.25,0.50]",0.48,0.96,0.4,0.387096774193548,0.12,0.08,0.12,0.129032258064516,0.07,31,0,12
DTLZ7,20,20,32020,5,124,"S2_(0.25,0.50]",0.92,1,0.52,0.338235294117647,0.12,0.12,0.12,0.102941176470588,0.08,68,0,2
DTLZ7,20,20,32020,6,130,"S2_(0.25,0.50]",0.96,1,0.44,0.352941176470588,0.16,0.12,0.12,0.132352941176471,0.1,68,0,1
DTLZ7,20,20,32020,7,136,"S2_(0.25,0.50]",0.96,0.96,0.52,0.375,0.2,0.2,0.08,0.171875,0.13,64,0,2
DTLZ7,20,20,32020,8,142,"S2_(0.25,0.50]",0.88,0.92,0.28,0.389830508474576,0.2,0.2,0.16,0.203389830508475,0.15,59,0,2
DTLZ7,20,20,32020,9,148,"S2_(0.25,0.50]",0.92,0.96,0.44,0.377049180327869,0.28,0.24,0.16,0.229508196721311,0.17,61,0,2
DTLZ7,20,20,32020,10,154,"S3_(0.50,0.75]",0.96,0.92,0.36,0.358208955223881,0.4,0.36,0.24,0.26865671641791,0.22,67,0,2
DTLZ7,20,20,32020,11,160,"S3_(0.50,0.75]",0.92,1,0.36,0.353846153846154,0.28,0.24,0.2,0.261538461538462,0.22,65,0,2
DTLZ7,20,20,32020,12,166,"S3_(0.50,0.75]",0.76,0.92,0.24,0.306451612903226,0.28,0.2,0.2,0.290322580645161,0.2,62,0,5
DTLZ7,20,20,32020,13,172,"S3_(0.50,0.75]",0.72,0.92,0.32,0.290322580645161,0.2,0.16,0.12,0.274193548387097,0.22,62,0,5
DTLZ7,20,20,32020,14,178,"S3_(0.50,0.75]",0.8,0.96,0.36,0.307692307692308,0.16,0.12,0.08,0.215384615384615,0.22,65,0,4
DTLZ7,20,20,32020,15,184,"S3_(0.50,0.75]",0.72,1,0.32,0.285714285714286,0.28,0.24,0.08,0.301587301587302,0.24,63,0,7
DTLZ7,20,20,32020,16,190,"S3_(0.50,0.75]",0.76,0.96,0.36,0.287878787878788,0.24,0.28,0.12,0.287878787878788,0.26,66,0,5
DTLZ7,20,20,32020,17,196,"S3_(0.50,0.75]",0.84,0.96,0.36,0.328358208955224,0.36,0.28,0.28,0.328358208955224,0.29,67,0,3
DTLZ7,20,20,32020,18,202,"S3_(0.50,0.75]",0.92,0.96,0.44,0.348484848484849,0.24,0.24,0.2,0.363636363636364,0.29,66,0,2
DTLZ7,20,20,32020,19,208,"S3_(0.50,0.75]",0.32,1,0.32,0.242424242424242,0.24,0.28,0.28,0.212121212121212,0.31,33,0,17
DTLZ7,20,20,32020,20,214,"S3_(0.50,0.75]",0.88,0.92,0.36,0.360655737704918,0.36,0.28,0.36,0.442622950819672,0.34,61,0,3
DTLZ7,20,20,32020,21,220,"S3_(0.50,0.75]",0.8,0.96,0.24,0.338983050847458,0.44,0.44,0.36,0.474576271186441,0.36,59,0,4
DTLZ7,20,20,32020,22,226,"S4_(0.75,1.00]",0.88,0.96,0.36,0.333333333333333,0.44,0.44,0.32,0.439393939393939,0.36,66,0,2
DTLZ7,20,20,32020,23,232,"S4_(0.75,1.00]",0.8,0.96,0.28,0.327868852459016,0.56,0.48,0.36,0.491803278688525,0.4,61,0,4
DTLZ7,20,20,32020,24,238,"S4_(0.75,1.00]",0.88,0.96,0.4,0.418181818181818,0.64,0.64,0.44,0.581818181818182,0.46,55,0,2
DTLZ7,20,20,32020,25,244,"S4_(0.75,1.00]",0.88,0.96,0.36,0.379310344827586,0.68,0.68,0.48,0.603448275862069,0.5,58,0,3
DTLZ7,20,20,32020,26,250,"S4_(0.75,1.00]",0.8,0.92,0.36,0.392156862745098,0.72,0.76,0.6,0.686274509803922,0.56,51,0,4
DTLZ7,20,20,32020,27,256,"S4_(0.75,1.00]",0.84,0.92,0.2,0.39622641509434,0.68,0.76,0.68,0.716981132075472,0.57,53,0,5
DTLZ7,20,20,32020,28,262,"S4_(0.75,1.00]",0.88,0.92,0.24,0.372881355932203,0.72,0.8,0.64,0.728813559322034,0.59,59,0,5
DTLZ7,20,20,32020,29,268,"S4_(0.75,1.00]",0.84,0.96,0.2,0.362068965517241,0.8,0.8,0.64,0.724137931034483,0.63,58,0,4
DTLZ7,20,20,32020,30,274,"S4_(0.75,1.00]",0.8,0.88,0.36,0.39622641509434,0.88,0.88,0.76,0.811320754716981,0.69,53,0,4
DTLZ7,20,20,32020,31,280,"S4_(0.75,1.00]",0.8,0.84,0.32,0.392156862745098,0.92,0.92,0.76,0.843137254901961,0.74,51,0,2
DTLZ7,20,20,32020,32,286,"S4_(0.75,1.00]",0.84,0.84,0.48,0.450980392156863,0.96,0.96,0.8,0.862745098039216,0.79,51,0,2
DTLZ7,20,20,32020,33,292,"S4_(0.75,1.00]",0.88,0.88,0.48,0.421052631578947,0.92,0.92,0.96,0.929824561403509,0.87,57,0,0
DTLZ7,20,20,32020,34,298,"S4_(0.75,1.00]",0.8,0.88,0.44,0.35,1,1,1,1,0.98,60,0,2
DTLZ5,10,1,71001,1,100,"S2_(0.25,0.50]",0.6,0.72,0.44,0.5,0.16,0.16,0.2,0.2,0.12,30,0,5
DTLZ5,10,1,71001,2,106,"S2_(0.25,0.50]",0.56,0.68,0.4,0.466666666666667,0.16,0.16,0.2,0.2,0.12,30,0,6
DTLZ5,10,1,71001,3,112,"S2_(0.25,0.50]",0.72,0.72,0.28,0.434782608695652,0.16,0.16,0.24,0.152173913043478,0.12,46,0,3
DTLZ5,10,1,71001,4,118,"S2_(0.25,0.50]",0.8,0.84,0.28,0.415094339622642,0.2,0.2,0.28,0.169811320754717,0.13,53,0,2
DTLZ5,10,1,71001,5,124,"S2_(0.25,0.50]",0.8,0.92,0.36,0.4,0.28,0.32,0.2,0.16,0.17,50,0,4
DTLZ5,10,1,71001,6,130,"S2_(0.25,0.50]",0.76,0.96,0.28,0.372549019607843,0.32,0.32,0.2,0.176470588235294,0.18,51,0,6
DTLZ5,10,1,71001,7,136,"S2_(0.25,0.50]",0.92,0.96,0.32,0.403508771929825,0.44,0.4,0.28,0.245614035087719,0.23,57,0,1
DTLZ5,10,1,71001,8,142,"S2_(0.25,0.50]",0.72,1,0.64,0.580645161290323,0.48,0.4,0.44,0.419354838709677,0.25,31,0,7
DTLZ5,10,1,71001,9,148,"S2_(0.25,0.50]",0.6,1,0.52,0.5,0.44,0.4,0.32,0.366666666666667,0.27,30,0,10
DTLZ5,10,1,71001,10,154,"S3_(0.50,0.75]",0.56,1,0.48,0.451612903225806,0.36,0.32,0.32,0.32258064516129,0.27,31,0,11
DTLZ5,10,1,71001,11,160,"S3_(0.50,0.75]",0.56,1,0.52,0.466666666666667,0.36,0.32,0.32,0.3,0.27,30,0,11
DTLZ5,10,1,71001,12,166,"S3_(0.50,0.75]",0.44,1,0.36,0.354838709677419,0.36,0.36,0.36,0.32258064516129,0.29,31,0,14
DTLZ5,10,1,71001,13,172,"S3_(0.50,0.75]",0.44,0.96,0.32,0.342857142857143,0.32,0.36,0.32,0.314285714285714,0.29,35,0,14
DTLZ5,10,1,71001,14,178,"S3_(0.50,0.75]",0.36,1,0.28,0.28125,0.36,0.36,0.32,0.3125,0.29,32,0,16
DTLZ5,10,1,71001,15,184,"S3_(0.50,0.75]",0.52,1,0.32,0.317073170731707,0.2,0.4,0.16,0.292682926829268,0.31,41,0,12
DTLZ5,10,1,71001,16,190,"S3_(0.50,0.75]",0.48,1,0.24,0.27906976744186,0.28,0.48,0.36,0.395348837209302,0.34,43,0,13
DTLZ5,10,1,71001,17,196,"S3_(0.50,0.75]",0.44,1,0.16,0.255813953488372,0.32,0.6,0.36,0.418604651162791,0.4,43,0,14
DTLZ5,10,1,71001,18,202,"S3_(0.50,0.75]",0.56,1,0.24,0.304347826086957,0.4,0.64,0.44,0.434782608695652,0.42,46,0,11
DTLZ5,10,1,71001,19,208,"S3_(0.50,0.75]",0.6,1,0.24,0.340909090909091,0.44,0.68,0.48,0.5,0.45,44,0,10
DTLZ5,10,1,71001,20,214,"S3_(0.50,0.75]",0.44,1,0.16,0.268292682926829,0.44,0.68,0.4,0.536585365853659,0.49,41,0,14
DTLZ5,10,1,71001,21,220,"S3_(0.50,0.75]",0.36,1,0.16,0.219512195121951,0.52,0.76,0.44,0.585365853658537,0.54,41,0,16
DTLZ5,10,1,71001,22,226,"S4_(0.75,1.00]",0.48,1,0.4,0.324324324324324,0.68,0.8,0.64,0.648648648648649,0.57,37,0,13
DTLZ5,10,1,71001,23,232,"S4_(0.75,1.00]",0.48,1,0.32,0.3,0.72,0.8,0.56,0.65,0.61,40,0,13
DTLZ5,10,1,71001,24,238,"S4_(0.75,1.00]",0.48,1,0.28,0.3,0.68,0.8,0.56,0.65,0.63,40,0,13
DTLZ5,10,1,71001,25,244,"S4_(0.75,1.00]",0.56,1,0.36,0.333333333333333,0.72,0.76,0.52,0.666666666666667,0.66,42,0,11
DTLZ5,10,1,71001,26,250,"S4_(0.75,1.00]",0.44,1,0.32,0.314285714285714,0.72,0.76,0.72,0.714285714285714,0.69,35,0,14
DTLZ5,10,1,71001,27,256,"S4_(0.75,1.00]",0.56,1,0.4,0.378378378378378,0.72,0.8,0.76,0.756756756756757,0.72,37,0,11
DTLZ5,10,1,71001,28,262,"S4_(0.75,1.00]",0.44,1,0.28,0.354838709677419,0.84,0.84,0.88,0.838709677419355,0.77,31,0,14
DTLZ5,10,1,71001,29,268,"S4_(0.75,1.00]",0.84,1,0.32,0.35,0.76,0.84,0.88,0.8,0.81,60,0,4
DTLZ5,10,1,71001,30,274,"S4_(0.75,1.00]",0.48,1,0.36,0.4,0.92,0.88,0.92,0.9,0.84,30,0,13
DTLZ5,10,1,71001,31,280,"S4_(0.75,1.00]",0.48,1,0.32,0.387096774193548,0.88,0.88,0.92,0.870967741935484,0.87,31,0,13
DTLZ5,10,1,71001,32,286,"S4_(0.75,1.00]",0.52,1,0.4,0.40625,0.96,0.92,0.96,0.9375,0.91,32,0,12
DTLZ5,10,1,71001,33,292,"S4_(0.75,1.00]",0.56,1,0.44,0.424242424242424,1,0.96,0.92,0.939393939393939,0.97,33,0,11
DTLZ5,10,1,71001,34,298,"S4_(0.75,1.00]",0.56,1,0.44,0.424242424242424,1,0.96,1,1,0.99,33,0,11
DTLZ5,10,2,71002,1,100,"S2_(0.25,0.50]",0.56,0.84,0.44,0.516129032258065,0.16,0.12,0.16,0.161290322580645,0.08,31,0,10
DTLZ5,10,2,71002,2,106,"S2_(0.25,0.50]",0.8,0.84,0.4,0.387096774193548,0.16,0.16,0.08,0.129032258064516,0.1,62,0,3
DTLZ5,10,2,71002,3,112,"S2_(0.25,0.50]",0.92,0.88,0.32,0.431034482758621,0.2,0.2,0.08,0.137931034482759,0.12,58,0,2
DTLZ5,10,2,71002,4,118,"S2_(0.25,0.50]",0.92,0.92,0.36,0.390625,0.28,0.28,0.24,0.21875,0.15,64,0,0
DTLZ5,10,2,71002,5,124,"S2_(0.25,0.50]",0.84,0.88,0.36,0.410714285714286,0.32,0.28,0.32,0.232142857142857,0.18,56,0,2
DTLZ5,10,2,71002,6,130,"S2_(0.25,0.50]",0.92,0.92,0.32,0.377049180327869,0.32,0.24,0.32,0.229508196721311,0.19,61,0,2
DTLZ5,10,2,71002,7,136,"S2_(0.25,0.50]",0.52,0.92,0.48,0.419354838709677,0.28,0.2,0.24,0.258064516129032,0.19,31,0,11
DTLZ5,10,2,71002,8,142,"S2_(0.25,0.50]",0.48,0.92,0.4,0.387096774193548,0.28,0.16,0.28,0.258064516129032,0.22,31,0,11
DTLZ5,10,2,71002,9,148,"S2_(0.25,0.50]",0.48,0.96,0.4,0.375,0.28,0.2,0.28,0.28125,0.24,32,0,13
DTLZ5,10,2,71002,10,154,"S3_(0.50,0.75]",0.52,0.96,0.4,0.40625,0.28,0.2,0.28,0.28125,0.24,32,0,11
DTLZ5,10,2,71002,11,160,"S3_(0.50,0.75]",0.64,0.96,0.44,0.484848484848485,0.24,0.08,0.24,0.272727272727273,0.24,33,0,8
DTLZ5,10,2,71002,12,166,"S3_(0.50,0.75]",0.72,0.96,0.24,0.321428571428571,0.2,0.08,0.44,0.267857142857143,0.25,56,0,7
DTLZ5,10,2,71002,13,172,"S3_(0.50,0.75]",0.76,0.88,0.28,0.333333333333333,0.12,0.08,0.44,0.280701754385965,0.28,57,0,6
DTLZ5,10,2,71002,14,178,"S3_(0.50,0.75]",0.6,0.88,0.52,0.516129032258065,0.32,0.2,0.4,0.387096774193548,0.3,31,0,8
DTLZ5,10,2,71002,15,184,"S3_(0.50,0.75]",0.6,0.88,0.56,0.533333333333333,0.4,0.24,0.36,0.4,0.32,30,0,9
DTLZ5,10,2,71002,16,190,"S3_(0.50,0.75]",0.68,0.92,0.56,0.5625,0.4,0.28,0.52,0.5,0.35,32,0,7
DTLZ5,10,2,71002,17,196,"S3_(0.50,0.75]",0.72,1,0.52,0.545454545454545,0.4,0.32,0.6,0.545454545454545,0.37,33,0,7
DTLZ5,10,2,71002,18,202,"S3_(0.50,0.75]",0.8,0.96,0.56,0.540540540540541,0.36,0.28,0.6,0.513513513513513,0.39,37,0,5
DTLZ5,10,2,71002,19,208,"S3_(0.50,0.75]",0.76,0.88,0.6,0.59375,0.32,0.32,0.52,0.4375,0.41,32,0,7
DTLZ5,10,2,71002,20,214,"S3_(0.50,0.75]",0.76,1,0.6,0.612903225806452,0.32,0.32,0.4,0.387096774193548,0.42,31,0,6
DTLZ5,10,2,71002,21,220,"S3_(0.50,0.75]",0.76,1,0.6,0.575757575757576,0.32,0.4,0.44,0.424242424242424,0.46,33,0,6
DTLZ5,10,2,71002,22,226,"S4_(0.75,1.00]",0.6,1,0.44,0.441176470588235,0.48,0.52,0.6,0.558823529411765,0.51,34,0,10
DTLZ5,10,2,71002,23,232,"S4_(0.75,1.00]",0.64,1,0.48,0.4,0.48,0.64,0.56,0.575,0.54,40,0,9
DTLZ5,10,2,71002,24,238,"S4_(0.75,1.00]",0.68,1,0.52,0.447368421052632,0.48,0.6,0.56,0.578947368421053,0.53,38,0,8
DTLZ5,10,2,71002,25,244,"S4_(0.75,1.00]",0.72,1,0.52,0.461538461538462,0.56,0.64,0.52,0.564102564102564,0.55,39,0,7
DTLZ5,10,2,71002,26,250,"S4_(0.75,1.00]",0.72,1,0.52,0.439024390243902,0.6,0.72,0.48,0.560975609756098,0.57,41,0,7
DTLZ5,10,2,71002,27,256,"S4_(0.75,1.00]",0.76,1,0.52,0.452380952380952,0.64,0.72,0.48,0.571428571428571,0.58,42,0,6
DTLZ5,10,2,71002,28,262,"S4_(0.75,1.00]",0.68,1,0.56,0.414634146341463,0.64,0.8,0.64,0.609756097560976,0.6,41,0,8
DTLZ5,10,2,71002,29,268,"S4_(0.75,1.00]",0.8,1,0.6,0.434782608695652,0.76,0.88,0.68,0.652173913043478,0.63,46,0,5
DTLZ5,10,2,71002,30,274,"S4_(0.75,1.00]",0.88,1,0.6,0.468085106382979,0.8,0.84,0.68,0.659574468085106,0.64,47,0,3
DTLZ5,10,2,71002,31,280,"S4_(0.75,1.00]",0.72,1,0.52,0.473684210526316,0.68,0.84,0.68,0.684210526315789,0.65,38,0,7
DTLZ5,10,2,71002,32,286,"S4_(0.75,1.00]",0.88,1,0.56,0.511627906976744,0.84,0.88,0.76,0.744186046511628,0.69,43,0,3
DTLZ5,10,2,71002,33,292,"S4_(0.75,1.00]",0.84,1,0.64,0.5,1,0.96,1,1,0.85,42,0,4
DTLZ5,10,2,71002,34,298,"S4_(0.75,1.00]",0.84,1,0.68,0.538461538461538,1,1,1,1,0.97,39,0,4
DTLZ5,10,3,71003,1,100,"S2_(0.25,0.50]",0.6,0.56,0.64,0.633333333333333,0.16,0.2,0.12,0.133333333333333,0.06,30,0,9
DTLZ5,10,3,71003,2,106,"S2_(0.25,0.50]",0.68,0.68,0.56,0.536585365853659,0.24,0.24,0.16,0.146341463414634,0.08,41,0,2
DTLZ5,10,3,71003,3,112,"S2_(0.25,0.50]",0.76,0.76,0.52,0.488888888888889,0.24,0.24,0.24,0.155555555555556,0.09,45,0,0
DTLZ5,10,3,71003,4,118,"S2_(0.25,0.50]",0.8,0.84,0.68,0.611111111111111,0.28,0.24,0.24,0.194444444444444,0.09,36,0,2
DTLZ5,10,3,71003,5,124,"S2_(0.25,0.50]",0.72,0.8,0.64,0.571428571428571,0.24,0.24,0.24,0.2,0.09,35,0,3
DTLZ5,10,3,71003,6,130,"S2_(0.25,0.50]",0.6,0.76,0.52,0.53125,0.24,0.28,0.2,0.1875,0.1,32,0,5
DTLZ5,10,3,71003,7,136,"S2_(0.25,0.50]",0.76,0.8,0.28,0.294117647058824,0.24,0.28,0.2,0.132352941176471,0.12,68,0,1
DTLZ5,10,3,71003,8,142,"S2_(0.25,0.50]",0.52,0.88,0.16,0.325,0.28,0.32,0.24,0.225,0.15,40,0,10
DTLZ5,10,3,71003,9,148,"S2_(0.25,0.50]",0.4,0.88,0.08,0.232558139534884,0.32,0.28,0.28,0.232558139534884,0.17,43,0,15
DTLZ5,10,3,71003,10,154,"S3_(0.50,0.75]",0.44,0.96,0.08,0.275,0.28,0.32,0.24,0.225,0.19,40,0,15
DTLZ5,10,3,71003,11,160,"S3_(0.50,0.75]",0.4,1,0.08,0.256410256410256,0.32,0.32,0.2,0.230769230769231,0.19,39,0,15
DTLZ5,10,3,71003,12,166,"S3_(0.50,0.75]",0.6,1,0.28,0.405405405405405,0.4,0.28,0.32,0.297297297297297,0.21,37,0,10
DTLZ5,10,3,71003,13,172,"S3_(0.50,0.75]",0.92,0.96,0.2,0.338235294117647,0.44,0.44,0.2,0.25,0.25,68,0,2
DTLZ5,10,3,71003,14,178,"S3_(0.50,0.75]",0.92,0.96,0.24,0.425925925925926,0.44,0.48,0.16,0.314814814814815,0.27,54,0,3
DTLZ5,10,3,71003,15,184,"S3_(0.50,0.75]",0.8,0.96,0.32,0.368421052631579,0.52,0.64,0.28,0.333333333333333,0.32,57,0,4
DTLZ5,10,3,71003,16,190,"S3_(0.50,0.75]",0.8,1,0.68,0.645161290322581,0.6,0.72,0.52,0.580645161290323,0.36,31,0,5
DTLZ5,10,3,71003,17,196,"S3_(0.50,0.75]",0.76,1,0.28,0.365384615384615,0.68,0.64,0.32,0.480769230769231,0.37,52,0,6
DTLZ5,10,3,71003,18,202,"S3_(0.50,0.75]",0.64,1,0.44,0.516129032258065,0.68,0.6,0.56,0.612903225806452,0.39,31,0,9
DTLZ5,10,3,71003,19,208,"S3_(0.50,0.75]",0.68,1,0.28,0.34,0.68,0.6,0.4,0.52,0.42,50,0,8
DTLZ5,10,3,71003,20,214,"S3_(0.50,0.75]",0.6,1,0.4,0.428571428571429,0.76,0.64,0.68,0.742857142857143,0.46,35,0,10
DTLZ5,10,3,71003,21,220,"S3_(0.50,0.75]",0.8,1,0.16,0.289855072463768,0.72,0.6,0.44,0.550724637681159,0.53,69,0,5
DTLZ5,10,3,71003,22,226,"S4_(0.75,1.00]",0.68,1,0.48,0.548387096774194,0.8,0.68,0.8,0.774193548387097,0.58,31,0,8
DTLZ5,10,3,71003,23,232,"S4_(0.75,1.00]",0.64,1,0.48,0.516129032258065,0.8,0.76,0.84,0.806451612903226,0.63,31,0,9
DTLZ5,10,3,71003,24,238,"S4_(0.75,1.00]",0.56,1,0.36,0.424242424242424,0.8,0.76,0.84,0.818181818181818,0.66,33,0,11
DTLZ5,10,3,71003,25,244,"S4_(0.75,1.00]",0.6,1,0.4,0.441176470588235,0.76,0.76,0.8,0.794117647058823,0.68,34,0,10
DTLZ5,10,3,71003,26,250,"S4_(0.75,1.00]",0.64,1,0.44,0.444444444444444,0.76,0.8,0.8,0.805555555555556,0.71,36,0,9
DTLZ5,10,3,71003,27,256,"S4_(0.75,1.00]",0.72,1,0.52,0.45,0.72,0.8,0.84,0.775,0.74,40,0,7
DTLZ5,10,3,71003,28,262,"S4_(0.75,1.00]",0.72,1,0.48,0.439024390243902,0.68,0.8,0.88,0.780487804878049,0.77,41,0,7
DTLZ5,10,3,71003,29,268,"S4_(0.75,1.00]",0.52,1,0.4,0.333333333333333,0.76,0.88,0.92,0.82051282051282,0.81,39,0,12
DTLZ5,10,3,71003,30,274,"S4_(0.75,1.00]",0.6,1,0.44,0.365853658536585,0.8,0.92,0.92,0.853658536585366,0.84,41,0,10
DTLZ5,10,3,71003,31,280,"S4_(0.75,1.00]",0.56,1,0.4,0.341463414634146,0.84,0.96,0.96,0.878048780487805,0.87,41,0,11
DTLZ5,10,3,71003,32,286,"S4_(0.75,1.00]",0.6,1,0.44,0.357142857142857,0.88,1,1,0.880952380952381,0.89,42,0,10
DTLZ5,10,3,71003,33,292,"S4_(0.75,1.00]",0.64,1,0.44,0.421052631578947,1,0.96,1,1,0.94,38,0,9
DTLZ5,10,3,71003,34,298,"S4_(0.75,1.00]",0.76,1,0.52,0.487179487179487,1,0.96,1,1,0.98,39,0,6
DTLZ5,10,4,71004,1,100,"S2_(0.25,0.50]",0.64,0.92,0.28,0.404761904761905,0.32,0.2,0.2,0.238095238095238,0.12,42,0,8
DTLZ5,10,4,71004,2,106,"S2_(0.25,0.50]",0.56,0.88,0.52,0.466666666666667,0.28,0.32,0.2,0.266666666666667,0.16,30,0,11
DTLZ5,10,4,71004,3,112,"S2_(0.25,0.50]",0.48,0.88,0.32,0.375,0.32,0.24,0.24,0.28125,0.17,32,0,12
DTLZ5,10,4,71004,4,118,"S2_(0.25,0.50]",0.6,0.96,0.48,0.46875,0.28,0.2,0.32,0.3125,0.18,32,0,9
DTLZ5,10,4,71004,5,124,"S2_(0.25,0.50]",0.72,0.96,0.6,0.580645161290323,0.36,0.24,0.36,0.354838709677419,0.2,31,0,8
DTLZ5,10,4,71004,6,130,"S2_(0.25,0.50]",0.68,0.96,0.6,0.548387096774194,0.32,0.28,0.36,0.354838709677419,0.21,31,0,9
DTLZ5,10,4,71004,7,136,"S2_(0.25,0.50]",0.64,0.88,0.52,0.470588235294118,0.32,0.28,0.36,0.323529411764706,0.22,34,0,11
DTLZ5,10,4,71004,8,142,"S2_(0.25,0.50]",0.64,0.84,0.56,0.484848484848485,0.32,0.28,0.36,0.333333333333333,0.22,33,0,12
DTLZ5,10,4,71004,9,148,"S2_(0.25,0.50]",0.6,0.76,0.52,0.46875,0.28,0.28,0.28,0.28125,0.22,32,0,13
DTLZ5,10,4,71004,10,154,"S3_(0.50,0.75]",0.6,0.8,0.48,0.416666666666667,0.24,0.32,0.24,0.25,0.24,36,0,13
DTLZ5,10,4,71004,11,160,"S3_(0.50,0.75]",0.64,0.8,0.48,0.484848484848485,0.4,0.36,0.28,0.363636363636364,0.27,33,0,11
DTLZ5,10,4,71004,12,166,"S3_(0.50,0.75]",0.6,0.84,0.4,0.405405405405405,0.36,0.4,0.28,0.351351351351351,0.31,37,0,11
DTLZ5,10,4,71004,13,172,"S3_(0.50,0.75]",0.68,0.84,0.32,0.391304347826087,0.24,0.36,0.16,0.239130434782609,0.32,46,0,7
DTLZ5,10,4,71004,14,178,"S3_(0.50,0.75]",0.6,0.88,0.4,0.416666666666667,0.32,0.4,0.32,0.333333333333333,0.34,36,0,10
DTLZ5,10,4,71004,15,184,"S3_(0.50,0.75]",0.52,0.8,0.36,0.382352941176471,0.44,0.44,0.44,0.5,0.39,34,0,11
DTLZ5,10,4,71004,16,190,"S3_(0.50,0.75]",0.56,0.8,0.36,0.378378378378378,0.52,0.4,0.44,0.540540540540541,0.42,37,0,10
DTLZ5,10,4,71004,17,196,"S3_(0.50,0.75]",0.6,0.84,0.36,0.394736842105263,0.56,0.44,0.44,0.552631578947368,0.44,38,0,11
DTLZ5,10,4,71004,18,202,"S3_(0.50,0.75]",0.52,0.8,0.36,0.342105263157895,0.6,0.56,0.56,0.631578947368421,0.49,38,0,11
DTLZ5,10,4,71004,19,208,"S3_(0.50,0.75]",0.64,0.8,0.36,0.41025641025641,0.68,0.64,0.64,0.717948717948718,0.53,39,0,10
DTLZ5,10,4,71004,20,214,"S3_(0.50,0.75]",0.68,0.88,0.52,0.515151515151515,0.76,0.64,0.72,0.787878787878788,0.54,33,0,10
DTLZ5,10,4,71004,21,220,"S3_(0.50,0.75]",0.84,0.92,0.6,0.51219512195122,0.64,0.68,0.56,0.658536585365854,0.56,41,0,4
DTLZ5,10,4,71004,22,226,"S4_(0.75,1.00]",0.64,0.84,0.48,0.41025641025641,0.8,0.64,0.8,0.794871794871795,0.59,39,0,9
DTLZ5,10,4,71004,23,232,"S4_(0.75,1.00]",0.64,0.84,0.48,0.4,0.8,0.64,0.8,0.8,0.62,40,0,9
DTLZ5,10,4,71004,24,238,"S4_(0.75,1.00]",0.84,0.88,0.68,0.468085106382979,0.68,0.64,0.76,0.723404255319149,0.63,47,0,3
DTLZ5,10,4,71004,25,244,"S4_(0.75,1.00]",0.8,0.76,0.68,0.469387755102041,0.64,0.6,0.76,0.714285714285714,0.64,49,0,3
DTLZ5,10,4,71004,26,250,"S4_(0.75,1.00]",0.8,0.8,0.64,0.442307692307692,0.72,0.68,0.76,0.730769230769231,0.67,52,0,3
DTLZ5,10,4,71004,27,256,"S4_(0.75,1.00]",0.64,0.84,0.48,0.347826086956522,0.72,0.72,0.72,0.739130434782609,0.69,46,0,10
DTLZ5,10,4,71004,28,262,"S4_(0.75,1.00]",0.52,0.84,0.32,0.276595744680851,0.8,0.76,0.68,0.808510638297872,0.76,47,0,12
DTLZ5,10,4,71004,29,268,"S4_(0.75,1.00]",0.6,0.8,0.36,0.3,0.8,0.8,0.92,0.88,0.8,50,0,11
DTLZ5,10,4,71004,30,274,"S4_(0.75,1.00]",0.76,0.8,0.56,0.416666666666667,0.84,0.84,0.88,0.895833333333333,0.83,48,0,8
DTLZ5,10,4,71004,31,280,"S4_(0.75,1.00]",0.72,0.8,0.52,0.375,0.88,0.88,0.88,0.916666666666667,0.86,48,0,10
DTLZ5,10,4,71004,32,286,"S4_(0.75,1.00]",0.76,0.76,0.52,0.38,0.88,0.92,0.92,0.94,0.92,50,0,9
DTLZ5,10,4,71004,33,292,"S4_(0.75,1.00]",0.76,0.76,0.52,0.392156862745098,0.88,0.92,0.88,0.941176470588235,0.94,51,0,8
DTLZ5,10,4,71004,34,298,"S4_(0.75,1.00]",0.76,0.84,0.6,0.384615384615385,1,1,1,1,0.99,52,0,6
DTLZ5,10,5,71005,1,100,"S2_(0.25,0.50]",0.76,0.84,0.6,0.547619047619048,0.12,0.2,0.12,0.119047619047619,0.09,42,0,6
DTLZ5,10,5,71005,2,106,"S2_(0.25,0.50]",0.56,0.76,0.48,0.46875,0.2,0.24,0.2,0.15625,0.1,32,0,8
DTLZ5,10,5,71005,3,112,"S2_(0.25,0.50]",0.56,0.8,0.36,0.4,0.2,0.24,0.16,0.171428571428571,0.11,35,0,6
DTLZ5,10,5,71005,4,118,"S2_(0.25,0.50]",0.6,0.8,0.48,0.5,0.24,0.24,0.16,0.1875,0.12,32,0,6
DTLZ5,10,5,71005,5,124,"S2_(0.25,0.50]",0.72,0.84,0.52,0.542857142857143,0.28,0.28,0.2,0.228571428571429,0.14,35,0,6
DTLZ5,10,5,71005,6,130,"S2_(0.25,0.50]",0.6,0.88,0.24,0.340909090909091,0.28,0.32,0.24,0.204545454545455,0.15,44,0,8
DTLZ5,10,5,71005,7,136,"S2_(0.25,0.50]",0.6,0.88,0.4,0.441176470588235,0.32,0.32,0.36,0.294117647058824,0.16,34,0,11
DTLZ5,10,5,71005,8,142,"S2_(0.25,0.50]",0.68,0.96,0.56,0.5625,0.28,0.32,0.24,0.25,0.16,32,0,8
DTLZ5,10,5,71005,9,148,"S2_(0.25,0.50]",0.72,0.92,0.48,0.558823529411765,0.32,0.32,0.28,0.264705882352941,0.16,34,0,7
DTLZ5,10,5,71005,10,154,"S3_(0.50,0.75]",0.76,0.96,0.16,0.392156862745098,0.4,0.48,0.24,0.254901960784314,0.2,51,0,6
DTLZ5,10,5,71005,11,160,"S3_(0.50,0.75]",0.64,0.96,0.52,0.548387096774194,0.4,0.48,0.36,0.354838709677419,0.21,31,0,8
DTLZ5,10,5,71005,12,166,"S3_(0.50,0.75]",0.68,0.96,0.44,0.428571428571429,0.48,0.48,0.36,0.333333333333333,0.23,42,0,7
DTLZ5,10,5,71005,13,172,"S3_(0.50,0.75]",0.52,0.96,0.28,0.382352941176471,0.52,0.48,0.44,0.441176470588235,0.25,34,0,12
DTLZ5,10,5,71005,14,178,"S3_(0.50,0.75]",0.64,1,0.28,0.432432432432432,0.6,0.56,0.44,0.459459459459459,0.27,37,0,9
DTLZ5,10,5,71005,15,184,"S3_(0.50,0.75]",0.68,1,0.36,0.404761904761905,0.6,0.6,0.44,0.476190476190476,0.3,42,0,8
DTLZ5,10,5,71005,16,190,"S3_(0.50,0.75]",0.6,1,0.36,0.375,0.64,0.68,0.52,0.525,0.34,40,0,10
DTLZ5,10,5,71005,17,196,"S3_(0.50,0.75]",0.6,1,0.36,0.375,0.64,0.68,0.48,0.525,0.36,40,0,10
DTLZ5,10,5,71005,18,202,"S3_(0.50,0.75]",0.6,1,0.36,0.365853658536585,0.64,0.68,0.56,0.560975609756098,0.38,41,0,10
DTLZ5,10,5,71005,19,208,"S3_(0.50,0.75]",0.6,1,0.36,0.357142857142857,0.68,0.72,0.6,0.571428571428571,0.4,42,0,10
DTLZ5,10,5,71005,20,214,"S3_(0.50,0.75]",0.6,1,0.44,0.428571428571429,0.6,0.72,0.48,0.571428571428571,0.41,35,0,10
DTLZ5,10,5,71005,21,220,"S3_(0.50,0.75]",0.56,1,0.36,0.466666666666667,0.64,0.8,0.64,0.666666666666667,0.45,30,0,11
DTLZ5,10,5,71005,22,226,"S4_(0.75,1.00]",0.76,1,0.44,0.475,0.68,0.8,0.52,0.625,0.48,40,0,6
DTLZ5,10,5,71005,23,232,"S4_(0.75,1.00]",0.56,1,0.36,0.388888888888889,0.72,0.84,0.64,0.694444444444444,0.52,36,0,11
DTLZ5,10,5,71005,24,238,"S4_(0.75,1.00]",0.56,1,0.32,0.378378378378378,0.68,0.8,0.56,0.675675675675676,0.53,37,0,11
DTLZ5,10,5,71005,25,244,"S4_(0.75,1.00]",0.52,1,0.24,0.325,0.8,0.76,0.64,0.675,0.54,40,0,12
DTLZ5,10,5,71005,26,250,"S4_(0.75,1.00]",0.76,1,0.44,0.431818181818182,0.76,0.8,0.56,0.636363636363636,0.56,44,0,6
DTLZ5,10,5,71005,27,256,"S4_(0.75,1.00]",0.88,1,0.56,0.488888888888889,0.76,0.8,0.6,0.666666666666667,0.6,45,0,3
DTLZ5,10,5,71005,28,262,"S4_(0.75,1.00]",0.76,1,0.52,0.452380952380952,0.76,0.76,0.68,0.69047619047619,0.62,42,0,6
DTLZ5,10,5,71005,29,268,"S4_(0.75,1.00]",0.88,1,0.64,0.511627906976744,0.76,0.76,0.6,0.697674418604651,0.66,43,0,3
DTLZ5,10,5,71005,30,274,"S4_(0.75,1.00]",0.84,1,0.64,0.488372093023256,0.76,0.76,0.6,0.697674418604651,0.67,43,0,4
DTLZ5,10,5,71005,31,280,"S4_(0.75,1.00]",0.84,1,0.68,0.466666666666667,0.8,0.8,0.72,0.777777777777778,0.73,45,0,4
DTLZ5,10,5,71005,32,286,"S4_(0.75,1.00]",0.84,1,0.64,0.5,0.8,0.8,0.72,0.761904761904762,0.76,42,0,4
DTLZ5,10,5,71005,33,292,"S4_(0.75,1.00]",0.72,1,0.52,0.428571428571429,1,1,0.92,0.904761904761905,0.88,42,0,7
DTLZ5,10,5,71005,34,298,"S4_(0.75,1.00]",0.56,1,0.4,0.4,1,1,0.88,0.885714285714286,0.94,35,0,11
DTLZ5,10,6,71006,1,100,"S2_(0.25,0.50]",0.96,0.88,0.6,0.694444444444444,0.2,0.12,0.28,0.222222222222222,0.12,36,0,2
DTLZ5,10,6,71006,2,106,"S2_(0.25,0.50]",0.76,0.92,0.52,0.612903225806452,0.28,0.16,0.28,0.258064516129032,0.14,31,0,7
DTLZ5,10,6,71006,3,112,"S2_(0.25,0.50]",0.8,0.84,0.52,0.606060606060606,0.28,0.12,0.28,0.242424242424242,0.14,33,0,7
DTLZ5,10,6,71006,4,118,"S2_(0.25,0.50]",0.84,0.84,0.56,0.617647058823529,0.2,0.12,0.24,0.205882352941176,0.15,34,0,7
DTLZ5,10,6,71006,5,124,"S2_(0.25,0.50]",0.72,0.92,0.52,0.580645161290323,0.24,0.24,0.16,0.193548387096774,0.18,31,0,6
DTLZ5,10,6,71006,6,130,"S2_(0.25,0.50]",0.64,0.88,0.4,0.470588235294118,0.16,0.24,0.16,0.176470588235294,0.18,34,0,6
DTLZ5,10,6,71006,7,136,"S2_(0.25,0.50]",0.76,0.92,0.32,0.41304347826087,0.2,0.28,0.24,0.195652173913043,0.2,46,0,5
DTLZ5,10,6,71006,8,142,"S2_(0.25,0.50]",0.76,0.88,0.2,0.311475409836066,0.24,0.28,0.16,0.19672131147541,0.2,61,0,4
DTLZ5,10,6,71006,9,148,"S2_(0.25,0.50]",0.64,0.76,0.36,0.472222222222222,0.28,0.28,0.28,0.305555555555556,0.2,36,0,5
DTLZ5,10,6,71006,10,154,"S3_(0.50,0.75]",0.52,0.72,0.2,0.361111111111111,0.32,0.32,0.2,0.305555555555556,0.21,36,0,6
DTLZ5,10,6,71006,11,160,"S3_(0.50,0.75]",0.52,0.8,0.4,0.433333333333333,0.44,0.28,0.44,0.433333333333333,0.23,30,0,8
DTLZ5,10,6,71006,12,166,"S3_(0.50,0.75]",0.56,0.84,0.44,0.4375,0.44,0.32,0.44,0.46875,0.27,32,0,8
DTLZ5,10,6,71006,13,172,"S3_(0.50,0.75]",0.6,0.88,0.16,0.310344827586207,0.52,0.36,0.24,0.396551724137931,0.31,58,0,9
DTLZ5,10,6,71006,14,178,"S3_(0.50,0.75]",0.6,0.92,0.12,0.293103448275862,0.56,0.36,0.28,0.431034482758621,0.34,58,0,10
DTLZ5,10,6,71006,15,184,"S3_(0.50,0.75]",0.76,0.92,0.32,0.313432835820896,0.32,0.4,0.2,0.343283582089552,0.35,67,0,4
DTLZ5,10,6,71006,16,190,"S3_(0.50,0.75]",0.76,0.92,0.32,0.318181818181818,0.4,0.48,0.32,0.378787878787879,0.39,66,0,4
DTLZ5,10,6,71006,17,196,"S3_(0.50,0.75]",0.76,0.96,0.2,0.307692307692308,0.4,0.4,0.32,0.384615384615385,0.39,65,0,5
DTLZ5,10,6,71006,18,202,"S3_(0.50,0.75]",0.6,1,0.48,0.46875,0.6,0.44,0.64,0.65625,0.42,32,0,10
DTLZ5,10,6,71006,19,208,"S3_(0.50,0.75]",0.64,1,0.48,0.516129032258065,0.68,0.48,0.72,0.709677419354839,0.43,31,0,9
DTLZ5,10,6,71006,20,214,"S3_(0.50,0.75]",0.68,1,0.44,0.515151515151515,0.68,0.48,0.76,0.727272727272727,0.45,33,0,8
DTLZ5,10,6,71006,21,220,"S3_(0.50,0.75]",0.88,1,0.24,0.354838709677419,0.6,0.52,0.52,0.532258064516129,0.49,62,0,3
DTLZ5,10,6,71006,22,226,"S4_(0.75,1.00]",0.6,1,0.48,0.5,0.72,0.48,0.8,0.766666666666667,0.52,30,0,10
DTLZ5,10,6,71006,23,232,"S4_(0.75,1.00]",0.64,1,0.52,0.533333333333333,0.72,0.52,0.8,0.766666666666667,0.58,30,0,9
DTLZ5,10,6,71006,24,238,"S4_(0.75,1.00]",0.84,1,0.64,0.477272727272727,0.48,0.44,0.52,0.590909090909091,0.6,44,0,4
DTLZ5,10,6,71006,25,244,"S4_(0.75,1.00]",0.76,1,0.28,0.365384615384615,0.68,0.52,0.68,0.711538461538462,0.63,52,0,6
DTLZ5,10,6,71006,26,250,"S4_(0.75,1.00]",0.44,1,0.36,0.354838709677419,0.84,0.56,0.8,0.838709677419355,0.66,31,0,14
DTLZ5,10,6,71006,27,256,"S4_(0.75,1.00]",0.52,1,0.44,0.419354838709677,0.84,0.6,0.8,0.838709677419355,0.69,31,0,12
DTLZ5,10,6,71006,28,262,"S4_(0.75,1.00]",0.92,1,0.44,0.450980392156863,0.76,0.68,0.6,0.745098039215686,0.74,51,0,2
DTLZ5,10,6,71006,29,268,"S4_(0.75,1.00]",0.84,1,0.36,0.42,0.8,0.72,0.64,0.8,0.78,50,0,4
DTLZ5,10,6,71006,30,274,"S4_(0.75,1.00]",0.8,1,0.36,0.392156862745098,0.8,0.72,0.68,0.823529411764706,0.81,51,0,5
DTLZ5,10,6,71006,31,280,"S4_(0.75,1.00]",0.72,1,0.6,0.5,0.8,0.68,0.8,0.861111111111111,0.84,36,0,7
DTLZ5,10,6,71006,32,286,"S4_(0.75,1.00]",0.88,1,0.36,0.385964912280702,0.96,0.88,0.88,0.894736842105263,0.89,57,0,3
DTLZ5,10,6,71006,33,292,"S4_(0.75,1.00]",0.88,1,0.36,0.407407407407407,0.92,0.88,0.96,0.962962962962963,0.94,54,0,3
DTLZ5,10,6,71006,34,298,"S4_(0.75,1.00]",0.88,1,0.32,0.392857142857143,0.96,0.96,0.96,0.982142857142857,0.99,56,0,3
DTLZ5,10,7,71007,1,100,"S2_(0.25,0.50]",0.68,0.8,0.52,0.578947368421053,0.2,0.16,0.16,0.131578947368421,0.14,38,0,7
DTLZ5,10,7,71007,2,106,"S2_(0.25,0.50]",0.76,0.84,0.52,0.523809523809524,0.2,0.2,0.24,0.214285714285714,0.16,42,0,3
DTLZ5,10,7,71007,3,112,"S2_(0.25,0.50]",0.76,0.76,0.52,0.564102564102564,0.24,0.28,0.2,0.256410256410256,0.18,39,0,4
DTLZ5,10,7,71007,4,118,"S2_(0.25,0.50]",0.72,0.76,0.48,0.55,0.24,0.28,0.2,0.25,0.19,40,0,4
DTLZ5,10,7,71007,5,124,"S2_(0.25,0.50]",0.64,0.84,0.44,0.473684210526316,0.2,0.28,0.16,0.184210526315789,0.2,38,0,7
DTLZ5,10,7,71007,6,130,"S2_(0.25,0.50]",0.64,0.92,0.48,0.486486486486487,0.24,0.24,0.16,0.189189189189189,0.21,37,0,7
DTLZ5,10,7,71007,7,136,"S2_(0.25,0.50]",0.4,0.84,0.36,0.366666666666667,0.32,0.32,0.24,0.3,0.23,30,0,15
DTLZ5,10,7,71007,8,142,"S2_(0.25,0.50]",0.6,0.88,0.2,0.258064516129032,0.32,0.36,0.2,0.241935483870968,0.25,62,0,11
DTLZ5,10,7,71007,9,148,"S2_(0.25,0.50]",0.36,0.88,0.24,0.3,0.36,0.32,0.24,0.333333333333333,0.27,30,0,18
DTLZ5,10,7,71007,10,154,"S3_(0.50,0.75]",0.32,1,0.28,0.266666666666667,0.36,0.44,0.32,0.333333333333333,0.31,30,0,17
DTLZ5,10,7,71007,11,160,"S3_(0.50,0.75]",0.64,1,0.36,0.307692307692308,0.36,0.4,0.28,0.326923076923077,0.32,52,0,9
DTLZ5,10,7,71007,12,166,"S3_(0.50,0.75]",0.68,0.96,0.32,0.314814814814815,0.36,0.44,0.32,0.37037037037037,0.36,54,0,8
DTLZ5,10,7,71007,13,172,"S3_(0.50,0.75]",0.48,0.92,0.4,0.4,0.56,0.48,0.56,0.566666666666667,0.39,30,0,14
DTLZ5,10,7,71007,14,178,"S3_(0.50,0.75]",0.52,0.92,0.36,0.361111111111111,0.52,0.48,0.44,0.5,0.4,36,0,13
DTLZ5,10,7,71007,15,184,"S3_(0.50,0.75]",0.56,0.92,0.36,0.378378378378378,0.56,0.56,0.52,0.540540540540541,0.44,37,0,10
DTLZ5,10,7,71007,16,190,"S3_(0.50,0.75]",0.64,0.96,0.52,0.484848484848485,0.6,0.56,0.56,0.575757575757576,0.47,33,0,9
DTLZ5,10,7,71007,17,196,"S3_(0.50,0.75]",0.76,0.92,0.52,0.513513513513513,0.56,0.64,0.48,0.540540540540541,0.49,37,0,7
DTLZ5,10,7,71007,18,202,"S3_(0.50,0.75]",0.8,0.92,0.52,0.512820512820513,0.64,0.68,0.56,0.58974358974359,0.5,39,0,5
DTLZ5,10,7,71007,19,208,"S3_(0.50,0.75]",0.68,0.92,0.48,0.472222222222222,0.64,0.68,0.52,0.583333333333333,0.52,36,0,9
DTLZ5,10,7,71007,20,214,"S3_(0.50,0.75]",0.72,0.92,0.52,0.5,0.64,0.68,0.52,0.583333333333333,0.55,36,0,8
DTLZ5,10,7,71007,21,220,"S3_(0.50,0.75]",0.72,0.88,0.24,0.36734693877551,0.72,0.68,0.76,0.591836734693878,0.57,49,0,9
DTLZ5,10,7,71007,22,226,"S4_(0.75,1.00]",0.6,0.92,0.52,0.5,0.64,0.64,0.68,0.633333333333333,0.57,30,0,11
DTLZ5,10,7,71007,23,232,"S4_(0.75,1.00]",0.64,0.92,0.24,0.355555555555556,0.8,0.64,0.84,0.711111111111111,0.6,45,0,10
DTLZ5,10,7,71007,24,238,"S4_(0.75,1.00]",0.64,0.96,0.24,0.347826086956522,0.8,0.68,0.84,0.717391304347826,0.62,46,0,10
DTLZ5,10,7,71007,25,244,"S4_(0.75,1.00]",0.84,0.96,0.28,0.355932203389831,0.72,0.72,0.68,0.728813559322034,0.7,59,0,4
DTLZ5,10,7,71007,26,250,"S4_(0.75,1.00]",0.92,0.92,0.68,0.575,0.64,0.64,0.68,0.725,0.71,40,0,3
DTLZ5,10,7,71007,27,256,"S4_(0.75,1.00]",0.92,0.96,0.6,0.522727272727273,0.76,0.8,0.84,0.795454545454545,0.78,44,0,3
DTLZ5,10,7,71007,28,262,"S4_(0.75,1.00]",0.88,0.92,0.56,0.488888888888889,0.76,0.8,0.84,0.8,0.8,45,0,4
DTLZ5,10,7,71007,29,268,"S4_(0.75,1.00]",0.88,0.84,0.6,0.511627906976744,0.88,0.84,0.88,0.86046511627907,0.83,43,0,7
DTLZ5,10,7,71007,30,274,"S4_(0.75,1.00]",0.68,0.84,0.52,0.53125,0.88,0.88,0.88,0.84375,0.87,32,0,11
DTLZ5,10,7,71007,31,280,"S4_(0.75,1.00]",0.88,0.76,0.6,0.533333333333333,0.92,0.92,0.92,0.933333333333333,0.9,45,0,6
DTLZ5,10,7,71007,32,286,"S4_(0.75,1.00]",0.92,0.76,0.64,0.521739130434783,0.88,0.92,0.88,0.91304347826087,0.91,46,0,6
DTLZ5,10,7,71007,33,292,"S4_(0.75,1.00]",0.88,0.8,0.6,0.511111111111111,0.96,0.96,0.92,0.955555555555556,0.94,45,0,6
DTLZ5,10,7,71007,34,298,"S4_(0.75,1.00]",0.56,0.84,0.4,0.411764705882353,1,1,1,1,0.98,34,0,10
DTLZ5,10,8,71008,1,100,"S2_(0.25,0.50]",0.92,0.92,0.44,0.369230769230769,0.28,0.28,0.24,0.2,0.14,65,0,2
DTLZ5,10,8,71008,2,106,"S2_(0.25,0.50]",0.84,0.88,0.44,0.348484848484849,0.32,0.24,0.24,0.196969696969697,0.14,66,0,2
DTLZ5,10,8,71008,3,112,"S2_(0.25,0.50]",0.68,1,0.56,0.566666666666667,0.24,0.28,0.24,0.266666666666667,0.16,30,0,8
DTLZ5,10,8,71008,4,118,"S2_(0.25,0.50]",0.64,0.96,0.36,0.4,0.24,0.28,0.28,0.25,0.17,40,0,9
DTLZ5,10,8,71008,5,124,"S2_(0.25,0.50]",0.8,0.92,0.64,0.571428571428571,0.36,0.36,0.28,0.314285714285714,0.2,35,0,4
DTLZ5,10,8,71008,6,130,"S2_(0.25,0.50]",0.68,0.92,0.56,0.515151515151515,0.36,0.4,0.24,0.303030303030303,0.22,33,0,9
DTLZ5,10,8,71008,7,136,"S2_(0.25,0.50]",0.68,0.92,0.56,0.515151515151515,0.4,0.44,0.24,0.303030303030303,0.25,33,0,9
DTLZ5,10,8,71008,8,142,"S2_(0.25,0.50]",0.6,0.84,0.44,0.444444444444444,0.44,0.4,0.36,0.388888888888889,0.25,36,0,9
DTLZ5,10,8,71008,9,148,"S2_(0.25,0.50]",0.64,0.88,0.52,0.53125,0.44,0.44,0.32,0.40625,0.29,32,0,9
DTLZ5,10,8,71008,10,154,"S3_(0.50,0.75]",0.64,0.88,0.44,0.435897435897436,0.44,0.4,0.32,0.41025641025641,0.32,39,0,9
DTLZ5,10,8,71008,11,160,"S3_(0.50,0.75]",0.56,0.92,0.32,0.318181818181818,0.52,0.48,0.48,0.522727272727273,0.37,44,0,11
DTLZ5,10,8,71008,12,166,"S3_(0.50,0.75]",0.44,0.92,0.28,0.314285714285714,0.44,0.52,0.4,0.457142857142857,0.37,35,0,13
DTLZ5,10,8,71008,13,172,"S3_(0.50,0.75]",0.4,1,0.28,0.333333333333333,0.44,0.48,0.44,0.466666666666667,0.35,30,0,15
DTLZ5,10,8,71008,14,178,"S3_(0.50,0.75]",0.44,0.96,0.32,0.366666666666667,0.44,0.48,0.48,0.5,0.36,30,0,15
DTLZ5,10,8,71008,15,184,"S3_(0.50,0.75]",0.44,0.96,0.36,0.366666666666667,0.44,0.56,0.52,0.466666666666667,0.39,30,0,15
DTLZ5,10,8,71008,16,190,"S3_(0.50,0.75]",0.52,1,0.44,0.433333333333333,0.48,0.56,0.52,0.533333333333333,0.42,30,0,12
DTLZ5,10,8,71008,17,196,"S3_(0.50,0.75]",0.64,0.96,0.44,0.41025641025641,0.4,0.56,0.4,0.461538461538462,0.43,39,0,10
DTLZ5,10,8,71008,18,202,"S3_(0.50,0.75]",0.56,1,0.32,0.358974358974359,0.44,0.48,0.48,0.538461538461538,0.45,39,0,11
DTLZ5,10,8,71008,19,208,"S3_(0.50,0.75]",0.48,1,0.32,0.375,0.52,0.6,0.56,0.5625,0.48,32,0,13
DTLZ5,10,8,71008,20,214,"S3_(0.50,0.75]",0.4,0.96,0.24,0.3125,0.56,0.68,0.64,0.59375,0.5,32,0,15
DTLZ5,10,8,71008,21,220,"S3_(0.50,0.75]",0.44,0.96,0.2,0.323529411764706,0.6,0.68,0.64,0.617647058823529,0.53,34,0,15
DTLZ5,10,8,71008,22,226,"S4_(0.75,1.00]",0.36,0.92,0.2,0.272727272727273,0.56,0.72,0.6,0.575757575757576,0.54,33,0,17
DTLZ5,10,8,71008,23,232,"S4_(0.75,1.00]",0.32,0.92,0.16,0.242424242424242,0.56,0.72,0.6,0.575757575757576,0.54,33,0,17
DTLZ5,10,8,71008,24,238,"S4_(0.75,1.00]",0.36,1,0.2,0.28125,0.6,0.68,0.6,0.59375,0.61,32,0,16
DTLZ5,10,8,71008,25,244,"S4_(0.75,1.00]",0.32,1,0.16,0.242424242424242,0.68,0.64,0.64,0.696969696969697,0.63,33,0,17
DTLZ5,10,8,71008,26,250,"S4_(0.75,1.00]",0.36,1,0.16,0.257142857142857,0.76,0.68,0.72,0.714285714285714,0.67,35,0,16
DTLZ5,10,8,71008,27,256,"S4_(0.75,1.00]",0.8,1,0.2,0.289855072463768,0.8,0.68,0.84,0.72463768115942,0.68,69,0,5
DTLZ5,10,8,71008,28,262,"S4_(0.75,1.00]",0.76,1,0.24,0.311475409836066,0.8,0.68,0.8,0.754098360655738,0.7,61,0,6
DTLZ5,10,8,71008,29,268,"S4_(0.75,1.00]",0.72,1,0.32,0.346153846153846,0.84,0.8,0.8,0.730769230769231,0.73,52,0,7
DTLZ5,10,8,71008,30,274,"S4_(0.75,1.00]",0.76,0.96,0.2,0.271428571428571,0.88,0.84,0.76,0.771428571428571,0.75,70,0,6
DTLZ5,10,8,71008,31,280,"S4_(0.75,1.00]",0.64,1,0.24,0.290909090909091,0.96,0.88,0.8,0.818181818181818,0.79,55,0,9
DTLZ5,10,8,71008,32,286,"S4_(0.75,1.00]",0.36,1,0.16,0.264705882352941,0.92,0.88,0.84,0.882352941176471,0.81,34,0,16
DTLZ5,10,8,71008,33,292,"S4_(0.75,1.00]",0.36,1,0.08,0.236842105263158,0.96,0.92,0.96,0.973684210526316,0.93,38,0,16
DTLZ5,10,8,71008,34,298,"S4_(0.75,1.00]",0.4,1,0.08,0.256410256410256,0.96,1,0.96,0.974358974358974,0.97,39,0,15
DTLZ5,10,9,71009,1,100,"S2_(0.25,0.50]",0.72,0.88,0.56,0.542857142857143,0.4,0.4,0.28,0.342857142857143,0.19,35,0,5
DTLZ5,10,9,71009,2,106,"S2_(0.25,0.50]",0.84,0.88,0.28,0.338235294117647,0.4,0.44,0.24,0.294117647058824,0.24,68,0,2
DTLZ5,10,9,71009,3,112,"S2_(0.25,0.50]",0.88,0.96,0.32,0.328571428571429,0.44,0.44,0.2,0.285714285714286,0.27,70,0,2
DTLZ5,10,9,71009,4,118,"S2_(0.25,0.50]",0.84,0.96,0.4,0.411764705882353,0.36,0.36,0.16,0.333333333333333,0.27,51,0,4
DTLZ5,10,9,71009,5,124,"S2_(0.25,0.50]",0.88,1,0.36,0.333333333333333,0.36,0.44,0.28,0.348484848484849,0.31,66,0,3
DTLZ5,10,9,71009,6,130,"S2_(0.25,0.50]",0.68,1,0.44,0.414634146341463,0.48,0.44,0.4,0.48780487804878,0.34,41,0,8
DTLZ5,10,9,71009,7,136,"S2_(0.25,0.50]",0.68,0.96,0.48,0.377777777777778,0.52,0.44,0.48,0.488888888888889,0.36,45,0,8
DTLZ5,10,9,71009,8,142,"S2_(0.25,0.50]",0.68,0.96,0.48,0.346938775510204,0.52,0.44,0.52,0.510204081632653,0.4,49,0,8
DTLZ5,10,9,71009,9,148,"S2_(0.25,0.50]",0.68,0.96,0.4,0.333333333333333,0.44,0.36,0.52,0.509803921568627,0.4,51,0,8
DTLZ5,10,9,71009,10,154,"S3_(0.50,0.75]",0.72,0.96,0.52,0.382978723404255,0.44,0.4,0.4,0.468085106382979,0.42,47,0,7
DTLZ5,10,9,71009,11,160,"S3_(0.50,0.75]",0.6,0.96,0.4,0.340909090909091,0.48,0.4,0.48,0.522727272727273,0.45,44,0,10
DTLZ5,10,9,71009,12,166,"S3_(0.50,0.75]",0.6,1,0.36,0.375,0.44,0.4,0.4,0.5,0.44,40,0,10
DTLZ5,10,9,71009,13,172,"S3_(0.50,0.75]",0.68,0.96,0.4,0.425,0.36,0.36,0.36,0.45,0.43,40,0,9
DTLZ5,10,9,71009,14,178,"S3_(0.50,0.75]",0.68,0.96,0.44,0.404761904761905,0.44,0.48,0.52,0.547619047619048,0.46,42,0,8
DTLZ5,10,9,71009,15,184,"S3_(0.50,0.75]",0.48,1,0.32,0.342857142857143,0.36,0.48,0.32,0.428571428571429,0.46,35,0,13
DTLZ5,10,9,71009,16,190,"S3_(0.50,0.75]",0.56,0.96,0.36,0.378378378378378,0.28,0.4,0.32,0.405405405405405,0.46,37,0,10
DTLZ5,10,9,71009,17,196,"S3_(0.50,0.75]",0.72,0.96,0.56,0.409090909090909,0.36,0.44,0.32,0.409090909090909,0.48,44,0,6
DTLZ5,10,9,71009,18,202,"S3_(0.50,0.75]",0.64,1,0.44,0.41025641025641,0.36,0.4,0.36,0.384615384615385,0.44,39,0,9
DTLZ5,10,9,71009,19,208,"S3_(0.50,0.75]",0.6,1,0.4,0.394736842105263,0.32,0.44,0.32,0.368421052631579,0.47,38,0,10
DTLZ5,10,9,71009,20,214,"S3_(0.50,0.75]",0.56,1,0.32,0.333333333333333,0.24,0.4,0.24,0.357142857142857,0.46,42,0,11
DTLZ5,10,9,71009,21,220,"S3_(0.50,0.75]",0.56,0.96,0.28,0.341463414634146,0.28,0.56,0.28,0.390243902439024,0.47,41,0,11
DTLZ5,10,9,71009,22,226,"S4_(0.75,1.00]",0.56,1,0.28,0.358974358974359,0.36,0.64,0.28,0.41025641025641,0.49,39,0,11
DTLZ5,10,9,71009,23,232,"S4_(0.75,1.00]",0.64,0.96,0.32,0.41025641025641,0.64,0.64,0.68,0.666666666666667,0.53,39,0,9
DTLZ5,10,9,71009,24,238,"S4_(0.75,1.00]",0.88,0.92,0.16,0.338461538461538,0.64,0.72,0.6,0.553846153846154,0.54,65,0,4
DTLZ5,10,9,71009,25,244,"S4_(0.75,1.00]",0.8,0.96,0.16,0.32258064516129,0.64,0.68,0.64,0.548387096774194,0.55,62,0,4
DTLZ5,10,9,71009,26,250,"S4_(0.75,1.00]",0.56,0.96,0.4,0.388888888888889,0.6,0.72,0.64,0.611111111111111,0.56,36,0,11
DTLZ5,10,9,71009,27,256,"S4_(0.75,1.00]",0.68,0.96,0.4,0.435897435897436,0.76,0.76,0.84,0.743589743589744,0.6,39,0,9
DTLZ5,10,9,71009,28,262,"S4_(0.75,1.00]",0.56,1,0.32,0.4,0.72,0.72,0.8,0.714285714285714,0.62,35,0,11
DTLZ5,10,9,71009,29,268,"S4_(0.75,1.00]",0.6,0.96,0.4,0.405405405405405,0.68,0.8,0.72,0.702702702702703,0.7,37,0,11
DTLZ5,10,9,71009,30,274,"S4_(0.75,1.00]",0.64,0.96,0.44,0.421052631578947,0.8,0.88,0.8,0.763157894736842,0.71,38,0,9
DTLZ5,10,9,71009,31,280,"S4_(0.75,1.00]",0.72,0.92,0.36,0.428571428571429,0.92,0.92,0.8,0.80952380952381,0.75,42,0,6
DTLZ5,10,9,71009,32,286,"S4_(0.75,1.00]",0.8,0.96,0.4,0.454545454545455,1,1,0.88,0.840909090909091,0.77,44,0,4
DTLZ5,10,9,71009,33,292,"S4_(0.75,1.00]",0.72,0.92,0.36,0.418604651162791,0.96,1,0.8,0.837209302325581,0.8,43,0,9
DTLZ5,10,9,71009,34,298,"S4_(0.75,1.00]",0.8,0.92,0.36,0.444444444444444,0.96,1,1,0.977777777777778,0.99,45,0,7
DTLZ5,10,10,71010,1,100,"S2_(0.25,0.50]",0.76,0.76,0.56,0.6,0.16,0.2,0.2,0.171428571428571,0.09,35,0,4
DTLZ5,10,10,71010,2,106,"S2_(0.25,0.50]",0.76,0.88,0.6,0.617647058823529,0.16,0.16,0.2,0.147058823529412,0.09,34,0,3
DTLZ5,10,10,71010,3,112,"S2_(0.25,0.50]",0.72,0.88,0.48,0.5,0.2,0.28,0.28,0.184210526315789,0.12,38,0,4
DTLZ5,10,10,71010,4,118,"S2_(0.25,0.50]",0.76,0.96,0.64,0.633333333333333,0.2,0.24,0.24,0.2,0.12,30,0,6
DTLZ5,10,10,71010,5,124,"S2_(0.25,0.50]",0.84,0.96,0.6,0.583333333333333,0.2,0.28,0.2,0.222222222222222,0.14,36,0,4
DTLZ5,10,10,71010,6,130,"S2_(0.25,0.50]",0.72,1,0.52,0.5625,0.16,0.28,0.2,0.1875,0.14,32,0,7
DTLZ5,10,10,71010,7,136,"S2_(0.25,0.50]",0.76,1,0.56,0.558823529411765,0.12,0.24,0.16,0.176470588235294,0.14,34,0,6
DTLZ5,10,10,71010,8,142,"S2_(0.25,0.50]",0.6,1,0.48,0.46875,0.24,0.24,0.28,0.28125,0.17,32,0,10
DTLZ5,10,10,71010,9,148,"S2_(0.25,0.50]",0.48,0.96,0.4,0.387096774193548,0.2,0.24,0.24,0.258064516129032,0.17,31,0,12
DTLZ5,10,10,71010,10,154,"S3_(0.50,0.75]",0.6,0.88,0.4,0.441176470588235,0.28,0.24,0.32,0.294117647058824,0.18,34,0,12
DTLZ5,10,10,71010,11,160,"S3_(0.50,0.75]",0.68,0.88,0.44,0.375,0.2,0.24,0.24,0.208333333333333,0.19,48,0,5
DTLZ5,10,10,71010,12,166,"S3_(0.50,0.75]",0.64,0.96,0.36,0.41025641025641,0.24,0.28,0.24,0.205128205128205,0.21,39,0,8
DTLZ5,10,10,71010,13,172,"S3_(0.50,0.75]",0.56,0.96,0.48,0.466666666666667,0.28,0.36,0.24,0.266666666666667,0.26,30,0,11
DTLZ5,10,10,71010,14,178,"S3_(0.50,0.75]",0.64,0.96,0.4,0.470588235294118,0.28,0.32,0.16,0.235294117647059,0.27,34,0,9
DTLZ5,10,10,71010,15,184,"S3_(0.50,0.75]",0.6,1,0.48,0.483870967741935,0.48,0.44,0.4,0.387096774193548,0.33,31,0,10
DTLZ5,10,10,71010,16,190,"S3_(0.50,0.75]",0.68,1,0.32,0.346938775510204,0.44,0.48,0.44,0.448979591836735,0.36,49,0,8
DTLZ5,10,10,71010,17,196,"S3_(0.50,0.75]",0.88,1,0.24,0.354838709677419,0.48,0.56,0.56,0.467741935483871,0.4,62,0,3
DTLZ5,10,10,71010,18,202,"S3_(0.50,0.75]",0.72,1,0.24,0.310344827586207,0.64,0.64,0.48,0.53448275862069,0.46,58,0,7
DTLZ5,10,10,71010,19,208,"S3_(0.50,0.75]",0.72,1,0.24,0.310344827586207,0.6,0.64,0.52,0.517241379310345,0.47,58,0,7
DTLZ5,10,10,71010,20,214,"S3_(0.50,0.75]",0.52,1,0.32,0.419354838709677,0.6,0.48,0.68,0.612903225806452,0.47,31,0,12
DTLZ5,10,10,71010,21,220,"S3_(0.50,0.75]",0.52,1,0.24,0.40625,0.68,0.48,0.8,0.71875,0.5,32,0,12
DTLZ5,10,10,71010,22,226,"S4_(0.75,1.00]",0.56,1,0.28,0.424242424242424,0.76,0.48,0.8,0.757575757575758,0.54,33,0,11
DTLZ5,10,10,71010,23,232,"S4_(0.75,1.00]",0.52,1,0.28,0.419354838709677,0.8,0.56,0.8,0.774193548387097,0.57,31,0,12
DTLZ5,10,10,71010,24,238,"S4_(0.75,1.00]",0.56,1,0.36,0.451612903225806,0.8,0.6,0.8,0.774193548387097,0.58,31,0,11
DTLZ5,10,10,71010,25,244,"S4_(0.75,1.00]",0.64,1,0.4,0.457142857142857,0.56,0.6,0.64,0.6,0.6,35,0,9
DTLZ5,10,10,71010,26,250,"S4_(0.75,1.00]",0.52,1,0.32,0.382352941176471,0.56,0.76,0.68,0.617647058823529,0.65,34,0,12
DTLZ5,10,10,71010,27,256,"S4_(0.75,1.00]",0.52,1,0.32,0.419354838709677,0.6,0.76,0.68,0.645161290322581,0.68,31,0,12
DTLZ5,10,10,71010,28,262,"S4_(0.75,1.00]",0.56,1,0.36,0.451612903225806,0.6,0.76,0.68,0.645161290322581,0.68,31,0,11
DTLZ5,10,10,71010,29,268,"S4_(0.75,1.00]",0.72,1,0.16,0.285714285714286,0.8,0.76,0.76,0.793650793650794,0.75,63,0,7
DTLZ5,10,10,71010,30,274,"S4_(0.75,1.00]",0.72,1,0.16,0.310344827586207,0.8,0.76,0.76,0.810344827586207,0.79,58,0,7
DTLZ5,10,10,71010,31,280,"S4_(0.75,1.00]",0.88,1,0.08,0.323529411764706,0.8,0.76,0.88,0.852941176470588,0.82,68,0,3
DTLZ5,10,10,71010,32,286,"S4_(0.75,1.00]",0.76,1,0.48,0.558823529411765,0.96,0.92,0.96,0.970588235294118,0.86,34,0,6
DTLZ5,10,10,71010,33,292,"S4_(0.75,1.00]",0.8,1,0.2,0.307692307692308,0.96,0.92,0.92,0.938461538461538,0.91,65,0,5
DTLZ5,10,10,71010,34,298,"S4_(0.75,1.00]",0.6,1,0.4,0.5,1,1,1,1,0.98,30,0,10
DTLZ5,10,11,71011,1,100,"S2_(0.25,0.50]",0.64,0.8,0.48,0.466666666666667,0.12,0.08,0.12,0.0888888888888889,0.09,45,0,7
DTLZ5,10,11,71011,2,106,"S2_(0.25,0.50]",0.68,0.8,0.48,0.512820512820513,0.12,0.08,0.12,0.102564102564103,0.1,39,0,7
DTLZ5,10,11,71011,3,112,"S2_(0.25,0.50]",0.68,0.8,0.48,0.513513513513513,0.2,0.16,0.16,0.162162162162162,0.13,37,0,6
DTLZ5,10,11,71011,4,118,"S2_(0.25,0.50]",0.68,0.84,0.52,0.512820512820513,0.2,0.16,0.12,0.153846153846154,0.13,39,0,6
DTLZ5,10,11,71011,5,124,"S2_(0.25,0.50]",0.76,0.84,0.44,0.488372093023256,0.16,0.16,0.16,0.162790697674419,0.13,43,0,3
DTLZ5,10,11,71011,6,130,"S2_(0.25,0.50]",0.76,0.92,0.48,0.51219512195122,0.12,0.12,0.16,0.121951219512195,0.13,41,0,4
DTLZ5,10,11,71011,7,136,"S2_(0.25,0.50]",0.48,0.96,0.2,0.333333333333333,0.16,0.08,0.2,0.153846153846154,0.13,39,0,12
DTLZ5,10,11,71011,8,142,"S2_(0.25,0.50]",0.44,0.96,0.2,0.27906976744186,0.16,0.08,0.2,0.162790697674419,0.13,43,0,14
DTLZ5,10,11,71011,9,148,"S2_(0.25,0.50]",0.48,0.96,0.2,0.307692307692308,0.24,0.16,0.2,0.179487179487179,0.16,39,0,13
DTLZ5,10,11,71011,10,154,"S3_(0.50,0.75]",0.52,0.96,0.36,0.371428571428571,0.24,0.16,0.24,0.2,0.16,35,0,12
DTLZ5,10,11,71011,11,160,"S3_(0.50,0.75]",0.56,1,0.24,0.341463414634146,0.16,0.16,0.12,0.195121951219512,0.18,41,0,11
DTLZ5,10,11,71011,12,166,"S3_(0.50,0.75]",0.72,0.92,0.6,0.580645161290323,0.12,0.2,0.16,0.161290322580645,0.2,31,0,7
DTLZ5,10,11,71011,13,172,"S3_(0.50,0.75]",0.84,1,0.08,0.304347826086957,0.2,0.2,0.28,0.202898550724638,0.2,69,0,4
DTLZ5,10,11,71011,14,178,"S3_(0.50,0.75]",0.88,0.96,0.12,0.333333333333333,0.32,0.28,0.32,0.257575757575758,0.23,66,0,3
DTLZ5,10,11,71011,15,184,"S3_(0.50,0.75]",0.76,0.96,0.64,0.633333333333333,0.36,0.36,0.44,0.366666666666667,0.26,30,0,6
DTLZ5,10,11,71011,16,190,"S3_(0.50,0.75]",0.76,1,0.56,0.575757575757576,0.4,0.44,0.44,0.393939393939394,0.3,33,0,6
DTLZ5,10,11,71011,17,196,"S3_(0.50,0.75]",0.68,1,0.48,0.485714285714286,0.4,0.44,0.44,0.428571428571429,0.33,35,0,8
DTLZ5,10,11,71011,18,202,"S3_(0.50,0.75]",0.76,0.96,0.08,0.283582089552239,0.52,0.36,0.28,0.388059701492537,0.37,67,0,5
DTLZ5,10,11,71011,19,208,"S3_(0.50,0.75]",0.64,1,0.44,0.484848484848485,0.44,0.36,0.36,0.454545454545455,0.39,33,0,9
DTLZ5,10,11,71011,20,214,"S3_(0.50,0.75]",0.68,1,0.56,0.53125,0.52,0.36,0.36,0.46875,0.42,32,0,8
DTLZ5,10,11,71011,21,220,"S3_(0.50,0.75]",0.76,1,0.56,0.575757575757576,0.52,0.44,0.36,0.484848484848485,0.45,33,0,6
DTLZ5,10,11,71011,22,226,"S4_(0.75,1.00]",0.68,0.96,0.44,0.472222222222222,0.48,0.48,0.4,0.5,0.47,36,0,8
DTLZ5,10,11,71011,23,232,"S4_(0.75,1.00]",0.88,1,0.6,0.564102564102564,0.52,0.4,0.44,0.512820512820513,0.5,39,0,3
DTLZ5,10,11,71011,24,238,"S4_(0.75,1.00]",0.76,0.96,0.56,0.558823529411765,0.6,0.44,0.56,0.588235294117647,0.54,34,0,6
DTLZ5,10,11,71011,25,244,"S4_(0.75,1.00]",0.76,1,0.56,0.542857142857143,0.56,0.56,0.6,0.628571428571429,0.58,35,0,6
DTLZ5,10,11,71011,26,250,"S4_(0.75,1.00]",0.88,1,0.56,0.564102564102564,0.6,0.64,0.56,0.641025641025641,0.62,39,0,3
DTLZ5,10,11,71011,27,256,"S4_(0.75,1.00]",0.88,1,0.6,0.564102564102564,0.6,0.64,0.64,0.692307692307692,0.67,39,0,3
DTLZ5,10,11,71011,28,262,"S4_(0.75,1.00]",0.88,1,0.64,0.523809523809524,0.64,0.68,0.68,0.714285714285714,0.72,42,0,3
DTLZ5,10,11,71011,29,268,"S4_(0.75,1.00]",0.88,1,0.64,0.5,0.64,0.68,0.68,0.727272727272727,0.75,44,0,3
DTLZ5,10,11,71011,30,274,"S4_(0.75,1.00]",0.92,1,0.48,0.383333333333333,0.76,0.76,0.84,0.783333333333333,0.78,60,0,2
DTLZ5,10,11,71011,31,280,"S4_(0.75,1.00]",0.96,1,0.64,0.521739130434783,0.84,0.84,0.92,0.826086956521739,0.83,46,0,1
DTLZ5,10,11,71011,32,286,"S4_(0.75,1.00]",0.92,1,0.72,0.534883720930233,0.88,0.88,0.92,0.86046511627907,0.88,43,0,2
DTLZ5,10,11,71011,33,292,"S4_(0.75,1.00]",0.92,1,0.64,0.48936170212766,0.92,0.92,0.92,0.893617021276596,0.92,47,0,2
DTLZ5,10,11,71011,34,298,"S4_(0.75,1.00]",0.88,1,0.52,0.448979591836735,0.92,0.88,0.92,0.938775510204082,0.96,49,0,3
DTLZ5,10,12,71012,1,100,"S2_(0.25,0.50]",0.76,0.88,0.56,0.512820512820513,0.48,0.56,0.28,0.41025641025641,0.25,39,0,3
DTLZ5,10,12,71012,2,106,"S2_(0.25,0.50]",0.76,0.92,0.56,0.456521739130435,0.48,0.56,0.28,0.391304347826087,0.27,46,0,4
DTLZ5,10,12,71012,3,112,"S2_(0.25,0.50]",0.8,0.92,0.48,0.408163265306122,0.52,0.56,0.24,0.36734693877551,0.29,49,0,4
DTLZ5,10,12,71012,4,118,"S2_(0.25,0.50]",0.8,0.92,0.48,0.392156862745098,0.48,0.6,0.2,0.352941176470588,0.3,51,0,4
DTLZ5,10,12,71012,5,124,"S2_(0.25,0.50]",0.8,0.96,0.36,0.465116279069767,0.48,0.56,0.28,0.418604651162791,0.31,43,0,4
DTLZ5,10,12,71012,6,130,"S2_(0.25,0.50]",0.52,0.88,0.32,0.371428571428571,0.48,0.48,0.4,0.457142857142857,0.32,35,0,10
DTLZ5,10,12,71012,7,136,"S2_(0.25,0.50]",0.76,0.92,0.48,0.395833333333333,0.6,0.48,0.44,0.479166666666667,0.35,48,0,6
DTLZ5,10,12,71012,8,142,"S2_(0.25,0.50]",0.8,0.92,0.48,0.434782608695652,0.6,0.48,0.48,0.5,0.35,46,0,6
DTLZ5,10,12,71012,9,148,"S2_(0.25,0.50]",0.84,0.92,0.6,0.423076923076923,0.52,0.52,0.48,0.480769230769231,0.36,52,0,4
DTLZ5,10,12,71012,10,154,"S3_(0.50,0.75]",0.84,0.92,0.64,0.44,0.52,0.48,0.52,0.52,0.37,50,0,4
DTLZ5,10,12,71012,11,160,"S3_(0.50,0.75]",0.92,0.88,0.68,0.450980392156863,0.6,0.48,0.56,0.549019607843137,0.41,51,0,3
DTLZ5,10,12,71012,12,166,"S3_(0.50,0.75]",0.92,0.92,0.64,0.442307692307692,0.64,0.52,0.6,0.557692307692308,0.43,52,0,3
DTLZ5,10,12,71012,13,172,"S3_(0.50,0.75]",0.84,0.88,0.64,0.456521739130435,0.6,0.52,0.52,0.565217391304348,0.44,46,0,5
DTLZ5,10,12,71012,14,178,"S3_(0.50,0.75]",0.84,0.88,0.64,0.488372093023256,0.6,0.48,0.48,0.558139534883721,0.46,43,0,6
DTLZ5,10,12,71012,15,184,"S3_(0.50,0.75]",0.68,1,0.44,0.459459459459459,0.56,0.48,0.6,0.621621621621622,0.46,37,0,8
DTLZ5,10,12,71012,16,190,"S3_(0.50,0.75]",0.56,0.92,0.36,0.378378378378378,0.56,0.56,0.6,0.621621621621622,0.51,37,0,10
DTLZ5,10,12,71012,17,196,"S3_(0.50,0.75]",0.72,0.92,0.52,0.5,0.6,0.56,0.64,0.666666666666667,0.51,36,0,5
DTLZ5,10,12,71012,18,202,"S3_(0.50,0.75]",0.68,0.96,0.48,0.472222222222222,0.72,0.6,0.64,0.722222222222222,0.52,36,0,7
DTLZ5,10,12,71012,19,208,"S3_(0.50,0.75]",0.72,0.96,0.52,0.45,0.56,0.56,0.6,0.675,0.53,40,0,6
DTLZ5,10,12,71012,20,214,"S3_(0.50,0.75]",0.8,0.96,0.6,0.4,0.68,0.56,0.68,0.7,0.57,50,0,5
DTLZ5,10,12,71012,21,220,"S3_(0.50,0.75]",0.52,0.96,0.4,0.317073170731707,0.76,0.6,0.6,0.731707317073171,0.6,41,0,12
DTLZ5,10,12,71012,22,226,"S4_(0.75,1.00]",0.52,0.96,0.36,0.30952380952381,0.72,0.56,0.64,0.738095238095238,0.61,42,0,12
DTLZ5,10,12,71012,23,232,"S4_(0.75,1.00]",0.84,1,0.32,0.308823529411765,0.72,0.68,0.76,0.735294117647059,0.64,68,0,4
DTLZ5,10,12,71012,24,238,"S4_(0.75,1.00]",0.72,1,0.32,0.315789473684211,0.8,0.72,0.88,0.824561403508772,0.69,57,0,7
DTLZ5,10,12,71012,25,244,"S4_(0.75,1.00]",0.88,0.96,0.48,0.372881355932203,0.76,0.76,0.8,0.813559322033898,0.72,59,0,3
DTLZ5,10,12,71012,26,250,"S4_(0.75,1.00]",0.88,0.96,0.48,0.360655737704918,0.8,0.76,0.8,0.836065573770492,0.73,61,0,4
DTLZ5,10,12,71012,27,256,"S4_(0.75,1.00]",0.88,1,0.4,0.34375,0.88,0.88,0.84,0.875,0.77,64,0,3
DTLZ5,10,12,71012,28,262,"S4_(0.75,1.00]",0.84,1,0.36,0.328125,0.84,0.84,0.88,0.890625,0.79,64,0,4
DTLZ5,10,12,71012,29,268,"S4_(0.75,1.00]",0.84,0.96,0.36,0.323076923076923,0.88,0.88,0.88,0.907692307692308,0.81,65,0,4
DTLZ5,10,12,71012,30,274,"S4_(0.75,1.00]",0.76,0.96,0.28,0.38,0.96,0.92,1,0.96,0.86,50,0,7
DTLZ5,10,12,71012,31,280,"S4_(0.75,1.00]",0.36,1,0.24,0.290322580645161,0.96,0.92,1,0.935483870967742,0.9,31,0,16
DTLZ5,10,12,71012,32,286,"S4_(0.75,1.00]",0.36,1,0.2,0.28125,0.92,0.92,0.96,0.9375,0.91,32,0,16
DTLZ5,10,12,71012,33,292,"S4_(0.75,1.00]",0.88,1,0.32,0.372881355932203,0.92,0.92,0.96,0.915254237288136,0.94,59,0,3
DTLZ5,10,12,71012,34,298,"S4_(0.75,1.00]",0.68,0.96,0.32,0.326923076923077,0.96,1,1,0.961538461538462,0.98,52,0,9
DTLZ5,10,13,71013,1,100,"S2_(0.25,0.50]",0.6,0.92,0.44,0.483870967741935,0.24,0.2,0.24,0.258064516129032,0.12,31,0,9
DTLZ5,10,13,71013,2,106,"S2_(0.25,0.50]",0.8,1,0.36,0.384615384615385,0.24,0.24,0.2,0.173076923076923,0.13,52,0,5
DTLZ5,10,13,71013,3,112,"S2_(0.25,0.50]",0.72,0.96,0.56,0.6,0.28,0.36,0.28,0.266666666666667,0.18,30,0,6
DTLZ5,10,13,71013,4,118,"S2_(0.25,0.50]",0.88,0.96,0.32,0.423076923076923,0.44,0.4,0.28,0.307692307692308,0.22,52,0,3
DTLZ5,10,13,71013,5,124,"S2_(0.25,0.50]",0.76,0.96,0.56,0.633333333333333,0.4,0.4,0.4,0.366666666666667,0.23,30,0,6
DTLZ5,10,13,71013,6,130,"S2_(0.25,0.50]",0.72,0.96,0.4,0.514285714285714,0.4,0.4,0.36,0.342857142857143,0.25,35,0,7
DTLZ5,10,13,71013,7,136,"S2_(0.25,0.50]",0.88,0.96,0.56,0.578947368421053,0.32,0.36,0.4,0.289473684210526,0.25,38,0,4
DTLZ5,10,13,71013,8,142,"S2_(0.25,0.50]",0.64,1,0.4,0.457142857142857,0.32,0.36,0.36,0.314285714285714,0.28,35,0,9
DTLZ5,10,13,71013,9,148,"S2_(0.25,0.50]",0.68,1,0.32,0.435897435897436,0.36,0.36,0.32,0.333333333333333,0.29,39,0,8
DTLZ5,10,13,71013,10,154,"S3_(0.50,0.75]",0.68,0.92,0.32,0.395348837209302,0.4,0.36,0.36,0.372093023255814,0.31,43,0,9
DTLZ5,10,13,71013,11,160,"S3_(0.50,0.75]",0.76,0.92,0.44,0.487179487179487,0.44,0.44,0.52,0.461538461538462,0.34,39,0,7
DTLZ5,10,13,71013,12,166,"S3_(0.50,0.75]",0.8,0.92,0.44,0.48780487804878,0.4,0.36,0.56,0.439024390243902,0.33,41,0,5
DTLZ5,10,13,71013,13,172,"S3_(0.50,0.75]",0.88,0.96,0.48,0.478260869565217,0.44,0.44,0.4,0.391304347826087,0.34,46,0,4
DTLZ5,10,13,71013,14,178,"S3_(0.50,0.75]",0.88,1,0.48,0.44,0.44,0.4,0.56,0.4,0.34,50,0,3
DTLZ5,10,13,71013,15,184,"S3_(0.50,0.75]",0.56,0.96,0.16,0.311111111111111,0.36,0.4,0.48,0.4,0.35,45,0,11
DTLZ5,10,13,71013,16,190,"S3_(0.50,0.75]",0.64,0.92,0.36,0.41025641025641,0.36,0.4,0.44,0.384615384615385,0.36,39,0,9
DTLZ5,10,13,71013,17,196,"S3_(0.50,0.75]",0.76,0.96,0.4,0.422222222222222,0.44,0.48,0.56,0.444444444444444,0.38,45,0,6
DTLZ5,10,13,71013,18,202,"S3_(0.50,0.75]",0.84,0.96,0.52,0.456521739130435,0.52,0.48,0.52,0.478260869565217,0.41,46,0,3
DTLZ5,10,13,71013,19,208,"S3_(0.50,0.75]",0.68,0.96,0.36,0.425,0.4,0.48,0.52,0.45,0.47,40,0,9
DTLZ5,10,13,71013,20,214,"S3_(0.50,0.75]",0.8,0.96,0.48,0.344262295081967,0.52,0.52,0.56,0.491803278688525,0.49,61,0,4
DTLZ5,10,13,71013,21,220,"S3_(0.50,0.75]",0.88,0.96,0.32,0.389830508474576,0.52,0.52,0.44,0.508474576271186,0.5,59,0,2
DTLZ5,10,13,71013,22,226,"S4_(0.75,1.00]",0.84,1,0.28,0.355932203389831,0.6,0.56,0.48,0.559322033898305,0.52,59,0,4
DTLZ5,10,13,71013,23,232,"S4_(0.75,1.00]",0.84,1,0.36,0.355932203389831,0.64,0.6,0.6,0.576271186440678,0.55,59,0,4
DTLZ5,10,13,71013,24,238,"S4_(0.75,1.00]",0.6,0.96,0.4,0.365853658536585,0.68,0.76,0.52,0.585365853658537,0.6,41,0,10
DTLZ5,10,13,71013,25,244,"S4_(0.75,1.00]",0.64,0.92,0.4,0.380952380952381,0.64,0.84,0.52,0.595238095238095,0.62,42,0,10
DTLZ5,10,13,71013,26,250,"S4_(0.75,1.00]",0.64,0.96,0.36,0.390243902439024,0.72,0.76,0.56,0.634146341463415,0.65,41,0,9
DTLZ5,10,13,71013,27,256,"S4_(0.75,1.00]",0.72,0.96,0.56,0.5,0.76,0.8,0.64,0.694444444444444,0.68,36,0,7
DTLZ5,10,13,71013,28,262,"S4_(0.75,1.00]",0.84,1,0.24,0.39622641509434,0.88,0.8,0.76,0.792452830188679,0.73,53,0,4
DTLZ5,10,13,71013,29,268,"S4_(0.75,1.00]",0.8,0.96,0.28,0.384615384615385,0.88,0.84,0.76,0.788461538461538,0.73,52,0,4
DTLZ5,10,13,71013,30,274,"S4_(0.75,1.00]",0.84,0.96,0.28,0.42,0.92,0.92,0.8,0.82,0.74,50,0,3
DTLZ5,10,13,71013,31,280,"S4_(0.75,1.00]",0.68,1,0.4,0.361702127659574,0.92,0.92,0.8,0.893617021276596,0.86,47,0,8
DTLZ5,10,13,71013,32,286,"S4_(0.75,1.00]",0.68,1,0.44,0.354166666666667,0.92,0.92,0.84,0.895833333333333,0.87,48,0,8
DTLZ5,10,13,71013,33,292,"S4_(0.75,1.00]",0.56,1,0.4,0.304347826086957,0.96,1,0.88,0.934782608695652,0.93,46,0,11
DTLZ5,10,13,71013,34,298,"S4_(0.75,1.00]",0.6,1,0.44,0.326086956521739,1,1,1,1,0.98,46,0,10
DTLZ5,10,14,71014,1,100,"S2_(0.25,0.50]",0.76,0.8,0.24,0.355932203389831,0.08,0.08,0.08,0.0508474576271186,0.03,59,0,2
DTLZ5,10,14,71014,2,106,"S2_(0.25,0.50]",0.72,0.8,0.28,0.32258064516129,0.08,0.08,0.12,0.0645161290322581,0.04,62,0,2
DTLZ5,10,14,71014,3,112,"S2_(0.25,0.50]",0.64,0.8,0.4,0.484848484848485,0.16,0.16,0.16,0.181818181818182,0.07,33,0,6
DTLZ5,10,14,71014,4,118,"S2_(0.25,0.50]",0.72,0.88,0.4,0.5,0.2,0.24,0.16,0.157894736842105,0.09,38,0,6
DTLZ5,10,14,71014,5,124,"S2_(0.25,0.50]",0.6,0.92,0.52,0.470588235294118,0.12,0.32,0.12,0.117647058823529,0.11,34,0,9
DTLZ5,10,14,71014,6,130,"S2_(0.25,0.50]",0.56,0.92,0.32,0.424242424242424,0.2,0.36,0.16,0.181818181818182,0.12,33,0,11
DTLZ5,10,14,71014,7,136,"S2_(0.25,0.50]",0.48,0.92,0.36,0.375,0.16,0.36,0.16,0.15625,0.12,32,0,12
DTLZ5,10,14,71014,8,142,"S2_(0.25,0.50]",0.64,0.96,0.36,0.4,0.16,0.36,0.08,0.125,0.12,40,0,9
DTLZ5,10,14,71014,9,148,"S2_(0.25,0.50]",0.56,0.84,0.4,0.4375,0.24,0.36,0.2,0.21875,0.12,32,0,8
DTLZ5,10,14,71014,10,154,"S3_(0.50,0.75]",0.6,0.92,0.48,0.46875,0.2,0.4,0.16,0.1875,0.13,32,0,9
DTLZ5,10,14,71014,11,160,"S3_(0.50,0.75]",0.68,0.88,0.2,0.3,0.36,0.48,0.24,0.2,0.17,60,0,9
DTLZ5,10,14,71014,12,166,"S3_(0.50,0.75]",0.68,0.88,0.2,0.303571428571429,0.4,0.48,0.24,0.232142857142857,0.18,56,0,11
DTLZ5,10,14,71014,13,172,"S3_(0.50,0.75]",0.68,0.92,0.4,0.459459459459459,0.52,0.48,0.36,0.378378378378378,0.2,37,0,10
DTLZ5,10,14,71014,14,178,"S3_(0.50,0.75]",0.68,0.92,0.4,0.447368421052632,0.52,0.48,0.44,0.421052631578947,0.24,38,0,10
DTLZ5,10,14,71014,15,184,"S3_(0.50,0.75]",0.68,0.92,0.4,0.435897435897436,0.4,0.48,0.36,0.358974358974359,0.25,39,0,10
DTLZ5,10,14,71014,16,190,"S3_(0.50,0.75]",0.64,0.96,0.4,0.414634146341463,0.4,0.52,0.44,0.365853658536585,0.28,41,0,9
DTLZ5,10,14,71014,17,196,"S3_(0.50,0.75]",0.52,0.88,0.28,0.388888888888889,0.28,0.56,0.32,0.333333333333333,0.32,36,0,12
DTLZ5,10,14,71014,18,202,"S3_(0.50,0.75]",0.36,0.84,0.16,0.264705882352941,0.32,0.48,0.32,0.352941176470588,0.32,34,0,15
DTLZ5,10,14,71014,19,208,"S3_(0.50,0.75]",0.52,0.84,0.32,0.371428571428571,0.48,0.48,0.44,0.457142857142857,0.35,35,0,13
DTLZ5,10,14,71014,20,214,"S3_(0.50,0.75]",0.4,1,0.12,0.238095238095238,0.48,0.44,0.4,0.452380952380952,0.39,42,0,15
DTLZ5,10,14,71014,21,220,"S3_(0.50,0.75]",0.4,1,0.28,0.294117647058824,0.64,0.48,0.52,0.558823529411765,0.44,34,0,15
DTLZ5,10,14,71014,22,226,"S4_(0.75,1.00]",0.52,1,0.24,0.30952380952381,0.56,0.52,0.6,0.547619047619048,0.48,42,0,12
DTLZ5,10,14,71014,23,232,"S4_(0.75,1.00]",0.52,1,0.16,0.288888888888889,0.6,0.56,0.52,0.577777777777778,0.5,45,0,12
DTLZ5,10,14,71014,24,238,"S4_(0.75,1.00]",0.52,1,0.12,0.288888888888889,0.64,0.48,0.52,0.577777777777778,0.5,45,0,12
DTLZ5,10,14,71014,25,244,"S4_(0.75,1.00]",0.6,1,0.2,0.288461538461538,0.6,0.6,0.52,0.596153846153846,0.55,52,0,10
DTLZ5,10,14,71014,26,250,"S4_(0.75,1.00]",0.6,1,0.24,0.3125,0.56,0.6,0.52,0.625,0.57,48,0,10
DTLZ5,10,14,71014,27,256,"S4_(0.75,1.00]",0.84,1,0.36,0.375,0.56,0.48,0.6,0.589285714285714,0.59,56,0,4
DTLZ5,10,14,71014,28,262,"S4_(0.75,1.00]",0.6,1,0.32,0.272727272727273,0.68,0.6,0.68,0.636363636363636,0.62,55,0,10
DTLZ5,10,14,71014,29,268,"S4_(0.75,1.00]",0.6,1,0.4,0.294117647058824,0.72,0.72,0.72,0.705882352941177,0.67,51,0,10
DTLZ5,10,14,71014,30,274,"S4_(0.75,1.00]",0.4,1,0.2,0.222222222222222,0.92,0.8,0.84,0.866666666666667,0.76,45,0,15
DTLZ5,10,14,71014,31,280,"S4_(0.75,1.00]",0.4,1,0.2,0.204081632653061,0.88,0.84,0.76,0.816326530612245,0.82,49,0,15
DTLZ5,10,14,71014,32,286,"S4_(0.75,1.00]",0.64,1,0.36,0.340425531914894,0.8,0.92,0.76,0.872340425531915,0.87,47,0,9
DTLZ5,10,14,71014,33,292,"S4_(0.75,1.00]",0.56,1,0.28,0.325581395348837,0.92,0.96,0.84,0.906976744186046,0.91,43,0,11
DTLZ5,10,14,71014,34,298,"S4_(0.75,1.00]",0.32,1,0.16,0.235294117647059,0.92,0.96,0.92,0.941176470588235,0.97,34,0,17
DTLZ5,10,15,71015,1,100,"S2_(0.25,0.50]",0.72,0.88,0.6,0.633333333333333,0.08,0.08,0.08,0.0666666666666667,0.05,30,0,6
DTLZ5,10,15,71015,2,106,"S2_(0.25,0.50]",0.72,0.88,0.56,0.59375,0.08,0.12,0.08,0.0625,0.06,32,0,7
DTLZ5,10,15,71015,3,112,"S2_(0.25,0.50]",0.72,0.84,0.56,0.558823529411765,0.08,0.08,0.08,0.0588235294117647,0.06,34,0,5
DTLZ5,10,15,71015,4,118,"S2_(0.25,0.50]",0.64,0.88,0.48,0.53125,0.04,0.12,0.04,0.03125,0.07,32,0,8
DTLZ5,10,15,71015,5,124,"S2_(0.25,0.50]",0.64,0.84,0.44,0.5,0.04,0.12,0.12,0.09375,0.08,32,0,8
DTLZ5,10,15,71015,6,130,"S2_(0.25,0.50]",0.68,0.84,0.28,0.372549019607843,0.08,0.12,0.08,0.0588235294117647,0.1,51,0,6
DTLZ5,10,15,71015,7,136,"S2_(0.25,0.50]",0.68,0.88,0.2,0.339622641509434,0.16,0.16,0.12,0.0943396226415094,0.12,53,0,5
DTLZ5,10,15,71015,8,142,"S2_(0.25,0.50]",0.92,0.96,0.28,0.377049180327869,0.24,0.24,0.16,0.114754098360656,0.14,61,0,1
DTLZ5,10,15,71015,9,148,"S2_(0.25,0.50]",0.84,0.96,0.24,0.338709677419355,0.36,0.4,0.16,0.17741935483871,0.19,62,0,3
DTLZ5,10,15,71015,10,154,"S3_(0.50,0.75]",0.68,0.96,0.24,0.283333333333333,0.32,0.36,0.12,0.183333333333333,0.19,60,0,8
DTLZ5,10,15,71015,11,160,"S3_(0.50,0.75]",0.72,1,0.2,0.305084745762712,0.32,0.32,0.16,0.186440677966102,0.19,59,0,7
DTLZ5,10,15,71015,12,166,"S3_(0.50,0.75]",0.72,1,0.24,0.305084745762712,0.32,0.32,0.2,0.203389830508475,0.2,59,0,7
DTLZ5,10,15,71015,13,172,"S3_(0.50,0.75]",0.6,0.92,0.28,0.384615384615385,0.16,0.32,0.08,0.128205128205128,0.2,39,0,8
DTLZ5,10,15,71015,14,178,"S3_(0.50,0.75]",0.76,0.96,0.44,0.463414634146341,0.28,0.36,0.28,0.219512195121951,0.23,41,0,5
DTLZ5,10,15,71015,15,184,"S3_(0.50,0.75]",0.68,0.96,0.4,0.425,0.28,0.4,0.32,0.275,0.26,40,0,7
DTLZ5,10,15,71015,16,190,"S3_(0.50,0.75]",0.76,0.96,0.52,0.5,0.32,0.44,0.2,0.210526315789474,0.31,38,0,6
DTLZ5,10,15,71015,17,196,"S3_(0.50,0.75]",0.72,1,0.64,0.529411764705882,0.36,0.4,0.28,0.323529411764706,0.33,34,0,7
DTLZ5,10,15,71015,18,202,"S3_(0.50,0.75]",0.72,1,0.12,0.264705882352941,0.6,0.4,0.52,0.441176470588235,0.38,68,0,7
DTLZ5,10,15,71015,19,208,"S3_(0.50,0.75]",0.76,1,0.12,0.279411764705882,0.48,0.32,0.52,0.426470588235294,0.37,68,0,6
DTLZ5,10,15,71015,20,214,"S3_(0.50,0.75]",0.6,1,0.44,0.428571428571429,0.48,0.4,0.48,0.428571428571429,0.41,35,0,10
DTLZ5,10,15,71015,21,220,"S3_(0.50,0.75]",0.6,1,0.32,0.357142857142857,0.52,0.4,0.52,0.428571428571429,0.45,42,0,10
DTLZ5,10,15,71015,22,226,"S4_(0.75,1.00]",0.68,1,0.32,0.414634146341463,0.56,0.48,0.48,0.439024390243902,0.49,41,0,8
DTLZ5,10,15,71015,23,232,"S4_(0.75,1.00]",0.56,1,0.24,0.368421052631579,0.64,0.44,0.52,0.5,0.51,38,0,11
DTLZ5,10,15,71015,24,238,"S4_(0.75,1.00]",0.64,1,0.32,0.380952380952381,0.72,0.52,0.64,0.619047619047619,0.55,42,0,9
DTLZ5,10,15,71015,25,244,"S4_(0.75,1.00]",0.72,1,0.4,0.439024390243902,0.64,0.52,0.68,0.609756097560976,0.55,41,0,7
DTLZ5,10,15,71015,26,250,"S4_(0.75,1.00]",0.68,1,0.4,0.414634146341463,0.72,0.64,0.72,0.682926829268293,0.59,41,0,8
DTLZ5,10,15,71015,27,256,"S4_(0.75,1.00]",0.44,1,0.12,0.275,0.96,0.68,0.84,0.8,0.62,40,0,14
DTLZ5,10,15,71015,28,262,"S4_(0.75,1.00]",0.52,1,0.32,0.371428571428571,0.72,0.72,0.8,0.771428571428571,0.68,35,0,12
DTLZ5,10,15,71015,29,268,"S4_(0.75,1.00]",0.68,1,0.04,0.278688524590164,0.88,0.8,0.88,0.901639344262295,0.73,61,0,8
DTLZ5,10,15,71015,30,274,"S4_(0.75,1.00]",0.56,1,0.32,0.424242424242424,0.8,0.8,0.8,0.818181818181818,0.78,33,0,11
DTLZ5,10,15,71015,31,280,"S4_(0.75,1.00]",0.52,1,0.32,0.382352941176471,0.8,0.84,0.84,0.823529411764706,0.81,34,0,12
DTLZ5,10,15,71015,32,286,"S4_(0.75,1.00]",0.52,1,0.32,0.419354838709677,0.92,0.96,0.92,0.935483870967742,0.86,31,0,12
DTLZ5,10,15,71015,33,292,"S4_(0.75,1.00]",0.56,1,0.36,0.411764705882353,0.96,0.96,0.96,0.970588235294118,0.92,34,0,11
DTLZ5,10,15,71015,34,298,"S4_(0.75,1.00]",0.44,1,0.24,0.305555555555556,1,1,1,1,0.98,36,0,14
DTLZ5,10,16,71016,1,100,"S2_(0.25,0.50]",0.64,0.76,0.36,0.447368421052632,0.4,0.44,0.2,0.289473684210526,0.17,38,0,5
DTLZ5,10,16,71016,2,106,"S2_(0.25,0.50]",0.6,0.8,0.4,0.484848484848485,0.4,0.48,0.2,0.303030303030303,0.19,33,0,7
DTLZ5,10,16,71016,3,112,"S2_(0.25,0.50]",0.8,0.88,0.32,0.370967741935484,0.52,0.44,0.32,0.306451612903226,0.22,62,0,2
DTLZ5,10,16,71016,4,118,"S2_(0.25,0.50]",0.76,0.96,0.44,0.513513513513513,0.44,0.32,0.32,0.378378378378378,0.22,37,0,5
DTLZ5,10,16,71016,5,124,"S2_(0.25,0.50]",0.84,0.88,0.48,0.538461538461538,0.4,0.32,0.36,0.358974358974359,0.24,39,0,5
DTLZ5,10,16,71016,6,130,"S2_(0.25,0.50]",0.84,0.84,0.16,0.349206349206349,0.4,0.36,0.36,0.317460317460317,0.26,63,0,6
DTLZ5,10,16,71016,7,136,"S2_(0.25,0.50]",0.56,0.84,0.48,0.466666666666667,0.48,0.4,0.4,0.4,0.28,30,0,12
DTLZ5,10,16,71016,8,142,"S2_(0.25,0.50]",0.6,0.92,0.48,0.46875,0.44,0.4,0.4,0.40625,0.29,32,0,9
DTLZ5,10,16,71016,9,148,"S2_(0.25,0.50]",0.64,0.92,0.44,0.470588235294118,0.48,0.48,0.4,0.470588235294118,0.33,34,0,10
DTLZ5,10,16,71016,10,154,"S3_(0.50,0.75]",0.68,0.96,0.44,0.485714285714286,0.56,0.52,0.48,0.542857142857143,0.35,35,0,8
DTLZ5,10,16,71016,11,160,"S3_(0.50,0.75]",0.56,0.96,0.44,0.4375,0.6,0.44,0.52,0.5625,0.37,32,0,12
DTLZ5,10,16,71016,12,166,"S3_(0.50,0.75]",0.68,0.96,0.48,0.386363636363636,0.52,0.44,0.36,0.454545454545455,0.37,44,0,8
DTLZ5,10,16,71016,13,172,"S3_(0.50,0.75]",0.56,0.96,0.4,0.35,0.52,0.48,0.48,0.475,0.38,40,0,11
DTLZ5,10,16,71016,14,178,"S3_(0.50,0.75]",0.56,0.92,0.44,0.411764705882353,0.56,0.48,0.44,0.529411764705882,0.39,34,0,10
DTLZ5,10,16,71016,15,184,"S3_(0.50,0.75]",0.52,0.88,0.36,0.40625,0.68,0.52,0.56,0.65625,0.43,32,0,14
DTLZ5,10,16,71016,16,190,"S3_(0.50,0.75]",0.68,0.84,0.48,0.459459459459459,0.64,0.56,0.56,0.621621621621622,0.46,37,0,11
DTLZ5,10,16,71016,17,196,"S3_(0.50,0.75]",0.64,0.84,0.44,0.421052631578947,0.64,0.52,0.6,0.631578947368421,0.46,38,0,10
DTLZ5,10,16,71016,18,202,"S3_(0.50,0.75]",0.6,0.84,0.44,0.357142857142857,0.64,0.52,0.6,0.619047619047619,0.48,42,0,9
DTLZ5,10,16,71016,19,208,"S3_(0.50,0.75]",0.6,0.84,0.48,0.357142857142857,0.64,0.52,0.64,0.666666666666667,0.52,42,0,9
DTLZ5,10,16,71016,20,214,"S3_(0.50,0.75]",0.64,0.88,0.44,0.363636363636364,0.6,0.52,0.64,0.659090909090909,0.53,44,0,9
DTLZ5,10,16,71016,21,220,"S3_(0.50,0.75]",0.56,0.84,0.36,0.333333333333333,0.64,0.48,0.64,0.714285714285714,0.55,42,0,10
DTLZ5,10,16,71016,22,226,"S4_(0.75,1.00]",0.64,0.88,0.44,0.340425531914894,0.6,0.52,0.68,0.702127659574468,0.58,47,0,8
DTLZ5,10,16,71016,23,232,"S4_(0.75,1.00]",0.84,0.92,0.64,0.385964912280702,0.64,0.56,0.68,0.771929824561403,0.62,57,0,4
DTLZ5,10,16,71016,24,238,"S4_(0.75,1.00]",0.84,0.88,0.64,0.385964912280702,0.68,0.6,0.76,0.807017543859649,0.66,57,0,5
DTLZ5,10,16,71016,25,244,"S4_(0.75,1.00]",0.6,1,0.28,0.340909090909091,0.72,0.72,0.84,0.818181818181818,0.69,44,0,10
DTLZ5,10,16,71016,26,250,"S4_(0.75,1.00]",0.6,1,0.44,0.333333333333333,0.84,0.8,0.84,0.844444444444444,0.74,45,0,10
DTLZ5,10,16,71016,27,256,"S4_(0.75,1.00]",0.64,1,0.48,0.355555555555556,0.88,0.84,0.88,0.866666666666667,0.76,45,0,9
DTLZ5,10,16,71016,28,262,"S4_(0.75,1.00]",0.64,1,0.48,0.355555555555556,0.88,0.84,0.88,0.866666666666667,0.77,45,0,9
DTLZ5,10,16,71016,29,268,"S4_(0.75,1.00]",0.72,1,0.48,0.4,0.88,0.88,0.88,0.911111111111111,0.8,45,0,7
DTLZ5,10,16,71016,30,274,"S4_(0.75,1.00]",0.52,1,0.36,0.317073170731707,0.96,0.88,0.92,0.951219512195122,0.82,41,0,12
DTLZ5,10,16,71016,31,280,"S4_(0.75,1.00]",0.72,1,0.48,0.327272727272727,0.92,0.88,0.92,0.927272727272727,0.87,55,0,7
DTLZ5,10,16,71016,32,286,"S4_(0.75,1.00]",0.84,1,0.52,0.355932203389831,0.88,0.96,0.92,0.932203389830508,0.9,59,0,4
DTLZ5,10,16,71016,33,292,"S4_(0.75,1.00]",0.8,1,0.52,0.344827586206897,0.92,1,0.92,0.948275862068966,0.95,58,0,5
DTLZ5,10,16,71016,34,298,"S4_(0.75,1.00]",0.84,1,0.6,0.388888888888889,1,1,1,1,0.98,54,0,4
DTLZ5,10,17,71017,1,100,"S2_(0.25,0.50]",0.6,0.88,0.48,0.53125,0.04,0.08,0,0.03125,0.08,32,0,9
DTLZ5,10,17,71017,2,106,"S2_(0.25,0.50]",0.72,0.84,0.48,0.545454545454545,0.16,0.12,0.12,0.121212121212121,0.09,33,0,9
DTLZ5,10,17,71017,3,112,"S2_(0.25,0.50]",0.8,0.92,0.24,0.318840579710145,0.12,0.16,0.08,0.101449275362319,0.11,69,0,4
DTLZ5,10,17,71017,4,118,"S2_(0.25,0.50]",0.64,0.76,0.4,0.5,0.16,0.2,0.12,0.111111111111111,0.12,36,0,7
DTLZ5,10,17,71017,5,124,"S2_(0.25,0.50]",0.48,0.84,0.28,0.393939393939394,0.28,0.2,0.24,0.212121212121212,0.12,33,0,11
DTLZ5,10,17,71017,6,130,"S2_(0.25,0.50]",0.6,0.88,0.24,0.348837209302326,0.16,0.2,0.12,0.116279069767442,0.13,43,0,11
DTLZ5,10,17,71017,7,136,"S2_(0.25,0.50]",0.64,0.88,0.4,0.457142857142857,0.24,0.2,0.16,0.2,0.16,35,0,11
DTLZ5,10,17,71017,8,142,"S2_(0.25,0.50]",0.56,0.92,0.36,0.4,0.32,0.32,0.24,0.257142857142857,0.21,35,0,12
DTLZ5,10,17,71017,9,148,"S2_(0.25,0.50]",0.48,0.92,0.32,0.375,0.32,0.36,0.24,0.25,0.22,32,0,13
DTLZ5,10,17,71017,10,154,"S3_(0.50,0.75]",0.48,0.92,0.28,0.363636363636364,0.24,0.36,0.2,0.212121212121212,0.22,33,0,13
DTLZ5,10,17,71017,11,160,"S3_(0.50,0.75]",0.48,0.92,0.2,0.342857142857143,0.2,0.36,0.2,0.2,0.22,35,0,12
DTLZ5,10,17,71017,12,166,"S3_(0.50,0.75]",0.48,0.92,0.4,0.4,0.32,0.4,0.32,0.3,0.24,30,0,12
DTLZ5,10,17,71017,13,172,"S3_(0.50,0.75]",0.64,0.88,0.08,0.261538461538462,0.4,0.4,0.2,0.246153846153846,0.24,65,0,7
DTLZ5,10,17,71017,14,178,"S3_(0.50,0.75]",0.52,0.92,0.36,0.40625,0.44,0.56,0.44,0.40625,0.3,32,0,12
DTLZ5,10,17,71017,15,184,"S3_(0.50,0.75]",0.56,0.8,0.4,0.4375,0.56,0.68,0.56,0.5,0.33,32,0,9
DTLZ5,10,17,71017,16,190,"S3_(0.50,0.75]",0.52,0.88,0.32,0.382352941176471,0.64,0.8,0.6,0.529411764705882,0.38,34,0,9
DTLZ5,10,17,71017,17,196,"S3_(0.50,0.75]",0.56,0.88,0.48,0.466666666666667,0.68,0.76,0.68,0.633333333333333,0.42,30,0,9
DTLZ5,10,17,71017,18,202,"S3_(0.50,0.75]",0.8,0.96,0.12,0.308823529411765,0.84,0.8,0.36,0.514705882352941,0.48,68,0,5
DTLZ5,10,17,71017,19,208,"S3_(0.50,0.75]",0.68,1,0.08,0.265625,0.84,0.8,0.44,0.546875,0.52,64,0,8
DTLZ5,10,17,71017,20,214,"S3_(0.50,0.75]",0.56,1,0.24,0.4,0.8,0.8,0.8,0.8,0.53,35,0,11
DTLZ5,10,17,71017,21,220,"S3_(0.50,0.75]",0.64,1,0.04,0.235294117647059,0.8,0.76,0.4,0.573529411764706,0.56,68,0,9
DTLZ5,10,17,71017,22,226,"S4_(0.75,1.00]",0.64,1,0.48,0.484848484848485,0.72,0.64,0.8,0.757575757575758,0.58,33,0,9
DTLZ5,10,17,71017,23,232,"S4_(0.75,1.00]",0.64,1,0.32,0.41025641025641,0.68,0.6,0.64,0.692307692307692,0.61,39,0,9
DTLZ5,10,17,71017,24,238,"S4_(0.75,1.00]",0.6,1,0.32,0.333333333333333,0.6,0.6,0.68,0.688888888888889,0.64,45,0,10
DTLZ5,10,17,71017,25,244,"S4_(0.75,1.00]",0.6,1,0.36,0.348837209302326,0.64,0.6,0.64,0.697674418604651,0.65,43,0,10
DTLZ5,10,17,71017,26,250,"S4_(0.75,1.00]",0.6,1,0.36,0.357142857142857,0.64,0.6,0.6,0.69047619047619,0.66,42,0,10
DTLZ5,10,17,71017,27,256,"S4_(0.75,1.00]",0.64,1,0.36,0.372093023255814,0.64,0.64,0.64,0.697674418604651,0.71,43,0,9
DTLZ5,10,17,71017,28,262,"S4_(0.75,1.00]",0.36,1,0.04,0.230769230769231,0.64,0.68,0.64,0.666666666666667,0.74,39,0,16
DTLZ5,10,17,71017,29,268,"S4_(0.75,1.00]",0.48,1,0.2,0.315789473684211,0.72,0.72,0.72,0.763157894736842,0.76,38,0,13
DTLZ5,10,17,71017,30,274,"S4_(0.75,1.00]",0.48,1,0.24,0.307692307692308,0.84,0.76,0.76,0.794871794871795,0.82,39,0,13
DTLZ5,10,17,71017,31,280,"S4_(0.75,1.00]",0.56,1,0.28,0.35,0.84,0.8,0.76,0.8,0.83,40,0,11
DTLZ5,10,17,71017,32,286,"S4_(0.75,1.00]",0.48,1,0.32,0.363636363636364,0.8,0.8,0.8,0.818181818181818,0.88,33,0,13
DTLZ5,10,17,71017,33,292,"S4_(0.75,1.00]",0.6,1,0.44,0.428571428571429,0.88,0.88,0.92,0.914285714285714,0.94,35,0,10
DTLZ5,10,17,71017,34,298,"S4_(0.75,1.00]",0.72,1,0.52,0.461538461538462,0.84,0.84,0.88,0.897435897435897,0.95,39,0,7
DTLZ5,10,18,71018,1,100,"S2_(0.25,0.50]",0.8,0.96,0.56,0.583333333333333,0.24,0.24,0.24,0.277777777777778,0.13,36,0,4
DTLZ5,10,18,71018,2,106,"S2_(0.25,0.50]",0.92,0.96,0.64,0.58974358974359,0.28,0.28,0.24,0.282051282051282,0.14,39,0,2
DTLZ5,10,18,71018,3,112,"S2_(0.25,0.50]",0.8,0.88,0.48,0.48780487804878,0.36,0.2,0.28,0.317073170731707,0.16,41,0,6
DTLZ5,10,18,71018,4,118,"S2_(0.25,0.50]",0.76,0.88,0.24,0.333333333333333,0.32,0.2,0.24,0.25,0.16,60,0,4
DTLZ5,10,18,71018,5,124,"S2_(0.25,0.50]",0.8,0.88,0.44,0.5,0.28,0.2,0.28,0.3,0.19,40,0,5
DTLZ5,10,18,71018,6,130,"S2_(0.25,0.50]",0.56,0.84,0.4,0.4,0.28,0.2,0.36,0.342857142857143,0.19,35,0,9
DTLZ5,10,18,71018,7,136,"S2_(0.25,0.50]",0.6,0.8,0.48,0.444444444444444,0.28,0.2,0.32,0.333333333333333,0.2,36,0,8
DTLZ5,10,18,71018,8,142,"S2_(0.25,0.50]",0.68,0.96,0.32,0.435897435897436,0.24,0.28,0.28,0.282051282051282,0.25,39,0,7
DTLZ5,10,18,71018,9,148,"S2_(0.25,0.50]",0.6,0.96,0.36,0.46875,0.32,0.28,0.4,0.34375,0.25,32,0,10
DTLZ5,10,18,71018,10,154,"S3_(0.50,0.75]",0.6,0.68,0.24,0.322033898305085,0.4,0.4,0.32,0.288135593220339,0.27,59,0,4
DTLZ5,10,18,71018,11,160,"S3_(0.50,0.75]",0.44,0.72,0.32,0.40625,0.36,0.36,0.36,0.34375,0.28,32,0,10
DTLZ5,10,18,71018,12,166,"S3_(0.50,0.75]",0.76,0.88,0.28,0.388888888888889,0.44,0.52,0.44,0.37037037037037,0.32,54,0,4
DTLZ5,10,18,71018,13,172,"S3_(0.50,0.75]",0.76,0.88,0.28,0.363636363636364,0.44,0.48,0.44,0.363636363636364,0.32,55,0,5
DTLZ5,10,18,71018,14,178,"S3_(0.50,0.75]",0.64,0.92,0.48,0.548387096774194,0.44,0.44,0.44,0.419354838709677,0.34,31,0,9
DTLZ5,10,18,71018,15,184,"S3_(0.50,0.75]",0.76,0.76,0.36,0.368421052631579,0.44,0.52,0.36,0.368421052631579,0.34,57,0,5
DTLZ5,10,18,71018,16,190,"S3_(0.50,0.75]",0.6,0.84,0.36,0.444444444444444,0.48,0.64,0.44,0.472222222222222,0.4,36,0,9
DTLZ5,10,18,71018,17,196,"S3_(0.50,0.75]",0.68,0.92,0.48,0.5625,0.52,0.76,0.48,0.5,0.44,32,0,7
DTLZ5,10,18,71018,18,202,"S3_(0.50,0.75]",0.52,0.96,0.4,0.433333333333333,0.52,0.68,0.48,0.5,0.45,30,0,11
DTLZ5,10,18,71018,19,208,"S3_(0.50,0.75]",0.88,0.96,0.24,0.396551724137931,0.68,0.72,0.56,0.551724137931034,0.46,58,0,3
DTLZ5,10,18,71018,20,214,"S3_(0.50,0.75]",0.56,0.84,0.32,0.4,0.64,0.76,0.4,0.55,0.47,40,0,10
DTLZ5,10,18,71018,21,220,"S3_(0.50,0.75]",0.52,0.88,0.24,0.348837209302326,0.64,0.76,0.48,0.581395348837209,0.47,43,0,11
DTLZ5,10,18,71018,22,226,"S4_(0.75,1.00]",0.68,0.92,0.4,0.486486486486487,0.56,0.76,0.48,0.486486486486487,0.49,37,0,8
DTLZ5,10,18,71018,23,232,"S4_(0.75,1.00]",0.48,0.88,0.32,0.375,0.8,0.76,0.64,0.71875,0.5,32,0,11
DTLZ5,10,18,71018,24,238,"S4_(0.75,1.00]",0.6,0.92,0.32,0.394736842105263,0.72,0.8,0.64,0.684210526315789,0.56,38,0,8
DTLZ5,10,18,71018,25,244,"S4_(0.75,1.00]",0.52,0.96,0.32,0.382352941176471,0.8,0.8,0.6,0.705882352941177,0.59,34,0,12
DTLZ5,10,18,71018,26,250,"S4_(0.75,1.00]",0.52,1,0.4,0.40625,0.84,0.8,0.76,0.8125,0.64,32,0,12
DTLZ5,10,18,71018,27,256,"S4_(0.75,1.00]",0.64,1,0.44,0.470588235294118,0.8,0.8,0.72,0.794117647058823,0.67,34,0,9
DTLZ5,10,18,71018,28,262,"S4_(0.75,1.00]",0.88,1,0.24,0.354838709677419,0.8,0.8,0.72,0.806451612903226,0.71,62,0,3
DTLZ5,10,18,71018,29,268,"S4_(0.75,1.00]",0.72,1,0.44,0.473684210526316,0.8,0.92,0.68,0.763157894736842,0.75,38,0,7
DTLZ5,10,18,71018,30,274,"S4_(0.75,1.00]",0.72,1,0.56,0.5625,0.92,0.96,0.88,0.90625,0.79,32,0,7
DTLZ5,10,18,71018,31,280,"S4_(0.75,1.00]",0.76,1,0.52,0.542857142857143,0.92,1,0.84,0.885714285714286,0.83,35,0,6
DTLZ5,10,18,71018,32,286,"S4_(0.75,1.00]",0.84,1,0.48,0.525,0.92,1,0.88,0.9,0.87,40,0,4
DTLZ5,10,18,71018,33,292,"S4_(0.75,1.00]",0.72,1,0.44,0.428571428571429,1,1,0.92,0.928571428571429,0.9,42,0,7
DTLZ5,10,18,71018,34,298,"S4_(0.75,1.00]",0.72,1,0.4,0.36734693877551,1,1,1,1,1,49,0,7
DTLZ5,10,19,71019,1,100,"S2_(0.25,0.50]",0.56,0.64,0.56,0.547619047619048,0.24,0.16,0.04,0.166666666666667,0.1,42,0,8
DTLZ5,10,19,71019,2,106,"S2_(0.25,0.50]",0.6,0.68,0.52,0.450980392156863,0.24,0.24,0.16,0.215686274509804,0.13,51,0,5
DTLZ5,10,19,71019,3,112,"S2_(0.25,0.50]",0.6,0.76,0.48,0.4375,0.28,0.28,0.12,0.208333333333333,0.14,48,0,4
DTLZ5,10,19,71019,4,118,"S2_(0.25,0.50]",0.44,0.72,0.28,0.375,0.4,0.28,0.12,0.25,0.16,40,0,14
DTLZ5,10,19,71019,5,124,"S2_(0.25,0.50]",0.4,0.8,0.2,0.333333333333333,0.36,0.24,0.16,0.261904761904762,0.17,42,0,14
DTLZ5,10,19,71019,6,130,"S2_(0.25,0.50]",0.48,0.84,0.2,0.333333333333333,0.36,0.24,0.2,0.311111111111111,0.2,45,0,11
DTLZ5,10,19,71019,7,136,"S2_(0.25,0.50]",0.6,0.88,0.24,0.354166666666667,0.28,0.16,0.12,0.25,0.2,48,0,10
DTLZ5,10,19,71019,8,142,"S2_(0.25,0.50]",0.68,0.92,0.28,0.428571428571429,0.28,0.2,0.24,0.333333333333333,0.22,42,0,7
DTLZ5,10,19,71019,9,148,"S2_(0.25,0.50]",0.72,0.96,0.4,0.529411764705882,0.28,0.12,0.32,0.294117647058824,0.23,34,0,7
DTLZ5,10,19,71019,10,154,"S3_(0.50,0.75]",0.6,0.96,0.4,0.441176470588235,0.32,0.24,0.4,0.382352941176471,0.26,34,0,9
DTLZ5,10,19,71019,11,160,"S3_(0.50,0.75]",0.56,0.96,0.36,0.451612903225806,0.36,0.24,0.36,0.387096774193548,0.28,31,0,11
DTLZ5,10,19,71019,12,166,"S3_(0.50,0.75]",0.6,0.96,0.36,0.46875,0.36,0.24,0.36,0.375,0.3,32,0,10
DTLZ5,10,19,71019,13,172,"S3_(0.50,0.75]",0.6,1,0.4,0.46875,0.44,0.28,0.36,0.40625,0.31,32,0,10
DTLZ5,10,19,71019,14,178,"S3_(0.50,0.75]",0.52,1,0.24,0.371428571428571,0.4,0.32,0.36,0.428571428571429,0.34,35,0,12
DTLZ5,10,19,71019,15,184,"S3_(0.50,0.75]",0.8,1,0.4,0.444444444444444,0.28,0.32,0.28,0.333333333333333,0.38,45,0,5
DTLZ5,10,19,71019,16,190,"S3_(0.50,0.75]",0.8,1,0.4,0.454545454545455,0.36,0.4,0.36,0.386363636363636,0.4,44,0,5
DTLZ5,10,19,71019,17,196,"S3_(0.50,0.75]",0.64,1,0.32,0.444444444444444,0.44,0.44,0.4,0.444444444444444,0.41,36,0,9
DTLZ5,10,19,71019,18,202,"S3_(0.50,0.75]",0.72,1,0.4,0.4,0.36,0.44,0.36,0.377777777777778,0.42,45,0,7
DTLZ5,10,19,71019,19,208,"S3_(0.50,0.75]",0.64,1,0.24,0.355555555555556,0.36,0.4,0.44,0.466666666666667,0.42,45,0,9
DTLZ5,10,19,71019,20,214,"S3_(0.50,0.75]",0.64,1,0.28,0.355555555555556,0.44,0.44,0.56,0.555555555555556,0.47,45,0,9
DTLZ5,10,19,71019,21,220,"S3_(0.50,0.75]",0.64,1,0.32,0.380952380952381,0.48,0.44,0.48,0.523809523809524,0.51,42,0,9
DTLZ5,10,19,71019,22,226,"S4_(0.75,1.00]",0.6,1,0.32,0.375,0.48,0.44,0.52,0.55,0.53,40,0,10
DTLZ5,10,19,71019,23,232,"S4_(0.75,1.00]",0.52,1,0.28,0.333333333333333,0.52,0.48,0.56,0.58974358974359,0.55,39,0,12
DTLZ5,10,19,71019,24,238,"S4_(0.75,1.00]",0.6,1,0.36,0.384615384615385,0.48,0.52,0.56,0.58974358974359,0.57,39,0,10
DTLZ5,10,19,71019,25,244,"S4_(0.75,1.00]",0.68,1,0.28,0.346938775510204,0.44,0.52,0.64,0.591836734693878,0.6,49,0,8
DTLZ5,10,19,71019,26,250,"S4_(0.75,1.00]",0.56,1,0.2,0.291666666666667,0.6,0.64,0.72,0.666666666666667,0.66,48,0,11
DTLZ5,10,19,71019,27,256,"S4_(0.75,1.00]",0.56,1,0.16,0.28,0.64,0.64,0.8,0.68,0.69,50,0,11
DTLZ5,10,19,71019,28,262,"S4_(0.75,1.00]",0.6,1,0.24,0.3,0.76,0.76,0.84,0.76,0.72,50,0,10
DTLZ5,10,19,71019,29,268,"S4_(0.75,1.00]",0.6,1,0.28,0.306122448979592,0.76,0.76,0.88,0.775510204081633,0.73,49,0,10
DTLZ5,10,19,71019,30,274,"S4_(0.75,1.00]",0.48,1,0.12,0.272727272727273,0.84,0.84,0.76,0.863636363636364,0.79,44,0,13
DTLZ5,10,19,71019,31,280,"S4_(0.75,1.00]",0.48,1,0.16,0.292682926829268,0.88,0.88,0.84,0.902439024390244,0.84,41,0,13
DTLZ5,10,19,71019,32,286,"S4_(0.75,1.00]",0.48,1,0.16,0.27906976744186,0.92,0.88,0.84,0.906976744186046,0.86,43,0,13
DTLZ5,10,19,71019,33,292,"S4_(0.75,1.00]",0.6,1,0.2,0.333333333333333,0.96,1,0.96,0.977777777777778,0.94,45,0,10
DTLZ5,10,19,71019,34,298,"S4_(0.75,1.00]",0.64,1,0.24,0.340425531914894,1,1,1,1,0.98,47,0,9
DTLZ5,10,20,71020,1,100,"S2_(0.25,0.50]",0.72,0.76,0.44,0.323529411764706,0.12,0.12,0.08,0.0588235294117647,0.05,68,0,1
DTLZ5,10,20,71020,2,106,"S2_(0.25,0.50]",0.64,0.76,0.64,0.633333333333333,0.2,0.2,0.16,0.166666666666667,0.07,30,0,8
DTLZ5,10,20,71020,3,112,"S2_(0.25,0.50]",0.64,0.76,0.6,0.588235294117647,0.24,0.2,0.12,0.176470588235294,0.08,34,0,8
DTLZ5,10,20,71020,4,118,"S2_(0.25,0.50]",0.68,0.72,0.4,0.487179487179487,0.24,0.24,0.16,0.205128205128205,0.09,39,0,3
DTLZ5,10,20,71020,5,124,"S2_(0.25,0.50]",0.6,0.8,0.44,0.485714285714286,0.24,0.32,0.2,0.228571428571429,0.11,35,0,8
DTLZ5,10,20,71020,6,130,"S2_(0.25,0.50]",0.76,0.8,0.48,0.5,0.28,0.32,0.16,0.19047619047619,0.11,42,0,5
DTLZ5,10,20,71020,7,136,"S2_(0.25,0.50]",0.8,0.84,0.48,0.488372093023256,0.32,0.36,0.2,0.209302325581395,0.14,43,0,5
DTLZ5,10,20,71020,8,142,"S2_(0.25,0.50]",0.68,0.88,0.44,0.428571428571429,0.28,0.36,0.2,0.19047619047619,0.16,42,0,7
DTLZ5,10,20,71020,9,148,"S2_(0.25,0.50]",0.76,0.92,0.56,0.4375,0.4,0.4,0.2,0.270833333333333,0.2,48,0,5
DTLZ5,10,20,71020,10,154,"S3_(0.50,0.75]",0.72,0.96,0.48,0.409090909090909,0.44,0.4,0.24,0.318181818181818,0.23,44,0,8
DTLZ5,10,20,71020,11,160,"S3_(0.50,0.75]",0.72,0.92,0.36,0.339622641509434,0.44,0.36,0.28,0.320754716981132,0.24,53,0,7
DTLZ5,10,20,71020,12,166,"S3_(0.50,0.75]",0.6,0.96,0.32,0.306122448979592,0.48,0.48,0.32,0.36734693877551,0.27,49,0,9
DTLZ5,10,20,71020,13,172,"S3_(0.50,0.75]",0.44,1,0.32,0.34375,0.4,0.56,0.32,0.34375,0.31,32,0,14
DTLZ5,10,20,71020,14,178,"S3_(0.50,0.75]",0.6,0.96,0.32,0.294117647058824,0.4,0.52,0.32,0.333333333333333,0.31,51,0,9
DTLZ5,10,20,71020,15,184,"S3_(0.50,0.75]",0.64,0.92,0.28,0.307692307692308,0.52,0.6,0.32,0.384615384615385,0.34,52,0,8
DTLZ5,10,20,71020,16,190,"S3_(0.50,0.75]",0.76,1,0.44,0.463414634146341,0.72,0.56,0.52,0.585365853658537,0.38,41,0,6
DTLZ5,10,20,71020,17,196,"S3_(0.50,0.75]",0.64,0.96,0.36,0.372093023255814,0.72,0.56,0.64,0.627906976744186,0.42,43,0,9
DTLZ5,10,20,71020,18,202,"S3_(0.50,0.75]",0.68,0.96,0.44,0.395348837209302,0.68,0.6,0.68,0.627906976744186,0.43,43,0,8
DTLZ5,10,20,71020,19,208,"S3_(0.50,0.75]",0.68,0.92,0.24,0.386363636363636,0.6,0.56,0.68,0.590909090909091,0.43,44,0,10
DTLZ5,10,20,71020,20,214,"S3_(0.50,0.75]",0.68,0.96,0.32,0.425,0.72,0.56,0.6,0.575,0.45,40,0,9
DTLZ5,10,20,71020,21,220,"S3_(0.50,0.75]",0.76,0.92,0.4,0.404255319148936,0.6,0.56,0.64,0.574468085106383,0.47,47,0,7
DTLZ5,10,20,71020,22,226,"S4_(0.75,1.00]",0.8,1,0.36,0.392156862745098,0.6,0.52,0.48,0.549019607843137,0.5,51,0,5
DTLZ5,10,20,71020,23,232,"S4_(0.75,1.00]",0.92,1,0.44,0.5,0.56,0.56,0.56,0.58695652173913,0.51,46,0,2
DTLZ5,10,20,71020,24,238,"S4_(0.75,1.00]",0.6,1,0.44,0.405405405405405,0.68,0.6,0.6,0.702702702702703,0.56,37,0,10
DTLZ5,10,20,71020,25,244,"S4_(0.75,1.00]",0.8,1,0.6,0.48780487804878,0.64,0.56,0.64,0.658536585365854,0.56,41,0,5
DTLZ5,10,20,71020,26,250,"S4_(0.75,1.00]",0.76,1,0.56,0.387755102040816,0.64,0.6,0.76,0.693877551020408,0.59,49,0,6
DTLZ5,10,20,71020,27,256,"S4_(0.75,1.00]",0.8,1,0.56,0.392156862745098,0.68,0.6,0.76,0.745098039215686,0.63,51,0,5
DTLZ5,10,20,71020,28,262,"S4_(0.75,1.00]",0.8,1,0.52,0.363636363636364,0.6,0.56,0.68,0.727272727272727,0.64,55,0,5
DTLZ5,10,20,71020,29,268,"S4_(0.75,1.00]",0.76,1,0.52,0.441860465116279,0.8,0.64,0.8,0.790697674418605,0.68,43,0,6
DTLZ5,10,20,71020,30,274,"S4_(0.75,1.00]",0.64,1,0.44,0.444444444444444,0.88,0.72,0.8,0.833333333333333,0.73,36,0,9
DTLZ5,10,20,71020,31,280,"S4_(0.75,1.00]",0.6,1,0.4,0.428571428571429,0.88,0.84,0.88,0.914285714285714,0.85,35,0,10
DTLZ5,10,20,71020,32,286,"S4_(0.75,1.00]",0.68,1,0.48,0.515151515151515,0.92,0.84,0.96,0.939393939393939,0.87,33,0,8
DTLZ5,10,20,71020,33,292,"S4_(0.75,1.00]",0.68,1,0.44,0.5,0.96,0.96,0.96,0.970588235294118,0.93,34,0,8
DTLZ5,10,20,71020,34,298,"S4_(0.75,1.00]",0.72,1,0.48,0.514285714285714,1,1,1,1,0.98,35,0,7
DTLZ5,20,1,72001,1,100,"S2_(0.25,0.50]",0.92,0.88,0.56,0.431034482758621,0.24,0.24,0.16,0.137931034482759,0.15,58,0,1
DTLZ5,20,1,72001,2,106,"S2_(0.25,0.50]",0.92,0.92,0.56,0.43859649122807,0.24,0.28,0.16,0.140350877192982,0.16,57,0,1
DTLZ5,20,1,72001,3,112,"S2_(0.25,0.50]",0.8,0.92,0.56,0.444444444444444,0.32,0.32,0.24,0.222222222222222,0.18,45,0,4
DTLZ5,20,1,72001,4,118,"S2_(0.25,0.50]",0.72,0.88,0.32,0.45,0.24,0.36,0.16,0.2,0.19,40,0,9
DTLZ5,20,1,72001,5,124,"S2_(0.25,0.50]",0.56,0.88,0.2,0.333333333333333,0.24,0.36,0.12,0.19047619047619,0.21,42,0,10
DTLZ5,20,1,72001,6,130,"S2_(0.25,0.50]",0.68,0.96,0.24,0.369565217391304,0.32,0.36,0.12,0.217391304347826,0.22,46,0,8
DTLZ5,20,1,72001,7,136,"S2_(0.25,0.50]",0.72,0.96,0.28,0.391304347826087,0.36,0.4,0.16,0.239130434782609,0.24,46,0,6
DTLZ5,20,1,72001,8,142,"S2_(0.25,0.50]",0.64,0.96,0.24,0.347826086956522,0.36,0.36,0.16,0.239130434782609,0.25,46,0,10
DTLZ5,20,1,72001,9,148,"S2_(0.25,0.50]",0.76,0.88,0.32,0.395833333333333,0.32,0.36,0.24,0.270833333333333,0.27,48,0,7
DTLZ5,20,1,72001,10,154,"S3_(0.50,0.75]",0.64,0.92,0.2,0.372093023255814,0.44,0.44,0.28,0.325581395348837,0.29,43,0,10
DTLZ5,20,1,72001,11,160,"S3_(0.50,0.75]",0.64,0.96,0.16,0.347826086956522,0.4,0.4,0.24,0.326086956521739,0.31,46,0,9
DTLZ5,20,1,72001,12,166,"S3_(0.50,0.75]",0.6,0.92,0.2,0.306122448979592,0.28,0.4,0.36,0.306122448979592,0.31,49,0,10
DTLZ5,20,1,72001,13,172,"S3_(0.50,0.75]",0.68,0.92,0.32,0.346938775510204,0.24,0.36,0.32,0.244897959183673,0.32,49,0,10
DTLZ5,20,1,72001,14,178,"S3_(0.50,0.75]",0.72,0.92,0.36,0.41304347826087,0.4,0.32,0.48,0.456521739130435,0.37,46,0,6
DTLZ5,20,1,72001,15,184,"S3_(0.50,0.75]",0.72,0.88,0.36,0.395833333333333,0.4,0.32,0.44,0.4375,0.38,48,0,7
DTLZ5,20,1,72001,16,190,"S3_(0.50,0.75]",0.72,0.88,0.36,0.4,0.36,0.28,0.32,0.355555555555556,0.4,45,0,7
DTLZ5,20,1,72001,17,196,"S3_(0.50,0.75]",0.8,0.76,0.44,0.4375,0.32,0.28,0.32,0.375,0.43,48,0,4
DTLZ5,20,1,72001,18,202,"S3_(0.50,0.75]",0.68,0.76,0.4,0.38,0.28,0.28,0.32,0.38,0.45,50,0,7
DTLZ5,20,1,72001,19,208,"S3_(0.50,0.75]",0.68,0.76,0.36,0.377358490566038,0.24,0.32,0.36,0.377358490566038,0.46,53,0,5
DTLZ5,20,1,72001,20,214,"S3_(0.50,0.75]",0.76,0.8,0.4,0.441860465116279,0.4,0.32,0.36,0.441860465116279,0.47,43,0,8
DTLZ5,20,1,72001,21,220,"S3_(0.50,0.75]",0.72,0.8,0.32,0.418604651162791,0.48,0.32,0.4,0.488372093023256,0.51,43,0,10
DTLZ5,20,1,72001,22,226,"S4_(0.75,1.00]",0.76,0.88,0.44,0.365384615384615,0.56,0.48,0.56,0.634615384615385,0.6,52,0,6
DTLZ5,20,1,72001,23,232,"S4_(0.75,1.00]",0.64,0.88,0.32,0.333333333333333,0.64,0.44,0.72,0.6875,0.62,48,0,10
DTLZ5,20,1,72001,24,238,"S4_(0.75,1.00]",0.68,0.88,0.32,0.326923076923077,0.6,0.48,0.72,0.692307692307692,0.65,52,0,9
DTLZ5,20,1,72001,25,244,"S4_(0.75,1.00]",0.72,0.96,0.4,0.333333333333333,0.52,0.48,0.64,0.666666666666667,0.65,54,0,7
DTLZ5,20,1,72001,26,250,"S4_(0.75,1.00]",0.76,0.92,0.4,0.339285714285714,0.6,0.52,0.68,0.696428571428571,0.68,56,0,5
DTLZ5,20,1,72001,27,256,"S4_(0.75,1.00]",0.8,0.92,0.36,0.350877192982456,0.56,0.56,0.68,0.701754385964912,0.7,57,0,4
DTLZ5,20,1,72001,28,262,"S4_(0.75,1.00]",0.84,0.88,0.44,0.403846153846154,0.64,0.64,0.84,0.730769230769231,0.76,52,0,5
DTLZ5,20,1,72001,29,268,"S4_(0.75,1.00]",0.88,0.92,0.44,0.366666666666667,0.64,0.6,0.76,0.8,0.79,60,0,3
DTLZ5,20,1,72001,30,274,"S4_(0.75,1.00]",0.88,0.96,0.48,0.372881355932203,0.68,0.6,0.84,0.830508474576271,0.83,59,0,3
DTLZ5,20,1,72001,31,280,"S4_(0.75,1.00]",0.84,0.92,0.44,0.355932203389831,0.76,0.68,0.84,0.864406779661017,0.87,59,0,4
DTLZ5,20,1,72001,32,286,"S4_(0.75,1.00]",0.88,0.92,0.48,0.333333333333333,0.84,0.8,0.92,0.909090909090909,0.93,66,0,3
DTLZ5,20,1,72001,33,292,"S4_(0.75,1.00]",0.84,0.92,0.44,0.323076923076923,0.88,0.84,0.96,0.938461538461538,0.95,65,0,4
DTLZ5,20,1,72001,34,298,"S4_(0.75,1.00]",0.72,0.92,0.24,0.3,1,1,1,1,1,60,0,7
DTLZ5,20,2,72002,1,100,"S2_(0.25,0.50]",0.8,0.88,0.48,0.431372549019608,0.24,0.16,0.12,0.274509803921569,0.16,51,0,3
DTLZ5,20,2,72002,2,106,"S2_(0.25,0.50]",0.68,0.68,0.4,0.352941176470588,0.28,0.2,0.12,0.274509803921569,0.16,51,0,3
DTLZ5,20,2,72002,3,112,"S2_(0.25,0.50]",0.68,0.68,0.4,0.346153846153846,0.2,0.2,0.12,0.307692307692308,0.18,52,0,1
DTLZ5,20,2,72002,4,118,"S2_(0.25,0.50]",0.72,0.72,0.36,0.345454545454545,0.2,0.2,0.12,0.309090909090909,0.19,55,0,1
DTLZ5,20,2,72002,5,124,"S2_(0.25,0.50]",0.84,0.84,0.4,0.338709677419355,0.16,0.16,0.16,0.290322580645161,0.19,62,0,1
DTLZ5,20,2,72002,6,130,"S2_(0.25,0.50]",0.88,0.92,0.36,0.365079365079365,0.16,0.16,0.2,0.301587301587302,0.21,63,0,1
DTLZ5,20,2,72002,7,136,"S2_(0.25,0.50]",0.88,0.96,0.44,0.333333333333333,0.24,0.24,0.16,0.318181818181818,0.24,66,0,3
DTLZ5,20,2,72002,8,142,"S2_(0.25,0.50]",0.6,0.92,0.24,0.263157894736842,0.4,0.32,0.24,0.421052631578947,0.27,57,0,10
DTLZ5,20,2,72002,9,148,"S2_(0.25,0.50]",0.72,1,0.32,0.305084745762712,0.32,0.36,0.16,0.355932203389831,0.3,59,0,7
DTLZ5,20,2,72002,10,154,"S3_(0.50,0.75]",0.72,0.96,0.4,0.310344827586207,0.36,0.36,0.24,0.396551724137931,0.32,58,0,8
DTLZ5,20,2,72002,11,160,"S3_(0.50,0.75]",0.6,0.96,0.24,0.277777777777778,0.44,0.44,0.28,0.462962962962963,0.35,54,0,10
DTLZ5,20,2,72002,12,166,"S3_(0.50,0.75]",0.64,0.96,0.24,0.280701754385965,0.48,0.44,0.36,0.473684210526316,0.36,57,0,10
DTLZ5,20,2,72002,13,172,"S3_(0.50,0.75]",0.84,0.96,0.4,0.35,0.52,0.48,0.36,0.483333333333333,0.39,60,0,5
DTLZ5,20,2,72002,14,178,"S3_(0.50,0.75]",0.8,0.96,0.24,0.32258064516129,0.56,0.56,0.32,0.467741935483871,0.41,62,0,6
DTLZ5,20,2,72002,15,184,"S3_(0.50,0.75]",0.8,0.96,0.24,0.32258064516129,0.64,0.64,0.36,0.516129032258065,0.44,62,0,5
DTLZ5,20,2,72002,16,190,"S3_(0.50,0.75]",0.8,0.96,0.24,0.327868852459016,0.64,0.6,0.36,0.524590163934426,0.44,61,0,5
DTLZ5,20,2,72002,17,196,"S3_(0.50,0.75]",0.84,0.96,0.48,0.375,0.6,0.6,0.48,0.553571428571429,0.45,56,0,4
DTLZ5,20,2,72002,18,202,"S3_(0.50,0.75]",0.88,0.92,0.52,0.407407407407407,0.6,0.56,0.52,0.592592592592593,0.46,54,0,4
DTLZ5,20,2,72002,19,208,"S3_(0.50,0.75]",0.88,0.96,0.48,0.423076923076923,0.68,0.6,0.6,0.615384615384615,0.49,52,0,4
DTLZ5,20,2,72002,20,214,"S3_(0.50,0.75]",0.88,0.96,0.48,0.44,0.6,0.6,0.6,0.58,0.49,50,0,4
DTLZ5,20,2,72002,21,220,"S3_(0.50,0.75]",0.76,0.92,0.4,0.404255319148936,0.56,0.64,0.6,0.595744680851064,0.5,47,0,7
DTLZ5,20,2,72002,22,226,"S4_(0.75,1.00]",0.72,0.96,0.4,0.36734693877551,0.64,0.72,0.64,0.63265306122449,0.53,49,0,8
DTLZ5,20,2,72002,23,232,"S4_(0.75,1.00]",0.6,0.92,0.36,0.306122448979592,0.72,0.72,0.68,0.673469387755102,0.58,49,0,10
DTLZ5,20,2,72002,24,238,"S4_(0.75,1.00]",0.6,0.96,0.28,0.263157894736842,0.72,0.8,0.72,0.701754385964912,0.63,57,0,10
DTLZ5,20,2,72002,25,244,"S4_(0.75,1.00]",0.6,0.96,0.28,0.258620689655172,0.76,0.8,0.76,0.724137931034483,0.65,58,0,10
DTLZ5,20,2,72002,26,250,"S4_(0.75,1.00]",0.6,0.88,0.32,0.245901639344262,0.8,0.72,0.8,0.737704918032787,0.67,61,0,10
DTLZ5,20,2,72002,27,256,"S4_(0.75,1.00]",0.6,0.88,0.32,0.263157894736842,0.8,0.72,0.76,0.754385964912281,0.68,57,0,10
DTLZ5,20,2,72002,28,262,"S4_(0.75,1.00]",0.48,0.8,0.2,0.222222222222222,0.84,0.8,0.92,0.833333333333333,0.75,54,0,12
DTLZ5,20,2,72002,29,268,"S4_(0.75,1.00]",0.52,0.8,0.28,0.245283018867925,0.88,0.8,0.92,0.792452830188679,0.77,53,0,11
DTLZ5,20,2,72002,30,274,"S4_(0.75,1.00]",0.52,0.76,0.24,0.203125,0.88,0.8,0.84,0.84375,0.8,64,0,11
DTLZ5,20,2,72002,31,280,"S4_(0.75,1.00]",0.68,0.76,0.36,0.293103448275862,1,0.92,0.92,0.913793103448276,0.86,58,0,9
DTLZ5,20,2,72002,32,286,"S4_(0.75,1.00]",0.72,0.84,0.4,0.321428571428571,1,0.96,0.88,0.892857142857143,0.89,56,0,8
DTLZ5,20,2,72002,33,292,"S4_(0.75,1.00]",0.6,0.84,0.28,0.263157894736842,1,0.96,1,0.982456140350877,0.96,57,0,11
DTLZ5,20,2,72002,34,298,"S4_(0.75,1.00]",0.64,0.84,0.28,0.290909090909091,1,1,1,1,0.99,55,0,10
DTLZ5,20,3,72003,1,100,"S2_(0.25,0.50]",0.8,0.8,0.32,0.5,0.24,0.2,0.28,0.225,0.13,40,0,5
DTLZ5,20,3,72003,2,106,"S2_(0.25,0.50]",0.8,0.84,0.36,0.465116279069767,0.2,0.2,0.28,0.209302325581395,0.13,43,0,4
DTLZ5,20,3,72003,3,112,"S2_(0.25,0.50]",0.84,0.92,0.6,0.51219512195122,0.16,0.16,0.08,0.170731707317073,0.14,41,0,5
DTLZ5,20,3,72003,4,118,"S2_(0.25,0.50]",0.76,0.92,0.44,0.487179487179487,0.2,0.16,0.12,0.205128205128205,0.16,39,0,6
DTLZ5,20,3,72003,5,124,"S2_(0.25,0.50]",0.72,0.84,0.36,0.439024390243902,0.2,0.16,0.12,0.219512195121951,0.16,41,0,5
DTLZ5,20,3,72003,6,130,"S2_(0.25,0.50]",0.68,0.8,0.32,0.339622641509434,0.16,0.16,0.2,0.226415094339623,0.18,53,0,5
DTLZ5,20,3,72003,7,136,"S2_(0.25,0.50]",0.76,0.84,0.52,0.387755102040816,0.16,0.12,0.28,0.285714285714286,0.21,49,0,4
DTLZ5,20,3,72003,8,142,"S2_(0.25,0.50]",0.76,0.88,0.48,0.372549019607843,0.24,0.2,0.28,0.313725490196078,0.25,51,0,4
DTLZ5,20,3,72003,9,148,"S2_(0.25,0.50]",0.84,0.92,0.44,0.355932203389831,0.32,0.28,0.32,0.355932203389831,0.3,59,0,3
DTLZ5,20,3,72003,10,154,"S3_(0.50,0.75]",0.84,0.96,0.52,0.35,0.4,0.32,0.4,0.383333333333333,0.34,60,0,3
DTLZ5,20,3,72003,11,160,"S3_(0.50,0.75]",0.96,0.96,0.52,0.387096774193548,0.36,0.32,0.4,0.403225806451613,0.36,62,0,1
DTLZ5,20,3,72003,12,166,"S3_(0.50,0.75]",0.88,0.92,0.44,0.354838709677419,0.36,0.32,0.4,0.451612903225806,0.36,62,0,1
DTLZ5,20,3,72003,13,172,"S3_(0.50,0.75]",0.92,1,0.4,0.383333333333333,0.4,0.4,0.4,0.466666666666667,0.4,60,0,2
DTLZ5,20,3,72003,14,178,"S3_(0.50,0.75]",0.8,0.96,0.36,0.338983050847458,0.48,0.44,0.48,0.559322033898305,0.44,59,0,5
DTLZ5,20,3,72003,15,184,"S3_(0.50,0.75]",0.84,0.96,0.36,0.318181818181818,0.44,0.44,0.44,0.515151515151515,0.45,66,0,5
DTLZ5,20,3,72003,16,190,"S3_(0.50,0.75]",0.28,1,0.16,0.225806451612903,0.44,0.6,0.36,0.419354838709677,0.49,31,0,18
DTLZ5,20,3,72003,17,196,"S3_(0.50,0.75]",0.76,1,0.32,0.283582089552239,0.52,0.56,0.44,0.582089552238806,0.49,67,0,6
DTLZ5,20,3,72003,18,202,"S3_(0.50,0.75]",0.8,1,0.6,0.327868852459016,0.52,0.52,0.52,0.60655737704918,0.51,61,0,5
DTLZ5,20,3,72003,19,208,"S3_(0.50,0.75]",0.76,1,0.4,0.292307692307692,0.48,0.4,0.36,0.569230769230769,0.51,65,0,6
DTLZ5,20,3,72003,20,214,"S3_(0.50,0.75]",0.8,1,0.4,0.303030303030303,0.52,0.48,0.4,0.590909090909091,0.54,66,0,5
DTLZ5,20,3,72003,21,220,"S3_(0.50,0.75]",0.64,1,0.4,0.275862068965517,0.52,0.44,0.48,0.620689655172414,0.54,58,0,9
DTLZ5,20,3,72003,22,226,"S4_(0.75,1.00]",0.68,1,0.44,0.298245614035088,0.48,0.44,0.52,0.649122807017544,0.53,57,0,8
DTLZ5,20,3,72003,23,232,"S4_(0.75,1.00]",0.8,1,0.52,0.307692307692308,0.44,0.44,0.32,0.6,0.56,65,0,5
DTLZ5,20,3,72003,24,238,"S4_(0.75,1.00]",0.84,1,0.56,0.333333333333333,0.48,0.48,0.32,0.603174603174603,0.6,63,0,4
DTLZ5,20,3,72003,25,244,"S4_(0.75,1.00]",0.84,1,0.44,0.318181818181818,0.52,0.48,0.28,0.636363636363636,0.65,66,0,4
DTLZ5,20,3,72003,26,250,"S4_(0.75,1.00]",0.8,1,0.6,0.357142857142857,0.6,0.52,0.52,0.714285714285714,0.68,56,0,5
DTLZ5,20,3,72003,27,256,"S4_(0.75,1.00]",0.76,1,0.52,0.333333333333333,0.68,0.52,0.56,0.736842105263158,0.71,57,0,6
DTLZ5,20,3,72003,28,262,"S4_(0.75,1.00]",0.76,1,0.52,0.292307692307692,0.6,0.64,0.48,0.723076923076923,0.77,65,0,6
DTLZ5,20,3,72003,29,268,"S4_(0.75,1.00]",0.76,1,0.52,0.292307692307692,0.64,0.64,0.6,0.769230769230769,0.8,65,0,6
DTLZ5,20,3,72003,30,274,"S4_(0.75,1.00]",0.76,1,0.48,0.292307692307692,0.64,0.68,0.56,0.784615384615385,0.81,65,0,6
DTLZ5,20,3,72003,31,280,"S4_(0.75,1.00]",0.76,1,0.48,0.292307692307692,0.68,0.72,0.64,0.815384615384615,0.83,65,0,6
DTLZ5,20,3,72003,32,286,"S4_(0.75,1.00]",0.8,1,0.48,0.298507462686567,0.76,0.76,0.72,0.850746268656716,0.87,67,0,5
DTLZ5,20,3,72003,33,292,"S4_(0.75,1.00]",0.52,1,0.28,0.216666666666667,0.88,0.8,0.92,0.933333333333333,0.92,60,0,12
DTLZ5,20,3,72003,34,298,"S4_(0.75,1.00]",0.48,1,0.28,0.206896551724138,0.96,0.96,0.96,0.982758620689655,0.98,58,0,13
DTLZ5,20,4,72004,1,100,"S2_(0.25,0.50]",0.8,0.8,0.48,0.452830188679245,0.32,0.32,0.16,0.283018867924528,0.18,53,0,0
DTLZ5,20,4,72004,2,106,"S2_(0.25,0.50]",0.84,0.84,0.48,0.425925925925926,0.32,0.32,0.16,0.277777777777778,0.18,54,0,1
DTLZ5,20,4,72004,3,112,"S2_(0.25,0.50]",0.84,0.96,0.4,0.372881355932203,0.24,0.28,0.24,0.271186440677966,0.18,59,0,3
DTLZ5,20,4,72004,4,118,"S2_(0.25,0.50]",0.84,0.96,0.24,0.328125,0.2,0.28,0.2,0.25,0.19,64,0,5
DTLZ5,20,4,72004,5,124,"S2_(0.25,0.50]",0.8,0.96,0.28,0.318181818181818,0.24,0.2,0.24,0.272727272727273,0.21,66,0,5
DTLZ5,20,4,72004,6,130,"S2_(0.25,0.50]",0.68,0.96,0.28,0.314814814814815,0.2,0.16,0.2,0.259259259259259,0.21,54,0,8
DTLZ5,20,4,72004,7,136,"S2_(0.25,0.50]",0.76,0.92,0.48,0.358490566037736,0.2,0.16,0.12,0.188679245283019,0.21,53,0,6
DTLZ5,20,4,72004,8,142,"S2_(0.25,0.50]",0.68,0.96,0.44,0.354166666666667,0.2,0.12,0.24,0.208333333333333,0.23,48,0,8
DTLZ5,20,4,72004,9,148,"S2_(0.25,0.50]",0.68,0.96,0.44,0.369565217391304,0.2,0.12,0.24,0.217391304347826,0.24,46,0,8
DTLZ5,20,4,72004,10,154,"S3_(0.50,0.75]",0.8,0.96,0.4,0.344827586206897,0.08,0.12,0.32,0.293103448275862,0.26,58,0,4
DTLZ5,20,4,72004,11,160,"S3_(0.50,0.75]",0.8,0.96,0.4,0.357142857142857,0.08,0.12,0.32,0.285714285714286,0.27,56,0,4
DTLZ5,20,4,72004,12,166,"S3_(0.50,0.75]",0.76,0.96,0.28,0.311475409836066,0.2,0.16,0.36,0.344262295081967,0.3,61,0,5
DTLZ5,20,4,72004,13,172,"S3_(0.50,0.75]",0.8,0.96,0.36,0.327868852459016,0.28,0.28,0.4,0.39344262295082,0.35,61,0,6
DTLZ5,20,4,72004,14,178,"S3_(0.50,0.75]",0.76,0.88,0.44,0.372549019607843,0.32,0.32,0.36,0.470588235294118,0.38,51,0,7
DTLZ5,20,4,72004,15,184,"S3_(0.50,0.75]",0.92,0.92,0.48,0.383333333333333,0.36,0.36,0.24,0.4,0.4,60,0,1
DTLZ5,20,4,72004,16,190,"S3_(0.50,0.75]",0.92,0.96,0.48,0.363636363636364,0.4,0.36,0.28,0.409090909090909,0.42,66,0,1
DTLZ5,20,4,72004,17,196,"S3_(0.50,0.75]",0.88,0.92,0.44,0.369230769230769,0.36,0.32,0.44,0.492307692307692,0.46,65,0,1
DTLZ5,20,4,72004,18,202,"S3_(0.50,0.75]",0.88,0.96,0.52,0.365079365079365,0.36,0.32,0.4,0.476190476190476,0.45,63,0,2
DTLZ5,20,4,72004,19,208,"S3_(0.50,0.75]",0.88,0.88,0.48,0.328571428571429,0.32,0.36,0.32,0.457142857142857,0.45,70,0,3
DTLZ5,20,4,72004,20,214,"S3_(0.50,0.75]",0.88,0.96,0.44,0.318840579710145,0.36,0.36,0.4,0.521739130434783,0.49,69,0,2
DTLZ5,20,4,72004,21,220,"S3_(0.50,0.75]",0.8,0.8,0.52,0.360655737704918,0.4,0.44,0.36,0.475409836065574,0.51,61,0,4
DTLZ5,20,4,72004,22,226,"S4_(0.75,1.00]",0.6,0.84,0.32,0.258620689655172,0.48,0.4,0.32,0.517241379310345,0.52,58,0,11
DTLZ5,20,4,72004,23,232,"S4_(0.75,1.00]",0.56,0.88,0.32,0.269230769230769,0.48,0.44,0.4,0.576923076923077,0.54,52,0,12
DTLZ5,20,4,72004,24,238,"S4_(0.75,1.00]",0.56,0.88,0.4,0.311111111111111,0.64,0.52,0.6,0.711111111111111,0.6,45,0,12
DTLZ5,20,4,72004,25,244,"S4_(0.75,1.00]",0.64,0.92,0.36,0.32,0.84,0.64,0.72,0.82,0.68,50,0,9
DTLZ5,20,4,72004,26,250,"S4_(0.75,1.00]",0.68,0.96,0.44,0.34,0.8,0.68,0.8,0.86,0.73,50,0,8
DTLZ5,20,4,72004,27,256,"S4_(0.75,1.00]",0.68,0.96,0.4,0.34,0.88,0.76,0.88,0.9,0.76,50,0,8
DTLZ5,20,4,72004,28,262,"S4_(0.75,1.00]",0.72,0.96,0.44,0.352941176470588,0.88,0.8,0.88,0.901960784313726,0.78,51,0,7
DTLZ5,20,4,72004,29,268,"S4_(0.75,1.00]",0.76,0.96,0.52,0.351851851851852,0.84,0.88,0.84,0.888888888888889,0.82,54,0,6
DTLZ5,20,4,72004,30,274,"S4_(0.75,1.00]",0.8,0.96,0.52,0.377358490566038,0.88,0.96,0.88,0.905660377358491,0.84,53,0,5
DTLZ5,20,4,72004,31,280,"S4_(0.75,1.00]",0.8,1,0.56,0.37037037037037,0.96,0.96,0.92,0.925925925925926,0.87,54,0,5
DTLZ5,20,4,72004,32,286,"S4_(0.75,1.00]",0.8,1,0.56,0.37037037037037,0.96,0.96,0.96,0.944444444444444,0.9,54,0,5
DTLZ5,20,4,72004,33,292,"S4_(0.75,1.00]",0.8,0.96,0.52,0.338983050847458,1,1,0.96,0.983050847457627,0.96,59,0,4
DTLZ5,20,4,72004,34,298,"S4_(0.75,1.00]",0.72,0.96,0.36,0.305084745762712,1,1,1,1,0.99,59,0,6
DTLZ5,20,5,72005,1,100,"S2_(0.25,0.50]",0.8,0.92,0.36,0.4,0.2,0.16,0.24,0.26,0.17,50,0,4
DTLZ5,20,5,72005,2,106,"S2_(0.25,0.50]",0.72,0.96,0.36,0.365384615384615,0.16,0.16,0.08,0.192307692307692,0.19,52,0,6
DTLZ5,20,5,72005,3,112,"S2_(0.25,0.50]",0.68,0.96,0.32,0.326923076923077,0.12,0.16,0.08,0.192307692307692,0.2,52,0,8
DTLZ5,20,5,72005,4,118,"S2_(0.25,0.50]",0.68,1,0.2,0.346938775510204,0.24,0.12,0.16,0.285714285714286,0.22,49,0,8
DTLZ5,20,5,72005,5,124,"S2_(0.25,0.50]",0.8,0.96,0.24,0.384615384615385,0.28,0.2,0.24,0.307692307692308,0.24,52,0,4
DTLZ5,20,5,72005,6,130,"S2_(0.25,0.50]",0.84,0.96,0.28,0.381818181818182,0.24,0.16,0.24,0.327272727272727,0.26,55,0,3
DTLZ5,20,5,72005,7,136,"S2_(0.25,0.50]",0.84,1,0.24,0.362068965517241,0.16,0.16,0.16,0.293103448275862,0.26,58,0,4
DTLZ5,20,5,72005,8,142,"S2_(0.25,0.50]",0.76,1,0.24,0.345454545454545,0.16,0.2,0.2,0.309090909090909,0.28,55,0,6
DTLZ5,20,5,72005,9,148,"S2_(0.25,0.50]",0.76,0.96,0.28,0.365384615384615,0.2,0.24,0.32,0.365384615384615,0.31,52,0,6
DTLZ5,20,5,72005,10,154,"S3_(0.50,0.75]",0.64,1,0.2,0.333333333333333,0.28,0.28,0.4,0.395833333333333,0.31,48,0,9
DTLZ5,20,5,72005,11,160,"S3_(0.50,0.75]",0.76,0.96,0.36,0.316666666666667,0.36,0.4,0.44,0.433333333333333,0.37,60,0,6
DTLZ5,20,5,72005,12,166,"S3_(0.50,0.75]",0.64,1,0.28,0.280701754385965,0.32,0.36,0.36,0.403508771929825,0.37,57,0,9
DTLZ5,20,5,72005,13,172,"S3_(0.50,0.75]",0.76,0.96,0.36,0.333333333333333,0.28,0.4,0.36,0.403508771929825,0.38,57,0,6
DTLZ5,20,5,72005,14,178,"S3_(0.50,0.75]",0.84,0.96,0.36,0.344262295081967,0.4,0.4,0.44,0.459016393442623,0.41,61,0,4
DTLZ5,20,5,72005,15,184,"S3_(0.50,0.75]",0.6,0.96,0.36,0.294117647058824,0.44,0.56,0.44,0.470588235294118,0.45,51,0,11
DTLZ5,20,5,72005,16,190,"S3_(0.50,0.75]",0.68,1,0.44,0.333333333333333,0.48,0.6,0.6,0.529411764705882,0.49,51,0,8
DTLZ5,20,5,72005,17,196,"S3_(0.50,0.75]",0.72,1,0.4,0.28125,0.52,0.64,0.56,0.546875,0.52,64,0,7
DTLZ5,20,5,72005,18,202,"S3_(0.50,0.75]",0.72,1,0.48,0.333333333333333,0.6,0.64,0.56,0.592592592592593,0.55,54,0,7
DTLZ5,20,5,72005,19,208,"S3_(0.50,0.75]",0.72,1,0.36,0.321428571428571,0.64,0.68,0.52,0.589285714285714,0.59,56,0,7
DTLZ5,20,5,72005,20,214,"S3_(0.50,0.75]",0.72,1,0.36,0.290322580645161,0.64,0.68,0.56,0.612903225806452,0.63,62,0,7
DTLZ5,20,5,72005,21,220,"S3_(0.50,0.75]",0.76,0.96,0.28,0.306451612903226,0.6,0.64,0.6,0.612903225806452,0.63,62,0,6
DTLZ5,20,5,72005,22,226,"S4_(0.75,1.00]",0.8,1,0.36,0.317460317460317,0.68,0.68,0.64,0.634920634920635,0.65,63,0,5
DTLZ5,20,5,72005,23,232,"S4_(0.75,1.00]",0.72,1,0.4,0.28125,0.68,0.72,0.68,0.671875,0.69,64,0,7
DTLZ5,20,5,72005,24,238,"S4_(0.75,1.00]",0.72,1,0.4,0.28125,0.68,0.72,0.68,0.671875,0.69,64,0,7
DTLZ5,20,5,72005,25,244,"S4_(0.75,1.00]",0.72,1,0.44,0.28125,0.68,0.72,0.68,0.6875,0.7,64,0,7
DTLZ5,20,5,72005,26,250,"S4_(0.75,1.00]",0.68,1,0.36,0.26984126984127,0.76,0.8,0.76,0.73015873015873,0.73,63,0,8
DTLZ5,20,5,72005,27,256,"S4_(0.75,1.00]",0.72,1,0.36,0.276923076923077,0.8,0.8,0.8,0.738461538461539,0.73,65,0,7
DTLZ5,20,5,72005,28,262,"S4_(0.75,1.00]",0.56,0.96,0.4,0.466666666666667,0.88,0.84,0.96,0.9,0.75,30,0,11
DTLZ5,20,5,72005,29,268,"S4_(0.75,1.00]",0.84,1,0.4,0.313432835820896,0.88,0.88,0.96,0.791044776119403,0.78,67,0,4
DTLZ5,20,5,72005,30,274,"S4_(0.75,1.00]",0.84,1,0.44,0.304347826086957,0.84,0.88,0.96,0.782608695652174,0.78,69,0,4
DTLZ5,20,5,72005,31,280,"S4_(0.75,1.00]",0.64,1,0.44,0.266666666666667,0.84,0.88,0.96,0.766666666666667,0.76,60,0,9
DTLZ5,20,5,72005,32,286,"S4_(0.75,1.00]",0.76,1,0.44,0.27536231884058,0.88,0.92,1,0.811594202898551,0.79,69,0,6
DTLZ5,20,5,72005,33,292,"S4_(0.75,1.00]",0.8,1,0.4,0.307692307692308,1,1,0.96,0.984615384615385,0.96,65,0,5
DTLZ5,20,5,72005,34,298,"S4_(0.75,1.00]",0.88,1,0.36,0.323529411764706,1,1,1,1,0.99,68,0,3
DTLZ5,20,6,72006,1,100,"S2_(0.25,0.50]",0.68,0.84,0.36,0.377777777777778,0.12,0.12,0.32,0.222222222222222,0.16,45,0,5
DTLZ5,20,6,72006,2,106,"S2_(0.25,0.50]",0.68,0.84,0.32,0.377777777777778,0.12,0.08,0.28,0.177777777777778,0.16,45,0,4
DTLZ5,20,6,72006,3,112,"S2_(0.25,0.50]",0.6,0.68,0.36,0.346938775510204,0.2,0.16,0.32,0.244897959183673,0.17,49,0,2
DTLZ5,20,6,72006,4,118,"S2_(0.25,0.50]",0.68,0.68,0.4,0.404255319148936,0.2,0.28,0.16,0.212765957446809,0.19,47,0,6
DTLZ5,20,6,72006,5,124,"S2_(0.25,0.50]",0.64,0.88,0.32,0.313725490196078,0.28,0.28,0.28,0.274509803921569,0.23,51,0,9
DTLZ5,20,6,72006,6,130,"S2_(0.25,0.50]",0.68,0.92,0.4,0.369565217391304,0.28,0.32,0.28,0.304347826086957,0.27,46,0,6
DTLZ5,20,6,72006,7,136,"S2_(0.25,0.50]",0.72,0.92,0.36,0.315789473684211,0.32,0.4,0.24,0.298245614035088,0.3,57,0,6
DTLZ5,20,6,72006,8,142,"S2_(0.25,0.50]",0.68,0.92,0.36,0.288135593220339,0.32,0.36,0.32,0.288135593220339,0.3,59,0,6
DTLZ5,20,6,72006,9,148,"S2_(0.25,0.50]",0.64,0.92,0.32,0.340425531914894,0.4,0.44,0.36,0.340425531914894,0.33,47,0,9
DTLZ5,20,6,72006,10,154,"S3_(0.50,0.75]",0.72,0.92,0.32,0.327272727272727,0.28,0.4,0.44,0.290909090909091,0.33,55,0,7
DTLZ5,20,6,72006,11,160,"S3_(0.50,0.75]",0.8,0.96,0.28,0.317460317460317,0.28,0.36,0.52,0.285714285714286,0.32,63,0,5
DTLZ5,20,6,72006,12,166,"S3_(0.50,0.75]",0.76,0.92,0.32,0.327586206896552,0.28,0.36,0.44,0.310344827586207,0.32,58,0,5
DTLZ5,20,6,72006,13,172,"S3_(0.50,0.75]",0.64,0.96,0.24,0.290909090909091,0.4,0.4,0.36,0.345454545454545,0.35,55,0,8
DTLZ5,20,6,72006,14,178,"S3_(0.50,0.75]",0.64,0.88,0.36,0.326530612244898,0.44,0.48,0.44,0.489795918367347,0.38,49,0,7
DTLZ5,20,6,72006,15,184,"S3_(0.50,0.75]",0.56,0.88,0.28,0.291666666666667,0.44,0.44,0.32,0.395833333333333,0.38,48,0,11
DTLZ5,20,6,72006,16,190,"S3_(0.50,0.75]",0.56,1,0.28,0.285714285714286,0.44,0.44,0.36,0.448979591836735,0.41,49,0,11
DTLZ5,20,6,72006,17,196,"S3_(0.50,0.75]",0.76,1,0.32,0.372549019607843,0.4,0.44,0.2,0.431372549019608,0.42,51,0,6
DTLZ5,20,6,72006,18,202,"S3_(0.50,0.75]",0.8,1,0.36,0.37037037037037,0.44,0.52,0.36,0.444444444444444,0.45,54,0,5
DTLZ5,20,6,72006,19,208,"S3_(0.50,0.75]",0.76,1,0.32,0.339285714285714,0.56,0.52,0.4,0.446428571428571,0.49,56,0,6
DTLZ5,20,6,72006,20,214,"S3_(0.50,0.75]",0.76,1,0.32,0.365384615384615,0.64,0.56,0.36,0.519230769230769,0.54,52,0,6
DTLZ5,20,6,72006,21,220,"S3_(0.50,0.75]",0.72,1,0.32,0.352941176470588,0.64,0.56,0.36,0.549019607843137,0.54,51,0,7
DTLZ5,20,6,72006,22,226,"S4_(0.75,1.00]",0.76,1,0.4,0.38,0.64,0.56,0.32,0.56,0.56,50,0,6
DTLZ5,20,6,72006,23,232,"S4_(0.75,1.00]",0.68,1,0.32,0.369565217391304,0.64,0.64,0.48,0.608695652173913,0.58,46,0,8
DTLZ5,20,6,72006,24,238,"S4_(0.75,1.00]",0.72,1,0.4,0.375,0.6,0.64,0.48,0.645833333333333,0.61,48,0,7
DTLZ5,20,6,72006,25,244,"S4_(0.75,1.00]",0.76,1,0.4,0.422222222222222,0.68,0.64,0.52,0.688888888888889,0.63,45,0,6
DTLZ5,20,6,72006,26,250,"S4_(0.75,1.00]",0.76,1,0.32,0.387755102040816,0.64,0.64,0.6,0.693877551020408,0.65,49,0,6
DTLZ5,20,6,72006,27,256,"S4_(0.75,1.00]",0.8,1,0.4,0.392156862745098,0.68,0.68,0.64,0.725490196078431,0.69,51,0,5
DTLZ5,20,6,72006,28,262,"S4_(0.75,1.00]",0.76,1,0.36,0.365384615384615,0.68,0.6,0.68,0.730769230769231,0.7,52,0,6
DTLZ5,20,6,72006,29,268,"S4_(0.75,1.00]",0.76,1,0.36,0.38,0.72,0.6,0.8,0.82,0.76,50,0,6
DTLZ5,20,6,72006,30,274,"S4_(0.75,1.00]",0.88,1,0.44,0.392857142857143,0.68,0.68,0.8,0.821428571428571,0.81,56,0,3
DTLZ5,20,6,72006,31,280,"S4_(0.75,1.00]",0.72,1,0.28,0.339622641509434,0.84,0.68,0.96,0.905660377358491,0.84,53,0,7
DTLZ5,20,6,72006,32,286,"S4_(0.75,1.00]",0.72,1,0.4,0.382978723404255,0.84,0.76,0.96,0.914893617021277,0.88,47,0,7
DTLZ5,20,6,72006,33,292,"S4_(0.75,1.00]",0.6,1,0.32,0.3125,0.92,0.88,0.96,0.9375,0.93,48,0,10
DTLZ5,20,6,72006,34,298,"S4_(0.75,1.00]",0.68,1,0.36,0.326923076923077,1,1,1,1,0.98,52,0,8
DTLZ5,20,7,72007,1,100,"S2_(0.25,0.50]",0.76,0.88,0.4,0.428571428571429,0.36,0.32,0.2,0.36734693877551,0.21,49,0,3
DTLZ5,20,7,72007,2,106,"S2_(0.25,0.50]",0.76,0.92,0.44,0.42,0.44,0.36,0.2,0.4,0.23,50,0,5
DTLZ5,20,7,72007,3,112,"S2_(0.25,0.50]",0.88,0.92,0.4,0.433962264150943,0.36,0.36,0.08,0.358490566037736,0.24,53,0,2
DTLZ5,20,7,72007,4,118,"S2_(0.25,0.50]",0.72,0.88,0.44,0.387755102040816,0.4,0.28,0.2,0.448979591836735,0.25,49,0,5
DTLZ5,20,7,72007,5,124,"S2_(0.25,0.50]",0.8,0.96,0.4,0.384615384615385,0.4,0.24,0.24,0.442307692307692,0.26,52,0,5
DTLZ5,20,7,72007,6,130,"S2_(0.25,0.50]",0.8,1,0.48,0.384615384615385,0.32,0.16,0.24,0.423076923076923,0.26,52,0,5
DTLZ5,20,7,72007,7,136,"S2_(0.25,0.50]",0.84,0.96,0.44,0.368421052631579,0.2,0.12,0.16,0.368421052631579,0.26,57,0,4
DTLZ5,20,7,72007,8,142,"S2_(0.25,0.50]",0.88,0.96,0.52,0.389830508474576,0.16,0.16,0.2,0.372881355932203,0.27,59,0,3
DTLZ5,20,7,72007,9,148,"S2_(0.25,0.50]",0.8,0.96,0.48,0.363636363636364,0.2,0.2,0.2,0.381818181818182,0.28,55,0,5
DTLZ5,20,7,72007,10,154,"S3_(0.50,0.75]",0.8,0.92,0.48,0.381818181818182,0.2,0.24,0.2,0.418181818181818,0.3,55,0,4
DTLZ5,20,7,72007,11,160,"S3_(0.50,0.75]",0.88,0.92,0.48,0.360655737704918,0.32,0.32,0.24,0.426229508196721,0.34,61,0,4
DTLZ5,20,7,72007,12,166,"S3_(0.50,0.75]",0.84,0.88,0.44,0.366666666666667,0.36,0.32,0.24,0.45,0.36,60,0,3
DTLZ5,20,7,72007,13,172,"S3_(0.50,0.75]",0.84,0.88,0.48,0.354838709677419,0.4,0.4,0.28,0.483870967741935,0.39,62,0,2
DTLZ5,20,7,72007,14,178,"S3_(0.50,0.75]",0.84,0.88,0.48,0.360655737704918,0.44,0.44,0.28,0.508196721311475,0.41,61,0,3
DTLZ5,20,7,72007,15,184,"S3_(0.50,0.75]",0.88,0.92,0.52,0.370967741935484,0.44,0.44,0.24,0.532258064516129,0.43,62,0,3
DTLZ5,20,7,72007,16,190,"S3_(0.50,0.75]",0.84,0.92,0.48,0.360655737704918,0.48,0.52,0.28,0.557377049180328,0.48,61,0,3
DTLZ5,20,7,72007,17,196,"S3_(0.50,0.75]",0.84,0.92,0.48,0.360655737704918,0.52,0.6,0.32,0.573770491803279,0.5,61,0,3
DTLZ5,20,7,72007,18,202,"S3_(0.50,0.75]",0.88,0.92,0.52,0.370967741935484,0.52,0.56,0.32,0.564516129032258,0.51,62,0,2
DTLZ5,20,7,72007,19,208,"S3_(0.50,0.75]",0.8,0.92,0.28,0.294117647058824,0.64,0.64,0.32,0.602941176470588,0.56,68,0,4
DTLZ5,20,7,72007,20,214,"S3_(0.50,0.75]",0.76,0.92,0.28,0.296875,0.64,0.68,0.36,0.609375,0.56,64,0,5
DTLZ5,20,7,72007,21,220,"S3_(0.50,0.75]",0.8,0.92,0.56,0.350877192982456,0.64,0.68,0.48,0.649122807017544,0.6,57,0,5
DTLZ5,20,7,72007,22,226,"S4_(0.75,1.00]",0.84,0.96,0.64,0.381818181818182,0.6,0.64,0.48,0.690909090909091,0.63,55,0,5
DTLZ5,20,7,72007,23,232,"S4_(0.75,1.00]",0.76,0.92,0.44,0.395833333333333,0.68,0.68,0.6,0.791666666666667,0.66,48,0,6
DTLZ5,20,7,72007,24,238,"S4_(0.75,1.00]",0.76,0.92,0.44,0.404255319148936,0.68,0.68,0.6,0.787234042553192,0.67,47,0,6
DTLZ5,20,7,72007,25,244,"S4_(0.75,1.00]",0.84,0.96,0.52,0.333333333333333,0.68,0.68,0.36,0.714285714285714,0.71,63,0,5
DTLZ5,20,7,72007,26,250,"S4_(0.75,1.00]",0.84,0.92,0.52,0.344262295081967,0.72,0.68,0.48,0.786885245901639,0.73,61,0,4
DTLZ5,20,7,72007,27,256,"S4_(0.75,1.00]",0.8,0.92,0.52,0.333333333333333,0.68,0.64,0.52,0.793650793650794,0.75,63,0,3
DTLZ5,20,7,72007,28,262,"S4_(0.75,1.00]",0.8,0.92,0.48,0.328125,0.76,0.72,0.6,0.828125,0.79,64,0,4
DTLZ5,20,7,72007,29,268,"S4_(0.75,1.00]",0.84,0.92,0.6,0.379310344827586,0.8,0.76,0.68,0.862068965517241,0.85,58,0,3
DTLZ5,20,7,72007,30,274,"S4_(0.75,1.00]",0.88,0.92,0.56,0.385964912280702,0.88,0.84,0.76,0.894736842105263,0.88,57,0,4
DTLZ5,20,7,72007,31,280,"S4_(0.75,1.00]",0.84,0.92,0.6,0.388888888888889,0.92,0.88,0.92,0.962962962962963,0.93,54,0,4
DTLZ5,20,7,72007,32,286,"S4_(0.75,1.00]",0.84,0.92,0.6,0.388888888888889,0.96,0.92,0.96,0.981481481481482,0.96,54,0,4
DTLZ5,20,7,72007,33,292,"S4_(0.75,1.00]",0.84,0.92,0.6,0.388888888888889,0.96,0.92,0.96,0.981481481481482,0.96,54,0,4
DTLZ5,20,7,72007,34,298,"S4_(0.75,1.00]",0.88,0.92,0.64,0.415094339622642,1,1,1,1,1,53,0,4
DTLZ5,20,8,72008,1,100,"S2_(0.25,0.50]",0.96,0.96,0.24,0.436363636363636,0.2,0.2,0.24,0.218181818181818,0.15,55,0,1
DTLZ5,20,8,72008,2,106,"S2_(0.25,0.50]",0.84,0.96,0.32,0.431372549019608,0.2,0.16,0.2,0.196078431372549,0.15,51,0,3
DTLZ5,20,8,72008,3,112,"S2_(0.25,0.50]",0.84,0.88,0.32,0.381818181818182,0.24,0.24,0.24,0.218181818181818,0.18,55,0,3
DTLZ5,20,8,72008,4,118,"S2_(0.25,0.50]",0.8,0.88,0.36,0.372881355932203,0.24,0.28,0.24,0.220338983050847,0.18,59,0,3
DTLZ5,20,8,72008,5,124,"S2_(0.25,0.50]",0.8,0.8,0.36,0.338461538461538,0.28,0.24,0.32,0.230769230769231,0.19,65,0,3
DTLZ5,20,8,72008,6,130,"S2_(0.25,0.50]",0.72,0.76,0.36,0.294117647058824,0.36,0.4,0.2,0.235294117647059,0.21,68,0,2
DTLZ5,20,8,72008,7,136,"S2_(0.25,0.50]",0.44,0.8,0.36,0.354838709677419,0.32,0.44,0.2,0.258064516129032,0.23,31,0,14
DTLZ5,20,8,72008,8,142,"S2_(0.25,0.50]",0.76,0.84,0.44,0.3,0.44,0.44,0.2,0.271428571428571,0.23,70,0,2
DTLZ5,20,8,72008,9,148,"S2_(0.25,0.50]",0.64,0.84,0.52,0.484848484848485,0.48,0.4,0.32,0.393939393939394,0.27,33,0,12
DTLZ5,20,8,72008,10,154,"S3_(0.50,0.75]",0.76,0.96,0.4,0.271428571428571,0.48,0.32,0.32,0.328571428571429,0.27,70,0,5
DTLZ5,20,8,72008,11,160,"S3_(0.50,0.75]",0.72,1,0.32,0.290322580645161,0.48,0.28,0.36,0.370967741935484,0.28,62,0,7
DTLZ5,20,8,72008,12,166,"S3_(0.50,0.75]",0.68,1,0.28,0.309090909090909,0.44,0.32,0.44,0.381818181818182,0.29,55,0,8
DTLZ5,20,8,72008,13,172,"S3_(0.50,0.75]",0.76,1,0.4,0.322033898305085,0.4,0.36,0.36,0.406779661016949,0.32,59,0,6
DTLZ5,20,8,72008,14,178,"S3_(0.50,0.75]",0.84,1,0.44,0.35,0.36,0.36,0.4,0.416666666666667,0.32,60,0,4
DTLZ5,20,8,72008,15,184,"S3_(0.50,0.75]",0.92,1,0.36,0.348484848484849,0.32,0.36,0.36,0.393939393939394,0.33,66,0,2
DTLZ5,20,8,72008,16,190,"S3_(0.50,0.75]",0.88,1,0.32,0.354838709677419,0.4,0.4,0.4,0.451612903225806,0.37,62,0,3
DTLZ5,20,8,72008,17,196,"S3_(0.50,0.75]",0.92,1,0.4,0.442307692307692,0.4,0.48,0.44,0.442307692307692,0.4,52,0,2
DTLZ5,20,8,72008,18,202,"S3_(0.50,0.75]",0.84,1,0.4,0.39622641509434,0.44,0.52,0.44,0.547169811320755,0.42,53,0,4
DTLZ5,20,8,72008,19,208,"S3_(0.50,0.75]",0.84,1,0.44,0.381818181818182,0.4,0.52,0.36,0.490909090909091,0.41,55,0,4
DTLZ5,20,8,72008,20,214,"S3_(0.50,0.75]",0.92,1,0.48,0.389830508474576,0.48,0.48,0.4,0.474576271186441,0.41,59,0,2
DTLZ5,20,8,72008,21,220,"S3_(0.50,0.75]",0.88,1,0.4,0.385964912280702,0.48,0.52,0.28,0.473684210526316,0.42,57,0,3
DTLZ5,20,8,72008,22,226,"S4_(0.75,1.00]",0.84,1,0.4,0.375,0.48,0.52,0.36,0.482142857142857,0.43,56,0,4
DTLZ5,20,8,72008,23,232,"S4_(0.75,1.00]",0.8,1,0.48,0.363636363636364,0.52,0.52,0.44,0.545454545454545,0.47,55,0,5
DTLZ5,20,8,72008,24,238,"S4_(0.75,1.00]",0.8,1,0.52,0.37037037037037,0.52,0.52,0.4,0.555555555555556,0.48,54,0,5
DTLZ5,20,8,72008,25,244,"S4_(0.75,1.00]",0.8,1,0.4,0.350877192982456,0.6,0.6,0.36,0.649122807017544,0.53,57,0,5
DTLZ5,20,8,72008,26,250,"S4_(0.75,1.00]",0.76,1,0.36,0.345454545454545,0.68,0.64,0.4,0.690909090909091,0.56,55,0,6
DTLZ5,20,8,72008,27,256,"S4_(0.75,1.00]",0.8,1,0.4,0.377358490566038,0.64,0.6,0.4,0.660377358490566,0.56,53,0,5
DTLZ5,20,8,72008,28,262,"S4_(0.75,1.00]",0.8,1,0.36,0.384615384615385,0.64,0.64,0.48,0.692307692307692,0.57,52,0,5
DTLZ5,20,8,72008,29,268,"S4_(0.75,1.00]",0.44,1,0.4,0.34375,0.48,0.72,0.6,0.5625,0.62,32,0,14
DTLZ5,20,8,72008,30,274,"S4_(0.75,1.00]",0.72,1,0.28,0.28125,0.68,0.72,0.64,0.765625,0.64,64,0,7
DTLZ5,20,8,72008,31,280,"S4_(0.75,1.00]",0.72,1,0.36,0.321428571428571,0.76,0.8,0.72,0.839285714285714,0.68,56,0,7
DTLZ5,20,8,72008,32,286,"S4_(0.75,1.00]",0.8,1,0.36,0.338983050847458,0.84,0.88,0.68,0.830508474576271,0.72,59,0,5
DTLZ5,20,8,72008,33,292,"S4_(0.75,1.00]",0.72,1,0.36,0.305084745762712,0.88,0.84,0.76,0.88135593220339,0.83,59,0,7
DTLZ5,20,8,72008,34,298,"S4_(0.75,1.00]",0.72,1,0.52,0.310344827586207,1,1,1,1,0.98,58,0,7
DTLZ5,20,9,72009,1,100,"S2_(0.25,0.50]",0.68,0.84,0.32,0.357142857142857,0.4,0.36,0.08,0.285714285714286,0.18,56,0,6
DTLZ5,20,9,72009,2,106,"S2_(0.25,0.50]",0.72,0.88,0.36,0.350877192982456,0.36,0.4,0.08,0.245614035087719,0.2,57,0,5
DTLZ5,20,9,72009,3,112,"S2_(0.25,0.50]",0.68,0.88,0.36,0.365384615384615,0.44,0.52,0.12,0.326923076923077,0.24,52,0,5
DTLZ5,20,9,72009,4,118,"S2_(0.25,0.50]",0.84,0.96,0.4,0.366666666666667,0.48,0.52,0.16,0.3,0.27,60,0,4
DTLZ5,20,9,72009,5,124,"S2_(0.25,0.50]",0.8,1,0.4,0.338983050847458,0.44,0.36,0.2,0.322033898305085,0.28,59,0,5
DTLZ5,20,9,72009,6,130,"S2_(0.25,0.50]",0.76,0.92,0.4,0.345454545454545,0.44,0.36,0.16,0.345454545454545,0.31,55,0,6
DTLZ5,20,9,72009,7,136,"S2_(0.25,0.50]",0.84,0.92,0.52,0.323529411764706,0.36,0.4,0.24,0.352941176470588,0.34,68,0,2
DTLZ5,20,9,72009,8,142,"S2_(0.25,0.50]",0.92,0.92,0.52,0.348484848484849,0.4,0.4,0.32,0.363636363636364,0.35,66,0,1
DTLZ5,20,9,72009,9,148,"S2_(0.25,0.50]",0.8,0.96,0.36,0.3125,0.44,0.4,0.32,0.421875,0.38,64,0,4
DTLZ5,20,9,72009,10,154,"S3_(0.50,0.75]",0.84,0.96,0.36,0.3,0.44,0.4,0.36,0.457142857142857,0.4,70,0,3
DTLZ5,20,9,72009,11,160,"S3_(0.50,0.75]",0.76,0.96,0.36,0.338983050847458,0.4,0.44,0.36,0.474576271186441,0.41,59,0,5
DTLZ5,20,9,72009,12,166,"S3_(0.50,0.75]",0.84,0.96,0.44,0.318181818181818,0.36,0.48,0.4,0.439393939393939,0.41,66,0,4
DTLZ5,20,9,72009,13,172,"S3_(0.50,0.75]",0.84,0.96,0.4,0.318181818181818,0.36,0.48,0.36,0.424242424242424,0.4,66,0,4
DTLZ5,20,9,72009,14,178,"S3_(0.50,0.75]",0.88,1,0.32,0.34375,0.4,0.52,0.44,0.46875,0.42,64,0,3
DTLZ5,20,9,72009,15,184,"S3_(0.50,0.75]",0.76,1,0.28,0.301587301587302,0.44,0.6,0.4,0.476190476190476,0.44,63,0,6
DTLZ5,20,9,72009,16,190,"S3_(0.50,0.75]",0.64,1,0.2,0.262295081967213,0.56,0.64,0.4,0.491803278688525,0.47,61,0,9
DTLZ5,20,9,72009,17,196,"S3_(0.50,0.75]",0.6,1,0.16,0.241935483870968,0.6,0.64,0.44,0.5,0.48,62,0,10
DTLZ5,20,9,72009,18,202,"S3_(0.50,0.75]",0.6,1,0.24,0.254237288135593,0.72,0.8,0.48,0.542372881355932,0.51,59,0,10
DTLZ5,20,9,72009,19,208,"S3_(0.50,0.75]",0.6,1,0.24,0.254237288135593,0.72,0.8,0.48,0.542372881355932,0.51,59,0,10
DTLZ5,20,9,72009,20,214,"S3_(0.50,0.75]",0.64,1,0.28,0.262295081967213,0.72,0.76,0.48,0.540983606557377,0.51,61,0,9
DTLZ5,20,9,72009,21,220,"S3_(0.50,0.75]",0.64,1,0.32,0.262295081967213,0.72,0.72,0.48,0.540983606557377,0.51,61,0,9
DTLZ5,20,9,72009,22,226,"S4_(0.75,1.00]",0.64,0.84,0.24,0.275862068965517,0.8,0.76,0.48,0.620689655172414,0.53,58,0,9
DTLZ5,20,9,72009,23,232,"S4_(0.75,1.00]",0.64,0.88,0.24,0.271186440677966,0.8,0.76,0.48,0.593220338983051,0.54,59,0,10
DTLZ5,20,9,72009,24,238,"S4_(0.75,1.00]",0.68,0.88,0.24,0.293103448275862,0.8,0.76,0.6,0.637931034482759,0.56,58,0,9
DTLZ5,20,9,72009,25,244,"S4_(0.75,1.00]",0.8,0.96,0.28,0.350877192982456,0.72,0.72,0.68,0.736842105263158,0.69,57,0,6
DTLZ5,20,9,72009,26,250,"S4_(0.75,1.00]",0.8,0.92,0.4,0.384615384615385,0.76,0.72,0.6,0.769230769230769,0.73,52,0,6
DTLZ5,20,9,72009,27,256,"S4_(0.75,1.00]",0.72,0.96,0.44,0.346153846153846,0.8,0.88,0.68,0.826923076923077,0.78,52,0,7
DTLZ5,20,9,72009,28,262,"S4_(0.75,1.00]",0.76,0.92,0.4,0.316666666666667,0.8,0.96,0.84,0.833333333333333,0.81,60,0,7
DTLZ5,20,9,72009,29,268,"S4_(0.75,1.00]",0.76,0.92,0.4,0.316666666666667,0.84,0.96,0.84,0.85,0.84,60,0,7
DTLZ5,20,9,72009,30,274,"S4_(0.75,1.00]",0.72,0.92,0.36,0.3,0.92,1,0.88,0.883333333333333,0.88,60,0,7
DTLZ5,20,9,72009,31,280,"S4_(0.75,1.00]",0.72,0.92,0.4,0.305084745762712,0.92,1,0.88,0.898305084745763,0.89,59,0,7
DTLZ5,20,9,72009,32,286,"S4_(0.75,1.00]",0.76,0.92,0.4,0.333333333333333,0.96,1,0.88,0.947368421052632,0.94,57,0,7
DTLZ5,20,9,72009,33,292,"S4_(0.75,1.00]",0.76,0.88,0.44,0.339285714285714,1,1,1,1,0.98,56,0,7
DTLZ5,20,9,72009,34,298,"S4_(0.75,1.00]",0.68,0.88,0.36,0.298245614035088,1,1,1,1,1,57,0,10
DTLZ5,20,10,72010,1,100,"S2_(0.25,0.50]",0.8,0.84,0.56,0.48936170212766,0.32,0.28,0.36,0.234042553191489,0.12,47,0,1
DTLZ5,20,10,72010,2,106,"S2_(0.25,0.50]",0.72,0.84,0.52,0.416666666666667,0.24,0.28,0.24,0.166666666666667,0.13,48,0,4
DTLZ5,20,10,72010,3,112,"S2_(0.25,0.50]",0.76,0.84,0.44,0.42,0.32,0.36,0.24,0.22,0.16,50,0,3
DTLZ5,20,10,72010,4,118,"S2_(0.25,0.50]",0.76,0.88,0.4,0.404255319148936,0.32,0.36,0.24,0.234042553191489,0.17,47,0,5
DTLZ5,20,10,72010,5,124,"S2_(0.25,0.50]",0.8,0.88,0.24,0.357142857142857,0.32,0.44,0.28,0.267857142857143,0.21,56,0,3
DTLZ5,20,10,72010,6,130,"S2_(0.25,0.50]",0.84,0.88,0.32,0.42,0.44,0.44,0.32,0.4,0.23,50,0,1
DTLZ5,20,10,72010,7,136,"S2_(0.25,0.50]",0.88,0.88,0.28,0.431372549019608,0.44,0.44,0.36,0.392156862745098,0.24,51,0,1
DTLZ5,20,10,72010,8,142,"S2_(0.25,0.50]",0.8,0.96,0.24,0.408163265306122,0.44,0.52,0.32,0.448979591836735,0.28,49,0,5
DTLZ5,20,10,72010,9,148,"S2_(0.25,0.50]",0.88,1,0.36,0.423076923076923,0.4,0.36,0.32,0.403846153846154,0.28,52,0,3
DTLZ5,20,10,72010,10,154,"S3_(0.50,0.75]",0.88,1,0.32,0.4,0.32,0.36,0.32,0.381818181818182,0.29,55,0,3
DTLZ5,20,10,72010,11,160,"S3_(0.50,0.75]",1,0.96,0.4,0.423728813559322,0.32,0.36,0.28,0.406779661016949,0.32,59,0,1
DTLZ5,20,10,72010,12,166,"S3_(0.50,0.75]",0.96,1,0.32,0.39344262295082,0.32,0.32,0.28,0.409836065573771,0.36,61,0,1
DTLZ5,20,10,72010,13,172,"S3_(0.50,0.75]",0.96,0.96,0.52,0.444444444444444,0.28,0.28,0.24,0.425925925925926,0.38,54,0,0
DTLZ5,20,10,72010,14,178,"S3_(0.50,0.75]",0.92,1,0.56,0.425925925925926,0.28,0.24,0.32,0.462962962962963,0.4,54,0,2
DTLZ5,20,10,72010,15,184,"S3_(0.50,0.75]",0.88,0.96,0.56,0.407407407407407,0.32,0.28,0.28,0.462962962962963,0.43,54,0,3
DTLZ5,20,10,72010,16,190,"S3_(0.50,0.75]",0.88,0.96,0.52,0.366666666666667,0.32,0.28,0.44,0.5,0.45,60,0,3
DTLZ5,20,10,72010,17,196,"S3_(0.50,0.75]",0.84,1,0.48,0.355932203389831,0.36,0.28,0.44,0.508474576271186,0.46,59,0,4
DTLZ5,20,10,72010,18,202,"S3_(0.50,0.75]",0.88,0.96,0.48,0.360655737704918,0.36,0.32,0.44,0.524590163934426,0.5,61,0,3
DTLZ5,20,10,72010,19,208,"S3_(0.50,0.75]",0.84,0.92,0.48,0.39622641509434,0.36,0.36,0.48,0.509433962264151,0.52,53,0,4
DTLZ5,20,10,72010,20,214,"S3_(0.50,0.75]",0.88,0.96,0.56,0.4,0.32,0.36,0.48,0.490909090909091,0.53,55,0,3
DTLZ5,20,10,72010,21,220,"S3_(0.50,0.75]",0.72,1,0.28,0.346153846153846,0.4,0.28,0.56,0.538461538461538,0.53,52,0,7
DTLZ5,20,10,72010,22,226,"S4_(0.75,1.00]",0.8,1,0.36,0.37037037037037,0.28,0.28,0.52,0.5,0.54,54,0,5
DTLZ5,20,10,72010,23,232,"S4_(0.75,1.00]",0.8,1,0.36,0.37037037037037,0.28,0.36,0.52,0.5,0.57,54,0,5
DTLZ5,20,10,72010,24,238,"S4_(0.75,1.00]",0.68,1,0.24,0.326923076923077,0.48,0.44,0.52,0.596153846153846,0.59,52,0,8
DTLZ5,20,10,72010,25,244,"S4_(0.75,1.00]",0.72,0.92,0.28,0.339622641509434,0.56,0.6,0.6,0.660377358490566,0.65,53,0,7
DTLZ5,20,10,72010,26,250,"S4_(0.75,1.00]",0.8,0.96,0.32,0.350877192982456,0.64,0.68,0.64,0.684210526315789,0.7,57,0,5
DTLZ5,20,10,72010,27,256,"S4_(0.75,1.00]",0.76,1,0.32,0.339285714285714,0.72,0.72,0.84,0.767857142857143,0.76,56,0,6
DTLZ5,20,10,72010,28,262,"S4_(0.75,1.00]",0.8,1,0.36,0.350877192982456,0.8,0.76,0.84,0.771929824561403,0.79,57,0,5
DTLZ5,20,10,72010,29,268,"S4_(0.75,1.00]",0.88,0.96,0.48,0.360655737704918,0.96,0.92,0.8,0.868852459016393,0.84,61,0,3
DTLZ5,20,10,72010,30,274,"S4_(0.75,1.00]",0.92,1,0.44,0.343283582089552,0.92,0.92,0.8,0.865671641791045,0.86,67,0,2
DTLZ5,20,10,72010,31,280,"S4_(0.75,1.00]",0.88,1,0.4,0.333333333333333,0.92,0.92,0.92,0.893939393939394,0.9,66,0,3
DTLZ5,20,10,72010,32,286,"S4_(0.75,1.00]",0.76,1,0.32,0.322033898305085,1,0.96,0.92,0.966101694915254,0.94,59,0,6
DTLZ5,20,10,72010,33,292,"S4_(0.75,1.00]",0.72,1,0.32,0.305084745762712,1,0.96,0.96,0.983050847457627,0.96,59,0,7
DTLZ5,20,10,72010,34,298,"S4_(0.75,1.00]",0.76,1,0.36,0.311475409836066,1,1,0.96,0.983606557377049,0.99,61,0,6
DTLZ5,20,11,72011,1,100,"S2_(0.25,0.50]",0.84,0.88,0.4,0.479166666666667,0.36,0.32,0.4,0.3125,0.18,48,0,2
DTLZ5,20,11,72011,2,106,"S2_(0.25,0.50]",0.84,0.8,0.44,0.5,0.36,0.32,0.36,0.291666666666667,0.19,48,0,3
DTLZ5,20,11,72011,3,112,"S2_(0.25,0.50]",0.8,0.76,0.56,0.490196078431373,0.32,0.32,0.24,0.274509803921569,0.19,51,0,2
DTLZ5,20,11,72011,4,118,"S2_(0.25,0.50]",0.84,0.8,0.48,0.480769230769231,0.36,0.32,0.32,0.346153846153846,0.21,52,0,2
DTLZ5,20,11,72011,5,124,"S2_(0.25,0.50]",0.72,0.84,0.48,0.477272727272727,0.36,0.36,0.4,0.386363636363636,0.22,44,0,5
DTLZ5,20,11,72011,6,130,"S2_(0.25,0.50]",0.8,0.92,0.52,0.458333333333333,0.4,0.4,0.36,0.395833333333333,0.24,48,0,4
DTLZ5,20,11,72011,7,136,"S2_(0.25,0.50]",0.72,0.96,0.4,0.387755102040816,0.4,0.4,0.36,0.408163265306122,0.26,49,0,7
DTLZ5,20,11,72011,8,142,"S2_(0.25,0.50]",0.84,0.92,0.4,0.366666666666667,0.44,0.4,0.36,0.383333333333333,0.3,60,0,4
DTLZ5,20,11,72011,9,148,"S2_(0.25,0.50]",0.76,0.92,0.36,0.333333333333333,0.44,0.4,0.4,0.403508771929825,0.31,57,0,6
DTLZ5,20,11,72011,10,154,"S3_(0.50,0.75]",0.92,0.84,0.48,0.403508771929825,0.44,0.4,0.44,0.421052631578947,0.34,57,0,3
DTLZ5,20,11,72011,11,160,"S3_(0.50,0.75]",0.76,0.84,0.36,0.333333333333333,0.44,0.4,0.4,0.385964912280702,0.37,57,0,5
DTLZ5,20,11,72011,12,166,"S3_(0.50,0.75]",0.8,0.88,0.32,0.350877192982456,0.44,0.36,0.4,0.385964912280702,0.37,57,0,5
DTLZ5,20,11,72011,13,172,"S3_(0.50,0.75]",0.72,0.88,0.28,0.310344827586207,0.44,0.32,0.56,0.482758620689655,0.38,58,0,7
DTLZ5,20,11,72011,14,178,"S3_(0.50,0.75]",0.68,0.88,0.32,0.321428571428571,0.4,0.32,0.64,0.5,0.39,56,0,7
DTLZ5,20,11,72011,15,184,"S3_(0.50,0.75]",0.64,0.8,0.24,0.310344827586207,0.4,0.28,0.6,0.482758620689655,0.39,58,0,7
DTLZ5,20,11,72011,16,190,"S3_(0.50,0.75]",0.68,0.84,0.24,0.311475409836066,0.48,0.4,0.6,0.540983606557377,0.45,61,0,7
DTLZ5,20,11,72011,17,196,"S3_(0.50,0.75]",0.72,0.84,0.32,0.317460317460317,0.48,0.4,0.68,0.587301587301587,0.48,63,0,6
DTLZ5,20,11,72011,18,202,"S3_(0.50,0.75]",0.76,0.88,0.32,0.338983050847458,0.56,0.44,0.8,0.627118644067797,0.51,59,0,5
DTLZ5,20,11,72011,19,208,"S3_(0.50,0.75]",0.76,0.88,0.32,0.316666666666667,0.52,0.44,0.76,0.616666666666667,0.51,60,0,6
DTLZ5,20,11,72011,20,214,"S3_(0.50,0.75]",0.76,0.92,0.32,0.316666666666667,0.56,0.44,0.76,0.633333333333333,0.54,60,0,6
DTLZ5,20,11,72011,21,220,"S3_(0.50,0.75]",0.64,0.84,0.12,0.25,0.44,0.52,0.76,0.59375,0.56,64,0,10
DTLZ5,20,11,72011,22,226,"S4_(0.75,1.00]",0.68,0.88,0.16,0.28125,0.44,0.48,0.76,0.53125,0.57,64,0,8
DTLZ5,20,11,72011,23,232,"S4_(0.75,1.00]",0.68,0.88,0.2,0.274193548387097,0.48,0.4,0.72,0.564516129032258,0.58,62,0,9
DTLZ5,20,11,72011,24,238,"S4_(0.75,1.00]",0.68,0.88,0.2,0.283333333333333,0.52,0.48,0.72,0.583333333333333,0.62,60,0,10
DTLZ5,20,11,72011,25,244,"S4_(0.75,1.00]",0.68,0.88,0.24,0.283333333333333,0.48,0.48,0.72,0.583333333333333,0.63,60,0,9
DTLZ5,20,11,72011,26,250,"S4_(0.75,1.00]",0.84,0.84,0.4,0.338709677419355,0.52,0.56,0.72,0.629032258064516,0.64,62,0,5
DTLZ5,20,11,72011,27,256,"S4_(0.75,1.00]",0.88,0.88,0.4,0.349206349206349,0.52,0.6,0.68,0.619047619047619,0.64,63,0,4
DTLZ5,20,11,72011,28,262,"S4_(0.75,1.00]",0.84,0.88,0.36,0.338709677419355,0.52,0.6,0.64,0.612903225806452,0.64,62,0,5
DTLZ5,20,11,72011,29,268,"S4_(0.75,1.00]",0.84,0.92,0.36,0.35,0.56,0.76,0.68,0.616666666666667,0.69,60,0,5
DTLZ5,20,11,72011,30,274,"S4_(0.75,1.00]",0.52,1,0.16,0.245283018867925,0.92,0.76,0.84,0.905660377358491,0.84,53,0,12
DTLZ5,20,11,72011,31,280,"S4_(0.75,1.00]",0.72,0.92,0.32,0.315789473684211,0.88,0.84,0.88,0.929824561403509,0.88,57,0,7
DTLZ5,20,11,72011,32,286,"S4_(0.75,1.00]",0.76,0.96,0.36,0.327586206896552,0.88,0.88,0.88,0.931034482758621,0.9,58,0,6
DTLZ5,20,11,72011,33,292,"S4_(0.75,1.00]",0.76,0.96,0.36,0.322033898305085,0.92,1,0.88,0.949152542372881,0.95,59,0,6
DTLZ5,20,11,72011,34,298,"S4_(0.75,1.00]",0.76,0.92,0.32,0.316666666666667,0.96,1,0.96,0.983333333333333,0.98,60,0,5
DTLZ5,20,12,72012,1,100,"S2_(0.25,0.50]",0.84,0.96,0.44,0.456521739130435,0,0,0,0.0434782608695652,0.05,46,0,3
DTLZ5,20,12,72012,2,106,"S2_(0.25,0.50]",0.88,0.96,0.52,0.478260869565217,0,0,0,0.0652173913043478,0.07,46,0,3
DTLZ5,20,12,72012,3,112,"S2_(0.25,0.50]",0.76,0.96,0.52,0.452380952380952,0,0,0,0.0714285714285714,0.07,42,0,5
DTLZ5,20,12,72012,4,118,"S2_(0.25,0.50]",0.6,0.96,0.4,0.375,0.08,0.08,0.04,0.125,0.1,40,0,10
DTLZ5,20,12,72012,5,124,"S2_(0.25,0.50]",0.8,0.92,0.44,0.465116279069767,0.12,0.12,0.04,0.13953488372093,0.12,43,0,5
DTLZ5,20,12,72012,6,130,"S2_(0.25,0.50]",0.88,0.96,0.44,0.478260869565217,0.2,0.2,0.08,0.173913043478261,0.14,46,0,3
DTLZ5,20,12,72012,7,136,"S2_(0.25,0.50]",0.84,0.88,0.36,0.478260869565217,0.2,0.2,0.2,0.217391304347826,0.14,46,0,4
DTLZ5,20,12,72012,8,142,"S2_(0.25,0.50]",0.8,0.92,0.36,0.446808510638298,0.24,0.24,0.16,0.191489361702128,0.15,47,0,4
DTLZ5,20,12,72012,9,148,"S2_(0.25,0.50]",0.8,0.92,0.44,0.456521739130435,0.36,0.4,0.16,0.260869565217391,0.2,46,0,4
DTLZ5,20,12,72012,10,154,"S3_(0.50,0.75]",0.88,1,0.36,0.448979591836735,0.4,0.36,0.2,0.26530612244898,0.21,49,0,3
DTLZ5,20,12,72012,11,160,"S3_(0.50,0.75]",0.84,1,0.36,0.368421052631579,0.32,0.32,0.16,0.228070175438596,0.22,57,0,4
DTLZ5,20,12,72012,12,166,"S3_(0.50,0.75]",0.84,0.96,0.44,0.381818181818182,0.36,0.36,0.2,0.290909090909091,0.24,55,0,5
DTLZ5,20,12,72012,13,172,"S3_(0.50,0.75]",0.88,0.96,0.48,0.4,0.36,0.36,0.2,0.345454545454545,0.28,55,0,3
DTLZ5,20,12,72012,14,178,"S3_(0.50,0.75]",0.84,0.96,0.44,0.42,0.44,0.52,0.4,0.46,0.33,50,0,4
DTLZ5,20,12,72012,15,184,"S3_(0.50,0.75]",0.8,1,0.44,0.4,0.56,0.6,0.32,0.5,0.36,50,0,5
DTLZ5,20,12,72012,16,190,"S3_(0.50,0.75]",0.68,1,0.28,0.309090909090909,0.64,0.72,0.36,0.527272727272727,0.41,55,0,8
DTLZ5,20,12,72012,17,196,"S3_(0.50,0.75]",0.72,1,0.36,0.4,0.76,0.76,0.6,0.666666666666667,0.45,45,0,7
DTLZ5,20,12,72012,18,202,"S3_(0.50,0.75]",0.8,1,0.32,0.4,0.84,0.84,0.6,0.72,0.51,50,0,5
DTLZ5,20,12,72012,19,208,"S3_(0.50,0.75]",0.8,1,0.32,0.4,0.84,0.84,0.68,0.74,0.55,50,0,5
DTLZ5,20,12,72012,20,214,"S3_(0.50,0.75]",0.76,1,0.28,0.358490566037736,0.8,0.8,0.76,0.773584905660377,0.58,53,0,6
DTLZ5,20,12,72012,21,220,"S3_(0.50,0.75]",0.76,1,0.36,0.38,0.76,0.68,0.8,0.76,0.57,50,0,6
DTLZ5,20,12,72012,22,226,"S4_(0.75,1.00]",0.76,1,0.36,0.365384615384615,0.76,0.68,0.8,0.788461538461538,0.59,52,0,6
DTLZ5,20,12,72012,23,232,"S4_(0.75,1.00]",0.68,1,0.28,0.293103448275862,0.76,0.72,0.72,0.758620689655172,0.62,58,0,8
DTLZ5,20,12,72012,24,238,"S4_(0.75,1.00]",0.8,1,0.32,0.338983050847458,0.84,0.72,0.8,0.796610169491525,0.66,59,0,5
DTLZ5,20,12,72012,25,244,"S4_(0.75,1.00]",0.76,1,0.28,0.316666666666667,0.84,0.72,0.84,0.816666666666667,0.69,60,0,6
DTLZ5,20,12,72012,26,250,"S4_(0.75,1.00]",0.76,1,0.28,0.316666666666667,0.84,0.68,0.84,0.816666666666667,0.69,60,0,6
DTLZ5,20,12,72012,27,256,"S4_(0.75,1.00]",0.76,1,0.48,0.279411764705882,0.84,0.84,0.84,0.867647058823529,0.82,68,0,6
DTLZ5,20,12,72012,28,262,"S4_(0.75,1.00]",0.8,1,0.48,0.294117647058824,0.84,0.88,0.84,0.882352941176471,0.85,68,0,5
DTLZ5,20,12,72012,29,268,"S4_(0.75,1.00]",0.8,1,0.36,0.294117647058824,0.88,0.92,0.8,0.897058823529412,0.86,68,0,5
DTLZ5,20,12,72012,30,274,"S4_(0.75,1.00]",0.8,1,0.36,0.289855072463768,0.92,0.96,0.88,0.927536231884058,0.89,69,0,5
DTLZ5,20,12,72012,31,280,"S4_(0.75,1.00]",0.8,1,0.36,0.289855072463768,0.92,0.92,0.88,0.927536231884058,0.89,69,0,5
DTLZ5,20,12,72012,32,286,"S4_(0.75,1.00]",0.52,1,0.4,0.433333333333333,0.96,0.88,0.96,0.966666666666667,0.92,30,0,12
DTLZ5,20,12,72012,33,292,"S4_(0.75,1.00]",0.48,1,0.36,0.4,1,0.92,1,1,0.94,30,0,13
DTLZ5,20,12,72012,34,298,"S4_(0.75,1.00]",0.88,1,0.52,0.338461538461538,0.96,0.96,1,0.984615384615385,0.98,65,0,3
DTLZ5,20,13,72013,1,100,"S2_(0.25,0.50]",0.8,0.8,0.48,0.379310344827586,0.32,0.32,0.16,0.258620689655172,0.17,58,0,1
DTLZ5,20,13,72013,2,106,"S2_(0.25,0.50]",0.88,0.88,0.52,0.370967741935484,0.24,0.24,0.12,0.258064516129032,0.18,62,0,1
DTLZ5,20,13,72013,3,112,"S2_(0.25,0.50]",0.84,0.88,0.48,0.349206349206349,0.28,0.28,0.12,0.26984126984127,0.19,63,0,1
DTLZ5,20,13,72013,4,118,"S2_(0.25,0.50]",0.92,0.92,0.44,0.387096774193548,0.36,0.32,0.16,0.306451612903226,0.24,62,0,2
DTLZ5,20,13,72013,5,124,"S2_(0.25,0.50]",0.92,0.92,0.4,0.369230769230769,0.36,0.32,0.2,0.307692307692308,0.25,65,0,2
DTLZ5,20,13,72013,6,130,"S2_(0.25,0.50]",0.88,0.92,0.36,0.365079365079365,0.32,0.32,0.16,0.317460317460317,0.26,63,0,2
DTLZ5,20,13,72013,7,136,"S2_(0.25,0.50]",0.92,0.96,0.28,0.328571428571429,0.32,0.32,0.16,0.328571428571429,0.29,70,0,2
DTLZ5,20,13,72013,8,142,"S2_(0.25,0.50]",0.8,0.92,0.28,0.285714285714286,0.32,0.32,0.16,0.328571428571429,0.31,70,0,5
DTLZ5,20,13,72013,9,148,"S2_(0.25,0.50]",0.8,1,0.24,0.289855072463768,0.28,0.28,0.16,0.304347826086957,0.31,69,0,5
DTLZ5,20,13,72013,10,154,"S3_(0.50,0.75]",0.76,0.92,0.2,0.327586206896552,0.36,0.24,0.2,0.362068965517241,0.32,58,0,6
DTLZ5,20,13,72013,11,160,"S3_(0.50,0.75]",0.64,0.92,0.2,0.285714285714286,0.4,0.2,0.24,0.392857142857143,0.33,56,0,9
DTLZ5,20,13,72013,12,166,"S3_(0.50,0.75]",0.64,0.92,0.12,0.262295081967213,0.48,0.2,0.28,0.426229508196721,0.35,61,0,9
DTLZ5,20,13,72013,13,172,"S3_(0.50,0.75]",0.76,0.92,0.24,0.292307692307692,0.44,0.28,0.4,0.446153846153846,0.38,65,0,6
DTLZ5,20,13,72013,14,178,"S3_(0.50,0.75]",0.88,0.96,0.32,0.314285714285714,0.28,0.2,0.24,0.428571428571429,0.38,70,0,4
DTLZ5,20,13,72013,15,184,"S3_(0.50,0.75]",0.84,0.92,0.28,0.344262295081967,0.24,0.2,0.24,0.344262295081967,0.38,61,0,5
DTLZ5,20,13,72013,16,190,"S3_(0.50,0.75]",0.88,0.84,0.28,0.360655737704918,0.24,0.24,0.2,0.377049180327869,0.39,61,0,5
DTLZ5,20,13,72013,17,196,"S3_(0.50,0.75]",0.88,0.8,0.28,0.354838709677419,0.2,0.24,0.2,0.370967741935484,0.39,62,0,5
DTLZ5,20,13,72013,18,202,"S3_(0.50,0.75]",0.84,0.8,0.48,0.392857142857143,0.32,0.32,0.28,0.464285714285714,0.43,56,0,3
DTLZ5,20,13,72013,19,208,"S3_(0.50,0.75]",0.8,1,0.4,0.408163265306122,0.6,0.4,0.48,0.612244897959184,0.47,49,0,5
DTLZ5,20,13,72013,20,214,"S3_(0.50,0.75]",0.84,1,0.44,0.39622641509434,0.64,0.48,0.48,0.641509433962264,0.51,53,0,4
DTLZ5,20,13,72013,21,220,"S3_(0.50,0.75]",0.88,1,0.44,0.392857142857143,0.64,0.52,0.44,0.642857142857143,0.55,56,0,3
DTLZ5,20,13,72013,22,226,"S4_(0.75,1.00]",0.88,1,0.52,0.407407407407407,0.6,0.52,0.56,0.666666666666667,0.55,54,0,3
DTLZ5,20,13,72013,23,232,"S4_(0.75,1.00]",0.88,1,0.52,0.407407407407407,0.64,0.52,0.56,0.648148148148148,0.56,54,0,3
DTLZ5,20,13,72013,24,238,"S4_(0.75,1.00]",0.88,1,0.52,0.385964912280702,0.6,0.52,0.56,0.649122807017544,0.58,57,0,3
DTLZ5,20,13,72013,25,244,"S4_(0.75,1.00]",0.92,1,0.52,0.389830508474576,0.6,0.56,0.6,0.661016949152542,0.59,59,0,2
DTLZ5,20,13,72013,26,250,"S4_(0.75,1.00]",0.92,1,0.52,0.377049180327869,0.6,0.52,0.52,0.655737704918033,0.61,61,0,2
DTLZ5,20,13,72013,27,256,"S4_(0.75,1.00]",0.92,1,0.48,0.383333333333333,0.56,0.48,0.56,0.666666666666667,0.62,60,0,2
DTLZ5,20,13,72013,28,262,"S4_(0.75,1.00]",0.84,1,0.44,0.368421052631579,0.56,0.52,0.56,0.649122807017544,0.64,57,0,4
DTLZ5,20,13,72013,29,268,"S4_(0.75,1.00]",0.92,1,0.52,0.383333333333333,0.64,0.64,0.56,0.716666666666667,0.69,60,0,2
DTLZ5,20,13,72013,30,274,"S4_(0.75,1.00]",0.88,1,0.44,0.323529411764706,0.64,0.64,0.64,0.735294117647059,0.74,68,0,3
DTLZ5,20,13,72013,31,280,"S4_(0.75,1.00]",0.56,1,0.44,0.424242424242424,0.72,0.68,0.68,0.696969696969697,0.78,33,0,11
DTLZ5,20,13,72013,32,286,"S4_(0.75,1.00]",0.56,1,0.44,0.4,0.8,0.8,0.72,0.771428571428571,0.82,35,0,11
DTLZ5,20,13,72013,33,292,"S4_(0.75,1.00]",0.8,1,0.48,0.307692307692308,0.8,0.8,0.76,0.861538461538462,0.85,65,0,5
DTLZ5,20,13,72013,34,298,"S4_(0.75,1.00]",0.76,1,0.4,0.271428571428571,1,1,0.96,0.985714285714286,0.98,70,0,6
DTLZ5,20,14,72014,1,100,"S2_(0.25,0.50]",0.52,0.6,0.28,0.405405405405405,0.08,0.08,0.16,0.108108108108108,0.05,37,0,2
DTLZ5,20,14,72014,2,106,"S2_(0.25,0.50]",0.64,0.72,0.4,0.486486486486487,0.08,0.08,0.16,0.108108108108108,0.05,37,0,2
DTLZ5,20,14,72014,3,112,"S2_(0.25,0.50]",0.68,0.76,0.4,0.487179487179487,0.12,0.12,0.16,0.128205128205128,0.06,39,0,2
DTLZ5,20,14,72014,4,118,"S2_(0.25,0.50]",0.68,0.76,0.32,0.475,0.16,0.12,0.12,0.125,0.07,40,0,4
DTLZ5,20,14,72014,5,124,"S2_(0.25,0.50]",0.6,0.84,0.36,0.421052631578947,0.16,0.12,0.28,0.210526315789474,0.09,38,0,9
DTLZ5,20,14,72014,6,130,"S2_(0.25,0.50]",0.64,0.8,0.32,0.425,0.2,0.16,0.16,0.225,0.11,40,0,7
DTLZ5,20,14,72014,7,136,"S2_(0.25,0.50]",0.68,0.88,0.32,0.404761904761905,0.2,0.16,0.08,0.214285714285714,0.13,42,0,5
DTLZ5,20,14,72014,8,142,"S2_(0.25,0.50]",0.84,0.88,0.56,0.51219512195122,0.24,0.2,0.2,0.268292682926829,0.15,41,0,4
DTLZ5,20,14,72014,9,148,"S2_(0.25,0.50]",0.8,0.96,0.44,0.526315789473684,0.32,0.32,0.36,0.342105263157895,0.18,38,0,6
DTLZ5,20,14,72014,10,154,"S3_(0.50,0.75]",0.8,0.96,0.4,0.476190476190476,0.44,0.36,0.28,0.380952380952381,0.22,42,0,5
DTLZ5,20,14,72014,11,160,"S3_(0.50,0.75]",0.88,1,0.4,0.458333333333333,0.4,0.36,0.24,0.375,0.24,48,0,3
DTLZ5,20,14,72014,12,166,"S3_(0.50,0.75]",0.92,0.96,0.48,0.522727272727273,0.4,0.32,0.4,0.409090909090909,0.27,44,0,2
DTLZ5,20,14,72014,13,172,"S3_(0.50,0.75]",0.88,0.84,0.4,0.458333333333333,0.4,0.36,0.24,0.395833333333333,0.29,48,0,3
DTLZ5,20,14,72014,14,178,"S3_(0.50,0.75]",0.88,0.84,0.4,0.458333333333333,0.44,0.4,0.28,0.416666666666667,0.31,48,0,2
DTLZ5,20,14,72014,15,184,"S3_(0.50,0.75]",0.92,0.88,0.56,0.533333333333333,0.52,0.44,0.44,0.511111111111111,0.35,45,0,3
DTLZ5,20,14,72014,16,190,"S3_(0.50,0.75]",0.92,0.92,0.48,0.425925925925926,0.52,0.48,0.32,0.462962962962963,0.38,54,0,3
DTLZ5,20,14,72014,17,196,"S3_(0.50,0.75]",0.92,0.92,0.48,0.425925925925926,0.52,0.44,0.36,0.481481481481481,0.39,54,0,4
DTLZ5,20,14,72014,18,202,"S3_(0.50,0.75]",0.92,0.92,0.56,0.410714285714286,0.56,0.48,0.4,0.5,0.43,56,0,3
DTLZ5,20,14,72014,19,208,"S3_(0.50,0.75]",0.92,0.96,0.56,0.403508771929825,0.56,0.48,0.4,0.508771929824561,0.46,57,0,3
DTLZ5,20,14,72014,20,214,"S3_(0.50,0.75]",0.88,0.88,0.6,0.410714285714286,0.64,0.56,0.44,0.535714285714286,0.47,56,0,4
DTLZ5,20,14,72014,21,220,"S3_(0.50,0.75]",0.84,0.92,0.52,0.403846153846154,0.72,0.6,0.44,0.615384615384615,0.52,52,0,6
DTLZ5,20,14,72014,22,226,"S4_(0.75,1.00]",0.72,0.92,0.28,0.310344827586207,0.68,0.6,0.48,0.672413793103448,0.56,58,0,8
DTLZ5,20,14,72014,23,232,"S4_(0.75,1.00]",0.72,0.92,0.28,0.310344827586207,0.68,0.6,0.48,0.672413793103448,0.56,58,0,8
DTLZ5,20,14,72014,24,238,"S4_(0.75,1.00]",0.68,0.92,0.24,0.283333333333333,0.72,0.6,0.56,0.716666666666667,0.61,60,0,8
DTLZ5,20,14,72014,25,244,"S4_(0.75,1.00]",0.68,0.92,0.36,0.386363636363636,0.76,0.68,0.84,0.795454545454545,0.64,44,0,9
DTLZ5,20,14,72014,26,250,"S4_(0.75,1.00]",0.8,0.92,0.48,0.4,0.76,0.8,0.8,0.78,0.67,50,0,5
DTLZ5,20,14,72014,27,256,"S4_(0.75,1.00]",0.64,0.92,0.36,0.313725490196078,0.8,0.8,0.72,0.784313725490196,0.7,51,0,8
DTLZ5,20,14,72014,28,262,"S4_(0.75,1.00]",0.56,0.88,0.32,0.297872340425532,0.8,0.8,0.72,0.829787234042553,0.73,47,0,11
DTLZ5,20,14,72014,29,268,"S4_(0.75,1.00]",0.52,0.92,0.32,0.270833333333333,0.84,0.8,0.76,0.854166666666667,0.77,48,0,13
DTLZ5,20,14,72014,30,274,"S4_(0.75,1.00]",0.68,0.96,0.24,0.303571428571429,0.84,0.8,0.76,0.875,0.83,56,0,8
DTLZ5,20,14,72014,31,280,"S4_(0.75,1.00]",0.56,0.96,0.16,0.259259259259259,0.88,0.92,0.8,0.888888888888889,0.86,54,0,10
DTLZ5,20,14,72014,32,286,"S4_(0.75,1.00]",0.6,0.88,0.16,0.267857142857143,0.92,1,0.88,0.946428571428571,0.91,56,0,9
DTLZ5,20,14,72014,33,292,"S4_(0.75,1.00]",0.72,0.92,0.2,0.305084745762712,0.96,1,0.96,0.966101694915254,0.95,59,0,7
DTLZ5,20,14,72014,34,298,"S4_(0.75,1.00]",0.72,0.92,0.2,0.3,1,1,1,1,1,60,0,7
DTLZ5,20,15,72015,1,100,"S2_(0.25,0.50]",0.84,0.88,0.44,0.456521739130435,0.32,0.32,0.24,0.260869565217391,0.16,46,0,3
DTLZ5,20,15,72015,2,106,"S2_(0.25,0.50]",0.84,0.96,0.44,0.477272727272727,0.28,0.36,0.16,0.227272727272727,0.18,44,0,3
DTLZ5,20,15,72015,3,112,"S2_(0.25,0.50]",0.88,0.96,0.4,0.468085106382979,0.36,0.36,0.24,0.276595744680851,0.2,47,0,3
DTLZ5,20,15,72015,4,118,"S2_(0.25,0.50]",0.72,0.96,0.48,0.428571428571429,0.36,0.36,0.28,0.333333333333333,0.22,42,0,8
DTLZ5,20,15,72015,5,124,"S2_(0.25,0.50]",0.8,1,0.44,0.416666666666667,0.32,0.4,0.36,0.333333333333333,0.23,48,0,5
DTLZ5,20,15,72015,6,130,"S2_(0.25,0.50]",0.88,1,0.52,0.478260869565217,0.44,0.44,0.4,0.369565217391304,0.25,46,0,3
DTLZ5,20,15,72015,7,136,"S2_(0.25,0.50]",0.88,1,0.52,0.458333333333333,0.44,0.44,0.4,0.354166666666667,0.26,48,0,3
DTLZ5,20,15,72015,8,142,"S2_(0.25,0.50]",0.76,1,0.4,0.431818181818182,0.36,0.32,0.4,0.340909090909091,0.26,44,0,6
DTLZ5,20,15,72015,9,148,"S2_(0.25,0.50]",0.72,1,0.36,0.4,0.44,0.36,0.4,0.377777777777778,0.3,45,0,7
DTLZ5,20,15,72015,10,154,"S3_(0.50,0.75]",0.72,1,0.32,0.375,0.4,0.32,0.32,0.354166666666667,0.3,48,0,7
DTLZ5,20,15,72015,11,160,"S3_(0.50,0.75]",0.8,1,0.44,0.392156862745098,0.56,0.48,0.48,0.490196078431373,0.33,51,0,5
DTLZ5,20,15,72015,12,166,"S3_(0.50,0.75]",0.8,0.96,0.44,0.384615384615385,0.48,0.4,0.48,0.480769230769231,0.34,52,0,5
DTLZ5,20,15,72015,13,172,"S3_(0.50,0.75]",0.84,1,0.52,0.381818181818182,0.56,0.48,0.44,0.490909090909091,0.37,55,0,4
DTLZ5,20,15,72015,14,178,"S3_(0.50,0.75]",0.8,1,0.52,0.37037037037037,0.48,0.44,0.4,0.462962962962963,0.38,54,0,5
DTLZ5,20,15,72015,15,184,"S3_(0.50,0.75]",0.8,1,0.52,0.350877192982456,0.44,0.44,0.44,0.456140350877193,0.39,57,0,5
DTLZ5,20,15,72015,16,190,"S3_(0.50,0.75]",0.88,1,0.56,0.379310344827586,0.52,0.52,0.44,0.5,0.43,58,0,3
DTLZ5,20,15,72015,17,196,"S3_(0.50,0.75]",0.88,1,0.56,0.372881355932203,0.48,0.52,0.44,0.491525423728814,0.44,59,0,3
DTLZ5,20,15,72015,18,202,"S3_(0.50,0.75]",0.96,1,0.6,0.413793103448276,0.52,0.56,0.48,0.517241379310345,0.46,58,0,1
DTLZ5,20,15,72015,19,208,"S3_(0.50,0.75]",0.96,0.96,0.52,0.409836065573771,0.52,0.52,0.44,0.491803278688525,0.47,61,0,0
DTLZ5,20,15,72015,20,214,"S3_(0.50,0.75]",0.84,1,0.48,0.313432835820896,0.56,0.52,0.52,0.567164179104478,0.51,67,0,4
DTLZ5,20,15,72015,21,220,"S3_(0.50,0.75]",0.48,1,0.44,0.4,0.44,0.48,0.48,0.433333333333333,0.51,30,0,13
DTLZ5,20,15,72015,22,226,"S4_(0.75,1.00]",0.84,1,0.36,0.355932203389831,0.56,0.48,0.52,0.576271186440678,0.54,59,0,4
DTLZ5,20,15,72015,23,232,"S4_(0.75,1.00]",0.8,1,0.28,0.307692307692308,0.56,0.52,0.56,0.584615384615385,0.57,65,0,5
DTLZ5,20,15,72015,24,238,"S4_(0.75,1.00]",0.84,1,0.4,0.318181818181818,0.6,0.48,0.6,0.636363636363636,0.59,66,0,4
DTLZ5,20,15,72015,25,244,"S4_(0.75,1.00]",0.84,1,0.4,0.333333333333333,0.68,0.56,0.72,0.698412698412698,0.64,63,0,4
DTLZ5,20,15,72015,26,250,"S4_(0.75,1.00]",0.92,1,0.32,0.338235294117647,0.6,0.64,0.8,0.735294117647059,0.68,68,0,2
DTLZ5,20,15,72015,27,256,"S4_(0.75,1.00]",0.84,1,0.32,0.313432835820896,0.72,0.72,0.72,0.776119402985075,0.72,67,0,4
DTLZ5,20,15,72015,28,262,"S4_(0.75,1.00]",0.8,1,0.32,0.289855072463768,0.76,0.72,0.76,0.782608695652174,0.75,69,0,5
DTLZ5,20,15,72015,29,268,"S4_(0.75,1.00]",0.8,1,0.32,0.32258064516129,0.8,0.76,0.72,0.838709677419355,0.79,62,0,5
DTLZ5,20,15,72015,30,274,"S4_(0.75,1.00]",0.92,1,0.48,0.370967741935484,0.8,0.8,0.76,0.854838709677419,0.84,62,0,2
DTLZ5,20,15,72015,31,280,"S4_(0.75,1.00]",0.92,1,0.48,0.377049180327869,0.8,0.8,0.84,0.901639344262295,0.88,61,0,2
DTLZ5,20,15,72015,32,286,"S4_(0.75,1.00]",0.92,1,0.48,0.377049180327869,0.84,0.84,0.84,0.918032786885246,0.9,61,0,2
DTLZ5,20,15,72015,33,292,"S4_(0.75,1.00]",0.92,1,0.52,0.370967741935484,0.88,0.88,0.88,0.919354838709677,0.92,62,0,2
DTLZ5,20,15,72015,34,298,"S4_(0.75,1.00]",0.76,1,0.32,0.316666666666667,0.96,0.96,0.96,0.966666666666667,0.98,60,0,6
DTLZ5,20,16,72016,1,100,"S2_(0.25,0.50]",0.6,0.72,0.32,0.372093023255814,0.4,0.48,0.24,0.348837209302326,0.2,43,0,3
DTLZ5,20,16,72016,2,106,"S2_(0.25,0.50]",0.68,0.84,0.4,0.4,0.44,0.48,0.2,0.333333333333333,0.21,45,0,4
DTLZ5,20,16,72016,3,112,"S2_(0.25,0.50]",0.76,0.92,0.32,0.404255319148936,0.4,0.4,0.2,0.319148936170213,0.22,47,0,4
DTLZ5,20,16,72016,4,118,"S2_(0.25,0.50]",0.72,0.92,0.4,0.36734693877551,0.44,0.36,0.24,0.326530612244898,0.24,49,0,5
DTLZ5,20,16,72016,5,124,"S2_(0.25,0.50]",0.68,0.92,0.32,0.326923076923077,0.4,0.28,0.24,0.326923076923077,0.24,52,0,7
DTLZ5,20,16,72016,6,130,"S2_(0.25,0.50]",0.88,0.92,0.4,0.448979591836735,0.32,0.24,0.32,0.36734693877551,0.25,49,0,5
DTLZ5,20,16,72016,7,136,"S2_(0.25,0.50]",0.84,0.92,0.44,0.44,0.28,0.2,0.32,0.38,0.27,50,0,5
DTLZ5,20,16,72016,8,142,"S2_(0.25,0.50]",0.92,0.92,0.4,0.406779661016949,0.24,0.2,0.2,0.338983050847458,0.29,59,0,2
DTLZ5,20,16,72016,9,148,"S2_(0.25,0.50]",0.84,0.96,0.36,0.360655737704918,0.2,0.16,0.28,0.39344262295082,0.31,61,0,3
DTLZ5,20,16,72016,10,154,"S3_(0.50,0.75]",0.72,0.92,0.4,0.322033898305085,0.28,0.2,0.28,0.406779661016949,0.34,59,0,6
DTLZ5,20,16,72016,11,160,"S3_(0.50,0.75]",0.76,0.92,0.36,0.327868852459016,0.28,0.24,0.36,0.459016393442623,0.37,61,0,5
DTLZ5,20,16,72016,12,166,"S3_(0.50,0.75]",0.84,0.96,0.48,0.333333333333333,0.28,0.16,0.4,0.46031746031746,0.38,63,0,4
DTLZ5,20,16,72016,13,172,"S3_(0.50,0.75]",0.76,0.96,0.4,0.306451612903226,0.32,0.16,0.4,0.483870967741935,0.39,62,0,6
DTLZ5,20,16,72016,14,178,"S3_(0.50,0.75]",0.88,0.92,0.56,0.353846153846154,0.2,0.2,0.4,0.492307692307692,0.41,65,0,2
DTLZ5,20,16,72016,15,184,"S3_(0.50,0.75]",0.96,0.92,0.6,0.373134328358209,0.2,0.2,0.36,0.492537313432836,0.44,67,0,1
DTLZ5,20,16,72016,16,190,"S3_(0.50,0.75]",0.68,0.96,0.4,0.314814814814815,0.48,0.24,0.28,0.592592592592593,0.48,54,0,8
DTLZ5,20,16,72016,17,196,"S3_(0.50,0.75]",0.76,0.92,0.44,0.333333333333333,0.48,0.32,0.32,0.614035087719298,0.51,57,0,7
DTLZ5,20,16,72016,18,202,"S3_(0.50,0.75]",0.52,0.92,0.28,0.245283018867925,0.64,0.32,0.48,0.69811320754717,0.52,53,0,11
DTLZ5,20,16,72016,19,208,"S3_(0.50,0.75]",0.68,0.96,0.36,0.303571428571429,0.44,0.32,0.36,0.625,0.53,56,0,8
DTLZ5,20,16,72016,20,214,"S3_(0.50,0.75]",0.64,0.96,0.32,0.285714285714286,0.48,0.4,0.28,0.625,0.58,56,0,9
DTLZ5,20,16,72016,21,220,"S3_(0.50,0.75]",0.72,0.96,0.4,0.333333333333333,0.56,0.44,0.44,0.685185185185185,0.6,54,0,8
DTLZ5,20,16,72016,22,226,"S4_(0.75,1.00]",0.68,0.96,0.4,0.320754716981132,0.56,0.4,0.48,0.69811320754717,0.6,53,0,8
DTLZ5,20,16,72016,23,232,"S4_(0.75,1.00]",0.68,0.96,0.36,0.309090909090909,0.52,0.44,0.44,0.690909090909091,0.63,55,0,8
DTLZ5,20,16,72016,24,238,"S4_(0.75,1.00]",0.72,0.96,0.4,0.333333333333333,0.56,0.52,0.52,0.722222222222222,0.69,54,0,8
DTLZ5,20,16,72016,25,244,"S4_(0.75,1.00]",0.64,0.96,0.32,0.30188679245283,0.68,0.56,0.6,0.754716981132076,0.71,53,0,8
DTLZ5,20,16,72016,26,250,"S4_(0.75,1.00]",0.64,0.96,0.32,0.285714285714286,0.68,0.6,0.6,0.767857142857143,0.74,56,0,8
DTLZ5,20,16,72016,27,256,"S4_(0.75,1.00]",0.68,1,0.36,0.320754716981132,0.72,0.68,0.76,0.830188679245283,0.78,53,0,8
DTLZ5,20,16,72016,28,262,"S4_(0.75,1.00]",0.72,1,0.44,0.285714285714286,0.72,0.76,0.72,0.841269841269841,0.82,63,0,7
DTLZ5,20,16,72016,29,268,"S4_(0.75,1.00]",0.76,1,0.48,0.311475409836066,0.72,0.72,0.8,0.885245901639344,0.83,61,0,6
DTLZ5,20,16,72016,30,274,"S4_(0.75,1.00]",0.76,0.96,0.4,0.322033898305085,0.76,0.76,0.8,0.898305084745763,0.87,59,0,6
DTLZ5,20,16,72016,31,280,"S4_(0.75,1.00]",0.72,1,0.4,0.310344827586207,0.84,0.8,0.84,0.931034482758621,0.9,58,0,7
DTLZ5,20,16,72016,32,286,"S4_(0.75,1.00]",0.76,0.96,0.4,0.322033898305085,0.88,0.84,0.88,0.949152542372881,0.93,59,0,6
DTLZ5,20,16,72016,33,292,"S4_(0.75,1.00]",0.72,0.96,0.36,0.310344827586207,0.92,0.88,0.92,0.96551724137931,0.94,58,0,7
DTLZ5,20,16,72016,34,298,"S4_(0.75,1.00]",0.72,1,0.28,0.285714285714286,0.92,0.92,0.92,0.968253968253968,0.97,63,0,7
DTLZ5,20,17,72017,1,100,"S2_(0.25,0.50]",0.68,0.92,0.4,0.395348837209302,0.28,0.24,0.28,0.302325581395349,0.17,43,0,8
DTLZ5,20,17,72017,2,106,"S2_(0.25,0.50]",0.64,0.96,0.44,0.4,0.32,0.24,0.36,0.275,0.17,40,0,8
DTLZ5,20,17,72017,3,112,"S2_(0.25,0.50]",0.76,0.96,0.56,0.422222222222222,0.24,0.24,0.24,0.266666666666667,0.18,45,0,6
DTLZ5,20,17,72017,4,118,"S2_(0.25,0.50]",0.76,0.84,0.48,0.38,0.32,0.28,0.28,0.36,0.2,50,0,4
DTLZ5,20,17,72017,5,124,"S2_(0.25,0.50]",0.76,0.84,0.32,0.339285714285714,0.28,0.28,0.2,0.321428571428571,0.21,56,0,3
DTLZ5,20,17,72017,6,130,"S2_(0.25,0.50]",0.8,0.84,0.4,0.384615384615385,0.32,0.28,0.16,0.326923076923077,0.24,52,0,2
DTLZ5,20,17,72017,7,136,"S2_(0.25,0.50]",0.76,0.88,0.28,0.339285714285714,0.36,0.28,0.24,0.357142857142857,0.26,56,0,4
DTLZ5,20,17,72017,8,142,"S2_(0.25,0.50]",0.84,0.88,0.32,0.344262295081967,0.36,0.36,0.36,0.327868852459016,0.29,61,0,1
DTLZ5,20,17,72017,9,148,"S2_(0.25,0.50]",0.92,0.92,0.36,0.380952380952381,0.4,0.36,0.44,0.333333333333333,0.31,63,0,1
DTLZ5,20,17,72017,10,154,"S3_(0.50,0.75]",0.88,0.88,0.36,0.370967741935484,0.44,0.4,0.4,0.354838709677419,0.33,62,0,2
DTLZ5,20,17,72017,11,160,"S3_(0.50,0.75]",0.84,1,0.4,0.411764705882353,0.4,0.36,0.28,0.333333333333333,0.33,51,0,4
DTLZ5,20,17,72017,12,166,"S3_(0.50,0.75]",0.88,1,0.32,0.34375,0.44,0.36,0.48,0.359375,0.34,64,0,3
DTLZ5,20,17,72017,13,172,"S3_(0.50,0.75]",0.84,0.96,0.32,0.349206349206349,0.48,0.44,0.4,0.365079365079365,0.35,63,0,3
DTLZ5,20,17,72017,14,178,"S3_(0.50,0.75]",0.88,1,0.32,0.366666666666667,0.48,0.44,0.48,0.4,0.36,60,0,3
DTLZ5,20,17,72017,15,184,"S3_(0.50,0.75]",0.84,1,0.36,0.368421052631579,0.56,0.48,0.52,0.43859649122807,0.37,57,0,4
DTLZ5,20,17,72017,16,190,"S3_(0.50,0.75]",0.76,1,0.32,0.345454545454545,0.52,0.48,0.52,0.418181818181818,0.38,55,0,6
DTLZ5,20,17,72017,17,196,"S3_(0.50,0.75]",0.72,1,0.28,0.352941176470588,0.52,0.48,0.48,0.450980392156863,0.4,51,0,7
DTLZ5,20,17,72017,18,202,"S3_(0.50,0.75]",0.92,1,0.4,0.418181818181818,0.52,0.52,0.48,0.436363636363636,0.41,55,0,2
DTLZ5,20,17,72017,19,208,"S3_(0.50,0.75]",0.96,1,0.4,0.380952380952381,0.6,0.6,0.52,0.476190476190476,0.44,63,0,1
DTLZ5,20,17,72017,20,214,"S3_(0.50,0.75]",1,1,0.36,0.390625,0.56,0.56,0.48,0.515625,0.47,64,0,0
DTLZ5,20,17,72017,21,220,"S3_(0.50,0.75]",0.96,1,0.4,0.369230769230769,0.64,0.64,0.56,0.584615384615385,0.52,65,0,1
DTLZ5,20,17,72017,22,226,"S4_(0.75,1.00]",0.96,1,0.44,0.352941176470588,0.68,0.68,0.52,0.617647058823529,0.54,68,0,1
DTLZ5,20,17,72017,23,232,"S4_(0.75,1.00]",0.96,1,0.36,0.363636363636364,0.68,0.68,0.6,0.651515151515151,0.59,66,0,1
DTLZ5,20,17,72017,24,238,"S4_(0.75,1.00]",0.96,1,0.32,0.358208955223881,0.72,0.72,0.6,0.671641791044776,0.62,67,0,1
DTLZ5,20,17,72017,25,244,"S4_(0.75,1.00]",0.96,1,0.28,0.352941176470588,0.8,0.8,0.68,0.735294117647059,0.67,68,0,1
DTLZ5,20,17,72017,26,250,"S4_(0.75,1.00]",0.88,1,0.2,0.328358208955224,0.8,0.84,0.6,0.746268656716418,0.71,67,0,3
DTLZ5,20,17,72017,27,256,"S4_(0.75,1.00]",0.88,1,0.16,0.328358208955224,0.8,0.84,0.76,0.82089552238806,0.76,67,0,3
DTLZ5,20,17,72017,28,262,"S4_(0.75,1.00]",0.88,1,0.2,0.323529411764706,0.84,0.88,0.8,0.823529411764706,0.81,68,0,3
DTLZ5,20,17,72017,29,268,"S4_(0.75,1.00]",0.44,1,0.36,0.354838709677419,0.8,0.92,0.8,0.806451612903226,0.86,31,0,14
DTLZ5,20,17,72017,30,274,"S4_(0.75,1.00]",0.44,1,0.4,0.366666666666667,0.88,0.96,0.88,0.866666666666667,0.89,30,0,14
DTLZ5,20,17,72017,31,280,"S4_(0.75,1.00]",0.64,1,0.2,0.262295081967213,0.92,0.96,0.96,0.934426229508197,0.93,61,0,9
DTLZ5,20,17,72017,32,286,"S4_(0.75,1.00]",0.52,1,0.48,0.433333333333333,1,0.96,1,1,0.96,30,0,12
DTLZ5,20,17,72017,33,292,"S4_(0.75,1.00]",0.88,1,0.4,0.318840579710145,0.96,0.96,1,0.971014492753623,0.96,69,0,3
DTLZ5,20,17,72017,34,298,"S4_(0.75,1.00]",0.56,1,0.48,0.466666666666667,1,1,1,1,0.98,30,0,11
DTLZ5,20,18,72018,1,100,"S2_(0.25,0.50]",0.76,0.88,0.32,0.434782608695652,0.24,0.16,0.28,0.239130434782609,0.12,46,0,5
DTLZ5,20,18,72018,2,106,"S2_(0.25,0.50]",0.8,0.88,0.36,0.4375,0.24,0.24,0.24,0.25,0.14,48,0,2
DTLZ5,20,18,72018,3,112,"S2_(0.25,0.50]",0.8,0.88,0.44,0.444444444444444,0.24,0.24,0.24,0.244444444444444,0.14,45,0,2
DTLZ5,20,18,72018,4,118,"S2_(0.25,0.50]",0.8,0.84,0.4,0.434782608695652,0.28,0.28,0.24,0.260869565217391,0.15,46,0,4
DTLZ5,20,18,72018,5,124,"S2_(0.25,0.50]",0.76,0.92,0.32,0.387755102040816,0.2,0.28,0.2,0.224489795918367,0.17,49,0,5
DTLZ5,20,18,72018,6,130,"S2_(0.25,0.50]",0.76,0.96,0.4,0.41304347826087,0.2,0.28,0.2,0.239130434782609,0.17,46,0,5
DTLZ5,20,18,72018,7,136,"S2_(0.25,0.50]",0.76,0.88,0.36,0.38,0.28,0.36,0.24,0.28,0.19,50,0,5
DTLZ5,20,18,72018,8,142,"S2_(0.25,0.50]",0.84,0.96,0.36,0.368421052631579,0.32,0.32,0.2,0.263157894736842,0.21,57,0,3
DTLZ5,20,18,72018,9,148,"S2_(0.25,0.50]",0.84,0.96,0.36,0.388888888888889,0.36,0.36,0.2,0.296296296296296,0.23,54,0,3
DTLZ5,20,18,72018,10,154,"S3_(0.50,0.75]",0.8,0.96,0.32,0.377358490566038,0.36,0.32,0.24,0.320754716981132,0.25,53,0,4
DTLZ5,20,18,72018,11,160,"S3_(0.50,0.75]",0.76,0.92,0.28,0.404255319148936,0.4,0.36,0.32,0.361702127659574,0.28,47,0,5
DTLZ5,20,18,72018,12,166,"S3_(0.50,0.75]",0.84,0.92,0.4,0.368421052631579,0.32,0.36,0.56,0.456140350877193,0.32,57,0,2
DTLZ5,20,18,72018,13,172,"S3_(0.50,0.75]",0.72,0.92,0.32,0.352941176470588,0.32,0.36,0.48,0.431372549019608,0.33,51,0,5
DTLZ5,20,18,72018,14,178,"S3_(0.50,0.75]",0.76,0.92,0.28,0.339285714285714,0.28,0.32,0.36,0.392857142857143,0.34,56,0,4
DTLZ5,20,18,72018,15,184,"S3_(0.50,0.75]",0.76,0.92,0.28,0.327586206896552,0.28,0.36,0.36,0.396551724137931,0.36,58,0,5
DTLZ5,20,18,72018,16,190,"S3_(0.50,0.75]",0.8,1,0.24,0.32258064516129,0.28,0.36,0.4,0.387096774193548,0.38,62,0,5
DTLZ5,20,18,72018,17,196,"S3_(0.50,0.75]",0.88,1,0.52,0.4,0.32,0.32,0.32,0.4,0.4,55,0,3
DTLZ5,20,18,72018,18,202,"S3_(0.50,0.75]",0.84,0.96,0.48,0.385964912280702,0.32,0.28,0.32,0.43859649122807,0.41,57,0,3
DTLZ5,20,18,72018,19,208,"S3_(0.50,0.75]",0.8,1,0.48,0.363636363636364,0.4,0.32,0.36,0.509090909090909,0.46,55,0,5
DTLZ5,20,18,72018,20,214,"S3_(0.50,0.75]",0.8,1,0.36,0.333333333333333,0.44,0.36,0.32,0.5,0.48,60,0,5
DTLZ5,20,18,72018,21,220,"S3_(0.50,0.75]",0.8,1,0.36,0.327868852459016,0.36,0.36,0.32,0.459016393442623,0.5,61,0,5
DTLZ5,20,18,72018,22,226,"S4_(0.75,1.00]",0.64,1,0.28,0.313725490196078,0.36,0.32,0.48,0.490196078431373,0.52,51,0,9
DTLZ5,20,18,72018,23,232,"S4_(0.75,1.00]",0.76,1,0.44,0.333333333333333,0.48,0.44,0.56,0.526315789473684,0.56,57,0,6
DTLZ5,20,18,72018,24,238,"S4_(0.75,1.00]",0.8,1,0.4,0.363636363636364,0.56,0.52,0.56,0.563636363636364,0.57,55,0,5
DTLZ5,20,18,72018,25,244,"S4_(0.75,1.00]",0.8,1,0.36,0.363636363636364,0.52,0.52,0.52,0.581818181818182,0.59,55,0,5
DTLZ5,20,18,72018,26,250,"S4_(0.75,1.00]",0.76,1,0.32,0.345454545454545,0.48,0.48,0.52,0.563636363636364,0.58,55,0,6
DTLZ5,20,18,72018,27,256,"S4_(0.75,1.00]",0.68,1,0.32,0.326923076923077,0.64,0.52,0.6,0.653846153846154,0.61,52,0,8
DTLZ5,20,18,72018,28,262,"S4_(0.75,1.00]",0.76,1,0.4,0.358490566037736,0.72,0.56,0.64,0.735849056603774,0.67,53,0,6
DTLZ5,20,18,72018,29,268,"S4_(0.75,1.00]",0.76,1,0.36,0.38,0.72,0.72,0.64,0.72,0.72,50,0,6
DTLZ5,20,18,72018,30,274,"S4_(0.75,1.00]",0.92,1,0.44,0.450980392156863,0.68,0.76,0.56,0.725490196078431,0.75,51,0,2
DTLZ5,20,18,72018,31,280,"S4_(0.75,1.00]",0.84,1,0.4,0.403846153846154,0.8,0.8,0.68,0.807692307692308,0.8,52,0,4
DTLZ5,20,18,72018,32,286,"S4_(0.75,1.00]",0.76,1,0.4,0.358490566037736,0.88,0.84,0.8,0.886792452830189,0.85,53,0,6
DTLZ5,20,18,72018,33,292,"S4_(0.75,1.00]",0.8,1,0.4,0.4,0.96,0.88,0.96,0.98,0.94,50,0,5
DTLZ5,20,18,72018,34,298,"S4_(0.75,1.00]",0.84,1,0.44,0.403846153846154,1,1,1,1,0.99,52,0,4
DTLZ5,20,19,72019,1,100,"S2_(0.25,0.50]",0.88,0.92,0.52,0.407407407407407,0.28,0.24,0.24,0.222222222222222,0.15,54,0,4
DTLZ5,20,19,72019,2,106,"S2_(0.25,0.50]",0.8,1,0.52,0.37037037037037,0.24,0.2,0.16,0.203703703703704,0.15,54,0,5
DTLZ5,20,19,72019,3,112,"S2_(0.25,0.50]",0.68,0.92,0.36,0.346938775510204,0.2,0.2,0.2,0.204081632653061,0.16,49,0,7
DTLZ5,20,19,72019,4,118,"S2_(0.25,0.50]",0.72,0.96,0.32,0.327272727272727,0.32,0.24,0.28,0.254545454545455,0.17,55,0,8
DTLZ5,20,19,72019,5,124,"S2_(0.25,0.50]",0.76,0.96,0.4,0.339285714285714,0.32,0.24,0.32,0.285714285714286,0.19,56,0,7
DTLZ5,20,19,72019,6,130,"S2_(0.25,0.50]",0.76,0.96,0.44,0.339285714285714,0.32,0.28,0.24,0.267857142857143,0.21,56,0,5
DTLZ5,20,19,72019,7,136,"S2_(0.25,0.50]",0.76,1,0.44,0.358490566037736,0.36,0.32,0.28,0.320754716981132,0.23,53,0,6
DTLZ5,20,19,72019,8,142,"S2_(0.25,0.50]",0.92,0.92,0.48,0.433962264150943,0.32,0.36,0.4,0.358490566037736,0.25,53,0,3
DTLZ5,20,19,72019,9,148,"S2_(0.25,0.50]",0.88,0.88,0.44,0.415094339622642,0.32,0.36,0.36,0.377358490566038,0.27,53,0,3
DTLZ5,20,19,72019,10,154,"S3_(0.50,0.75]",0.88,0.92,0.44,0.403508771929825,0.48,0.52,0.36,0.43859649122807,0.31,57,0,2
DTLZ5,20,19,72019,11,160,"S3_(0.50,0.75]",0.88,0.92,0.48,0.389830508474576,0.48,0.44,0.36,0.440677966101695,0.32,59,0,2
DTLZ5,20,19,72019,12,166,"S3_(0.50,0.75]",0.88,0.96,0.4,0.366666666666667,0.44,0.4,0.36,0.433333333333333,0.32,60,0,3
DTLZ5,20,19,72019,13,172,"S3_(0.50,0.75]",0.88,0.88,0.44,0.360655737704918,0.44,0.4,0.4,0.459016393442623,0.34,61,0,5
DTLZ5,20,19,72019,14,178,"S3_(0.50,0.75]",0.88,0.88,0.44,0.366666666666667,0.44,0.4,0.4,0.45,0.33,60,0,5
DTLZ5,20,19,72019,15,184,"S3_(0.50,0.75]",0.76,0.92,0.48,0.345454545454545,0.48,0.32,0.44,0.527272727272727,0.36,55,0,8
DTLZ5,20,19,72019,16,190,"S3_(0.50,0.75]",0.68,0.96,0.4,0.298245614035088,0.44,0.28,0.44,0.526315789473684,0.38,57,0,8
DTLZ5,20,19,72019,17,196,"S3_(0.50,0.75]",0.72,0.88,0.56,0.352941176470588,0.48,0.36,0.4,0.529411764705882,0.4,51,0,8
DTLZ5,20,19,72019,18,202,"S3_(0.50,0.75]",0.64,0.92,0.56,0.32,0.52,0.36,0.48,0.56,0.45,50,0,9
DTLZ5,20,19,72019,19,208,"S3_(0.50,0.75]",0.6,0.88,0.4,0.3,0.48,0.32,0.44,0.6,0.48,50,0,10
DTLZ5,20,19,72019,20,214,"S3_(0.50,0.75]",0.64,0.84,0.44,0.313725490196078,0.44,0.28,0.4,0.588235294117647,0.49,51,0,10
DTLZ5,20,19,72019,21,220,"S3_(0.50,0.75]",0.52,0.84,0.32,0.26,0.56,0.36,0.52,0.66,0.53,50,0,13
DTLZ5,20,19,72019,22,226,"S4_(0.75,1.00]",0.64,0.84,0.36,0.285714285714286,0.64,0.52,0.52,0.678571428571429,0.57,56,0,7
DTLZ5,20,19,72019,23,232,"S4_(0.75,1.00]",0.72,0.84,0.44,0.283582089552239,0.52,0.56,0.36,0.641791044776119,0.59,67,0,4
DTLZ5,20,19,72019,24,238,"S4_(0.75,1.00]",0.76,0.84,0.52,0.285714285714286,0.48,0.52,0.48,0.671428571428571,0.61,70,0,3
DTLZ5,20,19,72019,25,244,"S4_(0.75,1.00]",0.52,0.84,0.48,0.433333333333333,0.6,0.56,0.6,0.666666666666667,0.67,30,0,9
DTLZ5,20,19,72019,26,250,"S4_(0.75,1.00]",0.84,0.88,0.56,0.308823529411765,0.64,0.6,0.68,0.75,0.72,68,0,2
DTLZ5,20,19,72019,27,256,"S4_(0.75,1.00]",0.84,0.88,0.56,0.304347826086957,0.68,0.64,0.68,0.753623188405797,0.74,69,0,2
DTLZ5,20,19,72019,28,262,"S4_(0.75,1.00]",0.84,0.84,0.56,0.318840579710145,0.68,0.72,0.68,0.797101449275362,0.78,69,0,1
DTLZ5,20,19,72019,29,268,"S4_(0.75,1.00]",0.88,0.88,0.52,0.314285714285714,0.8,0.8,0.84,0.828571428571429,0.81,70,0,1
DTLZ5,20,19,72019,30,274,"S4_(0.75,1.00]",0.6,0.8,0.56,0.428571428571429,0.8,0.84,0.8,0.828571428571429,0.85,35,0,5
DTLZ5,20,19,72019,31,280,"S4_(0.75,1.00]",0.76,0.8,0.48,0.3,0.84,0.84,0.84,0.885714285714286,0.88,70,0,1
DTLZ5,20,19,72019,32,286,"S4_(0.75,1.00]",0.8,0.84,0.52,0.323076923076923,0.92,0.92,0.88,0.953846153846154,0.93,65,0,2
DTLZ5,20,19,72019,33,292,"S4_(0.75,1.00]",0.8,0.84,0.52,0.323076923076923,1,1,1,1,0.96,65,0,2
DTLZ5,20,19,72019,34,298,"S4_(0.75,1.00]",0.76,0.84,0.52,0.303030303030303,1,1,1,1,0.99,66,0,2
DTLZ5,20,20,72020,1,100,"S2_(0.25,0.50]",0.72,0.84,0.44,0.408163265306122,0.16,0.16,0.16,0.183673469387755,0.1,49,0,3
DTLZ5,20,20,72020,2,106,"S2_(0.25,0.50]",0.72,0.84,0.48,0.392156862745098,0.12,0.12,0.12,0.156862745098039,0.1,51,0,4
DTLZ5,20,20,72020,3,112,"S2_(0.25,0.50]",0.72,0.84,0.48,0.327868852459016,0.2,0.2,0.16,0.180327868852459,0.13,61,0,3
DTLZ5,20,20,72020,4,118,"S2_(0.25,0.50]",0.8,0.88,0.44,0.318181818181818,0.2,0.16,0.08,0.166666666666667,0.13,66,0,3
DTLZ5,20,20,72020,5,124,"S2_(0.25,0.50]",0.72,0.88,0.4,0.287878787878788,0.2,0.16,0.16,0.196969696969697,0.15,66,0,4
DTLZ5,20,20,72020,6,130,"S2_(0.25,0.50]",0.76,0.92,0.28,0.3125,0.24,0.2,0.12,0.21875,0.16,64,0,5
DTLZ5,20,20,72020,7,136,"S2_(0.25,0.50]",0.84,0.92,0.44,0.338461538461538,0.2,0.2,0.16,0.215384615384615,0.16,65,0,3
DTLZ5,20,20,72020,8,142,"S2_(0.25,0.50]",0.92,0.92,0.44,0.338235294117647,0.2,0.2,0.2,0.220588235294118,0.17,68,0,1
DTLZ5,20,20,72020,9,148,"S2_(0.25,0.50]",0.92,0.92,0.44,0.328571428571429,0.24,0.28,0.2,0.228571428571429,0.21,70,0,1
DTLZ5,20,20,72020,10,154,"S3_(0.50,0.75]",0.76,0.88,0.4,0.322033898305085,0.28,0.36,0.24,0.271186440677966,0.24,59,0,5
DTLZ5,20,20,72020,11,160,"S3_(0.50,0.75]",0.84,0.96,0.52,0.366666666666667,0.28,0.32,0.24,0.266666666666667,0.24,60,0,3
DTLZ5,20,20,72020,12,166,"S3_(0.50,0.75]",0.8,0.88,0.44,0.338983050847458,0.32,0.32,0.24,0.288135593220339,0.28,59,0,4
DTLZ5,20,20,72020,13,172,"S3_(0.50,0.75]",0.8,0.96,0.44,0.368421052631579,0.36,0.36,0.28,0.333333333333333,0.3,57,0,4
DTLZ5,20,20,72020,14,178,"S3_(0.50,0.75]",0.76,0.92,0.48,0.4,0.4,0.4,0.28,0.34,0.32,50,0,4
DTLZ5,20,20,72020,15,184,"S3_(0.50,0.75]",0.84,1,0.56,0.428571428571429,0.4,0.44,0.32,0.36734693877551,0.37,49,0,4
DTLZ5,20,20,72020,16,190,"S3_(0.50,0.75]",0.84,1,0.52,0.403846153846154,0.4,0.44,0.28,0.346153846153846,0.37,52,0,4
DTLZ5,20,20,72020,17,196,"S3_(0.50,0.75]",0.8,0.96,0.48,0.37037037037037,0.44,0.44,0.32,0.37037037037037,0.38,54,0,5
DTLZ5,20,20,72020,18,202,"S3_(0.50,0.75]",0.72,0.96,0.4,0.310344827586207,0.48,0.44,0.52,0.431034482758621,0.39,58,0,8
DTLZ5,20,20,72020,19,208,"S3_(0.50,0.75]",0.76,0.92,0.4,0.311475409836066,0.44,0.44,0.56,0.426229508196721,0.39,61,0,8
DTLZ5,20,20,72020,20,214,"S3_(0.50,0.75]",0.72,0.92,0.4,0.28125,0.56,0.52,0.6,0.5,0.44,64,0,8
DTLZ5,20,20,72020,21,220,"S3_(0.50,0.75]",0.68,0.92,0.32,0.274193548387097,0.56,0.56,0.68,0.5,0.47,62,0,10
DTLZ5,20,20,72020,22,226,"S4_(0.75,1.00]",0.64,0.92,0.28,0.258064516129032,0.6,0.6,0.72,0.516129032258065,0.49,62,0,11
DTLZ5,20,20,72020,23,232,"S4_(0.75,1.00]",0.56,0.92,0.28,0.245614035087719,0.68,0.64,0.72,0.596491228070175,0.52,57,0,12
DTLZ5,20,20,72020,24,238,"S4_(0.75,1.00]",0.72,0.88,0.36,0.310344827586207,0.68,0.72,0.76,0.603448275862069,0.54,58,0,9
DTLZ5,20,20,72020,25,244,"S4_(0.75,1.00]",0.52,0.92,0.24,0.228070175438596,0.72,0.72,0.72,0.631578947368421,0.57,57,0,13
DTLZ5,20,20,72020,26,250,"S4_(0.75,1.00]",0.76,0.92,0.4,0.316666666666667,0.72,0.76,0.76,0.633333333333333,0.61,60,0,8
DTLZ5,20,20,72020,27,256,"S4_(0.75,1.00]",0.72,0.92,0.4,0.3,0.72,0.72,0.8,0.65,0.61,60,0,9
DTLZ5,20,20,72020,28,262,"S4_(0.75,1.00]",0.88,1,0.32,0.34375,0.72,0.76,0.8,0.75,0.68,64,0,3
DTLZ5,20,20,72020,29,268,"S4_(0.75,1.00]",0.88,1,0.32,0.338461538461538,0.76,0.8,0.84,0.769230769230769,0.7,65,0,3
DTLZ5,20,20,72020,30,274,"S4_(0.75,1.00]",0.84,1,0.28,0.323076923076923,0.84,0.84,0.8,0.784615384615385,0.71,65,0,4
DTLZ5,20,20,72020,31,280,"S4_(0.75,1.00]",0.44,1,0.32,0.333333333333333,0.84,0.92,0.72,0.757575757575758,0.76,33,0,14
DTLZ5,20,20,72020,32,286,"S4_(0.75,1.00]",0.84,1,0.24,0.338709677419355,1,0.96,0.96,0.935483870967742,0.89,62,0,4
DTLZ5,20,20,72020,33,292,"S4_(0.75,1.00]",0.84,1,0.24,0.318181818181818,1,0.96,1,0.954545454545455,0.93,66,0,4
DTLZ5,20,20,72020,34,298,"S4_(0.75,1.00]",0.8,1,0.24,0.298507462686567,1,1,0.96,0.985074626865672,0.98,67,0,5
