This is pdfTeX, Version 3.141592653-2.6-1.40.28 (MiKTeX 25.12) (preloaded format=pdflatex 2026.9.1)  24 SEP 2026 10:26
entering extended mode
 restricted \write18 enabled.
 %&-line parsing enabled.
**./HPDC-MaOEA.tex
(HPDC-MaOEA.tex
LaTeX2e <2025-11-01>
L3 programming layer <2025-12-24>

(C:\Users\lsx\AppData\Local\Programs\MiKTeX\tex/latex/elsarticle\elsarticle.cls
Document Class: elsarticle 2026/01/09, 3.5: Elsevier Ltd
(C:\Users\lsx\AppData\Local\Programs\MiKTeX\tex/latex/base\fontenc.sty
Package: fontenc 2025/07/18 v2.1d Standard LaTeX package
)
(C:\Users\lsx\AppData\Local\Programs\MiKTeX\tex/latex/l3kernel\expl3.sty
Package: expl3 2025-12-24 L3 programming layer (loader) 

(C:\Users\lsx\AppData\Local\Programs\MiKTeX\tex/latex/l3backend\l3backend-pdfte
x.def
File: l3backend-pdftex.def 2025-10-09 L3 backend support: PDF output (pdfTeX)
\l__color_backend_stack_int=\count275
))
(C:\Users\lsx\AppData\Local\Programs\MiKTeX\tex/latex/l3packages/xparse\xparse.
sty
Package: xparse 2025-10-09 L3 Experimental document command parser
)
(C:\Users\lsx\AppData\Local\Programs\MiKTeX\tex/latex/etoolbox\etoolbox.sty
Package: etoolbox 2025/10/02 v2.5m e-TeX tools for LaTeX (JAW)
\etb@tempcnta=\count276
)
\@bls=\dimen148

(C:\Users\lsx\AppData\Local\Programs\MiKTeX\tex/latex/base\article.cls
Document Class: article 2025/01/22 v1.4n Standard LaTeX document class
(C:\Users\lsx\AppData\Local\Programs\MiKTeX\tex/latex/base\size10.clo
File: size10.clo 2025/01/22 v1.4n Standard LaTeX file (size option)
)
\c@part=\count277
\c@section=\count278
\c@subsection=\count279
\c@subsubsection=\count280
\c@paragraph=\count281
\c@subparagraph=\count282
\c@figure=\count283
\c@table=\count284
\abovecaptionskip=\skip49
\belowcaptionskip=\skip50
\bibindent=\dimen149
)
(C:\Users\lsx\AppData\Local\Programs\MiKTeX\tex/latex/graphics\graphicx.sty
Package: graphicx 2024/12/31 v1.2e Enhanced LaTeX Graphics (DPC,SPQR)

(C:\Users\lsx\AppData\Local\Programs\MiKTeX\tex/latex/graphics\keyval.sty
Package: keyval 2022/05/29 v1.15 key=value parser (DPC)
\KV@toks@=\toks17
)
(C:\Users\lsx\AppData\Local\Programs\MiKTeX\tex/latex/graphics\graphics.sty
Package: graphics 2024/08/06 v1.4g Standard LaTeX Graphics (DPC,SPQR)

(C:\Users\lsx\AppData\Local\Programs\MiKTeX\tex/latex/graphics\trig.sty
Package: trig 2023/12/02 v1.11 sin cos tan (DPC)
)
(C:\Users\lsx\AppData\Local\Programs\MiKTeX\tex/latex/graphics-cfg\graphics.cfg
File: graphics.cfg 2016/06/04 v1.11 sample graphics configuration
)
Package graphics Info: Driver file: pdftex.def on input line 106.
 (C:\Users\lsx\AppData\Local\Programs\MiKTeX\tex/latex/graphics-def\pdftex.def
File: pdftex.def 2025/09/29 v1.2d Graphics/color driver for pdftex
))
\Gin@req@height=\dimen150
\Gin@req@width=\dimen151
)
\c@tnote=\count285
\c@fnote=\count286
\c@cnote=\count287
\c@ead=\count288
\c@elsarticle@author=\count289
\@eadauthor=\toks18
\c@affn=\count290
\absbox=\box53
\elsarticlehighlightsbox=\box54
\elsarticlegrabsbox=\box55
\keybox=\box56
\Columnwidth=\dimen152
\space@left=\dimen153
\els@boxa=\box57
\els@boxb=\box58
\leftMargin=\dimen154
\@enLab=\toks19
\@sep=\skip51
\@@sep=\skip52
 (HPDC-MaOEA.spl)
(C:\Users\lsx\AppData\Local\Programs\MiKTeX\tex/latex/natbib\natbib.sty
Package: natbib 2010/09/13 8.31b (PWD, AO)
\bibhang=\skip53
\bibsep=\skip54
LaTeX Info: Redefining \cite on input line 694.
\c@NAT@ctr=\count291
)
\splwrite=\write3
\openout3 = `HPDC-MaOEA.spl'.


(C:\Users\lsx\AppData\Local\Programs\MiKTeX\tex/latex/geometry\geometry.sty
Package: geometry 2026/03/07 v6.0 Page Geometry

(C:\Users\lsx\AppData\Local\Programs\MiKTeX\tex/generic/iftex\ifvtex.sty
Package: ifvtex 2019/10/25 v1.7 ifvtex legacy package. Use iftex instead.

(C:\Users\lsx\AppData\Local\Programs\MiKTeX\tex/generic/iftex\iftex.sty
Package: iftex 2024/12/12 v1.0g TeX engine tests
))
\Gm@cnth=\count292
\Gm@cntv=\count293
\c@Gm@tempcnt=\count294
\Gm@bindingoffset=\dimen155
\Gm@wd@mp=\dimen156
\Gm@odd@mp=\dimen157
\Gm@even@mp=\dimen158
\Gm@layoutwidth=\dimen159
\Gm@layoutheight=\dimen160
\Gm@layouthoffset=\dimen161
\Gm@layoutvoffset=\dimen162
\Gm@dimlist=\toks20

(C:\Users\lsx\AppData\Local\Programs\MiKTeX\tex/latex/geometry\geometry.cfg))
(C:\Users\lsx\AppData\Local\Programs\MiKTeX\tex/latex/base\fleqn.clo
File: fleqn.clo 2016/12/29 v1.2b Standard LaTeX option (flush left equations)
\mathindent=\skip55
Applying: [2015/01/01] Make \[ robust on input line 50.
LaTeX Info: Redefining \[ on input line 51.
Already applied: [0000/00/00] Make \[ robust on input line 62.
Applying: [2015/01/01] Make \] robust on input line 74.
LaTeX Info: Redefining \] on input line 75.
Already applied: [0000/00/00] Make \] robust on input line 83.
)
\appnamewidth=\dimen163
)
(C:\Users\lsx\AppData\Local\Programs\MiKTeX\tex/latex/txfonts\txfonts.sty
Package: txfonts 2008/01/22 v3.2.1
LaTeX Font Info:    Redeclaring symbol font `operators' on input line 21.
LaTeX Font Info:    Overwriting symbol font `operators' in version `normal'
(Font)                  OT1/cmr/m/n --> OT1/txr/m/n on input line 21.
LaTeX Font Info:    Overwriting symbol font `operators' in version `bold'
(Font)                  OT1/cmr/bx/n --> OT1/txr/m/n on input line 21.
LaTeX Font Info:    Overwriting symbol font `operators' in version `bold'
(Font)                  OT1/txr/m/n --> OT1/txr/bx/n on input line 22.
\symitalic=\mathgroup4
LaTeX Font Info:    Overwriting symbol font `italic' in version `bold'
(Font)                  OT1/txr/m/it --> OT1/txr/bx/it on input line 26.
LaTeX Font Info:    Redeclaring math alphabet \mathbf on input line 29.
LaTeX Font Info:    Overwriting math alphabet `\mathbf' in version `normal'
(Font)                  OT1/cmr/bx/n --> OT1/txr/bx/n on input line 29.
LaTeX Font Info:    Overwriting math alphabet `\mathbf' in version `bold'
(Font)                  OT1/cmr/bx/n --> OT1/txr/bx/n on input line 29.
LaTeX Font Info:    Redeclaring math alphabet \mathit on input line 30.
LaTeX Font Info:    Overwriting math alphabet `\mathit' in version `normal'
(Font)                  OT1/cmr/m/it --> OT1/txr/m/it on input line 30.
LaTeX Font Info:    Overwriting math alphabet `\mathit' in version `bold'
(Font)                  OT1/cmr/bx/it --> OT1/txr/m/it on input line 30.
LaTeX Font Info:    Overwriting math alphabet `\mathit' in version `bold'
(Font)                  OT1/txr/m/it --> OT1/txr/bx/it on input line 31.
LaTeX Font Info:    Redeclaring math alphabet \mathsf on input line 40.
LaTeX Font Info:    Overwriting math alphabet `\mathsf' in version `normal'
(Font)                  OT1/cmss/m/n --> OT1/txss/m/n on input line 40.
LaTeX Font Info:    Overwriting math alphabet `\mathsf' in version `bold'
(Font)                  OT1/cmss/bx/n --> OT1/txss/m/n on input line 40.
LaTeX Font Info:    Overwriting math alphabet `\mathsf' in version `bold'
(Font)                  OT1/txss/m/n --> OT1/txss/b/n on input line 41.
LaTeX Font Info:    Redeclaring math alphabet \mathtt on input line 50.
LaTeX Font Info:    Overwriting math alphabet `\mathtt' in version `normal'
(Font)                  OT1/cmtt/m/n --> OT1/txtt/m/n on input line 50.
LaTeX Font Info:    Overwriting math alphabet `\mathtt' in version `bold'
(Font)                  OT1/cmtt/m/n --> OT1/txtt/m/n on input line 50.
LaTeX Font Info:    Overwriting math alphabet `\mathtt' in version `bold'
(Font)                  OT1/txtt/m/n --> OT1/txtt/b/n on input line 51.
LaTeX Font Info:    Redeclaring symbol font `letters' on input line 58.
LaTeX Font Info:    Overwriting symbol font `letters' in version `normal'
(Font)                  OML/cmm/m/it --> OML/txmi/m/it on input line 58.
LaTeX Font Info:    Overwriting symbol font `letters' in version `bold'
(Font)                  OML/cmm/b/it --> OML/txmi/m/it on input line 58.
LaTeX Font Info:    Overwriting symbol font `letters' in version `bold'
(Font)                  OML/txmi/m/it --> OML/txmi/bx/it on input line 59.
\symlettersA=\mathgroup5
LaTeX Font Info:    Overwriting symbol font `lettersA' in version `bold'
(Font)                  U/txmia/m/it --> U/txmia/bx/it on input line 67.
LaTeX Font Info:    Redeclaring symbol font `symbols' on input line 77.
LaTeX Font Info:    Overwriting symbol font `symbols' in version `normal'
(Font)                  OMS/cmsy/m/n --> OMS/txsy/m/n on input line 77.
LaTeX Font Info:    Overwriting symbol font `symbols' in version `bold'
(Font)                  OMS/cmsy/b/n --> OMS/txsy/m/n on input line 77.
LaTeX Font Info:    Overwriting symbol font `symbols' in version `bold'
(Font)                  OMS/txsy/m/n --> OMS/txsy/bx/n on input line 78.
\symAMSa=\mathgroup6
LaTeX Font Info:    Overwriting symbol font `AMSa' in version `bold'
(Font)                  U/txsya/m/n --> U/txsya/bx/n on input line 94.
\symAMSb=\mathgroup7
LaTeX Font Info:    Overwriting symbol font `AMSb' in version `bold'
(Font)                  U/txsyb/m/n --> U/txsyb/bx/n on input line 103.
\symsymbolsC=\mathgroup8
LaTeX Font Info:    Overwriting symbol font `symbolsC' in version `bold'
(Font)                  U/txsyc/m/n --> U/txsyc/bx/n on input line 113.
LaTeX Font Info:    Redeclaring symbol font `largesymbols' on input line 120.
LaTeX Font Info:    Overwriting symbol font `largesymbols' in version `normal'
(Font)                  OMX/cmex/m/n --> OMX/txex/m/n on input line 120.
LaTeX Font Info:    Overwriting symbol font `largesymbols' in version `bold'
(Font)                  OMX/cmex/m/n --> OMX/txex/m/n on input line 120.
LaTeX Font Info:    Overwriting symbol font `largesymbols' in version `bold'
(Font)                  OMX/txex/m/n --> OMX/txex/bx/n on input line 121.
\symlargesymbolsA=\mathgroup9
LaTeX Font Info:    Overwriting symbol font `largesymbolsA' in version `bold'
(Font)                  U/txexa/m/n --> U/txexa/bx/n on input line 129.
LaTeX Encoding Info:    Redeclaring text symbol \L (encoding OT1) on input line
 160.
LaTeX Encoding Info:    Redeclaring text symbol \l (encoding OT1) on input line
 161.
LaTeX Font Info:    Redeclaring math symbol \mathsterling on input line 164.
LaTeX Font Info:    Redeclaring math symbol \hbar on input line 591.
LaTeX Info: Redefining \not on input line 1043.
)
(C:\Users\lsx\AppData\Local\Programs\MiKTeX\tex/latex/amsmath\amsmath.sty
Package: amsmath 2025/07/09 v2.17z AMS math features
\@mathmargin=\skip56

For additional information on amsmath, use the `?' option.
(C:\Users\lsx\AppData\Local\Programs\MiKTeX\tex/latex/amsmath\amstext.sty
Package: amstext 2024/11/17 v2.01 AMS text

(C:\Users\lsx\AppData\Local\Programs\MiKTeX\tex/latex/amsmath\amsgen.sty
File: amsgen.sty 1999/11/30 v2.0 generic functions
\@emptytoks=\toks21
\ex@=\dimen164
))
(C:\Users\lsx\AppData\Local\Programs\MiKTeX\tex/latex/amsmath\amsbsy.sty
Package: amsbsy 1999/11/29 v1.2d Bold Symbols
\pmbraise@=\dimen165
)
(C:\Users\lsx\AppData\Local\Programs\MiKTeX\tex/latex/amsmath\amsopn.sty
Package: amsopn 2022/04/08 v2.04 operator names
)
\inf@bad=\count295
LaTeX Info: Redefining \frac on input line 233.
\uproot@=\count296
\leftroot@=\count297
LaTeX Info: Redefining \overline on input line 398.
LaTeX Info: Redefining \colon on input line 409.
\classnum@=\count298
\DOTSCASE@=\count299
LaTeX Info: Redefining \ldots on input line 495.
LaTeX Info: Redefining \dots on input line 498.
LaTeX Info: Redefining \cdots on input line 619.
\Mathstrutbox@=\box59
\strutbox@=\box60
LaTeX Info: Redefining \big on input line 721.
LaTeX Info: Redefining \Big on input line 722.
LaTeX Info: Redefining \bigg on input line 723.
LaTeX Info: Redefining \Bigg on input line 724.
\big@size=\dimen166
LaTeX Font Info:    Redeclaring font encoding OML on input line 742.
LaTeX Font Info:    Redeclaring font encoding OMS on input line 743.
\macc@depth=\count300
LaTeX Info: Redefining \bmod on input line 904.
LaTeX Info: Redefining \pmod on input line 909.
LaTeX Info: Redefining \smash on input line 939.
LaTeX Info: Redefining \relbar on input line 969.
LaTeX Info: Redefining \Relbar on input line 970.
\c@MaxMatrixCols=\count301
\dotsspace@=\muskip17
\c@parentequation=\count302
\dspbrk@lvl=\count303
\tag@help=\toks22
\row@=\count304
\column@=\count305
\maxfields@=\count306
\andhelp@=\toks23
\eqnshift@=\dimen167
\alignsep@=\dimen168
\tagshift@=\dimen169
\tagwidth@=\dimen170
\totwidth@=\dimen171
\lineht@=\dimen172
\@envbody=\toks24
\multlinegap=\skip57
\multlinetaggap=\skip58
\mathdisplay@stack=\toks25
LaTeX Info: Redefining \[ on input line 2950.
LaTeX Info: Redefining \] on input line 2951.
)
(C:\Users\lsx\AppData\Local\Programs\MiKTeX\tex/latex/amsfonts\amssymb.sty
Package: amssymb 2013/01/14 v3.01 AMS font symbols

(C:\Users\lsx\AppData\Local\Programs\MiKTeX\tex/latex/amsfonts\amsfonts.sty
Package: amsfonts 2013/01/14 v3.01 Basic AMSFonts support
LaTeX Font Info:    Redeclaring symbol font `AMSa' on input line 59.
LaTeX Font Info:    Overwriting symbol font `AMSa' in version `normal'
(Font)                  U/txsya/m/n --> U/msa/m/n on input line 59.
LaTeX Font Info:    Overwriting symbol font `AMSa' in version `bold'
(Font)                  U/txsya/bx/n --> U/msa/m/n on input line 59.
LaTeX Font Info:    Redeclaring symbol font `AMSb' on input line 60.
LaTeX Font Info:    Overwriting symbol font `AMSb' in version `normal'
(Font)                  U/txsyb/m/n --> U/msb/m/n on input line 60.
LaTeX Font Info:    Overwriting symbol font `AMSb' in version `bold'
(Font)                  U/txsyb/bx/n --> U/msb/m/n on input line 60.
LaTeX Font Info:    Redeclaring math delimiter \ulcorner on input line 74.
LaTeX Font Info:    Redeclaring math delimiter \urcorner on input line 75.
LaTeX Font Info:    Redeclaring math delimiter \llcorner on input line 76.
LaTeX Font Info:    Redeclaring math delimiter \lrcorner on input line 77.
LaTeX Font Info:    Redeclaring math symbol \square on input line 141.
LaTeX Font Info:    Redeclaring math symbol \lozenge on input line 142.
)
LaTeX Font Info:    Redeclaring math symbol \boxdot on input line 44.
LaTeX Font Info:    Redeclaring math symbol \boxplus on input line 45.
LaTeX Font Info:    Redeclaring math symbol \boxtimes on input line 46.
LaTeX Font Info:    Redeclaring math symbol \blacksquare on input line 48.
LaTeX Font Info:    Redeclaring math symbol \centerdot on input line 49.
LaTeX Font Info:    Redeclaring math symbol \blacklozenge on input line 51.
LaTeX Font Info:    Redeclaring math symbol \circlearrowright on input line 52.

LaTeX Font Info:    Redeclaring math symbol \circlearrowleft on input line 53.
LaTeX Font Info:    Redeclaring math symbol \leftrightharpoons on input line 56
.
LaTeX Font Info:    Redeclaring math symbol \boxminus on input line 57.
LaTeX Font Info:    Redeclaring math symbol \Vdash on input line 58.
LaTeX Font Info:    Redeclaring math symbol \Vvdash on input line 59.
LaTeX Font Info:    Redeclaring math symbol \vDash on input line 60.
LaTeX Font Info:    Redeclaring math symbol \twoheadrightarrow on input line 61
.
LaTeX Font Info:    Redeclaring math symbol \twoheadleftarrow on input line 62.

LaTeX Font Info:    Redeclaring math symbol \leftleftarrows on input line 63.
LaTeX Font Info:    Redeclaring math symbol \rightrightarrows on input line 64.

LaTeX Font Info:    Redeclaring math symbol \upuparrows on input line 65.
LaTeX Font Info:    Redeclaring math symbol \downdownarrows on input line 66.
LaTeX Font Info:    Redeclaring math symbol \upharpoonright on input line 67.
LaTeX Font Info:    Redeclaring math symbol \downharpoonright on input line 69.

LaTeX Font Info:    Redeclaring math symbol \upharpoonleft on input line 70.
LaTeX Font Info:    Redeclaring math symbol \downharpoonleft on input line 71.
LaTeX Font Info:    Redeclaring math symbol \rightarrowtail on input line 72.
LaTeX Font Info:    Redeclaring math symbol \leftarrowtail on input line 73.
LaTeX Font Info:    Redeclaring math symbol \leftrightarrows on input line 74.
LaTeX Font Info:    Redeclaring math symbol \rightleftarrows on input line 75.
LaTeX Font Info:    Redeclaring math symbol \Lsh on input line 76.
LaTeX Font Info:    Redeclaring math symbol \Rsh on input line 77.
LaTeX Font Info:    Redeclaring math symbol \leftrightsquigarrow on input line 
79.
LaTeX Font Info:    Redeclaring math symbol \looparrowleft on input line 80.
LaTeX Font Info:    Redeclaring math symbol \looparrowright on input line 81.
LaTeX Font Info:    Redeclaring math symbol \circeq on input line 82.
LaTeX Font Info:    Redeclaring math symbol \succsim on input line 83.
LaTeX Font Info:    Redeclaring math symbol \gtrsim on input line 84.
LaTeX Font Info:    Redeclaring math symbol \gtrapprox on input line 85.
LaTeX Font Info:    Redeclaring math symbol \multimap on input line 86.
LaTeX Font Info:    Redeclaring math symbol \therefore on input line 87.
LaTeX Font Info:    Redeclaring math symbol \because on input line 88.
LaTeX Font Info:    Redeclaring math symbol \doteqdot on input line 89.
LaTeX Font Info:    Redeclaring math symbol \triangleq on input line 91.
LaTeX Font Info:    Redeclaring math symbol \precsim on input line 92.
LaTeX Font Info:    Redeclaring math symbol \lesssim on input line 93.
LaTeX Font Info:    Redeclaring math symbol \lessapprox on input line 94.
LaTeX Font Info:    Redeclaring math symbol \eqslantless on input line 95.
LaTeX Font Info:    Redeclaring math symbol \eqslantgtr on input line 96.
LaTeX Font Info:    Redeclaring math symbol \curlyeqprec on input line 97.
LaTeX Font Info:    Redeclaring math symbol \curlyeqsucc on input line 98.
LaTeX Font Info:    Redeclaring math symbol \preccurlyeq on input line 99.
LaTeX Font Info:    Redeclaring math symbol \leqq on input line 100.
LaTeX Font Info:    Redeclaring math symbol \leqslant on input line 101.
LaTeX Font Info:    Redeclaring math symbol \lessgtr on input line 102.
LaTeX Font Info:    Redeclaring math symbol \backprime on input line 103.
LaTeX Font Info:    Redeclaring math symbol \risingdotseq on input line 104.
LaTeX Font Info:    Redeclaring math symbol \fallingdotseq on input line 105.
LaTeX Font Info:    Redeclaring math symbol \succcurlyeq on input line 106.
LaTeX Font Info:    Redeclaring math symbol \geqq on input line 107.
LaTeX Font Info:    Redeclaring math symbol \geqslant on input line 108.
LaTeX Font Info:    Redeclaring math symbol \gtrless on input line 109.
LaTeX Font Info:    Redeclaring math symbol \bigstar on input line 117.
LaTeX Font Info:    Redeclaring math symbol \between on input line 118.
LaTeX Font Info:    Redeclaring math symbol \blacktriangledown on input line 11
9.
LaTeX Font Info:    Redeclaring math symbol \blacktriangleright on input line 1
20.
LaTeX Font Info:    Redeclaring math symbol \blacktriangleleft on input line 12
1.
LaTeX Font Info:    Redeclaring math symbol \vartriangle on input line 122.
LaTeX Font Info:    Redeclaring math symbol \blacktriangle on input line 123.
LaTeX Font Info:    Redeclaring math symbol \triangledown on input line 124.
LaTeX Font Info:    Redeclaring math symbol \eqcirc on input line 125.
LaTeX Font Info:    Redeclaring math symbol \lesseqgtr on input line 126.
LaTeX Font Info:    Redeclaring math symbol \gtreqless on input line 127.
LaTeX Font Info:    Redeclaring math symbol \lesseqqgtr on input line 128.
LaTeX Font Info:    Redeclaring math symbol \gtreqqless on input line 129.
LaTeX Font Info:    Redeclaring math symbol \Rrightarrow on input line 130.
LaTeX Font Info:    Redeclaring math symbol \Lleftarrow on input line 131.
LaTeX Font Info:    Redeclaring math symbol \veebar on input line 132.
LaTeX Font Info:    Redeclaring math symbol \barwedge on input line 133.
LaTeX Font Info:    Redeclaring math symbol \doublebarwedge on input line 134.
LaTeX Font Info:    Redeclaring math symbol \measuredangle on input line 137.
LaTeX Font Info:    Redeclaring math symbol \sphericalangle on input line 138.
LaTeX Font Info:    Redeclaring math symbol \varpropto on input line 139.
LaTeX Font Info:    Redeclaring math symbol \smallsmile on input line 140.
LaTeX Font Info:    Redeclaring math symbol \smallfrown on input line 141.
LaTeX Font Info:    Redeclaring math symbol \Subset on input line 142.
LaTeX Font Info:    Redeclaring math symbol \Supset on input line 143.
LaTeX Font Info:    Redeclaring math symbol \Cup on input line 144.
LaTeX Font Info:    Redeclaring math symbol \Cap on input line 146.
LaTeX Font Info:    Redeclaring math symbol \curlywedge on input line 148.
LaTeX Font Info:    Redeclaring math symbol \curlyvee on input line 149.
LaTeX Font Info:    Redeclaring math symbol \leftthreetimes on input line 150.
LaTeX Font Info:    Redeclaring math symbol \rightthreetimes on input line 151.

LaTeX Font Info:    Redeclaring math symbol \subseteqq on input line 152.
LaTeX Font Info:    Redeclaring math symbol \supseteqq on input line 153.
LaTeX Font Info:    Redeclaring math symbol \bumpeq on input line 154.
LaTeX Font Info:    Redeclaring math symbol \Bumpeq on input line 155.
LaTeX Font Info:    Redeclaring math symbol \lll on input line 156.
LaTeX Font Info:    Redeclaring math symbol \ggg on input line 158.
LaTeX Font Info:    Redeclaring math symbol \circledS on input line 160.
LaTeX Font Info:    Redeclaring math symbol \pitchfork on input line 161.
LaTeX Font Info:    Redeclaring math symbol \dotplus on input line 162.
LaTeX Font Info:    Redeclaring math symbol \backsim on input line 163.
LaTeX Font Info:    Redeclaring math symbol \backsimeq on input line 164.
LaTeX Font Info:    Redeclaring math symbol \complement on input line 165.
LaTeX Font Info:    Redeclaring math symbol \intercal on input line 166.
LaTeX Font Info:    Redeclaring math symbol \circledcirc on input line 167.
LaTeX Font Info:    Redeclaring math symbol \circledast on input line 168.
LaTeX Font Info:    Redeclaring math symbol \circleddash on input line 169.
LaTeX Font Info:    Redeclaring math symbol \lvertneqq on input line 171.
LaTeX Font Info:    Redeclaring math symbol \gvertneqq on input line 172.
LaTeX Font Info:    Redeclaring math symbol \nleq on input line 173.
LaTeX Font Info:    Redeclaring math symbol \ngeq on input line 174.
LaTeX Font Info:    Redeclaring math symbol \nless on input line 175.
LaTeX Font Info:    Redeclaring math symbol \ngtr on input line 176.
LaTeX Font Info:    Redeclaring math symbol \nprec on input line 177.
LaTeX Font Info:    Redeclaring math symbol \nsucc on input line 178.
LaTeX Font Info:    Redeclaring math symbol \lneqq on input line 179.
LaTeX Font Info:    Redeclaring math symbol \gneqq on input line 180.
LaTeX Font Info:    Redeclaring math symbol \nleqslant on input line 181.
LaTeX Font Info:    Redeclaring math symbol \ngeqslant on input line 182.
LaTeX Font Info:    Redeclaring math symbol \lneq on input line 183.
LaTeX Font Info:    Redeclaring math symbol \gneq on input line 184.
LaTeX Font Info:    Redeclaring math symbol \npreceq on input line 185.
LaTeX Font Info:    Redeclaring math symbol \nsucceq on input line 186.
LaTeX Font Info:    Redeclaring math symbol \precnsim on input line 187.
LaTeX Font Info:    Redeclaring math symbol \succnsim on input line 188.
LaTeX Font Info:    Redeclaring math symbol \lnsim on input line 189.
LaTeX Font Info:    Redeclaring math symbol \gnsim on input line 190.
LaTeX Font Info:    Redeclaring math symbol \nleqq on input line 191.
LaTeX Font Info:    Redeclaring math symbol \ngeqq on input line 192.
LaTeX Font Info:    Redeclaring math symbol \precneqq on input line 193.
LaTeX Font Info:    Redeclaring math symbol \succneqq on input line 194.
LaTeX Font Info:    Redeclaring math symbol \precnapprox on input line 195.
LaTeX Font Info:    Redeclaring math symbol \succnapprox on input line 196.
LaTeX Font Info:    Redeclaring math symbol \lnapprox on input line 197.
LaTeX Font Info:    Redeclaring math symbol \gnapprox on input line 198.
LaTeX Font Info:    Redeclaring math symbol \nsim on input line 199.
LaTeX Font Info:    Redeclaring math symbol \ncong on input line 200.
LaTeX Font Info:    Redeclaring math symbol \diagup on input line 201.
LaTeX Font Info:    Redeclaring math symbol \diagdown on input line 202.
LaTeX Font Info:    Redeclaring math symbol \varsubsetneq on input line 203.
LaTeX Font Info:    Redeclaring math symbol \varsupsetneq on input line 204.
LaTeX Font Info:    Redeclaring math symbol \nsubseteqq on input line 205.
LaTeX Font Info:    Redeclaring math symbol \nsupseteqq on input line 206.
LaTeX Font Info:    Redeclaring math symbol \subsetneqq on input line 207.
LaTeX Font Info:    Redeclaring math symbol \supsetneqq on input line 208.
LaTeX Font Info:    Redeclaring math symbol \varsubsetneqq on input line 209.
LaTeX Font Info:    Redeclaring math symbol \varsupsetneqq on input line 210.
LaTeX Font Info:    Redeclaring math symbol \subsetneq on input line 211.
LaTeX Font Info:    Redeclaring math symbol \supsetneq on input line 212.
LaTeX Font Info:    Redeclaring math symbol \nsubseteq on input line 213.
LaTeX Font Info:    Redeclaring math symbol \nsupseteq on input line 214.
LaTeX Font Info:    Redeclaring math symbol \nparallel on input line 215.
LaTeX Font Info:    Redeclaring math symbol \nmid on input line 216.
LaTeX Font Info:    Redeclaring math symbol \nshortmid on input line 217.
LaTeX Font Info:    Redeclaring math symbol \nshortparallel on input line 218.
LaTeX Font Info:    Redeclaring math symbol \nvdash on input line 219.
LaTeX Font Info:    Redeclaring math symbol \nVdash on input line 220.
LaTeX Font Info:    Redeclaring math symbol \nvDash on input line 221.
LaTeX Font Info:    Redeclaring math symbol \nVDash on input line 222.
LaTeX Font Info:    Redeclaring math symbol \ntrianglerighteq on input line 223
.
LaTeX Font Info:    Redeclaring math symbol \ntrianglelefteq on input line 224.

LaTeX Font Info:    Redeclaring math symbol \ntriangleleft on input line 225.
LaTeX Font Info:    Redeclaring math symbol \ntriangleright on input line 226.
LaTeX Font Info:    Redeclaring math symbol \nleftarrow on input line 227.
LaTeX Font Info:    Redeclaring math symbol \nrightarrow on input line 228.
LaTeX Font Info:    Redeclaring math symbol \nLeftarrow on input line 229.
LaTeX Font Info:    Redeclaring math symbol \nRightarrow on input line 230.
LaTeX Font Info:    Redeclaring math symbol \nLeftrightarrow on input line 231.

LaTeX Font Info:    Redeclaring math symbol \nleftrightarrow on input line 232.

LaTeX Font Info:    Redeclaring math symbol \divideontimes on input line 233.
LaTeX Font Info:    Redeclaring math symbol \varnothing on input line 234.
LaTeX Font Info:    Redeclaring math symbol \nexists on input line 235.
LaTeX Font Info:    Redeclaring math symbol \Finv on input line 236.
LaTeX Font Info:    Redeclaring math symbol \Game on input line 237.
LaTeX Font Info:    Redeclaring math symbol \eth on input line 240.
LaTeX Font Info:    Redeclaring math symbol \eqsim on input line 241.
LaTeX Font Info:    Redeclaring math symbol \beth on input line 242.
LaTeX Font Info:    Redeclaring math symbol \gimel on input line 243.
LaTeX Font Info:    Redeclaring math symbol \daleth on input line 244.
LaTeX Font Info:    Redeclaring math symbol \lessdot on input line 245.
LaTeX Font Info:    Redeclaring math symbol \gtrdot on input line 246.
LaTeX Font Info:    Redeclaring math symbol \ltimes on input line 247.
LaTeX Font Info:    Redeclaring math symbol \rtimes on input line 248.
LaTeX Font Info:    Redeclaring math symbol \shortmid on input line 249.
LaTeX Font Info:    Redeclaring math symbol \shortparallel on input line 250.
LaTeX Font Info:    Redeclaring math symbol \smallsetminus on input line 251.
LaTeX Font Info:    Redeclaring math symbol \thicksim on input line 252.
LaTeX Font Info:    Redeclaring math symbol \thickapprox on input line 253.
LaTeX Font Info:    Redeclaring math symbol \approxeq on input line 254.
LaTeX Font Info:    Redeclaring math symbol \succapprox on input line 255.
LaTeX Font Info:    Redeclaring math symbol \precapprox on input line 256.
LaTeX Font Info:    Redeclaring math symbol \curvearrowleft on input line 257.
LaTeX Font Info:    Redeclaring math symbol \curvearrowright on input line 258.

LaTeX Font Info:    Redeclaring math symbol \digamma on input line 259.
LaTeX Font Info:    Redeclaring math symbol \varkappa on input line 260.
LaTeX Font Info:    Redeclaring math symbol \Bbbk on input line 261.
LaTeX Font Info:    Redeclaring math symbol \hslash on input line 262.
LaTeX Font Info:    Redeclaring math symbol \backepsilon on input line 265.
)
(C:\Users\lsx\AppData\Local\Programs\MiKTeX\tex/latex/amscls\amsthm.sty
Package: amsthm 2020/05/29 v2.20.6
\thm@style=\toks26
\thm@bodyfont=\toks27
\thm@headfont=\toks28
\thm@notefont=\toks29
\thm@headpunct=\toks30
\thm@preskip=\skip59
\thm@postskip=\skip60
\thm@headsep=\skip61
\dth@everypar=\toks31
LaTeX Info: Redefining \qed on input line 273.
LaTeX Info: Redefining \textsquare on input line 427.
)
(C:\Users\lsx\AppData\Local\Programs\MiKTeX\tex/latex/tools\bm.sty
Package: bm 2025/10/21 v1.2g Bold Symbol Support (DPC/FMi)
\symboldoperators=\mathgroup10
\symboldletters=\mathgroup11
\symboldsymbols=\mathgroup12
\symboldlargesymbols=\mathgroup13
Package bm Info: No bold for \U/msa/m/n, using \pmb.
Package bm Info: No bold for \U/msb/m/n, using \pmb.
LaTeX Font Info:    Redeclaring math alphabet \mathbf on input line 149.
)
(C:\Users\lsx\AppData\Local\Programs\MiKTeX\tex/latex/booktabs\booktabs.sty
Package: booktabs 2020/01/12 v1.61803398 Publication quality tables
\heavyrulewidth=\dimen173
\lightrulewidth=\dimen174
\cmidrulewidth=\dimen175
\belowrulesep=\dimen176
\belowbottomsep=\dimen177
\aboverulesep=\dimen178
\abovetopsep=\dimen179
\cmidrulesep=\dimen180
\cmidrulekern=\dimen181
\defaultaddspace=\dimen182
\@cmidla=\count307
\@cmidlb=\count308
\@aboverulesep=\dimen183
\@belowrulesep=\dimen184
\@thisruleclass=\count309
\@lastruleclass=\count310
\@thisrulewidth=\dimen185
)
(C:\Users\lsx\AppData\Local\Programs\MiKTeX\tex/latex/algorithms\algorithm.sty
Package: algorithm 2009/08/24 v0.1 Document Style `algorithm' - floating enviro
nment

(C:\Users\lsx\AppData\Local\Programs\MiKTeX\tex/latex/float\float.sty
Package: float 2001/11/08 v1.3d Float enhancements (AL)
\c@float@type=\count311
\float@exts=\toks32
\float@box=\box61
\@float@everytoks=\toks33
\@floatcapt=\box62
)
(C:\Users\lsx\AppData\Local\Programs\MiKTeX\tex/latex/base\ifthen.sty
Package: ifthen 2024/03/16 v1.1e Standard LaTeX ifthen package (DPC)
)
\@float@every@algorithm=\toks34
\c@algorithm=\count312
)
(C:\Users\lsx\AppData\Local\Programs\MiKTeX\tex/latex/algorithmicx\algpseudocod
e.sty
Package: algpseudocode 

(C:\Users\lsx\AppData\Local\Programs\MiKTeX\tex/latex/algorithmicx\algorithmicx
.sty
Package: algorithmicx 2005/04/27 v1.2 Algorithmicx

Document Style algorithmicx 1.2 - a greatly improved `algorithmic' style
\c@ALG@line=\count313
\c@ALG@rem=\count314
\c@ALG@nested=\count315
\ALG@tlm=\skip62
\ALG@thistlm=\skip63
\c@ALG@Lnr=\count316
\c@ALG@blocknr=\count317
\c@ALG@storecount=\count318
\c@ALG@tmpcounter=\count319
\ALG@tmplength=\skip64
)
Document Style - pseudocode environments for use with the `algorithmicx' style
) (C:\Users\lsx\AppData\Local\Programs\MiKTeX\tex/latex/enumitem\enumitem.sty
Package: enumitem 2025/02/06 v3.11 Customized lists
\labelindent=\skip65
\enit@outerparindent=\dimen186
\enit@toks=\toks35
\enit@inbox=\box63
\enit@count@id=\count320
\enitdp@description=\count321
)
(C:\Users\lsx\AppData\Local\Programs\MiKTeX\tex/latex/xcolor\xcolor.sty
Package: xcolor 2024/09/29 v3.02 LaTeX color extensions (UK)

(C:\Users\lsx\AppData\Local\Programs\MiKTeX\tex/latex/graphics-cfg\color.cfg
File: color.cfg 2016/01/02 v1.6 sample color configuration
)
Package xcolor Info: Driver file: pdftex.def on input line 274.

(C:\Users\lsx\AppData\Local\Programs\MiKTeX\tex/latex/graphics\mathcolor.ltx)
Package xcolor Info: Model `cmy' substituted by `cmy0' on input line 1349.
Package xcolor Info: Model `hsb' substituted by `rgb' on input line 1353.
Package xcolor Info: Model `RGB' extended on input line 1365.
Package xcolor Info: Model `HTML' substituted by `rgb' on input line 1367.
Package xcolor Info: Model `Hsb' substituted by `hsb' on input line 1368.
Package xcolor Info: Model `tHsb' substituted by `hsb' on input line 1369.
Package xcolor Info: Model `HSB' substituted by `hsb' on input line 1370.
Package xcolor Info: Model `Gray' substituted by `gray' on input line 1371.
Package xcolor Info: Model `wave' substituted by `hsb' on input line 1372.
)
(C:\Users\lsx\AppData\Local\Programs\MiKTeX\tex/latex/colortbl\colortbl.sty
Package: colortbl 2026/05/01 v1.0l Color table columns (DPC)

(C:\Users\lsx\AppData\Local\Programs\MiKTeX\tex/latex/tools\array.sty
Package: array 2025/09/25 v2.6n Tabular extension package (FMi)
\col@sep=\dimen187
\ar@mcellbox=\box64
\extrarowheight=\dimen188
\NC@list=\toks36
\extratabsurround=\skip66
\backup@length=\skip67
\ar@cellbox=\box65
)
\everycr=\toks37
\minrowclearance=\skip68
\rownum=\count322
)
(C:\Users\lsx\AppData\Local\Programs\MiKTeX\tex/latex/placeins\placeins.sty
Package: placeins 2005/04/18  v 2.2
)
(C:\Users\lsx\AppData\Local\Programs\MiKTeX\tex/latex/hyperref\hyperref.sty
Package: hyperref 2025-07-12 v7.01o Hypertext links for LaTeX

(C:\Users\lsx\AppData\Local\Programs\MiKTeX\tex/latex/kvsetkeys\kvsetkeys.sty
Package: kvsetkeys 2022-10-05 v1.19 Key value parser (HO)
)
(C:\Users\lsx\AppData\Local\Programs\MiKTeX\tex/generic/kvdefinekeys\kvdefineke
ys.sty
Package: kvdefinekeys 2019-12-19 v1.6 Define keys (HO)
)
(C:\Users\lsx\AppData\Local\Programs\MiKTeX\tex/generic/pdfescape\pdfescape.sty
Package: pdfescape 2019/12/09 v1.15 Implements pdfTeX's escape features (HO)
(C:\Users\lsx\AppData\Local\Programs\MiKTeX\tex/generic/ltxcmds\ltxcmds.sty
Package: ltxcmds 2023-12-04 v1.26 LaTeX kernel commands for general use (HO)
)
(C:\Users\lsx\AppData\Local\Programs\MiKTeX\tex/generic/pdftexcmds\pdftexcmds.s
ty
Package: pdftexcmds 2020-06-27 v0.33 Utility functions of pdfTeX for LuaTeX (HO
)

(C:\Users\lsx\AppData\Local\Programs\MiKTeX\tex/generic/infwarerr\infwarerr.sty
Package: infwarerr 2019/12/03 v1.5 Providing info/warning/error messages (HO)
)
Package pdftexcmds Info: \pdf@primitive is available.
Package pdftexcmds Info: \pdf@ifprimitive is available.
Package pdftexcmds Info: \pdfdraftmode found.
)) (C:\Users\lsx\AppData\Local\Programs\MiKTeX\tex/latex/hycolor\hycolor.sty
Package: hycolor 2020-01-27 v1.10 Color options for hyperref/bookmark (HO)
)
(C:\Users\lsx\AppData\Local\Programs\MiKTeX\tex/latex/hyperref\nameref.sty
Package: nameref 2025-06-21 v2.57 Cross-referencing by name of section

(C:\Users\lsx\AppData\Local\Programs\MiKTeX\tex/latex/refcount\refcount.sty
Package: refcount 2019/12/15 v3.6 Data extraction from label references (HO)
)
(C:\Users\lsx\AppData\Local\Programs\MiKTeX\tex/generic/gettitlestring\gettitle
string.sty
Package: gettitlestring 2019/12/15 v1.6 Cleanup title references (HO)

(C:\Users\lsx\AppData\Local\Programs\MiKTeX\tex/latex/kvoptions\kvoptions.sty
Package: kvoptions 2022-06-15 v3.15 Key value format for package options (HO)
))
\c@section@level=\count323
)
(C:\Users\lsx\AppData\Local\Programs\MiKTeX\tex/generic/stringenc\stringenc.sty
Package: stringenc 2019/11/29 v1.12 Convert strings between diff. encodings (HO
)
)
\@linkdim=\dimen189
\Hy@linkcounter=\count324
\Hy@pagecounter=\count325
 (C:\Users\lsx\AppData\Local\Programs\MiKTeX\tex/latex/hyperref\pd1enc.def
File: pd1enc.def 2025-07-12 v7.01o Hyperref: PDFDocEncoding definition (HO)
Now handling font encoding PD1 ...
... no UTF-8 mapping file for font encoding PD1
)
(C:\Users\lsx\AppData\Local\Programs\MiKTeX\tex/generic/intcalc\intcalc.sty
Package: intcalc 2019/12/15 v1.3 Expandable calculations with integers (HO)
)
\Hy@SavedSpaceFactor=\count326

(C:\Users\lsx\AppData\Local\Programs\MiKTeX\tex/latex/hyperref\puenc.def
File: puenc.def 2025-07-12 v7.01o Hyperref: PDF Unicode definition (HO)
Now handling font encoding PU ...
... no UTF-8 mapping file for font encoding PU
)
Package hyperref Info: Option `final' set `true' on input line 4066.
Package hyperref Info: Hyper figures OFF on input line 4195.
Package hyperref Info: Link nesting OFF on input line 4200.
Package hyperref Info: Hyper index ON on input line 4203.
Package hyperref Info: Plain pages OFF on input line 4210.
Package hyperref Info: Backreferencing OFF on input line 4215.
Package hyperref Info: Implicit mode ON; LaTeX internals redefined.
Package hyperref Info: Bookmarks ON on input line 4462.
\c@Hy@tempcnt=\count327

(C:\Users\lsx\AppData\Local\Programs\MiKTeX\tex/latex/url\url.sty
\Urlmuskip=\muskip18
Package: url 2013/09/16  ver 3.4  Verb mode for urls, etc.
)
LaTeX Info: Redefining \url on input line 4801.
\XeTeXLinkMargin=\dimen190

(C:\Users\lsx\AppData\Local\Programs\MiKTeX\tex/generic/bitset\bitset.sty
Package: bitset 2019/12/09 v1.3 Handle bit-vector datatype (HO)

(C:\Users\lsx\AppData\Local\Programs\MiKTeX\tex/generic/bigintcalc\bigintcalc.s
ty
Package: bigintcalc 2019/12/15 v1.5 Expandable calculations on big integers (HO
)
))
\Fld@menulength=\count328
\Field@Width=\dimen191
\Fld@charsize=\dimen192
Package hyperref Info: Hyper figures OFF on input line 6078.
Package hyperref Info: Link nesting OFF on input line 6083.
Package hyperref Info: Hyper index ON on input line 6086.
Package hyperref Info: backreferencing OFF on input line 6093.
Package hyperref Info: Link coloring OFF on input line 6098.
Package hyperref Info: Link coloring with OCG OFF on input line 6103.
Package hyperref Info: PDF/A mode OFF on input line 6108.
\Hy@abspage=\count329
\c@Item=\count330
\c@Hfootnote=\count331
)
Package hyperref Info: Driver (autodetected): hpdftex.

(C:\Users\lsx\AppData\Local\Programs\MiKTeX\tex/latex/hyperref\hpdftex.def
File: hpdftex.def 2025-07-12 v7.01o Hyperref driver for pdfTeX
\Fld@listcount=\count332
\c@bookmark@seq@number=\count333

(C:\Users\lsx\AppData\Local\Programs\MiKTeX\tex/latex/rerunfilecheck\rerunfilec
heck.sty
Package: rerunfilecheck 2025-06-21 v1.11 Rerun checks for auxiliary files (HO)

(C:\Users\lsx\AppData\Local\Programs\MiKTeX\tex/generic/uniquecounter\uniquecou
nter.sty
Package: uniquecounter 2019/12/15 v1.4 Provide unlimited unique counter (HO)
)
Package uniquecounter Info: New unique counter `rerunfilecheck' on input line 2
84.
)
\Hy@SectionHShift=\skip69
)
LaTeX Font Info:    Trying to load font information for T1+txr on input line 60
.

(C:\Users\lsx\AppData\Local\Programs\MiKTeX\tex/latex/txfonts\t1txr.fd
File: t1txr.fd 2000/12/15 v3.1
)
(HPDC-MaOEA.aux)
\openout1 = `HPDC-MaOEA.aux'.

LaTeX Font Info:    Checking defaults for OML/txmi/m/it on input line 60.
LaTeX Font Info:    Trying to load font information for OML+txmi on input line 
60.

(C:\Users\lsx\AppData\Local\Programs\MiKTeX\tex/latex/txfonts\omltxmi.fd
File: omltxmi.fd 2000/12/15 v3.1
)
LaTeX Font Info:    ... okay on input line 60.
LaTeX Font Info:    Checking defaults for OMS/txsy/m/n on input line 60.
LaTeX Font Info:    Trying to load font information for OMS+txsy on input line 
60.

(C:\Users\lsx\AppData\Local\Programs\MiKTeX\tex/latex/txfonts\omstxsy.fd
File: omstxsy.fd 2000/12/15 v3.1
)
LaTeX Font Info:    ... okay on input line 60.
LaTeX Font Info:    Checking defaults for OT1/cmr/m/n on input line 60.
LaTeX Font Info:    ... okay on input line 60.
LaTeX Font Info:    Checking defaults for T1/cmr/m/n on input line 60.
LaTeX Font Info:    ... okay on input line 60.
LaTeX Font Info:    Checking defaults for TS1/cmr/m/n on input line 60.
LaTeX Font Info:    ... okay on input line 60.
LaTeX Font Info:    Checking defaults for OMX/txex/m/n on input line 60.
LaTeX Font Info:    Trying to load font information for OMX+txex on input line 
60.

(C:\Users\lsx\AppData\Local\Programs\MiKTeX\tex/latex/txfonts\omxtxex.fd
File: omxtxex.fd 2000/12/15 v3.1
)
LaTeX Font Info:    ... okay on input line 60.
LaTeX Font Info:    Checking defaults for U/txexa/m/n on input line 60.
LaTeX Font Info:    Trying to load font information for U+txexa on input line 6
0.

(C:\Users\lsx\AppData\Local\Programs\MiKTeX\tex/latex/txfonts\utxexa.fd
File: utxexa.fd 2000/12/15 v3.1
)
LaTeX Font Info:    ... okay on input line 60.
LaTeX Font Info:    Checking defaults for PD1/pdf/m/n on input line 60.
LaTeX Font Info:    ... okay on input line 60.
LaTeX Font Info:    Checking defaults for PU/pdf/m/n on input line 60.
LaTeX Font Info:    ... okay on input line 60.

(C:\Users\lsx\AppData\Local\Programs\MiKTeX\tex/context/base/mkii\supp-pdf.mkii
[Loading MPS to PDF converter (version 2006.09.02).]
\scratchcounter=\count334
\scratchdimen=\dimen193
\scratchbox=\box66
\nofMPsegments=\count335
\nofMParguments=\count336
\everyMPshowfont=\toks38
\MPscratchCnt=\count337
\MPscratchDim=\dimen194
\MPnumerator=\count338
\makeMPintoPDFobject=\count339
\everyMPtoPDFconversion=\toks39
)
(C:\Users\lsx\AppData\Local\Programs\MiKTeX\tex/latex/epstopdf-pkg\epstopdf-bas
e.sty
Package: epstopdf-base 2020-01-24 v2.11 Base part for package epstopdf
Package epstopdf-base Info: Redefining graphics rule for `.eps' on input line 4
85.

(C:\Users\lsx\AppData\Local\Programs\MiKTeX\tex/latex/00miktex\epstopdf-sys.cfg
File: epstopdf-sys.cfg 2021/03/18 v2.0 Configuration of epstopdf for MiKTeX
))
*geometry* driver: auto-detecting
*geometry* detected driver: pdftex
*geometry* verbose mode - [ preamble ] result:
* driver: pdftex
* paper: custom
* layout: <same size as paper>
* layoutoffset:(h,v)=(0.0pt,0.0pt)
* hratio: 1:1
* vratio: 1:1
* modes: 
* h-part:(L,W,R)=(37.75394pt, 522.0pt, 37.75394pt)
* v-part:(T,H,B)=(81.52342pt, 682.0pt, 81.52342pt)
* \paperwidth=597.50787pt
* \paperheight=845.04684pt
* \textwidth=522.0pt
* \textheight=682.0pt
* \oddsidemargin=-34.51605pt
* \evensidemargin=-34.51605pt
* \topmargin=-52.74657pt
* \headheight=50.0pt
* \headsep=12.0pt
* \topskip=10.0pt
* \footskip=18.0pt
* \marginparwidth=4.0pt
* \marginparsep=10.0pt
* \columnsep=18.0pt
* \skip\footins=24.0pt plus 2.0pt minus 12.0pt
* \hoffset=0.0pt
* \voffset=0.0pt
* \mag=1000
* \@twocolumntrue
* \@twosidefalse
* \@mparswitchfalse
* \@reversemarginfalse
* (1in=72.27pt=25.4mm, 1cm=28.453pt)

LaTeX Encoding Info:    Redeclaring text command \k (encoding T1) on input line
 60.
Package hyperref Info: Link coloring OFF on input line 60.
(HPDC-MaOEA.out) (HPDC-MaOEA.out)
\@outlinefile=\write4
\openout4 = `HPDC-MaOEA.out'.

LaTeX Font Info:    Font shape `T1/txr/b/n' in size <10> not available
(Font)              Font shape `T1/txr/bx/n' tried instead on input line 89.
LaTeX Font Info:    Trying to load font information for OT1+txr on input line 1
06.

(C:\Users\lsx\AppData\Local\Programs\MiKTeX\tex/latex/txfonts\ot1txr.fd
File: ot1txr.fd 2000/12/15 v3.1
)
LaTeX Font Info:    Trying to load font information for U+txmia on input line 1
06.

(C:\Users\lsx\AppData\Local\Programs\MiKTeX\tex/latex/txfonts\utxmia.fd
File: utxmia.fd 2000/12/15 v3.1
)
LaTeX Font Info:    Trying to load font information for U+msa on input line 106
.

(C:\Users\lsx\AppData\Local\Programs\MiKTeX\tex/latex/amsfonts\umsa.fd
File: umsa.fd 2013/01/14 v3.01 AMS symbols A
)
LaTeX Font Info:    Trying to load font information for U+msb on input line 106
.

(C:\Users\lsx\AppData\Local\Programs\MiKTeX\tex/latex/amsfonts\umsb.fd
File: umsb.fd 2013/01/14 v3.01 AMS symbols B
)
LaTeX Font Info:    Trying to load font information for U+txsyc on input line 1
06.

(C:\Users\lsx\AppData\Local\Programs\MiKTeX\tex/latex/txfonts\utxsyc.fd
File: utxsyc.fd 2000/12/15 v3.1
)
Underfull \hbox (badness 3503) in paragraph at lines 166--187
\T1/txr/m/n/10 nondominated-derived di-rec-tional qual-ity in-for-ma-tion and
 []


Underfull \vbox (badness 10000) has occurred while \output is active []

 [1{C:/Users/lsx/AppData/Local/MiKTeX/fonts/map/pdftex/pdftex.map}{C:/Users/lsx
/AppData/Local/Programs/MiKTeX/fonts/enc/dvips/base/8r.enc}


]
Underfull \hbox (badness 1107) in paragraph at lines 228--249
[]\T1/txr/m/n/10 Relation-based surrogate-assisted evo-lu-tion-ary al-go-rithms

 []


Underfull \hbox (badness 2119) in paragraph at lines 228--249
\T1/txr/m/n/10 source en-riches the dis-tri-bu-tion in-for-ma-tion avail-able f
or
 []

[2] (figures/figure_framework.tex
<figures/fig_framework.pdf, id=145, 512.1496pt x 446.70827pt>
File: figures/fig_framework.pdf Graphic file (type pdf)
<use figures/fig_framework.pdf>
Package pdftex.def Info: figures/fig_framework.pdf  used on input line 3.
(pdftex.def)             Requested size: 511.55777pt x 446.20958pt.
)
Package hyperref Info: bookmark level for unknown algorithm defaults to 0 on in
put line 303.
LaTeX Font Info:    Font shape `T1/txr/b/n' in size <8> not available
(Font)              Font shape `T1/txr/bx/n' tried instead on input line 306.


pdfTeX warning: pdflatex.exe (file ./figures/paqc_reference_edit/paqc_geometry_
v5_editable.pdf): PDF inclusion: found PDF version <1.7>, but at most version <
1.5> allowed
<figures/paqc_reference_edit/paqc_geometry_v5_editable.pdf, id=154, 1335.48938p
t x 667.74469pt>
File: figures/paqc_reference_edit/paqc_geometry_v5_editable.pdf Graphic file (t
ype pdf)
<use figures/paqc_reference_edit/paqc_geometry_v5_editable.pdf>
Package pdftex.def Info: figures/paqc_reference_edit/paqc_geometry_v5_editable.
pdf  used on input line 356.
(pdftex.def)             Requested size: 252.0pt x 125.99655pt.
LaTeX Font Info:    Freeze math alphabet allocation in version normal.
(Font)              Allocated math groups: 14 (local: 2) on input line 395.
LaTeX Font Info:    Trying to load font information for OT1+txss on input line 
395.
(C:\Users\lsx\AppData\Local\Programs\MiKTeX\tex/latex/txfonts\ot1txss.fd
File: ot1txss.fd 2000/12/15 v3.1
)
LaTeX Font Info:    Font shape `OT1/txss/m/n' will be
(Font)              scaled to size 9.49997pt on input line 395.
LaTeX Font Info:    Font shape `OT1/txss/m/n' will be
(Font)              scaled to size 6.64998pt on input line 395.
LaTeX Font Info:    Font shape `OT1/txss/m/n' will be
(Font)              scaled to size 4.74998pt on input line 395.
LaTeX Font Info:    Undo math alphabet allocation in version normal on input li
ne 395.
LaTeX Font Info:    Nested math: keeping math alphabet allocation in version no
rmal on input line 397.
LaTeX Font Info:    Nested math: keeping math alphabet allocation in version no
rmal on input line 397.
LaTeX Font Info:    Nested math: keeping math alphabet allocation in version no
rmal on input line 397.
LaTeX Font Info:    Nested math: keeping math alphabet allocation in version no
rmal on input line 397.
LaTeX Font Info:    Nested math: keeping math alphabet allocation in version no
rmal on input line 399.
LaTeX Font Info:    Nested math: keeping math alphabet allocation in version no
rmal on input line 399.
LaTeX Font Info:    Nested math: keeping math alphabet allocation in version no
rmal on input line 399.
LaTeX Font Info:    Nested math: keeping math alphabet allocation in version no
rmal on input line 399.
LaTeX Font Info:    Nested math: keeping math alphabet allocation in version no
rmal on input line 400.
LaTeX Font Info:    Nested math: keeping math alphabet allocation in version no
rmal on input line 400.
LaTeX Font Info:    Nested math: keeping math alphabet allocation in version no
rmal on input line 401.
LaTeX Font Info:    Nested math: keeping math alphabet allocation in version no
rmal on input line 401.
LaTeX Font Info:    Nested math: keeping math alphabet allocation in version no
rmal on input line 402.
LaTeX Font Info:    Nested math: keeping math alphabet allocation in version no
rmal on input line 403.
LaTeX Font Info:    Undo math alphabet allocation in version normal on input li
ne 405.
LaTeX Font Info:    No math alphabet change to frozen version normal on input l
ine 405.
LaTeX Font Info:    No math alphabet change to frozen version normal on input l
ine 406.
LaTeX Font Info:    Nested math: keeping math alphabet allocation in version no
rmal on input line 407.
LaTeX Font Info:    Nested math: keeping math alphabet allocation in version no
rmal on input line 407.
LaTeX Font Info:    Nested math: keeping math alphabet allocation in version no
rmal on input line 407.
LaTeX Font Info:    Nested math: keeping math alphabet allocation in version no
rmal on input line 407.
LaTeX Font Info:    No math alphabet change to frozen version normal on input l
ine 410.
LaTeX Font Info:    No math alphabet change to frozen version normal on input l
ine 410.
LaTeX Font Info:    No math alphabet change to frozen version normal on input l
ine 411.
LaTeX Font Info:    No math alphabet change to frozen version normal on input l
ine 420.
LaTeX Font Info:    No math alphabet change to frozen version normal on input l
ine 420.
LaTeX Font Info:    No math alphabet change to frozen version normal on input l
ine 424.
LaTeX Font Info:    No math alphabet change to frozen version normal on input l
ine 427.
LaTeX Font Info:    No math alphabet change to frozen version normal on input l
ine 429.
LaTeX Font Info:    No math alphabet change to frozen version normal on input l
ine 431.
LaTeX Font Info:    No math alphabet change to frozen version normal on input l
ine 432.
LaTeX Font Info:    No math alphabet change to frozen version normal on input l
ine 433.
LaTeX Font Info:    No math alphabet change to frozen version normal on input l
ine 433.

[3]
LaTeX Font Info:    Nested math: keeping math alphabet allocation in version no
rmal on input line 434.
LaTeX Font Info:    Nested math: keeping math alphabet allocation in version no
rmal on input line 434.
LaTeX Font Info:    Nested math: keeping math alphabet allocation in version no
rmal on input line 434.
LaTeX Font Info:    Nested math: keeping math alphabet allocation in version no
rmal on input line 434.
LaTeX Font Info:    No math alphabet change to frozen version normal on input l
ine 439.
LaTeX Font Info:    No math alphabet change to frozen version normal on input l
ine 439.
LaTeX Font Info:    No math alphabet change to frozen version normal on input l
ine 440.
LaTeX Font Info:    No math alphabet change to frozen version normal on input l
ine 441.
LaTeX Font Info:    No math alphabet change to frozen version normal on input l
ine 443.
LaTeX Font Info:    No math alphabet change to frozen version normal on input l
ine 453.
LaTeX Font Info:    No math alphabet change to frozen version normal on input l
ine 453.
LaTeX Font Info:    No math alphabet change to frozen version normal on input l
ine 453.

Underfull \hbox (badness 10000) in paragraph at lines 449--454
[]\T1/txr/m/n/10 The representative-based la-bel de-scribes mem-ber-ship
 []


Underfull \hbox (badness 5939) in paragraph at lines 449--454
\T1/txr/m/n/10 rel-a-tive to the se-lected ref-er-ence so-lu-tions, while the
 []

LaTeX Font Info:    Nested math: keeping math alphabet allocation in version no
rmal on input line 454.
LaTeX Font Info:    Nested math: keeping math alphabet allocation in version no
rmal on input line 454.
LaTeX Font Info:    Nested math: keeping math alphabet allocation in version no
rmal on input line 454.
LaTeX Font Info:    Nested math: keeping math alphabet allocation in version no
rmal on input line 454.
[4 <./figures/fig_framework.pdf>]
LaTeX Font Info:    No math alphabet change to frozen version normal on input l
ine 459.
LaTeX Font Info:    No math alphabet change to frozen version normal on input l
ine 459.
LaTeX Font Info:    No math alphabet change to frozen version normal on input l
ine 460.
LaTeX Font Info:    Nested math: keeping math alphabet allocation in version no
rmal on input line 462.
LaTeX Font Info:    Nested math: keeping math alphabet allocation in version no
rmal on input line 462.
LaTeX Font Info:    Nested math: keeping math alphabet allocation in version no
rmal on input line 462.
LaTeX Font Info:    Nested math: keeping math alphabet allocation in version no
rmal on input line 462.
LaTeX Font Info:    Nested math: keeping math alphabet allocation in version no
rmal on input line 463.
LaTeX Font Info:    Nested math: keeping math alphabet allocation in version no
rmal on input line 463.
LaTeX Font Info:    Nested math: keeping math alphabet allocation in version no
rmal on input line 464.
LaTeX Font Info:    No math alphabet change to frozen version normal on input l
ine 468.
LaTeX Font Info:    No math alphabet change to frozen version normal on input l
ine 468.
LaTeX Font Info:    No math alphabet change to frozen version normal on input l
ine 469.
LaTeX Font Info:    No math alphabet change to frozen version normal on input l
ine 469.
LaTeX Font Info:    No math alphabet change to frozen version normal on input l
ine 474.
LaTeX Font Info:    No math alphabet change to frozen version normal on input l
ine 474.
LaTeX Font Info:    No math alphabet change to frozen version normal on input l
ine 475.
LaTeX Font Info:    No math alphabet change to frozen version normal on input l
ine 476.
LaTeX Font Info:    No math alphabet change to frozen version normal on input l
ine 476.
LaTeX Font Info:    No math alphabet change to frozen version normal on input l
ine 476.
LaTeX Font Info:    No math alphabet change to frozen version normal on input l
ine 476.
LaTeX Font Info:    No math alphabet change to frozen version normal on input l
ine 478.
LaTeX Font Info:    No math alphabet change to frozen version normal on input l
ine 479.
LaTeX Font Info:    No math alphabet change to frozen version normal on input l
ine 479.
LaTeX Font Info:    No math alphabet change to frozen version normal on input l
ine 480.
LaTeX Font Info:    No math alphabet change to frozen version normal on input l
ine 488.
LaTeX Font Info:    No math alphabet change to frozen version normal on input l
ine 489.
LaTeX Font Info:    No math alphabet change to frozen version normal on input l
ine 489.
LaTeX Font Info:    No math alphabet change to frozen version normal on input l
ine 497.
LaTeX Font Info:    No math alphabet change to frozen version normal on input l
ine 503.
LaTeX Font Info:    No math alphabet change to frozen version normal on input l
ine 503.
LaTeX Font Info:    No math alphabet change to frozen version normal on input l
ine 504.
LaTeX Font Info:    No math alphabet change to frozen version normal on input l
ine 504.
LaTeX Font Info:    No math alphabet change to frozen version normal on input l
ine 505.
LaTeX Font Info:    No math alphabet change to frozen version normal on input l
ine 506.
LaTeX Font Info:    No math alphabet change to frozen version normal on input l
ine 507.
LaTeX Font Info:    No math alphabet change to frozen version normal on input l
ine 507.
LaTeX Font Info:    No math alphabet change to frozen version normal on input l
ine 508.
LaTeX Font Info:    No math alphabet change to frozen version normal on input l
ine 509.
LaTeX Font Info:    No math alphabet change to frozen version normal on input l
ine 510.
LaTeX Font Info:    No math alphabet change to frozen version normal on input l
ine 510.
LaTeX Font Info:    No math alphabet change to frozen version normal on input l
ine 510.
LaTeX Font Info:    No math alphabet change to frozen version normal on input l
ine 511.
LaTeX Font Info:    No math alphabet change to frozen version normal on input l
ine 512.
LaTeX Font Info:    Nested math: keeping math alphabet allocation in version no
rmal on input line 520.
LaTeX Font Info:    Nested math: keeping math alphabet allocation in version no
rmal on input line 520.
LaTeX Font Info:    Nested math: keeping math alphabet allocation in version no
rmal on input line 520.
LaTeX Font Info:    Nested math: keeping math alphabet allocation in version no
rmal on input line 520.
LaTeX Font Info:    Nested math: keeping math alphabet allocation in version no
rmal on input line 520.
LaTeX Font Info:    Nested math: keeping math alphabet allocation in version no
rmal on input line 521.
LaTeX Font Info:    Nested math: keeping math alphabet allocation in version no
rmal on input line 521.
LaTeX Font Info:    Nested math: keeping math alphabet allocation in version no
rmal on input line 522.
LaTeX Font Info:    No math alphabet change to frozen version normal on input l
ine 523.
LaTeX Font Info:    No math alphabet change to frozen version normal on input l
ine 525.
LaTeX Font Info:    No math alphabet change to frozen version normal on input l
ine 537.
LaTeX Font Info:    Nested math: keeping math alphabet allocation in version no
rmal on input line 538.
LaTeX Font Info:    Nested math: keeping math alphabet allocation in version no
rmal on input line 538.
LaTeX Font Info:    Nested math: keeping math alphabet allocation in version no
rmal on input line 538.
LaTeX Font Info:    Nested math: keeping math alphabet allocation in version no
rmal on input line 538.
LaTeX Font Info:    Nested math: keeping math alphabet allocation in version no
rmal on input line 541.
LaTeX Font Info:    Nested math: keeping math alphabet allocation in version no
rmal on input line 541.
LaTeX Font Info:    Nested math: keeping math alphabet allocation in version no
rmal on input line 541.
LaTeX Font Info:    Nested math: keeping math alphabet allocation in version no
rmal on input line 541.
LaTeX Font Info:    Nested math: keeping math alphabet allocation in version no
rmal on input line 541.
LaTeX Font Info:    Nested math: keeping math alphabet allocation in version no
rmal on input line 542.
LaTeX Font Info:    Nested math: keeping math alphabet allocation in version no
rmal on input line 542.
LaTeX Font Info:    Nested math: keeping math alphabet allocation in version no
rmal on input line 542.
LaTeX Font Info:    Nested math: keeping math alphabet allocation in version no
rmal on input line 542.
LaTeX Font Info:    Nested math: keeping math alphabet allocation in version no
rmal on input line 542.
LaTeX Font Info:    Nested math: keeping math alphabet allocation in version no
rmal on input line 543.
LaTeX Font Info:    Nested math: keeping math alphabet allocation in version no
rmal on input line 543.
LaTeX Font Info:    Nested math: keeping math alphabet allocation in version no
rmal on input line 543.
LaTeX Font Info:    Nested math: keeping math alphabet allocation in version no
rmal on input line 543.
LaTeX Font Info:    Nested math: keeping math alphabet allocation in version no
rmal on input line 544.
LaTeX Font Info:    Nested math: keeping math alphabet allocation in version no
rmal on input line 544.
LaTeX Font Info:    No math alphabet change to frozen version normal on input l
ine 546.
LaTeX Font Info:    No math alphabet change to frozen version normal on input l
ine 546.
LaTeX Font Info:    No math alphabet change to frozen version normal on input l
ine 547.
LaTeX Font Info:    No math alphabet change to frozen version normal on input l
ine 549.
LaTeX Font Info:    No math alphabet change to frozen version normal on input l
ine 549.
LaTeX Font Info:    No math alphabet change to frozen version normal on input l
ine 551.
LaTeX Font Info:    No math alphabet change to frozen version normal on input l
ine 561.

Underfull \hbox (badness 3364) in paragraph at lines 557--566
[]\T1/txr/m/n/10 We em-ploy the same relation-learning ar-chi-tec-ture as
 []

LaTeX Font Info:    No math alphabet change to frozen version normal on input l
ine 567.
LaTeX Font Info:    No math alphabet change to frozen version normal on input l
ine 568.
LaTeX Font Info:    No math alphabet change to frozen version normal on input l
ine 568.
LaTeX Font Info:    No math alphabet change to frozen version normal on input l
ine 569.
LaTeX Font Info:    No math alphabet change to frozen version normal on input l
ine 569.
LaTeX Font Info:    No math alphabet change to frozen version normal on input l
ine 569.
LaTeX Font Info:    No math alphabet change to frozen version normal on input l
ine 570.
LaTeX Font Info:    No math alphabet change to frozen version normal on input l
ine 572.
[5 <./figures/paqc_reference_edit/paqc_geometry_v5_editable.pdf>]
LaTeX Font Info:    Nested math: keeping math alphabet allocation in version no
rmal on input line 574.
LaTeX Font Info:    Nested math: keeping math alphabet allocation in version no
rmal on input line 574.
LaTeX Font Info:    Nested math: keeping math alphabet allocation in version no
rmal on input line 574.
LaTeX Font Info:    Nested math: keeping math alphabet allocation in version no
rmal on input line 574.
LaTeX Font Info:    Nested math: keeping math alphabet allocation in version no
rmal on input line 575.
LaTeX Font Info:    Nested math: keeping math alphabet allocation in version no
rmal on input line 575.
LaTeX Font Info:    No math alphabet change to frozen version normal on input l
ine 578.
LaTeX Font Info:    No math alphabet change to frozen version normal on input l
ine 578.
LaTeX Font Info:    No math alphabet change to frozen version normal on input l
ine 579.
LaTeX Font Info:    No math alphabet change to frozen version normal on input l
ine 595.
LaTeX Font Info:    No math alphabet change to frozen version normal on input l
ine 596.
LaTeX Font Info:    No math alphabet change to frozen version normal on input l
ine 597.
LaTeX Font Info:    No math alphabet change to frozen version normal on input l
ine 598.
LaTeX Font Info:    No math alphabet change to frozen version normal on input l
ine 599.
LaTeX Font Info:    No math alphabet change to frozen version normal on input l
ine 615.
LaTeX Font Info:    Nested math: keeping math alphabet allocation in version no
rmal on input line 617.
LaTeX Font Info:    Nested math: keeping math alphabet allocation in version no
rmal on input line 617.
LaTeX Font Info:    Nested math: keeping math alphabet allocation in version no
rmal on input line 617.
LaTeX Font Info:    Nested math: keeping math alphabet allocation in version no
rmal on input line 617.
LaTeX Font Info:    Nested math: keeping math alphabet allocation in version no
rmal on input line 619.
LaTeX Font Info:    Nested math: keeping math alphabet allocation in version no
rmal on input line 620.
LaTeX Font Info:    No math alphabet change to frozen version normal on input l
ine 622.
LaTeX Font Info:    No math alphabet change to frozen version normal on input l
ine 622.
LaTeX Font Info:    No math alphabet change to frozen version normal on input l
ine 623.
LaTeX Font Info:    No math alphabet change to frozen version normal on input l
ine 630.
LaTeX Font Info:    No math alphabet change to frozen version normal on input l
ine 631.
LaTeX Font Info:    No math alphabet change to frozen version normal on input l
ine 632.
LaTeX Font Info:    No math alphabet change to frozen version normal on input l
ine 633.
LaTeX Font Info:    No math alphabet change to frozen version normal on input l
ine 634.
LaTeX Font Info:    Nested math: keeping math alphabet allocation in version no
rmal on input line 635.
LaTeX Font Info:    Nested math: keeping math alphabet allocation in version no
rmal on input line 635.
LaTeX Font Info:    Nested math: keeping math alphabet allocation in version no
rmal on input line 635.
LaTeX Font Info:    Nested math: keeping math alphabet allocation in version no
rmal on input line 635.
LaTeX Font Info:    No math alphabet change to frozen version normal on input l
ine 641.
LaTeX Font Info:    No math alphabet change to frozen version normal on input l
ine 641.
LaTeX Font Info:    No math alphabet change to frozen version normal on input l
ine 642.
LaTeX Font Info:    No math alphabet change to frozen version normal on input l
ine 643.
LaTeX Font Info:    No math alphabet change to frozen version normal on input l
ine 645.
LaTeX Font Info:    Nested math: keeping math alphabet allocation in version no
rmal on input line 647.
LaTeX Font Info:    Nested math: keeping math alphabet allocation in version no
rmal on input line 647.
LaTeX Font Info:    Nested math: keeping math alphabet allocation in version no
rmal on input line 647.
LaTeX Font Info:    Nested math: keeping math alphabet allocation in version no
rmal on input line 647.
LaTeX Font Info:    Nested math: keeping math alphabet allocation in version no
rmal on input line 649.
LaTeX Font Info:    Nested math: keeping math alphabet allocation in version no
rmal on input line 649.
LaTeX Font Info:    No math alphabet change to frozen version normal on input l
ine 652.
LaTeX Font Info:    No math alphabet change to frozen version normal on input l
ine 652.
LaTeX Font Info:    No math alphabet change to frozen version normal on input l
ine 653.
LaTeX Font Info:    No math alphabet change to frozen version normal on input l
ine 654.
LaTeX Font Info:    No math alphabet change to frozen version normal on input l
ine 657.
LaTeX Font Info:    No math alphabet change to frozen version normal on input l
ine 659.
LaTeX Font Info:    No math alphabet change to frozen version normal on input l
ine 667.
LaTeX Font Info:    No math alphabet change to frozen version normal on input l
ine 668.
LaTeX Font Info:    No math alphabet change to frozen version normal on input l
ine 668.
LaTeX Font Info:    Nested math: keeping math alphabet allocation in version no
rmal on input line 669.
LaTeX Font Info:    Nested math: keeping math alphabet allocation in version no
rmal on input line 669.
LaTeX Font Info:    Nested math: keeping math alphabet allocation in version no
rmal on input line 669.
LaTeX Font Info:    Nested math: keeping math alphabet allocation in version no
rmal on input line 669.
LaTeX Font Info:    Nested math: keeping math alphabet allocation in version no
rmal on input line 671.
LaTeX Font Info:    Nested math: keeping math alphabet allocation in version no
rmal on input line 671.
LaTeX Font Info:    No math alphabet change to frozen version normal on input l
ine 673.
LaTeX Font Info:    No math alphabet change to frozen version normal on input l
ine 673.
LaTeX Font Info:    No math alphabet change to frozen version normal on input l
ine 674.
LaTeX Font Info:    No math alphabet change to frozen version normal on input l
ine 687.

Underfull \hbox (badness 1194) in paragraph at lines 685--691
[]\T1/txr/m/n/10 The indicator-oriented mode pro-vides an al-ter-na-tive as-
 []


Underfull \hbox (badness 1205) in paragraph at lines 685--691
\T1/txr/m/n/10 sess-ment of can-di-dates that pass relation-based screen-ing.
 []

LaTeX Font Info:    Nested math: keeping math alphabet allocation in version no
rmal on input line 691.
LaTeX Font Info:    Nested math: keeping math alphabet allocation in version no
rmal on input line 691.
LaTeX Font Info:    Nested math: keeping math alphabet allocation in version no
rmal on input line 691.
LaTeX Font Info:    Nested math: keeping math alphabet allocation in version no
rmal on input line 691.
LaTeX Font Info:    Nested math: keeping math alphabet allocation in version no
rmal on input line 692.
LaTeX Font Info:    No math alphabet change to frozen version normal on input l
ine 695.
LaTeX Font Info:    No math alphabet change to frozen version normal on input l
ine 695.
LaTeX Font Info:    No math alphabet change to frozen version normal on input l
ine 697.
LaTeX Font Info:    No math alphabet change to frozen version normal on input l
ine 698.
LaTeX Font Info:    No math alphabet change to frozen version normal on input l
ine 698.
LaTeX Font Info:    Nested math: keeping math alphabet allocation in version no
rmal on input line 700.
LaTeX Font Info:    No math alphabet change to frozen version normal on input l
ine 700.
LaTeX Font Info:    No math alphabet change to frozen version normal on input l
ine 701.
LaTeX Font Info:    No math alphabet change to frozen version normal on input l
ine 709.
LaTeX Font Info:    No math alphabet change to frozen version normal on input l
ine 709.
LaTeX Font Info:    Nested math: keeping math alphabet allocation in version no
rmal on input line 710.
LaTeX Font Info:    Nested math: keeping math alphabet allocation in version no
rmal on input line 710.
LaTeX Font Info:    Nested math: keeping math alphabet allocation in version no
rmal on input line 710.
LaTeX Font Info:    Nested math: keeping math alphabet allocation in version no
rmal on input line 710.
LaTeX Font Info:    Nested math: keeping math alphabet allocation in version no
rmal on input line 712.
LaTeX Font Info:    Nested math: keeping math alphabet allocation in version no
rmal on input line 712.
LaTeX Font Info:    Nested math: keeping math alphabet allocation in version no
rmal on input line 712.
LaTeX Font Info:    Nested math: keeping math alphabet allocation in version no
rmal on input line 712.
LaTeX Font Info:    Nested math: keeping math alphabet allocation in version no
rmal on input line 712.
LaTeX Font Info:    Nested math: keeping math alphabet allocation in version no
rmal on input line 712.
LaTeX Font Info:    Nested math: keeping math alphabet allocation in version no
rmal on input line 713.
LaTeX Font Info:    Nested math: keeping math alphabet allocation in version no
rmal on input line 713.
LaTeX Font Info:    Nested math: keeping math alphabet allocation in version no
rmal on input line 713.
LaTeX Font Info:    Nested math: keeping math alphabet allocation in version no
rmal on input line 713.
LaTeX Font Info:    Nested math: keeping math alphabet allocation in version no
rmal on input line 713.
LaTeX Font Info:    Nested math: keeping math alphabet allocation in version no
rmal on input line 713.
LaTeX Font Info:    Nested math: keeping math alphabet allocation in version no
rmal on input line 714.
LaTeX Font Info:    Nested math: keeping math alphabet allocation in version no
rmal on input line 714.
LaTeX Font Info:    Nested math: keeping math alphabet allocation in version no
rmal on input line 714.
LaTeX Font Info:    Nested math: keeping math alphabet allocation in version no
rmal on input line 714.
LaTeX Font Info:    Nested math: keeping math alphabet allocation in version no
rmal on input line 715.
LaTeX Font Info:    Nested math: keeping math alphabet allocation in version no
rmal on input line 715.
[6]
LaTeX Font Info:    No math alphabet change to frozen version normal on input l
ine 717.
LaTeX Font Info:    No math alphabet change to frozen version normal on input l
ine 717.
LaTeX Font Info:    No math alphabet change to frozen version normal on input l
ine 718.
LaTeX Font Info:    Nested math: keeping math alphabet allocation in version no
rmal on input line 722.
LaTeX Font Info:    Nested math: keeping math alphabet allocation in version no
rmal on input line 722.
LaTeX Font Info:    Nested math: keeping math alphabet allocation in version no
rmal on input line 722.
LaTeX Font Info:    Nested math: keeping math alphabet allocation in version no
rmal on input line 722.
LaTeX Font Info:    Nested math: keeping math alphabet allocation in version no
rmal on input line 723.
LaTeX Font Info:    Nested math: keeping math alphabet allocation in version no
rmal on input line 723.
LaTeX Font Info:    No math alphabet change to frozen version normal on input l
ine 725.
LaTeX Font Info:    No math alphabet change to frozen version normal on input l
ine 725.
LaTeX Font Info:    No math alphabet change to frozen version normal on input l
ine 726.
LaTeX Font Info:    No math alphabet change to frozen version normal on input l
ine 731.
LaTeX Font Info:    No math alphabet change to frozen version normal on input l
ine 737.
LaTeX Font Info:    No math alphabet change to frozen version normal on input l
ine 737.
LaTeX Font Info:    No math alphabet change to frozen version normal on input l
ine 738.
LaTeX Font Info:    No math alphabet change to frozen version normal on input l
ine 738.
LaTeX Font Info:    No math alphabet change to frozen version normal on input l
ine 739.
LaTeX Font Info:    No math alphabet change to frozen version normal on input l
ine 740.
LaTeX Font Info:    No math alphabet change to frozen version normal on input l
ine 740.
LaTeX Font Info:    No math alphabet change to frozen version normal on input l
ine 741.
LaTeX Font Info:    No math alphabet change to frozen version normal on input l
ine 742.
LaTeX Font Info:    No math alphabet change to frozen version normal on input l
ine 743.
LaTeX Font Info:    No math alphabet change to frozen version normal on input l
ine 743.
LaTeX Font Info:    No math alphabet change to frozen version normal on input l
ine 743.
LaTeX Font Info:    No math alphabet change to frozen version normal on input l
ine 744.
LaTeX Font Info:    Nested math: keeping math alphabet allocation in version no
rmal on input line 744.
LaTeX Font Info:    No math alphabet change to frozen version normal on input l
ine 744.
LaTeX Font Info:    No math alphabet change to frozen version normal on input l
ine 745.
LaTeX Font Info:    No math alphabet change to frozen version normal on input l
ine 745.
LaTeX Font Info:    No math alphabet change to frozen version normal on input l
ine 745.
LaTeX Font Info:    No math alphabet change to frozen version normal on input l
ine 747.
LaTeX Font Info:    Nested math: keeping math alphabet allocation in version no
rmal on input line 748.
LaTeX Font Info:    Nested math: keeping math alphabet allocation in version no
rmal on input line 748.
LaTeX Font Info:    No math alphabet change to frozen version normal on input l
ine 748.
LaTeX Font Info:    No math alphabet change to frozen version normal on input l
ine 748.
LaTeX Font Info:    No math alphabet change to frozen version normal on input l
ine 749.
LaTeX Font Info:    No math alphabet change to frozen version normal on input l
ine 751.
LaTeX Font Info:    No math alphabet change to frozen version normal on input l
ine 758.
LaTeX Font Info:    No math alphabet change to frozen version normal on input l
ine 758.
LaTeX Font Info:    No math alphabet change to frozen version normal on input l
ine 758.
LaTeX Font Info:    No math alphabet change to frozen version normal on input l
ine 759.
LaTeX Font Info:    No math alphabet change to frozen version normal on input l
ine 760.
LaTeX Font Info:    No math alphabet change to frozen version normal on input l
ine 763.
LaTeX Font Info:    No math alphabet change to frozen version normal on input l
ine 765.
LaTeX Font Info:    No math alphabet change to frozen version normal on input l
ine 766.
LaTeX Font Info:    No math alphabet change to frozen version normal on input l
ine 767.
LaTeX Font Info:    No math alphabet change to frozen version normal on input l
ine 768.
LaTeX Font Info:    No math alphabet change to frozen version normal on input l
ine 768.
LaTeX Font Info:    No math alphabet change to frozen version normal on input l
ine 769.
LaTeX Font Info:    No math alphabet change to frozen version normal on input l
ine 771.
LaTeX Font Info:    No math alphabet change to frozen version normal on input l
ine 772.
LaTeX Font Info:    No math alphabet change to frozen version normal on input l
ine 772.
LaTeX Font Info:    No math alphabet change to frozen version normal on input l
ine 773.
LaTeX Font Info:    No math alphabet change to frozen version normal on input l
ine 774.
LaTeX Font Info:    No math alphabet change to frozen version normal on input l
ine 776.
LaTeX Font Info:    No math alphabet change to frozen version normal on input l
ine 778.
LaTeX Font Info:    No math alphabet change to frozen version normal on input l
ine 780.
LaTeX Font Info:    No math alphabet change to frozen version normal on input l
ine 803.
LaTeX Font Info:    No math alphabet change to frozen version normal on input l
ine 806.
LaTeX Font Info:    No math alphabet change to frozen version normal on input l
ine 807.
LaTeX Font Info:    No math alphabet change to frozen version normal on input l
ine 808.
LaTeX Font Info:    No math alphabet change to frozen version normal on input l
ine 809.
LaTeX Font Info:    No math alphabet change to frozen version normal on input l
ine 809.
LaTeX Font Info:    No math alphabet change to frozen version normal on input l
ine 809.
LaTeX Font Info:    No math alphabet change to frozen version normal on input l
ine 810.

Underfull \hbox (badness 2512) in paragraph at lines 802--811
 []\T1/txr/m/it/10 Test prob-lems and eval-u-a-tion bud-get..[] \T1/txr/m/n/10 
The main per-for-
 []

LaTeX Font Info:    No math alphabet change to frozen version normal on input l
ine 820.

Underfull \hbox (badness 10000) in paragraph at lines 813--822
 []\T1/txr/m/it/10 Compared al-go-rithms..[] \T1/txr/m/n/10 PACDIS is com-pared
 with six
 []


Underfull \hbox (badness 2088) in paragraph at lines 813--822
\T1/txr/m/n/10 SAEA [[]], SAMOEA-TL2M [[]], CSEA [[]], and HES-
 []

LaTeX Font Info:    No math alphabet change to frozen version normal on input l
ine 825.
LaTeX Font Info:    No math alphabet change to frozen version normal on input l
ine 825.
LaTeX Font Info:    No math alphabet change to frozen version normal on input l
ine 825.
LaTeX Font Info:    No math alphabet change to frozen version normal on input l
ine 826.
LaTeX Font Info:    No math alphabet change to frozen version normal on input l
ine 826.
LaTeX Font Info:    No math alphabet change to frozen version normal on input l
ine 827.
LaTeX Font Info:    No math alphabet change to frozen version normal on input l
ine 828.
LaTeX Font Info:    No math alphabet change to frozen version normal on input l
ine 829.
LaTeX Font Info:    Nested math: keeping math alphabet allocation in version no
rmal on input line 831.
LaTeX Font Info:    Nested math: keeping math alphabet allocation in version no
rmal on input line 831.
LaTeX Font Info:    Nested math: keeping math alphabet allocation in version no
rmal on input line 831.
LaTeX Font Info:    Nested math: keeping math alphabet allocation in version no
rmal on input line 831.
LaTeX Font Info:    No math alphabet change to frozen version normal on input l
ine 834.
LaTeX Font Info:    No math alphabet change to frozen version normal on input l
ine 834.
LaTeX Font Info:    No math alphabet change to frozen version normal on input l
ine 835.
LaTeX Font Info:    No math alphabet change to frozen version normal on input l
ine 835.
LaTeX Font Info:    No math alphabet change to frozen version normal on input l
ine 844.

Underfull \hbox (badness 1584) in paragraph at lines 841--846
\T1/txr/m/n/10 ref-er-ence vec-tors for low-dimensional or small-population
 []

LaTeX Font Info:    No math alphabet change to frozen version normal on input l
ine 848.
LaTeX Font Info:    No math alphabet change to frozen version normal on input l
ine 851.
LaTeX Font Info:    No math alphabet change to frozen version normal on input l
ine 854.
LaTeX Font Info:    No math alphabet change to frozen version normal on input l
ine 855.
LaTeX Font Info:    No math alphabet change to frozen version normal on input l
ine 856.
LaTeX Font Info:    No math alphabet change to frozen version normal on input l
ine 857.
[7]
LaTeX Font Info:    No math alphabet change to frozen version normal on input l
ine 863.
LaTeX Font Info:    No math alphabet change to frozen version normal on input l
ine 863.
LaTeX Font Info:    No math alphabet change to frozen version normal on input l
ine 867.
LaTeX Font Info:    No math alphabet change to frozen version normal on input l
ine 873.
LaTeX Font Info:    No math alphabet change to frozen version normal on input l
ine 879.
LaTeX Font Info:    No math alphabet change to frozen version normal on input l
ine 880.

Underfull \hbox (badness 2205) in paragraph at lines 878--882
[]\T1/txr/m/n/10 Tables []1[] and []2[] re-port the 500-evaluation com-par-i-so
n.
 []

(experiments/main_performance/table_dtlz.tex
LaTeX Font Info:    No math alphabet change to frozen version normal on input l
ine 4.
LaTeX Font Info:    Nested math: keeping math alphabet allocation in version no
rmal on input line 11.
LaTeX Font Info:    Nested math: keeping math alphabet allocation in version no
rmal on input line 13.
LaTeX Font Info:    Nested math: keeping math alphabet allocation in version no
rmal on input line 13.
LaTeX Font Info:    Nested math: keeping math alphabet allocation in version no
rmal on input line 13.
LaTeX Font Info:    Nested math: keeping math alphabet allocation in version no
rmal on input line 13.
LaTeX Font Info:    Nested math: keeping math alphabet allocation in version no
rmal on input line 13.
LaTeX Font Info:    Nested math: keeping math alphabet allocation in version no
rmal on input line 13.
LaTeX Font Info:    Nested math: keeping math alphabet allocation in version no
rmal on input line 14.
LaTeX Font Info:    Nested math: keeping math alphabet allocation in version no
rmal on input line 14.
LaTeX Font Info:    Nested math: keeping math alphabet allocation in version no
rmal on input line 14.
LaTeX Font Info:    Nested math: keeping math alphabet allocation in version no
rmal on input line 14.
LaTeX Font Info:    Nested math: keeping math alphabet allocation in version no
rmal on input line 14.
LaTeX Font Info:    Nested math: keeping math alphabet allocation in version no
rmal on input line 14.
LaTeX Font Info:    Nested math: keeping math alphabet allocation in version no
rmal on input line 15.
LaTeX Font Info:    Nested math: keeping math alphabet allocation in version no
rmal on input line 15.
LaTeX Font Info:    Nested math: keeping math alphabet allocation in version no
rmal on input line 15.
LaTeX Font Info:    Nested math: keeping math alphabet allocation in version no
rmal on input line 15.
LaTeX Font Info:    Nested math: keeping math alphabet allocation in version no
rmal on input line 15.
LaTeX Font Info:    Nested math: keeping math alphabet allocation in version no
rmal on input line 15.
LaTeX Font Info:    Nested math: keeping math alphabet allocation in version no
rmal on input line 17.
LaTeX Font Info:    Nested math: keeping math alphabet allocation in version no
rmal on input line 17.
LaTeX Font Info:    Nested math: keeping math alphabet allocation in version no
rmal on input line 17.
LaTeX Font Info:    Nested math: keeping math alphabet allocation in version no
rmal on input line 17.
LaTeX Font Info:    Nested math: keeping math alphabet allocation in version no
rmal on input line 17.
LaTeX Font Info:    Nested math: keeping math alphabet allocation in version no
rmal on input line 17.
LaTeX Font Info:    Nested math: keeping math alphabet allocation in version no
rmal on input line 18.
LaTeX Font Info:    Nested math: keeping math alphabet allocation in version no
rmal on input line 18.
LaTeX Font Info:    Nested math: keeping math alphabet allocation in version no
rmal on input line 18.
LaTeX Font Info:    Nested math: keeping math alphabet allocation in version no
rmal on input line 18.
LaTeX Font Info:    Nested math: keeping math alphabet allocation in version no
rmal on input line 18.
LaTeX Font Info:    Nested math: keeping math alphabet allocation in version no
rmal on input line 18.
LaTeX Font Info:    Nested math: keeping math alphabet allocation in version no
rmal on input line 19.
LaTeX Font Info:    Nested math: keeping math alphabet allocation in version no
rmal on input line 19.
LaTeX Font Info:    Nested math: keeping math alphabet allocation in version no
rmal on input line 19.
LaTeX Font Info:    Nested math: keeping math alphabet allocation in version no
rmal on input line 19.
LaTeX Font Info:    Nested math: keeping math alphabet allocation in version no
rmal on input line 19.
LaTeX Font Info:    Nested math: keeping math alphabet allocation in version no
rmal on input line 19.
LaTeX Font Info:    Nested math: keeping math alphabet allocation in version no
rmal on input line 21.
LaTeX Font Info:    Nested math: keeping math alphabet allocation in version no
rmal on input line 21.
LaTeX Font Info:    Nested math: keeping math alphabet allocation in version no
rmal on input line 21.
LaTeX Font Info:    Nested math: keeping math alphabet allocation in version no
rmal on input line 21.
LaTeX Font Info:    Nested math: keeping math alphabet allocation in version no
rmal on input line 21.
LaTeX Font Info:    Nested math: keeping math alphabet allocation in version no
rmal on input line 21.
LaTeX Font Info:    Nested math: keeping math alphabet allocation in version no
rmal on input line 22.
LaTeX Font Info:    Nested math: keeping math alphabet allocation in version no
rmal on input line 22.
LaTeX Font Info:    Nested math: keeping math alphabet allocation in version no
rmal on input line 22.
LaTeX Font Info:    Nested math: keeping math alphabet allocation in version no
rmal on input line 22.
LaTeX Font Info:    Nested math: keeping math alphabet allocation in version no
rmal on input line 22.
LaTeX Font Info:    Nested math: keeping math alphabet allocation in version no
rmal on input line 22.
LaTeX Font Info:    Nested math: keeping math alphabet allocation in version no
rmal on input line 23.
LaTeX Font Info:    Nested math: keeping math alphabet allocation in version no
rmal on input line 23.
LaTeX Font Info:    Nested math: keeping math alphabet allocation in version no
rmal on input line 23.
LaTeX Font Info:    Nested math: keeping math alphabet allocation in version no
rmal on input line 23.
LaTeX Font Info:    Nested math: keeping math alphabet allocation in version no
rmal on input line 23.
LaTeX Font Info:    Nested math: keeping math alphabet allocation in version no
rmal on input line 23.
LaTeX Font Info:    Nested math: keeping math alphabet allocation in version no
rmal on input line 25.
LaTeX Font Info:    Nested math: keeping math alphabet allocation in version no
rmal on input line 25.
LaTeX Font Info:    Nested math: keeping math alphabet allocation in version no
rmal on input line 25.
LaTeX Font Info:    Nested math: keeping math alphabet allocation in version no
rmal on input line 25.
LaTeX Font Info:    Nested math: keeping math alphabet allocation in version no
rmal on input line 25.
LaTeX Font Info:    Nested math: keeping math alphabet allocation in version no
rmal on input line 25.
LaTeX Font Info:    Nested math: keeping math alphabet allocation in version no
rmal on input line 26.
LaTeX Font Info:    Nested math: keeping math alphabet allocation in version no
rmal on input line 26.
LaTeX Font Info:    Nested math: keeping math alphabet allocation in version no
rmal on input line 26.
LaTeX Font Info:    Nested math: keeping math alphabet allocation in version no
rmal on input line 26.
LaTeX Font Info:    Nested math: keeping math alphabet allocation in version no
rmal on input line 26.
LaTeX Font Info:    Nested math: keeping math alphabet allocation in version no
rmal on input line 26.
LaTeX Font Info:    Nested math: keeping math alphabet allocation in version no
rmal on input line 27.
LaTeX Font Info:    Nested math: keeping math alphabet allocation in version no
rmal on input line 27.
LaTeX Font Info:    Nested math: keeping math alphabet allocation in version no
rmal on input line 27.
LaTeX Font Info:    Nested math: keeping math alphabet allocation in version no
rmal on input line 27.
LaTeX Font Info:    Nested math: keeping math alphabet allocation in version no
rmal on input line 27.
LaTeX Font Info:    Nested math: keeping math alphabet allocation in version no
rmal on input line 27.
LaTeX Font Info:    Nested math: keeping math alphabet allocation in version no
rmal on input line 29.
LaTeX Font Info:    Nested math: keeping math alphabet allocation in version no
rmal on input line 29.
LaTeX Font Info:    Nested math: keeping math alphabet allocation in version no
rmal on input line 29.
LaTeX Font Info:    Nested math: keeping math alphabet allocation in version no
rmal on input line 29.
LaTeX Font Info:    Nested math: keeping math alphabet allocation in version no
rmal on input line 29.
LaTeX Font Info:    Nested math: keeping math alphabet allocation in version no
rmal on input line 29.
LaTeX Font Info:    Nested math: keeping math alphabet allocation in version no
rmal on input line 30.
LaTeX Font Info:    Nested math: keeping math alphabet allocation in version no
rmal on input line 30.
LaTeX Font Info:    Nested math: keeping math alphabet allocation in version no
rmal on input line 30.
LaTeX Font Info:    Nested math: keeping math alphabet allocation in version no
rmal on input line 30.
LaTeX Font Info:    Nested math: keeping math alphabet allocation in version no
rmal on input line 30.
LaTeX Font Info:    Nested math: keeping math alphabet allocation in version no
rmal on input line 30.
LaTeX Font Info:    Nested math: keeping math alphabet allocation in version no
rmal on input line 31.
LaTeX Font Info:    Nested math: keeping math alphabet allocation in version no
rmal on input line 31.
LaTeX Font Info:    Nested math: keeping math alphabet allocation in version no
rmal on input line 31.
LaTeX Font Info:    Nested math: keeping math alphabet allocation in version no
rmal on input line 31.
LaTeX Font Info:    Nested math: keeping math alphabet allocation in version no
rmal on input line 31.
LaTeX Font Info:    Nested math: keeping math alphabet allocation in version no
rmal on input line 31.
LaTeX Font Info:    Nested math: keeping math alphabet allocation in version no
rmal on input line 33.
LaTeX Font Info:    Nested math: keeping math alphabet allocation in version no
rmal on input line 33.
LaTeX Font Info:    Nested math: keeping math alphabet allocation in version no
rmal on input line 33.
LaTeX Font Info:    Nested math: keeping math alphabet allocation in version no
rmal on input line 33.
LaTeX Font Info:    Nested math: keeping math alphabet allocation in version no
rmal on input line 33.
LaTeX Font Info:    Nested math: keeping math alphabet allocation in version no
rmal on input line 33.
LaTeX Font Info:    Nested math: keeping math alphabet allocation in version no
rmal on input line 34.
LaTeX Font Info:    Nested math: keeping math alphabet allocation in version no
rmal on input line 34.
LaTeX Font Info:    Nested math: keeping math alphabet allocation in version no
rmal on input line 34.
LaTeX Font Info:    Nested math: keeping math alphabet allocation in version no
rmal on input line 34.
LaTeX Font Info:    Nested math: keeping math alphabet allocation in version no
rmal on input line 34.
LaTeX Font Info:    Nested math: keeping math alphabet allocation in version no
rmal on input line 34.
LaTeX Font Info:    Nested math: keeping math alphabet allocation in version no
rmal on input line 35.
LaTeX Font Info:    Nested math: keeping math alphabet allocation in version no
rmal on input line 35.
LaTeX Font Info:    Nested math: keeping math alphabet allocation in version no
rmal on input line 35.
LaTeX Font Info:    Nested math: keeping math alphabet allocation in version no
rmal on input line 35.
LaTeX Font Info:    Nested math: keeping math alphabet allocation in version no
rmal on input line 35.
LaTeX Font Info:    Nested math: keeping math alphabet allocation in version no
rmal on input line 35.
LaTeX Font Info:    Nested math: keeping math alphabet allocation in version no
rmal on input line 37.
LaTeX Font Info:    Nested math: keeping math alphabet allocation in version no
rmal on input line 37.
LaTeX Font Info:    Nested math: keeping math alphabet allocation in version no
rmal on input line 37.
LaTeX Font Info:    Nested math: keeping math alphabet allocation in version no
rmal on input line 37.
LaTeX Font Info:    Nested math: keeping math alphabet allocation in version no
rmal on input line 37.
LaTeX Font Info:    Nested math: keeping math alphabet allocation in version no
rmal on input line 37.
LaTeX Font Info:    Nested math: keeping math alphabet allocation in version no
rmal on input line 38.
LaTeX Font Info:    Nested math: keeping math alphabet allocation in version no
rmal on input line 38.
LaTeX Font Info:    Nested math: keeping math alphabet allocation in version no
rmal on input line 38.
LaTeX Font Info:    Nested math: keeping math alphabet allocation in version no
rmal on input line 38.
LaTeX Font Info:    Nested math: keeping math alphabet allocation in version no
rmal on input line 38.
LaTeX Font Info:    Nested math: keeping math alphabet allocation in version no
rmal on input line 38.
LaTeX Font Info:    Nested math: keeping math alphabet allocation in version no
rmal on input line 39.
LaTeX Font Info:    Nested math: keeping math alphabet allocation in version no
rmal on input line 39.
LaTeX Font Info:    Nested math: keeping math alphabet allocation in version no
rmal on input line 39.
LaTeX Font Info:    Nested math: keeping math alphabet allocation in version no
rmal on input line 39.
LaTeX Font Info:    Nested math: keeping math alphabet allocation in version no
rmal on input line 39.
LaTeX Font Info:    Nested math: keeping math alphabet allocation in version no
rmal on input line 39.
LaTeX Font Info:    Nested math: keeping math alphabet allocation in version no
rmal on input line 41.
LaTeX Font Info:    No math alphabet change to frozen version normal on input l
ine 43.
LaTeX Font Info:    No math alphabet change to frozen version normal on input l
ine 46.
LaTeX Font Info:    No math alphabet change to frozen version normal on input l
ine 46.
LaTeX Font Info:    No math alphabet change to frozen version normal on input l
ine 46.
LaTeX Font Info:    No math alphabet change to frozen version normal on input l
ine 47.
)
(experiments/main_performance/table_wfg.tex
LaTeX Font Info:    No math alphabet change to frozen version normal on input l
ine 4.
LaTeX Font Info:    Nested math: keeping math alphabet allocation in version no
rmal on input line 11.
LaTeX Font Info:    Nested math: keeping math alphabet allocation in version no
rmal on input line 13.
LaTeX Font Info:    Nested math: keeping math alphabet allocation in version no
rmal on input line 13.
LaTeX Font Info:    Nested math: keeping math alphabet allocation in version no
rmal on input line 13.
LaTeX Font Info:    Nested math: keeping math alphabet allocation in version no
rmal on input line 13.
LaTeX Font Info:    Nested math: keeping math alphabet allocation in version no
rmal on input line 13.
LaTeX Font Info:    Nested math: keeping math alphabet allocation in version no
rmal on input line 13.
LaTeX Font Info:    Nested math: keeping math alphabet allocation in version no
rmal on input line 14.
LaTeX Font Info:    Nested math: keeping math alphabet allocation in version no
rmal on input line 14.
LaTeX Font Info:    Nested math: keeping math alphabet allocation in version no
rmal on input line 14.
LaTeX Font Info:    Nested math: keeping math alphabet allocation in version no
rmal on input line 14.
LaTeX Font Info:    Nested math: keeping math alphabet allocation in version no
rmal on input line 14.
LaTeX Font Info:    Nested math: keeping math alphabet allocation in version no
rmal on input line 14.
LaTeX Font Info:    Nested math: keeping math alphabet allocation in version no
rmal on input line 15.
LaTeX Font Info:    Nested math: keeping math alphabet allocation in version no
rmal on input line 15.
LaTeX Font Info:    Nested math: keeping math alphabet allocation in version no
rmal on input line 15.
LaTeX Font Info:    Nested math: keeping math alphabet allocation in version no
rmal on input line 15.
LaTeX Font Info:    Nested math: keeping math alphabet allocation in version no
rmal on input line 15.
LaTeX Font Info:    Nested math: keeping math alphabet allocation in version no
rmal on input line 15.
LaTeX Font Info:    Nested math: keeping math alphabet allocation in version no
rmal on input line 17.
LaTeX Font Info:    Nested math: keeping math alphabet allocation in version no
rmal on input line 17.
LaTeX Font Info:    Nested math: keeping math alphabet allocation in version no
rmal on input line 17.
LaTeX Font Info:    Nested math: keeping math alphabet allocation in version no
rmal on input line 17.
LaTeX Font Info:    Nested math: keeping math alphabet allocation in version no
rmal on input line 17.
LaTeX Font Info:    Nested math: keeping math alphabet allocation in version no
rmal on input line 17.
LaTeX Font Info:    Nested math: keeping math alphabet allocation in version no
rmal on input line 18.
LaTeX Font Info:    Nested math: keeping math alphabet allocation in version no
rmal on input line 18.
LaTeX Font Info:    Nested math: keeping math alphabet allocation in version no
rmal on input line 18.
LaTeX Font Info:    Nested math: keeping math alphabet allocation in version no
rmal on input line 18.
LaTeX Font Info:    Nested math: keeping math alphabet allocation in version no
rmal on input line 18.
LaTeX Font Info:    Nested math: keeping math alphabet allocation in version no
rmal on input line 18.
LaTeX Font Info:    Nested math: keeping math alphabet allocation in version no
rmal on input line 19.
LaTeX Font Info:    Nested math: keeping math alphabet allocation in version no
rmal on input line 19.
LaTeX Font Info:    Nested math: keeping math alphabet allocation in version no
rmal on input line 19.
LaTeX Font Info:    Nested math: keeping math alphabet allocation in version no
rmal on input line 19.
LaTeX Font Info:    Nested math: keeping math alphabet allocation in version no
rmal on input line 19.
LaTeX Font Info:    Nested math: keeping math alphabet allocation in version no
rmal on input line 19.
LaTeX Font Info:    Nested math: keeping math alphabet allocation in version no
rmal on input line 21.
LaTeX Font Info:    Nested math: keeping math alphabet allocation in version no
rmal on input line 21.
LaTeX Font Info:    Nested math: keeping math alphabet allocation in version no
rmal on input line 21.
LaTeX Font Info:    Nested math: keeping math alphabet allocation in version no
rmal on input line 21.
LaTeX Font Info:    Nested math: keeping math alphabet allocation in version no
rmal on input line 21.
LaTeX Font Info:    Nested math: keeping math alphabet allocation in version no
rmal on input line 21.
LaTeX Font Info:    Nested math: keeping math alphabet allocation in version no
rmal on input line 22.
LaTeX Font Info:    Nested math: keeping math alphabet allocation in version no
rmal on input line 22.
LaTeX Font Info:    Nested math: keeping math alphabet allocation in version no
rmal on input line 22.
LaTeX Font Info:    Nested math: keeping math alphabet allocation in version no
rmal on input line 22.
LaTeX Font Info:    Nested math: keeping math alphabet allocation in version no
rmal on input line 22.
LaTeX Font Info:    Nested math: keeping math alphabet allocation in version no
rmal on input line 22.
LaTeX Font Info:    Nested math: keeping math alphabet allocation in version no
rmal on input line 23.
LaTeX Font Info:    Nested math: keeping math alphabet allocation in version no
rmal on input line 23.
LaTeX Font Info:    Nested math: keeping math alphabet allocation in version no
rmal on input line 23.
LaTeX Font Info:    Nested math: keeping math alphabet allocation in version no
rmal on input line 23.
LaTeX Font Info:    Nested math: keeping math alphabet allocation in version no
rmal on input line 23.
LaTeX Font Info:    Nested math: keeping math alphabet allocation in version no
rmal on input line 23.
LaTeX Font Info:    Nested math: keeping math alphabet allocation in version no
rmal on input line 25.
LaTeX Font Info:    Nested math: keeping math alphabet allocation in version no
rmal on input line 25.
LaTeX Font Info:    Nested math: keeping math alphabet allocation in version no
rmal on input line 25.
LaTeX Font Info:    Nested math: keeping math alphabet allocation in version no
rmal on input line 25.
LaTeX Font Info:    Nested math: keeping math alphabet allocation in version no
rmal on input line 25.
LaTeX Font Info:    Nested math: keeping math alphabet allocation in version no
rmal on input line 25.
LaTeX Font Info:    Nested math: keeping math alphabet allocation in version no
rmal on input line 26.
LaTeX Font Info:    Nested math: keeping math alphabet allocation in version no
rmal on input line 26.
LaTeX Font Info:    Nested math: keeping math alphabet allocation in version no
rmal on input line 26.
LaTeX Font Info:    Nested math: keeping math alphabet allocation in version no
rmal on input line 26.
LaTeX Font Info:    Nested math: keeping math alphabet allocation in version no
rmal on input line 26.
LaTeX Font Info:    Nested math: keeping math alphabet allocation in version no
rmal on input line 26.
LaTeX Font Info:    Nested math: keeping math alphabet allocation in version no
rmal on input line 27.
LaTeX Font Info:    Nested math: keeping math alphabet allocation in version no
rmal on input line 27.
LaTeX Font Info:    Nested math: keeping math alphabet allocation in version no
rmal on input line 27.
LaTeX Font Info:    Nested math: keeping math alphabet allocation in version no
rmal on input line 27.
LaTeX Font Info:    Nested math: keeping math alphabet allocation in version no
rmal on input line 27.
LaTeX Font Info:    Nested math: keeping math alphabet allocation in version no
rmal on input line 27.
LaTeX Font Info:    Nested math: keeping math alphabet allocation in version no
rmal on input line 29.
LaTeX Font Info:    Nested math: keeping math alphabet allocation in version no
rmal on input line 29.
LaTeX Font Info:    Nested math: keeping math alphabet allocation in version no
rmal on input line 29.
LaTeX Font Info:    Nested math: keeping math alphabet allocation in version no
rmal on input line 29.
LaTeX Font Info:    Nested math: keeping math alphabet allocation in version no
rmal on input line 29.
LaTeX Font Info:    Nested math: keeping math alphabet allocation in version no
rmal on input line 29.
LaTeX Font Info:    Nested math: keeping math alphabet allocation in version no
rmal on input line 30.
LaTeX Font Info:    Nested math: keeping math alphabet allocation in version no
rmal on input line 30.
LaTeX Font Info:    Nested math: keeping math alphabet allocation in version no
rmal on input line 30.
LaTeX Font Info:    Nested math: keeping math alphabet allocation in version no
rmal on input line 30.
LaTeX Font Info:    Nested math: keeping math alphabet allocation in version no
rmal on input line 30.
LaTeX Font Info:    Nested math: keeping math alphabet allocation in version no
rmal on input line 30.
LaTeX Font Info:    Nested math: keeping math alphabet allocation in version no
rmal on input line 31.
LaTeX Font Info:    Nested math: keeping math alphabet allocation in version no
rmal on input line 31.
LaTeX Font Info:    Nested math: keeping math alphabet allocation in version no
rmal on input line 31.
LaTeX Font Info:    Nested math: keeping math alphabet allocation in version no
rmal on input line 31.
LaTeX Font Info:    Nested math: keeping math alphabet allocation in version no
rmal on input line 31.
LaTeX Font Info:    Nested math: keeping math alphabet allocation in version no
rmal on input line 31.
LaTeX Font Info:    Nested math: keeping math alphabet allocation in version no
rmal on input line 33.
LaTeX Font Info:    Nested math: keeping math alphabet allocation in version no
rmal on input line 33.
LaTeX Font Info:    Nested math: keeping math alphabet allocation in version no
rmal on input line 33.
LaTeX Font Info:    Nested math: keeping math alphabet allocation in version no
rmal on input line 33.
LaTeX Font Info:    Nested math: keeping math alphabet allocation in version no
rmal on input line 33.
LaTeX Font Info:    Nested math: keeping math alphabet allocation in version no
rmal on input line 33.
LaTeX Font Info:    Nested math: keeping math alphabet allocation in version no
rmal on input line 34.
LaTeX Font Info:    Nested math: keeping math alphabet allocation in version no
rmal on input line 34.
LaTeX Font Info:    Nested math: keeping math alphabet allocation in version no
rmal on input line 34.
LaTeX Font Info:    Nested math: keeping math alphabet allocation in version no
rmal on input line 34.
LaTeX Font Info:    Nested math: keeping math alphabet allocation in version no
rmal on input line 34.
LaTeX Font Info:    Nested math: keeping math alphabet allocation in version no
rmal on input line 34.
LaTeX Font Info:    Nested math: keeping math alphabet allocation in version no
rmal on input line 35.
LaTeX Font Info:    Nested math: keeping math alphabet allocation in version no
rmal on input line 35.
LaTeX Font Info:    Nested math: keeping math alphabet allocation in version no
rmal on input line 35.
LaTeX Font Info:    Nested math: keeping math alphabet allocation in version no
rmal on input line 35.
LaTeX Font Info:    Nested math: keeping math alphabet allocation in version no
rmal on input line 35.
LaTeX Font Info:    Nested math: keeping math alphabet allocation in version no
rmal on input line 35.
LaTeX Font Info:    Nested math: keeping math alphabet allocation in version no
rmal on input line 37.
LaTeX Font Info:    Nested math: keeping math alphabet allocation in version no
rmal on input line 37.
LaTeX Font Info:    Nested math: keeping math alphabet allocation in version no
rmal on input line 37.
LaTeX Font Info:    Nested math: keeping math alphabet allocation in version no
rmal on input line 37.
LaTeX Font Info:    Nested math: keeping math alphabet allocation in version no
rmal on input line 37.
LaTeX Font Info:    Nested math: keeping math alphabet allocation in version no
rmal on input line 37.
LaTeX Font Info:    Nested math: keeping math alphabet allocation in version no
rmal on input line 38.
LaTeX Font Info:    Nested math: keeping math alphabet allocation in version no
rmal on input line 38.
LaTeX Font Info:    Nested math: keeping math alphabet allocation in version no
rmal on input line 38.
LaTeX Font Info:    Nested math: keeping math alphabet allocation in version no
rmal on input line 38.
LaTeX Font Info:    Nested math: keeping math alphabet allocation in version no
rmal on input line 38.
LaTeX Font Info:    Nested math: keeping math alphabet allocation in version no
rmal on input line 38.
LaTeX Font Info:    Nested math: keeping math alphabet allocation in version no
rmal on input line 39.
LaTeX Font Info:    Nested math: keeping math alphabet allocation in version no
rmal on input line 39.
LaTeX Font Info:    Nested math: keeping math alphabet allocation in version no
rmal on input line 39.
LaTeX Font Info:    Nested math: keeping math alphabet allocation in version no
rmal on input line 39.
LaTeX Font Info:    Nested math: keeping math alphabet allocation in version no
rmal on input line 39.
LaTeX Font Info:    Nested math: keeping math alphabet allocation in version no
rmal on input line 39.
LaTeX Font Info:    Nested math: keeping math alphabet allocation in version no
rmal on input line 41.
LaTeX Font Info:    Nested math: keeping math alphabet allocation in version no
rmal on input line 41.
LaTeX Font Info:    Nested math: keeping math alphabet allocation in version no
rmal on input line 41.
LaTeX Font Info:    Nested math: keeping math alphabet allocation in version no
rmal on input line 41.
LaTeX Font Info:    Nested math: keeping math alphabet allocation in version no
rmal on input line 41.
LaTeX Font Info:    Nested math: keeping math alphabet allocation in version no
rmal on input line 41.
LaTeX Font Info:    Nested math: keeping math alphabet allocation in version no
rmal on input line 42.
LaTeX Font Info:    Nested math: keeping math alphabet allocation in version no
rmal on input line 42.
LaTeX Font Info:    Nested math: keeping math alphabet allocation in version no
rmal on input line 42.
LaTeX Font Info:    Nested math: keeping math alphabet allocation in version no
rmal on input line 42.
LaTeX Font Info:    Nested math: keeping math alphabet allocation in version no
rmal on input line 42.
LaTeX Font Info:    Nested math: keeping math alphabet allocation in version no
rmal on input line 42.
LaTeX Font Info:    Nested math: keeping math alphabet allocation in version no
rmal on input line 43.
LaTeX Font Info:    Nested math: keeping math alphabet allocation in version no
rmal on input line 43.
LaTeX Font Info:    Nested math: keeping math alphabet allocation in version no
rmal on input line 43.
LaTeX Font Info:    Nested math: keeping math alphabet allocation in version no
rmal on input line 43.
LaTeX Font Info:    Nested math: keeping math alphabet allocation in version no
rmal on input line 43.
LaTeX Font Info:    Nested math: keeping math alphabet allocation in version no
rmal on input line 43.
LaTeX Font Info:    Nested math: keeping math alphabet allocation in version no
rmal on input line 45.
LaTeX Font Info:    Nested math: keeping math alphabet allocation in version no
rmal on input line 45.
LaTeX Font Info:    Nested math: keeping math alphabet allocation in version no
rmal on input line 45.
LaTeX Font Info:    Nested math: keeping math alphabet allocation in version no
rmal on input line 45.
LaTeX Font Info:    Nested math: keeping math alphabet allocation in version no
rmal on input line 45.
LaTeX Font Info:    Nested math: keeping math alphabet allocation in version no
rmal on input line 45.
LaTeX Font Info:    Nested math: keeping math alphabet allocation in version no
rmal on input line 46.
LaTeX Font Info:    Nested math: keeping math alphabet allocation in version no
rmal on input line 46.
LaTeX Font Info:    Nested math: keeping math alphabet allocation in version no
rmal on input line 46.
LaTeX Font Info:    Nested math: keeping math alphabet allocation in version no
rmal on input line 46.
LaTeX Font Info:    Nested math: keeping math alphabet allocation in version no
rmal on input line 46.
LaTeX Font Info:    Nested math: keeping math alphabet allocation in version no
rmal on input line 46.
LaTeX Font Info:    Nested math: keeping math alphabet allocation in version no
rmal on input line 47.
LaTeX Font Info:    Nested math: keeping math alphabet allocation in version no
rmal on input line 47.
LaTeX Font Info:    Nested math: keeping math alphabet allocation in version no
rmal on input line 47.
LaTeX Font Info:    Nested math: keeping math alphabet allocation in version no
rmal on input line 47.
LaTeX Font Info:    Nested math: keeping math alphabet allocation in version no
rmal on input line 47.
LaTeX Font Info:    Nested math: keeping math alphabet allocation in version no
rmal on input line 47.
LaTeX Font Info:    Nested math: keeping math alphabet allocation in version no
rmal on input line 49.
LaTeX Font Info:    No math alphabet change to frozen version normal on input l
ine 51.
LaTeX Font Info:    No math alphabet change to frozen version normal on input l
ine 54.
LaTeX Font Info:    No math alphabet change to frozen version normal on input l
ine 54.
LaTeX Font Info:    No math alphabet change to frozen version normal on input l
ine 54.
LaTeX Font Info:    No math alphabet change to frozen version normal on input l
ine 55.
)
LaTeX Font Info:    No math alphabet change to frozen version normal on input l
ine 887.
LaTeX Font Info:    No math alphabet change to frozen version normal on input l
ine 888.
LaTeX Font Info:    No math alphabet change to frozen version normal on input l
ine 891.
 [8

] [9] [10]
LaTeX Font Info:    No math alphabet change to frozen version normal on input l
ine 908.
LaTeX Font Info:    No math alphabet change to frozen version normal on input l
ine 908.
LaTeX Font Info:    No math alphabet change to frozen version normal on input l
ine 909.
LaTeX Font Info:    No math alphabet change to frozen version normal on input l
ine 910.
LaTeX Font Info:    No math alphabet change to frozen version normal on input l
ine 911.
LaTeX Font Info:    No math alphabet change to frozen version normal on input l
ine 921.
LaTeX Font Info:    No math alphabet change to frozen version normal on input l
ine 922.
LaTeX Font Info:    No math alphabet change to frozen version normal on input l
ine 922.
LaTeX Font Info:    No math alphabet change to frozen version normal on input l
ine 924.

(experiments/ablation/table_ablation_igdp.tex
LaTeX Font Info:    No math alphabet change to frozen version normal on input l
ine 4.
LaTeX Font Info:    No math alphabet change to frozen version normal on input l
ine 4.
LaTeX Font Info:    No math alphabet change to frozen version normal on input l
ine 4.
LaTeX Font Info:    Nested math: keeping math alphabet allocation in version no
rmal on input line 11.
LaTeX Font Info:    Nested math: keeping math alphabet allocation in version no
rmal on input line 11.
LaTeX Font Info:    Nested math: keeping math alphabet allocation in version no
rmal on input line 13.
LaTeX Font Info:    Nested math: keeping math alphabet allocation in version no
rmal on input line 13.
LaTeX Font Info:    Nested math: keeping math alphabet allocation in version no
rmal on input line 13.
LaTeX Font Info:    Nested math: keeping math alphabet allocation in version no
rmal on input line 13.
LaTeX Font Info:    Nested math: keeping math alphabet allocation in version no
rmal on input line 14.
LaTeX Font Info:    Nested math: keeping math alphabet allocation in version no
rmal on input line 14.
LaTeX Font Info:    Nested math: keeping math alphabet allocation in version no
rmal on input line 14.
LaTeX Font Info:    Nested math: keeping math alphabet allocation in version no
rmal on input line 14.
LaTeX Font Info:    Nested math: keeping math alphabet allocation in version no
rmal on input line 16.
LaTeX Font Info:    Nested math: keeping math alphabet allocation in version no
rmal on input line 16.
LaTeX Font Info:    Nested math: keeping math alphabet allocation in version no
rmal on input line 16.
LaTeX Font Info:    Nested math: keeping math alphabet allocation in version no
rmal on input line 16.
LaTeX Font Info:    Nested math: keeping math alphabet allocation in version no
rmal on input line 17.
LaTeX Font Info:    Nested math: keeping math alphabet allocation in version no
rmal on input line 17.
LaTeX Font Info:    Nested math: keeping math alphabet allocation in version no
rmal on input line 17.
LaTeX Font Info:    Nested math: keeping math alphabet allocation in version no
rmal on input line 17.
LaTeX Font Info:    Nested math: keeping math alphabet allocation in version no
rmal on input line 19.
LaTeX Font Info:    Nested math: keeping math alphabet allocation in version no
rmal on input line 19.
LaTeX Font Info:    Nested math: keeping math alphabet allocation in version no
rmal on input line 19.
LaTeX Font Info:    Nested math: keeping math alphabet allocation in version no
rmal on input line 19.
LaTeX Font Info:    Nested math: keeping math alphabet allocation in version no
rmal on input line 20.
LaTeX Font Info:    Nested math: keeping math alphabet allocation in version no
rmal on input line 20.
LaTeX Font Info:    Nested math: keeping math alphabet allocation in version no
rmal on input line 20.
LaTeX Font Info:    Nested math: keeping math alphabet allocation in version no
rmal on input line 20.
LaTeX Font Info:    Nested math: keeping math alphabet allocation in version no
rmal on input line 22.
LaTeX Font Info:    Nested math: keeping math alphabet allocation in version no
rmal on input line 22.
LaTeX Font Info:    Nested math: keeping math alphabet allocation in version no
rmal on input line 22.
LaTeX Font Info:    Nested math: keeping math alphabet allocation in version no
rmal on input line 22.
LaTeX Font Info:    Nested math: keeping math alphabet allocation in version no
rmal on input line 23.
LaTeX Font Info:    Nested math: keeping math alphabet allocation in version no
rmal on input line 23.
LaTeX Font Info:    Nested math: keeping math alphabet allocation in version no
rmal on input line 23.
LaTeX Font Info:    Nested math: keeping math alphabet allocation in version no
rmal on input line 23.
LaTeX Font Info:    Nested math: keeping math alphabet allocation in version no
rmal on input line 25.
LaTeX Font Info:    Nested math: keeping math alphabet allocation in version no
rmal on input line 25.
LaTeX Font Info:    Nested math: keeping math alphabet allocation in version no
rmal on input line 25.
LaTeX Font Info:    Nested math: keeping math alphabet allocation in version no
rmal on input line 25.
LaTeX Font Info:    Nested math: keeping math alphabet allocation in version no
rmal on input line 26.
LaTeX Font Info:    Nested math: keeping math alphabet allocation in version no
rmal on input line 26.
LaTeX Font Info:    Nested math: keeping math alphabet allocation in version no
rmal on input line 26.
LaTeX Font Info:    Nested math: keeping math alphabet allocation in version no
rmal on input line 26.
LaTeX Font Info:    Nested math: keeping math alphabet allocation in version no
rmal on input line 28.
LaTeX Font Info:    Nested math: keeping math alphabet allocation in version no
rmal on input line 28.
LaTeX Font Info:    Nested math: keeping math alphabet allocation in version no
rmal on input line 28.
LaTeX Font Info:    Nested math: keeping math alphabet allocation in version no
rmal on input line 28.
LaTeX Font Info:    Nested math: keeping math alphabet allocation in version no
rmal on input line 29.
LaTeX Font Info:    Nested math: keeping math alphabet allocation in version no
rmal on input line 29.
LaTeX Font Info:    Nested math: keeping math alphabet allocation in version no
rmal on input line 29.
LaTeX Font Info:    Nested math: keeping math alphabet allocation in version no
rmal on input line 29.
LaTeX Font Info:    Nested math: keeping math alphabet allocation in version no
rmal on input line 31.
LaTeX Font Info:    Nested math: keeping math alphabet allocation in version no
rmal on input line 31.
LaTeX Font Info:    Nested math: keeping math alphabet allocation in version no
rmal on input line 31.
LaTeX Font Info:    Nested math: keeping math alphabet allocation in version no
rmal on input line 31.
LaTeX Font Info:    Nested math: keeping math alphabet allocation in version no
rmal on input line 32.
LaTeX Font Info:    Nested math: keeping math alphabet allocation in version no
rmal on input line 32.
LaTeX Font Info:    Nested math: keeping math alphabet allocation in version no
rmal on input line 32.
LaTeX Font Info:    Nested math: keeping math alphabet allocation in version no
rmal on input line 32.
LaTeX Font Info:    Nested math: keeping math alphabet allocation in version no
rmal on input line 34.
LaTeX Font Info:    Nested math: keeping math alphabet allocation in version no
rmal on input line 34.
LaTeX Font Info:    Nested math: keeping math alphabet allocation in version no
rmal on input line 34.
LaTeX Font Info:    Nested math: keeping math alphabet allocation in version no
rmal on input line 34.
LaTeX Font Info:    No math alphabet change to frozen version normal on input l
ine 36.
LaTeX Font Info:    No math alphabet change to frozen version normal on input l
ine 39.
LaTeX Font Info:    No math alphabet change to frozen version normal on input l
ine 39.
LaTeX Font Info:    No math alphabet change to frozen version normal on input l
ine 39.
LaTeX Font Info:    No math alphabet change to frozen version normal on input l
ine 39.
LaTeX Font Info:    No math alphabet change to frozen version normal on input l
ine 39.
LaTeX Font Info:    No math alphabet change to frozen version normal on input l
ine 39.
LaTeX Font Info:    No math alphabet change to frozen version normal on input l
ine 39.
LaTeX Font Info:    No math alphabet change to frozen version normal on input l
ine 39.
LaTeX Font Info:    No math alphabet change to frozen version normal on input l
ine 40.
LaTeX Font Info:    No math alphabet change to frozen version normal on input l
ine 45.
LaTeX Font Info:    No math alphabet change to frozen version normal on input l
ine 45.
LaTeX Font Info:    No math alphabet change to frozen version normal on input l
ine 45.
LaTeX Font Info:    Nested math: keeping math alphabet allocation in version no
rmal on input line 52.
LaTeX Font Info:    Nested math: keeping math alphabet allocation in version no
rmal on input line 52.
LaTeX Font Info:    Nested math: keeping math alphabet allocation in version no
rmal on input line 54.
LaTeX Font Info:    Nested math: keeping math alphabet allocation in version no
rmal on input line 54.
LaTeX Font Info:    Nested math: keeping math alphabet allocation in version no
rmal on input line 54.
LaTeX Font Info:    Nested math: keeping math alphabet allocation in version no
rmal on input line 54.
LaTeX Font Info:    Nested math: keeping math alphabet allocation in version no
rmal on input line 55.
LaTeX Font Info:    Nested math: keeping math alphabet allocation in version no
rmal on input line 55.
LaTeX Font Info:    Nested math: keeping math alphabet allocation in version no
rmal on input line 55.
LaTeX Font Info:    Nested math: keeping math alphabet allocation in version no
rmal on input line 55.
LaTeX Font Info:    Nested math: keeping math alphabet allocation in version no
rmal on input line 57.
LaTeX Font Info:    Nested math: keeping math alphabet allocation in version no
rmal on input line 57.
LaTeX Font Info:    Nested math: keeping math alphabet allocation in version no
rmal on input line 57.
LaTeX Font Info:    Nested math: keeping math alphabet allocation in version no
rmal on input line 57.
LaTeX Font Info:    Nested math: keeping math alphabet allocation in version no
rmal on input line 58.
LaTeX Font Info:    Nested math: keeping math alphabet allocation in version no
rmal on input line 58.
LaTeX Font Info:    Nested math: keeping math alphabet allocation in version no
rmal on input line 58.
LaTeX Font Info:    Nested math: keeping math alphabet allocation in version no
rmal on input line 58.
LaTeX Font Info:    Nested math: keeping math alphabet allocation in version no
rmal on input line 60.
LaTeX Font Info:    Nested math: keeping math alphabet allocation in version no
rmal on input line 60.
LaTeX Font Info:    Nested math: keeping math alphabet allocation in version no
rmal on input line 60.
LaTeX Font Info:    Nested math: keeping math alphabet allocation in version no
rmal on input line 60.
LaTeX Font Info:    Nested math: keeping math alphabet allocation in version no
rmal on input line 61.
LaTeX Font Info:    Nested math: keeping math alphabet allocation in version no
rmal on input line 61.
LaTeX Font Info:    Nested math: keeping math alphabet allocation in version no
rmal on input line 61.
LaTeX Font Info:    Nested math: keeping math alphabet allocation in version no
rmal on input line 61.
LaTeX Font Info:    Nested math: keeping math alphabet allocation in version no
rmal on input line 63.
LaTeX Font Info:    Nested math: keeping math alphabet allocation in version no
rmal on input line 63.
LaTeX Font Info:    Nested math: keeping math alphabet allocation in version no
rmal on input line 63.
LaTeX Font Info:    Nested math: keeping math alphabet allocation in version no
rmal on input line 63.
LaTeX Font Info:    Nested math: keeping math alphabet allocation in version no
rmal on input line 64.
LaTeX Font Info:    Nested math: keeping math alphabet allocation in version no
rmal on input line 64.
LaTeX Font Info:    Nested math: keeping math alphabet allocation in version no
rmal on input line 64.
LaTeX Font Info:    Nested math: keeping math alphabet allocation in version no
rmal on input line 64.
LaTeX Font Info:    Nested math: keeping math alphabet allocation in version no
rmal on input line 66.
LaTeX Font Info:    Nested math: keeping math alphabet allocation in version no
rmal on input line 66.
LaTeX Font Info:    Nested math: keeping math alphabet allocation in version no
rmal on input line 66.
LaTeX Font Info:    Nested math: keeping math alphabet allocation in version no
rmal on input line 66.
LaTeX Font Info:    Nested math: keeping math alphabet allocation in version no
rmal on input line 67.
LaTeX Font Info:    Nested math: keeping math alphabet allocation in version no
rmal on input line 67.
LaTeX Font Info:    Nested math: keeping math alphabet allocation in version no
rmal on input line 67.
LaTeX Font Info:    Nested math: keeping math alphabet allocation in version no
rmal on input line 67.
LaTeX Font Info:    Nested math: keeping math alphabet allocation in version no
rmal on input line 69.
LaTeX Font Info:    Nested math: keeping math alphabet allocation in version no
rmal on input line 69.
LaTeX Font Info:    Nested math: keeping math alphabet allocation in version no
rmal on input line 69.
LaTeX Font Info:    Nested math: keeping math alphabet allocation in version no
rmal on input line 69.
LaTeX Font Info:    Nested math: keeping math alphabet allocation in version no
rmal on input line 70.
LaTeX Font Info:    Nested math: keeping math alphabet allocation in version no
rmal on input line 70.
LaTeX Font Info:    Nested math: keeping math alphabet allocation in version no
rmal on input line 70.
LaTeX Font Info:    Nested math: keeping math alphabet allocation in version no
rmal on input line 70.
LaTeX Font Info:    Nested math: keeping math alphabet allocation in version no
rmal on input line 72.
LaTeX Font Info:    Nested math: keeping math alphabet allocation in version no
rmal on input line 72.
LaTeX Font Info:    Nested math: keeping math alphabet allocation in version no
rmal on input line 72.
LaTeX Font Info:    Nested math: keeping math alphabet allocation in version no
rmal on input line 72.
LaTeX Font Info:    Nested math: keeping math alphabet allocation in version no
rmal on input line 73.
LaTeX Font Info:    Nested math: keeping math alphabet allocation in version no
rmal on input line 73.
LaTeX Font Info:    Nested math: keeping math alphabet allocation in version no
rmal on input line 73.
LaTeX Font Info:    Nested math: keeping math alphabet allocation in version no
rmal on input line 73.
LaTeX Font Info:    Nested math: keeping math alphabet allocation in version no
rmal on input line 75.
LaTeX Font Info:    Nested math: keeping math alphabet allocation in version no
rmal on input line 75.
LaTeX Font Info:    Nested math: keeping math alphabet allocation in version no
rmal on input line 75.
LaTeX Font Info:    Nested math: keeping math alphabet allocation in version no
rmal on input line 75.
LaTeX Font Info:    Nested math: keeping math alphabet allocation in version no
rmal on input line 76.
LaTeX Font Info:    Nested math: keeping math alphabet allocation in version no
rmal on input line 76.
LaTeX Font Info:    Nested math: keeping math alphabet allocation in version no
rmal on input line 76.
LaTeX Font Info:    Nested math: keeping math alphabet allocation in version no
rmal on input line 76.
LaTeX Font Info:    Nested math: keeping math alphabet allocation in version no
rmal on input line 78.
LaTeX Font Info:    Nested math: keeping math alphabet allocation in version no
rmal on input line 78.
LaTeX Font Info:    Nested math: keeping math alphabet allocation in version no
rmal on input line 78.
LaTeX Font Info:    Nested math: keeping math alphabet allocation in version no
rmal on input line 78.
LaTeX Font Info:    Nested math: keeping math alphabet allocation in version no
rmal on input line 79.
LaTeX Font Info:    Nested math: keeping math alphabet allocation in version no
rmal on input line 79.
LaTeX Font Info:    Nested math: keeping math alphabet allocation in version no
rmal on input line 79.
LaTeX Font Info:    Nested math: keeping math alphabet allocation in version no
rmal on input line 79.
LaTeX Font Info:    Nested math: keeping math alphabet allocation in version no
rmal on input line 81.
LaTeX Font Info:    Nested math: keeping math alphabet allocation in version no
rmal on input line 81.
LaTeX Font Info:    Nested math: keeping math alphabet allocation in version no
rmal on input line 81.
LaTeX Font Info:    Nested math: keeping math alphabet allocation in version no
rmal on input line 81.
LaTeX Font Info:    No math alphabet change to frozen version normal on input l
ine 83.
LaTeX Font Info:    No math alphabet change to frozen version normal on input l
ine 86.
LaTeX Font Info:    No math alphabet change to frozen version normal on input l
ine 86.
LaTeX Font Info:    No math alphabet change to frozen version normal on input l
ine 86.
LaTeX Font Info:    No math alphabet change to frozen version normal on input l
ine 86.
LaTeX Font Info:    No math alphabet change to frozen version normal on input l
ine 86.
LaTeX Font Info:    No math alphabet change to frozen version normal on input l
ine 86.
LaTeX Font Info:    No math alphabet change to frozen version normal on input l
ine 86.
LaTeX Font Info:    No math alphabet change to frozen version normal on input l
ine 86.
LaTeX Font Info:    No math alphabet change to frozen version normal on input l
ine 87.
)
LaTeX Font Info:    No math alphabet change to frozen version normal on input l
ine 939.
LaTeX Font Info:    No math alphabet change to frozen version normal on input l
ine 939.
LaTeX Font Info:    No math alphabet change to frozen version normal on input l
ine 939.
LaTeX Font Info:    No math alphabet change to frozen version normal on input l
ine 943.
LaTeX Font Info:    No math alphabet change to frozen version normal on input l
ine 944.
LaTeX Font Info:    Nested math: keeping math alphabet allocation in version no
rmal on input line 945.
LaTeX Font Info:    Nested math: keeping math alphabet allocation in version no
rmal on input line 945.
LaTeX Font Info:    Nested math: keeping math alphabet allocation in version no
rmal on input line 945.
LaTeX Font Info:    Nested math: keeping math alphabet allocation in version no
rmal on input line 945.
LaTeX Font Info:    No math alphabet change to frozen version normal on input l
ine 948.
LaTeX Font Info:    No math alphabet change to frozen version normal on input l
ine 948.

(experiments/pmix_historical_table.tex
LaTeX Font Info:    No math alphabet change to frozen version normal on input l
ine 4.
LaTeX Font Info:    No math alphabet change to frozen version normal on input l
ine 4.
LaTeX Font Info:    No math alphabet change to frozen version normal on input l
ine 4.
LaTeX Font Info:    Nested math: keeping math alphabet allocation in version no
rmal on input line 11.
LaTeX Font Info:    Nested math: keeping math alphabet allocation in version no
rmal on input line 11.
LaTeX Font Info:    Nested math: keeping math alphabet allocation in version no
rmal on input line 11.
LaTeX Font Info:    Nested math: keeping math alphabet allocation in version no
rmal on input line 11.
LaTeX Font Info:    Nested math: keeping math alphabet allocation in version no
rmal on input line 11.
LaTeX Font Info:    Nested math: keeping math alphabet allocation in version no
rmal on input line 11.
LaTeX Font Info:    Nested math: keeping math alphabet allocation in version no
rmal on input line 15.
LaTeX Font Info:    Nested math: keeping math alphabet allocation in version no
rmal on input line 15.
LaTeX Font Info:    Nested math: keeping math alphabet allocation in version no
rmal on input line 15.
LaTeX Font Info:    Nested math: keeping math alphabet allocation in version no
rmal on input line 15.
LaTeX Font Info:    Nested math: keeping math alphabet allocation in version no
rmal on input line 15.
LaTeX Font Info:    Nested math: keeping math alphabet allocation in version no
rmal on input line 16.
LaTeX Font Info:    Nested math: keeping math alphabet allocation in version no
rmal on input line 16.
LaTeX Font Info:    Nested math: keeping math alphabet allocation in version no
rmal on input line 16.
LaTeX Font Info:    Nested math: keeping math alphabet allocation in version no
rmal on input line 16.
LaTeX Font Info:    Nested math: keeping math alphabet allocation in version no
rmal on input line 16.
LaTeX Font Info:    Nested math: keeping math alphabet allocation in version no
rmal on input line 17.
LaTeX Font Info:    Nested math: keeping math alphabet allocation in version no
rmal on input line 17.
LaTeX Font Info:    Nested math: keeping math alphabet allocation in version no
rmal on input line 17.
LaTeX Font Info:    Nested math: keeping math alphabet allocation in version no
rmal on input line 17.
LaTeX Font Info:    Nested math: keeping math alphabet allocation in version no
rmal on input line 17.
LaTeX Font Info:    Nested math: keeping math alphabet allocation in version no
rmal on input line 18.
LaTeX Font Info:    Nested math: keeping math alphabet allocation in version no
rmal on input line 18.
LaTeX Font Info:    Nested math: keeping math alphabet allocation in version no
rmal on input line 18.
LaTeX Font Info:    Nested math: keeping math alphabet allocation in version no
rmal on input line 18.
LaTeX Font Info:    Nested math: keeping math alphabet allocation in version no
rmal on input line 18.
LaTeX Font Info:    Nested math: keeping math alphabet allocation in version no
rmal on input line 19.
LaTeX Font Info:    Nested math: keeping math alphabet allocation in version no
rmal on input line 19.
LaTeX Font Info:    Nested math: keeping math alphabet allocation in version no
rmal on input line 19.
LaTeX Font Info:    Nested math: keeping math alphabet allocation in version no
rmal on input line 19.
LaTeX Font Info:    Nested math: keeping math alphabet allocation in version no
rmal on input line 19.
LaTeX Font Info:    Nested math: keeping math alphabet allocation in version no
rmal on input line 20.
LaTeX Font Info:    Nested math: keeping math alphabet allocation in version no
rmal on input line 20.
LaTeX Font Info:    Nested math: keeping math alphabet allocation in version no
rmal on input line 20.
LaTeX Font Info:    Nested math: keeping math alphabet allocation in version no
rmal on input line 20.
LaTeX Font Info:    Nested math: keeping math alphabet allocation in version no
rmal on input line 20.
LaTeX Font Info:    Nested math: keeping math alphabet allocation in version no
rmal on input line 22.
LaTeX Font Info:    Nested math: keeping math alphabet allocation in version no
rmal on input line 22.
LaTeX Font Info:    Nested math: keeping math alphabet allocation in version no
rmal on input line 22.
LaTeX Font Info:    Nested math: keeping math alphabet allocation in version no
rmal on input line 22.
LaTeX Font Info:    Nested math: keeping math alphabet allocation in version no
rmal on input line 22.
LaTeX Font Info:    Nested math: keeping math alphabet allocation in version no
rmal on input line 23.
LaTeX Font Info:    Nested math: keeping math alphabet allocation in version no
rmal on input line 23.
LaTeX Font Info:    Nested math: keeping math alphabet allocation in version no
rmal on input line 23.
LaTeX Font Info:    Nested math: keeping math alphabet allocation in version no
rmal on input line 23.
LaTeX Font Info:    Nested math: keeping math alphabet allocation in version no
rmal on input line 23.
LaTeX Font Info:    Nested math: keeping math alphabet allocation in version no
rmal on input line 23.
LaTeX Font Info:    Nested math: keeping math alphabet allocation in version no
rmal on input line 27.
LaTeX Font Info:    Nested math: keeping math alphabet allocation in version no
rmal on input line 27.
LaTeX Font Info:    Nested math: keeping math alphabet allocation in version no
rmal on input line 27.
LaTeX Font Info:    Nested math: keeping math alphabet allocation in version no
rmal on input line 27.
LaTeX Font Info:    Nested math: keeping math alphabet allocation in version no
rmal on input line 27.
LaTeX Font Info:    Nested math: keeping math alphabet allocation in version no
rmal on input line 28.
LaTeX Font Info:    Nested math: keeping math alphabet allocation in version no
rmal on input line 28.
LaTeX Font Info:    Nested math: keeping math alphabet allocation in version no
rmal on input line 28.
LaTeX Font Info:    Nested math: keeping math alphabet allocation in version no
rmal on input line 28.
LaTeX Font Info:    Nested math: keeping math alphabet allocation in version no
rmal on input line 28.
LaTeX Font Info:    Nested math: keeping math alphabet allocation in version no
rmal on input line 29.
LaTeX Font Info:    Nested math: keeping math alphabet allocation in version no
rmal on input line 29.
LaTeX Font Info:    Nested math: keeping math alphabet allocation in version no
rmal on input line 29.
LaTeX Font Info:    Nested math: keeping math alphabet allocation in version no
rmal on input line 29.
LaTeX Font Info:    Nested math: keeping math alphabet allocation in version no
rmal on input line 29.
LaTeX Font Info:    Nested math: keeping math alphabet allocation in version no
rmal on input line 30.
LaTeX Font Info:    Nested math: keeping math alphabet allocation in version no
rmal on input line 30.
LaTeX Font Info:    Nested math: keeping math alphabet allocation in version no
rmal on input line 30.
LaTeX Font Info:    Nested math: keeping math alphabet allocation in version no
rmal on input line 30.
LaTeX Font Info:    Nested math: keeping math alphabet allocation in version no
rmal on input line 30.
LaTeX Font Info:    Nested math: keeping math alphabet allocation in version no
rmal on input line 31.
LaTeX Font Info:    Nested math: keeping math alphabet allocation in version no
rmal on input line 31.
LaTeX Font Info:    Nested math: keeping math alphabet allocation in version no
rmal on input line 31.
LaTeX Font Info:    Nested math: keeping math alphabet allocation in version no
rmal on input line 31.
LaTeX Font Info:    Nested math: keeping math alphabet allocation in version no
rmal on input line 31.
LaTeX Font Info:    Nested math: keeping math alphabet allocation in version no
rmal on input line 32.
LaTeX Font Info:    Nested math: keeping math alphabet allocation in version no
rmal on input line 32.
LaTeX Font Info:    Nested math: keeping math alphabet allocation in version no
rmal on input line 32.
LaTeX Font Info:    Nested math: keeping math alphabet allocation in version no
rmal on input line 32.
LaTeX Font Info:    Nested math: keeping math alphabet allocation in version no
rmal on input line 32.
LaTeX Font Info:    Nested math: keeping math alphabet allocation in version no
rmal on input line 34.
LaTeX Font Info:    Nested math: keeping math alphabet allocation in version no
rmal on input line 34.
LaTeX Font Info:    Nested math: keeping math alphabet allocation in version no
rmal on input line 34.
LaTeX Font Info:    Nested math: keeping math alphabet allocation in version no
rmal on input line 34.
LaTeX Font Info:    Nested math: keeping math alphabet allocation in version no
rmal on input line 34.
LaTeX Font Info:    Nested math: keeping math alphabet allocation in version no
rmal on input line 35.
LaTeX Font Info:    Nested math: keeping math alphabet allocation in version no
rmal on input line 35.
LaTeX Font Info:    Nested math: keeping math alphabet allocation in version no
rmal on input line 35.
LaTeX Font Info:    Nested math: keeping math alphabet allocation in version no
rmal on input line 35.
LaTeX Font Info:    Nested math: keeping math alphabet allocation in version no
rmal on input line 35.
LaTeX Font Info:    Nested math: keeping math alphabet allocation in version no
rmal on input line 35.
LaTeX Font Info:    Nested math: keeping math alphabet allocation in version no
rmal on input line 37.
LaTeX Font Info:    Nested math: keeping math alphabet allocation in version no
rmal on input line 37.
LaTeX Font Info:    Nested math: keeping math alphabet allocation in version no
rmal on input line 37.
LaTeX Font Info:    Nested math: keeping math alphabet allocation in version no
rmal on input line 37.
LaTeX Font Info:    Nested math: keeping math alphabet allocation in version no
rmal on input line 37.
LaTeX Font Info:    Nested math: keeping math alphabet allocation in version no
rmal on input line 38.
LaTeX Font Info:    Nested math: keeping math alphabet allocation in version no
rmal on input line 38.
LaTeX Font Info:    Nested math: keeping math alphabet allocation in version no
rmal on input line 38.
LaTeX Font Info:    Nested math: keeping math alphabet allocation in version no
rmal on input line 38.
LaTeX Font Info:    Nested math: keeping math alphabet allocation in version no
rmal on input line 38.
LaTeX Font Info:    Nested math: keeping math alphabet allocation in version no
rmal on input line 38.
LaTeX Font Info:    No math alphabet change to frozen version normal on input l
ine 40.
LaTeX Font Info:    No math alphabet change to frozen version normal on input l
ine 43.
LaTeX Font Info:    No math alphabet change to frozen version normal on input l
ine 43.
LaTeX Font Info:    No math alphabet change to frozen version normal on input l
ine 43.
LaTeX Font Info:    No math alphabet change to frozen version normal on input l
ine 43.
LaTeX Font Info:    No math alphabet change to frozen version normal on input l
ine 44.
)
LaTeX Font Info:    No math alphabet change to frozen version normal on input l
ine 984.
LaTeX Font Info:    No math alphabet change to frozen version normal on input l
ine 987.
LaTeX Font Info:    No math alphabet change to frozen version normal on input l
ine 994.
LaTeX Font Info:    No math alphabet change to frozen version normal on input l
ine 994.
LaTeX Font Info:    No math alphabet change to frozen version normal on input l
ine 994.
LaTeX Font Info:    No math alphabet change to frozen version normal on input l
ine 994.
LaTeX Font Info:    No math alphabet change to frozen version normal on input l
ine 1014.
 [11


] [12]
LaTeX Font Info:    No math alphabet change to frozen version normal on input l
ine 1020.

Underfull \hbox (badness 1067) in paragraph at lines 1041--1045
[]\T1/txr/m/n/10 Y. Li, W. Li, S. Li, and Y. Zhao, ``A per-for-mance
 []


Underfull \hbox (badness 3068) in paragraph at lines 1041--1045
\T1/txr/m/n/10 indicator-based evo-lu-tion-ary al-go-rithm for ex-pen-sive
 []


Underfull \hbox (badness 3375) in paragraph at lines 1041--1045
\T1/txr/m/n/10 high-dimensional multi-/many-objective op-ti-miza-tion,''
 []


Underfull \hbox (badness 1253) in paragraph at lines 1079--1084
[]\T1/txr/m/n/10 Q.-T. Yang, J.-Y. Li, Z.-H. Zhan, Y. Jiang, Y. Jin,
 []


Underfull \hbox (badness 1199) in paragraph at lines 1079--1084
\T1/txr/m/n/10 assisted evo-lu-tion-ary al-go-rithm with model re-duc-tion
 []

[13]
Underfull \hbox (badness 1755) in paragraph at lines 1086--1090
\T1/txr/m/n/10 objective op-ti-miza-tion,'' \T1/txr/m/it/10 IEEE Trans. Evol. C
om-put.\T1/txr/m/n/10 ,
 []

[14

] (HPDC-MaOEA.aux)
 ***********
LaTeX2e <2025-11-01>
L3 programming layer <2025-12-24>
 ***********
Package rerunfilecheck Info: File `HPDC-MaOEA.out' has not changed.
(rerunfilecheck)             Checksum: E5261EA0E7561F5FFF1FCEC0031DD58E;5793.
 ) 
Here is how much of TeX's memory you used:
 14215 strings out of 467871
 215956 string characters out of 5419345
 744713 words of memory out of 5000000
 42728 multiletter control sequences out of 15000+600000
 696561 words of font info for 159 fonts, out of 8000000 for 9000
 1141 hyphenation exceptions out of 8191
 75i,16n,79p,1039b,594s stack positions out of 10000i,1000n,20000p,200000b,200000s
<C:/Users/lsx/AppData/Local/Programs/MiKTeX/fonts/type1/public/amsfonts/symbo
ls/msbm10.pfb><C:/Users/lsx/AppData/Local/Programs/MiKTeX/fonts/type1/public/tx
fonts/rtxbmi.pfb><C:/Users/lsx/AppData/Local/Programs/MiKTeX/fonts/type1/public
/txfonts/rtxi.pfb><C:/Users/lsx/AppData/Local/Programs/MiKTeX/fonts/type1/publi
c/txfonts/rtxmi.pfb><C:/Users/lsx/AppData/Local/Programs/MiKTeX/fonts/type1/pub
lic/txfonts/rtxr.pfb><C:/Users/lsx/AppData/Local/Programs/MiKTeX/fonts/type1/pu
blic/txfonts/rtxsc.pfb><C:/Users/lsx/AppData/Local/Programs/MiKTeX/fonts/type1/
public/txfonts/txex.pfb><C:/Users/lsx/AppData/Local/Programs/MiKTeX/fonts/type1
/public/txfonts/txsy.pfb><C:/Users/lsx/AppData/Local/Programs/MiKTeX/fonts/type
1/urw/helvetic/uhvr8a.pfb><C:/Users/lsx/AppData/Local/Programs/MiKTeX/fonts/typ
e1/urw/times/utmb8a.pfb><C:/Users/lsx/AppData/Local/Programs/MiKTeX/fonts/type1
/urw/times/utmr8a.pfb><C:/Users/lsx/AppData/Local/Programs/MiKTeX/fonts/type1/u
rw/times/utmri8a.pfb>
Output written on D:\PlatEMO-master\论文写作\$buildDir\HPDC-MaOEA.pdf (14 p
ages, 286031 bytes).
PDF statistics:
 448 PDF objects out of 1000 (max. 8388607)
 87 named destinations out of 1000 (max. 500000)
 211 words of extra memory for PDF output out of 10000 (max. 10000000)

