algorithm,problem,run,IGD,FE,first_saved_FE,metadata_present,seed,threads,matlabVersion,parameters,started,runtime,rng_sha256,lambda_min,lambda_max,lambda_mean,explore_rounds,indicator_rounds,set_changed_share,mean_overlap,file,sha256
Lambdat030,DTLZ2,19,1.3307494853695812,300.0,100.0,True,21262931,1,9.14.0.2254940 (R2023a) Update 2,"[3000.0, 0.5, 0.25, 0.7, 6.0]",2026-09-14 23:12:48,384.4025880000001,ce5989881a36c9d8deb0ff9c9898d954d14d0261052e834da43e48778ba52a8d,0.3,0.3,0.29999999999999993,19,15,1,0.11403508771929824,C:\Users\lsx\Desktop\REMOandDREMO测试集\10目标\n30\REMO_UniformMix_Pruned_Weighted_Lambdat030\REMO_UniformMix_Pruned_Weighted_Lambdat030_DTLZ2_M10_D30_19.mat,805b1ca2516f89a9a9756345672d3d63ddb653936d48daae9c6c71c50ffb0f23
Lambdat030,DTLZ2,20,1.1632049470352424,300.0,100.0,True,21262932,1,9.14.0.2254940 (R2023a) Update 2,"[3000.0, 0.5, 0.25, 0.7, 6.0]",2026-09-14 23:12:48,391.8308009,5ef3deb80b409563e8b744b4104b279c76b125b1496f5684ad1789d4c8d3bafd,0.3,0.3,0.29999999999999993,19,15,1,0.14912280701754388,C:\Users\lsx\Desktop\REMOandDREMO测试集\10目标\n30\REMO_UniformMix_Pruned_Weighted_Lambdat030\REMO_UniformMix_Pruned_Weighted_Lambdat030_DTLZ2_M10_D30_20.mat,08b7d85d3ea14a40462040313a6f06f277ef8bec0be8c4fda9b3d1945455b545
Lambdat030,DTLZ2,21,1.1431993712002044,300.0,100.0,True,21262933,1,9.14.0.2254940 (R2023a) Update 2,"[3000.0, 0.5, 0.25, 0.7, 6.0]",2026-09-14 23:12:48,407.72902110000007,737d2380fb2c20179fb1b6ed9e1a6880fa93cbd72122e96becb0c6baadcd5c4d,0.3,0.3,0.29999999999999993,19,15,1,0.12280701754385963,C:\Users\lsx\Desktop\REMOandDREMO测试集\10目标\n30\REMO_UniformMix_Pruned_Weighted_Lambdat030\REMO_UniformMix_Pruned_Weighted_Lambdat030_DTLZ2_M10_D30_21.mat,384119fe2034eb7bb3842f82a81285a04593ad5e12ea0063a1d99d716b16afbd
Lambdat030,DTLZ2,22,1.0439048036317673,300.0,100.0,True,21262934,1,9.14.0.2254940 (R2023a) Update 2,"[3000.0, 0.5, 0.25, 0.7, 6.0]",2026-09-14 23:12:49,397.5137194999999,797953490e9de11f7fe39106dad92a1d2644f469b746e541ad9f92a00fe90202,0.3,0.3,0.29999999999999993,19,15,1,0.12280701754385963,C:\Users\lsx\Desktop\REMOandDREMO测试集\10目标\n30\REMO_UniformMix_Pruned_Weighted_Lambdat030\REMO_UniformMix_Pruned_Weighted_Lambdat030_DTLZ2_M10_D30_22.mat,5279d1db88b45462fb0604095c962b2774a05a757f9f87736d92d0b705faa072
Lambdat030,DTLZ2,23,1.1365155315606839,300.0,100.0,True,21262935,1,9.14.0.2254940 (R2023a) Update 2,"[3000.0, 0.5, 0.25, 0.7, 6.0]",2026-09-14 23:12:48,389.3368765,e3cb61504d9d053d315328058e888bbfc6dc2e2df90c27839d00464a83951dea,0.3,0.3,0.29999999999999993,19,15,1,0.11403508771929824,C:\Users\lsx\Desktop\REMOandDREMO测试集\10目标\n30\REMO_UniformMix_Pruned_Weighted_Lambdat030\REMO_UniformMix_Pruned_Weighted_Lambdat030_DTLZ2_M10_D30_23.mat,aab7a7fa5a886738e704b981540a64d5ed129888a9089c9aa22acf8039a7367d
Lambdat030,DTLZ2,24,1.20647310562299,300.0,100.0,True,21262936,1,9.14.0.2254940 (R2023a) Update 2,"[3000.0, 0.5, 0.25, 0.7, 6.0]",2026-09-14 23:12:48,385.91267100000005,8169343d2afaabb8408a7cfa5f6c4e7a7a637b6793a079bc43e55905efbde675,0.3,0.3,0.29999999999999993,19,15,1,0.13157894736842105,C:\Users\lsx\Desktop\REMOandDREMO测试集\10目标\n30\REMO_UniformMix_Pruned_Weighted_Lambdat030\REMO_UniformMix_Pruned_Weighted_Lambdat030_DTLZ2_M10_D30_24.mat,cfeb90db64910cf94903d957e47b775bf845e2a68738c48fe6f5758014f86cb9
Lambdat030,DTLZ2,25,1.2285043073464037,300.0,100.0,True,21262937,1,9.14.0.2254940 (R2023a) Update 2,"[3000.0, 0.5, 0.25, 0.7, 6.0]",2026-09-14 23:19:20,346.11000280000013,69a93f2ee99395809a365807ae771212d871e087f9dc1943c3684ab077ea3a31,0.3,0.3,0.29999999999999993,19,15,1,0.13157894736842105,C:\Users\lsx\Desktop\REMOandDREMO测试集\10目标\n30\REMO_UniformMix_Pruned_Weighted_Lambdat030\REMO_UniformMix_Pruned_Weighted_Lambdat030_DTLZ2_M10_D30_25.mat,27f61ae399e95a77b121e59e4ab1ba649f3e9a43deb1a4427605d558d16ec971
Lambdat030,DTLZ2,26,1.1530910664351905,300.0,100.0,True,21262938,1,9.14.0.2254940 (R2023a) Update 2,"[3000.0, 0.5, 0.25, 0.7, 6.0]",2026-09-14 23:19:20,353.0778609,5abec0a0636991fbf63f8d0fe0b28bd568e02884b05c855e0c30f258319d4505,0.3,0.3,0.29999999999999993,19,15,1,0.07894736842105264,C:\Users\lsx\Desktop\REMOandDREMO测试集\10目标\n30\REMO_UniformMix_Pruned_Weighted_Lambdat030\REMO_UniformMix_Pruned_Weighted_Lambdat030_DTLZ2_M10_D30_26.mat,38414730cff6e2fac6211bbe38224b7fa4ccf409ca069360d9c9413b28509660
Lambdat030,DTLZ2,27,1.0258888005763447,300.0,100.0,True,21262939,1,9.14.0.2254940 (R2023a) Update 2,"[3000.0, 0.5, 0.25, 0.7, 6.0]",2026-09-14 23:19:23,356.77395629999995,7e87c1774acc292f2a091be2d23203581562a9735ffe50efd569149bc47056b1,0.3,0.3,0.29999999999999993,19,15,1,0.08771929824561404,C:\Users\lsx\Desktop\REMOandDREMO测试集\10目标\n30\REMO_UniformMix_Pruned_Weighted_Lambdat030\REMO_UniformMix_Pruned_Weighted_Lambdat030_DTLZ2_M10_D30_27.mat,5abaf016509ffb71a0aea634fad4552b2daa1647fc54f46792ca35744da473ab
Lambdat030,DTLZ2,28,0.992662307205201,300.0,100.0,True,21262940,1,9.14.0.2254940 (R2023a) Update 2,"[3000.0, 0.5, 0.25, 0.7, 6.0]",2026-09-14 23:19:26,347.6903151,9c90ff3bfe59fa0d7c3728ded3308c419c310545b34f3fbbb939a7a74c0c5823,0.3,0.3,0.29999999999999993,19,15,1,0.08771929824561404,C:\Users\lsx\Desktop\REMOandDREMO测试集\10目标\n30\REMO_UniformMix_Pruned_Weighted_Lambdat030\REMO_UniformMix_Pruned_Weighted_Lambdat030_DTLZ2_M10_D30_28.mat,ad2f904286ef20be2ff35082a76ebba7a4e10bb3eecb32bde4a8e7a65c79f1b2
Lambdat030,DTLZ4,19,1.227299038138496,300.0,100.0,True,21264931,1,9.14.0.2254940 (R2023a) Update 2,"[3000.0, 0.5, 0.25, 0.7, 6.0]",2026-09-14 23:19:31,346.65990910000005,3d07230b58e46bed680f0c44cb4241300f1dd173ba1fd940470a198dc976f3e3,0.3,0.3,0.29999999999999993,19,15,1,0.2894736842105263,C:\Users\lsx\Desktop\REMOandDREMO测试集\10目标\n30\REMO_UniformMix_Pruned_Weighted_Lambdat030\REMO_UniformMix_Pruned_Weighted_Lambdat030_DTLZ4_M10_D30_19.mat,9f402681ab33ccb28960461433ba291df354ca765df980dc585308813a097f56
Lambdat030,DTLZ4,20,0.994869449617953,300.0,100.0,True,21264932,1,9.14.0.2254940 (R2023a) Update 2,"[3000.0, 0.5, 0.25, 0.7, 6.0]",2026-09-14 23:19:42,358.181909,a06da2fa41e53d2176c0a4d8332945202b5c82c591e143dad5fee179fe1441cd,0.3,0.3,0.29999999999999993,19,15,0.9473684210526315,0.33333333333333337,C:\Users\lsx\Desktop\REMOandDREMO测试集\10目标\n30\REMO_UniformMix_Pruned_Weighted_Lambdat030\REMO_UniformMix_Pruned_Weighted_Lambdat030_DTLZ4_M10_D30_20.mat,e5e15b66d517078b857410479131c60ac74f77f90138b4d8e6c669b4af4c2783
Lambdat030,DTLZ4,21,1.2068815046282166,300.0,100.0,True,21264933,1,9.14.0.2254940 (R2023a) Update 2,"[3000.0, 0.5, 0.25, 0.7, 6.0]",2026-09-14 23:25:08,357.7234196,44f943bbacfe4bff735b2ff5026f341525e720739a79fe00cb8f3002a53e958e,0.3,0.3,0.29999999999999993,19,15,0.7894736842105263,0.42982456140350883,C:\Users\lsx\Desktop\REMOandDREMO测试集\10目标\n30\REMO_UniformMix_Pruned_Weighted_Lambdat030\REMO_UniformMix_Pruned_Weighted_Lambdat030_DTLZ4_M10_D30_21.mat,9016e3675c333806e2f01767d7af294c0869dcfb4d4d1d37369016224cecc2ac
Lambdat030,DTLZ4,22,1.0812402293180434,300.0,100.0,True,21264934,1,9.14.0.2254940 (R2023a) Update 2,"[3000.0, 0.5, 0.25, 0.7, 6.0]",2026-09-14 23:25:15,359.5813682000001,eeddd9d048583fcfb0d10e9bfe0cdec4fe75053827e99a0e286ca7e1fceba595,0.3,0.3,0.29999999999999993,19,15,0.9473684210526315,0.3596491228070175,C:\Users\lsx\Desktop\REMOandDREMO测试集\10目标\n30\REMO_UniformMix_Pruned_Weighted_Lambdat030\REMO_UniformMix_Pruned_Weighted_Lambdat030_DTLZ4_M10_D30_22.mat,2cefe40a1800ece3e8b4a86882ee57c0a5d910956339395cfd1406e333b558ec
Lambdat030,DTLZ4,23,1.1235977547016747,300.0,100.0,True,21264935,1,9.14.0.2254940 (R2023a) Update 2,"[3000.0, 0.5, 0.25, 0.7, 6.0]",2026-09-14 23:25:15,334.1951173000001,7054470e98ec5659b148cd598bb08381ff37760f60de87874ea5d2306bb54916,0.3,0.3,0.29999999999999993,19,15,0.9473684210526315,0.2894736842105264,C:\Users\lsx\Desktop\REMOandDREMO测试集\10目标\n30\REMO_UniformMix_Pruned_Weighted_Lambdat030\REMO_UniformMix_Pruned_Weighted_Lambdat030_DTLZ4_M10_D30_23.mat,a6f907c003b772ee701fb35b4bdb42758894ab5edd68ebbf5b2240838e1121e2
Lambdat030,DTLZ4,24,1.3933364656359444,300.0,100.0,True,21264936,1,9.14.0.2254940 (R2023a) Update 2,"[3000.0, 0.5, 0.25, 0.7, 6.0]",2026-09-14 23:25:20,342.79155679999997,ba18211c49e2f4fdc92c0799c903ab0740ec303f123ef5605ea3c90ea6e843dd,0.3,0.3,0.29999999999999993,19,15,1,0.07017543859649122,C:\Users\lsx\Desktop\REMOandDREMO测试集\10目标\n30\REMO_UniformMix_Pruned_Weighted_Lambdat030\REMO_UniformMix_Pruned_Weighted_Lambdat030_DTLZ4_M10_D30_24.mat,373c299405b9bc605086eeb703432444002bbd3da1b5d16e56175e611f0de23d
Lambdat030,DTLZ4,25,1.221834350135911,300.0,100.0,True,21264937,1,9.14.0.2254940 (R2023a) Update 2,"[3000.0, 0.5, 0.25, 0.7, 6.0]",2026-09-14 23:25:22,343.00359309999993,3ba58d57586bc54b9bccf075a084594a3b5b5a8c26f264eae57cafc43f020109,0.3,0.3,0.29999999999999993,19,15,1,0.2192982456140351,C:\Users\lsx\Desktop\REMOandDREMO测试集\10目标\n30\REMO_UniformMix_Pruned_Weighted_Lambdat030\REMO_UniformMix_Pruned_Weighted_Lambdat030_DTLZ4_M10_D30_25.mat,2b88e5c1301bcbcdb5ad1becf2a4ac31314eb1c4285f328c621823f912a3025e
Lambdat030,DTLZ4,26,1.3178193126502034,300.0,100.0,True,21264938,1,9.14.0.2254940 (R2023a) Update 2,"[3000.0, 0.5, 0.25, 0.7, 6.0]",2026-09-14 23:25:42,338.62843969999994,61e21ebfb48da97bcc424ef17d746b1ef3565a4945bb01a174ca2d39db5a09a1,0.3,0.3,0.29999999999999993,19,15,1,0.19298245614035084,C:\Users\lsx\Desktop\REMOandDREMO测试集\10目标\n30\REMO_UniformMix_Pruned_Weighted_Lambdat030\REMO_UniformMix_Pruned_Weighted_Lambdat030_DTLZ4_M10_D30_26.mat,612a01ac453d710379ba3366b367f4ff2f8181a08f4d23c3a6a12b5e80c3dedd
Lambdat030,DTLZ4,27,1.177094743153399,300.0,100.0,True,21264939,1,9.14.0.2254940 (R2023a) Update 2,"[3000.0, 0.5, 0.25, 0.7, 6.0]",2026-09-14 23:30:52,358.4724768,57b809ac29bb518925b2e3cffc285ccdd61d839674c80230792bc685c3206f9c,0.3,0.3,0.29999999999999993,19,15,1,0.26315789473684215,C:\Users\lsx\Desktop\REMOandDREMO测试集\10目标\n30\REMO_UniformMix_Pruned_Weighted_Lambdat030\REMO_UniformMix_Pruned_Weighted_Lambdat030_DTLZ4_M10_D30_27.mat,c84e47792ee46b136189615f6ef4198abc7621ce05d460ff6d38e2e14bcadda8
Lambdat030,DTLZ4,28,1.216974692101243,300.0,100.0,True,21264940,1,9.14.0.2254940 (R2023a) Update 2,"[3000.0, 0.5, 0.25, 0.7, 6.0]",2026-09-14 23:31:05,361.6370956,e4b25f56ff51a23ee80b1823b63e1c5379054928805974b5748890fb74294852,0.3,0.3,0.29999999999999993,19,15,1,0.30701754385964913,C:\Users\lsx\Desktop\REMOandDREMO测试集\10目标\n30\REMO_UniformMix_Pruned_Weighted_Lambdat030\REMO_UniformMix_Pruned_Weighted_Lambdat030_DTLZ4_M10_D30_28.mat,e6e8ad8c7d67fc69903d0c90a7969523f8247d9e550c41c2102823d9d45157db
Lambdat030,DTLZ5,19,0.5535999261306948,300.0,100.0,True,21265931,1,9.14.0.2254940 (R2023a) Update 2,"[3000.0, 0.5, 0.25, 0.7, 6.0]",2026-09-14 23:31:07,357.6853883999999,8984d072e8db4849d88ad43e55c1b9fdc5714d8c64b6c6e1421d42cdf0e872f6,0.3,0.3,0.29999999999999993,19,15,1,0.07017543859649124,C:\Users\lsx\Desktop\REMOandDREMO测试集\10目标\n30\REMO_UniformMix_Pruned_Weighted_Lambdat030\REMO_UniformMix_Pruned_Weighted_Lambdat030_DTLZ5_M10_D30_19.mat,f8bb8dc47bb4b6ba9c57d45c63aff34f74d6a4b005884295363c695b68a8b5ce
Lambdat030,DTLZ5,20,0.8529802799407751,300.0,100.0,True,21265932,1,9.14.0.2254940 (R2023a) Update 2,"[3000.0, 0.5, 0.25, 0.7, 6.0]",2026-09-14 23:31:08,347.0417693,74cb1f6a4dd1cf4d763c234c205a9a04875dfb419c7098ba9073cb6fc816741c,0.3,0.3,0.29999999999999993,19,15,0.9473684210526315,0.19298245614035084,C:\Users\lsx\Desktop\REMOandDREMO测试集\10目标\n30\REMO_UniformMix_Pruned_Weighted_Lambdat030\REMO_UniformMix_Pruned_Weighted_Lambdat030_DTLZ5_M10_D30_20.mat,23d307d161fc3383548b7b3b3f489937d2244e94e85a34283cb2b0e454acc00e
Lambdat030,DTLZ5,21,0.8239839116991315,300.0,100.0,True,21265933,1,9.14.0.2254940 (R2023a) Update 2,"[3000.0, 0.5, 0.25, 0.7, 6.0]",2026-09-14 23:31:17,344.1599052000001,192ddba6d32e68e94c94f27e6d73a18a13564247aa19ed559efbaf3273959a56,0.3,0.3,0.29999999999999993,19,15,0.9473684210526315,0.13157894736842105,C:\Users\lsx\Desktop\REMOandDREMO测试集\10目标\n30\REMO_UniformMix_Pruned_Weighted_Lambdat030\REMO_UniformMix_Pruned_Weighted_Lambdat030_DTLZ5_M10_D30_21.mat,d1618de3d63fe94b8aab5abacdd703911e4bb0eb1d54ab3ee6cf97f2ffbf1d40
Lambdat030,DTLZ5,22,0.6774679787593032,300.0,100.0,True,21265934,1,9.14.0.2254940 (R2023a) Update 2,"[3000.0, 0.5, 0.25, 0.7, 6.0]",2026-09-14 23:31:23,352.8847011,aa7ede0f96a7c7fd7cac74223e5a17fc0b1926e6b3c5ec058193a96d8ffcf9fa,0.3,0.3,0.29999999999999993,19,15,1,0.06140350877192983,C:\Users\lsx\Desktop\REMOandDREMO测试集\10目标\n30\REMO_UniformMix_Pruned_Weighted_Lambdat030\REMO_UniformMix_Pruned_Weighted_Lambdat030_DTLZ5_M10_D30_22.mat,9176aaa99a266eb013b3153c1ac97a6b59ec7d8072f5934063776ffebbe1f4c4
Lambdat030,DTLZ5,23,0.792787454694208,300.0,100.0,True,21265935,1,9.14.0.2254940 (R2023a) Update 2,"[3000.0, 0.5, 0.25, 0.7, 6.0]",2026-09-14 23:36:53,341.18935880000004,06d95a372adf9bc6bf4fb810d49a2a8eb47d5818d3d2ceae99b134e5bd0a22e6,0.3,0.3,0.29999999999999993,19,15,1,0.09649122807017543,C:\Users\lsx\Desktop\REMOandDREMO测试集\10目标\n30\REMO_UniformMix_Pruned_Weighted_Lambdat030\REMO_UniformMix_Pruned_Weighted_Lambdat030_DTLZ5_M10_D30_23.mat,0863f656ab6c6539a5e80ff75a849a81e579a98e23d97724ba1fec9f4d9adf9b
Lambdat030,DTLZ5,24,0.7777357892732719,300.0,100.0,True,21265936,1,9.14.0.2254940 (R2023a) Update 2,"[3000.0, 0.5, 0.25, 0.7, 6.0]",2026-09-14 23:36:57,347.3265133,4359cc825629d51f8ae208b73bbbf7617f9bb336d4d42e49adad8fdae1bd76ef,0.3,0.3,0.29999999999999993,19,15,1,0.09649122807017543,C:\Users\lsx\Desktop\REMOandDREMO测试集\10目标\n30\REMO_UniformMix_Pruned_Weighted_Lambdat030\REMO_UniformMix_Pruned_Weighted_Lambdat030_DTLZ5_M10_D30_24.mat,030d293837d3edb7e60a9de1a6e8bc2ef1620ba34ea5b2687748cced0266825b
Lambdat030,DTLZ5,25,0.6304535474103635,300.0,100.0,True,21265937,1,9.14.0.2254940 (R2023a) Update 2,"[3000.0, 0.5, 0.25, 0.7, 6.0]",2026-09-14 23:37:03,351.6163786,e52fb7ec50ba5d2d68e241798b0ff5daa546bac84652f917c09977949e030fa8,0.3,0.3,0.29999999999999993,19,15,1,0.07017543859649122,C:\Users\lsx\Desktop\REMOandDREMO测试集\10目标\n30\REMO_UniformMix_Pruned_Weighted_Lambdat030\REMO_UniformMix_Pruned_Weighted_Lambdat030_DTLZ5_M10_D30_25.mat,caadb9366d5c079d4346f3de29374ae60f11191f3640940bb4c1afa399229f17
Lambdat030,DTLZ5,26,0.6473904394242833,300.0,100.0,True,21265938,1,9.14.0.2254940 (R2023a) Update 2,"[3000.0, 0.5, 0.25, 0.7, 6.0]",2026-09-14 23:37:06,347.54500049999996,7ce86ff41a7ad12ce4a9aaebb85e57017e20021daee1fc45415680edba28c941,0.3,0.3,0.29999999999999993,19,15,1,0.17543859649122806,C:\Users\lsx\Desktop\REMOandDREMO测试集\10目标\n30\REMO_UniformMix_Pruned_Weighted_Lambdat030\REMO_UniformMix_Pruned_Weighted_Lambdat030_DTLZ5_M10_D30_26.mat,ae05756b58d044ac8fc9816954494a038da8334dd56ad83e777bf9957c14f9b2
Lambdat030,DTLZ5,27,0.6527733708777079,300.0,100.0,True,21265939,1,9.14.0.2254940 (R2023a) Update 2,"[3000.0, 0.5, 0.25, 0.7, 6.0]",2026-09-14 23:37:08,350.9409902,5f45eaab6c33ca2e182f788acf54484c6fe49fe3d8d6db6dfa278c9f6dcec406,0.3,0.3,0.29999999999999993,19,15,1,0.03508771929824561,C:\Users\lsx\Desktop\REMOandDREMO测试集\10目标\n30\REMO_UniformMix_Pruned_Weighted_Lambdat030\REMO_UniformMix_Pruned_Weighted_Lambdat030_DTLZ5_M10_D30_27.mat,d7ebce20d86f0152c43f94af15dddbc291656229f6e2b105b6c64b4d6d7ddad9
Lambdat030,DTLZ5,28,0.681127137604485,300.0,100.0,True,21265940,1,9.14.0.2254940 (R2023a) Update 2,"[3000.0, 0.5, 0.25, 0.7, 6.0]",2026-09-14 23:37:18,341.84344339999996,c585f979c6619812aa318cfc7ff527a8bc4278751c67f24cacd4e85a7f8fb814,0.3,0.3,0.29999999999999993,19,15,1,0.13157894736842107,C:\Users\lsx\Desktop\REMOandDREMO测试集\10目标\n30\REMO_UniformMix_Pruned_Weighted_Lambdat030\REMO_UniformMix_Pruned_Weighted_Lambdat030_DTLZ5_M10_D30_28.mat,5e23dafde7806673f85d8836c8ffaf757419bb157cf5c30dff1d643f44ee8ace
Lambdat030,DTLZ7,19,12.287818441305696,300.0,100.0,True,21267931,1,9.14.0.2254940 (R2023a) Update 2,"[3000.0, 0.5, 0.25, 0.7, 6.0]",2026-09-14 23:42:36,335.97626859999997,a7c2dd57afbaad23fc46f51c458e84fb5631933c0660233e838dda35cf54e466,0.3,0.3,0.29999999999999993,19,15,1,0.3070175438596491,C:\Users\lsx\Desktop\REMOandDREMO测试集\10目标\n30\REMO_UniformMix_Pruned_Weighted_Lambdat030\REMO_UniformMix_Pruned_Weighted_Lambdat030_DTLZ7_M10_D30_19.mat,2de117c2569ce4fab0f6da78be047b9d3ac9982fb2221957c01f8783d6eea7db
Lambdat030,DTLZ7,20,9.630197821969476,300.0,100.0,True,21267932,1,9.14.0.2254940 (R2023a) Update 2,"[3000.0, 0.5, 0.25, 0.7, 6.0]",2026-09-14 23:42:46,343.90115449999996,557043e0a288377952c5865356e20c277e1d592a0dea43b05e0aa59a6eb437df,0.3,0.3,0.29999999999999993,19,15,1,0.41228070175438597,C:\Users\lsx\Desktop\REMOandDREMO测试集\10目标\n30\REMO_UniformMix_Pruned_Weighted_Lambdat030\REMO_UniformMix_Pruned_Weighted_Lambdat030_DTLZ7_M10_D30_20.mat,37054e7474653124cfe2fe2d4c739edd62eca6ed7cee52c613175353e69c9a7a
Lambdat030,DTLZ7,21,11.283785594320703,300.0,100.0,True,21267933,1,9.14.0.2254940 (R2023a) Update 2,"[3000.0, 0.5, 0.25, 0.7, 6.0]",2026-09-14 23:42:56,351.8311011,8833194b487593f1fadb6de796e0cf7f3e0be61e917c6adfae8fcddbf72c0b50,0.3,0.3,0.29999999999999993,19,15,0.9473684210526315,0.37719298245614036,C:\Users\lsx\Desktop\REMOandDREMO测试集\10目标\n30\REMO_UniformMix_Pruned_Weighted_Lambdat030\REMO_UniformMix_Pruned_Weighted_Lambdat030_DTLZ7_M10_D30_21.mat,2b12bf89f435560040f1e72bbd6724e361120a80bc3491e8b603f22827f42cbc
Lambdat030,DTLZ7,22,8.677477456051676,300.0,100.0,True,21267934,1,9.14.0.2254940 (R2023a) Update 2,"[3000.0, 0.5, 0.25, 0.7, 6.0]",2026-09-14 23:42:57,341.2441167999999,eaf4eb1eb556ce60a29dddbb5015318342486cfb1a9996e717faf186a00b753f,0.3,0.3,0.29999999999999993,19,15,1,0.2192982456140351,C:\Users\lsx\Desktop\REMOandDREMO测试集\10目标\n30\REMO_UniformMix_Pruned_Weighted_Lambdat030\REMO_UniformMix_Pruned_Weighted_Lambdat030_DTLZ7_M10_D30_22.mat,dfabfa9d321b556668bf83e554d24ca67d81862dcfe3caf933d3ae53e888b2fc
Lambdat030,DTLZ7,23,9.61724496743284,300.0,100.0,True,21267935,1,9.14.0.2254940 (R2023a) Update 2,"[3000.0, 0.5, 0.25, 0.7, 6.0]",2026-09-14 23:43:01,346.9040578000001,787642cdf49babc3a14e4a107d7f50e114da94623251ddf71cb07a0d8c48d85b,0.3,0.3,0.29999999999999993,19,15,1,0.2192982456140351,C:\Users\lsx\Desktop\REMOandDREMO测试集\10目标\n30\REMO_UniformMix_Pruned_Weighted_Lambdat030\REMO_UniformMix_Pruned_Weighted_Lambdat030_DTLZ7_M10_D30_23.mat,8038a6e6b7240f7b27dc60378758f1188bd6d7668f74ba1c0a2cf9914328fbe2
Lambdat030,DTLZ7,24,9.874991783484699,300.0,100.0,True,21267936,1,9.14.0.2254940 (R2023a) Update 2,"[3000.0, 0.5, 0.25, 0.7, 6.0]",2026-09-14 23:43:01,341.8994491,79659e0d185c34df3a20cb22a99c0b4d973f3d8d66abf9db0d654e23d0b82859,0.3,0.3,0.29999999999999993,19,15,1,0.32456140350877194,C:\Users\lsx\Desktop\REMOandDREMO测试集\10目标\n30\REMO_UniformMix_Pruned_Weighted_Lambdat030\REMO_UniformMix_Pruned_Weighted_Lambdat030_DTLZ7_M10_D30_24.mat,eeeacecf37ee1656fb3a3b7b8cb7b41f080acb5911063b863f5dc204e83b20ba
Lambdat030,DTLZ7,25,11.202942114020049,300.0,100.0,True,21267937,1,9.14.0.2254940 (R2023a) Update 2,"[3000.0, 0.5, 0.25, 0.7, 6.0]",2026-09-14 23:48:14,296.99952840000003,89727c8c47b2466603063d49b9ea0cb302f4c63867ec2c65356b06988d7c7988,0.3,0.3,0.29999999999999993,19,15,1,0.23684210526315788,C:\Users\lsx\Desktop\REMOandDREMO测试集\10目标\n30\REMO_UniformMix_Pruned_Weighted_Lambdat030\REMO_UniformMix_Pruned_Weighted_Lambdat030_DTLZ7_M10_D30_25.mat,2302cb9c67532ddb82bc2f71edc5d68f82c0765c8e095e933b185c7cb51b433c
Lambdat030,DTLZ7,26,8.226606487657346,300.0,100.0,True,21267938,1,9.14.0.2254940 (R2023a) Update 2,"[3000.0, 0.5, 0.25, 0.7, 6.0]",2026-09-14 23:48:32,282.2920617,75980212df9ce16bae0937610b427529d27f9f8f65328b5c3df6abdc2a8daed2,0.3,0.3,0.29999999999999993,19,15,0.9473684210526315,0.4298245614035087,C:\Users\lsx\Desktop\REMOandDREMO测试集\10目标\n30\REMO_UniformMix_Pruned_Weighted_Lambdat030\REMO_UniformMix_Pruned_Weighted_Lambdat030_DTLZ7_M10_D30_26.mat,97e6b6a54d148d796e197754ff33dfaf46e00f6780790b5b3b13c3b22adb99f8
Lambdat030,DTLZ7,27,12.151589726783403,300.0,100.0,True,21267939,1,9.14.0.2254940 (R2023a) Update 2,"[3000.0, 0.5, 0.25, 0.7, 6.0]",2026-09-14 23:48:40,286.8785509,aebd04ab2f8843331b2af32b70487cc306d312aa21372b6a4f83ca4b92f1c377,0.3,0.3,0.29999999999999993,19,15,1,0.21929824561403516,C:\Users\lsx\Desktop\REMOandDREMO测试集\10目标\n30\REMO_UniformMix_Pruned_Weighted_Lambdat030\REMO_UniformMix_Pruned_Weighted_Lambdat030_DTLZ7_M10_D30_27.mat,217beba8b090fd7374909488600fffb076db2b654fbc71c9d8ecbd6866d0c4d9
Lambdat030,DTLZ7,28,9.764596102105216,300.0,100.0,True,21267940,1,9.14.0.2254940 (R2023a) Update 2,"[3000.0, 0.5, 0.25, 0.7, 6.0]",2026-09-14 23:48:46,283.353019,3216cedae99fb2b0b9823cf648632e4983dd5f3c98189218f25c4cf685cf635a,0.3,0.3,0.29999999999999993,19,15,0.8947368421052632,0.4035087719298246,C:\Users\lsx\Desktop\REMOandDREMO测试集\10目标\n30\REMO_UniformMix_Pruned_Weighted_Lambdat030\REMO_UniformMix_Pruned_Weighted_Lambdat030_DTLZ7_M10_D30_28.mat,8b708d109555200c4e07f63600b497e2d3cea2af42e376d897b73f2c05dfa8c9
Lambda020,DTLZ2,19,1.1989996816362634,300.0,100.0,True,21262931,1,9.14.0.2254940 (R2023a) Update 2,"[3000.0, 0.5, 0.25, 0.7, 6.0, 0.2]",2026-09-14 18:57:19,407.9868220999999,ce5989881a36c9d8deb0ff9c9898d954d14d0261052e834da43e48778ba52a8d,0.001333333333333342,0.13333333333333336,0.05859649122807021,19,15,0.9473684210526315,0.2807017543859649,C:\Users\lsx\Desktop\REMOandDREMO测试集\10目标\n30\REMO_new2_AdaMaO_SDEOnly_UniformMix_Pruned_Weighted_Lambda020\REMO_new2_AdaMaO_SDEOnly_UniformMix_Pruned_Weighted_Lambda020_DTLZ2_M10_D30_19.mat,83d675cbae1cc8d15423dbefa28ba2efadd1935615f38dcaf3214a21e5a2aa1b
Lambda020,DTLZ2,20,1.178552865996779,300.0,100.0,True,21262932,1,9.14.0.2254940 (R2023a) Update 2,"[3000.0, 0.5, 0.25, 0.7, 6.0, 0.2]",2026-09-14 18:57:19,399.80313169999994,5ef3deb80b409563e8b744b4104b279c76b125b1496f5684ad1789d4c8d3bafd,0.001333333333333342,0.13333333333333336,0.05859649122807021,19,15,0.7894736842105263,0.5438596491228069,C:\Users\lsx\Desktop\REMOandDREMO测试集\10目标\n30\REMO_new2_AdaMaO_SDEOnly_UniformMix_Pruned_Weighted_Lambda020\REMO_new2_AdaMaO_SDEOnly_UniformMix_Pruned_Weighted_Lambda020_DTLZ2_M10_D30_20.mat,5230a8d7ee29df6394de11265030a739a15ac499a68817231e7ee5aebf49ee8e
Lambda020,DTLZ2,21,1.1210629385199267,300.0,100.0,True,21262933,1,9.14.0.2254940 (R2023a) Update 2,"[3000.0, 0.5, 0.25, 0.7, 6.0, 0.2]",2026-09-14 18:57:19,397.6270046,737d2380fb2c20179fb1b6ed9e1a6880fa93cbd72122e96becb0c6baadcd5c4d,0.001333333333333342,0.13333333333333336,0.05859649122807021,19,15,1,0.21929824561403505,C:\Users\lsx\Desktop\REMOandDREMO测试集\10目标\n30\REMO_new2_AdaMaO_SDEOnly_UniformMix_Pruned_Weighted_Lambda020\REMO_new2_AdaMaO_SDEOnly_UniformMix_Pruned_Weighted_Lambda020_DTLZ2_M10_D30_21.mat,74a567ed86342b2d40104e90efe614fbc53fd3c70c4833ad295be51bf218cbdb
Lambda020,DTLZ2,22,1.1699405149001514,300.0,100.0,True,21262934,1,9.14.0.2254940 (R2023a) Update 2,"[3000.0, 0.5, 0.25, 0.7, 6.0, 0.2]",2026-09-14 18:57:19,419.0182414000002,797953490e9de11f7fe39106dad92a1d2644f469b746e541ad9f92a00fe90202,0.001333333333333342,0.13333333333333336,0.05859649122807021,19,15,1,0.1754385964912281,C:\Users\lsx\Desktop\REMOandDREMO测试集\10目标\n30\REMO_new2_AdaMaO_SDEOnly_UniformMix_Pruned_Weighted_Lambda020\REMO_new2_AdaMaO_SDEOnly_UniformMix_Pruned_Weighted_Lambda020_DTLZ2_M10_D30_22.mat,eb8388051ad407e492b24e200dd26092b6f393b8fcfbd5decf51ea5792bf6d6c
Lambda020,DTLZ2,23,0.9968003067985689,300.0,100.0,True,21262935,1,9.14.0.2254940 (R2023a) Update 2,"[3000.0, 0.5, 0.25, 0.7, 6.0, 0.2]",2026-09-14 18:57:19,390.7599667999999,e3cb61504d9d053d315328058e888bbfc6dc2e2df90c27839d00464a83951dea,0.001333333333333342,0.13333333333333336,0.05859649122807021,19,15,0.7894736842105263,0.5175438596491228,C:\Users\lsx\Desktop\REMOandDREMO测试集\10目标\n30\REMO_new2_AdaMaO_SDEOnly_UniformMix_Pruned_Weighted_Lambda020\REMO_new2_AdaMaO_SDEOnly_UniformMix_Pruned_Weighted_Lambda020_DTLZ2_M10_D30_23.mat,ee6bfb550e03a144a11510d679eda4f4c588c3eb9c1247a171e6ab12b457290f
Lambda020,DTLZ2,24,1.156162024187964,300.0,100.0,True,21262936,1,9.14.0.2254940 (R2023a) Update 2,"[3000.0, 0.5, 0.25, 0.7, 6.0, 0.2]",2026-09-14 18:57:19,405.1984607,8169343d2afaabb8408a7cfa5f6c4e7a7a637b6793a079bc43e55905efbde675,0.001333333333333342,0.13333333333333336,0.05859649122807021,19,15,0.8947368421052632,0.3684210526315789,C:\Users\lsx\Desktop\REMOandDREMO测试集\10目标\n30\REMO_new2_AdaMaO_SDEOnly_UniformMix_Pruned_Weighted_Lambda020\REMO_new2_AdaMaO_SDEOnly_UniformMix_Pruned_Weighted_Lambda020_DTLZ2_M10_D30_24.mat,6910d18eab5c41c73adcc05afcfeac43bfb53f76480ff5feb675706ae209a918
Lambda020,DTLZ2,25,1.284448177672998,300.0,100.0,True,21262937,1,9.14.0.2254940 (R2023a) Update 2,"[3000.0, 0.5, 0.25, 0.7, 6.0, 0.2]",2026-09-14 19:03:55,378.1194463,69a93f2ee99395809a365807ae771212d871e087f9dc1943c3684ab077ea3a31,0.001333333333333342,0.13333333333333336,0.05859649122807021,19,15,1,0.19298245614035092,C:\Users\lsx\Desktop\REMOandDREMO测试集\10目标\n30\REMO_new2_AdaMaO_SDEOnly_UniformMix_Pruned_Weighted_Lambda020\REMO_new2_AdaMaO_SDEOnly_UniformMix_Pruned_Weighted_Lambda020_DTLZ2_M10_D30_25.mat,141b55b1c2ef96bac027ee5be4f2ccef2e8234eb1e2d0a376f8d172340ad4682
Lambda020,DTLZ2,26,1.2963980371457595,300.0,100.0,True,21262938,1,9.14.0.2254940 (R2023a) Update 2,"[3000.0, 0.5, 0.25, 0.7, 6.0, 0.2]",2026-09-14 19:04:01,358.92111969999996,5abec0a0636991fbf63f8d0fe0b28bd568e02884b05c855e0c30f258319d4505,0.001333333333333342,0.13333333333333336,0.05859649122807021,19,15,0.9473684210526315,0.23684210526315788,C:\Users\lsx\Desktop\REMOandDREMO测试集\10目标\n30\REMO_new2_AdaMaO_SDEOnly_UniformMix_Pruned_Weighted_Lambda020\REMO_new2_AdaMaO_SDEOnly_UniformMix_Pruned_Weighted_Lambda020_DTLZ2_M10_D30_26.mat,7e8cf0e36ae667ffa3ad63f75287c686b01c87f239e2e51eb4ea1debe1dbe7e7
Lambda020,DTLZ2,27,1.0711512883953787,300.0,100.0,True,21262939,1,9.14.0.2254940 (R2023a) Update 2,"[3000.0, 0.5, 0.25, 0.7, 6.0, 0.2]",2026-09-14 19:04:03,373.8997343000001,7e87c1774acc292f2a091be2d23203581562a9735ffe50efd569149bc47056b1,0.001333333333333342,0.13333333333333336,0.05859649122807021,19,15,0.9473684210526315,0.3070175438596491,C:\Users\lsx\Desktop\REMOandDREMO测试集\10目标\n30\REMO_new2_AdaMaO_SDEOnly_UniformMix_Pruned_Weighted_Lambda020\REMO_new2_AdaMaO_SDEOnly_UniformMix_Pruned_Weighted_Lambda020_DTLZ2_M10_D30_27.mat,513eb28a5cb3684fcefdd41d22e42fd205ff1b3eec645df47a6674718d87a612
Lambda020,DTLZ2,28,1.2217821208846102,300.0,100.0,True,21262940,1,9.14.0.2254940 (R2023a) Update 2,"[3000.0, 0.5, 0.25, 0.7, 6.0, 0.2]",2026-09-14 19:04:09,358.5262447,9c90ff3bfe59fa0d7c3728ded3308c419c310545b34f3fbbb939a7a74c0c5823,0.001333333333333342,0.13333333333333336,0.05859649122807021,19,15,0.9473684210526315,0.2982456140350877,C:\Users\lsx\Desktop\REMOandDREMO测试集\10目标\n30\REMO_new2_AdaMaO_SDEOnly_UniformMix_Pruned_Weighted_Lambda020\REMO_new2_AdaMaO_SDEOnly_UniformMix_Pruned_Weighted_Lambda020_DTLZ2_M10_D30_28.mat,19f7f9872049ddd784791f11bd998cb15c3f8d3e9e2ec11c4ce878c442536976
Lambda020,DTLZ4,19,1.2332521732922594,300.0,100.0,True,21264931,1,9.14.0.2254940 (R2023a) Update 2,"[3000.0, 0.5, 0.25, 0.7, 6.0, 0.2]",2026-09-14 19:04:11,376.72672790000007,3d07230b58e46bed680f0c44cb4241300f1dd173ba1fd940470a198dc976f3e3,0.001333333333333342,0.13333333333333336,0.05859649122807021,19,15,0.7368421052631579,0.5350877192982456,C:\Users\lsx\Desktop\REMOandDREMO测试集\10目标\n30\REMO_new2_AdaMaO_SDEOnly_UniformMix_Pruned_Weighted_Lambda020\REMO_new2_AdaMaO_SDEOnly_UniformMix_Pruned_Weighted_Lambda020_DTLZ4_M10_D30_19.mat,96a241762981118e68c224cbf1d27cedaf86627a57b44079dee0facd080184f9
Lambda020,DTLZ4,20,1.297635533818321,300.0,100.0,True,21264932,1,9.14.0.2254940 (R2023a) Update 2,"[3000.0, 0.5, 0.25, 0.7, 6.0, 0.2]",2026-09-14 19:04:22,359.16973939999997,a06da2fa41e53d2176c0a4d8332945202b5c82c591e143dad5fee179fe1441cd,0.001333333333333342,0.13333333333333336,0.05859649122807021,19,15,0.7368421052631579,0.45614035087719296,C:\Users\lsx\Desktop\REMOandDREMO测试集\10目标\n30\REMO_new2_AdaMaO_SDEOnly_UniformMix_Pruned_Weighted_Lambda020\REMO_new2_AdaMaO_SDEOnly_UniformMix_Pruned_Weighted_Lambda020_DTLZ4_M10_D30_20.mat,adaca3f6677ddac52e955fe320b0f284da681b53c925509f16800b6efb7df7be
Lambda020,DTLZ4,21,1.183854442930961,300.0,100.0,True,21264933,1,9.14.0.2254940 (R2023a) Update 2,"[3000.0, 0.5, 0.25, 0.7, 6.0, 0.2]",2026-09-14 19:10:02,371.09849660000003,44f943bbacfe4bff735b2ff5026f341525e720739a79fe00cb8f3002a53e958e,0.001333333333333342,0.13333333333333336,0.05859649122807021,19,15,0.7368421052631579,0.5175438596491228,C:\Users\lsx\Desktop\REMOandDREMO测试集\10目标\n30\REMO_new2_AdaMaO_SDEOnly_UniformMix_Pruned_Weighted_Lambda020\REMO_new2_AdaMaO_SDEOnly_UniformMix_Pruned_Weighted_Lambda020_DTLZ4_M10_D30_21.mat,c1e2535e698646dbbc6a1c337ce0c0904f688f2b4876e44db7f177bcc750bce4
Lambda020,DTLZ4,22,1.2181727517209309,300.0,100.0,True,21264934,1,9.14.0.2254940 (R2023a) Update 2,"[3000.0, 0.5, 0.25, 0.7, 6.0, 0.2]",2026-09-14 19:10:09,377.46746599999994,eeddd9d048583fcfb0d10e9bfe0cdec4fe75053827e99a0e286ca7e1fceba595,0.001333333333333342,0.13333333333333336,0.05859649122807021,19,15,0.6842105263157895,0.47368421052631576,C:\Users\lsx\Desktop\REMOandDREMO测试集\10目标\n30\REMO_new2_AdaMaO_SDEOnly_UniformMix_Pruned_Weighted_Lambda020\REMO_new2_AdaMaO_SDEOnly_UniformMix_Pruned_Weighted_Lambda020_DTLZ4_M10_D30_22.mat,9e57567bd23eb093126cf1fe671e8a8c4849218638d443b729ed78c0b70287d4
Lambda020,DTLZ4,23,1.3427361147991341,300.0,100.0,True,21264935,1,9.14.0.2254940 (R2023a) Update 2,"[3000.0, 0.5, 0.25, 0.7, 6.0, 0.2]",2026-09-14 19:10:15,368.8821805999999,7054470e98ec5659b148cd598bb08381ff37760f60de87874ea5d2306bb54916,0.001333333333333342,0.13333333333333336,0.05859649122807021,19,15,0.7368421052631579,0.5087719298245614,C:\Users\lsx\Desktop\REMOandDREMO测试集\10目标\n30\REMO_new2_AdaMaO_SDEOnly_UniformMix_Pruned_Weighted_Lambda020\REMO_new2_AdaMaO_SDEOnly_UniformMix_Pruned_Weighted_Lambda020_DTLZ4_M10_D30_23.mat,11e6cf6fda93d68a3ac16e5b10b4c55f3f1543a7498853331184c8f97deadc70
Lambda020,DTLZ4,24,1.071355622800806,300.0,100.0,True,21264936,1,9.14.0.2254940 (R2023a) Update 2,"[3000.0, 0.5, 0.25, 0.7, 6.0, 0.2]",2026-09-14 19:10:19,372.53688050000005,ba18211c49e2f4fdc92c0799c903ab0740ec303f123ef5605ea3c90ea6e843dd,0.001333333333333342,0.13333333333333336,0.05859649122807021,19,15,0.7368421052631579,0.5087719298245614,C:\Users\lsx\Desktop\REMOandDREMO测试集\10目标\n30\REMO_new2_AdaMaO_SDEOnly_UniformMix_Pruned_Weighted_Lambda020\REMO_new2_AdaMaO_SDEOnly_UniformMix_Pruned_Weighted_Lambda020_DTLZ4_M10_D30_24.mat,dc2b402b8404aa93d34b240f600a6637ae80bfe7bc0b9fb3dcc9d9ca6dd197b1
Lambda020,DTLZ4,25,1.3093769989523485,300.0,100.0,True,21264937,1,9.14.0.2254940 (R2023a) Update 2,"[3000.0, 0.5, 0.25, 0.7, 6.0, 0.2]",2026-09-14 19:10:24,382.6948605999999,3ba58d57586bc54b9bccf075a084594a3b5b5a8c26f264eae57cafc43f020109,0.001333333333333342,0.13333333333333336,0.05859649122807021,19,15,0.7894736842105263,0.4912280701754385,C:\Users\lsx\Desktop\REMOandDREMO测试集\10目标\n30\REMO_new2_AdaMaO_SDEOnly_UniformMix_Pruned_Weighted_Lambda020\REMO_new2_AdaMaO_SDEOnly_UniformMix_Pruned_Weighted_Lambda020_DTLZ4_M10_D30_25.mat,9e8d31b871e503aa1db026bb2682c035d74022351dc411c360f72e3dc529e59a
Lambda020,DTLZ4,26,1.2318750626406045,300.0,100.0,True,21264938,1,9.14.0.2254940 (R2023a) Update 2,"[3000.0, 0.5, 0.25, 0.7, 6.0, 0.2]",2026-09-14 19:10:30,369.52943849999997,61e21ebfb48da97bcc424ef17d746b1ef3565a4945bb01a174ca2d39db5a09a1,0.001333333333333342,0.13333333333333336,0.05859649122807021,19,15,0.9473684210526315,0.21052631578947367,C:\Users\lsx\Desktop\REMOandDREMO测试集\10目标\n30\REMO_new2_AdaMaO_SDEOnly_UniformMix_Pruned_Weighted_Lambda020\REMO_new2_AdaMaO_SDEOnly_UniformMix_Pruned_Weighted_Lambda020_DTLZ4_M10_D30_26.mat,f7ebb1ea0e4821a0bbac9d7e18f1110b689c6b6169fdeb7b8e6915495cf5bd0d
Lambda020,DTLZ4,27,1.33993361090203,300.0,100.0,True,21264939,1,9.14.0.2254940 (R2023a) Update 2,"[3000.0, 0.5, 0.25, 0.7, 6.0, 0.2]",2026-09-14 19:16:15,361.4013529,57b809ac29bb518925b2e3cffc285ccdd61d839674c80230792bc685c3206f9c,0.001333333333333342,0.13333333333333336,0.05859649122807021,19,15,0.5263157894736842,0.7105263157894737,C:\Users\lsx\Desktop\REMOandDREMO测试集\10目标\n30\REMO_new2_AdaMaO_SDEOnly_UniformMix_Pruned_Weighted_Lambda020\REMO_new2_AdaMaO_SDEOnly_UniformMix_Pruned_Weighted_Lambda020_DTLZ4_M10_D30_27.mat,f917897a24f450dbcd1b5defdd73d4629e77006bf1b615abb31f27b192ac8c7e
Lambda020,DTLZ4,28,1.304014005790702,300.0,100.0,True,21264940,1,9.14.0.2254940 (R2023a) Update 2,"[3000.0, 0.5, 0.25, 0.7, 6.0, 0.2]",2026-09-14 19:16:26,368.0865277999999,e4b25f56ff51a23ee80b1823b63e1c5379054928805974b5748890fb74294852,0.001333333333333342,0.13333333333333336,0.05859649122807021,19,15,0.7894736842105263,0.4298245614035087,C:\Users\lsx\Desktop\REMOandDREMO测试集\10目标\n30\REMO_new2_AdaMaO_SDEOnly_UniformMix_Pruned_Weighted_Lambda020\REMO_new2_AdaMaO_SDEOnly_UniformMix_Pruned_Weighted_Lambda020_DTLZ4_M10_D30_28.mat,bebc5e2a19164c5b32d6785961c7c5b6e3cc3c8739d1964edcd000c4e941fcf6
Lambda020,DTLZ5,19,0.8956853388728642,300.0,100.0,True,21265931,1,9.14.0.2254940 (R2023a) Update 2,"[3000.0, 0.5, 0.25, 0.7, 6.0, 0.2]",2026-09-14 19:16:29,376.55557429999993,8984d072e8db4849d88ad43e55c1b9fdc5714d8c64b6c6e1421d42cdf0e872f6,0.001333333333333342,0.13333333333333336,0.05859649122807021,19,15,0.9473684210526315,0.24561403508771926,C:\Users\lsx\Desktop\REMOandDREMO测试集\10目标\n30\REMO_new2_AdaMaO_SDEOnly_UniformMix_Pruned_Weighted_Lambda020\REMO_new2_AdaMaO_SDEOnly_UniformMix_Pruned_Weighted_Lambda020_DTLZ5_M10_D30_19.mat,b96d674b47babe5067fcecb9f8f610f3fd18920aac12e1814bd15814cb4578b1
Lambda020,DTLZ5,20,0.8428757016343454,300.0,100.0,True,21265932,1,9.14.0.2254940 (R2023a) Update 2,"[3000.0, 0.5, 0.25, 0.7, 6.0, 0.2]",2026-09-14 19:16:34,360.7110646,74cb1f6a4dd1cf4d763c234c205a9a04875dfb419c7098ba9073cb6fc816741c,0.001333333333333342,0.13333333333333336,0.05859649122807021,19,15,0.7894736842105263,0.4035087719298246,C:\Users\lsx\Desktop\REMOandDREMO测试集\10目标\n30\REMO_new2_AdaMaO_SDEOnly_UniformMix_Pruned_Weighted_Lambda020\REMO_new2_AdaMaO_SDEOnly_UniformMix_Pruned_Weighted_Lambda020_DTLZ5_M10_D30_20.mat,2038dbac88ed311d4c10db7baf8be6fbf0d9b2c252487d6ee7c0e5805cb80911
Lambda020,DTLZ5,21,0.6816886877754881,300.0,100.0,True,21265933,1,9.14.0.2254940 (R2023a) Update 2,"[3000.0, 0.5, 0.25, 0.7, 6.0, 0.2]",2026-09-14 19:16:42,361.74654029999994,192ddba6d32e68e94c94f27e6d73a18a13564247aa19ed559efbaf3273959a56,0.001333333333333342,0.13333333333333336,0.05859649122807021,19,15,0.9473684210526315,0.2982456140350877,C:\Users\lsx\Desktop\REMOandDREMO测试集\10目标\n30\REMO_new2_AdaMaO_SDEOnly_UniformMix_Pruned_Weighted_Lambda020\REMO_new2_AdaMaO_SDEOnly_UniformMix_Pruned_Weighted_Lambda020_DTLZ5_M10_D30_21.mat,809afddd9968d40f676eba8980b370d709e2d5b7b7a3b8e46183658e80b9310f
Lambda020,DTLZ5,22,0.7570110274683385,300.0,100.0,True,21265934,1,9.14.0.2254940 (R2023a) Update 2,"[3000.0, 0.5, 0.25, 0.7, 6.0, 0.2]",2026-09-14 19:16:49,361.53824860000003,aa7ede0f96a7c7fd7cac74223e5a17fc0b1926e6b3c5ec058193a96d8ffcf9fa,0.001333333333333342,0.13333333333333336,0.05859649122807021,19,15,0.8421052631578947,0.30701754385964913,C:\Users\lsx\Desktop\REMOandDREMO测试集\10目标\n30\REMO_new2_AdaMaO_SDEOnly_UniformMix_Pruned_Weighted_Lambda020\REMO_new2_AdaMaO_SDEOnly_UniformMix_Pruned_Weighted_Lambda020_DTLZ5_M10_D30_22.mat,e79fb55317b3fae8c38d885862bf7d374cb9c3a91c3b8a86a075f8d15e86696a
Lambda020,DTLZ5,23,0.722961039634525,300.0,100.0,True,21265935,1,9.14.0.2254940 (R2023a) Update 2,"[3000.0, 0.5, 0.25, 0.7, 6.0, 0.2]",2026-09-14 19:22:19,336.77109250000007,06d95a372adf9bc6bf4fb810d49a2a8eb47d5818d3d2ceae99b134e5bd0a22e6,0.001333333333333342,0.13333333333333336,0.05859649122807021,19,15,0.9473684210526315,0.21052631578947367,C:\Users\lsx\Desktop\REMOandDREMO测试集\10目标\n30\REMO_new2_AdaMaO_SDEOnly_UniformMix_Pruned_Weighted_Lambda020\REMO_new2_AdaMaO_SDEOnly_UniformMix_Pruned_Weighted_Lambda020_DTLZ5_M10_D30_23.mat,16b86ea3fed207d7d62d29ea5be4b4e45dab8968470bdf8419729135e5816430
Lambda020,DTLZ5,24,0.6870372439524582,300.0,100.0,True,21265936,1,9.14.0.2254940 (R2023a) Update 2,"[3000.0, 0.5, 0.25, 0.7, 6.0, 0.2]",2026-09-14 19:22:36,332.45263020000004,4359cc825629d51f8ae208b73bbbf7617f9bb336d4d42e49adad8fdae1bd76ef,0.001333333333333342,0.13333333333333336,0.05859649122807021,19,15,1,0.14035087719298245,C:\Users\lsx\Desktop\REMOandDREMO测试集\10目标\n30\REMO_new2_AdaMaO_SDEOnly_UniformMix_Pruned_Weighted_Lambda020\REMO_new2_AdaMaO_SDEOnly_UniformMix_Pruned_Weighted_Lambda020_DTLZ5_M10_D30_24.mat,30f91d6c5a75e6dd8c7755ef3df83d40b49516577daaf9ad57d685c13aca0965
Lambda020,DTLZ5,25,0.7226568514250357,300.0,100.0,True,21265937,1,9.14.0.2254940 (R2023a) Update 2,"[3000.0, 0.5, 0.25, 0.7, 6.0, 0.2]",2026-09-14 19:22:37,328.9807924999999,e52fb7ec50ba5d2d68e241798b0ff5daa546bac84652f917c09977949e030fa8,0.001333333333333342,0.13333333333333336,0.05859649122807021,19,15,0.8421052631578947,0.3157894736842105,C:\Users\lsx\Desktop\REMOandDREMO测试集\10目标\n30\REMO_new2_AdaMaO_SDEOnly_UniformMix_Pruned_Weighted_Lambda020\REMO_new2_AdaMaO_SDEOnly_UniformMix_Pruned_Weighted_Lambda020_DTLZ5_M10_D30_25.mat,da42fab4be245dd897d3ae0ea5fd6e9b09536e2865a50361f54ce17522ec8c1f
Lambda020,DTLZ5,26,0.5079858626999786,300.0,100.0,True,21265938,1,9.14.0.2254940 (R2023a) Update 2,"[3000.0, 0.5, 0.25, 0.7, 6.0, 0.2]",2026-09-14 19:22:46,335.061735,7ce86ff41a7ad12ce4a9aaebb85e57017e20021daee1fc45415680edba28c941,0.001333333333333342,0.13333333333333336,0.05859649122807021,19,15,0.8947368421052632,0.3596491228070175,C:\Users\lsx\Desktop\REMOandDREMO测试集\10目标\n30\REMO_new2_AdaMaO_SDEOnly_UniformMix_Pruned_Weighted_Lambda020\REMO_new2_AdaMaO_SDEOnly_UniformMix_Pruned_Weighted_Lambda020_DTLZ5_M10_D30_26.mat,33de01f5a1bbed4738db94b11f0b37ac5aef14e892dd17093ed6a209c99f29a8
Lambda020,DTLZ5,27,0.8159214760795799,300.0,100.0,True,21265939,1,9.14.0.2254940 (R2023a) Update 2,"[3000.0, 0.5, 0.25, 0.7, 6.0, 0.2]",2026-09-14 19:22:47,333.90755759999996,5f45eaab6c33ca2e182f788acf54484c6fe49fe3d8d6db6dfa278c9f6dcec406,0.001333333333333342,0.13333333333333336,0.05859649122807021,19,15,0.7368421052631579,0.3684210526315789,C:\Users\lsx\Desktop\REMOandDREMO测试集\10目标\n30\REMO_new2_AdaMaO_SDEOnly_UniformMix_Pruned_Weighted_Lambda020\REMO_new2_AdaMaO_SDEOnly_UniformMix_Pruned_Weighted_Lambda020_DTLZ5_M10_D30_27.mat,066488cd8aa9919d29c045f0e3dd8387533aab209ae014e939ce6cf2955c7874
Lambda020,DTLZ5,28,0.7523370022798008,300.0,100.0,True,21265940,1,9.14.0.2254940 (R2023a) Update 2,"[3000.0, 0.5, 0.25, 0.7, 6.0, 0.2]",2026-09-14 19:22:52,332.0092072000001,c585f979c6619812aa318cfc7ff527a8bc4278751c67f24cacd4e85a7f8fb814,0.001333333333333342,0.13333333333333336,0.05859649122807021,19,15,0.9473684210526315,0.2017543859649123,C:\Users\lsx\Desktop\REMOandDREMO测试集\10目标\n30\REMO_new2_AdaMaO_SDEOnly_UniformMix_Pruned_Weighted_Lambda020\REMO_new2_AdaMaO_SDEOnly_UniformMix_Pruned_Weighted_Lambda020_DTLZ5_M10_D30_28.mat,55f873acb1f9072bf3df795cd679d16d47eb2ebe9bcdedd21c8080fc36bf4bfe
Lambda020,DTLZ7,19,12.826613445396932,300.0,100.0,True,21267931,1,9.14.0.2254940 (R2023a) Update 2,"[3000.0, 0.5, 0.25, 0.7, 6.0, 0.2]",2026-09-14 19:27:57,359.9077637000001,a7c2dd57afbaad23fc46f51c458e84fb5631933c0660233e838dda35cf54e466,0.001333333333333342,0.13333333333333336,0.05859649122807021,19,15,0.631578947368421,0.6403508771929824,C:\Users\lsx\Desktop\REMOandDREMO测试集\10目标\n30\REMO_new2_AdaMaO_SDEOnly_UniformMix_Pruned_Weighted_Lambda020\REMO_new2_AdaMaO_SDEOnly_UniformMix_Pruned_Weighted_Lambda020_DTLZ7_M10_D30_19.mat,0656506d176d2d7487f8f4f9c30c885bfc79814335e5a32d5319ccf0cf8ea91f
Lambda020,DTLZ7,20,12.31810567696958,300.0,100.0,True,21267932,1,9.14.0.2254940 (R2023a) Update 2,"[3000.0, 0.5, 0.25, 0.7, 6.0, 0.2]",2026-09-14 19:28:07,361.49104830000005,557043e0a288377952c5865356e20c277e1d592a0dea43b05e0aa59a6eb437df,0.001333333333333342,0.13333333333333336,0.05859649122807021,19,15,0.5789473684210527,0.6754385964912281,C:\Users\lsx\Desktop\REMOandDREMO测试集\10目标\n30\REMO_new2_AdaMaO_SDEOnly_UniformMix_Pruned_Weighted_Lambda020\REMO_new2_AdaMaO_SDEOnly_UniformMix_Pruned_Weighted_Lambda020_DTLZ7_M10_D30_20.mat,73d18987c1a4db48535a812276770dc62994da705c9ec278ab8e3e4a90b4a1fc
Lambda020,DTLZ7,21,7.616073622581636,300.0,100.0,True,21267933,1,9.14.0.2254940 (R2023a) Update 2,"[3000.0, 0.5, 0.25, 0.7, 6.0, 0.2]",2026-09-14 19:28:11,368.1870741,8833194b487593f1fadb6de796e0cf7f3e0be61e917c6adfae8fcddbf72c0b50,0.001333333333333342,0.13333333333333336,0.05859649122807021,19,15,0.7368421052631579,0.5877192982456141,C:\Users\lsx\Desktop\REMOandDREMO测试集\10目标\n30\REMO_new2_AdaMaO_SDEOnly_UniformMix_Pruned_Weighted_Lambda020\REMO_new2_AdaMaO_SDEOnly_UniformMix_Pruned_Weighted_Lambda020_DTLZ7_M10_D30_21.mat,3e15024e7d96ba429203f9e06afe3a7df36231a81d624e90df4a964d1715fb1a
Lambda020,DTLZ7,22,8.493934523060108,300.0,100.0,True,21267934,1,9.14.0.2254940 (R2023a) Update 2,"[3000.0, 0.5, 0.25, 0.7, 6.0, 0.2]",2026-09-14 19:28:23,374.07503230000003,eaf4eb1eb556ce60a29dddbb5015318342486cfb1a9996e717faf186a00b753f,0.001333333333333342,0.13333333333333336,0.05859649122807021,19,15,0.7894736842105263,0.631578947368421,C:\Users\lsx\Desktop\REMOandDREMO测试集\10目标\n30\REMO_new2_AdaMaO_SDEOnly_UniformMix_Pruned_Weighted_Lambda020\REMO_new2_AdaMaO_SDEOnly_UniformMix_Pruned_Weighted_Lambda020_DTLZ7_M10_D30_22.mat,fee64670c08997c80978b77d503ea56e8047fadc3a317d7af9be6c30cc08daf1
Lambda020,DTLZ7,23,8.059484334496549,300.0,100.0,True,21267935,1,9.14.0.2254940 (R2023a) Update 2,"[3000.0, 0.5, 0.25, 0.7, 6.0, 0.2]",2026-09-14 19:28:23,363.6549922,787642cdf49babc3a14e4a107d7f50e114da94623251ddf71cb07a0d8c48d85b,0.001333333333333342,0.13333333333333336,0.05859649122807021,19,15,0.6842105263157895,0.6403508771929824,C:\Users\lsx\Desktop\REMOandDREMO测试集\10目标\n30\REMO_new2_AdaMaO_SDEOnly_UniformMix_Pruned_Weighted_Lambda020\REMO_new2_AdaMaO_SDEOnly_UniformMix_Pruned_Weighted_Lambda020_DTLZ7_M10_D30_23.mat,40eae1d3787b503bd188e72e05820ab3ef6934fc7cafcd19a330d9b5b8ef3b9b
Lambda020,DTLZ7,24,7.50734649221061,300.0,100.0,True,21267936,1,9.14.0.2254940 (R2023a) Update 2,"[3000.0, 0.5, 0.25, 0.7, 6.0, 0.2]",2026-09-14 19:28:27,367.8082659000001,79659e0d185c34df3a20cb22a99c0b4d973f3d8d66abf9db0d654e23d0b82859,0.001333333333333342,0.13333333333333336,0.05859649122807021,19,15,0.7368421052631579,0.5964912280701754,C:\Users\lsx\Desktop\REMOandDREMO测试集\10目标\n30\REMO_new2_AdaMaO_SDEOnly_UniformMix_Pruned_Weighted_Lambda020\REMO_new2_AdaMaO_SDEOnly_UniformMix_Pruned_Weighted_Lambda020_DTLZ7_M10_D30_24.mat,20dd406820b5015b70e5894166e3791bf29ac201c5293db23196b0dfd0fdb2d4
Lambda020,DTLZ7,25,7.414410511418207,300.0,100.0,True,21267937,1,9.14.0.2254940 (R2023a) Update 2,"[3000.0, 0.5, 0.25, 0.7, 6.0, 0.2]",2026-09-14 19:33:59,281.3033720999999,89727c8c47b2466603063d49b9ea0cb302f4c63867ec2c65356b06988d7c7988,0.001333333333333342,0.13333333333333336,0.05859649122807021,19,15,0.42105263157894735,0.8157894736842104,C:\Users\lsx\Desktop\REMOandDREMO测试集\10目标\n30\REMO_new2_AdaMaO_SDEOnly_UniformMix_Pruned_Weighted_Lambda020\REMO_new2_AdaMaO_SDEOnly_UniformMix_Pruned_Weighted_Lambda020_DTLZ7_M10_D30_25.mat,e8021736ae59d428156f279e25e5020afbdd64e8aed722bb652f0b51ca3ad0ff
Lambda020,DTLZ7,26,9.911299210635166,300.0,100.0,True,21267938,1,9.14.0.2254940 (R2023a) Update 2,"[3000.0, 0.5, 0.25, 0.7, 6.0, 0.2]",2026-09-14 19:34:11,281.3223531,75980212df9ce16bae0937610b427529d27f9f8f65328b5c3df6abdc2a8daed2,0.001333333333333342,0.13333333333333336,0.05859649122807021,19,15,0.7368421052631579,0.6403508771929823,C:\Users\lsx\Desktop\REMOandDREMO测试集\10目标\n30\REMO_new2_AdaMaO_SDEOnly_UniformMix_Pruned_Weighted_Lambda020\REMO_new2_AdaMaO_SDEOnly_UniformMix_Pruned_Weighted_Lambda020_DTLZ7_M10_D30_26.mat,cb9ea7a84f86c1cab76dbfbe78b5034d25f704b12f48e54e51d084f0b71baf30
Lambda020,DTLZ7,27,6.618511419336216,300.0,100.0,True,21267939,1,9.14.0.2254940 (R2023a) Update 2,"[3000.0, 0.5, 0.25, 0.7, 6.0, 0.2]",2026-09-14 19:34:21,268.20652629999995,aebd04ab2f8843331b2af32b70487cc306d312aa21372b6a4f83ca4b92f1c377,0.001333333333333342,0.13333333333333336,0.05859649122807021,19,15,0.6842105263157895,0.6491228070175439,C:\Users\lsx\Desktop\REMOandDREMO测试集\10目标\n30\REMO_new2_AdaMaO_SDEOnly_UniformMix_Pruned_Weighted_Lambda020\REMO_new2_AdaMaO_SDEOnly_UniformMix_Pruned_Weighted_Lambda020_DTLZ7_M10_D30_27.mat,36b317572e50c6017c5fb8b06f43542ad86b7b095396078f3f4e976dff30cddf
Lambda020,DTLZ7,28,7.13358377271102,300.0,100.0,True,21267940,1,9.14.0.2254940 (R2023a) Update 2,"[3000.0, 0.5, 0.25, 0.7, 6.0, 0.2]",2026-09-14 19:34:29,270.86036720000004,3216cedae99fb2b0b9823cf648632e4983dd5f3c98189218f25c4cf685cf635a,0.001333333333333342,0.13333333333333336,0.05859649122807021,19,15,0.6842105263157895,0.6842105263157895,C:\Users\lsx\Desktop\REMOandDREMO测试集\10目标\n30\REMO_new2_AdaMaO_SDEOnly_UniformMix_Pruned_Weighted_Lambda020\REMO_new2_AdaMaO_SDEOnly_UniformMix_Pruned_Weighted_Lambda020_DTLZ7_M10_D30_28.mat,7616c28f09430b4fff526b4f6aa50312de8f5f88d13391d0dd6a46fca7efd12a
Weighted,DTLZ2,1,1.067776056568003,300.0,100.0,False,,,,[],,364.1284173999999,,,,,,,,,C:\Users\lsx\Desktop\REMOandDREMO测试集\10目标\n30\REMO_new2_AdaMaO_SDEOnly_UniformMix_Pruned_Weighted\REMO_new2_AdaMaO_SDEOnly_UniformMix_Pruned_Weighted_DTLZ2_M10_D30_1.mat,9ec9f3dd514fecc3c619a173871ba4234cf34e25ee38a37e11194686a28afc1f
Weighted,DTLZ2,10,1.3202159536765248,300.0,100.0,False,,,,[],,431.5939094,,,,,,,,,C:\Users\lsx\Desktop\REMOandDREMO测试集\10目标\n30\REMO_new2_AdaMaO_SDEOnly_UniformMix_Pruned_Weighted\REMO_new2_AdaMaO_SDEOnly_UniformMix_Pruned_Weighted_DTLZ2_M10_D30_10.mat,d3fc03632bcff72567a59d49f53488d4d87bcf9605bfc4ddb23b5ef81f5a8586
Weighted,DTLZ2,11,1.1759036625017645,300.0,100.0,False,,,,[],,419.1922423999999,,,,,,,,,C:\Users\lsx\Desktop\REMOandDREMO测试集\10目标\n30\REMO_new2_AdaMaO_SDEOnly_UniformMix_Pruned_Weighted\REMO_new2_AdaMaO_SDEOnly_UniformMix_Pruned_Weighted_DTLZ2_M10_D30_11.mat,516573e86e8366e65d8168ff01a0baf97f15772998892a86f90f91e937dc9704
Weighted,DTLZ2,12,1.2037024401678982,300.0,100.0,False,,,,[],,421.5966103,,,,,,,,,C:\Users\lsx\Desktop\REMOandDREMO测试集\10目标\n30\REMO_new2_AdaMaO_SDEOnly_UniformMix_Pruned_Weighted\REMO_new2_AdaMaO_SDEOnly_UniformMix_Pruned_Weighted_DTLZ2_M10_D30_12.mat,a116683b114189db0e47d00e42bf4bc25f4aa8fbfd4d3cbdf7a105a3aadc500b
Weighted,DTLZ2,13,1.0170573430281629,300.0,100.0,False,,,,[],,417.4510601999999,,,,,,,,,C:\Users\lsx\Desktop\REMOandDREMO测试集\10目标\n30\REMO_new2_AdaMaO_SDEOnly_UniformMix_Pruned_Weighted\REMO_new2_AdaMaO_SDEOnly_UniformMix_Pruned_Weighted_DTLZ2_M10_D30_13.mat,1e2048e658c2ead75516c32de30ea9533ae6f4d5badf618858abe4908f075f02
Weighted,DTLZ2,14,1.1215596638975365,300.0,100.0,False,,,,[],,411.9216944,,,,,,,,,C:\Users\lsx\Desktop\REMOandDREMO测试集\10目标\n30\REMO_new2_AdaMaO_SDEOnly_UniformMix_Pruned_Weighted\REMO_new2_AdaMaO_SDEOnly_UniformMix_Pruned_Weighted_DTLZ2_M10_D30_14.mat,b2ea3e12fdcae3dec7e606a1d3f5f2770856c7278d159b251eb57a84890f1a74
Weighted,DTLZ2,15,1.3290199469925146,300.0,100.0,False,,,,[],,426.8947569,,,,,,,,,C:\Users\lsx\Desktop\REMOandDREMO测试集\10目标\n30\REMO_new2_AdaMaO_SDEOnly_UniformMix_Pruned_Weighted\REMO_new2_AdaMaO_SDEOnly_UniformMix_Pruned_Weighted_DTLZ2_M10_D30_15.mat,f314bfd5dbcfef17edacb1a3526ea346982bcd4986117eb00844d1ec04092f37
Weighted,DTLZ2,16,1.2017897843767453,300.0,100.0,False,,,,[],,273.8780148,,,,,,,,,C:\Users\lsx\Desktop\REMOandDREMO测试集\10目标\n30\REMO_new2_AdaMaO_SDEOnly_UniformMix_Pruned_Weighted\REMO_new2_AdaMaO_SDEOnly_UniformMix_Pruned_Weighted_DTLZ2_M10_D30_16.mat,a07c585fb642e17743abdf9f8e3b172d3c8d18a477a789a0954a0d4faff6a6f2
Weighted,DTLZ2,17,1.205516690795022,300.0,100.0,False,,,,[],,267.89984899999996,,,,,,,,,C:\Users\lsx\Desktop\REMOandDREMO测试集\10目标\n30\REMO_new2_AdaMaO_SDEOnly_UniformMix_Pruned_Weighted\REMO_new2_AdaMaO_SDEOnly_UniformMix_Pruned_Weighted_DTLZ2_M10_D30_17.mat,6461d02422ecc52096e268449db3cbd502b2ead9f20e07b7e6c282dd26712cdf
Weighted,DTLZ2,18,1.3806175875794877,300.0,100.0,False,,,,[],,282.04012659999995,,,,,,,,,C:\Users\lsx\Desktop\REMOandDREMO测试集\10目标\n30\REMO_new2_AdaMaO_SDEOnly_UniformMix_Pruned_Weighted\REMO_new2_AdaMaO_SDEOnly_UniformMix_Pruned_Weighted_DTLZ2_M10_D30_18.mat,65d252504b63865b88bac10a6f698ab4b7a4d09babda416e3f6507fc3b0005d4
Weighted,DTLZ2,19,1.2768012367242776,300.0,100.0,True,21262931,,9.14.0.2254940 (R2023a) Update 2,"[3000.0, 0.5, 0.25, 0.7, 6.0]",2026-09-13 00:10:58,229.70600220000006,ce5989881a36c9d8deb0ff9c9898d954d14d0261052e834da43e48778ba52a8d,,,,,,,,C:\Users\lsx\Desktop\REMOandDREMO测试集\10目标\n30\REMO_new2_AdaMaO_SDEOnly_UniformMix_Pruned_Weighted\REMO_new2_AdaMaO_SDEOnly_UniformMix_Pruned_Weighted_DTLZ2_M10_D30_19.mat,799f0208316daa808fc4d9556dcf42002eb86a1bafdcfe72d561492746df12c4
Weighted,DTLZ2,2,1.1679958047347156,300.0,100.0,False,,,,[],,371.7984670000001,,,,,,,,,C:\Users\lsx\Desktop\REMOandDREMO测试集\10目标\n30\REMO_new2_AdaMaO_SDEOnly_UniformMix_Pruned_Weighted\REMO_new2_AdaMaO_SDEOnly_UniformMix_Pruned_Weighted_DTLZ2_M10_D30_2.mat,f52201c29afb6c221ac29b502359aa2473b14c752dddc152ad44f2623a594ce5
Weighted,DTLZ2,20,1.2498166022728807,300.0,100.0,True,21262932,,9.14.0.2254940 (R2023a) Update 2,"[3000.0, 0.5, 0.25, 0.7, 6.0]",2026-09-13 00:10:58,230.3146181,5ef3deb80b409563e8b744b4104b279c76b125b1496f5684ad1789d4c8d3bafd,,,,,,,,C:\Users\lsx\Desktop\REMOandDREMO测试集\10目标\n30\REMO_new2_AdaMaO_SDEOnly_UniformMix_Pruned_Weighted\REMO_new2_AdaMaO_SDEOnly_UniformMix_Pruned_Weighted_DTLZ2_M10_D30_20.mat,045412fe55a7a168161c5830367c08170858fae82517cfe86e9ca54d9ba2c01b
Weighted,DTLZ2,21,1.0204359981705913,300.0,100.0,True,21262933,,9.14.0.2254940 (R2023a) Update 2,"[3000.0, 0.5, 0.25, 0.7, 6.0]",2026-09-13 00:14:49,231.16181079999996,737d2380fb2c20179fb1b6ed9e1a6880fa93cbd72122e96becb0c6baadcd5c4d,,,,,,,,C:\Users\lsx\Desktop\REMOandDREMO测试集\10目标\n30\REMO_new2_AdaMaO_SDEOnly_UniformMix_Pruned_Weighted\REMO_new2_AdaMaO_SDEOnly_UniformMix_Pruned_Weighted_DTLZ2_M10_D30_21.mat,038292c3c904a471989dc16c77f1ce1e43fcce71ed6d70d61efd9b287a34c37e
Weighted,DTLZ2,22,1.0380327425334779,300.0,100.0,True,21262934,,9.14.0.2254940 (R2023a) Update 2,"[3000.0, 0.5, 0.25, 0.7, 6.0]",2026-09-13 00:14:49,223.24266139999997,797953490e9de11f7fe39106dad92a1d2644f469b746e541ad9f92a00fe90202,,,,,,,,C:\Users\lsx\Desktop\REMOandDREMO测试集\10目标\n30\REMO_new2_AdaMaO_SDEOnly_UniformMix_Pruned_Weighted\REMO_new2_AdaMaO_SDEOnly_UniformMix_Pruned_Weighted_DTLZ2_M10_D30_22.mat,96bdd2412bd1f8d9d075f7a0a3c784b4819d65bb7f6c068017704213ffc717cb
Weighted,DTLZ2,23,1.0322915374259378,300.0,100.0,True,21262935,,9.14.0.2254940 (R2023a) Update 2,"[3000.0, 0.5, 0.25, 0.7, 6.0]",2026-09-13 00:18:41,222.54640920000003,e3cb61504d9d053d315328058e888bbfc6dc2e2df90c27839d00464a83951dea,,,,,,,,C:\Users\lsx\Desktop\REMOandDREMO测试集\10目标\n30\REMO_new2_AdaMaO_SDEOnly_UniformMix_Pruned_Weighted\REMO_new2_AdaMaO_SDEOnly_UniformMix_Pruned_Weighted_DTLZ2_M10_D30_23.mat,591f7d6227a13b5257aff3b73549e30af6defba5d6df639f2a5a75f27c5709aa
Weighted,DTLZ2,24,1.311411033225597,300.0,100.0,True,21262936,,9.14.0.2254940 (R2023a) Update 2,"[3000.0, 0.5, 0.25, 0.7, 6.0]",2026-09-13 00:18:41,221.70805560000002,8169343d2afaabb8408a7cfa5f6c4e7a7a637b6793a079bc43e55905efbde675,,,,,,,,C:\Users\lsx\Desktop\REMOandDREMO测试集\10目标\n30\REMO_new2_AdaMaO_SDEOnly_UniformMix_Pruned_Weighted\REMO_new2_AdaMaO_SDEOnly_UniformMix_Pruned_Weighted_DTLZ2_M10_D30_24.mat,7ed3915cd0bc8edb95d27a7af0b2987d719c5850955b6849cddbafc666436c97
Weighted,DTLZ2,25,1.1957847484183328,300.0,100.0,True,21262937,,9.14.0.2254940 (R2023a) Update 2,"[3000.0, 0.5, 0.25, 0.7, 6.0]",2026-09-13 00:22:25,221.3627636,69a93f2ee99395809a365807ae771212d871e087f9dc1943c3684ab077ea3a31,,,,,,,,C:\Users\lsx\Desktop\REMOandDREMO测试集\10目标\n30\REMO_new2_AdaMaO_SDEOnly_UniformMix_Pruned_Weighted\REMO_new2_AdaMaO_SDEOnly_UniformMix_Pruned_Weighted_DTLZ2_M10_D30_25.mat,a8db8c329ec63449dd7d2b958c73c7a190f7c0bf63fb3ba699909cf82f545bd9
Weighted,DTLZ2,26,1.2961220412688488,300.0,100.0,True,21262938,,9.14.0.2254940 (R2023a) Update 2,"[3000.0, 0.5, 0.25, 0.7, 6.0]",2026-09-13 00:22:25,223.54746600000007,5abec0a0636991fbf63f8d0fe0b28bd568e02884b05c855e0c30f258319d4505,,,,,,,,C:\Users\lsx\Desktop\REMOandDREMO测试集\10目标\n30\REMO_new2_AdaMaO_SDEOnly_UniformMix_Pruned_Weighted\REMO_new2_AdaMaO_SDEOnly_UniformMix_Pruned_Weighted_DTLZ2_M10_D30_26.mat,60807d8a87498b6ac35fc20114ce2f1382c4c226be5e8c764530cad7cc1b0f57
Weighted,DTLZ2,27,1.1472184339812206,300.0,100.0,True,21262939,,9.14.0.2254940 (R2023a) Update 2,"[3000.0, 0.5, 0.25, 0.7, 6.0]",2026-09-13 00:26:09,221.72063539999996,7e87c1774acc292f2a091be2d23203581562a9735ffe50efd569149bc47056b1,,,,,,,,C:\Users\lsx\Desktop\REMOandDREMO测试集\10目标\n30\REMO_new2_AdaMaO_SDEOnly_UniformMix_Pruned_Weighted\REMO_new2_AdaMaO_SDEOnly_UniformMix_Pruned_Weighted_DTLZ2_M10_D30_27.mat,4eafd44d3dc8551d2d143352c8223b1436350e63de9b4102e632872da7049402
Weighted,DTLZ2,28,1.206010161835494,300.0,100.0,True,21262940,,9.14.0.2254940 (R2023a) Update 2,"[3000.0, 0.5, 0.25, 0.7, 6.0]",2026-09-13 00:26:09,225.81307510000002,9c90ff3bfe59fa0d7c3728ded3308c419c310545b34f3fbbb939a7a74c0c5823,,,,,,,,C:\Users\lsx\Desktop\REMOandDREMO测试集\10目标\n30\REMO_new2_AdaMaO_SDEOnly_UniformMix_Pruned_Weighted\REMO_new2_AdaMaO_SDEOnly_UniformMix_Pruned_Weighted_DTLZ2_M10_D30_28.mat,dc81e126006fa59c249175222d230737f2b8dc972c88854139d5e6c4b2fa56e2
Weighted,DTLZ2,29,1.201630277850392,300.0,100.0,True,21262941,,9.14.0.2254940 (R2023a) Update 2,"[3000.0, 0.5, 0.25, 0.7, 6.0]",2026-09-13 00:29:56,228.7492581,0639f2d9bf202173f46df747fa5583c63d8ca113b4c8ff4de383e268d6e3b799,,,,,,,,C:\Users\lsx\Desktop\REMOandDREMO测试集\10目标\n30\REMO_new2_AdaMaO_SDEOnly_UniformMix_Pruned_Weighted\REMO_new2_AdaMaO_SDEOnly_UniformMix_Pruned_Weighted_DTLZ2_M10_D30_29.mat,d60271492bf9fa342584a2ee908830f4ac4b453359e1be6802175702f8203f4d
Weighted,DTLZ2,3,1.046326109216042,300.0,100.0,False,,,,[],,361.1505662,,,,,,,,,C:\Users\lsx\Desktop\REMOandDREMO测试集\10目标\n30\REMO_new2_AdaMaO_SDEOnly_UniformMix_Pruned_Weighted\REMO_new2_AdaMaO_SDEOnly_UniformMix_Pruned_Weighted_DTLZ2_M10_D30_3.mat,8ceccc3bcc9a231b2ee7aa49054cb4ff16581a5f2d2b5c08094f893b84437f82
Weighted,DTLZ2,30,1.1510867199666417,300.0,100.0,True,21262942,,9.14.0.2254940 (R2023a) Update 2,"[3000.0, 0.5, 0.25, 0.7, 6.0]",2026-09-13 00:29:56,227.79004709999998,e4d82c44350fbf47b3355c4e4d142cdd19ea4b06e6cb71bcfb1ee0e6cb211e55,,,,,,,,C:\Users\lsx\Desktop\REMOandDREMO测试集\10目标\n30\REMO_new2_AdaMaO_SDEOnly_UniformMix_Pruned_Weighted\REMO_new2_AdaMaO_SDEOnly_UniformMix_Pruned_Weighted_DTLZ2_M10_D30_30.mat,a6dc31b21c3f204cc6b6e51fb2019e70c8d77794e9778895bb61340493157af2
Weighted,DTLZ2,4,1.2859855971786114,300.0,100.0,False,,,,[],,372.71567190000013,,,,,,,,,C:\Users\lsx\Desktop\REMOandDREMO测试集\10目标\n30\REMO_new2_AdaMaO_SDEOnly_UniformMix_Pruned_Weighted\REMO_new2_AdaMaO_SDEOnly_UniformMix_Pruned_Weighted_DTLZ2_M10_D30_4.mat,6c97c2f6954b975815afd8182b18219152d17a40bbbdcbd3d351577dd5f30d7d
Weighted,DTLZ2,5,1.1804433609805758,300.0,100.0,False,,,,[],,357.71468419999997,,,,,,,,,C:\Users\lsx\Desktop\REMOandDREMO测试集\10目标\n30\REMO_new2_AdaMaO_SDEOnly_UniformMix_Pruned_Weighted\REMO_new2_AdaMaO_SDEOnly_UniformMix_Pruned_Weighted_DTLZ2_M10_D30_5.mat,c63fb4c7f705d5401b82360e450080466058af090d4435ad5bbc5e3337bc1de6
Weighted,DTLZ2,6,1.2151475325662853,300.0,100.0,False,,,,[],,279.91879159999996,,,,,,,,,C:\Users\lsx\Desktop\REMOandDREMO测试集\10目标\n30\REMO_new2_AdaMaO_SDEOnly_UniformMix_Pruned_Weighted\REMO_new2_AdaMaO_SDEOnly_UniformMix_Pruned_Weighted_DTLZ2_M10_D30_6.mat,977d158293a4352a8c0afe22e682703c9c5911e608e9734cf6f7d26b7ce672e4
Weighted,DTLZ2,7,1.3072339805794186,300.0,100.0,False,,,,[],,279.50559589999983,,,,,,,,,C:\Users\lsx\Desktop\REMOandDREMO测试集\10目标\n30\REMO_new2_AdaMaO_SDEOnly_UniformMix_Pruned_Weighted\REMO_new2_AdaMaO_SDEOnly_UniformMix_Pruned_Weighted_DTLZ2_M10_D30_7.mat,4f7929a5a56a84c7e3570020a0542e219455bfd98e106fccfa49ee040f15c03a
Weighted,DTLZ2,8,1.24679334735045,300.0,100.0,False,,,,[],,280.9566982,,,,,,,,,C:\Users\lsx\Desktop\REMOandDREMO测试集\10目标\n30\REMO_new2_AdaMaO_SDEOnly_UniformMix_Pruned_Weighted\REMO_new2_AdaMaO_SDEOnly_UniformMix_Pruned_Weighted_DTLZ2_M10_D30_8.mat,39b650c5fb564a31deae7b662d43b354495187cae9ddcb58b3d7fd4b540e78eb
Weighted,DTLZ2,9,1.2351064353391696,300.0,100.0,False,,,,[],,274.2478186000001,,,,,,,,,C:\Users\lsx\Desktop\REMOandDREMO测试集\10目标\n30\REMO_new2_AdaMaO_SDEOnly_UniformMix_Pruned_Weighted\REMO_new2_AdaMaO_SDEOnly_UniformMix_Pruned_Weighted_DTLZ2_M10_D30_9.mat,e7f3662338af6cc67725feca79ec11eb72e40a7de1189229d48ae31236ccb8ce
Weighted,DTLZ4,1,1.4938167834900669,300.0,100.0,False,,,,[],,370.55310119999996,,,,,,,,,C:\Users\lsx\Desktop\REMOandDREMO测试集\10目标\n30\REMO_new2_AdaMaO_SDEOnly_UniformMix_Pruned_Weighted\REMO_new2_AdaMaO_SDEOnly_UniformMix_Pruned_Weighted_DTLZ4_M10_D30_1.mat,218093e4d3bfb3d44e5a260c19e3a2f059ab0435ce65c979be4479c5a75a4986
Weighted,DTLZ4,10,1.1983101953225903,300.0,100.0,False,,,,[],,356.04220200000003,,,,,,,,,C:\Users\lsx\Desktop\REMOandDREMO测试集\10目标\n30\REMO_new2_AdaMaO_SDEOnly_UniformMix_Pruned_Weighted\REMO_new2_AdaMaO_SDEOnly_UniformMix_Pruned_Weighted_DTLZ4_M10_D30_10.mat,226a3e0d0d6451935eab360e584dfa2a3218dee7401f538a8abeb4b9442f5faf
Weighted,DTLZ4,11,1.3101205555928657,300.0,100.0,False,,,,[],,376.3575383,,,,,,,,,C:\Users\lsx\Desktop\REMOandDREMO测试集\10目标\n30\REMO_new2_AdaMaO_SDEOnly_UniformMix_Pruned_Weighted\REMO_new2_AdaMaO_SDEOnly_UniformMix_Pruned_Weighted_DTLZ4_M10_D30_11.mat,dc8dbd84b7b8a945c60a24110f72bb20ac625bf44de46523a12fe76965a17e94
Weighted,DTLZ4,12,1.4634828646762614,300.0,100.0,False,,,,[],,370.84753829999994,,,,,,,,,C:\Users\lsx\Desktop\REMOandDREMO测试集\10目标\n30\REMO_new2_AdaMaO_SDEOnly_UniformMix_Pruned_Weighted\REMO_new2_AdaMaO_SDEOnly_UniformMix_Pruned_Weighted_DTLZ4_M10_D30_12.mat,67ab06a07929a24ce755a5a1712642e0aa72d07fb6b844c7b49c7bbaac8a9814
Weighted,DTLZ4,13,1.200721376981774,300.0,100.0,False,,,,[],,384.11818909999994,,,,,,,,,C:\Users\lsx\Desktop\REMOandDREMO测试集\10目标\n30\REMO_new2_AdaMaO_SDEOnly_UniformMix_Pruned_Weighted\REMO_new2_AdaMaO_SDEOnly_UniformMix_Pruned_Weighted_DTLZ4_M10_D30_13.mat,b10dc74b8294be9a400fd9a1b72945bcefc532b041a9a20b1bd6175ca5d4b34d
Weighted,DTLZ4,14,1.2681715764775106,300.0,100.0,False,,,,[],,365.74259220000005,,,,,,,,,C:\Users\lsx\Desktop\REMOandDREMO测试集\10目标\n30\REMO_new2_AdaMaO_SDEOnly_UniformMix_Pruned_Weighted\REMO_new2_AdaMaO_SDEOnly_UniformMix_Pruned_Weighted_DTLZ4_M10_D30_14.mat,fd9c704af55f08a09d5e58d8c35138e646a08e012df6ee5a797682df3113899d
Weighted,DTLZ4,15,1.3484353828755389,300.0,100.0,False,,,,[],,355.5993774,,,,,,,,,C:\Users\lsx\Desktop\REMOandDREMO测试集\10目标\n30\REMO_new2_AdaMaO_SDEOnly_UniformMix_Pruned_Weighted\REMO_new2_AdaMaO_SDEOnly_UniformMix_Pruned_Weighted_DTLZ4_M10_D30_15.mat,472f7de2063790e873eb21721535ccc1eaf83c8c400dc7889b69bfdd65e18e9c
Weighted,DTLZ4,16,1.1813413584933905,300.0,100.0,False,,,,[],,373.82862549999993,,,,,,,,,C:\Users\lsx\Desktop\REMOandDREMO测试集\10目标\n30\REMO_new2_AdaMaO_SDEOnly_UniformMix_Pruned_Weighted\REMO_new2_AdaMaO_SDEOnly_UniformMix_Pruned_Weighted_DTLZ4_M10_D30_16.mat,0cee514664d62f9d51981fee9de8b687ec5fe278a79b7870da517219289d7903
Weighted,DTLZ4,17,1.427311619381855,300.0,100.0,False,,,,[],,364.9686789,,,,,,,,,C:\Users\lsx\Desktop\REMOandDREMO测试集\10目标\n30\REMO_new2_AdaMaO_SDEOnly_UniformMix_Pruned_Weighted\REMO_new2_AdaMaO_SDEOnly_UniformMix_Pruned_Weighted_DTLZ4_M10_D30_17.mat,271179b411a35f96ff2b1da7756af6a093554edd254977434ff8aa0287d18aa0
Weighted,DTLZ4,18,1.2326553482766782,300.0,100.0,False,,,,[],,374.66592879999996,,,,,,,,,C:\Users\lsx\Desktop\REMOandDREMO测试集\10目标\n30\REMO_new2_AdaMaO_SDEOnly_UniformMix_Pruned_Weighted\REMO_new2_AdaMaO_SDEOnly_UniformMix_Pruned_Weighted_DTLZ4_M10_D30_18.mat,88836e79c5ba3145df6957c2f2b7aaabbbebf7655e6443174764c81b04455e2d
Weighted,DTLZ4,19,1.3468690836380792,300.0,100.0,True,21264931,,9.14.0.2254940 (R2023a) Update 2,"[3000.0, 0.5, 0.25, 0.7, 6.0]",2026-09-13 01:36:27,229.8349243,3d07230b58e46bed680f0c44cb4241300f1dd173ba1fd940470a198dc976f3e3,,,,,,,,C:\Users\lsx\Desktop\REMOandDREMO测试集\10目标\n30\REMO_new2_AdaMaO_SDEOnly_UniformMix_Pruned_Weighted\REMO_new2_AdaMaO_SDEOnly_UniformMix_Pruned_Weighted_DTLZ4_M10_D30_19.mat,13eab0bcf6f6d984637145dbdafe9997a116ca136257fcd1479ba05ba539888d
Weighted,DTLZ4,2,1.231827734204008,300.0,100.0,False,,,,[],,367.63691140000003,,,,,,,,,C:\Users\lsx\Desktop\REMOandDREMO测试集\10目标\n30\REMO_new2_AdaMaO_SDEOnly_UniformMix_Pruned_Weighted\REMO_new2_AdaMaO_SDEOnly_UniformMix_Pruned_Weighted_DTLZ4_M10_D30_2.mat,997d0027c4bcb8f6d3bae909bbbd0904a1af083d2ab74b97ec20ebd7857f583b
Weighted,DTLZ4,20,1.3339764124571756,300.0,100.0,True,21264932,,9.14.0.2254940 (R2023a) Update 2,"[3000.0, 0.5, 0.25, 0.7, 6.0]",2026-09-13 01:36:27,231.99842430000007,a06da2fa41e53d2176c0a4d8332945202b5c82c591e143dad5fee179fe1441cd,,,,,,,,C:\Users\lsx\Desktop\REMOandDREMO测试集\10目标\n30\REMO_new2_AdaMaO_SDEOnly_UniformMix_Pruned_Weighted\REMO_new2_AdaMaO_SDEOnly_UniformMix_Pruned_Weighted_DTLZ4_M10_D30_20.mat,fc98f107e1e078cd916e48a4c6f7583bfa1196f76ca75da2aa0b30a104d57d7f
Weighted,DTLZ4,21,1.2133598096395808,300.0,100.0,True,21264933,,9.14.0.2254940 (R2023a) Update 2,"[3000.0, 0.5, 0.25, 0.7, 6.0]",2026-09-13 01:40:20,230.521616,44f943bbacfe4bff735b2ff5026f341525e720739a79fe00cb8f3002a53e958e,,,,,,,,C:\Users\lsx\Desktop\REMOandDREMO测试集\10目标\n30\REMO_new2_AdaMaO_SDEOnly_UniformMix_Pruned_Weighted\REMO_new2_AdaMaO_SDEOnly_UniformMix_Pruned_Weighted_DTLZ4_M10_D30_21.mat,ea35c24381c325b8a5a0454eeddfacd33deb1e941e1c1749c6015348d10a5fa1
Weighted,DTLZ4,22,1.2440330582080508,300.0,100.0,True,21264934,,9.14.0.2254940 (R2023a) Update 2,"[3000.0, 0.5, 0.25, 0.7, 6.0]",2026-09-13 01:40:20,234.0588479,eeddd9d048583fcfb0d10e9bfe0cdec4fe75053827e99a0e286ca7e1fceba595,,,,,,,,C:\Users\lsx\Desktop\REMOandDREMO测试集\10目标\n30\REMO_new2_AdaMaO_SDEOnly_UniformMix_Pruned_Weighted\REMO_new2_AdaMaO_SDEOnly_UniformMix_Pruned_Weighted_DTLZ4_M10_D30_22.mat,2b4a2f7c294f01ecb7086e081cd267e0c604fd91b1e1b937d2f600b1eac62cc1
Weighted,DTLZ4,23,1.2086284275649728,300.0,100.0,True,21264935,,9.14.0.2254940 (R2023a) Update 2,"[3000.0, 0.5, 0.25, 0.7, 6.0]",2026-09-13 01:44:15,219.01894070000003,7054470e98ec5659b148cd598bb08381ff37760f60de87874ea5d2306bb54916,,,,,,,,C:\Users\lsx\Desktop\REMOandDREMO测试集\10目标\n30\REMO_new2_AdaMaO_SDEOnly_UniformMix_Pruned_Weighted\REMO_new2_AdaMaO_SDEOnly_UniformMix_Pruned_Weighted_DTLZ4_M10_D30_23.mat,f1fe58b0aea63dfa121b18afd5bfa35d900f2ec5e07d261844b1312d6e0a7f4f
Weighted,DTLZ4,24,1.5023582596792784,300.0,100.0,True,21264936,,9.14.0.2254940 (R2023a) Update 2,"[3000.0, 0.5, 0.25, 0.7, 6.0]",2026-09-13 01:44:15,227.96809819999993,ba18211c49e2f4fdc92c0799c903ab0740ec303f123ef5605ea3c90ea6e843dd,,,,,,,,C:\Users\lsx\Desktop\REMOandDREMO测试集\10目标\n30\REMO_new2_AdaMaO_SDEOnly_UniformMix_Pruned_Weighted\REMO_new2_AdaMaO_SDEOnly_UniformMix_Pruned_Weighted_DTLZ4_M10_D30_24.mat,2a02ef27e00193f0e07dcdff504a9419a3d3e684b33a5252d9b5f140d62f3d29
Weighted,DTLZ4,25,1.3652801199393043,300.0,100.0,True,21264937,,9.14.0.2254940 (R2023a) Update 2,"[3000.0, 0.5, 0.25, 0.7, 6.0]",2026-09-13 01:48:04,219.05087210000002,3ba58d57586bc54b9bccf075a084594a3b5b5a8c26f264eae57cafc43f020109,,,,,,,,C:\Users\lsx\Desktop\REMOandDREMO测试集\10目标\n30\REMO_new2_AdaMaO_SDEOnly_UniformMix_Pruned_Weighted\REMO_new2_AdaMaO_SDEOnly_UniformMix_Pruned_Weighted_DTLZ4_M10_D30_25.mat,cb07dcd3457852de8f165ff48346e37b5a99f0fdee1082da47c9f6da9864b7b4
Weighted,DTLZ4,26,1.1612786924228338,300.0,100.0,True,21264938,,9.14.0.2254940 (R2023a) Update 2,"[3000.0, 0.5, 0.25, 0.7, 6.0]",2026-09-13 01:48:04,219.76300490000003,61e21ebfb48da97bcc424ef17d746b1ef3565a4945bb01a174ca2d39db5a09a1,,,,,,,,C:\Users\lsx\Desktop\REMOandDREMO测试集\10目标\n30\REMO_new2_AdaMaO_SDEOnly_UniformMix_Pruned_Weighted\REMO_new2_AdaMaO_SDEOnly_UniformMix_Pruned_Weighted_DTLZ4_M10_D30_26.mat,e96328b7c0b285508af7793c4cb7143fbf3817f16e9521f8939c057045ee52af
Weighted,DTLZ4,27,1.371282241672153,300.0,100.0,True,21264939,,9.14.0.2254940 (R2023a) Update 2,"[3000.0, 0.5, 0.25, 0.7, 6.0]",2026-09-13 01:51:44,216.80426259999996,57b809ac29bb518925b2e3cffc285ccdd61d839674c80230792bc685c3206f9c,,,,,,,,C:\Users\lsx\Desktop\REMOandDREMO测试集\10目标\n30\REMO_new2_AdaMaO_SDEOnly_UniformMix_Pruned_Weighted\REMO_new2_AdaMaO_SDEOnly_UniformMix_Pruned_Weighted_DTLZ4_M10_D30_27.mat,2fa166c6f47ec0406bc5258558ef4d3dd74d264946ac92287f97d9bd7fe44849
Weighted,DTLZ4,28,1.5049322051286578,300.0,100.0,True,21264940,,9.14.0.2254940 (R2023a) Update 2,"[3000.0, 0.5, 0.25, 0.7, 6.0]",2026-09-13 01:51:44,219.31308389999998,e4b25f56ff51a23ee80b1823b63e1c5379054928805974b5748890fb74294852,,,,,,,,C:\Users\lsx\Desktop\REMOandDREMO测试集\10目标\n30\REMO_new2_AdaMaO_SDEOnly_UniformMix_Pruned_Weighted\REMO_new2_AdaMaO_SDEOnly_UniformMix_Pruned_Weighted_DTLZ4_M10_D30_28.mat,fb08c582c677283c5ed5780183d06845a6196fdbd99f94895c81646e6239ecad
Weighted,DTLZ4,29,1.4236269107568322,300.0,100.0,True,21264941,,9.14.0.2254940 (R2023a) Update 2,"[3000.0, 0.5, 0.25, 0.7, 6.0]",2026-09-13 01:55:24,221.76411110000004,798c24fc12b9fdd7d0f4ddf0a0515475984b86e9a36217ad0023242ae6277a32,,,,,,,,C:\Users\lsx\Desktop\REMOandDREMO测试集\10目标\n30\REMO_new2_AdaMaO_SDEOnly_UniformMix_Pruned_Weighted\REMO_new2_AdaMaO_SDEOnly_UniformMix_Pruned_Weighted_DTLZ4_M10_D30_29.mat,6efa776bcd8c448228b35d59ba26b54c19f499992fea6d8a89c48386b69d478d
Weighted,DTLZ4,3,1.2248768209736252,300.0,100.0,False,,,,[],,345.06581510000007,,,,,,,,,C:\Users\lsx\Desktop\REMOandDREMO测试集\10目标\n30\REMO_new2_AdaMaO_SDEOnly_UniformMix_Pruned_Weighted\REMO_new2_AdaMaO_SDEOnly_UniformMix_Pruned_Weighted_DTLZ4_M10_D30_3.mat,150e98c0b71f8e57c02560492d3f22ef61af931d7a6885be4850224c37d79dcd
Weighted,DTLZ4,30,1.4059734723415578,300.0,100.0,True,21264942,,9.14.0.2254940 (R2023a) Update 2,"[3000.0, 0.5, 0.25, 0.7, 6.0]",2026-09-13 01:55:24,222.1804145,9c8481f5b7d8f021026598221788ba0592de9f4688af58277abaf411c9bf1155,,,,,,,,C:\Users\lsx\Desktop\REMOandDREMO测试集\10目标\n30\REMO_new2_AdaMaO_SDEOnly_UniformMix_Pruned_Weighted\REMO_new2_AdaMaO_SDEOnly_UniformMix_Pruned_Weighted_DTLZ4_M10_D30_30.mat,f7806ec14fb0fcb60a04b7c0e65ec0fdd5edb416b4b0395609dc87d125097386
Weighted,DTLZ4,4,1.2361335900910324,300.0,100.0,False,,,,[],,351.4759979,,,,,,,,,C:\Users\lsx\Desktop\REMOandDREMO测试集\10目标\n30\REMO_new2_AdaMaO_SDEOnly_UniformMix_Pruned_Weighted\REMO_new2_AdaMaO_SDEOnly_UniformMix_Pruned_Weighted_DTLZ4_M10_D30_4.mat,68ac937593976bc45f9013ef67adb42a03b93736a87a62082994efcc9ad5a649
Weighted,DTLZ4,5,1.1130136937632231,300.0,100.0,False,,,,[],,374.81541509999994,,,,,,,,,C:\Users\lsx\Desktop\REMOandDREMO测试集\10目标\n30\REMO_new2_AdaMaO_SDEOnly_UniformMix_Pruned_Weighted\REMO_new2_AdaMaO_SDEOnly_UniformMix_Pruned_Weighted_DTLZ4_M10_D30_5.mat,4a68045138e0bd9f7771a7428bb397dc94976b7f9eed5ab0ca3b16cdc169a997
Weighted,DTLZ4,6,1.4557649863885522,300.0,100.0,False,,,,[],,355.1443243000001,,,,,,,,,C:\Users\lsx\Desktop\REMOandDREMO测试集\10目标\n30\REMO_new2_AdaMaO_SDEOnly_UniformMix_Pruned_Weighted\REMO_new2_AdaMaO_SDEOnly_UniformMix_Pruned_Weighted_DTLZ4_M10_D30_6.mat,3f7b7d50b1480e71659f7f7fed6a15973993bfda194b17de94015f28105b297a
Weighted,DTLZ4,7,1.257220652951229,300.0,100.0,False,,,,[],,388.8470295999999,,,,,,,,,C:\Users\lsx\Desktop\REMOandDREMO测试集\10目标\n30\REMO_new2_AdaMaO_SDEOnly_UniformMix_Pruned_Weighted\REMO_new2_AdaMaO_SDEOnly_UniformMix_Pruned_Weighted_DTLZ4_M10_D30_7.mat,5a478ca8cc2962ea075af9220b9e1aef4ab3474f35680cdf3e9693080066da33
Weighted,DTLZ4,8,1.3356595611081268,300.0,100.0,False,,,,[],,393.57959009999996,,,,,,,,,C:\Users\lsx\Desktop\REMOandDREMO测试集\10目标\n30\REMO_new2_AdaMaO_SDEOnly_UniformMix_Pruned_Weighted\REMO_new2_AdaMaO_SDEOnly_UniformMix_Pruned_Weighted_DTLZ4_M10_D30_8.mat,53670b7b04481db9f4c3b4bfb6348f63329ee86c8c3c4984ff588cea35824b1b
Weighted,DTLZ4,9,1.1270622805920312,300.0,100.0,False,,,,[],,383.816472,,,,,,,,,C:\Users\lsx\Desktop\REMOandDREMO测试集\10目标\n30\REMO_new2_AdaMaO_SDEOnly_UniformMix_Pruned_Weighted\REMO_new2_AdaMaO_SDEOnly_UniformMix_Pruned_Weighted_DTLZ4_M10_D30_9.mat,c569250e304facb2b9457f5a324404199e6414264e545f3092f31f5c751e78c9
Weighted,DTLZ5,1,0.9633094853973196,300.0,100.0,False,,,,[],,323.63989829999997,,,,,,,,,C:\Users\lsx\Desktop\REMOandDREMO测试集\10目标\n30\REMO_new2_AdaMaO_SDEOnly_UniformMix_Pruned_Weighted\REMO_new2_AdaMaO_SDEOnly_UniformMix_Pruned_Weighted_DTLZ5_M10_D30_1.mat,9f397babd2e21eba089436e7fbe48e716b8d9f48c21c1607d4e65a708c53f2c0
Weighted,DTLZ5,10,0.8093746395488989,300.0,100.0,False,,,,[],,344.2224613,,,,,,,,,C:\Users\lsx\Desktop\REMOandDREMO测试集\10目标\n30\REMO_new2_AdaMaO_SDEOnly_UniformMix_Pruned_Weighted\REMO_new2_AdaMaO_SDEOnly_UniformMix_Pruned_Weighted_DTLZ5_M10_D30_10.mat,cda4199359a7f4117e997daf00f6e72269d38fcdad611faf3045e279be3f9503
Weighted,DTLZ5,11,0.9702183336576884,300.0,100.0,False,,,,[],,351.47120000000007,,,,,,,,,C:\Users\lsx\Desktop\REMOandDREMO测试集\10目标\n30\REMO_new2_AdaMaO_SDEOnly_UniformMix_Pruned_Weighted\REMO_new2_AdaMaO_SDEOnly_UniformMix_Pruned_Weighted_DTLZ5_M10_D30_11.mat,355a27814c41bc1f46cff84fa7601c84b696279e02860a5ca79a1473aac7157b
Weighted,DTLZ5,12,0.7682564146335462,300.0,100.0,False,,,,[],,358.9989297,,,,,,,,,C:\Users\lsx\Desktop\REMOandDREMO测试集\10目标\n30\REMO_new2_AdaMaO_SDEOnly_UniformMix_Pruned_Weighted\REMO_new2_AdaMaO_SDEOnly_UniformMix_Pruned_Weighted_DTLZ5_M10_D30_12.mat,8e9692b300a36c811dfc208d8fba720cb49bfb975af123a3cac3c9e62c4135c0
Weighted,DTLZ5,13,0.7134574735103255,300.0,100.0,False,,,,[],,356.41626360000004,,,,,,,,,C:\Users\lsx\Desktop\REMOandDREMO测试集\10目标\n30\REMO_new2_AdaMaO_SDEOnly_UniformMix_Pruned_Weighted\REMO_new2_AdaMaO_SDEOnly_UniformMix_Pruned_Weighted_DTLZ5_M10_D30_13.mat,fea700a01f4eb4ad198db1f97897849ba41a1be13a7d6d2c2077f6400a26f7c6
Weighted,DTLZ5,14,0.6502529790558729,300.0,100.0,False,,,,[],,360.1769685,,,,,,,,,C:\Users\lsx\Desktop\REMOandDREMO测试集\10目标\n30\REMO_new2_AdaMaO_SDEOnly_UniformMix_Pruned_Weighted\REMO_new2_AdaMaO_SDEOnly_UniformMix_Pruned_Weighted_DTLZ5_M10_D30_14.mat,a3ea083d819bed633f1cda1ffe7dd6de61d0997ebcb850d442303d5d6e383b45
Weighted,DTLZ5,15,0.9757173514750939,300.0,100.0,False,,,,[],,341.35149519999993,,,,,,,,,C:\Users\lsx\Desktop\REMOandDREMO测试集\10目标\n30\REMO_new2_AdaMaO_SDEOnly_UniformMix_Pruned_Weighted\REMO_new2_AdaMaO_SDEOnly_UniformMix_Pruned_Weighted_DTLZ5_M10_D30_15.mat,3e75782d2bd542660c58269544d3d3584920220116e807f4112c42a9790d2c31
Weighted,DTLZ5,16,0.9355336428151024,300.0,100.0,False,,,,[],,271.66998069999994,,,,,,,,,C:\Users\lsx\Desktop\REMOandDREMO测试集\10目标\n30\REMO_new2_AdaMaO_SDEOnly_UniformMix_Pruned_Weighted\REMO_new2_AdaMaO_SDEOnly_UniformMix_Pruned_Weighted_DTLZ5_M10_D30_16.mat,bf8fb6385c1810225178648f77b029a9c6edcfc2497e7b75aa1d57120a619ecf
Weighted,DTLZ5,17,0.9314969105044419,300.0,100.0,False,,,,[],,270.3957032,,,,,,,,,C:\Users\lsx\Desktop\REMOandDREMO测试集\10目标\n30\REMO_new2_AdaMaO_SDEOnly_UniformMix_Pruned_Weighted\REMO_new2_AdaMaO_SDEOnly_UniformMix_Pruned_Weighted_DTLZ5_M10_D30_17.mat,ef5953f01c862f4a5c77e18689d6a1540852dd763c5cc6d4d0b2f66320d5a6be
Weighted,DTLZ5,18,0.8973166279193967,300.0,100.0,False,,,,[],,269.46709009999995,,,,,,,,,C:\Users\lsx\Desktop\REMOandDREMO测试集\10目标\n30\REMO_new2_AdaMaO_SDEOnly_UniformMix_Pruned_Weighted\REMO_new2_AdaMaO_SDEOnly_UniformMix_Pruned_Weighted_DTLZ5_M10_D30_18.mat,b08733cb6f7ea7de1f350872220635a39b126d83275102a98255423b7e00df34
Weighted,DTLZ5,19,0.723780585783652,300.0,100.0,True,21265931,,9.14.0.2254940 (R2023a) Update 2,"[3000.0, 0.5, 0.25, 0.7, 6.0]",2026-09-13 02:19:14,232.10643080000003,8984d072e8db4849d88ad43e55c1b9fdc5714d8c64b6c6e1421d42cdf0e872f6,,,,,,,,C:\Users\lsx\Desktop\REMOandDREMO测试集\10目标\n30\REMO_new2_AdaMaO_SDEOnly_UniformMix_Pruned_Weighted\REMO_new2_AdaMaO_SDEOnly_UniformMix_Pruned_Weighted_DTLZ5_M10_D30_19.mat,7891dd36871dc20a565f3fe8f2e38b5a9861b81b5c0588b102dcb93185d0a4c8
Weighted,DTLZ5,2,0.7630039167437684,300.0,100.0,False,,,,[],,319.67904659999994,,,,,,,,,C:\Users\lsx\Desktop\REMOandDREMO测试集\10目标\n30\REMO_new2_AdaMaO_SDEOnly_UniformMix_Pruned_Weighted\REMO_new2_AdaMaO_SDEOnly_UniformMix_Pruned_Weighted_DTLZ5_M10_D30_2.mat,83e49dff6cadab1df0622814af57a5a47f26a0b86fccbf0144c2f0919e6e3325
Weighted,DTLZ5,20,1.02003346617305,300.0,100.0,True,21265932,,9.14.0.2254940 (R2023a) Update 2,"[3000.0, 0.5, 0.25, 0.7, 6.0]",2026-09-13 02:19:14,217.24044830000003,74cb1f6a4dd1cf4d763c234c205a9a04875dfb419c7098ba9073cb6fc816741c,,,,,,,,C:\Users\lsx\Desktop\REMOandDREMO测试集\10目标\n30\REMO_new2_AdaMaO_SDEOnly_UniformMix_Pruned_Weighted\REMO_new2_AdaMaO_SDEOnly_UniformMix_Pruned_Weighted_DTLZ5_M10_D30_20.mat,87d2d41dbb65db4872513be573a8b8605743b49dbaf5fdc14c76c62e9550b2ba
Weighted,DTLZ5,21,0.7020537489657612,300.0,100.0,True,21265933,,9.14.0.2254940 (R2023a) Update 2,"[3000.0, 0.5, 0.25, 0.7, 6.0]",2026-09-13 02:23:07,224.24556619999998,192ddba6d32e68e94c94f27e6d73a18a13564247aa19ed559efbaf3273959a56,,,,,,,,C:\Users\lsx\Desktop\REMOandDREMO测试集\10目标\n30\REMO_new2_AdaMaO_SDEOnly_UniformMix_Pruned_Weighted\REMO_new2_AdaMaO_SDEOnly_UniformMix_Pruned_Weighted_DTLZ5_M10_D30_21.mat,c3c317b0c44c7d3aac16bda4f686344a08f07e5c397fdc998450fb5578df2dbe
Weighted,DTLZ5,22,0.745118807576136,300.0,100.0,True,21265934,,9.14.0.2254940 (R2023a) Update 2,"[3000.0, 0.5, 0.25, 0.7, 6.0]",2026-09-13 02:23:07,226.3797703,aa7ede0f96a7c7fd7cac74223e5a17fc0b1926e6b3c5ec058193a96d8ffcf9fa,,,,,,,,C:\Users\lsx\Desktop\REMOandDREMO测试集\10目标\n30\REMO_new2_AdaMaO_SDEOnly_UniformMix_Pruned_Weighted\REMO_new2_AdaMaO_SDEOnly_UniformMix_Pruned_Weighted_DTLZ5_M10_D30_22.mat,61ee51729bc697f5d6e29590c7e58b25f9071e071c294164b185fe86c47cd3b7
Weighted,DTLZ5,23,0.7896014371797873,300.0,100.0,True,21265935,,9.14.0.2254940 (R2023a) Update 2,"[3000.0, 0.5, 0.25, 0.7, 6.0]",2026-09-13 02:26:54,226.56548020000002,06d95a372adf9bc6bf4fb810d49a2a8eb47d5818d3d2ceae99b134e5bd0a22e6,,,,,,,,C:\Users\lsx\Desktop\REMOandDREMO测试集\10目标\n30\REMO_new2_AdaMaO_SDEOnly_UniformMix_Pruned_Weighted\REMO_new2_AdaMaO_SDEOnly_UniformMix_Pruned_Weighted_DTLZ5_M10_D30_23.mat,063979ea63545fb92de332814e7b7aea9ee84739fa6c654f429db9259990f43a
Weighted,DTLZ5,24,0.7863418750688002,300.0,100.0,True,21265936,,9.14.0.2254940 (R2023a) Update 2,"[3000.0, 0.5, 0.25, 0.7, 6.0]",2026-09-13 02:26:54,217.82917400000005,4359cc825629d51f8ae208b73bbbf7617f9bb336d4d42e49adad8fdae1bd76ef,,,,,,,,C:\Users\lsx\Desktop\REMOandDREMO测试集\10目标\n30\REMO_new2_AdaMaO_SDEOnly_UniformMix_Pruned_Weighted\REMO_new2_AdaMaO_SDEOnly_UniformMix_Pruned_Weighted_DTLZ5_M10_D30_24.mat,bef02c3953af1d19e10ec21390e6f6701e60c63e37993bc91fc910a8fba785c9
Weighted,DTLZ5,25,0.7960182870748519,300.0,100.0,True,21265937,,9.14.0.2254940 (R2023a) Update 2,"[3000.0, 0.5, 0.25, 0.7, 6.0]",2026-09-13 02:30:41,230.4224145,e52fb7ec50ba5d2d68e241798b0ff5daa546bac84652f917c09977949e030fa8,,,,,,,,C:\Users\lsx\Desktop\REMOandDREMO测试集\10目标\n30\REMO_new2_AdaMaO_SDEOnly_UniformMix_Pruned_Weighted\REMO_new2_AdaMaO_SDEOnly_UniformMix_Pruned_Weighted_DTLZ5_M10_D30_25.mat,746415d37afa8408eb7401e2ac84cd415494180baa3cb1775631d62d19779b06
Weighted,DTLZ5,26,0.6295760495643327,300.0,100.0,True,21265938,,9.14.0.2254940 (R2023a) Update 2,"[3000.0, 0.5, 0.25, 0.7, 6.0]",2026-09-13 02:30:41,228.88885910000002,7ce86ff41a7ad12ce4a9aaebb85e57017e20021daee1fc45415680edba28c941,,,,,,,,C:\Users\lsx\Desktop\REMOandDREMO测试集\10目标\n30\REMO_new2_AdaMaO_SDEOnly_UniformMix_Pruned_Weighted\REMO_new2_AdaMaO_SDEOnly_UniformMix_Pruned_Weighted_DTLZ5_M10_D30_26.mat,c13e9fd931a3d02e934ec05ce636141bbba4090a76fe2011dc2da2311e2dd894
Weighted,DTLZ5,27,0.712105641419021,300.0,100.0,True,21265939,,9.14.0.2254940 (R2023a) Update 2,"[3000.0, 0.5, 0.25, 0.7, 6.0]",2026-09-13 02:34:33,219.04922379999994,5f45eaab6c33ca2e182f788acf54484c6fe49fe3d8d6db6dfa278c9f6dcec406,,,,,,,,C:\Users\lsx\Desktop\REMOandDREMO测试集\10目标\n30\REMO_new2_AdaMaO_SDEOnly_UniformMix_Pruned_Weighted\REMO_new2_AdaMaO_SDEOnly_UniformMix_Pruned_Weighted_DTLZ5_M10_D30_27.mat,60c5d43a119f79fdae81acd6e926a7c573591da53d902b85634e57b293e96553
Weighted,DTLZ5,28,0.7961205920438927,300.0,100.0,True,21265940,,9.14.0.2254940 (R2023a) Update 2,"[3000.0, 0.5, 0.25, 0.7, 6.0]",2026-09-13 02:34:33,218.55819840000004,c585f979c6619812aa318cfc7ff527a8bc4278751c67f24cacd4e85a7f8fb814,,,,,,,,C:\Users\lsx\Desktop\REMOandDREMO测试集\10目标\n30\REMO_new2_AdaMaO_SDEOnly_UniformMix_Pruned_Weighted\REMO_new2_AdaMaO_SDEOnly_UniformMix_Pruned_Weighted_DTLZ5_M10_D30_28.mat,a336892c25a8b2335f0d586bf79ac1d10a628c82b527537a0a2f57ef7c52e0bd
Weighted,DTLZ5,29,0.6030329122710492,300.0,100.0,True,21265941,,9.14.0.2254940 (R2023a) Update 2,"[3000.0, 0.5, 0.25, 0.7, 6.0]",2026-09-13 02:38:13,228.5225387,1ab69ef44a1a0cad41eaeeccb661b4fb7fd20cdea3ba8d6e4e9205a443a52dc4,,,,,,,,C:\Users\lsx\Desktop\REMOandDREMO测试集\10目标\n30\REMO_new2_AdaMaO_SDEOnly_UniformMix_Pruned_Weighted\REMO_new2_AdaMaO_SDEOnly_UniformMix_Pruned_Weighted_DTLZ5_M10_D30_29.mat,5ecbdc34ae5bac6708db99132efb2f7e2b9a9b354b359a3aa277262d6eeda1ab
Weighted,DTLZ5,3,0.6350698834818912,300.0,100.0,False,,,,[],,327.76167280000004,,,,,,,,,C:\Users\lsx\Desktop\REMOandDREMO测试集\10目标\n30\REMO_new2_AdaMaO_SDEOnly_UniformMix_Pruned_Weighted\REMO_new2_AdaMaO_SDEOnly_UniformMix_Pruned_Weighted_DTLZ5_M10_D30_3.mat,469bcade910bbefe126ad78e7f9eac001a33530bee9a98496ae52ea858dad446
Weighted,DTLZ5,30,0.8124043462117795,300.0,100.0,True,21265942,,9.14.0.2254940 (R2023a) Update 2,"[3000.0, 0.5, 0.25, 0.7, 6.0]",2026-09-13 02:38:13,228.39749089999995,50407c8c0057422161624e805226b6fed087873163967983a620e4949980f217,,,,,,,,C:\Users\lsx\Desktop\REMOandDREMO测试集\10目标\n30\REMO_new2_AdaMaO_SDEOnly_UniformMix_Pruned_Weighted\REMO_new2_AdaMaO_SDEOnly_UniformMix_Pruned_Weighted_DTLZ5_M10_D30_30.mat,f09e1d63007cc523b71d84d114d1045b70572316835aec9cb5b2b8b19c88e6e3
Weighted,DTLZ5,4,0.657507423756879,300.0,100.0,False,,,,[],,325.0828353,,,,,,,,,C:\Users\lsx\Desktop\REMOandDREMO测试集\10目标\n30\REMO_new2_AdaMaO_SDEOnly_UniformMix_Pruned_Weighted\REMO_new2_AdaMaO_SDEOnly_UniformMix_Pruned_Weighted_DTLZ5_M10_D30_4.mat,a7a4722202ae2faee934430ca1c92aed8a2829c20e5421aa9a996a8aa1ec39d2
Weighted,DTLZ5,5,0.9278748302463559,300.0,100.0,False,,,,[],,332.99047089999993,,,,,,,,,C:\Users\lsx\Desktop\REMOandDREMO测试集\10目标\n30\REMO_new2_AdaMaO_SDEOnly_UniformMix_Pruned_Weighted\REMO_new2_AdaMaO_SDEOnly_UniformMix_Pruned_Weighted_DTLZ5_M10_D30_5.mat,a6870bb8d55f20864f11c836beaba41c02ac299b2603a3155134d690648bb605
Weighted,DTLZ5,6,0.8555785216635917,300.0,100.0,False,,,,[],,327.6506128999999,,,,,,,,,C:\Users\lsx\Desktop\REMOandDREMO测试集\10目标\n30\REMO_new2_AdaMaO_SDEOnly_UniformMix_Pruned_Weighted\REMO_new2_AdaMaO_SDEOnly_UniformMix_Pruned_Weighted_DTLZ5_M10_D30_6.mat,2d5cd427e794b1c869c991767eaeda23cb34b7506a323729db329b87ab0fbf00
Weighted,DTLZ5,7,0.904038808017524,300.0,100.0,False,,,,[],,256.2325262,,,,,,,,,C:\Users\lsx\Desktop\REMOandDREMO测试集\10目标\n30\REMO_new2_AdaMaO_SDEOnly_UniformMix_Pruned_Weighted\REMO_new2_AdaMaO_SDEOnly_UniformMix_Pruned_Weighted_DTLZ5_M10_D30_7.mat,cb95e505f8374b510ab057762b4e4fd627b6179c02996c0f4c0516e33a9cf420
Weighted,DTLZ5,8,0.7623298729802763,300.0,100.0,False,,,,[],,250.01246910000003,,,,,,,,,C:\Users\lsx\Desktop\REMOandDREMO测试集\10目标\n30\REMO_new2_AdaMaO_SDEOnly_UniformMix_Pruned_Weighted\REMO_new2_AdaMaO_SDEOnly_UniformMix_Pruned_Weighted_DTLZ5_M10_D30_8.mat,72b7a71150e8edf870f3073b8efba84b67a13dc23a7023ebdb6834394402782b
Weighted,DTLZ5,9,0.808733387501652,300.0,100.0,False,,,,[],,250.24278960000004,,,,,,,,,C:\Users\lsx\Desktop\REMOandDREMO测试集\10目标\n30\REMO_new2_AdaMaO_SDEOnly_UniformMix_Pruned_Weighted\REMO_new2_AdaMaO_SDEOnly_UniformMix_Pruned_Weighted_DTLZ5_M10_D30_9.mat,86907b282d1a618eb3bc97365e471596704f5927cf74898e9f1744a84659f3b7
Weighted,DTLZ7,1,7.474305019981987,300.0,100.0,False,,,,[],,314.84162269999996,,,,,,,,,C:\Users\lsx\Desktop\REMOandDREMO测试集\10目标\n30\REMO_new2_AdaMaO_SDEOnly_UniformMix_Pruned_Weighted\REMO_new2_AdaMaO_SDEOnly_UniformMix_Pruned_Weighted_DTLZ7_M10_D30_1.mat,59e7789e94a0789ab73f9ef3a72d9edff1ab79a858f0099c6decb05fe4feafad
Weighted,DTLZ7,10,10.717428528844774,300.0,100.0,False,,,,[],,354.8096594,,,,,,,,,C:\Users\lsx\Desktop\REMOandDREMO测试集\10目标\n30\REMO_new2_AdaMaO_SDEOnly_UniformMix_Pruned_Weighted\REMO_new2_AdaMaO_SDEOnly_UniformMix_Pruned_Weighted_DTLZ7_M10_D30_10.mat,d0816e7f478d071e2971992e702081eb39dceac8a5ce9bcf7a421516baeae901
Weighted,DTLZ7,11,9.558237551506414,300.0,100.0,False,,,,[],,342.43944849999997,,,,,,,,,C:\Users\lsx\Desktop\REMOandDREMO测试集\10目标\n30\REMO_new2_AdaMaO_SDEOnly_UniformMix_Pruned_Weighted\REMO_new2_AdaMaO_SDEOnly_UniformMix_Pruned_Weighted_DTLZ7_M10_D30_11.mat,b31a0ae0f91d6d308cba40ed1827a98f6116eac9f6b3534572bd72887e24af21
Weighted,DTLZ7,12,7.3211379031951775,300.0,100.0,False,,,,[],,353.5428228,,,,,,,,,C:\Users\lsx\Desktop\REMOandDREMO测试集\10目标\n30\REMO_new2_AdaMaO_SDEOnly_UniformMix_Pruned_Weighted\REMO_new2_AdaMaO_SDEOnly_UniformMix_Pruned_Weighted_DTLZ7_M10_D30_12.mat,12b93520889d02b916e9e4e74e594ab3e2c93bc6b062502ae36ef0756d8f7b74
Weighted,DTLZ7,13,7.114391013118058,300.0,100.0,False,,,,[],,343.2437479,,,,,,,,,C:\Users\lsx\Desktop\REMOandDREMO测试集\10目标\n30\REMO_new2_AdaMaO_SDEOnly_UniformMix_Pruned_Weighted\REMO_new2_AdaMaO_SDEOnly_UniformMix_Pruned_Weighted_DTLZ7_M10_D30_13.mat,1c1b764758259bd601e7219929ce5fba298d52fed653312091b79dcbffae1089
Weighted,DTLZ7,14,7.841430398460318,300.0,100.0,False,,,,[],,358.88196899999997,,,,,,,,,C:\Users\lsx\Desktop\REMOandDREMO测试集\10目标\n30\REMO_new2_AdaMaO_SDEOnly_UniformMix_Pruned_Weighted\REMO_new2_AdaMaO_SDEOnly_UniformMix_Pruned_Weighted_DTLZ7_M10_D30_14.mat,c2a6efed0a5ebbbd86eddc939feafbeb60be8080d53caf53145fedded6a5789a
Weighted,DTLZ7,15,8.571678501273778,300.0,100.0,False,,,,[],,354.4157144,,,,,,,,,C:\Users\lsx\Desktop\REMOandDREMO测试集\10目标\n30\REMO_new2_AdaMaO_SDEOnly_UniformMix_Pruned_Weighted\REMO_new2_AdaMaO_SDEOnly_UniformMix_Pruned_Weighted_DTLZ7_M10_D30_15.mat,72611a1c01105ce302d91f727ad43dbde218b0fbd30473d062b716d95318daf5
Weighted,DTLZ7,16,7.662884937419175,300.0,100.0,False,,,,[],,265.93164949999993,,,,,,,,,C:\Users\lsx\Desktop\REMOandDREMO测试集\10目标\n30\REMO_new2_AdaMaO_SDEOnly_UniformMix_Pruned_Weighted\REMO_new2_AdaMaO_SDEOnly_UniformMix_Pruned_Weighted_DTLZ7_M10_D30_16.mat,a6b9d01c58d19d8f24caa94fdfa2df46237b5958c5986c42890bf1b03d98db73
Weighted,DTLZ7,17,8.497840290221648,300.0,100.0,False,,,,[],,270.57411940000003,,,,,,,,,C:\Users\lsx\Desktop\REMOandDREMO测试集\10目标\n30\REMO_new2_AdaMaO_SDEOnly_UniformMix_Pruned_Weighted\REMO_new2_AdaMaO_SDEOnly_UniformMix_Pruned_Weighted_DTLZ7_M10_D30_17.mat,6d25a843a51be18757da8b1f11546939e70bf4f67b4d04b57faafc6ceaf5eb29
Weighted,DTLZ7,18,10.116642379453468,300.0,100.0,False,,,,[],,268.8190925999999,,,,,,,,,C:\Users\lsx\Desktop\REMOandDREMO测试集\10目标\n30\REMO_new2_AdaMaO_SDEOnly_UniformMix_Pruned_Weighted\REMO_new2_AdaMaO_SDEOnly_UniformMix_Pruned_Weighted_DTLZ7_M10_D30_18.mat,098a850757ae92e7910e4f855188604b40f79c0a2bd11bf1a96d5d45431b75d2
Weighted,DTLZ7,19,9.526032687592988,300.0,100.0,True,21267931,,9.14.0.2254940 (R2023a) Update 2,"[3000.0, 0.5, 0.25, 0.7, 6.0]",2026-09-13 03:48:21,215.64809989999995,a7c2dd57afbaad23fc46f51c458e84fb5631933c0660233e838dda35cf54e466,,,,,,,,C:\Users\lsx\Desktop\REMOandDREMO测试集\10目标\n30\REMO_new2_AdaMaO_SDEOnly_UniformMix_Pruned_Weighted\REMO_new2_AdaMaO_SDEOnly_UniformMix_Pruned_Weighted_DTLZ7_M10_D30_19.mat,1c6d177bf11e44ab650bdc150a81850af1a839a95a0a8f3dc71aeeba69bdb6bd
Weighted,DTLZ7,2,8.35056758306264,300.0,100.0,False,,,,[],,320.815893,,,,,,,,,C:\Users\lsx\Desktop\REMOandDREMO测试集\10目标\n30\REMO_new2_AdaMaO_SDEOnly_UniformMix_Pruned_Weighted\REMO_new2_AdaMaO_SDEOnly_UniformMix_Pruned_Weighted_DTLZ7_M10_D30_2.mat,fa28c75de97e523730b9ba195bc9e642dc417af29558e3de07b8728927bf75db
Weighted,DTLZ7,20,8.683842090543136,300.0,100.0,True,21267932,,9.14.0.2254940 (R2023a) Update 2,"[3000.0, 0.5, 0.25, 0.7, 6.0]",2026-09-13 03:48:21,213.795994,557043e0a288377952c5865356e20c277e1d592a0dea43b05e0aa59a6eb437df,,,,,,,,C:\Users\lsx\Desktop\REMOandDREMO测试集\10目标\n30\REMO_new2_AdaMaO_SDEOnly_UniformMix_Pruned_Weighted\REMO_new2_AdaMaO_SDEOnly_UniformMix_Pruned_Weighted_DTLZ7_M10_D30_20.mat,0c0b0a303bbc507671c7802b03147ac1127707588af0cca949aa75c1e8823b09
Weighted,DTLZ7,21,9.900411820479828,300.0,100.0,True,21267933,,9.14.0.2254940 (R2023a) Update 2,"[3000.0, 0.5, 0.25, 0.7, 6.0]",2026-09-13 03:51:58,219.79524060000003,8833194b487593f1fadb6de796e0cf7f3e0be61e917c6adfae8fcddbf72c0b50,,,,,,,,C:\Users\lsx\Desktop\REMOandDREMO测试集\10目标\n30\REMO_new2_AdaMaO_SDEOnly_UniformMix_Pruned_Weighted\REMO_new2_AdaMaO_SDEOnly_UniformMix_Pruned_Weighted_DTLZ7_M10_D30_21.mat,b2cc256a26ef54a80fcdcc2414992d184111cca71c07f10376e34aca0f85d5a1
Weighted,DTLZ7,22,8.384881103153718,300.0,100.0,True,21267934,,9.14.0.2254940 (R2023a) Update 2,"[3000.0, 0.5, 0.25, 0.7, 6.0]",2026-09-13 03:51:58,220.4534257,eaf4eb1eb556ce60a29dddbb5015318342486cfb1a9996e717faf186a00b753f,,,,,,,,C:\Users\lsx\Desktop\REMOandDREMO测试集\10目标\n30\REMO_new2_AdaMaO_SDEOnly_UniformMix_Pruned_Weighted\REMO_new2_AdaMaO_SDEOnly_UniformMix_Pruned_Weighted_DTLZ7_M10_D30_22.mat,78ad86e6acea32a8752a21ce4fbe03359e4db1e8491ab79ae33a4bf97ebc1922
Weighted,DTLZ7,23,6.592670083072615,300.0,100.0,True,21267935,,9.14.0.2254940 (R2023a) Update 2,"[3000.0, 0.5, 0.25, 0.7, 6.0]",2026-09-13 03:55:39,224.79613210000002,787642cdf49babc3a14e4a107d7f50e114da94623251ddf71cb07a0d8c48d85b,,,,,,,,C:\Users\lsx\Desktop\REMOandDREMO测试集\10目标\n30\REMO_new2_AdaMaO_SDEOnly_UniformMix_Pruned_Weighted\REMO_new2_AdaMaO_SDEOnly_UniformMix_Pruned_Weighted_DTLZ7_M10_D30_23.mat,cb6c8e995daf58efb378dee3e92c609832707a10a235d4ba45f32fea7dec18ff
Weighted,DTLZ7,24,8.064659234073568,300.0,100.0,True,21267936,,9.14.0.2254940 (R2023a) Update 2,"[3000.0, 0.5, 0.25, 0.7, 6.0]",2026-09-13 03:55:39,215.85517020000006,79659e0d185c34df3a20cb22a99c0b4d973f3d8d66abf9db0d654e23d0b82859,,,,,,,,C:\Users\lsx\Desktop\REMOandDREMO测试集\10目标\n30\REMO_new2_AdaMaO_SDEOnly_UniformMix_Pruned_Weighted\REMO_new2_AdaMaO_SDEOnly_UniformMix_Pruned_Weighted_DTLZ7_M10_D30_24.mat,bcb4d78d541d28bcd575cb112db52d46ae39992b537da09ca58e860efaa6fe85
Weighted,DTLZ7,25,7.618265136810444,300.0,100.0,True,21267937,,9.14.0.2254940 (R2023a) Update 2,"[3000.0, 0.5, 0.25, 0.7, 6.0]",2026-09-13 03:59:25,219.9017894,89727c8c47b2466603063d49b9ea0cb302f4c63867ec2c65356b06988d7c7988,,,,,,,,C:\Users\lsx\Desktop\REMOandDREMO测试集\10目标\n30\REMO_new2_AdaMaO_SDEOnly_UniformMix_Pruned_Weighted\REMO_new2_AdaMaO_SDEOnly_UniformMix_Pruned_Weighted_DTLZ7_M10_D30_25.mat,48bfdceb9d06946e4f7e4be2bd8cbf030f988b41c9b31aa4188ebd1118d96427
Weighted,DTLZ7,26,7.468964777537295,300.0,100.0,True,21267938,,9.14.0.2254940 (R2023a) Update 2,"[3000.0, 0.5, 0.25, 0.7, 6.0]",2026-09-13 03:59:25,223.4851488,75980212df9ce16bae0937610b427529d27f9f8f65328b5c3df6abdc2a8daed2,,,,,,,,C:\Users\lsx\Desktop\REMOandDREMO测试集\10目标\n30\REMO_new2_AdaMaO_SDEOnly_UniformMix_Pruned_Weighted\REMO_new2_AdaMaO_SDEOnly_UniformMix_Pruned_Weighted_DTLZ7_M10_D30_26.mat,5a5c8439e66ae2976afcf0175fecdce05e351b1b437481a5863943b16e584e93
Weighted,DTLZ7,27,9.466444750411409,300.0,100.0,True,21267939,,9.14.0.2254940 (R2023a) Update 2,"[3000.0, 0.5, 0.25, 0.7, 6.0]",2026-09-13 04:03:10,227.77318709999992,aebd04ab2f8843331b2af32b70487cc306d312aa21372b6a4f83ca4b92f1c377,,,,,,,,C:\Users\lsx\Desktop\REMOandDREMO测试集\10目标\n30\REMO_new2_AdaMaO_SDEOnly_UniformMix_Pruned_Weighted\REMO_new2_AdaMaO_SDEOnly_UniformMix_Pruned_Weighted_DTLZ7_M10_D30_27.mat,37ad69cfb3ba762254996152d57f5d9f58674253ed02af72f1e26352bcdcafac
Weighted,DTLZ7,28,11.22488509558357,300.0,100.0,True,21267940,,9.14.0.2254940 (R2023a) Update 2,"[3000.0, 0.5, 0.25, 0.7, 6.0]",2026-09-13 04:03:10,225.79177600000006,3216cedae99fb2b0b9823cf648632e4983dd5f3c98189218f25c4cf685cf635a,,,,,,,,C:\Users\lsx\Desktop\REMOandDREMO测试集\10目标\n30\REMO_new2_AdaMaO_SDEOnly_UniformMix_Pruned_Weighted\REMO_new2_AdaMaO_SDEOnly_UniformMix_Pruned_Weighted_DTLZ7_M10_D30_28.mat,7b76fc10c7d69213b629dbd1b5262d8e364fd4224685a211f0b7d7aa231e188e
Weighted,DTLZ7,29,8.395196098822987,300.0,100.0,True,21267941,,9.14.0.2254940 (R2023a) Update 2,"[3000.0, 0.5, 0.25, 0.7, 6.0]",2026-09-13 04:06:58,222.47098920000002,1344a7f339dc6abb78e21d47bdb8e8f8db39f1f09ca93bdab25ffa844d9ff337,,,,,,,,C:\Users\lsx\Desktop\REMOandDREMO测试集\10目标\n30\REMO_new2_AdaMaO_SDEOnly_UniformMix_Pruned_Weighted\REMO_new2_AdaMaO_SDEOnly_UniformMix_Pruned_Weighted_DTLZ7_M10_D30_29.mat,470610e9a00fa51bfcb1d55ca74be4fe9ffd2529a1b9e323e42c1d558d3d20aa
Weighted,DTLZ7,3,8.208704239128494,300.0,100.0,False,,,,[],,317.1717355,,,,,,,,,C:\Users\lsx\Desktop\REMOandDREMO测试集\10目标\n30\REMO_new2_AdaMaO_SDEOnly_UniformMix_Pruned_Weighted\REMO_new2_AdaMaO_SDEOnly_UniformMix_Pruned_Weighted_DTLZ7_M10_D30_3.mat,4a19962cfe4a32eea2c1d053ad4412e8e3da2b98dd13693b37f46f809944fd91
Weighted,DTLZ7,30,8.147041240833753,300.0,100.0,True,21267942,,9.14.0.2254940 (R2023a) Update 2,"[3000.0, 0.5, 0.25, 0.7, 6.0]",2026-09-13 04:06:58,217.9967075,d13e826b1c18c3979fb7ee84838a27254ce2751aeb4a99159787a1906ffde7ec,,,,,,,,C:\Users\lsx\Desktop\REMOandDREMO测试集\10目标\n30\REMO_new2_AdaMaO_SDEOnly_UniformMix_Pruned_Weighted\REMO_new2_AdaMaO_SDEOnly_UniformMix_Pruned_Weighted_DTLZ7_M10_D30_30.mat,0ea625ee285a6521008de6cb9f18d032e73293c205f85c52f47d93fa61597e5c
Weighted,DTLZ7,4,11.085610069367899,300.0,100.0,False,,,,[],,330.4525674999999,,,,,,,,,C:\Users\lsx\Desktop\REMOandDREMO测试集\10目标\n30\REMO_new2_AdaMaO_SDEOnly_UniformMix_Pruned_Weighted\REMO_new2_AdaMaO_SDEOnly_UniformMix_Pruned_Weighted_DTLZ7_M10_D30_4.mat,cbc7f09ab92967ad9246107853174a14f9bc453aaefaf6757257dfcabbf9c473
Weighted,DTLZ7,5,10.259392068024402,300.0,100.0,False,,,,[],,319.1055382,,,,,,,,,C:\Users\lsx\Desktop\REMOandDREMO测试集\10目标\n30\REMO_new2_AdaMaO_SDEOnly_UniformMix_Pruned_Weighted\REMO_new2_AdaMaO_SDEOnly_UniformMix_Pruned_Weighted_DTLZ7_M10_D30_5.mat,54dc9182ea849f552eb9c5c6e1c631c0065d19995dcb14d9ccdf7d5fd9f82d12
Weighted,DTLZ7,6,8.577474411165982,300.0,100.0,False,,,,[],,330.1824547,,,,,,,,,C:\Users\lsx\Desktop\REMOandDREMO测试集\10目标\n30\REMO_new2_AdaMaO_SDEOnly_UniformMix_Pruned_Weighted\REMO_new2_AdaMaO_SDEOnly_UniformMix_Pruned_Weighted_DTLZ7_M10_D30_6.mat,2a24e80213f5b82ab62365ced4b180e1cadba37ba67ea40dc72af8086c4dadf6
Weighted,DTLZ7,7,10.793475164380562,300.0,100.0,False,,,,[],,255.1191282,,,,,,,,,C:\Users\lsx\Desktop\REMOandDREMO测试集\10目标\n30\REMO_new2_AdaMaO_SDEOnly_UniformMix_Pruned_Weighted\REMO_new2_AdaMaO_SDEOnly_UniformMix_Pruned_Weighted_DTLZ7_M10_D30_7.mat,c4eaef7ed886d492736b222faf3bbe1b5247800bafea9563e168359dfdb4dc1e
Weighted,DTLZ7,8,8.213109355152048,300.0,100.0,False,,,,[],,256.86076579999997,,,,,,,,,C:\Users\lsx\Desktop\REMOandDREMO测试集\10目标\n30\REMO_new2_AdaMaO_SDEOnly_UniformMix_Pruned_Weighted\REMO_new2_AdaMaO_SDEOnly_UniformMix_Pruned_Weighted_DTLZ7_M10_D30_8.mat,31ab757fb8e078509680771c06b28435227254a662b943bda4a448ed1b06c5c0
Weighted,DTLZ7,9,7.98367190116585,300.0,100.0,False,,,,[],,251.2607151,,,,,,,,,C:\Users\lsx\Desktop\REMOandDREMO测试集\10目标\n30\REMO_new2_AdaMaO_SDEOnly_UniformMix_Pruned_Weighted\REMO_new2_AdaMaO_SDEOnly_UniformMix_Pruned_Weighted_DTLZ7_M10_D30_9.mat,97cf736d14e1447f9f6918b67992786b6bb6b365066078e4b7eb4648750e65ce
Original,DTLZ2,1,1.1995466590723485,300.0,100.0,False,,,,[],,336.1713554999999,,,,,,,,,C:\Users\lsx\Desktop\REMOandDREMO测试集\10目标\n30\REMO_new2_AdaMaO_SDEOnly_UniformMix_Original\REMO_new2_AdaMaO_SDEOnly_UniformMix_Original_DTLZ2_M10_D30_1.mat,0703eeeef24101e8f8abaab17d248a98767f5e31f2126e379b34e889a5fc8f49
Original,DTLZ2,10,1.0245488324599692,300.0,100.0,False,,,,[],,331.2863384,,,,,,,,,C:\Users\lsx\Desktop\REMOandDREMO测试集\10目标\n30\REMO_new2_AdaMaO_SDEOnly_UniformMix_Original\REMO_new2_AdaMaO_SDEOnly_UniformMix_Original_DTLZ2_M10_D30_10.mat,9810b05a3ab425bc5e06fd66bff14cbfcaa7883ea0738513288f50d2e480a19a
Original,DTLZ2,11,1.1332590457296055,300.0,100.0,False,,,,[],,322.64280340000005,,,,,,,,,C:\Users\lsx\Desktop\REMOandDREMO测试集\10目标\n30\REMO_new2_AdaMaO_SDEOnly_UniformMix_Original\REMO_new2_AdaMaO_SDEOnly_UniformMix_Original_DTLZ2_M10_D30_11.mat,655c5e66a39459c9046f8f4b00a57988d5efb1eb6bd748dba425a70ba229d533
Original,DTLZ2,12,1.120048152378121,300.0,100.0,False,,,,[],,334.6267211,,,,,,,,,C:\Users\lsx\Desktop\REMOandDREMO测试集\10目标\n30\REMO_new2_AdaMaO_SDEOnly_UniformMix_Original\REMO_new2_AdaMaO_SDEOnly_UniformMix_Original_DTLZ2_M10_D30_12.mat,afdb02be77af4cf5205056c2a1648b25c1b4c1455e0e3efdce11874a3aafeae1
Original,DTLZ2,13,1.0181206569092198,300.0,100.0,False,,,,[],,329.0622173000001,,,,,,,,,C:\Users\lsx\Desktop\REMOandDREMO测试集\10目标\n30\REMO_new2_AdaMaO_SDEOnly_UniformMix_Original\REMO_new2_AdaMaO_SDEOnly_UniformMix_Original_DTLZ2_M10_D30_13.mat,6e2573e2f55a669ba447820cce31343ba90c6c7100a0e0c939eb4f6eae8c8bc3
Original,DTLZ2,14,1.076658180443472,300.0,100.0,False,,,,[],,330.33954879999993,,,,,,,,,C:\Users\lsx\Desktop\REMOandDREMO测试集\10目标\n30\REMO_new2_AdaMaO_SDEOnly_UniformMix_Original\REMO_new2_AdaMaO_SDEOnly_UniformMix_Original_DTLZ2_M10_D30_14.mat,aab485f650c868dd7581c937e327eb8a0254ae6516dcfee18be2951e9d643b17
Original,DTLZ2,15,1.1178330893235162,300.0,100.0,False,,,,[],,318.0398817,,,,,,,,,C:\Users\lsx\Desktop\REMOandDREMO测试集\10目标\n30\REMO_new2_AdaMaO_SDEOnly_UniformMix_Original\REMO_new2_AdaMaO_SDEOnly_UniformMix_Original_DTLZ2_M10_D30_15.mat,a4b0600336b34e257eb0213f8551ebf26c9b30462fe7c74e055730f24a929941
Original,DTLZ2,16,1.0666761338469062,300.0,100.0,False,,,,[],,321.23748380000006,,,,,,,,,C:\Users\lsx\Desktop\REMOandDREMO测试集\10目标\n30\REMO_new2_AdaMaO_SDEOnly_UniformMix_Original\REMO_new2_AdaMaO_SDEOnly_UniformMix_Original_DTLZ2_M10_D30_16.mat,e4e8cfb699cd6ad8a16f0714ffce0aeac86f36fccf1d9b3f0514c57177865efd
Original,DTLZ2,17,1.2007325713524728,300.0,100.0,False,,,,[],,332.3602272,,,,,,,,,C:\Users\lsx\Desktop\REMOandDREMO测试集\10目标\n30\REMO_new2_AdaMaO_SDEOnly_UniformMix_Original\REMO_new2_AdaMaO_SDEOnly_UniformMix_Original_DTLZ2_M10_D30_17.mat,8f50b0fee50eb04076d8f7f499cc5c2effdd303edf71927d54214feed94ae3f3
Original,DTLZ2,18,0.9620373702031966,300.0,100.0,False,,,,[],,322.61368639999995,,,,,,,,,C:\Users\lsx\Desktop\REMOandDREMO测试集\10目标\n30\REMO_new2_AdaMaO_SDEOnly_UniformMix_Original\REMO_new2_AdaMaO_SDEOnly_UniformMix_Original_DTLZ2_M10_D30_18.mat,3ccd41bdd08e96718191d1ee45285237ebfafb78dffa41dee24350e4d63c3a37
Original,DTLZ2,2,1.2874821337266995,300.0,100.0,False,,,,[],,340.559134,,,,,,,,,C:\Users\lsx\Desktop\REMOandDREMO测试集\10目标\n30\REMO_new2_AdaMaO_SDEOnly_UniformMix_Original\REMO_new2_AdaMaO_SDEOnly_UniformMix_Original_DTLZ2_M10_D30_2.mat,7ac95ffd763cdc493a66608c00b3d29235ff8c9e468754e546621ed2623438a2
Original,DTLZ2,3,1.1002583771586387,300.0,100.0,False,,,,[],,338.8022749000001,,,,,,,,,C:\Users\lsx\Desktop\REMOandDREMO测试集\10目标\n30\REMO_new2_AdaMaO_SDEOnly_UniformMix_Original\REMO_new2_AdaMaO_SDEOnly_UniformMix_Original_DTLZ2_M10_D30_3.mat,dbae06547b7afa53fd7abfa976316ee85c6239d22d5b7db310f31e9b2530e1e6
Original,DTLZ2,4,0.963408455975341,300.0,100.0,False,,,,[],,337.9017405999999,,,,,,,,,C:\Users\lsx\Desktop\REMOandDREMO测试集\10目标\n30\REMO_new2_AdaMaO_SDEOnly_UniformMix_Original\REMO_new2_AdaMaO_SDEOnly_UniformMix_Original_DTLZ2_M10_D30_4.mat,476430fc87e51af0c94a3d108b95b049930a1e53d39ef10c982d284b793bfe1b
Original,DTLZ2,5,0.9990688208350063,300.0,100.0,False,,,,[],,347.7388143999999,,,,,,,,,C:\Users\lsx\Desktop\REMOandDREMO测试集\10目标\n30\REMO_new2_AdaMaO_SDEOnly_UniformMix_Original\REMO_new2_AdaMaO_SDEOnly_UniformMix_Original_DTLZ2_M10_D30_5.mat,54a0d42911b68d34cf05144bb043997a88443bc3922b61d3a210f76ed232083f
Original,DTLZ2,6,1.1670457118843685,300.0,100.0,False,,,,[],,332.8066976,,,,,,,,,C:\Users\lsx\Desktop\REMOandDREMO测试集\10目标\n30\REMO_new2_AdaMaO_SDEOnly_UniformMix_Original\REMO_new2_AdaMaO_SDEOnly_UniformMix_Original_DTLZ2_M10_D30_6.mat,2fbff0e168fcd5723e4ffb6b89ab93a6eb1be0156a0e910494052169e0400faa
Original,DTLZ2,7,1.0058239979730648,300.0,100.0,False,,,,[],,328.4947609000001,,,,,,,,,C:\Users\lsx\Desktop\REMOandDREMO测试集\10目标\n30\REMO_new2_AdaMaO_SDEOnly_UniformMix_Original\REMO_new2_AdaMaO_SDEOnly_UniformMix_Original_DTLZ2_M10_D30_7.mat,3739df0cc926612e3e7501b68dedb044b5269fd97a743218fc6ab021eaa84d3b
Original,DTLZ2,8,1.1443364722500058,300.0,100.0,False,,,,[],,331.33232910000004,,,,,,,,,C:\Users\lsx\Desktop\REMOandDREMO测试集\10目标\n30\REMO_new2_AdaMaO_SDEOnly_UniformMix_Original\REMO_new2_AdaMaO_SDEOnly_UniformMix_Original_DTLZ2_M10_D30_8.mat,7df31a18344c47ecdf4b70ff378862bf4b75f63e0fa657c7a305bc8ed4fe88b4
Original,DTLZ2,9,1.1164053263469613,300.0,100.0,False,,,,[],,320.83067299999993,,,,,,,,,C:\Users\lsx\Desktop\REMOandDREMO测试集\10目标\n30\REMO_new2_AdaMaO_SDEOnly_UniformMix_Original\REMO_new2_AdaMaO_SDEOnly_UniformMix_Original_DTLZ2_M10_D30_9.mat,b2bdd8317151c5a30e6a0398f0a962b3740b47e392956ce4f6cfeb69bd2c6d2e
Original,DTLZ4,1,1.3241874235715516,300.0,100.0,False,,,,[],,362.4794218,,,,,,,,,C:\Users\lsx\Desktop\REMOandDREMO测试集\10目标\n30\REMO_new2_AdaMaO_SDEOnly_UniformMix_Original\REMO_new2_AdaMaO_SDEOnly_UniformMix_Original_DTLZ4_M10_D30_1.mat,e1a1c40ebae49fd501a607dfe4de4082a0aadba4a6e2fb1f61d516cb4cb60386
Original,DTLZ4,10,1.1978266538928812,300.0,100.0,False,,,,[],,405.8972186000001,,,,,,,,,C:\Users\lsx\Desktop\REMOandDREMO测试集\10目标\n30\REMO_new2_AdaMaO_SDEOnly_UniformMix_Original\REMO_new2_AdaMaO_SDEOnly_UniformMix_Original_DTLZ4_M10_D30_10.mat,b4e3bc99e226cdbb890ac621d6e127cff656a1b9209d5906e35945d5a914613f
Original,DTLZ4,11,1.0493639089539664,300.0,100.0,False,,,,[],,412.9187783,,,,,,,,,C:\Users\lsx\Desktop\REMOandDREMO测试集\10目标\n30\REMO_new2_AdaMaO_SDEOnly_UniformMix_Original\REMO_new2_AdaMaO_SDEOnly_UniformMix_Original_DTLZ4_M10_D30_11.mat,b9359fe14aa124e14f5e0b3fb4b08c3c0e921d1a1ed1077317d95f63bc2bd13b
Original,DTLZ4,12,1.264337087668411,300.0,100.0,False,,,,[],,394.2205704,,,,,,,,,C:\Users\lsx\Desktop\REMOandDREMO测试集\10目标\n30\REMO_new2_AdaMaO_SDEOnly_UniformMix_Original\REMO_new2_AdaMaO_SDEOnly_UniformMix_Original_DTLZ4_M10_D30_12.mat,08b41e82f7227138178873637c59f4704e1634921feeacfa0ff8b8670b0fdca0
Original,DTLZ4,13,1.2099484265848788,300.0,100.0,False,,,,[],,409.5138638,,,,,,,,,C:\Users\lsx\Desktop\REMOandDREMO测试集\10目标\n30\REMO_new2_AdaMaO_SDEOnly_UniformMix_Original\REMO_new2_AdaMaO_SDEOnly_UniformMix_Original_DTLZ4_M10_D30_13.mat,4784497619ae5a192af9a6f6058f334f2c4d4e7bd9a1b8ba92ae3e021359d875
Original,DTLZ4,14,1.3647876506626717,300.0,100.0,False,,,,[],,395.69699269999995,,,,,,,,,C:\Users\lsx\Desktop\REMOandDREMO测试集\10目标\n30\REMO_new2_AdaMaO_SDEOnly_UniformMix_Original\REMO_new2_AdaMaO_SDEOnly_UniformMix_Original_DTLZ4_M10_D30_14.mat,e015045897b9cf120154d0c1d902015687805ab0249516daf835aa1e451ef88b
Original,DTLZ4,15,1.017318584820738,300.0,100.0,False,,,,[],,408.8417068,,,,,,,,,C:\Users\lsx\Desktop\REMOandDREMO测试集\10目标\n30\REMO_new2_AdaMaO_SDEOnly_UniformMix_Original\REMO_new2_AdaMaO_SDEOnly_UniformMix_Original_DTLZ4_M10_D30_15.mat,1112c06117c28ebfb530bff7154948fc84eb9d903ab59c1843119e8cad85d1e1
Original,DTLZ4,16,1.0582244392860571,300.0,100.0,False,,,,[],,410.5494137999999,,,,,,,,,C:\Users\lsx\Desktop\REMOandDREMO测试集\10目标\n30\REMO_new2_AdaMaO_SDEOnly_UniformMix_Original\REMO_new2_AdaMaO_SDEOnly_UniformMix_Original_DTLZ4_M10_D30_16.mat,95c2a6e07db1cd1cdab30500c841b2661ce9a66cb03404f0b587fd21df04410a
Original,DTLZ4,17,1.1543976175487394,300.0,100.0,False,,,,[],,401.61936110000005,,,,,,,,,C:\Users\lsx\Desktop\REMOandDREMO测试集\10目标\n30\REMO_new2_AdaMaO_SDEOnly_UniformMix_Original\REMO_new2_AdaMaO_SDEOnly_UniformMix_Original_DTLZ4_M10_D30_17.mat,26e719de5e1d1d9eecf63d9d24982d52f865a1bec3e3644e4e21323e04453e1a
Original,DTLZ4,18,1.0730187026555897,300.0,100.0,False,,,,[],,408.3422089,,,,,,,,,C:\Users\lsx\Desktop\REMOandDREMO测试集\10目标\n30\REMO_new2_AdaMaO_SDEOnly_UniformMix_Original\REMO_new2_AdaMaO_SDEOnly_UniformMix_Original_DTLZ4_M10_D30_18.mat,c373a157aa92a7125dce9c5b1b81d805eed431636adc13f1adaadee4334f87ce
Original,DTLZ4,2,1.2362468202620578,300.0,100.0,False,,,,[],,355.0898436,,,,,,,,,C:\Users\lsx\Desktop\REMOandDREMO测试集\10目标\n30\REMO_new2_AdaMaO_SDEOnly_UniformMix_Original\REMO_new2_AdaMaO_SDEOnly_UniformMix_Original_DTLZ4_M10_D30_2.mat,5f45ffa051bf49764ce662dbbe5e322b8fbd2be33d94e774eac24fad1cd2017f
Original,DTLZ4,3,1.032780256837686,300.0,100.0,False,,,,[],,346.69330099999996,,,,,,,,,C:\Users\lsx\Desktop\REMOandDREMO测试集\10目标\n30\REMO_new2_AdaMaO_SDEOnly_UniformMix_Original\REMO_new2_AdaMaO_SDEOnly_UniformMix_Original_DTLZ4_M10_D30_3.mat,00f23e82aad1aef67712c38aaf308c1932998c8b8dc227012adb7bb3536eda46
Original,DTLZ4,4,1.0519099822266968,300.0,100.0,False,,,,[],,353.2810123000001,,,,,,,,,C:\Users\lsx\Desktop\REMOandDREMO测试集\10目标\n30\REMO_new2_AdaMaO_SDEOnly_UniformMix_Original\REMO_new2_AdaMaO_SDEOnly_UniformMix_Original_DTLZ4_M10_D30_4.mat,14246f75e146bc932a59ddcaad8b557c1e671f41aaadf5aca1f5d602bf4d5454
Original,DTLZ4,5,1.2127895381688105,300.0,100.0,False,,,,[],,359.76052830000003,,,,,,,,,C:\Users\lsx\Desktop\REMOandDREMO测试集\10目标\n30\REMO_new2_AdaMaO_SDEOnly_UniformMix_Original\REMO_new2_AdaMaO_SDEOnly_UniformMix_Original_DTLZ4_M10_D30_5.mat,71d5b8a7479f43d43ec6d3a0c327a4b4c8f5f1b972226b85c9ce826f1ab89016
Original,DTLZ4,6,1.1947684115567818,300.0,100.0,False,,,,[],,354.14192419999995,,,,,,,,,C:\Users\lsx\Desktop\REMOandDREMO测试集\10目标\n30\REMO_new2_AdaMaO_SDEOnly_UniformMix_Original\REMO_new2_AdaMaO_SDEOnly_UniformMix_Original_DTLZ4_M10_D30_6.mat,876faf850274ac2fcb4005745d3217e4042b3a8a036410b5a635bf3ce9019a64
Original,DTLZ4,7,1.1857931145558729,300.0,100.0,False,,,,[],,395.740497,,,,,,,,,C:\Users\lsx\Desktop\REMOandDREMO测试集\10目标\n30\REMO_new2_AdaMaO_SDEOnly_UniformMix_Original\REMO_new2_AdaMaO_SDEOnly_UniformMix_Original_DTLZ4_M10_D30_7.mat,723ac4543cd2623c1c9a11a4abfced0dfd5d3e87bceebaad6d242c94e25808de
Original,DTLZ4,8,1.3148271442216708,300.0,100.0,False,,,,[],,401.68901380000005,,,,,,,,,C:\Users\lsx\Desktop\REMOandDREMO测试集\10目标\n30\REMO_new2_AdaMaO_SDEOnly_UniformMix_Original\REMO_new2_AdaMaO_SDEOnly_UniformMix_Original_DTLZ4_M10_D30_8.mat,113595597f76c4c13936b368bd2ab21cca9696903379e48852a8ba0e5e405a5b
Original,DTLZ4,9,1.3227037270451014,300.0,100.0,False,,,,[],,395.7125730000001,,,,,,,,,C:\Users\lsx\Desktop\REMOandDREMO测试集\10目标\n30\REMO_new2_AdaMaO_SDEOnly_UniformMix_Original\REMO_new2_AdaMaO_SDEOnly_UniformMix_Original_DTLZ4_M10_D30_9.mat,663391f4999b45427d537a7321e95fa9cdc3e866dca3801346a9a7bb337b06a1
Original,DTLZ5,1,0.45015730201810356,300.0,100.0,False,,,,[],,384.9903753,,,,,,,,,C:\Users\lsx\Desktop\REMOandDREMO测试集\10目标\n30\REMO_new2_AdaMaO_SDEOnly_UniformMix_Original\REMO_new2_AdaMaO_SDEOnly_UniformMix_Original_DTLZ5_M10_D30_1.mat,89aae3c6e356c550e7016b706bd2e6cffd26f2e24ca9c7d7eca64980c9906fb1
Original,DTLZ5,10,0.7113386654224331,300.0,100.0,False,,,,[],,376.0961108,,,,,,,,,C:\Users\lsx\Desktop\REMOandDREMO测试集\10目标\n30\REMO_new2_AdaMaO_SDEOnly_UniformMix_Original\REMO_new2_AdaMaO_SDEOnly_UniformMix_Original_DTLZ5_M10_D30_10.mat,11ce2c36f19e4ffc74a876d2f2620925cbe653422fb23940712b0ff23ec26afb
Original,DTLZ5,11,0.5050455539554158,300.0,100.0,False,,,,[],,393.02698150000003,,,,,,,,,C:\Users\lsx\Desktop\REMOandDREMO测试集\10目标\n30\REMO_new2_AdaMaO_SDEOnly_UniformMix_Original\REMO_new2_AdaMaO_SDEOnly_UniformMix_Original_DTLZ5_M10_D30_11.mat,ec93afb906dffa48634951004d0c424f16d262380a56e6ad33bafa19deb66b6c
Original,DTLZ5,12,0.6940272175951108,300.0,100.0,False,,,,[],,380.5339991,,,,,,,,,C:\Users\lsx\Desktop\REMOandDREMO测试集\10目标\n30\REMO_new2_AdaMaO_SDEOnly_UniformMix_Original\REMO_new2_AdaMaO_SDEOnly_UniformMix_Original_DTLZ5_M10_D30_12.mat,c55b03e5e44e7b310e16b94e943faf20246cfe55f53122ae2fee480abcc238e0
Original,DTLZ5,13,0.693749327575259,300.0,100.0,False,,,,[],,373.2196459999999,,,,,,,,,C:\Users\lsx\Desktop\REMOandDREMO测试集\10目标\n30\REMO_new2_AdaMaO_SDEOnly_UniformMix_Original\REMO_new2_AdaMaO_SDEOnly_UniformMix_Original_DTLZ5_M10_D30_13.mat,faccbc538071016476ac141d1cd63dafd9d56e7e91a7bfb6c535fbe262ca5025
Original,DTLZ5,14,0.7075099162356984,300.0,100.0,False,,,,[],,390.4586986000001,,,,,,,,,C:\Users\lsx\Desktop\REMOandDREMO测试集\10目标\n30\REMO_new2_AdaMaO_SDEOnly_UniformMix_Original\REMO_new2_AdaMaO_SDEOnly_UniformMix_Original_DTLZ5_M10_D30_14.mat,243e1ff08555ad887e92ced700a373c49418341a529e4c5ae9835517f31a0db5
Original,DTLZ5,15,0.461212869122645,300.0,100.0,False,,,,[],,385.6406175,,,,,,,,,C:\Users\lsx\Desktop\REMOandDREMO测试集\10目标\n30\REMO_new2_AdaMaO_SDEOnly_UniformMix_Original\REMO_new2_AdaMaO_SDEOnly_UniformMix_Original_DTLZ5_M10_D30_15.mat,475aed44ca81304414d2e7258d7e2e863d0b10bb0e38574138bf2fad118dd367
Original,DTLZ5,16,0.6630770367815448,300.0,100.0,False,,,,[],,385.6994138,,,,,,,,,C:\Users\lsx\Desktop\REMOandDREMO测试集\10目标\n30\REMO_new2_AdaMaO_SDEOnly_UniformMix_Original\REMO_new2_AdaMaO_SDEOnly_UniformMix_Original_DTLZ5_M10_D30_16.mat,0934a7c827f9ac870cbb5241c8e01ee04e8431c931edd622f25d1f5e7688d657
Original,DTLZ5,17,0.8378880806126335,300.0,100.0,False,,,,[],,380.215328,,,,,,,,,C:\Users\lsx\Desktop\REMOandDREMO测试集\10目标\n30\REMO_new2_AdaMaO_SDEOnly_UniformMix_Original\REMO_new2_AdaMaO_SDEOnly_UniformMix_Original_DTLZ5_M10_D30_17.mat,93eaa6976dcf2c98b40606f1fb8f23e15efaa1fc0b973a9b916b98a250732161
Original,DTLZ5,18,0.7397879996773591,300.0,100.0,False,,,,[],,376.7445311999999,,,,,,,,,C:\Users\lsx\Desktop\REMOandDREMO测试集\10目标\n30\REMO_new2_AdaMaO_SDEOnly_UniformMix_Original\REMO_new2_AdaMaO_SDEOnly_UniformMix_Original_DTLZ5_M10_D30_18.mat,34cc968d8ba1ad62cabe5faabd92e3d8b814b17476627fbe834865f3798c1268
Original,DTLZ5,2,0.4804838333979847,300.0,100.0,False,,,,[],,403.34807900000004,,,,,,,,,C:\Users\lsx\Desktop\REMOandDREMO测试集\10目标\n30\REMO_new2_AdaMaO_SDEOnly_UniformMix_Original\REMO_new2_AdaMaO_SDEOnly_UniformMix_Original_DTLZ5_M10_D30_2.mat,32986495c21637e9790230186e17932a9f6b14dfaddad70df63b93b161a595f5
Original,DTLZ5,3,1.006857531921595,300.0,100.0,False,,,,[],,380.3996206000001,,,,,,,,,C:\Users\lsx\Desktop\REMOandDREMO测试集\10目标\n30\REMO_new2_AdaMaO_SDEOnly_UniformMix_Original\REMO_new2_AdaMaO_SDEOnly_UniformMix_Original_DTLZ5_M10_D30_3.mat,527f92998c57186a7513a8e73b4e29e222eb787bef5f29dc49b7d4e59deb5648
Original,DTLZ5,4,0.4959515292739714,300.0,100.0,False,,,,[],,382.8441476000001,,,,,,,,,C:\Users\lsx\Desktop\REMOandDREMO测试集\10目标\n30\REMO_new2_AdaMaO_SDEOnly_UniformMix_Original\REMO_new2_AdaMaO_SDEOnly_UniformMix_Original_DTLZ5_M10_D30_4.mat,f772125282cca456b61df5c8946bdf1d15a9c84844b12e08dd8bd19630f8f27e
Original,DTLZ5,5,0.7198219468728055,300.0,100.0,False,,,,[],,399.7586697,,,,,,,,,C:\Users\lsx\Desktop\REMOandDREMO测试集\10目标\n30\REMO_new2_AdaMaO_SDEOnly_UniformMix_Original\REMO_new2_AdaMaO_SDEOnly_UniformMix_Original_DTLZ5_M10_D30_5.mat,0710513ac2eaf4155b8c750810abe1557c8e096771bce1bf45b50b3223173869
Original,DTLZ5,6,0.6047316048871662,300.0,100.0,False,,,,[],,394.8328019000001,,,,,,,,,C:\Users\lsx\Desktop\REMOandDREMO测试集\10目标\n30\REMO_new2_AdaMaO_SDEOnly_UniformMix_Original\REMO_new2_AdaMaO_SDEOnly_UniformMix_Original_DTLZ5_M10_D30_6.mat,66b583a518f27510d9d916f28dbe6b9b5deb5d7ef15f27ef5f08ad5bc9dea8dd
Original,DTLZ5,7,0.8225970442388923,300.0,100.0,False,,,,[],,387.3372725000001,,,,,,,,,C:\Users\lsx\Desktop\REMOandDREMO测试集\10目标\n30\REMO_new2_AdaMaO_SDEOnly_UniformMix_Original\REMO_new2_AdaMaO_SDEOnly_UniformMix_Original_DTLZ5_M10_D30_7.mat,e957c56f5199127ca2f95a309842794509045a15b34c249c64cc6fd3e053e267
Original,DTLZ5,8,0.6344768155250183,300.0,100.0,False,,,,[],,380.9978172,,,,,,,,,C:\Users\lsx\Desktop\REMOandDREMO测试集\10目标\n30\REMO_new2_AdaMaO_SDEOnly_UniformMix_Original\REMO_new2_AdaMaO_SDEOnly_UniformMix_Original_DTLZ5_M10_D30_8.mat,87188a9fd47dcc46069a8931bb153f3ae27bae5cad03186c11a6c57ba9f6db6e
Original,DTLZ5,9,0.6601228149779367,300.0,100.0,False,,,,[],,384.4608497,,,,,,,,,C:\Users\lsx\Desktop\REMOandDREMO测试集\10目标\n30\REMO_new2_AdaMaO_SDEOnly_UniformMix_Original\REMO_new2_AdaMaO_SDEOnly_UniformMix_Original_DTLZ5_M10_D30_9.mat,c9c72920fdb9d40b6a13464cb72709082c54b533f43ed047c1e85bb7d10d3505
Original,DTLZ7,1,12.879144852598278,300.0,100.0,False,,,,[],,368.47113140000005,,,,,,,,,C:\Users\lsx\Desktop\REMOandDREMO测试集\10目标\n30\REMO_new2_AdaMaO_SDEOnly_UniformMix_Original\REMO_new2_AdaMaO_SDEOnly_UniformMix_Original_DTLZ7_M10_D30_1.mat,bf92d3007760fce2601267c17c0c988a9325f9d0a38b47ec8854ff8505535237
Original,DTLZ7,10,12.937081756368528,300.0,100.0,False,,,,[],,343.6752742,,,,,,,,,C:\Users\lsx\Desktop\REMOandDREMO测试集\10目标\n30\REMO_new2_AdaMaO_SDEOnly_UniformMix_Original\REMO_new2_AdaMaO_SDEOnly_UniformMix_Original_DTLZ7_M10_D30_10.mat,fcb775a913ee19d6066c79ec62e1e5dc34defbb628bc05850ffacb5f4c569be6
Original,DTLZ7,11,14.815034256504543,300.0,100.0,False,,,,[],,349.8452404000001,,,,,,,,,C:\Users\lsx\Desktop\REMOandDREMO测试集\10目标\n30\REMO_new2_AdaMaO_SDEOnly_UniformMix_Original\REMO_new2_AdaMaO_SDEOnly_UniformMix_Original_DTLZ7_M10_D30_11.mat,bbd64cb2ae82fe8afc13b25bca13f6ec96881ebc68493535f1f90f72f66ba3bc
Original,DTLZ7,12,11.850361389273191,300.0,100.0,False,,,,[],,332.69580819999993,,,,,,,,,C:\Users\lsx\Desktop\REMOandDREMO测试集\10目标\n30\REMO_new2_AdaMaO_SDEOnly_UniformMix_Original\REMO_new2_AdaMaO_SDEOnly_UniformMix_Original_DTLZ7_M10_D30_12.mat,57f438ad856e7adefe4a91c48c3df2cb144bbc6e5c51d7ab2cbe971d5b9c22d4
Original,DTLZ7,13,7.459574581987777,300.0,100.0,False,,,,[],,383.37879680000003,,,,,,,,,C:\Users\lsx\Desktop\REMOandDREMO测试集\10目标\n30\REMO_new2_AdaMaO_SDEOnly_UniformMix_Original\REMO_new2_AdaMaO_SDEOnly_UniformMix_Original_DTLZ7_M10_D30_13.mat,da0a032ba394e3d56c31661e67a49457c2c58ece5e3de7f9d87c00fc024e5063
Original,DTLZ7,14,13.476703869710015,300.0,100.0,False,,,,[],,377.7204069999999,,,,,,,,,C:\Users\lsx\Desktop\REMOandDREMO测试集\10目标\n30\REMO_new2_AdaMaO_SDEOnly_UniformMix_Original\REMO_new2_AdaMaO_SDEOnly_UniformMix_Original_DTLZ7_M10_D30_14.mat,0727954cd11d2c25215eff820a415b14590790a17c7e3aae92590bcec42a45f3
Original,DTLZ7,15,11.775502998241917,300.0,100.0,False,,,,[],,374.38834999999995,,,,,,,,,C:\Users\lsx\Desktop\REMOandDREMO测试集\10目标\n30\REMO_new2_AdaMaO_SDEOnly_UniformMix_Original\REMO_new2_AdaMaO_SDEOnly_UniformMix_Original_DTLZ7_M10_D30_15.mat,8d43d8cf825cd34fb21ed9ddde6b9e4de74d0a562823c156843fb17ff7c53655
Original,DTLZ7,16,9.182968945750487,300.0,100.0,False,,,,[],,380.4543809,,,,,,,,,C:\Users\lsx\Desktop\REMOandDREMO测试集\10目标\n30\REMO_new2_AdaMaO_SDEOnly_UniformMix_Original\REMO_new2_AdaMaO_SDEOnly_UniformMix_Original_DTLZ7_M10_D30_16.mat,8c42a270089594b16a66a0f99827ddbce9bb67cc9a943294b2bc5aa053652d65
Original,DTLZ7,17,14.23797130845781,300.0,100.0,False,,,,[],,387.99448850000005,,,,,,,,,C:\Users\lsx\Desktop\REMOandDREMO测试集\10目标\n30\REMO_new2_AdaMaO_SDEOnly_UniformMix_Original\REMO_new2_AdaMaO_SDEOnly_UniformMix_Original_DTLZ7_M10_D30_17.mat,31ab9d59cc9fe293cc7f7ebdadf4ab9161f0ff4ebde85e091c9cf3bd96c7b806
Original,DTLZ7,18,13.896829809244178,300.0,100.0,False,,,,[],,385.5595671,,,,,,,,,C:\Users\lsx\Desktop\REMOandDREMO测试集\10目标\n30\REMO_new2_AdaMaO_SDEOnly_UniformMix_Original\REMO_new2_AdaMaO_SDEOnly_UniformMix_Original_DTLZ7_M10_D30_18.mat,df4c0ad5a7e2fb75931ce9d12abff8ba38658674333b54b99c7ef846a8c898fd
Original,DTLZ7,2,8.907143777290178,300.0,100.0,False,,,,[],,344.106792,,,,,,,,,C:\Users\lsx\Desktop\REMOandDREMO测试集\10目标\n30\REMO_new2_AdaMaO_SDEOnly_UniformMix_Original\REMO_new2_AdaMaO_SDEOnly_UniformMix_Original_DTLZ7_M10_D30_2.mat,d7c9861026fe0eb12101efd2d48644dafd281051c477b7a816e474519c7468a5
Original,DTLZ7,3,15.5956692428324,300.0,100.0,False,,,,[],,345.2202497999999,,,,,,,,,C:\Users\lsx\Desktop\REMOandDREMO测试集\10目标\n30\REMO_new2_AdaMaO_SDEOnly_UniformMix_Original\REMO_new2_AdaMaO_SDEOnly_UniformMix_Original_DTLZ7_M10_D30_3.mat,f43cef5f97e85cc28f0c1d279c79e83b471d419b035bcbbb0a3e36643893b54f
Original,DTLZ7,4,14.880329472920279,300.0,100.0,False,,,,[],,350.4438644,,,,,,,,,C:\Users\lsx\Desktop\REMOandDREMO测试集\10目标\n30\REMO_new2_AdaMaO_SDEOnly_UniformMix_Original\REMO_new2_AdaMaO_SDEOnly_UniformMix_Original_DTLZ7_M10_D30_4.mat,8e7482be96811944a8e1fd1785238443a6a654e1a4487bb0024d1096a5371670
Original,DTLZ7,5,10.653030787811828,300.0,100.0,False,,,,[],,350.52152920000003,,,,,,,,,C:\Users\lsx\Desktop\REMOandDREMO测试集\10目标\n30\REMO_new2_AdaMaO_SDEOnly_UniformMix_Original\REMO_new2_AdaMaO_SDEOnly_UniformMix_Original_DTLZ7_M10_D30_5.mat,7bcfb651592f5cbc335338042326b03ee1736de72a75f0ab4d7c6fd00ee0f86e
Original,DTLZ7,6,7.503078281023559,300.0,100.0,False,,,,[],,348.52603530000005,,,,,,,,,C:\Users\lsx\Desktop\REMOandDREMO测试集\10目标\n30\REMO_new2_AdaMaO_SDEOnly_UniformMix_Original\REMO_new2_AdaMaO_SDEOnly_UniformMix_Original_DTLZ7_M10_D30_6.mat,45b97e0b6cd9975eb1299090fd641b9478d0a36e1fb4ab0937682fd09cf354ba
Original,DTLZ7,7,9.536257402877203,300.0,100.0,False,,,,[],,338.8515409,,,,,,,,,C:\Users\lsx\Desktop\REMOandDREMO测试集\10目标\n30\REMO_new2_AdaMaO_SDEOnly_UniformMix_Original\REMO_new2_AdaMaO_SDEOnly_UniformMix_Original_DTLZ7_M10_D30_7.mat,4261f85011b36e8ba5b4dce507fbc3145ed30ae7528039e0a40dd71e5d8248ff
Original,DTLZ7,8,11.589205685405176,300.0,100.0,False,,,,[],,332.35976299999993,,,,,,,,,C:\Users\lsx\Desktop\REMOandDREMO测试集\10目标\n30\REMO_new2_AdaMaO_SDEOnly_UniformMix_Original\REMO_new2_AdaMaO_SDEOnly_UniformMix_Original_DTLZ7_M10_D30_8.mat,9ae413ca36ced9c78efe311d5a6b1621c7fdd86ff17e57f0b15a99960df4b2da
Original,DTLZ7,9,17.027647798172254,300.0,100.0,False,,,,[],,335.3472484,,,,,,,,,C:\Users\lsx\Desktop\REMOandDREMO测试集\10目标\n30\REMO_new2_AdaMaO_SDEOnly_UniformMix_Original\REMO_new2_AdaMaO_SDEOnly_UniformMix_Original_DTLZ7_M10_D30_9.mat,ddb3cba37c75058845d47e749e80eb5ee355003b45ef8797030f77028996d8ce
Pruned,DTLZ2,1,1.1715384215527767,300.0,100.0,False,,,,[],,301.4938241,,,,,,,,,C:\Users\lsx\Desktop\REMOandDREMO测试集\10目标\n30\REMO_new2_AdaMaO_SDEOnly_UniformMix_Pruned\REMO_new2_AdaMaO_SDEOnly_UniformMix_Pruned_DTLZ2_M10_D30_1.mat,9ba26f484ed1a2aa02df2ec2e7a4f76ae75d9f68165d9d1261191699ab612631
Pruned,DTLZ2,10,1.2597201691978492,300.0,100.0,False,,,,[],,265.59205890000004,,,,,,,,,C:\Users\lsx\Desktop\REMOandDREMO测试集\10目标\n30\REMO_new2_AdaMaO_SDEOnly_UniformMix_Pruned\REMO_new2_AdaMaO_SDEOnly_UniformMix_Pruned_DTLZ2_M10_D30_10.mat,e323cc67aacb2e7f2ef261eb8bc80b74e13e23d14c1c3a6bff2d781e5ebfd3f5
Pruned,DTLZ2,11,1.2177375020878916,300.0,100.0,False,,,,[],,262.47859559999995,,,,,,,,,C:\Users\lsx\Desktop\REMOandDREMO测试集\10目标\n30\REMO_new2_AdaMaO_SDEOnly_UniformMix_Pruned\REMO_new2_AdaMaO_SDEOnly_UniformMix_Pruned_DTLZ2_M10_D30_11.mat,3cb8bf0f786c60c90a26af084e1485d794b4d1b70c888c1c8f98e3d8405d8f81
Pruned,DTLZ2,12,1.216880224966204,300.0,100.0,False,,,,[],,251.79185179999996,,,,,,,,,C:\Users\lsx\Desktop\REMOandDREMO测试集\10目标\n30\REMO_new2_AdaMaO_SDEOnly_UniformMix_Pruned\REMO_new2_AdaMaO_SDEOnly_UniformMix_Pruned_DTLZ2_M10_D30_12.mat,8f2eda600de55398c3daf74ff3a49989db9caf5c946c065a5ccaaad1fdf3dcec
Pruned,DTLZ2,13,1.0246144236594783,300.0,100.0,False,,,,[],,284.91539630000005,,,,,,,,,C:\Users\lsx\Desktop\REMOandDREMO测试集\10目标\n30\REMO_new2_AdaMaO_SDEOnly_UniformMix_Pruned\REMO_new2_AdaMaO_SDEOnly_UniformMix_Pruned_DTLZ2_M10_D30_13.mat,fdadeeb821fb729863a6e6fb44175be4767979f22698a9e98717ee3b0bc8407e
Pruned,DTLZ2,14,1.1755698255813953,300.0,100.0,False,,,,[],,266.7906145,,,,,,,,,C:\Users\lsx\Desktop\REMOandDREMO测试集\10目标\n30\REMO_new2_AdaMaO_SDEOnly_UniformMix_Pruned\REMO_new2_AdaMaO_SDEOnly_UniformMix_Pruned_DTLZ2_M10_D30_14.mat,0793c1cce77473d164ecfb96e8fcfec888d69fb1efee341787169063f1d8841d
Pruned,DTLZ2,15,1.1708045650350185,300.0,100.0,False,,,,[],,259.02313119999997,,,,,,,,,C:\Users\lsx\Desktop\REMOandDREMO测试集\10目标\n30\REMO_new2_AdaMaO_SDEOnly_UniformMix_Pruned\REMO_new2_AdaMaO_SDEOnly_UniformMix_Pruned_DTLZ2_M10_D30_15.mat,950cbdbd68e73d7c59cf5f60b7f1cdba3826f49a785bc5106471ec7495bea2f4
Pruned,DTLZ2,16,1.0305901202138998,300.0,100.0,False,,,,[],,272.96091250000006,,,,,,,,,C:\Users\lsx\Desktop\REMOandDREMO测试集\10目标\n30\REMO_new2_AdaMaO_SDEOnly_UniformMix_Pruned\REMO_new2_AdaMaO_SDEOnly_UniformMix_Pruned_DTLZ2_M10_D30_16.mat,10f192f1d3f8bed3d93eabafefde9c96ced60124a7ea9aec1929424e0bc12679
Pruned,DTLZ2,17,1.189600908975068,300.0,100.0,False,,,,[],,263.01749190000004,,,,,,,,,C:\Users\lsx\Desktop\REMOandDREMO测试集\10目标\n30\REMO_new2_AdaMaO_SDEOnly_UniformMix_Pruned\REMO_new2_AdaMaO_SDEOnly_UniformMix_Pruned_DTLZ2_M10_D30_17.mat,14820715153dfec8065fa87eece9f0afd3f4676ca788dc9153070c043bfd1e51
Pruned,DTLZ2,18,1.229455978988375,300.0,100.0,False,,,,[],,262.2284787,,,,,,,,,C:\Users\lsx\Desktop\REMOandDREMO测试集\10目标\n30\REMO_new2_AdaMaO_SDEOnly_UniformMix_Pruned\REMO_new2_AdaMaO_SDEOnly_UniformMix_Pruned_DTLZ2_M10_D30_18.mat,8b967bf46b1fe6c1d234c2ecfbff89443fa55746b857e6a74be6dff10f856a0d
Pruned,DTLZ2,2,1.131562948579212,300.0,100.0,False,,,,[],,280.82593299999996,,,,,,,,,C:\Users\lsx\Desktop\REMOandDREMO测试集\10目标\n30\REMO_new2_AdaMaO_SDEOnly_UniformMix_Pruned\REMO_new2_AdaMaO_SDEOnly_UniformMix_Pruned_DTLZ2_M10_D30_2.mat,f20e6fd082ff7f2dd761293079c88cf4be533df4dac8c3f773a00d2c83b4a9e9
Pruned,DTLZ2,3,1.2185007833105594,300.0,100.0,False,,,,[],,273.5422378999999,,,,,,,,,C:\Users\lsx\Desktop\REMOandDREMO测试集\10目标\n30\REMO_new2_AdaMaO_SDEOnly_UniformMix_Pruned\REMO_new2_AdaMaO_SDEOnly_UniformMix_Pruned_DTLZ2_M10_D30_3.mat,1af139e7faa98fddf895c2d56eada673616d1e52e76ad90bda5d9e7f36a18675
Pruned,DTLZ2,4,1.0232605087253819,300.0,100.0,False,,,,[],,273.0548105,,,,,,,,,C:\Users\lsx\Desktop\REMOandDREMO测试集\10目标\n30\REMO_new2_AdaMaO_SDEOnly_UniformMix_Pruned\REMO_new2_AdaMaO_SDEOnly_UniformMix_Pruned_DTLZ2_M10_D30_4.mat,6044fca0e5a54312632f5e0b074c1ff2c1fb3c33acc2f64e811e54badb00b740
Pruned,DTLZ2,5,1.2008112451234922,300.0,100.0,False,,,,[],,287.35451129999996,,,,,,,,,C:\Users\lsx\Desktop\REMOandDREMO测试集\10目标\n30\REMO_new2_AdaMaO_SDEOnly_UniformMix_Pruned\REMO_new2_AdaMaO_SDEOnly_UniformMix_Pruned_DTLZ2_M10_D30_5.mat,69e51ad196e4c06eab79bddf87dc1f070f49c7d3242be162d2ebd8044d32411a
Pruned,DTLZ2,6,1.215873436849707,300.0,100.0,False,,,,[],,313.16064729999994,,,,,,,,,C:\Users\lsx\Desktop\REMOandDREMO测试集\10目标\n30\REMO_new2_AdaMaO_SDEOnly_UniformMix_Pruned\REMO_new2_AdaMaO_SDEOnly_UniformMix_Pruned_DTLZ2_M10_D30_6.mat,5c3db523a64c2d548f6217f6aee964155c80bb80a49c7db1bdb864ef4ccda45b
Pruned,DTLZ2,7,1.0515599267696154,300.0,100.0,False,,,,[],,322.8627629,,,,,,,,,C:\Users\lsx\Desktop\REMOandDREMO测试集\10目标\n30\REMO_new2_AdaMaO_SDEOnly_UniformMix_Pruned\REMO_new2_AdaMaO_SDEOnly_UniformMix_Pruned_DTLZ2_M10_D30_7.mat,271489c4ace02a716801f20ccf001e426fd0f15c81f9568987727641bd05a614
Pruned,DTLZ2,8,1.2385053826896968,300.0,100.0,False,,,,[],,261.3106237,,,,,,,,,C:\Users\lsx\Desktop\REMOandDREMO测试集\10目标\n30\REMO_new2_AdaMaO_SDEOnly_UniformMix_Pruned\REMO_new2_AdaMaO_SDEOnly_UniformMix_Pruned_DTLZ2_M10_D30_8.mat,7ca96e0a956f023b2dad8e45eca4d107c22212623e90c071691d84a901353245
Pruned,DTLZ2,9,1.2360049964682989,300.0,100.0,False,,,,[],,267.8587482,,,,,,,,,C:\Users\lsx\Desktop\REMOandDREMO测试集\10目标\n30\REMO_new2_AdaMaO_SDEOnly_UniformMix_Pruned\REMO_new2_AdaMaO_SDEOnly_UniformMix_Pruned_DTLZ2_M10_D30_9.mat,761ca57a132300ef55048f5b2d7f94a049801cdd7ef8b1500873eddc81d0086d
Pruned,DTLZ4,1,1.4470666744918568,300.0,100.0,False,,,,[],,293.8229675000001,,,,,,,,,C:\Users\lsx\Desktop\REMOandDREMO测试集\10目标\n30\REMO_new2_AdaMaO_SDEOnly_UniformMix_Pruned\REMO_new2_AdaMaO_SDEOnly_UniformMix_Pruned_DTLZ4_M10_D30_1.mat,7694a7495974083855630900887a47b18cda7a41ab67abd6309cea5d97f560e2
Pruned,DTLZ4,10,1.4477694308423477,300.0,100.0,False,,,,[],,251.59654890000004,,,,,,,,,C:\Users\lsx\Desktop\REMOandDREMO测试集\10目标\n30\REMO_new2_AdaMaO_SDEOnly_UniformMix_Pruned\REMO_new2_AdaMaO_SDEOnly_UniformMix_Pruned_DTLZ4_M10_D30_10.mat,0547aab6bfb1535871ec84cd3d0b9e9a16da34ef0810e3dc9044a7fc0864c69b
Pruned,DTLZ4,11,1.2425383054172563,300.0,100.0,False,,,,[],,248.8620412,,,,,,,,,C:\Users\lsx\Desktop\REMOandDREMO测试集\10目标\n30\REMO_new2_AdaMaO_SDEOnly_UniformMix_Pruned\REMO_new2_AdaMaO_SDEOnly_UniformMix_Pruned_DTLZ4_M10_D30_11.mat,feadefede0a38226552f074cf12b14c61475c71d8b33ea3850e0964a2ee29ab9
Pruned,DTLZ4,12,1.3181336047084493,300.0,100.0,False,,,,[],,272.11867989999996,,,,,,,,,C:\Users\lsx\Desktop\REMOandDREMO测试集\10目标\n30\REMO_new2_AdaMaO_SDEOnly_UniformMix_Pruned\REMO_new2_AdaMaO_SDEOnly_UniformMix_Pruned_DTLZ4_M10_D30_12.mat,3b833a3261e4bd570a5dfd2935c5409a3dace23dd323814186e52b45a1ac500c
Pruned,DTLZ4,13,1.2664671248887158,300.0,100.0,False,,,,[],,260.93979669999993,,,,,,,,,C:\Users\lsx\Desktop\REMOandDREMO测试集\10目标\n30\REMO_new2_AdaMaO_SDEOnly_UniformMix_Pruned\REMO_new2_AdaMaO_SDEOnly_UniformMix_Pruned_DTLZ4_M10_D30_13.mat,8c6589ede23547ec2a085e40f54b3f76b05b75482f92aeea81314074eb636251
Pruned,DTLZ4,14,1.206547631175302,300.0,100.0,False,,,,[],,291.00209319999993,,,,,,,,,C:\Users\lsx\Desktop\REMOandDREMO测试集\10目标\n30\REMO_new2_AdaMaO_SDEOnly_UniformMix_Pruned\REMO_new2_AdaMaO_SDEOnly_UniformMix_Pruned_DTLZ4_M10_D30_14.mat,d99687553ea34c857e2e6654ef6bf8b4abdd8c07a03a8c2f52e53a99e073cb97
Pruned,DTLZ4,15,1.2914049418756541,300.0,100.0,False,,,,[],,272.4872126,,,,,,,,,C:\Users\lsx\Desktop\REMOandDREMO测试集\10目标\n30\REMO_new2_AdaMaO_SDEOnly_UniformMix_Pruned\REMO_new2_AdaMaO_SDEOnly_UniformMix_Pruned_DTLZ4_M10_D30_15.mat,f709daf1fed2c86f415cc22982b1607a6f914864ed2dd6e1acdef07f2fc6ba4c
Pruned,DTLZ4,16,1.3814483298212008,300.0,100.0,False,,,,[],,251.6296617,,,,,,,,,C:\Users\lsx\Desktop\REMOandDREMO测试集\10目标\n30\REMO_new2_AdaMaO_SDEOnly_UniformMix_Pruned\REMO_new2_AdaMaO_SDEOnly_UniformMix_Pruned_DTLZ4_M10_D30_16.mat,58d103d62b97006442631bb9f4df4c2506969e74eda11b8353ef80593c49d71b
Pruned,DTLZ4,17,1.5426363509307204,300.0,100.0,False,,,,[],,261.1504314,,,,,,,,,C:\Users\lsx\Desktop\REMOandDREMO测试集\10目标\n30\REMO_new2_AdaMaO_SDEOnly_UniformMix_Pruned\REMO_new2_AdaMaO_SDEOnly_UniformMix_Pruned_DTLZ4_M10_D30_17.mat,29bac1f019529357f893abaf82f6c97f279f97556f18d61582ee84abf25651be
Pruned,DTLZ4,18,1.3549471077650217,300.0,100.0,False,,,,[],,262.544134,,,,,,,,,C:\Users\lsx\Desktop\REMOandDREMO测试集\10目标\n30\REMO_new2_AdaMaO_SDEOnly_UniformMix_Pruned\REMO_new2_AdaMaO_SDEOnly_UniformMix_Pruned_DTLZ4_M10_D30_18.mat,3b8e08491a3a219ed96b157ce8aff0ddd380ada305a14532e22646cc38fbb850
Pruned,DTLZ4,2,1.1805963476931023,300.0,100.0,False,,,,[],,273.02435410000004,,,,,,,,,C:\Users\lsx\Desktop\REMOandDREMO测试集\10目标\n30\REMO_new2_AdaMaO_SDEOnly_UniformMix_Pruned\REMO_new2_AdaMaO_SDEOnly_UniformMix_Pruned_DTLZ4_M10_D30_2.mat,cee3534defcd36234f3bfb9848c4c8360c6574f74ba5c0cfa2349f10ffdfef3f
Pruned,DTLZ4,3,1.2932795732713993,300.0,100.0,False,,,,[],,277.6315338,,,,,,,,,C:\Users\lsx\Desktop\REMOandDREMO测试集\10目标\n30\REMO_new2_AdaMaO_SDEOnly_UniformMix_Pruned\REMO_new2_AdaMaO_SDEOnly_UniformMix_Pruned_DTLZ4_M10_D30_3.mat,f1cd5d0422b2529689b389db6ed883994dd6deb08dda4045aafaa90e54dc0933
Pruned,DTLZ4,4,1.3754492090180084,300.0,100.0,False,,,,[],,268.19222139999994,,,,,,,,,C:\Users\lsx\Desktop\REMOandDREMO测试集\10目标\n30\REMO_new2_AdaMaO_SDEOnly_UniformMix_Pruned\REMO_new2_AdaMaO_SDEOnly_UniformMix_Pruned_DTLZ4_M10_D30_4.mat,c27c8c1bf48bc94cd3e0dde2f5777012758dc57e4336f0ad2552444b44c38bc3
Pruned,DTLZ4,5,1.1306127011774036,300.0,100.0,False,,,,[],,273.11589169999996,,,,,,,,,C:\Users\lsx\Desktop\REMOandDREMO测试集\10目标\n30\REMO_new2_AdaMaO_SDEOnly_UniformMix_Pruned\REMO_new2_AdaMaO_SDEOnly_UniformMix_Pruned_DTLZ4_M10_D30_5.mat,6d156657e78f903d5df2a100a75c28653b274b140b1a3d69aa9ec8d6af131ec1
Pruned,DTLZ4,6,1.2679260996655979,300.0,100.0,False,,,,[],,289.55615300000005,,,,,,,,,C:\Users\lsx\Desktop\REMOandDREMO测试集\10目标\n30\REMO_new2_AdaMaO_SDEOnly_UniformMix_Pruned\REMO_new2_AdaMaO_SDEOnly_UniformMix_Pruned_DTLZ4_M10_D30_6.mat,2e63fd407bc733996f007554fe16b573c34e520e785faa8f3c90897e73fe7840
Pruned,DTLZ4,7,1.3625978634901872,300.0,100.0,False,,,,[],,320.06870920000006,,,,,,,,,C:\Users\lsx\Desktop\REMOandDREMO测试集\10目标\n30\REMO_new2_AdaMaO_SDEOnly_UniformMix_Pruned\REMO_new2_AdaMaO_SDEOnly_UniformMix_Pruned_DTLZ4_M10_D30_7.mat,b7ab40c1ffe2ad9b5069584bb3bd40dff5f57a6d334a1cfcff19f32b446ccd6a
Pruned,DTLZ4,8,1.2276054464982276,300.0,100.0,False,,,,[],,287.9120375,,,,,,,,,C:\Users\lsx\Desktop\REMOandDREMO测试集\10目标\n30\REMO_new2_AdaMaO_SDEOnly_UniformMix_Pruned\REMO_new2_AdaMaO_SDEOnly_UniformMix_Pruned_DTLZ4_M10_D30_8.mat,f465a84ce8e8ccde8fefba4e941730318594d1a868f0ac78a212c6cf13e03d71
Pruned,DTLZ4,9,1.130655626221362,300.0,100.0,False,,,,[],,267.3123677,,,,,,,,,C:\Users\lsx\Desktop\REMOandDREMO测试集\10目标\n30\REMO_new2_AdaMaO_SDEOnly_UniformMix_Pruned\REMO_new2_AdaMaO_SDEOnly_UniformMix_Pruned_DTLZ4_M10_D30_9.mat,652f71543a9cd0f6bfa6d595a0795f8e03729117be0ad8e2c2d2e98426db78e0
Pruned,DTLZ5,1,0.5836420859168585,300.0,100.0,False,,,,[],,267.4600705,,,,,,,,,C:\Users\lsx\Desktop\REMOandDREMO测试集\10目标\n30\REMO_new2_AdaMaO_SDEOnly_UniformMix_Pruned\REMO_new2_AdaMaO_SDEOnly_UniformMix_Pruned_DTLZ5_M10_D30_1.mat,4e6bd48bffe34cf996f68dbfdc6426c3b7bcec794b15acb3e615292ecf23520a
Pruned,DTLZ5,10,0.8632402946639343,300.0,100.0,False,,,,[],,282.6025431999999,,,,,,,,,C:\Users\lsx\Desktop\REMOandDREMO测试集\10目标\n30\REMO_new2_AdaMaO_SDEOnly_UniformMix_Pruned\REMO_new2_AdaMaO_SDEOnly_UniformMix_Pruned_DTLZ5_M10_D30_10.mat,994766ec90d1310d5ea35e72d37f8252bedaa7e81063dde50f78169bcbc3a0fc
Pruned,DTLZ5,11,0.9227179177094247,300.0,100.0,False,,,,[],,255.65898619999993,,,,,,,,,C:\Users\lsx\Desktop\REMOandDREMO测试集\10目标\n30\REMO_new2_AdaMaO_SDEOnly_UniformMix_Pruned\REMO_new2_AdaMaO_SDEOnly_UniformMix_Pruned_DTLZ5_M10_D30_11.mat,4aede14a1b81cf2f2a474300401bdfb4abc5c1b4196e3e71be667093341f9fee
Pruned,DTLZ5,12,0.6532698714818574,300.0,100.0,False,,,,[],,271.6391465,,,,,,,,,C:\Users\lsx\Desktop\REMOandDREMO测试集\10目标\n30\REMO_new2_AdaMaO_SDEOnly_UniformMix_Pruned\REMO_new2_AdaMaO_SDEOnly_UniformMix_Pruned_DTLZ5_M10_D30_12.mat,cc9dea6036d65a7d5e3d63e6596756092db6edf30d36e39347d096b1e3a0365a
Pruned,DTLZ5,13,0.8447457296879768,300.0,100.0,False,,,,[],,272.6249955,,,,,,,,,C:\Users\lsx\Desktop\REMOandDREMO测试集\10目标\n30\REMO_new2_AdaMaO_SDEOnly_UniformMix_Pruned\REMO_new2_AdaMaO_SDEOnly_UniformMix_Pruned_DTLZ5_M10_D30_13.mat,8905e29301c3745a62707b59e6701d627a3fdb0de47f8c71f293585e679dfe99
Pruned,DTLZ5,14,0.8334611414634341,300.0,100.0,False,,,,[],,261.1598364,,,,,,,,,C:\Users\lsx\Desktop\REMOandDREMO测试集\10目标\n30\REMO_new2_AdaMaO_SDEOnly_UniformMix_Pruned\REMO_new2_AdaMaO_SDEOnly_UniformMix_Pruned_DTLZ5_M10_D30_14.mat,cbcf4f21ca7046c87dce3725e16481afc8b42d4e9e660845db7d6b0aff28176c
Pruned,DTLZ5,15,0.9967120797282816,300.0,100.0,False,,,,[],,260.69983749999994,,,,,,,,,C:\Users\lsx\Desktop\REMOandDREMO测试集\10目标\n30\REMO_new2_AdaMaO_SDEOnly_UniformMix_Pruned\REMO_new2_AdaMaO_SDEOnly_UniformMix_Pruned_DTLZ5_M10_D30_15.mat,330de8926a2669a25ec6082101684e0f6f0d1fe1a60bef65ff15367159f34e9e
Pruned,DTLZ5,16,1.0230908734609494,300.0,100.0,False,,,,[],,263.91375260000007,,,,,,,,,C:\Users\lsx\Desktop\REMOandDREMO测试集\10目标\n30\REMO_new2_AdaMaO_SDEOnly_UniformMix_Pruned\REMO_new2_AdaMaO_SDEOnly_UniformMix_Pruned_DTLZ5_M10_D30_16.mat,9baab1141837b01f8e9c984e6b1727cc78f93ac4415bdcd8997da5ffc02dc816
Pruned,DTLZ5,17,0.9376323377390785,300.0,100.0,False,,,,[],,262.1801921,,,,,,,,,C:\Users\lsx\Desktop\REMOandDREMO测试集\10目标\n30\REMO_new2_AdaMaO_SDEOnly_UniformMix_Pruned\REMO_new2_AdaMaO_SDEOnly_UniformMix_Pruned_DTLZ5_M10_D30_17.mat,4aeb00ac64dfd9ab2cf8bcdaa2d7ae822c6faf78bd79724ae95691da2fdc7b14
Pruned,DTLZ5,18,0.8113266693431368,300.0,100.0,False,,,,[],,262.81295789999996,,,,,,,,,C:\Users\lsx\Desktop\REMOandDREMO测试集\10目标\n30\REMO_new2_AdaMaO_SDEOnly_UniformMix_Pruned\REMO_new2_AdaMaO_SDEOnly_UniformMix_Pruned_DTLZ5_M10_D30_18.mat,facc25575cc9dd0466d42b7f9b295d15d02682f4e1cf12dced9ab90e8109c11b
Pruned,DTLZ5,2,0.9027670304648624,300.0,100.0,False,,,,[],,266.03051960000005,,,,,,,,,C:\Users\lsx\Desktop\REMOandDREMO测试集\10目标\n30\REMO_new2_AdaMaO_SDEOnly_UniformMix_Pruned\REMO_new2_AdaMaO_SDEOnly_UniformMix_Pruned_DTLZ5_M10_D30_2.mat,d13e365ebb58d8b8388a174746c3d95cd19466308951b7175f72f776477b5d10
Pruned,DTLZ5,3,0.7361692496104009,300.0,100.0,False,,,,[],,266.03409410000006,,,,,,,,,C:\Users\lsx\Desktop\REMOandDREMO测试集\10目标\n30\REMO_new2_AdaMaO_SDEOnly_UniformMix_Pruned\REMO_new2_AdaMaO_SDEOnly_UniformMix_Pruned_DTLZ5_M10_D30_3.mat,adf8d76a1c5fbc46af796a75d09c9d740da70bd3226cd20a492372cbb6ea8113
Pruned,DTLZ5,4,0.7748117686223713,300.0,100.0,False,,,,[],,262.21059779999996,,,,,,,,,C:\Users\lsx\Desktop\REMOandDREMO测试集\10目标\n30\REMO_new2_AdaMaO_SDEOnly_UniformMix_Pruned\REMO_new2_AdaMaO_SDEOnly_UniformMix_Pruned_DTLZ5_M10_D30_4.mat,d9a837e1a5f5cbe95d02210ddf0c830a1593d46078fbc2a70134a87540830f26
Pruned,DTLZ5,5,0.9646222252795001,300.0,100.0,False,,,,[],,263.73441139999994,,,,,,,,,C:\Users\lsx\Desktop\REMOandDREMO测试集\10目标\n30\REMO_new2_AdaMaO_SDEOnly_UniformMix_Pruned\REMO_new2_AdaMaO_SDEOnly_UniformMix_Pruned_DTLZ5_M10_D30_5.mat,28e0a551199b4551629b59556dc4754c639868317bf5281886590feb6e0c1c3c
Pruned,DTLZ5,6,0.8223558479586512,300.0,100.0,False,,,,[],,260.21847280000003,,,,,,,,,C:\Users\lsx\Desktop\REMOandDREMO测试集\10目标\n30\REMO_new2_AdaMaO_SDEOnly_UniformMix_Pruned\REMO_new2_AdaMaO_SDEOnly_UniformMix_Pruned_DTLZ5_M10_D30_6.mat,70440094029fa73a8f77138e34c00deff18dda1d3ae122edd1bf122842b7d5f6
Pruned,DTLZ5,7,0.556834761097025,300.0,100.0,False,,,,[],,255.76769580000004,,,,,,,,,C:\Users\lsx\Desktop\REMOandDREMO测试集\10目标\n30\REMO_new2_AdaMaO_SDEOnly_UniformMix_Pruned\REMO_new2_AdaMaO_SDEOnly_UniformMix_Pruned_DTLZ5_M10_D30_7.mat,2b9f6034e6ba7a7671d7baf6a459ecd4f73796a0f21d2f309a51dd2fcb537366
Pruned,DTLZ5,8,0.7650927300646961,300.0,100.0,False,,,,[],,257.9979083999999,,,,,,,,,C:\Users\lsx\Desktop\REMOandDREMO测试集\10目标\n30\REMO_new2_AdaMaO_SDEOnly_UniformMix_Pruned\REMO_new2_AdaMaO_SDEOnly_UniformMix_Pruned_DTLZ5_M10_D30_8.mat,5f9b2ce3b5b420d83d9c2591759f4d968ed763bb2669535d2294fcc094d92b3e
Pruned,DTLZ5,9,0.9201830519221481,300.0,100.0,False,,,,[],,265.70799330000006,,,,,,,,,C:\Users\lsx\Desktop\REMOandDREMO测试集\10目标\n30\REMO_new2_AdaMaO_SDEOnly_UniformMix_Pruned\REMO_new2_AdaMaO_SDEOnly_UniformMix_Pruned_DTLZ5_M10_D30_9.mat,5f403d8a36396e448ac6d680ab3d919f1a7c2ff82d44d31bcec367dbe311813d
Pruned,DTLZ7,1,10.627633476183046,300.0,100.0,False,,,,[],,248.0168717,,,,,,,,,C:\Users\lsx\Desktop\REMOandDREMO测试集\10目标\n30\REMO_new2_AdaMaO_SDEOnly_UniformMix_Pruned\REMO_new2_AdaMaO_SDEOnly_UniformMix_Pruned_DTLZ7_M10_D30_1.mat,fd80ea6ca422c4e5b6598a434751e749bde722e5c7c72215c6921984a554309a
Pruned,DTLZ7,10,10.721411813148016,300.0,100.0,False,,,,[],,275.57859390000004,,,,,,,,,C:\Users\lsx\Desktop\REMOandDREMO测试集\10目标\n30\REMO_new2_AdaMaO_SDEOnly_UniformMix_Pruned\REMO_new2_AdaMaO_SDEOnly_UniformMix_Pruned_DTLZ7_M10_D30_10.mat,6dc2e078518de34e5caf0a0f3a3004340d269e4c5275e19791c1ee78eb9760b7
Pruned,DTLZ7,11,6.882313252119972,300.0,100.0,False,,,,[],,254.76276080000002,,,,,,,,,C:\Users\lsx\Desktop\REMOandDREMO测试集\10目标\n30\REMO_new2_AdaMaO_SDEOnly_UniformMix_Pruned\REMO_new2_AdaMaO_SDEOnly_UniformMix_Pruned_DTLZ7_M10_D30_11.mat,9133ab84c079a7b6d70fc540a5524299dfa0bb7caaeeb922e230104391dee87b
Pruned,DTLZ7,12,12.454084685772882,300.0,100.0,False,,,,[],,256.6251374,,,,,,,,,C:\Users\lsx\Desktop\REMOandDREMO测试集\10目标\n30\REMO_new2_AdaMaO_SDEOnly_UniformMix_Pruned\REMO_new2_AdaMaO_SDEOnly_UniformMix_Pruned_DTLZ7_M10_D30_12.mat,c4930eb564060c352c89d4f352acec1e9d0564a98dadd0678cec27a45808f5ff
Pruned,DTLZ7,13,11.874038702688512,300.0,100.0,False,,,,[],,256.868,,,,,,,,,C:\Users\lsx\Desktop\REMOandDREMO测试集\10目标\n30\REMO_new2_AdaMaO_SDEOnly_UniformMix_Pruned\REMO_new2_AdaMaO_SDEOnly_UniformMix_Pruned_DTLZ7_M10_D30_13.mat,f9037a2f08fa7a2c1ef48466512fa2f64e8009d021c8698b163b2006ef8409e8
Pruned,DTLZ7,14,10.068501060674848,300.0,100.0,False,,,,[],,249.4686566,,,,,,,,,C:\Users\lsx\Desktop\REMOandDREMO测试集\10目标\n30\REMO_new2_AdaMaO_SDEOnly_UniformMix_Pruned\REMO_new2_AdaMaO_SDEOnly_UniformMix_Pruned_DTLZ7_M10_D30_14.mat,61712874d708bc5ad0846c72a08fe3fe2a8bd62f54f52e46e17e5f4b40a5836e
Pruned,DTLZ7,15,8.901276498550715,300.0,100.0,False,,,,[],,252.72177729999999,,,,,,,,,C:\Users\lsx\Desktop\REMOandDREMO测试集\10目标\n30\REMO_new2_AdaMaO_SDEOnly_UniformMix_Pruned\REMO_new2_AdaMaO_SDEOnly_UniformMix_Pruned_DTLZ7_M10_D30_15.mat,094665e574a386a34d0663988b3a63569aa4d598a51da72bf2d21ef37a13b85c
Pruned,DTLZ7,16,8.601874272046018,300.0,100.0,False,,,,[],,256.9748579,,,,,,,,,C:\Users\lsx\Desktop\REMOandDREMO测试集\10目标\n30\REMO_new2_AdaMaO_SDEOnly_UniformMix_Pruned\REMO_new2_AdaMaO_SDEOnly_UniformMix_Pruned_DTLZ7_M10_D30_16.mat,1cdeb1e40aff2efa782a20c0afb3c4bc6f6cb96bbd9bad01b623f4ddb93263dd
Pruned,DTLZ7,17,9.686793903474742,300.0,100.0,False,,,,[],,249.45974030000002,,,,,,,,,C:\Users\lsx\Desktop\REMOandDREMO测试集\10目标\n30\REMO_new2_AdaMaO_SDEOnly_UniformMix_Pruned\REMO_new2_AdaMaO_SDEOnly_UniformMix_Pruned_DTLZ7_M10_D30_17.mat,0d2863edee72f0cb51adcb53b65215a5d3d945e35d69281ee69c28e31eff2a1b
Pruned,DTLZ7,18,9.895811600472458,300.0,100.0,False,,,,[],,253.7069186,,,,,,,,,C:\Users\lsx\Desktop\REMOandDREMO测试集\10目标\n30\REMO_new2_AdaMaO_SDEOnly_UniformMix_Pruned\REMO_new2_AdaMaO_SDEOnly_UniformMix_Pruned_DTLZ7_M10_D30_18.mat,c9a4c65e2916ba6031172f35736f55588f8643750281663574bfdc00d714d691
Pruned,DTLZ7,2,8.47080241392423,300.0,100.0,False,,,,[],,252.3774373,,,,,,,,,C:\Users\lsx\Desktop\REMOandDREMO测试集\10目标\n30\REMO_new2_AdaMaO_SDEOnly_UniformMix_Pruned\REMO_new2_AdaMaO_SDEOnly_UniformMix_Pruned_DTLZ7_M10_D30_2.mat,bd7ab3c581a9ce44027d4bb7f048ab46d96f3db7d73e1465b296c9ee8866691b
Pruned,DTLZ7,3,14.0239551341343,300.0,100.0,False,,,,[],,266.4279131,,,,,,,,,C:\Users\lsx\Desktop\REMOandDREMO测试集\10目标\n30\REMO_new2_AdaMaO_SDEOnly_UniformMix_Pruned\REMO_new2_AdaMaO_SDEOnly_UniformMix_Pruned_DTLZ7_M10_D30_3.mat,e0e504cad3a824a9c1510cee31649d32ffe2459ed8656611aec99c194cebab34
Pruned,DTLZ7,4,12.2127885717644,300.0,100.0,False,,,,[],,251.46403349999997,,,,,,,,,C:\Users\lsx\Desktop\REMOandDREMO测试集\10目标\n30\REMO_new2_AdaMaO_SDEOnly_UniformMix_Pruned\REMO_new2_AdaMaO_SDEOnly_UniformMix_Pruned_DTLZ7_M10_D30_4.mat,8ec824b7376836342250effa1751f225cffa547a68fee1c0820d20df2d8ec31f
Pruned,DTLZ7,5,8.869199675212107,300.0,100.0,False,,,,[],,244.78757570000002,,,,,,,,,C:\Users\lsx\Desktop\REMOandDREMO测试集\10目标\n30\REMO_new2_AdaMaO_SDEOnly_UniformMix_Pruned\REMO_new2_AdaMaO_SDEOnly_UniformMix_Pruned_DTLZ7_M10_D30_5.mat,18185ff7fcdfcf80dd1fc49389c9822e4ce1999ef2c529d9afcd3981202007f6
Pruned,DTLZ7,6,10.950398700472716,300.0,100.0,False,,,,[],,248.03904,,,,,,,,,C:\Users\lsx\Desktop\REMOandDREMO测试集\10目标\n30\REMO_new2_AdaMaO_SDEOnly_UniformMix_Pruned\REMO_new2_AdaMaO_SDEOnly_UniformMix_Pruned_DTLZ7_M10_D30_6.mat,d16dc0a935637eb9e1104409f0c65f0f9e3d81c909e9616b3a880980db9ab6d6
Pruned,DTLZ7,7,8.995242336871042,300.0,100.0,False,,,,[],,260.5133766,,,,,,,,,C:\Users\lsx\Desktop\REMOandDREMO测试集\10目标\n30\REMO_new2_AdaMaO_SDEOnly_UniformMix_Pruned\REMO_new2_AdaMaO_SDEOnly_UniformMix_Pruned_DTLZ7_M10_D30_7.mat,7f4f2db2151da42d2abc3f30b2ffbfa697880229940ffb290bd7d61424f71093
Pruned,DTLZ7,8,11.55418131589274,300.0,100.0,False,,,,[],,250.76032260000002,,,,,,,,,C:\Users\lsx\Desktop\REMOandDREMO测试集\10目标\n30\REMO_new2_AdaMaO_SDEOnly_UniformMix_Pruned\REMO_new2_AdaMaO_SDEOnly_UniformMix_Pruned_DTLZ7_M10_D30_8.mat,87fd7cfeeb6ae7ae143f0b6ac42eeeb101ca3523cb9aec7eb3334ac33dabf0f6
Pruned,DTLZ7,9,14.062336547866202,300.0,100.0,False,,,,[],,256.5763588,,,,,,,,,C:\Users\lsx\Desktop\REMOandDREMO测试集\10目标\n30\REMO_new2_AdaMaO_SDEOnly_UniformMix_Pruned\REMO_new2_AdaMaO_SDEOnly_UniformMix_Pruned_DTLZ7_M10_D30_9.mat,05343606320254e9a77fab069ddaeb16747b682babff25866fd54b62fc3de762
Weighted_Q080,DTLZ2,1,1.1331643547088246,300.0,100.0,True,20261913,,9.14.0.2254940 (R2023a) Update 2,"[3000.0, 0.5, 0.25, 0.8, 6.0]",2026-09-12 09:03:14,337.54187020000006,7edad37388c1571812117ac69006d066556c89133cafa94203909c7dc9de2b14,,,,,,,,C:\Users\lsx\Desktop\REMOandDREMO测试集\10目标\n30\REMO_new2_AdaMaO_SDEOnly_UniformMix_Pruned_Weighted_Q080\REMO_new2_AdaMaO_SDEOnly_UniformMix_Pruned_Weighted_Q080_DTLZ2_M10_D30_1.mat,84e2311a278dfbdd2f048f3778fb8e099cc3a88977d9d5e14dc6604b5eef8f5d
Weighted_Q080,DTLZ2,10,1.2685610404911332,300.0,100.0,True,20261922,,9.14.0.2254940 (R2023a) Update 2,"[3000.0, 0.5, 0.25, 0.8, 6.0]",2026-09-12 09:08:58,322.4975347,ec046f77b36a56f28c952b73f560bea1587d2b015fcc294450cba27d854e586d,,,,,,,,C:\Users\lsx\Desktop\REMOandDREMO测试集\10目标\n30\REMO_new2_AdaMaO_SDEOnly_UniformMix_Pruned_Weighted_Q080\REMO_new2_AdaMaO_SDEOnly_UniformMix_Pruned_Weighted_Q080_DTLZ2_M10_D30_10.mat,2c16414024004c6e921b9dcb7314475f3b04084e316dff659ad584fbd5f518d3
Weighted_Q080,DTLZ2,11,1.2799495632482176,300.0,100.0,True,20261923,,9.14.0.2254940 (R2023a) Update 2,"[3000.0, 0.5, 0.25, 0.8, 6.0]",2026-09-12 09:08:58,327.5960943999999,3f9b8b5eb7373ebd055b6017c176103e946e8b80f4290af7312566d741f5eb9a,,,,,,,,C:\Users\lsx\Desktop\REMOandDREMO测试集\10目标\n30\REMO_new2_AdaMaO_SDEOnly_UniformMix_Pruned_Weighted_Q080\REMO_new2_AdaMaO_SDEOnly_UniformMix_Pruned_Weighted_Q080_DTLZ2_M10_D30_11.mat,299aac9f4507b1469cd3fe3c42aa6eb06e66788c6d13eed33dfa21ffb8cafd31
Weighted_Q080,DTLZ2,12,1.1046093330481828,300.0,100.0,True,20261924,,9.14.0.2254940 (R2023a) Update 2,"[3000.0, 0.5, 0.25, 0.8, 6.0]",2026-09-12 09:09:02,324.6634940000001,62dd875113e7c2b3866026567b4840c5f1ba056dcd557d2f6ffd3b38205626c1,,,,,,,,C:\Users\lsx\Desktop\REMOandDREMO测试集\10目标\n30\REMO_new2_AdaMaO_SDEOnly_UniformMix_Pruned_Weighted_Q080\REMO_new2_AdaMaO_SDEOnly_UniformMix_Pruned_Weighted_Q080_DTLZ2_M10_D30_12.mat,8843ea32b544ab5c20a05db768c3a4cc691c3eccf7a1c45dd6f3d1f954996f33
Weighted_Q080,DTLZ2,13,1.2268521044251186,300.0,100.0,True,20261925,,9.14.0.2254940 (R2023a) Update 2,"[3000.0, 0.5, 0.25, 0.8, 6.0]",2026-09-12 09:14:09,307.0102003,f1c3a384bf1c6049ab48e9159d4ecda6b772dbb0b680ec2f260e2d339025853b,,,,,,,,C:\Users\lsx\Desktop\REMOandDREMO测试集\10目标\n30\REMO_new2_AdaMaO_SDEOnly_UniformMix_Pruned_Weighted_Q080\REMO_new2_AdaMaO_SDEOnly_UniformMix_Pruned_Weighted_Q080_DTLZ2_M10_D30_13.mat,6c314f765c551d556f86db5b8c74dd56c90dd8d655d82295e106497c0a5adf32
Weighted_Q080,DTLZ2,14,0.9800930607807326,300.0,100.0,True,20261926,,9.14.0.2254940 (R2023a) Update 2,"[3000.0, 0.5, 0.25, 0.8, 6.0]",2026-09-12 09:14:12,312.3237767000001,925d2299ae9a5b100915bae758bde8f45b4a99c0ac5509522089203fe3708303,,,,,,,,C:\Users\lsx\Desktop\REMOandDREMO测试集\10目标\n30\REMO_new2_AdaMaO_SDEOnly_UniformMix_Pruned_Weighted_Q080\REMO_new2_AdaMaO_SDEOnly_UniformMix_Pruned_Weighted_Q080_DTLZ2_M10_D30_14.mat,6bda5c7f73d15422da841788c16a87a5a2e1f9fd8f476f90dbba910fae3b2533
Weighted_Q080,DTLZ2,15,1.1394333982515537,300.0,100.0,True,20261927,,9.14.0.2254940 (R2023a) Update 2,"[3000.0, 0.5, 0.25, 0.8, 6.0]",2026-09-12 09:14:15,316.6002409,86514eeddc42c4afe16ae0d7173906772a71951714e04cddc4fef2bacab58656,,,,,,,,C:\Users\lsx\Desktop\REMOandDREMO测试集\10目标\n30\REMO_new2_AdaMaO_SDEOnly_UniformMix_Pruned_Weighted_Q080\REMO_new2_AdaMaO_SDEOnly_UniformMix_Pruned_Weighted_Q080_DTLZ2_M10_D30_15.mat,52725a728d341a9b125dffe8a25132823f2b6d9b5aca0e426ddce4a245e5e40d
Weighted_Q080,DTLZ2,16,1.2639680168706755,300.0,100.0,True,20261928,,9.14.0.2254940 (R2023a) Update 2,"[3000.0, 0.5, 0.25, 0.8, 6.0]",2026-09-12 09:14:21,315.2434641,0833780a88c93eea89bb729bee91dbd5a01b21bb9a89e06a8a6a42bc1073b72c,,,,,,,,C:\Users\lsx\Desktop\REMOandDREMO测试集\10目标\n30\REMO_new2_AdaMaO_SDEOnly_UniformMix_Pruned_Weighted_Q080\REMO_new2_AdaMaO_SDEOnly_UniformMix_Pruned_Weighted_Q080_DTLZ2_M10_D30_16.mat,c184298f5bab7ddcd9ec9a25996f0aee78796a6b04cf3e0342f938549a4fc4ce
Weighted_Q080,DTLZ2,17,1.2732695063128987,300.0,100.0,True,20261929,,9.14.0.2254940 (R2023a) Update 2,"[3000.0, 0.5, 0.25, 0.8, 6.0]",2026-09-12 09:14:26,316.1611866,e710b93775ac2a7073e1dc199b8aa86f38982030492d922199e7ffc2e6070872,,,,,,,,C:\Users\lsx\Desktop\REMOandDREMO测试集\10目标\n30\REMO_new2_AdaMaO_SDEOnly_UniformMix_Pruned_Weighted_Q080\REMO_new2_AdaMaO_SDEOnly_UniformMix_Pruned_Weighted_Q080_DTLZ2_M10_D30_17.mat,13547e626911a91a88dcb9a1bfd897c767ee5d6a87d9a3c375aef016adcc53d9
Weighted_Q080,DTLZ2,18,1.2324020824593147,300.0,100.0,True,20261930,,9.14.0.2254940 (R2023a) Update 2,"[3000.0, 0.5, 0.25, 0.8, 6.0]",2026-09-12 09:14:27,312.9792209,0624f6a41b5ad00965942edbe39fe4dfcbf4912e179e01f48ebbfe5f2b5d4f7e,,,,,,,,C:\Users\lsx\Desktop\REMOandDREMO测试集\10目标\n30\REMO_new2_AdaMaO_SDEOnly_UniformMix_Pruned_Weighted_Q080\REMO_new2_AdaMaO_SDEOnly_UniformMix_Pruned_Weighted_Q080_DTLZ2_M10_D30_18.mat,cb354237ff55614057642f122c6d71a51dbfe35d363781e75387cd57850b4c33
Weighted_Q080,DTLZ2,2,1.081072205154201,300.0,100.0,True,20261914,,9.14.0.2254940 (R2023a) Update 2,"[3000.0, 0.5, 0.25, 0.8, 6.0]",2026-09-12 09:03:14,335.74955159999996,255553931e8793bb8608e86f9023043217e91b0df0cf4050ef237ad507c4ae38,,,,,,,,C:\Users\lsx\Desktop\REMOandDREMO测试集\10目标\n30\REMO_new2_AdaMaO_SDEOnly_UniformMix_Pruned_Weighted_Q080\REMO_new2_AdaMaO_SDEOnly_UniformMix_Pruned_Weighted_Q080_DTLZ2_M10_D30_2.mat,e1401db870e6d69d6a493a2741da0bf2601e1fe5c00b232a1c36071751e03ea9
Weighted_Q080,DTLZ2,3,1.1185867994385403,300.0,100.0,True,20261915,,9.14.0.2254940 (R2023a) Update 2,"[3000.0, 0.5, 0.25, 0.8, 6.0]",2026-09-12 09:03:14,343.09180639999994,fc22da4ddd83ba70381d74ccbd38a21dba94daf2a8efe05f04fbe2074ff5e8b7,,,,,,,,C:\Users\lsx\Desktop\REMOandDREMO测试集\10目标\n30\REMO_new2_AdaMaO_SDEOnly_UniformMix_Pruned_Weighted_Q080\REMO_new2_AdaMaO_SDEOnly_UniformMix_Pruned_Weighted_Q080_DTLZ2_M10_D30_3.mat,38bba66c1e37853260d3bd28d4c7669ed5793b18d1bdef836327d2faa0d92f9e
Weighted_Q080,DTLZ2,4,1.163145269083984,300.0,100.0,True,20261916,,9.14.0.2254940 (R2023a) Update 2,"[3000.0, 0.5, 0.25, 0.8, 6.0]",2026-09-12 09:03:14,346.9644252,a47b6b09f00342102cbd4e4f870388453cd38215df1a6f3f7f97c8cde747afc0,,,,,,,,C:\Users\lsx\Desktop\REMOandDREMO测试集\10目标\n30\REMO_new2_AdaMaO_SDEOnly_UniformMix_Pruned_Weighted_Q080\REMO_new2_AdaMaO_SDEOnly_UniformMix_Pruned_Weighted_Q080_DTLZ2_M10_D30_4.mat,f88dc1f302977ff2f961ff77be8b54491838f0e7620bb0751f9ddedf49d863f4
Weighted_Q080,DTLZ2,5,1.449380558415908,300.0,100.0,True,20261917,,9.14.0.2254940 (R2023a) Update 2,"[3000.0, 0.5, 0.25, 0.8, 6.0]",2026-09-12 09:03:14,340.3151065,b1744d101f23053b5afd4490506ebcda7291443ce37afad8f32afdde4df2d6b3,,,,,,,,C:\Users\lsx\Desktop\REMOandDREMO测试集\10目标\n30\REMO_new2_AdaMaO_SDEOnly_UniformMix_Pruned_Weighted_Q080\REMO_new2_AdaMaO_SDEOnly_UniformMix_Pruned_Weighted_Q080_DTLZ2_M10_D30_5.mat,c38f5fa43ef053c777c3f0ec5867c161658cd23b1b8a4bf3dd43e994ea9db944
Weighted_Q080,DTLZ2,6,1.2068965601876012,300.0,100.0,True,20261918,,9.14.0.2254940 (R2023a) Update 2,"[3000.0, 0.5, 0.25, 0.8, 6.0]",2026-09-12 09:03:14,343.0294713,ed31adc5290e0d46b15f204abb45659630bfc097e4cc895ce777d613059064f6,,,,,,,,C:\Users\lsx\Desktop\REMOandDREMO测试集\10目标\n30\REMO_new2_AdaMaO_SDEOnly_UniformMix_Pruned_Weighted_Q080\REMO_new2_AdaMaO_SDEOnly_UniformMix_Pruned_Weighted_Q080_DTLZ2_M10_D30_6.mat,28c3b359fe256d34e2fdea65d4212b50dbe8faf3ef6d62ea6fd662891f998f4c
Weighted_Q080,DTLZ2,7,1.0976681625542264,300.0,100.0,True,20261919,,9.14.0.2254940 (R2023a) Update 2,"[3000.0, 0.5, 0.25, 0.8, 6.0]",2026-09-12 09:08:51,317.99085849999994,fda808c5b52ed37bff1c96ebad9bc8046730a03d25ec3d5d232ae6c5d54094e6,,,,,,,,C:\Users\lsx\Desktop\REMOandDREMO测试集\10目标\n30\REMO_new2_AdaMaO_SDEOnly_UniformMix_Pruned_Weighted_Q080\REMO_new2_AdaMaO_SDEOnly_UniformMix_Pruned_Weighted_Q080_DTLZ2_M10_D30_7.mat,aaef21c0f22810501cef9b9ef76bb19d4adf4bbfb8898db27d1182dee0026a0c
Weighted_Q080,DTLZ2,8,1.1474739191771206,300.0,100.0,True,20261920,,9.14.0.2254940 (R2023a) Update 2,"[3000.0, 0.5, 0.25, 0.8, 6.0]",2026-09-12 09:08:52,318.5648619,39319ce8df5d07e6e62ff3179840c977454976a19096dd07bb101e5ed8cfa450,,,,,,,,C:\Users\lsx\Desktop\REMOandDREMO测试集\10目标\n30\REMO_new2_AdaMaO_SDEOnly_UniformMix_Pruned_Weighted_Q080\REMO_new2_AdaMaO_SDEOnly_UniformMix_Pruned_Weighted_Q080_DTLZ2_M10_D30_8.mat,85c5ebc3a2d035359496951e707008d505a808adbd2aefbce76f14ebc26530eb
Weighted_Q080,DTLZ2,9,1.0880009490210294,300.0,100.0,True,20261921,,9.14.0.2254940 (R2023a) Update 2,"[3000.0, 0.5, 0.25, 0.8, 6.0]",2026-09-12 09:08:55,318.57374060000006,af3f2251038c3a08eba55ebb24e1bd0eec1c0a328c75ad4db2e462e546ca066b,,,,,,,,C:\Users\lsx\Desktop\REMOandDREMO测试集\10目标\n30\REMO_new2_AdaMaO_SDEOnly_UniformMix_Pruned_Weighted_Q080\REMO_new2_AdaMaO_SDEOnly_UniformMix_Pruned_Weighted_Q080_DTLZ2_M10_D30_9.mat,95f38999b2d271c09bde485d11ed62df0eaf8cc88ac9e7dd5f8b5a9c44963585
Weighted_Q080,DTLZ5,1,0.8154286487619963,300.0,100.0,True,20262913,,9.14.0.2254940 (R2023a) Update 2,"[3000.0, 0.5, 0.25, 0.8, 6.0]",2026-09-12 09:19:17,321.0575751,565e64266aaa2b15168e47017d96706b9074b06f87349272a47cd29962482dac,,,,,,,,C:\Users\lsx\Desktop\REMOandDREMO测试集\10目标\n30\REMO_new2_AdaMaO_SDEOnly_UniformMix_Pruned_Weighted_Q080\REMO_new2_AdaMaO_SDEOnly_UniformMix_Pruned_Weighted_Q080_DTLZ5_M10_D30_1.mat,7dd95c70aa7bb30bffaaaee492deb9d60cd17e3331f552792eb2f74ea68cd5d9
Weighted_Q080,DTLZ5,10,0.9419595116893544,300.0,100.0,True,20262922,,9.14.0.2254940 (R2023a) Update 2,"[3000.0, 0.5, 0.25, 0.8, 6.0]",2026-09-12 09:25:06,323.1693811,da0d035bd5e7e982e791b0ce7b7ecc7b8b0add768fb65ead4cec76e5b7244f59,,,,,,,,C:\Users\lsx\Desktop\REMOandDREMO测试集\10目标\n30\REMO_new2_AdaMaO_SDEOnly_UniformMix_Pruned_Weighted_Q080\REMO_new2_AdaMaO_SDEOnly_UniformMix_Pruned_Weighted_Q080_DTLZ5_M10_D30_10.mat,65e6e063e725c2d11f310f22250920a2804a4b1b3945faedb016d7bfe35c0a72
Weighted_Q080,DTLZ5,11,0.7974788715127743,300.0,100.0,True,20262923,,9.14.0.2254940 (R2023a) Update 2,"[3000.0, 0.5, 0.25, 0.8, 6.0]",2026-09-12 09:25:06,321.95224290000004,f31c2edc62e3d8d506d4ada1913bffd34bc18cf66510bb5034659a56b6579994,,,,,,,,C:\Users\lsx\Desktop\REMOandDREMO测试集\10目标\n30\REMO_new2_AdaMaO_SDEOnly_UniformMix_Pruned_Weighted_Q080\REMO_new2_AdaMaO_SDEOnly_UniformMix_Pruned_Weighted_Q080_DTLZ5_M10_D30_11.mat,e8b77c182fdfb7cc270621d51186af710593362853e143e6d033f74cbd12e4aa
Weighted_Q080,DTLZ5,12,0.9885469065462448,300.0,100.0,True,20262924,,9.14.0.2254940 (R2023a) Update 2,"[3000.0, 0.5, 0.25, 0.8, 6.0]",2026-09-12 09:25:06,322.61786749999993,4a46b7d225156ca6e6fada8eed9e9afbffd3c2091d1e617c05f6c773713e175a,,,,,,,,C:\Users\lsx\Desktop\REMOandDREMO测试集\10目标\n30\REMO_new2_AdaMaO_SDEOnly_UniformMix_Pruned_Weighted_Q080\REMO_new2_AdaMaO_SDEOnly_UniformMix_Pruned_Weighted_Q080_DTLZ5_M10_D30_12.mat,9469288acf166bc225d627807d7767432c785ee141ae3ce88a696c17b4672ae8
Weighted_Q080,DTLZ5,13,0.7850073652896993,300.0,100.0,True,20262925,,9.14.0.2254940 (R2023a) Update 2,"[3000.0, 0.5, 0.25, 0.8, 6.0]",2026-09-12 09:30:07,312.4975212,67f3e55afc1a6e949c3b27bf4694ba0dccf663dc8edb7358fc23140fe04ce2c7,,,,,,,,C:\Users\lsx\Desktop\REMOandDREMO测试集\10目标\n30\REMO_new2_AdaMaO_SDEOnly_UniformMix_Pruned_Weighted_Q080\REMO_new2_AdaMaO_SDEOnly_UniformMix_Pruned_Weighted_Q080_DTLZ5_M10_D30_13.mat,26373be980cb861fe23ebf2773cd6e3cbc2fbf8f611cc7b58400f60d912e4aea
Weighted_Q080,DTLZ5,14,0.8408461435342877,300.0,100.0,True,20262926,,9.14.0.2254940 (R2023a) Update 2,"[3000.0, 0.5, 0.25, 0.8, 6.0]",2026-09-12 09:30:13,311.95348949999993,3397db181daa9c098302feb24468606db650018cc5a58c5ee4c743c25871f7ee,,,,,,,,C:\Users\lsx\Desktop\REMOandDREMO测试集\10目标\n30\REMO_new2_AdaMaO_SDEOnly_UniformMix_Pruned_Weighted_Q080\REMO_new2_AdaMaO_SDEOnly_UniformMix_Pruned_Weighted_Q080_DTLZ5_M10_D30_14.mat,afa1f45a541453cd450249e27e73c1d644b9eefdd5443907e91bac280cfad8c5
Weighted_Q080,DTLZ5,15,0.593286607400973,300.0,100.0,True,20262927,,9.14.0.2254940 (R2023a) Update 2,"[3000.0, 0.5, 0.25, 0.8, 6.0]",2026-09-12 09:30:26,321.20288750000003,38a453b2c503ff541eaafd8bcd6e971d63164f2a536e78ffe7d0a0d22f064501,,,,,,,,C:\Users\lsx\Desktop\REMOandDREMO测试集\10目标\n30\REMO_new2_AdaMaO_SDEOnly_UniformMix_Pruned_Weighted_Q080\REMO_new2_AdaMaO_SDEOnly_UniformMix_Pruned_Weighted_Q080_DTLZ5_M10_D30_15.mat,cfffbff4649c601e0eabed6f29a883ba8e42a7bb2a476e38d099d3f61bc13ef1
Weighted_Q080,DTLZ5,16,0.9243478004419048,300.0,100.0,True,20262928,,9.14.0.2254940 (R2023a) Update 2,"[3000.0, 0.5, 0.25, 0.8, 6.0]",2026-09-12 09:30:29,319.46921260000005,f66dc8625cfa124de799653855372127dd72eea6ca2bf74f8a90d6958dd5ae18,,,,,,,,C:\Users\lsx\Desktop\REMOandDREMO测试集\10目标\n30\REMO_new2_AdaMaO_SDEOnly_UniformMix_Pruned_Weighted_Q080\REMO_new2_AdaMaO_SDEOnly_UniformMix_Pruned_Weighted_Q080_DTLZ5_M10_D30_16.mat,6266eebb3e009f33e32d370f7400c786de56dd25d5d4241a1f7c5d4fe3a994da
Weighted_Q080,DTLZ5,17,0.7972794719792777,300.0,100.0,True,20262929,,9.14.0.2254940 (R2023a) Update 2,"[3000.0, 0.5, 0.25, 0.8, 6.0]",2026-09-12 09:30:30,311.7947367,7d25539752dd54f1101fee32f9f9b80f88e20b3ca486db9feec3143a517ba2a9,,,,,,,,C:\Users\lsx\Desktop\REMOandDREMO测试集\10目标\n30\REMO_new2_AdaMaO_SDEOnly_UniformMix_Pruned_Weighted_Q080\REMO_new2_AdaMaO_SDEOnly_UniformMix_Pruned_Weighted_Q080_DTLZ5_M10_D30_17.mat,9157d45376ab7273baae32f856b7a35cf345fde3046133db6df3b0c27a360ad8
Weighted_Q080,DTLZ5,18,0.6060857868505142,300.0,100.0,True,20262930,,9.14.0.2254940 (R2023a) Update 2,"[3000.0, 0.5, 0.25, 0.8, 6.0]",2026-09-12 09:30:30,317.96999129999995,281a6fbe514b0d49c2520d0f989a585819ceabe046264473f6298a21b885bdb6,,,,,,,,C:\Users\lsx\Desktop\REMOandDREMO测试集\10目标\n30\REMO_new2_AdaMaO_SDEOnly_UniformMix_Pruned_Weighted_Q080\REMO_new2_AdaMaO_SDEOnly_UniformMix_Pruned_Weighted_Q080_DTLZ5_M10_D30_18.mat,3d69ff5fc49f025515b8b0b95ad6984a1f930c1c71d6990efa223d02516341bd
Weighted_Q080,DTLZ5,2,0.8185588925181748,300.0,100.0,True,20262914,,9.14.0.2254940 (R2023a) Update 2,"[3000.0, 0.5, 0.25, 0.8, 6.0]",2026-09-12 09:19:25,323.8436471,ca6981d5495a67f859df08c4c0de345745455d3460aad15af5ce7793b3527ca2,,,,,,,,C:\Users\lsx\Desktop\REMOandDREMO测试集\10目标\n30\REMO_new2_AdaMaO_SDEOnly_UniformMix_Pruned_Weighted_Q080\REMO_new2_AdaMaO_SDEOnly_UniformMix_Pruned_Weighted_Q080_DTLZ5_M10_D30_2.mat,aae60424a8ccd3fe8f45407b852268fa6729d7e213ba6d735d335dc889596bb3
Weighted_Q080,DTLZ5,3,0.8348704742774591,300.0,100.0,True,20262915,,9.14.0.2254940 (R2023a) Update 2,"[3000.0, 0.5, 0.25, 0.8, 6.0]",2026-09-12 09:19:32,328.39216170000003,d2a157da9a98b765a0b232a26f96df0fe9ccf03989cfe638562ee2b0cef60fea,,,,,,,,C:\Users\lsx\Desktop\REMOandDREMO测试集\10目标\n30\REMO_new2_AdaMaO_SDEOnly_UniformMix_Pruned_Weighted_Q080\REMO_new2_AdaMaO_SDEOnly_UniformMix_Pruned_Weighted_Q080_DTLZ5_M10_D30_3.mat,4ff99e0581f36713076573dd13664ca7d408c36127301414127926d3d5a16a6a
Weighted_Q080,DTLZ5,4,0.7010426402104706,300.0,100.0,True,20262916,,9.14.0.2254940 (R2023a) Update 2,"[3000.0, 0.5, 0.25, 0.8, 6.0]",2026-09-12 09:19:37,328.23085520000006,677df86e0f7d30039a09b2f6c07a973a37a67e069e6b09aac997e67860d6945e,,,,,,,,C:\Users\lsx\Desktop\REMOandDREMO测试集\10目标\n30\REMO_new2_AdaMaO_SDEOnly_UniformMix_Pruned_Weighted_Q080\REMO_new2_AdaMaO_SDEOnly_UniformMix_Pruned_Weighted_Q080_DTLZ5_M10_D30_4.mat,8d59c9ffd9401377f922f668ac0dc98260f0e0bad234d461ca240dd81188fedb
Weighted_Q080,DTLZ5,5,0.7253061654895607,300.0,100.0,True,20262917,,9.14.0.2254940 (R2023a) Update 2,"[3000.0, 0.5, 0.25, 0.8, 6.0]",2026-09-12 09:19:41,324.4269303,56573c2e14f20fb6aaa9cb2bf7e5522a4f09ca6b80df0572890dbb7df8f858ff,,,,,,,,C:\Users\lsx\Desktop\REMOandDREMO测试集\10目标\n30\REMO_new2_AdaMaO_SDEOnly_UniformMix_Pruned_Weighted_Q080\REMO_new2_AdaMaO_SDEOnly_UniformMix_Pruned_Weighted_Q080_DTLZ5_M10_D30_5.mat,e467b846e96739a00ecff164232d87ff8dda1dfe34e7a4d80a92160f5c6adc63
Weighted_Q080,DTLZ5,6,0.62233305911756,300.0,100.0,True,20262918,,9.14.0.2254940 (R2023a) Update 2,"[3000.0, 0.5, 0.25, 0.8, 6.0]",2026-09-12 09:19:43,322.31370929999986,d47b43458f41519fc9683a8ec2f198e5d237b5a36f5828ce37115717d6fe0e5c,,,,,,,,C:\Users\lsx\Desktop\REMOandDREMO测试集\10目标\n30\REMO_new2_AdaMaO_SDEOnly_UniformMix_Pruned_Weighted_Q080\REMO_new2_AdaMaO_SDEOnly_UniformMix_Pruned_Weighted_Q080_DTLZ5_M10_D30_6.mat,a1476f209e33c1f09817f819f6933f33d3a42f9e0685f4217204b2323672be0a
Weighted_Q080,DTLZ5,7,0.5209145435289441,300.0,100.0,True,20262919,,9.14.0.2254940 (R2023a) Update 2,"[3000.0, 0.5, 0.25, 0.8, 6.0]",2026-09-12 09:24:39,327.21174659999997,8c145e088c841dd58a781f9bc4bdf4c622931510cad93e3e695b3c4a9632641a,,,,,,,,C:\Users\lsx\Desktop\REMOandDREMO测试集\10目标\n30\REMO_new2_AdaMaO_SDEOnly_UniformMix_Pruned_Weighted_Q080\REMO_new2_AdaMaO_SDEOnly_UniformMix_Pruned_Weighted_Q080_DTLZ5_M10_D30_7.mat,c7501e9b3e8858f02ce4e96550d05812f3f3716d847454f479a7919acfbc2d26
Weighted_Q080,DTLZ5,8,0.6501074217549512,300.0,100.0,True,20262920,,9.14.0.2254940 (R2023a) Update 2,"[3000.0, 0.5, 0.25, 0.8, 6.0]",2026-09-12 09:24:49,323.62369989999996,35d6a24ff9046b37ca7b167b4789a670944fb85209ff9b290fcd3af9e8f35ff8,,,,,,,,C:\Users\lsx\Desktop\REMOandDREMO测试集\10目标\n30\REMO_new2_AdaMaO_SDEOnly_UniformMix_Pruned_Weighted_Q080\REMO_new2_AdaMaO_SDEOnly_UniformMix_Pruned_Weighted_Q080_DTLZ5_M10_D30_8.mat,a3fbb384deb84dde4fe2bde20371956ea6f638b7096f8d817e51519188a23be8
Weighted_Q080,DTLZ5,9,0.7101960065315556,300.0,100.0,True,20262921,,9.14.0.2254940 (R2023a) Update 2,"[3000.0, 0.5, 0.25, 0.8, 6.0]",2026-09-12 09:25:01,324.22147650000005,5bddf77b9d5f345a3a119a44d9d564060305769e48514f4d46221cdc16fea58f,,,,,,,,C:\Users\lsx\Desktop\REMOandDREMO测试集\10目标\n30\REMO_new2_AdaMaO_SDEOnly_UniformMix_Pruned_Weighted_Q080\REMO_new2_AdaMaO_SDEOnly_UniformMix_Pruned_Weighted_Q080_DTLZ5_M10_D30_9.mat,39a6b1c0a4b06ae3f3240d966fcc1f461cc83064fc16259d40a2fa3e017c8c80
Weighted_Q080,DTLZ7,1,10.319673272816843,300.0,100.0,True,20263913,,9.14.0.2254940 (R2023a) Update 2,"[3000.0, 0.5, 0.25, 0.8, 6.0]",2026-09-12 09:35:20,303.93452379999997,42ea486b946469e0277b2c8a5e000cdd5a82fdb6717086019491c14dfc663786,,,,,,,,C:\Users\lsx\Desktop\REMOandDREMO测试集\10目标\n30\REMO_new2_AdaMaO_SDEOnly_UniformMix_Pruned_Weighted_Q080\REMO_new2_AdaMaO_SDEOnly_UniformMix_Pruned_Weighted_Q080_DTLZ7_M10_D30_1.mat,b5e20f56119594e0899fa7509f89f5741ec35d59cd27e117e7b89c45ffa9090f
Weighted_Q080,DTLZ7,10,8.279143717352891,300.0,100.0,True,20263922,,9.14.0.2254940 (R2023a) Update 2,"[3000.0, 0.5, 0.25, 0.8, 6.0]",2026-09-12 09:40:51,299.0053868,cea0646bffe9165d0453faa0521e014de04ba40c280a44961c6071b8a2c3493a,,,,,,,,C:\Users\lsx\Desktop\REMOandDREMO测试集\10目标\n30\REMO_new2_AdaMaO_SDEOnly_UniformMix_Pruned_Weighted_Q080\REMO_new2_AdaMaO_SDEOnly_UniformMix_Pruned_Weighted_Q080_DTLZ7_M10_D30_10.mat,8dbaf82f1bb4040abf0ac6a104eed275a315e7fd15069b4f7f98ed0d02a7d330
Weighted_Q080,DTLZ7,11,7.994425165975856,300.0,100.0,True,20263923,,9.14.0.2254940 (R2023a) Update 2,"[3000.0, 0.5, 0.25, 0.8, 6.0]",2026-09-12 09:41:03,296.6056654,b98414b5a58ad4e503d78e29c36e879ba8308b735904f091f59d8c6833f908fd,,,,,,,,C:\Users\lsx\Desktop\REMOandDREMO测试集\10目标\n30\REMO_new2_AdaMaO_SDEOnly_UniformMix_Pruned_Weighted_Q080\REMO_new2_AdaMaO_SDEOnly_UniformMix_Pruned_Weighted_Q080_DTLZ7_M10_D30_11.mat,004dcbd74310f2f474eb4c03d6006ed8d718c81c41caadd4da5f8d9110b74b37
Weighted_Q080,DTLZ7,12,9.133718257866612,300.0,100.0,True,20263924,,9.14.0.2254940 (R2023a) Update 2,"[3000.0, 0.5, 0.25, 0.8, 6.0]",2026-09-12 09:41:07,299.14724720000004,a2b5d769d839783d3ff7dfad8d19f889419e4e3e46cca05a87237bf179cb055a,,,,,,,,C:\Users\lsx\Desktop\REMOandDREMO测试集\10目标\n30\REMO_new2_AdaMaO_SDEOnly_UniformMix_Pruned_Weighted_Q080\REMO_new2_AdaMaO_SDEOnly_UniformMix_Pruned_Weighted_Q080_DTLZ7_M10_D30_12.mat,79471767c270e0044508b3d770ba5cf5e98990cf01650748723cc93859d8dd22
Weighted_Q080,DTLZ7,13,7.244358066020701,300.0,100.0,True,20263925,,9.14.0.2254940 (R2023a) Update 2,"[3000.0, 0.5, 0.25, 0.8, 6.0]",2026-09-12 09:45:22,313.3053424,a91a8f071f5bcee7f9443a45715bfacf52ecbc70c33a26902dda4bd2ffe5ff04,,,,,,,,C:\Users\lsx\Desktop\REMOandDREMO测试集\10目标\n30\REMO_new2_AdaMaO_SDEOnly_UniformMix_Pruned_Weighted_Q080\REMO_new2_AdaMaO_SDEOnly_UniformMix_Pruned_Weighted_Q080_DTLZ7_M10_D30_13.mat,6ee91b0b406d5bacad83cdc3de57083dddef8d3651a577d2c1c07162161a7e81
Weighted_Q080,DTLZ7,14,10.145756525165542,300.0,100.0,True,20263926,,9.14.0.2254940 (R2023a) Update 2,"[3000.0, 0.5, 0.25, 0.8, 6.0]",2026-09-12 09:45:29,304.14902939999996,24954eb27bdb6deace30dc83c700a9878cc37b69f8eb63880b000c0e4bc60944,,,,,,,,C:\Users\lsx\Desktop\REMOandDREMO测试集\10目标\n30\REMO_new2_AdaMaO_SDEOnly_UniformMix_Pruned_Weighted_Q080\REMO_new2_AdaMaO_SDEOnly_UniformMix_Pruned_Weighted_Q080_DTLZ7_M10_D30_14.mat,f6b8a9870ffca8170a6ad9303a55e1c17119af473ec9c86d9ca4a539546c73e0
Weighted_Q080,DTLZ7,15,8.54067956318872,300.0,100.0,True,20263927,,9.14.0.2254940 (R2023a) Update 2,"[3000.0, 0.5, 0.25, 0.8, 6.0]",2026-09-12 09:45:51,306.1565762999999,e64142932cd2bae57b942c1365146eaa13aaf1bf7fb2463447298b31c715f9e0,,,,,,,,C:\Users\lsx\Desktop\REMOandDREMO测试集\10目标\n30\REMO_new2_AdaMaO_SDEOnly_UniformMix_Pruned_Weighted_Q080\REMO_new2_AdaMaO_SDEOnly_UniformMix_Pruned_Weighted_Q080_DTLZ7_M10_D30_15.mat,decd8076071091aadb30fa53619176cb3e40f893236e66cfba9f5c4b1d291491
Weighted_Q080,DTLZ7,16,7.204045638605277,300.0,100.0,True,20263928,,9.14.0.2254940 (R2023a) Update 2,"[3000.0, 0.5, 0.25, 0.8, 6.0]",2026-09-12 09:45:52,292.21078809999995,f915bb9fa858beb04897fce2125947dc11a0bd7efe6b4797ed6942ccbd79396c,,,,,,,,C:\Users\lsx\Desktop\REMOandDREMO测试集\10目标\n30\REMO_new2_AdaMaO_SDEOnly_UniformMix_Pruned_Weighted_Q080\REMO_new2_AdaMaO_SDEOnly_UniformMix_Pruned_Weighted_Q080_DTLZ7_M10_D30_16.mat,ea0a7b728dd2f8f5c890bc53b6a9813fe6d6b5fc36227ef5281de5598607efc9
Weighted_Q080,DTLZ7,17,9.320029687029468,300.0,100.0,True,20263929,,9.14.0.2254940 (R2023a) Update 2,"[3000.0, 0.5, 0.25, 0.8, 6.0]",2026-09-12 09:46:01,294.3768259,1a58b1e8cfa40fdf22963c3cf4b2f4266fa31ab7c6be06d1e9e06521e48b2a97,,,,,,,,C:\Users\lsx\Desktop\REMOandDREMO测试集\10目标\n30\REMO_new2_AdaMaO_SDEOnly_UniformMix_Pruned_Weighted_Q080\REMO_new2_AdaMaO_SDEOnly_UniformMix_Pruned_Weighted_Q080_DTLZ7_M10_D30_17.mat,e72d1fda8369d67058c4976e10c1154b7d3a81b094337e3542ae196b226962be
Weighted_Q080,DTLZ7,18,10.380238492204077,300.0,100.0,True,20263930,,9.14.0.2254940 (R2023a) Update 2,"[3000.0, 0.5, 0.25, 0.8, 6.0]",2026-09-12 09:46:07,300.9764602,909a80fa9efcae57e76e76efe0dd3c53ce2813ff0ed7fd8dd944760f0cf28f74,,,,,,,,C:\Users\lsx\Desktop\REMOandDREMO测试集\10目标\n30\REMO_new2_AdaMaO_SDEOnly_UniformMix_Pruned_Weighted_Q080\REMO_new2_AdaMaO_SDEOnly_UniformMix_Pruned_Weighted_Q080_DTLZ7_M10_D30_18.mat,5f5a040bad3c31be499e4d28e24c271b421fecf86c5cf6f8acb259acd6e21912
Weighted_Q080,DTLZ7,2,9.750139354578126,300.0,100.0,True,20263914,,9.14.0.2254940 (R2023a) Update 2,"[3000.0, 0.5, 0.25, 0.8, 6.0]",2026-09-12 09:35:26,289.43320830000005,2c087aa74ff1149fef193b7cf3c4e2c57308086bd7e8534d227ee5a3a6c44f26,,,,,,,,C:\Users\lsx\Desktop\REMOandDREMO测试集\10目标\n30\REMO_new2_AdaMaO_SDEOnly_UniformMix_Pruned_Weighted_Q080\REMO_new2_AdaMaO_SDEOnly_UniformMix_Pruned_Weighted_Q080_DTLZ7_M10_D30_2.mat,be8e4eccd01970e15831efb1fbb6ba96222fa09b9549b34df3e028fdb2a81f25
Weighted_Q080,DTLZ7,3,10.569333415962916,300.0,100.0,True,20263915,,9.14.0.2254940 (R2023a) Update 2,"[3000.0, 0.5, 0.25, 0.8, 6.0]",2026-09-12 09:35:42,302.04956920000006,5d70741b54ca7ccaaa6569f1e07d8c82659e465a432d94b55ba08499011fc5af,,,,,,,,C:\Users\lsx\Desktop\REMOandDREMO测试集\10目标\n30\REMO_new2_AdaMaO_SDEOnly_UniformMix_Pruned_Weighted_Q080\REMO_new2_AdaMaO_SDEOnly_UniformMix_Pruned_Weighted_Q080_DTLZ7_M10_D30_3.mat,206572dce04c03d65566d554f9209a06c62a77c0f10e45fa6805dd49a5792606
Weighted_Q080,DTLZ7,4,9.99211776230385,300.0,100.0,True,20263916,,9.14.0.2254940 (R2023a) Update 2,"[3000.0, 0.5, 0.25, 0.8, 6.0]",2026-09-12 09:35:48,302.30835110000004,5462ba2f1b4145297326f811b3c1d3592716f7f12f6afae82603020a7af5a3d9,,,,,,,,C:\Users\lsx\Desktop\REMOandDREMO测试集\10目标\n30\REMO_new2_AdaMaO_SDEOnly_UniformMix_Pruned_Weighted_Q080\REMO_new2_AdaMaO_SDEOnly_UniformMix_Pruned_Weighted_Q080_DTLZ7_M10_D30_4.mat,ef3d5dc87f2f6e025dacd228ac9e47be084d8beec6c0c73708432a0eb8db4a0d
Weighted_Q080,DTLZ7,5,9.998729333552664,300.0,100.0,True,20263917,,9.14.0.2254940 (R2023a) Update 2,"[3000.0, 0.5, 0.25, 0.8, 6.0]",2026-09-12 09:35:49,313.93667500000004,73914ed766fefd898ce1effbfcd225198f1171e961de4d3eea870833fc260530,,,,,,,,C:\Users\lsx\Desktop\REMOandDREMO测试集\10目标\n30\REMO_new2_AdaMaO_SDEOnly_UniformMix_Pruned_Weighted_Q080\REMO_new2_AdaMaO_SDEOnly_UniformMix_Pruned_Weighted_Q080_DTLZ7_M10_D30_5.mat,0af1ba14c7c831999095a4499ba357d5a87e853ddf62832360cb94c1776dfc0b
Weighted_Q080,DTLZ7,6,11.246153462238995,300.0,100.0,True,20263918,,9.14.0.2254940 (R2023a) Update 2,"[3000.0, 0.5, 0.25, 0.8, 6.0]",2026-09-12 09:35:49,316.8593819,537b47b303642950a68521dc0d297318775c44cfb603d0ae747ddabf11def48d,,,,,,,,C:\Users\lsx\Desktop\REMOandDREMO测试集\10目标\n30\REMO_new2_AdaMaO_SDEOnly_UniformMix_Pruned_Weighted_Q080\REMO_new2_AdaMaO_SDEOnly_UniformMix_Pruned_Weighted_Q080_DTLZ7_M10_D30_6.mat,2333336acc23911f52187a24236a6ec1d274e9a53e88c6df13b46b1267b91410
Weighted_Q080,DTLZ7,7,9.618511141712,300.0,100.0,True,20263919,,9.14.0.2254940 (R2023a) Update 2,"[3000.0, 0.5, 0.25, 0.8, 6.0]",2026-09-12 09:40:16,311.59005609999997,9856e9d63eed10f04965d175d1eb7a27af05b69b98a9f3590f38597e00eb470b,,,,,,,,C:\Users\lsx\Desktop\REMOandDREMO测试集\10目标\n30\REMO_new2_AdaMaO_SDEOnly_UniformMix_Pruned_Weighted_Q080\REMO_new2_AdaMaO_SDEOnly_UniformMix_Pruned_Weighted_Q080_DTLZ7_M10_D30_7.mat,2e5f13cb7cbd367b9fbbe63057cfe073dd8d0a0781f81444ef54d2fedb0a77da
Weighted_Q080,DTLZ7,8,10.893940558580683,300.0,100.0,True,20263920,,9.14.0.2254940 (R2023a) Update 2,"[3000.0, 0.5, 0.25, 0.8, 6.0]",2026-09-12 09:40:25,296.67325660000006,04d9b6dd9d52806a5f1762dc64aaefdbcd7b287b8e1603b23cc98fd144b7fe3e,,,,,,,,C:\Users\lsx\Desktop\REMOandDREMO测试集\10目标\n30\REMO_new2_AdaMaO_SDEOnly_UniformMix_Pruned_Weighted_Q080\REMO_new2_AdaMaO_SDEOnly_UniformMix_Pruned_Weighted_Q080_DTLZ7_M10_D30_8.mat,8a516d3b5515f21ed8b9ee6a69e6f83d58f58310ba425b02e827ef322630de08
Weighted_Q080,DTLZ7,9,8.10603601130223,300.0,100.0,True,20263921,,9.14.0.2254940 (R2023a) Update 2,"[3000.0, 0.5, 0.25, 0.8, 6.0]",2026-09-12 09:40:45,306.31115459999995,c2186167ff39a5cada28abe2ee43deef9f031dbf5273cd9733952e63354f03ac,,,,,,,,C:\Users\lsx\Desktop\REMOandDREMO测试集\10目标\n30\REMO_new2_AdaMaO_SDEOnly_UniformMix_Pruned_Weighted_Q080\REMO_new2_AdaMaO_SDEOnly_UniformMix_Pruned_Weighted_Q080_DTLZ7_M10_D30_9.mat,61003abf44c5e027ecd05eb5867ea0141c00d41f97493adea1adacb00d98c7b5
REMO,DTLZ2,1,1.0749669139220712,305.0,100.0,False,,,,[],,336.6867264,,,,,,,,,C:\Users\lsx\Desktop\REMOandDREMO测试集\10目标\n30\REMO\REMO_DTLZ2_M10_D30_1.mat,446a7048b9d87601fc4116c2d2e4d9abc115b6c5398b3f92efd8d391f3061d07
REMO,DTLZ2,10,1.230725915772635,300.0,100.0,False,,,,[],,335.1570293,,,,,,,,,C:\Users\lsx\Desktop\REMOandDREMO测试集\10目标\n30\REMO\REMO_DTLZ2_M10_D30_10.mat,598b09f64f0f1b614cccbaa5f7ca7a7ebabb9a096fc940646816415f356dc0c7
REMO,DTLZ2,11,1.1166490782692062,300.0,100.0,False,,,,[],,312.7779443999999,,,,,,,,,C:\Users\lsx\Desktop\REMOandDREMO测试集\10目标\n30\REMO\REMO_DTLZ2_M10_D30_11.mat,dd5c7515a5283b889cf9f5f54313947e1d064dc26bb1c88eb3af58c29dbedb25
REMO,DTLZ2,12,1.223897728689735,303.0,100.0,False,,,,[],,351.8256771999999,,,,,,,,,C:\Users\lsx\Desktop\REMOandDREMO测试集\10目标\n30\REMO\REMO_DTLZ2_M10_D30_12.mat,1d7555b9713599bfb621c4e20923584d28dc7e2b38eb335fff8ecef711266bf3
REMO,DTLZ2,13,1.0202024174811812,303.0,100.0,False,,,,[],,333.5587777,,,,,,,,,C:\Users\lsx\Desktop\REMOandDREMO测试集\10目标\n30\REMO\REMO_DTLZ2_M10_D30_13.mat,2c58fa1a93f42529889b2304b31900e972228dc228724d4783063293f431793a
REMO,DTLZ2,14,0.9745499873715988,306.0,100.0,False,,,,[],,268.2527418,,,,,,,,,C:\Users\lsx\Desktop\REMOandDREMO测试集\10目标\n30\REMO\REMO_DTLZ2_M10_D30_14.mat,9f3daa3874826cadd3c497cc0caddc075f258c1c275c9ec1aef82d28dfff152f
REMO,DTLZ2,15,0.9765245497982287,308.0,100.0,False,,,,[],,326.41414969999994,,,,,,,,,C:\Users\lsx\Desktop\REMOandDREMO测试集\10目标\n30\REMO\REMO_DTLZ2_M10_D30_15.mat,207d0169a00b102df8e8a1f4abf0daba1c854a32b4458b25dcd6a917b5c704bc
REMO,DTLZ2,16,1.081646767955739,307.0,100.0,False,,,,[],,303.21061369999995,,,,,,,,,C:\Users\lsx\Desktop\REMOandDREMO测试集\10目标\n30\REMO\REMO_DTLZ2_M10_D30_16.mat,e2434ffe6494bcd06998b00d3737631f7819bb3b702b512999488137e3cd9546
REMO,DTLZ2,17,1.0170348409813903,303.0,100.0,False,,,,[],,358.4239272,,,,,,,,,C:\Users\lsx\Desktop\REMOandDREMO测试集\10目标\n30\REMO\REMO_DTLZ2_M10_D30_17.mat,4934bc07313659a63d9da9b1de2eb05af39d32b937dd06baf3e667bb3d816df0
REMO,DTLZ2,18,1.1482761200847837,303.0,100.0,False,,,,[],,319.6567999,,,,,,,,,C:\Users\lsx\Desktop\REMOandDREMO测试集\10目标\n30\REMO\REMO_DTLZ2_M10_D30_18.mat,fed395ece99aa1524f1455190c29f433dac337ad93a6e0b77d7ee7c7e3095637
REMO,DTLZ2,19,1.0727718856845152,304.0,100.0,False,,,,[],,322.5930749,,,,,,,,,C:\Users\lsx\Desktop\REMOandDREMO测试集\10目标\n30\REMO\REMO_DTLZ2_M10_D30_19.mat,4e0fb120fcc4713c6de306105a5d7ce00ede8a1537843c3a6f859fd80693a3e7
REMO,DTLZ2,2,1.047390784076009,301.0,100.0,False,,,,[],,359.5722279,,,,,,,,,C:\Users\lsx\Desktop\REMOandDREMO测试集\10目标\n30\REMO\REMO_DTLZ2_M10_D30_2.mat,b256ff297192be605e87a9d9aadea564f4a08ddfddd6fd8e17e5331353631048
REMO,DTLZ2,20,1.1473523205557146,302.0,100.0,False,,,,[],,333.62578849999994,,,,,,,,,C:\Users\lsx\Desktop\REMOandDREMO测试集\10目标\n30\REMO\REMO_DTLZ2_M10_D30_20.mat,72df6cc52822105ce876238f93649392b2cde098c24badb6b299ebc8ad5676e7
REMO,DTLZ2,21,1.0116918204202485,303.0,100.0,False,,,,[],,321.3827342,,,,,,,,,C:\Users\lsx\Desktop\REMOandDREMO测试集\10目标\n30\REMO\REMO_DTLZ2_M10_D30_21.mat,494b2df09ad950ed86e32d5e0ccf1c9f45b0096a3ff452d176efa5b6751d0a98
REMO,DTLZ2,22,1.143418566901298,301.0,100.0,False,,,,[],,320.6884368000001,,,,,,,,,C:\Users\lsx\Desktop\REMOandDREMO测试集\10目标\n30\REMO\REMO_DTLZ2_M10_D30_22.mat,6cd758b4553d8b484db5833e27696f6622962295b2d0058d62a01b13290c8c3a
REMO,DTLZ2,23,1.27546160394782,305.0,100.0,False,,,,[],,336.62896779999994,,,,,,,,,C:\Users\lsx\Desktop\REMOandDREMO测试集\10目标\n30\REMO\REMO_DTLZ2_M10_D30_23.mat,800979ffdf7bb8787e605a569486137916b51a2fd32e45ef9bbe3c5ad56d9cac
REMO,DTLZ2,24,1.0738966966973493,305.0,100.0,False,,,,[],,322.1750251,,,,,,,,,C:\Users\lsx\Desktop\REMOandDREMO测试集\10目标\n30\REMO\REMO_DTLZ2_M10_D30_24.mat,3ce583b868550ee686fd2a202ffa0a921acf751b1c32f5e97a121a6c91b2d586
REMO,DTLZ2,25,1.0427247292164072,301.0,100.0,False,,,,[],,263.551611,,,,,,,,,C:\Users\lsx\Desktop\REMOandDREMO测试集\10目标\n30\REMO\REMO_DTLZ2_M10_D30_25.mat,f48baa04624da11028a3fbe97988f8bcfd8a875b70b7bc503ae7343dd55ecb19
REMO,DTLZ2,26,1.171865314639664,300.0,100.0,False,,,,[],,369.29045299999996,,,,,,,,,C:\Users\lsx\Desktop\REMOandDREMO测试集\10目标\n30\REMO\REMO_DTLZ2_M10_D30_26.mat,87160dceeb2f6737231425ccaec9fbb21494ae932b50fad2b0b15624c58ea79b
REMO,DTLZ2,27,1.171653563528255,305.0,100.0,False,,,,[],,327.60521239999997,,,,,,,,,C:\Users\lsx\Desktop\REMOandDREMO测试集\10目标\n30\REMO\REMO_DTLZ2_M10_D30_27.mat,3b765b822691a028e3caa9df57f73a30b8d7c1a0003924f4a35c51fbad6ae904
REMO,DTLZ2,28,1.0741674038871325,302.0,100.0,False,,,,[],,291.36415109999996,,,,,,,,,C:\Users\lsx\Desktop\REMOandDREMO测试集\10目标\n30\REMO\REMO_DTLZ2_M10_D30_28.mat,7a875f6061115147e15940ba5c7f7b9f82f7b3500433a7ac93785711dc00faee
REMO,DTLZ2,29,1.2628916658462994,302.0,100.0,False,,,,[],,315.5569267,,,,,,,,,C:\Users\lsx\Desktop\REMOandDREMO测试集\10目标\n30\REMO\REMO_DTLZ2_M10_D30_29.mat,0493b585429b9c5c28c74b4005aa5bfe6209c2b6cc037ff4f01224b46b76167c
REMO,DTLZ2,3,1.1590825946527155,303.0,100.0,False,,,,[],,333.6074056000001,,,,,,,,,C:\Users\lsx\Desktop\REMOandDREMO测试集\10目标\n30\REMO\REMO_DTLZ2_M10_D30_3.mat,2f946d038fea2fe64a3787496e4e405441434a91f5dcac72c00d889b0d02e00f
REMO,DTLZ2,30,1.13137648049423,300.0,100.0,False,,,,[],,271.08971970000005,,,,,,,,,C:\Users\lsx\Desktop\REMOandDREMO测试集\10目标\n30\REMO\REMO_DTLZ2_M10_D30_30.mat,7aea5f04ee225d9291e4456d2f2dc036b1ab50d6d7a2f2228e1f4a0cc5a1f152
REMO,DTLZ2,4,0.8995846564498938,301.0,100.0,False,,,,[],,306.8130398,,,,,,,,,C:\Users\lsx\Desktop\REMOandDREMO测试集\10目标\n30\REMO\REMO_DTLZ2_M10_D30_4.mat,d6422e4f55b858a512b0e7a7c3119f10d6d55314b9d7bd1e937dcb0d39c93b24
REMO,DTLZ2,5,1.0579731315772944,302.0,100.0,False,,,,[],,350.0747415000001,,,,,,,,,C:\Users\lsx\Desktop\REMOandDREMO测试集\10目标\n30\REMO\REMO_DTLZ2_M10_D30_5.mat,8bc698c0bc669910436018ec9d17b4b402d0b22e1a3d79949417e5c85836df1b
REMO,DTLZ2,6,1.188089309104627,301.0,100.0,False,,,,[],,356.98854919999997,,,,,,,,,C:\Users\lsx\Desktop\REMOandDREMO测试集\10目标\n30\REMO\REMO_DTLZ2_M10_D30_6.mat,93362c301e7dc8386697bfb6fc627c09acb70978ebaec7b16e214d7a410b8fcf
REMO,DTLZ2,7,1.14261888526396,307.0,100.0,False,,,,[],,324.8333753000001,,,,,,,,,C:\Users\lsx\Desktop\REMOandDREMO测试集\10目标\n30\REMO\REMO_DTLZ2_M10_D30_7.mat,e1b876bf31cf5d8a6b21060672027ebe61b9499797194ccd9f3d460bc67ac1e2
REMO,DTLZ2,8,1.1935843770451127,302.0,100.0,False,,,,[],,267.32010919999993,,,,,,,,,C:\Users\lsx\Desktop\REMOandDREMO测试集\10目标\n30\REMO\REMO_DTLZ2_M10_D30_8.mat,a6fff33fbb1a0b046f452facb91da120f16c955ec6489cb86ae3f0292423a999
REMO,DTLZ2,9,1.071290794919403,302.0,100.0,False,,,,[],,340.31755590000006,,,,,,,,,C:\Users\lsx\Desktop\REMOandDREMO测试集\10目标\n30\REMO\REMO_DTLZ2_M10_D30_9.mat,dab6e311d2d59871dc2a890fc879e6f1da97cd0c061f575e8578fc9bab46e9c5
REMO,DTLZ4,1,1.3448487881412632,300.0,100.0,False,,,,[],,482.95976340000004,,,,,,,,,C:\Users\lsx\Desktop\REMOandDREMO测试集\10目标\n30\REMO\REMO_DTLZ4_M10_D30_1.mat,b4bc03821945a33b81fda9f57e98dab1b5c17973b11ad777863a449a13956fa1
REMO,DTLZ4,10,1.1010820640949515,303.0,100.0,False,,,,[],,312.6278115,,,,,,,,,C:\Users\lsx\Desktop\REMOandDREMO测试集\10目标\n30\REMO\REMO_DTLZ4_M10_D30_10.mat,ac98a984a3b4590296901c5a6ebf0ed5715979ecd7865398cea5c75a09eae846
REMO,DTLZ4,11,1.215873905955952,301.0,100.0,False,,,,[],,397.9886623000001,,,,,,,,,C:\Users\lsx\Desktop\REMOandDREMO测试集\10目标\n30\REMO\REMO_DTLZ4_M10_D30_11.mat,a692d42c17975db059695b0f93ae48dc0fa1e29e8f0d2b37f4a9c30efd3bd064
REMO,DTLZ4,12,1.2150641428143247,303.0,100.0,False,,,,[],,359.31048330000016,,,,,,,,,C:\Users\lsx\Desktop\REMOandDREMO测试集\10目标\n30\REMO\REMO_DTLZ4_M10_D30_12.mat,325c80da05b77ab1b79b45429b8060ea2908fa8a6fe6082deac8b812f5334e4a
REMO,DTLZ4,13,1.2838992502383024,300.0,100.0,False,,,,[],,338.9467955999999,,,,,,,,,C:\Users\lsx\Desktop\REMOandDREMO测试集\10目标\n30\REMO\REMO_DTLZ4_M10_D30_13.mat,656cbee8da26e8ab702b825a5cc688ab4e08f7e6c570dc2e36f380e8dca30628
REMO,DTLZ4,14,1.0817874955713862,304.0,100.0,False,,,,[],,402.6670347000001,,,,,,,,,C:\Users\lsx\Desktop\REMOandDREMO测试集\10目标\n30\REMO\REMO_DTLZ4_M10_D30_14.mat,84567daa2697ed06e82008215c530eb266db953ea52588d0e0b1f25105d01c6f
REMO,DTLZ4,15,1.1708542824632324,302.0,100.0,False,,,,[],,426.54082929999987,,,,,,,,,C:\Users\lsx\Desktop\REMOandDREMO测试集\10目标\n30\REMO\REMO_DTLZ4_M10_D30_15.mat,79f6ac32637dc14f9af0763a242259a91629202d589be1b490087f26855fcf9e
REMO,DTLZ4,16,1.0772300561980295,305.0,100.0,False,,,,[],,320.7231488,,,,,,,,,C:\Users\lsx\Desktop\REMOandDREMO测试集\10目标\n30\REMO\REMO_DTLZ4_M10_D30_16.mat,925830e443127b724c94c1bd01dbfe3773099ac9ef386b381c4e68ceda9a6c96
REMO,DTLZ4,17,1.0140972839565034,302.0,100.0,False,,,,[],,352.92284140000004,,,,,,,,,C:\Users\lsx\Desktop\REMOandDREMO测试集\10目标\n30\REMO\REMO_DTLZ4_M10_D30_17.mat,8d70995e6ed09dfadf6ade4cf2264970eb11a8a3bbb1d6fea50e9a1cc6feb5d1
REMO,DTLZ4,18,1.1926840279765998,300.0,100.0,False,,,,[],,371.8191356000001,,,,,,,,,C:\Users\lsx\Desktop\REMOandDREMO测试集\10目标\n30\REMO\REMO_DTLZ4_M10_D30_18.mat,ef0a55da56f53d4d75fe3223a83e8b32bf693dae5053a3e26d8beb026eb2a3ac
REMO,DTLZ4,19,1.1706910470512932,302.0,100.0,False,,,,[],,376.77434579999994,,,,,,,,,C:\Users\lsx\Desktop\REMOandDREMO测试集\10目标\n30\REMO\REMO_DTLZ4_M10_D30_19.mat,8a2db25d4d96e2cb200a0db392945ae342d279cc7fc3a83598609608eaf85de6
REMO,DTLZ4,2,1.3327048205073153,301.0,100.0,False,,,,[],,418.2225078,,,,,,,,,C:\Users\lsx\Desktop\REMOandDREMO测试集\10目标\n30\REMO\REMO_DTLZ4_M10_D30_2.mat,ad291ce6f8b6076ec278fe96601bfb9923320acc180fbd29de444ab2d8581e00
REMO,DTLZ4,20,1.0405161534564693,303.0,100.0,False,,,,[],,340.77926809999997,,,,,,,,,C:\Users\lsx\Desktop\REMOandDREMO测试集\10目标\n30\REMO\REMO_DTLZ4_M10_D30_20.mat,961a72162e4b9e87a1e4afa6b7b7bf8456fe4a0f6aae36d54c6a17e0887880dd
REMO,DTLZ4,21,1.054123133343006,300.0,100.0,False,,,,[],,372.906257,,,,,,,,,C:\Users\lsx\Desktop\REMOandDREMO测试集\10目标\n30\REMO\REMO_DTLZ4_M10_D30_21.mat,af0271b6acfc8032cc1ccc04621210e08f0affb053a5ca2c55d5d74c1f4f4d60
REMO,DTLZ4,22,0.9962181133139829,303.0,100.0,False,,,,[],,428.1680322999999,,,,,,,,,C:\Users\lsx\Desktop\REMOandDREMO测试集\10目标\n30\REMO\REMO_DTLZ4_M10_D30_22.mat,4d84e3142232beb7addec1a17de567b391e34a77a703ea03beea0b51625d91b9
REMO,DTLZ4,23,0.9982359708905885,302.0,100.0,False,,,,[],,386.72496179999996,,,,,,,,,C:\Users\lsx\Desktop\REMOandDREMO测试集\10目标\n30\REMO\REMO_DTLZ4_M10_D30_23.mat,77943ff52a08f9cf0ab9681914a55ed3e321f157489f31e15542f2de039f4ac6
REMO,DTLZ4,24,1.186911375507422,302.0,100.0,False,,,,[],,420.5258971000001,,,,,,,,,C:\Users\lsx\Desktop\REMOandDREMO测试集\10目标\n30\REMO\REMO_DTLZ4_M10_D30_24.mat,b2d19ad9eeb53333036f6ecd011e57d801753bae2e421e09ccc35e0e4d422f83
REMO,DTLZ4,25,1.1344049361820108,304.0,100.0,False,,,,[],,336.07803339999987,,,,,,,,,C:\Users\lsx\Desktop\REMOandDREMO测试集\10目标\n30\REMO\REMO_DTLZ4_M10_D30_25.mat,212642b1f62555e252d499e1655da92b5a2fe241d69458a287634a61b7e5e4c9
REMO,DTLZ4,26,0.9976551396561932,304.0,100.0,False,,,,[],,372.46819339999996,,,,,,,,,C:\Users\lsx\Desktop\REMOandDREMO测试集\10目标\n30\REMO\REMO_DTLZ4_M10_D30_26.mat,13ed4f84c91980e5e629cfef5522f5a01789a58a25315179fb701bc231e3110f
REMO,DTLZ4,27,1.1280253526247408,301.0,100.0,False,,,,[],,379.5830631999999,,,,,,,,,C:\Users\lsx\Desktop\REMOandDREMO测试集\10目标\n30\REMO\REMO_DTLZ4_M10_D30_27.mat,b372aafafb46f084271a6bfb342b670ae5280894f51a0c2d88da98f93ba49562
REMO,DTLZ4,28,1.1467464080492071,303.0,100.0,False,,,,[],,380.31271029999994,,,,,,,,,C:\Users\lsx\Desktop\REMOandDREMO测试集\10目标\n30\REMO\REMO_DTLZ4_M10_D30_28.mat,362a0f7ce020b3ce30d8076b76bc4eb4f09d65301c68449193f081adaa41d3bd
REMO,DTLZ4,29,1.082002454489952,305.0,100.0,False,,,,[],,334.2279223,,,,,,,,,C:\Users\lsx\Desktop\REMOandDREMO测试集\10目标\n30\REMO\REMO_DTLZ4_M10_D30_29.mat,6d34c1520694fe99c3957b83dba888284dea06f4352140c9554a522a1159af0d
REMO,DTLZ4,3,1.0636240251622457,303.0,100.0,False,,,,[],,315.0528792,,,,,,,,,C:\Users\lsx\Desktop\REMOandDREMO测试集\10目标\n30\REMO\REMO_DTLZ4_M10_D30_3.mat,05d763f04fe9b76307c0ac6442176e2f91b3846398a7948b2fd98ff7fd695e4a
REMO,DTLZ4,30,1.2058066621453147,303.0,100.0,False,,,,[],,315.0097597000001,,,,,,,,,C:\Users\lsx\Desktop\REMOandDREMO测试集\10目标\n30\REMO\REMO_DTLZ4_M10_D30_30.mat,fd5064a9fd567a8597136dea9b88006303032dd75021914e7e452fef518899ca
REMO,DTLZ4,4,1.0805964061030966,300.0,100.0,False,,,,[],,354.0901941,,,,,,,,,C:\Users\lsx\Desktop\REMOandDREMO测试集\10目标\n30\REMO\REMO_DTLZ4_M10_D30_4.mat,e3c4eb19d157c6c64bc20215a08c8208cd33089b00aa49d7bcb8ac4c981ffff7
REMO,DTLZ4,5,1.2058893303261113,300.0,100.0,False,,,,[],,387.2073578000001,,,,,,,,,C:\Users\lsx\Desktop\REMOandDREMO测试集\10目标\n30\REMO\REMO_DTLZ4_M10_D30_5.mat,d240d08bad1e7c20dcc3819eba63c8a5b0709c6a38f150c710e6f206d1fde237
REMO,DTLZ4,6,1.0292256575445355,300.0,100.0,False,,,,[],,390.1470738,,,,,,,,,C:\Users\lsx\Desktop\REMOandDREMO测试集\10目标\n30\REMO\REMO_DTLZ4_M10_D30_6.mat,d75e98828fde4746f66d6344f2ebbb35bead07bc11c5627468cba24135a844af
REMO,DTLZ4,7,1.1851894282758355,303.0,100.0,False,,,,[],,404.26388189999994,,,,,,,,,C:\Users\lsx\Desktop\REMOandDREMO测试集\10目标\n30\REMO\REMO_DTLZ4_M10_D30_7.mat,1e0d60ada069eabcc2342c165b45c91e4c005a089f47640e2e82d0b2c529a248
REMO,DTLZ4,8,1.0283535472399332,303.0,100.0,False,,,,[],,392.28757659999997,,,,,,,,,C:\Users\lsx\Desktop\REMOandDREMO测试集\10目标\n30\REMO\REMO_DTLZ4_M10_D30_8.mat,317fecd3964bb0841df409cbe26eadb1c28015933ede88a747ed6dd5c03fcf50
REMO,DTLZ4,9,1.053128365471745,305.0,100.0,False,,,,[],,345.14491310000005,,,,,,,,,C:\Users\lsx\Desktop\REMOandDREMO测试集\10目标\n30\REMO\REMO_DTLZ4_M10_D30_9.mat,ebf3f9cc34f1bf47d79425a8bad87d4b07e9a7daa277a1f1d992b8e1de410b2a
REMO,DTLZ5,1,0.5530423100814924,304.0,100.0,False,,,,[],,282.0108702999999,,,,,,,,,C:\Users\lsx\Desktop\REMOandDREMO测试集\10目标\n30\REMO\REMO_DTLZ5_M10_D30_1.mat,def7267d3e426f666a225d85beb094c365e5b21524d1339caa3bc3ad9075b5d5
REMO,DTLZ5,10,0.6815145838425618,302.0,100.0,False,,,,[],,339.3469704,,,,,,,,,C:\Users\lsx\Desktop\REMOandDREMO测试集\10目标\n30\REMO\REMO_DTLZ5_M10_D30_10.mat,32646fcb1b4e0ced55af9d98ef00787f5e9211a1de47b0bd96bd1ba682dfeba8
REMO,DTLZ5,11,0.5086041445211172,302.0,100.0,False,,,,[],,270.3782125,,,,,,,,,C:\Users\lsx\Desktop\REMOandDREMO测试集\10目标\n30\REMO\REMO_DTLZ5_M10_D30_11.mat,526ef0e7689172e7c8f68d0f62077ac69be70d9620d344ed0c78ab675963c699
REMO,DTLZ5,12,0.41178915827677137,300.0,100.0,False,,,,[],,391.43434620000005,,,,,,,,,C:\Users\lsx\Desktop\REMOandDREMO测试集\10目标\n30\REMO\REMO_DTLZ5_M10_D30_12.mat,ccc43629b2c99174fef64ebc7ffb129b4f4e34c2fc3f3b5fab5a8508d9b19392
REMO,DTLZ5,13,0.6061280702807591,303.0,100.0,False,,,,[],,343.67088010000003,,,,,,,,,C:\Users\lsx\Desktop\REMOandDREMO测试集\10目标\n30\REMO\REMO_DTLZ5_M10_D30_13.mat,fbffa3a912b69705b58824e0f39b3334779244e178ce8e0358a082eaa4c5b7e1
REMO,DTLZ5,14,0.4889536367108525,300.0,100.0,False,,,,[],,291.786084,,,,,,,,,C:\Users\lsx\Desktop\REMOandDREMO测试集\10目标\n30\REMO\REMO_DTLZ5_M10_D30_14.mat,ac887f9b4aca6a2846b5dcbdb31fec766fef18ab2f04357d7bb718011927d3a7
REMO,DTLZ5,15,0.5764345344680202,300.0,100.0,False,,,,[],,375.97288670000006,,,,,,,,,C:\Users\lsx\Desktop\REMOandDREMO测试集\10目标\n30\REMO\REMO_DTLZ5_M10_D30_15.mat,be46406c5ebe3b487e863192877ba9d1c033840846f6f3ee76e20fe32e44ab7c
REMO,DTLZ5,16,0.4712472293485962,302.0,100.0,False,,,,[],,285.43399209999995,,,,,,,,,C:\Users\lsx\Desktop\REMOandDREMO测试集\10目标\n30\REMO\REMO_DTLZ5_M10_D30_16.mat,ce2bfe653fdabfa38017863fbbd1bcc60d9774e62bf91e87088e29b1b0527e33
REMO,DTLZ5,17,0.6685516557156912,304.0,100.0,False,,,,[],,362.4293945,,,,,,,,,C:\Users\lsx\Desktop\REMOandDREMO测试集\10目标\n30\REMO\REMO_DTLZ5_M10_D30_17.mat,db84a16ee359e0fcc2db2f501dcb507c1cf903c4e4df47a40f5ae6a697ebe42d
REMO,DTLZ5,18,0.9743508900449442,306.0,100.0,False,,,,[],,335.4392203000001,,,,,,,,,C:\Users\lsx\Desktop\REMOandDREMO测试集\10目标\n30\REMO\REMO_DTLZ5_M10_D30_18.mat,0f15bbf5a5645a4293cb3cf535a703641f924bdb34455e879492c8ba581ba9ad
REMO,DTLZ5,19,0.8037542415404776,301.0,100.0,False,,,,[],,354.3885044,,,,,,,,,C:\Users\lsx\Desktop\REMOandDREMO测试集\10目标\n30\REMO\REMO_DTLZ5_M10_D30_19.mat,52f86b3459592e2e4f468e62ff136d6345732bf477447a3fc40f02e76a4abd95
REMO,DTLZ5,2,0.5511467778914442,302.0,100.0,False,,,,[],,342.65244,,,,,,,,,C:\Users\lsx\Desktop\REMOandDREMO测试集\10目标\n30\REMO\REMO_DTLZ5_M10_D30_2.mat,bac2dd9f1279074cc532c83447522372e0b9fc1474ad0f897df37108cf0ece3f
REMO,DTLZ5,20,0.7423655881322296,305.0,100.0,False,,,,[],,366.149314,,,,,,,,,C:\Users\lsx\Desktop\REMOandDREMO测试集\10目标\n30\REMO\REMO_DTLZ5_M10_D30_20.mat,9907045392c28ca6e645bdc6c7047608bccd632bd43e58df6f4b038293a6e6b8
REMO,DTLZ5,21,0.6175049131063022,300.0,100.0,False,,,,[],,328.3093129999999,,,,,,,,,C:\Users\lsx\Desktop\REMOandDREMO测试集\10目标\n30\REMO\REMO_DTLZ5_M10_D30_21.mat,71c0ef76131afc9c2680da11b1a09507840b8acee7b69d2149ec589b27d96742
REMO,DTLZ5,22,0.8049840841635358,301.0,100.0,False,,,,[],,397.87634800000006,,,,,,,,,C:\Users\lsx\Desktop\REMOandDREMO测试集\10目标\n30\REMO\REMO_DTLZ5_M10_D30_22.mat,a142b4792b42f09345315ae6c7af565f5895d5c5727cce34d789290c6fb98500
REMO,DTLZ5,23,0.5438947794664732,300.0,100.0,False,,,,[],,328.1636521000001,,,,,,,,,C:\Users\lsx\Desktop\REMOandDREMO测试集\10目标\n30\REMO\REMO_DTLZ5_M10_D30_23.mat,6cc218ef5e498d5c8188530d672838110e1c1c62155f30ac582debfaaa5f9094
REMO,DTLZ5,24,0.6558605368723885,300.0,100.0,False,,,,[],,352.54848640000006,,,,,,,,,C:\Users\lsx\Desktop\REMOandDREMO测试集\10目标\n30\REMO\REMO_DTLZ5_M10_D30_24.mat,4b18e97cbc83e1307709299972aa56d35c7e75684ee24df9873e70cb7fc4086e
REMO,DTLZ5,25,0.6701627993593835,300.0,100.0,False,,,,[],,361.1470232,,,,,,,,,C:\Users\lsx\Desktop\REMOandDREMO测试集\10目标\n30\REMO\REMO_DTLZ5_M10_D30_25.mat,7ea1ae19ad8a396396e580352df5114fe42e1569510f524dc981cdc4952686bf
REMO,DTLZ5,26,0.5884861241807264,302.0,100.0,False,,,,[],,379.9316290000001,,,,,,,,,C:\Users\lsx\Desktop\REMOandDREMO测试集\10目标\n30\REMO\REMO_DTLZ5_M10_D30_26.mat,6236ffa9bdb17eacea7b3ae53b8598c480d530bea1242445ed24487e02de6201
REMO,DTLZ5,27,0.7921298397989925,302.0,100.0,False,,,,[],,306.55775059999996,,,,,,,,,C:\Users\lsx\Desktop\REMOandDREMO测试集\10目标\n30\REMO\REMO_DTLZ5_M10_D30_27.mat,6c0012a9d52821d4aab34343c920f73edbf1535598ea85c5928e5c41878524a9
REMO,DTLZ5,28,0.728567264589813,307.0,100.0,False,,,,[],,333.0382897999999,,,,,,,,,C:\Users\lsx\Desktop\REMOandDREMO测试集\10目标\n30\REMO\REMO_DTLZ5_M10_D30_28.mat,04831074598a955222d570e02b4f10af16a1a5e3d05d6d83b727569f0ec891a5
REMO,DTLZ5,29,0.7209180561028783,301.0,100.0,False,,,,[],,293.6278021999999,,,,,,,,,C:\Users\lsx\Desktop\REMOandDREMO测试集\10目标\n30\REMO\REMO_DTLZ5_M10_D30_29.mat,b3f94cac58e679ceb62e025a639d1f37d08ad38d02b9db6b5f99c43d4af9daa6
REMO,DTLZ5,3,0.6800952814074178,302.0,100.0,False,,,,[],,336.836127,,,,,,,,,C:\Users\lsx\Desktop\REMOandDREMO测试集\10目标\n30\REMO\REMO_DTLZ5_M10_D30_3.mat,86078a37d9834d2a5d71b2522f853303363d941fecd4d1039a75c4cb1e5d3c8f
REMO,DTLZ5,30,0.6391570320035911,303.0,100.0,False,,,,[],,305.9098685,,,,,,,,,C:\Users\lsx\Desktop\REMOandDREMO测试集\10目标\n30\REMO\REMO_DTLZ5_M10_D30_30.mat,729e78e02b5ebfa203822a89ee02a17036ca54fc176ef8e85fe079fa7d98250f
REMO,DTLZ5,4,0.6502457547907695,302.0,100.0,False,,,,[],,363.30874609999995,,,,,,,,,C:\Users\lsx\Desktop\REMOandDREMO测试集\10目标\n30\REMO\REMO_DTLZ5_M10_D30_4.mat,eb9c5a1329919c3719030939995165a746600fcb131fa14f67af5815a85daa5d
REMO,DTLZ5,5,0.6886410163339137,304.0,100.0,False,,,,[],,355.93694459999995,,,,,,,,,C:\Users\lsx\Desktop\REMOandDREMO测试集\10目标\n30\REMO\REMO_DTLZ5_M10_D30_5.mat,797fd2b03bfe49faf69794d30a66143ed384791c335ae88f6500d68208cee9dc
REMO,DTLZ5,6,0.6074379441762103,303.0,100.0,False,,,,[],,356.8835436999999,,,,,,,,,C:\Users\lsx\Desktop\REMOandDREMO测试集\10目标\n30\REMO\REMO_DTLZ5_M10_D30_6.mat,98ef49e5befb6fba1842840e57505760ad64f4dcfd6cfa21971d62e75a6d629c
REMO,DTLZ5,7,0.4262509099178284,307.0,100.0,False,,,,[],,318.58981179999995,,,,,,,,,C:\Users\lsx\Desktop\REMOandDREMO测试集\10目标\n30\REMO\REMO_DTLZ5_M10_D30_7.mat,1069873ca1197ad2a01a659bdc6d40c661d4eef9cfb679d35825baee9629ad0d
REMO,DTLZ5,8,0.7485191377013927,303.0,100.0,False,,,,[],,332.7341541,,,,,,,,,C:\Users\lsx\Desktop\REMOandDREMO测试集\10目标\n30\REMO\REMO_DTLZ5_M10_D30_8.mat,0d662ed399b137282392de2116b55f9cda7fedc6b41d8d9d9e2e2e7e2edd3349
REMO,DTLZ5,9,0.8764546408457441,301.0,100.0,False,,,,[],,306.73891080000004,,,,,,,,,C:\Users\lsx\Desktop\REMOandDREMO测试集\10目标\n30\REMO\REMO_DTLZ5_M10_D30_9.mat,6cdfa7ea8f4f8d1e95d8c94364aa2ca64b9f9da76442bccebd541c21285a096e
REMO,DTLZ7,1,21.093006761004705,306.0,100.0,False,,,,[],,263.89553859999995,,,,,,,,,C:\Users\lsx\Desktop\REMOandDREMO测试集\10目标\n30\REMO\REMO_DTLZ7_M10_D30_1.mat,3300e0234e1f77cd7be19df8bab0a81b9050ac52ffe1a4877db70cc7fd4eea48
REMO,DTLZ7,10,23.990931643384123,300.0,100.0,False,,,,[],,261.67552249999994,,,,,,,,,C:\Users\lsx\Desktop\REMOandDREMO测试集\10目标\n30\REMO\REMO_DTLZ7_M10_D30_10.mat,a1e30ebaa0fabc9e58ffe8269655b3d5c856379cea84d419c4e4e95f9ae7a49c
REMO,DTLZ7,11,17.880296991491832,301.0,100.0,False,,,,[],,277.2906152,,,,,,,,,C:\Users\lsx\Desktop\REMOandDREMO测试集\10目标\n30\REMO\REMO_DTLZ7_M10_D30_11.mat,19ea48bfbaf4ac0d41613ebd79c75a96ed3e286de036193d1a4b2c3875acfa6c
REMO,DTLZ7,12,17.638803251722795,305.0,100.0,False,,,,[],,262.712553,,,,,,,,,C:\Users\lsx\Desktop\REMOandDREMO测试集\10目标\n30\REMO\REMO_DTLZ7_M10_D30_12.mat,0c5d3ed0da84b40c07378dc981096e12e4400b2049b02891e1654b3fccbbac93
REMO,DTLZ7,13,25.879057685878966,300.0,100.0,False,,,,[],,317.1321241,,,,,,,,,C:\Users\lsx\Desktop\REMOandDREMO测试集\10目标\n30\REMO\REMO_DTLZ7_M10_D30_13.mat,602f420ab5a2eeba74137e1855077e0fc2985b423dc250c1b3d826b79a69c472
REMO,DTLZ7,14,21.417978619724106,302.0,100.0,False,,,,[],,239.4172971,,,,,,,,,C:\Users\lsx\Desktop\REMOandDREMO测试集\10目标\n30\REMO\REMO_DTLZ7_M10_D30_14.mat,6d2106d09b590f14faaa79ca264bac85fc0da5cbd688f1a7b50663ad504ad44c
REMO,DTLZ7,15,22.46277222948391,303.0,100.0,False,,,,[],,244.85932449999996,,,,,,,,,C:\Users\lsx\Desktop\REMOandDREMO测试集\10目标\n30\REMO\REMO_DTLZ7_M10_D30_15.mat,640c0eba6a751bdadf53dc85c5284e88375df145c5fbcff9540c368067580b55
REMO,DTLZ7,16,23.530246219591856,303.0,100.0,False,,,,[],,287.8152357,,,,,,,,,C:\Users\lsx\Desktop\REMOandDREMO测试集\10目标\n30\REMO\REMO_DTLZ7_M10_D30_16.mat,81bdc03780b4c9caceaef149be619761d9adc28f562861758efd9fe919694913
REMO,DTLZ7,17,21.955281379334362,301.0,100.0,False,,,,[],,250.88851249999996,,,,,,,,,C:\Users\lsx\Desktop\REMOandDREMO测试集\10目标\n30\REMO\REMO_DTLZ7_M10_D30_17.mat,7bb69ff153d00a130c15f553f462a93051ad1e8b69c33d1f6b41bc8e5c202b46
REMO,DTLZ7,18,22.74177723622707,305.0,100.0,False,,,,[],,243.53889159999997,,,,,,,,,C:\Users\lsx\Desktop\REMOandDREMO测试集\10目标\n30\REMO\REMO_DTLZ7_M10_D30_18.mat,659f6964da644e4fc4d0a40ffa7ffa24e77d0857833d9426763c925a81b72b39
REMO,DTLZ7,19,18.338031633497746,300.0,100.0,False,,,,[],,218.440601,,,,,,,,,C:\Users\lsx\Desktop\REMOandDREMO测试集\10目标\n30\REMO\REMO_DTLZ7_M10_D30_19.mat,8a36aa357c75ae0b5ffc02a4626da0b506653ee4ac4e2990b7fbfdc3e43ae717
REMO,DTLZ7,2,20.374256519450338,307.0,100.0,False,,,,[],,255.4011802,,,,,,,,,C:\Users\lsx\Desktop\REMOandDREMO测试集\10目标\n30\REMO\REMO_DTLZ7_M10_D30_2.mat,f8cfb3c86c0ea66183bf6b353fcca078fbb11057f6193d12d4e3a7e30f3abe5d
REMO,DTLZ7,20,20.075078067920913,305.0,100.0,False,,,,[],,221.65187399999996,,,,,,,,,C:\Users\lsx\Desktop\REMOandDREMO测试集\10目标\n30\REMO\REMO_DTLZ7_M10_D30_20.mat,f2c7397b9e935e27fe9803c9347e0f4c45e3ab94f01eba13c41088e6c86c80f9
REMO,DTLZ7,21,19.78669688748038,301.0,100.0,False,,,,[],,270.1196127,,,,,,,,,C:\Users\lsx\Desktop\REMOandDREMO测试集\10目标\n30\REMO\REMO_DTLZ7_M10_D30_21.mat,9e40e251f1969ec037a29154be31323b7bd603104f1056535dfc82e0ed5bb4b3
REMO,DTLZ7,22,24.996489388575057,302.0,100.0,False,,,,[],,253.62759189999997,,,,,,,,,C:\Users\lsx\Desktop\REMOandDREMO测试集\10目标\n30\REMO\REMO_DTLZ7_M10_D30_22.mat,d988679df429ddf4982b751809e861915c74b559cfa513bc87ea3cf7d9ee5b97
REMO,DTLZ7,23,20.579948117098752,302.0,100.0,False,,,,[],,268.1458799999999,,,,,,,,,C:\Users\lsx\Desktop\REMOandDREMO测试集\10目标\n30\REMO\REMO_DTLZ7_M10_D30_23.mat,499de55c48eebe307d0007107895b7cc6b85ad3e7d234c3fb53bdf9d08a7341f
REMO,DTLZ7,24,17.704594643301206,307.0,100.0,False,,,,[],,257.5852864,,,,,,,,,C:\Users\lsx\Desktop\REMOandDREMO测试集\10目标\n30\REMO\REMO_DTLZ7_M10_D30_24.mat,b3d1c498d2cae33581d8ad29375cb5a5082f9c8124bfdec388b57868c2f41330
REMO,DTLZ7,25,17.87440680178531,306.0,100.0,False,,,,[],,247.58782940000003,,,,,,,,,C:\Users\lsx\Desktop\REMOandDREMO测试集\10目标\n30\REMO\REMO_DTLZ7_M10_D30_25.mat,d299cab32be58e63c8317f2cf85d004813b0f94f511d76c13ac3760f83521e6b
REMO,DTLZ7,26,20.57783619380599,301.0,100.0,False,,,,[],,254.0300594,,,,,,,,,C:\Users\lsx\Desktop\REMOandDREMO测试集\10目标\n30\REMO\REMO_DTLZ7_M10_D30_26.mat,dc96dcbd1104a01e8df2d4704da309f3c1bd973b6a290dc10ee19c9f191959bf
REMO,DTLZ7,27,19.78853047811806,306.0,100.0,False,,,,[],,245.91673610000007,,,,,,,,,C:\Users\lsx\Desktop\REMOandDREMO测试集\10目标\n30\REMO\REMO_DTLZ7_M10_D30_27.mat,5b12ea55bb405b9651f92f304ce5d8e7850c4d61aebb8c507d4480eeac8b21b3
REMO,DTLZ7,28,21.849000565679372,304.0,100.0,False,,,,[],,253.72727529999997,,,,,,,,,C:\Users\lsx\Desktop\REMOandDREMO测试集\10目标\n30\REMO\REMO_DTLZ7_M10_D30_28.mat,8ffcbdd919555c7008238d24aa99ce8fcc434a942a2040fb712a6869be6f7ea2
REMO,DTLZ7,29,17.36664240735299,301.0,100.0,False,,,,[],,221.7731633,,,,,,,,,C:\Users\lsx\Desktop\REMOandDREMO测试集\10目标\n30\REMO\REMO_DTLZ7_M10_D30_29.mat,542abeebcaa4c7b0434a534f6432a11f2ba349b585181aba054b7a649786b3bc
REMO,DTLZ7,3,24.19516335229817,301.0,100.0,False,,,,[],,275.6718902999999,,,,,,,,,C:\Users\lsx\Desktop\REMOandDREMO测试集\10目标\n30\REMO\REMO_DTLZ7_M10_D30_3.mat,ea6ed4fff469a128a415edaff29cc746192c7d91eea6928ef15cf534c36d3a22
REMO,DTLZ7,30,24.708984528507543,302.0,100.0,False,,,,[],,213.840675,,,,,,,,,C:\Users\lsx\Desktop\REMOandDREMO测试集\10目标\n30\REMO\REMO_DTLZ7_M10_D30_30.mat,03df0b7f11d27b3355ac5f0a37548fd835c7474d044ab1ea9cc1cc943d3b0fd5
REMO,DTLZ7,4,20.11580940838106,305.0,100.0,False,,,,[],,249.39319960000003,,,,,,,,,C:\Users\lsx\Desktop\REMOandDREMO测试集\10目标\n30\REMO\REMO_DTLZ7_M10_D30_4.mat,72043ae5cb89a88413caee772327c5c4ef6f568785e3d76e879acc6e6409f8d1
REMO,DTLZ7,5,17.181615616646145,304.0,100.0,False,,,,[],,199.64137,,,,,,,,,C:\Users\lsx\Desktop\REMOandDREMO测试集\10目标\n30\REMO\REMO_DTLZ7_M10_D30_5.mat,f7c875709f1667b4d5eb48967c07f5a54257eca1899ef42290719f72d3329021
REMO,DTLZ7,6,23.06668902259092,305.0,100.0,False,,,,[],,258.222582,,,,,,,,,C:\Users\lsx\Desktop\REMOandDREMO测试集\10目标\n30\REMO\REMO_DTLZ7_M10_D30_6.mat,9d2e51e50006dd477568c93cc346ce0d947a0f26f6b12c8b8a98b67d11ce24e5
REMO,DTLZ7,7,19.96153160590019,310.0,100.0,False,,,,[],,286.5803108999999,,,,,,,,,C:\Users\lsx\Desktop\REMOandDREMO测试集\10目标\n30\REMO\REMO_DTLZ7_M10_D30_7.mat,812b3474f9a0255d68f5a34252e4e1cbb459f048ce66453b0b764c7216791310
REMO,DTLZ7,8,19.42149837412033,303.0,100.0,False,,,,[],,229.7296048,,,,,,,,,C:\Users\lsx\Desktop\REMOandDREMO测试集\10目标\n30\REMO\REMO_DTLZ7_M10_D30_8.mat,f4100c7c1c5951e1d0208e517e4245bb99229b2e51e08284337c4ea8d2c4c6c9
REMO,DTLZ7,9,19.626009705002172,301.0,100.0,False,,,,[],,245.65529539999994,,,,,,,,,C:\Users\lsx\Desktop\REMOandDREMO测试集\10目标\n30\REMO\REMO_DTLZ7_M10_D30_9.mat,4c59603f5e4f87ad9314b42859d5196d3b12c945c7aa34585d49280aa067e6ad
PIEA,DTLZ2,1,0.9630235918563401,300.0,100.0,False,,,,[],,5.951733299999998,,,,,,,,,C:\Users\lsx\Desktop\REMOandDREMO测试集\10目标\n30\PIEA\PIEA_DTLZ2_M10_D30_1.mat,7e94dfe8f85e9f6af3334b83eacdcd46e264974c2324f2eee27005417d818edf
PIEA,DTLZ2,10,0.9598767855832727,300.0,100.0,False,,,,[],,5.6358522,,,,,,,,,C:\Users\lsx\Desktop\REMOandDREMO测试集\10目标\n30\PIEA\PIEA_DTLZ2_M10_D30_10.mat,ee8066e971e11aaf6cfeb17fa16ff4883de055ad19fb187ec3cae7ba2b63e833
PIEA,DTLZ2,11,0.8852941833837589,300.0,100.0,False,,,,[],,5.508906499999999,,,,,,,,,C:\Users\lsx\Desktop\REMOandDREMO测试集\10目标\n30\PIEA\PIEA_DTLZ2_M10_D30_11.mat,021ec7ebd9af05c78d67de3e7a0e778985641cabda62aa2e680d314b34c3e180
PIEA,DTLZ2,12,0.9239315115291876,300.0,100.0,False,,,,[],,5.546923400000001,,,,,,,,,C:\Users\lsx\Desktop\REMOandDREMO测试集\10目标\n30\PIEA\PIEA_DTLZ2_M10_D30_12.mat,d6352012f289e9f626699f5f3b8570391b9e44c55c15228d84369849becc5b67
PIEA,DTLZ2,13,0.9274653319397272,300.0,100.0,False,,,,[],,5.742321600000005,,,,,,,,,C:\Users\lsx\Desktop\REMOandDREMO测试集\10目标\n30\PIEA\PIEA_DTLZ2_M10_D30_13.mat,5c04cbca264340b417fb114067ee03f1e49b3893f350dc723fac759df70d85f4
PIEA,DTLZ2,14,0.992902855260316,300.0,100.0,False,,,,[],,5.682624000000001,,,,,,,,,C:\Users\lsx\Desktop\REMOandDREMO测试集\10目标\n30\PIEA\PIEA_DTLZ2_M10_D30_14.mat,fca2ad3e4f9f535bd5f5868535db6f689ecff96181990bc0a482336fe130a3ae
PIEA,DTLZ2,15,0.9142743721223855,300.0,100.0,False,,,,[],,5.6478351999999985,,,,,,,,,C:\Users\lsx\Desktop\REMOandDREMO测试集\10目标\n30\PIEA\PIEA_DTLZ2_M10_D30_15.mat,89ae2133703da3382611551877091f960acec9eab333afd72e84c31df421b316
PIEA,DTLZ2,16,0.9729985233871782,300.0,100.0,False,,,,[],,5.5658763,,,,,,,,,C:\Users\lsx\Desktop\REMOandDREMO测试集\10目标\n30\PIEA\PIEA_DTLZ2_M10_D30_16.mat,c39e4ace6d8f1adff1bb99346933e40fa5bba9c37af3f2f327f8329a6c4a40a3
PIEA,DTLZ2,17,0.9328147702903836,300.0,100.0,False,,,,[],,5.5688968999999995,,,,,,,,,C:\Users\lsx\Desktop\REMOandDREMO测试集\10目标\n30\PIEA\PIEA_DTLZ2_M10_D30_17.mat,d7e3a992d91ec5ed22edf012f82d1e5d1ffc0792fbf86ca3eae140e3e0880384
PIEA,DTLZ2,18,1.0558205735580835,300.0,100.0,False,,,,[],,5.549115799999998,,,,,,,,,C:\Users\lsx\Desktop\REMOandDREMO测试集\10目标\n30\PIEA\PIEA_DTLZ2_M10_D30_18.mat,3909562ebb051ad3d7d24f4dd3284f033179347b88b0e2dbe463ba5ba93f1921
PIEA,DTLZ2,19,0.9406322092535714,300.0,100.0,False,,,,[],,5.5802216000000024,,,,,,,,,C:\Users\lsx\Desktop\REMOandDREMO测试集\10目标\n30\PIEA\PIEA_DTLZ2_M10_D30_19.mat,f7a694eae6e2dfa815388cc661de4acb66fa645435a42bee718f1a13cb82eb1a
PIEA,DTLZ2,2,1.0049497467723858,300.0,100.0,False,,,,[],,6.189349800000002,,,,,,,,,C:\Users\lsx\Desktop\REMOandDREMO测试集\10目标\n30\PIEA\PIEA_DTLZ2_M10_D30_2.mat,ff053354fe9baed035c0134f26e1df73e1892291c12fa8bbeb14823169905db1
PIEA,DTLZ2,20,1.0424326075127766,300.0,100.0,False,,,,[],,5.788092400000002,,,,,,,,,C:\Users\lsx\Desktop\REMOandDREMO测试集\10目标\n30\PIEA\PIEA_DTLZ2_M10_D30_20.mat,d36e91b062e6bed957fa3e4d012929c51e99dc99b7302bcd23198e78c18dd254
PIEA,DTLZ2,21,1.0152249439257084,300.0,100.0,False,,,,[],,5.466636899999998,,,,,,,,,C:\Users\lsx\Desktop\REMOandDREMO测试集\10目标\n30\PIEA\PIEA_DTLZ2_M10_D30_21.mat,0ec23b312b84b26d367bbb55f27a13e15fed0249a36708e8b059f489653d8d8f
PIEA,DTLZ2,22,0.8796957027437514,300.0,100.0,False,,,,[],,5.652177999999998,,,,,,,,,C:\Users\lsx\Desktop\REMOandDREMO测试集\10目标\n30\PIEA\PIEA_DTLZ2_M10_D30_22.mat,1e998265813450f663a97804dcc2c5f2dbafeb37c98aa590bd0e15d101146620
PIEA,DTLZ2,23,0.973271756039214,300.0,100.0,False,,,,[],,5.5972289,,,,,,,,,C:\Users\lsx\Desktop\REMOandDREMO测试集\10目标\n30\PIEA\PIEA_DTLZ2_M10_D30_23.mat,81c939e5bfbffe1ee94b2df81c85a1b734e8580ac42b855b604f9c24975bb170
PIEA,DTLZ2,24,1.0532085096980617,300.0,100.0,False,,,,[],,5.491191000000002,,,,,,,,,C:\Users\lsx\Desktop\REMOandDREMO测试集\10目标\n30\PIEA\PIEA_DTLZ2_M10_D30_24.mat,edc6a1ace3dbcf3f9541028a60367a6b8cb35e6a2cb000a65c8a118c12bd2a50
PIEA,DTLZ2,25,0.9965688705611624,300.0,100.0,False,,,,[],,5.8543227000000035,,,,,,,,,C:\Users\lsx\Desktop\REMOandDREMO测试集\10目标\n30\PIEA\PIEA_DTLZ2_M10_D30_25.mat,f04072afea5a12d91c5571ac942b45b96cb9f644fd3b512fd888f2f694391efe
PIEA,DTLZ2,26,0.9688948358891352,300.0,100.0,False,,,,[],,5.668135799999996,,,,,,,,,C:\Users\lsx\Desktop\REMOandDREMO测试集\10目标\n30\PIEA\PIEA_DTLZ2_M10_D30_26.mat,9f6b1ef53972cce7693d13e014d06d7c2cae112818df3c107c1b8d751d69263b
PIEA,DTLZ2,27,1.0651254791661673,300.0,100.0,False,,,,[],,5.355056600000002,,,,,,,,,C:\Users\lsx\Desktop\REMOandDREMO测试集\10目标\n30\PIEA\PIEA_DTLZ2_M10_D30_27.mat,2e8f3315a2b91e7755fa43e4353936dd8f1f89b1eb62fe65e016850891e71811
PIEA,DTLZ2,28,0.9777368869498408,300.0,100.0,False,,,,[],,5.464727099999998,,,,,,,,,C:\Users\lsx\Desktop\REMOandDREMO测试集\10目标\n30\PIEA\PIEA_DTLZ2_M10_D30_28.mat,becb7b4c207f18d090000aed80c61bcc03bbe3e60fbafcecc569e929222de2b9
PIEA,DTLZ2,29,0.9988019057104219,300.0,100.0,False,,,,[],,5.434618899999997,,,,,,,,,C:\Users\lsx\Desktop\REMOandDREMO测试集\10目标\n30\PIEA\PIEA_DTLZ2_M10_D30_29.mat,a909ad2811280887de851d8cb871fae5882b1c57677c863336bedf7f6d903b05
PIEA,DTLZ2,3,1.0445673642406061,300.0,100.0,False,,,,[],,6.167377899999999,,,,,,,,,C:\Users\lsx\Desktop\REMOandDREMO测试集\10目标\n30\PIEA\PIEA_DTLZ2_M10_D30_3.mat,03db67d660adfc0ec64d9a5a29e4b1fff5930d435555aacf346d6f90dd34db0b
PIEA,DTLZ2,30,1.0411575470313097,300.0,100.0,False,,,,[],,5.407224099999996,,,,,,,,,C:\Users\lsx\Desktop\REMOandDREMO测试集\10目标\n30\PIEA\PIEA_DTLZ2_M10_D30_30.mat,ba797a4d9368b6b0c429c4cae9f7ac0358491cec46c07c044e64c0a607332e70
PIEA,DTLZ2,4,1.0189054705305545,300.0,100.0,False,,,,[],,5.844328499999998,,,,,,,,,C:\Users\lsx\Desktop\REMOandDREMO测试集\10目标\n30\PIEA\PIEA_DTLZ2_M10_D30_4.mat,d7639b37139bf19ebbd404de694c3d84a2855811e670921d92c97b29e5f68b93
PIEA,DTLZ2,5,0.8767826634077583,300.0,100.0,False,,,,[],,6.132537399999999,,,,,,,,,C:\Users\lsx\Desktop\REMOandDREMO测试集\10目标\n30\PIEA\PIEA_DTLZ2_M10_D30_5.mat,ed6a7ec18159446ae0604410840779de050c7c6c6bb35519bda461d8d86eccd5
PIEA,DTLZ2,6,1.0051036619068405,300.0,100.0,False,,,,[],,6.484502900000001,,,,,,,,,C:\Users\lsx\Desktop\REMOandDREMO测试集\10目标\n30\PIEA\PIEA_DTLZ2_M10_D30_6.mat,59a99998f05289619d0ae996fb7010cde4526ba1829b059df54e87f4623fb32a
PIEA,DTLZ2,7,1.0723962969525007,300.0,100.0,False,,,,[],,5.794444599999997,,,,,,,,,C:\Users\lsx\Desktop\REMOandDREMO测试集\10目标\n30\PIEA\PIEA_DTLZ2_M10_D30_7.mat,4c5a8c8ffcb0259a972d6b88cad8be37f77444b767f3ad223c7149cc67e1f4ce
PIEA,DTLZ2,8,0.9573842632346033,300.0,100.0,False,,,,[],,5.715432999999999,,,,,,,,,C:\Users\lsx\Desktop\REMOandDREMO测试集\10目标\n30\PIEA\PIEA_DTLZ2_M10_D30_8.mat,c84116854e1993822307063293ab95ad68ddf9fc754c5f6b42db0b323e7e84ac
PIEA,DTLZ2,9,0.9282539570675606,300.0,100.0,False,,,,[],,5.5630819,,,,,,,,,C:\Users\lsx\Desktop\REMOandDREMO测试集\10目标\n30\PIEA\PIEA_DTLZ2_M10_D30_9.mat,24a30395639cabe2d7fe7d1a467913831abc90201ddd23d4dc5994f2402c0540
PIEA,DTLZ4,1,1.2690077869306258,300.0,100.0,False,,,,[],,6.4288341,,,,,,,,,C:\Users\lsx\Desktop\REMOandDREMO测试集\10目标\n30\PIEA\PIEA_DTLZ4_M10_D30_1.mat,353154ee6271292b9ab9e80346463a484da5a2d525a7389714f8f4cc50f691b5
PIEA,DTLZ4,10,1.2571947656251563,300.0,100.0,False,,,,[],,5.921928399999995,,,,,,,,,C:\Users\lsx\Desktop\REMOandDREMO测试集\10目标\n30\PIEA\PIEA_DTLZ4_M10_D30_10.mat,b30c31f0888d24aae4eab1ed5cb9018fd95554ac2926d0d7b216914fec6e59a3
PIEA,DTLZ4,11,1.1906325938587825,300.0,100.0,False,,,,[],,5.984082600000004,,,,,,,,,C:\Users\lsx\Desktop\REMOandDREMO测试集\10目标\n30\PIEA\PIEA_DTLZ4_M10_D30_11.mat,cf216bc83eca5431abbfc0a0a499c94a7d160387fe7fdae6520943762163674d
PIEA,DTLZ4,12,1.2992544359938063,300.0,100.0,False,,,,[],,5.824342000000001,,,,,,,,,C:\Users\lsx\Desktop\REMOandDREMO测试集\10目标\n30\PIEA\PIEA_DTLZ4_M10_D30_12.mat,4f8fda635d9353b19968548908c9c85cfbd7f27c16425e33111c6266151a782f
PIEA,DTLZ4,13,1.2685478595534652,300.0,100.0,False,,,,[],,5.936339699999997,,,,,,,,,C:\Users\lsx\Desktop\REMOandDREMO测试集\10目标\n30\PIEA\PIEA_DTLZ4_M10_D30_13.mat,071f36416ed3753bdd6501275b10a425b04bce1da3856f49b7c893a06b860ca4
PIEA,DTLZ4,14,1.289733353068057,300.0,100.0,False,,,,[],,5.790762600000001,,,,,,,,,C:\Users\lsx\Desktop\REMOandDREMO测试集\10目标\n30\PIEA\PIEA_DTLZ4_M10_D30_14.mat,4a67630b11cabe6b71524a1aca3181895fcd78ef59b6a1b675758304900ab79f
PIEA,DTLZ4,15,1.2773712980521308,300.0,100.0,False,,,,[],,5.9129482,,,,,,,,,C:\Users\lsx\Desktop\REMOandDREMO测试集\10目标\n30\PIEA\PIEA_DTLZ4_M10_D30_15.mat,301a2577469fd2c11b6055f6bc4a1fb265c23f8dcb643041dcbbee3d665fa050
PIEA,DTLZ4,16,1.263994746433633,300.0,100.0,False,,,,[],,5.926129900000002,,,,,,,,,C:\Users\lsx\Desktop\REMOandDREMO测试集\10目标\n30\PIEA\PIEA_DTLZ4_M10_D30_16.mat,cc875b98171dd65dfe4dd2868bde92e5c51e4e3294296b59b0685b1890260dec
PIEA,DTLZ4,17,1.1559007565755781,300.0,100.0,False,,,,[],,6.008921400000003,,,,,,,,,C:\Users\lsx\Desktop\REMOandDREMO测试集\10目标\n30\PIEA\PIEA_DTLZ4_M10_D30_17.mat,a2359465bde30684a6826727bb38d80c9bb3102a48ee1f737e283a7ab8a07c66
PIEA,DTLZ4,18,1.2169604628232826,300.0,100.0,False,,,,[],,5.905733799999998,,,,,,,,,C:\Users\lsx\Desktop\REMOandDREMO测试集\10目标\n30\PIEA\PIEA_DTLZ4_M10_D30_18.mat,63150592762c04bc1b4a66403098be1a7a9acbf20c4ada15723f14f859b2691f
PIEA,DTLZ4,19,1.283408065179673,300.0,100.0,False,,,,[],,5.9277875,,,,,,,,,C:\Users\lsx\Desktop\REMOandDREMO测试集\10目标\n30\PIEA\PIEA_DTLZ4_M10_D30_19.mat,a67b3193b77d9d20b73ad820ccc65fba71c6cdfce9626f3eca90b9d4f239fe66
PIEA,DTLZ4,2,1.2643447933728116,300.0,100.0,False,,,,[],,6.1520349,,,,,,,,,C:\Users\lsx\Desktop\REMOandDREMO测试集\10目标\n30\PIEA\PIEA_DTLZ4_M10_D30_2.mat,20f4352161cf8c582d7b5fe4e38bc97c72dace06e2e8aa939ed0212a6cef7e8b
PIEA,DTLZ4,20,1.2640748051172284,300.0,100.0,False,,,,[],,5.820063799999999,,,,,,,,,C:\Users\lsx\Desktop\REMOandDREMO测试集\10目标\n30\PIEA\PIEA_DTLZ4_M10_D30_20.mat,be7e34ec7d22d3df5a4502a33e33bec1ee74dfbaa67fadafc23a632aee42bb2a
PIEA,DTLZ4,21,1.256566130459318,300.0,100.0,False,,,,[],,6.019500099999999,,,,,,,,,C:\Users\lsx\Desktop\REMOandDREMO测试集\10目标\n30\PIEA\PIEA_DTLZ4_M10_D30_21.mat,9edc0736bd2b1ebd549f1c5482df49fb8cca52403e802c480d348332bcead470
PIEA,DTLZ4,22,1.1759716997907042,300.0,100.0,False,,,,[],,5.855454700000001,,,,,,,,,C:\Users\lsx\Desktop\REMOandDREMO测试集\10目标\n30\PIEA\PIEA_DTLZ4_M10_D30_22.mat,a6009eeae027350873988fb2e8a68efd509b00c730e074213a59fdcdf0531862
PIEA,DTLZ4,23,1.2673314928299109,300.0,100.0,False,,,,[],,5.811778199999997,,,,,,,,,C:\Users\lsx\Desktop\REMOandDREMO测试集\10目标\n30\PIEA\PIEA_DTLZ4_M10_D30_23.mat,fa806b7ab98e064add421053fdb64f801c3799de97f94dd1ee19bd2b522892d2
PIEA,DTLZ4,24,1.106451323408711,300.0,100.0,False,,,,[],,5.911119799999996,,,,,,,,,C:\Users\lsx\Desktop\REMOandDREMO测试集\10目标\n30\PIEA\PIEA_DTLZ4_M10_D30_24.mat,3c9c9075b13378832a56bdb0d5a07f3237c1582a3a2a951836d3aaea9b55847d
PIEA,DTLZ4,25,1.2827988983977752,300.0,100.0,False,,,,[],,5.837568600000001,,,,,,,,,C:\Users\lsx\Desktop\REMOandDREMO测试集\10目标\n30\PIEA\PIEA_DTLZ4_M10_D30_25.mat,aaef4e2b5048ec06b6c507969a52f43e3279a8b8c847f12625690771a719e3fa
PIEA,DTLZ4,26,1.1257000750344037,300.0,100.0,False,,,,[],,5.917845699999998,,,,,,,,,C:\Users\lsx\Desktop\REMOandDREMO测试集\10目标\n30\PIEA\PIEA_DTLZ4_M10_D30_26.mat,e39d646376075d02d3d5466a493df286aa9307b0b8df18138047300fd7cab2cd
PIEA,DTLZ4,27,1.1210456421297879,300.0,100.0,False,,,,[],,5.8831704999999985,,,,,,,,,C:\Users\lsx\Desktop\REMOandDREMO测试集\10目标\n30\PIEA\PIEA_DTLZ4_M10_D30_27.mat,a6d1d8348fa3044f76dc84d292c4140d7d1448de204bfa61e756d95700190558
PIEA,DTLZ4,28,1.2237484657957332,300.0,100.0,False,,,,[],,5.8704940000000025,,,,,,,,,C:\Users\lsx\Desktop\REMOandDREMO测试集\10目标\n30\PIEA\PIEA_DTLZ4_M10_D30_28.mat,bfa1dee96ed3c393860c570b48201c1e598ba90778378948285157bc721b599c
PIEA,DTLZ4,29,1.2495362287561353,300.0,100.0,False,,,,[],,5.752686600000002,,,,,,,,,C:\Users\lsx\Desktop\REMOandDREMO测试集\10目标\n30\PIEA\PIEA_DTLZ4_M10_D30_29.mat,0ab80252171abff40b959fda299f244e1d81a4dab57e103e027fb3362d868574
PIEA,DTLZ4,3,1.1696413245615769,300.0,100.0,False,,,,[],,6.234427800000002,,,,,,,,,C:\Users\lsx\Desktop\REMOandDREMO测试集\10目标\n30\PIEA\PIEA_DTLZ4_M10_D30_3.mat,ea15188ba5eaec0807b9cc75333fb808b0b7a1ae98c72a224a9cb4cf88aca7b4
PIEA,DTLZ4,30,1.2500980882298292,300.0,100.0,False,,,,[],,5.796407600000001,,,,,,,,,C:\Users\lsx\Desktop\REMOandDREMO测试集\10目标\n30\PIEA\PIEA_DTLZ4_M10_D30_30.mat,0df2840e0c6d96626e0e2ba47f206abe430c7b6fd8bb95ca3376ecc050d617d5
PIEA,DTLZ4,4,1.2119420712689881,300.0,100.0,False,,,,[],,6.173608499999998,,,,,,,,,C:\Users\lsx\Desktop\REMOandDREMO测试集\10目标\n30\PIEA\PIEA_DTLZ4_M10_D30_4.mat,b23a16ce00e92b57b8a09838cdf7fde2a3564024c07bcad4d05d1d194a49ddd5
PIEA,DTLZ4,5,1.252067840694813,300.0,100.0,False,,,,[],,6.125278700000002,,,,,,,,,C:\Users\lsx\Desktop\REMOandDREMO测试集\10目标\n30\PIEA\PIEA_DTLZ4_M10_D30_5.mat,95e318eb45748855c16ac26af52b24986f27fc2045ad5d011a9e031f63684881
PIEA,DTLZ4,6,1.2588248589764939,300.0,100.0,False,,,,[],,6.215337400000001,,,,,,,,,C:\Users\lsx\Desktop\REMOandDREMO测试集\10目标\n30\PIEA\PIEA_DTLZ4_M10_D30_6.mat,62e79a87bef07ed425aba19731bd8e505bb8907e0947718fb970f155680b016a
PIEA,DTLZ4,7,1.2406077235878332,300.0,100.0,False,,,,[],,5.755706399999999,,,,,,,,,C:\Users\lsx\Desktop\REMOandDREMO测试集\10目标\n30\PIEA\PIEA_DTLZ4_M10_D30_7.mat,9bb91911eedb1bcfdb26ee93f1682544a20c87087923814a6591c3be68311203
PIEA,DTLZ4,8,1.279727580296572,300.0,100.0,False,,,,[],,5.622801600000001,,,,,,,,,C:\Users\lsx\Desktop\REMOandDREMO测试集\10目标\n30\PIEA\PIEA_DTLZ4_M10_D30_8.mat,857276449b49be41a1f6f05418f16adca08af1edca68a51b52bc445be858b142
PIEA,DTLZ4,9,1.2484525837765132,300.0,100.0,False,,,,[],,6.1491103,,,,,,,,,C:\Users\lsx\Desktop\REMOandDREMO测试集\10目标\n30\PIEA\PIEA_DTLZ4_M10_D30_9.mat,d65bc87c06b453f6330c2d28bd646156e45b375fd2d11099806f8ab62aded2e2
PIEA,DTLZ5,1,0.3170797191752844,300.0,100.0,False,,,,[],,6.201721299999998,,,,,,,,,C:\Users\lsx\Desktop\REMOandDREMO测试集\10目标\n30\PIEA\PIEA_DTLZ5_M10_D30_1.mat,8a7a3fa2f0f891a3f5984fcec1399865041364b3251735c7fdeda8e5be73764f
PIEA,DTLZ5,10,0.2627203215980494,300.0,100.0,False,,,,[],,5.4692833,,,,,,,,,C:\Users\lsx\Desktop\REMOandDREMO测试集\10目标\n30\PIEA\PIEA_DTLZ5_M10_D30_10.mat,986825ec2358add5608a08d36d681cc0683c909aaa3b12119732512bd37fe9f9
PIEA,DTLZ5,11,0.3112226059888088,300.0,100.0,False,,,,[],,5.681744599999999,,,,,,,,,C:\Users\lsx\Desktop\REMOandDREMO测试集\10目标\n30\PIEA\PIEA_DTLZ5_M10_D30_11.mat,7134adccf17e90cb1a96fecc8ef7c3d33fe7e33312c7f7479271cf3a0bc064b2
PIEA,DTLZ5,12,0.28875389320807116,300.0,100.0,False,,,,[],,5.456985500000003,,,,,,,,,C:\Users\lsx\Desktop\REMOandDREMO测试集\10目标\n30\PIEA\PIEA_DTLZ5_M10_D30_12.mat,a5539a78edb2950a1defde1987a6101151726db28b79cbff54e339ddbc061454
PIEA,DTLZ5,13,0.2971256731869355,300.0,100.0,False,,,,[],,5.703339200000001,,,,,,,,,C:\Users\lsx\Desktop\REMOandDREMO测试集\10目标\n30\PIEA\PIEA_DTLZ5_M10_D30_13.mat,07824972d6b8f0cb28b1602b730516ed3505e170a189717201c1b4e28b5d1684
PIEA,DTLZ5,14,0.26752811664258863,300.0,100.0,False,,,,[],,5.4623881,,,,,,,,,C:\Users\lsx\Desktop\REMOandDREMO测试集\10目标\n30\PIEA\PIEA_DTLZ5_M10_D30_14.mat,4739b382f9b5903b39a7b766ffbd539feeb9f1d8196f685a1b9c9ce2f8bee94d
PIEA,DTLZ5,15,0.3035730857397273,300.0,100.0,False,,,,[],,5.451535000000004,,,,,,,,,C:\Users\lsx\Desktop\REMOandDREMO测试集\10目标\n30\PIEA\PIEA_DTLZ5_M10_D30_15.mat,cbfa86d80f87a0921e7cd9691aa254da38513bb0fcfddcbcafe5e104003d7aec
PIEA,DTLZ5,16,0.33802776787145633,300.0,100.0,False,,,,[],,5.557039199999998,,,,,,,,,C:\Users\lsx\Desktop\REMOandDREMO测试集\10目标\n30\PIEA\PIEA_DTLZ5_M10_D30_16.mat,c5f36b8d0c31537ffe8886b9b1dee82bb35902a0f1a1154ba048768b8581acac
PIEA,DTLZ5,17,0.25289798422994464,300.0,100.0,False,,,,[],,5.650336400000003,,,,,,,,,C:\Users\lsx\Desktop\REMOandDREMO测试集\10目标\n30\PIEA\PIEA_DTLZ5_M10_D30_17.mat,48255f6bbd53873fe564558d127735805467454f6401125cf143ef6f75c730ed
PIEA,DTLZ5,18,0.3521804998024005,300.0,100.0,False,,,,[],,5.5137612,,,,,,,,,C:\Users\lsx\Desktop\REMOandDREMO测试集\10目标\n30\PIEA\PIEA_DTLZ5_M10_D30_18.mat,5648fee1518d38e7873d87697a979ad58ea41382dca1d1991fe7efad2d00a9e2
PIEA,DTLZ5,19,0.2837087186129325,300.0,100.0,False,,,,[],,5.499392400000002,,,,,,,,,C:\Users\lsx\Desktop\REMOandDREMO测试集\10目标\n30\PIEA\PIEA_DTLZ5_M10_D30_19.mat,c601e1088b6e96a9eab3ce85ce6814cf8e58e13c6ca0cb36a83922b362f214b5
PIEA,DTLZ5,2,0.33825029471529505,300.0,100.0,False,,,,[],,6.149625499999998,,,,,,,,,C:\Users\lsx\Desktop\REMOandDREMO测试集\10目标\n30\PIEA\PIEA_DTLZ5_M10_D30_2.mat,5879602b91b920909c02977bdf02484ee53658b09f9572a5592175ccaaa8e422
PIEA,DTLZ5,20,0.3552929295777772,300.0,100.0,False,,,,[],,5.532466499999997,,,,,,,,,C:\Users\lsx\Desktop\REMOandDREMO测试集\10目标\n30\PIEA\PIEA_DTLZ5_M10_D30_20.mat,e76af0c1a24d591e98f25a6ab07e161fce2f3cdf21471b4079650d651b6f8235
PIEA,DTLZ5,21,0.3688629109814166,300.0,100.0,False,,,,[],,5.395216299999999,,,,,,,,,C:\Users\lsx\Desktop\REMOandDREMO测试集\10目标\n30\PIEA\PIEA_DTLZ5_M10_D30_21.mat,31382f0bc410d4825da0134199e0c69b22322be6092037b162c92b9dc7ab8aa2
PIEA,DTLZ5,22,0.28706792393990027,300.0,100.0,False,,,,[],,5.488018700000006,,,,,,,,,C:\Users\lsx\Desktop\REMOandDREMO测试集\10目标\n30\PIEA\PIEA_DTLZ5_M10_D30_22.mat,571c76c8dfe5345d6ed3dee621e6f8d22ff2a0b0b29c67be9e3f11387ca4af41
PIEA,DTLZ5,23,0.2591065238334189,300.0,100.0,False,,,,[],,5.5472882,,,,,,,,,C:\Users\lsx\Desktop\REMOandDREMO测试集\10目标\n30\PIEA\PIEA_DTLZ5_M10_D30_23.mat,7a209bb79858609cd55c2f8d8a22e156150bfbb7903e87c5fc7b7606fd005583
PIEA,DTLZ5,24,0.28618277093052913,300.0,100.0,False,,,,[],,5.379773100000003,,,,,,,,,C:\Users\lsx\Desktop\REMOandDREMO测试集\10目标\n30\PIEA\PIEA_DTLZ5_M10_D30_24.mat,0be02e0fcf827cfe9abfefbb7a4517b9854ba0b6512d0634ee998b24b5571630
PIEA,DTLZ5,25,0.34857752355559457,300.0,100.0,False,,,,[],,5.793116399999998,,,,,,,,,C:\Users\lsx\Desktop\REMOandDREMO测试集\10目标\n30\PIEA\PIEA_DTLZ5_M10_D30_25.mat,e6fd3e1f765619425c01a7a06889eaee0e3f3b270d23b3493a445b7ded690a25
PIEA,DTLZ5,26,0.26254691434523236,300.0,100.0,False,,,,[],,5.4486928,,,,,,,,,C:\Users\lsx\Desktop\REMOandDREMO测试集\10目标\n30\PIEA\PIEA_DTLZ5_M10_D30_26.mat,494c884c7be532d34a5cd5a85d53dade5339d3a81e50dc0bc71029b3ec2fee6b
PIEA,DTLZ5,27,0.327809823062306,300.0,100.0,False,,,,[],,5.535062000000002,,,,,,,,,C:\Users\lsx\Desktop\REMOandDREMO测试集\10目标\n30\PIEA\PIEA_DTLZ5_M10_D30_27.mat,b12b71928dfbbd0aa3f1304bdfdf7d31b45831480b0a712bdb9cefb078aebbc0
PIEA,DTLZ5,28,0.34434356630284085,300.0,100.0,False,,,,[],,5.5055268,,,,,,,,,C:\Users\lsx\Desktop\REMOandDREMO测试集\10目标\n30\PIEA\PIEA_DTLZ5_M10_D30_28.mat,0e674032c87f99314f25a90d2e8da423355e06863be184d2b212e457d962cb35
PIEA,DTLZ5,29,0.3170362393757502,300.0,100.0,False,,,,[],,5.6127601999999985,,,,,,,,,C:\Users\lsx\Desktop\REMOandDREMO测试集\10目标\n30\PIEA\PIEA_DTLZ5_M10_D30_29.mat,e03f5681c9ab6ab10c3cf56fff8ce86b7b3609a3276bb08c41d32a27de0da577
PIEA,DTLZ5,3,0.29480841339407626,300.0,100.0,False,,,,[],,6.1726788999999975,,,,,,,,,C:\Users\lsx\Desktop\REMOandDREMO测试集\10目标\n30\PIEA\PIEA_DTLZ5_M10_D30_3.mat,77dedebfea51ed35799f5b2d09a725fef61c1f9c94621f279ffd7882e3a0ad5c
PIEA,DTLZ5,30,0.28666612830764526,300.0,100.0,False,,,,[],,5.427051,,,,,,,,,C:\Users\lsx\Desktop\REMOandDREMO测试集\10目标\n30\PIEA\PIEA_DTLZ5_M10_D30_30.mat,4f476e99a7c6680e525467dd3fd5a61029365370d3c9bdae54e29c36425b9ba5
PIEA,DTLZ5,4,0.2680380453308413,300.0,100.0,False,,,,[],,6.114190000000002,,,,,,,,,C:\Users\lsx\Desktop\REMOandDREMO测试集\10目标\n30\PIEA\PIEA_DTLZ5_M10_D30_4.mat,f93ca92d566c5d4dd46aa3c959dbb59827d30a75dd6f4509bbb0d691662bf1a2
PIEA,DTLZ5,5,0.29497292493574306,300.0,100.0,False,,,,[],,5.884020699999996,,,,,,,,,C:\Users\lsx\Desktop\REMOandDREMO测试集\10目标\n30\PIEA\PIEA_DTLZ5_M10_D30_5.mat,c9f42dd66c456a2900b6cb405dad0502bc6666facaa2beb26f39da7a1277476a
PIEA,DTLZ5,6,0.2961856520898137,300.0,100.0,False,,,,[],,6.3303079,,,,,,,,,C:\Users\lsx\Desktop\REMOandDREMO测试集\10目标\n30\PIEA\PIEA_DTLZ5_M10_D30_6.mat,962d88ddd8f40af6afa8dbe69d5781fbe5b0192e0388b7fe4c69bf50b3d3203f
PIEA,DTLZ5,7,0.2131890889377426,300.0,100.0,False,,,,[],,5.508329500000004,,,,,,,,,C:\Users\lsx\Desktop\REMOandDREMO测试集\10目标\n30\PIEA\PIEA_DTLZ5_M10_D30_7.mat,423ef91ef1e5f4b5c9e3fa66dc9be4ad70585a88b2b6328f62d7842731de09fd
PIEA,DTLZ5,8,0.28402939502057567,300.0,100.0,False,,,,[],,5.689682799999996,,,,,,,,,C:\Users\lsx\Desktop\REMOandDREMO测试集\10目标\n30\PIEA\PIEA_DTLZ5_M10_D30_8.mat,cc5a3c86fdc01cecb6cbdbebbfca6ca98d3151dfec1aa08655d6671e6bd526b4
PIEA,DTLZ5,9,0.2422747588576447,300.0,100.0,False,,,,[],,5.850832199999999,,,,,,,,,C:\Users\lsx\Desktop\REMOandDREMO测试集\10目标\n30\PIEA\PIEA_DTLZ5_M10_D30_9.mat,daf4798ec37e235cd8f4d3868ade69281581c4743880cc3f20a2c9ec344cf0b3
PIEA,DTLZ7,1,18.609530840752853,300.0,100.0,False,,,,[],,5.465913300000001,,,,,,,,,C:\Users\lsx\Desktop\REMOandDREMO测试集\10目标\n30\PIEA\PIEA_DTLZ7_M10_D30_1.mat,1e0ff2260353b3bd93527d212bb76ff9ac03a024f68b8a4ff14e3860382d4a97
PIEA,DTLZ7,10,7.614399323470482,300.0,100.0,False,,,,[],,4.793643600000001,,,,,,,,,C:\Users\lsx\Desktop\REMOandDREMO测试集\10目标\n30\PIEA\PIEA_DTLZ7_M10_D30_10.mat,69086d5ad8440c9abcc668f7acbb0783c95f744891c1678fdd92c551c5eb470b
PIEA,DTLZ7,11,13.697060263111656,300.0,100.0,False,,,,[],,4.915491999999998,,,,,,,,,C:\Users\lsx\Desktop\REMOandDREMO测试集\10目标\n30\PIEA\PIEA_DTLZ7_M10_D30_11.mat,9e46368c6f013aec707fdbb13fc164aa9be12281c9733a3763600473f49dc14d
PIEA,DTLZ7,12,28.23183602409113,300.0,100.0,False,,,,[],,4.739682799999999,,,,,,,,,C:\Users\lsx\Desktop\REMOandDREMO测试集\10目标\n30\PIEA\PIEA_DTLZ7_M10_D30_12.mat,dfb441e9b7aa83e82b500d4e50eef68a1b85a16e7de1ef537b60398c252116f6
PIEA,DTLZ7,13,20.69993594175255,300.0,100.0,False,,,,[],,4.715293100000001,,,,,,,,,C:\Users\lsx\Desktop\REMOandDREMO测试集\10目标\n30\PIEA\PIEA_DTLZ7_M10_D30_13.mat,2727073d689ad6eca38586391e0af03d531bf263719ba93f54a10fec08b36701
PIEA,DTLZ7,14,14.287298608975417,300.0,100.0,False,,,,[],,5.0107303,,,,,,,,,C:\Users\lsx\Desktop\REMOandDREMO测试集\10目标\n30\PIEA\PIEA_DTLZ7_M10_D30_14.mat,24cf295cdff9ac01589e27d03cc511459e4d0a41001084a7b11698c8c6cb9536
PIEA,DTLZ7,15,23.736316985084013,300.0,100.0,False,,,,[],,4.6512845999999985,,,,,,,,,C:\Users\lsx\Desktop\REMOandDREMO测试集\10目标\n30\PIEA\PIEA_DTLZ7_M10_D30_15.mat,44fdea0d4dda459f08d87ea404d4d0bbf43ec71968f296ebbfdaf61ee61a30d0
PIEA,DTLZ7,16,18.92222407949244,300.0,100.0,False,,,,[],,4.8328525,,,,,,,,,C:\Users\lsx\Desktop\REMOandDREMO测试集\10目标\n30\PIEA\PIEA_DTLZ7_M10_D30_16.mat,31a2d12edce6ff554ded1435aac20cb7822cbd0d97e2f5b4c1b3f22ad13069fa
PIEA,DTLZ7,17,24.71366709041449,300.0,100.0,False,,,,[],,4.6019331,,,,,,,,,C:\Users\lsx\Desktop\REMOandDREMO测试集\10目标\n30\PIEA\PIEA_DTLZ7_M10_D30_17.mat,c21bafd0c618ce53e7b3d6c57d846a4d24f4e5370a9fe826262701871c907384
PIEA,DTLZ7,18,17.11789513654678,300.0,100.0,False,,,,[],,4.943236500000003,,,,,,,,,C:\Users\lsx\Desktop\REMOandDREMO测试集\10目标\n30\PIEA\PIEA_DTLZ7_M10_D30_18.mat,77dcfc3a990fada8a65bb9c9da87b60305e4991dd44e7d468c83d16c0eedd384
PIEA,DTLZ7,19,22.178164056313584,300.0,100.0,False,,,,[],,4.9223359,,,,,,,,,C:\Users\lsx\Desktop\REMOandDREMO测试集\10目标\n30\PIEA\PIEA_DTLZ7_M10_D30_19.mat,07be9a375dc28681e7a120895c231d475963ccb0901f7c9020ff39c8abd2e1ba
PIEA,DTLZ7,2,21.33710406069735,300.0,100.0,False,,,,[],,5.444866800000001,,,,,,,,,C:\Users\lsx\Desktop\REMOandDREMO测试集\10目标\n30\PIEA\PIEA_DTLZ7_M10_D30_2.mat,b81ba592ab21efa318aefd6d9313c57a48631690db7f842b2c87c72674bbaa88
PIEA,DTLZ7,20,27.684529447886565,300.0,100.0,False,,,,[],,4.787736299999999,,,,,,,,,C:\Users\lsx\Desktop\REMOandDREMO测试集\10目标\n30\PIEA\PIEA_DTLZ7_M10_D30_20.mat,4e3f95ebffd2f47c1cb965c9e9b1d0858fab113be095741b33112f19fab14200
PIEA,DTLZ7,21,15.91021972100704,300.0,100.0,False,,,,[],,4.7047584,,,,,,,,,C:\Users\lsx\Desktop\REMOandDREMO测试集\10目标\n30\PIEA\PIEA_DTLZ7_M10_D30_21.mat,6a3cc698555a9b059452e48a8f65d6a958405e9276d42beb6081f809f3fa725c
PIEA,DTLZ7,22,20.079479411482154,300.0,100.0,False,,,,[],,4.744677900000001,,,,,,,,,C:\Users\lsx\Desktop\REMOandDREMO测试集\10目标\n30\PIEA\PIEA_DTLZ7_M10_D30_22.mat,bc2d76898457100c3a6101c05f7798aaaf66412c205b0f4081394e3e041c90ae
PIEA,DTLZ7,23,17.462966819463375,300.0,100.0,False,,,,[],,4.635600399999999,,,,,,,,,C:\Users\lsx\Desktop\REMOandDREMO测试集\10目标\n30\PIEA\PIEA_DTLZ7_M10_D30_23.mat,2b798d7e946d68fa9ef21741ee4e1c20df0a79de0c8374e5c81f89a58caf5134
PIEA,DTLZ7,24,26.903500453488487,300.0,100.0,False,,,,[],,4.584194700000001,,,,,,,,,C:\Users\lsx\Desktop\REMOandDREMO测试集\10目标\n30\PIEA\PIEA_DTLZ7_M10_D30_24.mat,e89aef7056e3c875ca330e8fd8bda85272ebb587b767e17da405f09159239c8e
PIEA,DTLZ7,25,21.343829054109673,300.0,100.0,False,,,,[],,4.6363796000000015,,,,,,,,,C:\Users\lsx\Desktop\REMOandDREMO测试集\10目标\n30\PIEA\PIEA_DTLZ7_M10_D30_25.mat,7225d4868ac3611aa9e407ace31fc24f94f2524dda2002fcf4883bb6089b34e7
PIEA,DTLZ7,26,19.40471479098904,300.0,100.0,False,,,,[],,4.6426262000000005,,,,,,,,,C:\Users\lsx\Desktop\REMOandDREMO测试集\10目标\n30\PIEA\PIEA_DTLZ7_M10_D30_26.mat,feb9c502bab18d950e4dd3b35880a5687b3a390bd9a121a61c37fc75781a4a10
PIEA,DTLZ7,27,18.149105235557162,300.0,100.0,False,,,,[],,4.895499399999999,,,,,,,,,C:\Users\lsx\Desktop\REMOandDREMO测试集\10目标\n30\PIEA\PIEA_DTLZ7_M10_D30_27.mat,f7543d11041f32b5521ebc79e78210ca5ec96222cce96798f607c86bffe1c177
PIEA,DTLZ7,28,24.635226635944637,300.0,100.0,False,,,,[],,4.506676800000001,,,,,,,,,C:\Users\lsx\Desktop\REMOandDREMO测试集\10目标\n30\PIEA\PIEA_DTLZ7_M10_D30_28.mat,b50ad8c227df024c8eb9c607c95d2dcc0d463398eaac2d63d0a872c2f5fad508
PIEA,DTLZ7,29,30.129785522825888,300.0,100.0,False,,,,[],,4.688330500000002,,,,,,,,,C:\Users\lsx\Desktop\REMOandDREMO测试集\10目标\n30\PIEA\PIEA_DTLZ7_M10_D30_29.mat,71ae2cfe2b3201671ad5a9ace9a662bfcf65160d720f9830fe349bd4e821523b
PIEA,DTLZ7,3,20.607733781495874,300.0,100.0,False,,,,[],,5.424719700000002,,,,,,,,,C:\Users\lsx\Desktop\REMOandDREMO测试集\10目标\n30\PIEA\PIEA_DTLZ7_M10_D30_3.mat,f68abd1b7a1ef0ca9805895b484feae1da97dd8864831b3d5943d1ae75b2c838
PIEA,DTLZ7,30,23.50763761707135,300.0,100.0,False,,,,[],,4.5536407000000025,,,,,,,,,C:\Users\lsx\Desktop\REMOandDREMO测试集\10目标\n30\PIEA\PIEA_DTLZ7_M10_D30_30.mat,75a0356cd1f93a38f9d63dfe5763af855e3944ad779615072c1042fc2096d6e8
PIEA,DTLZ7,4,11.676867278466197,300.0,100.0,False,,,,[],,5.538008300000002,,,,,,,,,C:\Users\lsx\Desktop\REMOandDREMO测试集\10目标\n30\PIEA\PIEA_DTLZ7_M10_D30_4.mat,7d2b3896e7fa6a8a7ef7bde8afd36689c3f6382b46a08746476247569787e17a
PIEA,DTLZ7,5,25.454060090029067,300.0,100.0,False,,,,[],,5.505698599999999,,,,,,,,,C:\Users\lsx\Desktop\REMOandDREMO测试集\10目标\n30\PIEA\PIEA_DTLZ7_M10_D30_5.mat,3a23844dbfce589dd5e57c061857f6e13d7c4e41619fb1de37cabea63428d024
PIEA,DTLZ7,6,24.756655377133793,300.0,100.0,False,,,,[],,5.384992499999997,,,,,,,,,C:\Users\lsx\Desktop\REMOandDREMO测试集\10目标\n30\PIEA\PIEA_DTLZ7_M10_D30_6.mat,5351d43d14f92fd7ccbe36992bb6d43c754eeae3d4ad7e6a510a6366fc2e6379
PIEA,DTLZ7,7,9.303826262472677,300.0,100.0,False,,,,[],,5.2357949,,,,,,,,,C:\Users\lsx\Desktop\REMOandDREMO测试集\10目标\n30\PIEA\PIEA_DTLZ7_M10_D30_7.mat,0167e01f7c7eddf70179c03d11f3b77e383bd590f41e485de918569f120b94a8
PIEA,DTLZ7,8,14.985750649486112,300.0,100.0,False,,,,[],,4.806350399999999,,,,,,,,,C:\Users\lsx\Desktop\REMOandDREMO测试集\10目标\n30\PIEA\PIEA_DTLZ7_M10_D30_8.mat,c85886909e4ad3e1de2cb683993793cf6fa2fc23a2b50a241bc0ac95170e2a1b
PIEA,DTLZ7,9,18.83396705595581,300.0,100.0,False,,,,[],,4.736410500000001,,,,,,,,,C:\Users\lsx\Desktop\REMOandDREMO测试集\10目标\n30\PIEA\PIEA_DTLZ7_M10_D30_9.mat,356bf0a517f7f5026c365adfc49db8f9f8915bf0e54f1472715d2899d207a94b
CSEA,DTLZ2,1,1.2091859225113064,307.0,109.0,False,,,,[],,40.500908,,,,,,,,,C:\Users\lsx\Desktop\REMOandDREMO测试集\10目标\n30\CSEA\CSEA_DTLZ2_M10_D30_1.mat,879be4f60d412811412ecdd676a2cf0ada8a8199901343e235846842f042b050
CSEA,DTLZ2,10,1.2940851952811054,302.0,109.0,False,,,,[],,30.7929648,,,,,,,,,C:\Users\lsx\Desktop\REMOandDREMO测试集\10目标\n30\CSEA\CSEA_DTLZ2_M10_D30_10.mat,de750cc06e2b19796db5fccdf7dbde140789b56810bb07b0d294fe3fa75e9a54
CSEA,DTLZ2,11,1.3894485898036446,308.0,109.0,False,,,,[],,32.1728608,,,,,,,,,C:\Users\lsx\Desktop\REMOandDREMO测试集\10目标\n30\CSEA\CSEA_DTLZ2_M10_D30_11.mat,eb26b5989f8502498e113836d36ee0bbf50d2937a7933a9a6cbc712a906ae6c4
CSEA,DTLZ2,12,1.3632644564855185,307.0,109.0,False,,,,[],,33.5844256,,,,,,,,,C:\Users\lsx\Desktop\REMOandDREMO测试集\10目标\n30\CSEA\CSEA_DTLZ2_M10_D30_12.mat,afb31e47e9500650b13157ecaadc97278c0bc281e45d5a26310a3d969755627a
CSEA,DTLZ2,13,1.2197234377474107,310.0,109.0,False,,,,[],,34.4530288,,,,,,,,,C:\Users\lsx\Desktop\REMOandDREMO测试集\10目标\n30\CSEA\CSEA_DTLZ2_M10_D30_13.mat,94cfb61c1bc2e33f4b5d477abeed5ac0f58857340caa7cd8379c7045b679d688
CSEA,DTLZ2,14,1.3383618693317128,304.0,109.0,False,,,,[],,32.3773578,,,,,,,,,C:\Users\lsx\Desktop\REMOandDREMO测试集\10目标\n30\CSEA\CSEA_DTLZ2_M10_D30_14.mat,9f3ff971edf5d419e5e76bdf4f2c1f52056353de508cb6da8002d3d775706d3b
CSEA,DTLZ2,15,1.4594564578844598,310.0,109.0,False,,,,[],,36.22685549999999,,,,,,,,,C:\Users\lsx\Desktop\REMOandDREMO测试集\10目标\n30\CSEA\CSEA_DTLZ2_M10_D30_15.mat,19d06fd48344405b4518a56bea6f0087fb29a513f9ec4d5749f55055acb2f4e9
CSEA,DTLZ2,16,1.3474716918506982,306.0,109.0,False,,,,[],,35.810973399999995,,,,,,,,,C:\Users\lsx\Desktop\REMOandDREMO测试集\10目标\n30\CSEA\CSEA_DTLZ2_M10_D30_16.mat,f119567dbac67c4fc7b0783c0051db45e42841457eb3878a3e078d98fdf96ac1
CSEA,DTLZ2,17,1.2647659151102972,301.0,109.0,False,,,,[],,32.472152,,,,,,,,,C:\Users\lsx\Desktop\REMOandDREMO测试集\10目标\n30\CSEA\CSEA_DTLZ2_M10_D30_17.mat,9d07825c5f40785684865473746e01f03a8d092ca0a13f6a5a39b0dc0a307856
CSEA,DTLZ2,18,1.302048960151682,307.0,109.0,False,,,,[],,34.3156248,,,,,,,,,C:\Users\lsx\Desktop\REMOandDREMO测试集\10目标\n30\CSEA\CSEA_DTLZ2_M10_D30_18.mat,b6e129520ab20b5a9b89cf8637be7ad2936d31e0c22b56fa069137a5383a7e7c
CSEA,DTLZ2,19,1.4379333057278065,311.0,109.0,False,,,,[],,31.0813084,,,,,,,,,C:\Users\lsx\Desktop\REMOandDREMO测试集\10目标\n30\CSEA\CSEA_DTLZ2_M10_D30_19.mat,320c72a0410d3dbf82d72803b2e43bb415f32384fc25adfaecfa0935d69a1574
CSEA,DTLZ2,2,1.4573809660439165,301.0,109.0,False,,,,[],,35.5203979,,,,,,,,,C:\Users\lsx\Desktop\REMOandDREMO测试集\10目标\n30\CSEA\CSEA_DTLZ2_M10_D30_2.mat,d8dd26c8f0ea7af5c5993b3825afba7b51a4b8383301b44195d528cb22348660
CSEA,DTLZ2,20,1.1495480176244963,301.0,109.0,False,,,,[],,32.06730410000001,,,,,,,,,C:\Users\lsx\Desktop\REMOandDREMO测试集\10目标\n30\CSEA\CSEA_DTLZ2_M10_D30_20.mat,c5f7e5b576b91ef4c4b2702e129a3c2d5164ab5468521ede8292d424c7e619fe
CSEA,DTLZ2,21,1.1802174735380686,303.0,109.0,False,,,,[],,31.5460148,,,,,,,,,C:\Users\lsx\Desktop\REMOandDREMO测试集\10目标\n30\CSEA\CSEA_DTLZ2_M10_D30_21.mat,0172c7387a32a11b1e8bd9626bfbccf81de7198093bbfbedc9bdc0090203bf59
CSEA,DTLZ2,22,1.2703785408495942,302.0,109.0,False,,,,[],,34.02498,,,,,,,,,C:\Users\lsx\Desktop\REMOandDREMO测试集\10目标\n30\CSEA\CSEA_DTLZ2_M10_D30_22.mat,4b83b3799341590816b57c0d8d0952e0a1378239a58a1b17622c10749f4bffee
CSEA,DTLZ2,23,1.3589770842373752,307.0,109.0,False,,,,[],,39.0570347,,,,,,,,,C:\Users\lsx\Desktop\REMOandDREMO测试集\10目标\n30\CSEA\CSEA_DTLZ2_M10_D30_23.mat,b659cf315c4cf01438f0ceeeb5a03c3b708426d03436a0f9e32547e2ed71bfcb
CSEA,DTLZ2,24,1.2327318602395494,301.0,109.0,False,,,,[],,33.275306300000004,,,,,,,,,C:\Users\lsx\Desktop\REMOandDREMO测试集\10目标\n30\CSEA\CSEA_DTLZ2_M10_D30_24.mat,880643dc6c4c823f03cbf9f14712479ec2a41b6f92496bb41d13d127fa80abef
CSEA,DTLZ2,25,1.1867879364927088,307.0,109.0,False,,,,[],,33.2179374,,,,,,,,,C:\Users\lsx\Desktop\REMOandDREMO测试集\10目标\n30\CSEA\CSEA_DTLZ2_M10_D30_25.mat,2d812267b09610a2fc74a06ab6fc15ff150c79d3ec840c03034180b9555e50e8
CSEA,DTLZ2,26,1.3685998527207535,306.0,109.0,False,,,,[],,32.4913102,,,,,,,,,C:\Users\lsx\Desktop\REMOandDREMO测试集\10目标\n30\CSEA\CSEA_DTLZ2_M10_D30_26.mat,c2e3f019db9f1723273b4b43fde100eb27f90920f1a59958382c6237c7b19167
CSEA,DTLZ2,27,1.2642166553750886,307.0,109.0,False,,,,[],,32.16851569999999,,,,,,,,,C:\Users\lsx\Desktop\REMOandDREMO测试集\10目标\n30\CSEA\CSEA_DTLZ2_M10_D30_27.mat,f9f2b0dc22aa855f8cd18beb0c227f20c996f97d1b6cb4cc061bfafeaffeeeda
CSEA,DTLZ2,28,1.1936229905281717,309.0,109.0,False,,,,[],,29.2709056,,,,,,,,,C:\Users\lsx\Desktop\REMOandDREMO测试集\10目标\n30\CSEA\CSEA_DTLZ2_M10_D30_28.mat,6e9c9d3ec46f719f456e195b64d114b94941e068d43d122fa19e3e2432e03de3
CSEA,DTLZ2,29,1.2191568188912387,307.0,109.0,False,,,,[],,27.417657000000002,,,,,,,,,C:\Users\lsx\Desktop\REMOandDREMO测试集\10目标\n30\CSEA\CSEA_DTLZ2_M10_D30_29.mat,f4d7982a89cba8ecf18635179dc045f8fdfb32a48f055fdd3038850d9f4b4614
CSEA,DTLZ2,3,1.3245003668084547,301.0,109.0,False,,,,[],,35.5483508,,,,,,,,,C:\Users\lsx\Desktop\REMOandDREMO测试集\10目标\n30\CSEA\CSEA_DTLZ2_M10_D30_3.mat,59220c31ace7ea08b1d29a211f09cdd534553b2655aa73bedf5c07a9d7cd1795
CSEA,DTLZ2,30,1.3139321686252428,301.0,109.0,False,,,,[],,27.0885865,,,,,,,,,C:\Users\lsx\Desktop\REMOandDREMO测试集\10目标\n30\CSEA\CSEA_DTLZ2_M10_D30_30.mat,7c60ee579b072bd7ae19126a630758d725830a9f9ad26533ab23a70e730782e6
CSEA,DTLZ2,4,1.3574447554615827,302.0,109.0,False,,,,[],,35.0874396,,,,,,,,,C:\Users\lsx\Desktop\REMOandDREMO测试集\10目标\n30\CSEA\CSEA_DTLZ2_M10_D30_4.mat,cc3bfe6eafca1263ebb36f904f94448144e64a9e659cb73f9ba3822fe2e44257
CSEA,DTLZ2,5,1.1014661872566902,303.0,109.0,False,,,,[],,36.8421645,,,,,,,,,C:\Users\lsx\Desktop\REMOandDREMO测试集\10目标\n30\CSEA\CSEA_DTLZ2_M10_D30_5.mat,41976ab3f0b806a6374ae293b4572cc0466dcfffb8f0c35f1ec8cf30cf80cd10
CSEA,DTLZ2,6,1.4446315892683061,309.0,109.0,False,,,,[],,39.190202,,,,,,,,,C:\Users\lsx\Desktop\REMOandDREMO测试集\10目标\n30\CSEA\CSEA_DTLZ2_M10_D30_6.mat,5f2eb107cb93025af46496b0e688c794a35ef3bb1ade3d41d28eba24601c9049
CSEA,DTLZ2,7,1.1804978497676863,305.0,109.0,False,,,,[],,32.27120559999999,,,,,,,,,C:\Users\lsx\Desktop\REMOandDREMO测试集\10目标\n30\CSEA\CSEA_DTLZ2_M10_D30_7.mat,d078360b9fe5797e7bb5ef8c509e1db796b4751d10644045c5376e4bca4e5913
CSEA,DTLZ2,8,1.3742413719108746,305.0,109.0,False,,,,[],,32.3685428,,,,,,,,,C:\Users\lsx\Desktop\REMOandDREMO测试集\10目标\n30\CSEA\CSEA_DTLZ2_M10_D30_8.mat,11c032813450948f8cf316bdb526bdc6ecda21a653a179f7c577c81d9032df20
CSEA,DTLZ2,9,1.3835393751911302,300.0,109.0,False,,,,[],,30.6822182,,,,,,,,,C:\Users\lsx\Desktop\REMOandDREMO测试集\10目标\n30\CSEA\CSEA_DTLZ2_M10_D30_9.mat,fe297aa2bb4ac402b53efba2321709ef0bfe3ae3099ef773f0aa1394680daaaf
CSEA,DTLZ4,1,1.1340471961243468,304.0,109.0,False,,,,[],,29.498441499999995,,,,,,,,,C:\Users\lsx\Desktop\REMOandDREMO测试集\10目标\n30\CSEA\CSEA_DTLZ4_M10_D30_1.mat,3617439d71088dbc787767239511cacbc562d1d1ce30df5becc9cfe6f5297008
CSEA,DTLZ4,10,1.0552545049050537,302.0,109.0,False,,,,[],,29.881201099999995,,,,,,,,,C:\Users\lsx\Desktop\REMOandDREMO测试集\10目标\n30\CSEA\CSEA_DTLZ4_M10_D30_10.mat,78051e107718ad3bbad0c0efc56777ae2e6fc5eaa29efd4b50f9984228cf84f7
CSEA,DTLZ4,11,1.2975280259547202,303.0,109.0,False,,,,[],,29.5246313,,,,,,,,,C:\Users\lsx\Desktop\REMOandDREMO测试集\10目标\n30\CSEA\CSEA_DTLZ4_M10_D30_11.mat,eaaed98d5db0474544f620faf2356414ede3066db630d04d5023560239a00897
CSEA,DTLZ4,12,1.220933457624316,303.0,109.0,False,,,,[],,29.1350769,,,,,,,,,C:\Users\lsx\Desktop\REMOandDREMO测试集\10目标\n30\CSEA\CSEA_DTLZ4_M10_D30_12.mat,2f45efd800c87e24c902f9f89b8c163a86548108909aa35714245bc385aef611
CSEA,DTLZ4,13,1.2717151658349606,310.0,109.0,False,,,,[],,38.642359600000006,,,,,,,,,C:\Users\lsx\Desktop\REMOandDREMO测试集\10目标\n30\CSEA\CSEA_DTLZ4_M10_D30_13.mat,ee5c985ad4777197e356ff5543fdfaba89cd53ca01e4b8725dffdd1611432c06
CSEA,DTLZ4,14,1.328499792852363,302.0,109.0,False,,,,[],,38.74681340000001,,,,,,,,,C:\Users\lsx\Desktop\REMOandDREMO测试集\10目标\n30\CSEA\CSEA_DTLZ4_M10_D30_14.mat,fa25913e95d4d3d0017a76d9405ec4cfc9bf88e130fb87985742e4f5ba48431e
CSEA,DTLZ4,15,1.288916781938712,301.0,109.0,False,,,,[],,37.58197109999999,,,,,,,,,C:\Users\lsx\Desktop\REMOandDREMO测试集\10目标\n30\CSEA\CSEA_DTLZ4_M10_D30_15.mat,8c42f8558579083fb6960a17411596dfd9b0b0f6a3b20be1d53827ccd1635bdb
CSEA,DTLZ4,16,1.3507728315526077,311.0,109.0,False,,,,[],,37.632998199999996,,,,,,,,,C:\Users\lsx\Desktop\REMOandDREMO测试集\10目标\n30\CSEA\CSEA_DTLZ4_M10_D30_16.mat,56d1f68096848230b800954220a8d8de89feae312ba505ee4e9014341a28a5d8
CSEA,DTLZ4,17,1.237644664171914,301.0,109.0,False,,,,[],,37.925362799999995,,,,,,,,,C:\Users\lsx\Desktop\REMOandDREMO测试集\10目标\n30\CSEA\CSEA_DTLZ4_M10_D30_17.mat,c8c0b3e8d44e71a1f9a7c7dc350b17a870d216e0e6cc4e6a0bc0b8488dbca53c
CSEA,DTLZ4,18,1.1982783050271923,300.0,109.0,False,,,,[],,35.875213900000006,,,,,,,,,C:\Users\lsx\Desktop\REMOandDREMO测试集\10目标\n30\CSEA\CSEA_DTLZ4_M10_D30_18.mat,0ed83b767ba587b41e525cf262c06157b41f8ba945403c077aa38a401a59fbfc
CSEA,DTLZ4,19,1.2698524464094,307.0,109.0,False,,,,[],,29.321635899999997,,,,,,,,,C:\Users\lsx\Desktop\REMOandDREMO测试集\10目标\n30\CSEA\CSEA_DTLZ4_M10_D30_19.mat,a03d4e711cb087971b9291a5b26a1367557c4e457fa0f0e6abb33fda5266a2cb
CSEA,DTLZ4,2,1.2578271552853006,300.0,109.0,False,,,,[],,29.3947219,,,,,,,,,C:\Users\lsx\Desktop\REMOandDREMO测试集\10目标\n30\CSEA\CSEA_DTLZ4_M10_D30_2.mat,7ecf423c53a7bae09b6eda282bdfe0c73f1ccf6cfcfe9c395967685dc9412933
CSEA,DTLZ4,20,1.13656979978875,305.0,109.0,False,,,,[],,27.5345083,,,,,,,,,C:\Users\lsx\Desktop\REMOandDREMO测试集\10目标\n30\CSEA\CSEA_DTLZ4_M10_D30_20.mat,e789c673b6f6b4ab8252b51e79813259d455099db9317eb4bf4f505d6b2a228e
CSEA,DTLZ4,21,1.270112442908134,304.0,109.0,False,,,,[],,28.1168719,,,,,,,,,C:\Users\lsx\Desktop\REMOandDREMO测试集\10目标\n30\CSEA\CSEA_DTLZ4_M10_D30_21.mat,ce90a23c505846f1902e1d8cd794dd873d2cafd0eb1ae60b13e1400e083d2cc8
CSEA,DTLZ4,22,1.203155819498691,300.0,109.0,False,,,,[],,27.946302199999995,,,,,,,,,C:\Users\lsx\Desktop\REMOandDREMO测试集\10目标\n30\CSEA\CSEA_DTLZ4_M10_D30_22.mat,02d9ff0de438016645067cf1bc3becc7c27ba9c5a78a48639663a6140f6c7963
CSEA,DTLZ4,23,1.2005494165987363,300.0,109.0,False,,,,[],,28.255300700000003,,,,,,,,,C:\Users\lsx\Desktop\REMOandDREMO测试集\10目标\n30\CSEA\CSEA_DTLZ4_M10_D30_23.mat,81b24020d6ef51ec19fd833a0e7e607ade9a064508d094b2601d29633e26b60e
CSEA,DTLZ4,24,1.2726334094759655,301.0,109.0,False,,,,[],,26.711968899999995,,,,,,,,,C:\Users\lsx\Desktop\REMOandDREMO测试集\10目标\n30\CSEA\CSEA_DTLZ4_M10_D30_24.mat,dc0135cd7ddb051fa2ec021766d56b5e0b14994ff44acc5d4e8603e918a7c405
CSEA,DTLZ4,25,1.3890054779111274,302.0,109.0,False,,,,[],,29.135853099999995,,,,,,,,,C:\Users\lsx\Desktop\REMOandDREMO测试集\10目标\n30\CSEA\CSEA_DTLZ4_M10_D30_25.mat,690e4387ad8326b7fba5b98ae061cb01f83e3b191ad34951a85d905558432601
CSEA,DTLZ4,26,1.1186017776555557,302.0,109.0,False,,,,[],,27.933499099999995,,,,,,,,,C:\Users\lsx\Desktop\REMOandDREMO测试集\10目标\n30\CSEA\CSEA_DTLZ4_M10_D30_26.mat,771d85d8d47df82ac77f228bd93e1623084f12599921d2b2a9bc35cd72231963
CSEA,DTLZ4,27,1.26663234902858,306.0,109.0,False,,,,[],,27.5605301,,,,,,,,,C:\Users\lsx\Desktop\REMOandDREMO测试集\10目标\n30\CSEA\CSEA_DTLZ4_M10_D30_27.mat,c65efc06009a1cc256489466d48ad9f574044d02c94be2312c9a0d751f369f80
CSEA,DTLZ4,28,1.279966964858559,300.0,109.0,False,,,,[],,26.683146,,,,,,,,,C:\Users\lsx\Desktop\REMOandDREMO测试集\10目标\n30\CSEA\CSEA_DTLZ4_M10_D30_28.mat,e8ec3f5e8c065f1180a0b9b3412c93da902d32c1096c75f7f339195d42f6399c
CSEA,DTLZ4,29,1.2217662206461823,303.0,109.0,False,,,,[],,26.746216099999998,,,,,,,,,C:\Users\lsx\Desktop\REMOandDREMO测试集\10目标\n30\CSEA\CSEA_DTLZ4_M10_D30_29.mat,2937844b5a40090df4a77e4e8f9468236436041207e54a7074f36ae75f4df10b
CSEA,DTLZ4,3,1.159791450571915,308.0,109.0,False,,,,[],,27.3808897,,,,,,,,,C:\Users\lsx\Desktop\REMOandDREMO测试集\10目标\n30\CSEA\CSEA_DTLZ4_M10_D30_3.mat,f7b4471c0c8d73be02d367ce94ea4e4562c5a3c793425d4736f48f74e0b75971
CSEA,DTLZ4,30,1.1156904363011604,308.0,109.0,False,,,,[],,29.075445600000002,,,,,,,,,C:\Users\lsx\Desktop\REMOandDREMO测试集\10目标\n30\CSEA\CSEA_DTLZ4_M10_D30_30.mat,10f000da8e7f7a8df7df8fd6b27e0ddd0f19a47d909d36118ffe0d2befded270
CSEA,DTLZ4,4,1.2687696787718976,300.0,109.0,False,,,,[],,25.8810255,,,,,,,,,C:\Users\lsx\Desktop\REMOandDREMO测试集\10目标\n30\CSEA\CSEA_DTLZ4_M10_D30_4.mat,451cdba3febc3bfdcdc6593e08abb91cc19a90ea6e5d9f3704be7b4c47e26a3b
CSEA,DTLZ4,5,1.1651029836191007,308.0,109.0,False,,,,[],,27.314389600000002,,,,,,,,,C:\Users\lsx\Desktop\REMOandDREMO测试集\10目标\n30\CSEA\CSEA_DTLZ4_M10_D30_5.mat,356693a0c13a85d531588876c8912df3717a47b37f6c2128b01af5b71c3f1618
CSEA,DTLZ4,6,1.068385329602993,302.0,109.0,False,,,,[],,29.160177,,,,,,,,,C:\Users\lsx\Desktop\REMOandDREMO测试集\10目标\n30\CSEA\CSEA_DTLZ4_M10_D30_6.mat,fe4a30b3c4e0dc4434c1f89d6cbadae2270d681c86c7a9e7f983d11e43731627
CSEA,DTLZ4,7,1.2204012950957792,311.0,109.0,False,,,,[],,30.693251800000002,,,,,,,,,C:\Users\lsx\Desktop\REMOandDREMO测试集\10目标\n30\CSEA\CSEA_DTLZ4_M10_D30_7.mat,8e735d06661f61263e6f6802c1bb4afc26ce460c33e03125538b287fa7c8d42f
CSEA,DTLZ4,8,1.1844627366463794,302.0,109.0,False,,,,[],,27.463240000000003,,,,,,,,,C:\Users\lsx\Desktop\REMOandDREMO测试集\10目标\n30\CSEA\CSEA_DTLZ4_M10_D30_8.mat,f98f8b79f6637ca63d7a80d7d265cd741cca977cd7e44884f874511caf0d3ae7
CSEA,DTLZ4,9,1.2473006150047616,306.0,109.0,False,,,,[],,27.4468263,,,,,,,,,C:\Users\lsx\Desktop\REMOandDREMO测试集\10目标\n30\CSEA\CSEA_DTLZ4_M10_D30_9.mat,404d0b2a6e9b91e8f4a3d724839d163e38d115083a142aeaa4a936acd050a4e8
CSEA,DTLZ5,1,0.7278174308430223,307.0,109.0,False,,,,[],,32.27237280000001,,,,,,,,,C:\Users\lsx\Desktop\REMOandDREMO测试集\10目标\n30\CSEA\CSEA_DTLZ5_M10_D30_1.mat,b4cef54c87e1819bc5fc9238cd87c60037a11c8e85859d7dc04b612dae6f9d0d
CSEA,DTLZ5,10,0.5348359402743235,306.0,109.0,False,,,,[],,31.1128825,,,,,,,,,C:\Users\lsx\Desktop\REMOandDREMO测试集\10目标\n30\CSEA\CSEA_DTLZ5_M10_D30_10.mat,a34b1deb391339b1dd1c48cffee78ef9b3995e0b1240523d0fe5a24e7ce99472
CSEA,DTLZ5,11,0.7590896829877949,303.0,109.0,False,,,,[],,31.928556199999996,,,,,,,,,C:\Users\lsx\Desktop\REMOandDREMO测试集\10目标\n30\CSEA\CSEA_DTLZ5_M10_D30_11.mat,4879f2887b56ae21cd03fb3cfdf1704506a8f101a4b5bc7ddc5d63c015921fd6
CSEA,DTLZ5,12,0.7765855585495024,308.0,109.0,False,,,,[],,32.933804800000004,,,,,,,,,C:\Users\lsx\Desktop\REMOandDREMO测试集\10目标\n30\CSEA\CSEA_DTLZ5_M10_D30_12.mat,61ce5844405df492ee5adb50cb4dd751600f4afc2fd17a2b2336ca351545768e
CSEA,DTLZ5,13,0.8008132211558936,308.0,109.0,False,,,,[],,29.1682997,,,,,,,,,C:\Users\lsx\Desktop\REMOandDREMO测试集\10目标\n30\CSEA\CSEA_DTLZ5_M10_D30_13.mat,f63dfe15bc613bd0713364fd2354ff9fe5245d8d94f155865ac55b5e551b4b39
CSEA,DTLZ5,14,0.7425615087804495,301.0,109.0,False,,,,[],,31.0195843,,,,,,,,,C:\Users\lsx\Desktop\REMOandDREMO测试集\10目标\n30\CSEA\CSEA_DTLZ5_M10_D30_14.mat,ba1e91198606a91bc8d0b625db149a97369d4fe8535ea982993ab1964ad094b2
CSEA,DTLZ5,15,0.7062027502743294,310.0,109.0,False,,,,[],,30.6982658,,,,,,,,,C:\Users\lsx\Desktop\REMOandDREMO测试集\10目标\n30\CSEA\CSEA_DTLZ5_M10_D30_15.mat,a7b0ac2d33d802ed1f3db275817aac0f13821f4f23bd18762fcb1c4334716d3c
CSEA,DTLZ5,16,0.676496405498084,305.0,109.0,False,,,,[],,29.543536800000002,,,,,,,,,C:\Users\lsx\Desktop\REMOandDREMO测试集\10目标\n30\CSEA\CSEA_DTLZ5_M10_D30_16.mat,b71ab33faa507005467188122569718ce2f55f6d26ab70e4098cbbbd43a3dd44
CSEA,DTLZ5,17,0.8689317767495635,302.0,109.0,False,,,,[],,29.5761555,,,,,,,,,C:\Users\lsx\Desktop\REMOandDREMO测试集\10目标\n30\CSEA\CSEA_DTLZ5_M10_D30_17.mat,b87d8822f83f2875abb117b963f4385da602be45b629d224b430686bc07b1e1f
CSEA,DTLZ5,18,0.8245074256040061,303.0,109.0,False,,,,[],,28.240114599999995,,,,,,,,,C:\Users\lsx\Desktop\REMOandDREMO测试集\10目标\n30\CSEA\CSEA_DTLZ5_M10_D30_18.mat,66c2a7a609638041520a07e3b865e8cb3a7bde27eda3c661e0dafe49263ce6c2
CSEA,DTLZ5,19,0.7207652799900951,306.0,109.0,False,,,,[],,27.821957299999998,,,,,,,,,C:\Users\lsx\Desktop\REMOandDREMO测试集\10目标\n30\CSEA\CSEA_DTLZ5_M10_D30_19.mat,c2486c9c34a3f2d67b80d8c6bb4095ccbefa54912c8456d7706c0d848d8bf273
CSEA,DTLZ5,2,0.8944657886566345,302.0,109.0,False,,,,[],,31.008979200000002,,,,,,,,,C:\Users\lsx\Desktop\REMOandDREMO测试集\10目标\n30\CSEA\CSEA_DTLZ5_M10_D30_2.mat,d37900f852d7f1b53d2c197c8ab1a83f9abc2ebd1c3725d66bf7299289f91b01
CSEA,DTLZ5,20,0.8574773509073593,309.0,109.0,False,,,,[],,30.825920999999997,,,,,,,,,C:\Users\lsx\Desktop\REMOandDREMO测试集\10目标\n30\CSEA\CSEA_DTLZ5_M10_D30_20.mat,91052b59b2d0e8f3a8c3452124d3ac83868218bd6c5c7b06cccf73738e851f1b
CSEA,DTLZ5,21,0.7128207582736629,300.0,109.0,False,,,,[],,29.4973426,,,,,,,,,C:\Users\lsx\Desktop\REMOandDREMO测试集\10目标\n30\CSEA\CSEA_DTLZ5_M10_D30_21.mat,3c398a7bb35619a984801008e995efaf3230585ecf7322fec5733e3ad6680640
CSEA,DTLZ5,22,0.7402354626587612,303.0,109.0,False,,,,[],,29.361669399999997,,,,,,,,,C:\Users\lsx\Desktop\REMOandDREMO测试集\10目标\n30\CSEA\CSEA_DTLZ5_M10_D30_22.mat,b0a4c28dd8aedbb2e837ba59e3df9383260f16e25180cf483c85ab5df8cae405
CSEA,DTLZ5,23,0.6415725067734278,307.0,109.0,False,,,,[],,31.012690499999998,,,,,,,,,C:\Users\lsx\Desktop\REMOandDREMO测试集\10目标\n30\CSEA\CSEA_DTLZ5_M10_D30_23.mat,6f628aa45589b8b8d90d3d1a59bdd912641b647b638038a76a16aaf888200870
CSEA,DTLZ5,24,0.40972655824785087,310.0,109.0,False,,,,[],,32.35231520000001,,,,,,,,,C:\Users\lsx\Desktop\REMOandDREMO测试集\10目标\n30\CSEA\CSEA_DTLZ5_M10_D30_24.mat,b54256b9ea43b571ad95386bab9493ecd98f97a79cc31ac8ee758a2e4ab88ea7
CSEA,DTLZ5,25,0.7750475265506169,310.0,109.0,False,,,,[],,30.6641013,,,,,,,,,C:\Users\lsx\Desktop\REMOandDREMO测试集\10目标\n30\CSEA\CSEA_DTLZ5_M10_D30_25.mat,c5f59517a3d43b4054ff01c31fac97e5d5fb3624115565a7706beb7ffa569986
CSEA,DTLZ5,26,0.5221171990598418,303.0,109.0,False,,,,[],,31.7918463,,,,,,,,,C:\Users\lsx\Desktop\REMOandDREMO测试集\10目标\n30\CSEA\CSEA_DTLZ5_M10_D30_26.mat,ae278d5b02d82b853fe5ceaaf54eef9f10fac7de38502aa402fa3dd3421e5927
CSEA,DTLZ5,27,0.9123177552478079,304.0,109.0,False,,,,[],,30.3674867,,,,,,,,,C:\Users\lsx\Desktop\REMOandDREMO测试集\10目标\n30\CSEA\CSEA_DTLZ5_M10_D30_27.mat,3bd2ad111351294ead0b8c714cd5447052bc43849916ab7181a3c730ec3a9c4d
CSEA,DTLZ5,28,0.8370418090977487,304.0,109.0,False,,,,[],,29.112412699999997,,,,,,,,,C:\Users\lsx\Desktop\REMOandDREMO测试集\10目标\n30\CSEA\CSEA_DTLZ5_M10_D30_28.mat,e578c4f7baf1d6e4853cf7c8e29efd384a15f1b6042a39a1510f5cb434e49010
CSEA,DTLZ5,29,0.7603950034175401,305.0,109.0,False,,,,[],,27.657909,,,,,,,,,C:\Users\lsx\Desktop\REMOandDREMO测试集\10目标\n30\CSEA\CSEA_DTLZ5_M10_D30_29.mat,095fc0a4c2b6ce99167446f874837a3f589b02b747341b456678faebb9849ce8
CSEA,DTLZ5,3,0.93976606747431,307.0,109.0,False,,,,[],,30.480633500000003,,,,,,,,,C:\Users\lsx\Desktop\REMOandDREMO测试集\10目标\n30\CSEA\CSEA_DTLZ5_M10_D30_3.mat,eb3bbc08ec6574abc78daf818ac9f7cf825e6ba9c96e4a6f198958c15b636283
CSEA,DTLZ5,30,0.6647349309803907,310.0,109.0,False,,,,[],,27.5985067,,,,,,,,,C:\Users\lsx\Desktop\REMOandDREMO测试集\10目标\n30\CSEA\CSEA_DTLZ5_M10_D30_30.mat,37facff1ec005b9454b297bc03bdb2c123ed4c4e2f444895bf192a5732c7db43
CSEA,DTLZ5,4,0.9378526072908692,302.0,109.0,False,,,,[],,28.884288799999997,,,,,,,,,C:\Users\lsx\Desktop\REMOandDREMO测试集\10目标\n30\CSEA\CSEA_DTLZ5_M10_D30_4.mat,eefc377e72150e5f2b613a81c0e48fb3de8519d60df43cf63cfc4aa056c0c495
CSEA,DTLZ5,5,0.7218225671167551,306.0,109.0,False,,,,[],,30.366564200000003,,,,,,,,,C:\Users\lsx\Desktop\REMOandDREMO测试集\10目标\n30\CSEA\CSEA_DTLZ5_M10_D30_5.mat,7e9ea9719c6b73935828a980e1f6e0eff0ffc9a6dfc505981047755ffa7cedcb
CSEA,DTLZ5,6,0.830528593083414,311.0,109.0,False,,,,[],,30.529199300000002,,,,,,,,,C:\Users\lsx\Desktop\REMOandDREMO测试集\10目标\n30\CSEA\CSEA_DTLZ5_M10_D30_6.mat,25b944967e1e319bafd51e3472be4aa4d24dd4cd4bc2067e38b7b337f70ed049
CSEA,DTLZ5,7,0.6884151063791993,309.0,109.0,False,,,,[],,31.3091037,,,,,,,,,C:\Users\lsx\Desktop\REMOandDREMO测试集\10目标\n30\CSEA\CSEA_DTLZ5_M10_D30_7.mat,92087347be7a81625c99341020cc36918a9e306fb6e8629ae855d83cffe7545a
CSEA,DTLZ5,8,0.6460705831573539,305.0,109.0,False,,,,[],,31.038366000000003,,,,,,,,,C:\Users\lsx\Desktop\REMOandDREMO测试集\10目标\n30\CSEA\CSEA_DTLZ5_M10_D30_8.mat,73fc4e28d43a509456726c5d4b09ed2326a19b6894cf575b52b7c35e123f95db
CSEA,DTLZ5,9,0.6780229284139481,307.0,109.0,False,,,,[],,29.525685399999997,,,,,,,,,C:\Users\lsx\Desktop\REMOandDREMO测试集\10目标\n30\CSEA\CSEA_DTLZ5_M10_D30_9.mat,215d881afc18075cf0f8abb52ed4a70f5db15ed4a5747e178101d655f0f7aebb
CSEA,DTLZ7,1,30.159127193873278,302.0,109.0,False,,,,[],,28.331600700000003,,,,,,,,,C:\Users\lsx\Desktop\REMOandDREMO测试集\10目标\n30\CSEA\CSEA_DTLZ7_M10_D30_1.mat,a63f013f42ae23a217a3efec145be87b511644c65a5a26cfb69f102d12032a5b
CSEA,DTLZ7,10,22.37364144759138,307.0,109.0,False,,,,[],,28.115997700000005,,,,,,,,,C:\Users\lsx\Desktop\REMOandDREMO测试集\10目标\n30\CSEA\CSEA_DTLZ7_M10_D30_10.mat,69ab9ece2ddd76f45f07aea2026804f16d2fd1d0895904b124c877bf0f8691a0
CSEA,DTLZ7,11,27.6505947154703,302.0,109.0,False,,,,[],,27.815080400000006,,,,,,,,,C:\Users\lsx\Desktop\REMOandDREMO测试集\10目标\n30\CSEA\CSEA_DTLZ7_M10_D30_11.mat,fbfc5a2644657edecbdc8cd008f7589a23fe1de2a6f8241327de9bf6312377b1
CSEA,DTLZ7,12,28.85112668321521,308.0,109.0,False,,,,[],,28.012695899999997,,,,,,,,,C:\Users\lsx\Desktop\REMOandDREMO测试集\10目标\n30\CSEA\CSEA_DTLZ7_M10_D30_12.mat,8bdecd033de516d61ce9d9eb817d22ffad379dad74ac94e442c14c57e5a57b28
CSEA,DTLZ7,13,29.3653688595712,311.0,109.0,False,,,,[],,29.7760432,,,,,,,,,C:\Users\lsx\Desktop\REMOandDREMO测试集\10目标\n30\CSEA\CSEA_DTLZ7_M10_D30_13.mat,95b523f032ddf2371f13b046d153d2c756ab37b1ef6d2533e83834c5c86f4ecf
CSEA,DTLZ7,14,25.617279419526195,311.0,109.0,False,,,,[],,30.6224839,,,,,,,,,C:\Users\lsx\Desktop\REMOandDREMO测试集\10目标\n30\CSEA\CSEA_DTLZ7_M10_D30_14.mat,1518fd027d8970483e6292d9bb8fa6dc0c5ec50414b19239cbcef91a570652e9
CSEA,DTLZ7,15,25.59389088552966,300.0,109.0,False,,,,[],,28.501038,,,,,,,,,C:\Users\lsx\Desktop\REMOandDREMO测试集\10目标\n30\CSEA\CSEA_DTLZ7_M10_D30_15.mat,c3072c74f7d42421448ae26783be6a7ec31c0ff8e9407e6bf1ac504d3698bc7a
CSEA,DTLZ7,16,26.682687615178008,305.0,109.0,False,,,,[],,28.1720577,,,,,,,,,C:\Users\lsx\Desktop\REMOandDREMO测试集\10目标\n30\CSEA\CSEA_DTLZ7_M10_D30_16.mat,854335432ab5e8021228af3f3ceb5a832bc536b4fdc96d96c0f0f9cacde32f1f
CSEA,DTLZ7,17,29.27112012948696,301.0,109.0,False,,,,[],,28.2017523,,,,,,,,,C:\Users\lsx\Desktop\REMOandDREMO测试集\10目标\n30\CSEA\CSEA_DTLZ7_M10_D30_17.mat,bf0327f973f247087d037893a689aa48297ac59de1226f93bea846e478f307e6
CSEA,DTLZ7,18,28.98202564343166,301.0,109.0,False,,,,[],,28.766219099999997,,,,,,,,,C:\Users\lsx\Desktop\REMOandDREMO测试集\10目标\n30\CSEA\CSEA_DTLZ7_M10_D30_18.mat,584e539503846f5386bea7d06106e7fb4998da594eb0b859fd6e8a361bbeddd7
CSEA,DTLZ7,19,31.233240034251867,303.0,109.0,False,,,,[],,26.5880361,,,,,,,,,C:\Users\lsx\Desktop\REMOandDREMO测试集\10目标\n30\CSEA\CSEA_DTLZ7_M10_D30_19.mat,63bad68a9405fc60bffd5fd6cf0f97d047c4ce78d7ad3b342bafaab80d8217cc
CSEA,DTLZ7,2,26.877497478762717,306.0,109.0,False,,,,[],,28.5661273,,,,,,,,,C:\Users\lsx\Desktop\REMOandDREMO测试集\10目标\n30\CSEA\CSEA_DTLZ7_M10_D30_2.mat,8921cb663c37f85a4b57f57b76946b65f68fccaf3b4f7d1effa3ec914ddba8e1
CSEA,DTLZ7,20,31.029203783553292,301.0,109.0,False,,,,[],,26.802973,,,,,,,,,C:\Users\lsx\Desktop\REMOandDREMO测试集\10目标\n30\CSEA\CSEA_DTLZ7_M10_D30_20.mat,460c91e3e54727996b73cc55a57147bbae1960bfcb1bd79b6478811db474f1d4
CSEA,DTLZ7,21,27.524219957533653,303.0,109.0,False,,,,[],,26.633462399999996,,,,,,,,,C:\Users\lsx\Desktop\REMOandDREMO测试集\10目标\n30\CSEA\CSEA_DTLZ7_M10_D30_21.mat,f9c1566d829bddb17b4c1b30ac5175532ce8fddc4c95ef78587cab189163cbe4
CSEA,DTLZ7,22,25.50192206291788,311.0,109.0,False,,,,[],,27.903834,,,,,,,,,C:\Users\lsx\Desktop\REMOandDREMO测试集\10目标\n30\CSEA\CSEA_DTLZ7_M10_D30_22.mat,03d24cbb33e068fa3146f6106f3f285b414a1daaa8871b26de2a6c4d917e9f7d
CSEA,DTLZ7,23,15.976521112193076,300.0,109.0,False,,,,[],,26.211056499999998,,,,,,,,,C:\Users\lsx\Desktop\REMOandDREMO测试集\10目标\n30\CSEA\CSEA_DTLZ7_M10_D30_23.mat,f2309b301c38060d00a3ac3aa5bdfd1024d2374947af47258bb69290dc692649
CSEA,DTLZ7,24,25.765615863110675,305.0,109.0,False,,,,[],,28.3124626,,,,,,,,,C:\Users\lsx\Desktop\REMOandDREMO测试集\10目标\n30\CSEA\CSEA_DTLZ7_M10_D30_24.mat,af83ecdc85b06d3ba488a1f4b386c7bdeca490ad348c639393f2b412e5545777
CSEA,DTLZ7,25,26.47833318621754,302.0,109.0,False,,,,[],,26.156966199999996,,,,,,,,,C:\Users\lsx\Desktop\REMOandDREMO测试集\10目标\n30\CSEA\CSEA_DTLZ7_M10_D30_25.mat,bebb62363137c4e1b9104365b13977f2f787cdbf9d03d9dbae9b9a9d4af8a035
CSEA,DTLZ7,26,26.100866732835147,301.0,109.0,False,,,,[],,27.754819800000003,,,,,,,,,C:\Users\lsx\Desktop\REMOandDREMO测试集\10目标\n30\CSEA\CSEA_DTLZ7_M10_D30_26.mat,503f8cbfafcbd5199b3516586143f105999b01088c098cee9c16157aec0ce575
CSEA,DTLZ7,27,30.817974664838754,302.0,109.0,False,,,,[],,27.462155,,,,,,,,,C:\Users\lsx\Desktop\REMOandDREMO测试集\10目标\n30\CSEA\CSEA_DTLZ7_M10_D30_27.mat,aea27250dd32ac618b3057bcbbc178c7c629c7f6caf4cd582be9ff8f5e87ff04
CSEA,DTLZ7,28,26.294669708514746,302.0,109.0,False,,,,[],,27.479763799999997,,,,,,,,,C:\Users\lsx\Desktop\REMOandDREMO测试集\10目标\n30\CSEA\CSEA_DTLZ7_M10_D30_28.mat,67fcf8570f35b1e0ff1515a7249731be1e2b3a36500d7462b58c44535654c06e
CSEA,DTLZ7,29,26.952227129548422,307.0,109.0,False,,,,[],,26.632996,,,,,,,,,C:\Users\lsx\Desktop\REMOandDREMO测试集\10目标\n30\CSEA\CSEA_DTLZ7_M10_D30_29.mat,0dc8d70e0afe2f415536e668f2bf3711180cdf019521d67c577aece2c8628e55
CSEA,DTLZ7,3,27.69227747806416,309.0,109.0,False,,,,[],,31.931911500000005,,,,,,,,,C:\Users\lsx\Desktop\REMOandDREMO测试集\10目标\n30\CSEA\CSEA_DTLZ7_M10_D30_3.mat,c5592110d28a806a78e1f23af663eaaf51eb65027061c9a7689c49105d39d389
CSEA,DTLZ7,30,29.963036691311725,309.0,109.0,False,,,,[],,24.669164699999996,,,,,,,,,C:\Users\lsx\Desktop\REMOandDREMO测试集\10目标\n30\CSEA\CSEA_DTLZ7_M10_D30_30.mat,92474c30ff6b48418fc9a9f5fc68da91be9432d637053270a961e757c961f05b
CSEA,DTLZ7,4,27.02883577128677,310.0,109.0,False,,,,[],,29.992155999999994,,,,,,,,,C:\Users\lsx\Desktop\REMOandDREMO测试集\10目标\n30\CSEA\CSEA_DTLZ7_M10_D30_4.mat,216a0a080b667d06ad7af677084a882dd095f296d792ab69574287032bb7bb0e
CSEA,DTLZ7,5,25.87280327658975,305.0,109.0,False,,,,[],,30.083521599999997,,,,,,,,,C:\Users\lsx\Desktop\REMOandDREMO测试集\10目标\n30\CSEA\CSEA_DTLZ7_M10_D30_5.mat,de845ac355338777ae48f5f94f07acc2ee3f8beea4d67b237c2f55cfa198b07e
CSEA,DTLZ7,6,28.433644784073657,300.0,109.0,False,,,,[],,28.4091693,,,,,,,,,C:\Users\lsx\Desktop\REMOandDREMO测试集\10目标\n30\CSEA\CSEA_DTLZ7_M10_D30_6.mat,1ec56dcaa6bf4bd23fbb5417cd73f5a15951e2064920887d46e296c22919ff3a
CSEA,DTLZ7,7,24.826891900966377,300.0,109.0,False,,,,[],,26.553717600000006,,,,,,,,,C:\Users\lsx\Desktop\REMOandDREMO测试集\10目标\n30\CSEA\CSEA_DTLZ7_M10_D30_7.mat,adb94677cc72ed21c71aa5c8d29d8fc2ff73bfde6e328368c959b6713076d91d
CSEA,DTLZ7,8,30.84625087700213,300.0,109.0,False,,,,[],,26.905268700000004,,,,,,,,,C:\Users\lsx\Desktop\REMOandDREMO测试集\10目标\n30\CSEA\CSEA_DTLZ7_M10_D30_8.mat,133f0ec101b10f79830c8c1aba8e5847bf5cb405cf456216683a97f5486cc378
CSEA,DTLZ7,9,30.873892713127862,300.0,109.0,False,,,,[],,27.020942499999997,,,,,,,,,C:\Users\lsx\Desktop\REMOandDREMO测试集\10目标\n30\CSEA\CSEA_DTLZ7_M10_D30_9.mat,ff7ec9d329126e9666c3052833a931b742f2e70fda00cec726bff1e6aced607c
PC-SAEA,DTLZ2,1,1.5233887898551137,300.0,100.0,False,,,,[],,40.890320900000006,,,,,,,,,C:\Users\lsx\Desktop\REMOandDREMO测试集\10目标\n30\PCSAEA_N100\PCSAEA_N100_DTLZ2_M10_D30_1.mat,8ca4547419f1c33ec8308afd1f8e076746d802d3272a4fc278f29d66872f342b
PC-SAEA,DTLZ2,10,1.57392249560111,300.0,100.0,False,,,,[],,44.640062900000004,,,,,,,,,C:\Users\lsx\Desktop\REMOandDREMO测试集\10目标\n30\PCSAEA_N100\PCSAEA_N100_DTLZ2_M10_D30_10.mat,4dbc220f6138e4794a73a8364d213662270cc00e4a9951a4478bb89533056100
PC-SAEA,DTLZ2,11,1.5184660784024684,300.0,100.0,False,,,,[],,42.21292749999999,,,,,,,,,C:\Users\lsx\Desktop\REMOandDREMO测试集\10目标\n30\PCSAEA_N100\PCSAEA_N100_DTLZ2_M10_D30_11.mat,7e0257d1d5bfdb5481cbccf39fd3b9e6d953fb1e2a0d42ef7b008c428e26e40d
PC-SAEA,DTLZ2,12,1.5597544181031229,300.0,100.0,False,,,,[],,42.1491951,,,,,,,,,C:\Users\lsx\Desktop\REMOandDREMO测试集\10目标\n30\PCSAEA_N100\PCSAEA_N100_DTLZ2_M10_D30_12.mat,914daf70e859b56c8f274d096d8221c3894e0df417aac7907e8b894700624178
PC-SAEA,DTLZ2,13,1.466007234702992,300.0,100.0,False,,,,[],,43.976881399999996,,,,,,,,,C:\Users\lsx\Desktop\REMOandDREMO测试集\10目标\n30\PCSAEA_N100\PCSAEA_N100_DTLZ2_M10_D30_13.mat,ab612043d17ad0b0ffac394354eff5d07cad5cb68bd25b98521aefa165e4a78b
PC-SAEA,DTLZ2,14,1.4175416455391174,300.0,100.0,False,,,,[],,44.1008083,,,,,,,,,C:\Users\lsx\Desktop\REMOandDREMO测试集\10目标\n30\PCSAEA_N100\PCSAEA_N100_DTLZ2_M10_D30_14.mat,be57c3e46a9e2b53b38d95493faea26e1a2f2ff1d5d14eee2975b46dfa0ee293
PC-SAEA,DTLZ2,15,1.4840616896953742,300.0,100.0,False,,,,[],,41.7018204,,,,,,,,,C:\Users\lsx\Desktop\REMOandDREMO测试集\10目标\n30\PCSAEA_N100\PCSAEA_N100_DTLZ2_M10_D30_15.mat,58db481f3fe5e8bdbcef4f75af236c599113aded9113896883ba6aa086403060
PC-SAEA,DTLZ2,16,1.3807317788898539,300.0,100.0,False,,,,[],,43.9396839,,,,,,,,,C:\Users\lsx\Desktop\REMOandDREMO测试集\10目标\n30\PCSAEA_N100\PCSAEA_N100_DTLZ2_M10_D30_16.mat,71555b05a4fa42af6bdea6c408f90c3f5454ea64c3c6047182ca60570801cc32
PC-SAEA,DTLZ2,17,1.4490962601279096,300.0,100.0,False,,,,[],,41.284918600000005,,,,,,,,,C:\Users\lsx\Desktop\REMOandDREMO测试集\10目标\n30\PCSAEA_N100\PCSAEA_N100_DTLZ2_M10_D30_17.mat,20f0722736112987aa7e1e206634b28e626ab1b43dc20442f269c7574c4e263b
PC-SAEA,DTLZ2,18,1.637715754321888,300.0,100.0,False,,,,[],,41.5203166,,,,,,,,,C:\Users\lsx\Desktop\REMOandDREMO测试集\10目标\n30\PCSAEA_N100\PCSAEA_N100_DTLZ2_M10_D30_18.mat,5898442179d312d2812e0c4ee2424fec424cc64da344afb1252214501bf6bb13
PC-SAEA,DTLZ2,19,1.5172204721333513,300.0,100.0,True,21262931,,9.14.0.2254940 (R2023a) Update 2,"[0.8, 3000.0]",2026-09-12 23:50:11,26.628071999999996,ce5989881a36c9d8deb0ff9c9898d954d14d0261052e834da43e48778ba52a8d,,,,,,,,C:\Users\lsx\Desktop\REMOandDREMO测试集\10目标\n30\PCSAEA_N100\PCSAEA_N100_DTLZ2_M10_D30_19.mat,50bd228a3620b75d0fa086f5d84634493e6d5e2e57b95ce9ee6fdaf0e1689093
PC-SAEA,DTLZ2,2,1.4812340127334753,300.0,100.0,False,,,,[],,40.5208072,,,,,,,,,C:\Users\lsx\Desktop\REMOandDREMO测试集\10目标\n30\PCSAEA_N100\PCSAEA_N100_DTLZ2_M10_D30_2.mat,ab34ddb3ec2d3378711049b2e1a038e758953b4a70a37c38515bc02b43e6647e
PC-SAEA,DTLZ2,20,1.5535349033864567,300.0,100.0,True,21262932,,9.14.0.2254940 (R2023a) Update 2,"[0.8, 3000.0]",2026-09-12 23:50:11,25.1850984,5ef3deb80b409563e8b744b4104b279c76b125b1496f5684ad1789d4c8d3bafd,,,,,,,,C:\Users\lsx\Desktop\REMOandDREMO测试集\10目标\n30\PCSAEA_N100\PCSAEA_N100_DTLZ2_M10_D30_20.mat,3f07ef686e523ea67d461903e36cbce50591ef811f5de587f4e677978d5b61fa
PC-SAEA,DTLZ2,21,1.4979479433712826,300.0,100.0,True,21262933,,9.14.0.2254940 (R2023a) Update 2,"[0.8, 3000.0]",2026-09-12 23:50:39,24.924840099999997,737d2380fb2c20179fb1b6ed9e1a6880fa93cbd72122e96becb0c6baadcd5c4d,,,,,,,,C:\Users\lsx\Desktop\REMOandDREMO测试集\10目标\n30\PCSAEA_N100\PCSAEA_N100_DTLZ2_M10_D30_21.mat,2809a1477da7175779def5d423883669e2fb4b0d6e905d81373cfa3b1694598f
PC-SAEA,DTLZ2,22,1.569519135573328,300.0,100.0,True,21262934,,9.14.0.2254940 (R2023a) Update 2,"[0.8, 3000.0]",2026-09-12 23:50:39,26.087981300000006,797953490e9de11f7fe39106dad92a1d2644f469b746e541ad9f92a00fe90202,,,,,,,,C:\Users\lsx\Desktop\REMOandDREMO测试集\10目标\n30\PCSAEA_N100\PCSAEA_N100_DTLZ2_M10_D30_22.mat,a1d019f358b99a493c653fa1df2e22af6a8ee9de192d188572d34bf99fc07894
PC-SAEA,DTLZ2,23,1.5920392154483918,300.0,100.0,True,21262935,,9.14.0.2254940 (R2023a) Update 2,"[0.8, 3000.0]",2026-09-12 23:51:05,24.8014462,e3cb61504d9d053d315328058e888bbfc6dc2e2df90c27839d00464a83951dea,,,,,,,,C:\Users\lsx\Desktop\REMOandDREMO测试集\10目标\n30\PCSAEA_N100\PCSAEA_N100_DTLZ2_M10_D30_23.mat,2a9773c97e6e0449432938d7a965c9e3314d27ab5f34ea42a7c7e481cd328289
PC-SAEA,DTLZ2,24,1.5697324811341598,300.0,100.0,True,21262936,,9.14.0.2254940 (R2023a) Update 2,"[0.8, 3000.0]",2026-09-12 23:51:05,25.093577999999997,8169343d2afaabb8408a7cfa5f6c4e7a7a637b6793a079bc43e55905efbde675,,,,,,,,C:\Users\lsx\Desktop\REMOandDREMO测试集\10目标\n30\PCSAEA_N100\PCSAEA_N100_DTLZ2_M10_D30_24.mat,140c8b64ad8a6f26829a4b3e676c627f39ffa1d53b419aaac4662bdb79909bb7
PC-SAEA,DTLZ2,25,1.445247535911375,300.0,100.0,True,21262937,,9.14.0.2254940 (R2023a) Update 2,"[0.8, 3000.0]",2026-09-12 23:51:31,24.466992599999998,69a93f2ee99395809a365807ae771212d871e087f9dc1943c3684ab077ea3a31,,,,,,,,C:\Users\lsx\Desktop\REMOandDREMO测试集\10目标\n30\PCSAEA_N100\PCSAEA_N100_DTLZ2_M10_D30_25.mat,70e3ee0cce16e66c78309b46f34b334d8f13bf40ead04ff8d4f02295b9baced8
PC-SAEA,DTLZ2,26,1.4884073316098185,300.0,100.0,True,21262938,,9.14.0.2254940 (R2023a) Update 2,"[0.8, 3000.0]",2026-09-12 23:51:31,25.034084599999996,5abec0a0636991fbf63f8d0fe0b28bd568e02884b05c855e0c30f258319d4505,,,,,,,,C:\Users\lsx\Desktop\REMOandDREMO测试集\10目标\n30\PCSAEA_N100\PCSAEA_N100_DTLZ2_M10_D30_26.mat,3e811a90252c0ac8389619ef175085e086d41941eb23e63d56117ac859a5b5d5
PC-SAEA,DTLZ2,27,1.5483100169488422,300.0,100.0,True,21262939,,9.14.0.2254940 (R2023a) Update 2,"[0.8, 3000.0]",2026-09-12 23:51:57,24.973651999999998,7e87c1774acc292f2a091be2d23203581562a9735ffe50efd569149bc47056b1,,,,,,,,C:\Users\lsx\Desktop\REMOandDREMO测试集\10目标\n30\PCSAEA_N100\PCSAEA_N100_DTLZ2_M10_D30_27.mat,9dee35d9ec539c04753bfea2fa6aad4082f6c8fa0ca2e764339499e4255a0642
PC-SAEA,DTLZ2,28,1.5354862109572167,300.0,100.0,True,21262940,,9.14.0.2254940 (R2023a) Update 2,"[0.8, 3000.0]",2026-09-12 23:51:57,25.2047684,9c90ff3bfe59fa0d7c3728ded3308c419c310545b34f3fbbb939a7a74c0c5823,,,,,,,,C:\Users\lsx\Desktop\REMOandDREMO测试集\10目标\n30\PCSAEA_N100\PCSAEA_N100_DTLZ2_M10_D30_28.mat,5667dba4052b2e9a2cb1866bda97e4fa3a1bbfc3d24f7e7022830e59fc4c8190
PC-SAEA,DTLZ2,29,1.508417567497517,300.0,100.0,True,21262941,,9.14.0.2254940 (R2023a) Update 2,"[0.8, 3000.0]",2026-09-12 23:52:23,24.7187936,0639f2d9bf202173f46df747fa5583c63d8ca113b4c8ff4de383e268d6e3b799,,,,,,,,C:\Users\lsx\Desktop\REMOandDREMO测试集\10目标\n30\PCSAEA_N100\PCSAEA_N100_DTLZ2_M10_D30_29.mat,fbf4f975ba824e90dd7bd4c35781b08a7cf629d7646c054e82376089f0445bd5
PC-SAEA,DTLZ2,3,1.5905864596628614,300.0,100.0,False,,,,[],,40.94596069999999,,,,,,,,,C:\Users\lsx\Desktop\REMOandDREMO测试集\10目标\n30\PCSAEA_N100\PCSAEA_N100_DTLZ2_M10_D30_3.mat,1c3eb383854e9618db0814a317e86b9a5c3dea72dab85756dba5c54829e79eea
PC-SAEA,DTLZ2,30,1.5239047554555554,300.0,100.0,True,21262942,,9.14.0.2254940 (R2023a) Update 2,"[0.8, 3000.0]",2026-09-12 23:52:23,24.8868217,e4d82c44350fbf47b3355c4e4d142cdd19ea4b06e6cb71bcfb1ee0e6cb211e55,,,,,,,,C:\Users\lsx\Desktop\REMOandDREMO测试集\10目标\n30\PCSAEA_N100\PCSAEA_N100_DTLZ2_M10_D30_30.mat,602c1010d410860e5df6c1af80e0032c1ac7adb34e2767cbb04eef46f67efdaf
PC-SAEA,DTLZ2,4,1.5165748542114896,300.0,100.0,False,,,,[],,43.77927410000001,,,,,,,,,C:\Users\lsx\Desktop\REMOandDREMO测试集\10目标\n30\PCSAEA_N100\PCSAEA_N100_DTLZ2_M10_D30_4.mat,5f8ee60e73c63c0b07bce3d69fca84b56add439f4793fd2996a0e6e6545369ea
PC-SAEA,DTLZ2,5,1.4391978909043226,300.0,100.0,False,,,,[],,40.6632707,,,,,,,,,C:\Users\lsx\Desktop\REMOandDREMO测试集\10目标\n30\PCSAEA_N100\PCSAEA_N100_DTLZ2_M10_D30_5.mat,3a1c531b29e70f1e660d2720ace19be2c569de98bfe2a21d35f35f6ab7f9e6e4
PC-SAEA,DTLZ2,6,1.522447596200886,300.0,100.0,False,,,,[],,41.199347100000004,,,,,,,,,C:\Users\lsx\Desktop\REMOandDREMO测试集\10目标\n30\PCSAEA_N100\PCSAEA_N100_DTLZ2_M10_D30_6.mat,6ff71042a8f460b36747acc23afc58230b95ebcf5c87c2a575ae1d4266b7a8c1
PC-SAEA,DTLZ2,7,1.564212902508756,300.0,100.0,False,,,,[],,41.9346906,,,,,,,,,C:\Users\lsx\Desktop\REMOandDREMO测试集\10目标\n30\PCSAEA_N100\PCSAEA_N100_DTLZ2_M10_D30_7.mat,ad75407bbb1d24efad02b512869c740c2895404177aec885c64c797b57a75cf8
PC-SAEA,DTLZ2,8,1.4815931518909278,300.0,100.0,False,,,,[],,41.6650633,,,,,,,,,C:\Users\lsx\Desktop\REMOandDREMO测试集\10目标\n30\PCSAEA_N100\PCSAEA_N100_DTLZ2_M10_D30_8.mat,1e37a5da64791aa413d1e7a3cb4801fc7cb93e8a6663d1ac0ab007f85479db27
PC-SAEA,DTLZ2,9,1.4277511272591352,300.0,100.0,False,,,,[],,41.6866474,,,,,,,,,C:\Users\lsx\Desktop\REMOandDREMO测试集\10目标\n30\PCSAEA_N100\PCSAEA_N100_DTLZ2_M10_D30_9.mat,41c866477a7b025eb6c33ad94f3327e4e17c1c8d674172e6265d83769c834136
PC-SAEA,DTLZ4,1,1.6760941383529877,300.0,100.0,False,,,,[],,41.1598445,,,,,,,,,C:\Users\lsx\Desktop\REMOandDREMO测试集\10目标\n30\PCSAEA_N100\PCSAEA_N100_DTLZ4_M10_D30_1.mat,74b7911379fafde01308ece4f4e2b15322533e2d7b5510724189fbf674680994
PC-SAEA,DTLZ4,10,1.7551166243517229,300.0,100.0,False,,,,[],,42.6676813,,,,,,,,,C:\Users\lsx\Desktop\REMOandDREMO测试集\10目标\n30\PCSAEA_N100\PCSAEA_N100_DTLZ4_M10_D30_10.mat,91bf890395aa6e50db2e66582e9bc0d4779fa9bd78cc8f4a38f5db400594b12b
PC-SAEA,DTLZ4,11,1.712901601991227,300.0,100.0,False,,,,[],,42.929469499999996,,,,,,,,,C:\Users\lsx\Desktop\REMOandDREMO测试集\10目标\n30\PCSAEA_N100\PCSAEA_N100_DTLZ4_M10_D30_11.mat,e827a1b7e8084abe7154f60c22cf8a5951590b17fe6a963fa6afb83b050da7c9
PC-SAEA,DTLZ4,12,1.6216222579733837,300.0,100.0,False,,,,[],,42.336633799999994,,,,,,,,,C:\Users\lsx\Desktop\REMOandDREMO测试集\10目标\n30\PCSAEA_N100\PCSAEA_N100_DTLZ4_M10_D30_12.mat,593f5ccb520ebfa714ce91583b5adc28472cbf83e10f32bbec0ec8062d592bb2
PC-SAEA,DTLZ4,13,1.6872294477765424,300.0,100.0,False,,,,[],,42.11290749999999,,,,,,,,,C:\Users\lsx\Desktop\REMOandDREMO测试集\10目标\n30\PCSAEA_N100\PCSAEA_N100_DTLZ4_M10_D30_13.mat,88bfaebc53e57648f77d424379b36714dca3374ecb5f98fddc2a1d98b0732e16
PC-SAEA,DTLZ4,14,1.5380123315852086,300.0,100.0,False,,,,[],,42.288238699999994,,,,,,,,,C:\Users\lsx\Desktop\REMOandDREMO测试集\10目标\n30\PCSAEA_N100\PCSAEA_N100_DTLZ4_M10_D30_14.mat,6bb612079d577db14f755c594674ff8d3ef64535217f4cdd0a7d722cbeb6d57c
PC-SAEA,DTLZ4,15,1.679277108664244,300.0,100.0,False,,,,[],,42.27194059999999,,,,,,,,,C:\Users\lsx\Desktop\REMOandDREMO测试集\10目标\n30\PCSAEA_N100\PCSAEA_N100_DTLZ4_M10_D30_15.mat,007f30367b09c41ffbe28c9a70220f451db11119f3f4485d77e06a772b924f47
PC-SAEA,DTLZ4,16,1.6192035683494301,300.0,100.0,False,,,,[],,42.21068389999999,,,,,,,,,C:\Users\lsx\Desktop\REMOandDREMO测试集\10目标\n30\PCSAEA_N100\PCSAEA_N100_DTLZ4_M10_D30_16.mat,3203bd52be8ed452e82c4c493b8d11391a43fc8a3a6124ac0eca7d4f47fd07d8
PC-SAEA,DTLZ4,17,1.705566231749301,300.0,100.0,False,,,,[],,42.30130120000001,,,,,,,,,C:\Users\lsx\Desktop\REMOandDREMO测试集\10目标\n30\PCSAEA_N100\PCSAEA_N100_DTLZ4_M10_D30_17.mat,805f5806b0b418b6833944e821e018cdc99b9db9608b630a10cf8cdde2ee5d20
PC-SAEA,DTLZ4,18,1.6275190438807678,300.0,100.0,False,,,,[],,42.4773408,,,,,,,,,C:\Users\lsx\Desktop\REMOandDREMO测试集\10目标\n30\PCSAEA_N100\PCSAEA_N100_DTLZ4_M10_D30_18.mat,e0b144245957b9c24afd2c6a51ade1f9938d489465d8c9eec61b84690dc2cd77
PC-SAEA,DTLZ4,19,1.7139915772855496,300.0,100.0,True,21264931,,9.14.0.2254940 (R2023a) Update 2,"[0.8, 3000.0]",2026-09-13 01:16:20,25.235924,3d07230b58e46bed680f0c44cb4241300f1dd173ba1fd940470a198dc976f3e3,,,,,,,,C:\Users\lsx\Desktop\REMOandDREMO测试集\10目标\n30\PCSAEA_N100\PCSAEA_N100_DTLZ4_M10_D30_19.mat,1731d7057c2822ba4b3b26fbdb376e4071262816e54d200c651d6830cb2b71a8
PC-SAEA,DTLZ4,2,1.5040454336028293,300.0,100.0,False,,,,[],,41.5080706,,,,,,,,,C:\Users\lsx\Desktop\REMOandDREMO测试集\10目标\n30\PCSAEA_N100\PCSAEA_N100_DTLZ4_M10_D30_2.mat,084c457ea2cae45b65a349f0444cc3f4006c04fdf95ca1c19fae37ad1a0ffd6c
PC-SAEA,DTLZ4,20,1.6459074720206381,300.0,100.0,True,21264932,,9.14.0.2254940 (R2023a) Update 2,"[0.8, 3000.0]",2026-09-13 01:16:20,25.492349400000002,a06da2fa41e53d2176c0a4d8332945202b5c82c591e143dad5fee179fe1441cd,,,,,,,,C:\Users\lsx\Desktop\REMOandDREMO测试集\10目标\n30\PCSAEA_N100\PCSAEA_N100_DTLZ4_M10_D30_20.mat,cbe470a90b8d757ed6801434619a9a6b0b2f2474d766582d70b8d2df4b8d5bee
PC-SAEA,DTLZ4,21,1.667305620862793,300.0,100.0,True,21264933,,9.14.0.2254940 (R2023a) Update 2,"[0.8, 3000.0]",2026-09-13 01:16:46,25.798791500000007,44f943bbacfe4bff735b2ff5026f341525e720739a79fe00cb8f3002a53e958e,,,,,,,,C:\Users\lsx\Desktop\REMOandDREMO测试集\10目标\n30\PCSAEA_N100\PCSAEA_N100_DTLZ4_M10_D30_21.mat,f9c119a02e2f5f36b64a1e22359e7120a87f4a60ff51cb0ee18f7fa4dc33b955
PC-SAEA,DTLZ4,22,1.6913953597378595,300.0,100.0,True,21264934,,9.14.0.2254940 (R2023a) Update 2,"[0.8, 3000.0]",2026-09-13 01:16:46,25.750331699999997,eeddd9d048583fcfb0d10e9bfe0cdec4fe75053827e99a0e286ca7e1fceba595,,,,,,,,C:\Users\lsx\Desktop\REMOandDREMO测试集\10目标\n30\PCSAEA_N100\PCSAEA_N100_DTLZ4_M10_D30_22.mat,9782b29f140b770d41f6eee2eb413b42a3e1a978f359dc5c3a1918b8be34dc7d
PC-SAEA,DTLZ4,23,1.6674190071276427,300.0,100.0,True,21264935,,9.14.0.2254940 (R2023a) Update 2,"[0.8, 3000.0]",2026-09-13 01:17:12,25.2915863,7054470e98ec5659b148cd598bb08381ff37760f60de87874ea5d2306bb54916,,,,,,,,C:\Users\lsx\Desktop\REMOandDREMO测试集\10目标\n30\PCSAEA_N100\PCSAEA_N100_DTLZ4_M10_D30_23.mat,efe7c5bf370a1203e13f28f12a9f072760a14b3c9a8bea47522d63993a3583aa
PC-SAEA,DTLZ4,24,1.7573247503895744,300.0,100.0,True,21264936,,9.14.0.2254940 (R2023a) Update 2,"[0.8, 3000.0]",2026-09-13 01:17:12,25.4020321,ba18211c49e2f4fdc92c0799c903ab0740ec303f123ef5605ea3c90ea6e843dd,,,,,,,,C:\Users\lsx\Desktop\REMOandDREMO测试集\10目标\n30\PCSAEA_N100\PCSAEA_N100_DTLZ4_M10_D30_24.mat,9aeb14e638ba5e1cab2784c5915cdd46c69e4afb14eab71b6b6bc394fb2d56ed
PC-SAEA,DTLZ4,25,1.6678015155220354,300.0,100.0,True,21264937,,9.14.0.2254940 (R2023a) Update 2,"[0.8, 3000.0]",2026-09-13 01:17:39,26.530138199999993,3ba58d57586bc54b9bccf075a084594a3b5b5a8c26f264eae57cafc43f020109,,,,,,,,C:\Users\lsx\Desktop\REMOandDREMO测试集\10目标\n30\PCSAEA_N100\PCSAEA_N100_DTLZ4_M10_D30_25.mat,23c1f65203582fad0e293debd122f7990dff7db75474df85cb6766178b290efd
PC-SAEA,DTLZ4,26,1.591487651326189,300.0,100.0,True,21264938,,9.14.0.2254940 (R2023a) Update 2,"[0.8, 3000.0]",2026-09-13 01:17:39,25.495414,61e21ebfb48da97bcc424ef17d746b1ef3565a4945bb01a174ca2d39db5a09a1,,,,,,,,C:\Users\lsx\Desktop\REMOandDREMO测试集\10目标\n30\PCSAEA_N100\PCSAEA_N100_DTLZ4_M10_D30_26.mat,8457537df24c526605c6d14cedbcf27033fb7f6bd39d4d18456094cf79b1ded5
PC-SAEA,DTLZ4,27,1.7776828221272434,300.0,100.0,True,21264939,,9.14.0.2254940 (R2023a) Update 2,"[0.8, 3000.0]",2026-09-13 01:18:06,26.597104700000003,57b809ac29bb518925b2e3cffc285ccdd61d839674c80230792bc685c3206f9c,,,,,,,,C:\Users\lsx\Desktop\REMOandDREMO测试集\10目标\n30\PCSAEA_N100\PCSAEA_N100_DTLZ4_M10_D30_27.mat,01f560d5749777042c75b3a8050791fc07313ff959114d94efb40a54a895b98f
PC-SAEA,DTLZ4,28,1.8210781130282572,300.0,100.0,True,21264940,,9.14.0.2254940 (R2023a) Update 2,"[0.8, 3000.0]",2026-09-13 01:18:06,26.9202325,e4b25f56ff51a23ee80b1823b63e1c5379054928805974b5748890fb74294852,,,,,,,,C:\Users\lsx\Desktop\REMOandDREMO测试集\10目标\n30\PCSAEA_N100\PCSAEA_N100_DTLZ4_M10_D30_28.mat,65692dadab6e22dd738ce039f4a7f88259ca333eca0dac11c774feb248e1d7dd
PC-SAEA,DTLZ4,29,1.8093797993704896,300.0,100.0,True,21264941,,9.14.0.2254940 (R2023a) Update 2,"[0.8, 3000.0]",2026-09-13 01:18:34,25.334058199999998,798c24fc12b9fdd7d0f4ddf0a0515475984b86e9a36217ad0023242ae6277a32,,,,,,,,C:\Users\lsx\Desktop\REMOandDREMO测试集\10目标\n30\PCSAEA_N100\PCSAEA_N100_DTLZ4_M10_D30_29.mat,9596edc7981ec2258f43955c6461a8006a3734f00ab53355bd4baf11976c0996
PC-SAEA,DTLZ4,3,1.6750078434453008,300.0,100.0,False,,,,[],,41.08795369999999,,,,,,,,,C:\Users\lsx\Desktop\REMOandDREMO测试集\10目标\n30\PCSAEA_N100\PCSAEA_N100_DTLZ4_M10_D30_3.mat,05e4a5fed5f825e4d9178d6eccc861149179ab60cdff0a0568639846d4037947
PC-SAEA,DTLZ4,30,1.7658393918168598,300.0,100.0,True,21264942,,9.14.0.2254940 (R2023a) Update 2,"[0.8, 3000.0]",2026-09-13 01:18:34,25.527678,9c8481f5b7d8f021026598221788ba0592de9f4688af58277abaf411c9bf1155,,,,,,,,C:\Users\lsx\Desktop\REMOandDREMO测试集\10目标\n30\PCSAEA_N100\PCSAEA_N100_DTLZ4_M10_D30_30.mat,35649a75ae78c66200af10e342f03f19dc7477b27938f6e9bfc6fe95647dfa19
PC-SAEA,DTLZ4,4,1.675749418196313,300.0,100.0,False,,,,[],,41.6739997,,,,,,,,,C:\Users\lsx\Desktop\REMOandDREMO测试集\10目标\n30\PCSAEA_N100\PCSAEA_N100_DTLZ4_M10_D30_4.mat,56fe78b34e387e107c193dc872a940fea0f9274368971229ba488043bf37aa05
PC-SAEA,DTLZ4,5,1.6378164806241515,300.0,100.0,False,,,,[],,45.948859500000005,,,,,,,,,C:\Users\lsx\Desktop\REMOandDREMO测试集\10目标\n30\PCSAEA_N100\PCSAEA_N100_DTLZ4_M10_D30_5.mat,1602cd7a3eebc9c8e3cf74c6e62b9571e863825c99b36ca18d636c2df2dc75d0
PC-SAEA,DTLZ4,6,1.5140191630367834,300.0,100.0,False,,,,[],,41.8828578,,,,,,,,,C:\Users\lsx\Desktop\REMOandDREMO测试集\10目标\n30\PCSAEA_N100\PCSAEA_N100_DTLZ4_M10_D30_6.mat,e35f73ea59bf849e261944e0aa8c101f764204a73158f30825b5ec09afad1fef
PC-SAEA,DTLZ4,7,1.710144763703879,300.0,100.0,False,,,,[],,42.27263020000001,,,,,,,,,C:\Users\lsx\Desktop\REMOandDREMO测试集\10目标\n30\PCSAEA_N100\PCSAEA_N100_DTLZ4_M10_D30_7.mat,f9c83cd727a02d14f2795ea47cae9bc1743da044a9297ee4ca59f51a07cda36a
PC-SAEA,DTLZ4,8,1.6813923607698726,300.0,100.0,False,,,,[],,42.293551300000004,,,,,,,,,C:\Users\lsx\Desktop\REMOandDREMO测试集\10目标\n30\PCSAEA_N100\PCSAEA_N100_DTLZ4_M10_D30_8.mat,fa3230820d777dfbb5309dfb7b3da6f9a0db0e93796d34ddc292e505569b8abc
PC-SAEA,DTLZ4,9,1.6856202537244989,300.0,100.0,False,,,,[],,42.6018644,,,,,,,,,C:\Users\lsx\Desktop\REMOandDREMO测试集\10目标\n30\PCSAEA_N100\PCSAEA_N100_DTLZ4_M10_D30_9.mat,aca4e74fc273f736cc7881f1be6d1d86937ad1c86fbc55b9f27a2a68ed32b1d8
PC-SAEA,DTLZ5,1,0.8795054505548916,300.0,100.0,False,,,,[],,40.313867699999996,,,,,,,,,C:\Users\lsx\Desktop\REMOandDREMO测试集\10目标\n30\PCSAEA_N100\PCSAEA_N100_DTLZ5_M10_D30_1.mat,262cda51cc2905dc114a4269671b98c3f344a4e2ed9b60b3021b048cb4df2a37
PC-SAEA,DTLZ5,10,0.8390588901100832,300.0,100.0,False,,,,[],,41.1751428,,,,,,,,,C:\Users\lsx\Desktop\REMOandDREMO测试集\10目标\n30\PCSAEA_N100\PCSAEA_N100_DTLZ5_M10_D30_10.mat,716026a119c480a5cbc7fac828167e0a7b68c5504c515394facfef33d3234f5e
PC-SAEA,DTLZ5,11,0.995974069746059,300.0,100.0,False,,,,[],,42.1666612,,,,,,,,,C:\Users\lsx\Desktop\REMOandDREMO测试集\10目标\n30\PCSAEA_N100\PCSAEA_N100_DTLZ5_M10_D30_11.mat,8de6dac3fe4ff10ff1d3ed909f2e1e435fdf4d93979e5c0cfcee6e0e57c8f414
PC-SAEA,DTLZ5,12,1.0165709179816989,300.0,100.0,False,,,,[],,41.6749103,,,,,,,,,C:\Users\lsx\Desktop\REMOandDREMO测试集\10目标\n30\PCSAEA_N100\PCSAEA_N100_DTLZ5_M10_D30_12.mat,b16c9638e3080e69f5969ad9b98035c1c38fffc11bf2b46b979098efb6bcf2b3
PC-SAEA,DTLZ5,13,1.047865265431525,300.0,100.0,False,,,,[],,41.543557699999994,,,,,,,,,C:\Users\lsx\Desktop\REMOandDREMO测试集\10目标\n30\PCSAEA_N100\PCSAEA_N100_DTLZ5_M10_D30_13.mat,87ae12f78964bd046d10b7007579592d12cfca222cbebe8097c631b5d125d110
PC-SAEA,DTLZ5,14,0.955153433174905,300.0,100.0,False,,,,[],,41.284455300000005,,,,,,,,,C:\Users\lsx\Desktop\REMOandDREMO测试集\10目标\n30\PCSAEA_N100\PCSAEA_N100_DTLZ5_M10_D30_14.mat,6cd55343cfddf67bccba5bf9b9c65c94a5d74bdfef2fdf6aa677f43b4b453a77
PC-SAEA,DTLZ5,15,1.0578533421519256,300.0,100.0,False,,,,[],,41.9438579,,,,,,,,,C:\Users\lsx\Desktop\REMOandDREMO测试集\10目标\n30\PCSAEA_N100\PCSAEA_N100_DTLZ5_M10_D30_15.mat,dc31b7b92c6273d75a6d282ac4b2424a66cdf7c4e661699a33cc63ca9a7bc1fb
PC-SAEA,DTLZ5,16,0.9570640278446088,300.0,100.0,False,,,,[],,40.99827700000001,,,,,,,,,C:\Users\lsx\Desktop\REMOandDREMO测试集\10目标\n30\PCSAEA_N100\PCSAEA_N100_DTLZ5_M10_D30_16.mat,e77623befca6ac047da12e4ff52b2989aeef0411d1f5c8cde2675bba171f923c
PC-SAEA,DTLZ5,17,0.8389371098930027,300.0,100.0,False,,,,[],,41.014055000000006,,,,,,,,,C:\Users\lsx\Desktop\REMOandDREMO测试集\10目标\n30\PCSAEA_N100\PCSAEA_N100_DTLZ5_M10_D30_17.mat,6f3ea6d40f164a3e5f5db7e6b2c23cfd0ce4d1b32555da0f47dec48dcb7515d9
PC-SAEA,DTLZ5,18,1.1168663122186464,300.0,100.0,False,,,,[],,38.4563191,,,,,,,,,C:\Users\lsx\Desktop\REMOandDREMO测试集\10目标\n30\PCSAEA_N100\PCSAEA_N100_DTLZ5_M10_D30_18.mat,7c28eab84bc274ab1408905a9db5a56aa121d869327dfb36e9ec214729baca2f
PC-SAEA,DTLZ5,19,0.9445543695204313,300.0,100.0,True,21265931,,9.14.0.2254940 (R2023a) Update 2,"[0.8, 3000.0]",2026-09-13 01:59:07,24.777343600000002,8984d072e8db4849d88ad43e55c1b9fdc5714d8c64b6c6e1421d42cdf0e872f6,,,,,,,,C:\Users\lsx\Desktop\REMOandDREMO测试集\10目标\n30\PCSAEA_N100\PCSAEA_N100_DTLZ5_M10_D30_19.mat,f4adc5b277cc04b6c421f42ff3b9d6d74470a8383f63e8f5792b38f205becde8
PC-SAEA,DTLZ5,2,0.9675386857289187,300.0,100.0,False,,,,[],,40.79937410000001,,,,,,,,,C:\Users\lsx\Desktop\REMOandDREMO测试集\10目标\n30\PCSAEA_N100\PCSAEA_N100_DTLZ5_M10_D30_2.mat,3983f4ef147d14713a2a0a6c19c8a8f1647c17d11e76a25941144d41e7f7fa6e
PC-SAEA,DTLZ5,20,1.0367872614858633,300.0,100.0,True,21265932,,9.14.0.2254940 (R2023a) Update 2,"[0.8, 3000.0]",2026-09-13 01:59:07,24.980986500000004,74cb1f6a4dd1cf4d763c234c205a9a04875dfb419c7098ba9073cb6fc816741c,,,,,,,,C:\Users\lsx\Desktop\REMOandDREMO测试集\10目标\n30\PCSAEA_N100\PCSAEA_N100_DTLZ5_M10_D30_20.mat,ee9ffc2dd6026ebd8d9aea36d79fe58261f9cf3a32e679e2293235898676fd39
PC-SAEA,DTLZ5,21,0.9454419744300784,300.0,100.0,True,21265933,,9.14.0.2254940 (R2023a) Update 2,"[0.8, 3000.0]",2026-09-13 01:59:33,24.603690800000003,192ddba6d32e68e94c94f27e6d73a18a13564247aa19ed559efbaf3273959a56,,,,,,,,C:\Users\lsx\Desktop\REMOandDREMO测试集\10目标\n30\PCSAEA_N100\PCSAEA_N100_DTLZ5_M10_D30_21.mat,deaabe4810b93666839a5041397484d760613889f82e94b528cdb7ca740485a3
PC-SAEA,DTLZ5,22,0.814991772336423,300.0,100.0,True,21265934,,9.14.0.2254940 (R2023a) Update 2,"[0.8, 3000.0]",2026-09-13 01:59:33,27.423098300000003,aa7ede0f96a7c7fd7cac74223e5a17fc0b1926e6b3c5ec058193a96d8ffcf9fa,,,,,,,,C:\Users\lsx\Desktop\REMOandDREMO测试集\10目标\n30\PCSAEA_N100\PCSAEA_N100_DTLZ5_M10_D30_22.mat,907f8e969ccf6a0e5357b64a19e6f4117b290ce7ae49f1210d0c89c1cb0ac18e
PC-SAEA,DTLZ5,23,0.922785424160776,300.0,100.0,True,21265935,,9.14.0.2254940 (R2023a) Update 2,"[0.8, 3000.0]",2026-09-13 02:00:01,25.3304027,06d95a372adf9bc6bf4fb810d49a2a8eb47d5818d3d2ceae99b134e5bd0a22e6,,,,,,,,C:\Users\lsx\Desktop\REMOandDREMO测试集\10目标\n30\PCSAEA_N100\PCSAEA_N100_DTLZ5_M10_D30_23.mat,dfc34aaf47968e457a8c6cf0a88f7d105f1fa5168defd00c3eec93d89fe53712
PC-SAEA,DTLZ5,24,1.047769956702734,300.0,100.0,True,21265936,,9.14.0.2254940 (R2023a) Update 2,"[0.8, 3000.0]",2026-09-13 02:00:01,25.394101299999996,4359cc825629d51f8ae208b73bbbf7617f9bb336d4d42e49adad8fdae1bd76ef,,,,,,,,C:\Users\lsx\Desktop\REMOandDREMO测试集\10目标\n30\PCSAEA_N100\PCSAEA_N100_DTLZ5_M10_D30_24.mat,35aee8e840f60c6f213d0404fb022e3dcf652c14a2f7874d1e82e7c75e8a44cb
PC-SAEA,DTLZ5,25,0.8899410704638274,300.0,100.0,True,21265937,,9.14.0.2254940 (R2023a) Update 2,"[0.8, 3000.0]",2026-09-13 02:00:28,24.834331,e52fb7ec50ba5d2d68e241798b0ff5daa546bac84652f917c09977949e030fa8,,,,,,,,C:\Users\lsx\Desktop\REMOandDREMO测试集\10目标\n30\PCSAEA_N100\PCSAEA_N100_DTLZ5_M10_D30_25.mat,4f123ea20119a364ac6261ab7e943e4558f41cdcd83dca3cc4632c6037989bfa
PC-SAEA,DTLZ5,26,0.7853255072230114,300.0,100.0,True,21265938,,9.14.0.2254940 (R2023a) Update 2,"[0.8, 3000.0]",2026-09-13 02:00:28,26.195319700000002,7ce86ff41a7ad12ce4a9aaebb85e57017e20021daee1fc45415680edba28c941,,,,,,,,C:\Users\lsx\Desktop\REMOandDREMO测试集\10目标\n30\PCSAEA_N100\PCSAEA_N100_DTLZ5_M10_D30_26.mat,582acbca2c36156a8ffbd25218ba74f9e931cd04d7da89f3db2c20872231a15e
PC-SAEA,DTLZ5,27,0.9527104182544844,300.0,100.0,True,21265939,,9.14.0.2254940 (R2023a) Update 2,"[0.8, 3000.0]",2026-09-13 02:00:55,26.237163699999996,5f45eaab6c33ca2e182f788acf54484c6fe49fe3d8d6db6dfa278c9f6dcec406,,,,,,,,C:\Users\lsx\Desktop\REMOandDREMO测试集\10目标\n30\PCSAEA_N100\PCSAEA_N100_DTLZ5_M10_D30_27.mat,cfccbf2eabcf1f6de7dfc6535b7e75e89ec7c133094874a0ce625281b7296b57
PC-SAEA,DTLZ5,28,0.9876326735245747,300.0,100.0,True,21265940,,9.14.0.2254940 (R2023a) Update 2,"[0.8, 3000.0]",2026-09-13 02:00:55,26.3301651,c585f979c6619812aa318cfc7ff527a8bc4278751c67f24cacd4e85a7f8fb814,,,,,,,,C:\Users\lsx\Desktop\REMOandDREMO测试集\10目标\n30\PCSAEA_N100\PCSAEA_N100_DTLZ5_M10_D30_28.mat,055e4cbe627305bd76a09c28b5ad58a4aa48dd13ef479ee6c4bd7eb0ea8fd862
PC-SAEA,DTLZ5,29,0.9989277734624519,300.0,100.0,True,21265941,,9.14.0.2254940 (R2023a) Update 2,"[0.8, 3000.0]",2026-09-13 02:01:22,25.1433162,1ab69ef44a1a0cad41eaeeccb661b4fb7fd20cdea3ba8d6e4e9205a443a52dc4,,,,,,,,C:\Users\lsx\Desktop\REMOandDREMO测试集\10目标\n30\PCSAEA_N100\PCSAEA_N100_DTLZ5_M10_D30_29.mat,33f702155cd239040b72fd03646a71a0aaaec273f3492b4e503058c33f8a91b1
PC-SAEA,DTLZ5,3,0.9608738311460371,300.0,100.0,False,,,,[],,40.540548,,,,,,,,,C:\Users\lsx\Desktop\REMOandDREMO测试集\10目标\n30\PCSAEA_N100\PCSAEA_N100_DTLZ5_M10_D30_3.mat,05b6d3df2514dbd7daff9091930efd19abd4c13497c525d08a5f5c7dc75e2809
PC-SAEA,DTLZ5,30,0.9492805457905229,300.0,100.0,True,21265942,,9.14.0.2254940 (R2023a) Update 2,"[0.8, 3000.0]",2026-09-13 02:01:22,28.874274700000004,50407c8c0057422161624e805226b6fed087873163967983a620e4949980f217,,,,,,,,C:\Users\lsx\Desktop\REMOandDREMO测试集\10目标\n30\PCSAEA_N100\PCSAEA_N100_DTLZ5_M10_D30_30.mat,1e5c89ded160e6efac91cb52084a80e215a3271d3d860d04a9f794ab3dfabf13
PC-SAEA,DTLZ5,4,1.0745985698721374,300.0,100.0,False,,,,[],,50.77134319999999,,,,,,,,,C:\Users\lsx\Desktop\REMOandDREMO测试集\10目标\n30\PCSAEA_N100\PCSAEA_N100_DTLZ5_M10_D30_4.mat,58cb418240c506fa312f64e0e8fdaba335bbb17dc1ee52db0ac703ab2842e297
PC-SAEA,DTLZ5,5,1.039872266077974,300.0,100.0,False,,,,[],,43.147549299999994,,,,,,,,,C:\Users\lsx\Desktop\REMOandDREMO测试集\10目标\n30\PCSAEA_N100\PCSAEA_N100_DTLZ5_M10_D30_5.mat,64026071faa7b3f82f85200cd816545d919953cba6d9bf4b06fd06e9c57c3160
PC-SAEA,DTLZ5,6,1.0785917250552421,300.0,100.0,False,,,,[],,43.80039980000001,,,,,,,,,C:\Users\lsx\Desktop\REMOandDREMO测试集\10目标\n30\PCSAEA_N100\PCSAEA_N100_DTLZ5_M10_D30_6.mat,5f70072bb0eee34c01c4afab51f44f09e7ba64334420a7e5e702d66de4c79aaf
PC-SAEA,DTLZ5,7,1.085014194828432,300.0,100.0,False,,,,[],,41.60875910000001,,,,,,,,,C:\Users\lsx\Desktop\REMOandDREMO测试集\10目标\n30\PCSAEA_N100\PCSAEA_N100_DTLZ5_M10_D30_7.mat,7e13b7e0721aa470c404ad861cd47478244b9eef16906d7d5ac89368e8112b62
PC-SAEA,DTLZ5,8,1.0383125499384411,300.0,100.0,False,,,,[],,41.590294500000006,,,,,,,,,C:\Users\lsx\Desktop\REMOandDREMO测试集\10目标\n30\PCSAEA_N100\PCSAEA_N100_DTLZ5_M10_D30_8.mat,56d4f960048d5e0e5223ea0a7c703d6ea1c55eed69dd0d5bc4ceacada76ee9b0
PC-SAEA,DTLZ5,9,1.0217520468304577,300.0,100.0,False,,,,[],,41.7796728,,,,,,,,,C:\Users\lsx\Desktop\REMOandDREMO测试集\10目标\n30\PCSAEA_N100\PCSAEA_N100_DTLZ5_M10_D30_9.mat,e4e0997af195a1a3a8f947025f509ce4eb2bd35796fe3c2a2cb3385a4e2484ad
PC-SAEA,DTLZ7,1,29.09094190281956,300.0,100.0,False,,,,[],,41.508980099999995,,,,,,,,,C:\Users\lsx\Desktop\REMOandDREMO测试集\10目标\n30\PCSAEA_N100\PCSAEA_N100_DTLZ7_M10_D30_1.mat,46a85ed4dc1c8fc7f5b44eb6c52d19ca2bd5ff8c84446a1911b013c77ad381bb
PC-SAEA,DTLZ7,10,25.43768820940569,300.0,100.0,False,,,,[],,43.221244600000006,,,,,,,,,C:\Users\lsx\Desktop\REMOandDREMO测试集\10目标\n30\PCSAEA_N100\PCSAEA_N100_DTLZ7_M10_D30_10.mat,e097815dc830cc20a7a025a8dcbba3e939ad23d0785d94e6da39ddeb1efd59dd
PC-SAEA,DTLZ7,11,30.988333759893603,300.0,100.0,False,,,,[],,43.438061700000006,,,,,,,,,C:\Users\lsx\Desktop\REMOandDREMO测试集\10目标\n30\PCSAEA_N100\PCSAEA_N100_DTLZ7_M10_D30_11.mat,05e9e896702f60b57b33fcab38b80b8c1144c283b57424e67690eb3e3d6e6d6e
PC-SAEA,DTLZ7,12,32.11247398934275,300.0,100.0,False,,,,[],,45.4534113,,,,,,,,,C:\Users\lsx\Desktop\REMOandDREMO测试集\10目标\n30\PCSAEA_N100\PCSAEA_N100_DTLZ7_M10_D30_12.mat,92749ed81544565abbf009d8738d2d0daeee3c8aadcda2cfbe99ac8e640f0557
PC-SAEA,DTLZ7,13,27.14273492763463,300.0,100.0,False,,,,[],,41.9843089,,,,,,,,,C:\Users\lsx\Desktop\REMOandDREMO测试集\10目标\n30\PCSAEA_N100\PCSAEA_N100_DTLZ7_M10_D30_13.mat,9637e56588ed8b03081b8b3f1a6a73f8f7dd9f60a34102fd6310517e70360937
PC-SAEA,DTLZ7,14,24.627010937814678,300.0,100.0,False,,,,[],,42.4819744,,,,,,,,,C:\Users\lsx\Desktop\REMOandDREMO测试集\10目标\n30\PCSAEA_N100\PCSAEA_N100_DTLZ7_M10_D30_14.mat,195a2ec4207569e70486a5ddd867957254316f9fde7dfc1bf1f985eac60b3495
PC-SAEA,DTLZ7,15,30.78148836234528,300.0,100.0,False,,,,[],,42.61006510000001,,,,,,,,,C:\Users\lsx\Desktop\REMOandDREMO测试集\10目标\n30\PCSAEA_N100\PCSAEA_N100_DTLZ7_M10_D30_15.mat,9f528201ca47bf44fd5e4007c93bdcbab5f99835d6885f6cfb05c46e37f1d6c4
PC-SAEA,DTLZ7,16,25.76407724906091,300.0,100.0,False,,,,[],,42.040481400000004,,,,,,,,,C:\Users\lsx\Desktop\REMOandDREMO测试集\10目标\n30\PCSAEA_N100\PCSAEA_N100_DTLZ7_M10_D30_16.mat,82eb449c18da12e89366d8be3a3367a9c51113866a9443068b2718cb388f08c5
PC-SAEA,DTLZ7,17,28.91439223214388,300.0,100.0,False,,,,[],,41.8318086,,,,,,,,,C:\Users\lsx\Desktop\REMOandDREMO测试集\10目标\n30\PCSAEA_N100\PCSAEA_N100_DTLZ7_M10_D30_17.mat,7d4db7a3d9503977c1ca66d9ef60ac866982483a74d935fe7a53c9d289b3a511
PC-SAEA,DTLZ7,18,27.80991672652378,300.0,100.0,False,,,,[],,40.837182399999996,,,,,,,,,C:\Users\lsx\Desktop\REMOandDREMO测试集\10目标\n30\PCSAEA_N100\PCSAEA_N100_DTLZ7_M10_D30_18.mat,50120f8761dc3155e673fb390fa289a0ea4f55d295e5a32c3cec0754ab19e2d6
PC-SAEA,DTLZ7,19,28.67286030908183,300.0,100.0,True,21267931,,9.14.0.2254940 (R2023a) Update 2,"[0.8, 3000.0]",2026-09-13 03:23:48,25.3496819,a7c2dd57afbaad23fc46f51c458e84fb5631933c0660233e838dda35cf54e466,,,,,,,,C:\Users\lsx\Desktop\REMOandDREMO测试集\10目标\n30\PCSAEA_N100\PCSAEA_N100_DTLZ7_M10_D30_19.mat,87176d0cd07f46471656b1e940aa377fb9d035694c329800098ceb686d77f3f2
PC-SAEA,DTLZ7,2,28.738525074559934,300.0,100.0,False,,,,[],,41.98491920000001,,,,,,,,,C:\Users\lsx\Desktop\REMOandDREMO测试集\10目标\n30\PCSAEA_N100\PCSAEA_N100_DTLZ7_M10_D30_2.mat,355370adeaccc93c7be25543865b2bb3c221c6e3a9900ff0dfc81294a60c7b3b
PC-SAEA,DTLZ7,20,27.81398511637172,300.0,100.0,True,21267932,,9.14.0.2254940 (R2023a) Update 2,"[0.8, 3000.0]",2026-09-13 03:23:48,25.481216300000003,557043e0a288377952c5865356e20c277e1d592a0dea43b05e0aa59a6eb437df,,,,,,,,C:\Users\lsx\Desktop\REMOandDREMO测试集\10目标\n30\PCSAEA_N100\PCSAEA_N100_DTLZ7_M10_D30_20.mat,d9e628aa57d25d7a4d552ffd3686a48aaf8c75fb2020b0aad90e922809215f4b
PC-SAEA,DTLZ7,21,29.681005496530222,300.0,100.0,True,21267933,,9.14.0.2254940 (R2023a) Update 2,"[0.8, 3000.0]",2026-09-13 03:24:14,25.2646011,8833194b487593f1fadb6de796e0cf7f3e0be61e917c6adfae8fcddbf72c0b50,,,,,,,,C:\Users\lsx\Desktop\REMOandDREMO测试集\10目标\n30\PCSAEA_N100\PCSAEA_N100_DTLZ7_M10_D30_21.mat,cbb3cce38bac485e55b6b369ee7590708585374c83569ce11a18811597d6f441
PC-SAEA,DTLZ7,22,30.134766649818403,300.0,100.0,True,21267934,,9.14.0.2254940 (R2023a) Update 2,"[0.8, 3000.0]",2026-09-13 03:24:14,25.289422899999998,eaf4eb1eb556ce60a29dddbb5015318342486cfb1a9996e717faf186a00b753f,,,,,,,,C:\Users\lsx\Desktop\REMOandDREMO测试集\10目标\n30\PCSAEA_N100\PCSAEA_N100_DTLZ7_M10_D30_22.mat,394ab21e56d27b0e9cf60814eb296e372ee55462263d358e676c29b10b616482
PC-SAEA,DTLZ7,23,30.875512826334656,300.0,100.0,True,21267935,,9.14.0.2254940 (R2023a) Update 2,"[0.8, 3000.0]",2026-09-13 03:24:41,25.246433,787642cdf49babc3a14e4a107d7f50e114da94623251ddf71cb07a0d8c48d85b,,,,,,,,C:\Users\lsx\Desktop\REMOandDREMO测试集\10目标\n30\PCSAEA_N100\PCSAEA_N100_DTLZ7_M10_D30_23.mat,c8e33f30b6a42d6abba9562bb52475a46535bf02ec7ec4382437216c5d039ba9
PC-SAEA,DTLZ7,24,27.391304705383902,300.0,100.0,True,21267936,,9.14.0.2254940 (R2023a) Update 2,"[0.8, 3000.0]",2026-09-13 03:24:41,25.5595254,79659e0d185c34df3a20cb22a99c0b4d973f3d8d66abf9db0d654e23d0b82859,,,,,,,,C:\Users\lsx\Desktop\REMOandDREMO测试集\10目标\n30\PCSAEA_N100\PCSAEA_N100_DTLZ7_M10_D30_24.mat,9cabb92e91537ec75b212b47527049239eff24be29710848f95b234ba5f9fc6b
PC-SAEA,DTLZ7,25,29.93199817778115,300.0,100.0,True,21267937,,9.14.0.2254940 (R2023a) Update 2,"[0.8, 3000.0]",2026-09-13 03:25:07,25.6374347,89727c8c47b2466603063d49b9ea0cb302f4c63867ec2c65356b06988d7c7988,,,,,,,,C:\Users\lsx\Desktop\REMOandDREMO测试集\10目标\n30\PCSAEA_N100\PCSAEA_N100_DTLZ7_M10_D30_25.mat,8014bf2c9e86d51ac2adfec7219b89ba825a02517e227035744257e04a1a3c1d
PC-SAEA,DTLZ7,26,29.367611898882203,300.0,100.0,True,21267938,,9.14.0.2254940 (R2023a) Update 2,"[0.8, 3000.0]",2026-09-13 03:25:07,25.735280799999995,75980212df9ce16bae0937610b427529d27f9f8f65328b5c3df6abdc2a8daed2,,,,,,,,C:\Users\lsx\Desktop\REMOandDREMO测试集\10目标\n30\PCSAEA_N100\PCSAEA_N100_DTLZ7_M10_D30_26.mat,f9f357be53be19126445deff76718a2f891650ba06daeed13b91cc5698de3bcb
PC-SAEA,DTLZ7,27,29.036095174513637,300.0,100.0,True,21267939,,9.14.0.2254940 (R2023a) Update 2,"[0.8, 3000.0]",2026-09-13 03:25:34,25.5822632,aebd04ab2f8843331b2af32b70487cc306d312aa21372b6a4f83ca4b92f1c377,,,,,,,,C:\Users\lsx\Desktop\REMOandDREMO测试集\10目标\n30\PCSAEA_N100\PCSAEA_N100_DTLZ7_M10_D30_27.mat,f4bfca7716322fc867f3c160dcdd5741f1dc669a0a0e96848a101be11022a960
PC-SAEA,DTLZ7,28,27.232767563027664,300.0,100.0,True,21267940,,9.14.0.2254940 (R2023a) Update 2,"[0.8, 3000.0]",2026-09-13 03:25:34,25.675368900000002,3216cedae99fb2b0b9823cf648632e4983dd5f3c98189218f25c4cf685cf635a,,,,,,,,C:\Users\lsx\Desktop\REMOandDREMO测试集\10目标\n30\PCSAEA_N100\PCSAEA_N100_DTLZ7_M10_D30_28.mat,a8815268b0f4faee740064b1a44375f3312c19f6b773168da4fcda1a4d0b30f1
PC-SAEA,DTLZ7,29,29.4866066707143,300.0,100.0,True,21267941,,9.14.0.2254940 (R2023a) Update 2,"[0.8, 3000.0]",2026-09-13 03:26:01,25.296608700000004,1344a7f339dc6abb78e21d47bdb8e8f8db39f1f09ca93bdab25ffa844d9ff337,,,,,,,,C:\Users\lsx\Desktop\REMOandDREMO测试集\10目标\n30\PCSAEA_N100\PCSAEA_N100_DTLZ7_M10_D30_29.mat,6194040998ae64f27815693ad73a3673e4cc2e0eb9a450320c9c274e859b00c4
PC-SAEA,DTLZ7,3,28.48620607308563,300.0,100.0,False,,,,[],,44.571373599999994,,,,,,,,,C:\Users\lsx\Desktop\REMOandDREMO测试集\10目标\n30\PCSAEA_N100\PCSAEA_N100_DTLZ7_M10_D30_3.mat,94b627f840633e85ca52400bcfca7d615a0b5827e74d2b8767a3553616748028
PC-SAEA,DTLZ7,30,32.73100903341111,300.0,100.0,True,21267942,,9.14.0.2254940 (R2023a) Update 2,"[0.8, 3000.0]",2026-09-13 03:26:01,25.482315400000005,d13e826b1c18c3979fb7ee84838a27254ce2751aeb4a99159787a1906ffde7ec,,,,,,,,C:\Users\lsx\Desktop\REMOandDREMO测试集\10目标\n30\PCSAEA_N100\PCSAEA_N100_DTLZ7_M10_D30_30.mat,1809475cca9207c830a9526595014dd4d482b4cda0bb74e7773ee4977aa338e4
PC-SAEA,DTLZ7,4,31.01370766944896,300.0,100.0,False,,,,[],,41.927790699999996,,,,,,,,,C:\Users\lsx\Desktop\REMOandDREMO测试集\10目标\n30\PCSAEA_N100\PCSAEA_N100_DTLZ7_M10_D30_4.mat,c840f557933f793b304f27c7957b39ab16d3518753f0cf8bb1bd304754e4a147
PC-SAEA,DTLZ7,5,30.53336490748656,300.0,100.0,False,,,,[],,40.945455900000006,,,,,,,,,C:\Users\lsx\Desktop\REMOandDREMO测试集\10目标\n30\PCSAEA_N100\PCSAEA_N100_DTLZ7_M10_D30_5.mat,92b6cf2209da65ca8df7be3cd7606fe881f41e93a94f67543abc10b3f861783b
PC-SAEA,DTLZ7,6,27.012049086345073,300.0,100.0,False,,,,[],,41.961360600000006,,,,,,,,,C:\Users\lsx\Desktop\REMOandDREMO测试集\10目标\n30\PCSAEA_N100\PCSAEA_N100_DTLZ7_M10_D30_6.mat,b45801c4c431b4f806a20c597d482c6fadd38bf1d80ea76692f928040543384b
PC-SAEA,DTLZ7,7,29.52534453155586,300.0,100.0,False,,,,[],,42.7208972,,,,,,,,,C:\Users\lsx\Desktop\REMOandDREMO测试集\10目标\n30\PCSAEA_N100\PCSAEA_N100_DTLZ7_M10_D30_7.mat,7e2169cf923e736de2f0e94266af8fe33c36731be416a3a28720df54488a5320
PC-SAEA,DTLZ7,8,24.707887950063917,300.0,100.0,False,,,,[],,45.788214400000015,,,,,,,,,C:\Users\lsx\Desktop\REMOandDREMO测试集\10目标\n30\PCSAEA_N100\PCSAEA_N100_DTLZ7_M10_D30_8.mat,20b90d80b3621f3c0e3f42dae8424719c5a7004375d493f441f04a64e89e8c28
PC-SAEA,DTLZ7,9,28.798985762885344,300.0,100.0,False,,,,[],,43.1075638,,,,,,,,,C:\Users\lsx\Desktop\REMOandDREMO测试集\10目标\n30\PCSAEA_N100\PCSAEA_N100_DTLZ7_M10_D30_9.mat,0497e314feae8e43255ea019c5cf1c488428efb021c2dc4f9e82780ca12eb551
K-RVEA,DTLZ2,1,1.3871911531275263,300.0,100.0,False,,,,[],,333.08891279999995,,,,,,,,,C:\Users\lsx\Desktop\REMOandDREMO测试集\10目标\n30\KRVEA_100\KRVEA_100_DTLZ2_M10_D30_1.mat,ec01e9744bff8c250ad558712a03310aa65106f96976f74c549046e8621d9d2f
K-RVEA,DTLZ2,10,1.3018683884525428,300.0,100.0,False,,,,[],,292.1186576999999,,,,,,,,,C:\Users\lsx\Desktop\REMOandDREMO测试集\10目标\n30\KRVEA_100\KRVEA_100_DTLZ2_M10_D30_10.mat,28d1802ea12688fc3affef92a12c7960778ecb09b7731bce101364ccfcef3884
K-RVEA,DTLZ2,11,1.510966284803074,300.0,100.0,False,,,,[],,310.8269355000001,,,,,,,,,C:\Users\lsx\Desktop\REMOandDREMO测试集\10目标\n30\KRVEA_100\KRVEA_100_DTLZ2_M10_D30_11.mat,3dad53ec5abcff7a9dfe5beced86f0f84276a7b9bd7f5ee6f835fce569838865
K-RVEA,DTLZ2,12,1.579160536850497,300.0,100.0,False,,,,[],,303.35357849999997,,,,,,,,,C:\Users\lsx\Desktop\REMOandDREMO测试集\10目标\n30\KRVEA_100\KRVEA_100_DTLZ2_M10_D30_12.mat,ff85d92e259ef26f9122190da4ee263b10cf5a1f6658628626257223da4c48ff
K-RVEA,DTLZ2,13,1.4943133862506022,300.0,100.0,False,,,,[],,334.3865613,,,,,,,,,C:\Users\lsx\Desktop\REMOandDREMO测试集\10目标\n30\KRVEA_100\KRVEA_100_DTLZ2_M10_D30_13.mat,f1dba765bd13224209d16e47ebc3fb027da77ebcc1fad0caa6bb523ecdd18254
K-RVEA,DTLZ2,14,1.221708445976051,300.0,100.0,False,,,,[],,325.583402,,,,,,,,,C:\Users\lsx\Desktop\REMOandDREMO测试集\10目标\n30\KRVEA_100\KRVEA_100_DTLZ2_M10_D30_14.mat,1ba4ddb8ce7c704fc5a0d1c809af66963336aa121c12dc1f04d47ae0a134b9ce
K-RVEA,DTLZ2,15,1.2792137130302326,300.0,100.0,False,,,,[],,334.321828,,,,,,,,,C:\Users\lsx\Desktop\REMOandDREMO测试集\10目标\n30\KRVEA_100\KRVEA_100_DTLZ2_M10_D30_15.mat,90fa9a8576945acfd05e2e0121ea55662ee0ec0dcadcf94f162d6d666f053268
K-RVEA,DTLZ2,16,1.4360279754427063,300.0,100.0,False,,,,[],,325.9400190000001,,,,,,,,,C:\Users\lsx\Desktop\REMOandDREMO测试集\10目标\n30\KRVEA_100\KRVEA_100_DTLZ2_M10_D30_16.mat,6aa3300dc07b7edd322ddc2caba1ad438b4bda01c1e91713ecdddabfe2664516
K-RVEA,DTLZ2,17,1.4422028662698758,300.0,100.0,False,,,,[],,332.4176720999999,,,,,,,,,C:\Users\lsx\Desktop\REMOandDREMO测试集\10目标\n30\KRVEA_100\KRVEA_100_DTLZ2_M10_D30_17.mat,047874fe121290abe6ad09a26417d9dbccbfc3ca0326576baece2dd6b2d37938
K-RVEA,DTLZ2,18,1.4341540251410465,300.0,100.0,False,,,,[],,333.7690417999999,,,,,,,,,C:\Users\lsx\Desktop\REMOandDREMO测试集\10目标\n30\KRVEA_100\KRVEA_100_DTLZ2_M10_D30_18.mat,6c0f8a9525bae9773ea946871e610acceec08cf7cf4279c6d46caad482313935
K-RVEA,DTLZ2,19,1.6337428452853762,300.0,100.0,True,21262931,,9.14.0.2254940 (R2023a) Update 2,"[2.0, 20.0, 5.0]",2026-09-12 23:52:49,173.39076550000001,ce5989881a36c9d8deb0ff9c9898d954d14d0261052e834da43e48778ba52a8d,,,,,,,,C:\Users\lsx\Desktop\REMOandDREMO测试集\10目标\n30\KRVEA_100\KRVEA_100_DTLZ2_M10_D30_19.mat,8d916954835872f3f0b4ddcbb28ee8b3051364f2a4eed5e67f38fe5def57a413
K-RVEA,DTLZ2,2,1.4741823485513206,300.0,100.0,False,,,,[],,329.37087990000003,,,,,,,,,C:\Users\lsx\Desktop\REMOandDREMO测试集\10目标\n30\KRVEA_100\KRVEA_100_DTLZ2_M10_D30_2.mat,6ee0f5d0afc873081a729ea8a4a2fc9fc0858dd7dab52b6cbb8837290a14547c
K-RVEA,DTLZ2,20,1.3986493751976783,300.0,100.0,True,21262932,,9.14.0.2254940 (R2023a) Update 2,"[2.0, 20.0, 5.0]",2026-09-12 23:52:49,178.38205129999997,5ef3deb80b409563e8b744b4104b279c76b125b1496f5684ad1789d4c8d3bafd,,,,,,,,C:\Users\lsx\Desktop\REMOandDREMO测试集\10目标\n30\KRVEA_100\KRVEA_100_DTLZ2_M10_D30_20.mat,e4e2334cbcf37ae7134d9a5f4ea990352d18c4e345d11e8f7c97075ce043c8af
K-RVEA,DTLZ2,21,1.4646619210137233,300.0,100.0,True,21262933,,9.14.0.2254940 (R2023a) Update 2,"[2.0, 20.0, 5.0]",2026-09-12 23:55:48,184.43271009999998,737d2380fb2c20179fb1b6ed9e1a6880fa93cbd72122e96becb0c6baadcd5c4d,,,,,,,,C:\Users\lsx\Desktop\REMOandDREMO测试集\10目标\n30\KRVEA_100\KRVEA_100_DTLZ2_M10_D30_21.mat,9dc10cdab1d497d0b4d48dc0ca000b4d8c6c6cd27e4b292ca0b8f3aec215d4a0
K-RVEA,DTLZ2,22,1.43802980667789,300.0,100.0,True,21262934,,9.14.0.2254940 (R2023a) Update 2,"[2.0, 20.0, 5.0]",2026-09-12 23:55:48,182.9704265,797953490e9de11f7fe39106dad92a1d2644f469b746e541ad9f92a00fe90202,,,,,,,,C:\Users\lsx\Desktop\REMOandDREMO测试集\10目标\n30\KRVEA_100\KRVEA_100_DTLZ2_M10_D30_22.mat,f6ad64e77bbd51753f04612e624f62720d1b08a3de31719ba70488a549437ec0
K-RVEA,DTLZ2,23,1.4568102389601654,300.0,100.0,True,21262935,,9.14.0.2254940 (R2023a) Update 2,"[2.0, 20.0, 5.0]",2026-09-12 23:58:53,181.4537396,e3cb61504d9d053d315328058e888bbfc6dc2e2df90c27839d00464a83951dea,,,,,,,,C:\Users\lsx\Desktop\REMOandDREMO测试集\10目标\n30\KRVEA_100\KRVEA_100_DTLZ2_M10_D30_23.mat,71a5a9d3c790940703ed7878a0dc079bf8d8de0c216466a99d2dc9922f3c1022
K-RVEA,DTLZ2,24,1.216232200646473,300.0,100.0,True,21262936,,9.14.0.2254940 (R2023a) Update 2,"[2.0, 20.0, 5.0]",2026-09-12 23:58:53,168.72212179999994,8169343d2afaabb8408a7cfa5f6c4e7a7a637b6793a079bc43e55905efbde675,,,,,,,,C:\Users\lsx\Desktop\REMOandDREMO测试集\10目标\n30\KRVEA_100\KRVEA_100_DTLZ2_M10_D30_24.mat,136b9ad1104ef748ba8fa9ef7dd64deec1147f941b2997b89a0c375e713a9ac9
K-RVEA,DTLZ2,25,1.4852755144167942,300.0,100.0,True,21262937,,9.14.0.2254940 (R2023a) Update 2,"[2.0, 20.0, 5.0]",2026-09-13 00:01:55,173.6699083,69a93f2ee99395809a365807ae771212d871e087f9dc1943c3684ab077ea3a31,,,,,,,,C:\Users\lsx\Desktop\REMOandDREMO测试集\10目标\n30\KRVEA_100\KRVEA_100_DTLZ2_M10_D30_25.mat,58cf92a5fb179baefc7cc980a221d8d2721d0a1abb692ee4cb7eac632e65938d
K-RVEA,DTLZ2,26,1.437221001648392,300.0,100.0,True,21262938,,9.14.0.2254940 (R2023a) Update 2,"[2.0, 20.0, 5.0]",2026-09-13 00:01:55,175.25903100000008,5abec0a0636991fbf63f8d0fe0b28bd568e02884b05c855e0c30f258319d4505,,,,,,,,C:\Users\lsx\Desktop\REMOandDREMO测试集\10目标\n30\KRVEA_100\KRVEA_100_DTLZ2_M10_D30_26.mat,838aa65cd05af8959022e03838a9082292adcc7e52357b6e7fea00de0fdec855
K-RVEA,DTLZ2,27,1.3350831456229861,300.0,100.0,True,21262939,,9.14.0.2254940 (R2023a) Update 2,"[2.0, 20.0, 5.0]",2026-09-13 00:04:51,161.47936040000002,7e87c1774acc292f2a091be2d23203581562a9735ffe50efd569149bc47056b1,,,,,,,,C:\Users\lsx\Desktop\REMOandDREMO测试集\10目标\n30\KRVEA_100\KRVEA_100_DTLZ2_M10_D30_27.mat,f89f3d921635567b658810adeb563e4c17225098adcaa1d03a55c14323658e1a
K-RVEA,DTLZ2,28,1.3637242816293722,300.0,100.0,True,21262940,,9.14.0.2254940 (R2023a) Update 2,"[2.0, 20.0, 5.0]",2026-09-13 00:04:51,187.08479419999995,9c90ff3bfe59fa0d7c3728ded3308c419c310545b34f3fbbb939a7a74c0c5823,,,,,,,,C:\Users\lsx\Desktop\REMOandDREMO测试集\10目标\n30\KRVEA_100\KRVEA_100_DTLZ2_M10_D30_28.mat,819d7f7c455d9b6977a43b710e22fc15ea4579175aa06eb9d68c631b8c528a43
K-RVEA,DTLZ2,29,1.4244544154425025,300.0,100.0,True,21262941,,9.14.0.2254940 (R2023a) Update 2,"[2.0, 20.0, 5.0]",2026-09-13 00:07:59,173.32822809999996,0639f2d9bf202173f46df747fa5583c63d8ca113b4c8ff4de383e268d6e3b799,,,,,,,,C:\Users\lsx\Desktop\REMOandDREMO测试集\10目标\n30\KRVEA_100\KRVEA_100_DTLZ2_M10_D30_29.mat,99c0f80c34de75bbb81c6076dc67f749268e54608cefec0129962f3b6dcdd96b
K-RVEA,DTLZ2,3,1.4437026740028707,300.0,100.0,False,,,,[],,326.87078589999993,,,,,,,,,C:\Users\lsx\Desktop\REMOandDREMO测试集\10目标\n30\KRVEA_100\KRVEA_100_DTLZ2_M10_D30_3.mat,47d4a1a5823fc3cdd6fd4e0979221cabb3416df44778f1a85d3a42f895353fb3
K-RVEA,DTLZ2,30,1.4625653211205625,300.0,100.0,True,21262942,,9.14.0.2254940 (R2023a) Update 2,"[2.0, 20.0, 5.0]",2026-09-13 00:07:59,178.353575,e4d82c44350fbf47b3355c4e4d142cdd19ea4b06e6cb71bcfb1ee0e6cb211e55,,,,,,,,C:\Users\lsx\Desktop\REMOandDREMO测试集\10目标\n30\KRVEA_100\KRVEA_100_DTLZ2_M10_D30_30.mat,6e082ec97cdb16a2035a6133d607dbcd2bbde0fd10452c0b67ef38f629f6fdd9
K-RVEA,DTLZ2,4,1.56737601191679,300.0,100.0,False,,,,[],,334.53208049999995,,,,,,,,,C:\Users\lsx\Desktop\REMOandDREMO测试集\10目标\n30\KRVEA_100\KRVEA_100_DTLZ2_M10_D30_4.mat,68c8f5f59ebd60e015befcacb6849da129ea19dbf930a6ff2a29f495659d16e9
K-RVEA,DTLZ2,5,1.3879367506577986,300.0,100.0,False,,,,[],,327.40573709999995,,,,,,,,,C:\Users\lsx\Desktop\REMOandDREMO测试集\10目标\n30\KRVEA_100\KRVEA_100_DTLZ2_M10_D30_5.mat,7fe348660eda8abfec09a688137e79aa633da8393e4136904bf8ee09cf93421d
K-RVEA,DTLZ2,6,1.1932426147055268,300.0,100.0,False,,,,[],,335.7273811,,,,,,,,,C:\Users\lsx\Desktop\REMOandDREMO测试集\10目标\n30\KRVEA_100\KRVEA_100_DTLZ2_M10_D30_6.mat,2fa4fd689ae3c068865bc6fa2c3b58956fe132ed33470d4ed45782b43ff2857c
K-RVEA,DTLZ2,7,1.5304847298658917,300.0,100.0,False,,,,[],,319.9705619,,,,,,,,,C:\Users\lsx\Desktop\REMOandDREMO测试集\10目标\n30\KRVEA_100\KRVEA_100_DTLZ2_M10_D30_7.mat,1b382868e7208904cbd444f8c05ea4a26ac73417c0b55bd8058ade51f37839ae
K-RVEA,DTLZ2,8,1.5549090146134414,300.0,100.0,False,,,,[],,305.0426595,,,,,,,,,C:\Users\lsx\Desktop\REMOandDREMO测试集\10目标\n30\KRVEA_100\KRVEA_100_DTLZ2_M10_D30_8.mat,4dbfefc8af79f8998962313ea0b584572f3fd47e42bfc56020dff06c9ac65856
K-RVEA,DTLZ2,9,1.4116184518655883,300.0,100.0,False,,,,[],,298.4315984,,,,,,,,,C:\Users\lsx\Desktop\REMOandDREMO测试集\10目标\n30\KRVEA_100\KRVEA_100_DTLZ2_M10_D30_9.mat,36aaf28c5f3c3244f35d8c389e590644f41f03267b2c74fe81dee2aa98820996
K-RVEA,DTLZ4,1,1.4040310218694247,300.0,100.0,False,,,,[],,316.3693179,,,,,,,,,C:\Users\lsx\Desktop\REMOandDREMO测试集\10目标\n30\KRVEA_100\KRVEA_100_DTLZ4_M10_D30_1.mat,772d0669c91475ff7149b64bfaf61ffe0ab22c208687da3251751b579d9f21a2
K-RVEA,DTLZ4,10,1.6053700002682976,300.0,100.0,False,,,,[],,305.781008,,,,,,,,,C:\Users\lsx\Desktop\REMOandDREMO测试集\10目标\n30\KRVEA_100\KRVEA_100_DTLZ4_M10_D30_10.mat,9b6dcc5e6d2d490d05f2e1fc87adbf7f199d9dffa112a5cb009bda3471ab23e4
K-RVEA,DTLZ4,11,1.8624199581742893,300.0,100.0,False,,,,[],,343.9677284000001,,,,,,,,,C:\Users\lsx\Desktop\REMOandDREMO测试集\10目标\n30\KRVEA_100\KRVEA_100_DTLZ4_M10_D30_11.mat,11db69df89b9013d9e745fdad9582ad2cabe6d61590ac432a6ac12838c60e6c2
K-RVEA,DTLZ4,12,1.5043022941048838,300.0,100.0,False,,,,[],,338.6338411,,,,,,,,,C:\Users\lsx\Desktop\REMOandDREMO测试集\10目标\n30\KRVEA_100\KRVEA_100_DTLZ4_M10_D30_12.mat,f9ccd4c0c85cecb75e16239e390a0f755faaa1e8ba7dc644830ed986deb21e71
K-RVEA,DTLZ4,13,1.7129675436888925,300.0,100.0,False,,,,[],,324.2849107,,,,,,,,,C:\Users\lsx\Desktop\REMOandDREMO测试集\10目标\n30\KRVEA_100\KRVEA_100_DTLZ4_M10_D30_13.mat,a8908c2381a301cea91e9d1fa89836061118b882e3c08887facdb55ba8b0b17e
K-RVEA,DTLZ4,14,1.6256284516896757,300.0,100.0,False,,,,[],,316.399522,,,,,,,,,C:\Users\lsx\Desktop\REMOandDREMO测试集\10目标\n30\KRVEA_100\KRVEA_100_DTLZ4_M10_D30_14.mat,e35c5edca6d0cb882b049d914628989c26e390ede5e85787993a8b5a2841dab6
K-RVEA,DTLZ4,15,1.8064977733782759,300.0,100.0,False,,,,[],,303.9376052999999,,,,,,,,,C:\Users\lsx\Desktop\REMOandDREMO测试集\10目标\n30\KRVEA_100\KRVEA_100_DTLZ4_M10_D30_15.mat,4ce6f27a83df787b83d4546d0c443cf79977c9a7a115cf6eb5e294e75b2482af
K-RVEA,DTLZ4,16,1.6348858523839795,300.0,100.0,False,,,,[],,307.5449539,,,,,,,,,C:\Users\lsx\Desktop\REMOandDREMO测试集\10目标\n30\KRVEA_100\KRVEA_100_DTLZ4_M10_D30_16.mat,6d32bbc0607588c5d7f32a4dbb81db9c29bcfba96eb22caddbd01a82e347f39d
K-RVEA,DTLZ4,17,1.5721205440201536,300.0,100.0,False,,,,[],,299.14300009999994,,,,,,,,,C:\Users\lsx\Desktop\REMOandDREMO测试集\10目标\n30\KRVEA_100\KRVEA_100_DTLZ4_M10_D30_17.mat,1175084ada1c2f92ca84a919626ab6ce59b5f0340b9f14a3915666809b6e8ac9
K-RVEA,DTLZ4,18,1.6441470250809351,300.0,100.0,False,,,,[],,280.05632130000004,,,,,,,,,C:\Users\lsx\Desktop\REMOandDREMO测试集\10目标\n30\KRVEA_100\KRVEA_100_DTLZ4_M10_D30_18.mat,340f3fd733754d7a8fe9b6995e81476642def3726b579d5e12fa1aa667704b7a
K-RVEA,DTLZ4,19,1.5315440715535646,300.0,100.0,True,21264931,,9.14.0.2254940 (R2023a) Update 2,"[2.0, 20.0, 5.0]",2026-09-13 01:19:00,169.06779770000003,3d07230b58e46bed680f0c44cb4241300f1dd173ba1fd940470a198dc976f3e3,,,,,,,,C:\Users\lsx\Desktop\REMOandDREMO测试集\10目标\n30\KRVEA_100\KRVEA_100_DTLZ4_M10_D30_19.mat,ad64b77f44f1cdb14cba2a1347452152d1b4cc4aa9140f2d90dddee891daf5dd
K-RVEA,DTLZ4,2,1.4214257952067535,300.0,100.0,False,,,,[],,322.4725927000001,,,,,,,,,C:\Users\lsx\Desktop\REMOandDREMO测试集\10目标\n30\KRVEA_100\KRVEA_100_DTLZ4_M10_D30_2.mat,d42ac46494088cceeba27b957f564626c33502973f955dfad6e9e2430243af65
K-RVEA,DTLZ4,20,1.6062478946624739,300.0,100.0,True,21264932,,9.14.0.2254940 (R2023a) Update 2,"[2.0, 20.0, 5.0]",2026-09-13 01:19:00,169.24519390000003,a06da2fa41e53d2176c0a4d8332945202b5c82c591e143dad5fee179fe1441cd,,,,,,,,C:\Users\lsx\Desktop\REMOandDREMO测试集\10目标\n30\KRVEA_100\KRVEA_100_DTLZ4_M10_D30_20.mat,510544f7584eb8a0a3d9942ec643a41b1fa42b255a1abbb4ff39e3d311445d65
K-RVEA,DTLZ4,21,1.5135647196223376,300.0,100.0,True,21264933,,9.14.0.2254940 (R2023a) Update 2,"[2.0, 20.0, 5.0]",2026-09-13 01:21:50,166.02635129999996,44f943bbacfe4bff735b2ff5026f341525e720739a79fe00cb8f3002a53e958e,,,,,,,,C:\Users\lsx\Desktop\REMOandDREMO测试集\10目标\n30\KRVEA_100\KRVEA_100_DTLZ4_M10_D30_21.mat,2376212df0f0eb781558597c82dc299096acba6bed6004f853868924726fe16a
K-RVEA,DTLZ4,22,1.638426302868617,300.0,100.0,True,21264934,,9.14.0.2254940 (R2023a) Update 2,"[2.0, 20.0, 5.0]",2026-09-13 01:21:50,172.2091981,eeddd9d048583fcfb0d10e9bfe0cdec4fe75053827e99a0e286ca7e1fceba595,,,,,,,,C:\Users\lsx\Desktop\REMOandDREMO测试集\10目标\n30\KRVEA_100\KRVEA_100_DTLZ4_M10_D30_22.mat,47e3f18496fc5ba1d4965aef8a770f4e342742fb351ead2e693cbf4e3e4f43d6
K-RVEA,DTLZ4,23,1.5528395767627374,300.0,100.0,True,21264935,,9.14.0.2254940 (R2023a) Update 2,"[2.0, 20.0, 5.0]",2026-09-13 01:24:43,176.27393759999998,7054470e98ec5659b148cd598bb08381ff37760f60de87874ea5d2306bb54916,,,,,,,,C:\Users\lsx\Desktop\REMOandDREMO测试集\10目标\n30\KRVEA_100\KRVEA_100_DTLZ4_M10_D30_23.mat,692364e0052092156ec5b66eb4dd86f31ab862fde406be8206d03b0b5e0f32c5
K-RVEA,DTLZ4,24,1.690336369006088,300.0,100.0,True,21264936,,9.14.0.2254940 (R2023a) Update 2,"[2.0, 20.0, 5.0]",2026-09-13 01:24:43,162.26088129999994,ba18211c49e2f4fdc92c0799c903ab0740ec303f123ef5605ea3c90ea6e843dd,,,,,,,,C:\Users\lsx\Desktop\REMOandDREMO测试集\10目标\n30\KRVEA_100\KRVEA_100_DTLZ4_M10_D30_24.mat,de5d72ba516ce1ceb9c206c26e64f69e390e382fc7565c532145d6636308769b
K-RVEA,DTLZ4,25,1.6561444014113347,300.0,100.0,True,21264937,,9.14.0.2254940 (R2023a) Update 2,"[2.0, 20.0, 5.0]",2026-09-13 01:27:40,157.3831305,3ba58d57586bc54b9bccf075a084594a3b5b5a8c26f264eae57cafc43f020109,,,,,,,,C:\Users\lsx\Desktop\REMOandDREMO测试集\10目标\n30\KRVEA_100\KRVEA_100_DTLZ4_M10_D30_25.mat,f61405f67f205d1e3a87d1f057c1ea761f65fda6f1189e93af825bc171086d3f
K-RVEA,DTLZ4,26,1.4875083507911557,300.0,100.0,True,21264938,,9.14.0.2254940 (R2023a) Update 2,"[2.0, 20.0, 5.0]",2026-09-13 01:27:40,171.6775928,61e21ebfb48da97bcc424ef17d746b1ef3565a4945bb01a174ca2d39db5a09a1,,,,,,,,C:\Users\lsx\Desktop\REMOandDREMO测试集\10目标\n30\KRVEA_100\KRVEA_100_DTLZ4_M10_D30_26.mat,440b09deef202292221174905bc5c55f2fe77a6ed4c7ac561cb62aed60190aa5
K-RVEA,DTLZ4,27,1.776063691233745,300.0,100.0,True,21264939,,9.14.0.2254940 (R2023a) Update 2,"[2.0, 20.0, 5.0]",2026-09-13 01:30:33,175.47104510000008,57b809ac29bb518925b2e3cffc285ccdd61d839674c80230792bc685c3206f9c,,,,,,,,C:\Users\lsx\Desktop\REMOandDREMO测试集\10目标\n30\KRVEA_100\KRVEA_100_DTLZ4_M10_D30_27.mat,cf78d0f5f3c6bce406f320d645f0f674bbe5fb87e4eb9a5ea21776abc5b95c1f
K-RVEA,DTLZ4,28,1.5348406449064131,300.0,100.0,True,21264940,,9.14.0.2254940 (R2023a) Update 2,"[2.0, 20.0, 5.0]",2026-09-13 01:30:33,161.9475101,e4b25f56ff51a23ee80b1823b63e1c5379054928805974b5748890fb74294852,,,,,,,,C:\Users\lsx\Desktop\REMOandDREMO测试集\10目标\n30\KRVEA_100\KRVEA_100_DTLZ4_M10_D30_28.mat,14892a5980a46911ba7bcdd0ac193e94c5b3f59bb3ca92a6c622fb7c4201a4f0
K-RVEA,DTLZ4,29,1.618733146418027,300.0,100.0,True,21264941,,9.14.0.2254940 (R2023a) Update 2,"[2.0, 20.0, 5.0]",2026-09-13 01:33:29,176.90160109999994,798c24fc12b9fdd7d0f4ddf0a0515475984b86e9a36217ad0023242ae6277a32,,,,,,,,C:\Users\lsx\Desktop\REMOandDREMO测试集\10目标\n30\KRVEA_100\KRVEA_100_DTLZ4_M10_D30_29.mat,8d5d6ca265e10b3b56ba751f4a617039c7185a639d4ae4d5c784fe820d066b0f
K-RVEA,DTLZ4,3,1.58401094474028,300.0,100.0,False,,,,[],,323.36854129999995,,,,,,,,,C:\Users\lsx\Desktop\REMOandDREMO测试集\10目标\n30\KRVEA_100\KRVEA_100_DTLZ4_M10_D30_3.mat,1976fb3f6f437e20f197d8a9f2f950070d2d271f17d2676d8d9720643580552a
K-RVEA,DTLZ4,30,1.6774890619197143,300.0,100.0,True,21264942,,9.14.0.2254940 (R2023a) Update 2,"[2.0, 20.0, 5.0]",2026-09-13 01:33:29,163.4652467,9c8481f5b7d8f021026598221788ba0592de9f4688af58277abaf411c9bf1155,,,,,,,,C:\Users\lsx\Desktop\REMOandDREMO测试集\10目标\n30\KRVEA_100\KRVEA_100_DTLZ4_M10_D30_30.mat,3287938247767a6758000969b86469529b8b0e899d5206ef7167822c382eeb74
K-RVEA,DTLZ4,4,1.76734697303416,300.0,100.0,False,,,,[],,317.1343001000001,,,,,,,,,C:\Users\lsx\Desktop\REMOandDREMO测试集\10目标\n30\KRVEA_100\KRVEA_100_DTLZ4_M10_D30_4.mat,000578091e0d68ac261fb788bf830dcd558cc78bf8fea9c34afacd1a7c6cacf6
K-RVEA,DTLZ4,5,1.7716440222800651,300.0,100.0,False,,,,[],,370.9224333000001,,,,,,,,,C:\Users\lsx\Desktop\REMOandDREMO测试集\10目标\n30\KRVEA_100\KRVEA_100_DTLZ4_M10_D30_5.mat,5cfc0095ffc3ac6a956cb198e8f01a98de89fabb74afe076f4b8e00bcf393796
K-RVEA,DTLZ4,6,1.5532460908230183,300.0,100.0,False,,,,[],,333.3453471,,,,,,,,,C:\Users\lsx\Desktop\REMOandDREMO测试集\10目标\n30\KRVEA_100\KRVEA_100_DTLZ4_M10_D30_6.mat,4b2958c6627bb6126de88087e644ad48d975a9a5862ce211747692e293a736c5
K-RVEA,DTLZ4,7,1.6299918777192317,300.0,100.0,False,,,,[],,324.6979068999999,,,,,,,,,C:\Users\lsx\Desktop\REMOandDREMO测试集\10目标\n30\KRVEA_100\KRVEA_100_DTLZ4_M10_D30_7.mat,626bdf45dc606df4fa3d4cedde5a23916addcc21a4add319e8d54bd6603ffb81
K-RVEA,DTLZ4,8,1.5838532539909962,300.0,100.0,False,,,,[],,348.1811045999999,,,,,,,,,C:\Users\lsx\Desktop\REMOandDREMO测试集\10目标\n30\KRVEA_100\KRVEA_100_DTLZ4_M10_D30_8.mat,1159edde2cc6618549798d8b97b5c1428c548efd1359fec545eabf57bdb259b9
K-RVEA,DTLZ4,9,1.728699358180357,300.0,100.0,False,,,,[],,325.4216124000001,,,,,,,,,C:\Users\lsx\Desktop\REMOandDREMO测试集\10目标\n30\KRVEA_100\KRVEA_100_DTLZ4_M10_D30_9.mat,890a79c4c87872942054256cc3cb080ec63fdab617ca5e3dd6c9a048901bb512
K-RVEA,DTLZ5,1,0.8372179223144822,300.0,100.0,False,,,,[],,316.1245467,,,,,,,,,C:\Users\lsx\Desktop\REMOandDREMO测试集\10目标\n30\KRVEA_100\KRVEA_100_DTLZ5_M10_D30_1.mat,05e45c46da52417eafee5f92dbc84ee822faafb3ac017de6b4b239002053fe9a
K-RVEA,DTLZ5,10,0.9062302798827514,300.0,100.0,False,,,,[],,325.8668207,,,,,,,,,C:\Users\lsx\Desktop\REMOandDREMO测试集\10目标\n30\KRVEA_100\KRVEA_100_DTLZ5_M10_D30_10.mat,13d85ebab123efb96cec950e3e1a8b59d5dc97d7929923ab76743219a2d30a53
K-RVEA,DTLZ5,11,0.9019757527335925,300.0,100.0,False,,,,[],,350.4276037,,,,,,,,,C:\Users\lsx\Desktop\REMOandDREMO测试集\10目标\n30\KRVEA_100\KRVEA_100_DTLZ5_M10_D30_11.mat,eb1628a2c40fb1a9c66f2258f997f7c4fd61936bb8bf785084640df2e50aa2b3
K-RVEA,DTLZ5,12,0.7751932528755114,300.0,100.0,False,,,,[],,330.37231520000006,,,,,,,,,C:\Users\lsx\Desktop\REMOandDREMO测试集\10目标\n30\KRVEA_100\KRVEA_100_DTLZ5_M10_D30_12.mat,749db0c285eaa17e57a8015a4f8703bd4e3bcdc1ab094389e3a84e81260675a5
K-RVEA,DTLZ5,13,0.8153057799190837,300.0,100.0,False,,,,[],,305.4685404000001,,,,,,,,,C:\Users\lsx\Desktop\REMOandDREMO测试集\10目标\n30\KRVEA_100\KRVEA_100_DTLZ5_M10_D30_13.mat,0d44fff90da4371bd941ec1857fdffa4ab2ddc6495611ad5d013c32f973e6f29
K-RVEA,DTLZ5,14,0.8342256675614368,300.0,100.0,False,,,,[],,322.62351519999993,,,,,,,,,C:\Users\lsx\Desktop\REMOandDREMO测试集\10目标\n30\KRVEA_100\KRVEA_100_DTLZ5_M10_D30_14.mat,e8d57e6bc7aef567ee1b9bf7ca03299372600a3285689ba5fa376f6d70048de6
K-RVEA,DTLZ5,15,0.9380790939337447,300.0,100.0,False,,,,[],,315.1918127,,,,,,,,,C:\Users\lsx\Desktop\REMOandDREMO测试集\10目标\n30\KRVEA_100\KRVEA_100_DTLZ5_M10_D30_15.mat,4f2bcea33059cd9e90ee968f491d32d070b608415ab3d4196a05da1e2b286c5c
K-RVEA,DTLZ5,16,0.9712526824939202,300.0,100.0,False,,,,[],,332.7864493,,,,,,,,,C:\Users\lsx\Desktop\REMOandDREMO测试集\10目标\n30\KRVEA_100\KRVEA_100_DTLZ5_M10_D30_16.mat,f863f4eb599de51780dc6c349ae96b5dd6a00a897e939f15d6ea3906a41a708c
K-RVEA,DTLZ5,17,0.7465020957940036,300.0,100.0,False,,,,[],,310.51875359999997,,,,,,,,,C:\Users\lsx\Desktop\REMOandDREMO测试集\10目标\n30\KRVEA_100\KRVEA_100_DTLZ5_M10_D30_17.mat,846fd5dbd3822e93afee7d0b0411656e28e93eb21585a1b795b60fb0b07fbabf
K-RVEA,DTLZ5,18,1.0069496683490662,300.0,100.0,False,,,,[],,311.7513830000001,,,,,,,,,C:\Users\lsx\Desktop\REMOandDREMO测试集\10目标\n30\KRVEA_100\KRVEA_100_DTLZ5_M10_D30_18.mat,959b398af720b1cb857a603313171923f3f9d5f0f1e4f30935be5d54fa24fd73
K-RVEA,DTLZ5,19,0.9844901554070475,300.0,100.0,True,21265931,,9.14.0.2254940 (R2023a) Update 2,"[2.0, 20.0, 5.0]",2026-09-13 02:01:52,173.73471679999992,8984d072e8db4849d88ad43e55c1b9fdc5714d8c64b6c6e1421d42cdf0e872f6,,,,,,,,C:\Users\lsx\Desktop\REMOandDREMO测试集\10目标\n30\KRVEA_100\KRVEA_100_DTLZ5_M10_D30_19.mat,691a0727d2eba44b05b58a501de815828a80af8d36a69650021f05f22896da17
K-RVEA,DTLZ5,2,0.8503176294488634,300.0,100.0,False,,,,[],,291.3053632,,,,,,,,,C:\Users\lsx\Desktop\REMOandDREMO测试集\10目标\n30\KRVEA_100\KRVEA_100_DTLZ5_M10_D30_2.mat,f4bfe2eae21a3fe0ff95587314207c789d26e3ca03cc1fdcdb795574be5ed564
K-RVEA,DTLZ5,20,0.9501666326404473,300.0,100.0,True,21265932,,9.14.0.2254940 (R2023a) Update 2,"[2.0, 20.0, 5.0]",2026-09-13 02:01:52,170.4161301,74cb1f6a4dd1cf4d763c234c205a9a04875dfb419c7098ba9073cb6fc816741c,,,,,,,,C:\Users\lsx\Desktop\REMOandDREMO测试集\10目标\n30\KRVEA_100\KRVEA_100_DTLZ5_M10_D30_20.mat,5f514c881b10506a4e6cf729ea28681bb4c306a549f5d138cf4f05dc8762c932
K-RVEA,DTLZ5,21,0.9974378179805108,300.0,100.0,True,21265933,,9.14.0.2254940 (R2023a) Update 2,"[2.0, 20.0, 5.0]",2026-09-13 02:04:46,163.20139350000002,192ddba6d32e68e94c94f27e6d73a18a13564247aa19ed559efbaf3273959a56,,,,,,,,C:\Users\lsx\Desktop\REMOandDREMO测试集\10目标\n30\KRVEA_100\KRVEA_100_DTLZ5_M10_D30_21.mat,c95e0c5d728ad26d2429abcacd3a7f0f1bf4b41214dff70ba480c6005b978b94
K-RVEA,DTLZ5,22,0.8761453504769714,300.0,100.0,True,21265934,,9.14.0.2254940 (R2023a) Update 2,"[2.0, 20.0, 5.0]",2026-09-13 02:04:46,172.88701060000002,aa7ede0f96a7c7fd7cac74223e5a17fc0b1926e6b3c5ec058193a96d8ffcf9fa,,,,,,,,C:\Users\lsx\Desktop\REMOandDREMO测试集\10目标\n30\KRVEA_100\KRVEA_100_DTLZ5_M10_D30_22.mat,b2b462e0046eda9b5a5c80a376edcac99f2afd7a83a3747d27bb06bf36aa1d8a
K-RVEA,DTLZ5,23,0.8787264475863084,300.0,100.0,True,21265935,,9.14.0.2254940 (R2023a) Update 2,"[2.0, 20.0, 5.0]",2026-09-13 02:07:40,176.04977010000002,06d95a372adf9bc6bf4fb810d49a2a8eb47d5818d3d2ceae99b134e5bd0a22e6,,,,,,,,C:\Users\lsx\Desktop\REMOandDREMO测试集\10目标\n30\KRVEA_100\KRVEA_100_DTLZ5_M10_D30_23.mat,4b39aab5714639d00d931a9d6268aceb03180ecc321d72ed198a958789f7b2a5
K-RVEA,DTLZ5,24,0.9423814259348544,300.0,100.0,True,21265936,,9.14.0.2254940 (R2023a) Update 2,"[2.0, 20.0, 5.0]",2026-09-13 02:07:40,175.91583819999994,4359cc825629d51f8ae208b73bbbf7617f9bb336d4d42e49adad8fdae1bd76ef,,,,,,,,C:\Users\lsx\Desktop\REMOandDREMO测试集\10目标\n30\KRVEA_100\KRVEA_100_DTLZ5_M10_D30_24.mat,ed2d10e3b29e4ca3739a68569f0164b0226c0a5c0ff1ba3d4de31a6c26651bd6
K-RVEA,DTLZ5,25,0.8594614157064955,300.0,100.0,True,21265937,,9.14.0.2254940 (R2023a) Update 2,"[2.0, 20.0, 5.0]",2026-09-13 02:10:37,173.97700949999998,e52fb7ec50ba5d2d68e241798b0ff5daa546bac84652f917c09977949e030fa8,,,,,,,,C:\Users\lsx\Desktop\REMOandDREMO测试集\10目标\n30\KRVEA_100\KRVEA_100_DTLZ5_M10_D30_25.mat,01405f8be90264696b44d70bbc4530a46a300fe067d620c47a5ad31d8ace01ab
K-RVEA,DTLZ5,26,0.7978983125333725,300.0,100.0,True,21265938,,9.14.0.2254940 (R2023a) Update 2,"[2.0, 20.0, 5.0]",2026-09-13 02:10:37,156.61795120000002,7ce86ff41a7ad12ce4a9aaebb85e57017e20021daee1fc45415680edba28c941,,,,,,,,C:\Users\lsx\Desktop\REMOandDREMO测试集\10目标\n30\KRVEA_100\KRVEA_100_DTLZ5_M10_D30_26.mat,c404bcf145fee2dc23cc2f922111ba9266e645a1730441ae4dfce8f037871bfa
K-RVEA,DTLZ5,27,0.7064163399569696,300.0,100.0,True,21265939,,9.14.0.2254940 (R2023a) Update 2,"[2.0, 20.0, 5.0]",2026-09-13 02:13:31,170.7500134,5f45eaab6c33ca2e182f788acf54484c6fe49fe3d8d6db6dfa278c9f6dcec406,,,,,,,,C:\Users\lsx\Desktop\REMOandDREMO测试集\10目标\n30\KRVEA_100\KRVEA_100_DTLZ5_M10_D30_27.mat,eafbaf8fd3fbc4eb689a2586e0ebd9ba3fe9ad58eefbcea893050af740a0a5b7
K-RVEA,DTLZ5,28,0.9903060215521698,300.0,100.0,True,21265940,,9.14.0.2254940 (R2023a) Update 2,"[2.0, 20.0, 5.0]",2026-09-13 02:13:31,169.07743510000003,c585f979c6619812aa318cfc7ff527a8bc4278751c67f24cacd4e85a7f8fb814,,,,,,,,C:\Users\lsx\Desktop\REMOandDREMO测试集\10目标\n30\KRVEA_100\KRVEA_100_DTLZ5_M10_D30_28.mat,51e5574b3b837ac3ea1321992cf62ea09dddbc8eca27b013fa3fb3aecdc8e575
K-RVEA,DTLZ5,29,0.7630983144020789,300.0,100.0,True,21265941,,9.14.0.2254940 (R2023a) Update 2,"[2.0, 20.0, 5.0]",2026-09-13 02:16:23,169.97534619999996,1ab69ef44a1a0cad41eaeeccb661b4fb7fd20cdea3ba8d6e4e9205a443a52dc4,,,,,,,,C:\Users\lsx\Desktop\REMOandDREMO测试集\10目标\n30\KRVEA_100\KRVEA_100_DTLZ5_M10_D30_29.mat,10fe4ba938c801fd89697c3dd7bac84f6142c884fa38b3f0238129d79e4deca6
K-RVEA,DTLZ5,3,1.0040070066218376,300.0,100.0,False,,,,[],,333.79651349999995,,,,,,,,,C:\Users\lsx\Desktop\REMOandDREMO测试集\10目标\n30\KRVEA_100\KRVEA_100_DTLZ5_M10_D30_3.mat,40aa9ed687dfff8748a2d9d18c3cb8061e7fe4eb45f0d55023c81fa0c76be7c7
K-RVEA,DTLZ5,30,1.010518865422743,300.0,100.0,True,21265942,,9.14.0.2254940 (R2023a) Update 2,"[2.0, 20.0, 5.0]",2026-09-13 02:16:23,168.80693829999998,50407c8c0057422161624e805226b6fed087873163967983a620e4949980f217,,,,,,,,C:\Users\lsx\Desktop\REMOandDREMO测试集\10目标\n30\KRVEA_100\KRVEA_100_DTLZ5_M10_D30_30.mat,a0dd7882578e0f1a05006a92bf4ea5682674542f72bc5f4fd637034893202596
K-RVEA,DTLZ5,4,0.8644548972744215,300.0,100.0,False,,,,[],,332.3280497,,,,,,,,,C:\Users\lsx\Desktop\REMOandDREMO测试集\10目标\n30\KRVEA_100\KRVEA_100_DTLZ5_M10_D30_4.mat,cfa2d94e39cf3200fd1eb62ca62bdbe47fbd4dc3e44d23268059a5b9beb14bf1
K-RVEA,DTLZ5,5,0.9729411239267962,300.0,100.0,False,,,,[],,362.3778814000001,,,,,,,,,C:\Users\lsx\Desktop\REMOandDREMO测试集\10目标\n30\KRVEA_100\KRVEA_100_DTLZ5_M10_D30_5.mat,f95e56b127e192e96dcb4e09705200487a5e60b75624c959b4ae24dd3b8ab5c7
K-RVEA,DTLZ5,6,1.013638485610001,300.0,100.0,False,,,,[],,336.9289722,,,,,,,,,C:\Users\lsx\Desktop\REMOandDREMO测试集\10目标\n30\KRVEA_100\KRVEA_100_DTLZ5_M10_D30_6.mat,44f26cc80548fcb27bed429462419e5c85dcf31f1c4d1911177e1e0cd661c15e
K-RVEA,DTLZ5,7,0.7439895270706842,300.0,100.0,False,,,,[],,328.60614380000004,,,,,,,,,C:\Users\lsx\Desktop\REMOandDREMO测试集\10目标\n30\KRVEA_100\KRVEA_100_DTLZ5_M10_D30_7.mat,601b6779b16ee290c1efb7e282a8dfe8d6ededa62751363296131f7df359360a
K-RVEA,DTLZ5,8,0.9723135955500433,300.0,100.0,False,,,,[],,325.6522757000001,,,,,,,,,C:\Users\lsx\Desktop\REMOandDREMO测试集\10目标\n30\KRVEA_100\KRVEA_100_DTLZ5_M10_D30_8.mat,580c0ed04a7ed792e6a1dd76cc8a6093dba6f3bc7b6ad33148bdcb50aa8048f5
K-RVEA,DTLZ5,9,0.987470871571762,300.0,100.0,False,,,,[],,324.2682601000001,,,,,,,,,C:\Users\lsx\Desktop\REMOandDREMO测试集\10目标\n30\KRVEA_100\KRVEA_100_DTLZ5_M10_D30_9.mat,352fd7b391e10dac449f4ed79a643fa91ff769e525c48879c95fd79dd0cdc648
K-RVEA,DTLZ7,1,1.5483081918829746,300.0,100.0,False,,,,[],,429.6388681000001,,,,,,,,,C:\Users\lsx\Desktop\REMOandDREMO测试集\10目标\n30\KRVEA_100\KRVEA_100_DTLZ7_M10_D30_1.mat,c1ebc04319a68bbd68fd22c96bd07878e67a6772eb0609b28b84948e16c65301
K-RVEA,DTLZ7,10,1.4703508771107086,300.0,100.0,False,,,,[],,404.8470261,,,,,,,,,C:\Users\lsx\Desktop\REMOandDREMO测试集\10目标\n30\KRVEA_100\KRVEA_100_DTLZ7_M10_D30_10.mat,1a782d4048c8b92cb3f3ecc8d77503c3e0475d83e2c39ca049959bbcc5a3b59e
K-RVEA,DTLZ7,11,1.4671215930240946,300.0,100.0,False,,,,[],,411.7443400000001,,,,,,,,,C:\Users\lsx\Desktop\REMOandDREMO测试集\10目标\n30\KRVEA_100\KRVEA_100_DTLZ7_M10_D30_11.mat,fd0ae65b42a2ef4fa336b657aa04c7d6ec443e2e5e631041c3d7917ad757f5be
K-RVEA,DTLZ7,12,1.8035219748078912,300.0,100.0,False,,,,[],,402.9656176999999,,,,,,,,,C:\Users\lsx\Desktop\REMOandDREMO测试集\10目标\n30\KRVEA_100\KRVEA_100_DTLZ7_M10_D30_12.mat,319bbe3bee77633d09c799883b8c8e2c80aba335c7a11ff575006fb2c6ea6805
K-RVEA,DTLZ7,13,1.4341361587893415,300.0,100.0,False,,,,[],,393.9875072,,,,,,,,,C:\Users\lsx\Desktop\REMOandDREMO测试集\10目标\n30\KRVEA_100\KRVEA_100_DTLZ7_M10_D30_13.mat,dad46ea109e4361bfe0f883874012ab1362bb5645aa5d019ac056883528b6858
K-RVEA,DTLZ7,14,1.560910995779483,300.0,100.0,False,,,,[],,398.90326530000004,,,,,,,,,C:\Users\lsx\Desktop\REMOandDREMO测试集\10目标\n30\KRVEA_100\KRVEA_100_DTLZ7_M10_D30_14.mat,f8de8b7a67f3b64fc0ded364594c95297235c5c8882a5f4e0bd4868251d6e407
K-RVEA,DTLZ7,15,1.4500393496719794,300.0,100.0,False,,,,[],,397.52951319999994,,,,,,,,,C:\Users\lsx\Desktop\REMOandDREMO测试集\10目标\n30\KRVEA_100\KRVEA_100_DTLZ7_M10_D30_15.mat,5e5355f27e7f460367c0ca933ba81c35171f18a85e77bfcdcc8727a02673c977
K-RVEA,DTLZ7,16,1.7056976384590317,300.0,100.0,False,,,,[],,394.03675269999997,,,,,,,,,C:\Users\lsx\Desktop\REMOandDREMO测试集\10目标\n30\KRVEA_100\KRVEA_100_DTLZ7_M10_D30_16.mat,90cbd13a6de23f574f5bb18d74552ffe7a42a48f70639c74cd92a8a1a8ac20fc
K-RVEA,DTLZ7,17,1.8491646257876124,300.0,100.0,False,,,,[],,398.02631340000005,,,,,,,,,C:\Users\lsx\Desktop\REMOandDREMO测试集\10目标\n30\KRVEA_100\KRVEA_100_DTLZ7_M10_D30_17.mat,2e165188ba0435ea939bfe122251a25236589f3f173454c551ad3afe7602c728
K-RVEA,DTLZ7,18,1.5008272790868802,300.0,100.0,False,,,,[],,393.7494542,,,,,,,,,C:\Users\lsx\Desktop\REMOandDREMO测试集\10目标\n30\KRVEA_100\KRVEA_100_DTLZ7_M10_D30_18.mat,ff4974581f6c26bea7daa0685c4f5a9abb9fede8350a183dda97eb5f5b6f43d1
K-RVEA,DTLZ7,19,1.4284264523860561,300.0,100.0,True,21267931,,9.14.0.2254940 (R2023a) Update 2,"[2.0, 20.0, 5.0]",2026-09-13 03:26:27,218.09133170000004,a7c2dd57afbaad23fc46f51c458e84fb5631933c0660233e838dda35cf54e466,,,,,,,,C:\Users\lsx\Desktop\REMOandDREMO测试集\10目标\n30\KRVEA_100\KRVEA_100_DTLZ7_M10_D30_19.mat,1989c5204d8b5c5fcd21eb48113c98a9c1ea0481e59e902634c66f5ceb31d30f
K-RVEA,DTLZ7,2,2.159046400931468,300.0,100.0,False,,,,[],,424.0587196999999,,,,,,,,,C:\Users\lsx\Desktop\REMOandDREMO测试集\10目标\n30\KRVEA_100\KRVEA_100_DTLZ7_M10_D30_2.mat,5814503033de2cf18f3ec066c71309ea8ef5c81ce5662ff05794f26b2a586e64
K-RVEA,DTLZ7,20,1.916749505924534,300.0,100.0,True,21267932,,9.14.0.2254940 (R2023a) Update 2,"[2.0, 20.0, 5.0]",2026-09-13 03:26:27,214.22656089999998,557043e0a288377952c5865356e20c277e1d592a0dea43b05e0aa59a6eb437df,,,,,,,,C:\Users\lsx\Desktop\REMOandDREMO测试集\10目标\n30\KRVEA_100\KRVEA_100_DTLZ7_M10_D30_20.mat,a53d0e512a69c098d5ecddfab8f7aa9366c6a64279bef1467b47138887c4f00c
K-RVEA,DTLZ7,21,1.4331089737381006,300.0,100.0,True,21267933,,9.14.0.2254940 (R2023a) Update 2,"[2.0, 20.0, 5.0]",2026-09-13 03:30:07,215.14728519999994,8833194b487593f1fadb6de796e0cf7f3e0be61e917c6adfae8fcddbf72c0b50,,,,,,,,C:\Users\lsx\Desktop\REMOandDREMO测试集\10目标\n30\KRVEA_100\KRVEA_100_DTLZ7_M10_D30_21.mat,7e8ac336a06324668eb9a7793c0df37d90a1db78aec6a4c92f7c97253153e459
K-RVEA,DTLZ7,22,1.4376925333991473,300.0,100.0,True,21267934,,9.14.0.2254940 (R2023a) Update 2,"[2.0, 20.0, 5.0]",2026-09-13 03:30:07,216.58162049999999,eaf4eb1eb556ce60a29dddbb5015318342486cfb1a9996e717faf186a00b753f,,,,,,,,C:\Users\lsx\Desktop\REMOandDREMO测试集\10目标\n30\KRVEA_100\KRVEA_100_DTLZ7_M10_D30_22.mat,cb71f980dac409e2884ba8d3d9608cb227adb6ac5984bb87f17d0a625f002bb4
K-RVEA,DTLZ7,23,2.3215829188244372,300.0,100.0,True,21267935,,9.14.0.2254940 (R2023a) Update 2,"[2.0, 20.0, 5.0]",2026-09-13 03:33:44,213.7845908,787642cdf49babc3a14e4a107d7f50e114da94623251ddf71cb07a0d8c48d85b,,,,,,,,C:\Users\lsx\Desktop\REMOandDREMO测试集\10目标\n30\KRVEA_100\KRVEA_100_DTLZ7_M10_D30_23.mat,0b87a393748b88b8f22b3e32e1dd042389eac44e02cebb1f1e80cd3171c5acb5
K-RVEA,DTLZ7,24,1.6065290395501435,300.0,100.0,True,21267936,,9.14.0.2254940 (R2023a) Update 2,"[2.0, 20.0, 5.0]",2026-09-13 03:33:44,217.23353409999996,79659e0d185c34df3a20cb22a99c0b4d973f3d8d66abf9db0d654e23d0b82859,,,,,,,,C:\Users\lsx\Desktop\REMOandDREMO测试集\10目标\n30\KRVEA_100\KRVEA_100_DTLZ7_M10_D30_24.mat,1ad18f4bcbcea6cbe8e66a276cb6643bbec5f03cccd49ce29dba59015cc05234
K-RVEA,DTLZ7,25,1.6605619533975173,300.0,100.0,True,21267937,,9.14.0.2254940 (R2023a) Update 2,"[2.0, 20.0, 5.0]",2026-09-13 03:37:22,217.52435130000003,89727c8c47b2466603063d49b9ea0cb302f4c63867ec2c65356b06988d7c7988,,,,,,,,C:\Users\lsx\Desktop\REMOandDREMO测试集\10目标\n30\KRVEA_100\KRVEA_100_DTLZ7_M10_D30_25.mat,423d75b76e738e8dde1ab8a4876ec723cc5f236946e972320676668b16d7abda
K-RVEA,DTLZ7,26,1.5810694514903127,300.0,100.0,True,21267938,,9.14.0.2254940 (R2023a) Update 2,"[2.0, 20.0, 5.0]",2026-09-13 03:37:22,214.03480810000005,75980212df9ce16bae0937610b427529d27f9f8f65328b5c3df6abdc2a8daed2,,,,,,,,C:\Users\lsx\Desktop\REMOandDREMO测试集\10目标\n30\KRVEA_100\KRVEA_100_DTLZ7_M10_D30_26.mat,3147dd24986635cd44e3372858894b6633f34b5b3b519f5907cf7ebac8b56aec
K-RVEA,DTLZ7,27,1.861474743067887,300.0,100.0,True,21267939,,9.14.0.2254940 (R2023a) Update 2,"[2.0, 20.0, 5.0]",2026-09-13 03:41:01,221.2176539,aebd04ab2f8843331b2af32b70487cc306d312aa21372b6a4f83ca4b92f1c377,,,,,,,,C:\Users\lsx\Desktop\REMOandDREMO测试集\10目标\n30\KRVEA_100\KRVEA_100_DTLZ7_M10_D30_27.mat,0ce04e49a314a99c63db2f31da69cf3d6f5062c9c60c12752c00f2e5013ab721
K-RVEA,DTLZ7,28,1.4920068225516352,300.0,100.0,True,21267940,,9.14.0.2254940 (R2023a) Update 2,"[2.0, 20.0, 5.0]",2026-09-13 03:41:01,216.79748420000004,3216cedae99fb2b0b9823cf648632e4983dd5f3c98189218f25c4cf685cf635a,,,,,,,,C:\Users\lsx\Desktop\REMOandDREMO测试集\10目标\n30\KRVEA_100\KRVEA_100_DTLZ7_M10_D30_28.mat,5ce6485171d85338108f61c1b4cc40d2a98cc06a03a60806cf8c035a8260419b
K-RVEA,DTLZ7,29,1.606863619637613,300.0,100.0,True,21267941,,9.14.0.2254940 (R2023a) Update 2,"[2.0, 20.0, 5.0]",2026-09-13 03:44:43,217.5601626,1344a7f339dc6abb78e21d47bdb8e8f8db39f1f09ca93bdab25ffa844d9ff337,,,,,,,,C:\Users\lsx\Desktop\REMOandDREMO测试集\10目标\n30\KRVEA_100\KRVEA_100_DTLZ7_M10_D30_29.mat,3abd8e5d113a15eb9f3ea8afd032a4780c11e0cfbe5883bf2c25e28ab0909820
K-RVEA,DTLZ7,3,1.9525781831210116,300.0,100.0,False,,,,[],,427.42122779999994,,,,,,,,,C:\Users\lsx\Desktop\REMOandDREMO测试集\10目标\n30\KRVEA_100\KRVEA_100_DTLZ7_M10_D30_3.mat,20017f2aa67c8be96437ed67ef4c1cc5ffab1d109f5eb88a3630b217c9ad81d9
K-RVEA,DTLZ7,30,1.4162768093377522,300.0,100.0,True,21267942,,9.14.0.2254940 (R2023a) Update 2,"[2.0, 20.0, 5.0]",2026-09-13 03:44:43,213.77998879999996,d13e826b1c18c3979fb7ee84838a27254ce2751aeb4a99159787a1906ffde7ec,,,,,,,,C:\Users\lsx\Desktop\REMOandDREMO测试集\10目标\n30\KRVEA_100\KRVEA_100_DTLZ7_M10_D30_30.mat,d5e8a2029b01fe57a966320b00a1855586661e7d79f52fbddc9f0cc6cdf4f9fa
K-RVEA,DTLZ7,4,1.5010044950195707,300.0,100.0,False,,,,[],,426.84839969999996,,,,,,,,,C:\Users\lsx\Desktop\REMOandDREMO测试集\10目标\n30\KRVEA_100\KRVEA_100_DTLZ7_M10_D30_4.mat,0ab68128e3483e0bd7762f2da3c29f141e5e6315607cc751bdef4a3f24f1218b
K-RVEA,DTLZ7,5,1.5067183818963183,300.0,100.0,False,,,,[],,432.4263778,,,,,,,,,C:\Users\lsx\Desktop\REMOandDREMO测试集\10目标\n30\KRVEA_100\KRVEA_100_DTLZ7_M10_D30_5.mat,78733be5fb25717f8f5c9ed4f8b9723a834ba9b105faf7dc5a4a8f89fe8996aa
K-RVEA,DTLZ7,6,1.6657552646581792,300.0,100.0,False,,,,[],,431.20198869999996,,,,,,,,,C:\Users\lsx\Desktop\REMOandDREMO测试集\10目标\n30\KRVEA_100\KRVEA_100_DTLZ7_M10_D30_6.mat,475cd5f8819766880a5649e052de62f3893ce821ae52187a01c5381dcc14935c
K-RVEA,DTLZ7,7,1.481767857232149,300.0,100.0,False,,,,[],,415.7103405,,,,,,,,,C:\Users\lsx\Desktop\REMOandDREMO测试集\10目标\n30\KRVEA_100\KRVEA_100_DTLZ7_M10_D30_7.mat,a20ece0e19cfce8c04f51a551dd68674bf78101c4b7de557a56b62381913c9d3
K-RVEA,DTLZ7,8,1.8287671740058018,300.0,100.0,False,,,,[],,410.5150110000001,,,,,,,,,C:\Users\lsx\Desktop\REMOandDREMO测试集\10目标\n30\KRVEA_100\KRVEA_100_DTLZ7_M10_D30_8.mat,a9ad00ae51336f7a84c25b0542f1df6a100278257e0dc0e7686cf131b3cbea9d
K-RVEA,DTLZ7,9,1.8384224458180156,300.0,100.0,False,,,,[],,411.0295122,,,,,,,,,C:\Users\lsx\Desktop\REMOandDREMO测试集\10目标\n30\KRVEA_100\KRVEA_100_DTLZ7_M10_D30_9.mat,9a878224b25d8f1fd393b802ae34365522f56e4ffdb49125f4cd19400e46db77
MCEA/D,DTLZ2,1,0.9892031936867866,300.0,65.0,False,,,,[],,9.400857500000004,,,,,,,,,C:\Users\lsx\Desktop\REMOandDREMO测试集\10目标\n30\MCEAD\MCEAD_DTLZ2_M10_D30_1.mat,49d33c7ac836417ddba6a200a8a78ea1677325553e7bdc56b831b10dd3e707d5
MCEA/D,DTLZ2,10,1.125719723753323,300.0,65.0,False,,,,[],,7.9222452999999975,,,,,,,,,C:\Users\lsx\Desktop\REMOandDREMO测试集\10目标\n30\MCEAD\MCEAD_DTLZ2_M10_D30_10.mat,ce5f46323ec9497be85a85cf20129387ca8f951a535e270750f0793db0c14432
MCEA/D,DTLZ2,11,1.0471954037949611,300.0,65.0,False,,,,[],,8.037356800000001,,,,,,,,,C:\Users\lsx\Desktop\REMOandDREMO测试集\10目标\n30\MCEAD\MCEAD_DTLZ2_M10_D30_11.mat,eb87fb6542f8ddb25892e266782d504e65ea79fa66ec816342c48b5e687c4216
MCEA/D,DTLZ2,12,1.1234781326793821,300.0,65.0,False,,,,[],,7.930960099999998,,,,,,,,,C:\Users\lsx\Desktop\REMOandDREMO测试集\10目标\n30\MCEAD\MCEAD_DTLZ2_M10_D30_12.mat,1a0b4b63d2029cb9458da7d816a9493e4cb3fde0d1392bec31ad4abd87a97b84
MCEA/D,DTLZ2,13,1.154053373505212,300.0,65.0,False,,,,[],,7.579069000000002,,,,,,,,,C:\Users\lsx\Desktop\REMOandDREMO测试集\10目标\n30\MCEAD\MCEAD_DTLZ2_M10_D30_13.mat,161143d319ded26beb2194ef5f73454900128458de61c89bdeee9974bfdaaebc
MCEA/D,DTLZ2,14,1.0963679487179105,300.0,65.0,False,,,,[],,7.765292400000002,,,,,,,,,C:\Users\lsx\Desktop\REMOandDREMO测试集\10目标\n30\MCEAD\MCEAD_DTLZ2_M10_D30_14.mat,2e52c452dc4645536fa62a43384fcd4ffcd99f3a7fb8ec674e1a00e50dc584c6
MCEA/D,DTLZ2,15,1.1347059004751592,300.0,65.0,False,,,,[],,7.546590299999999,,,,,,,,,C:\Users\lsx\Desktop\REMOandDREMO测试集\10目标\n30\MCEAD\MCEAD_DTLZ2_M10_D30_15.mat,1ac750baaa3903bf79e17529e2008302af2e3f43f98495d2e5b40bacfb7a6184
MCEA/D,DTLZ2,16,1.0490710373852536,300.0,65.0,False,,,,[],,8.011085499999998,,,,,,,,,C:\Users\lsx\Desktop\REMOandDREMO测试集\10目标\n30\MCEAD\MCEAD_DTLZ2_M10_D30_16.mat,5df7ee856d993e7f24b9b40c95f7d3a90599fc6802fbf281ca650f030e7a0be4
MCEA/D,DTLZ2,17,1.106420943586402,300.0,65.0,False,,,,[],,7.722049000000002,,,,,,,,,C:\Users\lsx\Desktop\REMOandDREMO测试集\10目标\n30\MCEAD\MCEAD_DTLZ2_M10_D30_17.mat,8bc9de15717633b81c4a9705d9f7279752a156fcfea35fd1a9e95790e8ac5755
MCEA/D,DTLZ2,18,1.048127185052028,300.0,65.0,False,,,,[],,7.591549099999998,,,,,,,,,C:\Users\lsx\Desktop\REMOandDREMO测试集\10目标\n30\MCEAD\MCEAD_DTLZ2_M10_D30_18.mat,c64acab8e21aab436e0e4464f138937951ce08fe9d7af03588bd6929fdec7715
MCEA/D,DTLZ2,19,1.0772991408090447,300.0,65.0,False,,,,[],,7.4790780000000066,,,,,,,,,C:\Users\lsx\Desktop\REMOandDREMO测试集\10目标\n30\MCEAD\MCEAD_DTLZ2_M10_D30_19.mat,30d15894d9ddd40fcf6623136b70079240a529170f7d5b448a5a33818568fd81
MCEA/D,DTLZ2,2,1.098898352629747,300.0,65.0,False,,,,[],,9.3154368,,,,,,,,,C:\Users\lsx\Desktop\REMOandDREMO测试集\10目标\n30\MCEAD\MCEAD_DTLZ2_M10_D30_2.mat,0b82a83a33463d71e86354300d38300ba6091237c9ebc518296d5e4e5a527414
MCEA/D,DTLZ2,20,1.021805690274531,300.0,65.0,False,,,,[],,7.381550199999996,,,,,,,,,C:\Users\lsx\Desktop\REMOandDREMO测试集\10目标\n30\MCEAD\MCEAD_DTLZ2_M10_D30_20.mat,1c70979e32095b1ae33427364a08200053346a047835d1c653f64fbb30feaf79
MCEA/D,DTLZ2,21,1.1215772943067803,300.0,65.0,False,,,,[],,7.635722000000005,,,,,,,,,C:\Users\lsx\Desktop\REMOandDREMO测试集\10目标\n30\MCEAD\MCEAD_DTLZ2_M10_D30_21.mat,f98a55d43502de583a3d5c79b7127f913854409d9d2e010a5c3439bb497a994b
MCEA/D,DTLZ2,22,1.2067523738237211,300.0,65.0,False,,,,[],,7.6731246,,,,,,,,,C:\Users\lsx\Desktop\REMOandDREMO测试集\10目标\n30\MCEAD\MCEAD_DTLZ2_M10_D30_22.mat,40b9d7388dbd57cdcbe801f7ca49284994c5a9520a3c3e2b1482558e0a2f4b21
MCEA/D,DTLZ2,23,1.0715640574276404,300.0,65.0,False,,,,[],,7.5626038,,,,,,,,,C:\Users\lsx\Desktop\REMOandDREMO测试集\10目标\n30\MCEAD\MCEAD_DTLZ2_M10_D30_23.mat,059ad3507f26506274410795c2f9df6c77bd54a1c937b165e97862666a320b88
MCEA/D,DTLZ2,24,1.1028914582728289,300.0,65.0,False,,,,[],,7.4512191,,,,,,,,,C:\Users\lsx\Desktop\REMOandDREMO测试集\10目标\n30\MCEAD\MCEAD_DTLZ2_M10_D30_24.mat,b7f193e8ad4e3689d22cd8692c64232cc3f07a8960e1e1ac401500ec23675bde
MCEA/D,DTLZ2,25,1.133748676535347,300.0,65.0,False,,,,[],,7.997095499999997,,,,,,,,,C:\Users\lsx\Desktop\REMOandDREMO测试集\10目标\n30\MCEAD\MCEAD_DTLZ2_M10_D30_25.mat,8080c06fcec9dc9d9ac83d806193dc6241a8efbf8022c2348b0e16918267661f
MCEA/D,DTLZ2,26,1.1103027073006797,300.0,65.0,False,,,,[],,8.0482093,,,,,,,,,C:\Users\lsx\Desktop\REMOandDREMO测试集\10目标\n30\MCEAD\MCEAD_DTLZ2_M10_D30_26.mat,0feee8bd300c71a68c2215bc5da1c3d7ee5a1fe1ab0661adf3e362030e046573
MCEA/D,DTLZ2,27,1.086423355812424,300.0,65.0,False,,,,[],,7.9728889,,,,,,,,,C:\Users\lsx\Desktop\REMOandDREMO测试集\10目标\n30\MCEAD\MCEAD_DTLZ2_M10_D30_27.mat,4a1f70f30c8538ec935ff745635309e1c77e92107e6a5e73d394c7225751a55a
MCEA/D,DTLZ2,28,1.1260456947766324,300.0,65.0,False,,,,[],,7.877598199999999,,,,,,,,,C:\Users\lsx\Desktop\REMOandDREMO测试集\10目标\n30\MCEAD\MCEAD_DTLZ2_M10_D30_28.mat,c8766267bba8cf3b033d973aa34f47b990a669743492bedf75328ca7fd7fd395
MCEA/D,DTLZ2,29,1.0954398689346074,300.0,65.0,False,,,,[],,7.807422299999996,,,,,,,,,C:\Users\lsx\Desktop\REMOandDREMO测试集\10目标\n30\MCEAD\MCEAD_DTLZ2_M10_D30_29.mat,4061f4d6f83ba100b2aebc2f50dc4bcfead239692887723ef01971ebd05129d9
MCEA/D,DTLZ2,3,1.0096529576890922,300.0,65.0,False,,,,[],,9.415192100000004,,,,,,,,,C:\Users\lsx\Desktop\REMOandDREMO测试集\10目标\n30\MCEAD\MCEAD_DTLZ2_M10_D30_3.mat,98d7634a731ee1918732ef3db8ac9f94affe1d9c10425d4927cf8233ac582aef
MCEA/D,DTLZ2,30,1.0579496445454637,300.0,65.0,False,,,,[],,7.878595899999995,,,,,,,,,C:\Users\lsx\Desktop\REMOandDREMO测试集\10目标\n30\MCEAD\MCEAD_DTLZ2_M10_D30_30.mat,be4cb9cf48edf31a9d57b5adfc754386d81fb668a292a4a77254d162bbfc1dce
MCEA/D,DTLZ2,4,1.2032294217797128,300.0,65.0,False,,,,[],,9.448136100000003,,,,,,,,,C:\Users\lsx\Desktop\REMOandDREMO测试集\10目标\n30\MCEAD\MCEAD_DTLZ2_M10_D30_4.mat,f0e78f91b39b48a74ec5857a634b8155c22efc346eec21456fb3945190d12250
MCEA/D,DTLZ2,5,1.0634272995061944,300.0,65.0,False,,,,[],,9.322994300000007,,,,,,,,,C:\Users\lsx\Desktop\REMOandDREMO测试集\10目标\n30\MCEAD\MCEAD_DTLZ2_M10_D30_5.mat,6f5d359b0b6553305670b5930cd98963aefd503ae9fe5da331fc572d7ba6e46a
MCEA/D,DTLZ2,6,1.190293617132147,300.0,65.0,False,,,,[],,9.384825699999995,,,,,,,,,C:\Users\lsx\Desktop\REMOandDREMO测试集\10目标\n30\MCEAD\MCEAD_DTLZ2_M10_D30_6.mat,805ca2fa1fe874ef98ad1c68031dea67db70110556e537b7575201944230c5e1
MCEA/D,DTLZ2,7,1.0564503689449596,300.0,65.0,False,,,,[],,7.789289400000003,,,,,,,,,C:\Users\lsx\Desktop\REMOandDREMO测试集\10目标\n30\MCEAD\MCEAD_DTLZ2_M10_D30_7.mat,71abb1af4d1af049506d9a094a9c61b8c726d11f9cae10c72efc23cc36f801ac
MCEA/D,DTLZ2,8,1.1804162222469614,300.0,65.0,False,,,,[],,7.9756296,,,,,,,,,C:\Users\lsx\Desktop\REMOandDREMO测试集\10目标\n30\MCEAD\MCEAD_DTLZ2_M10_D30_8.mat,9354227a5880c62c4b0032dad5adb5e787688fb486cd2e3f75a489955a8b6c54
MCEA/D,DTLZ2,9,1.0768695540896025,300.0,65.0,False,,,,[],,8.1617533,,,,,,,,,C:\Users\lsx\Desktop\REMOandDREMO测试集\10目标\n30\MCEAD\MCEAD_DTLZ2_M10_D30_9.mat,64a9e2d8188f8b47263fc2c26eb715cf91d25aaae77f245302834191ee46fd71
MCEA/D,DTLZ4,1,1.2514850938538513,300.0,65.0,False,,,,[],,7.381101199999998,,,,,,,,,C:\Users\lsx\Desktop\REMOandDREMO测试集\10目标\n30\MCEAD\MCEAD_DTLZ4_M10_D30_1.mat,e5ab36990d3a25a19a94ee0682895804bfb2f78b7a069ec58b0049c17350f632
MCEA/D,DTLZ4,10,1.255647511322725,300.0,65.0,False,,,,[],,7.636558599999998,,,,,,,,,C:\Users\lsx\Desktop\REMOandDREMO测试集\10目标\n30\MCEAD\MCEAD_DTLZ4_M10_D30_10.mat,f2091771fc622e8dea8b68ee9bb6ef7dcd2f949cf2abc9a250fbcd04d9aa5163
MCEA/D,DTLZ4,11,1.2482836674587792,300.0,65.0,False,,,,[],,7.708961700000002,,,,,,,,,C:\Users\lsx\Desktop\REMOandDREMO测试集\10目标\n30\MCEAD\MCEAD_DTLZ4_M10_D30_11.mat,04d54f68e01f6fc6439d77d7f266f89fa2a455019111f366a9d88077bf3198eb
MCEA/D,DTLZ4,12,1.2629982031431273,300.0,65.0,False,,,,[],,7.531802299999999,,,,,,,,,C:\Users\lsx\Desktop\REMOandDREMO测试集\10目标\n30\MCEAD\MCEAD_DTLZ4_M10_D30_12.mat,b182f5167d59674d705215f7c00289bf20812ca9da843daf2ff8810303cdedc8
MCEA/D,DTLZ4,13,1.2718442801940981,300.0,65.0,False,,,,[],,8.005356600000004,,,,,,,,,C:\Users\lsx\Desktop\REMOandDREMO测试集\10目标\n30\MCEAD\MCEAD_DTLZ4_M10_D30_13.mat,78e3ffd5ceba8128515e0629b3c37effd2015951033d4f8285cc393cf88b4d23
MCEA/D,DTLZ4,14,1.2528628751591773,300.0,65.0,False,,,,[],,8.005926,,,,,,,,,C:\Users\lsx\Desktop\REMOandDREMO测试集\10目标\n30\MCEAD\MCEAD_DTLZ4_M10_D30_14.mat,f3c591c9bc7de165a9917b260d354c4bf0ec868a337a655522e31e0546eb5bff
MCEA/D,DTLZ4,15,1.2546784078986104,300.0,65.0,False,,,,[],,8.1374778,,,,,,,,,C:\Users\lsx\Desktop\REMOandDREMO测试集\10目标\n30\MCEAD\MCEAD_DTLZ4_M10_D30_15.mat,afcc30bd7b90c0759e5aba5a20a9517b3b50e7f35427c5d018b5b10ac79f6d09
MCEA/D,DTLZ4,16,1.260701113241056,300.0,65.0,False,,,,[],,7.963907899999997,,,,,,,,,C:\Users\lsx\Desktop\REMOandDREMO测试集\10目标\n30\MCEAD\MCEAD_DTLZ4_M10_D30_16.mat,d4692af1eeafecf6092c33fe54a5d29a59a8c3e5fa8074111aed76c6e7af5357
MCEA/D,DTLZ4,17,1.2598192283640988,300.0,65.0,False,,,,[],,8.170347300000007,,,,,,,,,C:\Users\lsx\Desktop\REMOandDREMO测试集\10目标\n30\MCEAD\MCEAD_DTLZ4_M10_D30_17.mat,aafe7234bca1381ded153d6bfbe40201ad4a2b29cd90bad3dc4a9c8322ced901
MCEA/D,DTLZ4,18,1.2800981477872042,300.0,65.0,False,,,,[],,8.0890637,,,,,,,,,C:\Users\lsx\Desktop\REMOandDREMO测试集\10目标\n30\MCEAD\MCEAD_DTLZ4_M10_D30_18.mat,575c9a31adb2793f2328bb3e4439a2b361173e7ef5ea0251000dcd5cf16538a1
MCEA/D,DTLZ4,19,1.2562151272749287,300.0,65.0,False,,,,[],,8.294554699999999,,,,,,,,,C:\Users\lsx\Desktop\REMOandDREMO测试集\10目标\n30\MCEAD\MCEAD_DTLZ4_M10_D30_19.mat,0ffa4d64e7e23350ad83cacc1233586b7d6987ce2552d133920fd9779ede592d
MCEA/D,DTLZ4,2,1.2149684111693528,300.0,65.0,False,,,,[],,7.381569700000001,,,,,,,,,C:\Users\lsx\Desktop\REMOandDREMO测试集\10目标\n30\MCEAD\MCEAD_DTLZ4_M10_D30_2.mat,d650fb578af68417298077fdc0f9da56b30c9de638000016cd9f524e2715ada7
MCEA/D,DTLZ4,20,1.258268650590227,300.0,65.0,False,,,,[],,8.472395999999994,,,,,,,,,C:\Users\lsx\Desktop\REMOandDREMO测试集\10目标\n30\MCEAD\MCEAD_DTLZ4_M10_D30_20.mat,14c3e1e66ef23ea4f7749aae3ce1c09d046c826f471b2949b90dbeed627c5288
MCEA/D,DTLZ4,21,1.2538450675309911,300.0,65.0,False,,,,[],,8.588731199999998,,,,,,,,,C:\Users\lsx\Desktop\REMOandDREMO测试集\10目标\n30\MCEAD\MCEAD_DTLZ4_M10_D30_21.mat,1ba6141c86cbc468fa055508cf7e6c4b24db7b485c82a146fd5c61f0bd00e30f
MCEA/D,DTLZ4,22,1.267588486897726,300.0,65.0,False,,,,[],,8.3490878,,,,,,,,,C:\Users\lsx\Desktop\REMOandDREMO测试集\10目标\n30\MCEAD\MCEAD_DTLZ4_M10_D30_22.mat,e9e836eb40ca1ae8859e4021aa620936f3c2359bb708ef9f0a15c19ebf95beaa
MCEA/D,DTLZ4,23,1.2635663367385752,300.0,65.0,False,,,,[],,8.2106007,,,,,,,,,C:\Users\lsx\Desktop\REMOandDREMO测试集\10目标\n30\MCEAD\MCEAD_DTLZ4_M10_D30_23.mat,76841f78adcb2e47f41642039cc37eb2a16b9a34d52f85897e2997c9155e1e0a
MCEA/D,DTLZ4,24,1.271427367061166,300.0,65.0,False,,,,[],,8.291071899999997,,,,,,,,,C:\Users\lsx\Desktop\REMOandDREMO测试集\10目标\n30\MCEAD\MCEAD_DTLZ4_M10_D30_24.mat,9dd2521d752b827d6d41b30554bc3957426367cb6dfcf4510e573b428edd866d
MCEA/D,DTLZ4,25,1.2452061681166133,300.0,65.0,False,,,,[],,8.1531844,,,,,,,,,C:\Users\lsx\Desktop\REMOandDREMO测试集\10目标\n30\MCEAD\MCEAD_DTLZ4_M10_D30_25.mat,9707c9726603e36e17bd7cef774274a699110223c3cd3ffdd7faf7816b3432e9
MCEA/D,DTLZ4,26,1.2591531631213122,300.0,65.0,False,,,,[],,8.451789000000005,,,,,,,,,C:\Users\lsx\Desktop\REMOandDREMO测试集\10目标\n30\MCEAD\MCEAD_DTLZ4_M10_D30_26.mat,77fa3cc974a82d9b6f5658edec6225d86fcdd9152efe67a366d4130910978899
MCEA/D,DTLZ4,27,1.2579438146367372,300.0,65.0,False,,,,[],,8.2394492,,,,,,,,,C:\Users\lsx\Desktop\REMOandDREMO测试集\10目标\n30\MCEAD\MCEAD_DTLZ4_M10_D30_27.mat,99292c1d8fc2a1bab445ba64d98bde5a78e2addae6066a395c0a4ac445745741
MCEA/D,DTLZ4,28,1.261828475634093,300.0,65.0,False,,,,[],,8.451317799999998,,,,,,,,,C:\Users\lsx\Desktop\REMOandDREMO测试集\10目标\n30\MCEAD\MCEAD_DTLZ4_M10_D30_28.mat,891a8840f4b06c0bae1b3ef301d0615123bd3dd077d1ec5461f70d57ae101fee
MCEA/D,DTLZ4,29,1.2235626441322707,300.0,65.0,False,,,,[],,8.359872599999997,,,,,,,,,C:\Users\lsx\Desktop\REMOandDREMO测试集\10目标\n30\MCEAD\MCEAD_DTLZ4_M10_D30_29.mat,838ff8b331dd76e032dc6123364362654eb00f92d8ab36c14765b2be3f028680
MCEA/D,DTLZ4,3,1.2650784241845696,300.0,65.0,False,,,,[],,7.373457799999998,,,,,,,,,C:\Users\lsx\Desktop\REMOandDREMO测试集\10目标\n30\MCEAD\MCEAD_DTLZ4_M10_D30_3.mat,82d7a5b2d5efe771bec589d632b78fecd6ea651a2dd4da6dfa8ffca247ec1e71
MCEA/D,DTLZ4,30,1.2573790037384267,300.0,65.0,False,,,,[],,8.369422500000002,,,,,,,,,C:\Users\lsx\Desktop\REMOandDREMO测试集\10目标\n30\MCEAD\MCEAD_DTLZ4_M10_D30_30.mat,f71969a0b9b553b6be1fa7c083d1f70e80b1601f0d90b52ba8668aa30af6d839
MCEA/D,DTLZ4,4,1.2553074219011986,300.0,65.0,False,,,,[],,7.4059028000000025,,,,,,,,,C:\Users\lsx\Desktop\REMOandDREMO测试集\10目标\n30\MCEAD\MCEAD_DTLZ4_M10_D30_4.mat,c9950c625c907be5e62fa0fdfb5306aa9c873046d08bd1d7583eddad23244c75
MCEA/D,DTLZ4,5,1.221139705898995,300.0,65.0,False,,,,[],,7.216511400000001,,,,,,,,,C:\Users\lsx\Desktop\REMOandDREMO测试集\10目标\n30\MCEAD\MCEAD_DTLZ4_M10_D30_5.mat,a57fe4bb5fdffdff646d9448ca79dcb64ac74ca5949485e2c477f2ebf161faf3
MCEA/D,DTLZ4,6,1.2223253321236143,300.0,65.0,False,,,,[],,7.403823699999997,,,,,,,,,C:\Users\lsx\Desktop\REMOandDREMO测试集\10目标\n30\MCEAD\MCEAD_DTLZ4_M10_D30_6.mat,62dbad7f3d96430956e2077e502577bbcfaf68d9a3f329e74a96f435845dd70d
MCEA/D,DTLZ4,7,1.223704460865805,300.0,65.0,False,,,,[],,7.474663500000004,,,,,,,,,C:\Users\lsx\Desktop\REMOandDREMO测试集\10目标\n30\MCEAD\MCEAD_DTLZ4_M10_D30_7.mat,a712f71164d2731d202c8c536ae6a46fa18d8f00285344510c9baaff4f3c0c04
MCEA/D,DTLZ4,8,1.2506903264559528,300.0,65.0,False,,,,[],,7.422643100000001,,,,,,,,,C:\Users\lsx\Desktop\REMOandDREMO测试集\10目标\n30\MCEAD\MCEAD_DTLZ4_M10_D30_8.mat,fd5724ce26f61909db475c9db49122d16abf3346b597bb707cbf0b0e67ff4840
MCEA/D,DTLZ4,9,1.2243810793415444,300.0,65.0,False,,,,[],,7.493417699999999,,,,,,,,,C:\Users\lsx\Desktop\REMOandDREMO测试集\10目标\n30\MCEAD\MCEAD_DTLZ4_M10_D30_9.mat,2b57243bc2659130f61a2a5c45fae6847d3b4f74a5c16b2e1ff4982a48679ffe
MCEA/D,DTLZ5,1,0.3894717598690782,300.0,65.0,False,,,,[],,7.322736400000001,,,,,,,,,C:\Users\lsx\Desktop\REMOandDREMO测试集\10目标\n30\MCEAD\MCEAD_DTLZ5_M10_D30_1.mat,7922bd1d5c609b469530750546bb89f695e23b217fcd72139cc2fd73abdec7a3
MCEA/D,DTLZ5,10,0.3068128129169555,300.0,65.0,False,,,,[],,7.546862599999996,,,,,,,,,C:\Users\lsx\Desktop\REMOandDREMO测试集\10目标\n30\MCEAD\MCEAD_DTLZ5_M10_D30_10.mat,e632e67ed33180608673a993b5370c2bf7288c824d43c6dc40001a0b9610a5bb
MCEA/D,DTLZ5,11,0.4113430987388283,300.0,65.0,False,,,,[],,7.7161691000000046,,,,,,,,,C:\Users\lsx\Desktop\REMOandDREMO测试集\10目标\n30\MCEAD\MCEAD_DTLZ5_M10_D30_11.mat,363bf474abb172e56397f7d99310f47d1244f163112bbfdee23c66191169aee4
MCEA/D,DTLZ5,12,0.42757812466365414,300.0,65.0,False,,,,[],,7.6453495,,,,,,,,,C:\Users\lsx\Desktop\REMOandDREMO测试集\10目标\n30\MCEAD\MCEAD_DTLZ5_M10_D30_12.mat,f7fcc8fd0004d176ee2a86821fe120ee748e81fe3af293f3edd6c6c22fdf7702
MCEA/D,DTLZ5,13,0.4107991027703948,300.0,65.0,False,,,,[],,8.115233499999999,,,,,,,,,C:\Users\lsx\Desktop\REMOandDREMO测试集\10目标\n30\MCEAD\MCEAD_DTLZ5_M10_D30_13.mat,dce95f1107b7ab746236c29109a633b01e2e6d6710b1c461f1488207643a9338
MCEA/D,DTLZ5,14,0.37311842035563364,300.0,65.0,False,,,,[],,8.019044499999998,,,,,,,,,C:\Users\lsx\Desktop\REMOandDREMO测试集\10目标\n30\MCEAD\MCEAD_DTLZ5_M10_D30_14.mat,6700adaaa4d51d42b3b1f4832196e69956b301fdddd3a763177ec48f38a21997
MCEA/D,DTLZ5,15,0.45213934454618265,300.0,65.0,False,,,,[],,7.901779099999998,,,,,,,,,C:\Users\lsx\Desktop\REMOandDREMO测试集\10目标\n30\MCEAD\MCEAD_DTLZ5_M10_D30_15.mat,698fb2161acd3b38ccef93572231cd5674e70cc657e1c06107eebe199a3a37f0
MCEA/D,DTLZ5,16,0.4242666124610644,300.0,65.0,False,,,,[],,7.997912400000003,,,,,,,,,C:\Users\lsx\Desktop\REMOandDREMO测试集\10目标\n30\MCEAD\MCEAD_DTLZ5_M10_D30_16.mat,1e9fb542093cf338bb09d590ed936c32b995626b047e8f0cb8af8830a8a6181a
MCEA/D,DTLZ5,17,0.3091804607745199,300.0,65.0,False,,,,[],,8.092656500000002,,,,,,,,,C:\Users\lsx\Desktop\REMOandDREMO测试集\10目标\n30\MCEAD\MCEAD_DTLZ5_M10_D30_17.mat,2f314c652db5eec03cd48e2b30176c6c39a78fb94fbf3ba62e82f9c48dfb7a32
MCEA/D,DTLZ5,18,0.46262517679177884,300.0,65.0,False,,,,[],,8.1086882,,,,,,,,,C:\Users\lsx\Desktop\REMOandDREMO测试集\10目标\n30\MCEAD\MCEAD_DTLZ5_M10_D30_18.mat,b9530ed77dd5c449e9b80262f885ee3805e223f8020d5e1d9649af548c38497b
MCEA/D,DTLZ5,19,0.3102093161032316,300.0,65.0,False,,,,[],,8.2127849,,,,,,,,,C:\Users\lsx\Desktop\REMOandDREMO测试集\10目标\n30\MCEAD\MCEAD_DTLZ5_M10_D30_19.mat,7dc77751ccdf8f45181b348589d3dd5670d99eea7a5ed05485e22279443d7e96
MCEA/D,DTLZ5,2,0.26120592826220734,300.0,65.0,False,,,,[],,7.365442400000003,,,,,,,,,C:\Users\lsx\Desktop\REMOandDREMO测试集\10目标\n30\MCEAD\MCEAD_DTLZ5_M10_D30_2.mat,3d872861dce3e4602c3bdbff6d6361d56fe080e72d5d4d2d3e2ecf880dd9d09c
MCEA/D,DTLZ5,20,0.32000629950681697,300.0,65.0,False,,,,[],,8.287345199999994,,,,,,,,,C:\Users\lsx\Desktop\REMOandDREMO测试集\10目标\n30\MCEAD\MCEAD_DTLZ5_M10_D30_20.mat,704f68fd9775286667e4c22967ea031088ded19174fbf772a9653f3d7a4a7a22
MCEA/D,DTLZ5,21,0.32444534240951783,300.0,65.0,False,,,,[],,8.065246700000005,,,,,,,,,C:\Users\lsx\Desktop\REMOandDREMO测试集\10目标\n30\MCEAD\MCEAD_DTLZ5_M10_D30_21.mat,4bc54760410d7d19ef3503f55e10ac737cc84a8d5c510a5edd0c3edd98593d4c
MCEA/D,DTLZ5,22,0.32470428283099734,300.0,65.0,False,,,,[],,8.321827600000004,,,,,,,,,C:\Users\lsx\Desktop\REMOandDREMO测试集\10目标\n30\MCEAD\MCEAD_DTLZ5_M10_D30_22.mat,1fb75fb01fddd4fbf0adb6fc257aa2b0a5b87519f5a7f02ebea2f780bce6f29f
MCEA/D,DTLZ5,23,0.32714010661361875,300.0,65.0,False,,,,[],,8.095936299999996,,,,,,,,,C:\Users\lsx\Desktop\REMOandDREMO测试集\10目标\n30\MCEAD\MCEAD_DTLZ5_M10_D30_23.mat,66ddb00decfe26accb631059663d4fa5c297e112633195ae7b32d25ed1a1780f
MCEA/D,DTLZ5,24,0.33325293563964686,300.0,65.0,False,,,,[],,8.305967700000005,,,,,,,,,C:\Users\lsx\Desktop\REMOandDREMO测试集\10目标\n30\MCEAD\MCEAD_DTLZ5_M10_D30_24.mat,7940804a9f80562c03a195b9b6d99c40496945741e0f8cccb17ad3558ddd41dd
MCEA/D,DTLZ5,25,0.33146689494410675,300.0,65.0,False,,,,[],,8.4681685,,,,,,,,,C:\Users\lsx\Desktop\REMOandDREMO测试集\10目标\n30\MCEAD\MCEAD_DTLZ5_M10_D30_25.mat,c7aad5a415e8598f50b87fcb4bf17491e9cc9418e01ece7874694db54a0e0b18
MCEA/D,DTLZ5,26,0.33712752652750544,300.0,65.0,False,,,,[],,8.587613599999997,,,,,,,,,C:\Users\lsx\Desktop\REMOandDREMO测试集\10目标\n30\MCEAD\MCEAD_DTLZ5_M10_D30_26.mat,ae7229b9dc43af2f3e0184c3e7a515ef45ce2771954a066418e9ce15d5520bfb
MCEA/D,DTLZ5,27,0.4005680124740197,300.0,65.0,False,,,,[],,8.5633347,,,,,,,,,C:\Users\lsx\Desktop\REMOandDREMO测试集\10目标\n30\MCEAD\MCEAD_DTLZ5_M10_D30_27.mat,29bac9b7d326e22c4b4b1b0df2c176d74bd12583ddb8c06e9a30a7bbaf4b0b9f
MCEA/D,DTLZ5,28,0.3954446229603462,300.0,65.0,False,,,,[],,8.395459499999992,,,,,,,,,C:\Users\lsx\Desktop\REMOandDREMO测试集\10目标\n30\MCEAD\MCEAD_DTLZ5_M10_D30_28.mat,ea9d45b80b698e0fa831e04d7b6a3d7eb92e69cd89eaea5ee8c8bb08e78e1ad3
MCEA/D,DTLZ5,29,0.3614235271519502,300.0,65.0,False,,,,[],,8.495591300000001,,,,,,,,,C:\Users\lsx\Desktop\REMOandDREMO测试集\10目标\n30\MCEAD\MCEAD_DTLZ5_M10_D30_29.mat,b2fcf0be08c1d2a163501a5fb602ea1400eea5d254ffd6aee4c200b8de64c2fe
MCEA/D,DTLZ5,3,0.4080246462852104,300.0,65.0,False,,,,[],,7.272475899999999,,,,,,,,,C:\Users\lsx\Desktop\REMOandDREMO测试集\10目标\n30\MCEAD\MCEAD_DTLZ5_M10_D30_3.mat,e1cee783a57ae2a9510d79361d1dd900f89206ae2e7be2959e8aed34b4a0cd89
MCEA/D,DTLZ5,30,0.26892074072237154,300.0,65.0,False,,,,[],,8.270806900000007,,,,,,,,,C:\Users\lsx\Desktop\REMOandDREMO测试集\10目标\n30\MCEAD\MCEAD_DTLZ5_M10_D30_30.mat,cbd1330b583f09b73fa4ab3b908fb1bde9f2a046e93ff7119f29c307a501c7df
MCEA/D,DTLZ5,4,0.3947337111836586,300.0,65.0,False,,,,[],,7.5186841,,,,,,,,,C:\Users\lsx\Desktop\REMOandDREMO测试集\10目标\n30\MCEAD\MCEAD_DTLZ5_M10_D30_4.mat,5b56a3aeeb6ae4db7849015088f773963d1fe2182e99689e8102723369f252ee
MCEA/D,DTLZ5,5,0.4491751897391361,300.0,65.0,False,,,,[],,7.273848400000002,,,,,,,,,C:\Users\lsx\Desktop\REMOandDREMO测试集\10目标\n30\MCEAD\MCEAD_DTLZ5_M10_D30_5.mat,4012ad7645ea5acb994bf95c89be8185e88ceb982005e45bb5e999a701a41223
MCEA/D,DTLZ5,6,0.3944302136306551,300.0,65.0,False,,,,[],,7.339850300000001,,,,,,,,,C:\Users\lsx\Desktop\REMOandDREMO测试集\10目标\n30\MCEAD\MCEAD_DTLZ5_M10_D30_6.mat,bbcc1dbc5517a5360ead71d61f10ff9c21c7b0bc13a8681759d01ae352616b9c
MCEA/D,DTLZ5,7,0.31935964201593586,300.0,65.0,False,,,,[],,7.674196600000001,,,,,,,,,C:\Users\lsx\Desktop\REMOandDREMO测试集\10目标\n30\MCEAD\MCEAD_DTLZ5_M10_D30_7.mat,e516c667783575a84939524a19ee99b555ae3be407c8f047475a66c14b355789
MCEA/D,DTLZ5,8,0.2437523898113855,300.0,65.0,False,,,,[],,7.696285,,,,,,,,,C:\Users\lsx\Desktop\REMOandDREMO测试集\10目标\n30\MCEAD\MCEAD_DTLZ5_M10_D30_8.mat,b2d871851bcb3686797c3a200a2a5afba1c7915c4d31e071747af18a8f444800
MCEA/D,DTLZ5,9,0.2997808921298355,300.0,65.0,False,,,,[],,7.563437300000001,,,,,,,,,C:\Users\lsx\Desktop\REMOandDREMO测试集\10目标\n30\MCEAD\MCEAD_DTLZ5_M10_D30_9.mat,22d7d89ff0bff5c03708de58a35f322d7d5506de8dab432e41bda80d37369c30
MCEA/D,DTLZ7,1,27.188381114130433,300.0,65.0,False,,,,[],,7.816066299999999,,,,,,,,,C:\Users\lsx\Desktop\REMOandDREMO测试集\10目标\n30\MCEAD\MCEAD_DTLZ7_M10_D30_1.mat,b7316976f943d615a521e628414447b38e030f82f885b35363a6e0dc07877c04
MCEA/D,DTLZ7,10,22.284127915139948,300.0,65.0,False,,,,[],,8.298823899999997,,,,,,,,,C:\Users\lsx\Desktop\REMOandDREMO测试集\10目标\n30\MCEAD\MCEAD_DTLZ7_M10_D30_10.mat,215dcdf13a33621d247f15d457c6b78bc591f6402230706e7896ae2b75d90127
MCEA/D,DTLZ7,11,19.942080020712893,300.0,65.0,False,,,,[],,8.323043700000003,,,,,,,,,C:\Users\lsx\Desktop\REMOandDREMO测试集\10目标\n30\MCEAD\MCEAD_DTLZ7_M10_D30_11.mat,234e205e3d2f95c04339acc49014b82bf3e746aab1b7cb77c334c3c5dc5bd1ab
MCEA/D,DTLZ7,12,22.47729785526429,300.0,65.0,False,,,,[],,8.367981200000001,,,,,,,,,C:\Users\lsx\Desktop\REMOandDREMO测试集\10目标\n30\MCEAD\MCEAD_DTLZ7_M10_D30_12.mat,c5d489a450a7fe8cf53d038830e54d48e69320d4999c6ef5ee6dd8abfa9d1b17
MCEA/D,DTLZ7,13,20.68982325056408,300.0,65.0,False,,,,[],,8.665070099999998,,,,,,,,,C:\Users\lsx\Desktop\REMOandDREMO测试集\10目标\n30\MCEAD\MCEAD_DTLZ7_M10_D30_13.mat,374c52674c6fe40c6f0ab5ca16916cc5db0a75cd3c57190d300c6638bd99dbd9
MCEA/D,DTLZ7,14,15.326207245423285,300.0,65.0,False,,,,[],,8.767618100000002,,,,,,,,,C:\Users\lsx\Desktop\REMOandDREMO测试集\10目标\n30\MCEAD\MCEAD_DTLZ7_M10_D30_14.mat,c0e4c5b9fb24f4079d34adc1fbf08c2a83542ea1196e5f8b3b942f836142c6f7
MCEA/D,DTLZ7,15,15.894486261392354,300.0,65.0,False,,,,[],,8.603585299999997,,,,,,,,,C:\Users\lsx\Desktop\REMOandDREMO测试集\10目标\n30\MCEAD\MCEAD_DTLZ7_M10_D30_15.mat,37aed7e423c14badba762c3ee05dcf3c4b6611ad3b830947869dfe7293e8f2b5
MCEA/D,DTLZ7,16,29.032744354542636,300.0,65.0,False,,,,[],,8.703400499999999,,,,,,,,,C:\Users\lsx\Desktop\REMOandDREMO测试集\10目标\n30\MCEAD\MCEAD_DTLZ7_M10_D30_16.mat,6cba8f7e36f81219c5aa6560a1c965c4759122a50bdc98c4263a24039a8827a1
MCEA/D,DTLZ7,17,21.71659530710965,300.0,65.0,False,,,,[],,8.505925699999999,,,,,,,,,C:\Users\lsx\Desktop\REMOandDREMO测试集\10目标\n30\MCEAD\MCEAD_DTLZ7_M10_D30_17.mat,c6401c1d49536942d034460669493cd62a2abe9fabcfd3570c246dea37c835f4
MCEA/D,DTLZ7,18,13.008999401185555,300.0,65.0,False,,,,[],,8.639337999999999,,,,,,,,,C:\Users\lsx\Desktop\REMOandDREMO测试集\10目标\n30\MCEAD\MCEAD_DTLZ7_M10_D30_18.mat,d5807ea81a1d56b43e9473fdf06b693da2697c4f9f607da1cf2664557873a4f0
MCEA/D,DTLZ7,19,26.041620818786644,300.0,65.0,False,,,,[],,8.564042399999996,,,,,,,,,C:\Users\lsx\Desktop\REMOandDREMO测试集\10目标\n30\MCEAD\MCEAD_DTLZ7_M10_D30_19.mat,88dba2869d2c04d945b62f370d16c3d85fa1d09c97e9ce64944ff5687e35a5aa
MCEA/D,DTLZ7,2,20.77832214555719,300.0,65.0,False,,,,[],,7.566139900000003,,,,,,,,,C:\Users\lsx\Desktop\REMOandDREMO测试集\10目标\n30\MCEAD\MCEAD_DTLZ7_M10_D30_2.mat,f2ba9963b97325e03d171a65ab061325d611d5f3466a4aa6862d1c63d8098962
MCEA/D,DTLZ7,20,15.42715631446651,300.0,65.0,False,,,,[],,8.775705799999999,,,,,,,,,C:\Users\lsx\Desktop\REMOandDREMO测试集\10目标\n30\MCEAD\MCEAD_DTLZ7_M10_D30_20.mat,8cb06a9dd36c6695aa60871a63da571e7c8eedc8a94e91ed5e003ac70b872491
MCEA/D,DTLZ7,21,21.786182163494598,300.0,65.0,False,,,,[],,8.581170799999992,,,,,,,,,C:\Users\lsx\Desktop\REMOandDREMO测试集\10目标\n30\MCEAD\MCEAD_DTLZ7_M10_D30_21.mat,82d75213415047fd15167e96a77c7adcf6823014a5e972e3774be776c0e312d4
MCEA/D,DTLZ7,22,13.531341679600658,300.0,65.0,False,,,,[],,8.661215700000001,,,,,,,,,C:\Users\lsx\Desktop\REMOandDREMO测试集\10目标\n30\MCEAD\MCEAD_DTLZ7_M10_D30_22.mat,897ccea1b662f43e0bb9d94a09bb24c2368d3d1a62811b849500f1b04b9e1156
MCEA/D,DTLZ7,23,25.681333487380318,300.0,65.0,False,,,,[],,8.814130899999999,,,,,,,,,C:\Users\lsx\Desktop\REMOandDREMO测试集\10目标\n30\MCEAD\MCEAD_DTLZ7_M10_D30_23.mat,605dfe15c15ff34e19dcd974d2838ba5c163f75c1747b32979975a9b6330ce3c
MCEA/D,DTLZ7,24,28.723482416462694,300.0,65.0,False,,,,[],,8.663453399999996,,,,,,,,,C:\Users\lsx\Desktop\REMOandDREMO测试集\10目标\n30\MCEAD\MCEAD_DTLZ7_M10_D30_24.mat,80702fd03675b6c695508c72eef415332edd083b7ca56d01aa9483accda18bd9
MCEA/D,DTLZ7,25,20.074636495533845,300.0,65.0,False,,,,[],,9.058506500000002,,,,,,,,,C:\Users\lsx\Desktop\REMOandDREMO测试集\10目标\n30\MCEAD\MCEAD_DTLZ7_M10_D30_25.mat,a14768b25de8b9dbae29ca92411ab34c3cf780e16ca99d97a7c3f6346c5834f2
MCEA/D,DTLZ7,26,31.1350785109848,300.0,65.0,False,,,,[],,8.950224200000001,,,,,,,,,C:\Users\lsx\Desktop\REMOandDREMO测试集\10目标\n30\MCEAD\MCEAD_DTLZ7_M10_D30_26.mat,b5108b26e752e805b01277b103d8c1ba09c97e73f69c8f93ae36ff2f0762c8c5
MCEA/D,DTLZ7,27,19.474433640997194,300.0,65.0,False,,,,[],,8.822793900000004,,,,,,,,,C:\Users\lsx\Desktop\REMOandDREMO测试集\10目标\n30\MCEAD\MCEAD_DTLZ7_M10_D30_27.mat,740a030e08811f5e4f2048c7f76abe1fd2fe86025e64e565c5c748e8c585db1b
MCEA/D,DTLZ7,28,10.67223217022541,300.0,65.0,False,,,,[],,8.953439499999998,,,,,,,,,C:\Users\lsx\Desktop\REMOandDREMO测试集\10目标\n30\MCEAD\MCEAD_DTLZ7_M10_D30_28.mat,a860c9434278dbf852edf4a084e499d93c2dd0452e50f7a88317f86b0ef4b3ff
MCEA/D,DTLZ7,29,27.50880866698453,300.0,65.0,False,,,,[],,8.708840899999998,,,,,,,,,C:\Users\lsx\Desktop\REMOandDREMO测试集\10目标\n30\MCEAD\MCEAD_DTLZ7_M10_D30_29.mat,24879e3505dafa9416ec6143986aa026cf0275ff7454b6a65a851c480fe17c21
MCEA/D,DTLZ7,3,23.877037461551797,300.0,65.0,False,,,,[],,7.741781300000003,,,,,,,,,C:\Users\lsx\Desktop\REMOandDREMO测试集\10目标\n30\MCEAD\MCEAD_DTLZ7_M10_D30_3.mat,a40598770104de4f290cbfe469109c153a0c4b091ca2aa864268c94576d75dee
MCEA/D,DTLZ7,30,19.871031813525722,300.0,65.0,False,,,,[],,8.867180800000003,,,,,,,,,C:\Users\lsx\Desktop\REMOandDREMO测试集\10目标\n30\MCEAD\MCEAD_DTLZ7_M10_D30_30.mat,7732ba0a0789e49275a0a64c6c1739ac0e7308e628719c85489a52c96849ec22
MCEA/D,DTLZ7,4,16.643939841280115,300.0,65.0,False,,,,[],,7.7695917,,,,,,,,,C:\Users\lsx\Desktop\REMOandDREMO测试集\10目标\n30\MCEAD\MCEAD_DTLZ7_M10_D30_4.mat,307841167d9b2129df6d5ee28c2f9ede670ab391adcbd7e1e7d6acbc9199e14b
MCEA/D,DTLZ7,5,16.033262300771824,300.0,65.0,False,,,,[],,7.413549399999999,,,,,,,,,C:\Users\lsx\Desktop\REMOandDREMO测试集\10目标\n30\MCEAD\MCEAD_DTLZ7_M10_D30_5.mat,0991f1ac760fb9de08b319e70c188d5bd97ca4883a47a5d4d4fca0fa09ad940b
MCEA/D,DTLZ7,6,18.73484803877174,300.0,65.0,False,,,,[],,7.621925300000001,,,,,,,,,C:\Users\lsx\Desktop\REMOandDREMO测试集\10目标\n30\MCEAD\MCEAD_DTLZ7_M10_D30_6.mat,703acf4008775de94eb2ac651e3f4ed70931082dcfcc4e2ecb07600b8d628871
MCEA/D,DTLZ7,7,15.363065686124125,300.0,65.0,False,,,,[],,8.073235999999998,,,,,,,,,C:\Users\lsx\Desktop\REMOandDREMO测试集\10目标\n30\MCEAD\MCEAD_DTLZ7_M10_D30_7.mat,47ee4f4616b77165d72d558f22c44a6927713535413cc2f81eff7eba4a65be57
MCEA/D,DTLZ7,8,28.513644378759373,300.0,65.0,False,,,,[],,8.277402200000001,,,,,,,,,C:\Users\lsx\Desktop\REMOandDREMO测试集\10目标\n30\MCEAD\MCEAD_DTLZ7_M10_D30_8.mat,0fd72432ab6239a4a67f2b416a285e146fd991802c45519e5b946f55014c4fb3
MCEA/D,DTLZ7,9,20.49779186819928,300.0,65.0,False,,,,[],,8.332755700000002,,,,,,,,,C:\Users\lsx\Desktop\REMOandDREMO测试集\10目标\n30\MCEAD\MCEAD_DTLZ7_M10_D30_9.mat,9d3f727a3736fcd403a646f55f5a0176be27639f60edc7c27d39fca31eca3885
