Problem,M,Run,Seed,Stage,View,SelectionRule,Truth,TruthType,Horizon,NumberOfCheckpoints,ValidPrecisionCheckpoints,MeanSelectedRate,MeanPrecision,MeanRecall,MeanChance,MeanLift,MeanAUC,MeanRetentionRate
DTLZ2,10,1,11001,"S1_[0,0.25]",label_dyn,native,front_final,nondominated,FINAL,5,5,0.484,0.298862355107437,0.788262193946405,0.184,1.64708041051487,0.686119782304323,NaN
DTLZ2,10,1,11001,"S1_[0,0.25]",label_dyn,native,front_h1,nondominated,H1,5,5,0.484,1,0.521691868699815,0.928,1.08302274216142,0.749807417937385,NaN
DTLZ2,10,1,11001,"S1_[0,0.25]",label_dyn,native,front_h3,nondominated,H3,5,5,0.484,0.992465992326474,0.527614714175852,0.91,1.09415959511009,0.72214069042126,NaN
DTLZ2,10,1,11001,"S1_[0,0.25]",label_dyn,native,population_final,retention,FINAL,5,5,0.484,0.0187425475134043,1,0.01,2.03086174403734,0.752195494463536,0.0187425475134043
DTLZ2,10,1,11001,"S1_[0,0.25]",label_dyn,native,population_h1,retention,H1,5,5,0.484,0.99672131147541,0.512809546171537,0.94,1.06038998505524,0.739738106419102,0.99672131147541
DTLZ2,10,1,11001,"S1_[0,0.25]",label_dyn,native,population_h3,retention,H3,5,5,0.484,0.967166067763889,0.556052782558807,0.838,1.15413472441344,0.72251168539705,0.967166067763889
DTLZ2,10,1,11001,"S2_(0.25,0.50]",label_dyn,native,front_final,nondominated,FINAL,21,21,0.534285714285714,0.519981943679428,0.703909789910105,0.403333333333333,1.31188824180378,0.636986962182703,NaN
DTLZ2,10,1,11001,"S2_(0.25,0.50]",label_dyn,native,front_h1,nondominated,H1,21,21,0.534285714285714,0.993360810270552,0.537970597792624,0.985714285714286,1.00797503748894,0.674881025165687,NaN
DTLZ2,10,1,11001,"S2_(0.25,0.50]",label_dyn,native,front_h3,nondominated,H3,21,21,0.534285714285714,0.972628306183115,0.546598512362561,0.94952380952381,1.0247774093271,0.633803187909636,NaN
DTLZ2,10,1,11001,"S2_(0.25,0.50]",label_dyn,native,population_final,retention,FINAL,21,21,0.534285714285714,0.149267761728249,0.801204055825905,0.0976190476190476,1.50951534683906,0.648377357947091,0.149267761728249
DTLZ2,10,1,11001,"S2_(0.25,0.50]",label_dyn,native,population_h1,retention,H1,21,21,0.534285714285714,0.94355549260438,0.548785178800336,0.919047619047619,1.02780501627778,0.584989862497441,0.94355549260438
DTLZ2,10,1,11001,"S2_(0.25,0.50]",label_dyn,native,population_h3,retention,H3,21,21,0.534285714285714,0.859003737094684,0.56481056845336,0.811904761904762,1.05961255100704,0.577480607932956,0.859003737094684
DTLZ2,10,1,11001,"S3_(0.50,0.75]",label_dyn,native,front_final,nondominated,FINAL,20,20,0.5125,0.713128976360225,0.526257838722229,0.6895,1.03064956681217,0.530272207953288,NaN
DTLZ2,10,1,11001,"S3_(0.50,0.75]",label_dyn,native,front_h1,nondominated,H1,20,20,0.5125,0.985294928239975,0.514655620052647,0.9815,1.00389503306105,0.565060238932762,NaN
DTLZ2,10,1,11001,"S3_(0.50,0.75]",label_dyn,native,front_h3,nondominated,H3,20,20,0.5125,0.946348748188176,0.509857569603775,0.9525,0.992769218454549,0.497832478330581,NaN
DTLZ2,10,1,11001,"S3_(0.50,0.75]",label_dyn,native,population_final,retention,FINAL,20,20,0.5125,0.285717182539391,0.582182255488889,0.248,1.1665457461255,0.545124173774225,0.285717182539391
DTLZ2,10,1,11001,"S3_(0.50,0.75]",label_dyn,native,population_h1,retention,H1,20,20,0.5125,0.946200626065484,0.518743982738034,0.935,1.0119420188656,0.564409870156896,0.946200626065484
DTLZ2,10,1,11001,"S3_(0.50,0.75]",label_dyn,native,population_h3,retention,H3,20,20,0.5125,0.848743388706873,0.517308534939845,0.841,1.00867292326352,0.518356825053714,0.848743388706873
DTLZ2,10,1,11001,"S4_(0.75,1.00]",label_dyn,native,front_final,nondominated,FINAL,21,21,0.533333333333333,0.894958026389637,0.525856381017915,0.901428571428571,0.993524486110587,0.406294366755152,NaN
DTLZ2,10,1,11001,"S4_(0.75,1.00]",label_dyn,native,front_h1,nondominated,H1,21,20,0.533333333333333,0.988786972611819,0.530174943650002,0.9915,0.997161239273017,0.417575334214288,NaN
DTLZ2,10,1,11001,"S4_(0.75,1.00]",label_dyn,native,front_h3,nondominated,H3,21,18,0.533333333333333,0.965761425926061,0.526702121135158,0.974444444444444,0.99084855673041,0.390045082204904,NaN
DTLZ2,10,1,11001,"S4_(0.75,1.00]",label_dyn,native,population_final,retention,FINAL,21,21,0.533333333333333,0.654532426864334,0.561577594842887,0.619523809523809,1.07393976838473,0.537692946399216,0.654532426864334
DTLZ2,10,1,11001,"S4_(0.75,1.00]",label_dyn,native,population_h1,retention,H1,21,20,0.533333333333333,0.933218092542827,0.528665374335781,0.9375,0.995360981953186,0.485166221323793,0.933218092542827
DTLZ2,10,1,11001,"S4_(0.75,1.00]",label_dyn,native,population_h3,retention,H3,21,18,0.533333333333333,0.829556655337067,0.527712631626493,0.834444444444445,0.995188449224684,0.477937456407545,0.829556655337067
DTLZ2,10,2,11002,"S1_[0,0.25]",label_dyn,native,front_final,nondominated,FINAL,5,5,0.524,0.118211495124366,0.605454545454545,0.102,1.15614092526963,0.545461355124276,NaN
DTLZ2,10,2,11002,"S1_[0,0.25]",label_dyn,native,front_h1,nondominated,H1,5,5,0.524,0.969895853078073,0.580070863297166,0.876,1.10918970579679,0.723210034823186,NaN
DTLZ2,10,2,11002,"S1_[0,0.25]",label_dyn,native,front_h3,nondominated,H3,5,5,0.524,0.9468719066574,0.581145355144961,0.854,1.11172232546526,0.700088227811715,NaN
DTLZ2,10,2,11002,"S1_[0,0.25]",label_dyn,native,population_final,retention,FINAL,5,5,0.524,0.068656936458794,0.72,0.05,1.37313872917588,0.603157894736842,0.068656936458794
DTLZ2,10,2,11002,"S1_[0,0.25]",label_dyn,native,population_h1,retention,H1,5,5,0.524,0.98140782628841,0.544456886898096,0.944,1.03965550385888,0.682228443449048,0.98140782628841
DTLZ2,10,2,11002,"S1_[0,0.25]",label_dyn,native,population_h3,retention,H3,5,5,0.524,0.943140414060361,0.569107804901536,0.868,1.0871011257287,0.671161045307911,0.943140414060361
DTLZ2,10,2,11002,"S2_(0.25,0.50]",label_dyn,native,front_final,nondominated,FINAL,21,21,0.472857142857143,0.264891362346083,0.551263661806949,0.236666666666667,1.168959282716,0.547520400965201,NaN
DTLZ2,10,2,11002,"S2_(0.25,0.50]",label_dyn,native,front_h1,nondominated,H1,21,21,0.472857142857143,0.987955029693096,0.470827415098402,0.992380952380952,0.995289485128867,0.366170198644425,NaN
DTLZ2,10,2,11002,"S2_(0.25,0.50]",label_dyn,native,front_h3,nondominated,H3,21,21,0.472857142857143,0.971653694344142,0.46887506012506,0.98,0.990757932957586,0.456515677609428,NaN
DTLZ2,10,2,11002,"S2_(0.25,0.50]",label_dyn,native,population_final,retention,FINAL,21,21,0.472857142857143,0.137381477500166,0.56610647407861,0.118571428571429,1.19718421686956,0.55175960495484,0.137381477500166
DTLZ2,10,2,11002,"S2_(0.25,0.50]",label_dyn,native,population_h1,retention,H1,21,21,0.472857142857143,0.942817075160679,0.477833342213335,0.934285714285714,1.01012542092721,0.52147087636365,0.942817075160679
DTLZ2,10,2,11002,"S2_(0.25,0.50]",label_dyn,native,population_h3,retention,H3,21,21,0.472857142857143,0.865180398784541,0.488829189599014,0.838571428571428,1.03401410127541,0.540045050678041,0.865180398784541
DTLZ2,10,2,11002,"S3_(0.50,0.75]",label_dyn,native,front_final,nondominated,FINAL,20,20,0.4515,0.626507185609976,0.482909026068699,0.579,1.07169174750342,0.548985183125198,NaN
DTLZ2,10,2,11002,"S3_(0.50,0.75]",label_dyn,native,front_h1,nondominated,H1,20,20,0.4515,0.978988383988384,0.451729211768918,0.9775,1.00133362913683,0.530762705187338,NaN
DTLZ2,10,2,11002,"S3_(0.50,0.75]",label_dyn,native,front_h3,nondominated,H3,20,20,0.4515,0.942912226644272,0.455064417087013,0.933,1.01169540008258,0.52521615482346,NaN
DTLZ2,10,2,11002,"S3_(0.50,0.75]",label_dyn,native,population_final,retention,FINAL,20,20,0.4515,0.334745039919447,0.504670340527737,0.288,1.12466700952074,0.54344436316018,0.334745039919447
DTLZ2,10,2,11002,"S3_(0.50,0.75]",label_dyn,native,population_h1,retention,H1,20,20,0.4515,0.944428104766148,0.459795781713674,0.926,1.02006390039078,0.576269776732399,0.944428104766148
DTLZ2,10,2,11002,"S3_(0.50,0.75]",label_dyn,native,population_h3,retention,H3,20,20,0.4515,0.866470441584558,0.479379880959004,0.8115,1.06950240602249,0.579347299358183,0.866470441584558
DTLZ2,10,2,11002,"S4_(0.75,1.00]",label_dyn,native,front_final,nondominated,FINAL,21,21,0.532380952380953,0.881719207354883,0.561569891709467,0.834761904761905,1.05701195161083,0.587764438813782,NaN
DTLZ2,10,2,11002,"S4_(0.75,1.00]",label_dyn,native,front_h1,nondominated,H1,21,20,0.532380952380953,0.989554251881566,0.531760996244796,0.988,1.00165029790401,0.499800830203997,NaN
DTLZ2,10,2,11002,"S4_(0.75,1.00]",label_dyn,native,front_h3,nondominated,H3,21,18,0.532380952380953,0.970211712377184,0.534760722512399,0.963333333333333,1.00748679751902,0.511224864299281,NaN
DTLZ2,10,2,11002,"S4_(0.75,1.00]",label_dyn,native,population_final,retention,FINAL,21,21,0.532380952380953,0.658774195554035,0.576504915488807,0.609047619047619,1.08309292655751,0.563484048679069,0.658774195554035
DTLZ2,10,2,11002,"S4_(0.75,1.00]",label_dyn,native,population_h1,retention,H1,21,20,0.532380952380953,0.938825919954578,0.536599212097845,0.929,1.01114049837738,0.536737106048922,0.938825919954578
DTLZ2,10,2,11002,"S4_(0.75,1.00]",label_dyn,native,population_h3,retention,H3,21,18,0.532380952380953,0.843002634267417,0.546670129256129,0.818333333333333,1.03088068867656,0.541020899744651,0.843002634267417
DTLZ2,10,3,11003,"S1_[0,0.25]",label_dyn,native,front_final,nondominated,FINAL,5,5,0.594,0.094281921115426,0.78020202020202,0.076,1.33634271172871,0.598549676213894,NaN
DTLZ2,10,3,11003,"S1_[0,0.25]",label_dyn,native,front_h1,nondominated,H1,5,5,0.594,0.925132907172601,0.654940702379658,0.836,1.10842112915903,0.696067753787231,NaN
DTLZ2,10,3,11003,"S1_[0,0.25]",label_dyn,native,front_h3,nondominated,H3,5,5,0.594,0.788472459411407,0.627408203848211,0.736,1.06551767705919,0.582240301356857,NaN
DTLZ2,10,3,11003,"S1_[0,0.25]",label_dyn,native,population_final,retention,FINAL,5,5,0.594,0.0396104313853928,0.8,0.03,1.33127587961447,0.606075987095869,0.0396104313853928
DTLZ2,10,3,11003,"S1_[0,0.25]",label_dyn,native,population_h1,retention,H1,5,5,0.594,0.966359717868339,0.621586632901806,0.924,1.04656368837901,0.671049726707313,0.966359717868339
DTLZ2,10,3,11003,"S1_[0,0.25]",label_dyn,native,population_h3,retention,H3,5,5,0.594,0.867933987975483,0.625772182807887,0.818,1.05998663160605,0.595288052188257,0.867933987975483
DTLZ2,10,3,11003,"S2_(0.25,0.50]",label_dyn,native,front_final,nondominated,FINAL,21,21,0.498571428571429,0.474571489079754,0.595251980295422,0.387619047619048,1.19973839053518,0.588372692843014,NaN
DTLZ2,10,3,11003,"S2_(0.25,0.50]",label_dyn,native,front_h1,nondominated,H1,21,21,0.498571428571429,0.976562643655643,0.509625545527224,0.96,1.01942366760844,0.571353229440202,NaN
DTLZ2,10,3,11003,"S2_(0.25,0.50]",label_dyn,native,front_h3,nondominated,H3,21,21,0.498571428571429,0.940088329617621,0.516228221739085,0.911904761904762,1.03287649889434,0.580232616684643,NaN
DTLZ2,10,3,11003,"S2_(0.25,0.50]",label_dyn,native,population_final,retention,FINAL,21,21,0.498571428571429,0.152143989407674,0.59109628311309,0.124761904761905,1.19815064396091,0.553627966267614,0.152143989407674
DTLZ2,10,3,11003,"S2_(0.25,0.50]",label_dyn,native,population_h1,retention,H1,21,21,0.498571428571429,0.951739081053324,0.509855088495152,0.931428571428571,1.0220966127849,0.589841307732768,0.951739081053324
DTLZ2,10,3,11003,"S2_(0.25,0.50]",label_dyn,native,population_h3,retention,H3,21,21,0.498571428571429,0.878538319214195,0.534399010916922,0.819047619047619,1.07347366351873,0.596449991940502,0.878538319214195
DTLZ2,10,3,11003,"S3_(0.50,0.75]",label_dyn,native,front_final,nondominated,FINAL,20,20,0.512,0.893823621997892,0.581830668193404,0.788,1.14115548018355,0.660195531831247,NaN
DTLZ2,10,3,11003,"S3_(0.50,0.75]",label_dyn,native,front_h1,nondominated,H1,20,20,0.512,0.993857518617203,0.514319674692947,0.989,1.00537446653622,0.55505660067872,NaN
DTLZ2,10,3,11003,"S3_(0.50,0.75]",label_dyn,native,front_h3,nondominated,H3,20,20,0.512,0.987749353612071,0.517802584467782,0.977,1.01171566292999,0.604218399336397,NaN
DTLZ2,10,3,11003,"S3_(0.50,0.75]",label_dyn,native,population_final,retention,FINAL,20,20,0.512,0.364960107208433,0.636448987330768,0.29,1.24926239256469,0.589625807034699,0.364960107208433
DTLZ2,10,3,11003,"S3_(0.50,0.75]",label_dyn,native,population_h1,retention,H1,20,20,0.512,0.958262732884684,0.516618704449087,0.9485,1.01103520049869,0.527894556226337,0.958262732884684
DTLZ2,10,3,11003,"S3_(0.50,0.75]",label_dyn,native,population_h3,retention,H3,20,20,0.512,0.884998914467298,0.521524346758453,0.868,1.02103481756733,0.520285444548202,0.884998914467298
DTLZ2,10,3,11003,"S4_(0.75,1.00]",label_dyn,native,front_final,nondominated,FINAL,21,21,0.56952380952381,0.945130107734003,0.591426474100146,0.913809523809524,1.03658927188909,0.54875549769594,NaN
DTLZ2,10,3,11003,"S4_(0.75,1.00]",label_dyn,native,front_h1,nondominated,H1,21,20,0.56952380952381,0.99637628887762,0.576917452587095,0.9925,1.00396392469388,0.651917452587095,NaN
DTLZ2,10,3,11003,"S4_(0.75,1.00]",label_dyn,native,front_h3,nondominated,H3,21,18,0.56952380952381,0.985553680300453,0.589975711801297,0.972777777777778,1.01320248666309,0.652858226271019,NaN
DTLZ2,10,3,11003,"S4_(0.75,1.00]",label_dyn,native,population_final,retention,FINAL,21,21,0.56952380952381,0.677986645070886,0.645905324858955,0.60952380952381,1.13152798212192,0.594880516794008,0.677986645070886
DTLZ2,10,3,11003,"S4_(0.75,1.00]",label_dyn,native,population_h1,retention,H1,21,20,0.56952380952381,0.949794120781225,0.578875767100708,0.942,1.00771794759343,0.571642068254539,0.949794120781225
DTLZ2,10,3,11003,"S4_(0.75,1.00]",label_dyn,native,population_h3,retention,H3,21,18,0.56952380952381,0.865126469635399,0.598705036351998,0.840555555555556,1.02818266332469,0.56398088182397,0.865126469635399
DTLZ2,10,4,11004,"S1_[0,0.25]",label_dyn,native,front_final,nondominated,FINAL,5,5,0.392,0.103712195844803,0.8,0.05,2.07424391689607,0.714736842105263,NaN
DTLZ2,10,4,11004,"S1_[0,0.25]",label_dyn,native,front_h1,nondominated,H1,5,5,0.392,0.969816631889863,0.57733305582249,0.658,1.48738222216257,0.769720899895849,NaN
DTLZ2,10,4,11004,"S1_[0,0.25]",label_dyn,native,front_h3,nondominated,H3,5,5,0.392,0.955354594394674,0.590948318338445,0.632,1.5251024652037,0.768729575723292,NaN
DTLZ2,10,4,11004,"S1_[0,0.25]",label_dyn,native,population_final,retention,FINAL,5,5,0.392,0.0518560979224017,0.666666666666667,0.03,1.72853659741339,0.641580756013746,0.0518560979224017
DTLZ2,10,4,11004,"S1_[0,0.25]",label_dyn,native,population_h1,retention,H1,5,5,0.392,0.995744680851064,0.414893617021277,0.94,1.05930285196922,0.690780141843972,0.995744680851064
DTLZ2,10,4,11004,"S1_[0,0.25]",label_dyn,native,population_h3,retention,H3,5,5,0.392,0.981282643355874,0.465736115192477,0.824,1.19100236849289,0.709665443217154,0.981282643355874
DTLZ2,10,4,11004,"S2_(0.25,0.50]",label_dyn,native,front_final,nondominated,FINAL,21,21,0.445714285714286,0.249253619504535,0.542063470479338,0.202380952380952,1.23527068162937,0.561293222113235,NaN
DTLZ2,10,4,11004,"S2_(0.25,0.50]",label_dyn,native,front_h1,nondominated,H1,21,21,0.445714285714286,0.970652260210874,0.458104908228704,0.948571428571429,1.02636556135614,0.566705588567018,NaN
DTLZ2,10,4,11004,"S2_(0.25,0.50]",label_dyn,native,front_h3,nondominated,H3,21,21,0.445714285714286,0.911982903975536,0.456377532155958,0.892380952380952,1.0231398225317,0.53938992452521,NaN
DTLZ2,10,4,11004,"S2_(0.25,0.50]",label_dyn,native,population_final,retention,FINAL,21,21,0.445714285714286,0.089910574997185,0.552550095407238,0.0690476190476191,1.25899288294287,0.558042821598404,0.089910574997185
DTLZ2,10,4,11004,"S2_(0.25,0.50]",label_dyn,native,population_h1,retention,H1,21,21,0.445714285714286,0.957493207782052,0.454970824972166,0.938095238095238,1.02025450633793,0.588331973332644,0.957493207782052
DTLZ2,10,4,11004,"S2_(0.25,0.50]",label_dyn,native,population_h3,retention,H3,21,21,0.445714285714286,0.884639118349191,0.469257473238329,0.837619047619047,1.05488744542497,0.582316570493973,0.884639118349191
DTLZ2,10,4,11004,"S3_(0.50,0.75]",label_dyn,native,front_final,nondominated,FINAL,20,20,0.4035,0.682979010308589,0.429772412340023,0.6505,1.06542165910156,0.529914233530696,NaN
DTLZ2,10,4,11004,"S3_(0.50,0.75]",label_dyn,native,front_h1,nondominated,H1,20,20,0.4035,0.97771471439723,0.404308135096458,0.9755,1.00249047775223,0.508324961065231,NaN
DTLZ2,10,4,11004,"S3_(0.50,0.75]",label_dyn,native,front_h3,nondominated,H3,20,20,0.4035,0.93570403122501,0.405453499031595,0.932,1.00513278220904,0.499638838499601,NaN
DTLZ2,10,4,11004,"S3_(0.50,0.75]",label_dyn,native,population_final,retention,FINAL,20,20,0.4035,0.367523315723035,0.513105388582648,0.291,1.2761310979655,0.577268985760452,0.367523315723035
DTLZ2,10,4,11004,"S3_(0.50,0.75]",label_dyn,native,population_h1,retention,H1,20,20,0.4035,0.959213288906475,0.414374606954856,0.935,1.02603319916127,0.597879042294167,0.959213288906475
DTLZ2,10,4,11004,"S3_(0.50,0.75]",label_dyn,native,population_h3,retention,H3,20,20,0.4035,0.894692421742674,0.428731491911784,0.842,1.06295943593738,0.582040749625141,0.894692421742674
DTLZ2,10,4,11004,"S4_(0.75,1.00]",label_dyn,native,front_final,nondominated,FINAL,21,21,0.439047619047619,0.940137742794753,0.445749554418524,0.925714285714286,1.01602811119194,0.554896070575093,NaN
DTLZ2,10,4,11004,"S4_(0.75,1.00]",label_dyn,native,front_h1,nondominated,H1,21,20,0.439047619047619,0.993131497757383,0.43503749493177,0.991,1.00223725530138,0.515226846220485,NaN
DTLZ2,10,4,11004,"S4_(0.75,1.00]",label_dyn,native,front_h3,nondominated,H3,21,18,0.439047619047619,0.976388323014368,0.424778496387626,0.971111111111111,1.00561863582998,0.518863499456135,NaN
DTLZ2,10,4,11004,"S4_(0.75,1.00]",label_dyn,native,population_final,retention,FINAL,21,21,0.439047619047619,0.724477863266527,0.466128340432963,0.69,1.06510618420411,0.524303241999253,0.724477863266527
DTLZ2,10,4,11004,"S4_(0.75,1.00]",label_dyn,native,population_h1,retention,H1,21,20,0.439047619047619,0.967082173130671,0.43945319362883,0.955,1.01277320950668,0.572770427983246,0.967082173130671
DTLZ2,10,4,11004,"S4_(0.75,1.00]",label_dyn,native,population_h3,retention,H3,21,18,0.439047619047619,0.90805369418532,0.436438738747081,0.878888888888889,1.03373897860515,0.556565441420593,0.90805369418532
DTLZ2,10,5,11005,"S1_[0,0.25]",label_dyn,native,front_final,nondominated,FINAL,5,5,0.37,0.310809062943209,0.676965811965812,0.17,1.83668286069201,0.68514216346218,NaN
DTLZ2,10,5,11005,"S1_[0,0.25]",label_dyn,native,front_h1,nondominated,H1,5,5,0.37,0.892369773162456,0.490369746212894,0.674,1.32634917740334,0.684985828561053,NaN
DTLZ2,10,5,11005,"S1_[0,0.25]",label_dyn,native,front_h3,nondominated,H3,5,5,0.37,0.816974790755278,0.515613948198694,0.588,1.39076156399624,0.676163096296933,NaN
DTLZ2,10,5,11005,"S1_[0,0.25]",label_dyn,native,population_final,retention,FINAL,5,5,0.37,0.0582912774985946,0.45,0.048,1.19612858027492,0.54219298245614,0.0582912774985946
DTLZ2,10,5,11005,"S1_[0,0.25]",label_dyn,native,population_h1,retention,H1,5,5,0.37,0.990360046457607,0.394480810343072,0.93,1.06549624639511,0.672240405171536,0.990360046457607
DTLZ2,10,5,11005,"S1_[0,0.25]",label_dyn,native,population_h3,retention,H3,5,5,0.37,0.963015781460903,0.442505897091327,0.808,1.19288321177354,0.685341839250687,0.963015781460903
DTLZ2,10,5,11005,"S2_(0.25,0.50]",label_dyn,native,front_final,nondominated,FINAL,21,21,0.487142857142857,0.619125100839165,0.658867065510333,0.466666666666667,1.37146384126485,0.656401081133018,NaN
DTLZ2,10,5,11005,"S2_(0.25,0.50]",label_dyn,native,front_h1,nondominated,H1,21,21,0.487142857142857,0.978605491203645,0.520688504678709,0.922857142857143,1.07460199141209,0.674358570781039,NaN
DTLZ2,10,5,11005,"S2_(0.25,0.50]",label_dyn,native,front_h3,nondominated,H3,21,21,0.487142857142857,0.970135693916431,0.523347622079706,0.90952380952381,1.08176981745601,0.619316814589497,NaN
DTLZ2,10,5,11005,"S2_(0.25,0.50]",label_dyn,native,population_final,retention,FINAL,21,21,0.487142857142857,0.124546789631723,0.561815565386994,0.107142857142857,1.16951966324804,0.541601212323746,0.124546789631723
DTLZ2,10,5,11005,"S2_(0.25,0.50]",label_dyn,native,population_h1,retention,H1,21,21,0.487142857142857,0.960103483433965,0.499800608248634,0.933333333333333,1.02878751446601,0.596462868544024,0.960103483433965
DTLZ2,10,5,11005,"S2_(0.25,0.50]",label_dyn,native,population_h3,retention,H3,21,21,0.487142857142857,0.885505115371471,0.515861042649118,0.828571428571429,1.06828000674222,0.58810495952089,0.885505115371471
DTLZ2,10,5,11005,"S3_(0.50,0.75]",label_dyn,native,front_final,nondominated,FINAL,20,20,0.5215,0.823277984298116,0.579863014869927,0.7385,1.116189982669,0.618772877689549,NaN
DTLZ2,10,5,11005,"S3_(0.50,0.75]",label_dyn,native,front_h1,nondominated,H1,20,20,0.5215,0.995707819882038,0.524221857752786,0.99,1.00595421772944,0.599579000609928,NaN
DTLZ2,10,5,11005,"S3_(0.50,0.75]",label_dyn,native,front_h3,nondominated,H3,20,20,0.5215,0.987262892276193,0.527439592677646,0.9755,1.01250807346552,0.576612458811314,NaN
DTLZ2,10,5,11005,"S3_(0.50,0.75]",label_dyn,native,population_final,retention,FINAL,20,20,0.5215,0.352515303583663,0.585690974096585,0.3115,1.13462309333829,0.549143874581138,0.352515303583663
DTLZ2,10,5,11005,"S3_(0.50,0.75]",label_dyn,native,population_h1,retention,H1,20,20,0.5215,0.948173112831049,0.522483213134853,0.9455,1.00329445202144,0.485610187333066,0.948173112831049
DTLZ2,10,5,11005,"S3_(0.50,0.75]",label_dyn,native,population_h3,retention,H3,20,20,0.5215,0.845855346902874,0.520490879084984,0.8445,1.00205373970875,0.492332941879524,0.845855346902874
DTLZ2,10,5,11005,"S4_(0.75,1.00]",label_dyn,native,front_final,nondominated,FINAL,21,21,0.593333333333333,0.936971463827253,0.594299829216468,0.931904761904762,1.00724647151758,0.425899637107956,NaN
DTLZ2,10,5,11005,"S4_(0.75,1.00]",label_dyn,native,front_h1,nondominated,H1,21,20,0.593333333333333,0.997699679936706,0.592128823989815,0.9945,1.00342275218063,0.587731000600971,NaN
DTLZ2,10,5,11005,"S4_(0.75,1.00]",label_dyn,native,front_h3,nondominated,H3,21,18,0.593333333333333,0.988419453323339,0.583698594273295,0.981111111111111,1.00763725438254,0.609174784749485,NaN
DTLZ2,10,5,11005,"S4_(0.75,1.00]",label_dyn,native,population_final,retention,FINAL,21,21,0.593333333333333,0.635485204947162,0.587579739863342,0.641428571428571,0.989551885393346,0.496077030724137,0.635485204947162
DTLZ2,10,5,11005,"S4_(0.75,1.00]",label_dyn,native,population_h1,retention,H1,21,20,0.593333333333333,0.949113654913543,0.593979026084679,0.9415,1.00862552807916,0.50564967465265,0.949113654913543
DTLZ2,10,5,11005,"S4_(0.75,1.00]",label_dyn,native,population_h3,retention,H3,21,18,0.593333333333333,0.867618465600992,0.585418142514947,0.858888888888889,1.0109382635596,0.511648379999414,0.867618465600992
DTLZ2,10,6,11006,"S1_[0,0.25]",label_dyn,native,front_final,nondominated,FINAL,5,5,0.392,0.490501253132832,0.453913979331181,0.424,1.15759372562967,0.553600567520213,NaN
DTLZ2,10,6,11006,"S1_[0,0.25]",label_dyn,native,front_h1,nondominated,H1,5,5,0.392,0.978947368421053,0.408041553401728,0.944,1.03919460083852,0.564020776700864,NaN
DTLZ2,10,6,11006,"S1_[0,0.25]",label_dyn,native,front_h3,nondominated,H3,5,5,0.392,0.9481328320802,0.406910309933934,0.916,1.03643593951859,0.564294593306405,NaN
DTLZ2,10,6,11006,"S1_[0,0.25]",label_dyn,native,population_final,retention,FINAL,5,5,0.392,0.281328320802005,0.620639834881321,0.178,1.5832848374807,0.638910970104475,0.281328320802005
DTLZ2,10,6,11006,"S1_[0,0.25]",label_dyn,native,population_h1,retention,H1,5,5,0.392,0.978947368421053,0.406870567375887,0.944,1.03711739455021,0.628435283687943,0.978947368421053
DTLZ2,10,6,11006,"S1_[0,0.25]",label_dyn,native,population_h3,retention,H3,5,5,0.392,0.937606516290727,0.433237189524171,0.85,1.10355452440374,0.634545765630433,0.937606516290727
DTLZ2,10,6,11006,"S2_(0.25,0.50]",label_dyn,native,front_final,nondominated,FINAL,21,21,0.500476190476191,0.687149724494018,0.587626249196572,0.586190476190476,1.17875016178064,0.60770331417504,NaN
DTLZ2,10,6,11006,"S2_(0.25,0.50]",label_dyn,native,front_h1,nondominated,H1,21,21,0.500476190476191,0.993663281163281,0.503068202400823,0.988571428571429,1.00524399938077,0.655881156769214,NaN
DTLZ2,10,6,11006,"S2_(0.25,0.50]",label_dyn,native,front_h3,nondominated,H3,21,21,0.500476190476191,0.985088491330779,0.510522203710537,0.966666666666667,1.01970863746679,0.687547306281277,NaN
DTLZ2,10,6,11006,"S2_(0.25,0.50]",label_dyn,native,population_final,retention,FINAL,21,21,0.500476190476191,0.297067151364708,0.608119206490134,0.242380952380952,1.22254334570758,0.571456833204357,0.297067151364708
DTLZ2,10,6,11006,"S2_(0.25,0.50]",label_dyn,native,population_h1,retention,H1,21,21,0.500476190476191,0.965011549386922,0.509588478204112,0.946666666666667,1.019635488318,0.569146090953908,0.965011549386922
DTLZ2,10,6,11006,"S2_(0.25,0.50]",label_dyn,native,population_h3,retention,H3,21,21,0.500476190476191,0.905328267426678,0.532339313391488,0.849047619047619,1.06812857176769,0.595566325599268,0.905328267426678
DTLZ2,10,6,11006,"S3_(0.50,0.75]",label_dyn,native,front_final,nondominated,FINAL,20,20,0.5425,0.933488301296026,0.591508095756383,0.8545,1.09273986217436,0.666736751857219,NaN
DTLZ2,10,6,11006,"S3_(0.50,0.75]",label_dyn,native,front_h1,nondominated,H1,20,20,0.5425,0.995744140462637,0.54345355618036,0.994,1.00182423851792,0.47744194522545,NaN
DTLZ2,10,6,11006,"S3_(0.50,0.75]",label_dyn,native,front_h3,nondominated,H3,20,20,0.5425,0.988745090869343,0.547386004779305,0.98,1.00916745711314,0.580156670080456,NaN
DTLZ2,10,6,11006,"S3_(0.50,0.75]",label_dyn,native,population_final,retention,FINAL,20,20,0.5425,0.494090298337504,0.624768903987252,0.426,1.15658108676573,0.573006734791368,0.494090298337504
DTLZ2,10,6,11006,"S3_(0.50,0.75]",label_dyn,native,population_h1,retention,H1,20,20,0.5425,0.946798285883592,0.550687219034977,0.9335,1.01522240600276,0.543157462331341,0.946798285883592
DTLZ2,10,6,11006,"S3_(0.50,0.75]",label_dyn,native,population_h3,retention,H3,20,20,0.5425,0.877582252300467,0.565551781225932,0.8435,1.04325877835012,0.570043149902536,0.877582252300467
DTLZ2,10,6,11006,"S4_(0.75,1.00]",label_dyn,native,front_final,nondominated,FINAL,21,21,0.617619047619048,0.972082350862055,0.621571102233812,0.966190476190476,1.00620835293027,0.572497447720371,NaN
DTLZ2,10,6,11006,"S4_(0.75,1.00]",label_dyn,native,front_h1,nondominated,H1,21,20,0.617619047619048,0.995580407478559,0.625019797172227,0.994,1.00160310088859,0.600233079798617,NaN
DTLZ2,10,6,11006,"S4_(0.75,1.00]",label_dyn,native,front_h3,nondominated,H3,21,18,0.617619047619048,0.991063238447943,0.641364510641634,0.985,1.00622305978411,0.672134494092336,NaN
DTLZ2,10,6,11006,"S4_(0.75,1.00]",label_dyn,native,population_final,retention,FINAL,21,21,0.617619047619048,0.704688191723278,0.626896072809707,0.70047619047619,1.01219983310553,0.504852333445377,0.704688191723278
DTLZ2,10,6,11006,"S4_(0.75,1.00]",label_dyn,native,population_h1,retention,H1,21,20,0.617619047619048,0.960952370244046,0.628933443121435,0.9545,1.0074340493187,0.562515062109058,0.960952370244046
DTLZ2,10,6,11006,"S4_(0.75,1.00]",label_dyn,native,population_h3,retention,H3,21,18,0.617619047619048,0.905637798257858,0.650191599827642,0.890555555555555,1.01917469017966,0.542147439565098,0.905637798257858
DTLZ2,10,7,11007,"S1_[0,0.25]",label_dyn,native,front_final,nondominated,FINAL,5,5,0.366,0.0949464153732446,0.96,0.038,2.66466494210397,0.808227975278117,NaN
DTLZ2,10,7,11007,"S1_[0,0.25]",label_dyn,native,front_h1,nondominated,H1,5,5,0.366,0.987689393939394,0.410448768206941,0.88,1.13019371938677,0.695321002460959,NaN
DTLZ2,10,7,11007,"S1_[0,0.25]",label_dyn,native,front_h3,nondominated,H3,5,5,0.366,0.987689393939394,0.410448768206941,0.88,1.13019371938677,0.695321002460959,NaN
DTLZ2,10,7,11007,"S1_[0,0.25]",label_dyn,native,population_final,retention,FINAL,5,5,0.366,0.00975609756097561,1,0.004,2.4390243902439,0.797979797979798,0.00975609756097561
DTLZ2,10,7,11007,"S1_[0,0.25]",label_dyn,native,population_h1,retention,H1,5,5,0.366,0.995121951219512,0.387177690279233,0.94,1.05873670231121,0.67692217847295,0.995121951219512
DTLZ2,10,7,11007,"S1_[0,0.25]",label_dyn,native,population_h3,retention,H3,5,5,0.366,0.962621643261887,0.414474600303964,0.848,1.13597722964714,0.658270213317248,0.962621643261887
DTLZ2,10,7,11007,"S2_(0.25,0.50]",label_dyn,native,front_final,nondominated,FINAL,21,21,0.376190476190476,0.377432954371101,0.503394000300938,0.307619047619048,1.32337079719631,0.584031862418861,NaN
DTLZ2,10,7,11007,"S2_(0.25,0.50]",label_dyn,native,front_h1,nondominated,H1,21,21,0.376190476190476,0.967140325985543,0.39511646039931,0.923333333333333,1.05519173954457,0.556735405989055,NaN
DTLZ2,10,7,11007,"S2_(0.25,0.50]",label_dyn,native,front_h3,nondominated,H3,21,21,0.376190476190476,0.919288642733501,0.406923400169641,0.857619047619048,1.08601519772061,0.554506708907895,NaN
DTLZ2,10,7,11007,"S2_(0.25,0.50]",label_dyn,native,population_final,retention,FINAL,21,21,0.376190476190476,0.0788772605870905,0.642815914244486,0.0480952380952381,1.66578559075243,0.64007072781737,0.0788772605870905
DTLZ2,10,7,11007,"S2_(0.25,0.50]",label_dyn,native,population_h1,retention,H1,21,21,0.376190476190476,0.972498861534624,0.389753956611534,0.938571428571428,1.03737805053136,0.600942737942955,0.972498861534624
DTLZ2,10,7,11007,"S2_(0.25,0.50]",label_dyn,native,population_h3,retention,H3,21,21,0.376190476190476,0.917201190219414,0.411155898086507,0.838571428571428,1.0955303354408,0.605446431653517,0.917201190219414
DTLZ2,10,7,11007,"S3_(0.50,0.75]",label_dyn,native,front_final,nondominated,FINAL,20,20,0.476,0.776191110516491,0.522723116146897,0.708,1.11272013906111,0.555810896659172,NaN
DTLZ2,10,7,11007,"S3_(0.50,0.75]",label_dyn,native,front_h1,nondominated,H1,20,20,0.476,0.994788449645593,0.478087304509433,0.991,1.00391332539713,0.578087304509433,NaN
DTLZ2,10,7,11007,"S3_(0.50,0.75]",label_dyn,native,front_h3,nondominated,H3,20,20,0.476,0.983165522022003,0.481842696788572,0.9725,1.0112782905991,0.566499910914286,NaN
DTLZ2,10,7,11007,"S3_(0.50,0.75]",label_dyn,native,population_final,retention,FINAL,20,20,0.476,0.364283042726039,0.576365848451348,0.313,1.25208528503996,0.562325096599131,0.364283042726039
DTLZ2,10,7,11007,"S3_(0.50,0.75]",label_dyn,native,population_h1,retention,H1,20,20,0.476,0.960982126294917,0.486665720690818,0.9395,1.02323754916142,0.585346749234298,0.960982126294917
DTLZ2,10,7,11007,"S3_(0.50,0.75]",label_dyn,native,population_h3,retention,H3,20,20,0.476,0.899883243924405,0.505693713184042,0.846,1.06416022992881,0.599772418774936,0.899883243924405
DTLZ2,10,7,11007,"S4_(0.75,1.00]",label_dyn,native,front_final,nondominated,FINAL,21,21,0.496666666666667,0.951651400534627,0.499841967881532,0.942857142857143,1.0086248739297,0.582548507238253,NaN
DTLZ2,10,7,11007,"S4_(0.75,1.00]",label_dyn,native,front_h1,nondominated,H1,21,20,0.496666666666667,0.995515117581187,0.496098608640582,0.995,1.00051845845484,0.527942125512081,NaN
DTLZ2,10,7,11007,"S4_(0.75,1.00]",label_dyn,native,front_h3,nondominated,H3,21,18,0.496666666666667,0.98593479015128,0.498356935740036,0.985,1.00089945665715,0.529062792023356,NaN
DTLZ2,10,7,11007,"S4_(0.75,1.00]",label_dyn,native,population_final,retention,FINAL,21,21,0.496666666666667,0.67983379846149,0.499015673936484,0.673333333333333,1.00773778285186,0.497842572935721,0.67983379846149
DTLZ2,10,7,11007,"S4_(0.75,1.00]",label_dyn,native,population_h1,retention,H1,21,20,0.496666666666667,0.944333086402153,0.494270180444795,0.9475,0.996653504055472,0.479565645777953,0.944333086402153
DTLZ2,10,7,11007,"S4_(0.75,1.00]",label_dyn,native,population_h3,retention,H3,21,18,0.496666666666667,0.853837176439453,0.492918941646766,0.862777777777778,0.990106202414112,0.471070775459198,0.853837176439453
DTLZ2,10,8,11008,"S1_[0,0.25]",label_dyn,native,front_final,nondominated,FINAL,5,5,0.486,0.542547169811321,0.60313268379733,0.44,1.23823532801395,0.602844501975843,NaN
DTLZ2,10,8,11008,"S1_[0,0.25]",label_dyn,native,front_h1,nondominated,H1,5,5,0.486,0.902635865183035,0.600054190472057,0.734,1.23184954778581,0.711443500669675,NaN
DTLZ2,10,8,11008,"S1_[0,0.25]",label_dyn,native,front_h3,nondominated,H3,5,5,0.486,0.874921786808579,0.614469782668312,0.696,1.26090871505688,0.706956901350284,NaN
DTLZ2,10,8,11008,"S1_[0,0.25]",label_dyn,native,population_final,retention,FINAL,5,5,0.486,0.188138203515562,0.837482517482518,0.108,1.73790884168243,0.697013246342964,0.188138203515562
DTLZ2,10,8,11008,"S1_[0,0.25]",label_dyn,native,population_h1,retention,H1,5,5,0.486,0.976469924205773,0.508487760237932,0.932,1.04772302059309,0.666148642023728,0.976469924205773
DTLZ2,10,8,11008,"S1_[0,0.25]",label_dyn,native,population_h3,retention,H3,5,5,0.486,0.941888405095952,0.552694401298574,0.828,1.13756809517764,0.694852102610071,0.941888405095952
DTLZ2,10,8,11008,"S2_(0.25,0.50]",label_dyn,native,front_final,nondominated,FINAL,21,21,0.496190476190476,0.815466408929962,0.550727935335111,0.733333333333333,1.11403687845953,0.605250388344835,NaN
DTLZ2,10,8,11008,"S2_(0.25,0.50]",label_dyn,native,front_h1,nondominated,H1,21,21,0.496190476190476,0.99789439585358,0.505093398584866,0.979047619047619,1.0209724260564,0.727778835642637,NaN
DTLZ2,10,8,11008,"S2_(0.25,0.50]",label_dyn,native,front_h3,nondominated,H3,21,21,0.496190476190476,0.99789439585358,0.510159998991867,0.969523809523809,1.03222654386006,0.743096189720091,NaN
DTLZ2,10,8,11008,"S2_(0.25,0.50]",label_dyn,native,population_final,retention,FINAL,21,21,0.496190476190476,0.299770380573784,0.691777001621193,0.213333333333333,1.43509385583098,0.622900650385547,0.299770380573784
DTLZ2,10,8,11008,"S2_(0.25,0.50]",label_dyn,native,population_h1,retention,H1,21,21,0.496190476190476,0.977661985844727,0.509607723835988,0.94952380952381,1.03041721145723,0.618631337352613,0.977661985844727
DTLZ2,10,8,11008,"S2_(0.25,0.50]",label_dyn,native,population_h3,retention,H3,21,21,0.496190476190476,0.931130804022122,0.535019168863076,0.857619047619048,1.08815391299437,0.625489042726122,0.931130804022122
DTLZ2,10,8,11008,"S3_(0.50,0.75]",label_dyn,native,front_final,nondominated,FINAL,20,20,0.584,0.885751523626583,0.608262566260851,0.8495,1.0422774833393,0.595072078446221,NaN
DTLZ2,10,8,11008,"S3_(0.50,0.75]",label_dyn,native,front_h1,nondominated,H1,20,20,0.584,0.998333333333333,0.585070181087118,0.9965,1.00185868786752,0.707258786051128,NaN
DTLZ2,10,8,11008,"S3_(0.50,0.75]",label_dyn,native,front_h3,nondominated,H3,20,20,0.584,0.994509115121458,0.587087773378642,0.9895,1.00512048556779,0.683921106711976,NaN
DTLZ2,10,8,11008,"S3_(0.50,0.75]",label_dyn,native,population_final,retention,FINAL,20,20,0.584,0.363706918066737,0.63359810967597,0.34,1.08683891361682,0.534012607436507,0.363706918066737
DTLZ2,10,8,11008,"S3_(0.50,0.75]",label_dyn,native,population_h1,retention,H1,20,20,0.584,0.942910329028321,0.589470745513215,0.9355,1.00860568653268,0.529445321624165,0.942910329028321
DTLZ2,10,8,11008,"S3_(0.50,0.75]",label_dyn,native,population_h3,retention,H3,20,20,0.584,0.850499386461715,0.596420933182927,0.833,1.02222291415679,0.53208763041348,0.850499386461715
DTLZ2,10,8,11008,"S4_(0.75,1.00]",label_dyn,native,front_final,nondominated,FINAL,21,21,0.635714285714286,0.990411593834578,0.658483204784724,0.956190476190476,1.03594956576654,0.774275111083409,NaN
DTLZ2,10,8,11008,"S4_(0.75,1.00]",label_dyn,native,front_h1,nondominated,H1,21,20,0.635714285714286,0.997699679936707,0.63576911976912,0.9965,1.00122210506903,0.5746151996152,NaN
DTLZ2,10,8,11008,"S4_(0.75,1.00]",label_dyn,native,front_h3,nondominated,H3,21,18,0.635714285714286,0.99473835632965,0.638465264893836,0.992777777777778,1.00200328716044,0.544653398549502,NaN
DTLZ2,10,8,11008,"S4_(0.75,1.00]",label_dyn,native,population_final,retention,FINAL,21,21,0.635714285714286,0.698453785065635,0.668396038270922,0.662857142857143,1.05194508626114,0.579025987946933,0.698453785065635
DTLZ2,10,8,11008,"S4_(0.75,1.00]",label_dyn,native,population_h1,retention,H1,21,20,0.635714285714286,0.950101959312119,0.636726957628016,0.947,1.00333879478648,0.50203772123825,0.950101959312119
DTLZ2,10,8,11008,"S4_(0.75,1.00]",label_dyn,native,population_h3,retention,H3,21,18,0.635714285714286,0.866432184804012,0.637597181968441,0.866111111111111,1.00052668821554,0.495068633482333,0.866432184804012
DTLZ2,10,9,11009,"S1_[0,0.25]",label_dyn,native,front_final,nondominated,FINAL,5,5,0.394,0.0904358022278679,1,0.036,2.61237052960719,0.820431993361861,NaN
DTLZ2,10,9,11009,"S1_[0,0.25]",label_dyn,native,front_h1,nondominated,H1,5,5,0.394,0.866376131848088,0.596167387408375,0.572,1.51478449282123,0.738373501841778,NaN
DTLZ2,10,9,11009,"S1_[0,0.25]",label_dyn,native,front_h3,nondominated,H3,5,5,0.394,0.826486873819295,0.612491056496114,0.53,1.56181928183643,0.735954703999905,NaN
DTLZ2,10,9,11009,"S1_[0,0.25]",label_dyn,native,population_final,retention,FINAL,5,5,0.394,0.0196677740863787,1,0.008,2.50276854928018,0.80232598089741,0.0196677740863787
DTLZ2,10,9,11009,"S1_[0,0.25]",label_dyn,native,population_h1,retention,H1,5,5,0.394,0.960164158686731,0.403977798334875,0.936,1.02575388092547,0.581155565834104,0.960164158686731
DTLZ2,10,9,11009,"S1_[0,0.25]",label_dyn,native,population_h3,retention,H3,5,5,0.394,0.901896944824441,0.431345928299597,0.826,1.09222906537566,0.605602444713954,0.901896944824441
DTLZ2,10,9,11009,"S2_(0.25,0.50]",label_dyn,native,front_final,nondominated,FINAL,21,21,0.460476190476191,0.359524515459841,0.639071991010751,0.299047619047619,1.46364043522284,0.602774400168724,NaN
DTLZ2,10,9,11009,"S2_(0.25,0.50]",label_dyn,native,front_h1,nondominated,H1,21,21,0.460476190476191,0.976833160552957,0.489376810274952,0.918571428571428,1.07747492165772,0.584216848788425,NaN
DTLZ2,10,9,11009,"S2_(0.25,0.50]",label_dyn,native,front_h3,nondominated,H3,21,21,0.460476190476191,0.930247292458829,0.485158922380302,0.882857142857143,1.06740937993744,0.502262034158522,NaN
DTLZ2,10,9,11009,"S2_(0.25,0.50]",label_dyn,native,population_final,retention,FINAL,21,21,0.460476190476191,0.0790863956344095,0.713838145981003,0.0576190476190476,1.61294451751539,0.631814616306284,0.0790863956344095
DTLZ2,10,9,11009,"S2_(0.25,0.50]",label_dyn,native,population_h1,retention,H1,21,21,0.460476190476191,0.961883863937401,0.472773311987729,0.934761904761905,1.02924518355299,0.582718895183246,0.961883863937401
DTLZ2,10,9,11009,"S2_(0.25,0.50]",label_dyn,native,population_h3,retention,H3,21,21,0.460476190476191,0.897643312416089,0.495811781813328,0.83047619047619,1.0808393728861,0.605280990069136,0.897643312416089
DTLZ2,10,9,11009,"S3_(0.50,0.75]",label_dyn,native,front_final,nondominated,FINAL,20,20,0.451,0.759884840050838,0.476625012624663,0.7105,1.0577553481098,0.576482096136792,NaN
DTLZ2,10,9,11009,"S3_(0.50,0.75]",label_dyn,native,front_h1,nondominated,H1,20,20,0.451,0.9866642612867,0.451400626823229,0.9855,1.00122018179221,0.493242994081724,NaN
DTLZ2,10,9,11009,"S3_(0.50,0.75]",label_dyn,native,front_h3,nondominated,H3,20,20,0.451,0.975692173792205,0.456246369232832,0.9645,1.01180344376973,0.537498089069912,NaN
DTLZ2,10,9,11009,"S3_(0.50,0.75]",label_dyn,native,population_final,retention,FINAL,20,20,0.451,0.35936067728668,0.604777402350003,0.273,1.34147324366103,0.603958967459731,0.35936067728668
DTLZ2,10,9,11009,"S3_(0.50,0.75]",label_dyn,native,population_h1,retention,H1,20,20,0.451,0.953915078556073,0.459690429554727,0.936,1.01962770411475,0.545605288037437,0.953915078556073
DTLZ2,10,9,11009,"S3_(0.50,0.75]",label_dyn,native,population_h3,retention,H3,20,20,0.451,0.883137835786819,0.479197499648304,0.832,1.06269147894586,0.578172532147219,0.883137835786819
DTLZ2,10,9,11009,"S4_(0.75,1.00]",label_dyn,native,front_final,nondominated,FINAL,21,21,0.434761904761905,0.976464840284043,0.449412648004657,0.947619047619048,1.03188938970466,0.628078480945914,NaN
DTLZ2,10,9,11009,"S4_(0.75,1.00]",label_dyn,native,front_h1,nondominated,H1,21,20,0.434761904761905,0.996275246940882,0.433683034053984,0.994,1.0023824894811,0.520027278978862,NaN
DTLZ2,10,9,11009,"S4_(0.75,1.00]",label_dyn,native,front_h3,nondominated,H3,21,18,0.434761904761905,0.987404804476896,0.433990971703802,0.981111111111111,1.00677690425684,0.532762980410325,NaN
DTLZ2,10,9,11009,"S4_(0.75,1.00]",label_dyn,native,population_final,retention,FINAL,21,21,0.434761904761905,0.732296550072253,0.47579455560622,0.675714285714286,1.09421613578677,0.582865484834068,0.732296550072253
DTLZ2,10,9,11009,"S4_(0.75,1.00]",label_dyn,native,population_h1,retention,H1,21,20,0.434761904761905,0.961154120355197,0.439910376996255,0.945,1.01735624954622,0.582326983369922,0.961154120355197
DTLZ2,10,9,11009,"S4_(0.75,1.00]",label_dyn,native,population_h3,retention,H3,21,18,0.434761904761905,0.890506248869564,0.451080235644245,0.850555555555556,1.04728330881753,0.573184136424687,0.890506248869564
DTLZ2,10,10,11010,"S1_[0,0.25]",label_dyn,native,front_final,nondominated,FINAL,5,5,0.522,0.423786197696556,0.630354000837872,0.356,1.21179437336906,0.580306798157429,NaN
DTLZ2,10,10,11010,"S1_[0,0.25]",label_dyn,native,front_h1,nondominated,H1,5,5,0.522,0.996491228070175,0.579659090909091,0.9,1.11432566115229,0.689829545454545,NaN
DTLZ2,10,10,11010,"S1_[0,0.25]",label_dyn,native,front_h3,nondominated,H3,5,5,0.522,0.996491228070175,0.585080062119414,0.892,1.12498119992,0.692540031059707,NaN
DTLZ2,10,10,11010,"S1_[0,0.25]",label_dyn,native,population_final,retention,FINAL,5,5,0.522,0.134185074228301,0.715555555555556,0.098,1.37811417185212,0.607065434565434,0.134185074228301
DTLZ2,10,10,11010,"S1_[0,0.25]",label_dyn,native,population_h1,retention,H1,5,5,0.522,0.985964912280702,0.545666293393057,0.942,1.04665920119448,0.706166480029862,0.985964912280702
DTLZ2,10,10,11010,"S1_[0,0.25]",label_dyn,native,population_h3,retention,H3,5,5,0.522,0.945187608310454,0.581900197881686,0.846,1.118066181546,0.689645153885898,0.945187608310454
DTLZ2,10,10,11010,"S2_(0.25,0.50]",label_dyn,native,front_final,nondominated,FINAL,21,21,0.553809523809524,0.585386111597684,0.614137459650443,0.528571428571429,1.10856531701315,0.564814506496545,NaN
DTLZ2,10,10,11010,"S2_(0.25,0.50]",label_dyn,native,front_h1,nondominated,H1,21,21,0.553809523809524,0.9973909310644,0.555800845560997,0.993809523809524,1.00365970896506,0.66298698262721,NaN
DTLZ2,10,10,11010,"S2_(0.25,0.50]",label_dyn,native,front_h3,nondominated,H3,21,21,0.553809523809524,0.989833095688728,0.559340886507732,0.98,1.01011591238495,0.67031639833319,NaN
DTLZ2,10,10,11010,"S2_(0.25,0.50]",label_dyn,native,population_final,retention,FINAL,21,21,0.553809523809524,0.22125281549545,0.804247020943654,0.152857142857143,1.46234378573237,0.647665967616735,0.22125281549545
DTLZ2,10,10,11010,"S2_(0.25,0.50]",label_dyn,native,population_h1,retention,H1,21,21,0.553809523809524,0.949977632196018,0.569176783548137,0.925238095238095,1.02741941586552,0.602719432068974,0.949977632196018
DTLZ2,10,10,11010,"S2_(0.25,0.50]",label_dyn,native,population_h3,retention,H3,21,21,0.553809523809524,0.858057111648846,0.588158993112906,0.808095238095238,1.06170106958082,0.59318160898222,0.858057111648846
DTLZ2,10,10,11010,"S3_(0.50,0.75]",label_dyn,native,front_final,nondominated,FINAL,20,20,0.57,0.823216250930724,0.590947858137703,0.7955,1.03649173508592,0.546159649824399,NaN
DTLZ2,10,10,11010,"S3_(0.50,0.75]",label_dyn,native,front_h1,nondominated,H1,20,20,0.57,0.989733846256977,0.570054878208969,0.9895,1.00022836642998,0.476983159346146,NaN
DTLZ2,10,10,11010,"S3_(0.50,0.75]",label_dyn,native,front_h3,nondominated,H3,20,20,0.57,0.973406895795378,0.570463297023673,0.9725,1.00090524748863,0.513150631117611,NaN
DTLZ2,10,10,11010,"S3_(0.50,0.75]",label_dyn,native,population_final,retention,FINAL,20,20,0.57,0.348085798527065,0.62693470844812,0.3205,1.10397452100918,0.538867232073531,0.348085798527065
DTLZ2,10,10,11010,"S3_(0.50,0.75]",label_dyn,native,population_h1,retention,H1,20,20,0.57,0.934436254604584,0.572501913931152,0.931,1.00445281866406,0.493199549308905,0.934436254604584
DTLZ2,10,10,11010,"S3_(0.50,0.75]",label_dyn,native,population_h3,retention,H3,20,20,0.57,0.830209286656075,0.575960855391789,0.824,1.01067830755292,0.495626008721959,0.830209286656075
DTLZ2,10,10,11010,"S4_(0.75,1.00]",label_dyn,native,front_final,nondominated,FINAL,21,21,0.555238095238095,0.946754268260032,0.564564040606694,0.931428571428571,1.01655485614586,0.610857809593422,NaN
DTLZ2,10,10,11010,"S4_(0.75,1.00]",label_dyn,native,front_h1,nondominated,H1,21,20,0.555238095238095,0.994454969733376,0.550220395177259,0.994,1.0004954458339,0.507440790354518,NaN
DTLZ2,10,10,11010,"S4_(0.75,1.00]",label_dyn,native,front_h3,nondominated,H3,21,18,0.555238095238095,0.983046988879324,0.538894582006807,0.981111111111111,1.00217244222455,0.493489506490418,NaN
DTLZ2,10,10,11010,"S4_(0.75,1.00]",label_dyn,native,population_final,retention,FINAL,21,21,0.555238095238095,0.703141311814493,0.577901630721083,0.677142857142857,1.04186298421282,0.545714951209283,0.703141311814493
DTLZ2,10,10,11010,"S4_(0.75,1.00]",label_dyn,native,population_h1,retention,H1,21,20,0.555238095238095,0.955653138328242,0.549064739210329,0.957,0.998539157211248,0.496754591827387,0.955653138328242
DTLZ2,10,10,11010,"S4_(0.75,1.00]",label_dyn,native,population_h3,retention,H3,21,18,0.555238095238095,0.88090718859703,0.537608480066229,0.881666666666667,0.999437654429338,0.49750092914647,0.88090718859703
DTLZ2,10,11,11011,"S1_[0,0.25]",label_dyn,native,front_final,nondominated,FINAL,5,5,0.41,0.195207055795291,0.758201798201798,0.1,1.92329171320768,0.693611888132033,NaN
DTLZ2,10,11,11011,"S1_[0,0.25]",label_dyn,native,front_h1,nondominated,H1,5,5,0.41,0.791701491407374,0.541712942486936,0.598,1.32632773262895,0.662064745366934,NaN
DTLZ2,10,11,11011,"S1_[0,0.25]",label_dyn,native,front_h3,nondominated,H3,5,5,0.41,0.788130062835945,0.559378700172555,0.58,1.36757730962828,0.673656950516262,NaN
DTLZ2,10,11,11011,"S1_[0,0.25]",label_dyn,native,population_final,retention,FINAL,5,5,0.41,0.121819214172155,1,0.046,2.56925202513438,0.809646539027982,0.121819214172155
DTLZ2,10,11,11011,"S1_[0,0.25]",label_dyn,native,population_h1,retention,H1,5,5,0.41,0.989285714285714,0.429025755879059,0.942,1.05019196928491,0.66451287793953,0.989285714285714
DTLZ2,10,11,11011,"S1_[0,0.25]",label_dyn,native,population_h3,retention,H3,5,5,0.41,0.949378264819441,0.460406215968609,0.84,1.12996487236218,0.658438402101952,0.949378264819441
DTLZ2,10,11,11011,"S2_(0.25,0.50]",label_dyn,native,front_final,nondominated,FINAL,21,21,0.534761904761905,0.530897824759423,0.707921610624892,0.406666666666667,1.34264536056935,0.646293953918936,NaN
DTLZ2,10,11,11011,"S2_(0.25,0.50]",label_dyn,native,front_h1,nondominated,H1,21,21,0.534761904761905,0.965553004108749,0.548660390498988,0.939523809523809,1.03209134425683,0.528855750114473,NaN
DTLZ2,10,11,11011,"S2_(0.25,0.50]",label_dyn,native,front_h3,nondominated,H3,21,21,0.534761904761905,0.946589113853247,0.557130932323525,0.907142857142857,1.04815754640996,0.57962361155512,NaN
DTLZ2,10,11,11011,"S2_(0.25,0.50]",label_dyn,native,population_final,retention,FINAL,21,21,0.534761904761905,0.181914822504095,0.876934969792113,0.11047619047619,1.65409473042682,0.69283070139673,0.181914822504095
DTLZ2,10,11,11011,"S2_(0.25,0.50]",label_dyn,native,population_h1,retention,H1,21,21,0.534761904761905,0.954006981821551,0.544156473662075,0.935238095238095,1.02018158604709,0.572512855122799,0.954006981821551
DTLZ2,10,11,11011,"S2_(0.25,0.50]",label_dyn,native,population_h3,retention,H3,21,21,0.534761904761905,0.893788918096821,0.566285026425908,0.841904761904762,1.06241211836788,0.595902928792919,0.893788918096821
DTLZ2,10,11,11011,"S3_(0.50,0.75]",label_dyn,native,front_final,nondominated,FINAL,20,20,0.569,0.754337695018248,0.68615926637323,0.625,1.20874017541303,0.65465544575235,NaN
DTLZ2,10,11,11011,"S3_(0.50,0.75]",label_dyn,native,front_h1,nondominated,H1,20,20,0.569,0.993170830778612,0.570618271702374,0.9905,1.00283986109862,0.503649931521156,NaN
DTLZ2,10,11,11011,"S3_(0.50,0.75]",label_dyn,native,front_h3,nondominated,H3,20,20,0.569,0.982799938072992,0.574216832009536,0.974,1.00933906799754,0.559430268958738,NaN
DTLZ2,10,11,11011,"S3_(0.50,0.75]",label_dyn,native,population_final,retention,FINAL,20,20,0.569,0.342183169754434,0.809688002967019,0.244,1.42920705005307,0.656717824727771,0.342183169754434
DTLZ2,10,11,11011,"S3_(0.50,0.75]",label_dyn,native,population_h1,retention,H1,20,20,0.569,0.938443246766891,0.576221233374749,0.927,1.01312477749895,0.53305338225514,0.938443246766891
DTLZ2,10,11,11011,"S3_(0.50,0.75]",label_dyn,native,population_h3,retention,H3,20,20,0.569,0.858718639077424,0.588105010390548,0.831,1.03665628835088,0.542819496663988,0.858718639077424
DTLZ2,10,11,11011,"S4_(0.75,1.00]",label_dyn,native,front_final,nondominated,FINAL,21,21,0.597619047619048,0.896653544075707,0.622207118631455,0.862380952380952,1.04035528112129,0.617902405490699,NaN
DTLZ2,10,11,11011,"S4_(0.75,1.00]",label_dyn,native,front_h1,nondominated,H1,21,20,0.597619047619048,0.985485205107631,0.595110276518015,0.9845,1.00051895667736,0.632695628879665,NaN
DTLZ2,10,11,11011,"S4_(0.75,1.00]",label_dyn,native,front_h3,nondominated,H3,21,18,0.597619047619048,0.955273031475002,0.589381477709903,0.955,0.999144523699468,0.59380642897696,NaN
DTLZ2,10,11,11011,"S4_(0.75,1.00]",label_dyn,native,population_final,retention,FINAL,21,21,0.597619047619048,0.710522573079658,0.649731232684652,0.65952380952381,1.09543449986548,0.563804898925191,0.710522573079658
DTLZ2,10,11,11011,"S4_(0.75,1.00]",label_dyn,native,population_h1,retention,H1,21,20,0.597619047619048,0.949102056285036,0.597515699897702,0.9435,1.00573790234009,0.536992404137353,0.949102056285036
DTLZ2,10,11,11011,"S4_(0.75,1.00]",label_dyn,native,population_h3,retention,H3,21,18,0.597619047619048,0.862271292068945,0.598095323449979,0.848333333333333,1.0165076571992,0.536093860169655,0.862271292068945
DTLZ2,10,12,11012,"S1_[0,0.25]",label_dyn,native,front_final,nondominated,FINAL,5,5,0.488,0.0859740698342522,0.658333333333333,0.064,1.35714358814663,0.590776287388221,NaN
DTLZ2,10,12,11012,"S1_[0,0.25]",label_dyn,native,front_h1,nondominated,H1,5,5,0.488,0.963632207879928,0.567739239542022,0.828,1.16786910986352,0.723414154183967,NaN
DTLZ2,10,12,11012,"S1_[0,0.25]",label_dyn,native,front_h3,nondominated,H3,5,5,0.488,0.938435845647092,0.574748635764203,0.798,1.18318210424672,0.702861517464129,NaN
DTLZ2,10,12,11012,"S1_[0,0.25]",label_dyn,native,population_final,retention,FINAL,5,5,0.488,0.0448052167353079,0.683333333333333,0.032,1.40259813360117,0.60090206185567,0.0448052167353079
DTLZ2,10,12,11012,"S1_[0,0.25]",label_dyn,native,population_h1,retention,H1,5,5,0.488,0.984027509133892,0.514822720176186,0.932,1.05598397150552,0.696300248976982,0.984027509133892
DTLZ2,10,12,11012,"S1_[0,0.25]",label_dyn,native,population_h3,retention,H3,5,5,0.488,0.944648504146984,0.558186494850223,0.824,1.14676437922519,0.698013096066322,0.944648504146984
DTLZ2,10,12,11012,"S2_(0.25,0.50]",label_dyn,native,front_final,nondominated,FINAL,21,21,0.509523809523809,0.407569842276251,0.653676544355403,0.339047619047619,1.33082917994641,0.59297521179512,NaN
DTLZ2,10,12,11012,"S2_(0.25,0.50]",label_dyn,native,front_h1,nondominated,H1,21,21,0.509523809523809,0.965842481063045,0.533436827336091,0.922857142857143,1.05648075207144,0.551841069302641,NaN
DTLZ2,10,12,11012,"S2_(0.25,0.50]",label_dyn,native,front_h3,nondominated,H3,21,21,0.509523809523809,0.914112025209224,0.534100430571806,0.869523809523809,1.05719366576246,0.604723253166531,NaN
DTLZ2,10,12,11012,"S2_(0.25,0.50]",label_dyn,native,population_final,retention,FINAL,21,21,0.509523809523809,0.173188335488293,0.757664989072552,0.123333333333333,1.53551981809096,0.637941686678245,0.173188335488293
DTLZ2,10,12,11012,"S2_(0.25,0.50]",label_dyn,native,population_h1,retention,H1,21,21,0.509523809523809,0.96185821970056,0.521906506234132,0.937619047619047,1.02549470862331,0.623453253117066,0.96185821970056
DTLZ2,10,12,11012,"S2_(0.25,0.50]",label_dyn,native,population_h3,retention,H3,21,21,0.509523809523809,0.907907292454399,0.545669670019904,0.842857142857143,1.0776345937795,0.616817587539255,0.907907292454399
DTLZ2,10,12,11012,"S3_(0.50,0.75]",label_dyn,native,front_final,nondominated,FINAL,20,20,0.5295,0.550968654465591,0.500905864443799,0.582,0.946528644589971,0.46580636385469,NaN
DTLZ2,10,12,11012,"S3_(0.50,0.75]",label_dyn,native,front_h1,nondominated,H1,20,20,0.5295,0.979311135565337,0.525916673388723,0.9865,0.992342572611927,0.401416673388723,NaN
DTLZ2,10,12,11012,"S3_(0.50,0.75]",label_dyn,native,front_h3,nondominated,H3,20,20,0.5295,0.937800359264151,0.516785547130841,0.961,0.974627372405877,0.356605234633543,NaN
DTLZ2,10,12,11012,"S3_(0.50,0.75]",label_dyn,native,population_final,retention,FINAL,20,20,0.5295,0.284546673142891,0.543657632545001,0.2725,1.03286417720056,0.511369578749943,0.284546673142891
DTLZ2,10,12,11012,"S3_(0.50,0.75]",label_dyn,native,population_h1,retention,H1,20,20,0.5295,0.934715242579914,0.526619063581448,0.9405,0.993293644154779,0.490095246076438,0.934715242579914
DTLZ2,10,12,11012,"S3_(0.50,0.75]",label_dyn,native,population_h3,retention,H3,20,20,0.5295,0.83047966576469,0.52070101154247,0.845,0.980996187483889,0.482798485343786,0.83047966576469
DTLZ2,10,12,11012,"S4_(0.75,1.00]",label_dyn,native,front_final,nondominated,FINAL,21,21,0.441904761904762,0.878625649397966,0.461677941306721,0.839047619047619,1.04837600017388,0.572552987684746,NaN
DTLZ2,10,12,11012,"S4_(0.75,1.00]",label_dyn,native,front_h1,nondominated,H1,21,20,0.441904761904762,0.992893505635001,0.442468361111134,0.9865,1.00675018356207,0.571385027777801,NaN
DTLZ2,10,12,11012,"S4_(0.75,1.00]",label_dyn,native,front_h3,nondominated,H3,21,18,0.441904761904762,0.981895256090917,0.445691348272994,0.96,1.02324847657928,0.639793645308321,NaN
DTLZ2,10,12,11012,"S4_(0.75,1.00]",label_dyn,native,population_final,retention,FINAL,21,21,0.441904761904762,0.713136050061387,0.508853948485579,0.631904761904762,1.16023554481304,0.559913232932091,0.713136050061387
DTLZ2,10,12,11012,"S4_(0.75,1.00]",label_dyn,native,population_h1,retention,H1,21,20,0.441904761904762,0.946643109731135,0.442006276935737,0.9415,1.00585269912904,0.517174909134687,0.946643109731135
DTLZ2,10,12,11012,"S4_(0.75,1.00]",label_dyn,native,population_h3,retention,H3,21,18,0.441904761904762,0.881733533641995,0.452260698434002,0.848888888888889,1.03888296392213,0.557907855336612,0.881733533641995
DTLZ2,10,13,11013,"S1_[0,0.25]",label_dyn,native,front_final,nondominated,FINAL,5,5,0.502,0.333925117435756,0.767131266902434,0.218,1.5341926562653,0.66975478689037,NaN
DTLZ2,10,13,11013,"S1_[0,0.25]",label_dyn,native,front_h1,nondominated,H1,5,5,0.502,0.960420430633197,0.600333046224519,0.804,1.20335790317647,0.747304367723788,NaN
DTLZ2,10,13,11013,"S1_[0,0.25]",label_dyn,native,front_h3,nondominated,H3,5,5,0.502,0.960420430633197,0.603559606117746,0.8,1.20967412314518,0.750277971557041,NaN
DTLZ2,10,13,11013,"S1_[0,0.25]",label_dyn,native,population_final,retention,FINAL,5,5,0.502,0.142215231576934,0.938095238095238,0.076,1.86990314649889,0.736219488587368,0.142215231576934
DTLZ2,10,13,11013,"S1_[0,0.25]",label_dyn,native,population_h1,retention,H1,5,5,0.502,0.992857142857143,0.528628339895724,0.942,1.05405264189988,0.735742741376433,0.992857142857143
DTLZ2,10,13,11013,"S1_[0,0.25]",label_dyn,native,population_h3,retention,H3,5,5,0.502,0.977747252747253,0.580234700772996,0.844,1.15894699798578,0.749641159910308,0.977747252747253
DTLZ2,10,13,11013,"S2_(0.25,0.50]",label_dyn,native,front_final,nondominated,FINAL,21,21,0.572380952380952,0.609795872404134,0.706516168374104,0.497619047619048,1.24303352212725,0.632062223612967,NaN
DTLZ2,10,13,11013,"S2_(0.25,0.50]",label_dyn,native,front_h1,nondominated,H1,21,21,0.572380952380952,0.992216354205417,0.575150103592924,0.986666666666667,1.00581599591602,0.546723801619925,NaN
DTLZ2,10,13,11013,"S2_(0.25,0.50]",label_dyn,native,front_h3,nondominated,H3,21,21,0.572380952380952,0.977709470216844,0.577642943914543,0.967619047619047,1.01061006726591,0.553674079667022,NaN
DTLZ2,10,13,11013,"S2_(0.25,0.50]",label_dyn,native,population_final,retention,FINAL,21,21,0.572380952380952,0.217001302939703,0.8132057049295,0.155714285714286,1.43741921126409,0.640788807671038,0.217001302939703
DTLZ2,10,13,11013,"S2_(0.25,0.50]",label_dyn,native,population_h1,retention,H1,21,21,0.572380952380952,0.961516515231456,0.585018939126214,0.94,1.02378634830448,0.59651389184484,0.961516515231456
DTLZ2,10,13,11013,"S2_(0.25,0.50]",label_dyn,native,population_h3,retention,H3,21,21,0.572380952380952,0.879984837595572,0.602127389909902,0.834285714285714,1.05527407995813,0.590927972261179,0.879984837595572
DTLZ2,10,13,11013,"S3_(0.50,0.75]",label_dyn,native,front_final,nondominated,FINAL,20,20,0.611,0.873122438810012,0.665484405918472,0.805,1.08968400370456,0.639551174350251,NaN
DTLZ2,10,13,11013,"S3_(0.50,0.75]",label_dyn,native,front_h1,nondominated,H1,20,20,0.611,0.990544181034483,0.613101846125656,0.9875,1.00329008228741,0.715308955409206,NaN
DTLZ2,10,13,11013,"S3_(0.50,0.75]",label_dyn,native,front_h3,nondominated,H3,20,20,0.611,0.972190454671858,0.616934953716986,0.9635,1.00944601821839,0.73074628966297,NaN
DTLZ2,10,13,11013,"S3_(0.50,0.75]",label_dyn,native,population_final,retention,FINAL,20,20,0.611,0.395045593623873,0.744521839425831,0.325,1.22368622147848,0.598051027644187,0.395045593623873
DTLZ2,10,13,11013,"S3_(0.50,0.75]",label_dyn,native,population_h1,retention,H1,20,20,0.611,0.928051213531842,0.618739082326321,0.918,1.01093998432771,0.559284695453315,0.928051213531842
DTLZ2,10,13,11013,"S3_(0.50,0.75]",label_dyn,native,population_h3,retention,H3,20,20,0.611,0.830005525196656,0.635815794029889,0.801,1.03711736339104,0.564489042585211,0.830005525196656
DTLZ2,10,13,11013,"S4_(0.75,1.00]",label_dyn,native,front_final,nondominated,FINAL,21,21,0.602857142857143,0.970992050071553,0.605709769772357,0.966190476190476,1.00540637530977,0.476323074420555,NaN
DTLZ2,10,13,11013,"S4_(0.75,1.00]",label_dyn,native,front_h1,nondominated,H1,21,20,0.602857142857143,0.995032897649788,0.602158275368879,0.994,1.00105516604816,0.560226107669827,NaN
DTLZ2,10,13,11013,"S4_(0.75,1.00]",label_dyn,native,front_h3,nondominated,H3,21,18,0.602857142857143,0.980412108363189,0.601281128369984,0.981111111111111,0.999287667021583,0.502908134708116,NaN
DTLZ2,10,13,11013,"S4_(0.75,1.00]",label_dyn,native,population_final,retention,FINAL,21,21,0.602857142857143,0.750101398874805,0.631016405977566,0.722380952380952,1.0464933970976,0.534485481089342,0.750101398874805
DTLZ2,10,13,11013,"S4_(0.75,1.00]",label_dyn,native,population_h1,retention,H1,21,20,0.602857142857143,0.944327523579522,0.603772159110014,0.9415,1.0032448516894,0.501737270031198,0.944327523579522
DTLZ2,10,13,11013,"S4_(0.75,1.00]",label_dyn,native,population_h3,retention,H3,21,18,0.602857142857143,0.863212678191176,0.609347159560772,0.852777777777778,1.01243552080619,0.526331985467037,0.863212678191176
DTLZ2,10,14,11014,"S1_[0,0.25]",label_dyn,native,front_final,nondominated,FINAL,5,5,0.448,0.423404560555723,0.711796536796537,0.276,1.5853216550891,0.676972680078811,NaN
DTLZ2,10,14,11014,"S1_[0,0.25]",label_dyn,native,front_h1,nondominated,H1,5,5,0.448,0.982100537889574,0.519160364145658,0.854,1.15893596295107,0.714469070961718,NaN
DTLZ2,10,14,11014,"S1_[0,0.25]",label_dyn,native,front_h3,nondominated,H3,5,5,0.448,0.972933871222908,0.518898587391946,0.846,1.15786149418507,0.701877865124544,NaN
DTLZ2,10,14,11014,"S1_[0,0.25]",label_dyn,native,population_final,retention,FINAL,5,5,0.448,0.2100618069638,0.76,0.124,1.70172767431904,0.677892720306513,0.2100618069638
DTLZ2,10,14,11014,"S1_[0,0.25]",label_dyn,native,population_h1,retention,H1,5,5,0.448,0.987585034013605,0.470415056171658,0.94,1.05062385102869,0.687588480466781,0.987585034013605
DTLZ2,10,14,11014,"S1_[0,0.25]",label_dyn,native,population_h3,retention,H3,5,5,0.448,0.945433871222908,0.507401370186629,0.836,1.1314877730302,0.677352645877628,0.945433871222908
DTLZ2,10,14,11014,"S2_(0.25,0.50]",label_dyn,native,front_final,nondominated,FINAL,21,21,0.570952380952381,0.6448768432297,0.613093920615304,0.603809523809524,1.07603996308253,0.553967763099356,NaN
DTLZ2,10,14,11014,"S2_(0.25,0.50]",label_dyn,native,front_h1,nondominated,H1,21,21,0.570952380952381,0.991947771510708,0.57270624984669,0.988571428571428,1.00363084397141,0.485368898579559,NaN
DTLZ2,10,14,11014,"S2_(0.25,0.50]",label_dyn,native,front_h3,nondominated,H3,21,21,0.570952380952381,0.976441143127734,0.57982088531489,0.962380952380952,1.01514092645025,0.636286954378266,NaN
DTLZ2,10,14,11014,"S2_(0.25,0.50]",label_dyn,native,population_final,retention,FINAL,21,21,0.570952380952381,0.277373677653074,0.588720530058539,0.272857142857143,1.03521867873462,0.51008990149124,0.277373677653074
DTLZ2,10,14,11014,"S2_(0.25,0.50]",label_dyn,native,population_h1,retention,H1,21,21,0.570952380952381,0.950451533839207,0.581238126332189,0.933333333333333,1.01837363656453,0.590789131193305,0.950451533839207
DTLZ2,10,14,11014,"S2_(0.25,0.50]",label_dyn,native,population_h3,retention,H3,21,21,0.570952380952381,0.873994368013783,0.598967350248195,0.833333333333333,1.04883754916343,0.585541457436303,0.873994368013783
DTLZ2,10,14,11014,"S3_(0.50,0.75]",label_dyn,native,front_final,nondominated,FINAL,20,20,0.579,0.848609507608403,0.564170358013806,0.87,0.974914426625846,0.443582690890445,NaN
DTLZ2,10,14,11014,"S3_(0.50,0.75]",label_dyn,native,front_h1,nondominated,H1,20,20,0.579,0.994041858678955,0.580720319034074,0.99,1.00420752072578,0.601505217667724,NaN
DTLZ2,10,14,11014,"S3_(0.50,0.75]",label_dyn,native,front_h3,nondominated,H3,20,20,0.579,0.984898365909211,0.583005035681746,0.977,1.00833513981359,0.583268903037982,NaN
DTLZ2,10,14,11014,"S3_(0.50,0.75]",label_dyn,native,population_final,retention,FINAL,20,20,0.579,0.509846506287838,0.581376731794043,0.5085,1.00039079406161,0.504225467689806,0.509846506287838
DTLZ2,10,14,11014,"S3_(0.50,0.75]",label_dyn,native,population_h1,retention,H1,20,20,0.579,0.951014177544889,0.584478145040076,0.9425,1.0094841018039,0.541352528508494,0.951014177544889
DTLZ2,10,14,11014,"S3_(0.50,0.75]",label_dyn,native,population_h3,retention,H3,20,20,0.579,0.878287337733632,0.591024064227935,0.8605,1.02217092151714,0.52769695735945,0.878287337733632
DTLZ2,10,14,11014,"S4_(0.75,1.00]",label_dyn,native,front_final,nondominated,FINAL,21,21,0.61,0.94661930235905,0.606394059178622,0.951904761904762,0.994176296734347,0.445531794780696,NaN
DTLZ2,10,14,11014,"S4_(0.75,1.00]",label_dyn,native,front_h1,nondominated,H1,21,20,0.61,0.993059745265628,0.607926303854875,0.994,0.999001137189746,0.429138321995465,NaN
DTLZ2,10,14,11014,"S4_(0.75,1.00]",label_dyn,native,front_h3,nondominated,H3,21,18,0.61,0.980836382737788,0.605102023963308,0.982222222222222,0.998503549043241,0.440012126048062,NaN
DTLZ2,10,14,11014,"S4_(0.75,1.00]",label_dyn,native,population_final,retention,FINAL,21,21,0.61,0.773594423838424,0.632820371462191,0.746190476190476,1.0378515908071,0.53211957157676,0.773594423838424
DTLZ2,10,14,11014,"S4_(0.75,1.00]",label_dyn,native,population_h1,retention,H1,21,20,0.61,0.958859661583166,0.609562844922068,0.9575,1.00185144975029,0.448805006099334,0.958859661583166
DTLZ2,10,14,11014,"S4_(0.75,1.00]",label_dyn,native,population_h3,retention,H3,21,18,0.61,0.902422243302173,0.608955550559372,0.898888888888889,1.0052359707046,0.45417311216865,0.902422243302173
DTLZ2,10,15,11015,"S1_[0,0.25]",label_dyn,native,front_final,nondominated,FINAL,5,5,0.454,0.205398499609947,0.720454545454545,0.132,1.58031539651308,0.65232798397364,NaN
DTLZ2,10,15,11015,"S1_[0,0.25]",label_dyn,native,front_h1,nondominated,H1,5,5,0.454,0.982180190138216,0.603003462405353,0.744,1.32418724027272,0.785109138025581,NaN
DTLZ2,10,15,11015,"S1_[0,0.25]",label_dyn,native,front_h3,nondominated,H3,5,5,0.454,0.977735745693772,0.622053616831935,0.722,1.36216624320286,0.792630751068297,NaN
DTLZ2,10,15,11015,"S1_[0,0.25]",label_dyn,native,population_final,retention,FINAL,5,5,0.454,0.0394572231169928,0.833333333333333,0.022,1.81782239615972,0.693786380531594,0.0394572231169928
DTLZ2,10,15,11015,"S1_[0,0.25]",label_dyn,native,population_h1,retention,H1,5,5,0.454,1,0.481118180230948,0.944,1.05944532745728,0.740559090115474,1
DTLZ2,10,15,11015,"S1_[0,0.25]",label_dyn,native,population_h3,retention,H3,5,5,0.454,0.996153846153846,0.53538355330788,0.844,1.1806191650708,0.761025109987273,0.996153846153846
DTLZ2,10,15,11015,"S2_(0.25,0.50]",label_dyn,native,front_final,nondominated,FINAL,21,21,0.584761904761905,0.493430365023269,0.666633338621001,0.445238095238095,1.13073194091842,0.567420757819062,NaN
DTLZ2,10,15,11015,"S2_(0.25,0.50]",label_dyn,native,front_h1,nondominated,H1,21,21,0.584761904761905,0.992426111595824,0.59154211194099,0.98047619047619,1.01324612434194,0.603464455633278,NaN
DTLZ2,10,15,11015,"S2_(0.25,0.50]",label_dyn,native,front_h3,nondominated,H3,21,21,0.584761904761905,0.979275037899551,0.594570527260495,0.963333333333333,1.01761874325337,0.579061643547458,NaN
DTLZ2,10,15,11015,"S2_(0.25,0.50]",label_dyn,native,population_final,retention,FINAL,21,21,0.584761904761905,0.0711672363240265,0.68318216175359,0.0671428571428572,1.11979744715768,0.551459052688827,0.0711672363240265
DTLZ2,10,15,11015,"S2_(0.25,0.50]",label_dyn,native,population_h1,retention,H1,21,21,0.584761904761905,0.963164542757594,0.597053869157031,0.943333333333333,1.02111572517351,0.604989519612529,0.963164542757594
DTLZ2,10,15,11015,"S2_(0.25,0.50]",label_dyn,native,population_h3,retention,H3,21,21,0.584761904761905,0.891288471687698,0.612132022188628,0.851428571428572,1.04714035621625,0.590234950620396,0.891288471687698
DTLZ2,10,15,11015,"S3_(0.50,0.75]",label_dyn,native,front_final,nondominated,FINAL,20,20,0.5105,0.777256234695643,0.562297610587426,0.709,1.10055702194274,0.599409701480291,NaN
DTLZ2,10,15,11015,"S3_(0.50,0.75]",label_dyn,native,front_h1,nondominated,H1,20,20,0.5105,0.989804698119915,0.514383555110465,0.982,1.00824352323874,0.566772443999354,NaN
DTLZ2,10,15,11015,"S3_(0.50,0.75]",label_dyn,native,front_h3,nondominated,H3,20,20,0.5105,0.963433491415032,0.519918695020277,0.946,1.01932446205283,0.538668424610531,NaN
DTLZ2,10,15,11015,"S3_(0.50,0.75]",label_dyn,native,population_final,retention,FINAL,20,20,0.5105,0.297419674407653,0.618382955659657,0.232,1.22717995894016,0.576026748352043,0.297419674407653
DTLZ2,10,15,11015,"S3_(0.50,0.75]",label_dyn,native,population_h1,retention,H1,20,20,0.5105,0.93578604039483,0.517816060285033,0.922,1.01604121029135,0.508019682379169,0.93578604039483
DTLZ2,10,15,11015,"S3_(0.50,0.75]",label_dyn,native,population_h3,retention,H3,20,20,0.5105,0.820324510209983,0.528438523580589,0.7915,1.0383825545229,0.537153515989995,0.820324510209983
DTLZ2,10,15,11015,"S4_(0.75,1.00]",label_dyn,native,front_final,nondominated,FINAL,21,21,0.391428571428571,0.982931466270295,0.395385932447067,0.972857142857143,1.01048761396064,0.584208958276129,NaN
DTLZ2,10,15,11015,"S4_(0.75,1.00]",label_dyn,native,front_h1,nondominated,H1,21,20,0.391428571428571,0.994686920553416,0.389820758606473,0.9965,0.998148020245948,0.438641517212946,NaN
DTLZ2,10,15,11015,"S4_(0.75,1.00]",label_dyn,native,front_h3,nondominated,H3,21,18,0.391428571428571,0.987142237537796,0.387752697038411,0.99,0.997075889495311,0.466231189445475,NaN
DTLZ2,10,15,11015,"S4_(0.75,1.00]",label_dyn,native,population_final,retention,FINAL,21,21,0.391428571428571,0.742694105657023,0.4281528493933,0.69,1.0975445968608,0.529996617384931,0.742694105657023
DTLZ2,10,15,11015,"S4_(0.75,1.00]",label_dyn,native,population_h1,retention,H1,21,20,0.391428571428571,0.960890702943946,0.392246809891484,0.957,1.00447882146971,0.498623404945742,0.960890702943946
DTLZ2,10,15,11015,"S4_(0.75,1.00]",label_dyn,native,population_h3,retention,H3,21,18,0.391428571428571,0.890981007365936,0.395349073275737,0.876111111111111,1.01770719019063,0.519302740496465,0.890981007365936
DTLZ2,10,16,11016,"S1_[0,0.25]",label_dyn,native,front_final,nondominated,FINAL,5,5,0.524,0.226644198363024,0.753805347970108,0.148,1.54565490362726,0.634100147501053,NaN
DTLZ2,10,16,11016,"S1_[0,0.25]",label_dyn,native,front_h1,nondominated,H1,5,5,0.524,0.932817097309153,0.657884849858534,0.73,1.28422494023817,0.748649384636227,NaN
DTLZ2,10,16,11016,"S1_[0,0.25]",label_dyn,native,front_h3,nondominated,H3,5,5,0.524,0.887800246081421,0.659072145604653,0.69,1.29058318880331,0.715305008755086,NaN
DTLZ2,10,16,11016,"S1_[0,0.25]",label_dyn,native,population_final,retention,FINAL,5,5,0.524,0.0284994382924089,0.7,0.02,1.25292890386776,0.59020748724357,0.0284994382924089
DTLZ2,10,16,11016,"S1_[0,0.25]",label_dyn,native,population_h1,retention,H1,5,5,0.524,0.978863745787193,0.543973558433549,0.936,1.04601865712469,0.655320112550108,0.978863745787193
DTLZ2,10,16,11016,"S1_[0,0.25]",label_dyn,native,population_h3,retention,H3,5,5,0.524,0.923688011555128,0.565263077314382,0.838,1.10279905064801,0.623742649768302,0.923688011555128
DTLZ2,10,16,11016,"S2_(0.25,0.50]",label_dyn,native,front_final,nondominated,FINAL,21,21,0.447619047619048,0.578835476679328,0.545360084976016,0.485714285714286,1.23465204997885,0.586118998407177,NaN
DTLZ2,10,16,11016,"S2_(0.25,0.50]",label_dyn,native,front_h1,nondominated,H1,21,21,0.447619047619048,0.970475696816876,0.475855932172104,0.913809523809524,1.06938011644836,0.60531884949017,NaN
DTLZ2,10,16,11016,"S2_(0.25,0.50]",label_dyn,native,front_h3,nondominated,H3,21,21,0.447619047619048,0.921533505870971,0.481355510516497,0.860952380952381,1.08403918429463,0.569715368831555,NaN
DTLZ2,10,16,11016,"S2_(0.25,0.50]",label_dyn,native,population_final,retention,FINAL,21,21,0.447619047619048,0.16968327976646,0.631013586475771,0.119047619047619,1.42250028125914,0.604577991469633,0.16968327976646
DTLZ2,10,16,11016,"S2_(0.25,0.50]",label_dyn,native,population_h1,retention,H1,21,21,0.447619047619048,0.970025946429237,0.467806529550304,0.926666666666666,1.04748504233102,0.637587366621018,0.970025946429237
DTLZ2,10,16,11016,"S2_(0.25,0.50]",label_dyn,native,population_h3,retention,H3,21,21,0.447619047619048,0.901818236764313,0.488577028871089,0.822380952380952,1.09660497430255,0.61681530136787,0.901818236764313
DTLZ2,10,16,11016,"S3_(0.50,0.75]",label_dyn,native,front_final,nondominated,FINAL,20,20,0.5965,0.843995366294513,0.605902010678468,0.8275,1.02235816202827,0.518725836251953,NaN
DTLZ2,10,16,11016,"S3_(0.50,0.75]",label_dyn,native,front_h1,nondominated,H1,20,20,0.5965,0.996103929755982,0.598919391483221,0.992,1.00422579552958,0.665280805351727,NaN
DTLZ2,10,16,11016,"S3_(0.50,0.75]",label_dyn,native,front_h3,nondominated,H3,20,20,0.5965,0.982960558935981,0.601168663266218,0.976,1.00725153222691,0.626760368481232,NaN
DTLZ2,10,16,11016,"S3_(0.50,0.75]",label_dyn,native,population_final,retention,FINAL,20,20,0.5965,0.383656409853755,0.691092062855782,0.3365,1.1796363968039,0.566078699778254,0.383656409853755
DTLZ2,10,16,11016,"S3_(0.50,0.75]",label_dyn,native,population_h1,retention,H1,20,20,0.5965,0.953626879186451,0.613316076463763,0.927,1.03022597126453,0.595517165216008,0.953626879186451
DTLZ2,10,16,11016,"S3_(0.50,0.75]",label_dyn,native,population_h3,retention,H3,20,20,0.5965,0.875890177872296,0.636357357410925,0.821,1.0699989100261,0.595564831662562,0.875890177872296
DTLZ2,10,16,11016,"S4_(0.75,1.00]",label_dyn,native,front_final,nondominated,FINAL,21,21,0.599047619047619,0.982915430280952,0.603290590904992,0.976190476190476,1.00693583906357,0.584326918768653,NaN
DTLZ2,10,16,11016,"S4_(0.75,1.00]",label_dyn,native,front_h1,nondominated,H1,21,20,0.599047619047619,0.999137931034483,0.6126875,0.998,1.00118534482759,0.671875,NaN
DTLZ2,10,16,11016,"S4_(0.75,1.00]",label_dyn,native,front_h3,nondominated,H3,21,18,0.599047619047619,0.997190293742018,0.61445804696449,0.994444444444445,1.0028443503048,0.648929696449026,NaN
DTLZ2,10,16,11016,"S4_(0.75,1.00]",label_dyn,native,population_final,retention,FINAL,21,21,0.599047619047619,0.80025234040707,0.612277910253138,0.787619047619048,1.02170585175054,0.512019818037035,0.80025234040707
DTLZ2,10,16,11016,"S4_(0.75,1.00]",label_dyn,native,population_h1,retention,H1,21,20,0.599047619047619,0.963069298801808,0.611765476177611,0.9635,0.999719538785124,0.488658135717154,0.963069298801808
DTLZ2,10,16,11016,"S4_(0.75,1.00]",label_dyn,native,population_h3,retention,H3,21,18,0.599047619047619,0.896547621986874,0.610752760839148,0.899444444444444,0.99693163478609,0.486717687747724,0.896547621986874
DTLZ2,10,17,11017,"S1_[0,0.25]",label_dyn,native,front_final,nondominated,FINAL,5,5,0.386,0.164936575052854,0.815555555555555,0.078,2.13219403335682,0.732360456514992,NaN
DTLZ2,10,17,11017,"S1_[0,0.25]",label_dyn,native,front_h1,nondominated,H1,5,5,0.386,0.792060136246183,0.536230159744556,0.574,1.38393001923818,0.674030217863423,NaN
DTLZ2,10,17,11017,"S1_[0,0.25]",label_dyn,native,front_h3,nondominated,H3,5,5,0.386,0.704015738783181,0.544458714838806,0.502,1.40769651269106,0.657007917578914,NaN
DTLZ2,10,17,11017,"S1_[0,0.25]",label_dyn,native,population_final,retention,FINAL,5,5,0.386,0.100119802677942,0.8,0.048,2.09330514446793,0.717280701754386,0.100119802677942
DTLZ2,10,17,11017,"S1_[0,0.25]",label_dyn,native,population_h1,retention,H1,5,5,0.386,0.988682170542636,0.404636058230683,0.944,1.0473623445055,0.665651362448675,0.988682170542636
DTLZ2,10,17,11017,"S1_[0,0.25]",label_dyn,native,population_h3,retention,H3,5,5,0.386,0.934728682170543,0.433499038169485,0.836,1.11840011992469,0.642705401437683,0.934728682170543
DTLZ2,10,17,11017,"S2_(0.25,0.50]",label_dyn,native,front_final,nondominated,FINAL,21,21,0.47952380952381,0.504886640020324,0.597630739254544,0.413333333333333,1.25916236737397,0.598842398310138,NaN
DTLZ2,10,17,11017,"S2_(0.25,0.50]",label_dyn,native,front_h1,nondominated,H1,21,21,0.47952380952381,0.949494478957189,0.514272569877597,0.893333333333333,1.07607705614627,0.669815955524562,NaN
DTLZ2,10,17,11017,"S2_(0.25,0.50]",label_dyn,native,front_h3,nondominated,H3,21,21,0.47952380952381,0.922470792922129,0.513442359734349,0.868095238095238,1.07421398964734,0.611667483762252,NaN
DTLZ2,10,17,11017,"S2_(0.25,0.50]",label_dyn,native,population_final,retention,FINAL,21,21,0.47952380952381,0.230234523410296,0.779879962400682,0.145714285714286,1.65156391419144,0.673953453868149,0.230234523410296
DTLZ2,10,17,11017,"S2_(0.25,0.50]",label_dyn,native,population_h1,retention,H1,21,21,0.47952380952381,0.966640309514736,0.495800948535346,0.933809523809523,1.03554838401836,0.615761977843463,0.966640309514736
DTLZ2,10,17,11017,"S2_(0.25,0.50]",label_dyn,native,population_h3,retention,H3,21,21,0.47952380952381,0.892063687354646,0.520186004081235,0.82,1.08910408564696,0.609470523977294,0.892063687354646
DTLZ2,10,17,11017,"S3_(0.50,0.75]",label_dyn,native,front_final,nondominated,FINAL,20,20,0.529,0.856649032304117,0.564332268388454,0.804,1.06972599494402,0.585338709703009,NaN
DTLZ2,10,17,11017,"S3_(0.50,0.75]",label_dyn,native,front_h1,nondominated,H1,20,20,0.529,0.993407366318375,0.532077192259661,0.988,1.00586787299607,0.638376517013966,NaN
DTLZ2,10,17,11017,"S3_(0.50,0.75]",label_dyn,native,front_h3,nondominated,H3,20,20,0.529,0.978744032136249,0.537048516559501,0.964,1.01612151306678,0.622662859813563,NaN
DTLZ2,10,17,11017,"S3_(0.50,0.75]",label_dyn,native,population_final,retention,FINAL,20,20,0.529,0.484913387597677,0.622250210390961,0.42,1.18344441510242,0.573913470943034,0.484913387597677
DTLZ2,10,17,11017,"S3_(0.50,0.75]",label_dyn,native,population_h1,retention,H1,20,20,0.529,0.949066701107615,0.536382933012572,0.9355,1.0153091931044,0.535939482379302,0.949066701107615
DTLZ2,10,17,11017,"S3_(0.50,0.75]",label_dyn,native,population_h3,retention,H3,20,20,0.529,0.879492845903483,0.543752468404708,0.855,1.02985403315183,0.540343280441139,0.879492845903483
DTLZ2,10,17,11017,"S4_(0.75,1.00]",label_dyn,native,front_final,nondominated,FINAL,21,21,0.574285714285714,0.952951667062362,0.593108893974095,0.922857142857143,1.03290849501589,0.626854391558623,NaN
DTLZ2,10,17,11017,"S4_(0.75,1.00]",label_dyn,native,front_h1,nondominated,H1,21,20,0.574285714285714,0.993912596646378,0.571403094696173,0.995,0.998908334726125,0.405337754327866,NaN
DTLZ2,10,17,11017,"S4_(0.75,1.00]",label_dyn,native,front_h3,nondominated,H3,21,18,0.574285714285714,0.985485902366706,0.567200462086324,0.986666666666667,0.998845154450633,0.417549037854634,NaN
DTLZ2,10,17,11017,"S4_(0.75,1.00]",label_dyn,native,population_final,retention,FINAL,21,21,0.574285714285714,0.753753595042386,0.585062330170546,0.74,1.01861257152072,0.521760456211943,0.753753595042386
DTLZ2,10,17,11017,"S4_(0.75,1.00]",label_dyn,native,population_h1,retention,H1,21,20,0.574285714285714,0.961369785173459,0.570543180269931,0.964,0.997273861761811,0.483224480843823,0.961369785173459
DTLZ2,10,17,11017,"S4_(0.75,1.00]",label_dyn,native,population_h3,retention,H3,21,18,0.574285714285714,0.898384348681556,0.566938660539065,0.9,0.998528034665895,0.489839079347615,0.898384348681556
DTLZ2,10,18,11018,"S1_[0,0.25]",label_dyn,native,front_final,nondominated,FINAL,5,5,0.474,0.190050938249696,0.750454545454545,0.124,1.59700674296948,0.655601911546694,NaN
DTLZ2,10,18,11018,"S1_[0,0.25]",label_dyn,native,front_h1,nondominated,H1,5,5,0.474,0.921475401754905,0.552205199548423,0.79,1.17140851929058,0.682388583342142,NaN
DTLZ2,10,18,11018,"S1_[0,0.25]",label_dyn,native,front_h3,nondominated,H3,5,5,0.474,0.908142068421572,0.558157791259409,0.77,1.18232186706836,0.685869846614204,NaN
DTLZ2,10,18,11018,"S1_[0,0.25]",label_dyn,native,population_final,retention,FINAL,5,5,0.474,0.143369647375859,0.805454545454545,0.086,1.71364450479357,0.680370690240765,0.143369647375859
DTLZ2,10,18,11018,"S1_[0,0.25]",label_dyn,native,population_h1,retention,H1,5,5,0.474,0.991485507246377,0.497894736842105,0.944,1.05029253290488,0.715614035087719,0.991485507246377
DTLZ2,10,18,11018,"S1_[0,0.25]",label_dyn,native,population_h3,retention,H3,5,5,0.474,0.959992934371816,0.544406196213425,0.834,1.15109324873849,0.711908980459654,0.959992934371816
DTLZ2,10,18,11018,"S2_(0.25,0.50]",label_dyn,native,front_final,nondominated,FINAL,21,21,0.524761904761905,0.350127303532633,0.590482067921526,0.317142857142857,1.14290725650329,0.542456704505318,NaN
DTLZ2,10,18,11018,"S2_(0.25,0.50]",label_dyn,native,front_h1,nondominated,H1,21,21,0.524761904761905,0.964049457130862,0.526220086309035,0.962380952380952,1.00153743600023,0.530786877093084,NaN
DTLZ2,10,18,11018,"S2_(0.25,0.50]",label_dyn,native,front_h3,nondominated,H3,21,21,0.524761904761905,0.928683838913231,0.530115921991343,0.919523809523809,1.00984039369177,0.506664438437078,NaN
DTLZ2,10,18,11018,"S2_(0.25,0.50]",label_dyn,native,population_final,retention,FINAL,21,21,0.524761904761905,0.235336083026807,0.657145110279545,0.191904761904762,1.27347738257257,0.578970381402072,0.235336083026807
DTLZ2,10,18,11018,"S2_(0.25,0.50]",label_dyn,native,population_h1,retention,H1,21,21,0.524761904761905,0.952806133545479,0.531464351853906,0.941904761904762,1.01135556811746,0.56505190381811,0.952806133545479
DTLZ2,10,18,11018,"S2_(0.25,0.50]",label_dyn,native,population_h3,retention,H3,21,21,0.524761904761905,0.877142854387196,0.54147567481885,0.849047619047619,1.03262955922928,0.56016615729993,0.877142854387196
DTLZ2,10,18,11018,"S3_(0.50,0.75]",label_dyn,native,front_final,nondominated,FINAL,20,20,0.4725,0.709262330454177,0.556199770465233,0.596,1.1824070838361,0.613448150805223,NaN
DTLZ2,10,18,11018,"S3_(0.50,0.75]",label_dyn,native,front_h1,nondominated,H1,20,20,0.4725,0.991609334350216,0.472435549477523,0.992,0.999626984654406,0.43658610351357,NaN
DTLZ2,10,18,11018,"S3_(0.50,0.75]",label_dyn,native,front_h3,nondominated,H3,20,20,0.4725,0.981521047048984,0.474288424434637,0.9775,1.00422928109822,0.499128790892933,NaN
DTLZ2,10,18,11018,"S3_(0.50,0.75]",label_dyn,native,population_final,retention,FINAL,20,20,0.4725,0.465745934717685,0.6132892879034,0.355,1.30422616371665,0.610999361630822,0.465745934717685
DTLZ2,10,18,11018,"S3_(0.50,0.75]",label_dyn,native,population_h1,retention,H1,20,20,0.4725,0.963168892493763,0.48151853484968,0.947,1.01797771844104,0.534925934091506,0.963168892493763
DTLZ2,10,18,11018,"S3_(0.50,0.75]",label_dyn,native,population_h3,retention,H3,20,20,0.4725,0.906923014526448,0.497531276092897,0.865,1.05071219042453,0.575124348780159,0.906923014526448
DTLZ2,10,18,11018,"S4_(0.75,1.00]",label_dyn,native,front_final,nondominated,FINAL,21,21,0.515714285714286,0.909062655822483,0.557865668973821,0.842380952380953,1.08497352228011,0.623833665557948,NaN
DTLZ2,10,18,11018,"S4_(0.75,1.00]",label_dyn,native,front_h1,nondominated,H1,21,20,0.515714285714286,0.994880727231501,0.520501546286204,0.985,1.01046268828038,0.672223627936953,NaN
DTLZ2,10,18,11018,"S4_(0.75,1.00]",label_dyn,native,front_h3,nondominated,H3,21,18,0.515714285714286,0.980811342599771,0.53406693847753,0.955,1.02779281317115,0.653144580349876,NaN
DTLZ2,10,18,11018,"S4_(0.75,1.00]",label_dyn,native,population_final,retention,FINAL,21,21,0.515714285714286,0.726290096655807,0.623436720038064,0.610952380952381,1.21370827478772,0.645622803994344,0.726290096655807
DTLZ2,10,18,11018,"S4_(0.75,1.00]",label_dyn,native,population_h1,retention,H1,21,20,0.515714285714286,0.965823848575793,0.530767107101155,0.939,1.03119685747783,0.616951013868038,0.965823848575793
DTLZ2,10,18,11018,"S4_(0.75,1.00]",label_dyn,native,population_h3,retention,H3,21,18,0.515714285714286,0.903219616194562,0.553922397472222,0.850555555555556,1.06646348170698,0.59635089381801,0.903219616194562
DTLZ2,10,19,11019,"S1_[0,0.25]",label_dyn,native,front_final,nondominated,FINAL,5,5,0.438,0.275848608796647,0.669685990338164,0.184,1.54264974979392,0.64036669256962,NaN
DTLZ2,10,19,11019,"S1_[0,0.25]",label_dyn,native,front_h1,nondominated,H1,5,5,0.438,0.990238095238095,0.519056947325084,0.836,1.19193197215499,0.749100666175911,NaN
DTLZ2,10,19,11019,"S1_[0,0.25]",label_dyn,native,front_h3,nondominated,H3,5,5,0.438,0.935968742109781,0.532478305560497,0.768,1.22074255723568,0.703134712936678,NaN
DTLZ2,10,19,11019,"S1_[0,0.25]",label_dyn,native,population_final,retention,FINAL,5,5,0.438,0.0323356057163056,0.7,0.022,1.64908852194112,0.633107426038207,0.0323356057163056
DTLZ2,10,19,11019,"S1_[0,0.25]",label_dyn,native,population_h1,retention,H1,5,5,0.438,0.990238095238095,0.463829787234043,0.936,1.0580701290692,0.698581560283688,0.990238095238095
DTLZ2,10,19,11019,"S1_[0,0.25]",label_dyn,native,population_h3,retention,H3,5,5,0.438,0.956316568196738,0.504819277108434,0.828,1.15505725370806,0.693912906528073,0.956316568196738
DTLZ2,10,19,11019,"S2_(0.25,0.50]",label_dyn,native,front_final,nondominated,FINAL,21,21,0.549047619047619,0.649985291182524,0.66759817125858,0.540952380952381,1.22381121888301,0.626531438386029,NaN
DTLZ2,10,19,11019,"S2_(0.25,0.50]",label_dyn,native,front_h1,nondominated,H1,21,21,0.549047619047619,0.976737145753318,0.559715626395216,0.958095238095238,1.02125420777181,0.613238242225495,NaN
DTLZ2,10,19,11019,"S2_(0.25,0.50]",label_dyn,native,front_h3,nondominated,H3,21,21,0.549047619047619,0.953214920829262,0.563827657450756,0.928095238095238,1.02935941690888,0.551603525488537,NaN
DTLZ2,10,19,11019,"S2_(0.25,0.50]",label_dyn,native,population_final,retention,FINAL,21,21,0.549047619047619,0.200383235684365,0.778587940308418,0.140952380952381,1.4336359332448,0.633572829984244,0.200383235684365
DTLZ2,10,19,11019,"S2_(0.25,0.50]",label_dyn,native,population_h1,retention,H1,21,21,0.549047619047619,0.957683294760094,0.5585502871717,0.94,1.01900837611445,0.579664701118265,0.957683294760094
DTLZ2,10,19,11019,"S2_(0.25,0.50]",label_dyn,native,population_h3,retention,H3,21,21,0.549047619047619,0.88330213187321,0.571290459250801,0.846190476190476,1.04459011500292,0.568231560276746,0.88330213187321
DTLZ2,10,19,11019,"S3_(0.50,0.75]",label_dyn,native,front_final,nondominated,FINAL,20,20,0.512,0.791988048039449,0.543857241966021,0.7525,1.05608246583447,0.55039622381769,NaN
DTLZ2,10,19,11019,"S3_(0.50,0.75]",label_dyn,native,front_h1,nondominated,H1,20,20,0.512,0.991831944114855,0.513932388867172,0.9885,1.00364707453236,0.536582152750631,NaN
DTLZ2,10,19,11019,"S3_(0.50,0.75]",label_dyn,native,front_h3,nondominated,H3,20,20,0.512,0.976268713078842,0.517450345720532,0.967,1.00997891042849,0.577208549408666,NaN
DTLZ2,10,19,11019,"S3_(0.50,0.75]",label_dyn,native,population_final,retention,FINAL,20,20,0.512,0.386754453229754,0.643886289214037,0.31,1.26261966328399,0.593616150747134,0.386754453229754
DTLZ2,10,19,11019,"S3_(0.50,0.75]",label_dyn,native,population_h1,retention,H1,20,20,0.512,0.918014280100752,0.509910748293651,0.9215,0.996472354849964,0.480710311289146,0.918014280100752
DTLZ2,10,19,11019,"S3_(0.50,0.75]",label_dyn,native,population_h3,retention,H3,20,20,0.512,0.819023171470584,0.515330857397062,0.8105,1.00985447288233,0.514762281020927,0.819023171470584
DTLZ2,10,19,11019,"S4_(0.75,1.00]",label_dyn,native,front_final,nondominated,FINAL,21,21,0.499047619047619,0.931177301609536,0.48893488294106,0.95047619047619,0.979395174832733,0.405119384972628,NaN
DTLZ2,10,19,11019,"S4_(0.75,1.00]",label_dyn,native,front_h1,nondominated,H1,21,20,0.499047619047619,0.993998505926698,0.494736177257532,0.9955,0.998460323403867,0.438805687848398,NaN
DTLZ2,10,19,11019,"S4_(0.75,1.00]",label_dyn,native,front_h3,nondominated,H3,21,18,0.499047619047619,0.989185162663424,0.495949403330356,0.992777777777778,0.99632834001364,0.401220661424743,NaN
DTLZ2,10,19,11019,"S4_(0.75,1.00]",label_dyn,native,population_final,retention,FINAL,21,21,0.499047619047619,0.708683882801905,0.509441274172761,0.693333333333333,1.0211483172614,0.532528535640056,0.708683882801905
DTLZ2,10,19,11019,"S4_(0.75,1.00]",label_dyn,native,population_h1,retention,H1,21,20,0.499047619047619,0.952023113598441,0.49429625452594,0.954,0.998404639040373,0.473120349485192,0.952023113598441
DTLZ2,10,19,11019,"S4_(0.75,1.00]",label_dyn,native,population_h3,retention,H3,21,18,0.499047619047619,0.888661567203922,0.496354131049235,0.891666666666666,0.998372784977704,0.465892453401142,0.888661567203922
DTLZ2,10,20,11020,"S1_[0,0.25]",label_dyn,native,front_final,nondominated,FINAL,5,5,0.502,0.446240146490699,0.691014957264957,0.326,1.39465923620308,0.636791886059606,NaN
DTLZ2,10,20,11020,"S1_[0,0.25]",label_dyn,native,front_h1,nondominated,H1,5,5,0.502,0.985236149259731,0.595507424542876,0.832,1.1893328211371,0.774783626801352,NaN
DTLZ2,10,20,11020,"S1_[0,0.25]",label_dyn,native,front_h3,nondominated,H3,5,5,0.502,0.980888323172774,0.600811232365318,0.822,1.20011126873252,0.77477958529347,NaN
DTLZ2,10,20,11020,"S1_[0,0.25]",label_dyn,native,population_final,retention,FINAL,5,5,0.502,0.0796105491168129,0.736666666666667,0.054,1.47998258189857,0.624011991414707,0.0796105491168129
DTLZ2,10,20,11020,"S1_[0,0.25]",label_dyn,native,population_h1,retention,H1,5,5,0.502,0.996610169491525,0.533567359657238,0.938,1.06253089409895,0.754283679828619,0.996610169491525
DTLZ2,10,20,11020,"S1_[0,0.25]",label_dyn,native,population_h3,retention,H3,5,5,0.502,0.980888323172774,0.588776339216262,0.836,1.17339574164045,0.764845685948001,0.980888323172774
DTLZ2,10,20,11020,"S2_(0.25,0.50]",label_dyn,native,front_final,nondominated,FINAL,21,21,0.59,0.701396859960086,0.67853180631061,0.60952380952381,1.15410148146493,0.616802019643848,NaN
DTLZ2,10,20,11020,"S2_(0.25,0.50]",label_dyn,native,front_h1,nondominated,H1,21,21,0.59,0.994953109138651,0.59124856727029,0.992380952380952,1.00267158947558,0.523777612810198,NaN
DTLZ2,10,20,11020,"S2_(0.25,0.50]",label_dyn,native,front_h3,nondominated,H3,21,21,0.59,0.983331960010644,0.592292131707612,0.979047619047619,1.00444788023949,0.560885765447375,NaN
DTLZ2,10,20,11020,"S2_(0.25,0.50]",label_dyn,native,population_final,retention,FINAL,21,21,0.59,0.186200179039563,0.708281042143271,0.153333333333333,1.20943269516704,0.570393005963902,0.186200179039563
DTLZ2,10,20,11020,"S2_(0.25,0.50]",label_dyn,native,population_h1,retention,H1,21,21,0.59,0.956916885932011,0.606231364213959,0.930952380952381,1.02825478411687,0.617259673036685,0.956916885932011
DTLZ2,10,20,11020,"S2_(0.25,0.50]",label_dyn,native,population_h3,retention,H3,21,21,0.59,0.89108805034243,0.629582119730576,0.833333333333333,1.0698266349231,0.617378624106747,0.89108805034243
DTLZ2,10,20,11020,"S3_(0.50,0.75]",label_dyn,native,front_final,nondominated,FINAL,20,20,0.5435,0.915383691963531,0.620114687327771,0.8,1.145896214321,0.707445358638571,NaN
DTLZ2,10,20,11020,"S3_(0.50,0.75]",label_dyn,native,front_h1,nondominated,H1,20,20,0.5435,0.996176472928353,0.544091733663162,0.995,1.00119992943719,0.537614667078953,NaN
DTLZ2,10,20,11020,"S3_(0.50,0.75]",label_dyn,native,front_h3,nondominated,H3,20,20,0.5435,0.988238158769541,0.545047987767428,0.9855,1.00286249607202,0.498476436289396,NaN
DTLZ2,10,20,11020,"S3_(0.50,0.75]",label_dyn,native,population_final,retention,FINAL,20,20,0.5435,0.392261346869312,0.683565783681507,0.312,1.26541483086495,0.602059879998714,0.392261346869312
DTLZ2,10,20,11020,"S3_(0.50,0.75]",label_dyn,native,population_h1,retention,H1,20,20,0.5435,0.956556158018912,0.55330745090533,0.942,1.01646762045321,0.553369995293934,0.956556158018912
DTLZ2,10,20,11020,"S3_(0.50,0.75]",label_dyn,native,population_h3,retention,H3,20,20,0.5435,0.883098246527049,0.559715008282107,0.859,1.02937480036637,0.548621860155409,0.883098246527049
DTLZ2,10,20,11020,"S4_(0.75,1.00]",label_dyn,native,front_final,nondominated,FINAL,21,21,0.454761904761905,0.975156175525071,0.464434127690264,0.958571428571429,1.01796667791366,0.585712676778756,NaN
DTLZ2,10,20,11020,"S4_(0.75,1.00]",label_dyn,native,front_h1,nondominated,H1,21,20,0.454761904761905,0.998780487804878,0.45931684188827,0.997,1.00181908683651,0.595792104720676,NaN
DTLZ2,10,20,11020,"S4_(0.75,1.00]",label_dyn,native,front_h3,nondominated,H3,21,18,0.454761904761905,0.995865471475228,0.466793330126663,0.99,1.00599343301627,0.601761664261664,NaN
DTLZ2,10,20,11020,"S4_(0.75,1.00]",label_dyn,native,population_final,retention,FINAL,21,21,0.454761904761905,0.642672629711711,0.500984821241768,0.588571428571429,1.10535653830689,0.551430070050214,0.642672629711711
DTLZ2,10,20,11020,"S4_(0.75,1.00]",label_dyn,native,population_h1,retention,H1,21,20,0.454761904761905,0.936904253465045,0.456970143039382,0.9395,0.997082906684409,0.466639382486502,0.936904253465045
DTLZ2,10,20,11020,"S4_(0.75,1.00]",label_dyn,native,population_h3,retention,H3,21,18,0.454761904761905,0.832943289748864,0.462109409583581,0.837777777777778,0.993792395997381,0.495550818246237,0.832943289748864
DTLZ2,10,21,11021,"S1_[0,0.25]",label_dyn,native,front_final,nondominated,FINAL,5,5,0.454,0.317278911564626,0.909508547008547,0.158,2.02830106401535,0.770257497502031,NaN
DTLZ2,10,21,11021,"S1_[0,0.25]",label_dyn,native,front_h1,nondominated,H1,5,5,0.454,0.986122448979592,0.499801118413891,0.894,1.10625052900432,0.722366981673368,NaN
DTLZ2,10,21,11021,"S1_[0,0.25]",label_dyn,native,front_h3,nondominated,H3,5,5,0.454,0.977959183673469,0.532721354443732,0.834,1.17386614639274,0.737771904883094,NaN
DTLZ2,10,21,11021,"S1_[0,0.25]",label_dyn,native,population_final,retention,FINAL,5,5,0.454,0.155192743764172,0.971428571428572,0.072,2.15873015873016,0.778783476925132,0.155192743764172
DTLZ2,10,21,11021,"S1_[0,0.25]",label_dyn,native,population_h1,retention,H1,5,5,0.454,0.991836734693878,0.484612814833302,0.93,1.06716466770148,0.719687359797603,0.991836734693878
DTLZ2,10,21,11021,"S1_[0,0.25]",label_dyn,native,population_h3,retention,H3,5,5,0.454,0.977959183673469,0.531086337256902,0.836,1.16993711489823,0.736217833231134,0.977959183673469
DTLZ2,10,21,11021,"S2_(0.25,0.50]",label_dyn,native,front_final,nondominated,FINAL,21,21,0.52952380952381,0.511720111098134,0.76350637899517,0.357619047619048,1.45786596765393,0.681432062255963,NaN
DTLZ2,10,21,11021,"S2_(0.25,0.50]",label_dyn,native,front_h1,nondominated,H1,21,21,0.52952380952381,0.99143657642257,0.533320335411769,0.984761904761905,1.00724682260598,0.524664552744557,NaN
DTLZ2,10,21,11021,"S2_(0.25,0.50]",label_dyn,native,front_h3,nondominated,H3,21,21,0.52952380952381,0.973538918833513,0.539967120705325,0.954761904761905,1.02102197519046,0.526549449437007,NaN
DTLZ2,10,21,11021,"S2_(0.25,0.50]",label_dyn,native,population_final,retention,FINAL,21,21,0.52952380952381,0.204654623157233,0.899299113584828,0.12047619047619,1.73024086646759,0.709253084968464,0.204654623157233
DTLZ2,10,21,11021,"S2_(0.25,0.50]",label_dyn,native,population_h1,retention,H1,21,21,0.52952380952381,0.94341021476636,0.538863133081269,0.926666666666667,1.01831841568653,0.559873298789089,0.94341021476636
DTLZ2,10,21,11021,"S2_(0.25,0.50]",label_dyn,native,population_h3,retention,H3,21,21,0.52952380952381,0.853949616556953,0.551774371422154,0.817142857142857,1.04648896764227,0.555238701747376,0.853949616556953
DTLZ2,10,21,11021,"S3_(0.50,0.75]",label_dyn,native,front_final,nondominated,FINAL,20,20,0.5365,0.775785296038173,0.596138109638262,0.708,1.11280767201878,0.584018592825354,NaN
DTLZ2,10,21,11021,"S3_(0.50,0.75]",label_dyn,native,front_h1,nondominated,H1,20,20,0.5365,0.981671435817243,0.538978659323922,0.9775,1.00466876774405,0.507864611485663,NaN
DTLZ2,10,21,11021,"S3_(0.50,0.75]",label_dyn,native,front_h3,nondominated,H3,20,20,0.5365,0.956570114775149,0.550899595658373,0.934,1.02743800717374,0.562262188582261,NaN
DTLZ2,10,21,11021,"S3_(0.50,0.75]",label_dyn,native,population_final,retention,FINAL,20,20,0.5365,0.381716850904458,0.734319076658751,0.283,1.3758881123926,0.636148814328986,0.381716850904458
DTLZ2,10,21,11021,"S3_(0.50,0.75]",label_dyn,native,population_h1,retention,H1,20,20,0.5365,0.946017124752498,0.549020913055686,0.925,1.02407120247803,0.573543576185963,0.946017124752498
DTLZ2,10,21,11021,"S3_(0.50,0.75]",label_dyn,native,population_h3,retention,H3,20,20,0.5365,0.869885546800659,0.573627899902603,0.8145,1.0713112000302,0.594119574799749,0.869885546800659
DTLZ2,10,21,11021,"S4_(0.75,1.00]",label_dyn,native,front_final,nondominated,FINAL,21,21,0.61,0.915661049174708,0.60447665971732,0.923809523809524,0.990943755487072,0.474580009976165,NaN
DTLZ2,10,21,11021,"S4_(0.75,1.00]",label_dyn,native,front_h1,nondominated,H1,21,20,0.61,0.991884566272185,0.609021633333121,0.9925,0.999374987527102,0.468188299999787,NaN
DTLZ2,10,21,11021,"S4_(0.75,1.00]",label_dyn,native,front_h3,nondominated,H3,21,18,0.61,0.982045971760933,0.607405842474959,0.980555555555556,1.00153780198586,0.508221283262753,NaN
DTLZ2,10,21,11021,"S4_(0.75,1.00]",label_dyn,native,population_final,retention,FINAL,21,21,0.61,0.723844099769221,0.671020486488118,0.662857142857143,1.10230326448844,0.576832174949645,0.723844099769221
DTLZ2,10,21,11021,"S4_(0.75,1.00]",label_dyn,native,population_h1,retention,H1,21,20,0.61,0.959575782744256,0.62058748315402,0.9425,1.01843248675466,0.589609217767486,0.959575782744256
DTLZ2,10,21,11021,"S4_(0.75,1.00]",label_dyn,native,population_h3,retention,H3,21,18,0.61,0.905447428039613,0.636198714330735,0.862777777777778,1.04960160554556,0.61277740288508,0.905447428039613
DTLZ2,10,22,11022,"S1_[0,0.25]",label_dyn,native,front_final,nondominated,FINAL,5,5,0.42,0.217892246472418,0.775873015873016,0.124,1.85541990988747,0.700424526222763,NaN
DTLZ2,10,22,11022,"S1_[0,0.25]",label_dyn,native,front_h1,nondominated,H1,5,5,0.42,0.860912852956917,0.533511469189435,0.68,1.27239106211888,0.6744261536066,NaN
DTLZ2,10,22,11022,"S1_[0,0.25]",label_dyn,native,front_h3,nondominated,H3,5,5,0.42,0.767220111589757,0.528600901014694,0.608,1.26097986689365,0.640294423574491,NaN
DTLZ2,10,22,11022,"S1_[0,0.25]",label_dyn,native,population_final,retention,FINAL,5,5,0.42,0.0937661277930556,0.842857142857143,0.046,1.9912360181638,0.722199219246272,0.0937661277930556
DTLZ2,10,22,11022,"S1_[0,0.25]",label_dyn,native,population_h1,retention,H1,5,5,0.42,0.976343607432959,0.434264184397163,0.944,1.03423078804925,0.633798758865248,0.976343607432959
DTLZ2,10,22,11022,"S1_[0,0.25]",label_dyn,native,population_h3,retention,H3,5,5,0.42,0.900036560746475,0.454181184668989,0.832,1.08131153956153,0.604868370112273,0.900036560746475
DTLZ2,10,22,11022,"S2_(0.25,0.50]",label_dyn,native,front_final,nondominated,FINAL,21,21,0.466190476190476,0.602581607400453,0.578120426495542,0.492380952380952,1.26212316995771,0.610597193446383,NaN
DTLZ2,10,22,11022,"S2_(0.25,0.50]",label_dyn,native,front_h1,nondominated,H1,21,21,0.466190476190476,0.921655517557811,0.509348056639572,0.845238095238095,1.10617187121827,0.588337937846979,NaN
DTLZ2,10,22,11022,"S2_(0.25,0.50]",label_dyn,native,front_h3,nondominated,H3,21,21,0.466190476190476,0.897281876825104,0.517179158769302,0.812380952380952,1.12616662630062,0.576070864686186,NaN
DTLZ2,10,22,11022,"S2_(0.25,0.50]",label_dyn,native,population_final,retention,FINAL,21,21,0.466190476190476,0.179257896954277,0.588393714129008,0.143809523809524,1.30017103217514,0.569463320390185,0.179257896954277
DTLZ2,10,22,11022,"S2_(0.25,0.50]",label_dyn,native,population_h1,retention,H1,21,21,0.466190476190476,0.972869633300847,0.482224571978722,0.939047619047619,1.03612254272639,0.628924077372581,0.972869633300847
DTLZ2,10,22,11022,"S2_(0.25,0.50]",label_dyn,native,population_h3,retention,H3,21,21,0.466190476190476,0.914416611923906,0.504152700487155,0.84047619047619,1.08838533176475,0.617888434186466,0.914416611923906
DTLZ2,10,22,11022,"S3_(0.50,0.75]",label_dyn,native,front_final,nondominated,FINAL,20,20,0.516,0.912820837768281,0.547227618552164,0.862,1.06020927616786,0.610690413227686,NaN
DTLZ2,10,22,11022,"S3_(0.50,0.75]",label_dyn,native,front_h1,nondominated,H1,20,20,0.516,0.990563935098023,0.516025046557183,0.9905,1.00009218229815,0.503709250183731,NaN
DTLZ2,10,22,11022,"S3_(0.50,0.75]",label_dyn,native,front_h3,nondominated,H3,20,20,0.516,0.971996804761435,0.517031704416591,0.97,1.00208713330418,0.533727485484077,NaN
DTLZ2,10,22,11022,"S3_(0.50,0.75]",label_dyn,native,population_final,retention,FINAL,20,20,0.516,0.34097659159473,0.516829122254888,0.3395,1.00301647046636,0.500867286579634,0.34097659159473
DTLZ2,10,22,11022,"S3_(0.50,0.75]",label_dyn,native,population_h1,retention,H1,20,20,0.516,0.945311897164187,0.518961500261622,0.9395,1.00653274472284,0.52961121699563,0.945311897164187
DTLZ2,10,22,11022,"S3_(0.50,0.75]",label_dyn,native,population_h3,retention,H3,20,20,0.516,0.864263747957982,0.525612688479782,0.8475,1.02008273973852,0.533953234611526,0.864263747957982
DTLZ2,10,22,11022,"S4_(0.75,1.00]",label_dyn,native,front_final,nondominated,FINAL,21,21,0.599047619047619,0.993492398582342,0.602060906000814,0.988571428571428,1.00512235600509,0.58444142737132,NaN
DTLZ2,10,22,11022,"S4_(0.75,1.00]",label_dyn,native,front_h1,nondominated,H1,21,20,0.599047619047619,0.998289473684211,0.599758915687487,0.997,1.00131452368294,0.610647289218718,NaN
DTLZ2,10,22,11022,"S4_(0.75,1.00]",label_dyn,native,front_h3,nondominated,H3,21,18,0.599047619047619,0.995499051313188,0.600806600261681,0.992222222222222,1.00334376183179,0.607843637298718,NaN
DTLZ2,10,22,11022,"S4_(0.75,1.00]",label_dyn,native,population_final,retention,FINAL,21,21,0.599047619047619,0.705761610610182,0.602386776258484,0.706190476190476,1.0062854034288,0.465671565044217,0.705761610610182
DTLZ2,10,22,11022,"S4_(0.75,1.00]",label_dyn,native,population_h1,retention,H1,21,20,0.599047619047619,0.925494599610258,0.598446750880493,0.9255,0.999655502981947,0.502749577587772,0.925494599610258
DTLZ2,10,22,11022,"S4_(0.75,1.00]",label_dyn,native,population_h3,retention,H3,21,18,0.599047619047619,0.830507185797968,0.602036314078017,0.826111111111111,1.00638997954981,0.495232037700258,0.830507185797968
DTLZ2,10,23,11023,"S1_[0,0.25]",label_dyn,native,front_final,nondominated,FINAL,5,5,0.516,0.246101793207705,0.749891045487021,0.17,1.45455325368161,0.6408592881866,NaN
DTLZ2,10,23,11023,"S1_[0,0.25]",label_dyn,native,front_h1,nondominated,H1,5,5,0.516,0.970891651679829,0.605370786068461,0.828,1.17926435532454,0.744471107319944,NaN
DTLZ2,10,23,11023,"S1_[0,0.25]",label_dyn,native,front_h3,nondominated,H3,5,5,0.516,0.931964969896004,0.609201759899434,0.788,1.18666274821046,0.711963517312354,NaN
DTLZ2,10,23,11023,"S1_[0,0.25]",label_dyn,native,population_final,retention,FINAL,5,5,0.516,0.0495640785049652,0.733333333333333,0.034,1.41058722339511,0.612972727750894,0.0495640785049652
DTLZ2,10,23,11023,"S1_[0,0.25]",label_dyn,native,population_h1,retention,H1,5,5,0.516,0.989021815622801,0.545303772995199,0.936,1.05666488420084,0.730985219830933,0.989021815622801
DTLZ2,10,23,11023,"S1_[0,0.25]",label_dyn,native,population_h3,retention,H3,5,5,0.516,0.944465295696823,0.585576452150064,0.83,1.13770787001738,0.706186918885489,0.944465295696823
DTLZ2,10,23,11023,"S2_(0.25,0.50]",label_dyn,native,front_final,nondominated,FINAL,21,21,0.554285714285714,0.474762825680742,0.660345102892271,0.407142857142857,1.20406151987028,0.57952527695936,NaN
DTLZ2,10,23,11023,"S2_(0.25,0.50]",label_dyn,native,front_h1,nondominated,H1,21,21,0.554285714285714,0.993114606953893,0.556841091208859,0.989047619047619,1.00428220011904,0.633978932211627,NaN
DTLZ2,10,23,11023,"S2_(0.25,0.50]",label_dyn,native,front_h3,nondominated,H3,21,21,0.554285714285714,0.978182816303146,0.561054794682868,0.965238095238095,1.01380054946419,0.647811600036273,NaN
DTLZ2,10,23,11023,"S2_(0.25,0.50]",label_dyn,native,population_final,retention,FINAL,21,21,0.554285714285714,0.0981327059574032,0.630411651840223,0.0966666666666667,1.13547492610238,0.53833643671751,0.0981327059574032
DTLZ2,10,23,11023,"S2_(0.25,0.50]",label_dyn,native,population_h1,retention,H1,21,21,0.554285714285714,0.952670757978398,0.563696917621828,0.937142857142857,1.0169540006641,0.567018579695321,0.952670757978398
DTLZ2,10,23,11023,"S2_(0.25,0.50]",label_dyn,native,population_h3,retention,H3,21,21,0.554285714285714,0.881494748631674,0.584511387390379,0.836666666666667,1.05428124697928,0.597829077569657,0.881494748631674
DTLZ2,10,23,11023,"S3_(0.50,0.75]",label_dyn,native,front_final,nondominated,FINAL,20,20,0.452,0.743797450900081,0.523331346909563,0.642,1.15928900785139,0.602158045368523,NaN
DTLZ2,10,23,11023,"S3_(0.50,0.75]",label_dyn,native,front_h1,nondominated,H1,20,20,0.452,0.981853460696273,0.452368105207409,0.9815,1.00035595508639,0.500273754801829,NaN
DTLZ2,10,23,11023,"S3_(0.50,0.75]",label_dyn,native,front_h3,nondominated,H3,20,20,0.452,0.956983619404507,0.453649337989852,0.9545,1.00260965460813,0.512836573756831,NaN
DTLZ2,10,23,11023,"S3_(0.50,0.75]",label_dyn,native,population_final,retention,FINAL,20,20,0.452,0.282500573135383,0.485832882291934,0.26,1.08114027585075,0.52338212538443,0.282500573135383
DTLZ2,10,23,11023,"S3_(0.50,0.75]",label_dyn,native,population_h1,retention,H1,20,20,0.452,0.940706751160271,0.455722807825511,0.933,1.00897543764857,0.51707496812632,0.940706751160271
DTLZ2,10,23,11023,"S3_(0.50,0.75]",label_dyn,native,population_h3,retention,H3,20,20,0.452,0.865816544496259,0.465971395916378,0.8395,1.0321219711455,0.539816761309183,0.865816544496259
DTLZ2,10,23,11023,"S4_(0.75,1.00]",label_dyn,native,front_final,nondominated,FINAL,21,21,0.463333333333333,0.950976450456281,0.489307057375808,0.9,1.05977030778629,0.643828826828079,NaN
DTLZ2,10,23,11023,"S4_(0.75,1.00]",label_dyn,native,front_h1,nondominated,H1,21,20,0.463333333333333,0.992370366965918,0.464032404396826,0.989,1.003558974887,0.509423397936509,NaN
DTLZ2,10,23,11023,"S4_(0.75,1.00]",label_dyn,native,front_h3,nondominated,H3,21,18,0.463333333333333,0.986152745764162,0.462922414623786,0.967777777777778,1.01982117906577,0.591164553094691,NaN
DTLZ2,10,23,11023,"S4_(0.75,1.00]",label_dyn,native,population_final,retention,FINAL,21,21,0.463333333333333,0.663519315157046,0.483940357030823,0.637142857142857,1.04947698101956,0.512658265462188,0.663519315157046
DTLZ2,10,23,11023,"S4_(0.75,1.00]",label_dyn,native,population_h1,retention,H1,21,20,0.463333333333333,0.954314812581976,0.466757737037409,0.9445,1.01057198834641,0.529284351924188,0.954314812581976
DTLZ2,10,23,11023,"S4_(0.75,1.00]",label_dyn,native,population_h3,retention,H3,21,18,0.463333333333333,0.884658119119384,0.469517448586351,0.854444444444444,1.03616358352757,0.549469901894575,0.884658119119384
DTLZ2,10,24,11024,"S1_[0,0.25]",label_dyn,native,front_final,nondominated,FINAL,5,5,0.398,0.101954747243957,0.647619047619048,0.068,1.67481046046118,0.631484956154937,NaN
DTLZ2,10,24,11024,"S1_[0,0.25]",label_dyn,native,front_h1,nondominated,H1,5,5,0.398,0.884543044915681,0.576776963510534,0.612,1.45796747440888,0.725613561639922,NaN
DTLZ2,10,24,11024,"S1_[0,0.25]",label_dyn,native,front_h3,nondominated,H3,5,5,0.398,0.853326828699465,0.575525548828252,0.592,1.451903322445,0.71523027328952,NaN
DTLZ2,10,24,11024,"S1_[0,0.25]",label_dyn,native,population_final,retention,FINAL,5,5,0.398,0.00645161290322581,1,0.002,3.2258064516129,0.848484848484849,0.00645161290322581
DTLZ2,10,24,11024,"S1_[0,0.25]",label_dyn,native,population_h1,retention,H1,5,5,0.398,0.989655172413793,0.418826135644384,0.938,1.05497111466663,0.671913067822192,0.989655172413793
DTLZ2,10,24,11024,"S1_[0,0.25]",label_dyn,native,population_h3,retention,H3,5,5,0.398,0.961292609223644,0.458349075745491,0.83,1.15823493091016,0.677132054212615,0.961292609223644
DTLZ2,10,24,11024,"S2_(0.25,0.50]",label_dyn,native,front_final,nondominated,FINAL,21,21,0.478095238095238,0.351076296336283,0.52760734144824,0.305714285714286,1.13067167762241,0.538888758536006,NaN
DTLZ2,10,24,11024,"S2_(0.25,0.50]",label_dyn,native,front_h1,nondominated,H1,21,21,0.478095238095238,0.947525816689856,0.503209816025633,0.904761904761905,1.05072139475398,0.627537000504275,NaN
DTLZ2,10,24,11024,"S2_(0.25,0.50]",label_dyn,native,front_h3,nondominated,H3,21,21,0.478095238095238,0.869759251404841,0.49591380217636,0.842857142857143,1.03481885510048,0.546766423361757,NaN
DTLZ2,10,24,11024,"S2_(0.25,0.50]",label_dyn,native,population_final,retention,FINAL,21,21,0.478095238095238,0.167439067465677,0.684386832883073,0.119047619047619,1.4761113127669,0.614982920276221,0.167439067465677
DTLZ2,10,24,11024,"S2_(0.25,0.50]",label_dyn,native,population_h1,retention,H1,21,21,0.478095238095238,0.953491432446003,0.485095108356891,0.93952380952381,1.01501298933795,0.557041129386307,0.953491432446003
DTLZ2,10,24,11024,"S2_(0.25,0.50]",label_dyn,native,population_h3,retention,H3,21,21,0.478095238095238,0.861027980884898,0.491242194066893,0.838095238095238,1.02771397114189,0.538601404316053,0.861027980884898
DTLZ2,10,24,11024,"S3_(0.50,0.75]",label_dyn,native,front_final,nondominated,FINAL,20,20,0.51,0.827358890870654,0.579874379474003,0.7275,1.13987504736147,0.637184608600794,NaN
DTLZ2,10,24,11024,"S3_(0.50,0.75]",label_dyn,native,front_h1,nondominated,H1,20,20,0.51,0.992121782248662,0.512354568473668,0.988,1.00427871026872,0.589261728915455,NaN
DTLZ2,10,24,11024,"S3_(0.50,0.75]",label_dyn,native,front_h3,nondominated,H3,20,20,0.51,0.980599626208519,0.519495102139691,0.964,1.01756912270471,0.630929478519846,NaN
DTLZ2,10,24,11024,"S3_(0.50,0.75]",label_dyn,native,population_final,retention,FINAL,20,20,0.51,0.561619957414219,0.652311137787088,0.441,1.28913693574743,0.627750407623203,0.561619957414219
DTLZ2,10,24,11024,"S3_(0.50,0.75]",label_dyn,native,population_h1,retention,H1,20,20,0.51,0.945316523240337,0.51840883210523,0.9305,1.01678756052926,0.541048062602144,0.945316523240337
DTLZ2,10,24,11024,"S3_(0.50,0.75]",label_dyn,native,population_h3,retention,H3,20,20,0.51,0.854697459753244,0.534961155683032,0.8145,1.05032598562489,0.564759767534094,0.854697459753244
DTLZ2,10,24,11024,"S4_(0.75,1.00]",label_dyn,native,front_final,nondominated,FINAL,21,21,0.500952380952381,0.961130928356486,0.512298049215084,0.942857142857143,1.01984923572698,0.597138337587094,NaN
DTLZ2,10,24,11024,"S4_(0.75,1.00]",label_dyn,native,front_h1,nondominated,H1,21,20,0.500952380952381,0.995396825396825,0.508785552107441,0.9945,1.00089090905549,0.582797213601936,NaN
DTLZ2,10,24,11024,"S4_(0.75,1.00]",label_dyn,native,front_h3,nondominated,H3,21,18,0.500952380952381,0.98097136763679,0.52657648970241,0.979444444444445,1.00149450858204,0.553265700610141,NaN
DTLZ2,10,24,11024,"S4_(0.75,1.00]",label_dyn,native,population_final,retention,FINAL,21,21,0.500952380952381,0.833540661528434,0.520831960170987,0.817619047619048,1.02567678348228,0.509221561852536,0.833540661528434
DTLZ2,10,24,11024,"S4_(0.75,1.00]",label_dyn,native,population_h1,retention,H1,21,20,0.500952380952381,0.959526051817172,0.510077945487908,0.9555,1.00407862429026,0.561418964424499,0.959526051817172
DTLZ2,10,24,11024,"S4_(0.75,1.00]",label_dyn,native,population_h3,retention,H3,21,18,0.500952380952381,0.902966988812507,0.532476547169995,0.893888888888889,1.01030720180725,0.54973025727306,0.902966988812507
DTLZ2,10,25,11025,"S1_[0,0.25]",label_dyn,native,front_final,nondominated,FINAL,5,5,0.38,0.133765015015015,0.763968253968254,0.068,2.06830044330044,0.704635048440319,NaN
DTLZ2,10,25,11025,"S1_[0,0.25]",label_dyn,native,front_h1,nondominated,H1,5,5,0.38,0.945289039039039,0.460380947078771,0.776,1.22058579988484,0.67750076129085,NaN
DTLZ2,10,25,11025,"S1_[0,0.25]",label_dyn,native,front_h3,nondominated,H3,5,5,0.38,0.890634384384384,0.477085297582537,0.704,1.27020733456534,0.659014029262649,NaN
DTLZ2,10,25,11025,"S1_[0,0.25]",label_dyn,native,population_final,retention,FINAL,5,5,0.38,0.0480105105105105,0.9,0.02,2.40052552552552,0.76530612244898,0.0480105105105105
DTLZ2,10,25,11025,"S1_[0,0.25]",label_dyn,native,population_h1,retention,H1,5,5,0.38,0.986111111111111,0.401098901098901,0.934,1.05577637492531,0.661660561660562,0.986111111111111
DTLZ2,10,25,11025,"S1_[0,0.25]",label_dyn,native,population_h3,retention,H3,5,5,0.38,0.959478228228228,0.436553622788554,0.832,1.15453480133183,0.665631174867062,0.959478228228228
DTLZ2,10,25,11025,"S2_(0.25,0.50]",label_dyn,native,front_final,nondominated,FINAL,21,21,0.45952380952381,0.408213573829413,0.539018729035211,0.347619047619048,1.18242735920487,0.564540269055611,NaN
DTLZ2,10,25,11025,"S2_(0.25,0.50]",label_dyn,native,front_h1,nondominated,H1,21,21,0.45952380952381,0.97659285249946,0.468027933515678,0.956666666666667,1.02371090388297,0.481853533345659,NaN
DTLZ2,10,25,11025,"S2_(0.25,0.50]",label_dyn,native,front_h3,nondominated,H3,21,21,0.45952380952381,0.943421388314802,0.466542797873538,0.926190476190476,1.02091470722479,0.484516062449835,NaN
DTLZ2,10,25,11025,"S2_(0.25,0.50]",label_dyn,native,population_final,retention,FINAL,21,21,0.45952380952381,0.094276493625641,0.681386999244142,0.0642857142857143,1.48582774574761,0.618695366815065,0.094276493625641
DTLZ2,10,25,11025,"S2_(0.25,0.50]",label_dyn,native,population_h1,retention,H1,21,21,0.45952380952381,0.948124923152424,0.463868143796887,0.938095238095238,1.01049518893808,0.537399869328527,0.948124923152424
DTLZ2,10,25,11025,"S2_(0.25,0.50]",label_dyn,native,population_h3,retention,H3,21,21,0.45952380952381,0.864032226058697,0.469234598285023,0.84047619047619,1.02751516125673,0.534587075933938,0.864032226058697
DTLZ2,10,25,11025,"S3_(0.50,0.75]",label_dyn,native,front_final,nondominated,FINAL,20,20,0.4795,0.861062020823505,0.516512461538589,0.799,1.09071789783914,0.594001987384206,NaN
DTLZ2,10,25,11025,"S3_(0.50,0.75]",label_dyn,native,front_h1,nondominated,H1,20,20,0.4795,0.983563642425807,0.482755321269579,0.9765,1.00859314143557,0.485968040981003,NaN
DTLZ2,10,25,11025,"S3_(0.50,0.75]",label_dyn,native,front_h3,nondominated,H3,20,20,0.4795,0.958573909795497,0.491212301039233,0.9325,1.0352603543325,0.537461723858971,NaN
DTLZ2,10,25,11025,"S3_(0.50,0.75]",label_dyn,native,population_final,retention,FINAL,20,20,0.4795,0.336866570467648,0.595765361618912,0.276,1.27730417027449,0.577755514202431,0.336866570467648
DTLZ2,10,25,11025,"S3_(0.50,0.75]",label_dyn,native,population_h1,retention,H1,20,20,0.4795,0.942711447284125,0.490776360775278,0.922,1.02399674017929,0.535929305928764,0.942711447284125
DTLZ2,10,25,11025,"S3_(0.50,0.75]",label_dyn,native,population_h3,retention,H3,20,20,0.4795,0.881225578278908,0.5121488816207,0.822,1.07569777251871,0.585067575140178,0.881225578278908
DTLZ2,10,25,11025,"S4_(0.75,1.00]",label_dyn,native,front_final,nondominated,FINAL,21,21,0.621904761904762,0.983302391365315,0.62983117623309,0.970476190476191,1.01359614605422,0.568482959402965,NaN
DTLZ2,10,25,11025,"S4_(0.75,1.00]",label_dyn,native,front_h1,nondominated,H1,21,20,0.621904761904762,0.99751828631139,0.620125629320769,0.9965,1.00106123394543,0.491564073301923,NaN
DTLZ2,10,25,11025,"S4_(0.75,1.00]",label_dyn,native,front_h3,nondominated,H3,21,18,0.621904761904762,0.993604075123472,0.614109412378926,0.990555555555556,1.00318502645995,0.480198471141034,NaN
DTLZ2,10,25,11025,"S4_(0.75,1.00]",label_dyn,native,population_final,retention,FINAL,21,21,0.621904761904762,0.678364257483316,0.621557242299494,0.680476190476191,1.00035617623538,0.503521873033714,0.678364257483316
DTLZ2,10,25,11025,"S4_(0.75,1.00]",label_dyn,native,population_h1,retention,H1,21,20,0.621904761904762,0.957805126749949,0.618011473785206,0.96,0.997673644504863,0.488589070225936,0.957805126749949
DTLZ2,10,25,11025,"S4_(0.75,1.00]",label_dyn,native,population_h3,retention,H3,21,18,0.621904761904762,0.878923361482964,0.607120782804798,0.886111111111111,0.991915121215443,0.475624710286894,0.878923361482964
DTLZ2,20,1,12001,"S1_[0,0.25]",label_dyn,native,front_final,nondominated,FINAL,5,5,0.512,0.362590921233979,0.762235574132126,0.244,1.49223081402556,0.664888305979369,NaN
DTLZ2,20,1,12001,"S1_[0,0.25]",label_dyn,native,front_h1,nondominated,H1,5,5,0.512,0.903386398547689,0.689862584710767,0.666,1.35592319417763,0.771973009719682,NaN
DTLZ2,20,1,12001,"S1_[0,0.25]",label_dyn,native,front_h3,nondominated,H3,5,5,0.512,0.845167665434145,0.69406754009359,0.62,1.36233379319919,0.742515080850686,NaN
DTLZ2,20,1,12001,"S1_[0,0.25]",label_dyn,native,population_final,retention,FINAL,5,5,0.512,0.0366697176129154,1,0.018,1.98571823221192,0.748620010328405,0.0366697176129154
DTLZ2,20,1,12001,"S1_[0,0.25]",label_dyn,native,population_h1,retention,H1,5,5,0.512,0.996428571428572,0.542553191489362,0.94,1.06003039513678,0.754609929078014,0.996428571428572
DTLZ2,20,1,12001,"S1_[0,0.25]",label_dyn,native,population_h3,retention,H3,5,5,0.512,0.96577195011627,0.598010159103312,0.826,1.16936005087929,0.746962595891525,0.96577195011627
DTLZ2,20,1,12001,"S2_(0.25,0.50]",label_dyn,native,front_final,nondominated,FINAL,21,21,0.579047619047619,0.713871776110962,0.642300164911457,0.645714285714286,1.11934571645333,0.591457017647672,NaN
DTLZ2,20,1,12001,"S2_(0.25,0.50]",label_dyn,native,front_h1,nondominated,H1,21,21,0.579047619047619,0.985886747349727,0.598821919777206,0.956190476190476,1.03640117489468,0.639554682432733,NaN
DTLZ2,20,1,12001,"S2_(0.25,0.50]",label_dyn,native,front_h3,nondominated,H3,21,21,0.579047619047619,0.96715538029386,0.60178642750391,0.933333333333333,1.04087703655266,0.634937186423659,NaN
DTLZ2,20,1,12001,"S2_(0.25,0.50]",label_dyn,native,population_final,retention,FINAL,21,21,0.579047619047619,0.145554125173829,0.779215815512808,0.117619047619048,1.28319758767311,0.611497329580218,0.145554125173829
DTLZ2,20,1,12001,"S2_(0.25,0.50]",label_dyn,native,population_h1,retention,H1,21,21,0.579047619047619,0.962063257375864,0.589707969938898,0.947142857142857,1.01598888682436,0.584536524651988,0.962063257375864
DTLZ2,20,1,12001,"S2_(0.25,0.50]",label_dyn,native,population_h3,retention,H3,21,21,0.579047619047619,0.881905034872926,0.605595858405004,0.84952380952381,1.03859850216503,0.584627037363985,0.881905034872926
DTLZ2,20,1,12001,"S3_(0.50,0.75]",label_dyn,native,front_final,nondominated,FINAL,20,20,0.644,0.953066706660955,0.662778425918674,0.9265,1.02922901223887,0.661391432961557,NaN
DTLZ2,20,1,12001,"S3_(0.50,0.75]",label_dyn,native,front_h1,nondominated,H1,20,20,0.644,0.997572326248313,0.647315730031535,0.9925,1.00525434553515,0.713102995872753,NaN
DTLZ2,20,1,12001,"S3_(0.50,0.75]",label_dyn,native,front_h3,nondominated,H3,20,20,0.644,0.989742554594528,0.648537908826569,0.983,1.00718061295752,0.573543791069564,NaN
DTLZ2,20,1,12001,"S3_(0.50,0.75]",label_dyn,native,population_final,retention,FINAL,20,20,0.644,0.443380491611729,0.749278501969002,0.383,1.16561055249169,0.584655691777485,0.443380491611729
DTLZ2,20,1,12001,"S3_(0.50,0.75]",label_dyn,native,population_h1,retention,H1,20,20,0.644,0.974178750732399,0.655770614338753,0.9565,1.01868064641924,0.649135307169377,0.974178750732399
DTLZ2,20,1,12001,"S3_(0.50,0.75]",label_dyn,native,population_h3,retention,H3,20,20,0.644,0.917832457528156,0.670007521676879,0.882,1.04102519074215,0.608379829214508,0.917832457528156
DTLZ2,20,1,12001,"S4_(0.75,1.00]",label_dyn,native,front_final,nondominated,FINAL,21,21,0.432857142857143,0.997197005892658,0.439575442946998,0.981428571428571,1.01616689103921,0.66744377421384,NaN
DTLZ2,20,1,12001,"S4_(0.75,1.00]",label_dyn,native,front_h1,nondominated,H1,21,20,0.432857142857143,0.999275362318841,0.420080808080808,0.9975,1.00179329527156,0.616161616161616,NaN
DTLZ2,20,1,12001,"S4_(0.75,1.00]",label_dyn,native,front_h3,nondominated,H3,21,18,0.432857142857143,1,0.409968620444811,0.993888888888889,1.00618429189858,0.71197175840033,NaN
DTLZ2,20,1,12001,"S4_(0.75,1.00]",label_dyn,native,population_final,retention,FINAL,21,21,0.432857142857143,0.746552078076101,0.43006822312159,0.774285714285714,0.975442280693956,0.454459116746132,0.746552078076101
DTLZ2,20,1,12001,"S4_(0.75,1.00]",label_dyn,native,population_h1,retention,H1,21,20,0.432857142857143,0.956239937231785,0.419847460900105,0.958,0.998299496358515,0.498733254259576,0.956239937231785
DTLZ2,20,1,12001,"S4_(0.75,1.00]",label_dyn,native,population_h3,retention,H3,21,18,0.432857142857143,0.888565890428103,0.409344654091775,0.892777777777778,0.996976175881446,0.483546847587074,0.888565890428103
DTLZ2,20,2,12002,"S1_[0,0.25]",label_dyn,native,front_final,nondominated,FINAL,5,5,0.524,0.138391085179011,0.812049062049062,0.09,1.55156193565636,0.65842450565163,NaN
DTLZ2,20,2,12002,"S1_[0,0.25]",label_dyn,native,front_h1,nondominated,H1,5,5,0.524,0.906360310655976,0.554648489190513,0.858,1.06185888696825,0.549329739100751,NaN
DTLZ2,20,2,12002,"S1_[0,0.25]",label_dyn,native,front_h3,nondominated,H3,5,5,0.524,0.898810453106119,0.552629362180605,0.854,1.05804571218618,0.536613826389448,NaN
DTLZ2,20,2,12002,"S1_[0,0.25]",label_dyn,native,population_final,retention,FINAL,5,5,0.524,0.0260388275868152,1,0.014,1.87252476339164,0.736613584827871,0.0260388275868152
DTLZ2,20,2,12002,"S1_[0,0.25]",label_dyn,native,population_h1,retention,H1,5,5,0.524,0.974080689405767,0.542553191489362,0.94,1.03625605255933,0.654609929078014,0.974080689405767
DTLZ2,20,2,12002,"S1_[0,0.25]",label_dyn,native,population_h3,retention,H3,5,5,0.524,0.911941114727492,0.579849012775842,0.824,1.10672363258635,0.659368950832365,0.911941114727492
DTLZ2,20,2,12002,"S2_(0.25,0.50]",label_dyn,native,front_final,nondominated,FINAL,21,21,0.512380952380952,0.495134453915286,0.619178670159692,0.412857142857143,1.21426023908859,0.587832233646904,NaN
DTLZ2,20,2,12002,"S2_(0.25,0.50]",label_dyn,native,front_h1,nondominated,H1,21,21,0.512380952380952,0.98743326929181,0.517391360115839,0.978571428571428,1.00997564652586,0.556098149837152,NaN
DTLZ2,20,2,12002,"S2_(0.25,0.50]",label_dyn,native,front_h3,nondominated,H3,21,21,0.512380952380952,0.962573801528162,0.53040649022311,0.936666666666667,1.03165197101686,0.580307057252616,NaN
DTLZ2,20,2,12002,"S2_(0.25,0.50]",label_dyn,native,population_final,retention,FINAL,21,21,0.512380952380952,0.104829323513257,0.742319923307318,0.0852380952380952,1.38917625777452,0.621166433014455,0.104829323513257
DTLZ2,20,2,12002,"S2_(0.25,0.50]",label_dyn,native,population_h1,retention,H1,21,21,0.512380952380952,0.953663043663325,0.526290331300198,0.933333333333333,1.02266833326006,0.590516478547727,0.953663043663325
DTLZ2,20,2,12002,"S2_(0.25,0.50]",label_dyn,native,population_h3,retention,H3,21,21,0.512380952380952,0.86928740263368,0.543149042595425,0.827619047619048,1.05186188345391,0.582509544726526,0.86928740263368
DTLZ2,20,2,12002,"S3_(0.50,0.75]",label_dyn,native,front_final,nondominated,FINAL,20,20,0.6085,0.824821674987057,0.657239268151659,0.7705,1.07400549669025,0.595359888113352,NaN
DTLZ2,20,2,12002,"S3_(0.50,0.75]",label_dyn,native,front_h1,nondominated,H1,20,20,0.6085,0.990489335898543,0.610432261618701,0.988,1.00261241366453,0.545850661057816,NaN
DTLZ2,20,2,12002,"S3_(0.50,0.75]",label_dyn,native,front_h3,nondominated,H3,20,20,0.6085,0.969755745387455,0.612068037450429,0.9645,1.00552830033618,0.560194083654314,NaN
DTLZ2,20,2,12002,"S3_(0.50,0.75]",label_dyn,native,population_final,retention,FINAL,20,20,0.6085,0.380784210416301,0.723433001191827,0.3385,1.15661127751751,0.580896601653092,0.380784210416301
DTLZ2,20,2,12002,"S3_(0.50,0.75]",label_dyn,native,population_h1,retention,H1,20,20,0.6085,0.9550113780867,0.621254315968411,0.9395,1.0173389183236,0.594810058417106,0.9550113780867
DTLZ2,20,2,12002,"S3_(0.50,0.75]",label_dyn,native,population_h3,retention,H3,20,20,0.6085,0.883918295458608,0.635582591266469,0.8515,1.03954573179191,0.582669689298393,0.883918295458608
DTLZ2,20,2,12002,"S4_(0.75,1.00]",label_dyn,native,front_final,nondominated,FINAL,21,21,0.594285714285714,0.990608895073181,0.620370512100394,0.95,1.04316172121351,0.778881026789215,NaN
DTLZ2,20,2,12002,"S4_(0.75,1.00]",label_dyn,native,front_h1,nondominated,H1,21,20,0.594285714285714,0.9984375,0.591563087215517,0.996,1.00250366860271,0.707126174431035,NaN
DTLZ2,20,2,12002,"S4_(0.75,1.00]",label_dyn,native,front_h3,nondominated,H3,21,18,0.594285714285714,0.995734126984127,0.583879209108406,0.988888888888889,1.00711228988107,0.656991288197566,NaN
DTLZ2,20,2,12002,"S4_(0.75,1.00]",label_dyn,native,population_final,retention,FINAL,21,21,0.594285714285714,0.704996338141951,0.653842650064946,0.655238095238095,1.07728160342249,0.581015386128204,0.704996338141951
DTLZ2,20,2,12002,"S4_(0.75,1.00]",label_dyn,native,population_h1,retention,H1,21,20,0.594285714285714,0.960623655152615,0.596445633549013,0.954,1.00805443615412,0.548037631589322,0.960623655152615
DTLZ2,20,2,12002,"S4_(0.75,1.00]",label_dyn,native,population_h3,retention,H3,21,18,0.594285714285714,0.901067993733542,0.592870990264938,0.886111111111111,1.01909885938769,0.54178749395669,0.901067993733542
DTLZ2,20,3,12003,"S1_[0,0.25]",label_dyn,native,front_final,nondominated,FINAL,5,5,0.586,0.290873700195779,0.785039438739629,0.222,1.34102578520435,0.625552390167563,NaN
DTLZ2,20,3,12003,"S1_[0,0.25]",label_dyn,native,front_h1,nondominated,H1,5,5,0.586,0.899033603106016,0.658548737680038,0.802,1.12698868931555,0.673282305347956,NaN
DTLZ2,20,3,12003,"S1_[0,0.25]",label_dyn,native,front_h3,nondominated,H3,5,5,0.586,0.768860151536298,0.679095454644594,0.662,1.16070139040301,0.646333907299267,NaN
DTLZ2,20,3,12003,"S1_[0,0.25]",label_dyn,native,population_final,retention,FINAL,5,5,0.586,0.0753235229308332,1,0.044,1.71021176924698,0.716546052631579,0.0753235229308332
DTLZ2,20,3,12003,"S1_[0,0.25]",label_dyn,native,population_h1,retention,H1,5,5,0.586,0.97026414147299,0.61252417794971,0.928,1.04575140141481,0.689595422308188,0.97026414147299
DTLZ2,20,3,12003,"S1_[0,0.25]",label_dyn,native,population_h3,retention,H3,5,5,0.586,0.912636045622225,0.652961672473868,0.818,1.11531086944918,0.687189900564419,0.912636045622225
DTLZ2,20,3,12003,"S2_(0.25,0.50]",label_dyn,native,front_final,nondominated,FINAL,21,21,0.598571428571429,0.651768905900412,0.619428364839198,0.637142857142857,1.04153314118325,0.518543349498143,NaN
DTLZ2,20,3,12003,"S2_(0.25,0.50]",label_dyn,native,front_h1,nondominated,H1,21,21,0.598571428571429,0.984653387852366,0.619370341891154,0.952857142857143,1.03942626449434,0.657283664180517,NaN
DTLZ2,20,3,12003,"S2_(0.25,0.50]",label_dyn,native,front_h3,nondominated,H3,21,21,0.598571428571429,0.97110970465974,0.621771717292558,0.936190476190476,1.04379324730481,0.607436889475391,NaN
DTLZ2,20,3,12003,"S2_(0.25,0.50]",label_dyn,native,population_final,retention,FINAL,21,21,0.598571428571429,0.20214087170396,0.898876067632197,0.13952380952381,1.51824612609042,0.672025867607741,0.20214087170396
DTLZ2,20,3,12003,"S2_(0.25,0.50]",label_dyn,native,population_h1,retention,H1,21,21,0.598571428571429,0.963624437122114,0.617011420602264,0.934285714285714,1.03148425737306,0.650172376967799,0.963624437122114
DTLZ2,20,3,12003,"S2_(0.25,0.50]",label_dyn,native,population_h3,retention,H3,21,21,0.598571428571429,0.892000351097369,0.644056071693296,0.827142857142857,1.07865448445841,0.634672775560715,0.892000351097369
DTLZ2,20,3,12003,"S3_(0.50,0.75]",label_dyn,native,front_final,nondominated,FINAL,20,20,0.417,0.937600977909327,0.448631151999301,0.8685,1.08025804605681,0.619722685015506,NaN
DTLZ2,20,3,12003,"S3_(0.50,0.75]",label_dyn,native,front_h1,nondominated,H1,20,20,0.417,0.998333333333333,0.417151515151515,0.998,1.0003367003367,0.537878787878788,NaN
DTLZ2,20,3,12003,"S3_(0.50,0.75]",label_dyn,native,front_h3,nondominated,H3,20,20,0.417,0.991490721288515,0.418141335916475,0.99,1.00162949989375,0.472895557708173,NaN
DTLZ2,20,3,12003,"S3_(0.50,0.75]",label_dyn,native,population_final,retention,FINAL,20,20,0.417,0.387459432570616,0.438330021539641,0.386,1.01399396629496,0.514759319324967,0.387459432570616
DTLZ2,20,3,12003,"S3_(0.50,0.75]",label_dyn,native,population_h1,retention,H1,20,20,0.417,0.918428348843434,0.411651205351482,0.935,0.979959617019336,0.490834591624481,0.918428348843434
DTLZ2,20,3,12003,"S3_(0.50,0.75]",label_dyn,native,population_h3,retention,H3,20,20,0.417,0.800185570344489,0.406323850434438,0.836,0.953962046174605,0.480656577623636,0.800185570344489
DTLZ2,20,3,12003,"S4_(0.75,1.00]",label_dyn,native,front_final,nondominated,FINAL,21,21,0.557142857142857,0.990034313681276,0.560540864116821,0.982380952380952,1.00815321735027,0.503619933801901,NaN
DTLZ2,20,3,12003,"S4_(0.75,1.00]",label_dyn,native,front_h1,nondominated,H1,21,20,0.557142857142857,0.997106902918098,0.553310552331829,0.995,1.00221676464157,0.553954437996991,NaN
DTLZ2,20,3,12003,"S4_(0.75,1.00]",label_dyn,native,front_h3,nondominated,H3,21,18,0.557142857142857,0.991815571756947,0.545516212932626,0.987222222222222,1.00479175477656,0.568755689369118,NaN
DTLZ2,20,3,12003,"S4_(0.75,1.00]",label_dyn,native,population_final,retention,FINAL,21,21,0.557142857142857,0.685263329258227,0.557863610812417,0.693333333333333,0.991179950641469,0.492572305320598,0.685263329258227
DTLZ2,20,3,12003,"S4_(0.75,1.00]",label_dyn,native,population_h1,retention,H1,21,20,0.557142857142857,0.960577465015703,0.555075880391926,0.956,1.00466650532318,0.538836489833855,0.960577465015703
DTLZ2,20,3,12003,"S4_(0.75,1.00]",label_dyn,native,population_h3,retention,H3,21,18,0.557142857142857,0.875584671613775,0.547619063394845,0.872777777777778,1.00184141972047,0.528009097563655,0.875584671613775
DTLZ2,20,4,12004,"S1_[0,0.25]",label_dyn,native,front_final,nondominated,FINAL,5,5,0.566,0.59071465394076,0.741957911369676,0.452,1.31032450414636,0.661409461946726,NaN
DTLZ2,20,4,12004,"S1_[0,0.25]",label_dyn,native,front_h1,nondominated,H1,5,5,0.566,0.979723682853902,0.599200579394885,0.93,1.05627005646638,0.742668471515625,NaN
DTLZ2,20,4,12004,"S1_[0,0.25]",label_dyn,native,front_h3,nondominated,H3,5,5,0.566,0.976390349520569,0.604582862761505,0.918,1.0662717914742,0.74796450830383,NaN
DTLZ2,20,4,12004,"S1_[0,0.25]",label_dyn,native,population_final,retention,FINAL,5,5,0.566,0.0357539805281841,1,0.02,1.77306202406728,0.721489458013759,0.0357539805281841
DTLZ2,20,4,12004,"S1_[0,0.25]",label_dyn,native,population_h1,retention,H1,5,5,0.566,0.989614393236416,0.598340895657723,0.936,1.05745336597528,0.748218066876481,0.989614393236416
DTLZ2,20,4,12004,"S1_[0,0.25]",label_dyn,native,population_h3,retention,H3,5,5,0.566,0.94417185865995,0.648045841904202,0.824,1.14585551267537,0.733173247749487,0.94417185865995
DTLZ2,20,4,12004,"S2_(0.25,0.50]",label_dyn,native,front_final,nondominated,FINAL,21,21,0.577619047619048,0.839581805928517,0.640335533957588,0.760476190476191,1.10663800786079,0.637333047452693,NaN
DTLZ2,20,4,12004,"S2_(0.25,0.50]",label_dyn,native,front_h1,nondominated,H1,21,21,0.577619047619048,0.997767857142857,0.577088856161021,0.998571428571429,0.999171575846834,0.314432989690722,NaN
DTLZ2,20,4,12004,"S2_(0.25,0.50]",label_dyn,native,front_h3,nondominated,H3,21,21,0.577619047619048,0.994656607175402,0.576907216494845,0.995714285714286,0.998909609753728,0.416953035509737,NaN
DTLZ2,20,4,12004,"S2_(0.25,0.50]",label_dyn,native,population_final,retention,FINAL,21,21,0.577619047619048,0.118659285086537,0.717190603186844,0.117619047619048,1.1574266894559,0.573850379093945,0.118659285086537
DTLZ2,20,4,12004,"S2_(0.25,0.50]",label_dyn,native,population_h1,retention,H1,21,21,0.577619047619048,0.93390510914166,0.58705199327517,0.923333333333333,1.01201206829433,0.554905291945452,0.93390510914166
DTLZ2,20,4,12004,"S2_(0.25,0.50]",label_dyn,native,population_h3,retention,H3,21,21,0.577619047619048,0.83852115908186,0.603842033369278,0.810476190476191,1.03494855892331,0.565419943020805,0.83852115908186
DTLZ2,20,4,12004,"S3_(0.50,0.75]",label_dyn,native,front_final,nondominated,FINAL,20,20,0.3635,0.89266143869826,0.374606961587244,0.8675,1.02928606556871,0.54060628909643,NaN
DTLZ2,20,4,12004,"S3_(0.50,0.75]",label_dyn,native,front_h1,nondominated,H1,20,20,0.3635,1,0.364520408163265,0.998,1.00204081632653,0.755102040816326,NaN
DTLZ2,20,4,12004,"S3_(0.50,0.75]",label_dyn,native,front_h3,nondominated,H3,20,20,0.3635,1,0.366650720597517,0.993,1.00721693316502,0.712301441195035,NaN
DTLZ2,20,4,12004,"S3_(0.50,0.75]",label_dyn,native,population_final,retention,FINAL,20,20,0.3635,0.225900926040693,0.27322231633771,0.2885,0.73438942817825,0.441434287698215,0.225900926040693
DTLZ2,20,4,12004,"S3_(0.50,0.75]",label_dyn,native,population_h1,retention,H1,20,20,0.3635,0.954082861717933,0.362185363325066,0.9595,0.994545063648141,0.45073553880539,0.954082861717933
DTLZ2,20,4,12004,"S3_(0.50,0.75]",label_dyn,native,population_h3,retention,H3,20,20,0.3635,0.861897338237362,0.354869059938784,0.887,0.971672353442939,0.456855872515734,0.861897338237362
DTLZ2,20,4,12004,"S4_(0.75,1.00]",label_dyn,native,front_final,nondominated,FINAL,21,21,0.497142857142857,0.99117127331413,0.499620140434313,0.984761904761905,1.00678734632891,0.63456095812956,NaN
DTLZ2,20,4,12004,"S4_(0.75,1.00]",label_dyn,native,front_h1,nondominated,H1,21,20,0.497142857142857,0.9975,0.504736239950526,0.998,0.999479488765203,0.514120799835086,NaN
DTLZ2,20,4,12004,"S4_(0.75,1.00]",label_dyn,native,front_h3,nondominated,H3,21,18,0.497142857142857,0.997222222222222,0.488434916053964,0.994444444444444,1.00281156233537,0.652273463497953,NaN
DTLZ2,20,4,12004,"S4_(0.75,1.00]",label_dyn,native,population_final,retention,FINAL,21,21,0.497142857142857,0.658475980494732,0.484242066418837,0.684285714285714,0.966496533113716,0.469016431429709,0.658475980494732
DTLZ2,20,4,12004,"S4_(0.75,1.00]",label_dyn,native,population_h1,retention,H1,21,20,0.497142857142857,0.939717729801765,0.50362925050795,0.9465,0.992471130076607,0.504116212555562,0.939717729801765
DTLZ2,20,4,12004,"S4_(0.75,1.00]",label_dyn,native,population_h3,retention,H3,21,18,0.497142857142857,0.838904837984002,0.485458791540806,0.852777777777778,0.983201205658651,0.497861068840673,0.838904837984002
DTLZ2,20,5,12005,"S1_[0,0.25]",label_dyn,native,front_final,nondominated,FINAL,5,5,0.508,0.357162668260337,0.807246117084827,0.23,1.59566825799148,0.691776093223132,NaN
DTLZ2,20,5,12005,"S1_[0,0.25]",label_dyn,native,front_h1,nondominated,H1,5,5,0.508,0.984685107715074,0.543616991712005,0.922,1.07243169943446,0.662717586765094,NaN
DTLZ2,20,5,12005,"S1_[0,0.25]",label_dyn,native,front_h3,nondominated,H3,5,5,0.508,0.957146816927061,0.542333474801083,0.898,1.06991907476134,0.617227343461147,NaN
DTLZ2,20,5,12005,"S1_[0,0.25]",label_dyn,native,population_final,retention,FINAL,5,5,0.508,0.0313277127977461,0.7,0.024,1.38739434816016,0.597896596939307,0.0313277127977461
DTLZ2,20,5,12005,"S1_[0,0.25]",label_dyn,native,population_h1,retention,H1,5,5,0.508,0.980838953868921,0.529787234042553,0.94,1.04344569560523,0.681560283687943,0.980838953868921
DTLZ2,20,5,12005,"S1_[0,0.25]",label_dyn,native,population_h3,retention,H3,5,5,0.508,0.937907339423433,0.574966066356016,0.828,1.1330164047986,0.693201987426374,0.937907339423433
DTLZ2,20,5,12005,"S2_(0.25,0.50]",label_dyn,native,front_final,nondominated,FINAL,21,21,0.572857142857143,0.693649985624588,0.644664168001595,0.62952380952381,1.13082873077773,0.582080981154886,NaN
DTLZ2,20,5,12005,"S2_(0.25,0.50]",label_dyn,native,front_h1,nondominated,H1,21,21,0.572857142857143,0.994019011695336,0.574696544951647,0.990952380952381,1.00326058498764,0.600378150760804,NaN
DTLZ2,20,5,12005,"S2_(0.25,0.50]",label_dyn,native,front_h3,nondominated,H3,21,21,0.572857142857143,0.981460321833098,0.583240833497315,0.964285714285714,1.01892766260492,0.614448607140968,NaN
DTLZ2,20,5,12005,"S2_(0.25,0.50]",label_dyn,native,population_final,retention,FINAL,21,21,0.572857142857143,0.176140982699212,0.772168795543409,0.132380952380952,1.35384873150014,0.614518436926572,0.176140982699212
DTLZ2,20,5,12005,"S2_(0.25,0.50]",label_dyn,native,population_h1,retention,H1,21,21,0.572857142857143,0.945679343573251,0.591468064494292,0.915714285714286,1.03372774384448,0.605536564371107,0.945679343573251
DTLZ2,20,5,12005,"S2_(0.25,0.50]",label_dyn,native,population_h3,retention,H3,21,21,0.572857142857143,0.866043345325648,0.628317494327766,0.788571428571428,1.0981788500634,0.63478046093503,0.866043345325648
DTLZ2,20,5,12005,"S3_(0.50,0.75]",label_dyn,native,front_final,nondominated,FINAL,20,20,0.614,0.951537276412404,0.623012254912426,0.939,1.01428801992044,0.544086255661341,NaN
DTLZ2,20,5,12005,"S3_(0.50,0.75]",label_dyn,native,front_h1,nondominated,H1,20,20,0.614,0.995476463834673,0.615407539005984,0.993,1.00254808954492,0.636435514181628,NaN
DTLZ2,20,5,12005,"S3_(0.50,0.75]",label_dyn,native,front_h3,nondominated,H3,20,20,0.614,0.986793480151689,0.618171035214282,0.9805,1.00662605513695,0.667773813377421,NaN
DTLZ2,20,5,12005,"S3_(0.50,0.75]",label_dyn,native,population_final,retention,FINAL,20,20,0.614,0.365782383031095,0.684457254102403,0.334,1.09119898462246,0.554256195273214,0.365782383031095
DTLZ2,20,5,12005,"S3_(0.50,0.75]",label_dyn,native,population_h1,retention,H1,20,20,0.614,0.932835609995868,0.616798566094685,0.929,1.00437683114838,0.506662855581619,0.932835609995868
DTLZ2,20,5,12005,"S3_(0.50,0.75]",label_dyn,native,population_h3,retention,H3,20,20,0.614,0.823030425171184,0.616235325527542,0.822,1.00097877086988,0.508711001313766,0.823030425171184
DTLZ2,20,5,12005,"S4_(0.75,1.00]",label_dyn,native,front_final,nondominated,FINAL,21,21,0.61952380952381,0.991737669458499,0.620107381611695,0.991428571428571,1.00031477376471,0.551612750692279,NaN
DTLZ2,20,5,12005,"S4_(0.75,1.00]",label_dyn,native,front_h1,nondominated,H1,21,20,0.61952380952381,0.997568317099567,0.621924242424242,0.9985,0.999058906161179,0.308080808080808,NaN
DTLZ2,20,5,12005,"S4_(0.75,1.00]",label_dyn,native,front_h3,nondominated,H3,21,18,0.61952380952381,0.992057066064701,0.622425960283103,0.995,0.997021439741994,0.357104205318491,NaN
DTLZ2,20,5,12005,"S4_(0.75,1.00]",label_dyn,native,population_final,retention,FINAL,21,21,0.61952380952381,0.656630758367998,0.652388457415493,0.629523809523809,1.0468594444613,0.542250048113318,0.656630758367998
DTLZ2,20,5,12005,"S4_(0.75,1.00]",label_dyn,native,population_h1,retention,H1,21,20,0.61952380952381,0.941867672997682,0.626678769947986,0.9365,1.00667766086903,0.510610447245055,0.941867672997682
DTLZ2,20,5,12005,"S4_(0.75,1.00]",label_dyn,native,population_h3,retention,H3,21,18,0.61952380952381,0.847425661457601,0.634362171992099,0.834444444444445,1.01727151673955,0.51711191592559,0.847425661457601
DTLZ2,20,6,12006,"S1_[0,0.25]",label_dyn,native,front_final,nondominated,FINAL,5,5,0.532,0.443770750405425,0.749107142857143,0.316,1.41345689591626,0.657640549809667,NaN
DTLZ2,20,6,12006,"S1_[0,0.25]",label_dyn,native,front_h1,nondominated,H1,5,5,0.532,0.969630546955624,0.555135764860025,0.93,1.04447308198109,0.682307075259738,NaN
DTLZ2,20,6,12006,"S1_[0,0.25]",label_dyn,native,front_h3,nondominated,H3,5,5,0.532,0.943806371131449,0.561545973208377,0.894,1.05642706772572,0.6343840977153,NaN
DTLZ2,20,6,12006,"S1_[0,0.25]",label_dyn,native,population_final,retention,FINAL,5,5,0.532,0.147274611869039,1,0.078,1.8847922974858,0.753845254791959,0.147274611869039
DTLZ2,20,6,12006,"S1_[0,0.25]",label_dyn,native,population_h1,retention,H1,5,5,0.532,0.982056101792944,0.55781683626272,0.936,1.04912244141272,0.708075084798027,0.982056101792944
DTLZ2,20,6,12006,"S1_[0,0.25]",label_dyn,native,population_h3,retention,H3,5,5,0.532,0.921878247655338,0.593153100205701,0.826,1.11622467825236,0.67500792265187,0.921878247655338
DTLZ2,20,6,12006,"S2_(0.25,0.50]",label_dyn,native,front_final,nondominated,FINAL,21,21,0.59,0.695221652396503,0.677184215137977,0.616666666666667,1.14642321256908,0.606006535341506,NaN
DTLZ2,20,6,12006,"S2_(0.25,0.50]",label_dyn,native,front_h1,nondominated,H1,21,21,0.59,0.991881553058621,0.593790182261081,0.986666666666667,1.00640022252234,0.61382119346934,NaN
DTLZ2,20,6,12006,"S2_(0.25,0.50]",label_dyn,native,front_h3,nondominated,H3,21,21,0.59,0.973830058002113,0.605263240668181,0.953809523809524,1.02476785714947,0.630744947451614,NaN
DTLZ2,20,6,12006,"S2_(0.25,0.50]",label_dyn,native,population_final,retention,FINAL,21,21,0.59,0.263371592736901,0.835530523651642,0.187142857142857,1.41833797682036,0.650568690036971,0.263371592736901
DTLZ2,20,6,12006,"S2_(0.25,0.50]",label_dyn,native,population_h1,retention,H1,21,21,0.59,0.958587910226845,0.603634003586611,0.937142857142857,1.02365364328221,0.601930380478113,0.958587910226845
DTLZ2,20,6,12006,"S2_(0.25,0.50]",label_dyn,native,population_h3,retention,H3,21,21,0.59,0.880347065341076,0.623882847032332,0.833809523809524,1.05767658535398,0.596101659326769,0.880347065341076
DTLZ2,20,6,12006,"S3_(0.50,0.75]",label_dyn,native,front_final,nondominated,FINAL,20,20,0.5305,0.873913361034634,0.555561449727908,0.8315,1.05161733126831,0.573131241650229,NaN
DTLZ2,20,6,12006,"S3_(0.50,0.75]",label_dyn,native,front_h1,nondominated,H1,20,20,0.5305,0.998507462686567,0.531945269016697,0.9955,1.00305337874634,0.692408781694496,NaN
DTLZ2,20,6,12006,"S3_(0.50,0.75]",label_dyn,native,front_h3,nondominated,H3,20,20,0.5305,0.994003786215979,0.533592145949289,0.9875,1.00659013435768,0.663583615264288,NaN
DTLZ2,20,6,12006,"S3_(0.50,0.75]",label_dyn,native,population_final,retention,FINAL,20,20,0.5305,0.345817627754266,0.590902124221828,0.335,1.05875502434297,0.540830481086631,0.345817627754266
DTLZ2,20,6,12006,"S3_(0.50,0.75]",label_dyn,native,population_h1,retention,H1,20,20,0.5305,0.938683088061032,0.532041933334912,0.9375,1.00090261254269,0.525585687292548,0.938683088061032
DTLZ2,20,6,12006,"S3_(0.50,0.75]",label_dyn,native,population_h3,retention,H3,20,20,0.5305,0.830806568932378,0.532441000429356,0.835,0.993730399076263,0.515152124146302,0.830806568932378
DTLZ2,20,6,12006,"S4_(0.75,1.00]",label_dyn,native,front_final,nondominated,FINAL,21,21,0.617619047619048,0.983476347691573,0.623951678294199,0.974761904761905,1.00913073552001,0.681163170362974,NaN
DTLZ2,20,6,12006,"S4_(0.75,1.00]",label_dyn,native,front_h1,nondominated,H1,21,20,0.617619047619048,0.9984375,0.617589834515367,0.996,1.00253935632925,0.758077226162333,NaN
DTLZ2,20,6,12006,"S4_(0.75,1.00]",label_dyn,native,front_h3,nondominated,H3,21,18,0.617619047619048,0.991372863247863,0.614223440074504,0.986666666666667,1.00488197119403,0.721685893893341,NaN
DTLZ2,20,6,12006,"S4_(0.75,1.00]",label_dyn,native,population_final,retention,FINAL,21,21,0.617619047619048,0.746409707370098,0.633113088631296,0.742857142857143,1.01361976675706,0.503208648241304,0.746409707370098
DTLZ2,20,6,12006,"S4_(0.75,1.00]",label_dyn,native,population_h1,retention,H1,21,20,0.617619047619048,0.966065494326217,0.62139089221348,0.958,1.00878983730151,0.570655763567057,0.966065494326217
DTLZ2,20,6,12006,"S4_(0.75,1.00]",label_dyn,native,population_h3,retention,H3,21,18,0.617619047619048,0.904933558877423,0.623455124331249,0.887777777777778,1.02044633430651,0.541723610292478,0.904933558877423
DTLZ2,20,7,12007,"S1_[0,0.25]",label_dyn,native,front_final,nondominated,FINAL,5,5,0.488,0.557905062780877,0.623941419204577,0.438,1.29076167838865,0.618492371670935,NaN
DTLZ2,20,7,12007,"S1_[0,0.25]",label_dyn,native,front_h1,nondominated,H1,5,5,0.488,1,0.529596806028397,0.92,1.09387260317924,0.760998003767748,NaN
DTLZ2,20,7,12007,"S1_[0,0.25]",label_dyn,native,front_h3,nondominated,H3,5,5,0.488,1,0.529596806028397,0.92,1.09387260317924,0.760998003767748,NaN
DTLZ2,20,7,12007,"S1_[0,0.25]",label_dyn,native,population_final,retention,FINAL,5,5,0.488,0.0681922207732516,0.933333333333333,0.036,1.92607881125676,0.730971971534137,0.0681922207732516
DTLZ2,20,7,12007,"S1_[0,0.25]",label_dyn,native,population_h1,retention,H1,5,5,0.488,0.992857142857143,0.514893617021277,0.94,1.05623100303951,0.724113475177305,0.992857142857143
DTLZ2,20,7,12007,"S1_[0,0.25]",label_dyn,native,population_h3,retention,H3,5,5,0.488,0.96558822942718,0.570092915214866,0.824,1.17205052037328,0.7329631242741,0.96558822942718
DTLZ2,20,7,12007,"S2_(0.25,0.50]",label_dyn,native,front_final,nondominated,FINAL,21,21,0.588571428571429,0.726820807258674,0.580389085616498,0.738095238095238,0.983261611273498,0.489608050833659,NaN
DTLZ2,20,7,12007,"S2_(0.25,0.50]",label_dyn,native,front_h1,nondominated,H1,21,21,0.588571428571429,0.998356009070295,0.589075497442844,0.996666666666667,1.00171727455498,0.566058544629973,NaN
DTLZ2,20,7,12007,"S2_(0.25,0.50]",label_dyn,native,front_h3,nondominated,H3,21,21,0.588571428571429,0.992518825712103,0.589548316968893,0.990476190476191,1.00208948765485,0.563361925352598,NaN
DTLZ2,20,7,12007,"S2_(0.25,0.50]",label_dyn,native,population_final,retention,FINAL,21,21,0.588571428571429,0.10816188674563,0.708456622742337,0.0904761904761905,1.24187941086317,0.56458388556511,0.10816188674563
DTLZ2,20,7,12007,"S2_(0.25,0.50]",label_dyn,native,population_h1,retention,H1,21,21,0.588571428571429,0.9352723896114,0.599181039219328,0.920952380952381,1.01617278409894,0.557441927461072,0.9352723896114
DTLZ2,20,7,12007,"S2_(0.25,0.50]",label_dyn,native,population_h3,retention,H3,21,21,0.588571428571429,0.839050413197752,0.618342737457283,0.804285714285714,1.04337982303524,0.575145887190997,0.839050413197752
DTLZ2,20,7,12007,"S3_(0.50,0.75]",label_dyn,native,front_final,nondominated,FINAL,20,20,0.622,0.931846282921165,0.623317132461527,0.9305,1.00218747779746,0.411683633075683,NaN
DTLZ2,20,7,12007,"S3_(0.50,0.75]",label_dyn,native,front_h1,nondominated,H1,20,20,0.622,0.99609375,0.624672242961717,0.992,1.00436352755432,0.637375051848736,NaN
DTLZ2,20,7,12007,"S3_(0.50,0.75]",label_dyn,native,front_h3,nondominated,H3,20,20,0.622,0.985742827868852,0.628513906896886,0.976,1.01054515736511,0.576336828065551,NaN
DTLZ2,20,7,12007,"S3_(0.50,0.75]",label_dyn,native,population_final,retention,FINAL,20,20,0.622,0.336177551402714,0.715043694264379,0.295,1.14964723060519,0.565282125708027,0.336177551402714
DTLZ2,20,7,12007,"S3_(0.50,0.75]",label_dyn,native,population_h1,retention,H1,20,20,0.622,0.93372876762196,0.630743567541764,0.9215,1.01417449898535,0.555477496771332,0.93372876762196
DTLZ2,20,7,12007,"S3_(0.50,0.75]",label_dyn,native,population_h3,retention,H3,20,20,0.622,0.810398968670602,0.642789143111253,0.785,1.03365620826949,0.545547084839346,0.810398968670602
DTLZ2,20,7,12007,"S4_(0.75,1.00]",label_dyn,native,front_final,nondominated,FINAL,21,21,0.604285714285714,0.996106385603693,0.603947639661925,0.996666666666667,0.999431838820365,0.429112554112554,NaN
DTLZ2,20,7,12007,"S4_(0.75,1.00]",label_dyn,native,front_h1,nondominated,H1,21,20,0.604285714285714,0.999137931034483,0.600106060606061,0.999,1.00013932427726,0.553030303030303,NaN
DTLZ2,20,7,12007,"S4_(0.75,1.00]",label_dyn,native,front_h3,nondominated,H3,21,18,0.604285714285714,0.996353507218646,0.60982317506127,0.996666666666667,0.999688105702831,0.429602143887858,NaN
DTLZ2,20,7,12007,"S4_(0.75,1.00]",label_dyn,native,population_final,retention,FINAL,21,21,0.604285714285714,0.650203272199921,0.686788579063012,0.582857142857143,1.13332806734979,0.582937929596354,0.650203272199921
DTLZ2,20,7,12007,"S4_(0.75,1.00]",label_dyn,native,population_h1,retention,H1,21,20,0.604285714285714,0.925008871315399,0.603641759837585,0.92,1.00619753528825,0.518776008123921,0.925008871315399
DTLZ2,20,7,12007,"S4_(0.75,1.00]",label_dyn,native,population_h3,retention,H3,21,18,0.604285714285714,0.854476387050724,0.619557257202492,0.842777777777778,1.01378286032524,0.538579982035785,0.854476387050724
DTLZ2,20,8,12008,"S1_[0,0.25]",label_dyn,native,front_final,nondominated,FINAL,5,5,0.596,0.277411694374516,0.879920039578136,0.19,1.48291555134274,0.673918259972208,NaN
DTLZ2,20,8,12008,"S1_[0,0.25]",label_dyn,native,front_h1,nondominated,H1,5,5,0.596,0.975363196125908,0.640772189566714,0.908,1.07731432522816,0.763236773516389,NaN
DTLZ2,20,8,12008,"S1_[0,0.25]",label_dyn,native,front_h3,nondominated,H3,5,5,0.596,0.964830508474576,0.644093854408011,0.894,1.08293960442907,0.754774199931278,NaN
DTLZ2,20,8,12008,"S1_[0,0.25]",label_dyn,native,population_final,retention,FINAL,5,5,0.596,0.12995887382164,0.955,0.082,1.60664079632778,0.695133662578457,0.12995887382164
DTLZ2,20,8,12008,"S1_[0,0.25]",label_dyn,native,population_h1,retention,H1,5,5,0.596,0.979247532128888,0.62006718924972,0.942,1.03959303929885,0.703366927958193,0.979247532128888
DTLZ2,20,8,12008,"S1_[0,0.25]",label_dyn,native,population_h3,retention,H3,5,5,0.596,0.923740469481311,0.661256874186642,0.832,1.11030285072276,0.694067979576981,0.923740469481311
DTLZ2,20,8,12008,"S2_(0.25,0.50]",label_dyn,native,front_final,nondominated,FINAL,21,21,0.603333333333333,0.611722427701545,0.713782614198988,0.525238095238095,1.182169572263,0.617516465103808,NaN
DTLZ2,20,8,12008,"S2_(0.25,0.50]",label_dyn,native,front_h1,nondominated,H1,21,21,0.603333333333333,0.985414772719363,0.606158742795105,0.981904761904762,1.00431307123825,0.456906401866627,NaN
DTLZ2,20,8,12008,"S2_(0.25,0.50]",label_dyn,native,front_h3,nondominated,H3,21,21,0.603333333333333,0.954007535723281,0.610982993158852,0.944761904761905,1.01162350677092,0.463676793770706,NaN
DTLZ2,20,8,12008,"S2_(0.25,0.50]",label_dyn,native,population_final,retention,FINAL,21,21,0.603333333333333,0.269167152025855,0.809561975392447,0.201428571428571,1.33826801061415,0.630049887863587,0.269167152025855
DTLZ2,20,8,12008,"S2_(0.25,0.50]",label_dyn,native,population_h1,retention,H1,21,21,0.603333333333333,0.94159112396438,0.618322211863364,0.92,1.02431449216684,0.586079084917331,0.94159112396438
DTLZ2,20,8,12008,"S2_(0.25,0.50]",label_dyn,native,population_h3,retention,H3,21,21,0.603333333333333,0.842328528027354,0.641036898932228,0.792857142857143,1.06261221455723,0.591441134830546,0.842328528027354
DTLZ2,20,8,12008,"S3_(0.50,0.75]",label_dyn,native,front_final,nondominated,FINAL,20,20,0.542,0.900743396057276,0.565979228010811,0.863,1.04417443474374,0.596206751400174,NaN
DTLZ2,20,8,12008,"S3_(0.50,0.75]",label_dyn,native,front_h1,nondominated,H1,20,20,0.542,0.996216105323248,0.543018319105212,0.9945,1.00177538354001,0.521454741578874,NaN
DTLZ2,20,8,12008,"S3_(0.50,0.75]",label_dyn,native,front_h3,nondominated,H3,20,20,0.542,0.989789752190763,0.546747304690633,0.9815,1.00858312451765,0.600053758682644,NaN
DTLZ2,20,8,12008,"S3_(0.50,0.75]",label_dyn,native,population_final,retention,FINAL,20,20,0.542,0.446713299354483,0.576170697917984,0.4215,1.06553624462267,0.527884643257846,0.446713299354483
DTLZ2,20,8,12008,"S3_(0.50,0.75]",label_dyn,native,population_h1,retention,H1,20,20,0.542,0.95468845938544,0.545708695476395,0.9485,1.00707244026005,0.496294920323507,0.95468845938544
DTLZ2,20,8,12008,"S3_(0.50,0.75]",label_dyn,native,population_h3,retention,H3,20,20,0.542,0.891041009663713,0.552382650083236,0.8745,1.01979571744435,0.535720209147708,0.891041009663713
DTLZ2,20,8,12008,"S4_(0.75,1.00]",label_dyn,native,front_final,nondominated,FINAL,21,21,0.635714285714286,0.987107930244048,0.642759106897188,0.976190476190476,1.0112433807595,0.72586519778769,NaN
DTLZ2,20,8,12008,"S4_(0.75,1.00]",label_dyn,native,front_h1,nondominated,H1,21,20,0.635714285714286,0.997558816089046,0.636027907945434,0.9975,1.00005535072508,0.535648582040335,NaN
DTLZ2,20,8,12008,"S4_(0.75,1.00]",label_dyn,native,front_h3,nondominated,H3,21,18,0.635714285714286,0.992095628320973,0.636767734619968,0.992777777777778,0.999301778765754,0.465129944511388,NaN
DTLZ2,20,8,12008,"S4_(0.75,1.00]",label_dyn,native,population_final,retention,FINAL,21,21,0.635714285714286,0.678766969436951,0.669366300897678,0.643809523809524,1.05307614375242,0.564824143360971,0.678766969436951
DTLZ2,20,8,12008,"S4_(0.75,1.00]",label_dyn,native,population_h1,retention,H1,21,20,0.635714285714286,0.956535918049425,0.635909293012419,0.957,0.999897781454725,0.457260202061765,0.956535918049425
DTLZ2,20,8,12008,"S4_(0.75,1.00]",label_dyn,native,population_h3,retention,H3,21,18,0.635714285714286,0.880759291685245,0.633608152291102,0.886666666666667,0.994052599786739,0.467957475215617,0.880759291685245
DTLZ2,20,9,12009,"S1_[0,0.25]",label_dyn,native,front_final,nondominated,FINAL,5,5,0.47,0.211066511711067,0.722073299190004,0.144,1.56277991827076,0.644156351894499,NaN
DTLZ2,20,9,12009,"S1_[0,0.25]",label_dyn,native,front_h1,nondominated,H1,5,5,0.47,0.987656445556946,0.534532043804236,0.87,1.14121229933593,0.742716175613141,NaN
DTLZ2,20,9,12009,"S1_[0,0.25]",label_dyn,native,front_h3,nondominated,H3,5,5,0.47,0.963646841715409,0.544027776585609,0.832,1.16240649395509,0.707060001599787,NaN
DTLZ2,20,9,12009,"S1_[0,0.25]",label_dyn,native,population_final,retention,FINAL,5,5,0.47,0.0171698679471789,0.8,0.01,1.71698679471789,0.666666666666667,0.0171698679471789
DTLZ2,20,9,12009,"S1_[0,0.25]",label_dyn,native,population_h1,retention,H1,5,5,0.47,0.987656445556946,0.492315831617479,0.942,1.04864044241606,0.687824582475406,0.987656445556946
DTLZ2,20,9,12009,"S1_[0,0.25]",label_dyn,native,population_h3,retention,H3,5,5,0.47,0.955643640434897,0.536175075378374,0.836,1.1431879680156,0.701502570368925,0.955643640434897
DTLZ2,20,9,12009,"S2_(0.25,0.50]",label_dyn,native,front_final,nondominated,FINAL,21,21,0.54952380952381,0.543953445585893,0.612871371082169,0.484285714285714,1.115064998528,0.568886444695491,NaN
DTLZ2,20,9,12009,"S2_(0.25,0.50]",label_dyn,native,front_h1,nondominated,H1,21,21,0.54952380952381,0.987552030995198,0.551382020669072,0.984285714285714,1.00346807895531,0.57038935753422,NaN
DTLZ2,20,9,12009,"S2_(0.25,0.50]",label_dyn,native,front_h3,nondominated,H3,21,21,0.54952380952381,0.968354601852585,0.555745996548265,0.957619047619047,1.01177683762582,0.563708590381721,NaN
DTLZ2,20,9,12009,"S2_(0.25,0.50]",label_dyn,native,population_final,retention,FINAL,21,21,0.54952380952381,0.101621871359976,0.873303680446538,0.069047619047619,1.60012354046171,0.671672557637432,0.101621871359976
DTLZ2,20,9,12009,"S2_(0.25,0.50]",label_dyn,native,population_h1,retention,H1,21,21,0.54952380952381,0.944545067506017,0.565364628172609,0.919523809523809,1.02838166980201,0.579977927829287,0.944545067506017
DTLZ2,20,9,12009,"S2_(0.25,0.50]",label_dyn,native,population_h3,retention,H3,21,21,0.54952380952381,0.874641145313166,0.598453292146671,0.804285714285714,1.08895430876293,0.62196172590589,0.874641145313166
DTLZ2,20,9,12009,"S3_(0.50,0.75]",label_dyn,native,front_final,nondominated,FINAL,20,20,0.534,0.815274376632159,0.577972942320298,0.7525,1.08399493901698,0.589841105252563,NaN
DTLZ2,20,9,12009,"S3_(0.50,0.75]",label_dyn,native,front_h1,nondominated,H1,20,20,0.534,0.999166666666667,0.534813131313131,0.9975,1.0016835016835,0.662626262626263,NaN
DTLZ2,20,9,12009,"S3_(0.50,0.75]",label_dyn,native,front_h3,nondominated,H3,20,20,0.534,0.996101034382284,0.534811482168625,0.9935,1.00265042046698,0.539311482168625,NaN
DTLZ2,20,9,12009,"S3_(0.50,0.75]",label_dyn,native,population_final,retention,FINAL,20,20,0.534,0.247657686680783,0.624167844735984,0.2185,1.14736511184689,0.557035298696759,0.247657686680783
DTLZ2,20,9,12009,"S3_(0.50,0.75]",label_dyn,native,population_h1,retention,H1,20,20,0.534,0.909854619853865,0.551668677166662,0.888,1.02480051298292,0.590270882431639,0.909854619853865
DTLZ2,20,9,12009,"S3_(0.50,0.75]",label_dyn,native,population_h3,retention,H3,20,20,0.534,0.79536832733848,0.568931028462536,0.756,1.05235413611105,0.574337591161182,0.79536832733848
DTLZ2,20,9,12009,"S4_(0.75,1.00]",label_dyn,native,front_final,nondominated,FINAL,21,21,0.382380952380952,0.968392256215586,0.415880202269606,0.892380952380952,1.08921482128079,0.618047715435241,NaN
DTLZ2,20,9,12009,"S4_(0.75,1.00]",label_dyn,native,front_h1,nondominated,H1,21,20,0.382380952380952,0.992032930107527,0.383651959151959,0.992,1.00003090973713,0.484970584970585,NaN
DTLZ2,20,9,12009,"S4_(0.75,1.00]",label_dyn,native,front_h3,nondominated,H3,21,18,0.382380952380952,0.982595209801092,0.395694704747024,0.977222222222222,1.00567840622393,0.576393357945678,NaN
DTLZ2,20,9,12009,"S4_(0.75,1.00]",label_dyn,native,population_final,retention,FINAL,21,21,0.382380952380952,0.581971256802013,0.388993574517155,0.579047619047619,1.0137784608318,0.500962094149071,0.581971256802013
DTLZ2,20,9,12009,"S4_(0.75,1.00]",label_dyn,native,population_h1,retention,H1,21,20,0.382380952380952,0.923689347375025,0.379558537404729,0.9345,0.987796181125601,0.476490578226174,0.923689347375025
DTLZ2,20,9,12009,"S4_(0.75,1.00]",label_dyn,native,population_h3,retention,H3,21,18,0.382380952380952,0.805252275053617,0.384313265292056,0.826666666666667,0.973474966151066,0.474703952029096,0.805252275053617
DTLZ2,20,10,12010,"S1_[0,0.25]",label_dyn,native,front_final,nondominated,FINAL,5,5,0.516,0.270633053221288,0.632006366644992,0.224,1.23718590224409,0.572280933946194,NaN
DTLZ2,20,10,12010,"S1_[0,0.25]",label_dyn,native,front_h1,nondominated,H1,5,5,0.516,0.961833333333333,0.56427244060426,0.884,1.09279226384952,0.724744139014026,NaN
DTLZ2,20,10,12010,"S1_[0,0.25]",label_dyn,native,front_h3,nondominated,H3,5,5,0.516,0.893726090436174,0.608622196853997,0.76,1.17965728696695,0.703895759877786,NaN
DTLZ2,20,10,12010,"S1_[0,0.25]",label_dyn,native,population_final,retention,FINAL,5,5,0.516,0.0536762705082033,1,0.028,1.95032012805122,0.748841082824882,0.0536762705082033
DTLZ2,20,10,12010,"S1_[0,0.25]",label_dyn,native,population_h1,retention,H1,5,5,0.516,0.981833333333333,0.546913542109125,0.928,1.05852704946519,0.717046514644306,0.981833333333333
DTLZ2,20,10,12010,"S1_[0,0.25]",label_dyn,native,population_h3,retention,H3,5,5,0.516,0.933313925570228,0.601116124416695,0.8,1.16612440238115,0.717732750265389,0.933313925570228
DTLZ2,20,10,12010,"S2_(0.25,0.50]",label_dyn,native,front_final,nondominated,FINAL,21,21,0.565238095238095,0.680425120541015,0.6321727250566,0.611904761904762,1.12641752252,0.58534140320977,NaN
DTLZ2,20,10,12010,"S2_(0.25,0.50]",label_dyn,native,front_h1,nondominated,H1,21,21,0.565238095238095,0.996227850654053,0.579191320112355,0.971904761904762,1.02789415755864,0.725167651242192,NaN
DTLZ2,20,10,12010,"S2_(0.25,0.50]",label_dyn,native,front_h3,nondominated,H3,21,21,0.565238095238095,0.983856050214647,0.580497401871081,0.958095238095238,1.03003152490098,0.61644214724346,NaN
DTLZ2,20,10,12010,"S2_(0.25,0.50]",label_dyn,native,population_final,retention,FINAL,21,21,0.565238095238095,0.165624463977321,0.881954048130519,0.113809523809524,1.61756995277877,0.673937778504367,0.165624463977321
DTLZ2,20,10,12010,"S2_(0.25,0.50]",label_dyn,native,population_h1,retention,H1,21,21,0.565238095238095,0.958212549714251,0.582416505949466,0.928571428571428,1.03219737267633,0.623177108893169,0.958212549714251
DTLZ2,20,10,12010,"S2_(0.25,0.50]",label_dyn,native,population_h3,retention,H3,21,21,0.565238095238095,0.897608340825623,0.614724866236798,0.822380952380953,1.09223964097132,0.637710859038475,0.897608340825623
DTLZ2,20,10,12010,"S3_(0.50,0.75]",label_dyn,native,front_final,nondominated,FINAL,20,20,0.497,0.91262567230945,0.506587202710022,0.9025,1.01233054036472,0.5280873370311,NaN
DTLZ2,20,10,12010,"S3_(0.50,0.75]",label_dyn,native,front_h1,nondominated,H1,20,20,0.497,0.99765625,0.498449250154607,0.994,1.00370294543007,0.684213214506582,NaN
DTLZ2,20,10,12010,"S3_(0.50,0.75]",label_dyn,native,front_h3,nondominated,H3,20,20,0.497,0.990790378215781,0.500122798111336,0.9835,1.007496642654,0.621159141508097,NaN
DTLZ2,20,10,12010,"S3_(0.50,0.75]",label_dyn,native,population_final,retention,FINAL,20,20,0.497,0.208842376634258,0.449972747402932,0.267,0.794167360090993,0.466650775027486,0.208842376634258
DTLZ2,20,10,12010,"S3_(0.50,0.75]",label_dyn,native,population_h1,retention,H1,20,20,0.497,0.928712243643881,0.50244852154969,0.9225,1.00636907262352,0.571604626359814,0.928712243643881
DTLZ2,20,10,12010,"S3_(0.50,0.75]",label_dyn,native,population_h3,retention,H3,20,20,0.497,0.807290981709349,0.506194810497611,0.807,0.99854612907811,0.534159440435841,0.807290981709349
DTLZ2,20,10,12010,"S4_(0.75,1.00]",label_dyn,native,front_final,nondominated,FINAL,21,21,0.564285714285714,0.980774916098425,0.563689910844252,0.984761904761905,0.995814662157932,0.476826466451127,NaN
DTLZ2,20,10,12010,"S4_(0.75,1.00]",label_dyn,native,front_h1,nondominated,H1,21,20,0.564285714285714,1,0.55980303030303,0.9995,1.00050505050505,0.803030303030303,NaN
DTLZ2,20,10,12010,"S4_(0.75,1.00]",label_dyn,native,front_h3,nondominated,H3,21,18,0.564285714285714,1,0.554747474747475,0.997777777777778,1.00224466891134,0.818181818181818,NaN
DTLZ2,20,10,12010,"S4_(0.75,1.00]",label_dyn,native,population_final,retention,FINAL,21,21,0.564285714285714,0.663702978414611,0.598530372248438,0.637142857142857,1.04236058154048,0.551978245852193,0.663702978414611
DTLZ2,20,10,12010,"S4_(0.75,1.00]",label_dyn,native,population_h1,retention,H1,21,20,0.564285714285714,0.927350031242822,0.56529799642394,0.923,1.00559601760486,0.513670658072939,0.927350031242822
DTLZ2,20,10,12010,"S4_(0.75,1.00]",label_dyn,native,population_h3,retention,H3,21,18,0.564285714285714,0.824973440754099,0.575921042959005,0.804444444444445,1.02895711196059,0.538190865813108,0.824973440754099
DTLZ2,20,11,12011,"S1_[0,0.25]",label_dyn,native,front_final,nondominated,FINAL,5,5,0.478,0.219797464440322,0.746434937611408,0.146,1.56662665066026,0.65470412854325,NaN
DTLZ2,20,11,12011,"S1_[0,0.25]",label_dyn,native,front_h1,nondominated,H1,5,5,0.478,0.883858998144712,0.630363199096062,0.674,1.32113737977587,0.746424943732551,NaN
DTLZ2,20,11,12011,"S1_[0,0.25]",label_dyn,native,front_h3,nondominated,H3,5,5,0.478,0.734547000618429,0.656669365521017,0.534,1.37502641786937,0.695235314808199,NaN
DTLZ2,20,11,12011,"S1_[0,0.25]",label_dyn,native,population_final,retention,FINAL,5,5,0.478,0.012708719851577,1,0.006,2.11811997526283,0.765993265993266,0.012708719851577
DTLZ2,20,11,12011,"S1_[0,0.25]",label_dyn,native,population_h1,retention,H1,5,5,0.478,0.995918367346939,0.51224001912503,0.93,1.07144076851396,0.739453342895848,0.995918367346939
DTLZ2,20,11,12011,"S1_[0,0.25]",label_dyn,native,population_h3,retention,H3,5,5,0.478,0.961873840445269,0.556979136056421,0.826,1.16458139903839,0.726528783714485,0.961873840445269
DTLZ2,20,11,12011,"S2_(0.25,0.50]",label_dyn,native,front_final,nondominated,FINAL,21,21,0.571904761904762,0.665716077366622,0.684053511946828,0.573333333333333,1.20341507447498,0.61474852623138,NaN
DTLZ2,20,11,12011,"S2_(0.25,0.50]",label_dyn,native,front_h1,nondominated,H1,21,21,0.571904761904762,0.972304628164432,0.606343314611944,0.922380952380952,1.06389268741929,0.694709629873963,NaN
DTLZ2,20,11,12011,"S2_(0.25,0.50]",label_dyn,native,front_h3,nondominated,H3,21,21,0.571904761904762,0.947214053812798,0.610129724325201,0.892380952380952,1.0708569620636,0.656243652470874,NaN
DTLZ2,20,11,12011,"S2_(0.25,0.50]",label_dyn,native,population_final,retention,FINAL,21,21,0.571904761904762,0.0924175691199527,0.872720533434819,0.0652380952380952,1.52137472160547,0.659018771655252,0.0924175691199527
DTLZ2,20,11,12011,"S2_(0.25,0.50]",label_dyn,native,population_h1,retention,H1,21,21,0.571904761904762,0.956208688645876,0.584920305206845,0.935714285714286,1.02206293809017,0.604380375237931,0.956208688645876
DTLZ2,20,11,12011,"S2_(0.25,0.50]",label_dyn,native,population_h3,retention,H3,21,21,0.571904761904762,0.882060599907404,0.603757132400843,0.838095238095238,1.05298349058199,0.595755429926981,0.882060599907404
DTLZ2,20,11,12011,"S3_(0.50,0.75]",label_dyn,native,front_final,nondominated,FINAL,20,20,0.5625,0.866284719713114,0.583142131303014,0.8355,1.03663603490751,0.566363003697122,NaN
DTLZ2,20,11,12011,"S3_(0.50,0.75]",label_dyn,native,front_h1,nondominated,H1,20,20,0.5625,0.993962022359066,0.562555309621771,0.9935,1.0004464921786,0.53036996048073,NaN
DTLZ2,20,11,12011,"S3_(0.50,0.75]",label_dyn,native,front_h3,nondominated,H3,20,20,0.5625,0.988397572441168,0.563770474120341,0.986,1.00247336545161,0.547103807453675,NaN
DTLZ2,20,11,12011,"S3_(0.50,0.75]",label_dyn,native,population_final,retention,FINAL,20,20,0.5625,0.301389591412602,0.719228620271771,0.236,1.27918783050159,0.603536594539201,0.301389591412602
DTLZ2,20,11,12011,"S3_(0.50,0.75]",label_dyn,native,population_h1,retention,H1,20,20,0.5625,0.932780697512839,0.572474924163147,0.917,1.0178777599528,0.552503622391851,0.932780697512839
DTLZ2,20,11,12011,"S3_(0.50,0.75]",label_dyn,native,population_h3,retention,H3,20,20,0.5625,0.829448033427471,0.58400536723012,0.8065,1.02895836594484,0.55308357973469,0.829448033427471
DTLZ2,20,11,12011,"S4_(0.75,1.00]",label_dyn,native,front_final,nondominated,FINAL,21,21,0.450952380952381,0.942874449281076,0.461937707773159,0.911428571428571,1.03529380238992,0.558274872338484,NaN
DTLZ2,20,11,12011,"S4_(0.75,1.00]",label_dyn,native,front_h1,nondominated,H1,21,20,0.450952380952381,0.996252371916509,0.444510849109928,0.9945,1.00180848487978,0.649848551346247,NaN
DTLZ2,20,11,12011,"S4_(0.75,1.00]",label_dyn,native,front_h3,nondominated,H3,21,18,0.450952380952381,0.988410452564864,0.42508223577475,0.983888888888889,1.00476243281995,0.58442545960155,NaN
DTLZ2,20,11,12011,"S4_(0.75,1.00]",label_dyn,native,population_final,retention,FINAL,21,21,0.450952380952381,0.580410636050022,0.45763156085872,0.583333333333333,0.998018649910774,0.509920211156165,0.580410636050022
DTLZ2,20,11,12011,"S4_(0.75,1.00]",label_dyn,native,population_h1,retention,H1,21,20,0.450952380952381,0.946719166182671,0.447712758162877,0.9415,1.00567205940375,0.537407966383026,0.946719166182671
DTLZ2,20,11,12011,"S4_(0.75,1.00]",label_dyn,native,population_h3,retention,H3,21,18,0.450952380952381,0.841187985637296,0.428179551185789,0.840555555555556,1.00036792858077,0.517276686418695,0.841187985637296
DTLZ2,20,12,12012,"S1_[0,0.25]",label_dyn,native,front_final,nondominated,FINAL,5,5,0.502,0.365111867815435,0.827986878962111,0.222,1.65398275771675,0.709162356214793,NaN
DTLZ2,20,12,12012,"S1_[0,0.25]",label_dyn,native,front_h1,nondominated,H1,5,5,0.502,0.928474682146095,0.572156051985475,0.814,1.14105220448036,0.688379613294325,NaN
DTLZ2,20,12,12012,"S1_[0,0.25]",label_dyn,native,front_h3,nondominated,H3,5,5,0.502,0.852570636317237,0.585277118641001,0.728,1.16989922693671,0.657031759545784,NaN
DTLZ2,20,12,12012,"S1_[0,0.25]",label_dyn,native,population_final,retention,FINAL,5,5,0.502,0.0959633125366608,0.966666666666667,0.05,1.92997691797884,0.744420959313177,0.0959633125366608
DTLZ2,20,12,12012,"S1_[0,0.25]",label_dyn,native,population_h1,retention,H1,5,5,0.502,0.984246330110992,0.526451131259859,0.938,1.04930575648279,0.700368422772786,0.984246330110992
DTLZ2,20,12,12012,"S1_[0,0.25]",label_dyn,native,population_h3,retention,H3,5,5,0.502,0.910357961773735,0.552012929767852,0.826,1.10226908703913,0.642999928936213,0.910357961773735
DTLZ2,20,12,12012,"S2_(0.25,0.50]",label_dyn,native,front_final,nondominated,FINAL,21,21,0.626190476190476,0.664444138454062,0.724621699884215,0.583809523809524,1.16521274111484,0.602717072165682,NaN
DTLZ2,20,12,12012,"S2_(0.25,0.50]",label_dyn,native,front_h1,nondominated,H1,21,21,0.626190476190476,0.997455691444763,0.638050753051812,0.979047619047619,1.0209497614689,0.793996225248079,NaN
DTLZ2,20,12,12012,"S2_(0.25,0.50]",label_dyn,native,front_h3,nondominated,H3,21,21,0.626190476190476,0.994583431429645,0.641329981041486,0.970952380952381,1.02631428386652,0.766950770448337,NaN
DTLZ2,20,12,12012,"S2_(0.25,0.50]",label_dyn,native,population_final,retention,FINAL,21,21,0.626190476190476,0.136370820871456,0.736339551565115,0.117142857142857,1.16981999400162,0.562356457279022,0.136370820871456
DTLZ2,20,12,12012,"S2_(0.25,0.50]",label_dyn,native,population_h1,retention,H1,21,21,0.626190476190476,0.95148603913786,0.639426840588645,0.931904761904762,1.02094520404236,0.608980238132569,0.95148603913786
DTLZ2,20,12,12012,"S2_(0.25,0.50]",label_dyn,native,population_h3,retention,H3,21,21,0.626190476190476,0.88167322604938,0.661962129873541,0.833809523809524,1.05727843643632,0.611031304678518,0.88167322604938
DTLZ2,20,12,12012,"S3_(0.50,0.75]",label_dyn,native,front_final,nondominated,FINAL,20,20,0.5355,0.849104667851226,0.563978616194698,0.804,1.05592533913856,0.573709968833741,NaN
DTLZ2,20,12,12012,"S3_(0.50,0.75]",label_dyn,native,front_h1,nondominated,H1,20,20,0.5355,1,0.536010101010101,0.999,1.0010101010101,0.755050505050505,NaN
DTLZ2,20,12,12012,"S3_(0.50,0.75]",label_dyn,native,front_h3,nondominated,H3,20,20,0.5355,0.999264705882353,0.537770047412905,0.9955,1.00383365467399,0.733783412354841,NaN
DTLZ2,20,12,12012,"S3_(0.50,0.75]",label_dyn,native,population_final,retention,FINAL,20,20,0.5355,0.28517976415405,0.511028517135109,0.3105,0.923142616229276,0.481140041751446,0.28517976415405
DTLZ2,20,12,12012,"S3_(0.50,0.75]",label_dyn,native,population_h1,retention,H1,20,20,0.5355,0.925517161312468,0.537529844960423,0.927,0.998519887833521,0.502030638854481,0.925517161312468
DTLZ2,20,12,12012,"S3_(0.50,0.75]",label_dyn,native,population_h3,retention,H3,20,20,0.5355,0.832945260494346,0.536737578453403,0.835,0.997332440081987,0.50615147642292,0.832945260494346
DTLZ2,20,12,12012,"S4_(0.75,1.00]",label_dyn,native,front_final,nondominated,FINAL,21,21,0.541904761904762,0.916984086801474,0.543140538698534,0.915238095238095,1.00163507517131,0.552205639270351,NaN
DTLZ2,20,12,12012,"S4_(0.75,1.00]",label_dyn,native,front_h1,nondominated,H1,21,20,0.541904761904762,0.99530303030303,0.535272211915069,0.993,1.00236033807462,0.650810829382258,NaN
DTLZ2,20,12,12012,"S4_(0.75,1.00]",label_dyn,native,front_h3,nondominated,H3,21,18,0.541904761904762,0.985152896237181,0.521405161725746,0.977777777777778,1.00766639371386,0.626493890686241,NaN
DTLZ2,20,12,12012,"S4_(0.75,1.00]",label_dyn,native,population_final,retention,FINAL,21,21,0.541904761904762,0.660354551779815,0.548576676807905,0.658571428571429,0.99861219325722,0.527030367937273,0.660354551779815
DTLZ2,20,12,12012,"S4_(0.75,1.00]",label_dyn,native,population_h1,retention,H1,21,20,0.541904761904762,0.93141908491778,0.535681821570899,0.9315,1.00008591267525,0.51926008371778,0.93141908491778
DTLZ2,20,12,12012,"S4_(0.75,1.00]",label_dyn,native,population_h3,retention,H3,21,18,0.541904761904762,0.825445002601306,0.51810654179377,0.826111111111111,0.998846203191711,0.503216626942683,0.825445002601306
DTLZ2,20,13,12013,"S1_[0,0.25]",label_dyn,native,front_final,nondominated,FINAL,5,5,0.556,0.446156452243409,0.720267379679144,0.346,1.29798539056851,0.626029793735676,NaN
DTLZ2,20,13,12013,"S1_[0,0.25]",label_dyn,native,front_h1,nondominated,H1,5,5,0.556,0.974653172914043,0.595876740100704,0.908,1.07888336806436,0.628389497869901,NaN
DTLZ2,20,13,12013,"S1_[0,0.25]",label_dyn,native,front_h3,nondominated,H3,5,5,0.556,0.967510315771185,0.600768739605227,0.894,1.08819669480034,0.629361642529886,NaN
DTLZ2,20,13,12013,"S1_[0,0.25]",label_dyn,native,population_final,retention,FINAL,5,5,0.556,0.113889805846328,0.832539682539683,0.076,1.50016361312945,0.649753404099738,0.113889805846328
DTLZ2,20,13,12013,"S1_[0,0.25]",label_dyn,native,population_h1,retention,H1,5,5,0.556,0.979430569430569,0.577312430011198,0.942,1.0397766846815,0.681989548338932,0.979430569430569
DTLZ2,20,13,12013,"S1_[0,0.25]",label_dyn,native,population_h3,retention,H3,5,5,0.556,0.933579246840117,0.626946811636791,0.826,1.13039765942575,0.703342686864147,0.933579246840117
DTLZ2,20,13,12013,"S2_(0.25,0.50]",label_dyn,native,front_final,nondominated,FINAL,21,21,0.616190476190476,0.675618161358358,0.677657282582656,0.613809523809524,1.10065116571982,0.582416060772225,NaN
DTLZ2,20,13,12013,"S2_(0.25,0.50]",label_dyn,native,front_h1,nondominated,H1,21,21,0.616190476190476,0.996927570562884,0.616684041582001,0.996190476190476,1.00074901297826,0.560863739435168,NaN
DTLZ2,20,13,12013,"S2_(0.25,0.50]",label_dyn,native,front_h3,nondominated,H3,21,21,0.616190476190476,0.992412713230783,0.618649156751408,0.988571428571428,1.00392693202443,0.608034486611175,NaN
DTLZ2,20,13,12013,"S2_(0.25,0.50]",label_dyn,native,population_final,retention,FINAL,21,21,0.616190476190476,0.191159948938679,0.783521229004422,0.15,1.27570285540055,0.59848066434201,0.191159948938679
DTLZ2,20,13,12013,"S2_(0.25,0.50]",label_dyn,native,population_h1,retention,H1,21,21,0.616190476190476,0.95379067448581,0.634623326603195,0.927142857142857,1.03007563773112,0.60983867410592,0.95379067448581
DTLZ2,20,13,12013,"S2_(0.25,0.50]",label_dyn,native,population_h3,retention,H3,21,21,0.616190476190476,0.880820006560564,0.655204005154671,0.829047619047619,1.06433313642859,0.608503368020218,0.880820006560564
DTLZ2,20,13,12013,"S3_(0.50,0.75]",label_dyn,native,front_final,nondominated,FINAL,20,20,0.5195,0.822504834379524,0.553780330822575,0.77,1.06975717436532,0.582813085323432,NaN
DTLZ2,20,13,12013,"S3_(0.50,0.75]",label_dyn,native,front_h1,nondominated,H1,20,20,0.5195,0.99107358428446,0.518795190222748,0.9915,0.999482302674197,0.439620331045523,NaN
DTLZ2,20,13,12013,"S3_(0.50,0.75]",label_dyn,native,front_h3,nondominated,H3,20,20,0.5195,0.981704749794142,0.521103577650946,0.9765,1.0054296472871,0.537743108427318,NaN
DTLZ2,20,13,12013,"S3_(0.50,0.75]",label_dyn,native,population_final,retention,FINAL,20,20,0.5195,0.256979653069687,0.547204755373545,0.2565,0.997867131191106,0.518776111884065,0.256979653069687
DTLZ2,20,13,12013,"S3_(0.50,0.75]",label_dyn,native,population_h1,retention,H1,20,20,0.5195,0.905614067478701,0.520745352321777,0.91,0.996484557294058,0.480995053783266,0.905614067478701
DTLZ2,20,13,12013,"S3_(0.50,0.75]",label_dyn,native,population_h3,retention,H3,20,20,0.5195,0.766872641581709,0.517440091995679,0.7855,0.980177829915135,0.478610684527294,0.766872641581709
DTLZ2,20,13,12013,"S4_(0.75,1.00]",label_dyn,native,front_final,nondominated,FINAL,21,21,0.608095238095238,0.991861734300951,0.619421839447,0.975238095238095,1.01749188453692,0.753920121081849,NaN
DTLZ2,20,13,12013,"S4_(0.75,1.00]",label_dyn,native,front_h1,nondominated,H1,21,20,0.608095238095238,0.998409090909091,0.604442073799217,0.997,1.00142754071325,0.702355184498042,NaN
DTLZ2,20,13,12013,"S4_(0.75,1.00]",label_dyn,native,front_h3,nondominated,H3,21,18,0.608095238095238,0.995583768230516,0.637525453237284,0.99,1.00569382813279,0.722272907913556,NaN
DTLZ2,20,13,12013,"S4_(0.75,1.00]",label_dyn,native,population_final,retention,FINAL,21,21,0.608095238095238,0.725834533858999,0.656455560971399,0.67952380952381,1.07493108443448,0.588333583624115,0.725834533858999
DTLZ2,20,13,12013,"S4_(0.75,1.00]",label_dyn,native,population_h1,retention,H1,21,20,0.608095238095238,0.968020168945374,0.609154890543809,0.96,1.00830566696064,0.588535778605238,0.968020168945374
DTLZ2,20,13,12013,"S4_(0.75,1.00]",label_dyn,native,population_h3,retention,H3,21,18,0.608095238095238,0.910952304056306,0.650791248385165,0.887777777777778,1.02570897085682,0.590231714028672,0.910952304056306
DTLZ2,20,14,12014,"S1_[0,0.25]",label_dyn,native,front_final,nondominated,FINAL,5,5,0.534,0.375343762884029,0.767441077441078,0.264,1.46849078775193,0.654773342586425,NaN
DTLZ2,20,14,12014,"S1_[0,0.25]",label_dyn,native,front_h1,nondominated,H1,5,5,0.534,0.969172624468215,0.563686025018917,0.916,1.06167644461286,0.661589479922537,NaN
DTLZ2,20,14,12014,"S1_[0,0.25]",label_dyn,native,front_h3,nondominated,H3,5,5,0.534,0.958944687589197,0.568374638001002,0.898,1.0710344909626,0.650853985667168,NaN
DTLZ2,20,14,12014,"S1_[0,0.25]",label_dyn,native,population_final,retention,FINAL,5,5,0.534,0.10545676856093,1,0.056,1.90457663363825,0.746651735722284,0.10545676856093
DTLZ2,20,14,12014,"S1_[0,0.25]",label_dyn,native,population_h1,retention,H1,5,5,0.534,0.977505957801549,0.551494027622247,0.946,1.03338004758215,0.660747013811124,0.977505957801549
DTLZ2,20,14,12014,"S1_[0,0.25]",label_dyn,native,population_h3,retention,H3,5,5,0.534,0.932369098265215,0.583808872386164,0.85,1.09669552496146,0.667678245716891,0.932369098265215
DTLZ2,20,14,12014,"S2_(0.25,0.50]",label_dyn,native,front_final,nondominated,FINAL,21,21,0.59952380952381,0.695942775535664,0.683482901043606,0.62047619047619,1.14004641090916,0.60015919556326,NaN
DTLZ2,20,14,12014,"S2_(0.25,0.50]",label_dyn,native,front_h1,nondominated,H1,21,21,0.59952380952381,0.996774534741274,0.599625506768364,0.996666666666667,1.00011016316611,0.511844636844637,NaN
DTLZ2,20,14,12014,"S2_(0.25,0.50]",label_dyn,native,front_h3,nondominated,H3,21,21,0.59952380952381,0.995286076109958,0.601587172424981,0.991904761904762,1.00348269859241,0.611805442538525,NaN
DTLZ2,20,14,12014,"S2_(0.25,0.50]",label_dyn,native,population_final,retention,FINAL,21,21,0.59952380952381,0.222049618345299,0.913424748775995,0.149047619047619,1.52710977295285,0.68312825968985,0.222049618345299
DTLZ2,20,14,12014,"S2_(0.25,0.50]",label_dyn,native,population_h1,retention,H1,21,21,0.59952380952381,0.948324899545941,0.620270644642445,0.917142857142857,1.03511591858989,0.623120165381254,0.948324899545941
DTLZ2,20,14,12014,"S2_(0.25,0.50]",label_dyn,native,population_h3,retention,H3,21,21,0.59952380952381,0.861345692884003,0.648066987638046,0.796666666666667,1.08216042632451,0.621173391923813,0.861345692884003
DTLZ2,20,14,12014,"S3_(0.50,0.75]",label_dyn,native,front_final,nondominated,FINAL,20,20,0.602,0.887488680787249,0.655792161360478,0.813,1.09196373315141,0.64996475002832,NaN
DTLZ2,20,14,12014,"S3_(0.50,0.75]",label_dyn,native,front_h1,nondominated,H1,20,20,0.602,0.995400364446854,0.602454379319511,0.9945,1.00094177780826,0.519885948298777,NaN
DTLZ2,20,14,12014,"S3_(0.50,0.75]",label_dyn,native,front_h3,nondominated,H3,20,20,0.602,0.985692741389961,0.603838521695115,0.983,1.00290708024514,0.478893212523707,NaN
DTLZ2,20,14,12014,"S3_(0.50,0.75]",label_dyn,native,population_final,retention,FINAL,20,20,0.602,0.441478701308795,0.723245183117283,0.372,1.19985499583042,0.5942655396277,0.441478701308795
DTLZ2,20,14,12014,"S3_(0.50,0.75]",label_dyn,native,population_h1,retention,H1,20,20,0.602,0.934650173844186,0.607890894155444,0.927,1.00847417965923,0.534600241629575,0.934650173844186
DTLZ2,20,14,12014,"S3_(0.50,0.75]",label_dyn,native,population_h3,retention,H3,20,20,0.602,0.839993549133612,0.62463442478559,0.813,1.03452235628749,0.554824847788588,0.839993549133612
DTLZ2,20,14,12014,"S4_(0.75,1.00]",label_dyn,native,front_final,nondominated,FINAL,21,21,0.561428571428571,0.988721985477441,0.591467786743652,0.938571428571428,1.05380535822779,0.739072036709969,NaN
DTLZ2,20,14,12014,"S4_(0.75,1.00]",label_dyn,native,front_h1,nondominated,H1,21,20,0.561428571428571,0.999264705882353,0.555701203067919,0.997,1.00231381524806,0.723448454670841,NaN
DTLZ2,20,14,12014,"S4_(0.75,1.00]",label_dyn,native,front_h3,nondominated,H3,21,18,0.561428571428571,0.997549019607843,0.581403515483044,0.993333333333333,1.00432280934172,0.70452632786948,NaN
DTLZ2,20,14,12014,"S4_(0.75,1.00]",label_dyn,native,population_final,retention,FINAL,21,21,0.561428571428571,0.748030385892217,0.598959373265795,0.701428571428571,1.06794548193516,0.572656186179543,0.748030385892217
DTLZ2,20,14,12014,"S4_(0.75,1.00]",label_dyn,native,population_h1,retention,H1,21,20,0.561428571428571,0.959963220600863,0.55504562178912,0.962,0.998163120954368,0.461684797097851,0.959963220600863
DTLZ2,20,14,12014,"S4_(0.75,1.00]",label_dyn,native,population_h3,retention,H3,21,18,0.561428571428571,0.898562130021177,0.577999566101838,0.902777777777778,0.995949870228298,0.468678591896395,0.898562130021177
DTLZ2,20,15,12015,"S1_[0,0.25]",label_dyn,native,front_final,nondominated,FINAL,5,5,0.56,0.667182166492511,0.740328684857676,0.506,1.32707814368809,0.683752434496393,NaN
DTLZ2,20,15,12015,"S1_[0,0.25]",label_dyn,native,front_h1,nondominated,H1,5,5,0.56,0.981454545454545,0.59006746031746,0.932,1.05522366522367,0.752542162698413,NaN
DTLZ2,20,15,12015,"S1_[0,0.25]",label_dyn,native,front_h3,nondominated,H3,5,5,0.56,0.949142923487751,0.618915803031657,0.86,1.10664047905287,0.729508406566333,NaN
DTLZ2,20,15,12015,"S1_[0,0.25]",label_dyn,native,population_final,retention,FINAL,5,5,0.56,0.0718517855069579,0.754285714285714,0.054,1.36447335186251,0.602123049559382,0.0718517855069579
DTLZ2,20,15,12015,"S1_[0,0.25]",label_dyn,native,population_h1,retention,H1,5,5,0.56,0.971383390555804,0.592802960222017,0.918,1.05874218642728,0.711401480111008,0.971383390555804
DTLZ2,20,15,12015,"S1_[0,0.25]",label_dyn,native,population_h3,retention,H3,5,5,0.56,0.921997180342008,0.638425921803334,0.808,1.14132730922993,0.705234707510303,0.921997180342008
DTLZ2,20,15,12015,"S2_(0.25,0.50]",label_dyn,native,front_final,nondominated,FINAL,21,21,0.59047619047619,0.892433872930162,0.639749943217439,0.822857142857143,1.08489578555454,0.647724121176047,NaN
DTLZ2,20,15,12015,"S2_(0.25,0.50]",label_dyn,native,front_h1,nondominated,H1,21,21,0.59047619047619,0.994751797219989,0.590774206225237,0.994285714285714,1.00046276303533,0.589115624674581,NaN
DTLZ2,20,15,12015,"S2_(0.25,0.50]",label_dyn,native,front_h3,nondominated,H3,21,21,0.59047619047619,0.980822919658035,0.590531620892666,0.98047619047619,1.00027456365501,0.55338183494775,NaN
DTLZ2,20,15,12015,"S2_(0.25,0.50]",label_dyn,native,population_final,retention,FINAL,21,21,0.59047619047619,0.069062492979149,0.784618291761149,0.0561904761904762,1.29835879717511,0.601860200293564,0.069062492979149
DTLZ2,20,15,12015,"S2_(0.25,0.50]",label_dyn,native,population_h1,retention,H1,21,21,0.59047619047619,0.934080777581692,0.610089301496154,0.906190476190476,1.03174861873538,0.605332193892763,0.934080777581692
DTLZ2,20,15,12015,"S2_(0.25,0.50]",label_dyn,native,population_h3,retention,H3,21,21,0.59047619047619,0.821414267822461,0.621731926019095,0.787142857142857,1.04303565284055,0.577499444226559,0.821414267822461
DTLZ2,20,15,12015,"S3_(0.50,0.75]",label_dyn,native,front_final,nondominated,FINAL,20,20,0.5615,0.98702389074726,0.570227468697555,0.9685,1.01944919340855,0.703298258158301,NaN
DTLZ2,20,15,12015,"S3_(0.50,0.75]",label_dyn,native,front_h1,nondominated,H1,20,20,0.5615,0.998550724637681,0.562062564419707,0.9975,1.00106417621946,0.616406411049268,NaN
DTLZ2,20,15,12015,"S3_(0.50,0.75]",label_dyn,native,front_h3,nondominated,H3,20,20,0.5615,0.997058187324248,0.563589462901687,0.9925,1.00464130168514,0.674729032853726,NaN
DTLZ2,20,15,12015,"S3_(0.50,0.75]",label_dyn,native,population_final,retention,FINAL,20,20,0.5615,0.258333492790335,0.559860721826393,0.2615,0.941851706240459,0.504090266074864,0.258333492790335
DTLZ2,20,15,12015,"S3_(0.50,0.75]",label_dyn,native,population_h1,retention,H1,20,20,0.5615,0.915931082163757,0.564308372724371,0.9165,0.999513530854117,0.490999785207785,0.915931082163757
DTLZ2,20,15,12015,"S3_(0.50,0.75]",label_dyn,native,population_h3,retention,H3,20,20,0.5615,0.814685951322143,0.578310275671536,0.8,1.02036840935161,0.534874327510192,0.814685951322143
DTLZ2,20,15,12015,"S4_(0.75,1.00]",label_dyn,native,front_final,nondominated,FINAL,21,21,0.56047619047619,0.998410932782457,0.564853294853295,0.990952380952381,1.00753389073745,0.741892610313663,NaN
DTLZ2,20,15,12015,"S4_(0.75,1.00]",label_dyn,native,front_h1,nondominated,H1,21,20,0.56047619047619,1,0.571671717171717,0.9995,1.00050505050505,0.671717171717172,NaN
DTLZ2,20,15,12015,"S4_(0.75,1.00]",label_dyn,native,front_h3,nondominated,H3,21,18,0.56047619047619,1,0.598338945005612,0.998888888888889,1.00112233445567,0.752525252525253,NaN
DTLZ2,20,15,12015,"S4_(0.75,1.00]",label_dyn,native,population_final,retention,FINAL,21,21,0.56047619047619,0.704345395775693,0.634088181515066,0.632857142857143,1.12290990120784,0.598668410719434,0.704345395775693
DTLZ2,20,15,12015,"S4_(0.75,1.00]",label_dyn,native,population_h1,retention,H1,21,20,0.56047619047619,0.935917220176406,0.574273770256102,0.932,1.00481775364041,0.519110970680619,0.935917220176406
DTLZ2,20,15,12015,"S4_(0.75,1.00]",label_dyn,native,population_h3,retention,H3,21,18,0.56047619047619,0.843198975834266,0.608729183354187,0.827777777777778,1.02123527388192,0.521257178899187,0.843198975834266
DTLZ2,20,16,12016,"S1_[0,0.25]",label_dyn,native,front_final,nondominated,FINAL,5,5,0.53,0.320699255078397,0.806099972134128,0.218,1.54508550170587,0.672119887155895,NaN
DTLZ2,20,16,12016,"S1_[0,0.25]",label_dyn,native,front_h1,nondominated,H1,5,5,0.53,0.989187303801883,0.560423294059892,0.934,1.06301032200649,0.691618725454099,NaN
DTLZ2,20,16,12016,"S1_[0,0.25]",label_dyn,native,front_h3,nondominated,H3,5,5,0.53,0.978210872825452,0.563474018697573,0.918,1.06863846332304,0.65882034268212,NaN
DTLZ2,20,16,12016,"S1_[0,0.25]",label_dyn,native,population_final,retention,FINAL,5,5,0.53,0.0408085564398784,1,0.022,1.90407416802603,0.74014381135147,0.0408085564398784
DTLZ2,20,16,12016,"S1_[0,0.25]",label_dyn,native,population_h1,retention,H1,5,5,0.53,0.990163934426229,0.557564329492227,0.94,1.05330153697531,0.735925021888971,0.990163934426229
DTLZ2,20,16,12016,"S1_[0,0.25]",label_dyn,native,population_h3,retention,H3,5,5,0.53,0.949885681016654,0.607787246547164,0.826,1.14996618267807,0.723828263796458,0.949885681016654
DTLZ2,20,16,12016,"S2_(0.25,0.50]",label_dyn,native,front_final,nondominated,FINAL,21,21,0.573809523809524,0.598802253137071,0.618855607813987,0.561428571428571,1.07904646067982,0.546071618606077,NaN
DTLZ2,20,16,12016,"S2_(0.25,0.50]",label_dyn,native,front_h1,nondominated,H1,21,21,0.573809523809524,0.98815525491215,0.579273783852435,0.97952380952381,1.01020761358662,0.60027431214229,NaN
DTLZ2,20,16,12016,"S2_(0.25,0.50]",label_dyn,native,front_h3,nondominated,H3,21,21,0.573809523809524,0.954951602381238,0.586689794128329,0.935714285714286,1.02341699956421,0.60000049224634,NaN
DTLZ2,20,16,12016,"S2_(0.25,0.50]",label_dyn,native,population_final,retention,FINAL,21,21,0.573809523809524,0.198911920789602,0.727259401900047,0.16047619047619,1.26805540822475,0.589990153493415,0.198911920789602
DTLZ2,20,16,12016,"S2_(0.25,0.50]",label_dyn,native,population_h1,retention,H1,21,21,0.573809523809524,0.961822319518025,0.590073877596183,0.935714285714286,1.02883612064126,0.617661139993721,0.961822319518025
DTLZ2,20,16,12016,"S2_(0.25,0.50]",label_dyn,native,population_h3,retention,H3,21,21,0.573809523809524,0.894098973808111,0.608272254425559,0.843809523809524,1.06020000200122,0.613000368406742,0.894098973808111
DTLZ2,20,16,12016,"S3_(0.50,0.75]",label_dyn,native,front_final,nondominated,FINAL,20,20,0.597,0.840621760018942,0.621563903449929,0.8015,1.04744305659144,0.574056600524775,NaN
DTLZ2,20,16,12016,"S3_(0.50,0.75]",label_dyn,native,front_h1,nondominated,H1,20,20,0.597,0.992735018973278,0.596818084171468,0.9925,1.00019387966463,0.542020093523853,NaN
DTLZ2,20,16,12016,"S3_(0.50,0.75]",label_dyn,native,front_h3,nondominated,H3,20,20,0.597,0.979157937936348,0.597116035824207,0.978,1.00120585860774,0.490558452445612,NaN
DTLZ2,20,16,12016,"S3_(0.50,0.75]",label_dyn,native,population_final,retention,FINAL,20,20,0.597,0.393347167927515,0.704461791758709,0.3325,1.18414662006024,0.580696060314811,0.393347167927515
DTLZ2,20,16,12016,"S3_(0.50,0.75]",label_dyn,native,population_h1,retention,H1,20,20,0.597,0.935508574436785,0.604315452703139,0.926,1.01072862122695,0.551345344289188,0.935508574436785
DTLZ2,20,16,12016,"S3_(0.50,0.75]",label_dyn,native,population_h3,retention,H3,20,20,0.597,0.848490153135925,0.619815055609866,0.8195,1.03658816779055,0.561299314489497,0.848490153135925
DTLZ2,20,16,12016,"S4_(0.75,1.00]",label_dyn,native,front_final,nondominated,FINAL,21,21,0.598571428571428,0.969999848945537,0.607566873081122,0.955714285714286,1.01515949302992,0.643891800286781,NaN
DTLZ2,20,16,12016,"S4_(0.75,1.00]",label_dyn,native,front_h1,nondominated,H1,21,20,0.598571428571428,0.997779826604555,0.610766439909297,0.9955,1.00231600051088,0.618237771298996,NaN
DTLZ2,20,16,12016,"S4_(0.75,1.00]",label_dyn,native,front_h3,nondominated,H3,21,18,0.598571428571428,0.992503253132512,0.640789441744277,0.986111111111111,1.00652431486728,0.654674164930845,NaN
DTLZ2,20,16,12016,"S4_(0.75,1.00]",label_dyn,native,population_final,retention,FINAL,21,21,0.598571428571428,0.746556376803042,0.63809164396551,0.707142857142857,1.06098320794792,0.554787984329268,0.746556376803042
DTLZ2,20,16,12016,"S4_(0.75,1.00]",label_dyn,native,population_h1,retention,H1,21,20,0.598571428571428,0.95528593755515,0.614276579526572,0.948,1.00774938594795,0.544221623096619,0.95528593755515
DTLZ2,20,16,12016,"S4_(0.75,1.00]",label_dyn,native,population_h3,retention,H3,21,18,0.598571428571428,0.888245300658161,0.656298375752457,0.862222222222222,1.03045057404785,0.574940717302674,0.888245300658161
DTLZ2,20,17,12017,"S1_[0,0.25]",label_dyn,native,front_final,nondominated,FINAL,5,5,0.514,0.347389165246788,0.845005428008524,0.212,1.64547286889011,0.710389760766811,NaN
DTLZ2,20,17,12017,"S1_[0,0.25]",label_dyn,native,front_h1,nondominated,H1,5,5,0.514,0.975826635145784,0.587845531868576,0.856,1.14694015289631,0.765256099267621,NaN
DTLZ2,20,17,12017,"S1_[0,0.25]",label_dyn,native,front_h3,nondominated,H3,5,5,0.514,0.968236230562898,0.585960784313726,0.852,1.14333980350881,0.729313725490196,NaN
DTLZ2,20,17,12017,"S1_[0,0.25]",label_dyn,native,population_final,retention,FINAL,5,5,0.514,0.0878037918165898,1,0.046,1.95494274355257,0.75450497361416,0.0878037918165898
DTLZ2,20,17,12017,"S1_[0,0.25]",label_dyn,native,population_h1,retention,H1,5,5,0.514,0.98408195429472,0.539556453576123,0.938,1.04937670520221,0.696444893454728,0.98408195429472
DTLZ2,20,17,12017,"S1_[0,0.25]",label_dyn,native,population_h3,retention,H3,5,5,0.514,0.9542011428436,0.596267998824567,0.822,1.1609089158605,0.730486940588754,0.9542011428436
DTLZ2,20,17,12017,"S2_(0.25,0.50]",label_dyn,native,front_final,nondominated,FINAL,21,21,0.572380952380952,0.843824837893698,0.711141865946118,0.696190476190476,1.25171503040935,0.724959433496804,NaN
DTLZ2,20,17,12017,"S2_(0.25,0.50]",label_dyn,native,front_h1,nondominated,H1,21,21,0.572380952380952,0.989206217469966,0.577029205189688,0.982380952380952,1.00797271267934,0.613023708835861,NaN
DTLZ2,20,17,12017,"S2_(0.25,0.50]",label_dyn,native,front_h3,nondominated,H3,21,21,0.572380952380952,0.964288464939703,0.580690787381742,0.951428571428571,1.01509241474377,0.627702868910715,NaN
DTLZ2,20,17,12017,"S2_(0.25,0.50]",label_dyn,native,population_final,retention,FINAL,21,21,0.572380952380952,0.236466499508467,0.809854694750759,0.170476190476191,1.42452391350911,0.641300133342815,0.236466499508467
DTLZ2,20,17,12017,"S2_(0.25,0.50]",label_dyn,native,population_h1,retention,H1,21,21,0.572380952380952,0.960098553401236,0.59043100293686,0.931428571428571,1.03161071605049,0.620609750076964,0.960098553401236
DTLZ2,20,17,12017,"S2_(0.25,0.50]",label_dyn,native,population_h3,retention,H3,21,21,0.572380952380952,0.889744223118225,0.615153814577026,0.828571428571429,1.07500790325115,0.620962641805961,0.889744223118225
DTLZ2,20,17,12017,"S3_(0.50,0.75]",label_dyn,native,front_final,nondominated,FINAL,20,20,0.595,0.971036528819644,0.621792562175919,0.931,1.04312874834672,0.688842709659388,NaN
DTLZ2,20,17,12017,"S3_(0.50,0.75]",label_dyn,native,front_h1,nondominated,H1,20,20,0.595,0.996883252359901,0.595675118532261,0.9965,1.00039223754748,0.601350237064523,NaN
DTLZ2,20,17,12017,"S3_(0.50,0.75]",label_dyn,native,front_h3,nondominated,H3,20,20,0.595,0.99327214124879,0.597001958359101,0.991,1.00230822279679,0.62730919873777,NaN
DTLZ2,20,17,12017,"S3_(0.50,0.75]",label_dyn,native,population_final,retention,FINAL,20,20,0.595,0.405224918284046,0.743971098082853,0.337,1.22262049209897,0.60782989070865,0.405224918284046
DTLZ2,20,17,12017,"S3_(0.50,0.75]",label_dyn,native,population_h1,retention,H1,20,20,0.595,0.94480319699324,0.599994824722913,0.9375,1.00726280863314,0.563420031409076,0.94480319699324
DTLZ2,20,17,12017,"S3_(0.50,0.75]",label_dyn,native,population_h3,retention,H3,20,20,0.595,0.859284630128949,0.613194443489651,0.833,1.03152262269868,0.559763653753363,0.859284630128949
DTLZ2,20,17,12017,"S4_(0.75,1.00]",label_dyn,native,front_final,nondominated,FINAL,21,21,0.481904761904762,0.999289267945984,0.492829528718704,0.980476190476191,1.01948956738155,0.779142504295533,NaN
DTLZ2,20,17,12017,"S4_(0.75,1.00]",label_dyn,native,front_h1,nondominated,H1,21,20,0.481904761904762,1,0.490683673469388,0.999,1.00102040816327,0.841836734693878,NaN
DTLZ2,20,17,12017,"S4_(0.75,1.00]",label_dyn,native,front_h3,nondominated,H3,21,18,0.481904761904762,1,0.51108843537415,0.996666666666667,1.00340136054422,0.746598639455782,NaN
DTLZ2,20,17,12017,"S4_(0.75,1.00]",label_dyn,native,population_final,retention,FINAL,21,21,0.481904761904762,0.704115227398982,0.501966518286184,0.68952380952381,1.02469380169467,0.544258504130234,0.704115227398982
DTLZ2,20,17,12017,"S4_(0.75,1.00]",label_dyn,native,population_h1,retention,H1,21,20,0.481904761904762,0.952363624911178,0.489380383452274,0.955,0.997031709113833,0.499007620436448,0.952363624911178
DTLZ2,20,17,12017,"S4_(0.75,1.00]",label_dyn,native,population_h3,retention,H3,21,18,0.481904761904762,0.857056066805152,0.504867806558252,0.87,0.983392989488023,0.49554928916412,0.857056066805152
DTLZ2,20,18,12018,"S1_[0,0.25]",label_dyn,native,front_final,nondominated,FINAL,5,5,0.532,0.224276871019671,0.802331002331002,0.15,1.51185241254755,0.658602150369933,NaN
DTLZ2,20,18,12018,"S1_[0,0.25]",label_dyn,native,front_h1,nondominated,H1,5,5,0.532,0.966752436647173,0.557829501753799,0.926,1.04733649846044,0.694574459329776,NaN
DTLZ2,20,18,12018,"S1_[0,0.25]",label_dyn,native,front_h3,nondominated,H3,5,5,0.532,0.901948372786506,0.573218956162968,0.838,1.07684655527867,0.641695353304659,NaN
DTLZ2,20,18,12018,"S1_[0,0.25]",label_dyn,native,population_final,retention,FINAL,5,5,0.532,0.0823464014010191,1,0.044,1.88322143853425,0.744703014184397,0.0823464014010191
DTLZ2,20,18,12018,"S1_[0,0.25]",label_dyn,native,population_h1,retention,H1,5,5,0.532,0.962867884919523,0.559650300802241,0.918,1.05055153733235,0.657724310064986,0.962867884919523
DTLZ2,20,18,12018,"S1_[0,0.25]",label_dyn,native,population_h3,retention,H3,5,5,0.532,0.894457000427209,0.583307889947725,0.816,1.09596099511948,0.641295204986639,0.894457000427209
DTLZ2,20,18,12018,"S2_(0.25,0.50]",label_dyn,native,front_final,nondominated,FINAL,21,21,0.60952380952381,0.513033164239299,0.688430294019486,0.470952380952381,1.13407222958551,0.557709132397698,NaN
DTLZ2,20,18,12018,"S2_(0.25,0.50]",label_dyn,native,front_h1,nondominated,H1,21,21,0.60952380952381,0.975518988279122,0.611531483994069,0.971428571428571,1.00397822843475,0.591710418865181,NaN
DTLZ2,20,18,12018,"S2_(0.25,0.50]",label_dyn,native,front_h3,nondominated,H3,21,21,0.60952380952381,0.92062511077549,0.607673581238024,0.921428571428571,0.997970630509926,0.529956855369447,NaN
DTLZ2,20,18,12018,"S2_(0.25,0.50]",label_dyn,native,population_final,retention,FINAL,21,21,0.60952380952381,0.174624194488335,0.801894270978747,0.137142857142857,1.32332912175502,0.609117488573789,0.174624194488335
DTLZ2,20,18,12018,"S2_(0.25,0.50]",label_dyn,native,population_h1,retention,H1,21,21,0.60952380952381,0.949564389932741,0.622009406908226,0.929047619047619,1.0219094872884,0.605021401042239,0.949564389932741
DTLZ2,20,18,12018,"S2_(0.25,0.50]",label_dyn,native,population_h3,retention,H3,21,21,0.60952380952381,0.867120533451703,0.637672020340227,0.826666666666667,1.04867138798427,0.585584380172022,0.867120533451703
DTLZ2,20,18,12018,"S3_(0.50,0.75]",label_dyn,native,front_final,nondominated,FINAL,20,20,0.577,0.927116742377808,0.599335343550479,0.8925,1.03875647946128,0.605740904098472,NaN
DTLZ2,20,18,12018,"S3_(0.50,0.75]",label_dyn,native,front_h1,nondominated,H1,20,20,0.577,0.999285714285714,0.577540404040404,0.998,1.0012987012987,0.63510101010101,NaN
DTLZ2,20,18,12018,"S3_(0.50,0.75]",label_dyn,native,front_h3,nondominated,H3,20,20,0.577,0.996945719345163,0.578911770768914,0.9925,1.00451941530404,0.627911770768914,NaN
DTLZ2,20,18,12018,"S3_(0.50,0.75]",label_dyn,native,population_final,retention,FINAL,20,20,0.577,0.286126998447882,0.574491217943418,0.302,0.944100911802971,0.499099835730724,0.286126998447882
DTLZ2,20,18,12018,"S3_(0.50,0.75]",label_dyn,native,population_h1,retention,H1,20,20,0.577,0.932492198036622,0.579480363767016,0.933,0.998864016395837,0.513654088025675,0.932492198036622
DTLZ2,20,18,12018,"S3_(0.50,0.75]",label_dyn,native,population_h3,retention,H3,20,20,0.577,0.825746681035893,0.585549585074005,0.8205,1.00456591433053,0.539302794024243,0.825746681035893
DTLZ2,20,18,12018,"S4_(0.75,1.00]",label_dyn,native,front_final,nondominated,FINAL,21,21,0.543809523809524,0.964906816141963,0.556242663514427,0.941428571428571,1.02516094648841,0.60252541421809,NaN
DTLZ2,20,18,12018,"S4_(0.75,1.00]",label_dyn,native,front_h1,nondominated,H1,21,20,0.543809523809524,0.99712215320911,0.538346027406178,0.9945,1.00269627242261,0.688910045676963,NaN
DTLZ2,20,18,12018,"S4_(0.75,1.00]",label_dyn,native,front_h3,nondominated,H3,21,18,0.543809523809524,0.995323895323895,0.523525550774791,0.989444444444445,1.00607028071205,0.656006329030645,NaN
DTLZ2,20,18,12018,"S4_(0.75,1.00]",label_dyn,native,population_final,retention,FINAL,21,21,0.543809523809524,0.652014029202802,0.550011091713843,0.665238095238095,0.978165100497268,0.506202761802241,0.652014029202802
DTLZ2,20,18,12018,"S4_(0.75,1.00]",label_dyn,native,population_h1,retention,H1,21,20,0.543809523809524,0.938328538525889,0.538112206681776,0.94,0.998677058282821,0.488609674769459,0.938328538525889
DTLZ2,20,18,12018,"S4_(0.75,1.00]",label_dyn,native,population_h3,retention,H3,21,18,0.543809523809524,0.835786310882696,0.523704796807728,0.846666666666667,0.990365074142245,0.484421772232614,0.835786310882696
DTLZ2,20,19,12019,"S1_[0,0.25]",label_dyn,native,front_final,nondominated,FINAL,5,5,0.498,0.167375605760699,0.781008771929825,0.112,1.57100594594465,0.657389773191845,NaN
DTLZ2,20,19,12019,"S1_[0,0.25]",label_dyn,native,front_h1,nondominated,H1,5,5,0.498,0.980461538461538,0.544249394998598,0.9,1.0953497247543,0.714511932480184,NaN
DTLZ2,20,19,12019,"S1_[0,0.25]",label_dyn,native,front_h3,nondominated,H3,5,5,0.498,0.918867927103952,0.546893002093678,0.836,1.10031712514726,0.664311028676073,NaN
DTLZ2,20,19,12019,"S1_[0,0.25]",label_dyn,native,population_final,retention,FINAL,5,5,0.498,0.0356295133437991,0.8,0.02,1.57739403453689,0.655092264959717,0.0356295133437991
DTLZ2,20,19,12019,"S1_[0,0.25]",label_dyn,native,population_h1,retention,H1,5,5,0.498,0.988307692307692,0.524525280256234,0.938,1.05363321190363,0.71464359250907,0.988307692307692
DTLZ2,20,19,12019,"S1_[0,0.25]",label_dyn,native,population_h3,retention,H3,5,5,0.498,0.923655996177735,0.560947312284368,0.82,1.12617991052876,0.676311289441118,0.923655996177735
DTLZ2,20,19,12019,"S2_(0.25,0.50]",label_dyn,native,front_final,nondominated,FINAL,21,21,0.593333333333333,0.528639553742802,0.693311179882224,0.457142857142857,1.16860312790163,0.590502370421438,NaN
DTLZ2,20,19,12019,"S2_(0.25,0.50]",label_dyn,native,front_h1,nondominated,H1,21,21,0.593333333333333,0.979498758041147,0.597832905836412,0.972380952380952,1.00784455485282,0.56126801977211,NaN
DTLZ2,20,19,12019,"S2_(0.25,0.50]",label_dyn,native,front_h3,nondominated,H3,21,21,0.593333333333333,0.955799898554472,0.606241373352321,0.935714285714286,1.02190777573158,0.618416695724352,NaN
DTLZ2,20,19,12019,"S2_(0.25,0.50]",label_dyn,native,population_final,retention,FINAL,21,21,0.593333333333333,0.146474016723537,0.859633752490896,0.1,1.45478295510792,0.64841185313308,0.146474016723537
DTLZ2,20,19,12019,"S2_(0.25,0.50]",label_dyn,native,population_h1,retention,H1,21,21,0.593333333333333,0.95907832918816,0.610717930539158,0.932380952380952,1.02918776316128,0.624625809536424,0.95907832918816
DTLZ2,20,19,12019,"S2_(0.25,0.50]",label_dyn,native,population_h3,retention,H3,21,21,0.593333333333333,0.896324156878905,0.634381683691954,0.838571428571428,1.06887070849386,0.63026268615412,0.896324156878905
DTLZ2,20,19,12019,"S3_(0.50,0.75]",label_dyn,native,front_final,nondominated,FINAL,20,20,0.5605,0.803607071441807,0.574067357569506,0.787,1.02203927797957,0.528974925302905,NaN
DTLZ2,20,19,12019,"S3_(0.50,0.75]",label_dyn,native,front_h1,nondominated,H1,20,20,0.5605,0.988318014063626,0.560560186754582,0.989,0.999330330223388,0.476950233443228,NaN
DTLZ2,20,19,12019,"S3_(0.50,0.75]",label_dyn,native,front_h3,nondominated,H3,20,20,0.5605,0.971250492530897,0.561439128540154,0.972,0.999244803129286,0.502640526766168,NaN
DTLZ2,20,19,12019,"S3_(0.50,0.75]",label_dyn,native,population_final,retention,FINAL,20,20,0.5605,0.25836644255225,0.600152902508797,0.271,0.991921793057022,0.522400350838958,0.25836644255225
DTLZ2,20,19,12019,"S3_(0.50,0.75]",label_dyn,native,population_h1,retention,H1,20,20,0.5605,0.93129676991247,0.564621190873327,0.929,1.00206004748554,0.547078243724049,0.93129676991247
DTLZ2,20,19,12019,"S3_(0.50,0.75]",label_dyn,native,population_h3,retention,H3,20,20,0.5605,0.847004952640194,0.576901568003224,0.838,1.01167612868989,0.544643349605942,0.847004952640194
DTLZ2,20,19,12019,"S4_(0.75,1.00]",label_dyn,native,front_final,nondominated,FINAL,21,21,0.564761904761905,0.946827537313569,0.590449993612348,0.903333333333333,1.04832339043425,0.636967529252765,NaN
DTLZ2,20,19,12019,"S4_(0.75,1.00]",label_dyn,native,front_h1,nondominated,H1,21,20,0.564761904761905,0.996027924891671,0.558585581085581,0.9945,1.00165650697668,0.566581566581567,NaN
DTLZ2,20,19,12019,"S4_(0.75,1.00]",label_dyn,native,front_h3,nondominated,H3,21,18,0.564761904761905,0.997583511016347,0.587506709608159,0.993333333333334,1.00451269594683,0.680012077294686,NaN
DTLZ2,20,19,12019,"S4_(0.75,1.00]",label_dyn,native,population_final,retention,FINAL,21,21,0.564761904761905,0.61398920163045,0.612072745144063,0.582857142857143,1.06262498119063,0.542810229688351,0.61398920163045
DTLZ2,20,19,12019,"S4_(0.75,1.00]",label_dyn,native,population_h1,retention,H1,21,20,0.564761904761905,0.928524647057206,0.561821771309235,0.928,1.00031894600698,0.529857158608243,0.928524647057206
DTLZ2,20,19,12019,"S4_(0.75,1.00]",label_dyn,native,population_h3,retention,H3,21,18,0.564761904761905,0.850952720138764,0.604295644906915,0.833333333333333,1.02194033860845,0.552400858890705,0.850952720138764
DTLZ2,20,20,12020,"S1_[0,0.25]",label_dyn,native,front_final,nondominated,FINAL,5,5,0.558,0.301439004345408,0.72021645021645,0.234,1.2934719631764,0.605185206726303,NaN
DTLZ2,20,20,12020,"S1_[0,0.25]",label_dyn,native,front_h1,nondominated,H1,5,5,0.558,0.92803964508398,0.636409807721868,0.812,1.14345144756333,0.711397822053852,NaN
DTLZ2,20,20,12020,"S1_[0,0.25]",label_dyn,native,front_h3,nondominated,H3,5,5,0.558,0.884876748866897,0.675591274397245,0.73,1.21405125597068,0.716947152350137,NaN
DTLZ2,20,20,12020,"S1_[0,0.25]",label_dyn,native,population_final,retention,FINAL,5,5,0.558,0.100608307948209,0.8,0.07,1.43726154211728,0.63010752688172,0.100608307948209
DTLZ2,20,20,12020,"S1_[0,0.25]",label_dyn,native,population_h1,retention,H1,5,5,0.558,0.978226896256453,0.590153389411183,0.924,1.05965124883234,0.71412431375321,0.978226896256453
DTLZ2,20,20,12020,"S1_[0,0.25]",label_dyn,native,population_h3,retention,H3,5,5,0.558,0.930745215375757,0.634718458295694,0.816,1.14068540265024,0.708294901662467,0.930745215375757
DTLZ2,20,20,12020,"S2_(0.25,0.50]",label_dyn,native,front_final,nondominated,FINAL,21,21,0.604761904761905,0.569342365718074,0.656392217980602,0.525714285714286,1.08707134149309,0.554963962005656,NaN
DTLZ2,20,20,12020,"S2_(0.25,0.50]",label_dyn,native,front_h1,nondominated,H1,21,21,0.604761904761905,0.982549998692148,0.609563179302928,0.975238095238095,1.00849147026992,0.478962015325056,NaN
DTLZ2,20,20,12020,"S2_(0.25,0.50]",label_dyn,native,front_h3,nondominated,H3,21,21,0.604761904761905,0.949634254869319,0.608127511550036,0.945238095238095,1.00601825638445,0.447593709309698,NaN
DTLZ2,20,20,12020,"S2_(0.25,0.50]",label_dyn,native,population_final,retention,FINAL,21,21,0.604761904761905,0.161769596077605,0.722387511828025,0.13,1.20369812922628,0.569789635234017,0.161769596077605
DTLZ2,20,20,12020,"S2_(0.25,0.50]",label_dyn,native,population_h1,retention,H1,21,21,0.604761904761905,0.960111329876978,0.618775146938852,0.938095238095238,1.02356985049155,0.633799272881125,0.960111329876978
DTLZ2,20,20,12020,"S2_(0.25,0.50]",label_dyn,native,population_h3,retention,H3,21,21,0.604761904761905,0.891037105634371,0.645091821704451,0.835238095238095,1.06678707009099,0.624580495491299,0.891037105634371
DTLZ2,20,20,12020,"S3_(0.50,0.75]",label_dyn,native,front_final,nondominated,FINAL,20,20,0.5795,0.851503126529161,0.600840793990813,0.8215,1.03689278693561,0.567848974072783,NaN
DTLZ2,20,20,12020,"S3_(0.50,0.75]",label_dyn,native,front_h1,nondominated,H1,20,20,0.5795,0.986262882858382,0.577543821806142,0.9895,0.996624819373904,0.422270913117936,NaN
DTLZ2,20,20,12020,"S3_(0.50,0.75]",label_dyn,native,front_h3,nondominated,H3,20,20,0.5795,0.96398714018583,0.574634337252692,0.972,0.9915731303448,0.41129590737481,NaN
DTLZ2,20,20,12020,"S3_(0.50,0.75]",label_dyn,native,population_final,retention,FINAL,20,20,0.5795,0.442069864328122,0.707509865355591,0.3635,1.22093959975141,0.601746030935153,0.442069864328122
DTLZ2,20,20,12020,"S3_(0.50,0.75]",label_dyn,native,population_h1,retention,H1,20,20,0.5795,0.939227280729825,0.581429532819402,0.936,1.00348497439507,0.517068933076368,0.939227280729825
DTLZ2,20,20,12020,"S3_(0.50,0.75]",label_dyn,native,population_h3,retention,H3,20,20,0.5795,0.84429528513253,0.585752801723366,0.835,1.01087283736495,0.521882002816201,0.84429528513253
DTLZ2,20,20,12020,"S4_(0.75,1.00]",label_dyn,native,front_final,nondominated,FINAL,21,21,0.641428571428571,0.981090044691865,0.656667935938512,0.958571428571429,1.02351115586779,0.705884988377419,NaN
DTLZ2,20,20,12020,"S4_(0.75,1.00]",label_dyn,native,front_h1,nondominated,H1,21,20,0.641428571428571,0.99764163372859,0.641789734075448,0.998,0.99963338311729,0.482632446918161,NaN
DTLZ2,20,20,12020,"S4_(0.75,1.00]",label_dyn,native,front_h3,nondominated,H3,21,18,0.641428571428571,0.993106493561168,0.64674568817426,0.993888888888889,0.999194021772545,0.506338899196042,NaN
DTLZ2,20,20,12020,"S4_(0.75,1.00]",label_dyn,native,population_final,retention,FINAL,21,21,0.641428571428571,0.757479130346847,0.683196096657773,0.714285714285714,1.06601641287407,0.587314932422279,0.757479130346847
DTLZ2,20,20,12020,"S4_(0.75,1.00]",label_dyn,native,population_h1,retention,H1,21,20,0.641428571428571,0.963244290190658,0.644400248549899,0.9595,1.00399104108721,0.503807148359596,0.963244290190658
DTLZ2,20,20,12020,"S4_(0.75,1.00]",label_dyn,native,population_h3,retention,H3,21,18,0.641428571428571,0.896944216865245,0.651218737964889,0.891111111111111,1.00668889678542,0.517519188465793,0.896944216865245
DTLZ2,20,21,12021,"S1_[0,0.25]",label_dyn,native,front_final,nondominated,FINAL,5,5,0.522,0.213102382251318,0.762724530371589,0.148,1.46325408163122,0.640427434269993,NaN
DTLZ2,20,21,12021,"S1_[0,0.25]",label_dyn,native,front_h1,nondominated,H1,5,5,0.522,0.915190640722556,0.5456686968019,0.876,1.0483399649381,0.581425756992359,NaN
DTLZ2,20,21,12021,"S1_[0,0.25]",label_dyn,native,front_h3,nondominated,H3,5,5,0.522,0.854543250287931,0.550429949526487,0.81,1.05633821875177,0.569857831906101,NaN
DTLZ2,20,21,12021,"S1_[0,0.25]",label_dyn,native,population_final,retention,FINAL,5,5,0.522,0,0,0.01,0,0.236363636363636,0
DTLZ2,20,21,12021,"S1_[0,0.25]",label_dyn,native,population_h1,retention,H1,5,5,0.522,0.966115051221434,0.535005599104143,0.942,1.02554232772717,0.617502799552072,0.966115051221434
DTLZ2,20,21,12021,"S1_[0,0.25]",label_dyn,native,population_h3,retention,H3,5,5,0.522,0.86730920773474,0.549989297751077,0.822,1.05497119435554,0.579621411861434,0.86730920773474
DTLZ2,20,21,12021,"S2_(0.25,0.50]",label_dyn,native,front_final,nondominated,FINAL,21,21,0.536190476190476,0.516338165137506,0.635944513925325,0.437142857142857,1.18718635524928,0.593509423231336,NaN
DTLZ2,20,21,12021,"S2_(0.25,0.50]",label_dyn,native,front_h1,nondominated,H1,21,21,0.536190476190476,0.986680184894471,0.537802820115979,0.983809523809524,1.00284073279157,0.593708112636929,NaN
DTLZ2,20,21,12021,"S2_(0.25,0.50]",label_dyn,native,front_h3,nondominated,H3,21,21,0.536190476190476,0.971666144205923,0.539037534748284,0.966190476190476,1.00545219751905,0.585628055478812,NaN
DTLZ2,20,21,12021,"S2_(0.25,0.50]",label_dyn,native,population_final,retention,FINAL,21,21,0.536190476190476,0.0754346699864911,0.592616642616643,0.0538095238095238,1.08879087655683,0.534821066411781,0.0754346699864911
DTLZ2,20,21,12021,"S2_(0.25,0.50]",label_dyn,native,population_h1,retention,H1,21,21,0.536190476190476,0.950021040809566,0.556091704425461,0.917142857142857,1.03625495153663,0.623795439926604,0.950021040809566
DTLZ2,20,21,12021,"S2_(0.25,0.50]",label_dyn,native,population_h3,retention,H3,21,21,0.536190476190476,0.862671446460658,0.582278814952874,0.796190476190476,1.0842024360594,0.612847180265747,0.862671446460658
DTLZ2,20,21,12021,"S3_(0.50,0.75]",label_dyn,native,front_final,nondominated,FINAL,20,20,0.6225,0.873280017457599,0.656215684788672,0.8335,1.05180973669172,0.584013709517234,NaN
DTLZ2,20,21,12021,"S3_(0.50,0.75]",label_dyn,native,front_h1,nondominated,H1,20,20,0.6225,0.995401602448336,0.624531999746285,0.9925,1.00306942261147,0.683619555048127,NaN
DTLZ2,20,21,12021,"S3_(0.50,0.75]",label_dyn,native,front_h3,nondominated,H3,20,20,0.6225,0.986100158075698,0.628153187090687,0.978,1.00859688990744,0.680374246480016,NaN
DTLZ2,20,21,12021,"S3_(0.50,0.75]",label_dyn,native,population_final,retention,FINAL,20,20,0.6225,0.319766434134797,0.78319650650372,0.267,1.24489125038507,0.603415618286725,0.319766434134797
DTLZ2,20,21,12021,"S3_(0.50,0.75]",label_dyn,native,population_h1,retention,H1,20,20,0.6225,0.938733248714229,0.640519676244158,0.9145,1.02833853730061,0.57211046298741,0.938733248714229
DTLZ2,20,21,12021,"S3_(0.50,0.75]",label_dyn,native,population_h3,retention,H3,20,20,0.6225,0.845380799031511,0.657109903863645,0.804,1.05486116072218,0.575027939151387,0.845380799031511
DTLZ2,20,21,12021,"S4_(0.75,1.00]",label_dyn,native,front_final,nondominated,FINAL,21,21,0.568095238095238,0.991366068296879,0.57377176331991,0.981428571428571,1.01033114262209,0.699963955896278,NaN
DTLZ2,20,21,12021,"S4_(0.75,1.00]",label_dyn,native,front_h1,nondominated,H1,21,20,0.568095238095238,0.998387096774194,0.562613577389719,0.997,1.00140906359016,0.659823035743507,NaN
DTLZ2,20,21,12021,"S4_(0.75,1.00]",label_dyn,native,front_h3,nondominated,H3,21,18,0.568095238095238,0.992378060071849,0.549315133946946,0.99,1.00239082254642,0.615796615428427,NaN
DTLZ2,20,21,12021,"S4_(0.75,1.00]",label_dyn,native,population_final,retention,FINAL,21,21,0.568095238095238,0.648754815775839,0.592735170786353,0.632857142857143,1.03064008299346,0.530115704728038,0.648754815775839
DTLZ2,20,21,12021,"S4_(0.75,1.00]",label_dyn,native,population_h1,retention,H1,21,20,0.568095238095238,0.914328924161844,0.560903693890753,0.9195,0.992783365412905,0.496417692685616,0.914328924161844
DTLZ2,20,21,12021,"S4_(0.75,1.00]",label_dyn,native,population_h3,retention,H3,21,18,0.568095238095238,0.813768442823474,0.557116151248301,0.803888888888889,1.01173061972927,0.522726057794061,0.813768442823474
DTLZ2,20,22,12022,"S1_[0,0.25]",label_dyn,native,front_final,nondominated,FINAL,5,5,0.544,0.332427637721755,0.81175350140056,0.222,1.49741896758703,0.672444867047526,NaN
DTLZ2,20,22,12022,"S1_[0,0.25]",label_dyn,native,front_h1,nondominated,H1,5,5,0.544,0.913845315904139,0.689331600543841,0.72,1.26918409076183,0.763413716961995,NaN
DTLZ2,20,22,12022,"S1_[0,0.25]",label_dyn,native,front_h3,nondominated,H3,5,5,0.544,0.831870525988173,0.715710784313725,0.632,1.31734970676724,0.733619281045752,NaN
DTLZ2,20,22,12022,"S1_[0,0.25]",label_dyn,native,population_final,retention,FINAL,5,5,0.544,0.0441783380018674,1,0.024,1.84516028633676,0.733599831685251,0.0441783380018674
DTLZ2,20,22,12022,"S1_[0,0.25]",label_dyn,native,population_h1,retention,H1,5,5,0.544,0.985602240896359,0.574002153369274,0.934,1.05528008059019,0.733826473510034,0.985602240896359
DTLZ2,20,22,12022,"S1_[0,0.25]",label_dyn,native,population_h3,retention,H3,5,5,0.544,0.948678804855275,0.621525713886952,0.83,1.14294347118153,0.730182361587439,0.948678804855275
DTLZ2,20,22,12022,"S2_(0.25,0.50]",label_dyn,native,front_final,nondominated,FINAL,21,21,0.588095238095238,0.665235965875277,0.645771801476353,0.620952380952381,1.09169430631948,0.568998453991445,NaN
DTLZ2,20,22,12022,"S2_(0.25,0.50]",label_dyn,native,front_h1,nondominated,H1,21,21,0.588095238095238,0.968642864271308,0.620953063249086,0.922380952380952,1.05849157484798,0.660739684311204,NaN
DTLZ2,20,22,12022,"S2_(0.25,0.50]",label_dyn,native,front_h3,nondominated,H3,21,21,0.588095238095238,0.942296505905558,0.622436375376407,0.896190476190476,1.06174354360265,0.608514109632153,NaN
DTLZ2,20,22,12022,"S2_(0.25,0.50]",label_dyn,native,population_final,retention,FINAL,21,21,0.588095238095238,0.0873204591695348,0.63001443001443,0.0871428571428572,1.05683921331912,0.521348656934497,0.0873204591695348
DTLZ2,20,22,12022,"S2_(0.25,0.50]",label_dyn,native,population_h1,retention,H1,21,21,0.588095238095238,0.964848211231589,0.603679964631455,0.939047619047619,1.02772763543971,0.622616626306657,0.964848211231589
DTLZ2,20,22,12022,"S2_(0.25,0.50]",label_dyn,native,population_h3,retention,H3,21,21,0.588095238095238,0.8969416379482,0.627059904640783,0.839047619047619,1.06924033715802,0.619398132925967,0.8969416379482
DTLZ2,20,22,12022,"S3_(0.50,0.75]",label_dyn,native,front_final,nondominated,FINAL,20,20,0.5345,0.910410358472981,0.534122706434775,0.9085,1.00248583977401,0.498115611459146,NaN
DTLZ2,20,22,12022,"S3_(0.50,0.75]",label_dyn,native,front_h1,nondominated,H1,20,20,0.5345,0.996130047763786,0.534486463626375,0.996,1.00012520050608,0.520306260586084,NaN
DTLZ2,20,22,12022,"S3_(0.50,0.75]",label_dyn,native,front_h3,nondominated,H3,20,20,0.5345,0.988845224699606,0.534413952272568,0.9885,1.00032359106573,0.533406623278092,NaN
DTLZ2,20,22,12022,"S3_(0.50,0.75]",label_dyn,native,population_final,retention,FINAL,20,20,0.5345,0.274076516964219,0.630244214935391,0.2355,1.15112258432192,0.563957767974949,0.274076516964219
DTLZ2,20,22,12022,"S3_(0.50,0.75]",label_dyn,native,population_h1,retention,H1,20,20,0.5345,0.954746864525699,0.540361422199503,0.9445,1.011416656974,0.548603330147371,0.954746864525699
DTLZ2,20,22,12022,"S3_(0.50,0.75]",label_dyn,native,population_h3,retention,H3,20,20,0.5345,0.868557180235371,0.552285754721932,0.8435,1.0312721489967,0.551723716610284,0.868557180235371
DTLZ2,20,22,12022,"S4_(0.75,1.00]",label_dyn,native,front_final,nondominated,FINAL,21,21,0.493809523809524,0.990489961601832,0.494076773566569,0.98952380952381,1.00100917004376,0.494100765306122,NaN
DTLZ2,20,22,12022,"S4_(0.75,1.00]",label_dyn,native,front_h1,nondominated,H1,21,20,0.493809523809524,0.998494112318841,0.483836734693878,0.998,1.00050419624371,0.584183673469388,NaN
DTLZ2,20,22,12022,"S4_(0.75,1.00]",label_dyn,native,front_h3,nondominated,H3,21,18,0.493809523809524,0.994866894575588,0.500056689342404,0.993333333333334,1.00156485841046,0.545918367346939,NaN
DTLZ2,20,22,12022,"S4_(0.75,1.00]",label_dyn,native,population_final,retention,FINAL,21,21,0.493809523809524,0.549868268685207,0.497395137620419,0.578095238095238,0.959576145754897,0.491745103112375,0.549868268685207
DTLZ2,20,22,12022,"S4_(0.75,1.00]",label_dyn,native,population_h1,retention,H1,21,20,0.493809523809524,0.928348092369925,0.487719048507314,0.9275,1.00156616227163,0.523294618591767,0.928348092369925
DTLZ2,20,22,12022,"S4_(0.75,1.00]",label_dyn,native,population_h3,retention,H3,21,18,0.493809523809524,0.824610458932907,0.513020413799026,0.813333333333333,1.01199219517818,0.543230116406779,0.824610458932907
DTLZ2,20,23,12023,"S1_[0,0.25]",label_dyn,native,front_final,nondominated,FINAL,5,5,0.556,0.406664240931482,0.619820669203739,0.37,1.1276444848991,0.544858973533559,NaN
DTLZ2,20,23,12023,"S1_[0,0.25]",label_dyn,native,front_h1,nondominated,H1,5,5,0.556,0.988758116883117,0.568371903541626,0.966,1.02526138934329,0.568491737799839,NaN
DTLZ2,20,23,12023,"S1_[0,0.25]",label_dyn,native,front_h3,nondominated,H3,5,5,0.556,0.978166983878191,0.565727500325794,0.96,1.02059148734756,0.453772841071988,NaN
DTLZ2,20,23,12023,"S1_[0,0.25]",label_dyn,native,population_final,retention,FINAL,5,5,0.556,0.0365231751007613,0.566666666666667,0.036,1.04092028660994,0.505283505154639,0.0365231751007613
DTLZ2,20,23,12023,"S1_[0,0.25]",label_dyn,native,population_h1,retention,H1,5,5,0.556,0.968549876847291,0.570929451287794,0.942,1.02816756215557,0.632131392310564,0.968549876847291
DTLZ2,20,23,12023,"S1_[0,0.25]",label_dyn,native,population_h3,retention,H3,5,5,0.556,0.898144312583968,0.607603719622527,0.82,1.09558917854789,0.642980410019225,0.898144312583968
DTLZ2,20,23,12023,"S2_(0.25,0.50]",label_dyn,native,front_final,nondominated,FINAL,21,21,0.443333333333333,0.725386928194636,0.502899160968677,0.627142857142857,1.1517264278522,0.584114788365942,NaN
DTLZ2,20,23,12023,"S2_(0.25,0.50]",label_dyn,native,front_h1,nondominated,H1,21,21,0.443333333333333,0.999134199134199,0.44410883503667,0.997142857142857,1.00204120916398,0.610785691971259,NaN
DTLZ2,20,23,12023,"S2_(0.25,0.50]",label_dyn,native,front_h3,nondominated,H3,21,21,0.443333333333333,0.997691197691198,0.446035302303186,0.991904761904762,1.00594427810492,0.677967111946309,NaN
DTLZ2,20,23,12023,"S2_(0.25,0.50]",label_dyn,native,population_final,retention,FINAL,21,21,0.443333333333333,0.0911571495770407,0.480405705405705,0.107142857142857,0.972734610553205,0.516731585615175,0.0911571495770407
DTLZ2,20,23,12023,"S2_(0.25,0.50]",label_dyn,native,population_h1,retention,H1,21,21,0.443333333333333,0.917635787985373,0.445524448648959,0.918571428571428,0.999137643022474,0.508839837187806,0.917635787985373
DTLZ2,20,23,12023,"S2_(0.25,0.50]",label_dyn,native,population_h3,retention,H3,21,21,0.443333333333333,0.815129409608118,0.446713691223555,0.821428571428572,0.991004979688485,0.512840821020123,0.815129409608118
DTLZ2,20,23,12023,"S3_(0.50,0.75]",label_dyn,native,front_final,nondominated,FINAL,20,20,0.454,0.918806799866821,0.509793252826391,0.8135,1.12944657096147,0.653460728977298,NaN
DTLZ2,20,23,12023,"S3_(0.50,0.75]",label_dyn,native,front_h1,nondominated,H1,20,20,0.454,0.997794117647059,0.455974127949052,0.993,1.00495864851421,0.654948255898104,NaN
DTLZ2,20,23,12023,"S3_(0.50,0.75]",label_dyn,native,front_h3,nondominated,H3,20,20,0.454,0.990330433394525,0.459015399409776,0.98,1.01082570105081,0.635439196127178,NaN
DTLZ2,20,23,12023,"S3_(0.50,0.75]",label_dyn,native,population_final,retention,FINAL,20,20,0.454,0.266017719202677,0.427434003495089,0.295,0.902343002761612,0.481315783066722,0.266017719202677
DTLZ2,20,23,12023,"S3_(0.50,0.75]",label_dyn,native,population_h1,retention,H1,20,20,0.454,0.924644084867345,0.452754257677518,0.9315,0.99162505557807,0.510929104640735,0.924644084867345
DTLZ2,20,23,12023,"S3_(0.50,0.75]",label_dyn,native,population_h3,retention,H3,20,20,0.454,0.808626072192715,0.447324176796442,0.8315,0.970086957673289,0.489559904481123,0.808626072192715
DTLZ2,20,23,12023,"S4_(0.75,1.00]",label_dyn,native,front_final,nondominated,FINAL,21,21,0.514285714285714,0.984789632662265,0.532815926390144,0.953809523809524,1.03398523663518,0.696436960438912,NaN
DTLZ2,20,23,12023,"S4_(0.75,1.00]",label_dyn,native,front_h1,nondominated,H1,21,20,0.514285714285714,0.998507462686567,0.507943370218736,0.9945,1.00412203030622,0.704886740437473,NaN
DTLZ2,20,23,12023,"S4_(0.75,1.00]",label_dyn,native,front_h3,nondominated,H3,21,18,0.514285714285714,0.994280338857008,0.497926640759166,0.980555555555556,1.01446574794917,0.701967310016583,NaN
DTLZ2,20,23,12023,"S4_(0.75,1.00]",label_dyn,native,population_final,retention,FINAL,21,21,0.514285714285714,0.718493305503955,0.537142994272393,0.713809523809524,1.0202661004689,0.524357310076362,0.718493305503955
DTLZ2,20,23,12023,"S4_(0.75,1.00]",label_dyn,native,population_h1,retention,H1,21,20,0.514285714285714,0.936217676860323,0.509541290106149,0.9365,1.00095585098001,0.490152478443092,0.936217676860323
DTLZ2,20,23,12023,"S4_(0.75,1.00]",label_dyn,native,population_h3,retention,H3,21,18,0.514285714285714,0.850016309660226,0.495641140411092,0.853888888888889,0.998513374968895,0.486011670645958,0.850016309660226
DTLZ2,20,24,12024,"S1_[0,0.25]",label_dyn,native,front_final,nondominated,FINAL,5,5,0.576,0.268481056233927,0.856836496836497,0.182,1.49244545490217,0.671523516034324,NaN
DTLZ2,20,24,12024,"S1_[0,0.25]",label_dyn,native,front_h1,nondominated,H1,5,5,0.576,0.960992649292267,0.643174051684824,0.862,1.11675343374865,0.747228051483438,NaN
DTLZ2,20,24,12024,"S1_[0,0.25]",label_dyn,native,front_h3,nondominated,H3,5,5,0.576,0.905200170099022,0.682251537261074,0.766,1.18644436699956,0.72536759162236,NaN
DTLZ2,20,24,12024,"S1_[0,0.25]",label_dyn,native,population_final,retention,FINAL,5,5,0.576,0.0343478524998481,1,0.02,1.74128748759695,0.716252149094564,0.0343478524998481
DTLZ2,20,24,12024,"S1_[0,0.25]",label_dyn,native,population_h1,retention,H1,5,5,0.576,0.989994532531438,0.611489361702128,0.932,1.0626419376812,0.755744680851064,0.989994532531438
DTLZ2,20,24,12024,"S1_[0,0.25]",label_dyn,native,population_h3,retention,H3,5,5,0.576,0.952420873579977,0.663414634146341,0.826,1.15310932796694,0.750988362824805,0.952420873579977
DTLZ2,20,24,12024,"S2_(0.25,0.50]",label_dyn,native,front_final,nondominated,FINAL,21,21,0.618095238095238,0.577606162370174,0.714778386716084,0.509047619047619,1.15702955743857,0.60223167750988,NaN
DTLZ2,20,24,12024,"S2_(0.25,0.50]",label_dyn,native,front_h1,nondominated,H1,21,21,0.618095238095238,0.984312414239955,0.62602336532806,0.972380952380952,1.01278105617423,0.688446095424616,NaN
DTLZ2,20,24,12024,"S2_(0.25,0.50]",label_dyn,native,front_h3,nondominated,H3,21,21,0.618095238095238,0.957921581152246,0.636109168918534,0.933333333333333,1.0281405548722,0.64903458400818,NaN
DTLZ2,20,24,12024,"S2_(0.25,0.50]",label_dyn,native,population_final,retention,FINAL,21,21,0.618095238095238,0.133019507806758,0.866932900015607,0.0985714285714286,1.39946513269888,0.636697933937763,0.133019507806758
DTLZ2,20,24,12024,"S2_(0.25,0.50]",label_dyn,native,population_h1,retention,H1,21,21,0.618095238095238,0.954785984573188,0.63340022608435,0.931904761904762,1.02512006257731,0.619798403640465,0.954785984573188
DTLZ2,20,24,12024,"S2_(0.25,0.50]",label_dyn,native,population_h3,retention,H3,21,21,0.618095238095238,0.862879430254464,0.650593899232887,0.821428571428571,1.05210377389481,0.584210382984115,0.862879430254464
DTLZ2,20,24,12024,"S3_(0.50,0.75]",label_dyn,native,front_final,nondominated,FINAL,20,20,0.5775,0.891985531265394,0.592693178712375,0.869,1.02681064541578,0.566180027117257,NaN
DTLZ2,20,24,12024,"S3_(0.50,0.75]",label_dyn,native,front_h1,nondominated,H1,20,20,0.5775,0.997469302186283,0.577439703153989,0.9975,0.999969575531121,0.481099257884972,NaN
DTLZ2,20,24,12024,"S3_(0.50,0.75]",label_dyn,native,front_h3,nondominated,H3,20,20,0.5775,0.994716909871211,0.578632921897281,0.9925,1.0022518750423,0.58224205020965,NaN
DTLZ2,20,24,12024,"S3_(0.50,0.75]",label_dyn,native,population_final,retention,FINAL,20,20,0.5775,0.343687487338112,0.706469134750377,0.285,1.23339788225476,0.586546519698811,0.343687487338112
DTLZ2,20,24,12024,"S3_(0.50,0.75]",label_dyn,native,population_h1,retention,H1,20,20,0.5775,0.950654429568794,0.585186259681993,0.939,1.01406428612573,0.539295871543738,0.950654429568794
DTLZ2,20,24,12024,"S3_(0.50,0.75]",label_dyn,native,population_h3,retention,H3,20,20,0.5775,0.869456413219342,0.597537546557267,0.8425,1.03726125355925,0.539064645434915,0.869456413219342
DTLZ2,20,24,12024,"S4_(0.75,1.00]",label_dyn,native,front_final,nondominated,FINAL,21,21,0.605238095238095,0.979424836336879,0.606731379450961,0.977142857142857,1.0024318607601,0.499946493771894,NaN
DTLZ2,20,24,12024,"S4_(0.75,1.00]",label_dyn,native,front_h1,nondominated,H1,21,20,0.605238095238095,0.997630666824215,0.601885384456813,0.997,1.00064734434934,0.511770768913626,NaN
DTLZ2,20,24,12024,"S4_(0.75,1.00]",label_dyn,native,front_h3,nondominated,H3,21,18,0.605238095238095,0.992915100776902,0.635896130815129,0.990555555555555,1.00240701425946,0.604414649333648,NaN
DTLZ2,20,24,12024,"S4_(0.75,1.00]",label_dyn,native,population_final,retention,FINAL,21,21,0.605238095238095,0.590088660250385,0.602167447722882,0.601904761904762,0.986816173829442,0.483978903342241,0.590088660250385
DTLZ2,20,24,12024,"S4_(0.75,1.00]",label_dyn,native,population_h1,retention,H1,21,20,0.605238095238095,0.938786148560702,0.602061174340841,0.942,0.99663316247991,0.501825405097592,0.938786148560702
DTLZ2,20,24,12024,"S4_(0.75,1.00]",label_dyn,native,population_h3,retention,H3,21,18,0.605238095238095,0.867942051040167,0.646277414923138,0.851666666666667,1.01913399174491,0.541596317914793,0.867942051040167
DTLZ2,20,25,12025,"S1_[0,0.25]",label_dyn,native,front_final,nondominated,FINAL,5,5,0.598,0.320818156103993,0.670547108579705,0.284,1.12542915232457,0.551310709083165,NaN
DTLZ2,20,25,12025,"S1_[0,0.25]",label_dyn,native,front_h1,nondominated,H1,5,5,0.598,0.86105370331179,0.659391306253517,0.784,1.10107520242898,0.634979178030973,NaN
DTLZ2,20,25,12025,"S1_[0,0.25]",label_dyn,native,front_h3,nondominated,H3,5,5,0.598,0.844472741356949,0.669901985301064,0.758,1.11830572407942,0.64194445670282,NaN
DTLZ2,20,25,12025,"S1_[0,0.25]",label_dyn,native,population_final,retention,FINAL,5,5,0.598,0.0710177663459608,0.756190476190476,0.056,1.27087194866225,0.583705179214337,0.0710177663459608
DTLZ2,20,25,12025,"S1_[0,0.25]",label_dyn,native,population_h1,retention,H1,5,5,0.598,0.955705739468529,0.608510638297872,0.94,1.01670823347716,0.58758865248227,0.955705739468529
DTLZ2,20,25,12025,"S1_[0,0.25]",label_dyn,native,population_h3,retention,H3,5,5,0.598,0.885182869503639,0.644637084925066,0.822,1.07682821288278,0.631468869259919,0.885182869503639
DTLZ2,20,25,12025,"S2_(0.25,0.50]",label_dyn,native,front_final,nondominated,FINAL,21,21,0.565238095238095,0.648713521739107,0.593115422864732,0.623333333333333,1.05173982631997,0.534199678877761,NaN
DTLZ2,20,25,12025,"S2_(0.25,0.50]",label_dyn,native,front_h1,nondominated,H1,21,21,0.565238095238095,0.986929670113883,0.569096321320526,0.98,1.00749158919999,0.56542918147345,NaN
DTLZ2,20,25,12025,"S2_(0.25,0.50]",label_dyn,native,front_h3,nondominated,H3,21,21,0.565238095238095,0.96425046450935,0.575057545454736,0.947619047619048,1.01834403323544,0.598904355084601,NaN
DTLZ2,20,25,12025,"S2_(0.25,0.50]",label_dyn,native,population_final,retention,FINAL,21,21,0.565238095238095,0.225593355677973,0.80167820735836,0.156666666666667,1.43701721734483,0.641386546853943,0.225593355677973
DTLZ2,20,25,12025,"S2_(0.25,0.50]",label_dyn,native,population_h1,retention,H1,21,21,0.565238095238095,0.948396112595157,0.57848594121618,0.926190476190476,1.02396890619005,0.596897749691441,0.948396112595157
DTLZ2,20,25,12025,"S2_(0.25,0.50]",label_dyn,native,population_h3,retention,H3,21,21,0.565238095238095,0.881332830784412,0.604699201025929,0.82047619047619,1.07320607767474,0.61922725141935,0.881332830784412
DTLZ2,20,25,12025,"S3_(0.50,0.75]",label_dyn,native,front_final,nondominated,FINAL,20,20,0.606,0.899492176621333,0.610921192561807,0.8865,1.0144713813923,0.522408925729233,NaN
DTLZ2,20,25,12025,"S3_(0.50,0.75]",label_dyn,native,front_h1,nondominated,H1,20,20,0.606,0.996973775017253,0.606645667198299,0.996,1.00102242871122,0.540364167995747,NaN
DTLZ2,20,25,12025,"S3_(0.50,0.75]",label_dyn,native,front_h3,nondominated,H3,20,20,0.606,0.987168463108361,0.605736939751977,0.9875,0.999712756600696,0.436447449793314,NaN
DTLZ2,20,25,12025,"S3_(0.50,0.75]",label_dyn,native,population_final,retention,FINAL,20,20,0.606,0.443565476775995,0.746480244500898,0.372,1.21215063933792,0.607269350929652,0.443565476775995
DTLZ2,20,25,12025,"S3_(0.50,0.75]",label_dyn,native,population_h1,retention,H1,20,20,0.606,0.935460929114222,0.619769112945728,0.9155,1.02396171589146,0.547786784869944,0.935460929114222
DTLZ2,20,25,12025,"S3_(0.50,0.75]",label_dyn,native,population_h3,retention,H3,20,20,0.606,0.843938968196481,0.635574609503797,0.807,1.04887132703255,0.563056606953501,0.843938968196481
DTLZ2,20,25,12025,"S4_(0.75,1.00]",label_dyn,native,front_final,nondominated,FINAL,21,21,0.51,0.986731373571197,0.508789284073924,0.987142857142857,0.999521505696432,0.463728748277621,NaN
DTLZ2,20,25,12025,"S4_(0.75,1.00]",label_dyn,native,front_h1,nondominated,H1,21,20,0.51,0.997803500846979,0.515870645227788,0.998,0.999804354208645,0.42456881742596,NaN
DTLZ2,20,25,12025,"S4_(0.75,1.00]",label_dyn,native,front_h3,nondominated,H3,21,18,0.51,0.993461238938774,0.534188941569894,0.993333333333334,1.00012483375546,0.487837559266131,NaN
DTLZ2,20,25,12025,"S4_(0.75,1.00]",label_dyn,native,population_final,retention,FINAL,21,21,0.51,0.77589869516092,0.552145794870794,0.726190476190476,1.07194496086415,0.59595619850812,0.77589869516092
DTLZ2,20,25,12025,"S4_(0.75,1.00]",label_dyn,native,population_h1,retention,H1,21,20,0.51,0.949030213138103,0.515606755226558,0.951,0.99797441405191,0.510953872951274,0.949030213138103
DTLZ2,20,25,12025,"S4_(0.75,1.00]",label_dyn,native,population_h3,retention,H3,21,18,0.51,0.877334897120798,0.542293235383909,0.869444444444444,1.00978149563249,0.521346042378608,0.877334897120798
DTLZ4,10,1,21001,"S1_[0,0.25]",label_dyn,native,front_final,nondominated,FINAL,5,5,0.32,0.906592130987292,0.302035808291292,0.96,0.944100755655405,0.284351237478979,NaN
DTLZ4,10,1,21001,"S1_[0,0.25]",label_dyn,native,front_h1,nondominated,H1,5,5,0.32,0.975177174975562,0.314497629354772,0.992,0.98292354087285,0.155414691128977,NaN
DTLZ4,10,1,21001,"S1_[0,0.25]",label_dyn,native,front_h3,nondominated,H3,5,5,0.32,0.969116568914956,0.313087993335416,0.99,0.97865191657177,0.15423999444618,NaN
DTLZ4,10,1,21001,"S1_[0,0.25]",label_dyn,native,population_final,retention,FINAL,5,5,0.32,0.125048875855327,1,0.04,3.12622189638319,0.854166666666667,0.125048875855327
DTLZ4,10,1,21001,"S1_[0,0.25]",label_dyn,native,population_h1,retention,H1,5,5,0.32,0.962866568914956,0.3222345620577,0.956,1.00717396961808,0.524450614362183,0.962866568914956
DTLZ4,10,1,21001,"S1_[0,0.25]",label_dyn,native,population_h3,retention,H3,5,5,0.32,0.919293743890518,0.340131139861748,0.866,1.06367178116085,0.56121170320936,0.919293743890518
DTLZ4,10,1,21001,"S2_(0.25,0.50]",label_dyn,native,front_final,nondominated,FINAL,21,21,0.541428571428571,0.894220138586683,0.527854415867641,0.92,0.972237142992513,0.385977644269971,NaN
DTLZ4,10,1,21001,"S2_(0.25,0.50]",label_dyn,native,front_h1,nondominated,H1,21,21,0.541428571428571,0.996621059606983,0.540606060606061,0.998095238095238,0.998510930819945,0.284090909090909,NaN
DTLZ4,10,1,21001,"S2_(0.25,0.50]",label_dyn,native,front_h3,nondominated,H3,21,21,0.541428571428571,0.991426048362904,0.539350649350649,0.995714285714286,0.995668447119817,0.257575757575758,NaN
DTLZ4,10,1,21001,"S2_(0.25,0.50]",label_dyn,native,population_final,retention,FINAL,21,21,0.541428571428571,0.231567437273144,0.928511936783767,0.143333333333333,1.77882247517348,0.721027383280975,0.231567437273144
DTLZ4,10,1,21001,"S2_(0.25,0.50]",label_dyn,native,population_h1,retention,H1,21,21,0.541428571428571,0.975297988402482,0.555965688300769,0.95,1.0267959086991,0.64087966954721,0.975297988402482
DTLZ4,10,1,21001,"S2_(0.25,0.50]",label_dyn,native,population_h3,retention,H3,21,21,0.541428571428571,0.936264972460936,0.592350242251793,0.856666666666667,1.09403726149052,0.672374873099643,0.936264972460936
DTLZ4,10,1,21001,"S3_(0.50,0.75]",label_dyn,native,front_final,nondominated,FINAL,20,20,0.4335,0.917707133491832,0.423874633922707,0.9405,0.975840884197609,0.415816285215322,NaN
DTLZ4,10,1,21001,"S3_(0.50,0.75]",label_dyn,native,front_h1,nondominated,H1,20,20,0.4335,0.996836577868853,0.433106060606061,0.9975,0.999329876635205,0.421212121212121,NaN
DTLZ4,10,1,21001,"S3_(0.50,0.75]",label_dyn,native,front_h3,nondominated,H3,20,20,0.4335,0.990290574824214,0.432215213358071,0.9925,0.997742608231083,0.437468375780064,NaN
DTLZ4,10,1,21001,"S3_(0.50,0.75]",label_dyn,native,population_final,retention,FINAL,20,20,0.4335,0.463960737980548,0.492410740480586,0.427,1.10626498487941,0.544830353004278,0.463960737980548
DTLZ4,10,1,21001,"S3_(0.50,0.75]",label_dyn,native,population_h1,retention,H1,20,20,0.4335,0.97485290043399,0.443334793392638,0.953,1.02322348124286,0.607500730029652,0.97485290043399
DTLZ4,10,1,21001,"S3_(0.50,0.75]",label_dyn,native,population_h3,retention,H3,20,20,0.4335,0.930223965907265,0.46326184117563,0.8655,1.07495889922779,0.610121964073054,0.930223965907265
DTLZ4,10,1,21001,"S4_(0.75,1.00]",label_dyn,native,front_final,nondominated,FINAL,21,21,0.381428571428571,0.970542235721583,0.378538521074814,0.978095238095238,0.992213137953245,0.425960066938366,NaN
DTLZ4,10,1,21001,"S4_(0.75,1.00]",label_dyn,native,front_h1,nondominated,H1,21,20,0.381428571428571,0.994703959511181,0.37992784992785,0.9975,0.997171708340619,0.249819624819625,NaN
DTLZ4,10,1,21001,"S4_(0.75,1.00]",label_dyn,native,front_h3,nondominated,H3,21,18,0.381428571428571,0.98952101081604,0.379287119269937,0.994444444444445,0.994998822592243,0.29087512334935,NaN
DTLZ4,10,1,21001,"S4_(0.75,1.00]",label_dyn,native,population_final,retention,FINAL,21,21,0.381428571428571,0.796137288975905,0.394233574124577,0.771428571428571,1.03097767913871,0.547304734380794,0.796137288975905
DTLZ4,10,1,21001,"S4_(0.75,1.00]",label_dyn,native,population_h1,retention,H1,21,20,0.381428571428571,0.969656766431715,0.381730439869925,0.968,1.0018020482412,0.501698553268296,0.969656766431715
DTLZ4,10,1,21001,"S4_(0.75,1.00]",label_dyn,native,population_h3,retention,H3,21,18,0.381428571428571,0.913043372972416,0.381139177708203,0.913888888888889,0.999184843618601,0.496657251191764,0.913043372972416
DTLZ4,10,2,21002,"S1_[0,0.25]",label_dyn,native,front_final,nondominated,FINAL,5,5,0.382,0.988142981691369,0.38468677905945,0.98,1.00894459447856,0.517108473824312,NaN
DTLZ4,10,2,21002,"S1_[0,0.25]",label_dyn,native,front_h1,nondominated,H1,5,5,0.382,0.988142981691369,0.38468677905945,0.98,1.00894459447856,0.517108473824312,NaN
DTLZ4,10,2,21002,"S1_[0,0.25]",label_dyn,native,front_h3,nondominated,H3,5,5,0.382,0.988142981691369,0.38468677905945,0.98,1.00894459447856,0.517108473824312,NaN
DTLZ4,10,2,21002,"S1_[0,0.25]",label_dyn,native,population_final,retention,FINAL,5,5,0.382,0.159199462535823,1,0.06,2.65332437559705,0.828723404255319,0.159199462535823
DTLZ4,10,2,21002,"S1_[0,0.25]",label_dyn,native,population_h1,retention,H1,5,5,0.382,0.979417116014423,0.396125419932811,0.944,1.03751434968394,0.628062709966405,0.979417116014423
DTLZ4,10,2,21002,"S1_[0,0.25]",label_dyn,native,population_h3,retention,H3,5,5,0.382,0.951083422145925,0.428761165435633,0.848,1.12142101652006,0.65661447627524,0.951083422145925
DTLZ4,10,2,21002,"S2_(0.25,0.50]",label_dyn,native,front_final,nondominated,FINAL,21,21,0.492380952380952,0.994795948021754,0.491173641173641,0.998095238095238,0.996667383764158,0.183080808080808,NaN
DTLZ4,10,2,21002,"S2_(0.25,0.50]",label_dyn,native,front_h1,nondominated,H1,21,21,0.492380952380952,0.994795948021754,0.491173641173641,0.998095238095238,0.996667383764158,0.183080808080808,NaN
DTLZ4,10,2,21002,"S2_(0.25,0.50]",label_dyn,native,front_h3,nondominated,H3,21,21,0.492380952380952,0.994795948021754,0.491173641173641,0.998095238095238,0.996667383764158,0.183080808080808,NaN
DTLZ4,10,2,21002,"S2_(0.25,0.50]",label_dyn,native,population_final,retention,FINAL,21,21,0.492380952380952,0.242070077008927,0.900416598201277,0.136666666666667,1.83544517879208,0.733000419637877,0.242070077008927
DTLZ4,10,2,21002,"S2_(0.25,0.50]",label_dyn,native,population_h1,retention,H1,21,21,0.492380952380952,0.982150479090295,0.511699763887462,0.946190476190476,1.038040923491,0.678355550877972,0.982150479090295
DTLZ4,10,2,21002,"S2_(0.25,0.50]",label_dyn,native,population_h3,retention,H3,21,21,0.492380952380952,0.949444684059842,0.555845602300417,0.842857142857143,1.12691329602643,0.697634360987819,0.949444684059842
DTLZ4,10,2,21002,"S3_(0.50,0.75]",label_dyn,native,front_final,nondominated,FINAL,20,20,0.354,1,0.354,1,1,NaN,NaN
DTLZ4,10,2,21002,"S3_(0.50,0.75]",label_dyn,native,front_h1,nondominated,H1,20,20,0.354,1,0.354,1,1,NaN,NaN
DTLZ4,10,2,21002,"S3_(0.50,0.75]",label_dyn,native,front_h3,nondominated,H3,20,20,0.354,1,0.354,1,1,NaN,NaN
DTLZ4,10,2,21002,"S3_(0.50,0.75]",label_dyn,native,population_final,retention,FINAL,20,20,0.354,0.493324613972116,0.468025024281155,0.375,1.32583608127926,0.592671454840829,0.493324613972116
DTLZ4,10,2,21002,"S3_(0.50,0.75]",label_dyn,native,population_h1,retention,H1,20,20,0.354,0.97960585866246,0.363635857738001,0.953,1.02927109369979,0.582014007300373,0.97960585866246
DTLZ4,10,2,21002,"S3_(0.50,0.75]",label_dyn,native,population_h3,retention,H3,20,20,0.354,0.95242494132974,0.386152046482263,0.8745,1.09336826606175,0.607271504692048,0.95242494132974
DTLZ4,10,2,21002,"S4_(0.75,1.00]",label_dyn,native,front_final,nondominated,FINAL,21,21,0.36,0.991905831401629,0.358133718133718,0.997142857142857,0.994710075008861,0.173400673400673,NaN
DTLZ4,10,2,21002,"S4_(0.75,1.00]",label_dyn,native,front_h1,nondominated,H1,21,20,0.36,0.998648648648649,0.359681818181818,0.9995,0.999140049140049,0.181818181818182,NaN
DTLZ4,10,2,21002,"S4_(0.75,1.00]",label_dyn,native,front_h3,nondominated,H3,21,18,0.36,0.995367987034654,0.361144781144781,0.998333333333333,0.997004700708404,0.176767676767677,NaN
DTLZ4,10,2,21002,"S4_(0.75,1.00]",label_dyn,native,population_final,retention,FINAL,21,21,0.36,0.83958564617565,0.418523588641528,0.731904761904762,1.16112482996981,0.613638381732556,0.83958564617565
DTLZ4,10,2,21002,"S4_(0.75,1.00]",label_dyn,native,population_h1,retention,H1,21,20,0.36,0.984887903715303,0.366077022239321,0.9685,1.01716517966191,0.585121844452994,0.984887903715303
DTLZ4,10,2,21002,"S4_(0.75,1.00]",label_dyn,native,population_h3,retention,H3,21,18,0.36,0.951425159126397,0.37913811106946,0.908888888888889,1.04749743802784,0.584996544712219,0.951425159126397
DTLZ4,10,3,21003,"S1_[0,0.25]",label_dyn,native,front_final,nondominated,FINAL,5,5,0.342,0.987096774193548,0.341052631578947,0.99,0.996943972835314,0.452631578947368,NaN
DTLZ4,10,3,21003,"S1_[0,0.25]",label_dyn,native,front_h1,nondominated,H1,5,5,0.342,0.987096774193548,0.341052631578947,0.99,0.996943972835314,0.452631578947368,NaN
DTLZ4,10,3,21003,"S1_[0,0.25]",label_dyn,native,front_h3,nondominated,H3,5,5,0.342,0.987096774193548,0.341052631578947,0.99,0.996943972835314,0.452631578947368,NaN
DTLZ4,10,3,21003,"S1_[0,0.25]",label_dyn,native,population_final,retention,FINAL,5,5,0.342,0.237355816226784,1,0.082,2.95193874226132,0.858169291329516,0.237355816226784
DTLZ4,10,3,21003,"S1_[0,0.25]",label_dyn,native,population_h1,retention,H1,5,5,0.342,0.980645161290323,0.357032143674216,0.942,1.04123770304278,0.620182738503775,0.980645161290323
DTLZ4,10,3,21003,"S1_[0,0.25]",label_dyn,native,population_h3,retention,H3,5,5,0.342,0.974193548387097,0.401499244684324,0.832,1.171578646903,0.675749622342162,0.974193548387097
DTLZ4,10,3,21003,"S2_(0.25,0.50]",label_dyn,native,front_final,nondominated,FINAL,21,21,0.629047619047619,0.948002795056996,0.62499704113164,0.953809523809524,0.994040401193272,0.446767228048813,NaN
DTLZ4,10,3,21003,"S2_(0.25,0.50]",label_dyn,native,front_h1,nondominated,H1,21,21,0.629047619047619,0.995389431146814,0.627973122871082,0.997142857142857,0.998218741998756,0.30467944753659,NaN
DTLZ4,10,3,21003,"S2_(0.25,0.50]",label_dyn,native,front_h3,nondominated,H3,21,21,0.629047619047619,0.989645132832637,0.62665556105068,0.993333333333334,0.996228414754256,0.315697627290306,NaN
DTLZ4,10,3,21003,"S2_(0.25,0.50]",label_dyn,native,population_final,retention,FINAL,21,21,0.629047619047619,0.251817478579436,0.935372894506022,0.171428571428571,1.52178709098724,0.682678386484013,0.251817478579436
DTLZ4,10,3,21003,"S2_(0.25,0.50]",label_dyn,native,population_h1,retention,H1,21,21,0.629047619047619,0.976706469338331,0.650424829566555,0.944285714285714,1.03450511399738,0.689654454225317,0.976706469338331
DTLZ4,10,3,21003,"S2_(0.25,0.50]",label_dyn,native,population_h3,retention,H3,21,21,0.629047619047619,0.933798175449156,0.690237463285034,0.849523809523809,1.10069426570511,0.698094366340841,0.933798175449156
DTLZ4,10,3,21003,"S3_(0.50,0.75]",label_dyn,native,front_final,nondominated,FINAL,20,20,0.624,0.971993970419663,0.631618484594498,0.9605,1.01229507811205,0.553656464519471,NaN
DTLZ4,10,3,21003,"S3_(0.50,0.75]",label_dyn,native,front_h1,nondominated,H1,20,20,0.624,0.997622779519331,0.624409915481344,0.997,1.00063049189785,0.573819830962688,NaN
DTLZ4,10,3,21003,"S3_(0.50,0.75]",label_dyn,native,front_h3,nondominated,H3,20,20,0.624,0.994536334714136,0.625480313337456,0.992,1.00257053739656,0.600400261114547,NaN
DTLZ4,10,3,21003,"S3_(0.50,0.75]",label_dyn,native,population_final,retention,FINAL,20,20,0.624,0.450133569325255,0.803931428898996,0.355,1.28876771667498,0.636009488578474,0.450133569325255
DTLZ4,10,3,21003,"S3_(0.50,0.75]",label_dyn,native,population_h1,retention,H1,20,20,0.624,0.985221359422015,0.643163670616825,0.956,1.03065938648226,0.721998501975079,0.985221359422015
DTLZ4,10,3,21003,"S3_(0.50,0.75]",label_dyn,native,population_h3,retention,H3,20,20,0.624,0.951449226057706,0.674089950797164,0.881,1.08042920241815,0.710167061645668,0.951449226057706
DTLZ4,10,3,21003,"S4_(0.75,1.00]",label_dyn,native,front_final,nondominated,FINAL,21,21,0.501428571428571,0.989044909565903,0.500368407103101,0.989523809523809,0.999499819502287,0.459940435504345,NaN
DTLZ4,10,3,21003,"S4_(0.75,1.00]",label_dyn,native,front_h1,nondominated,H1,21,20,0.501428571428571,0.997662459093034,0.500166666666667,0.9985,0.999153999083873,0.388888888888889,NaN
DTLZ4,10,3,21003,"S4_(0.75,1.00]",label_dyn,native,front_h3,nondominated,H3,21,18,0.501428571428571,0.995610617630253,0.508316498316498,0.997222222222222,0.998372116573768,0.396969696969697,NaN
DTLZ4,10,3,21003,"S4_(0.75,1.00]",label_dyn,native,population_final,retention,FINAL,21,21,0.501428571428571,0.758704588179532,0.535394542891311,0.719523809523809,1.06119994629839,0.556651479602342,0.758704588179532
DTLZ4,10,3,21003,"S4_(0.75,1.00]",label_dyn,native,population_h1,retention,H1,21,20,0.501428571428571,0.974695244008875,0.503246419043669,0.9695,1.0053950900687,0.543024431075615,0.974695244008875
DTLZ4,10,3,21003,"S4_(0.75,1.00]",label_dyn,native,population_h3,retention,H3,21,18,0.501428571428571,0.938253748283536,0.524315782902919,0.912777777777778,1.02826140308513,0.587739100366002,0.938253748283536
DTLZ4,10,4,21004,"S1_[0,0.25]",label_dyn,native,front_final,nondominated,FINAL,5,5,0.356,0.989871794871795,0.354820861678005,0.992,0.997891526462955,0.34901738473167,NaN
DTLZ4,10,4,21004,"S1_[0,0.25]",label_dyn,native,front_h1,nondominated,H1,5,5,0.356,1,0.357265306122449,0.996,1.00408163265306,0.658163265306122,NaN
DTLZ4,10,4,21004,"S1_[0,0.25]",label_dyn,native,front_h3,nondominated,H3,5,5,0.356,1,0.357265306122449,0.996,1.00408163265306,0.658163265306122,NaN
DTLZ4,10,4,21004,"S1_[0,0.25]",label_dyn,native,population_final,retention,FINAL,5,5,0.356,0.197031355741033,1,0.07,2.83547098063227,0.846148528343927,0.197031355741033
DTLZ4,10,4,21004,"S1_[0,0.25]",label_dyn,native,population_h1,retention,H1,5,5,0.356,0.98474358974359,0.369326241134752,0.948,1.03896162938716,0.617996453900709,0.98474358974359
DTLZ4,10,4,21004,"S1_[0,0.25]",label_dyn,native,population_h3,retention,H3,5,5,0.356,0.950351315351315,0.403499713138267,0.838,1.13416751540676,0.645867503627957,0.950351315351315
DTLZ4,10,4,21004,"S2_(0.25,0.50]",label_dyn,native,front_final,nondominated,FINAL,21,21,0.475714285714286,0.956230544297048,0.470491903192303,0.968571428571429,0.987341618725022,0.391991983342183,NaN
DTLZ4,10,4,21004,"S2_(0.25,0.50]",label_dyn,native,front_h1,nondominated,H1,21,21,0.475714285714286,0.996426585878497,0.475060125060125,0.997619047619048,0.998795493191363,0.362626262626263,NaN
DTLZ4,10,4,21004,"S2_(0.25,0.50]",label_dyn,native,front_h3,nondominated,H3,21,21,0.475714285714286,0.992746838349439,0.474878522837707,0.994285714285714,0.998439891355951,0.431122448979592,NaN
DTLZ4,10,4,21004,"S2_(0.25,0.50]",label_dyn,native,population_final,retention,FINAL,21,21,0.475714285714286,0.256626762095779,0.601449173471903,0.20047619047619,1.27394784208951,0.578933648476642,0.256626762095779
DTLZ4,10,4,21004,"S2_(0.25,0.50]",label_dyn,native,population_h1,retention,H1,21,21,0.475714285714286,0.951991268335088,0.478323609972241,0.942857142857143,1.01000949369132,0.515947519271835,0.951991268335088
DTLZ4,10,4,21004,"S2_(0.25,0.50]",label_dyn,native,population_h3,retention,H3,21,21,0.475714285714286,0.864684796608392,0.482859222814991,0.844761904761905,1.02373695814933,0.523939046498753,0.864684796608392
DTLZ4,10,4,21004,"S3_(0.50,0.75]",label_dyn,native,front_final,nondominated,FINAL,20,20,0.3845,0.942101473529917,0.370768434662212,0.978,0.963041018501371,0.190452020389537,NaN
DTLZ4,10,4,21004,"S3_(0.50,0.75]",label_dyn,native,front_h1,nondominated,H1,20,20,0.3845,0.991588422838423,0.382555555555556,0.997,0.994533760442851,0.175925925925926,NaN
DTLZ4,10,4,21004,"S3_(0.50,0.75]",label_dyn,native,front_h3,nondominated,H3,20,20,0.3845,0.978627989214879,0.379499793856937,0.992,0.986426236189329,0.188333161547447,NaN
DTLZ4,10,4,21004,"S3_(0.50,0.75]",label_dyn,native,population_final,retention,FINAL,20,20,0.3845,0.468499576182228,0.448294066055349,0.4055,1.15811072490077,0.554481600357071,0.468499576182228
DTLZ4,10,4,21004,"S3_(0.50,0.75]",label_dyn,native,population_h1,retention,H1,20,20,0.3845,0.973197587577331,0.391101727994508,0.959,1.01493160441158,0.570074673521063,0.973197587577331
DTLZ4,10,4,21004,"S3_(0.50,0.75]",label_dyn,native,population_h3,retention,H3,20,20,0.3845,0.929989870456227,0.401626550459416,0.8925,1.04224035289864,0.577573875740309,0.929989870456227
DTLZ4,10,4,21004,"S4_(0.75,1.00]",label_dyn,native,front_final,nondominated,FINAL,21,21,0.426190476190476,0.978389208399719,0.421189347311796,0.990952380952381,0.987233788954649,0.227320581912419,NaN
DTLZ4,10,4,21004,"S4_(0.75,1.00]",label_dyn,native,front_h1,nondominated,H1,21,20,0.426190476190476,0.993287300736897,0.430484848484848,0.9975,0.995744748219088,0.196969696969697,NaN
DTLZ4,10,4,21004,"S4_(0.75,1.00]",label_dyn,native,front_h3,nondominated,H3,21,18,0.426190476190476,0.984260359148352,0.429172793696603,0.993333333333333,0.990780644300196,0.234172793696603,NaN
DTLZ4,10,4,21004,"S4_(0.75,1.00]",label_dyn,native,population_final,retention,FINAL,21,21,0.426190476190476,0.790933026994012,0.455947130503813,0.742857142857143,1.06793856072893,0.564015287790722,0.790933026994012
DTLZ4,10,4,21004,"S4_(0.75,1.00]",label_dyn,native,population_h1,retention,H1,21,20,0.426190476190476,0.980129472940912,0.437175071115709,0.969,1.01160538229496,0.574766328156138,0.980129472940912
DTLZ4,10,4,21004,"S4_(0.75,1.00]",label_dyn,native,population_h3,retention,H3,21,18,0.426190476190476,0.934869043565516,0.444874021261575,0.911111111111111,1.02618355481032,0.566320287847398,0.934869043565516
DTLZ4,10,5,21005,"S1_[0,0.25]",label_dyn,native,front_final,nondominated,FINAL,5,5,0.39,0.989444444444445,0.388801071943929,0.992,0.997459859364621,0.345667559953274,NaN
DTLZ4,10,5,21005,"S1_[0,0.25]",label_dyn,native,front_h1,nondominated,H1,5,5,0.39,0.995,0.390094001236858,0.994,1.00105132962276,0.430117501546073,NaN
DTLZ4,10,5,21005,"S1_[0,0.25]",label_dyn,native,front_h3,nondominated,H3,5,5,0.39,0.989444444444445,0.388801071943929,0.992,0.997459859364621,0.345667559953274,NaN
DTLZ4,10,5,21005,"S1_[0,0.25]",label_dyn,native,population_final,retention,FINAL,5,5,0.39,0.149821428571429,1,0.058,2.60119047619048,0.823706606942889,0.149821428571429
DTLZ4,10,5,21005,"S1_[0,0.25]",label_dyn,native,population_h1,retention,H1,5,5,0.39,0.985238095238095,0.405230496453901,0.948,1.03948201621074,0.635948581560284,0.985238095238095
DTLZ4,10,5,21005,"S1_[0,0.25]",label_dyn,native,population_h3,retention,H3,5,5,0.39,0.952876984126984,0.440003498181795,0.848,1.12443519150118,0.659075314414463,0.952876984126984
DTLZ4,10,5,21005,"S2_(0.25,0.50]",label_dyn,native,front_final,nondominated,FINAL,21,21,0.442857142857143,0.957547537457782,0.438952143484982,0.96952380952381,0.98772805714603,0.381584517562007,NaN
DTLZ4,10,5,21005,"S2_(0.25,0.50]",label_dyn,native,front_h1,nondominated,H1,21,21,0.442857142857143,0.995580808080808,0.441874036771996,0.998571428571429,0.996958311506858,0.157338693052979,NaN
DTLZ4,10,5,21005,"S2_(0.25,0.50]",label_dyn,native,front_h3,nondominated,H3,21,21,0.442857142857143,0.992550505050505,0.441215066113025,0.997619047619048,0.994859400317038,0.155689548546691,NaN
DTLZ4,10,5,21005,"S2_(0.25,0.50]",label_dyn,native,population_final,retention,FINAL,21,21,0.442857142857143,0.292401051981662,0.771165332099317,0.171428571428571,1.7571168472749,0.695189644171105,0.292401051981662
DTLZ4,10,5,21005,"S2_(0.25,0.50]",label_dyn,native,population_h1,retention,H1,21,21,0.442857142857143,0.982916097217631,0.460457780363389,0.945714285714286,1.03947900051095,0.659197144149949,0.982916097217631
DTLZ4,10,5,21005,"S2_(0.25,0.50]",label_dyn,native,population_h3,retention,H3,21,21,0.442857142857143,0.952658163895802,0.497523866909839,0.85,1.12208884918396,0.676769581735677,0.952658163895802
DTLZ4,10,5,21005,"S3_(0.50,0.75]",label_dyn,native,front_final,nondominated,FINAL,20,20,0.5355,0.969804606029323,0.539615704447822,0.9635,1.00662001439183,0.551891185557244,NaN
DTLZ4,10,5,21005,"S3_(0.50,0.75]",label_dyn,native,front_h1,nondominated,H1,20,20,0.5355,0.999285714285714,0.536067010309278,0.9985,1.00081001472754,0.689003436426117,NaN
DTLZ4,10,5,21005,"S3_(0.50,0.75]",label_dyn,native,front_h3,nondominated,H3,20,20,0.5355,0.99473433757561,0.536046602146013,0.9945,1.00024738543152,0.535759870958693,NaN
DTLZ4,10,5,21005,"S3_(0.50,0.75]",label_dyn,native,population_final,retention,FINAL,20,20,0.5355,0.494555116231088,0.674889025224653,0.3985,1.25706174615086,0.610325659703658,0.494555116231088
DTLZ4,10,5,21005,"S3_(0.50,0.75]",label_dyn,native,population_h1,retention,H1,20,20,0.5355,0.984073991055138,0.546849010540564,0.964,1.02097101347936,0.653454366449921,0.984073991055138
DTLZ4,10,5,21005,"S3_(0.50,0.75]",label_dyn,native,population_h3,retention,H3,20,20,0.5355,0.943022515992468,0.560893975416057,0.903,1.04453436457467,0.633312941198982,0.943022515992468
DTLZ4,10,5,21005,"S4_(0.75,1.00]",label_dyn,native,front_final,nondominated,FINAL,21,21,0.364285714285714,0.968276135255893,0.360390134349213,0.980952380952381,0.986940490853345,0.433724372491232,NaN
DTLZ4,10,5,21005,"S4_(0.75,1.00]",label_dyn,native,front_h1,nondominated,H1,21,20,0.364285714285714,0.995309445259042,0.364962894248609,0.997,0.998287059202958,0.409925788497217,NaN
DTLZ4,10,5,21005,"S4_(0.75,1.00]",label_dyn,native,front_h3,nondominated,H3,21,18,0.364285714285714,0.990738091327379,0.369027691884835,0.991666666666667,0.999040735122894,0.494659020633047,NaN
DTLZ4,10,5,21005,"S4_(0.75,1.00]",label_dyn,native,population_final,retention,FINAL,21,21,0.364285714285714,0.75794970696054,0.390046699139873,0.719047619047619,1.06394372021083,0.530100849079185,0.75794970696054
DTLZ4,10,5,21005,"S4_(0.75,1.00]",label_dyn,native,population_h1,retention,H1,21,20,0.364285714285714,0.977226526394736,0.368707442798501,0.969,1.0085327161561,0.559056548841316,0.977226526394736
DTLZ4,10,5,21005,"S4_(0.75,1.00]",label_dyn,native,population_h3,retention,H3,21,18,0.364285714285714,0.93524219716041,0.380475195666041,0.908333333333333,1.02991298160016,0.57095857438733,0.93524219716041
DTLZ4,10,6,21006,"S1_[0,0.25]",label_dyn,native,front_final,nondominated,FINAL,5,5,0.382,0.959821428571428,0.376605783677949,0.974,0.985389457812138,0.289949264176068,NaN
DTLZ4,10,6,21006,"S1_[0,0.25]",label_dyn,native,front_h1,nondominated,H1,5,5,0.382,0.959821428571428,0.376605783677949,0.974,0.985389457812138,0.289949264176068,NaN
DTLZ4,10,6,21006,"S1_[0,0.25]",label_dyn,native,front_h3,nondominated,H3,5,5,0.382,0.959821428571428,0.376605783677949,0.974,0.985389457812138,0.289949264176068,NaN
DTLZ4,10,6,21006,"S1_[0,0.25]",label_dyn,native,population_final,retention,FINAL,5,5,0.382,0.141898960648961,1,0.054,2.65183202683203,0.826539753639418,0.141898960648961
DTLZ4,10,6,21006,"S1_[0,0.25]",label_dyn,native,population_h1,retention,H1,5,5,0.382,0.974025974025974,0.39336366181411,0.946,1.02994828908183,0.585015164240388,0.974025974025974
DTLZ4,10,6,21006,"S1_[0,0.25]",label_dyn,native,population_h3,retention,H3,5,5,0.382,0.935801304551305,0.427921018813118,0.838,1.11718045174396,0.638773768043347,0.935801304551305
DTLZ4,10,6,21006,"S2_(0.25,0.50]",label_dyn,native,front_final,nondominated,FINAL,21,21,0.481904761904762,0.986825954459754,0.47885865457294,0.994285714285714,0.992400008699723,0.231859410430839,NaN
DTLZ4,10,6,21006,"S2_(0.25,0.50]",label_dyn,native,front_h1,nondominated,H1,21,21,0.481904761904762,1,0.481904761904762,1,1,NaN,NaN
DTLZ4,10,6,21006,"S2_(0.25,0.50]",label_dyn,native,front_h3,nondominated,H3,21,21,0.481904761904762,1,0.481904761904762,1,1,NaN,NaN
DTLZ4,10,6,21006,"S2_(0.25,0.50]",label_dyn,native,population_final,retention,FINAL,21,21,0.481904761904762,0.189318624252071,0.711739664990439,0.13952380952381,1.46225918219553,0.62860248498627,0.189318624252071
DTLZ4,10,6,21006,"S2_(0.25,0.50]",label_dyn,native,population_h1,retention,H1,21,21,0.481904761904762,0.98882180197191,0.503031292770934,0.946666666666667,1.04458614297848,0.697547392417213,0.98882180197191
DTLZ4,10,6,21006,"S2_(0.25,0.50]",label_dyn,native,population_h3,retention,H3,21,21,0.481904761904762,0.961875178584765,0.544662925204105,0.849047619047619,1.13387681037175,0.702729985647634,0.961875178584765
DTLZ4,10,6,21006,"S3_(0.50,0.75]",label_dyn,native,front_final,nondominated,FINAL,20,20,0.448,0.911592943329011,0.43023793742826,0.9485,0.960894660494925,0.308690397285558,NaN
DTLZ4,10,6,21006,"S3_(0.50,0.75]",label_dyn,native,front_h1,nondominated,H1,20,20,0.448,1,0.448217171717172,0.9995,1.00050505050505,0.717171717171717,NaN
DTLZ4,10,6,21006,"S3_(0.50,0.75]",label_dyn,native,front_h3,nondominated,H3,20,20,0.448,0.996808510638298,0.4478369780277,0.997,0.999771348049479,0.595842445069249,NaN
DTLZ4,10,6,21006,"S3_(0.50,0.75]",label_dyn,native,population_final,retention,FINAL,20,20,0.448,0.358920442692296,0.539440151247325,0.294,1.20517269068936,0.567482017834291,0.358920442692296
DTLZ4,10,6,21006,"S3_(0.50,0.75]",label_dyn,native,population_h1,retention,H1,20,20,0.448,0.974818840992212,0.455366518856574,0.959,1.01664139260785,0.581433259428287,0.974818840992212
DTLZ4,10,6,21006,"S3_(0.50,0.75]",label_dyn,native,population_h3,retention,H3,20,20,0.448,0.923083980373149,0.469058216060184,0.8815,1.04815887085131,0.580550204988689,0.923083980373149
DTLZ4,10,6,21006,"S4_(0.75,1.00]",label_dyn,native,front_final,nondominated,FINAL,21,21,0.451428571428571,0.979606994021038,0.452534467970093,0.976666666666667,1.00279776285684,0.602073677744459,NaN
DTLZ4,10,6,21006,"S4_(0.75,1.00]",label_dyn,native,front_h1,nondominated,H1,21,20,0.451428571428571,0.993506051192981,0.449321723441017,0.996,0.997445421087984,0.374643446882033,NaN
DTLZ4,10,6,21006,"S4_(0.75,1.00]",label_dyn,native,front_h3,nondominated,H3,21,18,0.451428571428571,0.983132943789248,0.446155745187103,0.988888888888889,0.994065963961309,0.412533475556994,NaN
DTLZ4,10,6,21006,"S4_(0.75,1.00]",label_dyn,native,population_final,retention,FINAL,21,21,0.451428571428571,0.744977521205842,0.530031678943126,0.658571428571428,1.17174844708275,0.581934741893339,0.744977521205842
DTLZ4,10,6,21006,"S4_(0.75,1.00]",label_dyn,native,population_h1,retention,H1,21,20,0.451428571428571,0.960776603308267,0.458281125705286,0.9445,1.01893237144296,0.564744416236101,0.960776603308267
DTLZ4,10,6,21006,"S4_(0.75,1.00]",label_dyn,native,population_h3,retention,H3,21,18,0.451428571428571,0.893587497042977,0.477327192773827,0.842222222222222,1.06368149800359,0.586133130341955,0.893587497042977
DTLZ4,10,7,21007,"S1_[0,0.25]",label_dyn,native,front_final,nondominated,FINAL,5,5,0.394,0.947235072601205,0.384154408269155,0.972,0.974302826092205,0.242077204134578,NaN
DTLZ4,10,7,21007,"S1_[0,0.25]",label_dyn,native,front_h1,nondominated,H1,5,5,0.394,0.978362573099415,0.391809813287017,0.984,0.994286120569915,0.348928933275438,NaN
DTLZ4,10,7,21007,"S1_[0,0.25]",label_dyn,native,front_h3,nondominated,H3,5,5,0.394,0.97280701754386,0.390437129690586,0.982,0.990473110579829,0.323403554970375,NaN
DTLZ4,10,7,21007,"S1_[0,0.25]",label_dyn,native,population_final,retention,FINAL,5,5,0.394,0.158431669655926,1,0.062,2.55719449426543,0.82302676733013,0.158431669655926
DTLZ4,10,7,21007,"S1_[0,0.25]",label_dyn,native,population_h1,retention,H1,5,5,0.394,0.969014747012459,0.405635152139099,0.942,1.02866473887164,0.605198528450502,0.969014747012459
DTLZ4,10,7,21007,"S1_[0,0.25]",label_dyn,native,population_h3,retention,H3,5,5,0.394,0.928689570577443,0.436465135842827,0.84,1.10593938136435,0.630406937669313,0.928689570577443
DTLZ4,10,7,21007,"S2_(0.25,0.50]",label_dyn,native,front_final,nondominated,FINAL,21,21,0.515238095238095,0.988586706459496,0.512459679398455,0.993809523809524,0.994711302073459,0.271893330334889,NaN
DTLZ4,10,7,21007,"S2_(0.25,0.50]",label_dyn,native,front_h1,nondominated,H1,21,21,0.515238095238095,0.998410932782457,0.514853294853295,0.999047619047619,0.999356882560442,0.297979797979798,NaN
DTLZ4,10,7,21007,"S2_(0.25,0.50]",label_dyn,native,front_h3,nondominated,H3,21,21,0.515238095238095,0.995280781067642,0.514107744107744,0.997142857142857,0.99811911507554,0.302188552188552,NaN
DTLZ4,10,7,21007,"S2_(0.25,0.50]",label_dyn,native,population_final,retention,FINAL,21,21,0.515238095238095,0.225300067476595,0.804225376512552,0.151428571428571,1.56646816284054,0.666067307309338,0.225300067476595
DTLZ4,10,7,21007,"S2_(0.25,0.50]",label_dyn,native,population_h1,retention,H1,21,21,0.515238095238095,0.980132050670515,0.537432084496332,0.942380952380952,1.04033163283979,0.687824711356835,0.980132050670515
DTLZ4,10,7,21007,"S2_(0.25,0.50]",label_dyn,native,population_h3,retention,H3,21,21,0.515238095238095,0.946605619333731,0.580977408097307,0.840476190476191,1.12711749095869,0.701443509947621,0.946605619333731
DTLZ4,10,7,21007,"S3_(0.50,0.75]",label_dyn,native,front_final,nondominated,FINAL,20,20,0.4005,0.977321532542354,0.396642135642136,0.986,0.991181005621633,0.353134519801186,NaN
DTLZ4,10,7,21007,"S3_(0.50,0.75]",label_dyn,native,front_h1,nondominated,H1,20,20,0.4005,0.996347254004577,0.399828282828283,0.998,0.998330559600582,0.332070707070707,NaN
DTLZ4,10,7,21007,"S3_(0.50,0.75]",label_dyn,native,front_h3,nondominated,H3,20,20,0.4005,0.990312205116357,0.398530303030303,0.995,0.995264853652886,0.303030303030303,NaN
DTLZ4,10,7,21007,"S3_(0.50,0.75]",label_dyn,native,population_final,retention,FINAL,20,20,0.4005,0.525203342221164,0.508843614859717,0.418,1.27196819425748,0.591608050928356,0.525203342221164
DTLZ4,10,7,21007,"S3_(0.50,0.75]",label_dyn,native,population_h1,retention,H1,20,20,0.4005,0.970037595194679,0.404302495557385,0.9605,1.01004138476822,0.535782200159645,0.970037595194679
DTLZ4,10,7,21007,"S3_(0.50,0.75]",label_dyn,native,population_h3,retention,H3,20,20,0.4005,0.905485744478829,0.405776318471459,0.8925,1.01478682482538,0.521451887174457,0.905485744478829
DTLZ4,10,7,21007,"S4_(0.75,1.00]",label_dyn,native,front_final,nondominated,FINAL,21,21,0.401428571428571,0.980966660207041,0.397121850183075,0.992857142857143,0.987969481327112,0.201412816208735,NaN
DTLZ4,10,7,21007,"S4_(0.75,1.00]",label_dyn,native,front_h1,nondominated,H1,21,20,0.401428571428571,0.997014260249554,0.388328282828283,0.999,0.997994202272277,0.164141414141414,NaN
DTLZ4,10,7,21007,"S4_(0.75,1.00]",label_dyn,native,front_h3,nondominated,H3,21,18,0.401428571428571,0.990117408606186,0.356661054994388,0.996666666666667,0.993384587817696,0.165824915824916,NaN
DTLZ4,10,7,21007,"S4_(0.75,1.00]",label_dyn,native,population_final,retention,FINAL,21,21,0.401428571428571,0.76123659615111,0.412806784074256,0.743333333333333,1.03618839323393,0.496869430151888,0.76123659615111
DTLZ4,10,7,21007,"S4_(0.75,1.00]",label_dyn,native,population_h1,retention,H1,21,20,0.401428571428571,0.977158622421533,0.39276885384151,0.967,1.01047422669867,0.566384426920755,0.977158622421533
DTLZ4,10,7,21007,"S4_(0.75,1.00]",label_dyn,native,population_h3,retention,H3,21,18,0.401428571428571,0.923357125955855,0.365565264289389,0.905555555555556,1.01954419358547,0.540338116783512,0.923357125955855
DTLZ4,10,8,21008,"S1_[0,0.25]",label_dyn,native,front_final,nondominated,FINAL,5,5,0.356,0.993548387096774,0.3565,0.992,1.00161290322581,0.53125,NaN
DTLZ4,10,8,21008,"S1_[0,0.25]",label_dyn,native,front_h1,nondominated,H1,5,5,0.356,0.993548387096774,0.3565,0.992,1.00161290322581,0.53125,NaN
DTLZ4,10,8,21008,"S1_[0,0.25]",label_dyn,native,front_h3,nondominated,H3,5,5,0.356,0.993548387096774,0.3565,0.992,1.00161290322581,0.53125,NaN
DTLZ4,10,8,21008,"S1_[0,0.25]",label_dyn,native,population_final,retention,FINAL,5,5,0.356,0.215351431842923,0.908333333333333,0.084,2.59888687710775,0.801174357433123,0.215351431842923
DTLZ4,10,8,21008,"S1_[0,0.25]",label_dyn,native,population_h1,retention,H1,5,5,0.356,0.977468652877505,0.370212765957447,0.94,1.03986026901862,0.618439716312057,0.977468652877505
DTLZ4,10,8,21008,"S1_[0,0.25]",label_dyn,native,population_h3,retention,H3,5,5,0.356,0.940684757655579,0.409756097560976,0.82,1.14717653372632,0.649322493224932,0.940684757655579
DTLZ4,10,8,21008,"S2_(0.25,0.50]",label_dyn,native,front_final,nondominated,FINAL,21,21,0.528571428571429,0.949237839007584,0.520814463696133,0.964285714285714,0.984141439026183,0.390391006288508,NaN
DTLZ4,10,8,21008,"S2_(0.25,0.50]",label_dyn,native,front_h1,nondominated,H1,21,21,0.528571428571429,0.998010949623853,0.528581146744412,0.998095238095238,0.999913991355729,0.502551020408163,NaN
DTLZ4,10,8,21008,"S2_(0.25,0.50]",label_dyn,native,front_h3,nondominated,H3,21,21,0.528571428571429,0.990239581920397,0.527182379028581,0.993809523809524,0.996319852959231,0.379513607744462,NaN
DTLZ4,10,8,21008,"S2_(0.25,0.50]",label_dyn,native,population_final,retention,FINAL,21,21,0.528571428571429,0.293157239678242,0.787939737073713,0.199047619047619,1.51407580465847,0.658494838872659,0.293157239678242
DTLZ4,10,8,21008,"S2_(0.25,0.50]",label_dyn,native,population_h1,retention,H1,21,21,0.528571428571429,0.988366878424418,0.552815001280492,0.944761904761905,1.0463572132983,0.714105913338658,0.988366878424418
DTLZ4,10,8,21008,"S2_(0.25,0.50]",label_dyn,native,population_h3,retention,H3,21,21,0.528571428571429,0.95662519876265,0.59800783355677,0.845238095238095,1.1330645071264,0.71425238796173,0.95662519876265
DTLZ4,10,8,21008,"S3_(0.50,0.75]",label_dyn,native,front_final,nondominated,FINAL,20,20,0.4415,0.993772893772894,0.440571031161605,0.996,0.997725328726802,0.382475395656544,NaN
DTLZ4,10,8,21008,"S3_(0.50,0.75]",label_dyn,native,front_h1,nondominated,H1,20,20,0.4415,0.996245421245421,0.440787878787879,0.998,0.998227698227698,0.321969696969697,NaN
DTLZ4,10,8,21008,"S3_(0.50,0.75]",label_dyn,native,front_h3,nondominated,H3,20,20,0.4415,0.993772893772894,0.440571031161605,0.996,0.997725328726802,0.382475395656544,NaN
DTLZ4,10,8,21008,"S3_(0.50,0.75]",label_dyn,native,population_final,retention,FINAL,20,20,0.4415,0.527213808276653,0.551590190391333,0.4225,1.25216070600197,0.596816962209834,0.527213808276653
DTLZ4,10,8,21008,"S3_(0.50,0.75]",label_dyn,native,population_h1,retention,H1,20,20,0.4415,0.980403196007974,0.445508936832233,0.9715,1.00920529942324,0.562040182701831,0.980403196007974
DTLZ4,10,8,21008,"S3_(0.50,0.75]",label_dyn,native,population_h3,retention,H3,20,20,0.4415,0.946413797445208,0.455131581052664,0.918,1.03105336200235,0.589705491103532,0.946413797445208
DTLZ4,10,8,21008,"S4_(0.75,1.00]",label_dyn,native,front_final,nondominated,FINAL,21,21,0.473333333333333,0.99578712992219,0.472279942279942,0.998095238095238,0.997668577602982,0.223484848484848,NaN
DTLZ4,10,8,21008,"S4_(0.75,1.00]",label_dyn,native,front_h1,nondominated,H1,21,20,0.473333333333333,0.998863636363636,0.476717171717172,0.9995,0.999357208448118,0.217171717171717,NaN
DTLZ4,10,8,21008,"S4_(0.75,1.00]",label_dyn,native,front_h3,nondominated,H3,21,18,0.473333333333333,0.996267018006148,0.48351290684624,0.998333333333333,0.997912812800823,0.220538720538721,NaN
DTLZ4,10,8,21008,"S4_(0.75,1.00]",label_dyn,native,population_final,retention,FINAL,21,21,0.473333333333333,0.789349409491603,0.489590526286418,0.770952380952381,1.03213785166825,0.519459328033168,0.789349409491603
DTLZ4,10,8,21008,"S4_(0.75,1.00]",label_dyn,native,population_h1,retention,H1,21,20,0.473333333333333,0.980968989890934,0.482993669881601,0.9695,1.01189233253081,0.60706433753167,0.980968989890934
DTLZ4,10,8,21008,"S4_(0.75,1.00]",label_dyn,native,population_h3,retention,H3,21,18,0.473333333333333,0.933745878508431,0.498943279459664,0.908333333333333,1.02824542174114,0.57707551733371,0.933745878508431
DTLZ4,10,9,21009,"S1_[0,0.25]",label_dyn,native,front_final,nondominated,FINAL,5,5,0.344,0.970721811031409,0.339204545454545,0.984,0.986629775452601,0.244602272727273,NaN
DTLZ4,10,9,21009,"S1_[0,0.25]",label_dyn,native,front_h1,nondominated,H1,5,5,0.344,1,0.345855670103093,0.994,1.00618556701031,0.654639175257732,NaN
DTLZ4,10,9,21009,"S1_[0,0.25]",label_dyn,native,front_h3,nondominated,H3,5,5,0.344,1,0.345855670103093,0.994,1.00618556701031,0.654639175257732,NaN
DTLZ4,10,9,21009,"S1_[0,0.25]",label_dyn,native,population_final,retention,FINAL,5,5,0.344,0.198280656113473,1,0.068,2.92781889685914,0.851887439945093,0.198280656113473
DTLZ4,10,9,21009,"S1_[0,0.25]",label_dyn,native,population_h1,retention,H1,5,5,0.344,0.994117647058824,0.359927678238149,0.95,1.04642041587072,0.663297172452408,0.994117647058824
DTLZ4,10,9,21009,"S1_[0,0.25]",label_dyn,native,population_h3,retention,H3,5,5,0.344,0.981390374331551,0.398459383753501,0.848,1.15728466074487,0.679646358543417,0.981390374331551
DTLZ4,10,9,21009,"S2_(0.25,0.50]",label_dyn,native,front_final,nondominated,FINAL,21,21,0.596666666666666,0.937280529440366,0.581425653055948,0.962380952380953,0.973862056329561,0.290712826527974,NaN
DTLZ4,10,9,21009,"S2_(0.25,0.50]",label_dyn,native,front_h1,nondominated,H1,21,21,0.596666666666666,0.995848774292326,0.595761011475297,0.997142857142857,0.998683815915056,0.342622655122655,NaN
DTLZ4,10,9,21009,"S2_(0.25,0.50]",label_dyn,native,front_h3,nondominated,H3,21,21,0.596666666666666,0.991143923790632,0.594651765468092,0.994285714285714,0.996813237555632,0.317649281934996,NaN
DTLZ4,10,9,21009,"S2_(0.25,0.50]",label_dyn,native,population_final,retention,FINAL,21,21,0.596666666666666,0.241504793926845,0.958096301761811,0.15047619047619,1.63681131701452,0.711600656860016,0.241504793926845
DTLZ4,10,9,21009,"S2_(0.25,0.50]",label_dyn,native,population_h1,retention,H1,21,21,0.596666666666666,0.992417546728837,0.623448236827354,0.948571428571429,1.04629979355341,0.763311420000978,0.992417546728837
DTLZ4,10,9,21009,"S2_(0.25,0.50]",label_dyn,native,population_h3,retention,H3,21,21,0.596666666666666,0.969715112438587,0.684266168149155,0.843333333333333,1.15044470464518,0.785778545755753,0.969715112438587
DTLZ4,10,9,21009,"S3_(0.50,0.75]",label_dyn,native,front_final,nondominated,FINAL,20,20,0.386,0.94020053629697,0.381445249516173,0.9505,0.989270500183778,0.443222624758087,NaN
DTLZ4,10,9,21009,"S3_(0.50,0.75]",label_dyn,native,front_h1,nondominated,H1,20,20,0.386,0.994147757383052,0.385416666666667,0.996,0.998149522882143,0.345833333333333,NaN
DTLZ4,10,9,21009,"S3_(0.50,0.75]",label_dyn,native,front_h3,nondominated,H3,20,20,0.386,0.983893110069581,0.384831705022435,0.9875,0.996467333487228,0.325791841559319,NaN
DTLZ4,10,9,21009,"S3_(0.50,0.75]",label_dyn,native,population_final,retention,FINAL,20,20,0.386,0.403003708157148,0.47029860941511,0.341,1.20403056108658,0.560757867459513,0.403003708157148
DTLZ4,10,9,21009,"S3_(0.50,0.75]",label_dyn,native,population_h1,retention,H1,20,20,0.386,0.975866016543196,0.397082863625658,0.9505,1.02753919367242,0.595662643934041,0.975866016543196
DTLZ4,10,9,21009,"S3_(0.50,0.75]",label_dyn,native,population_h3,retention,H3,20,20,0.386,0.937380704648763,0.413901977659801,0.877,1.07091128749961,0.596424154553066,0.937380704648763
DTLZ4,10,9,21009,"S4_(0.75,1.00]",label_dyn,native,front_final,nondominated,FINAL,21,21,0.39952380952381,0.997988505747126,0.401115921115921,0.993809523809524,1.00422119387637,0.628593628593629,NaN
DTLZ4,10,9,21009,"S4_(0.75,1.00]",label_dyn,native,front_h1,nondominated,H1,21,20,0.39952380952381,1,0.39920202020202,0.9995,1.00050505050505,0.702020202020202,NaN
DTLZ4,10,9,21009,"S4_(0.75,1.00]",label_dyn,native,front_h3,nondominated,H3,21,18,0.39952380952381,1,0.401829405162738,0.998333333333333,1.0016835016835,0.715488215488215,NaN
DTLZ4,10,9,21009,"S4_(0.75,1.00]",label_dyn,native,population_final,retention,FINAL,21,21,0.39952380952381,0.808498202426696,0.446886414701205,0.72952380952381,1.11878072527798,0.583196693202184,0.808498202426696
DTLZ4,10,9,21009,"S4_(0.75,1.00]",label_dyn,native,population_h1,retention,H1,21,20,0.39952380952381,0.976778862747609,0.40317345322139,0.9665,1.01087186686388,0.545058948832917,0.976778862747609
DTLZ4,10,9,21009,"S4_(0.75,1.00]",label_dyn,native,population_h3,retention,H3,21,18,0.39952380952381,0.927500149654548,0.411690446603039,0.903888888888889,1.02640617527178,0.555161833524993,0.927500149654548
DTLZ4,10,10,21010,"S1_[0,0.25]",label_dyn,native,front_final,nondominated,FINAL,5,5,0.358,0.988235294117647,0.356666666666667,0.992,0.996078431372549,0.416666666666667,NaN
DTLZ4,10,10,21010,"S1_[0,0.25]",label_dyn,native,front_h1,nondominated,H1,5,5,0.358,0.988235294117647,0.356666666666667,0.992,0.996078431372549,0.416666666666667,NaN
DTLZ4,10,10,21010,"S1_[0,0.25]",label_dyn,native,front_h3,nondominated,H3,5,5,0.358,0.988235294117647,0.356666666666667,0.992,0.996078431372549,0.416666666666667,NaN
DTLZ4,10,10,21010,"S1_[0,0.25]",label_dyn,native,population_final,retention,FINAL,5,5,0.358,0.310737951419066,0.969047619047619,0.116,2.71964774131957,0.845295122246588,0.310737951419066
DTLZ4,10,10,21010,"S1_[0,0.25]",label_dyn,native,population_h1,retention,H1,5,5,0.358,0.976460402342755,0.372340425531915,0.94,1.03878766206676,0.619503546099291,0.976460402342755
DTLZ4,10,10,21010,"S1_[0,0.25]",label_dyn,native,population_h3,retention,H3,5,5,0.358,0.937852364353912,0.411951219512195,0.816,1.14949903226729,0.645975609756098,0.937852364353912
DTLZ4,10,10,21010,"S2_(0.25,0.50]",label_dyn,native,front_final,nondominated,FINAL,21,21,0.540952380952381,0.977694442212529,0.537056323767764,0.985238095238095,0.992233661931965,0.345314723043194,NaN
DTLZ4,10,10,21010,"S2_(0.25,0.50]",label_dyn,native,front_h1,nondominated,H1,21,21,0.540952380952381,0.995885195855249,0.53997594997595,0.997619047619048,0.998248634582022,0.294949494949495,NaN
DTLZ4,10,10,21010,"S2_(0.25,0.50]",label_dyn,native,front_h3,nondominated,H3,21,21,0.540952380952381,0.988846405946604,0.538376770621669,0.994285714285714,0.994494675787659,0.266295609152752,NaN
DTLZ4,10,10,21010,"S2_(0.25,0.50]",label_dyn,native,population_final,retention,FINAL,21,21,0.540952380952381,0.372817845428916,0.941981034838178,0.216190476190476,1.77908923476985,0.753509983108078,0.372817845428916
DTLZ4,10,10,21010,"S2_(0.25,0.50]",label_dyn,native,population_h1,retention,H1,21,21,0.540952380952381,0.980487959559937,0.563114277837101,0.940952380952381,1.04216187100134,0.70127630863772,0.980487959559937
DTLZ4,10,10,21010,"S2_(0.25,0.50]",label_dyn,native,population_h3,retention,H3,21,21,0.540952380952381,0.953592534531264,0.613510541602672,0.839047619047619,1.13727254760173,0.72916839004721,0.953592534531264
DTLZ4,10,10,21010,"S3_(0.50,0.75]",label_dyn,native,front_final,nondominated,FINAL,20,20,0.4045,0.973267237458156,0.400557471410932,0.984,0.988978566321634,0.37004420877764,NaN
DTLZ4,10,10,21010,"S3_(0.50,0.75]",label_dyn,native,front_h1,nondominated,H1,20,20,0.4045,0.996233887664463,0.40384188827046,0.998,0.998211630794566,0.306139627568199,NaN
DTLZ4,10,10,21010,"S3_(0.50,0.75]",label_dyn,native,front_h3,nondominated,H3,20,20,0.4045,0.988805763623435,0.402551535765821,0.994,0.994742350660015,0.305612817517579,NaN
DTLZ4,10,10,21010,"S3_(0.50,0.75]",label_dyn,native,population_final,retention,FINAL,20,20,0.4045,0.570729454650387,0.511971431917914,0.453,1.26661484894327,0.59558707190959,0.570729454650387
DTLZ4,10,10,21010,"S3_(0.50,0.75]",label_dyn,native,population_h1,retention,H1,20,20,0.4045,0.983754929065676,0.414720863537632,0.9575,1.02758973452895,0.614443765102149,0.983754929065676
DTLZ4,10,10,21010,"S3_(0.50,0.75]",label_dyn,native,population_h3,retention,H3,20,20,0.4045,0.957097854182795,0.437437220588203,0.881,1.08683972948404,0.64200587858137,0.957097854182795
DTLZ4,10,10,21010,"S4_(0.75,1.00]",label_dyn,native,front_final,nondominated,FINAL,21,21,0.394761904761905,0.977863995295846,0.390219147178962,0.98952380952381,0.988121061914474,0.257136198226036,NaN
DTLZ4,10,10,21010,"S4_(0.75,1.00]",label_dyn,native,front_h1,nondominated,H1,21,20,0.394761904761905,0.996056884292178,0.392761492475778,0.998,0.998034349715022,0.272538308252594,NaN
DTLZ4,10,10,21010,"S4_(0.75,1.00]",label_dyn,native,front_h3,nondominated,H3,21,18,0.394761904761905,0.990226004931887,0.380527638873245,0.994444444444445,0.995712103617809,0.306902569420979,NaN
DTLZ4,10,10,21010,"S4_(0.75,1.00]",label_dyn,native,population_final,retention,FINAL,21,21,0.394761904761905,0.887837008838385,0.445965219041913,0.787619047619048,1.13643777820421,0.624840018196526,0.887837008838385
DTLZ4,10,10,21010,"S4_(0.75,1.00]",label_dyn,native,population_h1,retention,H1,21,20,0.394761904761905,0.978273447982712,0.397635968980894,0.968,1.01078006043705,0.552615422270646,0.978273447982712
DTLZ4,10,10,21010,"S4_(0.75,1.00]",label_dyn,native,population_h3,retention,H3,21,18,0.394761904761905,0.948759580682106,0.39768725464729,0.911666666666667,1.04133253582918,0.581386701533386,0.948759580682106
DTLZ4,10,11,21011,"S1_[0,0.25]",label_dyn,native,front_final,nondominated,FINAL,5,5,0.306,0.941585684430512,0.303152235427278,0.95,0.990982803859685,0.478718974856496,NaN
DTLZ4,10,11,21011,"S1_[0,0.25]",label_dyn,native,front_h1,nondominated,H1,5,5,0.306,0.993333333333333,0.306416666666667,0.992,1.00138888888889,0.526041666666667,NaN
DTLZ4,10,11,21011,"S1_[0,0.25]",label_dyn,native,front_h3,nondominated,H3,5,5,0.306,0.981022727272727,0.303689393939394,0.988,0.992994337312519,0.281407828282828,NaN
DTLZ4,10,11,21011,"S1_[0,0.25]",label_dyn,native,population_final,retention,FINAL,5,5,0.306,0.22939263322884,0.975,0.072,3.19891261755486,0.860326086956522,0.22939263322884
DTLZ4,10,11,21011,"S1_[0,0.25]",label_dyn,native,population_h1,retention,H1,5,5,0.306,0.966623563218391,0.312854609929078,0.946,1.02167400342382,0.575474924012158,0.966623563218391
DTLZ4,10,11,21011,"S1_[0,0.25]",label_dyn,native,population_h3,retention,H3,5,5,0.306,0.934689132706374,0.338196860139405,0.846,1.10486539820176,0.604396049117321,0.934689132706374
DTLZ4,10,11,21011,"S2_(0.25,0.50]",label_dyn,native,front_final,nondominated,FINAL,21,21,0.467619047619048,0.920984603751273,0.452110523380208,0.952857142857143,0.966486228331578,0.31911081724566,NaN
DTLZ4,10,11,21011,"S2_(0.25,0.50]",label_dyn,native,front_h1,nondominated,H1,21,21,0.467619047619048,0.985763602086218,0.464887087591169,0.991904761904762,0.993752755067063,0.295146046634142,NaN
DTLZ4,10,11,21011,"S2_(0.25,0.50]",label_dyn,native,front_h3,nondominated,H3,21,21,0.467619047619048,0.970121113206608,0.461838305307693,0.982380952380953,0.987436613962962,0.304235871837913,NaN
DTLZ4,10,11,21011,"S2_(0.25,0.50]",label_dyn,native,population_final,retention,FINAL,21,21,0.467619047619048,0.274902167205814,0.92375392929725,0.145714285714286,2.03761594596038,0.764412376052585,0.274902167205814
DTLZ4,10,11,21011,"S2_(0.25,0.50]",label_dyn,native,population_h1,retention,H1,21,21,0.467619047619048,0.97252737968459,0.48277987349981,0.942857142857143,1.03149372150485,0.631185855117252,0.97252737968459
DTLZ4,10,11,21011,"S2_(0.25,0.50]",label_dyn,native,population_h3,retention,H3,21,21,0.467619047619048,0.929981434574092,0.51594698883795,0.845714285714285,1.10019478421712,0.652501113158779,0.929981434574092
DTLZ4,10,11,21011,"S3_(0.50,0.75]",label_dyn,native,front_final,nondominated,FINAL,20,20,0.603,0.99523074803692,0.601893939393939,0.997,0.998212876804969,0.315656565656566,NaN
DTLZ4,10,11,21011,"S3_(0.50,0.75]",label_dyn,native,front_h1,nondominated,H1,20,20,0.603,0.998287470725995,0.602580808080808,0.999,0.999280273460601,0.29040404040404,NaN
DTLZ4,10,11,21011,"S3_(0.50,0.75]",label_dyn,native,front_h3,nondominated,H3,20,20,0.603,0.99523074803692,0.601893939393939,0.997,0.998212876804969,0.315656565656566,NaN
DTLZ4,10,11,21011,"S3_(0.50,0.75]",label_dyn,native,population_final,retention,FINAL,20,20,0.603,0.596877790617589,0.778309203274087,0.467,1.28697560907156,0.66188313964271,0.596877790617589
DTLZ4,10,11,21011,"S3_(0.50,0.75]",label_dyn,native,population_h1,retention,H1,20,20,0.603,0.985410544504391,0.62035040375376,0.959,1.02764520990345,0.714699011400689,0.985410544504391
DTLZ4,10,11,21011,"S3_(0.50,0.75]",label_dyn,native,population_h3,retention,H3,20,20,0.603,0.952638364249684,0.647943232991274,0.8875,1.07369319842813,0.700853068377089,0.952638364249684
DTLZ4,10,11,21011,"S4_(0.75,1.00]",label_dyn,native,front_final,nondominated,FINAL,21,21,0.38,0.99244615975045,0.378590668590669,0.996190476190476,0.996217862181792,0.315025252525253,NaN
DTLZ4,10,11,21011,"S4_(0.75,1.00]",label_dyn,native,front_h1,nondominated,H1,21,20,0.38,0.997140522875817,0.379035353535354,0.9985,0.998626790783653,0.345117845117845,NaN
DTLZ4,10,11,21011,"S4_(0.75,1.00]",label_dyn,native,front_h3,nondominated,H3,21,18,0.38,0.994038063568507,0.377373737373737,0.996666666666667,0.997344845355395,0.356060606060606,NaN
DTLZ4,10,11,21011,"S4_(0.75,1.00]",label_dyn,native,population_final,retention,FINAL,21,21,0.38,0.826166749870527,0.385156268172483,0.814761904761905,1.0150777256451,0.544836439512811,0.826166749870527
DTLZ4,10,11,21011,"S4_(0.75,1.00]",label_dyn,native,population_h1,retention,H1,21,20,0.38,0.976000423182461,0.381298895543518,0.9715,1.00464006865237,0.54349064677729,0.976000423182461
DTLZ4,10,11,21011,"S4_(0.75,1.00]",label_dyn,native,population_h3,retention,H3,21,18,0.38,0.92859863069788,0.383125147802561,0.916111111111111,1.01381860091837,0.529462405551112,0.92859863069788
DTLZ4,10,12,21012,"S1_[0,0.25]",label_dyn,native,front_final,nondominated,FINAL,5,5,0.38,0.988787878787879,0.379285353535354,0.99,0.998817722681359,0.371606691919192,NaN
DTLZ4,10,12,21012,"S1_[0,0.25]",label_dyn,native,front_h1,nondominated,H1,5,5,0.38,0.988787878787879,0.379285353535354,0.99,0.998817722681359,0.371606691919192,NaN
DTLZ4,10,12,21012,"S1_[0,0.25]",label_dyn,native,front_h3,nondominated,H3,5,5,0.38,0.988787878787879,0.379285353535354,0.99,0.998817722681359,0.371606691919192,NaN
DTLZ4,10,12,21012,"S1_[0,0.25]",label_dyn,native,population_final,retention,FINAL,5,5,0.38,0.157221499574441,1,0.06,2.69443240031475,0.829507786000617,0.157221499574441
DTLZ4,10,12,21012,"S1_[0,0.25]",label_dyn,native,population_h1,retention,H1,5,5,0.38,0.988787878787879,0.398992161254199,0.942,1.04966235705317,0.666162747293766,0.988787878787879
DTLZ4,10,12,21012,"S1_[0,0.25]",label_dyn,native,population_h3,retention,H3,5,5,0.38,0.970909090909091,0.443164294809902,0.83,1.1697420025366,0.686614827143513,0.970909090909091
DTLZ4,10,12,21012,"S2_(0.25,0.50]",label_dyn,native,front_final,nondominated,FINAL,21,21,0.487619047619048,0.962166785504171,0.479605650232069,0.981428571428572,0.980141212909257,0.27643662930204,NaN
DTLZ4,10,12,21012,"S2_(0.25,0.50]",label_dyn,native,front_h1,nondominated,H1,21,21,0.487619047619048,0.999231950844854,0.487585377585378,0.999047619047619,1.00018619373458,0.482323232323232,NaN
DTLZ4,10,12,21012,"S2_(0.25,0.50]",label_dyn,native,front_h3,nondominated,H3,21,21,0.487619047619048,0.994409921022824,0.486488696488696,0.997142857142857,0.997239458464613,0.302188552188552,NaN
DTLZ4,10,12,21012,"S2_(0.25,0.50]",label_dyn,native,population_final,retention,FINAL,21,21,0.487619047619048,0.254550683239783,0.811879090817614,0.157619047619048,1.67736040916928,0.688836975574339,0.254550683239783
DTLZ4,10,12,21012,"S2_(0.25,0.50]",label_dyn,native,population_h1,retention,H1,21,21,0.487619047619048,0.980142032705372,0.505888925903723,0.943333333333333,1.03894697807428,0.667230177237576,0.980142032705372
DTLZ4,10,12,21012,"S2_(0.25,0.50]",label_dyn,native,population_h3,retention,H3,21,21,0.487619047619048,0.933280713044006,0.53941758600972,0.844761904761905,1.10524810751645,0.66350032476908,0.933280713044006
DTLZ4,10,12,21012,"S3_(0.50,0.75]",label_dyn,native,front_final,nondominated,FINAL,20,20,0.384,0.963255488126269,0.380601068900159,0.972,0.990979107042097,0.438633867783413,NaN
DTLZ4,10,12,21012,"S3_(0.50,0.75]",label_dyn,native,front_h1,nondominated,H1,20,20,0.384,0.996113346979842,0.383626262626263,0.997,0.99910439088873,0.437710437710438,NaN
DTLZ4,10,12,21012,"S3_(0.50,0.75]",label_dyn,native,front_h3,nondominated,H3,20,20,0.384,0.990842879143585,0.38314677386106,0.993,0.997808620940383,0.43814677386106,NaN
DTLZ4,10,12,21012,"S3_(0.50,0.75]",label_dyn,native,population_final,retention,FINAL,20,20,0.384,0.494394261571733,0.535923071664459,0.357,1.39721377720824,0.616559155677198,0.494394261571733
DTLZ4,10,12,21012,"S3_(0.50,0.75]",label_dyn,native,population_h1,retention,H1,20,20,0.384,0.980829191860963,0.38676479169456,0.9735,1.0075620591119,0.5623693287192,0.980829191860963
DTLZ4,10,12,21012,"S3_(0.50,0.75]",label_dyn,native,population_h3,retention,H3,20,20,0.384,0.941814086411704,0.39097254606487,0.9245,1.0187766136692,0.546369209540372,0.941814086411704
DTLZ4,10,12,21012,"S4_(0.75,1.00]",label_dyn,native,front_final,nondominated,FINAL,21,21,0.387619047619048,0.980977263500432,0.384911046282811,0.988571428571429,0.992200723262656,0.455349951378775,NaN
DTLZ4,10,12,21012,"S4_(0.75,1.00]",label_dyn,native,front_h1,nondominated,H1,21,20,0.387619047619048,0.997587209302326,0.391621212121212,0.9985,0.999077989194268,0.373737373737374,NaN
DTLZ4,10,12,21012,"S4_(0.75,1.00]",label_dyn,native,front_h3,nondominated,H3,21,18,0.387619047619048,0.991619241405043,0.395373347992396,0.995,0.996550001023394,0.421908590275937,NaN
DTLZ4,10,12,21012,"S4_(0.75,1.00]",label_dyn,native,population_final,retention,FINAL,21,21,0.387619047619048,0.763156491582893,0.44816397577146,0.67047619047619,1.15365650868651,0.587374180255384,0.763156491582893
DTLZ4,10,12,21012,"S4_(0.75,1.00]",label_dyn,native,population_h1,retention,H1,21,20,0.387619047619048,0.97327676142701,0.398007145879201,0.9585,1.01545697836387,0.58227738246341,0.97327676142701
DTLZ4,10,12,21012,"S4_(0.75,1.00]",label_dyn,native,population_h3,retention,H3,21,18,0.387619047619048,0.917658151434916,0.40947865331979,0.888888888888889,1.03232862787184,0.558745351499253,0.917658151434916
DTLZ4,10,13,21013,"S1_[0,0.25]",label_dyn,native,front_final,nondominated,FINAL,5,5,0.38,0.919694857987541,0.368611111111111,0.948,0.970220864275743,0.369305555555556,NaN
DTLZ4,10,13,21013,"S1_[0,0.25]",label_dyn,native,front_h1,nondominated,H1,5,5,0.38,0.993939393939394,0.382085106382979,0.988,1.00631850419084,0.586879432624113,NaN
DTLZ4,10,13,21013,"S1_[0,0.25]",label_dyn,native,front_h3,nondominated,H3,5,5,0.38,0.98949494949495,0.380973995271868,0.986,1.00384936838838,0.404550827423168,NaN
DTLZ4,10,13,21013,"S1_[0,0.25]",label_dyn,native,population_final,retention,FINAL,5,5,0.38,0.334872065603773,1,0.126,2.66529405553796,0.854610762800418,0.334872065603773
DTLZ4,10,13,21013,"S1_[0,0.25]",label_dyn,native,population_h1,retention,H1,5,5,0.38,0.989061345158906,0.399193729003359,0.942,1.04995327872448,0.666263531168346,0.989061345158906
DTLZ4,10,13,21013,"S1_[0,0.25]",label_dyn,native,population_h3,retention,H3,5,5,0.38,0.973347059444621,0.44678225095504,0.828,1.17556192460688,0.694306158157258,0.973347059444621
DTLZ4,10,13,21013,"S2_(0.25,0.50]",label_dyn,native,front_final,nondominated,FINAL,21,21,0.437142857142857,0.919452471170218,0.428453994766247,0.938571428571428,0.979598827126598,0.420519514389926,NaN
DTLZ4,10,13,21013,"S2_(0.25,0.50]",label_dyn,native,front_h1,nondominated,H1,21,21,0.437142857142857,0.997585181258651,0.436575276575277,0.999047619047619,0.998522790112153,0.202020202020202,NaN
DTLZ4,10,13,21013,"S2_(0.25,0.50]",label_dyn,native,front_h3,nondominated,H3,21,21,0.437142857142857,0.993065770680567,0.435680615680616,0.996666666666666,0.996362731327171,0.280663780663781,NaN
DTLZ4,10,13,21013,"S2_(0.25,0.50]",label_dyn,native,population_final,retention,FINAL,21,21,0.437142857142857,0.261314821935094,0.599296548194565,0.212380952380952,1.2900278200536,0.59809816397924,0.261314821935094
DTLZ4,10,13,21013,"S2_(0.25,0.50]",label_dyn,native,population_h1,retention,H1,21,21,0.437142857142857,0.986729483896617,0.457104653687712,0.947142857142857,1.04195651185575,0.677928744077416,0.986729483896617
DTLZ4,10,13,21013,"S2_(0.25,0.50]",label_dyn,native,population_h3,retention,H3,21,21,0.437142857142857,0.957860359092667,0.495890336407445,0.851428571428571,1.12576163401118,0.690791195503531,0.957860359092667
DTLZ4,10,13,21013,"S3_(0.50,0.75]",label_dyn,native,front_final,nondominated,FINAL,20,20,0.4485,0.877363575966517,0.440191517539584,0.896,0.978543737860106,0.461410589772123,NaN
DTLZ4,10,13,21013,"S3_(0.50,0.75]",label_dyn,native,front_h1,nondominated,H1,20,20,0.4485,0.98983063301078,0.447481962481962,0.993,0.996785774358281,0.402757736091069,NaN
DTLZ4,10,13,21013,"S3_(0.50,0.75]",label_dyn,native,front_h3,nondominated,H3,20,20,0.4485,0.976021862124803,0.446440100374467,0.9815,0.994412269416735,0.401293400249645,NaN
DTLZ4,10,13,21013,"S3_(0.50,0.75]",label_dyn,native,population_final,retention,FINAL,20,20,0.4485,0.477905436067201,0.482716739469889,0.4395,1.07815983133573,0.534255543550955,0.477905436067201
DTLZ4,10,13,21013,"S3_(0.50,0.75]",label_dyn,native,population_h1,retention,H1,20,20,0.4485,0.977547270948006,0.453239681265289,0.9655,1.01265614817128,0.560424161549499,0.977547270948006
DTLZ4,10,13,21013,"S3_(0.50,0.75]",label_dyn,native,population_h3,retention,H3,20,20,0.4485,0.928824286416198,0.459725886985478,0.9025,1.02994096407122,0.550851260731057,0.928824286416198
DTLZ4,10,13,21013,"S4_(0.75,1.00]",label_dyn,native,front_final,nondominated,FINAL,21,21,0.501904761904762,0.996481282571508,0.502523387421347,0.995238095238095,1.00127237596762,0.541082594654023,NaN
DTLZ4,10,13,21013,"S4_(0.75,1.00]",label_dyn,native,front_h1,nondominated,H1,21,20,0.501904761904762,0.998611111111111,0.49550505050505,0.9985,1.00011223344557,0.501683501683502,NaN
DTLZ4,10,13,21013,"S4_(0.75,1.00]",label_dyn,native,front_h3,nondominated,H3,21,18,0.501904761904762,0.996869488536155,0.481913923818686,0.996111111111111,1.0007807623076,0.491445062873634,NaN
DTLZ4,10,13,21013,"S4_(0.75,1.00]",label_dyn,native,population_final,retention,FINAL,21,21,0.501904761904762,0.822048544671808,0.539355804414101,0.768571428571429,1.07187538269492,0.599434638396328,0.822048544671808
DTLZ4,10,13,21013,"S4_(0.75,1.00]",label_dyn,native,population_h1,retention,H1,21,20,0.501904761904762,0.978289679575735,0.502033622042707,0.9665,1.01229219358204,0.608351029145284,0.978289679575735
DTLZ4,10,13,21013,"S4_(0.75,1.00]",label_dyn,native,population_h3,retention,H3,21,18,0.501904761904762,0.940307411514595,0.497858886577346,0.911666666666667,1.03163113173048,0.596630430572993,0.940307411514595
DTLZ4,10,14,21014,"S1_[0,0.25]",label_dyn,native,front_final,nondominated,FINAL,5,5,0.394,0.96919545556679,0.388599000206143,0.982,0.987059513714136,0.269299500103072,NaN
DTLZ4,10,14,21014,"S1_[0,0.25]",label_dyn,native,front_h1,nondominated,H1,5,5,0.394,0.995,0.394767260231178,0.992,1.00315526398001,0.430959075288972,NaN
DTLZ4,10,14,21014,"S1_[0,0.25]",label_dyn,native,front_h3,nondominated,H3,5,5,0.394,0.995,0.394767260231178,0.992,1.00315526398001,0.430959075288972,NaN
DTLZ4,10,14,21014,"S1_[0,0.25]",label_dyn,native,population_final,retention,FINAL,5,5,0.394,0.117217166610493,1,0.046,2.58045444332098,0.8175,0.117217166610493
DTLZ4,10,14,21014,"S1_[0,0.25]",label_dyn,native,population_h1,retention,H1,5,5,0.394,0.985652173913044,0.411198208286674,0.944,1.04419884122888,0.64893243747667,0.985652173913044
DTLZ4,10,14,21014,"S1_[0,0.25]",label_dyn,native,population_h3,retention,H3,5,5,0.394,0.96419545556679,0.455013017843047,0.836,1.15346376815515,0.685137227875772,0.96419545556679
DTLZ4,10,14,21014,"S2_(0.25,0.50]",label_dyn,native,front_final,nondominated,FINAL,21,21,0.53,0.97432445491886,0.526741142432894,0.97952380952381,0.99465489235702,0.401955766443936,NaN
DTLZ4,10,14,21014,"S2_(0.25,0.50]",label_dyn,native,front_h1,nondominated,H1,21,21,0.53,0.99765679918769,0.529618144516104,0.998571428571429,0.999070115471405,0.347995258709544,NaN
DTLZ4,10,14,21014,"S2_(0.25,0.50]",label_dyn,native,front_h3,nondominated,H3,21,21,0.53,0.992756699539158,0.528417704744235,0.995714285714286,0.996994230270298,0.304730983302412,NaN
DTLZ4,10,14,21014,"S2_(0.25,0.50]",label_dyn,native,population_final,retention,FINAL,21,21,0.53,0.224626214948471,0.827025593726313,0.147142857142857,1.60635207936807,0.671452822003876,0.224626214948471
DTLZ4,10,14,21014,"S2_(0.25,0.50]",label_dyn,native,population_h1,retention,H1,21,21,0.53,0.982058787745832,0.549224226834665,0.946666666666666,1.03757177480022,0.680961319766539,0.982058787745832
DTLZ4,10,14,21014,"S2_(0.25,0.50]",label_dyn,native,population_h3,retention,H3,21,21,0.53,0.950094198120984,0.59189066405654,0.848095238095238,1.12171707212374,0.697194631895438,0.950094198120984
DTLZ4,10,14,21014,"S3_(0.50,0.75]",label_dyn,native,front_final,nondominated,FINAL,20,20,0.3915,0.972809164493568,0.387978633776222,0.9825,0.989926034045458,0.473810961044837,NaN
DTLZ4,10,14,21014,"S3_(0.50,0.75]",label_dyn,native,front_h1,nondominated,H1,20,20,0.3915,0.994755639097744,0.390418058132344,0.9975,0.997212457550803,0.30604514533086,NaN
DTLZ4,10,14,21014,"S3_(0.50,0.75]",label_dyn,native,front_h3,nondominated,H3,20,20,0.3915,0.987990436395042,0.389173057101628,0.994,0.993881262255322,0.345192285668476,NaN
DTLZ4,10,14,21014,"S3_(0.50,0.75]",label_dyn,native,population_final,retention,FINAL,20,20,0.3915,0.588359174295988,0.535574932593094,0.4325,1.38050312371168,0.624059842210546,0.588359174295988
DTLZ4,10,14,21014,"S3_(0.50,0.75]",label_dyn,native,population_h1,retention,H1,20,20,0.3915,0.972987155463748,0.396093129379956,0.9605,1.01304603861862,0.568046564689978,0.972987155463748
DTLZ4,10,14,21014,"S3_(0.50,0.75]",label_dyn,native,population_h3,retention,H3,20,20,0.3915,0.916615100387946,0.401038148476528,0.8925,1.02691338305069,0.548990672084862,0.916615100387946
DTLZ4,10,14,21014,"S4_(0.75,1.00]",label_dyn,native,front_final,nondominated,FINAL,21,21,0.424285714285714,0.99545609571742,0.423169793169793,0.998095238095238,0.997334199618365,0.207070707070707,NaN
DTLZ4,10,14,21014,"S4_(0.75,1.00]",label_dyn,native,front_h1,nondominated,H1,21,20,0.424285714285714,0.996340011614402,0.423606060606061,0.9985,0.997818193549901,0.202020202020202,NaN
DTLZ4,10,14,21014,"S4_(0.75,1.00]",label_dyn,native,front_h3,nondominated,H3,21,18,0.424285714285714,0.99469877833699,0.417586980920314,0.997777777777778,0.99688989955476,0.207070707070707,NaN
DTLZ4,10,14,21014,"S4_(0.75,1.00]",label_dyn,native,population_final,retention,FINAL,21,21,0.424285714285714,0.808260615986916,0.454814797276404,0.758095238095238,1.0728819298543,0.565362822286036,0.808260615986916
DTLZ4,10,14,21014,"S4_(0.75,1.00]",label_dyn,native,population_h1,retention,H1,21,20,0.424285714285714,0.967894775585856,0.426509601930834,0.9635,1.00449980621634,0.54861194382256,0.967894775585856
DTLZ4,10,14,21014,"S4_(0.75,1.00]",label_dyn,native,population_h3,retention,H3,21,18,0.424285714285714,0.91223735727659,0.422144443730334,0.905,1.00790370451464,0.52202091823053,0.91223735727659
DTLZ4,10,15,21015,"S1_[0,0.25]",label_dyn,native,front_final,nondominated,FINAL,5,5,0.396,0.974384849506184,0.391231906695824,0.986,0.988266262521906,0.262282620014579,NaN
DTLZ4,10,15,21015,"S1_[0,0.25]",label_dyn,native,front_h1,nondominated,H1,5,5,0.396,1,0.39734693877551,0.996,1.00408163265306,0.668367346938776,NaN
DTLZ4,10,15,21015,"S1_[0,0.25]",label_dyn,native,front_h3,nondominated,H3,5,5,0.396,0.991001011122346,0.395104514533086,0.992,0.999032148938259,0.369253762110905,NaN
DTLZ4,10,15,21015,"S1_[0,0.25]",label_dyn,native,population_final,retention,FINAL,5,5,0.396,0.14142256743369,1,0.056,2.56151504938158,0.81975544558032,0.14142256743369
DTLZ4,10,15,21015,"S1_[0,0.25]",label_dyn,native,population_h1,retention,H1,5,5,0.396,0.989288231148696,0.411575484005033,0.952,1.03920284097657,0.66912107533585,0.989288231148696
DTLZ4,10,15,21015,"S1_[0,0.25]",label_dyn,native,population_h3,retention,H3,5,5,0.396,0.96538586062853,0.443143544506816,0.862,1.11993544339324,0.671022321703958,0.96538586062853
DTLZ4,10,15,21015,"S2_(0.25,0.50]",label_dyn,native,front_final,nondominated,FINAL,21,21,0.604285714285714,0.995289930953437,0.603503254115499,0.996666666666666,0.998611737583327,0.349464028035457,NaN
DTLZ4,10,15,21015,"S2_(0.25,0.50]",label_dyn,native,front_h1,nondominated,H1,21,21,0.604285714285714,0.998964803312629,0.604025974025974,0.99952380952381,0.999435347261434,0.227272727272727,NaN
DTLZ4,10,15,21015,"S2_(0.25,0.50]",label_dyn,native,front_h3,nondominated,H3,21,21,0.604285714285714,0.998964803312629,0.604025974025974,0.99952380952381,0.999435347261434,0.227272727272727,NaN
DTLZ4,10,15,21015,"S2_(0.25,0.50]",label_dyn,native,population_final,retention,FINAL,21,21,0.604285714285714,0.216680245521129,0.91740160424371,0.144761904761905,1.54234778120756,0.681714562391659,0.216680245521129
DTLZ4,10,15,21015,"S2_(0.25,0.50]",label_dyn,native,population_h1,retention,H1,21,21,0.604285714285714,0.988484859546828,0.627667803392007,0.950952380952381,1.0395826469835,0.735262473124575,0.988484859546828
DTLZ4,10,15,21015,"S2_(0.25,0.50]",label_dyn,native,population_h3,retention,H3,21,21,0.604285714285714,0.959446795879042,0.673132790508123,0.859047619047619,1.11765235630295,0.743909740517575,0.959446795879042
DTLZ4,10,15,21015,"S3_(0.50,0.75]",label_dyn,native,front_final,nondominated,FINAL,20,20,0.5095,0.964126381242737,0.505350683409555,0.9725,0.991382137365247,0.426425341704777,NaN
DTLZ4,10,15,21015,"S3_(0.50,0.75]",label_dyn,native,front_h1,nondominated,H1,20,20,0.5095,0.99725613154961,0.508863636363636,0.9985,0.998743567221828,0.287878787878788,NaN
DTLZ4,10,15,21015,"S3_(0.50,0.75]",label_dyn,native,front_h3,nondominated,H3,20,20,0.5095,0.994321074803078,0.508156565656566,0.997,0.997294014952604,0.276094276094276,NaN
DTLZ4,10,15,21015,"S3_(0.50,0.75]",label_dyn,native,population_final,retention,FINAL,20,20,0.5095,0.345546079389178,0.592168136804558,0.316,1.12378977514738,0.554370670623281,0.345546079389178
DTLZ4,10,15,21015,"S3_(0.50,0.75]",label_dyn,native,population_h1,retention,H1,20,20,0.5095,0.976657263380061,0.522209667472218,0.9555,1.02302561098293,0.616303697372473,0.976657263380061
DTLZ4,10,15,21015,"S3_(0.50,0.75]",label_dyn,native,population_h3,retention,H3,20,20,0.5095,0.938172408996644,0.541526012393877,0.8885,1.05816952008211,0.628932884326056,0.938172408996644
DTLZ4,10,15,21015,"S4_(0.75,1.00]",label_dyn,native,front_final,nondominated,FINAL,21,21,0.476190476190476,0.971554077205949,0.47265460929482,0.97952380952381,0.991683959443865,0.422183894244078,NaN
DTLZ4,10,15,21015,"S4_(0.75,1.00]",label_dyn,native,front_h1,nondominated,H1,21,20,0.476190476190476,0.996996794871795,0.48069696969697,0.9975,0.999491711991712,0.424242424242424,NaN
DTLZ4,10,15,21015,"S4_(0.75,1.00]",label_dyn,native,front_h3,nondominated,H3,21,18,0.476190476190476,0.98972830832738,0.482822504830666,0.991666666666667,0.997986534063855,0.480258651267833,NaN
DTLZ4,10,15,21015,"S4_(0.75,1.00]",label_dyn,native,population_final,retention,FINAL,21,21,0.476190476190476,0.673962368336819,0.475559127171087,0.676190476190476,0.993023788776061,0.488748340411513,0.673962368336819
DTLZ4,10,15,21015,"S4_(0.75,1.00]",label_dyn,native,population_h1,retention,H1,21,20,0.476190476190476,0.966276808334437,0.481814083107706,0.9645,1.00192006851175,0.490490374887186,0.966276808334437
DTLZ4,10,15,21015,"S4_(0.75,1.00]",label_dyn,native,population_h3,retention,H3,21,18,0.476190476190476,0.90999155454559,0.489887034937439,0.897777777777778,1.01364055131485,0.528827688852891,0.90999155454559
DTLZ4,10,16,21016,"S1_[0,0.25]",label_dyn,native,front_final,nondominated,FINAL,5,5,0.368,0.961763555229537,0.364150730286689,0.972,0.989466536055286,0.425408698476678,NaN
DTLZ4,10,16,21016,"S1_[0,0.25]",label_dyn,native,front_h1,nondominated,H1,5,5,0.368,0.994285714285714,0.368103092783505,0.994,1.00029455081001,0.508591065292096,NaN
DTLZ4,10,16,21016,"S1_[0,0.25]",label_dyn,native,front_h3,nondominated,H3,5,5,0.368,0.994285714285714,0.368103092783505,0.994,1.00029455081001,0.508591065292096,NaN
DTLZ4,10,16,21016,"S1_[0,0.25]",label_dyn,native,population_final,retention,FINAL,5,5,0.368,0.0600443181123541,1,0.022,2.7522159056177,0.823080159899011,0.0600443181123541
DTLZ4,10,16,21016,"S1_[0,0.25]",label_dyn,native,population_h1,retention,H1,5,5,0.368,0.989285714285714,0.384265704584041,0.948,1.04357466246261,0.657847138006306,0.989285714285714
DTLZ4,10,16,21016,"S1_[0,0.25]",label_dyn,native,population_h3,retention,H3,5,5,0.368,0.969266458830002,0.423536004483049,0.842,1.15121964579046,0.675213380392785,0.969266458830002
DTLZ4,10,16,21016,"S2_(0.25,0.50]",label_dyn,native,front_final,nondominated,FINAL,21,21,0.604285714285714,0.940012183677618,0.596381173513956,0.951904761904762,0.987578907235977,0.40556020126945,NaN
DTLZ4,10,16,21016,"S2_(0.25,0.50]",label_dyn,native,front_h1,nondominated,H1,21,21,0.604285714285714,0.998386021075097,0.60440160069026,0.998095238095238,1.00030402664033,0.469775070290534,NaN
DTLZ4,10,16,21016,"S2_(0.25,0.50]",label_dyn,native,front_h3,nondominated,H3,21,21,0.604285714285714,0.994672869147659,0.604031478258282,0.994761904761905,0.999916711451841,0.441799437675726,NaN
DTLZ4,10,16,21016,"S2_(0.25,0.50]",label_dyn,native,population_final,retention,FINAL,21,21,0.604285714285714,0.12603742152287,0.962154512154512,0.079047619047619,1.65943614757814,0.693916116592215,0.12603742152287
DTLZ4,10,16,21016,"S2_(0.25,0.50]",label_dyn,native,population_h1,retention,H1,21,21,0.604285714285714,0.988509040373076,0.628571969149312,0.949047619047619,1.04164964679614,0.737301857590529,0.988509040373076
DTLZ4,10,16,21016,"S2_(0.25,0.50]",label_dyn,native,population_h3,retention,H3,21,21,0.604285714285714,0.957140173456803,0.675158757720138,0.853809523809524,1.1214280938549,0.742641934185229,0.957140173456803
DTLZ4,10,16,21016,"S3_(0.50,0.75]",label_dyn,native,front_final,nondominated,FINAL,20,20,0.4545,0.969268455701663,0.45570926528535,0.9695,0.999971922298014,0.472021299309342,NaN
DTLZ4,10,16,21016,"S3_(0.50,0.75]",label_dyn,native,front_h1,nondominated,H1,20,20,0.4545,1,0.45560606060606,0.998,1.0020202020202,0.776515151515151,NaN
DTLZ4,10,16,21016,"S3_(0.50,0.75]",label_dyn,native,front_h3,nondominated,H3,20,20,0.4545,1,0.457735209235209,0.994,1.0060915275201,0.760261343594677,NaN
DTLZ4,10,16,21016,"S3_(0.50,0.75]",label_dyn,native,population_final,retention,FINAL,20,20,0.4545,0.366256395772633,0.606638183847921,0.2865,1.32031885076596,0.600939208473422,0.366256395772633
DTLZ4,10,16,21016,"S3_(0.50,0.75]",label_dyn,native,population_h1,retention,H1,20,20,0.4545,0.984174550927458,0.467310937638294,0.957,1.02846708439475,0.651155468819147,0.984174550927458
DTLZ4,10,16,21016,"S3_(0.50,0.75]",label_dyn,native,population_h3,retention,H3,20,20,0.4545,0.944347345446234,0.489698090502245,0.8765,1.07760778840993,0.646246710086287,0.944347345446234
DTLZ4,10,16,21016,"S4_(0.75,1.00]",label_dyn,native,front_final,nondominated,FINAL,21,21,0.433809523809524,0.983453233624818,0.4305772005772,0.990952380952381,0.992425103709532,0.321371610845295,NaN
DTLZ4,10,16,21016,"S4_(0.75,1.00]",label_dyn,native,front_h1,nondominated,H1,21,20,0.433809523809524,0.997674418604651,0.435141414141414,0.9985,0.999166079398638,0.38047138047138,NaN
DTLZ4,10,16,21016,"S4_(0.75,1.00]",label_dyn,native,front_h3,nondominated,H3,21,18,0.433809523809524,0.992305483778352,0.4322278338945,0.996111111111111,0.996155931987112,0.286435786435786,NaN
DTLZ4,10,16,21016,"S4_(0.75,1.00]",label_dyn,native,population_final,retention,FINAL,21,21,0.433809523809524,0.804647422565783,0.468208727657608,0.749047619047619,1.08084130714333,0.570399090546552,0.804647422565783
DTLZ4,10,16,21016,"S4_(0.75,1.00]",label_dyn,native,population_h1,retention,H1,21,20,0.433809523809524,0.979508468899683,0.441192593108282,0.9665,1.01351252221188,0.599762963220807,0.979508468899683
DTLZ4,10,16,21016,"S4_(0.75,1.00]",label_dyn,native,population_h3,retention,H3,21,18,0.433809523809524,0.93733687782349,0.447848382919226,0.907777777777778,1.03318133645895,0.574577627529716,0.93733687782349
DTLZ4,10,17,21017,"S1_[0,0.25]",label_dyn,native,front_final,nondominated,FINAL,5,5,0.378,0.956283783783784,0.381576049919073,0.946,1.01269179110749,0.480281628900815,NaN
DTLZ4,10,17,21017,"S1_[0,0.25]",label_dyn,native,front_h1,nondominated,H1,5,5,0.378,0.956283783783784,0.381576049919073,0.946,1.01269179110749,0.480281628900815,NaN
DTLZ4,10,17,21017,"S1_[0,0.25]",label_dyn,native,front_h3,nondominated,H3,5,5,0.378,0.956283783783784,0.381576049919073,0.946,1.01269179110749,0.480281628900815,NaN
DTLZ4,10,17,21017,"S1_[0,0.25]",label_dyn,native,population_final,retention,FINAL,5,5,0.378,0.257068290147558,1,0.098,2.66616593140983,0.844626843469761,0.257068290147558
DTLZ4,10,17,21017,"S1_[0,0.25]",label_dyn,native,population_h1,retention,H1,5,5,0.378,0.98,0.392698768197088,0.942,1.04031354983203,0.629682717431878,0.98
DTLZ4,10,17,21017,"S1_[0,0.25]",label_dyn,native,population_h3,retention,H3,5,5,0.378,0.919615870560992,0.413103506462826,0.842,1.09201734114927,0.61260567480004,0.919615870560992
DTLZ4,10,17,21017,"S2_(0.25,0.50]",label_dyn,native,front_final,nondominated,FINAL,21,21,0.572857142857143,0.971832140004409,0.566330714952112,0.981428571428572,0.990067800645114,0.321651731307475,NaN
DTLZ4,10,17,21017,"S2_(0.25,0.50]",label_dyn,native,front_h1,nondominated,H1,21,21,0.572857142857143,0.997174254317111,0.572225461613217,0.998095238095238,0.999060220634565,0.334183673469388,NaN
DTLZ4,10,17,21017,"S2_(0.25,0.50]",label_dyn,native,front_h3,nondominated,H3,21,21,0.572857142857143,0.991458432634903,0.570932944606414,0.994285714285714,0.997115018723662,0.331632653061224,NaN
DTLZ4,10,17,21017,"S2_(0.25,0.50]",label_dyn,native,population_final,retention,FINAL,21,21,0.572857142857143,0.346857756659387,0.959009509786821,0.209047619047619,1.75314947344962,0.740258143288585,0.346857756659387
DTLZ4,10,17,21017,"S2_(0.25,0.50]",label_dyn,native,population_h1,retention,H1,21,21,0.572857142857143,0.988374953486228,0.595978576292976,0.949523809523809,1.04102027747775,0.731917859575059,0.988374953486228
DTLZ4,10,17,21017,"S2_(0.25,0.50]",label_dyn,native,population_h3,retention,H3,21,21,0.572857142857143,0.967972355772705,0.643260807163907,0.858571428571429,1.12841183508367,0.750473496763282,0.967972355772705
DTLZ4,10,17,21017,"S3_(0.50,0.75]",label_dyn,native,front_final,nondominated,FINAL,20,20,0.458,0.961338862680472,0.451513189038502,0.976,0.984981321891393,0.354923261185918,NaN
DTLZ4,10,17,21017,"S3_(0.50,0.75]",label_dyn,native,front_h1,nondominated,H1,20,20,0.458,0.995585688820983,0.457,0.9985,0.997056251334326,0.166666666666667,NaN
DTLZ4,10,17,21017,"S3_(0.50,0.75]",label_dyn,native,front_h3,nondominated,H3,20,20,0.458,0.994723619855466,0.456939393939394,0.9975,0.997195575611581,0.287878787878788,NaN
DTLZ4,10,17,21017,"S3_(0.50,0.75]",label_dyn,native,population_final,retention,FINAL,20,20,0.458,0.584916893937634,0.583457654393917,0.484,1.24263648749888,0.606239465986367,0.584916893937634
DTLZ4,10,17,21017,"S3_(0.50,0.75]",label_dyn,native,population_h1,retention,H1,20,20,0.458,0.974294011501245,0.472032631012882,0.9495,1.02687774891077,0.616232765722891,0.974294011501245
DTLZ4,10,17,21017,"S3_(0.50,0.75]",label_dyn,native,population_h3,retention,H3,20,20,0.458,0.927878280340623,0.495665647292857,0.869,1.07034447945861,0.620230426044031,0.927878280340623
DTLZ4,10,17,21017,"S4_(0.75,1.00]",label_dyn,native,front_final,nondominated,FINAL,21,21,0.587619047619047,0.973131773887333,0.586405620176396,0.977142857142857,0.995888433938182,0.473551426584379,NaN
DTLZ4,10,17,21017,"S4_(0.75,1.00]",label_dyn,native,front_h1,nondominated,H1,21,20,0.587619047619047,0.996042692939245,0.581077715934859,0.9975,0.998523555314548,0.307694289837147,NaN
DTLZ4,10,17,21017,"S4_(0.75,1.00]",label_dyn,native,front_h3,nondominated,H3,21,18,0.587619047619047,0.992163838715563,0.567728074394741,0.993888888888889,0.998251526205237,0.381364667078953,NaN
DTLZ4,10,17,21017,"S4_(0.75,1.00]",label_dyn,native,population_final,retention,FINAL,21,21,0.587619047619047,0.888160372396068,0.598160655150023,0.871904761904762,1.01965791031904,0.530363872609444,0.888160372396068
DTLZ4,10,17,21017,"S4_(0.75,1.00]",label_dyn,native,population_h1,retention,H1,21,20,0.587619047619047,0.982626714313079,0.582889298252884,0.9805,1.00221857412985,0.492310156975202,0.982626714313079
DTLZ4,10,17,21017,"S4_(0.75,1.00]",label_dyn,native,population_h3,retention,H3,21,18,0.587619047619047,0.951510496193286,0.572200479983353,0.943888888888889,1.00830512360548,0.520205178263281,0.951510496193286
DTLZ4,10,18,21018,"S1_[0,0.25]",label_dyn,native,front_final,nondominated,FINAL,5,5,0.44,0.980121951219512,0.435891414141414,0.99,0.989801213353042,0.259864267676768,NaN
DTLZ4,10,18,21018,"S1_[0,0.25]",label_dyn,native,front_h1,nondominated,H1,5,5,0.44,0.985121951219512,0.437158596271998,0.992,0.992969168679503,0.282281578673331,NaN
DTLZ4,10,18,21018,"S1_[0,0.25]",label_dyn,native,front_h3,nondominated,H3,5,5,0.44,0.980121951219512,0.435891414141414,0.99,0.989801213353042,0.259864267676768,NaN
DTLZ4,10,18,21018,"S1_[0,0.25]",label_dyn,native,population_final,retention,FINAL,5,5,0.44,0.0677031340913022,1,0.03,2.28454891415452,0.788587032751245,0.0677031340913022
DTLZ4,10,18,21018,"S1_[0,0.25]",label_dyn,native,population_h1,retention,H1,5,5,0.44,0.966443128744634,0.453259401076473,0.94,1.02822680431308,0.606629700538236,0.966443128744634
DTLZ4,10,18,21018,"S1_[0,0.25]",label_dyn,native,population_h3,retention,H3,5,5,0.44,0.950942350332594,0.503729202524383,0.834,1.14032150139996,0.691202836556309,0.950942350332594
DTLZ4,10,18,21018,"S2_(0.25,0.50]",label_dyn,native,front_final,nondominated,FINAL,21,21,0.520952380952381,0.979502945267395,0.519143268239891,0.981904761904762,0.997566858922434,0.427684437711519,NaN
DTLZ4,10,18,21018,"S2_(0.25,0.50]",label_dyn,native,front_h1,nondominated,H1,21,21,0.520952380952381,1,0.521168831168831,0.99952380952381,1.000481000481,0.727272727272727,NaN
DTLZ4,10,18,21018,"S2_(0.25,0.50]",label_dyn,native,front_h3,nondominated,H3,21,21,0.520952380952381,1,0.521572871572872,0.998571428571429,1.001443001443,0.717171717171717,NaN
DTLZ4,10,18,21018,"S2_(0.25,0.50]",label_dyn,native,population_final,retention,FINAL,21,21,0.520952380952381,0.177820639843988,0.810718746220544,0.114761904761905,1.56447814761768,0.661547223529235,0.177820639843988
DTLZ4,10,18,21018,"S2_(0.25,0.50]",label_dyn,native,population_h1,retention,H1,21,21,0.520952380952381,0.988769845861317,0.544817443372675,0.945238095238095,1.04618065617737,0.718837293114909,0.988769845861317
DTLZ4,10,18,21018,"S2_(0.25,0.50]",label_dyn,native,population_h3,retention,H3,21,21,0.520952380952381,0.944988164618042,0.58708970451903,0.843809523809524,1.12048340158863,0.708462806620747,0.944988164618042
DTLZ4,10,18,21018,"S3_(0.50,0.75]",label_dyn,native,front_final,nondominated,FINAL,20,20,0.3785,0.951710587050083,0.376408040005695,0.9555,0.996006505157503,0.479870686669514,NaN
DTLZ4,10,18,21018,"S3_(0.50,0.75]",label_dyn,native,front_h1,nondominated,H1,20,20,0.3785,0.997896825396825,0.378025252525252,0.999,0.998885682219015,0.262626262626263,NaN
DTLZ4,10,18,21018,"S3_(0.50,0.75]",label_dyn,native,front_h3,nondominated,H3,20,20,0.3785,0.997896825396825,0.378333333333333,0.998,0.999895783229116,0.458333333333333,NaN
DTLZ4,10,18,21018,"S3_(0.50,0.75]",label_dyn,native,population_final,retention,FINAL,20,20,0.3785,0.501294630404288,0.561986157477891,0.34,1.51279626266804,0.636351840361354,0.501294630404288
DTLZ4,10,18,21018,"S3_(0.50,0.75]",label_dyn,native,population_h1,retention,H1,20,20,0.3785,0.976346206938312,0.383863989878874,0.9615,1.01553630391602,0.57401532827277,0.976346206938312
DTLZ4,10,18,21018,"S3_(0.50,0.75]",label_dyn,native,population_h3,retention,H3,20,20,0.3785,0.944750145571453,0.398802592111667,0.8935,1.05767904729354,0.593816880471418,0.944750145571453
DTLZ4,10,18,21018,"S4_(0.75,1.00]",label_dyn,native,front_final,nondominated,FINAL,21,21,0.584761904761905,0.966425406346633,0.585064155824322,0.964285714285714,1.00215086620403,0.519913030293113,NaN
DTLZ4,10,18,21018,"S4_(0.75,1.00]",label_dyn,native,front_h1,nondominated,H1,21,20,0.584761904761905,0.998571428571429,0.584484848484849,0.9985,1.00007215007215,0.494949494949495,NaN
DTLZ4,10,18,21018,"S4_(0.75,1.00]",label_dyn,native,front_h3,nondominated,H3,21,18,0.584761904761905,0.995191748196863,0.600002290478481,0.995,1.00019695715945,0.487502576788291,NaN
DTLZ4,10,18,21018,"S4_(0.75,1.00]",label_dyn,native,population_final,retention,FINAL,21,21,0.584761904761905,0.767155394347764,0.624463361708581,0.734285714285714,1.05556672626348,0.562477352798197,0.767155394347764
DTLZ4,10,18,21018,"S4_(0.75,1.00]",label_dyn,native,population_h1,retention,H1,21,20,0.584761904761905,0.970034962011788,0.586672348174324,0.968,1.00208479958443,0.544000484001524,0.970034962011788
DTLZ4,10,18,21018,"S4_(0.75,1.00]",label_dyn,native,population_h3,retention,H3,21,18,0.584761904761905,0.909052679655609,0.605401227035211,0.907777777777778,1.00141933930337,0.5328435415772,0.909052679655609
DTLZ4,10,19,21019,"S1_[0,0.25]",label_dyn,native,front_final,nondominated,FINAL,5,5,0.384,0.989871794871795,0.383782359679267,0.99,0.999995460820203,0.358151966399389,NaN
DTLZ4,10,19,21019,"S1_[0,0.25]",label_dyn,native,front_h1,nondominated,H1,5,5,0.384,1,0.386226804123711,0.994,1.00618556701031,0.685567010309278,NaN
DTLZ4,10,19,21019,"S1_[0,0.25]",label_dyn,native,front_h3,nondominated,H3,5,5,0.384,1,0.386226804123711,0.994,1.00618556701031,0.685567010309278,NaN
DTLZ4,10,19,21019,"S1_[0,0.25]",label_dyn,native,population_final,retention,FINAL,5,5,0.384,0.343237440066708,0.938863750628457,0.142,2.4531140786521,0.822617279989152,0.343237440066708
DTLZ4,10,19,21019,"S1_[0,0.25]",label_dyn,native,population_h1,retention,H1,5,5,0.384,0.963449030644153,0.39013440860215,0.948,1.01617028257262,0.567210061443932,0.963449030644153
DTLZ4,10,19,21019,"S1_[0,0.25]",label_dyn,native,population_h3,retention,H3,5,5,0.384,0.905780696268501,0.411449660278793,0.846,1.07089715712117,0.587948219495139,0.905780696268501
DTLZ4,10,19,21019,"S2_(0.25,0.50]",label_dyn,native,front_final,nondominated,FINAL,21,21,0.423333333333333,0.948789413437288,0.414915830467057,0.968095238095238,0.979757494314736,0.327349973719849,NaN
DTLZ4,10,19,21019,"S2_(0.25,0.50]",label_dyn,native,front_h1,nondominated,H1,21,21,0.423333333333333,0.997897164563831,0.422818662818663,0.999047619047619,0.998837924763851,0.22979797979798,NaN
DTLZ4,10,19,21019,"S2_(0.25,0.50]",label_dyn,native,front_h3,nondominated,H3,21,21,0.423333333333333,0.993498625967179,0.421746031746032,0.997142857142857,0.996318958408406,0.222222222222222,NaN
DTLZ4,10,19,21019,"S2_(0.25,0.50]",label_dyn,native,population_final,retention,FINAL,21,21,0.423333333333333,0.284308463440253,0.49611996385709,0.263809523809524,1.1549705819614,0.541295191500844,0.284308463440253
DTLZ4,10,19,21019,"S2_(0.25,0.50]",label_dyn,native,population_h1,retention,H1,21,21,0.423333333333333,0.977237475813922,0.436525406412256,0.948095238095238,1.03114507042387,0.608738893682318,0.977237475813922
DTLZ4,10,19,21019,"S2_(0.25,0.50]",label_dyn,native,population_h3,retention,H3,21,21,0.423333333333333,0.922036279056406,0.457753651836949,0.855714285714286,1.08030472706019,0.597501264816023,0.922036279056406
DTLZ4,10,19,21019,"S3_(0.50,0.75]",label_dyn,native,front_final,nondominated,FINAL,20,20,0.365,0.92012259940085,0.352565789473684,0.953,0.965528007857831,0.363782894736842,NaN
DTLZ4,10,19,21019,"S3_(0.50,0.75]",label_dyn,native,front_h1,nondominated,H1,20,20,0.365,0.998717948717949,0.364883838383838,0.999,0.9997150997151,0.441919191919192,NaN
DTLZ4,10,19,21019,"S3_(0.50,0.75]",label_dyn,native,front_h3,nondominated,H3,20,20,0.365,0.996050807892913,0.365022881880025,0.996,1.00004515906772,0.523371469800041,NaN
DTLZ4,10,19,21019,"S3_(0.50,0.75]",label_dyn,native,population_final,retention,FINAL,20,20,0.365,0.422430583459995,0.330789147674392,0.46,0.910785044424424,0.469589253496868,0.422430583459995
DTLZ4,10,19,21019,"S3_(0.50,0.75]",label_dyn,native,population_h1,retention,H1,20,20,0.365,0.976669839663261,0.370698023436228,0.9615,1.01581698927309,0.56826567838478,0.976669839663261
DTLZ4,10,19,21019,"S3_(0.50,0.75]",label_dyn,native,population_h3,retention,H3,20,20,0.365,0.925711301056696,0.379984783676333,0.888,1.0426882168284,0.566869403715178,0.925711301056696
DTLZ4,10,19,21019,"S4_(0.75,1.00]",label_dyn,native,front_final,nondominated,FINAL,21,21,0.375238095238095,0.976615129356612,0.373055015850134,0.982857142857143,0.993542505944303,0.426006472202201,NaN
DTLZ4,10,19,21019,"S4_(0.75,1.00]",label_dyn,native,front_h1,nondominated,H1,21,20,0.375238095238095,0.989261284059078,0.372117192331478,0.995,0.994189574360506,0.289521490414348,NaN
DTLZ4,10,19,21019,"S4_(0.75,1.00]",label_dyn,native,front_h3,nondominated,H3,21,18,0.375238095238095,0.977182642223144,0.368939964197696,0.988333333333333,0.988620052602503,0.327816084259383,NaN
DTLZ4,10,19,21019,"S4_(0.75,1.00]",label_dyn,native,population_final,retention,FINAL,21,21,0.375238095238095,0.750393163220773,0.373856310107578,0.748095238095238,0.994267026778246,0.533194251989243,0.750393163220773
DTLZ4,10,19,21019,"S4_(0.75,1.00]",label_dyn,native,population_h1,retention,H1,21,20,0.375238095238095,0.963082853673831,0.371661930227787,0.969,0.993841927681085,0.45874763178056,0.963082853673831
DTLZ4,10,19,21019,"S4_(0.75,1.00]",label_dyn,native,population_h3,retention,H3,21,18,0.375238095238095,0.898514172981191,0.365281762676252,0.914444444444445,0.982534610846414,0.455385960333205,0.898514172981191
DTLZ4,10,20,21020,"S1_[0,0.25]",label_dyn,native,front_final,nondominated,FINAL,5,5,0.33,0.987096774193548,0.327183673469388,0.996,0.990915075707703,0.147959183673469,NaN
DTLZ4,10,20,21020,"S1_[0,0.25]",label_dyn,native,front_h1,nondominated,H1,5,5,0.33,0.987096774193548,0.327183673469388,0.996,0.990915075707703,0.147959183673469,NaN
DTLZ4,10,20,21020,"S1_[0,0.25]",label_dyn,native,front_h3,nondominated,H3,5,5,0.33,0.987096774193548,0.327183673469388,0.996,0.990915075707703,0.147959183673469,NaN
DTLZ4,10,20,21020,"S1_[0,0.25]",label_dyn,native,population_final,retention,FINAL,5,5,0.33,0.0910765728578821,1,0.03,3.03588576192941,0.845360824742268,0.0910765728578821
DTLZ4,10,20,21020,"S1_[0,0.25]",label_dyn,native,population_h1,retention,H1,5,5,0.33,0.963000135538086,0.336230899830221,0.946,1.01807864062433,0.553829735629396,0.963000135538086
DTLZ4,10,20,21020,"S1_[0,0.25]",label_dyn,native,population_h3,retention,H3,5,5,0.33,0.914414773240675,0.364881588999236,0.83,1.10398259988257,0.595828475659038,0.914414773240675
DTLZ4,10,20,21020,"S2_(0.25,0.50]",label_dyn,native,front_final,nondominated,FINAL,21,21,0.450476190476191,0.983506103030097,0.446992961686839,0.993809523809524,0.989529684522514,0.238342609771181,NaN
DTLZ4,10,20,21020,"S2_(0.25,0.50]",label_dyn,native,front_h1,nondominated,H1,21,21,0.450476190476191,0.997596153846154,0.45018278018278,0.998571428571429,0.999014874014874,0.397306397306397,NaN
DTLZ4,10,20,21020,"S2_(0.25,0.50]",label_dyn,native,front_h3,nondominated,H3,21,21,0.450476190476191,0.997596153846154,0.45018278018278,0.998571428571429,0.999014874014874,0.397306397306397,NaN
DTLZ4,10,20,21020,"S2_(0.25,0.50]",label_dyn,native,population_final,retention,FINAL,21,21,0.450476190476191,0.196845060958174,0.747643042724336,0.12952380952381,1.64994270524831,0.665584211246706,0.196845060958174
DTLZ4,10,20,21020,"S2_(0.25,0.50]",label_dyn,native,population_h1,retention,H1,21,21,0.450476190476191,0.985998032582525,0.47061589588082,0.945714285714286,1.04339519328346,0.673006360638823,0.985998032582525
DTLZ4,10,20,21020,"S2_(0.25,0.50]",label_dyn,native,population_h3,retention,H3,21,21,0.450476190476191,0.959539493936045,0.512865564229378,0.847142857142857,1.13373697329683,0.698634592908937,0.959539493936045
DTLZ4,10,20,21020,"S3_(0.50,0.75]",label_dyn,native,front_final,nondominated,FINAL,20,20,0.3405,0.952772096292613,0.329741290455576,0.984,0.968213317649133,0.164870645227788,NaN
DTLZ4,10,20,21020,"S3_(0.50,0.75]",label_dyn,native,front_h1,nondominated,H1,20,20,0.3405,0.997058823529412,0.339833333333333,0.999,0.998039215686275,0.166666666666667,NaN
DTLZ4,10,20,21020,"S3_(0.50,0.75]",label_dyn,native,front_h3,nondominated,H3,20,20,0.3405,0.992510583778966,0.338818181818182,0.9975,0.994960185635319,0.163636363636364,NaN
DTLZ4,10,20,21020,"S3_(0.50,0.75]",label_dyn,native,population_final,retention,FINAL,20,20,0.3405,0.487001704660623,0.42624421171547,0.3965,1.25300729566207,0.568081432053104,0.487001704660623
DTLZ4,10,20,21020,"S3_(0.50,0.75]",label_dyn,native,population_h1,retention,H1,20,20,0.3405,0.980019052666111,0.348000867152017,0.9585,1.02258575022706,0.592274243099818,0.980019052666111
DTLZ4,10,20,21020,"S3_(0.50,0.75]",label_dyn,native,population_h3,retention,H3,20,20,0.3405,0.936250040170225,0.360237632995846,0.8845,1.05920562808279,0.582466150536433,0.936250040170225
DTLZ4,10,20,21020,"S4_(0.75,1.00]",label_dyn,native,front_final,nondominated,FINAL,21,21,0.359047619047619,0.980331514326161,0.354606021340715,0.993333333333333,0.986845000222932,0.168335632621347,NaN
DTLZ4,10,20,21020,"S4_(0.75,1.00]",label_dyn,native,front_h1,nondominated,H1,21,20,0.359047619047619,0.995666508538899,0.355015151515152,0.9985,0.99713788741303,0.171717171717172,NaN
DTLZ4,10,20,21020,"S4_(0.75,1.00]",label_dyn,native,front_h3,nondominated,H3,21,18,0.359047619047619,0.990574832083371,0.350611672278339,0.996666666666667,0.993846631734045,0.175084175084175,NaN
DTLZ4,10,20,21020,"S4_(0.75,1.00]",label_dyn,native,population_final,retention,FINAL,21,21,0.359047619047619,0.777175395795628,0.362655776889776,0.770952380952381,1.01325715931985,0.49842590162594,0.777175395795628
DTLZ4,10,20,21020,"S4_(0.75,1.00]",label_dyn,native,population_h1,retention,H1,21,20,0.359047619047619,0.971481890968555,0.356681421701088,0.9695,1.00210594800392,0.490364520374353,0.971481890968555
DTLZ4,10,20,21020,"S4_(0.75,1.00]",label_dyn,native,population_h3,retention,H3,21,18,0.359047619047619,0.913981698659798,0.352571270085265,0.912777777777778,1.0012540272696,0.493826658833656,0.913981698659798
DTLZ4,10,21,21021,"S1_[0,0.25]",label_dyn,native,front_final,nondominated,FINAL,5,5,0.344,0.986666666666667,0.341142857142857,0.996,0.990476190476191,0.142857142857143,NaN
DTLZ4,10,21,21021,"S1_[0,0.25]",label_dyn,native,front_h1,nondominated,H1,5,5,0.344,0.986666666666667,0.341142857142857,0.996,0.990476190476191,0.142857142857143,NaN
DTLZ4,10,21,21021,"S1_[0,0.25]",label_dyn,native,front_h3,nondominated,H3,5,5,0.344,0.986666666666667,0.341142857142857,0.996,0.990476190476191,0.142857142857143,NaN
DTLZ4,10,21,21021,"S1_[0,0.25]",label_dyn,native,population_final,retention,FINAL,5,5,0.344,0.173502673796791,1,0.06,2.93239113827349,0.848841963780419,0.173502673796791
DTLZ4,10,21,21021,"S1_[0,0.25]",label_dyn,native,population_h1,retention,H1,5,5,0.344,0.974901960784314,0.356707726763718,0.942,1.03489010385789,0.611687196715192,0.974901960784314
DTLZ4,10,21,21021,"S1_[0,0.25]",label_dyn,native,population_h3,retention,H3,5,5,0.344,0.96156862745098,0.401028504260946,0.828,1.16145500221834,0.665220134483414,0.96156862745098
DTLZ4,10,21,21021,"S2_(0.25,0.50]",label_dyn,native,front_final,nondominated,FINAL,21,21,0.436666666666667,0.975717345161578,0.43439917190601,0.980476190476191,0.995128689935658,0.426641647632269,NaN
DTLZ4,10,21,21021,"S2_(0.25,0.50]",label_dyn,native,front_h1,nondominated,H1,21,21,0.436666666666667,0.998511904761905,0.436339586339586,0.999523809523809,0.998977873977874,0.156565656565657,NaN
DTLZ4,10,21,21021,"S2_(0.25,0.50]",label_dyn,native,front_h3,nondominated,H3,21,21,0.436666666666667,0.995439708141321,0.435827958889183,0.998095238095238,0.997312124822,0.237064522778808,NaN
DTLZ4,10,21,21021,"S2_(0.25,0.50]",label_dyn,native,population_final,retention,FINAL,21,21,0.436666666666667,0.182949433187237,0.646559704250607,0.135714285714286,1.44269838960079,0.617227864861413,0.182949433187237
DTLZ4,10,21,21021,"S2_(0.25,0.50]",label_dyn,native,population_h1,retention,H1,21,21,0.436666666666667,0.978999719005479,0.451217841713063,0.951428571428571,1.02911714832666,0.643636131740885,0.978999719005479
DTLZ4,10,21,21021,"S2_(0.25,0.50]",label_dyn,native,population_h3,retention,H3,21,21,0.436666666666667,0.930019910907015,0.480101586899652,0.86,1.0832101192085,0.638353099997931,0.930019910907015
DTLZ4,10,21,21021,"S3_(0.50,0.75]",label_dyn,native,front_final,nondominated,FINAL,20,20,0.3795,0.982338402783792,0.377643784786642,0.9875,0.994764084393584,0.426321892393321,NaN
DTLZ4,10,21,21021,"S3_(0.50,0.75]",label_dyn,native,front_h1,nondominated,H1,20,20,0.3795,0.997178060413354,0.379020202020202,0.9985,0.998664707488237,0.34006734006734,NaN
DTLZ4,10,21,21021,"S3_(0.50,0.75]",label_dyn,native,front_h3,nondominated,H3,20,20,0.3795,0.99570747217806,0.378868686868687,0.9975,0.998189365836425,0.373737373737374,NaN
DTLZ4,10,21,21021,"S3_(0.50,0.75]",label_dyn,native,population_final,retention,FINAL,20,20,0.3795,0.462908111209807,0.462367612154316,0.377,1.22101097835391,0.569685075173812,0.462908111209807
DTLZ4,10,21,21021,"S3_(0.50,0.75]",label_dyn,native,population_h1,retention,H1,20,20,0.3795,0.975998277014355,0.385404868758772,0.96,1.0168217621054,0.583395075072027,0.975998277014355
DTLZ4,10,21,21021,"S3_(0.50,0.75]",label_dyn,native,population_h3,retention,H3,20,20,0.3795,0.934392160744932,0.396883233916847,0.8905,1.04961341142558,0.583410516522911,0.934392160744932
DTLZ4,10,21,21021,"S4_(0.75,1.00]",label_dyn,native,front_final,nondominated,FINAL,21,21,0.372380952380952,1,0.373097643097643,0.998095238095238,1.001924001924,0.688131313131313,NaN
DTLZ4,10,21,21021,"S4_(0.75,1.00]",label_dyn,native,front_h1,nondominated,H1,21,20,0.372380952380952,1,0.372,1,1,NaN,NaN
DTLZ4,10,21,21021,"S4_(0.75,1.00]",label_dyn,native,front_h3,nondominated,H3,21,18,0.372380952380952,1,0.370555555555555,1,1,NaN,NaN
DTLZ4,10,21,21021,"S4_(0.75,1.00]",label_dyn,native,population_final,retention,FINAL,21,21,0.372380952380952,0.835904403706261,0.399943580327636,0.786666666666667,1.07444801271706,0.565874762647225,0.835904403706261
DTLZ4,10,21,21021,"S4_(0.75,1.00]",label_dyn,native,population_h1,retention,H1,21,20,0.372380952380952,0.982590186638174,0.376652511561221,0.9705,1.01262173398718,0.567987537413174,0.982590186638174
DTLZ4,10,21,21021,"S4_(0.75,1.00]",label_dyn,native,population_h3,retention,H3,21,18,0.372380952380952,0.955226155742152,0.387000688353355,0.915,1.04468364952475,0.587945174038174,0.955226155742152
DTLZ4,10,22,21022,"S1_[0,0.25]",label_dyn,native,front_final,nondominated,FINAL,5,5,0.368,0.962857142857143,0.366759263686349,0.966,0.996776066391175,0.467767261426119,NaN
DTLZ4,10,22,21022,"S1_[0,0.25]",label_dyn,native,front_h1,nondominated,H1,5,5,0.368,0.962857142857143,0.366759263686349,0.966,0.996776066391175,0.467767261426119,NaN
DTLZ4,10,22,21022,"S1_[0,0.25]",label_dyn,native,front_h3,nondominated,H3,5,5,0.368,0.962857142857143,0.366759263686349,0.966,0.996776066391175,0.467767261426119,NaN
DTLZ4,10,22,21022,"S1_[0,0.25]",label_dyn,native,population_final,retention,FINAL,5,5,0.368,0.101580732278407,1,0.038,2.75657257052606,0.828303571428571,0.101580732278407
DTLZ4,10,22,21022,"S1_[0,0.25]",label_dyn,native,population_h1,retention,H1,5,5,0.368,0.978205980066445,0.382150055991041,0.942,1.03840501798782,0.624408361328854,0.978205980066445
DTLZ4,10,22,21022,"S1_[0,0.25]",label_dyn,native,population_h3,retention,H3,5,5,0.368,0.947672369532835,0.422028882078838,0.83,1.14205541890758,0.657297120777981,0.947672369532835
DTLZ4,10,22,21022,"S2_(0.25,0.50]",label_dyn,native,front_final,nondominated,FINAL,21,21,0.404285714285714,0.93494877366687,0.391744551697672,0.96904761904762,0.963689463121112,0.276295432934753,NaN
DTLZ4,10,22,21022,"S2_(0.25,0.50]",label_dyn,native,front_h1,nondominated,H1,21,21,0.404285714285714,0.995289298515105,0.403280423280423,0.998571428571429,0.996684717114825,0.148148148148148,NaN
DTLZ4,10,22,21022,"S2_(0.25,0.50]",label_dyn,native,front_h3,nondominated,H3,21,21,0.404285714285714,0.992258995484802,0.40261458118601,0.997619047619048,0.994562901140195,0.150613275613276,NaN
DTLZ4,10,22,21022,"S2_(0.25,0.50]",label_dyn,native,population_final,retention,FINAL,21,21,0.404285714285714,0.184144149949591,0.614110665122386,0.126666666666667,1.48662364064858,0.61803221180372,0.184144149949591
DTLZ4,10,22,21022,"S2_(0.25,0.50]",label_dyn,native,population_h1,retention,H1,21,21,0.404285714285714,0.985252576243164,0.422781303183084,0.942857142857143,1.04524275280109,0.661333962249138,0.985252576243164
DTLZ4,10,22,21022,"S2_(0.25,0.50]",label_dyn,native,population_h3,retention,H3,21,21,0.404285714285714,0.953869092229426,0.458303323860973,0.842380952380952,1.1328099542216,0.671360547283998,0.953869092229426
DTLZ4,10,22,21022,"S3_(0.50,0.75]",label_dyn,native,front_final,nondominated,FINAL,20,20,0.3645,0.94125129898508,0.358264949723901,0.9565,0.98376446581086,0.45663247486195,NaN
DTLZ4,10,22,21022,"S3_(0.50,0.75]",label_dyn,native,front_h1,nondominated,H1,20,20,0.3645,0.994782227080021,0.363454545454545,0.9975,0.997254774828304,0.290909090909091,NaN
DTLZ4,10,22,21022,"S3_(0.50,0.75]",label_dyn,native,front_h3,nondominated,H3,20,20,0.3645,0.979894841813203,0.360018970474788,0.992,0.987699366648185,0.23116843882676,NaN
DTLZ4,10,22,21022,"S3_(0.50,0.75]",label_dyn,native,population_final,retention,FINAL,20,20,0.3645,0.424454643985772,0.478106071188857,0.323,1.33055612268368,0.583464892881185,0.424454643985772
DTLZ4,10,22,21022,"S3_(0.50,0.75]",label_dyn,native,population_h1,retention,H1,20,20,0.3645,0.979757311812521,0.371828416883538,0.959,1.02178437339568,0.583042525176799,0.979757311812521
DTLZ4,10,22,21022,"S3_(0.50,0.75]",label_dyn,native,population_h3,retention,H3,20,20,0.3645,0.927957519071168,0.380282198651408,0.885,1.04901205163137,0.565780225314094,0.927957519071168
DTLZ4,10,22,21022,"S4_(0.75,1.00]",label_dyn,native,front_final,nondominated,FINAL,21,21,0.391904761904762,0.977643196325697,0.390330622177614,0.981428571428571,0.996173663141393,0.415192862936941,NaN
DTLZ4,10,22,21022,"S4_(0.75,1.00]",label_dyn,native,front_h1,nondominated,H1,21,20,0.391904761904762,0.993545207372607,0.388527829313544,0.996,0.997527463750173,0.316713048855906,NaN
DTLZ4,10,22,21022,"S4_(0.75,1.00]",label_dyn,native,front_h3,nondominated,H3,21,18,0.391904761904762,0.984405862055441,0.385711445048706,0.989444444444445,0.994907739138517,0.352339139342085,NaN
DTLZ4,10,22,21022,"S4_(0.75,1.00]",label_dyn,native,population_final,retention,FINAL,21,21,0.391904761904762,0.749321321255946,0.420330805663358,0.701428571428571,1.07536239833288,0.564707086080557,0.749321321255946
DTLZ4,10,22,21022,"S4_(0.75,1.00]",label_dyn,native,population_h1,retention,H1,21,20,0.391904761904762,0.974974058878858,0.394783497210179,0.961,1.01462171934182,0.574475081938423,0.974974058878858
DTLZ4,10,22,21022,"S4_(0.75,1.00]",label_dyn,native,population_h3,retention,H3,21,18,0.391904761904762,0.928619547752495,0.400248961557558,0.897777777777778,1.03492626575018,0.557482863137161,0.928619547752495
DTLZ4,10,23,21023,"S1_[0,0.25]",label_dyn,native,front_final,nondominated,FINAL,5,5,0.372,0.988194444444444,0.377805555555556,0.972,1.01782407407407,0.589756944444444,NaN
DTLZ4,10,23,21023,"S1_[0,0.25]",label_dyn,native,front_h1,nondominated,H1,5,5,0.372,0.988194444444444,0.377805555555556,0.972,1.01782407407407,0.589756944444444,NaN
DTLZ4,10,23,21023,"S1_[0,0.25]",label_dyn,native,front_h3,nondominated,H3,5,5,0.372,0.988194444444444,0.377805555555556,0.972,1.01782407407407,0.589756944444444,NaN
DTLZ4,10,23,21023,"S1_[0,0.25]",label_dyn,native,population_final,retention,FINAL,5,5,0.372,0.18259726473783,1,0.068,2.70749673589853,0.836814031213631,0.18259726473783
DTLZ4,10,23,21023,"S1_[0,0.25]",label_dyn,native,population_h1,retention,H1,5,5,0.372,0.988888888888889,0.388909574468085,0.946,1.04533719049397,0.661121453900709,0.988888888888889
DTLZ4,10,23,21023,"S1_[0,0.25]",label_dyn,native,population_h3,retention,H3,5,5,0.372,0.966382634980196,0.428562653977253,0.84,1.15049687453362,0.677050934831764,0.966382634980196
DTLZ4,10,23,21023,"S2_(0.25,0.50]",label_dyn,native,front_final,nondominated,FINAL,21,21,0.398095238095238,0.99599395313681,0.397877315428336,0.996666666666666,0.999316284382692,0.474618635332921,NaN
DTLZ4,10,23,21023,"S2_(0.25,0.50]",label_dyn,native,front_h1,nondominated,H1,21,21,0.398095238095238,0.997316704459562,0.397643097643098,0.998571428571429,0.998732601907205,0.341750841750842,NaN
DTLZ4,10,23,21023,"S2_(0.25,0.50]",label_dyn,native,front_h3,nondominated,H3,21,21,0.398095238095238,0.99599395313681,0.397335257335257,0.998095238095238,0.997877489940982,0.30050505050505,NaN
DTLZ4,10,23,21023,"S2_(0.25,0.50]",label_dyn,native,population_final,retention,FINAL,21,21,0.398095238095238,0.247110776218394,0.648788169260546,0.156666666666667,1.60556803151658,0.647226141771601,0.247110776218394
DTLZ4,10,23,21023,"S2_(0.25,0.50]",label_dyn,native,population_h1,retention,H1,21,21,0.398095238095238,0.987030748444932,0.416504923027182,0.942857142857143,1.04694278577605,0.661370375345791,0.987030748444932
DTLZ4,10,23,21023,"S2_(0.25,0.50]",label_dyn,native,population_h3,retention,H3,21,21,0.398095238095238,0.950085490230956,0.456625480311192,0.828095238095238,1.14807996633304,0.66842961602089,0.950085490230956
DTLZ4,10,23,21023,"S3_(0.50,0.75]",label_dyn,native,front_final,nondominated,FINAL,20,20,0.4105,0.996318025342416,0.410075757575758,0.9975,0.99880608620446,0.415151515151515,NaN
DTLZ4,10,23,21023,"S3_(0.50,0.75]",label_dyn,native,front_h1,nondominated,H1,20,20,0.4105,0.997669376693767,0.409924242424242,0.999,0.99865593605431,0.212121212121212,NaN
DTLZ4,10,23,21023,"S3_(0.50,0.75]",label_dyn,native,front_h3,nondominated,H3,20,20,0.4105,0.996318025342416,0.409606060606061,0.9985,0.997795985194359,0.202020202020202,NaN
DTLZ4,10,23,21023,"S3_(0.50,0.75]",label_dyn,native,population_final,retention,FINAL,20,20,0.4105,0.439230733620331,0.482491117081595,0.3735,1.17863362923019,0.55762544665128,0.439230733620331
DTLZ4,10,23,21023,"S3_(0.50,0.75]",label_dyn,native,population_h1,retention,H1,20,20,0.4105,0.980111700404402,0.417478012852464,0.9635,1.01756751188361,0.614274720711946,0.980111700404402
DTLZ4,10,23,21023,"S3_(0.50,0.75]",label_dyn,native,population_h3,retention,H3,20,20,0.4105,0.945042196412859,0.42732279080434,0.907,1.04233511322022,0.600062609928385,0.945042196412859
DTLZ4,10,23,21023,"S4_(0.75,1.00]",label_dyn,native,front_final,nondominated,FINAL,21,21,0.424285714285714,1,0.424285714285714,1,1,NaN,NaN
DTLZ4,10,23,21023,"S4_(0.75,1.00]",label_dyn,native,front_h1,nondominated,H1,21,20,0.424285714285714,1,0.423,1,1,NaN,NaN
DTLZ4,10,23,21023,"S4_(0.75,1.00]",label_dyn,native,front_h3,nondominated,H3,21,18,0.424285714285714,1,0.423333333333333,1,1,NaN,NaN
DTLZ4,10,23,21023,"S4_(0.75,1.00]",label_dyn,native,population_final,retention,FINAL,21,21,0.424285714285714,0.770292913899606,0.4487400445784,0.733809523809524,1.06135138711402,0.543440824067548,0.770292913899606
DTLZ4,10,23,21023,"S4_(0.75,1.00]",label_dyn,native,population_h1,retention,H1,21,20,0.424285714285714,0.974467699513801,0.429590428812079,0.9595,1.01667414444516,0.554378547739373,0.974467699513801
DTLZ4,10,23,21023,"S4_(0.75,1.00]",label_dyn,native,population_h3,retention,H3,21,18,0.424285714285714,0.924846704983351,0.441939065033734,0.885555555555555,1.04748874628682,0.552122204568662,0.924846704983351
DTLZ4,10,24,21024,"S1_[0,0.25]",label_dyn,native,front_final,nondominated,FINAL,5,5,0.38,0.983920265780731,0.377598484848485,0.99,0.993750629215745,0.316998106060606,NaN
DTLZ4,10,24,21024,"S1_[0,0.25]",label_dyn,native,front_h1,nondominated,H1,5,5,0.38,0.988571428571429,0.37875,0.992,0.996428571428572,0.421875,NaN
DTLZ4,10,24,21024,"S1_[0,0.25]",label_dyn,native,front_h3,nondominated,H3,5,5,0.38,0.988571428571429,0.37875,0.992,0.996428571428572,0.421875,NaN
DTLZ4,10,24,21024,"S1_[0,0.25]",label_dyn,native,population_final,retention,FINAL,5,5,0.38,0.153196552033761,1,0.058,2.64851396246745,0.829059350503919,0.153196552033761
DTLZ4,10,24,21024,"S1_[0,0.25]",label_dyn,native,population_h1,retention,H1,5,5,0.38,0.966737451737452,0.390946753802234,0.942,1.02673110129477,0.574640043567784,0.966737451737452
DTLZ4,10,24,21024,"S1_[0,0.25]",label_dyn,native,population_h3,retention,H3,5,5,0.38,0.950212355212355,0.436010234625911,0.832,1.142936082693,0.662420383419398,0.950212355212355
DTLZ4,10,24,21024,"S2_(0.25,0.50]",label_dyn,native,front_final,nondominated,FINAL,21,21,0.458095238095238,0.980966411984138,0.458517667252275,0.982380952380952,0.998480186671125,0.502184589298815,NaN
DTLZ4,10,24,21024,"S2_(0.25,0.50]",label_dyn,native,front_h1,nondominated,H1,21,21,0.458095238095238,0.992941049392662,0.456877227081309,0.996666666666667,0.996246566564625,0.25453514739229,NaN
DTLZ4,10,24,21024,"S2_(0.25,0.50]",label_dyn,native,front_h3,nondominated,H3,21,21,0.458095238095238,0.988843142287236,0.456600907206577,0.992857142857143,0.995920338179728,0.327622024041966,NaN
DTLZ4,10,24,21024,"S2_(0.25,0.50]",label_dyn,native,population_final,retention,FINAL,21,21,0.458095238095238,0.236345759252282,0.755056138514785,0.144761904761905,1.68872723638111,0.670426237617688,0.236345759252282
DTLZ4,10,24,21024,"S2_(0.25,0.50]",label_dyn,native,population_h1,retention,H1,21,21,0.458095238095238,0.984827754150033,0.47506737434281,0.95047619047619,1.03629622860851,0.674835274472992,0.984827754150033
DTLZ4,10,24,21024,"S2_(0.25,0.50]",label_dyn,native,population_h3,retention,H3,21,21,0.458095238095238,0.955835743649002,0.510189067065983,0.857142857142857,1.116398426253,0.674755090063296,0.955835743649002
DTLZ4,10,24,21024,"S3_(0.50,0.75]",label_dyn,native,front_final,nondominated,FINAL,20,20,0.354,0.986207463993464,0.35150061842919,0.993,0.993126329851803,0.292727834935627,NaN
DTLZ4,10,24,21024,"S3_(0.50,0.75]",label_dyn,native,front_h1,nondominated,H1,20,20,0.354,0.995546955624355,0.353,0.9985,0.997017126893288,0.166666666666667,NaN
DTLZ4,10,24,21024,"S3_(0.50,0.75]",label_dyn,native,front_h3,nondominated,H3,20,20,0.354,0.991486805248415,0.352045454545454,0.997,0.99443111641254,0.174242424242424,NaN
DTLZ4,10,24,21024,"S3_(0.50,0.75]",label_dyn,native,population_final,retention,FINAL,20,20,0.354,0.55724938701733,0.541846478406713,0.374,1.54082655145301,0.645628149364412,0.55724938701733
DTLZ4,10,24,21024,"S3_(0.50,0.75]",label_dyn,native,population_h1,retention,H1,20,20,0.354,0.971700239152832,0.36048721278344,0.954,1.01860551529524,0.57524360639172,0.971700239152832
DTLZ4,10,24,21024,"S3_(0.50,0.75]",label_dyn,native,population_h3,retention,H3,20,20,0.354,0.913945176379977,0.369320634811906,0.8755,1.04389599292786,0.563670612666249,0.913945176379977
DTLZ4,10,24,21024,"S4_(0.75,1.00]",label_dyn,native,front_final,nondominated,FINAL,21,21,0.427142857142857,0.970750936965358,0.420305022918109,0.985714285714286,0.98474778006985,0.284160137032007,NaN
DTLZ4,10,24,21024,"S4_(0.75,1.00]",label_dyn,native,front_h1,nondominated,H1,21,20,0.427142857142857,0.996506585996093,0.424636363636364,0.9985,0.997986450501104,0.212121212121212,NaN
DTLZ4,10,24,21024,"S4_(0.75,1.00]",label_dyn,native,front_h3,nondominated,H3,21,18,0.427142857142857,0.992381719193313,0.424213335165716,0.996666666666667,0.995655955020377,0.217584003298289,NaN
DTLZ4,10,24,21024,"S4_(0.75,1.00]",label_dyn,native,population_final,retention,FINAL,21,21,0.427142857142857,0.830976332530112,0.45565814726661,0.783809523809524,1.07006306327263,0.536917584843341,0.830976332530112
DTLZ4,10,24,21024,"S4_(0.75,1.00]",label_dyn,native,population_h1,retention,H1,21,20,0.427142857142857,0.976689022300577,0.427939393401107,0.971,1.00602323820585,0.510757575474267,0.976689022300577
DTLZ4,10,24,21024,"S4_(0.75,1.00]",label_dyn,native,population_h3,retention,H3,21,18,0.427142857142857,0.935463943485127,0.433172641245688,0.919444444444445,1.01782351511325,0.531783931653789,0.935463943485127
DTLZ4,10,25,21025,"S1_[0,0.25]",label_dyn,native,front_final,nondominated,FINAL,5,5,0.36,0.877698658410733,0.336274495753424,0.94,0.933581466280083,0.300042009781474,NaN
DTLZ4,10,25,21025,"S1_[0,0.25]",label_dyn,native,front_h1,nondominated,H1,5,5,0.36,0.98078431372549,0.356398625429553,0.992,0.988518293915504,0.238831615120275,NaN
DTLZ4,10,25,21025,"S1_[0,0.25]",label_dyn,native,front_h3,nondominated,H3,5,5,0.36,0.97578431372549,0.355186504217432,0.99,0.985487990885201,0.224877642403416,NaN
DTLZ4,10,25,21025,"S1_[0,0.25]",label_dyn,native,population_final,retention,FINAL,5,5,0.36,0.168452012383901,1,0.06,2.80753353973168,0.840425531914894,0.168452012383901
DTLZ4,10,25,21025,"S1_[0,0.25]",label_dyn,native,population_h1,retention,H1,5,5,0.36,0.975521155830753,0.368920772676372,0.954,1.02253063039325,0.602793719671519,0.975521155830753
DTLZ4,10,25,21025,"S1_[0,0.25]",label_dyn,native,population_h3,retention,H3,5,5,0.36,0.95297213622291,0.397991543340381,0.864,1.10282172288076,0.641852914527333,0.95297213622291
DTLZ4,10,25,21025,"S2_(0.25,0.50]",label_dyn,native,front_final,nondominated,FINAL,21,21,0.56,0.863293657027836,0.541985988520747,0.894285714285714,0.965424541124652,0.410941934209313,NaN
DTLZ4,10,25,21025,"S2_(0.25,0.50]",label_dyn,native,front_h1,nondominated,H1,21,21,0.56,0.994648308041165,0.558720538720539,0.997619047619048,0.996999252951634,0.231313131313131,NaN
DTLZ4,10,25,21025,"S2_(0.25,0.50]",label_dyn,native,front_h3,nondominated,H3,21,21,0.56,0.994648308041165,0.558720538720539,0.997619047619048,0.996999252951634,0.231313131313131,NaN
DTLZ4,10,25,21025,"S2_(0.25,0.50]",label_dyn,native,population_final,retention,FINAL,21,21,0.56,0.236998949468192,0.854643475605487,0.155238095238095,1.58452534754989,0.672662603610198,0.236998949468192
DTLZ4,10,25,21025,"S2_(0.25,0.50]",label_dyn,native,population_h1,retention,H1,21,21,0.56,0.98533241616327,0.584950155002654,0.943809523809524,1.04540692777461,0.719232447115839,0.98533241616327
DTLZ4,10,25,21025,"S2_(0.25,0.50]",label_dyn,native,population_h3,retention,H3,21,21,0.56,0.958435687475857,0.6346234129896,0.843809523809524,1.13862855955515,0.744559577153035,0.958435687475857
DTLZ4,10,25,21025,"S3_(0.50,0.75]",label_dyn,native,front_final,nondominated,FINAL,20,20,0.572,0.896435894324837,0.560029024602896,0.914,0.980655568902338,0.434141496428432,NaN
DTLZ4,10,25,21025,"S3_(0.50,0.75]",label_dyn,native,front_h1,nondominated,H1,20,20,0.572,0.998392857142857,0.57210101010101,0.998,1.00039682539683,0.525252525252525,NaN
DTLZ4,10,25,21025,"S3_(0.50,0.75]",label_dyn,native,front_h3,nondominated,H3,20,20,0.572,0.993804531381931,0.571448361162647,0.995,0.998779507038839,0.469310451453309,NaN
DTLZ4,10,25,21025,"S3_(0.50,0.75]",label_dyn,native,population_final,retention,FINAL,20,20,0.572,0.406515257962157,0.728927245468684,0.318,1.29374528267014,0.61396305199885,0.406515257962157
DTLZ4,10,25,21025,"S3_(0.50,0.75]",label_dyn,native,population_h1,retention,H1,20,20,0.572,0.979151851980276,0.583042779942671,0.9595,1.02072498592511,0.63563655084702,0.979151851980276
DTLZ4,10,25,21025,"S3_(0.50,0.75]",label_dyn,native,population_h3,retention,H3,20,20,0.572,0.939464788086155,0.604096755201095,0.889,1.05744808664802,0.631787455924184,0.939464788086155
DTLZ4,10,25,21025,"S4_(0.75,1.00]",label_dyn,native,front_final,nondominated,FINAL,21,21,0.399047619047619,0.991190728032833,0.403391240443393,0.98047619047619,1.01096364846592,0.652886096412173,NaN
DTLZ4,10,25,21025,"S4_(0.75,1.00]",label_dyn,native,front_h1,nondominated,H1,21,20,0.399047619047619,0.994768756610862,0.394327045969903,0.9965,0.998248014413428,0.398045076616505,NaN
DTLZ4,10,25,21025,"S4_(0.75,1.00]",label_dyn,native,front_h3,nondominated,H3,21,18,0.399047619047619,0.991224017539807,0.381500462493651,0.991666666666667,0.999588152666026,0.434604686972024,NaN
DTLZ4,10,25,21025,"S4_(0.75,1.00]",label_dyn,native,population_final,retention,FINAL,21,21,0.399047619047619,0.748681500929729,0.478084455491081,0.63,1.21001727344247,0.610663058117024,0.748681500929729
DTLZ4,10,25,21025,"S4_(0.75,1.00]",label_dyn,native,population_h1,retention,H1,21,20,0.399047619047619,0.965773277544735,0.399996942389439,0.9545,1.01311672042521,0.533192915639164,0.965773277544735
DTLZ4,10,25,21025,"S4_(0.75,1.00]",label_dyn,native,population_h3,retention,H3,21,18,0.399047619047619,0.915712086221276,0.400395133035219,0.875,1.0504419391946,0.558187751319388,0.915712086221276
DTLZ4,20,1,22001,"S1_[0,0.25]",label_dyn,native,front_final,nondominated,FINAL,5,5,0.326,0.994444444444444,0.324707070707071,0.998,0.996408529741863,0.176767676767677,NaN
DTLZ4,20,1,22001,"S1_[0,0.25]",label_dyn,native,front_h1,nondominated,H1,5,5,0.326,0.994444444444444,0.324707070707071,0.998,0.996408529741863,0.176767676767677,NaN
DTLZ4,20,1,22001,"S1_[0,0.25]",label_dyn,native,front_h3,nondominated,H3,5,5,0.326,0.994444444444444,0.324707070707071,0.998,0.996408529741863,0.176767676767677,NaN
DTLZ4,20,1,22001,"S1_[0,0.25]",label_dyn,native,population_final,retention,FINAL,5,5,0.326,0.135528673835125,1,0.044,3.07571684587814,0.852532894736842,0.135528673835125
DTLZ4,20,1,22001,"S1_[0,0.25]",label_dyn,native,population_h1,retention,H1,5,5,0.326,0.982437275985663,0.34347831437271,0.932,1.05461825236479,0.618405823853022,0.982437275985663
DTLZ4,20,1,22001,"S1_[0,0.25]",label_dyn,native,population_h3,retention,H3,5,5,0.326,0.981742831541219,0.394710649619527,0.812,1.21020458514219,0.680133102587541,0.981742831541219
DTLZ4,20,1,22001,"S2_(0.25,0.50]",label_dyn,native,front_final,nondominated,FINAL,21,21,0.505238095238095,1,0.505238095238095,1,1,NaN,NaN
DTLZ4,20,1,22001,"S2_(0.25,0.50]",label_dyn,native,front_h1,nondominated,H1,21,21,0.505238095238095,1,0.505238095238095,1,1,NaN,NaN
DTLZ4,20,1,22001,"S2_(0.25,0.50]",label_dyn,native,front_h3,nondominated,H3,21,21,0.505238095238095,1,0.505238095238095,1,1,NaN,NaN
DTLZ4,20,1,22001,"S2_(0.25,0.50]",label_dyn,native,population_final,retention,FINAL,21,21,0.505238095238095,0.237659608265384,0.810938050624767,0.16,1.70492781133928,0.67395633831854,0.237659608265384
DTLZ4,20,1,22001,"S2_(0.25,0.50]",label_dyn,native,population_h1,retention,H1,21,21,0.505238095238095,0.983592093336008,0.522282108986138,0.948571428571428,1.03706106383843,0.670664864016879,0.983592093336008
DTLZ4,20,1,22001,"S2_(0.25,0.50]",label_dyn,native,population_h3,retention,H3,21,21,0.505238095238095,0.943562170351361,0.549163818957344,0.859047619047619,1.09902552420383,0.65198202453635,0.943562170351361
DTLZ4,20,1,22001,"S3_(0.50,0.75]",label_dyn,native,front_final,nondominated,FINAL,20,20,0.5265,1,0.5265,1,1,NaN,NaN
DTLZ4,20,1,22001,"S3_(0.50,0.75]",label_dyn,native,front_h1,nondominated,H1,20,20,0.5265,1,0.5265,1,1,NaN,NaN
DTLZ4,20,1,22001,"S3_(0.50,0.75]",label_dyn,native,front_h3,nondominated,H3,20,20,0.5265,1,0.5265,1,1,NaN,NaN
DTLZ4,20,1,22001,"S3_(0.50,0.75]",label_dyn,native,population_final,retention,FINAL,20,20,0.5265,0.521180607596574,0.695047294211169,0.401,1.32327531646224,0.637491961203806,0.521180607596574
DTLZ4,20,1,22001,"S3_(0.50,0.75]",label_dyn,native,population_h1,retention,H1,20,20,0.5265,0.976264408652291,0.535428725732292,0.96,1.01706455598476,0.593547696199479,0.976264408652291
DTLZ4,20,1,22001,"S3_(0.50,0.75]",label_dyn,native,population_h3,retention,H3,20,20,0.5265,0.928948662930449,0.550457172963504,0.8885,1.04603599690146,0.601778911157077,0.928948662930449
DTLZ4,20,1,22001,"S4_(0.75,1.00]",label_dyn,native,front_final,nondominated,FINAL,21,21,0.54952380952381,1,0.54952380952381,1,1,NaN,NaN
DTLZ4,20,1,22001,"S4_(0.75,1.00]",label_dyn,native,front_h1,nondominated,H1,21,20,0.54952380952381,1,0.549,1,1,NaN,NaN
DTLZ4,20,1,22001,"S4_(0.75,1.00]",label_dyn,native,front_h3,nondominated,H3,21,18,0.54952380952381,1,0.548888888888889,1,1,NaN,NaN
DTLZ4,20,1,22001,"S4_(0.75,1.00]",label_dyn,native,population_final,retention,FINAL,21,21,0.54952380952381,0.834727420348415,0.594652888567952,0.774761904761905,1.08213473327593,0.61364966115967,0.834727420348415
DTLZ4,20,1,22001,"S4_(0.75,1.00]",label_dyn,native,population_h1,retention,H1,21,20,0.54952380952381,0.979153730354235,0.553743876792739,0.971,1.00855533118736,0.559490986015417,0.979153730354235
DTLZ4,20,1,22001,"S4_(0.75,1.00]",label_dyn,native,population_h3,retention,H3,21,18,0.54952380952381,0.942317174706099,0.562121619161202,0.921111111111111,1.02367060707888,0.568224109243901,0.942317174706099
DTLZ4,20,2,22002,"S1_[0,0.25]",label_dyn,native,front_final,nondominated,FINAL,5,5,0.37,1,0.37,1,1,NaN,NaN
DTLZ4,20,2,22002,"S1_[0,0.25]",label_dyn,native,front_h1,nondominated,H1,5,5,0.37,1,0.37,1,1,NaN,NaN
DTLZ4,20,2,22002,"S1_[0,0.25]",label_dyn,native,front_h3,nondominated,H3,5,5,0.37,1,0.37,1,1,NaN,NaN
DTLZ4,20,2,22002,"S1_[0,0.25]",label_dyn,native,population_final,retention,FINAL,5,5,0.37,0.106421402730774,1,0.04,2.72624187964368,0.827985707853754,0.106421402730774
DTLZ4,20,2,22002,"S1_[0,0.25]",label_dyn,native,population_h1,retention,H1,5,5,0.37,1,0.391959686450168,0.944,1.05935050391937,0.695979843225084,1
DTLZ4,20,2,22002,"S1_[0,0.25]",label_dyn,native,population_h3,retention,H3,5,5,0.37,0.989061345158906,0.441015630466115,0.83,1.19179706896427,0.708375462291881,0.989061345158906
DTLZ4,20,2,22002,"S2_(0.25,0.50]",label_dyn,native,front_final,nondominated,FINAL,21,21,0.5,0.989831948550094,0.498470418470418,0.992857142857143,0.996944248174699,0.392929292929293,NaN
DTLZ4,20,2,22002,"S2_(0.25,0.50]",label_dyn,native,front_h1,nondominated,H1,21,21,0.5,1,0.5,1,1,NaN,NaN
DTLZ4,20,2,22002,"S2_(0.25,0.50]",label_dyn,native,front_h3,nondominated,H3,21,21,0.5,1,0.5,1,1,NaN,NaN
DTLZ4,20,2,22002,"S2_(0.25,0.50]",label_dyn,native,population_final,retention,FINAL,21,21,0.5,0.187993611844546,0.795147907647908,0.124761904761905,1.63001577330426,0.664737885674712,0.187993611844546
DTLZ4,20,2,22002,"S2_(0.25,0.50]",label_dyn,native,population_h1,retention,H1,21,21,0.5,0.975289480816566,0.517451708412027,0.941428571428571,1.03641888382975,0.633725854206013,0.975289480816566
DTLZ4,20,2,22002,"S2_(0.25,0.50]",label_dyn,native,population_h3,retention,H3,21,21,0.5,0.92420004107981,0.547018778849468,0.842857142857143,1.09953970098732,0.635294646076633,0.92420004107981
DTLZ4,20,2,22002,"S3_(0.50,0.75]",label_dyn,native,front_final,nondominated,FINAL,20,20,0.6075,0.984710326737482,0.604040404040404,0.99,0.994656895694426,0.327020202020202,NaN
DTLZ4,20,2,22002,"S3_(0.50,0.75]",label_dyn,native,front_h1,nondominated,H1,20,20,0.6075,1,0.6075,1,1,NaN,NaN
DTLZ4,20,2,22002,"S3_(0.50,0.75]",label_dyn,native,front_h3,nondominated,H3,20,20,0.6075,1,0.6075,1,1,NaN,NaN
DTLZ4,20,2,22002,"S3_(0.50,0.75]",label_dyn,native,population_final,retention,FINAL,20,20,0.6075,0.336133757420956,0.691978804209302,0.3005,1.1368733726182,0.557631382504467,0.336133757420956
DTLZ4,20,2,22002,"S3_(0.50,0.75]",label_dyn,native,population_h1,retention,H1,20,20,0.6075,0.957743047059565,0.610788398699001,0.953,1.00493292556198,0.555324754905056,0.957743047059565
DTLZ4,20,2,22002,"S3_(0.50,0.75]",label_dyn,native,population_h3,retention,H3,20,20,0.6075,0.890534219183228,0.621867271606124,0.8705,1.02330644755622,0.554327361852554,0.890534219183228
DTLZ4,20,2,22002,"S4_(0.75,1.00]",label_dyn,native,front_final,nondominated,FINAL,21,21,0.617619047619048,0.997823719605436,0.619071669071669,0.995238095238095,1.00261174178519,0.652525252525253,NaN
DTLZ4,20,2,22002,"S4_(0.75,1.00]",label_dyn,native,front_h1,nondominated,H1,21,20,0.617619047619048,1,0.61830303030303,0.9995,1.00050505050505,0.803030303030303,NaN
DTLZ4,20,2,22002,"S4_(0.75,1.00]",label_dyn,native,front_h3,nondominated,H3,21,18,0.617619047619048,1,0.617710437710438,0.998333333333333,1.0016835016835,0.813131313131313,NaN
DTLZ4,20,2,22002,"S4_(0.75,1.00]",label_dyn,native,population_final,retention,FINAL,21,21,0.617619047619048,0.705860744745816,0.642948115721102,0.681904761904762,1.04208808599184,0.516261633149587,0.705860744745816
DTLZ4,20,2,22002,"S4_(0.75,1.00]",label_dyn,native,population_h1,retention,H1,21,20,0.617619047619048,0.96892106973182,0.624028425345977,0.9605,1.00880765167229,0.570288022196798,0.96892106973182
DTLZ4,20,2,22002,"S4_(0.75,1.00]",label_dyn,native,population_h3,retention,H3,21,18,0.617619047619048,0.909707934431543,0.6347148632267,0.885,1.02804685783297,0.576456974046226,0.909707934431543
DTLZ4,20,3,22003,"S1_[0,0.25]",label_dyn,native,front_final,nondominated,FINAL,5,5,0.368,1,0.368,1,1,NaN,NaN
DTLZ4,20,3,22003,"S1_[0,0.25]",label_dyn,native,front_h1,nondominated,H1,5,5,0.368,1,0.368,1,1,NaN,NaN
DTLZ4,20,3,22003,"S1_[0,0.25]",label_dyn,native,front_h3,nondominated,H3,5,5,0.368,1,0.368,1,1,NaN,NaN
DTLZ4,20,3,22003,"S1_[0,0.25]",label_dyn,native,population_final,retention,FINAL,5,5,0.368,0.163708349497823,0.857142857142857,0.07,2.33869070711176,0.762980030721966,0.163708349497823
DTLZ4,20,3,22003,"S1_[0,0.25]",label_dyn,native,population_h1,retention,H1,5,5,0.368,1,0.393339500462535,0.936,1.06845513413506,0.696669750231267,1
DTLZ4,20,3,22003,"S1_[0,0.25]",label_dyn,native,population_h3,retention,H3,5,5,0.368,0.994736842105263,0.452150707618187,0.81,1.22822073249972,0.720812195914357,0.994736842105263
DTLZ4,20,3,22003,"S2_(0.25,0.50]",label_dyn,native,front_final,nondominated,FINAL,21,21,0.477619047619048,1,0.477619047619048,1,1,NaN,NaN
DTLZ4,20,3,22003,"S2_(0.25,0.50]",label_dyn,native,front_h1,nondominated,H1,21,21,0.477619047619048,1,0.477619047619048,1,1,NaN,NaN
DTLZ4,20,3,22003,"S2_(0.25,0.50]",label_dyn,native,front_h3,nondominated,H3,21,21,0.477619047619048,1,0.477619047619048,1,1,NaN,NaN
DTLZ4,20,3,22003,"S2_(0.25,0.50]",label_dyn,native,population_final,retention,FINAL,21,21,0.477619047619048,0.167042889415978,0.672599883408154,0.125238095238095,1.4226944715146,0.608622792665488,0.167042889415978
DTLZ4,20,3,22003,"S2_(0.25,0.50]",label_dyn,native,population_h1,retention,H1,21,21,0.477619047619048,0.980367412163922,0.498406375184938,0.939523809523809,1.04484515720474,0.637599909917762,0.980367412163922
DTLZ4,20,3,22003,"S2_(0.25,0.50]",label_dyn,native,population_h3,retention,H3,21,21,0.477619047619048,0.938376551153778,0.527487391543676,0.85047619047619,1.10679995893945,0.648460349751924,0.938376551153778
DTLZ4,20,3,22003,"S3_(0.50,0.75]",label_dyn,native,front_final,nondominated,FINAL,20,20,0.5215,1,0.5215,1,1,NaN,NaN
DTLZ4,20,3,22003,"S3_(0.50,0.75]",label_dyn,native,front_h1,nondominated,H1,20,20,0.5215,1,0.5215,1,1,NaN,NaN
DTLZ4,20,3,22003,"S3_(0.50,0.75]",label_dyn,native,front_h3,nondominated,H3,20,20,0.5215,1,0.5215,1,1,NaN,NaN
DTLZ4,20,3,22003,"S3_(0.50,0.75]",label_dyn,native,population_final,retention,FINAL,20,20,0.5215,0.39258917319888,0.599405964785291,0.3395,1.15054065565155,0.560801689903589,0.39258917319888
DTLZ4,20,3,22003,"S3_(0.50,0.75]",label_dyn,native,population_h1,retention,H1,20,20,0.5215,0.964859861525815,0.526013756775273,0.9565,1.00883270659354,0.544375926006684,0.964859861525815
DTLZ4,20,3,22003,"S3_(0.50,0.75]",label_dyn,native,population_h3,retention,H3,20,20,0.5215,0.891572041581127,0.530994338034609,0.875,1.01882367464792,0.54141791493805,0.891572041581127
DTLZ4,20,3,22003,"S4_(0.75,1.00]",label_dyn,native,front_final,nondominated,FINAL,21,21,0.566666666666667,1,0.566666666666667,1,1,NaN,NaN
DTLZ4,20,3,22003,"S4_(0.75,1.00]",label_dyn,native,front_h1,nondominated,H1,21,20,0.566666666666667,1,0.5645,1,1,NaN,NaN
DTLZ4,20,3,22003,"S4_(0.75,1.00]",label_dyn,native,front_h3,nondominated,H3,21,18,0.566666666666667,1,0.56,1,1,NaN,NaN
DTLZ4,20,3,22003,"S4_(0.75,1.00]",label_dyn,native,population_final,retention,FINAL,21,21,0.566666666666667,0.775646644312753,0.601908522014971,0.731428571428572,1.06388472086665,0.586708160188675,0.775646644312753
DTLZ4,20,3,22003,"S4_(0.75,1.00]",label_dyn,native,population_h1,retention,H1,21,20,0.566666666666667,0.976203650413054,0.568935323473756,0.9685,1.00809913219544,0.532772977266889,0.976203650413054
DTLZ4,20,3,22003,"S4_(0.75,1.00]",label_dyn,native,population_h3,retention,H3,21,18,0.566666666666667,0.930267418983339,0.568959915307655,0.915,1.01706277212494,0.541413841671045,0.930267418983339
DTLZ4,20,4,22004,"S1_[0,0.25]",label_dyn,native,front_final,nondominated,FINAL,5,5,0.354,1,0.354,1,1,NaN,NaN
DTLZ4,20,4,22004,"S1_[0,0.25]",label_dyn,native,front_h1,nondominated,H1,5,5,0.354,1,0.354,1,1,NaN,NaN
DTLZ4,20,4,22004,"S1_[0,0.25]",label_dyn,native,front_h3,nondominated,H3,5,5,0.354,1,0.354,1,1,NaN,NaN
DTLZ4,20,4,22004,"S1_[0,0.25]",label_dyn,native,population_final,retention,FINAL,5,5,0.354,0.1469149822091,0.707142857142857,0.074,1.99950250370418,0.69048119949242,0.1469149822091
DTLZ4,20,4,22004,"S1_[0,0.25]",label_dyn,native,population_h1,retention,H1,5,5,0.354,0.983483483483483,0.37365627521102,0.932,1.05563230390742,0.63682813760551,0.983483483483483
DTLZ4,20,4,22004,"S1_[0,0.25]",label_dyn,native,population_h3,retention,H3,5,5,0.354,0.977442400383577,0.423988809801083,0.816,1.19807533318608,0.690000940848254,0.977442400383577
DTLZ4,20,4,22004,"S2_(0.25,0.50]",label_dyn,native,front_final,nondominated,FINAL,21,21,0.464761904761905,0.99803109649657,0.464266474266474,0.999047619047619,0.998973209544395,0.23989898989899,NaN
DTLZ4,20,4,22004,"S2_(0.25,0.50]",label_dyn,native,front_h1,nondominated,H1,21,21,0.464761904761905,0.998964803312629,0.464502164502164,0.99952380952381,0.999435347261434,0.227272727272727,NaN
DTLZ4,20,4,22004,"S2_(0.25,0.50]",label_dyn,native,front_h3,nondominated,H3,21,21,0.464761904761905,0.99803109649657,0.464266474266474,0.999047619047619,0.998973209544395,0.23989898989899,NaN
DTLZ4,20,4,22004,"S2_(0.25,0.50]",label_dyn,native,population_final,retention,FINAL,21,21,0.464761904761905,0.249990875830726,0.658964557615725,0.177142857142857,1.42362322564222,0.618270883687174,0.249990875830726
DTLZ4,20,4,22004,"S2_(0.25,0.50]",label_dyn,native,population_h1,retention,H1,21,21,0.464761904761905,0.982201777096542,0.480687443768723,0.948571428571428,1.03579393839642,0.644113563154203,0.982201777096542
DTLZ4,20,4,22004,"S2_(0.25,0.50]",label_dyn,native,population_h3,retention,H3,21,21,0.464761904761905,0.943374517446665,0.512265287165575,0.853809523809524,1.10736192987427,0.652689421530543,0.943374517446665
DTLZ4,20,4,22004,"S3_(0.50,0.75]",label_dyn,native,front_final,nondominated,FINAL,20,20,0.513,0.995533465324754,0.511888888888889,0.9975,0.998013601338135,0.277777777777778,NaN
DTLZ4,20,4,22004,"S3_(0.50,0.75]",label_dyn,native,front_h1,nondominated,H1,20,20,0.513,0.999090909090909,0.512772727272727,0.9995,0.999586776859504,0.272727272727273,NaN
DTLZ4,20,4,22004,"S3_(0.50,0.75]",label_dyn,native,front_h3,nondominated,H3,20,20,0.513,0.997272727272727,0.512318181818182,0.9985,0.998760330578513,0.272727272727273,NaN
DTLZ4,20,4,22004,"S3_(0.50,0.75]",label_dyn,native,population_final,retention,FINAL,20,20,0.513,0.488410727751015,0.570264242061192,0.4375,1.11275060523708,0.552714825398075,0.488410727751015
DTLZ4,20,4,22004,"S3_(0.50,0.75]",label_dyn,native,population_h1,retention,H1,20,20,0.513,0.974346950204872,0.519308342892393,0.963,1.01191994698958,0.562273219065244,0.974346950204872
DTLZ4,20,4,22004,"S3_(0.50,0.75]",label_dyn,native,population_h3,retention,H3,20,20,0.513,0.92660579166404,0.530092677969199,0.8975,1.03289821875749,0.575217695405956,0.92660579166404
DTLZ4,20,4,22004,"S4_(0.75,1.00]",label_dyn,native,front_final,nondominated,FINAL,21,21,0.502857142857143,1,0.502857142857143,1,1,NaN,NaN
DTLZ4,20,4,22004,"S4_(0.75,1.00]",label_dyn,native,front_h1,nondominated,H1,21,20,0.502857142857143,1,0.5005,1,1,NaN,NaN
DTLZ4,20,4,22004,"S4_(0.75,1.00]",label_dyn,native,front_h3,nondominated,H3,21,18,0.502857142857143,1,0.495,1,1,NaN,NaN
DTLZ4,20,4,22004,"S4_(0.75,1.00]",label_dyn,native,population_final,retention,FINAL,21,21,0.502857142857143,0.806790521191138,0.517218425074879,0.787142857142857,1.03103022219902,0.500459902837919,0.806790521191138
DTLZ4,20,4,22004,"S4_(0.75,1.00]",label_dyn,native,population_h1,retention,H1,21,20,0.502857142857143,0.974243371282087,0.501960632875702,0.971,1.00333028516137,0.533480316437851,0.974243371282087
DTLZ4,20,4,22004,"S4_(0.75,1.00]",label_dyn,native,population_h3,retention,H3,21,18,0.502857142857143,0.922746339529525,0.497672058756417,0.917222222222222,1.00607887243475,0.51636549065767,0.922746339529525
DTLZ4,20,5,22005,"S1_[0,0.25]",label_dyn,native,front_final,nondominated,FINAL,5,5,0.356,1,0.356,1,1,NaN,NaN
DTLZ4,20,5,22005,"S1_[0,0.25]",label_dyn,native,front_h1,nondominated,H1,5,5,0.356,1,0.356,1,1,NaN,NaN
DTLZ4,20,5,22005,"S1_[0,0.25]",label_dyn,native,front_h3,nondominated,H3,5,5,0.356,1,0.356,1,1,NaN,NaN
DTLZ4,20,5,22005,"S1_[0,0.25]",label_dyn,native,population_final,retention,FINAL,5,5,0.356,0.207687687687688,1,0.074,2.81038181038181,0.847720897615708,0.207687687687688
DTLZ4,20,5,22005,"S1_[0,0.25]",label_dyn,native,population_h1,retention,H1,5,5,0.356,1,0.381248538695347,0.934,1.07084404956745,0.690624269347674,1
DTLZ4,20,5,22005,"S1_[0,0.25]",label_dyn,native,population_h3,retention,H3,5,5,0.356,0.983174603174603,0.433098429531649,0.808,1.21682329665624,0.702025405242015,0.983174603174603
DTLZ4,20,5,22005,"S2_(0.25,0.50]",label_dyn,native,front_final,nondominated,FINAL,21,21,0.496190476190476,0.999267399267399,0.496022126022126,0.999523809523809,0.999740999741,0.323232323232323,NaN
DTLZ4,20,5,22005,"S2_(0.25,0.50]",label_dyn,native,front_h1,nondominated,H1,21,21,0.496190476190476,1,0.496190476190476,1,1,NaN,NaN
DTLZ4,20,5,22005,"S2_(0.25,0.50]",label_dyn,native,front_h3,nondominated,H3,21,21,0.496190476190476,1,0.496190476190476,1,1,NaN,NaN
DTLZ4,20,5,22005,"S2_(0.25,0.50]",label_dyn,native,population_final,retention,FINAL,21,21,0.496190476190476,0.287456472036632,0.827227356708124,0.177619047619048,1.72803125758595,0.698336702880429,0.287456472036632
DTLZ4,20,5,22005,"S2_(0.25,0.50]",label_dyn,native,population_h1,retention,H1,21,21,0.496190476190476,0.985475925939886,0.519010343937735,0.94047619047619,1.04798142284053,0.701099688563384,0.985475925939886
DTLZ4,20,5,22005,"S2_(0.25,0.50]",label_dyn,native,population_h3,retention,H3,21,21,0.496190476190476,0.950541725846753,0.559541845680839,0.836666666666667,1.1365297552139,0.698653133435368,0.950541725846753
DTLZ4,20,5,22005,"S3_(0.50,0.75]",label_dyn,native,front_final,nondominated,FINAL,20,20,0.5675,0.989658971545149,0.564959595959596,0.994,0.995615122772878,0.288299663299663,NaN
DTLZ4,20,5,22005,"S3_(0.50,0.75]",label_dyn,native,front_h1,nondominated,H1,20,20,0.5675,0.999090909090909,0.567272727272727,0.9995,0.999586776859504,0.272727272727273,NaN
DTLZ4,20,5,22005,"S3_(0.50,0.75]",label_dyn,native,front_h3,nondominated,H3,20,20,0.5675,0.997348484848485,0.566843434343434,0.9985,0.998836853382308,0.281144781144781,NaN
DTLZ4,20,5,22005,"S3_(0.50,0.75]",label_dyn,native,population_final,retention,FINAL,20,20,0.5675,0.457000319135403,0.688572126010198,0.3835,1.21154864397547,0.593243002051273,0.457000319135403
DTLZ4,20,5,22005,"S3_(0.50,0.75]",label_dyn,native,population_h1,retention,H1,20,20,0.5675,0.960872030309829,0.575206143198985,0.948,1.01367602368616,0.579835214456635,0.960872030309829
DTLZ4,20,5,22005,"S3_(0.50,0.75]",label_dyn,native,population_h3,retention,H3,20,20,0.5675,0.893336825157585,0.587902313720515,0.863,1.03607611520073,0.572593897289763,0.893336825157585
DTLZ4,20,5,22005,"S4_(0.75,1.00]",label_dyn,native,front_final,nondominated,FINAL,21,21,0.621428571428572,1,0.621428571428572,1,1,NaN,NaN
DTLZ4,20,5,22005,"S4_(0.75,1.00]",label_dyn,native,front_h1,nondominated,H1,21,20,0.621428571428572,1,0.621,1,1,NaN,NaN
DTLZ4,20,5,22005,"S4_(0.75,1.00]",label_dyn,native,front_h3,nondominated,H3,21,18,0.621428571428572,1,0.62,1,1,NaN,NaN
DTLZ4,20,5,22005,"S4_(0.75,1.00]",label_dyn,native,population_final,retention,FINAL,21,21,0.621428571428572,0.710564198940376,0.605748453048658,0.727619047619047,0.974714427182897,0.464567099610105,0.710564198940376
DTLZ4,20,5,22005,"S4_(0.75,1.00]",label_dyn,native,population_h1,retention,H1,21,20,0.621428571428572,0.963066169684677,0.620992460217602,0.963,1.00001138152769,0.507162896775468,0.963066169684677
DTLZ4,20,5,22005,"S4_(0.75,1.00]",label_dyn,native,population_h3,retention,H3,21,18,0.621428571428572,0.901355197793522,0.621163004892025,0.899444444444444,1.00202093702566,0.506441892056402,0.901355197793522
DTLZ4,20,6,22006,"S1_[0,0.25]",label_dyn,native,front_final,nondominated,FINAL,5,5,0.362,1,0.362,1,1,NaN,NaN
DTLZ4,20,6,22006,"S1_[0,0.25]",label_dyn,native,front_h1,nondominated,H1,5,5,0.362,1,0.362,1,1,NaN,NaN
DTLZ4,20,6,22006,"S1_[0,0.25]",label_dyn,native,front_h3,nondominated,H3,5,5,0.362,1,0.362,1,1,NaN,NaN
DTLZ4,20,6,22006,"S1_[0,0.25]",label_dyn,native,population_final,retention,FINAL,5,5,0.362,0.148272768566886,0.838888888888889,0.066,2.33491054079289,0.754401069444645,0.148272768566886
DTLZ4,20,6,22006,"S1_[0,0.25]",label_dyn,native,population_h1,retention,H1,5,5,0.362,0.989117647058823,0.382562442183164,0.936,1.05687816292104,0.657947887758249,0.989117647058823
DTLZ4,20,6,22006,"S1_[0,0.25]",label_dyn,native,population_h3,retention,H3,5,5,0.362,0.989117647058823,0.437639265281542,0.818,1.20925217422109,0.70770852152966,0.989117647058823
DTLZ4,20,6,22006,"S2_(0.25,0.50]",label_dyn,native,front_final,nondominated,FINAL,21,21,0.514285714285714,1,0.514285714285714,1,1,NaN,NaN
DTLZ4,20,6,22006,"S2_(0.25,0.50]",label_dyn,native,front_h1,nondominated,H1,21,21,0.514285714285714,1,0.514285714285714,1,1,NaN,NaN
DTLZ4,20,6,22006,"S2_(0.25,0.50]",label_dyn,native,front_h3,nondominated,H3,21,21,0.514285714285714,1,0.514285714285714,1,1,NaN,NaN
DTLZ4,20,6,22006,"S2_(0.25,0.50]",label_dyn,native,population_final,retention,FINAL,21,21,0.514285714285714,0.2241895819638,0.661491588347331,0.179047619047619,1.30324080166224,0.587159617656244,0.2241895819638
DTLZ4,20,6,22006,"S2_(0.25,0.50]",label_dyn,native,population_h1,retention,H1,21,21,0.514285714285714,0.986543136888768,0.531743882032712,0.953333333333333,1.03492817609525,0.692459242603658,0.986543136888768
DTLZ4,20,6,22006,"S2_(0.25,0.50]",label_dyn,native,population_h3,retention,H3,21,21,0.514285714285714,0.946701921934206,0.561775608947401,0.863809523809524,1.09670481167671,0.675024944566723,0.946701921934206
DTLZ4,20,6,22006,"S3_(0.50,0.75]",label_dyn,native,front_final,nondominated,FINAL,20,20,0.5775,0.999152542372881,0.577292929292929,0.9995,0.99964903269988,0.292929292929293,NaN
DTLZ4,20,6,22006,"S3_(0.50,0.75]",label_dyn,native,front_h1,nondominated,H1,20,20,0.5775,0.999152542372881,0.577292929292929,0.9995,0.99964903269988,0.292929292929293,NaN
DTLZ4,20,6,22006,"S3_(0.50,0.75]",label_dyn,native,front_h3,nondominated,H3,20,20,0.5775,0.999152542372881,0.577292929292929,0.9995,0.99964903269988,0.292929292929293,NaN
DTLZ4,20,6,22006,"S3_(0.50,0.75]",label_dyn,native,population_final,retention,FINAL,20,20,0.5775,0.386662288480708,0.5586867343968,0.395,0.968772255108757,0.487529351316733,0.386662288480708
DTLZ4,20,6,22006,"S3_(0.50,0.75]",label_dyn,native,population_h1,retention,H1,20,20,0.5775,0.963500312437991,0.578356466042791,0.962,1.00160608685609,0.520428233021395,0.963500312437991
DTLZ4,20,6,22006,"S3_(0.50,0.75]",label_dyn,native,population_h3,retention,H3,20,20,0.5775,0.896670494315031,0.577811014205164,0.896,1.00077751949488,0.501166730356452,0.896670494315031
DTLZ4,20,6,22006,"S4_(0.75,1.00]",label_dyn,native,front_final,nondominated,FINAL,21,21,0.530476190476191,0.999118165784832,0.53025493025493,0.99952380952381,0.999590258849518,0.267676767676768,NaN
DTLZ4,20,6,22006,"S4_(0.75,1.00]",label_dyn,native,front_h1,nondominated,H1,21,20,0.530476190476191,0.999074074074074,0.531767676767677,0.9995,0.999569771791994,0.267676767676768,NaN
DTLZ4,20,6,22006,"S4_(0.75,1.00]",label_dyn,native,front_h3,nondominated,H3,21,18,0.530476190476191,0.998971193415638,0.536408529741863,0.999444444444445,0.999521968657771,0.267676767676768,NaN
DTLZ4,20,6,22006,"S4_(0.75,1.00]",label_dyn,native,population_final,retention,FINAL,21,21,0.530476190476191,0.73035882571217,0.549017462751196,0.708571428571429,1.03450381999571,0.532249976940025,0.73035882571217
DTLZ4,20,6,22006,"S4_(0.75,1.00]",label_dyn,native,population_h1,retention,H1,21,20,0.530476190476191,0.964429962127395,0.532767338418357,0.963,1.00151220147724,0.511175335875845,0.964429962127395
DTLZ4,20,6,22006,"S4_(0.75,1.00]",label_dyn,native,population_h3,retention,H3,21,18,0.530476190476191,0.900192238324137,0.537706648772496,0.898333333333333,1.00217518954994,0.501686309302566,0.900192238324137
DTLZ4,20,7,22007,"S1_[0,0.25]",label_dyn,native,front_final,nondominated,FINAL,5,5,0.382,1,0.382,1,1,NaN,NaN
DTLZ4,20,7,22007,"S1_[0,0.25]",label_dyn,native,front_h1,nondominated,H1,5,5,0.382,1,0.382,1,1,NaN,NaN
DTLZ4,20,7,22007,"S1_[0,0.25]",label_dyn,native,front_h3,nondominated,H3,5,5,0.382,1,0.382,1,1,NaN,NaN
DTLZ4,20,7,22007,"S1_[0,0.25]",label_dyn,native,population_final,retention,FINAL,5,5,0.382,0.228880855581754,0.838802308802309,0.104,2.19801851765908,0.755343125472299,0.228880855581754
DTLZ4,20,7,22007,"S1_[0,0.25]",label_dyn,native,population_h1,retention,H1,5,5,0.382,0.990476190476191,0.404991912405126,0.934,1.06046439977011,0.682495956202563,0.990476190476191
DTLZ4,20,7,22007,"S1_[0,0.25]",label_dyn,native,population_h3,retention,H3,5,5,0.382,0.975314687509809,0.464638519404046,0.802,1.21620387666356,0.7089426363254,0.975314687509809
DTLZ4,20,7,22007,"S2_(0.25,0.50]",label_dyn,native,front_final,nondominated,FINAL,21,21,0.501428571428571,1,0.501428571428571,1,1,NaN,NaN
DTLZ4,20,7,22007,"S2_(0.25,0.50]",label_dyn,native,front_h1,nondominated,H1,21,21,0.501428571428571,1,0.501428571428571,1,1,NaN,NaN
DTLZ4,20,7,22007,"S2_(0.25,0.50]",label_dyn,native,front_h3,nondominated,H3,21,21,0.501428571428571,1,0.501428571428571,1,1,NaN,NaN
DTLZ4,20,7,22007,"S2_(0.25,0.50]",label_dyn,native,population_final,retention,FINAL,21,21,0.501428571428571,0.312119014582347,0.721574750970917,0.220952380952381,1.4538389449278,0.63886671345035,0.312119014582347
DTLZ4,20,7,22007,"S2_(0.25,0.50]",label_dyn,native,population_h1,retention,H1,21,21,0.501428571428571,0.977990625007828,0.516266255899338,0.949047619047619,1.03097064110331,0.616712115100085,0.977990625007828
DTLZ4,20,7,22007,"S2_(0.25,0.50]",label_dyn,native,population_h3,retention,H3,21,21,0.501428571428571,0.935823472931196,0.541708645337487,0.864761904761905,1.08575896792236,0.622389583237618,0.935823472931196
DTLZ4,20,7,22007,"S3_(0.50,0.75]",label_dyn,native,front_final,nondominated,FINAL,20,20,0.4765,0.994646599311942,0.475156565656566,0.9975,0.99711777708277,0.231313131313131,NaN
DTLZ4,20,7,22007,"S3_(0.50,0.75]",label_dyn,native,front_h1,nondominated,H1,20,20,0.4765,0.999019607843137,0.476252525252525,0.9995,0.999514755397108,0.252525252525253,NaN
DTLZ4,20,7,22007,"S3_(0.50,0.75]",label_dyn,native,front_h3,nondominated,H3,20,20,0.4765,0.996844666944792,0.475707070707071,0.9985,0.998327946408881,0.235690235690236,NaN
DTLZ4,20,7,22007,"S3_(0.50,0.75]",label_dyn,native,population_final,retention,FINAL,20,20,0.4765,0.485203626363418,0.593302793584743,0.3915,1.24465279677294,0.595225673396128,0.485203626363418
DTLZ4,20,7,22007,"S3_(0.50,0.75]",label_dyn,native,population_h1,retention,H1,20,20,0.4765,0.964933993560486,0.485125936677098,0.95,1.01723561598079,0.553223141498722,0.964933993560486
DTLZ4,20,7,22007,"S3_(0.50,0.75]",label_dyn,native,population_h3,retention,H3,20,20,0.4765,0.906253502992467,0.504886027921394,0.86,1.05756516451937,0.585393198354847,0.906253502992467
DTLZ4,20,7,22007,"S4_(0.75,1.00]",label_dyn,native,front_final,nondominated,FINAL,21,21,0.535714285714286,0.999118165784832,0.535493025493025,0.99952380952381,0.999590258849518,0.267676767676768,NaN
DTLZ4,20,7,22007,"S4_(0.75,1.00]",label_dyn,native,front_h1,nondominated,H1,21,20,0.535714285714286,0.999074074074074,0.538767676767677,0.9995,0.999569771791994,0.267676767676768,NaN
DTLZ4,20,7,22007,"S4_(0.75,1.00]",label_dyn,native,front_h3,nondominated,H3,21,18,0.535714285714286,0.998971193415638,0.544186307519641,0.999444444444445,0.999521968657771,0.267676767676768,NaN
DTLZ4,20,7,22007,"S4_(0.75,1.00]",label_dyn,native,population_final,retention,FINAL,21,21,0.535714285714286,0.776868016005719,0.568179545008845,0.735238095238095,1.0599509758406,0.563814151323008,0.776868016005719
DTLZ4,20,7,22007,"S4_(0.75,1.00]",label_dyn,native,population_h1,retention,H1,21,20,0.535714285714286,0.977553963323079,0.544601622233324,0.9675,1.01044188218308,0.602300811116662,0.977553963323079
DTLZ4,20,7,22007,"S4_(0.75,1.00]",label_dyn,native,population_h3,retention,H3,21,18,0.535714285714286,0.936587830490236,0.560986646703843,0.908888888888889,1.03046571228225,0.598869545894811,0.936587830490236
DTLZ4,20,8,22008,"S1_[0,0.25]",label_dyn,native,front_final,nondominated,FINAL,5,5,0.374,1,0.374,1,1,NaN,NaN
DTLZ4,20,8,22008,"S1_[0,0.25]",label_dyn,native,front_h1,nondominated,H1,5,5,0.374,1,0.374,1,1,NaN,NaN
DTLZ4,20,8,22008,"S1_[0,0.25]",label_dyn,native,front_h3,nondominated,H3,5,5,0.374,1,0.374,1,1,NaN,NaN
DTLZ4,20,8,22008,"S1_[0,0.25]",label_dyn,native,population_final,retention,FINAL,5,5,0.374,0.182261072261072,0.813095238095238,0.084,2.1961186961187,0.7393882706821,0.182261072261072
DTLZ4,20,8,22008,"S1_[0,0.25]",label_dyn,native,population_h1,retention,H1,5,5,0.374,1,0.398787462823153,0.938,1.06611759322809,0.699393731411576,1
DTLZ4,20,8,22008,"S1_[0,0.25]",label_dyn,native,population_h3,retention,H3,5,5,0.374,0.994871794871795,0.454950787794357,0.818,1.21641733356887,0.721593040956002,0.994871794871795
DTLZ4,20,8,22008,"S2_(0.25,0.50]",label_dyn,native,front_final,nondominated,FINAL,21,21,0.463809523809524,0.998986828774063,0.463554593554594,0.99952380952381,0.999457595202276,0.232323232323232,NaN
DTLZ4,20,8,22008,"S2_(0.25,0.50]",label_dyn,native,front_h1,nondominated,H1,21,21,0.463809523809524,0.998986828774063,0.463554593554594,0.99952380952381,0.999457595202276,0.232323232323232,NaN
DTLZ4,20,8,22008,"S2_(0.25,0.50]",label_dyn,native,front_h3,nondominated,H3,21,21,0.463809523809524,0.998986828774063,0.463554593554594,0.99952380952381,0.999457595202276,0.232323232323232,NaN
DTLZ4,20,8,22008,"S2_(0.25,0.50]",label_dyn,native,population_final,retention,FINAL,21,21,0.463809523809524,0.268704519313004,0.757243524088321,0.168095238095238,1.6338741900002,0.675151030702663,0.268704519313004
DTLZ4,20,8,22008,"S2_(0.25,0.50]",label_dyn,native,population_h1,retention,H1,21,21,0.463809523809524,0.979881324478027,0.477221178015777,0.952380952380952,1.02904053150852,0.640594715992015,0.979881324478027
DTLZ4,20,8,22008,"S2_(0.25,0.50]",label_dyn,native,population_h3,retention,H3,21,21,0.463809523809524,0.950738126664711,0.50592610746883,0.872380952380952,1.09098471103352,0.657393543879191,0.950738126664711
DTLZ4,20,8,22008,"S3_(0.50,0.75]",label_dyn,native,front_final,nondominated,FINAL,20,20,0.5175,0.998019607843137,0.517,0.999,0.999009704892058,0.25,NaN
DTLZ4,20,8,22008,"S3_(0.50,0.75]",label_dyn,native,front_h1,nondominated,H1,20,20,0.5175,0.999019607843137,0.517252525252525,0.9995,0.999514755397108,0.252525252525253,NaN
DTLZ4,20,8,22008,"S3_(0.50,0.75]",label_dyn,native,front_h3,nondominated,H3,20,20,0.5175,0.998019607843137,0.517,0.999,0.999009704892058,0.25,NaN
DTLZ4,20,8,22008,"S3_(0.50,0.75]",label_dyn,native,population_final,retention,FINAL,20,20,0.5175,0.504994262273674,0.677032710253845,0.389,1.31329804501537,0.629856904291812,0.504994262273674
DTLZ4,20,8,22008,"S3_(0.50,0.75]",label_dyn,native,population_h1,retention,H1,20,20,0.5175,0.982179672257404,0.527210065208091,0.9635,1.01952510973329,0.628188365937379,0.982179672257404
DTLZ4,20,8,22008,"S3_(0.50,0.75]",label_dyn,native,population_h3,retention,H3,20,20,0.5175,0.938235225791948,0.54032045785663,0.897,1.04671205215314,0.602245851638938,0.938235225791948
DTLZ4,20,8,22008,"S4_(0.75,1.00]",label_dyn,native,front_final,nondominated,FINAL,21,21,0.517142857142857,1,0.517142857142857,1,1,NaN,NaN
DTLZ4,20,8,22008,"S4_(0.75,1.00]",label_dyn,native,front_h1,nondominated,H1,21,20,0.517142857142857,1,0.5145,1,1,NaN,NaN
DTLZ4,20,8,22008,"S4_(0.75,1.00]",label_dyn,native,front_h3,nondominated,H3,21,18,0.517142857142857,1,0.516666666666667,1,1,NaN,NaN
DTLZ4,20,8,22008,"S4_(0.75,1.00]",label_dyn,native,population_final,retention,FINAL,21,21,0.517142857142857,0.844675454039978,0.586844257870903,0.753809523809524,1.13225020135645,0.639406830150064,0.844675454039978
DTLZ4,20,8,22008,"S4_(0.75,1.00]",label_dyn,native,population_h1,retention,H1,21,20,0.517142857142857,0.980694088715982,0.52039678495537,0.9695,1.01157880758897,0.600615059144352,0.980694088715982
DTLZ4,20,8,22008,"S4_(0.75,1.00]",label_dyn,native,population_h3,retention,H3,21,18,0.517142857142857,0.943591157607761,0.535440386597535,0.910555555555556,1.03642420739752,0.602123752702327,0.943591157607761
DTLZ4,20,9,22009,"S1_[0,0.25]",label_dyn,native,front_final,nondominated,FINAL,5,5,0.388,1,0.388,1,1,NaN,NaN
DTLZ4,20,9,22009,"S1_[0,0.25]",label_dyn,native,front_h1,nondominated,H1,5,5,0.388,1,0.388,1,1,NaN,NaN
DTLZ4,20,9,22009,"S1_[0,0.25]",label_dyn,native,front_h3,nondominated,H3,5,5,0.388,1,0.388,1,1,NaN,NaN
DTLZ4,20,9,22009,"S1_[0,0.25]",label_dyn,native,population_final,retention,FINAL,5,5,0.388,0.0776447876447876,0.9,0.034,2.34411196911197,0.764647766323024,0.0776447876447876
DTLZ4,20,9,22009,"S1_[0,0.25]",label_dyn,native,population_h1,retention,H1,5,5,0.388,1,0.412765957446808,0.94,1.06382978723404,0.706382978723404,1
DTLZ4,20,9,22009,"S1_[0,0.25]",label_dyn,native,population_h3,retention,H3,5,5,0.388,1,0.473170731707317,0.82,1.21951219512195,0.736585365853659,1
DTLZ4,20,9,22009,"S2_(0.25,0.50]",label_dyn,native,front_final,nondominated,FINAL,21,21,0.478571428571429,1,0.478571428571429,1,1,NaN,NaN
DTLZ4,20,9,22009,"S2_(0.25,0.50]",label_dyn,native,front_h1,nondominated,H1,21,21,0.478571428571429,1,0.478571428571429,1,1,NaN,NaN
DTLZ4,20,9,22009,"S2_(0.25,0.50]",label_dyn,native,front_h3,nondominated,H3,21,21,0.478571428571429,1,0.478571428571429,1,1,NaN,NaN
DTLZ4,20,9,22009,"S2_(0.25,0.50]",label_dyn,native,population_final,retention,FINAL,21,21,0.478571428571429,0.162906711824017,0.713635710694534,0.107142857142857,1.50046161952072,0.632953353173587,0.162906711824017
DTLZ4,20,9,22009,"S2_(0.25,0.50]",label_dyn,native,population_h1,retention,H1,21,21,0.478571428571429,0.977054972831169,0.494245670099611,0.946190476190476,1.03319764256533,0.632079545006516,0.977054972831169
DTLZ4,20,9,22009,"S2_(0.25,0.50]",label_dyn,native,population_h3,retention,H3,21,21,0.478571428571429,0.934957316280364,0.522457134717421,0.856190476190476,1.09321630725274,0.648693100569042,0.934957316280364
DTLZ4,20,9,22009,"S3_(0.50,0.75]",label_dyn,native,front_final,nondominated,FINAL,20,20,0.6015,1,0.6015,1,1,NaN,NaN
DTLZ4,20,9,22009,"S3_(0.50,0.75]",label_dyn,native,front_h1,nondominated,H1,20,20,0.6015,1,0.6015,1,1,NaN,NaN
DTLZ4,20,9,22009,"S3_(0.50,0.75]",label_dyn,native,front_h3,nondominated,H3,20,20,0.6015,1,0.6015,1,1,NaN,NaN
DTLZ4,20,9,22009,"S3_(0.50,0.75]",label_dyn,native,population_final,retention,FINAL,20,20,0.6015,0.345775265603466,0.735340213230894,0.283,1.22387772362895,0.594046779596653,0.345775265603466
DTLZ4,20,9,22009,"S3_(0.50,0.75]",label_dyn,native,population_h1,retention,H1,20,20,0.6015,0.974935367226603,0.611612146129105,0.959,1.01678516318413,0.617056073064552,0.974935367226603
DTLZ4,20,9,22009,"S3_(0.50,0.75]",label_dyn,native,population_h3,retention,H3,20,20,0.6015,0.926070725253947,0.631262506659023,0.8835,1.04885805366485,0.620899583103453,0.926070725253947
DTLZ4,20,9,22009,"S4_(0.75,1.00]",label_dyn,native,front_final,nondominated,FINAL,21,21,0.553333333333333,0.999134199134199,0.553116883116883,0.99952380952381,0.999606454151909,0.272727272727273,NaN
DTLZ4,20,9,22009,"S4_(0.75,1.00]",label_dyn,native,front_h1,nondominated,H1,21,20,0.553333333333333,0.999090909090909,0.555772727272727,0.9995,0.999586776859504,0.272727272727273,NaN
DTLZ4,20,9,22009,"S4_(0.75,1.00]",label_dyn,native,front_h3,nondominated,H3,21,18,0.553333333333333,0.998989898989899,0.563636363636364,0.999444444444445,0.999540863177227,0.272727272727273,NaN
DTLZ4,20,9,22009,"S4_(0.75,1.00]",label_dyn,native,population_final,retention,FINAL,21,21,0.553333333333333,0.696026750078977,0.579243171445907,0.675238095238095,1.04437716914928,0.532921115193514,0.696026750078977
DTLZ4,20,9,22009,"S4_(0.75,1.00]",label_dyn,native,population_h1,retention,H1,21,20,0.553333333333333,0.966652125004684,0.563530136385643,0.9555,1.01277204542745,0.541486449490895,0.966652125004684
DTLZ4,20,9,22009,"S4_(0.75,1.00]",label_dyn,native,population_h3,retention,H3,21,18,0.553333333333333,0.909209108632213,0.588850236856489,0.873333333333333,1.04293462010099,0.582823892856431,0.909209108632213
DTLZ4,20,10,22010,"S1_[0,0.25]",label_dyn,native,front_final,nondominated,FINAL,5,5,0.358,1,0.358,1,1,NaN,NaN
DTLZ4,20,10,22010,"S1_[0,0.25]",label_dyn,native,front_h1,nondominated,H1,5,5,0.358,1,0.358,1,1,NaN,NaN
DTLZ4,20,10,22010,"S1_[0,0.25]",label_dyn,native,front_h3,nondominated,H3,5,5,0.358,1,0.358,1,1,NaN,NaN
DTLZ4,20,10,22010,"S1_[0,0.25]",label_dyn,native,population_final,retention,FINAL,5,5,0.358,0.116159048985448,0.692857142857143,0.06,1.94040347846456,0.678232291809467,0.116159048985448
DTLZ4,20,10,22010,"S1_[0,0.25]",label_dyn,native,population_h1,retention,H1,5,5,0.358,0.994117647058824,0.382033096926714,0.932,1.06702822973161,0.67434988179669,0.994117647058824
DTLZ4,20,10,22010,"S1_[0,0.25]",label_dyn,native,population_h3,retention,H3,5,5,0.358,0.994117647058824,0.441458037177395,0.806,1.23439888934413,0.715173463033142,0.994117647058824
DTLZ4,20,10,22010,"S2_(0.25,0.50]",label_dyn,native,front_final,nondominated,FINAL,21,21,0.511904761904762,1,0.511904761904762,1,1,NaN,NaN
DTLZ4,20,10,22010,"S2_(0.25,0.50]",label_dyn,native,front_h1,nondominated,H1,21,21,0.511904761904762,1,0.511904761904762,1,1,NaN,NaN
DTLZ4,20,10,22010,"S2_(0.25,0.50]",label_dyn,native,front_h3,nondominated,H3,21,21,0.511904761904762,1,0.511904761904762,1,1,NaN,NaN
DTLZ4,20,10,22010,"S2_(0.25,0.50]",label_dyn,native,population_final,retention,FINAL,21,21,0.511904761904762,0.217154325179117,0.729978574875744,0.153333333333333,1.44695715367851,0.62803405348689,0.217154325179117
DTLZ4,20,10,22010,"S2_(0.25,0.50]",label_dyn,native,population_h1,retention,H1,21,21,0.511904761904762,0.982904691838974,0.526851489557776,0.952857142857143,1.03179504043007,0.640409871763015,0.982904691838974
DTLZ4,20,10,22010,"S2_(0.25,0.50]",label_dyn,native,population_h3,retention,H3,21,21,0.511904761904762,0.947011882854378,0.55420518744017,0.870476190476191,1.08966336010256,0.652442898839802,0.947011882854378
DTLZ4,20,10,22010,"S3_(0.50,0.75]",label_dyn,native,front_final,nondominated,FINAL,20,20,0.594,1,0.594,1,1,NaN,NaN
DTLZ4,20,10,22010,"S3_(0.50,0.75]",label_dyn,native,front_h1,nondominated,H1,20,20,0.594,1,0.594,1,1,NaN,NaN
DTLZ4,20,10,22010,"S3_(0.50,0.75]",label_dyn,native,front_h3,nondominated,H3,20,20,0.594,1,0.594,1,1,NaN,NaN
DTLZ4,20,10,22010,"S3_(0.50,0.75]",label_dyn,native,population_final,retention,FINAL,20,20,0.594,0.443277545889775,0.725676334958615,0.371,1.22355880742781,0.599754965494406,0.443277545889775
DTLZ4,20,10,22010,"S3_(0.50,0.75]",label_dyn,native,population_h1,retention,H1,20,20,0.594,0.95506784739301,0.601113999850967,0.944,1.01223980050601,0.570589051207534,0.95506784739301
DTLZ4,20,10,22010,"S3_(0.50,0.75]",label_dyn,native,population_h3,retention,H3,20,20,0.594,0.873914458184791,0.6149240399341,0.8445,1.03562028879051,0.56925393682489,0.873914458184791
DTLZ4,20,10,22010,"S4_(0.75,1.00]",label_dyn,native,front_final,nondominated,FINAL,21,21,0.587619047619048,1,0.587619047619048,1,1,NaN,NaN
DTLZ4,20,10,22010,"S4_(0.75,1.00]",label_dyn,native,front_h1,nondominated,H1,21,20,0.587619047619048,1,0.5835,1,1,NaN,NaN
DTLZ4,20,10,22010,"S4_(0.75,1.00]",label_dyn,native,front_h3,nondominated,H3,21,18,0.587619047619048,1,0.572222222222222,1,1,NaN,NaN
DTLZ4,20,10,22010,"S4_(0.75,1.00]",label_dyn,native,population_final,retention,FINAL,21,21,0.587619047619048,0.78915102820157,0.613024401506789,0.758095238095238,1.04489255772566,0.563009410560716,0.78915102820157
DTLZ4,20,10,22010,"S4_(0.75,1.00]",label_dyn,native,population_h1,retention,H1,21,20,0.587619047619048,0.977977877801406,0.587396145384366,0.9715,1.00681125199157,0.549055215549326,0.977977877801406
DTLZ4,20,10,22010,"S4_(0.75,1.00]",label_dyn,native,population_h3,retention,H3,21,18,0.587619047619048,0.939856122617845,0.582508796502128,0.923888888888889,1.01775998761057,0.553860619190618,0.939856122617845
DTLZ4,20,11,22011,"S1_[0,0.25]",label_dyn,native,front_final,nondominated,FINAL,5,5,0.374,1,0.374,1,1,NaN,NaN
DTLZ4,20,11,22011,"S1_[0,0.25]",label_dyn,native,front_h1,nondominated,H1,5,5,0.374,1,0.374,1,1,NaN,NaN
DTLZ4,20,11,22011,"S1_[0,0.25]",label_dyn,native,front_h3,nondominated,H3,5,5,0.374,1,0.374,1,1,NaN,NaN
DTLZ4,20,11,22011,"S1_[0,0.25]",label_dyn,native,population_final,retention,FINAL,5,5,0.374,0.169285348797544,0.775,0.08,2.1160668599693,0.717934782608696,0.169285348797544
DTLZ4,20,11,22011,"S1_[0,0.25]",label_dyn,native,population_h1,retention,H1,5,5,0.374,1,0.398654732774313,0.938,1.06631031601564,0.699327366387157,1
DTLZ4,20,11,22011,"S1_[0,0.25]",label_dyn,native,population_h3,retention,H3,5,5,0.374,1,0.44862166435778,0.834,1.19915200873179,0.72431083217889,1
DTLZ4,20,11,22011,"S2_(0.25,0.50]",label_dyn,native,front_final,nondominated,FINAL,21,21,0.480952380952381,0.998892580287929,0.480678210678211,0.99952380952381,0.999362394711232,0.212121212121212,NaN
DTLZ4,20,11,22011,"S2_(0.25,0.50]",label_dyn,native,front_h1,nondominated,H1,21,21,0.480952380952381,0.998892580287929,0.480678210678211,0.99952380952381,0.999362394711232,0.212121212121212,NaN
DTLZ4,20,11,22011,"S2_(0.25,0.50]",label_dyn,native,front_h3,nondominated,H3,21,21,0.480952380952381,0.998892580287929,0.480678210678211,0.99952380952381,0.999362394711232,0.212121212121212,NaN
DTLZ4,20,11,22011,"S2_(0.25,0.50]",label_dyn,native,population_final,retention,FINAL,21,21,0.480952380952381,0.207890971928138,0.578031961205144,0.178095238095238,1.20735118137184,0.557101275758177,0.207890971928138
DTLZ4,20,11,22011,"S2_(0.25,0.50]",label_dyn,native,population_h1,retention,H1,21,21,0.480952380952381,0.974975398795345,0.49608980358201,0.944761904761905,1.03234851220158,0.633815876847695,0.974975398795345
DTLZ4,20,11,22011,"S2_(0.25,0.50]",label_dyn,native,population_h3,retention,H3,21,21,0.480952380952381,0.930620665737439,0.527696065698011,0.847142857142857,1.09960475468386,0.652698865682037,0.930620665737439
DTLZ4,20,11,22011,"S3_(0.50,0.75]",label_dyn,native,front_final,nondominated,FINAL,20,20,0.5245,0.993516011416955,0.522873737373737,0.9965,0.996985870118136,0.267676767676768,NaN
DTLZ4,20,11,22011,"S3_(0.50,0.75]",label_dyn,native,front_h1,nondominated,H1,20,20,0.5245,1,0.5245,1,1,NaN,NaN
DTLZ4,20,11,22011,"S3_(0.50,0.75]",label_dyn,native,front_h3,nondominated,H3,20,20,0.5245,1,0.5245,1,1,NaN,NaN
DTLZ4,20,11,22011,"S3_(0.50,0.75]",label_dyn,native,population_final,retention,FINAL,20,20,0.5245,0.363176240297238,0.519201850009297,0.3655,0.987615022487522,0.497176556723386,0.363176240297238
DTLZ4,20,11,22011,"S3_(0.50,0.75]",label_dyn,native,population_h1,retention,H1,20,20,0.5245,0.975990643144948,0.531630852367499,0.963,1.01344128826385,0.616648759517083,0.975990643144948
DTLZ4,20,11,22011,"S3_(0.50,0.75]",label_dyn,native,population_h3,retention,H3,20,20,0.5245,0.93116853682832,0.547984368257797,0.8915,1.04447902509243,0.614066554203269,0.93116853682832
DTLZ4,20,11,22011,"S4_(0.75,1.00]",label_dyn,native,front_final,nondominated,FINAL,21,21,0.55,0.995454484540685,0.548855218855219,0.997619047619048,0.997813572648119,0.25959595959596,NaN
DTLZ4,20,11,22011,"S4_(0.75,1.00]",label_dyn,native,front_h1,nondominated,H1,21,20,0.55,1,0.5505,1,1,NaN,NaN
DTLZ4,20,11,22011,"S4_(0.75,1.00]",label_dyn,native,front_h3,nondominated,H3,21,18,0.55,0.99895178197065,0.553069584736251,0.999444444444445,0.999502361137581,0.262626262626263,NaN
DTLZ4,20,11,22011,"S4_(0.75,1.00]",label_dyn,native,population_final,retention,FINAL,21,21,0.55,0.728622422163781,0.55392198678945,0.725714285714286,1.00851165864623,0.493173512271502,0.728622422163781
DTLZ4,20,11,22011,"S4_(0.75,1.00]",label_dyn,native,population_h1,retention,H1,21,20,0.55,0.972111348541386,0.553764568637168,0.9665,1.00591701308036,0.528965617651917,0.972111348541386
DTLZ4,20,11,22011,"S4_(0.75,1.00]",label_dyn,native,population_h3,retention,H3,21,18,0.55,0.917856561431568,0.561134336997453,0.905,1.01446780232111,0.537356752371643,0.917856561431568
DTLZ4,20,12,22012,"S1_[0,0.25]",label_dyn,native,front_final,nondominated,FINAL,5,5,0.386,1,0.386,1,1,NaN,NaN
DTLZ4,20,12,22012,"S1_[0,0.25]",label_dyn,native,front_h1,nondominated,H1,5,5,0.386,1,0.386,1,1,NaN,NaN
DTLZ4,20,12,22012,"S1_[0,0.25]",label_dyn,native,front_h3,nondominated,H3,5,5,0.386,1,0.386,1,1,NaN,NaN
DTLZ4,20,12,22012,"S1_[0,0.25]",label_dyn,native,population_final,retention,FINAL,5,5,0.386,0.165955718508098,0.708333333333333,0.094,1.86704121751641,0.676083487126503,0.165955718508098
DTLZ4,20,12,22012,"S1_[0,0.25]",label_dyn,native,population_h1,retention,H1,5,5,0.386,1,0.411530542210021,0.938,1.06611759322809,0.70576527110501,1
DTLZ4,20,12,22012,"S1_[0,0.25]",label_dyn,native,population_h3,retention,H3,5,5,0.386,1,0.473080397470641,0.816,1.225534477567,0.736540198735321,1
DTLZ4,20,12,22012,"S2_(0.25,0.50]",label_dyn,native,front_final,nondominated,FINAL,21,21,0.526666666666667,0.989739514661166,0.524117364117364,0.994285714285714,0.995407879167123,0.276936026936027,NaN
DTLZ4,20,12,22012,"S2_(0.25,0.50]",label_dyn,native,front_h1,nondominated,H1,21,21,0.526666666666667,1,0.526666666666667,1,1,NaN,NaN
DTLZ4,20,12,22012,"S2_(0.25,0.50]",label_dyn,native,front_h3,nondominated,H3,21,21,0.526666666666667,1,0.526666666666667,1,1,NaN,NaN
DTLZ4,20,12,22012,"S2_(0.25,0.50]",label_dyn,native,population_final,retention,FINAL,21,21,0.526666666666667,0.190482493717583,0.579611659090247,0.172380952380952,1.10062766067506,0.532432513514833,0.190482493717583
DTLZ4,20,12,22012,"S2_(0.25,0.50]",label_dyn,native,population_h1,retention,H1,21,21,0.526666666666667,0.978142869367782,0.539574574197213,0.953333333333333,1.02634989572165,0.621544656713119,0.978142869367782
DTLZ4,20,12,22012,"S2_(0.25,0.50]",label_dyn,native,population_h3,retention,H3,21,21,0.526666666666667,0.926930169846832,0.559728012656502,0.869523809523809,1.06815629007309,0.609967678067261,0.926930169846832
DTLZ4,20,12,22012,"S3_(0.50,0.75]",label_dyn,native,front_final,nondominated,FINAL,20,20,0.5265,0.993495391107109,0.524868686868687,0.9965,0.996965041522332,0.266955266955267,NaN
DTLZ4,20,12,22012,"S3_(0.50,0.75]",label_dyn,native,front_h1,nondominated,H1,20,20,0.5265,0.999074074074074,0.526267676767677,0.9995,0.999569771791994,0.267676767676768,NaN
DTLZ4,20,12,22012,"S3_(0.50,0.75]",label_dyn,native,front_h3,nondominated,H3,20,20,0.5265,0.99718660968661,0.525792929292929,0.9985,0.998673343117787,0.264309764309764,NaN
DTLZ4,20,12,22012,"S3_(0.50,0.75]",label_dyn,native,population_final,retention,FINAL,20,20,0.5265,0.392571828195055,0.625716246035748,0.336,1.18622814550469,0.571830687035412,0.392571828195055
DTLZ4,20,12,22012,"S3_(0.50,0.75]",label_dyn,native,population_h1,retention,H1,20,20,0.5265,0.963362391610139,0.530902135248867,0.9555,1.00834652269439,0.540995939419305,0.963362391610139
DTLZ4,20,12,22012,"S3_(0.50,0.75]",label_dyn,native,population_h3,retention,H3,20,20,0.5265,0.906987042125395,0.546137015214995,0.8745,1.03768911383309,0.574560357261112,0.906987042125395
DTLZ4,20,12,22012,"S4_(0.75,1.00]",label_dyn,native,front_final,nondominated,FINAL,21,21,0.542380952380952,1,0.542380952380952,1,1,NaN,NaN
DTLZ4,20,12,22012,"S4_(0.75,1.00]",label_dyn,native,front_h1,nondominated,H1,21,20,0.542380952380952,1,0.541,1,1,NaN,NaN
DTLZ4,20,12,22012,"S4_(0.75,1.00]",label_dyn,native,front_h3,nondominated,H3,21,18,0.542380952380952,1,0.537777777777778,1,1,NaN,NaN
DTLZ4,20,12,22012,"S4_(0.75,1.00]",label_dyn,native,population_final,retention,FINAL,21,21,0.542380952380952,0.734612597749691,0.557105842166318,0.718095238095238,1.02811156384922,0.511792654987756,0.734612597749691
DTLZ4,20,12,22012,"S4_(0.75,1.00]",label_dyn,native,population_h1,retention,H1,21,20,0.542380952380952,0.975142730237439,0.550007255368542,0.959,1.01691845438028,0.608872675303319,0.975142730237439
DTLZ4,20,12,22012,"S4_(0.75,1.00]",label_dyn,native,population_h3,retention,H3,21,18,0.542380952380952,0.916071652570135,0.558999632481742,0.881666666666667,1.0393560856893,0.58650978158417,0.916071652570135
DTLZ4,20,13,22013,"S1_[0,0.25]",label_dyn,native,front_final,nondominated,FINAL,5,5,0.37,1,0.37,1,1,NaN,NaN
DTLZ4,20,13,22013,"S1_[0,0.25]",label_dyn,native,front_h1,nondominated,H1,5,5,0.37,1,0.37,1,1,NaN,NaN
DTLZ4,20,13,22013,"S1_[0,0.25]",label_dyn,native,front_h3,nondominated,H3,5,5,0.37,1,0.37,1,1,NaN,NaN
DTLZ4,20,13,22013,"S1_[0,0.25]",label_dyn,native,population_final,retention,FINAL,5,5,0.37,0.184652770050567,1,0.068,2.72447680158818,0.837943262411348,0.184652770050567
DTLZ4,20,13,22013,"S1_[0,0.25]",label_dyn,native,population_h1,retention,H1,5,5,0.37,1,0.398694390715667,0.928,1.07833655705996,0.699347195357834,1
DTLZ4,20,13,22013,"S1_[0,0.25]",label_dyn,native,population_h3,retention,H3,5,5,0.37,1,0.461845048197317,0.802,1.24714513319535,0.730922524098659,1
DTLZ4,20,13,22013,"S2_(0.25,0.50]",label_dyn,native,front_final,nondominated,FINAL,21,21,0.539047619047619,0.998385331143952,0.538653198653199,0.999047619047619,0.999331022319528,0.292929292929293,NaN
DTLZ4,20,13,22013,"S2_(0.25,0.50]",label_dyn,native,front_h1,nondominated,H1,21,21,0.539047619047619,0.999178981937603,0.538845598845599,0.99952380952381,0.999651689306862,0.287878787878788,NaN
DTLZ4,20,13,22013,"S2_(0.25,0.50]",label_dyn,native,front_h3,nondominated,H3,21,21,0.539047619047619,0.998385331143952,0.538653198653199,0.999047619047619,0.999331022319528,0.292929292929293,NaN
DTLZ4,20,13,22013,"S2_(0.25,0.50]",label_dyn,native,population_final,retention,FINAL,21,21,0.539047619047619,0.171823281356307,0.755290803189963,0.128571428571429,1.43447606679191,0.620699308721504,0.171823281356307
DTLZ4,20,13,22013,"S2_(0.25,0.50]",label_dyn,native,population_h1,retention,H1,21,21,0.539047619047619,0.982861248819357,0.55962118283903,0.945238095238095,1.04091878587395,0.67798345030666,0.982861248819357
DTLZ4,20,13,22013,"S2_(0.25,0.50]",label_dyn,native,population_h3,retention,H3,21,21,0.539047619047619,0.949801367168279,0.5918067666609,0.861428571428572,1.10550778182311,0.678815629118636,0.949801367168279
DTLZ4,20,13,22013,"S3_(0.50,0.75]",label_dyn,native,front_final,nondominated,FINAL,20,20,0.6015,1,0.6015,1,1,NaN,NaN
DTLZ4,20,13,22013,"S3_(0.50,0.75]",label_dyn,native,front_h1,nondominated,H1,20,20,0.6015,1,0.6015,1,1,NaN,NaN
DTLZ4,20,13,22013,"S3_(0.50,0.75]",label_dyn,native,front_h3,nondominated,H3,20,20,0.6015,1,0.6015,1,1,NaN,NaN
DTLZ4,20,13,22013,"S3_(0.50,0.75]",label_dyn,native,population_final,retention,FINAL,20,20,0.6015,0.371053665835137,0.655751922010172,0.3415,1.09021405173586,0.540938438038471,0.371053665835137
DTLZ4,20,13,22013,"S3_(0.50,0.75]",label_dyn,native,population_h1,retention,H1,20,20,0.6015,0.967637001014651,0.607856872311146,0.9575,1.01061595228348,0.587380817107954,0.967637001014651
DTLZ4,20,13,22013,"S3_(0.50,0.75]",label_dyn,native,population_h3,retention,H3,20,20,0.6015,0.906327940854449,0.620409885747471,0.879,1.03135860076874,0.574703916122709,0.906327940854449
DTLZ4,20,13,22013,"S4_(0.75,1.00]",label_dyn,native,front_final,nondominated,FINAL,21,21,0.537619047619047,1,0.537619047619047,1,1,NaN,NaN
DTLZ4,20,13,22013,"S4_(0.75,1.00]",label_dyn,native,front_h1,nondominated,H1,21,20,0.537619047619047,1,0.537,1,1,NaN,NaN
DTLZ4,20,13,22013,"S4_(0.75,1.00]",label_dyn,native,front_h3,nondominated,H3,21,18,0.537619047619047,1,0.537777777777778,1,1,NaN,NaN
DTLZ4,20,13,22013,"S4_(0.75,1.00]",label_dyn,native,population_final,retention,FINAL,21,21,0.537619047619047,0.682175028017808,0.514524799991058,0.714761904761905,0.956386463720879,0.43820034602919,0.682175028017808
DTLZ4,20,13,22013,"S4_(0.75,1.00]",label_dyn,native,population_h1,retention,H1,21,20,0.537619047619047,0.966583453045838,0.5376124131381,0.9655,1.00106520391993,0.517139539902383,0.966583453045838
DTLZ4,20,13,22013,"S4_(0.75,1.00]",label_dyn,native,population_h3,retention,H3,21,18,0.537619047619047,0.896806457931222,0.536086110749538,0.9,0.996521209877441,0.489514408096122,0.896806457931222
DTLZ4,20,14,22014,"S1_[0,0.25]",label_dyn,native,front_final,nondominated,FINAL,5,5,0.376,1,0.376,1,1,NaN,NaN
DTLZ4,20,14,22014,"S1_[0,0.25]",label_dyn,native,front_h1,nondominated,H1,5,5,0.376,1,0.376,1,1,NaN,NaN
DTLZ4,20,14,22014,"S1_[0,0.25]",label_dyn,native,front_h3,nondominated,H3,5,5,0.376,1,0.376,1,1,NaN,NaN
DTLZ4,20,14,22014,"S1_[0,0.25]",label_dyn,native,population_final,retention,FINAL,5,5,0.376,0.074155937313832,0.613333333333333,0.044,1.63306626464521,0.624657800456394,0.074155937313832
DTLZ4,20,14,22014,"S1_[0,0.25]",label_dyn,native,population_h1,retention,H1,5,5,0.376,1,0.401803885291397,0.936,1.06845513413506,0.700901942645698,1
DTLZ4,20,14,22014,"S1_[0,0.25]",label_dyn,native,population_h3,retention,H3,5,5,0.376,1,0.465487804878049,0.808,1.23780487804878,0.732743902439024,1
DTLZ4,20,14,22014,"S2_(0.25,0.50]",label_dyn,native,front_final,nondominated,FINAL,21,21,0.494761904761905,1,0.494761904761905,1,1,NaN,NaN
DTLZ4,20,14,22014,"S2_(0.25,0.50]",label_dyn,native,front_h1,nondominated,H1,21,21,0.494761904761905,1,0.494761904761905,1,1,NaN,NaN
DTLZ4,20,14,22014,"S2_(0.25,0.50]",label_dyn,native,front_h3,nondominated,H3,21,21,0.494761904761905,1,0.494761904761905,1,1,NaN,NaN
DTLZ4,20,14,22014,"S2_(0.25,0.50]",label_dyn,native,population_final,retention,FINAL,21,21,0.494761904761905,0.158415143422957,0.675952417117831,0.121904761904762,1.37947769017046,0.60059330602671,0.158415143422957
DTLZ4,20,14,22014,"S2_(0.25,0.50]",label_dyn,native,population_h1,retention,H1,21,21,0.494761904761905,0.986814048639983,0.514239636953732,0.94952380952381,1.03971858437943,0.691081095295286,0.986814048639983
DTLZ4,20,14,22014,"S2_(0.25,0.50]",label_dyn,native,population_h3,retention,H3,21,21,0.494761904761905,0.952871968297765,0.550068093541521,0.857142857142857,1.11330513106599,0.688151772493529,0.952871968297765
DTLZ4,20,14,22014,"S3_(0.50,0.75]",label_dyn,native,front_final,nondominated,FINAL,20,20,0.514,1,0.514,1,1,NaN,NaN
DTLZ4,20,14,22014,"S3_(0.50,0.75]",label_dyn,native,front_h1,nondominated,H1,20,20,0.514,1,0.514,1,1,NaN,NaN
DTLZ4,20,14,22014,"S3_(0.50,0.75]",label_dyn,native,front_h3,nondominated,H3,20,20,0.514,1,0.514,1,1,NaN,NaN
DTLZ4,20,14,22014,"S3_(0.50,0.75]",label_dyn,native,population_final,retention,FINAL,20,20,0.514,0.365181504725008,0.57373035923073,0.3245,1.11615604847379,0.546887209355848,0.365181504725008
DTLZ4,20,14,22014,"S3_(0.50,0.75]",label_dyn,native,population_h1,retention,H1,20,20,0.514,0.970291176895763,0.520345362662857,0.958,1.0129342911982,0.568744109902857,0.970291176895763
DTLZ4,20,14,22014,"S3_(0.50,0.75]",label_dyn,native,population_h3,retention,H3,20,20,0.514,0.913733695784393,0.530623765634084,0.885,1.03289250909109,0.567796446864106,0.913733695784393
DTLZ4,20,14,22014,"S4_(0.75,1.00]",label_dyn,native,front_final,nondominated,FINAL,21,21,0.606666666666667,1,0.606666666666667,1,1,NaN,NaN
DTLZ4,20,14,22014,"S4_(0.75,1.00]",label_dyn,native,front_h1,nondominated,H1,21,20,0.606666666666667,1,0.6085,1,1,NaN,NaN
DTLZ4,20,14,22014,"S4_(0.75,1.00]",label_dyn,native,front_h3,nondominated,H3,21,18,0.606666666666667,1,0.613333333333333,1,1,NaN,NaN
DTLZ4,20,14,22014,"S4_(0.75,1.00]",label_dyn,native,population_final,retention,FINAL,21,21,0.606666666666667,0.743791525651109,0.663648627593005,0.685238095238095,1.09325658321185,0.584462743855832,0.743791525651109
DTLZ4,20,14,22014,"S4_(0.75,1.00]",label_dyn,native,population_h1,retention,H1,21,20,0.606666666666667,0.974647402582334,0.616610580941817,0.9605,1.01473976606738,0.614614814280433,0.974647402582334
DTLZ4,20,14,22014,"S4_(0.75,1.00]",label_dyn,native,population_h3,retention,H3,21,18,0.606666666666667,0.919208399928063,0.632913383254636,0.89,1.03303671928443,0.594960132630759,0.919208399928063
DTLZ4,20,15,22015,"S1_[0,0.25]",label_dyn,native,front_final,nondominated,FINAL,5,5,0.394,1,0.394,1,1,NaN,NaN
DTLZ4,20,15,22015,"S1_[0,0.25]",label_dyn,native,front_h1,nondominated,H1,5,5,0.394,1,0.394,1,1,NaN,NaN
DTLZ4,20,15,22015,"S1_[0,0.25]",label_dyn,native,front_h3,nondominated,H3,5,5,0.394,1,0.394,1,1,NaN,NaN
DTLZ4,20,15,22015,"S1_[0,0.25]",label_dyn,native,population_final,retention,FINAL,5,5,0.394,0.147905673897466,0.764285714285714,0.076,1.95628698706674,0.700258799171843,0.147905673897466
DTLZ4,20,15,22015,"S1_[0,0.25]",label_dyn,native,population_h1,retention,H1,5,5,0.394,0.994117647058824,0.417021276595745,0.94,1.0575719649562,0.691843971631206,0.994117647058824
DTLZ4,20,15,22015,"S1_[0,0.25]",label_dyn,native,population_h3,retention,H3,5,5,0.394,0.994117647058824,0.472143264593525,0.83,1.19793953432093,0.730189279355586,0.994117647058824
DTLZ4,20,15,22015,"S2_(0.25,0.50]",label_dyn,native,front_final,nondominated,FINAL,21,21,0.459047619047619,1,0.459047619047619,1,1,NaN,NaN
DTLZ4,20,15,22015,"S2_(0.25,0.50]",label_dyn,native,front_h1,nondominated,H1,21,21,0.459047619047619,1,0.459047619047619,1,1,NaN,NaN
DTLZ4,20,15,22015,"S2_(0.25,0.50]",label_dyn,native,front_h3,nondominated,H3,21,21,0.459047619047619,1,0.459047619047619,1,1,NaN,NaN
DTLZ4,20,15,22015,"S2_(0.25,0.50]",label_dyn,native,population_final,retention,FINAL,21,21,0.459047619047619,0.175987319924051,0.572358640384956,0.148095238095238,1.24479437463658,0.564095322057558,0.175987319924051
DTLZ4,20,15,22015,"S2_(0.25,0.50]",label_dyn,native,population_h1,retention,H1,21,21,0.459047619047619,0.987486029149979,0.476543090459712,0.951428571428572,1.03801238786564,0.679541386499697,0.987486029149979
DTLZ4,20,15,22015,"S2_(0.25,0.50]",label_dyn,native,population_h3,retention,H3,21,21,0.459047619047619,0.954120091850514,0.50921564304405,0.86,1.11001312056461,0.677056672857431,0.954120091850514
DTLZ4,20,15,22015,"S3_(0.50,0.75]",label_dyn,native,front_final,nondominated,FINAL,20,20,0.4925,1,0.4925,1,1,NaN,NaN
DTLZ4,20,15,22015,"S3_(0.50,0.75]",label_dyn,native,front_h1,nondominated,H1,20,20,0.4925,1,0.4925,1,1,NaN,NaN
DTLZ4,20,15,22015,"S3_(0.50,0.75]",label_dyn,native,front_h3,nondominated,H3,20,20,0.4925,1,0.4925,1,1,NaN,NaN
DTLZ4,20,15,22015,"S3_(0.50,0.75]",label_dyn,native,population_final,retention,FINAL,20,20,0.4925,0.403528157125996,0.52820269932217,0.371,1.07423214133226,0.532384835871035,0.403528157125996
DTLZ4,20,15,22015,"S3_(0.50,0.75]",label_dyn,native,population_h1,retention,H1,20,20,0.4925,0.970567613167772,0.496354004329185,0.963,1.00794650682117,0.550617478355069,0.970567613167772
DTLZ4,20,15,22015,"S3_(0.50,0.75]",label_dyn,native,population_h3,retention,H3,20,20,0.4925,0.909185189680208,0.500104399749686,0.895,1.01599726122934,0.536037636007338,0.909185189680208
DTLZ4,20,15,22015,"S4_(0.75,1.00]",label_dyn,native,front_final,nondominated,FINAL,21,21,0.508095238095238,1,0.508095238095238,1,1,NaN,NaN
DTLZ4,20,15,22015,"S4_(0.75,1.00]",label_dyn,native,front_h1,nondominated,H1,21,20,0.508095238095238,1,0.5085,1,1,NaN,NaN
DTLZ4,20,15,22015,"S4_(0.75,1.00]",label_dyn,native,front_h3,nondominated,H3,21,18,0.508095238095238,1,0.509444444444444,1,1,NaN,NaN
DTLZ4,20,15,22015,"S4_(0.75,1.00]",label_dyn,native,population_final,retention,FINAL,21,21,0.508095238095238,0.746544142470534,0.502600503747209,0.76047619047619,0.992314197152218,0.441549067007049,0.746544142470534
DTLZ4,20,15,22015,"S4_(0.75,1.00]",label_dyn,native,population_h1,retention,H1,21,20,0.508095238095238,0.967994170325938,0.51248198333831,0.9605,1.00816873472332,0.554751092679256,0.967994170325938
DTLZ4,20,15,22015,"S4_(0.75,1.00]",label_dyn,native,population_h3,retention,H3,21,18,0.508095238095238,0.912623251359008,0.520220564764569,0.893888888888889,1.02241937522257,0.547670648746999,0.912623251359008
DTLZ4,20,16,22016,"S1_[0,0.25]",label_dyn,native,front_final,nondominated,FINAL,5,5,0.39,0.995121951219512,0.388808080808081,0.998,0.997092880019709,0.202020202020202,NaN
DTLZ4,20,16,22016,"S1_[0,0.25]",label_dyn,native,front_h1,nondominated,H1,5,5,0.39,0.995121951219512,0.388808080808081,0.998,0.997092880019709,0.202020202020202,NaN
DTLZ4,20,16,22016,"S1_[0,0.25]",label_dyn,native,front_h3,nondominated,H3,5,5,0.39,0.995121951219512,0.388808080808081,0.998,0.997092880019709,0.202020202020202,NaN
DTLZ4,20,16,22016,"S1_[0,0.25]",label_dyn,native,population_final,retention,FINAL,5,5,0.39,0.040130977935856,0.7,0.022,1.76845365869756,0.658773406269724,0.040130977935856
DTLZ4,20,16,22016,"S1_[0,0.25]",label_dyn,native,population_h1,retention,H1,5,5,0.39,0.989993746091307,0.409638370904134,0.942,1.05107394416534,0.672319185452067,0.989993746091307
DTLZ4,20,16,22016,"S1_[0,0.25]",label_dyn,native,population_h3,retention,H3,5,5,0.39,0.979710291905414,0.451421601983466,0.846,1.15832967085563,0.698984610515543,0.979710291905414
DTLZ4,20,16,22016,"S2_(0.25,0.50]",label_dyn,native,front_final,nondominated,FINAL,21,21,0.524761904761905,1,0.524761904761905,1,1,NaN,NaN
DTLZ4,20,16,22016,"S2_(0.25,0.50]",label_dyn,native,front_h1,nondominated,H1,21,21,0.524761904761905,1,0.524761904761905,1,1,NaN,NaN
DTLZ4,20,16,22016,"S2_(0.25,0.50]",label_dyn,native,front_h3,nondominated,H3,21,21,0.524761904761905,1,0.524761904761905,1,1,NaN,NaN
DTLZ4,20,16,22016,"S2_(0.25,0.50]",label_dyn,native,population_final,retention,FINAL,21,21,0.524761904761905,0.159448497977467,0.765149233946226,0.115238095238095,1.48546154625867,0.633682391903781,0.159448497977467
DTLZ4,20,16,22016,"S2_(0.25,0.50]",label_dyn,native,population_h1,retention,H1,21,21,0.524761904761905,0.965698479884039,0.538557964485404,0.939047619047619,1.0286628578384,0.608891750426899,0.965698479884039
DTLZ4,20,16,22016,"S2_(0.25,0.50]",label_dyn,native,population_h3,retention,H3,21,21,0.524761904761905,0.889114952457738,0.557391657039784,0.831904761904762,1.06953964498853,0.596041875076753,0.889114952457738
DTLZ4,20,16,22016,"S3_(0.50,0.75]",label_dyn,native,front_final,nondominated,FINAL,20,20,0.527,1,0.527,1,1,NaN,NaN
DTLZ4,20,16,22016,"S3_(0.50,0.75]",label_dyn,native,front_h1,nondominated,H1,20,20,0.527,1,0.527,1,1,NaN,NaN
DTLZ4,20,16,22016,"S3_(0.50,0.75]",label_dyn,native,front_h3,nondominated,H3,20,20,0.527,1,0.527,1,1,NaN,NaN
DTLZ4,20,16,22016,"S3_(0.50,0.75]",label_dyn,native,population_final,retention,FINAL,20,20,0.527,0.436633932935355,0.634810656078466,0.362,1.20454485873791,0.586965011505936,0.436633932935355
DTLZ4,20,16,22016,"S3_(0.50,0.75]",label_dyn,native,population_h1,retention,H1,20,20,0.527,0.966268870077998,0.532341183465129,0.9565,1.01041462306735,0.540413015974989,0.966268870077998
DTLZ4,20,16,22016,"S3_(0.50,0.75]",label_dyn,native,population_h3,retention,H3,20,20,0.527,0.909597143050401,0.542098476901724,0.8835,1.02993186294827,0.561603961505585,0.909597143050401
DTLZ4,20,16,22016,"S4_(0.75,1.00]",label_dyn,native,front_final,nondominated,FINAL,21,21,0.527142857142857,1,0.527142857142857,1,1,NaN,NaN
DTLZ4,20,16,22016,"S4_(0.75,1.00]",label_dyn,native,front_h1,nondominated,H1,21,20,0.527142857142857,1,0.528,1,1,NaN,NaN
DTLZ4,20,16,22016,"S4_(0.75,1.00]",label_dyn,native,front_h3,nondominated,H3,21,18,0.527142857142857,1,0.533333333333334,1,1,NaN,NaN
DTLZ4,20,16,22016,"S4_(0.75,1.00]",label_dyn,native,population_final,retention,FINAL,21,21,0.527142857142857,0.798594413646261,0.552976013578952,0.765714285714286,1.04820416858595,0.55942858264211,0.798594413646261
DTLZ4,20,16,22016,"S4_(0.75,1.00]",label_dyn,native,population_h1,retention,H1,21,20,0.527142857142857,0.972618464157302,0.530402613558207,0.9685,1.00431458349967,0.52311797344577,0.972618464157302
DTLZ4,20,16,22016,"S4_(0.75,1.00]",label_dyn,native,population_h3,retention,H3,21,18,0.527142857142857,0.923233178839441,0.541504123688312,0.91,1.01487333109285,0.535279278454706,0.923233178839441
DTLZ4,20,17,22017,"S1_[0,0.25]",label_dyn,native,front_final,nondominated,FINAL,5,5,0.358,1,0.358,1,1,NaN,NaN
DTLZ4,20,17,22017,"S1_[0,0.25]",label_dyn,native,front_h1,nondominated,H1,5,5,0.358,1,0.358,1,1,NaN,NaN
DTLZ4,20,17,22017,"S1_[0,0.25]",label_dyn,native,front_h3,nondominated,H3,5,5,0.358,1,0.358,1,1,NaN,NaN
DTLZ4,20,17,22017,"S1_[0,0.25]",label_dyn,native,population_final,retention,FINAL,5,5,0.358,0.166740050455221,0.975,0.062,2.73907130021681,0.828544681845762,0.166740050455221
DTLZ4,20,17,22017,"S1_[0,0.25]",label_dyn,native,population_h1,retention,H1,5,5,0.358,1,0.380851063829787,0.94,1.06382978723404,0.690425531914894,1
DTLZ4,20,17,22017,"S1_[0,0.25]",label_dyn,native,population_h3,retention,H3,5,5,0.358,0.979217273954116,0.430169376693767,0.814,1.20280493290763,0.69455837255741,0.979217273954116
DTLZ4,20,17,22017,"S2_(0.25,0.50]",label_dyn,native,front_final,nondominated,FINAL,21,21,0.526190476190476,0.999267399267399,0.526022126022126,0.999523809523809,0.999740999741,0.323232323232323,NaN
DTLZ4,20,17,22017,"S2_(0.25,0.50]",label_dyn,native,front_h1,nondominated,H1,21,21,0.526190476190476,0.999267399267399,0.526022126022126,0.999523809523809,0.999740999741,0.323232323232323,NaN
DTLZ4,20,17,22017,"S2_(0.25,0.50]",label_dyn,native,front_h3,nondominated,H3,21,21,0.526190476190476,0.999267399267399,0.526022126022126,0.999523809523809,0.999740999741,0.323232323232323,NaN
DTLZ4,20,17,22017,"S2_(0.25,0.50]",label_dyn,native,population_final,retention,FINAL,21,21,0.526190476190476,0.19421857681193,0.666749033690027,0.16047619047619,1.30336745362858,0.579648059359892,0.19421857681193
DTLZ4,20,17,22017,"S2_(0.25,0.50]",label_dyn,native,population_h1,retention,H1,21,21,0.526190476190476,0.981267325408854,0.547154289421817,0.941904761904762,1.04204733583158,0.67727741269689,0.981267325408854
DTLZ4,20,17,22017,"S2_(0.25,0.50]",label_dyn,native,population_h3,retention,H3,21,21,0.526190476190476,0.938786550153136,0.582776493656798,0.844285714285714,1.11272499349156,0.680487216989399,0.938786550153136
DTLZ4,20,17,22017,"S3_(0.50,0.75]",label_dyn,native,front_final,nondominated,FINAL,20,20,0.601,0.990476725865741,0.598666666666667,0.9945,0.995936086733072,0.287878787878788,NaN
DTLZ4,20,17,22017,"S3_(0.50,0.75]",label_dyn,native,front_h1,nondominated,H1,20,20,0.601,0.999038461538462,0.600757575757576,0.9995,0.9995337995338,0.257575757575758,NaN
DTLZ4,20,17,22017,"S3_(0.50,0.75]",label_dyn,native,front_h3,nondominated,H3,20,20,0.601,0.997184065934066,0.600292929292929,0.9985,0.998670773670774,0.264309764309764,NaN
DTLZ4,20,17,22017,"S3_(0.50,0.75]",label_dyn,native,population_final,retention,FINAL,20,20,0.601,0.391991552289877,0.630157503210766,0.373,1.0492865400703,0.523990122554129,0.391991552289877
DTLZ4,20,17,22017,"S3_(0.50,0.75]",label_dyn,native,population_h1,retention,H1,20,20,0.601,0.968391386113152,0.605053881909092,0.9625,1.00625305156815,0.537943607621213,0.968391386113152
DTLZ4,20,17,22017,"S3_(0.50,0.75]",label_dyn,native,population_h3,retention,H3,20,20,0.601,0.907236451301754,0.608011291598343,0.898,1.01080901311853,0.524048784849664,0.907236451301754
DTLZ4,20,17,22017,"S4_(0.75,1.00]",label_dyn,native,front_final,nondominated,FINAL,21,21,0.618095238095238,1,0.618095238095238,1,1,NaN,NaN
DTLZ4,20,17,22017,"S4_(0.75,1.00]",label_dyn,native,front_h1,nondominated,H1,21,20,0.618095238095238,1,0.6195,1,1,NaN,NaN
DTLZ4,20,17,22017,"S4_(0.75,1.00]",label_dyn,native,front_h3,nondominated,H3,21,18,0.618095238095238,1,0.619444444444445,1,1,NaN,NaN
DTLZ4,20,17,22017,"S4_(0.75,1.00]",label_dyn,native,population_final,retention,FINAL,21,21,0.618095238095238,0.770329234190383,0.672224821432351,0.71,1.08779870047239,0.621327129653802,0.770329234190383
DTLZ4,20,17,22017,"S4_(0.75,1.00]",label_dyn,native,population_h1,retention,H1,21,20,0.618095238095238,0.970199075035884,0.627082358163198,0.959,1.01217032661451,0.580416179081599,0.970199075035884
DTLZ4,20,17,22017,"S4_(0.75,1.00]",label_dyn,native,population_h3,retention,H3,21,18,0.618095238095238,0.918687042460839,0.642618813336806,0.886111111111111,1.03765474473547,0.605949605439037,0.918687042460839
DTLZ4,20,18,22018,"S1_[0,0.25]",label_dyn,native,front_final,nondominated,FINAL,5,5,0.388,1,0.388,1,1,NaN,NaN
DTLZ4,20,18,22018,"S1_[0,0.25]",label_dyn,native,front_h1,nondominated,H1,5,5,0.388,1,0.388,1,1,NaN,NaN
DTLZ4,20,18,22018,"S1_[0,0.25]",label_dyn,native,front_h3,nondominated,H3,5,5,0.388,1,0.388,1,1,NaN,NaN
DTLZ4,20,18,22018,"S1_[0,0.25]",label_dyn,native,population_final,retention,FINAL,5,5,0.388,0.148424363540643,1,0.058,2.58685340080689,0.824744875602512,0.148424363540643
DTLZ4,20,18,22018,"S1_[0,0.25]",label_dyn,native,population_h1,retention,H1,5,5,0.388,1,0.411892497200448,0.942,1.06159014557671,0.705946248600224,1
DTLZ4,20,18,22018,"S1_[0,0.25]",label_dyn,native,population_h3,retention,H3,5,5,0.388,1,0.472348653874758,0.822,1.21671872675889,0.736174326937379,1
DTLZ4,20,18,22018,"S2_(0.25,0.50]",label_dyn,native,front_final,nondominated,FINAL,21,21,0.47952380952381,1,0.47952380952381,1,1,NaN,NaN
DTLZ4,20,18,22018,"S2_(0.25,0.50]",label_dyn,native,front_h1,nondominated,H1,21,21,0.47952380952381,1,0.47952380952381,1,1,NaN,NaN
DTLZ4,20,18,22018,"S2_(0.25,0.50]",label_dyn,native,front_h3,nondominated,H3,21,21,0.47952380952381,1,0.47952380952381,1,1,NaN,NaN
DTLZ4,20,18,22018,"S2_(0.25,0.50]",label_dyn,native,population_final,retention,FINAL,21,21,0.47952380952381,0.248054922208957,0.782678023976122,0.159047619047619,1.65657557253344,0.676155977938134,0.248054922208957
DTLZ4,20,18,22018,"S2_(0.25,0.50]",label_dyn,native,population_h1,retention,H1,21,21,0.47952380952381,0.979487718163684,0.496442245872273,0.944761904761905,1.03692313126811,0.651528001243015,0.979487718163684
DTLZ4,20,18,22018,"S2_(0.25,0.50]",label_dyn,native,population_h3,retention,H3,21,21,0.47952380952381,0.941236515714149,0.5265587951146,0.855238095238095,1.10143345400489,0.658710973451061,0.941236515714149
DTLZ4,20,18,22018,"S3_(0.50,0.75]",label_dyn,native,front_final,nondominated,FINAL,20,20,0.5445,1,0.5445,1,1,NaN,NaN
DTLZ4,20,18,22018,"S3_(0.50,0.75]",label_dyn,native,front_h1,nondominated,H1,20,20,0.5445,1,0.5445,1,1,NaN,NaN
DTLZ4,20,18,22018,"S3_(0.50,0.75]",label_dyn,native,front_h3,nondominated,H3,20,20,0.5445,1,0.5445,1,1,NaN,NaN
DTLZ4,20,18,22018,"S3_(0.50,0.75]",label_dyn,native,population_final,retention,FINAL,20,20,0.5445,0.358411773229116,0.555914669232545,0.3495,1.02275486171387,0.50938093600667,0.358411773229116
DTLZ4,20,18,22018,"S3_(0.50,0.75]",label_dyn,native,population_h1,retention,H1,20,20,0.5445,0.979336079790847,0.554498967248818,0.9615,1.01866822058194,0.624689959814885,0.979336079790847
DTLZ4,20,18,22018,"S3_(0.50,0.75]",label_dyn,native,population_h3,retention,H3,20,20,0.5445,0.928843315362683,0.568647619130625,0.8885,1.04564922608464,0.611637433441437,0.928843315362683
DTLZ4,20,18,22018,"S4_(0.75,1.00]",label_dyn,native,front_final,nondominated,FINAL,21,21,0.468095238095238,1,0.468095238095238,1,1,NaN,NaN
DTLZ4,20,18,22018,"S4_(0.75,1.00]",label_dyn,native,front_h1,nondominated,H1,21,20,0.468095238095238,1,0.4575,1,1,NaN,NaN
DTLZ4,20,18,22018,"S4_(0.75,1.00]",label_dyn,native,front_h3,nondominated,H3,21,18,0.468095238095238,1,0.473333333333333,1,1,NaN,NaN
DTLZ4,20,18,22018,"S4_(0.75,1.00]",label_dyn,native,population_final,retention,FINAL,21,21,0.468095238095238,0.739819906718824,0.475812858406851,0.733333333333333,1.01146794547614,0.504982410599875,0.739819906718824
DTLZ4,20,18,22018,"S4_(0.75,1.00]",label_dyn,native,population_h1,retention,H1,21,20,0.468095238095238,0.973479919507051,0.459623175817552,0.9695,1.00415146508735,0.528071076512397,0.973479919507051
DTLZ4,20,18,22018,"S4_(0.75,1.00]",label_dyn,native,population_h3,retention,H3,21,18,0.468095238095238,0.92764787560693,0.478900793621065,0.916666666666667,1.01217426921501,0.530698192224994,0.92764787560693
DTLZ4,20,19,22019,"S1_[0,0.25]",label_dyn,native,front_final,nondominated,FINAL,5,5,0.38,1,0.38,1,1,NaN,NaN
DTLZ4,20,19,22019,"S1_[0,0.25]",label_dyn,native,front_h1,nondominated,H1,5,5,0.38,1,0.38,1,1,NaN,NaN
DTLZ4,20,19,22019,"S1_[0,0.25]",label_dyn,native,front_h3,nondominated,H3,5,5,0.38,1,0.38,1,1,NaN,NaN
DTLZ4,20,19,22019,"S1_[0,0.25]",label_dyn,native,population_final,retention,FINAL,5,5,0.38,0.185755414176467,0.844444444444444,0.084,2.25266156845104,0.752888703940597,0.185755414176467
DTLZ4,20,19,22019,"S1_[0,0.25]",label_dyn,native,population_h1,retention,H1,5,5,0.38,1,0.404255319148936,0.94,1.06382978723404,0.702127659574468,1
DTLZ4,20,19,22019,"S1_[0,0.25]",label_dyn,native,population_h3,retention,H3,5,5,0.38,1,0.462180429033206,0.822,1.21657361151925,0.731090214516603,1
DTLZ4,20,19,22019,"S2_(0.25,0.50]",label_dyn,native,front_final,nondominated,FINAL,21,21,0.500476190476191,1,0.500476190476191,1,1,NaN,NaN
DTLZ4,20,19,22019,"S2_(0.25,0.50]",label_dyn,native,front_h1,nondominated,H1,21,21,0.500476190476191,1,0.500476190476191,1,1,NaN,NaN
DTLZ4,20,19,22019,"S2_(0.25,0.50]",label_dyn,native,front_h3,nondominated,H3,21,21,0.500476190476191,1,0.500476190476191,1,1,NaN,NaN
DTLZ4,20,19,22019,"S2_(0.25,0.50]",label_dyn,native,population_final,retention,FINAL,21,21,0.500476190476191,0.240623070514659,0.768697595869394,0.158095238095238,1.54955883386307,0.658682093411086,0.240623070514659
DTLZ4,20,19,22019,"S2_(0.25,0.50]",label_dyn,native,population_h1,retention,H1,21,21,0.500476190476191,0.976024752380641,0.516939570829592,0.943809523809524,1.03478213407373,0.646121512772406,0.976024752380641
DTLZ4,20,19,22019,"S2_(0.25,0.50]",label_dyn,native,population_h3,retention,H3,21,21,0.500476190476191,0.925699071879932,0.541058565111157,0.854285714285714,1.08468184089079,0.638225221473731,0.925699071879932
DTLZ4,20,19,22019,"S3_(0.50,0.75]",label_dyn,native,front_final,nondominated,FINAL,20,20,0.5585,1,0.5585,1,1,NaN,NaN
DTLZ4,20,19,22019,"S3_(0.50,0.75]",label_dyn,native,front_h1,nondominated,H1,20,20,0.5585,1,0.5585,1,1,NaN,NaN
DTLZ4,20,19,22019,"S3_(0.50,0.75]",label_dyn,native,front_h3,nondominated,H3,20,20,0.5585,1,0.5585,1,1,NaN,NaN
DTLZ4,20,19,22019,"S3_(0.50,0.75]",label_dyn,native,population_final,retention,FINAL,20,20,0.5585,0.441361448762472,0.644026914743788,0.385,1.15691965592498,0.567613934707322,0.441361448762472
DTLZ4,20,19,22019,"S3_(0.50,0.75]",label_dyn,native,population_h1,retention,H1,20,20,0.5585,0.977539700039566,0.567531505837958,0.962,1.01618150663907,0.641332371493662,0.977539700039566
DTLZ4,20,19,22019,"S3_(0.50,0.75]",label_dyn,native,population_h3,retention,H3,20,20,0.5585,0.929960782588905,0.582679632621972,0.891,1.04392041910871,0.614225472321642,0.929960782588905
DTLZ4,20,19,22019,"S4_(0.75,1.00]",label_dyn,native,front_final,nondominated,FINAL,21,21,0.63,1,0.63,1,1,NaN,NaN
DTLZ4,20,19,22019,"S4_(0.75,1.00]",label_dyn,native,front_h1,nondominated,H1,21,20,0.63,1,0.6305,1,1,NaN,NaN
DTLZ4,20,19,22019,"S4_(0.75,1.00]",label_dyn,native,front_h3,nondominated,H3,21,18,0.63,1,0.633888888888889,1,1,NaN,NaN
DTLZ4,20,19,22019,"S4_(0.75,1.00]",label_dyn,native,population_final,retention,FINAL,21,21,0.63,0.811249864976595,0.666346166777349,0.766190476190476,1.05796671426417,0.617138264120122,0.811249864976595
DTLZ4,20,19,22019,"S4_(0.75,1.00]",label_dyn,native,population_h1,retention,H1,21,20,0.63,0.972538242510631,0.63342736280551,0.968,1.00477493473406,0.542417910248514,0.972538242510631
DTLZ4,20,19,22019,"S4_(0.75,1.00]",label_dyn,native,population_h3,retention,H3,21,18,0.63,0.92702456213226,0.640784585625864,0.916666666666667,1.01121653296746,0.546884396388369,0.92702456213226
DTLZ4,20,20,22020,"S1_[0,0.25]",label_dyn,native,front_final,nondominated,FINAL,5,5,0.366,1,0.366,1,1,NaN,NaN
DTLZ4,20,20,22020,"S1_[0,0.25]",label_dyn,native,front_h1,nondominated,H1,5,5,0.366,1,0.366,1,1,NaN,NaN
DTLZ4,20,20,22020,"S1_[0,0.25]",label_dyn,native,front_h3,nondominated,H3,5,5,0.366,1,0.366,1,1,NaN,NaN
DTLZ4,20,20,22020,"S1_[0,0.25]",label_dyn,native,population_final,retention,FINAL,5,5,0.366,0.0538587388122992,0.933333333333333,0.022,2.56840053744078,0.789711548474435,0.0538587388122992
DTLZ4,20,20,22020,"S1_[0,0.25]",label_dyn,native,population_h1,retention,H1,5,5,0.366,0.994736842105263,0.38892701898879,0.936,1.06280629507881,0.677796842827728,0.994736842105263
DTLZ4,20,20,22020,"S1_[0,0.25]",label_dyn,native,population_h3,retention,H3,5,5,0.366,0.989331436699858,0.438199487846858,0.826,1.19775596754114,0.707988632812318,0.989331436699858
DTLZ4,20,20,22020,"S2_(0.25,0.50]",label_dyn,native,front_final,nondominated,FINAL,21,21,0.428095238095238,0.995435913068196,0.43010101010101,0.990952380952381,1.00452882031901,0.610845295055822,NaN
DTLZ4,20,20,22020,"S2_(0.25,0.50]",label_dyn,native,front_h1,nondominated,H1,21,21,0.428095238095238,1,0.428095238095238,1,1,NaN,NaN
DTLZ4,20,20,22020,"S2_(0.25,0.50]",label_dyn,native,front_h3,nondominated,H3,21,21,0.428095238095238,1,0.428095238095238,1,1,NaN,NaN
DTLZ4,20,20,22020,"S2_(0.25,0.50]",label_dyn,native,population_final,retention,FINAL,21,21,0.428095238095238,0.113695970610524,0.580642902071473,0.0866666666666667,1.3559011891231,0.582652592367569,0.113695970610524
DTLZ4,20,20,22020,"S2_(0.25,0.50]",label_dyn,native,population_h1,retention,H1,21,21,0.428095238095238,0.986618303142085,0.446817028651246,0.945238095238095,1.04409712730202,0.670148877137414,0.986618303142085
DTLZ4,20,20,22020,"S2_(0.25,0.50]",label_dyn,native,population_h3,retention,H3,21,21,0.428095238095238,0.962163208362463,0.483522754648093,0.851904761904762,1.13043109273618,0.684895443304751,0.962163208362463
DTLZ4,20,20,22020,"S3_(0.50,0.75]",label_dyn,native,front_final,nondominated,FINAL,20,20,0.497,1,0.497222222222222,0.9995,1.00050505050505,0.722222222222222,NaN
DTLZ4,20,20,22020,"S3_(0.50,0.75]",label_dyn,native,front_h1,nondominated,H1,20,20,0.497,1,0.497,1,1,NaN,NaN
DTLZ4,20,20,22020,"S3_(0.50,0.75]",label_dyn,native,front_h3,nondominated,H3,20,20,0.497,1,0.497,1,1,NaN,NaN
DTLZ4,20,20,22020,"S3_(0.50,0.75]",label_dyn,native,population_final,retention,FINAL,20,20,0.497,0.399883420345605,0.541680184866161,0.3625,1.08950313748401,0.539412168481683,0.399883420345605
DTLZ4,20,20,22020,"S3_(0.50,0.75]",label_dyn,native,population_h1,retention,H1,20,20,0.497,0.973010285310706,0.502577662541134,0.962,1.01148850465223,0.570574545556281,0.973010285310706
DTLZ4,20,20,22020,"S3_(0.50,0.75]",label_dyn,native,population_h3,retention,H3,20,20,0.497,0.91506165220556,0.510156851191895,0.891,1.02688427444131,0.565839665989541,0.91506165220556
DTLZ4,20,20,22020,"S4_(0.75,1.00]",label_dyn,native,front_final,nondominated,FINAL,21,21,0.516190476190476,1,0.516190476190476,1,1,NaN,NaN
DTLZ4,20,20,22020,"S4_(0.75,1.00]",label_dyn,native,front_h1,nondominated,H1,21,20,0.516190476190476,1,0.5125,1,1,NaN,NaN
DTLZ4,20,20,22020,"S4_(0.75,1.00]",label_dyn,native,front_h3,nondominated,H3,21,18,0.516190476190476,1,0.503888888888889,1,1,NaN,NaN
DTLZ4,20,20,22020,"S4_(0.75,1.00]",label_dyn,native,population_final,retention,FINAL,21,21,0.516190476190476,0.814269392589042,0.541334589731699,0.777619047619048,1.04972710143381,0.581097708247789,0.814269392589042
DTLZ4,20,20,22020,"S4_(0.75,1.00]",label_dyn,native,population_h1,retention,H1,21,20,0.516190476190476,0.980662626737619,0.518522807421609,0.9695,1.01154118166983,0.613844737044138,0.980662626737619
DTLZ4,20,20,22020,"S4_(0.75,1.00]",label_dyn,native,population_h3,retention,H3,21,18,0.516190476190476,0.941872207290313,0.518123691807241,0.916666666666667,1.02741301173583,0.605495427753869,0.941872207290313
DTLZ4,20,21,22021,"S1_[0,0.25]",label_dyn,native,front_final,nondominated,FINAL,5,5,0.364,1,0.364,1,1,NaN,NaN
DTLZ4,20,21,22021,"S1_[0,0.25]",label_dyn,native,front_h1,nondominated,H1,5,5,0.364,1,0.364,1,1,NaN,NaN
DTLZ4,20,21,22021,"S1_[0,0.25]",label_dyn,native,front_h3,nondominated,H3,5,5,0.364,1,0.364,1,1,NaN,NaN
DTLZ4,20,21,22021,"S1_[0,0.25]",label_dyn,native,population_final,retention,FINAL,5,5,0.364,0.131334269492164,0.938095238095238,0.052,2.59925302688461,0.802273154574838,0.131334269492164
DTLZ4,20,21,22021,"S1_[0,0.25]",label_dyn,native,population_h1,retention,H1,5,5,0.364,1,0.386427771556551,0.942,1.06159014557671,0.693213885778275,1
DTLZ4,20,21,22021,"S1_[0,0.25]",label_dyn,native,population_h3,retention,H3,5,5,0.364,1,0.440986244630088,0.826,1.2107664105901,0.720493122315044,1
DTLZ4,20,21,22021,"S2_(0.25,0.50]",label_dyn,native,front_final,nondominated,FINAL,21,21,0.52,1,0.52,1,1,NaN,NaN
DTLZ4,20,21,22021,"S2_(0.25,0.50]",label_dyn,native,front_h1,nondominated,H1,21,21,0.52,1,0.52,1,1,NaN,NaN
DTLZ4,20,21,22021,"S2_(0.25,0.50]",label_dyn,native,front_h3,nondominated,H3,21,21,0.52,1,0.52,1,1,NaN,NaN
DTLZ4,20,21,22021,"S2_(0.25,0.50]",label_dyn,native,population_final,retention,FINAL,21,21,0.52,0.182215321492786,0.737856112558053,0.132380952380952,1.45651322251512,0.623344471437095,0.182215321492786
DTLZ4,20,21,22021,"S2_(0.25,0.50]",label_dyn,native,population_h1,retention,H1,21,21,0.52,0.982860422356984,0.538637710689015,0.946666666666666,1.03922426936943,0.662969648995301,0.982860422356984
DTLZ4,20,21,22021,"S2_(0.25,0.50]",label_dyn,native,population_h3,retention,H3,21,21,0.52,0.937901641128286,0.568758808971062,0.852857142857143,1.10307468045934,0.655713923141478,0.937901641128286
DTLZ4,20,21,22021,"S3_(0.50,0.75]",label_dyn,native,front_final,nondominated,FINAL,20,20,0.5485,1,0.5485,1,1,NaN,NaN
DTLZ4,20,21,22021,"S3_(0.50,0.75]",label_dyn,native,front_h1,nondominated,H1,20,20,0.5485,1,0.5485,1,1,NaN,NaN
DTLZ4,20,21,22021,"S3_(0.50,0.75]",label_dyn,native,front_h3,nondominated,H3,20,20,0.5485,1,0.5485,1,1,NaN,NaN
DTLZ4,20,21,22021,"S3_(0.50,0.75]",label_dyn,native,population_final,retention,FINAL,20,20,0.5485,0.472382430339093,0.674945195597794,0.387,1.23121855001493,0.602128973277184,0.472382430339093
DTLZ4,20,21,22021,"S3_(0.50,0.75]",label_dyn,native,population_h1,retention,H1,20,20,0.5485,0.976449633558807,0.555755902023201,0.9635,1.01344438587447,0.613294617678267,0.976449633558807
DTLZ4,20,21,22021,"S3_(0.50,0.75]",label_dyn,native,population_h3,retention,H3,20,20,0.5485,0.931156872131675,0.569410752979458,0.8965,1.03868466462252,0.603961259495612,0.931156872131675
DTLZ4,20,21,22021,"S4_(0.75,1.00]",label_dyn,native,front_final,nondominated,FINAL,21,21,0.54952380952381,0.997303942272496,0.548845598845599,0.998571428571429,0.998719710809159,0.262626262626263,NaN
DTLZ4,20,21,22021,"S4_(0.75,1.00]",label_dyn,native,front_h1,nondominated,H1,21,20,0.54952380952381,0.999038461538462,0.549257575757576,0.9995,0.999533799533799,0.257575757575758,NaN
DTLZ4,20,21,22021,"S4_(0.75,1.00]",label_dyn,native,front_h3,nondominated,H3,21,18,0.54952380952381,0.996854599317912,0.548653198653199,0.998333333333333,0.998506329277352,0.262626262626263,NaN
DTLZ4,20,21,22021,"S4_(0.75,1.00]",label_dyn,native,population_final,retention,FINAL,21,21,0.54952380952381,0.774763852335298,0.576202651817756,0.748095238095238,1.04722902655993,0.500772533460967,0.774763852335298
DTLZ4,20,21,22021,"S4_(0.75,1.00]",label_dyn,native,population_h1,retention,H1,21,20,0.54952380952381,0.970214560106753,0.552131476765446,0.9655,1.00483734883766,0.54273240504939,0.970214560106753
DTLZ4,20,21,22021,"S4_(0.75,1.00]",label_dyn,native,population_h3,retention,H3,21,18,0.54952380952381,0.925277735030731,0.561755748057763,0.905,1.02217297851302,0.572885634786642,0.925277735030731
DTLZ4,20,22,22022,"S1_[0,0.25]",label_dyn,native,front_final,nondominated,FINAL,5,5,0.368,1,0.368,1,1,NaN,NaN
DTLZ4,20,22,22022,"S1_[0,0.25]",label_dyn,native,front_h1,nondominated,H1,5,5,0.368,1,0.368,1,1,NaN,NaN
DTLZ4,20,22,22022,"S1_[0,0.25]",label_dyn,native,front_h3,nondominated,H3,5,5,0.368,1,0.368,1,1,NaN,NaN
DTLZ4,20,22,22022,"S1_[0,0.25]",label_dyn,native,population_final,retention,FINAL,5,5,0.368,0.109121597356891,1,0.04,2.72803993392229,0.829166666666667,0.109121597356891
DTLZ4,20,22,22022,"S1_[0,0.25]",label_dyn,native,population_h1,retention,H1,5,5,0.368,1,0.390593505039194,0.942,1.06159014557671,0.695296752519597,1
DTLZ4,20,22,22022,"S1_[0,0.25]",label_dyn,native,population_h3,retention,H3,5,5,0.368,0.994444444444444,0.440725270419658,0.83,1.19818414191027,0.714807079654273,0.994444444444444
DTLZ4,20,22,22022,"S2_(0.25,0.50]",label_dyn,native,front_final,nondominated,FINAL,21,21,0.494761904761905,0.988378275934293,0.491842231842232,0.994285714285714,0.99403289055412,0.24452861952862,NaN
DTLZ4,20,22,22022,"S2_(0.25,0.50]",label_dyn,native,front_h1,nondominated,H1,21,21,0.494761904761905,0.999047619047619,0.494521404521405,0.99952380952381,0.999518999518999,0.247474747474747,NaN
DTLZ4,20,22,22022,"S2_(0.25,0.50]",label_dyn,native,front_h3,nondominated,H3,21,21,0.494761904761905,0.997233395535282,0.494064454064454,0.998571428571429,0.99864845147864,0.255892255892256,NaN
DTLZ4,20,22,22022,"S2_(0.25,0.50]",label_dyn,native,population_final,retention,FINAL,21,21,0.494761904761905,0.129657771634373,0.94021164021164,0.0695238095238095,1.91636425537109,0.738983109721458,0.129657771634373
DTLZ4,20,22,22022,"S2_(0.25,0.50]",label_dyn,native,population_h1,retention,H1,21,21,0.494761904761905,0.976531548267464,0.509876981285413,0.947142857142857,1.03124604314956,0.635097220801437,0.976531548267464
DTLZ4,20,22,22022,"S2_(0.25,0.50]",label_dyn,native,population_h3,retention,H3,21,21,0.494761904761905,0.91733099743753,0.532874683920967,0.849523809523809,1.0805443223668,0.622459154337338,0.91733099743753
DTLZ4,20,22,22022,"S3_(0.50,0.75]",label_dyn,native,front_final,nondominated,FINAL,20,20,0.524,1,0.524,1,1,NaN,NaN
DTLZ4,20,22,22022,"S3_(0.50,0.75]",label_dyn,native,front_h1,nondominated,H1,20,20,0.524,1,0.524,1,1,NaN,NaN
DTLZ4,20,22,22022,"S3_(0.50,0.75]",label_dyn,native,front_h3,nondominated,H3,20,20,0.524,1,0.524,1,1,NaN,NaN
DTLZ4,20,22,22022,"S3_(0.50,0.75]",label_dyn,native,population_final,retention,FINAL,20,20,0.524,0.492593399263211,0.743442467517283,0.362,1.42657873586068,0.665356600568886,0.492593399263211
DTLZ4,20,22,22022,"S3_(0.50,0.75]",label_dyn,native,population_h1,retention,H1,20,20,0.524,0.970644891795835,0.535923591324928,0.9495,1.02351107710052,0.593643613844282,0.970644891795835
DTLZ4,20,22,22022,"S3_(0.50,0.75]",label_dyn,native,population_h3,retention,H3,20,20,0.524,0.91431487380544,0.552791327779757,0.867,1.05721068362521,0.599031736967128,0.91431487380544
DTLZ4,20,22,22022,"S4_(0.75,1.00]",label_dyn,native,front_final,nondominated,FINAL,21,21,0.572380952380953,1,0.572380952380953,1,1,NaN,NaN
DTLZ4,20,22,22022,"S4_(0.75,1.00]",label_dyn,native,front_h1,nondominated,H1,21,20,0.572380952380953,1,0.573,1,1,NaN,NaN
DTLZ4,20,22,22022,"S4_(0.75,1.00]",label_dyn,native,front_h3,nondominated,H3,21,18,0.572380952380953,1,0.573888888888889,1,1,NaN,NaN
DTLZ4,20,22,22022,"S4_(0.75,1.00]",label_dyn,native,population_final,retention,FINAL,21,21,0.572380952380953,0.790823737268085,0.604933521425617,0.754285714285714,1.05828369724546,0.553594005219582,0.790823737268085
DTLZ4,20,22,22022,"S4_(0.75,1.00]",label_dyn,native,population_h1,retention,H1,21,20,0.572380952380953,0.973458197011208,0.576428704736856,0.968,1.00565790715937,0.554881019035095,0.973458197011208
DTLZ4,20,22,22022,"S4_(0.75,1.00]",label_dyn,native,population_h3,retention,H3,21,18,0.572380952380953,0.925550018508197,0.586421565839649,0.906666666666667,1.02096543132915,0.563629253338295,0.925550018508197
DTLZ4,20,23,22023,"S1_[0,0.25]",label_dyn,native,front_final,nondominated,FINAL,5,5,0.364,0.977715275083696,0.35959595959596,0.99,0.987591186953228,0.27979797979798,NaN
DTLZ4,20,23,22023,"S1_[0,0.25]",label_dyn,native,front_h1,nondominated,H1,5,5,0.364,1,0.364,1,1,NaN,NaN
DTLZ4,20,23,22023,"S1_[0,0.25]",label_dyn,native,front_h3,nondominated,H3,5,5,0.364,1,0.364,1,1,NaN,NaN
DTLZ4,20,23,22023,"S1_[0,0.25]",label_dyn,native,population_final,retention,FINAL,5,5,0.364,0.323566389355863,0.883246753246753,0.134,2.43596008548162,0.799491972122008,0.323566389355863
DTLZ4,20,23,22023,"S1_[0,0.25]",label_dyn,native,population_h1,retention,H1,5,5,0.364,0.993939393939394,0.38777180266542,0.934,1.06439659631149,0.677219234666043,0.993939393939394
DTLZ4,20,23,22023,"S1_[0,0.25]",label_dyn,native,population_h3,retention,H3,5,5,0.364,1,0.447530771433992,0.814,1.22899470682979,0.723765385716996,1
DTLZ4,20,23,22023,"S2_(0.25,0.50]",label_dyn,native,front_final,nondominated,FINAL,21,21,0.432857142857143,0.996068895643364,0.435305435305435,0.99,1.00613019761956,0.622414622414623,NaN
DTLZ4,20,23,22023,"S2_(0.25,0.50]",label_dyn,native,front_h1,nondominated,H1,21,21,0.432857142857143,1,0.432857142857143,1,1,NaN,NaN
DTLZ4,20,23,22023,"S2_(0.25,0.50]",label_dyn,native,front_h3,nondominated,H3,21,21,0.432857142857143,1,0.432857142857143,1,1,NaN,NaN
DTLZ4,20,23,22023,"S2_(0.25,0.50]",label_dyn,native,population_final,retention,FINAL,21,21,0.432857142857143,0.288863308604736,0.628013345871771,0.204285714285714,1.45003961964853,0.620280021421608,0.288863308604736
DTLZ4,20,23,22023,"S2_(0.25,0.50]",label_dyn,native,population_h1,retention,H1,21,21,0.432857142857143,0.994158222504791,0.452930477314746,0.950952380952381,1.04573151866751,0.697893810085944,0.994158222504791
DTLZ4,20,23,22023,"S2_(0.25,0.50]",label_dyn,native,population_h3,retention,H3,21,21,0.432857142857143,0.97426012275764,0.489276532667504,0.864761904761905,1.12886533071105,0.697405142314913,0.97426012275764
DTLZ4,20,23,22023,"S3_(0.50,0.75]",label_dyn,native,front_final,nondominated,FINAL,20,20,0.533,0.998888888888889,0.533782828282828,0.997,1.00190796857464,0.630471380471381,NaN
DTLZ4,20,23,22023,"S3_(0.50,0.75]",label_dyn,native,front_h1,nondominated,H1,20,20,0.533,0.998888888888889,0.532722222222222,0.9995,0.999382716049383,0.222222222222222,NaN
DTLZ4,20,23,22023,"S3_(0.50,0.75]",label_dyn,native,front_h3,nondominated,H3,20,20,0.533,0.998888888888889,0.533146464646465,0.9985,1.00039281705948,0.548821548821549,NaN
DTLZ4,20,23,22023,"S3_(0.50,0.75]",label_dyn,native,population_final,retention,FINAL,20,20,0.533,0.438604210067883,0.584563368687545,0.402,1.11890235813669,0.537427127222577,0.438604210067883
DTLZ4,20,23,22023,"S3_(0.50,0.75]",label_dyn,native,population_h1,retention,H1,20,20,0.533,0.977493001640928,0.539188704021031,0.966,1.01195778913764,0.598136018677182,0.977493001640928
DTLZ4,20,23,22023,"S3_(0.50,0.75]",label_dyn,native,population_h3,retention,H3,20,20,0.533,0.927608755961511,0.546180035596469,0.9045,1.02569028318937,0.566970304178521,0.927608755961511
DTLZ4,20,23,22023,"S4_(0.75,1.00]",label_dyn,native,front_final,nondominated,FINAL,21,21,0.508571428571429,1,0.508571428571429,1,1,NaN,NaN
DTLZ4,20,23,22023,"S4_(0.75,1.00]",label_dyn,native,front_h1,nondominated,H1,21,20,0.508571428571429,1,0.5025,1,1,NaN,NaN
DTLZ4,20,23,22023,"S4_(0.75,1.00]",label_dyn,native,front_h3,nondominated,H3,21,18,0.508571428571429,1,0.493888888888889,1,1,NaN,NaN
DTLZ4,20,23,22023,"S4_(0.75,1.00]",label_dyn,native,population_final,retention,FINAL,21,21,0.508571428571429,0.799061748157798,0.547953719010492,0.746666666666667,1.07369919761726,0.608307921090356,0.799061748157798
DTLZ4,20,23,22023,"S4_(0.75,1.00]",label_dyn,native,population_h1,retention,H1,21,20,0.508571428571429,0.981911164766002,0.508640403602129,0.97,1.01233495226945,0.605951089615156,0.981911164766002
DTLZ4,20,23,22023,"S4_(0.75,1.00]",label_dyn,native,population_h3,retention,H3,21,18,0.508571428571429,0.941128555242435,0.509678615818351,0.912777777777778,1.03095764703751,0.599606423509625,0.941128555242435
DTLZ4,20,24,22024,"S1_[0,0.25]",label_dyn,native,front_final,nondominated,FINAL,5,5,0.348,1,0.348,1,1,NaN,NaN
DTLZ4,20,24,22024,"S1_[0,0.25]",label_dyn,native,front_h1,nondominated,H1,5,5,0.348,1,0.348,1,1,NaN,NaN
DTLZ4,20,24,22024,"S1_[0,0.25]",label_dyn,native,front_h3,nondominated,H3,5,5,0.348,1,0.348,1,1,NaN,NaN
DTLZ4,20,24,22024,"S1_[0,0.25]",label_dyn,native,population_final,retention,FINAL,5,5,0.348,0.201896718146718,0.931428571428571,0.076,2.68832046332046,0.815284178187404,0.201896718146718
DTLZ4,20,24,22024,"S1_[0,0.25]",label_dyn,native,population_h1,retention,H1,5,5,0.348,0.994285714285714,0.369663692518874,0.936,1.06226100598098,0.670546131973723,0.994285714285714
DTLZ4,20,24,22024,"S1_[0,0.25]",label_dyn,native,population_h3,retention,H3,5,5,0.348,0.982857142857143,0.418096958747365,0.818,1.20153138039317,0.692674210367835,0.982857142857143
DTLZ4,20,24,22024,"S2_(0.25,0.50]",label_dyn,native,front_final,nondominated,FINAL,21,21,0.452380952380952,1,0.452380952380952,1,1,NaN,NaN
DTLZ4,20,24,22024,"S2_(0.25,0.50]",label_dyn,native,front_h1,nondominated,H1,21,21,0.452380952380952,1,0.452380952380952,1,1,NaN,NaN
DTLZ4,20,24,22024,"S2_(0.25,0.50]",label_dyn,native,front_h3,nondominated,H3,21,21,0.452380952380952,1,0.452380952380952,1,1,NaN,NaN
DTLZ4,20,24,22024,"S2_(0.25,0.50]",label_dyn,native,population_final,retention,FINAL,21,21,0.452380952380952,0.293072855842373,0.79312902317104,0.170952380952381,1.79423184167946,0.702932551943908,0.293072855842373
DTLZ4,20,24,22024,"S2_(0.25,0.50]",label_dyn,native,population_h1,retention,H1,21,21,0.452380952380952,0.978420088362086,0.467618345380319,0.945238095238095,1.03566192859091,0.62972159360258,0.978420088362086
DTLZ4,20,24,22024,"S2_(0.25,0.50]",label_dyn,native,population_h3,retention,H3,21,21,0.452380952380952,0.936727365528177,0.495491042926,0.850952380952381,1.10328025924164,0.630568122858689,0.936727365528177
DTLZ4,20,24,22024,"S3_(0.50,0.75]",label_dyn,native,front_final,nondominated,FINAL,20,20,0.5555,1,0.5555,1,1,NaN,NaN
DTLZ4,20,24,22024,"S3_(0.50,0.75]",label_dyn,native,front_h1,nondominated,H1,20,20,0.5555,1,0.5555,1,1,NaN,NaN
DTLZ4,20,24,22024,"S3_(0.50,0.75]",label_dyn,native,front_h3,nondominated,H3,20,20,0.5555,1,0.5555,1,1,NaN,NaN
DTLZ4,20,24,22024,"S3_(0.50,0.75]",label_dyn,native,population_final,retention,FINAL,20,20,0.5555,0.468163430953408,0.698017816480953,0.3725,1.25996396098905,0.615671669005641,0.468163430953408
DTLZ4,20,24,22024,"S3_(0.50,0.75]",label_dyn,native,population_h1,retention,H1,20,20,0.5555,0.971524849986111,0.566077941716424,0.9535,1.01895543428219,0.623574685143926,0.971524849986111
DTLZ4,20,24,22024,"S3_(0.50,0.75]",label_dyn,native,population_h3,retention,H3,20,20,0.5555,0.918101496839415,0.58260769546504,0.875,1.04937284256887,0.611297279545805,0.918101496839415
DTLZ4,20,24,22024,"S4_(0.75,1.00]",label_dyn,native,front_final,nondominated,FINAL,21,21,0.548095238095238,1,0.548095238095238,1,1,NaN,NaN
DTLZ4,20,24,22024,"S4_(0.75,1.00]",label_dyn,native,front_h1,nondominated,H1,21,20,0.548095238095238,1,0.547,1,1,NaN,NaN
DTLZ4,20,24,22024,"S4_(0.75,1.00]",label_dyn,native,front_h3,nondominated,H3,21,18,0.548095238095238,1,0.545555555555556,1,1,NaN,NaN
DTLZ4,20,24,22024,"S4_(0.75,1.00]",label_dyn,native,population_final,retention,FINAL,21,21,0.548095238095238,0.864361410680892,0.619637852694268,0.772857142857143,1.13352386545327,0.650666685831875,0.864361410680892
DTLZ4,20,24,22024,"S4_(0.75,1.00]",label_dyn,native,population_h1,retention,H1,21,20,0.548095238095238,0.977077000184428,0.550061412824013,0.9715,1.00579569073871,0.552256340457785,0.977077000184428
DTLZ4,20,24,22024,"S4_(0.75,1.00]",label_dyn,native,population_h3,retention,H3,21,18,0.548095238095238,0.940923375775976,0.557526745319994,0.920555555555556,1.02259821692623,0.568211887108511,0.940923375775976
DTLZ4,20,25,22025,"S1_[0,0.25]",label_dyn,native,front_final,nondominated,FINAL,5,5,0.428,1,0.428,1,1,NaN,NaN
DTLZ4,20,25,22025,"S1_[0,0.25]",label_dyn,native,front_h1,nondominated,H1,5,5,0.428,1,0.428,1,1,NaN,NaN
DTLZ4,20,25,22025,"S1_[0,0.25]",label_dyn,native,front_h3,nondominated,H3,5,5,0.428,1,0.428,1,1,NaN,NaN
DTLZ4,20,25,22025,"S1_[0,0.25]",label_dyn,native,population_final,retention,FINAL,5,5,0.428,0.0933333333333333,0.74,0.054,1.73333333333333,0.66488241881299,0.0933333333333333
DTLZ4,20,25,22025,"S1_[0,0.25]",label_dyn,native,population_h1,retention,H1,5,5,0.428,0.995238095238095,0.454152367879204,0.938,1.06105173709841,0.710409517272935,0.995238095238095
DTLZ4,20,25,22025,"S1_[0,0.25]",label_dyn,native,population_h3,retention,H3,5,5,0.428,1,0.523215898825655,0.818,1.22252333634447,0.761607949412828,1
DTLZ4,20,25,22025,"S2_(0.25,0.50]",label_dyn,native,front_final,nondominated,FINAL,21,21,0.520476190476191,0.999101527403414,0.52025012025012,0.99952380952381,0.999573452403641,0.262626262626263,NaN
DTLZ4,20,25,22025,"S2_(0.25,0.50]",label_dyn,native,front_h1,nondominated,H1,21,21,0.520476190476191,0.999101527403414,0.52025012025012,0.99952380952381,0.999573452403641,0.262626262626263,NaN
DTLZ4,20,25,22025,"S2_(0.25,0.50]",label_dyn,native,front_h3,nondominated,H3,21,21,0.520476190476191,0.999101527403414,0.52025012025012,0.99952380952381,0.999573452403641,0.262626262626263,NaN
DTLZ4,20,25,22025,"S2_(0.25,0.50]",label_dyn,native,population_final,retention,FINAL,21,21,0.520476190476191,0.124022929468862,0.666653980939695,0.0957142857142857,1.2882286162531,0.58129086814408,0.124022929468862
DTLZ4,20,25,22025,"S2_(0.25,0.50]",label_dyn,native,population_h1,retention,H1,21,21,0.520476190476191,0.973937153036903,0.536413566500181,0.944285714285714,1.03188465466775,0.63288932293263,0.973937153036903
DTLZ4,20,25,22025,"S2_(0.25,0.50]",label_dyn,native,population_h3,retention,H3,21,21,0.520476190476191,0.922165714893163,0.562506890327359,0.851904761904762,1.08410740270345,0.633927241955124,0.922165714893163
DTLZ4,20,25,22025,"S3_(0.50,0.75]",label_dyn,native,front_final,nondominated,FINAL,20,20,0.534,0.999074074074074,0.533767676767677,0.9995,0.999569771791994,0.267676767676768,NaN
DTLZ4,20,25,22025,"S3_(0.50,0.75]",label_dyn,native,front_h1,nondominated,H1,20,20,0.534,0.999074074074074,0.533767676767677,0.9995,0.999569771791994,0.267676767676768,NaN
DTLZ4,20,25,22025,"S3_(0.50,0.75]",label_dyn,native,front_h3,nondominated,H3,20,20,0.534,0.999074074074074,0.533767676767677,0.9995,0.999569771791994,0.267676767676768,NaN
DTLZ4,20,25,22025,"S3_(0.50,0.75]",label_dyn,native,population_final,retention,FINAL,20,20,0.534,0.388645649649812,0.691436205518047,0.3065,1.29419044463424,0.611299112659152,0.388645649649812
DTLZ4,20,25,22025,"S3_(0.50,0.75]",label_dyn,native,population_h1,retention,H1,20,20,0.534,0.964343575906562,0.539288881570458,0.955,1.00986428933743,0.556936107451895,0.964343575906562
DTLZ4,20,25,22025,"S3_(0.50,0.75]",label_dyn,native,population_h3,retention,H3,20,20,0.534,0.907397803259346,0.553137994727743,0.876,1.03609484425636,0.577632517177391,0.907397803259346
DTLZ4,20,25,22025,"S4_(0.75,1.00]",label_dyn,native,front_final,nondominated,FINAL,21,21,0.48,1,0.48,1,1,NaN,NaN
DTLZ4,20,25,22025,"S4_(0.75,1.00]",label_dyn,native,front_h1,nondominated,H1,21,20,0.48,1,0.481,1,1,NaN,NaN
DTLZ4,20,25,22025,"S4_(0.75,1.00]",label_dyn,native,front_h3,nondominated,H3,21,18,0.48,1,0.485555555555556,1,1,NaN,NaN
DTLZ4,20,25,22025,"S4_(0.75,1.00]",label_dyn,native,population_final,retention,FINAL,21,21,0.48,0.758702445070484,0.495927471342234,0.737619047619048,1.03164466512007,0.536964313799969,0.758702445070484
DTLZ4,20,25,22025,"S4_(0.75,1.00]",label_dyn,native,population_h1,retention,H1,21,20,0.48,0.964969173236682,0.480775202312076,0.9655,0.999427243634185,0.495387601156038,0.964969173236682
DTLZ4,20,25,22025,"S4_(0.75,1.00]",label_dyn,native,population_h3,retention,H3,21,18,0.48,0.89431322393041,0.483397743625035,0.898888888888889,0.995116387816627,0.48454661049359,0.89431322393041
DTLZ5,10,1,71001,"S1_[0,0.25]",label_dyn,native,front_final,nondominated,FINAL,5,5,0.53,0.111274509803922,0.651406926406926,0.088,1.29776759188524,0.566143806960226,NaN
DTLZ5,10,1,71001,"S1_[0,0.25]",label_dyn,native,front_h1,nondominated,H1,5,5,0.53,0.825232843137255,0.728663664975923,0.588,1.41734520967862,0.740529154429964,NaN
DTLZ5,10,1,71001,"S1_[0,0.25]",label_dyn,native,front_h3,nondominated,H3,5,5,0.53,0.775894607843137,0.756039238849989,0.528,1.48445502113327,0.738309635646889,NaN
DTLZ5,10,1,71001,"S1_[0,0.25]",label_dyn,native,population_final,retention,FINAL,5,5,0.53,0.0748529411764706,0.653333333333333,0.058,1.31421568627451,0.565266890630832,0.0748529411764706
DTLZ5,10,1,71001,"S1_[0,0.25]",label_dyn,native,population_h1,retention,H1,5,5,0.53,0.98375,0.556059204440333,0.936,1.05102335800185,0.703029602220167,0.98375
DTLZ5,10,1,71001,"S1_[0,0.25]",label_dyn,native,population_h3,retention,H3,5,5,0.53,0.942401960784314,0.615622105588144,0.808,1.1665985628583,0.719715814698834,0.942401960784314
DTLZ5,10,1,71001,"S2_(0.25,0.50]",label_dyn,native,front_final,nondominated,FINAL,21,21,0.365714285714286,0.512574005788719,0.48353921456783,0.411904761904762,1.34254005198205,0.590102244600462,NaN
DTLZ5,10,1,71001,"S2_(0.25,0.50]",label_dyn,native,front_h1,nondominated,H1,21,21,0.365714285714286,0.975214716391187,0.396159109529014,0.907142857142857,1.09024470271621,0.628067858090446,NaN
DTLZ5,10,1,71001,"S2_(0.25,0.50]",label_dyn,native,front_h3,nondominated,H3,21,21,0.365714285714286,0.936480343504337,0.398558924361954,0.864285714285714,1.09753668233305,0.584712552372398,NaN
DTLZ5,10,1,71001,"S2_(0.25,0.50]",label_dyn,native,population_final,retention,FINAL,21,21,0.365714285714286,0.173182072952996,0.631607747994303,0.101904761904762,1.74425208236432,0.647244172481855,0.173182072952996
DTLZ5,10,1,71001,"S2_(0.25,0.50]",label_dyn,native,population_h1,retention,H1,21,21,0.365714285714286,0.981863480182808,0.383145495141501,0.935714285714286,1.04936100948068,0.646839702837706,0.981863480182808
DTLZ5,10,1,71001,"S2_(0.25,0.50]",label_dyn,native,population_h3,retention,H3,21,21,0.365714285714286,0.931681739913717,0.402710920430827,0.841904761904762,1.10750985138295,0.613052083309095,0.931681739913717
DTLZ5,10,1,71001,"S3_(0.50,0.75]",label_dyn,native,front_final,nondominated,FINAL,20,20,0.3785,0.888475809341504,0.41252301253293,0.814,1.09295840714957,0.606218408364911,NaN
DTLZ5,10,1,71001,"S3_(0.50,0.75]",label_dyn,native,front_h1,nondominated,H1,20,20,0.3785,0.991497215821812,0.378550210124396,0.991,1.00053936193983,0.499129863101181,NaN
DTLZ5,10,1,71001,"S3_(0.50,0.75]",label_dyn,native,front_h3,nondominated,H3,20,20,0.3785,0.980485578334162,0.379112466459915,0.9785,1.00220693860672,0.484271680426336,NaN
DTLZ5,10,1,71001,"S3_(0.50,0.75]",label_dyn,native,population_final,retention,FINAL,20,20,0.3785,0.44961899947584,0.559016818297551,0.2985,1.4902184163721,0.631157855811142,0.44961899947584
DTLZ5,10,1,71001,"S3_(0.50,0.75]",label_dyn,native,population_h1,retention,H1,20,20,0.3785,0.966415706794624,0.385653050714945,0.9495,1.01842928783318,0.558143985674933,0.966415706794624
DTLZ5,10,1,71001,"S3_(0.50,0.75]",label_dyn,native,population_h3,retention,H3,20,20,0.3785,0.914383385085354,0.399701975237149,0.8675,1.05628839418097,0.571771149440271,0.914383385085354
DTLZ5,10,1,71001,"S4_(0.75,1.00]",label_dyn,native,front_final,nondominated,FINAL,21,21,0.40047619047619,0.988406126284765,0.407877994583837,0.968571428571429,1.02100934150535,0.662687949035676,NaN
DTLZ5,10,1,71001,"S4_(0.75,1.00]",label_dyn,native,front_h1,nondominated,H1,21,20,0.40047619047619,0.998387096774194,0.400124304267161,0.997,1.0013947905653,0.644248608534323,NaN
DTLZ5,10,1,71001,"S4_(0.75,1.00]",label_dyn,native,front_h3,nondominated,H3,21,18,0.40047619047619,0.994563918757467,0.36933518035629,0.991111111111111,1.00349332245543,0.625734995653994,NaN
DTLZ5,10,1,71001,"S4_(0.75,1.00]",label_dyn,native,population_final,retention,FINAL,21,21,0.40047619047619,0.791452168138646,0.530620168691544,0.598571428571429,1.38063000385582,0.649913974566278,0.791452168138646
DTLZ5,10,1,71001,"S4_(0.75,1.00]",label_dyn,native,population_h1,retention,H1,21,20,0.40047619047619,0.963903412661686,0.411967741370091,0.938,1.03117162153555,0.582214612981964,0.963903412661686
DTLZ5,10,1,71001,"S4_(0.75,1.00]",label_dyn,native,population_h3,retention,H3,21,18,0.40047619047619,0.905530884260221,0.403168783831781,0.833333333333333,1.09635425242632,0.587073224146431,0.905530884260221
DTLZ5,10,2,71002,"S1_[0,0.25]",label_dyn,native,front_final,nondominated,FINAL,5,5,0.558,0.135423387096774,0.713965201465201,0.106,1.33423646805703,0.58616876093148,NaN
DTLZ5,10,2,71002,"S1_[0,0.25]",label_dyn,native,front_h1,nondominated,H1,5,5,0.558,0.832809139784946,0.698494746502337,0.666,1.25194565989235,0.713689840247815,NaN
DTLZ5,10,2,71002,"S1_[0,0.25]",label_dyn,native,front_h3,nondominated,H3,5,5,0.558,0.813541666666667,0.707586753800875,0.64,1.27511568485342,0.71129015939722,NaN
DTLZ5,10,2,71002,"S1_[0,0.25]",label_dyn,native,population_final,retention,FINAL,5,5,0.558,0.0452822580645161,0.9,0.028,1.6135752688172,0.676118153446946,0.0452822580645161
DTLZ5,10,2,71002,"S1_[0,0.25]",label_dyn,native,population_h1,retention,H1,5,5,0.558,0.983655913978495,0.585746968657058,0.936,1.05090737337732,0.716683008138053,0.983655913978495
DTLZ5,10,2,71002,"S1_[0,0.25]",label_dyn,native,population_h3,retention,H3,5,5,0.558,0.929106182795699,0.623295271679051,0.826,1.12454011279467,0.687791426689199,0.929106182795699
DTLZ5,10,2,71002,"S2_(0.25,0.50]",label_dyn,native,front_final,nondominated,FINAL,21,21,0.4,0.606139687419124,0.532604631960592,0.466666666666667,1.34671512109451,0.61667686194324,NaN
DTLZ5,10,2,71002,"S2_(0.25,0.50]",label_dyn,native,front_h1,nondominated,H1,21,21,0.4,0.994285262706315,0.410516735927235,0.968571428571429,1.02998292704463,0.668722516701432,NaN
DTLZ5,10,2,71002,"S2_(0.25,0.50]",label_dyn,native,front_h3,nondominated,H3,21,21,0.4,0.988109554348322,0.416937466532116,0.947619047619048,1.04653819746364,0.663309580543569,NaN
DTLZ5,10,2,71002,"S2_(0.25,0.50]",label_dyn,native,population_final,retention,FINAL,21,21,0.4,0.207713328334801,0.637231332438099,0.136666666666667,1.62692733863347,0.634660830153896,0.207713328334801
DTLZ5,10,2,71002,"S2_(0.25,0.50]",label_dyn,native,population_h1,retention,H1,21,21,0.4,0.973207334226902,0.41185737375605,0.943809523809524,1.03143658468675,0.607679515414568,0.973207334226902
DTLZ5,10,2,71002,"S2_(0.25,0.50]",label_dyn,native,population_h3,retention,H3,21,21,0.4,0.928361403947846,0.435320805308145,0.85,1.09286314462957,0.616370945125672,0.928361403947846
DTLZ5,10,2,71002,"S3_(0.50,0.75]",label_dyn,native,front_final,nondominated,FINAL,20,20,0.4165,0.686824360301468,0.406278971621914,0.7055,0.973860437968746,0.482076771446453,NaN
DTLZ5,10,2,71002,"S3_(0.50,0.75]",label_dyn,native,front_h1,nondominated,H1,20,20,0.4165,0.990642667193157,0.418991845143161,0.984,1.00686997661906,0.572076537619301,NaN
DTLZ5,10,2,71002,"S3_(0.50,0.75]",label_dyn,native,front_h3,nondominated,H3,20,20,0.4165,0.972003557268463,0.424696354902408,0.952,1.02157859617086,0.581886340140123,NaN
DTLZ5,10,2,71002,"S3_(0.50,0.75]",label_dyn,native,population_final,retention,FINAL,20,20,0.4165,0.366456032067101,0.49942157999003,0.3115,1.20442545716642,0.557415161096164,0.366456032067101
DTLZ5,10,2,71002,"S3_(0.50,0.75]",label_dyn,native,population_h1,retention,H1,20,20,0.4165,0.967121219807634,0.427242222329425,0.943,1.02628205052593,0.583155424890202,0.967121219807634
DTLZ5,10,2,71002,"S3_(0.50,0.75]",label_dyn,native,population_h3,retention,H3,20,20,0.4165,0.911349694986866,0.448028955315387,0.848,1.07609796779682,0.605636296180887,0.911349694986866
DTLZ5,10,2,71002,"S4_(0.75,1.00]",label_dyn,native,front_final,nondominated,FINAL,21,21,0.418571428571429,0.920198734846874,0.417682596636346,0.921904761904762,0.997942736549833,0.498608253875879,NaN
DTLZ5,10,2,71002,"S4_(0.75,1.00]",label_dyn,native,front_h1,nondominated,H1,21,20,0.418571428571429,0.982143716910062,0.413022453009926,0.984,0.998134262568146,0.457272453009926,NaN
DTLZ5,10,2,71002,"S4_(0.75,1.00]",label_dyn,native,front_h3,nondominated,H3,21,18,0.418571428571429,0.943489782897495,0.398064952491574,0.952777777777778,0.989997583409219,0.472475335131308,NaN
DTLZ5,10,2,71002,"S4_(0.75,1.00]",label_dyn,native,population_final,retention,FINAL,21,21,0.418571428571429,0.790438769946132,0.458290311714726,0.727619047619048,1.10134105074082,0.577967903914439,0.790438769946132
DTLZ5,10,2,71002,"S4_(0.75,1.00]",label_dyn,native,population_h1,retention,H1,21,20,0.418571428571429,0.9620747746509,0.417883280218548,0.9525,1.01057820036207,0.532157452075086,0.9620747746509
DTLZ5,10,2,71002,"S4_(0.75,1.00]",label_dyn,native,population_h3,retention,H3,21,18,0.418571428571429,0.89117919754234,0.40959988254097,0.873888888888889,1.01991041450228,0.534093069715445,0.89117919754234
DTLZ5,10,3,71003,"S1_[0,0.25]",label_dyn,native,front_final,nondominated,FINAL,5,5,0.366,0.258608269953667,0.616470588235294,0.152,1.67694008628891,0.64884321600126,NaN
DTLZ5,10,3,71003,"S1_[0,0.25]",label_dyn,native,front_h1,nondominated,H1,5,5,0.366,0.812330623306233,0.473579164302273,0.624,1.29887300419208,0.649968182829737,NaN
DTLZ5,10,3,71003,"S1_[0,0.25]",label_dyn,native,front_h3,nondominated,H3,5,5,0.366,0.793685636856369,0.469954564407347,0.612,1.29209355708615,0.641396108475441,NaN
DTLZ5,10,3,71003,"S1_[0,0.25]",label_dyn,native,population_final,retention,FINAL,5,5,0.366,0.0871072646210333,0.73,0.042,2.01531602412798,0.690561672037236,0.0871072646210333
DTLZ5,10,3,71003,"S1_[0,0.25]",label_dyn,native,population_h1,retention,H1,5,5,0.366,1,0.391486873211397,0.934,1.07104641035212,0.695743436605699,1
DTLZ5,10,3,71003,"S1_[0,0.25]",label_dyn,native,population_h3,retention,H3,5,5,0.366,0.96579945799458,0.423859199865665,0.83,1.16382370364151,0.67001783522695,0.96579945799458
DTLZ5,10,3,71003,"S2_(0.25,0.50]",label_dyn,native,front_final,nondominated,FINAL,21,21,0.499047619047619,0.33548722406351,0.561039413028013,0.301904761904762,1.16257241592325,0.539675099071485,NaN
DTLZ5,10,3,71003,"S2_(0.25,0.50]",label_dyn,native,front_h1,nondominated,H1,21,21,0.499047619047619,0.993824984185154,0.512248297113007,0.962857142857143,1.03756369827745,0.61518122478917,NaN
DTLZ5,10,3,71003,"S2_(0.25,0.50]",label_dyn,native,front_h3,nondominated,H3,21,21,0.499047619047619,0.979734574611372,0.513955335075636,0.945714285714286,1.04097748315296,0.577790836628994,NaN
DTLZ5,10,3,71003,"S2_(0.25,0.50]",label_dyn,native,population_final,retention,FINAL,21,21,0.499047619047619,0.125859683223463,0.550134665774869,0.121904761904762,1.17654902417527,0.525157607355907,0.125859683223463
DTLZ5,10,3,71003,"S2_(0.25,0.50]",label_dyn,native,population_h1,retention,H1,21,21,0.499047619047619,0.972304612947232,0.513407749938862,0.942857142857143,1.03143186282016,0.627591717285845,0.972304612947232
DTLZ5,10,3,71003,"S2_(0.25,0.50]",label_dyn,native,population_h3,retention,H3,21,21,0.499047619047619,0.921913400728059,0.53663103174611,0.851428571428572,1.08354405249873,0.622922634555804,0.921913400728059
DTLZ5,10,3,71003,"S3_(0.50,0.75]",label_dyn,native,front_final,nondominated,FINAL,20,20,0.4035,0.532489593765713,0.455105685849447,0.476,1.12752007860591,0.546648893892226,NaN
DTLZ5,10,3,71003,"S3_(0.50,0.75]",label_dyn,native,front_h1,nondominated,H1,20,20,0.4035,0.981004503268203,0.404238289460848,0.9795,1.0014714144295,0.586676749153881,NaN
DTLZ5,10,3,71003,"S3_(0.50,0.75]",label_dyn,native,front_h3,nondominated,H3,20,20,0.4035,0.942584927227397,0.40656078278672,0.9365,1.00643807707518,0.5568393237704,NaN
DTLZ5,10,3,71003,"S3_(0.50,0.75]",label_dyn,native,population_final,retention,FINAL,20,20,0.4035,0.290336200961056,0.449772188205333,0.2595,1.11660244707298,0.531402959275853,0.290336200961056
DTLZ5,10,3,71003,"S3_(0.50,0.75]",label_dyn,native,population_h1,retention,H1,20,20,0.4035,0.953978609134172,0.413675391893327,0.932,1.02483007846813,0.582316432895989,0.953978609134172
DTLZ5,10,3,71003,"S3_(0.50,0.75]",label_dyn,native,population_h3,retention,H3,20,20,0.4035,0.884940417829407,0.42820875427666,0.837,1.06019789065298,0.565647287236774,0.884940417829407
DTLZ5,10,3,71003,"S4_(0.75,1.00]",label_dyn,native,front_final,nondominated,FINAL,21,21,0.446190476190476,0.850673219284764,0.455451636709379,0.83,1.02189395477757,0.567452948610554,NaN
DTLZ5,10,3,71003,"S4_(0.75,1.00]",label_dyn,native,front_h1,nondominated,H1,21,20,0.446190476190476,0.989887820512821,0.453338674309274,0.9805,1.00970958458604,0.650837784146617,NaN
DTLZ5,10,3,71003,"S4_(0.75,1.00]",label_dyn,native,front_h3,nondominated,H3,21,18,0.446190476190476,0.962456775658536,0.462092131743324,0.943888888888889,1.01943165273105,0.622754357579954,NaN
DTLZ5,10,3,71003,"S4_(0.75,1.00]",label_dyn,native,population_final,retention,FINAL,21,21,0.446190476190476,0.681181357379906,0.492994665772288,0.624285714285714,1.09682832768334,0.57575549830708,0.681181357379906
DTLZ5,10,3,71003,"S4_(0.75,1.00]",label_dyn,native,population_h1,retention,H1,21,20,0.446190476190476,0.956749194616007,0.458020686488997,0.939,1.01920075888469,0.582876060860216,0.956749194616007
DTLZ5,10,3,71003,"S4_(0.75,1.00]",label_dyn,native,population_h3,retention,H3,21,18,0.446190476190476,0.881160648257659,0.477889269479286,0.838888888888889,1.0515610616287,0.571653841716781,0.881160648257659
DTLZ5,10,4,71004,"S1_[0,0.25]",label_dyn,native,front_final,nondominated,FINAL,5,5,0.416,0.156830914183855,0.391165501165501,0.164,0.943647855412561,0.485836406662979,NaN
DTLZ5,10,4,71004,"S1_[0,0.25]",label_dyn,native,front_h1,nondominated,H1,5,5,0.416,0.867509549274255,0.52207428142912,0.696,1.25325468589226,0.66843665957861,NaN
DTLZ5,10,4,71004,"S1_[0,0.25]",label_dyn,native,front_h3,nondominated,H3,5,5,0.416,0.849868856633562,0.523821512430452,0.678,1.25902925714417,0.663649107953578,NaN
DTLZ5,10,4,71004,"S1_[0,0.25]",label_dyn,native,population_final,retention,FINAL,5,5,0.416,0.0293563789152024,0.533333333333333,0.022,1.30115227909346,0.560144470159198,0.0293563789152024
DTLZ5,10,4,71004,"S1_[0,0.25]",label_dyn,native,population_h1,retention,H1,5,5,0.416,0.981617647058824,0.433146696528555,0.942,1.04203445095843,0.649906681597611,0.981617647058824
DTLZ5,10,4,71004,"S1_[0,0.25]",label_dyn,native,population_h3,retention,H3,5,5,0.416,0.934101094983448,0.464224580222921,0.836,1.11729425543448,0.647749545013421,0.934101094983448
DTLZ5,10,4,71004,"S2_(0.25,0.50]",label_dyn,native,front_final,nondominated,FINAL,21,21,0.404761904761905,0.501400112945492,0.403174392209286,0.502857142857143,0.979078596518479,0.507739937534708,NaN
DTLZ5,10,4,71004,"S2_(0.25,0.50]",label_dyn,native,front_h1,nondominated,H1,21,21,0.404761904761905,0.968752665663992,0.411034557986508,0.954761904761905,1.01616137073441,0.591631309631027,NaN
DTLZ5,10,4,71004,"S2_(0.25,0.50]",label_dyn,native,front_h3,nondominated,H3,21,21,0.404761904761905,0.916471971765692,0.407734972936073,0.910952380952381,1.00554593116719,0.543100986885747,NaN
DTLZ5,10,4,71004,"S2_(0.25,0.50]",label_dyn,native,population_final,retention,FINAL,21,21,0.404761904761905,0.138068104888921,0.497448275306524,0.10047619047619,1.21117775694985,0.556733963676123,0.138068104888921
DTLZ5,10,4,71004,"S2_(0.25,0.50]",label_dyn,native,population_h1,retention,H1,21,21,0.404761904761905,0.960383956266217,0.412210055642221,0.940952380952381,1.02030910219327,0.576399812401609,0.960383956266217
DTLZ5,10,4,71004,"S2_(0.25,0.50]",label_dyn,native,population_h3,retention,H3,21,21,0.404761904761905,0.870543137111749,0.416078850963295,0.847142857142857,1.02764340023755,0.538638420794818,0.870543137111749
DTLZ5,10,4,71004,"S3_(0.50,0.75]",label_dyn,native,front_final,nondominated,FINAL,20,20,0.3775,0.830906891901301,0.419278462318996,0.7485,1.11003340223906,0.585200409926445,NaN
DTLZ5,10,4,71004,"S3_(0.50,0.75]",label_dyn,native,front_h1,nondominated,H1,20,20,0.3775,0.995833333333333,0.380723839328148,0.988,1.00797178853277,0.669402953329345,NaN
DTLZ5,10,4,71004,"S3_(0.50,0.75]",label_dyn,native,front_h3,nondominated,H3,20,20,0.3775,0.983728194103194,0.384355345404823,0.9665,1.01791754180729,0.613288783813523,NaN
DTLZ5,10,4,71004,"S3_(0.50,0.75]",label_dyn,native,population_final,retention,FINAL,20,20,0.3775,0.257857012890491,0.396132797757798,0.2685,0.979764448506328,0.510106305949577,0.257857012890491
DTLZ5,10,4,71004,"S3_(0.50,0.75]",label_dyn,native,population_h1,retention,H1,20,20,0.3775,0.953895213122104,0.381408740203609,0.944,1.01076250446002,0.521061512958948,0.953895213122104
DTLZ5,10,4,71004,"S3_(0.50,0.75]",label_dyn,native,population_h3,retention,H3,20,20,0.3775,0.891989005156632,0.390601300152348,0.861,1.03613900160037,0.547077774095945,0.891989005156632
DTLZ5,10,4,71004,"S4_(0.75,1.00]",label_dyn,native,front_final,nondominated,FINAL,21,21,0.389523809523809,0.972347044582568,0.402951416758153,0.940952380952381,1.03594005434593,0.650209803517087,NaN
DTLZ5,10,4,71004,"S4_(0.75,1.00]",label_dyn,native,front_h1,nondominated,H1,21,20,0.389523809523809,0.994,0.392977409941599,0.9925,1.00150061076733,0.55187249039276,NaN
DTLZ5,10,4,71004,"S4_(0.75,1.00]",label_dyn,native,front_h3,nondominated,H3,21,18,0.389523809523809,0.986646150749412,0.402471305047097,0.976111111111111,1.0111998766954,0.571491673826413,NaN
DTLZ5,10,4,71004,"S4_(0.75,1.00]",label_dyn,native,population_final,retention,FINAL,21,21,0.389523809523809,0.685452760522075,0.41413365145018,0.652380952380952,1.05666223619759,0.536150369266021,0.685452760522075
DTLZ5,10,4,71004,"S4_(0.75,1.00]",label_dyn,native,population_h1,retention,H1,21,20,0.389523809523809,0.952365727525545,0.39826595311007,0.9405,1.01309591259963,0.544966893455128,0.952365727525545
DTLZ5,10,4,71004,"S4_(0.75,1.00]",label_dyn,native,population_h3,retention,H3,21,18,0.389523809523809,0.880696003926939,0.414426998171696,0.848888888888889,1.04044377410384,0.544285678449694,0.880696003926939
DTLZ5,10,5,71005,"S1_[0,0.25]",label_dyn,native,front_final,nondominated,FINAL,5,5,0.47,0.352143011387799,0.753754722289205,0.222,1.61698691329204,0.681690244495789,NaN
DTLZ5,10,5,71005,"S1_[0,0.25]",label_dyn,native,front_h1,nondominated,H1,5,5,0.47,0.913997025899099,0.611853425705885,0.702,1.30679700100555,0.747631086910258,NaN
DTLZ5,10,5,71005,"S1_[0,0.25]",label_dyn,native,front_h3,nondominated,H3,5,5,0.47,0.913997025899099,0.628130932817079,0.684,1.34416355452875,0.759109963791772,NaN
DTLZ5,10,5,71005,"S1_[0,0.25]",label_dyn,native,population_final,retention,FINAL,5,5,0.47,0.108957997083398,0.850555555555556,0.062,1.83806300906775,0.702009479523782,0.108957997083398
DTLZ5,10,5,71005,"S1_[0,0.25]",label_dyn,native,population_h1,retention,H1,5,5,0.47,0.97939090529829,0.48936170212766,0.94,1.04190521840244,0.661347517730496,0.97939090529829
DTLZ5,10,5,71005,"S1_[0,0.25]",label_dyn,native,population_h3,retention,H3,5,5,0.47,0.937416108114237,0.539024390243902,0.82,1.14319037574907,0.691734417344173,0.937416108114237
DTLZ5,10,5,71005,"S2_(0.25,0.50]",label_dyn,native,front_final,nondominated,FINAL,21,21,0.567142857142857,0.533979927304527,0.628504463287052,0.495238095238095,1.10389292109566,0.550759891143437,NaN
DTLZ5,10,5,71005,"S2_(0.25,0.50]",label_dyn,native,front_h1,nondominated,H1,21,21,0.567142857142857,0.986528977352449,0.578126149098171,0.970476190476191,1.01797559470054,0.695104426250049,NaN
DTLZ5,10,5,71005,"S2_(0.25,0.50]",label_dyn,native,front_h3,nondominated,H3,21,21,0.567142857142857,0.958124238690309,0.581674330755215,0.936666666666667,1.02420748542792,0.639064545373455,NaN
DTLZ5,10,5,71005,"S2_(0.25,0.50]",label_dyn,native,population_final,retention,FINAL,21,21,0.567142857142857,0.171043082651589,0.664149711330162,0.145714285714286,1.17350679668548,0.5567991713788,0.171043082651589
DTLZ5,10,5,71005,"S2_(0.25,0.50]",label_dyn,native,population_h1,retention,H1,21,21,0.567142857142857,0.954423797203006,0.582751678918316,0.928571428571429,1.02796020222371,0.616575408408727,0.954423797203006
DTLZ5,10,5,71005,"S2_(0.25,0.50]",label_dyn,native,population_h3,retention,H3,21,21,0.567142857142857,0.870544070528475,0.599241673573551,0.823809523809524,1.05643764775007,0.595237315701574,0.870544070528475
DTLZ5,10,5,71005,"S3_(0.50,0.75]",label_dyn,native,front_final,nondominated,FINAL,20,20,0.416,0.851588761252867,0.467300070295067,0.7505,1.14032812299913,0.599648103649673,NaN
DTLZ5,10,5,71005,"S3_(0.50,0.75]",label_dyn,native,front_h1,nondominated,H1,20,20,0.416,1,0.419047632347172,0.992,1.00831920255883,0.696719591496857,NaN
DTLZ5,10,5,71005,"S3_(0.50,0.75]",label_dyn,native,front_h3,nondominated,H3,20,20,0.416,0.999122807017544,0.425194301873946,0.975,1.02560161987776,0.698871438671216,NaN
DTLZ5,10,5,71005,"S3_(0.50,0.75]",label_dyn,native,population_final,retention,FINAL,20,20,0.416,0.444872199785814,0.517436790305588,0.359,1.25991503103246,0.578609959278137,0.444872199785814
DTLZ5,10,5,71005,"S3_(0.50,0.75]",label_dyn,native,population_h1,retention,H1,20,20,0.416,0.963489314556877,0.42097957024557,0.952,1.0127577431761,0.558138594646594,0.963489314556877
DTLZ5,10,5,71005,"S3_(0.50,0.75]",label_dyn,native,population_h3,retention,H3,20,20,0.416,0.899042524338877,0.429878230248873,0.869,1.03700611581562,0.553725120785442,0.899042524338877
DTLZ5,10,5,71005,"S4_(0.75,1.00]",label_dyn,native,front_final,nondominated,FINAL,21,21,0.387619047619048,0.933891696408889,0.400394210066594,0.904761904761905,1.03316275470518,0.572290293618295,NaN
DTLZ5,10,5,71005,"S4_(0.75,1.00]",label_dyn,native,front_h1,nondominated,H1,21,20,0.387619047619048,0.993385780885781,0.391578106004827,0.9885,1.00505902289469,0.605179377042401,NaN
DTLZ5,10,5,71005,"S4_(0.75,1.00]",label_dyn,native,front_h3,nondominated,H3,21,18,0.387619047619048,0.982054241302209,0.395648424787246,0.97,1.01271348444408,0.599966255449548,NaN
DTLZ5,10,5,71005,"S4_(0.75,1.00]",label_dyn,native,population_final,retention,FINAL,21,21,0.387619047619048,0.732348233183783,0.412484360374402,0.70047619047619,1.05976965874337,0.514581374000044,0.732348233183783
DTLZ5,10,5,71005,"S4_(0.75,1.00]",label_dyn,native,population_h1,retention,H1,21,20,0.387619047619048,0.961797318875705,0.391479863968388,0.9585,1.00369330887323,0.492466122460384,0.961797318875705
DTLZ5,10,5,71005,"S4_(0.75,1.00]",label_dyn,native,population_h3,retention,H3,21,18,0.387619047619048,0.906216101075964,0.395252501609798,0.896666666666667,1.01104899265737,0.515589036476018,0.906216101075964
DTLZ5,10,6,71006,"S1_[0,0.25]",label_dyn,native,front_final,nondominated,FINAL,5,5,0.384,0.344269005847953,0.57210989646877,0.236,1.49611901201896,0.620681473601981,NaN
DTLZ5,10,6,71006,"S1_[0,0.25]",label_dyn,native,front_h1,nondominated,H1,5,5,0.384,0.979480431848853,0.485932343054579,0.78,1.26734843309865,0.720073654836819,NaN
DTLZ5,10,6,71006,"S1_[0,0.25]",label_dyn,native,front_h3,nondominated,H3,5,5,0.384,0.968796671165092,0.486191258540656,0.77,1.26771175280305,0.712835688337433,NaN
DTLZ5,10,6,71006,"S1_[0,0.25]",label_dyn,native,population_final,retention,FINAL,5,5,0.384,0.0625416104363473,0.48,0.05,1.25247413405308,0.55052071668533,0.0625416104363473
DTLZ5,10,6,71006,"S1_[0,0.25]",label_dyn,native,population_h1,retention,H1,5,5,0.384,1,0.408529422389192,0.94,1.06387795157076,0.704264711194596,1
DTLZ5,10,6,71006,"S1_[0,0.25]",label_dyn,native,population_h3,retention,H3,5,5,0.384,1,0.456331995518267,0.842,1.18839699478755,0.728165997759134,1
DTLZ5,10,6,71006,"S2_(0.25,0.50]",label_dyn,native,front_final,nondominated,FINAL,21,21,0.39,0.487402186819841,0.447441677011363,0.42952380952381,1.14080766910504,0.550199768823395,NaN
DTLZ5,10,6,71006,"S2_(0.25,0.50]",label_dyn,native,front_h1,nondominated,H1,21,21,0.39,0.979258148451175,0.393189827774029,0.972380952380952,1.00738056206827,0.503994784203725,NaN
DTLZ5,10,6,71006,"S2_(0.25,0.50]",label_dyn,native,front_h3,nondominated,H3,21,21,0.39,0.940489773744746,0.394609369674677,0.930952380952381,1.01087809255877,0.498418782380008,NaN
DTLZ5,10,6,71006,"S2_(0.25,0.50]",label_dyn,native,population_final,retention,FINAL,21,21,0.39,0.161119597206311,0.504844626273198,0.123333333333333,1.30772174346746,0.565677895101491,0.161119597206311
DTLZ5,10,6,71006,"S2_(0.25,0.50]",label_dyn,native,population_h1,retention,H1,21,21,0.39,0.962798942274421,0.397837575177092,0.942857142857143,1.02118628482344,0.570375703688319,0.962798942274421
DTLZ5,10,6,71006,"S2_(0.25,0.50]",label_dyn,native,population_h3,retention,H3,21,21,0.39,0.877590005875236,0.401083145861561,0.852857142857143,1.0288551776017,0.540966346181184,0.877590005875236
DTLZ5,10,6,71006,"S3_(0.50,0.75]",label_dyn,native,front_final,nondominated,FINAL,20,20,0.482,0.761916910973595,0.512971234093534,0.711,1.07124005737919,0.557428918539978,NaN
DTLZ5,10,6,71006,"S3_(0.50,0.75]",label_dyn,native,front_h1,nondominated,H1,20,20,0.482,0.988876064357433,0.481134746257799,0.9905,0.99828973809583,0.463297866212369,NaN
DTLZ5,10,6,71006,"S3_(0.50,0.75]",label_dyn,native,front_h3,nondominated,H3,20,20,0.482,0.969364316153872,0.479695110750421,0.9745,0.994498952910484,0.494869672990444,NaN
DTLZ5,10,6,71006,"S3_(0.50,0.75]",label_dyn,native,population_final,retention,FINAL,20,20,0.482,0.41997056203659,0.624538040789399,0.3225,1.31156826564135,0.6058630588359,0.41997056203659
DTLZ5,10,6,71006,"S3_(0.50,0.75]",label_dyn,native,population_h1,retention,H1,20,20,0.482,0.957031073703464,0.486171132963632,0.947,1.01067322819194,0.541002233148483,0.957031073703464
DTLZ5,10,6,71006,"S3_(0.50,0.75]",label_dyn,native,population_h3,retention,H3,20,20,0.482,0.883719562226849,0.493110170660258,0.8605,1.02685694452229,0.542635123712799,0.883719562226849
DTLZ5,10,6,71006,"S4_(0.75,1.00]",label_dyn,native,front_final,nondominated,FINAL,21,21,0.569047619047619,0.923114684408419,0.586687498681226,0.895714285714285,1.03096696738195,0.61784699080814,NaN
DTLZ5,10,6,71006,"S4_(0.75,1.00]",label_dyn,native,front_h1,nondominated,H1,21,20,0.569047619047619,0.995613728815438,0.571588581879175,0.991,1.00468543003928,0.697691016902787,NaN
DTLZ5,10,6,71006,"S4_(0.75,1.00]",label_dyn,native,front_h3,nondominated,H3,21,18,0.569047619047619,0.985728718747176,0.575959310054447,0.970555555555556,1.01579874988469,0.670866992858007,NaN
DTLZ5,10,6,71006,"S4_(0.75,1.00]",label_dyn,native,population_final,retention,FINAL,21,21,0.569047619047619,0.728671808630372,0.635430236008709,0.654761904761905,1.1178701058813,0.598160357722839,0.728671808630372
DTLZ5,10,6,71006,"S4_(0.75,1.00]",label_dyn,native,population_h1,retention,H1,21,20,0.569047619047619,0.960545357788606,0.58173327886685,0.94,1.02289153519668,0.646799809524204,0.960545357788606
DTLZ5,10,6,71006,"S4_(0.75,1.00]",label_dyn,native,population_h3,retention,H3,21,18,0.569047619047619,0.912616752187744,0.595288594401951,0.868333333333333,1.05158509231539,0.617012574981988,0.912616752187744
DTLZ5,10,7,71007,"S1_[0,0.25]",label_dyn,native,front_final,nondominated,FINAL,5,5,0.382,0.191638705471288,0.431227840076945,0.172,1.11857748256036,0.529594007876223,NaN
DTLZ5,10,7,71007,"S1_[0,0.25]",label_dyn,native,front_h1,nondominated,H1,5,5,0.382,0.851397652676872,0.446236323563443,0.732,1.16485597759409,0.621686931721459,NaN
DTLZ5,10,7,71007,"S1_[0,0.25]",label_dyn,native,front_h3,nondominated,H3,5,5,0.382,0.845337046616266,0.451583598907474,0.72,1.17765225476471,0.624684685846623,NaN
DTLZ5,10,7,71007,"S1_[0,0.25]",label_dyn,native,population_final,retention,FINAL,5,5,0.382,0.0364570263038783,0.55,0.022,1.45699765665733,0.586828746650175,0.0364570263038783
DTLZ5,10,7,71007,"S1_[0,0.25]",label_dyn,native,population_h1,retention,H1,5,5,0.382,0.972687076153058,0.395744680851064,0.94,1.03477348526921,0.614539007092199,0.972687076153058
DTLZ5,10,7,71007,"S1_[0,0.25]",label_dyn,native,population_h3,retention,H3,5,5,0.382,0.934769328053801,0.428339140534263,0.836,1.11847500848755,0.639864014711576,0.934769328053801
DTLZ5,10,7,71007,"S2_(0.25,0.50]",label_dyn,native,front_final,nondominated,FINAL,21,21,0.465714285714286,0.499857513537287,0.576395556268361,0.400952380952381,1.24621772424198,0.593356603468223,NaN
DTLZ5,10,7,71007,"S2_(0.25,0.50]",label_dyn,native,front_h1,nondominated,H1,21,21,0.465714285714286,0.985761805528163,0.471790843751623,0.977142857142857,1.00926567467928,0.628882348158362,NaN
DTLZ5,10,7,71007,"S2_(0.25,0.50]",label_dyn,native,front_h3,nondominated,H3,21,21,0.465714285714286,0.967947695812757,0.474279958745739,0.952857142857142,1.01624768212585,0.597792226647265,NaN
DTLZ5,10,7,71007,"S2_(0.25,0.50]",label_dyn,native,population_final,retention,FINAL,21,21,0.465714285714286,0.192946534376768,0.673397754595234,0.134761904761905,1.46532789612875,0.619179855549896,0.192946534376768
DTLZ5,10,7,71007,"S2_(0.25,0.50]",label_dyn,native,population_h1,retention,H1,21,21,0.465714285714286,0.967809100912206,0.476439319149452,0.947619047619048,1.02128880354713,0.61428387313894,0.967809100912206
DTLZ5,10,7,71007,"S2_(0.25,0.50]",label_dyn,native,population_h3,retention,H3,21,21,0.465714285714286,0.907122704683051,0.491657404062998,0.86,1.05527663091848,0.58960216825355,0.907122704683051
DTLZ5,10,7,71007,"S3_(0.50,0.75]",label_dyn,native,front_final,nondominated,FINAL,20,20,0.432,0.712090224620397,0.463391713246199,0.667,1.07916190918404,0.534578870386531,NaN
DTLZ5,10,7,71007,"S3_(0.50,0.75]",label_dyn,native,front_h1,nondominated,H1,20,20,0.432,0.978931463023386,0.431655223960083,0.9795,0.999421205827296,0.475054532604405,NaN
DTLZ5,10,7,71007,"S3_(0.50,0.75]",label_dyn,native,front_h3,nondominated,H3,20,20,0.432,0.944325057033765,0.432272193664176,0.942,1.002170440639,0.513403182787618,NaN
DTLZ5,10,7,71007,"S3_(0.50,0.75]",label_dyn,native,population_final,retention,FINAL,20,20,0.432,0.35067638593419,0.521780033556803,0.2915,1.20800960144404,0.563152546547951,0.35067638593419
DTLZ5,10,7,71007,"S3_(0.50,0.75]",label_dyn,native,population_h1,retention,H1,20,20,0.432,0.947300963564551,0.436400775607767,0.9395,1.00942898140336,0.50472379860361,0.947300963564551
DTLZ5,10,7,71007,"S3_(0.50,0.75]",label_dyn,native,population_h3,retention,H3,20,20,0.432,0.879601259184845,0.449023880243315,0.8455,1.04306588761243,0.54231034894687,0.879601259184845
DTLZ5,10,7,71007,"S4_(0.75,1.00]",label_dyn,native,front_final,nondominated,FINAL,21,21,0.394761904761905,0.968706150946364,0.414633618504734,0.920952380952381,1.05206946494529,0.651913418945754,NaN
DTLZ5,10,7,71007,"S4_(0.75,1.00]",label_dyn,native,front_h1,nondominated,H1,21,20,0.394761904761905,0.998717948717949,0.383422045373173,0.995,1.00385892303186,0.639844090746346,NaN
DTLZ5,10,7,71007,"S4_(0.75,1.00]",label_dyn,native,front_h3,nondominated,H3,21,18,0.394761904761905,0.995258009963892,0.383967572580422,0.989444444444445,1.00595909354645,0.620404148655713,NaN
DTLZ5,10,7,71007,"S4_(0.75,1.00]",label_dyn,native,population_final,retention,FINAL,21,21,0.394761904761905,0.691061776157946,0.479425034473887,0.573333333333333,1.22206736484843,0.612172803765463,0.691061776157946
DTLZ5,10,7,71007,"S4_(0.75,1.00]",label_dyn,native,population_h1,retention,H1,21,20,0.394761904761905,0.963325789412873,0.392412461244576,0.939,1.02720727331322,0.579282211014445,0.963325789412873
DTLZ5,10,7,71007,"S4_(0.75,1.00]",label_dyn,native,population_h3,retention,H3,21,18,0.394761904761905,0.915341720328002,0.410270569310225,0.852777777777778,1.07595641404281,0.593393389942203,0.915341720328002
DTLZ5,10,8,71008,"S1_[0,0.25]",label_dyn,native,front_final,nondominated,FINAL,5,5,0.55,0.398662740768004,0.699825562620481,0.324,1.24620217966742,0.607060608153406,NaN
DTLZ5,10,8,71008,"S1_[0,0.25]",label_dyn,native,front_h1,nondominated,H1,5,5,0.55,0.908595877806404,0.628427136967344,0.802,1.1345169942632,0.692763841739828,NaN
DTLZ5,10,8,71008,"S1_[0,0.25]",label_dyn,native,front_h3,nondominated,H3,5,5,0.55,0.815823211875843,0.617629107981221,0.738,1.10654187423646,0.625915539212285,NaN
DTLZ5,10,8,71008,"S1_[0,0.25]",label_dyn,native,population_final,retention,FINAL,5,5,0.55,0.043801374064532,0.933333333333333,0.024,1.76463010673537,0.69651097552423,0.043801374064532
DTLZ5,10,8,71008,"S1_[0,0.25]",label_dyn,native,population_h1,retention,H1,5,5,0.55,0.984848484848485,0.573881684306855,0.94,1.04775931843085,0.703607508820094,0.984848484848485
DTLZ5,10,8,71008,"S1_[0,0.25]",label_dyn,native,population_h3,retention,H3,5,5,0.55,0.903642497853024,0.595438898450947,0.836,1.08070146228041,0.640366508049003,0.903642497853024
DTLZ5,10,8,71008,"S2_(0.25,0.50]",label_dyn,native,front_final,nondominated,FINAL,21,21,0.460952380952381,0.590496409808352,0.501797441627215,0.556190476190476,1.07586421466554,0.537770352266167,NaN
DTLZ5,10,8,71008,"S2_(0.25,0.50]",label_dyn,native,front_h1,nondominated,H1,21,21,0.460952380952381,0.968055480096218,0.466709976769651,0.959047619047619,1.01043274679193,0.527935501769125,NaN
DTLZ5,10,8,71008,"S2_(0.25,0.50]",label_dyn,native,front_h3,nondominated,H3,21,21,0.460952380952381,0.930070045695405,0.467635094408513,0.92047619047619,1.01083587205358,0.574101106133785,NaN
DTLZ5,10,8,71008,"S2_(0.25,0.50]",label_dyn,native,population_final,retention,FINAL,21,21,0.460952380952381,0.166328830482943,0.685992380635238,0.114285714285714,1.53240497897478,0.624573913231441,0.166328830482943
DTLZ5,10,8,71008,"S2_(0.25,0.50]",label_dyn,native,population_h1,retention,H1,21,21,0.460952380952381,0.941286546031782,0.468458718726746,0.926666666666667,1.01572795685699,0.564685708569722,0.941286546031782
DTLZ5,10,8,71008,"S2_(0.25,0.50]",label_dyn,native,population_h3,retention,H3,21,21,0.460952380952381,0.848680248810198,0.481529062370107,0.816190476190476,1.03822756668745,0.564829900643243,0.848680248810198
DTLZ5,10,8,71008,"S3_(0.50,0.75]",label_dyn,native,front_final,nondominated,FINAL,20,20,0.438,0.875785293986363,0.437051019458687,0.875,1.00089334972675,0.492960460743242,NaN
DTLZ5,10,8,71008,"S3_(0.50,0.75]",label_dyn,native,front_h1,nondominated,H1,20,20,0.438,0.993931475029036,0.437697364310495,0.9945,0.999355832822609,0.52739472862099,NaN
DTLZ5,10,8,71008,"S3_(0.50,0.75]",label_dyn,native,front_h3,nondominated,H3,20,20,0.438,0.984169570267131,0.437922366996934,0.984,0.999961560821954,0.597755700330267,NaN
DTLZ5,10,8,71008,"S3_(0.50,0.75]",label_dyn,native,population_final,retention,FINAL,20,20,0.438,0.363028539916192,0.560283865876546,0.286,1.30650608401766,0.583360095332297,0.363028539916192
DTLZ5,10,8,71008,"S3_(0.50,0.75]",label_dyn,native,population_h1,retention,H1,20,20,0.438,0.959614839771468,0.444689449193538,0.946,1.01567420409091,0.565373674813219,0.959614839771468
DTLZ5,10,8,71008,"S3_(0.50,0.75]",label_dyn,native,population_h3,retention,H3,20,20,0.438,0.904201494548219,0.461079932534007,0.8605,1.05520203807781,0.570051392026161,0.904201494548219
DTLZ5,10,8,71008,"S4_(0.75,1.00]",label_dyn,native,front_final,nondominated,FINAL,21,21,0.52047619047619,0.971353218115027,0.51826260880461,0.975714285714286,0.995477781319972,0.402519070309162,NaN
DTLZ5,10,8,71008,"S4_(0.75,1.00]",label_dyn,native,front_h1,nondominated,H1,21,20,0.52047619047619,0.993990652204938,0.521690875592661,0.9945,0.999483209791652,0.454484792654435,NaN
DTLZ5,10,8,71008,"S4_(0.75,1.00]",label_dyn,native,front_h3,nondominated,H3,21,18,0.52047619047619,0.980279664926945,0.521631917739884,0.982777777777778,0.997456595607676,0.449365508453845,NaN
DTLZ5,10,8,71008,"S4_(0.75,1.00]",label_dyn,native,population_final,retention,FINAL,21,21,0.52047619047619,0.640792300179255,0.498836875602662,0.673333333333333,0.956520655250921,0.462354034534947,0.640792300179255
DTLZ5,10,8,71008,"S4_(0.75,1.00]",label_dyn,native,population_h1,retention,H1,21,20,0.52047619047619,0.962884577414912,0.523441441354031,0.96,1.00300482946923,0.516065670888086,0.962884577414912
DTLZ5,10,8,71008,"S4_(0.75,1.00]",label_dyn,native,population_h3,retention,H3,21,18,0.52047619047619,0.89005583909309,0.525379588550498,0.885555555555556,1.00528365475278,0.50911828862041,0.89005583909309
DTLZ5,10,9,71009,"S1_[0,0.25]",label_dyn,native,front_final,nondominated,FINAL,5,5,0.58,0.282442067736185,0.777581044113552,0.208,1.36545915194006,0.625044350831598,NaN
DTLZ5,10,9,71009,"S1_[0,0.25]",label_dyn,native,front_h1,nondominated,H1,5,5,0.58,0.893784059078177,0.68764650285139,0.742,1.21658957808153,0.704421345088305,NaN
DTLZ5,10,9,71009,"S1_[0,0.25]",label_dyn,native,front_h3,nondominated,H3,5,5,0.58,0.887985739750446,0.695526474545542,0.728,1.23377733816126,0.708831153274897,NaN
DTLZ5,10,9,71009,"S1_[0,0.25]",label_dyn,native,population_final,retention,FINAL,5,5,0.58,0.103081232492997,0.854761904761905,0.07,1.47945845004669,0.648076302415269,0.103081232492997
DTLZ5,10,9,71009,"S1_[0,0.25]",label_dyn,native,population_h1,retention,H1,5,5,0.58,0.990017825311943,0.609204927211646,0.942,1.05103867873119,0.747935796939156,0.990017825311943
DTLZ5,10,9,71009,"S1_[0,0.25]",label_dyn,native,population_h3,retention,H3,5,5,0.58,0.938377896613191,0.65173236500007,0.828,1.1335855761017,0.708014875310492,0.938377896613191
DTLZ5,10,9,71009,"S2_(0.25,0.50]",label_dyn,native,front_final,nondominated,FINAL,21,21,0.513809523809524,0.438187479398269,0.574808643745752,0.391904761904762,1.12579078367216,0.549862261617838,NaN
DTLZ5,10,9,71009,"S2_(0.25,0.50]",label_dyn,native,front_h1,nondominated,H1,21,21,0.513809523809524,0.987428799004516,0.517350159429536,0.979523809523809,1.00861309528746,0.54444030369789,NaN
DTLZ5,10,9,71009,"S2_(0.25,0.50]",label_dyn,native,front_h3,nondominated,H3,21,21,0.513809523809524,0.967045404939543,0.51943383936809,0.955714285714286,1.0124448025593,0.563605817829914,NaN
DTLZ5,10,9,71009,"S2_(0.25,0.50]",label_dyn,native,population_final,retention,FINAL,21,21,0.513809523809524,0.216145915502471,0.645961877921444,0.174285714285714,1.27544357036851,0.578406629208246,0.216145915502471
DTLZ5,10,9,71009,"S2_(0.25,0.50]",label_dyn,native,population_h1,retention,H1,21,21,0.513809523809524,0.955655458822652,0.519790467215843,0.943333333333333,1.01312588010352,0.561072825856942,0.955655458822652
DTLZ5,10,9,71009,"S2_(0.25,0.50]",label_dyn,native,population_h3,retention,H3,21,21,0.513809523809524,0.889125282810986,0.532186439998752,0.855714285714286,1.03940907807479,0.564424205462715,0.889125282810986
DTLZ5,10,9,71009,"S3_(0.50,0.75]",label_dyn,native,front_final,nondominated,FINAL,20,20,0.4865,0.565414098242925,0.477981833600338,0.578,0.985093044744505,0.484370113819785,NaN
DTLZ5,10,9,71009,"S3_(0.50,0.75]",label_dyn,native,front_h1,nondominated,H1,20,20,0.4865,0.985957248841566,0.485621823056324,0.9875,0.997941548214404,0.542554985318558,NaN
DTLZ5,10,9,71009,"S3_(0.50,0.75]",label_dyn,native,front_h3,nondominated,H3,20,20,0.4865,0.958491203988098,0.484255288760976,0.962,0.995197986968291,0.500243452580577,NaN
DTLZ5,10,9,71009,"S3_(0.50,0.75]",label_dyn,native,population_final,retention,FINAL,20,20,0.4865,0.332927549554331,0.483966578564019,0.3385,0.998600876144584,0.495268492361428,0.332927549554331
DTLZ5,10,9,71009,"S3_(0.50,0.75]",label_dyn,native,population_h1,retention,H1,20,20,0.4865,0.955185524397252,0.489791498226247,0.9485,1.00689023238521,0.546957931397273,0.955185524397252
DTLZ5,10,9,71009,"S3_(0.50,0.75]",label_dyn,native,population_h3,retention,H3,20,20,0.4865,0.884826928153106,0.495589631930745,0.8675,1.01903238327352,0.540868122560738,0.884826928153106
DTLZ5,10,9,71009,"S4_(0.75,1.00]",label_dyn,native,front_final,nondominated,FINAL,21,21,0.373809523809524,0.760098557609319,0.37136262568414,0.766190476190476,0.991662611713776,0.495262251439834,NaN
DTLZ5,10,9,71009,"S4_(0.75,1.00]",label_dyn,native,front_h1,nondominated,H1,21,20,0.373809523809524,0.982536657658609,0.377290961352207,0.98,1.00256638860858,0.540385018786403,NaN
DTLZ5,10,9,71009,"S4_(0.75,1.00]",label_dyn,native,front_h3,nondominated,H3,21,18,0.373809523809524,0.957216986687981,0.377212002052628,0.953333333333333,1.00403808979591,0.546938881948521,NaN
DTLZ5,10,9,71009,"S4_(0.75,1.00]",label_dyn,native,population_final,retention,FINAL,21,21,0.373809523809524,0.597068476602021,0.352435416860314,0.635238095238095,0.93907080435507,0.467224533156974,0.597068476602021
DTLZ5,10,9,71009,"S4_(0.75,1.00]",label_dyn,native,population_h1,retention,H1,21,20,0.373809523809524,0.951409744425985,0.377894397624232,0.947,1.00445926636917,0.522829517161009,0.951409744425985
DTLZ5,10,9,71009,"S4_(0.75,1.00]",label_dyn,native,population_h3,retention,H3,21,18,0.373809523809524,0.882211293145833,0.382159890262265,0.866666666666667,1.01783550457851,0.533066564630007,0.882211293145833
DTLZ5,10,10,71010,"S1_[0,0.25]",label_dyn,native,front_final,nondominated,FINAL,5,5,0.418,0.222303959442318,0.691616618675442,0.132,1.75966840779207,0.65536964788424,NaN
DTLZ5,10,10,71010,"S1_[0,0.25]",label_dyn,native,front_h1,nondominated,H1,5,5,0.418,0.886922435802327,0.643382677939247,0.564,1.59800394238831,0.752597056405617,NaN
DTLZ5,10,10,71010,"S1_[0,0.25]",label_dyn,native,front_h3,nondominated,H3,5,5,0.418,0.873051412782963,0.650982342513835,0.548,1.6170020498078,0.752590963931623,NaN
DTLZ5,10,10,71010,"S1_[0,0.25]",label_dyn,native,population_final,retention,FINAL,5,5,0.418,0.0533117562351442,0.95,0.024,2.41968617241295,0.77172619047619,0.0533117562351442
DTLZ5,10,10,71010,"S1_[0,0.25]",label_dyn,native,population_h1,retention,H1,5,5,0.418,0.990163934426229,0.445230695672962,0.93,1.06473117183918,0.695342620563754,0.990163934426229
DTLZ5,10,10,71010,"S1_[0,0.25]",label_dyn,native,population_h3,retention,H3,5,5,0.418,0.971029753512129,0.483366908914609,0.834,1.16467338700722,0.697328879293906,0.971029753512129
DTLZ5,10,10,71010,"S2_(0.25,0.50]",label_dyn,native,front_final,nondominated,FINAL,21,21,0.411428571428571,0.445645668961527,0.400250101477787,0.458095238095238,0.978018221066765,0.488804093286563,NaN
DTLZ5,10,10,71010,"S2_(0.25,0.50]",label_dyn,native,front_h1,nondominated,H1,21,21,0.411428571428571,0.962107438446527,0.429589814686693,0.923809523809524,1.0507862871563,0.610673138507083,NaN
DTLZ5,10,10,71010,"S2_(0.25,0.50]",label_dyn,native,front_h3,nondominated,H3,21,21,0.411428571428571,0.939914910242306,0.430450669539548,0.9,1.05230074748974,0.593741976851873,NaN
DTLZ5,10,10,71010,"S2_(0.25,0.50]",label_dyn,native,population_final,retention,FINAL,21,21,0.411428571428571,0.102332554960096,0.416101871984225,0.101904761904762,1.04626264271558,0.501868879882491,0.102332554960096
DTLZ5,10,10,71010,"S2_(0.25,0.50]",label_dyn,native,population_h1,retention,H1,21,21,0.411428571428571,0.967675720300013,0.420694114432555,0.943333333333333,1.02576315096025,0.589351386220606,0.967675720300013
DTLZ5,10,10,71010,"S2_(0.25,0.50]",label_dyn,native,population_h3,retention,H3,21,21,0.411428571428571,0.904670927562403,0.43822165448753,0.841904761904762,1.07412447819675,0.588311496937675,0.904670927562403
DTLZ5,10,10,71010,"S3_(0.50,0.75]",label_dyn,native,front_final,nondominated,FINAL,20,20,0.383,0.70689467599457,0.394481370752429,0.689,1.02363606287668,0.521626983599511,NaN
DTLZ5,10,10,71010,"S3_(0.50,0.75]",label_dyn,native,front_h1,nondominated,H1,20,20,0.383,0.982982559201276,0.382952004321813,0.983,0.999902037002577,0.519602860744368,NaN
DTLZ5,10,10,71010,"S3_(0.50,0.75]",label_dyn,native,front_h3,nondominated,H3,20,20,0.383,0.952197414497134,0.382918367961348,0.952,0.999983184383102,0.519591954790247,NaN
DTLZ5,10,10,71010,"S3_(0.50,0.75]",label_dyn,native,population_final,retention,FINAL,20,20,0.383,0.328289380231864,0.452764934074043,0.282,1.16876636480129,0.547938835988251,0.328289380231864
DTLZ5,10,10,71010,"S3_(0.50,0.75]",label_dyn,native,population_h1,retention,H1,20,20,0.383,0.957220853475406,0.386345238567734,0.949,1.00829806298761,0.5443067044969,0.957220853475406
DTLZ5,10,10,71010,"S3_(0.50,0.75]",label_dyn,native,population_h3,retention,H3,20,20,0.383,0.873764563298977,0.389158206779812,0.86,1.01530957327324,0.524850937267878,0.873764563298977
DTLZ5,10,10,71010,"S4_(0.75,1.00]",label_dyn,native,front_final,nondominated,FINAL,21,21,0.438095238095238,0.901065460546644,0.441025846107229,0.895714285714286,1.00691016860264,0.50542833588024,NaN
DTLZ5,10,10,71010,"S4_(0.75,1.00]",label_dyn,native,front_h1,nondominated,H1,21,20,0.438095238095238,0.990959595959596,0.435439072179345,0.99,1.00095518665522,0.576772283622965,NaN
DTLZ5,10,10,71010,"S4_(0.75,1.00]",label_dyn,native,front_h3,nondominated,H3,21,18,0.438095238095238,0.967176827684074,0.425136221806328,0.967222222222222,1.00001022701992,0.470003552006647,NaN
DTLZ5,10,10,71010,"S4_(0.75,1.00]",label_dyn,native,population_final,retention,FINAL,21,21,0.438095238095238,0.730881127739656,0.456924789174235,0.703809523809524,1.04706598334888,0.520661289882276,0.730881127739656
DTLZ5,10,10,71010,"S4_(0.75,1.00]",label_dyn,native,population_h1,retention,H1,21,20,0.438095238095238,0.962648184773963,0.440486960367001,0.95,1.01312143485749,0.588844670659691,0.962648184773963
DTLZ5,10,10,71010,"S4_(0.75,1.00]",label_dyn,native,population_h3,retention,H3,21,18,0.438095238095238,0.885730071514385,0.433515500651883,0.865555555555556,1.02201737058098,0.549711547379326,0.885730071514385
DTLZ5,10,11,71011,"S1_[0,0.25]",label_dyn,native,front_final,nondominated,FINAL,5,5,0.386,0.187918267918268,0.543856990962254,0.14,1.39292077011375,0.589735963485775,NaN
DTLZ5,10,11,71011,"S1_[0,0.25]",label_dyn,native,front_h1,nondominated,H1,5,5,0.386,0.845982485982486,0.519001618177137,0.628,1.3493159490775,0.678806188393948,NaN
DTLZ5,10,11,71011,"S1_[0,0.25]",label_dyn,native,front_h3,nondominated,H3,5,5,0.386,0.778696738696739,0.536957368872262,0.56,1.39298633570319,0.671904723805567,NaN
DTLZ5,10,11,71011,"S1_[0,0.25]",label_dyn,native,population_final,retention,FINAL,5,5,0.386,0.0357395157395157,0.292380952380952,0.048,0.725194725194725,0.4510074262633,0.0357395157395157
DTLZ5,10,11,71011,"S1_[0,0.25]",label_dyn,native,population_h1,retention,H1,5,5,0.386,0.989466389466389,0.406355525051476,0.94,1.05266757703271,0.668892048240024,0.989466389466389
DTLZ5,10,11,71011,"S1_[0,0.25]",label_dyn,native,population_h3,retention,H3,5,5,0.386,0.944154224154224,0.440813427927739,0.826,1.14304865906394,0.657579916578249,0.944154224154224
DTLZ5,10,11,71011,"S2_(0.25,0.50]",label_dyn,native,front_final,nondominated,FINAL,21,21,0.419047619047619,0.368545310876176,0.449636162821486,0.341904761904762,1.07607887484898,0.52386053280884,NaN
DTLZ5,10,11,71011,"S2_(0.25,0.50]",label_dyn,native,front_h1,nondominated,H1,21,21,0.419047619047619,0.953447888016104,0.435227142025071,0.927142857142857,1.0344602236081,0.548834519133462,NaN
DTLZ5,10,11,71011,"S2_(0.25,0.50]",label_dyn,native,front_h3,nondominated,H3,21,21,0.419047619047619,0.923827918998482,0.434523977651579,0.899523809523809,1.03370765980327,0.542861133591486,NaN
DTLZ5,10,11,71011,"S2_(0.25,0.50]",label_dyn,native,population_final,retention,FINAL,21,21,0.419047619047619,0.14742360991409,0.429924862841714,0.138095238095238,1.04568216750366,0.507130441487925,0.14742360991409
DTLZ5,10,11,71011,"S2_(0.25,0.50]",label_dyn,native,population_h1,retention,H1,21,21,0.419047619047619,0.97119253604421,0.430358997835236,0.944761904761905,1.02793761022971,0.606591063543468,0.97119253604421
DTLZ5,10,11,71011,"S2_(0.25,0.50]",label_dyn,native,population_h3,retention,H3,21,21,0.419047619047619,0.910928689048637,0.446641475853782,0.850952380952381,1.07104261319671,0.588409016828195,0.910928689048637
DTLZ5,10,11,71011,"S3_(0.50,0.75]",label_dyn,native,front_final,nondominated,FINAL,20,20,0.3935,0.7294605270877,0.430107019320302,0.654,1.1114650411506,0.561626548842371,NaN
DTLZ5,10,11,71011,"S3_(0.50,0.75]",label_dyn,native,front_h1,nondominated,H1,20,20,0.3935,0.991012714787407,0.395823518406645,0.984,1.0072736240357,0.567300142364086,NaN
DTLZ5,10,11,71011,"S3_(0.50,0.75]",label_dyn,native,front_h3,nondominated,H3,20,20,0.3935,0.975364875484398,0.402504852600823,0.9495,1.02763226974266,0.599939897358829,NaN
DTLZ5,10,11,71011,"S3_(0.50,0.75]",label_dyn,native,population_final,retention,FINAL,20,20,0.3935,0.337541594405774,0.429987898008018,0.311,1.10734987536016,0.524147294368911,0.337541594405774
DTLZ5,10,11,71011,"S3_(0.50,0.75]",label_dyn,native,population_h1,retention,H1,20,20,0.3935,0.952864887310084,0.398198197966075,0.94,1.01424669946504,0.51929960023617,0.952864887310084
DTLZ5,10,11,71011,"S3_(0.50,0.75]",label_dyn,native,population_h3,retention,H3,20,20,0.3935,0.883449408166942,0.411313183891856,0.8405,1.05182825577507,0.552423723235118,0.883449408166942
DTLZ5,10,11,71011,"S4_(0.75,1.00]",label_dyn,native,front_final,nondominated,FINAL,21,21,0.362857142857143,0.935754830572561,0.377526147629134,0.900952380952381,1.04175847151291,0.538939747554395,NaN
DTLZ5,10,11,71011,"S4_(0.75,1.00]",label_dyn,native,front_h1,nondominated,H1,21,20,0.362857142857143,0.990771604550377,0.360560450887058,0.99,1.00078571242724,0.506548649133769,NaN
DTLZ5,10,11,71011,"S4_(0.75,1.00]",label_dyn,native,front_h3,nondominated,H3,21,18,0.362857142857143,0.971219713869437,0.361265835689795,0.968888888888889,1.00245310854544,0.513121128698519,NaN
DTLZ5,10,11,71011,"S4_(0.75,1.00]",label_dyn,native,population_final,retention,FINAL,21,21,0.362857142857143,0.737130816304256,0.396728121920482,0.674761904761905,1.09894282033762,0.559964959368484,0.737130816304256
DTLZ5,10,11,71011,"S4_(0.75,1.00]",label_dyn,native,population_h1,retention,H1,21,20,0.362857142857143,0.967002935486739,0.366071790143483,0.9505,1.01741992406011,0.564514069674916,0.967002935486739
DTLZ5,10,11,71011,"S4_(0.75,1.00]",label_dyn,native,population_h3,retention,H3,21,18,0.362857142857143,0.896793509778206,0.372253061532736,0.869444444444445,1.03167344477406,0.543178499766866,0.896793509778206
DTLZ5,10,12,71012,"S1_[0,0.25]",label_dyn,native,front_final,nondominated,FINAL,5,5,0.424,0.132941342856507,0.699025974025974,0.08,1.6558535200597,0.649612923452886,NaN
DTLZ5,10,12,71012,"S1_[0,0.25]",label_dyn,native,front_h1,nondominated,H1,5,5,0.424,0.953009715629016,0.523383230341717,0.776,1.23783391043479,0.714340817820061,NaN
DTLZ5,10,12,71012,"S1_[0,0.25]",label_dyn,native,front_h3,nondominated,H3,5,5,0.424,0.939552158693198,0.551713425354431,0.722,1.30438367088897,0.72824848756899,NaN
DTLZ5,10,12,71012,"S1_[0,0.25]",label_dyn,native,population_final,retention,FINAL,5,5,0.424,0.0236614393030088,0.3,0.034,0.710185449050773,0.435706615120275,0.0236614393030088
DTLZ5,10,12,71012,"S1_[0,0.25]",label_dyn,native,population_h1,retention,H1,5,5,0.424,0.990576496674058,0.445228745220962,0.944,1.04967269658108,0.672614372610481,0.990576496674058
DTLZ5,10,12,71012,"S1_[0,0.25]",label_dyn,native,population_h3,retention,H3,5,5,0.424,0.977451533973273,0.491536830984811,0.842,1.16146902399837,0.712267014932182,0.977451533973273
DTLZ5,10,12,71012,"S2_(0.25,0.50]",label_dyn,native,front_final,nondominated,FINAL,21,21,0.436190476190476,0.388262519824711,0.552979307131784,0.313809523809524,1.27362604422277,0.582684096822117,NaN
DTLZ5,10,12,71012,"S2_(0.25,0.50]",label_dyn,native,front_h1,nondominated,H1,21,21,0.436190476190476,0.984638979950789,0.446907963977865,0.962380952380952,1.02617116144236,0.629346513657677,NaN
DTLZ5,10,12,71012,"S2_(0.25,0.50]",label_dyn,native,front_h3,nondominated,H3,21,21,0.436190476190476,0.95830922072347,0.452578130889168,0.926190476190476,1.03848323501385,0.615227454658893,NaN
DTLZ5,10,12,71012,"S2_(0.25,0.50]",label_dyn,native,population_final,retention,FINAL,21,21,0.436190476190476,0.152586444081789,0.579709642209642,0.111904761904762,1.33387590621823,0.581760658224333,0.152586444081789
DTLZ5,10,12,71012,"S2_(0.25,0.50]",label_dyn,native,population_h1,retention,H1,21,21,0.436190476190476,0.971957932570122,0.448475762568945,0.944761904761905,1.02903431646931,0.605813845003293,0.971957932570122
DTLZ5,10,12,71012,"S2_(0.25,0.50]",label_dyn,native,population_h3,retention,H3,21,21,0.436190476190476,0.889620811729408,0.4625162754105,0.837619047619048,1.06277961228042,0.58263485162499,0.889620811729408
DTLZ5,10,12,71012,"S3_(0.50,0.75]",label_dyn,native,front_final,nondominated,FINAL,20,20,0.385,0.622035982727309,0.391089684211536,0.6135,1.01191285347648,0.509238721070588,NaN
DTLZ5,10,12,71012,"S3_(0.50,0.75]",label_dyn,native,front_h1,nondominated,H1,20,20,0.385,0.968655215524861,0.384121601086943,0.9705,0.997475907481828,0.542863442237183,NaN
DTLZ5,10,12,71012,"S3_(0.50,0.75]",label_dyn,native,front_h3,nondominated,H3,20,20,0.385,0.924227559348321,0.382575343781079,0.9295,0.992034189869542,0.510660136986954,NaN
DTLZ5,10,12,71012,"S3_(0.50,0.75]",label_dyn,native,population_final,retention,FINAL,20,20,0.385,0.369265099938648,0.433917415484123,0.3295,1.12681394527006,0.535764316404803,0.369265099938648
DTLZ5,10,12,71012,"S3_(0.50,0.75]",label_dyn,native,population_h1,retention,H1,20,20,0.385,0.93841296171203,0.388539691397258,0.9295,1.00902689382435,0.557577502094521,0.93841296171203
DTLZ5,10,12,71012,"S3_(0.50,0.75]",label_dyn,native,population_h3,retention,H3,20,20,0.385,0.851573827635856,0.392028649313155,0.835,1.01743342927616,0.540723488278785,0.851573827635856
DTLZ5,10,12,71012,"S4_(0.75,1.00]",label_dyn,native,front_final,nondominated,FINAL,21,21,0.44047619047619,0.947560005304327,0.469711297714586,0.886190476190476,1.06999641557086,0.64412407973116,NaN
DTLZ5,10,12,71012,"S4_(0.75,1.00]",label_dyn,native,front_h1,nondominated,H1,21,20,0.44047619047619,0.995097061347061,0.430945501632189,0.992,1.003447419946,0.454224336597712,NaN
DTLZ5,10,12,71012,"S4_(0.75,1.00]",label_dyn,native,front_h3,nondominated,H3,21,18,0.44047619047619,0.983415527158528,0.4126240464908,0.978333333333333,1.0058199213087,0.423996134750041,NaN
DTLZ5,10,12,71012,"S4_(0.75,1.00]",label_dyn,native,population_final,retention,FINAL,21,21,0.44047619047619,0.64523492258488,0.46539270628298,0.609523809523809,1.05875747874835,0.536315972261824,0.64523492258488
DTLZ5,10,12,71012,"S4_(0.75,1.00]",label_dyn,native,population_h1,retention,H1,21,20,0.44047619047619,0.963229131173984,0.435921477981002,0.95,1.01537433289029,0.543519749226135,0.963229131173984
DTLZ5,10,12,71012,"S4_(0.75,1.00]",label_dyn,native,population_h3,retention,H3,21,18,0.44047619047619,0.89153921610356,0.419095724170539,0.873888888888889,1.02275210453377,0.522336873485392,0.89153921610356
DTLZ5,10,13,71013,"S1_[0,0.25]",label_dyn,native,front_final,nondominated,FINAL,5,5,0.446,0.368556801003964,0.692673958719565,0.234,1.6277368966468,0.660172816898852,NaN
DTLZ5,10,13,71013,"S1_[0,0.25]",label_dyn,native,front_h1,nondominated,H1,5,5,0.446,0.925066312997348,0.596597220682957,0.676,1.38581596180728,0.730737029622003,NaN
DTLZ5,10,13,71013,"S1_[0,0.25]",label_dyn,native,front_h3,nondominated,H3,5,5,0.446,0.917771883289125,0.598524812381059,0.668,1.39466196059657,0.726451802945144,NaN
DTLZ5,10,13,71013,"S1_[0,0.25]",label_dyn,native,population_final,retention,FINAL,5,5,0.446,0.180999686261088,0.864675324675325,0.09,2.08103116757177,0.729648727692654,0.180999686261088
DTLZ5,10,13,71013,"S1_[0,0.25]",label_dyn,native,population_h1,retention,H1,5,5,0.446,0.985411140583554,0.471029336712247,0.932,1.05728192869934,0.684721017562473,0.985411140583554
DTLZ5,10,13,71013,"S1_[0,0.25]",label_dyn,native,population_h3,retention,H3,5,5,0.446,0.944694960212201,0.501975847641437,0.828,1.14120944633069,0.662180734278235,0.944694960212201
DTLZ5,10,13,71013,"S2_(0.25,0.50]",label_dyn,native,front_final,nondominated,FINAL,21,21,0.394285714285714,0.577692046685436,0.391478061909115,0.591428571428572,0.995348889469258,0.485164944708514,NaN
DTLZ5,10,13,71013,"S2_(0.25,0.50]",label_dyn,native,front_h1,nondominated,H1,21,21,0.394285714285714,0.976996032089289,0.405661868254349,0.951428571428571,1.02977952406909,0.565104182967341,NaN
DTLZ5,10,13,71013,"S2_(0.25,0.50]",label_dyn,native,front_h3,nondominated,H3,21,21,0.394285714285714,0.938685710426846,0.406243439732029,0.913809523809524,1.03104663306888,0.508108007557233,NaN
DTLZ5,10,13,71013,"S2_(0.25,0.50]",label_dyn,native,population_final,retention,FINAL,21,21,0.394285714285714,0.290901208199835,0.5474338292822,0.208571428571429,1.39653413660995,0.597312431695095,0.290901208199835
DTLZ5,10,13,71013,"S2_(0.25,0.50]",label_dyn,native,population_h1,retention,H1,21,21,0.394285714285714,0.962807346783315,0.404128529951875,0.939047619047619,1.0254085956067,0.583073335270722,0.962807346783315
DTLZ5,10,13,71013,"S2_(0.25,0.50]",label_dyn,native,population_h3,retention,H3,21,21,0.394285714285714,0.902526438130558,0.424869833761457,0.837142857142857,1.07889367181819,0.590093803197288,0.902526438130558
DTLZ5,10,13,71013,"S3_(0.50,0.75]",label_dyn,native,front_final,nondominated,FINAL,20,20,0.4815,0.779301416335969,0.494887528284321,0.764,1.02012840201939,0.529192168243098,NaN
DTLZ5,10,13,71013,"S3_(0.50,0.75]",label_dyn,native,front_h1,nondominated,H1,20,20,0.4815,0.992120387444636,0.481418063626176,0.9925,0.9996142927723,0.487085661599183,NaN
DTLZ5,10,13,71013,"S3_(0.50,0.75]",label_dyn,native,front_h3,nondominated,H3,20,20,0.4815,0.978742487566736,0.480912794216855,0.98,0.998670997628689,0.484341365645426,NaN
DTLZ5,10,13,71013,"S3_(0.50,0.75]",label_dyn,native,population_final,retention,FINAL,20,20,0.4815,0.366909717095033,0.481521608688525,0.3675,1.01024368696251,0.497538352249745,0.366909717095033
DTLZ5,10,13,71013,"S3_(0.50,0.75]",label_dyn,native,population_h1,retention,H1,20,20,0.4815,0.962566122600842,0.483412166592333,0.959,1.00366976370349,0.523780259120342,0.962566122600842
DTLZ5,10,13,71013,"S3_(0.50,0.75]",label_dyn,native,population_h3,retention,H3,20,20,0.4815,0.898810309553012,0.486453807934929,0.889,1.01076361119466,0.532227660155721,0.898810309553012
DTLZ5,10,13,71013,"S4_(0.75,1.00]",label_dyn,native,front_final,nondominated,FINAL,21,21,0.449523809523809,0.949417105307042,0.452769174666551,0.945714285714286,1.00485024625761,0.464600151380326,NaN
DTLZ5,10,13,71013,"S4_(0.75,1.00]",label_dyn,native,front_h1,nondominated,H1,21,20,0.449523809523809,0.99443391927864,0.45235654873477,0.995,0.999412877428421,0.517046430802874,NaN
DTLZ5,10,13,71013,"S4_(0.75,1.00]",label_dyn,native,front_h3,nondominated,H3,21,18,0.449523809523809,0.981927614766822,0.459987535114818,0.983888888888889,0.997937120397945,0.543046206891669,NaN
DTLZ5,10,13,71013,"S4_(0.75,1.00]",label_dyn,native,population_final,retention,FINAL,21,21,0.449523809523809,0.699759751249193,0.448119718895588,0.701904761904762,0.996759465172905,0.488518984730621,0.699759751249193
DTLZ5,10,13,71013,"S4_(0.75,1.00]",label_dyn,native,population_h1,retention,H1,21,20,0.449523809523809,0.949270459965413,0.45130914857881,0.953,0.996130175072087,0.483154574289405,0.949270459965413
DTLZ5,10,13,71013,"S4_(0.75,1.00]",label_dyn,native,population_h3,retention,H3,21,18,0.449523809523809,0.872712974676545,0.459633638799766,0.877222222222222,0.995373165938681,0.489375157757241,0.872712974676545
DTLZ5,10,14,71014,"S1_[0,0.25]",label_dyn,native,front_final,nondominated,FINAL,5,5,0.446,0.470503270889087,0.71971413055284,0.278,1.70789045433084,0.687582828891404,NaN
DTLZ5,10,14,71014,"S1_[0,0.25]",label_dyn,native,front_h1,nondominated,H1,5,5,0.446,0.916294045495094,0.585785417808262,0.686,1.34065646387597,0.718673871093633,NaN
DTLZ5,10,14,71014,"S1_[0,0.25]",label_dyn,native,front_h3,nondominated,H3,5,5,0.446,0.873988068688671,0.57892420445052,0.664,1.32221963365334,0.696469137597549,NaN
DTLZ5,10,14,71014,"S1_[0,0.25]",label_dyn,native,population_final,retention,FINAL,5,5,0.446,0.108835117454654,0.846666666666667,0.052,2.06559123798196,0.711474430757745,0.108835117454654
DTLZ5,10,14,71014,"S1_[0,0.25]",label_dyn,native,population_h1,retention,H1,5,5,0.446,0.987235169491525,0.465957446808511,0.94,1.05025018031013,0.666312056737589,0.987235169491525
DTLZ5,10,14,71014,"S1_[0,0.25]",label_dyn,native,population_h3,retention,H3,5,5,0.446,0.925384701159679,0.494173208513496,0.826,1.12013946666199,0.638916669616225,0.925384701159679
DTLZ5,10,14,71014,"S2_(0.25,0.50]",label_dyn,native,front_final,nondominated,FINAL,21,21,0.35952380952381,0.682198782426216,0.389125678525797,0.642380952380952,1.08817358302558,0.528811896433666,NaN
DTLZ5,10,14,71014,"S2_(0.25,0.50]",label_dyn,native,front_h1,nondominated,H1,21,21,0.35952380952381,0.976703190988905,0.367877213180054,0.955238095238095,1.02475497829029,0.591480472243317,NaN
DTLZ5,10,14,71014,"S2_(0.25,0.50]",label_dyn,native,front_h3,nondominated,H3,21,21,0.35952380952381,0.941499324993546,0.369911402788751,0.915714285714286,1.03175141989797,0.562819439332154,NaN
DTLZ5,10,14,71014,"S2_(0.25,0.50]",label_dyn,native,population_final,retention,FINAL,21,21,0.35952380952381,0.267836625967101,0.563259807122035,0.180952380952381,1.58293029226768,0.620748957194357,0.267836625967101
DTLZ5,10,14,71014,"S2_(0.25,0.50]",label_dyn,native,population_h1,retention,H1,21,21,0.35952380952381,0.962892414326346,0.369164797503663,0.938095238095238,1.02692786907041,0.573763899641804,0.962892414326346
DTLZ5,10,14,71014,"S2_(0.25,0.50]",label_dyn,native,population_h3,retention,H3,21,21,0.35952380952381,0.900689857905187,0.381546881235659,0.848571428571429,1.06194479296493,0.575207386260864,0.900689857905187
DTLZ5,10,14,71014,"S3_(0.50,0.75]",label_dyn,native,front_final,nondominated,FINAL,20,20,0.4675,0.806805149833469,0.457864311529952,0.829,0.97342179477701,0.470964580577006,NaN
DTLZ5,10,14,71014,"S3_(0.50,0.75]",label_dyn,native,front_h1,nondominated,H1,20,20,0.4675,0.990271153506448,0.466659261364852,0.992,0.998135530483679,0.513598768941419,NaN
DTLZ5,10,14,71014,"S3_(0.50,0.75]",label_dyn,native,front_h3,nondominated,H3,20,20,0.4675,0.969915031141334,0.463046077292842,0.979,0.990434466121826,0.46525294041745,NaN
DTLZ5,10,14,71014,"S3_(0.50,0.75]",label_dyn,native,population_final,retention,FINAL,20,20,0.4675,0.354391205002743,0.454734417017948,0.363,0.972939884558938,0.490847666517084,0.354391205002743
DTLZ5,10,14,71014,"S3_(0.50,0.75]",label_dyn,native,population_h1,retention,H1,20,20,0.4675,0.957051702065253,0.474387674177901,0.944,1.0145119026604,0.543853704998819,0.957051702065253
DTLZ5,10,14,71014,"S3_(0.50,0.75]",label_dyn,native,population_h3,retention,H3,20,20,0.4675,0.887473825347769,0.481002352500688,0.861,1.03229997557277,0.535026858901027,0.887473825347769
DTLZ5,10,14,71014,"S4_(0.75,1.00]",label_dyn,native,front_final,nondominated,FINAL,21,21,0.401428571428571,0.8578398409126,0.381416753864413,0.904285714285714,0.948618911790321,0.379059403306794,NaN
DTLZ5,10,14,71014,"S4_(0.75,1.00]",label_dyn,native,front_h1,nondominated,H1,21,20,0.401428571428571,0.98919932278893,0.398473281199088,0.9915,0.997540903946336,0.459073744356002,NaN
DTLZ5,10,14,71014,"S4_(0.75,1.00]",label_dyn,native,front_h3,nondominated,H3,21,18,0.401428571428571,0.974913509243319,0.397268583935586,0.977222222222222,0.997422580042774,0.462733885591244,NaN
DTLZ5,10,14,71014,"S4_(0.75,1.00]",label_dyn,native,population_final,retention,FINAL,21,21,0.401428571428571,0.725135901212446,0.43901922648447,0.674285714285714,1.09143045677873,0.549394066845502,0.725135901212446
DTLZ5,10,14,71014,"S4_(0.75,1.00]",label_dyn,native,population_h1,retention,H1,21,20,0.401428571428571,0.969196585809439,0.402981731624147,0.9605,1.00905110511114,0.538435310256518,0.969196585809439
DTLZ5,10,14,71014,"S4_(0.75,1.00]",label_dyn,native,population_h3,retention,H3,21,18,0.401428571428571,0.915551312720803,0.406954188274739,0.895555555555555,1.02252817794561,0.541669650038258,0.915551312720803
DTLZ5,10,15,71015,"S1_[0,0.25]",label_dyn,native,front_final,nondominated,FINAL,5,5,0.414,0.258446215890246,0.483588797675754,0.228,1.15288500286893,0.544177017757081,NaN
DTLZ5,10,15,71015,"S1_[0,0.25]",label_dyn,native,front_h1,nondominated,H1,5,5,0.414,0.887255766621438,0.509590929774288,0.72,1.23585134106314,0.673795637419925,NaN
DTLZ5,10,15,71015,"S1_[0,0.25]",label_dyn,native,front_h3,nondominated,H3,5,5,0.414,0.871633876074175,0.512203012792241,0.702,1.24344595174576,0.668226651559134,NaN
DTLZ5,10,15,71015,"S1_[0,0.25]",label_dyn,native,population_final,retention,FINAL,5,5,0.414,0.0936627468717021,0.591666666666667,0.064,1.47539763304689,0.594881282762874,0.0936627468717021
DTLZ5,10,15,71015,"S1_[0,0.25]",label_dyn,native,population_h1,retention,H1,5,5,0.414,0.99257048092869,0.436170212765957,0.94,1.05592604354116,0.684751773049645,0.99257048092869
DTLZ5,10,15,71015,"S1_[0,0.25]",label_dyn,native,population_h3,retention,H3,5,5,0.414,0.968319576360621,0.481310608286806,0.826,1.17243542846857,0.693923277999612,0.968319576360621
DTLZ5,10,15,71015,"S2_(0.25,0.50]",label_dyn,native,front_final,nondominated,FINAL,21,21,0.436666666666667,0.494131120193241,0.467566646533834,0.459047619047619,1.06808807748998,0.532019133585897,NaN
DTLZ5,10,15,71015,"S2_(0.25,0.50]",label_dyn,native,front_h1,nondominated,H1,21,21,0.436666666666667,0.978253162240889,0.44325178991721,0.963809523809524,1.01597742372403,0.595898186563981,NaN
DTLZ5,10,15,71015,"S2_(0.25,0.50]",label_dyn,native,front_h3,nondominated,H3,21,21,0.436666666666667,0.947663181464341,0.449077150539103,0.921428571428571,1.0296669375134,0.571829080988803,NaN
DTLZ5,10,15,71015,"S2_(0.25,0.50]",label_dyn,native,population_final,retention,FINAL,21,21,0.436666666666667,0.17725360743508,0.553829865279445,0.140952380952381,1.24826072620003,0.569272146227443,0.17725360743508
DTLZ5,10,15,71015,"S2_(0.25,0.50]",label_dyn,native,population_h1,retention,H1,21,21,0.436666666666667,0.967375829154254,0.446928975456932,0.944285714285714,1.02439272875353,0.601364365628344,0.967375829154254
DTLZ5,10,15,71015,"S2_(0.25,0.50]",label_dyn,native,population_h3,retention,H3,21,21,0.436666666666667,0.900451789458675,0.459086459022341,0.854285714285714,1.05426094891712,0.576676967171777,0.900451789458675
DTLZ5,10,15,71015,"S3_(0.50,0.75]",label_dyn,native,front_final,nondominated,FINAL,20,20,0.434,0.781417997623672,0.459962176284397,0.7395,1.05975117948135,0.546164259365786,NaN
DTLZ5,10,15,71015,"S3_(0.50,0.75]",label_dyn,native,front_h1,nondominated,H1,20,20,0.434,0.983389574720472,0.434768153164013,0.982,1.00139317529793,0.591572667319217,NaN
DTLZ5,10,15,71015,"S3_(0.50,0.75]",label_dyn,native,front_h3,nondominated,H3,20,20,0.434,0.956415852489447,0.438948916956532,0.945,1.01275662949855,0.53297227876576,NaN
DTLZ5,10,15,71015,"S3_(0.50,0.75]",label_dyn,native,population_final,retention,FINAL,20,20,0.434,0.403267874139552,0.566175984286094,0.312,1.30290991070901,0.594109106041663,0.403267874139552
DTLZ5,10,15,71015,"S3_(0.50,0.75]",label_dyn,native,population_h1,retention,H1,20,20,0.434,0.963428588673065,0.439556875872346,0.9495,1.01464203007015,0.568468914126649,0.963428588673065
DTLZ5,10,15,71015,"S3_(0.50,0.75]",label_dyn,native,population_h3,retention,H3,20,20,0.434,0.902624632105096,0.448691973975242,0.8665,1.04152760587006,0.557974792822309,0.902624632105096
DTLZ5,10,15,71015,"S4_(0.75,1.00]",label_dyn,native,front_final,nondominated,FINAL,21,21,0.358095238095238,0.934450531531741,0.358771286479335,0.933333333333333,1.00091742188966,0.472876611681583,NaN
DTLZ5,10,15,71015,"S4_(0.75,1.00]",label_dyn,native,front_h1,nondominated,H1,21,20,0.358095238095238,0.990725801914327,0.35838880932723,0.992,0.998731447988482,0.417777678325704,NaN
DTLZ5,10,15,71015,"S4_(0.75,1.00]",label_dyn,native,front_h3,nondominated,H3,21,18,0.358095238095238,0.976223814697175,0.357659167935324,0.977777777777778,0.998476162647949,0.456584552160353,NaN
DTLZ5,10,15,71015,"S4_(0.75,1.00]",label_dyn,native,population_final,retention,FINAL,21,21,0.358095238095238,0.685647528961863,0.385532349170751,0.648095238095238,1.07479552110605,0.496797243126947,0.685647528961863
DTLZ5,10,15,71015,"S4_(0.75,1.00]",label_dyn,native,population_h1,retention,H1,21,20,0.358095238095238,0.962606955891069,0.3629287280136,0.952,1.01131767513292,0.525534876827313,0.962606955891069
DTLZ5,10,15,71015,"S4_(0.75,1.00]",label_dyn,native,population_h3,retention,H3,21,18,0.358095238095238,0.891993411504823,0.370432831642843,0.863333333333333,1.0335229613116,0.544208951694819,0.891993411504823
DTLZ5,10,16,71016,"S1_[0,0.25]",label_dyn,native,front_final,nondominated,FINAL,5,5,0.418,0.181936523532449,0.534188034188034,0.144,1.31903912888633,0.566266303549735,NaN
DTLZ5,10,16,71016,"S1_[0,0.25]",label_dyn,native,front_h1,nondominated,H1,5,5,0.418,0.854838249744871,0.569861150006155,0.628,1.37889905773587,0.69641442277262,NaN
DTLZ5,10,16,71016,"S1_[0,0.25]",label_dyn,native,front_h3,nondominated,H3,5,5,0.418,0.839048776060661,0.568904276690791,0.618,1.37780498464576,0.691007184420178,NaN
DTLZ5,10,16,71016,"S1_[0,0.25]",label_dyn,native,population_final,retention,FINAL,5,5,0.418,0.0302113860687715,0.366666666666667,0.032,0.921576116822297,0.47365764604811,0.0302113860687715
DTLZ5,10,16,71016,"S1_[0,0.25]",label_dyn,native,population_h1,retention,H1,5,5,0.418,0.991645988420182,0.438741134751773,0.944,1.05062357378761,0.67770390070922,0.991645988420182
DTLZ5,10,16,71016,"S1_[0,0.25]",label_dyn,native,population_h3,retention,H3,5,5,0.418,0.960901347998122,0.473795289469476,0.844,1.14010775084288,0.672868340705434,0.960901347998122
DTLZ5,10,16,71016,"S2_(0.25,0.50]",label_dyn,native,front_final,nondominated,FINAL,21,21,0.403333333333333,0.506368810224866,0.436413560114057,0.464285714285714,1.08200338941292,0.533891597248531,NaN
DTLZ5,10,16,71016,"S2_(0.25,0.50]",label_dyn,native,front_h1,nondominated,H1,21,21,0.403333333333333,0.965713112699415,0.413740983617142,0.942857142857143,1.02672176918094,0.607295259958707,NaN
DTLZ5,10,16,71016,"S2_(0.25,0.50]",label_dyn,native,front_h3,nondominated,H3,21,21,0.403333333333333,0.938263148121959,0.417752114564473,0.906190476190476,1.03673514092325,0.575600242602481,NaN
DTLZ5,10,16,71016,"S2_(0.25,0.50]",label_dyn,native,population_final,retention,FINAL,21,21,0.403333333333333,0.196030305883374,0.532549130763416,0.136666666666667,1.33070267164069,0.577905579279477,0.196030305883374
DTLZ5,10,16,71016,"S2_(0.25,0.50]",label_dyn,native,population_h1,retention,H1,21,21,0.403333333333333,0.96745246659025,0.415495192944625,0.94,1.02954444599249,0.596034706187994,0.96745246659025
DTLZ5,10,16,71016,"S2_(0.25,0.50]",label_dyn,native,population_h3,retention,H3,21,21,0.403333333333333,0.900894317524239,0.433109891057838,0.838571428571428,1.07515147706731,0.589282198823399,0.900894317524239
DTLZ5,10,16,71016,"S3_(0.50,0.75]",label_dyn,native,front_final,nondominated,FINAL,20,20,0.402,0.806439518771863,0.417659375559467,0.777,1.03862111753999,0.536459053243468,NaN
DTLZ5,10,16,71016,"S3_(0.50,0.75]",label_dyn,native,front_h1,nondominated,H1,20,20,0.402,0.994557057057057,0.402691166989039,0.993,1.00151615187076,0.615212407765599,NaN
DTLZ5,10,16,71016,"S3_(0.50,0.75]",label_dyn,native,front_h3,nondominated,H3,20,20,0.402,0.979092909675616,0.403696733026742,0.9755,1.00345514955278,0.603393036234218,NaN
DTLZ5,10,16,71016,"S3_(0.50,0.75]",label_dyn,native,population_final,retention,FINAL,20,20,0.402,0.479281621032518,0.528354987140359,0.3605,1.31568972264137,0.602687796244106,0.479281621032518
DTLZ5,10,16,71016,"S3_(0.50,0.75]",label_dyn,native,population_h1,retention,H1,20,20,0.402,0.976144899708922,0.408940069698696,0.96,1.01690761783788,0.59214860627792,0.976144899708922
DTLZ5,10,16,71016,"S3_(0.50,0.75]",label_dyn,native,population_h3,retention,H3,20,20,0.402,0.926819442965237,0.419825320458388,0.889,1.04296705204959,0.578884085046207,0.926819442965237
DTLZ5,10,16,71016,"S4_(0.75,1.00]",label_dyn,native,front_final,nondominated,FINAL,21,21,0.419523809523809,0.948095565736542,0.424336250940369,0.937619047619047,1.01098450447068,0.562080514668288,NaN
DTLZ5,10,16,71016,"S4_(0.75,1.00]",label_dyn,native,front_h1,nondominated,H1,21,20,0.419523809523809,0.993640290414484,0.41832318025617,0.994,0.99962462619596,0.498594189315839,NaN
DTLZ5,10,16,71016,"S4_(0.75,1.00]",label_dyn,native,front_h3,nondominated,H3,21,18,0.419523809523809,0.984791737796656,0.416308658938713,0.985,0.999830766095944,0.479447344326479,NaN
DTLZ5,10,16,71016,"S4_(0.75,1.00]",label_dyn,native,population_final,retention,FINAL,21,21,0.419523809523809,0.820922014077026,0.473331378287046,0.73,1.13843783244246,0.605376536708905,0.820922014077026
DTLZ5,10,16,71016,"S4_(0.75,1.00]",label_dyn,native,population_h1,retention,H1,21,20,0.419523809523809,0.973270676937097,0.420277878916145,0.9685,1.0049227452988,0.549619936271656,0.973270676937097
DTLZ5,10,16,71016,"S4_(0.75,1.00]",label_dyn,native,population_h3,retention,H3,21,18,0.419523809523809,0.927835096085477,0.424045076791975,0.908888888888889,1.02129649961736,0.545908945199061,0.927835096085477
DTLZ5,10,17,71017,"S1_[0,0.25]",label_dyn,native,front_final,nondominated,FINAL,5,5,0.428,0.198762772686725,0.442857142857143,0.188,1.07486575645585,0.507812920894316,NaN
DTLZ5,10,17,71017,"S1_[0,0.25]",label_dyn,native,front_h1,nondominated,H1,5,5,0.428,0.84743008812478,0.498074311204271,0.712,1.20037623867952,0.611816043381023,NaN
DTLZ5,10,17,71017,"S1_[0,0.25]",label_dyn,native,front_h3,nondominated,H3,5,5,0.428,0.817094450301408,0.532373957425402,0.644,1.27096079033547,0.645237524968381,NaN
DTLZ5,10,17,71017,"S1_[0,0.25]",label_dyn,native,population_final,retention,FINAL,5,5,0.428,0.00338983050847458,0.0666666666666667,0.022,0.112994350282486,0.315376253594221,0.00338983050847458
DTLZ5,10,17,71017,"S1_[0,0.25]",label_dyn,native,population_h1,retention,H1,5,5,0.428,0.976152245019328,0.445437352245863,0.932,1.0469544458574,0.646052009456265,0.976152245019328
DTLZ5,10,17,71017,"S1_[0,0.25]",label_dyn,native,population_h3,retention,H3,5,5,0.428,0.950114886600168,0.490311743813556,0.82,1.15888658595185,0.671815658628484,0.950114886600168
DTLZ5,10,17,71017,"S2_(0.25,0.50]",label_dyn,native,front_final,nondominated,FINAL,21,21,0.392857142857143,0.565639913990098,0.396605772581405,0.554285714285714,1.02638718801455,0.500505044013752,NaN
DTLZ5,10,17,71017,"S2_(0.25,0.50]",label_dyn,native,front_h1,nondominated,H1,21,21,0.392857142857143,0.936351593359953,0.407209823475262,0.904761904761905,1.03768886707342,0.58543972721947,NaN
DTLZ5,10,17,71017,"S2_(0.25,0.50]",label_dyn,native,front_h3,nondominated,H3,21,21,0.392857142857143,0.900259701357961,0.405219000667348,0.873809523809524,1.03111800635796,0.591635351771505,NaN
DTLZ5,10,17,71017,"S2_(0.25,0.50]",label_dyn,native,population_final,retention,FINAL,21,21,0.392857142857143,0.215357691572788,0.589908342568526,0.152857142857143,1.54130737606731,0.611905021445454,0.215357691572788
DTLZ5,10,17,71017,"S2_(0.25,0.50]",label_dyn,native,population_h1,retention,H1,21,21,0.392857142857143,0.967055434465356,0.402459686750675,0.943809523809524,1.02451019611661,0.599189027048807,0.967055434465356
DTLZ5,10,17,71017,"S2_(0.25,0.50]",label_dyn,native,population_h3,retention,H3,21,21,0.392857142857143,0.915757401433911,0.419738777863208,0.853809523809524,1.07222632777168,0.595760647144291,0.915757401433911
DTLZ5,10,17,71017,"S3_(0.50,0.75]",label_dyn,native,front_final,nondominated,FINAL,20,20,0.4675,0.761641034150707,0.440870071942841,0.806,0.943233672302223,0.439554828157069,NaN
DTLZ5,10,17,71017,"S3_(0.50,0.75]",label_dyn,native,front_h1,nondominated,H1,20,20,0.4675,0.988376322751323,0.465865051433041,0.9915,0.99665756784075,0.504331025856725,NaN
DTLZ5,10,17,71017,"S3_(0.50,0.75]",label_dyn,native,front_h3,nondominated,H3,20,20,0.4675,0.96149948186014,0.461207902487822,0.974,0.986742476233325,0.424609105721556,NaN
DTLZ5,10,17,71017,"S3_(0.50,0.75]",label_dyn,native,population_final,retention,FINAL,20,20,0.4675,0.37035271095237,0.465345948573346,0.3675,1.00023573519509,0.499953235479359,0.37035271095237
DTLZ5,10,17,71017,"S3_(0.50,0.75]",label_dyn,native,population_h1,retention,H1,20,20,0.4675,0.968008452706484,0.472522453140695,0.958,1.01033531125118,0.583463607522728,0.968008452706484
DTLZ5,10,17,71017,"S3_(0.50,0.75]",label_dyn,native,population_h3,retention,H3,20,20,0.4675,0.900847734060455,0.478481137142342,0.8805,1.02269088292252,0.553616713259816,0.900847734060455
DTLZ5,10,17,71017,"S4_(0.75,1.00]",label_dyn,native,front_final,nondominated,FINAL,21,21,0.536666666666667,0.979491532659086,0.54646332261305,0.961904761904762,1.01900903251062,0.634775777656789,NaN
DTLZ5,10,17,71017,"S4_(0.75,1.00]",label_dyn,native,front_h1,nondominated,H1,21,20,0.536666666666667,0.99638354506957,0.535412002414212,0.9945,1.00194962867423,0.52849067149509,NaN
DTLZ5,10,17,71017,"S4_(0.75,1.00]",label_dyn,native,front_h3,nondominated,H3,21,18,0.536666666666667,0.987741125333441,0.533000400922284,0.982777777777778,1.00515625568537,0.534750300691713,NaN
DTLZ5,10,17,71017,"S4_(0.75,1.00]",label_dyn,native,population_final,retention,FINAL,21,21,0.536666666666667,0.780145009043327,0.556496855295986,0.754761904761905,1.03948407657209,0.516613809005482,0.780145009043327
DTLZ5,10,17,71017,"S4_(0.75,1.00]",label_dyn,native,population_h1,retention,H1,21,20,0.536666666666667,0.972672131693843,0.538837981246757,0.9645,1.00864681997089,0.567327007673732,0.972672131693843
DTLZ5,10,17,71017,"S4_(0.75,1.00]",label_dyn,native,population_h3,retention,H3,21,18,0.536666666666667,0.921656334598355,0.540647414319673,0.903333333333333,1.02060612935225,0.564364388700518,0.921656334598355
DTLZ5,10,18,71018,"S1_[0,0.25]",label_dyn,native,front_final,nondominated,FINAL,5,5,0.348,0.274926631176631,0.648922305764411,0.152,1.85321078084236,0.675799417731642,NaN
DTLZ5,10,18,71018,"S1_[0,0.25]",label_dyn,native,front_h1,nondominated,H1,5,5,0.348,0.994444444444444,0.501308635114194,0.694,1.43843491104431,0.747951614854394,NaN
DTLZ5,10,18,71018,"S1_[0,0.25]",label_dyn,native,front_h3,nondominated,H3,5,5,0.348,0.955555555555555,0.501939879874439,0.666,1.44095377246213,0.73133266664141,NaN
DTLZ5,10,18,71018,"S1_[0,0.25]",label_dyn,native,population_final,retention,FINAL,5,5,0.348,0.0981367731367731,0.607619047619048,0.056,1.74780624780625,0.637542982370133,0.0981367731367731
DTLZ5,10,18,71018,"S1_[0,0.25]",label_dyn,native,population_h1,retention,H1,5,5,0.348,1,0.3694960806271,0.942,1.06159014557671,0.68474804031355,1
DTLZ5,10,18,71018,"S1_[0,0.25]",label_dyn,native,population_h3,retention,H3,5,5,0.348,1,0.416512650314313,0.836,1.19635088828361,0.708256325157157,1
DTLZ5,10,18,71018,"S2_(0.25,0.50]",label_dyn,native,front_final,nondominated,FINAL,21,21,0.417142857142857,0.397523558090661,0.439167572909095,0.386190476190476,1.04467662882819,0.514802190480216,NaN
DTLZ5,10,18,71018,"S2_(0.25,0.50]",label_dyn,native,front_h1,nondominated,H1,21,21,0.417142857142857,0.991179285179676,0.428462864013274,0.965714285714286,1.02939429812482,0.599149616947735,NaN
DTLZ5,10,18,71018,"S2_(0.25,0.50]",label_dyn,native,front_h3,nondominated,H3,21,21,0.417142857142857,0.947943166610971,0.428788494526912,0.922857142857143,1.0291934886304,0.502127259625116,NaN
DTLZ5,10,18,71018,"S2_(0.25,0.50]",label_dyn,native,population_final,retention,FINAL,21,21,0.417142857142857,0.148687548602802,0.575871071039138,0.10952380952381,1.38429709889916,0.588496155607139,0.148687548602802
DTLZ5,10,18,71018,"S2_(0.25,0.50]",label_dyn,native,population_h1,retention,H1,21,21,0.417142857142857,0.970756324344884,0.428154938139505,0.946190476190476,1.02610640958647,0.595697238189521,0.970756324344884
DTLZ5,10,18,71018,"S2_(0.25,0.50]",label_dyn,native,population_h3,retention,H3,21,21,0.417142857142857,0.900489793684211,0.446320266442717,0.841904761904762,1.06899433539258,0.595917107506049,0.900489793684211
DTLZ5,10,18,71018,"S3_(0.50,0.75]",label_dyn,native,front_final,nondominated,FINAL,20,20,0.407,0.779995499428297,0.434354135106634,0.728,1.07079155112031,0.550897638416598,NaN
DTLZ5,10,18,71018,"S3_(0.50,0.75]",label_dyn,native,front_h1,nondominated,H1,20,20,0.407,0.986225547502143,0.406911049268192,0.986,0.999801667430847,0.586226310984635,NaN
DTLZ5,10,18,71018,"S3_(0.50,0.75]",label_dyn,native,front_h3,nondominated,H3,20,20,0.407,0.966056026657999,0.407029399148299,0.9635,1.00170007009899,0.606615293140342,NaN
DTLZ5,10,18,71018,"S3_(0.50,0.75]",label_dyn,native,population_final,retention,FINAL,20,20,0.407,0.362446204534554,0.566839216514124,0.2675,1.42444387848,0.603419062226299,0.362446204534554
DTLZ5,10,18,71018,"S3_(0.50,0.75]",label_dyn,native,population_h1,retention,H1,20,20,0.407,0.959123707575446,0.410967635611999,0.949,1.01045418444559,0.550731311540335,0.959123707575446
DTLZ5,10,18,71018,"S3_(0.50,0.75]",label_dyn,native,population_h3,retention,H3,20,20,0.407,0.885079991456873,0.416075796254031,0.8645,1.02360470692423,0.535354598239768,0.885079991456873
DTLZ5,10,18,71018,"S4_(0.75,1.00]",label_dyn,native,front_final,nondominated,FINAL,21,21,0.474761904761905,0.949536591289701,0.488589740747728,0.923333333333333,1.02827025456253,0.614778290312967,NaN
DTLZ5,10,18,71018,"S4_(0.75,1.00]",label_dyn,native,front_h1,nondominated,H1,21,20,0.474761904761905,0.990503875968992,0.474530694879833,0.9885,1.00179511636007,0.666624907061329,NaN
DTLZ5,10,18,71018,"S4_(0.75,1.00]",label_dyn,native,front_h3,nondominated,H3,21,18,0.474761904761905,0.982906333410526,0.483030074823512,0.976111111111111,1.00656905502377,0.630927497080421,NaN
DTLZ5,10,18,71018,"S4_(0.75,1.00]",label_dyn,native,population_final,retention,FINAL,21,21,0.474761904761905,0.729803010461225,0.527369033969426,0.664761904761905,1.10933983333149,0.570740063718745,0.729803010461225
DTLZ5,10,18,71018,"S4_(0.75,1.00]",label_dyn,native,population_h1,retention,H1,21,20,0.474761904761905,0.956684133958375,0.482064755727471,0.94,1.01844064698111,0.583054773360396,0.956684133958375
DTLZ5,10,18,71018,"S4_(0.75,1.00]",label_dyn,native,population_h3,retention,H3,21,18,0.474761904761905,0.890180074075014,0.505024732180542,0.844444444444445,1.05566385255821,0.576799686530085,0.890180074075014
DTLZ5,10,19,71019,"S1_[0,0.25]",label_dyn,native,front_final,nondominated,FINAL,5,5,0.484,0.27810801193937,0.680565610859729,0.198,1.41671139506621,0.622808136938233,NaN
DTLZ5,10,19,71019,"S1_[0,0.25]",label_dyn,native,front_h1,nondominated,H1,5,5,0.484,0.653848910136764,0.51752181464765,0.612,1.07075261485536,0.542520979326862,NaN
DTLZ5,10,19,71019,"S1_[0,0.25]",label_dyn,native,front_h3,nondominated,H3,5,5,0.484,0.629809453438867,0.524806270367041,0.582,1.08787894853489,0.546192070045955,NaN
DTLZ5,10,19,71019,"S1_[0,0.25]",label_dyn,native,population_final,retention,FINAL,5,5,0.484,0.0615386959652402,0.743333333333333,0.04,1.54236078038288,0.635100605896184,0.0615386959652402
DTLZ5,10,19,71019,"S1_[0,0.25]",label_dyn,native,population_h1,retention,H1,5,5,0.484,0.964065547403826,0.496751315488447,0.938,1.02778998234251,0.603137562506128,0.964065547403826
DTLZ5,10,19,71019,"S1_[0,0.25]",label_dyn,native,population_h3,retention,H3,5,5,0.484,0.895763566414431,0.522923750752138,0.826,1.08472841273532,0.610522332892409,0.895763566414431
DTLZ5,10,19,71019,"S2_(0.25,0.50]",label_dyn,native,front_final,nondominated,FINAL,21,21,0.482380952380952,0.663900609586675,0.530490049404678,0.608571428571429,1.11322472703393,0.56775436784154,NaN
DTLZ5,10,19,71019,"S2_(0.25,0.50]",label_dyn,native,front_h1,nondominated,H1,21,21,0.482380952380952,0.962650499464815,0.492159156241171,0.942380952380952,1.02384068820325,0.591106948870408,NaN
DTLZ5,10,19,71019,"S2_(0.25,0.50]",label_dyn,native,front_h3,nondominated,H3,21,21,0.482380952380952,0.934635194369097,0.495337794914095,0.906666666666667,1.03226241865387,0.595226696800561,NaN
DTLZ5,10,19,71019,"S2_(0.25,0.50]",label_dyn,native,population_final,retention,FINAL,21,21,0.482380952380952,0.176007842927588,0.643553681093823,0.126190476190476,1.32769033955774,0.595122214028156,0.176007842927588
DTLZ5,10,19,71019,"S2_(0.25,0.50]",label_dyn,native,population_h1,retention,H1,21,21,0.482380952380952,0.971178549840234,0.495814815588598,0.942857142857143,1.02990313952469,0.631977702578879,0.971178549840234
DTLZ5,10,19,71019,"S2_(0.25,0.50]",label_dyn,native,population_h3,retention,H3,21,21,0.482380952380952,0.901040256423557,0.509349060131677,0.848095238095238,1.06198467466482,0.593081024017445,0.901040256423557
DTLZ5,10,19,71019,"S3_(0.50,0.75]",label_dyn,native,front_final,nondominated,FINAL,20,20,0.442,0.964622770667944,0.46050725727199,0.9255,1.04340731565497,0.590954386211753,NaN
DTLZ5,10,19,71019,"S3_(0.50,0.75]",label_dyn,native,front_h1,nondominated,H1,20,20,0.442,1,0.443699237270666,0.996,1.0040713254999,0.717398474541332,NaN
DTLZ5,10,19,71019,"S3_(0.50,0.75]",label_dyn,native,front_h3,nondominated,H3,20,20,0.442,1,0.447017139361212,0.988,1.01237376463764,0.716833763055647,NaN
DTLZ5,10,19,71019,"S3_(0.50,0.75]",label_dyn,native,population_final,retention,FINAL,20,20,0.442,0.427529472010985,0.556252233142808,0.348,1.26941626313932,0.581377936423813,0.427529472010985
DTLZ5,10,19,71019,"S3_(0.50,0.75]",label_dyn,native,population_h1,retention,H1,20,20,0.442,0.974105483198023,0.451867111039036,0.953,1.02320821169495,0.60190577774174,0.974105483198023
DTLZ5,10,19,71019,"S3_(0.50,0.75]",label_dyn,native,population_h3,retention,H3,20,20,0.442,0.916334241805276,0.464742969649217,0.8705,1.0540479711843,0.589231131820125,0.916334241805276
DTLZ5,10,19,71019,"S4_(0.75,1.00]",label_dyn,native,front_final,nondominated,FINAL,21,21,0.524285714285714,0.994489844780542,0.525091272194155,0.992857142857143,1.00166569876895,0.54389930761433,NaN
DTLZ5,10,19,71019,"S4_(0.75,1.00]",label_dyn,native,front_h1,nondominated,H1,21,20,0.524285714285714,1,0.517747474747475,0.9995,1.00050505050505,0.747474747474748,NaN
DTLZ5,10,19,71019,"S4_(0.75,1.00]",label_dyn,native,front_h3,nondominated,H3,21,18,0.524285714285714,1,0.503013468013468,0.997222222222222,1.00280583613917,0.742424242424242,NaN
DTLZ5,10,19,71019,"S4_(0.75,1.00]",label_dyn,native,population_final,retention,FINAL,21,21,0.524285714285714,0.80381211304172,0.576839396370461,0.72952380952381,1.1100226834512,0.623854682205186,0.80381211304172
DTLZ5,10,19,71019,"S4_(0.75,1.00]",label_dyn,native,population_h1,retention,H1,21,20,0.524285714285714,0.963945962414977,0.524477129222035,0.953,1.01216271342202,0.580361199762543,0.963945962414977
DTLZ5,10,19,71019,"S4_(0.75,1.00]",label_dyn,native,population_h3,retention,H3,21,18,0.524285714285714,0.895821471016401,0.518274519647084,0.868888888888889,1.0312777793534,0.578428021863487,0.895821471016401
DTLZ5,10,20,71020,"S1_[0,0.25]",label_dyn,native,front_final,nondominated,FINAL,5,5,0.434,0.223863682687212,0.625289987789988,0.154,1.4635797724033,0.612382598757582,NaN
DTLZ5,10,20,71020,"S1_[0,0.25]",label_dyn,native,front_h1,nondominated,H1,5,5,0.434,0.841525009172068,0.54756688902653,0.666,1.26854439224602,0.666495144577906,NaN
DTLZ5,10,20,71020,"S1_[0,0.25]",label_dyn,native,front_h3,nondominated,H3,5,5,0.434,0.841525009172068,0.550531196346554,0.664,1.27290366771664,0.669029346964386,NaN
DTLZ5,10,20,71020,"S1_[0,0.25]",label_dyn,native,population_final,retention,FINAL,5,5,0.434,0.0818026170967348,0.599047619047619,0.058,1.42478613066848,0.587409876785306,0.0818026170967348
DTLZ5,10,20,71020,"S1_[0,0.25]",label_dyn,native,population_h1,retention,H1,5,5,0.434,0.980920060331825,0.449451287793953,0.944,1.0391101224709,0.63805897723031,0.980920060331825
DTLZ5,10,20,71020,"S1_[0,0.25]",label_dyn,native,population_h3,retention,H3,5,5,0.434,0.935569279686927,0.476723505316949,0.84,1.11370862973718,0.634737803078642,0.935569279686927
DTLZ5,10,20,71020,"S2_(0.25,0.50]",label_dyn,native,front_final,nondominated,FINAL,21,21,0.464285714285714,0.425934159495122,0.502615723961635,0.416190476190476,1.09139322757836,0.516232612679459,NaN
DTLZ5,10,20,71020,"S2_(0.25,0.50]",label_dyn,native,front_h1,nondominated,H1,21,21,0.464285714285714,0.981405040979509,0.473467954146699,0.962857142857143,1.02110875057616,0.639856230097425,NaN
DTLZ5,10,20,71020,"S2_(0.25,0.50]",label_dyn,native,front_h3,nondominated,H3,21,21,0.464285714285714,0.960488060950596,0.478269348099962,0.932857142857143,1.03299304947919,0.614824661663061,NaN
DTLZ5,10,20,71020,"S2_(0.25,0.50]",label_dyn,native,population_final,retention,FINAL,21,21,0.464285714285714,0.203624254916817,0.527710051364906,0.197142857142857,1.15996409228743,0.53135012925835,0.203624254916817
DTLZ5,10,20,71020,"S2_(0.25,0.50]",label_dyn,native,population_h1,retention,H1,21,21,0.464285714285714,0.976109001316508,0.480148143667034,0.942380952380952,1.03591460085238,0.638326150442738,0.976109001316508
DTLZ5,10,20,71020,"S2_(0.25,0.50]",label_dyn,native,population_h3,retention,H3,21,21,0.464285714285714,0.915621560270476,0.502907378962731,0.843809523809524,1.08573798113084,0.621939412601432,0.915621560270476
DTLZ5,10,20,71020,"S3_(0.50,0.75]",label_dyn,native,front_final,nondominated,FINAL,20,20,0.4685,0.718962551235306,0.452004698170781,0.7475,0.963984302719564,0.460006514081709,NaN
DTLZ5,10,20,71020,"S3_(0.50,0.75]",label_dyn,native,front_h1,nondominated,H1,20,20,0.4685,0.988683566740888,0.468038671089641,0.989,0.999556763342992,0.525705337756308,NaN
DTLZ5,10,20,71020,"S3_(0.50,0.75]",label_dyn,native,front_h3,nondominated,H3,20,20,0.4685,0.973022507010061,0.469067239406193,0.971,1.0019570481377,0.539582036252009,NaN
DTLZ5,10,20,71020,"S3_(0.50,0.75]",label_dyn,native,population_final,retention,FINAL,20,20,0.4685,0.39633249205627,0.442115660830963,0.42,0.949070482946114,0.475514312908868,0.39633249205627
DTLZ5,10,20,71020,"S3_(0.50,0.75]",label_dyn,native,population_h1,retention,H1,20,20,0.4685,0.954910972710628,0.468285596907026,0.9535,1.00131485413615,0.51971819527891,0.954910972710628
DTLZ5,10,20,71020,"S3_(0.50,0.75]",label_dyn,native,population_h3,retention,H3,20,20,0.4685,0.884908166485003,0.47028761024119,0.8775,1.00863547645875,0.506648931938222,0.884908166485003
DTLZ5,10,20,71020,"S4_(0.75,1.00]",label_dyn,native,front_final,nondominated,FINAL,21,21,0.479523809523809,0.86034377078173,0.483117317043495,0.856666666666667,1.00409935195209,0.522740641401149,NaN
DTLZ5,10,20,71020,"S4_(0.75,1.00]",label_dyn,native,front_h1,nondominated,H1,21,20,0.479523809523809,0.985463700423655,0.471001932308431,0.99,0.995194763715475,0.407979410990243,NaN
DTLZ5,10,20,71020,"S4_(0.75,1.00]",label_dyn,native,front_h3,nondominated,H3,21,18,0.479523809523809,0.955278611634636,0.453050945302074,0.972222222222222,0.982038909319435,0.336467105581666,NaN
DTLZ5,10,20,71020,"S4_(0.75,1.00]",label_dyn,native,population_final,retention,FINAL,21,21,0.479523809523809,0.658401053363837,0.465841758444984,0.682857142857143,0.964612666576622,0.478328692484005,0.658401053363837
DTLZ5,10,20,71020,"S4_(0.75,1.00]",label_dyn,native,population_h1,retention,H1,21,20,0.479523809523809,0.95992364801901,0.471092224139645,0.9655,0.994243626767075,0.422314620892211,0.95992364801901
DTLZ5,10,20,71020,"S4_(0.75,1.00]",label_dyn,native,population_h3,retention,H3,21,18,0.479523809523809,0.884884480854145,0.451807764541425,0.903888888888889,0.978812594595612,0.424836583341571,0.884884480854145
DTLZ5,10,21,71021,"S1_[0,0.25]",label_dyn,native,front_final,nondominated,FINAL,5,5,0.42,0.346217077355253,0.676847265221878,0.208,1.70067150090427,0.661688238793956,NaN
DTLZ5,10,21,71021,"S1_[0,0.25]",label_dyn,native,front_h1,nondominated,H1,5,5,0.42,0.869836541543334,0.544905333602367,0.65,1.34769720294244,0.676203112762487,NaN
DTLZ5,10,21,71021,"S1_[0,0.25]",label_dyn,native,front_h3,nondominated,H3,5,5,0.42,0.800712656247054,0.547152503034663,0.596,1.35599175456432,0.654912875597858,NaN
DTLZ5,10,21,71021,"S1_[0,0.25]",label_dyn,native,population_final,retention,FINAL,5,5,0.42,0.0926415414490677,0.666666666666667,0.06,1.54402569081779,0.631205673758865,0.0926415414490677
DTLZ5,10,21,71021,"S1_[0,0.25]",label_dyn,native,population_h1,retention,H1,5,5,0.42,0.982933956750438,0.433661814109742,0.944,1.0413862478672,0.616830907054871,0.982933956750438
DTLZ5,10,21,71021,"S1_[0,0.25]",label_dyn,native,population_h3,retention,H3,5,5,0.42,0.94901302765785,0.469356170325903,0.834,1.13845323213399,0.647178085162951,0.94901302765785
DTLZ5,10,21,71021,"S2_(0.25,0.50]",label_dyn,native,front_final,nondominated,FINAL,21,21,0.397619047619048,0.617772324841999,0.467254347314632,0.537142857142857,1.17039777282019,0.576740072973688,NaN
DTLZ5,10,21,71021,"S2_(0.25,0.50]",label_dyn,native,front_h1,nondominated,H1,21,21,0.397619047619048,0.959848730025001,0.413631621301168,0.926666666666667,1.04156375527461,0.596554879229938,NaN
DTLZ5,10,21,71021,"S2_(0.25,0.50]",label_dyn,native,front_h3,nondominated,H3,21,21,0.397619047619048,0.92095333883698,0.413087832933828,0.891428571428572,1.03875128349499,0.573728233041454,NaN
DTLZ5,10,21,71021,"S2_(0.25,0.50]",label_dyn,native,population_final,retention,FINAL,21,21,0.397619047619048,0.198418289168363,0.504508663734854,0.166666666666667,1.26239488365313,0.560885468233252,0.198418289168363
DTLZ5,10,21,71021,"S2_(0.25,0.50]",label_dyn,native,population_h1,retention,H1,21,21,0.397619047619048,0.968197913058961,0.411964941645224,0.933809523809524,1.03663223198659,0.623408330055194,0.968197913058961
DTLZ5,10,21,71021,"S2_(0.25,0.50]",label_dyn,native,population_h3,retention,H3,21,21,0.397619047619048,0.904697202221159,0.430497083899513,0.836190476190476,1.08151320400853,0.60413347831092,0.904697202221159
DTLZ5,10,21,71021,"S3_(0.50,0.75]",label_dyn,native,front_final,nondominated,FINAL,20,20,0.376,0.817715037275047,0.382204095459652,0.8045,1.01859682902813,0.505578923749179,NaN
DTLZ5,10,21,71021,"S3_(0.50,0.75]",label_dyn,native,front_h1,nondominated,H1,20,20,0.376,0.992850877192982,0.376855705168665,0.9905,1.00285936069402,0.406703953058887,NaN
DTLZ5,10,21,71021,"S3_(0.50,0.75]",label_dyn,native,front_h3,nondominated,H3,20,20,0.376,0.981847421584264,0.378419782656134,0.975,1.00841960771263,0.399366912897206,NaN
DTLZ5,10,21,71021,"S3_(0.50,0.75]",label_dyn,native,population_final,retention,FINAL,20,20,0.376,0.525254170151824,0.45783649459771,0.428,1.23638234782346,0.569465666540913,0.525254170151824
DTLZ5,10,21,71021,"S3_(0.50,0.75]",label_dyn,native,population_h1,retention,H1,20,20,0.376,0.966639217861279,0.379354389927534,0.9575,1.0099833611839,0.5205105282971,0.966639217861279
DTLZ5,10,21,71021,"S3_(0.50,0.75]",label_dyn,native,population_h3,retention,H3,20,20,0.376,0.918797906401288,0.387471144417238,0.889,1.03461303885606,0.542889245332881,0.918797906401288
DTLZ5,10,21,71021,"S4_(0.75,1.00]",label_dyn,native,front_final,nondominated,FINAL,21,21,0.446190476190476,0.807792263481374,0.425500878463283,0.845714285714286,0.953548119724475,0.445216671338519,NaN
DTLZ5,10,21,71021,"S4_(0.75,1.00]",label_dyn,native,front_h1,nondominated,H1,21,20,0.446190476190476,0.993716433941998,0.443354864433812,0.9945,0.999153928338733,0.542849548112706,NaN
DTLZ5,10,21,71021,"S4_(0.75,1.00]",label_dyn,native,front_h3,nondominated,H3,21,18,0.446190476190476,0.982139492402451,0.453354353539124,0.981666666666666,1.00043445739488,0.544074645026493,NaN
DTLZ5,10,21,71021,"S4_(0.75,1.00]",label_dyn,native,population_final,retention,FINAL,21,21,0.446190476190476,0.619805481323016,0.423528917058131,0.646666666666667,0.948220816294624,0.477892876381503,0.619805481323016
DTLZ5,10,21,71021,"S4_(0.75,1.00]",label_dyn,native,population_h1,retention,H1,21,20,0.446190476190476,0.958043495180432,0.442430485001853,0.9605,0.997312560686877,0.47741666166475,0.958043495180432
DTLZ5,10,21,71021,"S4_(0.75,1.00]",label_dyn,native,population_h3,retention,H3,21,18,0.446190476190476,0.89625468804499,0.455233322992316,0.891666666666667,1.00456726850794,0.519668862868535,0.89625468804499
DTLZ5,10,22,71022,"S1_[0,0.25]",label_dyn,native,front_final,nondominated,FINAL,5,5,0.546,0.316710875331565,0.735780998389694,0.226,1.38782375194169,0.622829675454605,NaN
DTLZ5,10,22,71022,"S1_[0,0.25]",label_dyn,native,front_h1,nondominated,H1,5,5,0.546,0.894951370468612,0.774282226164261,0.632,1.41729964791536,0.806678797619815,NaN
DTLZ5,10,22,71022,"S1_[0,0.25]",label_dyn,native,front_h3,nondominated,H3,5,5,0.546,0.857709991158267,0.790374077655222,0.596,1.44435073127574,0.796566333292012,NaN
DTLZ5,10,22,71022,"S1_[0,0.25]",label_dyn,native,population_final,retention,FINAL,5,5,0.546,0.0859593280282935,0.9,0.052,1.6525198938992,0.686539753639418,0.0859593280282935
DTLZ5,10,22,71022,"S1_[0,0.25]",label_dyn,native,population_h1,retention,H1,5,5,0.546,1,0.583185646818248,0.938,1.06621549247773,0.791592823409124,1
DTLZ5,10,22,71022,"S1_[0,0.25]",label_dyn,native,population_h3,retention,H3,5,5,0.546,0.993589743589744,0.645249907191792,0.84,1.18286461943443,0.81049260065472,0.993589743589744
DTLZ5,10,22,71022,"S2_(0.25,0.50]",label_dyn,native,front_final,nondominated,FINAL,21,21,0.384761904761905,0.579279741047835,0.432640008895017,0.518571428571428,1.14357308077752,0.542816597626464,NaN
DTLZ5,10,22,71022,"S2_(0.25,0.50]",label_dyn,native,front_h1,nondominated,H1,21,21,0.384761904761905,0.97248946521107,0.405262817864815,0.937142857142857,1.04609584997482,0.520111766253594,NaN
DTLZ5,10,22,71022,"S2_(0.25,0.50]",label_dyn,native,front_h3,nondominated,H3,21,21,0.384761904761905,0.94804204496533,0.403021428672004,0.918571428571428,1.03953833502004,0.544543996807963,NaN
DTLZ5,10,22,71022,"S2_(0.25,0.50]",label_dyn,native,population_final,retention,FINAL,21,21,0.384761904761905,0.152416771869876,0.473195432018962,0.134285714285714,1.24977778130545,0.547495207816663,0.152416771869876
DTLZ5,10,22,71022,"S2_(0.25,0.50]",label_dyn,native,population_h1,retention,H1,21,21,0.384761904761905,0.972349657928406,0.395288149124831,0.945714285714286,1.02899571104814,0.575964876567428,0.972349657928406
DTLZ5,10,22,71022,"S2_(0.25,0.50]",label_dyn,native,population_h3,retention,H3,21,21,0.384761904761905,0.923253749505783,0.416178090558041,0.856190476190476,1.07957000543756,0.604069863791351,0.923253749505783
DTLZ5,10,22,71022,"S3_(0.50,0.75]",label_dyn,native,front_final,nondominated,FINAL,20,20,0.3825,0.766314728427141,0.378119541955921,0.778,0.981575972624062,0.499260178965421,NaN
DTLZ5,10,22,71022,"S3_(0.50,0.75]",label_dyn,native,front_h1,nondominated,H1,20,20,0.3825,0.977284275683666,0.379539226023118,0.986,0.990637887848625,0.380784325210872,NaN
DTLZ5,10,22,71022,"S3_(0.50,0.75]",label_dyn,native,front_h3,nondominated,H3,20,20,0.3825,0.931610871756427,0.373960234130919,0.957,0.971151861256594,0.416788717771474,NaN
DTLZ5,10,22,71022,"S3_(0.50,0.75]",label_dyn,native,population_final,retention,FINAL,20,20,0.3825,0.298060174353739,0.368944523154553,0.3105,0.951371522079598,0.490782128415978,0.298060174353739
DTLZ5,10,22,71022,"S3_(0.50,0.75]",label_dyn,native,population_h1,retention,H1,20,20,0.3825,0.948103183787438,0.382406003289401,0.949,0.998745168261349,0.507691096882796,0.948103183787438
DTLZ5,10,22,71022,"S3_(0.50,0.75]",label_dyn,native,population_h3,retention,H3,20,20,0.3825,0.864912460477931,0.380149190266426,0.873,0.989802086516165,0.496121499617617,0.864912460477931
DTLZ5,10,22,71022,"S4_(0.75,1.00]",label_dyn,native,front_final,nondominated,FINAL,21,21,0.418571428571429,0.94086360732579,0.425203462372506,0.92952380952381,1.01274246389777,0.530048879647488,NaN
DTLZ5,10,22,71022,"S4_(0.75,1.00]",label_dyn,native,front_h1,nondominated,H1,21,20,0.418571428571429,0.988168914418914,0.422442457605052,0.9905,0.997460640025148,0.547220416004592,NaN
DTLZ5,10,22,71022,"S4_(0.75,1.00]",label_dyn,native,front_h3,nondominated,H3,21,18,0.418571428571429,0.967338874043491,0.428962236252606,0.967222222222222,1.00000355800054,0.514810603130186,NaN
DTLZ5,10,22,71022,"S4_(0.75,1.00]",label_dyn,native,population_final,retention,FINAL,21,21,0.418571428571429,0.667386243889914,0.466336009761312,0.61047619047619,1.10055928524847,0.5603191192106,0.667386243889914
DTLZ5,10,22,71022,"S4_(0.75,1.00]",label_dyn,native,population_h1,retention,H1,21,20,0.418571428571429,0.964376168253222,0.432920632859305,0.944,1.02190880847248,0.604099025759538,0.964376168253222
DTLZ5,10,22,71022,"S4_(0.75,1.00]",label_dyn,native,population_h3,retention,H3,21,18,0.418571428571429,0.902483636942939,0.456438293153201,0.851111111111111,1.0622025309617,0.58682186073487,0.902483636942939
DTLZ5,10,23,71023,"S1_[0,0.25]",label_dyn,native,front_final,nondominated,FINAL,5,5,0.408,0.136947770231945,0.697777777777778,0.08,1.70981126171143,0.657559179172082,NaN
DTLZ5,10,23,71023,"S1_[0,0.25]",label_dyn,native,front_h1,nondominated,H1,5,5,0.408,0.916908984991798,0.488128974021423,0.766,1.19827813421584,0.6755657277055,NaN
DTLZ5,10,23,71023,"S1_[0,0.25]",label_dyn,native,front_h3,nondominated,H3,5,5,0.408,0.865397357084822,0.489955093215963,0.718,1.20370839742464,0.652915963522555,NaN
DTLZ5,10,23,71023,"S1_[0,0.25]",label_dyn,native,population_final,retention,FINAL,5,5,0.408,0.0834085020925634,0.85,0.04,2.08521255231408,0.730208333333333,0.0834085020925634
DTLZ5,10,23,71023,"S1_[0,0.25]",label_dyn,native,population_h1,retention,H1,5,5,0.408,0.990470788428815,0.429787234042553,0.94,1.05369232811576,0.681560283687943,0.990470788428815
DTLZ5,10,23,71023,"S1_[0,0.25]",label_dyn,native,population_h3,retention,H3,5,5,0.408,0.942807714123653,0.463882008871724,0.828,1.13858651525314,0.662905056723444,0.942807714123653
DTLZ5,10,23,71023,"S2_(0.25,0.50]",label_dyn,native,front_final,nondominated,FINAL,21,21,0.401428571428571,0.47190417385667,0.487845259421873,0.391428571428571,1.24436733110827,0.567207379539007,NaN
DTLZ5,10,23,71023,"S2_(0.25,0.50]",label_dyn,native,front_h1,nondominated,H1,21,21,0.401428571428571,0.97471924067421,0.406815425954198,0.962857142857143,1.01318013580702,0.53710447060179,NaN
DTLZ5,10,23,71023,"S2_(0.25,0.50]",label_dyn,native,front_h3,nondominated,H3,21,21,0.401428571428571,0.931478973000251,0.408428937634468,0.918571428571428,1.01591497561717,0.529101782083786,NaN
DTLZ5,10,23,71023,"S2_(0.25,0.50]",label_dyn,native,population_final,retention,FINAL,21,21,0.401428571428571,0.0872029185554158,0.409540855969427,0.0919047619047619,0.9887504682601,0.503635703332447,0.0872029185554158
DTLZ5,10,23,71023,"S2_(0.25,0.50]",label_dyn,native,population_h1,retention,H1,21,21,0.401428571428571,0.961535441892914,0.407534430863053,0.945238095238095,1.01721981033822,0.551537434630317,0.961535441892914
DTLZ5,10,23,71023,"S2_(0.25,0.50]",label_dyn,native,population_h3,retention,H3,21,21,0.401428571428571,0.872330144916559,0.410603084081025,0.851428571428571,1.02436049308047,0.532496351588264,0.872330144916559
DTLZ5,10,23,71023,"S3_(0.50,0.75]",label_dyn,native,front_final,nondominated,FINAL,20,20,0.455,0.767435150153476,0.472757876990343,0.7365,1.04544638214919,0.530706165220367,NaN
DTLZ5,10,23,71023,"S3_(0.50,0.75]",label_dyn,native,front_h1,nondominated,H1,20,20,0.455,0.977935231817685,0.455130787464542,0.977,1.00067076580868,0.546406776482917,NaN
DTLZ5,10,23,71023,"S3_(0.50,0.75]",label_dyn,native,front_h3,nondominated,H3,20,20,0.455,0.955904050728047,0.46288726411812,0.938,1.01933671379382,0.580382394648635,NaN
DTLZ5,10,23,71023,"S3_(0.50,0.75]",label_dyn,native,population_final,retention,FINAL,20,20,0.455,0.270649266553353,0.480960505621883,0.2575,1.03491997716337,0.519312201264372,0.270649266553353
DTLZ5,10,23,71023,"S3_(0.50,0.75]",label_dyn,native,population_h1,retention,H1,20,20,0.455,0.944789759336258,0.46002690645362,0.9335,1.01182416327522,0.551288705752063,0.944789759336258
DTLZ5,10,23,71023,"S3_(0.50,0.75]",label_dyn,native,population_h3,retention,H3,20,20,0.455,0.860140131945926,0.475471618622751,0.824,1.04408177146841,0.560150684342829,0.860140131945926
DTLZ5,10,23,71023,"S4_(0.75,1.00]",label_dyn,native,front_final,nondominated,FINAL,21,21,0.401904761904762,0.993567327640276,0.406329974425914,0.982857142857143,1.01098383072782,0.645404045717006,NaN
DTLZ5,10,23,71023,"S4_(0.75,1.00]",label_dyn,native,front_h1,nondominated,H1,21,20,0.401904761904762,0.998809523809524,0.402343434343434,0.998,1.0008177008177,0.585858585858586,NaN
DTLZ5,10,23,71023,"S4_(0.75,1.00]",label_dyn,native,front_h3,nondominated,H3,21,18,0.401904761904762,0.998677248677249,0.406737442451728,0.994444444444445,1.00429846461592,0.645079622758194,NaN
DTLZ5,10,23,71023,"S4_(0.75,1.00]",label_dyn,native,population_final,retention,FINAL,21,21,0.401904761904762,0.699223423117147,0.399164138365037,0.699047619047619,0.995330016183255,0.495002080525712,0.699223423117147
DTLZ5,10,23,71023,"S4_(0.75,1.00]",label_dyn,native,population_h1,retention,H1,21,20,0.401904761904762,0.975515259384395,0.409647059490117,0.9575,1.01934079657694,0.572796697977255,0.975515259384395
DTLZ5,10,23,71023,"S4_(0.75,1.00]",label_dyn,native,population_h3,retention,H3,21,18,0.401904761904762,0.920255877184223,0.423773919008844,0.879444444444445,1.04801404101497,0.564830620781417,0.920255877184223
DTLZ5,10,24,71024,"S1_[0,0.25]",label_dyn,native,front_final,nondominated,FINAL,5,5,0.48,0.127998409463691,0.645714285714286,0.094,1.3869523951536,0.591158136545281,NaN
DTLZ5,10,24,71024,"S1_[0,0.25]",label_dyn,native,front_h1,nondominated,H1,5,5,0.48,0.902534917242408,0.608147482421676,0.704,1.2892381960365,0.717921085816696,NaN
DTLZ5,10,24,71024,"S1_[0,0.25]",label_dyn,native,front_h3,nondominated,H3,5,5,0.48,0.866476465033053,0.614859171947906,0.668,1.30609980415403,0.700046244611953,NaN
DTLZ5,10,24,71024,"S1_[0,0.25]",label_dyn,native,population_final,retention,FINAL,5,5,0.48,0.0396318571168216,0.766666666666667,0.026,1.54328412611627,0.647114103373308,0.0396318571168216
DTLZ5,10,24,71024,"S1_[0,0.25]",label_dyn,native,population_h1,retention,H1,5,5,0.48,0.97900293255132,0.500594829558453,0.936,1.04599429323232,0.655059319541132,0.97900293255132
DTLZ5,10,24,71024,"S1_[0,0.25]",label_dyn,native,population_h3,retention,H3,5,5,0.48,0.935343704955515,0.543119542306534,0.818,1.14333422848894,0.673606554778998,0.935343704955515
DTLZ5,10,24,71024,"S2_(0.25,0.50]",label_dyn,native,front_final,nondominated,FINAL,21,21,0.472857142857143,0.395117266225409,0.581301902406212,0.323809523809524,1.24497589710553,0.578249878053885,NaN
DTLZ5,10,24,71024,"S2_(0.25,0.50]",label_dyn,native,front_h1,nondominated,H1,21,21,0.472857142857143,0.989223395374704,0.482377696667377,0.969523809523809,1.02250615356462,0.616428994316813,NaN
DTLZ5,10,24,71024,"S2_(0.25,0.50]",label_dyn,native,front_h3,nondominated,H3,21,21,0.472857142857143,0.968920182851556,0.486608804018672,0.940952380952381,1.03218875693882,0.615116447506628,NaN
DTLZ5,10,24,71024,"S2_(0.25,0.50]",label_dyn,native,population_final,retention,FINAL,21,21,0.472857142857143,0.123095505674182,0.687028447742733,0.0852380952380953,1.48617799557662,0.616270106844711,0.123095505674182
DTLZ5,10,24,71024,"S2_(0.25,0.50]",label_dyn,native,population_h1,retention,H1,21,21,0.472857142857143,0.971676708758696,0.487799594738487,0.941428571428571,1.03249509075709,0.628598828496846,0.971676708758696
DTLZ5,10,24,71024,"S2_(0.25,0.50]",label_dyn,native,population_h3,retention,H3,21,21,0.472857142857143,0.918067551896316,0.51683814262546,0.837142857142857,1.09765844141076,0.632376274833733,0.918067551896316
DTLZ5,10,24,71024,"S3_(0.50,0.75]",label_dyn,native,front_final,nondominated,FINAL,20,20,0.4415,0.659786232032466,0.448389849058579,0.654,1.0134517898952,0.502873783163561,NaN
DTLZ5,10,24,71024,"S3_(0.50,0.75]",label_dyn,native,front_h1,nondominated,H1,20,20,0.4415,0.977530725897222,0.441909668895046,0.977,1.00047847760305,0.510933478418855,NaN
DTLZ5,10,24,71024,"S3_(0.50,0.75]",label_dyn,native,front_h3,nondominated,H3,20,20,0.4415,0.937320970088781,0.440104764190953,0.938,0.997418894056078,0.545450795174921,NaN
DTLZ5,10,24,71024,"S3_(0.50,0.75]",label_dyn,native,population_final,retention,FINAL,20,20,0.4415,0.329015765701033,0.527389560803824,0.2625,1.21361288705273,0.562914224454748,0.329015765701033
DTLZ5,10,24,71024,"S3_(0.50,0.75]",label_dyn,native,population_h1,retention,H1,20,20,0.4415,0.950475266330926,0.452258405357273,0.929,1.02392711981888,0.582537932837366,0.950475266330926
DTLZ5,10,24,71024,"S3_(0.50,0.75]",label_dyn,native,population_h3,retention,H3,20,20,0.4415,0.855278662729948,0.453957611751494,0.831,1.03013402599108,0.534549250853312,0.855278662729948
DTLZ5,10,24,71024,"S4_(0.75,1.00]",label_dyn,native,front_final,nondominated,FINAL,21,21,0.438571428571429,0.92972753549085,0.451219121631127,0.905238095238095,1.02978810521252,0.48270958570817,NaN
DTLZ5,10,24,71024,"S4_(0.75,1.00]",label_dyn,native,front_h1,nondominated,H1,21,20,0.438571428571429,0.988324211597974,0.440842956748423,0.99,0.998319852977975,0.431748441613393,NaN
DTLZ5,10,24,71024,"S4_(0.75,1.00]",label_dyn,native,front_h3,nondominated,H3,21,18,0.438571428571429,0.963445834908904,0.4533391596628,0.965555555555556,0.997950969062048,0.450315777310325,NaN
DTLZ5,10,24,71024,"S4_(0.75,1.00]",label_dyn,native,population_final,retention,FINAL,21,21,0.438571428571429,0.757427218103244,0.486114310493688,0.693333333333333,1.11440588201559,0.563240052741748,0.757427218103244
DTLZ5,10,24,71024,"S4_(0.75,1.00]",label_dyn,native,population_h1,retention,H1,21,20,0.438571428571429,0.955549989112739,0.44200321903498,0.9565,0.99896924590911,0.5130254190413,0.955549989112739
DTLZ5,10,24,71024,"S4_(0.75,1.00]",label_dyn,native,population_h3,retention,H3,21,18,0.438571428571429,0.890282290122099,0.459025086880361,0.883888888888889,1.00741504972737,0.522400211327848,0.890282290122099
DTLZ5,10,25,71025,"S1_[0,0.25]",label_dyn,native,front_final,nondominated,FINAL,5,5,0.356,0.26205656088819,0.5747637869377,0.162,1.64676327877163,0.630440301995215,NaN
DTLZ5,10,25,71025,"S1_[0,0.25]",label_dyn,native,front_h1,nondominated,H1,5,5,0.356,0.863814144593059,0.545125707625708,0.564,1.54823584711468,0.71632553720789,NaN
DTLZ5,10,25,71025,"S1_[0,0.25]",label_dyn,native,front_h3,nondominated,H3,5,5,0.356,0.850695865023166,0.551718725718726,0.55,1.56736709221367,0.717228771228771,NaN
DTLZ5,10,25,71025,"S1_[0,0.25]",label_dyn,native,population_final,retention,FINAL,5,5,0.356,0.152203863974124,0.573076923076923,0.094,1.64926499761276,0.619539461038711,0.152203863974124
DTLZ5,10,25,71025,"S1_[0,0.25]",label_dyn,native,population_h1,retention,H1,5,5,0.356,0.995,0.376595744680851,0.94,1.05851063829787,0.671631205673759,0.995
DTLZ5,10,25,71025,"S1_[0,0.25]",label_dyn,native,population_h3,retention,H3,5,5,0.356,0.979566395663957,0.419943648337972,0.828,1.18354834930348,0.68520058233892,0.979566395663957
DTLZ5,10,25,71025,"S2_(0.25,0.50]",label_dyn,native,front_final,nondominated,FINAL,21,21,0.447142857142857,0.442352475568376,0.562272438485897,0.358095238095238,1.25240649020906,0.5894941651838,NaN
DTLZ5,10,25,71025,"S2_(0.25,0.50]",label_dyn,native,front_h1,nondominated,H1,21,21,0.447142857142857,0.956492938630579,0.472054410833404,0.90952380952381,1.06018193480245,0.586786211681507,NaN
DTLZ5,10,25,71025,"S2_(0.25,0.50]",label_dyn,native,front_h3,nondominated,H3,21,21,0.447142857142857,0.915636050640643,0.47430113790879,0.866666666666667,1.06565270625481,0.59149719337205,NaN
DTLZ5,10,25,71025,"S2_(0.25,0.50]",label_dyn,native,population_final,retention,FINAL,21,21,0.447142857142857,0.188275946783437,0.474383696250704,0.17952380952381,1.0692083197239,0.515589433510669,0.188275946783437
DTLZ5,10,25,71025,"S2_(0.25,0.50]",label_dyn,native,population_h1,retention,H1,21,21,0.447142857142857,0.961341001257313,0.453649126101904,0.946666666666667,1.0153391331621,0.571410730851405,0.961341001257313
DTLZ5,10,25,71025,"S2_(0.25,0.50]",label_dyn,native,population_h3,retention,H3,21,21,0.447142857142857,0.896830598537201,0.465816456591628,0.858571428571428,1.04438935889423,0.567534514707815,0.896830598537201
DTLZ5,10,25,71025,"S3_(0.50,0.75]",label_dyn,native,front_final,nondominated,FINAL,20,20,0.487,0.863588003198553,0.569244751997106,0.754,1.1627551481727,0.645308449526432,NaN
DTLZ5,10,25,71025,"S3_(0.50,0.75]",label_dyn,native,front_h1,nondominated,H1,20,20,0.487,0.990612415534776,0.490808582036318,0.983,1.0078644729148,0.607995246935027,NaN
DTLZ5,10,25,71025,"S3_(0.50,0.75]",label_dyn,native,front_h3,nondominated,H3,20,20,0.487,0.971100359719735,0.499026006396087,0.948,1.02499645721841,0.589711415896456,NaN
DTLZ5,10,25,71025,"S3_(0.50,0.75]",label_dyn,native,population_final,retention,FINAL,20,20,0.487,0.491473196928101,0.567811920969627,0.4165,1.17234231775338,0.572836066745118,0.491473196928101
DTLZ5,10,25,71025,"S3_(0.50,0.75]",label_dyn,native,population_h1,retention,H1,20,20,0.487,0.967497482826063,0.496318291956126,0.9495,1.01932275384206,0.584797847896708,0.967497482826063
DTLZ5,10,25,71025,"S3_(0.50,0.75]",label_dyn,native,population_h3,retention,H3,20,20,0.487,0.914975947117959,0.51481126369595,0.866,1.05752069278634,0.602451225659048,0.914975947117959
DTLZ5,10,25,71025,"S4_(0.75,1.00]",label_dyn,native,front_final,nondominated,FINAL,21,21,0.474761904761905,0.996188951771185,0.488316344397779,0.970476190476191,1.02699051621327,0.741594401155477,NaN
DTLZ5,10,25,71025,"S4_(0.75,1.00]",label_dyn,native,front_h1,nondominated,H1,21,20,0.474761904761905,0.998039215686275,0.48126788291074,0.9965,1.00156547467472,0.62691970727685,NaN
DTLZ5,10,25,71025,"S4_(0.75,1.00]",label_dyn,native,front_h3,nondominated,H3,21,18,0.474761904761905,0.995553777066382,0.491358024691358,0.989444444444445,1.0062167964829,0.691358024691358,NaN
DTLZ5,10,25,71025,"S4_(0.75,1.00]",label_dyn,native,population_final,retention,FINAL,21,21,0.474761904761905,0.799387789094626,0.488717334662492,0.78047619047619,1.02796790894883,0.545671237961794,0.799387789094626
DTLZ5,10,25,71025,"S4_(0.75,1.00]",label_dyn,native,population_h1,retention,H1,21,20,0.474761904761905,0.969810654468304,0.48332156574381,0.9645,1.00556770218121,0.545410782871905,0.969810654468304
DTLZ5,10,25,71025,"S4_(0.75,1.00]",label_dyn,native,population_h3,retention,H3,21,18,0.474761904761905,0.919207862965005,0.495688923173983,0.906666666666667,1.01415152857252,0.537926832919363,0.919207862965005
DTLZ5,20,1,72001,"S1_[0,0.25]",label_dyn,native,front_final,nondominated,FINAL,5,5,0.582,0.401915708812261,0.706459330143541,0.328,1.2132924322882,0.59687843742402,NaN
DTLZ5,20,1,72001,"S1_[0,0.25]",label_dyn,native,front_h1,nondominated,H1,5,5,0.582,0.968199233716475,0.639302814591202,0.884,1.10052566115998,0.767155863623587,NaN
DTLZ5,20,1,72001,"S1_[0,0.25]",label_dyn,native,front_h3,nondominated,H3,5,5,0.582,0.95442437511403,0.643270312727746,0.866,1.10716913342017,0.718750540979258,NaN
DTLZ5,20,1,72001,"S1_[0,0.25]",label_dyn,native,population_final,retention,FINAL,5,5,0.582,0.109432585294654,0.703787878787879,0.092,1.2111467714916,0.566444522617999,0.109432585294654
DTLZ5,20,1,72001,"S1_[0,0.25]",label_dyn,native,population_h1,retention,H1,5,5,0.582,0.98596971355592,0.609249720044793,0.942,1.04669985880165,0.734624860022396,0.98596971355592
DTLZ5,20,1,72001,"S1_[0,0.25]",label_dyn,native,population_h3,retention,H3,5,5,0.582,0.922130997993067,0.648839259476932,0.826,1.11645803580912,0.691739891176375,0.922130997993067
DTLZ5,20,1,72001,"S2_(0.25,0.50]",label_dyn,native,front_final,nondominated,FINAL,21,21,0.552380952380952,0.492475044076049,0.545605511049384,0.500952380952381,0.98730452504813,0.490871629761402,NaN
DTLZ5,20,1,72001,"S2_(0.25,0.50]",label_dyn,native,front_h1,nondominated,H1,21,21,0.552380952380952,0.984400507592811,0.552842841899517,0.983333333333333,1.00122418777713,0.520530415955006,NaN
DTLZ5,20,1,72001,"S2_(0.25,0.50]",label_dyn,native,front_h3,nondominated,H3,21,21,0.552380952380952,0.957166646422859,0.554344706716103,0.953809523809524,1.00384720494048,0.52129212247782,NaN
DTLZ5,20,1,72001,"S2_(0.25,0.50]",label_dyn,native,population_final,retention,FINAL,21,21,0.552380952380952,0.209451833405051,0.587535571826559,0.197619047619048,1.06919036896604,0.521272454920614,0.209451833405051
DTLZ5,20,1,72001,"S2_(0.25,0.50]",label_dyn,native,population_h1,retention,H1,21,21,0.552380952380952,0.936663152349988,0.558405161194354,0.927142857142857,1.01042166119702,0.545856893837625,0.936663152349988
DTLZ5,20,1,72001,"S2_(0.25,0.50]",label_dyn,native,population_h3,retention,H3,21,21,0.552380952380952,0.833981012435909,0.563127188136046,0.81952380952381,1.01858783803216,0.525527733929996,0.833981012435909
DTLZ5,20,1,72001,"S3_(0.50,0.75]",label_dyn,native,front_final,nondominated,FINAL,20,20,0.5435,0.720547061088477,0.510754509147129,0.7655,0.940216988250536,0.431285070753343,NaN
DTLZ5,20,1,72001,"S3_(0.50,0.75]",label_dyn,native,front_h1,nondominated,H1,20,20,0.5435,0.983460151406162,0.542362304270349,0.985,0.998270542836524,0.563218586891958,NaN
DTLZ5,20,1,72001,"S3_(0.50,0.75]",label_dyn,native,front_h3,nondominated,H3,20,20,0.5435,0.948736977199447,0.541564940077312,0.9515,0.996749740687359,0.534046358927545,NaN
DTLZ5,20,1,72001,"S3_(0.50,0.75]",label_dyn,native,population_final,retention,FINAL,20,20,0.5435,0.414894838325337,0.528398641334272,0.424,0.973290931449461,0.488770142347274,0.414894838325337
DTLZ5,20,1,72001,"S3_(0.50,0.75]",label_dyn,native,population_h1,retention,H1,20,20,0.5435,0.957514023487968,0.54949775093326,0.9465,1.01177272387865,0.570048941593947,0.957514023487968
DTLZ5,20,1,72001,"S3_(0.50,0.75]",label_dyn,native,population_h3,retention,H3,20,20,0.5435,0.889034505999381,0.561068516704655,0.861,1.03316908811497,0.5704517916041,0.889034505999381
DTLZ5,20,1,72001,"S4_(0.75,1.00]",label_dyn,native,front_final,nondominated,FINAL,21,21,0.585238095238095,0.937031036917017,0.589823048913898,0.928571428571428,1.00906193555897,0.569448767346463,NaN
DTLZ5,20,1,72001,"S4_(0.75,1.00]",label_dyn,native,front_h1,nondominated,H1,21,20,0.585238095238095,0.993343852627258,0.585343671881186,0.992,1.00138901997786,0.573348102687408,NaN
DTLZ5,20,1,72001,"S4_(0.75,1.00]",label_dyn,native,front_h3,nondominated,H3,21,18,0.585238095238095,0.980654820381832,0.583336653629407,0.978888888888889,1.00184890851549,0.512822811487025,NaN
DTLZ5,20,1,72001,"S4_(0.75,1.00]",label_dyn,native,population_final,retention,FINAL,21,21,0.585238095238095,0.73733864729527,0.588424131550959,0.737142857142857,1.0021021533263,0.490948657063902,0.73733864729527
DTLZ5,20,1,72001,"S4_(0.75,1.00]",label_dyn,native,population_h1,retention,H1,21,20,0.585238095238095,0.967477020454262,0.586513464397221,0.964,1.00357072337064,0.558673398865277,0.967477020454262
DTLZ5,20,1,72001,"S4_(0.75,1.00]",label_dyn,native,population_h3,retention,H3,21,18,0.585238095238095,0.904006275212934,0.58388308343473,0.902222222222222,1.00178433984315,0.514182649375139,0.904006275212934
DTLZ5,20,2,72002,"S1_[0,0.25]",label_dyn,native,front_final,nondominated,FINAL,5,5,0.552,0.369467714353746,0.71559956488799,0.286,1.29869331075778,0.613896481389664,NaN
DTLZ5,20,2,72002,"S1_[0,0.25]",label_dyn,native,front_h1,nondominated,H1,5,5,0.552,0.858781891872276,0.643353974257848,0.738,1.16678170738653,0.672541807694832,NaN
DTLZ5,20,2,72002,"S1_[0,0.25]",label_dyn,native,front_h3,nondominated,H3,5,5,0.552,0.836416930562081,0.645577279781175,0.716,1.17021491301516,0.66566302412704,NaN
DTLZ5,20,2,72002,"S1_[0,0.25]",label_dyn,native,population_final,retention,FINAL,5,5,0.552,0.162972003529641,0.883232323232323,0.102,1.60345875180681,0.68430099239088,0.162972003529641
DTLZ5,20,2,72002,"S1_[0,0.25]",label_dyn,native,population_h1,retention,H1,5,5,0.552,0.971253544602463,0.568983612084432,0.942,1.03113527987665,0.642587044137454,0.971253544602463
DTLZ5,20,2,72002,"S1_[0,0.25]",label_dyn,native,population_h3,retention,H3,5,5,0.552,0.905934177034669,0.602625834347844,0.83,1.09168193057784,0.647636446585687,0.905934177034669
DTLZ5,20,2,72002,"S2_(0.25,0.50]",label_dyn,native,front_final,nondominated,FINAL,21,21,0.596190476190476,0.591100608606733,0.640067896049322,0.551428571428571,1.07428726378168,0.547844808867618,NaN
DTLZ5,20,2,72002,"S2_(0.25,0.50]",label_dyn,native,front_h1,nondominated,H1,21,21,0.596190476190476,0.993105651069361,0.600552011617283,0.986666666666667,1.00722462212411,0.607748967986037,NaN
DTLZ5,20,2,72002,"S2_(0.25,0.50]",label_dyn,native,front_h3,nondominated,H3,21,21,0.596190476190476,0.990610777521856,0.601616934652649,0.982857142857143,1.00889790232534,0.583372226731602,NaN
DTLZ5,20,2,72002,"S2_(0.25,0.50]",label_dyn,native,population_final,retention,FINAL,21,21,0.596190476190476,0.325273997451425,0.758700455010465,0.256190476190476,1.27673023509769,0.608591685831665,0.325273997451425
DTLZ5,20,2,72002,"S2_(0.25,0.50]",label_dyn,native,population_h1,retention,H1,21,21,0.596190476190476,0.962128898394288,0.605581876594932,0.947619047619048,1.01592249843195,0.576414933350032,0.962128898394288
DTLZ5,20,2,72002,"S2_(0.25,0.50]",label_dyn,native,population_h3,retention,H3,21,21,0.596190476190476,0.901809096395344,0.617272185436062,0.871904761904762,1.03569591257635,0.576997539860991,0.901809096395344
DTLZ5,20,2,72002,"S3_(0.50,0.75]",label_dyn,native,front_final,nondominated,FINAL,20,20,0.595,0.759591838880423,0.601166952569477,0.751,1.00764425505881,0.520236262128073,NaN
DTLZ5,20,2,72002,"S3_(0.50,0.75]",label_dyn,native,front_h1,nondominated,H1,20,20,0.595,0.984293956582079,0.599126467522493,0.978,1.00679061046332,0.601202632812656,NaN
DTLZ5,20,2,72002,"S3_(0.50,0.75]",label_dyn,native,front_h3,nondominated,H3,20,20,0.595,0.942362754931752,0.599234477430226,0.9365,1.00569251416564,0.552846612952082,NaN
DTLZ5,20,2,72002,"S3_(0.50,0.75]",label_dyn,native,population_final,retention,FINAL,20,20,0.595,0.441002268616712,0.63533948880541,0.413,1.06802577423166,0.534820075973527,0.441002268616712
DTLZ5,20,2,72002,"S3_(0.50,0.75]",label_dyn,native,population_h1,retention,H1,20,20,0.595,0.951728923832476,0.605171897649601,0.936,1.01723995749425,0.589137626313978,0.951728923832476
DTLZ5,20,2,72002,"S3_(0.50,0.75]",label_dyn,native,population_h3,retention,H3,20,20,0.595,0.864200900401325,0.621153656047038,0.827,1.04392603635573,0.594045683729217,0.864200900401325
DTLZ5,20,2,72002,"S4_(0.75,1.00]",label_dyn,native,front_final,nondominated,FINAL,21,21,0.555714285714286,0.952744816969788,0.564184700808108,0.934285714285714,1.0219604943648,0.517775555048307,NaN
DTLZ5,20,2,72002,"S4_(0.75,1.00]",label_dyn,native,front_h1,nondominated,H1,21,20,0.555714285714286,0.990576113289161,0.55323482671543,0.991,0.999659836863245,0.396039165974511,NaN
DTLZ5,20,2,72002,"S4_(0.75,1.00]",label_dyn,native,front_h3,nondominated,H3,21,18,0.555714285714286,0.972004436852986,0.552368996478192,0.971111111111111,1.00143151929107,0.430793105362071,NaN
DTLZ5,20,2,72002,"S4_(0.75,1.00]",label_dyn,native,population_final,retention,FINAL,21,21,0.555714285714286,0.698720391953753,0.603242653938908,0.648571428571428,1.08560582929954,0.575187433321016,0.698720391953753
DTLZ5,20,2,72002,"S4_(0.75,1.00]",label_dyn,native,population_h1,retention,H1,21,20,0.555714285714286,0.960557759505472,0.559244631352036,0.951,1.01059764653337,0.592947885034196,0.960557759505472
DTLZ5,20,2,72002,"S4_(0.75,1.00]",label_dyn,native,population_h3,retention,H3,21,18,0.555714285714286,0.879598316710705,0.564061213176565,0.860555555555556,1.02261426635074,0.546315033883331,0.879598316710705
DTLZ5,20,3,72003,"S1_[0,0.25]",label_dyn,native,front_final,nondominated,FINAL,5,5,0.408,0.368265122096659,0.583551367119685,0.262,1.43074089198743,0.616968219830401,NaN
DTLZ5,20,3,72003,"S1_[0,0.25]",label_dyn,native,front_h1,nondominated,H1,5,5,0.408,0.961063528077141,0.545655154024719,0.722,1.33721706910318,0.74755357028674,NaN
DTLZ5,20,3,72003,"S1_[0,0.25]",label_dyn,native,front_h3,nondominated,H3,5,5,0.408,0.941754948587053,0.552251164828399,0.7,1.35341253063753,0.738114421161659,NaN
DTLZ5,20,3,72003,"S1_[0,0.25]",label_dyn,native,population_final,retention,FINAL,5,5,0.408,0.118032418517387,1,0.048,2.45354654798784,0.810995507729073,0.118032418517387
DTLZ5,20,3,72003,"S1_[0,0.25]",label_dyn,native,population_h1,retention,H1,5,5,0.408,0.980714690867839,0.425527820924996,0.94,1.04319426482136,0.653240100938689,0.980714690867839
DTLZ5,20,3,72003,"S1_[0,0.25]",label_dyn,native,population_h3,retention,H3,5,5,0.408,0.946883153715258,0.46394148020654,0.832,1.13795445943892,0.667264857750329,0.946883153715258
DTLZ5,20,3,72003,"S2_(0.25,0.50]",label_dyn,native,front_final,nondominated,FINAL,21,21,0.490476190476191,0.673520073240519,0.497810341140074,0.665238095238095,1.0175766657892,0.511090579926403,NaN
DTLZ5,20,3,72003,"S2_(0.25,0.50]",label_dyn,native,front_h1,nondominated,H1,21,21,0.490476190476191,0.977000535696188,0.498224922743726,0.961428571428572,1.01716547262917,0.672991428145236,NaN
DTLZ5,20,3,72003,"S2_(0.25,0.50]",label_dyn,native,front_h3,nondominated,H3,21,21,0.490476190476191,0.935680191959088,0.49997828858592,0.915238095238095,1.02198659618688,0.612976381588694,NaN
DTLZ5,20,3,72003,"S2_(0.25,0.50]",label_dyn,native,population_final,retention,FINAL,21,21,0.490476190476191,0.242153210651226,0.587377202132747,0.207142857142857,1.21456529149495,0.558443404966193,0.242153210651226
DTLZ5,20,3,72003,"S2_(0.25,0.50]",label_dyn,native,population_h1,retention,H1,21,21,0.490476190476191,0.966850554464619,0.510072097745227,0.928571428571428,1.04075328997671,0.666851416045124,0.966850554464619
DTLZ5,20,3,72003,"S2_(0.25,0.50]",label_dyn,native,population_h3,retention,H3,21,21,0.490476190476191,0.892370016747164,0.533747275953455,0.815238095238095,1.09396571000425,0.620716425178686,0.892370016747164
DTLZ5,20,3,72003,"S3_(0.50,0.75]",label_dyn,native,front_final,nondominated,FINAL,20,20,0.5735,0.809353347572337,0.552161197878546,0.8415,0.961539340174583,0.434579081665697,NaN
DTLZ5,20,3,72003,"S3_(0.50,0.75]",label_dyn,native,front_h1,nondominated,H1,20,20,0.5735,0.992983502017649,0.572939388346799,0.994,0.998963639147081,0.411212110026931,NaN
DTLZ5,20,3,72003,"S3_(0.50,0.75]",label_dyn,native,front_h3,nondominated,H3,20,20,0.5735,0.973041949212268,0.569666731422971,0.9795,0.993266147033057,0.380138942852476,NaN
DTLZ5,20,3,72003,"S3_(0.50,0.75]",label_dyn,native,population_final,retention,FINAL,20,20,0.5735,0.452003085035216,0.539219633803429,0.479,0.942158259319574,0.467625646223915,0.452003085035216
DTLZ5,20,3,72003,"S3_(0.50,0.75]",label_dyn,native,population_h1,retention,H1,20,20,0.5735,0.959841496611376,0.57285209252939,0.9605,0.999215861937035,0.511842712931361,0.959841496611376
DTLZ5,20,3,72003,"S3_(0.50,0.75]",label_dyn,native,population_h3,retention,H3,20,20,0.5735,0.895669992804339,0.573357646811108,0.896,0.999916735534789,0.491869604846336,0.895669992804339
DTLZ5,20,3,72003,"S4_(0.75,1.00]",label_dyn,native,front_final,nondominated,FINAL,21,21,0.582380952380952,0.942668724603037,0.579095595025914,0.947619047619048,0.994451771406598,0.471443981052665,NaN
DTLZ5,20,3,72003,"S4_(0.75,1.00]",label_dyn,native,front_h1,nondominated,H1,21,20,0.582380952380952,0.985575710685918,0.581179711069345,0.9885,0.996930245323681,0.414123448360491,NaN
DTLZ5,20,3,72003,"S4_(0.75,1.00]",label_dyn,native,front_h3,nondominated,H3,21,18,0.582380952380952,0.962428248717241,0.578393175396917,0.969444444444445,0.992586344817431,0.418567887351242,NaN
DTLZ5,20,3,72003,"S4_(0.75,1.00]",label_dyn,native,population_final,retention,FINAL,21,21,0.582380952380952,0.747958679422688,0.56624085246665,0.767142857142857,0.972923923684969,0.449475297758096,0.747958679422688
DTLZ5,20,3,72003,"S4_(0.75,1.00]",label_dyn,native,population_h1,retention,H1,21,20,0.582380952380952,0.959741998856003,0.582563102760599,0.9605,0.999209695715709,0.492472027570776,0.959741998856003
DTLZ5,20,3,72003,"S4_(0.75,1.00]",label_dyn,native,population_h3,retention,H3,21,18,0.582380952380952,0.90035661774367,0.585223380562041,0.896666666666667,1.00440357931353,0.505863253532584,0.90035661774367
DTLZ5,20,4,72004,"S1_[0,0.25]",label_dyn,native,front_final,nondominated,FINAL,5,5,0.566,0.408920673564618,0.806392857142857,0.29,1.43523624757267,0.66643307717824,NaN
DTLZ5,20,4,72004,"S1_[0,0.25]",label_dyn,native,front_h1,nondominated,H1,5,5,0.566,0.828887659307623,0.694365082878487,0.678,1.23310433462794,0.692307245100532,NaN
DTLZ5,20,4,72004,"S1_[0,0.25]",label_dyn,native,front_h3,nondominated,H3,5,5,0.566,0.825114074401962,0.702076038172197,0.668,1.24675445876582,0.698773616821696,NaN
DTLZ5,20,4,72004,"S1_[0,0.25]",label_dyn,native,population_final,retention,FINAL,5,5,0.566,0.0962605359744739,0.753571428571429,0.072,1.34634867060308,0.600850697922928,0.0962605359744739
DTLZ5,20,4,72004,"S1_[0,0.25]",label_dyn,native,population_h1,retention,H1,5,5,0.566,0.990215053763441,0.595744680851064,0.94,1.05342026996111,0.747872340425532,0.990215053763441
DTLZ5,20,4,72004,"S1_[0,0.25]",label_dyn,native,population_h3,retention,H3,5,5,0.566,0.949295818808905,0.642554319050776,0.834,1.13916951263961,0.724947794446023,0.949295818808905
DTLZ5,20,4,72004,"S2_(0.25,0.50]",label_dyn,native,front_final,nondominated,FINAL,21,21,0.585714285714286,0.595092459298641,0.617784578505414,0.567142857142857,1.05339127905816,0.536652570046814,NaN
DTLZ5,20,4,72004,"S2_(0.25,0.50]",label_dyn,native,front_h1,nondominated,H1,21,21,0.585714285714286,0.982275338767189,0.591664712672992,0.973333333333333,1.01040036543384,0.58251256483865,NaN
DTLZ5,20,4,72004,"S2_(0.25,0.50]",label_dyn,native,front_h3,nondominated,H3,21,21,0.585714285714286,0.969397758400004,0.592526388936704,0.95952380952381,1.01188686270302,0.524011397088356,NaN
DTLZ5,20,4,72004,"S2_(0.25,0.50]",label_dyn,native,population_final,retention,FINAL,21,21,0.585714285714286,0.155934712396106,0.612520503232577,0.144761904761905,1.03551645118779,0.517993304113693,0.155934712396106
DTLZ5,20,4,72004,"S2_(0.25,0.50]",label_dyn,native,population_h1,retention,H1,21,21,0.585714285714286,0.962405529508288,0.60246814777651,0.935714285714286,1.02934194334408,0.624320808582133,0.962405529508288
DTLZ5,20,4,72004,"S2_(0.25,0.50]",label_dyn,native,population_h3,retention,H3,21,21,0.585714285714286,0.909423576358782,0.626154747304462,0.85047619047619,1.07098923856991,0.624931934587446,0.909423576358782
DTLZ5,20,4,72004,"S3_(0.50,0.75]",label_dyn,native,front_final,nondominated,FINAL,20,20,0.628,0.80817488390398,0.675041697250142,0.752,1.07544915510076,0.594674042316299,NaN
DTLZ5,20,4,72004,"S3_(0.50,0.75]",label_dyn,native,front_h1,nondominated,H1,20,20,0.628,0.991075268817204,0.626957513277101,0.9925,0.998329319130782,0.606560449859419,NaN
DTLZ5,20,4,72004,"S3_(0.50,0.75]",label_dyn,native,front_h3,nondominated,H3,20,20,0.628,0.970016953296523,0.624170578204728,0.9755,0.993821717622592,0.468837244871394,NaN
DTLZ5,20,4,72004,"S3_(0.50,0.75]",label_dyn,native,population_final,retention,FINAL,20,20,0.628,0.356594678446474,0.755084114439868,0.297,1.20314035951277,0.590796746873442,0.356594678446474
DTLZ5,20,4,72004,"S3_(0.50,0.75]",label_dyn,native,population_h1,retention,H1,20,20,0.628,0.960384099919606,0.630442189892868,0.9565,1.00402984643905,0.526679428279768,0.960384099919606
DTLZ5,20,4,72004,"S3_(0.50,0.75]",label_dyn,native,population_h3,retention,H3,20,20,0.628,0.891451214819505,0.635298590680341,0.881,1.0115627071546,0.536580440089814,0.891451214819505
DTLZ5,20,4,72004,"S4_(0.75,1.00]",label_dyn,native,front_final,nondominated,FINAL,21,21,0.573333333333333,0.905564254208773,0.572598179505673,0.906666666666667,0.998829432634053,0.518851661353349,NaN
DTLZ5,20,4,72004,"S4_(0.75,1.00]",label_dyn,native,front_h1,nondominated,H1,21,20,0.573333333333333,0.989461832755701,0.573450806870838,0.9895,0.999800616489918,0.594700806870838,NaN
DTLZ5,20,4,72004,"S4_(0.75,1.00]",label_dyn,native,front_h3,nondominated,H3,21,18,0.573333333333333,0.967319080276932,0.575473523684539,0.968333333333333,0.998579774638904,0.566198401427762,NaN
DTLZ5,20,4,72004,"S4_(0.75,1.00]",label_dyn,native,population_final,retention,FINAL,21,21,0.573333333333333,0.729509937137436,0.610867104140574,0.687619047619048,1.06599181454518,0.591459364887758,0.729509937137436
DTLZ5,20,4,72004,"S4_(0.75,1.00]",label_dyn,native,population_h1,retention,H1,21,20,0.573333333333333,0.963283609447565,0.576382003044134,0.9585,1.00481040377215,0.547481755988141,0.963283609447565
DTLZ5,20,4,72004,"S4_(0.75,1.00]",label_dyn,native,population_h3,retention,H3,21,18,0.573333333333333,0.892278418607415,0.579558294880111,0.887777777777778,1.00498519052681,0.517307174968083,0.892278418607415
DTLZ5,20,5,72005,"S1_[0,0.25]",label_dyn,native,front_final,nondominated,FINAL,5,5,0.52,0.388113734382642,0.672386399004046,0.302,1.29473654619022,0.607861645211565,NaN
DTLZ5,20,5,72005,"S1_[0,0.25]",label_dyn,native,front_h1,nondominated,H1,5,5,0.52,0.918672002134187,0.64770374341106,0.74,1.24755688487015,0.74144783130149,NaN
DTLZ5,20,5,72005,"S1_[0,0.25]",label_dyn,native,front_h3,nondominated,H3,5,5,0.52,0.87305090925259,0.637458582598591,0.714,1.22808733487478,0.699776137971142,NaN
DTLZ5,20,5,72005,"S1_[0,0.25]",label_dyn,native,population_final,retention,FINAL,5,5,0.52,0.0771133342225779,0.96,0.042,1.84940198301543,0.729484649122807,0.0771133342225779
DTLZ5,20,5,72005,"S1_[0,0.25]",label_dyn,native,population_h1,retention,H1,5,5,0.52,0.991996798719488,0.546719858156028,0.944,1.05097003340343,0.731693262411347,0.991996798719488
DTLZ5,20,5,72005,"S1_[0,0.25]",label_dyn,native,population_h3,retention,H3,5,5,0.52,0.943474545373705,0.580728881292076,0.844,1.11885784661764,0.688926532149306,0.943474545373705
DTLZ5,20,5,72005,"S2_(0.25,0.50]",label_dyn,native,front_final,nondominated,FINAL,21,21,0.568571428571429,0.537840874265324,0.546422529804395,0.564761904761905,0.962880283374658,0.465687792884856,NaN
DTLZ5,20,5,72005,"S2_(0.25,0.50]",label_dyn,native,front_h1,nondominated,H1,21,21,0.568571428571429,0.983782662293722,0.576130021394205,0.97047619047619,1.0150081255098,0.599795958262413,NaN
DTLZ5,20,5,72005,"S2_(0.25,0.50]",label_dyn,native,front_h3,nondominated,H3,21,21,0.568571428571429,0.963979781727257,0.575465077119564,0.951428571428571,1.01424195614737,0.558678404847353,NaN
DTLZ5,20,5,72005,"S2_(0.25,0.50]",label_dyn,native,population_final,retention,FINAL,21,21,0.568571428571429,0.194763443071265,0.673586617258796,0.175238095238095,1.19674750628705,0.558712840020451,0.194763443071265
DTLZ5,20,5,72005,"S2_(0.25,0.50]",label_dyn,native,population_h1,retention,H1,21,21,0.568571428571429,0.961913467238384,0.576717128318732,0.947619047619048,1.01504756393044,0.591950607037124,0.961913467238384
DTLZ5,20,5,72005,"S2_(0.25,0.50]",label_dyn,native,population_h3,retention,H3,21,21,0.568571428571429,0.902134851355227,0.595803192858412,0.85952380952381,1.05000669606548,0.593095357694396,0.902134851355227
DTLZ5,20,5,72005,"S3_(0.50,0.75]",label_dyn,native,front_final,nondominated,FINAL,20,20,0.6255,0.746285077617432,0.597967489460165,0.7785,0.956873851745404,0.440079872076803,NaN
DTLZ5,20,5,72005,"S3_(0.50,0.75]",label_dyn,native,front_h1,nondominated,H1,20,20,0.6255,0.986064583702878,0.625138012576622,0.9865,0.999448429160352,0.563359737323909,NaN
DTLZ5,20,5,72005,"S3_(0.50,0.75]",label_dyn,native,front_h3,nondominated,H3,20,20,0.6255,0.95781644097436,0.624977498151666,0.9585,0.999076041124544,0.576984891367825,NaN
DTLZ5,20,5,72005,"S3_(0.50,0.75]",label_dyn,native,population_final,retention,FINAL,20,20,0.6255,0.413952262127497,0.624732239692344,0.411,1.00145128883617,0.501428177782073,0.413952262127497
DTLZ5,20,5,72005,"S3_(0.50,0.75]",label_dyn,native,population_h1,retention,H1,20,20,0.6255,0.952546190721425,0.625585927901764,0.951,1.00044486962794,0.549459630617549,0.952546190721425
DTLZ5,20,5,72005,"S3_(0.50,0.75]",label_dyn,native,population_h3,retention,H3,20,20,0.6255,0.868266636141635,0.625352093564098,0.867,1.000145512051,0.512169308896279,0.868266636141635
DTLZ5,20,5,72005,"S4_(0.75,1.00]",label_dyn,native,front_final,nondominated,FINAL,21,21,0.607142857142857,0.919451402231142,0.598909633578719,0.932857142857143,0.985577172134476,0.430241377965011,NaN
DTLZ5,20,5,72005,"S4_(0.75,1.00]",label_dyn,native,front_h1,nondominated,H1,21,20,0.607142857142857,0.992087438423645,0.602752659574468,0.995,0.996933628550466,0.317929964539007,NaN
DTLZ5,20,5,72005,"S4_(0.75,1.00]",label_dyn,native,front_h3,nondominated,H3,21,18,0.607142857142857,0.973408961340823,0.597425630417652,0.983333333333333,0.989547712572797,0.316138445626478,NaN
DTLZ5,20,5,72005,"S4_(0.75,1.00]",label_dyn,native,population_final,retention,FINAL,21,21,0.607142857142857,0.679348098615105,0.578283913730336,0.715238095238095,0.950293938665863,0.440033037546071,0.679348098615105
DTLZ5,20,5,72005,"S4_(0.75,1.00]",label_dyn,native,population_h1,retention,H1,21,20,0.607142857142857,0.968042059201872,0.606131450538226,0.966,1.0019381248086,0.566041915745303,0.968042059201872
DTLZ5,20,5,72005,"S4_(0.75,1.00]",label_dyn,native,population_h3,retention,H3,21,18,0.607142857142857,0.900700971088981,0.602254112198839,0.903888888888889,0.995528323246953,0.525234044789742,0.900700971088981
DTLZ5,20,6,72006,"S1_[0,0.25]",label_dyn,native,front_final,nondominated,FINAL,5,5,0.502,0.289668862538428,0.649047619047619,0.224,1.30115816550599,0.594458020050125,NaN
DTLZ5,20,6,72006,"S1_[0,0.25]",label_dyn,native,front_h1,nondominated,H1,5,5,0.502,0.965373737373737,0.674034329360416,0.718,1.35091169656387,0.80286010731632,NaN
DTLZ5,20,6,72006,"S1_[0,0.25]",label_dyn,native,front_h3,nondominated,H3,5,5,0.502,0.961737373737374,0.684519502754797,0.704,1.37254380088605,0.805445668720925,NaN
DTLZ5,20,6,72006,"S1_[0,0.25]",label_dyn,native,population_final,retention,FINAL,5,5,0.502,0.0900939833113746,0.720634920634921,0.062,1.43939770374553,0.617010930966788,0.0900939833113746
DTLZ5,20,6,72006,"S1_[0,0.25]",label_dyn,native,population_h1,retention,H1,5,5,0.502,0.996363636363636,0.53070548712206,0.942,1.05776239438054,0.74535274356103,0.996363636363636
DTLZ5,20,6,72006,"S1_[0,0.25]",label_dyn,native,population_h3,retention,H3,5,5,0.502,0.974181818181818,0.585341365461847,0.834,1.1679757993011,0.751494212142688,0.974181818181818
DTLZ5,20,6,72006,"S2_(0.25,0.50]",label_dyn,native,front_final,nondominated,FINAL,21,21,0.575238095238095,0.54031070509879,0.662002220028036,0.473809523809524,1.15613395121969,0.582136187460316,NaN
DTLZ5,20,6,72006,"S2_(0.25,0.50]",label_dyn,native,front_h1,nondominated,H1,21,21,0.575238095238095,0.960496007851116,0.608382659198661,0.906666666666667,1.06489417853325,0.659155975386378,NaN
DTLZ5,20,6,72006,"S2_(0.25,0.50]",label_dyn,native,front_h3,nondominated,H3,21,21,0.575238095238095,0.90250819033048,0.607487752013043,0.853809523809524,1.06261331568747,0.604249426004008,NaN
DTLZ5,20,6,72006,"S2_(0.25,0.50]",label_dyn,native,population_final,retention,FINAL,21,21,0.575238095238095,0.180969392185055,0.720851666434373,0.145238095238095,1.26103073720512,0.584932960304126,0.180969392185055
DTLZ5,20,6,72006,"S2_(0.25,0.50]",label_dyn,native,population_h1,retention,H1,21,21,0.575238095238095,0.957214027145789,0.585854724159356,0.938571428571428,1.01964405890827,0.606049656451972,0.957214027145789
DTLZ5,20,6,72006,"S2_(0.25,0.50]",label_dyn,native,population_h3,retention,H3,21,21,0.575238095238095,0.880228679233376,0.599771330881514,0.842380952380952,1.04464130677038,0.582394988742318,0.880228679233376
DTLZ5,20,6,72006,"S3_(0.50,0.75]",label_dyn,native,front_final,nondominated,FINAL,20,20,0.5785,0.900040343501518,0.621946171425481,0.8405,1.07581385616699,0.611632756168676,NaN
DTLZ5,20,6,72006,"S3_(0.50,0.75]",label_dyn,native,front_h1,nondominated,H1,20,20,0.5785,0.994917168287287,0.580790564750621,0.991,1.00403406865874,0.640363205938276,NaN
DTLZ5,20,6,72006,"S3_(0.50,0.75]",label_dyn,native,front_h3,nondominated,H3,20,20,0.5785,0.991359724521132,0.587775628907958,0.976,1.01589472507482,0.72737534939331,NaN
DTLZ5,20,6,72006,"S3_(0.50,0.75]",label_dyn,native,population_final,retention,FINAL,20,20,0.5785,0.436880645238432,0.71443666846524,0.3635,1.23972366048415,0.600183965481318,0.436880645238432
DTLZ5,20,6,72006,"S3_(0.50,0.75]",label_dyn,native,population_h1,retention,H1,20,20,0.5785,0.964497567581978,0.585609322487964,0.953,1.01230747625054,0.566987362712963,0.964497567581978
DTLZ5,20,6,72006,"S3_(0.50,0.75]",label_dyn,native,population_h3,retention,H3,20,20,0.5785,0.90268038607727,0.602247963929199,0.8675,1.04093838712738,0.592430944929171,0.90268038607727
DTLZ5,20,6,72006,"S4_(0.75,1.00]",label_dyn,native,front_final,nondominated,FINAL,21,21,0.542380952380952,0.962986831567881,0.54109183202872,0.964761904761905,0.99774545199261,0.514229111852129,NaN
DTLZ5,20,6,72006,"S4_(0.75,1.00]",label_dyn,native,front_h1,nondominated,H1,21,20,0.542380952380952,0.991363871348916,0.539856990962254,0.9935,0.997740137533331,0.487618878846949,NaN
DTLZ5,20,6,72006,"S4_(0.75,1.00]",label_dyn,native,front_h3,nondominated,H3,21,18,0.542380952380952,0.979026205165711,0.53467371727374,0.980555555555556,0.99822571135866,0.554089944649958,NaN
DTLZ5,20,6,72006,"S4_(0.75,1.00]",label_dyn,native,population_final,retention,FINAL,21,21,0.542380952380952,0.825765012018763,0.572896838445652,0.787619047619048,1.05715309505369,0.535840075680368,0.825765012018763
DTLZ5,20,6,72006,"S4_(0.75,1.00]",label_dyn,native,population_h1,retention,H1,21,20,0.542380952380952,0.963178319079013,0.54372270403383,0.959,1.00481528998489,0.541314200653715,0.963178319079013
DTLZ5,20,6,72006,"S4_(0.75,1.00]",label_dyn,native,population_h3,retention,H3,21,18,0.542380952380952,0.910153139119751,0.54834305573132,0.890555555555556,1.02376505568524,0.559142143669609,0.910153139119751
DTLZ5,20,7,72007,"S1_[0,0.25]",label_dyn,native,front_final,nondominated,FINAL,5,5,0.514,0.337499363381716,0.614743991640543,0.28,1.20309264771739,0.570494523157032,NaN
DTLZ5,20,7,72007,"S1_[0,0.25]",label_dyn,native,front_h1,nondominated,H1,5,5,0.514,0.856107036115882,0.607817048613969,0.724,1.18715962400171,0.673753811657993,NaN
DTLZ5,20,7,72007,"S1_[0,0.25]",label_dyn,native,front_h3,nondominated,H3,5,5,0.514,0.851662591671437,0.614531466454951,0.712,1.20092935883314,0.67458683804858,NaN
DTLZ5,20,7,72007,"S1_[0,0.25]",label_dyn,native,population_final,retention,FINAL,5,5,0.514,0.0942450855940462,0.716666666666667,0.068,1.4128241408206,0.608219626888683,0.0942450855940462
DTLZ5,20,7,72007,"S1_[0,0.25]",label_dyn,native,population_h1,retention,H1,5,5,0.514,0.992854864433812,0.540159574468085,0.944,1.05187654823713,0.728413120567376,0.992854864433812
DTLZ5,20,7,72007,"S1_[0,0.25]",label_dyn,native,population_h3,retention,H3,5,5,0.514,0.962195378949028,0.593786295005807,0.832,1.15665040001963,0.737170925280681,0.962195378949028
DTLZ5,20,7,72007,"S2_(0.25,0.50]",label_dyn,native,front_final,nondominated,FINAL,21,21,0.51952380952381,0.642689579581826,0.557435503396088,0.60047619047619,1.07220433964561,0.547902113769494,NaN
DTLZ5,20,7,72007,"S2_(0.25,0.50]",label_dyn,native,front_h1,nondominated,H1,21,21,0.51952380952381,0.971771691535984,0.52015855274464,0.97047619047619,1.00085487822775,0.609145155849303,NaN
DTLZ5,20,7,72007,"S2_(0.25,0.50]",label_dyn,native,front_h3,nondominated,H3,21,21,0.51952380952381,0.946797382908525,0.526714687818792,0.934761904761905,1.01312806528395,0.596265936639417,NaN
DTLZ5,20,7,72007,"S2_(0.25,0.50]",label_dyn,native,population_final,retention,FINAL,21,21,0.51952380952381,0.195778595373372,0.663398640061765,0.153809523809524,1.277847964772,0.584650062954625,0.195778595373372
DTLZ5,20,7,72007,"S2_(0.25,0.50]",label_dyn,native,population_h1,retention,H1,21,21,0.51952380952381,0.948975659474993,0.531155009202743,0.929047619047619,1.02166532720417,0.58740399160643,0.948975659474993
DTLZ5,20,7,72007,"S2_(0.25,0.50]",label_dyn,native,population_h3,retention,H3,21,21,0.51952380952381,0.861515016538602,0.549161018753318,0.815238095238095,1.05702039576701,0.579483438037664,0.861515016538602
DTLZ5,20,7,72007,"S3_(0.50,0.75]",label_dyn,native,front_final,nondominated,FINAL,20,20,0.5335,0.847849250931424,0.528161164370851,0.856,0.991129557881851,0.473625204230048,NaN
DTLZ5,20,7,72007,"S3_(0.50,0.75]",label_dyn,native,front_h1,nondominated,H1,20,20,0.5335,0.99236638804458,0.534595486603427,0.9905,1.00195344008027,0.573353588783489,NaN
DTLZ5,20,7,72007,"S3_(0.50,0.75]",label_dyn,native,front_h3,nondominated,H3,20,20,0.5335,0.97798415946602,0.536742751888042,0.972,1.00634024418404,0.587702293240035,NaN
DTLZ5,20,7,72007,"S3_(0.50,0.75]",label_dyn,native,population_final,retention,FINAL,20,20,0.5335,0.450149506166659,0.653424557711308,0.365,1.22218207226661,0.59953682405804,0.450149506166659
DTLZ5,20,7,72007,"S3_(0.50,0.75]",label_dyn,native,population_h1,retention,H1,20,20,0.5335,0.966067851296034,0.539482375520295,0.9555,1.0110881165603,0.565534838553798,0.966067851296034
DTLZ5,20,7,72007,"S3_(0.50,0.75]",label_dyn,native,population_h3,retention,H3,20,20,0.5335,0.907818781551503,0.552703319328116,0.8765,1.03624069792202,0.576080720592809,0.907818781551503
DTLZ5,20,7,72007,"S4_(0.75,1.00]",label_dyn,native,front_final,nondominated,FINAL,21,21,0.575714285714286,0.967527929677942,0.575976656449754,0.967142857142857,1.0009620248096,0.442997848903987,NaN
DTLZ5,20,7,72007,"S4_(0.75,1.00]",label_dyn,native,front_h1,nondominated,H1,21,20,0.575714285714286,0.992972319087395,0.576856328549087,0.993,0.999962217244206,0.475871658692923,NaN
DTLZ5,20,7,72007,"S4_(0.75,1.00]",label_dyn,native,front_h3,nondominated,H3,21,18,0.575714285714286,0.979371524874223,0.578485969987859,0.98,0.999574673245864,0.404874858876748,NaN
DTLZ5,20,7,72007,"S4_(0.75,1.00]",label_dyn,native,population_final,retention,FINAL,21,21,0.575714285714286,0.800571291697792,0.631816557188127,0.734285714285714,1.09772849699649,0.628247131225615,0.800571291697792
DTLZ5,20,7,72007,"S4_(0.75,1.00]",label_dyn,native,population_h1,retention,H1,21,20,0.575714285714286,0.969407873347767,0.582826332582752,0.96,1.01036428506719,0.543238563116773,0.969407873347767
DTLZ5,20,7,72007,"S4_(0.75,1.00]",label_dyn,native,population_h3,retention,H3,21,18,0.575714285714286,0.916292602311764,0.597443460459735,0.888888888888889,1.03221819622866,0.573938334613139,0.916292602311764
DTLZ5,20,8,72008,"S1_[0,0.25]",label_dyn,native,front_final,nondominated,FINAL,5,5,0.596,0.246581470850497,0.820915032679739,0.178,1.3877223722235,0.636654989157971,NaN
DTLZ5,20,8,72008,"S1_[0,0.25]",label_dyn,native,front_h1,nondominated,H1,5,5,0.596,0.983079777892118,0.758381756827405,0.772,1.28006935013978,0.855910358157376,NaN
DTLZ5,20,8,72008,"S1_[0,0.25]",label_dyn,native,front_h3,nondominated,H3,5,5,0.596,0.983079777892118,0.760683547108735,0.77,1.28425442337856,0.857162059749654,NaN
DTLZ5,20,8,72008,"S1_[0,0.25]",label_dyn,native,population_final,retention,FINAL,5,5,0.596,0.0846011105394086,0.833333333333333,0.06,1.41001850899014,0.626241134751773,0.0846011105394086
DTLZ5,20,8,72008,"S1_[0,0.25]",label_dyn,native,population_h1,retention,H1,5,5,0.596,1,0.629862355356476,0.946,1.05715752146323,0.814931177678238,1
DTLZ5,20,8,72008,"S1_[0,0.25]",label_dyn,native,population_h3,retention,H3,5,5,0.596,0.990301638659848,0.695373559903087,0.848,1.16793226037983,0.827994903200843,0.990301638659848
DTLZ5,20,8,72008,"S2_(0.25,0.50]",label_dyn,native,front_final,nondominated,FINAL,21,21,0.527142857142857,0.384448944732611,0.592905064323543,0.326666666666667,1.16965594438093,0.550259158378068,NaN
DTLZ5,20,8,72008,"S2_(0.25,0.50]",label_dyn,native,front_h1,nondominated,H1,21,21,0.527142857142857,0.978227392907091,0.529976656185806,0.972380952380952,1.00605254775906,0.585975854750364,NaN
DTLZ5,20,8,72008,"S2_(0.25,0.50]",label_dyn,native,front_h3,nondominated,H3,21,21,0.527142857142857,0.937421980390172,0.528335191519131,0.933333333333333,1.0041614340105,0.520598483740285,NaN
DTLZ5,20,8,72008,"S2_(0.25,0.50]",label_dyn,native,population_final,retention,FINAL,21,21,0.527142857142857,0.104198332337889,0.702279202279202,0.0819047619047619,1.29247313348617,0.594617674877693,0.104198332337889
DTLZ5,20,8,72008,"S2_(0.25,0.50]",label_dyn,native,population_h1,retention,H1,21,21,0.527142857142857,0.947046818031933,0.533129038229428,0.938095238095238,1.00929468831877,0.572604510868992,0.947046818031933
DTLZ5,20,8,72008,"S2_(0.25,0.50]",label_dyn,native,population_h3,retention,H3,21,21,0.527142857142857,0.863872222529348,0.543630710726713,0.841428571428572,1.02613041914105,0.563040216231635,0.863872222529348
DTLZ5,20,8,72008,"S3_(0.50,0.75]",label_dyn,native,front_final,nondominated,FINAL,20,20,0.6035,0.698844119002403,0.598478482770155,0.7035,0.994811883612158,0.489549937497261,NaN
DTLZ5,20,8,72008,"S3_(0.50,0.75]",label_dyn,native,front_h1,nondominated,H1,20,20,0.6035,0.985744680861007,0.602864982854165,0.9865,0.999178890846173,0.468789102870177,NaN
DTLZ5,20,8,72008,"S3_(0.50,0.75]",label_dyn,native,front_h3,nondominated,H3,20,20,0.6035,0.949755774123857,0.600936583597332,0.953,0.996468955142781,0.451896447507368,NaN
DTLZ5,20,8,72008,"S3_(0.50,0.75]",label_dyn,native,population_final,retention,FINAL,20,20,0.6035,0.248128576711104,0.643531734997799,0.234,1.06935864234582,0.525327678920033,0.248128576711104
DTLZ5,20,8,72008,"S3_(0.50,0.75]",label_dyn,native,population_h1,retention,H1,20,20,0.6035,0.951202031997512,0.609587673658974,0.9405,1.01123773119578,0.559079551115201,0.951202031997512
DTLZ5,20,8,72008,"S3_(0.50,0.75]",label_dyn,native,population_h3,retention,H3,20,20,0.6035,0.855702972750882,0.609304994502909,0.8465,1.0113220836999,0.515271143311277,0.855702972750882
DTLZ5,20,8,72008,"S4_(0.75,1.00]",label_dyn,native,front_final,nondominated,FINAL,21,21,0.477619047619048,0.920889931578003,0.476844082111937,0.921904761904762,0.998491631411036,0.525961089309303,NaN
DTLZ5,20,8,72008,"S4_(0.75,1.00]",label_dyn,native,front_h1,nondominated,H1,21,20,0.477619047619048,0.983058244158242,0.470114240876944,0.9875,0.995279173540756,0.453954094801542,NaN
DTLZ5,20,8,72008,"S4_(0.75,1.00]",label_dyn,native,front_h3,nondominated,H3,21,18,0.477619047619048,0.962180015651622,0.460034234714999,0.971666666666667,0.989880247880341,0.464555894364353,NaN
DTLZ5,20,8,72008,"S4_(0.75,1.00]",label_dyn,native,population_final,retention,FINAL,21,21,0.477619047619048,0.624761552789277,0.521238034850527,0.571428571428572,1.09599722683441,0.567203408059561,0.624761552789277
DTLZ5,20,8,72008,"S4_(0.75,1.00]",label_dyn,native,population_h1,retention,H1,21,20,0.477619047619048,0.954447972527374,0.479344003458567,0.94,1.01515641846449,0.577885120310049,0.954447972527374
DTLZ5,20,8,72008,"S4_(0.75,1.00]",label_dyn,native,population_h3,retention,H3,21,18,0.477619047619048,0.887680127718447,0.484428102649904,0.850555555555556,1.04379291389864,0.564304785954386,0.887680127718447
DTLZ5,20,9,72009,"S1_[0,0.25]",label_dyn,native,front_final,nondominated,FINAL,5,5,0.568,0.554420470994958,0.650609719737627,0.488,1.14579093657808,0.578045108016459,NaN
DTLZ5,20,9,72009,"S1_[0,0.25]",label_dyn,native,front_h1,nondominated,H1,5,5,0.568,0.834312443429303,0.66490303869644,0.718,1.17316435916352,0.656067729818836,NaN
DTLZ5,20,9,72009,"S1_[0,0.25]",label_dyn,native,front_h3,nondominated,H3,5,5,0.568,0.820089385785193,0.663155744394762,0.708,1.16993611516754,0.64985628815781,NaN
DTLZ5,20,9,72009,"S1_[0,0.25]",label_dyn,native,population_final,retention,FINAL,5,5,0.568,0.151408426542236,0.893636363636364,0.096,1.57686810290512,0.68019575333205,0.151408426542236
DTLZ5,20,9,72009,"S1_[0,0.25]",label_dyn,native,population_h1,retention,H1,5,5,0.568,0.972651021295089,0.587234042553191,0.94,1.03473512903733,0.660283687943262,0.972651021295089
DTLZ5,20,9,72009,"S1_[0,0.25]",label_dyn,native,population_h3,retention,H3,5,5,0.568,0.91237356755644,0.628621804290332,0.824,1.10746417509406,0.670846849857584,0.91237356755644
DTLZ5,20,9,72009,"S2_(0.25,0.50]",label_dyn,native,front_final,nondominated,FINAL,21,21,0.597619047619048,0.816854369942328,0.6128950908742,0.795714285714286,1.0261725998064,0.546052817980784,NaN
DTLZ5,20,9,72009,"S2_(0.25,0.50]",label_dyn,native,front_h1,nondominated,H1,21,21,0.597619047619048,0.985767768900236,0.597577631526216,0.985714285714286,1.00025467386451,0.431687983598006,NaN
DTLZ5,20,9,72009,"S2_(0.25,0.50]",label_dyn,native,front_h3,nondominated,H3,21,21,0.597619047619048,0.969472292431229,0.595067189899275,0.972857142857143,0.996587189413958,0.44896370569178,NaN
DTLZ5,20,9,72009,"S2_(0.25,0.50]",label_dyn,native,population_final,retention,FINAL,21,21,0.597619047619048,0.221530789677726,0.694542395755723,0.195714285714286,1.1447607445949,0.559047410523852,0.221530789677726
DTLZ5,20,9,72009,"S2_(0.25,0.50]",label_dyn,native,population_h1,retention,H1,21,21,0.597619047619048,0.958918279016553,0.604403827030908,0.948095238095238,1.01136832875181,0.57865693997048,0.958918279016553
DTLZ5,20,9,72009,"S2_(0.25,0.50]",label_dyn,native,population_h3,retention,H3,21,21,0.597619047619048,0.882225504028124,0.614975353865597,0.858095238095238,1.02749268732771,0.572570300891473,0.882225504028124
DTLZ5,20,9,72009,"S3_(0.50,0.75]",label_dyn,native,front_final,nondominated,FINAL,20,20,0.615,0.931574131748518,0.627120570595931,0.9135,1.02007720934731,0.565681497419178,NaN
DTLZ5,20,9,72009,"S3_(0.50,0.75]",label_dyn,native,front_h1,nondominated,H1,20,20,0.615,0.998412698412698,0.616186960069876,0.9965,1.0019572054287,0.68671740017469,NaN
DTLZ5,20,9,72009,"S3_(0.50,0.75]",label_dyn,native,front_h3,nondominated,H3,20,20,0.615,0.995311736874237,0.616704894516382,0.9925,1.00285397730761,0.662704894516382,NaN
DTLZ5,20,9,72009,"S3_(0.50,0.75]",label_dyn,native,population_final,retention,FINAL,20,20,0.615,0.418998281776949,0.641157270681905,0.4005,1.04107275721027,0.524308535924421,0.418998281776949
DTLZ5,20,9,72009,"S3_(0.50,0.75]",label_dyn,native,population_h1,retention,H1,20,20,0.615,0.964155766525188,0.621217665372734,0.955,1.01057354254686,0.540826223990715,0.964155766525188
DTLZ5,20,9,72009,"S3_(0.50,0.75]",label_dyn,native,population_h3,retention,H3,20,20,0.615,0.891906441251467,0.626739731783803,0.876,1.02017262359868,0.527839898174434,0.891906441251467
DTLZ5,20,9,72009,"S4_(0.75,1.00]",label_dyn,native,front_final,nondominated,FINAL,21,21,0.612380952380952,0.99000480393923,0.62828529657477,0.965238095238096,1.02593205375777,0.735437225877193,NaN
DTLZ5,20,9,72009,"S4_(0.75,1.00]",label_dyn,native,front_h1,nondominated,H1,21,20,0.612380952380952,1,0.609568181818182,0.9975,1.00258838383838,0.815340909090909,NaN
DTLZ5,20,9,72009,"S4_(0.75,1.00]",label_dyn,native,front_h3,nondominated,H3,21,18,0.612380952380952,0.999145299145299,0.624765011223344,0.991666666666667,1.00773763273763,0.79548085016835,NaN
DTLZ5,20,9,72009,"S4_(0.75,1.00]",label_dyn,native,population_final,retention,FINAL,21,21,0.612380952380952,0.795467154597909,0.665474340358559,0.738095238095238,1.08555955762395,0.576939397231294,0.795467154597909
DTLZ5,20,9,72009,"S4_(0.75,1.00]",label_dyn,native,population_h1,retention,H1,21,20,0.612380952380952,0.977873240028914,0.612883447909813,0.971,1.0074105740215,0.583425277328814,0.977873240028914
DTLZ5,20,9,72009,"S4_(0.75,1.00]",label_dyn,native,population_h3,retention,H3,21,18,0.612380952380952,0.942890580844713,0.637384937612774,0.917777777777778,1.02815089153624,0.603889649530529,0.942890580844713
DTLZ5,20,10,72010,"S1_[0,0.25]",label_dyn,native,front_final,nondominated,FINAL,5,5,0.488,0.380384888161484,0.64174104945622,0.294,1.3167325046997,0.606838016455164,NaN
DTLZ5,20,10,72010,"S1_[0,0.25]",label_dyn,native,front_h1,nondominated,H1,5,5,0.488,0.929853791598472,0.59543077130101,0.766,1.22066937995251,0.725719684361473,NaN
DTLZ5,20,10,72010,"S1_[0,0.25]",label_dyn,native,front_h3,nondominated,H3,5,5,0.488,0.91333033278778,0.600254929221436,0.748,1.2308924781066,0.714903194257415,NaN
DTLZ5,20,10,72010,"S1_[0,0.25]",label_dyn,native,population_final,retention,FINAL,5,5,0.488,0.131651391162029,0.867857142857143,0.074,1.78633387888707,0.704966439591264,0.131651391162029
DTLZ5,20,10,72010,"S1_[0,0.25]",label_dyn,native,population_h1,retention,H1,5,5,0.488,0.996,0.517021276595745,0.94,1.05957446808511,0.741843971631206,0.996
DTLZ5,20,10,72010,"S1_[0,0.25]",label_dyn,native,population_h3,retention,H3,5,5,0.488,0.954697763229678,0.56699970614164,0.822,1.16151455047767,0.721408349802846,0.954697763229678
DTLZ5,20,10,72010,"S2_(0.25,0.50]",label_dyn,native,front_final,nondominated,FINAL,21,21,0.548571428571429,0.569884262692875,0.575642576718194,0.543809523809524,1.04814608875222,0.531245409471411,NaN
DTLZ5,20,10,72010,"S2_(0.25,0.50]",label_dyn,native,front_h1,nondominated,H1,21,21,0.548571428571429,0.976062752144883,0.549978131558085,0.973333333333333,1.00251930194478,0.622742518023159,NaN
DTLZ5,20,10,72010,"S2_(0.25,0.50]",label_dyn,native,front_h3,nondominated,H3,21,21,0.548571428571429,0.934315462198642,0.550726419118679,0.929047619047619,1.0040871177222,0.603934638130768,NaN
DTLZ5,20,10,72010,"S2_(0.25,0.50]",label_dyn,native,population_final,retention,FINAL,21,21,0.548571428571429,0.227945351581622,0.811894513990932,0.157619047619048,1.48066764255253,0.655117171100852,0.227945351581622
DTLZ5,20,10,72010,"S2_(0.25,0.50]",label_dyn,native,population_h1,retention,H1,21,21,0.548571428571429,0.949016270231967,0.555479602729815,0.936666666666667,1.01288806850674,0.570820366924465,0.949016270231967
DTLZ5,20,10,72010,"S2_(0.25,0.50]",label_dyn,native,population_h3,retention,H3,21,21,0.548571428571429,0.868218019767518,0.567599950208166,0.837619047619048,1.035279370448,0.569902857846102,0.868218019767518
DTLZ5,20,10,72010,"S3_(0.50,0.75]",label_dyn,native,front_final,nondominated,FINAL,20,20,0.6305,0.829037147522795,0.618473778145794,0.8445,0.979979992940601,0.472192683278691,NaN
DTLZ5,20,10,72010,"S3_(0.50,0.75]",label_dyn,native,front_h1,nondominated,H1,20,20,0.6305,0.982299677723407,0.629548539120428,0.9835,0.998531535254148,0.528155784207883,NaN
DTLZ5,20,10,72010,"S3_(0.50,0.75]",label_dyn,native,front_h3,nondominated,H3,20,20,0.6305,0.946837222874838,0.625197223894408,0.9545,0.991480434503856,0.453170139934005,NaN
DTLZ5,20,10,72010,"S3_(0.50,0.75]",label_dyn,native,population_final,retention,FINAL,20,20,0.6305,0.531832155627437,0.750581008062131,0.445,1.19078673725325,0.615632430265313,0.531832155627437
DTLZ5,20,10,72010,"S3_(0.50,0.75]",label_dyn,native,population_h1,retention,H1,20,20,0.6305,0.962532597058941,0.638023121489531,0.951,1.01255052407254,0.571428227411432,0.962532597058941
DTLZ5,20,10,72010,"S3_(0.50,0.75]",label_dyn,native,population_h3,retention,H3,20,20,0.6305,0.894778550181179,0.645230415379546,0.874,1.02396427235863,0.568106299930865,0.894778550181179
DTLZ5,20,10,72010,"S4_(0.75,1.00]",label_dyn,native,front_final,nondominated,FINAL,21,21,0.594285714285714,0.956890750610898,0.596765226095769,0.95,1.00734898898295,0.521738622118179,NaN
DTLZ5,20,10,72010,"S4_(0.75,1.00]",label_dyn,native,front_h1,nondominated,H1,21,20,0.594285714285714,0.997761194029851,0.59398969072165,0.9985,0.999238344360671,0.329896907216495,NaN
DTLZ5,20,10,72010,"S4_(0.75,1.00]",label_dyn,native,front_h3,nondominated,H3,21,18,0.594285714285714,0.99275053304904,0.595624284077892,0.995,0.997680961906227,0.34020618556701,NaN
DTLZ5,20,10,72010,"S4_(0.75,1.00]",label_dyn,native,population_final,retention,FINAL,21,21,0.594285714285714,0.812364173115345,0.623599782428565,0.77952380952381,1.0486472592907,0.552287586043734,0.812364173115345
DTLZ5,20,10,72010,"S4_(0.75,1.00]",label_dyn,native,population_h1,retention,H1,21,20,0.594285714285714,0.978449805570765,0.595762217947094,0.9775,1.00099689284954,0.535381108973547,0.978449805570765
DTLZ5,20,10,72010,"S4_(0.75,1.00]",label_dyn,native,population_h3,retention,H3,21,18,0.594285714285714,0.941816184047356,0.604476653276292,0.932222222222222,1.01048215829953,0.550781296014449,0.941816184047356
DTLZ5,20,11,72011,"S1_[0,0.25]",label_dyn,native,front_final,nondominated,FINAL,5,5,0.51,0.286246342447785,0.678080623553769,0.218,1.33752031103042,0.605634130748315,NaN
DTLZ5,20,11,72011,"S1_[0,0.25]",label_dyn,native,front_h1,nondominated,H1,5,5,0.51,0.917230938687653,0.652597322109622,0.718,1.28419139284492,0.750895435248359,NaN
DTLZ5,20,11,72011,"S1_[0,0.25]",label_dyn,native,front_h3,nondominated,H3,5,5,0.51,0.888064272020987,0.661433309577326,0.688,1.3014579396059,0.742670256742265,NaN
DTLZ5,20,11,72011,"S1_[0,0.25]",label_dyn,native,population_final,retention,FINAL,5,5,0.51,0.0631612181750917,0.68,0.048,1.34655769683517,0.58890350877193,0.0631612181750917
DTLZ5,20,11,72011,"S1_[0,0.25]",label_dyn,native,population_h1,retention,H1,5,5,0.51,0.980432263814617,0.53413506012951,0.936,1.04736631428284,0.696234196731422,0.980432263814617
DTLZ5,20,11,72011,"S1_[0,0.25]",label_dyn,native,population_h3,retention,H3,5,5,0.51,0.936935896142333,0.581398765794887,0.822,1.13982645416872,0.700830101851692,0.936935896142333
DTLZ5,20,11,72011,"S2_(0.25,0.50]",label_dyn,native,front_final,nondominated,FINAL,21,21,0.568095238095238,0.632873577318709,0.602640157077,0.608095238095238,1.06046872303849,0.525241611750221,NaN
DTLZ5,20,11,72011,"S2_(0.25,0.50]",label_dyn,native,front_h1,nondominated,H1,21,21,0.568095238095238,0.976292280336752,0.574145069941005,0.965714285714286,1.01006181975435,0.662682495440751,NaN
DTLZ5,20,11,72011,"S2_(0.25,0.50]",label_dyn,native,front_h3,nondominated,H3,21,21,0.568095238095238,0.936710212609072,0.574578394491598,0.924285714285714,1.01101557775884,0.637277526861557,NaN
DTLZ5,20,11,72011,"S2_(0.25,0.50]",label_dyn,native,population_final,retention,FINAL,21,21,0.568095238095238,0.166968345917667,0.676522799135757,0.142380952380952,1.19517084579896,0.562184956188214,0.166968345917667
DTLZ5,20,11,72011,"S2_(0.25,0.50]",label_dyn,native,population_h1,retention,H1,21,21,0.568095238095238,0.95924731012114,0.583146765030349,0.934285714285714,1.02565169597892,0.634498642210621,0.95924731012114
DTLZ5,20,11,72011,"S2_(0.25,0.50]",label_dyn,native,population_h3,retention,H3,21,21,0.568095238095238,0.883527029323321,0.605278738054865,0.828095238095238,1.06507195695927,0.620538977070598,0.883527029323321
DTLZ5,20,11,72011,"S3_(0.50,0.75]",label_dyn,native,front_final,nondominated,FINAL,20,20,0.5065,0.814458234082621,0.500813117922949,0.8225,0.990121584396002,0.485399510089294,NaN
DTLZ5,20,11,72011,"S3_(0.50,0.75]",label_dyn,native,front_h1,nondominated,H1,20,20,0.5065,0.991666666666667,0.506286836087501,0.9915,0.999975071071417,0.635241834577383,NaN
DTLZ5,20,11,72011,"S3_(0.50,0.75]",label_dyn,native,front_h3,nondominated,H3,20,20,0.5065,0.977600732600733,0.506793002608445,0.976,1.00129572633296,0.642309934579238,NaN
DTLZ5,20,11,72011,"S3_(0.50,0.75]",label_dyn,native,population_final,retention,FINAL,20,20,0.5065,0.488333004933863,0.641313253653903,0.385,1.27715374109059,0.609572412895939,0.488333004933863
DTLZ5,20,11,72011,"S3_(0.50,0.75]",label_dyn,native,population_h1,retention,H1,20,20,0.5065,0.973359165628347,0.513314506817841,0.9595,1.01454309314312,0.63006306786668,0.973359165628347
DTLZ5,20,11,72011,"S3_(0.50,0.75]",label_dyn,native,population_h3,retention,H3,20,20,0.5065,0.928001661085835,0.528292418275457,0.888,1.04532175078571,0.60824219721398,0.928001661085835
DTLZ5,20,11,72011,"S4_(0.75,1.00]",label_dyn,native,front_final,nondominated,FINAL,21,21,0.544761904761905,0.998385794995964,0.549013477931004,0.990476190476191,1.00808854880146,0.746636793189628,NaN
DTLZ5,20,11,72011,"S4_(0.75,1.00]",label_dyn,native,front_h1,nondominated,H1,21,20,0.544761904761905,1,0.542515151515152,0.999,1.0010101010101,0.757575757575758,NaN
DTLZ5,20,11,72011,"S4_(0.75,1.00]",label_dyn,native,front_h3,nondominated,H3,21,18,0.544761904761905,1,0.539219977553311,0.997222222222222,1.00280583613917,0.75959595959596,NaN
DTLZ5,20,11,72011,"S4_(0.75,1.00]",label_dyn,native,population_final,retention,FINAL,21,21,0.544761904761905,0.767353432267557,0.587978380928027,0.718095238095238,1.08101848135432,0.549873313173927,0.767353432267557
DTLZ5,20,11,72011,"S4_(0.75,1.00]",label_dyn,native,population_h1,retention,H1,21,20,0.544761904761905,0.976758217255433,0.545548934656731,0.9705,1.00642775191628,0.570274467328366,0.976758217255433
DTLZ5,20,11,72011,"S4_(0.75,1.00]",label_dyn,native,population_h3,retention,H3,21,18,0.544761904761905,0.927929782139566,0.545156558140346,0.915,1.01386569002621,0.552398304723532,0.927929782139566
DTLZ5,20,12,72012,"S1_[0,0.25]",label_dyn,native,front_final,nondominated,FINAL,5,5,0.456,0.474868801668062,0.678623609217459,0.322,1.49024054797016,0.662941611449863,NaN
DTLZ5,20,12,72012,"S1_[0,0.25]",label_dyn,native,front_h1,nondominated,H1,5,5,0.456,0.930275391686123,0.635879128058921,0.668,1.39578947586042,0.77265514951924,NaN
DTLZ5,20,12,72012,"S1_[0,0.25]",label_dyn,native,front_h3,nondominated,H3,5,5,0.456,0.89621742067163,0.639592359664324,0.64,1.40466996125573,0.760652741462917,NaN
DTLZ5,20,12,72012,"S1_[0,0.25]",label_dyn,native,population_final,retention,FINAL,5,5,0.456,0.0793901516820111,0.72,0.052,1.58222716571468,0.638514447997599,0.0793901516820111
DTLZ5,20,12,72012,"S1_[0,0.25]",label_dyn,native,population_h1,retention,H1,5,5,0.456,0.991666666666667,0.480851063829787,0.94,1.05496453900709,0.70709219858156,0.991666666666667
DTLZ5,20,12,72012,"S1_[0,0.25]",label_dyn,native,population_h3,retention,H3,5,5,0.456,0.97445652173913,0.541463414634146,0.82,1.18836161187699,0.73739837398374,0.97445652173913
DTLZ5,20,12,72012,"S2_(0.25,0.50]",label_dyn,native,front_final,nondominated,FINAL,21,21,0.503809523809524,0.733282815491756,0.551693134271417,0.672857142857143,1.09417081941724,0.574814833685207,NaN
DTLZ5,20,12,72012,"S2_(0.25,0.50]",label_dyn,native,front_h1,nondominated,H1,21,21,0.503809523809524,0.991659427118611,0.516087656392511,0.970476190476191,1.02480923486508,0.635171048860045,NaN
DTLZ5,20,12,72012,"S2_(0.25,0.50]",label_dyn,native,front_h3,nondominated,H3,21,21,0.503809523809524,0.981459504338222,0.521391980375137,0.950952380952381,1.03558044697654,0.626463358158709,NaN
DTLZ5,20,12,72012,"S2_(0.25,0.50]",label_dyn,native,population_final,retention,FINAL,21,21,0.503809523809524,0.2013513874167,0.584297646127174,0.175238095238095,1.16112812296952,0.548437041037794,0.2013513874167
DTLZ5,20,12,72012,"S2_(0.25,0.50]",label_dyn,native,population_h1,retention,H1,21,21,0.503809523809524,0.954143697995635,0.511664146723537,0.93952380952381,1.01591800804345,0.558312232091927,0.954143697995635
DTLZ5,20,12,72012,"S2_(0.25,0.50]",label_dyn,native,population_h3,retention,H3,21,21,0.503809523809524,0.872190461108953,0.526639564966393,0.833809523809524,1.04662873722981,0.567018313875836,0.872190461108953
DTLZ5,20,12,72012,"S3_(0.50,0.75]",label_dyn,native,front_final,nondominated,FINAL,20,20,0.5315,0.878728775747693,0.555191022378492,0.841,1.04611889827691,0.566666380765147,NaN
DTLZ5,20,12,72012,"S3_(0.50,0.75]",label_dyn,native,front_h1,nondominated,H1,20,20,0.5315,0.988216018409784,0.531560332802791,0.988,1.00018339672814,0.517724225527298,NaN
DTLZ5,20,12,72012,"S3_(0.50,0.75]",label_dyn,native,front_h3,nondominated,H3,20,20,0.5315,0.967536859075863,0.532449375743326,0.966,1.00174736409044,0.534760026506245,NaN
DTLZ5,20,12,72012,"S3_(0.50,0.75]",label_dyn,native,population_final,retention,FINAL,20,20,0.5315,0.502278962925713,0.582372934573864,0.4585,1.09672568458966,0.548211661752312,0.502278962925713
DTLZ5,20,12,72012,"S3_(0.50,0.75]",label_dyn,native,population_h1,retention,H1,20,20,0.5315,0.952456058457633,0.533818044640483,0.9485,1.00437147245752,0.527487551977718,0.952456058457633
DTLZ5,20,12,72012,"S3_(0.50,0.75]",label_dyn,native,population_h3,retention,H3,20,20,0.5315,0.874894173493744,0.536979018884561,0.866,1.01014821247057,0.530963840666612,0.874894173493744
DTLZ5,20,12,72012,"S4_(0.75,1.00]",label_dyn,native,front_final,nondominated,FINAL,21,21,0.64,0.975452309378041,0.63890219986296,0.977142857142857,0.998320010098965,0.424915172142282,NaN
DTLZ5,20,12,72012,"S4_(0.75,1.00]",label_dyn,native,front_h1,nondominated,H1,21,20,0.64,0.996153846153846,0.641000609928445,0.996,1.00013302848354,0.60800121985689,NaN
DTLZ5,20,12,72012,"S4_(0.75,1.00]",label_dyn,native,front_h3,nondominated,H3,21,18,0.64,0.989457660366246,0.639930312782547,0.989444444444444,0.999974590258356,0.572064195306932,NaN
DTLZ5,20,12,72012,"S4_(0.75,1.00]",label_dyn,native,population_final,retention,FINAL,21,21,0.64,0.815957236010141,0.651013293950255,0.803333333333333,1.01768242953687,0.539448066839562,0.815957236010141
DTLZ5,20,12,72012,"S4_(0.75,1.00]",label_dyn,native,population_h1,retention,H1,21,20,0.64,0.978436572410548,0.644114439537817,0.9735,1.00509155951886,0.596902336598851,0.978436572410548
DTLZ5,20,12,72012,"S4_(0.75,1.00]",label_dyn,native,population_h3,retention,H3,21,18,0.64,0.937897406398967,0.650557018960461,0.922777777777778,1.01673641893141,0.5576678793696,0.937897406398967
DTLZ5,20,13,72013,"S1_[0,0.25]",label_dyn,native,front_final,nondominated,FINAL,5,5,0.626,0.282743197390191,0.619029705926258,0.29,0.990709763529236,0.492274922150181,NaN
DTLZ5,20,13,72013,"S1_[0,0.25]",label_dyn,native,front_h1,nondominated,H1,5,5,0.626,0.941312579907751,0.745148825295884,0.794,1.1942271091162,0.787718643417173,NaN
DTLZ5,20,13,72013,"S1_[0,0.25]",label_dyn,native,front_h3,nondominated,H3,5,5,0.626,0.934912170281535,0.743854871814051,0.79,1.19215710111842,0.78027068987528,NaN
DTLZ5,20,13,72013,"S1_[0,0.25]",label_dyn,native,population_final,retention,FINAL,5,5,0.626,0.00934158609680431,0.666666666666667,0.01,1.04301577261729,0.511269154126297,0.00934158609680431
DTLZ5,20,13,72013,"S1_[0,0.25]",label_dyn,native,population_h1,retention,H1,5,5,0.626,0.98425800427698,0.652349290780142,0.944,1.04271554480863,0.734507978723404,0.98425800427698
DTLZ5,20,13,72013,"S1_[0,0.25]",label_dyn,native,population_h3,retention,H3,5,5,0.626,0.942611408671737,0.707290428366469,0.834,1.13043022780494,0.744756325294345,0.942611408671737
DTLZ5,20,13,72013,"S2_(0.25,0.50]",label_dyn,native,front_final,nondominated,FINAL,21,21,0.552380952380952,0.547021790008548,0.577183459031932,0.532380952380952,1.03601514805925,0.522273940611126,NaN
DTLZ5,20,13,72013,"S2_(0.25,0.50]",label_dyn,native,front_h1,nondominated,H1,21,21,0.552380952380952,0.983182102379507,0.556060271210478,0.977142857142857,1.00635975522833,0.58597377483643,NaN
DTLZ5,20,13,72013,"S2_(0.25,0.50]",label_dyn,native,front_h3,nondominated,H3,21,21,0.552380952380952,0.950817124259846,0.558962501655162,0.94047619047619,1.01108188410049,0.573544446458093,NaN
DTLZ5,20,13,72013,"S2_(0.25,0.50]",label_dyn,native,population_final,retention,FINAL,21,21,0.552380952380952,0.157582515562437,0.70788798802447,0.12952380952381,1.27739765716385,0.586579903905224,0.157582515562437
DTLZ5,20,13,72013,"S2_(0.25,0.50]",label_dyn,native,population_h1,retention,H1,21,21,0.552380952380952,0.960029211483789,0.566078206495103,0.936190476190476,1.02572085399433,0.615646707283727,0.960029211483789
DTLZ5,20,13,72013,"S2_(0.25,0.50]",label_dyn,native,population_h3,retention,H3,21,21,0.552380952380952,0.892013777436544,0.582307199203071,0.843809523809524,1.05730594398042,0.599822436211549,0.892013777436544
DTLZ5,20,13,72013,"S3_(0.50,0.75]",label_dyn,native,front_final,nondominated,FINAL,20,20,0.61,0.852586221319553,0.61331603155971,0.849,1.00499692131011,0.50406219734708,NaN
DTLZ5,20,13,72013,"S3_(0.50,0.75]",label_dyn,native,front_h1,nondominated,H1,20,20,0.61,0.991589542223769,0.609909278372886,0.992,0.999587688124251,0.529886597966107,NaN
DTLZ5,20,13,72013,"S3_(0.50,0.75]",label_dyn,native,front_h3,nondominated,H3,20,20,0.61,0.976871727939157,0.608596151953424,0.9795,0.997302862095744,0.488841879080061,NaN
DTLZ5,20,13,72013,"S3_(0.50,0.75]",label_dyn,native,population_final,retention,FINAL,20,20,0.61,0.304884822226345,0.620070003549659,0.303,1.01390251382379,0.505799924358983,0.304884822226345
DTLZ5,20,13,72013,"S3_(0.50,0.75]",label_dyn,native,population_h1,retention,H1,20,20,0.61,0.971283269605983,0.614470289857682,0.9645,1.00712327189492,0.55628276397646,0.971283269605983
DTLZ5,20,13,72013,"S3_(0.50,0.75]",label_dyn,native,population_h3,retention,H3,20,20,0.61,0.912241699696071,0.615758500688447,0.904,1.00925262763233,0.529713804678778,0.912241699696071
DTLZ5,20,13,72013,"S4_(0.75,1.00]",label_dyn,native,front_final,nondominated,FINAL,21,21,0.59952380952381,0.961511505425607,0.599601713396333,0.961428571428571,0.999976929706218,0.487119075531892,NaN
DTLZ5,20,13,72013,"S4_(0.75,1.00]",label_dyn,native,front_h1,nondominated,H1,21,20,0.59952380952381,0.997643467643468,0.600885075242218,0.997,1.00064391390922,0.614770150484436,NaN
DTLZ5,20,13,72013,"S4_(0.75,1.00]",label_dyn,native,front_h3,nondominated,H3,21,18,0.59952380952381,0.992545298819245,0.596768465447896,0.990555555555555,1.00201074513451,0.586465237974811,NaN
DTLZ5,20,13,72013,"S4_(0.75,1.00]",label_dyn,native,population_final,retention,FINAL,21,21,0.59952380952381,0.606257549682801,0.597926540576338,0.606666666666667,0.997400348364723,0.494924699034412,0.606257549682801
DTLZ5,20,13,72013,"S4_(0.75,1.00]",label_dyn,native,population_h1,retention,H1,21,20,0.59952380952381,0.954532393075602,0.605564855806089,0.9465,1.00884525983168,0.533570335171215,0.954532393075602
DTLZ5,20,13,72013,"S4_(0.75,1.00]",label_dyn,native,population_h3,retention,H3,21,18,0.59952380952381,0.884133397648817,0.614701991658534,0.856111111111111,1.03360452700658,0.573044726414302,0.884133397648817
DTLZ5,20,14,72014,"S1_[0,0.25]",label_dyn,native,front_final,nondominated,FINAL,5,5,0.4,0.481242541242541,0.573205773923134,0.338,1.43939117898946,0.630069226364753,NaN
DTLZ5,20,14,72014,"S1_[0,0.25]",label_dyn,native,front_h1,nondominated,H1,5,5,0.4,0.913962793962794,0.609362637362637,0.602,1.53573492144921,0.761767898767899,NaN
DTLZ5,20,14,72014,"S1_[0,0.25]",label_dyn,native,front_h3,nondominated,H3,5,5,0.4,0.889206739206739,0.613394555337384,0.582,1.54624313617483,0.752995417683693,NaN
DTLZ5,20,14,72014,"S1_[0,0.25]",label_dyn,native,population_final,retention,FINAL,5,5,0.4,0.103359073359073,0.667619047619048,0.062,1.65765765765766,0.642883925668667,0.103359073359073
DTLZ5,20,14,72014,"S1_[0,0.25]",label_dyn,native,population_h1,retention,H1,5,5,0.4,0.995454545454545,0.423404255319149,0.94,1.05899419729207,0.695035460992908,0.995454545454545
DTLZ5,20,14,72014,"S1_[0,0.25]",label_dyn,native,population_h3,retention,H3,5,5,0.4,0.980194805194805,0.476785189538642,0.822,1.19248772091852,0.715843575161478,0.980194805194805
DTLZ5,20,14,72014,"S2_(0.25,0.50]",label_dyn,native,front_final,nondominated,FINAL,21,21,0.537619047619048,0.759193047695659,0.592420317689996,0.691904761904762,1.10435584824391,0.58914876571894,NaN
DTLZ5,20,14,72014,"S2_(0.25,0.50]",label_dyn,native,front_h1,nondominated,H1,21,21,0.537619047619048,0.99338104072798,0.557862770651548,0.959047619047619,1.04157585817095,0.746867505527775,NaN
DTLZ5,20,14,72014,"S2_(0.25,0.50]",label_dyn,native,front_h3,nondominated,H3,21,21,0.537619047619048,0.988948245311357,0.559739667537172,0.951904761904762,1.04531617903171,0.655044106726706,NaN
DTLZ5,20,14,72014,"S2_(0.25,0.50]",label_dyn,native,population_final,retention,FINAL,21,21,0.537619047619048,0.23312183813667,0.675565931791961,0.187619047619048,1.26038266622599,0.58468602318145,0.23312183813667
DTLZ5,20,14,72014,"S2_(0.25,0.50]",label_dyn,native,population_h1,retention,H1,21,21,0.537619047619048,0.976689039542534,0.551014634324941,0.952380952380952,1.02572705716182,0.627094618749772,0.976689039542534
DTLZ5,20,14,72014,"S2_(0.25,0.50]",label_dyn,native,population_h3,retention,H3,21,21,0.537619047619048,0.930877731100637,0.576591184069616,0.867619047619048,1.07445248694953,0.634657773270939,0.930877731100637
DTLZ5,20,14,72014,"S3_(0.50,0.75]",label_dyn,native,front_final,nondominated,FINAL,20,20,0.5585,0.918820677113918,0.571521810405057,0.899,1.02342806630704,0.538847789078886,NaN
DTLZ5,20,14,72014,"S3_(0.50,0.75]",label_dyn,native,front_h1,nondominated,H1,20,20,0.5585,0.99270672310146,0.55865896767139,0.9925,1.0001672864544,0.562012810959129,NaN
DTLZ5,20,14,72014,"S3_(0.50,0.75]",label_dyn,native,front_h3,nondominated,H3,20,20,0.5585,0.978327790630422,0.558159997079888,0.979,0.999133934633064,0.570462923084274,NaN
DTLZ5,20,14,72014,"S3_(0.50,0.75]",label_dyn,native,population_final,retention,FINAL,20,20,0.5585,0.503679374072275,0.651041221118136,0.4355,1.16688651565289,0.579359443725035,0.503679374072275
DTLZ5,20,14,72014,"S3_(0.50,0.75]",label_dyn,native,population_h1,retention,H1,20,20,0.5585,0.962420266445818,0.565664705051842,0.9505,1.01281840819081,0.576468716162285,0.962420266445818
DTLZ5,20,14,72014,"S3_(0.50,0.75]",label_dyn,native,population_h3,retention,H3,20,20,0.5585,0.890363237975428,0.572879441973693,0.868,1.02599909744374,0.560301555531731,0.890363237975428
DTLZ5,20,14,72014,"S4_(0.75,1.00]",label_dyn,native,front_final,nondominated,FINAL,21,21,0.571428571428571,0.996655719638723,0.571481481481481,0.996666666666667,0.999988942396017,0.507936507936508,NaN
DTLZ5,20,14,72014,"S4_(0.75,1.00]",label_dyn,native,front_h1,nondominated,H1,21,20,0.571428571428571,0.999152542372881,0.57310101010101,0.999,1.00015408320493,0.55050505050505,NaN
DTLZ5,20,14,72014,"S4_(0.75,1.00]",label_dyn,native,front_h3,nondominated,H3,21,18,0.571428571428571,0.99699439692618,0.577497194163861,0.996666666666667,1.00033104066618,0.541245791245791,NaN
DTLZ5,20,14,72014,"S4_(0.75,1.00]",label_dyn,native,population_final,retention,FINAL,21,21,0.571428571428571,0.78532170230892,0.568739923346633,0.786666666666667,0.996482525417019,0.488350610945578,0.78532170230892
DTLZ5,20,14,72014,"S4_(0.75,1.00]",label_dyn,native,population_h1,retention,H1,21,20,0.571428571428571,0.970574990145088,0.574491780475707,0.968,1.00268805618086,0.530698271190235,0.970574990145088
DTLZ5,20,14,72014,"S4_(0.75,1.00]",label_dyn,native,population_h3,retention,H3,21,18,0.571428571428571,0.92019543212658,0.583805344985654,0.91,1.01159665987016,0.531392286002049,0.92019543212658
DTLZ5,20,15,72015,"S1_[0,0.25]",label_dyn,native,front_final,nondominated,FINAL,5,5,0.434,0.498940006740816,0.60281512605042,0.362,1.3862081283474,0.631058199744812,NaN
DTLZ5,20,15,72015,"S1_[0,0.25]",label_dyn,native,front_h1,nondominated,H1,5,5,0.434,0.967603078305808,0.583421540521316,0.722,1.34242464019869,0.767119620669508,NaN
DTLZ5,20,15,72015,"S1_[0,0.25]",label_dyn,native,front_h3,nondominated,H3,5,5,0.434,0.922479496685766,0.596040404040404,0.674,1.37172993030762,0.74832332867627,NaN
DTLZ5,20,15,72015,"S1_[0,0.25]",label_dyn,native,population_final,retention,FINAL,5,5,0.434,0.120124143354679,0.838095238095238,0.062,1.93562387318707,0.715432885577017,0.120124143354679
DTLZ5,20,15,72015,"S1_[0,0.25]",label_dyn,native,population_h1,retention,H1,5,5,0.434,0.986046511627907,0.45431131019037,0.942,1.04674600901065,0.677155655095185,0.986046511627907
DTLZ5,20,15,72015,"S1_[0,0.25]",label_dyn,native,population_h3,retention,H3,5,5,0.434,0.940367374452309,0.492624854819977,0.828,1.13594095640509,0.669923538521099,0.940367374452309
DTLZ5,20,15,72015,"S2_(0.25,0.50]",label_dyn,native,front_final,nondominated,FINAL,21,21,0.568095238095238,0.743329590923211,0.568003906524009,0.747142857142857,1.00203589969535,0.483395356999774,NaN
DTLZ5,20,15,72015,"S2_(0.25,0.50]",label_dyn,native,front_h1,nondominated,H1,21,21,0.568095238095238,0.985585350592972,0.579421392487595,0.965714285714286,1.02322201934744,0.609006921479205,NaN
DTLZ5,20,15,72015,"S2_(0.25,0.50]",label_dyn,native,front_h3,nondominated,H3,21,21,0.568095238095238,0.959480464924052,0.576806261168863,0.944761904761905,1.01874660454575,0.533245881800176,NaN
DTLZ5,20,15,72015,"S2_(0.25,0.50]",label_dyn,native,population_final,retention,FINAL,21,21,0.568095238095238,0.225102261280246,0.652347234726416,0.198571428571429,1.15844680323174,0.551194051245222,0.225102261280246
DTLZ5,20,15,72015,"S2_(0.25,0.50]",label_dyn,native,population_h1,retention,H1,21,21,0.568095238095238,0.966484523268401,0.581635407448897,0.942857142857143,1.02513775662451,0.622154026132199,0.966484523268401
DTLZ5,20,15,72015,"S2_(0.25,0.50]",label_dyn,native,population_h3,retention,H3,21,21,0.568095238095238,0.895774245944397,0.596663317478474,0.850952380952381,1.053233631725,0.592703616924221,0.895774245944397
DTLZ5,20,15,72015,"S3_(0.50,0.75]",label_dyn,native,front_final,nondominated,FINAL,20,20,0.6125,0.888509575525543,0.616089139277195,0.883,1.00607555360134,0.519676720167807,NaN
DTLZ5,20,15,72015,"S3_(0.50,0.75]",label_dyn,native,front_h1,nondominated,H1,20,20,0.6125,0.991665601256575,0.612268674255986,0.992,0.999604228882269,0.570537348511973,NaN
DTLZ5,20,15,72015,"S3_(0.50,0.75]",label_dyn,native,front_h3,nondominated,H3,20,20,0.6125,0.974953342475014,0.612469933483081,0.975,0.999945354000144,0.520578727408862,NaN
DTLZ5,20,15,72015,"S3_(0.50,0.75]",label_dyn,native,population_final,retention,FINAL,20,20,0.6125,0.440485367364729,0.659795464241573,0.4085,1.07773193638044,0.5403754297294,0.440485367364729
DTLZ5,20,15,72015,"S3_(0.50,0.75]",label_dyn,native,population_h1,retention,H1,20,20,0.6125,0.963501113073054,0.617529896328013,0.956,1.0080388198556,0.550639948164006,0.963501113073054
DTLZ5,20,15,72015,"S3_(0.50,0.75]",label_dyn,native,population_h3,retention,H3,20,20,0.6125,0.901143403360418,0.623361453343384,0.8855,1.0178140018145,0.549668102857598,0.901143403360418
DTLZ5,20,15,72015,"S4_(0.75,1.00]",label_dyn,native,front_final,nondominated,FINAL,21,21,0.635238095238095,0.997019954935379,0.637865508500897,0.992857142857143,1.00426886935538,0.692097973209903,NaN
DTLZ5,20,15,72015,"S4_(0.75,1.00]",label_dyn,native,front_h1,nondominated,H1,21,20,0.635238095238095,0.998471055088702,0.634651515151515,0.999,0.99946571221081,0.325757575757576,NaN
DTLZ5,20,15,72015,"S4_(0.75,1.00]",label_dyn,native,front_h3,nondominated,H3,21,18,0.635238095238095,0.996523280757942,0.634859708193041,0.996666666666667,0.999855165748763,0.478956228956229,NaN
DTLZ5,20,15,72015,"S4_(0.75,1.00]",label_dyn,native,population_final,retention,FINAL,21,21,0.635238095238095,0.742405316838488,0.657933672514239,0.719047619047619,1.03571866528145,0.549029215536926,0.742405316838488
DTLZ5,20,15,72015,"S4_(0.75,1.00]",label_dyn,native,population_h1,retention,H1,21,20,0.635238095238095,0.968139139283624,0.637443841549099,0.9645,1.00374288636145,0.55372192077455,0.968139139283624
DTLZ5,20,15,72015,"S4_(0.75,1.00]",label_dyn,native,population_h3,retention,H3,21,18,0.635238095238095,0.903284611908615,0.639735056566355,0.896666666666667,1.00740937070885,0.524829410083295,0.903284611908615
DTLZ5,20,16,72016,"S1_[0,0.25]",label_dyn,native,front_final,nondominated,FINAL,5,5,0.472,0.466657638835486,0.71442706636255,0.312,1.52215236423763,0.674619689165454,NaN
DTLZ5,20,16,72016,"S1_[0,0.25]",label_dyn,native,front_h1,nondominated,H1,5,5,0.472,0.897452589429687,0.633037871025353,0.672,1.34968671737764,0.740542657608614,NaN
DTLZ5,20,16,72016,"S1_[0,0.25]",label_dyn,native,front_h3,nondominated,H3,5,5,0.472,0.897452589429687,0.644087024087024,0.662,1.3745618956944,0.747687557540499,NaN
DTLZ5,20,16,72016,"S1_[0,0.25]",label_dyn,native,population_final,retention,FINAL,5,5,0.472,0.155504237600088,0.876666666666667,0.084,1.86232699857497,0.720902970500565,0.155504237600088
DTLZ5,20,16,72016,"S1_[0,0.25]",label_dyn,native,population_h1,retention,H1,5,5,0.472,0.995918367346939,0.497695035460993,0.944,1.05505500072369,0.73218085106383,0.995918367346939
DTLZ5,20,16,72016,"S1_[0,0.25]",label_dyn,native,population_h3,retention,H3,5,5,0.472,0.979290817254343,0.552307166769147,0.836,1.17187371269347,0.744348027829018,0.979290817254343
DTLZ5,20,16,72016,"S2_(0.25,0.50]",label_dyn,native,front_final,nondominated,FINAL,21,21,0.57,0.801822742340706,0.626734320678816,0.739047619047619,1.10493498568325,0.589302837302923,NaN
DTLZ5,20,16,72016,"S2_(0.25,0.50]",label_dyn,native,front_h1,nondominated,H1,21,21,0.57,0.978630346647659,0.576788372658111,0.967142857142857,1.01345436771928,0.587119291019359,NaN
DTLZ5,20,16,72016,"S2_(0.25,0.50]",label_dyn,native,front_h3,nondominated,H3,21,21,0.57,0.959242018472558,0.576797978668711,0.948095238095238,1.01370865071996,0.546404959004367,NaN
DTLZ5,20,16,72016,"S2_(0.25,0.50]",label_dyn,native,population_final,retention,FINAL,21,21,0.57,0.235002510963368,0.718952237088883,0.195238095238095,1.27411304491557,0.587792019444142,0.235002510963368
DTLZ5,20,16,72016,"S2_(0.25,0.50]",label_dyn,native,population_h1,retention,H1,21,21,0.57,0.969286460705558,0.581552060805289,0.94952380952381,1.02086685621047,0.624610119593876,0.969286460705558
DTLZ5,20,16,72016,"S2_(0.25,0.50]",label_dyn,native,population_h3,retention,H3,21,21,0.57,0.908222715774746,0.595707091051518,0.868571428571429,1.04639433537921,0.59422322976309,0.908222715774746
DTLZ5,20,16,72016,"S3_(0.50,0.75]",label_dyn,native,front_final,nondominated,FINAL,20,20,0.6005,0.97722612978618,0.620469991798574,0.9445,1.03471619036438,0.692348091137382,NaN
DTLZ5,20,16,72016,"S3_(0.50,0.75]",label_dyn,native,front_h1,nondominated,H1,20,20,0.6005,0.999019607843137,0.601545557616986,0.9975,1.00153515951835,0.760113894042465,NaN
DTLZ5,20,16,72016,"S3_(0.50,0.75]",label_dyn,native,front_h3,nondominated,H3,20,20,0.6005,0.998294970161978,0.604020408163265,0.9925,1.00586685266992,0.771683673469388,NaN
DTLZ5,20,16,72016,"S3_(0.50,0.75]",label_dyn,native,population_final,retention,FINAL,20,20,0.6005,0.467805184385079,0.667949430851337,0.413,1.12736259838241,0.560433182431053,0.467805184385079
DTLZ5,20,16,72016,"S3_(0.50,0.75]",label_dyn,native,population_h1,retention,H1,20,20,0.6005,0.975065462548763,0.605432051493158,0.9685,1.00696091569105,0.549112107302164,0.975065462548763
DTLZ5,20,16,72016,"S3_(0.50,0.75]",label_dyn,native,population_h3,retention,H3,20,20,0.6005,0.931504356414844,0.613293263606916,0.9135,1.02025237942139,0.563035520692347,0.931504356414844
DTLZ5,20,16,72016,"S4_(0.75,1.00]",label_dyn,native,front_final,nondominated,FINAL,21,21,0.571428571428571,1,0.57458521070766,0.994285714285714,1.00581127111739,0.781018089053803,NaN
DTLZ5,20,16,72016,"S4_(0.75,1.00]",label_dyn,native,front_h1,nondominated,H1,21,20,0.571428571428571,1,0.5715,1,1,NaN,NaN
DTLZ5,20,16,72016,"S4_(0.75,1.00]",label_dyn,native,front_h3,nondominated,H3,21,18,0.571428571428571,1,0.571666666666667,1,1,NaN,NaN
DTLZ5,20,16,72016,"S4_(0.75,1.00]",label_dyn,native,population_final,retention,FINAL,21,21,0.571428571428571,0.854580334157661,0.622188566448928,0.789523809523809,1.09215267476954,0.616502275108053,0.854580334157661
DTLZ5,20,16,72016,"S4_(0.75,1.00]",label_dyn,native,population_h1,retention,H1,21,20,0.571428571428571,0.985177434684458,0.575597271437061,0.978,1.00734338274104,0.62364768672126,0.985177434684458
DTLZ5,20,16,72016,"S4_(0.75,1.00]",label_dyn,native,population_h3,retention,H3,21,18,0.571428571428571,0.958196933735519,0.585965556178189,0.934444444444444,1.02554891931273,0.609858880381864,0.958196933735519
DTLZ5,20,17,72017,"S1_[0,0.25]",label_dyn,native,front_final,nondominated,FINAL,5,5,0.462,0.432126805641756,0.728150537634409,0.278,1.59462636459743,0.681279048057648,NaN
DTLZ5,20,17,72017,"S1_[0,0.25]",label_dyn,native,front_h1,nondominated,H1,5,5,0.462,0.948847528993708,0.62625695196822,0.702,1.36760508269693,0.767569362683617,NaN
DTLZ5,20,17,72017,"S1_[0,0.25]",label_dyn,native,front_h3,nondominated,H3,5,5,0.462,0.93611473354995,0.623224957589364,0.696,1.36116893151239,0.75730219558196,NaN
DTLZ5,20,17,72017,"S1_[0,0.25]",label_dyn,native,population_final,retention,FINAL,5,5,0.462,0.122596473294148,0.796428571428571,0.072,1.76181957577306,0.679252153876979,0.122596473294148
DTLZ5,20,17,72017,"S1_[0,0.25]",label_dyn,native,population_h1,retention,H1,5,5,0.462,1,0.489317375886525,0.944,1.05939716312057,0.744658687943262,1
DTLZ5,20,17,72017,"S1_[0,0.25]",label_dyn,native,population_h3,retention,H3,5,5,0.462,0.992,0.545238095238095,0.84,1.18095238095238,0.760119047619048,0.992
DTLZ5,20,17,72017,"S2_(0.25,0.50]",label_dyn,native,front_final,nondominated,FINAL,21,21,0.49952380952381,0.670072911761981,0.560858961254297,0.596190476190476,1.12296531636722,0.5858891477548,NaN
DTLZ5,20,17,72017,"S2_(0.25,0.50]",label_dyn,native,front_h1,nondominated,H1,21,21,0.49952380952381,0.970370519077019,0.506562033167799,0.958095238095238,1.01341055896618,0.595051786730571,NaN
DTLZ5,20,17,72017,"S2_(0.25,0.50]",label_dyn,native,front_h3,nondominated,H3,21,21,0.49952380952381,0.938792335974565,0.506765874131454,0.924285714285715,1.01565452967147,0.579515911757841,NaN
DTLZ5,20,17,72017,"S2_(0.25,0.50]",label_dyn,native,population_final,retention,FINAL,21,21,0.49952380952381,0.155306771311393,0.467659026784077,0.161904761904762,0.937845433541808,0.482130860628677,0.155306771311393
DTLZ5,20,17,72017,"S2_(0.25,0.50]",label_dyn,native,population_h1,retention,H1,21,21,0.49952380952381,0.959972236292542,0.505215583098113,0.949047619047619,1.01151304593102,0.554591918533183,0.959972236292542
DTLZ5,20,17,72017,"S2_(0.25,0.50]",label_dyn,native,population_h3,retention,H3,21,21,0.49952380952381,0.88285609379746,0.511018260446535,0.861428571428571,1.02516106863948,0.54033602135268,0.88285609379746
DTLZ5,20,17,72017,"S3_(0.50,0.75]",label_dyn,native,front_final,nondominated,FINAL,20,20,0.5445,0.935003321479197,0.568980142592488,0.895,1.04513310708591,0.623826715044652,NaN
DTLZ5,20,17,72017,"S3_(0.50,0.75]",label_dyn,native,front_h1,nondominated,H1,20,20,0.5445,0.995530517790602,0.544214285714286,0.996,0.999520936521023,0.464285714285714,NaN
DTLZ5,20,17,72017,"S3_(0.50,0.75]",label_dyn,native,front_h3,nondominated,H3,20,20,0.5445,0.986196470900602,0.54424689279688,0.9865,0.999636582672048,0.53324689279688,NaN
DTLZ5,20,17,72017,"S3_(0.50,0.75]",label_dyn,native,population_final,retention,FINAL,20,20,0.5445,0.522371682492952,0.600906085448751,0.465,1.10285384777243,0.565629740411926,0.522371682492952
DTLZ5,20,17,72017,"S3_(0.50,0.75]",label_dyn,native,population_h1,retention,H1,20,20,0.5445,0.959985432939893,0.546353622161803,0.9565,1.0037130640207,0.519188715842807,0.959985432939893
DTLZ5,20,17,72017,"S3_(0.50,0.75]",label_dyn,native,population_h3,retention,H3,20,20,0.5445,0.884178237431896,0.55012054826194,0.8745,1.01102795900874,0.523629370475802,0.884178237431896
DTLZ5,20,17,72017,"S4_(0.75,1.00]",label_dyn,native,front_final,nondominated,FINAL,21,21,0.631904761904762,0.938528619416233,0.624518820304755,0.949047619047619,0.988835291788284,0.407724262760087,NaN
DTLZ5,20,17,72017,"S4_(0.75,1.00]",label_dyn,native,front_h1,nondominated,H1,21,20,0.631904761904762,0.993507543103448,0.630621212121212,0.994,0.999439093750573,0.60530303030303,NaN
DTLZ5,20,17,72017,"S4_(0.75,1.00]",label_dyn,native,front_h3,nondominated,H3,21,18,0.631904761904762,0.980415508604987,0.628585077004963,0.980555555555556,0.999768437985032,0.581733225153111,NaN
DTLZ5,20,17,72017,"S4_(0.75,1.00]",label_dyn,native,population_final,retention,FINAL,21,21,0.631904761904762,0.865504615462829,0.645100862063271,0.848571428571429,1.02180223170065,0.547272434792509,0.865504615462829
DTLZ5,20,17,72017,"S4_(0.75,1.00]",label_dyn,native,population_h1,retention,H1,21,20,0.631904761904762,0.977386293085944,0.632802490996153,0.9745,1.00292587147197,0.563665330838073,0.977386293085944
DTLZ5,20,17,72017,"S4_(0.75,1.00]",label_dyn,native,population_h3,retention,H3,21,18,0.631904761904762,0.9418687236259,0.635261677112011,0.932222222222222,1.01039607785874,0.563916959842127,0.9418687236259
DTLZ5,20,18,72018,"S1_[0,0.25]",label_dyn,native,front_final,nondominated,FINAL,5,5,0.456,0.390910208370507,0.758540853671288,0.236,1.67182267559991,0.696892205323037,NaN
DTLZ5,20,18,72018,"S1_[0,0.25]",label_dyn,native,front_h1,nondominated,H1,5,5,0.456,0.981905403887204,0.663732979085425,0.678,1.45929473368549,0.820076411512622,NaN
DTLZ5,20,18,72018,"S1_[0,0.25]",label_dyn,native,front_h3,nondominated,H3,5,5,0.456,0.961871303290443,0.672252551762498,0.654,1.47819720126931,0.809072225601392,NaN
DTLZ5,20,18,72018,"S1_[0,0.25]",label_dyn,native,population_final,retention,FINAL,5,5,0.456,0.140463001513379,1,0.064,2.20161647402473,0.790551361244566,0.140463001513379
DTLZ5,20,18,72018,"S1_[0,0.25]",label_dyn,native,population_h1,retention,H1,5,5,0.456,0.995555555555556,0.480873460246361,0.944,1.05462237153167,0.723770063456514,0.995555555555556
DTLZ5,20,18,72018,"S1_[0,0.25]",label_dyn,native,population_h3,retention,H3,5,5,0.456,0.9875056999544,0.535605615740272,0.84,1.17578015334164,0.748587121595626,0.9875056999544
DTLZ5,20,18,72018,"S2_(0.25,0.50]",label_dyn,native,front_final,nondominated,FINAL,21,21,0.539047619047619,0.635858737867229,0.636812845479657,0.54952380952381,1.18423976220875,0.60169260208297,NaN
DTLZ5,20,18,72018,"S2_(0.25,0.50]",label_dyn,native,front_h1,nondominated,H1,21,21,0.539047619047619,0.950615797376773,0.587818020421622,0.88,1.09310374455084,0.639519206952122,NaN
DTLZ5,20,18,72018,"S2_(0.25,0.50]",label_dyn,native,front_h3,nondominated,H3,21,21,0.539047619047619,0.910636032693352,0.590529229086311,0.839523809523809,1.09836142921906,0.650795397174779,NaN
DTLZ5,20,18,72018,"S2_(0.25,0.50]",label_dyn,native,population_final,retention,FINAL,21,21,0.539047619047619,0.176760272037887,0.769606657532354,0.13047619047619,1.43401806693844,0.62939613614896,0.176760272037887
DTLZ5,20,18,72018,"S2_(0.25,0.50]",label_dyn,native,population_h1,retention,H1,21,21,0.539047619047619,0.971645756589592,0.554845896505138,0.943809523809524,1.0296393885535,0.635756281585902,0.971645756589592
DTLZ5,20,18,72018,"S2_(0.25,0.50]",label_dyn,native,population_h3,retention,H3,21,21,0.539047619047619,0.917342972229009,0.583540273934579,0.847142857142857,1.0830362469061,0.646893073865436,0.917342972229009
DTLZ5,20,18,72018,"S3_(0.50,0.75]",label_dyn,native,front_final,nondominated,FINAL,20,20,0.5845,0.873203297376425,0.593063614609372,0.861,1.01549282423101,0.522608348294843,NaN
DTLZ5,20,18,72018,"S3_(0.50,0.75]",label_dyn,native,front_h1,nondominated,H1,20,20,0.5845,0.994090909090909,0.585994019858803,0.9915,1.00264284445211,0.623562885512575,NaN
DTLZ5,20,18,72018,"S3_(0.50,0.75]",label_dyn,native,front_h3,nondominated,H3,20,20,0.5845,0.986058802308802,0.589374190926884,0.9775,1.00885420109398,0.639439936808399,NaN
DTLZ5,20,18,72018,"S3_(0.50,0.75]",label_dyn,native,population_final,retention,FINAL,20,20,0.5845,0.334227057593219,0.665376898576371,0.296,1.14450370074047,0.555197561854,0.334227057593219
DTLZ5,20,18,72018,"S3_(0.50,0.75]",label_dyn,native,population_h1,retention,H1,20,20,0.5845,0.959310133098198,0.597586714542643,0.939,1.02278412829543,0.578882642985607,0.959310133098198
DTLZ5,20,18,72018,"S3_(0.50,0.75]",label_dyn,native,population_h3,retention,H3,20,20,0.5845,0.887222003598582,0.616673025865155,0.842,1.05583385927189,0.589739205419829,0.887222003598582
DTLZ5,20,18,72018,"S4_(0.75,1.00]",label_dyn,native,front_final,nondominated,FINAL,21,21,0.581428571428572,0.970738068051787,0.581723753918798,0.97,1.00067088697991,0.544625199447741,NaN
DTLZ5,20,18,72018,"S4_(0.75,1.00]",label_dyn,native,front_h1,nondominated,H1,21,20,0.581428571428572,0.99622641509434,0.577309675704413,0.9965,0.999669485319932,0.626032252348042,NaN
DTLZ5,20,18,72018,"S4_(0.75,1.00]",label_dyn,native,front_h3,nondominated,H3,21,18,0.581428571428572,0.987940238436763,0.569065213538898,0.988333333333333,0.999444447335526,0.635176324650009,NaN
DTLZ5,20,18,72018,"S4_(0.75,1.00]",label_dyn,native,population_final,retention,FINAL,21,21,0.581428571428572,0.732283255629768,0.61486765713073,0.69047619047619,1.06186357457843,0.556875803050825,0.732283255629768
DTLZ5,20,18,72018,"S4_(0.75,1.00]",label_dyn,native,population_h1,retention,H1,21,20,0.581428571428572,0.957566624333421,0.579994667943762,0.953,1.0052734739414,0.527459739986919,0.957566624333421
DTLZ5,20,18,72018,"S4_(0.75,1.00]",label_dyn,native,population_h3,retention,H3,21,18,0.581428571428572,0.889270475325208,0.583011826179106,0.868333333333333,1.02560862089744,0.552215920674561,0.889270475325208
DTLZ5,20,19,72019,"S1_[0,0.25]",label_dyn,native,front_final,nondominated,FINAL,5,5,0.544,0.459282252139395,0.672110017153512,0.376,1.23620167385136,0.600011947684164,NaN
DTLZ5,20,19,72019,"S1_[0,0.25]",label_dyn,native,front_h1,nondominated,H1,5,5,0.544,0.969223461297194,0.634351035613428,0.832,1.16860301389512,0.757070115962182,NaN
DTLZ5,20,19,72019,"S1_[0,0.25]",label_dyn,native,front_h3,nondominated,H3,5,5,0.544,0.910091407142098,0.631466395826208,0.784,1.16319813344146,0.699304263257625,NaN
DTLZ5,20,19,72019,"S1_[0,0.25]",label_dyn,native,population_final,retention,FINAL,5,5,0.544,0.0410689532348519,0.5,0.044,0.924683014544766,0.477105496453901,0.0410689532348519
DTLZ5,20,19,72019,"S1_[0,0.25]",label_dyn,native,population_h1,retention,H1,5,5,0.544,0.987096774193548,0.570124384399571,0.94,1.05015111560645,0.718395525533119,0.987096774193548
DTLZ5,20,19,72019,"S1_[0,0.25]",label_dyn,native,population_h3,retention,H3,5,5,0.544,0.925123782174473,0.612113131840823,0.82,1.12799822206043,0.690817487833036,0.925123782174473
DTLZ5,20,19,72019,"S2_(0.25,0.50]",label_dyn,native,front_final,nondominated,FINAL,21,21,0.585714285714286,0.579274283779849,0.557057067418194,0.61,0.950694978993521,0.462209243380906,NaN
DTLZ5,20,19,72019,"S2_(0.25,0.50]",label_dyn,native,front_h1,nondominated,H1,21,21,0.585714285714286,0.985394117977638,0.586910736751839,0.983333333333333,1.00192798519582,0.60889273111466,NaN
DTLZ5,20,19,72019,"S2_(0.25,0.50]",label_dyn,native,front_h3,nondominated,H3,21,21,0.585714285714286,0.953352489334802,0.584360750173958,0.954761904761905,0.997511568311044,0.514143578503485,NaN
DTLZ5,20,19,72019,"S2_(0.25,0.50]",label_dyn,native,population_final,retention,FINAL,21,21,0.585714285714286,0.115045563201447,0.622020043448615,0.10952380952381,1.06507646403423,0.519850103953413,0.115045563201447
DTLZ5,20,19,72019,"S2_(0.25,0.50]",label_dyn,native,population_h1,retention,H1,21,21,0.585714285714286,0.958126256994174,0.596860121407808,0.94,1.01907629361254,0.5999338201024,0.958126256994174
DTLZ5,20,19,72019,"S2_(0.25,0.50]",label_dyn,native,population_h3,retention,H3,21,21,0.585714285714286,0.88219291056179,0.611553636881831,0.843809523809524,1.04487948535656,0.591953589071468,0.88219291056179
DTLZ5,20,19,72019,"S3_(0.50,0.75]",label_dyn,native,front_final,nondominated,FINAL,20,20,0.539,0.859498697207196,0.552865228226287,0.823,1.04432388468908,0.538337852085525,NaN
DTLZ5,20,19,72019,"S3_(0.50,0.75]",label_dyn,native,front_h1,nondominated,H1,20,20,0.539,0.9945781995782,0.539765899979173,0.9935,1.00111677769539,0.56386513329168,NaN
DTLZ5,20,19,72019,"S3_(0.50,0.75]",label_dyn,native,front_h3,nondominated,H3,20,20,0.539,0.986788193325492,0.540526303771194,0.984,1.00286658621369,0.576526303771195,NaN
DTLZ5,20,19,72019,"S3_(0.50,0.75]",label_dyn,native,population_final,retention,FINAL,20,20,0.539,0.268661633210899,0.494788949976,0.299,0.883146409926374,0.469685742026036,0.268661633210899
DTLZ5,20,19,72019,"S3_(0.50,0.75]",label_dyn,native,population_h1,retention,H1,20,20,0.539,0.944305837065282,0.536304463245981,0.9525,0.990511798670612,0.503280032743439,0.944305837065282
DTLZ5,20,19,72019,"S3_(0.50,0.75]",label_dyn,native,population_h3,retention,H3,20,20,0.539,0.864856527465572,0.537688706314983,0.8745,0.987646195768403,0.504850701881231,0.864856527465572
DTLZ5,20,19,72019,"S4_(0.75,1.00]",label_dyn,native,front_final,nondominated,FINAL,21,21,0.603333333333333,0.906452153400622,0.610533313426937,0.893333333333333,1.01486434694473,0.561319334194718,NaN
DTLZ5,20,19,72019,"S4_(0.75,1.00]",label_dyn,native,front_h1,nondominated,H1,21,20,0.603333333333333,0.992117174013726,0.600221851320341,0.9925,0.999581367782442,0.506685580681806,NaN
DTLZ5,20,19,72019,"S4_(0.75,1.00]",label_dyn,native,front_h3,nondominated,H3,21,18,0.603333333333333,0.977184869805142,0.593601264293816,0.978333333333333,0.998731868205164,0.50714623783879,NaN
DTLZ5,20,19,72019,"S4_(0.75,1.00]",label_dyn,native,population_final,retention,FINAL,21,21,0.603333333333333,0.741313211688076,0.621515277169152,0.719523809523809,1.0359179091227,0.532055398956775,0.741313211688076
DTLZ5,20,19,72019,"S4_(0.75,1.00]",label_dyn,native,population_h1,retention,H1,21,20,0.603333333333333,0.952749146196551,0.602239714100992,0.9495,1.00368341821518,0.497654601792116,0.952749146196551
DTLZ5,20,19,72019,"S4_(0.75,1.00]",label_dyn,native,population_h3,retention,H3,21,18,0.603333333333333,0.891897523140053,0.60087056499422,0.881666666666667,1.01167464094449,0.524875949854444,0.891897523140053
DTLZ5,20,20,72020,"S1_[0,0.25]",label_dyn,native,front_final,nondominated,FINAL,5,5,0.52,0.444264723433233,0.815936220642103,0.284,1.57350353546727,0.706413214687209,NaN
DTLZ5,20,20,72020,"S1_[0,0.25]",label_dyn,native,front_h1,nondominated,H1,5,5,0.52,0.94542191145464,0.737067378219307,0.67,1.42484420176534,0.825974074810908,NaN
DTLZ5,20,20,72020,"S1_[0,0.25]",label_dyn,native,front_h3,nondominated,H3,5,5,0.52,0.9302062345406,0.733809943198762,0.662,1.41863336738476,0.812422695930493,NaN
DTLZ5,20,20,72020,"S1_[0,0.25]",label_dyn,native,population_final,retention,FINAL,5,5,0.52,0.0567462072548317,0.8,0.038,1.54456519449885,0.645143059142938,0.0567462072548317
DTLZ5,20,20,72020,"S1_[0,0.25]",label_dyn,native,population_h1,retention,H1,5,5,0.52,0.992592592592593,0.548959770737757,0.94,1.05599773092458,0.741146552035545,0.992592592592593
DTLZ5,20,20,72020,"S1_[0,0.25]",label_dyn,native,population_h3,retention,H3,5,5,0.52,0.96937371439804,0.60411205798805,0.834,1.16256573619441,0.752930212000561,0.96937371439804
DTLZ5,20,20,72020,"S2_(0.25,0.50]",label_dyn,native,front_final,nondominated,FINAL,21,21,0.544761904761905,0.676960737424798,0.618189241167205,0.604761904761905,1.12966447062088,0.589160693717164,NaN
DTLZ5,20,20,72020,"S2_(0.25,0.50]",label_dyn,native,front_h1,nondominated,H1,21,21,0.544761904761905,0.978623382790049,0.556706703772588,0.962857142857143,1.01843171490147,0.602018755553769,NaN
DTLZ5,20,20,72020,"S2_(0.25,0.50]",label_dyn,native,front_h3,nondominated,H3,21,21,0.544761904761905,0.947454477848806,0.554866483014836,0.935238095238095,1.01484193687681,0.525834344372807,NaN
DTLZ5,20,20,72020,"S2_(0.25,0.50]",label_dyn,native,population_final,retention,FINAL,21,21,0.544761904761905,0.186767592507747,0.745324826450434,0.138095238095238,1.37162616455342,0.615092757109654,0.186767592507747
DTLZ5,20,20,72020,"S2_(0.25,0.50]",label_dyn,native,population_h1,retention,H1,21,21,0.544761904761905,0.959392927134463,0.556320764981645,0.939047619047619,1.02194967063013,0.598455167071321,0.959392927134463
DTLZ5,20,20,72020,"S2_(0.25,0.50]",label_dyn,native,population_h3,retention,H3,21,21,0.544761904761905,0.879659089252243,0.576406053287205,0.830476190476191,1.05980668337542,0.594966460397546,0.879659089252243
DTLZ5,20,20,72020,"S3_(0.50,0.75]",label_dyn,native,front_final,nondominated,FINAL,20,20,0.5695,0.929406185718184,0.594595671469426,0.8905,1.04412458992218,0.661462454011174,NaN
DTLZ5,20,20,72020,"S3_(0.50,0.75]",label_dyn,native,front_h1,nondominated,H1,20,20,0.5695,0.991140332957037,0.569889445687678,0.9905,1.00061228634403,0.605185649184176,NaN
DTLZ5,20,20,72020,"S3_(0.50,0.75]",label_dyn,native,front_h3,nondominated,H3,20,20,0.5695,0.974937857834389,0.57033334271104,0.9735,1.00139521610013,0.58328042849026,NaN
DTLZ5,20,20,72020,"S3_(0.50,0.75]",label_dyn,native,population_final,retention,FINAL,20,20,0.5695,0.368873884922753,0.665504279078694,0.318,1.17121027856596,0.569384189401031,0.368873884922753
DTLZ5,20,20,72020,"S3_(0.50,0.75]",label_dyn,native,population_h1,retention,H1,20,20,0.5695,0.954326057551073,0.577063842069068,0.942,1.01321798715065,0.57471247659009,0.954326057551073
DTLZ5,20,20,72020,"S3_(0.50,0.75]",label_dyn,native,population_h3,retention,H3,20,20,0.5695,0.881451642564817,0.589046503571333,0.8525,1.03455651101343,0.568597987099373,0.881451642564817
DTLZ5,20,20,72020,"S4_(0.75,1.00]",label_dyn,native,front_final,nondominated,FINAL,21,21,0.566190476190476,0.994979590195584,0.567876333794701,0.991904761904762,1.00314515250783,0.549823192680336,NaN
DTLZ5,20,20,72020,"S4_(0.75,1.00]",label_dyn,native,front_h1,nondominated,H1,21,20,0.566190476190476,0.999056603773585,0.561545454545455,0.999,1.00005717552887,0.522727272727273,NaN
DTLZ5,20,20,72020,"S4_(0.75,1.00]",label_dyn,native,front_h3,nondominated,H3,21,18,0.566190476190476,0.996985059609191,0.552390572390572,0.996666666666667,1.00032160903285,0.525252525252525,NaN
DTLZ5,20,20,72020,"S4_(0.75,1.00]",label_dyn,native,population_final,retention,FINAL,21,21,0.566190476190476,0.742851092969983,0.592898335967969,0.714285714285714,1.04923890619412,0.549821255076717,0.742851092969983
DTLZ5,20,20,72020,"S4_(0.75,1.00]",label_dyn,native,population_h1,retention,H1,21,20,0.566190476190476,0.959798101949114,0.56456898377627,0.956,1.00561407077051,0.522320459396403,0.959798101949114
DTLZ5,20,20,72020,"S4_(0.75,1.00]",label_dyn,native,population_h3,retention,H3,21,18,0.566190476190476,0.87915386416012,0.560094254151518,0.870555555555555,1.01441564864285,0.516481926010558,0.87915386416012
DTLZ5,20,21,72021,"S1_[0,0.25]",label_dyn,native,front_final,nondominated,FINAL,5,5,0.502,0.230995074152592,0.748074031231926,0.16,1.49911107649321,0.6436539110274,NaN
DTLZ5,20,21,72021,"S1_[0,0.25]",label_dyn,native,front_h1,nondominated,H1,5,5,0.502,0.91473901711985,0.63302458200384,0.726,1.26509422406705,0.733343120003134,NaN
DTLZ5,20,21,72021,"S1_[0,0.25]",label_dyn,native,front_h3,nondominated,H3,5,5,0.502,0.861756121834076,0.635193944159789,0.684,1.26931368966805,0.698775845451105,NaN
DTLZ5,20,21,72021,"S1_[0,0.25]",label_dyn,native,population_final,retention,FINAL,5,5,0.502,0.0875967786641843,0.800952380952381,0.056,1.60192001150342,0.657776579403209,0.0875967786641843
DTLZ5,20,21,72021,"S1_[0,0.25]",label_dyn,native,population_h1,retention,H1,5,5,0.502,0.992214663643235,0.528691977025611,0.942,1.05344321901157,0.724345988512806,0.992214663643235
DTLZ5,20,21,72021,"S1_[0,0.25]",label_dyn,native,population_h3,retention,H3,5,5,0.502,0.957815553644626,0.572762144925216,0.838,1.14325698549222,0.717841156496221,0.957815553644626
DTLZ5,20,21,72021,"S2_(0.25,0.50]",label_dyn,native,front_final,nondominated,FINAL,21,21,0.564285714285714,0.461155466483438,0.613017380057005,0.42952380952381,1.08803543097502,0.542708254688763,NaN
DTLZ5,20,21,72021,"S2_(0.25,0.50]",label_dyn,native,front_h1,nondominated,H1,21,21,0.564285714285714,0.967650546345003,0.580948658592817,0.940952380952381,1.03147026610771,0.586137825268148,NaN
DTLZ5,20,21,72021,"S2_(0.25,0.50]",label_dyn,native,front_h3,nondominated,H3,21,21,0.564285714285714,0.919716362091792,0.577835760981106,0.898571428571429,1.02568435811416,0.582471725112877,NaN
DTLZ5,20,21,72021,"S2_(0.25,0.50]",label_dyn,native,population_final,retention,FINAL,21,21,0.564285714285714,0.0984025246021535,0.553177444248873,0.101428571428571,0.979912893451755,0.493498952557325,0.0984025246021535
DTLZ5,20,21,72021,"S2_(0.25,0.50]",label_dyn,native,population_h1,retention,H1,21,21,0.564285714285714,0.961858342662551,0.577598758606142,0.939047619047619,1.02398549968797,0.63783566048221,0.961858342662551
DTLZ5,20,21,72021,"S2_(0.25,0.50]",label_dyn,native,population_h3,retention,H3,21,21,0.564285714285714,0.885458411062564,0.592580716695038,0.841904761904762,1.05050175358437,0.603343286073213,0.885458411062564
DTLZ5,20,21,72021,"S3_(0.50,0.75]",label_dyn,native,front_final,nondominated,FINAL,20,20,0.559,0.933921990262883,0.605209280093025,0.862,1.08407796393046,0.702115060045592,NaN
DTLZ5,20,21,72021,"S3_(0.50,0.75]",label_dyn,native,front_h1,nondominated,H1,20,20,0.559,0.998039215686275,0.561048153531953,0.9945,1.00360691605602,0.727024700331033,NaN
DTLZ5,20,21,72021,"S3_(0.50,0.75]",label_dyn,native,front_h3,nondominated,H3,20,20,0.559,0.990633959061275,0.563283557627165,0.983,1.00783502423545,0.674320685354229,NaN
DTLZ5,20,21,72021,"S3_(0.50,0.75]",label_dyn,native,population_final,retention,FINAL,20,20,0.559,0.363873807247029,0.629528575467247,0.3205,1.1330204114435,0.553261164251381,0.363873807247029
DTLZ5,20,21,72021,"S3_(0.50,0.75]",label_dyn,native,population_h1,retention,H1,20,20,0.559,0.95084032165532,0.57164024998291,0.9305,1.02301256439981,0.591326077372407,0.95084032165532
DTLZ5,20,21,72021,"S3_(0.50,0.75]",label_dyn,native,population_h3,retention,H3,20,20,0.559,0.876193053020157,0.592303312287175,0.8275,1.06174427691522,0.584396218683345,0.876193053020157
DTLZ5,20,21,72021,"S4_(0.75,1.00]",label_dyn,native,front_final,nondominated,FINAL,21,21,0.58,0.983729424358067,0.581577963291355,0.980952380952381,1.00292671841031,0.489624182290327,NaN
DTLZ5,20,21,72021,"S4_(0.75,1.00]",label_dyn,native,front_h1,nondominated,H1,21,20,0.58,0.997539639147075,0.581778911564626,0.997,1.00053877276013,0.594557823129252,NaN
DTLZ5,20,21,72021,"S4_(0.75,1.00]",label_dyn,native,front_h3,nondominated,H3,21,18,0.58,0.994425172141467,0.585407018026066,0.991666666666667,1.00278284390844,0.623638596852883,NaN
DTLZ5,20,21,72021,"S4_(0.75,1.00]",label_dyn,native,population_final,retention,FINAL,21,21,0.58,0.762793849808008,0.582559080910921,0.762380952380952,1.00536326482724,0.481319768972577,0.762793849808008
DTLZ5,20,21,72021,"S4_(0.75,1.00]",label_dyn,native,population_h1,retention,H1,21,20,0.58,0.973653123579498,0.58418166450429,0.969,1.00481879187407,0.529590832252145,0.973653123579498
DTLZ5,20,21,72021,"S4_(0.75,1.00]",label_dyn,native,population_h3,retention,H3,21,18,0.58,0.922337321762519,0.59055862211472,0.911666666666667,1.01184930880067,0.531472593083975,0.922337321762519
DTLZ5,20,22,72022,"S1_[0,0.25]",label_dyn,native,front_final,nondominated,FINAL,5,5,0.57,0.351575893269117,0.750595157530642,0.268,1.31592514922076,0.623151970991831,NaN
DTLZ5,20,22,72022,"S1_[0,0.25]",label_dyn,native,front_h1,nondominated,H1,5,5,0.57,0.772336473855592,0.664537528616866,0.666,1.1649926387837,0.637638372737301,NaN
DTLZ5,20,22,72022,"S1_[0,0.25]",label_dyn,native,front_h3,nondominated,H3,5,5,0.57,0.708579604795422,0.662419996518357,0.612,1.16115102920623,0.616692980749834,NaN
DTLZ5,20,22,72022,"S1_[0,0.25]",label_dyn,native,population_final,retention,FINAL,5,5,0.57,0.0841954342580323,0.802857142857143,0.06,1.40668388334419,0.6237900688578,0.0841954342580323
DTLZ5,20,22,72022,"S1_[0,0.25]",label_dyn,native,population_h1,retention,H1,5,5,0.57,0.975237537284048,0.591489361702128,0.94,1.03748674179154,0.679078014184397,0.975237537284048
DTLZ5,20,22,72022,"S1_[0,0.25]",label_dyn,native,population_h3,retention,H3,5,5,0.57,0.912109866611697,0.632677049662063,0.822,1.1096576659852,0.675815649014038,0.912109866611697
DTLZ5,20,22,72022,"S2_(0.25,0.50]",label_dyn,native,front_final,nondominated,FINAL,21,21,0.528571428571429,0.660294746458833,0.58342783715987,0.618571428571429,1.1014130691727,0.543128756488661,NaN
DTLZ5,20,22,72022,"S2_(0.25,0.50]",label_dyn,native,front_h1,nondominated,H1,21,21,0.528571428571429,0.980949585360495,0.549447053976085,0.947619047619048,1.0401015543678,0.694935910360165,NaN
DTLZ5,20,22,72022,"S2_(0.25,0.50]",label_dyn,native,front_h3,nondominated,H3,21,21,0.528571428571429,0.973608655477197,0.551541758587565,0.936666666666667,1.04392311790206,0.641851243300851,NaN
DTLZ5,20,22,72022,"S2_(0.25,0.50]",label_dyn,native,population_final,retention,FINAL,21,21,0.528571428571429,0.173190730228022,0.636320173148818,0.147619047619048,1.20329639902308,0.56180328927168,0.173190730228022
DTLZ5,20,22,72022,"S2_(0.25,0.50]",label_dyn,native,population_h1,retention,H1,21,21,0.528571428571429,0.972426786482548,0.546829433829683,0.93952380952381,1.03528854687248,0.648981610338877,0.972426786482548
DTLZ5,20,22,72022,"S2_(0.25,0.50]",label_dyn,native,population_h3,retention,H3,21,21,0.528571428571429,0.911209912536427,0.569529553806717,0.844761904761905,1.078825419269,0.634080944809199,0.911209912536427
DTLZ5,20,22,72022,"S3_(0.50,0.75]",label_dyn,native,front_final,nondominated,FINAL,20,20,0.572,0.828165328308928,0.562698513674893,0.8415,0.983094015275767,0.465603325209162,NaN
DTLZ5,20,22,72022,"S3_(0.50,0.75]",label_dyn,native,front_h1,nondominated,H1,20,20,0.572,0.988415633976779,0.572922777555752,0.987,1.00148421354249,0.536845414215386,NaN
DTLZ5,20,22,72022,"S3_(0.50,0.75]",label_dyn,native,front_h3,nondominated,H3,20,20,0.572,0.959987155359797,0.571311076825541,0.961,0.998272358766004,0.519986907936593,NaN
DTLZ5,20,22,72022,"S3_(0.50,0.75]",label_dyn,native,population_final,retention,FINAL,20,20,0.572,0.402543421095678,0.584882670596438,0.397,1.02602710182113,0.507155407139789,0.402543421095678
DTLZ5,20,22,72022,"S3_(0.50,0.75]",label_dyn,native,population_h1,retention,H1,20,20,0.572,0.954220705758202,0.579034623291934,0.9425,1.01298722447986,0.577108685914973,0.954220705758202
DTLZ5,20,22,72022,"S3_(0.50,0.75]",label_dyn,native,population_h3,retention,H3,20,20,0.572,0.86891980419986,0.58308190975942,0.8515,1.0201211736363,0.544104563656554,0.86891980419986
DTLZ5,20,22,72022,"S4_(0.75,1.00]",label_dyn,native,front_final,nondominated,FINAL,21,21,0.567619047619048,0.978136846286175,0.564788397763008,0.981428571428571,0.996550626360559,0.414382760353139,NaN
DTLZ5,20,22,72022,"S4_(0.75,1.00]",label_dyn,native,front_h1,nondominated,H1,21,20,0.567619047619048,0.994217420510524,0.566318898005938,0.995,0.999177859933499,0.518031496676563,NaN
DTLZ5,20,22,72022,"S4_(0.75,1.00]",label_dyn,native,front_h3,nondominated,H3,21,18,0.567619047619048,0.985851691193138,0.565001696016669,0.988333333333333,0.997448674336787,0.42574243675741,NaN
DTLZ5,20,22,72022,"S4_(0.75,1.00]",label_dyn,native,population_final,retention,FINAL,21,21,0.567619047619048,0.78590223039175,0.567427730654876,0.785714285714286,0.999094805165125,0.500295790271164,0.78590223039175
DTLZ5,20,22,72022,"S4_(0.75,1.00]",label_dyn,native,population_h1,retention,H1,21,20,0.567619047619048,0.969268366662143,0.568761367548249,0.966,1.00341315654553,0.499761622017875,0.969268366662143
DTLZ5,20,22,72022,"S4_(0.75,1.00]",label_dyn,native,population_h3,retention,H3,21,18,0.567619047619048,0.910423446256987,0.5683623668584,0.907777777777778,1.0029789035238,0.487572468070485,0.910423446256987
DTLZ5,20,23,72023,"S1_[0,0.25]",label_dyn,native,front_final,nondominated,FINAL,5,5,0.494,0.594762905162065,0.619083053285128,0.48,1.25321488405851,0.616761874388078,NaN
DTLZ5,20,23,72023,"S1_[0,0.25]",label_dyn,native,front_h1,nondominated,H1,5,5,0.494,0.930977390956383,0.5541060783737,0.836,1.12173521365321,0.653254267152784,NaN
DTLZ5,20,23,72023,"S1_[0,0.25]",label_dyn,native,front_h3,nondominated,H3,5,5,0.494,0.930977390956383,0.5541060783737,0.836,1.12173521365321,0.653254267152784,NaN
DTLZ5,20,23,72023,"S1_[0,0.25]",label_dyn,native,population_final,retention,FINAL,5,5,0.494,0.194417767106843,0.732893772893773,0.132,1.48486574116826,0.637157506968819,0.194417767106843
DTLZ5,20,23,72023,"S1_[0,0.25]",label_dyn,native,population_h1,retention,H1,5,5,0.494,0.983823529411765,0.515923852183651,0.942,1.04446896339723,0.684628592758492,0.983823529411765
DTLZ5,20,23,72023,"S1_[0,0.25]",label_dyn,native,population_h3,retention,H3,5,5,0.494,0.947143857543017,0.55852980026418,0.838,1.13053658700802,0.697909858115283,0.947143857543017
DTLZ5,20,23,72023,"S2_(0.25,0.50]",label_dyn,native,front_final,nondominated,FINAL,21,21,0.544761904761905,0.805004953150986,0.572712578470241,0.766190476190476,1.05124818285773,0.561454362525199,NaN
DTLZ5,20,23,72023,"S2_(0.25,0.50]",label_dyn,native,front_h1,nondominated,H1,21,21,0.544761904761905,0.993827160493827,0.545312303432001,0.992857142857143,1.00098362713121,0.583262978327184,NaN
DTLZ5,20,23,72023,"S2_(0.25,0.50]",label_dyn,native,front_h3,nondominated,H3,21,21,0.544761904761905,0.98367335699027,0.546606021499015,0.98047619047619,1.00332674696614,0.563587381000953,NaN
DTLZ5,20,23,72023,"S2_(0.25,0.50]",label_dyn,native,population_final,retention,FINAL,21,21,0.544761904761905,0.257002465894221,0.600234719305151,0.231904761904762,1.1040142920062,0.536762922187174,0.257002465894221
DTLZ5,20,23,72023,"S2_(0.25,0.50]",label_dyn,native,population_h1,retention,H1,21,21,0.544761904761905,0.965135944750103,0.557822068623132,0.942857142857143,1.02394282939543,0.63364532118871,0.965135944750103
DTLZ5,20,23,72023,"S2_(0.25,0.50]",label_dyn,native,population_h3,retention,H3,21,21,0.544761904761905,0.899785938672862,0.573868185275212,0.853809523809524,1.05390118017653,0.608946487339076,0.899785938672862
DTLZ5,20,23,72023,"S3_(0.50,0.75]",label_dyn,native,front_final,nondominated,FINAL,20,20,0.607,0.865115078786764,0.617637959689179,0.85,1.01767624168912,0.538295539469176,NaN
DTLZ5,20,23,72023,"S3_(0.50,0.75]",label_dyn,native,front_h1,nondominated,H1,20,20,0.607,0.991869578497337,0.606821512152766,0.992,0.999859943902354,0.481838717206777,NaN
DTLZ5,20,23,72023,"S3_(0.50,0.75]",label_dyn,native,front_h3,nondominated,H3,20,20,0.607,0.978116975493843,0.607893002133981,0.9765,1.0016888185484,0.481465864428976,NaN
DTLZ5,20,23,72023,"S3_(0.50,0.75]",label_dyn,native,population_final,retention,FINAL,20,20,0.607,0.473020315026722,0.657132895569455,0.434,1.0837152457872,0.548274398502909,0.473020315026722
DTLZ5,20,23,72023,"S3_(0.50,0.75]",label_dyn,native,population_h1,retention,H1,20,20,0.607,0.95084987590288,0.615340943159975,0.9385,1.01372333330296,0.566096076155629,0.95084987590288
DTLZ5,20,23,72023,"S3_(0.50,0.75]",label_dyn,native,population_h3,retention,H3,20,20,0.607,0.875972954050663,0.624972304632634,0.852,1.02934071285718,0.555261684588669,0.875972954050663
DTLZ5,20,23,72023,"S4_(0.75,1.00]",label_dyn,native,front_final,nondominated,FINAL,21,21,0.63,0.961503479919892,0.635952691250373,0.952380952380952,1.00988372635883,0.541203178999266,NaN
DTLZ5,20,23,72023,"S4_(0.75,1.00]",label_dyn,native,front_h1,nondominated,H1,21,20,0.63,0.997044836956522,0.6341776790461,0.996,1.00107151421868,0.638925596820334,NaN
DTLZ5,20,23,72023,"S4_(0.75,1.00]",label_dyn,native,front_h3,nondominated,H3,21,18,0.63,0.99086886845039,0.634766630380665,0.987777777777778,1.00316723121357,0.645362459178249,NaN
DTLZ5,20,23,72023,"S4_(0.75,1.00]",label_dyn,native,population_final,retention,FINAL,21,21,0.63,0.804749453523009,0.667267759851901,0.763333333333333,1.06028996522988,0.567079170621196,0.804749453523009
DTLZ5,20,23,72023,"S4_(0.75,1.00]",label_dyn,native,population_h1,retention,H1,21,20,0.63,0.977289859233946,0.639345645999209,0.9685,1.00925887004235,0.608839489666271,0.977289859233946
DTLZ5,20,23,72023,"S4_(0.75,1.00]",label_dyn,native,population_h3,retention,H3,21,18,0.63,0.938401347409039,0.653375453616017,0.908888888888889,1.03270807031278,0.617047675501291,0.938401347409039
DTLZ5,20,24,72024,"S1_[0,0.25]",label_dyn,native,front_final,nondominated,FINAL,5,5,0.506,0.496466799280099,0.773663039138228,0.326,1.52893150157431,0.698522456109978,NaN
DTLZ5,20,24,72024,"S1_[0,0.25]",label_dyn,native,front_h1,nondominated,H1,5,5,0.506,0.895434308989296,0.678006652955085,0.67,1.33970584795208,0.762895822870039,NaN
DTLZ5,20,24,72024,"S1_[0,0.25]",label_dyn,native,front_h3,nondominated,H3,5,5,0.506,0.871478639765085,0.696740864769034,0.634,1.37738998861917,0.762071453022657,NaN
DTLZ5,20,24,72024,"S1_[0,0.25]",label_dyn,native,population_final,retention,FINAL,5,5,0.506,0.0875343374064602,0.966666666666667,0.046,1.90915979918537,0.741295259425159,0.0875343374064602
DTLZ5,20,24,72024,"S1_[0,0.25]",label_dyn,native,population_h1,retention,H1,5,5,0.506,0.984323197878185,0.529787234042553,0.94,1.04715233816828,0.69822695035461,0.984323197878185
DTLZ5,20,24,72024,"S1_[0,0.25]",label_dyn,native,population_h3,retention,H3,5,5,0.506,0.930292696788861,0.570383275261324,0.824,1.12934133238543,0.681024970963995,0.930292696788861
DTLZ5,20,24,72024,"S2_(0.25,0.50]",label_dyn,native,front_final,nondominated,FINAL,21,21,0.571428571428571,0.74176433216622,0.588351715134429,0.723809523809524,1.03661020905349,0.514185670579802,NaN
DTLZ5,20,24,72024,"S2_(0.25,0.50]",label_dyn,native,front_h1,nondominated,H1,21,21,0.571428571428571,0.989692820249247,0.586564260598672,0.962857142857143,1.0315083458046,0.65150057182416,NaN
DTLZ5,20,24,72024,"S2_(0.25,0.50]",label_dyn,native,front_h3,nondominated,H3,21,21,0.571428571428571,0.976754499749279,0.589449447521844,0.945238095238095,1.03721908296426,0.649137077064145,NaN
DTLZ5,20,24,72024,"S2_(0.25,0.50]",label_dyn,native,population_final,retention,FINAL,21,21,0.571428571428571,0.178550215743577,0.654269267092278,0.161428571428571,1.1746181813121,0.545951180575116,0.178550215743577
DTLZ5,20,24,72024,"S2_(0.25,0.50]",label_dyn,native,population_h1,retention,H1,21,21,0.571428571428571,0.959290425525129,0.585556259461242,0.935238095238095,1.02614399087963,0.607043229710006,0.959290425525129
DTLZ5,20,24,72024,"S2_(0.25,0.50]",label_dyn,native,population_h3,retention,H3,21,21,0.571428571428571,0.888496943030849,0.604477307064009,0.835238095238095,1.06436520964969,0.601223694323768,0.888496943030849
DTLZ5,20,24,72024,"S3_(0.50,0.75]",label_dyn,native,front_final,nondominated,FINAL,20,20,0.614,0.774321095724231,0.599740536167224,0.79,0.980199355307057,0.465863759717836,NaN
DTLZ5,20,24,72024,"S3_(0.50,0.75]",label_dyn,native,front_h1,nondominated,H1,20,20,0.614,0.998245614035088,0.613869305297877,0.9985,0.999735268908201,0.544346526489384,NaN
DTLZ5,20,24,72024,"S3_(0.50,0.75]",label_dyn,native,front_h3,nondominated,H3,20,20,0.614,0.994137598093595,0.613650981729774,0.9945,0.999615484226348,0.521168069137773,NaN
DTLZ5,20,24,72024,"S3_(0.50,0.75]",label_dyn,native,population_final,retention,FINAL,20,20,0.614,0.336623344500845,0.603317305319239,0.3365,0.988334351958912,0.494538779237496,0.336623344500845
DTLZ5,20,24,72024,"S3_(0.50,0.75]",label_dyn,native,population_h1,retention,H1,20,20,0.614,0.967034629778375,0.616963453662531,0.963,1.00411702375906,0.566398393497932,0.967034629778375
DTLZ5,20,24,72024,"S3_(0.50,0.75]",label_dyn,native,population_h3,retention,H3,20,20,0.614,0.914637917691919,0.626343406170236,0.8975,1.01909496440581,0.563214368752784,0.914637917691919
DTLZ5,20,24,72024,"S4_(0.75,1.00]",label_dyn,native,front_final,nondominated,FINAL,21,21,0.605238095238095,0.869037581869475,0.591725879890674,0.887142857142857,0.979327838598483,0.422808505787019,NaN
DTLZ5,20,24,72024,"S4_(0.75,1.00]",label_dyn,native,front_h1,nondominated,H1,21,20,0.605238095238095,0.986453630002017,0.604341721632855,0.9865,0.99982747629604,0.516865644104561,NaN
DTLZ5,20,24,72024,"S4_(0.75,1.00]",label_dyn,native,front_h3,nondominated,H3,21,18,0.605238095238095,0.951515929445645,0.59732814052267,0.956111111111111,0.995128233280872,0.474824132804961,NaN
DTLZ5,20,24,72024,"S4_(0.75,1.00]",label_dyn,native,population_final,retention,FINAL,21,21,0.605238095238095,0.689891265427368,0.638368486862941,0.652857142857143,1.0594600888863,0.535171288201348,0.689891265427368
DTLZ5,20,24,72024,"S4_(0.75,1.00]",label_dyn,native,population_h1,retention,H1,21,20,0.605238095238095,0.956035765706957,0.613151577462043,0.9435,1.01389745840435,0.602641790338426,0.956035765706957
DTLZ5,20,24,72024,"S4_(0.75,1.00]",label_dyn,native,population_h3,retention,H3,21,18,0.605238095238095,0.868687590335687,0.622440394210369,0.84,1.03605742717546,0.588784387384892,0.868687590335687
DTLZ5,20,25,72025,"S1_[0,0.25]",label_dyn,native,front_final,nondominated,FINAL,5,5,0.516,0.358769035457001,0.751904995944267,0.25,1.46757429402017,0.654853205075603,NaN
DTLZ5,20,25,72025,"S1_[0,0.25]",label_dyn,native,front_h1,nondominated,H1,5,5,0.516,0.964531391911341,0.740542283017908,0.676,1.4464323717895,0.84204321689945,NaN
DTLZ5,20,25,72025,"S1_[0,0.25]",label_dyn,native,front_h3,nondominated,H3,5,5,0.516,0.957386256345152,0.739034737137204,0.672,1.44373900357726,0.833653561323216,NaN
DTLZ5,20,25,72025,"S1_[0,0.25]",label_dyn,native,population_final,retention,FINAL,5,5,0.516,0.190631580943484,0.800549450549451,0.124,1.56782157416174,0.661368947367343,0.190631580943484
DTLZ5,20,25,72025,"S1_[0,0.25]",label_dyn,native,population_h1,retention,H1,5,5,0.516,1,0.548936170212766,0.94,1.06382978723404,0.774468085106383,1
DTLZ5,20,25,72025,"S1_[0,0.25]",label_dyn,native,population_h3,retention,H3,5,5,0.516,0.977532841091236,0.614634146341464,0.82,1.19211322084297,0.773983739837398,0.977532841091236
DTLZ5,20,25,72025,"S2_(0.25,0.50]",label_dyn,native,front_final,nondominated,FINAL,21,21,0.55047619047619,0.569850641283491,0.542905991823124,0.585714285714286,0.988503587516586,0.473360248778709,NaN
DTLZ5,20,25,72025,"S2_(0.25,0.50]",label_dyn,native,front_h1,nondominated,H1,21,21,0.55047619047619,0.978502867603967,0.557940090906554,0.966190476190476,1.01409251040363,0.522376162590743,NaN
DTLZ5,20,25,72025,"S2_(0.25,0.50]",label_dyn,native,front_h3,nondominated,H3,21,21,0.55047619047619,0.93748236095182,0.558322571926747,0.925238095238095,1.01489918639848,0.510095629397717,NaN
DTLZ5,20,25,72025,"S2_(0.25,0.50]",label_dyn,native,population_final,retention,FINAL,21,21,0.55047619047619,0.254413837781389,0.562832297956744,0.250952380952381,1.02512047304352,0.506864382547249,0.254413837781389
DTLZ5,20,25,72025,"S2_(0.25,0.50]",label_dyn,native,population_h1,retention,H1,21,21,0.55047619047619,0.951864273942013,0.560544888805996,0.934761904761905,1.01837539570862,0.586880188510742,0.951864273942013
DTLZ5,20,25,72025,"S2_(0.25,0.50]",label_dyn,native,population_h3,retention,H3,21,21,0.55047619047619,0.8676286818564,0.573679790709741,0.831904761904762,1.04301388515147,0.571291504458551,0.8676286818564
DTLZ5,20,25,72025,"S3_(0.50,0.75]",label_dyn,native,front_final,nondominated,FINAL,20,20,0.5395,0.827253199108783,0.518806731796109,0.8615,0.960437592237604,0.414087969369844,NaN
DTLZ5,20,25,72025,"S3_(0.50,0.75]",label_dyn,native,front_h1,nondominated,H1,20,20,0.5395,0.984970625168561,0.539467959273123,0.985,1.00000289880276,0.520555187186641,NaN
DTLZ5,20,25,72025,"S3_(0.50,0.75]",label_dyn,native,front_h3,nondominated,H3,20,20,0.5395,0.953138236247502,0.536817751570024,0.958,0.995068768052373,0.438702318850714,NaN
DTLZ5,20,25,72025,"S3_(0.50,0.75]",label_dyn,native,population_final,retention,FINAL,20,20,0.5395,0.546768008358433,0.563305910628925,0.5225,1.04479039519392,0.527374082221394,0.546768008358433
DTLZ5,20,25,72025,"S3_(0.50,0.75]",label_dyn,native,population_h1,retention,H1,20,20,0.5395,0.959511165472491,0.545079662897846,0.9495,1.01038755521721,0.580071327730419,0.959511165472491
DTLZ5,20,25,72025,"S3_(0.50,0.75]",label_dyn,native,population_h3,retention,H3,20,20,0.5395,0.894348635331309,0.553359266007727,0.871,1.02640798980873,0.563570154655415,0.894348635331309
DTLZ5,20,25,72025,"S4_(0.75,1.00]",label_dyn,native,front_final,nondominated,FINAL,21,21,0.575238095238095,0.996157754408538,0.576469456469457,0.993809523809524,1.00237195010001,0.599456099456099,NaN
DTLZ5,20,25,72025,"S4_(0.75,1.00]",label_dyn,native,front_h1,nondominated,H1,21,20,0.575238095238095,1,0.575772727272727,0.9995,1.00050505050505,0.772727272727273,NaN
DTLZ5,20,25,72025,"S4_(0.75,1.00]",label_dyn,native,front_h3,nondominated,H3,21,18,0.575238095238095,1,0.576464646464647,0.998333333333333,1.0016835016835,0.772727272727273,NaN
DTLZ5,20,25,72025,"S4_(0.75,1.00]",label_dyn,native,population_final,retention,FINAL,21,21,0.575238095238095,0.812074750815605,0.608542186178863,0.772380952380952,1.05878247237308,0.555546875925365,0.812074750815605
DTLZ5,20,25,72025,"S4_(0.75,1.00]",label_dyn,native,population_h1,retention,H1,21,20,0.575238095238095,0.954082503876394,0.578200719592917,0.9495,1.0049707612946,0.548146158435731,0.954082503876394
DTLZ5,20,25,72025,"S4_(0.75,1.00]",label_dyn,native,population_h3,retention,H3,21,18,0.575238095238095,0.859801442975503,0.582671670817332,0.85,1.01295002490593,0.505784954091656,0.859801442975503
