Problem,M,Stage,Truth,Metric,ViewA,ViewB,AvailablePairedRuns,ValidPairs,MeanA,MeanB,MeanDelta,MedianDelta,MeanRelativeImprovementPct,PValueRaw,PairedWinProbability,RankBiserial,PValueHolm,RejectHolm05
DTLZ2,10,"S1_[0,0.25]",front_final,Precision,score_hybrid,score_v,25,25,0.30688,0.30912,-0.00224,-0.00800000000000001,2.17235767875206,0.378637902659354,0.38,-0.185770750988142,1,0
DTLZ2,10,"S1_[0,0.25]",front_final,Precision,score_hybrid,anchor_margin,25,25,0.30688,0.2368,0.07008,0.032,36.2384263878958,0.00926456594669168,0.74,0.606666666666667,0.0648519616268418,0
DTLZ2,10,"S1_[0,0.25]",front_final,Precision,score_v,anchor_margin,25,25,0.30912,0.2368,0.07232,0.056,40.0920294131945,0.00785843570550243,0.78,0.62,0.0628674856440195,0
DTLZ2,10,"S1_[0,0.25]",front_final,AUC,score_hybrid,score_v,25,25,0.745236535781367,0.74193108409559,0.00330545168577643,-0.00117691505946316,1.01172609569281,0.967805826528675,0.44,0.00923076923076923,1,0
DTLZ2,10,"S1_[0,0.25]",front_final,AUC,score_hybrid,anchor_margin,25,25,0.745236535781367,0.676763256058266,0.0684732797231006,0.0771232066710515,11.352054282802,0.0015692533679153,0.84,0.723076923076923,0.0109847735754071,1
DTLZ2,10,"S1_[0,0.25]",front_final,AUC,score_v,anchor_margin,25,25,0.74193108409559,0.676763256058266,0.0651678280373242,0.0793950475323929,11.4977472795062,0.0160327748216405,0.72,0.550769230769231,0.0801638741082026,0
DTLZ2,10,"S1_[0,0.25]",front_final,Lift,score_hybrid,score_v,25,25,2.09293581534788,2.09284433320482,9.14821430628887e-05,-0.0612856251300187,2.51296410537661,0.692551847114631,0.4,-0.0942028985507246,1,0
DTLZ2,10,"S1_[0,0.25]",front_final,Lift,score_hybrid,anchor_margin,25,25,2.09293581534788,1.68338360816272,0.40955220718516,0.105555555555556,37.7380288694788,0.0450095794058843,0.68,0.458461538461538,0.270057476435306,0
DTLZ2,10,"S1_[0,0.25]",front_final,Lift,score_v,anchor_margin,25,25,2.09284433320482,1.68338360816272,0.409460725042097,0.33,40.921213392199,0.0264309737781526,0.68,0.507692307692308,0.185016816447068,0
DTLZ2,10,"S1_[0,0.25]",front_h1,Precision,score_hybrid,score_v,25,25,0.9872,0.98432,0.00288,0,0.301051464701508,0.17138671875,0.6,0.43956043956044,0.3427734375,0
DTLZ2,10,"S1_[0,0.25]",front_h1,Precision,score_hybrid,anchor_margin,25,25,0.9872,0.93056,0.05664,0.024,7.0244721081052,0.000392164473692996,0.82,0.861660079051383,0.00470597368431596,1
DTLZ2,10,"S1_[0,0.25]",front_h1,Precision,score_v,anchor_margin,25,25,0.98432,0.93056,0.05376,0.024,6.69829620154943,0.000879769788046771,0.76,0.826839826839827,0.00879769788046771,1
DTLZ2,10,"S1_[0,0.25]",front_h1,AUC,score_hybrid,score_v,25,25,0.91428804760547,0.942410375749531,-0.0281223281440612,-0.0277016566884988,-2.87112242102737,0.000545135029590116,0.24,-0.790769230769231,0.00545135029590116,1
DTLZ2,10,"S1_[0,0.25]",front_h1,AUC,score_hybrid,anchor_margin,25,25,0.91428804760547,0.768590159567526,0.145697888037943,0.138259050693261,19.3879883052618,1.22903222102484e-05,1,1,0.000147483866522981,1
DTLZ2,10,"S1_[0,0.25]",front_h1,AUC,score_v,anchor_margin,25,25,0.942410375749531,0.768590159567526,0.173820216182004,0.168889001031443,23.2693456306313,1.389801409379e-05,0.96,0.993846153846154,0.000152878155031689,1
DTLZ2,10,"S1_[0,0.25]",front_h1,Lift,score_hybrid,score_v,25,25,1.30729806717178,1.30275956266929,0.00453850450248511,0,0.315636347342022,0.118896484375,0.62,0.485714285714286,0.356689453125,0
DTLZ2,10,"S1_[0,0.25]",front_h1,Lift,score_hybrid,anchor_margin,25,25,1.30729806717178,1.21709516686684,0.0902029003049397,0.0397079009428825,7.18735674014135,0.000377995332872225,0.82,0.865612648221344,0.0045359439944667,1
DTLZ2,10,"S1_[0,0.25]",front_h1,Lift,score_v,anchor_margin,25,25,1.30275956266929,1.21709516686684,0.0856643958024546,0.0282793295143109,6.84389756804991,0.000588435146588449,0.8,0.818840579710145,0.00647278661247294,1
DTLZ2,10,"S1_[0,0.25]",front_h3,Precision,score_hybrid,score_v,25,25,0.96192,0.95968,0.00223999999999999,0,0.245750313539297,0.556049973969724,0.6,0.152631578947368,1,0
DTLZ2,10,"S1_[0,0.25]",front_h3,Precision,score_hybrid,anchor_margin,25,25,0.96192,0.90688,0.05504,0.032,7.15590904343631,0.00191619183881185,0.82,0.754940711462451,0.0210781102269303,1
DTLZ2,10,"S1_[0,0.25]",front_h3,Precision,score_v,anchor_margin,25,25,0.95968,0.90688,0.0528,0.024,6.96382521383378,0.00557799400339827,0.72,0.659420289855073,0.0502019460305845,0
DTLZ2,10,"S1_[0,0.25]",front_h3,AUC,score_hybrid,score_v,25,25,0.876286983650617,0.899995148336426,-0.0237081646858086,-0.0247684827264238,-2.40652886621264,0.00321593209750662,0.2,-0.673846153846154,0.0289433888775596,1
DTLZ2,10,"S1_[0,0.25]",front_h3,AUC,score_hybrid,anchor_margin,25,25,0.876286983650617,0.752175161309698,0.124111822340919,0.124434934453867,16.8132267725454,1.389801409379e-05,0.96,0.993846153846154,0.000166776169125479,1
DTLZ2,10,"S1_[0,0.25]",front_h3,AUC,score_v,anchor_margin,25,25,0.899995148336426,0.752175161309698,0.147819987026728,0.156285278255975,20.1496503838105,1.77348399029039e-05,0.92,0.981538461538462,0.000195083238931942,1
DTLZ2,10,"S1_[0,0.25]",front_h3,Lift,score_hybrid,score_v,25,25,1.34184384819339,1.33823821608977,0.0036056321036197,0,0.260845330998358,0.559509174143555,0.6,0.152631578947368,1,0
DTLZ2,10,"S1_[0,0.25]",front_h3,Lift,score_hybrid,anchor_margin,25,25,1.34184384819339,1.24747693422594,0.0943669139674509,0.0410483573274272,7.29549131347396,0.0019321404776156,0.82,0.754940711462451,0.0212535452537715,1
DTLZ2,10,"S1_[0,0.25]",front_h3,Lift,score_v,anchor_margin,25,25,1.33823821608977,1.24747693422594,0.0907612818638312,0.0302375465166165,7.08318284084765,0.00511026066085587,0.74,0.653333333333333,0.0463382786624968,1
DTLZ2,10,"S1_[0,0.25]",population_final,Precision,score_hybrid,score_v,25,25,0.12352,0.12192,0.0016,0,3.34707618899031,0.8326563561052,0.52,0.0130718954248366,1,0
DTLZ2,10,"S1_[0,0.25]",population_final,Precision,score_hybrid,anchor_margin,25,25,0.12352,0.08064,0.04288,0.032,137.804100760428,0.0012149526114045,0.74,0.733333333333333,0.0133644787254495,1
DTLZ2,10,"S1_[0,0.25]",population_final,Precision,score_v,anchor_margin,25,25,0.12192,0.08064,0.04128,0.04,143.710964708963,0.00719304834638072,0.7,0.63,0.0719304834638071,0
DTLZ2,10,"S1_[0,0.25]",population_final,AUC,score_hybrid,score_v,25,25,0.780649700823946,0.767202107292816,0.0134475935311299,0.00319148936170222,3.26436639074134,0.775096962195985,0.62,0.0666666666666667,0.883409879585385,0
DTLZ2,10,"S1_[0,0.25]",population_final,AUC,score_hybrid,anchor_margin,25,25,0.780649700823946,0.679843131245255,0.100806569578691,0.124083722700315,16.8703959988117,0.000664738019332407,0.72,0.778461538461538,0.00664738019332407,1
DTLZ2,10,"S1_[0,0.25]",population_final,AUC,score_v,anchor_margin,25,25,0.767202107292816,0.679843131245255,0.0873589760475611,0.127408252837284,15.6717301134187,0.0118763818875161,0.76,0.575384615384615,0.0712582913250965,0
DTLZ2,10,"S1_[0,0.25]",population_final,Lift,score_hybrid,score_v,25,25,2.63743202322273,2.46185590343609,0.175576119786646,0,2.81821508608728,0.727351404730591,0.5,0.087719298245614,1,0
DTLZ2,10,"S1_[0,0.25]",population_final,Lift,score_hybrid,anchor_margin,25,25,2.63743202322273,1.65797891492752,0.979453108295213,0.804444444444444,130.035434823867,0.00067300389549799,0.74,0.793333333333333,0.0074030428504779,1
DTLZ2,10,"S1_[0,0.25]",population_final,Lift,score_v,anchor_margin,25,25,2.46185590343609,1.65797891492752,0.803876988508567,0.753968253968254,143.494628232983,0.0134526978573697,0.7,0.576666666666667,0.121074280716327,0
DTLZ2,10,"S1_[0,0.25]",population_h1,Precision,score_hybrid,score_v,25,25,0.99424,0.99424,0,0,0.000516129032258057,1,0.5,0,1,0
DTLZ2,10,"S1_[0,0.25]",population_h1,Precision,score_hybrid,anchor_margin,25,25,0.99424,0.98912,0.00512,0.00800000000000001,0.530546727048394,0.092476103429631,0.68,0.457516339869281,0.729710297545162,0
DTLZ2,10,"S1_[0,0.25]",population_h1,Precision,score_v,anchor_margin,25,25,0.99424,0.98912,0.00512,0,0.530826188568682,0.11138916015625,0.68,0.475,0.729710297545162,0
DTLZ2,10,"S1_[0,0.25]",population_h1,AUC,score_hybrid,score_v,25,25,0.852756773035646,0.861609633467769,-0.00885286043212271,-0.00673758865248231,-0.986923635888308,0.15312745101967,0.42,-0.333333333333333,0.459382353059009,0
DTLZ2,10,"S1_[0,0.25]",population_h1,AUC,score_hybrid,anchor_margin,25,25,0.852756773035646,0.75601330407944,0.0967434689562057,0.0935312377883026,13.1508032971534,1.22903222102484e-05,1,1,0.000147483866522981,1
DTLZ2,10,"S1_[0,0.25]",population_h1,AUC,score_v,anchor_margin,25,25,0.861609633467769,0.75601330407944,0.105596329388328,0.113674928570568,14.5092761511166,1.22903222102484e-05,1,1,0.000147483866522981,1
DTLZ2,10,"S1_[0,0.25]",population_h1,Lift,score_hybrid,score_v,25,25,1.06008012699583,1.06008729384913,-7.16685330346856e-06,0,-9.82833124779425e-05,0.5,0.5,-0.4,1,0
DTLZ2,10,"S1_[0,0.25]",population_h1,Lift,score_hybrid,anchor_margin,25,25,1.06008012699583,1.05454648464678,0.00553364234905056,0.00842105263157866,0.536833861343784,0.0831487874024729,0.68,0.503267973856209,0.665190299219783,0
DTLZ2,10,"S1_[0,0.25]",population_h1,Lift,score_v,anchor_margin,25,25,1.06008729384913,1.05454648464678,0.00554080920235402,0,0.537726664513735,0.1031494140625,0.68,0.483333333333333,0.685790924663078,0
DTLZ2,10,"S1_[0,0.25]",population_h3,Precision,score_hybrid,score_v,25,25,0.9792,0.97824,0.000960000000000001,0.00800000000000001,0.104088147478405,0.279357527151909,0.62,0.261904761904762,1,0
DTLZ2,10,"S1_[0,0.25]",population_h3,Precision,score_hybrid,anchor_margin,25,25,0.9792,0.952,0.0272,0.024,2.94154166676242,0.00137491259381839,0.84,0.760869565217391,0.0137491259381839,1
DTLZ2,10,"S1_[0,0.25]",population_h3,Precision,score_v,anchor_margin,25,25,0.97824,0.952,0.02624,0.024,2.86070641432179,0.00359654150345587,0.8,0.692028985507246,0.0323688735311028,1
DTLZ2,10,"S1_[0,0.25]",population_h3,AUC,score_hybrid,score_v,25,25,0.83461053221944,0.84561193501031,-0.0110014027908695,-0.00383331508722595,-1.20883488330292,0.13534988381758,0.4,-0.341538461538462,0.541399535270321,0
DTLZ2,10,"S1_[0,0.25]",population_h3,AUC,score_hybrid,anchor_margin,25,25,0.83461053221944,0.740968252623936,0.0936422795955041,0.0871527777777777,13.0250782576059,1.22903222102484e-05,1,1,0.000147483866522981,1
DTLZ2,10,"S1_[0,0.25]",population_h3,AUC,score_v,anchor_margin,25,25,0.84561193501031,0.740968252623936,0.104643682386374,0.105565542898519,14.7007000966579,2.00130174376755e-05,0.92,0.975384615384615,0.000220143191814431,1
DTLZ2,10,"S1_[0,0.25]",population_h3,Lift,score_hybrid,score_v,25,25,1.17323148198978,1.17211451249562,0.0011169694941667,0.00919540229885052,0.102114236704721,0.399310494822408,0.62,0.228571428571429,1,0
DTLZ2,10,"S1_[0,0.25]",population_h3,Lift,score_hybrid,anchor_margin,25,25,1.17323148198978,1.14062871061879,0.032602771370992,0.0309955086326392,2.94035269219115,0.00126420002560567,0.84,0.768115942028985,0.0126420002560567,1
DTLZ2,10,"S1_[0,0.25]",population_h3,Lift,score_v,anchor_margin,25,25,1.17211451249562,1.14062871061879,0.0314858018768253,0.0298708422540337,2.86177962643719,0.00390526507365184,0.78,0.673333333333333,0.0351473856628666,1
DTLZ2,10,"S2_(0.25,0.50]",front_final,Precision,score_hybrid,score_v,25,25,0.621409523809524,0.643047619047619,-0.0216380952380953,-0.0114285714285713,-3.40682800072944,0.0917514003228806,0.32,-0.390769230769231,0.458757001614403,0
DTLZ2,10,"S2_(0.25,0.50]",front_final,Precision,score_hybrid,anchor_margin,25,25,0.621409523809524,0.523276190476191,0.0981333333333333,0.11047619047619,22.6186785647529,0.000327649121596955,0.84,0.821538461538462,0.0036041403375665,1
DTLZ2,10,"S2_(0.25,0.50]",front_final,Precision,score_v,anchor_margin,25,25,0.643047619047619,0.523276190476191,0.119771428571429,0.144761904761905,29.1560145176133,0.000631303001779246,0.88,0.778461538461538,0.00631303001779246,1
DTLZ2,10,"S2_(0.25,0.50]",front_final,AUC,score_hybrid,score_v,25,25,0.686380719831267,0.712888566807316,-0.0265078469760495,-0.0312094945689889,-3.22541742773592,0.00742319460587312,0.2,-0.612307692307692,0.0445391676352387,1
DTLZ2,10,"S2_(0.25,0.50]",front_final,AUC,score_hybrid,anchor_margin,25,25,0.686380719831267,0.621888722557626,0.0644919972736409,0.0588304136282076,10.702575868923,6.4509802708292e-05,0.92,0.913846153846154,0.000709607829791212,1
DTLZ2,10,"S2_(0.25,0.50]",front_final,AUC,score_v,anchor_margin,25,25,0.712888566807316,0.621888722557626,0.0909998442496903,0.0872532582927162,15.3285248178842,0.000808376714536398,0.88,0.766153846153846,0.00727539043082759,1
DTLZ2,10,"S2_(0.25,0.50]",front_final,Lift,score_hybrid,score_v,25,25,1.52893456472681,1.60682851812528,-0.0778939533984662,-0.0171899436943244,-3.48563406563443,0.0926305231798479,0.32,-0.384615384615385,0.46315261589924,0
DTLZ2,10,"S2_(0.25,0.50]",front_final,Lift,score_hybrid,anchor_margin,25,25,1.52893456472681,1.25679529622909,0.27213926849772,0.264830032887341,25.0111213247723,0.000808376714536398,0.84,0.766153846153846,0.00889214385990038,1
DTLZ2,10,"S2_(0.25,0.50]",front_final,Lift,score_v,anchor_margin,25,25,1.60682851812528,1.25679529622909,0.350033221896186,0.316507021491587,31.9956122261722,0.000808376714536398,0.84,0.766153846153846,0.00889214385990038,1
DTLZ2,10,"S2_(0.25,0.50]",front_h1,Precision,score_hybrid,score_v,25,25,0.987657142857143,0.990780952380952,-0.00312380952380952,0,-0.316942374120367,0.0220794557567033,0.38,-0.661764705882353,0.111491873814116,0
DTLZ2,10,"S2_(0.25,0.50]",front_h1,Precision,score_hybrid,anchor_margin,25,25,0.987657142857143,0.977447619047619,0.0102095238095238,0.00380952380952371,1.09985151529732,0.0589055975445691,0.66,0.443333333333333,0.235622390178276,0
DTLZ2,10,"S2_(0.25,0.50]",front_h1,Precision,score_v,anchor_margin,25,25,0.990780952380952,0.977447619047619,0.0133333333333333,0.00380952380952404,1.42208413815715,0.00481349145757652,0.7,0.663333333333333,0.0385079316606121,1
DTLZ2,10,"S2_(0.25,0.50]",front_h1,AUC,score_hybrid,score_v,25,25,0.677245344431354,0.701189596521173,-0.0239442520898191,-0.0374322121114687,-2.80104557705839,0.0346699352823068,0.28,-0.483076923076923,0.208019611693841,0
DTLZ2,10,"S2_(0.25,0.50]",front_h1,AUC,score_hybrid,anchor_margin,25,25,0.677245344431354,0.64670804207232,0.0305373023590342,0.0599653939665115,4.08653600626995,0.0578362165685366,0.72,0.433846153846154,0.289181082842683,0
DTLZ2,10,"S2_(0.25,0.50]",front_h1,AUC,score_v,anchor_margin,25,25,0.701189596521173,0.64670804207232,0.0544815544488533,0.0791436840206314,7.96757001496556,0.0246574711684664,0.76,0.513846153846154,0.172602298179265,0
DTLZ2,10,"S2_(0.25,0.50]",front_h1,Lift,score_hybrid,score_v,25,25,1.04388819099287,1.04764839123654,-0.00376020024367512,0,-0.352877381490586,0.0400548626158021,0.4,-0.526315789473684,0.222260269105149,0
DTLZ2,10,"S2_(0.25,0.50]",front_h1,Lift,score_hybrid,anchor_margin,25,25,1.04388819099287,1.02939484721119,0.0144933437816828,0.00579030204883857,1.38290317324328,0.0370433781841915,0.64,0.476923076923077,0.222260269105149,0
DTLZ2,10,"S2_(0.25,0.50]",front_h1,Lift,score_v,anchor_margin,25,25,1.04764839123654,1.02939484721119,0.018253544025358,0.0082431069176282,1.74277230325597,0.00206416568518245,0.76,0.704615384615385,0.0165133254814596,1
DTLZ2,10,"S2_(0.25,0.50]",front_h3,Precision,score_hybrid,score_v,25,25,0.966019047619048,0.974019047619048,-0.00799999999999997,-0.00190476190476208,-0.834026620014314,0.0104266273834513,0.34,-0.566666666666667,0.0781751492200538,0
DTLZ2,10,"S2_(0.25,0.50]",front_h3,Precision,score_hybrid,anchor_margin,25,25,0.966019047619048,0.954514285714286,0.0115047619047619,0.00761904761904741,1.30036435434945,0.118367825430111,0.64,0.369230769230769,0.473471301720446,0
DTLZ2,10,"S2_(0.25,0.50]",front_h3,Precision,score_v,anchor_margin,25,25,0.974019047619048,0.954514285714286,0.0195047619047619,0.00571428571428556,2.16691807611882,0.0239344387153976,0.66,0.526666666666667,0.143606632292385,0
DTLZ2,10,"S2_(0.25,0.50]",front_h3,AUC,score_hybrid,score_v,25,25,0.660316112619724,0.674471845830453,-0.0141557332107295,-0.0181743021509624,-1.3940324394317,0.201221816380435,0.48,-0.292307692307692,0.871051381980881,0
DTLZ2,10,"S2_(0.25,0.50]",front_h3,AUC,score_hybrid,anchor_margin,25,25,0.660316112619724,0.63670181170357,0.0236143009161538,0.0404736944037424,3.8604346553023,0.121827699998635,0.68,0.353846153846154,0.730966199991808,0
DTLZ2,10,"S2_(0.25,0.50]",front_h3,AUC,score_v,anchor_margin,25,25,0.674471845830453,0.63670181170357,0.0377700341268833,0.0467193492787737,6.54984746152157,0.0875271268026895,0.6,0.390769230769231,0.612689887618826,0
DTLZ2,10,"S2_(0.25,0.50]",front_h3,Lift,score_hybrid,score_v,25,25,1.05868499884139,1.06907085559911,-0.0103858567577154,-0.00207039337474102,-0.936792490841432,0.0129291721727266,0.34,-0.58,0.090504205209086,0
DTLZ2,10,"S2_(0.25,0.50]",front_h3,Lift,score_hybrid,anchor_margin,25,25,1.05868499884139,1.0412792711963,0.0174057276450992,0.00809021267797672,1.67309809675361,0.0735649636968265,0.68,0.409230769230769,0.316454161166726,0
DTLZ2,10,"S2_(0.25,0.50]",front_h3,Lift,score_v,anchor_margin,25,25,1.06907085559911,1.0412792711963,0.0277915844028146,0.00708968065679816,2.65379244608918,0.00631325969884045,0.72,0.624615384615385,0.0505060775907236,0
DTLZ2,10,"S2_(0.25,0.50]",population_final,Precision,score_hybrid,score_v,25,25,0.198628571428571,0.190476190476191,0.00815238095238095,0.0152380952380952,4.77331021275909,0.241563921881675,0.52,0.261538461538462,1,0
DTLZ2,10,"S2_(0.25,0.50]",population_final,Precision,score_hybrid,anchor_margin,25,25,0.198628571428571,0.154666666666667,0.0439619047619048,0.0400000000000001,31.8720718029962,0.000785574227491797,0.8,0.772307692307692,0.00942689072990156,1
DTLZ2,10,"S2_(0.25,0.50]",population_final,Precision,score_v,anchor_margin,25,25,0.190476190476191,0.154666666666667,0.0358095238095239,0.0323809523809524,29.2664156365383,0.00892746450285806,0.7,0.613333333333333,0.0803471805257225,0
DTLZ2,10,"S2_(0.25,0.50]",population_final,AUC,score_hybrid,score_v,25,25,0.660329198250479,0.650764979882608,0.00956421836787125,0.0104305676468732,1.87413224681127,0.231167212861145,0.52,0.273846153846154,0.883409879585385,0
DTLZ2,10,"S2_(0.25,0.50]",population_final,AUC,score_hybrid,anchor_margin,25,25,0.660329198250479,0.59995998542896,0.0603692128215189,0.062594725942926,10.3150508453186,4.07291433495254e-05,0.84,0.938461538461538,0.000488749720194305,1
DTLZ2,10,"S2_(0.25,0.50]",population_final,AUC,score_v,anchor_margin,25,25,0.650764979882608,0.59995998542896,0.0508049944536476,0.0464901377802637,9.05360656117866,0.00188518543866155,0.84,0.710769230769231,0.0169666689479539,1
DTLZ2,10,"S2_(0.25,0.50]",population_final,Lift,score_hybrid,score_v,25,25,1.68836120645876,1.6474270339878,0.0409341724709576,0.0810940382368948,4.06998525144599,0.326049462728915,0.6,0.224615384615385,1,0
DTLZ2,10,"S2_(0.25,0.50]",population_final,Lift,score_hybrid,anchor_margin,25,25,1.68836120645876,1.24735532591483,0.441005880543923,0.388057445200302,42.8992495027276,0.00040277492946398,0.92,0.809230769230769,0.00483329915356775,1
DTLZ2,10,"S2_(0.25,0.50]",population_final,Lift,score_v,anchor_margin,25,25,1.6474270339878,1.24735532591483,0.400071708072966,0.351859251859251,40.1216467402883,0.00130273783879569,0.8,0.735384615384615,0.0130273783879569,1
DTLZ2,10,"S2_(0.25,0.50]",population_h1,Precision,score_hybrid,score_v,25,25,0.965485714285714,0.964723809523809,0.00076190476190475,0.00190476190476174,0.0858477124109959,0.513516794528785,0.58,0.122529644268775,1,0
DTLZ2,10,"S2_(0.25,0.50]",population_h1,Precision,score_hybrid,anchor_margin,25,25,0.965485714285714,0.954819047619048,0.0106666666666666,0.0114285714285716,1.12864592172763,0.000687275702021898,0.8,0.769230769230769,0.00824730842426277,1
DTLZ2,10,"S2_(0.25,0.50]",population_h1,Precision,score_v,anchor_margin,25,25,0.964723809523809,0.954819047619048,0.00990476190476187,0.0114285714285712,1.04791222441476,0.00370175196797343,0.8,0.667692307692308,0.0407192716477078,1
DTLZ2,10,"S2_(0.25,0.50]",population_h1,AUC,score_hybrid,score_v,25,25,0.650243869953525,0.642165822205401,0.00807804774812379,0.00674859220691892,1.58765469546289,0.264149634063862,0.52,0.255384615384615,0.528299268127724,0
DTLZ2,10,"S2_(0.25,0.50]",population_h1,AUC,score_hybrid,anchor_margin,25,25,0.650243869953525,0.612219054141369,0.0380248158121561,0.0374139619314162,6.26113965884703,0.000101053333470501,0.8,0.889230769230769,0.00101053333470501,1
DTLZ2,10,"S2_(0.25,0.50]",population_h1,AUC,score_v,anchor_margin,25,25,0.642165822205401,0.612219054141369,0.0299467680640323,0.0352003097726292,5.05602108964457,0.0264309737781526,0.72,0.507692307692308,0.158585842668916,0
DTLZ2,10,"S2_(0.25,0.50]",population_h1,Lift,score_hybrid,score_v,25,25,1.03235733729638,1.03166456515934,0.0006927721370388,0.00108142801880851,0.0728038057321175,0.475805271485556,0.64,0.163076923076923,1,0
DTLZ2,10,"S2_(0.25,0.50]",population_h1,Lift,score_hybrid,anchor_margin,25,25,1.03235733729638,1.02047528916343,0.0118820481329535,0.0135283544348961,1.17382647207387,0.000602178579749257,0.84,0.784615384615385,0.00722614295699109,1
DTLZ2,10,"S2_(0.25,0.50]",population_h1,Lift,score_v,anchor_margin,25,25,1.03166456515934,1.02047528916343,0.0111892759959147,0.0121250320743516,1.1062086969303,0.0024697142925472,0.8,0.692307692307692,0.0271668572180192,1
DTLZ2,10,"S2_(0.25,0.50]",population_h3,Precision,score_hybrid,score_v,25,25,0.906361904761905,0.904838095238095,0.00152380952380952,0.00190476190476185,0.210587028442383,0.627859840110722,0.6,0.0984615384615385,1,0
DTLZ2,10,"S2_(0.25,0.50]",population_h3,Precision,score_hybrid,anchor_margin,25,25,0.906361904761905,0.877561904761905,0.0288,0.0361904761904761,3.32782891659196,0.000164566786337606,0.88,0.861538461538462,0.00197480143605127,1
DTLZ2,10,"S2_(0.25,0.50]",population_h3,Precision,score_v,anchor_margin,25,25,0.904838095238095,0.877561904761905,0.0272761904761905,0.0323809523809522,3.15110495668905,0.00117662902654536,0.8,0.744615384615385,0.0129429192919989,1
DTLZ2,10,"S2_(0.25,0.50]",population_h3,AUC,score_hybrid,score_v,25,25,0.648860834870087,0.643060945861633,0.00579988900845427,0.00398605439487532,1.14093531759262,0.191897880489051,0.6,0.298461538461538,0.575693641467152,0
DTLZ2,10,"S2_(0.25,0.50]",population_h3,AUC,score_hybrid,anchor_margin,25,25,0.648860834870087,0.606698548538713,0.0421622863313745,0.0409251213399786,6.95519773575883,2.86392873931145e-05,0.92,0.956923076923077,0.000286392873931145,1
DTLZ2,10,"S2_(0.25,0.50]",population_h3,AUC,score_v,anchor_margin,25,25,0.643060945861633,0.606698548538713,0.0363623973229203,0.0382046150302725,6.08960752057112,0.00350705977748676,0.8,0.667692307692308,0.0245494184424073,1
DTLZ2,10,"S2_(0.25,0.50]",population_h3,Lift,score_hybrid,score_v,25,25,1.08685029549233,1.08553558265032,0.00131471284201442,0.00267447614314076,0.159465216733814,0.716423138125903,0.56,0.0830769230769231,1,0
DTLZ2,10,"S2_(0.25,0.50]",population_h3,Lift,score_hybrid,anchor_margin,25,25,1.08685029549233,1.05166558872233,0.0351847067699976,0.0431802566362787,3.38293703495823,0.000174372656137261,0.88,0.858461538461538,0.00209247187364713,1
DTLZ2,10,"S2_(0.25,0.50]",population_h3,Lift,score_v,anchor_margin,25,25,1.08553558265032,1.05166558872233,0.0338699939279832,0.0400084215696845,3.2591761464606,0.000890537644222049,0.8,0.76,0.00979591408644254,1
DTLZ2,10,"S3_(0.50,0.75]",front_final,Precision,score_hybrid,score_v,25,25,0.86344,0.88048,-0.01704,-0.012,-1.84119754928164,0.0110545044691839,0.22,-0.613333333333333,0.0663270268151031,0
DTLZ2,10,"S3_(0.50,0.75]",front_final,Precision,score_hybrid,anchor_margin,25,25,0.86344,0.81424,0.0492,0.0540000000000003,6.39242822816719,0.00269632174615625,0.72,0.686153846153846,0.0242668957154063,1
DTLZ2,10,"S3_(0.50,0.75]",front_final,Precision,score_v,anchor_margin,25,25,0.88048,0.81424,0.06624,0.0560000000000004,8.49163988986177,0.000203016054867551,0.92,0.864615384615385,0.00243619265841061,1
DTLZ2,10,"S3_(0.50,0.75]",front_final,AUC,score_hybrid,score_v,25,25,0.67073234283646,0.70067354812762,-0.0299412052911602,-0.0280212971110638,-4.21013116109369,0.00118576266337556,0.2,-0.741538461538462,0.00948610130700449,1
DTLZ2,10,"S3_(0.50,0.75]",front_final,AUC,score_hybrid,anchor_margin,25,25,0.67073234283646,0.626389238516493,0.0443431043199667,0.0290847328409348,7.4252229068909,0.000125955718527785,0.96,0.876923076923077,0.00125955718527785,1
DTLZ2,10,"S3_(0.50,0.75]",front_final,AUC,score_v,anchor_margin,25,25,0.70067354812762,0.626389238516493,0.0742843096111269,0.0485019758484074,12.7080316609696,3.22287733545754e-05,0.88,0.950769230769231,0.000386745280254905,1
DTLZ2,10,"S3_(0.50,0.75]",front_final,Lift,score_hybrid,score_v,25,25,1.18063075692633,1.20632791970659,-0.0256971627802631,-0.0289121806273012,-2.04442591130804,0.00857443461110533,0.22,-0.613333333333333,0.0685954768888427,0
DTLZ2,10,"S3_(0.50,0.75]",front_final,Lift,score_hybrid,anchor_margin,25,25,1.18063075692633,1.10819360219738,0.0724371547289488,0.0727996552849639,6.8908388852983,0.00294699145433131,0.72,0.68,0.0265229230889818,1
DTLZ2,10,"S3_(0.50,0.75]",front_final,Lift,score_v,anchor_margin,25,25,1.20632791970659,1.10819360219738,0.0981343175092119,0.0928160921930057,9.2243725051702,0.000266471532485278,0.92,0.833846153846154,0.00319765838982333,1
DTLZ2,10,"S3_(0.50,0.75]",front_h1,Precision,score_hybrid,score_v,25,25,0.99112,0.99336,-0.00223999999999998,0,-0.225618833008087,0.001953125,0.3,-0.828571428571429,0.017578125,1
DTLZ2,10,"S3_(0.50,0.75]",front_h1,Precision,score_hybrid,anchor_margin,25,25,0.99112,0.99312,-0.00200000000000001,-0.002,-0.199893545365211,0.0789896824306977,0.38,-0.422924901185771,0.236969047292093,0
DTLZ2,10,"S3_(0.50,0.75]",front_h1,Precision,score_v,anchor_margin,25,25,0.99336,0.99312,0.000239999999999978,0.00199999999999989,0.0264715038874951,0.988523309036386,0.54,-0.0133333333333333,0.988523309036386,0
DTLZ2,10,"S3_(0.50,0.75]",front_h1,AUC,score_hybrid,score_v,25,25,0.596283643989558,0.622145776020936,-0.0258621320313776,-0.0276318262051958,-4.01279773742682,0.00684804750492553,0.28,-0.618461538461539,0.0616324275443298,0
DTLZ2,10,"S3_(0.50,0.75]",front_h1,AUC,score_hybrid,anchor_margin,25,25,0.596283643989558,0.614844181397797,-0.0185605374082382,0.00555972883224437,-2.99047580019626,0.353257960747509,0.52,-0.212307692307692,0.725458974711055,0
DTLZ2,10,"S3_(0.50,0.75]",front_h1,AUC,score_v,anchor_margin,25,25,0.622145776020936,0.614844181397797,0.00730159462313939,0.0287912486000528,1.66229329811238,0.756994844196247,0.56,0.0707692307692308,0.756994844196247,0
DTLZ2,10,"S3_(0.50,0.75]",front_h1,Lift,score_hybrid,score_v,25,25,1.0045195828037,1.00691774765674,-0.00239816485304537,0,-0.237387401496269,0.00115966796875,0.32,-0.891666666666667,0.01043701171875,1
DTLZ2,10,"S3_(0.50,0.75]",front_h1,Lift,score_hybrid,anchor_margin,25,25,1.0045195828037,1.00641057486319,-0.00189099205949151,-0.00195707070707085,-0.18747859047541,0.179296046266412,0.42,-0.313333333333333,0.358592092532823,0
DTLZ2,10,"S3_(0.50,0.75]",front_h1,Lift,score_v,anchor_margin,25,25,1.00691774765674,1.00641057486319,0.000507172793553856,0.00202020202020181,0.050838517360103,0.753304047285912,0.54,0.0733333333333333,0.753304047285912,0
DTLZ2,10,"S3_(0.50,0.75]",front_h3,Precision,score_hybrid,score_v,25,25,0.978,0.984,-0.00599999999999999,-0.00399999999999989,-0.615233855915144,0.000374844233867734,0.2,-0.926315789473684,0.00449813080641281,1
DTLZ2,10,"S3_(0.50,0.75]",front_h3,Precision,score_hybrid,anchor_margin,25,25,0.978,0.97872,-0.000719999999999974,0,-0.0615721193807162,0.793363469597908,0.56,0.0952380952380952,1,0
DTLZ2,10,"S3_(0.50,0.75]",front_h3,Precision,score_v,anchor_margin,25,25,0.984,0.97872,0.00528000000000001,0.00200000000000011,0.555818754158653,0.0833687488919167,0.64,0.473684210526316,0.416843744459583,0
DTLZ2,10,"S3_(0.50,0.75]",front_h3,AUC,score_hybrid,score_v,25,25,0.625970056342976,0.659887032204758,-0.0339169758617817,-0.0297611618732535,-5.09698325751186,0.00172056201579673,0.16,-0.716923076923077,0.0172056201579673,1
DTLZ2,10,"S3_(0.50,0.75]",front_h3,AUC,score_hybrid,anchor_margin,25,25,0.625970056342976,0.617879912848069,0.00809014349490737,0.0125254750993232,1.48065781898035,0.231167212861145,0.6,0.273846153846154,0.871051381980881,0
DTLZ2,10,"S3_(0.50,0.75]",front_h3,AUC,score_v,anchor_margin,25,25,0.659887032204758,0.617879912848069,0.042007119356689,0.0481549824392905,7.60876058774199,0.0148886821786073,0.68,0.556923076923077,0.119109457428858,0
DTLZ2,10,"S3_(0.50,0.75]",front_h3,Lift,score_hybrid,score_v,25,25,1.01607732458095,1.0227597185125,-0.00668239393154503,-0.00406101834673267,-0.651395144203867,0.000449336904071235,0.22,-0.895238095238095,0.00539204284885482,1
DTLZ2,10,"S3_(0.50,0.75]",front_h3,Lift,score_hybrid,anchor_margin,25,25,1.01607732458095,1.01642448266745,-0.000347158086495565,0.000211937305977683,-0.0324811074675831,0.668235141795249,0.58,0.1,1,0
DTLZ2,10,"S3_(0.50,0.75]",front_h3,Lift,score_v,anchor_margin,25,25,1.0227597185125,1.01642448266745,0.00633523584504947,0.00246305684919945,0.622242900762067,0.0632908322333453,0.7,0.433333333333333,0.316454161166726,0
DTLZ2,10,"S3_(0.50,0.75]",population_final,Precision,score_hybrid,score_v,25,25,0.36832,0.35464,0.01368,0.0179999999999999,6.08986478468473,0.122769916690221,0.68,0.366153846153846,0.736619500141327,0
DTLZ2,10,"S3_(0.50,0.75]",population_final,Precision,score_hybrid,anchor_margin,25,25,0.36832,0.3492,0.01912,0.022,10.527110297251,0.312904529402574,0.52,0.227692307692308,1,0
DTLZ2,10,"S3_(0.50,0.75]",population_final,Precision,score_v,anchor_margin,25,25,0.35464,0.3492,0.00543999999999999,-0.00200000000000006,7.3155200705515,0.92495724259696,0.48,-0.0184615384615385,1,0
DTLZ2,10,"S3_(0.50,0.75]",population_final,AUC,score_hybrid,score_v,25,25,0.580162189952898,0.552632421009533,0.0275297689433648,0.0257556597781494,5.72631365849185,0.00206416568518245,0.8,0.704615384615385,0.0169666689479539,1
DTLZ2,10,"S3_(0.50,0.75]",population_final,AUC,score_hybrid,anchor_margin,25,25,0.580162189952898,0.567147522807389,0.0130146671455095,0.0151389568054939,2.63013544084281,0.150003310099365,0.52,0.329230769230769,0.750016550496823,0
DTLZ2,10,"S3_(0.50,0.75]",population_final,AUC,score_v,anchor_margin,25,25,0.552632421009533,0.567147522807389,-0.0145151017978553,-0.00380952295726877,-2.06519115295941,0.339478908072948,0.44,-0.218461538461538,0.883409879585385,0
DTLZ2,10,"S3_(0.50,0.75]",population_final,Lift,score_hybrid,score_v,25,25,1.17516822931144,1.1340718723427,0.0410963569687478,0.0614212429011189,6.59187425862988,0.0926305231798479,0.68,0.384615384615385,0.555783139079087,0
DTLZ2,10,"S3_(0.50,0.75]",population_final,Lift,score_hybrid,anchor_margin,25,25,1.17516822931144,1.10313270928939,0.0720355200220579,0.0117136973328926,10.4933387915529,0.326049462728915,0.52,0.224615384615385,1,0
DTLZ2,10,"S3_(0.50,0.75]",population_final,Lift,score_v,anchor_margin,25,25,1.1340718723427,1.10313270928939,0.0309391630533101,-0.0800261214596916,7.1193431882667,0.989266019065271,0.4,-0.00307692307692308,1,0
DTLZ2,10,"S3_(0.50,0.75]",population_h1,Precision,score_hybrid,score_v,25,25,0.94672,0.94456,0.00216000000000002,0.002,0.232067006544397,0.0926282354558129,0.7,0.413333333333333,0.729710297545162,0
DTLZ2,10,"S3_(0.50,0.75]",population_h1,Precision,score_hybrid,anchor_margin,25,25,0.94672,0.93984,0.00688000000000001,0.01,0.740992507159294,0.0220869361481984,0.7,0.54,0.220869361481984,0
DTLZ2,10,"S3_(0.50,0.75]",population_h1,Precision,score_v,anchor_margin,25,25,0.94456,0.93984,0.00471999999999999,0.00599999999999989,0.513593320898305,0.0810789219494625,0.68,0.393846153846154,0.729710297545162,0
DTLZ2,10,"S3_(0.50,0.75]",population_h1,AUC,score_hybrid,score_v,25,25,0.540878342148676,0.519687040850006,0.0211913012986705,0.028686170263338,4.35706775903344,0.000545135029590116,0.84,0.790769230769231,0.00436108023672093,1
DTLZ2,10,"S3_(0.50,0.75]",population_h1,AUC,score_hybrid,anchor_margin,25,25,0.540878342148676,0.540084096093762,0.000794246054914733,-7.67835165460529e-06,0.285085463781752,0.819095293550423,0.48,0.0523076923076923,0.819095293550423,0
DTLZ2,10,"S3_(0.50,0.75]",population_h1,AUC,score_v,anchor_margin,25,25,0.519687040850006,0.540084096093762,-0.0203970552437558,-0.0268311919482849,-3.54917263590535,0.0543741164130669,0.28,-0.44,0.255433305519485,0
DTLZ2,10,"S3_(0.50,0.75]",population_h1,Lift,score_hybrid,score_v,25,25,1.01515094879896,1.01281645545429,0.00233449334467494,0.00223963980926833,0.233854901855675,0.0979701320947255,0.72,0.378461538461538,0.685790924663078,0
DTLZ2,10,"S3_(0.50,0.75]",population_h1,Lift,score_hybrid,anchor_margin,25,25,1.01515094879896,1.00705529043591,0.00809565836305453,0.0124392031441896,0.808917928668125,0.018554892252216,0.72,0.538461538461538,0.18554892252216,0
DTLZ2,10,"S3_(0.50,0.75]",population_h1,Lift,score_v,anchor_margin,25,25,1.01281645545429,1.00705529043591,0.00576116501837959,0.00767779573141403,0.580241099713319,0.0735649636968265,0.68,0.409230769230769,0.662084673271438,0
DTLZ2,10,"S3_(0.50,0.75]",population_h3,Precision,score_hybrid,score_v,25,25,0.86792,0.86256,0.00536000000000004,0.00399999999999989,0.645755467648101,0.0367635102819619,0.76,0.507692307692308,0.220581061691771,0
DTLZ2,10,"S3_(0.50,0.75]",population_h3,Precision,score_hybrid,anchor_margin,25,25,0.86792,0.84776,0.02016,0.0339999999999998,2.45091688391763,0.00802418074614157,0.68,0.603076923076923,0.0641934459691325,0
DTLZ2,10,"S3_(0.50,0.75]",population_h3,Precision,score_v,anchor_margin,25,25,0.86256,0.84776,0.0148,0.0279999999999999,1.8382341323016,0.0254709878346309,0.68,0.513846153846154,0.178296914842417,0
DTLZ2,10,"S3_(0.50,0.75]",population_h3,AUC,score_hybrid,score_v,25,25,0.560797913955598,0.542463064548589,0.018334849407009,0.0230594956358335,3.63320166566635,0.000808376714536398,0.8,0.766153846153846,0.00727539043082759,1
DTLZ2,10,"S3_(0.50,0.75]",population_h3,AUC,score_hybrid,anchor_margin,25,25,0.560797913955598,0.550302053943969,0.0104958600116289,0.0111998875831983,1.95778343876797,0.103552843728004,0.6,0.372307692307692,0.517764218640018,0
DTLZ2,10,"S3_(0.50,0.75]",population_h3,AUC,score_v,anchor_margin,25,25,0.542463064548589,0.550302053943969,-0.00783898939538009,-0.00283386141348152,-1.30948311962453,0.527182745255457,0.4,-0.144615384615385,1,0
DTLZ2,10,"S3_(0.50,0.75]",population_h3,Lift,score_hybrid,score_v,25,25,1.04263401925546,1.03612737277261,0.00650664648285646,0.00356400531926115,0.654256709391228,0.0324276121264537,0.72,0.489230769230769,0.194565672758722,0
DTLZ2,10,"S3_(0.50,0.75]",population_h3,Lift,score_hybrid,anchor_margin,25,25,1.04263401925546,1.01684262008325,0.025791399172208,0.0433582671077107,2.56581338842143,0.00631325969884045,0.68,0.624615384615385,0.0505060775907236,0
DTLZ2,10,"S3_(0.50,0.75]",population_h3,Lift,score_v,anchor_margin,25,25,1.03612737277261,1.01684262008325,0.0192847526893516,0.0349906957586393,1.94573376872726,0.0199414406198738,0.68,0.532307692307692,0.139590084339117,0
DTLZ2,10,"S4_(0.75,1.00]",front_final,Precision,score_hybrid,score_v,25,25,0.961752380952381,0.962742857142857,-0.000990476190476151,0,-0.0689801510559019,0.694057641276555,0.48,-0.0894736842105263,1,0
DTLZ2,10,"S4_(0.75,1.00]",front_final,Precision,score_hybrid,anchor_margin,25,25,0.961752380952381,0.960685714285714,0.00106666666666669,1.11022302462516e-16,0.135088442115791,0.875081683026793,0.52,0.0461538461538462,1,0
DTLZ2,10,"S4_(0.75,1.00]",front_final,Precision,score_v,anchor_margin,25,25,0.962742857142857,0.960685714285714,0.00205714285714284,0.00380952380952371,0.23921352797489,0.615611943699026,0.56,0.11231884057971,1,0
DTLZ2,10,"S4_(0.75,1.00]",front_final,AUC,score_hybrid,score_v,25,25,0.621221151753885,0.624960935349677,-0.00373978359579151,-0.0157986532749055,0.45359667634646,0.459336357314789,0.44,-0.169230769230769,1,0
DTLZ2,10,"S4_(0.75,1.00]",front_final,AUC,score_hybrid,anchor_margin,25,25,0.621221151753885,0.610193455695002,0.0110276960588828,0.0105379820347343,2.39748905560013,0.396678757660437,0.56,0.193846153846154,1,0
DTLZ2,10,"S4_(0.75,1.00]",front_final,AUC,score_v,anchor_margin,25,25,0.624960935349677,0.610193455695002,0.0147674796546743,0.0134040947733199,4.0195104348748,0.339478908072948,0.56,0.218461538461538,1,0
DTLZ2,10,"S4_(0.75,1.00]",front_final,Lift,score_hybrid,score_v,25,25,1.03756411150291,1.03888727383278,-0.00132316232987434,0,-0.107056945923338,0.550291942128015,0.46,-0.152380952380952,1,0
DTLZ2,10,"S4_(0.75,1.00]",front_final,Lift,score_hybrid,anchor_margin,25,25,1.03756411150291,1.036532855712,0.00103125579090915,-7.0294131289117e-05,0.122084113207956,0.924970786112991,0.48,0.0215384615384615,1,0
DTLZ2,10,"S4_(0.75,1.00]",front_final,Lift,score_v,anchor_margin,25,25,1.03888727383278,1.036532855712,0.00235441812078349,0.00396996959396478,0.271014528856764,0.647568367631056,0.58,0.106666666666667,1,0
DTLZ2,10,"S4_(0.75,1.00]",front_h1,Precision,score_hybrid,score_v,25,25,0.99432,0.9956,-0.00128000000000002,-2.22044604925031e-16,-0.128482122034184,0.0184326171875,0.3,-0.772058823529412,0.111491873814116,0
DTLZ2,10,"S4_(0.75,1.00]",front_h1,Precision,score_hybrid,anchor_margin,25,25,0.99432,0.99704,-0.00271999999999998,-0.002,-0.2723831924037,0.000735954368500408,0.16,-0.782608695652174,0.00809549805350448,1
DTLZ2,10,"S4_(0.75,1.00]",front_h1,Precision,score_v,anchor_margin,25,25,0.9956,0.99704,-0.00143999999999996,-0.002,-0.143343100250079,0.0159274105448737,0.26,-0.577075098814229,0.111491873814116,0
DTLZ2,10,"S4_(0.75,1.00]",front_h1,AUC,score_hybrid,score_v,25,25,0.566887503259305,0.578320475410024,-0.0114329721507187,-0.0362696829323992,-0.140403131751386,0.241819658237018,0.36,-0.267692307692308,0.725458974711055,0
DTLZ2,10,"S4_(0.75,1.00]",front_h1,AUC,score_hybrid,anchor_margin,25,25,0.566887503259305,0.617463611962869,-0.0505761087035639,-0.06640625,-8.17277173007709,0.0118763818875161,0.28,-0.575384615384615,0.0950110551001286,0
DTLZ2,10,"S4_(0.75,1.00]",front_h1,AUC,score_v,anchor_margin,25,25,0.578320475410024,0.617463611962869,-0.0391431365528452,-0.0317415236222672,-5.83591726651984,0.121827699998635,0.32,-0.353846153846154,0.487310799994539,0
DTLZ2,10,"S4_(0.75,1.00]",front_h1,Lift,score_hybrid,score_v,25,25,1.00129681723531,1.0027096009164,-0.00141278368109298,-9.05797101449224e-05,-0.140231448033674,0.0546681918276753,0.32,-0.516339869281046,0.222260269105149,0
DTLZ2,10,"S4_(0.75,1.00]",front_h1,Lift,score_hybrid,anchor_margin,25,25,1.00129681723531,1.00408979696025,-0.0027929797249474,-0.00204081632653064,-0.277750839399111,0.000664922046438365,0.18,-0.793333333333333,0.00664922046438365,1
DTLZ2,10,"S4_(0.75,1.00]",front_h1,Lift,score_v,anchor_margin,25,25,1.0027096009164,1.00408979696025,-0.00138019604385442,-0.00202020202020226,-0.136682949125165,0.0147574773793959,0.28,-0.579710144927536,0.103302341655771,0
DTLZ2,10,"S4_(0.75,1.00]",front_h3,Precision,score_hybrid,score_v,25,25,0.984622222222222,0.988088888888889,-0.00346666666666668,-0.00222222222222224,-0.350930644165716,0.0041022620733429,0.28,-0.810457516339869,0.041022620733429,1
DTLZ2,10,"S4_(0.75,1.00]",front_h3,Precision,score_hybrid,anchor_margin,25,25,0.984622222222222,0.988977777777778,-0.00435555555555555,-0.00666666666666649,-0.438792961060836,0.00977189365250672,0.3,-0.640316205533597,0.0781751492200538,0
DTLZ2,10,"S4_(0.75,1.00]",front_h3,Precision,score_v,anchor_margin,25,25,0.988088888888889,0.988977777777778,-0.000888888888888868,-2.22044604925031e-16,-0.081934698515242,0.303022500609692,0.42,-0.229249011857708,0.909067501829076,0
DTLZ2,10,"S4_(0.75,1.00]",front_h3,AUC,score_hybrid,score_v,25,25,0.579553255084884,0.593491772633253,-0.0139385175483698,-0.0217380575750727,-0.896173781566871,0.411839500245909,0.36,-0.187692307692308,0.871051381980881,0
DTLZ2,10,"S4_(0.75,1.00]",front_h3,AUC,score_hybrid,anchor_margin,25,25,0.579553255084884,0.606422038312948,-0.0268687832280641,-0.0408467650722041,-4.30157142429452,0.174210276396176,0.32,-0.310769230769231,0.871051381980881,0
DTLZ2,10,"S4_(0.75,1.00]",front_h3,AUC,score_v,anchor_margin,25,25,0.593491772633253,0.606422038312948,-0.0129302656796942,-0.029699233121977,-1.12497991663554,0.475825237013745,0.36,-0.163076923076923,0.871051381980881,0
DTLZ2,10,"S4_(0.75,1.00]",front_h3,Lift,score_hybrid,score_v,25,25,1.00543880578021,1.00935190029808,-0.00391309451787061,-0.00226757369614528,-0.383047099053423,0.00463382786624968,0.26,-0.754385964912281,0.0463382786624968,1
DTLZ2,10,"S4_(0.75,1.00]",front_h3,Lift,score_hybrid,anchor_margin,25,25,1.00543880578021,1.0099038099417,-0.00446500416148939,-0.0067340067340067,-0.440352995440696,0.0163950718491923,0.36,-0.538461538461538,0.0983704310951537,0
DTLZ2,10,"S4_(0.75,1.00]",front_h3,Lift,score_v,anchor_margin,25,25,1.00935190029808,1.0099038099417,-0.00055190964361878,0,-0.0489930481117234,0.377758613852039,0.5,-0.193333333333333,1,0
DTLZ2,10,"S4_(0.75,1.00]",population_final,Precision,score_hybrid,score_v,25,25,0.679771428571429,0.664152380952381,0.0156190476190476,0.019047619047619,2.80221408913911,0.026731502366082,0.74,0.513333333333333,0.213852018928656,0
DTLZ2,10,"S4_(0.75,1.00]",population_final,Precision,score_hybrid,anchor_margin,25,25,0.679771428571429,0.6928,-0.0130285714285714,2.22044604925031e-16,-1.47242646754637,0.375600940178848,0.52,-0.181538461538462,1,0
DTLZ2,10,"S4_(0.75,1.00]",population_final,Precision,score_v,anchor_margin,25,25,0.664152380952381,0.6928,-0.0286476190476191,-0.0190476190476192,-4.00214722835547,0.0284780932273548,0.34,-0.506666666666667,0.213852018928656,0
DTLZ2,10,"S4_(0.75,1.00]",population_final,AUC,score_hybrid,score_v,25,25,0.524102656258023,0.490486354584587,0.0336163016734363,0.0340694285944988,7.36325371434256,0.000295766913944783,0.8,0.827692307692308,0.00325343605339261,1
DTLZ2,10,"S4_(0.75,1.00]",population_final,AUC,score_hybrid,anchor_margin,25,25,0.524102656258023,0.531644654028482,-0.00754199777045918,-0.0110771758010507,-1.19136966924218,0.220852469896346,0.44,-0.28,0.883409879585385,0
DTLZ2,10,"S4_(0.75,1.00]",population_final,AUC,score_v,anchor_margin,25,25,0.490486354584587,0.531644654028482,-0.0411582994438954,-0.0469525900228656,-7.28424957572996,0.0024697142925472,0.24,-0.692307692307692,0.0172880000478304,1
DTLZ2,10,"S4_(0.75,1.00]",population_final,Lift,score_hybrid,score_v,25,25,1.01387162756427,0.986518364563019,0.0273532630012559,0.0318403164980701,3.02584125767249,0.0283136256824277,0.72,0.501538461538461,0.226509005459422,0
DTLZ2,10,"S4_(0.75,1.00]",population_final,Lift,score_hybrid,anchor_margin,25,25,1.01387162756427,1.03338426724079,-0.0195126396765181,0.000298745474692774,-1.33750229738841,0.443172497169687,0.52,-0.175384615384615,1,0
DTLZ2,10,"S4_(0.75,1.00]",population_final,Lift,score_v,anchor_margin,25,25,0.986518364563019,1.03338426724079,-0.0468659026777739,-0.0305109251388864,-4.04180610185455,0.0370433781841915,0.32,-0.476923076923077,0.259303647289341,0
DTLZ2,10,"S4_(0.75,1.00]",population_h1,Precision,score_hybrid,score_v,25,25,0.94448,0.94344,0.00103999999999999,0,0.113988343568491,0.639897799593183,0.56,0.116883116883117,1,0
DTLZ2,10,"S4_(0.75,1.00]",population_h1,Precision,score_hybrid,anchor_margin,25,25,0.94448,0.9476,-0.00312000000000001,0,-0.326136655360493,0.270229480774082,0.5,-0.253333333333333,1,0
DTLZ2,10,"S4_(0.75,1.00]",population_h1,Precision,score_v,anchor_margin,25,25,0.94344,0.9476,-0.00416,-0.00200000000000011,-0.435752856192843,0.0904311195183402,0.32,-0.41304347826087,0.729710297545162,0
DTLZ2,10,"S4_(0.75,1.00]",population_h1,AUC,score_hybrid,score_v,25,25,0.502098222031231,0.477737569871573,0.024360652159657,0.0259675636662334,5.40763440142533,0.00040277492946398,0.88,0.809230769230769,0.00362497436517582,1
DTLZ2,10,"S4_(0.75,1.00]",population_h1,AUC,score_hybrid,anchor_margin,25,25,0.502098222031231,0.518611749951633,-0.0165135279204031,-0.0145859700544189,-3.23584287909146,0.051086661103897,0.32,-0.446153846153846,0.255433305519485,0
DTLZ2,10,"S4_(0.75,1.00]",population_h1,AUC,score_v,anchor_margin,25,25,0.477737569871573,0.518611749951633,-0.0408741800800601,-0.0385618413391056,-7.74286797142831,0.0024697142925472,0.2,-0.692307692307692,0.0172880000478304,1
DTLZ2,10,"S4_(0.75,1.00]",population_h1,Lift,score_hybrid,score_v,25,25,0.997209687430024,0.996101181731964,0.00110850569805951,0.000291085506367583,0.11317050378536,0.509754930656496,0.6,0.150769230769231,1,0
DTLZ2,10,"S4_(0.75,1.00]",population_h1,Lift,score_hybrid,anchor_margin,25,25,0.997209687430024,1.00027865815448,-0.00306897072445876,0.000610657282565374,-0.301792228818721,0.367385490881273,0.52,-0.206153846153846,1,0
DTLZ2,10,"S4_(0.75,1.00]",population_h1,Lift,score_v,anchor_margin,25,25,0.996101181731964,1.00027865815448,-0.00417747642251827,-0.00213999655726571,-0.410227260847024,0.103552843728004,0.36,-0.372307692307692,0.685790924663078,0
DTLZ2,10,"S4_(0.75,1.00]",population_h3,Precision,score_hybrid,score_v,25,25,0.8632,0.863555555555556,-0.000355555555555562,0.00222222222222213,-0.0191185820707704,0.90311268398253,0.58,0.0366666666666667,1,0
DTLZ2,10,"S4_(0.75,1.00]",population_h3,Precision,score_hybrid,anchor_margin,25,25,0.8632,0.862488888888889,0.000711111111111107,-0.00222222222222213,0.106454818259437,0.80845890397002,0.48,0.0492307692307692,1,0
DTLZ2,10,"S4_(0.75,1.00]",population_h3,Precision,score_v,anchor_margin,25,25,0.863555555555556,0.862488888888889,0.00106666666666667,-0.00444444444444425,0.157846251678032,0.798113510737309,0.48,0.0615384615384615,1,0
DTLZ2,10,"S4_(0.75,1.00]",population_h3,AUC,score_hybrid,score_v,25,25,0.511097040649183,0.491413540059677,0.0196835005895064,0.0198725548102943,4.31074493469866,0.00294699145433131,0.8,0.68,0.0235759316346505,1
DTLZ2,10,"S4_(0.75,1.00]",population_h3,AUC,score_hybrid,anchor_margin,25,25,0.511097040649183,0.515958556262023,-0.0048615156128401,-0.00500462976067095,-0.970984370728174,0.756994844196247,0.48,-0.0707692307692308,1,0
DTLZ2,10,"S4_(0.75,1.00]",population_h3,AUC,score_v,anchor_margin,25,25,0.491413540059677,0.515958556262023,-0.0245450162023465,-0.0321559812017293,-4.59423766017967,0.0283136256824277,0.36,-0.501538461538461,0.169881754094566,0
DTLZ2,10,"S4_(0.75,1.00]",population_h3,Lift,score_hybrid,score_v,25,25,0.999639551788585,1.00006605407304,-0.000426502284452814,0.00217666864725685,-0.0215297447982659,0.861162196946825,0.56,0.04,1,0
DTLZ2,10,"S4_(0.75,1.00]",population_h3,Lift,score_hybrid,anchor_margin,25,25,0.999639551788585,0.998242276765223,0.00139727502336195,-0.00167089765707029,0.16874438665933,0.716423138125903,0.48,0.0830769230769231,1,0
DTLZ2,10,"S4_(0.75,1.00]",population_h3,Lift,score_v,anchor_margin,25,25,1.00006605407304,0.998242276765223,0.00182377730781477,-0.00302124526898861,0.227405681548873,0.676636619202472,0.48,0.0953846153846154,1,0
DTLZ2,20,"S1_[0,0.25]",front_final,Precision,score_hybrid,score_v,25,25,0.45952,0.4656,-0.00607999999999998,0,-0.789778105419336,0.591443739902024,0.5,-0.126482213438735,1,0
DTLZ2,20,"S1_[0,0.25]",front_final,Precision,score_hybrid,anchor_margin,25,25,0.45952,0.352,0.10752,0.104,38.7097443090309,6.30153877571074e-05,0.86,0.933333333333333,0.000630153877571074,1
DTLZ2,20,"S1_[0,0.25]",front_final,Precision,score_v,anchor_margin,25,25,0.4656,0.352,0.1136,0.112,42.7896932517753,0.000125334620165026,0.84,0.88,0.00112801158148523,1
DTLZ2,20,"S1_[0,0.25]",front_final,AUC,score_hybrid,score_v,25,25,0.746098851705905,0.754897622419299,-0.00879877071339425,-0.00877393318751862,-0.916490430031512,0.287862220533579,0.44,-0.243076923076923,0.575724441067158,0
DTLZ2,20,"S1_[0,0.25]",front_final,AUC,score_hybrid,anchor_margin,25,25,0.746098851705905,0.681263458981924,0.0648353927239812,0.0673138706391647,9.9985575228755,5.13293228060011e-05,0.92,0.926153846153846,0.000359305259642008,1
DTLZ2,20,"S1_[0,0.25]",front_final,AUC,score_v,anchor_margin,25,25,0.754897622419299,0.681263458981924,0.0736341634373754,0.06893706790459,11.5533703490811,0.000733297062909113,0.76,0.772307692307692,0.00366648531454556,1
DTLZ2,20,"S1_[0,0.25]",front_final,Lift,score_hybrid,score_v,25,25,1.98990748138563,2.01308614031079,-0.0231786589251556,0.0102887700534762,0.155510843495959,0.967805826528675,0.56,0.00923076923076923,1,0
DTLZ2,20,"S1_[0,0.25]",front_final,Lift,score_hybrid,anchor_margin,25,25,1.98990748138563,1.48296363704486,0.506943844340776,0.483658421415859,38.7282884758195,0.000112858360104892,0.84,0.883076923076923,0.00112858360104892,1
DTLZ2,20,"S1_[0,0.25]",front_final,Lift,score_v,anchor_margin,25,25,2.01308614031079,1.48296363704486,0.530122503265932,0.42327065657336,41.2779760294761,0.000602178579749257,0.8,0.784615384615385,0.00541960721774331,1
DTLZ2,20,"S1_[0,0.25]",front_h1,Precision,score_hybrid,score_v,25,25,0.98816,0.98944,-0.00128,0,-0.116567645417887,0.24609375,0.4,-0.444444444444444,1,0
DTLZ2,20,"S1_[0,0.25]",front_h1,Precision,score_hybrid,anchor_margin,25,25,0.98816,0.93024,0.05792,0.032,6.7163075387591,2.63568069217432e-05,0.96,1,0.000316281683060919,1
DTLZ2,20,"S1_[0,0.25]",front_h1,Precision,score_v,anchor_margin,25,25,0.98944,0.93024,0.0592,0.032,6.84503115691556,2.98537216380102e-05,0.92,0.992753623188406,0.000328390938018113,1
DTLZ2,20,"S1_[0,0.25]",front_h1,AUC,score_hybrid,score_v,25,25,0.882480802988597,0.931499936469622,-0.0490191334810247,-0.0344660380750872,-5.16374644789791,4.39414243735296e-05,0.06,-0.953333333333333,0.000439414243735296,1
DTLZ2,20,"S1_[0,0.25]",front_h1,AUC,score_hybrid,anchor_margin,25,25,0.882480802988597,0.719935218293161,0.162545584695437,0.152062355445664,23.9888424191428,1.22903222102484e-05,1,1,0.000147483866522981,1
DTLZ2,20,"S1_[0,0.25]",front_h1,AUC,score_v,anchor_margin,25,25,0.931499936469622,0.719935218293161,0.211564718176462,0.19423061938576,31.9368784085947,1.22903222102484e-05,1,1,0.000147483866522981,1
DTLZ2,20,"S1_[0,0.25]",front_h1,Lift,score_hybrid,score_v,25,25,1.16057250682891,1.16186392682877,-0.00129141999985793,0,-0.131314966835019,0.359375,0.4,-0.377777777777778,1,0
DTLZ2,20,"S1_[0,0.25]",front_h1,Lift,score_hybrid,anchor_margin,25,25,1.16057250682891,1.08811681251828,0.0724556943106265,0.0381781038677804,6.88830838481167,1.8215297148968e-05,0.98,1,0.000218583565787617,1
DTLZ2,20,"S1_[0,0.25]",front_h1,Lift,score_v,anchor_margin,25,25,1.16186392682877,1.08811681251828,0.0737471143104844,0.0398459069020867,7.03427519223182,2.35179853083333e-05,0.94,0.986666666666667,0.000258697838391667,1
DTLZ2,20,"S1_[0,0.25]",front_h3,Precision,score_hybrid,score_v,25,25,0.96384,0.968,-0.00416,0,-0.429569109474423,0.099609375,0.38,-0.581818181818182,0.697265625,0
DTLZ2,20,"S1_[0,0.25]",front_h3,Precision,score_hybrid,anchor_margin,25,25,0.96384,0.89472,0.06912,0.04,8.38557106405289,2.1541869746031e-05,0.94,0.99,0.000244868581197243,1
DTLZ2,20,"S1_[0,0.25]",front_h3,Precision,score_v,anchor_margin,25,25,0.968,0.89472,0.07328,0.04,8.86092548104988,2.04057150997702e-05,0.94,0.993333333333333,0.000244868581197243,1
DTLZ2,20,"S1_[0,0.25]",front_h3,AUC,score_hybrid,score_v,25,25,0.82718683796556,0.869862920209281,-0.0426760822437218,-0.0243149882771498,-4.79982987145757,0.000203778459561511,0.22,-0.866666666666667,0.00142644921693058,1
DTLZ2,20,"S1_[0,0.25]",front_h3,AUC,score_hybrid,anchor_margin,25,25,0.82718683796556,0.698243838063535,0.128942999902025,0.117231013071895,19.9542254057779,1.22903222102484e-05,1,1,0.000147483866522981,1
DTLZ2,20,"S1_[0,0.25]",front_h3,AUC,score_v,anchor_margin,25,25,0.869862920209281,0.698243838063535,0.171619082145747,0.154702150855255,27.4523499011164,1.22903222102484e-05,1,1,0.000147483866522981,1
DTLZ2,20,"S1_[0,0.25]",front_h3,Lift,score_hybrid,score_v,25,25,1.21023102982269,1.21592478137129,-0.00569375154859586,0,-0.447641539120917,0.123046875,0.4,-0.545454545454545,0.860622639428573,0
DTLZ2,20,"S1_[0,0.25]",front_h3,Lift,score_hybrid,anchor_margin,25,25,1.21023102982269,1.11844522812859,0.0917858016941068,0.0471727688019568,8.45100367314266,2.07056056482465e-05,0.94,0.993333333333333,0.000248467267778958,1
DTLZ2,20,"S1_[0,0.25]",front_h3,Lift,score_v,anchor_margin,25,25,1.21592478137129,1.11844522812859,0.0974795532427026,0.0483756020146717,8.94789324567038,2.07056056482465e-05,0.94,0.993333333333333,0.000248467267778958,1
DTLZ2,20,"S1_[0,0.25]",population_final,Precision,score_hybrid,score_v,25,25,0.09088,0.08544,0.00544,0,6.71055759013425,0.0506591796875,0.66,0.571428571428571,0.20263671875,0
DTLZ2,20,"S1_[0,0.25]",population_final,Precision,score_hybrid,anchor_margin,25,25,0.09088,0.05504,0.03584,0.016,110.53187444579,0.00325722887967903,0.72,0.727272727272727,0.0293150599171113,1
DTLZ2,20,"S1_[0,0.25]",population_final,Precision,score_v,anchor_margin,25,25,0.08544,0.05504,0.0304,0.00800000000000001,105.616457865935,0.00880700732538005,0.72,0.7,0.0616490512776604,0
DTLZ2,20,"S1_[0,0.25]",population_final,AUC,score_hybrid,score_v,25,25,0.777337474918638,0.766386851255585,0.0109506236630533,0.0253037422404138,1.29181619795299,0.219232533281333,0.74,0.286666666666667,1,0
DTLZ2,20,"S1_[0,0.25]",population_final,AUC,score_hybrid,anchor_margin,25,25,0.777337474918638,0.694109505410284,0.0832279695083544,0.051422697368421,12.5449639165395,0.00631325969884045,0.64,0.624615384615385,0.0631325969884045,0
DTLZ2,20,"S1_[0,0.25]",population_final,AUC,score_v,anchor_margin,25,25,0.766386851255585,0.694109505410284,0.0722773458453011,0.0646464646464647,11.9020015527751,0.0199414406198738,0.68,0.532307692307692,0.179472965578865,0
DTLZ2,20,"S1_[0,0.25]",population_final,Lift,score_hybrid,score_v,25,25,2.49144126984127,2.42580317460318,0.0656380952380952,0,5.65684608403821,0.38232421875,0.66,0.276190476190476,0.678957816145897,0
DTLZ2,20,"S1_[0,0.25]",population_final,Lift,score_hybrid,anchor_margin,25,25,2.49144126984127,1.55848888888889,0.932952380952381,0.44,121.646216454866,0.00266400776910594,0.7,0.727272727272727,0.0222274286329248,1
DTLZ2,20,"S1_[0,0.25]",population_final,Lift,score_v,anchor_margin,25,25,2.42580317460318,1.55848888888889,0.867314285714286,0.533333333333334,114.744303891595,0.00466102524173884,0.72,0.673913043478261,0.0326271766921719,1
DTLZ2,20,"S1_[0,0.25]",population_h1,Precision,score_hybrid,score_v,25,25,0.9952,0.99648,-0.00128,0,-0.127479674796748,0.359375,0.44,-0.5,0.359375,0
DTLZ2,20,"S1_[0,0.25]",population_h1,Precision,score_hybrid,anchor_margin,25,25,0.9952,0.9696,0.0256,0.024,2.67962373578275,3.80687815022876e-05,0.92,0.978260869565217,0.000304550252018301,1
DTLZ2,20,"S1_[0,0.25]",population_h1,Precision,score_v,anchor_margin,25,25,0.99648,0.9696,0.02688,0.024,2.81348665422165,4.68370671361947e-05,0.94,0.946666666666667,0.000327859469953363,1
DTLZ2,20,"S1_[0,0.25]",population_h1,AUC,score_hybrid,score_v,25,25,0.850332266102951,0.876700483067199,-0.0263682169642485,-0.0255224900450036,-2.94972626602778,0.00143028323560228,0.2,-0.729230769230769,0.010011982649216,1
DTLZ2,20,"S1_[0,0.25]",population_h1,AUC,score_hybrid,anchor_margin,25,25,0.850332266102951,0.733104816136855,0.117227449966096,0.107267139479906,16.6974715626355,1.22903222102484e-05,1,1,0.000147483866522981,1
DTLZ2,20,"S1_[0,0.25]",population_h1,AUC,score_v,anchor_margin,25,25,0.876700483067199,0.733104816136855,0.143595666930345,0.119697399527187,20.7460026099198,1.22903222102484e-05,1,1,0.000147483866522981,1
DTLZ2,20,"S1_[0,0.25]",population_h1,Lift,score_hybrid,score_v,25,25,1.06392298721013,1.0653537648256,-0.00143077761546742,0,-0.131215163518534,0.296875,0.44,-0.428571428571429,0.31553916713346,0
DTLZ2,20,"S1_[0,0.25]",population_h1,Lift,score_hybrid,anchor_margin,25,25,1.06392298721013,1.03653674880688,0.0273862384032495,0.0261845681200519,2.68195813912711,2.37163723301064e-05,0.92,0.963076923076923,0.000189730978640851,1
DTLZ2,20,"S1_[0,0.25]",population_h1,Lift,score_v,anchor_margin,25,25,1.0653537648256,1.03653674880688,0.0288170160187169,0.0261845681200519,2.819681691211,3.58032041540256e-05,0.92,0.944615384615385,0.000250622429078179,1
DTLZ2,20,"S1_[0,0.25]",population_h3,Precision,score_hybrid,score_v,25,25,0.97472,0.9792,-0.00448,0,-0.459452890745282,0.01806640625,0.34,-0.769230769230769,0.0653172599823238,0
DTLZ2,20,"S1_[0,0.25]",population_h3,Precision,score_hybrid,anchor_margin,25,25,0.97472,0.89856,0.07616,0.0719999999999998,8.78529171660176,1.21020972764717e-05,1,1,0.000143647618771496,1
DTLZ2,20,"S1_[0,0.25]",population_h3,Precision,score_v,anchor_margin,25,25,0.9792,0.89856,0.08064,0.0800000000000001,9.28290384751709,1.19706348976246e-05,1,1,0.000143647618771496,1
DTLZ2,20,"S1_[0,0.25]",population_h3,AUC,score_hybrid,score_v,25,25,0.81954782958994,0.833149390930758,-0.0136015613408178,-0.0077441281145626,-1.550941810566,0.0826530232682527,0.4,-0.396923076923077,0.495918139609516,0
DTLZ2,20,"S1_[0,0.25]",population_h3,AUC,score_hybrid,anchor_margin,25,25,0.81954782958994,0.719726873710117,0.0998209558798228,0.0893644880814506,14.3713973887694,1.22903222102484e-05,1,1,0.000147483866522981,1
DTLZ2,20,"S1_[0,0.25]",population_h3,AUC,score_v,anchor_margin,25,25,0.833149390930758,0.719726873710117,0.113422517220641,0.0937609331880613,16.5985539358875,1.22903222102484e-05,1,1,0.000147483866522981,1
DTLZ2,20,"S1_[0,0.25]",population_h3,Lift,score_hybrid,score_v,25,25,1.18348095602859,1.18906611057393,-0.00558515454533434,0,-0.467227873517989,0.008056640625,0.32,-0.733333333333333,0.0348981536747177,1
DTLZ2,20,"S1_[0,0.25]",population_h3,Lift,score_hybrid,anchor_margin,25,25,1.18348095602859,1.09097330085007,0.0925076551785208,0.0873347046723481,8.78983271552448,1.22903222102484e-05,1,1,0.000147483866522981,1
DTLZ2,20,"S1_[0,0.25]",population_h3,Lift,score_v,anchor_margin,25,25,1.18906611057393,1.09097330085007,0.0980928097238551,0.0969732588892154,9.29604397913199,1.22903222102484e-05,1,1,0.000147483866522981,1
DTLZ2,20,"S2_(0.25,0.50]",front_final,Precision,score_hybrid,score_v,25,25,0.805257142857143,0.824685714285714,-0.0194285714285715,-0.019047619047619,-2.2297520251131,0.00245965508290435,0.16,-0.692307692307692,0.0172175855803305,1
DTLZ2,20,"S2_(0.25,0.50]",front_final,Precision,score_hybrid,anchor_margin,25,25,0.805257142857143,0.689371428571428,0.115885714285714,0.102857142857143,18.1856980503581,1.38731315955158e-05,0.96,0.993846153846154,0.000166477579146189,1
DTLZ2,20,"S2_(0.25,0.50]",front_final,Precision,score_v,anchor_margin,25,25,0.824685714285714,0.689371428571428,0.135314285714286,0.123809523809524,21.2660357893722,3.21757543690261e-05,0.96,0.950769230769231,0.000353933298059287,1
DTLZ2,20,"S2_(0.25,0.50]",front_final,AUC,score_hybrid,score_v,25,25,0.701657993963216,0.745445441931077,-0.0437874479678614,-0.0342299619617599,-5.69487314516782,3.22287733545754e-05,0.08,-0.950769230769231,0.000322287733545754,1
DTLZ2,20,"S2_(0.25,0.50]",front_final,AUC,score_hybrid,anchor_margin,25,25,0.701657993963216,0.628552471930891,0.073105522032325,0.0711170280853574,11.9296807262831,2.25681906280537e-05,0.96,0.969230769230769,0.000248250096908591,1
DTLZ2,20,"S2_(0.25,0.50]",front_final,AUC,score_v,anchor_margin,25,25,0.745445441931077,0.628552471930891,0.116892970000186,0.115240448381466,19.2494643568684,2.00130174376755e-05,0.96,0.975384615384615,0.000240156209252107,1
DTLZ2,20,"S2_(0.25,0.50]",front_final,Lift,score_hybrid,score_v,25,25,1.4121492631171,1.4546676432835,-0.0425183801663921,-0.0369235653614937,-2.50321009904875,0.00350705977748676,0.16,-0.667692307692308,0.0245494184424073,1
DTLZ2,20,"S2_(0.25,0.50]",front_final,Lift,score_hybrid,anchor_margin,25,25,1.4121492631171,1.18922551790418,0.222923745212924,0.213971124614384,19.690635667631,1.57051000197501e-05,0.96,0.987692307692308,0.000188461200237001,1
DTLZ2,20,"S2_(0.25,0.50]",front_final,Lift,score_v,anchor_margin,25,25,1.4546676432835,1.18922551790418,0.265442125379316,0.19676329042461,23.3088901660377,3.22287733545754e-05,0.92,0.950769230769231,0.00035451650690033,1
DTLZ2,20,"S2_(0.25,0.50]",front_h1,Precision,score_hybrid,score_v,25,25,0.994590476190476,0.995504761904762,-0.000914285714285716,0,-0.0918963707743159,0.0546875,0.36,-0.755555555555556,0.4375,0
DTLZ2,20,"S2_(0.25,0.50]",front_h1,Precision,score_hybrid,anchor_margin,25,25,0.994590476190476,0.989180952380952,0.00540952380952381,0.00380952380952371,0.55524770055108,0.0069976236326847,0.76,0.615384615384615,0.0629786126941623,0
DTLZ2,20,"S2_(0.25,0.50]",front_h1,Precision,score_v,anchor_margin,25,25,0.995504761904762,0.989180952380952,0.00632380952380952,0.00380952380952393,0.64857703867275,0.00410204904044822,0.78,0.68,0.0410204904044822,1
DTLZ2,20,"S2_(0.25,0.50]",front_h1,AUC,score_hybrid,score_v,25,25,0.70909464841671,0.754859977906296,-0.0457653294895856,-0.0364959114959115,-5.61028251197166,0.00143028323560228,0.2,-0.729230769230769,0.00858169941361371,1
DTLZ2,20,"S2_(0.25,0.50]",front_h1,AUC,score_hybrid,anchor_margin,25,25,0.70909464841671,0.645726114491467,0.063368533925243,0.061967818112808,16.0052208636791,0.000890537644222049,0.8,0.76,0.00712430115377639,1
DTLZ2,20,"S2_(0.25,0.50]",front_h1,AUC,score_v,anchor_margin,25,25,0.754859977906296,0.645726114491467,0.109133863414829,0.10571275155161,28.3048135718106,0.000545135029590116,0.76,0.790769230769231,0.00490621526631105,1
DTLZ2,20,"S2_(0.25,0.50]",front_h1,Lift,score_hybrid,score_v,25,25,1.02076348591832,1.02184640265288,-0.00108291673455406,0,-0.104956997768654,0.0244140625,0.32,-0.757575757575758,0.1953125,0
DTLZ2,20,"S2_(0.25,0.50]",front_h1,Lift,score_hybrid,anchor_margin,25,25,1.02076348591832,1.0143108542011,0.00645263171721981,0.00392734413352969,0.62593839452707,0.00580748085078796,0.76,0.627692307692308,0.0522673276570916,0
DTLZ2,20,"S2_(0.25,0.50]",front_h1,Lift,score_v,anchor_margin,25,25,1.02184640265288,1.0143108542011,0.00753554845177388,0.00426886489520961,0.732677504469486,0.00355824591227051,0.8,0.670769230769231,0.0355824591227051,1
DTLZ2,20,"S2_(0.25,0.50]",front_h3,Precision,score_hybrid,score_v,25,25,0.985066666666667,0.987276190476191,-0.00220952380952378,-0.00190476190476185,-0.224064202996102,0.0218325167222277,0.26,-0.639705882352941,0.174660133777822,0
DTLZ2,20,"S2_(0.25,0.50]",front_h3,Precision,score_hybrid,anchor_margin,25,25,0.985066666666667,0.973866666666667,0.0112,0.00952380952380971,1.17380890300638,0.00203817694716873,0.76,0.716923076923077,0.0183435925245186,1
DTLZ2,20,"S2_(0.25,0.50]",front_h3,Precision,score_v,anchor_margin,25,25,0.987276190476191,0.973866666666667,0.0134095238095238,0.0114285714285716,1.40761600415762,0.00178735780776564,0.8,0.72,0.0178735780776564,1
DTLZ2,20,"S2_(0.25,0.50]",front_h3,AUC,score_hybrid,score_v,25,25,0.705030444183168,0.750486357236421,-0.045455913053253,-0.0346846663729665,-5.75474937778888,0.000545135029590116,0.16,-0.790769230769231,0.00272567514795058,1
DTLZ2,20,"S2_(0.25,0.50]",front_h3,AUC,score_hybrid,anchor_margin,25,25,0.705030444183168,0.645778460531536,0.0592519836516324,0.0581553310283288,11.2671132400439,0.000215854164499942,0.84,0.846153846153846,0.00142644921693058,1
DTLZ2,20,"S2_(0.25,0.50]",front_h3,AUC,score_v,anchor_margin,25,25,0.750486357236421,0.645778460531536,0.104707896704885,0.0830243541270785,20.0593548826695,0.000156563328557186,0.8,0.864615384615385,0.00126428731496241,1
DTLZ2,20,"S2_(0.25,0.50]",front_h3,Lift,score_hybrid,score_v,25,25,1.03777209444768,1.04045014977911,-0.00267805533143491,-0.00202634245187427,-0.253061912062253,0.0168220406728756,0.24,-0.660130718954248,0.134576325383005,0
DTLZ2,20,"S2_(0.25,0.50]",front_h3,Lift,score_hybrid,anchor_margin,25,25,1.03777209444768,1.02477984502265,0.0129922494250213,0.0108611262495177,1.26668393146839,0.00269872675230704,0.76,0.686153846153846,0.0242885407707633,1
DTLZ2,20,"S2_(0.25,0.50]",front_h3,Lift,score_v,anchor_margin,25,25,1.04045014977911,1.02477984502265,0.0156703047564562,0.0131840066211786,1.53125155762069,0.00225861399572074,0.8,0.698461538461538,0.0225861399572074,1
DTLZ2,20,"S2_(0.25,0.50]",population_final,Precision,score_hybrid,score_v,25,25,0.170285714285714,0.160914285714286,0.00937142857142857,0.00952380952380953,6.09405784768696,0.0553517834299883,0.74,0.473333333333333,0.20263671875,0
DTLZ2,20,"S2_(0.25,0.50]",population_final,Precision,score_hybrid,anchor_margin,25,25,0.170285714285714,0.120228571428571,0.0500571428571429,0.0419047619047619,72.397930612399,0.000572665943313815,0.76,0.787692307692308,0.00687199131976578,1
DTLZ2,20,"S2_(0.25,0.50]",population_final,Precision,score_v,anchor_margin,25,25,0.160914285714286,0.120228571428571,0.0406857142857143,0.04,66.8185334771104,0.00281662717089977,0.76,0.68,0.0281662717089977,1
DTLZ2,20,"S2_(0.25,0.50]",population_final,AUC,score_hybrid,score_v,25,25,0.6469789551118,0.609123689784614,0.0378552653271869,0.0356036710029615,6.74917701359662,0.000215854164499942,0.92,0.846153846153846,0.00237439580949937,1
DTLZ2,20,"S2_(0.25,0.50]",population_final,AUC,score_hybrid,anchor_margin,25,25,0.6469789551118,0.59084671076896,0.0561322443428407,0.0448708402287424,9.58402000764235,0.000156563328557186,0.84,0.864615384615385,0.00187875994268624,1
DTLZ2,20,"S2_(0.25,0.50]",population_final,AUC,score_v,anchor_margin,25,25,0.609123689784614,0.59084671076896,0.0182769790156538,0.00587006300287385,3.28897303511393,0.264149634063862,0.56,0.255384615384615,1,0
DTLZ2,20,"S2_(0.25,0.50]",population_final,Lift,score_hybrid,score_v,25,25,1.50882468438763,1.43597181522828,0.0728528691593518,0.139119377354672,7.1508863832269,0.0450095794058843,0.72,0.458461538461538,0.180038317623537,0
DTLZ2,20,"S2_(0.25,0.50]",population_final,Lift,score_hybrid,anchor_margin,25,25,1.50882468438763,1.00086642683759,0.507958257550038,0.465079365079365,78.4981023993533,0.000493158672096644,0.8,0.796923076923077,0.00542474539306308,1
DTLZ2,20,"S2_(0.25,0.50]",population_final,Lift,score_v,anchor_margin,25,25,1.43597181522828,1.00086642683759,0.435105388390686,0.439866148888705,69.4887459331991,0.00206416568518245,0.8,0.704615384615385,0.0206416568518245,1
DTLZ2,20,"S2_(0.25,0.50]",population_h1,Precision,score_hybrid,score_v,25,25,0.966095238095238,0.9632,0.00289523809523812,0.00380952380952393,0.307415333020893,0.14750237123488,0.64,0.316923076923077,0.29500474246976,0
DTLZ2,20,"S2_(0.25,0.50]",population_h1,Precision,score_hybrid,anchor_margin,25,25,0.966095238095238,0.928304761904762,0.0377904761904762,0.0361904761904762,4.09189822481102,1.22236228425857e-05,1,1,0.000142473534712612,1
DTLZ2,20,"S2_(0.25,0.50]",population_h1,Precision,score_v,anchor_margin,25,25,0.9632,0.928304761904762,0.0348952380952381,0.0342857142857143,3.78374667635975,1.37616022732238e-05,0.96,0.993846153846154,0.000142473534712612,1
DTLZ2,20,"S2_(0.25,0.50]",population_h1,AUC,score_hybrid,score_v,25,25,0.655487624073215,0.641016882615282,0.0144707414579331,0.01753139782797,2.42659231669429,0.00804129920001059,0.68,0.606153846153846,0.0482477952000635,1
DTLZ2,20,"S2_(0.25,0.50]",population_h1,AUC,score_hybrid,anchor_margin,25,25,0.655487624073215,0.594237602749849,0.0612500213233663,0.0617615647429339,10.3412580216971,1.22903222102484e-05,1,1,0.000147483866522981,1
DTLZ2,20,"S2_(0.25,0.50]",population_h1,AUC,score_v,anchor_margin,25,25,0.641016882615282,0.594237602749849,0.0467792798654331,0.0414769607229617,7.9658615794304,0.000125955718527785,0.92,0.876923076923077,0.00113360146675006,1
DTLZ2,20,"S2_(0.25,0.50]",population_h1,Lift,score_hybrid,score_v,25,25,1.04218637019698,1.03903849221751,0.00314787797946996,0.00472486400189309,0.309477881860773,0.15776958356673,0.6,0.323076923076923,0.31553916713346,0
DTLZ2,20,"S2_(0.25,0.50]",population_h1,Lift,score_hybrid,anchor_margin,25,25,1.04218637019698,1.00052846404852,0.0416579061484574,0.0395445272911412,4.17766312468502,1.22903222102484e-05,1,1,0.000147483866522981,1
DTLZ2,20,"S2_(0.25,0.50]",population_h1,Lift,score_v,anchor_margin,25,25,1.03903849221751,1.00052846404852,0.0385100281689875,0.0364333540823898,3.86745535750097,1.389801409379e-05,0.96,0.993846153846154,0.000147483866522981,1
DTLZ2,20,"S2_(0.25,0.50]",population_h3,Precision,score_hybrid,score_v,25,25,0.904380952380953,0.902247619047619,0.00213333333333336,0.00380952380952393,0.269482279729685,0.426857118579872,0.6,0.184615384615385,0.426857118579872,0
DTLZ2,20,"S2_(0.25,0.50]",population_h3,Precision,score_hybrid,anchor_margin,25,25,0.904380952380953,0.819885714285714,0.0844952380952382,0.08,10.4328235855327,1.22458235221836e-05,1,1,0.000143647618771496,1
DTLZ2,20,"S2_(0.25,0.50]",population_h3,Precision,score_v,anchor_margin,25,25,0.902247619047619,0.819885714285714,0.0823619047619048,0.0780952380952382,10.2021026017788,1.22458235221836e-05,1,1,0.000143647618771496,1
DTLZ2,20,"S2_(0.25,0.50]",population_h3,AUC,score_hybrid,score_v,25,25,0.655230905125663,0.640900722226248,0.0143301828994148,0.0202361328563881,2.39505612097076,0.0138171436831923,0.68,0.563076923076923,0.0967200057823459,0
DTLZ2,20,"S2_(0.25,0.50]",population_h3,AUC,score_hybrid,anchor_margin,25,25,0.655230905125663,0.59181055357037,0.0634203515552934,0.0629061719060836,10.8100152257525,1.22903222102484e-05,1,1,0.000147483866522981,1
DTLZ2,20,"S2_(0.25,0.50]",population_h3,AUC,score_v,anchor_margin,25,25,0.640900722226248,0.59181055357037,0.0490901686558786,0.0431077119987429,8.46036959613975,8.08512999935919e-05,0.88,0.901538461538462,0.000727661699942327,1
DTLZ2,20,"S2_(0.25,0.50]",population_h3,Lift,score_hybrid,score_v,25,25,1.10311874324355,1.1009997261986,0.00211901704494699,0.00502085728751522,0.230144391498034,0.459336357314789,0.6,0.169230769230769,0.459336357314789,0
DTLZ2,20,"S2_(0.25,0.50]",population_h3,Lift,score_hybrid,anchor_margin,25,25,1.10311874324355,0.999307699861118,0.103811043382428,0.100192485138602,10.4685310866529,1.22903222102484e-05,1,1,0.000147483866522981,1
DTLZ2,20,"S2_(0.25,0.50]",population_h3,Lift,score_v,anchor_margin,25,25,1.1009997261986,0.999307699861118,0.101692026337481,0.096362697098745,10.2824836380376,1.22903222102484e-05,1,1,0.000147483866522981,1
DTLZ2,20,"S3_(0.50,0.75]",front_final,Precision,score_hybrid,score_v,25,25,0.9564,0.9568,-0.00039999999999996,-0.002,0.0514777387113753,0.41438372837932,0.38,-0.186666666666667,1,0
DTLZ2,20,"S3_(0.50,0.75]",front_final,Precision,score_hybrid,anchor_margin,25,25,0.9564,0.91752,0.03888,0.0379999999999997,4.47938418399424,0.000784600519016148,0.86,0.783333333333333,0.00627680415212918,1
DTLZ2,20,"S3_(0.50,0.75]",front_final,Precision,score_v,anchor_margin,25,25,0.9568,0.91752,0.0392799999999999,0.0419999999999998,4.52739082574537,0.00389978708581388,0.86,0.673333333333333,0.0233987225148833,1
DTLZ2,20,"S3_(0.50,0.75]",front_final,AUC,score_hybrid,score_v,25,25,0.703938792960442,0.749217069553645,-0.0452782765932031,-0.0376637911787815,-5.71787500527898,0.00040277492946398,0.24,-0.809230769230769,0.00241664957678388,1
DTLZ2,20,"S3_(0.50,0.75]",front_final,AUC,score_hybrid,anchor_margin,25,25,0.703938792960442,0.633413867001324,0.0705249259591182,0.0761429108559395,11.7779435595101,3.22287733545754e-05,0.96,0.950769230769231,0.000322287733545754,1
DTLZ2,20,"S3_(0.50,0.75]",front_final,AUC,score_v,anchor_margin,25,25,0.749217069553645,0.633413867001324,0.115803202552321,0.117796631261408,19.6496248817204,3.62430511828126e-05,0.96,0.944615384615385,0.000322287733545754,1
DTLZ2,20,"S3_(0.50,0.75]",front_final,Lift,score_hybrid,score_v,25,25,1.12425012772234,1.12456931387387,-0.000319186151529349,-0.00224719101123605,0.0536249776057963,0.492871229012715,0.38,-0.16,1,0
DTLZ2,20,"S3_(0.50,0.75]",front_final,Lift,score_hybrid,anchor_margin,25,25,1.12425012772234,1.07613664370741,0.048113484014926,0.0419344826439501,4.5412448075642,0.000747794274304567,0.86,0.786666666666667,0.00598235419443654,1
DTLZ2,20,"S3_(0.50,0.75]",front_final,Lift,score_v,anchor_margin,25,25,1.12456931387387,1.07613664370741,0.0484326701664554,0.0536505373033602,4.5897193733548,0.00390526507365184,0.86,0.673333333333333,0.0245494184424073,1
DTLZ2,20,"S3_(0.50,0.75]",front_h1,Precision,score_hybrid,score_v,25,25,0.99736,0.99752,-0.000159999999999996,0,-0.0156770327246621,0.65625,0.42,-0.163636363636364,1,0
DTLZ2,20,"S3_(0.50,0.75]",front_h1,Precision,score_hybrid,anchor_margin,25,25,0.99736,0.99696,0.000399999999999991,0,0.0408735736817858,0.4468994140625,0.54,0.242647058823529,1,0
DTLZ2,20,"S3_(0.50,0.75]",front_h1,Precision,score_v,anchor_margin,25,25,0.99752,0.99696,0.000559999999999987,0,0.05693809373822,0.417985343741447,0.58,0.242647058823529,1,0
DTLZ2,20,"S3_(0.50,0.75]",front_h1,AUC,score_hybrid,score_v,25,25,0.713930390209881,0.744801482650618,-0.0308710924407375,-0.0256059165907817,-4.27473668734494,0.0199414406198738,0.28,-0.532307692307692,0.0797657624794954,0
DTLZ2,20,"S3_(0.50,0.75]",front_h1,AUC,score_hybrid,anchor_margin,25,25,0.713930390209881,0.659451860536013,0.0544785296738679,0.0488586156111929,9.83047681330098,0.0015692533679153,0.76,0.723076923076923,0.00858169941361371,1
DTLZ2,20,"S3_(0.50,0.75]",front_h1,AUC,score_v,anchor_margin,25,25,0.744801482650618,0.659451860536013,0.0853496221146054,0.0782828282828283,16.2867718668053,0.00112539778705037,0.8,0.747692307692308,0.00787778450935261,1
DTLZ2,20,"S3_(0.50,0.75]",front_h1,Lift,score_hybrid,score_v,25,25,1.00308872089892,1.00323579688757,-0.000147075988646361,0,-0.0143311524945359,0.826171875,0.42,-0.127272727272727,1,0
DTLZ2,20,"S3_(0.50,0.75]",front_h1,Lift,score_hybrid,anchor_margin,25,25,1.00308872089892,1.0026558075302,0.000432913368727141,0,0.0439378604677452,0.393967614611214,0.56,0.228758169934641,1,0
DTLZ2,20,"S3_(0.50,0.75]",front_h1,Lift,score_v,anchor_margin,25,25,1.00323579688757,1.0026558075302,0.000579989357373503,0,0.0586848482349369,0.534788658562641,0.58,0.176470588235294,1,0
DTLZ2,20,"S3_(0.50,0.75]",front_h3,Precision,score_hybrid,score_v,25,25,0.99296,0.99328,-0.000319999999999996,0,-0.0301001803433657,0.642578125,0.42,-0.163636363636364,1,0
DTLZ2,20,"S3_(0.50,0.75]",front_h3,Precision,score_hybrid,anchor_margin,25,25,0.99296,0.99192,0.00104,0.002,0.107982132315672,0.159433790956955,0.7,0.361904761904762,0.956602745741731,0
DTLZ2,20,"S3_(0.50,0.75]",front_h3,Precision,score_v,anchor_margin,25,25,0.99328,0.99192,0.00135999999999999,0.002,0.13998229316192,0.261847783145627,0.7,0.29047619047619,1,0
DTLZ2,20,"S3_(0.50,0.75]",front_h3,AUC,score_hybrid,score_v,25,25,0.699900110493624,0.741110551527802,-0.0412104410341786,-0.0426027870464877,-5.63022724083482,0.00143028323560228,0.16,-0.729230769230769,0.00521095135518275,1
DTLZ2,20,"S3_(0.50,0.75]",front_h3,AUC,score_hybrid,anchor_margin,25,25,0.699900110493624,0.638180040739856,0.0617200697537677,0.0713935303773301,9.8084565273336,0.000140476368329157,0.88,0.870769230769231,0.00126428731496241,1
DTLZ2,20,"S3_(0.50,0.75]",front_h3,AUC,score_v,anchor_margin,25,25,0.741110551527802,0.638180040739856,0.102930510787946,0.114464582515861,17.195754720799,0.000112858360104892,0.84,0.883076923076923,0.00112858360104892,1
DTLZ2,20,"S3_(0.50,0.75]",front_h3,Lift,score_hybrid,score_v,25,25,1.00941391309689,1.00973876141447,-0.00032484831758163,0,-0.0304017959539186,0.6953125,0.42,-0.163636363636364,1,0
DTLZ2,20,"S3_(0.50,0.75]",front_h3,Lift,score_hybrid,anchor_margin,25,25,1.00941391309689,1.00836216255594,0.00105175054095174,0.00202020202020203,0.108598051044322,0.122946091346939,0.74,0.375494071146245,0.860622639428573,0
DTLZ2,20,"S3_(0.50,0.75]",front_h3,Lift,score_v,anchor_margin,25,25,1.00973876141447,1.00836216255594,0.00137659885853337,0.00204081632653064,0.141010631981163,0.204530234118496,0.72,0.316017316017316,0.860622639428573,0
DTLZ2,20,"S3_(0.50,0.75]",population_final,Precision,score_hybrid,score_v,25,25,0.31464,0.32432,-0.00968000000000001,-0.0140000000000001,-1.61757326455946,0.389054650333957,0.4,-0.190769230769231,0.389054650333957,0
DTLZ2,20,"S3_(0.50,0.75]",population_final,Precision,score_hybrid,anchor_margin,25,25,0.31464,0.2612,0.05344,0.0340000000000001,26.5901367439027,0.00096510918917304,0.84,0.76,0.0106162010809034,1
DTLZ2,20,"S3_(0.50,0.75]",population_final,Precision,score_v,anchor_margin,25,25,0.32432,0.2612,0.06312,0.0699999999999999,32.5822674212314,0.00492498861369626,0.76,0.643076923076923,0.0393999089095701,1
DTLZ2,20,"S3_(0.50,0.75]",population_final,AUC,score_hybrid,score_v,25,25,0.555245302235521,0.533497586301432,0.0217477159340885,0.0362426099328732,4.6852603485445,0.0229879988075961,0.68,0.52,0.183903990460768,0
DTLZ2,20,"S3_(0.50,0.75]",population_final,AUC,score_hybrid,anchor_margin,25,25,0.555245302235521,0.53139928844056,0.0238460137949611,0.0232376453091034,4.67969940610557,0.0346699352823068,0.6,0.483076923076923,0.208019611693841,0
DTLZ2,20,"S3_(0.50,0.75]",population_final,AUC,score_v,anchor_margin,25,25,0.533497586301432,0.53139928844056,0.00209829786087261,-0.000276021001663018,0.907246513135156,0.989266019065271,0.48,0.00307692307692308,1,0
DTLZ2,20,"S3_(0.50,0.75]",population_final,Lift,score_hybrid,score_v,25,25,1.02621288780202,1.06079529102661,-0.0345824032245916,-0.0350323859147389,-1.06754233404982,0.339478908072948,0.44,-0.218461538461538,0.678957816145897,0
DTLZ2,20,"S3_(0.50,0.75]",population_final,Lift,score_hybrid,anchor_margin,25,25,1.02621288780202,0.827003543609933,0.199209344192088,0.149268205240341,29.5055831959583,0.000363626232645168,0.8,0.815384615384615,0.00436351479174201,1
DTLZ2,20,"S3_(0.50,0.75]",population_final,Lift,score_v,anchor_margin,25,25,1.06079529102661,0.827003543609933,0.23379174741668,0.212202468259852,35.4259374122518,0.0024697142925472,0.76,0.692307692307692,0.0222274286329248,1
DTLZ2,20,"S3_(0.50,0.75]",population_h1,Precision,score_hybrid,score_v,25,25,0.93864,0.94304,-0.00439999999999996,-0.00399999999999967,-0.464374693337483,0.0797383686319176,0.38,-0.393333333333333,0.239215105895753,0
DTLZ2,20,"S3_(0.50,0.75]",population_h1,Precision,score_hybrid,anchor_margin,25,25,0.93864,0.91768,0.02096,0.0239999999999999,2.29033886711032,1.79304026833033e-05,1,1,0.000161373624149729,1
DTLZ2,20,"S3_(0.50,0.75]",population_h1,Precision,score_v,anchor_margin,25,25,0.94304,0.91768,0.02536,0.0259999999999998,2.7726638944188,1.18727945593843e-05,1,1,0.000142473534712612,1
DTLZ2,20,"S3_(0.50,0.75]",population_h1,AUC,score_hybrid,score_v,25,25,0.544252103060086,0.528877454966163,0.015374648093923,0.0127324009695564,3.05269734265817,0.0395537900122909,0.68,0.470769230769231,0.173349676411534,0
DTLZ2,20,"S3_(0.50,0.75]",population_h1,AUC,score_hybrid,anchor_margin,25,25,0.544252103060086,0.524667164853598,0.0195849382064877,0.0129073720409716,3.80830066254262,0.00040277492946398,0.84,0.809230769230769,0.00322219943571184,1
DTLZ2,20,"S3_(0.50,0.75]",population_h1,AUC,score_v,anchor_margin,25,25,0.528877454966163,0.524667164853598,0.00421029011256477,0.00942016683649571,1.09762335004701,0.353257960747509,0.68,0.212307692307692,0.353257960747509,0
DTLZ2,20,"S3_(0.50,0.75]",population_h1,Lift,score_hybrid,score_v,25,25,1.01030505709341,1.01562477419432,-0.00531971710090864,-0.00603776720858951,-0.519316271823919,0.097490596202208,0.38,-0.386666666666667,0.292471788606624,0
DTLZ2,20,"S3_(0.50,0.75]",population_h1,Lift,score_hybrid,anchor_margin,25,25,1.01030505709341,0.986312894150432,0.0239921629429758,0.0265592641963499,2.43521881936744,1.389801409379e-05,0.96,0.993846153846154,0.000147483866522981,1
DTLZ2,20,"S3_(0.50,0.75]",population_h1,Lift,score_v,anchor_margin,25,25,1.01562477419432,0.986312894150432,0.0293118800438845,0.0280303127920474,2.97628442079578,1.22903222102484e-05,1,1,0.000147483866522981,1
DTLZ2,20,"S3_(0.50,0.75]",population_h3,Precision,score_hybrid,score_v,25,25,0.8432,0.85624,-0.01304,-0.012,-1.49621450185898,0.016329314995581,0.34,-0.566666666666667,0.0653172599823238,0
DTLZ2,20,"S3_(0.50,0.75]",population_h3,Precision,score_hybrid,anchor_margin,25,25,0.8432,0.7976,0.0456,0.0479999999999999,5.75656906698275,1.21572150476427e-05,1,1,0.000143647618771496,1
DTLZ2,20,"S3_(0.50,0.75]",population_h3,Precision,score_v,anchor_margin,25,25,0.85624,0.7976,0.05864,0.0660000000000001,7.40457226829465,1.22236228425857e-05,1,1,0.000143647618771496,1
DTLZ2,20,"S3_(0.50,0.75]",population_h3,AUC,score_hybrid,score_v,25,25,0.550905355935889,0.541555930634421,0.00934942530146738,0.0205509157858429,1.92557907500499,0.121827699998635,0.64,0.353846153846154,0.577374438800635,0
DTLZ2,20,"S3_(0.50,0.75]",population_h3,AUC,score_hybrid,anchor_margin,25,25,0.550905355935889,0.531205528514668,0.0196998274212206,0.0240529104816731,3.72325117485636,0.000808376714536398,0.72,0.766153846153846,0.00646701371629119,1
DTLZ2,20,"S3_(0.50,0.75]",population_h3,AUC,score_v,anchor_margin,25,25,0.541555930634421,0.531205528514668,0.0103504021197532,0.0108995339160357,2.01792121437666,0.115474887760127,0.68,0.36,0.577374438800635,0
DTLZ2,20,"S3_(0.50,0.75]",population_h3,Lift,score_hybrid,score_v,25,25,1.02247750879109,1.03877215423247,-0.01629464544138,-0.0177074540351303,-1.53540594289441,0.0172534502587572,0.36,-0.544615384615385,0.0517603507762717,0
DTLZ2,20,"S3_(0.50,0.75]",population_h3,Lift,score_hybrid,anchor_margin,25,25,1.02247750879109,0.964849690560843,0.0576278182302428,0.0648075058331024,6.00650178444378,1.22903222102484e-05,1,1,0.000147483866522981,1
DTLZ2,20,"S3_(0.50,0.75]",population_h3,Lift,score_v,anchor_margin,25,25,1.03877215423247,0.964849690560843,0.0739224636716228,0.0789699679817375,7.70608891641761,1.22903222102484e-05,1,1,0.000147483866522981,1
DTLZ2,20,"S4_(0.75,1.00]",front_final,Precision,score_hybrid,score_v,25,25,0.990933333333333,0.990552380952381,0.000380952380952357,0,0.0470396156335841,0.87744140625,0.48,0.032967032967033,1,0
DTLZ2,20,"S4_(0.75,1.00]",front_final,Precision,score_hybrid,anchor_margin,25,25,0.990933333333333,0.987657142857143,0.00327619047619046,0.00190476190476185,0.350416152518904,0.275693986706704,0.58,0.260869565217391,1,0
DTLZ2,20,"S4_(0.75,1.00]",front_final,Precision,score_v,anchor_margin,25,25,0.990552380952381,0.987657142857143,0.00289523809523811,0,0.314486642663873,0.406750946102455,0.54,0.197628458498024,1,0
DTLZ2,20,"S4_(0.75,1.00]",front_final,AUC,score_hybrid,score_v,25,25,0.718470574406082,0.724592148647035,-0.00612157424095303,-0.0196765154989645,-0.766534470210581,0.326049462728915,0.36,-0.224615384615385,0.575724441067158,0
DTLZ2,20,"S4_(0.75,1.00]",front_final,AUC,score_hybrid,anchor_margin,25,25,0.718470574406082,0.68252825084728,0.0359423235588019,0.0206555893161311,6.28082733878245,0.0693371612744929,0.64,0.415384615384615,0.277348645097972,0
DTLZ2,20,"S4_(0.75,1.00]",front_final,AUC,score_v,anchor_margin,25,25,0.724592148647035,0.68252825084728,0.0420638977997549,0.0300018369184619,8.18145768132795,0.150003310099365,0.64,0.329230769230769,0.450009930298094,0
DTLZ2,20,"S4_(0.75,1.00]",front_final,Lift,score_hybrid,score_v,25,25,1.0305258799558,1.0299841671381,0.000541712817703797,0,0.0504654157596429,0.786865234375,0.48,0.0989010989010989,1,0
DTLZ2,20,"S4_(0.75,1.00]",front_final,Lift,score_hybrid,anchor_margin,25,25,1.0305258799558,1.02691168189484,0.00361419806096049,0.00194191151637968,0.364100966338763,0.249071927831904,0.58,0.280632411067194,1,0
DTLZ2,20,"S4_(0.75,1.00]",front_final,Lift,score_v,anchor_margin,25,25,1.0299841671381,1.02691168189484,0.00307248524325669,0,0.325298267297467,0.38957056257406,0.54,0.209486166007905,1,0
DTLZ2,20,"S4_(0.75,1.00]",front_h1,Precision,score_hybrid,score_v,25,25,0.99888,0.99912,-0.000239999999999987,0,-0.0240160320641269,0.5,0.46,-0.4,1,0
DTLZ2,20,"S4_(0.75,1.00]",front_h1,Precision,score_hybrid,anchor_margin,25,25,0.99888,0.99864,0.000239999999999996,0,0.0242897399914383,0.47900390625,0.52,0.263736263736264,1,0
DTLZ2,20,"S4_(0.75,1.00]",front_h1,Precision,score_v,anchor_margin,25,25,0.99912,0.99864,0.000479999999999983,0,0.0484669328276859,0.44140625,0.54,0.2,1,0
DTLZ2,20,"S4_(0.75,1.00]",front_h1,AUC,score_hybrid,score_v,25,25,0.713507577693973,0.738799100514656,-0.0252915228206826,-0.0305958619492452,-2.94981870668233,0.113746038253197,0.34,-0.373333333333333,0.135028738217653,0
DTLZ2,20,"S4_(0.75,1.00]",front_h1,AUC,score_hybrid,anchor_margin,25,25,0.713507577693973,0.659699315914572,0.0538082617794012,0.0323438466295608,10.3352272136778,0.0543741164130669,0.64,0.44,0.135028738217653,0
DTLZ2,20,"S4_(0.75,1.00]",front_h1,AUC,score_v,anchor_margin,25,25,0.738799100514656,0.659699315914572,0.0790997846000837,0.0687137330754352,15.9727395550212,0.0450095794058843,0.6,0.458461538461538,0.135028738217653,0
DTLZ2,20,"S4_(0.75,1.00]",front_h1,Lift,score_hybrid,score_v,25,25,1.00232996835626,1.00258471003036,-0.000254741674096524,0,-0.0252660417913828,0.375,0.46,-0.8,1,0
DTLZ2,20,"S4_(0.75,1.00]",front_h1,Lift,score_hybrid,anchor_margin,25,25,1.00232996835626,1.00206028464585,0.000269683710413173,0,0.0270434315048607,0.3912353515625,0.54,0.304761904761905,1,0
DTLZ2,20,"S4_(0.75,1.00]",front_h1,Lift,score_v,anchor_margin,25,25,1.00258471003036,1.00206028464585,0.000524425384509697,0,0.0524849925572758,0.226879616254351,0.58,0.375,1,0
DTLZ2,20,"S4_(0.75,1.00]",front_h3,Precision,score_hybrid,score_v,25,25,0.997511111111111,0.997955555555555,-0.000444444444444456,0,-0.0444843043369236,0.75,0.48,-0.666666666666667,1,0
DTLZ2,20,"S4_(0.75,1.00]",front_h3,Precision,score_hybrid,anchor_margin,25,25,0.997511111111111,0.996711111111111,0.000799999999999974,0,0.0809374083886766,0.27734375,0.62,0.285714285714286,1,0
DTLZ2,20,"S4_(0.75,1.00]",front_h3,Precision,score_v,anchor_margin,25,25,0.997955555555555,0.996711111111111,0.00124444444444443,0,0.126184010407035,0.23114013671875,0.6,0.358333333333333,1,0
DTLZ2,20,"S4_(0.75,1.00]",front_h3,AUC,score_hybrid,score_v,25,25,0.742242769150078,0.772919824330286,-0.0306770551802079,-0.0304146171411502,-3.93210859683216,0.0614796009729086,0.4,-0.427692307692308,0.0614796009729086,0
DTLZ2,20,"S4_(0.75,1.00]",front_h3,AUC,score_hybrid,anchor_margin,25,25,0.742242769150078,0.674928211893012,0.0673145572570653,0.0630983727449117,10.6255398230694,0.00130273783879569,0.72,0.735384615384615,0.00521095135518275,1
DTLZ2,20,"S4_(0.75,1.00]",front_h3,AUC,score_v,anchor_margin,25,25,0.772919824330286,0.674928211893012,0.0979916124372732,0.0955653739158893,16.5947958893694,0.00225861399572074,0.76,0.698461538461538,0.00521095135518275,1
DTLZ2,20,"S4_(0.75,1.00]",front_h3,Lift,score_hybrid,score_v,25,25,1.00734127027254,1.0078183791063,-0.00047710883376479,0,-0.0464503160081282,0.625,0.46,-0.4,1,0
DTLZ2,20,"S4_(0.75,1.00]",front_h3,Lift,score_hybrid,anchor_margin,25,25,1.00734127027254,1.00647817129771,0.000863098974833663,0,0.0859254984413858,0.140429712028515,0.66,0.419117647058824,0.860622639428573,0
DTLZ2,20,"S4_(0.75,1.00]",front_h3,Lift,score_v,anchor_margin,25,25,1.0078183791063,1.00647817129771,0.00134020780859845,0,0.133227150060341,0.141965730922947,0.64,0.411764705882353,0.860622639428573,0
DTLZ2,20,"S4_(0.75,1.00]",population_final,Precision,score_hybrid,score_v,25,25,0.653257142857143,0.669333333333333,-0.0160761904761905,-0.0114285714285716,-2.22202130039432,0.157675550980904,0.4,-0.326153846153846,0.315351101961808,0
DTLZ2,20,"S4_(0.75,1.00]",population_final,Precision,score_hybrid,anchor_margin,25,25,0.653257142857143,0.617523809523809,0.0357333333333333,0.0438095238095237,6.61059912149746,0.0287875459071204,0.68,0.501538461538461,0.143937729535602,0
DTLZ2,20,"S4_(0.75,1.00]",population_final,Precision,score_v,anchor_margin,25,25,0.669333333333333,0.617523809523809,0.0518095238095238,0.0399999999999999,9.59883336271879,0.0138085615448171,0.68,0.563076923076923,0.0828513692689028,0
DTLZ2,20,"S4_(0.75,1.00]",population_final,AUC,score_hybrid,score_v,25,25,0.524914871449898,0.502035864371459,0.0228790070784387,0.0201577149733676,5.73122208836293,0.0246574711684664,0.64,0.513846153846154,0.183903990460768,0
DTLZ2,20,"S4_(0.75,1.00]",population_final,AUC,score_hybrid,anchor_margin,25,25,0.524914871449898,0.523775319984022,0.00113955146587558,0.00174331698216545,0.2787997993341,0.924970786112991,0.56,0.0215384615384615,1,0
DTLZ2,20,"S4_(0.75,1.00]",population_final,AUC,score_v,anchor_margin,25,25,0.502035864371459,0.523775319984022,-0.0217394556125631,-0.0217962836129369,-4.00168311308796,0.241819658237018,0.4,-0.267692307692308,1,0
DTLZ2,20,"S4_(0.75,1.00]",population_final,Lift,score_hybrid,score_v,25,25,0.992877012860364,1.02105241065107,-0.0281753977907009,-0.0241024188777472,-2.32673465853372,0.15776958356673,0.4,-0.323076923076923,0.47330875070019,0
DTLZ2,20,"S4_(0.75,1.00]",population_final,Lift,score_hybrid,anchor_margin,25,25,0.992877012860364,0.925144240042835,0.0677327728175286,0.0687046856716288,8.25477300706848,0.0109998633239648,0.72,0.581538461538462,0.0659991799437889,0
DTLZ2,20,"S4_(0.75,1.00]",population_final,Lift,score_v,anchor_margin,25,25,1.02105241065107,0.925144240042835,0.0959081706082295,0.0771793648993802,11.5208761174687,0.0118763818875161,0.68,0.575384615384615,0.0659991799437889,0
DTLZ2,20,"S4_(0.75,1.00]",population_h1,Precision,score_hybrid,score_v,25,25,0.9396,0.94544,-0.00583999999999999,-0.00799999999999979,-0.614415032590734,0.007588933000841,0.32,-0.609230769230769,0.030355732003364,1
DTLZ2,20,"S4_(0.75,1.00]",population_h1,Precision,score_hybrid,anchor_margin,25,25,0.9396,0.93224,0.00736,0.0079999999999999,0.803701621280439,0.00482547774334127,0.74,0.656666666666667,0.0241273887167064,1
DTLZ2,20,"S4_(0.75,1.00]",population_h1,Precision,score_v,anchor_margin,25,25,0.94544,0.93224,0.0132,0.0139999999999999,1.44011760186899,0.00347377437110341,0.64,0.692028985507246,0.0208426462266204,1
DTLZ2,20,"S4_(0.75,1.00]",population_h1,AUC,score_hybrid,score_v,25,25,0.502891809858533,0.490881919586066,0.012009890272467,0.00922258655264202,2.86385059936054,0.0693371612744929,0.64,0.415384615384615,0.208011483823479,0
DTLZ2,20,"S4_(0.75,1.00]",population_h1,AUC,score_hybrid,anchor_margin,25,25,0.502891809858533,0.512607226695504,-0.00971541683697133,-0.0133842685956306,-1.68493820468047,0.13534988381758,0.36,-0.341538461538462,0.27069976763516,0
DTLZ2,20,"S4_(0.75,1.00]",population_h1,AUC,score_v,anchor_margin,25,25,0.490881919586066,0.512607226695504,-0.0217253071094384,-0.0183532254778259,-4.02653785186555,0.0346699352823068,0.32,-0.483076923076923,0.173349676411534,0
DTLZ2,20,"S4_(0.75,1.00]",population_h1,Lift,score_hybrid,score_v,25,25,0.996715447361192,1.00318311476718,-0.00646766740598658,-0.0087458112165375,-0.633550625752117,0.00631325969884045,0.32,-0.624615384615385,0.0252530387953618,1
DTLZ2,20,"S4_(0.75,1.00]",population_h1,Lift,score_hybrid,anchor_margin,25,25,0.996715447361192,0.987836088449855,0.00887935891133626,0.00853385602955958,0.905861602685282,0.00382197681506663,0.72,0.661538461538462,0.0210423586649206,1
DTLZ2,20,"S4_(0.75,1.00]",population_h1,Lift,score_v,anchor_margin,25,25,1.00318311476718,0.987836088449855,0.0153470263173228,0.0152630405287237,1.56354758227621,0.00350705977748676,0.68,0.667692307692308,0.0210423586649206,1
DTLZ2,20,"S4_(0.75,1.00]",population_h3,Precision,score_hybrid,score_v,25,25,0.850311111111111,0.862666666666667,-0.0123555555555556,-0.00888888888888906,-1.40025503410243,0.0248027618007416,0.28,-0.529230769230769,0.0653172599823238,0
DTLZ2,20,"S4_(0.75,1.00]",population_h3,Precision,score_hybrid,anchor_margin,25,25,0.850311111111111,0.831911111111111,0.0184,0.02,2.31565679852727,0.00720192616139823,0.68,0.609230769230769,0.0432115569683894,1
DTLZ2,20,"S4_(0.75,1.00]",population_h3,Precision,score_v,anchor_margin,25,25,0.862666666666667,0.831911111111111,0.0307555555555556,0.0133333333333334,3.86864078889575,0.00765766082814656,0.68,0.615384615384615,0.0432115569683894,1
DTLZ2,20,"S4_(0.75,1.00]",population_h3,AUC,score_hybrid,score_v,25,25,0.51263020282935,0.501881893926103,0.0107483089032468,0.00163481889198552,2.72736025767348,0.231167212861145,0.6,0.273846153846154,0.693501638583435,0
DTLZ2,20,"S4_(0.75,1.00]",population_h3,AUC,score_hybrid,anchor_margin,25,25,0.51263020282935,0.510295045853225,0.00233515697612476,-0.00221139982999852,0.505136392407759,0.459336357314789,0.48,0.169230769230769,0.918672714629579,0
DTLZ2,20,"S4_(0.75,1.00]",population_h3,AUC,score_v,anchor_margin,25,25,0.501881893926103,0.510295045853225,-0.00841315192712209,-0.0131555766167191,-1.59811848444286,0.492633499143488,0.44,-0.156923076923077,0.918672714629579,0
DTLZ2,20,"S4_(0.75,1.00]",population_h3,Lift,score_hybrid,score_v,25,25,0.995943082782137,1.01154331145979,-0.0156002286776528,-0.0130372583424228,-1.46196228582872,0.018554892252216,0.24,-0.538461538461538,0.0517603507762717,0
DTLZ2,20,"S4_(0.75,1.00]",population_h3,Lift,score_hybrid,anchor_margin,25,25,0.995943082782137,0.97227199151095,0.0236710912711866,0.0241446886179169,2.48320829612876,0.00581635894578628,0.68,0.630769230769231,0.0348981536747177,1
DTLZ2,20,"S4_(0.75,1.00]",population_h3,Lift,score_v,anchor_margin,25,25,1.01154331145979,0.97227199151095,0.0392713199488395,0.0177195429757016,4.11097793889415,0.00684804750492553,0.68,0.618461538461539,0.0348981536747177,1
DTLZ4,10,"S1_[0,0.25]",front_final,Precision,score_hybrid,score_v,25,25,0.97376,0.97952,-0.00576,-0.00800000000000001,-0.560640760922018,0.0781467067445418,0.34,-0.467836257309941,0.312586826978167,0
DTLZ4,10,"S1_[0,0.25]",front_final,Precision,score_hybrid,anchor_margin,25,25,0.97376,0.96864,0.00512,0,0.581635077440664,0.610362059483439,0.56,0.125541125541126,0.610362059483439,0
DTLZ4,10,"S1_[0,0.25]",front_final,Precision,score_v,anchor_margin,25,25,0.97952,0.96864,0.01088,0.00800000000000001,1.17900130203272,0.0314612035375406,0.7,0.496666666666667,0.188767221225243,0
DTLZ4,10,"S1_[0,0.25]",front_final,AUC,score_hybrid,score_v,25,25,0.386216721753188,0.553002064180565,-0.166785342427377,-0.142438482066728,-23.4816598182223,0.000363626232645168,0.2,-0.815384615384615,0.00436351479174201,1
DTLZ4,10,"S1_[0,0.25]",front_final,AUC,score_hybrid,anchor_margin,25,25,0.386216721753188,0.375894740980486,0.0103219807727025,0.00544864685004431,24.6120133389424,0.657068579934484,0.52,0.101538461538462,1,0
DTLZ4,10,"S1_[0,0.25]",front_final,AUC,score_v,anchor_margin,25,25,0.553002064180565,0.375894740980486,0.177107323200079,0.145692415223665,162.814501860608,0.00206416568518245,0.8,0.704615384615385,0.0165133254814596,1
DTLZ4,10,"S1_[0,0.25]",front_final,Lift,score_hybrid,score_v,25,25,0.996325154664702,1.00216430366622,-0.00583914900151814,-0.00799835085549372,-0.560137095251625,0.121918424011771,0.34,-0.415204678362573,0.404334017952325,0
DTLZ4,10,"S1_[0,0.25]",front_final,Lift,score_hybrid,anchor_margin,25,25,0.996325154664702,0.990588440492607,0.0057367141720951,0.000181097906055583,0.612155023185357,0.337877111437437,0.58,0.233201581027668,0.404334017952325,0
DTLZ4,10,"S1_[0,0.25]",front_final,Lift,score_v,anchor_margin,25,25,1.00216430366622,0.990588440492607,0.0115758631736132,0.00833333333333353,1.20873933495558,0.0138827506236661,0.7,0.586666666666667,0.0832965037419965,0
DTLZ4,10,"S1_[0,0.25]",front_h1,Precision,score_hybrid,score_v,25,25,0.992,0.99264,-0.000640000000000001,0,-0.0584526792855239,0.4970703125,0.44,-0.257575757575758,0.4970703125,0
DTLZ4,10,"S1_[0,0.25]",front_h1,Precision,score_hybrid,anchor_margin,25,25,0.992,0.98528,0.00672000000000001,0,0.707103258885273,0.0474633591742891,0.62,0.508771929824561,0.0949267183485781,0
DTLZ4,10,"S1_[0,0.25]",front_h1,Precision,score_v,anchor_margin,25,25,0.99264,0.98528,0.00736000000000001,0.00800000000000001,0.763597367287374,0.00460502038790161,0.7,0.742690058479532,0.0270533632659199,1
DTLZ4,10,"S1_[0,0.25]",front_h1,AUC,score_hybrid,score_v,25,25,0.500632402868644,0.597455354916423,-0.0968229520477786,-0.0677083333333334,-13.0328514700332,0.0780012793674467,0.32,-0.403076923076923,0.156002558734893,0
DTLZ4,10,"S1_[0,0.25]",front_h1,AUC,score_hybrid,anchor_margin,25,25,0.500632402868644,0.455925595437092,0.0447068074315518,0.0656770833333333,30.8614224659915,0.0303106981372454,0.68,0.495384615384615,0.121242792548982,0
DTLZ4,10,"S1_[0,0.25]",front_h1,AUC,score_v,anchor_margin,25,25,0.597455354916423,0.455925595437092,0.14152975947933,0.0721432189897235,155.959990788939,0.0324276121264537,0.64,0.489230769230769,0.121242792548982,0
DTLZ4,10,"S1_[0,0.25]",front_h1,Lift,score_hybrid,score_v,25,25,1.00510683016505,1.00562768721105,-0.000520857045995817,0,-0.0532911451227013,0.672119140625,0.48,-0.153846153846154,0.672119140625,0
DTLZ4,10,"S1_[0,0.25]",front_h1,Lift,score_hybrid,anchor_margin,25,25,1.00510683016505,0.99782878371887,0.00727804644618083,0,0.738435431049633,0.0113827038612316,0.62,0.684210526315789,0.0549552866416428,0
DTLZ4,10,"S1_[0,0.25]",front_h1,Lift,score_v,anchor_margin,25,25,1.00562768721105,0.99782878371887,0.00779890349217665,0.00833333333333319,0.789585415092788,0.00345479775047594,0.72,0.784210526315789,0.0207287865028556,1
DTLZ4,10,"S1_[0,0.25]",front_h3,Precision,score_hybrid,score_v,25,25,0.98912,0.99136,-0.00224,0,-0.219493432876561,0.12152099609375,0.36,-0.45,0.36456298828125,0
DTLZ4,10,"S1_[0,0.25]",front_h3,Precision,score_hybrid,anchor_margin,25,25,0.98912,0.98336,0.00576,0,0.609800244607113,0.129223620451873,0.58,0.419117647058824,0.36456298828125,0
DTLZ4,10,"S1_[0,0.25]",front_h3,Precision,score_v,anchor_margin,25,25,0.99136,0.98336,0.00800000000000001,0.00800000000000001,0.828908773907522,0.00269979606326019,0.7,0.789473684210526,0.0161987763795611,1
DTLZ4,10,"S1_[0,0.25]",front_h3,AUC,score_hybrid,score_v,25,25,0.446075612370114,0.567737210055222,-0.121661597685108,-0.109775714971936,-18.0143092149273,0.0138171436831923,0.28,-0.563076923076923,0.0967200057823459,0
DTLZ4,10,"S1_[0,0.25]",front_h3,AUC,score_hybrid,anchor_margin,25,25,0.446075612370114,0.416333515939202,0.0297420964309123,0.0312499999999999,27.7211700201429,0.15776958356673,0.64,0.323076923076923,0.320890701411809,0
DTLZ4,10,"S1_[0,0.25]",front_h3,AUC,score_v,anchor_margin,25,25,0.567737210055222,0.416333515939202,0.15140369411602,0.0500637755102041,157.633839937711,0.0148886821786073,0.68,0.556923076923077,0.0967200057823459,0
DTLZ4,10,"S1_[0,0.25]",front_h3,Lift,score_hybrid,score_v,25,25,1.00298699459565,1.00512737955278,-0.00214038495712904,0,-0.214734436856792,0.29583740234375,0.36,-0.325,0.312828026529224,0
DTLZ4,10,"S1_[0,0.25]",front_h3,Lift,score_hybrid,anchor_margin,25,25,1.00298699459565,0.99669247203288,0.00629452256277289,0,0.639996921442813,0.0612857102559372,0.6,0.516339869281046,0.183857130767812,0
DTLZ4,10,"S1_[0,0.25]",front_h3,Lift,score_v,anchor_margin,25,25,1.00512737955278,0.99669247203288,0.00843490751990193,0.00833333333333341,0.854177282378374,0.00248962738949119,0.72,0.805263157894737,0.0149377643369471,1
DTLZ4,10,"S1_[0,0.25]",population_final,Precision,score_hybrid,score_v,25,25,0.1712,0.06208,0.10912,0.112,182.983646255705,1.76840449494894e-05,0.98,1,0.000176840449494894,1
DTLZ4,10,"S1_[0,0.25]",population_final,Precision,score_hybrid,anchor_margin,25,25,0.1712,0.16992,0.00128,-0.00799999999999998,7.98275928361386,0.839756605547529,0.48,-0.0338461538461538,1,0
DTLZ4,10,"S1_[0,0.25]",population_final,Precision,score_v,anchor_margin,25,25,0.06208,0.16992,-0.10784,-0.104,-61.8261598705766,1.37369159621699e-05,0.04,-0.993846153846154,0.000164842991546039,1
DTLZ4,10,"S1_[0,0.25]",population_final,AUC,score_hybrid,score_v,25,25,0.810346261479345,0.426662605558281,0.383683655921064,0.353839934932524,122.916187025172,1.22903222102484e-05,1,1,0.000147483866522981,1
DTLZ4,10,"S1_[0,0.25]",population_final,AUC,score_hybrid,anchor_margin,25,25,0.810346261479345,0.846026484366701,-0.0356802228873561,-0.0281875343925728,-3.89559811761792,0.0578362165685366,0.32,-0.433846153846154,0.115672433137073,0
DTLZ4,10,"S1_[0,0.25]",population_final,AUC,score_v,anchor_margin,25,25,0.426662605558281,0.846026484366701,-0.41936387880842,-0.366666666666667,-49.2314010177202,1.22903222102484e-05,0,-1,0.000147483866522981,1
DTLZ4,10,"S1_[0,0.25]",population_final,Lift,score_hybrid,score_v,25,25,2.52626163379105,0.851433533786475,1.67482810000457,1.70666666666667,195.208913709064,1.8215297148968e-05,0.98,1,0.000177348399029039,1
DTLZ4,10,"S1_[0,0.25]",population_final,Lift,score_hybrid,anchor_margin,25,25,2.52626163379105,2.5584696610579,-0.0322080272668507,-0.133333333333333,7.38537127515395,0.819047010225622,0.48,-0.0492307692307692,1,0
DTLZ4,10,"S1_[0,0.25]",population_final,Lift,score_v,anchor_margin,25,25,0.851433533786475,2.5584696610579,-1.70703612727142,-1.61698432286668,-63.5299639873444,1.38855683730588e-05,0.04,-0.993846153846154,0.000166626820476706,1
DTLZ4,10,"S1_[0,0.25]",population_h1,Precision,score_hybrid,score_v,25,25,0.98816,0.99424,-0.00608000000000001,-0.00800000000000001,-0.608516129032259,0.0139367495216062,0.3,-0.683823529411765,0.0483232548087864,1
DTLZ4,10,"S1_[0,0.25]",population_h1,Precision,score_hybrid,anchor_margin,25,25,0.98816,0.97312,0.01504,0.016,1.55887870532086,0.000122867699212633,0.84,0.948051948051948,0.000860073894488432,1
DTLZ4,10,"S1_[0,0.25]",population_h1,Precision,score_v,anchor_margin,25,25,0.99424,0.97312,0.02112,0.016,2.18797590087522,1.60341593316171e-05,0.98,1,0.000192409911979405,1
DTLZ4,10,"S1_[0,0.25]",population_h1,AUC,score_hybrid,score_v,25,25,0.860497178644125,0.861794791312608,-0.00129761266848326,0.0104830160507651,-0.00405517571620242,0.967805826528675,0.52,-0.00923076923076923,0.967805826528675,0
DTLZ4,10,"S1_[0,0.25]",population_h1,AUC,score_hybrid,anchor_margin,25,25,0.860497178644125,0.808311063023795,0.0521861156203296,0.0543107269503545,6.57271309192054,1.22903222102484e-05,1,1,0.000147483866522981,1
DTLZ4,10,"S1_[0,0.25]",population_h1,AUC,score_v,anchor_margin,25,25,0.861794791312608,0.808311063023795,0.0534837282888128,0.0415345604918267,7.02940618228673,0.000808376714536398,0.84,0.766153846153846,0.00323350685814559,1
DTLZ4,10,"S1_[0,0.25]",population_h1,Lift,score_hybrid,score_v,25,25,1.04546333152059,1.05189275511389,-0.00642942359330034,-0.00815602836879425,-0.609663778806355,0.0246501284920571,0.34,-0.608187134502924,0.0690138010350289,0
DTLZ4,10,"S1_[0,0.25]",population_h1,Lift,score_hybrid,anchor_margin,25,25,1.04546333152059,1.0294951875068,0.0159681440137847,0.0170194102276968,1.56223395041902,0.000111439619170776,0.84,0.965367965367965,0.00078007733419543,1
DTLZ4,10,"S1_[0,0.25]",population_h1,Lift,score_v,anchor_margin,25,25,1.05189275511389,1.0294951875068,0.0223975676070851,0.0170212765957445,2.1926723970201,1.80368186943689e-05,0.98,1,0.000198405005638058,1
DTLZ4,10,"S1_[0,0.25]",population_h3,Precision,score_hybrid,score_v,25,25,0.9648,0.9904,-0.0256,-0.024,-2.57451790910757,0.000120997220056209,0.14,-0.893333333333333,0.000967977760449672,1
DTLZ4,10,"S1_[0,0.25]",population_h3,Precision,score_hybrid,anchor_margin,25,25,0.9648,0.93504,0.02976,0.024,3.26153481286935,0.000155895349967207,0.86,0.961904761904762,0.00109126744977045,1
DTLZ4,10,"S1_[0,0.25]",population_h3,Precision,score_v,anchor_margin,25,25,0.9904,0.93504,0.05536,0.048,6.01466392442452,1.18836338033436e-05,1,1,0.000142603605640123,1
DTLZ4,10,"S1_[0,0.25]",population_h3,AUC,score_hybrid,score_v,25,25,0.89824620842403,0.863535834105577,0.0347103743184533,0.0308892010292491,4.17103570384034,0.00350705977748676,0.76,0.667692307692308,0.0128637283900265,1
DTLZ4,10,"S1_[0,0.25]",population_h3,AUC,score_hybrid,anchor_margin,25,25,0.89824620842403,0.856640055321046,0.041606153102985,0.0379160354531278,4.96125710537107,1.22903222102484e-05,1,1,0.000147483866522981,1
DTLZ4,10,"S1_[0,0.25]",population_h3,AUC,score_v,anchor_margin,25,25,0.863535834105577,0.856640055321046,0.00689577878453166,0.000813008130081116,1.12693823288285,0.637732890050189,0.52,0.107692307692308,0.637732890050189,0
DTLZ4,10,"S1_[0,0.25]",population_h3,Lift,score_hybrid,score_v,25,25,1.15019577717055,1.18049442887096,-0.0302986517004145,-0.0285714285714287,-2.56667279837349,0.000171732828455141,0.14,-0.88,0.00137386262764113,1
DTLZ4,10,"S1_[0,0.25]",population_h3,Lift,score_hybrid,anchor_margin,25,25,1.15019577717055,1.11459243196866,0.0356033452018878,0.0285714285714285,3.26439232009213,0.000173761915418421,0.82,0.91304347826087,0.00137386262764113,1
DTLZ4,10,"S1_[0,0.25]",population_h3,Lift,score_v,anchor_margin,25,25,1.18049442887096,1.11459243196866,0.0659019969023022,0.0571428571428572,6.0088455380214,1.22903222102484e-05,1,1,0.000147483866522981,1
DTLZ4,10,"S2_(0.25,0.50]",front_final,Precision,score_hybrid,score_v,25,25,0.944838095238096,0.954438095238096,-0.0096,-0.00571428571428556,-1.01806034614189,0.005387136438522,0.22,-0.679841897233202,0.048484227946698,1
DTLZ4,10,"S2_(0.25,0.50]",front_final,Precision,score_hybrid,anchor_margin,25,25,0.944838095238096,0.965333333333334,-0.020495238095238,-0.0228571428571424,-1.98440528353109,0.00451731439293806,0.12,-0.649230769230769,0.0451731439293806,1
DTLZ4,10,"S2_(0.25,0.50]",front_final,Precision,score_v,anchor_margin,25,25,0.954438095238096,0.965333333333334,-0.010895238095238,-0.00952380952380949,-0.987441001178547,0.0113450846120001,0.24,-0.578461538461538,0.0794155922840005,0
DTLZ4,10,"S2_(0.25,0.50]",front_final,AUC,score_hybrid,score_v,25,25,0.276374686040831,0.329124200848719,-0.0527495148078884,-0.042147679226874,-12.4429415361228,0.000545135029590116,0.16,-0.790769230769231,0.00599648532549128,1
DTLZ4,10,"S2_(0.25,0.50]",front_final,AUC,score_hybrid,anchor_margin,25,25,0.276374686040831,0.396761629640257,-0.120386943599427,-0.103076790055738,-30.0503702539951,0.000545135029590116,0.2,-0.790769230769231,0.00599648532549128,1
DTLZ4,10,"S2_(0.25,0.50]",front_final,AUC,score_v,anchor_margin,25,25,0.329124200848719,0.396761629640257,-0.0676374287915383,-0.0547197024259727,-16.1688110583133,0.0395537900122909,0.32,-0.470769230769231,0.197768950061455,0
DTLZ4,10,"S2_(0.25,0.50]",front_final,Lift,score_hybrid,score_v,25,25,0.973303771399626,0.983286823258976,-0.00998305185934972,-0.00639941633995167,-1.01819291313125,0.00385952514179012,0.2,-0.688405797101449,0.0385952514179012,1
DTLZ4,10,"S2_(0.25,0.50]",front_final,Lift,score_hybrid,anchor_margin,25,25,0.973303771399626,0.994529179191413,-0.0212254077917861,-0.0235235850636653,-2.0248976490135,0.00453006761786639,0.12,-0.649230769230769,0.0407706085607975,1
DTLZ4,10,"S2_(0.25,0.50]",front_final,Lift,score_v,anchor_margin,25,25,0.983286823258976,0.994529179191413,-0.0112423559324364,-0.00975866537091041,-1.02777483632642,0.0109998633239648,0.24,-0.581538461538462,0.0769990432677537,0
DTLZ4,10,"S2_(0.25,0.50]",front_h1,Precision,score_hybrid,score_v,25,25,0.994209523809524,0.995580952380952,-0.00137142857142855,-0.00190476190476185,-0.13804081664146,0.00178395968723292,0.24,-0.758169934640523,0.0124877178106304,1
DTLZ4,10,"S2_(0.25,0.50]",front_h1,Precision,score_hybrid,anchor_margin,25,25,0.994209523809524,0.998780952380953,-0.0045714285714285,-0.00380952380952371,-0.457915546828764,8.05819403196506e-05,0.1,-1,0.000805819403196506,1
DTLZ4,10,"S2_(0.25,0.50]",front_h1,Precision,score_v,anchor_margin,25,25,0.995580952380952,0.998780952380953,-0.00319999999999995,-0.00190476190476185,-0.320495758315004,0.000482342023051156,0.2,-0.857142857142857,0.00385873618440925,1
DTLZ4,10,"S2_(0.25,0.50]",front_h1,AUC,score_hybrid,score_v,25,24,0.204485294511381,0.267376503645501,-0.0628912091341202,-0.0505050505050505,-4.17052253404349,0.0149661863394141,0.270833333333333,-0.579710144927536,0.0748309316970706,0
DTLZ4,10,"S2_(0.25,0.50]",front_h1,AUC,score_hybrid,anchor_margin,25,24,0.204485294511381,0.410240557108909,-0.205755262597528,-0.182156617723628,-47.0623939752567,6.33424836662399e-05,0.0833333333333333,-0.933333333333333,0.000633424836662399,1
DTLZ4,10,"S2_(0.25,0.50]",front_h1,AUC,score_v,anchor_margin,25,24,0.267376503645501,0.410240557108909,-0.142864053463408,-0.185645110902843,-22.5588024870781,0.00723452730046421,0.208333333333333,-0.626666666666667,0.0506416911032495,0
DTLZ4,10,"S2_(0.25,0.50]",front_h1,Lift,score_hybrid,score_v,25,25,0.996002750901762,0.997388719430587,-0.0013859685288257,-0.00192400192400199,-0.13909407913502,0.00161649991005847,0.24,-0.934640522875817,0.0113154993704093,1
DTLZ4,10,"S2_(0.25,0.50]",front_h1,Lift,score_hybrid,anchor_margin,25,25,0.996002750901762,1.00064007016353,-0.00463731926176705,-0.00384800384800388,-0.463005843715558,5.00586293628624e-05,0.1,-0.984189723320158,0.000519491261261783,1
DTLZ4,10,"S2_(0.25,0.50]",front_h1,Lift,score_v,anchor_margin,25,25,0.997388719430587,1.00064007016353,-0.00325135073294135,-0.00192400192400199,-0.324543178014254,0.000678278417445,0.22,-0.841897233201581,0.00542622733956,1
DTLZ4,10,"S2_(0.25,0.50]",front_h3,Precision,score_hybrid,score_v,25,25,0.988038095238095,0.991161904761905,-0.00312380952380951,-0.00190476190476185,-0.315954144206363,0.000473504152247931,0.2,-0.873684210526316,0.00331452906573551,1
DTLZ4,10,"S2_(0.25,0.50]",front_h3,Precision,score_hybrid,anchor_margin,25,25,0.988038095238095,0.997561904761905,-0.00952380952380948,-0.00571428571428578,-0.954685988312534,5.80538665141922e-05,0.08,-1,0.000580538665141922,1
DTLZ4,10,"S2_(0.25,0.50]",front_h3,Precision,score_v,anchor_margin,25,25,0.991161904761905,0.997561904761905,-0.00639999999999997,-0.00380952380952393,-0.641561035756864,0.000323323248580492,0.22,-0.928571428571429,0.00290990923722442,1
DTLZ4,10,"S2_(0.25,0.50]",front_h3,AUC,score_hybrid,score_v,25,24,0.213269690959837,0.293935088487104,-0.0806653975272665,-0.0548821548821549,-7.19296122376578,0.00212693646712269,0.145833333333333,-0.731884057971015,0.0192006885283406,1
DTLZ4,10,"S2_(0.25,0.50]",front_h3,AUC,score_hybrid,anchor_margin,25,24,0.213269690959837,0.403059578020341,-0.189789887060504,-0.14745670995671,-44.0986737545519,2.66914980318127e-05,0.0833333333333333,-0.98,0.000320297976381752,1
DTLZ4,10,"S2_(0.25,0.50]",front_h3,AUC,score_v,anchor_margin,25,24,0.293935088487104,0.403059578020341,-0.109124489533237,-0.130803720994086,-16.0559266430997,0.0298987911015437,0.25,-0.506666666666667,0.119595164406175,0
DTLZ4,10,"S2_(0.25,0.50]",front_h3,Lift,score_hybrid,score_v,25,25,0.991987236333965,0.995163081730513,-0.0031758453965481,-0.00194363459669578,-0.319404964135725,0.0003769210520179,0.2,-0.947368421052632,0.0030153684161432,1
DTLZ4,10,"S2_(0.25,0.50]",front_h3,Lift,score_hybrid,anchor_margin,25,25,0.991987236333965,1.00170174337122,-0.0097145070372506,-0.00579163844469965,-0.966306819884788,4.58070727530828e-05,0.1,-0.992094861660079,0.000549684873036994,1
DTLZ4,10,"S2_(0.25,0.50]",front_h3,Lift,score_v,anchor_margin,25,25,0.995163081730513,1.00170174337122,-0.00653866164070249,-0.00386763652069766,-0.649786331451047,0.000414667992935548,0.18,-0.861660079051383,0.0030153684161432,1
DTLZ4,10,"S2_(0.25,0.50]",population_final,Precision,score_hybrid,score_v,25,25,0.233066666666667,0.167847619047619,0.0652190476190477,0.0514285714285715,50.7443874236327,5.93160901832401e-05,0.92,0.932307692307692,0.000474528721465921,1
DTLZ4,10,"S2_(0.25,0.50]",population_final,Precision,score_hybrid,anchor_margin,25,25,0.233066666666667,0.269561904761905,-0.0364952380952381,-0.0380952380952381,-9.55019558852323,0.0101710563535327,0.24,-0.581538461538462,0.0406842254141308,1
DTLZ4,10,"S2_(0.25,0.50]",population_final,Precision,score_v,anchor_margin,25,25,0.167847619047619,0.269561904761905,-0.101714285714286,-0.0761904761904762,-32.9270874924213,2.54105188658033e-05,0.04,-0.963076923076923,0.00022869466979223,1
DTLZ4,10,"S2_(0.25,0.50]",population_final,AUC,score_hybrid,score_v,25,25,0.660795672570551,0.482537432502954,0.178258240067597,0.164431480425167,40.4842109196375,1.22903222102484e-05,1,1,0.000147483866522981,1
DTLZ4,10,"S2_(0.25,0.50]",population_final,AUC,score_hybrid,anchor_margin,25,25,0.660795672570551,0.689211565548958,-0.0284158929784072,-0.0368564254836372,-3.9832169683093,0.0283136256824277,0.28,-0.501538461538461,0.113254502729711,0
DTLZ4,10,"S2_(0.25,0.50]",population_final,AUC,score_v,anchor_margin,25,25,0.482537432502954,0.689211565548958,-0.206674133046004,-0.169931429570134,-29.2985168520189,1.22903222102484e-05,0,-1,0.000147483866522981,1
DTLZ4,10,"S2_(0.25,0.50]",population_final,Lift,score_hybrid,score_v,25,25,1.57224015764053,1.07594945676535,0.496290700875176,0.369271068342276,57.0007642481343,1.57051000197501e-05,0.96,0.987692307692308,0.000172756100217251,1
DTLZ4,10,"S2_(0.25,0.50]",population_final,Lift,score_hybrid,anchor_margin,25,25,1.57224015764053,1.79192007170517,-0.21967991406464,-0.299462378818378,-10.4909047327109,0.0283136256824277,0.24,-0.501538461538461,0.0849408770472832,0
DTLZ4,10,"S2_(0.25,0.50]",population_final,Lift,score_v,anchor_margin,25,25,1.07594945676535,1.79192007170517,-0.715970614939816,-0.690789913213363,-37.4349083832825,4.07291433495254e-05,0.04,-0.938461538461538,0.000325833146796203,1
DTLZ4,10,"S2_(0.25,0.50]",population_h1,Precision,score_hybrid,score_v,25,25,0.983009523809524,0.976609523809524,0.00640000000000001,0.005714285714286,0.667571500246684,0.0189956719335482,0.66,0.546666666666667,0.0483232548087864,1
DTLZ4,10,"S2_(0.25,0.50]",population_h1,Precision,score_hybrid,anchor_margin,25,25,0.983009523809524,0.987047619047619,-0.00403809523809521,-0.00380952380952371,-0.407456173022484,0.0120808137021966,0.3,-0.583333333333333,0.0483232548087864,1
DTLZ4,10,"S2_(0.25,0.50]",population_h1,Precision,score_v,anchor_margin,25,25,0.976609523809524,0.987047619047619,-0.0104380952380952,-0.00761904761904753,-1.05024657502986,0.00233405177874314,0.28,-0.704615384615385,0.0116702588937157,1
DTLZ4,10,"S2_(0.25,0.50]",population_h1,AUC,score_hybrid,score_v,25,25,0.73264293737007,0.588032910754743,0.144610026615327,0.131669307798827,25.5448832771298,1.389801409379e-05,0.96,0.993846153846154,0.000152878155031689,1
DTLZ4,10,"S2_(0.25,0.50]",population_h1,AUC,score_hybrid,anchor_margin,25,25,0.73264293737007,0.769374998560583,-0.0367320611905126,-0.0395538335859391,-4.65306161945812,2.5431964463053e-05,0.08,-0.963076923076923,0.000152878155031689,1
DTLZ4,10,"S2_(0.25,0.50]",population_h1,AUC,score_v,anchor_margin,25,25,0.588032910754743,0.769374998560583,-0.18134208780584,-0.178064244722879,-22.91949845476,1.389801409379e-05,0.04,-0.993846153846154,0.000152878155031689,1
DTLZ4,10,"S2_(0.25,0.50]",population_h1,Lift,score_hybrid,score_v,25,25,1.03932953497698,1.03259676149719,0.00673277347978351,0.00608667533333107,0.664376793334942,0.0199414406198738,0.72,0.532307692307692,0.0690138010350289,0
DTLZ4,10,"S2_(0.25,0.50]",population_h1,Lift,score_hybrid,anchor_margin,25,25,1.03932953497698,1.04355701800969,-0.0042274830327073,-0.00386153266027756,-0.404033333780892,0.0172534502587572,0.32,-0.544615384615385,0.0690138010350289,0
DTLZ4,10,"S2_(0.25,0.50]",population_h1,Lift,score_v,anchor_margin,25,25,1.03259676149719,1.04355701800969,-0.0109602565124908,-0.00802181387518663,-1.04378203353843,0.00225861399572074,0.28,-0.698461538461538,0.0112930699786037,1
DTLZ4,10,"S2_(0.25,0.50]",population_h3,Precision,score_hybrid,score_v,25,25,0.94712380952381,0.924266666666667,0.0228571428571429,0.0133333333333336,2.65295782868475,0.00658370970742661,0.74,0.636666666666667,0.0197511291222798,1
DTLZ4,10,"S2_(0.25,0.50]",population_h3,Precision,score_hybrid,anchor_margin,25,25,0.94712380952381,0.959238095238095,-0.0121142857142857,-0.00952380952380971,-1.23557042821406,0.0118418837095865,0.28,-0.569230769230769,0.023683767419173,1
DTLZ4,10,"S2_(0.25,0.50]",population_h3,Precision,score_v,anchor_margin,25,25,0.924266666666667,0.959238095238095,-0.0349714285714286,-0.0266666666666666,-3.56572665750229,0.00205837254089816,0.16,-0.704615384615385,0.00830137711780336,1
DTLZ4,10,"S2_(0.25,0.50]",population_h3,AUC,score_hybrid,score_v,25,25,0.72778357958886,0.562085635785752,0.165697943803108,0.152362332714676,30.8683115843586,1.389801409379e-05,0.96,0.993846153846154,0.000147483866522981,1
DTLZ4,10,"S2_(0.25,0.50]",population_h3,AUC,score_hybrid,anchor_margin,25,25,0.72778357958886,0.76470325262723,-0.0369196730383709,-0.0405028591710203,-4.67578371434373,2.86392873931145e-05,0.12,-0.956923076923077,0.000171835724358687,1
DTLZ4,10,"S2_(0.25,0.50]",population_h3,AUC,score_v,anchor_margin,25,25,0.562085635785752,0.76470325262723,-0.202617616841479,-0.195590177197259,-25.7124834655068,1.389801409379e-05,0.04,-0.993846153846154,0.000147483866522981,1
DTLZ4,10,"S2_(0.25,0.50]",population_h3,Lift,score_hybrid,score_v,25,25,1.11818841192178,1.09157995033781,0.026608461583967,0.0158867698480794,2.62117855840805,0.0087050890474632,0.72,0.6,0.0261152671423896,1
DTLZ4,10,"S2_(0.25,0.50]",population_h3,Lift,score_hybrid,anchor_margin,25,25,1.11818841192178,1.1324341004706,-0.0142456885488155,-0.0115298454416743,-1.23549245856556,0.0109998633239648,0.28,-0.581538461538462,0.0261152671423896,1
DTLZ4,10,"S2_(0.25,0.50]",population_h3,Lift,score_v,anchor_margin,25,25,1.09157995033781,1.1324341004706,-0.0408541501327825,-0.0296730076903813,-3.53130009520555,0.00188518543866155,0.16,-0.710769230769231,0.0078462668395765,1
DTLZ4,10,"S3_(0.50,0.75]",front_final,Precision,score_hybrid,score_v,25,25,0.95096,0.95768,-0.00671999999999997,-0.00399999999999989,-0.654516472698441,0.0940718872468853,0.3,-0.395256916996047,0.312586826978167,0
DTLZ4,10,"S3_(0.50,0.75]",front_final,Precision,score_hybrid,anchor_margin,25,25,0.95096,0.96616,-0.0151999999999999,-0.0139999999999997,-1.54647503370061,0.00890654736128563,0.26,-0.606666666666667,0.071252378890285,0
DTLZ4,10,"S3_(0.50,0.75]",front_final,Precision,score_v,anchor_margin,25,25,0.95768,0.96616,-0.00847999999999998,-0.00599999999999989,-0.859691249088194,0.19551592547558,0.42,-0.293333333333333,0.391031850951159,0
DTLZ4,10,"S3_(0.50,0.75]",front_final,AUC,score_hybrid,score_v,25,24,0.366229567412555,0.40492964986037,-0.0387000824478149,-0.0325332820398471,-7.47467074498987,0.0718606382258516,0.416666666666667,-0.42,0.286280070834881,0
DTLZ4,10,"S3_(0.50,0.75]",front_final,AUC,score_hybrid,anchor_margin,25,24,0.366229567412555,0.422827032468329,-0.0565974650557737,-0.0584654961830432,-12.8708318089906,0.0177194712911814,0.333333333333333,-0.553333333333333,0.12403629903827,0
DTLZ4,10,"S3_(0.50,0.75]",front_final,AUC,score_v,anchor_margin,25,24,0.40492964986037,0.422827032468329,-0.0178973826079588,-0.0106830649980761,0.763768177098353,0.607052248071005,0.458333333333333,-0.12,1,0
DTLZ4,10,"S3_(0.50,0.75]",front_final,Lift,score_hybrid,score_v,25,25,0.981566275444196,0.98837913429424,-0.00681285885004382,-0.00412371134020617,-0.649581622734058,0.101083504488081,0.3,-0.399209486166008,0.404334017952325,0
DTLZ4,10,"S3_(0.50,0.75]",front_final,Lift,score_hybrid,anchor_margin,25,25,0.981566275444196,0.997412934207988,-0.0158466587637914,-0.0141620284477431,-1.56076359598625,0.0093223760474375,0.26,-0.606666666666667,0.0745790083795,0
DTLZ4,10,"S3_(0.50,0.75]",front_final,Lift,score_v,anchor_margin,25,25,0.98837913429424,0.997412934207988,-0.00903379991374755,-0.00606060606060621,-0.877957586204495,0.179296046266412,0.42,-0.313333333333333,0.404334017952325,0
DTLZ4,10,"S3_(0.50,0.75]",front_h1,Precision,score_hybrid,score_v,25,25,0.99536,0.99704,-0.00167999999999997,-0.00199999999999989,-0.168498611048659,0.00450889387765332,0.24,-0.790849673202614,0.0270533632659199,1
DTLZ4,10,"S3_(0.50,0.75]",front_h1,Precision,score_hybrid,anchor_margin,25,25,0.99536,0.9984,-0.00303999999999994,-0.002,-0.304577927326854,0.000104989057018718,0.12,-1,0.000944901513168463,1
DTLZ4,10,"S3_(0.50,0.75]",front_h1,Precision,score_v,anchor_margin,25,25,0.99704,0.9984,-0.00135999999999997,-0.00199999999999989,-0.136047708711643,0.0143297339662703,0.32,-0.601307189542484,0.0429892018988108,1
DTLZ4,10,"S3_(0.50,0.75]",front_h1,AUC,score_hybrid,score_v,25,24,0.334324186296328,0.357234834538314,-0.0229106482419859,-0.0265151515151515,-4.38957699978774,0.110272457284948,0.270833333333333,-0.384057971014493,0.156002558734893,0
DTLZ4,10,"S3_(0.50,0.75]",front_h1,AUC,score_hybrid,anchor_margin,25,24,0.334324186296328,0.447152578560017,-0.11282839226369,-0.107262033601319,-28.8155402013016,1.8215297148968e-05,0,-1,0.000218583565787617,1
DTLZ4,10,"S3_(0.50,0.75]",front_h1,AUC,score_v,anchor_margin,25,24,0.357234834538314,0.447152578560017,-0.0899177440217036,-0.0871212121212122,-16.2103789529757,0.0101279905493907,0.291666666666667,-0.6,0.060767943296344,0
DTLZ4,10,"S3_(0.50,0.75]",front_h1,Lift,score_hybrid,score_v,25,25,0.99735146967253,0.999049298476029,-0.00169782880349894,-0.00202020202020203,-0.169805516572601,0.0109910573283286,0.24,-0.699346405228758,0.0549552866416428,0
DTLZ4,10,"S3_(0.50,0.75]",front_h1,Lift,score_hybrid,anchor_margin,25,25,0.99735146967253,1.00042801728626,-0.00307654761373469,-0.00206185567010309,-0.30742638787363,7.62368964836045e-05,0.12,-0.991341991341991,0.00068613206835244,1
DTLZ4,10,"S3_(0.50,0.75]",front_h1,Lift,score_v,anchor_margin,25,25,0.999049298476029,1.00042801728626,-0.00137871881023576,-0.00202020202020203,-0.137585798782581,0.0178399789662672,0.32,-0.686274509803922,0.0549552866416428,0
DTLZ4,10,"S3_(0.50,0.75]",front_h3,Precision,score_hybrid,score_v,25,25,0.98928,0.99312,-0.00383999999999999,-0.002,-0.386328908016623,0.00336614054775692,0.22,-0.812865497076023,0.0168307027387846,1
DTLZ4,10,"S3_(0.50,0.75]",front_h3,Precision,score_hybrid,anchor_margin,25,25,0.98928,0.99464,-0.00536,-0.00400000000000011,-0.539611849702392,0.000375332160987132,0.16,-0.878787878787879,0.00300265728789706,1
DTLZ4,10,"S3_(0.50,0.75]",front_h3,Precision,score_v,anchor_margin,25,25,0.99312,0.99464,-0.00152000000000001,0,-0.152112821245377,0.224112637871472,0.36,-0.339869281045752,0.36456298828125,0
DTLZ4,10,"S3_(0.50,0.75]",front_h3,AUC,score_hybrid,score_v,25,24,0.351967134802975,0.388154643705314,-0.0361875089023386,-0.020213472594425,-6.99555633261228,0.10696356713727,0.354166666666667,-0.384057971014493,0.320890701411809,0
DTLZ4,10,"S3_(0.50,0.75]",front_h3,AUC,score_hybrid,anchor_margin,25,24,0.351967134802975,0.425639946691939,-0.0736728118889635,-0.0784129959387691,-17.3027984301019,0.00427473396017257,0.333333333333333,-0.666666666666667,0.0341978716813805,1
DTLZ4,10,"S3_(0.50,0.75]",front_h3,AUC,score_v,anchor_margin,25,24,0.388154643705314,0.425639946691939,-0.0374853029866249,-0.0516285301999587,-0.851831492259543,0.198542793686662,0.291666666666667,-0.3,0.320890701411809,0
DTLZ4,10,"S3_(0.50,0.75]",front_h3,Lift,score_hybrid,score_v,25,25,0.994555941191161,0.998463574489795,-0.00390763329863357,-0.00206185567010309,-0.390409432207996,0.00400973483543691,0.22,-0.771929824561403,0.0200486741771845,1
DTLZ4,10,"S3_(0.50,0.75]",front_h3,Lift,score_hybrid,anchor_margin,25,25,0.994555941191161,1.00001544846179,-0.00545950727063039,-0.00412371134020606,-0.545862560530877,0.000318383778555365,0.16,-0.9004329004329,0.00286545400699829,1
DTLZ4,10,"S3_(0.50,0.75]",front_h3,Lift,score_v,anchor_margin,25,25,0.998463574489795,1.00001544846179,-0.00155187397199682,-6.18429189858105e-05,-0.154255754229805,0.156414013264612,0.32,-0.384210526315789,0.312828026529224,0
DTLZ4,10,"S3_(0.50,0.75]",population_final,Precision,score_hybrid,score_v,25,25,0.49824,0.43424,0.0639999999999999,0.0640000000000001,17.4239382248862,7.20815577261192e-05,0.92,0.907692307692308,0.000504570904082834,1
DTLZ4,10,"S3_(0.50,0.75]",population_final,Precision,score_hybrid,anchor_margin,25,25,0.49824,0.50464,-0.00640000000000001,-0.00600000000000001,0.540440232939286,0.676609009672553,0.44,-0.0953846153846154,1,0
DTLZ4,10,"S3_(0.50,0.75]",population_final,Precision,score_v,anchor_margin,25,25,0.43424,0.50464,-0.0704,-0.056,-11.6990816556603,0.0105298492250981,0.24,-0.593846153846154,0.0406842254141308,1
DTLZ4,10,"S3_(0.50,0.75]",population_final,AUC,score_hybrid,score_v,25,25,0.594669169506281,0.538016809019404,0.0566523604868769,0.0379430066284709,12.0528410075518,1.389801409379e-05,0.96,0.993846153846154,0.000147483866522981,1
DTLZ4,10,"S3_(0.50,0.75]",population_final,AUC,score_hybrid,anchor_margin,25,25,0.594669169506281,0.596846315148609,-0.00217714564232864,-0.00748034837310618,-0.243689565161554,0.840071644440277,0.44,-0.0461538461538462,0.840071644440277,0
DTLZ4,10,"S3_(0.50,0.75]",population_final,AUC,score_v,anchor_margin,25,25,0.538016809019404,0.596846315148609,-0.0588295061292056,-0.0378886477868802,-9.4480634421919,0.00453006761786639,0.32,-0.649230769230769,0.022650338089332,1
DTLZ4,10,"S3_(0.50,0.75]",population_final,Lift,score_hybrid,score_v,25,25,1.32118265693011,1.15140781541059,0.169774841519527,0.138785460239466,18.2118236068494,5.75632836939671e-05,0.84,0.92,0.000402942985857769,1
DTLZ4,10,"S3_(0.50,0.75]",population_final,Lift,score_hybrid,anchor_margin,25,25,1.32118265693011,1.32137914388165,-0.000196486951531356,-0.0226494282282415,0.830792459787656,0.861162196946825,0.48,-0.04,1,0
DTLZ4,10,"S3_(0.50,0.75]",population_final,Lift,score_v,anchor_margin,25,25,1.15140781541059,1.32137914388165,-0.169971328471058,-0.145201208684057,-11.7955330519023,0.0172534502587572,0.24,-0.544615384615385,0.0690138010350289,0
DTLZ4,10,"S3_(0.50,0.75]",population_h1,Precision,score_hybrid,score_v,25,25,0.9772,0.96128,0.01592,0.0119999999999999,1.67471619869207,5.35627238563463e-05,0.92,0.916923076923077,0.000433005671967787,1
DTLZ4,10,"S3_(0.50,0.75]",population_h1,Precision,score_hybrid,anchor_margin,25,25,0.9772,0.97912,-0.00192000000000004,-0.00200000000000011,-0.194668334659483,0.148118290184057,0.36,-0.366153846153846,0.148118290184057,0
DTLZ4,10,"S3_(0.50,0.75]",population_h1,Precision,score_v,anchor_margin,25,25,0.96128,0.97912,-0.01784,-0.016,-1.81938298712537,4.06470692804922e-05,0.12,-0.938461538461538,0.000406470692804922,1
DTLZ4,10,"S3_(0.50,0.75]",population_h1,AUC,score_hybrid,score_v,25,25,0.583917145902074,0.49860719349618,0.0853099524058941,0.0641684674727737,18.1300251107963,1.389801409379e-05,0.96,0.993846153846154,0.000152878155031689,1
DTLZ4,10,"S3_(0.50,0.75]",population_h1,AUC,score_hybrid,anchor_margin,25,25,0.583917145902074,0.600241703498544,-0.0163245575964704,-0.0156978460609539,-2.63172937717105,0.00118576266337556,0.2,-0.741538461538462,0.00355728799012668,1
DTLZ4,10,"S3_(0.50,0.75]",population_h1,AUC,score_v,anchor_margin,25,25,0.49860719349618,0.600241703498544,-0.101634510002365,-0.0860484180184361,-16.2648154170133,1.389801409379e-05,0.04,-0.993846153846154,0.000152878155031689,1
DTLZ4,10,"S3_(0.50,0.75]",population_h1,Lift,score_hybrid,score_v,25,25,1.01895106152748,1.0020741782389,0.0168768832885823,0.0125447639717851,1.69893321593076,5.13293228060011e-05,0.92,0.926153846153846,0.000410634582448009,1
DTLZ4,10,"S3_(0.50,0.75]",population_h1,Lift,score_hybrid,anchor_margin,25,25,1.01895106152748,1.02096782913729,-0.00201676760981001,-0.00228363435135615,-0.196805942298187,0.128450538369119,0.36,-0.347692307692308,0.128450538369119,0
DTLZ4,10,"S3_(0.50,0.75]",population_h1,Lift,score_v,anchor_margin,25,25,1.0020741782389,1.02096782913729,-0.0188936508983923,-0.0167552902875747,-1.84389908629206,4.07291433495254e-05,0.12,-0.938461538461538,0.000366562290145729,1
DTLZ4,10,"S3_(0.50,0.75]",population_h3,Precision,score_hybrid,score_v,25,25,0.936,0.8968,0.0392000000000001,0.0360000000000003,4.47250400522292,5.10486091680732e-05,0.92,0.926153846153846,0.000510486091680732,1
DTLZ4,10,"S3_(0.50,0.75]",population_h3,Precision,score_hybrid,anchor_margin,25,25,0.936,0.93688,-0.000880000000000032,-0.00200000000000011,-0.0830094524119841,0.726160079947142,0.44,-0.0760869565217391,0.726160079947142,0
DTLZ4,10,"S3_(0.50,0.75]",population_h3,Precision,score_v,anchor_margin,25,25,0.8968,0.93688,-0.0400800000000001,-0.0359999999999999,-4.2434007227701,7.97760592647511e-05,0.12,-0.913846153846154,0.00071798453338276,1
DTLZ4,10,"S3_(0.50,0.75]",population_h3,AUC,score_hybrid,score_v,25,25,0.583429291403669,0.499806626517591,0.0836226648860778,0.0735863241832915,17.4060222379955,1.389801409379e-05,0.96,0.993846153846154,0.000147483866522981,1
DTLZ4,10,"S3_(0.50,0.75]",population_h3,AUC,score_hybrid,anchor_margin,25,25,0.583429291403669,0.594007884408363,-0.0105785930046942,-0.00763296442523353,-1.76106323695956,0.00321593209750662,0.24,-0.673846153846154,0.0128637283900265,1
DTLZ4,10,"S3_(0.50,0.75]",population_h3,AUC,score_v,anchor_margin,25,25,0.499806626517591,0.594007884408363,-0.094201257890772,-0.0918038803529863,-15.302665905883,1.389801409379e-05,0.04,-0.993846153846154,0.000147483866522981,1
DTLZ4,10,"S3_(0.50,0.75]",population_h3,Lift,score_hybrid,score_v,25,25,1.05411057317211,1.00908944786192,0.0450211253101811,0.0404495388103367,4.53811776144659,5.13293228060011e-05,0.92,0.926153846153846,0.000513293228060011,1
DTLZ4,10,"S3_(0.50,0.75]",population_h3,Lift,score_hybrid,anchor_margin,25,25,1.05411057317211,1.05503556378669,-0.000924990614581072,-0.000415674127660637,-0.0821802635799903,0.716423138125903,0.44,-0.0830769230769231,0.716423138125903,0
DTLZ4,10,"S3_(0.50,0.75]",population_h3,Lift,score_v,anchor_margin,25,25,1.00908944786192,1.05503556378669,-0.0459461159247622,-0.0405621583366129,-4.29829291878035,8.08512999935919e-05,0.12,-0.901538461538462,0.000727661699942327,1
DTLZ4,10,"S4_(0.75,1.00]",front_final,Precision,score_hybrid,score_v,25,25,0.9776,0.982476190476191,-0.0048761904761905,0,-0.493554961971609,0.0362548828125,0.32,-0.608333333333333,0.188767221225243,0
DTLZ4,10,"S4_(0.75,1.00]",front_final,Precision,score_hybrid,anchor_margin,25,25,0.9776,0.994285714285714,-0.0166857142857142,-0.0171428571428571,-1.67929123453299,0.000142338398871061,0.16,-0.905797101449275,0.00170806078645274,1
DTLZ4,10,"S4_(0.75,1.00]",front_final,Precision,score_v,anchor_margin,25,25,0.982476190476191,0.994285714285714,-0.0118095238095237,-0.00761904761904764,-1.18894249697452,0.0004371305265459,0.2,-0.83695652173913,0.0048084357920049,1
DTLZ4,10,"S4_(0.75,1.00]",front_final,AUC,score_hybrid,score_v,25,24,0.372568319333858,0.399438403092018,-0.0268700837581591,-0.0181623931623932,-8.29854714168977,0.0715700177087203,0.375,-0.438735177865613,0.286280070834881,0
DTLZ4,10,"S4_(0.75,1.00]",front_final,AUC,score_hybrid,anchor_margin,25,24,0.372568319333858,0.459167792991629,-0.0865994736577701,-0.104716349065763,-26.1600880109103,0.00124410185384206,0.166666666666667,-0.753333333333333,0.0111969166845785,1
DTLZ4,10,"S4_(0.75,1.00]",front_final,AUC,score_v,anchor_margin,25,24,0.399438403092018,0.459167792991629,-0.059729389899611,-0.053951111492666,-17.4794695784769,0.0278068950269972,0.291666666666667,-0.513333333333333,0.166841370161983,0
DTLZ4,10,"S4_(0.75,1.00]",front_final,Lift,score_hybrid,score_v,25,25,0.989319852202112,0.994315090763881,-0.00499523856176884,0,-0.49796741962627,0.04791259765625,0.36,-0.583333333333333,0.23956298828125,0
DTLZ4,10,"S4_(0.75,1.00]",front_final,Lift,score_hybrid,anchor_margin,25,25,0.989319852202112,1.00647353577485,-0.0171536835727389,-0.0179264256417565,-1.69489150368191,0.000162157144878482,0.16,-0.898550724637681,0.00194588573854179,1
DTLZ4,10,"S4_(0.75,1.00]",front_final,Lift,score_v,anchor_margin,25,25,0.994315090763881,1.00647353577485,-0.01215844501097,-0.0078542834696842,-1.20016718209286,0.00052531366696723,0.2,-0.826086956521739,0.00577845033663953,1
DTLZ4,10,"S4_(0.75,1.00]",front_h1,Precision,score_hybrid,score_v,25,25,0.9952,0.9964,-0.00119999999999996,0,-0.120369903054606,0.0078125,0.32,-0.818181818181818,0.03125,1
DTLZ4,10,"S4_(0.75,1.00]",front_h1,Precision,score_hybrid,anchor_margin,25,25,0.9952,0.99928,-0.00407999999999994,-0.00399999999999989,-0.408417801008911,3.38114736870291e-05,0.06,-1,0.000405737684244349,1
DTLZ4,10,"S4_(0.75,1.00]",front_h1,Precision,score_v,anchor_margin,25,25,0.9964,0.99928,-0.00287999999999998,-0.002,-0.28825709327554,4.21445425792318e-05,0.08,-1,0.00046358996837155,1
DTLZ4,10,"S4_(0.75,1.00]",front_h1,AUC,score_hybrid,score_v,25,23,0.279854061229325,0.324071031438804,-0.0442169702094784,-0.0303030303030303,-13.7375643108315,0.00523461547608125,0.239130434782609,-0.679841897233202,0.04187692380865,1
DTLZ4,10,"S4_(0.75,1.00]",front_h1,AUC,score_hybrid,anchor_margin,25,23,0.279854061229325,0.433539608643262,-0.153685547413936,-0.151515151515151,-39.3353815357972,2.70159484871056e-05,0,-1,0.000297175433358161,1
DTLZ4,10,"S4_(0.75,1.00]",front_h1,AUC,score_v,anchor_margin,25,23,0.324071031438804,0.433539608643262,-0.109468577204458,-0.104377104377104,-26.481241900204,0.000206573582015222,0.130434782608696,-0.884057971014493,0.00185916223813699,1
DTLZ4,10,"S4_(0.75,1.00]",front_h1,Lift,score_hybrid,score_v,25,25,0.997065738385326,0.998280367317186,-0.00121462893186018,0,-0.121523900034953,0.01220703125,0.34,-0.794871794871795,0.0549552866416428,0
DTLZ4,10,"S4_(0.75,1.00]",front_h1,Lift,score_hybrid,anchor_margin,25,25,0.997065738385326,1.00119438865831,-0.00412865027298024,-0.00404040404040407,-0.412288179276944,3.61311254997984e-05,0.06,-1,0.000433573505997581,1
DTLZ4,10,"S4_(0.75,1.00]",front_h1,Lift,score_v,anchor_margin,25,25,0.998280367317186,1.00119438865831,-0.00291402134112007,-0.00202020202020214,-0.290976683052886,4.72264782965257e-05,0.08,-1,0.000519491261261783,1
DTLZ4,10,"S4_(0.75,1.00]",front_h3,Precision,score_hybrid,score_v,25,25,0.9888,0.991466666666667,-0.00266666666666666,0,-0.268091550562324,0.017822265625,0.36,-0.658333333333333,0.0712890625,0
DTLZ4,10,"S4_(0.75,1.00]",front_h3,Precision,score_hybrid,anchor_margin,25,25,0.9888,0.997777777777778,-0.00897777777777773,-0.00888888888888872,-0.900250335733445,4.67375112479655e-05,0.1,-0.984189723320158,0.000560850134975586,1
DTLZ4,10,"S4_(0.75,1.00]",front_h3,Precision,score_v,anchor_margin,25,25,0.991466666666667,0.997777777777778,-0.00631111111111107,-0.00666666666666649,-0.632863298269066,4.83085460482045e-05,0.1,-0.972332015810277,0.000560850134975586,1
DTLZ4,10,"S4_(0.75,1.00]",front_h3,AUC,score_hybrid,score_v,25,23,0.306643653634424,0.352481700461281,-0.0458380468268577,-0.0260417662847706,-12.0819913700344,0.0185768727491516,0.282608695652174,-0.573122529644269,0.0967200057823459,0
DTLZ4,10,"S4_(0.75,1.00]",front_h3,AUC,score_hybrid,anchor_margin,25,23,0.306643653634424,0.439315496057389,-0.132671842422965,-0.164983164983165,-34.8587489173164,7.68734345818605e-05,0.0434782608695652,-0.942028985507246,0.000845607780400465,1
DTLZ4,10,"S4_(0.75,1.00]",front_h3,AUC,score_v,anchor_margin,25,23,0.352481700461281,0.439315496057389,-0.0868337955961077,-0.085016835016835,-22.2127762752259,0.00192006885283406,0.260869565217391,-0.739130434782609,0.0192006885283406,1
DTLZ4,10,"S4_(0.75,1.00]",front_h3,Lift,score_hybrid,score_v,25,25,0.993630767902982,0.996337311209673,-0.00270654330669061,0,-0.27046152010267,0.0289306640625,0.36,-0.633333333333333,0.11572265625,0
DTLZ4,10,"S4_(0.75,1.00]",front_h3,Lift,score_hybrid,anchor_margin,25,25,0.993630767902982,1.00274996263214,-0.00911919472916044,-0.00897867564534249,-0.908584791718014,5.22846144783111e-05,0.1,-0.984189723320158,0.000575130759261422,1
DTLZ4,10,"S4_(0.75,1.00]",front_h3,Lift,score_v,anchor_margin,25,25,0.996337311209673,1.00274996263214,-0.00641265142246983,-0.0067340067340067,-0.638830227716845,5.53385313351575e-05,0.1,-0.976284584980237,0.000575130759261422,1
DTLZ4,10,"S4_(0.75,1.00]",population_final,Precision,score_hybrid,score_v,25,25,0.781866666666667,0.743009523809524,0.0388571428571428,0.0285714285714285,5.78750688551372,0.00142814306489896,0.72,0.729230769230769,0.00856885838939374,1
DTLZ4,10,"S4_(0.75,1.00]",population_final,Precision,score_hybrid,anchor_margin,25,25,0.781866666666667,0.813790476190476,-0.0319238095238096,-0.0342857142857143,-3.68986575848882,0.00215537527983793,0.2,-0.698461538461538,0.0107768763991897,1
DTLZ4,10,"S4_(0.75,1.00]",population_final,Precision,score_v,anchor_margin,25,25,0.743009523809524,0.813790476190476,-0.0707809523809524,-0.0552380952380953,-8.66394234755598,1.38482848513697e-05,0.04,-0.993846153846154,0.000164842991546039,1
DTLZ4,10,"S4_(0.75,1.00]",population_final,AUC,score_hybrid,score_v,25,25,0.547858887482412,0.510877865871867,0.0369810216105452,0.0346781382503052,7.92542968480043,0.000215854164499942,0.88,0.846153846153846,0.0015109791514996,1
DTLZ4,10,"S4_(0.75,1.00]",population_final,AUC,score_hybrid,anchor_margin,25,25,0.547858887482412,0.56810517375993,-0.0202462862775175,-0.0175997542389834,-3.42188345961437,0.0303106981372454,0.32,-0.495384615384615,0.113254502729711,0
DTLZ4,10,"S4_(0.75,1.00]",population_final,AUC,score_v,anchor_margin,25,25,0.510877865871867,0.56810517375993,-0.0572273078880627,-0.060834017416094,-9.85689009431048,0.000295766913944783,0.16,-0.827692307692308,0.0017746014836687,1
DTLZ4,10,"S4_(0.75,1.00]",population_final,Lift,score_hybrid,score_v,25,25,1.06411845211055,1.00325165268602,0.0608667994245373,0.0443535654456861,6.57927718346682,0.000808376714536398,0.76,0.766153846153846,0.00485026028721839,1
DTLZ4,10,"S4_(0.75,1.00]",population_final,Lift,score_hybrid,anchor_margin,25,25,1.06411845211055,1.10823534139181,-0.0441168892812581,-0.0461176698647334,-3.84336009632773,0.00206416568518245,0.2,-0.704615384615385,0.0103208284259123,1
DTLZ4,10,"S4_(0.75,1.00]",population_final,Lift,score_v,anchor_margin,25,25,1.00325165268602,1.10823534139181,-0.104983688705795,-0.085351542261288,-9.37079036959603,1.77348399029039e-05,0.04,-0.981538461538462,0.000177348399029039,1
DTLZ4,10,"S4_(0.75,1.00]",population_h1,Precision,score_hybrid,score_v,25,25,0.97016,0.96392,0.00624000000000005,0.00599999999999989,0.651947512743963,0.000466150153507905,0.8,0.821538461538462,0.00279690092104743,1
DTLZ4,10,"S4_(0.75,1.00]",population_h1,Precision,score_hybrid,anchor_margin,25,25,0.97016,0.97944,-0.00927999999999997,-0.00800000000000023,-0.947215826907938,4.81117413297541e-05,0.08,-0.941538461538462,0.000433005671967787,1
DTLZ4,10,"S4_(0.75,1.00]",population_h1,Precision,score_v,anchor_margin,25,25,0.96392,0.97944,-0.01552,-0.0120000000000001,-1.58400694321147,2.59058111883449e-05,0.02,-1,0.000284963923071794,1
DTLZ4,10,"S4_(0.75,1.00]",population_h1,AUC,score_hybrid,score_v,25,25,0.528320186925207,0.488932349412287,0.0393878375129204,0.0284032830323978,8.77446453466542,2.00130174376755e-05,0.96,0.975384615384615,0.000152878155031689,1
DTLZ4,10,"S4_(0.75,1.00]",population_h1,AUC,score_hybrid,anchor_margin,25,25,0.528320186925207,0.553425404046915,-0.0251052171217077,-0.025563853772533,-4.58283204787852,0.0015692533679153,0.16,-0.723076923076923,0.00355728799012668,1
DTLZ4,10,"S4_(0.75,1.00]",population_h1,AUC,score_v,anchor_margin,25,25,0.488932349412287,0.553425404046915,-0.064493054634628,-0.0534821358043887,-11.6872708191642,3.62430511828126e-05,0.04,-0.944615384615385,0.000181215255914063,1
DTLZ4,10,"S4_(0.75,1.00]",population_h1,Lift,score_hybrid,score_v,25,25,1.00437771976983,0.997815387283125,0.00656233248670384,0.00607858933046923,0.662047764586229,0.000328058269549245,0.8,0.821538461538462,0.00196834961729547,1
DTLZ4,10,"S4_(0.75,1.00]",population_h1,Lift,score_hybrid,anchor_margin,25,25,1.00437771976983,1.01402742840108,-0.0096497086312471,-0.00835571531922574,-0.951055533084431,3.62430511828126e-05,0.08,-0.944615384615385,0.000362430511828126,1
DTLZ4,10,"S4_(0.75,1.00]",population_h1,Lift,score_v,anchor_margin,25,25,0.997815387283125,1.01402742840108,-0.0162120411179509,-0.0126434653956746,-1.59761047321003,1.389801409379e-05,0.04,-0.993846153846154,0.000166776169125479,1
DTLZ4,10,"S4_(0.75,1.00]",population_h3,Precision,score_hybrid,score_v,25,25,0.9184,0.902933333333333,0.0154666666666666,0.0133333333333332,1.7630136349628,0.00166027542356067,0.74,0.74,0.00830137711780336,1
DTLZ4,10,"S4_(0.75,1.00]",population_h3,Precision,score_hybrid,anchor_margin,25,25,0.9184,0.937155555555556,-0.0187555555555556,-0.0177777777777778,-1.99756823334058,0.000182986821518165,0.16,-0.855384615384615,0.00109792092910899,1
DTLZ4,10,"S4_(0.75,1.00]",population_h3,Precision,score_v,anchor_margin,25,25,0.902933333333333,0.937155555555556,-0.0342222222222222,-0.0333333333333332,-3.64218511386913,2.52394681039149e-05,0.12,-0.963076923076923,0.000277634149143064,1
DTLZ4,10,"S4_(0.75,1.00]",population_h3,AUC,score_hybrid,score_v,25,25,0.534759255934168,0.496461024568165,0.0382982313660022,0.023786446023542,8.64338251208557,1.22903222102484e-05,1,1,0.000147483866522981,1
DTLZ4,10,"S4_(0.75,1.00]",population_h3,AUC,score_hybrid,anchor_margin,25,25,0.534759255934168,0.5527118654622,-0.0179526095280324,-0.0157261708623307,-3.28890532643137,0.00535499525645924,0.24,-0.636923076923077,0.0128637283900265,1
DTLZ4,10,"S4_(0.75,1.00]",population_h3,AUC,score_v,anchor_margin,25,25,0.496461024568165,0.5527118654622,-0.0562508408940346,-0.0462965770766055,-10.2644969233302,9.04208227922378e-05,0.12,-0.895384615384615,0.000452104113961189,1
DTLZ4,10,"S4_(0.75,1.00]",population_h3,Lift,score_hybrid,score_v,25,25,1.01561395531793,0.998264406261318,0.0173495490566069,0.0141744164768746,1.78651072706517,0.0015692533679153,0.76,0.723076923076923,0.0078462668395765,1
DTLZ4,10,"S4_(0.75,1.00]",population_h3,Lift,score_hybrid,anchor_margin,25,25,1.01561395531793,1.03633345347747,-0.0207194981595439,-0.0190595014151325,-1.99897561837185,0.000194074490070202,0.16,-0.852307692307692,0.00137386262764113,1
DTLZ4,10,"S4_(0.75,1.00]",population_h3,Lift,score_v,anchor_margin,25,25,0.998264406261318,1.03633345347747,-0.0380690472161507,-0.0363184736133513,-3.66385890293454,2.5431964463053e-05,0.12,-0.963076923076923,0.000279751609093583,1
DTLZ4,20,"S1_[0,0.25]",front_final,Precision,score_hybrid,score_v,25,25,0.99904,0.99968,-0.000640000000000001,0,-0.0640000000000001,0.5,0.46,-1,1,0
DTLZ4,20,"S1_[0,0.25]",front_final,Precision,score_hybrid,anchor_margin,25,25,0.99904,0.99808,0.000960000000000001,0,0.0991735537190083,1,0.52,1,1,0
DTLZ4,20,"S1_[0,0.25]",front_final,Precision,score_v,anchor_margin,25,25,0.99968,0.99808,0.0016,0,0.164489469474807,0.5,0.54,1,1,0
DTLZ4,20,"S1_[0,0.25]",front_final,AUC,score_hybrid,score_v,25,3,0.192592592592593,0.399326599326599,-0.206734006734007,-0.191919191919192,-52.5017088174983,0.5,0.166666666666667,-1,1,0
DTLZ4,20,"S1_[0,0.25]",front_final,AUC,score_hybrid,anchor_margin,25,3,0.192592592592593,0.18989898989899,0.0026936026936027,-0.0202020202020202,-15.2164212405176,1,0.333333333333333,0,1,0
DTLZ4,20,"S1_[0,0.25]",front_final,AUC,score_v,anchor_margin,25,3,0.399326599326599,0.18989898989899,0.209427609427609,0.171717171717172,76.7291387773315,0.5,0.666666666666667,0.666666666666667,1,0
DTLZ4,20,"S1_[0,0.25]",front_final,Lift,score_hybrid,score_v,25,25,0.99959595959596,1.00024242424242,-0.000646464646464651,0,-0.0642580645161294,0.5,0.46,-1,1,0
DTLZ4,20,"S1_[0,0.25]",front_final,Lift,score_hybrid,anchor_margin,25,25,0.99959595959596,0.998626262626263,0.000969696969696967,0,0.099173553719008,1,0.52,1,1,0
DTLZ4,20,"S1_[0,0.25]",front_final,Lift,score_v,anchor_margin,25,25,1.00024242424242,0.998626262626263,0.00161616161616162,0,0.16475173016193,0.5,0.54,1,1,0
DTLZ4,20,"S1_[0,0.25]",front_h1,Precision,score_hybrid,score_v,25,25,0.99936,0.99968,-0.00032,0,-0.032,1,0.48,-1,1,0
DTLZ4,20,"S1_[0,0.25]",front_h1,Precision,score_hybrid,anchor_margin,25,25,0.99936,0.99936,0,0,0,1,0.5,0,1,0
DTLZ4,20,"S1_[0,0.25]",front_h1,Precision,score_v,anchor_margin,25,25,0.99968,0.99936,0.00032,0,0.0322580645161291,1,0.52,1,1,0
DTLZ4,20,"S1_[0,0.25]",front_h1,AUC,score_hybrid,score_v,25,2,0.0808080808080808,0.176767676767677,-0.095959595959596,-0.095959595959596,-54.2857142857143,1,0.25,-1,1,0
DTLZ4,20,"S1_[0,0.25]",front_h1,AUC,score_hybrid,anchor_margin,25,2,0.0808080808080808,0.159090909090909,-0.0782828282828283,-0.0782828282828283,-55.5555555555556,0.5,0,-1,1,0
DTLZ4,20,"S1_[0,0.25]",front_h1,AUC,score_v,anchor_margin,25,2,0.176767676767677,0.159090909090909,0.0176767676767677,0.0176767676767677,-2.77777777777778,1,0.5,0.333333333333333,1,0
DTLZ4,20,"S1_[0,0.25]",front_h1,Lift,score_hybrid,score_v,25,25,0.999515151515152,0.999838383838384,-0.000323232323232325,0,-0.0322580645161292,1,0.48,-1,1,0
DTLZ4,20,"S1_[0,0.25]",front_h1,Lift,score_hybrid,anchor_margin,25,25,0.999515151515152,0.999515151515152,0,0,0,1,0.5,0,1,0
DTLZ4,20,"S1_[0,0.25]",front_h1,Lift,score_v,anchor_margin,25,25,0.999838383838384,0.999515151515152,0.000323232323232325,0,0.0325203252032522,1,0.52,1,1,0
DTLZ4,20,"S1_[0,0.25]",front_h3,Precision,score_hybrid,score_v,25,25,0.99936,0.99968,-0.00032,0,-0.032,1,0.48,-1,1,0
DTLZ4,20,"S1_[0,0.25]",front_h3,Precision,score_hybrid,anchor_margin,25,25,0.99936,0.99936,0,0,0,1,0.5,0,1,0
DTLZ4,20,"S1_[0,0.25]",front_h3,Precision,score_v,anchor_margin,25,25,0.99968,0.99936,0.00032,0,0.0322580645161291,1,0.52,1,1,0
DTLZ4,20,"S1_[0,0.25]",front_h3,AUC,score_hybrid,score_v,25,2,0.0808080808080808,0.176767676767677,-0.095959595959596,-0.095959595959596,-54.2857142857143,1,0.25,-1,1,0
DTLZ4,20,"S1_[0,0.25]",front_h3,AUC,score_hybrid,anchor_margin,25,2,0.0808080808080808,0.159090909090909,-0.0782828282828283,-0.0782828282828283,-55.5555555555556,0.5,0,-1,1,0
DTLZ4,20,"S1_[0,0.25]",front_h3,AUC,score_v,anchor_margin,25,2,0.176767676767677,0.159090909090909,0.0176767676767677,0.0176767676767677,-2.77777777777778,1,0.5,0.333333333333333,1,0
DTLZ4,20,"S1_[0,0.25]",front_h3,Lift,score_hybrid,score_v,25,25,0.999515151515152,0.999838383838384,-0.000323232323232325,0,-0.0322580645161292,1,0.48,-1,1,0
DTLZ4,20,"S1_[0,0.25]",front_h3,Lift,score_hybrid,anchor_margin,25,25,0.999515151515152,0.999515151515152,0,0,0,1,0.5,0,1,0
DTLZ4,20,"S1_[0,0.25]",front_h3,Lift,score_v,anchor_margin,25,25,0.999838383838384,0.999515151515152,0.000323232323232325,0,0.0325203252032522,1,0.52,1,1,0
DTLZ4,20,"S1_[0,0.25]",population_final,Precision,score_hybrid,score_v,25,25,0.13376,0.06368,0.07008,0.064,253.791891588793,2.6813978714322e-05,0.96,1,0.000294953765857542,1
DTLZ4,20,"S1_[0,0.25]",population_final,Precision,score_hybrid,anchor_margin,25,25,0.13376,0.14944,-0.01568,-0.016,-6.54698091644384,0.136531628440844,0.36,-0.369230769230769,0.546126513763375,0
DTLZ4,20,"S1_[0,0.25]",population_final,Precision,score_v,anchor_margin,25,25,0.06368,0.14944,-0.08576,-0.088,-59.5224672622371,1.52788207342166e-05,0.04,-0.987692307692308,0.000183345848810599,1
DTLZ4,20,"S1_[0,0.25]",population_final,AUC,score_hybrid,score_v,25,25,0.731778776985871,0.4361978249964,0.295580951989471,0.306626353116835,78.9922068499354,1.22903222102484e-05,1,1,0.000147483866522981,1
DTLZ4,20,"S1_[0,0.25]",population_final,AUC,score_hybrid,anchor_margin,25,25,0.731778776985871,0.766267211945414,-0.0344884349595428,-0.0322997305938295,-4.70436926487019,0.00225861399572074,0.2,-0.698461538461538,0.0113111126319693,1
DTLZ4,20,"S1_[0,0.25]",population_final,AUC,score_v,anchor_margin,25,25,0.4361978249964,0.766267211945414,-0.330069386949014,-0.319639309089695,-43.0677146057975,1.22903222102484e-05,0,-1,0.000147483866522981,1
DTLZ4,20,"S1_[0,0.25]",population_final,Lift,score_hybrid,score_v,25,25,2.06973044733045,0.887116883116883,1.18261356421356,1.16761904761905,324.191039682191,2.70159484871056e-05,0.96,1,0.000297175433358161,1
DTLZ4,20,"S1_[0,0.25]",population_final,Lift,score_hybrid,anchor_margin,25,25,2.06973044733045,2.29323405483406,-0.223503607503608,-0.166666666666667,-7.40386272767648,0.118584606043715,0.4,-0.356923076923077,0.390006396837234,0
DTLZ4,20,"S1_[0,0.25]",population_final,Lift,score_v,anchor_margin,25,25,0.887116883116883,2.29323405483406,-1.40611717171717,-1.45347763347763,-61.2857955842021,1.389801409379e-05,0.04,-0.993846153846154,0.000166776169125479,1
DTLZ4,20,"S1_[0,0.25]",population_h1,Precision,score_hybrid,score_v,25,25,0.99584,0.99648,-0.000640000000000001,0,-0.0611101039722741,0.841796875,0.48,-0.0909090909090909,1,0
DTLZ4,20,"S1_[0,0.25]",population_h1,Precision,score_hybrid,anchor_margin,25,25,0.99584,0.9952,0.000640000000000001,0,0.0647783897193811,0.5,0.54,1,1,0
DTLZ4,20,"S1_[0,0.25]",population_h1,Precision,score_v,anchor_margin,25,25,0.99648,0.9952,0.00128,0,0.13165097831835,0.5595703125,0.56,0.208791208791209,1,0
DTLZ4,20,"S1_[0,0.25]",population_h1,AUC,score_hybrid,score_v,25,25,0.873107773643482,0.767652265949939,0.105455507693543,0.098581560283688,14.3516248261543,1.22903222102484e-05,1,1,0.000147483866522981,1
DTLZ4,20,"S1_[0,0.25]",population_h1,AUC,score_hybrid,anchor_margin,25,25,0.873107773643482,0.900141148344945,-0.0270333747014626,-0.023625979843225,-2.97333273148138,3.22287733545754e-05,0.12,-0.950769230769231,0.000225601413482028,1
DTLZ4,20,"S1_[0,0.25]",population_h1,AUC,score_v,anchor_margin,25,25,0.767652265949939,0.900141148344945,-0.132488882395006,-0.110992907801418,-14.6264710464234,1.22903222102484e-05,0,-1,0.000147483866522981,1
DTLZ4,20,"S1_[0,0.25]",population_h1,Lift,score_hybrid,score_v,25,25,1.06271836106531,1.06342181977076,-0.000703458705450819,0,-0.0622580535205072,0.4482421875,0.48,-0.333333333333333,1,0
DTLZ4,20,"S1_[0,0.25]",population_h1,Lift,score_hybrid,anchor_margin,25,25,1.06271836106531,1.06202237997784,0.000695981087470452,0,0.0656408405141586,0.5,0.54,1,1,0
DTLZ4,20,"S1_[0,0.25]",population_h1,Lift,score_v,anchor_margin,25,25,1.06342181977076,1.06202237997784,0.00139943979292127,0,0.133624928040099,0.231689453125,0.56,0.472527472527473,1,0
DTLZ4,20,"S1_[0,0.25]",population_h3,Precision,score_hybrid,score_v,25,25,0.99168,0.99168,0,0,0.00662291642482792,1,0.5,0,1,0
DTLZ4,20,"S1_[0,0.25]",population_h3,Precision,score_hybrid,anchor_margin,25,25,0.99168,0.99072,0.000960000000000001,0,0.0996894729711422,0.4375,0.52,0.466666666666667,1,0
DTLZ4,20,"S1_[0,0.25]",population_h3,Precision,score_v,anchor_margin,25,25,0.99168,0.99072,0.000960000000000001,0,0.103920561554104,0.78179931640625,0.56,0.0916666666666667,1,0
DTLZ4,20,"S1_[0,0.25]",population_h3,AUC,score_hybrid,score_v,25,25,0.859414114058269,0.706528421763039,0.15288569229523,0.150224592295533,22.6828809983362,1.22903222102484e-05,1,1,0.000147483866522981,1
DTLZ4,20,"S1_[0,0.25]",population_h3,AUC,score_hybrid,anchor_margin,25,25,0.859414114058269,0.90500245985749,-0.0455883457992213,-0.0411039333980829,-5.0440106285073,1.22903222102484e-05,0,-1,0.000147483866522981,1
DTLZ4,20,"S1_[0,0.25]",population_h3,AUC,score_v,anchor_margin,25,25,0.706528421763039,0.90500245985749,-0.198474038094451,-0.183392252319813,-21.9622985105159,1.22903222102484e-05,0,-1,0.000147483866522981,1
DTLZ4,20,"S1_[0,0.25]",population_h3,Lift,score_hybrid,score_v,25,25,1.21179460207308,1.21181245335429,-1.78512812090847e-05,0,0.00673376804235245,0.900634765625,0.52,0.0333333333333333,1,0
DTLZ4,20,"S1_[0,0.25]",population_h3,Lift,score_hybrid,anchor_margin,25,25,1.21179460207308,1.21060941253444,0.00118518953864236,0,0.100441545536763,0.625,0.52,0.333333333333333,1,0
DTLZ4,20,"S1_[0,0.25]",population_h3,Lift,score_v,anchor_margin,25,25,1.21181245335429,1.21060941253444,0.00120304081985145,0,0.104618152702902,0.641548707918742,0.54,0.139705882352941,1,0
DTLZ4,20,"S2_(0.25,0.50]",front_final,Precision,score_hybrid,score_v,25,25,0.996342857142857,0.995961904761905,0.000380952380952371,0,0.0390886702608954,1,0.48,0,1,0
DTLZ4,20,"S2_(0.25,0.50]",front_final,Precision,score_hybrid,anchor_margin,25,25,0.996342857142857,0.999161904761905,-0.00281904761904758,0,-0.282185082802867,0.001953125,0.3,-1,0.0234375,1
DTLZ4,20,"S2_(0.25,0.50]",front_final,Precision,score_v,anchor_margin,25,25,0.995961904761905,0.999161904761905,-0.00319999999999995,0,-0.320147430532655,0.00390625,0.32,-1,0.04296875,1
DTLZ4,20,"S2_(0.25,0.50]",front_final,AUC,score_hybrid,score_v,25,12,0.182314793718303,0.18390441592196,-0.00158962220365728,-0.00505050505050505,-2.91780642396312,0.640625,0.333333333333333,-0.222222222222222,1,0
DTLZ4,20,"S2_(0.25,0.50]",front_final,AUC,score_hybrid,anchor_margin,25,12,0.182314793718303,0.366837601157777,-0.184522807439474,-0.196759259259259,-57.3446247692668,0.00244140625,0.0833333333333333,-0.923076923076923,0.029296875,1
DTLZ4,20,"S2_(0.25,0.50]",front_final,AUC,score_v,anchor_margin,25,12,0.18390441592196,0.366837601157777,-0.182933185235817,-0.184343434343434,-56.3211467143969,0.00341796875,0.0833333333333333,-0.897435897435897,0.03759765625,1
DTLZ4,20,"S2_(0.25,0.50]",front_final,Lift,score_hybrid,score_v,25,25,0.997999037999038,0.997614237614237,0.000384800384800394,0,0.039045764362221,1,0.48,0,1,0
DTLZ4,20,"S2_(0.25,0.50]",front_final,Lift,score_hybrid,anchor_margin,25,25,0.997999037999038,1.00084656084656,-0.00284752284752291,0,-0.283548380895629,0.001953125,0.3,-1,0.0234375,1
DTLZ4,20,"S2_(0.25,0.50]",front_final,Lift,score_v,anchor_margin,25,25,0.997614237614237,1.00084656084656,-0.00323232323232331,0,-0.321465710221687,0.00390625,0.32,-1,0.04296875,1
DTLZ4,20,"S2_(0.25,0.50]",front_h1,Precision,score_hybrid,score_v,25,25,0.999466666666667,0.999542857142857,-7.61904761904741e-05,0,-0.00761904761904741,1,0.48,-1,1,0
DTLZ4,20,"S2_(0.25,0.50]",front_h1,Precision,score_hybrid,anchor_margin,25,25,0.999466666666667,0.99992380952381,-0.000457142857142845,0,-0.0457142857142845,0.03125,0.38,-1,0.375,0
DTLZ4,20,"S2_(0.25,0.50]",front_h1,Precision,score_v,anchor_margin,25,25,0.999542857142857,0.99992380952381,-0.000380952380952371,0,-0.0380952380952371,0.0625,0.4,-1,0.625,0
DTLZ4,20,"S2_(0.25,0.50]",front_h1,AUC,score_hybrid,score_v,25,7,0.0836940836940837,0.10966810966811,-0.025974025974026,0,-13.0427841634738,0.25,0.285714285714286,-1,1,0
DTLZ4,20,"S2_(0.25,0.50]",front_h1,AUC,score_hybrid,anchor_margin,25,7,0.0836940836940837,0.354978354978355,-0.271284271284271,-0.262626262626263,-74.1018473273413,0.015625,0,-1,0.1875,0
DTLZ4,20,"S2_(0.25,0.50]",front_h1,AUC,score_v,anchor_margin,25,7,0.10966810966811,0.354978354978355,-0.245310245310245,-0.196969696969697,-66.1698299700708,0.03125,0.0714285714285714,-1,0.28125,0
DTLZ4,20,"S2_(0.25,0.50]",front_h1,Lift,score_hybrid,score_v,25,25,0.99959595959596,0.99967291967292,-7.69600769600798e-05,0,-0.00769230769230797,1,0.48,-1,1,0
DTLZ4,20,"S2_(0.25,0.50]",front_h1,Lift,score_hybrid,anchor_margin,25,25,0.99959595959596,1.00005772005772,-0.000461760461760479,0,-0.0461538461538478,0.03125,0.38,-1,0.375,0
DTLZ4,20,"S2_(0.25,0.50]",front_h1,Lift,score_v,anchor_margin,25,25,0.99967291967292,1.00005772005772,-0.000384800384800399,0,-0.0384615384615399,0.0625,0.4,-1,0.625,0
DTLZ4,20,"S2_(0.25,0.50]",front_h3,Precision,score_hybrid,score_v,25,25,0.999161904761905,0.999238095238095,-7.61904761904741e-05,0,-0.00761904761904741,1,0.48,-1,1,0
DTLZ4,20,"S2_(0.25,0.50]",front_h3,Precision,score_hybrid,anchor_margin,25,25,0.999161904761905,0.99992380952381,-0.000761904761904741,0,-0.0762050163576861,0.015625,0.36,-1,0.1875,0
DTLZ4,20,"S2_(0.25,0.50]",front_h3,Precision,score_v,anchor_margin,25,25,0.999238095238095,0.99992380952381,-0.000685714285714267,0,-0.0685859687386386,0.03125,0.38,-1,0.3125,0
DTLZ4,20,"S2_(0.25,0.50]",front_h3,AUC,score_hybrid,score_v,25,7,0.0810485810485811,0.107984607984608,-0.0269360269360269,0,-13.9330975537872,0.25,0.285714285714286,-1,1,0
DTLZ4,20,"S2_(0.25,0.50]",front_h3,AUC,score_hybrid,anchor_margin,25,7,0.0810485810485811,0.36038961038961,-0.279341029341029,-0.262626262626263,-76.1799388379181,0.015625,0,-1,0.171875,0
DTLZ4,20,"S2_(0.25,0.50]",front_h3,AUC,score_v,anchor_margin,25,7,0.107984607984608,0.36038961038961,-0.252405002405002,-0.213804713804714,-68.4065528036625,0.015625,0,-1,0.171875,0
DTLZ4,20,"S2_(0.25,0.50]",front_h3,Lift,score_hybrid,score_v,25,25,0.999365079365079,0.999442039442039,-7.69600769600798e-05,0,-0.00769230769230797,1,0.48,-1,1,0
DTLZ4,20,"S2_(0.25,0.50]",front_h3,Lift,score_hybrid,anchor_margin,25,25,0.999365079365079,1.00013468013468,-0.000769600769600798,0,-0.0769046266935605,0.015625,0.36,-1,0.1875,0
DTLZ4,20,"S2_(0.25,0.50]",front_h3,Lift,score_v,anchor_margin,25,25,0.999442039442039,1.00013468013468,-0.000692640692640718,0,-0.0692123190012526,0.03125,0.38,-1,0.3125,0
DTLZ4,20,"S2_(0.25,0.50]",population_final,Precision,score_hybrid,score_v,25,25,0.221942857142857,0.183695238095238,0.038247619047619,0.0304761904761905,26.576058405884,0.000173664507735704,0.84,0.858461538461538,0.00173664507735704,1
DTLZ4,20,"S2_(0.25,0.50]",population_final,Precision,score_hybrid,anchor_margin,25,25,0.221942857142857,0.184457142857143,0.0374857142857143,0.038095238095238,24.9383958192732,0.00381242932883408,0.76,0.667692307692308,0.0343118639595067,1
DTLZ4,20,"S2_(0.25,0.50]",population_final,Precision,score_v,anchor_margin,25,25,0.183695238095238,0.184457142857143,-0.000761904761904768,0.00190476190476194,3.57369478243408,0.914267876116065,0.52,-0.0338461538461538,1,0
DTLZ4,20,"S2_(0.25,0.50]",population_final,AUC,score_hybrid,score_v,25,25,0.627725353454411,0.527266631433969,0.100458722020442,0.0894539171025405,20.8368969551771,1.22903222102484e-05,1,1,0.000147483866522981,1
DTLZ4,20,"S2_(0.25,0.50]",population_final,AUC,score_hybrid,anchor_margin,25,25,0.627725353454411,0.618979642710074,0.00874571074433719,0.00454259046458794,1.38752210264374,0.312970226333447,0.56,0.230769230769231,0.331673417775106,0
DTLZ4,20,"S2_(0.25,0.50]",population_final,AUC,score_v,anchor_margin,25,25,0.527266631433969,0.618979642710074,-0.0917130112761048,-0.0789402430872529,-14.7633283038876,8.08512999935919e-05,0.08,-0.901538461538462,0.000727661699942327,1
DTLZ4,20,"S2_(0.25,0.50]",population_final,Lift,score_hybrid,score_v,25,25,1.52247199784569,1.22163670279795,0.300835295047737,0.278883861236803,31.4343701259228,5.75632836939671e-05,0.84,0.92,0.000575632836939671,1
DTLZ4,20,"S2_(0.25,0.50]",population_final,Lift,score_hybrid,anchor_margin,25,25,1.52247199784569,1.34456945843307,0.17790253941262,0.180879935501784,17.3678029601451,0.0780012793674467,0.64,0.403076923076923,0.390006396837234,0
DTLZ4,20,"S2_(0.25,0.50]",population_final,Lift,score_v,anchor_margin,25,25,1.22163670279795,1.34456945843307,-0.122932755635117,-0.112402676688391,-6.70803827750445,0.0875271268026895,0.28,-0.390769230769231,0.390006396837234,0
DTLZ4,20,"S2_(0.25,0.50]",population_h1,Precision,score_hybrid,score_v,25,25,0.982933333333334,0.968152380952381,0.0147809523809524,0.0133333333333333,1.53458438115825,1.20581480194959e-05,1,1,0.00014469777623395,1
DTLZ4,20,"S2_(0.25,0.50]",population_h1,Precision,score_hybrid,anchor_margin,25,25,0.982933333333334,0.970895238095238,0.0120380952380952,0.00952380952380949,1.24978642505131,2.65846171370839e-05,0.98,1,0.000292430788507923,1
DTLZ4,20,"S2_(0.25,0.50]",population_h1,Precision,score_v,anchor_margin,25,25,0.968152380952381,0.970895238095238,-0.00274285714285714,-0.00571428571428556,-0.266786326251649,0.223999428762174,0.32,-0.286153846153846,1,0
DTLZ4,20,"S2_(0.25,0.50]",population_h1,AUC,score_hybrid,score_v,25,25,0.65902416071301,0.547476835708915,0.111547325004095,0.100418198609414,20.9322965648489,1.22903222102484e-05,1,1,0.000147483866522981,1
DTLZ4,20,"S2_(0.25,0.50]",population_h1,AUC,score_hybrid,anchor_margin,25,25,0.65902416071301,0.67515072825762,-0.0161265675446103,-0.0193945625481066,-2.26421854463754,0.0087050890474632,0.24,-0.6,0.0261152671423896,1
DTLZ4,20,"S2_(0.25,0.50]",population_h1,AUC,score_v,anchor_margin,25,25,0.547476835708915,0.67515072825762,-0.127673892548705,-0.128015899042637,-18.7216457775105,1.22903222102484e-05,0,-1,0.000147483866522981,1
DTLZ4,20,"S2_(0.25,0.50]",population_h1,Lift,score_hybrid,score_v,25,25,1.03883746736554,1.02312045119421,0.0157170161713323,0.0141630672425743,1.54531741859654,1.22903222102484e-05,1,1,0.000147483866522981,1
DTLZ4,20,"S2_(0.25,0.50]",population_h1,Lift,score_hybrid,anchor_margin,25,25,1.03883746736554,1.02594844055479,0.012889026810749,0.0103115651897332,1.26523510344169,1.77348399029039e-05,0.92,0.981538461538462,0.000195083238931942,1
DTLZ4,20,"S2_(0.25,0.50]",population_h1,Lift,score_v,anchor_margin,25,25,1.02312045119421,1.02594844055479,-0.0028279893605833,-0.00614440819903583,-0.262027220637216,0.201221816380435,0.28,-0.292307692307692,1,0
DTLZ4,20,"S2_(0.25,0.50]",population_h3,Precision,score_hybrid,score_v,25,25,0.947276190476191,0.90232380952381,0.044952380952381,0.04,5.04584537368559,1.22458235221836e-05,1,1,0.000146949882266203,1
DTLZ4,20,"S2_(0.25,0.50]",population_h3,Precision,score_hybrid,anchor_margin,25,25,0.947276190476191,0.912152380952381,0.0351238095238095,0.0304761904761905,3.94740145114411,1.47226796951005e-05,0.96,0.987692307692308,0.000161949476646105,1
DTLZ4,20,"S2_(0.25,0.50]",population_h3,Precision,score_v,anchor_margin,25,25,0.90232380952381,0.912152380952381,-0.00982857142857146,-0.0152380952380952,-0.928597882789032,0.230956054085331,0.4,-0.273846153846154,1,0
DTLZ4,20,"S2_(0.25,0.50]",population_h3,AUC,score_hybrid,score_v,25,25,0.656417107128287,0.544033450141966,0.112383656986321,0.114007405334259,21.1953559784278,1.22903222102484e-05,1,1,0.000147483866522981,1
DTLZ4,20,"S2_(0.25,0.50]",population_h3,AUC,score_hybrid,anchor_margin,25,25,0.656417107128287,0.662864509924166,-0.00644740279587973,-0.0127857982030333,-0.813012061369473,0.182895636830461,0.4,-0.304615384615385,0.365791273660922,0
DTLZ4,20,"S2_(0.25,0.50]",population_h3,AUC,score_v,anchor_margin,25,25,0.544033450141966,0.662864509924166,-0.118831059782201,-0.126859868988345,-17.6866902365497,1.22903222102484e-05,0,-1,0.000147483866522981,1
DTLZ4,20,"S2_(0.25,0.50]",population_h3,Lift,score_hybrid,score_v,25,25,1.10975945048841,1.05671059051468,0.0530488599737226,0.0482830005122692,5.10206997891109,1.22903222102484e-05,1,1,0.000147483866522981,1
DTLZ4,20,"S2_(0.25,0.50]",population_h3,Lift,score_hybrid,anchor_margin,25,25,1.10975945048841,1.06840216777922,0.0413572827091889,0.0369491191106053,3.95481280465145,1.389801409379e-05,0.96,0.993846153846154,0.000152878155031689,1
DTLZ4,20,"S2_(0.25,0.50]",population_h3,Lift,score_v,anchor_margin,25,25,1.05671059051468,1.06840216777922,-0.0116915772645336,-0.0221504570356597,-0.973517496031563,0.220852469896346,0.4,-0.28,1,0
DTLZ4,20,"S3_(0.50,0.75]",front_final,Precision,score_hybrid,score_v,25,25,0.99544,0.99744,-0.00199999999999999,0,-0.200530608048587,0.0625,0.4,-1,0.5625,0
DTLZ4,20,"S3_(0.50,0.75]",front_final,Precision,score_hybrid,anchor_margin,25,25,0.99544,0.99784,-0.00239999999999998,0,-0.240925098311028,0.0078125,0.34,-0.927272727272727,0.078125,0
DTLZ4,20,"S3_(0.50,0.75]",front_final,Precision,score_v,anchor_margin,25,25,0.99744,0.99784,-0.000399999999999987,0,-0.0388774932566658,0.66796875,0.44,-0.177777777777778,1,0
DTLZ4,20,"S3_(0.50,0.75]",front_final,AUC,score_hybrid,score_v,25,12,0.231963392948241,0.270802724211815,-0.0388393312635737,-0.043939393939394,-19.4303420607249,0.0517578125,0.125,-0.666666666666667,0.4140625,0
DTLZ4,20,"S3_(0.50,0.75]",front_final,AUC,score_hybrid,anchor_margin,25,12,0.231963392948241,0.355449881207457,-0.123486488259216,-0.111832611832612,-34.0671334001883,0.02099609375,0.25,-0.743589743589744,0.2099609375,0
DTLZ4,20,"S3_(0.50,0.75]",front_final,AUC,score_v,anchor_margin,25,12,0.270802724211815,0.355449881207457,-0.0846471569956418,-0.108164983164983,-15.2179569899016,0.10986328125,0.25,-0.538461538461538,0.6591796875,0
DTLZ4,20,"S3_(0.50,0.75]",front_final,Lift,score_hybrid,score_v,25,25,0.996969696969697,0.998989898989899,-0.00202020202020206,0,-0.201407723423267,0.0625,0.4,-1,0.5625,0
DTLZ4,20,"S3_(0.50,0.75]",front_final,Lift,score_hybrid,anchor_margin,25,25,0.996969696969697,0.99939393939394,-0.00242424242424248,0,-0.242557069755576,0.0078125,0.34,-0.963636363636364,0.078125,0
DTLZ4,20,"S3_(0.50,0.75]",front_final,Lift,score_v,anchor_margin,25,25,0.998989898989899,0.99939393939394,-0.00040404040404042,0,-0.0396242464087908,0.66796875,0.44,-0.2,1,0
DTLZ4,20,"S3_(0.50,0.75]",front_h1,Precision,score_hybrid,score_v,25,25,0.99936,0.9996,-0.00024,0,-0.024,0.25,0.44,-1,1,0
DTLZ4,20,"S3_(0.50,0.75]",front_h1,Precision,score_hybrid,anchor_margin,25,25,0.99936,0.99992,-0.00056,0,-0.0559839679358718,0.0390625,0.36,-0.777777777777778,0.4296875,0
DTLZ4,20,"S3_(0.50,0.75]",front_h1,Precision,score_v,anchor_margin,25,25,0.9996,0.99992,-0.00032,0,-0.0319839679358718,0.21875,0.42,-0.666666666666667,1,0
DTLZ4,20,"S3_(0.50,0.75]",front_h1,AUC,score_hybrid,score_v,25,9,0.14702581369248,0.250280583613917,-0.103254769921437,-0.0404040404040404,-32.8408408408408,0.015625,0.111111111111111,-1,0.1875,0
DTLZ4,20,"S3_(0.50,0.75]",front_h1,AUC,score_hybrid,anchor_margin,25,9,0.14702581369248,0.308641975308642,-0.161616161616162,-0.196969696969697,-48.6682897501411,0.02734375,0.111111111111111,-0.822222222222222,0.2734375,0
DTLZ4,20,"S3_(0.50,0.75]",front_h1,AUC,score_v,anchor_margin,25,9,0.250280583613917,0.308641975308642,-0.058361391694725,-0.181818181818182,-11.0968920795642,0.23828125,0.333333333333333,-0.466666666666667,1,0
DTLZ4,20,"S3_(0.50,0.75]",front_h1,Lift,score_hybrid,score_v,25,25,0.999535353535354,0.999777777777778,-0.000242424242424257,0,-0.0242301867743579,0.25,0.44,-1,1,0
DTLZ4,20,"S3_(0.50,0.75]",front_h1,Lift,score_hybrid,anchor_margin,25,25,0.999535353535354,1.00010101010101,-0.0005656565656566,0,-0.0565207610897389,0.0390625,0.36,-0.777777777777778,0.4296875,0
DTLZ4,20,"S3_(0.50,0.75]",front_h1,Lift,score_v,anchor_margin,25,25,0.999777777777778,1.00010101010101,-0.000323232323232343,0,-0.032290574315381,0.21875,0.42,-0.666666666666667,1,0
DTLZ4,20,"S3_(0.50,0.75]",front_h3,Precision,score_hybrid,score_v,25,25,0.99856,0.99904,-0.000479999999999996,0,-0.0479999999999996,0.25,0.44,-1,1,0
DTLZ4,20,"S3_(0.50,0.75]",front_h3,Precision,score_hybrid,anchor_margin,25,25,0.99856,0.99984,-0.00127999999999998,0,-0.128016032064126,0.015625,0.36,-0.911111111111111,0.1875,0
DTLZ4,20,"S3_(0.50,0.75]",front_h3,Precision,score_v,anchor_margin,25,25,0.99904,0.99984,-0.000799999999999983,0,-0.0799679358717418,0.125,0.44,-0.714285714285714,1,0
DTLZ4,20,"S3_(0.50,0.75]",front_h3,AUC,score_hybrid,score_v,25,9,0.182566404788627,0.245604190048635,-0.0630377852600075,-0.0370370370370371,-26.340034705591,0.015625,0.111111111111111,-1,0.171875,0
DTLZ4,20,"S3_(0.50,0.75]",front_h3,AUC,score_hybrid,anchor_margin,25,9,0.182566404788627,0.3559670781893,-0.173400673400673,-0.212121212121212,-56.5631972651565,0.0078125,0.111111111111111,-0.955555555555556,0.09375,0
DTLZ4,20,"S3_(0.50,0.75]",front_h3,AUC,score_v,anchor_margin,25,9,0.245604190048635,0.3559670781893,-0.110362888140666,-0.181818181818182,-39.6141818282232,0.1640625,0.333333333333333,-0.555555555555556,0.984375,0
DTLZ4,20,"S3_(0.50,0.75]",front_h3,Lift,score_hybrid,score_v,25,25,0.998989898989899,0.999474747474747,-0.000484848484848488,0,-0.0484196437003783,0.25,0.44,-1,1,0
DTLZ4,20,"S3_(0.50,0.75]",front_h3,Lift,score_hybrid,anchor_margin,25,25,0.998989898989899,1.00028282828283,-0.00129292929292931,0,-0.129138069485078,0.015625,0.36,-0.955555555555556,0.1875,0
DTLZ4,20,"S3_(0.50,0.75]",front_h3,Lift,score_v,anchor_margin,25,25,0.999474747474747,1.00028282828283,-0.000808080808080827,0,-0.0806695005722385,0.125,0.44,-0.785714285714286,1,0
DTLZ4,20,"S3_(0.50,0.75]",population_final,Precision,score_hybrid,score_v,25,25,0.44464,0.41352,0.03112,0.0280000000000001,10.5838968123967,0.0171174012638436,0.64,0.535384615384615,0.102704407583061,0
DTLZ4,20,"S3_(0.50,0.75]",population_final,Precision,score_hybrid,anchor_margin,25,25,0.44464,0.40136,0.04328,0.03,13.2595212873783,0.00433212572576429,0.8,0.652307692307692,0.0346570058061143,1
DTLZ4,20,"S3_(0.50,0.75]",population_final,Precision,score_v,anchor_margin,25,25,0.41352,0.40136,0.01216,0.0399999999999999,6.02074841318036,0.467480063163267,0.6,0.169230769230769,1,0
DTLZ4,20,"S3_(0.50,0.75]",population_final,AUC,score_hybrid,score_v,25,25,0.579446346370633,0.542008459344757,0.0374378870258756,0.0313244527166393,7.77098572503813,0.00107855934748992,0.8,0.747692307692308,0.00754991543242943,1
DTLZ4,20,"S3_(0.50,0.75]",population_final,AUC,score_hybrid,anchor_margin,25,25,0.579446346370633,0.563250021847933,0.0161963245226999,0.0121909819344032,2.87830981585916,0.0246574711684664,0.64,0.513846153846154,0.0986298846738655,0
DTLZ4,20,"S3_(0.50,0.75]",population_final,AUC,score_v,anchor_margin,25,25,0.542008459344757,0.563250021847933,-0.0212415625031757,-0.0164364632542462,-3.52162137584519,0.165836708887553,0.4,-0.316923076923077,0.331673417775106,0
DTLZ4,20,"S3_(0.50,0.75]",population_final,Lift,score_hybrid,score_v,25,25,1.25422970606824,1.17028750742687,0.0839421986413719,0.0919901866627022,10.7147465586463,0.0283136256824277,0.56,0.501538461538461,0.198195379776994,0
DTLZ4,20,"S3_(0.50,0.75]",population_final,Lift,score_hybrid,anchor_margin,25,25,1.25422970606824,1.10320741441491,0.151022291653331,0.100292825010263,15.8361665794623,0.00172056201579673,0.84,0.716923076923077,0.0154850581421706,1
DTLZ4,20,"S3_(0.50,0.75]",population_final,Lift,score_v,anchor_margin,25,25,1.17028750742687,1.10320741441491,0.0670800930119596,0.117864026480753,8.51790635364494,0.275832129465661,0.64,0.249230769230769,0.551664258931323,0
DTLZ4,20,"S3_(0.50,0.75]",population_h1,Precision,score_hybrid,score_v,25,25,0.97216,0.9664,0.00576000000000002,0.00400000000000011,0.602641869220777,0.0113392907969684,0.78,0.613333333333333,0.102053617172715,0
DTLZ4,20,"S3_(0.50,0.75]",population_h1,Precision,score_hybrid,anchor_margin,25,25,0.97216,0.96472,0.00744,0.00800000000000012,0.779361617811789,0.00352104404351771,0.78,0.673333333333333,0.0352104404351771,1
DTLZ4,20,"S3_(0.50,0.75]",population_h1,Precision,score_v,anchor_margin,25,25,0.9664,0.96472,0.00167999999999998,0.004,0.185625923294358,0.286058568139536,0.7,0.253333333333333,1,0
DTLZ4,20,"S3_(0.50,0.75]",population_h1,AUC,score_hybrid,score_v,25,25,0.584672839714839,0.535746296695743,0.0489265430190955,0.041158763445637,9.60813286282239,4.07291433495254e-05,0.84,0.938461538461538,0.000244374860097153,1
DTLZ4,20,"S3_(0.50,0.75]",population_h1,AUC,score_hybrid,anchor_margin,25,25,0.584672839714839,0.574958803891144,0.00971403582369526,0.00966866920520604,1.73875858003556,0.0693371612744929,0.68,0.415384615384615,0.102173322207794,0
DTLZ4,20,"S3_(0.50,0.75]",population_h1,AUC,score_v,anchor_margin,25,25,0.535746296695743,0.574958803891144,-0.0392125071954003,-0.0175419367216215,-6.60782987053799,0.000980382670179016,0.2,-0.753846153846154,0.00392153068071606,1
DTLZ4,20,"S3_(0.50,0.75]",population_h1,Lift,score_hybrid,score_v,25,25,1.01523176575909,1.00920269978087,0.00602906597821951,0.00423292273236275,0.606032175963757,0.01018130412449,0.76,0.587692307692308,0.0916317371204104,0
DTLZ4,20,"S3_(0.50,0.75]",population_h1,Lift,score_hybrid,anchor_margin,25,25,1.01523176575909,1.007155610748,0.008076155011094,0.0104203862134304,0.808937699277181,0.00294699145433131,0.76,0.68,0.0294699145433131,1
DTLZ4,20,"S3_(0.50,0.75]",population_h1,Lift,score_v,anchor_margin,25,25,1.00920269978087,1.007155610748,0.00204708903287449,0.00432350244250812,0.21175076745535,0.174210276396176,0.68,0.310769230769231,1,0
DTLZ4,20,"S3_(0.50,0.75]",population_h3,Precision,score_hybrid,score_v,25,25,0.9228,0.9108,0.012,0.00800000000000001,1.37623055027079,0.0322944584280643,0.68,0.492307692307692,0.258355667424515,0
DTLZ4,20,"S3_(0.50,0.75]",population_h3,Precision,score_hybrid,anchor_margin,25,25,0.9228,0.90056,0.02224,0.024,2.53450491780065,0.00224718813723899,0.84,0.695384615384615,0.0224718813723899,1
DTLZ4,20,"S3_(0.50,0.75]",population_h3,Precision,score_v,anchor_margin,25,25,0.9108,0.90056,0.01024,0.0180000000000001,1.22924858559066,0.0673519475188604,0.76,0.44,0.471463632632023,0
DTLZ4,20,"S3_(0.50,0.75]",population_h3,AUC,score_hybrid,score_v,25,25,0.590206265821879,0.55166546283793,0.0385408029839491,0.0341882306143548,7.41654938410054,0.000215854164499942,0.8,0.846153846153846,0.00107927082249971,1
DTLZ4,20,"S3_(0.50,0.75]",population_h3,AUC,score_hybrid,anchor_margin,25,25,0.590206265821879,0.572662885058949,0.0175433807629299,0.0163565913761911,3.17375459712213,0.00321593209750662,0.76,0.673846153846154,0.0128637283900265,1
DTLZ4,20,"S3_(0.50,0.75]",population_h3,AUC,score_v,anchor_margin,25,25,0.55166546283793,0.572662885058949,-0.0209974222210192,-0.00857846820658315,-3.38444474647783,0.121827699998635,0.4,-0.353846153846154,0.365483099995904,0
DTLZ4,20,"S3_(0.50,0.75]",population_h3,Lift,score_hybrid,score_v,25,25,1.04629944956404,1.03281961759006,0.0134798319739805,0.00891444304487754,1.37558188859353,0.0324276121264537,0.68,0.489230769230769,0.25942089701163,0
DTLZ4,20,"S3_(0.50,0.75]",population_h3,Lift,score_hybrid,anchor_margin,25,25,1.04629944956404,1.02009352269576,0.026205926868277,0.0280716625546527,2.62074286685499,0.0024697142925472,0.84,0.692307692307692,0.024697142925472,1
DTLZ4,20,"S3_(0.50,0.75]",population_h3,Lift,score_v,anchor_margin,25,25,1.03281961759006,1.02009352269576,0.0127260948942964,0.0228962980195246,1.31552198799743,0.0578362165685366,0.72,0.433846153846154,0.404853515979756,0
DTLZ4,20,"S4_(0.75,1.00]",front_final,Precision,score_hybrid,score_v,25,25,0.999238095238095,0.999542857142857,-0.000304761904761905,0,-0.0304761904761905,1,0.48,-1,1,0
DTLZ4,20,"S4_(0.75,1.00]",front_final,Precision,score_hybrid,anchor_margin,25,25,0.999238095238095,1,-0.00076190476190475,0,-0.076190476190475,0.0625,0.4,-1,0.5625,0
DTLZ4,20,"S4_(0.75,1.00]",front_final,Precision,score_v,anchor_margin,25,25,0.999542857142857,1,-0.000457142857142845,0,-0.0457142857142845,0.125,0.42,-1,0.875,0
DTLZ4,20,"S4_(0.75,1.00]",front_final,AUC,score_hybrid,score_v,25,6,0.18973063973064,0.214478114478114,-0.0247474747474748,-0.0101010101010101,-12.4089200808323,0.375,0.25,-0.466666666666667,1,0
DTLZ4,20,"S4_(0.75,1.00]",front_final,AUC,score_hybrid,anchor_margin,25,6,0.18973063973064,0.43858024691358,-0.24884960718294,-0.276094276094276,-61.1107686899479,0.03125,0,-1,0.28125,0
DTLZ4,20,"S4_(0.75,1.00]",front_final,AUC,score_v,anchor_margin,25,6,0.214478114478114,0.43858024691358,-0.224102132435466,-0.265993265993266,-51.0209165218913,0.0625,0.166666666666667,-0.904761904761905,0.4375,0
DTLZ4,20,"S4_(0.75,1.00]",front_final,Lift,score_hybrid,score_v,25,25,0.99963443963444,0.99994227994228,-0.000307840307840306,0,-0.0307101727447215,1,0.48,-1,1,0
DTLZ4,20,"S4_(0.75,1.00]",front_final,Lift,score_hybrid,anchor_margin,25,25,0.99963443963444,1.00040404040404,-0.000769600769600785,0,-0.0768418508648739,0.0625,0.4,-1,0.5625,0
DTLZ4,20,"S4_(0.75,1.00]",front_final,Lift,score_v,anchor_margin,25,25,0.99994227994228,1.00040404040404,-0.000461760461760479,0,-0.0461316781201524,0.125,0.42,-1,0.875,0
DTLZ4,20,"S4_(0.75,1.00]",front_h1,Precision,score_hybrid,score_v,25,25,0.99968,0.99968,0,0,0,1,0.5,0,1,0
DTLZ4,20,"S4_(0.75,1.00]",front_h1,Precision,score_hybrid,anchor_margin,25,25,0.99968,1,-0.00032,0,-0.032,0.125,0.42,-1,1,0
DTLZ4,20,"S4_(0.75,1.00]",front_h1,Precision,score_v,anchor_margin,25,25,0.99968,1,-0.00032,0,-0.032,0.125,0.42,-1,1,0
DTLZ4,20,"S4_(0.75,1.00]",front_h1,AUC,score_hybrid,score_v,25,5,0.208080808080808,0.173737373737374,0.0343434343434343,-0.0101010101010101,-1.96491228070176,0.75,0.3,-0.2,1,0
DTLZ4,20,"S4_(0.75,1.00]",front_h1,AUC,score_hybrid,anchor_margin,25,5,0.208080808080808,0.456565656565657,-0.248484848484848,-0.328282828282828,-63.4217447597584,0.125,0.2,-0.866666666666667,0.875,0
DTLZ4,20,"S4_(0.75,1.00]",front_h1,AUC,score_v,anchor_margin,25,5,0.173737373737374,0.456565656565657,-0.282828282828283,-0.328282828282828,-67.5554439272653,0.0625,0,-1,0.5,0
DTLZ4,20,"S4_(0.75,1.00]",front_h1,Lift,score_hybrid,score_v,25,25,0.999777777777778,0.999777777777778,0,0,0,1,0.5,0,1,0
DTLZ4,20,"S4_(0.75,1.00]",front_h1,Lift,score_hybrid,anchor_margin,25,25,0.999777777777778,1.00010101010101,-0.000323232323232343,0,-0.0323069156991438,0.125,0.42,-1,1,0
DTLZ4,20,"S4_(0.75,1.00]",front_h1,Lift,score_v,anchor_margin,25,25,0.999777777777778,1.00010101010101,-0.000323232323232343,0,-0.0323069156991438,0.125,0.42,-1,1,0
DTLZ4,20,"S4_(0.75,1.00]",front_h3,Precision,score_hybrid,score_v,25,25,0.999377777777778,0.999466666666667,-8.8888888888885e-05,0,-0.0088888888888885,1,0.48,-1,1,0
DTLZ4,20,"S4_(0.75,1.00]",front_h3,Precision,score_hybrid,anchor_margin,25,25,0.999377777777778,1,-0.0006222222222222,0,-0.06222222222222,0.0625,0.4,-1,0.5625,0
DTLZ4,20,"S4_(0.75,1.00]",front_h3,Precision,score_v,anchor_margin,25,25,0.999466666666667,1,-0.000533333333333315,0,-0.0533333333333315,0.125,0.42,-1,1,0
DTLZ4,20,"S4_(0.75,1.00]",front_h3,AUC,score_hybrid,score_v,25,6,0.213804713804714,0.218294051627385,-0.00448933782267117,-0.0101010101010101,-9.07902554961378,0.5625,0.25,-0.333333333333333,1,0
DTLZ4,20,"S4_(0.75,1.00]",front_h3,AUC,score_hybrid,anchor_margin,25,6,0.213804713804714,0.449494949494949,-0.235690235690236,-0.276094276094276,-59.2741266803635,0.0625,0.166666666666667,-0.904761904761905,0.5,0
DTLZ4,20,"S4_(0.75,1.00]",front_h3,AUC,score_v,anchor_margin,25,6,0.218294051627385,0.449494949494949,-0.231200897867565,-0.265993265993266,-51.8200243628863,0.0625,0.166666666666667,-0.904761904761905,0.5,0
DTLZ4,20,"S4_(0.75,1.00]",front_h3,Lift,score_hybrid,score_v,25,25,0.99959595959596,0.999685746352413,-8.97867564534227e-05,0,-0.00897363993269766,1,0.48,-1,1,0
DTLZ4,20,"S4_(0.75,1.00]",front_h3,Lift,score_hybrid,anchor_margin,25,25,0.99959595959596,1.00022446689113,-0.000628507295173968,0,-0.0627853160333124,0.0625,0.4,-1,0.5625,0
DTLZ4,20,"S4_(0.75,1.00]",front_h3,Lift,score_v,anchor_margin,25,25,0.999685746352413,1.00022446689113,-0.000538720538720545,0,-0.0538116761006147,0.125,0.42,-1,1,0
DTLZ4,20,"S4_(0.75,1.00]",population_final,Precision,score_hybrid,score_v,25,25,0.76,0.733485714285715,0.0265142857142857,0.0209523809523809,4.11620311260214,0.00863244057136605,0.76,0.603076923076923,0.0604270839995623,0
DTLZ4,20,"S4_(0.75,1.00]",population_final,Precision,score_hybrid,anchor_margin,25,25,0.76,0.771047619047619,-0.011047619047619,-0.00190476190476208,-1.09611480922957,0.367298760201921,0.48,-0.203076923076923,1,0
DTLZ4,20,"S4_(0.75,1.00]",population_final,Precision,score_v,anchor_margin,25,25,0.733485714285715,0.771047619047619,-0.0375619047619048,-0.019047619047619,-4.57617118130091,0.0267625446437732,0.26,-0.516666666666667,0.133812723218866,0
DTLZ4,20,"S4_(0.75,1.00]",population_final,AUC,score_hybrid,score_v,25,25,0.538438492323877,0.493165124278593,0.0452733680452834,0.0376758979361342,10.1732615435136,0.000602178579749257,0.84,0.784615384615385,0.00481742863799406,1
DTLZ4,20,"S4_(0.75,1.00]",population_final,AUC,score_hybrid,anchor_margin,25,25,0.538438492323877,0.554289285529041,-0.0158507932051645,-0.0206500016461828,-2.74051872188402,0.0370433781841915,0.24,-0.476923076923077,0.111130134552575,0
DTLZ4,20,"S4_(0.75,1.00]",population_final,AUC,score_v,anchor_margin,25,25,0.493165124278593,0.554289285529041,-0.0611241612504479,-0.0598640038712127,-10.3448574028435,0.00188518543866155,0.16,-0.710769230769231,0.0113111126319693,1
DTLZ4,20,"S4_(0.75,1.00]",population_final,Lift,score_hybrid,score_v,25,25,1.03680144129776,0.996457245406713,0.0403441958910482,0.0345202608958675,4.58050555428577,0.00684804750492553,0.76,0.618461538461539,0.0547843800394042,0
DTLZ4,20,"S4_(0.75,1.00]",population_final,Lift,score_hybrid,anchor_margin,25,25,1.03680144129776,1.0481634944466,-0.0113620531488367,-0.000490589213815285,-0.744249021081222,0.443172497169687,0.48,-0.175384615384615,0.551664258931323,0
DTLZ4,20,"S4_(0.75,1.00]",population_final,Lift,score_v,anchor_margin,25,25,0.996457245406713,1.0481634944466,-0.0517062490398849,-0.0293911199676655,-4.57008479867729,0.0578362165685366,0.36,-0.433846153846154,0.34701729941122,0
DTLZ4,20,"S4_(0.75,1.00]",population_h1,Precision,score_hybrid,score_v,25,25,0.9708,0.96648,0.00432000000000008,0.00399999999999989,0.453602068510564,0.0265055296990667,0.68,0.583333333333333,0.212044237592534,0
DTLZ4,20,"S4_(0.75,1.00]",population_h1,Precision,score_hybrid,anchor_margin,25,25,0.9708,0.97184,-0.00103999999999995,-0.002,-0.0999470757796919,0.464916883305046,0.42,-0.136666666666667,1,0
DTLZ4,20,"S4_(0.75,1.00]",population_h1,Precision,score_v,anchor_margin,25,25,0.96648,0.97184,-0.00536000000000003,-0.00600000000000001,-0.541664272222052,0.0774762273071957,0.36,-0.4,0.54233359115037,0
DTLZ4,20,"S4_(0.75,1.00]",population_h1,AUC,score_hybrid,score_v,25,25,0.545586883914327,0.497455378981982,0.0481315049323447,0.0377004389774273,10.1666603195774,1.57051000197501e-05,0.96,0.987692307692308,0.000147483866522981,1
DTLZ4,20,"S4_(0.75,1.00]",population_h1,AUC,score_hybrid,anchor_margin,25,25,0.545586883914327,0.557788129353547,-0.0122012454392203,-0.00978176554213206,-2.07773951252789,0.051086661103897,0.28,-0.446153846153846,0.102173322207794,0
DTLZ4,20,"S4_(0.75,1.00]",population_h1,AUC,score_v,anchor_margin,25,25,0.497455378981982,0.557788129353547,-0.060332750371565,-0.0521119665326444,-10.5293147248908,4.57388760554373e-05,0.08,-0.932307692307692,0.000244374860097153,1
DTLZ4,20,"S4_(0.75,1.00]",population_h1,Lift,score_hybrid,score_v,25,25,1.00522222082867,1.00073055866843,0.0044916621602333,0.00399703695911369,0.455163014538882,0.0395537900122909,0.68,0.470769230769231,0.316430320098327,0
DTLZ4,20,"S4_(0.75,1.00]",population_h1,Lift,score_hybrid,anchor_margin,25,25,1.00522222082867,1.00612132018833,-0.000899099359664577,-0.00204078920244344,-0.0842545852388014,0.527182745255457,0.44,-0.144615384615385,1,0
DTLZ4,20,"S4_(0.75,1.00]",population_h1,Lift,score_v,anchor_margin,25,25,1.00073055866843,1.00612132018833,-0.00539076151989788,-0.00510146847146986,-0.527369830083907,0.0979701320947255,0.36,-0.378461538461538,0.685790924663078,0
DTLZ4,20,"S4_(0.75,1.00]",population_h3,Precision,score_hybrid,score_v,25,25,0.920977777777778,0.9072,0.0137777777777778,0.0111111111111111,1.58372258255164,0.00460872927867828,0.7,0.643333333333333,0.0414785635081045,1
DTLZ4,20,"S4_(0.75,1.00]",population_h3,Precision,score_hybrid,anchor_margin,25,25,0.920977777777778,0.920177777777778,0.000799999999999996,-0.00444444444444458,0.148289947053685,0.914248537488638,0.44,0.0276923076923077,1,0
DTLZ4,20,"S4_(0.75,1.00]",population_h3,Precision,score_v,anchor_margin,25,25,0.9072,0.920177777777778,-0.0129777777777778,-0.00222222222222224,-1.33753224626743,0.229276347022217,0.46,-0.27,1,0
DTLZ4,20,"S4_(0.75,1.00]",population_h3,AUC,score_hybrid,score_v,25,25,0.550213654068945,0.501359505089332,0.0488541489796126,0.0452938258244389,10.4245637049896,1.389801409379e-05,0.96,0.993846153846154,0.000147483866522981,1
DTLZ4,20,"S4_(0.75,1.00]",population_h3,AUC,score_hybrid,anchor_margin,25,25,0.550213654068945,0.557684068148805,-0.00747041407986057,-0.0099062883211154,-1.23891162350033,0.275832129465661,0.44,-0.249230769230769,0.365791273660922,0
DTLZ4,20,"S4_(0.75,1.00]",population_h3,AUC,score_v,anchor_margin,25,25,0.501359505089332,0.557684068148805,-0.0563245630594731,-0.0373821815104116,-9.78862020818966,0.000174372656137261,0.16,-0.858461538461538,0.00104623593682357,1
DTLZ4,20,"S4_(0.75,1.00]",population_h3,Lift,score_hybrid,score_v,25,25,1.01882379492662,1.00351460991086,0.0153091850157668,0.0119778620630659,1.58118134730558,0.00684804750492553,0.72,0.618461538461539,0.0616324275443298,0
DTLZ4,20,"S4_(0.75,1.00]",population_h3,Lift,score_hybrid,anchor_margin,25,25,1.01882379492662,1.017165499976,0.00165829495062297,-0.00477375729309881,0.205036255552249,0.819095293550423,0.44,0.0523076923076923,1,0
DTLZ4,20,"S4_(0.75,1.00]",population_h3,Lift,score_v,anchor_margin,25,25,1.00351460991086,1.017165499976,-0.0136508900651438,-0.00192514537482835,-1.27649374464818,0.300241284549055,0.48,-0.236923076923077,1,0
DTLZ5,10,"S1_[0,0.25]",front_final,Precision,score_hybrid,score_v,25,25,0.28576,0.27936,0.0064,0.00800000000000001,2.35442140890865,0.239661429533296,0.62,0.288537549407115,1,0
DTLZ5,10,"S1_[0,0.25]",front_final,Precision,score_hybrid,anchor_margin,25,25,0.28576,0.26208,0.02368,0.056,19.3168935568262,0.121152240723672,0.64,0.356923076923077,0.969217925789372,0
DTLZ5,10,"S1_[0,0.25]",front_final,Precision,score_v,anchor_margin,25,25,0.27936,0.26208,0.01728,0.032,18.1580074164607,0.300022490139738,0.6,0.221538461538462,1,0
DTLZ5,10,"S1_[0,0.25]",front_final,AUC,score_hybrid,score_v,25,25,0.691897889085845,0.70018559085891,-0.00828770177306476,0.00195450838393496,-1.02404444675545,0.411839500245909,0.52,-0.187692307692308,1,0
DTLZ5,10,"S1_[0,0.25]",front_final,AUC,score_hybrid,anchor_margin,25,25,0.691897889085845,0.644379420858149,0.0475184682276955,0.0498046411414819,8.63429814639946,0.00321593209750662,0.8,0.673846153846154,0.0385911851700795,1
DTLZ5,10,"S1_[0,0.25]",front_final,AUC,score_v,anchor_margin,25,25,0.70018559085891,0.644379420858149,0.0558061700007603,0.0487526249125386,10.5408067745088,0.0118763818875161,0.68,0.575384615384615,0.130640200762677,0
DTLZ5,10,"S1_[0,0.25]",front_final,Lift,score_hybrid,score_v,25,25,1.67950254087915,1.63839791950774,0.041104621371402,0.0380952380952384,3.29138246280377,0.201451172066217,0.6,0.304347826086957,1,0
DTLZ5,10,"S1_[0,0.25]",front_final,Lift,score_hybrid,anchor_margin,25,25,1.67950254087915,1.54037736149303,0.139125179386121,0.265073815073815,17.3520665083924,0.182895636830461,0.64,0.304615384615385,1,0
DTLZ5,10,"S1_[0,0.25]",front_final,Lift,score_v,anchor_margin,25,25,1.63839791950774,1.54037736149303,0.0980205580147187,0.153216374269006,15.0793510093188,0.312970226333447,0.6,0.230769230769231,1,0
DTLZ5,10,"S1_[0,0.25]",front_h1,Precision,score_hybrid,score_v,25,25,0.98176,0.98144,0.00032,0,0.0452710432426772,0.827184334725211,0.52,0.0588235294117647,0.827184334725211,0
DTLZ5,10,"S1_[0,0.25]",front_h1,Precision,score_hybrid,anchor_margin,25,25,0.98176,0.86976,0.112,0.0959999999999999,14.9890799970412,1.36753556328036e-05,0.96,0.993846153846154,0.000164104267593644,1
DTLZ5,10,"S1_[0,0.25]",front_h1,Precision,score_v,anchor_margin,25,25,0.98144,0.86976,0.11168,0.104,14.9773224605179,1.65880310872393e-05,0.96,0.981538461538462,0.000182468341959632,1
DTLZ5,10,"S1_[0,0.25]",front_h1,AUC,score_hybrid,score_v,25,25,0.908524854994797,0.96235172298257,-0.0538268679877736,-0.0486844298459198,-5.58095505808984,1.77348399029039e-05,0.08,-0.981538461538462,0.000177348399029039,1
DTLZ5,10,"S1_[0,0.25]",front_h1,AUC,score_hybrid,anchor_margin,25,25,0.908524854994797,0.726453726885567,0.182071128109229,0.179363774003511,26.0020343941625,1.22903222102484e-05,1,1,0.000147483866522981,1
DTLZ5,10,"S1_[0,0.25]",front_h1,AUC,score_v,anchor_margin,25,25,0.96235172298257,0.726453726885567,0.235897996097003,0.218459041474353,34.0575239619086,1.22903222102484e-05,1,1,0.000147483866522981,1
DTLZ5,10,"S1_[0,0.25]",front_h1,Lift,score_hybrid,score_v,25,25,1.46562783673547,1.46527633723234,0.000351499503126389,0,0.0224495239042354,0.827582279031956,0.54,0.0584795321637427,0.827582279031956,0
DTLZ5,10,"S1_[0,0.25]",front_h1,Lift,score_hybrid,anchor_margin,25,25,1.46562783673547,1.29067346725488,0.174954369480592,0.165033740119923,15.2295256979056,1.389801409379e-05,0.96,0.993846153846154,0.000166776169125479,1
DTLZ5,10,"S1_[0,0.25]",front_h1,Lift,score_v,anchor_margin,25,25,1.46527633723234,1.29067346725488,0.174602869977465,0.161026439584315,15.2633430781433,1.77348399029039e-05,0.96,0.981538461538462,0.000195083238931942,1
DTLZ5,10,"S1_[0,0.25]",front_h3,Precision,score_hybrid,score_v,25,25,0.95424,0.95808,-0.00384000000000002,0,-0.335768060273484,0.405514827573906,0.44,-0.242105263157895,0.92214420757135,0
DTLZ5,10,"S1_[0,0.25]",front_h3,Precision,score_hybrid,anchor_margin,25,25,0.95424,0.85024,0.104,0.104,14.1994066589346,7.15937473305189e-05,0.88,0.907692307692308,0.000859124967966227,1
DTLZ5,10,"S1_[0,0.25]",front_h3,Precision,score_v,anchor_margin,25,25,0.95808,0.85024,0.10784,0.0960000000000001,14.6915487402283,7.55221760704597e-05,0.92,0.913846153846154,0.000859124967966227,1
DTLZ5,10,"S1_[0,0.25]",front_h3,AUC,score_hybrid,score_v,25,25,0.886833866017253,0.934698258220434,-0.0478643922031806,-0.0438373521300385,-5.09212323947442,2.25681906280537e-05,0.08,-0.969230769230769,0.000225681906280537,1
DTLZ5,10,"S1_[0,0.25]",front_h3,AUC,score_hybrid,anchor_margin,25,25,0.886833866017253,0.722030909523289,0.164802956493964,0.159929013045317,23.6064674108051,1.22903222102484e-05,1,1,0.000147483866522981,1
DTLZ5,10,"S1_[0,0.25]",front_h3,AUC,score_v,anchor_margin,25,25,0.934698258220434,0.722030909523289,0.212667348697145,0.211239783137444,30.7885445096362,1.22903222102484e-05,1,1,0.000147483866522981,1
DTLZ5,10,"S1_[0,0.25]",front_h3,Lift,score_hybrid,score_v,25,25,1.48988096348458,1.496151388827,-0.00627042534241469,0,-0.389741105977792,0.411464740440094,0.46,-0.20952380952381,0.871339182971188,0
DTLZ5,10,"S1_[0,0.25]",front_h3,Lift,score_hybrid,anchor_margin,25,25,1.48988096348458,1.32155878754819,0.168322175936399,0.166301078768778,14.4470416438513,0.000101053333470501,0.88,0.889230769230769,0.00121264000164601,1
DTLZ5,10,"S1_[0,0.25]",front_h3,Lift,score_v,anchor_margin,25,25,1.496151388827,1.32155878754819,0.174592601278814,0.153716108452951,15.0185346431851,0.000101053333470501,0.92,0.889230769230769,0.00121264000164601,1
DTLZ5,10,"S1_[0,0.25]",population_final,Precision,score_hybrid,score_v,25,25,0.06592,0.05696,0.00896,0.008,34.8792149435532,0.0339481732997147,0.72,0.541125541125541,0.373429906296862,0
DTLZ5,10,"S1_[0,0.25]",population_final,Precision,score_hybrid,anchor_margin,25,25,0.06592,0.06656,-0.000640000000000001,0,26.0046365565936,0.903459289911388,0.56,0.0315789473684211,1,0
DTLZ5,10,"S1_[0,0.25]",population_final,Precision,score_v,anchor_margin,25,25,0.05696,0.06656,-0.0096,-0.008,2.79358129978057,0.279091552357119,0.36,-0.260869565217391,1,0
DTLZ5,10,"S1_[0,0.25]",population_final,AUC,score_hybrid,score_v,25,25,0.638385253903804,0.609016934921616,0.0293683189821877,0.031641760651629,5.96189037613214,0.0283136256824277,0.72,0.501538461538461,0.198195379776994,0
DTLZ5,10,"S1_[0,0.25]",population_final,AUC,score_hybrid,anchor_margin,25,25,0.638385253903804,0.617415245223116,0.0209700086806872,0.0161545352743562,11.1204252383058,0.128450538369119,0.56,0.347692307692308,0.642252691845593,0
DTLZ5,10,"S1_[0,0.25]",population_final,AUC,score_v,anchor_margin,25,25,0.609016934921616,0.617415245223116,-0.00839831030150055,0.000132138857782738,10.4530141744662,0.94636892512424,0.52,-0.0153846153846154,1,0
DTLZ5,10,"S1_[0,0.25]",population_final,Lift,score_hybrid,score_v,25,25,1.26967796647797,1.06794023754024,0.201737728937729,0.293333333333333,43.6729436322438,0.0225931882395353,0.72,0.554112554112554,0.225931882395353,0
DTLZ5,10,"S1_[0,0.25]",population_final,Lift,score_hybrid,anchor_margin,25,25,1.26967796647797,1.34795098235098,-0.0782730158730159,0,34.1313161609931,0.794291903531596,0.56,0.0692640692640693,1,0
DTLZ5,10,"S1_[0,0.25]",population_final,Lift,score_v,anchor_margin,25,25,1.06794023754024,1.34795098235098,-0.280010744810745,-0.314285714285714,5.70944473106359,0.241354509689009,0.34,-0.273333333333333,1,0
DTLZ5,10,"S1_[0,0.25]",population_h1,Precision,score_hybrid,score_v,25,25,0.99904,0.9984,0.000640000000000001,0,0.0650364542355101,0.625,0.54,0.5,1,0
DTLZ5,10,"S1_[0,0.25]",population_h1,Precision,score_hybrid,anchor_margin,25,25,0.99904,0.9888,0.01024,0.00800000000000001,1.04609156070976,0.000235607566562063,0.84,1,0.00235607566562063,1
DTLZ5,10,"S1_[0,0.25]",population_h1,Precision,score_v,anchor_margin,25,25,0.9984,0.9888,0.00960000000000001,0.00800000000000001,0.980775644953963,0.000354895144779063,0.82,1,0.00319405630301156,1
DTLZ5,10,"S1_[0,0.25]",population_h1,AUC,score_hybrid,score_v,25,25,0.864045671854446,0.88604351211877,-0.0219978402643245,-0.0213878312803285,-2.42685618367201,0.00172056201579673,0.24,-0.716923076923077,0.00860281007898367,1
DTLZ5,10,"S1_[0,0.25]",population_h1,AUC,score_hybrid,anchor_margin,25,25,0.864045671854446,0.740976349443966,0.12306932241048,0.119431131019037,17.28574934451,1.389801409379e-05,0.96,0.993846153846154,0.000152878155031689,1
DTLZ5,10,"S1_[0,0.25]",population_h1,AUC,score_v,anchor_margin,25,25,0.88604351211877,0.740976349443966,0.145067162674805,0.137943262411348,20.5203309858281,1.77348399029039e-05,0.96,0.981538461538462,0.000159613559126135,1
DTLZ5,10,"S1_[0,0.25]",population_h1,Lift,score_hybrid,score_v,25,25,1.06408590907788,1.0634086414407,0.000677267637178041,0,0.0648287460302456,0.625,0.54,0.4,1,0
DTLZ5,10,"S1_[0,0.25]",population_h1,Lift,score_hybrid,anchor_margin,25,25,1.06408590907788,1.05316881595615,0.0109170931217313,0.00851063829787235,1.04760482631195,0.000278939669695644,0.84,1,0.00278939669695644,1
DTLZ5,10,"S1_[0,0.25]",population_h1,Lift,score_v,anchor_margin,25,25,1.0634086414407,1.05316881595615,0.0102398254845533,0.00851063829787235,0.982497198139974,0.000426258862044306,0.82,1,0.00341007089635445,1
DTLZ5,10,"S1_[0,0.25]",population_h3,Precision,score_hybrid,score_v,25,25,0.99232,0.99264,-0.00032,0,-0.0309204318272691,1,0.5,-0.111111111111111,1,0
DTLZ5,10,"S1_[0,0.25]",population_h3,Precision,score_hybrid,anchor_margin,25,25,0.99232,0.95136,0.04096,0.0399999999999998,4.39847459426852,2.58219322949122e-05,0.96,1,0.000309863187538946,1
DTLZ5,10,"S1_[0,0.25]",population_h3,Precision,score_v,anchor_margin,25,25,0.99264,0.95136,0.04128,0.04,4.43177806860003,2.61023656393771e-05,0.96,1,0.000309863187538946,1
DTLZ5,10,"S1_[0,0.25]",population_h3,AUC,score_hybrid,score_v,25,25,0.864939830786765,0.893127434627528,-0.0281876038407628,-0.0275720954294103,-3.08022299536254,0.000664738019332407,0.2,-0.778461538461538,0.00332369009666204,1
DTLZ5,10,"S1_[0,0.25]",population_h3,AUC,score_hybrid,anchor_margin,25,25,0.864939830786765,0.731386207388765,0.133553623398,0.130710414247,18.9134387492316,1.22903222102484e-05,1,1,0.000147483866522981,1
DTLZ5,10,"S1_[0,0.25]",population_h3,AUC,score_v,anchor_margin,25,25,0.893127434627528,0.731386207388765,0.161741227238763,0.170626720175777,23.076858546463,1.389801409379e-05,0.96,0.993846153846154,0.000152878155031689,1
DTLZ5,10,"S1_[0,0.25]",population_h3,Lift,score_hybrid,score_v,25,25,1.19537346371909,1.19578676850618,-0.00041330478709261,0,-0.0325618990461096,0.4375,0.5,-0.333333333333333,1,0
DTLZ5,10,"S1_[0,0.25]",population_h3,Lift,score_hybrid,anchor_margin,25,25,1.19537346371909,1.14600660285166,0.0493668608674289,0.0461908580593424,4.39389313708202,2.70159484871056e-05,0.96,1,0.000323844268916154,1
DTLZ5,10,"S1_[0,0.25]",population_h3,Lift,score_v,anchor_margin,25,25,1.19578676850618,1.14600660285166,0.0497801656545215,0.0461908580593424,4.42897707349658,2.69870224096795e-05,0.96,1,0.000323844268916154,1
DTLZ5,10,"S2_(0.25,0.50]",front_final,Precision,score_hybrid,score_v,25,25,0.525180952380953,0.562971428571429,-0.0377904761904762,-0.04,-4.86862899443973,0.00771840699097729,0.32,-0.606153846153846,0.0849024769007502,0
DTLZ5,10,"S2_(0.25,0.50]",front_final,Precision,score_hybrid,anchor_margin,25,25,0.525180952380953,0.529980952380952,-0.00479999999999999,0.00952380952380971,-0.451638605556995,0.609091874484992,0.52,-0.12,1,0
DTLZ5,10,"S2_(0.25,0.50]",front_final,Precision,score_v,anchor_margin,25,25,0.562971428571429,0.529980952380952,0.0329904761904762,0.0133333333333333,6.05591733614495,0.0560384387183061,0.72,0.44,0.504345948464755,0
DTLZ5,10,"S2_(0.25,0.50]",front_final,AUC,score_hybrid,score_v,25,25,0.592269282755532,0.600933155432608,-0.00866387267707561,-0.0118973150896553,-1.01258140843859,0.220852469896346,0.4,-0.28,1,0
DTLZ5,10,"S2_(0.25,0.50]",front_final,AUC,score_hybrid,anchor_margin,25,25,0.592269282755532,0.577405392713319,0.014863890042213,0.0113983111502741,2.69426062422852,0.128450538369119,0.56,0.347692307692308,1,0
DTLZ5,10,"S2_(0.25,0.50]",front_final,AUC,score_v,anchor_margin,25,25,0.600933155432608,0.577405392713319,0.0235277627192886,0.0159263745831626,4.29467874856284,0.142532079315457,0.64,0.335384615384615,1,0
DTLZ5,10,"S2_(0.25,0.50]",front_final,Lift,score_hybrid,score_v,25,25,1.20963503143388,1.28531261505042,-0.0756775836165385,-0.0804705961846641,-4.83183019055158,0.0094174249558602,0.32,-0.593846153846154,0.103591674514462,0
DTLZ5,10,"S2_(0.25,0.50]",front_final,Lift,score_hybrid,anchor_margin,25,25,1.20963503143388,1.20754939184334,0.00208563959054159,0.0145215153761771,0.39966509338465,0.90362679672856,0.52,0.0276923076923077,1,0
DTLZ5,10,"S2_(0.25,0.50]",front_final,Lift,score_v,anchor_margin,25,25,1.28531261505042,1.20754939184334,0.0777632232070801,0.0413906923774916,7.02773854910664,0.0422071535344086,0.68,0.464615384615385,0.379864381809678,0
DTLZ5,10,"S2_(0.25,0.50]",front_h1,Precision,score_hybrid,score_v,25,25,0.987352380952381,0.990552380952381,-0.00319999999999998,-0.00190476190476185,-0.321269901883732,0.0306415279761469,0.32,-0.481884057971014,0.183849167856881,0
DTLZ5,10,"S2_(0.25,0.50]",front_h1,Precision,score_hybrid,anchor_margin,25,25,0.987352380952381,0.975238095238095,0.0121142857142857,0.00571428571428578,1.267329619349,0.00242708554424043,0.76,0.704615384615385,0.0195267585995569,1
DTLZ5,10,"S2_(0.25,0.50]",front_h1,Precision,score_v,anchor_margin,25,25,0.990552380952381,0.975238095238095,0.0153142857142857,0.00952380952380949,1.59551476717733,0.000205001939990515,0.9,0.883333333333333,0.00205001939990515,1
DTLZ5,10,"S2_(0.25,0.50]",front_h1,AUC,score_hybrid,score_v,25,25,0.713217135871086,0.745148291304624,-0.0319311554335377,-0.0341974922104641,-4.07038342607678,0.000545135029590116,0.2,-0.790769230769231,0.00381594520713082,1
DTLZ5,10,"S2_(0.25,0.50]",front_h1,AUC,score_hybrid,anchor_margin,25,25,0.713217135871086,0.632132708717665,0.081084427153421,0.0898801432590088,13.329298722084,6.4509802708292e-05,0.84,0.913846153846154,0.000580588224374628,1
DTLZ5,10,"S2_(0.25,0.50]",front_h1,AUC,score_v,anchor_margin,25,25,0.745148291304624,0.632132708717665,0.113015582586959,0.14090513928742,18.788722525787,7.22447254832091e-05,0.88,0.907692307692308,0.000580588224374628,1
DTLZ5,10,"S2_(0.25,0.50]",front_h1,Lift,score_hybrid,score_v,25,25,1.04496519965048,1.0483842832343,-0.00341908358382404,-0.00225901936861361,-0.322528181148012,0.0454892456128927,0.34,-0.466666666666667,0.272935473677356,0
DTLZ5,10,"S2_(0.25,0.50]",front_h1,Lift,score_hybrid,anchor_margin,25,25,1.04496519965048,1.02993270760476,0.0150324920457138,0.00645441288568338,1.46234736211752,0.00188518543866155,0.8,0.710769230769231,0.0169666689479539,1
DTLZ5,10,"S2_(0.25,0.50]",front_h1,Lift,score_v,anchor_margin,25,25,1.0483842832343,1.02993270760476,0.0184515756295379,0.0102609303640229,1.79302381360429,0.000140476368329157,0.88,0.870769230769231,0.00140476368329157,1
DTLZ5,10,"S2_(0.25,0.50]",front_h3,Precision,score_hybrid,score_v,25,25,0.962819047619048,0.973866666666667,-0.0110476190476191,-0.00761904761904764,-1.12622649225236,0.00169995738660134,0.16,-0.764492753623188,0.015299616479412,1
DTLZ5,10,"S2_(0.25,0.50]",front_h3,Precision,score_hybrid,anchor_margin,25,25,0.962819047619048,0.951238095238095,0.0115809523809523,0.00761904761904753,1.25370630760142,0.0245275700747574,0.68,0.507692307692308,0.147165420448544,0
DTLZ5,10,"S2_(0.25,0.50]",front_h3,Precision,score_v,anchor_margin,25,25,0.973866666666667,0.951238095238095,0.0226285714285714,0.019047619047619,2.42143660369108,0.00032601619468869,0.88,0.821538461538462,0.0032601619468869,1
DTLZ5,10,"S2_(0.25,0.50]",front_h3,AUC,score_hybrid,score_v,25,25,0.666025230576148,0.69239711585758,-0.0263718852814316,-0.0325296888794023,-3.59889111433414,0.000808376714536398,0.16,-0.766153846153846,0.00565863700175479,1
DTLZ5,10,"S2_(0.25,0.50]",front_h3,AUC,score_hybrid,anchor_margin,25,25,0.666025230576148,0.61164619911714,0.0543790314590082,0.0617640401991707,9.20577446879376,0.000140476368329157,0.84,0.870769230769231,0.00112381094663325,1
DTLZ5,10,"S2_(0.25,0.50]",front_h3,AUC,score_v,anchor_margin,25,25,0.69239711585758,0.61164619911714,0.0807509167404398,0.0935073320237035,13.7209337377554,0.000101053333470501,0.84,0.889230769230769,0.000909480001234505,1
DTLZ5,10,"S2_(0.25,0.50]",front_h3,Lift,score_hybrid,score_v,25,25,1.05652074698457,1.06967464140822,-0.0131538944236446,-0.00847857674717467,-1.21169447384537,0.000890537644222049,0.12,-0.76,0.00801483879799844,1
DTLZ5,10,"S2_(0.25,0.50]",front_h3,Lift,score_hybrid,anchor_margin,25,25,1.05652074698457,1.04165142383293,0.0148693231516391,0.0118121522318382,1.44585578403776,0.0214175917707258,0.68,0.526153846153846,0.128505550624355,0
DTLZ5,10,"S2_(0.25,0.50]",front_h3,Lift,score_v,anchor_margin,25,25,1.06967464140822,1.04165142383293,0.0280232175752837,0.0269535089638675,2.70782718105785,0.000239913393756993,0.88,0.84,0.00239913393756993,1
DTLZ5,10,"S2_(0.25,0.50]",population_final,Precision,score_hybrid,score_v,25,25,0.154666666666667,0.141714285714286,0.012952380952381,0.0152380952380952,14.4375400636107,0.0357226926755138,0.68,0.489230769230769,0.373429906296862,0
DTLZ5,10,"S2_(0.25,0.50]",population_final,Precision,score_hybrid,anchor_margin,25,25,0.154666666666667,0.165790476190476,-0.0111238095238095,-0.0152380952380953,-6.5804382345164,0.0873408210968794,0.36,-0.393846153846154,0.786067389871914,0
DTLZ5,10,"S2_(0.25,0.50]",population_final,Precision,score_v,anchor_margin,25,25,0.141714285714286,0.165790476190476,-0.0240761904761905,-0.0247619047619048,-15.0766326671471,0.0105519069729574,0.28,-0.587692307692308,0.126622883675489,0
DTLZ5,10,"S2_(0.25,0.50]",population_final,AUC,score_hybrid,score_v,25,25,0.555933698255465,0.504841791933947,0.0510919063215181,0.0484835526321876,10.5366485801978,2.25681906280537e-05,0.92,0.969230769230769,0.000270818287536644,1
DTLZ5,10,"S2_(0.25,0.50]",population_final,AUC,score_hybrid,anchor_margin,25,25,0.555933698255465,0.566231939966534,-0.0102982417110683,-0.0104869855549153,-1.67016020885946,0.264149634063862,0.4,-0.255384615384615,1,0
DTLZ5,10,"S2_(0.25,0.50]",population_final,AUC,score_v,anchor_margin,25,25,0.504841791933947,0.566231939966534,-0.0613901480325863,-0.0518700418741023,-10.5495413758121,0.000140476368329157,0.08,-0.870769230769231,0.00154524005162072,1
DTLZ5,10,"S2_(0.25,0.50]",population_final,Lift,score_hybrid,score_v,25,25,1.1463517774077,1.01651313307181,0.129838644335895,0.112698412698413,19.0957224307705,0.018554892252216,0.72,0.538461538461538,0.204103814774377,0
DTLZ5,10,"S2_(0.25,0.50]",population_final,Lift,score_hybrid,anchor_margin,25,25,1.1463517774077,1.27899765020569,-0.132645872797985,-0.112361183789755,-8.64290860079351,0.0283136256824277,0.36,-0.501538461538461,0.25482263114185,0
DTLZ5,10,"S2_(0.25,0.50]",population_final,Lift,score_v,anchor_margin,25,25,1.01651313307181,1.27899765020569,-0.262484517133881,-0.256115499812979,-19.8196805581311,0.000295766913944783,0.24,-0.827692307692308,0.00354920296733739,1
DTLZ5,10,"S2_(0.25,0.50]",population_h1,Precision,score_hybrid,score_v,25,25,0.974019047619048,0.974171428571429,-0.000152380952380908,-0.00190476190476163,-0.0074652595847202,0.839742241329449,0.48,0.0553846153846154,1,0
DTLZ5,10,"S2_(0.25,0.50]",population_h1,Precision,score_hybrid,anchor_margin,25,25,0.974019047619048,0.963047619047619,0.0109714285714286,0.0114285714285718,1.14570909062595,0.00015125294929069,0.8,0.870769230769231,0.00181503539148828,1
DTLZ5,10,"S2_(0.25,0.50]",population_h1,Precision,score_v,anchor_margin,25,25,0.974171428571429,0.963047619047619,0.0111238095238095,0.00952380952380949,1.16122780040683,0.000358507889830229,0.92,0.809230769230769,0.00319405630301156,1
DTLZ5,10,"S2_(0.25,0.50]",population_h1,AUC,score_hybrid,score_v,25,25,0.676754962481962,0.673064868231712,0.00369009425024906,0.0050652334627006,0.659106613413262,0.509754930656496,0.52,0.150769230769231,0.918672714629579,0
DTLZ5,10,"S2_(0.25,0.50]",population_h1,AUC,score_hybrid,anchor_margin,25,25,0.676754962481962,0.623326734792297,0.0534282276896641,0.0570770692695191,8.66758906418693,1.57051000197501e-05,0.96,0.987692307692308,0.000157051000197501,1
DTLZ5,10,"S2_(0.25,0.50]",population_h1,AUC,score_v,anchor_margin,25,25,0.673064868231712,0.623326734792297,0.049738133439415,0.0493810952102871,8.16893934888871,0.000125955718527785,0.84,0.876923076923077,0.000881690029694492,1
DTLZ5,10,"S2_(0.25,0.50]",population_h1,Lift,score_hybrid,score_v,25,25,1.03487904412123,1.03516960826774,-0.0002905641465125,-0.00202718688183245,-0.021089208686781,0.989266019065271,0.48,0.00307692307692308,1,0
DTLZ5,10,"S2_(0.25,0.50]",population_h1,Lift,score_hybrid,anchor_margin,25,25,1.03487904412123,1.02320404697191,0.0116749971493221,0.0123485957463487,1.14645953752585,0.000194074490070202,0.8,0.852307692307692,0.00213481939077222,1
DTLZ5,10,"S2_(0.25,0.50]",population_h1,Lift,score_v,anchor_margin,25,25,1.03516960826774,1.02320404697191,0.0119655612958346,0.0102988361267486,1.17572511169057,0.000363626232645168,0.92,0.815384615384615,0.00327263609380651,1
DTLZ5,10,"S2_(0.25,0.50]",population_h3,Precision,score_hybrid,score_v,25,25,0.921676190476191,0.923733333333334,-0.00205714285714283,0.00380952380952371,-0.171892362831856,0.967772287130675,0.52,0.0153846153846154,1,0
DTLZ5,10,"S2_(0.25,0.50]",population_h3,Precision,score_hybrid,anchor_margin,25,25,0.921676190476191,0.893714285714286,0.0279619047619048,0.0285714285714286,3.16761587948179,0.000125246079787058,0.84,0.876923076923077,0.00125246079787058,1
DTLZ5,10,"S2_(0.25,0.50]",population_h3,Precision,score_v,anchor_margin,25,25,0.923733333333334,0.893714285714286,0.0300190476190476,0.0304761904761904,3.40228353120682,0.000202407642736961,0.82,0.86,0.00182166878463265,1
DTLZ5,10,"S2_(0.25,0.50]",population_h3,AUC,score_hybrid,score_v,25,25,0.657866298040917,0.658639584307787,-0.000773286266869913,-0.000341480207405542,-0.0179049607234079,0.840071644440277,0.48,-0.0461538461538462,1,0
DTLZ5,10,"S2_(0.25,0.50]",population_h3,AUC,score_hybrid,anchor_margin,25,25,0.657866298040917,0.610763284991071,0.0471030130498466,0.0501110573066931,7.78088993974497,1.77348399029039e-05,0.92,0.981538461538462,0.000177348399029039,1
DTLZ5,10,"S2_(0.25,0.50]",population_h3,AUC,score_v,anchor_margin,25,25,0.658639584307787,0.610763284991071,0.0478762993167166,0.0522554054090631,7.98620053776281,9.04208227922378e-05,0.92,0.895384615384615,0.000723366582337902,1
DTLZ5,10,"S2_(0.25,0.50]",population_h3,Lift,score_hybrid,score_v,25,25,1.0907510111651,1.09335244215309,-0.00260143098799327,0.000600035897505791,-0.194432980966636,0.989266019065271,0.52,0.00307692307692308,1,0
DTLZ5,10,"S2_(0.25,0.50]",population_h3,Lift,score_hybrid,anchor_margin,25,25,1.0907510111651,1.05754936034953,0.0332016508155668,0.0350267837680511,3.17858498817952,0.000125955718527785,0.84,0.876923076923077,0.00125955718527785,1
DTLZ5,10,"S2_(0.25,0.50]",population_h3,Lift,score_v,anchor_margin,25,25,1.09335244215309,1.05754936034953,0.03580308180356,0.0366386662169609,3.43652649174818,0.000215854164499942,0.84,0.846153846153846,0.00194268748049948,1
DTLZ5,10,"S3_(0.50,0.75]",front_final,Precision,score_hybrid,score_v,25,25,0.76448,0.794,-0.02952,-0.018,-2.95258781991616,0.13181279970956,0.44,-0.344615384615385,0.969217925789372,0
DTLZ5,10,"S3_(0.50,0.75]",front_final,Precision,score_hybrid,anchor_margin,25,25,0.76448,0.79304,-0.02856,-0.04,-3.55482888053094,0.0192317934731184,0.24,-0.538461538461538,0.192317934731184,0
DTLZ5,10,"S3_(0.50,0.75]",front_final,Precision,score_v,anchor_margin,25,25,0.794,0.79304,0.000960000000000041,-0.0140000000000001,0.404079584660843,0.914279473014264,0.44,-0.0215384615384615,1,0
DTLZ5,10,"S3_(0.50,0.75]",front_final,AUC,score_hybrid,score_v,25,25,0.556095459396644,0.552894438962986,0.0032010204336579,0.00444238246099066,2.01917315906154,0.716423138125903,0.6,0.0830769230769231,1,0
DTLZ5,10,"S3_(0.50,0.75]",front_final,AUC,score_hybrid,anchor_margin,25,25,0.556095459396644,0.562601846124928,-0.00650638672828351,-0.0156516524055711,-0.978135068736035,0.459336357314789,0.44,-0.169230769230769,1,0
DTLZ5,10,"S3_(0.50,0.75]",front_final,AUC,score_v,anchor_margin,25,25,0.552894438962986,0.562601846124928,-0.00970740716194141,-0.0292301874379329,-1.14548084836476,0.618640617281212,0.4,-0.113846153846154,1,0
DTLZ5,10,"S3_(0.50,0.75]",front_final,Lift,score_hybrid,score_v,25,25,1.04862149190089,1.09385546612156,-0.04523397422067,-0.0278942522635774,-2.98918928563206,0.128450538369119,0.44,-0.347692307692308,1,0
DTLZ5,10,"S3_(0.50,0.75]",front_final,Lift,score_hybrid,anchor_margin,25,25,1.04862149190089,1.08851255075882,-0.0398910588579297,-0.0498008062775301,-3.53303746913356,0.0199414406198738,0.24,-0.532307692307692,0.199414406198738,0
DTLZ5,10,"S3_(0.50,0.75]",front_final,Lift,score_v,anchor_margin,25,25,1.09385546612156,1.08851255075882,0.00534291536274031,-0.0176394725127922,0.565176040911815,0.924970786112991,0.48,-0.0215384615384615,1,0
DTLZ5,10,"S3_(0.50,0.75]",front_h1,Precision,score_hybrid,score_v,25,25,0.98936,0.99256,-0.00319999999999998,-0.002,-0.322065228870125,0.00803113438011442,0.32,-0.694736842105263,0.056217940660801,0
DTLZ5,10,"S3_(0.50,0.75]",front_h1,Precision,score_hybrid,anchor_margin,25,25,0.98936,0.99056,-0.00119999999999998,-0.00199999999999989,-0.120645218071765,0.319155483703005,0.34,-0.257142857142857,0.63831096740601,0
DTLZ5,10,"S3_(0.50,0.75]",front_h1,Precision,score_v,anchor_margin,25,25,0.99256,0.99056,0.002,0,0.204127619506342,0.0895550744136426,0.58,0.419047619047619,0.447775372068213,0
DTLZ5,10,"S3_(0.50,0.75]",front_h1,AUC,score_hybrid,score_v,25,25,0.591765710134565,0.594051198654808,-0.00228548852024285,-0.0057332371422919,-0.00124407642196587,0.736617206135004,0.48,-0.0769230769230769,1,0
DTLZ5,10,"S3_(0.50,0.75]",front_h1,AUC,score_hybrid,anchor_margin,25,25,0.591765710134565,0.604439892630469,-0.0126741824959046,-0.0222595379303168,-1.78118325561978,0.150003310099365,0.36,-0.329230769230769,0.750016550496823,0
DTLZ5,10,"S3_(0.50,0.75]",front_h1,AUC,score_v,anchor_margin,25,25,0.594051198654808,0.604439892630469,-0.0103886939756618,-0.0126305680369412,-0.369843079251161,0.696425468813946,0.44,-0.0892307692307692,1,0
DTLZ5,10,"S3_(0.50,0.75]",front_h1,Lift,score_hybrid,score_v,25,25,1.00306029779463,1.00655251354561,-0.00349221575098147,-0.00206143063285946,-0.344361329729043,0.00572318650007024,0.28,-0.688311688311688,0.0400623055004917,1
DTLZ5,10,"S3_(0.50,0.75]",front_h1,Lift,score_hybrid,anchor_margin,25,25,1.00306029779463,1.00439583450679,-0.00133553671215973,-0.00202020202020203,-0.131805337938462,0.260439364845656,0.36,-0.268115942028986,0.670381111763127,0
DTLZ5,10,"S3_(0.50,0.75]",front_h1,Lift,score_v,anchor_margin,25,25,1.00655251354561,1.00439583450679,0.00215667903882174,0.000252525252525393,0.215652468948942,0.0943622583158401,0.6,0.398550724637681,0.471811291579201,0
DTLZ5,10,"S3_(0.50,0.75]",front_h3,Precision,score_hybrid,score_v,25,25,0.96952,0.97928,-0.00976,-0.00600000000000001,-0.989509943361939,0.00734027319150556,0.28,-0.67965367965368,0.0513819123405389,0
DTLZ5,10,"S3_(0.50,0.75]",front_h3,Precision,score_hybrid,anchor_margin,25,25,0.96952,0.97512,-0.00559999999999998,-0.0079999999999999,-0.574458383485548,0.0477090869285198,0.28,-0.456521739130435,0.238545434642599,0
DTLZ5,10,"S3_(0.50,0.75]",front_h3,Precision,score_v,anchor_margin,25,25,0.97928,0.97512,0.00416000000000002,0.00199999999999989,0.44353009758078,0.307381402523783,0.58,0.253333333333333,0.92214420757135,0
DTLZ5,10,"S3_(0.50,0.75]",front_h3,AUC,score_hybrid,score_v,25,25,0.582369636599484,0.586400352570786,-0.00403071597130242,0.000347573962272474,-0.371868841189282,0.657068579934484,0.52,-0.101538461538462,1,0
DTLZ5,10,"S3_(0.50,0.75]",front_h3,AUC,score_hybrid,anchor_margin,25,25,0.582369636599484,0.594773790645521,-0.0124041540460371,-0.00839507017437546,-1.80048523891736,0.326049462728915,0.44,-0.224615384615385,1,0
DTLZ5,10,"S3_(0.50,0.75]",front_h3,AUC,score_v,anchor_margin,25,25,0.586400352570786,0.594773790645521,-0.00837343807473473,-0.0104220606692933,0.00111389024126794,0.736617206135004,0.44,-0.0769230769230769,1,0
DTLZ5,10,"S3_(0.50,0.75]",front_h3,Lift,score_hybrid,score_v,25,25,1.00833466953597,1.01951647057098,-0.0111818010350051,-0.00636535934545757,-1.07302622834568,0.00814255172884289,0.24,-0.630434782608696,0.0569978621019002,0
DTLZ5,10,"S3_(0.50,0.75]",front_h3,Lift,score_hybrid,anchor_margin,25,25,1.00833466953597,1.01481358654734,-0.00647891701137009,-0.0085464932299415,-0.63163441353427,0.0370045116164188,0.3,-0.486666666666667,0.185022558082094,0
DTLZ5,10,"S3_(0.50,0.75]",front_h3,Lift,score_v,anchor_margin,25,25,1.01951647057098,1.01481358654734,0.00470288402363506,0.00217020693006953,0.47553802304514,0.290446394323729,0.58,0.246666666666667,0.871339182971188,0
DTLZ5,10,"S3_(0.50,0.75]",population_final,Precision,score_hybrid,score_v,25,25,0.35904,0.34808,0.01096,0.004,6.00264993046144,0.275723471663307,0.56,0.246153846153846,1,0
DTLZ5,10,"S3_(0.50,0.75]",population_final,Precision,score_hybrid,anchor_margin,25,25,0.35904,0.36296,-0.00392000000000002,-0.01,-1.09576044435681,0.501077987792221,0.4,-0.156923076923077,1,0
DTLZ5,10,"S3_(0.50,0.75]",population_final,Precision,score_v,anchor_margin,25,25,0.34808,0.36296,-0.01488,-0.0200000000000001,-3.23856216611425,0.265156633625956,0.4,-0.255384615384615,1,0
DTLZ5,10,"S3_(0.50,0.75]",population_final,AUC,score_hybrid,score_v,25,25,0.532663835438945,0.491007632300716,0.0416562031382293,0.0436318688606412,9.23349567714863,0.000140476368329157,0.88,0.870769230769231,0.00154524005162072,1
DTLZ5,10,"S3_(0.50,0.75]",population_final,AUC,score_hybrid,anchor_margin,25,25,0.532663835438945,0.533096954639219,-0.000433119200273704,-0.0057746823332423,0.03807233463766,0.475825237013745,0.44,-0.163076923076923,1,0
DTLZ5,10,"S3_(0.50,0.75]",population_final,AUC,score_v,anchor_margin,25,25,0.491007632300716,0.533096954639219,-0.042089322338503,-0.0604668377718187,-7.54038488793732,0.00631325969884045,0.24,-0.624615384615385,0.0505060775907236,0
DTLZ5,10,"S3_(0.50,0.75]",population_final,Lift,score_hybrid,score_v,25,25,1.10368954892225,1.0753773824818,0.0283121664404524,0.0217650217912493,6.35887393274223,0.381859829280478,0.52,0.2,1,0
DTLZ5,10,"S3_(0.50,0.75]",population_final,Lift,score_hybrid,anchor_margin,25,25,1.10368954892225,1.12576680551939,-0.0220772565971412,-0.0184227643571362,-1.4047086475811,0.509754930656496,0.4,-0.150769230769231,1,0
DTLZ5,10,"S3_(0.50,0.75]",population_final,Lift,score_v,anchor_margin,25,25,1.0753773824818,1.12576680551939,-0.0503894230375936,-0.106480452180516,-3.54507601928906,0.231167212861145,0.36,-0.273846153846154,1,0
DTLZ5,10,"S3_(0.50,0.75]",population_h1,Precision,score_hybrid,score_v,25,25,0.96184,0.96408,-0.00223999999999997,-0.002,-0.229644860108397,0.269941499255991,0.38,-0.256666666666667,1,0
DTLZ5,10,"S3_(0.50,0.75]",population_h1,Precision,score_hybrid,anchor_margin,25,25,0.96184,0.95456,0.00728,0.00799999999999967,0.763888534480941,0.000175040820159062,0.88,0.891304347826087,0.00192544902174969,1
DTLZ5,10,"S3_(0.50,0.75]",population_h1,Precision,score_v,anchor_margin,25,25,0.96408,0.95456,0.00951999999999997,0.0100000000000001,1.0038150497859,0.000685036865379227,0.8,0.76,0.00479525805765459,1
DTLZ5,10,"S3_(0.50,0.75]",population_h1,AUC,score_hybrid,score_v,25,25,0.560747980561409,0.538438874583487,0.0223091059779218,0.0218076542532513,4.32803426114493,0.000194074490070202,0.84,0.852307692307692,0.00116444694042121,1
DTLZ5,10,"S3_(0.50,0.75]",population_h1,AUC,score_hybrid,anchor_margin,25,25,0.560747980561409,0.556142466276135,0.00460551428527421,0.00301381195893324,1.00215545517896,0.459336357314789,0.56,0.169230769230769,0.918672714629579,0
DTLZ5,10,"S3_(0.50,0.75]",population_h1,AUC,score_v,anchor_margin,25,25,0.538438874583487,0.556142466276135,-0.0177035916926476,-0.0271984161191884,-2.94383706048258,0.0653109874328551,0.32,-0.421538461538462,0.26124394973142,0
DTLZ5,10,"S3_(0.50,0.75]",population_h1,Lift,score_hybrid,score_v,25,25,1.01673538560228,1.01933594382469,-0.00260055822240513,-0.00229284786295669,-0.249653543476523,0.231167212861145,0.36,-0.273846153846154,1,0
DTLZ5,10,"S3_(0.50,0.75]",population_h1,Lift,score_hybrid,anchor_margin,25,25,1.01673538560228,1.00875051030691,0.0079848752953715,0.00852979579343149,0.793309607799372,0.000125955718527785,0.88,0.876923076923077,0.00151146862233342,1
DTLZ5,10,"S3_(0.50,0.75]",population_h1,Lift,score_v,anchor_margin,25,25,1.01933594382469,1.00875051030691,0.0105854335177766,0.0109655173333366,1.05372101510339,0.000493158672096644,0.8,0.796923076923077,0.00345211070467651,1
DTLZ5,10,"S3_(0.50,0.75]",population_h3,Precision,score_hybrid,score_v,25,25,0.89808,0.90792,-0.00983999999999999,-0.00600000000000012,-1.04464198187543,0.0716286443404097,0.36,-0.418461538461538,0.429771866042458,0
DTLZ5,10,"S3_(0.50,0.75]",population_h3,Precision,score_hybrid,anchor_margin,25,25,0.89808,0.88504,0.0130400000000001,0.014,1.48382011637411,0.00511481083342534,0.76,0.643076923076923,0.0358036758339774,1
DTLZ5,10,"S3_(0.50,0.75]",population_h3,Precision,score_v,anchor_margin,25,25,0.90792,0.88504,0.02288,0.0299999999999999,2.62146035363437,0.00334428729382305,0.68,0.676923076923077,0.0267542983505844,1
DTLZ5,10,"S3_(0.50,0.75]",population_h3,AUC,score_hybrid,score_v,25,25,0.560093018532724,0.539562128213167,0.0205308903195576,0.0193863608283793,4.06138573368759,0.000239913393756993,0.88,0.84,0.00167939375629895,1
DTLZ5,10,"S3_(0.50,0.75]",population_h3,AUC,score_hybrid,anchor_margin,25,25,0.560093018532724,0.555138434135219,0.00495458439750556,0.00900445322728749,1.05117234223744,0.492633499143488,0.52,0.156923076923077,1,0
DTLZ5,10,"S3_(0.50,0.75]",population_h3,AUC,score_v,anchor_margin,25,25,0.539562128213167,0.555138434135219,-0.015576305922052,-0.0164786018531607,-2.59460315036496,0.103552843728004,0.32,-0.372307692307692,0.414211374912014,0
DTLZ5,10,"S3_(0.50,0.75]",population_h3,Lift,score_hybrid,score_v,25,25,1.04398033428197,1.05620656861685,-0.0122262343348793,-0.00748080810249596,-1.10190420996365,0.0653109874328551,0.4,-0.421538461538462,0.39186592459713,0
DTLZ5,10,"S3_(0.50,0.75]",population_h3,Lift,score_hybrid,anchor_margin,25,25,1.04398033428197,1.02837229673852,0.0156080375434479,0.0181090643549409,1.53456831212221,0.00535499525645924,0.76,0.636923076923077,0.0374849667952147,1
DTLZ5,10,"S3_(0.50,0.75]",population_h3,Lift,score_v,anchor_margin,25,25,1.05620656861685,1.02837229673852,0.0278342718783272,0.0391296146235278,2.73426724978361,0.00321593209750662,0.68,0.673846153846154,0.025727456780053,1
DTLZ5,10,"S4_(0.75,1.00]",front_final,Precision,score_hybrid,score_v,25,25,0.92152380952381,0.933180952380952,-0.0116571428571429,0,-1.19002561681308,0.164180985212524,0.48,-0.354978354978355,0.985085911275147,0
DTLZ5,10,"S4_(0.75,1.00]",front_final,Precision,score_hybrid,anchor_margin,25,25,0.92152380952381,0.947657142857143,-0.0261333333333334,-0.0209523809523809,-2.83975354136425,0.00256541736071584,0.26,-0.703333333333333,0.0307850083285901,1
DTLZ5,10,"S4_(0.75,1.00]",front_final,Precision,score_v,anchor_margin,25,25,0.933180952380952,0.947657142857143,-0.0144761904761905,-0.0114285714285713,-1.49036010054147,0.259005754102929,0.42,-0.266666666666667,1,0
DTLZ5,10,"S4_(0.75,1.00]",front_final,AUC,score_hybrid,score_v,25,25,0.572015476960463,0.565233740981032,0.00678173597943144,0.0008631520007924,1.68751275602202,0.618640617281212,0.52,0.113846153846154,1,0
DTLZ5,10,"S4_(0.75,1.00]",front_final,AUC,score_hybrid,anchor_margin,25,25,0.572015476960463,0.596469015143625,-0.0244535381831623,-0.0209507200205837,-4.44528299323335,0.0543741164130669,0.4,-0.44,0.543741164130669,0
DTLZ5,10,"S4_(0.75,1.00]",front_final,AUC,score_v,anchor_margin,25,25,0.565233740981032,0.596469015143625,-0.0312352741625938,-0.0395132594685016,-4.70085861651419,0.142532079315457,0.44,-0.335384615384615,1,0
DTLZ5,10,"S4_(0.75,1.00]",front_final,Lift,score_hybrid,score_v,25,25,1.00563060253181,1.02064826181876,-0.0150176592869466,0,-1.27487345993047,0.159224417632051,0.48,-0.350649350649351,1,0
DTLZ5,10,"S4_(0.75,1.00]",front_final,Lift,score_hybrid,anchor_margin,25,25,1.00563060253181,1.03635036678971,-0.0307197642579006,-0.0244312598802274,-2.93953191684298,0.00223457750830318,0.26,-0.713333333333333,0.0268149300996381,1
DTLZ5,10,"S4_(0.75,1.00]",front_final,Lift,score_v,anchor_margin,25,25,1.02064826181876,1.03635036678971,-0.015702104970954,-0.0124274198608001,-1.48719132913314,0.290446394323729,0.42,-0.246666666666667,1,0
DTLZ5,10,"S4_(0.75,1.00]",front_h1,Precision,score_hybrid,score_v,25,25,0.99176,0.99296,-0.00119999999999996,0,-0.119717249644065,0.208834935864479,0.4,-0.310526315789474,0.626664143064089,0
DTLZ5,10,"S4_(0.75,1.00]",front_h1,Precision,score_hybrid,anchor_margin,25,25,0.99176,0.9948,-0.00304,-0.002,-0.305921243261367,0.00216963984439521,0.22,-0.69047619047619,0.0195267585995569,1
DTLZ5,10,"S4_(0.75,1.00]",front_h1,Precision,score_v,anchor_margin,25,25,0.99296,0.9948,-0.00184000000000004,0,-0.18443141742232,0.156666035766022,0.44,-0.406926406926407,0.626664143064089,0
DTLZ5,10,"S4_(0.75,1.00]",front_h1,AUC,score_hybrid,score_v,25,25,0.578732532710761,0.578771951576683,-3.94188659224382e-05,0.0128443195154524,0.634343171904773,0.861162196946825,0.56,0.04,1,0
DTLZ5,10,"S4_(0.75,1.00]",front_h1,AUC,score_hybrid,anchor_margin,25,25,0.578732532710761,0.596058046026167,-0.0173255133154067,-0.0167511341564457,-2.22965948614968,0.0864762654936657,0.3,-0.4,0.518857592961994,0
DTLZ5,10,"S4_(0.75,1.00]",front_h1,AUC,score_v,anchor_margin,25,25,0.578771951576683,0.596058046026167,-0.0172860944494842,-0.0216836734693878,-1.07537018328183,0.275810401469811,0.4,-0.249230769230769,1,0
DTLZ5,10,"S4_(0.75,1.00]",front_h1,Lift,score_hybrid,score_v,25,25,1.00017225527845,1.00145287678852,-0.00128062151006731,0,-0.126501566390918,0.204330247339066,0.42,-0.323809523809524,0.670381111763127,0
DTLZ5,10,"S4_(0.75,1.00]",front_h1,Lift,score_hybrid,anchor_margin,25,25,1.00017225527845,1.00339790450525,-0.0032256492268007,-0.00206185567010309,-0.320415032780393,0.00317191989040345,0.22,-0.742857142857143,0.0253753591232276,1
DTLZ5,10,"S4_(0.75,1.00]",front_h1,Lift,score_v,anchor_margin,25,25,1.00145287678852,1.00339790450525,-0.0019450277167334,-4.16536499010522e-05,-0.192005397795066,0.167595277940782,0.42,-0.33201581027668,0.670381111763127,0
DTLZ5,10,"S4_(0.75,1.00]",front_h3,Precision,score_hybrid,score_v,25,25,0.9768,0.979822222222222,-0.00302222222222219,-0.00222222222222224,-0.297941508915509,0.168289534612917,0.36,-0.341991341991342,0.673158138451668,0
DTLZ5,10,"S4_(0.75,1.00]",front_h3,Precision,score_hybrid,anchor_margin,25,25,0.9768,0.983911111111111,-0.00711111111111107,-0.00444444444444436,-0.723494647104758,0.00530362470306572,0.24,-0.701298701298701,0.0424289976245257,1
DTLZ5,10,"S4_(0.75,1.00]",front_h3,Precision,score_v,anchor_margin,25,25,0.979822222222222,0.983911111111111,-0.00408888888888888,-0.00222222222222213,-0.407229875305881,0.388819524704871,0.42,-0.205533596837945,0.92214420757135,0
DTLZ5,10,"S4_(0.75,1.00]",front_h3,AUC,score_hybrid,score_v,25,25,0.576948202447156,0.582910893799053,-0.00596269135189624,0.0218290928207363,-0.266221052013472,0.819095293550423,0.56,0.0523076923076923,1,0
DTLZ5,10,"S4_(0.75,1.00]",front_h3,AUC,score_hybrid,anchor_margin,25,25,0.576948202447156,0.587724395683534,-0.0107761932363779,-0.00819642122299125,-1.05017044517356,0.191897880489051,0.28,-0.298461538461538,1,0
DTLZ5,10,"S4_(0.75,1.00]",front_h3,AUC,score_v,anchor_margin,25,25,0.582910893799053,0.587724395683534,-0.00481350188448165,-0.00534065563673192,1.95502465885558,0.581228130412935,0.48,-0.126153846153846,1,0
DTLZ5,10,"S4_(0.75,1.00]",front_h3,Lift,score_hybrid,score_v,25,25,1.00097731678317,1.00424202981829,-0.00326471303511734,-0.00242081567654018,-0.31103790793,0.192434184920416,0.36,-0.324675324675325,0.769736739681664,0
DTLZ5,10,"S4_(0.75,1.00]",front_h3,Lift,score_hybrid,anchor_margin,25,25,1.00097731678317,1.00863495031216,-0.00765763352898967,-0.00462962962962954,-0.751101914995345,0.00461496838245571,0.24,-0.705627705627706,0.0369197470596457,1
DTLZ5,10,"S4_(0.75,1.00]",front_h3,Lift,score_v,anchor_margin,25,25,1.00424202981829,1.00863495031216,-0.00439292049387233,-0.00263134871742432,-0.420783648002407,0.426375957336929,0.42,-0.193675889328063,0.871339182971188,0
DTLZ5,10,"S4_(0.75,1.00]",population_final,Precision,score_hybrid,score_v,25,25,0.712990476190476,0.710095238095238,0.00289523809523812,0.00571428571428578,0.578887086765167,0.731587412024257,0.56,0.0892307692307692,1,0
DTLZ5,10,"S4_(0.75,1.00]",population_final,Precision,score_hybrid,anchor_margin,25,25,0.712990476190476,0.715352380952381,-0.00236190476190476,-0.00952380952380949,-0.234148033116203,0.935643702929767,0.44,-0.0184615384615385,1,0
DTLZ5,10,"S4_(0.75,1.00]",population_final,Precision,score_v,anchor_margin,25,25,0.710095238095238,0.715352380952381,-0.00525714285714288,0.0152380952380955,-0.442849397546213,0.787848382496122,0.56,-0.0615384615384615,1,0
DTLZ5,10,"S4_(0.75,1.00]",population_final,AUC,score_hybrid,score_v,25,25,0.534581759679713,0.506896088366042,0.0276856713136712,0.0299839574570528,5.80282136065205,0.00294699145433131,0.76,0.68,0.0265229230889818,1
DTLZ5,10,"S4_(0.75,1.00]",population_final,AUC,score_hybrid,anchor_margin,25,25,0.534581759679713,0.533152817265836,0.00142894241387689,0.0111158425524462,0.371631945031581,0.716423138125903,0.52,0.0830769230769231,1,0
DTLZ5,10,"S4_(0.75,1.00]",population_final,AUC,score_v,anchor_margin,25,25,0.506896088366042,0.533152817265836,-0.0262567288997943,-0.0359833077063419,-4.37473802375468,0.0450095794058843,0.28,-0.458461538461538,0.270057476435306,0
DTLZ5,10,"S4_(0.75,1.00]",population_final,Lift,score_hybrid,score_v,25,25,1.0645014445373,1.0564914184947,0.00801002604259794,0.0103023510972438,0.981984937896252,0.475825237013745,0.64,0.163076923076923,1,0
DTLZ5,10,"S4_(0.75,1.00]",population_final,Lift,score_hybrid,anchor_margin,25,25,1.0645014445373,1.07144660764907,-0.00694516311177482,-0.00873806841168456,-0.354150959600977,0.819095293550423,0.48,-0.0523076923076923,1,0
DTLZ5,10,"S4_(0.75,1.00]",population_final,Lift,score_v,anchor_margin,25,25,1.0564914184947,1.07144660764907,-0.0149551891543728,0.0330074468406851,-0.873319727240115,0.637732890050189,0.56,-0.107692307692308,1,0
DTLZ5,10,"S4_(0.75,1.00]",population_h1,Precision,score_hybrid,score_v,25,25,0.96176,0.96064,0.00111999999999997,0.002,0.120458377183473,0.482689546796778,0.64,0.170289855072464,1,0
DTLZ5,10,"S4_(0.75,1.00]",population_h1,Precision,score_hybrid,anchor_margin,25,25,0.96176,0.96184,-7.99999999999512e-05,1.11022302462516e-16,-0.00438921916600969,1,0.54,0.04,1,0
DTLZ5,10,"S4_(0.75,1.00]",population_h1,Precision,score_v,anchor_margin,25,25,0.96064,0.96184,-0.00119999999999993,-0.00199999999999989,-0.11579922438041,0.818893037922468,0.46,-0.05,1,0
DTLZ5,10,"S4_(0.75,1.00]",population_h1,AUC,score_hybrid,score_v,25,25,0.533376581748972,0.497594845716166,0.0357817360328063,0.0369570701478111,7.33781551328664,1.22903222102484e-05,1,1,0.000147483866522981,1
DTLZ5,10,"S4_(0.75,1.00]",population_h1,AUC,score_hybrid,anchor_margin,25,25,0.533376581748972,0.543985565837278,-0.0106089840883061,-0.00441911989779242,-2.10095259252353,0.150003310099365,0.44,-0.329230769230769,0.450009930298094,0
DTLZ5,10,"S4_(0.75,1.00]",population_h1,AUC,score_v,anchor_margin,25,25,0.497594845716166,0.543985565837278,-0.0463907201211124,-0.0402504031141313,-8.59634713363869,4.57388760554373e-05,0.12,-0.932307692307692,0.000365911008443499,1
DTLZ5,10,"S4_(0.75,1.00]",population_h1,Lift,score_hybrid,score_v,25,25,1.01082066225531,1.00967123895077,0.00114942330453895,0.00217764950568589,0.113831759900062,0.492633499143488,0.64,0.156923076923077,1,0
DTLZ5,10,"S4_(0.75,1.00]",population_h1,Lift,score_hybrid,anchor_margin,25,25,1.01082066225531,1.01057643224899,0.000244230006315695,-2.28485779044663e-05,0.0241074812924954,0.861162196946825,0.48,0.04,1,0
DTLZ5,10,"S4_(0.75,1.00]",population_h1,Lift,score_v,anchor_margin,25,25,1.00967123895077,1.01057643224899,-0.000905193298223259,-0.000765245301235895,-0.0804696982686669,0.861162196946825,0.44,-0.04,1,0
DTLZ5,10,"S4_(0.75,1.00]",population_h3,Precision,score_hybrid,score_v,25,25,0.894222222222222,0.8936,0.0006222222222222,0.0066666666666666,0.1123870724015,0.535584361924603,0.64,0.141538461538462,1,0
DTLZ5,10,"S4_(0.75,1.00]",population_h3,Precision,score_hybrid,anchor_margin,25,25,0.894222222222222,0.897155555555555,-0.00293333333333334,0,-0.284141401476992,0.626853044841182,0.5,-0.106666666666667,1,0
DTLZ5,10,"S4_(0.75,1.00]",population_h3,Precision,score_v,anchor_margin,25,25,0.8936,0.897155555555555,-0.00355555555555554,0.00666666666666671,-0.316661363600235,0.696216397683776,0.52,-0.0830769230769231,1,0
DTLZ5,10,"S4_(0.75,1.00]",population_h3,AUC,score_hybrid,score_v,25,25,0.532750335397818,0.501101547630013,0.0316487877678048,0.0287968037464854,6.46653195961439,2.00130174376755e-05,0.96,0.975384615384615,0.00018011715693908,1
DTLZ5,10,"S4_(0.75,1.00]",population_h3,AUC,score_hybrid,anchor_margin,25,25,0.532750335397818,0.537652408115278,-0.00490207271746038,-0.00322510256347874,-0.968395094612427,0.396678757660437,0.44,-0.193846153846154,1,0
DTLZ5,10,"S4_(0.75,1.00]",population_h3,AUC,score_v,anchor_margin,25,25,0.501101547630013,0.537652408115278,-0.0365508604852652,-0.0352406953858831,-6.76714908898819,0.000328058269549245,0.2,-0.821538461538462,0.00196834961729547,1
DTLZ5,10,"S4_(0.75,1.00]",population_h3,Lift,score_hybrid,score_v,25,25,1.02512864193776,1.02417425697842,0.000954384959332772,0.00721418630775006,0.113045504169891,0.527182745255457,0.64,0.144615384615385,1,0
DTLZ5,10,"S4_(0.75,1.00]",population_h3,Lift,score_hybrid,anchor_margin,25,25,1.02512864193776,1.02784215394204,-0.00271351200428665,0.000992057081532827,-0.238749091788806,0.637732890050189,0.52,-0.107692307692308,1,0
DTLZ5,10,"S4_(0.75,1.00]",population_h3,Lift,score_v,anchor_margin,25,25,1.02417425697842,1.02784215394204,-0.00366789696361943,0.00827524404679525,-0.268812546599952,0.736617206135004,0.52,-0.0769230769230769,1,0
DTLZ5,20,"S1_[0,0.25]",front_final,Precision,score_hybrid,score_v,25,25,0.45408,0.456,-0.00192000000000001,0,1.07428696625587,0.855878041248358,0.48,-0.0736842105263158,1,0
DTLZ5,20,"S1_[0,0.25]",front_final,Precision,score_hybrid,anchor_margin,25,25,0.45408,0.43776,0.01632,0.024,3.18771792234349,0.317014035666251,0.58,0.226666666666667,1,0
DTLZ5,20,"S1_[0,0.25]",front_final,Precision,score_v,anchor_margin,25,25,0.456,0.43776,0.01824,0.024,3.78850893006858,0.403961241143318,0.56,0.187692307692308,1,0
DTLZ5,20,"S1_[0,0.25]",front_final,AUC,score_hybrid,score_v,25,25,0.701876508209264,0.706153181700056,-0.00427667349079227,-0.0121913633901455,-0.210378168894955,0.275832129465661,0.36,-0.249230769230769,0.827496388396984,0
DTLZ5,20,"S1_[0,0.25]",front_final,AUC,score_hybrid,anchor_margin,25,25,0.701876508209264,0.663659842846649,0.0382166653626144,0.0408392508802756,5.9905818364754,0.00350705977748676,0.76,0.667692307692308,0.0280564782198941,1
DTLZ5,20,"S1_[0,0.25]",front_final,AUC,score_v,anchor_margin,25,25,0.706153181700056,0.663659842846649,0.0424933388534067,0.047770525447019,6.81436342067552,0.0087050890474632,0.76,0.6,0.0609356233322424,0
DTLZ5,20,"S1_[0,0.25]",front_final,Lift,score_hybrid,score_v,25,25,1.52188492931206,1.5174797579781,0.00440517133396205,0.0112287646379676,1.5911192068772,0.676636619202472,0.6,0.0953846153846154,1,0
DTLZ5,20,"S1_[0,0.25]",front_final,Lift,score_hybrid,anchor_margin,25,25,1.52188492931206,1.50268576478361,0.0191991645284487,0.080855437827305,3.07429753623817,0.381859829280478,0.6,0.2,1,0
DTLZ5,20,"S1_[0,0.25]",front_final,Lift,score_v,anchor_margin,25,25,1.5174797579781,1.50268576478361,0.0147939931944866,0.118950675922543,3.11208409206261,0.562927540406663,0.6,0.132307692307692,1,0
DTLZ5,20,"S1_[0,0.25]",front_h1,Precision,score_hybrid,score_v,25,25,0.992,0.9888,0.00319999999999999,0,0.354334404392746,0.859375,0.48,0.107142857142857,1,0
DTLZ5,20,"S1_[0,0.25]",front_h1,Precision,score_hybrid,anchor_margin,25,25,0.992,0.85504,0.13696,0.0959999999999999,18.2211021931876,1.21682628048614e-05,1,1,0.000145754104365852,1
DTLZ5,20,"S1_[0,0.25]",front_h1,Precision,score_v,anchor_margin,25,25,0.9888,0.85504,0.13376,0.0959999999999999,17.8885379524908,1.2146175363821e-05,1,1,0.000145754104365852,1
DTLZ5,20,"S1_[0,0.25]",front_h1,AUC,score_hybrid,score_v,25,25,0.924071327077649,0.958614356419205,-0.0345430293415552,-0.0244085347985348,-3.56731321049602,0.000239913393756993,0.16,-0.84,0.00191930715005594,1
DTLZ5,20,"S1_[0,0.25]",front_h1,AUC,score_hybrid,anchor_margin,25,25,0.924071327077649,0.765445630593515,0.158625696484134,0.151320334614751,21.689632771623,1.22903222102484e-05,1,1,0.000147483866522981,1
DTLZ5,20,"S1_[0,0.25]",front_h1,AUC,score_v,anchor_margin,25,25,0.958614356419205,0.765445630593515,0.193168725825689,0.181142193781447,26.798202028678,1.22903222102484e-05,1,1,0.000147483866522981,1
DTLZ5,20,"S1_[0,0.25]",front_h1,Lift,score_hybrid,score_v,25,25,1.39155286825469,1.38680133657407,0.0047515316806111,0,0.349301710173678,0.8125,0.48,0.142857142857143,1,0
DTLZ5,20,"S1_[0,0.25]",front_h1,Lift,score_hybrid,anchor_margin,25,25,1.39155286825469,1.1917519376093,0.19980093064538,0.150334640057021,18.7043926839794,1.22903222102484e-05,1,1,0.000147483866522981,1
DTLZ5,20,"S1_[0,0.25]",front_h1,Lift,score_v,anchor_margin,25,25,1.38680133657407,1.1917519376093,0.195049398964769,0.138026947749328,18.3793552869112,1.22903222102484e-05,1,1,0.000147483866522981,1
DTLZ5,20,"S1_[0,0.25]",front_h3,Precision,score_hybrid,score_v,25,25,0.9776,0.9744,0.00319999999999997,0,0.376652397267658,0.892578125,0.48,0.010989010989011,1,0
DTLZ5,20,"S1_[0,0.25]",front_h3,Precision,score_hybrid,anchor_margin,25,25,0.9776,0.83776,0.13984,0.104,18.8463898789742,1.21572150476427e-05,1,1,0.000145886580571713,1
DTLZ5,20,"S1_[0,0.25]",front_h3,Precision,score_v,anchor_margin,25,25,0.9744,0.83776,0.13664,0.112,18.5476787045315,1.21572150476427e-05,1,1,0.000145886580571713,1
DTLZ5,20,"S1_[0,0.25]",front_h3,AUC,score_hybrid,score_v,25,25,0.903081068585947,0.937095824121906,-0.0340147555359591,-0.0243862227298487,-3.58417611721508,0.000363626232645168,0.12,-0.815384615384615,0.00363626232645168,1
DTLZ5,20,"S1_[0,0.25]",front_h3,AUC,score_hybrid,anchor_margin,25,25,0.903081068585947,0.752671818122827,0.15040925046312,0.140682168960296,20.9167871317149,1.22903222102484e-05,1,1,0.000147483866522981,1
DTLZ5,20,"S1_[0,0.25]",front_h3,AUC,score_v,anchor_margin,25,25,0.937095824121906,0.752671818122827,0.184424005999079,0.168009521524227,26.0244669145401,1.22903222102484e-05,1,1,0.000147483866522981,1
DTLZ5,20,"S1_[0,0.25]",front_h3,Lift,score_hybrid,score_v,25,25,1.41285642938182,1.40811761622108,0.00473881316074914,0,0.356414334148435,0.987060546875,0.5,0.00952380952380952,1,0
DTLZ5,20,"S1_[0,0.25]",front_h3,Lift,score_hybrid,anchor_margin,25,25,1.41285642938182,1.20198978862068,0.210866640761148,0.150160556085594,19.3563588838405,1.22903222102484e-05,1,1,0.000147483866522981,1
DTLZ5,20,"S1_[0,0.25]",front_h3,Lift,score_v,anchor_margin,25,25,1.40811761622108,1.20198978862068,0.206127827600399,0.15566999932431,19.0852010788765,1.22903222102484e-05,1,1,0.000147483866522981,1
DTLZ5,20,"S1_[0,0.25]",population_final,Precision,score_hybrid,score_v,25,25,0.11232,0.09952,0.0128,0.00800000000000001,14.0325101305718,0.00604926673410769,0.76,0.742105263157895,0.0725912008092923,0
DTLZ5,20,"S1_[0,0.25]",population_final,Precision,score_hybrid,anchor_margin,25,25,0.11232,0.09248,0.01984,0.032,57.3696237219255,0.135661005187191,0.6,0.344202898550725,1,0
DTLZ5,20,"S1_[0,0.25]",population_final,Precision,score_v,anchor_margin,25,25,0.09952,0.09248,0.00704,0.024,38.159765544676,0.583096572289761,0.56,0.115942028985507,1,0
DTLZ5,20,"S1_[0,0.25]",population_final,AUC,score_hybrid,score_v,25,25,0.685741229664662,0.653487801375489,0.0322534282891727,0.0183112332267387,6.26518196732042,0.00742319460587312,0.76,0.612307692307692,0.0371159730293656,1
DTLZ5,20,"S1_[0,0.25]",population_final,AUC,score_hybrid,anchor_margin,25,25,0.685741229664662,0.650787785404168,0.0349534442604939,0.0398651315789473,7.9286387125051,0.15776958356673,0.64,0.323076923076923,0.47330875070019,0
DTLZ5,20,"S1_[0,0.25]",population_final,AUC,score_v,anchor_margin,25,25,0.653487801375489,0.650787785404168,0.00270001597132116,-0.0119004420117522,3.66099542522027,0.989266019065271,0.48,-0.00307692307692308,1,0
DTLZ5,20,"S1_[0,0.25]",population_final,Lift,score_hybrid,score_v,25,25,1.71313930513931,1.55138896658897,0.161750338550339,0.133333333333334,13.3739565729471,0.003758735438563,0.72,0.757894736842105,0.045104825262756,1
DTLZ5,20,"S1_[0,0.25]",population_final,Lift,score_hybrid,anchor_margin,25,25,1.71313930513931,1.35674414474414,0.35639516039516,0.628571428571429,64.1565780209212,0.0864762654936657,0.62,0.4,0.951238920430322,0
DTLZ5,20,"S1_[0,0.25]",population_final,Lift,score_v,anchor_margin,25,25,1.55138896658897,1.35674414474414,0.194644821844822,0.485454545454545,44.9051531244134,0.360566735097472,0.58,0.213333333333333,1,0
DTLZ5,20,"S1_[0,0.25]",population_h1,Precision,score_hybrid,score_v,25,25,0.99936,0.99968,-0.00032,0,-0.032,1,0.48,-1,1,0
DTLZ5,20,"S1_[0,0.25]",population_h1,Precision,score_hybrid,anchor_margin,25,25,0.99936,0.97984,0.01952,0.016,2.01986475937102,3.57432631507714e-05,0.94,1,0.000393175894658485,1
DTLZ5,20,"S1_[0,0.25]",population_h1,Precision,score_v,anchor_margin,25,25,0.99968,0.97984,0.01984,0.016,2.05265164461692,3.61311254997984e-05,0.94,1,0.000393175894658485,1
DTLZ5,20,"S1_[0,0.25]",population_h1,AUC,score_hybrid,score_v,25,25,0.886519749750746,0.909669869127999,-0.0231501193772531,-0.0183307204180665,-2.51642068773361,0.000382499321847453,0.24,-0.812307692307692,0.00152999728738981,1
DTLZ5,20,"S1_[0,0.25]",population_h1,AUC,score_hybrid,anchor_margin,25,25,0.886519749750746,0.764619702026171,0.121900047724575,0.122218528368795,16.569925371866,1.22903222102484e-05,1,1,0.000147483866522981,1
DTLZ5,20,"S1_[0,0.25]",population_h1,AUC,score_v,anchor_margin,25,25,0.909669869127999,0.764619702026171,0.145050167101828,0.148132138857783,19.8526127901374,1.389801409379e-05,0.96,0.993846153846154,0.000147483866522981,1
DTLZ5,20,"S1_[0,0.25]",population_h1,Lift,score_hybrid,score_v,25,25,1.06146982164013,1.06181024717205,-0.000340425531914894,0,-0.0320675105485233,1,0.48,-1,1,0
DTLZ5,20,"S1_[0,0.25]",population_h1,Lift,score_hybrid,anchor_margin,25,25,1.06146982164013,1.04071696457879,0.0207528570613368,0.0168439716312059,2.02027552776574,3.87103370277783e-05,0.94,1,0.000425813707305561,1
DTLZ5,20,"S1_[0,0.25]",population_h1,Lift,score_v,anchor_margin,25,25,1.06181024717205,1.04071696457879,0.0210932825932517,0.0168439716312059,2.05313328824996,3.87103370277783e-05,0.94,1,0.000425813707305561,1
DTLZ5,20,"S1_[0,0.25]",population_h3,Precision,score_hybrid,score_v,25,25,0.99264,0.99264,0,0,0.000541825391943975,0.86328125,0.54,-0.0181818181818182,1,0
DTLZ5,20,"S1_[0,0.25]",population_h3,Precision,score_hybrid,anchor_margin,25,25,0.99264,0.92256,0.07008,0.056,7.8654516361212,1.794810383208e-05,0.98,1,0.00019742914215288,1
DTLZ5,20,"S1_[0,0.25]",population_h3,Precision,score_v,anchor_margin,25,25,0.99264,0.92256,0.07008,0.056,7.86320663604994,1.21020972764717e-05,1,1,0.00014522516731766,1
DTLZ5,20,"S1_[0,0.25]",population_h3,AUC,score_hybrid,score_v,25,25,0.881513198693582,0.909060879881495,-0.0275476811879123,-0.0254742547425474,-3.0096285211265,6.4509802708292e-05,0.12,-0.913846153846154,0.000387058816249752,1
DTLZ5,20,"S1_[0,0.25]",population_h3,AUC,score_hybrid,anchor_margin,25,25,0.881513198693582,0.747213596325819,0.134299602367763,0.142896836783494,18.473969802305,1.22903222102484e-05,1,1,0.000147483866522981,1
DTLZ5,20,"S1_[0,0.25]",population_h3,AUC,score_v,anchor_margin,25,25,0.909060879881495,0.747213596325819,0.161847283555676,0.161709871528198,22.4148664532915,1.22903222102484e-05,1,1,0.000147483866522981,1
DTLZ5,20,"S1_[0,0.25]",population_h3,Lift,score_hybrid,score_v,25,25,1.19541542021152,1.1954108304238,4.58978772230445e-06,0,0.0015330923038794,0.9736328125,0.56,-0.0606060606060606,1,0
DTLZ5,20,"S1_[0,0.25]",population_h3,Lift,score_hybrid,anchor_margin,25,25,1.19541542021152,1.11089197982676,0.0845234403847563,0.0675958188153309,7.85817274303556,1.22903222102484e-05,1,1,0.000147483866522981,1
DTLZ5,20,"S1_[0,0.25]",population_h3,Lift,score_v,anchor_margin,25,25,1.1954108304238,1.11089197982676,0.084518850597034,0.0674698795180724,7.85483765109777,1.22903222102484e-05,1,1,0.000147483866522981,1
DTLZ5,20,"S2_(0.25,0.50]",front_final,Precision,score_hybrid,score_v,25,25,0.6832,0.694247619047619,-0.011047619047619,-0.00952380952380971,0.257035899557248,0.135190748338318,0.36,-0.344615384615385,0.946335238368228,0
DTLZ5,20,"S2_(0.25,0.50]",front_final,Precision,score_hybrid,anchor_margin,25,25,0.6832,0.714590476190476,-0.0313904761904762,-0.0323809523809524,-4.86688995220186,0.109337363027441,0.32,-0.372307692307692,0.874698904219532,0
DTLZ5,20,"S2_(0.25,0.50]",front_final,Precision,score_v,anchor_margin,25,25,0.694247619047619,0.714590476190476,-0.0203428571428571,-0.0209523809523808,-3.54292040438129,0.509601644222806,0.44,-0.156923076923077,1,0
DTLZ5,20,"S2_(0.25,0.50]",front_final,AUC,score_hybrid,score_v,25,25,0.568921755126878,0.574322030731273,-0.00540027560439518,-0.0102095777468193,0.430684997394804,0.527182745255457,0.4,-0.144615384615385,1,0
DTLZ5,20,"S2_(0.25,0.50]",front_final,AUC,score_hybrid,anchor_margin,25,25,0.568921755126878,0.587076356590498,-0.0181546014636204,-0.00850595711281277,-3.10302744805725,0.0875271268026895,0.4,-0.390769230769231,0.350108507210758,0
DTLZ5,20,"S2_(0.25,0.50]",front_final,AUC,score_v,anchor_margin,25,25,0.574322030731273,0.587076356590498,-0.0127543258592252,-0.0076967705389106,-2.0877569776484,0.599802339934694,0.4,-0.12,1,0
DTLZ5,20,"S2_(0.25,0.50]",front_final,Lift,score_hybrid,score_v,25,25,1.13884884570555,1.15314811793798,-0.0142992722324326,-0.0288359792277078,0.667630044916748,0.13534988381758,0.44,-0.341538461538462,1,0
DTLZ5,20,"S2_(0.25,0.50]",front_final,Lift,score_hybrid,anchor_margin,25,25,1.13884884570555,1.20527791119636,-0.0664290654908136,-0.044967539727212,-4.63358863831099,0.191897880489051,0.32,-0.298461538461538,1,0
DTLZ5,20,"S2_(0.25,0.50]",front_final,Lift,score_v,anchor_margin,25,25,1.15314811793798,1.20527791119636,-0.0521297932583809,-0.0252294399475304,-3.28693219456048,0.696425468813946,0.48,-0.0892307692307692,1,0
DTLZ5,20,"S2_(0.25,0.50]",front_h1,Precision,score_hybrid,score_v,25,25,0.989942857142857,0.990933333333333,-0.00099047619047619,-0.00190476190476185,-0.0967681234009771,0.0489625457719395,0.3,-0.551470588235294,0.244812728859698,0
DTLZ5,20,"S2_(0.25,0.50]",front_h1,Precision,score_hybrid,anchor_margin,25,25,0.989942857142857,0.980571428571429,0.00937142857142858,0.00761904761904764,0.96923769894939,0.000494176371182832,0.9,0.796666666666667,0.00444758734064549,1
DTLZ5,20,"S2_(0.25,0.50]",front_h1,Precision,score_v,anchor_margin,25,25,0.990933333333333,0.980571428571429,0.0103619047619048,0.00761904761904786,1.06975213886483,0.000510996667454456,0.88,0.796923076923077,0.00444758734064549,1
DTLZ5,20,"S2_(0.25,0.50]",front_h1,AUC,score_hybrid,score_v,25,25,0.71468366708294,0.746427826535383,-0.0317441594524423,-0.0318998342665849,-4.15810332776168,0.0015692533679153,0.24,-0.723076923076923,0.00941552020749179,1
DTLZ5,20,"S2_(0.25,0.50]",front_h1,AUC,score_hybrid,anchor_margin,25,25,0.71468366708294,0.650361880662335,0.0643217864206052,0.0628321245468633,10.0418590954951,3.22287733545754e-05,0.88,0.950769230769231,0.000322287733545754,1
DTLZ5,20,"S2_(0.25,0.50]",front_h1,AUC,score_v,anchor_margin,25,25,0.746427826535383,0.650361880662335,0.0960659458730475,0.112005944372699,15.4092991566746,4.57388760554373e-05,0.84,0.932307692307692,0.000411649884498936,1
DTLZ5,20,"S2_(0.25,0.50]",front_h1,Lift,score_hybrid,score_v,25,25,1.03111259095803,1.03229469967172,-0.00118210871369011,-0.00140528324261391,-0.112794502062969,0.034584126036273,0.3,-0.567251461988304,0.172920630181365,0
DTLZ5,20,"S2_(0.25,0.50]",front_h1,Lift,score_hybrid,anchor_margin,25,25,1.03111259095803,1.02036094283031,0.0107516481277143,0.00845603493386737,1.05452056952429,0.00040277492946398,0.88,0.809230769230769,0.00362497436517582,1
DTLZ5,20,"S2_(0.25,0.50]",front_h1,Lift,score_v,anchor_margin,25,25,1.03229469967172,1.02036094283031,0.0119337568414044,0.0085444389331184,1.17191653349784,0.000545135029590116,0.88,0.790769230769231,0.00394532176660383,1
DTLZ5,20,"S2_(0.25,0.50]",front_h3,Precision,score_hybrid,score_v,25,25,0.969980952380953,0.973028571428571,-0.00304761904761908,-0.00190476190476208,-0.304705759252333,0.00425428698519593,0.24,-0.702898550724638,0.0297800088963715,1
DTLZ5,20,"S2_(0.25,0.50]",front_h3,Precision,score_hybrid,anchor_margin,25,25,0.969980952380953,0.964952380952381,0.00502857142857139,0.00571428571428556,0.529066653409822,0.223516078945588,0.74,0.303333333333333,0.894064315782352,0
DTLZ5,20,"S2_(0.25,0.50]",front_h3,Precision,score_v,anchor_margin,25,25,0.973028571428571,0.964952380952381,0.00807619047619047,0.00761904761904786,0.845685661935587,0.0518178565013225,0.74,0.45,0.259089282506612,0
DTLZ5,20,"S2_(0.25,0.50]",front_h3,AUC,score_hybrid,score_v,25,25,0.660581360478445,0.6925396889495,-0.0319583284710556,-0.0290812589819843,-4.33821780764606,0.00143028323560228,0.16,-0.729230769230769,0.010011982649216,1
DTLZ5,20,"S2_(0.25,0.50]",front_h3,AUC,score_hybrid,anchor_margin,25,25,0.660581360478445,0.619711396763961,0.0408699637144838,0.0416852483662562,6.65013814393822,0.00118576266337556,0.8,0.741538461538462,0.00948610130700449,1
DTLZ5,20,"S2_(0.25,0.50]",front_h3,AUC,score_v,anchor_margin,25,25,0.6925396889495,0.619711396763961,0.0728282921855394,0.0870200605418013,12.1393835906023,0.000363626232645168,0.84,0.815384615384615,0.00363626232645168,1
DTLZ5,20,"S2_(0.25,0.50]",front_h3,Lift,score_hybrid,score_v,25,25,1.04076333622208,1.04437489550066,-0.00361155927857598,-0.00362596404017457,-0.33864836034177,0.00324410445211588,0.22,-0.686666666666667,0.0227087311648112,1
DTLZ5,20,"S2_(0.25,0.50]",front_h3,Lift,score_hybrid,anchor_margin,25,25,1.04076333622208,1.03556256671769,0.00520076950439161,0.00642391004357923,0.525246559527016,0.182895636830461,0.72,0.304615384615385,0.731582547321844,0
DTLZ5,20,"S2_(0.25,0.50]",front_h3,Lift,score_v,anchor_margin,25,25,1.04437489550066,1.03556256671769,0.00881232878296759,0.00836625317270445,0.877658065011948,0.0543741164130669,0.76,0.44,0.271870582065334,0
DTLZ5,20,"S2_(0.25,0.50]",population_final,Precision,score_hybrid,score_v,25,25,0.167238095238095,0.166476190476191,0.000761904761904761,0.00380952380952381,2.13878988728602,0.726312315291614,0.66,0.1,1,0
DTLZ5,20,"S2_(0.25,0.50]",population_final,Precision,score_hybrid,anchor_margin,25,25,0.167238095238095,0.157866666666667,0.00937142857142858,0.00952380952380957,9.84717114103343,0.466127337823223,0.6,0.178461538461538,1,0
DTLZ5,20,"S2_(0.25,0.50]",population_final,Precision,score_v,anchor_margin,25,25,0.166476190476191,0.157866666666667,0.00860952380952382,0.00952380952380955,8.81627808790924,0.548424607484752,0.56,0.132307692307692,1,0
DTLZ5,20,"S2_(0.25,0.50]",population_final,AUC,score_hybrid,score_v,25,25,0.53914848402428,0.488212264175053,0.0509362198492265,0.0497157573207216,12.0167666276923,2.5431964463053e-05,0.88,0.963076923076923,0.000228887680167477,1
DTLZ5,20,"S2_(0.25,0.50]",population_final,AUC,score_hybrid,anchor_margin,25,25,0.53914848402428,0.551745127804385,-0.0125966437801059,0.00230244203800267,-2.00715021821835,0.562927540406663,0.52,-0.132307692307692,1,0
DTLZ5,20,"S2_(0.25,0.50]",population_final,AUC,score_v,anchor_margin,25,25,0.488212264175053,0.551745127804385,-0.0635328636293324,-0.0521310862773817,-11.0503113681716,0.000733297062909113,0.16,-0.772307692307692,0.00439978237745468,1
DTLZ5,20,"S2_(0.25,0.50]",population_final,Lift,score_hybrid,score_v,25,25,1.01379374979933,0.992714962690955,0.0210787871083796,0.0302992460342357,3.68600526989991,0.287862220533579,0.6,0.243076923076923,1,0
DTLZ5,20,"S2_(0.25,0.50]",population_final,Lift,score_hybrid,anchor_margin,25,25,1.01379374979933,0.981528286863609,0.0322654629357259,0.073672891220477,11.5733029318074,0.443172497169687,0.64,0.175384615384615,1,0
DTLZ5,20,"S2_(0.25,0.50]",population_final,Lift,score_v,anchor_margin,25,25,0.992714962690955,0.981528286863609,0.0111866758273463,0.049004730097167,9.40016877837216,0.716423138125903,0.56,0.0830769230769231,1,0
DTLZ5,20,"S2_(0.25,0.50]",population_h1,Precision,score_hybrid,score_v,25,25,0.966476190476191,0.965866666666667,0.000609523809523878,-0.00190476190476174,0.0661001488052413,0.654185941047333,0.44,0.156923076923077,1,0
DTLZ5,20,"S2_(0.25,0.50]",population_h1,Precision,score_hybrid,anchor_margin,25,25,0.966476190476191,0.944914285714286,0.0215619047619048,0.0190476190476192,2.29688226732214,1.36385258427681e-05,0.96,0.993846153846154,0.000163662310113217,1
DTLZ5,20,"S2_(0.25,0.50]",population_h1,Precision,score_v,anchor_margin,25,25,0.965866666666667,0.944914285714286,0.0209523809523809,0.0209523809523808,2.23285815151842,4.55431227657828e-05,0.92,0.985507246376812,0.000409888104892045,1
DTLZ5,20,"S2_(0.25,0.50]",population_h1,AUC,score_hybrid,score_v,25,25,0.649374961064611,0.627527828875102,0.0218471321895093,0.0191247370783756,3.71598766248487,0.000239913393756993,0.88,0.84,0.00119956696878496,1
DTLZ5,20,"S2_(0.25,0.50]",population_h1,AUC,score_hybrid,anchor_margin,25,25,0.649374961064611,0.597226636572575,0.0521483244920362,0.054885045676678,8.75649776067034,1.22903222102484e-05,1,1,0.000147483866522981,1
DTLZ5,20,"S2_(0.25,0.50]",population_h1,AUC,score_v,anchor_margin,25,25,0.627527828875102,0.597226636572575,0.0303011923025269,0.0359776798835686,5.14134373232938,0.00581635894578628,0.8,0.630769230769231,0.0174490768373588,1
DTLZ5,20,"S2_(0.25,0.50]",population_h1,Lift,score_hybrid,score_v,25,25,1.02875074029664,1.02816593402934,0.000584806267297235,-0.00193127321017794,0.0607819489304532,0.736617206135004,0.44,0.0769230769230769,1,0
DTLZ5,20,"S2_(0.25,0.50]",population_h1,Lift,score_hybrid,anchor_margin,25,25,1.02875074029664,1.00561605379039,0.0231346865062482,0.0209264852963469,2.31489142861286,1.57051000197501e-05,0.96,0.987692307692308,0.000188461200237001,1
DTLZ5,20,"S2_(0.25,0.50]",population_h1,Lift,score_v,anchor_margin,25,25,1.02816593402934,1.00561605379039,0.022549880238951,0.0220168942499552,2.25626696950429,4.07291433495254e-05,0.84,0.938461538461538,0.000425813707305561,1
DTLZ5,20,"S2_(0.25,0.50]",population_h3,Precision,score_hybrid,score_v,25,25,0.902628571428572,0.90232380952381,0.000304761904761839,0.00190476190476163,0.0496551516687915,0.829999368206482,0.54,0.04,1,0
DTLZ5,20,"S2_(0.25,0.50]",population_h3,Precision,score_hybrid,anchor_margin,25,25,0.902628571428572,0.853257142857143,0.0493714285714286,0.0533333333333332,5.89074963379267,3.01078944292188e-05,0.88,0.956923076923077,0.000301078944292188,1
DTLZ5,20,"S2_(0.25,0.50]",population_h3,Precision,score_v,anchor_margin,25,25,0.90232380952381,0.853257142857143,0.0490666666666667,0.0495238095238097,5.87254197020555,4.05985061339096e-05,0.84,0.938461538461538,0.000365386555205186,1
DTLZ5,20,"S2_(0.25,0.50]",population_h3,AUC,score_hybrid,score_v,25,25,0.629798184076817,0.60817136457442,0.0216268195023967,0.0143727867579058,3.75243373031195,0.000125955718527785,0.88,0.876923076923077,0.000629778592638923,1
DTLZ5,20,"S2_(0.25,0.50]",population_h3,AUC,score_hybrid,anchor_margin,25,25,0.629798184076817,0.585647875764493,0.0441503083123236,0.0478365953415426,7.61121763901634,1.77348399029039e-05,0.96,0.981538461538462,0.000147483866522981,1
DTLZ5,20,"S2_(0.25,0.50]",population_h3,AUC,score_v,anchor_margin,25,25,0.60817136457442,0.585647875764493,0.0225234888099269,0.0218565361453619,3.93873280579423,0.0199414406198738,0.68,0.532307692307692,0.0598243218596215,0
DTLZ5,20,"S2_(0.25,0.50]",population_h3,Lift,score_hybrid,score_v,25,25,1.07057738787932,1.07034930582772,0.000228082051595884,0.00108160881490282,0.043701543832608,0.840071644440277,0.56,0.0461538461538462,1,0
DTLZ5,20,"S2_(0.25,0.50]",population_h3,Lift,score_hybrid,anchor_margin,25,25,1.07057738787932,1.0117070468022,0.0588703410771176,0.0621639191301864,5.92427864332373,3.22287733545754e-05,0.88,0.950769230769231,0.000322287733545754,1
DTLZ5,20,"S2_(0.25,0.50]",population_h3,Lift,score_v,anchor_margin,25,25,1.07034930582772,1.0117070468022,0.0586422590255217,0.0599121870561861,5.91192865914104,4.07291433495254e-05,0.84,0.938461538461538,0.000366562290145729,1
DTLZ5,20,"S3_(0.50,0.75]",front_final,Precision,score_hybrid,score_v,25,25,0.83192,0.83224,-0.000319999999999978,0.00599999999999989,0.106260148170281,0.606942147807752,0.58,0.116666666666667,1,0
DTLZ5,20,"S3_(0.50,0.75]",front_final,Precision,score_hybrid,anchor_margin,25,25,0.83192,0.91912,-0.0872,-0.074,-9.68329560702957,5.41927349819753e-05,0.12,-0.92,0.000650312819783704,1
DTLZ5,20,"S3_(0.50,0.75]",front_final,Precision,score_v,anchor_margin,25,25,0.83224,0.91912,-0.08688,-0.11,-9.55356003227173,0.000344132093425438,0.2,-0.821538461538462,0.00378545302767981,1
DTLZ5,20,"S3_(0.50,0.75]",front_final,AUC,score_hybrid,score_v,25,25,0.51828691732486,0.493905280105629,0.0243816372192306,0.0349109060787488,7.67112473376853,0.0543741164130669,0.72,0.44,0.271870582065334,0
DTLZ5,20,"S3_(0.50,0.75]",front_final,AUC,score_hybrid,anchor_margin,25,25,0.51828691732486,0.593240900756003,-0.074953983431143,-0.0788126420990098,-13.1123946888957,5.75632836939671e-05,0.08,-0.92,0.000690759404327605,1
DTLZ5,20,"S3_(0.50,0.75]",front_final,AUC,score_v,anchor_margin,25,25,0.493905280105629,0.593240900756003,-0.0993356206503736,-0.10974432937012,-16.8568019304802,0.000493158672096644,0.16,-0.796923076923077,0.00493158672096644,1
DTLZ5,20,"S3_(0.50,0.75]",front_final,Lift,score_hybrid,score_v,25,25,0.994213975508573,0.99556907248487,-0.00135509697629705,0.00798089624040521,0.0749995753762926,0.710318348253685,0.58,0.0866666666666667,1,0
DTLZ5,20,"S3_(0.50,0.75]",front_final,Lift,score_hybrid,anchor_margin,25,25,0.994213975508573,1.10011480244313,-0.105900826934558,-0.0870071418003135,-9.55297318226724,5.75632836939671e-05,0.12,-0.92,0.000690759404327605,1
DTLZ5,20,"S3_(0.50,0.75]",front_final,Lift,score_v,anchor_margin,25,25,0.99556907248487,1.10011480244313,-0.104545729958261,-0.142884322841386,-9.38755144132992,0.000363626232645168,0.2,-0.815384615384615,0.00399988855909684,1
DTLZ5,20,"S3_(0.50,0.75]",front_h1,Precision,score_hybrid,score_v,25,25,0.99328,0.9936,-0.000320000000000005,0,-0.0318350410959954,0.559583699775243,0.5,-0.0818713450292398,1,0
DTLZ5,20,"S3_(0.50,0.75]",front_h1,Precision,score_hybrid,anchor_margin,25,25,0.99328,0.99664,-0.00336000000000002,-0.002,-0.336983063047922,0.00630882098671025,0.26,-0.7,0.0378529259202615,1
DTLZ5,20,"S3_(0.50,0.75]",front_h1,Precision,score_v,anchor_margin,25,25,0.9936,0.99664,-0.00304000000000001,-0.00199999999999989,-0.304306488119439,0.0525661717028679,0.42,-0.474308300395257,0.244812728859698,0
DTLZ5,20,"S3_(0.50,0.75]",front_h1,AUC,score_hybrid,score_v,25,25,0.592552444267219,0.569314658053025,0.0232377862141934,0.0273739923960836,6.17088396146301,0.210871951440329,0.6,0.286153846153846,0.421743902880657,0
DTLZ5,20,"S3_(0.50,0.75]",front_h1,AUC,score_hybrid,anchor_margin,25,25,0.592552444267219,0.647889460610785,-0.0553370163435666,-0.0550281994501435,-8.35907223194608,0.000890537644222049,0.12,-0.76,0.00623376350955434,1
DTLZ5,20,"S3_(0.50,0.75]",front_h1,AUC,score_v,anchor_margin,25,25,0.569314658053025,0.647889460610785,-0.07857480255776,-0.0767766618334933,-11.1604410705672,0.0087050890474632,0.28,-0.6,0.0332094273821332,1
DTLZ5,20,"S3_(0.50,0.75]",front_h1,Lift,score_hybrid,score_v,25,25,1.00288289200586,1.00327541452981,-0.000392522523955923,0,-0.0381152030128509,0.541385398125633,0.5,-0.16374269005848,1,0
DTLZ5,20,"S3_(0.50,0.75]",front_h1,Lift,score_hybrid,anchor_margin,25,25,1.00288289200586,1.00639653667305,-0.00351364466719475,-0.00204081632653064,-0.348590572181358,0.00912813584353274,0.32,-0.649350649350649,0.0547688150611964,0
DTLZ5,20,"S3_(0.50,0.75]",front_h1,Lift,score_v,anchor_margin,25,25,1.00327541452981,1.00639653667305,-0.00312112214323883,-0.00204081632653041,-0.309557721668287,0.110293044262551,0.44,-0.380434782608696,0.441172177050204,0
DTLZ5,20,"S3_(0.50,0.75]",front_h3,Precision,score_hybrid,score_v,25,25,0.97864,0.97976,-0.00111999999999998,0,-0.112001581245549,0.530495341237089,0.44,-0.138528138528139,1,0
DTLZ5,20,"S3_(0.50,0.75]",front_h3,Precision,score_hybrid,anchor_margin,25,25,0.97864,0.98984,-0.0112,-0.00799999999999979,-1.13301152467991,0.00142619702081188,0.22,-0.76,0.011409576166495,1
DTLZ5,20,"S3_(0.50,0.75]",front_h3,Precision,score_v,anchor_margin,25,25,0.97976,0.98984,-0.01008,-0.00600000000000012,-1.01517274019938,0.0080249119679195,0.32,-0.652173913043478,0.048149471807517,1
DTLZ5,20,"S3_(0.50,0.75]",front_h3,AUC,score_hybrid,score_v,25,25,0.579799847547035,0.568785860708487,0.011013986838548,0.0201816445419052,3.68308710327585,0.637732890050189,0.56,0.107692307692308,0.637732890050189,0
DTLZ5,20,"S3_(0.50,0.75]",front_h3,AUC,score_hybrid,anchor_margin,25,25,0.579799847547035,0.632054586049221,-0.0522547385021857,-0.0434243485047558,-8.48171369367275,0.00188518543866155,0.2,-0.710769230769231,0.0113111126319693,1
DTLZ5,20,"S3_(0.50,0.75]",front_h3,AUC,score_v,anchor_margin,25,25,0.568785860708487,0.632054586049221,-0.0632687253407338,-0.0542459178635766,-9.34723604471498,0.0303106981372454,0.32,-0.495384615384615,0.0909320944117362,0
DTLZ5,20,"S3_(0.50,0.75]",front_h3,Lift,score_hybrid,score_v,25,25,1.00681738786263,1.00820316520434,-0.00138577734171022,0,-0.128719358668807,0.497914888061246,0.44,-0.168831168831169,1,0
DTLZ5,20,"S3_(0.50,0.75]",front_h3,Lift,score_hybrid,anchor_margin,25,25,1.00681738786263,1.01870455054019,-0.0118871626775617,-0.00829262556086263,-1.16307292071776,0.00130694801257505,0.22,-0.753333333333333,0.0104555841006004,1
DTLZ5,20,"S3_(0.50,0.75]",front_h3,Lift,score_v,anchor_margin,25,25,1.00820316520434,1.01870455054019,-0.0105013853358515,-0.00631578947368427,-1.02810916792625,0.0129291721727266,0.34,-0.58,0.0775750330363594,0
DTLZ5,20,"S3_(0.50,0.75]",population_final,Precision,score_hybrid,score_v,25,25,0.3516,0.342,0.00959999999999996,0.0079999999999999,3.20214349677351,0.21911494133096,0.56,0.273846153846154,1,0
DTLZ5,20,"S3_(0.50,0.75]",population_final,Precision,score_hybrid,anchor_margin,25,25,0.3516,0.3716,-0.02,-0.0139999999999999,-3.66810365024319,0.129835857675517,0.36,-0.344615384615385,1,0
DTLZ5,20,"S3_(0.50,0.75]",population_final,Precision,score_v,anchor_margin,25,25,0.342,0.3716,-0.0296,-0.0279999999999997,-6.05399670329452,0.0358064046569538,0.36,-0.476923076923077,0.393870451226492,0
DTLZ5,20,"S3_(0.50,0.75]",population_final,AUC,score_hybrid,score_v,25,25,0.501949817490076,0.442280980233067,0.0596688372570088,0.0650104492001009,14.0170491545837,1.22903222102484e-05,1,1,0.000147483866522981,1
DTLZ5,20,"S3_(0.50,0.75]",population_final,AUC,score_hybrid,anchor_margin,25,25,0.501949817490076,0.523836677147616,-0.0218868596575396,-0.0185928642157517,-4.33965989266963,0.000295766913944783,0.16,-0.827692307692308,0.00207036839761348,1
DTLZ5,20,"S3_(0.50,0.75]",population_final,AUC,score_v,anchor_margin,25,25,0.442280980233067,0.523836677147616,-0.0815556969145484,-0.0723233298573761,-15.6984783500501,1.22903222102484e-05,0,-1,0.000147483866522981,1
DTLZ5,20,"S3_(0.50,0.75]",population_final,Lift,score_hybrid,score_v,25,25,0.920560843548632,0.901162604021094,0.0193982395275386,-3.37316567053936e-05,2.8541302733243,0.353257960747509,0.48,0.212307692307692,1,0
DTLZ5,20,"S3_(0.50,0.75]",population_final,Lift,score_hybrid,anchor_margin,25,25,0.920560843548632,0.96011384432142,-0.0395530007727877,-0.0510444256740712,-2.8727666373772,0.165836708887553,0.4,-0.316923076923077,1,0
DTLZ5,20,"S3_(0.50,0.75]",population_final,Lift,score_v,anchor_margin,25,25,0.901162604021094,0.96011384432142,-0.0589512403003263,-0.0595905739578083,-4.99162608474326,0.0875271268026895,0.36,-0.390769230769231,0.951238920430322,0
DTLZ5,20,"S3_(0.50,0.75]",population_h1,Precision,score_hybrid,score_v,25,25,0.95888,0.95584,0.00303999999999998,0.00199999999999978,0.323368054762778,0.156613102419725,0.58,0.347826086956522,0.939678614518348,0
DTLZ5,20,"S3_(0.50,0.75]",population_h1,Precision,score_hybrid,anchor_margin,25,25,0.95888,0.9492,0.00967999999999998,0.0099999999999999,1.0280105238045,0.000126530327365272,0.84,0.876923076923077,0.00101224261892218,1
DTLZ5,20,"S3_(0.50,0.75]",population_h1,Precision,score_v,anchor_margin,25,25,0.95584,0.9492,0.00664,0.00800000000000001,0.706945308532721,0.00220241524906744,0.64,0.728260869565217,0.0154169067434721,1
DTLZ5,20,"S3_(0.50,0.75]",population_h1,AUC,score_hybrid,score_v,25,25,0.546255992823877,0.497156119818471,0.0490998730054062,0.044976584882894,10.1005096036497,1.22903222102484e-05,1,1,0.000147483866522981,1
DTLZ5,20,"S3_(0.50,0.75]",population_h1,AUC,score_hybrid,anchor_margin,25,25,0.546255992823877,0.543388327130449,0.00286766569342805,0.00366465386024761,0.610731771116861,0.599802339934694,0.56,0.12,0.793357515320874,0
DTLZ5,20,"S3_(0.50,0.75]",population_h1,AUC,score_v,anchor_margin,25,25,0.497156119818471,0.543388327130449,-0.0462322073119782,-0.0389854767331521,-8.30090596581638,7.22447254832091e-05,0.16,-0.907692307692308,0.000433468352899254,1
DTLZ5,20,"S3_(0.50,0.75]",population_h1,Lift,score_hybrid,score_v,25,25,1.00912926743481,1.00592233185511,0.00320693557970276,0.00120853731838588,0.321427138321938,0.252812901016408,0.56,0.261538461538462,1,0
DTLZ5,20,"S3_(0.50,0.75]",population_h1,Lift,score_hybrid,anchor_margin,25,25,1.00912926743481,0.998405694945029,0.010723572489781,0.0105930528778627,1.07677310856791,0.000174372656137261,0.84,0.858461538461538,0.00139498124909809,1
DTLZ5,20,"S3_(0.50,0.75]",population_h1,Lift,score_v,anchor_margin,25,25,1.00592233185511,0.998405694945029,0.00751663691007824,0.00858668153625919,0.758002678678363,0.00294699145433131,0.64,0.68,0.0206289401803192,1
DTLZ5,20,"S3_(0.50,0.75]",population_h3,Precision,score_hybrid,score_v,25,25,0.88704,0.87936,0.00768000000000001,0.01,0.910174739998692,0.109160828752581,0.68,0.369230769230769,0.654964972515485,0
DTLZ5,20,"S3_(0.50,0.75]",population_h3,Precision,score_hybrid,anchor_margin,25,25,0.88704,0.86632,0.02072,0.0180000000000001,2.45729943068896,0.000928972314600027,0.88,0.766153846153846,0.00743177851680021,1
DTLZ5,20,"S3_(0.50,0.75]",population_h3,Precision,score_v,anchor_margin,25,25,0.87936,0.86632,0.01304,0.00800000000000023,1.55425551189193,0.0142955985408034,0.76,0.563076923076923,0.100069189785624,0
DTLZ5,20,"S3_(0.50,0.75]",population_h3,AUC,score_hybrid,score_v,25,25,0.541967152193378,0.499882705150717,0.0420844470426606,0.0479673094546045,8.63038980891097,1.389801409379e-05,0.96,0.993846153846154,0.000147483866522981,1
DTLZ5,20,"S3_(0.50,0.75]",population_h3,AUC,score_hybrid,anchor_margin,25,25,0.541967152193378,0.537389846283829,0.00457730590954912,0.0039054177627692,0.856419604764462,0.396678757660437,0.52,0.193846153846154,0.600482569098109,0
DTLZ5,20,"S3_(0.50,0.75]",population_h3,AUC,score_v,anchor_margin,25,25,0.499882705150717,0.537389846283829,-0.0375071411331115,-0.0294432877741723,-6.84552344124991,0.000445833660081563,0.2,-0.803076923076923,0.00178333464032625,1
DTLZ5,20,"S3_(0.50,0.75]",population_h3,Lift,score_hybrid,score_v,25,25,1.02137075382258,1.01228917602497,0.00908157779760322,0.0113886546613207,0.914002338759711,0.121827699998635,0.68,0.353846153846154,0.730966199991808,0
DTLZ5,20,"S3_(0.50,0.75]",population_h3,Lift,score_hybrid,anchor_margin,25,25,1.02137075382258,0.996229118509765,0.0251416353128116,0.0202356246572479,2.54281724547342,0.000808376714536398,0.88,0.766153846153846,0.00646701371629119,1
DTLZ5,20,"S3_(0.50,0.75]",population_h3,Lift,score_v,anchor_margin,25,25,1.01228917602497,0.996229118509765,0.0160600575152084,0.0107592862182573,1.63655176347305,0.0118763818875161,0.76,0.575384615384615,0.0831346732126125,0
DTLZ5,20,"S4_(0.75,1.00]",front_final,Precision,score_hybrid,score_v,25,25,0.942171428571428,0.937523809523809,0.004647619047619,0,0.557403128364606,0.393155700678767,0.5,0.220588235294118,1,0
DTLZ5,20,"S4_(0.75,1.00]",front_final,Precision,score_hybrid,anchor_margin,25,25,0.942171428571428,0.984380952380953,-0.0422095238095238,-0.0342857142857139,-4.29284347882222,0.000862307964836659,0.28,-0.793478260869565,0.00862307964836659,1
DTLZ5,20,"S4_(0.75,1.00]",front_final,Precision,score_v,anchor_margin,25,25,0.937523809523809,0.984380952380953,-0.0468571428571428,-0.0228571428571427,-4.76339344036097,0.000964144334272497,0.24,-0.782608695652174,0.00867729900845247,1
DTLZ5,20,"S4_(0.75,1.00]",front_final,AUC,score_hybrid,score_v,25,25,0.504188079959237,0.454040159000119,0.0501479209591185,0.039983649279063,16.5224882866611,0.0172534502587572,0.68,0.544615384615385,0.103520701552543,0
DTLZ5,20,"S4_(0.75,1.00]",front_final,AUC,score_hybrid,anchor_margin,25,25,0.504188079959237,0.601596072920779,-0.0974079929615417,-0.115841963581749,-16.7986604822278,0.00040277492946398,0.12,-0.809230769230769,0.00443052422410377,1
DTLZ5,20,"S4_(0.75,1.00]",front_final,AUC,score_v,anchor_margin,25,25,0.454040159000119,0.601596072920779,-0.14755591392066,-0.147338701258842,-24.4219293767063,0.000664738019332407,0.24,-0.778461538461538,0.00598264217399166,1
DTLZ5,20,"S4_(0.75,1.00]",front_final,Lift,score_hybrid,score_v,25,25,0.983243449285203,0.978122944486075,0.00512050479912808,0,0.599173103968552,0.463106814966654,0.52,0.202614379084967,1,0
DTLZ5,20,"S4_(0.75,1.00]",front_final,Lift,score_hybrid,anchor_margin,25,25,0.983243449285203,1.02994339584893,-0.0466999465637312,-0.0361879918375754,-4.41235655336991,0.000820914670167717,0.28,-0.797101449275362,0.00820914670167717,1
DTLZ5,20,"S4_(0.75,1.00]",front_final,Lift,score_v,anchor_margin,25,25,0.978122944486075,1.02994339584893,-0.0518204513628593,-0.0239800543477668,-4.91323137345616,0.00102049372183404,0.24,-0.782608695652174,0.00918444349650636,1
DTLZ5,20,"S4_(0.75,1.00]",front_h1,Precision,score_hybrid,score_v,25,25,0.99192,0.99184,7.99999999999868e-05,0,0.0087245144238442,0.6787109375,0.54,0.0769230769230769,1,0
DTLZ5,20,"S4_(0.75,1.00]",front_h1,Precision,score_hybrid,anchor_margin,25,25,0.99192,0.99792,-0.00600000000000001,-0.00399999999999989,-0.601625244654064,0.000509185894377709,0.22,-0.941520467836257,0.00444758734064549,1
DTLZ5,20,"S4_(0.75,1.00]",front_h1,Precision,score_v,anchor_margin,25,25,0.99184,0.99792,-0.00608,-0.00399999999999989,-0.609463824392376,0.000312803604415571,0.18,-0.964912280701754,0.00312803604415571,1
DTLZ5,20,"S4_(0.75,1.00]",front_h1,AUC,score_hybrid,score_v,25,24,0.550205947118018,0.532604585018851,0.0176013620991664,0.012370005229681,3.78979002017928,0.277605418363564,0.625,0.253333333333333,0.421743902880657,0
DTLZ5,20,"S4_(0.75,1.00]",front_h1,AUC,score_hybrid,anchor_margin,25,24,0.550205947118018,0.616212842580886,-0.0660068954628679,-0.0974482481045684,-11.253745593932,0.00723749486912433,0.25,-0.626666666666667,0.0332094273821332,1
DTLZ5,20,"S4_(0.75,1.00]",front_h1,AUC,score_v,anchor_margin,25,24,0.532604585018851,0.616212842580886,-0.0836082575620344,-0.0916017811391822,-12.030048804129,0.00664188547642663,0.208333333333333,-0.633333333333333,0.0332094273821332,1
DTLZ5,20,"S4_(0.75,1.00]",front_h1,Lift,score_hybrid,score_v,25,25,0.996820091372212,0.996755433945469,6.46574267433841e-05,0,0.00728545479953783,0.635498046875,0.52,0.164835164835165,1,0
DTLZ5,20,"S4_(0.75,1.00]",front_h1,Lift,score_hybrid,anchor_margin,25,25,0.996820091372212,1.00318224158178,-0.00636215020957138,-0.00406101834673278,-0.632586629593004,0.000493165220825479,0.22,-0.929824561403509,0.00394532176660383,1
DTLZ5,20,"S4_(0.75,1.00]",front_h1,Lift,score_v,anchor_margin,25,25,0.996755433945469,1.00318224158178,-0.00642680763631477,-0.00406101834673278,-0.638880648317665,0.000327012662932866,0.18,-0.964912280701754,0.00327012662932866,1
DTLZ5,20,"S4_(0.75,1.00]",front_h3,Precision,score_hybrid,score_v,25,25,0.976622222222222,0.975022222222222,0.00159999999999999,0,0.176054124382056,0.4266357421875,0.52,0.241666666666667,1,0
DTLZ5,20,"S4_(0.75,1.00]",front_h3,Precision,score_hybrid,anchor_margin,25,25,0.976622222222222,0.993511111111111,-0.0168888888888889,-0.011111111111111,-1.70213499245638,0.000835935800965574,0.24,-0.908496732026144,0.00835935800965574,1
DTLZ5,20,"S4_(0.75,1.00]",front_h3,Precision,score_v,anchor_margin,25,25,0.975022222222222,0.993511111111111,-0.0184888888888889,-0.011111111111111,-1.86299777418493,0.000854928100451563,0.22,-0.894736842105263,0.00835935800965574,1
DTLZ5,20,"S4_(0.75,1.00]",front_h3,AUC,score_hybrid,score_v,25,24,0.528915882257047,0.498466446693082,0.0304494355639649,0.0320491909913043,8.41452759590498,0.0632908322333453,0.708333333333333,0.433333333333333,0.126581664466691,0
DTLZ5,20,"S4_(0.75,1.00]",front_h3,AUC,score_hybrid,anchor_margin,25,24,0.528915882257047,0.610533952250475,-0.081618069993428,-0.10546864252534,-14.1615816089084,0.00269979606326019,0.25,-0.7,0.013498980316301,1
DTLZ5,20,"S4_(0.75,1.00]",front_h3,AUC,score_v,anchor_margin,25,24,0.498466446693082,0.610533952250475,-0.112067505557393,-0.128371628284749,-17.6803093704592,0.00269979606326019,0.208333333333333,-0.7,0.013498980316301,1
DTLZ5,20,"S4_(0.75,1.00]",front_h3,Lift,score_hybrid,score_v,25,25,0.990928076886284,0.989237858616078,0.00169021827020639,0,0.183140144645584,0.389404296875,0.52,0.266666666666667,1,0
DTLZ5,20,"S4_(0.75,1.00]",front_h3,Lift,score_hybrid,anchor_margin,25,25,0.990928076886284,1.00894339181456,-0.0180153149282804,-0.0112920589111067,-1.77059459392379,0.000932228543285587,0.26,-0.894736842105263,0.00863475863116786,1
DTLZ5,20,"S4_(0.75,1.00]",front_h3,Lift,score_v,anchor_margin,25,25,0.989237858616078,1.00894339181456,-0.0197055331984868,-0.0112920589111067,-1.9371962623893,0.000863475863116786,0.22,-0.894736842105263,0.00863475863116786,1
DTLZ5,20,"S4_(0.75,1.00]",population_final,Precision,score_hybrid,score_v,25,25,0.715657142857143,0.698819047619048,0.0168380952380952,0.00761904761904753,2.90212361196622,0.169733564236963,0.56,0.323076923076923,1,0
DTLZ5,20,"S4_(0.75,1.00]",population_final,Precision,score_hybrid,anchor_margin,25,25,0.715657142857143,0.709180952380952,0.00647619047619049,0.0304761904761904,1.28057929062578,0.443089947197145,0.6,0.175384615384615,1,0
DTLZ5,20,"S4_(0.75,1.00]",population_final,Precision,score_v,anchor_margin,25,25,0.698819047619048,0.709180952380952,-0.0103619047619047,-0.00190476190476196,-1.0847191603927,0.637641558884369,0.48,-0.104615384615385,1,0
DTLZ5,20,"S4_(0.75,1.00]",population_final,AUC,score_hybrid,score_v,25,25,0.495840905852746,0.434064588960608,0.061776316892138,0.0587608260654823,15.3623646840199,1.57051000197501e-05,0.96,0.987692307692308,0.000157051000197501,1
DTLZ5,20,"S4_(0.75,1.00]",population_final,AUC,score_hybrid,anchor_margin,25,25,0.495840905852746,0.511421856970218,-0.0155809511174722,-0.0120371423793975,-3.21940569838649,0.0693371612744929,0.32,-0.415384615384615,0.277348645097972,0
DTLZ5,20,"S4_(0.75,1.00]",population_final,AUC,score_v,anchor_margin,25,25,0.434064588960608,0.511421856970218,-0.0773572680096102,-0.0768939470493696,-15.281491241327,5.13293228060011e-05,0.12,-0.926153846153846,0.000410634582448009,1
DTLZ5,20,"S4_(0.75,1.00]",population_final,Lift,score_hybrid,score_v,25,25,0.98076338240049,0.953848843006349,0.0269145393941406,0.0127393157736194,3.36621283634307,0.174210276396176,0.52,0.310769230769231,1,0
DTLZ5,20,"S4_(0.75,1.00]",population_final,Lift,score_hybrid,anchor_margin,25,25,0.98076338240049,0.964486827130425,0.0162765552700652,0.0479197419508113,1.85440618594627,0.353257960747509,0.56,0.212307692307692,1,0
DTLZ5,20,"S4_(0.75,1.00]",population_final,Lift,score_v,anchor_margin,25,25,0.953848843006349,0.964486827130425,-0.0106379841240755,-0.00199858886629023,-0.824806467162954,0.716423138125903,0.48,-0.0830769230769231,1,0
DTLZ5,20,"S4_(0.75,1.00]",population_h1,Precision,score_hybrid,score_v,25,25,0.9588,0.95696,0.00183999999999995,0.00199999999999989,0.196315484485243,0.232394385316973,0.6,0.236923076923077,1,0
DTLZ5,20,"S4_(0.75,1.00]",population_h1,Precision,score_hybrid,anchor_margin,25,25,0.9588,0.95872,7.99999999999956e-05,0.00199999999999989,0.0150660558523062,0.98923920702392,0.52,0,1,0
DTLZ5,20,"S4_(0.75,1.00]",population_h1,Precision,score_v,anchor_margin,25,25,0.95696,0.95872,-0.00175999999999995,-0.00399999999999967,-0.176833133023167,0.599389029060206,0.48,-0.116923076923077,1,0
DTLZ5,20,"S4_(0.75,1.00]",population_h1,AUC,score_hybrid,score_v,25,25,0.529667229927111,0.474748329897916,0.0549189000291945,0.0570246175043104,11.9648561702148,1.22903222102484e-05,1,1,0.000147483866522981,1
DTLZ5,20,"S4_(0.75,1.00]",population_h1,AUC,score_hybrid,anchor_margin,25,25,0.529667229927111,0.535017652893167,-0.00535042296605635,-0.00537850241234422,-0.871195111593406,0.396678757660437,0.4,-0.193846153846154,0.793357515320874,0
DTLZ5,20,"S4_(0.75,1.00]",population_h1,AUC,score_v,anchor_margin,25,25,0.474748329897916,0.535017652893167,-0.0602693229952508,-0.061453199607568,-11.0952648735263,2.25681906280537e-05,0.08,-0.969230769230769,0.000157977334396376,1
DTLZ5,20,"S4_(0.75,1.00]",population_h1,Lift,score_hybrid,score_v,25,25,0.99708091302414,0.995217514814131,0.00186339821000905,0.0010508630307462,0.190254265844883,0.30654009524907,0.56,0.233846153846154,1,0
DTLZ5,20,"S4_(0.75,1.00]",population_h1,Lift,score_hybrid,anchor_margin,25,25,0.99708091302414,0.996687900098376,0.000393012925763743,0.00146033592627082,0.0459906912349964,0.777542840150281,0.52,0.0646153846153846,1,0
DTLZ5,20,"S4_(0.75,1.00]",population_h1,Lift,score_v,anchor_margin,25,25,0.995217514814131,0.996687900098376,-0.00147038528424531,-0.00326096939580456,-0.138855041543585,0.676636619202472,0.48,-0.0953846153846154,1,0
DTLZ5,20,"S4_(0.75,1.00]",population_h3,Precision,score_hybrid,score_v,25,25,0.888,0.881155555555556,0.00684444444444449,0.00444444444444458,0.837802511313616,0.236005308827952,0.56,0.283076923076923,1,0
DTLZ5,20,"S4_(0.75,1.00]",population_h3,Precision,score_hybrid,anchor_margin,25,25,0.888,0.885866666666667,0.00213333333333338,0.00222222222222235,0.323687192995459,0.720848357396202,0.56,0.0923076923076923,1,0
DTLZ5,20,"S4_(0.75,1.00]",population_h3,Precision,score_v,anchor_margin,25,25,0.881155555555556,0.885866666666667,-0.00471111111111111,0.00222222222222235,-0.443105193689165,0.75695223606118,0.52,-0.0738461538461539,1,0
DTLZ5,20,"S4_(0.75,1.00]",population_h3,AUC,score_hybrid,score_v,25,25,0.519833287007562,0.465403107857067,0.0544301791504951,0.0523450813286727,12.3300826222836,1.22903222102484e-05,1,1,0.000147483866522981,1
DTLZ5,20,"S4_(0.75,1.00]",population_h3,AUC,score_hybrid,anchor_margin,25,25,0.519833287007562,0.525509225547333,-0.00567593853977091,-0.00777024067909615,-0.98913469732713,0.300241284549055,0.4,-0.236923076923077,0.600482569098109,0
DTLZ5,20,"S4_(0.75,1.00]",population_h3,AUC,score_v,anchor_margin,25,25,0.465403107857067,0.525509225547333,-0.0601061176902661,-0.0427973670636152,-11.2970511120421,3.22287733545754e-05,0.08,-0.950769230769231,0.000225601413482028,1
DTLZ5,20,"S4_(0.75,1.00]",population_h3,Lift,score_hybrid,score_v,25,25,0.993760886529889,0.986194660801166,0.00756622572872285,0.0043981421668825,0.824186681891251,0.312970226333447,0.56,0.230769230769231,1,0
DTLZ5,20,"S4_(0.75,1.00]",population_h3,Lift,score_hybrid,anchor_margin,25,25,0.993760886529889,0.990225247026426,0.00353563950346279,0.00400116811838025,0.428855994216758,0.544909587792251,0.6,0.138461538461538,1,0
DTLZ5,20,"S4_(0.75,1.00]",population_h3,Lift,score_v,anchor_margin,25,25,0.986194660801166,0.990225247026426,-0.00403058622526006,0.00257136867901508,-0.313056378004303,0.777542840150281,0.52,-0.0646153846153846,1,0
