[Gen   1 | FE= 108/ 300] p_err=0.185 | 指标=MD     | score=2(极优) | Pw=[SDE=0.333 I+=0.333 MD=0.333] | Lp=2.40 | n_eval=8
[Gen   2 | FE= 116/ 300] p_err=0.216 | 指标=MD     | score=2(极优) | Pw=[SDE=0.333 I+=0.333 MD=0.333] | Lp=2.40 | n_eval=8
[Gen   3 | FE= 124/ 300] p_err=0.118 | 指标=I_eps+ | score=2(极优) | Pw=[SDE=0.333 I+=0.333 MD=0.333] | Lp=2.00 | n_eval=8
[Gen   4 | FE= 132/ 300] p_err=0.183 | 指标=MD     | score=2(极优) | Pw=[SDE=0.333 I+=0.333 MD=0.333] | Lp=2.00 | n_eval=8
[Gen   5 | FE= 140/ 300] p_err=0.158 | 指标=I_eps+ | score=2(极优) | Pw=[SDE=0.333 I+=0.333 MD=0.333] | Lp=2.40 | n_eval=8
[Gen   6 | FE= 148/ 300] p_err=0.178 | 指标=MD     | score=2(极优) | Pw=[SDE=0.333 I+=0.333 MD=0.333] | Lp=2.40 | n_eval=8
[Gen   7 | FE= 156/ 300] p_err=0.138 | 指标=SDE    | score=2(极优) | Pw=[SDE=0.333 I+=0.333 MD=0.333] | Lp=2.40 | n_eval=8
[Gen   8 | FE= 164/ 300] p_err=0.279 | 指标=MD     | score=2(极优) | Pw=[SDE=0.333 I+=0.333 MD=0.333] | Lp=2.00 | n_eval=8
[Gen   9 | FE= 172/ 300] p_err=0.141 | 指标=SDE    | score=2(极优) | Pw=[SDE=0.333 I+=0.333 MD=0.333] | Lp=2.00 | n_eval=8
[Gen  10 | FE= 180/ 300] p_err=0.251 | 指标=SDE    | score=2(极优) | Pw=[SDE=0.333 I+=0.333 MD=0.333] | Lp=2.00 | n_eval=8
[Gen  11 | FE= 188/ 300] p_err=0.214 | 指标=MD     | score=2(极优) | Pw=[SDE=0.333 I+=0.333 MD=0.333] | Lp=2.40 | n_eval=8
[Gen  12 | FE= 196/ 300] p_err=0.169 | 指标=I_eps+ | score=2(极优) | Pw=[SDE=0.333 I+=0.333 MD=0.333] | Lp=2.40 | n_eval=8
[Gen  13 | FE= 204/ 300] p_err=0.202 | 指标=SDE    | score=2(极优) | Pw=[SDE=0.333 I+=0.333 MD=0.333] | Lp=2.40 | n_eval=8
[Gen  14 | FE= 212/ 300] p_err=0.191 | 指标=MD     | score=2(极优) | Pw=[SDE=0.333 I+=0.333 MD=0.333] | Lp=2.40 | n_eval=8
[Gen  15 | FE= 220/ 300] p_err=0.133 | 指标=I_eps+ | score=2(极优) | Pw=[SDE=0.333 I+=0.333 MD=0.333] | Lp=2.40 | n_eval=8
[Gen  16 | FE= 228/ 300] p_err=0.164 | 指标=SDE    | score=2(极优) | Pw=[SDE=0.333 I+=0.333 MD=0.333] | Lp=2.40 | n_eval=8
[Gen  17 | FE= 236/ 300] p_err=0.153 | 指标=I_eps+ | score=2(极优) | Pw=[SDE=0.333 I+=0.333 MD=0.333] | Lp=2.40 | n_eval=8
[Gen  18 | FE= 244/ 300] p_err=0.208 | 指标=SDE    | score=2(极优) | Pw=[SDE=0.333 I+=0.333 MD=0.333] | Lp=2.40 | n_eval=8
[Gen  19 | FE= 252/ 300] p_err=0.188 | 指标=I_eps+ | score=2(极优) | Pw=[SDE=0.333 I+=0.333 MD=0.333] | Lp=2.40 | n_eval=8
[Gen  20 | FE= 260/ 300] p_err=0.067 | 指标=MD     | score=2(极优) | Pw=[SDE=0.333 I+=0.333 MD=0.333] | Lp=2.00 | n_eval=8
[Gen  21 | FE= 268/ 300] p_err=0.262 | 指标=SDE    | score=2(极优) | Pw=[SDE=0.333 I+=0.333 MD=0.333] | Lp=2.00 | n_eval=8
[Gen  22 | FE= 276/ 300] p_err=0.110 | 指标=MD     | score=2(极优) | Pw=[SDE=0.333 I+=0.333 MD=0.333] | Lp=1.60 | n_eval=8
[Gen  23 | FE= 284/ 300] p_err=0.056 | 指标=MD     | score=2(极优) | Pw=[SDE=0.333 I+=0.333 MD=0.333] | Lp=2.00 | n_eval=8
[Gen  24 | FE= 292/ 300] p_err=0.092 | 指标=MD     | score=1(中  ) | Pw=[SDE=0.340 I+=0.340 MD=0.319] | Lp=2.00 | n_eval=8
[Gen  25 | FE= 300/ 300] p_err=0.293 | 指标=SDE    | score=2(极优) | Pw=[SDE=0.340 I+=0.340 MD=0.319] | Lp=2.40 | n_eval=8
[Gen   1 | FE= 108/ 300] p_err=0.146 | 指标=I_eps+ | score=2(极优) | Pw=[SDE=0.333 I+=0.333 MD=0.333] | Lp=1.60 | n_eval=8
[Gen   1 | FE= 108/ 300] p_err=0.280 | 指标=SDE    | score=2(极优) | Pw=[SDE=0.333 I+=0.333 MD=0.333] | Lp=1.35 | n_eval=8
[Gen   1 | FE= 108/ 300] p_err=0.173 | 指标=I_eps+ | score=2(极优) | Pw=[SDE=0.333 I+=0.333 MD=0.333] | Lp=1.60 | n_eval=8
[Gen   1 | FE= 108/ 300] p_err=0.171 | 指标=I_eps+ | score=2(极优) | Pw=[SDE=0.333 I+=0.333 MD=0.333] | Lp=1.35 | n_eval=8
[Gen   1 | FE= 108/ 300] p_err=0.262 | 指标=MD     | score=2(极优) | Pw=[SDE=0.333 I+=0.333 MD=0.333] | Lp=2.00 | n_eval=8
[Gen   1 | FE= 108/ 300] p_err=0.155 | 指标=SDE    | score=2(极优) | Pw=[SDE=0.333 I+=0.333 MD=0.333] | Lp=1.60 | n_eval=8
[Gen   1 | FE= 108/ 300] p_err=0.180 | 指标=SDE    | score=2(极优) | Pw=[SDE=0.333 I+=0.333 MD=0.333] | Lp=1.60 | n_eval=8
[Gen   1 | FE= 108/ 300] p_err=0.128 | 指标=I_eps+ | score=2(极优) | Pw=[SDE=0.333 I+=0.333 MD=0.333] | Lp=1.60 | n_eval=8
[Gen   2 | FE= 116/ 300] p_err=0.222 | 指标=I_eps+ | score=2(极优) | Pw=[SDE=0.333 I+=0.333 MD=0.333] | Lp=1.60 | n_eval=8
[Gen   2 | FE= 116/ 300] p_err=0.273 | 指标=MD     | score=2(极优) | Pw=[SDE=0.333 I+=0.333 MD=0.333] | Lp=1.60 | n_eval=8
[Gen   2 | FE= 116/ 300] p_err=0.146 | 指标=I_eps+ | score=2(极优) | Pw=[SDE=0.333 I+=0.333 MD=0.333] | Lp=2.00 | n_eval=8
[Gen   2 | FE= 116/ 300] p_err=0.159 | 指标=SDE    | score=2(极优) | Pw=[SDE=0.333 I+=0.333 MD=0.333] | Lp=2.00 | n_eval=8
[Gen   2 | FE= 116/ 300] p_err=0.186 | 指标=I_eps+ | score=2(极优) | Pw=[SDE=0.333 I+=0.333 MD=0.333] | Lp=2.00 | n_eval=8
[Gen   2 | FE= 116/ 300] p_err=0.181 | 指标=SDE    | score=2(极优) | Pw=[SDE=0.333 I+=0.333 MD=0.333] | Lp=2.40 | n_eval=8
[Gen   2 | FE= 116/ 300] p_err=0.216 | 指标=MD     | score=2(极优) | Pw=[SDE=0.333 I+=0.333 MD=0.333] | Lp=1.35 | n_eval=8
[Gen   2 | FE= 116/ 300] p_err=0.190 | 指标=MD     | score=2(极优) | Pw=[SDE=0.333 I+=0.333 MD=0.333] | Lp=2.00 | n_eval=8
[Gen   3 | FE= 124/ 300] p_err=0.169 | 指标=I_eps+ | score=2(极优) | Pw=[SDE=0.333 I+=0.333 MD=0.333] | Lp=1.60 | n_eval=8
[Gen   3 | FE= 124/ 300] p_err=0.111 | 指标=I_eps+ | score=2(极优) | Pw=[SDE=0.333 I+=0.333 MD=0.333] | Lp=1.60 | n_eval=8
[Gen   3 | FE= 124/ 300] p_err=0.173 | 指标=MD     | score=2(极优) | Pw=[SDE=0.333 I+=0.333 MD=0.333] | Lp=1.60 | n_eval=8
[Gen   3 | FE= 124/ 300] p_err=0.173 | 指标=I_eps+ | score=2(极优) | Pw=[SDE=0.333 I+=0.333 MD=0.333] | Lp=2.00 | n_eval=8
[Gen   3 | FE= 124/ 300] p_err=0.156 | 指标=I_eps+ | score=2(极优) | Pw=[SDE=0.333 I+=0.333 MD=0.333] | Lp=1.60 | n_eval=8
[Gen   3 | FE= 124/ 300] p_err=0.155 | 指标=MD     | score=2(极优) | Pw=[SDE=0.333 I+=0.333 MD=0.333] | Lp=1.35 | n_eval=8
[Gen   3 | FE= 124/ 300] p_err=0.192 | 指标=MD     | score=2(极优) | Pw=[SDE=0.333 I+=0.333 MD=0.333] | Lp=1.60 | n_eval=8
[Gen   3 | FE= 124/ 300] p_err=0.185 | 指标=MD     | score=2(极优) | Pw=[SDE=0.333 I+=0.333 MD=0.333] | Lp=2.00 | n_eval=8
[Gen   4 | FE= 132/ 300] p_err=0.246 | 指标=SDE    | score=2(极优) | Pw=[SDE=0.333 I+=0.333 MD=0.333] | Lp=1.60 | n_eval=8
[Gen   4 | FE= 132/ 300] p_err=0.157 | 指标=SDE    | score=2(极优) | Pw=[SDE=0.333 I+=0.333 MD=0.333] | Lp=1.35 | n_eval=8
[Gen   4 | FE= 132/ 300] p_err=0.204 | 指标=MD     | score=2(极优) | Pw=[SDE=0.333 I+=0.333 MD=0.333] | Lp=2.00 | n_eval=8
[Gen   4 | FE= 132/ 300] p_err=0.213 | 指标=MD     | score=2(极优) | Pw=[SDE=0.333 I+=0.333 MD=0.333] | Lp=1.60 | n_eval=8
[Gen   4 | FE= 132/ 300] p_err=0.219 | 指标=MD     | score=2(极优) | Pw=[SDE=0.333 I+=0.333 MD=0.333] | Lp=1.60 | n_eval=8
[Gen   4 | FE= 132/ 300] p_err=0.226 | 指标=MD     | score=2(极优) | Pw=[SDE=0.333 I+=0.333 MD=0.333] | Lp=1.60 | n_eval=8
[Gen   4 | FE= 132/ 300] p_err=0.106 | 指标=I_eps+ | score=2(极优) | Pw=[SDE=0.333 I+=0.333 MD=0.333] | Lp=1.35 | n_eval=8
[Gen   4 | FE= 132/ 300] p_err=0.105 | 指标=SDE    | score=2(极优) | Pw=[SDE=0.333 I+=0.333 MD=0.333] | Lp=2.00 | n_eval=8
[Gen   5 | FE= 140/ 300] p_err=0.159 | 指标=I_eps+ | score=2(极优) | Pw=[SDE=0.333 I+=0.333 MD=0.333] | Lp=1.35 | n_eval=8
[Gen   5 | FE= 140/ 300] p_err=0.188 | 指标=MD     | score=2(极优) | Pw=[SDE=0.333 I+=0.333 MD=0.333] | Lp=1.60 | n_eval=8
[Gen   5 | FE= 140/ 300] p_err=0.163 | 指标=SDE    | score=2(极优) | Pw=[SDE=0.333 I+=0.333 MD=0.333] | Lp=1.60 | n_eval=8
[Gen   5 | FE= 140/ 300] p_err=0.184 | 指标=I_eps+ | score=2(极优) | Pw=[SDE=0.333 I+=0.333 MD=0.333] | Lp=1.60 | n_eval=8
[Gen   5 | FE= 140/ 300] p_err=0.234 | 指标=SDE    | score=2(极优) | Pw=[SDE=0.333 I+=0.333 MD=0.333] | Lp=1.60 | n_eval=8
[Gen   5 | FE= 140/ 300] p_err=0.138 | 指标=I_eps+ | score=2(极优) | Pw=[SDE=0.333 I+=0.333 MD=0.333] | Lp=1.60 | n_eval=8
[Gen   5 | FE= 140/ 300] p_err=0.164 | 指标=SDE    | score=2(极优) | Pw=[SDE=0.333 I+=0.333 MD=0.333] | Lp=2.00 | n_eval=8
[Gen   5 | FE= 140/ 300] p_err=0.235 | 指标=MD     | score=2(极优) | Pw=[SDE=0.333 I+=0.333 MD=0.333] | Lp=1.60 | n_eval=8
[Gen   6 | FE= 148/ 300] p_err=0.154 | 指标=SDE    | score=2(极优) | Pw=[SDE=0.333 I+=0.333 MD=0.333] | Lp=1.35 | n_eval=8
[Gen   6 | FE= 148/ 300] p_err=0.205 | 指标=I_eps+ | score=2(极优) | Pw=[SDE=0.333 I+=0.333 MD=0.333] | Lp=2.00 | n_eval=8
[Gen   6 | FE= 148/ 300] p_err=0.187 | 指标=MD     | score=2(极优) | Pw=[SDE=0.333 I+=0.333 MD=0.333] | Lp=1.60 | n_eval=8
[Gen   6 | FE= 148/ 300] p_err=0.227 | 指标=I_eps+ | score=2(极优) | Pw=[SDE=0.333 I+=0.333 MD=0.333] | Lp=1.60 | n_eval=8
[Gen   6 | FE= 148/ 300] p_err=0.178 | 指标=MD     | score=2(极优) | Pw=[SDE=0.333 I+=0.333 MD=0.333] | Lp=1.60 | n_eval=8
[Gen   6 | FE= 148/ 300] p_err=0.179 | 指标=I_eps+ | score=2(极优) | Pw=[SDE=0.333 I+=0.333 MD=0.333] | Lp=2.00 | n_eval=8
[Gen   6 | FE= 148/ 300] p_err=0.218 | 指标=MD     | score=1(中  ) | Pw=[SDE=0.337 I+=0.337 MD=0.326] | Lp=1.60 | n_eval=8
[Gen   6 | FE= 148/ 300] p_err=0.134 | 指标=SDE    | score=2(极优) | Pw=[SDE=0.333 I+=0.333 MD=0.333] | Lp=1.60 | n_eval=8
[Gen   7 | FE= 156/ 300] p_err=0.337 | 指标=I_eps+ | score=2(极优) | Pw=[SDE=0.333 I+=0.333 MD=0.333] | Lp=1.60 | n_eval=8
[Gen   7 | FE= 156/ 300] p_err=0.228 | 指标=MD     | score=2(极优) | Pw=[SDE=0.333 I+=0.333 MD=0.333] | Lp=1.35 | n_eval=8
[Gen   7 | FE= 156/ 300] p_err=0.191 | 指标=I_eps+ | score=2(极优) | Pw=[SDE=0.333 I+=0.333 MD=0.333] | Lp=1.60 | n_eval=8
[Gen   7 | FE= 156/ 300] p_err=0.175 | 指标=I_eps+ | score=2(极优) | Pw=[SDE=0.333 I+=0.333 MD=0.333] | Lp=1.60 | n_eval=8
[Gen   7 | FE= 156/ 300] p_err=0.176 | 指标=MD     | score=1(中  ) | Pw=[SDE=0.337 I+=0.337 MD=0.327] | Lp=1.60 | n_eval=8
[Gen   7 | FE= 156/ 300] p_err=0.253 | 指标=SDE    | score=2(极优) | Pw=[SDE=0.337 I+=0.337 MD=0.326] | Lp=1.60 | n_eval=8
[Gen   7 | FE= 156/ 300] p_err=0.237 | 指标=SDE    | score=2(极优) | Pw=[SDE=0.333 I+=0.333 MD=0.333] | Lp=1.60 | n_eval=8
[Gen   7 | FE= 156/ 300] p_err=0.117 | 指标=I_eps+ | score=2(极优) | Pw=[SDE=0.333 I+=0.333 MD=0.333] | Lp=1.60 | n_eval=8
[Gen   8 | FE= 164/ 300] p_err=0.230 | 指标=SDE    | score=2(极优) | Pw=[SDE=0.333 I+=0.333 MD=0.333] | Lp=1.60 | n_eval=8
[Gen   8 | FE= 164/ 300] p_err=0.219 | 指标=MD     | score=2(极优) | Pw=[SDE=0.333 I+=0.333 MD=0.333] | Lp=1.60 | n_eval=8
[Gen   8 | FE= 164/ 300] p_err=0.205 | 指标=SDE    | score=2(极优) | Pw=[SDE=0.333 I+=0.333 MD=0.333] | Lp=2.00 | n_eval=8
[Gen   8 | FE= 164/ 300] p_err=0.183 | 指标=MD     | score=2(极优) | Pw=[SDE=0.333 I+=0.333 MD=0.333] | Lp=1.60 | n_eval=8
[Gen   8 | FE= 164/ 300] p_err=0.210 | 指标=I_eps+ | score=1(中  ) | Pw=[SDE=0.341 I+=0.329 MD=0.329] | Lp=1.60 | n_eval=8
[Gen   8 | FE= 164/ 300] p_err=0.174 | 指标=MD     | score=2(极优) | Pw=[SDE=0.337 I+=0.337 MD=0.327] | Lp=1.60 | n_eval=8
[Gen   8 | FE= 164/ 300] p_err=0.199 | 指标=SDE    | score=2(极优) | Pw=[SDE=0.333 I+=0.333 MD=0.333] | Lp=2.00 | n_eval=8
[Gen   8 | FE= 164/ 300] p_err=0.159 | 指标=SDE    | score=2(极优) | Pw=[SDE=0.333 I+=0.333 MD=0.333] | Lp=1.60 | n_eval=8
[Gen   9 | FE= 172/ 300] p_err=0.204 | 指标=SDE    | score=2(极优) | Pw=[SDE=0.333 I+=0.333 MD=0.333] | Lp=1.60 | n_eval=8
[Gen   9 | FE= 172/ 300] p_err=0.167 | 指标=SDE    | score=2(极优) | Pw=[SDE=0.333 I+=0.333 MD=0.333] | Lp=1.60 | n_eval=8
[Gen   9 | FE= 172/ 300] p_err=0.272 | 指标=I_eps+ | score=2(极优) | Pw=[SDE=0.333 I+=0.333 MD=0.333] | Lp=1.60 | n_eval=8
[Gen   9 | FE= 172/ 300] p_err=0.165 | 指标=SDE    | score=1(中  ) | Pw=[SDE=0.325 I+=0.338 MD=0.338] | Lp=2.40 | n_eval=8
[Gen   9 | FE= 172/ 300] p_err=0.172 | 指标=MD     | score=2(极优) | Pw=[SDE=0.337 I+=0.337 MD=0.327] | Lp=1.60 | n_eval=8
[Gen   9 | FE= 172/ 300] p_err=0.204 | 指标=SDE    | score=2(极优) | Pw=[SDE=0.342 I+=0.329 MD=0.329] | Lp=1.60 | n_eval=8
[Gen   9 | FE= 172/ 300] p_err=0.215 | 指标=I_eps+ | score=2(极优) | Pw=[SDE=0.333 I+=0.333 MD=0.333] | Lp=2.00 | n_eval=8
[Gen   9 | FE= 172/ 300] p_err=0.210 | 指标=SDE    | score=2(极优) | Pw=[SDE=0.333 I+=0.333 MD=0.333] | Lp=1.60 | n_eval=8
[Gen  10 | FE= 180/ 300] p_err=0.148 | 指标=I_eps+ | score=2(极优) | Pw=[SDE=0.333 I+=0.333 MD=0.333] | Lp=1.60 | n_eval=8
[Gen  10 | FE= 180/ 300] p_err=0.176 | 指标=I_eps+ | score=0(差  ) | Pw=[SDE=0.341 I+=0.317 MD=0.341] | Lp=1.15 | n_eval=8
[Gen  10 | FE= 180/ 300] p_err=0.188 | 指标=MD     | score=2(极优) | Pw=[SDE=0.333 I+=0.333 MD=0.333] | Lp=1.60 | n_eval=8
[Gen  10 | FE= 180/ 300] p_err=0.241 | 指标=I_eps+ | score=2(极优) | Pw=[SDE=0.324 I+=0.338 MD=0.338] | Lp=1.60 | n_eval=8
[Gen  10 | FE= 180/ 300] p_err=0.293 | 指标=MD     | score=2(极优) | Pw=[SDE=0.337 I+=0.337 MD=0.327] | Lp=1.60 | n_eval=8
[Gen  10 | FE= 180/ 300] p_err=0.243 | 指标=I_eps+ | score=2(极优) | Pw=[SDE=0.342 I+=0.329 MD=0.328] | Lp=1.60 | n_eval=8
[Gen  10 | FE= 180/ 300] p_err=0.327 | 指标=MD     | score=2(极优) | Pw=[SDE=0.333 I+=0.333 MD=0.333] | Lp=1.60 | n_eval=8
[Gen  10 | FE= 180/ 300] p_err=0.214 | 指标=I_eps+ | score=2(极优) | Pw=[SDE=0.333 I+=0.333 MD=0.333] | Lp=1.60 | n_eval=8
[Gen  11 | FE= 188/ 300] p_err=0.179 | 指标=I_eps+ | score=1(中  ) | Pw=[SDE=0.337 I+=0.326 MD=0.337] | Lp=1.60 | n_eval=8
[Gen  11 | FE= 188/ 300] p_err=0.190 | 指标=SDE    | score=2(极优) | Pw=[SDE=0.342 I+=0.316 MD=0.342] | Lp=1.15 | n_eval=8
[Gen  11 | FE= 188/ 300] p_err=0.244 | 指标=SDE    | score=2(极优) | Pw=[SDE=0.333 I+=0.333 MD=0.333] | Lp=2.00 | n_eval=8
[Gen  11 | FE= 188/ 300] p_err=0.128 | 指标=MD     | score=1(中  ) | Pw=[SDE=0.327 I+=0.343 MD=0.330] | Lp=1.00 | n_eval=8
[Gen  11 | FE= 188/ 300] p_err=0.127 | 指标=SDE    | score=1(中  ) | Pw=[SDE=0.325 I+=0.343 MD=0.332] | Lp=2.40 | n_eval=8
[Gen  11 | FE= 188/ 300] p_err=0.185 | 指标=MD     | score=2(极优) | Pw=[SDE=0.343 I+=0.329 MD=0.329] | Lp=1.60 | n_eval=8
[Gen  11 | FE= 188/ 300] p_err=0.176 | 指标=MD     | score=2(极优) | Pw=[SDE=0.333 I+=0.333 MD=0.333] | Lp=1.35 | n_eval=8
[Gen  11 | FE= 188/ 300] p_err=0.212 | 指标=SDE    | score=2(极优) | Pw=[SDE=0.333 I+=0.333 MD=0.333] | Lp=1.60 | n_eval=8
[Gen  12 | FE= 196/ 300] p_err=0.220 | 指标=SDE    | score=2(极优) | Pw=[SDE=0.337 I+=0.325 MD=0.337] | Lp=1.60 | n_eval=8
[Gen  12 | FE= 196/ 300] p_err=0.207 | 指标=MD     | score=2(极优) | Pw=[SDE=0.343 I+=0.314 MD=0.343] | Lp=1.60 | n_eval=8
[Gen  12 | FE= 196/ 300] p_err=0.237 | 指标=I_eps+ | score=2(极优) | Pw=[SDE=0.333 I+=0.333 MD=0.333] | Lp=1.60 | n_eval=8
[Gen  12 | FE= 196/ 300] p_err=0.210 | 指标=SDE    | score=2(极优) | Pw=[SDE=0.326 I+=0.343 MD=0.331] | Lp=2.00 | n_eval=8
[Gen  12 | FE= 196/ 300] p_err=0.168 | 指标=SDE    | score=1(中  ) | Pw=[SDE=0.317 I+=0.349 MD=0.334] | Lp=1.00 | n_eval=8
[Gen  12 | FE= 196/ 300] p_err=0.213 | 指标=I_eps+ | score=2(极优) | Pw=[SDE=0.343 I+=0.329 MD=0.328] | Lp=1.35 | n_eval=8
[Gen  12 | FE= 196/ 300] p_err=0.278 | 指标=SDE    | score=2(极优) | Pw=[SDE=0.333 I+=0.333 MD=0.333] | Lp=1.35 | n_eval=8
[Gen  12 | FE= 196/ 300] p_err=0.197 | 指标=I_eps+ | score=2(极优) | Pw=[SDE=0.333 I+=0.333 MD=0.333] | Lp=1.60 | n_eval=8
[Gen  13 | FE= 204/ 300] p_err=0.195 | 指标=SDE    | score=2(极优) | Pw=[SDE=0.338 I+=0.325 MD=0.338] | Lp=1.35 | n_eval=8
[Gen  13 | FE= 204/ 300] p_err=0.209 | 指标=I_eps+ | score=2(极优) | Pw=[SDE=0.343 I+=0.314 MD=0.343] | Lp=1.60 | n_eval=8
[Gen  13 | FE= 204/ 300] p_err=0.201 | 指标=MD     | score=2(极优) | Pw=[SDE=0.324 I+=0.344 MD=0.332] | Lp=2.00 | n_eval=8
[Gen  13 | FE= 204/ 300] p_err=0.146 | 指标=MD     | score=1(中  ) | Pw=[SDE=0.338 I+=0.338 MD=0.323] | Lp=1.60 | n_eval=8
[Gen  13 | FE= 204/ 300] p_err=0.218 | 指标=I_eps+ | score=2(极优) | Pw=[SDE=0.315 I+=0.350 MD=0.334] | Lp=1.15 | n_eval=8
[Gen  13 | FE= 204/ 300] p_err=0.252 | 指标=SDE    | score=2(极优) | Pw=[SDE=0.344 I+=0.329 MD=0.327] | Lp=1.35 | n_eval=8
[Gen  13 | FE= 204/ 300] p_err=0.252 | 指标=SDE    | score=2(极优) | Pw=[SDE=0.333 I+=0.333 MD=0.333] | Lp=1.35 | n_eval=8
[Gen  13 | FE= 204/ 300] p_err=0.287 | 指标=MD     | score=2(极优) | Pw=[SDE=0.333 I+=0.333 MD=0.333] | Lp=1.35 | n_eval=8
[Gen  14 | FE= 212/ 300] p_err=0.266 | 指标=SDE    | score=2(极优) | Pw=[SDE=0.344 I+=0.312 MD=0.344] | Lp=1.60 | n_eval=8
[Gen  14 | FE= 212/ 300] p_err=0.243 | 指标=I_eps+ | score=2(极优) | Pw=[SDE=0.338 I+=0.325 MD=0.338] | Lp=1.35 | n_eval=8
[Gen  14 | FE= 212/ 300] p_err=0.164 | 指标=MD     | score=0(差  ) | Pw=[SDE=0.330 I+=0.352 MD=0.317] | Lp=2.00 | n_eval=8
[Gen  14 | FE= 212/ 300] p_err=0.225 | 指标=I_eps+ | score=2(极优) | Pw=[SDE=0.339 I+=0.339 MD=0.322] | Lp=1.60 | n_eval=8
[Gen  14 | FE= 212/ 300] p_err=0.193 | 指标=SDE    | score=2(极优) | Pw=[SDE=0.316 I+=0.351 MD=0.333] | Lp=1.15 | n_eval=8
[Gen  14 | FE= 212/ 300] p_err=0.232 | 指标=MD     | score=2(极优) | Pw=[SDE=0.333 I+=0.333 MD=0.333] | Lp=1.35 | n_eval=8
[Gen  14 | FE= 212/ 300] p_err=0.199 | 指标=MD     | score=2(极优) | Pw=[SDE=0.345 I+=0.328 MD=0.328] | Lp=1.35 | n_eval=8
[Gen  14 | FE= 212/ 300] p_err=0.388 | 指标=I_eps+ | score=2(极优) | Pw=[SDE=0.333 I+=0.333 MD=0.333] | Lp=1.60 | n_eval=8
[Gen  15 | FE= 220/ 300] p_err=0.206 | 指标=SDE    | score=2(极优) | Pw=[SDE=0.345 I+=0.310 MD=0.345] | Lp=2.00 | n_eval=8
[Gen  15 | FE= 220/ 300] p_err=0.239 | 指标=I_eps+ | score=2(极优) | Pw=[SDE=0.338 I+=0.325 MD=0.338] | Lp=2.00 | n_eval=8
[Gen  15 | FE= 220/ 300] p_err=0.229 | 指标=I_eps+ | score=2(极优) | Pw=[SDE=0.340 I+=0.340 MD=0.321] | Lp=1.35 | n_eval=8
[Gen  15 | FE= 220/ 300] p_err=0.186 | 指标=SDE    | score=2(极优) | Pw=[SDE=0.331 I+=0.353 MD=0.315] | Lp=2.00 | n_eval=8
[Gen  15 | FE= 220/ 300] p_err=0.252 | 指标=SDE    | score=1(中  ) | Pw=[SDE=0.304 I+=0.358 MD=0.338] | Lp=2.00 | n_eval=8
[Gen  15 | FE= 220/ 300] p_err=0.187 | 指标=MD     | score=2(极优) | Pw=[SDE=0.345 I+=0.326 MD=0.328] | Lp=1.35 | n_eval=8
[Gen  15 | FE= 220/ 300] p_err=0.245 | 指标=SDE    | score=2(极优) | Pw=[SDE=0.333 I+=0.333 MD=0.333] | Lp=2.00 | n_eval=8
[Gen  15 | FE= 220/ 300] p_err=0.358 | 指标=I_eps+ | score=2(极优) | Pw=[SDE=0.333 I+=0.333 MD=0.333] | Lp=1.35 | n_eval=8
[Gen  16 | FE= 228/ 300] p_err=0.368 | 指标=SDE    | score=2(极优) | Pw=[SDE=0.338 I+=0.324 MD=0.338] | Lp=1.35 | n_eval=8
[Gen  16 | FE= 228/ 300] p_err=0.231 | 指标=I_eps+ | score=0(差  ) | Pw=[SDE=0.357 I+=0.286 MD=0.357] | Lp=3.10 | n_eval=8
[Gen  16 | FE= 228/ 300] p_err=0.233 | 指标=I_eps+ | score=2(极优) | Pw=[SDE=0.340 I+=0.340 MD=0.319] | Lp=1.35 | n_eval=8
[Gen  16 | FE= 228/ 300] p_err=0.151 | 指标=I_eps+ | score=2(极优) | Pw=[SDE=0.330 I+=0.355 MD=0.314] | Lp=2.00 | n_eval=8
[Gen  16 | FE= 228/ 300] p_err=0.208 | 指标=MD     | score=1(中  ) | Pw=[SDE=0.306 I+=0.367 MD=0.327] | Lp=2.00 | n_eval=8
[Gen  16 | FE= 228/ 300] p_err=0.188 | 指标=I_eps+ | score=2(极优) | Pw=[SDE=0.346 I+=0.327 MD=0.327] | Lp=1.35 | n_eval=8
[Gen  16 | FE= 228/ 300] p_err=0.245 | 指标=SDE    | score=2(极优) | Pw=[SDE=0.333 I+=0.333 MD=0.333] | Lp=2.00 | n_eval=8
[Gen  16 | FE= 228/ 300] p_err=0.243 | 指标=SDE    | score=2(极优) | Pw=[SDE=0.333 I+=0.333 MD=0.333] | Lp=1.60 | n_eval=8
[Gen  17 | FE= 236/ 300] p_err=0.321 | 指标=SDE    | score=2(极优) | Pw=[SDE=0.338 I+=0.323 MD=0.338] | Lp=1.60 | n_eval=8
[Gen  17 | FE= 236/ 300] p_err=0.246 | 指标=MD     | score=2(极优) | Pw=[SDE=0.360 I+=0.280 MD=0.360] | Lp=3.10 | n_eval=8
[Gen  17 | FE= 236/ 300] p_err=0.235 | 指标=I_eps+ | score=2(极优) | Pw=[SDE=0.341 I+=0.341 MD=0.317] | Lp=2.40 | n_eval=8
[Gen  17 | FE= 236/ 300] p_err=0.181 | 指标=MD     | score=2(极优) | Pw=[SDE=0.327 I+=0.357 MD=0.316] | Lp=2.00 | n_eval=8
[Gen  17 | FE= 236/ 300] p_err=0.189 | 指标=I_eps+ | score=2(极优) | Pw=[SDE=0.302 I+=0.372 MD=0.326] | Lp=2.40 | n_eval=8
[Gen  17 | FE= 236/ 300] p_err=0.226 | 指标=I_eps+ | score=2(极优) | Pw=[SDE=0.347 I+=0.328 MD=0.325] | Lp=1.35 | n_eval=8
[Gen  17 | FE= 236/ 300] p_err=0.211 | 指标=I_eps+ | score=2(极优) | Pw=[SDE=0.333 I+=0.333 MD=0.333] | Lp=2.00 | n_eval=8
[Gen  17 | FE= 236/ 300] p_err=0.243 | 指标=MD     | score=2(极优) | Pw=[SDE=0.333 I+=0.333 MD=0.333] | Lp=1.60 | n_eval=8
[Gen  18 | FE= 244/ 300] p_err=0.402 | 指标=SDE    | score=2(极优) | Pw=[SDE=0.339 I+=0.322 MD=0.339] | Lp=1.60 | n_eval=8
[Gen  18 | FE= 244/ 300] p_err=0.216 | 指标=MD     | score=2(极优) | Pw=[SDE=0.364 I+=0.273 MD=0.364] | Lp=1.60 | n_eval=8
[Gen  18 | FE= 244/ 300] p_err=0.281 | 指标=SDE    | score=2(极优) | Pw=[SDE=0.343 I+=0.343 MD=0.314] | Lp=1.15 | n_eval=8
[Gen  18 | FE= 244/ 300] p_err=0.190 | 指标=I_eps+ | score=2(极优) | Pw=[SDE=0.324 I+=0.360 MD=0.315] | Lp=2.00 | n_eval=8
[Gen  18 | FE= 244/ 300] p_err=0.259 | 指标=MD     | score=2(极优) | Pw=[SDE=0.295 I+=0.376 MD=0.329] | Lp=2.40 | n_eval=8
[Gen  18 | FE= 244/ 300] p_err=0.218 | 指标=I_eps+ | score=2(极优) | Pw=[SDE=0.348 I+=0.329 MD=0.323] | Lp=1.35 | n_eval=8
[Gen  18 | FE= 244/ 300] p_err=0.181 | 指标=MD     | score=2(极优) | Pw=[SDE=0.333 I+=0.333 MD=0.333] | Lp=3.10 | n_eval=8
[Gen  18 | FE= 244/ 300] p_err=0.321 | 指标=I_eps+ | score=2(极优) | Pw=[SDE=0.333 I+=0.333 MD=0.333] | Lp=1.35 | n_eval=8
[Gen  19 | FE= 252/ 300] p_err=0.302 | 指标=I_eps+ | score=2(极优) | Pw=[SDE=0.339 I+=0.322 MD=0.339] | Lp=1.60 | n_eval=8
[Gen  19 | FE= 252/ 300] p_err=0.229 | 指标=I_eps+ | score=2(极优) | Pw=[SDE=0.364 I+=0.273 MD=0.364] | Lp=3.10 | n_eval=8
[Gen  19 | FE= 252/ 300] p_err=0.175 | 指标=MD     | score=2(极优) | Pw=[SDE=0.343 I+=0.343 MD=0.314] | Lp=1.15 | n_eval=8
[Gen  19 | FE= 252/ 300] p_err=0.311 | 指标=I_eps+ | score=2(极优) | Pw=[SDE=0.320 I+=0.365 MD=0.315] | Lp=2.00 | n_eval=8
[Gen  19 | FE= 252/ 300] p_err=0.302 | 指标=SDE    | score=2(极优) | Pw=[SDE=0.297 I+=0.378 MD=0.324] | Lp=2.40 | n_eval=8
[Gen  19 | FE= 252/ 300] p_err=0.269 | 指标=I_eps+ | score=2(极优) | Pw=[SDE=0.350 I+=0.330 MD=0.320] | Lp=1.35 | n_eval=8
[Gen  19 | FE= 252/ 300] p_err=0.158 | 指标=MD     | score=2(极优) | Pw=[SDE=0.333 I+=0.333 MD=0.333] | Lp=1.15 | n_eval=8
[Gen  19 | FE= 252/ 300] p_err=0.376 | 指标=SDE    | score=1(中  ) | Pw=[SDE=0.321 I+=0.340 MD=0.340] | Lp=1.35 | n_eval=8
[Gen  20 | FE= 260/ 300] p_err=0.343 | 指标=SDE    | score=2(极优) | Pw=[SDE=0.368 I+=0.263 MD=0.368] | Lp=1.60 | n_eval=8
[Gen  20 | FE= 260/ 300] p_err=0.210 | 指标=MD     | score=2(极优) | Pw=[SDE=0.340 I+=0.321 MD=0.340] | Lp=1.35 | n_eval=8
[Gen  20 | FE= 260/ 300] p_err=0.324 | 指标=I_eps+ | score=2(极优) | Pw=[SDE=0.311 I+=0.373 MD=0.317] | Lp=2.00 | n_eval=8
[Gen  20 | FE= 260/ 300] p_err=0.262 | 指标=I_eps+ | score=2(极优) | Pw=[SDE=0.345 I+=0.345 MD=0.310] | Lp=1.15 | n_eval=8
[Gen  20 | FE= 260/ 300] p_err=0.127 | 指标=MD     | score=2(极优) | Pw=[SDE=0.288 I+=0.384 MD=0.329] | Lp=2.40 | n_eval=8
[Gen  20 | FE= 260/ 300] p_err=0.292 | 指标=I_eps+ | score=2(极优) | Pw=[SDE=0.352 I+=0.332 MD=0.316] | Lp=1.35 | n_eval=8
[Gen  20 | FE= 260/ 300] p_err=0.211 | 指标=MD     | score=2(极优) | Pw=[SDE=0.333 I+=0.333 MD=0.333] | Lp=1.15 | n_eval=8
[Gen  20 | FE= 260/ 300] p_err=0.374 | 指标=I_eps+ | score=2(极优) | Pw=[SDE=0.319 I+=0.340 MD=0.340] | Lp=1.35 | n_eval=8
[Gen  21 | FE= 268/ 300] p_err=0.216 | 指标=MD     | score=2(极优) | Pw=[SDE=0.375 I+=0.250 MD=0.375] | Lp=1.60 | n_eval=8
[Gen  21 | FE= 268/ 300] p_err=0.299 | 指标=I_eps+ | score=2(极优) | Pw=[SDE=0.339 I+=0.322 MD=0.339] | Lp=1.60 | n_eval=8
[Gen  21 | FE= 268/ 300] p_err=0.235 | 指标=MD     | score=0(差  ) | Pw=[SDE=0.320 I+=0.384 MD=0.297] | Lp=2.00 | n_eval=8
[Gen  21 | FE= 268/ 300] p_err=0.185 | 指标=MD     | score=2(极优) | Pw=[SDE=0.345 I+=0.345 MD=0.310] | Lp=1.15 | n_eval=8
[Gen  21 | FE= 268/ 300] p_err=0.180 | 指标=I_eps+ | score=1(中  ) | Pw=[SDE=0.296 I+=0.366 MD=0.338] | Lp=2.40 | n_eval=8
[Gen  21 | FE= 268/ 300] p_err=0.258 | 指标=I_eps+ | score=2(极优) | Pw=[SDE=0.351 I+=0.333 MD=0.316] | Lp=1.35 | n_eval=8
[Gen  21 | FE= 268/ 300] p_err=0.136 | 指标=MD     | score=2(极优) | Pw=[SDE=0.333 I+=0.333 MD=0.333] | Lp=3.10 | n_eval=8
[Gen  21 | FE= 268/ 300] p_err=0.216 | 指标=MD     | score=2(极优) | Pw=[SDE=0.317 I+=0.341 MD=0.341] | Lp=1.60 | n_eval=8
[Gen  22 | FE= 276/ 300] p_err=0.254 | 指标=SDE    | score=2(极优) | Pw=[SDE=0.375 I+=0.250 MD=0.375] | Lp=1.60 | n_eval=8
[Gen  22 | FE= 276/ 300] p_err=0.356 | 指标=I_eps+ | score=1(中  ) | Pw=[SDE=0.345 I+=0.310 MD=0.345] | Lp=1.60 | n_eval=8
[Gen  22 | FE= 276/ 300] p_err=0.344 | 指标=SDE    | score=2(极优) | Pw=[SDE=0.333 I+=0.381 MD=0.286] | Lp=2.00 | n_eval=8
[Gen  22 | FE= 276/ 300] p_err=0.230 | 指标=I_eps+ | score=2(极优) | Pw=[SDE=0.345 I+=0.345 MD=0.310] | Lp=1.15 | n_eval=8
[Gen  22 | FE= 276/ 300] p_err=0.172 | 指标=I_eps+ | score=2(极优) | Pw=[SDE=0.296 I+=0.366 MD=0.338] | Lp=2.00 | n_eval=8
[Gen  22 | FE= 276/ 300] p_err=0.268 | 指标=SDE    | score=2(极优) | Pw=[SDE=0.351 I+=0.333 MD=0.316] | Lp=1.60 | n_eval=8
[Gen  22 | FE= 276/ 300] p_err=0.352 | 指标=SDE    | score=1(中  ) | Pw=[SDE=0.304 I+=0.348 MD=0.348] | Lp=1.35 | n_eval=8
[Gen  22 | FE= 276/ 300] p_err=0.277 | 指标=SDE    | score=2(极优) | Pw=[SDE=0.333 I+=0.333 MD=0.333] | Lp=1.00 | n_eval=8
[Gen  23 | FE= 284/ 300] p_err=0.240 | 指标=MD     | score=2(极优) | Pw=[SDE=0.333 I+=0.381 MD=0.286] | Lp=2.00 | n_eval=8
[Gen  23 | FE= 284/ 300] p_err=0.284 | 指标=SDE    | score=2(极优) | Pw=[SDE=0.385 I+=0.231 MD=0.385] | Lp=1.60 | n_eval=8
[Gen  23 | FE= 284/ 300] p_err=0.208 | 指标=MD     | score=2(极优) | Pw=[SDE=0.345 I+=0.310 MD=0.345] | Lp=1.35 | n_eval=8
[Gen  23 | FE= 284/ 300] p_err=0.241 | 指标=I_eps+ | score=2(极优) | Pw=[SDE=0.345 I+=0.345 MD=0.310] | Lp=1.15 | n_eval=8
[Gen  23 | FE= 284/ 300] p_err=0.156 | 指标=MD     | score=1(中  ) | Pw=[SDE=0.303 I+=0.370 MD=0.328] | Lp=2.00 | n_eval=8
[Gen  23 | FE= 284/ 300] p_err=0.214 | 指标=I_eps+ | score=2(极优) | Pw=[SDE=0.351 I+=0.333 MD=0.316] | Lp=1.35 | n_eval=8
[Gen  23 | FE= 284/ 300] p_err=0.332 | 指标=I_eps+ | score=2(极优) | Pw=[SDE=0.304 I+=0.348 MD=0.348] | Lp=1.35 | n_eval=8
[Gen  23 | FE= 284/ 300] p_err=0.196 | 指标=I_eps+ | score=1(中  ) | Pw=[SDE=0.348 I+=0.304 MD=0.348] | Lp=1.00 | n_eval=8
[Gen  24 | FE= 292/ 300] p_err=0.342 | 指标=I_eps+ | score=2(极优) | Pw=[SDE=0.375 I+=0.250 MD=0.375] | Lp=1.60 | n_eval=8
[Gen  24 | FE= 292/ 300] p_err=0.218 | 指标=MD     | score=2(极优) | Pw=[SDE=0.345 I+=0.310 MD=0.345] | Lp=1.60 | n_eval=8
[Gen  24 | FE= 292/ 300] p_err=0.250 | 指标=I_eps+ | score=2(极优) | Pw=[SDE=0.333 I+=0.381 MD=0.286] | Lp=1.60 | n_eval=8
[Gen  24 | FE= 292/ 300] p_err=0.302 | 指标=SDE    | score=2(极优) | Pw=[SDE=0.345 I+=0.345 MD=0.310] | Lp=1.15 | n_eval=8
[Gen  24 | FE= 292/ 300] p_err=0.160 | 指标=MD     | score=2(极优) | Pw=[SDE=0.303 I+=0.370 MD=0.328] | Lp=2.00 | n_eval=8
[Gen  24 | FE= 292/ 300] p_err=0.127 | 指标=MD     | score=2(极优) | Pw=[SDE=0.348 I+=0.304 MD=0.348] | Lp=1.00 | n_eval=8
[Gen  24 | FE= 292/ 300] p_err=0.308 | 指标=I_eps+ | score=1(中  ) | Pw=[SDE=0.306 I+=0.337 MD=0.357] | Lp=1.35 | n_eval=8
[Gen  24 | FE= 292/ 300] p_err=0.250 | 指标=SDE    | score=2(极优) | Pw=[SDE=0.354 I+=0.336 MD=0.310] | Lp=1.35 | n_eval=8
[Gen  25 | FE= 300/ 300] p_err=0.338 | 指标=SDE    | score=1(中  ) | Pw=[SDE=0.332 I+=0.314 MD=0.354] | Lp=1.60 | n_eval=8
[Gen  25 | FE= 300/ 300] p_err=0.291 | 指标=SDE    | score=2(极优) | Pw=[SDE=0.385 I+=0.231 MD=0.385] | Lp=1.60 | n_eval=8
[Gen  25 | FE= 300/ 300] p_err=0.206 | 指标=MD     | score=2(极优) | Pw=[SDE=0.330 I+=0.378 MD=0.292] | Lp=1.35 | n_eval=8
[Gen  25 | FE= 300/ 300] p_err=0.316 | 指标=I_eps+ | score=2(极优) | Pw=[SDE=0.348 I+=0.348 MD=0.304] | Lp=1.15 | n_eval=8
[Gen  25 | FE= 300/ 300] p_err=0.190 | 指标=I_eps+ | score=2(极优) | Pw=[SDE=0.287 I+=0.380 MD=0.333] | Lp=1.60 | n_eval=8
[Gen  25 | FE= 300/ 300] p_err=0.158 | 指标=MD     | score=2(极优) | Pw=[SDE=0.348 I+=0.304 MD=0.348] | Lp=1.00 | n_eval=8
[Gen  25 | FE= 300/ 300] p_err=0.282 | 指标=I_eps+ | score=2(极优) | Pw=[SDE=0.305 I+=0.338 MD=0.356] | Lp=1.35 | n_eval=8
[Gen  25 | FE= 300/ 300] p_err=0.272 | 指标=I_eps+ | score=2(极优) | Pw=[SDE=0.353 I+=0.337 MD=0.309] | Lp=1.35 | n_eval=8
[Gen   1 | FE= 108/ 300] p_err=0.154 | 指标=I_eps+ | score=2(极优) | Pw=[SDE=0.333 I+=0.333 MD=0.333] | Lp=1.60 | n_eval=8
[Gen   1 | FE= 108/ 300] p_err=0.319 | 指标=SDE    | score=2(极优) | Pw=[SDE=0.333 I+=0.333 MD=0.333] | Lp=1.35 | n_eval=8
[Gen   1 | FE= 108/ 300] p_err=0.148 | 指标=SDE    | score=2(极优) | Pw=[SDE=0.333 I+=0.333 MD=0.333] | Lp=2.00 | n_eval=8
[Gen   1 | FE= 108/ 300] p_err=0.187 | 指标=I_eps+ | score=2(极优) | Pw=[SDE=0.333 I+=0.333 MD=0.333] | Lp=1.35 | n_eval=8
[Gen   1 | FE= 108/ 300] p_err=0.194 | 指标=SDE    | score=2(极优) | Pw=[SDE=0.333 I+=0.333 MD=0.333] | Lp=1.60 | n_eval=8
[Gen   1 | FE= 108/ 300] p_err=0.242 | 指标=MD     | score=2(极优) | Pw=[SDE=0.333 I+=0.333 MD=0.333] | Lp=4.20 | n_eval=8
[Gen   1 | FE= 108/ 300] p_err=0.220 | 指标=I_eps+ | score=2(极优) | Pw=[SDE=0.333 I+=0.333 MD=0.333] | Lp=1.60 | n_eval=8
[Gen   2 | FE= 116/ 300] p_err=0.214 | 指标=SDE    | score=2(极优) | Pw=[SDE=0.333 I+=0.333 MD=0.333] | Lp=2.00 | n_eval=8
[Gen   2 | FE= 116/ 300] p_err=0.209 | 指标=SDE    | score=2(极优) | Pw=[SDE=0.333 I+=0.333 MD=0.333] | Lp=1.60 | n_eval=8
[Gen   2 | FE= 116/ 300] p_err=0.198 | 指标=MD     | score=2(极优) | Pw=[SDE=0.333 I+=0.333 MD=0.333] | Lp=2.00 | n_eval=8
[Gen   2 | FE= 116/ 300] p_err=0.162 | 指标=SDE    | score=2(极优) | Pw=[SDE=0.333 I+=0.333 MD=0.333] | Lp=1.60 | n_eval=8
[Gen   2 | FE= 116/ 300] p_err=0.232 | 指标=SDE    | score=2(极优) | Pw=[SDE=0.333 I+=0.333 MD=0.333] | Lp=1.35 | n_eval=8
[Gen   2 | FE= 116/ 300] p_err=0.226 | 指标=MD     | score=2(极优) | Pw=[SDE=0.333 I+=0.333 MD=0.333] | Lp=4.20 | n_eval=8
[Gen   2 | FE= 116/ 300] p_err=0.177 | 指标=I_eps+ | score=2(极优) | Pw=[SDE=0.333 I+=0.333 MD=0.333] | Lp=1.35 | n_eval=8
[Gen   3 | FE= 124/ 300] p_err=0.172 | 指标=SDE    | score=2(极优) | Pw=[SDE=0.333 I+=0.333 MD=0.333] | Lp=2.00 | n_eval=8
[Gen   3 | FE= 124/ 300] p_err=0.221 | 指标=I_eps+ | score=2(极优) | Pw=[SDE=0.333 I+=0.333 MD=0.333] | Lp=1.35 | n_eval=8
[Gen   3 | FE= 124/ 300] p_err=0.132 | 指标=SDE    | score=1(中  ) | Pw=[SDE=0.327 I+=0.336 MD=0.336] | Lp=1.60 | n_eval=8
[Gen   3 | FE= 124/ 300] p_err=0.176 | 指标=MD     | score=1(中  ) | Pw=[SDE=0.336 I+=0.336 MD=0.327] | Lp=1.35 | n_eval=8
[Gen   3 | FE= 124/ 300] p_err=0.167 | 指标=I_eps+ | score=2(极优) | Pw=[SDE=0.333 I+=0.333 MD=0.333] | Lp=1.35 | n_eval=8
[Gen   3 | FE= 124/ 300] p_err=0.175 | 指标=I_eps+ | score=1(中  ) | Pw=[SDE=0.336 I+=0.327 MD=0.336] | Lp=3.10 | n_eval=8
[Gen   3 | FE= 124/ 300] p_err=0.213 | 指标=SDE    | score=2(极优) | Pw=[SDE=0.333 I+=0.333 MD=0.333] | Lp=1.60 | n_eval=8
[Gen   4 | FE= 132/ 300] p_err=0.231 | 指标=MD     | score=2(极优) | Pw=[SDE=0.333 I+=0.333 MD=0.333] | Lp=1.60 | n_eval=8
[Gen   4 | FE= 132/ 300] p_err=0.280 | 指标=SDE    | score=2(极优) | Pw=[SDE=0.333 I+=0.333 MD=0.333] | Lp=2.00 | n_eval=8
[Gen   4 | FE= 132/ 300] p_err=0.178 | 指标=I_eps+ | score=2(极优) | Pw=[SDE=0.327 I+=0.336 MD=0.336] | Lp=1.60 | n_eval=8
[Gen   4 | FE= 132/ 300] p_err=0.144 | 指标=I_eps+ | score=2(极优) | Pw=[SDE=0.337 I+=0.337 MD=0.327] | Lp=1.60 | n_eval=8
[Gen   4 | FE= 132/ 300] p_err=0.198 | 指标=MD     | score=2(极优) | Pw=[SDE=0.333 I+=0.333 MD=0.333] | Lp=1.35 | n_eval=8
[Gen   4 | FE= 132/ 300] p_err=0.159 | 指标=SDE    | score=1(中  ) | Pw=[SDE=0.330 I+=0.330 MD=0.340] | Lp=3.10 | n_eval=8
[Gen   4 | FE= 132/ 300] p_err=0.189 | 指标=I_eps+ | score=2(极优) | Pw=[SDE=0.333 I+=0.333 MD=0.333] | Lp=1.60 | n_eval=8
[Gen   5 | FE= 140/ 300] p_err=0.240 | 指标=I_eps+ | score=2(极优) | Pw=[SDE=0.333 I+=0.333 MD=0.333] | Lp=2.00 | n_eval=8
[Gen   5 | FE= 140/ 300] p_err=0.189 | 指标=MD     | score=2(极优) | Pw=[SDE=0.333 I+=0.333 MD=0.333] | Lp=1.60 | n_eval=8
[Gen   5 | FE= 140/ 300] p_err=0.243 | 指标=I_eps+ | score=2(极优) | Pw=[SDE=0.327 I+=0.337 MD=0.337] | Lp=2.00 | n_eval=8
[Gen   5 | FE= 140/ 300] p_err=0.182 | 指标=SDE    | score=2(极优) | Pw=[SDE=0.337 I+=0.337 MD=0.326] | Lp=1.60 | n_eval=8
[Gen   5 | FE= 140/ 300] p_err=0.198 | 指标=MD     | score=1(中  ) | Pw=[SDE=0.337 I+=0.337 MD=0.327] | Lp=1.35 | n_eval=8
[Gen   5 | FE= 140/ 300] p_err=0.204 | 指标=SDE    | score=2(极优) | Pw=[SDE=0.330 I+=0.330 MD=0.340] | Lp=2.40 | n_eval=8
[Gen   5 | FE= 140/ 300] p_err=0.186 | 指标=SDE    | score=2(极优) | Pw=[SDE=0.333 I+=0.333 MD=0.333] | Lp=1.60 | n_eval=8
[Gen   6 | FE= 148/ 300] p_err=0.227 | 指标=I_eps+ | score=2(极优) | Pw=[SDE=0.333 I+=0.333 MD=0.333] | Lp=2.00 | n_eval=8
[Gen   6 | FE= 148/ 300] p_err=0.188 | 指标=SDE    | score=2(极优) | Pw=[SDE=0.333 I+=0.333 MD=0.333] | Lp=1.60 | n_eval=8
[Gen   6 | FE= 148/ 300] p_err=0.195 | 指标=MD     | score=2(极优) | Pw=[SDE=0.326 I+=0.337 MD=0.337] | Lp=3.10 | n_eval=8
[Gen   6 | FE= 148/ 300] p_err=0.171 | 指标=I_eps+ | score=2(极优) | Pw=[SDE=0.337 I+=0.337 MD=0.326] | Lp=2.00 | n_eval=8
[Gen   6 | FE= 148/ 300] p_err=0.159 | 指标=MD     | score=1(中  ) | Pw=[SDE=0.340 I+=0.340 MD=0.320] | Lp=1.15 | n_eval=8
[Gen   6 | FE= 148/ 300] p_err=0.198 | 指标=SDE    | score=2(极优) | Pw=[SDE=0.330 I+=0.329 MD=0.340] | Lp=3.10 | n_eval=8
[Gen   6 | FE= 148/ 300] p_err=0.184 | 指标=MD     | score=2(极优) | Pw=[SDE=0.333 I+=0.333 MD=0.333] | Lp=1.35 | n_eval=8
[Gen   7 | FE= 156/ 300] p_err=0.259 | 指标=I_eps+ | score=2(极优) | Pw=[SDE=0.333 I+=0.333 MD=0.333] | Lp=2.00 | n_eval=8
[Gen   7 | FE= 156/ 300] p_err=0.178 | 指标=I_eps+ | score=1(中  ) | Pw=[SDE=0.337 I+=0.326 MD=0.337] | Lp=3.10 | n_eval=8
[Gen   7 | FE= 156/ 300] p_err=0.190 | 指标=SDE    | score=2(极优) | Pw=[SDE=0.326 I+=0.337 MD=0.337] | Lp=2.00 | n_eval=8
[Gen   7 | FE= 156/ 300] p_err=0.206 | 指标=MD     | score=2(极优) | Pw=[SDE=0.337 I+=0.337 MD=0.326] | Lp=1.60 | n_eval=8
[Gen   7 | FE= 156/ 300] p_err=0.249 | 指标=SDE    | score=2(极优) | Pw=[SDE=0.340 I+=0.340 MD=0.319] | Lp=3.10 | n_eval=8
[Gen   7 | FE= 156/ 300] p_err=0.178 | 指标=I_eps+ | score=2(极优) | Pw=[SDE=0.330 I+=0.329 MD=0.341] | Lp=4.20 | n_eval=8
[Gen   7 | FE= 156/ 300] p_err=0.172 | 指标=MD     | score=2(极优) | Pw=[SDE=0.333 I+=0.333 MD=0.333] | Lp=1.35 | n_eval=8
[Gen   8 | FE= 164/ 300] p_err=0.264 | 指标=MD     | score=1(中  ) | Pw=[SDE=0.338 I+=0.338 MD=0.325] | Lp=2.40 | n_eval=8
[Gen   8 | FE= 164/ 300] p_err=0.215 | 指标=I_eps+ | score=2(极优) | Pw=[SDE=0.337 I+=0.326 MD=0.337] | Lp=3.10 | n_eval=8
[Gen   8 | FE= 164/ 300] p_err=0.231 | 指标=SDE    | score=2(极优) | Pw=[SDE=0.326 I+=0.337 MD=0.337] | Lp=1.60 | n_eval=8
[Gen   8 | FE= 164/ 300] p_err=0.269 | 指标=SDE    | score=2(极优) | Pw=[SDE=0.337 I+=0.337 MD=0.325] | Lp=1.60 | n_eval=8
[Gen   8 | FE= 164/ 300] p_err=0.190 | 指标=MD     | score=2(极优) | Pw=[SDE=0.340 I+=0.340 MD=0.319] | Lp=1.60 | n_eval=8
[Gen   8 | FE= 164/ 300] p_err=0.205 | 指标=SDE    | score=2(极优) | Pw=[SDE=0.330 I+=0.329 MD=0.341] | Lp=2.00 | n_eval=8
[Gen   8 | FE= 164/ 300] p_err=0.166 | 指标=MD     | score=2(极优) | Pw=[SDE=0.333 I+=0.333 MD=0.333] | Lp=1.15 | n_eval=8
[Gen   9 | FE= 172/ 300] p_err=0.225 | 指标=I_eps+ | score=2(极优) | Pw=[SDE=0.338 I+=0.338 MD=0.324] | Lp=2.00 | n_eval=8
[Gen   9 | FE= 172/ 300] p_err=0.286 | 指标=I_eps+ | score=2(极优) | Pw=[SDE=0.326 I+=0.337 MD=0.337] | Lp=1.60 | n_eval=8
[Gen   9 | FE= 172/ 300] p_err=0.229 | 指标=I_eps+ | score=2(极优) | Pw=[SDE=0.337 I+=0.326 MD=0.337] | Lp=3.10 | n_eval=8
[Gen   9 | FE= 172/ 300] p_err=0.240 | 指标=I_eps+ | score=2(极优) | Pw=[SDE=0.338 I+=0.338 MD=0.325] | Lp=1.60 | n_eval=8
[Gen   9 | FE= 172/ 300] p_err=0.147 | 指标=I_eps+ | score=2(极优) | Pw=[SDE=0.341 I+=0.341 MD=0.318] | Lp=3.10 | n_eval=8
[Gen   9 | FE= 172/ 300] p_err=0.189 | 指标=MD     | score=2(极优) | Pw=[SDE=0.330 I+=0.328 MD=0.342] | Lp=2.00 | n_eval=8
[Gen   9 | FE= 172/ 300] p_err=0.256 | 指标=SDE    | score=2(极优) | Pw=[SDE=0.333 I+=0.333 MD=0.333] | Lp=1.35 | n_eval=8
[Gen  10 | FE= 180/ 300] p_err=0.341 | 指标=SDE    | score=2(极优) | Pw=[SDE=0.338 I+=0.338 MD=0.323] | Lp=2.00 | n_eval=8
[Gen  10 | FE= 180/ 300] p_err=0.280 | 指标=I_eps+ | score=2(极优) | Pw=[SDE=0.337 I+=0.326 MD=0.337] | Lp=3.10 | n_eval=8
[Gen  10 | FE= 180/ 300] p_err=0.207 | 指标=SDE    | score=2(极优) | Pw=[SDE=0.326 I+=0.337 MD=0.337] | Lp=1.60 | n_eval=8
[Gen  10 | FE= 180/ 300] p_err=0.287 | 指标=SDE    | score=2(极优) | Pw=[SDE=0.338 I+=0.338 MD=0.324] | Lp=2.00 | n_eval=8
[Gen  10 | FE= 180/ 300] p_err=0.196 | 指标=SDE    | score=2(极优) | Pw=[SDE=0.341 I+=0.341 MD=0.317] | Lp=1.60 | n_eval=8
[Gen  10 | FE= 180/ 300] p_err=0.235 | 指标=I_eps+ | score=1(中  ) | Pw=[SDE=0.334 I+=0.320 MD=0.346] | Lp=2.00 | n_eval=8
[Gen  10 | FE= 180/ 300] p_err=0.190 | 指标=MD     | score=2(极优) | Pw=[SDE=0.333 I+=0.333 MD=0.333] | Lp=1.15 | n_eval=8
[Gen  11 | FE= 188/ 300] p_err=0.232 | 指标=I_eps+ | score=2(极优) | Pw=[SDE=0.339 I+=0.339 MD=0.322] | Lp=2.00 | n_eval=8
[Gen  11 | FE= 188/ 300] p_err=0.338 | 指标=SDE    | score=2(极优) | Pw=[SDE=0.337 I+=0.326 MD=0.337] | Lp=3.10 | n_eval=8
[Gen  11 | FE= 188/ 300] p_err=0.217 | 指标=MD     | score=2(极优) | Pw=[SDE=0.325 I+=0.337 MD=0.337] | Lp=1.60 | n_eval=8
[Gen  11 | FE= 188/ 300] p_err=0.190 | 指标=I_eps+ | score=2(极优) | Pw=[SDE=0.342 I+=0.342 MD=0.316] | Lp=1.60 | n_eval=8
[Gen  11 | FE= 188/ 300] p_err=0.296 | 指标=SDE    | score=2(极优) | Pw=[SDE=0.338 I+=0.338 MD=0.323] | Lp=1.60 | n_eval=8
[Gen  11 | FE= 188/ 300] p_err=0.242 | 指标=I_eps+ | score=1(中  ) | Pw=[SDE=0.338 I+=0.311 MD=0.351] | Lp=3.10 | n_eval=8
[Gen  11 | FE= 188/ 300] p_err=0.207 | 指标=I_eps+ | score=2(极优) | Pw=[SDE=0.333 I+=0.333 MD=0.333] | Lp=1.35 | n_eval=8
[Gen  12 | FE= 196/ 300] p_err=0.321 | 指标=I_eps+ | score=2(极优) | Pw=[SDE=0.340 I+=0.340 MD=0.321] | Lp=2.00 | n_eval=8
[Gen  12 | FE= 196/ 300] p_err=0.265 | 指标=MD     | score=2(极优) | Pw=[SDE=0.337 I+=0.325 MD=0.337] | Lp=3.10 | n_eval=8
[Gen  12 | FE= 196/ 300] p_err=0.235 | 指标=I_eps+ | score=2(极优) | Pw=[SDE=0.325 I+=0.338 MD=0.338] | Lp=1.60 | n_eval=8
[Gen  12 | FE= 196/ 300] p_err=0.264 | 指标=I_eps+ | score=2(极优) | Pw=[SDE=0.339 I+=0.339 MD=0.322] | Lp=1.60 | n_eval=8
[Gen  12 | FE= 196/ 300] p_err=0.224 | 指标=SDE    | score=2(极优) | Pw=[SDE=0.343 I+=0.343 MD=0.314] | Lp=1.60 | n_eval=8
[Gen  12 | FE= 196/ 300] p_err=0.194 | 指标=MD     | score=1(中  ) | Pw=[SDE=0.343 I+=0.313 MD=0.343] | Lp=2.00 | n_eval=8
[Gen  12 | FE= 196/ 300] p_err=0.199 | 指标=MD     | score=2(极优) | Pw=[SDE=0.333 I+=0.333 MD=0.333] | Lp=1.15 | n_eval=8
[Gen  13 | FE= 204/ 300] p_err=0.316 | 指标=I_eps+ | score=2(极优) | Pw=[SDE=0.340 I+=0.340 MD=0.319] | Lp=1.60 | n_eval=8
[Gen  13 | FE= 204/ 300] p_err=0.368 | 指标=SDE    | score=2(极优) | Pw=[SDE=0.338 I+=0.325 MD=0.338] | Lp=3.10 | n_eval=8
[Gen  13 | FE= 204/ 300] p_err=0.348 | 指标=SDE    | score=2(极优) | Pw=[SDE=0.325 I+=0.338 MD=0.338] | Lp=1.60 | n_eval=8
[Gen  13 | FE= 204/ 300] p_err=0.183 | 指标=MD     | score=2(极优) | Pw=[SDE=0.339 I+=0.339 MD=0.322] | Lp=1.60 | n_eval=8
[Gen  13 | FE= 204/ 300] p_err=0.226 | 指标=MD     | score=2(极优) | Pw=[SDE=0.344 I+=0.311 MD=0.345] | Lp=2.00 | n_eval=8
[Gen  13 | FE= 204/ 300] p_err=0.212 | 指标=SDE    | score=2(极优) | Pw=[SDE=0.344 I+=0.344 MD=0.312] | Lp=1.60 | n_eval=8
[Gen  13 | FE= 204/ 300] p_err=0.259 | 指标=SDE    | score=2(极优) | Pw=[SDE=0.333 I+=0.333 MD=0.333] | Lp=2.40 | n_eval=8
[Gen  14 | FE= 212/ 300] p_err=0.306 | 指标=I_eps+ | score=2(极优) | Pw=[SDE=0.341 I+=0.341 MD=0.317] | Lp=1.60 | n_eval=8
[Gen  14 | FE= 212/ 300] p_err=0.357 | 指标=I_eps+ | score=2(极优) | Pw=[SDE=0.324 I+=0.338 MD=0.338] | Lp=1.60 | n_eval=8
[Gen  14 | FE= 212/ 300] p_err=0.313 | 指标=SDE    | score=2(极优) | Pw=[SDE=0.338 I+=0.324 MD=0.338] | Lp=2.40 | n_eval=8
[Gen  14 | FE= 212/ 300] p_err=0.342 | 指标=I_eps+ | score=2(极优) | Pw=[SDE=0.340 I+=0.340 MD=0.321] | Lp=1.60 | n_eval=8
[Gen  14 | FE= 212/ 300] p_err=0.269 | 指标=SDE    | score=2(极优) | Pw=[SDE=0.346 I+=0.308 MD=0.346] | Lp=2.00 | n_eval=8
[Gen  14 | FE= 212/ 300] p_err=0.197 | 指标=I_eps+ | score=2(极优) | Pw=[SDE=0.345 I+=0.345 MD=0.310] | Lp=2.00 | n_eval=8
[Gen  14 | FE= 212/ 300] p_err=0.250 | 指标=I_eps+ | score=2(极优) | Pw=[SDE=0.333 I+=0.333 MD=0.333] | Lp=1.15 | n_eval=8
[Gen  15 | FE= 220/ 300] p_err=0.252 | 指标=I_eps+ | score=2(极优) | Pw=[SDE=0.343 I+=0.343 MD=0.314] | Lp=1.60 | n_eval=8
[Gen  15 | FE= 220/ 300] p_err=0.346 | 指标=I_eps+ | score=2(极优) | Pw=[SDE=0.323 I+=0.338 MD=0.338] | Lp=1.35 | n_eval=8
[Gen  15 | FE= 220/ 300] p_err=0.259 | 指标=I_eps+ | score=2(极优) | Pw=[SDE=0.338 I+=0.324 MD=0.338] | Lp=3.10 | n_eval=8
[Gen  15 | FE= 220/ 300] p_err=0.203 | 指标=SDE    | score=2(极优) | Pw=[SDE=0.340 I+=0.340 MD=0.319] | Lp=1.35 | n_eval=8
[Gen  15 | FE= 220/ 300] p_err=0.264 | 指标=SDE    | score=2(极优) | Pw=[SDE=0.349 I+=0.304 MD=0.347] | Lp=3.10 | n_eval=8
[Gen  15 | FE= 220/ 300] p_err=0.203 | 指标=MD     | score=2(极优) | Pw=[SDE=0.345 I+=0.345 MD=0.310] | Lp=2.00 | n_eval=8
[Gen  15 | FE= 220/ 300] p_err=0.203 | 指标=MD     | score=2(极优) | Pw=[SDE=0.333 I+=0.333 MD=0.333] | Lp=1.35 | n_eval=8
[Gen  16 | FE= 228/ 300] p_err=0.309 | 指标=I_eps+ | score=2(极优) | Pw=[SDE=0.345 I+=0.345 MD=0.310] | Lp=1.60 | n_eval=8
[Gen  16 | FE= 228/ 300] p_err=0.208 | 指标=MD     | score=2(极优) | Pw=[SDE=0.322 I+=0.339 MD=0.339] | Lp=2.00 | n_eval=8
[Gen  16 | FE= 228/ 300] p_err=0.345 | 指标=I_eps+ | score=2(极优) | Pw=[SDE=0.338 I+=0.324 MD=0.338] | Lp=4.20 | n_eval=8
[Gen  16 | FE= 228/ 300] p_err=0.227 | 指标=I_eps+ | score=2(极优) | Pw=[SDE=0.341 I+=0.341 MD=0.317] | Lp=1.35 | n_eval=8
[Gen  16 | FE= 228/ 300] p_err=0.196 | 指标=MD     | score=1(中  ) | Pw=[SDE=0.357 I+=0.305 MD=0.338] | Lp=3.10 | n_eval=8
[Gen  16 | FE= 228/ 300] p_err=0.328 | 指标=SDE    | score=2(极优) | Pw=[SDE=0.346 I+=0.346 MD=0.308] | Lp=1.60 | n_eval=8
[Gen  16 | FE= 228/ 300] p_err=0.311 | 指标=I_eps+ | score=2(极优) | Pw=[SDE=0.333 I+=0.333 MD=0.333] | Lp=1.60 | n_eval=8
[Gen  17 | FE= 236/ 300] p_err=0.285 | 指标=I_eps+ | score=2(极优) | Pw=[SDE=0.348 I+=0.348 MD=0.304] | Lp=2.00 | n_eval=8
[Gen  17 | FE= 236/ 300] p_err=0.350 | 指标=I_eps+ | score=2(极优) | Pw=[SDE=0.321 I+=0.340 MD=0.340] | Lp=1.60 | n_eval=8
[Gen  17 | FE= 236/ 300] p_err=0.291 | 指标=MD     | score=2(极优) | Pw=[SDE=0.338 I+=0.323 MD=0.338] | Lp=4.20 | n_eval=8
[Gen  17 | FE= 236/ 300] p_err=0.218 | 指标=MD     | score=2(极优) | Pw=[SDE=0.341 I+=0.341 MD=0.317] | Lp=2.00 | n_eval=8
[Gen  17 | FE= 236/ 300] p_err=0.188 | 指标=MD     | score=2(极优) | Pw=[SDE=0.359 I+=0.299 MD=0.342] | Lp=3.10 | n_eval=8
[Gen  17 | FE= 236/ 300] p_err=0.284 | 指标=I_eps+ | score=2(极优) | Pw=[SDE=0.348 I+=0.348 MD=0.304] | Lp=1.60 | n_eval=8
[Gen  17 | FE= 236/ 300] p_err=0.244 | 指标=MD     | score=1(中  ) | Pw=[SDE=0.339 I+=0.339 MD=0.322] | Lp=2.00 | n_eval=8
[Gen  18 | FE= 244/ 300] p_err=0.172 | 指标=MD     | score=2(极优) | Pw=[SDE=0.348 I+=0.348 MD=0.304] | Lp=1.35 | n_eval=8
[Gen  18 | FE= 244/ 300] p_err=0.206 | 指标=MD     | score=2(极优) | Pw=[SDE=0.319 I+=0.340 MD=0.340] | Lp=1.60 | n_eval=8
[Gen  18 | FE= 244/ 300] p_err=0.202 | 指标=MD     | score=2(极优) | Pw=[SDE=0.339 I+=0.322 MD=0.339] | Lp=3.10 | n_eval=8
[Gen  18 | FE= 244/ 300] p_err=0.247 | 指标=MD     | score=2(极优) | Pw=[SDE=0.341 I+=0.341 MD=0.317] | Lp=2.00 | n_eval=8
[Gen  18 | FE= 244/ 300] p_err=0.209 | 指标=MD     | score=2(极优) | Pw=[SDE=0.362 I+=0.290 MD=0.348] | Lp=3.10 | n_eval=8
[Gen  18 | FE= 244/ 300] p_err=0.244 | 指标=I_eps+ | score=2(极优) | Pw=[SDE=0.340 I+=0.340 MD=0.321] | Lp=2.00 | n_eval=8
[Gen  18 | FE= 244/ 300] p_err=0.196 | 指标=MD     | score=2(极优) | Pw=[SDE=0.348 I+=0.348 MD=0.304] | Lp=2.00 | n_eval=8
[Gen  19 | FE= 252/ 300] p_err=0.193 | 指标=MD     | score=2(极优) | Pw=[SDE=0.348 I+=0.348 MD=0.304] | Lp=1.60 | n_eval=8
[Gen  19 | FE= 252/ 300] p_err=0.243 | 指标=I_eps+ | score=2(极优) | Pw=[SDE=0.317 I+=0.341 MD=0.341] | Lp=1.60 | n_eval=8
[Gen  19 | FE= 252/ 300] p_err=0.281 | 指标=I_eps+ | score=2(极优) | Pw=[SDE=0.339 I+=0.322 MD=0.339] | Lp=3.10 | n_eval=8
[Gen  19 | FE= 252/ 300] p_err=0.275 | 指标=SDE    | score=2(极优) | Pw=[SDE=0.343 I+=0.343 MD=0.314] | Lp=2.00 | n_eval=8
[Gen  19 | FE= 252/ 300] p_err=0.319 | 指标=SDE    | score=2(极优) | Pw=[SDE=0.371 I+=0.277 MD=0.352] | Lp=3.10 | n_eval=8
[Gen  20 | FE= 260/ 300] p_err=0.132 | 指标=MD     | score=2(极优) | Pw=[SDE=0.348 I+=0.348 MD=0.304] | Lp=1.60 | n_eval=8
[Gen  19 | FE= 252/ 300] p_err=0.265 | 指标=SDE    | score=2(极优) | Pw=[SDE=0.350 I+=0.350 MD=0.300] | Lp=2.40 | n_eval=8
[Gen  19 | FE= 252/ 300] p_err=0.266 | 指标=I_eps+ | score=2(极优) | Pw=[SDE=0.340 I+=0.340 MD=0.319] | Lp=2.00 | n_eval=8
[Gen  20 | FE= 260/ 300] p_err=0.330 | 指标=SDE    | score=2(极优) | Pw=[SDE=0.317 I+=0.341 MD=0.341] | Lp=2.40 | n_eval=8
[Gen  20 | FE= 260/ 300] p_err=0.157 | 指标=MD     | score=2(极优) | Pw=[SDE=0.343 I+=0.343 MD=0.314] | Lp=1.60 | n_eval=8
[Gen  20 | FE= 260/ 300] p_err=0.184 | 指标=MD     | score=2(极优) | Pw=[SDE=0.340 I+=0.321 MD=0.340] | Lp=3.10 | n_eval=8
[Gen  20 | FE= 260/ 300] p_err=0.224 | 指标=I_eps+ | score=2(极优) | Pw=[SDE=0.371 I+=0.280 MD=0.350] | Lp=3.10 | n_eval=8
[Gen  20 | FE= 260/ 300] p_err=0.258 | 指标=MD     | score=2(极优) | Pw=[SDE=0.340 I+=0.340 MD=0.319] | Lp=1.60 | n_eval=8
[Gen  21 | FE= 268/ 300] p_err=0.253 | 指标=SDE    | score=2(极优) | Pw=[SDE=0.348 I+=0.348 MD=0.304] | Lp=1.60 | n_eval=8
[Gen  20 | FE= 260/ 300] p_err=0.194 | 指标=MD     | score=2(极优) | Pw=[SDE=0.350 I+=0.350 MD=0.300] | Lp=1.60 | n_eval=8
[Gen  21 | FE= 268/ 300] p_err=0.237 | 指标=MD     | score=2(极优) | Pw=[SDE=0.314 I+=0.343 MD=0.343] | Lp=2.40 | n_eval=8
[Gen  21 | FE= 268/ 300] p_err=0.363 | 指标=SDE    | score=2(极优) | Pw=[SDE=0.343 I+=0.343 MD=0.314] | Lp=1.60 | n_eval=8
[Gen  21 | FE= 268/ 300] p_err=0.331 | 指标=SDE    | score=2(极优) | Pw=[SDE=0.340 I+=0.319 MD=0.340] | Lp=3.10 | n_eval=8
[Gen  21 | FE= 268/ 300] p_err=0.275 | 指标=SDE    | score=2(极优) | Pw=[SDE=0.376 I+=0.281 MD=0.344] | Lp=2.00 | n_eval=8
[Gen  21 | FE= 268/ 300] p_err=0.222 | 指标=MD     | score=1(中  ) | Pw=[SDE=0.346 I+=0.346 MD=0.308] | Lp=2.00 | n_eval=8
[Gen  22 | FE= 276/ 300] p_err=0.185 | 指标=MD     | score=1(中  ) | Pw=[SDE=0.357 I+=0.357 MD=0.286] | Lp=1.60 | n_eval=8
[Gen  21 | FE= 268/ 300] p_err=0.357 | 指标=I_eps+ | score=2(极优) | Pw=[SDE=0.350 I+=0.350 MD=0.300] | Lp=2.40 | n_eval=8
[Gen  22 | FE= 276/ 300] p_err=0.166 | 指标=MD     | score=2(极优) | Pw=[SDE=0.314 I+=0.343 MD=0.343] | Lp=1.60 | n_eval=8
[Gen  22 | FE= 276/ 300] p_err=0.350 | 指标=SDE    | score=2(极优) | Pw=[SDE=0.343 I+=0.343 MD=0.314] | Lp=1.35 | n_eval=8
[Gen  22 | FE= 276/ 300] p_err=0.359 | 指标=SDE    | score=2(极优) | Pw=[SDE=0.340 I+=0.319 MD=0.340] | Lp=2.40 | n_eval=8
[Gen  22 | FE= 276/ 300] p_err=0.282 | 指标=SDE    | score=2(极优) | Pw=[SDE=0.381 I+=0.283 MD=0.336] | Lp=2.00 | n_eval=8
[Gen  22 | FE= 276/ 300] p_err=0.431 | 指标=I_eps+ | score=1(中  ) | Pw=[SDE=0.355 I+=0.330 MD=0.315] | Lp=1.60 | n_eval=8
[Gen  22 | FE= 276/ 300] p_err=0.440 | 指标=I_eps+ | score=2(极优) | Pw=[SDE=0.350 I+=0.350 MD=0.300] | Lp=2.40 | n_eval=8
[Gen  23 | FE= 284/ 300] p_err=0.173 | 指标=MD     | score=2(极优) | Pw=[SDE=0.333 I+=0.333 MD=0.333] | Lp=1.60 | n_eval=8
[Gen  23 | FE= 284/ 300] p_err=0.244 | 指标=SDE    | score=2(极优) | Pw=[SDE=0.357 I+=0.357 MD=0.286] | Lp=1.60 | n_eval=8
[Gen  23 | FE= 284/ 300] p_err=0.177 | 指标=MD     | score=2(极优) | Pw=[SDE=0.333 I+=0.333 MD=0.333] | Lp=1.60 | n_eval=8
[Gen  23 | FE= 284/ 300] p_err=0.279 | 指标=I_eps+ | score=2(极优) | Pw=[SDE=0.340 I+=0.319 MD=0.340] | Lp=3.10 | n_eval=8
[Gen  23 | FE= 284/ 300] p_err=0.388 | 指标=I_eps+ | score=2(极优) | Pw=[SDE=0.354 I+=0.332 MD=0.314] | Lp=2.40 | n_eval=8
[Gen  23 | FE= 284/ 300] p_err=0.231 | 指标=SDE    | score=2(极优) | Pw=[SDE=0.375 I+=0.296 MD=0.329] | Lp=2.40 | n_eval=8
[Gen  23 | FE= 284/ 300] p_err=0.344 | 指标=I_eps+ | score=2(极优) | Pw=[SDE=0.350 I+=0.350 MD=0.300] | Lp=2.40 | n_eval=8
[Gen  24 | FE= 292/ 300] p_err=0.279 | 指标=I_eps+ | score=2(极优) | Pw=[SDE=0.357 I+=0.357 MD=0.286] | Lp=1.60 | n_eval=8
[Gen  24 | FE= 292/ 300] p_err=0.197 | 指标=MD     | score=2(极优) | Pw=[SDE=0.333 I+=0.333 MD=0.333] | Lp=2.00 | n_eval=8
[Gen  24 | FE= 292/ 300] p_err=0.188 | 指标=MD     | score=1(中  ) | Pw=[SDE=0.350 I+=0.328 MD=0.321] | Lp=4.20 | n_eval=8
[Gen  24 | FE= 292/ 300] p_err=0.344 | 指标=SDE    | score=2(极优) | Pw=[SDE=0.355 I+=0.330 MD=0.315] | Lp=1.35 | n_eval=8
[Gen  25 | FE= 300/ 300] p_err=0.165 | 指标=MD     | score=1(中  ) | Pw=[SDE=0.340 I+=0.340 MD=0.321] | Lp=1.60 | n_eval=8
[Gen  24 | FE= 292/ 300] p_err=0.281 | 指标=MD     | score=2(极优) | Pw=[SDE=0.350 I+=0.350 MD=0.300] | Lp=2.40 | n_eval=8
[Gen  24 | FE= 292/ 300] p_err=0.239 | 指标=MD     | score=2(极优) | Pw=[SDE=0.384 I+=0.288 MD=0.329] | Lp=2.40 | n_eval=8
[Gen  25 | FE= 300/ 300] p_err=0.269 | 指标=MD     | score=2(极优) | Pw=[SDE=0.353 I+=0.353 MD=0.294] | Lp=1.60 | n_eval=8
[Gen  25 | FE= 300/ 300] p_err=0.206 | 指标=MD     | score=1(中  ) | Pw=[SDE=0.340 I+=0.340 MD=0.319] | Lp=2.00 | n_eval=8
[Gen  25 | FE= 300/ 300] p_err=0.201 | 指标=MD     | score=1(中  ) | Pw=[SDE=0.361 I+=0.338 MD=0.301] | Lp=3.10 | n_eval=8
[Gen  25 | FE= 300/ 300] p_err=0.272 | 指标=I_eps+ | score=2(极优) | Pw=[SDE=0.354 I+=0.332 MD=0.314] | Lp=1.35 | n_eval=8
[Gen  25 | FE= 300/ 300] p_err=0.304 | 指标=I_eps+ | score=2(极优) | Pw=[SDE=0.376 I+=0.301 MD=0.323] | Lp=2.40 | n_eval=8
[Gen  25 | FE= 300/ 300] p_err=0.354 | 指标=I_eps+ | score=2(极优) | Pw=[SDE=0.343 I+=0.343 MD=0.314] | Lp=2.40 | n_eval=8
[Gen   1 | FE= 108/ 300] p_err=0.225 | 指标=MD     | score=1(中  ) | Pw=[SDE=0.336 I+=0.336 MD=0.328] | Lp=2.40 | n_eval=8
[Gen   1 | FE= 108/ 300] p_err=0.143 | 指标=I_eps+ | score=2(极优) | Pw=[SDE=0.333 I+=0.333 MD=0.333] | Lp=3.10 | n_eval=8
[Gen   1 | FE= 108/ 300] p_err=0.133 | 指标=I_eps+ | score=2(极优) | Pw=[SDE=0.333 I+=0.333 MD=0.333] | Lp=4.20 | n_eval=8
[Gen   1 | FE= 108/ 300] p_err=0.273 | 指标=MD     | score=2(极优) | Pw=[SDE=0.333 I+=0.333 MD=0.333] | Lp=3.10 | n_eval=8
[Gen   1 | FE= 108/ 300] p_err=0.146 | 指标=I_eps+ | score=2(极优) | Pw=[SDE=0.333 I+=0.333 MD=0.333] | Lp=4.20 | n_eval=8
[Gen   1 | FE= 108/ 300] p_err=0.138 | 指标=I_eps+ | score=2(极优) | Pw=[SDE=0.333 I+=0.333 MD=0.333] | Lp=6.50 | n_eval=8
[Gen   1 | FE= 108/ 300] p_err=0.231 | 指标=MD     | score=2(极优) | Pw=[SDE=0.333 I+=0.333 MD=0.333] | Lp=3.10 | n_eval=8
[Gen   1 | FE= 108/ 300] p_err=0.153 | 指标=SDE    | score=2(极优) | Pw=[SDE=0.333 I+=0.333 MD=0.333] | Lp=3.10 | n_eval=8
[Gen   2 | FE= 116/ 300] p_err=0.224 | 指标=MD     | score=2(极优) | Pw=[SDE=0.333 I+=0.333 MD=0.333] | Lp=2.40 | n_eval=8
[Gen   2 | FE= 116/ 300] p_err=0.240 | 指标=I_eps+ | score=2(极优) | Pw=[SDE=0.333 I+=0.333 MD=0.333] | Lp=2.40 | n_eval=8
[Gen   2 | FE= 116/ 300] p_err=0.193 | 指标=MD     | score=2(极优) | Pw=[SDE=0.336 I+=0.336 MD=0.328] | Lp=3.10 | n_eval=8
[Gen   2 | FE= 116/ 300] p_err=0.154 | 指标=SDE    | score=2(极优) | Pw=[SDE=0.333 I+=0.333 MD=0.333] | Lp=3.10 | n_eval=8
[Gen   2 | FE= 116/ 300] p_err=0.159 | 指标=I_eps+ | score=2(极优) | Pw=[SDE=0.333 I+=0.333 MD=0.333] | Lp=3.10 | n_eval=8
[Gen   2 | FE= 116/ 300] p_err=0.174 | 指标=MD     | score=2(极优) | Pw=[SDE=0.333 I+=0.333 MD=0.333] | Lp=4.20 | n_eval=8
[Gen   2 | FE= 116/ 300] p_err=0.156 | 指标=SDE    | score=2(极优) | Pw=[SDE=0.333 I+=0.333 MD=0.333] | Lp=4.20 | n_eval=8
[Gen   2 | FE= 116/ 300] p_err=0.208 | 指标=MD     | score=2(极优) | Pw=[SDE=0.333 I+=0.333 MD=0.333] | Lp=3.10 | n_eval=8
[Gen   3 | FE= 124/ 300] p_err=0.125 | 指标=I_eps+ | score=2(极优) | Pw=[SDE=0.333 I+=0.333 MD=0.333] | Lp=2.40 | n_eval=8
[Gen   3 | FE= 124/ 300] p_err=0.246 | 指标=MD     | score=2(极优) | Pw=[SDE=0.336 I+=0.336 MD=0.328] | Lp=4.20 | n_eval=8
[Gen   3 | FE= 124/ 300] p_err=0.140 | 指标=I_eps+ | score=2(极优) | Pw=[SDE=0.333 I+=0.333 MD=0.333] | Lp=3.10 | n_eval=8
[Gen   3 | FE= 124/ 300] p_err=0.172 | 指标=SDE    | score=2(极优) | Pw=[SDE=0.333 I+=0.333 MD=0.333] | Lp=4.20 | n_eval=8
[Gen   3 | FE= 124/ 300] p_err=0.147 | 指标=I_eps+ | score=2(极优) | Pw=[SDE=0.333 I+=0.333 MD=0.333] | Lp=3.10 | n_eval=8
[Gen   3 | FE= 124/ 300] p_err=0.183 | 指标=MD     | score=2(极优) | Pw=[SDE=0.333 I+=0.333 MD=0.333] | Lp=3.10 | n_eval=8
[Gen   3 | FE= 124/ 300] p_err=0.133 | 指标=SDE    | score=2(极优) | Pw=[SDE=0.333 I+=0.333 MD=0.333] | Lp=3.10 | n_eval=8
[Gen   3 | FE= 124/ 300] p_err=0.238 | 指标=MD     | score=2(极优) | Pw=[SDE=0.333 I+=0.333 MD=0.333] | Lp=6.50 | n_eval=8
[Gen   4 | FE= 132/ 300] p_err=0.163 | 指标=I_eps+ | score=2(极优) | Pw=[SDE=0.333 I+=0.333 MD=0.333] | Lp=2.40 | n_eval=8
[Gen   4 | FE= 132/ 300] p_err=0.136 | 指标=I_eps+ | score=2(极优) | Pw=[SDE=0.336 I+=0.336 MD=0.327] | Lp=3.10 | n_eval=8
[Gen   4 | FE= 132/ 300] p_err=0.194 | 指标=SDE    | score=2(极优) | Pw=[SDE=0.333 I+=0.333 MD=0.333] | Lp=2.40 | n_eval=8
[Gen   4 | FE= 132/ 300] p_err=0.172 | 指标=MD     | score=2(极优) | Pw=[SDE=0.333 I+=0.333 MD=0.333] | Lp=3.10 | n_eval=8
[Gen   4 | FE= 132/ 300] p_err=0.190 | 指标=I_eps+ | score=2(极优) | Pw=[SDE=0.333 I+=0.333 MD=0.333] | Lp=3.10 | n_eval=8
[Gen   4 | FE= 132/ 300] p_err=0.178 | 指标=I_eps+ | score=2(极优) | Pw=[SDE=0.333 I+=0.333 MD=0.333] | Lp=3.10 | n_eval=8
[Gen   4 | FE= 132/ 300] p_err=0.133 | 指标=SDE    | score=2(极优) | Pw=[SDE=0.333 I+=0.333 MD=0.333] | Lp=6.50 | n_eval=8
[Gen   4 | FE= 132/ 300] p_err=0.116 | 指标=SDE    | score=2(极优) | Pw=[SDE=0.333 I+=0.333 MD=0.333] | Lp=3.10 | n_eval=8
[Gen   5 | FE= 140/ 300] p_err=0.154 | 指标=I_eps+ | score=2(极优) | Pw=[SDE=0.336 I+=0.336 MD=0.327] | Lp=4.20 | n_eval=8
[Gen   5 | FE= 140/ 300] p_err=0.188 | 指标=I_eps+ | score=2(极优) | Pw=[SDE=0.333 I+=0.333 MD=0.333] | Lp=2.40 | n_eval=8
[Gen   5 | FE= 140/ 300] p_err=0.181 | 指标=SDE    | score=2(极优) | Pw=[SDE=0.333 I+=0.333 MD=0.333] | Lp=4.20 | n_eval=8
[Gen   5 | FE= 140/ 300] p_err=0.184 | 指标=I_eps+ | score=2(极优) | Pw=[SDE=0.333 I+=0.333 MD=0.333] | Lp=3.10 | n_eval=8
[Gen   5 | FE= 140/ 300] p_err=0.218 | 指标=MD     | score=2(极优) | Pw=[SDE=0.333 I+=0.333 MD=0.333] | Lp=4.20 | n_eval=8
[Gen   5 | FE= 140/ 300] p_err=0.192 | 指标=I_eps+ | score=1(中  ) | Pw=[SDE=0.336 I+=0.327 MD=0.336] | Lp=3.10 | n_eval=8
[Gen   5 | FE= 140/ 300] p_err=0.251 | 指标=MD     | score=1(中  ) | Pw=[SDE=0.337 I+=0.337 MD=0.327] | Lp=4.20 | n_eval=8
[Gen   5 | FE= 140/ 300] p_err=0.307 | 指标=I_eps+ | score=2(极优) | Pw=[SDE=0.333 I+=0.333 MD=0.333] | Lp=4.20 | n_eval=8
[Gen   6 | FE= 148/ 300] p_err=0.129 | 指标=SDE    | score=2(极优) | Pw=[SDE=0.337 I+=0.337 MD=0.327] | Lp=4.20 | n_eval=8
[Gen   6 | FE= 148/ 300] p_err=0.172 | 指标=MD     | score=2(极优) | Pw=[SDE=0.333 I+=0.333 MD=0.333] | Lp=2.00 | n_eval=8
[Gen   6 | FE= 148/ 300] p_err=0.221 | 指标=MD     | score=2(极优) | Pw=[SDE=0.333 I+=0.333 MD=0.333] | Lp=4.20 | n_eval=8
[Gen   6 | FE= 148/ 300] p_err=0.191 | 指标=MD     | score=2(极优) | Pw=[SDE=0.333 I+=0.333 MD=0.333] | Lp=3.10 | n_eval=8
[Gen   6 | FE= 148/ 300] p_err=0.195 | 指标=MD     | score=2(极优) | Pw=[SDE=0.333 I+=0.333 MD=0.333] | Lp=4.20 | n_eval=8
[Gen   6 | FE= 148/ 300] p_err=0.191 | 指标=MD     | score=1(中  ) | Pw=[SDE=0.340 I+=0.340 MD=0.320] | Lp=3.10 | n_eval=8
[Gen   6 | FE= 148/ 300] p_err=0.214 | 指标=SDE    | score=2(极优) | Pw=[SDE=0.337 I+=0.327 MD=0.337] | Lp=2.00 | n_eval=8
[Gen   6 | FE= 148/ 300] p_err=0.225 | 指标=SDE    | score=2(极优) | Pw=[SDE=0.333 I+=0.333 MD=0.333] | Lp=4.20 | n_eval=8
[Gen   7 | FE= 156/ 300] p_err=0.142 | 指标=I_eps+ | score=2(极优) | Pw=[SDE=0.337 I+=0.337 MD=0.326] | Lp=4.20 | n_eval=8
[Gen   7 | FE= 156/ 300] p_err=0.195 | 指标=I_eps+ | score=2(极优) | Pw=[SDE=0.333 I+=0.333 MD=0.333] | Lp=2.40 | n_eval=8
[Gen   7 | FE= 156/ 300] p_err=0.172 | 指标=MD     | score=1(中  ) | Pw=[SDE=0.336 I+=0.336 MD=0.327] | Lp=2.40 | n_eval=8
[Gen   7 | FE= 156/ 300] p_err=0.145 | 指标=I_eps+ | score=2(极优) | Pw=[SDE=0.333 I+=0.333 MD=0.333] | Lp=6.50 | n_eval=8
[Gen   7 | FE= 156/ 300] p_err=0.236 | 指标=MD     | score=2(极优) | Pw=[SDE=0.333 I+=0.333 MD=0.333] | Lp=3.10 | n_eval=8
[Gen   7 | FE= 156/ 300] p_err=0.152 | 指标=MD     | score=1(中  ) | Pw=[SDE=0.343 I+=0.343 MD=0.313] | Lp=3.10 | n_eval=8
[Gen   7 | FE= 156/ 300] p_err=0.230 | 指标=MD     | score=2(极优) | Pw=[SDE=0.337 I+=0.326 MD=0.337] | Lp=3.10 | n_eval=8
[Gen   7 | FE= 156/ 300] p_err=0.191 | 指标=I_eps+ | score=1(中  ) | Pw=[SDE=0.336 I+=0.327 MD=0.336] | Lp=6.50 | n_eval=8
[Gen   8 | FE= 164/ 300] p_err=0.202 | 指标=I_eps+ | score=2(极优) | Pw=[SDE=0.337 I+=0.337 MD=0.326] | Lp=3.10 | n_eval=8
[Gen   8 | FE= 164/ 300] p_err=0.192 | 指标=MD     | score=2(极优) | Pw=[SDE=0.333 I+=0.333 MD=0.333] | Lp=2.40 | n_eval=8
[Gen   8 | FE= 164/ 300] p_err=0.110 | 指标=I_eps+ | score=2(极优) | Pw=[SDE=0.333 I+=0.333 MD=0.333] | Lp=4.20 | n_eval=8
[Gen   8 | FE= 164/ 300] p_err=0.120 | 指标=SDE    | score=2(极优) | Pw=[SDE=0.336 I+=0.336 MD=0.327] | Lp=3.10 | n_eval=8
[Gen   8 | FE= 164/ 300] p_err=0.150 | 指标=MD     | score=1(中  ) | Pw=[SDE=0.347 I+=0.347 MD=0.306] | Lp=3.10 | n_eval=8
[Gen   8 | FE= 164/ 300] p_err=0.135 | 指标=MD     | score=2(极优) | Pw=[SDE=0.337 I+=0.326 MD=0.337] | Lp=1.60 | n_eval=8
[Gen   8 | FE= 164/ 300] p_err=0.196 | 指标=MD     | score=2(极优) | Pw=[SDE=0.333 I+=0.333 MD=0.333] | Lp=4.20 | n_eval=8
[Gen   8 | FE= 164/ 300] p_err=0.231 | 指标=MD     | score=2(极优) | Pw=[SDE=0.337 I+=0.327 MD=0.337] | Lp=6.50 | n_eval=8
[Gen   9 | FE= 172/ 300] p_err=0.219 | 指标=I_eps+ | score=2(极优) | Pw=[SDE=0.337 I+=0.337 MD=0.325] | Lp=3.10 | n_eval=8
[Gen   9 | FE= 172/ 300] p_err=0.074 | 指标=I_eps+ | score=1(中  ) | Pw=[SDE=0.341 I+=0.327 MD=0.331] | Lp=3.10 | n_eval=8
[Gen   9 | FE= 172/ 300] p_err=0.294 | 指标=I_eps+ | score=2(极优) | Pw=[SDE=0.333 I+=0.333 MD=0.333] | Lp=2.00 | n_eval=8
[Gen   9 | FE= 172/ 300] p_err=0.157 | 指标=MD     | score=2(极优) | Pw=[SDE=0.347 I+=0.347 MD=0.306] | Lp=4.20 | n_eval=8
[Gen   9 | FE= 172/ 300] p_err=0.154 | 指标=MD     | score=2(极优) | Pw=[SDE=0.333 I+=0.333 MD=0.333] | Lp=3.10 | n_eval=8
[Gen   9 | FE= 172/ 300] p_err=0.198 | 指标=SDE    | score=2(极优) | Pw=[SDE=0.337 I+=0.325 MD=0.337] | Lp=1.60 | n_eval=8
[Gen   9 | FE= 172/ 300] p_err=0.141 | 指标=I_eps+ | score=2(极优) | Pw=[SDE=0.333 I+=0.333 MD=0.333] | Lp=4.20 | n_eval=8
[Gen   9 | FE= 172/ 300] p_err=0.211 | 指标=I_eps+ | score=2(极优) | Pw=[SDE=0.337 I+=0.327 MD=0.337] | Lp=6.50 | n_eval=8
[Gen  10 | FE= 180/ 300] p_err=0.189 | 指标=I_eps+ | score=2(极优) | Pw=[SDE=0.338 I+=0.338 MD=0.325] | Lp=2.40 | n_eval=8
[Gen  10 | FE= 180/ 300] p_err=0.164 | 指标=MD     | score=2(极优) | Pw=[SDE=0.347 I+=0.347 MD=0.306] | Lp=4.20 | n_eval=8
[Gen  10 | FE= 180/ 300] p_err=0.297 | 指标=SDE    | score=2(极优) | Pw=[SDE=0.333 I+=0.333 MD=0.333] | Lp=2.00 | n_eval=8
[Gen  10 | FE= 180/ 300] p_err=0.126 | 指标=SDE    | score=2(极优) | Pw=[SDE=0.342 I+=0.327 MD=0.331] | Lp=3.10 | n_eval=8
[Gen  10 | FE= 180/ 300] p_err=0.158 | 指标=SDE    | score=2(极优) | Pw=[SDE=0.333 I+=0.333 MD=0.333] | Lp=3.10 | n_eval=8
[Gen  10 | FE= 180/ 300] p_err=0.184 | 指标=MD     | score=2(极优) | Pw=[SDE=0.338 I+=0.325 MD=0.338] | Lp=2.00 | n_eval=8
[Gen  10 | FE= 180/ 300] p_err=0.192 | 指标=SDE    | score=2(极优) | Pw=[SDE=0.333 I+=0.333 MD=0.333] | Lp=3.10 | n_eval=8
[Gen  10 | FE= 180/ 300] p_err=0.230 | 指标=MD     | score=2(极优) | Pw=[SDE=0.337 I+=0.326 MD=0.337] | Lp=6.50 | n_eval=8
[Gen  11 | FE= 188/ 300] p_err=0.234 | 指标=SDE    | score=2(极优) | Pw=[SDE=0.338 I+=0.338 MD=0.324] | Lp=2.40 | n_eval=8
[Gen  11 | FE= 188/ 300] p_err=0.199 | 指标=MD     | score=2(极优) | Pw=[SDE=0.347 I+=0.347 MD=0.306] | Lp=4.20 | n_eval=8
[Gen  11 | FE= 188/ 300] p_err=0.136 | 指标=I_eps+ | score=1(中  ) | Pw=[SDE=0.348 I+=0.316 MD=0.336] | Lp=3.10 | n_eval=8
[Gen  11 | FE= 188/ 300] p_err=0.140 | 指标=I_eps+ | score=2(极优) | Pw=[SDE=0.333 I+=0.333 MD=0.333] | Lp=3.10 | n_eval=8
[Gen  11 | FE= 188/ 300] p_err=0.232 | 指标=SDE    | score=2(极优) | Pw=[SDE=0.333 I+=0.333 MD=0.333] | Lp=2.40 | n_eval=8
[Gen  11 | FE= 188/ 300] p_err=0.211 | 指标=SDE    | score=2(极优) | Pw=[SDE=0.338 I+=0.324 MD=0.338] | Lp=2.40 | n_eval=8
[Gen  11 | FE= 188/ 300] p_err=0.161 | 指标=MD     | score=2(极优) | Pw=[SDE=0.333 I+=0.333 MD=0.333] | Lp=2.40 | n_eval=8
[Gen  11 | FE= 188/ 300] p_err=0.177 | 指标=I_eps+ | score=2(极优) | Pw=[SDE=0.337 I+=0.326 MD=0.337] | Lp=4.20 | n_eval=8
[Gen  12 | FE= 196/ 300] p_err=0.114 | 指标=SDE    | score=2(极优) | Pw=[SDE=0.348 I+=0.348 MD=0.304] | Lp=4.20 | n_eval=8
[Gen  12 | FE= 196/ 300] p_err=0.248 | 指标=I_eps+ | score=2(极优) | Pw=[SDE=0.338 I+=0.338 MD=0.323] | Lp=3.10 | n_eval=8
[Gen  12 | FE= 196/ 300] p_err=0.176 | 指标=MD     | score=1(中  ) | Pw=[SDE=0.353 I+=0.318 MD=0.329] | Lp=3.10 | n_eval=8
[Gen  12 | FE= 196/ 300] p_err=0.184 | 指标=I_eps+ | score=2(极优) | Pw=[SDE=0.333 I+=0.333 MD=0.333] | Lp=3.10 | n_eval=8
[Gen  12 | FE= 196/ 300] p_err=0.202 | 指标=MD     | score=1(中  ) | Pw=[SDE=0.343 I+=0.327 MD=0.330] | Lp=2.40 | n_eval=8
[Gen  12 | FE= 196/ 300] p_err=0.230 | 指标=SDE    | score=2(极优) | Pw=[SDE=0.333 I+=0.333 MD=0.333] | Lp=2.00 | n_eval=8
[Gen  12 | FE= 196/ 300] p_err=0.191 | 指标=MD     | score=2(极优) | Pw=[SDE=0.333 I+=0.333 MD=0.333] | Lp=2.40 | n_eval=8
[Gen  12 | FE= 196/ 300] p_err=0.243 | 指标=MD     | score=2(极优) | Pw=[SDE=0.337 I+=0.326 MD=0.337] | Lp=4.20 | n_eval=8
[Gen  13 | FE= 204/ 300] p_err=0.141 | 指标=MD     | score=2(极优) | Pw=[SDE=0.348 I+=0.348 MD=0.304] | Lp=4.20 | n_eval=8
[Gen  13 | FE= 204/ 300] p_err=0.235 | 指标=MD     | score=1(中  ) | Pw=[SDE=0.359 I+=0.319 MD=0.323] | Lp=3.10 | n_eval=8
[Gen  13 | FE= 204/ 300] p_err=0.300 | 指标=I_eps+ | score=1(中  ) | Pw=[SDE=0.349 I+=0.317 MD=0.334] | Lp=3.10 | n_eval=8
[Gen  13 | FE= 204/ 300] p_err=0.143 | 指标=I_eps+ | score=2(极优) | Pw=[SDE=0.333 I+=0.333 MD=0.333] | Lp=3.10 | n_eval=8
[Gen  13 | FE= 204/ 300] p_err=0.226 | 指标=I_eps+ | score=2(极优) | Pw=[SDE=0.339 I+=0.339 MD=0.322] | Lp=3.10 | n_eval=8
[Gen  13 | FE= 204/ 300] p_err=0.153 | 指标=MD     | score=1(中  ) | Pw=[SDE=0.338 I+=0.338 MD=0.325] | Lp=2.40 | n_eval=8
[Gen  13 | FE= 204/ 300] p_err=0.281 | 指标=I_eps+ | score=2(极优) | Pw=[SDE=0.333 I+=0.333 MD=0.333] | Lp=2.00 | n_eval=8
[Gen  13 | FE= 204/ 300] p_err=0.197 | 指标=MD     | score=2(极优) | Pw=[SDE=0.337 I+=0.325 MD=0.337] | Lp=6.50 | n_eval=8
[Gen  14 | FE= 212/ 300] p_err=0.181 | 指标=I_eps+ | score=1(中  ) | Pw=[SDE=0.367 I+=0.306 MD=0.328] | Lp=3.10 | n_eval=8
[Gen  14 | FE= 212/ 300] p_err=0.159 | 指标=SDE    | score=2(极优) | Pw=[SDE=0.349 I+=0.349 MD=0.302] | Lp=4.20 | n_eval=8
[Gen  14 | FE= 212/ 300] p_err=0.256 | 指标=SDE    | score=1(中  ) | Pw=[SDE=0.340 I+=0.320 MD=0.340] | Lp=3.10 | n_eval=8
[Gen  14 | FE= 212/ 300] p_err=0.195 | 指标=MD     | score=2(极优) | Pw=[SDE=0.333 I+=0.333 MD=0.333] | Lp=3.10 | n_eval=8
[Gen  14 | FE= 212/ 300] p_err=0.194 | 指标=SDE    | score=2(极优) | Pw=[SDE=0.338 I+=0.338 MD=0.324] | Lp=3.10 | n_eval=8
[Gen  14 | FE= 212/ 300] p_err=0.222 | 指标=I_eps+ | score=2(极优) | Pw=[SDE=0.340 I+=0.340 MD=0.321] | Lp=2.40 | n_eval=8
[Gen  14 | FE= 212/ 300] p_err=0.340 | 指标=SDE    | score=2(极优) | Pw=[SDE=0.333 I+=0.333 MD=0.333] | Lp=3.10 | n_eval=8
[Gen  14 | FE= 212/ 300] p_err=0.226 | 指标=SDE    | score=2(极优) | Pw=[SDE=0.338 I+=0.325 MD=0.338] | Lp=6.50 | n_eval=8
[Gen  15 | FE= 220/ 300] p_err=0.160 | 指标=MD     | score=2(极优) | Pw=[SDE=0.349 I+=0.349 MD=0.302] | Lp=4.20 | n_eval=8
[Gen  15 | FE= 220/ 300] p_err=0.275 | 指标=SDE    | score=1(中  ) | Pw=[SDE=0.358 I+=0.308 MD=0.335] | Lp=1.60 | n_eval=8
[Gen  15 | FE= 220/ 300] p_err=0.180 | 指标=MD     | score=2(极优) | Pw=[SDE=0.333 I+=0.333 MD=0.333] | Lp=3.10 | n_eval=8
[Gen  15 | FE= 220/ 300] p_err=0.264 | 指标=I_eps+ | score=2(极优) | Pw=[SDE=0.339 I+=0.321 MD=0.339] | Lp=3.10 | n_eval=8
[Gen  15 | FE= 220/ 300] p_err=0.163 | 指标=SDE    | score=2(极优) | Pw=[SDE=0.338 I+=0.338 MD=0.323] | Lp=2.40 | n_eval=8
[Gen  15 | FE= 220/ 300] p_err=0.143 | 指标=MD     | score=1(中  ) | Pw=[SDE=0.346 I+=0.346 MD=0.308] | Lp=3.10 | n_eval=8
[Gen  15 | FE= 220/ 300] p_err=0.262 | 指标=I_eps+ | score=2(极优) | Pw=[SDE=0.333 I+=0.333 MD=0.333] | Lp=3.10 | n_eval=8
[Gen  15 | FE= 220/ 300] p_err=0.186 | 指标=SDE    | score=2(极优) | Pw=[SDE=0.338 I+=0.324 MD=0.338] | Lp=6.50 | n_eval=8
[Gen  16 | FE= 228/ 300] p_err=0.128 | 指标=MD     | score=2(极优) | Pw=[SDE=0.349 I+=0.349 MD=0.302] | Lp=3.10 | n_eval=8
[Gen  16 | FE= 228/ 300] p_err=0.105 | 指标=MD     | score=2(极优) | Pw=[SDE=0.359 I+=0.301 MD=0.339] | Lp=1.60 | n_eval=8
[Gen  16 | FE= 228/ 300] p_err=0.157 | 指标=I_eps+ | score=2(极优) | Pw=[SDE=0.333 I+=0.333 MD=0.333] | Lp=3.10 | n_eval=8
[Gen  16 | FE= 228/ 300] p_err=0.280 | 指标=SDE    | score=2(极优) | Pw=[SDE=0.341 I+=0.319 MD=0.339] | Lp=3.10 | n_eval=8
[Gen  16 | FE= 228/ 300] p_err=0.133 | 指标=I_eps+ | score=2(极优) | Pw=[SDE=0.339 I+=0.339 MD=0.322] | Lp=3.10 | n_eval=8
[Gen  16 | FE= 228/ 300] p_err=0.210 | 指标=MD     | score=2(极优) | Pw=[SDE=0.346 I+=0.346 MD=0.308] | Lp=3.10 | n_eval=8
[Gen  16 | FE= 228/ 300] p_err=0.144 | 指标=MD     | score=2(极优) | Pw=[SDE=0.333 I+=0.333 MD=0.333] | Lp=3.10 | n_eval=8
[Gen  16 | FE= 228/ 300] p_err=0.166 | 指标=SDE    | score=2(极优) | Pw=[SDE=0.338 I+=0.323 MD=0.338] | Lp=4.20 | n_eval=8
[Gen  17 | FE= 236/ 300] p_err=0.268 | 指标=SDE    | score=1(中  ) | Pw=[SDE=0.350 I+=0.300 MD=0.350] | Lp=1.60 | n_eval=8
[Gen  17 | FE= 236/ 300] p_err=0.163 | 指标=SDE    | score=2(极优) | Pw=[SDE=0.350 I+=0.350 MD=0.300] | Lp=3.10 | n_eval=8
[Gen  17 | FE= 236/ 300] p_err=0.189 | 指标=MD     | score=2(极优) | Pw=[SDE=0.333 I+=0.333 MD=0.333] | Lp=2.40 | n_eval=8
[Gen  17 | FE= 236/ 300] p_err=0.221 | 指标=SDE    | score=2(极优) | Pw=[SDE=0.344 I+=0.317 MD=0.339] | Lp=2.40 | n_eval=8
[Gen  17 | FE= 236/ 300] p_err=0.198 | 指标=MD     | score=2(极优) | Pw=[SDE=0.346 I+=0.346 MD=0.308] | Lp=4.20 | n_eval=8
[Gen  17 | FE= 236/ 300] p_err=0.206 | 指标=I_eps+ | score=2(极优) | Pw=[SDE=0.340 I+=0.340 MD=0.321] | Lp=2.40 | n_eval=8
[Gen  17 | FE= 236/ 300] p_err=0.182 | 指标=MD     | score=1(中  ) | Pw=[SDE=0.341 I+=0.341 MD=0.317] | Lp=3.10 | n_eval=8
[Gen  17 | FE= 236/ 300] p_err=0.230 | 指标=SDE    | score=2(极优) | Pw=[SDE=0.339 I+=0.322 MD=0.339] | Lp=6.50 | n_eval=8
[Gen  18 | FE= 244/ 300] p_err=0.075 | 指标=MD     | score=1(中  ) | Pw=[SDE=0.359 I+=0.293 MD=0.349] | Lp=1.60 | n_eval=8
[Gen  18 | FE= 244/ 300] p_err=0.179 | 指标=SDE    | score=2(极优) | Pw=[SDE=0.351 I+=0.351 MD=0.297] | Lp=3.10 | n_eval=8
[Gen  18 | FE= 244/ 300] p_err=0.232 | 指标=SDE    | score=2(极优) | Pw=[SDE=0.333 I+=0.333 MD=0.333] | Lp=2.40 | n_eval=8
[Gen  18 | FE= 244/ 300] p_err=0.321 | 指标=SDE    | score=2(极优) | Pw=[SDE=0.340 I+=0.340 MD=0.319] | Lp=2.40 | n_eval=8
[Gen  18 | FE= 244/ 300] p_err=0.245 | 指标=I_eps+ | score=2(极优) | Pw=[SDE=0.348 I+=0.348 MD=0.304] | Lp=4.20 | n_eval=8
[Gen  18 | FE= 244/ 300] p_err=0.135 | 指标=MD     | score=2(极优) | Pw=[SDE=0.345 I+=0.313 MD=0.342] | Lp=3.10 | n_eval=8
[Gen  18 | FE= 244/ 300] p_err=0.231 | 指标=I_eps+ | score=2(极优) | Pw=[SDE=0.343 I+=0.343 MD=0.314] | Lp=3.10 | n_eval=8
[Gen  18 | FE= 244/ 300] p_err=0.175 | 指标=I_eps+ | score=2(极优) | Pw=[SDE=0.339 I+=0.322 MD=0.339] | Lp=4.20 | n_eval=8
[Gen  19 | FE= 252/ 300] p_err=0.250 | 指标=I_eps+ | score=1(中  ) | Pw=[SDE=0.370 I+=0.266 MD=0.363] | Lp=1.60 | n_eval=8
[Gen  19 | FE= 252/ 300] p_err=0.151 | 指标=I_eps+ | score=2(极优) | Pw=[SDE=0.353 I+=0.353 MD=0.294] | Lp=3.10 | n_eval=8
[Gen  19 | FE= 252/ 300] p_err=0.159 | 指标=MD     | score=1(中  ) | Pw=[SDE=0.340 I+=0.340 MD=0.321] | Lp=2.40 | n_eval=8
[Gen  19 | FE= 252/ 300] p_err=0.267 | 指标=I_eps+ | score=2(极优) | Pw=[SDE=0.344 I+=0.315 MD=0.341] | Lp=3.10 | n_eval=8
[Gen  19 | FE= 252/ 300] p_err=0.143 | 指标=MD     | score=2(极优) | Pw=[SDE=0.340 I+=0.340 MD=0.319] | Lp=2.00 | n_eval=8
[Gen  19 | FE= 252/ 300] p_err=0.197 | 指标=I_eps+ | score=2(极优) | Pw=[SDE=0.350 I+=0.350 MD=0.300] | Lp=2.40 | n_eval=8
[Gen  19 | FE= 252/ 300] p_err=0.186 | 指标=I_eps+ | score=2(极优) | Pw=[SDE=0.345 I+=0.345 MD=0.310] | Lp=6.50 | n_eval=8
[Gen  19 | FE= 252/ 300] p_err=0.212 | 指标=I_eps+ | score=2(极优) | Pw=[SDE=0.339 I+=0.322 MD=0.339] | Lp=6.50 | n_eval=8
[Gen  20 | FE= 260/ 300] p_err=0.068 | 指标=MD     | score=1(中  ) | Pw=[SDE=0.386 I+=0.241 MD=0.373] | Lp=2.00 | n_eval=8
[Gen  20 | FE= 260/ 300] p_err=0.189 | 指标=I_eps+ | score=2(极优) | Pw=[SDE=0.355 I+=0.355 MD=0.290] | Lp=3.10 | n_eval=8
[Gen  20 | FE= 260/ 300] p_err=0.336 | 指标=SDE    | score=2(极优) | Pw=[SDE=0.340 I+=0.340 MD=0.319] | Lp=2.40 | n_eval=8
[Gen  20 | FE= 260/ 300] p_err=0.121 | 指标=MD     | score=2(极优) | Pw=[SDE=0.345 I+=0.310 MD=0.345] | Lp=3.10 | n_eval=8
[Gen  20 | FE= 260/ 300] p_err=0.125 | 指标=MD     | score=2(极优) | Pw=[SDE=0.350 I+=0.350 MD=0.300] | Lp=3.10 | n_eval=8
[Gen  20 | FE= 260/ 300] p_err=0.220 | 指标=SDE    | score=2(极优) | Pw=[SDE=0.341 I+=0.341 MD=0.317] | Lp=2.00 | n_eval=8
[Gen  20 | FE= 260/ 300] p_err=0.258 | 指标=MD     | score=1(中  ) | Pw=[SDE=0.357 I+=0.357 MD=0.286] | Lp=3.10 | n_eval=8
[Gen  20 | FE= 260/ 300] p_err=0.234 | 指标=SDE    | score=2(极优) | Pw=[SDE=0.340 I+=0.321 MD=0.340] | Lp=6.50 | n_eval=8
[Gen  21 | FE= 268/ 300] p_err=0.185 | 指标=SDE    | score=1(中  ) | Pw=[SDE=0.375 I+=0.250 MD=0.375] | Lp=1.60 | n_eval=8
[Gen  21 | FE= 268/ 300] p_err=0.157 | 指标=I_eps+ | score=2(极优) | Pw=[SDE=0.355 I+=0.355 MD=0.290] | Lp=4.20 | n_eval=8
[Gen  21 | FE= 268/ 300] p_err=0.158 | 指标=MD     | score=2(极优) | Pw=[SDE=0.348 I+=0.300 MD=0.352] | Lp=3.10 | n_eval=8
[Gen  21 | FE= 268/ 300] p_err=0.136 | 指标=MD     | score=2(极优) | Pw=[SDE=0.341 I+=0.341 MD=0.317] | Lp=3.10 | n_eval=8
[Gen  21 | FE= 268/ 300] p_err=0.214 | 指标=SDE    | score=2(极优) | Pw=[SDE=0.340 I+=0.340 MD=0.319] | Lp=3.10 | n_eval=8
[Gen  21 | FE= 268/ 300] p_err=0.168 | 指标=I_eps+ | score=1(中  ) | Pw=[SDE=0.354 I+=0.318 MD=0.328] | Lp=2.40 | n_eval=8
[Gen  21 | FE= 268/ 300] p_err=0.235 | 指标=I_eps+ | score=2(极优) | Pw=[SDE=0.357 I+=0.357 MD=0.286] | Lp=2.40 | n_eval=8
[Gen  21 | FE= 268/ 300] p_err=0.320 | 指标=SDE    | score=2(极优) | Pw=[SDE=0.340 I+=0.321 MD=0.340] | Lp=4.20 | n_eval=8
[Gen  22 | FE= 276/ 300] p_err=0.209 | 指标=I_eps+ | score=1(中  ) | Pw=[SDE=0.380 I+=0.254 MD=0.366] | Lp=1.60 | n_eval=8
[Gen  22 | FE= 276/ 300] p_err=0.068 | 指标=MD     | score=2(极优) | Pw=[SDE=0.353 I+=0.353 MD=0.294] | Lp=3.10 | n_eval=8
[Gen  22 | FE= 276/ 300] p_err=0.127 | 指标=MD     | score=1(中  ) | Pw=[SDE=0.357 I+=0.307 MD=0.336] | Lp=4.20 | n_eval=8
[Gen  22 | FE= 276/ 300] p_err=0.238 | 指标=SDE    | score=2(极优) | Pw=[SDE=0.341 I+=0.341 MD=0.317] | Lp=3.10 | n_eval=8
[Gen  22 | FE= 276/ 300] p_err=0.213 | 指标=I_eps+ | score=2(极优) | Pw=[SDE=0.343 I+=0.343 MD=0.314] | Lp=2.00 | n_eval=8
[Gen  22 | FE= 276/ 300] p_err=0.241 | 指标=SDE    | score=2(极优) | Pw=[SDE=0.354 I+=0.318 MD=0.328] | Lp=2.40 | n_eval=8
[Gen  22 | FE= 276/ 300] p_err=0.246 | 指标=I_eps+ | score=2(极优) | Pw=[SDE=0.357 I+=0.357 MD=0.286] | Lp=6.50 | n_eval=8
[Gen  22 | FE= 276/ 300] p_err=0.220 | 指标=MD     | score=2(极优) | Pw=[SDE=0.340 I+=0.319 MD=0.340] | Lp=4.20 | n_eval=8
[Gen  23 | FE= 284/ 300] p_err=0.284 | 指标=I_eps+ | score=2(极优) | Pw=[SDE=0.371 I+=0.289 MD=0.340] | Lp=2.00 | n_eval=8
[Gen  23 | FE= 284/ 300] p_err=0.218 | 指标=SDE    | score=2(极优) | Pw=[SDE=0.355 I+=0.355 MD=0.290] | Lp=3.10 | n_eval=8
[Gen  23 | FE= 284/ 300] p_err=0.075 | 指标=MD     | score=2(极优) | Pw=[SDE=0.343 I+=0.343 MD=0.314] | Lp=2.00 | n_eval=8
[Gen  23 | FE= 284/ 300] p_err=0.167 | 指标=I_eps+ | score=1(中  ) | Pw=[SDE=0.361 I+=0.295 MD=0.344] | Lp=6.50 | n_eval=8
[Gen  23 | FE= 284/ 300] p_err=0.196 | 指标=MD     | score=1(中  ) | Pw=[SDE=0.348 I+=0.348 MD=0.304] | Lp=2.40 | n_eval=8
[Gen  23 | FE= 284/ 300] p_err=0.218 | 指标=I_eps+ | score=2(极优) | Pw=[SDE=0.354 I+=0.318 MD=0.328] | Lp=2.00 | n_eval=8
[Gen  23 | FE= 284/ 300] p_err=0.236 | 指标=I_eps+ | score=2(极优) | Pw=[SDE=0.357 I+=0.357 MD=0.286] | Lp=6.50 | n_eval=8
[Gen  23 | FE= 284/ 300] p_err=0.224 | 指标=SDE    | score=2(极优) | Pw=[SDE=0.341 I+=0.317 MD=0.341] | Lp=3.10 | n_eval=8
[Gen  24 | FE= 292/ 300] p_err=0.201 | 指标=I_eps+ | score=2(极优) | Pw=[SDE=0.345 I+=0.317 MD=0.339] | Lp=3.10 | n_eval=8
[Gen  24 | FE= 292/ 300] p_err=0.247 | 指标=SDE    | score=2(极优) | Pw=[SDE=0.355 I+=0.355 MD=0.290] | Lp=3.10 | n_eval=8
[Gen  24 | FE= 292/ 300] p_err=0.300 | 指标=SDE    | score=2(极优) | Pw=[SDE=0.350 I+=0.350 MD=0.300] | Lp=2.40 | n_eval=8
[Gen  24 | FE= 292/ 300] p_err=0.131 | 指标=MD     | score=1(中  ) | Pw=[SDE=0.374 I+=0.286 MD=0.340] | Lp=6.50 | n_eval=8
[Gen  24 | FE= 292/ 300] p_err=0.184 | 指标=I_eps+ | score=2(极优) | Pw=[SDE=0.343 I+=0.343 MD=0.314] | Lp=3.10 | n_eval=8
[Gen  24 | FE= 292/ 300] p_err=0.164 | 指标=MD     | score=2(极优) | Pw=[SDE=0.352 I+=0.317 MD=0.330] | Lp=2.40 | n_eval=8
[Gen  24 | FE= 292/ 300] p_err=0.172 | 指标=MD     | score=2(极优) | Pw=[SDE=0.343 I+=0.314 MD=0.343] | Lp=2.00 | n_eval=8
[Gen  24 | FE= 292/ 300] p_err=0.179 | 指标=I_eps+ | score=2(极优) | Pw=[SDE=0.357 I+=0.357 MD=0.286] | Lp=2.40 | n_eval=8
[Gen  25 | FE= 300/ 300] p_err=0.226 | 指标=I_eps+ | score=2(极优) | Pw=[SDE=0.345 I+=0.339 MD=0.317] | Lp=3.10 | n_eval=8
[Gen  25 | FE= 300/ 300] p_err=0.336 | 指标=SDE    | score=2(极优) | Pw=[SDE=0.350 I+=0.350 MD=0.300] | Lp=2.40 | n_eval=8
[Gen  25 | FE= 300/ 300] p_err=0.222 | 指标=I_eps+ | score=2(极优) | Pw=[SDE=0.351 I+=0.351 MD=0.298] | Lp=2.40 | n_eval=8
[Gen  25 | FE= 300/ 300] p_err=0.150 | 指标=I_eps+ | score=2(极优) | Pw=[SDE=0.359 I+=0.314 MD=0.327] | Lp=4.20 | n_eval=8
[Gen  25 | FE= 300/ 300] p_err=0.235 | 指标=I_eps+ | score=2(极优) | Pw=[SDE=0.343 I+=0.343 MD=0.314] | Lp=2.00 | n_eval=8
[Gen  25 | FE= 300/ 300] p_err=0.232 | 指标=I_eps+ | score=2(极优) | Pw=[SDE=0.350 I+=0.321 MD=0.328] | Lp=2.40 | n_eval=8
[Gen  25 | FE= 300/ 300] p_err=0.262 | 指标=SDE    | score=2(极优) | Pw=[SDE=0.345 I+=0.310 MD=0.345] | Lp=6.50 | n_eval=8
[Gen  25 | FE= 300/ 300] p_err=0.196 | 指标=SDE    | score=2(极优) | Pw=[SDE=0.357 I+=0.357 MD=0.286] | Lp=6.50 | n_eval=8
[Gen   1 | FE= 108/ 300] p_err=0.233 | 指标=SDE    | score=2(极优) | Pw=[SDE=0.333 I+=0.333 MD=0.333] | Lp=3.10 | n_eval=8
[Gen   1 | FE= 108/ 300] p_err=0.186 | 指标=I_eps+ | score=2(极优) | Pw=[SDE=0.333 I+=0.333 MD=0.333] | Lp=3.10 | n_eval=8
[Gen   1 | FE= 108/ 300] p_err=0.163 | 指标=SDE    | score=2(极优) | Pw=[SDE=0.333 I+=0.333 MD=0.333] | Lp=3.10 | n_eval=8
[Gen   1 | FE= 108/ 300] p_err=0.154 | 指标=I_eps+ | score=2(极优) | Pw=[SDE=0.333 I+=0.333 MD=0.333] | Lp=3.10 | n_eval=8
[Gen   1 | FE= 108/ 300] p_err=0.214 | 指标=SDE    | score=2(极优) | Pw=[SDE=0.333 I+=0.333 MD=0.333] | Lp=2.40 | n_eval=8
[Gen   1 | FE= 108/ 300] p_err=0.121 | 指标=SDE    | score=2(极优) | Pw=[SDE=0.333 I+=0.333 MD=0.333] | Lp=2.40 | n_eval=8
[Gen   1 | FE= 108/ 300] p_err=0.154 | 指标=SDE    | score=2(极优) | Pw=[SDE=0.333 I+=0.333 MD=0.333] | Lp=2.40 | n_eval=8
[Gen   2 | FE= 116/ 300] p_err=0.189 | 指标=I_eps+ | score=2(极优) | Pw=[SDE=0.333 I+=0.333 MD=0.333] | Lp=3.10 | n_eval=8
[Gen   2 | FE= 116/ 300] p_err=0.179 | 指标=I_eps+ | score=2(极优) | Pw=[SDE=0.333 I+=0.333 MD=0.333] | Lp=2.40 | n_eval=8
[Gen   2 | FE= 116/ 300] p_err=0.153 | 指标=I_eps+ | score=2(极优) | Pw=[SDE=0.333 I+=0.333 MD=0.333] | Lp=3.10 | n_eval=8
[Gen   2 | FE= 116/ 300] p_err=0.234 | 指标=SDE    | score=2(极优) | Pw=[SDE=0.333 I+=0.333 MD=0.333] | Lp=2.40 | n_eval=8
[Gen   2 | FE= 116/ 300] p_err=0.301 | 指标=MD     | score=2(极优) | Pw=[SDE=0.333 I+=0.333 MD=0.333] | Lp=2.40 | n_eval=8
[Gen   2 | FE= 116/ 300] p_err=0.156 | 指标=I_eps+ | score=1(中  ) | Pw=[SDE=0.336 I+=0.327 MD=0.336] | Lp=2.00 | n_eval=8
[Gen   2 | FE= 116/ 300] p_err=0.161 | 指标=I_eps+ | score=2(极优) | Pw=[SDE=0.333 I+=0.333 MD=0.333] | Lp=2.40 | n_eval=8
[Gen   3 | FE= 124/ 300] p_err=0.187 | 指标=MD     | score=2(极优) | Pw=[SDE=0.333 I+=0.333 MD=0.333] | Lp=2.40 | n_eval=8
[Gen   3 | FE= 124/ 300] p_err=0.226 | 指标=MD     | score=2(极优) | Pw=[SDE=0.333 I+=0.333 MD=0.333] | Lp=2.40 | n_eval=8
[Gen   3 | FE= 124/ 300] p_err=0.164 | 指标=MD     | score=2(极优) | Pw=[SDE=0.333 I+=0.333 MD=0.333] | Lp=2.40 | n_eval=8
[Gen   3 | FE= 124/ 300] p_err=0.250 | 指标=MD     | score=2(极优) | Pw=[SDE=0.333 I+=0.333 MD=0.333] | Lp=2.40 | n_eval=8
[Gen   3 | FE= 124/ 300] p_err=0.175 | 指标=I_eps+ | score=2(极优) | Pw=[SDE=0.333 I+=0.333 MD=0.333] | Lp=3.10 | n_eval=8
[Gen   3 | FE= 124/ 300] p_err=0.271 | 指标=MD     | score=2(极优) | Pw=[SDE=0.336 I+=0.327 MD=0.336] | Lp=2.00 | n_eval=8
[Gen   3 | FE= 124/ 300] p_err=0.112 | 指标=I_eps+ | score=1(中  ) | Pw=[SDE=0.336 I+=0.327 MD=0.336] | Lp=4.20 | n_eval=8
[Gen   4 | FE= 132/ 300] p_err=0.288 | 指标=SDE    | score=2(极优) | Pw=[SDE=0.333 I+=0.333 MD=0.333] | Lp=3.10 | n_eval=8
[Gen   4 | FE= 132/ 300] p_err=0.118 | 指标=I_eps+ | score=2(极优) | Pw=[SDE=0.333 I+=0.333 MD=0.333] | Lp=2.40 | n_eval=8
[Gen   4 | FE= 132/ 300] p_err=0.146 | 指标=I_eps+ | score=2(极优) | Pw=[SDE=0.333 I+=0.333 MD=0.333] | Lp=3.10 | n_eval=8
[Gen   4 | FE= 132/ 300] p_err=0.140 | 指标=SDE    | score=2(极优) | Pw=[SDE=0.333 I+=0.333 MD=0.333] | Lp=3.10 | n_eval=8
[Gen   4 | FE= 132/ 300] p_err=0.146 | 指标=I_eps+ | score=2(极优) | Pw=[SDE=0.333 I+=0.333 MD=0.333] | Lp=3.10 | n_eval=8
[Gen   4 | FE= 132/ 300] p_err=0.183 | 指标=SDE    | score=2(极优) | Pw=[SDE=0.337 I+=0.327 MD=0.337] | Lp=4.20 | n_eval=8
[Gen   4 | FE= 132/ 300] p_err=0.163 | 指标=I_eps+ | score=2(极优) | Pw=[SDE=0.336 I+=0.327 MD=0.336] | Lp=4.20 | n_eval=8
[Gen   5 | FE= 140/ 300] p_err=0.181 | 指标=I_eps+ | score=2(极优) | Pw=[SDE=0.333 I+=0.333 MD=0.333] | Lp=3.10 | n_eval=8
[Gen   5 | FE= 140/ 300] p_err=0.177 | 指标=I_eps+ | score=2(极优) | Pw=[SDE=0.333 I+=0.333 MD=0.333] | Lp=3.10 | n_eval=8
[Gen   5 | FE= 140/ 300] p_err=0.184 | 指标=I_eps+ | score=2(极优) | Pw=[SDE=0.333 I+=0.333 MD=0.333] | Lp=3.10 | n_eval=8
[Gen   5 | FE= 140/ 300] p_err=0.189 | 指标=SDE    | score=1(中  ) | Pw=[SDE=0.327 I+=0.337 MD=0.337] | Lp=3.10 | n_eval=8
[Gen   5 | FE= 140/ 300] p_err=0.129 | 指标=SDE    | score=2(极优) | Pw=[SDE=0.333 I+=0.333 MD=0.333] | Lp=3.10 | n_eval=8
[Gen   5 | FE= 140/ 300] p_err=0.176 | 指标=MD     | score=2(极优) | Pw=[SDE=0.337 I+=0.326 MD=0.337] | Lp=4.20 | n_eval=8
[Gen   5 | FE= 140/ 300] p_err=0.218 | 指标=MD     | score=2(极优) | Pw=[SDE=0.336 I+=0.327 MD=0.336] | Lp=4.20 | n_eval=8
[Gen   6 | FE= 148/ 300] p_err=0.243 | 指标=SDE    | score=2(极优) | Pw=[SDE=0.333 I+=0.333 MD=0.333] | Lp=3.10 | n_eval=8
[Gen   6 | FE= 148/ 300] p_err=0.182 | 指标=SDE    | score=2(极优) | Pw=[SDE=0.333 I+=0.333 MD=0.333] | Lp=3.10 | n_eval=8
[Gen   6 | FE= 148/ 300] p_err=0.157 | 指标=MD     | score=2(极优) | Pw=[SDE=0.326 I+=0.337 MD=0.337] | Lp=2.40 | n_eval=8
[Gen   6 | FE= 148/ 300] p_err=0.159 | 指标=SDE    | score=1(中  ) | Pw=[SDE=0.327 I+=0.337 MD=0.337] | Lp=4.20 | n_eval=8
[Gen   6 | FE= 148/ 300] p_err=0.168 | 指标=I_eps+ | score=2(极优) | Pw=[SDE=0.333 I+=0.333 MD=0.333] | Lp=3.10 | n_eval=8
[Gen   6 | FE= 148/ 300] p_err=0.130 | 指标=I_eps+ | score=2(极优) | Pw=[SDE=0.337 I+=0.326 MD=0.337] | Lp=3.10 | n_eval=8
[Gen   6 | FE= 148/ 300] p_err=0.199 | 指标=MD     | score=2(极优) | Pw=[SDE=0.337 I+=0.327 MD=0.337] | Lp=2.40 | n_eval=8
[Gen   7 | FE= 156/ 300] p_err=0.196 | 指标=MD     | score=2(极优) | Pw=[SDE=0.333 I+=0.333 MD=0.333] | Lp=2.40 | n_eval=8
[Gen   7 | FE= 156/ 300] p_err=0.197 | 指标=MD     | score=2(极优) | Pw=[SDE=0.326 I+=0.337 MD=0.337] | Lp=4.20 | n_eval=8
[Gen   7 | FE= 156/ 300] p_err=0.267 | 指标=MD     | score=2(极优) | Pw=[SDE=0.326 I+=0.337 MD=0.337] | Lp=4.20 | n_eval=8
[Gen   7 | FE= 156/ 300] p_err=0.195 | 指标=I_eps+ | score=2(极优) | Pw=[SDE=0.333 I+=0.333 MD=0.333] | Lp=2.40 | n_eval=8
[Gen   7 | FE= 156/ 300] p_err=0.204 | 指标=MD     | score=2(极优) | Pw=[SDE=0.333 I+=0.333 MD=0.333] | Lp=3.10 | n_eval=8
[Gen   7 | FE= 156/ 300] p_err=0.136 | 指标=I_eps+ | score=2(极优) | Pw=[SDE=0.337 I+=0.326 MD=0.337] | Lp=3.10 | n_eval=8
[Gen   7 | FE= 156/ 300] p_err=0.137 | 指标=I_eps+ | score=2(极优) | Pw=[SDE=0.337 I+=0.327 MD=0.337] | Lp=4.20 | n_eval=8
[Gen   8 | FE= 164/ 300] p_err=0.196 | 指标=I_eps+ | score=2(极优) | Pw=[SDE=0.333 I+=0.333 MD=0.333] | Lp=2.00 | n_eval=8
[Gen   8 | FE= 164/ 300] p_err=0.157 | 指标=MD     | score=1(中  ) | Pw=[SDE=0.330 I+=0.341 MD=0.330] | Lp=4.20 | n_eval=8
[Gen   8 | FE= 164/ 300] p_err=0.157 | 指标=I_eps+ | score=2(极优) | Pw=[SDE=0.325 I+=0.337 MD=0.337] | Lp=3.10 | n_eval=8
[Gen   8 | FE= 164/ 300] p_err=0.211 | 指标=MD     | score=2(极优) | Pw=[SDE=0.333 I+=0.333 MD=0.333] | Lp=2.40 | n_eval=8
[Gen   8 | FE= 164/ 300] p_err=0.167 | 指标=I_eps+ | score=2(极优) | Pw=[SDE=0.333 I+=0.333 MD=0.333] | Lp=3.10 | n_eval=8
[Gen   8 | FE= 164/ 300] p_err=0.169 | 指标=I_eps+ | score=2(极优) | Pw=[SDE=0.337 I+=0.326 MD=0.337] | Lp=2.40 | n_eval=8
[Gen   8 | FE= 164/ 300] p_err=0.181 | 指标=MD     | score=2(极优) | Pw=[SDE=0.337 I+=0.326 MD=0.337] | Lp=4.20 | n_eval=8
[Gen   9 | FE= 172/ 300] p_err=0.246 | 指标=I_eps+ | score=2(极优) | Pw=[SDE=0.333 I+=0.333 MD=0.333] | Lp=2.00 | n_eval=8
[Gen   9 | FE= 172/ 300] p_err=0.164 | 指标=I_eps+ | score=2(极优) | Pw=[SDE=0.329 I+=0.341 MD=0.329] | Lp=4.20 | n_eval=8
[Gen   9 | FE= 172/ 300] p_err=0.131 | 指标=I_eps+ | score=2(极优) | Pw=[SDE=0.325 I+=0.338 MD=0.338] | Lp=4.20 | n_eval=8
[Gen   9 | FE= 172/ 300] p_err=0.179 | 指标=I_eps+ | score=2(极优) | Pw=[SDE=0.333 I+=0.333 MD=0.333] | Lp=2.40 | n_eval=8
[Gen   9 | FE= 172/ 300] p_err=0.220 | 指标=I_eps+ | score=2(极优) | Pw=[SDE=0.333 I+=0.333 MD=0.333] | Lp=3.10 | n_eval=8
[Gen   9 | FE= 172/ 300] p_err=0.295 | 指标=SDE    | score=2(极优) | Pw=[SDE=0.337 I+=0.326 MD=0.337] | Lp=2.40 | n_eval=8
[Gen   9 | FE= 172/ 300] p_err=0.191 | 指标=I_eps+ | score=2(极优) | Pw=[SDE=0.337 I+=0.326 MD=0.337] | Lp=4.20 | n_eval=8
[Gen  10 | FE= 180/ 300] p_err=0.212 | 指标=I_eps+ | score=2(极优) | Pw=[SDE=0.333 I+=0.333 MD=0.333] | Lp=2.00 | n_eval=8
[Gen  10 | FE= 180/ 300] p_err=0.166 | 指标=MD     | score=2(极优) | Pw=[SDE=0.329 I+=0.342 MD=0.330] | Lp=4.20 | n_eval=8
[Gen  10 | FE= 180/ 300] p_err=0.138 | 指标=SDE    | score=2(极优) | Pw=[SDE=0.325 I+=0.338 MD=0.338] | Lp=6.50 | n_eval=8
[Gen  10 | FE= 180/ 300] p_err=0.238 | 指标=SDE    | score=2(极优) | Pw=[SDE=0.333 I+=0.333 MD=0.333] | Lp=2.00 | n_eval=8
[Gen  10 | FE= 180/ 300] p_err=0.214 | 指标=I_eps+ | score=2(极优) | Pw=[SDE=0.337 I+=0.326 MD=0.337] | Lp=3.10 | n_eval=8
[Gen  10 | FE= 180/ 300] p_err=0.146 | 指标=SDE    | score=2(极优) | Pw=[SDE=0.333 I+=0.333 MD=0.333] | Lp=2.40 | n_eval=8
[Gen  10 | FE= 180/ 300] p_err=0.205 | 指标=SDE    | score=2(极优) | Pw=[SDE=0.337 I+=0.326 MD=0.337] | Lp=4.20 | n_eval=8
[Gen  11 | FE= 188/ 300] p_err=0.223 | 指标=I_eps+ | score=2(极优) | Pw=[SDE=0.333 I+=0.333 MD=0.333] | Lp=2.40 | n_eval=8
[Gen  11 | FE= 188/ 300] p_err=0.144 | 指标=I_eps+ | score=2(极优) | Pw=[SDE=0.328 I+=0.342 MD=0.329] | Lp=4.20 | n_eval=8
[Gen  11 | FE= 188/ 300] p_err=0.178 | 指标=MD     | score=2(极优) | Pw=[SDE=0.333 I+=0.333 MD=0.333] | Lp=2.00 | n_eval=8
[Gen  11 | FE= 188/ 300] p_err=0.140 | 指标=SDE    | score=2(极优) | Pw=[SDE=0.325 I+=0.338 MD=0.338] | Lp=4.20 | n_eval=8
[Gen  11 | FE= 188/ 300] p_err=0.192 | 指标=MD     | score=2(极优) | Pw=[SDE=0.337 I+=0.325 MD=0.337] | Lp=2.40 | n_eval=8
[Gen  11 | FE= 188/ 300] p_err=0.131 | 指标=MD     | score=2(极优) | Pw=[SDE=0.333 I+=0.333 MD=0.333] | Lp=3.10 | n_eval=8
[Gen  11 | FE= 188/ 300] p_err=0.189 | 指标=SDE    | score=2(极优) | Pw=[SDE=0.337 I+=0.325 MD=0.337] | Lp=4.20 | n_eval=8
[Gen  12 | FE= 196/ 300] p_err=0.292 | 指标=SDE    | score=2(极优) | Pw=[SDE=0.333 I+=0.333 MD=0.333] | Lp=2.00 | n_eval=8
[Gen  12 | FE= 196/ 300] p_err=0.181 | 指标=MD     | score=2(极优) | Pw=[SDE=0.333 I+=0.333 MD=0.333] | Lp=2.40 | n_eval=8
[Gen  12 | FE= 196/ 300] p_err=0.176 | 指标=SDE    | score=1(中  ) | Pw=[SDE=0.319 I+=0.348 MD=0.333] | Lp=3.10 | n_eval=8
[Gen  12 | FE= 196/ 300] p_err=0.145 | 指标=MD     | score=2(极优) | Pw=[SDE=0.324 I+=0.338 MD=0.338] | Lp=3.10 | n_eval=8
[Gen  12 | FE= 196/ 300] p_err=0.163 | 指标=MD     | score=2(极优) | Pw=[SDE=0.338 I+=0.325 MD=0.338] | Lp=2.40 | n_eval=8
[Gen  12 | FE= 196/ 300] p_err=0.214 | 指标=I_eps+ | score=2(极优) | Pw=[SDE=0.333 I+=0.333 MD=0.333] | Lp=2.40 | n_eval=8
[Gen  12 | FE= 196/ 300] p_err=0.291 | 指标=SDE    | score=2(极优) | Pw=[SDE=0.338 I+=0.325 MD=0.338] | Lp=4.20 | n_eval=8
[Gen  13 | FE= 204/ 300] p_err=0.152 | 指标=MD     | score=2(极优) | Pw=[SDE=0.333 I+=0.333 MD=0.333] | Lp=2.00 | n_eval=8
[Gen  13 | FE= 204/ 300] p_err=0.239 | 指标=MD     | score=1(中  ) | Pw=[SDE=0.338 I+=0.338 MD=0.324] | Lp=4.20 | n_eval=8
[Gen  13 | FE= 204/ 300] p_err=0.211 | 指标=I_eps+ | score=2(极优) | Pw=[SDE=0.323 I+=0.338 MD=0.338] | Lp=4.20 | n_eval=8
[Gen  13 | FE= 204/ 300] p_err=0.227 | 指标=I_eps+ | score=2(极优) | Pw=[SDE=0.317 I+=0.349 MD=0.333] | Lp=3.10 | n_eval=8
[Gen  13 | FE= 204/ 300] p_err=0.226 | 指标=I_eps+ | score=2(极优) | Pw=[SDE=0.338 I+=0.325 MD=0.338] | Lp=6.50 | n_eval=8
[Gen  13 | FE= 204/ 300] p_err=0.170 | 指标=SDE    | score=2(极优) | Pw=[SDE=0.333 I+=0.333 MD=0.333] | Lp=3.10 | n_eval=8
[Gen  14 | FE= 212/ 300] p_err=0.300 | 指标=SDE    | score=2(极优) | Pw=[SDE=0.333 I+=0.333 MD=0.333] | Lp=2.40 | n_eval=8
[Gen  13 | FE= 204/ 300] p_err=0.203 | 指标=I_eps+ | score=2(极优) | Pw=[SDE=0.338 I+=0.325 MD=0.338] | Lp=4.20 | n_eval=8
[Gen  14 | FE= 212/ 300] p_err=0.213 | 指标=SDE    | score=2(极优) | Pw=[SDE=0.323 I+=0.338 MD=0.338] | Lp=2.40 | n_eval=8
[Gen  14 | FE= 212/ 300] p_err=0.173 | 指标=I_eps+ | score=2(极优) | Pw=[SDE=0.338 I+=0.338 MD=0.323] | Lp=2.40 | n_eval=8
[Gen  14 | FE= 212/ 300] p_err=0.197 | 指标=I_eps+ | score=2(极优) | Pw=[SDE=0.316 I+=0.351 MD=0.333] | Lp=4.20 | n_eval=8
[Gen  14 | FE= 212/ 300] p_err=0.183 | 指标=MD     | score=2(极优) | Pw=[SDE=0.338 I+=0.324 MD=0.338] | Lp=6.50 | n_eval=8
[Gen  14 | FE= 212/ 300] p_err=0.261 | 指标=SDE    | score=2(极优) | Pw=[SDE=0.333 I+=0.333 MD=0.333] | Lp=3.10 | n_eval=8
[Gen  15 | FE= 220/ 300] p_err=0.127 | 指标=MD     | score=2(极优) | Pw=[SDE=0.333 I+=0.333 MD=0.333] | Lp=2.40 | n_eval=8
[Gen  14 | FE= 212/ 300] p_err=0.307 | 指标=SDE    | score=2(极优) | Pw=[SDE=0.338 I+=0.324 MD=0.338] | Lp=4.20 | n_eval=8
[Gen  15 | FE= 220/ 300] p_err=0.224 | 指标=SDE    | score=2(极优) | Pw=[SDE=0.323 I+=0.338 MD=0.338] | Lp=2.40 | n_eval=8
[Gen  15 | FE= 220/ 300] p_err=0.208 | 指标=I_eps+ | score=2(极优) | Pw=[SDE=0.339 I+=0.339 MD=0.322] | Lp=4.20 | n_eval=8
[Gen  15 | FE= 220/ 300] p_err=0.104 | 指标=MD     | score=2(极优) | Pw=[SDE=0.313 I+=0.352 MD=0.335] | Lp=3.10 | n_eval=8
[Gen  15 | FE= 220/ 300] p_err=0.247 | 指标=SDE    | score=2(极优) | Pw=[SDE=0.338 I+=0.323 MD=0.338] | Lp=6.50 | n_eval=8
[Gen  15 | FE= 220/ 300] p_err=0.128 | 指标=MD     | score=2(极优) | Pw=[SDE=0.333 I+=0.333 MD=0.333] | Lp=3.10 | n_eval=8
[Gen  16 | FE= 228/ 300] p_err=0.240 | 指标=I_eps+ | score=2(极优) | Pw=[SDE=0.333 I+=0.333 MD=0.333] | Lp=2.40 | n_eval=8
[Gen  15 | FE= 220/ 300] p_err=0.347 | 指标=I_eps+ | score=2(极优) | Pw=[SDE=0.338 I+=0.324 MD=0.338] | Lp=4.20 | n_eval=8
[Gen  16 | FE= 228/ 300] p_err=0.133 | 指标=MD     | score=2(极优) | Pw=[SDE=0.322 I+=0.339 MD=0.339] | Lp=6.50 | n_eval=8
[Gen  16 | FE= 228/ 300] p_err=0.142 | 指标=MD     | score=2(极优) | Pw=[SDE=0.339 I+=0.339 MD=0.322] | Lp=2.40 | n_eval=8
[Gen  16 | FE= 228/ 300] p_err=0.226 | 指标=I_eps+ | score=2(极优) | Pw=[SDE=0.310 I+=0.355 MD=0.335] | Lp=3.10 | n_eval=8
[Gen  16 | FE= 228/ 300] p_err=0.270 | 指标=SDE    | score=2(极优) | Pw=[SDE=0.339 I+=0.322 MD=0.339] | Lp=6.50 | n_eval=8
[Gen  16 | FE= 228/ 300] p_err=0.290 | 指标=SDE    | score=2(极优) | Pw=[SDE=0.333 I+=0.333 MD=0.333] | Lp=3.10 | n_eval=8
[Gen  16 | FE= 228/ 300] p_err=0.157 | 指标=MD     | score=2(极优) | Pw=[SDE=0.338 I+=0.323 MD=0.338] | Lp=2.40 | n_eval=8
[Gen  17 | FE= 236/ 300] p_err=0.167 | 指标=I_eps+ | score=2(极优) | Pw=[SDE=0.333 I+=0.333 MD=0.333] | Lp=2.40 | n_eval=8
[Gen  17 | FE= 236/ 300] p_err=0.371 | 指标=SDE    | score=2(极优) | Pw=[SDE=0.322 I+=0.339 MD=0.339] | Lp=3.10 | n_eval=8
[Gen  17 | FE= 236/ 300] p_err=0.235 | 指标=SDE    | score=2(极优) | Pw=[SDE=0.340 I+=0.340 MD=0.321] | Lp=2.40 | n_eval=8
[Gen  17 | FE= 236/ 300] p_err=0.071 | 指标=MD     | score=2(极优) | Pw=[SDE=0.306 I+=0.357 MD=0.337] | Lp=3.10 | n_eval=8
[Gen  17 | FE= 236/ 300] p_err=0.135 | 指标=MD     | score=2(极优) | Pw=[SDE=0.340 I+=0.321 MD=0.340] | Lp=3.10 | n_eval=8
[Gen  17 | FE= 236/ 300] p_err=0.269 | 指标=I_eps+ | score=2(极优) | Pw=[SDE=0.333 I+=0.333 MD=0.333] | Lp=3.10 | n_eval=8
[Gen  17 | FE= 236/ 300] p_err=0.181 | 指标=MD     | score=2(极优) | Pw=[SDE=0.339 I+=0.322 MD=0.339] | Lp=2.40 | n_eval=8
[Gen  18 | FE= 244/ 300] p_err=0.109 | 指标=MD     | score=2(极优) | Pw=[SDE=0.333 I+=0.333 MD=0.333] | Lp=3.10 | n_eval=8
[Gen  18 | FE= 244/ 300] p_err=0.129 | 指标=MD     | score=2(极优) | Pw=[SDE=0.321 I+=0.340 MD=0.340] | Lp=4.20 | n_eval=8
[Gen  18 | FE= 244/ 300] p_err=0.162 | 指标=MD     | score=1(中  ) | Pw=[SDE=0.346 I+=0.346 MD=0.308] | Lp=2.40 | n_eval=8
[Gen  18 | FE= 244/ 300] p_err=0.226 | 指标=SDE    | score=2(极优) | Pw=[SDE=0.307 I+=0.358 MD=0.335] | Lp=3.10 | n_eval=8
[Gen  18 | FE= 244/ 300] p_err=0.127 | 指标=MD     | score=1(中  ) | Pw=[SDE=0.347 I+=0.325 MD=0.328] | Lp=2.40 | n_eval=8
[Gen  18 | FE= 244/ 300] p_err=0.358 | 指标=SDE    | score=2(极优) | Pw=[SDE=0.333 I+=0.333 MD=0.333] | Lp=2.40 | n_eval=8
[Gen  18 | FE= 244/ 300] p_err=0.183 | 指标=MD     | score=2(极优) | Pw=[SDE=0.340 I+=0.321 MD=0.340] | Lp=4.20 | n_eval=8
[Gen  19 | FE= 252/ 300] p_err=0.259 | 指标=I_eps+ | score=2(极优) | Pw=[SDE=0.319 I+=0.340 MD=0.340] | Lp=6.50 | n_eval=8
[Gen  19 | FE= 252/ 300] p_err=0.172 | 指标=I_eps+ | score=2(极优) | Pw=[SDE=0.333 I+=0.333 MD=0.333] | Lp=3.10 | n_eval=8
[Gen  19 | FE= 252/ 300] p_err=0.249 | 指标=SDE    | score=2(极优) | Pw=[SDE=0.348 I+=0.348 MD=0.304] | Lp=3.10 | n_eval=8
[Gen  19 | FE= 252/ 300] p_err=0.246 | 指标=SDE    | score=2(极优) | Pw=[SDE=0.308 I+=0.359 MD=0.333] | Lp=3.10 | n_eval=8
[Gen  19 | FE= 252/ 300] p_err=0.106 | 指标=MD     | score=2(极优) | Pw=[SDE=0.348 I+=0.323 MD=0.329] | Lp=2.40 | n_eval=8
[Gen  19 | FE= 252/ 300] p_err=0.280 | 指标=SDE    | score=2(极优) | Pw=[SDE=0.333 I+=0.333 MD=0.333] | Lp=2.40 | n_eval=8
[Gen  20 | FE= 260/ 300] p_err=0.203 | 指标=MD     | score=2(极优) | Pw=[SDE=0.317 I+=0.341 MD=0.341] | Lp=6.50 | n_eval=8
[Gen  19 | FE= 252/ 300] p_err=0.205 | 指标=SDE    | score=2(极优) | Pw=[SDE=0.340 I+=0.319 MD=0.340] | Lp=4.20 | n_eval=8
[Gen  20 | FE= 260/ 300] p_err=0.297 | 指标=SDE    | score=2(极优) | Pw=[SDE=0.333 I+=0.333 MD=0.333] | Lp=2.00 | n_eval=8
[Gen  20 | FE= 260/ 300] p_err=0.232 | 指标=SDE    | score=2(极优) | Pw=[SDE=0.350 I+=0.350 MD=0.300] | Lp=3.10 | n_eval=8
[Gen  20 | FE= 260/ 300] p_err=0.245 | 指标=SDE    | score=2(极优) | Pw=[SDE=0.309 I+=0.361 MD=0.330] | Lp=2.40 | n_eval=8
[Gen  20 | FE= 260/ 300] p_err=0.332 | 指标=I_eps+ | score=2(极优) | Pw=[SDE=0.349 I+=0.324 MD=0.327] | Lp=2.40 | n_eval=8
[Gen  20 | FE= 260/ 300] p_err=0.251 | 指标=I_eps+ | score=2(极优) | Pw=[SDE=0.333 I+=0.333 MD=0.333] | Lp=2.40 | n_eval=8
[Gen  21 | FE= 268/ 300] p_err=0.277 | 指标=I_eps+ | score=2(极优) | Pw=[SDE=0.314 I+=0.343 MD=0.343] | Lp=6.50 | n_eval=8
[Gen  20 | FE= 260/ 300] p_err=0.175 | 指标=MD     | score=1(中  ) | Pw=[SDE=0.350 I+=0.325 MD=0.325] | Lp=4.20 | n_eval=8
[Gen  21 | FE= 268/ 300] p_err=0.290 | 指标=I_eps+ | score=2(极优) | Pw=[SDE=0.333 I+=0.333 MD=0.333] | Lp=2.00 | n_eval=8
[Gen  21 | FE= 268/ 300] p_err=0.144 | 指标=MD     | score=1(中  ) | Pw=[SDE=0.356 I+=0.356 MD=0.289] | Lp=3.10 | n_eval=8
[Gen  21 | FE= 268/ 300] p_err=0.282 | 指标=I_eps+ | score=2(极优) | Pw=[SDE=0.309 I+=0.361 MD=0.330] | Lp=3.10 | n_eval=8
[Gen  21 | FE= 268/ 300] p_err=0.231 | 指标=I_eps+ | score=2(极优) | Pw=[SDE=0.348 I+=0.326 MD=0.326] | Lp=2.40 | n_eval=8
[Gen  21 | FE= 268/ 300] p_err=0.409 | 指标=SDE    | score=2(极优) | Pw=[SDE=0.333 I+=0.333 MD=0.333] | Lp=3.10 | n_eval=8
[Gen  22 | FE= 276/ 300] p_err=0.136 | 指标=MD     | score=1(中  ) | Pw=[SDE=0.321 I+=0.350 MD=0.328] | Lp=6.50 | n_eval=8
[Gen  21 | FE= 268/ 300] p_err=0.148 | 指标=I_eps+ | score=2(极优) | Pw=[SDE=0.349 I+=0.327 MD=0.324] | Lp=4.20 | n_eval=8
[Gen  22 | FE= 276/ 300] p_err=0.116 | 指标=MD     | score=2(极优) | Pw=[SDE=0.333 I+=0.333 MD=0.333] | Lp=2.00 | n_eval=8
[Gen  22 | FE= 276/ 300] p_err=0.140 | 指标=MD     | score=1(中  ) | Pw=[SDE=0.360 I+=0.360 MD=0.280] | Lp=3.10 | n_eval=8
[Gen  22 | FE= 276/ 300] p_err=0.419 | 指标=SDE    | score=2(极优) | Pw=[SDE=0.340 I+=0.340 MD=0.319] | Lp=1.60 | n_eval=8
[Gen  22 | FE= 276/ 300] p_err=0.215 | 指标=I_eps+ | score=2(极优) | Pw=[SDE=0.303 I+=0.364 MD=0.333] | Lp=2.00 | n_eval=8
[Gen  22 | FE= 276/ 300] p_err=0.130 | 指标=MD     | score=2(极优) | Pw=[SDE=0.333 I+=0.333 MD=0.333] | Lp=2.40 | n_eval=8
[Gen  23 | FE= 284/ 300] p_err=0.171 | 指标=I_eps+ | score=2(极优) | Pw=[SDE=0.322 I+=0.351 MD=0.326] | Lp=6.50 | n_eval=8
[Gen  22 | FE= 276/ 300] p_err=0.202 | 指标=SDE    | score=2(极优) | Pw=[SDE=0.350 I+=0.325 MD=0.325] | Lp=3.10 | n_eval=8
[Gen  23 | FE= 284/ 300] p_err=0.405 | 指标=SDE    | score=2(极优) | Pw=[SDE=0.333 I+=0.333 MD=0.333] | Lp=2.00 | n_eval=8
[Gen  23 | FE= 284/ 300] p_err=0.148 | 指标=MD     | score=1(中  ) | Pw=[SDE=0.367 I+=0.367 MD=0.265] | Lp=3.10 | n_eval=8
[Gen  23 | FE= 284/ 300] p_err=0.386 | 指标=SDE    | score=2(极优) | Pw=[SDE=0.341 I+=0.341 MD=0.317] | Lp=1.60 | n_eval=8
[Gen  23 | FE= 284/ 300] p_err=0.105 | 指标=MD     | score=1(中  ) | Pw=[SDE=0.312 I+=0.375 MD=0.312] | Lp=3.10 | n_eval=8
[Gen  23 | FE= 284/ 300] p_err=0.287 | 指标=SDE    | score=2(极优) | Pw=[SDE=0.333 I+=0.333 MD=0.333] | Lp=2.40 | n_eval=8
[Gen  24 | FE= 292/ 300] p_err=0.201 | 指标=I_eps+ | score=2(极优) | Pw=[SDE=0.322 I+=0.351 MD=0.326] | Lp=6.50 | n_eval=8
[Gen  23 | FE= 284/ 300] p_err=0.142 | 指标=MD     | score=2(极优) | Pw=[SDE=0.340 I+=0.340 MD=0.319] | Lp=2.40 | n_eval=8
[Gen  24 | FE= 292/ 300] p_err=0.054 | 指标=MD     | score=2(极优) | Pw=[SDE=0.333 I+=0.333 MD=0.333] | Lp=2.40 | n_eval=8
[Gen  24 | FE= 292/ 300] p_err=0.205 | 指标=SDE    | score=1(中  ) | Pw=[SDE=0.347 I+=0.379 MD=0.274] | Lp=3.10 | n_eval=8
[Gen  24 | FE= 292/ 300] p_err=0.196 | 指标=I_eps+ | score=2(极优) | Pw=[SDE=0.341 I+=0.341 MD=0.317] | Lp=3.10 | n_eval=8
[Gen  24 | FE= 292/ 300] p_err=0.297 | 指标=I_eps+ | score=2(极优) | Pw=[SDE=0.304 I+=0.380 MD=0.316] | Lp=3.10 | n_eval=8
[Gen  24 | FE= 292/ 300] p_err=0.108 | 指标=MD     | score=2(极优) | Pw=[SDE=0.333 I+=0.333 MD=0.333] | Lp=2.00 | n_eval=8
[Gen  25 | FE= 300/ 300] p_err=0.121 | 指标=MD     | score=1(中  ) | Pw=[SDE=0.348 I+=0.348 MD=0.304] | Lp=4.20 | n_eval=8
[Gen  24 | FE= 292/ 300] p_err=0.218 | 指标=SDE    | score=2(极优) | Pw=[SDE=0.340 I+=0.340 MD=0.319] | Lp=2.00 | n_eval=8
[Gen  25 | FE= 300/ 300] p_err=0.209 | 指标=I_eps+ | score=2(极优) | Pw=[SDE=0.333 I+=0.333 MD=0.333] | Lp=2.00 | n_eval=8
[Gen  25 | FE= 300/ 300] p_err=0.171 | 指标=SDE    | score=2(极优) | Pw=[SDE=0.350 I+=0.377 MD=0.272] | Lp=2.40 | n_eval=8
[Gen  25 | FE= 300/ 300] p_err=0.217 | 指标=I_eps+ | score=2(极优) | Pw=[SDE=0.343 I+=0.343 MD=0.314] | Lp=1.60 | n_eval=8
[Gen  25 | FE= 300/ 300] p_err=0.260 | 指标=I_eps+ | score=2(极优) | Pw=[SDE=0.304 I+=0.380 MD=0.316] | Lp=3.10 | n_eval=8
[Gen  25 | FE= 300/ 300] p_err=0.382 | 指标=SDE    | score=2(极优) | Pw=[SDE=0.333 I+=0.333 MD=0.333] | Lp=3.10 | n_eval=8
[Gen  25 | FE= 300/ 300] p_err=0.207 | 指标=I_eps+ | score=2(极优) | Pw=[SDE=0.341 I+=0.341 MD=0.317] | Lp=2.40 | n_eval=8
[Gen   1 | FE= 108/ 300] p_err=0.312 | 指标=MD     | score=2(极优) | Pw=[SDE=0.333 I+=0.333 MD=0.333] | Lp=3.10 | n_eval=8
[Gen   1 | FE= 108/ 300] p_err=0.220 | 指标=MD     | score=2(极优) | Pw=[SDE=0.333 I+=0.333 MD=0.333] | Lp=3.10 | n_eval=8
[Gen   1 | FE= 108/ 300] p_err=0.198 | 指标=I_eps+ | score=2(极优) | Pw=[SDE=0.333 I+=0.333 MD=0.333] | Lp=2.40 | n_eval=8
[Gen   1 | FE= 108/ 300] p_err=0.199 | 指标=SDE    | score=2(极优) | Pw=[SDE=0.333 I+=0.333 MD=0.333] | Lp=4.20 | n_eval=8
[Gen   1 | FE= 108/ 300] p_err=0.164 | 指标=I_eps+ | score=2(极优) | Pw=[SDE=0.333 I+=0.333 MD=0.333] | Lp=4.20 | n_eval=8
[Gen   1 | FE= 108/ 300] p_err=0.225 | 指标=MD     | score=2(极优) | Pw=[SDE=0.333 I+=0.333 MD=0.333] | Lp=3.10 | n_eval=8
[Gen   1 | FE= 108/ 300] p_err=0.201 | 指标=MD     | score=1(中  ) | Pw=[SDE=0.336 I+=0.336 MD=0.328] | Lp=2.00 | n_eval=8
[Gen   1 | FE= 108/ 300] p_err=0.262 | 指标=MD     | score=2(极优) | Pw=[SDE=0.333 I+=0.333 MD=0.333] | Lp=3.10 | n_eval=8
[Gen   2 | FE= 116/ 300] p_err=0.226 | 指标=MD     | score=1(中  ) | Pw=[SDE=0.336 I+=0.336 MD=0.328] | Lp=4.20 | n_eval=8
[Gen   2 | FE= 116/ 300] p_err=0.152 | 指标=I_eps+ | score=2(极优) | Pw=[SDE=0.333 I+=0.333 MD=0.333] | Lp=2.00 | n_eval=8
[Gen   2 | FE= 116/ 300] p_err=0.179 | 指标=MD     | score=2(极优) | Pw=[SDE=0.333 I+=0.333 MD=0.333] | Lp=3.10 | n_eval=8
[Gen   2 | FE= 116/ 300] p_err=0.144 | 指标=I_eps+ | score=2(极优) | Pw=[SDE=0.333 I+=0.333 MD=0.333] | Lp=3.10 | n_eval=8
[Gen   2 | FE= 116/ 300] p_err=0.198 | 指标=SDE    | score=2(极优) | Pw=[SDE=0.333 I+=0.333 MD=0.333] | Lp=4.20 | n_eval=8
[Gen   2 | FE= 116/ 300] p_err=0.143 | 指标=SDE    | score=2(极优) | Pw=[SDE=0.333 I+=0.333 MD=0.333] | Lp=3.10 | n_eval=8
[Gen   2 | FE= 116/ 300] p_err=0.157 | 指标=I_eps+ | score=2(极优) | Pw=[SDE=0.333 I+=0.333 MD=0.333] | Lp=2.40 | n_eval=8
[Gen   2 | FE= 116/ 300] p_err=0.135 | 指标=SDE    | score=2(极优) | Pw=[SDE=0.336 I+=0.336 MD=0.327] | Lp=2.00 | n_eval=8
[Gen   3 | FE= 124/ 300] p_err=0.246 | 指标=MD     | score=2(极优) | Pw=[SDE=0.336 I+=0.336 MD=0.328] | Lp=4.20 | n_eval=8
[Gen   3 | FE= 124/ 300] p_err=0.124 | 指标=I_eps+ | score=2(极优) | Pw=[SDE=0.333 I+=0.333 MD=0.333] | Lp=4.20 | n_eval=8
[Gen   3 | FE= 124/ 300] p_err=0.241 | 指标=SDE    | score=2(极优) | Pw=[SDE=0.333 I+=0.333 MD=0.333] | Lp=2.00 | n_eval=8
[Gen   3 | FE= 124/ 300] p_err=0.231 | 指标=MD     | score=2(极优) | Pw=[SDE=0.333 I+=0.333 MD=0.333] | Lp=3.10 | n_eval=8
[Gen   3 | FE= 124/ 300] p_err=0.198 | 指标=MD     | score=2(极优) | Pw=[SDE=0.333 I+=0.333 MD=0.333] | Lp=3.10 | n_eval=8
[Gen   3 | FE= 124/ 300] p_err=0.217 | 指标=MD     | score=2(极优) | Pw=[SDE=0.333 I+=0.333 MD=0.333] | Lp=2.40 | n_eval=8
[Gen   3 | FE= 124/ 300] p_err=0.234 | 指标=MD     | score=2(极优) | Pw=[SDE=0.333 I+=0.333 MD=0.333] | Lp=2.00 | n_eval=8
[Gen   3 | FE= 124/ 300] p_err=0.148 | 指标=SDE    | score=2(极优) | Pw=[SDE=0.336 I+=0.336 MD=0.327] | Lp=3.10 | n_eval=8
[Gen   4 | FE= 132/ 300] p_err=0.139 | 指标=I_eps+ | score=2(极优) | Pw=[SDE=0.336 I+=0.336 MD=0.327] | Lp=4.20 | n_eval=8
[Gen   4 | FE= 132/ 300] p_err=0.143 | 指标=I_eps+ | score=2(极优) | Pw=[SDE=0.333 I+=0.333 MD=0.333] | Lp=4.20 | n_eval=8
[Gen   4 | FE= 132/ 300] p_err=0.177 | 指标=MD     | score=2(极优) | Pw=[SDE=0.333 I+=0.333 MD=0.333] | Lp=2.40 | n_eval=8
[Gen   4 | FE= 132/ 300] p_err=0.155 | 指标=SDE    | score=2(极优) | Pw=[SDE=0.333 I+=0.333 MD=0.333] | Lp=2.40 | n_eval=8
[Gen   4 | FE= 132/ 300] p_err=0.111 | 指标=I_eps+ | score=2(极优) | Pw=[SDE=0.333 I+=0.333 MD=0.333] | Lp=2.40 | n_eval=8
[Gen   4 | FE= 132/ 300] p_err=0.144 | 指标=I_eps+ | score=2(极优) | Pw=[SDE=0.333 I+=0.333 MD=0.333] | Lp=3.10 | n_eval=8
[Gen   4 | FE= 132/ 300] p_err=0.152 | 指标=I_eps+ | score=2(极优) | Pw=[SDE=0.333 I+=0.333 MD=0.333] | Lp=4.20 | n_eval=8
[Gen   4 | FE= 132/ 300] p_err=0.119 | 指标=I_eps+ | score=2(极优) | Pw=[SDE=0.337 I+=0.337 MD=0.327] | Lp=2.40 | n_eval=8
[Gen   5 | FE= 140/ 300] p_err=0.267 | 指标=MD     | score=1(中  ) | Pw=[SDE=0.339 I+=0.339 MD=0.321] | Lp=6.50 | n_eval=8
[Gen   5 | FE= 140/ 300] p_err=0.112 | 指标=I_eps+ | score=2(极优) | Pw=[SDE=0.333 I+=0.333 MD=0.333] | Lp=3.10 | n_eval=8
[Gen   5 | FE= 140/ 300] p_err=0.209 | 指标=SDE    | score=2(极优) | Pw=[SDE=0.333 I+=0.333 MD=0.333] | Lp=2.00 | n_eval=8
[Gen   5 | FE= 140/ 300] p_err=0.116 | 指标=I_eps+ | score=2(极优) | Pw=[SDE=0.333 I+=0.333 MD=0.333] | Lp=2.40 | n_eval=8
[Gen   5 | FE= 140/ 300] p_err=0.264 | 指标=MD     | score=1(中  ) | Pw=[SDE=0.336 I+=0.336 MD=0.327] | Lp=3.10 | n_eval=8
[Gen   5 | FE= 140/ 300] p_err=0.252 | 指标=MD     | score=2(极优) | Pw=[SDE=0.333 I+=0.333 MD=0.333] | Lp=3.10 | n_eval=8
[Gen   5 | FE= 140/ 300] p_err=0.178 | 指标=SDE    | score=2(极优) | Pw=[SDE=0.333 I+=0.333 MD=0.333] | Lp=3.10 | n_eval=8
[Gen   5 | FE= 140/ 300] p_err=0.152 | 指标=I_eps+ | score=2(极优) | Pw=[SDE=0.337 I+=0.337 MD=0.326] | Lp=2.40 | n_eval=8
[Gen   6 | FE= 148/ 300] p_err=0.146 | 指标=SDE    | score=1(中  ) | Pw=[SDE=0.332 I+=0.344 MD=0.324] | Lp=6.50 | n_eval=8
[Gen   6 | FE= 148/ 300] p_err=0.177 | 指标=SDE    | score=2(极优) | Pw=[SDE=0.333 I+=0.333 MD=0.333] | Lp=3.10 | n_eval=8
[Gen   6 | FE= 148/ 300] p_err=0.222 | 指标=I_eps+ | score=2(极优) | Pw=[SDE=0.333 I+=0.333 MD=0.333] | Lp=2.00 | n_eval=8
[Gen   6 | FE= 148/ 300] p_err=0.177 | 指标=SDE    | score=2(极优) | Pw=[SDE=0.333 I+=0.333 MD=0.333] | Lp=3.10 | n_eval=8
[Gen   6 | FE= 148/ 300] p_err=0.186 | 指标=SDE    | score=2(极优) | Pw=[SDE=0.333 I+=0.333 MD=0.333] | Lp=2.40 | n_eval=8
[Gen   6 | FE= 148/ 300] p_err=0.168 | 指标=SDE    | score=2(极优) | Pw=[SDE=0.337 I+=0.337 MD=0.327] | Lp=3.10 | n_eval=8
[Gen   6 | FE= 148/ 300] p_err=0.215 | 指标=I_eps+ | score=1(中  ) | Pw=[SDE=0.340 I+=0.330 MD=0.329] | Lp=2.00 | n_eval=8
[Gen   6 | FE= 148/ 300] p_err=0.197 | 指标=MD     | score=2(极优) | Pw=[SDE=0.333 I+=0.333 MD=0.333] | Lp=2.40 | n_eval=8
[Gen   7 | FE= 156/ 300] p_err=0.158 | 指标=I_eps+ | score=2(极优) | Pw=[SDE=0.332 I+=0.344 MD=0.324] | Lp=6.50 | n_eval=8
[Gen   7 | FE= 156/ 300] p_err=0.221 | 指标=MD     | score=2(极优) | Pw=[SDE=0.333 I+=0.333 MD=0.333] | Lp=3.10 | n_eval=8
[Gen   7 | FE= 156/ 300] p_err=0.202 | 指标=I_eps+ | score=2(极优) | Pw=[SDE=0.333 I+=0.333 MD=0.333] | Lp=3.10 | n_eval=8
[Gen   7 | FE= 156/ 300] p_err=0.193 | 指标=I_eps+ | score=2(极优) | Pw=[SDE=0.333 I+=0.333 MD=0.333] | Lp=2.40 | n_eval=8
[Gen   7 | FE= 156/ 300] p_err=0.235 | 指标=MD     | score=2(极优) | Pw=[SDE=0.337 I+=0.337 MD=0.327] | Lp=3.10 | n_eval=8
[Gen   7 | FE= 156/ 300] p_err=0.223 | 指标=SDE    | score=1(中  ) | Pw=[SDE=0.326 I+=0.337 MD=0.337] | Lp=2.00 | n_eval=8
[Gen   7 | FE= 156/ 300] p_err=0.205 | 指标=I_eps+ | score=2(极优) | Pw=[SDE=0.341 I+=0.331 MD=0.329] | Lp=3.10 | n_eval=8
[Gen   7 | FE= 156/ 300] p_err=0.155 | 指标=SDE    | score=2(极优) | Pw=[SDE=0.333 I+=0.333 MD=0.333] | Lp=2.40 | n_eval=8
[Gen   8 | FE= 164/ 300] p_err=0.196 | 指标=I_eps+ | score=2(极优) | Pw=[SDE=0.333 I+=0.333 MD=0.333] | Lp=3.10 | n_eval=8
[Gen   8 | FE= 164/ 300] p_err=0.244 | 指标=I_eps+ | score=2(极优) | Pw=[SDE=0.333 I+=0.333 MD=0.333] | Lp=2.40 | n_eval=8
[Gen   8 | FE= 164/ 300] p_err=0.160 | 指标=I_eps+ | score=2(极优) | Pw=[SDE=0.332 I+=0.345 MD=0.323] | Lp=1.35 | n_eval=8
[Gen   8 | FE= 164/ 300] p_err=0.258 | 指标=MD     | score=2(极优) | Pw=[SDE=0.337 I+=0.337 MD=0.327] | Lp=2.00 | n_eval=8
[Gen   8 | FE= 164/ 300] p_err=0.177 | 指标=I_eps+ | score=2(极优) | Pw=[SDE=0.333 I+=0.333 MD=0.333] | Lp=2.40 | n_eval=8
[Gen   8 | FE= 164/ 300] p_err=0.310 | 指标=SDE    | score=2(极优) | Pw=[SDE=0.326 I+=0.337 MD=0.337] | Lp=2.00 | n_eval=8
[Gen   8 | FE= 164/ 300] p_err=0.204 | 指标=SDE    | score=2(极优) | Pw=[SDE=0.341 I+=0.331 MD=0.328] | Lp=2.40 | n_eval=8
[Gen   8 | FE= 164/ 300] p_err=0.214 | 指标=I_eps+ | score=2(极优) | Pw=[SDE=0.333 I+=0.333 MD=0.333] | Lp=2.40 | n_eval=8
[Gen   9 | FE= 172/ 300] p_err=0.169 | 指标=MD     | score=2(极优) | Pw=[SDE=0.333 I+=0.333 MD=0.333] | Lp=3.10 | n_eval=8
[Gen   9 | FE= 172/ 300] p_err=0.147 | 指标=MD     | score=1(中  ) | Pw=[SDE=0.335 I+=0.349 MD=0.316] | Lp=1.35 | n_eval=8
[Gen   9 | FE= 172/ 300] p_err=0.195 | 指标=I_eps+ | score=2(极优) | Pw=[SDE=0.333 I+=0.333 MD=0.333] | Lp=2.40 | n_eval=8
[Gen   9 | FE= 172/ 300] p_err=0.155 | 指标=I_eps+ | score=2(极优) | Pw=[SDE=0.337 I+=0.337 MD=0.326] | Lp=2.40 | n_eval=8
[Gen   9 | FE= 172/ 300] p_err=0.209 | 指标=SDE    | score=2(极优) | Pw=[SDE=0.333 I+=0.333 MD=0.333] | Lp=2.40 | n_eval=8
[Gen   9 | FE= 172/ 300] p_err=0.168 | 指标=MD     | score=2(极优) | Pw=[SDE=0.342 I+=0.330 MD=0.328] | Lp=2.40 | n_eval=8
[Gen   9 | FE= 172/ 300] p_err=0.242 | 指标=SDE    | score=1(中  ) | Pw=[SDE=0.319 I+=0.340 MD=0.340] | Lp=2.00 | n_eval=8
[Gen   9 | FE= 172/ 300] p_err=0.241 | 指标=I_eps+ | score=2(极优) | Pw=[SDE=0.333 I+=0.333 MD=0.333] | Lp=2.40 | n_eval=8
[Gen  10 | FE= 180/ 300] p_err=0.212 | 指标=MD     | score=1(中  ) | Pw=[SDE=0.337 I+=0.337 MD=0.326] | Lp=3.10 | n_eval=8
[Gen  10 | FE= 180/ 300] p_err=0.177 | 指标=I_eps+ | score=2(极优) | Pw=[SDE=0.334 I+=0.350 MD=0.315] | Lp=6.50 | n_eval=8
[Gen  10 | FE= 180/ 300] p_err=0.228 | 指标=MD     | score=1(中  ) | Pw=[SDE=0.338 I+=0.338 MD=0.325] | Lp=3.10 | n_eval=8
[Gen  10 | FE= 180/ 300] p_err=0.196 | 指标=I_eps+ | score=2(极优) | Pw=[SDE=0.337 I+=0.337 MD=0.326] | Lp=3.10 | n_eval=8
[Gen  10 | FE= 180/ 300] p_err=0.204 | 指标=MD     | score=1(中  ) | Pw=[SDE=0.346 I+=0.334 MD=0.320] | Lp=2.40 | n_eval=8
[Gen  10 | FE= 180/ 300] p_err=0.306 | 指标=SDE    | score=2(极优) | Pw=[SDE=0.333 I+=0.333 MD=0.333] | Lp=2.00 | n_eval=8
[Gen  10 | FE= 180/ 300] p_err=0.217 | 指标=MD     | score=2(极优) | Pw=[SDE=0.318 I+=0.341 MD=0.341] | Lp=4.20 | n_eval=8
[Gen  10 | FE= 180/ 300] p_err=0.216 | 指标=SDE    | score=2(极优) | Pw=[SDE=0.333 I+=0.333 MD=0.333] | Lp=2.40 | n_eval=8
[Gen  11 | FE= 188/ 300] p_err=0.170 | 指标=MD     | score=1(中  ) | Pw=[SDE=0.341 I+=0.341 MD=0.318] | Lp=3.10 | n_eval=8
[Gen  11 | FE= 188/ 300] p_err=0.206 | 指标=SDE    | score=2(极优) | Pw=[SDE=0.335 I+=0.351 MD=0.314] | Lp=4.20 | n_eval=8
[Gen  11 | FE= 188/ 300] p_err=0.254 | 指标=SDE    | score=2(极优) | Pw=[SDE=0.338 I+=0.338 MD=0.324] | Lp=2.40 | n_eval=8
[Gen  11 | FE= 188/ 300] p_err=0.241 | 指标=MD     | score=2(极优) | Pw=[SDE=0.333 I+=0.333 MD=0.333] | Lp=2.00 | n_eval=8
[Gen  11 | FE= 188/ 300] p_err=0.208 | 指标=SDE    | score=2(极优) | Pw=[SDE=0.347 I+=0.334 MD=0.318] | Lp=2.40 | n_eval=8
[Gen  11 | FE= 188/ 300] p_err=0.320 | 指标=SDE    | score=2(极优) | Pw=[SDE=0.337 I+=0.337 MD=0.325] | Lp=3.10 | n_eval=8
[Gen  11 | FE= 188/ 300] p_err=0.209 | 指标=MD     | score=1(中  ) | Pw=[SDE=0.322 I+=0.346 MD=0.332] | Lp=1.60 | n_eval=8
[Gen  11 | FE= 188/ 300] p_err=0.194 | 指标=MD     | score=2(极优) | Pw=[SDE=0.333 I+=0.333 MD=0.333] | Lp=2.40 | n_eval=8
[Gen  12 | FE= 196/ 300] p_err=0.162 | 指标=I_eps+ | score=2(极优) | Pw=[SDE=0.341 I+=0.341 MD=0.317] | Lp=3.10 | n_eval=8
[Gen  12 | FE= 196/ 300] p_err=0.234 | 指标=SDE    | score=2(极优) | Pw=[SDE=0.336 I+=0.352 MD=0.312] | Lp=2.00 | n_eval=8
[Gen  12 | FE= 196/ 300] p_err=0.298 | 指标=I_eps+ | score=2(极优) | Pw=[SDE=0.338 I+=0.338 MD=0.325] | Lp=3.10 | n_eval=8
[Gen  12 | FE= 196/ 300] p_err=0.259 | 指标=MD     | score=2(极优) | Pw=[SDE=0.320 I+=0.347 MD=0.333] | Lp=3.10 | n_eval=8
[Gen  12 | FE= 196/ 300] p_err=0.181 | 指标=MD     | score=2(极优) | Pw=[SDE=0.338 I+=0.338 MD=0.324] | Lp=2.40 | n_eval=8
[Gen  12 | FE= 196/ 300] p_err=0.256 | 指标=MD     | score=2(极优) | Pw=[SDE=0.348 I+=0.333 MD=0.319] | Lp=6.50 | n_eval=8
[Gen  12 | FE= 196/ 300] p_err=0.183 | 指标=SDE    | score=2(极优) | Pw=[SDE=0.333 I+=0.333 MD=0.333] | Lp=2.40 | n_eval=8
[Gen  12 | FE= 196/ 300] p_err=0.210 | 指标=MD     | score=2(极优) | Pw=[SDE=0.333 I+=0.333 MD=0.333] | Lp=2.00 | n_eval=8
[Gen  13 | FE= 204/ 300] p_err=0.149 | 指标=I_eps+ | score=2(极优) | Pw=[SDE=0.342 I+=0.342 MD=0.316] | Lp=4.20 | n_eval=8
[Gen  13 | FE= 204/ 300] p_err=0.302 | 指标=SDE    | score=2(极优) | Pw=[SDE=0.337 I+=0.353 MD=0.309] | Lp=4.20 | n_eval=8
[Gen  13 | FE= 204/ 300] p_err=0.261 | 指标=I_eps+ | score=1(中  ) | Pw=[SDE=0.324 I+=0.338 MD=0.338] | Lp=1.60 | n_eval=8
[Gen  13 | FE= 204/ 300] p_err=0.275 | 指标=SDE    | score=2(极优) | Pw=[SDE=0.338 I+=0.338 MD=0.324] | Lp=4.20 | n_eval=8
[Gen  13 | FE= 204/ 300] p_err=0.189 | 指标=MD     | score=2(极优) | Pw=[SDE=0.338 I+=0.338 MD=0.324] | Lp=2.40 | n_eval=8
[Gen  13 | FE= 204/ 300] p_err=0.138 | 指标=I_eps+ | score=2(极优) | Pw=[SDE=0.349 I+=0.334 MD=0.317] | Lp=6.50 | n_eval=8
[Gen  13 | FE= 204/ 300] p_err=0.230 | 指标=I_eps+ | score=2(极优) | Pw=[SDE=0.333 I+=0.333 MD=0.333] | Lp=1.60 | n_eval=8
[Gen  13 | FE= 204/ 300] p_err=0.140 | 指标=MD     | score=2(极优) | Pw=[SDE=0.333 I+=0.333 MD=0.333] | Lp=2.00 | n_eval=8
[Gen  14 | FE= 212/ 300] p_err=0.170 | 指标=MD     | score=2(极优) | Pw=[SDE=0.342 I+=0.342 MD=0.316] | Lp=2.40 | n_eval=8
[Gen  14 | FE= 212/ 300] p_err=0.151 | 指标=MD     | score=2(极优) | Pw=[SDE=0.336 I+=0.354 MD=0.310] | Lp=2.00 | n_eval=8
[Gen  14 | FE= 212/ 300] p_err=0.256 | 指标=I_eps+ | score=2(极优) | Pw=[SDE=0.323 I+=0.339 MD=0.338] | Lp=1.60 | n_eval=8
[Gen  14 | FE= 212/ 300] p_err=0.340 | 指标=SDE    | score=1(中  ) | Pw=[SDE=0.326 I+=0.345 MD=0.329] | Lp=2.00 | n_eval=8
[Gen  14 | FE= 212/ 300] p_err=0.241 | 指标=MD     | score=2(极优) | Pw=[SDE=0.333 I+=0.333 MD=0.333] | Lp=2.00 | n_eval=8
[Gen  14 | FE= 212/ 300] p_err=0.177 | 指标=MD     | score=1(中  ) | Pw=[SDE=0.343 I+=0.343 MD=0.314] | Lp=4.20 | n_eval=8
[Gen  14 | FE= 212/ 300] p_err=0.167 | 指标=I_eps+ | score=2(极优) | Pw=[SDE=0.350 I+=0.335 MD=0.315] | Lp=3.10 | n_eval=8
[Gen  14 | FE= 212/ 300] p_err=0.221 | 指标=SDE    | score=2(极优) | Pw=[SDE=0.333 I+=0.333 MD=0.333] | Lp=2.00 | n_eval=8
[Gen  15 | FE= 220/ 300] p_err=0.262 | 指标=MD     | score=2(极优) | Pw=[SDE=0.342 I+=0.342 MD=0.316] | Lp=4.20 | n_eval=8
[Gen  15 | FE= 220/ 300] p_err=0.248 | 指标=I_eps+ | score=2(极优) | Pw=[SDE=0.336 I+=0.356 MD=0.308] | Lp=2.40 | n_eval=8
[Gen  15 | FE= 220/ 300] p_err=0.191 | 指标=MD     | score=1(中  ) | Pw=[SDE=0.327 I+=0.345 MD=0.327] | Lp=2.00 | n_eval=8
[Gen  15 | FE= 220/ 300] p_err=0.232 | 指标=SDE    | score=2(极优) | Pw=[SDE=0.333 I+=0.333 MD=0.333] | Lp=2.00 | n_eval=8
[Gen  15 | FE= 220/ 300] p_err=0.285 | 指标=SDE    | score=1(中  ) | Pw=[SDE=0.340 I+=0.342 MD=0.318] | Lp=3.10 | n_eval=8
[Gen  15 | FE= 220/ 300] p_err=0.208 | 指标=I_eps+ | score=1(中  ) | Pw=[SDE=0.349 I+=0.333 MD=0.317] | Lp=4.20 | n_eval=8
[Gen  15 | FE= 220/ 300] p_err=0.163 | 指标=MD     | score=2(极优) | Pw=[SDE=0.324 I+=0.346 MD=0.330] | Lp=2.40 | n_eval=8
[Gen  15 | FE= 220/ 300] p_err=0.207 | 指标=MD     | score=2(极优) | Pw=[SDE=0.333 I+=0.333 MD=0.333] | Lp=2.00 | n_eval=8
[Gen  16 | FE= 228/ 300] p_err=0.258 | 指标=SDE    | score=2(极优) | Pw=[SDE=0.343 I+=0.343 MD=0.314] | Lp=4.20 | n_eval=8
[Gen  16 | FE= 228/ 300] p_err=0.210 | 指标=I_eps+ | score=2(极优) | Pw=[SDE=0.336 I+=0.359 MD=0.305] | Lp=2.40 | n_eval=8
[Gen  16 | FE= 228/ 300] p_err=0.219 | 指标=MD     | score=2(极优) | Pw=[SDE=0.325 I+=0.346 MD=0.329] | Lp=2.00 | n_eval=8
[Gen  16 | FE= 228/ 300] p_err=0.294 | 指标=SDE    | score=2(极优) | Pw=[SDE=0.333 I+=0.333 MD=0.333] | Lp=2.40 | n_eval=8
[Gen  16 | FE= 228/ 300] p_err=0.184 | 指标=I_eps+ | score=2(极优) | Pw=[SDE=0.340 I+=0.344 MD=0.315] | Lp=3.10 | n_eval=8
[Gen  16 | FE= 228/ 300] p_err=0.301 | 指标=SDE    | score=2(极优) | Pw=[SDE=0.351 I+=0.333 MD=0.316] | Lp=4.20 | n_eval=8
[Gen  16 | FE= 228/ 300] p_err=0.248 | 指标=I_eps+ | score=2(极优) | Pw=[SDE=0.323 I+=0.347 MD=0.330] | Lp=2.00 | n_eval=8
[Gen  16 | FE= 228/ 300] p_err=0.253 | 指标=I_eps+ | score=2(极优) | Pw=[SDE=0.333 I+=0.333 MD=0.333] | Lp=3.10 | n_eval=8
[Gen  17 | FE= 236/ 300] p_err=0.265 | 指标=MD     | score=2(极优) | Pw=[SDE=0.343 I+=0.343 MD=0.314] | Lp=2.40 | n_eval=8
[Gen  17 | FE= 236/ 300] p_err=0.279 | 指标=SDE    | score=2(极优) | Pw=[SDE=0.338 I+=0.361 MD=0.301] | Lp=2.40 | n_eval=8
[Gen  17 | FE= 236/ 300] p_err=0.278 | 指标=I_eps+ | score=2(极优) | Pw=[SDE=0.323 I+=0.349 MD=0.328] | Lp=2.00 | n_eval=8
[Gen  17 | FE= 236/ 300] p_err=0.331 | 指标=I_eps+ | score=1(中  ) | Pw=[SDE=0.340 I+=0.319 MD=0.340] | Lp=1.60 | n_eval=8
[Gen  17 | FE= 236/ 300] p_err=0.196 | 指标=MD     | score=2(极优) | Pw=[SDE=0.339 I+=0.344 MD=0.317] | Lp=3.10 | n_eval=8
[Gen  17 | FE= 236/ 300] p_err=0.203 | 指标=MD     | score=1(中  ) | Pw=[SDE=0.358 I+=0.338 MD=0.304] | Lp=3.10 | n_eval=8
[Gen  17 | FE= 236/ 300] p_err=0.272 | 指标=I_eps+ | score=2(极优) | Pw=[SDE=0.320 I+=0.350 MD=0.330] | Lp=2.40 | n_eval=8
[Gen  17 | FE= 236/ 300] p_err=0.260 | 指标=SDE    | score=2(极优) | Pw=[SDE=0.333 I+=0.333 MD=0.333] | Lp=3.10 | n_eval=8
[Gen  18 | FE= 244/ 300] p_err=0.195 | 指标=I_eps+ | score=2(极优) | Pw=[SDE=0.344 I+=0.344 MD=0.312] | Lp=3.10 | n_eval=8
[Gen  18 | FE= 244/ 300] p_err=0.244 | 指标=I_eps+ | score=2(极优) | Pw=[SDE=0.339 I+=0.365 MD=0.296] | Lp=2.00 | n_eval=8
[Gen  18 | FE= 244/ 300] p_err=0.284 | 指标=I_eps+ | score=2(极优) | Pw=[SDE=0.320 I+=0.353 MD=0.327] | Lp=3.10 | n_eval=8
[Gen  18 | FE= 244/ 300] p_err=0.244 | 指标=SDE    | score=1(中  ) | Pw=[SDE=0.327 I+=0.353 MD=0.320] | Lp=3.10 | n_eval=8
[Gen  18 | FE= 244/ 300] p_err=0.283 | 指标=I_eps+ | score=2(极优) | Pw=[SDE=0.340 I+=0.319 MD=0.340] | Lp=1.60 | n_eval=8
[Gen  18 | FE= 244/ 300] p_err=0.302 | 指标=I_eps+ | score=2(极优) | Pw=[SDE=0.317 I+=0.352 MD=0.330] | Lp=2.40 | n_eval=8
[Gen  18 | FE= 244/ 300] p_err=0.270 | 指标=SDE    | score=2(极优) | Pw=[SDE=0.361 I+=0.338 MD=0.301] | Lp=3.10 | n_eval=8
[Gen  18 | FE= 244/ 300] p_err=0.317 | 指标=SDE    | score=2(极优) | Pw=[SDE=0.333 I+=0.333 MD=0.333] | Lp=3.10 | n_eval=8
[Gen  19 | FE= 252/ 300] p_err=0.231 | 指标=MD     | score=2(极优) | Pw=[SDE=0.344 I+=0.344 MD=0.312] | Lp=3.10 | n_eval=8
[Gen  19 | FE= 252/ 300] p_err=0.364 | 指标=SDE    | score=2(极优) | Pw=[SDE=0.342 I+=0.368 MD=0.289] | Lp=2.00 | n_eval=8
[Gen  19 | FE= 252/ 300] p_err=0.335 | 指标=I_eps+ | score=2(极优) | Pw=[SDE=0.316 I+=0.358 MD=0.325] | Lp=3.10 | n_eval=8
[Gen  19 | FE= 252/ 300] p_err=0.290 | 指标=SDE    | score=2(极优) | Pw=[SDE=0.331 I+=0.354 MD=0.315] | Lp=3.10 | n_eval=8
[Gen  19 | FE= 252/ 300] p_err=0.156 | 指标=MD     | score=2(极优) | Pw=[SDE=0.341 I+=0.317 MD=0.341] | Lp=1.60 | n_eval=8
[Gen  19 | FE= 252/ 300] p_err=0.379 | 指标=SDE    | score=1(中  ) | Pw=[SDE=0.293 I+=0.366 MD=0.340] | Lp=2.40 | n_eval=8
[Gen  19 | FE= 252/ 300] p_err=0.256 | 指标=I_eps+ | score=2(极优) | Pw=[SDE=0.364 I+=0.341 MD=0.295] | Lp=4.20 | n_eval=8
[Gen  19 | FE= 252/ 300] p_err=0.362 | 指标=SDE    | score=2(极优) | Pw=[SDE=0.333 I+=0.333 MD=0.333] | Lp=3.10 | n_eval=8
[Gen  20 | FE= 260/ 300] p_err=0.365 | 指标=SDE    | score=2(极优) | Pw=[SDE=0.347 I+=0.373 MD=0.280] | Lp=2.00 | n_eval=8
[Gen  20 | FE= 260/ 300] p_err=0.251 | 指标=SDE    | score=2(极优) | Pw=[SDE=0.345 I+=0.345 MD=0.310] | Lp=3.10 | n_eval=8
[Gen  20 | FE= 260/ 300] p_err=0.339 | 指标=I_eps+ | score=2(极优) | Pw=[SDE=0.310 I+=0.366 MD=0.323] | Lp=3.10 | n_eval=8
[Gen  20 | FE= 260/ 300] p_err=0.220 | 指标=MD     | score=2(极优) | Pw=[SDE=0.327 I+=0.355 MD=0.318] | Lp=3.10 | n_eval=8
[Gen  20 | FE= 260/ 300] p_err=0.418 | 指标=SDE    | score=2(极优) | Pw=[SDE=0.294 I+=0.368 MD=0.337] | Lp=3.10 | n_eval=8
[Gen  20 | FE= 260/ 300] p_err=0.349 | 指标=I_eps+ | score=2(极优) | Pw=[SDE=0.341 I+=0.317 MD=0.341] | Lp=1.60 | n_eval=8
[Gen  20 | FE= 260/ 300] p_err=0.330 | 指标=SDE    | score=2(极优) | Pw=[SDE=0.368 I+=0.342 MD=0.289] | Lp=4.20 | n_eval=8
[Gen  20 | FE= 260/ 300] p_err=0.234 | 指标=SDE    | score=2(极优) | Pw=[SDE=0.333 I+=0.333 MD=0.333] | Lp=3.10 | n_eval=8
[Gen  21 | FE= 268/ 300] p_err=0.328 | 指标=SDE    | score=2(极优) | Pw=[SDE=0.355 I+=0.379 MD=0.265] | Lp=2.40 | n_eval=8
[Gen  21 | FE= 268/ 300] p_err=0.294 | 指标=SDE    | score=2(极优) | Pw=[SDE=0.346 I+=0.346 MD=0.308] | Lp=3.10 | n_eval=8
[Gen  21 | FE= 268/ 300] p_err=0.361 | 指标=SDE    | score=2(极优) | Pw=[SDE=0.320 I+=0.360 MD=0.320] | Lp=3.10 | n_eval=8
[Gen  21 | FE= 268/ 300] p_err=0.373 | 指标=I_eps+ | score=2(极优) | Pw=[SDE=0.340 I+=0.319 MD=0.340] | Lp=2.00 | n_eval=8
[Gen  21 | FE= 268/ 300] p_err=0.230 | 指标=SDE    | score=2(极优) | Pw=[SDE=0.324 I+=0.343 MD=0.333] | Lp=2.40 | n_eval=8
[Gen  21 | FE= 268/ 300] p_err=0.194 | 指标=MD     | score=1(中  ) | Pw=[SDE=0.301 I+=0.376 MD=0.323] | Lp=2.00 | n_eval=8
[Gen  21 | FE= 268/ 300] p_err=0.237 | 指标=I_eps+ | score=2(极优) | Pw=[SDE=0.372 I+=0.349 MD=0.279] | Lp=3.10 | n_eval=8
[Gen  21 | FE= 268/ 300] p_err=0.371 | 指标=I_eps+ | score=2(极优) | Pw=[SDE=0.333 I+=0.333 MD=0.333] | Lp=3.10 | n_eval=8
[Gen  22 | FE= 276/ 300] p_err=0.423 | 指标=SDE    | score=2(极优) | Pw=[SDE=0.351 I+=0.371 MD=0.278] | Lp=2.40 | n_eval=8
[Gen  22 | FE= 276/ 300] p_err=0.179 | 指标=MD     | score=1(中  ) | Pw=[SDE=0.353 I+=0.353 MD=0.294] | Lp=3.10 | n_eval=8
[Gen  22 | FE= 276/ 300] p_err=0.187 | 指标=MD     | score=2(极优) | Pw=[SDE=0.318 I+=0.355 MD=0.327] | Lp=4.20 | n_eval=8
[Gen  22 | FE= 276/ 300] p_err=0.209 | 指标=MD     | score=2(极优) | Pw=[SDE=0.340 I+=0.319 MD=0.340] | Lp=1.60 | n_eval=8
[Gen  22 | FE= 276/ 300] p_err=0.344 | 指标=I_eps+ | score=2(极优) | Pw=[SDE=0.301 I+=0.376 MD=0.323] | Lp=2.00 | n_eval=8
[Gen  22 | FE= 276/ 300] p_err=0.239 | 指标=SDE    | score=2(极优) | Pw=[SDE=0.324 I+=0.343 MD=0.333] | Lp=3.10 | n_eval=8
[Gen  22 | FE= 276/ 300] p_err=0.227 | 指标=SDE    | score=2(极优) | Pw=[SDE=0.373 I+=0.347 MD=0.280] | Lp=2.40 | n_eval=8
[Gen  22 | FE= 276/ 300] p_err=0.208 | 指标=MD     | score=2(极优) | Pw=[SDE=0.333 I+=0.333 MD=0.333] | Lp=3.10 | n_eval=8
[Gen  23 | FE= 284/ 300] p_err=0.170 | 指标=MD     | score=2(极优) | Pw=[SDE=0.351 I+=0.351 MD=0.298] | Lp=2.40 | n_eval=8
[Gen  23 | FE= 284/ 300] p_err=0.150 | 指标=MD     | score=2(极优) | Pw=[SDE=0.351 I+=0.371 MD=0.278] | Lp=2.00 | n_eval=8
[Gen  23 | FE= 284/ 300] p_err=0.358 | 指标=SDE    | score=2(极优) | Pw=[SDE=0.318 I+=0.355 MD=0.327] | Lp=4.20 | n_eval=8
[Gen  23 | FE= 284/ 300] p_err=0.202 | 指标=MD     | score=2(极优) | Pw=[SDE=0.340 I+=0.319 MD=0.340] | Lp=1.35 | n_eval=8
[Gen  23 | FE= 284/ 300] p_err=0.255 | 指标=MD     | score=2(极优) | Pw=[SDE=0.301 I+=0.376 MD=0.323] | Lp=2.40 | n_eval=8
[Gen  23 | FE= 284/ 300] p_err=0.290 | 指标=I_eps+ | score=2(极优) | Pw=[SDE=0.318 I+=0.348 MD=0.334] | Lp=2.40 | n_eval=8
[Gen  23 | FE= 284/ 300] p_err=0.317 | 指标=MD     | score=2(极优) | Pw=[SDE=0.333 I+=0.333 MD=0.333] | Lp=3.10 | n_eval=8
[Gen  23 | FE= 284/ 300] p_err=0.323 | 指标=SDE    | score=2(极优) | Pw=[SDE=0.380 I+=0.353 MD=0.266] | Lp=3.10 | n_eval=8
[Gen  24 | FE= 292/ 300] p_err=0.325 | 指标=SDE    | score=2(极优) | Pw=[SDE=0.351 I+=0.351 MD=0.298] | Lp=2.40 | n_eval=8
[Gen  24 | FE= 292/ 300] p_err=0.230 | 指标=MD     | score=2(极优) | Pw=[SDE=0.318 I+=0.355 MD=0.327] | Lp=3.10 | n_eval=8
[Gen  24 | FE= 292/ 300] p_err=0.355 | 指标=I_eps+ | score=2(极优) | Pw=[SDE=0.351 I+=0.371 MD=0.278] | Lp=2.00 | n_eval=8
[Gen  24 | FE= 292/ 300] p_err=0.419 | 指标=SDE    | score=2(极优) | Pw=[SDE=0.340 I+=0.319 MD=0.340] | Lp=2.40 | n_eval=8
[Gen  24 | FE= 292/ 300] p_err=0.302 | 指标=SDE    | score=2(极优) | Pw=[SDE=0.310 I+=0.372 MD=0.319] | Lp=2.40 | n_eval=8
[Gen  24 | FE= 292/ 300] p_err=0.344 | 指标=SDE    | score=2(极优) | Pw=[SDE=0.324 I+=0.343 MD=0.333] | Lp=2.40 | n_eval=8
[Gen  24 | FE= 292/ 300] p_err=0.328 | 指标=SDE    | score=2(极优) | Pw=[SDE=0.333 I+=0.333 MD=0.333] | Lp=3.10 | n_eval=8
[Gen  24 | FE= 292/ 300] p_err=0.295 | 指标=SDE    | score=2(极优) | Pw=[SDE=0.382 I+=0.350 MD=0.268] | Lp=2.40 | n_eval=8
[Gen  25 | FE= 300/ 300] p_err=0.273 | 指标=SDE    | score=2(极优) | Pw=[SDE=0.351 I+=0.351 MD=0.298] | Lp=3.10 | n_eval=8
[Gen  25 | FE= 300/ 300] p_err=0.252 | 指标=I_eps+ | score=1(中  ) | Pw=[SDE=0.316 I+=0.346 MD=0.339] | Lp=3.10 | n_eval=8
[Gen  25 | FE= 300/ 300] p_err=0.167 | 指标=MD     | score=1(中  ) | Pw=[SDE=0.351 I+=0.371 MD=0.278] | Lp=2.00 | n_eval=8
[Gen  25 | FE= 300/ 300] p_err=0.227 | 指标=I_eps+ | score=1(中  ) | Pw=[SDE=0.348 I+=0.304 MD=0.348] | Lp=1.35 | n_eval=8
[Gen  25 | FE= 300/ 300] p_err=0.314 | 指标=I_eps+ | score=2(极优) | Pw=[SDE=0.312 I+=0.375 MD=0.312] | Lp=2.40 | n_eval=8
[Gen  25 | FE= 300/ 300] p_err=0.310 | 指标=SDE    | score=2(极优) | Pw=[SDE=0.329 I+=0.339 MD=0.333] | Lp=2.40 | n_eval=8
[Gen  25 | FE= 300/ 300] p_err=0.272 | 指标=I_eps+ | score=1(中  ) | Pw=[SDE=0.384 I+=0.329 MD=0.288] | Lp=3.10 | n_eval=8
[Gen  25 | FE= 300/ 300] p_err=0.200 | 指标=I_eps+ | score=2(极优) | Pw=[SDE=0.333 I+=0.333 MD=0.333] | Lp=3.10 | n_eval=8
[Gen   1 | FE= 108/ 300] p_err=0.234 | 指标=I_eps+ | score=2(极优) | Pw=[SDE=0.333 I+=0.333 MD=0.333] | Lp=3.10 | n_eval=8
[Gen   1 | FE= 108/ 300] p_err=0.228 | 指标=MD     | score=2(极优) | Pw=[SDE=0.333 I+=0.333 MD=0.333] | Lp=3.10 | n_eval=8
[Gen   1 | FE= 108/ 300] p_err=0.184 | 指标=MD     | score=2(极优) | Pw=[SDE=0.333 I+=0.333 MD=0.333] | Lp=4.20 | n_eval=8
[Gen   1 | FE= 108/ 300] p_err=0.253 | 指标=I_eps+ | score=2(极优) | Pw=[SDE=0.333 I+=0.333 MD=0.333] | Lp=6.50 | n_eval=8
[Gen   1 | FE= 108/ 300] p_err=0.167 | 指标=I_eps+ | score=2(极优) | Pw=[SDE=0.333 I+=0.333 MD=0.333] | Lp=3.10 | n_eval=8
[Gen   1 | FE= 108/ 300] p_err=0.200 | 指标=SDE    | score=2(极优) | Pw=[SDE=0.333 I+=0.333 MD=0.333] | Lp=2.00 | n_eval=8
[Gen   1 | FE= 108/ 300] p_err=0.248 | 指标=MD     | score=2(极优) | Pw=[SDE=0.333 I+=0.333 MD=0.333] | Lp=6.50 | n_eval=8
[Gen   2 | FE= 116/ 300] p_err=0.219 | 指标=MD     | score=2(极优) | Pw=[SDE=0.333 I+=0.333 MD=0.333] | Lp=3.10 | n_eval=8
[Gen   2 | FE= 116/ 300] p_err=0.251 | 指标=MD     | score=2(极优) | Pw=[SDE=0.333 I+=0.333 MD=0.333] | Lp=4.20 | n_eval=8
[Gen   2 | FE= 116/ 300] p_err=0.163 | 指标=I_eps+ | score=2(极优) | Pw=[SDE=0.333 I+=0.333 MD=0.333] | Lp=3.10 | n_eval=8
[Gen   2 | FE= 116/ 300] p_err=0.175 | 指标=I_eps+ | score=2(极优) | Pw=[SDE=0.333 I+=0.333 MD=0.333] | Lp=2.40 | n_eval=8
[Gen   2 | FE= 116/ 300] p_err=0.218 | 指标=SDE    | score=2(极优) | Pw=[SDE=0.333 I+=0.333 MD=0.333] | Lp=3.10 | n_eval=8
[Gen   2 | FE= 116/ 300] p_err=0.243 | 指标=MD     | score=2(极优) | Pw=[SDE=0.333 I+=0.333 MD=0.333] | Lp=2.00 | n_eval=8
[Gen   2 | FE= 116/ 300] p_err=0.179 | 指标=SDE    | score=2(极优) | Pw=[SDE=0.333 I+=0.333 MD=0.333] | Lp=4.20 | n_eval=8
[Gen   3 | FE= 124/ 300] p_err=0.126 | 指标=SDE    | score=2(极优) | Pw=[SDE=0.333 I+=0.333 MD=0.333] | Lp=3.10 | n_eval=8
[Gen   3 | FE= 124/ 300] p_err=0.235 | 指标=MD     | score=2(极优) | Pw=[SDE=0.333 I+=0.333 MD=0.333] | Lp=3.10 | n_eval=8
[Gen   3 | FE= 124/ 300] p_err=0.118 | 指标=SDE    | score=2(极优) | Pw=[SDE=0.333 I+=0.333 MD=0.333] | Lp=4.20 | n_eval=8
[Gen   3 | FE= 124/ 300] p_err=0.401 | 指标=MD     | score=2(极优) | Pw=[SDE=0.333 I+=0.333 MD=0.333] | Lp=2.40 | n_eval=8
[Gen   3 | FE= 124/ 300] p_err=0.190 | 指标=I_eps+ | score=2(极优) | Pw=[SDE=0.333 I+=0.333 MD=0.333] | Lp=2.40 | n_eval=8
[Gen   3 | FE= 124/ 300] p_err=0.201 | 指标=MD     | score=2(极优) | Pw=[SDE=0.333 I+=0.333 MD=0.333] | Lp=2.40 | n_eval=8
[Gen   3 | FE= 124/ 300] p_err=0.179 | 指标=SDE    | score=2(极优) | Pw=[SDE=0.333 I+=0.333 MD=0.333] | Lp=3.10 | n_eval=8
[Gen   4 | FE= 132/ 300] p_err=0.212 | 指标=MD     | score=2(极优) | Pw=[SDE=0.333 I+=0.333 MD=0.333] | Lp=3.10 | n_eval=8
[Gen   4 | FE= 132/ 300] p_err=0.209 | 指标=MD     | score=2(极优) | Pw=[SDE=0.333 I+=0.333 MD=0.333] | Lp=4.20 | n_eval=8
[Gen   4 | FE= 132/ 300] p_err=0.126 | 指标=SDE    | score=2(极优) | Pw=[SDE=0.333 I+=0.333 MD=0.333] | Lp=4.20 | n_eval=8
[Gen   4 | FE= 132/ 300] p_err=0.192 | 指标=MD     | score=2(极优) | Pw=[SDE=0.333 I+=0.333 MD=0.333] | Lp=2.00 | n_eval=8
[Gen   4 | FE= 132/ 300] p_err=0.257 | 指标=MD     | score=2(极优) | Pw=[SDE=0.333 I+=0.333 MD=0.333] | Lp=3.10 | n_eval=8
[Gen   4 | FE= 132/ 300] p_err=0.231 | 指标=SDE    | score=1(中  ) | Pw=[SDE=0.327 I+=0.336 MD=0.336] | Lp=2.40 | n_eval=8
[Gen   4 | FE= 132/ 300] p_err=0.204 | 指标=MD     | score=2(极优) | Pw=[SDE=0.333 I+=0.333 MD=0.333] | Lp=2.40 | n_eval=8
[Gen   5 | FE= 140/ 300] p_err=0.143 | 指标=I_eps+ | score=2(极优) | Pw=[SDE=0.333 I+=0.333 MD=0.333] | Lp=3.10 | n_eval=8
[Gen   5 | FE= 140/ 300] p_err=0.139 | 指标=I_eps+ | score=2(极优) | Pw=[SDE=0.333 I+=0.333 MD=0.333] | Lp=6.50 | n_eval=8
[Gen   5 | FE= 140/ 300] p_err=0.176 | 指标=SDE    | score=2(极优) | Pw=[SDE=0.333 I+=0.333 MD=0.333] | Lp=4.20 | n_eval=8
[Gen   5 | FE= 140/ 300] p_err=0.247 | 指标=MD     | score=2(极优) | Pw=[SDE=0.333 I+=0.333 MD=0.333] | Lp=3.10 | n_eval=8
[Gen   5 | FE= 140/ 300] p_err=0.245 | 指标=I_eps+ | score=2(极优) | Pw=[SDE=0.333 I+=0.333 MD=0.333] | Lp=3.10 | n_eval=8
[Gen   5 | FE= 140/ 300] p_err=0.207 | 指标=SDE    | score=2(极优) | Pw=[SDE=0.327 I+=0.336 MD=0.336] | Lp=2.40 | n_eval=8
[Gen   5 | FE= 140/ 300] p_err=0.200 | 指标=MD     | score=2(极优) | Pw=[SDE=0.333 I+=0.333 MD=0.333] | Lp=4.20 | n_eval=8
[Gen   6 | FE= 148/ 300] p_err=0.136 | 指标=I_eps+ | score=2(极优) | Pw=[SDE=0.333 I+=0.333 MD=0.333] | Lp=2.40 | n_eval=8
[Gen   6 | FE= 148/ 300] p_err=0.209 | 指标=SDE    | score=1(中  ) | Pw=[SDE=0.326 I+=0.337 MD=0.337] | Lp=6.50 | n_eval=8
[Gen   6 | FE= 148/ 300] p_err=0.182 | 指标=I_eps+ | score=2(极优) | Pw=[SDE=0.333 I+=0.333 MD=0.333] | Lp=3.10 | n_eval=8
[Gen   6 | FE= 148/ 300] p_err=0.170 | 指标=SDE    | score=2(极优) | Pw=[SDE=0.333 I+=0.333 MD=0.333] | Lp=2.00 | n_eval=8
[Gen   6 | FE= 148/ 300] p_err=0.183 | 指标=SDE    | score=2(极优) | Pw=[SDE=0.333 I+=0.333 MD=0.333] | Lp=3.10 | n_eval=8
[Gen   6 | FE= 148/ 300] p_err=0.196 | 指标=I_eps+ | score=2(极优) | Pw=[SDE=0.327 I+=0.337 MD=0.337] | Lp=2.00 | n_eval=8
[Gen   6 | FE= 148/ 300] p_err=0.186 | 指标=MD     | score=2(极优) | Pw=[SDE=0.333 I+=0.333 MD=0.333] | Lp=4.20 | n_eval=8
[Gen   7 | FE= 156/ 300] p_err=0.143 | 指标=I_eps+ | score=2(极优) | Pw=[SDE=0.333 I+=0.333 MD=0.333] | Lp=4.20 | n_eval=8
[Gen   7 | FE= 156/ 300] p_err=0.225 | 指标=MD     | score=1(中  ) | Pw=[SDE=0.329 I+=0.341 MD=0.330] | Lp=4.20 | n_eval=8
[Gen   7 | FE= 156/ 300] p_err=0.256 | 指标=MD     | score=2(极优) | Pw=[SDE=0.333 I+=0.333 MD=0.333] | Lp=2.00 | n_eval=8
[Gen   7 | FE= 156/ 300] p_err=0.166 | 指标=I_eps+ | score=2(极优) | Pw=[SDE=0.333 I+=0.333 MD=0.333] | Lp=2.00 | n_eval=8
[Gen   7 | FE= 156/ 300] p_err=0.220 | 指标=MD     | score=2(极优) | Pw=[SDE=0.333 I+=0.333 MD=0.333] | Lp=2.40 | n_eval=8
[Gen   7 | FE= 156/ 300] p_err=0.218 | 指标=MD     | score=2(极优) | Pw=[SDE=0.326 I+=0.337 MD=0.337] | Lp=2.00 | n_eval=8
[Gen   7 | FE= 156/ 300] p_err=0.184 | 指标=SDE    | score=2(极优) | Pw=[SDE=0.333 I+=0.333 MD=0.333] | Lp=4.20 | n_eval=8
[Gen   8 | FE= 164/ 300] p_err=0.156 | 指标=SDE    | score=1(中  ) | Pw=[SDE=0.325 I+=0.337 MD=0.337] | Lp=6.50 | n_eval=8
[Gen   8 | FE= 164/ 300] p_err=0.206 | 指标=I_eps+ | score=1(中  ) | Pw=[SDE=0.332 I+=0.334 MD=0.334] | Lp=2.40 | n_eval=8
[Gen   8 | FE= 164/ 300] p_err=0.245 | 指标=SDE    | score=2(极优) | Pw=[SDE=0.333 I+=0.333 MD=0.333] | Lp=2.00 | n_eval=8
[Gen   8 | FE= 164/ 300] p_err=0.262 | 指标=MD     | score=2(极优) | Pw=[SDE=0.333 I+=0.333 MD=0.333] | Lp=3.10 | n_eval=8
[Gen   8 | FE= 164/ 300] p_err=0.176 | 指标=SDE    | score=2(极优) | Pw=[SDE=0.333 I+=0.333 MD=0.333] | Lp=3.10 | n_eval=8
[Gen   8 | FE= 164/ 300] p_err=0.229 | 指标=SDE    | score=2(极优) | Pw=[SDE=0.326 I+=0.337 MD=0.337] | Lp=2.40 | n_eval=8
[Gen   8 | FE= 164/ 300] p_err=0.176 | 指标=I_eps+ | score=2(极优) | Pw=[SDE=0.333 I+=0.333 MD=0.333] | Lp=4.20 | n_eval=8
[Gen   9 | FE= 172/ 300] p_err=0.233 | 指标=MD     | score=1(中  ) | Pw=[SDE=0.328 I+=0.342 MD=0.330] | Lp=3.10 | n_eval=8
[Gen   9 | FE= 172/ 300] p_err=0.203 | 指标=MD     | score=1(中  ) | Pw=[SDE=0.335 I+=0.338 MD=0.327] | Lp=2.40 | n_eval=8
[Gen   9 | FE= 172/ 300] p_err=0.252 | 指标=I_eps+ | score=2(极优) | Pw=[SDE=0.333 I+=0.333 MD=0.333] | Lp=2.00 | n_eval=8
[Gen   9 | FE= 172/ 300] p_err=0.167 | 指标=SDE    | score=2(极优) | Pw=[SDE=0.333 I+=0.333 MD=0.333] | Lp=2.40 | n_eval=8
[Gen   9 | FE= 172/ 300] p_err=0.241 | 指标=I_eps+ | score=2(极优) | Pw=[SDE=0.333 I+=0.333 MD=0.333] | Lp=3.10 | n_eval=8
[Gen   9 | FE= 172/ 300] p_err=0.223 | 指标=I_eps+ | score=2(极优) | Pw=[SDE=0.326 I+=0.337 MD=0.337] | Lp=2.00 | n_eval=8
[Gen   9 | FE= 172/ 300] p_err=0.197 | 指标=SDE    | score=2(极优) | Pw=[SDE=0.333 I+=0.333 MD=0.333] | Lp=3.10 | n_eval=8
[Gen  10 | FE= 180/ 300] p_err=0.243 | 指标=SDE    | score=2(极优) | Pw=[SDE=0.329 I+=0.342 MD=0.330] | Lp=3.10 | n_eval=8
[Gen  10 | FE= 180/ 300] p_err=0.248 | 指标=I_eps+ | score=2(极优) | Pw=[SDE=0.335 I+=0.339 MD=0.326] | Lp=2.40 | n_eval=8
[Gen  10 | FE= 180/ 300] p_err=0.210 | 指标=SDE    | score=2(极优) | Pw=[SDE=0.333 I+=0.333 MD=0.333] | Lp=2.40 | n_eval=8
[Gen  10 | FE= 180/ 300] p_err=0.202 | 指标=SDE    | score=2(极优) | Pw=[SDE=0.333 I+=0.333 MD=0.333] | Lp=2.40 | n_eval=8
[Gen  10 | FE= 180/ 300] p_err=0.303 | 指标=SDE    | score=2(极优) | Pw=[SDE=0.333 I+=0.333 MD=0.333] | Lp=3.10 | n_eval=8
[Gen  10 | FE= 180/ 300] p_err=0.346 | 指标=MD     | score=1(中  ) | Pw=[SDE=0.329 I+=0.341 MD=0.329] | Lp=2.00 | n_eval=8
[Gen  10 | FE= 180/ 300] p_err=0.228 | 指标=MD     | score=2(极优) | Pw=[SDE=0.333 I+=0.333 MD=0.333] | Lp=4.20 | n_eval=8
[Gen  11 | FE= 188/ 300] p_err=0.227 | 指标=SDE    | score=2(极优) | Pw=[SDE=0.329 I+=0.342 MD=0.329] | Lp=3.10 | n_eval=8
[Gen  11 | FE= 188/ 300] p_err=0.246 | 指标=SDE    | score=2(极优) | Pw=[SDE=0.336 I+=0.339 MD=0.325] | Lp=3.10 | n_eval=8
[Gen  11 | FE= 188/ 300] p_err=0.257 | 指标=MD     | score=2(极优) | Pw=[SDE=0.333 I+=0.333 MD=0.333] | Lp=2.40 | n_eval=8
[Gen  11 | FE= 188/ 300] p_err=0.242 | 指标=SDE    | score=2(极优) | Pw=[SDE=0.333 I+=0.333 MD=0.333] | Lp=2.40 | n_eval=8
[Gen  11 | FE= 188/ 300] p_err=0.249 | 指标=I_eps+ | score=2(极优) | Pw=[SDE=0.333 I+=0.333 MD=0.333] | Lp=3.10 | n_eval=8
[Gen  11 | FE= 188/ 300] p_err=0.204 | 指标=MD     | score=2(极优) | Pw=[SDE=0.329 I+=0.342 MD=0.330] | Lp=2.00 | n_eval=8
[Gen  11 | FE= 188/ 300] p_err=0.204 | 指标=I_eps+ | score=2(极优) | Pw=[SDE=0.333 I+=0.333 MD=0.333] | Lp=4.20 | n_eval=8
[Gen  12 | FE= 196/ 300] p_err=0.295 | 指标=I_eps+ | score=1(中  ) | Pw=[SDE=0.333 I+=0.333 MD=0.333] | Lp=3.10 | n_eval=8
[Gen  12 | FE= 196/ 300] p_err=0.207 | 指标=MD     | score=2(极优) | Pw=[SDE=0.335 I+=0.339 MD=0.326] | Lp=3.10 | n_eval=8
[Gen  12 | FE= 196/ 300] p_err=0.242 | 指标=I_eps+ | score=2(极优) | Pw=[SDE=0.333 I+=0.333 MD=0.333] | Lp=2.00 | n_eval=8
[Gen  12 | FE= 196/ 300] p_err=0.243 | 指标=I_eps+ | score=2(极优) | Pw=[SDE=0.333 I+=0.333 MD=0.333] | Lp=2.00 | n_eval=8
[Gen  12 | FE= 196/ 300] p_err=0.210 | 指标=MD     | score=2(极优) | Pw=[SDE=0.333 I+=0.333 MD=0.333] | Lp=3.10 | n_eval=8
[Gen  12 | FE= 196/ 300] p_err=0.243 | 指标=MD     | score=2(极优) | Pw=[SDE=0.328 I+=0.342 MD=0.330] | Lp=2.00 | n_eval=8
[Gen  12 | FE= 196/ 300] p_err=0.245 | 指标=SDE    | score=2(极优) | Pw=[SDE=0.333 I+=0.333 MD=0.333] | Lp=4.20 | n_eval=8
[Gen  13 | FE= 204/ 300] p_err=0.433 | 指标=I_eps+ | score=2(极优) | Pw=[SDE=0.335 I+=0.341 MD=0.325] | Lp=3.10 | n_eval=8
[Gen  13 | FE= 204/ 300] p_err=0.243 | 指标=MD     | score=2(极优) | Pw=[SDE=0.333 I+=0.333 MD=0.334] | Lp=3.10 | n_eval=8
[Gen  13 | FE= 204/ 300] p_err=0.231 | 指标=I_eps+ | score=1(中  ) | Pw=[SDE=0.338 I+=0.324 MD=0.338] | Lp=3.10 | n_eval=8
[Gen  13 | FE= 204/ 300] p_err=0.176 | 指标=MD     | score=2(极优) | Pw=[SDE=0.333 I+=0.333 MD=0.333] | Lp=2.40 | n_eval=8
[Gen  13 | FE= 204/ 300] p_err=0.266 | 指标=SDE    | score=2(极优) | Pw=[SDE=0.333 I+=0.333 MD=0.333] | Lp=3.10 | n_eval=8
[Gen  13 | FE= 204/ 300] p_err=0.211 | 指标=I_eps+ | score=2(极优) | Pw=[SDE=0.327 I+=0.343 MD=0.330] | Lp=3.10 | n_eval=8
[Gen  13 | FE= 204/ 300] p_err=0.236 | 指标=I_eps+ | score=2(极优) | Pw=[SDE=0.333 I+=0.333 MD=0.333] | Lp=4.20 | n_eval=8
[Gen  14 | FE= 212/ 300] p_err=0.298 | 指标=SDE    | score=2(极优) | Pw=[SDE=0.336 I+=0.341 MD=0.323] | Lp=6.50 | n_eval=8
[Gen  14 | FE= 212/ 300] p_err=0.254 | 指标=SDE    | score=2(极优) | Pw=[SDE=0.334 I+=0.332 MD=0.334] | Lp=3.10 | n_eval=8
[Gen  14 | FE= 212/ 300] p_err=0.205 | 指标=MD     | score=2(极优) | Pw=[SDE=0.338 I+=0.323 MD=0.338] | Lp=4.20 | n_eval=8
[Gen  14 | FE= 212/ 300] p_err=0.235 | 指标=I_eps+ | score=2(极优) | Pw=[SDE=0.333 I+=0.333 MD=0.333] | Lp=2.40 | n_eval=8
[Gen  14 | FE= 212/ 300] p_err=0.167 | 指标=MD     | score=1(中  ) | Pw=[SDE=0.339 I+=0.339 MD=0.322] | Lp=2.40 | n_eval=8
[Gen  14 | FE= 212/ 300] p_err=0.225 | 指标=SDE    | score=2(极优) | Pw=[SDE=0.328 I+=0.343 MD=0.329] | Lp=2.00 | n_eval=8
[Gen  14 | FE= 212/ 300] p_err=0.239 | 指标=MD     | score=2(极优) | Pw=[SDE=0.333 I+=0.333 MD=0.333] | Lp=4.20 | n_eval=8
[Gen  15 | FE= 220/ 300] p_err=0.259 | 指标=I_eps+ | score=2(极优) | Pw=[SDE=0.335 I+=0.343 MD=0.322] | Lp=6.50 | n_eval=8
[Gen  15 | FE= 220/ 300] p_err=0.329 | 指标=I_eps+ | score=2(极优) | Pw=[SDE=0.333 I+=0.333 MD=0.333] | Lp=4.20 | n_eval=8
[Gen  15 | FE= 220/ 300] p_err=0.235 | 指标=MD     | score=2(极优) | Pw=[SDE=0.339 I+=0.322 MD=0.339] | Lp=4.20 | n_eval=8
[Gen  15 | FE= 220/ 300] p_err=0.337 | 指标=SDE    | score=2(极优) | Pw=[SDE=0.333 I+=0.333 MD=0.333] | Lp=2.00 | n_eval=8
[Gen  15 | FE= 220/ 300] p_err=0.304 | 指标=SDE    | score=2(极优) | Pw=[SDE=0.340 I+=0.340 MD=0.321] | Lp=2.40 | n_eval=8
[Gen  15 | FE= 220/ 300] p_err=0.204 | 指标=I_eps+ | score=2(极优) | Pw=[SDE=0.327 I+=0.344 MD=0.329] | Lp=1.60 | n_eval=8
[Gen  15 | FE= 220/ 300] p_err=0.199 | 指标=I_eps+ | score=2(极优) | Pw=[SDE=0.333 I+=0.333 MD=0.333] | Lp=3.10 | n_eval=8
[Gen  16 | FE= 228/ 300] p_err=0.228 | 指标=MD     | score=2(极优) | Pw=[SDE=0.334 I+=0.343 MD=0.323] | Lp=6.50 | n_eval=8
[Gen  16 | FE= 228/ 300] p_err=0.300 | 指标=I_eps+ | score=2(极优) | Pw=[SDE=0.333 I+=0.335 MD=0.333] | Lp=4.20 | n_eval=8
[Gen  16 | FE= 228/ 300] p_err=0.227 | 指标=MD     | score=2(极优) | Pw=[SDE=0.340 I+=0.321 MD=0.340] | Lp=4.20 | n_eval=8
[Gen  16 | FE= 228/ 300] p_err=0.324 | 指标=I_eps+ | score=2(极优) | Pw=[SDE=0.333 I+=0.333 MD=0.333] | Lp=2.00 | n_eval=8
[Gen  16 | FE= 228/ 300] p_err=0.184 | 指标=MD     | score=2(极优) | Pw=[SDE=0.340 I+=0.340 MD=0.321] | Lp=2.40 | n_eval=8
[Gen  16 | FE= 228/ 300] p_err=0.197 | 指标=I_eps+ | score=2(极优) | Pw=[SDE=0.326 I+=0.345 MD=0.328] | Lp=2.00 | n_eval=8
[Gen  16 | FE= 228/ 300] p_err=0.231 | 指标=I_eps+ | score=2(极优) | Pw=[SDE=0.333 I+=0.333 MD=0.333] | Lp=3.10 | n_eval=8
[Gen  17 | FE= 236/ 300] p_err=0.340 | 指标=I_eps+ | score=2(极优) | Pw=[SDE=0.332 I+=0.336 MD=0.332] | Lp=4.20 | n_eval=8
[Gen  17 | FE= 236/ 300] p_err=0.218 | 指标=MD     | score=2(极优) | Pw=[SDE=0.331 I+=0.343 MD=0.325] | Lp=6.50 | n_eval=8
[Gen  17 | FE= 236/ 300] p_err=0.245 | 指标=I_eps+ | score=2(极优) | Pw=[SDE=0.340 I+=0.321 MD=0.340] | Lp=4.20 | n_eval=8
[Gen  17 | FE= 236/ 300] p_err=0.388 | 指标=SDE    | score=2(极优) | Pw=[SDE=0.333 I+=0.333 MD=0.333] | Lp=2.00 | n_eval=8
[Gen  17 | FE= 236/ 300] p_err=0.231 | 指标=MD     | score=2(极优) | Pw=[SDE=0.325 I+=0.346 MD=0.329] | Lp=2.00 | n_eval=8
[Gen  17 | FE= 236/ 300] p_err=0.206 | 指标=MD     | score=2(极优) | Pw=[SDE=0.340 I+=0.340 MD=0.321] | Lp=2.40 | n_eval=8
[Gen  17 | FE= 236/ 300] p_err=0.240 | 指标=I_eps+ | score=2(极优) | Pw=[SDE=0.333 I+=0.333 MD=0.333] | Lp=4.20 | n_eval=8
[Gen  18 | FE= 244/ 300] p_err=0.309 | 指标=SDE    | score=2(极优) | Pw=[SDE=0.333 I+=0.343 MD=0.323] | Lp=6.50 | n_eval=8
[Gen  18 | FE= 244/ 300] p_err=0.244 | 指标=MD     | score=1(中  ) | Pw=[SDE=0.338 I+=0.344 MD=0.318] | Lp=4.20 | n_eval=8
[Gen  18 | FE= 244/ 300] p_err=0.296 | 指标=MD     | score=2(极优) | Pw=[SDE=0.340 I+=0.319 MD=0.340] | Lp=4.20 | n_eval=8
[Gen  18 | FE= 244/ 300] p_err=0.264 | 指标=MD     | score=2(极优) | Pw=[SDE=0.333 I+=0.333 MD=0.333] | Lp=2.00 | n_eval=8
[Gen  18 | FE= 244/ 300] p_err=0.288 | 指标=MD     | score=1(中  ) | Pw=[SDE=0.328 I+=0.354 MD=0.318] | Lp=2.00 | n_eval=8
[Gen  18 | FE= 244/ 300] p_err=0.203 | 指标=MD     | score=2(极优) | Pw=[SDE=0.340 I+=0.340 MD=0.321] | Lp=2.40 | n_eval=8
[Gen  18 | FE= 244/ 300] p_err=0.307 | 指标=MD     | score=2(极优) | Pw=[SDE=0.333 I+=0.333 MD=0.333] | Lp=4.20 | n_eval=8
[Gen  19 | FE= 252/ 300] p_err=0.200 | 指标=MD     | score=2(极优) | Pw=[SDE=0.330 I+=0.344 MD=0.326] | Lp=3.10 | n_eval=8
[Gen  19 | FE= 252/ 300] p_err=0.339 | 指标=I_eps+ | score=2(极优) | Pw=[SDE=0.337 I+=0.347 MD=0.315] | Lp=4.20 | n_eval=8
[Gen  19 | FE= 252/ 300] p_err=0.273 | 指标=I_eps+ | score=2(极优) | Pw=[SDE=0.340 I+=0.319 MD=0.340] | Lp=4.20 | n_eval=8
[Gen  19 | FE= 252/ 300] p_err=0.356 | 指标=I_eps+ | score=2(极优) | Pw=[SDE=0.333 I+=0.333 MD=0.333] | Lp=2.00 | n_eval=8
[Gen  19 | FE= 252/ 300] p_err=0.356 | 指标=SDE    | score=2(极优) | Pw=[SDE=0.340 I+=0.340 MD=0.319] | Lp=2.40 | n_eval=8
[Gen  19 | FE= 252/ 300] p_err=0.242 | 指标=SDE    | score=2(极优) | Pw=[SDE=0.330 I+=0.355 MD=0.315] | Lp=4.20 | n_eval=8
[Gen  19 | FE= 252/ 300] p_err=0.239 | 指标=MD     | score=2(极优) | Pw=[SDE=0.333 I+=0.333 MD=0.333] | Lp=4.20 | n_eval=8
[Gen  20 | FE= 260/ 300] p_err=0.273 | 指标=MD     | score=2(极优) | Pw=[SDE=0.325 I+=0.345 MD=0.330] | Lp=6.50 | n_eval=8
[Gen  20 | FE= 260/ 300] p_err=0.297 | 指标=SDE    | score=1(中  ) | Pw=[SDE=0.320 I+=0.360 MD=0.320] | Lp=4.20 | n_eval=8
[Gen  20 | FE= 260/ 300] p_err=0.302 | 指标=SDE    | score=2(极优) | Pw=[SDE=0.341 I+=0.317 MD=0.341] | Lp=4.20 | n_eval=8
[Gen  20 | FE= 260/ 300] p_err=0.299 | 指标=I_eps+ | score=2(极优) | Pw=[SDE=0.333 I+=0.333 MD=0.333] | Lp=2.00 | n_eval=8
[Gen  20 | FE= 260/ 300] p_err=0.198 | 指标=MD     | score=2(极优) | Pw=[SDE=0.340 I+=0.340 MD=0.319] | Lp=2.00 | n_eval=8
[Gen  20 | FE= 260/ 300] p_err=0.277 | 指标=I_eps+ | score=2(极优) | Pw=[SDE=0.328 I+=0.358 MD=0.313] | Lp=4.20 | n_eval=8
[Gen  20 | FE= 260/ 300] p_err=0.234 | 指标=I_eps+ | score=2(极优) | Pw=[SDE=0.333 I+=0.333 MD=0.333] | Lp=3.10 | n_eval=8
[Gen  21 | FE= 268/ 300] p_err=0.254 | 指标=I_eps+ | score=2(极优) | Pw=[SDE=0.325 I+=0.345 MD=0.330] | Lp=6.50 | n_eval=8
[Gen  21 | FE= 268/ 300] p_err=0.141 | 指标=MD     | score=1(中  ) | Pw=[SDE=0.331 I+=0.372 MD=0.298] | Lp=4.20 | n_eval=8
[Gen  21 | FE= 268/ 300] p_err=0.324 | 指标=SDE    | score=2(极优) | Pw=[SDE=0.341 I+=0.317 MD=0.341] | Lp=4.20 | n_eval=8
[Gen  21 | FE= 268/ 300] p_err=0.306 | 指标=I_eps+ | score=2(极优) | Pw=[SDE=0.333 I+=0.333 MD=0.333] | Lp=2.40 | n_eval=8
[Gen  21 | FE= 268/ 300] p_err=0.254 | 指标=I_eps+ | score=2(极优) | Pw=[SDE=0.324 I+=0.360 MD=0.315] | Lp=2.00 | n_eval=8
[Gen  21 | FE= 268/ 300] p_err=0.265 | 指标=SDE    | score=2(极优) | Pw=[SDE=0.340 I+=0.340 MD=0.319] | Lp=2.00 | n_eval=8
[Gen  21 | FE= 268/ 300] p_err=0.387 | 指标=SDE    | score=2(极优) | Pw=[SDE=0.333 I+=0.333 MD=0.333] | Lp=2.40 | n_eval=8
[Gen  22 | FE= 276/ 300] p_err=0.258 | 指标=MD     | score=1(中  ) | Pw=[SDE=0.331 I+=0.347 MD=0.322] | Lp=4.20 | n_eval=8
[Gen  22 | FE= 276/ 300] p_err=0.163 | 指标=MD     | score=2(极优) | Pw=[SDE=0.331 I+=0.372 MD=0.298] | Lp=2.00 | n_eval=8
[Gen  22 | FE= 276/ 300] p_err=0.310 | 指标=I_eps+ | score=2(极优) | Pw=[SDE=0.340 I+=0.319 MD=0.340] | Lp=4.20 | n_eval=8
[Gen  22 | FE= 276/ 300] p_err=0.396 | 指标=I_eps+ | score=2(极优) | Pw=[SDE=0.333 I+=0.333 MD=0.333] | Lp=2.40 | n_eval=8
[Gen  22 | FE= 276/ 300] p_err=0.204 | 指标=MD     | score=2(极优) | Pw=[SDE=0.340 I+=0.340 MD=0.321] | Lp=3.10 | n_eval=8
[Gen  23 | FE= 284/ 300] p_err=0.269 | 指标=I_eps+ | score=2(极优) | Pw=[SDE=0.332 I+=0.352 MD=0.316] | Lp=4.20 | n_eval=8
[Gen  22 | FE= 276/ 300] p_err=0.252 | 指标=SDE    | score=2(极优) | Pw=[SDE=0.333 I+=0.333 MD=0.333] | Lp=2.40 | n_eval=8
[Gen  22 | FE= 276/ 300] p_err=0.235 | 指标=SDE    | score=2(极优) | Pw=[SDE=0.330 I+=0.361 MD=0.309] | Lp=4.20 | n_eval=8
[Gen  23 | FE= 284/ 300] p_err=0.383 | 指标=SDE    | score=2(极优) | Pw=[SDE=0.331 I+=0.372 MD=0.298] | Lp=3.10 | n_eval=8
[Gen  23 | FE= 284/ 300] p_err=0.212 | 指标=MD     | score=2(极优) | Pw=[SDE=0.333 I+=0.333 MD=0.333] | Lp=2.00 | n_eval=8
[Gen  23 | FE= 284/ 300] p_err=0.176 | 指标=MD     | score=1(中  ) | Pw=[SDE=0.350 I+=0.328 MD=0.321] | Lp=4.20 | n_eval=8
[Gen  23 | FE= 284/ 300] p_err=0.377 | 指标=SDE    | score=2(极优) | Pw=[SDE=0.340 I+=0.340 MD=0.321] | Lp=3.10 | n_eval=8
[Gen  23 | FE= 284/ 300] p_err=0.309 | 指标=I_eps+ | score=1(中  ) | Pw=[SDE=0.340 I+=0.319 MD=0.340] | Lp=2.40 | n_eval=8
[Gen  24 | FE= 292/ 300] p_err=0.284 | 指标=SDE    | score=2(极优) | Pw=[SDE=0.341 I+=0.352 MD=0.308] | Lp=4.20 | n_eval=8
[Gen  23 | FE= 284/ 300] p_err=0.367 | 指标=SDE    | score=2(极优) | Pw=[SDE=0.336 I+=0.362 MD=0.302] | Lp=4.20 | n_eval=8
[Gen  24 | FE= 292/ 300] p_err=0.407 | 指标=SDE    | score=2(极优) | Pw=[SDE=0.344 I+=0.376 MD=0.281] | Lp=4.20 | n_eval=8
[Gen  24 | FE= 292/ 300] p_err=0.196 | 指标=MD     | score=2(极优) | Pw=[SDE=0.333 I+=0.333 MD=0.333] | Lp=2.00 | n_eval=8
[Gen  24 | FE= 292/ 300] p_err=0.173 | 指标=MD     | score=2(极优) | Pw=[SDE=0.349 I+=0.327 MD=0.324] | Lp=4.20 | n_eval=8
[Gen  24 | FE= 292/ 300] p_err=0.351 | 指标=SDE    | score=2(极优) | Pw=[SDE=0.340 I+=0.319 MD=0.340] | Lp=2.40 | n_eval=8
[Gen  24 | FE= 292/ 300] p_err=0.315 | 指标=I_eps+ | score=2(极优) | Pw=[SDE=0.340 I+=0.340 MD=0.319] | Lp=2.40 | n_eval=8
[Gen  25 | FE= 300/ 300] p_err=0.274 | 指标=SDE    | score=2(极优) | Pw=[SDE=0.346 I+=0.346 MD=0.307] | Lp=4.20 | n_eval=8
[Gen  24 | FE= 292/ 300] p_err=0.399 | 指标=SDE    | score=2(极优) | Pw=[SDE=0.353 I+=0.353 MD=0.294] | Lp=2.00 | n_eval=8
[Gen  25 | FE= 300/ 300] p_err=0.384 | 指标=I_eps+ | score=2(极优) | Pw=[SDE=0.333 I+=0.333 MD=0.333] | Lp=2.00 | n_eval=8
[Gen  25 | FE= 300/ 300] p_err=0.307 | 指标=SDE    | score=2(极优) | Pw=[SDE=0.350 I+=0.371 MD=0.280] | Lp=4.20 | n_eval=8
[Gen  25 | FE= 300/ 300] p_err=0.306 | 指标=SDE    | score=2(极优) | Pw=[SDE=0.349 I+=0.327 MD=0.324] | Lp=4.20 | n_eval=8
[Gen  25 | FE= 300/ 300] p_err=0.361 | 指标=I_eps+ | score=2(极优) | Pw=[SDE=0.340 I+=0.340 MD=0.319] | Lp=2.40 | n_eval=8
[Gen  25 | FE= 300/ 300] p_err=0.254 | 指标=SDE    | score=2(极优) | Pw=[SDE=0.340 I+=0.319 MD=0.340] | Lp=2.40 | n_eval=8
[Gen  25 | FE= 300/ 300] p_err=0.312 | 指标=I_eps+ | score=2(极优) | Pw=[SDE=0.353 I+=0.353 MD=0.294] | Lp=4.20 | n_eval=8
[Gen   1 | FE= 108/ 300] p_err=0.444 | 指标=SDE    | score=2(极优) | Pw=[SDE=0.333 I+=0.333 MD=0.333] | Lp=1.15 | n_eval=8
[Gen   1 | FE= 108/ 300] p_err=0.365 | 指标=SDE    | score=2(极优) | Pw=[SDE=0.333 I+=0.333 MD=0.333] | Lp=2.00 | n_eval=8
[Gen   1 | FE= 108/ 300] p_err=0.276 | 指标=SDE    | score=2(极优) | Pw=[SDE=0.333 I+=0.333 MD=0.333] | Lp=1.35 | n_eval=8
[Gen   1 | FE= 108/ 300] p_err=0.265 | 指标=MD     | score=2(极优) | Pw=[SDE=0.333 I+=0.333 MD=0.333] | Lp=1.60 | n_eval=8
[Gen   1 | FE= 108/ 300] p_err=0.248 | 指标=MD     | score=2(极优) | Pw=[SDE=0.333 I+=0.333 MD=0.333] | Lp=6.50 | n_eval=8
[Gen   1 | FE= 108/ 300] p_err=0.184 | 指标=SDE    | score=2(极优) | Pw=[SDE=0.333 I+=0.333 MD=0.333] | Lp=6.50 | n_eval=8
[Gen   1 | FE= 108/ 300] p_err=0.225 | 指标=SDE    | score=2(极优) | Pw=[SDE=0.333 I+=0.333 MD=0.333] | Lp=2.00 | n_eval=8
[Gen   1 | FE= 108/ 300] p_err=0.204 | 指标=I_eps+ | score=2(极优) | Pw=[SDE=0.333 I+=0.333 MD=0.333] | Lp=1.15 | n_eval=8
[Gen   2 | FE= 116/ 300] p_err=0.358 | 指标=MD     | score=2(极优) | Pw=[SDE=0.333 I+=0.333 MD=0.333] | Lp=1.15 | n_eval=8
[Gen   2 | FE= 116/ 300] p_err=0.204 | 指标=SDE    | score=2(极优) | Pw=[SDE=0.333 I+=0.333 MD=0.333] | Lp=2.00 | n_eval=8
[Gen   2 | FE= 116/ 300] p_err=0.194 | 指标=SDE    | score=2(极优) | Pw=[SDE=0.333 I+=0.333 MD=0.333] | Lp=1.35 | n_eval=8
[Gen   2 | FE= 116/ 300] p_err=0.183 | 指标=MD     | score=2(极优) | Pw=[SDE=0.333 I+=0.333 MD=0.333] | Lp=1.60 | n_eval=8
[Gen   2 | FE= 116/ 300] p_err=0.195 | 指标=SDE    | score=2(极优) | Pw=[SDE=0.333 I+=0.333 MD=0.333] | Lp=0.86 | n_eval=8
[Gen   2 | FE= 116/ 300] p_err=0.175 | 指标=I_eps+ | score=2(极优) | Pw=[SDE=0.333 I+=0.333 MD=0.333] | Lp=1.15 | n_eval=8
[Gen   2 | FE= 116/ 300] p_err=0.207 | 指标=MD     | score=2(极优) | Pw=[SDE=0.333 I+=0.333 MD=0.333] | Lp=2.00 | n_eval=8
[Gen   2 | FE= 116/ 300] p_err=0.214 | 指标=I_eps+ | score=2(极优) | Pw=[SDE=0.333 I+=0.333 MD=0.333] | Lp=1.15 | n_eval=8
[Gen   3 | FE= 124/ 300] p_err=0.175 | 指标=I_eps+ | score=2(极优) | Pw=[SDE=0.333 I+=0.333 MD=0.333] | Lp=1.00 | n_eval=8
[Gen   3 | FE= 124/ 300] p_err=0.179 | 指标=I_eps+ | score=2(极优) | Pw=[SDE=0.333 I+=0.333 MD=0.333] | Lp=1.60 | n_eval=8
[Gen   3 | FE= 124/ 300] p_err=0.182 | 指标=MD     | score=2(极优) | Pw=[SDE=0.333 I+=0.333 MD=0.333] | Lp=1.15 | n_eval=8
[Gen   3 | FE= 124/ 300] p_err=0.198 | 指标=I_eps+ | score=2(极优) | Pw=[SDE=0.333 I+=0.333 MD=0.333] | Lp=1.60 | n_eval=8
[Gen   3 | FE= 124/ 300] p_err=0.184 | 指标=SDE    | score=2(极优) | Pw=[SDE=0.333 I+=0.333 MD=0.333] | Lp=0.86 | n_eval=8
[Gen   3 | FE= 124/ 300] p_err=0.267 | 指标=MD     | score=2(极优) | Pw=[SDE=0.333 I+=0.333 MD=0.333] | Lp=0.86 | n_eval=8
[Gen   3 | FE= 124/ 300] p_err=0.160 | 指标=I_eps+ | score=2(极优) | Pw=[SDE=0.333 I+=0.333 MD=0.333] | Lp=1.00 | n_eval=8
[Gen   3 | FE= 124/ 300] p_err=0.323 | 指标=I_eps+ | score=2(极优) | Pw=[SDE=0.333 I+=0.333 MD=0.333] | Lp=1.15 | n_eval=8
[Gen   4 | FE= 132/ 300] p_err=0.229 | 指标=SDE    | score=2(极优) | Pw=[SDE=0.333 I+=0.333 MD=0.333] | Lp=1.35 | n_eval=8
[Gen   4 | FE= 132/ 300] p_err=0.181 | 指标=I_eps+ | score=2(极优) | Pw=[SDE=0.333 I+=0.333 MD=0.333] | Lp=2.40 | n_eval=8
[Gen   4 | FE= 132/ 300] p_err=0.201 | 指标=SDE    | score=2(极优) | Pw=[SDE=0.333 I+=0.333 MD=0.333] | Lp=1.60 | n_eval=8
[Gen   4 | FE= 132/ 300] p_err=0.217 | 指标=I_eps+ | score=2(极优) | Pw=[SDE=0.333 I+=0.333 MD=0.333] | Lp=0.86 | n_eval=8
[Gen   4 | FE= 132/ 300] p_err=0.199 | 指标=MD     | score=2(极优) | Pw=[SDE=0.333 I+=0.333 MD=0.333] | Lp=1.35 | n_eval=8
[Gen   4 | FE= 132/ 300] p_err=0.341 | 指标=SDE    | score=2(极优) | Pw=[SDE=0.333 I+=0.333 MD=0.333] | Lp=1.00 | n_eval=8
[Gen   4 | FE= 132/ 300] p_err=0.310 | 指标=SDE    | score=2(极优) | Pw=[SDE=0.333 I+=0.333 MD=0.333] | Lp=1.00 | n_eval=8
[Gen   4 | FE= 132/ 300] p_err=0.177 | 指标=MD     | score=2(极优) | Pw=[SDE=0.333 I+=0.333 MD=0.333] | Lp=1.35 | n_eval=8
[Gen   5 | FE= 140/ 300] p_err=0.263 | 指标=SDE    | score=2(极优) | Pw=[SDE=0.333 I+=0.333 MD=0.333] | Lp=1.60 | n_eval=8
[Gen   5 | FE= 140/ 300] p_err=0.219 | 指标=MD     | score=2(极优) | Pw=[SDE=0.333 I+=0.333 MD=0.333] | Lp=2.00 | n_eval=8
[Gen   5 | FE= 140/ 300] p_err=0.211 | 指标=I_eps+ | score=2(极优) | Pw=[SDE=0.333 I+=0.333 MD=0.333] | Lp=2.00 | n_eval=8
[Gen   5 | FE= 140/ 300] p_err=0.125 | 指标=SDE    | score=2(极优) | Pw=[SDE=0.333 I+=0.333 MD=0.333] | Lp=0.75 | n_eval=8
[Gen   5 | FE= 140/ 300] p_err=0.188 | 指标=I_eps+ | score=2(极优) | Pw=[SDE=0.333 I+=0.333 MD=0.333] | Lp=1.35 | n_eval=8
[Gen   5 | FE= 140/ 300] p_err=0.214 | 指标=MD     | score=2(极优) | Pw=[SDE=0.333 I+=0.333 MD=0.333] | Lp=1.00 | n_eval=8
[Gen   5 | FE= 140/ 300] p_err=0.190 | 指标=I_eps+ | score=2(极优) | Pw=[SDE=0.333 I+=0.333 MD=0.333] | Lp=1.00 | n_eval=8
[Gen   5 | FE= 140/ 300] p_err=0.215 | 指标=SDE    | score=2(极优) | Pw=[SDE=0.333 I+=0.333 MD=0.333] | Lp=1.35 | n_eval=8
[Gen   6 | FE= 148/ 300] p_err=0.206 | 指标=I_eps+ | score=2(极优) | Pw=[SDE=0.333 I+=0.333 MD=0.333] | Lp=2.00 | n_eval=8
[Gen   6 | FE= 148/ 300] p_err=0.216 | 指标=I_eps+ | score=2(极优) | Pw=[SDE=0.333 I+=0.333 MD=0.333] | Lp=1.60 | n_eval=8
[Gen   6 | FE= 148/ 300] p_err=0.146 | 指标=MD     | score=2(极优) | Pw=[SDE=0.333 I+=0.333 MD=0.333] | Lp=1.15 | n_eval=8
[Gen   6 | FE= 148/ 300] p_err=0.211 | 指标=SDE    | score=1(中  ) | Pw=[SDE=0.326 I+=0.337 MD=0.337] | Lp=1.00 | n_eval=8
[Gen   6 | FE= 148/ 300] p_err=0.247 | 指标=MD     | score=2(极优) | Pw=[SDE=0.333 I+=0.333 MD=0.333] | Lp=2.00 | n_eval=8
[Gen   6 | FE= 148/ 300] p_err=0.219 | 指标=MD     | score=2(极优) | Pw=[SDE=0.333 I+=0.333 MD=0.333] | Lp=1.35 | n_eval=8
[Gen   6 | FE= 148/ 300] p_err=0.197 | 指标=MD     | score=2(极优) | Pw=[SDE=0.333 I+=0.333 MD=0.333] | Lp=1.00 | n_eval=8
[Gen   6 | FE= 148/ 300] p_err=0.200 | 指标=I_eps+ | score=2(极优) | Pw=[SDE=0.333 I+=0.333 MD=0.333] | Lp=1.35 | n_eval=8
[Gen   7 | FE= 156/ 300] p_err=0.215 | 指标=MD     | score=2(极优) | Pw=[SDE=0.333 I+=0.333 MD=0.333] | Lp=2.40 | n_eval=8
[Gen   7 | FE= 156/ 300] p_err=0.167 | 指标=SDE    | score=2(极优) | Pw=[SDE=0.333 I+=0.333 MD=0.333] | Lp=1.15 | n_eval=8
[Gen   7 | FE= 156/ 300] p_err=0.194 | 指标=MD     | score=2(极优) | Pw=[SDE=0.333 I+=0.333 MD=0.333] | Lp=2.00 | n_eval=8
[Gen   7 | FE= 156/ 300] p_err=0.126 | 指标=SDE    | score=2(极优) | Pw=[SDE=0.326 I+=0.337 MD=0.337] | Lp=1.15 | n_eval=8
[Gen   7 | FE= 156/ 300] p_err=0.294 | 指标=SDE    | score=2(极优) | Pw=[SDE=0.333 I+=0.333 MD=0.333] | Lp=1.35 | n_eval=8
[Gen   7 | FE= 156/ 300] p_err=0.167 | 指标=MD     | score=2(极优) | Pw=[SDE=0.333 I+=0.333 MD=0.333] | Lp=1.60 | n_eval=8
[Gen   7 | FE= 156/ 300] p_err=0.233 | 指标=SDE    | score=1(中  ) | Pw=[SDE=0.326 I+=0.337 MD=0.337] | Lp=1.00 | n_eval=8
[Gen   7 | FE= 156/ 300] p_err=0.159 | 指标=I_eps+ | score=2(极优) | Pw=[SDE=0.333 I+=0.333 MD=0.333] | Lp=1.35 | n_eval=8
[Gen   8 | FE= 164/ 300] p_err=0.258 | 指标=MD     | score=2(极优) | Pw=[SDE=0.333 I+=0.333 MD=0.333] | Lp=2.40 | n_eval=8
[Gen   8 | FE= 164/ 300] p_err=0.133 | 指标=I_eps+ | score=1(中  ) | Pw=[SDE=0.337 I+=0.325 MD=0.337] | Lp=1.00 | n_eval=8
[Gen   8 | FE= 164/ 300] p_err=0.246 | 指标=MD     | score=2(极优) | Pw=[SDE=0.326 I+=0.337 MD=0.337] | Lp=1.00 | n_eval=8
[Gen   8 | FE= 164/ 300] p_err=0.223 | 指标=I_eps+ | score=2(极优) | Pw=[SDE=0.333 I+=0.333 MD=0.333] | Lp=2.40 | n_eval=8
[Gen   8 | FE= 164/ 300] p_err=0.383 | 指标=SDE    | score=2(极优) | Pw=[SDE=0.333 I+=0.333 MD=0.333] | Lp=1.15 | n_eval=8
[Gen   8 | FE= 164/ 300] p_err=0.212 | 指标=SDE    | score=2(极优) | Pw=[SDE=0.333 I+=0.333 MD=0.333] | Lp=1.60 | n_eval=8
[Gen   8 | FE= 164/ 300] p_err=0.204 | 指标=MD     | score=2(极优) | Pw=[SDE=0.326 I+=0.337 MD=0.337] | Lp=2.40 | n_eval=8
[Gen   8 | FE= 164/ 300] p_err=0.199 | 指标=MD     | score=2(极优) | Pw=[SDE=0.333 I+=0.333 MD=0.333] | Lp=1.35 | n_eval=8
[Gen   9 | FE= 172/ 300] p_err=0.118 | 指标=MD     | score=2(极优) | Pw=[SDE=0.338 I+=0.325 MD=0.338] | Lp=1.00 | n_eval=8
[Gen   9 | FE= 172/ 300] p_err=0.210 | 指标=MD     | score=2(极优) | Pw=[SDE=0.333 I+=0.333 MD=0.333] | Lp=2.40 | n_eval=8
[Gen   9 | FE= 172/ 300] p_err=0.317 | 指标=SDE    | score=2(极优) | Pw=[SDE=0.333 I+=0.333 MD=0.333] | Lp=1.35 | n_eval=8
[Gen   9 | FE= 172/ 300] p_err=0.121 | 指标=I_eps+ | score=1(中  ) | Pw=[SDE=0.329 I+=0.329 MD=0.341] | Lp=1.00 | n_eval=8
[Gen   9 | FE= 172/ 300] p_err=0.273 | 指标=MD     | score=2(极优) | Pw=[SDE=0.333 I+=0.333 MD=0.333] | Lp=1.35 | n_eval=8
[Gen   9 | FE= 172/ 300] p_err=0.224 | 指标=SDE    | score=2(极优) | Pw=[SDE=0.326 I+=0.337 MD=0.337] | Lp=2.40 | n_eval=8
[Gen   9 | FE= 172/ 300] p_err=0.247 | 指标=I_eps+ | score=1(中  ) | Pw=[SDE=0.337 I+=0.325 MD=0.337] | Lp=1.35 | n_eval=8
[Gen   9 | FE= 172/ 300] p_err=0.205 | 指标=SDE    | score=2(极优) | Pw=[SDE=0.333 I+=0.333 MD=0.333] | Lp=1.60 | n_eval=8
[Gen  10 | FE= 180/ 300] p_err=0.157 | 指标=MD     | score=2(极优) | Pw=[SDE=0.338 I+=0.324 MD=0.338] | Lp=1.15 | n_eval=8
[Gen  10 | FE= 180/ 300] p_err=0.207 | 指标=SDE    | score=2(极优) | Pw=[SDE=0.333 I+=0.333 MD=0.333] | Lp=2.40 | n_eval=8
[Gen  10 | FE= 180/ 300] p_err=0.190 | 指标=I_eps+ | score=2(极优) | Pw=[SDE=0.329 I+=0.330 MD=0.342] | Lp=1.00 | n_eval=8
[Gen  10 | FE= 180/ 300] p_err=0.229 | 指标=SDE    | score=2(极优) | Pw=[SDE=0.333 I+=0.333 MD=0.333] | Lp=1.35 | n_eval=8
[Gen  10 | FE= 180/ 300] p_err=0.234 | 指标=MD     | score=2(极优) | Pw=[SDE=0.325 I+=0.337 MD=0.337] | Lp=6.50 | n_eval=8
[Gen  10 | FE= 180/ 300] p_err=0.158 | 指标=I_eps+ | score=2(极优) | Pw=[SDE=0.333 I+=0.333 MD=0.333] | Lp=1.60 | n_eval=8
[Gen  10 | FE= 180/ 300] p_err=0.169 | 指标=SDE    | score=1(中  ) | Pw=[SDE=0.330 I+=0.328 MD=0.342] | Lp=1.15 | n_eval=8
[Gen  10 | FE= 180/ 300] p_err=0.175 | 指标=I_eps+ | score=2(极优) | Pw=[SDE=0.333 I+=0.333 MD=0.333] | Lp=2.00 | n_eval=8
[Gen  11 | FE= 188/ 300] p_err=0.136 | 指标=I_eps+ | score=2(极优) | Pw=[SDE=0.338 I+=0.324 MD=0.338] | Lp=0.86 | n_eval=8
[Gen  11 | FE= 188/ 300] p_err=0.286 | 指标=SDE    | score=2(极优) | Pw=[SDE=0.333 I+=0.333 MD=0.333] | Lp=3.10 | n_eval=8
[Gen  11 | FE= 188/ 300] p_err=0.150 | 指标=I_eps+ | score=2(极优) | Pw=[SDE=0.328 I+=0.330 MD=0.342] | Lp=2.40 | n_eval=8
[Gen  11 | FE= 188/ 300] p_err=0.157 | 指标=MD     | score=2(极优) | Pw=[SDE=0.333 I+=0.333 MD=0.333] | Lp=1.00 | n_eval=8
[Gen  11 | FE= 188/ 300] p_err=0.189 | 指标=MD     | score=2(极优) | Pw=[SDE=0.325 I+=0.338 MD=0.338] | Lp=4.20 | n_eval=8
[Gen  11 | FE= 188/ 300] p_err=0.219 | 指标=I_eps+ | score=2(极优) | Pw=[SDE=0.333 I+=0.333 MD=0.333] | Lp=1.60 | n_eval=8
[Gen  11 | FE= 188/ 300] p_err=0.183 | 指标=SDE    | score=2(极优) | Pw=[SDE=0.330 I+=0.328 MD=0.342] | Lp=1.15 | n_eval=8
[Gen  11 | FE= 188/ 300] p_err=0.165 | 指标=I_eps+ | score=2(极优) | Pw=[SDE=0.333 I+=0.333 MD=0.333] | Lp=1.60 | n_eval=8
[Gen  12 | FE= 196/ 300] p_err=0.129 | 指标=SDE    | score=2(极优) | Pw=[SDE=0.338 I+=0.323 MD=0.338] | Lp=2.40 | n_eval=8
[Gen  12 | FE= 196/ 300] p_err=0.172 | 指标=SDE    | score=2(极优) | Pw=[SDE=0.328 I+=0.329 MD=0.342] | Lp=4.20 | n_eval=8
[Gen  12 | FE= 196/ 300] p_err=0.181 | 指标=I_eps+ | score=2(极优) | Pw=[SDE=0.333 I+=0.333 MD=0.333] | Lp=2.40 | n_eval=8
[Gen  12 | FE= 196/ 300] p_err=0.239 | 指标=MD     | score=2(极优) | Pw=[SDE=0.333 I+=0.333 MD=0.333] | Lp=1.60 | n_eval=8
[Gen  12 | FE= 196/ 300] p_err=0.256 | 指标=MD     | score=1(中  ) | Pw=[SDE=0.328 I+=0.342 MD=0.330] | Lp=6.50 | n_eval=8
[Gen  12 | FE= 196/ 300] p_err=0.265 | 指标=MD     | score=2(极优) | Pw=[SDE=0.333 I+=0.333 MD=0.333] | Lp=1.60 | n_eval=8
[Gen  12 | FE= 196/ 300] p_err=0.161 | 指标=MD     | score=2(极优) | Pw=[SDE=0.330 I+=0.327 MD=0.343] | Lp=1.15 | n_eval=8
[Gen  12 | FE= 196/ 300] p_err=0.165 | 指标=I_eps+ | score=2(极优) | Pw=[SDE=0.333 I+=0.333 MD=0.333] | Lp=2.00 | n_eval=8
[Gen  13 | FE= 204/ 300] p_err=0.073 | 指标=SDE    | score=2(极优) | Pw=[SDE=0.339 I+=0.322 MD=0.339] | Lp=6.50 | n_eval=8
[Gen  13 | FE= 204/ 300] p_err=0.118 | 指标=I_eps+ | score=1(中  ) | Pw=[SDE=0.332 I+=0.321 MD=0.348] | Lp=1.60 | n_eval=8
[Gen  13 | FE= 204/ 300] p_err=0.198 | 指标=SDE    | score=2(极优) | Pw=[SDE=0.328 I+=0.342 MD=0.330] | Lp=6.50 | n_eval=8
[Gen  13 | FE= 204/ 300] p_err=0.106 | 指标=SDE    | score=1(中  ) | Pw=[SDE=0.324 I+=0.338 MD=0.338] | Lp=1.60 | n_eval=8
[Gen  13 | FE= 204/ 300] p_err=0.168 | 指标=MD     | score=1(中  ) | Pw=[SDE=0.338 I+=0.338 MD=0.325] | Lp=2.40 | n_eval=8
[Gen  13 | FE= 204/ 300] p_err=0.131 | 指标=MD     | score=2(极优) | Pw=[SDE=0.333 I+=0.333 MD=0.333] | Lp=1.35 | n_eval=8
[Gen  13 | FE= 204/ 300] p_err=0.169 | 指标=MD     | score=2(极优) | Pw=[SDE=0.330 I+=0.326 MD=0.343] | Lp=1.15 | n_eval=8
[Gen  13 | FE= 204/ 300] p_err=0.190 | 指标=I_eps+ | score=2(极优) | Pw=[SDE=0.333 I+=0.333 MD=0.333] | Lp=2.00 | n_eval=8
[Gen  14 | FE= 212/ 300] p_err=0.079 | 指标=MD     | score=2(极优) | Pw=[SDE=0.340 I+=0.321 MD=0.340] | Lp=4.20 | n_eval=8
[Gen  14 | FE= 212/ 300] p_err=0.199 | 指标=MD     | score=1(中  ) | Pw=[SDE=0.331 I+=0.347 MD=0.322] | Lp=6.50 | n_eval=8
[Gen  14 | FE= 212/ 300] p_err=0.168 | 指标=SDE    | score=1(中  ) | Pw=[SDE=0.322 I+=0.324 MD=0.354] | Lp=1.60 | n_eval=8
[Gen  14 | FE= 212/ 300] p_err=0.190 | 指标=SDE    | score=1(中  ) | Pw=[SDE=0.314 I+=0.343 MD=0.343] | Lp=1.60 | n_eval=8
[Gen  14 | FE= 212/ 300] p_err=0.176 | 指标=SDE    | score=1(中  ) | Pw=[SDE=0.327 I+=0.344 MD=0.330] | Lp=2.40 | n_eval=8
[Gen  14 | FE= 212/ 300] p_err=0.185 | 指标=I_eps+ | score=2(极优) | Pw=[SDE=0.333 I+=0.333 MD=0.333] | Lp=1.35 | n_eval=8
[Gen  14 | FE= 212/ 300] p_err=0.144 | 指标=MD     | score=2(极优) | Pw=[SDE=0.330 I+=0.325 MD=0.344] | Lp=1.15 | n_eval=8
[Gen  14 | FE= 212/ 300] p_err=0.216 | 指标=I_eps+ | score=2(极优) | Pw=[SDE=0.333 I+=0.333 MD=0.333] | Lp=2.40 | n_eval=8
[Gen  15 | FE= 220/ 300] p_err=0.095 | 指标=MD     | score=2(极优) | Pw=[SDE=0.340 I+=0.319 MD=0.340] | Lp=2.40 | n_eval=8
[Gen  15 | FE= 220/ 300] p_err=0.141 | 指标=SDE    | score=2(极优) | Pw=[SDE=0.332 I+=0.348 MD=0.321] | Lp=4.20 | n_eval=8
[Gen  15 | FE= 220/ 300] p_err=0.244 | 指标=MD     | score=2(极优) | Pw=[SDE=0.320 I+=0.324 MD=0.356] | Lp=1.60 | n_eval=8
[Gen  15 | FE= 220/ 300] p_err=0.125 | 指标=MD     | score=2(极优) | Pw=[SDE=0.312 I+=0.344 MD=0.344] | Lp=1.35 | n_eval=8
[Gen  15 | FE= 220/ 300] p_err=0.122 | 指标=MD     | score=2(极优) | Pw=[SDE=0.325 I+=0.344 MD=0.330] | Lp=2.00 | n_eval=8
[Gen  15 | FE= 220/ 300] p_err=0.130 | 指标=I_eps+ | score=2(极优) | Pw=[SDE=0.333 I+=0.333 MD=0.333] | Lp=1.60 | n_eval=8
[Gen  15 | FE= 220/ 300] p_err=0.159 | 指标=SDE    | score=2(极优) | Pw=[SDE=0.331 I+=0.324 MD=0.345] | Lp=1.35 | n_eval=8
[Gen  15 | FE= 220/ 300] p_err=0.212 | 指标=I_eps+ | score=2(极优) | Pw=[SDE=0.333 I+=0.333 MD=0.333] | Lp=3.10 | n_eval=8
[Gen  16 | FE= 228/ 300] p_err=0.091 | 指标=SDE    | score=2(极优) | Pw=[SDE=0.341 I+=0.317 MD=0.341] | Lp=2.40 | n_eval=8
[Gen  16 | FE= 228/ 300] p_err=0.267 | 指标=MD     | score=2(极优) | Pw=[SDE=0.319 I+=0.323 MD=0.359] | Lp=1.60 | n_eval=8
[Gen  16 | FE= 228/ 300] p_err=0.291 | 指标=I_eps+ | score=2(极优) | Pw=[SDE=0.331 I+=0.349 MD=0.320] | Lp=6.50 | n_eval=8
[Gen  16 | FE= 228/ 300] p_err=0.127 | 指标=SDE    | score=2(极优) | Pw=[SDE=0.312 I+=0.344 MD=0.344] | Lp=1.35 | n_eval=8
[Gen  16 | FE= 228/ 300] p_err=0.115 | 指标=SDE    | score=2(极优) | Pw=[SDE=0.326 I+=0.345 MD=0.329] | Lp=2.00 | n_eval=8
[Gen  16 | FE= 228/ 300] p_err=0.176 | 指标=SDE    | score=2(极优) | Pw=[SDE=0.332 I+=0.322 MD=0.346] | Lp=1.35 | n_eval=8
[Gen  16 | FE= 228/ 300] p_err=0.223 | 指标=SDE    | score=2(极优) | Pw=[SDE=0.333 I+=0.333 MD=0.333] | Lp=2.00 | n_eval=8
[Gen  16 | FE= 228/ 300] p_err=0.156 | 指标=MD     | score=1(中  ) | Pw=[SDE=0.341 I+=0.341 MD=0.317] | Lp=4.20 | n_eval=8
[Gen  17 | FE= 236/ 300] p_err=0.062 | 指标=MD     | score=2(极优) | Pw=[SDE=0.343 I+=0.314 MD=0.343] | Lp=2.40 | n_eval=8
[Gen  17 | FE= 236/ 300] p_err=0.244 | 指标=MD     | score=1(中  ) | Pw=[SDE=0.323 I+=0.328 MD=0.349] | Lp=1.35 | n_eval=8
[Gen  17 | FE= 236/ 300] p_err=0.168 | 指标=SDE    | score=2(极优) | Pw=[SDE=0.312 I+=0.344 MD=0.344] | Lp=1.35 | n_eval=8
[Gen  17 | FE= 236/ 300] p_err=0.142 | 指标=SDE    | score=2(极优) | Pw=[SDE=0.326 I+=0.345 MD=0.328] | Lp=4.20 | n_eval=8
[Gen  17 | FE= 236/ 300] p_err=0.245 | 指标=I_eps+ | score=2(极优) | Pw=[SDE=0.331 I+=0.350 MD=0.319] | Lp=1.00 | n_eval=8
[Gen  17 | FE= 236/ 300] p_err=0.158 | 指标=SDE    | score=2(极优) | Pw=[SDE=0.333 I+=0.319 MD=0.348] | Lp=1.35 | n_eval=8
[Gen  17 | FE= 236/ 300] p_err=0.185 | 指标=I_eps+ | score=1(中  ) | Pw=[SDE=0.340 I+=0.321 MD=0.340] | Lp=2.00 | n_eval=8
[Gen  17 | FE= 236/ 300] p_err=0.236 | 指标=SDE    | score=1(中  ) | Pw=[SDE=0.324 I+=0.353 MD=0.324] | Lp=4.20 | n_eval=8
[Gen  18 | FE= 244/ 300] p_err=0.067 | 指标=SDE    | score=1(中  ) | Pw=[SDE=0.334 I+=0.315 MD=0.350] | Lp=2.40 | n_eval=8
[Gen  18 | FE= 244/ 300] p_err=0.152 | 指标=SDE    | score=2(极优) | Pw=[SDE=0.312 I+=0.344 MD=0.344] | Lp=1.35 | n_eval=8
[Gen  18 | FE= 244/ 300] p_err=0.106 | 指标=I_eps+ | score=1(中  ) | Pw=[SDE=0.326 I+=0.317 MD=0.357] | Lp=1.35 | n_eval=8
[Gen  18 | FE= 244/ 300] p_err=0.164 | 指标=SDE    | score=1(中  ) | Pw=[SDE=0.314 I+=0.353 MD=0.333] | Lp=4.20 | n_eval=8
[Gen  18 | FE= 244/ 300] p_err=0.193 | 指标=SDE    | score=2(极优) | Pw=[SDE=0.332 I+=0.352 MD=0.316] | Lp=1.00 | n_eval=8
[Gen  18 | FE= 244/ 300] p_err=0.231 | 指标=SDE    | score=2(极优) | Pw=[SDE=0.335 I+=0.315 MD=0.350] | Lp=1.35 | n_eval=8
[Gen  18 | FE= 244/ 300] p_err=0.192 | 指标=I_eps+ | score=1(中  ) | Pw=[SDE=0.346 I+=0.308 MD=0.346] | Lp=2.00 | n_eval=8
[Gen  19 | FE= 252/ 300] p_err=0.305 | 指标=I_eps+ | score=1(中  ) | Pw=[SDE=0.345 I+=0.291 MD=0.364] | Lp=1.15 | n_eval=8
[Gen  18 | FE= 244/ 300] p_err=0.165 | 指标=MD     | score=2(极优) | Pw=[SDE=0.320 I+=0.355 MD=0.325] | Lp=6.50 | n_eval=8
[Gen  19 | FE= 252/ 300] p_err=0.145 | 指标=SDE    | score=1(中  ) | Pw=[SDE=0.302 I+=0.349 MD=0.349] | Lp=1.35 | n_eval=8
[Gen  19 | FE= 252/ 300] p_err=0.164 | 指标=SDE    | score=2(极优) | Pw=[SDE=0.314 I+=0.354 MD=0.332] | Lp=2.40 | n_eval=8
[Gen  19 | FE= 252/ 300] p_err=0.188 | 指标=MD     | score=1(中  ) | Pw=[SDE=0.331 I+=0.322 MD=0.347] | Lp=1.35 | n_eval=8
[Gen  19 | FE= 252/ 300] p_err=0.121 | 指标=SDE    | score=2(极优) | Pw=[SDE=0.333 I+=0.353 MD=0.314] | Lp=1.60 | n_eval=8
[Gen  19 | FE= 252/ 300] p_err=0.160 | 指标=SDE    | score=2(极优) | Pw=[SDE=0.338 I+=0.309 MD=0.353] | Lp=0.86 | n_eval=8
[Gen  19 | FE= 252/ 300] p_err=0.269 | 指标=MD     | score=2(极优) | Pw=[SDE=0.348 I+=0.304 MD=0.348] | Lp=2.40 | n_eval=8
[Gen  20 | FE= 260/ 300] p_err=0.103 | 指标=SDE    | score=2(极优) | Pw=[SDE=0.352 I+=0.278 MD=0.370] | Lp=0.86 | n_eval=8
[Gen  19 | FE= 252/ 300] p_err=0.191 | 指标=MD     | score=2(极优) | Pw=[SDE=0.313 I+=0.358 MD=0.328] | Lp=6.50 | n_eval=8
[Gen  20 | FE= 260/ 300] p_err=0.238 | 指标=MD     | score=2(极优) | Pw=[SDE=0.298 I+=0.351 MD=0.351] | Lp=1.35 | n_eval=8
[Gen  20 | FE= 260/ 300] p_err=0.124 | 指标=MD     | score=2(极优) | Pw=[SDE=0.311 I+=0.356 MD=0.333] | Lp=2.40 | n_eval=8
[Gen  20 | FE= 260/ 300] p_err=0.088 | 指标=MD     | score=1(中  ) | Pw=[SDE=0.338 I+=0.361 MD=0.301] | Lp=1.60 | n_eval=8
[Gen  20 | FE= 260/ 300] p_err=0.167 | 指标=MD     | score=2(极优) | Pw=[SDE=0.342 I+=0.299 MD=0.359] | Lp=0.86 | n_eval=8
[Gen  20 | FE= 260/ 300] p_err=0.195 | 指标=MD     | score=1(中  ) | Pw=[SDE=0.334 I+=0.328 MD=0.339] | Lp=1.35 | n_eval=8
[Gen  20 | FE= 260/ 300] p_err=0.238 | 指标=MD     | score=2(极优) | Pw=[SDE=0.350 I+=0.300 MD=0.350] | Lp=2.40 | n_eval=8
[Gen  21 | FE= 268/ 300] p_err=0.060 | 指标=MD     | score=2(极优) | Pw=[SDE=0.351 I+=0.278 MD=0.371] | Lp=0.86 | n_eval=8
[Gen  20 | FE= 260/ 300] p_err=0.302 | 指标=SDE    | score=1(中  ) | Pw=[SDE=0.283 I+=0.377 MD=0.340] | Lp=1.00 | n_eval=8
[Gen  21 | FE= 268/ 300] p_err=0.090 | 指标=I_eps+ | score=1(中  ) | Pw=[SDE=0.308 I+=0.323 MD=0.369] | Lp=1.35 | n_eval=8
[Gen  21 | FE= 268/ 300] p_err=0.176 | 指标=MD     | score=2(极优) | Pw=[SDE=0.341 I+=0.299 MD=0.359] | Lp=0.86 | n_eval=8
[Gen  21 | FE= 268/ 300] p_err=0.166 | 指标=MD     | score=2(极优) | Pw=[SDE=0.334 I+=0.360 MD=0.306] | Lp=0.86 | n_eval=8
[Gen  21 | FE= 268/ 300] p_err=0.149 | 指标=I_eps+ | score=1(中  ) | Pw=[SDE=0.343 I+=0.321 MD=0.336] | Lp=1.35 | n_eval=8
[Gen  21 | FE= 268/ 300] p_err=0.310 | 指标=SDE    | score=2(极优) | Pw=[SDE=0.350 I+=0.300 MD=0.350] | Lp=2.00 | n_eval=8
[Gen  21 | FE= 268/ 300] p_err=0.083 | 指标=I_eps+ | score=1(中  ) | Pw=[SDE=0.324 I+=0.333 MD=0.343] | Lp=2.40 | n_eval=8
[Gen  22 | FE= 276/ 300] p_err=0.098 | 指标=MD     | score=2(极优) | Pw=[SDE=0.349 I+=0.279 MD=0.372] | Lp=0.86 | n_eval=8
[Gen  21 | FE= 268/ 300] p_err=0.312 | 指标=I_eps+ | score=2(极优) | Pw=[SDE=0.283 I+=0.377 MD=0.340] | Lp=1.00 | n_eval=8
[Gen  22 | FE= 276/ 300] p_err=0.202 | 指标=SDE    | score=2(极优) | Pw=[SDE=0.312 I+=0.321 MD=0.367] | Lp=1.15 | n_eval=8
[Gen  22 | FE= 276/ 300] p_err=0.181 | 指标=SDE    | score=2(极优) | Pw=[SDE=0.341 I+=0.299 MD=0.359] | Lp=0.86 | n_eval=8
[Gen  22 | FE= 276/ 300] p_err=0.111 | 指标=SDE    | score=1(中  ) | Pw=[SDE=0.323 I+=0.369 MD=0.308] | Lp=1.35 | n_eval=8
[Gen  22 | FE= 276/ 300] p_err=0.263 | 指标=SDE    | score=1(中  ) | Pw=[SDE=0.326 I+=0.311 MD=0.363] | Lp=3.10 | n_eval=8
[Gen  22 | FE= 276/ 300] p_err=0.279 | 指标=SDE    | score=1(中  ) | Pw=[SDE=0.333 I+=0.317 MD=0.349] | Lp=1.35 | n_eval=8
[Gen  23 | FE= 284/ 300] p_err=0.193 | 指标=SDE    | score=2(极优) | Pw=[SDE=0.349 I+=0.279 MD=0.372] | Lp=0.86 | n_eval=8
[Gen  22 | FE= 276/ 300] p_err=0.108 | 指标=SDE    | score=1(中  ) | Pw=[SDE=0.314 I+=0.340 MD=0.346] | Lp=1.60 | n_eval=8
[Gen  22 | FE= 276/ 300] p_err=0.226 | 指标=SDE    | score=2(极优) | Pw=[SDE=0.296 I+=0.370 MD=0.333] | Lp=1.35 | n_eval=8
[Gen  23 | FE= 284/ 300] p_err=0.126 | 指标=MD     | score=2(极优) | Pw=[SDE=0.317 I+=0.311 MD=0.373] | Lp=1.15 | n_eval=8
[Gen  23 | FE= 284/ 300] p_err=0.188 | 指标=SDE    | score=2(极优) | Pw=[SDE=0.353 I+=0.277 MD=0.370] | Lp=0.86 | n_eval=8
[Gen  23 | FE= 284/ 300] p_err=0.077 | 指标=SDE    | score=2(极优) | Pw=[SDE=0.329 I+=0.370 MD=0.301] | Lp=1.35 | n_eval=8
[Gen  23 | FE= 284/ 300] p_err=0.273 | 指标=SDE    | score=1(中  ) | Pw=[SDE=0.310 I+=0.319 MD=0.372] | Lp=3.10 | n_eval=8
[Gen  23 | FE= 284/ 300] p_err=0.191 | 指标=MD     | score=2(极优) | Pw=[SDE=0.336 I+=0.299 MD=0.364] | Lp=1.35 | n_eval=8
[Gen  24 | FE= 292/ 300] p_err=0.128 | 指标=MD     | score=2(极优) | Pw=[SDE=0.360 I+=0.256 MD=0.384] | Lp=0.86 | n_eval=8
[Gen  23 | FE= 284/ 300] p_err=0.154 | 指标=MD     | score=1(中  ) | Pw=[SDE=0.304 I+=0.380 MD=0.316] | Lp=1.35 | n_eval=8
[Gen  23 | FE= 284/ 300] p_err=0.127 | 指标=SDE    | score=1(中  ) | Pw=[SDE=0.309 I+=0.338 MD=0.354] | Lp=2.00 | n_eval=8
[Gen  24 | FE= 292/ 300] p_err=0.131 | 指标=MD     | score=2(极优) | Pw=[SDE=0.389 I+=0.204 MD=0.407] | Lp=0.86 | n_eval=8
[Gen  24 | FE= 292/ 300] p_err=0.085 | 指标=MD     | score=2(极优) | Pw=[SDE=0.323 I+=0.369 MD=0.308] | Lp=1.35 | n_eval=8
[Gen  24 | FE= 292/ 300] p_err=0.174 | 指标=SDE    | score=1(中  ) | Pw=[SDE=0.304 I+=0.316 MD=0.380] | Lp=1.15 | n_eval=8
[Gen  24 | FE= 292/ 300] p_err=0.269 | 指标=I_eps+ | score=2(极优) | Pw=[SDE=0.308 I+=0.323 MD=0.369] | Lp=2.40 | n_eval=8
[Gen  24 | FE= 292/ 300] p_err=0.184 | 指标=MD     | score=2(极优) | Pw=[SDE=0.318 I+=0.303 MD=0.379] | Lp=1.35 | n_eval=8
[Gen  25 | FE= 300/ 300] p_err=0.163 | 指标=SDE    | score=2(极优) | Pw=[SDE=0.360 I+=0.256 MD=0.384] | Lp=0.86 | n_eval=8
[Gen  24 | FE= 292/ 300] p_err=0.337 | 指标=SDE    | score=2(极优) | Pw=[SDE=0.316 I+=0.380 MD=0.304] | Lp=1.35 | n_eval=8
[Gen  25 | FE= 300/ 300] p_err=0.108 | 指标=SDE    | score=2(极优) | Pw=[SDE=0.327 I+=0.367 MD=0.306] | Lp=1.35 | n_eval=8
[Gen  25 | FE= 300/ 300] p_err=0.134 | 指标=SDE    | score=2(极优) | Pw=[SDE=0.389 I+=0.204 MD=0.407] | Lp=0.86 | n_eval=8
[Gen  24 | FE= 292/ 300] p_err=0.091 | 指标=I_eps+ | score=1(中  ) | Pw=[SDE=0.312 I+=0.321 MD=0.367] | Lp=2.00 | n_eval=8
[Gen  25 | FE= 300/ 300] p_err=0.155 | 指标=I_eps+ | score=1(中  ) | Pw=[SDE=0.314 I+=0.294 MD=0.392] | Lp=1.15 | n_eval=8
[Gen  25 | FE= 300/ 300] p_err=0.333 | 指标=I_eps+ | score=2(极优) | Pw=[SDE=0.308 I+=0.323 MD=0.369] | Lp=2.40 | n_eval=8
[Gen  25 | FE= 300/ 300] p_err=0.195 | 指标=MD     | score=2(极优) | Pw=[SDE=0.318 I+=0.303 MD=0.379] | Lp=1.35 | n_eval=8
[Gen   1 | FE= 108/ 300] p_err=0.222 | 指标=I_eps+ | score=2(极优) | Pw=[SDE=0.333 I+=0.333 MD=0.333] | Lp=3.10 | n_eval=8
[Gen  25 | FE= 300/ 300] p_err=0.299 | 指标=I_eps+ | score=2(极优) | Pw=[SDE=0.308 I+=0.385 MD=0.308] | Lp=2.00 | n_eval=8
[Gen   1 | FE= 108/ 300] p_err=0.195 | 指标=I_eps+ | score=2(极优) | Pw=[SDE=0.333 I+=0.333 MD=0.333] | Lp=0.86 | n_eval=8
[Gen   1 | FE= 108/ 300] p_err=0.190 | 指标=I_eps+ | score=1(中  ) | Pw=[SDE=0.336 I+=0.328 MD=0.336] | Lp=1.35 | n_eval=8
[Gen  25 | FE= 300/ 300] p_err=0.048 | 指标=MD     | score=2(极优) | Pw=[SDE=0.317 I+=0.305 MD=0.378] | Lp=2.00 | n_eval=8
[Gen   1 | FE= 108/ 300] p_err=0.192 | 指标=I_eps+ | score=2(极优) | Pw=[SDE=0.333 I+=0.333 MD=0.333] | Lp=1.35 | n_eval=8
[Gen   1 | FE= 108/ 300] p_err=0.208 | 指标=SDE    | score=2(极优) | Pw=[SDE=0.333 I+=0.333 MD=0.333] | Lp=1.35 | n_eval=8
[Gen   1 | FE= 108/ 300] p_err=0.213 | 指标=I_eps+ | score=2(极优) | Pw=[SDE=0.333 I+=0.333 MD=0.333] | Lp=0.86 | n_eval=8
[Gen   2 | FE= 116/ 300] p_err=0.232 | 指标=MD     | score=2(极优) | Pw=[SDE=0.333 I+=0.333 MD=0.333] | Lp=2.40 | n_eval=8
[Gen   1 | FE= 108/ 300] p_err=0.196 | 指标=MD     | score=2(极优) | Pw=[SDE=0.333 I+=0.333 MD=0.333] | Lp=0.75 | n_eval=8
[Gen   2 | FE= 116/ 300] p_err=0.197 | 指标=MD     | score=2(极优) | Pw=[SDE=0.333 I+=0.333 MD=0.333] | Lp=3.10 | n_eval=8
[Gen   2 | FE= 116/ 300] p_err=0.179 | 指标=SDE    | score=2(极优) | Pw=[SDE=0.336 I+=0.327 MD=0.336] | Lp=0.75 | n_eval=8
[Gen   2 | FE= 116/ 300] p_err=0.222 | 指标=MD     | score=2(极优) | Pw=[SDE=0.333 I+=0.333 MD=0.333] | Lp=1.35 | n_eval=8
[Gen   2 | FE= 116/ 300] p_err=0.222 | 指标=SDE    | score=2(极优) | Pw=[SDE=0.333 I+=0.333 MD=0.333] | Lp=1.35 | n_eval=8
[Gen   2 | FE= 116/ 300] p_err=0.209 | 指标=I_eps+ | score=2(极优) | Pw=[SDE=0.333 I+=0.333 MD=0.333] | Lp=1.60 | n_eval=8
[Gen   3 | FE= 124/ 300] p_err=0.224 | 指标=SDE    | score=2(极优) | Pw=[SDE=0.333 I+=0.333 MD=0.333] | Lp=1.60 | n_eval=8
[Gen   2 | FE= 116/ 300] p_err=0.232 | 指标=I_eps+ | score=2(极优) | Pw=[SDE=0.333 I+=0.333 MD=0.333] | Lp=0.86 | n_eval=8
[Gen   3 | FE= 124/ 300] p_err=0.173 | 指标=I_eps+ | score=2(极优) | Pw=[SDE=0.333 I+=0.333 MD=0.333] | Lp=3.10 | n_eval=8
[Gen   3 | FE= 124/ 300] p_err=0.159 | 指标=MD     | score=2(极优) | Pw=[SDE=0.336 I+=0.327 MD=0.336] | Lp=0.75 | n_eval=8
[Gen   3 | FE= 124/ 300] p_err=0.207 | 指标=I_eps+ | score=2(极优) | Pw=[SDE=0.333 I+=0.333 MD=0.333] | Lp=2.00 | n_eval=8
[Gen   3 | FE= 124/ 300] p_err=0.157 | 指标=I_eps+ | score=2(极优) | Pw=[SDE=0.333 I+=0.333 MD=0.333] | Lp=1.35 | n_eval=8
[Gen   3 | FE= 124/ 300] p_err=0.287 | 指标=I_eps+ | score=2(极优) | Pw=[SDE=0.333 I+=0.333 MD=0.333] | Lp=2.00 | n_eval=8
[Gen   4 | FE= 132/ 300] p_err=0.268 | 指标=SDE    | score=2(极优) | Pw=[SDE=0.333 I+=0.333 MD=0.333] | Lp=1.60 | n_eval=8
[Gen   3 | FE= 124/ 300] p_err=0.242 | 指标=I_eps+ | score=2(极优) | Pw=[SDE=0.333 I+=0.333 MD=0.333] | Lp=1.00 | n_eval=8
[Gen   4 | FE= 132/ 300] p_err=0.192 | 指标=SDE    | score=2(极优) | Pw=[SDE=0.333 I+=0.333 MD=0.333] | Lp=3.10 | n_eval=8
[Gen   4 | FE= 132/ 300] p_err=0.225 | 指标=SDE    | score=2(极优) | Pw=[SDE=0.337 I+=0.327 MD=0.337] | Lp=0.75 | n_eval=8
[Gen   4 | FE= 132/ 300] p_err=0.226 | 指标=MD     | score=2(极优) | Pw=[SDE=0.333 I+=0.333 MD=0.333] | Lp=0.75 | n_eval=8
[Gen   4 | FE= 132/ 300] p_err=0.148 | 指标=I_eps+ | score=2(极优) | Pw=[SDE=0.333 I+=0.333 MD=0.333] | Lp=1.15 | n_eval=8
[Gen   5 | FE= 140/ 300] p_err=0.260 | 指标=SDE    | score=2(极优) | Pw=[SDE=0.333 I+=0.333 MD=0.333] | Lp=1.60 | n_eval=8
[Gen   4 | FE= 132/ 300] p_err=0.238 | 指标=SDE    | score=2(极优) | Pw=[SDE=0.333 I+=0.333 MD=0.333] | Lp=1.60 | n_eval=8
[Gen   4 | FE= 132/ 300] p_err=0.271 | 指标=I_eps+ | score=2(极优) | Pw=[SDE=0.333 I+=0.333 MD=0.333] | Lp=1.15 | n_eval=8
[Gen   5 | FE= 140/ 300] p_err=0.204 | 指标=MD     | score=2(极优) | Pw=[SDE=0.337 I+=0.326 MD=0.337] | Lp=4.20 | n_eval=8
[Gen   5 | FE= 140/ 300] p_err=0.165 | 指标=SDE    | score=2(极优) | Pw=[SDE=0.333 I+=0.333 MD=0.333] | Lp=3.10 | n_eval=8
[Gen   5 | FE= 140/ 300] p_err=0.154 | 指标=MD     | score=1(中  ) | Pw=[SDE=0.336 I+=0.336 MD=0.327] | Lp=0.75 | n_eval=8
[Gen   6 | FE= 148/ 300] p_err=0.347 | 指标=SDE    | score=2(极优) | Pw=[SDE=0.333 I+=0.333 MD=0.333] | Lp=1.60 | n_eval=8
[Gen   5 | FE= 140/ 300] p_err=0.201 | 指标=SDE    | score=2(极优) | Pw=[SDE=0.333 I+=0.333 MD=0.333] | Lp=1.60 | n_eval=8
[Gen   5 | FE= 140/ 300] p_err=0.251 | 指标=I_eps+ | score=2(极优) | Pw=[SDE=0.333 I+=0.333 MD=0.333] | Lp=2.40 | n_eval=8
[Gen   5 | FE= 140/ 300] p_err=0.188 | 指标=I_eps+ | score=2(极优) | Pw=[SDE=0.333 I+=0.333 MD=0.333] | Lp=1.60 | n_eval=8
[Gen   6 | FE= 148/ 300] p_err=0.293 | 指标=SDE    | score=2(极优) | Pw=[SDE=0.333 I+=0.333 MD=0.333] | Lp=2.00 | n_eval=8
[Gen   6 | FE= 148/ 300] p_err=0.297 | 指标=SDE    | score=1(中  ) | Pw=[SDE=0.330 I+=0.329 MD=0.340] | Lp=0.75 | n_eval=8
[Gen   6 | FE= 148/ 300] p_err=0.166 | 指标=I_eps+ | score=1(中  ) | Pw=[SDE=0.340 I+=0.330 MD=0.330] | Lp=2.40 | n_eval=8
[Gen   7 | FE= 156/ 300] p_err=0.191 | 指标=I_eps+ | score=2(极优) | Pw=[SDE=0.333 I+=0.333 MD=0.333] | Lp=1.60 | n_eval=8
[Gen   6 | FE= 148/ 300] p_err=0.231 | 指标=MD     | score=2(极优) | Pw=[SDE=0.333 I+=0.333 MD=0.333] | Lp=1.60 | n_eval=8
[Gen   6 | FE= 148/ 300] p_err=0.259 | 指标=MD     | score=2(极优) | Pw=[SDE=0.333 I+=0.333 MD=0.333] | Lp=2.00 | n_eval=8
[Gen   6 | FE= 148/ 300] p_err=0.251 | 指标=SDE    | score=2(极优) | Pw=[SDE=0.333 I+=0.333 MD=0.333] | Lp=1.60 | n_eval=8
[Gen   7 | FE= 156/ 300] p_err=0.241 | 指标=MD     | score=2(极优) | Pw=[SDE=0.333 I+=0.333 MD=0.333] | Lp=3.10 | n_eval=8
[Gen   7 | FE= 156/ 300] p_err=0.186 | 指标=I_eps+ | score=2(极优) | Pw=[SDE=0.330 I+=0.329 MD=0.341] | Lp=4.20 | n_eval=8
[Gen   7 | FE= 156/ 300] p_err=0.148 | 指标=SDE    | score=2(极优) | Pw=[SDE=0.340 I+=0.330 MD=0.330] | Lp=2.00 | n_eval=8
[Gen   8 | FE= 164/ 300] p_err=0.379 | 指标=SDE    | score=2(极优) | Pw=[SDE=0.333 I+=0.333 MD=0.333] | Lp=2.40 | n_eval=8
[Gen   7 | FE= 156/ 300] p_err=0.178 | 指标=I_eps+ | score=2(极优) | Pw=[SDE=0.333 I+=0.333 MD=0.333] | Lp=2.00 | n_eval=8
[Gen   7 | FE= 156/ 300] p_err=0.235 | 指标=SDE    | score=2(极优) | Pw=[SDE=0.333 I+=0.333 MD=0.333] | Lp=2.40 | n_eval=8
[Gen   7 | FE= 156/ 300] p_err=0.272 | 指标=SDE    | score=2(极优) | Pw=[SDE=0.333 I+=0.333 MD=0.333] | Lp=1.60 | n_eval=8
[Gen   8 | FE= 164/ 300] p_err=0.190 | 指标=I_eps+ | score=2(极优) | Pw=[SDE=0.333 I+=0.333 MD=0.333] | Lp=3.10 | n_eval=8
[Gen   8 | FE= 164/ 300] p_err=0.186 | 指标=MD     | score=1(中  ) | Pw=[SDE=0.334 I+=0.333 MD=0.334] | Lp=0.86 | n_eval=8
[Gen   9 | FE= 172/ 300] p_err=0.376 | 指标=SDE    | score=2(极优) | Pw=[SDE=0.333 I+=0.333 MD=0.333] | Lp=2.40 | n_eval=8
[Gen   8 | FE= 164/ 300] p_err=0.122 | 指标=I_eps+ | score=1(中  ) | Pw=[SDE=0.344 I+=0.323 MD=0.333] | Lp=2.40 | n_eval=8
[Gen   8 | FE= 164/ 300] p_err=0.165 | 指标=I_eps+ | score=2(极优) | Pw=[SDE=0.333 I+=0.333 MD=0.333] | Lp=1.60 | n_eval=8
[Gen   8 | FE= 164/ 300] p_err=0.269 | 指标=SDE    | score=2(极优) | Pw=[SDE=0.333 I+=0.333 MD=0.333] | Lp=2.00 | n_eval=8
[Gen   9 | FE= 172/ 300] p_err=0.291 | 指标=SDE    | score=2(极优) | Pw=[SDE=0.333 I+=0.333 MD=0.333] | Lp=4.20 | n_eval=8
[Gen   8 | FE= 164/ 300] p_err=0.191 | 指标=MD     | score=2(极优) | Pw=[SDE=0.333 I+=0.333 MD=0.333] | Lp=1.60 | n_eval=8
[Gen   9 | FE= 172/ 300] p_err=0.193 | 指标=SDE    | score=2(极优) | Pw=[SDE=0.334 I+=0.332 MD=0.333] | Lp=2.40 | n_eval=8
[Gen  10 | FE= 180/ 300] p_err=0.331 | 指标=I_eps+ | score=2(极优) | Pw=[SDE=0.333 I+=0.333 MD=0.333] | Lp=2.00 | n_eval=8
[Gen   9 | FE= 172/ 300] p_err=0.165 | 指标=MD     | score=2(极优) | Pw=[SDE=0.345 I+=0.322 MD=0.333] | Lp=2.40 | n_eval=8
[Gen   9 | FE= 172/ 300] p_err=0.200 | 指标=SDE    | score=2(极优) | Pw=[SDE=0.333 I+=0.333 MD=0.333] | Lp=1.60 | n_eval=8
[Gen  10 | FE= 180/ 300] p_err=0.268 | 指标=MD     | score=2(极优) | Pw=[SDE=0.333 I+=0.333 MD=0.333] | Lp=2.40 | n_eval=8
[Gen   9 | FE= 172/ 300] p_err=0.220 | 指标=I_eps+ | score=2(极优) | Pw=[SDE=0.333 I+=0.333 MD=0.333] | Lp=1.35 | n_eval=8
[Gen   9 | FE= 172/ 300] p_err=0.171 | 指标=SDE    | score=2(极优) | Pw=[SDE=0.333 I+=0.333 MD=0.333] | Lp=2.00 | n_eval=8
[Gen  10 | FE= 180/ 300] p_err=0.182 | 指标=MD     | score=2(极优) | Pw=[SDE=0.334 I+=0.332 MD=0.334] | Lp=2.40 | n_eval=8
[Gen  11 | FE= 188/ 300] p_err=0.384 | 指标=I_eps+ | score=2(极优) | Pw=[SDE=0.333 I+=0.333 MD=0.333] | Lp=1.60 | n_eval=8
[Gen  10 | FE= 180/ 300] p_err=0.177 | 指标=I_eps+ | score=1(中  ) | Pw=[SDE=0.349 I+=0.314 MD=0.337] | Lp=2.40 | n_eval=8
[Gen  10 | FE= 180/ 300] p_err=0.192 | 指标=MD     | score=2(极优) | Pw=[SDE=0.333 I+=0.333 MD=0.333] | Lp=4.20 | n_eval=8
[Gen  11 | FE= 188/ 300] p_err=0.274 | 指标=SDE    | score=2(极优) | Pw=[SDE=0.333 I+=0.333 MD=0.333] | Lp=2.00 | n_eval=8
[Gen  10 | FE= 180/ 300] p_err=0.327 | 指标=SDE    | score=2(极优) | Pw=[SDE=0.333 I+=0.333 MD=0.333] | Lp=1.60 | n_eval=8
[Gen  11 | FE= 188/ 300] p_err=0.160 | 指标=MD     | score=2(极优) | Pw=[SDE=0.334 I+=0.331 MD=0.335] | Lp=2.00 | n_eval=8
[Gen  10 | FE= 180/ 300] p_err=0.219 | 指标=MD     | score=2(极优) | Pw=[SDE=0.333 I+=0.333 MD=0.333] | Lp=2.00 | n_eval=8
[Gen  11 | FE= 188/ 300] p_err=0.194 | 指标=MD     | score=2(极优) | Pw=[SDE=0.350 I+=0.312 MD=0.338] | Lp=2.40 | n_eval=8
[Gen  12 | FE= 196/ 300] p_err=0.251 | 指标=MD     | score=2(极优) | Pw=[SDE=0.333 I+=0.333 MD=0.333] | Lp=1.60 | n_eval=8
[Gen  11 | FE= 188/ 300] p_err=0.162 | 指标=SDE    | score=2(极优) | Pw=[SDE=0.333 I+=0.333 MD=0.333] | Lp=3.10 | n_eval=8
[Gen  12 | FE= 196/ 300] p_err=0.236 | 指标=I_eps+ | score=2(极优) | Pw=[SDE=0.333 I+=0.333 MD=0.333] | Lp=1.60 | n_eval=8
[Gen  11 | FE= 188/ 300] p_err=0.266 | 指标=SDE    | score=2(极优) | Pw=[SDE=0.333 I+=0.333 MD=0.333] | Lp=2.00 | n_eval=8
[Gen  12 | FE= 196/ 300] p_err=0.161 | 指标=MD     | score=2(极优) | Pw=[SDE=0.334 I+=0.331 MD=0.336] | Lp=2.00 | n_eval=8
[Gen  11 | FE= 188/ 300] p_err=0.314 | 指标=I_eps+ | score=2(极优) | Pw=[SDE=0.333 I+=0.333 MD=0.333] | Lp=1.60 | n_eval=8
[Gen  12 | FE= 196/ 300] p_err=0.210 | 指标=I_eps+ | score=1(中  ) | Pw=[SDE=0.355 I+=0.304 MD=0.341] | Lp=2.40 | n_eval=8
[Gen  13 | FE= 204/ 300] p_err=0.311 | 指标=I_eps+ | score=2(极优) | Pw=[SDE=0.333 I+=0.333 MD=0.333] | Lp=1.60 | n_eval=8
[Gen  12 | FE= 196/ 300] p_err=0.215 | 指标=SDE    | score=2(极优) | Pw=[SDE=0.333 I+=0.333 MD=0.333] | Lp=3.10 | n_eval=8
[Gen  13 | FE= 204/ 300] p_err=0.208 | 指标=SDE    | score=2(极优) | Pw=[SDE=0.333 I+=0.333 MD=0.333] | Lp=1.60 | n_eval=8
[Gen  12 | FE= 196/ 300] p_err=0.259 | 指标=I_eps+ | score=2(极优) | Pw=[SDE=0.333 I+=0.333 MD=0.333] | Lp=2.00 | n_eval=8
[Gen  13 | FE= 204/ 300] p_err=0.136 | 指标=SDE    | score=2(极优) | Pw=[SDE=0.335 I+=0.330 MD=0.336] | Lp=2.00 | n_eval=8
[Gen  12 | FE= 196/ 300] p_err=0.326 | 指标=I_eps+ | score=2(极优) | Pw=[SDE=0.333 I+=0.333 MD=0.333] | Lp=1.60 | n_eval=8
[Gen  13 | FE= 204/ 300] p_err=0.182 | 指标=MD     | score=2(极优) | Pw=[SDE=0.356 I+=0.301 MD=0.342] | Lp=2.40 | n_eval=8
[Gen  14 | FE= 212/ 300] p_err=0.407 | 指标=SDE    | score=2(极优) | Pw=[SDE=0.333 I+=0.333 MD=0.333] | Lp=1.60 | n_eval=8
[Gen  13 | FE= 204/ 300] p_err=0.230 | 指标=MD     | score=2(极优) | Pw=[SDE=0.333 I+=0.333 MD=0.333] | Lp=3.10 | n_eval=8
[Gen  14 | FE= 212/ 300] p_err=0.255 | 指标=SDE    | score=2(极优) | Pw=[SDE=0.333 I+=0.333 MD=0.333] | Lp=1.60 | n_eval=8
[Gen  13 | FE= 204/ 300] p_err=0.319 | 指标=I_eps+ | score=2(极优) | Pw=[SDE=0.333 I+=0.333 MD=0.333] | Lp=1.60 | n_eval=8
[Gen  14 | FE= 212/ 300] p_err=0.141 | 指标=MD     | score=2(极优) | Pw=[SDE=0.335 I+=0.329 MD=0.337] | Lp=3.10 | n_eval=8
[Gen  13 | FE= 204/ 300] p_err=0.179 | 指标=SDE    | score=2(极优) | Pw=[SDE=0.333 I+=0.333 MD=0.333] | Lp=2.00 | n_eval=8
[Gen  14 | FE= 212/ 300] p_err=0.246 | 指标=SDE    | score=1(中  ) | Pw=[SDE=0.344 I+=0.305 MD=0.351] | Lp=2.40 | n_eval=8
[Gen  14 | FE= 212/ 300] p_err=0.290 | 指标=MD     | score=2(极优) | Pw=[SDE=0.333 I+=0.333 MD=0.333] | Lp=3.10 | n_eval=8
[Gen  15 | FE= 220/ 300] p_err=0.395 | 指标=I_eps+ | score=2(极优) | Pw=[SDE=0.333 I+=0.333 MD=0.333] | Lp=1.60 | n_eval=8
[Gen  15 | FE= 220/ 300] p_err=0.433 | 指标=I_eps+ | score=2(极优) | Pw=[SDE=0.333 I+=0.333 MD=0.333] | Lp=1.60 | n_eval=8
[Gen  15 | FE= 220/ 300] p_err=0.176 | 指标=MD     | score=2(极优) | Pw=[SDE=0.334 I+=0.327 MD=0.339] | Lp=4.20 | n_eval=8
[Gen  14 | FE= 212/ 300] p_err=0.185 | 指标=MD     | score=2(极优) | Pw=[SDE=0.333 I+=0.333 MD=0.333] | Lp=2.00 | n_eval=8
[Gen  14 | FE= 212/ 300] p_err=0.262 | 指标=MD     | score=2(极优) | Pw=[SDE=0.333 I+=0.333 MD=0.333] | Lp=2.00 | n_eval=8
[Gen  15 | FE= 220/ 300] p_err=0.180 | 指标=SDE    | score=2(极优) | Pw=[SDE=0.333 I+=0.333 MD=0.333] | Lp=2.40 | n_eval=8
[Gen  16 | FE= 228/ 300] p_err=0.395 | 指标=I_eps+ | score=2(极优) | Pw=[SDE=0.333 I+=0.333 MD=0.333] | Lp=1.60 | n_eval=8
[Gen  15 | FE= 220/ 300] p_err=0.168 | 指标=MD     | score=2(极优) | Pw=[SDE=0.343 I+=0.302 MD=0.354] | Lp=2.40 | n_eval=8
[Gen  16 | FE= 228/ 300] p_err=0.234 | 指标=MD     | score=2(极优) | Pw=[SDE=0.335 I+=0.325 MD=0.341] | Lp=4.20 | n_eval=8
[Gen  16 | FE= 228/ 300] p_err=0.218 | 指标=I_eps+ | score=2(极优) | Pw=[SDE=0.333 I+=0.333 MD=0.333] | Lp=1.60 | n_eval=8
[Gen  15 | FE= 220/ 300] p_err=0.273 | 指标=I_eps+ | score=2(极优) | Pw=[SDE=0.333 I+=0.333 MD=0.333] | Lp=1.60 | n_eval=8
[Gen  15 | FE= 220/ 300] p_err=0.137 | 指标=SDE    | score=2(极优) | Pw=[SDE=0.333 I+=0.333 MD=0.333] | Lp=2.00 | n_eval=8
[Gen  16 | FE= 228/ 300] p_err=0.199 | 指标=MD     | score=2(极优) | Pw=[SDE=0.333 I+=0.333 MD=0.333] | Lp=3.10 | n_eval=8
[Gen  17 | FE= 236/ 300] p_err=0.253 | 指标=MD     | score=2(极优) | Pw=[SDE=0.333 I+=0.333 MD=0.333] | Lp=1.60 | n_eval=8
[Gen  16 | FE= 228/ 300] p_err=0.198 | 指标=SDE    | score=1(中  ) | Pw=[SDE=0.328 I+=0.306 MD=0.365] | Lp=2.40 | n_eval=8
[Gen  17 | FE= 236/ 300] p_err=0.146 | 指标=SDE    | score=1(中  ) | Pw=[SDE=0.324 I+=0.328 MD=0.349] | Lp=4.20 | n_eval=8
[Gen  17 | FE= 236/ 300] p_err=0.293 | 指标=MD     | score=2(极优) | Pw=[SDE=0.333 I+=0.333 MD=0.333] | Lp=1.60 | n_eval=8
[Gen  16 | FE= 228/ 300] p_err=0.328 | 指标=SDE    | score=2(极优) | Pw=[SDE=0.333 I+=0.333 MD=0.333] | Lp=1.60 | n_eval=8
[Gen  17 | FE= 236/ 300] p_err=0.214 | 指标=MD     | score=2(极优) | Pw=[SDE=0.333 I+=0.333 MD=0.333] | Lp=2.40 | n_eval=8
[Gen  16 | FE= 228/ 300] p_err=0.267 | 指标=I_eps+ | score=2(极优) | Pw=[SDE=0.333 I+=0.333 MD=0.333] | Lp=2.00 | n_eval=8
[Gen  18 | FE= 244/ 300] p_err=0.382 | 指标=SDE    | score=2(极优) | Pw=[SDE=0.333 I+=0.333 MD=0.333] | Lp=2.00 | n_eval=8
[Gen  17 | FE= 236/ 300] p_err=0.122 | 指标=I_eps+ | score=1(中  ) | Pw=[SDE=0.329 I+=0.296 MD=0.375] | Lp=4.20 | n_eval=8
[Gen  18 | FE= 244/ 300] p_err=0.109 | 指标=I_eps+ | score=1(中  ) | Pw=[SDE=0.333 I+=0.304 MD=0.363] | Lp=3.10 | n_eval=8
[Gen  18 | FE= 244/ 300] p_err=0.265 | 指标=I_eps+ | score=2(极优) | Pw=[SDE=0.333 I+=0.333 MD=0.333] | Lp=1.60 | n_eval=8
[Gen  17 | FE= 236/ 300] p_err=0.351 | 指标=SDE    | score=2(极优) | Pw=[SDE=0.333 I+=0.333 MD=0.333] | Lp=1.35 | n_eval=8
[Gen  18 | FE= 244/ 300] p_err=0.159 | 指标=SDE    | score=2(极优) | Pw=[SDE=0.333 I+=0.333 MD=0.333] | Lp=2.40 | n_eval=8
[Gen  17 | FE= 236/ 300] p_err=0.259 | 指标=I_eps+ | score=2(极优) | Pw=[SDE=0.333 I+=0.333 MD=0.333] | Lp=2.00 | n_eval=8
[Gen  19 | FE= 252/ 300] p_err=0.233 | 指标=MD     | score=2(极优) | Pw=[SDE=0.333 I+=0.333 MD=0.333] | Lp=2.00 | n_eval=8
[Gen  19 | FE= 252/ 300] p_err=0.138 | 指标=SDE    | score=2(极优) | Pw=[SDE=0.340 I+=0.291 MD=0.369] | Lp=2.00 | n_eval=8
[Gen  18 | FE= 244/ 300] p_err=0.127 | 指标=I_eps+ | score=1(中  ) | Pw=[SDE=0.327 I+=0.286 MD=0.386] | Lp=3.10 | n_eval=8
[Gen  19 | FE= 252/ 300] p_err=0.180 | 指标=MD     | score=2(极优) | Pw=[SDE=0.333 I+=0.333 MD=0.333] | Lp=1.60 | n_eval=8
[Gen  18 | FE= 244/ 300] p_err=0.256 | 指标=I_eps+ | score=2(极优) | Pw=[SDE=0.333 I+=0.333 MD=0.333] | Lp=1.35 | n_eval=8
[Gen  19 | FE= 252/ 300] p_err=0.178 | 指标=SDE    | score=2(极优) | Pw=[SDE=0.333 I+=0.333 MD=0.333] | Lp=2.40 | n_eval=8
[Gen  18 | FE= 244/ 300] p_err=0.150 | 指标=SDE    | score=2(极优) | Pw=[SDE=0.333 I+=0.333 MD=0.333] | Lp=2.00 | n_eval=8
[Gen  20 | FE= 260/ 300] p_err=0.076 | 指标=I_eps+ | score=1(中  ) | Pw=[SDE=0.353 I+=0.258 MD=0.389] | Lp=2.00 | n_eval=8
[Gen  19 | FE= 252/ 300] p_err=0.213 | 指标=MD     | score=2(极优) | Pw=[SDE=0.318 I+=0.282 MD=0.400] | Lp=3.10 | n_eval=8
[Gen  20 | FE= 260/ 300] p_err=0.346 | 指标=SDE    | score=2(极优) | Pw=[SDE=0.333 I+=0.333 MD=0.333] | Lp=2.00 | n_eval=8
[Gen  19 | FE= 252/ 300] p_err=0.360 | 指标=I_eps+ | score=2(极优) | Pw=[SDE=0.333 I+=0.333 MD=0.333] | Lp=1.35 | n_eval=8
[Gen  20 | FE= 260/ 300] p_err=0.261 | 指标=SDE    | score=2(极优) | Pw=[SDE=0.333 I+=0.333 MD=0.333] | Lp=1.60 | n_eval=8
[Gen  20 | FE= 260/ 300] p_err=0.198 | 指标=SDE    | score=2(极优) | Pw=[SDE=0.333 I+=0.333 MD=0.333] | Lp=1.60 | n_eval=8
[Gen  19 | FE= 252/ 300] p_err=0.269 | 指标=MD     | score=2(极优) | Pw=[SDE=0.333 I+=0.333 MD=0.333] | Lp=2.00 | n_eval=8
[Gen  21 | FE= 268/ 300] p_err=0.043 | 指标=MD     | score=2(极优) | Pw=[SDE=0.346 I+=0.269 MD=0.384] | Lp=1.60 | n_eval=8
[Gen  20 | FE= 260/ 300] p_err=0.159 | 指标=I_eps+ | score=1(中  ) | Pw=[SDE=0.301 I+=0.276 MD=0.423] | Lp=3.10 | n_eval=8
[Gen  21 | FE= 268/ 300] p_err=0.414 | 指标=I_eps+ | score=2(极优) | Pw=[SDE=0.333 I+=0.333 MD=0.333] | Lp=1.60 | n_eval=8
[Gen  20 | FE= 260/ 300] p_err=0.134 | 指标=MD     | score=2(极优) | Pw=[SDE=0.333 I+=0.333 MD=0.333] | Lp=1.60 | n_eval=8
[Gen  21 | FE= 268/ 300] p_err=0.345 | 指标=I_eps+ | score=2(极优) | Pw=[SDE=0.333 I+=0.333 MD=0.333] | Lp=2.00 | n_eval=8
[Gen  22 | FE= 276/ 300] p_err=0.136 | 指标=SDE    | score=1(中  ) | Pw=[SDE=0.327 I+=0.278 MD=0.395] | Lp=1.60 | n_eval=8
[Gen  21 | FE= 268/ 300] p_err=0.184 | 指标=SDE    | score=2(极优) | Pw=[SDE=0.333 I+=0.333 MD=0.333] | Lp=1.60 | n_eval=8
[Gen  20 | FE= 260/ 300] p_err=0.165 | 指标=I_eps+ | score=2(极优) | Pw=[SDE=0.333 I+=0.333 MD=0.333] | Lp=2.00 | n_eval=8
[Gen  21 | FE= 268/ 300] p_err=0.170 | 指标=MD     | score=2(极优) | Pw=[SDE=0.307 I+=0.259 MD=0.435] | Lp=3.10 | n_eval=8
[Gen  21 | FE= 268/ 300] p_err=0.199 | 指标=MD     | score=2(极优) | Pw=[SDE=0.333 I+=0.333 MD=0.333] | Lp=1.60 | n_eval=8
[Gen  22 | FE= 276/ 300] p_err=0.344 | 指标=SDE    | score=2(极优) | Pw=[SDE=0.333 I+=0.333 MD=0.333] | Lp=1.60 | n_eval=8
[Gen  22 | FE= 276/ 300] p_err=0.407 | 指标=SDE    | score=2(极优) | Pw=[SDE=0.333 I+=0.333 MD=0.333] | Lp=2.00 | n_eval=8
[Gen  23 | FE= 284/ 300] p_err=0.038 | 指标=MD     | score=2(极优) | Pw=[SDE=0.327 I+=0.278 MD=0.395] | Lp=1.35 | n_eval=8
[Gen  22 | FE= 276/ 300] p_err=0.138 | 指标=MD     | score=1(中  ) | Pw=[SDE=0.315 I+=0.266 MD=0.420] | Lp=2.40 | n_eval=8
[Gen  22 | FE= 276/ 300] p_err=0.371 | 指标=I_eps+ | score=2(极优) | Pw=[SDE=0.333 I+=0.333 MD=0.333] | Lp=1.35 | n_eval=8
[Gen  21 | FE= 268/ 300] p_err=0.194 | 指标=I_eps+ | score=2(极优) | Pw=[SDE=0.333 I+=0.333 MD=0.333] | Lp=2.00 | n_eval=8
[Gen  22 | FE= 276/ 300] p_err=0.262 | 指标=SDE    | score=1(中  ) | Pw=[SDE=0.317 I+=0.341 MD=0.341] | Lp=1.35 | n_eval=8
[Gen  23 | FE= 284/ 300] p_err=0.364 | 指标=I_eps+ | score=2(极优) | Pw=[SDE=0.333 I+=0.333 MD=0.333] | Lp=2.00 | n_eval=8
[Gen  23 | FE= 284/ 300] p_err=0.258 | 指标=SDE    | score=1(中  ) | Pw=[SDE=0.322 I+=0.339 MD=0.339] | Lp=1.60 | n_eval=8
[Gen  24 | FE= 292/ 300] p_err=0.158 | 指标=SDE    | score=1(中  ) | Pw=[SDE=0.306 I+=0.286 MD=0.408] | Lp=1.35 | n_eval=8
[Gen  23 | FE= 284/ 300] p_err=0.186 | 指标=SDE    | score=2(极优) | Pw=[SDE=0.351 I+=0.234 MD=0.416] | Lp=2.40 | n_eval=8
[Gen  23 | FE= 284/ 300] p_err=0.391 | 指标=I_eps+ | score=2(极优) | Pw=[SDE=0.333 I+=0.333 MD=0.333] | Lp=1.60 | n_eval=8
[Gen  22 | FE= 276/ 300] p_err=0.263 | 指标=SDE    | score=2(极优) | Pw=[SDE=0.333 I+=0.333 MD=0.333] | Lp=2.40 | n_eval=8
[Gen  23 | FE= 284/ 300] p_err=0.304 | 指标=SDE    | score=2(极优) | Pw=[SDE=0.319 I+=0.340 MD=0.340] | Lp=1.35 | n_eval=8
[Gen  24 | FE= 292/ 300] p_err=0.320 | 指标=SDE    | score=2(极优) | Pw=[SDE=0.322 I+=0.339 MD=0.339] | Lp=1.60 | n_eval=8
[Gen  24 | FE= 292/ 300] p_err=0.291 | 指标=SDE    | score=2(极优) | Pw=[SDE=0.333 I+=0.333 MD=0.333] | Lp=2.00 | n_eval=8
[Gen  25 | FE= 300/ 300] p_err=0.123 | 指标=I_eps+ | score=1(中  ) | Pw=[SDE=0.313 I+=0.274 MD=0.414] | Lp=1.35 | n_eval=8
[Gen  24 | FE= 292/ 300] p_err=0.232 | 指标=MD     | score=2(极优) | Pw=[SDE=0.333 I+=0.333 MD=0.333] | Lp=1.00 | n_eval=8
[Gen  24 | FE= 292/ 300] p_err=0.141 | 指标=SDE    | score=2(极优) | Pw=[SDE=0.368 I+=0.230 MD=0.402] | Lp=2.40 | n_eval=8
[Gen  23 | FE= 284/ 300] p_err=0.283 | 指标=MD     | score=2(极优) | Pw=[SDE=0.333 I+=0.333 MD=0.333] | Lp=2.00 | n_eval=8
[Gen  24 | FE= 292/ 300] p_err=0.289 | 指标=I_eps+ | score=2(极优) | Pw=[SDE=0.319 I+=0.340 MD=0.340] | Lp=1.60 | n_eval=8
[Gen  25 | FE= 300/ 300] p_err=0.442 | 指标=I_eps+ | score=2(极优) | Pw=[SDE=0.333 I+=0.333 MD=0.333] | Lp=2.00 | n_eval=8
[Gen  25 | FE= 300/ 300] p_err=0.299 | 指标=SDE    | score=2(极优) | Pw=[SDE=0.322 I+=0.339 MD=0.339] | Lp=1.60 | n_eval=8
[Gen  25 | FE= 300/ 300] p_err=0.363 | 指标=I_eps+ | score=2(极优) | Pw=[SDE=0.333 I+=0.333 MD=0.333] | Lp=1.00 | n_eval=8
[Gen  25 | FE= 300/ 300] p_err=0.156 | 指标=SDE    | score=1(中  ) | Pw=[SDE=0.344 I+=0.230 MD=0.426] | Lp=2.40 | n_eval=8
[Gen  24 | FE= 292/ 300] p_err=0.164 | 指标=I_eps+ | score=2(极优) | Pw=[SDE=0.333 I+=0.333 MD=0.333] | Lp=2.00 | n_eval=8
[Gen  25 | FE= 300/ 300] p_err=0.354 | 指标=SDE    | score=1(中  ) | Pw=[SDE=0.308 I+=0.346 MD=0.346] | Lp=1.60 | n_eval=8
[Gen  25 | FE= 300/ 300] p_err=0.221 | 指标=SDE    | score=2(极优) | Pw=[SDE=0.333 I+=0.333 MD=0.333] | Lp=2.40 | n_eval=8
[Gen   1 | FE= 108/ 300] p_err=0.139 | 指标=SDE    | score=2(极优) | Pw=[SDE=0.333 I+=0.333 MD=0.333] | Lp=4.20 | n_eval=8
[Gen   1 | FE= 108/ 300] p_err=0.105 | 指标=I_eps+ | score=1(中  ) | Pw=[SDE=0.336 I+=0.328 MD=0.336] | Lp=4.20 | n_eval=8
[Gen   1 | FE= 108/ 300] p_err=0.158 | 指标=SDE    | score=1(中  ) | Pw=[SDE=0.328 I+=0.336 MD=0.336] | Lp=4.20 | n_eval=8
[Gen   1 | FE= 108/ 300] p_err=0.138 | 指标=I_eps+ | score=2(极优) | Pw=[SDE=0.333 I+=0.333 MD=0.333] | Lp=3.10 | n_eval=8
[Gen   1 | FE= 108/ 300] p_err=0.143 | 指标=SDE    | score=2(极优) | Pw=[SDE=0.333 I+=0.333 MD=0.333] | Lp=2.40 | n_eval=8
[Gen   1 | FE= 108/ 300] p_err=0.161 | 指标=I_eps+ | score=2(极优) | Pw=[SDE=0.333 I+=0.333 MD=0.333] | Lp=3.10 | n_eval=8
[Gen   1 | FE= 108/ 300] p_err=0.281 | 指标=MD     | score=1(中  ) | Pw=[SDE=0.336 I+=0.336 MD=0.328] | Lp=6.50 | n_eval=8
[Gen   1 | FE= 108/ 300] p_err=0.187 | 指标=MD     | score=2(极优) | Pw=[SDE=0.333 I+=0.333 MD=0.333] | Lp=4.20 | n_eval=8
[Gen   2 | FE= 116/ 300] p_err=0.368 | 指标=MD     | score=2(极优) | Pw=[SDE=0.333 I+=0.333 MD=0.333] | Lp=4.20 | n_eval=8
[Gen   2 | FE= 116/ 300] p_err=0.210 | 指标=SDE    | score=2(极优) | Pw=[SDE=0.328 I+=0.336 MD=0.336] | Lp=4.20 | n_eval=8
[Gen   2 | FE= 116/ 300] p_err=0.251 | 指标=MD     | score=1(中  ) | Pw=[SDE=0.336 I+=0.336 MD=0.327] | Lp=3.10 | n_eval=8
[Gen   2 | FE= 116/ 300] p_err=0.163 | 指标=I_eps+ | score=2(极优) | Pw=[SDE=0.333 I+=0.333 MD=0.333] | Lp=3.10 | n_eval=8
[Gen   2 | FE= 116/ 300] p_err=0.143 | 指标=SDE    | score=2(极优) | Pw=[SDE=0.336 I+=0.327 MD=0.336] | Lp=4.20 | n_eval=8
[Gen   2 | FE= 116/ 300] p_err=0.184 | 指标=MD     | score=2(极优) | Pw=[SDE=0.333 I+=0.333 MD=0.333] | Lp=3.10 | n_eval=8
[Gen   2 | FE= 116/ 300] p_err=0.124 | 指标=I_eps+ | score=2(极优) | Pw=[SDE=0.333 I+=0.333 MD=0.333] | Lp=4.20 | n_eval=8
[Gen   2 | FE= 116/ 300] p_err=0.169 | 指标=MD     | score=2(极优) | Pw=[SDE=0.336 I+=0.336 MD=0.328] | Lp=4.20 | n_eval=8
[Gen   3 | FE= 124/ 300] p_err=0.265 | 指标=MD     | score=2(极优) | Pw=[SDE=0.333 I+=0.333 MD=0.333] | Lp=3.10 | n_eval=8
[Gen   3 | FE= 124/ 300] p_err=0.190 | 指标=SDE    | score=2(极优) | Pw=[SDE=0.336 I+=0.327 MD=0.336] | Lp=4.20 | n_eval=8
[Gen   3 | FE= 124/ 300] p_err=0.199 | 指标=I_eps+ | score=2(极优) | Pw=[SDE=0.333 I+=0.333 MD=0.333] | Lp=3.10 | n_eval=8
[Gen   3 | FE= 124/ 300] p_err=0.194 | 指标=SDE    | score=2(极优) | Pw=[SDE=0.336 I+=0.336 MD=0.327] | Lp=3.10 | n_eval=8
[Gen   3 | FE= 124/ 300] p_err=0.174 | 指标=MD     | score=1(中  ) | Pw=[SDE=0.331 I+=0.339 MD=0.330] | Lp=4.20 | n_eval=8
[Gen   3 | FE= 124/ 300] p_err=0.112 | 指标=I_eps+ | score=2(极优) | Pw=[SDE=0.333 I+=0.333 MD=0.333] | Lp=4.20 | n_eval=8
[Gen   3 | FE= 124/ 300] p_err=0.141 | 指标=SDE    | score=2(极优) | Pw=[SDE=0.333 I+=0.333 MD=0.333] | Lp=3.10 | n_eval=8
[Gen   3 | FE= 124/ 300] p_err=0.164 | 指标=SDE    | score=2(极优) | Pw=[SDE=0.336 I+=0.336 MD=0.327] | Lp=6.50 | n_eval=8
[Gen   4 | FE= 132/ 300] p_err=0.113 | 指标=I_eps+ | score=2(极优) | Pw=[SDE=0.333 I+=0.333 MD=0.333] | Lp=3.10 | n_eval=8
[Gen   4 | FE= 132/ 300] p_err=0.188 | 指标=I_eps+ | score=1(中  ) | Pw=[SDE=0.340 I+=0.321 MD=0.340] | Lp=4.20 | n_eval=8
[Gen   4 | FE= 132/ 300] p_err=0.190 | 指标=MD     | score=2(极优) | Pw=[SDE=0.330 I+=0.340 MD=0.330] | Lp=4.20 | n_eval=8
[Gen   4 | FE= 132/ 300] p_err=0.170 | 指标=SDE    | score=2(极优) | Pw=[SDE=0.337 I+=0.337 MD=0.327] | Lp=4.20 | n_eval=8
[Gen   4 | FE= 132/ 300] p_err=0.171 | 指标=I_eps+ | score=2(极优) | Pw=[SDE=0.333 I+=0.333 MD=0.333] | Lp=3.10 | n_eval=8
[Gen   4 | FE= 132/ 300] p_err=0.193 | 指标=MD     | score=1(中  ) | Pw=[SDE=0.339 I+=0.339 MD=0.321] | Lp=6.50 | n_eval=8
[Gen   4 | FE= 132/ 300] p_err=0.155 | 指标=I_eps+ | score=2(极优) | Pw=[SDE=0.333 I+=0.333 MD=0.333] | Lp=4.20 | n_eval=8
[Gen   4 | FE= 132/ 300] p_err=0.188 | 指标=SDE    | score=2(极优) | Pw=[SDE=0.333 I+=0.333 MD=0.333] | Lp=2.40 | n_eval=8
[Gen   5 | FE= 140/ 300] p_err=0.116 | 指标=I_eps+ | score=2(极优) | Pw=[SDE=0.333 I+=0.333 MD=0.333] | Lp=3.10 | n_eval=8
[Gen   5 | FE= 140/ 300] p_err=0.241 | 指标=MD     | score=2(极优) | Pw=[SDE=0.333 I+=0.333 MD=0.333] | Lp=3.10 | n_eval=8
[Gen   5 | FE= 140/ 300] p_err=0.176 | 指标=MD     | score=2(极优) | Pw=[SDE=0.340 I+=0.320 MD=0.340] | Lp=4.20 | n_eval=8
[Gen   5 | FE= 140/ 300] p_err=0.190 | 指标=MD     | score=1(中  ) | Pw=[SDE=0.333 I+=0.343 MD=0.324] | Lp=4.20 | n_eval=8
[Gen   5 | FE= 140/ 300] p_err=0.164 | 指标=I_eps+ | score=1(中  ) | Pw=[SDE=0.340 I+=0.330 MD=0.330] | Lp=4.20 | n_eval=8
[Gen   5 | FE= 140/ 300] p_err=0.157 | 指标=I_eps+ | score=2(极优) | Pw=[SDE=0.340 I+=0.340 MD=0.321] | Lp=6.50 | n_eval=8
[Gen   5 | FE= 140/ 300] p_err=0.185 | 指标=MD     | score=2(极优) | Pw=[SDE=0.333 I+=0.333 MD=0.333] | Lp=3.10 | n_eval=8
[Gen   6 | FE= 148/ 300] p_err=0.155 | 指标=SDE    | score=2(极优) | Pw=[SDE=0.333 I+=0.333 MD=0.333] | Lp=3.10 | n_eval=8
[Gen   6 | FE= 148/ 300] p_err=0.135 | 指标=I_eps+ | score=2(极优) | Pw=[SDE=0.333 I+=0.333 MD=0.333] | Lp=3.10 | n_eval=8
[Gen   6 | FE= 148/ 300] p_err=0.187 | 指标=MD     | score=2(极优) | Pw=[SDE=0.333 I+=0.343 MD=0.324] | Lp=4.20 | n_eval=8
[Gen   6 | FE= 148/ 300] p_err=0.219 | 指标=MD     | score=2(极优) | Pw=[SDE=0.336 I+=0.327 MD=0.336] | Lp=4.20 | n_eval=8
[Gen   6 | FE= 148/ 300] p_err=0.178 | 指标=I_eps+ | score=2(极优) | Pw=[SDE=0.340 I+=0.320 MD=0.340] | Lp=4.20 | n_eval=8
[Gen   6 | FE= 148/ 300] p_err=0.165 | 指标=I_eps+ | score=1(中  ) | Pw=[SDE=0.344 I+=0.324 MD=0.332] | Lp=3.10 | n_eval=8
[Gen   6 | FE= 148/ 300] p_err=0.232 | 指标=MD     | score=2(极优) | Pw=[SDE=0.340 I+=0.340 MD=0.321] | Lp=6.50 | n_eval=8
[Gen   6 | FE= 148/ 300] p_err=0.188 | 指标=MD     | score=2(极优) | Pw=[SDE=0.333 I+=0.333 MD=0.333] | Lp=3.10 | n_eval=8
[Gen   7 | FE= 156/ 300] p_err=0.180 | 指标=SDE    | score=1(中  ) | Pw=[SDE=0.326 I+=0.337 MD=0.337] | Lp=4.20 | n_eval=8
[Gen   7 | FE= 156/ 300] p_err=0.238 | 指标=MD     | score=1(中  ) | Pw=[SDE=0.335 I+=0.347 MD=0.318] | Lp=6.50 | n_eval=8
[Gen   7 | FE= 156/ 300] p_err=0.203 | 指标=SDE    | score=2(极优) | Pw=[SDE=0.333 I+=0.333 MD=0.333] | Lp=2.40 | n_eval=8
[Gen   7 | FE= 156/ 300] p_err=0.240 | 指标=SDE    | score=2(极优) | Pw=[SDE=0.337 I+=0.327 MD=0.337] | Lp=2.40 | n_eval=8
[Gen   7 | FE= 156/ 300] p_err=0.237 | 指标=MD     | score=1(中  ) | Pw=[SDE=0.344 I+=0.323 MD=0.333] | Lp=4.20 | n_eval=8
[Gen   7 | FE= 156/ 300] p_err=0.191 | 指标=SDE    | score=2(极优) | Pw=[SDE=0.340 I+=0.340 MD=0.320] | Lp=6.50 | n_eval=8
[Gen   7 | FE= 156/ 300] p_err=0.191 | 指标=MD     | score=2(极优) | Pw=[SDE=0.344 I+=0.323 MD=0.333] | Lp=3.10 | n_eval=8
[Gen   7 | FE= 156/ 300] p_err=0.129 | 指标=I_eps+ | score=2(极优) | Pw=[SDE=0.333 I+=0.333 MD=0.333] | Lp=3.10 | n_eval=8
[Gen   8 | FE= 164/ 300] p_err=0.107 | 指标=I_eps+ | score=2(极优) | Pw=[SDE=0.335 I+=0.348 MD=0.317] | Lp=6.50 | n_eval=8
[Gen   8 | FE= 164/ 300] p_err=0.183 | 指标=SDE    | score=1(中  ) | Pw=[SDE=0.319 I+=0.340 MD=0.340] | Lp=3.10 | n_eval=8
[Gen   8 | FE= 164/ 300] p_err=0.203 | 指标=SDE    | score=2(极优) | Pw=[SDE=0.333 I+=0.333 MD=0.333] | Lp=2.40 | n_eval=8
[Gen   8 | FE= 164/ 300] p_err=0.218 | 指标=MD     | score=1(中  ) | Pw=[SDE=0.343 I+=0.343 MD=0.313] | Lp=6.50 | n_eval=8
[Gen   8 | FE= 164/ 300] p_err=0.131 | 指标=MD     | score=2(极优) | Pw=[SDE=0.337 I+=0.326 MD=0.337] | Lp=1.60 | n_eval=8
[Gen   8 | FE= 164/ 300] p_err=0.195 | 指标=MD     | score=1(中  ) | Pw=[SDE=0.349 I+=0.326 MD=0.326] | Lp=4.20 | n_eval=8
[Gen   8 | FE= 164/ 300] p_err=0.195 | 指标=MD     | score=2(极优) | Pw=[SDE=0.345 I+=0.322 MD=0.333] | Lp=4.20 | n_eval=8
[Gen   8 | FE= 164/ 300] p_err=0.178 | 指标=I_eps+ | score=2(极优) | Pw=[SDE=0.333 I+=0.333 MD=0.333] | Lp=3.10 | n_eval=8
[Gen   9 | FE= 172/ 300] p_err=0.151 | 指标=I_eps+ | score=2(极优) | Pw=[SDE=0.335 I+=0.349 MD=0.316] | Lp=6.50 | n_eval=8
[Gen   9 | FE= 172/ 300] p_err=0.208 | 指标=MD     | score=2(极优) | Pw=[SDE=0.333 I+=0.333 MD=0.333] | Lp=3.10 | n_eval=8
[Gen   9 | FE= 172/ 300] p_err=0.215 | 指标=SDE    | score=2(极优) | Pw=[SDE=0.319 I+=0.340 MD=0.340] | Lp=3.10 | n_eval=8
[Gen   9 | FE= 172/ 300] p_err=0.189 | 指标=SDE    | score=1(中  ) | Pw=[SDE=0.336 I+=0.348 MD=0.316] | Lp=6.50 | n_eval=8
[Gen   9 | FE= 172/ 300] p_err=0.227 | 指标=MD     | score=2(极优) | Pw=[SDE=0.345 I+=0.321 MD=0.334] | Lp=4.20 | n_eval=8
[Gen   9 | FE= 172/ 300] p_err=0.137 | 指标=SDE    | score=1(中  ) | Pw=[SDE=0.328 I+=0.330 MD=0.342] | Lp=2.00 | n_eval=8
[Gen   9 | FE= 172/ 300] p_err=0.167 | 指标=I_eps+ | score=2(极优) | Pw=[SDE=0.349 I+=0.326 MD=0.324] | Lp=6.50 | n_eval=8
[Gen   9 | FE= 172/ 300] p_err=0.149 | 指标=SDE    | score=2(极优) | Pw=[SDE=0.333 I+=0.333 MD=0.333] | Lp=3.10 | n_eval=8
[Gen  10 | FE= 180/ 300] p_err=0.184 | 指标=SDE    | score=2(极优) | Pw=[SDE=0.336 I+=0.349 MD=0.315] | Lp=6.50 | n_eval=8
[Gen  10 | FE= 180/ 300] p_err=0.238 | 指标=SDE    | score=2(极优) | Pw=[SDE=0.333 I+=0.333 MD=0.333] | Lp=2.40 | n_eval=8
[Gen  10 | FE= 180/ 300] p_err=0.293 | 指标=SDE    | score=2(极优) | Pw=[SDE=0.319 I+=0.340 MD=0.340] | Lp=3.10 | n_eval=8
[Gen  10 | FE= 180/ 300] p_err=0.207 | 指标=MD     | score=1(中  ) | Pw=[SDE=0.350 I+=0.323 MD=0.327] | Lp=3.10 | n_eval=8
[Gen  10 | FE= 180/ 300] p_err=0.208 | 指标=I_eps+ | score=2(极优) | Pw=[SDE=0.336 I+=0.349 MD=0.315] | Lp=6.50 | n_eval=8
[Gen  10 | FE= 180/ 300] p_err=0.168 | 指标=MD     | score=2(极优) | Pw=[SDE=0.328 I+=0.330 MD=0.342] | Lp=2.00 | n_eval=8
[Gen  10 | FE= 180/ 300] p_err=0.250 | 指标=I_eps+ | score=2(极优) | Pw=[SDE=0.350 I+=0.327 MD=0.323] | Lp=6.50 | n_eval=8
[Gen  10 | FE= 180/ 300] p_err=0.213 | 指标=I_eps+ | score=2(极优) | Pw=[SDE=0.333 I+=0.333 MD=0.333] | Lp=3.10 | n_eval=8
[Gen  11 | FE= 188/ 300] p_err=0.139 | 指标=MD     | score=2(极优) | Pw=[SDE=0.335 I+=0.350 MD=0.315] | Lp=6.50 | n_eval=8
[Gen  11 | FE= 188/ 300] p_err=0.176 | 指标=MD     | score=2(极优) | Pw=[SDE=0.351 I+=0.322 MD=0.327] | Lp=3.10 | n_eval=8
[Gen  11 | FE= 188/ 300] p_err=0.170 | 指标=I_eps+ | score=1(中  ) | Pw=[SDE=0.337 I+=0.326 MD=0.337] | Lp=2.40 | n_eval=8
[Gen  11 | FE= 188/ 300] p_err=0.193 | 指标=I_eps+ | score=1(中  ) | Pw=[SDE=0.323 I+=0.331 MD=0.346] | Lp=3.10 | n_eval=8
[Gen  11 | FE= 188/ 300] p_err=0.212 | 指标=SDE    | score=2(极优) | Pw=[SDE=0.328 I+=0.329 MD=0.342] | Lp=2.40 | n_eval=8
[Gen  11 | FE= 188/ 300] p_err=0.231 | 指标=I_eps+ | score=2(极优) | Pw=[SDE=0.336 I+=0.351 MD=0.313] | Lp=6.50 | n_eval=8
[Gen  11 | FE= 188/ 300] p_err=0.247 | 指标=SDE    | score=2(极优) | Pw=[SDE=0.351 I+=0.326 MD=0.322] | Lp=4.20 | n_eval=8
[Gen  11 | FE= 188/ 300] p_err=0.163 | 指标=I_eps+ | score=2(极优) | Pw=[SDE=0.333 I+=0.333 MD=0.333] | Lp=2.40 | n_eval=8
[Gen  12 | FE= 196/ 300] p_err=0.176 | 指标=I_eps+ | score=2(极优) | Pw=[SDE=0.335 I+=0.351 MD=0.314] | Lp=6.50 | n_eval=8
[Gen  12 | FE= 196/ 300] p_err=0.222 | 指标=SDE    | score=2(极优) | Pw=[SDE=0.352 I+=0.320 MD=0.327] | Lp=3.10 | n_eval=8
[Gen  12 | FE= 196/ 300] p_err=0.109 | 指标=MD     | score=2(极优) | Pw=[SDE=0.322 I+=0.331 MD=0.347] | Lp=2.40 | n_eval=8
[Gen  12 | FE= 196/ 300] p_err=0.187 | 指标=SDE    | score=2(极优) | Pw=[SDE=0.337 I+=0.325 MD=0.337] | Lp=4.20 | n_eval=8
[Gen  12 | FE= 196/ 300] p_err=0.274 | 指标=I_eps+ | score=2(极优) | Pw=[SDE=0.327 I+=0.330 MD=0.343] | Lp=2.40 | n_eval=8
[Gen  12 | FE= 196/ 300] p_err=0.125 | 指标=MD     | score=2(极优) | Pw=[SDE=0.335 I+=0.351 MD=0.314] | Lp=4.20 | n_eval=8
[Gen  12 | FE= 196/ 300] p_err=0.319 | 指标=SDE    | score=2(极优) | Pw=[SDE=0.353 I+=0.326 MD=0.321] | Lp=4.20 | n_eval=8
[Gen  12 | FE= 196/ 300] p_err=0.216 | 指标=SDE    | score=1(中  ) | Pw=[SDE=0.325 I+=0.338 MD=0.338] | Lp=2.40 | n_eval=8
[Gen  13 | FE= 204/ 300] p_err=0.175 | 指标=SDE    | score=2(极优) | Pw=[SDE=0.336 I+=0.352 MD=0.312] | Lp=6.50 | n_eval=8
[Gen  13 | FE= 204/ 300] p_err=0.162 | 指标=I_eps+ | score=2(极优) | Pw=[SDE=0.353 I+=0.321 MD=0.326] | Lp=3.10 | n_eval=8
[Gen  13 | FE= 204/ 300] p_err=0.095 | 指标=MD     | score=2(极优) | Pw=[SDE=0.321 I+=0.331 MD=0.348] | Lp=1.60 | n_eval=8
[Gen  13 | FE= 204/ 300] p_err=0.121 | 指标=MD     | score=2(极优) | Pw=[SDE=0.338 I+=0.325 MD=0.338] | Lp=4.20 | n_eval=8
[Gen  13 | FE= 204/ 300] p_err=0.134 | 指标=MD     | score=2(极优) | Pw=[SDE=0.334 I+=0.352 MD=0.314] | Lp=4.20 | n_eval=8
[Gen  13 | FE= 204/ 300] p_err=0.191 | 指标=I_eps+ | score=2(极优) | Pw=[SDE=0.326 I+=0.330 MD=0.343] | Lp=2.00 | n_eval=8
[Gen  13 | FE= 204/ 300] p_err=0.145 | 指标=I_eps+ | score=2(极优) | Pw=[SDE=0.354 I+=0.327 MD=0.319] | Lp=4.20 | n_eval=8
[Gen  13 | FE= 204/ 300] p_err=0.256 | 指标=SDE    | score=2(极优) | Pw=[SDE=0.325 I+=0.338 MD=0.338] | Lp=2.40 | n_eval=8
[Gen  14 | FE= 212/ 300] p_err=0.177 | 指标=I_eps+ | score=2(极优) | Pw=[SDE=0.336 I+=0.354 MD=0.310] | Lp=6.50 | n_eval=8
[Gen  14 | FE= 212/ 300] p_err=0.189 | 指标=I_eps+ | score=2(极优) | Pw=[SDE=0.354 I+=0.322 MD=0.324] | Lp=3.10 | n_eval=8
[Gen  14 | FE= 212/ 300] p_err=0.142 | 指标=MD     | score=1(中  ) | Pw=[SDE=0.326 I+=0.335 MD=0.339] | Lp=2.00 | n_eval=8
[Gen  14 | FE= 212/ 300] p_err=0.250 | 指标=I_eps+ | score=2(极优) | Pw=[SDE=0.338 I+=0.325 MD=0.338] | Lp=3.10 | n_eval=8
[Gen  14 | FE= 212/ 300] p_err=0.332 | 指标=SDE    | score=2(极优) | Pw=[SDE=0.335 I+=0.353 MD=0.312] | Lp=4.20 | n_eval=8
[Gen  14 | FE= 212/ 300] p_err=0.256 | 指标=MD     | score=1(中  ) | Pw=[SDE=0.361 I+=0.331 MD=0.307] | Lp=6.50 | n_eval=8
[Gen  14 | FE= 212/ 300] p_err=0.191 | 指标=SDE    | score=2(极优) | Pw=[SDE=0.327 I+=0.330 MD=0.344] | Lp=2.00 | n_eval=8
[Gen  14 | FE= 212/ 300] p_err=0.252 | 指标=SDE    | score=1(中  ) | Pw=[SDE=0.316 I+=0.342 MD=0.342] | Lp=2.40 | n_eval=8
[Gen  15 | FE= 220/ 300] p_err=0.155 | 指标=I_eps+ | score=2(极优) | Pw=[SDE=0.336 I+=0.356 MD=0.308] | Lp=6.50 | n_eval=8
[Gen  15 | FE= 220/ 300] p_err=0.343 | 指标=SDE    | score=2(极优) | Pw=[SDE=0.356 I+=0.320 MD=0.324] | Lp=3.10 | n_eval=8
[Gen  15 | FE= 220/ 300] p_err=0.162 | 指标=SDE    | score=2(极优) | Pw=[SDE=0.327 I+=0.334 MD=0.339] | Lp=1.60 | n_eval=8
[Gen  15 | FE= 220/ 300] p_err=0.112 | 指标=MD     | score=2(极优) | Pw=[SDE=0.338 I+=0.324 MD=0.338] | Lp=3.10 | n_eval=8
[Gen  15 | FE= 220/ 300] p_err=0.089 | 指标=MD     | score=1(中  ) | Pw=[SDE=0.338 I+=0.358 MD=0.303] | Lp=4.20 | n_eval=8
[Gen  15 | FE= 220/ 300] p_err=0.179 | 指标=MD     | score=1(中  ) | Pw=[SDE=0.369 I+=0.336 MD=0.295] | Lp=6.50 | n_eval=8
[Gen  15 | FE= 220/ 300] p_err=0.222 | 指标=SDE    | score=2(极优) | Pw=[SDE=0.327 I+=0.329 MD=0.344] | Lp=2.00 | n_eval=8
[Gen  15 | FE= 220/ 300] p_err=0.147 | 指标=MD     | score=2(极优) | Pw=[SDE=0.314 I+=0.343 MD=0.343] | Lp=2.40 | n_eval=8
[Gen  16 | FE= 228/ 300] p_err=0.150 | 指标=I_eps+ | score=2(极优) | Pw=[SDE=0.336 I+=0.359 MD=0.305] | Lp=6.50 | n_eval=8
[Gen  16 | FE= 228/ 300] p_err=0.335 | 指标=SDE    | score=2(极优) | Pw=[SDE=0.359 I+=0.319 MD=0.323] | Lp=3.10 | n_eval=8
[Gen  16 | FE= 228/ 300] p_err=0.167 | 指标=I_eps+ | score=2(极优) | Pw=[SDE=0.326 I+=0.336 MD=0.338] | Lp=1.60 | n_eval=8
[Gen  16 | FE= 228/ 300] p_err=0.209 | 指标=I_eps+ | score=2(极优) | Pw=[SDE=0.338 I+=0.324 MD=0.338] | Lp=6.50 | n_eval=8
[Gen  16 | FE= 228/ 300] p_err=0.412 | 指标=SDE    | score=2(极优) | Pw=[SDE=0.340 I+=0.360 MD=0.300] | Lp=4.20 | n_eval=8
[Gen  16 | FE= 228/ 300] p_err=0.231 | 指标=MD     | score=1(中  ) | Pw=[SDE=0.377 I+=0.340 MD=0.283] | Lp=4.20 | n_eval=8
[Gen  16 | FE= 228/ 300] p_err=0.171 | 指标=MD     | score=2(极优) | Pw=[SDE=0.326 I+=0.328 MD=0.345] | Lp=2.00 | n_eval=8
[Gen  16 | FE= 228/ 300] p_err=0.232 | 指标=SDE    | score=2(极优) | Pw=[SDE=0.314 I+=0.343 MD=0.343] | Lp=2.00 | n_eval=8
[Gen  17 | FE= 236/ 300] p_err=0.380 | 指标=SDE    | score=2(极优) | Pw=[SDE=0.362 I+=0.317 MD=0.322] | Lp=3.10 | n_eval=8
[Gen  17 | FE= 236/ 300] p_err=0.167 | 指标=I_eps+ | score=2(极优) | Pw=[SDE=0.336 I+=0.362 MD=0.302] | Lp=6.50 | n_eval=8
[Gen  17 | FE= 236/ 300] p_err=0.264 | 指标=SDE    | score=2(极优) | Pw=[SDE=0.328 I+=0.335 MD=0.338] | Lp=1.60 | n_eval=8
[Gen  17 | FE= 236/ 300] p_err=0.201 | 指标=I_eps+ | score=2(极优) | Pw=[SDE=0.340 I+=0.363 MD=0.297] | Lp=4.20 | n_eval=8
[Gen  17 | FE= 236/ 300] p_err=0.170 | 指标=MD     | score=1(中  ) | Pw=[SDE=0.386 I+=0.343 MD=0.270] | Lp=4.20 | n_eval=8
[Gen  17 | FE= 236/ 300] p_err=0.193 | 指标=I_eps+ | score=2(极优) | Pw=[SDE=0.338 I+=0.324 MD=0.338] | Lp=4.20 | n_eval=8
[Gen  17 | FE= 236/ 300] p_err=0.219 | 指标=SDE    | score=2(极优) | Pw=[SDE=0.327 I+=0.327 MD=0.346] | Lp=2.00 | n_eval=8
[Gen  17 | FE= 236/ 300] p_err=0.245 | 指标=SDE    | score=2(极优) | Pw=[SDE=0.314 I+=0.343 MD=0.343] | Lp=2.40 | n_eval=8
[Gen  18 | FE= 244/ 300] p_err=0.209 | 指标=I_eps+ | score=2(极优) | Pw=[SDE=0.364 I+=0.318 MD=0.318] | Lp=3.10 | n_eval=8
[Gen  18 | FE= 244/ 300] p_err=0.168 | 指标=SDE    | score=2(极优) | Pw=[SDE=0.339 I+=0.365 MD=0.296] | Lp=6.50 | n_eval=8
[Gen  18 | FE= 244/ 300] p_err=0.108 | 指标=MD     | score=1(中  ) | Pw=[SDE=0.334 I+=0.341 MD=0.325] | Lp=1.60 | n_eval=8
[Gen  18 | FE= 244/ 300] p_err=0.369 | 指标=SDE    | score=2(极优) | Pw=[SDE=0.342 I+=0.365 MD=0.292] | Lp=3.10 | n_eval=8
[Gen  18 | FE= 244/ 300] p_err=0.147 | 指标=I_eps+ | score=2(极优) | Pw=[SDE=0.391 I+=0.348 MD=0.261] | Lp=4.20 | n_eval=8
[Gen  18 | FE= 244/ 300] p_err=0.257 | 指标=SDE    | score=2(极优) | Pw=[SDE=0.338 I+=0.323 MD=0.338] | Lp=4.20 | n_eval=8
[Gen  18 | FE= 244/ 300] p_err=0.147 | 指标=I_eps+ | score=2(极优) | Pw=[SDE=0.325 I+=0.328 MD=0.347] | Lp=2.00 | n_eval=8
[Gen  18 | FE= 244/ 300] p_err=0.221 | 指标=SDE    | score=1(中  ) | Pw=[SDE=0.304 I+=0.348 MD=0.348] | Lp=3.10 | n_eval=8
[Gen  19 | FE= 252/ 300] p_err=0.095 | 指标=MD     | score=1(中  ) | Pw=[SDE=0.342 I+=0.346 MD=0.312] | Lp=1.60 | n_eval=8
[Gen  19 | FE= 252/ 300] p_err=0.078 | 指标=MD     | score=2(极优) | Pw=[SDE=0.336 I+=0.366 MD=0.298] | Lp=3.10 | n_eval=8
[Gen  19 | FE= 252/ 300] p_err=0.287 | 指标=SDE    | score=2(极优) | Pw=[SDE=0.368 I+=0.316 MD=0.316] | Lp=3.10 | n_eval=8
[Gen  19 | FE= 252/ 300] p_err=0.178 | 指标=I_eps+ | score=2(极优) | Pw=[SDE=0.398 I+=0.354 MD=0.249] | Lp=4.20 | n_eval=8
[Gen  19 | FE= 252/ 300] p_err=0.205 | 指标=I_eps+ | score=2(极优) | Pw=[SDE=0.343 I+=0.370 MD=0.287] | Lp=3.10 | n_eval=8
[Gen  19 | FE= 252/ 300] p_err=0.069 | 指标=MD     | score=2(极优) | Pw=[SDE=0.339 I+=0.322 MD=0.339] | Lp=4.20 | n_eval=8
[Gen  19 | FE= 252/ 300] p_err=0.360 | 指标=SDE    | score=2(极优) | Pw=[SDE=0.326 I+=0.326 MD=0.348] | Lp=2.00 | n_eval=8
[Gen  19 | FE= 252/ 300] p_err=0.281 | 指标=SDE    | score=2(极优) | Pw=[SDE=0.304 I+=0.348 MD=0.348] | Lp=6.50 | n_eval=8
[Gen  20 | FE= 260/ 300] p_err=0.102 | 指标=MD     | score=1(中  ) | Pw=[SDE=0.350 I+=0.350 MD=0.300] | Lp=1.60 | n_eval=8
[Gen  20 | FE= 260/ 300] p_err=0.199 | 指标=I_eps+ | score=2(极优) | Pw=[SDE=0.335 I+=0.372 MD=0.293] | Lp=2.00 | n_eval=8
[Gen  20 | FE= 260/ 300] p_err=0.163 | 指标=MD     | score=2(极优) | Pw=[SDE=0.372 I+=0.310 MD=0.319] | Lp=2.40 | n_eval=8
[Gen  20 | FE= 260/ 300] p_err=0.157 | 指标=MD     | score=1(中  ) | Pw=[SDE=0.410 I+=0.359 MD=0.231] | Lp=3.10 | n_eval=8
[Gen  20 | FE= 260/ 300] p_err=0.203 | 指标=I_eps+ | score=2(极优) | Pw=[SDE=0.344 I+=0.375 MD=0.281] | Lp=2.40 | n_eval=8
[Gen  20 | FE= 260/ 300] p_err=0.085 | 指标=MD     | score=1(中  ) | Pw=[SDE=0.350 I+=0.330 MD=0.320] | Lp=4.20 | n_eval=8
[Gen  20 | FE= 260/ 300] p_err=0.129 | 指标=MD     | score=1(中  ) | Pw=[SDE=0.335 I+=0.335 MD=0.330] | Lp=2.00 | n_eval=8
[Gen  20 | FE= 260/ 300] p_err=0.200 | 指标=I_eps+ | score=2(极优) | Pw=[SDE=0.302 I+=0.349 MD=0.349] | Lp=6.50 | n_eval=8
[Gen  21 | FE= 268/ 300] p_err=0.135 | 指标=I_eps+ | score=2(极优) | Pw=[SDE=0.342 I+=0.359 MD=0.299] | Lp=1.60 | n_eval=8
[Gen  21 | FE= 268/ 300] p_err=0.217 | 指标=SDE    | score=2(极优) | Pw=[SDE=0.359 I+=0.359 MD=0.282] | Lp=2.40 | n_eval=8
[Gen  21 | FE= 268/ 300] p_err=0.108 | 指标=MD     | score=1(中  ) | Pw=[SDE=0.383 I+=0.306 MD=0.311] | Lp=2.40 | n_eval=8
[Gen  21 | FE= 268/ 300] p_err=0.202 | 指标=I_eps+ | score=2(极优) | Pw=[SDE=0.400 I+=0.375 MD=0.225] | Lp=3.10 | n_eval=8
[Gen  21 | FE= 268/ 300] p_err=0.247 | 指标=SDE    | score=2(极优) | Pw=[SDE=0.342 I+=0.368 MD=0.289] | Lp=2.40 | n_eval=8
[Gen  21 | FE= 268/ 300] p_err=0.079 | 指标=MD     | score=1(中  ) | Pw=[SDE=0.358 I+=0.335 MD=0.307] | Lp=4.20 | n_eval=8
[Gen  21 | FE= 268/ 300] p_err=0.316 | 指标=SDE    | score=2(极优) | Pw=[SDE=0.339 I+=0.336 MD=0.325] | Lp=2.00 | n_eval=8
[Gen  21 | FE= 268/ 300] p_err=0.168 | 指标=MD     | score=1(中  ) | Pw=[SDE=0.309 I+=0.364 MD=0.327] | Lp=6.50 | n_eval=8
[Gen  22 | FE= 276/ 300] p_err=0.247 | 指标=SDE    | score=2(极优) | Pw=[SDE=0.352 I+=0.362 MD=0.287] | Lp=1.35 | n_eval=8
[Gen  22 | FE= 276/ 300] p_err=0.296 | 指标=I_eps+ | score=2(极优) | Pw=[SDE=0.372 I+=0.310 MD=0.319] | Lp=2.40 | n_eval=8
[Gen  22 | FE= 276/ 300] p_err=0.243 | 指标=SDE    | score=2(极优) | Pw=[SDE=0.359 I+=0.359 MD=0.282] | Lp=1.60 | n_eval=8
[Gen  22 | FE= 276/ 300] p_err=0.179 | 指标=I_eps+ | score=2(极优) | Pw=[SDE=0.399 I+=0.377 MD=0.224] | Lp=4.20 | n_eval=8
[Gen  22 | FE= 276/ 300] p_err=0.322 | 指标=SDE    | score=2(极优) | Pw=[SDE=0.349 I+=0.372 MD=0.279] | Lp=1.60 | n_eval=8
[Gen  22 | FE= 276/ 300] p_err=0.197 | 指标=I_eps+ | score=2(极优) | Pw=[SDE=0.358 I+=0.335 MD=0.307] | Lp=4.20 | n_eval=8
[Gen  22 | FE= 276/ 300] p_err=0.149 | 指标=MD     | score=2(极优) | Pw=[SDE=0.338 I+=0.331 MD=0.331] | Lp=1.60 | n_eval=8
[Gen  22 | FE= 276/ 300] p_err=0.149 | 指标=I_eps+ | score=2(极优) | Pw=[SDE=0.312 I+=0.367 MD=0.321] | Lp=6.50 | n_eval=8
[Gen  23 | FE= 284/ 300] p_err=0.214 | 指标=SDE    | score=2(极优) | Pw=[SDE=0.362 I+=0.367 MD=0.271] | Lp=1.60 | n_eval=8
[Gen  23 | FE= 284/ 300] p_err=0.151 | 指标=MD     | score=2(极优) | Pw=[SDE=0.369 I+=0.308 MD=0.323] | Lp=2.00 | n_eval=8
[Gen  23 | FE= 284/ 300] p_err=0.328 | 指标=SDE    | score=2(极优) | Pw=[SDE=0.353 I+=0.353 MD=0.294] | Lp=2.00 | n_eval=8
[Gen  23 | FE= 284/ 300] p_err=0.159 | 指标=MD     | score=1(中  ) | Pw=[SDE=0.400 I+=0.378 MD=0.222] | Lp=4.20 | n_eval=8
[Gen  23 | FE= 284/ 300] p_err=0.094 | 指标=MD     | score=1(中  ) | Pw=[SDE=0.351 I+=0.378 MD=0.270] | Lp=2.40 | n_eval=8
[Gen  23 | FE= 284/ 300] p_err=0.172 | 指标=I_eps+ | score=2(极优) | Pw=[SDE=0.358 I+=0.335 MD=0.307] | Lp=4.20 | n_eval=8
[Gen  23 | FE= 284/ 300] p_err=0.148 | 指标=I_eps+ | score=2(极优) | Pw=[SDE=0.338 I+=0.331 MD=0.331] | Lp=1.60 | n_eval=8
[Gen  23 | FE= 284/ 300] p_err=0.209 | 指标=SDE    | score=1(中  ) | Pw=[SDE=0.299 I+=0.374 MD=0.327] | Lp=2.00 | n_eval=8
[Gen  24 | FE= 292/ 300] p_err=0.273 | 指标=SDE    | score=1(中  ) | Pw=[SDE=0.355 I+=0.366 MD=0.279] | Lp=1.15 | n_eval=8
[Gen  24 | FE= 292/ 300] p_err=0.189 | 指标=I_eps+ | score=2(极优) | Pw=[SDE=0.366 I+=0.314 MD=0.320] | Lp=2.00 | n_eval=8
[Gen  24 | FE= 292/ 300] p_err=0.222 | 指标=I_eps+ | score=2(极优) | Pw=[SDE=0.357 I+=0.357 MD=0.286] | Lp=1.60 | n_eval=8
[Gen  24 | FE= 292/ 300] p_err=0.352 | 指标=SDE    | score=2(极优) | Pw=[SDE=0.349 I+=0.372 MD=0.279] | Lp=1.60 | n_eval=8
[Gen  24 | FE= 292/ 300] p_err=0.185 | 指标=I_eps+ | score=2(极优) | Pw=[SDE=0.391 I+=0.391 MD=0.217] | Lp=4.20 | n_eval=8
[Gen  24 | FE= 292/ 300] p_err=0.087 | 指标=MD     | score=1(中  ) | Pw=[SDE=0.365 I+=0.339 MD=0.296] | Lp=4.20 | n_eval=8
[Gen  24 | FE= 292/ 300] p_err=0.261 | 指标=SDE    | score=1(中  ) | Pw=[SDE=0.329 I+=0.333 MD=0.339] | Lp=1.60 | n_eval=8
[Gen  25 | FE= 300/ 300] p_err=0.372 | 指标=SDE    | score=2(极优) | Pw=[SDE=0.365 I+=0.353 MD=0.282] | Lp=1.15 | n_eval=8
[Gen  24 | FE= 292/ 300] p_err=0.239 | 指标=SDE    | score=2(极优) | Pw=[SDE=0.299 I+=0.374 MD=0.327] | Lp=2.00 | n_eval=8
[Gen  25 | FE= 300/ 300] p_err=0.192 | 指标=I_eps+ | score=2(极优) | Pw=[SDE=0.357 I+=0.331 MD=0.312] | Lp=2.40 | n_eval=8
[Gen  25 | FE= 300/ 300] p_err=0.334 | 指标=SDE    | score=2(极优) | Pw=[SDE=0.400 I+=0.400 MD=0.200] | Lp=4.20 | n_eval=8
[Gen  25 | FE= 300/ 300] p_err=0.299 | 指标=SDE    | score=2(极优) | Pw=[SDE=0.351 I+=0.371 MD=0.278] | Lp=2.40 | n_eval=8
[Gen  25 | FE= 300/ 300] p_err=0.231 | 指标=I_eps+ | score=2(极优) | Pw=[SDE=0.348 I+=0.348 MD=0.304] | Lp=2.00 | n_eval=8
[Gen  25 | FE= 300/ 300] p_err=0.079 | 指标=MD     | score=1(中  ) | Pw=[SDE=0.373 I+=0.347 MD=0.280] | Lp=4.20 | n_eval=8
[Gen  25 | FE= 300/ 300] p_err=0.281 | 指标=SDE    | score=2(极优) | Pw=[SDE=0.320 I+=0.355 MD=0.325] | Lp=1.35 | n_eval=8
[Gen  25 | FE= 300/ 300] p_err=0.086 | 指标=MD     | score=1(中  ) | Pw=[SDE=0.314 I+=0.392 MD=0.294] | Lp=2.40 | n_eval=8
[Gen   1 | FE= 108/ 300] p_err=0.132 | 指标=I_eps+ | score=2(极优) | Pw=[SDE=0.333 I+=0.333 MD=0.333] | Lp=3.10 | n_eval=8
[Gen   1 | FE= 108/ 300] p_err=0.213 | 指标=MD     | score=2(极优) | Pw=[SDE=0.333 I+=0.333 MD=0.333] | Lp=4.20 | n_eval=8
[Gen   1 | FE= 108/ 300] p_err=0.125 | 指标=I_eps+ | score=1(中  ) | Pw=[SDE=0.336 I+=0.328 MD=0.336] | Lp=3.10 | n_eval=8
[Gen   1 | FE= 108/ 300] p_err=0.132 | 指标=I_eps+ | score=1(中  ) | Pw=[SDE=0.336 I+=0.328 MD=0.336] | Lp=4.20 | n_eval=8
[Gen   1 | FE= 108/ 300] p_err=0.184 | 指标=MD     | score=2(极优) | Pw=[SDE=0.333 I+=0.333 MD=0.333] | Lp=3.10 | n_eval=8
[Gen   1 | FE= 108/ 300] p_err=0.144 | 指标=I_eps+ | score=2(极优) | Pw=[SDE=0.333 I+=0.333 MD=0.333] | Lp=4.20 | n_eval=8
[Gen   1 | FE= 108/ 300] p_err=0.255 | 指标=MD     | score=2(极优) | Pw=[SDE=0.333 I+=0.333 MD=0.333] | Lp=4.20 | n_eval=8
[Gen   2 | FE= 116/ 300] p_err=0.190 | 指标=SDE    | score=2(极优) | Pw=[SDE=0.333 I+=0.333 MD=0.333] | Lp=4.20 | n_eval=8
[Gen   2 | FE= 116/ 300] p_err=0.192 | 指标=MD     | score=2(极优) | Pw=[SDE=0.333 I+=0.333 MD=0.333] | Lp=6.50 | n_eval=8
[Gen   2 | FE= 116/ 300] p_err=0.205 | 指标=MD     | score=2(极优) | Pw=[SDE=0.336 I+=0.327 MD=0.336] | Lp=4.20 | n_eval=8
[Gen   2 | FE= 116/ 300] p_err=0.172 | 指标=SDE    | score=2(极优) | Pw=[SDE=0.336 I+=0.327 MD=0.336] | Lp=2.40 | n_eval=8
[Gen   2 | FE= 116/ 300] p_err=0.117 | 指标=SDE    | score=2(极优) | Pw=[SDE=0.333 I+=0.333 MD=0.333] | Lp=3.10 | n_eval=8
[Gen   2 | FE= 116/ 300] p_err=0.146 | 指标=SDE    | score=2(极优) | Pw=[SDE=0.333 I+=0.333 MD=0.333] | Lp=4.20 | n_eval=8
[Gen   2 | FE= 116/ 300] p_err=0.395 | 指标=MD     | score=2(极优) | Pw=[SDE=0.333 I+=0.333 MD=0.333] | Lp=4.20 | n_eval=8
[Gen   3 | FE= 124/ 300] p_err=0.221 | 指标=MD     | score=2(极优) | Pw=[SDE=0.333 I+=0.333 MD=0.333] | Lp=4.20 | n_eval=8
[Gen   3 | FE= 124/ 300] p_err=0.148 | 指标=I_eps+ | score=2(极优) | Pw=[SDE=0.333 I+=0.333 MD=0.333] | Lp=6.50 | n_eval=8
[Gen   3 | FE= 124/ 300] p_err=0.127 | 指标=I_eps+ | score=1(中  ) | Pw=[SDE=0.339 I+=0.321 MD=0.339] | Lp=3.10 | n_eval=8
[Gen   3 | FE= 124/ 300] p_err=0.220 | 指标=MD     | score=2(极优) | Pw=[SDE=0.336 I+=0.327 MD=0.336] | Lp=3.10 | n_eval=8
[Gen   3 | FE= 124/ 300] p_err=0.155 | 指标=MD     | score=2(极优) | Pw=[SDE=0.333 I+=0.333 MD=0.333] | Lp=4.20 | n_eval=8
[Gen   3 | FE= 124/ 300] p_err=0.167 | 指标=I_eps+ | score=2(极优) | Pw=[SDE=0.333 I+=0.333 MD=0.333] | Lp=3.10 | n_eval=8
[Gen   3 | FE= 124/ 300] p_err=0.198 | 指标=MD     | score=2(极优) | Pw=[SDE=0.333 I+=0.333 MD=0.333] | Lp=4.20 | n_eval=8
[Gen   4 | FE= 132/ 300] p_err=0.193 | 指标=SDE    | score=2(极优) | Pw=[SDE=0.333 I+=0.333 MD=0.333] | Lp=4.20 | n_eval=8
[Gen   4 | FE= 132/ 300] p_err=0.183 | 指标=MD     | score=1(中  ) | Pw=[SDE=0.336 I+=0.336 MD=0.327] | Lp=4.20 | n_eval=8
[Gen   4 | FE= 132/ 300] p_err=0.174 | 指标=I_eps+ | score=2(极优) | Pw=[SDE=0.339 I+=0.321 MD=0.339] | Lp=3.10 | n_eval=8
[Gen   4 | FE= 132/ 300] p_err=0.179 | 指标=SDE    | score=2(极优) | Pw=[SDE=0.333 I+=0.333 MD=0.333] | Lp=3.10 | n_eval=8
[Gen   4 | FE= 132/ 300] p_err=0.141 | 指标=SDE    | score=2(极优) | Pw=[SDE=0.337 I+=0.327 MD=0.337] | Lp=3.10 | n_eval=8
[Gen   4 | FE= 132/ 300] p_err=0.243 | 指标=I_eps+ | score=1(中  ) | Pw=[SDE=0.336 I+=0.327 MD=0.336] | Lp=4.20 | n_eval=8
[Gen   4 | FE= 132/ 300] p_err=0.136 | 指标=I_eps+ | score=2(极优) | Pw=[SDE=0.333 I+=0.333 MD=0.333] | Lp=6.50 | n_eval=8
[Gen   5 | FE= 140/ 300] p_err=0.166 | 指标=MD     | score=2(极优) | Pw=[SDE=0.333 I+=0.333 MD=0.333] | Lp=4.20 | n_eval=8
[Gen   5 | FE= 140/ 300] p_err=0.216 | 指标=SDE    | score=2(极优) | Pw=[SDE=0.336 I+=0.336 MD=0.327] | Lp=4.20 | n_eval=8
[Gen   5 | FE= 140/ 300] p_err=0.208 | 指标=SDE    | score=2(极优) | Pw=[SDE=0.340 I+=0.321 MD=0.340] | Lp=4.20 | n_eval=8
[Gen   5 | FE= 140/ 300] p_err=0.172 | 指标=SDE    | score=2(极优) | Pw=[SDE=0.333 I+=0.333 MD=0.333] | Lp=2.40 | n_eval=8
[Gen   5 | FE= 140/ 300] p_err=0.140 | 指标=I_eps+ | score=1(中  ) | Pw=[SDE=0.340 I+=0.320 MD=0.340] | Lp=2.40 | n_eval=8
[Gen   5 | FE= 140/ 300] p_err=0.214 | 指标=MD     | score=2(极优) | Pw=[SDE=0.336 I+=0.327 MD=0.336] | Lp=4.20 | n_eval=8
[Gen   5 | FE= 140/ 300] p_err=0.162 | 指标=MD     | score=2(极优) | Pw=[SDE=0.333 I+=0.333 MD=0.333] | Lp=6.50 | n_eval=8
[Gen   6 | FE= 148/ 300] p_err=0.202 | 指标=MD     | score=2(极优) | Pw=[SDE=0.333 I+=0.333 MD=0.333] | Lp=4.20 | n_eval=8
[Gen   6 | FE= 148/ 300] p_err=0.186 | 指标=I_eps+ | score=2(极优) | Pw=[SDE=0.337 I+=0.337 MD=0.327] | Lp=2.40 | n_eval=8
[Gen   6 | FE= 148/ 300] p_err=0.251 | 指标=I_eps+ | score=2(极优) | Pw=[SDE=0.340 I+=0.321 MD=0.340] | Lp=4.20 | n_eval=8
[Gen   6 | FE= 148/ 300] p_err=0.172 | 指标=MD     | score=2(极优) | Pw=[SDE=0.333 I+=0.333 MD=0.333] | Lp=3.10 | n_eval=8
[Gen   6 | FE= 148/ 300] p_err=0.225 | 指标=SDE    | score=1(中  ) | Pw=[SDE=0.330 I+=0.330 MD=0.340] | Lp=3.10 | n_eval=8
[Gen   6 | FE= 148/ 300] p_err=0.174 | 指标=SDE    | score=1(中  ) | Pw=[SDE=0.334 I+=0.322 MD=0.344] | Lp=2.40 | n_eval=8
[Gen   6 | FE= 148/ 300] p_err=0.193 | 指标=I_eps+ | score=2(极优) | Pw=[SDE=0.333 I+=0.333 MD=0.333] | Lp=3.10 | n_eval=8
[Gen   7 | FE= 156/ 300] p_err=0.173 | 指标=MD     | score=2(极优) | Pw=[SDE=0.333 I+=0.333 MD=0.333] | Lp=4.20 | n_eval=8
[Gen   7 | FE= 156/ 300] p_err=0.193 | 指标=MD     | score=1(中  ) | Pw=[SDE=0.344 I+=0.324 MD=0.332] | Lp=6.50 | n_eval=8
[Gen   7 | FE= 156/ 300] p_err=0.223 | 指标=I_eps+ | score=1(中  ) | Pw=[SDE=0.340 I+=0.330 MD=0.330] | Lp=3.10 | n_eval=8
[Gen   7 | FE= 156/ 300] p_err=0.199 | 指标=MD     | score=2(极优) | Pw=[SDE=0.329 I+=0.330 MD=0.341] | Lp=4.20 | n_eval=8
[Gen   7 | FE= 156/ 300] p_err=0.216 | 指标=I_eps+ | score=2(极优) | Pw=[SDE=0.333 I+=0.333 MD=0.333] | Lp=2.00 | n_eval=8
[Gen   7 | FE= 156/ 300] p_err=0.204 | 指标=I_eps+ | score=1(中  ) | Pw=[SDE=0.337 I+=0.315 MD=0.348] | Lp=2.40 | n_eval=8
[Gen   7 | FE= 156/ 300] p_err=0.183 | 指标=I_eps+ | score=2(极优) | Pw=[SDE=0.333 I+=0.333 MD=0.333] | Lp=3.10 | n_eval=8
[Gen   8 | FE= 164/ 300] p_err=0.159 | 指标=MD     | score=1(中  ) | Pw=[SDE=0.337 I+=0.337 MD=0.327] | Lp=4.20 | n_eval=8
[Gen   8 | FE= 164/ 300] p_err=0.248 | 指标=MD     | score=2(极优) | Pw=[SDE=0.344 I+=0.323 MD=0.333] | Lp=2.00 | n_eval=8
[Gen   8 | FE= 164/ 300] p_err=0.312 | 指标=I_eps+ | score=1(中  ) | Pw=[SDE=0.344 I+=0.323 MD=0.333] | Lp=2.00 | n_eval=8
[Gen   8 | FE= 164/ 300] p_err=0.255 | 指标=MD     | score=1(中  ) | Pw=[SDE=0.333 I+=0.334 MD=0.334] | Lp=6.50 | n_eval=8
[Gen   8 | FE= 164/ 300] p_err=0.170 | 指标=SDE    | score=1(中  ) | Pw=[SDE=0.326 I+=0.337 MD=0.337] | Lp=2.40 | n_eval=8
[Gen   8 | FE= 164/ 300] p_err=0.263 | 指标=I_eps+ | score=1(中  ) | Pw=[SDE=0.340 I+=0.308 MD=0.352] | Lp=3.10 | n_eval=8
[Gen   8 | FE= 164/ 300] p_err=0.231 | 指标=SDE    | score=2(极优) | Pw=[SDE=0.333 I+=0.333 MD=0.333] | Lp=6.50 | n_eval=8
[Gen   9 | FE= 172/ 300] p_err=0.135 | 指标=I_eps+ | score=2(极优) | Pw=[SDE=0.337 I+=0.337 MD=0.326] | Lp=4.20 | n_eval=8
[Gen   9 | FE= 172/ 300] p_err=0.242 | 指标=I_eps+ | score=2(极优) | Pw=[SDE=0.345 I+=0.323 MD=0.332] | Lp=3.10 | n_eval=8
[Gen   9 | FE= 172/ 300] p_err=0.185 | 指标=MD     | score=1(中  ) | Pw=[SDE=0.336 I+=0.337 MD=0.326] | Lp=4.20 | n_eval=8
[Gen   9 | FE= 172/ 300] p_err=0.151 | 指标=MD     | score=2(极优) | Pw=[SDE=0.345 I+=0.322 MD=0.333] | Lp=3.10 | n_eval=8
[Gen   9 | FE= 172/ 300] p_err=0.243 | 指标=I_eps+ | score=1(中  ) | Pw=[SDE=0.330 I+=0.328 MD=0.342] | Lp=2.00 | n_eval=8
[Gen   9 | FE= 172/ 300] p_err=0.275 | 指标=SDE    | score=2(极优) | Pw=[SDE=0.341 I+=0.306 MD=0.353] | Lp=3.10 | n_eval=8
[Gen   9 | FE= 172/ 300] p_err=0.123 | 指标=MD     | score=2(极优) | Pw=[SDE=0.333 I+=0.333 MD=0.333] | Lp=2.00 | n_eval=8
[Gen  10 | FE= 180/ 300] p_err=0.149 | 指标=I_eps+ | score=2(极优) | Pw=[SDE=0.337 I+=0.337 MD=0.326] | Lp=4.20 | n_eval=8
[Gen  10 | FE= 180/ 300] p_err=0.279 | 指标=MD     | score=1(中  ) | Pw=[SDE=0.349 I+=0.326 MD=0.324] | Lp=3.10 | n_eval=8
[Gen  10 | FE= 180/ 300] p_err=0.162 | 指标=I_eps+ | score=2(极优) | Pw=[SDE=0.336 I+=0.338 MD=0.326] | Lp=3.10 | n_eval=8
[Gen  10 | FE= 180/ 300] p_err=0.158 | 指标=MD     | score=2(极优) | Pw=[SDE=0.345 I+=0.321 MD=0.334] | Lp=2.00 | n_eval=8
[Gen  10 | FE= 180/ 300] p_err=0.221 | 指标=I_eps+ | score=2(极优) | Pw=[SDE=0.330 I+=0.329 MD=0.342] | Lp=2.40 | n_eval=8
[Gen  10 | FE= 180/ 300] p_err=0.270 | 指标=I_eps+ | score=1(中  ) | Pw=[SDE=0.345 I+=0.298 MD=0.357] | Lp=3.10 | n_eval=8
[Gen  11 | FE= 188/ 300] p_err=0.144 | 指标=MD     | score=2(极优) | Pw=[SDE=0.337 I+=0.337 MD=0.326] | Lp=4.20 | n_eval=8
[Gen  10 | FE= 180/ 300] p_err=0.210 | 指标=SDE    | score=2(极优) | Pw=[SDE=0.333 I+=0.333 MD=0.333] | Lp=2.40 | n_eval=8
[Gen  11 | FE= 188/ 300] p_err=0.162 | 指标=I_eps+ | score=2(极优) | Pw=[SDE=0.350 I+=0.327 MD=0.323] | Lp=1.15 | n_eval=8
[Gen  11 | FE= 188/ 300] p_err=0.180 | 指标=I_eps+ | score=2(极优) | Pw=[SDE=0.336 I+=0.339 MD=0.325] | Lp=6.50 | n_eval=8
[Gen  11 | FE= 188/ 300] p_err=0.161 | 指标=I_eps+ | score=2(极优) | Pw=[SDE=0.346 I+=0.321 MD=0.333] | Lp=3.10 | n_eval=8
[Gen  11 | FE= 188/ 300] p_err=0.148 | 指标=MD     | score=2(极优) | Pw=[SDE=0.329 I+=0.328 MD=0.342] | Lp=2.40 | n_eval=8
[Gen  11 | FE= 188/ 300] p_err=0.323 | 指标=SDE    | score=1(中  ) | Pw=[SDE=0.338 I+=0.299 MD=0.364] | Lp=3.10 | n_eval=8
[Gen  12 | FE= 196/ 300] p_err=0.192 | 指标=MD     | score=2(极优) | Pw=[SDE=0.337 I+=0.337 MD=0.326] | Lp=4.20 | n_eval=8
[Gen  11 | FE= 188/ 300] p_err=0.224 | 指标=I_eps+ | score=2(极优) | Pw=[SDE=0.333 I+=0.333 MD=0.333] | Lp=2.40 | n_eval=8
[Gen  12 | FE= 196/ 300] p_err=0.150 | 指标=MD     | score=1(中  ) | Pw=[SDE=0.355 I+=0.330 MD=0.314] | Lp=2.00 | n_eval=8
[Gen  12 | FE= 196/ 300] p_err=0.268 | 指标=SDE    | score=2(极优) | Pw=[SDE=0.337 I+=0.339 MD=0.324] | Lp=3.10 | n_eval=8
[Gen  12 | FE= 196/ 300] p_err=0.169 | 指标=MD     | score=2(极优) | Pw=[SDE=0.329 I+=0.328 MD=0.343] | Lp=2.00 | n_eval=8
[Gen  12 | FE= 196/ 300] p_err=0.279 | 指标=SDE    | score=2(极优) | Pw=[SDE=0.347 I+=0.320 MD=0.333] | Lp=3.10 | n_eval=8
[Gen  12 | FE= 196/ 300] p_err=0.254 | 指标=I_eps+ | score=2(极优) | Pw=[SDE=0.336 I+=0.299 MD=0.364] | Lp=3.10 | n_eval=8
[Gen  13 | FE= 204/ 300] p_err=0.261 | 指标=SDE    | score=2(极优) | Pw=[SDE=0.337 I+=0.337 MD=0.325] | Lp=4.20 | n_eval=8
[Gen  12 | FE= 196/ 300] p_err=0.101 | 指标=MD     | score=2(极优) | Pw=[SDE=0.333 I+=0.333 MD=0.333] | Lp=2.40 | n_eval=8
[Gen  13 | FE= 204/ 300] p_err=0.210 | 指标=SDE    | score=2(极优) | Pw=[SDE=0.357 I+=0.330 MD=0.313] | Lp=1.60 | n_eval=8
[Gen  13 | FE= 204/ 300] p_err=0.288 | 指标=SDE    | score=2(极优) | Pw=[SDE=0.338 I+=0.340 MD=0.322] | Lp=6.50 | n_eval=8
[Gen  13 | FE= 204/ 300] p_err=0.099 | 指标=MD     | score=2(极优) | Pw=[SDE=0.329 I+=0.327 MD=0.344] | Lp=2.00 | n_eval=8
[Gen  13 | FE= 204/ 300] p_err=0.196 | 指标=I_eps+ | score=2(极优) | Pw=[SDE=0.347 I+=0.320 MD=0.333] | Lp=2.40 | n_eval=8
[Gen  13 | FE= 204/ 300] p_err=0.158 | 指标=MD     | score=2(极优) | Pw=[SDE=0.336 I+=0.296 MD=0.367] | Lp=2.40 | n_eval=8
[Gen  14 | FE= 212/ 300] p_err=0.332 | 指标=I_eps+ | score=2(极优) | Pw=[SDE=0.338 I+=0.338 MD=0.325] | Lp=4.20 | n_eval=8
[Gen  13 | FE= 204/ 300] p_err=0.238 | 指标=I_eps+ | score=2(极优) | Pw=[SDE=0.333 I+=0.333 MD=0.333] | Lp=2.40 | n_eval=8
[Gen  14 | FE= 212/ 300] p_err=0.126 | 指标=MD     | score=2(极优) | Pw=[SDE=0.338 I+=0.339 MD=0.323] | Lp=4.20 | n_eval=8
[Gen  14 | FE= 212/ 300] p_err=0.301 | 指标=SDE    | score=2(极优) | Pw=[SDE=0.360 I+=0.330 MD=0.311] | Lp=1.60 | n_eval=8
[Gen  14 | FE= 212/ 300] p_err=0.221 | 指标=I_eps+ | score=2(极优) | Pw=[SDE=0.328 I+=0.328 MD=0.345] | Lp=2.00 | n_eval=8
[Gen  14 | FE= 212/ 300] p_err=0.112 | 指标=MD     | score=2(极优) | Pw=[SDE=0.348 I+=0.319 MD=0.333] | Lp=2.40 | n_eval=8
[Gen  14 | FE= 212/ 300] p_err=0.260 | 指标=SDE    | score=2(极优) | Pw=[SDE=0.338 I+=0.292 MD=0.369] | Lp=3.10 | n_eval=8
[Gen  15 | FE= 220/ 300] p_err=0.107 | 指标=MD     | score=1(中  ) | Pw=[SDE=0.342 I+=0.342 MD=0.316] | Lp=3.10 | n_eval=8
[Gen  14 | FE= 212/ 300] p_err=0.238 | 指标=SDE    | score=2(极优) | Pw=[SDE=0.333 I+=0.333 MD=0.333] | Lp=3.10 | n_eval=8
[Gen  15 | FE= 220/ 300] p_err=0.147 | 指标=MD     | score=1(中  ) | Pw=[SDE=0.342 I+=0.344 MD=0.313] | Lp=4.20 | n_eval=8
[Gen  15 | FE= 220/ 300] p_err=0.244 | 指标=I_eps+ | score=2(极优) | Pw=[SDE=0.361 I+=0.331 MD=0.307] | Lp=1.60 | n_eval=8
[Gen  15 | FE= 220/ 300] p_err=0.107 | 指标=MD     | score=2(极优) | Pw=[SDE=0.327 I+=0.327 MD=0.346] | Lp=1.35 | n_eval=8
[Gen  15 | FE= 220/ 300] p_err=0.097 | 指标=MD     | score=1(中  ) | Pw=[SDE=0.354 I+=0.322 MD=0.324] | Lp=2.40 | n_eval=8
[Gen  15 | FE= 220/ 300] p_err=0.127 | 指标=MD     | score=2(极优) | Pw=[SDE=0.339 I+=0.288 MD=0.373] | Lp=3.10 | n_eval=8
[Gen  16 | FE= 228/ 300] p_err=0.090 | 指标=MD     | score=1(中  ) | Pw=[SDE=0.347 I+=0.347 MD=0.307] | Lp=3.10 | n_eval=8
[Gen  15 | FE= 220/ 300] p_err=0.148 | 指标=MD     | score=2(极优) | Pw=[SDE=0.333 I+=0.333 MD=0.333] | Lp=2.40 | n_eval=8
[Gen  16 | FE= 228/ 300] p_err=0.069 | 指标=MD     | score=1(中  ) | Pw=[SDE=0.369 I+=0.336 MD=0.295] | Lp=2.00 | n_eval=8
[Gen  16 | FE= 228/ 300] p_err=0.166 | 指标=I_eps+ | score=2(极优) | Pw=[SDE=0.342 I+=0.347 MD=0.311] | Lp=3.10 | n_eval=8
[Gen  16 | FE= 228/ 300] p_err=0.132 | 指标=MD     | score=2(极优) | Pw=[SDE=0.326 I+=0.326 MD=0.348] | Lp=1.60 | n_eval=8
[Gen  16 | FE= 228/ 300] p_err=0.120 | 指标=MD     | score=1(中  ) | Pw=[SDE=0.360 I+=0.324 MD=0.315] | Lp=2.40 | n_eval=8
[Gen  17 | FE= 236/ 300] p_err=0.103 | 指标=MD     | score=1(中  ) | Pw=[SDE=0.351 I+=0.351 MD=0.297] | Lp=4.20 | n_eval=8
[Gen  16 | FE= 228/ 300] p_err=0.205 | 指标=SDE    | score=2(极优) | Pw=[SDE=0.342 I+=0.282 MD=0.376] | Lp=2.40 | n_eval=8
[Gen  16 | FE= 228/ 300] p_err=0.140 | 指标=MD     | score=2(极优) | Pw=[SDE=0.333 I+=0.333 MD=0.333] | Lp=3.10 | n_eval=8
[Gen  17 | FE= 236/ 300] p_err=0.082 | 指标=MD     | score=1(中  ) | Pw=[SDE=0.377 I+=0.340 MD=0.283] | Lp=1.60 | n_eval=8
[Gen  17 | FE= 236/ 300] p_err=0.241 | 指标=SDE    | score=2(极优) | Pw=[SDE=0.345 I+=0.348 MD=0.307] | Lp=3.10 | n_eval=8
[Gen  17 | FE= 236/ 300] p_err=0.329 | 指标=SDE    | score=2(极优) | Pw=[SDE=0.327 I+=0.324 MD=0.349] | Lp=2.00 | n_eval=8
[Gen  17 | FE= 236/ 300] p_err=0.082 | 指标=MD     | score=2(极优) | Pw=[SDE=0.362 I+=0.322 MD=0.317] | Lp=2.00 | n_eval=8
[Gen  18 | FE= 244/ 300] p_err=0.284 | 指标=SDE    | score=1(中  ) | Pw=[SDE=0.333 I+=0.364 MD=0.303] | Lp=4.20 | n_eval=8
[Gen  17 | FE= 236/ 300] p_err=0.122 | 指标=MD     | score=2(极优) | Pw=[SDE=0.343 I+=0.275 MD=0.381] | Lp=2.40 | n_eval=8
[Gen  17 | FE= 236/ 300] p_err=0.261 | 指标=SDE    | score=1(中  ) | Pw=[SDE=0.317 I+=0.341 MD=0.341] | Lp=3.10 | n_eval=8
[Gen  18 | FE= 244/ 300] p_err=0.095 | 指标=MD     | score=2(极优) | Pw=[SDE=0.344 I+=0.347 MD=0.309] | Lp=3.10 | n_eval=8
[Gen  18 | FE= 244/ 300] p_err=0.192 | 指标=I_eps+ | score=2(极优) | Pw=[SDE=0.381 I+=0.343 MD=0.275] | Lp=1.60 | n_eval=8
[Gen  18 | FE= 244/ 300] p_err=0.091 | 指标=MD     | score=1(中  ) | Pw=[SDE=0.332 I+=0.327 MD=0.341] | Lp=1.60 | n_eval=8
[Gen  18 | FE= 244/ 300] p_err=0.287 | 指标=SDE    | score=2(极优) | Pw=[SDE=0.365 I+=0.320 MD=0.315] | Lp=2.00 | n_eval=8
[Gen  19 | FE= 252/ 300] p_err=0.346 | 指标=SDE    | score=1(中  ) | Pw=[SDE=0.314 I+=0.377 MD=0.309] | Lp=1.60 | n_eval=8
[Gen  18 | FE= 244/ 300] p_err=0.132 | 指标=MD     | score=1(中  ) | Pw=[SDE=0.355 I+=0.274 MD=0.371] | Lp=3.10 | n_eval=8
[Gen  19 | FE= 252/ 300] p_err=0.079 | 指标=MD     | score=2(极优) | Pw=[SDE=0.342 I+=0.347 MD=0.311] | Lp=3.10 | n_eval=8
[Gen  18 | FE= 244/ 300] p_err=0.151 | 指标=I_eps+ | score=2(极优) | Pw=[SDE=0.314 I+=0.343 MD=0.343] | Lp=2.40 | n_eval=8
[Gen  19 | FE= 252/ 300] p_err=0.398 | 指标=SDE    | score=2(极优) | Pw=[SDE=0.334 I+=0.324 MD=0.342] | Lp=2.00 | n_eval=8
[Gen  19 | FE= 252/ 300] p_err=0.211 | 指标=I_eps+ | score=2(极优) | Pw=[SDE=0.386 I+=0.348 MD=0.266] | Lp=1.60 | n_eval=8
[Gen  19 | FE= 252/ 300] p_err=0.092 | 指标=MD     | score=2(极优) | Pw=[SDE=0.368 I+=0.315 MD=0.317] | Lp=2.00 | n_eval=8
[Gen  20 | FE= 260/ 300] p_err=0.309 | 指标=I_eps+ | score=2(极优) | Pw=[SDE=0.308 I+=0.385 MD=0.308] | Lp=1.60 | n_eval=8
[Gen  19 | FE= 252/ 300] p_err=0.077 | 指标=MD     | score=1(中  ) | Pw=[SDE=0.368 I+=0.271 MD=0.361] | Lp=2.00 | n_eval=8
[Gen  20 | FE= 260/ 300] p_err=0.111 | 指标=MD     | score=2(极优) | Pw=[SDE=0.340 I+=0.346 MD=0.314] | Lp=3.10 | n_eval=8
[Gen  20 | FE= 260/ 300] p_err=0.067 | 指标=MD     | score=1(中  ) | Pw=[SDE=0.341 I+=0.325 MD=0.334] | Lp=1.60 | n_eval=8
[Gen  19 | FE= 252/ 300] p_err=0.187 | 指标=I_eps+ | score=2(极优) | Pw=[SDE=0.310 I+=0.345 MD=0.345] | Lp=2.40 | n_eval=8
[Gen  20 | FE= 260/ 300] p_err=0.238 | 指标=SDE    | score=2(极优) | Pw=[SDE=0.373 I+=0.311 MD=0.317] | Lp=2.00 | n_eval=8
[Gen  20 | FE= 260/ 300] p_err=0.180 | 指标=I_eps+ | score=2(极优) | Pw=[SDE=0.393 I+=0.354 MD=0.253] | Lp=1.60 | n_eval=8
[Gen  21 | FE= 268/ 300] p_err=0.287 | 指标=I_eps+ | score=2(极优) | Pw=[SDE=0.308 I+=0.385 MD=0.308] | Lp=1.60 | n_eval=8
[Gen  20 | FE= 260/ 300] p_err=0.258 | 指标=SDE    | score=2(极优) | Pw=[SDE=0.382 I+=0.255 MD=0.364] | Lp=2.00 | n_eval=8
[Gen  21 | FE= 268/ 300] p_err=0.197 | 指标=I_eps+ | score=2(极优) | Pw=[SDE=0.340 I+=0.346 MD=0.314] | Lp=3.10 | n_eval=8
[Gen  21 | FE= 268/ 300] p_err=0.385 | 指标=SDE    | score=2(极优) | Pw=[SDE=0.345 I+=0.325 MD=0.330] | Lp=1.60 | n_eval=8
[Gen  20 | FE= 260/ 300] p_err=0.180 | 指标=MD     | score=2(极优) | Pw=[SDE=0.304 I+=0.348 MD=0.348] | Lp=4.20 | n_eval=8
[Gen  21 | FE= 268/ 300] p_err=0.097 | 指标=MD     | score=2(极优) | Pw=[SDE=0.373 I+=0.311 MD=0.317] | Lp=2.00 | n_eval=8
[Gen  21 | FE= 268/ 300] p_err=0.310 | 指标=SDE    | score=2(极优) | Pw=[SDE=0.387 I+=0.365 MD=0.248] | Lp=2.00 | n_eval=8
[Gen  22 | FE= 276/ 300] p_err=0.066 | 指标=MD     | score=1(中  ) | Pw=[SDE=0.297 I+=0.396 MD=0.306] | Lp=1.60 | n_eval=8
[Gen  21 | FE= 268/ 300] p_err=0.204 | 指标=SDE    | score=2(极优) | Pw=[SDE=0.383 I+=0.258 MD=0.359] | Lp=2.40 | n_eval=8
[Gen  22 | FE= 276/ 300] p_err=0.321 | 指标=SDE    | score=2(极优) | Pw=[SDE=0.340 I+=0.346 MD=0.314] | Lp=2.00 | n_eval=8
[Gen  22 | FE= 276/ 300] p_err=0.086 | 指标=MD     | score=1(中  ) | Pw=[SDE=0.347 I+=0.331 MD=0.322] | Lp=1.60 | n_eval=8
[Gen  21 | FE= 268/ 300] p_err=0.131 | 指标=MD     | score=1(中  ) | Pw=[SDE=0.310 I+=0.355 MD=0.335] | Lp=6.50 | n_eval=8
[Gen  22 | FE= 276/ 300] p_err=0.166 | 指标=I_eps+ | score=2(极优) | Pw=[SDE=0.372 I+=0.319 MD=0.310] | Lp=2.00 | n_eval=8
[Gen  22 | FE= 276/ 300] p_err=0.150 | 指标=I_eps+ | score=2(极优) | Pw=[SDE=0.395 I+=0.375 MD=0.230] | Lp=2.40 | n_eval=8
[Gen  23 | FE= 284/ 300] p_err=0.335 | 指标=SDE    | score=2(极优) | Pw=[SDE=0.314 I+=0.392 MD=0.294] | Lp=1.60 | n_eval=8
[Gen  22 | FE= 276/ 300] p_err=0.094 | 指标=MD     | score=2(极优) | Pw=[SDE=0.375 I+=0.257 MD=0.368] | Lp=2.40 | n_eval=8
[Gen  23 | FE= 284/ 300] p_err=0.170 | 指标=I_eps+ | score=2(极优) | Pw=[SDE=0.340 I+=0.346 MD=0.314] | Lp=1.60 | n_eval=8
[Gen  23 | FE= 284/ 300] p_err=0.069 | 指标=MD     | score=2(极优) | Pw=[SDE=0.347 I+=0.331 MD=0.322] | Lp=1.60 | n_eval=8
[Gen  22 | FE= 276/ 300] p_err=0.118 | 指标=MD     | score=1(中  ) | Pw=[SDE=0.317 I+=0.362 MD=0.322] | Lp=4.20 | n_eval=8
[Gen  23 | FE= 284/ 300] p_err=0.161 | 指标=I_eps+ | score=2(极优) | Pw=[SDE=0.372 I+=0.319 MD=0.310] | Lp=2.40 | n_eval=8
[Gen  23 | FE= 284/ 300] p_err=0.229 | 指标=SDE    | score=1(中  ) | Pw=[SDE=0.362 I+=0.403 MD=0.235] | Lp=2.40 | n_eval=8
[Gen  24 | FE= 292/ 300] p_err=0.379 | 指标=SDE    | score=0(差  ) | Pw=[SDE=0.255 I+=0.426 MD=0.319] | Lp=1.60 | n_eval=8
[Gen  23 | FE= 284/ 300] p_err=0.146 | 指标=MD     | score=1(中  ) | Pw=[SDE=0.387 I+=0.265 MD=0.348] | Lp=2.40 | n_eval=8
[Gen  24 | FE= 292/ 300] p_err=0.084 | 指标=MD     | score=1(中  ) | Pw=[SDE=0.333 I+=0.370 MD=0.296] | Lp=2.00 | n_eval=8
[Gen  23 | FE= 284/ 300] p_err=0.206 | 指标=I_eps+ | score=2(极优) | Pw=[SDE=0.318 I+=0.364 MD=0.318] | Lp=6.50 | n_eval=8
[Gen  24 | FE= 292/ 300] p_err=0.179 | 指标=I_eps+ | score=1(中  ) | Pw=[SDE=0.353 I+=0.314 MD=0.333] | Lp=1.60 | n_eval=8
[Gen  24 | FE= 292/ 300] p_err=0.057 | 指标=MD     | score=2(极优) | Pw=[SDE=0.354 I+=0.393 MD=0.253] | Lp=2.40 | n_eval=8
[Gen  24 | FE= 292/ 300] p_err=0.176 | 指标=I_eps+ | score=2(极优) | Pw=[SDE=0.364 I+=0.318 MD=0.318] | Lp=2.40 | n_eval=8
[Gen  25 | FE= 300/ 300] p_err=0.285 | 指标=I_eps+ | score=2(极优) | Pw=[SDE=0.258 I+=0.431 MD=0.311] | Lp=1.60 | n_eval=8
[Gen  24 | FE= 292/ 300] p_err=0.241 | 指标=I_eps+ | score=2(极优) | Pw=[SDE=0.371 I+=0.289 MD=0.340] | Lp=2.40 | n_eval=8
[Gen  25 | FE= 300/ 300] p_err=0.241 | 指标=SDE    | score=2(极优) | Pw=[SDE=0.340 I+=0.371 MD=0.289] | Lp=1.60 | n_eval=8
[Gen  24 | FE= 292/ 300] p_err=0.218 | 指标=I_eps+ | score=1(中  ) | Pw=[SDE=0.326 I+=0.349 MD=0.326] | Lp=2.40 | n_eval=8
[Gen  25 | FE= 300/ 300] p_err=0.268 | 指标=SDE    | score=2(极优) | Pw=[SDE=0.353 I+=0.314 MD=0.333] | Lp=1.60 | n_eval=8
[Gen  25 | FE= 300/ 300] p_err=0.192 | 指标=I_eps+ | score=2(极优) | Pw=[SDE=0.362 I+=0.322 MD=0.317] | Lp=2.00 | n_eval=8
[Gen  25 | FE= 300/ 300] p_err=0.161 | 指标=I_eps+ | score=2(极优) | Pw=[SDE=0.348 I+=0.397 MD=0.255] | Lp=2.40 | n_eval=8
[Gen  25 | FE= 300/ 300] p_err=0.134 | 指标=MD     | score=1(中  ) | Pw=[SDE=0.372 I+=0.303 MD=0.325] | Lp=2.40 | n_eval=8
[Gen  25 | FE= 300/ 300] p_err=0.222 | 指标=I_eps+ | score=2(极优) | Pw=[SDE=0.327 I+=0.353 MD=0.320] | Lp=2.40 | n_eval=8
[Gen   1 | FE= 108/ 300] p_err=0.164 | 指标=MD     | score=2(极优) | Pw=[SDE=0.333 I+=0.333 MD=0.333] | Lp=2.40 | n_eval=8
[Gen   1 | FE= 108/ 300] p_err=0.170 | 指标=SDE    | score=2(极优) | Pw=[SDE=0.333 I+=0.333 MD=0.333] | Lp=2.40 | n_eval=8
[Gen   1 | FE= 108/ 300] p_err=0.108 | 指标=I_eps+ | score=2(极优) | Pw=[SDE=0.333 I+=0.333 MD=0.333] | Lp=2.40 | n_eval=8
[Gen   1 | FE= 108/ 300] p_err=0.108 | 指标=I_eps+ | score=2(极优) | Pw=[SDE=0.333 I+=0.333 MD=0.333] | Lp=2.40 | n_eval=8
[Gen   1 | FE= 108/ 300] p_err=0.117 | 指标=MD     | score=2(极优) | Pw=[SDE=0.333 I+=0.333 MD=0.333] | Lp=2.40 | n_eval=8
[Gen   1 | FE= 108/ 300] p_err=0.139 | 指标=SDE    | score=2(极优) | Pw=[SDE=0.333 I+=0.333 MD=0.333] | Lp=3.10 | n_eval=8
[Gen   1 | FE= 108/ 300] p_err=0.129 | 指标=I_eps+ | score=2(极优) | Pw=[SDE=0.333 I+=0.333 MD=0.333] | Lp=3.10 | n_eval=8
[Gen   1 | FE= 108/ 300] p_err=0.143 | 指标=MD     | score=2(极优) | Pw=[SDE=0.333 I+=0.333 MD=0.333] | Lp=2.40 | n_eval=8
[Gen   2 | FE= 116/ 300] p_err=0.171 | 指标=MD     | score=2(极优) | Pw=[SDE=0.333 I+=0.333 MD=0.333] | Lp=2.40 | n_eval=8
[Gen   2 | FE= 116/ 300] p_err=0.108 | 指标=I_eps+ | score=2(极优) | Pw=[SDE=0.333 I+=0.333 MD=0.333] | Lp=2.40 | n_eval=8
[Gen   2 | FE= 116/ 300] p_err=0.126 | 指标=I_eps+ | score=2(极优) | Pw=[SDE=0.333 I+=0.333 MD=0.333] | Lp=2.40 | n_eval=8
[Gen   2 | FE= 116/ 300] p_err=0.162 | 指标=SDE    | score=2(极优) | Pw=[SDE=0.333 I+=0.333 MD=0.333] | Lp=3.10 | n_eval=8
[Gen   2 | FE= 116/ 300] p_err=0.141 | 指标=MD     | score=2(极优) | Pw=[SDE=0.333 I+=0.333 MD=0.333] | Lp=2.40 | n_eval=8
[Gen   2 | FE= 116/ 300] p_err=0.160 | 指标=SDE    | score=2(极优) | Pw=[SDE=0.333 I+=0.333 MD=0.333] | Lp=2.40 | n_eval=8
[Gen   2 | FE= 116/ 300] p_err=0.155 | 指标=SDE    | score=2(极优) | Pw=[SDE=0.333 I+=0.333 MD=0.333] | Lp=3.10 | n_eval=8
[Gen   2 | FE= 116/ 300] p_err=0.173 | 指标=MD     | score=1(中  ) | Pw=[SDE=0.336 I+=0.336 MD=0.327] | Lp=3.10 | n_eval=8
[Gen   3 | FE= 124/ 300] p_err=0.104 | 指标=I_eps+ | score=2(极优) | Pw=[SDE=0.333 I+=0.333 MD=0.333] | Lp=2.40 | n_eval=8
[Gen   3 | FE= 124/ 300] p_err=0.120 | 指标=I_eps+ | score=2(极优) | Pw=[SDE=0.333 I+=0.333 MD=0.333] | Lp=2.40 | n_eval=8
[Gen   3 | FE= 124/ 300] p_err=0.146 | 指标=MD     | score=2(极优) | Pw=[SDE=0.333 I+=0.333 MD=0.333] | Lp=2.40 | n_eval=8
[Gen   3 | FE= 124/ 300] p_err=0.182 | 指标=MD     | score=2(极优) | Pw=[SDE=0.333 I+=0.333 MD=0.333] | Lp=3.10 | n_eval=8
[Gen   3 | FE= 124/ 300] p_err=0.244 | 指标=MD     | score=1(中  ) | Pw=[SDE=0.336 I+=0.336 MD=0.327] | Lp=3.10 | n_eval=8
[Gen   3 | FE= 124/ 300] p_err=0.128 | 指标=I_eps+ | score=2(极优) | Pw=[SDE=0.333 I+=0.333 MD=0.333] | Lp=2.40 | n_eval=8
[Gen   3 | FE= 124/ 300] p_err=0.151 | 指标=SDE    | score=2(极优) | Pw=[SDE=0.333 I+=0.333 MD=0.333] | Lp=2.40 | n_eval=8
[Gen   3 | FE= 124/ 300] p_err=0.152 | 指标=SDE    | score=2(极优) | Pw=[SDE=0.336 I+=0.336 MD=0.327] | Lp=3.10 | n_eval=8
[Gen   4 | FE= 132/ 300] p_err=0.136 | 指标=MD     | score=2(极优) | Pw=[SDE=0.333 I+=0.333 MD=0.333] | Lp=2.40 | n_eval=8
[Gen   4 | FE= 132/ 300] p_err=0.142 | 指标=MD     | score=2(极优) | Pw=[SDE=0.333 I+=0.333 MD=0.333] | Lp=2.40 | n_eval=8
[Gen   4 | FE= 132/ 300] p_err=0.184 | 指标=SDE    | score=2(极优) | Pw=[SDE=0.333 I+=0.333 MD=0.333] | Lp=3.10 | n_eval=8
[Gen   4 | FE= 132/ 300] p_err=0.178 | 指标=SDE    | score=2(极优) | Pw=[SDE=0.333 I+=0.333 MD=0.333] | Lp=2.40 | n_eval=8
[Gen   4 | FE= 132/ 300] p_err=0.205 | 指标=SDE    | score=2(极优) | Pw=[SDE=0.333 I+=0.333 MD=0.333] | Lp=2.40 | n_eval=8
[Gen   4 | FE= 132/ 300] p_err=0.165 | 指标=MD     | score=2(极优) | Pw=[SDE=0.336 I+=0.336 MD=0.327] | Lp=3.10 | n_eval=8
[Gen   4 | FE= 132/ 300] p_err=0.146 | 指标=I_eps+ | score=2(极优) | Pw=[SDE=0.333 I+=0.333 MD=0.333] | Lp=2.40 | n_eval=8
[Gen   4 | FE= 132/ 300] p_err=0.188 | 指标=SDE    | score=2(极优) | Pw=[SDE=0.337 I+=0.337 MD=0.327] | Lp=3.10 | n_eval=8
[Gen   5 | FE= 140/ 300] p_err=0.110 | 指标=I_eps+ | score=2(极优) | Pw=[SDE=0.333 I+=0.333 MD=0.333] | Lp=2.40 | n_eval=8
[Gen   5 | FE= 140/ 300] p_err=0.182 | 指标=SDE    | score=2(极优) | Pw=[SDE=0.333 I+=0.333 MD=0.333] | Lp=2.40 | n_eval=8
[Gen   5 | FE= 140/ 300] p_err=0.122 | 指标=I_eps+ | score=2(极优) | Pw=[SDE=0.333 I+=0.333 MD=0.333] | Lp=3.10 | n_eval=8
[Gen   5 | FE= 140/ 300] p_err=0.204 | 指标=SDE    | score=2(极优) | Pw=[SDE=0.333 I+=0.333 MD=0.333] | Lp=2.40 | n_eval=8
[Gen   5 | FE= 140/ 300] p_err=0.099 | 指标=I_eps+ | score=2(极优) | Pw=[SDE=0.337 I+=0.337 MD=0.327] | Lp=3.10 | n_eval=8
[Gen   5 | FE= 140/ 300] p_err=0.178 | 指标=MD     | score=1(中  ) | Pw=[SDE=0.337 I+=0.337 MD=0.327] | Lp=2.40 | n_eval=8
[Gen   5 | FE= 140/ 300] p_err=0.215 | 指标=SDE    | score=2(极优) | Pw=[SDE=0.337 I+=0.337 MD=0.326] | Lp=3.10 | n_eval=8
[Gen   5 | FE= 140/ 300] p_err=0.211 | 指标=I_eps+ | score=2(极优) | Pw=[SDE=0.333 I+=0.333 MD=0.333] | Lp=3.10 | n_eval=8
[Gen   6 | FE= 148/ 300] p_err=0.194 | 指标=MD     | score=1(中  ) | Pw=[SDE=0.337 I+=0.337 MD=0.327] | Lp=3.10 | n_eval=8
[Gen   6 | FE= 148/ 300] p_err=0.158 | 指标=I_eps+ | score=2(极优) | Pw=[SDE=0.333 I+=0.333 MD=0.333] | Lp=3.10 | n_eval=8
[Gen   6 | FE= 148/ 300] p_err=0.154 | 指标=SDE    | score=2(极优) | Pw=[SDE=0.333 I+=0.333 MD=0.333] | Lp=3.10 | n_eval=8
[Gen   6 | FE= 148/ 300] p_err=0.148 | 指标=I_eps+ | score=2(极优) | Pw=[SDE=0.333 I+=0.333 MD=0.333] | Lp=2.40 | n_eval=8
[Gen   6 | FE= 148/ 300] p_err=0.151 | 指标=SDE    | score=2(极优) | Pw=[SDE=0.337 I+=0.337 MD=0.326] | Lp=2.40 | n_eval=8
[Gen   6 | FE= 148/ 300] p_err=0.247 | 指标=I_eps+ | score=2(极优) | Pw=[SDE=0.333 I+=0.333 MD=0.333] | Lp=3.10 | n_eval=8
[Gen   6 | FE= 148/ 300] p_err=0.154 | 指标=MD     | score=1(中  ) | Pw=[SDE=0.340 I+=0.340 MD=0.320] | Lp=2.40 | n_eval=8
[Gen   6 | FE= 148/ 300] p_err=0.199 | 指标=SDE    | score=2(极优) | Pw=[SDE=0.337 I+=0.337 MD=0.326] | Lp=3.10 | n_eval=8
[Gen   7 | FE= 156/ 300] p_err=0.179 | 指标=SDE    | score=2(极优) | Pw=[SDE=0.337 I+=0.337 MD=0.326] | Lp=2.40 | n_eval=8
[Gen   7 | FE= 156/ 300] p_err=0.125 | 指标=MD     | score=1(中  ) | Pw=[SDE=0.337 I+=0.337 MD=0.327] | Lp=2.40 | n_eval=8
[Gen   7 | FE= 156/ 300] p_err=0.157 | 指标=I_eps+ | score=2(极优) | Pw=[SDE=0.333 I+=0.333 MD=0.333] | Lp=3.10 | n_eval=8
[Gen   7 | FE= 156/ 300] p_err=0.233 | 指标=SDE    | score=2(极优) | Pw=[SDE=0.333 I+=0.333 MD=0.333] | Lp=2.40 | n_eval=8
[Gen   7 | FE= 156/ 300] p_err=0.174 | 指标=MD     | score=1(中  ) | Pw=[SDE=0.340 I+=0.340 MD=0.319] | Lp=2.40 | n_eval=8
[Gen   7 | FE= 156/ 300] p_err=0.184 | 指标=I_eps+ | score=2(极优) | Pw=[SDE=0.340 I+=0.340 MD=0.319] | Lp=2.40 | n_eval=8
[Gen   7 | FE= 156/ 300] p_err=0.175 | 指标=I_eps+ | score=2(极优) | Pw=[SDE=0.337 I+=0.337 MD=0.325] | Lp=3.10 | n_eval=8
[Gen   7 | FE= 156/ 300] p_err=0.175 | 指标=SDE    | score=2(极优) | Pw=[SDE=0.333 I+=0.333 MD=0.333] | Lp=3.10 | n_eval=8
[Gen   8 | FE= 164/ 300] p_err=0.191 | 指标=SDE    | score=2(极优) | Pw=[SDE=0.337 I+=0.337 MD=0.326] | Lp=2.40 | n_eval=8
[Gen   8 | FE= 164/ 300] p_err=0.210 | 指标=SDE    | score=2(极优) | Pw=[SDE=0.337 I+=0.337 MD=0.326] | Lp=2.40 | n_eval=8
[Gen   8 | FE= 164/ 300] p_err=0.175 | 指标=I_eps+ | score=2(极优) | Pw=[SDE=0.333 I+=0.333 MD=0.333] | Lp=2.40 | n_eval=8
[Gen   8 | FE= 164/ 300] p_err=0.149 | 指标=MD     | score=1(中  ) | Pw=[SDE=0.337 I+=0.337 MD=0.326] | Lp=3.10 | n_eval=8
[Gen   8 | FE= 164/ 300] p_err=0.139 | 指标=MD     | score=2(极优) | Pw=[SDE=0.340 I+=0.340 MD=0.319] | Lp=2.40 | n_eval=8
[Gen   8 | FE= 164/ 300] p_err=0.216 | 指标=MD     | score=2(极优) | Pw=[SDE=0.337 I+=0.337 MD=0.325] | Lp=3.10 | n_eval=8
[Gen   8 | FE= 164/ 300] p_err=0.159 | 指标=MD     | score=2(极优) | Pw=[SDE=0.340 I+=0.340 MD=0.319] | Lp=2.40 | n_eval=8
[Gen   8 | FE= 164/ 300] p_err=0.225 | 指标=I_eps+ | score=2(极优) | Pw=[SDE=0.333 I+=0.333 MD=0.333] | Lp=2.40 | n_eval=8
[Gen   9 | FE= 172/ 300] p_err=0.164 | 指标=MD     | score=2(极优) | Pw=[SDE=0.337 I+=0.337 MD=0.326] | Lp=2.40 | n_eval=8
[Gen   9 | FE= 172/ 300] p_err=0.192 | 指标=I_eps+ | score=2(极优) | Pw=[SDE=0.333 I+=0.333 MD=0.333] | Lp=2.40 | n_eval=8
[Gen   9 | FE= 172/ 300] p_err=0.116 | 指标=MD     | score=2(极优) | Pw=[SDE=0.337 I+=0.337 MD=0.326] | Lp=2.40 | n_eval=8
[Gen   9 | FE= 172/ 300] p_err=0.184 | 指标=SDE    | score=2(极优) | Pw=[SDE=0.337 I+=0.337 MD=0.325] | Lp=3.10 | n_eval=8
[Gen   9 | FE= 172/ 300] p_err=0.197 | 指标=I_eps+ | score=2(极优) | Pw=[SDE=0.338 I+=0.338 MD=0.325] | Lp=3.10 | n_eval=8
[Gen   9 | FE= 172/ 300] p_err=0.137 | 指标=MD     | score=1(中  ) | Pw=[SDE=0.344 I+=0.344 MD=0.312] | Lp=2.40 | n_eval=8
[Gen   9 | FE= 172/ 300] p_err=0.165 | 指标=MD     | score=2(极优) | Pw=[SDE=0.333 I+=0.333 MD=0.333] | Lp=3.10 | n_eval=8
[Gen   9 | FE= 172/ 300] p_err=0.133 | 指标=I_eps+ | score=2(极优) | Pw=[SDE=0.341 I+=0.341 MD=0.318] | Lp=2.40 | n_eval=8
[Gen  10 | FE= 180/ 300] p_err=0.222 | 指标=SDE    | score=2(极优) | Pw=[SDE=0.337 I+=0.337 MD=0.325] | Lp=2.40 | n_eval=8
[Gen  10 | FE= 180/ 300] p_err=0.158 | 指标=I_eps+ | score=2(极优) | Pw=[SDE=0.337 I+=0.337 MD=0.326] | Lp=2.40 | n_eval=8
[Gen  10 | FE= 180/ 300] p_err=0.200 | 指标=SDE    | score=2(极优) | Pw=[SDE=0.333 I+=0.333 MD=0.333] | Lp=2.40 | n_eval=8
[Gen  10 | FE= 180/ 300] p_err=0.143 | 指标=I_eps+ | score=2(极优) | Pw=[SDE=0.338 I+=0.338 MD=0.325] | Lp=3.10 | n_eval=8
[Gen  10 | FE= 180/ 300] p_err=0.197 | 指标=SDE    | score=2(极优) | Pw=[SDE=0.345 I+=0.345 MD=0.310] | Lp=2.40 | n_eval=8
[Gen  10 | FE= 180/ 300] p_err=0.171 | 指标=MD     | score=2(极优) | Pw=[SDE=0.338 I+=0.338 MD=0.325] | Lp=3.10 | n_eval=8
[Gen  10 | FE= 180/ 300] p_err=0.293 | 指标=SDE    | score=2(极优) | Pw=[SDE=0.333 I+=0.333 MD=0.333] | Lp=3.10 | n_eval=8
[Gen  10 | FE= 180/ 300] p_err=0.226 | 指标=SDE    | score=2(极优) | Pw=[SDE=0.341 I+=0.341 MD=0.317] | Lp=2.40 | n_eval=8
[Gen  11 | FE= 188/ 300] p_err=0.161 | 指标=MD     | score=2(极优) | Pw=[SDE=0.337 I+=0.337 MD=0.325] | Lp=2.40 | n_eval=8
[Gen  11 | FE= 188/ 300] p_err=0.193 | 指标=SDE    | score=2(极优) | Pw=[SDE=0.337 I+=0.337 MD=0.325] | Lp=2.40 | n_eval=8
[Gen  11 | FE= 188/ 300] p_err=0.208 | 指标=SDE    | score=2(极优) | Pw=[SDE=0.333 I+=0.333 MD=0.333] | Lp=2.40 | n_eval=8
[Gen  11 | FE= 188/ 300] p_err=0.189 | 指标=SDE    | score=2(极优) | Pw=[SDE=0.338 I+=0.338 MD=0.324] | Lp=3.10 | n_eval=8
[Gen  11 | FE= 188/ 300] p_err=0.233 | 指标=SDE    | score=2(极优) | Pw=[SDE=0.338 I+=0.338 MD=0.324] | Lp=3.10 | n_eval=8
[Gen  11 | FE= 188/ 300] p_err=0.194 | 指标=I_eps+ | score=2(极优) | Pw=[SDE=0.346 I+=0.346 MD=0.309] | Lp=2.40 | n_eval=8
[Gen  11 | FE= 188/ 300] p_err=0.244 | 指标=SDE    | score=2(极优) | Pw=[SDE=0.333 I+=0.333 MD=0.333] | Lp=3.10 | n_eval=8
[Gen  11 | FE= 188/ 300] p_err=0.159 | 指标=I_eps+ | score=2(极优) | Pw=[SDE=0.342 I+=0.342 MD=0.316] | Lp=2.40 | n_eval=8
[Gen  12 | FE= 196/ 300] p_err=0.141 | 指标=MD     | score=2(极优) | Pw=[SDE=0.337 I+=0.337 MD=0.325] | Lp=2.40 | n_eval=8
[Gen  12 | FE= 196/ 300] p_err=0.137 | 指标=MD     | score=2(极优) | Pw=[SDE=0.337 I+=0.337 MD=0.325] | Lp=2.40 | n_eval=8
[Gen  12 | FE= 196/ 300] p_err=0.140 | 指标=I_eps+ | score=2(极优) | Pw=[SDE=0.338 I+=0.338 MD=0.323] | Lp=3.10 | n_eval=8
[Gen  12 | FE= 196/ 300] p_err=0.169 | 指标=I_eps+ | score=1(中  ) | Pw=[SDE=0.344 I+=0.328 MD=0.328] | Lp=3.10 | n_eval=8
[Gen  12 | FE= 196/ 300] p_err=0.204 | 指标=SDE    | score=2(极优) | Pw=[SDE=0.333 I+=0.333 MD=0.333] | Lp=2.40 | n_eval=8
[Gen  12 | FE= 196/ 300] p_err=0.213 | 指标=I_eps+ | score=2(极优) | Pw=[SDE=0.333 I+=0.333 MD=0.333] | Lp=3.10 | n_eval=8
[Gen  12 | FE= 196/ 300] p_err=0.183 | 指标=SDE    | score=2(极优) | Pw=[SDE=0.347 I+=0.347 MD=0.307] | Lp=2.40 | n_eval=8
[Gen  12 | FE= 196/ 300] p_err=0.214 | 指标=SDE    | score=2(极优) | Pw=[SDE=0.343 I+=0.343 MD=0.314] | Lp=3.10 | n_eval=8
[Gen  13 | FE= 204/ 300] p_err=0.168 | 指标=MD     | score=2(极优) | Pw=[SDE=0.337 I+=0.337 MD=0.325] | Lp=2.40 | n_eval=8
[Gen  13 | FE= 204/ 300] p_err=0.133 | 指标=MD     | score=2(极优) | Pw=[SDE=0.337 I+=0.337 MD=0.325] | Lp=2.40 | n_eval=8
[Gen  13 | FE= 204/ 300] p_err=0.214 | 指标=I_eps+ | score=2(极优) | Pw=[SDE=0.344 I+=0.329 MD=0.327] | Lp=3.10 | n_eval=8
[Gen  13 | FE= 204/ 300] p_err=0.149 | 指标=I_eps+ | score=2(极优) | Pw=[SDE=0.333 I+=0.333 MD=0.333] | Lp=2.40 | n_eval=8
[Gen  13 | FE= 204/ 300] p_err=0.144 | 指标=I_eps+ | score=2(极优) | Pw=[SDE=0.339 I+=0.339 MD=0.322] | Lp=3.10 | n_eval=8
[Gen  13 | FE= 204/ 300] p_err=0.210 | 指标=SDE    | score=2(极优) | Pw=[SDE=0.333 I+=0.333 MD=0.333] | Lp=2.40 | n_eval=8
[Gen  13 | FE= 204/ 300] p_err=0.205 | 指标=I_eps+ | score=2(极优) | Pw=[SDE=0.348 I+=0.348 MD=0.304] | Lp=2.40 | n_eval=8
[Gen  13 | FE= 204/ 300] p_err=0.192 | 指标=I_eps+ | score=2(极优) | Pw=[SDE=0.344 I+=0.344 MD=0.312] | Lp=2.40 | n_eval=8
[Gen  14 | FE= 212/ 300] p_err=0.214 | 指标=SDE    | score=2(极优) | Pw=[SDE=0.338 I+=0.338 MD=0.325] | Lp=2.40 | n_eval=8
[Gen  14 | FE= 212/ 300] p_err=0.177 | 指标=SDE    | score=2(极优) | Pw=[SDE=0.338 I+=0.338 MD=0.325] | Lp=2.40 | n_eval=8
[Gen  14 | FE= 212/ 300] p_err=0.178 | 指标=MD     | score=2(极优) | Pw=[SDE=0.345 I+=0.328 MD=0.328] | Lp=3.10 | n_eval=8
[Gen  14 | FE= 212/ 300] p_err=0.240 | 指标=MD     | score=2(极优) | Pw=[SDE=0.333 I+=0.333 MD=0.333] | Lp=2.40 | n_eval=8
[Gen  14 | FE= 212/ 300] p_err=0.197 | 指标=SDE    | score=2(极优) | Pw=[SDE=0.340 I+=0.340 MD=0.321] | Lp=3.10 | n_eval=8
[Gen  14 | FE= 212/ 300] p_err=0.179 | 指标=SDE    | score=2(极优) | Pw=[SDE=0.333 I+=0.333 MD=0.333] | Lp=2.40 | n_eval=8
[Gen  14 | FE= 212/ 300] p_err=0.184 | 指标=I_eps+ | score=2(极优) | Pw=[SDE=0.349 I+=0.349 MD=0.302] | Lp=3.10 | n_eval=8
[Gen  14 | FE= 212/ 300] p_err=0.193 | 指标=SDE    | score=2(极优) | Pw=[SDE=0.345 I+=0.345 MD=0.310] | Lp=2.40 | n_eval=8
[Gen  15 | FE= 220/ 300] p_err=0.227 | 指标=SDE    | score=2(极优) | Pw=[SDE=0.338 I+=0.338 MD=0.324] | Lp=2.40 | n_eval=8
[Gen  15 | FE= 220/ 300] p_err=0.177 | 指标=I_eps+ | score=2(极优) | Pw=[SDE=0.338 I+=0.338 MD=0.324] | Lp=2.40 | n_eval=8
[Gen  15 | FE= 220/ 300] p_err=0.192 | 指标=MD     | score=2(极优) | Pw=[SDE=0.345 I+=0.326 MD=0.328] | Lp=3.10 | n_eval=8
[Gen  15 | FE= 220/ 300] p_err=0.228 | 指标=I_eps+ | score=2(极优) | Pw=[SDE=0.340 I+=0.340 MD=0.319] | Lp=3.10 | n_eval=8
[Gen  15 | FE= 220/ 300] p_err=0.170 | 指标=MD     | score=2(极优) | Pw=[SDE=0.333 I+=0.333 MD=0.333] | Lp=2.40 | n_eval=8
[Gen  15 | FE= 220/ 300] p_err=0.207 | 指标=SDE    | score=2(极优) | Pw=[SDE=0.333 I+=0.333 MD=0.333] | Lp=2.40 | n_eval=8
[Gen  15 | FE= 220/ 300] p_err=0.205 | 指标=SDE    | score=2(极优) | Pw=[SDE=0.351 I+=0.351 MD=0.298] | Lp=3.10 | n_eval=8
[Gen  15 | FE= 220/ 300] p_err=0.281 | 指标=SDE    | score=2(极优) | Pw=[SDE=0.346 I+=0.346 MD=0.308] | Lp=2.40 | n_eval=8
[Gen  16 | FE= 228/ 300] p_err=0.146 | 指标=I_eps+ | score=2(极优) | Pw=[SDE=0.338 I+=0.338 MD=0.323] | Lp=3.10 | n_eval=8
[Gen  16 | FE= 228/ 300] p_err=0.150 | 指标=MD     | score=2(极优) | Pw=[SDE=0.338 I+=0.338 MD=0.324] | Lp=2.40 | n_eval=8
[Gen  16 | FE= 228/ 300] p_err=0.205 | 指标=MD     | score=2(极优) | Pw=[SDE=0.346 I+=0.325 MD=0.329] | Lp=3.10 | n_eval=8
[Gen  16 | FE= 228/ 300] p_err=0.137 | 指标=MD     | score=2(极优) | Pw=[SDE=0.340 I+=0.340 MD=0.319] | Lp=2.40 | n_eval=8
[Gen  16 | FE= 228/ 300] p_err=0.156 | 指标=MD     | score=2(极优) | Pw=[SDE=0.333 I+=0.333 MD=0.333] | Lp=2.40 | n_eval=8
[Gen  16 | FE= 228/ 300] p_err=0.202 | 指标=I_eps+ | score=2(极优) | Pw=[SDE=0.353 I+=0.353 MD=0.294] | Lp=3.10 | n_eval=8
[Gen  16 | FE= 228/ 300] p_err=0.167 | 指标=MD     | score=2(极优) | Pw=[SDE=0.333 I+=0.333 MD=0.333] | Lp=3.10 | n_eval=8
[Gen  16 | FE= 228/ 300] p_err=0.288 | 指标=SDE    | score=2(极优) | Pw=[SDE=0.348 I+=0.348 MD=0.304] | Lp=2.40 | n_eval=8
[Gen  17 | FE= 236/ 300] p_err=0.268 | 指标=I_eps+ | score=2(极优) | Pw=[SDE=0.339 I+=0.339 MD=0.322] | Lp=3.10 | n_eval=8
[Gen  17 | FE= 236/ 300] p_err=0.227 | 指标=SDE    | score=2(极优) | Pw=[SDE=0.338 I+=0.338 MD=0.323] | Lp=2.40 | n_eval=8
[Gen  17 | FE= 236/ 300] p_err=0.295 | 指标=SDE    | score=2(极优) | Pw=[SDE=0.348 I+=0.323 MD=0.329] | Lp=3.10 | n_eval=8
[Gen  17 | FE= 236/ 300] p_err=0.210 | 指标=I_eps+ | score=2(极优) | Pw=[SDE=0.341 I+=0.341 MD=0.317] | Lp=3.10 | n_eval=8
[Gen  17 | FE= 236/ 300] p_err=0.124 | 指标=MD     | score=2(极优) | Pw=[SDE=0.333 I+=0.333 MD=0.333] | Lp=2.40 | n_eval=8
[Gen  17 | FE= 236/ 300] p_err=0.239 | 指标=I_eps+ | score=2(极优) | Pw=[SDE=0.356 I+=0.356 MD=0.289] | Lp=2.40 | n_eval=8
[Gen  17 | FE= 236/ 300] p_err=0.174 | 指标=I_eps+ | score=2(极优) | Pw=[SDE=0.333 I+=0.333 MD=0.333] | Lp=3.10 | n_eval=8
[Gen  17 | FE= 236/ 300] p_err=0.179 | 指标=I_eps+ | score=2(极优) | Pw=[SDE=0.350 I+=0.350 MD=0.300] | Lp=2.40 | n_eval=8
[Gen  18 | FE= 244/ 300] p_err=0.200 | 指标=SDE    | score=2(极优) | Pw=[SDE=0.340 I+=0.340 MD=0.321] | Lp=3.10 | n_eval=8
[Gen  18 | FE= 244/ 300] p_err=0.194 | 指标=I_eps+ | score=2(极优) | Pw=[SDE=0.339 I+=0.339 MD=0.322] | Lp=2.40 | n_eval=8
[Gen  18 | FE= 244/ 300] p_err=0.213 | 指标=I_eps+ | score=2(极优) | Pw=[SDE=0.349 I+=0.324 MD=0.327] | Lp=3.10 | n_eval=8
[Gen  18 | FE= 244/ 300] p_err=0.244 | 指标=I_eps+ | score=2(极优) | Pw=[SDE=0.359 I+=0.359 MD=0.282] | Lp=2.40 | n_eval=8
[Gen  18 | FE= 244/ 300] p_err=0.187 | 指标=SDE    | score=2(极优) | Pw=[SDE=0.343 I+=0.343 MD=0.314] | Lp=3.10 | n_eval=8
[Gen  18 | FE= 244/ 300] p_err=0.136 | 指标=I_eps+ | score=2(极优) | Pw=[SDE=0.333 I+=0.333 MD=0.333] | Lp=2.40 | n_eval=8
[Gen  18 | FE= 244/ 300] p_err=0.154 | 指标=SDE    | score=2(极优) | Pw=[SDE=0.333 I+=0.333 MD=0.333] | Lp=3.10 | n_eval=8
[Gen  18 | FE= 244/ 300] p_err=0.204 | 指标=SDE    | score=2(极优) | Pw=[SDE=0.353 I+=0.353 MD=0.294] | Lp=2.40 | n_eval=8
[Gen  19 | FE= 252/ 300] p_err=0.348 | 指标=SDE    | score=2(极优) | Pw=[SDE=0.340 I+=0.340 MD=0.319] | Lp=2.40 | n_eval=8
[Gen  19 | FE= 252/ 300] p_err=0.162 | 指标=I_eps+ | score=2(极优) | Pw=[SDE=0.340 I+=0.340 MD=0.321] | Lp=2.40 | n_eval=8
[Gen  19 | FE= 252/ 300] p_err=0.253 | 指标=SDE    | score=2(极优) | Pw=[SDE=0.351 I+=0.322 MD=0.326] | Lp=3.10 | n_eval=8
[Gen  19 | FE= 252/ 300] p_err=0.231 | 指标=SDE    | score=2(极优) | Pw=[SDE=0.364 I+=0.364 MD=0.273] | Lp=2.40 | n_eval=8
[Gen  19 | FE= 252/ 300] p_err=0.150 | 指标=MD     | score=1(中  ) | Pw=[SDE=0.343 I+=0.343 MD=0.314] | Lp=2.40 | n_eval=8
[Gen  19 | FE= 252/ 300] p_err=0.199 | 指标=MD     | score=2(极优) | Pw=[SDE=0.343 I+=0.343 MD=0.314] | Lp=3.10 | n_eval=8
[Gen  19 | FE= 252/ 300] p_err=0.138 | 指标=I_eps+ | score=2(极优) | Pw=[SDE=0.333 I+=0.333 MD=0.333] | Lp=3.10 | n_eval=8
[Gen  19 | FE= 252/ 300] p_err=0.204 | 指标=I_eps+ | score=2(极优) | Pw=[SDE=0.357 I+=0.357 MD=0.286] | Lp=2.40 | n_eval=8
[Gen  20 | FE= 260/ 300] p_err=0.158 | 指标=MD     | score=1(中  ) | Pw=[SDE=0.348 I+=0.348 MD=0.304] | Lp=2.40 | n_eval=8
[Gen  20 | FE= 260/ 300] p_err=0.243 | 指标=I_eps+ | score=2(极优) | Pw=[SDE=0.340 I+=0.340 MD=0.319] | Lp=2.40 | n_eval=8
[Gen  20 | FE= 260/ 300] p_err=0.239 | 指标=SDE    | score=2(极优) | Pw=[SDE=0.355 I+=0.320 MD=0.325] | Lp=3.10 | n_eval=8
[Gen  20 | FE= 260/ 300] p_err=0.235 | 指标=SDE    | score=2(极优) | Pw=[SDE=0.370 I+=0.370 MD=0.259] | Lp=2.40 | n_eval=8
[Gen  20 | FE= 260/ 300] p_err=0.204 | 指标=SDE    | score=2(极优) | Pw=[SDE=0.345 I+=0.345 MD=0.310] | Lp=3.10 | n_eval=8
[Gen  20 | FE= 260/ 300] p_err=0.152 | 指标=MD     | score=1(中  ) | Pw=[SDE=0.353 I+=0.353 MD=0.294] | Lp=2.40 | n_eval=8
[Gen  20 | FE= 260/ 300] p_err=0.168 | 指标=I_eps+ | score=2(极优) | Pw=[SDE=0.333 I+=0.333 MD=0.333] | Lp=3.10 | n_eval=8
[Gen  20 | FE= 260/ 300] p_err=0.234 | 指标=MD     | score=2(极优) | Pw=[SDE=0.357 I+=0.357 MD=0.286] | Lp=2.40 | n_eval=8
[Gen  21 | FE= 268/ 300] p_err=0.253 | 指标=SDE    | score=2(极优) | Pw=[SDE=0.350 I+=0.350 MD=0.300] | Lp=2.40 | n_eval=8
[Gen  21 | FE= 268/ 300] p_err=0.153 | 指标=MD     | score=2(极优) | Pw=[SDE=0.340 I+=0.340 MD=0.321] | Lp=2.40 | n_eval=8
[Gen  21 | FE= 268/ 300] p_err=0.254 | 指标=SDE    | score=2(极优) | Pw=[SDE=0.355 I+=0.320 MD=0.325] | Lp=3.10 | n_eval=8
[Gen  21 | FE= 268/ 300] p_err=0.263 | 指标=SDE    | score=2(极优) | Pw=[SDE=0.370 I+=0.370 MD=0.259] | Lp=2.40 | n_eval=8
[Gen  21 | FE= 268/ 300] p_err=0.236 | 指标=I_eps+ | score=2(极优) | Pw=[SDE=0.348 I+=0.348 MD=0.304] | Lp=3.10 | n_eval=8
[Gen  21 | FE= 268/ 300] p_err=0.135 | 指标=I_eps+ | score=2(极优) | Pw=[SDE=0.353 I+=0.353 MD=0.294] | Lp=2.40 | n_eval=8
[Gen  21 | FE= 268/ 300] p_err=0.174 | 指标=SDE    | score=2(极优) | Pw=[SDE=0.333 I+=0.333 MD=0.333] | Lp=3.10 | n_eval=8
[Gen  21 | FE= 268/ 300] p_err=0.215 | 指标=SDE    | score=2(极优) | Pw=[SDE=0.357 I+=0.357 MD=0.286] | Lp=2.40 | n_eval=8
[Gen  22 | FE= 276/ 300] p_err=0.261 | 指标=I_eps+ | score=2(极优) | Pw=[SDE=0.350 I+=0.350 MD=0.300] | Lp=2.40 | n_eval=8
[Gen  22 | FE= 276/ 300] p_err=0.242 | 指标=SDE    | score=2(极优) | Pw=[SDE=0.340 I+=0.340 MD=0.319] | Lp=2.40 | n_eval=8
[Gen  22 | FE= 276/ 300] p_err=0.214 | 指标=SDE    | score=2(极优) | Pw=[SDE=0.355 I+=0.320 MD=0.325] | Lp=3.10 | n_eval=8
[Gen  22 | FE= 276/ 300] p_err=0.260 | 指标=SDE    | score=2(极优) | Pw=[SDE=0.348 I+=0.348 MD=0.304] | Lp=2.40 | n_eval=8
[Gen  22 | FE= 276/ 300] p_err=0.207 | 指标=I_eps+ | score=2(极优) | Pw=[SDE=0.381 I+=0.381 MD=0.238] | Lp=2.40 | n_eval=8
[Gen  22 | FE= 276/ 300] p_err=0.146 | 指标=I_eps+ | score=2(极优) | Pw=[SDE=0.353 I+=0.353 MD=0.294] | Lp=2.40 | n_eval=8
[Gen  22 | FE= 276/ 300] p_err=0.156 | 指标=SDE    | score=2(极优) | Pw=[SDE=0.333 I+=0.333 MD=0.333] | Lp=3.10 | n_eval=8
[Gen  22 | FE= 276/ 300] p_err=0.163 | 指标=I_eps+ | score=2(极优) | Pw=[SDE=0.348 I+=0.348 MD=0.304] | Lp=2.40 | n_eval=8
[Gen  23 | FE= 284/ 300] p_err=0.142 | 指标=MD     | score=2(极优) | Pw=[SDE=0.348 I+=0.348 MD=0.304] | Lp=2.40 | n_eval=8
[Gen  23 | FE= 284/ 300] p_err=0.195 | 指标=SDE    | score=2(极优) | Pw=[SDE=0.341 I+=0.341 MD=0.317] | Lp=2.40 | n_eval=8
[Gen  23 | FE= 284/ 300] p_err=0.227 | 指标=SDE    | score=2(极优) | Pw=[SDE=0.345 I+=0.310 MD=0.345] | Lp=2.40 | n_eval=8
[Gen  23 | FE= 284/ 300] p_err=0.141 | 指标=MD     | score=2(极优) | Pw=[SDE=0.370 I+=0.370 MD=0.259] | Lp=2.40 | n_eval=8
[Gen  23 | FE= 284/ 300] p_err=0.132 | 指标=MD     | score=2(极优) | Pw=[SDE=0.348 I+=0.348 MD=0.304] | Lp=2.40 | n_eval=8
[Gen  23 | FE= 284/ 300] p_err=0.123 | 指标=I_eps+ | score=2(极优) | Pw=[SDE=0.353 I+=0.353 MD=0.294] | Lp=2.40 | n_eval=8
[Gen  23 | FE= 284/ 300] p_err=0.187 | 指标=MD     | score=2(极优) | Pw=[SDE=0.333 I+=0.333 MD=0.333] | Lp=3.10 | n_eval=8
[Gen  23 | FE= 284/ 300] p_err=0.165 | 指标=MD     | score=2(极优) | Pw=[SDE=0.345 I+=0.345 MD=0.310] | Lp=2.40 | n_eval=8
[Gen  24 | FE= 292/ 300] p_err=0.246 | 指标=I_eps+ | score=2(极优) | Pw=[SDE=0.350 I+=0.350 MD=0.300] | Lp=2.40 | n_eval=8
[Gen  24 | FE= 292/ 300] p_err=0.226 | 指标=SDE    | score=2(极优) | Pw=[SDE=0.343 I+=0.343 MD=0.314] | Lp=2.40 | n_eval=8
[Gen  24 | FE= 292/ 300] p_err=0.175 | 指标=I_eps+ | score=2(极优) | Pw=[SDE=0.343 I+=0.314 MD=0.343] | Lp=2.40 | n_eval=8
[Gen  24 | FE= 292/ 300] p_err=0.210 | 指标=I_eps+ | score=2(极优) | Pw=[SDE=0.370 I+=0.370 MD=0.259] | Lp=2.40 | n_eval=8
[Gen  24 | FE= 292/ 300] p_err=0.142 | 指标=MD     | score=2(极优) | Pw=[SDE=0.345 I+=0.345 MD=0.310] | Lp=2.40 | n_eval=8
[Gen  24 | FE= 292/ 300] p_err=0.115 | 指标=I_eps+ | score=2(极优) | Pw=[SDE=0.353 I+=0.353 MD=0.294] | Lp=2.40 | n_eval=8
[Gen  24 | FE= 292/ 300] p_err=0.204 | 指标=SDE    | score=2(极优) | Pw=[SDE=0.333 I+=0.333 MD=0.333] | Lp=3.10 | n_eval=8
[Gen  24 | FE= 292/ 300] p_err=0.161 | 指标=MD     | score=2(极优) | Pw=[SDE=0.345 I+=0.345 MD=0.310] | Lp=2.40 | n_eval=8
[Gen  25 | FE= 300/ 300] p_err=0.192 | 指标=MD     | score=2(极优) | Pw=[SDE=0.348 I+=0.348 MD=0.304] | Lp=2.40 | n_eval=8
[Gen  25 | FE= 300/ 300] p_err=0.262 | 指标=I_eps+ | score=2(极优) | Pw=[SDE=0.343 I+=0.343 MD=0.314] | Lp=2.40 | n_eval=8
[Gen  25 | FE= 300/ 300] p_err=0.174 | 指标=I_eps+ | score=2(极优) | Pw=[SDE=0.341 I+=0.317 MD=0.341] | Lp=2.40 | n_eval=8
[Gen  25 | FE= 300/ 300] p_err=0.222 | 指标=I_eps+ | score=2(极优) | Pw=[SDE=0.364 I+=0.364 MD=0.273] | Lp=2.40 | n_eval=8
[Gen  25 | FE= 300/ 300] p_err=0.283 | 指标=SDE    | score=2(极优) | Pw=[SDE=0.345 I+=0.345 MD=0.310] | Lp=3.10 | n_eval=8
[Gen  25 | FE= 300/ 300] p_err=0.184 | 指标=SDE    | score=2(极优) | Pw=[SDE=0.353 I+=0.353 MD=0.294] | Lp=2.40 | n_eval=8
[Gen  25 | FE= 300/ 300] p_err=0.155 | 指标=MD     | score=2(极优) | Pw=[SDE=0.333 I+=0.333 MD=0.333] | Lp=3.10 | n_eval=8
[Gen  25 | FE= 300/ 300] p_err=0.226 | 指标=SDE    | score=2(极优) | Pw=[SDE=0.345 I+=0.345 MD=0.310] | Lp=2.40 | n_eval=8
[Gen   1 | FE= 108/ 300] p_err=0.126 | 指标=SDE    | score=2(极优) | Pw=[SDE=0.333 I+=0.333 MD=0.333] | Lp=2.40 | n_eval=8
[Gen   1 | FE= 108/ 300] p_err=0.138 | 指标=MD     | score=2(极优) | Pw=[SDE=0.333 I+=0.333 MD=0.333] | Lp=2.40 | n_eval=8
[Gen   1 | FE= 108/ 300] p_err=0.170 | 指标=SDE    | score=2(极优) | Pw=[SDE=0.333 I+=0.333 MD=0.333] | Lp=3.10 | n_eval=8
[Gen   1 | FE= 108/ 300] p_err=0.162 | 指标=MD     | score=2(极优) | Pw=[SDE=0.333 I+=0.333 MD=0.333] | Lp=2.40 | n_eval=8
[Gen   1 | FE= 108/ 300] p_err=0.098 | 指标=I_eps+ | score=2(极优) | Pw=[SDE=0.333 I+=0.333 MD=0.333] | Lp=3.10 | n_eval=8
[Gen   1 | FE= 108/ 300] p_err=0.139 | 指标=MD     | score=1(中  ) | Pw=[SDE=0.336 I+=0.336 MD=0.328] | Lp=2.40 | n_eval=8
[Gen   1 | FE= 108/ 300] p_err=0.091 | 指标=I_eps+ | score=2(极优) | Pw=[SDE=0.333 I+=0.333 MD=0.333] | Lp=2.40 | n_eval=8
[Gen   2 | FE= 116/ 300] p_err=0.112 | 指标=I_eps+ | score=2(极优) | Pw=[SDE=0.333 I+=0.333 MD=0.333] | Lp=2.40 | n_eval=8
[Gen   2 | FE= 116/ 300] p_err=0.214 | 指标=MD     | score=1(中  ) | Pw=[SDE=0.336 I+=0.336 MD=0.328] | Lp=3.10 | n_eval=8
[Gen   2 | FE= 116/ 300] p_err=0.144 | 指标=SDE    | score=2(极优) | Pw=[SDE=0.333 I+=0.333 MD=0.333] | Lp=3.10 | n_eval=8
[Gen   2 | FE= 116/ 300] p_err=0.093 | 指标=I_eps+ | score=2(极优) | Pw=[SDE=0.333 I+=0.333 MD=0.333] | Lp=2.40 | n_eval=8
[Gen   2 | FE= 116/ 300] p_err=0.103 | 指标=SDE    | score=2(极优) | Pw=[SDE=0.333 I+=0.333 MD=0.333] | Lp=3.10 | n_eval=8
[Gen   2 | FE= 116/ 300] p_err=0.147 | 指标=SDE    | score=2(极优) | Pw=[SDE=0.336 I+=0.336 MD=0.327] | Lp=2.40 | n_eval=8
[Gen   2 | FE= 116/ 300] p_err=0.141 | 指标=MD     | score=2(极优) | Pw=[SDE=0.333 I+=0.333 MD=0.333] | Lp=2.40 | n_eval=8
[Gen   3 | FE= 124/ 300] p_err=0.149 | 指标=I_eps+ | score=2(极优) | Pw=[SDE=0.333 I+=0.333 MD=0.333] | Lp=3.10 | n_eval=8
[Gen   3 | FE= 124/ 300] p_err=0.120 | 指标=SDE    | score=2(极优) | Pw=[SDE=0.336 I+=0.336 MD=0.327] | Lp=2.40 | n_eval=8
[Gen   3 | FE= 124/ 300] p_err=0.146 | 指标=MD     | score=2(极优) | Pw=[SDE=0.333 I+=0.333 MD=0.333] | Lp=2.40 | n_eval=8
[Gen   3 | FE= 124/ 300] p_err=0.178 | 指标=SDE    | score=2(极优) | Pw=[SDE=0.333 I+=0.333 MD=0.333] | Lp=2.40 | n_eval=8
[Gen   3 | FE= 124/ 300] p_err=0.150 | 指标=I_eps+ | score=2(极优) | Pw=[SDE=0.333 I+=0.333 MD=0.333] | Lp=3.10 | n_eval=8
[Gen   3 | FE= 124/ 300] p_err=0.170 | 指标=SDE    | score=1(中  ) | Pw=[SDE=0.331 I+=0.339 MD=0.330] | Lp=3.10 | n_eval=8
[Gen   3 | FE= 124/ 300] p_err=0.167 | 指标=MD     | score=2(极优) | Pw=[SDE=0.333 I+=0.333 MD=0.333] | Lp=2.40 | n_eval=8
[Gen   4 | FE= 132/ 300] p_err=0.155 | 指标=I_eps+ | score=2(极优) | Pw=[SDE=0.333 I+=0.333 MD=0.333] | Lp=3.10 | n_eval=8
[Gen   4 | FE= 132/ 300] p_err=0.112 | 指标=MD     | score=1(中  ) | Pw=[SDE=0.339 I+=0.339 MD=0.321] | Lp=2.40 | n_eval=8
[Gen   4 | FE= 132/ 300] p_err=0.153 | 指标=SDE    | score=2(极优) | Pw=[SDE=0.333 I+=0.333 MD=0.333] | Lp=2.40 | n_eval=8
[Gen   4 | FE= 132/ 300] p_err=0.105 | 指标=MD     | score=1(中  ) | Pw=[SDE=0.337 I+=0.337 MD=0.327] | Lp=2.40 | n_eval=8
[Gen   4 | FE= 132/ 300] p_err=0.127 | 指标=SDE    | score=2(极优) | Pw=[SDE=0.333 I+=0.333 MD=0.333] | Lp=3.10 | n_eval=8
[Gen   4 | FE= 132/ 300] p_err=0.143 | 指标=SDE    | score=2(极优) | Pw=[SDE=0.331 I+=0.340 MD=0.330] | Lp=3.10 | n_eval=8
[Gen   4 | FE= 132/ 300] p_err=0.147 | 指标=I_eps+ | score=2(极优) | Pw=[SDE=0.333 I+=0.333 MD=0.333] | Lp=2.40 | n_eval=8
[Gen   5 | FE= 140/ 300] p_err=0.195 | 指标=I_eps+ | score=2(极优) | Pw=[SDE=0.333 I+=0.333 MD=0.333] | Lp=3.10 | n_eval=8
[Gen   5 | FE= 140/ 300] p_err=0.137 | 指标=SDE    | score=2(极优) | Pw=[SDE=0.340 I+=0.340 MD=0.321] | Lp=2.40 | n_eval=8
[Gen   5 | FE= 140/ 300] p_err=0.232 | 指标=SDE    | score=2(极优) | Pw=[SDE=0.333 I+=0.333 MD=0.333] | Lp=2.40 | n_eval=8
[Gen   5 | FE= 140/ 300] p_err=0.163 | 指标=SDE    | score=2(极优) | Pw=[SDE=0.337 I+=0.337 MD=0.326] | Lp=2.40 | n_eval=8
[Gen   5 | FE= 140/ 300] p_err=0.148 | 指标=I_eps+ | score=2(极优) | Pw=[SDE=0.333 I+=0.333 MD=0.333] | Lp=3.10 | n_eval=8
[Gen   5 | FE= 140/ 300] p_err=0.171 | 指标=MD     | score=2(极优) | Pw=[SDE=0.330 I+=0.340 MD=0.330] | Lp=4.20 | n_eval=8
[Gen   5 | FE= 140/ 300] p_err=0.141 | 指标=I_eps+ | score=2(极优) | Pw=[SDE=0.333 I+=0.333 MD=0.333] | Lp=2.40 | n_eval=8
[Gen   6 | FE= 148/ 300] p_err=0.140 | 指标=I_eps+ | score=2(极优) | Pw=[SDE=0.333 I+=0.333 MD=0.333] | Lp=3.10 | n_eval=8
[Gen   6 | FE= 148/ 300] p_err=0.111 | 指标=I_eps+ | score=2(极优) | Pw=[SDE=0.340 I+=0.340 MD=0.320] | Lp=3.10 | n_eval=8
[Gen   6 | FE= 148/ 300] p_err=0.092 | 指标=I_eps+ | score=2(极优) | Pw=[SDE=0.333 I+=0.333 MD=0.333] | Lp=2.40 | n_eval=8
[Gen   6 | FE= 148/ 300] p_err=0.216 | 指标=MD     | score=2(极优) | Pw=[SDE=0.337 I+=0.337 MD=0.326] | Lp=3.10 | n_eval=8
[Gen   6 | FE= 148/ 300] p_err=0.172 | 指标=I_eps+ | score=2(极优) | Pw=[SDE=0.333 I+=0.333 MD=0.333] | Lp=2.40 | n_eval=8
[Gen   6 | FE= 148/ 300] p_err=0.120 | 指标=I_eps+ | score=2(极优) | Pw=[SDE=0.330 I+=0.340 MD=0.330] | Lp=3.10 | n_eval=8
[Gen   6 | FE= 148/ 300] p_err=0.143 | 指标=MD     | score=2(极优) | Pw=[SDE=0.333 I+=0.333 MD=0.333] | Lp=2.40 | n_eval=8
[Gen   7 | FE= 156/ 300] p_err=0.133 | 指标=I_eps+ | score=2(极优) | Pw=[SDE=0.333 I+=0.333 MD=0.333] | Lp=3.10 | n_eval=8
[Gen   7 | FE= 156/ 300] p_err=0.156 | 指标=SDE    | score=1(中  ) | Pw=[SDE=0.333 I+=0.344 MD=0.323] | Lp=3.10 | n_eval=8
[Gen   7 | FE= 156/ 300] p_err=0.180 | 指标=MD     | score=2(极优) | Pw=[SDE=0.333 I+=0.333 MD=0.333] | Lp=2.40 | n_eval=8
[Gen   7 | FE= 156/ 300] p_err=0.143 | 指标=MD     | score=2(极优) | Pw=[SDE=0.337 I+=0.337 MD=0.326] | Lp=2.40 | n_eval=8
[Gen   7 | FE= 156/ 300] p_err=0.159 | 指标=I_eps+ | score=2(极优) | Pw=[SDE=0.333 I+=0.333 MD=0.333] | Lp=2.40 | n_eval=8
[Gen   7 | FE= 156/ 300] p_err=0.119 | 指标=I_eps+ | score=2(极优) | Pw=[SDE=0.330 I+=0.341 MD=0.329] | Lp=3.10 | n_eval=8
[Gen   7 | FE= 156/ 300] p_err=0.133 | 指标=MD     | score=2(极优) | Pw=[SDE=0.333 I+=0.333 MD=0.333] | Lp=2.40 | n_eval=8
[Gen   8 | FE= 164/ 300] p_err=0.207 | 指标=SDE    | score=2(极优) | Pw=[SDE=0.333 I+=0.333 MD=0.333] | Lp=3.10 | n_eval=8
[Gen   8 | FE= 164/ 300] p_err=0.140 | 指标=SDE    | score=2(极优) | Pw=[SDE=0.334 I+=0.345 MD=0.322] | Lp=3.10 | n_eval=8
[Gen   8 | FE= 164/ 300] p_err=0.152 | 指标=MD     | score=2(极优) | Pw=[SDE=0.333 I+=0.333 MD=0.333] | Lp=2.40 | n_eval=8
[Gen   8 | FE= 164/ 300] p_err=0.157 | 指标=SDE    | score=2(极优) | Pw=[SDE=0.337 I+=0.337 MD=0.326] | Lp=3.10 | n_eval=8
[Gen   8 | FE= 164/ 300] p_err=0.218 | 指标=I_eps+ | score=2(极优) | Pw=[SDE=0.333 I+=0.333 MD=0.333] | Lp=2.40 | n_eval=8
[Gen   8 | FE= 164/ 300] p_err=0.197 | 指标=MD     | score=2(极优) | Pw=[SDE=0.330 I+=0.341 MD=0.330] | Lp=3.10 | n_eval=8
[Gen   8 | FE= 164/ 300] p_err=0.183 | 指标=SDE    | score=2(极优) | Pw=[SDE=0.333 I+=0.333 MD=0.333] | Lp=2.40 | n_eval=8
[Gen   9 | FE= 172/ 300] p_err=0.200 | 指标=SDE    | score=2(极优) | Pw=[SDE=0.333 I+=0.333 MD=0.333] | Lp=3.10 | n_eval=8
[Gen   9 | FE= 172/ 300] p_err=0.135 | 指标=SDE    | score=2(极优) | Pw=[SDE=0.334 I+=0.345 MD=0.320] | Lp=3.10 | n_eval=8
[Gen   9 | FE= 172/ 300] p_err=0.209 | 指标=SDE    | score=2(极优) | Pw=[SDE=0.333 I+=0.333 MD=0.333] | Lp=2.40 | n_eval=8
[Gen   9 | FE= 172/ 300] p_err=0.190 | 指标=SDE    | score=2(极优) | Pw=[SDE=0.337 I+=0.337 MD=0.325] | Lp=3.10 | n_eval=8
[Gen   9 | FE= 172/ 300] p_err=0.137 | 指标=SDE    | score=2(极优) | Pw=[SDE=0.330 I+=0.341 MD=0.329] | Lp=3.10 | n_eval=8
[Gen   9 | FE= 172/ 300] p_err=0.167 | 指标=SDE    | score=2(极优) | Pw=[SDE=0.333 I+=0.333 MD=0.333] | Lp=2.40 | n_eval=8
[Gen   9 | FE= 172/ 300] p_err=0.233 | 指标=SDE    | score=2(极优) | Pw=[SDE=0.333 I+=0.333 MD=0.333] | Lp=2.40 | n_eval=8
[Gen  10 | FE= 180/ 300] p_err=0.132 | 指标=I_eps+ | score=2(极优) | Pw=[SDE=0.333 I+=0.333 MD=0.333] | Lp=3.10 | n_eval=8
[Gen  10 | FE= 180/ 300] p_err=0.196 | 指标=MD     | score=2(极优) | Pw=[SDE=0.334 I+=0.345 MD=0.321] | Lp=4.20 | n_eval=8
[Gen  10 | FE= 180/ 300] p_err=0.180 | 指标=SDE    | score=2(极优) | Pw=[SDE=0.333 I+=0.333 MD=0.333] | Lp=3.10 | n_eval=8
[Gen  10 | FE= 180/ 300] p_err=0.100 | 指标=I_eps+ | score=2(极优) | Pw=[SDE=0.338 I+=0.338 MD=0.325] | Lp=3.10 | n_eval=8
[Gen  10 | FE= 180/ 300] p_err=0.102 | 指标=I_eps+ | score=2(极优) | Pw=[SDE=0.330 I+=0.342 MD=0.329] | Lp=2.40 | n_eval=8
[Gen  10 | FE= 180/ 300] p_err=0.188 | 指标=SDE    | score=2(极优) | Pw=[SDE=0.333 I+=0.333 MD=0.333] | Lp=2.40 | n_eval=8
[Gen  10 | FE= 180/ 300] p_err=0.217 | 指标=I_eps+ | score=2(极优) | Pw=[SDE=0.333 I+=0.333 MD=0.333] | Lp=2.40 | n_eval=8
[Gen  11 | FE= 188/ 300] p_err=0.153 | 指标=I_eps+ | score=2(极优) | Pw=[SDE=0.333 I+=0.333 MD=0.333] | Lp=3.10 | n_eval=8
[Gen  11 | FE= 188/ 300] p_err=0.075 | 指标=I_eps+ | score=2(极优) | Pw=[SDE=0.334 I+=0.346 MD=0.320] | Lp=4.20 | n_eval=8
[Gen  11 | FE= 188/ 300] p_err=0.184 | 指标=SDE    | score=2(极优) | Pw=[SDE=0.333 I+=0.333 MD=0.333] | Lp=2.40 | n_eval=8
[Gen  11 | FE= 188/ 300] p_err=0.217 | 指标=MD     | score=2(极优) | Pw=[SDE=0.338 I+=0.338 MD=0.325] | Lp=3.10 | n_eval=8
[Gen  11 | FE= 188/ 300] p_err=0.157 | 指标=I_eps+ | score=2(极优) | Pw=[SDE=0.329 I+=0.342 MD=0.328] | Lp=2.40 | n_eval=8
[Gen  11 | FE= 188/ 300] p_err=0.146 | 指标=MD     | score=2(极优) | Pw=[SDE=0.333 I+=0.333 MD=0.333] | Lp=2.40 | n_eval=8
[Gen  11 | FE= 188/ 300] p_err=0.123 | 指标=MD     | score=2(极优) | Pw=[SDE=0.333 I+=0.333 MD=0.333] | Lp=2.40 | n_eval=8
[Gen  12 | FE= 196/ 300] p_err=0.205 | 指标=SDE    | score=2(极优) | Pw=[SDE=0.333 I+=0.333 MD=0.333] | Lp=2.40 | n_eval=8
[Gen  12 | FE= 196/ 300] p_err=0.102 | 指标=I_eps+ | score=2(极优) | Pw=[SDE=0.334 I+=0.347 MD=0.318] | Lp=4.20 | n_eval=8
[Gen  12 | FE= 196/ 300] p_err=0.195 | 指标=MD     | score=1(中  ) | Pw=[SDE=0.338 I+=0.338 MD=0.324] | Lp=2.40 | n_eval=8
[Gen  12 | FE= 196/ 300] p_err=0.156 | 指标=SDE    | score=2(极优) | Pw=[SDE=0.338 I+=0.338 MD=0.324] | Lp=3.10 | n_eval=8
[Gen  12 | FE= 196/ 300] p_err=0.248 | 指标=MD     | score=2(极优) | Pw=[SDE=0.329 I+=0.343 MD=0.329] | Lp=2.40 | n_eval=8
[Gen  12 | FE= 196/ 300] p_err=0.145 | 指标=I_eps+ | score=2(极优) | Pw=[SDE=0.333 I+=0.333 MD=0.333] | Lp=2.40 | n_eval=8
[Gen  12 | FE= 196/ 300] p_err=0.143 | 指标=MD     | score=2(极优) | Pw=[SDE=0.333 I+=0.333 MD=0.333] | Lp=2.40 | n_eval=8
[Gen  13 | FE= 204/ 300] p_err=0.207 | 指标=I_eps+ | score=2(极优) | Pw=[SDE=0.333 I+=0.333 MD=0.333] | Lp=3.10 | n_eval=8
[Gen  13 | FE= 204/ 300] p_err=0.127 | 指标=SDE    | score=2(极优) | Pw=[SDE=0.335 I+=0.348 MD=0.317] | Lp=4.20 | n_eval=8
[Gen  13 | FE= 204/ 300] p_err=0.214 | 指标=SDE    | score=2(极优) | Pw=[SDE=0.338 I+=0.338 MD=0.323] | Lp=2.40 | n_eval=8
[Gen  13 | FE= 204/ 300] p_err=0.121 | 指标=I_eps+ | score=1(中  ) | Pw=[SDE=0.344 I+=0.328 MD=0.328] | Lp=3.10 | n_eval=8
[Gen  13 | FE= 204/ 300] p_err=0.172 | 指标=MD     | score=2(极优) | Pw=[SDE=0.328 I+=0.343 MD=0.329] | Lp=2.40 | n_eval=8
[Gen  13 | FE= 204/ 300] p_err=0.185 | 指标=MD     | score=1(中  ) | Pw=[SDE=0.339 I+=0.339 MD=0.322] | Lp=2.40 | n_eval=8
[Gen  13 | FE= 204/ 300] p_err=0.224 | 指标=SDE    | score=2(极优) | Pw=[SDE=0.333 I+=0.333 MD=0.333] | Lp=2.40 | n_eval=8
[Gen  14 | FE= 212/ 300] p_err=0.227 | 指标=MD     | score=1(中  ) | Pw=[SDE=0.341 I+=0.341 MD=0.317] | Lp=3.10 | n_eval=8
[Gen  14 | FE= 212/ 300] p_err=0.142 | 指标=SDE    | score=2(极优) | Pw=[SDE=0.336 I+=0.349 MD=0.315] | Lp=3.10 | n_eval=8
[Gen  14 | FE= 212/ 300] p_err=0.175 | 指标=I_eps+ | score=2(极优) | Pw=[SDE=0.339 I+=0.339 MD=0.322] | Lp=2.40 | n_eval=8
[Gen  14 | FE= 212/ 300] p_err=0.221 | 指标=SDE    | score=2(极优) | Pw=[SDE=0.328 I+=0.344 MD=0.328] | Lp=2.40 | n_eval=8
[Gen  14 | FE= 212/ 300] p_err=0.183 | 指标=MD     | score=2(极优) | Pw=[SDE=0.344 I+=0.327 MD=0.329] | Lp=3.10 | n_eval=8
[Gen  14 | FE= 212/ 300] p_err=0.189 | 指标=MD     | score=2(极优) | Pw=[SDE=0.339 I+=0.339 MD=0.322] | Lp=2.40 | n_eval=8
[Gen  14 | FE= 212/ 300] p_err=0.169 | 指标=I_eps+ | score=2(极优) | Pw=[SDE=0.333 I+=0.333 MD=0.333] | Lp=2.40 | n_eval=8
[Gen  15 | FE= 220/ 300] p_err=0.235 | 指标=MD     | score=2(极优) | Pw=[SDE=0.341 I+=0.341 MD=0.317] | Lp=3.10 | n_eval=8
[Gen  15 | FE= 220/ 300] p_err=0.189 | 指标=SDE    | score=2(极优) | Pw=[SDE=0.337 I+=0.351 MD=0.312] | Lp=3.10 | n_eval=8
[Gen  15 | FE= 220/ 300] p_err=0.206 | 指标=MD     | score=2(极优) | Pw=[SDE=0.339 I+=0.339 MD=0.322] | Lp=2.40 | n_eval=8
[Gen  15 | FE= 220/ 300] p_err=0.270 | 指标=MD     | score=2(极优) | Pw=[SDE=0.345 I+=0.326 MD=0.329] | Lp=3.10 | n_eval=8
[Gen  15 | FE= 220/ 300] p_err=0.213 | 指标=SDE    | score=2(极优) | Pw=[SDE=0.329 I+=0.344 MD=0.327] | Lp=2.40 | n_eval=8
[Gen  15 | FE= 220/ 300] p_err=0.183 | 指标=SDE    | score=2(极优) | Pw=[SDE=0.340 I+=0.340 MD=0.321] | Lp=2.40 | n_eval=8
[Gen  15 | FE= 220/ 300] p_err=0.248 | 指标=SDE    | score=2(极优) | Pw=[SDE=0.333 I+=0.333 MD=0.333] | Lp=3.10 | n_eval=8
[Gen  16 | FE= 228/ 300] p_err=0.302 | 指标=SDE    | score=2(极优) | Pw=[SDE=0.343 I+=0.343 MD=0.314] | Lp=3.10 | n_eval=8
[Gen  16 | FE= 228/ 300] p_err=0.163 | 指标=I_eps+ | score=2(极优) | Pw=[SDE=0.340 I+=0.340 MD=0.321] | Lp=2.40 | n_eval=8
[Gen  16 | FE= 228/ 300] p_err=0.124 | 指标=SDE    | score=2(极优) | Pw=[SDE=0.339 I+=0.353 MD=0.308] | Lp=3.10 | n_eval=8
[Gen  16 | FE= 228/ 300] p_err=0.145 | 指标=I_eps+ | score=2(极优) | Pw=[SDE=0.345 I+=0.326 MD=0.328] | Lp=3.10 | n_eval=8
[Gen  16 | FE= 228/ 300] p_err=0.147 | 指标=I_eps+ | score=2(极优) | Pw=[SDE=0.328 I+=0.345 MD=0.326] | Lp=2.40 | n_eval=8
[Gen  16 | FE= 228/ 300] p_err=0.175 | 指标=I_eps+ | score=2(极优) | Pw=[SDE=0.340 I+=0.340 MD=0.319] | Lp=2.40 | n_eval=8
[Gen  16 | FE= 228/ 300] p_err=0.226 | 指标=SDE    | score=2(极优) | Pw=[SDE=0.333 I+=0.333 MD=0.333] | Lp=2.40 | n_eval=8
[Gen  17 | FE= 236/ 300] p_err=0.170 | 指标=SDE    | score=2(极优) | Pw=[SDE=0.345 I+=0.345 MD=0.310] | Lp=3.10 | n_eval=8
[Gen  17 | FE= 236/ 300] p_err=0.195 | 指标=SDE    | score=2(极优) | Pw=[SDE=0.341 I+=0.355 MD=0.304] | Lp=3.10 | n_eval=8
[Gen  17 | FE= 236/ 300] p_err=0.172 | 指标=SDE    | score=2(极优) | Pw=[SDE=0.340 I+=0.340 MD=0.319] | Lp=2.40 | n_eval=8
[Gen  17 | FE= 236/ 300] p_err=0.195 | 指标=SDE    | score=2(极优) | Pw=[SDE=0.347 I+=0.325 MD=0.328] | Lp=3.10 | n_eval=8
[Gen  17 | FE= 236/ 300] p_err=0.189 | 指标=SDE    | score=2(极优) | Pw=[SDE=0.329 I+=0.346 MD=0.325] | Lp=2.40 | n_eval=8
[Gen  17 | FE= 236/ 300] p_err=0.238 | 指标=SDE    | score=2(极优) | Pw=[SDE=0.341 I+=0.341 MD=0.317] | Lp=2.40 | n_eval=8
[Gen  17 | FE= 236/ 300] p_err=0.267 | 指标=I_eps+ | score=2(极优) | Pw=[SDE=0.333 I+=0.333 MD=0.333] | Lp=2.40 | n_eval=8
[Gen  18 | FE= 244/ 300] p_err=0.158 | 指标=I_eps+ | score=2(极优) | Pw=[SDE=0.348 I+=0.348 MD=0.304] | Lp=2.40 | n_eval=8
[Gen  18 | FE= 244/ 300] p_err=0.143 | 指标=I_eps+ | score=2(极优) | Pw=[SDE=0.343 I+=0.358 MD=0.299] | Lp=3.10 | n_eval=8
[Gen  18 | FE= 244/ 300] p_err=0.200 | 指标=MD     | score=2(极优) | Pw=[SDE=0.340 I+=0.340 MD=0.319] | Lp=2.40 | n_eval=8
[Gen  18 | FE= 244/ 300] p_err=0.190 | 指标=MD     | score=1(中  ) | Pw=[SDE=0.355 I+=0.330 MD=0.315] | Lp=3.10 | n_eval=8
[Gen  18 | FE= 244/ 300] p_err=0.166 | 指标=MD     | score=2(极优) | Pw=[SDE=0.328 I+=0.347 MD=0.325] | Lp=2.40 | n_eval=8
[Gen  18 | FE= 244/ 300] p_err=0.145 | 指标=MD     | score=2(极优) | Pw=[SDE=0.341 I+=0.341 MD=0.317] | Lp=2.40 | n_eval=8
[Gen  18 | FE= 244/ 300] p_err=0.198 | 指标=I_eps+ | score=2(极优) | Pw=[SDE=0.333 I+=0.333 MD=0.333] | Lp=3.10 | n_eval=8
[Gen  19 | FE= 252/ 300] p_err=0.177 | 指标=MD     | score=2(极优) | Pw=[SDE=0.342 I+=0.359 MD=0.299] | Lp=3.10 | n_eval=8
[Gen  19 | FE= 252/ 300] p_err=0.155 | 指标=I_eps+ | score=2(极优) | Pw=[SDE=0.353 I+=0.353 MD=0.294] | Lp=2.40 | n_eval=8
[Gen  19 | FE= 252/ 300] p_err=0.174 | 指标=SDE    | score=2(极优) | Pw=[SDE=0.341 I+=0.341 MD=0.317] | Lp=2.40 | n_eval=8
[Gen  19 | FE= 252/ 300] p_err=0.193 | 指标=MD     | score=1(中  ) | Pw=[SDE=0.333 I+=0.356 MD=0.311] | Lp=2.40 | n_eval=8
[Gen  19 | FE= 252/ 300] p_err=0.187 | 指标=MD     | score=2(极优) | Pw=[SDE=0.356 I+=0.327 MD=0.317] | Lp=3.10 | n_eval=8
[Gen  19 | FE= 252/ 300] p_err=0.234 | 指标=I_eps+ | score=2(极优) | Pw=[SDE=0.343 I+=0.343 MD=0.314] | Lp=2.40 | n_eval=8
[Gen  19 | FE= 252/ 300] p_err=0.203 | 指标=SDE    | score=2(极优) | Pw=[SDE=0.333 I+=0.333 MD=0.333] | Lp=2.40 | n_eval=8
[Gen  20 | FE= 260/ 300] p_err=0.209 | 指标=SDE    | score=2(极优) | Pw=[SDE=0.364 I+=0.364 MD=0.273] | Lp=2.40 | n_eval=8
[Gen  20 | FE= 260/ 300] p_err=0.138 | 指标=MD     | score=2(极优) | Pw=[SDE=0.341 I+=0.359 MD=0.299] | Lp=3.10 | n_eval=8
[Gen  20 | FE= 260/ 300] p_err=0.186 | 指标=SDE    | score=2(极优) | Pw=[SDE=0.343 I+=0.343 MD=0.314] | Lp=2.40 | n_eval=8
[Gen  20 | FE= 260/ 300] p_err=0.144 | 指标=I_eps+ | score=2(极优) | Pw=[SDE=0.358 I+=0.328 MD=0.313] | Lp=3.10 | n_eval=8
[Gen  20 | FE= 260/ 300] p_err=0.181 | 指标=I_eps+ | score=2(极优) | Pw=[SDE=0.333 I+=0.359 MD=0.308] | Lp=2.40 | n_eval=8
[Gen  20 | FE= 260/ 300] p_err=0.167 | 指标=MD     | score=2(极优) | Pw=[SDE=0.343 I+=0.343 MD=0.314] | Lp=2.40 | n_eval=8
[Gen  20 | FE= 260/ 300] p_err=0.152 | 指标=MD     | score=2(极优) | Pw=[SDE=0.333 I+=0.333 MD=0.333] | Lp=2.40 | n_eval=8
[Gen  21 | FE= 268/ 300] p_err=0.221 | 指标=I_eps+ | score=2(极优) | Pw=[SDE=0.364 I+=0.364 MD=0.273] | Lp=2.40 | n_eval=8
[Gen  21 | FE= 268/ 300] p_err=0.149 | 指标=SDE    | score=2(极优) | Pw=[SDE=0.347 I+=0.363 MD=0.290] | Lp=3.10 | n_eval=8
[Gen  21 | FE= 268/ 300] p_err=0.210 | 指标=MD     | score=2(极优) | Pw=[SDE=0.341 I+=0.341 MD=0.317] | Lp=2.40 | n_eval=8
[Gen  21 | FE= 268/ 300] p_err=0.193 | 指标=MD     | score=1(中  ) | Pw=[SDE=0.333 I+=0.359 MD=0.308] | Lp=2.40 | n_eval=8
[Gen  21 | FE= 268/ 300] p_err=0.188 | 指标=SDE    | score=2(极优) | Pw=[SDE=0.360 I+=0.324 MD=0.315] | Lp=3.10 | n_eval=8
[Gen  21 | FE= 268/ 300] p_err=0.179 | 指标=MD     | score=2(极优) | Pw=[SDE=0.343 I+=0.343 MD=0.314] | Lp=2.40 | n_eval=8
[Gen  21 | FE= 268/ 300] p_err=0.219 | 指标=SDE    | score=2(极优) | Pw=[SDE=0.333 I+=0.333 MD=0.333] | Lp=2.40 | n_eval=8
[Gen  22 | FE= 276/ 300] p_err=0.214 | 指标=I_eps+ | score=2(极优) | Pw=[SDE=0.364 I+=0.364 MD=0.273] | Lp=2.40 | n_eval=8
[Gen  22 | FE= 276/ 300] p_err=0.174 | 指标=SDE    | score=2(极优) | Pw=[SDE=0.338 I+=0.353 MD=0.309] | Lp=2.40 | n_eval=8
[Gen  22 | FE= 276/ 300] p_err=0.147 | 指标=I_eps+ | score=2(极优) | Pw=[SDE=0.341 I+=0.341 MD=0.317] | Lp=2.40 | n_eval=8
[Gen  22 | FE= 276/ 300] p_err=0.137 | 指标=I_eps+ | score=2(极优) | Pw=[SDE=0.360 I+=0.324 MD=0.315] | Lp=3.10 | n_eval=8
[Gen  22 | FE= 276/ 300] p_err=0.209 | 指标=SDE    | score=2(极优) | Pw=[SDE=0.333 I+=0.359 MD=0.308] | Lp=2.40 | n_eval=8
[Gen  22 | FE= 276/ 300] p_err=0.213 | 指标=I_eps+ | score=2(极优) | Pw=[SDE=0.343 I+=0.343 MD=0.314] | Lp=2.40 | n_eval=8
[Gen  22 | FE= 276/ 300] p_err=0.230 | 指标=MD     | score=2(极优) | Pw=[SDE=0.333 I+=0.333 MD=0.333] | Lp=2.40 | n_eval=8
[Gen  23 | FE= 284/ 300] p_err=0.171 | 指标=I_eps+ | score=2(极优) | Pw=[SDE=0.337 I+=0.353 MD=0.309] | Lp=2.40 | n_eval=8
[Gen  23 | FE= 284/ 300] p_err=0.190 | 指标=SDE    | score=2(极优) | Pw=[SDE=0.364 I+=0.364 MD=0.273] | Lp=3.10 | n_eval=8
[Gen  23 | FE= 284/ 300] p_err=0.160 | 指标=I_eps+ | score=2(极优) | Pw=[SDE=0.343 I+=0.343 MD=0.314] | Lp=2.40 | n_eval=8
[Gen  23 | FE= 284/ 300] p_err=0.195 | 指标=SDE    | score=2(极优) | Pw=[SDE=0.350 I+=0.350 MD=0.300] | Lp=2.40 | n_eval=8
[Gen  23 | FE= 284/ 300] p_err=0.179 | 指标=SDE    | score=2(极优) | Pw=[SDE=0.360 I+=0.324 MD=0.315] | Lp=3.10 | n_eval=8
[Gen  23 | FE= 284/ 300] p_err=0.176 | 指标=I_eps+ | score=2(极优) | Pw=[SDE=0.343 I+=0.343 MD=0.314] | Lp=2.40 | n_eval=8
[Gen  23 | FE= 284/ 300] p_err=0.221 | 指标=I_eps+ | score=2(极优) | Pw=[SDE=0.333 I+=0.333 MD=0.333] | Lp=2.40 | n_eval=8
[Gen  24 | FE= 292/ 300] p_err=0.167 | 指标=I_eps+ | score=2(极优) | Pw=[SDE=0.323 I+=0.338 MD=0.338] | Lp=2.40 | n_eval=8
[Gen  24 | FE= 292/ 300] p_err=0.232 | 指标=SDE    | score=2(极优) | Pw=[SDE=0.364 I+=0.364 MD=0.273] | Lp=3.10 | n_eval=8
[Gen  24 | FE= 292/ 300] p_err=0.184 | 指标=MD     | score=2(极优) | Pw=[SDE=0.341 I+=0.341 MD=0.317] | Lp=2.40 | n_eval=8
[Gen  24 | FE= 292/ 300] p_err=0.312 | 指标=SDE    | score=2(极优) | Pw=[SDE=0.350 I+=0.350 MD=0.300] | Lp=2.40 | n_eval=8
[Gen  24 | FE= 292/ 300] p_err=0.184 | 指标=SDE    | score=2(极优) | Pw=[SDE=0.354 I+=0.318 MD=0.328] | Lp=3.10 | n_eval=8
[Gen  24 | FE= 292/ 300] p_err=0.227 | 指标=I_eps+ | score=2(极优) | Pw=[SDE=0.343 I+=0.343 MD=0.314] | Lp=2.40 | n_eval=8
[Gen  24 | FE= 292/ 300] p_err=0.267 | 指标=SDE    | score=2(极优) | Pw=[SDE=0.333 I+=0.333 MD=0.333] | Lp=2.40 | n_eval=8
[Gen  25 | FE= 300/ 300] p_err=0.124 | 指标=I_eps+ | score=2(极优) | Pw=[SDE=0.322 I+=0.339 MD=0.339] | Lp=2.40 | n_eval=8
[Gen  25 | FE= 300/ 300] p_err=0.218 | 指标=MD     | score=2(极优) | Pw=[SDE=0.340 I+=0.340 MD=0.319] | Lp=2.40 | n_eval=8
[Gen  25 | FE= 300/ 300] p_err=0.176 | 指标=SDE    | score=2(极优) | Pw=[SDE=0.364 I+=0.364 MD=0.273] | Lp=3.10 | n_eval=8
[Gen  25 | FE= 300/ 300] p_err=0.216 | 指标=I_eps+ | score=2(极优) | Pw=[SDE=0.353 I+=0.353 MD=0.294] | Lp=2.40 | n_eval=8
[Gen  25 | FE= 300/ 300] p_err=0.244 | 指标=MD     | score=2(极优) | Pw=[SDE=0.352 I+=0.317 MD=0.330] | Lp=3.10 | n_eval=8
[Gen  25 | FE= 300/ 300] p_err=0.177 | 指标=MD     | score=2(极优) | Pw=[SDE=0.341 I+=0.341 MD=0.317] | Lp=2.40 | n_eval=8
[Gen  25 | FE= 300/ 300] p_err=0.313 | 指标=SDE    | score=2(极优) | Pw=[SDE=0.333 I+=0.333 MD=0.333] | Lp=2.40 | n_eval=8
[Gen   1 | FE= 108/ 300] p_err=0.214 | 指标=MD     | score=2(极优) | Pw=[SDE=0.333 I+=0.333 MD=0.333] | Lp=6.50 | n_eval=8
[Gen   1 | FE= 108/ 300] p_err=0.136 | 指标=SDE    | score=2(极优) | Pw=[SDE=0.333 I+=0.333 MD=0.333] | Lp=6.50 | n_eval=8
[Gen   1 | FE= 108/ 300] p_err=0.124 | 指标=I_eps+ | score=2(极优) | Pw=[SDE=0.333 I+=0.333 MD=0.333] | Lp=6.50 | n_eval=8
[Gen   1 | FE= 108/ 300] p_err=0.125 | 指标=I_eps+ | score=2(极优) | Pw=[SDE=0.333 I+=0.333 MD=0.333] | Lp=6.50 | n_eval=8
[Gen   1 | FE= 108/ 300] p_err=0.113 | 指标=I_eps+ | score=2(极优) | Pw=[SDE=0.333 I+=0.333 MD=0.333] | Lp=6.50 | n_eval=8
[Gen   1 | FE= 108/ 300] p_err=0.167 | 指标=MD     | score=2(极优) | Pw=[SDE=0.333 I+=0.333 MD=0.333] | Lp=6.50 | n_eval=8
[Gen   1 | FE= 108/ 300] p_err=0.146 | 指标=SDE    | score=2(极优) | Pw=[SDE=0.333 I+=0.333 MD=0.333] | Lp=6.50 | n_eval=8
[Gen   1 | FE= 108/ 300] p_err=0.180 | 指标=MD     | score=2(极优) | Pw=[SDE=0.333 I+=0.333 MD=0.333] | Lp=6.50 | n_eval=8
[Gen   2 | FE= 116/ 300] p_err=0.169 | 指标=MD     | score=2(极优) | Pw=[SDE=0.333 I+=0.333 MD=0.333] | Lp=6.50 | n_eval=8
[Gen   2 | FE= 116/ 300] p_err=0.194 | 指标=MD     | score=2(极优) | Pw=[SDE=0.333 I+=0.333 MD=0.333] | Lp=6.50 | n_eval=8
[Gen   2 | FE= 116/ 300] p_err=0.141 | 指标=I_eps+ | score=2(极优) | Pw=[SDE=0.333 I+=0.333 MD=0.333] | Lp=4.20 | n_eval=8
[Gen   2 | FE= 116/ 300] p_err=0.188 | 指标=SDE    | score=2(极优) | Pw=[SDE=0.333 I+=0.333 MD=0.333] | Lp=6.50 | n_eval=8
[Gen   2 | FE= 116/ 300] p_err=0.140 | 指标=MD     | score=2(极优) | Pw=[SDE=0.333 I+=0.333 MD=0.333] | Lp=6.50 | n_eval=8
[Gen   2 | FE= 116/ 300] p_err=0.146 | 指标=MD     | score=2(极优) | Pw=[SDE=0.333 I+=0.333 MD=0.333] | Lp=6.50 | n_eval=8
[Gen   2 | FE= 116/ 300] p_err=0.121 | 指标=SDE    | score=2(极优) | Pw=[SDE=0.333 I+=0.333 MD=0.333] | Lp=6.50 | n_eval=8
[Gen   2 | FE= 116/ 300] p_err=0.144 | 指标=I_eps+ | score=2(极优) | Pw=[SDE=0.333 I+=0.333 MD=0.333] | Lp=6.50 | n_eval=8
[Gen   3 | FE= 124/ 300] p_err=0.185 | 指标=MD     | score=2(极优) | Pw=[SDE=0.333 I+=0.333 MD=0.333] | Lp=6.50 | n_eval=8
[Gen   3 | FE= 124/ 300] p_err=0.160 | 指标=MD     | score=2(极优) | Pw=[SDE=0.333 I+=0.333 MD=0.333] | Lp=6.50 | n_eval=8
[Gen   3 | FE= 124/ 300] p_err=0.110 | 指标=SDE    | score=2(极优) | Pw=[SDE=0.333 I+=0.333 MD=0.333] | Lp=6.50 | n_eval=8
[Gen   3 | FE= 124/ 300] p_err=0.203 | 指标=MD     | score=2(极优) | Pw=[SDE=0.333 I+=0.333 MD=0.333] | Lp=6.50 | n_eval=8
[Gen   3 | FE= 124/ 300] p_err=0.168 | 指标=SDE    | score=2(极优) | Pw=[SDE=0.333 I+=0.333 MD=0.333] | Lp=6.50 | n_eval=8
[Gen   3 | FE= 124/ 300] p_err=0.122 | 指标=I_eps+ | score=2(极优) | Pw=[SDE=0.333 I+=0.333 MD=0.333] | Lp=6.50 | n_eval=8
[Gen   3 | FE= 124/ 300] p_err=0.119 | 指标=SDE    | score=2(极优) | Pw=[SDE=0.333 I+=0.333 MD=0.333] | Lp=6.50 | n_eval=8
[Gen   3 | FE= 124/ 300] p_err=0.163 | 指标=SDE    | score=2(极优) | Pw=[SDE=0.333 I+=0.333 MD=0.333] | Lp=6.50 | n_eval=8
[Gen   4 | FE= 132/ 300] p_err=0.121 | 指标=MD     | score=2(极优) | Pw=[SDE=0.333 I+=0.333 MD=0.333] | Lp=3.10 | n_eval=8
[Gen   4 | FE= 132/ 300] p_err=0.222 | 指标=I_eps+ | score=2(极优) | Pw=[SDE=0.333 I+=0.333 MD=0.333] | Lp=0.27 | n_eval=8
[Gen   4 | FE= 132/ 300] p_err=0.155 | 指标=MD     | score=2(极优) | Pw=[SDE=0.333 I+=0.333 MD=0.333] | Lp=6.50 | n_eval=8
[Gen   4 | FE= 132/ 300] p_err=0.170 | 指标=SDE    | score=2(极优) | Pw=[SDE=0.333 I+=0.333 MD=0.333] | Lp=6.50 | n_eval=8
[Gen   4 | FE= 132/ 300] p_err=0.129 | 指标=MD     | score=2(极优) | Pw=[SDE=0.333 I+=0.333 MD=0.333] | Lp=0.27 | n_eval=8
[Gen   4 | FE= 132/ 300] p_err=0.114 | 指标=MD     | score=2(极优) | Pw=[SDE=0.333 I+=0.333 MD=0.333] | Lp=0.27 | n_eval=8
[Gen   4 | FE= 132/ 300] p_err=0.125 | 指标=SDE    | score=2(极优) | Pw=[SDE=0.333 I+=0.333 MD=0.333] | Lp=0.27 | n_eval=8
[Gen   4 | FE= 132/ 300] p_err=0.144 | 指标=MD     | score=2(极优) | Pw=[SDE=0.333 I+=0.333 MD=0.333] | Lp=6.50 | n_eval=8
[Gen   5 | FE= 140/ 300] p_err=0.166 | 指标=I_eps+ | score=2(极优) | Pw=[SDE=0.333 I+=0.333 MD=0.333] | Lp=1.60 | n_eval=8
[Gen   5 | FE= 140/ 300] p_err=0.158 | 指标=MD     | score=2(极优) | Pw=[SDE=0.333 I+=0.333 MD=0.333] | Lp=6.50 | n_eval=8
[Gen   5 | FE= 140/ 300] p_err=0.167 | 指标=MD     | score=2(极优) | Pw=[SDE=0.333 I+=0.333 MD=0.333] | Lp=4.20 | n_eval=8
[Gen   5 | FE= 140/ 300] p_err=0.127 | 指标=I_eps+ | score=2(极优) | Pw=[SDE=0.333 I+=0.333 MD=0.333] | Lp=6.50 | n_eval=8
[Gen   5 | FE= 140/ 300] p_err=0.148 | 指标=SDE    | score=2(极优) | Pw=[SDE=0.333 I+=0.333 MD=0.333] | Lp=0.27 | n_eval=8
[Gen   5 | FE= 140/ 300] p_err=0.213 | 指标=I_eps+ | score=2(极优) | Pw=[SDE=0.333 I+=0.333 MD=0.333] | Lp=0.27 | n_eval=8
[Gen   5 | FE= 140/ 300] p_err=0.188 | 指标=MD     | score=2(极优) | Pw=[SDE=0.333 I+=0.333 MD=0.333] | Lp=6.50 | n_eval=8
[Gen   5 | FE= 140/ 300] p_err=0.211 | 指标=SDE    | score=2(极优) | Pw=[SDE=0.333 I+=0.333 MD=0.333] | Lp=4.20 | n_eval=8
[Gen   6 | FE= 148/ 300] p_err=0.139 | 指标=MD     | score=2(极优) | Pw=[SDE=0.333 I+=0.333 MD=0.333] | Lp=6.50 | n_eval=8
[Gen   6 | FE= 148/ 300] p_err=0.143 | 指标=MD     | score=2(极优) | Pw=[SDE=0.333 I+=0.333 MD=0.333] | Lp=6.50 | n_eval=8
[Gen   6 | FE= 148/ 300] p_err=0.140 | 指标=SDE    | score=2(极优) | Pw=[SDE=0.333 I+=0.333 MD=0.333] | Lp=1.60 | n_eval=8
[Gen   6 | FE= 148/ 300] p_err=0.076 | 指标=MD     | score=2(极优) | Pw=[SDE=0.333 I+=0.333 MD=0.333] | Lp=0.27 | n_eval=8
[Gen   6 | FE= 148/ 300] p_err=0.205 | 指标=SDE    | score=2(极优) | Pw=[SDE=0.333 I+=0.333 MD=0.333] | Lp=4.20 | n_eval=8
[Gen   6 | FE= 148/ 300] p_err=0.196 | 指标=I_eps+ | score=2(极优) | Pw=[SDE=0.333 I+=0.333 MD=0.333] | Lp=0.27 | n_eval=8
[Gen   6 | FE= 148/ 300] p_err=0.147 | 指标=I_eps+ | score=2(极优) | Pw=[SDE=0.333 I+=0.333 MD=0.333] | Lp=4.20 | n_eval=8
[Gen   6 | FE= 148/ 300] p_err=0.245 | 指标=SDE    | score=2(极优) | Pw=[SDE=0.333 I+=0.333 MD=0.333] | Lp=0.27 | n_eval=8
[Gen   7 | FE= 156/ 300] p_err=0.137 | 指标=I_eps+ | score=2(极优) | Pw=[SDE=0.333 I+=0.333 MD=0.333] | Lp=1.00 | n_eval=8
[Gen   7 | FE= 156/ 300] p_err=0.197 | 指标=I_eps+ | score=2(极优) | Pw=[SDE=0.333 I+=0.333 MD=0.333] | Lp=0.27 | n_eval=8
[Gen   7 | FE= 156/ 300] p_err=0.109 | 指标=MD     | score=2(极优) | Pw=[SDE=0.333 I+=0.333 MD=0.333] | Lp=0.27 | n_eval=8
[Gen   7 | FE= 156/ 300] p_err=0.127 | 指标=MD     | score=2(极优) | Pw=[SDE=0.333 I+=0.333 MD=0.333] | Lp=0.27 | n_eval=8
[Gen   7 | FE= 156/ 300] p_err=0.154 | 指标=SDE    | score=2(极优) | Pw=[SDE=0.333 I+=0.333 MD=0.333] | Lp=6.50 | n_eval=8
[Gen   7 | FE= 156/ 300] p_err=0.134 | 指标=SDE    | score=2(极优) | Pw=[SDE=0.333 I+=0.333 MD=0.333] | Lp=6.50 | n_eval=8
[Gen   7 | FE= 156/ 300] p_err=0.089 | 指标=MD     | score=2(极优) | Pw=[SDE=0.333 I+=0.333 MD=0.333] | Lp=4.20 | n_eval=8
[Gen   7 | FE= 156/ 300] p_err=0.105 | 指标=MD     | score=2(极优) | Pw=[SDE=0.333 I+=0.333 MD=0.333] | Lp=0.27 | n_eval=8
[Gen   8 | FE= 164/ 300] p_err=0.114 | 指标=I_eps+ | score=2(极优) | Pw=[SDE=0.333 I+=0.333 MD=0.333] | Lp=1.60 | n_eval=8
[Gen   8 | FE= 164/ 300] p_err=0.164 | 指标=I_eps+ | score=2(极优) | Pw=[SDE=0.333 I+=0.333 MD=0.333] | Lp=0.27 | n_eval=8
[Gen   8 | FE= 164/ 300] p_err=0.158 | 指标=SDE    | score=2(极优) | Pw=[SDE=0.333 I+=0.333 MD=0.333] | Lp=3.10 | n_eval=8
[Gen   8 | FE= 164/ 300] p_err=0.265 | 指标=SDE    | score=2(极优) | Pw=[SDE=0.333 I+=0.333 MD=0.333] | Lp=0.27 | n_eval=8
[Gen   8 | FE= 164/ 300] p_err=0.201 | 指标=SDE    | score=2(极优) | Pw=[SDE=0.333 I+=0.333 MD=0.333] | Lp=0.27 | n_eval=8
[Gen   8 | FE= 164/ 300] p_err=0.126 | 指标=MD     | score=2(极优) | Pw=[SDE=0.333 I+=0.333 MD=0.333] | Lp=0.27 | n_eval=8
[Gen   8 | FE= 164/ 300] p_err=0.095 | 指标=MD     | score=2(极优) | Pw=[SDE=0.333 I+=0.333 MD=0.333] | Lp=0.27 | n_eval=8
[Gen   8 | FE= 164/ 300] p_err=0.202 | 指标=SDE    | score=2(极优) | Pw=[SDE=0.333 I+=0.333 MD=0.333] | Lp=6.50 | n_eval=8
[Gen   9 | FE= 172/ 300] p_err=0.189 | 指标=I_eps+ | score=2(极优) | Pw=[SDE=0.333 I+=0.333 MD=0.333] | Lp=1.15 | n_eval=8
[Gen   9 | FE= 172/ 300] p_err=0.100 | 指标=MD     | score=1(中  ) | Pw=[SDE=0.337 I+=0.337 MD=0.326] | Lp=0.27 | n_eval=8
[Gen   9 | FE= 172/ 300] p_err=0.148 | 指标=MD     | score=2(极优) | Pw=[SDE=0.333 I+=0.333 MD=0.333] | Lp=0.27 | n_eval=8
[Gen   9 | FE= 172/ 300] p_err=0.114 | 指标=MD     | score=2(极优) | Pw=[SDE=0.333 I+=0.333 MD=0.333] | Lp=0.50 | n_eval=8
[Gen   9 | FE= 172/ 300] p_err=0.177 | 指标=I_eps+ | score=2(极优) | Pw=[SDE=0.333 I+=0.333 MD=0.333] | Lp=2.40 | n_eval=8
[Gen   9 | FE= 172/ 300] p_err=0.074 | 指标=MD     | score=2(极优) | Pw=[SDE=0.333 I+=0.333 MD=0.333] | Lp=0.27 | n_eval=8
[Gen   9 | FE= 172/ 300] p_err=0.245 | 指标=SDE    | score=2(极优) | Pw=[SDE=0.333 I+=0.333 MD=0.333] | Lp=0.27 | n_eval=8
[Gen   9 | FE= 172/ 300] p_err=0.086 | 指标=MD     | score=1(中  ) | Pw=[SDE=0.337 I+=0.337 MD=0.327] | Lp=6.50 | n_eval=8
[Gen  10 | FE= 180/ 300] p_err=0.214 | 指标=I_eps+ | score=2(极优) | Pw=[SDE=0.333 I+=0.333 MD=0.333] | Lp=1.15 | n_eval=8
[Gen  10 | FE= 180/ 300] p_err=0.242 | 指标=I_eps+ | score=2(极优) | Pw=[SDE=0.333 I+=0.333 MD=0.333] | Lp=3.10 | n_eval=8
[Gen  10 | FE= 180/ 300] p_err=0.269 | 指标=SDE    | score=2(极优) | Pw=[SDE=0.333 I+=0.333 MD=0.333] | Lp=0.50 | n_eval=8
[Gen  10 | FE= 180/ 300] p_err=0.265 | 指标=SDE    | score=2(极优) | Pw=[SDE=0.333 I+=0.333 MD=0.333] | Lp=0.50 | n_eval=8
[Gen  10 | FE= 180/ 300] p_err=0.243 | 指标=SDE    | score=2(极优) | Pw=[SDE=0.337 I+=0.337 MD=0.325] | Lp=0.27 | n_eval=8
[Gen  10 | FE= 180/ 300] p_err=0.208 | 指标=I_eps+ | score=2(极优) | Pw=[SDE=0.337 I+=0.337 MD=0.326] | Lp=0.27 | n_eval=8
[Gen  10 | FE= 180/ 300] p_err=0.160 | 指标=SDE    | score=2(极优) | Pw=[SDE=0.333 I+=0.333 MD=0.333] | Lp=0.27 | n_eval=8
[Gen  10 | FE= 180/ 300] p_err=0.273 | 指标=SDE    | score=2(极优) | Pw=[SDE=0.333 I+=0.333 MD=0.333] | Lp=0.27 | n_eval=8
[Gen  11 | FE= 188/ 300] p_err=0.205 | 指标=MD     | score=1(中  ) | Pw=[SDE=0.338 I+=0.338 MD=0.324] | Lp=6.50 | n_eval=8
[Gen  11 | FE= 188/ 300] p_err=0.115 | 指标=MD     | score=2(极优) | Pw=[SDE=0.333 I+=0.333 MD=0.333] | Lp=0.57 | n_eval=8
[Gen  11 | FE= 188/ 300] p_err=0.249 | 指标=SDE    | score=2(极优) | Pw=[SDE=0.333 I+=0.333 MD=0.333] | Lp=1.00 | n_eval=8
[Gen  11 | FE= 188/ 300] p_err=0.182 | 指标=I_eps+ | score=2(极优) | Pw=[SDE=0.338 I+=0.338 MD=0.325] | Lp=0.36 | n_eval=8
[Gen  11 | FE= 188/ 300] p_err=0.175 | 指标=I_eps+ | score=2(极优) | Pw=[SDE=0.333 I+=0.333 MD=0.333] | Lp=0.66 | n_eval=8
[Gen  11 | FE= 188/ 300] p_err=0.250 | 指标=I_eps+ | score=2(极优) | Pw=[SDE=0.337 I+=0.337 MD=0.326] | Lp=0.27 | n_eval=8
[Gen  11 | FE= 188/ 300] p_err=0.268 | 指标=SDE    | score=2(极优) | Pw=[SDE=0.333 I+=0.333 MD=0.333] | Lp=0.27 | n_eval=8
[Gen  11 | FE= 188/ 300] p_err=0.354 | 指标=SDE    | score=2(极优) | Pw=[SDE=0.333 I+=0.333 MD=0.333] | Lp=0.27 | n_eval=8
[Gen  12 | FE= 196/ 300] p_err=0.224 | 指标=I_eps+ | score=2(极优) | Pw=[SDE=0.338 I+=0.338 MD=0.323] | Lp=0.50 | n_eval=8
[Gen  12 | FE= 196/ 300] p_err=0.103 | 指标=MD     | score=2(极优) | Pw=[SDE=0.333 I+=0.333 MD=0.333] | Lp=0.36 | n_eval=8
[Gen  12 | FE= 196/ 300] p_err=0.295 | 指标=I_eps+ | score=2(极优) | Pw=[SDE=0.333 I+=0.333 MD=0.333] | Lp=1.60 | n_eval=8
[Gen  12 | FE= 196/ 300] p_err=0.078 | 指标=MD     | score=2(极优) | Pw=[SDE=0.338 I+=0.338 MD=0.325] | Lp=1.15 | n_eval=8
[Gen  12 | FE= 196/ 300] p_err=0.059 | 指标=MD     | score=1(中  ) | Pw=[SDE=0.341 I+=0.341 MD=0.318] | Lp=0.27 | n_eval=8
[Gen  12 | FE= 196/ 300] p_err=0.073 | 指标=MD     | score=2(极优) | Pw=[SDE=0.333 I+=0.333 MD=0.333] | Lp=1.00 | n_eval=8
[Gen  12 | FE= 196/ 300] p_err=0.235 | 指标=I_eps+ | score=2(极优) | Pw=[SDE=0.333 I+=0.333 MD=0.333] | Lp=1.15 | n_eval=8
[Gen  12 | FE= 196/ 300] p_err=0.423 | 指标=SDE    | score=2(极优) | Pw=[SDE=0.333 I+=0.333 MD=0.333] | Lp=0.27 | n_eval=8
[Gen  13 | FE= 204/ 300] p_err=0.209 | 指标=I_eps+ | score=2(极优) | Pw=[SDE=0.339 I+=0.339 MD=0.322] | Lp=0.27 | n_eval=8
[Gen  13 | FE= 204/ 300] p_err=0.216 | 指标=I_eps+ | score=2(极优) | Pw=[SDE=0.333 I+=0.333 MD=0.333] | Lp=0.27 | n_eval=8
[Gen  13 | FE= 204/ 300] p_err=0.068 | 指标=MD     | score=2(极优) | Pw=[SDE=0.333 I+=0.333 MD=0.333] | Lp=1.60 | n_eval=8
[Gen  13 | FE= 204/ 300] p_err=0.092 | 指标=MD     | score=1(中  ) | Pw=[SDE=0.342 I+=0.342 MD=0.316] | Lp=0.50 | n_eval=8
[Gen  13 | FE= 204/ 300] p_err=0.262 | 指标=I_eps+ | score=2(极优) | Pw=[SDE=0.341 I+=0.341 MD=0.317] | Lp=0.27 | n_eval=8
[Gen  13 | FE= 204/ 300] p_err=0.234 | 指标=SDE    | score=1(中  ) | Pw=[SDE=0.324 I+=0.338 MD=0.338] | Lp=0.27 | n_eval=8
[Gen  13 | FE= 204/ 300] p_err=0.311 | 指标=SDE    | score=2(极优) | Pw=[SDE=0.333 I+=0.333 MD=0.333] | Lp=1.00 | n_eval=8
[Gen  13 | FE= 204/ 300] p_err=0.384 | 指标=SDE    | score=2(极优) | Pw=[SDE=0.333 I+=0.333 MD=0.333] | Lp=0.27 | n_eval=8
[Gen  14 | FE= 212/ 300] p_err=0.186 | 指标=I_eps+ | score=1(中  ) | Pw=[SDE=0.344 I+=0.330 MD=0.325] | Lp=0.36 | n_eval=8
[Gen  14 | FE= 212/ 300] p_err=0.063 | 指标=MD     | score=2(极优) | Pw=[SDE=0.342 I+=0.342 MD=0.316] | Lp=1.00 | n_eval=8
[Gen  14 | FE= 212/ 300] p_err=0.204 | 指标=SDE    | score=1(中  ) | Pw=[SDE=0.324 I+=0.338 MD=0.338] | Lp=1.00 | n_eval=8
[Gen  14 | FE= 212/ 300] p_err=0.314 | 指标=SDE    | score=2(极优) | Pw=[SDE=0.333 I+=0.333 MD=0.333] | Lp=2.00 | n_eval=8
[Gen  14 | FE= 212/ 300] p_err=0.302 | 指标=SDE    | score=2(极优) | Pw=[SDE=0.342 I+=0.342 MD=0.316] | Lp=0.27 | n_eval=8
[Gen  14 | FE= 212/ 300] p_err=0.177 | 指标=MD     | score=1(中  ) | Pw=[SDE=0.338 I+=0.338 MD=0.323] | Lp=1.35 | n_eval=8
[Gen  14 | FE= 212/ 300] p_err=0.156 | 指标=I_eps+ | score=1(中  ) | Pw=[SDE=0.330 I+=0.324 MD=0.346] | Lp=1.15 | n_eval=8
[Gen  14 | FE= 212/ 300] p_err=0.397 | 指标=SDE    | score=2(极优) | Pw=[SDE=0.333 I+=0.333 MD=0.333] | Lp=0.43 | n_eval=8
[Gen  15 | FE= 220/ 300] p_err=0.380 | 指标=SDE    | score=1(中  ) | Pw=[SDE=0.335 I+=0.335 MD=0.329] | Lp=0.27 | n_eval=8
[Gen  15 | FE= 220/ 300] p_err=0.064 | 指标=MD     | score=2(极优) | Pw=[SDE=0.323 I+=0.338 MD=0.338] | Lp=1.00 | n_eval=8
[Gen  15 | FE= 220/ 300] p_err=0.241 | 指标=I_eps+ | score=2(极优) | Pw=[SDE=0.343 I+=0.343 MD=0.314] | Lp=0.86 | n_eval=8
[Gen  15 | FE= 220/ 300] p_err=0.357 | 指标=SDE    | score=2(极优) | Pw=[SDE=0.333 I+=0.333 MD=0.333] | Lp=0.66 | n_eval=8
[Gen  15 | FE= 220/ 300] p_err=0.233 | 指标=I_eps+ | score=2(极优) | Pw=[SDE=0.343 I+=0.343 MD=0.314] | Lp=0.27 | n_eval=8
[Gen  15 | FE= 220/ 300] p_err=0.336 | 指标=SDE    | score=2(极优) | Pw=[SDE=0.339 I+=0.339 MD=0.322] | Lp=0.50 | n_eval=8
[Gen  15 | FE= 220/ 300] p_err=0.211 | 指标=I_eps+ | score=2(极优) | Pw=[SDE=0.329 I+=0.325 MD=0.346] | Lp=4.20 | n_eval=8
[Gen  15 | FE= 220/ 300] p_err=0.236 | 指标=I_eps+ | score=2(极优) | Pw=[SDE=0.333 I+=0.333 MD=0.333] | Lp=0.75 | n_eval=8
[Gen  16 | FE= 228/ 300] p_err=0.165 | 指标=MD     | score=1(中  ) | Pw=[SDE=0.342 I+=0.342 MD=0.315] | Lp=0.27 | n_eval=8
[Gen  16 | FE= 228/ 300] p_err=0.218 | 指标=I_eps+ | score=2(极优) | Pw=[SDE=0.344 I+=0.344 MD=0.312] | Lp=1.60 | n_eval=8
[Gen  16 | FE= 228/ 300] p_err=0.179 | 指标=I_eps+ | score=2(极优) | Pw=[SDE=0.322 I+=0.339 MD=0.339] | Lp=1.60 | n_eval=8
[Gen  16 | FE= 228/ 300] p_err=0.092 | 指标=MD     | score=2(极优) | Pw=[SDE=0.333 I+=0.333 MD=0.333] | Lp=0.66 | n_eval=8
[Gen  16 | FE= 228/ 300] p_err=0.323 | 指标=SDE    | score=2(极优) | Pw=[SDE=0.344 I+=0.344 MD=0.312] | Lp=0.36 | n_eval=8
[Gen  16 | FE= 228/ 300] p_err=0.192 | 指标=I_eps+ | score=2(极优) | Pw=[SDE=0.328 I+=0.325 MD=0.347] | Lp=6.50 | n_eval=8
[Gen  16 | FE= 228/ 300] p_err=0.245 | 指标=I_eps+ | score=2(极优) | Pw=[SDE=0.340 I+=0.340 MD=0.321] | Lp=2.00 | n_eval=8
[Gen  16 | FE= 228/ 300] p_err=0.199 | 指标=MD     | score=2(极优) | Pw=[SDE=0.333 I+=0.333 MD=0.333] | Lp=0.27 | n_eval=8
[Gen  17 | FE= 236/ 300] p_err=0.126 | 指标=MD     | score=1(中  ) | Pw=[SDE=0.350 I+=0.350 MD=0.301] | Lp=0.27 | n_eval=8
[Gen  17 | FE= 236/ 300] p_err=0.286 | 指标=I_eps+ | score=2(极优) | Pw=[SDE=0.345 I+=0.345 MD=0.310] | Lp=1.60 | n_eval=8
[Gen  17 | FE= 236/ 300] p_err=0.183 | 指标=I_eps+ | score=2(极优) | Pw=[SDE=0.321 I+=0.340 MD=0.340] | Lp=0.75 | n_eval=8
[Gen  17 | FE= 236/ 300] p_err=0.193 | 指标=I_eps+ | score=2(极优) | Pw=[SDE=0.333 I+=0.333 MD=0.333] | Lp=0.57 | n_eval=8
[Gen  17 | FE= 236/ 300] p_err=0.126 | 指标=MD     | score=2(极优) | Pw=[SDE=0.327 I+=0.324 MD=0.349] | Lp=1.60 | n_eval=8
[Gen  17 | FE= 236/ 300] p_err=0.071 | 指标=MD     | score=1(中  ) | Pw=[SDE=0.349 I+=0.349 MD=0.302] | Lp=0.50 | n_eval=8
[Gen  18 | FE= 244/ 300] p_err=0.198 | 指标=MD     | score=1(中  ) | Pw=[SDE=0.357 I+=0.357 MD=0.286] | Lp=0.43 | n_eval=8
[Gen  17 | FE= 236/ 300] p_err=0.296 | 指标=I_eps+ | score=1(中  ) | Pw=[SDE=0.348 I+=0.326 MD=0.326] | Lp=2.00 | n_eval=8
[Gen  17 | FE= 236/ 300] p_err=0.445 | 指标=SDE    | score=2(极优) | Pw=[SDE=0.333 I+=0.333 MD=0.333] | Lp=0.27 | n_eval=8
[Gen  18 | FE= 244/ 300] p_err=0.127 | 指标=MD     | score=2(极优) | Pw=[SDE=0.345 I+=0.345 MD=0.310] | Lp=0.86 | n_eval=8
[Gen  18 | FE= 244/ 300] p_err=0.099 | 指标=MD     | score=2(极优) | Pw=[SDE=0.319 I+=0.340 MD=0.340] | Lp=6.50 | n_eval=8
[Gen  18 | FE= 244/ 300] p_err=0.064 | 指标=MD     | score=1(中  ) | Pw=[SDE=0.341 I+=0.341 MD=0.317] | Lp=2.40 | n_eval=8
[Gen  18 | FE= 244/ 300] p_err=0.062 | 指标=MD     | score=2(极优) | Pw=[SDE=0.326 I+=0.322 MD=0.351] | Lp=2.40 | n_eval=8
[Gen  19 | FE= 252/ 300] p_err=0.094 | 指标=MD     | score=1(中  ) | Pw=[SDE=0.365 I+=0.365 MD=0.270] | Lp=0.43 | n_eval=8
[Gen  18 | FE= 244/ 300] p_err=0.378 | 指标=SDE    | score=2(极优) | Pw=[SDE=0.351 I+=0.351 MD=0.298] | Lp=0.50 | n_eval=8
[Gen  18 | FE= 244/ 300] p_err=0.114 | 指标=MD     | score=2(极优) | Pw=[SDE=0.333 I+=0.333 MD=0.333] | Lp=0.75 | n_eval=8
[Gen  18 | FE= 244/ 300] p_err=0.429 | 指标=SDE    | score=1(中  ) | Pw=[SDE=0.338 I+=0.331 MD=0.331] | Lp=2.00 | n_eval=8
[Gen  19 | FE= 252/ 300] p_err=0.250 | 指标=I_eps+ | score=2(极优) | Pw=[SDE=0.346 I+=0.346 MD=0.308] | Lp=1.00 | n_eval=8
[Gen  19 | FE= 252/ 300] p_err=0.145 | 指标=MD     | score=2(极优) | Pw=[SDE=0.317 I+=0.341 MD=0.341] | Lp=4.20 | n_eval=8
[Gen  19 | FE= 252/ 300] p_err=0.206 | 指标=I_eps+ | score=2(极优) | Pw=[SDE=0.343 I+=0.343 MD=0.314] | Lp=0.66 | n_eval=8
[Gen  19 | FE= 252/ 300] p_err=0.373 | 指标=SDE    | score=2(极优) | Pw=[SDE=0.328 I+=0.318 MD=0.354] | Lp=0.27 | n_eval=8
[Gen  20 | FE= 260/ 300] p_err=0.134 | 指标=I_eps+ | score=2(极优) | Pw=[SDE=0.368 I+=0.373 MD=0.258] | Lp=0.43 | n_eval=8
[Gen  19 | FE= 252/ 300] p_err=0.359 | 指标=SDE    | score=2(极优) | Pw=[SDE=0.353 I+=0.353 MD=0.294] | Lp=0.50 | n_eval=8
[Gen  19 | FE= 252/ 300] p_err=0.434 | 指标=SDE    | score=2(极优) | Pw=[SDE=0.333 I+=0.333 MD=0.333] | Lp=0.43 | n_eval=8
[Gen  20 | FE= 260/ 300] p_err=0.328 | 指标=I_eps+ | score=2(极优) | Pw=[SDE=0.348 I+=0.348 MD=0.304] | Lp=0.86 | n_eval=8
[Gen  20 | FE= 260/ 300] p_err=0.132 | 指标=MD     | score=1(中  ) | Pw=[SDE=0.320 I+=0.350 MD=0.330] | Lp=3.10 | n_eval=8
[Gen  19 | FE= 252/ 300] p_err=0.380 | 指标=SDE    | score=2(极优) | Pw=[SDE=0.341 I+=0.329 MD=0.329] | Lp=2.00 | n_eval=8
[Gen  20 | FE= 260/ 300] p_err=0.264 | 指标=SDE    | score=2(极优) | Pw=[SDE=0.345 I+=0.345 MD=0.310] | Lp=0.75 | n_eval=8
[Gen  21 | FE= 268/ 300] p_err=0.189 | 指标=I_eps+ | score=2(极优) | Pw=[SDE=0.368 I+=0.373 MD=0.258] | Lp=0.36 | n_eval=8
[Gen  20 | FE= 260/ 300] p_err=0.400 | 指标=SDE    | score=2(极优) | Pw=[SDE=0.331 I+=0.312 MD=0.357] | Lp=0.27 | n_eval=8
[Gen  20 | FE= 260/ 300] p_err=0.294 | 指标=I_eps+ | score=2(极优) | Pw=[SDE=0.356 I+=0.356 MD=0.289] | Lp=0.43 | n_eval=8
[Gen  20 | FE= 260/ 300] p_err=0.483 | 指标=SDE    | score=2(极优) | Pw=[SDE=0.333 I+=0.333 MD=0.333] | Lp=0.50 | n_eval=8
[Gen  21 | FE= 268/ 300] p_err=0.255 | 指标=I_eps+ | score=2(极优) | Pw=[SDE=0.348 I+=0.348 MD=0.304] | Lp=1.60 | n_eval=8
[Gen  21 | FE= 268/ 300] p_err=0.142 | 指标=I_eps+ | score=2(极优) | Pw=[SDE=0.316 I+=0.352 MD=0.332] | Lp=1.00 | n_eval=8
[Gen  20 | FE= 260/ 300] p_err=0.280 | 指标=I_eps+ | score=2(极优) | Pw=[SDE=0.342 I+=0.332 MD=0.326] | Lp=0.36 | n_eval=8
[Gen  21 | FE= 268/ 300] p_err=0.263 | 指标=I_eps+ | score=2(极优) | Pw=[SDE=0.345 I+=0.345 MD=0.310] | Lp=0.57 | n_eval=8
[Gen  22 | FE= 276/ 300] p_err=0.152 | 指标=I_eps+ | score=2(极优) | Pw=[SDE=0.363 I+=0.378 MD=0.259] | Lp=0.36 | n_eval=8
[Gen  21 | FE= 268/ 300] p_err=0.444 | 指标=SDE    | score=2(极优) | Pw=[SDE=0.338 I+=0.301 MD=0.361] | Lp=0.43 | n_eval=8
[Gen  21 | FE= 268/ 300] p_err=0.228 | 指标=I_eps+ | score=2(极优) | Pw=[SDE=0.359 I+=0.359 MD=0.282] | Lp=0.43 | n_eval=8
[Gen  21 | FE= 268/ 300] p_err=0.491 | 指标=SDE    | score=2(极优) | Pw=[SDE=0.333 I+=0.333 MD=0.333] | Lp=0.66 | n_eval=8
[Gen  22 | FE= 276/ 300] p_err=0.119 | 指标=MD     | score=2(极优) | Pw=[SDE=0.348 I+=0.348 MD=0.304] | Lp=1.00 | n_eval=8
[Gen  22 | FE= 276/ 300] p_err=0.154 | 指标=I_eps+ | score=2(极优) | Pw=[SDE=0.316 I+=0.352 MD=0.332] | Lp=1.00 | n_eval=8
[Gen  22 | FE= 276/ 300] p_err=0.110 | 指标=MD     | score=2(极优) | Pw=[SDE=0.345 I+=0.345 MD=0.310] | Lp=0.27 | n_eval=8
[Gen  21 | FE= 268/ 300] p_err=0.174 | 指标=I_eps+ | score=2(极优) | Pw=[SDE=0.344 I+=0.338 MD=0.318] | Lp=0.36 | n_eval=8
[Gen  23 | FE= 284/ 300] p_err=0.161 | 指标=I_eps+ | score=2(极优) | Pw=[SDE=0.355 I+=0.384 MD=0.261] | Lp=0.36 | n_eval=8
[Gen  22 | FE= 276/ 300] p_err=0.067 | 指标=MD     | score=2(极优) | Pw=[SDE=0.338 I+=0.301 MD=0.361] | Lp=2.00 | n_eval=8
[Gen  22 | FE= 276/ 300] p_err=0.477 | 指标=SDE    | score=2(极优) | Pw=[SDE=0.333 I+=0.333 MD=0.333] | Lp=0.66 | n_eval=8
[Gen  22 | FE= 276/ 300] p_err=0.388 | 指标=SDE    | score=2(极优) | Pw=[SDE=0.364 I+=0.364 MD=0.273] | Lp=1.00 | n_eval=8
[Gen  23 | FE= 284/ 300] p_err=0.069 | 指标=MD     | score=2(极优) | Pw=[SDE=0.346 I+=0.346 MD=0.308] | Lp=2.00 | n_eval=8
[Gen  23 | FE= 284/ 300] p_err=0.166 | 指标=I_eps+ | score=2(极优) | Pw=[SDE=0.317 I+=0.352 MD=0.330] | Lp=0.36 | n_eval=8
[Gen  23 | FE= 284/ 300] p_err=0.171 | 指标=I_eps+ | score=2(极优) | Pw=[SDE=0.345 I+=0.345 MD=0.310] | Lp=0.75 | n_eval=8
[Gen  22 | FE= 276/ 300] p_err=0.065 | 指标=MD     | score=2(极优) | Pw=[SDE=0.339 I+=0.336 MD=0.325] | Lp=0.43 | n_eval=8
[Gen  23 | FE= 284/ 300] p_err=0.542 | 指标=SDE    | score=2(极优) | Pw=[SDE=0.338 I+=0.301 MD=0.361] | Lp=0.27 | n_eval=8
[Gen  24 | FE= 292/ 300] p_err=0.409 | 指标=SDE    | score=2(极优) | Pw=[SDE=0.371 I+=0.389 MD=0.240] | Lp=0.43 | n_eval=8
[Gen  23 | FE= 284/ 300] p_err=0.278 | 指标=I_eps+ | score=2(极优) | Pw=[SDE=0.333 I+=0.333 MD=0.333] | Lp=0.50 | n_eval=8
[Gen  23 | FE= 284/ 300] p_err=0.033 | 指标=MD     | score=2(极优) | Pw=[SDE=0.364 I+=0.364 MD=0.273] | Lp=1.15 | n_eval=8
[Gen  24 | FE= 292/ 300] p_err=0.199 | 指标=I_eps+ | score=1(中  ) | Pw=[SDE=0.318 I+=0.341 MD=0.341] | Lp=6.50 | n_eval=8
[Gen  24 | FE= 292/ 300] p_err=0.384 | 指标=I_eps+ | score=2(极优) | Pw=[SDE=0.348 I+=0.348 MD=0.304] | Lp=2.00 | n_eval=8
[Gen  24 | FE= 292/ 300] p_err=0.398 | 指标=SDE    | score=2(极优) | Pw=[SDE=0.348 I+=0.348 MD=0.304] | Lp=3.10 | n_eval=8
[Gen  23 | FE= 284/ 300] p_err=0.454 | 指标=SDE    | score=2(极优) | Pw=[SDE=0.339 I+=0.336 MD=0.325] | Lp=0.27 | n_eval=8
[Gen  25 | FE= 300/ 300] p_err=0.448 | 指标=MD     | score=2(极优) | Pw=[SDE=0.355 I+=0.384 MD=0.261] | Lp=0.27 | n_eval=8
[Gen  24 | FE= 292/ 300] p_err=0.486 | 指标=SDE    | score=2(极优) | Pw=[SDE=0.340 I+=0.300 MD=0.360] | Lp=2.00 | n_eval=8
[Gen  24 | FE= 292/ 300] p_err=0.294 | 指标=I_eps+ | score=2(极优) | Pw=[SDE=0.364 I+=0.364 MD=0.273] | Lp=1.35 | n_eval=8
[Gen  24 | FE= 292/ 300] p_err=0.164 | 指标=I_eps+ | score=2(极优) | Pw=[SDE=0.333 I+=0.333 MD=0.333] | Lp=0.43 | n_eval=8
[Gen  25 | FE= 300/ 300] p_err=0.494 | 指标=SDE    | score=2(极优) | Pw=[SDE=0.348 I+=0.348 MD=0.304] | Lp=0.75 | n_eval=8
[Gen  25 | FE= 300/ 300] p_err=0.361 | 指标=SDE    | score=2(极优) | Pw=[SDE=0.325 I+=0.336 MD=0.339] | Lp=6.50 | n_eval=8
[Gen  25 | FE= 300/ 300] p_err=0.199 | 指标=I_eps+ | score=2(极优) | Pw=[SDE=0.348 I+=0.348 MD=0.304] | Lp=0.86 | n_eval=8
[Gen  24 | FE= 292/ 300] p_err=0.502 | 指标=SDE    | score=2(极优) | Pw=[SDE=0.339 I+=0.336 MD=0.325] | Lp=0.27 | n_eval=8
[Gen   1 | FE= 108/ 300] p_err=0.270 | 指标=MD     | score=2(极优) | Pw=[SDE=0.333 I+=0.333 MD=0.333] | Lp=6.50 | n_eval=8
[Gen  25 | FE= 300/ 300] p_err=0.502 | 指标=SDE    | score=2(极优) | Pw=[SDE=0.341 I+=0.299 MD=0.359] | Lp=2.40 | n_eval=8
[Gen  25 | FE= 300/ 300] p_err=0.426 | 指标=SDE    | score=2(极优) | Pw=[SDE=0.370 I+=0.370 MD=0.259] | Lp=1.35 | n_eval=8
[Gen  25 | FE= 300/ 300] p_err=0.341 | 指标=I_eps+ | score=2(极优) | Pw=[SDE=0.333 I+=0.333 MD=0.333] | Lp=0.43 | n_eval=8
[Gen   1 | FE= 108/ 300] p_err=0.178 | 指标=SDE    | score=2(极优) | Pw=[SDE=0.333 I+=0.333 MD=0.333] | Lp=6.50 | n_eval=8
[Gen   1 | FE= 108/ 300] p_err=0.163 | 指标=SDE    | score=2(极优) | Pw=[SDE=0.333 I+=0.333 MD=0.333] | Lp=6.50 | n_eval=8
[Gen  25 | FE= 300/ 300] p_err=0.311 | 指标=I_eps+ | score=2(极优) | Pw=[SDE=0.336 I+=0.339 MD=0.325] | Lp=0.86 | n_eval=8
[Gen   1 | FE= 108/ 300] p_err=0.117 | 指标=I_eps+ | score=2(极优) | Pw=[SDE=0.333 I+=0.333 MD=0.333] | Lp=6.50 | n_eval=8
[Gen   2 | FE= 116/ 300] p_err=0.142 | 指标=SDE    | score=2(极优) | Pw=[SDE=0.333 I+=0.333 MD=0.333] | Lp=6.50 | n_eval=8
[Gen   1 | FE= 108/ 300] p_err=0.125 | 指标=I_eps+ | score=2(极优) | Pw=[SDE=0.333 I+=0.333 MD=0.333] | Lp=6.50 | n_eval=8
[Gen   1 | FE= 108/ 300] p_err=0.160 | 指标=MD     | score=2(极优) | Pw=[SDE=0.333 I+=0.333 MD=0.333] | Lp=6.50 | n_eval=8
[Gen   1 | FE= 108/ 300] p_err=0.148 | 指标=MD     | score=2(极优) | Pw=[SDE=0.333 I+=0.333 MD=0.333] | Lp=6.50 | n_eval=8
[Gen   2 | FE= 116/ 300] p_err=0.148 | 指标=I_eps+ | score=2(极优) | Pw=[SDE=0.333 I+=0.333 MD=0.333] | Lp=2.40 | n_eval=8
[Gen   2 | FE= 116/ 300] p_err=0.151 | 指标=I_eps+ | score=2(极优) | Pw=[SDE=0.333 I+=0.333 MD=0.333] | Lp=6.50 | n_eval=8
[Gen   2 | FE= 116/ 300] p_err=0.150 | 指标=I_eps+ | score=2(极优) | Pw=[SDE=0.333 I+=0.333 MD=0.333] | Lp=6.50 | n_eval=8
[Gen   3 | FE= 124/ 300] p_err=0.155 | 指标=MD     | score=1(中  ) | Pw=[SDE=0.336 I+=0.336 MD=0.327] | Lp=6.50 | n_eval=8
[Gen   2 | FE= 116/ 300] p_err=0.100 | 指标=I_eps+ | score=2(极优) | Pw=[SDE=0.333 I+=0.333 MD=0.333] | Lp=6.50 | n_eval=8
[Gen   2 | FE= 116/ 300] p_err=0.125 | 指标=I_eps+ | score=2(极优) | Pw=[SDE=0.333 I+=0.333 MD=0.333] | Lp=6.50 | n_eval=8
[Gen   2 | FE= 116/ 300] p_err=0.152 | 指标=I_eps+ | score=2(极优) | Pw=[SDE=0.333 I+=0.333 MD=0.333] | Lp=6.50 | n_eval=8
[Gen   3 | FE= 124/ 300] p_err=0.145 | 指标=MD     | score=2(极优) | Pw=[SDE=0.333 I+=0.333 MD=0.333] | Lp=6.50 | n_eval=8
[Gen   3 | FE= 124/ 300] p_err=0.174 | 指标=I_eps+ | score=2(极优) | Pw=[SDE=0.333 I+=0.333 MD=0.333] | Lp=3.10 | n_eval=8
[Gen   3 | FE= 124/ 300] p_err=0.222 | 指标=MD     | score=2(极优) | Pw=[SDE=0.333 I+=0.333 MD=0.333] | Lp=6.50 | n_eval=8
[Gen   4 | FE= 132/ 300] p_err=0.155 | 指标=I_eps+ | score=2(极优) | Pw=[SDE=0.336 I+=0.336 MD=0.327] | Lp=6.50 | n_eval=8
[Gen   3 | FE= 124/ 300] p_err=0.164 | 指标=MD     | score=2(极优) | Pw=[SDE=0.333 I+=0.333 MD=0.333] | Lp=6.50 | n_eval=8
[Gen   3 | FE= 124/ 300] p_err=0.120 | 指标=SDE    | score=2(极优) | Pw=[SDE=0.333 I+=0.333 MD=0.333] | Lp=6.50 | n_eval=8
[Gen   3 | FE= 124/ 300] p_err=0.172 | 指标=SDE    | score=1(中  ) | Pw=[SDE=0.327 I+=0.336 MD=0.336] | Lp=6.50 | n_eval=8
[Gen   4 | FE= 132/ 300] p_err=0.121 | 指标=SDE    | score=2(极优) | Pw=[SDE=0.333 I+=0.333 MD=0.333] | Lp=6.50 | n_eval=8
[Gen   4 | FE= 132/ 300] p_err=0.119 | 指标=I_eps+ | score=2(极优) | Pw=[SDE=0.333 I+=0.333 MD=0.333] | Lp=3.10 | n_eval=8
[Gen   4 | FE= 132/ 300] p_err=0.244 | 指标=SDE    | score=2(极优) | Pw=[SDE=0.333 I+=0.333 MD=0.333] | Lp=6.50 | n_eval=8
[Gen   5 | FE= 140/ 300] p_err=0.122 | 指标=I_eps+ | score=2(极优) | Pw=[SDE=0.337 I+=0.337 MD=0.327] | Lp=6.50 | n_eval=8
[Gen   4 | FE= 132/ 300] p_err=0.165 | 指标=MD     | score=2(极优) | Pw=[SDE=0.333 I+=0.333 MD=0.333] | Lp=6.50 | n_eval=8
[Gen   4 | FE= 132/ 300] p_err=0.111 | 指标=MD     | score=2(极优) | Pw=[SDE=0.333 I+=0.333 MD=0.333] | Lp=6.50 | n_eval=8
[Gen   4 | FE= 132/ 300] p_err=0.257 | 指标=I_eps+ | score=2(极优) | Pw=[SDE=0.327 I+=0.337 MD=0.337] | Lp=6.50 | n_eval=8
[Gen   5 | FE= 140/ 300] p_err=0.172 | 指标=I_eps+ | score=2(极优) | Pw=[SDE=0.333 I+=0.333 MD=0.333] | Lp=6.50 | n_eval=8
[Gen   5 | FE= 140/ 300] p_err=0.125 | 指标=SDE    | score=2(极优) | Pw=[SDE=0.333 I+=0.333 MD=0.333] | Lp=0.36 | n_eval=8
[Gen   5 | FE= 140/ 300] p_err=0.160 | 指标=I_eps+ | score=2(极优) | Pw=[SDE=0.333 I+=0.333 MD=0.333] | Lp=6.50 | n_eval=8
[Gen   6 | FE= 148/ 300] p_err=0.121 | 指标=MD     | score=2(极优) | Pw=[SDE=0.337 I+=0.337 MD=0.327] | Lp=6.50 | n_eval=8
[Gen   5 | FE= 140/ 300] p_err=0.153 | 指标=I_eps+ | score=2(极优) | Pw=[SDE=0.333 I+=0.333 MD=0.333] | Lp=0.27 | n_eval=8
[Gen   5 | FE= 140/ 300] p_err=0.155 | 指标=MD     | score=2(极优) | Pw=[SDE=0.326 I+=0.337 MD=0.337] | Lp=6.50 | n_eval=8
[Gen   5 | FE= 140/ 300] p_err=0.177 | 指标=SDE    | score=2(极优) | Pw=[SDE=0.333 I+=0.333 MD=0.333] | Lp=6.50 | n_eval=8
[Gen   6 | FE= 148/ 300] p_err=0.216 | 指标=I_eps+ | score=2(极优) | Pw=[SDE=0.333 I+=0.333 MD=0.333] | Lp=6.50 | n_eval=8
[Gen   6 | FE= 148/ 300] p_err=0.070 | 指标=MD     | score=2(极优) | Pw=[SDE=0.333 I+=0.333 MD=0.333] | Lp=0.27 | n_eval=8
[Gen   6 | FE= 148/ 300] p_err=0.221 | 指标=SDE    | score=2(极优) | Pw=[SDE=0.333 I+=0.333 MD=0.333] | Lp=6.50 | n_eval=8
[Gen   7 | FE= 156/ 300] p_err=0.188 | 指标=I_eps+ | score=2(极优) | Pw=[SDE=0.337 I+=0.337 MD=0.326] | Lp=0.27 | n_eval=8
[Gen   6 | FE= 148/ 300] p_err=0.067 | 指标=MD     | score=2(极优) | Pw=[SDE=0.326 I+=0.337 MD=0.337] | Lp=0.86 | n_eval=8
[Gen   6 | FE= 148/ 300] p_err=0.178 | 指标=I_eps+ | score=2(极优) | Pw=[SDE=0.333 I+=0.333 MD=0.333] | Lp=0.27 | n_eval=8
[Gen   6 | FE= 148/ 300] p_err=0.135 | 指标=SDE    | score=2(极优) | Pw=[SDE=0.333 I+=0.333 MD=0.333] | Lp=6.50 | n_eval=8
[Gen   7 | FE= 156/ 300] p_err=0.098 | 指标=MD     | score=2(极优) | Pw=[SDE=0.333 I+=0.333 MD=0.333] | Lp=4.20 | n_eval=8
[Gen   7 | FE= 156/ 300] p_err=0.226 | 指标=SDE    | score=2(极优) | Pw=[SDE=0.333 I+=0.333 MD=0.333] | Lp=0.27 | n_eval=8
[Gen   7 | FE= 156/ 300] p_err=0.140 | 指标=MD     | score=2(极优) | Pw=[SDE=0.333 I+=0.333 MD=0.333] | Lp=6.50 | n_eval=8
[Gen   8 | FE= 164/ 300] p_err=0.151 | 指标=I_eps+ | score=2(极优) | Pw=[SDE=0.337 I+=0.337 MD=0.326] | Lp=0.36 | n_eval=8
[Gen   7 | FE= 156/ 300] p_err=0.152 | 指标=I_eps+ | score=2(极优) | Pw=[SDE=0.333 I+=0.333 MD=0.333] | Lp=2.00 | n_eval=8
[Gen   7 | FE= 156/ 300] p_err=0.166 | 指标=I_eps+ | score=2(极优) | Pw=[SDE=0.325 I+=0.337 MD=0.337] | Lp=0.66 | n_eval=8
[Gen   7 | FE= 156/ 300] p_err=0.157 | 指标=I_eps+ | score=2(极优) | Pw=[SDE=0.333 I+=0.333 MD=0.333] | Lp=0.27 | n_eval=8
[Gen   8 | FE= 164/ 300] p_err=0.108 | 指标=MD     | score=2(极优) | Pw=[SDE=0.333 I+=0.333 MD=0.333] | Lp=6.50 | n_eval=8
[Gen   8 | FE= 164/ 300] p_err=0.099 | 指标=MD     | score=1(中  ) | Pw=[SDE=0.337 I+=0.337 MD=0.325] | Lp=0.27 | n_eval=8
[Gen   8 | FE= 164/ 300] p_err=0.166 | 指标=I_eps+ | score=1(中  ) | Pw=[SDE=0.337 I+=0.326 MD=0.337] | Lp=6.50 | n_eval=8
[Gen   9 | FE= 172/ 300] p_err=0.126 | 指标=MD     | score=1(中  ) | Pw=[SDE=0.341 I+=0.341 MD=0.318] | Lp=0.27 | n_eval=8
[Gen   8 | FE= 164/ 300] p_err=0.190 | 指标=SDE    | score=2(极优) | Pw=[SDE=0.333 I+=0.333 MD=0.333] | Lp=0.75 | n_eval=8
[Gen   8 | FE= 164/ 300] p_err=0.201 | 指标=SDE    | score=2(极优) | Pw=[SDE=0.325 I+=0.337 MD=0.337] | Lp=2.40 | n_eval=8
[Gen   8 | FE= 164/ 300] p_err=0.208 | 指标=SDE    | score=1(中  ) | Pw=[SDE=0.325 I+=0.338 MD=0.338] | Lp=0.27 | n_eval=8
[Gen   9 | FE= 172/ 300] p_err=0.276 | 指标=SDE    | score=2(极优) | Pw=[SDE=0.333 I+=0.333 MD=0.333] | Lp=0.27 | n_eval=8
[Gen   9 | FE= 172/ 300] p_err=0.202 | 指标=I_eps+ | score=2(极优) | Pw=[SDE=0.338 I+=0.338 MD=0.325] | Lp=0.27 | n_eval=8
[Gen  10 | FE= 180/ 300] p_err=0.137 | 指标=SDE    | score=2(极优) | Pw=[SDE=0.341 I+=0.341 MD=0.317] | Lp=2.40 | n_eval=8
[Gen   9 | FE= 172/ 300] p_err=0.192 | 指标=SDE    | score=2(极优) | Pw=[SDE=0.337 I+=0.326 MD=0.337] | Lp=6.50 | n_eval=8
[Gen   9 | FE= 172/ 300] p_err=0.165 | 指标=I_eps+ | score=2(极优) | Pw=[SDE=0.333 I+=0.333 MD=0.333] | Lp=1.60 | n_eval=8
[Gen   9 | FE= 172/ 300] p_err=0.099 | 指标=MD     | score=2(极优) | Pw=[SDE=0.324 I+=0.338 MD=0.338] | Lp=0.27 | n_eval=8
[Gen   9 | FE= 172/ 300] p_err=0.175 | 指标=I_eps+ | score=2(极优) | Pw=[SDE=0.325 I+=0.338 MD=0.338] | Lp=3.10 | n_eval=8
[Gen  10 | FE= 180/ 300] p_err=0.303 | 指标=SDE    | score=2(极优) | Pw=[SDE=0.338 I+=0.338 MD=0.324] | Lp=0.36 | n_eval=8
[Gen  10 | FE= 180/ 300] p_err=0.273 | 指标=SDE    | score=2(极优) | Pw=[SDE=0.333 I+=0.333 MD=0.333] | Lp=6.50 | n_eval=8
[Gen  11 | FE= 188/ 300] p_err=0.180 | 指标=SDE    | score=2(极优) | Pw=[SDE=0.342 I+=0.342 MD=0.316] | Lp=6.50 | n_eval=8
[Gen  10 | FE= 180/ 300] p_err=0.104 | 指标=MD     | score=2(极优) | Pw=[SDE=0.337 I+=0.325 MD=0.337] | Lp=6.50 | n_eval=8
[Gen  10 | FE= 180/ 300] p_err=0.212 | 指标=I_eps+ | score=2(极优) | Pw=[SDE=0.323 I+=0.338 MD=0.338] | Lp=0.27 | n_eval=8
[Gen  10 | FE= 180/ 300] p_err=0.271 | 指标=SDE    | score=2(极优) | Pw=[SDE=0.333 I+=0.333 MD=0.333] | Lp=2.00 | n_eval=8
[Gen  10 | FE= 180/ 300] p_err=0.337 | 指标=SDE    | score=1(中  ) | Pw=[SDE=0.316 I+=0.342 MD=0.342] | Lp=3.10 | n_eval=8
[Gen  11 | FE= 188/ 300] p_err=0.198 | 指标=I_eps+ | score=2(极优) | Pw=[SDE=0.338 I+=0.338 MD=0.323] | Lp=0.43 | n_eval=8
[Gen  11 | FE= 188/ 300] p_err=0.352 | 指标=SDE    | score=2(极优) | Pw=[SDE=0.333 I+=0.333 MD=0.333] | Lp=4.20 | n_eval=8
[Gen  12 | FE= 196/ 300] p_err=0.235 | 指标=I_eps+ | score=2(极优) | Pw=[SDE=0.343 I+=0.343 MD=0.314] | Lp=6.50 | n_eval=8
[Gen  11 | FE= 188/ 300] p_err=0.210 | 指标=I_eps+ | score=2(极优) | Pw=[SDE=0.337 I+=0.325 MD=0.337] | Lp=0.27 | n_eval=8
[Gen  11 | FE= 188/ 300] p_err=0.111 | 指标=MD     | score=1(中  ) | Pw=[SDE=0.326 I+=0.343 MD=0.331] | Lp=0.27 | n_eval=8
[Gen  11 | FE= 188/ 300] p_err=0.176 | 指标=I_eps+ | score=2(极优) | Pw=[SDE=0.333 I+=0.333 MD=0.333] | Lp=2.40 | n_eval=8
[Gen  12 | FE= 196/ 300] p_err=0.044 | 指标=MD     | score=1(中  ) | Pw=[SDE=0.344 I+=0.344 MD=0.312] | Lp=0.66 | n_eval=8
[Gen  11 | FE= 188/ 300] p_err=0.047 | 指标=MD     | score=1(中  ) | Pw=[SDE=0.319 I+=0.348 MD=0.333] | Lp=3.10 | n_eval=8
[Gen  13 | FE= 204/ 300] p_err=0.143 | 指标=MD     | score=2(极优) | Pw=[SDE=0.343 I+=0.343 MD=0.314] | Lp=6.50 | n_eval=8
[Gen  12 | FE= 196/ 300] p_err=0.345 | 指标=SDE    | score=2(极优) | Pw=[SDE=0.333 I+=0.333 MD=0.333] | Lp=3.10 | n_eval=8
[Gen  12 | FE= 196/ 300] p_err=0.192 | 指标=I_eps+ | score=2(极优) | Pw=[SDE=0.337 I+=0.325 MD=0.337] | Lp=0.27 | n_eval=8
[Gen  12 | FE= 196/ 300] p_err=0.235 | 指标=SDE    | score=2(极优) | Pw=[SDE=0.326 I+=0.343 MD=0.330] | Lp=2.00 | n_eval=8
[Gen  12 | FE= 196/ 300] p_err=0.353 | 指标=SDE    | score=2(极优) | Pw=[SDE=0.333 I+=0.333 MD=0.333] | Lp=3.10 | n_eval=8
[Gen  13 | FE= 204/ 300] p_err=0.087 | 指标=MD     | score=2(极优) | Pw=[SDE=0.344 I+=0.344 MD=0.312] | Lp=0.50 | n_eval=8
[Gen  14 | FE= 212/ 300] p_err=0.150 | 指标=MD     | score=2(极优) | Pw=[SDE=0.343 I+=0.343 MD=0.314] | Lp=6.50 | n_eval=8
[Gen  12 | FE= 196/ 300] p_err=0.225 | 指标=I_eps+ | score=2(极优) | Pw=[SDE=0.317 I+=0.349 MD=0.333] | Lp=2.40 | n_eval=8
[Gen  13 | FE= 204/ 300] p_err=0.334 | 指标=SDE    | score=2(极优) | Pw=[SDE=0.333 I+=0.333 MD=0.333] | Lp=2.40 | n_eval=8
[Gen  13 | FE= 204/ 300] p_err=0.188 | 指标=I_eps+ | score=1(中  ) | Pw=[SDE=0.341 I+=0.317 MD=0.341] | Lp=0.27 | n_eval=8
[Gen  13 | FE= 204/ 300] p_err=0.078 | 指标=MD     | score=2(极优) | Pw=[SDE=0.333 I+=0.333 MD=0.333] | Lp=3.10 | n_eval=8
[Gen  13 | FE= 204/ 300] p_err=0.209 | 指标=I_eps+ | score=2(极优) | Pw=[SDE=0.325 I+=0.344 MD=0.330] | Lp=2.40 | n_eval=8
[Gen  14 | FE= 212/ 300] p_err=0.042 | 指标=MD     | score=2(极优) | Pw=[SDE=0.344 I+=0.344 MD=0.312] | Lp=0.27 | n_eval=8
[Gen  15 | FE= 220/ 300] p_err=0.307 | 指标=SDE    | score=2(极优) | Pw=[SDE=0.344 I+=0.344 MD=0.312] | Lp=0.57 | n_eval=8
[Gen  13 | FE= 204/ 300] p_err=0.208 | 指标=I_eps+ | score=2(极优) | Pw=[SDE=0.316 I+=0.351 MD=0.333] | Lp=2.40 | n_eval=8
[Gen  14 | FE= 212/ 300] p_err=0.319 | 指标=SDE    | score=2(极优) | Pw=[SDE=0.333 I+=0.333 MD=0.333] | Lp=0.27 | n_eval=8
[Gen  14 | FE= 212/ 300] p_err=0.197 | 指标=MD     | score=2(极优) | Pw=[SDE=0.333 I+=0.333 MD=0.333] | Lp=0.27 | n_eval=8
[Gen  14 | FE= 212/ 300] p_err=0.251 | 指标=I_eps+ | score=2(极优) | Pw=[SDE=0.341 I+=0.317 MD=0.341] | Lp=6.50 | n_eval=8
[Gen  15 | FE= 220/ 300] p_err=0.100 | 指标=MD     | score=2(极优) | Pw=[SDE=0.344 I+=0.344 MD=0.312] | Lp=0.43 | n_eval=8
[Gen  14 | FE= 212/ 300] p_err=0.217 | 指标=I_eps+ | score=2(极优) | Pw=[SDE=0.324 I+=0.346 MD=0.330] | Lp=0.86 | n_eval=8
[Gen  16 | FE= 228/ 300] p_err=0.214 | 指标=I_eps+ | score=2(极优) | Pw=[SDE=0.345 I+=0.345 MD=0.310] | Lp=0.57 | n_eval=8
[Gen  14 | FE= 212/ 300] p_err=0.038 | 指标=MD     | score=2(极优) | Pw=[SDE=0.313 I+=0.352 MD=0.335] | Lp=2.40 | n_eval=8
[Gen  15 | FE= 220/ 300] p_err=0.342 | 指标=SDE    | score=2(极优) | Pw=[SDE=0.333 I+=0.333 MD=0.333] | Lp=0.36 | n_eval=8
[Gen  15 | FE= 220/ 300] p_err=0.498 | 指标=SDE    | score=2(极优) | Pw=[SDE=0.333 I+=0.333 MD=0.333] | Lp=4.20 | n_eval=8
[Gen  16 | FE= 228/ 300] p_err=0.236 | 指标=I_eps+ | score=2(极优) | Pw=[SDE=0.345 I+=0.345 MD=0.310] | Lp=1.35 | n_eval=8
[Gen  15 | FE= 220/ 300] p_err=0.366 | 指标=SDE    | score=2(极优) | Pw=[SDE=0.342 I+=0.316 MD=0.342] | Lp=6.50 | n_eval=8
[Gen  15 | FE= 220/ 300] p_err=0.196 | 指标=I_eps+ | score=2(极优) | Pw=[SDE=0.323 I+=0.347 MD=0.330] | Lp=4.20 | n_eval=8
[Gen  17 | FE= 236/ 300] p_err=0.360 | 指标=SDE    | score=1(中  ) | Pw=[SDE=0.332 I+=0.354 MD=0.314] | Lp=0.57 | n_eval=8
[Gen  15 | FE= 220/ 300] p_err=0.029 | 指标=MD     | score=2(极优) | Pw=[SDE=0.310 I+=0.354 MD=0.336] | Lp=2.40 | n_eval=8
[Gen  16 | FE= 228/ 300] p_err=0.087 | 指标=MD     | score=2(极优) | Pw=[SDE=0.333 I+=0.333 MD=0.333] | Lp=0.36 | n_eval=8
[Gen  16 | FE= 228/ 300] p_err=0.231 | 指标=I_eps+ | score=2(极优) | Pw=[SDE=0.333 I+=0.333 MD=0.333] | Lp=0.27 | n_eval=8
[Gen  17 | FE= 236/ 300] p_err=0.221 | 指标=I_eps+ | score=2(极优) | Pw=[SDE=0.346 I+=0.346 MD=0.308] | Lp=0.36 | n_eval=8
[Gen  16 | FE= 228/ 300] p_err=0.302 | 指标=SDE    | score=2(极优) | Pw=[SDE=0.343 I+=0.314 MD=0.343] | Lp=6.50 | n_eval=8
[Gen  16 | FE= 228/ 300] p_err=0.207 | 指标=I_eps+ | score=2(极优) | Pw=[SDE=0.320 I+=0.350 MD=0.330] | Lp=2.00 | n_eval=8
[Gen  18 | FE= 244/ 300] p_err=0.376 | 指标=SDE    | score=2(极优) | Pw=[SDE=0.333 I+=0.356 MD=0.311] | Lp=0.57 | n_eval=8
[Gen  16 | FE= 228/ 300] p_err=0.203 | 指标=I_eps+ | score=2(极优) | Pw=[SDE=0.306 I+=0.357 MD=0.337] | Lp=2.40 | n_eval=8
[Gen  17 | FE= 236/ 300] p_err=0.310 | 指标=SDE    | score=1(中  ) | Pw=[SDE=0.325 I+=0.338 MD=0.338] | Lp=0.36 | n_eval=8
[Gen  17 | FE= 236/ 300] p_err=0.318 | 指标=I_eps+ | score=2(极优) | Pw=[SDE=0.333 I+=0.333 MD=0.333] | Lp=0.27 | n_eval=8
[Gen  17 | FE= 236/ 300] p_err=0.165 | 指标=MD     | score=2(极优) | Pw=[SDE=0.316 I+=0.352 MD=0.332] | Lp=0.50 | n_eval=8
[Gen  18 | FE= 244/ 300] p_err=0.263 | 指标=SDE    | score=2(极优) | Pw=[SDE=0.348 I+=0.348 MD=0.304] | Lp=0.57 | n_eval=8
[Gen  17 | FE= 236/ 300] p_err=0.274 | 指标=SDE    | score=1(中  ) | Pw=[SDE=0.331 I+=0.319 MD=0.350] | Lp=6.50 | n_eval=8
[Gen  19 | FE= 252/ 300] p_err=0.138 | 指标=MD     | score=2(极优) | Pw=[SDE=0.331 I+=0.357 MD=0.312] | Lp=0.57 | n_eval=8
[Gen  17 | FE= 236/ 300] p_err=0.350 | 指标=SDE    | score=2(极优) | Pw=[SDE=0.307 I+=0.358 MD=0.335] | Lp=1.35 | n_eval=8
[Gen  18 | FE= 244/ 300] p_err=0.094 | 指标=MD     | score=2(极优) | Pw=[SDE=0.324 I+=0.338 MD=0.338] | Lp=0.36 | n_eval=8
[Gen  18 | FE= 244/ 300] p_err=0.326 | 指标=I_eps+ | score=2(极优) | Pw=[SDE=0.333 I+=0.333 MD=0.333] | Lp=0.27 | n_eval=8
[Gen  18 | FE= 244/ 300] p_err=0.070 | 指标=MD     | score=2(极优) | Pw=[SDE=0.310 I+=0.355 MD=0.335] | Lp=0.50 | n_eval=8
[Gen  19 | FE= 252/ 300] p_err=0.299 | 指标=SDE    | score=2(极优) | Pw=[SDE=0.350 I+=0.350 MD=0.300] | Lp=2.00 | n_eval=8
[Gen  18 | FE= 244/ 300] p_err=0.308 | 指标=I_eps+ | score=2(极优) | Pw=[SDE=0.329 I+=0.319 MD=0.351] | Lp=6.50 | n_eval=8
[Gen  20 | FE= 260/ 300] p_err=0.252 | 指标=I_eps+ | score=1(中  ) | Pw=[SDE=0.339 I+=0.344 MD=0.317] | Lp=0.50 | n_eval=8
[Gen  19 | FE= 252/ 300] p_err=0.296 | 指标=SDE    | score=2(极优) | Pw=[SDE=0.324 I+=0.338 MD=0.338] | Lp=0.36 | n_eval=8
[Gen  18 | FE= 244/ 300] p_err=0.164 | 指标=I_eps+ | score=2(极优) | Pw=[SDE=0.302 I+=0.362 MD=0.336] | Lp=3.10 | n_eval=8
[Gen  19 | FE= 252/ 300] p_err=0.367 | 指标=SDE    | score=2(极优) | Pw=[SDE=0.333 I+=0.333 MD=0.333] | Lp=0.27 | n_eval=8
[Gen  19 | FE= 252/ 300] p_err=0.453 | 指标=SDE    | score=2(极优) | Pw=[SDE=0.311 I+=0.356 MD=0.333] | Lp=0.50 | n_eval=8
[Gen  20 | FE= 260/ 300] p_err=0.328 | 指标=SDE    | score=2(极优) | Pw=[SDE=0.353 I+=0.353 MD=0.294] | Lp=1.60 | n_eval=8
[Gen  19 | FE= 252/ 300] p_err=0.405 | 指标=SDE    | score=2(极优) | Pw=[SDE=0.330 I+=0.317 MD=0.352] | Lp=0.66 | n_eval=8
[Gen  21 | FE= 268/ 300] p_err=0.488 | 指标=SDE    | score=1(中  ) | Pw=[SDE=0.327 I+=0.355 MD=0.318] | Lp=0.50 | n_eval=8
[Gen  20 | FE= 260/ 300] p_err=0.041 | 指标=MD     | score=2(极优) | Pw=[SDE=0.323 I+=0.338 MD=0.338] | Lp=1.00 | n_eval=8
[Gen  20 | FE= 260/ 300] p_err=0.049 | 指标=MD     | score=2(极优) | Pw=[SDE=0.333 I+=0.333 MD=0.333] | Lp=2.00 | n_eval=8
[Gen  19 | FE= 252/ 300] p_err=0.162 | 指标=I_eps+ | score=2(极优) | Pw=[SDE=0.294 I+=0.368 MD=0.337] | Lp=3.10 | n_eval=8
[Gen  20 | FE= 260/ 300] p_err=0.387 | 指标=SDE    | score=2(极优) | Pw=[SDE=0.312 I+=0.357 MD=0.331] | Lp=0.86 | n_eval=8
[Gen  21 | FE= 268/ 300] p_err=0.130 | 指标=MD     | score=1(中  ) | Pw=[SDE=0.359 I+=0.359 MD=0.282] | Lp=6.50 | n_eval=8
[Gen  20 | FE= 260/ 300] p_err=0.232 | 指标=I_eps+ | score=2(极优) | Pw=[SDE=0.328 I+=0.318 MD=0.354] | Lp=0.66 | n_eval=8
[Gen  22 | FE= 276/ 300] p_err=0.263 | 指标=I_eps+ | score=1(中  ) | Pw=[SDE=0.328 I+=0.344 MD=0.328] | Lp=0.50 | n_eval=8
[Gen  21 | FE= 268/ 300] p_err=0.322 | 指标=SDE    | score=2(极优) | Pw=[SDE=0.323 I+=0.338 MD=0.338] | Lp=2.00 | n_eval=8
[Gen  21 | FE= 268/ 300] p_err=0.361 | 指标=I_eps+ | score=2(极优) | Pw=[SDE=0.333 I+=0.333 MD=0.333] | Lp=0.75 | n_eval=8
[Gen  21 | FE= 268/ 300] p_err=0.140 | 指标=MD     | score=2(极优) | Pw=[SDE=0.312 I+=0.357 MD=0.331] | Lp=0.57 | n_eval=8
[Gen  20 | FE= 260/ 300] p_err=0.322 | 指标=SDE    | score=2(极优) | Pw=[SDE=0.296 I+=0.370 MD=0.333] | Lp=3.10 | n_eval=8
[Gen  22 | FE= 276/ 300] p_err=0.191 | 指标=I_eps+ | score=2(极优) | Pw=[SDE=0.359 I+=0.359 MD=0.282] | Lp=6.50 | n_eval=8
[Gen  21 | FE= 268/ 300] p_err=0.032 | 指标=MD     | score=1(中  ) | Pw=[SDE=0.345 I+=0.330 MD=0.325] | Lp=1.00 | n_eval=8
[Gen  23 | FE= 284/ 300] p_err=0.495 | 指标=SDE    | score=2(极优) | Pw=[SDE=0.326 I+=0.332 MD=0.342] | Lp=0.50 | n_eval=8
[Gen  22 | FE= 276/ 300] p_err=0.336 | 指标=I_eps+ | score=2(极优) | Pw=[SDE=0.333 I+=0.333 MD=0.333] | Lp=0.75 | n_eval=8
[Gen  22 | FE= 276/ 300] p_err=0.239 | 指标=SDE    | score=2(极优) | Pw=[SDE=0.324 I+=0.338 MD=0.338] | Lp=1.35 | n_eval=8
[Gen  22 | FE= 276/ 300] p_err=0.267 | 指标=I_eps+ | score=2(极优) | Pw=[SDE=0.312 I+=0.357 MD=0.331] | Lp=0.57 | n_eval=8
[Gen  21 | FE= 268/ 300] p_err=0.328 | 指标=SDE    | score=1(中  ) | Pw=[SDE=0.283 I+=0.377 MD=0.340] | Lp=0.43 | n_eval=8
[Gen  23 | FE= 284/ 300] p_err=0.069 | 指标=MD     | score=1(中  ) | Pw=[SDE=0.364 I+=0.364 MD=0.273] | Lp=6.50 | n_eval=8
[Gen  22 | FE= 276/ 300] p_err=0.328 | 指标=SDE    | score=2(极优) | Pw=[SDE=0.349 I+=0.326 MD=0.326] | Lp=1.00 | n_eval=8
[Gen  24 | FE= 292/ 300] p_err=0.155 | 指标=MD     | score=1(中  ) | Pw=[SDE=0.336 I+=0.336 MD=0.327] | Lp=0.57 | n_eval=8
[Gen  23 | FE= 284/ 300] p_err=0.043 | 指标=MD     | score=2(极优) | Pw=[SDE=0.324 I+=0.338 MD=0.338] | Lp=1.00 | n_eval=8
[Gen  23 | FE= 284/ 300] p_err=0.384 | 指标=SDE    | score=2(极优) | Pw=[SDE=0.333 I+=0.333 MD=0.333] | Lp=0.27 | n_eval=8
[Gen  23 | FE= 284/ 300] p_err=0.446 | 指标=SDE    | score=1(中  ) | Pw=[SDE=0.294 I+=0.368 MD=0.337] | Lp=6.50 | n_eval=8
[Gen  22 | FE= 276/ 300] p_err=0.373 | 指标=SDE    | score=1(中  ) | Pw=[SDE=0.273 I+=0.383 MD=0.344] | Lp=0.43 | n_eval=8
[Gen  24 | FE= 292/ 300] p_err=0.299 | 指标=I_eps+ | score=2(极优) | Pw=[SDE=0.364 I+=0.364 MD=0.273] | Lp=6.50 | n_eval=8
[Gen  25 | FE= 300/ 300] p_err=0.474 | 指标=SDE    | score=2(极优) | Pw=[SDE=0.344 I+=0.328 MD=0.328] | Lp=0.57 | n_eval=8
[Gen  23 | FE= 284/ 300] p_err=0.374 | 指标=SDE    | score=2(极优) | Pw=[SDE=0.356 I+=0.330 MD=0.314] | Lp=0.75 | n_eval=8
[Gen  24 | FE= 292/ 300] p_err=0.034 | 指标=MD     | score=1(中  ) | Pw=[SDE=0.331 I+=0.347 MD=0.322] | Lp=2.00 | n_eval=8
[Gen  24 | FE= 292/ 300] p_err=0.313 | 指标=I_eps+ | score=2(极优) | Pw=[SDE=0.333 I+=0.333 MD=0.333] | Lp=0.36 | n_eval=8
[Gen  24 | FE= 292/ 300] p_err=0.427 | 指标=SDE    | score=2(极优) | Pw=[SDE=0.305 I+=0.366 MD=0.329] | Lp=6.50 | n_eval=8
[Gen  25 | FE= 300/ 300] p_err=0.142 | 指标=I_eps+ | score=2(极优) | Pw=[SDE=0.364 I+=0.364 MD=0.273] | Lp=6.50 | n_eval=8
[Gen  23 | FE= 284/ 300] p_err=0.272 | 指标=SDE    | score=2(极优) | Pw=[SDE=0.293 I+=0.372 MD=0.335] | Lp=2.40 | n_eval=8
[Gen  25 | FE= 300/ 300] p_err=0.170 | 指标=MD     | score=1(中  ) | Pw=[SDE=0.348 I+=0.348 MD=0.304] | Lp=0.43 | n_eval=8
[Gen  25 | FE= 300/ 300] p_err=0.044 | 指标=MD     | score=2(极优) | Pw=[SDE=0.330 I+=0.346 MD=0.324] | Lp=1.60 | n_eval=8
[Gen  24 | FE= 292/ 300] p_err=0.374 | 指标=SDE    | score=2(极优) | Pw=[SDE=0.356 I+=0.330 MD=0.314] | Lp=0.66 | n_eval=8
[Gen  25 | FE= 300/ 300] p_err=0.328 | 指标=SDE    | score=2(极优) | Pw=[SDE=0.311 I+=0.363 MD=0.326] | Lp=4.20 | n_eval=8
[Gen  24 | FE= 292/ 300] p_err=0.062 | 指标=MD     | score=2(极优) | Pw=[SDE=0.291 I+=0.370 MD=0.339] | Lp=0.43 | n_eval=8
[Gen  25 | FE= 300/ 300] p_err=0.030 | 指标=MD     | score=1(中  ) | Pw=[SDE=0.370 I+=0.336 MD=0.294] | Lp=1.00 | n_eval=8
[Gen  25 | FE= 300/ 300] p_err=0.307 | 指标=SDE    | score=2(极优) | Pw=[SDE=0.300 I+=0.369 MD=0.332] | Lp=0.36 | n_eval=8
[Gen   1 | FE= 108/ 300] p_err=0.217 | 指标=SDE    | score=2(极优) | Pw=[SDE=0.333 I+=0.333 MD=0.333] | Lp=2.00 | n_eval=8
[Gen   1 | FE= 108/ 300] p_err=0.234 | 指标=SDE    | score=2(极优) | Pw=[SDE=0.333 I+=0.333 MD=0.333] | Lp=1.60 | n_eval=8
[Gen   1 | FE= 108/ 300] p_err=0.251 | 指标=MD     | score=2(极优) | Pw=[SDE=0.333 I+=0.333 MD=0.333] | Lp=1.60 | n_eval=8
[Gen   1 | FE= 108/ 300] p_err=0.141 | 指标=I_eps+ | score=2(极优) | Pw=[SDE=0.333 I+=0.333 MD=0.333] | Lp=2.00 | n_eval=8
[Gen   1 | FE= 108/ 300] p_err=0.199 | 指标=I_eps+ | score=2(极优) | Pw=[SDE=0.333 I+=0.333 MD=0.333] | Lp=1.60 | n_eval=8
[Gen   1 | FE= 108/ 300] p_err=0.182 | 指标=I_eps+ | score=2(极优) | Pw=[SDE=0.333 I+=0.333 MD=0.333] | Lp=2.00 | n_eval=8
[Gen   1 | FE= 108/ 300] p_err=0.228 | 指标=MD     | score=2(极优) | Pw=[SDE=0.333 I+=0.333 MD=0.333] | Lp=2.00 | n_eval=8
[Gen   1 | FE= 108/ 300] p_err=0.196 | 指标=SDE    | score=2(极优) | Pw=[SDE=0.333 I+=0.333 MD=0.333] | Lp=2.00 | n_eval=8
[Gen   2 | FE= 116/ 300] p_err=0.339 | 指标=I_eps+ | score=2(极优) | Pw=[SDE=0.333 I+=0.333 MD=0.333] | Lp=3.10 | n_eval=8
[Gen   2 | FE= 116/ 300] p_err=0.168 | 指标=I_eps+ | score=2(极优) | Pw=[SDE=0.333 I+=0.333 MD=0.333] | Lp=1.60 | n_eval=8
[Gen   2 | FE= 116/ 300] p_err=0.203 | 指标=I_eps+ | score=2(极优) | Pw=[SDE=0.333 I+=0.333 MD=0.333] | Lp=3.10 | n_eval=8
[Gen   2 | FE= 116/ 300] p_err=0.138 | 指标=SDE    | score=2(极优) | Pw=[SDE=0.333 I+=0.333 MD=0.333] | Lp=3.10 | n_eval=8
[Gen   2 | FE= 116/ 300] p_err=0.267 | 指标=MD     | score=2(极优) | Pw=[SDE=0.333 I+=0.333 MD=0.333] | Lp=2.00 | n_eval=8
[Gen   2 | FE= 116/ 300] p_err=0.184 | 指标=MD     | score=2(极优) | Pw=[SDE=0.333 I+=0.333 MD=0.333] | Lp=3.10 | n_eval=8
[Gen   2 | FE= 116/ 300] p_err=0.222 | 指标=I_eps+ | score=2(极优) | Pw=[SDE=0.333 I+=0.333 MD=0.333] | Lp=2.40 | n_eval=8
[Gen   2 | FE= 116/ 300] p_err=0.222 | 指标=MD     | score=2(极优) | Pw=[SDE=0.333 I+=0.333 MD=0.333] | Lp=2.00 | n_eval=8
[Gen   3 | FE= 124/ 300] p_err=0.252 | 指标=SDE    | score=2(极优) | Pw=[SDE=0.333 I+=0.333 MD=0.333] | Lp=2.40 | n_eval=8
[Gen   3 | FE= 124/ 300] p_err=0.169 | 指标=MD     | score=2(极优) | Pw=[SDE=0.333 I+=0.333 MD=0.333] | Lp=3.10 | n_eval=8
[Gen   3 | FE= 124/ 300] p_err=0.233 | 指标=I_eps+ | score=2(极优) | Pw=[SDE=0.333 I+=0.333 MD=0.333] | Lp=2.40 | n_eval=8
[Gen   3 | FE= 124/ 300] p_err=0.521 | 指标=SDE    | score=2(极优) | Pw=[SDE=0.333 I+=0.333 MD=0.333] | Lp=2.40 | n_eval=8
[Gen   3 | FE= 124/ 300] p_err=0.132 | 指标=SDE    | score=2(极优) | Pw=[SDE=0.333 I+=0.333 MD=0.333] | Lp=3.10 | n_eval=8
[Gen   3 | FE= 124/ 300] p_err=0.181 | 指标=SDE    | score=2(极优) | Pw=[SDE=0.333 I+=0.333 MD=0.333] | Lp=2.00 | n_eval=8
[Gen   3 | FE= 124/ 300] p_err=0.213 | 指标=MD     | score=2(极优) | Pw=[SDE=0.333 I+=0.333 MD=0.333] | Lp=2.00 | n_eval=8
[Gen   3 | FE= 124/ 300] p_err=0.140 | 指标=MD     | score=2(极优) | Pw=[SDE=0.333 I+=0.333 MD=0.333] | Lp=3.10 | n_eval=8
[Gen   4 | FE= 132/ 300] p_err=0.206 | 指标=I_eps+ | score=2(极优) | Pw=[SDE=0.333 I+=0.333 MD=0.333] | Lp=2.40 | n_eval=8
[Gen   4 | FE= 132/ 300] p_err=0.157 | 指标=SDE    | score=2(极优) | Pw=[SDE=0.333 I+=0.333 MD=0.333] | Lp=4.20 | n_eval=8
[Gen   4 | FE= 132/ 300] p_err=0.196 | 指标=SDE    | score=2(极优) | Pw=[SDE=0.333 I+=0.333 MD=0.333] | Lp=3.10 | n_eval=8
[Gen   4 | FE= 132/ 300] p_err=0.229 | 指标=I_eps+ | score=2(极优) | Pw=[SDE=0.333 I+=0.333 MD=0.333] | Lp=2.40 | n_eval=8
[Gen   4 | FE= 132/ 300] p_err=0.259 | 指标=SDE    | score=2(极优) | Pw=[SDE=0.333 I+=0.333 MD=0.333] | Lp=2.00 | n_eval=8
[Gen   4 | FE= 132/ 300] p_err=0.182 | 指标=SDE    | score=2(极优) | Pw=[SDE=0.333 I+=0.333 MD=0.333] | Lp=2.40 | n_eval=8
[Gen   4 | FE= 132/ 300] p_err=0.218 | 指标=SDE    | score=2(极优) | Pw=[SDE=0.333 I+=0.333 MD=0.333] | Lp=2.00 | n_eval=8
[Gen   4 | FE= 132/ 300] p_err=0.152 | 指标=MD     | score=2(极优) | Pw=[SDE=0.333 I+=0.333 MD=0.333] | Lp=4.20 | n_eval=8
[Gen   5 | FE= 140/ 300] p_err=0.195 | 指标=I_eps+ | score=2(极优) | Pw=[SDE=0.333 I+=0.333 MD=0.333] | Lp=2.40 | n_eval=8
[Gen   5 | FE= 140/ 300] p_err=0.174 | 指标=I_eps+ | score=2(极优) | Pw=[SDE=0.333 I+=0.333 MD=0.333] | Lp=3.10 | n_eval=8
[Gen   5 | FE= 140/ 300] p_err=0.242 | 指标=MD     | score=2(极优) | Pw=[SDE=0.333 I+=0.333 MD=0.333] | Lp=2.40 | n_eval=8
[Gen   5 | FE= 140/ 300] p_err=0.198 | 指标=SDE    | score=2(极优) | Pw=[SDE=0.333 I+=0.333 MD=0.333] | Lp=2.40 | n_eval=8
[Gen   5 | FE= 140/ 300] p_err=0.202 | 指标=MD     | score=2(极优) | Pw=[SDE=0.333 I+=0.333 MD=0.333] | Lp=2.40 | n_eval=8
[Gen   5 | FE= 140/ 300] p_err=0.286 | 指标=SDE    | score=2(极优) | Pw=[SDE=0.333 I+=0.333 MD=0.333] | Lp=2.00 | n_eval=8
[Gen   5 | FE= 140/ 300] p_err=0.243 | 指标=MD     | score=2(极优) | Pw=[SDE=0.333 I+=0.333 MD=0.333] | Lp=2.00 | n_eval=8
[Gen   5 | FE= 140/ 300] p_err=0.164 | 指标=MD     | score=2(极优) | Pw=[SDE=0.333 I+=0.333 MD=0.333] | Lp=4.20 | n_eval=8
[Gen   6 | FE= 148/ 300] p_err=0.230 | 指标=SDE    | score=2(极优) | Pw=[SDE=0.333 I+=0.333 MD=0.333] | Lp=4.20 | n_eval=8
[Gen   6 | FE= 148/ 300] p_err=0.203 | 指标=MD     | score=2(极优) | Pw=[SDE=0.333 I+=0.333 MD=0.333] | Lp=2.40 | n_eval=8
[Gen   6 | FE= 148/ 300] p_err=0.148 | 指标=SDE    | score=2(极优) | Pw=[SDE=0.333 I+=0.333 MD=0.333] | Lp=3.10 | n_eval=8
[Gen   6 | FE= 148/ 300] p_err=0.223 | 指标=I_eps+ | score=2(极优) | Pw=[SDE=0.333 I+=0.333 MD=0.333] | Lp=2.00 | n_eval=8
[Gen   6 | FE= 148/ 300] p_err=0.193 | 指标=I_eps+ | score=2(极优) | Pw=[SDE=0.333 I+=0.333 MD=0.333] | Lp=2.00 | n_eval=8
[Gen   6 | FE= 148/ 300] p_err=0.174 | 指标=SDE    | score=2(极优) | Pw=[SDE=0.333 I+=0.333 MD=0.333] | Lp=4.20 | n_eval=8
[Gen   6 | FE= 148/ 300] p_err=0.181 | 指标=I_eps+ | score=2(极优) | Pw=[SDE=0.333 I+=0.333 MD=0.333] | Lp=1.60 | n_eval=8
[Gen   6 | FE= 148/ 300] p_err=0.277 | 指标=SDE    | score=2(极优) | Pw=[SDE=0.333 I+=0.333 MD=0.333] | Lp=3.10 | n_eval=8
[Gen   7 | FE= 156/ 300] p_err=0.192 | 指标=SDE    | score=2(极优) | Pw=[SDE=0.333 I+=0.333 MD=0.333] | Lp=3.10 | n_eval=8
[Gen   7 | FE= 156/ 300] p_err=0.216 | 指标=I_eps+ | score=2(极优) | Pw=[SDE=0.333 I+=0.333 MD=0.333] | Lp=2.00 | n_eval=8
[Gen   7 | FE= 156/ 300] p_err=0.219 | 指标=I_eps+ | score=2(极优) | Pw=[SDE=0.333 I+=0.333 MD=0.333] | Lp=1.60 | n_eval=8
[Gen   7 | FE= 156/ 300] p_err=0.240 | 指标=SDE    | score=2(极优) | Pw=[SDE=0.333 I+=0.333 MD=0.333] | Lp=4.20 | n_eval=8
[Gen   7 | FE= 156/ 300] p_err=0.224 | 指标=I_eps+ | score=2(极优) | Pw=[SDE=0.333 I+=0.333 MD=0.333] | Lp=4.20 | n_eval=8
[Gen   7 | FE= 156/ 300] p_err=0.183 | 指标=SDE    | score=2(极优) | Pw=[SDE=0.333 I+=0.333 MD=0.333] | Lp=3.10 | n_eval=8
[Gen   7 | FE= 156/ 300] p_err=0.320 | 指标=SDE    | score=2(极优) | Pw=[SDE=0.333 I+=0.333 MD=0.333] | Lp=1.60 | n_eval=8
[Gen   7 | FE= 156/ 300] p_err=0.270 | 指标=SDE    | score=2(极优) | Pw=[SDE=0.333 I+=0.333 MD=0.333] | Lp=4.20 | n_eval=8
[Gen   8 | FE= 164/ 300] p_err=0.332 | 指标=SDE    | score=2(极优) | Pw=[SDE=0.333 I+=0.333 MD=0.333] | Lp=3.10 | n_eval=8
[Gen   8 | FE= 164/ 300] p_err=0.259 | 指标=I_eps+ | score=2(极优) | Pw=[SDE=0.333 I+=0.333 MD=0.333] | Lp=2.40 | n_eval=8
[Gen   8 | FE= 164/ 300] p_err=0.196 | 指标=I_eps+ | score=2(极优) | Pw=[SDE=0.333 I+=0.333 MD=0.333] | Lp=3.10 | n_eval=8
[Gen   8 | FE= 164/ 300] p_err=0.360 | 指标=SDE    | score=2(极优) | Pw=[SDE=0.333 I+=0.333 MD=0.333] | Lp=2.40 | n_eval=8
[Gen   8 | FE= 164/ 300] p_err=0.226 | 指标=SDE    | score=2(极优) | Pw=[SDE=0.333 I+=0.333 MD=0.333] | Lp=1.15 | n_eval=8
[Gen   8 | FE= 164/ 300] p_err=0.220 | 指标=I_eps+ | score=2(极优) | Pw=[SDE=0.333 I+=0.333 MD=0.333] | Lp=3.10 | n_eval=8
[Gen   8 | FE= 164/ 300] p_err=0.240 | 指标=MD     | score=2(极优) | Pw=[SDE=0.333 I+=0.333 MD=0.333] | Lp=1.60 | n_eval=8
[Gen   8 | FE= 164/ 300] p_err=0.315 | 指标=SDE    | score=2(极优) | Pw=[SDE=0.333 I+=0.333 MD=0.333] | Lp=4.20 | n_eval=8
[Gen   9 | FE= 172/ 300] p_err=0.271 | 指标=MD     | score=2(极优) | Pw=[SDE=0.333 I+=0.333 MD=0.333] | Lp=2.40 | n_eval=8
[Gen   9 | FE= 172/ 300] p_err=0.248 | 指标=SDE    | score=2(极优) | Pw=[SDE=0.333 I+=0.333 MD=0.333] | Lp=3.10 | n_eval=8
[Gen   9 | FE= 172/ 300] p_err=0.313 | 指标=MD     | score=2(极优) | Pw=[SDE=0.333 I+=0.333 MD=0.333] | Lp=2.00 | n_eval=8
[Gen   9 | FE= 172/ 300] p_err=0.188 | 指标=MD     | score=2(极优) | Pw=[SDE=0.333 I+=0.333 MD=0.333] | Lp=4.20 | n_eval=8
[Gen   9 | FE= 172/ 300] p_err=0.219 | 指标=I_eps+ | score=2(极优) | Pw=[SDE=0.333 I+=0.333 MD=0.333] | Lp=1.35 | n_eval=8
[Gen   9 | FE= 172/ 300] p_err=0.357 | 指标=MD     | score=2(极优) | Pw=[SDE=0.333 I+=0.333 MD=0.333] | Lp=1.60 | n_eval=8
[Gen   9 | FE= 172/ 300] p_err=0.229 | 指标=MD     | score=2(极优) | Pw=[SDE=0.333 I+=0.333 MD=0.333] | Lp=2.40 | n_eval=8
[Gen   9 | FE= 172/ 300] p_err=0.418 | 指标=SDE    | score=2(极优) | Pw=[SDE=0.333 I+=0.333 MD=0.333] | Lp=2.40 | n_eval=8
[Gen  10 | FE= 180/ 300] p_err=0.262 | 指标=I_eps+ | score=2(极优) | Pw=[SDE=0.333 I+=0.333 MD=0.333] | Lp=2.40 | n_eval=8
[Gen  10 | FE= 180/ 300] p_err=0.155 | 指标=MD     | score=2(极优) | Pw=[SDE=0.333 I+=0.333 MD=0.333] | Lp=3.10 | n_eval=8
[Gen  10 | FE= 180/ 300] p_err=0.246 | 指标=MD     | score=1(中  ) | Pw=[SDE=0.338 I+=0.338 MD=0.325] | Lp=3.10 | n_eval=8
[Gen  10 | FE= 180/ 300] p_err=0.195 | 指标=MD     | score=2(极优) | Pw=[SDE=0.333 I+=0.333 MD=0.333] | Lp=4.20 | n_eval=8
[Gen  10 | FE= 180/ 300] p_err=0.196 | 指标=MD     | score=2(极优) | Pw=[SDE=0.333 I+=0.333 MD=0.333] | Lp=1.15 | n_eval=8
[Gen  10 | FE= 180/ 300] p_err=0.216 | 指标=MD     | score=2(极优) | Pw=[SDE=0.333 I+=0.333 MD=0.333] | Lp=3.10 | n_eval=8
[Gen  10 | FE= 180/ 300] p_err=0.172 | 指标=SDE    | score=2(极优) | Pw=[SDE=0.333 I+=0.333 MD=0.333] | Lp=2.40 | n_eval=8
[Gen  10 | FE= 180/ 300] p_err=0.304 | 指标=I_eps+ | score=2(极优) | Pw=[SDE=0.333 I+=0.333 MD=0.333] | Lp=3.10 | n_eval=8
[Gen  11 | FE= 188/ 300] p_err=0.248 | 指标=I_eps+ | score=2(极优) | Pw=[SDE=0.333 I+=0.333 MD=0.333] | Lp=3.10 | n_eval=8
[Gen  11 | FE= 188/ 300] p_err=0.348 | 指标=MD     | score=2(极优) | Pw=[SDE=0.338 I+=0.338 MD=0.325] | Lp=3.10 | n_eval=8
[Gen  11 | FE= 188/ 300] p_err=0.251 | 指标=MD     | score=2(极优) | Pw=[SDE=0.333 I+=0.333 MD=0.333] | Lp=4.20 | n_eval=8
[Gen  11 | FE= 188/ 300] p_err=0.419 | 指标=SDE    | score=2(极优) | Pw=[SDE=0.333 I+=0.333 MD=0.333] | Lp=0.50 | n_eval=8
[Gen  11 | FE= 188/ 300] p_err=0.354 | 指标=SDE    | score=2(极优) | Pw=[SDE=0.333 I+=0.333 MD=0.333] | Lp=3.10 | n_eval=8
[Gen  11 | FE= 188/ 300] p_err=0.341 | 指标=I_eps+ | score=2(极优) | Pw=[SDE=0.333 I+=0.333 MD=0.333] | Lp=4.20 | n_eval=8
[Gen  11 | FE= 188/ 300] p_err=0.466 | 指标=SDE    | score=2(极优) | Pw=[SDE=0.333 I+=0.333 MD=0.333] | Lp=2.40 | n_eval=8
[Gen  11 | FE= 188/ 300] p_err=0.216 | 指标=I_eps+ | score=2(极优) | Pw=[SDE=0.333 I+=0.333 MD=0.333] | Lp=2.40 | n_eval=8
[Gen  12 | FE= 196/ 300] p_err=0.217 | 指标=MD     | score=2(极优) | Pw=[SDE=0.333 I+=0.333 MD=0.333] | Lp=3.10 | n_eval=8
[Gen  12 | FE= 196/ 300] p_err=0.228 | 指标=MD     | score=2(极优) | Pw=[SDE=0.338 I+=0.338 MD=0.325] | Lp=1.60 | n_eval=8
[Gen  12 | FE= 196/ 300] p_err=0.287 | 指标=MD     | score=2(极优) | Pw=[SDE=0.333 I+=0.333 MD=0.333] | Lp=1.15 | n_eval=8
[Gen  12 | FE= 196/ 300] p_err=0.305 | 指标=SDE    | score=2(极优) | Pw=[SDE=0.333 I+=0.333 MD=0.333] | Lp=4.20 | n_eval=8
[Gen  12 | FE= 196/ 300] p_err=0.228 | 指标=MD     | score=2(极优) | Pw=[SDE=0.333 I+=0.333 MD=0.333] | Lp=4.20 | n_eval=8
[Gen  12 | FE= 196/ 300] p_err=0.150 | 指标=MD     | score=2(极优) | Pw=[SDE=0.333 I+=0.333 MD=0.333] | Lp=3.10 | n_eval=8
[Gen  12 | FE= 196/ 300] p_err=0.218 | 指标=I_eps+ | score=2(极优) | Pw=[SDE=0.333 I+=0.333 MD=0.333] | Lp=2.40 | n_eval=8
[Gen  12 | FE= 196/ 300] p_err=0.216 | 指标=MD     | score=2(极优) | Pw=[SDE=0.333 I+=0.333 MD=0.333] | Lp=2.40 | n_eval=8
[Gen  13 | FE= 204/ 300] p_err=0.341 | 指标=I_eps+ | score=2(极优) | Pw=[SDE=0.333 I+=0.333 MD=0.333] | Lp=2.40 | n_eval=8
[Gen  13 | FE= 204/ 300] p_err=0.195 | 指标=MD     | score=2(极优) | Pw=[SDE=0.338 I+=0.338 MD=0.325] | Lp=1.35 | n_eval=8
[Gen  13 | FE= 204/ 300] p_err=0.227 | 指标=MD     | score=2(极优) | Pw=[SDE=0.333 I+=0.333 MD=0.333] | Lp=0.66 | n_eval=8
[Gen  13 | FE= 204/ 300] p_err=0.464 | 指标=SDE    | score=2(极优) | Pw=[SDE=0.333 I+=0.333 MD=0.333] | Lp=4.20 | n_eval=8
[Gen  13 | FE= 204/ 300] p_err=0.305 | 指标=MD     | score=2(极优) | Pw=[SDE=0.333 I+=0.333 MD=0.333] | Lp=6.50 | n_eval=8
[Gen  13 | FE= 204/ 300] p_err=0.381 | 指标=I_eps+ | score=2(极优) | Pw=[SDE=0.333 I+=0.333 MD=0.333] | Lp=3.10 | n_eval=8
[Gen  13 | FE= 204/ 300] p_err=0.274 | 指标=MD     | score=2(极优) | Pw=[SDE=0.333 I+=0.333 MD=0.333] | Lp=2.00 | n_eval=8
[Gen  13 | FE= 204/ 300] p_err=0.246 | 指标=I_eps+ | score=2(极优) | Pw=[SDE=0.333 I+=0.333 MD=0.333] | Lp=0.27 | n_eval=8
[Gen  14 | FE= 212/ 300] p_err=0.308 | 指标=MD     | score=2(极优) | Pw=[SDE=0.333 I+=0.333 MD=0.333] | Lp=3.10 | n_eval=8
[Gen  14 | FE= 212/ 300] p_err=0.231 | 指标=I_eps+ | score=2(极优) | Pw=[SDE=0.338 I+=0.338 MD=0.324] | Lp=1.35 | n_eval=8
[Gen  14 | FE= 212/ 300] p_err=0.384 | 指标=I_eps+ | score=2(极优) | Pw=[SDE=0.333 I+=0.333 MD=0.333] | Lp=0.75 | n_eval=8
[Gen  14 | FE= 212/ 300] p_err=0.408 | 指标=SDE    | score=2(极优) | Pw=[SDE=0.333 I+=0.333 MD=0.333] | Lp=4.20 | n_eval=8
[Gen  14 | FE= 212/ 300] p_err=0.186 | 指标=I_eps+ | score=2(极优) | Pw=[SDE=0.333 I+=0.333 MD=0.333] | Lp=4.20 | n_eval=8
[Gen  14 | FE= 212/ 300] p_err=0.316 | 指标=I_eps+ | score=2(极优) | Pw=[SDE=0.333 I+=0.333 MD=0.333] | Lp=3.10 | n_eval=8
[Gen  14 | FE= 212/ 300] p_err=0.284 | 指标=MD     | score=2(极优) | Pw=[SDE=0.333 I+=0.333 MD=0.333] | Lp=2.00 | n_eval=8
[Gen  14 | FE= 212/ 300] p_err=0.247 | 指标=MD     | score=2(极优) | Pw=[SDE=0.333 I+=0.333 MD=0.333] | Lp=1.00 | n_eval=8
[Gen  15 | FE= 220/ 300] p_err=0.257 | 指标=I_eps+ | score=2(极优) | Pw=[SDE=0.333 I+=0.333 MD=0.333] | Lp=3.10 | n_eval=8
[Gen  15 | FE= 220/ 300] p_err=0.345 | 指标=MD     | score=2(极优) | Pw=[SDE=0.333 I+=0.333 MD=0.333] | Lp=2.00 | n_eval=8
[Gen  15 | FE= 220/ 300] p_err=0.372 | 指标=SDE    | score=2(极优) | Pw=[SDE=0.338 I+=0.338 MD=0.323] | Lp=2.00 | n_eval=8
[Gen  15 | FE= 220/ 300] p_err=0.355 | 指标=SDE    | score=2(极优) | Pw=[SDE=0.333 I+=0.333 MD=0.333] | Lp=4.20 | n_eval=8
[Gen  15 | FE= 220/ 300] p_err=0.276 | 指标=SDE    | score=2(极优) | Pw=[SDE=0.333 I+=0.333 MD=0.333] | Lp=0.66 | n_eval=8
[Gen  15 | FE= 220/ 300] p_err=0.223 | 指标=I_eps+ | score=2(极优) | Pw=[SDE=0.333 I+=0.333 MD=0.333] | Lp=3.10 | n_eval=8
[Gen  15 | FE= 220/ 300] p_err=0.329 | 指标=MD     | score=2(极优) | Pw=[SDE=0.333 I+=0.333 MD=0.333] | Lp=2.40 | n_eval=8
[Gen  15 | FE= 220/ 300] p_err=0.140 | 指标=SDE    | score=2(极优) | Pw=[SDE=0.333 I+=0.333 MD=0.333] | Lp=1.00 | n_eval=8
[Gen  16 | FE= 228/ 300] p_err=0.281 | 指标=MD     | score=2(极优) | Pw=[SDE=0.333 I+=0.333 MD=0.333] | Lp=3.10 | n_eval=8
[Gen  16 | FE= 228/ 300] p_err=0.272 | 指标=I_eps+ | score=2(极优) | Pw=[SDE=0.333 I+=0.333 MD=0.333] | Lp=4.20 | n_eval=8
[Gen  16 | FE= 228/ 300] p_err=0.284 | 指标=MD     | score=2(极优) | Pw=[SDE=0.333 I+=0.333 MD=0.333] | Lp=6.50 | n_eval=8
[Gen  16 | FE= 228/ 300] p_err=0.221 | 指标=I_eps+ | score=2(极优) | Pw=[SDE=0.339 I+=0.339 MD=0.322] | Lp=1.60 | n_eval=8
[Gen  16 | FE= 228/ 300] p_err=0.215 | 指标=MD     | score=2(极优) | Pw=[SDE=0.333 I+=0.333 MD=0.333] | Lp=1.00 | n_eval=8
[Gen  16 | FE= 228/ 300] p_err=0.244 | 指标=MD     | score=2(极优) | Pw=[SDE=0.333 I+=0.333 MD=0.333] | Lp=2.00 | n_eval=8
[Gen  16 | FE= 228/ 300] p_err=0.310 | 指标=SDE    | score=2(极优) | Pw=[SDE=0.333 I+=0.333 MD=0.333] | Lp=0.66 | n_eval=8
[Gen  16 | FE= 228/ 300] p_err=0.399 | 指标=SDE    | score=2(极优) | Pw=[SDE=0.333 I+=0.333 MD=0.333] | Lp=1.35 | n_eval=8
[Gen  17 | FE= 236/ 300] p_err=0.303 | 指标=I_eps+ | score=2(极优) | Pw=[SDE=0.333 I+=0.333 MD=0.333] | Lp=3.10 | n_eval=8
[Gen  17 | FE= 236/ 300] p_err=0.220 | 指标=I_eps+ | score=2(极优) | Pw=[SDE=0.333 I+=0.333 MD=0.333] | Lp=4.20 | n_eval=8
[Gen  17 | FE= 236/ 300] p_err=0.302 | 指标=MD     | score=2(极优) | Pw=[SDE=0.333 I+=0.333 MD=0.333] | Lp=6.50 | n_eval=8
[Gen  17 | FE= 236/ 300] p_err=0.486 | 指标=SDE    | score=2(极优) | Pw=[SDE=0.340 I+=0.340 MD=0.321] | Lp=1.60 | n_eval=8
[Gen  17 | FE= 236/ 300] p_err=0.132 | 指标=SDE    | score=2(极优) | Pw=[SDE=0.333 I+=0.333 MD=0.333] | Lp=1.00 | n_eval=8
[Gen  17 | FE= 236/ 300] p_err=0.254 | 指标=I_eps+ | score=2(极优) | Pw=[SDE=0.333 I+=0.333 MD=0.333] | Lp=2.00 | n_eval=8
[Gen  17 | FE= 236/ 300] p_err=0.146 | 指标=MD     | score=2(极优) | Pw=[SDE=0.333 I+=0.333 MD=0.333] | Lp=1.15 | n_eval=8
[Gen  17 | FE= 236/ 300] p_err=0.209 | 指标=I_eps+ | score=2(极优) | Pw=[SDE=0.333 I+=0.333 MD=0.333] | Lp=2.40 | n_eval=8
[Gen  18 | FE= 244/ 300] p_err=0.354 | 指标=I_eps+ | score=2(极优) | Pw=[SDE=0.333 I+=0.333 MD=0.333] | Lp=3.10 | n_eval=8
[Gen  18 | FE= 244/ 300] p_err=0.249 | 指标=MD     | score=2(极优) | Pw=[SDE=0.333 I+=0.333 MD=0.333] | Lp=4.20 | n_eval=8
[Gen  18 | FE= 244/ 300] p_err=0.100 | 指标=SDE    | score=1(中  ) | Pw=[SDE=0.321 I+=0.340 MD=0.340] | Lp=2.00 | n_eval=8
[Gen  18 | FE= 244/ 300] p_err=0.271 | 指标=MD     | score=2(极优) | Pw=[SDE=0.333 I+=0.333 MD=0.333] | Lp=6.50 | n_eval=8
[Gen  18 | FE= 244/ 300] p_err=0.280 | 指标=I_eps+ | score=2(极优) | Pw=[SDE=0.340 I+=0.340 MD=0.319] | Lp=1.60 | n_eval=8
[Gen  18 | FE= 244/ 300] p_err=0.308 | 指标=I_eps+ | score=2(极优) | Pw=[SDE=0.333 I+=0.333 MD=0.333] | Lp=2.00 | n_eval=8
[Gen  18 | FE= 244/ 300] p_err=0.266 | 指标=SDE    | score=2(极优) | Pw=[SDE=0.333 I+=0.333 MD=0.333] | Lp=1.60 | n_eval=8
[Gen  19 | FE= 252/ 300] p_err=0.282 | 指标=MD     | score=1(中  ) | Pw=[SDE=0.340 I+=0.340 MD=0.319] | Lp=2.40 | n_eval=8
[Gen  18 | FE= 244/ 300] p_err=0.200 | 指标=I_eps+ | score=2(极优) | Pw=[SDE=0.333 I+=0.333 MD=0.333] | Lp=3.10 | n_eval=8
[Gen  19 | FE= 252/ 300] p_err=0.302 | 指标=MD     | score=2(极优) | Pw=[SDE=0.333 I+=0.333 MD=0.333] | Lp=4.20 | n_eval=8
[Gen  19 | FE= 252/ 300] p_err=0.124 | 指标=SDE    | score=2(极优) | Pw=[SDE=0.321 I+=0.340 MD=0.340] | Lp=2.00 | n_eval=8
[Gen  19 | FE= 252/ 300] p_err=0.327 | 指标=MD     | score=1(中  ) | Pw=[SDE=0.339 I+=0.339 MD=0.322] | Lp=6.50 | n_eval=8
[Gen  19 | FE= 252/ 300] p_err=0.298 | 指标=I_eps+ | score=2(极优) | Pw=[SDE=0.341 I+=0.341 MD=0.317] | Lp=2.40 | n_eval=8
[Gen  19 | FE= 252/ 300] p_err=0.247 | 指标=I_eps+ | score=2(极优) | Pw=[SDE=0.333 I+=0.333 MD=0.333] | Lp=2.40 | n_eval=8
[Gen  20 | FE= 260/ 300] p_err=0.302 | 指标=MD     | score=2(极优) | Pw=[SDE=0.340 I+=0.340 MD=0.319] | Lp=2.40 | n_eval=8
[Gen  19 | FE= 252/ 300] p_err=0.256 | 指标=SDE    | score=2(极优) | Pw=[SDE=0.333 I+=0.333 MD=0.333] | Lp=0.75 | n_eval=8
[Gen  19 | FE= 252/ 300] p_err=0.252 | 指标=I_eps+ | score=2(极优) | Pw=[SDE=0.333 I+=0.333 MD=0.333] | Lp=3.10 | n_eval=8
[Gen  20 | FE= 260/ 300] p_err=0.354 | 指标=MD     | score=2(极优) | Pw=[SDE=0.333 I+=0.333 MD=0.333] | Lp=4.20 | n_eval=8
[Gen  20 | FE= 260/ 300] p_err=0.193 | 指标=I_eps+ | score=1(中  ) | Pw=[SDE=0.333 I+=0.311 MD=0.356] | Lp=3.10 | n_eval=8
[Gen  20 | FE= 260/ 300] p_err=0.323 | 指标=I_eps+ | score=2(极优) | Pw=[SDE=0.340 I+=0.340 MD=0.321] | Lp=6.50 | n_eval=8
[Gen  20 | FE= 260/ 300] p_err=0.278 | 指标=MD     | score=2(极优) | Pw=[SDE=0.333 I+=0.333 MD=0.333] | Lp=2.00 | n_eval=8
[Gen  20 | FE= 260/ 300] p_err=0.454 | 指标=SDE    | score=2(极优) | Pw=[SDE=0.343 I+=0.343 MD=0.314] | Lp=2.00 | n_eval=8
[Gen  20 | FE= 260/ 300] p_err=0.191 | 指标=MD     | score=2(极优) | Pw=[SDE=0.333 I+=0.333 MD=0.333] | Lp=0.75 | n_eval=8
[Gen  20 | FE= 260/ 300] p_err=0.273 | 指标=I_eps+ | score=2(极优) | Pw=[SDE=0.333 I+=0.333 MD=0.333] | Lp=3.10 | n_eval=8
[Gen  21 | FE= 268/ 300] p_err=0.318 | 指标=SDE    | score=2(极优) | Pw=[SDE=0.340 I+=0.340 MD=0.319] | Lp=2.40 | n_eval=8
[Gen  21 | FE= 268/ 300] p_err=0.185 | 指标=I_eps+ | score=2(极优) | Pw=[SDE=0.333 I+=0.333 MD=0.333] | Lp=4.20 | n_eval=8
[Gen  21 | FE= 268/ 300] p_err=0.245 | 指标=SDE    | score=2(极优) | Pw=[SDE=0.335 I+=0.310 MD=0.355] | Lp=6.50 | n_eval=8
[Gen  21 | FE= 268/ 300] p_err=0.317 | 指标=MD     | score=2(极优) | Pw=[SDE=0.339 I+=0.339 MD=0.322] | Lp=6.50 | n_eval=8
[Gen  21 | FE= 268/ 300] p_err=0.301 | 指标=I_eps+ | score=2(极优) | Pw=[SDE=0.333 I+=0.333 MD=0.333] | Lp=3.10 | n_eval=8
[Gen  21 | FE= 268/ 300] p_err=0.490 | 指标=SDE    | score=2(极优) | Pw=[SDE=0.345 I+=0.345 MD=0.310] | Lp=2.40 | n_eval=8
[Gen  21 | FE= 268/ 300] p_err=0.269 | 指标=I_eps+ | score=2(极优) | Pw=[SDE=0.333 I+=0.333 MD=0.333] | Lp=1.60 | n_eval=8
[Gen  21 | FE= 268/ 300] p_err=0.382 | 指标=MD     | score=2(极优) | Pw=[SDE=0.333 I+=0.333 MD=0.333] | Lp=3.10 | n_eval=8
[Gen  22 | FE= 276/ 300] p_err=0.313 | 指标=MD     | score=2(极优) | Pw=[SDE=0.340 I+=0.340 MD=0.321] | Lp=6.50 | n_eval=8
[Gen  22 | FE= 276/ 300] p_err=0.211 | 指标=I_eps+ | score=2(极优) | Pw=[SDE=0.333 I+=0.333 MD=0.333] | Lp=6.50 | n_eval=8
[Gen  22 | FE= 276/ 300] p_err=0.295 | 指标=MD     | score=2(极优) | Pw=[SDE=0.335 I+=0.310 MD=0.355] | Lp=6.50 | n_eval=8
[Gen  22 | FE= 276/ 300] p_err=0.253 | 指标=I_eps+ | score=2(极优) | Pw=[SDE=0.333 I+=0.333 MD=0.333] | Lp=3.10 | n_eval=8
[Gen  22 | FE= 276/ 300] p_err=0.387 | 指标=SDE    | score=2(极优) | Pw=[SDE=0.339 I+=0.339 MD=0.322] | Lp=6.50 | n_eval=8
[Gen  22 | FE= 276/ 300] p_err=0.300 | 指标=MD     | score=2(极优) | Pw=[SDE=0.343 I+=0.343 MD=0.314] | Lp=2.40 | n_eval=8
[Gen  22 | FE= 276/ 300] p_err=0.276 | 指标=I_eps+ | score=2(极优) | Pw=[SDE=0.333 I+=0.333 MD=0.333] | Lp=1.60 | n_eval=8
[Gen  23 | FE= 284/ 300] p_err=0.250 | 指标=MD     | score=2(极优) | Pw=[SDE=0.339 I+=0.339 MD=0.322] | Lp=3.10 | n_eval=8
[Gen  22 | FE= 276/ 300] p_err=0.302 | 指标=MD     | score=2(极优) | Pw=[SDE=0.333 I+=0.333 MD=0.333] | Lp=3.10 | n_eval=8
[Gen  23 | FE= 284/ 300] p_err=0.237 | 指标=MD     | score=2(极优) | Pw=[SDE=0.333 I+=0.333 MD=0.333] | Lp=6.50 | n_eval=8
[Gen  23 | FE= 284/ 300] p_err=0.350 | 指标=SDE    | score=2(极优) | Pw=[SDE=0.335 I+=0.310 MD=0.355] | Lp=6.50 | n_eval=8
[Gen  23 | FE= 284/ 300] p_err=0.321 | 指标=MD     | score=2(极优) | Pw=[SDE=0.338 I+=0.338 MD=0.323] | Lp=6.50 | n_eval=8
[Gen  23 | FE= 284/ 300] p_err=0.317 | 指标=MD     | score=2(极优) | Pw=[SDE=0.333 I+=0.333 MD=0.333] | Lp=3.10 | n_eval=8
[Gen  23 | FE= 284/ 300] p_err=0.338 | 指标=I_eps+ | score=1(中  ) | Pw=[SDE=0.355 I+=0.325 MD=0.320] | Lp=2.40 | n_eval=8
[Gen  23 | FE= 284/ 300] p_err=0.315 | 指标=I_eps+ | score=2(极优) | Pw=[SDE=0.333 I+=0.333 MD=0.333] | Lp=2.00 | n_eval=8
[Gen  24 | FE= 292/ 300] p_err=0.317 | 指标=I_eps+ | score=2(极优) | Pw=[SDE=0.339 I+=0.339 MD=0.322] | Lp=3.10 | n_eval=8
[Gen  23 | FE= 284/ 300] p_err=0.305 | 指标=I_eps+ | score=2(极优) | Pw=[SDE=0.333 I+=0.333 MD=0.333] | Lp=1.35 | n_eval=8
[Gen  24 | FE= 292/ 300] p_err=0.387 | 指标=SDE    | score=2(极优) | Pw=[SDE=0.333 I+=0.333 MD=0.333] | Lp=6.50 | n_eval=8
[Gen  24 | FE= 292/ 300] p_err=0.381 | 指标=SDE    | score=2(极优) | Pw=[SDE=0.335 I+=0.310 MD=0.355] | Lp=4.20 | n_eval=8
[Gen  24 | FE= 292/ 300] p_err=0.340 | 指标=MD     | score=2(极优) | Pw=[SDE=0.333 I+=0.333 MD=0.333] | Lp=3.10 | n_eval=8
[Gen  24 | FE= 292/ 300] p_err=0.445 | 指标=SDE    | score=2(极优) | Pw=[SDE=0.338 I+=0.338 MD=0.323] | Lp=6.50 | n_eval=8
[Gen  24 | FE= 292/ 300] p_err=0.338 | 指标=I_eps+ | score=2(极优) | Pw=[SDE=0.354 I+=0.328 MD=0.318] | Lp=2.00 | n_eval=8
[Gen  24 | FE= 292/ 300] p_err=0.249 | 指标=MD     | score=2(极优) | Pw=[SDE=0.333 I+=0.333 MD=0.333] | Lp=2.00 | n_eval=8
[Gen  25 | FE= 300/ 300] p_err=0.418 | 指标=SDE    | score=2(极优) | Pw=[SDE=0.340 I+=0.340 MD=0.321] | Lp=3.10 | n_eval=8
[Gen  25 | FE= 300/ 300] p_err=0.376 | 指标=MD     | score=2(极优) | Pw=[SDE=0.333 I+=0.333 MD=0.333] | Lp=4.20 | n_eval=8
[Gen  24 | FE= 292/ 300] p_err=0.276 | 指标=I_eps+ | score=2(极优) | Pw=[SDE=0.333 I+=0.333 MD=0.333] | Lp=1.60 | n_eval=8
[Gen  25 | FE= 300/ 300] p_err=0.345 | 指标=I_eps+ | score=2(极优) | Pw=[SDE=0.332 I+=0.316 MD=0.352] | Lp=6.50 | n_eval=8
[Gen  25 | FE= 300/ 300] p_err=0.208 | 指标=I_eps+ | score=2(极优) | Pw=[SDE=0.333 I+=0.333 MD=0.333] | Lp=3.10 | n_eval=8
[Gen  25 | FE= 300/ 300] p_err=0.306 | 指标=I_eps+ | score=2(极优) | Pw=[SDE=0.339 I+=0.339 MD=0.322] | Lp=6.50 | n_eval=8
[Gen  25 | FE= 300/ 300] p_err=0.390 | 指标=I_eps+ | score=2(极优) | Pw=[SDE=0.354 I+=0.328 MD=0.318] | Lp=1.60 | n_eval=8
[Gen  25 | FE= 300/ 300] p_err=0.338 | 指标=SDE    | score=2(极优) | Pw=[SDE=0.333 I+=0.333 MD=0.333] | Lp=1.60 | n_eval=8
[Gen  25 | FE= 300/ 300] p_err=0.340 | 指标=MD     | score=2(极优) | Pw=[SDE=0.333 I+=0.333 MD=0.333] | Lp=1.60 | n_eval=8
[Gen   1 | FE= 108/ 300] p_err=0.177 | 指标=SDE    | score=2(极优) | Pw=[SDE=0.333 I+=0.333 MD=0.333] | Lp=2.40 | n_eval=8
[Gen   1 | FE= 108/ 300] p_err=0.142 | 指标=SDE    | score=2(极优) | Pw=[SDE=0.333 I+=0.333 MD=0.333] | Lp=1.60 | n_eval=8
[Gen   1 | FE= 108/ 300] p_err=0.188 | 指标=MD     | score=2(极优) | Pw=[SDE=0.333 I+=0.333 MD=0.333] | Lp=2.00 | n_eval=8
[Gen   1 | FE= 108/ 300] p_err=0.181 | 指标=I_eps+ | score=2(极优) | Pw=[SDE=0.333 I+=0.333 MD=0.333] | Lp=1.60 | n_eval=8
[Gen   1 | FE= 108/ 300] p_err=0.159 | 指标=SDE    | score=2(极优) | Pw=[SDE=0.333 I+=0.333 MD=0.333] | Lp=2.00 | n_eval=8
[Gen   1 | FE= 108/ 300] p_err=0.181 | 指标=I_eps+ | score=2(极优) | Pw=[SDE=0.333 I+=0.333 MD=0.333] | Lp=1.60 | n_eval=8
[Gen   1 | FE= 108/ 300] p_err=0.202 | 指标=I_eps+ | score=2(极优) | Pw=[SDE=0.333 I+=0.333 MD=0.333] | Lp=2.00 | n_eval=8
[Gen   2 | FE= 116/ 300] p_err=0.195 | 指标=MD     | score=2(极优) | Pw=[SDE=0.333 I+=0.333 MD=0.333] | Lp=2.40 | n_eval=8
[Gen   2 | FE= 116/ 300] p_err=0.210 | 指标=MD     | score=2(极优) | Pw=[SDE=0.333 I+=0.333 MD=0.333] | Lp=1.60 | n_eval=8
[Gen   2 | FE= 116/ 300] p_err=0.200 | 指标=MD     | score=2(极优) | Pw=[SDE=0.333 I+=0.333 MD=0.333] | Lp=4.20 | n_eval=8
[Gen   2 | FE= 116/ 300] p_err=0.162 | 指标=SDE    | score=2(极优) | Pw=[SDE=0.333 I+=0.333 MD=0.333] | Lp=3.10 | n_eval=8
[Gen   2 | FE= 116/ 300] p_err=0.157 | 指标=SDE    | score=2(极优) | Pw=[SDE=0.333 I+=0.333 MD=0.333] | Lp=2.40 | n_eval=8
[Gen   2 | FE= 116/ 300] p_err=0.199 | 指标=I_eps+ | score=2(极优) | Pw=[SDE=0.333 I+=0.333 MD=0.333] | Lp=2.40 | n_eval=8
[Gen   2 | FE= 116/ 300] p_err=0.214 | 指标=MD     | score=2(极优) | Pw=[SDE=0.333 I+=0.333 MD=0.333] | Lp=2.00 | n_eval=8
[Gen   3 | FE= 124/ 300] p_err=0.234 | 指标=MD     | score=2(极优) | Pw=[SDE=0.333 I+=0.333 MD=0.333] | Lp=4.20 | n_eval=8
[Gen   3 | FE= 124/ 300] p_err=0.214 | 指标=I_eps+ | score=2(极优) | Pw=[SDE=0.333 I+=0.333 MD=0.333] | Lp=2.00 | n_eval=8
[Gen   3 | FE= 124/ 300] p_err=0.261 | 指标=SDE    | score=2(极优) | Pw=[SDE=0.333 I+=0.333 MD=0.333] | Lp=3.10 | n_eval=8
[Gen   3 | FE= 124/ 300] p_err=0.168 | 指标=I_eps+ | score=2(极优) | Pw=[SDE=0.333 I+=0.333 MD=0.333] | Lp=2.40 | n_eval=8
[Gen   3 | FE= 124/ 300] p_err=0.204 | 指标=I_eps+ | score=2(极优) | Pw=[SDE=0.333 I+=0.333 MD=0.333] | Lp=2.40 | n_eval=8
[Gen   3 | FE= 124/ 300] p_err=0.214 | 指标=MD     | score=2(极优) | Pw=[SDE=0.333 I+=0.333 MD=0.333] | Lp=2.40 | n_eval=8
[Gen   3 | FE= 124/ 300] p_err=0.165 | 指标=SDE    | score=2(极优) | Pw=[SDE=0.333 I+=0.333 MD=0.333] | Lp=4.20 | n_eval=8
[Gen   4 | FE= 132/ 300] p_err=0.335 | 指标=I_eps+ | score=2(极优) | Pw=[SDE=0.333 I+=0.333 MD=0.333] | Lp=2.40 | n_eval=8
[Gen   4 | FE= 132/ 300] p_err=0.249 | 指标=I_eps+ | score=2(极优) | Pw=[SDE=0.333 I+=0.333 MD=0.333] | Lp=4.20 | n_eval=8
[Gen   4 | FE= 132/ 300] p_err=0.228 | 指标=I_eps+ | score=2(极优) | Pw=[SDE=0.333 I+=0.333 MD=0.333] | Lp=2.40 | n_eval=8
[Gen   4 | FE= 132/ 300] p_err=0.184 | 指标=I_eps+ | score=2(极优) | Pw=[SDE=0.333 I+=0.333 MD=0.333] | Lp=2.40 | n_eval=8
[Gen   4 | FE= 132/ 300] p_err=0.233 | 指标=MD     | score=2(极优) | Pw=[SDE=0.333 I+=0.333 MD=0.333] | Lp=2.40 | n_eval=8
[Gen   4 | FE= 132/ 300] p_err=0.160 | 指标=I_eps+ | score=2(极优) | Pw=[SDE=0.333 I+=0.333 MD=0.333] | Lp=3.10 | n_eval=8
[Gen   5 | FE= 140/ 300] p_err=0.234 | 指标=I_eps+ | score=2(极优) | Pw=[SDE=0.333 I+=0.333 MD=0.333] | Lp=2.40 | n_eval=8
[Gen   5 | FE= 140/ 300] p_err=0.307 | 指标=I_eps+ | score=2(极优) | Pw=[SDE=0.333 I+=0.333 MD=0.333] | Lp=3.10 | n_eval=8
[Gen   4 | FE= 132/ 300] p_err=0.138 | 指标=MD     | score=2(极优) | Pw=[SDE=0.333 I+=0.333 MD=0.333] | Lp=4.20 | n_eval=8
[Gen   5 | FE= 140/ 300] p_err=0.292 | 指标=MD     | score=2(极优) | Pw=[SDE=0.333 I+=0.333 MD=0.333] | Lp=2.00 | n_eval=8
[Gen   5 | FE= 140/ 300] p_err=0.210 | 指标=I_eps+ | score=2(极优) | Pw=[SDE=0.333 I+=0.333 MD=0.333] | Lp=2.00 | n_eval=8
[Gen   5 | FE= 140/ 300] p_err=0.134 | 指标=I_eps+ | score=2(极优) | Pw=[SDE=0.333 I+=0.333 MD=0.333] | Lp=2.40 | n_eval=8
[Gen   5 | FE= 140/ 300] p_err=0.196 | 指标=I_eps+ | score=2(极优) | Pw=[SDE=0.333 I+=0.333 MD=0.333] | Lp=3.10 | n_eval=8
[Gen   6 | FE= 148/ 300] p_err=0.214 | 指标=I_eps+ | score=2(极优) | Pw=[SDE=0.333 I+=0.333 MD=0.333] | Lp=2.40 | n_eval=8
[Gen   5 | FE= 140/ 300] p_err=0.200 | 指标=I_eps+ | score=2(极优) | Pw=[SDE=0.333 I+=0.333 MD=0.333] | Lp=4.20 | n_eval=8
[Gen   6 | FE= 148/ 300] p_err=0.223 | 指标=I_eps+ | score=2(极优) | Pw=[SDE=0.333 I+=0.333 MD=0.333] | Lp=3.10 | n_eval=8
[Gen   6 | FE= 148/ 300] p_err=0.285 | 指标=MD     | score=2(极优) | Pw=[SDE=0.333 I+=0.333 MD=0.333] | Lp=2.00 | n_eval=8
[Gen   6 | FE= 148/ 300] p_err=0.323 | 指标=SDE    | score=2(极优) | Pw=[SDE=0.333 I+=0.333 MD=0.333] | Lp=2.40 | n_eval=8
[Gen   6 | FE= 148/ 300] p_err=0.209 | 指标=I_eps+ | score=2(极优) | Pw=[SDE=0.333 I+=0.333 MD=0.333] | Lp=1.60 | n_eval=8
[Gen   6 | FE= 148/ 300] p_err=0.242 | 指标=MD     | score=2(极优) | Pw=[SDE=0.333 I+=0.333 MD=0.333] | Lp=4.20 | n_eval=8
[Gen   7 | FE= 156/ 300] p_err=0.228 | 指标=MD     | score=2(极优) | Pw=[SDE=0.333 I+=0.333 MD=0.333] | Lp=2.40 | n_eval=8
[Gen   7 | FE= 156/ 300] p_err=0.375 | 指标=SDE    | score=2(极优) | Pw=[SDE=0.333 I+=0.333 MD=0.333] | Lp=3.10 | n_eval=8
[Gen   6 | FE= 148/ 300] p_err=0.287 | 指标=SDE    | score=2(极优) | Pw=[SDE=0.333 I+=0.333 MD=0.333] | Lp=4.20 | n_eval=8
[Gen   7 | FE= 156/ 300] p_err=0.317 | 指标=I_eps+ | score=2(极优) | Pw=[SDE=0.333 I+=0.333 MD=0.333] | Lp=2.40 | n_eval=8
[Gen   7 | FE= 156/ 300] p_err=0.220 | 指标=SDE    | score=2(极优) | Pw=[SDE=0.333 I+=0.333 MD=0.333] | Lp=2.00 | n_eval=8
[Gen   7 | FE= 156/ 300] p_err=0.244 | 指标=MD     | score=2(极优) | Pw=[SDE=0.333 I+=0.333 MD=0.333] | Lp=2.40 | n_eval=8
[Gen   7 | FE= 156/ 300] p_err=0.252 | 指标=SDE    | score=2(极优) | Pw=[SDE=0.333 I+=0.333 MD=0.333] | Lp=3.10 | n_eval=8
[Gen   8 | FE= 164/ 300] p_err=0.194 | 指标=MD     | score=2(极优) | Pw=[SDE=0.333 I+=0.333 MD=0.333] | Lp=1.60 | n_eval=8
[Gen   8 | FE= 164/ 300] p_err=0.233 | 指标=MD     | score=2(极优) | Pw=[SDE=0.333 I+=0.333 MD=0.333] | Lp=3.10 | n_eval=8
[Gen   7 | FE= 156/ 300] p_err=0.152 | 指标=MD     | score=2(极优) | Pw=[SDE=0.333 I+=0.333 MD=0.333] | Lp=4.20 | n_eval=8
[Gen   8 | FE= 164/ 300] p_err=0.331 | 指标=I_eps+ | score=2(极优) | Pw=[SDE=0.333 I+=0.333 MD=0.333] | Lp=2.00 | n_eval=8
[Gen   8 | FE= 164/ 300] p_err=0.243 | 指标=I_eps+ | score=2(极优) | Pw=[SDE=0.333 I+=0.333 MD=0.333] | Lp=1.60 | n_eval=8
[Gen   8 | FE= 164/ 300] p_err=0.232 | 指标=SDE    | score=2(极优) | Pw=[SDE=0.333 I+=0.333 MD=0.333] | Lp=2.00 | n_eval=8
[Gen   8 | FE= 164/ 300] p_err=0.244 | 指标=MD     | score=2(极优) | Pw=[SDE=0.333 I+=0.333 MD=0.333] | Lp=2.40 | n_eval=8
[Gen   9 | FE= 172/ 300] p_err=0.257 | 指标=MD     | score=2(极优) | Pw=[SDE=0.333 I+=0.333 MD=0.333] | Lp=2.40 | n_eval=8
[Gen   8 | FE= 164/ 300] p_err=0.202 | 指标=I_eps+ | score=2(极优) | Pw=[SDE=0.333 I+=0.333 MD=0.333] | Lp=3.10 | n_eval=8
[Gen   9 | FE= 172/ 300] p_err=0.218 | 指标=SDE    | score=2(极优) | Pw=[SDE=0.333 I+=0.333 MD=0.333] | Lp=2.40 | n_eval=8
[Gen   9 | FE= 172/ 300] p_err=0.356 | 指标=I_eps+ | score=2(极优) | Pw=[SDE=0.333 I+=0.333 MD=0.333] | Lp=1.35 | n_eval=8
[Gen   9 | FE= 172/ 300] p_err=0.407 | 指标=SDE    | score=2(极优) | Pw=[SDE=0.333 I+=0.333 MD=0.333] | Lp=2.40 | n_eval=8
[Gen   9 | FE= 172/ 300] p_err=0.239 | 指标=I_eps+ | score=2(极优) | Pw=[SDE=0.333 I+=0.333 MD=0.333] | Lp=2.00 | n_eval=8
[Gen   9 | FE= 172/ 300] p_err=0.311 | 指标=MD     | score=2(极优) | Pw=[SDE=0.333 I+=0.333 MD=0.333] | Lp=2.40 | n_eval=8
[Gen  10 | FE= 180/ 300] p_err=0.281 | 指标=I_eps+ | score=2(极优) | Pw=[SDE=0.333 I+=0.333 MD=0.333] | Lp=1.35 | n_eval=8
[Gen   9 | FE= 172/ 300] p_err=0.214 | 指标=MD     | score=2(极优) | Pw=[SDE=0.333 I+=0.333 MD=0.333] | Lp=3.10 | n_eval=8
[Gen  10 | FE= 180/ 300] p_err=0.246 | 指标=I_eps+ | score=2(极优) | Pw=[SDE=0.333 I+=0.333 MD=0.333] | Lp=2.00 | n_eval=8
[Gen  10 | FE= 180/ 300] p_err=0.420 | 指标=SDE    | score=2(极优) | Pw=[SDE=0.333 I+=0.333 MD=0.333] | Lp=1.60 | n_eval=8
[Gen  10 | FE= 180/ 300] p_err=0.312 | 指标=MD     | score=2(极优) | Pw=[SDE=0.333 I+=0.333 MD=0.333] | Lp=2.00 | n_eval=8
[Gen  10 | FE= 180/ 300] p_err=0.255 | 指标=I_eps+ | score=2(极优) | Pw=[SDE=0.333 I+=0.333 MD=0.333] | Lp=1.35 | n_eval=8
[Gen  10 | FE= 180/ 300] p_err=0.234 | 指标=MD     | score=2(极优) | Pw=[SDE=0.333 I+=0.333 MD=0.333] | Lp=2.40 | n_eval=8
[Gen  11 | FE= 188/ 300] p_err=0.230 | 指标=I_eps+ | score=2(极优) | Pw=[SDE=0.333 I+=0.333 MD=0.333] | Lp=1.60 | n_eval=8
[Gen  10 | FE= 180/ 300] p_err=0.225 | 指标=I_eps+ | score=2(极优) | Pw=[SDE=0.333 I+=0.333 MD=0.333] | Lp=3.10 | n_eval=8
[Gen  11 | FE= 188/ 300] p_err=0.206 | 指标=MD     | score=2(极优) | Pw=[SDE=0.333 I+=0.333 MD=0.333] | Lp=2.40 | n_eval=8
[Gen  11 | FE= 188/ 300] p_err=0.399 | 指标=SDE    | score=2(极优) | Pw=[SDE=0.333 I+=0.333 MD=0.333] | Lp=1.60 | n_eval=8
[Gen  11 | FE= 188/ 300] p_err=0.307 | 指标=MD     | score=2(极优) | Pw=[SDE=0.333 I+=0.333 MD=0.333] | Lp=6.50 | n_eval=8
[Gen  11 | FE= 188/ 300] p_err=0.297 | 指标=SDE    | score=2(极优) | Pw=[SDE=0.333 I+=0.333 MD=0.333] | Lp=2.00 | n_eval=8
[Gen  11 | FE= 188/ 300] p_err=0.265 | 指标=MD     | score=1(中  ) | Pw=[SDE=0.337 I+=0.337 MD=0.326] | Lp=2.40 | n_eval=8
[Gen  12 | FE= 196/ 300] p_err=0.274 | 指标=I_eps+ | score=2(极优) | Pw=[SDE=0.333 I+=0.333 MD=0.333] | Lp=1.00 | n_eval=8
[Gen  12 | FE= 196/ 300] p_err=0.247 | 指标=I_eps+ | score=2(极优) | Pw=[SDE=0.333 I+=0.333 MD=0.333] | Lp=2.00 | n_eval=8
[Gen  11 | FE= 188/ 300] p_err=0.372 | 指标=SDE    | score=2(极优) | Pw=[SDE=0.333 I+=0.333 MD=0.333] | Lp=2.40 | n_eval=8
[Gen  12 | FE= 196/ 300] p_err=0.198 | 指标=MD     | score=2(极优) | Pw=[SDE=0.333 I+=0.333 MD=0.333] | Lp=2.00 | n_eval=8
[Gen  12 | FE= 196/ 300] p_err=0.292 | 指标=MD     | score=2(极优) | Pw=[SDE=0.333 I+=0.333 MD=0.333] | Lp=0.75 | n_eval=8
[Gen  12 | FE= 196/ 300] p_err=0.251 | 指标=I_eps+ | score=2(极优) | Pw=[SDE=0.333 I+=0.333 MD=0.333] | Lp=3.10 | n_eval=8
[Gen  12 | FE= 196/ 300] p_err=0.293 | 指标=I_eps+ | score=2(极优) | Pw=[SDE=0.337 I+=0.337 MD=0.325] | Lp=2.40 | n_eval=8
[Gen  13 | FE= 204/ 300] p_err=0.198 | 指标=MD     | score=2(极优) | Pw=[SDE=0.333 I+=0.333 MD=0.333] | Lp=0.66 | n_eval=8
[Gen  13 | FE= 204/ 300] p_err=0.348 | 指标=SDE    | score=2(极优) | Pw=[SDE=0.333 I+=0.333 MD=0.333] | Lp=2.00 | n_eval=8
[Gen  12 | FE= 196/ 300] p_err=0.406 | 指标=SDE    | score=2(极优) | Pw=[SDE=0.333 I+=0.333 MD=0.333] | Lp=3.10 | n_eval=8
[Gen  13 | FE= 204/ 300] p_err=0.260 | 指标=MD     | score=2(极优) | Pw=[SDE=0.333 I+=0.333 MD=0.333] | Lp=1.60 | n_eval=8
[Gen  13 | FE= 204/ 300] p_err=0.362 | 指标=SDE    | score=2(极优) | Pw=[SDE=0.333 I+=0.333 MD=0.333] | Lp=0.66 | n_eval=8
[Gen  13 | FE= 204/ 300] p_err=0.398 | 指标=SDE    | score=2(极优) | Pw=[SDE=0.333 I+=0.333 MD=0.333] | Lp=3.10 | n_eval=8
[Gen  14 | FE= 212/ 300] p_err=0.412 | 指标=SDE    | score=1(中  ) | Pw=[SDE=0.319 I+=0.340 MD=0.340] | Lp=0.86 | n_eval=8
[Gen  13 | FE= 204/ 300] p_err=0.297 | 指标=SDE    | score=2(极优) | Pw=[SDE=0.338 I+=0.338 MD=0.325] | Lp=2.40 | n_eval=8
[Gen  14 | FE= 212/ 300] p_err=0.271 | 指标=I_eps+ | score=2(极优) | Pw=[SDE=0.333 I+=0.333 MD=0.333] | Lp=2.40 | n_eval=8
[Gen  13 | FE= 204/ 300] p_err=0.337 | 指标=SDE    | score=2(极优) | Pw=[SDE=0.333 I+=0.333 MD=0.333] | Lp=3.10 | n_eval=8
[Gen  14 | FE= 212/ 300] p_err=0.276 | 指标=MD     | score=2(极优) | Pw=[SDE=0.333 I+=0.333 MD=0.333] | Lp=1.60 | n_eval=8
[Gen  14 | FE= 212/ 300] p_err=0.374 | 指标=MD     | score=2(极优) | Pw=[SDE=0.333 I+=0.333 MD=0.333] | Lp=2.40 | n_eval=8
[Gen  14 | FE= 212/ 300] p_err=0.168 | 指标=MD     | score=2(极优) | Pw=[SDE=0.333 I+=0.333 MD=0.333] | Lp=0.57 | n_eval=8
[Gen  15 | FE= 220/ 300] p_err=0.283 | 指标=MD     | score=2(极优) | Pw=[SDE=0.333 I+=0.333 MD=0.333] | Lp=2.40 | n_eval=8
[Gen  14 | FE= 212/ 300] p_err=0.279 | 指标=I_eps+ | score=2(极优) | Pw=[SDE=0.338 I+=0.338 MD=0.324] | Lp=2.40 | n_eval=8
[Gen  15 | FE= 220/ 300] p_err=0.327 | 指标=SDE    | score=2(极优) | Pw=[SDE=0.319 I+=0.340 MD=0.340] | Lp=0.86 | n_eval=8
[Gen  14 | FE= 212/ 300] p_err=0.278 | 指标=MD     | score=1(中  ) | Pw=[SDE=0.338 I+=0.338 MD=0.323] | Lp=6.50 | n_eval=8
[Gen  15 | FE= 220/ 300] p_err=0.181 | 指标=MD     | score=2(极优) | Pw=[SDE=0.333 I+=0.333 MD=0.333] | Lp=1.60 | n_eval=8
[Gen  15 | FE= 220/ 300] p_err=0.246 | 指标=MD     | score=2(极优) | Pw=[SDE=0.333 I+=0.333 MD=0.333] | Lp=2.40 | n_eval=8
[Gen  15 | FE= 220/ 300] p_err=0.459 | 指标=SDE    | score=2(极优) | Pw=[SDE=0.333 I+=0.333 MD=0.333] | Lp=0.66 | n_eval=8
[Gen  16 | FE= 228/ 300] p_err=0.415 | 指标=SDE    | score=2(极优) | Pw=[SDE=0.333 I+=0.333 MD=0.333] | Lp=2.40 | n_eval=8
[Gen  15 | FE= 220/ 300] p_err=0.330 | 指标=I_eps+ | score=2(极优) | Pw=[SDE=0.338 I+=0.338 MD=0.323] | Lp=2.40 | n_eval=8
[Gen  16 | FE= 228/ 300] p_err=0.213 | 指标=MD     | score=2(极优) | Pw=[SDE=0.317 I+=0.341 MD=0.341] | Lp=0.86 | n_eval=8
[Gen  15 | FE= 220/ 300] p_err=0.266 | 指标=I_eps+ | score=2(极优) | Pw=[SDE=0.339 I+=0.339 MD=0.322] | Lp=6.50 | n_eval=8
[Gen  16 | FE= 228/ 300] p_err=0.348 | 指标=I_eps+ | score=2(极优) | Pw=[SDE=0.333 I+=0.333 MD=0.333] | Lp=1.60 | n_eval=8
[Gen  16 | FE= 228/ 300] p_err=0.385 | 指标=MD     | score=1(中  ) | Pw=[SDE=0.340 I+=0.340 MD=0.321] | Lp=3.10 | n_eval=8
[Gen  16 | FE= 228/ 300] p_err=0.288 | 指标=MD     | score=2(极优) | Pw=[SDE=0.333 I+=0.333 MD=0.333] | Lp=1.35 | n_eval=8
[Gen  17 | FE= 236/ 300] p_err=0.230 | 指标=I_eps+ | score=2(极优) | Pw=[SDE=0.333 I+=0.333 MD=0.333] | Lp=2.40 | n_eval=8
[Gen  16 | FE= 228/ 300] p_err=0.415 | 指标=SDE    | score=2(极优) | Pw=[SDE=0.339 I+=0.339 MD=0.322] | Lp=2.40 | n_eval=8
[Gen  17 | FE= 236/ 300] p_err=0.401 | 指标=SDE    | score=2(极优) | Pw=[SDE=0.317 I+=0.341 MD=0.341] | Lp=0.57 | n_eval=8
[Gen  17 | FE= 236/ 300] p_err=0.445 | 指标=SDE    | score=2(极优) | Pw=[SDE=0.333 I+=0.333 MD=0.333] | Lp=1.60 | n_eval=8
[Gen  17 | FE= 236/ 300] p_err=0.456 | 指标=SDE    | score=2(极优) | Pw=[SDE=0.340 I+=0.340 MD=0.319] | Lp=3.10 | n_eval=8
[Gen  17 | FE= 236/ 300] p_err=0.397 | 指标=SDE    | score=2(极优) | Pw=[SDE=0.333 I+=0.333 MD=0.333] | Lp=1.35 | n_eval=8
[Gen  18 | FE= 244/ 300] p_err=0.310 | 指标=MD     | score=2(极优) | Pw=[SDE=0.333 I+=0.333 MD=0.333] | Lp=4.20 | n_eval=8
[Gen  16 | FE= 228/ 300] p_err=0.250 | 指标=SDE    | score=1(中  ) | Pw=[SDE=0.328 I+=0.345 MD=0.326] | Lp=6.50 | n_eval=8
[Gen  17 | FE= 236/ 300] p_err=0.336 | 指标=MD     | score=2(极优) | Pw=[SDE=0.339 I+=0.339 MD=0.322] | Lp=2.40 | n_eval=8
[Gen  18 | FE= 244/ 300] p_err=0.227 | 指标=MD     | score=2(极优) | Pw=[SDE=0.314 I+=0.343 MD=0.343] | Lp=1.00 | n_eval=8
[Gen  18 | FE= 244/ 300] p_err=0.271 | 指标=MD     | score=1(中  ) | Pw=[SDE=0.339 I+=0.339 MD=0.322] | Lp=1.60 | n_eval=8
[Gen  18 | FE= 244/ 300] p_err=0.313 | 指标=MD     | score=2(极优) | Pw=[SDE=0.340 I+=0.340 MD=0.319] | Lp=3.10 | n_eval=8
[Gen  18 | FE= 244/ 300] p_err=0.307 | 指标=MD     | score=2(极优) | Pw=[SDE=0.333 I+=0.333 MD=0.333] | Lp=1.35 | n_eval=8
[Gen  19 | FE= 252/ 300] p_err=0.221 | 指标=I_eps+ | score=2(极优) | Pw=[SDE=0.333 I+=0.333 MD=0.333] | Lp=6.50 | n_eval=8
[Gen  17 | FE= 236/ 300] p_err=0.433 | 指标=SDE    | score=2(极优) | Pw=[SDE=0.329 I+=0.346 MD=0.325] | Lp=6.50 | n_eval=8
[Gen  18 | FE= 244/ 300] p_err=0.383 | 指标=I_eps+ | score=2(极优) | Pw=[SDE=0.340 I+=0.340 MD=0.321] | Lp=2.40 | n_eval=8
[Gen  19 | FE= 252/ 300] p_err=0.210 | 指标=MD     | score=2(极优) | Pw=[SDE=0.310 I+=0.345 MD=0.345] | Lp=0.36 | n_eval=8
[Gen  19 | FE= 252/ 300] p_err=0.459 | 指标=SDE    | score=2(极优) | Pw=[SDE=0.340 I+=0.340 MD=0.321] | Lp=1.60 | n_eval=8
[Gen  19 | FE= 252/ 300] p_err=0.431 | 指标=SDE    | score=2(极优) | Pw=[SDE=0.341 I+=0.341 MD=0.317] | Lp=3.10 | n_eval=8
[Gen  20 | FE= 260/ 300] p_err=0.357 | 指标=MD     | score=2(极优) | Pw=[SDE=0.333 I+=0.333 MD=0.333] | Lp=6.50 | n_eval=8
[Gen  19 | FE= 252/ 300] p_err=0.462 | 指标=SDE    | score=2(极优) | Pw=[SDE=0.333 I+=0.333 MD=0.333] | Lp=0.86 | n_eval=8
[Gen  18 | FE= 244/ 300] p_err=0.387 | 指标=SDE    | score=2(极优) | Pw=[SDE=0.330 I+=0.347 MD=0.323] | Lp=2.00 | n_eval=8
[Gen  19 | FE= 252/ 300] p_err=0.253 | 指标=I_eps+ | score=2(极优) | Pw=[SDE=0.340 I+=0.340 MD=0.319] | Lp=2.00 | n_eval=8
[Gen  20 | FE= 260/ 300] p_err=0.424 | 指标=SDE    | score=2(极优) | Pw=[SDE=0.310 I+=0.345 MD=0.345] | Lp=0.50 | n_eval=8
[Gen  20 | FE= 260/ 300] p_err=0.214 | 指标=MD     | score=2(极优) | Pw=[SDE=0.340 I+=0.340 MD=0.321] | Lp=1.60 | n_eval=8
[Gen  20 | FE= 260/ 300] p_err=0.252 | 指标=I_eps+ | score=2(极优) | Pw=[SDE=0.343 I+=0.343 MD=0.314] | Lp=2.40 | n_eval=8
[Gen  20 | FE= 260/ 300] p_err=0.262 | 指标=MD     | score=2(极优) | Pw=[SDE=0.333 I+=0.333 MD=0.333] | Lp=0.86 | n_eval=8
[Gen  21 | FE= 268/ 300] p_err=0.362 | 指标=SDE    | score=2(极优) | Pw=[SDE=0.333 I+=0.333 MD=0.333] | Lp=4.20 | n_eval=8
[Gen  19 | FE= 252/ 300] p_err=0.305 | 指标=MD     | score=2(极优) | Pw=[SDE=0.329 I+=0.348 MD=0.323] | Lp=1.60 | n_eval=8
[Gen  20 | FE= 260/ 300] p_err=0.329 | 指标=MD     | score=2(极优) | Pw=[SDE=0.340 I+=0.340 MD=0.319] | Lp=2.40 | n_eval=8
[Gen  21 | FE= 268/ 300] p_err=0.378 | 指标=I_eps+ | score=2(极优) | Pw=[SDE=0.304 I+=0.348 MD=0.348] | Lp=0.57 | n_eval=8
[Gen  21 | FE= 268/ 300] p_err=0.257 | 指标=I_eps+ | score=2(极优) | Pw=[SDE=0.343 I+=0.343 MD=0.314] | Lp=2.40 | n_eval=8
[Gen  21 | FE= 268/ 300] p_err=0.215 | 指标=MD     | score=2(极优) | Pw=[SDE=0.340 I+=0.340 MD=0.321] | Lp=1.60 | n_eval=8
[Gen  21 | FE= 268/ 300] p_err=0.239 | 指标=MD     | score=2(极优) | Pw=[SDE=0.333 I+=0.333 MD=0.333] | Lp=0.86 | n_eval=8
[Gen  22 | FE= 276/ 300] p_err=0.276 | 指标=I_eps+ | score=2(极优) | Pw=[SDE=0.333 I+=0.333 MD=0.333] | Lp=6.50 | n_eval=8
[Gen  20 | FE= 260/ 300] p_err=0.298 | 指标=MD     | score=2(极优) | Pw=[SDE=0.327 I+=0.349 MD=0.324] | Lp=1.35 | n_eval=8
[Gen  21 | FE= 268/ 300] p_err=0.252 | 指标=I_eps+ | score=2(极优) | Pw=[SDE=0.340 I+=0.340 MD=0.319] | Lp=2.40 | n_eval=8
[Gen  22 | FE= 276/ 300] p_err=0.289 | 指标=MD     | score=2(极优) | Pw=[SDE=0.304 I+=0.348 MD=0.348] | Lp=0.86 | n_eval=8
[Gen  22 | FE= 276/ 300] p_err=0.278 | 指标=I_eps+ | score=2(极优) | Pw=[SDE=0.340 I+=0.340 MD=0.319] | Lp=1.60 | n_eval=8
[Gen  22 | FE= 276/ 300] p_err=0.278 | 指标=I_eps+ | score=2(极优) | Pw=[SDE=0.343 I+=0.343 MD=0.314] | Lp=1.60 | n_eval=8
[Gen  23 | FE= 284/ 300] p_err=0.254 | 指标=I_eps+ | score=2(极优) | Pw=[SDE=0.333 I+=0.333 MD=0.333] | Lp=6.50 | n_eval=8
[Gen  22 | FE= 276/ 300] p_err=0.314 | 指标=I_eps+ | score=2(极优) | Pw=[SDE=0.333 I+=0.333 MD=0.333] | Lp=1.15 | n_eval=8
[Gen  21 | FE= 268/ 300] p_err=0.319 | 指标=MD     | score=2(极优) | Pw=[SDE=0.326 I+=0.348 MD=0.326] | Lp=1.35 | n_eval=8
[Gen  22 | FE= 276/ 300] p_err=0.352 | 指标=MD     | score=2(极优) | Pw=[SDE=0.340 I+=0.340 MD=0.321] | Lp=2.00 | n_eval=8
[Gen  23 | FE= 284/ 300] p_err=0.286 | 指标=I_eps+ | score=2(极优) | Pw=[SDE=0.304 I+=0.348 MD=0.348] | Lp=0.75 | n_eval=8
[Gen  23 | FE= 284/ 300] p_err=0.270 | 指标=I_eps+ | score=2(极优) | Pw=[SDE=0.340 I+=0.340 MD=0.319] | Lp=1.60 | n_eval=8
[Gen  24 | FE= 292/ 300] p_err=0.222 | 指标=MD     | score=2(极优) | Pw=[SDE=0.333 I+=0.333 MD=0.333] | Lp=6.50 | n_eval=8
[Gen  23 | FE= 284/ 300] p_err=0.239 | 指标=MD     | score=2(极优) | Pw=[SDE=0.341 I+=0.341 MD=0.317] | Lp=1.60 | n_eval=8
[Gen  22 | FE= 276/ 300] p_err=0.344 | 指标=I_eps+ | score=2(极优) | Pw=[SDE=0.327 I+=0.349 MD=0.324] | Lp=0.43 | n_eval=8
[Gen  23 | FE= 284/ 300] p_err=0.439 | 指标=SDE    | score=2(极优) | Pw=[SDE=0.333 I+=0.333 MD=0.333] | Lp=1.00 | n_eval=8
[Gen  24 | FE= 292/ 300] p_err=0.429 | 指标=I_eps+ | score=2(极优) | Pw=[SDE=0.304 I+=0.348 MD=0.348] | Lp=0.75 | n_eval=8
[Gen  23 | FE= 284/ 300] p_err=0.218 | 指标=I_eps+ | score=2(极优) | Pw=[SDE=0.340 I+=0.340 MD=0.319] | Lp=2.40 | n_eval=8
[Gen  24 | FE= 292/ 300] p_err=0.244 | 指标=MD     | score=2(极优) | Pw=[SDE=0.340 I+=0.340 MD=0.321] | Lp=1.60 | n_eval=8
[Gen  24 | FE= 292/ 300] p_err=0.213 | 指标=MD     | score=2(极优) | Pw=[SDE=0.333 I+=0.333 MD=0.333] | Lp=0.86 | n_eval=8
[Gen  23 | FE= 284/ 300] p_err=0.195 | 指标=MD     | score=2(极优) | Pw=[SDE=0.324 I+=0.349 MD=0.327] | Lp=0.57 | n_eval=8
[Gen  24 | FE= 292/ 300] p_err=0.214 | 指标=MD     | score=2(极优) | Pw=[SDE=0.340 I+=0.340 MD=0.319] | Lp=2.00 | n_eval=8
[Gen  25 | FE= 300/ 300] p_err=0.382 | 指标=SDE    | score=2(极优) | Pw=[SDE=0.333 I+=0.333 MD=0.333] | Lp=6.50 | n_eval=8
[Gen  25 | FE= 300/ 300] p_err=0.344 | 指标=I_eps+ | score=2(极优) | Pw=[SDE=0.304 I+=0.348 MD=0.348] | Lp=0.75 | n_eval=8
[Gen  24 | FE= 292/ 300] p_err=0.223 | 指标=SDE    | score=2(极优) | Pw=[SDE=0.340 I+=0.340 MD=0.319] | Lp=1.00 | n_eval=8
[Gen  25 | FE= 300/ 300] p_err=0.311 | 指标=MD     | score=2(极优) | Pw=[SDE=0.333 I+=0.333 MD=0.333] | Lp=1.15 | n_eval=8
[Gen  25 | FE= 300/ 300] p_err=0.378 | 指标=SDE    | score=2(极优) | Pw=[SDE=0.340 I+=0.340 MD=0.319] | Lp=1.60 | n_eval=8
[Gen  25 | FE= 300/ 300] p_err=0.478 | 指标=SDE    | score=2(极优) | Pw=[SDE=0.340 I+=0.340 MD=0.319] | Lp=2.00 | n_eval=8
[Gen  24 | FE= 292/ 300] p_err=0.225 | 指标=I_eps+ | score=2(极优) | Pw=[SDE=0.325 I+=0.350 MD=0.325] | Lp=3.10 | n_eval=8
[Gen  25 | FE= 300/ 300] p_err=0.368 | 指标=SDE    | score=2(极优) | Pw=[SDE=0.340 I+=0.340 MD=0.319] | Lp=0.57 | n_eval=8
[Gen  25 | FE= 300/ 300] p_err=0.305 | 指标=MD     | score=2(极优) | Pw=[SDE=0.324 I+=0.349 MD=0.327] | Lp=2.00 | n_eval=8
[Gen   1 | FE= 108/ 300] p_err=0.273 | 指标=MD     | score=2(极优) | Pw=[SDE=0.333 I+=0.333 MD=0.333] | Lp=6.50 | n_eval=8
[Gen   1 | FE= 108/ 300] p_err=0.172 | 指标=I_eps+ | score=2(极优) | Pw=[SDE=0.333 I+=0.333 MD=0.333] | Lp=6.50 | n_eval=8
[Gen   1 | FE= 108/ 300] p_err=0.175 | 指标=I_eps+ | score=2(极优) | Pw=[SDE=0.333 I+=0.333 MD=0.333] | Lp=6.50 | n_eval=8
[Gen   1 | FE= 108/ 300] p_err=0.184 | 指标=MD     | score=2(极优) | Pw=[SDE=0.333 I+=0.333 MD=0.333] | Lp=6.50 | n_eval=8
[Gen   1 | FE= 108/ 300] p_err=0.148 | 指标=I_eps+ | score=2(极优) | Pw=[SDE=0.333 I+=0.333 MD=0.333] | Lp=3.10 | n_eval=8
[Gen   1 | FE= 108/ 300] p_err=0.208 | 指标=MD     | score=2(极优) | Pw=[SDE=0.333 I+=0.333 MD=0.333] | Lp=6.50 | n_eval=8
[Gen   1 | FE= 108/ 300] p_err=0.211 | 指标=MD     | score=1(中  ) | Pw=[SDE=0.336 I+=0.336 MD=0.328] | Lp=4.20 | n_eval=8
[Gen   1 | FE= 108/ 300] p_err=0.149 | 指标=SDE    | score=2(极优) | Pw=[SDE=0.333 I+=0.333 MD=0.333] | Lp=3.10 | n_eval=8
[Gen   2 | FE= 116/ 300] p_err=0.142 | 指标=I_eps+ | score=2(极优) | Pw=[SDE=0.333 I+=0.333 MD=0.333] | Lp=6.50 | n_eval=8
[Gen   2 | FE= 116/ 300] p_err=0.179 | 指标=SDE    | score=2(极优) | Pw=[SDE=0.333 I+=0.333 MD=0.333] | Lp=4.20 | n_eval=8
[Gen   2 | FE= 116/ 300] p_err=0.198 | 指标=I_eps+ | score=2(极优) | Pw=[SDE=0.333 I+=0.333 MD=0.333] | Lp=6.50 | n_eval=8
[Gen   2 | FE= 116/ 300] p_err=0.158 | 指标=I_eps+ | score=2(极优) | Pw=[SDE=0.333 I+=0.333 MD=0.333] | Lp=6.50 | n_eval=8
[Gen   2 | FE= 116/ 300] p_err=0.201 | 指标=I_eps+ | score=2(极优) | Pw=[SDE=0.336 I+=0.336 MD=0.327] | Lp=4.20 | n_eval=8
[Gen   2 | FE= 116/ 300] p_err=0.133 | 指标=SDE    | score=2(极优) | Pw=[SDE=0.333 I+=0.333 MD=0.333] | Lp=3.10 | n_eval=8
[Gen   2 | FE= 116/ 300] p_err=0.142 | 指标=SDE    | score=2(极优) | Pw=[SDE=0.333 I+=0.333 MD=0.333] | Lp=6.50 | n_eval=8
[Gen   2 | FE= 116/ 300] p_err=0.178 | 指标=SDE    | score=2(极优) | Pw=[SDE=0.333 I+=0.333 MD=0.333] | Lp=4.20 | n_eval=8
[Gen   3 | FE= 124/ 300] p_err=0.175 | 指标=SDE    | score=2(极优) | Pw=[SDE=0.333 I+=0.333 MD=0.333] | Lp=6.50 | n_eval=8
[Gen   3 | FE= 124/ 300] p_err=0.155 | 指标=I_eps+ | score=2(极优) | Pw=[SDE=0.333 I+=0.333 MD=0.333] | Lp=6.50 | n_eval=8
[Gen   3 | FE= 124/ 300] p_err=0.155 | 指标=I_eps+ | score=2(极优) | Pw=[SDE=0.333 I+=0.333 MD=0.333] | Lp=4.20 | n_eval=8
[Gen   3 | FE= 124/ 300] p_err=0.190 | 指标=I_eps+ | score=2(极优) | Pw=[SDE=0.333 I+=0.333 MD=0.333] | Lp=6.50 | n_eval=8
[Gen   3 | FE= 124/ 300] p_err=0.285 | 指标=MD     | score=2(极优) | Pw=[SDE=0.336 I+=0.336 MD=0.327] | Lp=4.20 | n_eval=8
[Gen   3 | FE= 124/ 300] p_err=0.211 | 指标=MD     | score=2(极优) | Pw=[SDE=0.333 I+=0.333 MD=0.333] | Lp=3.10 | n_eval=8
[Gen   3 | FE= 124/ 300] p_err=0.142 | 指标=I_eps+ | score=2(极优) | Pw=[SDE=0.333 I+=0.333 MD=0.333] | Lp=4.20 | n_eval=8
[Gen   3 | FE= 124/ 300] p_err=0.148 | 指标=SDE    | score=2(极优) | Pw=[SDE=0.333 I+=0.333 MD=0.333] | Lp=6.50 | n_eval=8
[Gen   4 | FE= 132/ 300] p_err=0.190 | 指标=I_eps+ | score=2(极优) | Pw=[SDE=0.333 I+=0.333 MD=0.333] | Lp=6.50 | n_eval=8
[Gen   4 | FE= 132/ 300] p_err=0.200 | 指标=SDE    | score=2(极优) | Pw=[SDE=0.333 I+=0.333 MD=0.333] | Lp=4.20 | n_eval=8
[Gen   4 | FE= 132/ 300] p_err=0.262 | 指标=I_eps+ | score=2(极优) | Pw=[SDE=0.336 I+=0.336 MD=0.327] | Lp=4.20 | n_eval=8
[Gen   4 | FE= 132/ 300] p_err=0.230 | 指标=SDE    | score=2(极优) | Pw=[SDE=0.333 I+=0.333 MD=0.333] | Lp=4.20 | n_eval=8
[Gen   4 | FE= 132/ 300] p_err=0.212 | 指标=MD     | score=2(极优) | Pw=[SDE=0.333 I+=0.333 MD=0.333] | Lp=4.20 | n_eval=8
[Gen   4 | FE= 132/ 300] p_err=0.181 | 指标=SDE    | score=2(极优) | Pw=[SDE=0.333 I+=0.333 MD=0.333] | Lp=6.50 | n_eval=8
[Gen   4 | FE= 132/ 300] p_err=0.186 | 指标=I_eps+ | score=2(极优) | Pw=[SDE=0.333 I+=0.333 MD=0.333] | Lp=3.10 | n_eval=8
[Gen   4 | FE= 132/ 300] p_err=0.189 | 指标=SDE    | score=2(极优) | Pw=[SDE=0.333 I+=0.333 MD=0.333] | Lp=6.50 | n_eval=8
[Gen   5 | FE= 140/ 300] p_err=0.220 | 指标=MD     | score=2(极优) | Pw=[SDE=0.333 I+=0.333 MD=0.333] | Lp=6.50 | n_eval=8
[Gen   5 | FE= 140/ 300] p_err=0.224 | 指标=SDE    | score=2(极优) | Pw=[SDE=0.333 I+=0.333 MD=0.333] | Lp=4.20 | n_eval=8
[Gen   5 | FE= 140/ 300] p_err=0.195 | 指标=SDE    | score=2(极优) | Pw=[SDE=0.337 I+=0.337 MD=0.327] | Lp=4.20 | n_eval=8
[Gen   5 | FE= 140/ 300] p_err=0.244 | 指标=I_eps+ | score=2(极优) | Pw=[SDE=0.333 I+=0.333 MD=0.333] | Lp=4.20 | n_eval=8
[Gen   5 | FE= 140/ 300] p_err=0.203 | 指标=I_eps+ | score=2(极优) | Pw=[SDE=0.333 I+=0.333 MD=0.333] | Lp=4.20 | n_eval=8
[Gen   5 | FE= 140/ 300] p_err=0.250 | 指标=MD     | score=2(极优) | Pw=[SDE=0.333 I+=0.333 MD=0.333] | Lp=6.50 | n_eval=8
[Gen   5 | FE= 140/ 300] p_err=0.228 | 指标=MD     | score=2(极优) | Pw=[SDE=0.333 I+=0.333 MD=0.333] | Lp=2.00 | n_eval=8
[Gen   5 | FE= 140/ 300] p_err=0.189 | 指标=MD     | score=2(极优) | Pw=[SDE=0.333 I+=0.333 MD=0.333] | Lp=6.50 | n_eval=8
[Gen   6 | FE= 148/ 300] p_err=0.225 | 指标=I_eps+ | score=2(极优) | Pw=[SDE=0.333 I+=0.333 MD=0.333] | Lp=6.50 | n_eval=8
[Gen   6 | FE= 148/ 300] p_err=0.191 | 指标=SDE    | score=2(极优) | Pw=[SDE=0.337 I+=0.337 MD=0.326] | Lp=4.20 | n_eval=8
[Gen   6 | FE= 148/ 300] p_err=0.188 | 指标=MD     | score=2(极优) | Pw=[SDE=0.333 I+=0.333 MD=0.333] | Lp=4.20 | n_eval=8
[Gen   6 | FE= 148/ 300] p_err=0.205 | 指标=I_eps+ | score=2(极优) | Pw=[SDE=0.333 I+=0.333 MD=0.333] | Lp=4.20 | n_eval=8
[Gen   6 | FE= 148/ 300] p_err=0.233 | 指标=MD     | score=2(极优) | Pw=[SDE=0.333 I+=0.333 MD=0.333] | Lp=4.20 | n_eval=8
[Gen   6 | FE= 148/ 300] p_err=0.171 | 指标=SDE    | score=2(极优) | Pw=[SDE=0.333 I+=0.333 MD=0.333] | Lp=3.10 | n_eval=8
[Gen   6 | FE= 148/ 300] p_err=0.260 | 指标=I_eps+ | score=2(极优) | Pw=[SDE=0.333 I+=0.333 MD=0.333] | Lp=2.00 | n_eval=8
[Gen   6 | FE= 148/ 300] p_err=0.209 | 指标=SDE    | score=2(极优) | Pw=[SDE=0.333 I+=0.333 MD=0.333] | Lp=6.50 | n_eval=8
[Gen   7 | FE= 156/ 300] p_err=0.241 | 指标=MD     | score=2(极优) | Pw=[SDE=0.333 I+=0.333 MD=0.333] | Lp=4.20 | n_eval=8
[Gen   7 | FE= 156/ 300] p_err=0.310 | 指标=SDE    | score=2(极优) | Pw=[SDE=0.333 I+=0.333 MD=0.333] | Lp=6.50 | n_eval=8
[Gen   7 | FE= 156/ 300] p_err=0.185 | 指标=I_eps+ | score=2(极优) | Pw=[SDE=0.337 I+=0.337 MD=0.326] | Lp=4.20 | n_eval=8
[Gen   7 | FE= 156/ 300] p_err=0.413 | 指标=SDE    | score=2(极优) | Pw=[SDE=0.333 I+=0.333 MD=0.333] | Lp=2.00 | n_eval=8
[Gen   7 | FE= 156/ 300] p_err=0.226 | 指标=MD     | score=2(极优) | Pw=[SDE=0.333 I+=0.333 MD=0.333] | Lp=3.10 | n_eval=8
[Gen   7 | FE= 156/ 300] p_err=0.275 | 指标=SDE    | score=2(极优) | Pw=[SDE=0.333 I+=0.333 MD=0.333] | Lp=6.50 | n_eval=8
[Gen   7 | FE= 156/ 300] p_err=0.275 | 指标=SDE    | score=2(极优) | Pw=[SDE=0.333 I+=0.333 MD=0.333] | Lp=4.20 | n_eval=8
[Gen   7 | FE= 156/ 300] p_err=0.293 | 指标=MD     | score=2(极优) | Pw=[SDE=0.333 I+=0.333 MD=0.333] | Lp=6.50 | n_eval=8
[Gen   8 | FE= 164/ 300] p_err=0.225 | 指标=I_eps+ | score=2(极优) | Pw=[SDE=0.337 I+=0.337 MD=0.325] | Lp=4.20 | n_eval=8
[Gen   8 | FE= 164/ 300] p_err=0.327 | 指标=I_eps+ | score=2(极优) | Pw=[SDE=0.333 I+=0.333 MD=0.333] | Lp=6.50 | n_eval=8
[Gen   8 | FE= 164/ 300] p_err=0.336 | 指标=SDE    | score=2(极优) | Pw=[SDE=0.333 I+=0.333 MD=0.333] | Lp=2.00 | n_eval=8
[Gen   8 | FE= 164/ 300] p_err=0.229 | 指标=SDE    | score=2(极优) | Pw=[SDE=0.333 I+=0.333 MD=0.333] | Lp=4.20 | n_eval=8
[Gen   8 | FE= 164/ 300] p_err=0.243 | 指标=MD     | score=2(极优) | Pw=[SDE=0.333 I+=0.333 MD=0.333] | Lp=4.20 | n_eval=8
[Gen   8 | FE= 164/ 300] p_err=0.324 | 指标=SDE    | score=2(极优) | Pw=[SDE=0.333 I+=0.333 MD=0.333] | Lp=3.10 | n_eval=8
[Gen   8 | FE= 164/ 300] p_err=0.246 | 指标=I_eps+ | score=2(极优) | Pw=[SDE=0.333 I+=0.333 MD=0.333] | Lp=2.40 | n_eval=8
[Gen   8 | FE= 164/ 300] p_err=0.296 | 指标=I_eps+ | score=2(极优) | Pw=[SDE=0.333 I+=0.333 MD=0.333] | Lp=4.20 | n_eval=8
[Gen   9 | FE= 172/ 300] p_err=0.274 | 指标=I_eps+ | score=2(极优) | Pw=[SDE=0.333 I+=0.333 MD=0.333] | Lp=2.00 | n_eval=8
[Gen   9 | FE= 172/ 300] p_err=0.285 | 指标=MD     | score=2(极优) | Pw=[SDE=0.333 I+=0.333 MD=0.333] | Lp=2.40 | n_eval=8
[Gen   9 | FE= 172/ 300] p_err=0.220 | 指标=I_eps+ | score=1(中  ) | Pw=[SDE=0.341 I+=0.331 MD=0.328] | Lp=4.20 | n_eval=8
[Gen   9 | FE= 172/ 300] p_err=0.225 | 指标=MD     | score=2(极优) | Pw=[SDE=0.333 I+=0.333 MD=0.333] | Lp=3.10 | n_eval=8
[Gen   9 | FE= 172/ 300] p_err=0.297 | 指标=SDE    | score=2(极优) | Pw=[SDE=0.333 I+=0.333 MD=0.333] | Lp=6.50 | n_eval=8
[Gen   9 | FE= 172/ 300] p_err=0.311 | 指标=I_eps+ | score=2(极优) | Pw=[SDE=0.333 I+=0.333 MD=0.333] | Lp=4.20 | n_eval=8
[Gen   9 | FE= 172/ 300] p_err=0.236 | 指标=I_eps+ | score=2(极优) | Pw=[SDE=0.333 I+=0.333 MD=0.333] | Lp=2.40 | n_eval=8
[Gen   9 | FE= 172/ 300] p_err=0.291 | 指标=I_eps+ | score=2(极优) | Pw=[SDE=0.333 I+=0.333 MD=0.333] | Lp=4.20 | n_eval=8
[Gen  10 | FE= 180/ 300] p_err=0.325 | 指标=MD     | score=2(极优) | Pw=[SDE=0.333 I+=0.333 MD=0.333] | Lp=2.00 | n_eval=8
[Gen  10 | FE= 180/ 300] p_err=0.284 | 指标=I_eps+ | score=2(极优) | Pw=[SDE=0.342 I+=0.331 MD=0.327] | Lp=4.20 | n_eval=8
[Gen  10 | FE= 180/ 300] p_err=0.249 | 指标=I_eps+ | score=2(极优) | Pw=[SDE=0.333 I+=0.333 MD=0.333] | Lp=4.20 | n_eval=8
[Gen  10 | FE= 180/ 300] p_err=0.290 | 指标=I_eps+ | score=2(极优) | Pw=[SDE=0.333 I+=0.333 MD=0.333] | Lp=2.40 | n_eval=8
[Gen  10 | FE= 180/ 300] p_err=0.223 | 指标=MD     | score=2(极优) | Pw=[SDE=0.333 I+=0.333 MD=0.333] | Lp=3.10 | n_eval=8
[Gen  10 | FE= 180/ 300] p_err=0.198 | 指标=I_eps+ | score=2(极优) | Pw=[SDE=0.333 I+=0.333 MD=0.333] | Lp=3.10 | n_eval=8
[Gen  10 | FE= 180/ 300] p_err=0.288 | 指标=I_eps+ | score=2(极优) | Pw=[SDE=0.333 I+=0.333 MD=0.333] | Lp=3.10 | n_eval=8
[Gen  10 | FE= 180/ 300] p_err=0.271 | 指标=I_eps+ | score=2(极优) | Pw=[SDE=0.333 I+=0.333 MD=0.333] | Lp=4.20 | n_eval=8
[Gen  11 | FE= 188/ 300] p_err=0.245 | 指标=MD     | score=2(极优) | Pw=[SDE=0.342 I+=0.330 MD=0.328] | Lp=4.20 | n_eval=8
[Gen  11 | FE= 188/ 300] p_err=0.324 | 指标=MD     | score=2(极优) | Pw=[SDE=0.333 I+=0.333 MD=0.333] | Lp=2.00 | n_eval=8
[Gen  11 | FE= 188/ 300] p_err=0.258 | 指标=I_eps+ | score=2(极优) | Pw=[SDE=0.333 I+=0.333 MD=0.333] | Lp=4.20 | n_eval=8
[Gen  11 | FE= 188/ 300] p_err=0.194 | 指标=MD     | score=2(极优) | Pw=[SDE=0.333 I+=0.333 MD=0.333] | Lp=2.00 | n_eval=8
[Gen  11 | FE= 188/ 300] p_err=0.210 | 指标=I_eps+ | score=2(极优) | Pw=[SDE=0.333 I+=0.333 MD=0.333] | Lp=2.40 | n_eval=8
[Gen  11 | FE= 188/ 300] p_err=0.240 | 指标=MD     | score=2(极优) | Pw=[SDE=0.333 I+=0.333 MD=0.333] | Lp=4.20 | n_eval=8
[Gen  11 | FE= 188/ 300] p_err=0.238 | 指标=I_eps+ | score=2(极优) | Pw=[SDE=0.333 I+=0.333 MD=0.333] | Lp=2.40 | n_eval=8
[Gen  11 | FE= 188/ 300] p_err=0.272 | 指标=SDE    | score=2(极优) | Pw=[SDE=0.333 I+=0.333 MD=0.333] | Lp=3.10 | n_eval=8
[Gen  12 | FE= 196/ 300] p_err=0.293 | 指标=I_eps+ | score=2(极优) | Pw=[SDE=0.342 I+=0.331 MD=0.327] | Lp=3.10 | n_eval=8
[Gen  12 | FE= 196/ 300] p_err=0.238 | 指标=SDE    | score=2(极优) | Pw=[SDE=0.333 I+=0.333 MD=0.333] | Lp=2.00 | n_eval=8
[Gen  12 | FE= 196/ 300] p_err=0.379 | 指标=I_eps+ | score=2(极优) | Pw=[SDE=0.333 I+=0.333 MD=0.333] | Lp=4.20 | n_eval=8
[Gen  12 | FE= 196/ 300] p_err=0.305 | 指标=SDE    | score=2(极优) | Pw=[SDE=0.333 I+=0.333 MD=0.333] | Lp=2.00 | n_eval=8
[Gen  12 | FE= 196/ 300] p_err=0.202 | 指标=MD     | score=2(极优) | Pw=[SDE=0.333 I+=0.333 MD=0.333] | Lp=2.40 | n_eval=8
[Gen  12 | FE= 196/ 300] p_err=0.275 | 指标=SDE    | score=2(极优) | Pw=[SDE=0.333 I+=0.333 MD=0.333] | Lp=6.50 | n_eval=8
[Gen  12 | FE= 196/ 300] p_err=0.178 | 指标=SDE    | score=2(极优) | Pw=[SDE=0.333 I+=0.333 MD=0.333] | Lp=2.00 | n_eval=8
[Gen  12 | FE= 196/ 300] p_err=0.280 | 指标=MD     | score=2(极优) | Pw=[SDE=0.333 I+=0.333 MD=0.333] | Lp=3.10 | n_eval=8
[Gen  13 | FE= 204/ 300] p_err=0.326 | 指标=I_eps+ | score=2(极优) | Pw=[SDE=0.343 I+=0.331 MD=0.326] | Lp=3.10 | n_eval=8
[Gen  13 | FE= 204/ 300] p_err=0.164 | 指标=MD     | score=2(极优) | Pw=[SDE=0.333 I+=0.333 MD=0.333] | Lp=1.60 | n_eval=8
[Gen  13 | FE= 204/ 300] p_err=0.280 | 指标=SDE    | score=2(极优) | Pw=[SDE=0.333 I+=0.333 MD=0.333] | Lp=1.60 | n_eval=8
[Gen  13 | FE= 204/ 300] p_err=0.297 | 指标=I_eps+ | score=2(极优) | Pw=[SDE=0.333 I+=0.333 MD=0.333] | Lp=4.20 | n_eval=8
[Gen  13 | FE= 204/ 300] p_err=0.286 | 指标=I_eps+ | score=1(中  ) | Pw=[SDE=0.337 I+=0.325 MD=0.337] | Lp=3.10 | n_eval=8
[Gen  13 | FE= 204/ 300] p_err=0.220 | 指标=MD     | score=2(极优) | Pw=[SDE=0.333 I+=0.333 MD=0.333] | Lp=2.00 | n_eval=8
[Gen  13 | FE= 204/ 300] p_err=0.255 | 指标=MD     | score=2(极优) | Pw=[SDE=0.333 I+=0.333 MD=0.333] | Lp=0.86 | n_eval=8
[Gen  13 | FE= 204/ 300] p_err=0.316 | 指标=SDE    | score=2(极优) | Pw=[SDE=0.333 I+=0.333 MD=0.333] | Lp=4.20 | n_eval=8
[Gen  14 | FE= 212/ 300] p_err=0.257 | 指标=I_eps+ | score=2(极优) | Pw=[SDE=0.344 I+=0.332 MD=0.324] | Lp=3.10 | n_eval=8
[Gen  14 | FE= 212/ 300] p_err=0.236 | 指标=MD     | score=2(极优) | Pw=[SDE=0.333 I+=0.333 MD=0.333] | Lp=4.20 | n_eval=8
[Gen  14 | FE= 212/ 300] p_err=0.172 | 指标=MD     | score=2(极优) | Pw=[SDE=0.338 I+=0.325 MD=0.338] | Lp=3.10 | n_eval=8
[Gen  14 | FE= 212/ 300] p_err=0.325 | 指标=SDE    | score=2(极优) | Pw=[SDE=0.333 I+=0.333 MD=0.333] | Lp=1.15 | n_eval=8
[Gen  14 | FE= 212/ 300] p_err=0.238 | 指标=MD     | score=2(极优) | Pw=[SDE=0.333 I+=0.333 MD=0.333] | Lp=3.10 | n_eval=8
[Gen  14 | FE= 212/ 300] p_err=0.206 | 指标=I_eps+ | score=2(极优) | Pw=[SDE=0.333 I+=0.333 MD=0.333] | Lp=3.10 | n_eval=8
[Gen  14 | FE= 212/ 300] p_err=0.248 | 指标=SDE    | score=2(极优) | Pw=[SDE=0.333 I+=0.333 MD=0.333] | Lp=2.00 | n_eval=8
[Gen  14 | FE= 212/ 300] p_err=0.343 | 指标=SDE    | score=2(极优) | Pw=[SDE=0.333 I+=0.333 MD=0.333] | Lp=4.20 | n_eval=8
[Gen  15 | FE= 220/ 300] p_err=0.285 | 指标=MD     | score=2(极优) | Pw=[SDE=0.333 I+=0.333 MD=0.333] | Lp=4.20 | n_eval=8
[Gen  15 | FE= 220/ 300] p_err=0.256 | 指标=MD     | score=2(极优) | Pw=[SDE=0.333 I+=0.333 MD=0.333] | Lp=1.15 | n_eval=8
[Gen  15 | FE= 220/ 300] p_err=0.362 | 指标=MD     | score=2(极优) | Pw=[SDE=0.333 I+=0.333 MD=0.333] | Lp=2.40 | n_eval=8
[Gen  15 | FE= 220/ 300] p_err=0.246 | 指标=SDE    | score=2(极优) | Pw=[SDE=0.345 I+=0.332 MD=0.323] | Lp=3.10 | n_eval=8
[Gen  15 | FE= 220/ 300] p_err=0.278 | 指标=SDE    | score=2(极优) | Pw=[SDE=0.338 I+=0.324 MD=0.338] | Lp=4.20 | n_eval=8
[Gen  15 | FE= 220/ 300] p_err=0.416 | 指标=SDE    | score=2(极优) | Pw=[SDE=0.333 I+=0.333 MD=0.333] | Lp=2.40 | n_eval=8
[Gen  15 | FE= 220/ 300] p_err=0.276 | 指标=I_eps+ | score=2(极优) | Pw=[SDE=0.333 I+=0.333 MD=0.333] | Lp=2.40 | n_eval=8
[Gen  15 | FE= 220/ 300] p_err=0.303 | 指标=I_eps+ | score=2(极优) | Pw=[SDE=0.333 I+=0.333 MD=0.333] | Lp=6.50 | n_eval=8
[Gen  16 | FE= 228/ 300] p_err=0.206 | 指标=MD     | score=2(极优) | Pw=[SDE=0.333 I+=0.333 MD=0.333] | Lp=3.10 | n_eval=8
[Gen  16 | FE= 228/ 300] p_err=0.191 | 指标=I_eps+ | score=2(极优) | Pw=[SDE=0.333 I+=0.333 MD=0.333] | Lp=1.15 | n_eval=8
[Gen  16 | FE= 228/ 300] p_err=0.203 | 指标=MD     | score=2(极优) | Pw=[SDE=0.338 I+=0.323 MD=0.338] | Lp=3.10 | n_eval=8
[Gen  16 | FE= 228/ 300] p_err=0.344 | 指标=SDE    | score=1(中  ) | Pw=[SDE=0.332 I+=0.340 MD=0.328] | Lp=3.10 | n_eval=8
[Gen  16 | FE= 228/ 300] p_err=0.261 | 指标=I_eps+ | score=2(极优) | Pw=[SDE=0.333 I+=0.333 MD=0.333] | Lp=4.20 | n_eval=8
[Gen  16 | FE= 228/ 300] p_err=0.253 | 指标=MD     | score=2(极优) | Pw=[SDE=0.333 I+=0.333 MD=0.333] | Lp=4.20 | n_eval=8
[Gen  16 | FE= 228/ 300] p_err=0.395 | 指标=SDE    | score=2(极优) | Pw=[SDE=0.333 I+=0.333 MD=0.333] | Lp=2.40 | n_eval=8
[Gen  16 | FE= 228/ 300] p_err=0.274 | 指标=I_eps+ | score=2(极优) | Pw=[SDE=0.333 I+=0.333 MD=0.333] | Lp=2.40 | n_eval=8
[Gen  17 | FE= 236/ 300] p_err=0.225 | 指标=MD     | score=2(极优) | Pw=[SDE=0.333 I+=0.333 MD=0.333] | Lp=3.10 | n_eval=8
[Gen  17 | FE= 236/ 300] p_err=0.343 | 指标=SDE    | score=2(极优) | Pw=[SDE=0.333 I+=0.333 MD=0.333] | Lp=1.35 | n_eval=8
[Gen  17 | FE= 236/ 300] p_err=0.207 | 指标=MD     | score=2(极优) | Pw=[SDE=0.330 I+=0.340 MD=0.330] | Lp=3.10 | n_eval=8
[Gen  17 | FE= 236/ 300] p_err=0.275 | 指标=MD     | score=2(极优) | Pw=[SDE=0.333 I+=0.333 MD=0.333] | Lp=3.10 | n_eval=8
[Gen  17 | FE= 236/ 300] p_err=0.239 | 指标=MD     | score=2(极优) | Pw=[SDE=0.333 I+=0.333 MD=0.333] | Lp=4.20 | n_eval=8
[Gen  17 | FE= 236/ 300] p_err=0.208 | 指标=I_eps+ | score=2(极优) | Pw=[SDE=0.338 I+=0.323 MD=0.338] | Lp=3.10 | n_eval=8
[Gen  17 | FE= 236/ 300] p_err=0.459 | 指标=SDE    | score=2(极优) | Pw=[SDE=0.333 I+=0.333 MD=0.333] | Lp=0.75 | n_eval=8
[Gen  17 | FE= 236/ 300] p_err=0.280 | 指标=MD     | score=2(极优) | Pw=[SDE=0.333 I+=0.333 MD=0.333] | Lp=1.60 | n_eval=8
[Gen  18 | FE= 244/ 300] p_err=0.361 | 指标=I_eps+ | score=2(极优) | Pw=[SDE=0.328 I+=0.343 MD=0.328] | Lp=3.10 | n_eval=8
[Gen  18 | FE= 244/ 300] p_err=0.344 | 指标=SDE    | score=2(极优) | Pw=[SDE=0.333 I+=0.333 MD=0.333] | Lp=2.00 | n_eval=8
[Gen  18 | FE= 244/ 300] p_err=0.197 | 指标=MD     | score=2(极优) | Pw=[SDE=0.333 I+=0.333 MD=0.333] | Lp=0.43 | n_eval=8
[Gen  18 | FE= 244/ 300] p_err=0.240 | 指标=SDE    | score=1(中  ) | Pw=[SDE=0.319 I+=0.340 MD=0.340] | Lp=2.00 | n_eval=8
[Gen  18 | FE= 244/ 300] p_err=0.247 | 指标=I_eps+ | score=2(极优) | Pw=[SDE=0.333 I+=0.333 MD=0.333] | Lp=4.20 | n_eval=8
[Gen  18 | FE= 244/ 300] p_err=0.355 | 指标=I_eps+ | score=2(极优) | Pw=[SDE=0.333 I+=0.333 MD=0.333] | Lp=1.60 | n_eval=8
[Gen  18 | FE= 244/ 300] p_err=0.204 | 指标=I_eps+ | score=2(极优) | Pw=[SDE=0.338 I+=0.323 MD=0.338] | Lp=3.10 | n_eval=8
[Gen  18 | FE= 244/ 300] p_err=0.299 | 指标=I_eps+ | score=2(极优) | Pw=[SDE=0.333 I+=0.333 MD=0.333] | Lp=0.36 | n_eval=8
[Gen  19 | FE= 252/ 300] p_err=0.465 | 指标=SDE    | score=2(极优) | Pw=[SDE=0.331 I+=0.344 MD=0.325] | Lp=3.10 | n_eval=8
[Gen  19 | FE= 252/ 300] p_err=0.270 | 指标=MD     | score=2(极优) | Pw=[SDE=0.333 I+=0.333 MD=0.333] | Lp=3.10 | n_eval=8
[Gen  19 | FE= 252/ 300] p_err=0.200 | 指标=I_eps+ | score=1(中  ) | Pw=[SDE=0.341 I+=0.317 MD=0.341] | Lp=2.40 | n_eval=8
[Gen  19 | FE= 252/ 300] p_err=0.234 | 指标=SDE    | score=2(极优) | Pw=[SDE=0.319 I+=0.340 MD=0.340] | Lp=2.00 | n_eval=8
[Gen  19 | FE= 252/ 300] p_err=0.284 | 指标=MD     | score=2(极优) | Pw=[SDE=0.333 I+=0.333 MD=0.333] | Lp=6.50 | n_eval=8
[Gen  19 | FE= 252/ 300] p_err=0.426 | 指标=SDE    | score=2(极优) | Pw=[SDE=0.333 I+=0.333 MD=0.333] | Lp=1.60 | n_eval=8
[Gen  19 | FE= 252/ 300] p_err=0.170 | 指标=MD     | score=2(极优) | Pw=[SDE=0.339 I+=0.322 MD=0.339] | Lp=3.10 | n_eval=8
[Gen  19 | FE= 252/ 300] p_err=0.251 | 指标=MD     | score=2(极优) | Pw=[SDE=0.333 I+=0.333 MD=0.333] | Lp=0.36 | n_eval=8
[Gen  20 | FE= 260/ 300] p_err=0.188 | 指标=MD     | score=2(极优) | Pw=[SDE=0.327 I+=0.345 MD=0.327] | Lp=3.10 | n_eval=8
[Gen  20 | FE= 260/ 300] p_err=0.285 | 指标=I_eps+ | score=2(极优) | Pw=[SDE=0.333 I+=0.333 MD=0.333] | Lp=0.50 | n_eval=8
[Gen  20 | FE= 260/ 300] p_err=0.178 | 指标=MD     | score=2(极优) | Pw=[SDE=0.343 I+=0.314 MD=0.343] | Lp=2.40 | n_eval=8
[Gen  20 | FE= 260/ 300] p_err=0.305 | 指标=I_eps+ | score=2(极优) | Pw=[SDE=0.317 I+=0.341 MD=0.341] | Lp=2.40 | n_eval=8
[Gen  20 | FE= 260/ 300] p_err=0.262 | 指标=MD     | score=2(极优) | Pw=[SDE=0.333 I+=0.333 MD=0.333] | Lp=3.10 | n_eval=8
[Gen  20 | FE= 260/ 300] p_err=0.309 | 指标=MD     | score=2(极优) | Pw=[SDE=0.333 I+=0.333 MD=0.333] | Lp=1.60 | n_eval=8
[Gen  20 | FE= 260/ 300] p_err=0.257 | 指标=MD     | score=2(极优) | Pw=[SDE=0.340 I+=0.321 MD=0.340] | Lp=3.10 | n_eval=8
[Gen  20 | FE= 260/ 300] p_err=0.399 | 指标=SDE    | score=2(极优) | Pw=[SDE=0.333 I+=0.333 MD=0.333] | Lp=2.40 | n_eval=8
[Gen  21 | FE= 268/ 300] p_err=0.275 | 指标=MD     | score=2(极优) | Pw=[SDE=0.316 I+=0.333 MD=0.351] | Lp=3.10 | n_eval=8
[Gen  21 | FE= 268/ 300] p_err=0.460 | 指标=SDE    | score=2(极优) | Pw=[SDE=0.333 I+=0.333 MD=0.333] | Lp=0.50 | n_eval=8
[Gen  21 | FE= 268/ 300] p_err=0.240 | 指标=MD     | score=2(极优) | Pw=[SDE=0.345 I+=0.310 MD=0.345] | Lp=1.60 | n_eval=8
[Gen  21 | FE= 268/ 300] p_err=0.228 | 指标=I_eps+ | score=2(极优) | Pw=[SDE=0.317 I+=0.341 MD=0.341] | Lp=2.40 | n_eval=8
[Gen  21 | FE= 268/ 300] p_err=0.361 | 指标=I_eps+ | score=2(极优) | Pw=[SDE=0.333 I+=0.333 MD=0.333] | Lp=3.10 | n_eval=8
[Gen  21 | FE= 268/ 300] p_err=0.248 | 指标=MD     | score=2(极优) | Pw=[SDE=0.333 I+=0.333 MD=0.333] | Lp=2.40 | n_eval=8
[Gen  21 | FE= 268/ 300] p_err=0.188 | 指标=I_eps+ | score=2(极优) | Pw=[SDE=0.340 I+=0.321 MD=0.340] | Lp=3.10 | n_eval=8
[Gen  21 | FE= 268/ 300] p_err=0.325 | 指标=I_eps+ | score=2(极优) | Pw=[SDE=0.333 I+=0.333 MD=0.333] | Lp=3.10 | n_eval=8
[Gen  22 | FE= 276/ 300] p_err=0.249 | 指标=MD     | score=2(极优) | Pw=[SDE=0.316 I+=0.332 MD=0.352] | Lp=3.10 | n_eval=8
[Gen  22 | FE= 276/ 300] p_err=0.181 | 指标=MD     | score=2(极优) | Pw=[SDE=0.333 I+=0.333 MD=0.333] | Lp=0.43 | n_eval=8
[Gen  22 | FE= 276/ 300] p_err=0.302 | 指标=MD     | score=1(中  ) | Pw=[SDE=0.325 I+=0.350 MD=0.325] | Lp=2.40 | n_eval=8
[Gen  22 | FE= 276/ 300] p_err=0.225 | 指标=MD     | score=2(极优) | Pw=[SDE=0.333 I+=0.333 MD=0.333] | Lp=3.10 | n_eval=8
[Gen  22 | FE= 276/ 300] p_err=0.331 | 指标=SDE    | score=2(极优) | Pw=[SDE=0.348 I+=0.304 MD=0.348] | Lp=0.57 | n_eval=8
[Gen  22 | FE= 276/ 300] p_err=0.280 | 指标=I_eps+ | score=2(极优) | Pw=[SDE=0.333 I+=0.333 MD=0.333] | Lp=2.00 | n_eval=8
[Gen  22 | FE= 276/ 300] p_err=0.209 | 指标=SDE    | score=2(极优) | Pw=[SDE=0.340 I+=0.321 MD=0.340] | Lp=1.35 | n_eval=8
[Gen  22 | FE= 276/ 300] p_err=0.200 | 指标=MD     | score=2(极优) | Pw=[SDE=0.333 I+=0.333 MD=0.333] | Lp=2.00 | n_eval=8
[Gen  23 | FE= 284/ 300] p_err=0.402 | 指标=SDE    | score=2(极优) | Pw=[SDE=0.320 I+=0.330 MD=0.350] | Lp=1.60 | n_eval=8
[Gen  23 | FE= 284/ 300] p_err=0.255 | 指标=MD     | score=2(极优) | Pw=[SDE=0.333 I+=0.333 MD=0.333] | Lp=0.57 | n_eval=8
[Gen  23 | FE= 284/ 300] p_err=0.281 | 指标=I_eps+ | score=2(极优) | Pw=[SDE=0.322 I+=0.351 MD=0.326] | Lp=2.40 | n_eval=8
[Gen  23 | FE= 284/ 300] p_err=0.239 | 指标=MD     | score=2(极优) | Pw=[SDE=0.333 I+=0.333 MD=0.333] | Lp=6.50 | n_eval=8
[Gen  23 | FE= 284/ 300] p_err=0.233 | 指标=MD     | score=2(极优) | Pw=[SDE=0.353 I+=0.294 MD=0.353] | Lp=0.50 | n_eval=8
[Gen  23 | FE= 284/ 300] p_err=0.377 | 指标=MD     | score=2(极优) | Pw=[SDE=0.333 I+=0.333 MD=0.333] | Lp=4.20 | n_eval=8
[Gen  23 | FE= 284/ 300] p_err=0.142 | 指标=MD     | score=2(极优) | Pw=[SDE=0.340 I+=0.319 MD=0.340] | Lp=2.00 | n_eval=8
[Gen  23 | FE= 284/ 300] p_err=0.157 | 指标=MD     | score=2(极优) | Pw=[SDE=0.333 I+=0.333 MD=0.333] | Lp=2.00 | n_eval=8
[Gen  24 | FE= 292/ 300] p_err=0.410 | 指标=SDE    | score=2(极优) | Pw=[SDE=0.324 I+=0.327 MD=0.349] | Lp=2.40 | n_eval=8
[Gen  24 | FE= 292/ 300] p_err=0.380 | 指标=SDE    | score=2(极优) | Pw=[SDE=0.333 I+=0.333 MD=0.333] | Lp=3.10 | n_eval=8
[Gen  24 | FE= 292/ 300] p_err=0.173 | 指标=I_eps+ | score=2(极优) | Pw=[SDE=0.318 I+=0.354 MD=0.328] | Lp=6.50 | n_eval=8
[Gen  24 | FE= 292/ 300] p_err=0.205 | 指标=MD     | score=2(极优) | Pw=[SDE=0.333 I+=0.333 MD=0.333] | Lp=4.20 | n_eval=8
[Gen  24 | FE= 292/ 300] p_err=0.178 | 指标=MD     | score=2(极优) | Pw=[SDE=0.353 I+=0.294 MD=0.353] | Lp=1.35 | n_eval=8
[Gen  24 | FE= 292/ 300] p_err=0.350 | 指标=MD     | score=2(极优) | Pw=[SDE=0.333 I+=0.333 MD=0.333] | Lp=3.10 | n_eval=8
[Gen  24 | FE= 292/ 300] p_err=0.195 | 指标=MD     | score=2(极优) | Pw=[SDE=0.333 I+=0.333 MD=0.333] | Lp=0.75 | n_eval=8
[Gen  24 | FE= 292/ 300] p_err=0.189 | 指标=I_eps+ | score=2(极优) | Pw=[SDE=0.340 I+=0.321 MD=0.340] | Lp=2.00 | n_eval=8
[Gen  25 | FE= 300/ 300] p_err=0.166 | 指标=MD     | score=2(极优) | Pw=[SDE=0.321 I+=0.328 MD=0.350] | Lp=2.00 | n_eval=8
[Gen  25 | FE= 300/ 300] p_err=0.356 | 指标=SDE    | score=2(极优) | Pw=[SDE=0.318 I+=0.354 MD=0.328] | Lp=2.40 | n_eval=8
[Gen  25 | FE= 300/ 300] p_err=0.235 | 指标=I_eps+ | score=2(极优) | Pw=[SDE=0.333 I+=0.333 MD=0.333] | Lp=2.40 | n_eval=8
[Gen  25 | FE= 300/ 300] p_err=0.178 | 指标=MD     | score=2(极优) | Pw=[SDE=0.333 I+=0.333 MD=0.333] | Lp=4.20 | n_eval=8
[Gen  25 | FE= 300/ 300] p_err=0.314 | 指标=SDE    | score=2(极优) | Pw=[SDE=0.353 I+=0.294 MD=0.353] | Lp=0.86 | n_eval=8
[Gen  25 | FE= 300/ 300] p_err=0.420 | 指标=SDE    | score=2(极优) | Pw=[SDE=0.333 I+=0.333 MD=0.333] | Lp=4.20 | n_eval=8
[Gen  25 | FE= 300/ 300] p_err=0.237 | 指标=I_eps+ | score=2(极优) | Pw=[SDE=0.333 I+=0.333 MD=0.333] | Lp=2.40 | n_eval=8
[Gen  25 | FE= 300/ 300] p_err=0.203 | 指标=I_eps+ | score=2(极优) | Pw=[SDE=0.340 I+=0.321 MD=0.340] | Lp=2.00 | n_eval=8
[Gen   1 | FE= 108/ 300] p_err=0.164 | 指标=I_eps+ | score=2(极优) | Pw=[SDE=0.333 I+=0.333 MD=0.333] | Lp=6.50 | n_eval=8
[Gen   1 | FE= 108/ 300] p_err=0.190 | 指标=I_eps+ | score=2(极优) | Pw=[SDE=0.333 I+=0.333 MD=0.333] | Lp=6.50 | n_eval=8
[Gen   1 | FE= 108/ 300] p_err=0.124 | 指标=SDE    | score=2(极优) | Pw=[SDE=0.333 I+=0.333 MD=0.333] | Lp=4.20 | n_eval=8
[Gen   1 | FE= 108/ 300] p_err=0.147 | 指标=SDE    | score=2(极优) | Pw=[SDE=0.333 I+=0.333 MD=0.333] | Lp=6.50 | n_eval=8
[Gen   1 | FE= 108/ 300] p_err=0.248 | 指标=MD     | score=2(极优) | Pw=[SDE=0.333 I+=0.333 MD=0.333] | Lp=4.20 | n_eval=8
[Gen   1 | FE= 108/ 300] p_err=0.171 | 指标=SDE    | score=2(极优) | Pw=[SDE=0.333 I+=0.333 MD=0.333] | Lp=3.10 | n_eval=8
[Gen   1 | FE= 108/ 300] p_err=0.147 | 指标=SDE    | score=2(极优) | Pw=[SDE=0.333 I+=0.333 MD=0.333] | Lp=2.40 | n_eval=8
[Gen   2 | FE= 116/ 300] p_err=0.155 | 指标=I_eps+ | score=2(极优) | Pw=[SDE=0.333 I+=0.333 MD=0.333] | Lp=4.20 | n_eval=8
[Gen   2 | FE= 116/ 300] p_err=0.176 | 指标=MD     | score=2(极优) | Pw=[SDE=0.333 I+=0.333 MD=0.333] | Lp=6.50 | n_eval=8
[Gen   2 | FE= 116/ 300] p_err=0.237 | 指标=MD     | score=2(极优) | Pw=[SDE=0.333 I+=0.333 MD=0.333] | Lp=6.50 | n_eval=8
[Gen   2 | FE= 116/ 300] p_err=0.223 | 指标=MD     | score=2(极优) | Pw=[SDE=0.333 I+=0.333 MD=0.333] | Lp=6.50 | n_eval=8
[Gen   2 | FE= 116/ 300] p_err=0.159 | 指标=SDE    | score=2(极优) | Pw=[SDE=0.333 I+=0.333 MD=0.333] | Lp=6.50 | n_eval=8
[Gen   2 | FE= 116/ 300] p_err=0.172 | 指标=I_eps+ | score=2(极优) | Pw=[SDE=0.333 I+=0.333 MD=0.333] | Lp=4.20 | n_eval=8
[Gen   2 | FE= 116/ 300] p_err=0.164 | 指标=SDE    | score=2(极优) | Pw=[SDE=0.333 I+=0.333 MD=0.333] | Lp=2.40 | n_eval=8
[Gen   3 | FE= 124/ 300] p_err=0.244 | 指标=MD     | score=2(极优) | Pw=[SDE=0.333 I+=0.333 MD=0.333] | Lp=6.50 | n_eval=8
[Gen   3 | FE= 124/ 300] p_err=0.156 | 指标=I_eps+ | score=2(极优) | Pw=[SDE=0.333 I+=0.333 MD=0.333] | Lp=6.50 | n_eval=8
[Gen   3 | FE= 124/ 300] p_err=0.226 | 指标=MD     | score=2(极优) | Pw=[SDE=0.333 I+=0.333 MD=0.333] | Lp=6.50 | n_eval=8
[Gen   3 | FE= 124/ 300] p_err=0.148 | 指标=SDE    | score=2(极优) | Pw=[SDE=0.333 I+=0.333 MD=0.333] | Lp=6.50 | n_eval=8
[Gen   3 | FE= 124/ 300] p_err=0.158 | 指标=I_eps+ | score=2(极优) | Pw=[SDE=0.333 I+=0.333 MD=0.333] | Lp=6.50 | n_eval=8
[Gen   3 | FE= 124/ 300] p_err=0.169 | 指标=I_eps+ | score=2(极优) | Pw=[SDE=0.333 I+=0.333 MD=0.333] | Lp=4.20 | n_eval=8
[Gen   3 | FE= 124/ 300] p_err=0.209 | 指标=I_eps+ | score=2(极优) | Pw=[SDE=0.333 I+=0.333 MD=0.333] | Lp=2.40 | n_eval=8
[Gen   4 | FE= 132/ 300] p_err=0.186 | 指标=I_eps+ | score=2(极优) | Pw=[SDE=0.333 I+=0.333 MD=0.333] | Lp=4.20 | n_eval=8
[Gen   4 | FE= 132/ 300] p_err=0.158 | 指标=SDE    | score=2(极优) | Pw=[SDE=0.333 I+=0.333 MD=0.333] | Lp=4.20 | n_eval=8
[Gen   4 | FE= 132/ 300] p_err=0.189 | 指标=SDE    | score=2(极优) | Pw=[SDE=0.333 I+=0.333 MD=0.333] | Lp=6.50 | n_eval=8
[Gen   4 | FE= 132/ 300] p_err=0.166 | 指标=SDE    | score=2(极优) | Pw=[SDE=0.333 I+=0.333 MD=0.333] | Lp=6.50 | n_eval=8
[Gen   4 | FE= 132/ 300] p_err=0.210 | 指标=I_eps+ | score=2(极优) | Pw=[SDE=0.333 I+=0.333 MD=0.333] | Lp=6.50 | n_eval=8
[Gen   4 | FE= 132/ 300] p_err=0.139 | 指标=SDE    | score=2(极优) | Pw=[SDE=0.333 I+=0.333 MD=0.333] | Lp=4.20 | n_eval=8
[Gen   4 | FE= 132/ 300] p_err=0.220 | 指标=MD     | score=2(极优) | Pw=[SDE=0.333 I+=0.333 MD=0.333] | Lp=2.40 | n_eval=8
[Gen   5 | FE= 140/ 300] p_err=0.261 | 指标=SDE    | score=2(极优) | Pw=[SDE=0.333 I+=0.333 MD=0.333] | Lp=4.20 | n_eval=8
[Gen   5 | FE= 140/ 300] p_err=0.204 | 指标=I_eps+ | score=2(极优) | Pw=[SDE=0.333 I+=0.333 MD=0.333] | Lp=3.10 | n_eval=8
[Gen   5 | FE= 140/ 300] p_err=0.150 | 指标=I_eps+ | score=2(极优) | Pw=[SDE=0.333 I+=0.333 MD=0.333] | Lp=6.50 | n_eval=8
[Gen   5 | FE= 140/ 300] p_err=0.240 | 指标=SDE    | score=2(极优) | Pw=[SDE=0.333 I+=0.333 MD=0.333] | Lp=4.20 | n_eval=8
[Gen   5 | FE= 140/ 300] p_err=0.265 | 指标=I_eps+ | score=2(极优) | Pw=[SDE=0.333 I+=0.333 MD=0.333] | Lp=6.50 | n_eval=8
[Gen   5 | FE= 140/ 300] p_err=0.233 | 指标=MD     | score=2(极优) | Pw=[SDE=0.333 I+=0.333 MD=0.333] | Lp=4.20 | n_eval=8
[Gen   5 | FE= 140/ 300] p_err=0.165 | 指标=I_eps+ | score=2(极优) | Pw=[SDE=0.333 I+=0.333 MD=0.333] | Lp=2.00 | n_eval=8
[Gen   6 | FE= 148/ 300] p_err=0.249 | 指标=SDE    | score=2(极优) | Pw=[SDE=0.333 I+=0.333 MD=0.333] | Lp=4.20 | n_eval=8
[Gen   6 | FE= 148/ 300] p_err=0.260 | 指标=SDE    | score=2(极优) | Pw=[SDE=0.333 I+=0.333 MD=0.333] | Lp=2.40 | n_eval=8
[Gen   6 | FE= 148/ 300] p_err=0.239 | 指标=MD     | score=2(极优) | Pw=[SDE=0.333 I+=0.333 MD=0.333] | Lp=4.20 | n_eval=8
[Gen   6 | FE= 148/ 300] p_err=0.409 | 指标=SDE    | score=2(极优) | Pw=[SDE=0.333 I+=0.333 MD=0.333] | Lp=3.10 | n_eval=8
[Gen   6 | FE= 148/ 300] p_err=0.177 | 指标=MD     | score=2(极优) | Pw=[SDE=0.333 I+=0.333 MD=0.333] | Lp=2.40 | n_eval=8
[Gen   6 | FE= 148/ 300] p_err=0.181 | 指标=SDE    | score=1(中  ) | Pw=[SDE=0.327 I+=0.337 MD=0.337] | Lp=2.40 | n_eval=8
[Gen   6 | FE= 148/ 300] p_err=0.248 | 指标=SDE    | score=2(极优) | Pw=[SDE=0.333 I+=0.333 MD=0.333] | Lp=3.10 | n_eval=8
[Gen   7 | FE= 156/ 300] p_err=0.228 | 指标=I_eps+ | score=2(极优) | Pw=[SDE=0.333 I+=0.333 MD=0.333] | Lp=4.20 | n_eval=8
[Gen   7 | FE= 156/ 300] p_err=0.177 | 指标=MD     | score=2(极优) | Pw=[SDE=0.333 I+=0.333 MD=0.333] | Lp=4.20 | n_eval=8
[Gen   7 | FE= 156/ 300] p_err=0.199 | 指标=SDE    | score=2(极优) | Pw=[SDE=0.333 I+=0.333 MD=0.333] | Lp=3.10 | n_eval=8
[Gen   7 | FE= 156/ 300] p_err=0.207 | 指标=I_eps+ | score=2(极优) | Pw=[SDE=0.333 I+=0.333 MD=0.333] | Lp=4.20 | n_eval=8
[Gen   7 | FE= 156/ 300] p_err=0.348 | 指标=SDE    | score=2(极优) | Pw=[SDE=0.333 I+=0.333 MD=0.333] | Lp=2.00 | n_eval=8
[Gen   7 | FE= 156/ 300] p_err=0.174 | 指标=MD     | score=2(极优) | Pw=[SDE=0.326 I+=0.337 MD=0.337] | Lp=2.40 | n_eval=8
[Gen   7 | FE= 156/ 300] p_err=0.262 | 指标=I_eps+ | score=2(极优) | Pw=[SDE=0.333 I+=0.333 MD=0.333] | Lp=3.10 | n_eval=8
[Gen   8 | FE= 164/ 300] p_err=0.233 | 指标=MD     | score=2(极优) | Pw=[SDE=0.333 I+=0.333 MD=0.333] | Lp=4.20 | n_eval=8
[Gen   8 | FE= 164/ 300] p_err=0.267 | 指标=I_eps+ | score=2(极优) | Pw=[SDE=0.333 I+=0.333 MD=0.333] | Lp=4.20 | n_eval=8
[Gen   8 | FE= 164/ 300] p_err=0.297 | 指标=MD     | score=2(极优) | Pw=[SDE=0.333 I+=0.333 MD=0.333] | Lp=3.10 | n_eval=8
[Gen   8 | FE= 164/ 300] p_err=0.226 | 指标=MD     | score=2(极优) | Pw=[SDE=0.333 I+=0.333 MD=0.333] | Lp=3.10 | n_eval=8
[Gen   8 | FE= 164/ 300] p_err=0.267 | 指标=MD     | score=2(极优) | Pw=[SDE=0.333 I+=0.333 MD=0.333] | Lp=2.00 | n_eval=8
[Gen   8 | FE= 164/ 300] p_err=0.200 | 指标=MD     | score=2(极优) | Pw=[SDE=0.326 I+=0.337 MD=0.337] | Lp=2.00 | n_eval=8
[Gen   8 | FE= 164/ 300] p_err=0.342 | 指标=I_eps+ | score=2(极优) | Pw=[SDE=0.333 I+=0.333 MD=0.333] | Lp=2.40 | n_eval=8
[Gen   9 | FE= 172/ 300] p_err=0.207 | 指标=MD     | score=2(极优) | Pw=[SDE=0.333 I+=0.333 MD=0.333] | Lp=4.20 | n_eval=8
[Gen   9 | FE= 172/ 300] p_err=0.219 | 指标=I_eps+ | score=2(极优) | Pw=[SDE=0.333 I+=0.333 MD=0.333] | Lp=4.20 | n_eval=8
[Gen   9 | FE= 172/ 300] p_err=0.333 | 指标=MD     | score=2(极优) | Pw=[SDE=0.333 I+=0.333 MD=0.333] | Lp=3.10 | n_eval=8
[Gen   9 | FE= 172/ 300] p_err=0.286 | 指标=SDE    | score=2(极优) | Pw=[SDE=0.333 I+=0.333 MD=0.333] | Lp=3.10 | n_eval=8
[Gen   9 | FE= 172/ 300] p_err=0.411 | 指标=SDE    | score=2(极优) | Pw=[SDE=0.333 I+=0.333 MD=0.333] | Lp=2.00 | n_eval=8
[Gen   9 | FE= 172/ 300] p_err=0.215 | 指标=MD     | score=1(中  ) | Pw=[SDE=0.329 I+=0.341 MD=0.330] | Lp=4.20 | n_eval=8
[Gen   9 | FE= 172/ 300] p_err=0.236 | 指标=MD     | score=2(极优) | Pw=[SDE=0.333 I+=0.333 MD=0.333] | Lp=2.40 | n_eval=8
[Gen  10 | FE= 180/ 300] p_err=0.247 | 指标=SDE    | score=2(极优) | Pw=[SDE=0.333 I+=0.333 MD=0.333] | Lp=4.20 | n_eval=8
[Gen  10 | FE= 180/ 300] p_err=0.292 | 指标=MD     | score=2(极优) | Pw=[SDE=0.333 I+=0.333 MD=0.333] | Lp=2.40 | n_eval=8
[Gen  10 | FE= 180/ 300] p_err=0.293 | 指标=SDE    | score=2(极优) | Pw=[SDE=0.333 I+=0.333 MD=0.333] | Lp=4.20 | n_eval=8
[Gen  10 | FE= 180/ 300] p_err=0.245 | 指标=I_eps+ | score=2(极优) | Pw=[SDE=0.333 I+=0.333 MD=0.333] | Lp=3.10 | n_eval=8
[Gen  10 | FE= 180/ 300] p_err=0.162 | 指标=MD     | score=2(极优) | Pw=[SDE=0.333 I+=0.333 MD=0.333] | Lp=1.60 | n_eval=8
[Gen  10 | FE= 180/ 300] p_err=0.214 | 指标=SDE    | score=2(极优) | Pw=[SDE=0.329 I+=0.341 MD=0.329] | Lp=4.20 | n_eval=8
[Gen  10 | FE= 180/ 300] p_err=0.261 | 指标=SDE    | score=2(极优) | Pw=[SDE=0.333 I+=0.333 MD=0.333] | Lp=3.10 | n_eval=8
[Gen  11 | FE= 188/ 300] p_err=0.203 | 指标=MD     | score=2(极优) | Pw=[SDE=0.333 I+=0.333 MD=0.333] | Lp=4.20 | n_eval=8
[Gen  11 | FE= 188/ 300] p_err=0.346 | 指标=I_eps+ | score=2(极优) | Pw=[SDE=0.333 I+=0.333 MD=0.333] | Lp=2.40 | n_eval=8
[Gen  11 | FE= 188/ 300] p_err=0.260 | 指标=I_eps+ | score=2(极优) | Pw=[SDE=0.333 I+=0.333 MD=0.333] | Lp=4.20 | n_eval=8
[Gen  11 | FE= 188/ 300] p_err=0.256 | 指标=SDE    | score=2(极优) | Pw=[SDE=0.333 I+=0.333 MD=0.333] | Lp=3.10 | n_eval=8
[Gen  11 | FE= 188/ 300] p_err=0.430 | 指标=SDE    | score=2(极优) | Pw=[SDE=0.333 I+=0.333 MD=0.333] | Lp=1.15 | n_eval=8
[Gen  11 | FE= 188/ 300] p_err=0.268 | 指标=I_eps+ | score=2(极优) | Pw=[SDE=0.329 I+=0.342 MD=0.329] | Lp=4.20 | n_eval=8
[Gen  11 | FE= 188/ 300] p_err=0.353 | 指标=I_eps+ | score=2(极优) | Pw=[SDE=0.333 I+=0.333 MD=0.333] | Lp=3.10 | n_eval=8
[Gen  12 | FE= 196/ 300] p_err=0.205 | 指标=MD     | score=2(极优) | Pw=[SDE=0.333 I+=0.333 MD=0.333] | Lp=4.20 | n_eval=8
[Gen  12 | FE= 196/ 300] p_err=0.240 | 指标=SDE    | score=2(极优) | Pw=[SDE=0.333 I+=0.333 MD=0.333] | Lp=0.57 | n_eval=8
[Gen  12 | FE= 196/ 300] p_err=0.199 | 指标=SDE    | score=2(极优) | Pw=[SDE=0.333 I+=0.333 MD=0.333] | Lp=2.00 | n_eval=8
[Gen  12 | FE= 196/ 300] p_err=0.179 | 指标=MD     | score=2(极优) | Pw=[SDE=0.333 I+=0.333 MD=0.333] | Lp=2.40 | n_eval=8
[Gen  12 | FE= 196/ 300] p_err=0.358 | 指标=SDE    | score=2(极优) | Pw=[SDE=0.333 I+=0.333 MD=0.333] | Lp=1.15 | n_eval=8
[Gen  12 | FE= 196/ 300] p_err=0.395 | 指标=SDE    | score=2(极优) | Pw=[SDE=0.329 I+=0.342 MD=0.328] | Lp=2.00 | n_eval=8
[Gen  13 | FE= 204/ 300] p_err=0.268 | 指标=MD     | score=2(极优) | Pw=[SDE=0.333 I+=0.333 MD=0.333] | Lp=4.20 | n_eval=8
[Gen  12 | FE= 196/ 300] p_err=0.230 | 指标=I_eps+ | score=2(极优) | Pw=[SDE=0.333 I+=0.333 MD=0.333] | Lp=4.20 | n_eval=8
[Gen  13 | FE= 204/ 300] p_err=0.301 | 指标=MD     | score=2(极优) | Pw=[SDE=0.333 I+=0.333 MD=0.333] | Lp=1.60 | n_eval=8
[Gen  13 | FE= 204/ 300] p_err=0.222 | 指标=I_eps+ | score=2(极优) | Pw=[SDE=0.333 I+=0.333 MD=0.333] | Lp=0.57 | n_eval=8
[Gen  13 | FE= 204/ 300] p_err=0.345 | 指标=SDE    | score=2(极优) | Pw=[SDE=0.333 I+=0.333 MD=0.333] | Lp=2.40 | n_eval=8
[Gen  13 | FE= 204/ 300] p_err=0.279 | 指标=I_eps+ | score=2(极优) | Pw=[SDE=0.333 I+=0.333 MD=0.333] | Lp=1.35 | n_eval=8
[Gen  13 | FE= 204/ 300] p_err=0.348 | 指标=SDE    | score=2(极优) | Pw=[SDE=0.330 I+=0.343 MD=0.327] | Lp=2.00 | n_eval=8
[Gen  14 | FE= 212/ 300] p_err=0.339 | 指标=SDE    | score=2(极优) | Pw=[SDE=0.333 I+=0.333 MD=0.333] | Lp=4.20 | n_eval=8
[Gen  13 | FE= 204/ 300] p_err=0.391 | 指标=SDE    | score=2(极优) | Pw=[SDE=0.333 I+=0.333 MD=0.333] | Lp=3.10 | n_eval=8
[Gen  14 | FE= 212/ 300] p_err=0.238 | 指标=MD     | score=2(极优) | Pw=[SDE=0.333 I+=0.333 MD=0.333] | Lp=1.60 | n_eval=8
[Gen  14 | FE= 212/ 300] p_err=0.209 | 指标=MD     | score=2(极优) | Pw=[SDE=0.333 I+=0.333 MD=0.333] | Lp=4.20 | n_eval=8
[Gen  14 | FE= 212/ 300] p_err=0.350 | 指标=SDE    | score=2(极优) | Pw=[SDE=0.333 I+=0.333 MD=0.333] | Lp=0.57 | n_eval=8
[Gen  14 | FE= 212/ 300] p_err=0.393 | 指标=SDE    | score=2(极优) | Pw=[SDE=0.333 I+=0.333 MD=0.333] | Lp=0.36 | n_eval=8
[Gen  14 | FE= 212/ 300] p_err=0.406 | 指标=SDE    | score=2(极优) | Pw=[SDE=0.330 I+=0.343 MD=0.326] | Lp=2.00 | n_eval=8
[Gen  15 | FE= 220/ 300] p_err=0.285 | 指标=MD     | score=1(中  ) | Pw=[SDE=0.338 I+=0.338 MD=0.325] | Lp=4.20 | n_eval=8
[Gen  14 | FE= 212/ 300] p_err=0.194 | 指标=MD     | score=2(极优) | Pw=[SDE=0.333 I+=0.333 MD=0.333] | Lp=4.20 | n_eval=8
[Gen  15 | FE= 220/ 300] p_err=0.256 | 指标=MD     | score=2(极优) | Pw=[SDE=0.333 I+=0.333 MD=0.333] | Lp=1.00 | n_eval=8
[Gen  15 | FE= 220/ 300] p_err=0.282 | 指标=I_eps+ | score=2(极优) | Pw=[SDE=0.333 I+=0.333 MD=0.333] | Lp=4.20 | n_eval=8
[Gen  15 | FE= 220/ 300] p_err=0.278 | 指标=SDE    | score=2(极优) | Pw=[SDE=0.333 I+=0.333 MD=0.333] | Lp=1.00 | n_eval=8
[Gen  15 | FE= 220/ 300] p_err=0.235 | 指标=I_eps+ | score=2(极优) | Pw=[SDE=0.333 I+=0.333 MD=0.333] | Lp=0.36 | n_eval=8
[Gen  15 | FE= 220/ 300] p_err=0.203 | 指标=MD     | score=2(极优) | Pw=[SDE=0.330 I+=0.344 MD=0.327] | Lp=1.60 | n_eval=8
[Gen  16 | FE= 228/ 300] p_err=0.222 | 指标=MD     | score=2(极优) | Pw=[SDE=0.338 I+=0.338 MD=0.325] | Lp=4.20 | n_eval=8
[Gen  15 | FE= 220/ 300] p_err=0.236 | 指标=MD     | score=2(极优) | Pw=[SDE=0.333 I+=0.333 MD=0.333] | Lp=6.50 | n_eval=8
[Gen  16 | FE= 228/ 300] p_err=0.180 | 指标=I_eps+ | score=2(极优) | Pw=[SDE=0.333 I+=0.333 MD=0.333] | Lp=1.15 | n_eval=8
[Gen  16 | FE= 228/ 300] p_err=0.244 | 指标=MD     | score=2(极优) | Pw=[SDE=0.333 I+=0.333 MD=0.333] | Lp=4.20 | n_eval=8
[Gen  16 | FE= 228/ 300] p_err=0.193 | 指标=MD     | score=2(极优) | Pw=[SDE=0.333 I+=0.333 MD=0.333] | Lp=0.75 | n_eval=8
[Gen  16 | FE= 228/ 300] p_err=0.189 | 指标=MD     | score=2(极优) | Pw=[SDE=0.329 I+=0.344 MD=0.327] | Lp=1.60 | n_eval=8
[Gen  16 | FE= 228/ 300] p_err=0.337 | 指标=SDE    | score=2(极优) | Pw=[SDE=0.333 I+=0.333 MD=0.333] | Lp=3.10 | n_eval=8
[Gen  17 | FE= 236/ 300] p_err=0.259 | 指标=I_eps+ | score=2(极优) | Pw=[SDE=0.338 I+=0.338 MD=0.324] | Lp=3.10 | n_eval=8
[Gen  16 | FE= 228/ 300] p_err=0.243 | 指标=I_eps+ | score=2(极优) | Pw=[SDE=0.333 I+=0.333 MD=0.333] | Lp=4.20 | n_eval=8
[Gen  17 | FE= 236/ 300] p_err=0.289 | 指标=SDE    | score=1(中  ) | Pw=[SDE=0.319 I+=0.340 MD=0.340] | Lp=4.20 | n_eval=8
[Gen  17 | FE= 236/ 300] p_err=0.145 | 指标=I_eps+ | score=2(极优) | Pw=[SDE=0.333 I+=0.333 MD=0.333] | Lp=1.35 | n_eval=8
[Gen  17 | FE= 236/ 300] p_err=0.378 | 指标=SDE    | score=2(极优) | Pw=[SDE=0.333 I+=0.333 MD=0.333] | Lp=3.10 | n_eval=8
[Gen  17 | FE= 236/ 300] p_err=0.274 | 指标=SDE    | score=2(极优) | Pw=[SDE=0.333 I+=0.333 MD=0.333] | Lp=0.75 | n_eval=8
[Gen  17 | FE= 236/ 300] p_err=0.284 | 指标=I_eps+ | score=2(极优) | Pw=[SDE=0.328 I+=0.345 MD=0.326] | Lp=1.60 | n_eval=8
[Gen  18 | FE= 244/ 300] p_err=0.274 | 指标=I_eps+ | score=2(极优) | Pw=[SDE=0.338 I+=0.338 MD=0.323] | Lp=2.40 | n_eval=8
[Gen  18 | FE= 244/ 300] p_err=0.204 | 指标=MD     | score=2(极优) | Pw=[SDE=0.317 I+=0.341 MD=0.341] | Lp=4.20 | n_eval=8
[Gen  17 | FE= 236/ 300] p_err=0.450 | 指标=SDE    | score=2(极优) | Pw=[SDE=0.333 I+=0.333 MD=0.333] | Lp=6.50 | n_eval=8
[Gen  18 | FE= 244/ 300] p_err=0.230 | 指标=I_eps+ | score=2(极优) | Pw=[SDE=0.333 I+=0.333 MD=0.333] | Lp=2.00 | n_eval=8
[Gen  18 | FE= 244/ 300] p_err=0.374 | 指标=SDE    | score=2(极优) | Pw=[SDE=0.333 I+=0.333 MD=0.333] | Lp=2.00 | n_eval=8
[Gen  18 | FE= 244/ 300] p_err=0.215 | 指标=MD     | score=2(极优) | Pw=[SDE=0.327 I+=0.346 MD=0.327] | Lp=1.60 | n_eval=8
[Gen  18 | FE= 244/ 300] p_err=0.358 | 指标=SDE    | score=2(极优) | Pw=[SDE=0.333 I+=0.333 MD=0.333] | Lp=1.15 | n_eval=8
[Gen  19 | FE= 252/ 300] p_err=0.367 | 指标=I_eps+ | score=2(极优) | Pw=[SDE=0.339 I+=0.339 MD=0.322] | Lp=2.40 | n_eval=8
[Gen  19 | FE= 252/ 300] p_err=0.363 | 指标=SDE    | score=2(极优) | Pw=[SDE=0.317 I+=0.341 MD=0.341] | Lp=4.20 | n_eval=8
[Gen  18 | FE= 244/ 300] p_err=0.366 | 指标=SDE    | score=2(极优) | Pw=[SDE=0.333 I+=0.333 MD=0.333] | Lp=6.50 | n_eval=8
[Gen  19 | FE= 252/ 300] p_err=0.164 | 指标=MD     | score=2(极优) | Pw=[SDE=0.333 I+=0.333 MD=0.333] | Lp=1.35 | n_eval=8
[Gen  19 | FE= 252/ 300] p_err=0.290 | 指标=MD     | score=2(极优) | Pw=[SDE=0.333 I+=0.333 MD=0.333] | Lp=2.40 | n_eval=8
[Gen  19 | FE= 252/ 300] p_err=0.202 | 指标=MD     | score=2(极优) | Pw=[SDE=0.325 I+=0.347 MD=0.328] | Lp=1.35 | n_eval=8
[Gen  19 | FE= 252/ 300] p_err=0.288 | 指标=MD     | score=2(极优) | Pw=[SDE=0.333 I+=0.333 MD=0.333] | Lp=3.10 | n_eval=8
[Gen  20 | FE= 260/ 300] p_err=0.229 | 指标=MD     | score=2(极优) | Pw=[SDE=0.339 I+=0.339 MD=0.322] | Lp=2.00 | n_eval=8
[Gen  20 | FE= 260/ 300] p_err=0.156 | 指标=MD     | score=2(极优) | Pw=[SDE=0.314 I+=0.343 MD=0.343] | Lp=4.20 | n_eval=8
[Gen  19 | FE= 252/ 300] p_err=0.171 | 指标=MD     | score=2(极优) | Pw=[SDE=0.333 I+=0.333 MD=0.333] | Lp=6.50 | n_eval=8
[Gen  20 | FE= 260/ 300] p_err=0.184 | 指标=I_eps+ | score=2(极优) | Pw=[SDE=0.333 I+=0.333 MD=0.333] | Lp=2.00 | n_eval=8
[Gen  20 | FE= 260/ 300] p_err=0.298 | 指标=I_eps+ | score=2(极优) | Pw=[SDE=0.324 I+=0.349 MD=0.327] | Lp=1.35 | n_eval=8
[Gen  20 | FE= 260/ 300] p_err=0.339 | 指标=SDE    | score=2(极优) | Pw=[SDE=0.333 I+=0.333 MD=0.333] | Lp=3.10 | n_eval=8
[Gen  20 | FE= 260/ 300] p_err=0.291 | 指标=SDE    | score=2(极优) | Pw=[SDE=0.333 I+=0.333 MD=0.333] | Lp=1.60 | n_eval=8
[Gen  21 | FE= 268/ 300] p_err=0.204 | 指标=MD     | score=1(中  ) | Pw=[SDE=0.345 I+=0.345 MD=0.310] | Lp=3.10 | n_eval=8
[Gen  20 | FE= 260/ 300] p_err=0.351 | 指标=I_eps+ | score=2(极优) | Pw=[SDE=0.333 I+=0.333 MD=0.333] | Lp=6.50 | n_eval=8
[Gen  21 | FE= 268/ 300] p_err=0.289 | 指标=SDE    | score=2(极优) | Pw=[SDE=0.317 I+=0.341 MD=0.341] | Lp=6.50 | n_eval=8
[Gen  21 | FE= 268/ 300] p_err=0.212 | 指标=SDE    | score=2(极优) | Pw=[SDE=0.333 I+=0.333 MD=0.333] | Lp=1.60 | n_eval=8
[Gen  21 | FE= 268/ 300] p_err=0.267 | 指标=I_eps+ | score=2(极优) | Pw=[SDE=0.321 I+=0.350 MD=0.328] | Lp=1.60 | n_eval=8
[Gen  21 | FE= 268/ 300] p_err=0.262 | 指标=MD     | score=2(极优) | Pw=[SDE=0.333 I+=0.333 MD=0.333] | Lp=3.10 | n_eval=8
[Gen  22 | FE= 276/ 300] p_err=0.237 | 指标=MD     | score=1(中  ) | Pw=[SDE=0.351 I+=0.351 MD=0.298] | Lp=3.10 | n_eval=8
[Gen  21 | FE= 268/ 300] p_err=0.185 | 指标=MD     | score=1(中  ) | Pw=[SDE=0.343 I+=0.343 MD=0.314] | Lp=1.35 | n_eval=8
[Gen  21 | FE= 268/ 300] p_err=0.364 | 指标=I_eps+ | score=2(极优) | Pw=[SDE=0.333 I+=0.333 MD=0.333] | Lp=6.50 | n_eval=8
[Gen  22 | FE= 276/ 300] p_err=0.204 | 指标=MD     | score=1(中  ) | Pw=[SDE=0.323 I+=0.348 MD=0.329] | Lp=6.50 | n_eval=8
[Gen  22 | FE= 276/ 300] p_err=0.155 | 指标=I_eps+ | score=2(极优) | Pw=[SDE=0.333 I+=0.333 MD=0.333] | Lp=3.10 | n_eval=8
[Gen  22 | FE= 276/ 300] p_err=0.406 | 指标=SDE    | score=2(极优) | Pw=[SDE=0.324 I+=0.349 MD=0.327] | Lp=2.00 | n_eval=8
[Gen  22 | FE= 276/ 300] p_err=0.183 | 指标=MD     | score=2(极优) | Pw=[SDE=0.333 I+=0.333 MD=0.333] | Lp=2.00 | n_eval=8
[Gen  23 | FE= 284/ 300] p_err=0.186 | 指标=MD     | score=2(极优) | Pw=[SDE=0.351 I+=0.351 MD=0.298] | Lp=3.10 | n_eval=8
[Gen  22 | FE= 276/ 300] p_err=0.284 | 指标=I_eps+ | score=2(极优) | Pw=[SDE=0.345 I+=0.345 MD=0.310] | Lp=1.35 | n_eval=8
[Gen  22 | FE= 276/ 300] p_err=0.361 | 指标=SDE    | score=2(极优) | Pw=[SDE=0.333 I+=0.333 MD=0.333] | Lp=6.50 | n_eval=8
[Gen  23 | FE= 284/ 300] p_err=0.124 | 指标=MD     | score=2(极优) | Pw=[SDE=0.323 I+=0.348 MD=0.329] | Lp=6.50 | n_eval=8
[Gen  23 | FE= 284/ 300] p_err=0.247 | 指标=I_eps+ | score=2(极优) | Pw=[SDE=0.333 I+=0.333 MD=0.333] | Lp=3.10 | n_eval=8
[Gen  23 | FE= 284/ 300] p_err=0.292 | 指标=I_eps+ | score=2(极优) | Pw=[SDE=0.324 I+=0.349 MD=0.327] | Lp=1.60 | n_eval=8
[Gen  24 | FE= 292/ 300] p_err=0.215 | 指标=MD     | score=2(极优) | Pw=[SDE=0.349 I+=0.349 MD=0.302] | Lp=3.10 | n_eval=8
[Gen  23 | FE= 284/ 300] p_err=0.259 | 指标=SDE    | score=2(极优) | Pw=[SDE=0.333 I+=0.333 MD=0.333] | Lp=2.00 | n_eval=8
[Gen  23 | FE= 284/ 300] p_err=0.290 | 指标=I_eps+ | score=2(极优) | Pw=[SDE=0.345 I+=0.345 MD=0.310] | Lp=1.15 | n_eval=8
[Gen  24 | FE= 292/ 300] p_err=0.141 | 指标=MD     | score=2(极优) | Pw=[SDE=0.323 I+=0.347 MD=0.330] | Lp=4.20 | n_eval=8
[Gen  23 | FE= 284/ 300] p_err=0.392 | 指标=SDE    | score=2(极优) | Pw=[SDE=0.333 I+=0.333 MD=0.333] | Lp=6.50 | n_eval=8
[Gen  24 | FE= 292/ 300] p_err=0.256 | 指标=SDE    | score=2(极优) | Pw=[SDE=0.333 I+=0.333 MD=0.333] | Lp=2.00 | n_eval=8
[Gen  24 | FE= 292/ 300] p_err=0.340 | 指标=SDE    | score=2(极优) | Pw=[SDE=0.324 I+=0.349 MD=0.327] | Lp=1.60 | n_eval=8
[Gen  25 | FE= 300/ 300] p_err=0.219 | 指标=I_eps+ | score=2(极优) | Pw=[SDE=0.349 I+=0.349 MD=0.302] | Lp=3.10 | n_eval=8
[Gen  24 | FE= 292/ 300] p_err=0.359 | 指标=I_eps+ | score=2(极优) | Pw=[SDE=0.345 I+=0.345 MD=0.310] | Lp=2.40 | n_eval=8
[Gen  24 | FE= 292/ 300] p_err=0.339 | 指标=SDE    | score=2(极优) | Pw=[SDE=0.333 I+=0.333 MD=0.333] | Lp=3.10 | n_eval=8
[Gen  25 | FE= 300/ 300] p_err=0.178 | 指标=MD     | score=2(极优) | Pw=[SDE=0.319 I+=0.348 MD=0.332] | Lp=6.50 | n_eval=8
[Gen  24 | FE= 292/ 300] p_err=0.326 | 指标=I_eps+ | score=2(极优) | Pw=[SDE=0.333 I+=0.333 MD=0.333] | Lp=6.50 | n_eval=8
[Gen  25 | FE= 300/ 300] p_err=0.184 | 指标=I_eps+ | score=2(极优) | Pw=[SDE=0.333 I+=0.333 MD=0.333] | Lp=3.10 | n_eval=8
[Gen  25 | FE= 300/ 300] p_err=0.318 | 指标=SDE    | score=2(极优) | Pw=[SDE=0.327 I+=0.349 MD=0.324] | Lp=1.35 | n_eval=8
[Gen  25 | FE= 300/ 300] p_err=0.391 | 指标=SDE    | score=2(极优) | Pw=[SDE=0.345 I+=0.345 MD=0.310] | Lp=0.86 | n_eval=8
[Gen  25 | FE= 300/ 300] p_err=0.279 | 指标=I_eps+ | score=2(极优) | Pw=[SDE=0.333 I+=0.333 MD=0.333] | Lp=3.10 | n_eval=8
[Gen  25 | FE= 300/ 300] p_err=0.374 | 指标=SDE    | score=2(极优) | Pw=[SDE=0.333 I+=0.333 MD=0.333] | Lp=6.50 | n_eval=8
[Gen   1 | FE= 108/ 300] p_err=0.131 | 指标=I_eps+ | score=2(极优) | Pw=[SDE=0.333 I+=0.333 MD=0.333] | Lp=4.20 | n_eval=8
[Gen   1 | FE= 108/ 300] p_err=0.145 | 指标=I_eps+ | score=2(极优) | Pw=[SDE=0.333 I+=0.333 MD=0.333] | Lp=6.50 | n_eval=8
[Gen   1 | FE= 108/ 300] p_err=0.133 | 指标=I_eps+ | score=2(极优) | Pw=[SDE=0.333 I+=0.333 MD=0.333] | Lp=4.20 | n_eval=8
[Gen   1 | FE= 108/ 300] p_err=0.115 | 指标=I_eps+ | score=2(极优) | Pw=[SDE=0.333 I+=0.333 MD=0.333] | Lp=6.50 | n_eval=8
[Gen   1 | FE= 108/ 300] p_err=0.206 | 指标=MD     | score=2(极优) | Pw=[SDE=0.333 I+=0.333 MD=0.333] | Lp=6.50 | n_eval=8
[Gen   1 | FE= 108/ 300] p_err=0.170 | 指标=SDE    | score=2(极优) | Pw=[SDE=0.333 I+=0.333 MD=0.333] | Lp=3.10 | n_eval=8
[Gen   1 | FE= 108/ 300] p_err=0.109 | 指标=I_eps+ | score=2(极优) | Pw=[SDE=0.333 I+=0.333 MD=0.333] | Lp=6.50 | n_eval=8
[Gen   1 | FE= 108/ 300] p_err=0.225 | 指标=MD     | score=2(极优) | Pw=[SDE=0.333 I+=0.333 MD=0.333] | Lp=6.50 | n_eval=8
[Gen   2 | FE= 116/ 300] p_err=0.246 | 指标=MD     | score=2(极优) | Pw=[SDE=0.333 I+=0.333 MD=0.333] | Lp=4.20 | n_eval=8
[Gen   2 | FE= 116/ 300] p_err=0.206 | 指标=I_eps+ | score=2(极优) | Pw=[SDE=0.333 I+=0.333 MD=0.333] | Lp=3.10 | n_eval=8
[Gen   2 | FE= 116/ 300] p_err=0.174 | 指标=SDE    | score=2(极优) | Pw=[SDE=0.333 I+=0.333 MD=0.333] | Lp=6.50 | n_eval=8
[Gen   2 | FE= 116/ 300] p_err=0.253 | 指标=MD     | score=2(极优) | Pw=[SDE=0.333 I+=0.333 MD=0.333] | Lp=4.20 | n_eval=8
[Gen   2 | FE= 116/ 300] p_err=0.265 | 指标=MD     | score=2(极优) | Pw=[SDE=0.333 I+=0.333 MD=0.333] | Lp=4.20 | n_eval=8
[Gen   2 | FE= 116/ 300] p_err=0.282 | 指标=MD     | score=2(极优) | Pw=[SDE=0.333 I+=0.333 MD=0.333] | Lp=4.20 | n_eval=8
[Gen   2 | FE= 116/ 300] p_err=0.216 | 指标=MD     | score=2(极优) | Pw=[SDE=0.333 I+=0.333 MD=0.333] | Lp=6.50 | n_eval=8
[Gen   2 | FE= 116/ 300] p_err=0.146 | 指标=I_eps+ | score=2(极优) | Pw=[SDE=0.333 I+=0.333 MD=0.333] | Lp=4.20 | n_eval=8
[Gen   3 | FE= 124/ 300] p_err=0.162 | 指标=I_eps+ | score=2(极优) | Pw=[SDE=0.333 I+=0.333 MD=0.333] | Lp=4.20 | n_eval=8
[Gen   3 | FE= 124/ 300] p_err=0.144 | 指标=I_eps+ | score=2(极优) | Pw=[SDE=0.333 I+=0.333 MD=0.333] | Lp=6.50 | n_eval=8
[Gen   3 | FE= 124/ 300] p_err=0.165 | 指标=SDE    | score=2(极优) | Pw=[SDE=0.333 I+=0.333 MD=0.333] | Lp=6.50 | n_eval=8
[Gen   3 | FE= 124/ 300] p_err=0.189 | 指标=MD     | score=2(极优) | Pw=[SDE=0.333 I+=0.333 MD=0.333] | Lp=6.50 | n_eval=8
[Gen   3 | FE= 124/ 300] p_err=0.228 | 指标=MD     | score=2(极优) | Pw=[SDE=0.333 I+=0.333 MD=0.333] | Lp=4.20 | n_eval=8
[Gen   3 | FE= 124/ 300] p_err=0.151 | 指标=I_eps+ | score=2(极优) | Pw=[SDE=0.333 I+=0.333 MD=0.333] | Lp=6.50 | n_eval=8
[Gen   3 | FE= 124/ 300] p_err=0.167 | 指标=SDE    | score=2(极优) | Pw=[SDE=0.333 I+=0.333 MD=0.333] | Lp=4.20 | n_eval=8
[Gen   3 | FE= 124/ 300] p_err=0.225 | 指标=SDE    | score=2(极优) | Pw=[SDE=0.333 I+=0.333 MD=0.333] | Lp=4.20 | n_eval=8
[Gen   4 | FE= 132/ 300] p_err=0.194 | 指标=MD     | score=2(极优) | Pw=[SDE=0.333 I+=0.333 MD=0.333] | Lp=4.20 | n_eval=8
[Gen   4 | FE= 132/ 300] p_err=0.203 | 指标=MD     | score=2(极优) | Pw=[SDE=0.333 I+=0.333 MD=0.333] | Lp=2.40 | n_eval=8
[Gen   4 | FE= 132/ 300] p_err=0.141 | 指标=I_eps+ | score=2(极优) | Pw=[SDE=0.333 I+=0.333 MD=0.333] | Lp=6.50 | n_eval=8
[Gen   4 | FE= 132/ 300] p_err=0.175 | 指标=SDE    | score=2(极优) | Pw=[SDE=0.333 I+=0.333 MD=0.333] | Lp=6.50 | n_eval=8
[Gen   4 | FE= 132/ 300] p_err=0.196 | 指标=I_eps+ | score=2(极优) | Pw=[SDE=0.333 I+=0.333 MD=0.333] | Lp=4.20 | n_eval=8
[Gen   4 | FE= 132/ 300] p_err=0.191 | 指标=MD     | score=2(极优) | Pw=[SDE=0.333 I+=0.333 MD=0.333] | Lp=4.20 | n_eval=8
[Gen   4 | FE= 132/ 300] p_err=0.223 | 指标=SDE    | score=2(极优) | Pw=[SDE=0.333 I+=0.333 MD=0.333] | Lp=4.20 | n_eval=8
[Gen   4 | FE= 132/ 300] p_err=0.235 | 指标=MD     | score=2(极优) | Pw=[SDE=0.333 I+=0.333 MD=0.333] | Lp=6.50 | n_eval=8
[Gen   5 | FE= 140/ 300] p_err=0.223 | 指标=SDE    | score=2(极优) | Pw=[SDE=0.333 I+=0.333 MD=0.333] | Lp=4.20 | n_eval=8
[Gen   5 | FE= 140/ 300] p_err=0.150 | 指标=I_eps+ | score=2(极优) | Pw=[SDE=0.333 I+=0.333 MD=0.333] | Lp=6.50 | n_eval=8
[Gen   5 | FE= 140/ 300] p_err=0.238 | 指标=SDE    | score=2(极优) | Pw=[SDE=0.333 I+=0.333 MD=0.333] | Lp=4.20 | n_eval=8
[Gen   5 | FE= 140/ 300] p_err=0.191 | 指标=MD     | score=2(极优) | Pw=[SDE=0.333 I+=0.333 MD=0.333] | Lp=3.10 | n_eval=8
[Gen   5 | FE= 140/ 300] p_err=0.177 | 指标=MD     | score=2(极优) | Pw=[SDE=0.333 I+=0.333 MD=0.333] | Lp=4.20 | n_eval=8
[Gen   5 | FE= 140/ 300] p_err=0.327 | 指标=MD     | score=2(极优) | Pw=[SDE=0.333 I+=0.333 MD=0.333] | Lp=6.50 | n_eval=8
[Gen   5 | FE= 140/ 300] p_err=0.117 | 指标=I_eps+ | score=2(极优) | Pw=[SDE=0.333 I+=0.333 MD=0.333] | Lp=4.20 | n_eval=8
[Gen   5 | FE= 140/ 300] p_err=0.255 | 指标=SDE    | score=2(极优) | Pw=[SDE=0.333 I+=0.333 MD=0.333] | Lp=4.20 | n_eval=8
[Gen   6 | FE= 148/ 300] p_err=0.252 | 指标=I_eps+ | score=2(极优) | Pw=[SDE=0.333 I+=0.333 MD=0.333] | Lp=4.20 | n_eval=8
[Gen   6 | FE= 148/ 300] p_err=0.277 | 指标=MD     | score=2(极优) | Pw=[SDE=0.333 I+=0.333 MD=0.333] | Lp=6.50 | n_eval=8
[Gen   6 | FE= 148/ 300] p_err=0.176 | 指标=SDE    | score=2(极优) | Pw=[SDE=0.333 I+=0.333 MD=0.333] | Lp=4.20 | n_eval=8
[Gen   6 | FE= 148/ 300] p_err=0.197 | 指标=MD     | score=2(极优) | Pw=[SDE=0.333 I+=0.333 MD=0.333] | Lp=3.10 | n_eval=8
[Gen   6 | FE= 148/ 300] p_err=0.210 | 指标=I_eps+ | score=2(极优) | Pw=[SDE=0.333 I+=0.333 MD=0.333] | Lp=6.50 | n_eval=8
[Gen   6 | FE= 148/ 300] p_err=0.186 | 指标=MD     | score=1(中  ) | Pw=[SDE=0.336 I+=0.336 MD=0.327] | Lp=4.20 | n_eval=8
[Gen   6 | FE= 148/ 300] p_err=0.246 | 指标=SDE    | score=2(极优) | Pw=[SDE=0.333 I+=0.333 MD=0.333] | Lp=4.20 | n_eval=8
[Gen   6 | FE= 148/ 300] p_err=0.111 | 指标=I_eps+ | score=2(极优) | Pw=[SDE=0.333 I+=0.333 MD=0.333] | Lp=4.20 | n_eval=8
[Gen   7 | FE= 156/ 300] p_err=0.238 | 指标=MD     | score=2(极优) | Pw=[SDE=0.333 I+=0.333 MD=0.333] | Lp=6.50 | n_eval=8
[Gen   7 | FE= 156/ 300] p_err=0.243 | 指标=SDE    | score=2(极优) | Pw=[SDE=0.333 I+=0.333 MD=0.333] | Lp=6.50 | n_eval=8
[Gen   7 | FE= 156/ 300] p_err=0.171 | 指标=I_eps+ | score=2(极优) | Pw=[SDE=0.333 I+=0.333 MD=0.333] | Lp=4.20 | n_eval=8
[Gen   7 | FE= 156/ 300] p_err=0.151 | 指标=I_eps+ | score=2(极优) | Pw=[SDE=0.333 I+=0.333 MD=0.333] | Lp=3.10 | n_eval=8
[Gen   7 | FE= 156/ 300] p_err=0.188 | 指标=I_eps+ | score=2(极优) | Pw=[SDE=0.333 I+=0.333 MD=0.333] | Lp=4.20 | n_eval=8
[Gen   7 | FE= 156/ 300] p_err=0.223 | 指标=MD     | score=2(极优) | Pw=[SDE=0.336 I+=0.336 MD=0.327] | Lp=4.20 | n_eval=8
[Gen   7 | FE= 156/ 300] p_err=0.626 | 指标=MD     | score=2(极优) | Pw=[SDE=0.333 I+=0.333 MD=0.333] | Lp=4.20 | n_eval=8
[Gen   7 | FE= 156/ 300] p_err=0.159 | 指标=MD     | score=1(中  ) | Pw=[SDE=0.336 I+=0.336 MD=0.327] | Lp=4.20 | n_eval=8
[Gen   8 | FE= 164/ 300] p_err=0.212 | 指标=MD     | score=2(极优) | Pw=[SDE=0.333 I+=0.333 MD=0.333] | Lp=4.20 | n_eval=8
[Gen   8 | FE= 164/ 300] p_err=0.183 | 指标=I_eps+ | score=2(极优) | Pw=[SDE=0.333 I+=0.333 MD=0.333] | Lp=6.50 | n_eval=8
[Gen   8 | FE= 164/ 300] p_err=0.275 | 指标=SDE    | score=2(极优) | Pw=[SDE=0.333 I+=0.333 MD=0.333] | Lp=4.20 | n_eval=8
[Gen   8 | FE= 164/ 300] p_err=0.203 | 指标=SDE    | score=2(极优) | Pw=[SDE=0.333 I+=0.333 MD=0.333] | Lp=3.10 | n_eval=8
[Gen   8 | FE= 164/ 300] p_err=0.226 | 指标=SDE    | score=2(极优) | Pw=[SDE=0.333 I+=0.333 MD=0.333] | Lp=4.20 | n_eval=8
[Gen   8 | FE= 164/ 300] p_err=0.251 | 指标=SDE    | score=2(极优) | Pw=[SDE=0.337 I+=0.337 MD=0.327] | Lp=4.20 | n_eval=8
[Gen   8 | FE= 164/ 300] p_err=0.210 | 指标=SDE    | score=2(极优) | Pw=[SDE=0.333 I+=0.333 MD=0.333] | Lp=3.10 | n_eval=8
[Gen   8 | FE= 164/ 300] p_err=0.163 | 指标=MD     | score=1(中  ) | Pw=[SDE=0.340 I+=0.340 MD=0.321] | Lp=4.20 | n_eval=8
[Gen   9 | FE= 172/ 300] p_err=0.237 | 指标=MD     | score=2(极优) | Pw=[SDE=0.333 I+=0.333 MD=0.333] | Lp=6.50 | n_eval=8
[Gen   9 | FE= 172/ 300] p_err=0.203 | 指标=MD     | score=2(极优) | Pw=[SDE=0.333 I+=0.333 MD=0.333] | Lp=3.10 | n_eval=8
[Gen   9 | FE= 172/ 300] p_err=0.349 | 指标=SDE    | score=2(极优) | Pw=[SDE=0.333 I+=0.333 MD=0.333] | Lp=6.50 | n_eval=8
[Gen   9 | FE= 172/ 300] p_err=0.261 | 指标=I_eps+ | score=2(极优) | Pw=[SDE=0.337 I+=0.337 MD=0.326] | Lp=4.20 | n_eval=8
[Gen   9 | FE= 172/ 300] p_err=0.197 | 指标=I_eps+ | score=2(极优) | Pw=[SDE=0.333 I+=0.333 MD=0.333] | Lp=6.50 | n_eval=8
[Gen   9 | FE= 172/ 300] p_err=0.138 | 指标=I_eps+ | score=2(极优) | Pw=[SDE=0.333 I+=0.333 MD=0.333] | Lp=4.20 | n_eval=8
[Gen   9 | FE= 172/ 300] p_err=0.190 | 指标=I_eps+ | score=2(极优) | Pw=[SDE=0.333 I+=0.333 MD=0.333] | Lp=3.10 | n_eval=8
[Gen   9 | FE= 172/ 300] p_err=0.123 | 指标=I_eps+ | score=2(极优) | Pw=[SDE=0.340 I+=0.340 MD=0.320] | Lp=4.20 | n_eval=8
[Gen  10 | FE= 180/ 300] p_err=0.246 | 指标=MD     | score=2(极优) | Pw=[SDE=0.333 I+=0.333 MD=0.333] | Lp=4.20 | n_eval=8
[Gen  10 | FE= 180/ 300] p_err=0.354 | 指标=SDE    | score=2(极优) | Pw=[SDE=0.333 I+=0.333 MD=0.333] | Lp=6.50 | n_eval=8
[Gen  10 | FE= 180/ 300] p_err=0.200 | 指标=SDE    | score=2(极优) | Pw=[SDE=0.333 I+=0.333 MD=0.333] | Lp=4.20 | n_eval=8
[Gen  10 | FE= 180/ 300] p_err=0.167 | 指标=MD     | score=2(极优) | Pw=[SDE=0.337 I+=0.337 MD=0.326] | Lp=4.20 | n_eval=8
[Gen  10 | FE= 180/ 300] p_err=0.196 | 指标=I_eps+ | score=2(极优) | Pw=[SDE=0.333 I+=0.333 MD=0.333] | Lp=6.50 | n_eval=8
[Gen  10 | FE= 180/ 300] p_err=0.336 | 指标=SDE    | score=2(极优) | Pw=[SDE=0.333 I+=0.333 MD=0.333] | Lp=4.20 | n_eval=8
[Gen  10 | FE= 180/ 300] p_err=0.202 | 指标=SDE    | score=2(极优) | Pw=[SDE=0.333 I+=0.333 MD=0.333] | Lp=3.10 | n_eval=8
[Gen  10 | FE= 180/ 300] p_err=0.147 | 指标=I_eps+ | score=2(极优) | Pw=[SDE=0.340 I+=0.340 MD=0.319] | Lp=4.20 | n_eval=8
[Gen  11 | FE= 188/ 300] p_err=0.264 | 指标=SDE    | score=2(极优) | Pw=[SDE=0.333 I+=0.333 MD=0.333] | Lp=3.10 | n_eval=8
[Gen  11 | FE= 188/ 300] p_err=0.167 | 指标=MD     | score=2(极优) | Pw=[SDE=0.333 I+=0.333 MD=0.333] | Lp=4.20 | n_eval=8
[Gen  11 | FE= 188/ 300] p_err=0.273 | 指标=SDE    | score=2(极优) | Pw=[SDE=0.333 I+=0.333 MD=0.333] | Lp=6.50 | n_eval=8
[Gen  11 | FE= 188/ 300] p_err=0.238 | 指标=SDE    | score=2(极优) | Pw=[SDE=0.337 I+=0.337 MD=0.326] | Lp=4.20 | n_eval=8
[Gen  11 | FE= 188/ 300] p_err=0.172 | 指标=I_eps+ | score=2(极优) | Pw=[SDE=0.333 I+=0.333 MD=0.333] | Lp=6.50 | n_eval=8
[Gen  11 | FE= 188/ 300] p_err=0.250 | 指标=MD     | score=2(极优) | Pw=[SDE=0.333 I+=0.333 MD=0.333] | Lp=3.10 | n_eval=8
[Gen  11 | FE= 188/ 300] p_err=0.203 | 指标=I_eps+ | score=2(极优) | Pw=[SDE=0.341 I+=0.341 MD=0.318] | Lp=3.10 | n_eval=8
[Gen  11 | FE= 188/ 300] p_err=0.211 | 指标=MD     | score=2(极优) | Pw=[SDE=0.333 I+=0.333 MD=0.333] | Lp=4.20 | n_eval=8
[Gen  12 | FE= 196/ 300] p_err=0.144 | 指标=MD     | score=2(极优) | Pw=[SDE=0.333 I+=0.333 MD=0.333] | Lp=3.10 | n_eval=8
[Gen  12 | FE= 196/ 300] p_err=0.292 | 指标=I_eps+ | score=2(极优) | Pw=[SDE=0.333 I+=0.333 MD=0.333] | Lp=1.60 | n_eval=8
[Gen  12 | FE= 196/ 300] p_err=0.180 | 指标=MD     | score=2(极优) | Pw=[SDE=0.333 I+=0.333 MD=0.333] | Lp=4.20 | n_eval=8
[Gen  12 | FE= 196/ 300] p_err=0.220 | 指标=I_eps+ | score=2(极优) | Pw=[SDE=0.337 I+=0.337 MD=0.325] | Lp=3.10 | n_eval=8
[Gen  12 | FE= 196/ 300] p_err=0.293 | 指标=I_eps+ | score=2(极优) | Pw=[SDE=0.333 I+=0.333 MD=0.333] | Lp=6.50 | n_eval=8
[Gen  12 | FE= 196/ 300] p_err=0.205 | 指标=I_eps+ | score=2(极优) | Pw=[SDE=0.333 I+=0.333 MD=0.333] | Lp=3.10 | n_eval=8
[Gen  12 | FE= 196/ 300] p_err=0.157 | 指标=I_eps+ | score=2(极优) | Pw=[SDE=0.341 I+=0.341 MD=0.317] | Lp=3.10 | n_eval=8
[Gen  12 | FE= 196/ 300] p_err=0.324 | 指标=SDE    | score=2(极优) | Pw=[SDE=0.333 I+=0.333 MD=0.333] | Lp=4.20 | n_eval=8
[Gen  13 | FE= 204/ 300] p_err=0.230 | 指标=I_eps+ | score=2(极优) | Pw=[SDE=0.333 I+=0.333 MD=0.333] | Lp=3.10 | n_eval=8
[Gen  13 | FE= 204/ 300] p_err=0.179 | 指标=MD     | score=2(极优) | Pw=[SDE=0.333 I+=0.333 MD=0.333] | Lp=6.50 | n_eval=8
[Gen  13 | FE= 204/ 300] p_err=0.225 | 指标=I_eps+ | score=2(极优) | Pw=[SDE=0.333 I+=0.333 MD=0.333] | Lp=4.20 | n_eval=8
[Gen  13 | FE= 204/ 300] p_err=0.125 | 指标=MD     | score=2(极优) | Pw=[SDE=0.333 I+=0.333 MD=0.333] | Lp=6.50 | n_eval=8
[Gen  13 | FE= 204/ 300] p_err=0.180 | 指标=I_eps+ | score=2(极优) | Pw=[SDE=0.338 I+=0.338 MD=0.325] | Lp=3.10 | n_eval=8
[Gen  13 | FE= 204/ 300] p_err=0.200 | 指标=I_eps+ | score=2(极优) | Pw=[SDE=0.342 I+=0.342 MD=0.316] | Lp=3.10 | n_eval=8
[Gen  13 | FE= 204/ 300] p_err=0.190 | 指标=I_eps+ | score=2(极优) | Pw=[SDE=0.333 I+=0.333 MD=0.333] | Lp=3.10 | n_eval=8
[Gen  13 | FE= 204/ 300] p_err=0.177 | 指标=MD     | score=2(极优) | Pw=[SDE=0.333 I+=0.333 MD=0.333] | Lp=4.20 | n_eval=8
[Gen  14 | FE= 212/ 300] p_err=0.256 | 指标=I_eps+ | score=2(极优) | Pw=[SDE=0.333 I+=0.333 MD=0.333] | Lp=4.20 | n_eval=8
[Gen  14 | FE= 212/ 300] p_err=0.244 | 指标=I_eps+ | score=2(极优) | Pw=[SDE=0.333 I+=0.333 MD=0.333] | Lp=6.50 | n_eval=8
[Gen  14 | FE= 212/ 300] p_err=0.143 | 指标=MD     | score=2(极优) | Pw=[SDE=0.333 I+=0.333 MD=0.333] | Lp=6.50 | n_eval=8
[Gen  14 | FE= 212/ 300] p_err=0.284 | 指标=SDE    | score=2(极优) | Pw=[SDE=0.333 I+=0.333 MD=0.333] | Lp=6.50 | n_eval=8
[Gen  14 | FE= 212/ 300] p_err=0.163 | 指标=MD     | score=1(中  ) | Pw=[SDE=0.342 I+=0.342 MD=0.316] | Lp=3.10 | n_eval=8
[Gen  14 | FE= 212/ 300] p_err=0.270 | 指标=MD     | score=2(极优) | Pw=[SDE=0.333 I+=0.333 MD=0.333] | Lp=3.10 | n_eval=8
[Gen  14 | FE= 212/ 300] p_err=0.150 | 指标=MD     | score=2(极优) | Pw=[SDE=0.333 I+=0.333 MD=0.333] | Lp=4.20 | n_eval=8
[Gen  14 | FE= 212/ 300] p_err=0.252 | 指标=SDE    | score=2(极优) | Pw=[SDE=0.343 I+=0.343 MD=0.314] | Lp=3.10 | n_eval=8
[Gen  15 | FE= 220/ 300] p_err=0.131 | 指标=MD     | score=1(中  ) | Pw=[SDE=0.338 I+=0.338 MD=0.323] | Lp=2.40 | n_eval=8
[Gen  15 | FE= 220/ 300] p_err=0.212 | 指标=I_eps+ | score=2(极优) | Pw=[SDE=0.333 I+=0.333 MD=0.333] | Lp=6.50 | n_eval=8
[Gen  15 | FE= 220/ 300] p_err=0.163 | 指标=MD     | score=2(极优) | Pw=[SDE=0.333 I+=0.333 MD=0.333] | Lp=3.10 | n_eval=8
[Gen  15 | FE= 220/ 300] p_err=0.129 | 指标=MD     | score=2(极优) | Pw=[SDE=0.333 I+=0.333 MD=0.333] | Lp=6.50 | n_eval=8
[Gen  15 | FE= 220/ 300] p_err=0.171 | 指标=MD     | score=2(极优) | Pw=[SDE=0.342 I+=0.342 MD=0.316] | Lp=4.20 | n_eval=8
[Gen  15 | FE= 220/ 300] p_err=0.189 | 指标=MD     | score=1(中  ) | Pw=[SDE=0.339 I+=0.339 MD=0.322] | Lp=3.10 | n_eval=8
[Gen  15 | FE= 220/ 300] p_err=0.362 | 指标=SDE    | score=2(极优) | Pw=[SDE=0.333 I+=0.333 MD=0.333] | Lp=4.20 | n_eval=8
[Gen  15 | FE= 220/ 300] p_err=0.159 | 指标=MD     | score=2(极优) | Pw=[SDE=0.343 I+=0.343 MD=0.314] | Lp=3.10 | n_eval=8
[Gen  16 | FE= 228/ 300] p_err=0.158 | 指标=MD     | score=2(极优) | Pw=[SDE=0.338 I+=0.338 MD=0.323] | Lp=1.60 | n_eval=8
[Gen  16 | FE= 228/ 300] p_err=0.177 | 指标=MD     | score=2(极优) | Pw=[SDE=0.333 I+=0.333 MD=0.333] | Lp=4.20 | n_eval=8
[Gen  16 | FE= 228/ 300] p_err=0.347 | 指标=SDE    | score=2(极优) | Pw=[SDE=0.333 I+=0.333 MD=0.333] | Lp=6.50 | n_eval=8
[Gen  16 | FE= 228/ 300] p_err=0.183 | 指标=I_eps+ | score=2(极优) | Pw=[SDE=0.333 I+=0.333 MD=0.333] | Lp=6.50 | n_eval=8
[Gen  16 | FE= 228/ 300] p_err=0.194 | 指标=I_eps+ | score=2(极优) | Pw=[SDE=0.343 I+=0.343 MD=0.314] | Lp=3.10 | n_eval=8
[Gen  16 | FE= 228/ 300] p_err=0.186 | 指标=MD     | score=1(中  ) | Pw=[SDE=0.338 I+=0.338 MD=0.323] | Lp=6.50 | n_eval=8
[Gen  16 | FE= 228/ 300] p_err=0.197 | 指标=I_eps+ | score=2(极优) | Pw=[SDE=0.340 I+=0.340 MD=0.321] | Lp=3.10 | n_eval=8
[Gen  16 | FE= 228/ 300] p_err=0.153 | 指标=I_eps+ | score=2(极优) | Pw=[SDE=0.344 I+=0.344 MD=0.312] | Lp=3.10 | n_eval=8
[Gen  17 | FE= 236/ 300] p_err=0.218 | 指标=SDE    | score=1(中  ) | Pw=[SDE=0.320 I+=0.349 MD=0.331] | Lp=4.20 | n_eval=8
[Gen  17 | FE= 236/ 300] p_err=0.270 | 指标=I_eps+ | score=2(极优) | Pw=[SDE=0.333 I+=0.333 MD=0.333] | Lp=4.20 | n_eval=8
[Gen  17 | FE= 236/ 300] p_err=0.370 | 指标=SDE    | score=2(极优) | Pw=[SDE=0.333 I+=0.333 MD=0.333] | Lp=6.50 | n_eval=8
[Gen  17 | FE= 236/ 300] p_err=0.174 | 指标=MD     | score=1(中  ) | Pw=[SDE=0.340 I+=0.340 MD=0.319] | Lp=6.50 | n_eval=8
[Gen  17 | FE= 236/ 300] p_err=0.295 | 指标=SDE    | score=2(极优) | Pw=[SDE=0.344 I+=0.344 MD=0.312] | Lp=4.20 | n_eval=8
[Gen  17 | FE= 236/ 300] p_err=0.280 | 指标=I_eps+ | score=2(极优) | Pw=[SDE=0.340 I+=0.340 MD=0.319] | Lp=3.10 | n_eval=8
[Gen  17 | FE= 236/ 300] p_err=0.168 | 指标=MD     | score=2(极优) | Pw=[SDE=0.338 I+=0.338 MD=0.323] | Lp=6.50 | n_eval=8
[Gen  17 | FE= 236/ 300] p_err=0.168 | 指标=I_eps+ | score=2(极优) | Pw=[SDE=0.345 I+=0.345 MD=0.310] | Lp=3.10 | n_eval=8
[Gen  18 | FE= 244/ 300] p_err=0.212 | 指标=I_eps+ | score=2(极优) | Pw=[SDE=0.316 I+=0.352 MD=0.332] | Lp=2.40 | n_eval=8
[Gen  18 | FE= 244/ 300] p_err=0.316 | 指标=SDE    | score=2(极优) | Pw=[SDE=0.333 I+=0.333 MD=0.333] | Lp=6.50 | n_eval=8
[Gen  18 | FE= 244/ 300] p_err=0.140 | 指标=MD     | score=2(极优) | Pw=[SDE=0.333 I+=0.333 MD=0.333] | Lp=4.20 | n_eval=8
[Gen  18 | FE= 244/ 300] p_err=0.225 | 指标=SDE    | score=2(极优) | Pw=[SDE=0.341 I+=0.341 MD=0.317] | Lp=6.50 | n_eval=8
[Gen  18 | FE= 244/ 300] p_err=0.234 | 指标=SDE    | score=2(极优) | Pw=[SDE=0.345 I+=0.345 MD=0.310] | Lp=3.10 | n_eval=8
[Gen  18 | FE= 244/ 300] p_err=0.188 | 指标=I_eps+ | score=2(极优) | Pw=[SDE=0.341 I+=0.341 MD=0.317] | Lp=3.10 | n_eval=8
[Gen  18 | FE= 244/ 300] p_err=0.163 | 指标=MD     | score=2(极优) | Pw=[SDE=0.338 I+=0.338 MD=0.323] | Lp=6.50 | n_eval=8
[Gen  18 | FE= 244/ 300] p_err=0.175 | 指标=MD     | score=2(极优) | Pw=[SDE=0.345 I+=0.345 MD=0.310] | Lp=4.20 | n_eval=8
[Gen  19 | FE= 252/ 300] p_err=0.203 | 指标=I_eps+ | score=2(极优) | Pw=[SDE=0.311 I+=0.356 MD=0.333] | Lp=4.20 | n_eval=8
[Gen  19 | FE= 252/ 300] p_err=0.324 | 指标=SDE    | score=2(极优) | Pw=[SDE=0.333 I+=0.333 MD=0.333] | Lp=4.20 | n_eval=8
[Gen  19 | FE= 252/ 300] p_err=0.327 | 指标=SDE    | score=2(极优) | Pw=[SDE=0.333 I+=0.333 MD=0.333] | Lp=4.20 | n_eval=8
[Gen  19 | FE= 252/ 300] p_err=0.317 | 指标=SDE    | score=2(极优) | Pw=[SDE=0.343 I+=0.343 MD=0.314] | Lp=4.20 | n_eval=8
[Gen  19 | FE= 252/ 300] p_err=0.302 | 指标=MD     | score=1(中  ) | Pw=[SDE=0.351 I+=0.351 MD=0.298] | Lp=6.50 | n_eval=8
[Gen  19 | FE= 252/ 300] p_err=0.199 | 指标=MD     | score=2(极优) | Pw=[SDE=0.341 I+=0.341 MD=0.317] | Lp=3.10 | n_eval=8
[Gen  19 | FE= 252/ 300] p_err=0.190 | 指标=MD     | score=2(极优) | Pw=[SDE=0.338 I+=0.338 MD=0.323] | Lp=6.50 | n_eval=8
[Gen  19 | FE= 252/ 300] p_err=0.266 | 指标=SDE    | score=2(极优) | Pw=[SDE=0.346 I+=0.346 MD=0.308] | Lp=6.50 | n_eval=8
[Gen  20 | FE= 260/ 300] p_err=0.214 | 指标=I_eps+ | score=0(差  ) | Pw=[SDE=0.313 I+=0.338 MD=0.349] | Lp=2.40 | n_eval=8
[Gen  20 | FE= 260/ 300] p_err=0.226 | 指标=I_eps+ | score=2(极优) | Pw=[SDE=0.333 I+=0.333 MD=0.333] | Lp=4.20 | n_eval=8
[Gen  20 | FE= 260/ 300] p_err=0.268 | 指标=I_eps+ | score=2(极优) | Pw=[SDE=0.333 I+=0.333 MD=0.333] | Lp=4.20 | n_eval=8
[Gen  20 | FE= 260/ 300] p_err=0.131 | 指标=I_eps+ | score=2(极优) | Pw=[SDE=0.345 I+=0.345 MD=0.310] | Lp=4.20 | n_eval=8
[Gen  20 | FE= 260/ 300] p_err=0.248 | 指标=SDE    | score=2(极优) | Pw=[SDE=0.353 I+=0.353 MD=0.294] | Lp=6.50 | n_eval=8
[Gen  20 | FE= 260/ 300] p_err=0.188 | 指标=I_eps+ | score=2(极优) | Pw=[SDE=0.343 I+=0.343 MD=0.314] | Lp=3.10 | n_eval=8
[Gen  20 | FE= 260/ 300] p_err=0.166 | 指标=MD     | score=1(中  ) | Pw=[SDE=0.344 I+=0.344 MD=0.312] | Lp=6.50 | n_eval=8
[Gen  21 | FE= 268/ 300] p_err=0.132 | 指标=MD     | score=2(极优) | Pw=[SDE=0.313 I+=0.334 MD=0.352] | Lp=2.40 | n_eval=8
[Gen  20 | FE= 260/ 300] p_err=0.172 | 指标=MD     | score=1(中  ) | Pw=[SDE=0.353 I+=0.353 MD=0.294] | Lp=6.50 | n_eval=8
[Gen  21 | FE= 268/ 300] p_err=0.142 | 指标=MD     | score=2(极优) | Pw=[SDE=0.333 I+=0.333 MD=0.333] | Lp=6.50 | n_eval=8
[Gen  21 | FE= 268/ 300] p_err=0.216 | 指标=I_eps+ | score=2(极优) | Pw=[SDE=0.333 I+=0.333 MD=0.333] | Lp=3.10 | n_eval=8
[Gen  21 | FE= 268/ 300] p_err=0.200 | 指标=SDE    | score=2(极优) | Pw=[SDE=0.345 I+=0.345 MD=0.310] | Lp=4.20 | n_eval=8
[Gen  21 | FE= 268/ 300] p_err=0.146 | 指标=MD     | score=1(中  ) | Pw=[SDE=0.360 I+=0.360 MD=0.280] | Lp=3.10 | n_eval=8
[Gen  21 | FE= 268/ 300] p_err=0.226 | 指标=MD     | score=2(极优) | Pw=[SDE=0.343 I+=0.343 MD=0.314] | Lp=6.50 | n_eval=8
[Gen  21 | FE= 268/ 300] p_err=0.238 | 指标=SDE    | score=2(极优) | Pw=[SDE=0.343 I+=0.343 MD=0.314] | Lp=3.10 | n_eval=8
[Gen  22 | FE= 276/ 300] p_err=0.270 | 指标=I_eps+ | score=2(极优) | Pw=[SDE=0.290 I+=0.348 MD=0.362] | Lp=1.35 | n_eval=8
[Gen  21 | FE= 268/ 300] p_err=0.288 | 指标=SDE    | score=2(极优) | Pw=[SDE=0.356 I+=0.356 MD=0.289] | Lp=4.20 | n_eval=8
[Gen  22 | FE= 276/ 300] p_err=0.323 | 指标=I_eps+ | score=2(极优) | Pw=[SDE=0.333 I+=0.333 MD=0.333] | Lp=3.10 | n_eval=8
[Gen  22 | FE= 276/ 300] p_err=0.155 | 指标=MD     | score=2(极优) | Pw=[SDE=0.333 I+=0.333 MD=0.333] | Lp=6.50 | n_eval=8
[Gen  22 | FE= 276/ 300] p_err=0.276 | 指标=SDE    | score=2(极优) | Pw=[SDE=0.345 I+=0.345 MD=0.310] | Lp=2.40 | n_eval=8
[Gen  22 | FE= 276/ 300] p_err=0.197 | 指标=MD     | score=2(极优) | Pw=[SDE=0.343 I+=0.343 MD=0.314] | Lp=2.40 | n_eval=8
[Gen  22 | FE= 276/ 300] p_err=0.176 | 指标=I_eps+ | score=2(极优) | Pw=[SDE=0.343 I+=0.343 MD=0.314] | Lp=6.50 | n_eval=8
[Gen  22 | FE= 276/ 300] p_err=0.194 | 指标=I_eps+ | score=2(极优) | Pw=[SDE=0.364 I+=0.364 MD=0.273] | Lp=3.10 | n_eval=8
[Gen  23 | FE= 284/ 300] p_err=0.268 | 指标=I_eps+ | score=2(极优) | Pw=[SDE=0.290 I+=0.348 MD=0.362] | Lp=3.10 | n_eval=8
[Gen  22 | FE= 276/ 300] p_err=0.218 | 指标=I_eps+ | score=2(极优) | Pw=[SDE=0.359 I+=0.359 MD=0.282] | Lp=2.40 | n_eval=8
[Gen  23 | FE= 284/ 300] p_err=0.147 | 指标=MD     | score=2(极优) | Pw=[SDE=0.333 I+=0.333 MD=0.333] | Lp=3.10 | n_eval=8
[Gen  23 | FE= 284/ 300] p_err=0.293 | 指标=SDE    | score=2(极优) | Pw=[SDE=0.333 I+=0.333 MD=0.333] | Lp=4.20 | n_eval=8
[Gen  23 | FE= 284/ 300] p_err=0.129 | 指标=I_eps+ | score=2(极优) | Pw=[SDE=0.345 I+=0.345 MD=0.310] | Lp=2.40 | n_eval=8
[Gen  23 | FE= 284/ 300] p_err=0.182 | 指标=MD     | score=2(极优) | Pw=[SDE=0.341 I+=0.341 MD=0.317] | Lp=4.20 | n_eval=8
[Gen  23 | FE= 284/ 300] p_err=0.142 | 指标=MD     | score=1(中  ) | Pw=[SDE=0.367 I+=0.367 MD=0.265] | Lp=3.10 | n_eval=8
[Gen  23 | FE= 284/ 300] p_err=0.174 | 指标=MD     | score=1(中  ) | Pw=[SDE=0.347 I+=0.347 MD=0.307] | Lp=6.50 | n_eval=8
[Gen  24 | FE= 292/ 300] p_err=0.263 | 指标=I_eps+ | score=2(极优) | Pw=[SDE=0.290 I+=0.348 MD=0.362] | Lp=2.40 | n_eval=8
[Gen  23 | FE= 284/ 300] p_err=0.257 | 指标=I_eps+ | score=2(极优) | Pw=[SDE=0.364 I+=0.364 MD=0.273] | Lp=2.40 | n_eval=8
[Gen  24 | FE= 292/ 300] p_err=0.217 | 指标=I_eps+ | score=2(极优) | Pw=[SDE=0.333 I+=0.333 MD=0.333] | Lp=4.20 | n_eval=8
[Gen  24 | FE= 292/ 300] p_err=0.222 | 指标=I_eps+ | score=2(极优) | Pw=[SDE=0.333 I+=0.333 MD=0.333] | Lp=4.20 | n_eval=8
[Gen  24 | FE= 292/ 300] p_err=0.185 | 指标=I_eps+ | score=2(极优) | Pw=[SDE=0.348 I+=0.348 MD=0.304] | Lp=2.40 | n_eval=8
[Gen  24 | FE= 292/ 300] p_err=0.202 | 指标=MD     | score=2(极优) | Pw=[SDE=0.340 I+=0.340 MD=0.319] | Lp=3.10 | n_eval=8
[Gen  24 | FE= 292/ 300] p_err=0.231 | 指标=I_eps+ | score=2(极优) | Pw=[SDE=0.348 I+=0.348 MD=0.304] | Lp=6.50 | n_eval=8
[Gen  24 | FE= 292/ 300] p_err=0.197 | 指标=I_eps+ | score=2(极优) | Pw=[SDE=0.367 I+=0.367 MD=0.265] | Lp=3.10 | n_eval=8
[Gen  25 | FE= 300/ 300] p_err=0.328 | 指标=SDE    | score=2(极优) | Pw=[SDE=0.313 I+=0.334 MD=0.352] | Lp=2.40 | n_eval=8
[Gen  24 | FE= 292/ 300] p_err=0.215 | 指标=MD     | score=2(极优) | Pw=[SDE=0.364 I+=0.364 MD=0.273] | Lp=6.50 | n_eval=8
[Gen  25 | FE= 300/ 300] p_err=0.134 | 指标=MD     | score=2(极优) | Pw=[SDE=0.333 I+=0.333 MD=0.333] | Lp=6.50 | n_eval=8
[Gen  25 | FE= 300/ 300] p_err=0.392 | 指标=SDE    | score=2(极优) | Pw=[SDE=0.333 I+=0.333 MD=0.333] | Lp=4.20 | n_eval=8
[Gen  25 | FE= 300/ 300] p_err=0.125 | 指标=I_eps+ | score=2(极优) | Pw=[SDE=0.353 I+=0.353 MD=0.294] | Lp=2.40 | n_eval=8
[Gen  25 | FE= 300/ 300] p_err=0.309 | 指标=SDE    | score=2(极优) | Pw=[SDE=0.340 I+=0.340 MD=0.319] | Lp=2.40 | n_eval=8
[Gen  25 | FE= 300/ 300] p_err=0.223 | 指标=SDE    | score=2(极优) | Pw=[SDE=0.349 I+=0.349 MD=0.302] | Lp=6.50 | n_eval=8
[Gen  25 | FE= 300/ 300] p_err=0.206 | 指标=MD     | score=2(极优) | Pw=[SDE=0.367 I+=0.367 MD=0.265] | Lp=3.10 | n_eval=8
[Gen   1 | FE= 108/ 300] p_err=0.218 | 指标=MD     | score=2(极优) | Pw=[SDE=0.333 I+=0.333 MD=0.333] | Lp=4.20 | n_eval=8
[Gen  25 | FE= 300/ 300] p_err=0.316 | 指标=I_eps+ | score=2(极优) | Pw=[SDE=0.364 I+=0.364 MD=0.273] | Lp=4.20 | n_eval=8
[Gen   1 | FE= 108/ 300] p_err=0.113 | 指标=I_eps+ | score=2(极优) | Pw=[SDE=0.333 I+=0.333 MD=0.333] | Lp=6.50 | n_eval=8
[Gen   1 | FE= 108/ 300] p_err=0.103 | 指标=I_eps+ | score=2(极优) | Pw=[SDE=0.333 I+=0.333 MD=0.333] | Lp=4.20 | n_eval=8
[Gen   1 | FE= 108/ 300] p_err=0.168 | 指标=SDE    | score=2(极优) | Pw=[SDE=0.333 I+=0.333 MD=0.333] | Lp=4.20 | n_eval=8
[Gen   1 | FE= 108/ 300] p_err=0.188 | 指标=SDE    | score=2(极优) | Pw=[SDE=0.333 I+=0.333 MD=0.333] | Lp=4.20 | n_eval=8
[Gen   1 | FE= 108/ 300] p_err=0.173 | 指标=MD     | score=2(极优) | Pw=[SDE=0.333 I+=0.333 MD=0.333] | Lp=6.50 | n_eval=8
[Gen   1 | FE= 108/ 300] p_err=0.227 | 指标=MD     | score=2(极优) | Pw=[SDE=0.333 I+=0.333 MD=0.333] | Lp=4.20 | n_eval=8
[Gen   2 | FE= 116/ 300] p_err=0.148 | 指标=SDE    | score=2(极优) | Pw=[SDE=0.333 I+=0.333 MD=0.333] | Lp=4.20 | n_eval=8
[Gen   2 | FE= 116/ 300] p_err=0.167 | 指标=SDE    | score=2(极优) | Pw=[SDE=0.333 I+=0.333 MD=0.333] | Lp=6.50 | n_eval=8
[Gen   2 | FE= 116/ 300] p_err=0.207 | 指标=MD     | score=2(极优) | Pw=[SDE=0.333 I+=0.333 MD=0.333] | Lp=3.10 | n_eval=8
[Gen   2 | FE= 116/ 300] p_err=0.127 | 指标=SDE    | score=2(极优) | Pw=[SDE=0.333 I+=0.333 MD=0.333] | Lp=6.50 | n_eval=8
[Gen   2 | FE= 116/ 300] p_err=0.154 | 指标=I_eps+ | score=2(极优) | Pw=[SDE=0.333 I+=0.333 MD=0.333] | Lp=4.20 | n_eval=8
[Gen   2 | FE= 116/ 300] p_err=0.196 | 指标=MD     | score=2(极优) | Pw=[SDE=0.333 I+=0.333 MD=0.333] | Lp=6.50 | n_eval=8
[Gen   3 | FE= 124/ 300] p_err=0.123 | 指标=I_eps+ | score=2(极优) | Pw=[SDE=0.333 I+=0.333 MD=0.333] | Lp=4.20 | n_eval=8
[Gen   2 | FE= 116/ 300] p_err=0.214 | 指标=MD     | score=2(极优) | Pw=[SDE=0.333 I+=0.333 MD=0.333] | Lp=4.20 | n_eval=8
[Gen   3 | FE= 124/ 300] p_err=0.162 | 指标=I_eps+ | score=2(极优) | Pw=[SDE=0.333 I+=0.333 MD=0.333] | Lp=6.50 | n_eval=8
[Gen   3 | FE= 124/ 300] p_err=0.212 | 指标=SDE    | score=2(极优) | Pw=[SDE=0.333 I+=0.333 MD=0.333] | Lp=3.10 | n_eval=8
[Gen   3 | FE= 124/ 300] p_err=0.166 | 指标=SDE    | score=2(极优) | Pw=[SDE=0.333 I+=0.333 MD=0.333] | Lp=4.20 | n_eval=8
[Gen   3 | FE= 124/ 300] p_err=0.171 | 指标=I_eps+ | score=2(极优) | Pw=[SDE=0.333 I+=0.333 MD=0.333] | Lp=1.35 | n_eval=8
[Gen   4 | FE= 132/ 300] p_err=0.211 | 指标=MD     | score=2(极优) | Pw=[SDE=0.333 I+=0.333 MD=0.333] | Lp=6.50 | n_eval=8
[Gen   3 | FE= 124/ 300] p_err=0.163 | 指标=SDE    | score=2(极优) | Pw=[SDE=0.333 I+=0.333 MD=0.333] | Lp=6.50 | n_eval=8
[Gen   3 | FE= 124/ 300] p_err=0.226 | 指标=SDE    | score=2(极优) | Pw=[SDE=0.333 I+=0.333 MD=0.333] | Lp=3.10 | n_eval=8
[Gen   4 | FE= 132/ 300] p_err=0.244 | 指标=MD     | score=2(极优) | Pw=[SDE=0.333 I+=0.333 MD=0.333] | Lp=3.10 | n_eval=8
[Gen   4 | FE= 132/ 300] p_err=0.135 | 指标=I_eps+ | score=2(极优) | Pw=[SDE=0.333 I+=0.333 MD=0.333] | Lp=3.10 | n_eval=8
[Gen   4 | FE= 132/ 300] p_err=0.189 | 指标=MD     | score=2(极优) | Pw=[SDE=0.333 I+=0.333 MD=0.333] | Lp=4.20 | n_eval=8
[Gen   4 | FE= 132/ 300] p_err=0.235 | 指标=I_eps+ | score=2(极优) | Pw=[SDE=0.333 I+=0.333 MD=0.333] | Lp=4.20 | n_eval=8
[Gen   4 | FE= 132/ 300] p_err=0.191 | 指标=I_eps+ | score=2(极优) | Pw=[SDE=0.333 I+=0.333 MD=0.333] | Lp=6.50 | n_eval=8
[Gen   5 | FE= 140/ 300] p_err=0.171 | 指标=MD     | score=2(极优) | Pw=[SDE=0.333 I+=0.333 MD=0.333] | Lp=3.10 | n_eval=8
[Gen   4 | FE= 132/ 300] p_err=0.205 | 指标=I_eps+ | score=2(极优) | Pw=[SDE=0.333 I+=0.333 MD=0.333] | Lp=3.10 | n_eval=8
[Gen   5 | FE= 140/ 300] p_err=0.235 | 指标=MD     | score=2(极优) | Pw=[SDE=0.333 I+=0.333 MD=0.333] | Lp=3.10 | n_eval=8
[Gen   5 | FE= 140/ 300] p_err=0.157 | 指标=I_eps+ | score=2(极优) | Pw=[SDE=0.333 I+=0.333 MD=0.333] | Lp=3.10 | n_eval=8
[Gen   5 | FE= 140/ 300] p_err=0.187 | 指标=MD     | score=2(极优) | Pw=[SDE=0.333 I+=0.333 MD=0.333] | Lp=4.20 | n_eval=8
[Gen   5 | FE= 140/ 300] p_err=0.197 | 指标=SDE    | score=2(极优) | Pw=[SDE=0.333 I+=0.333 MD=0.333] | Lp=4.20 | n_eval=8
[Gen   5 | FE= 140/ 300] p_err=0.218 | 指标=SDE    | score=2(极优) | Pw=[SDE=0.333 I+=0.333 MD=0.333] | Lp=3.10 | n_eval=8
[Gen   5 | FE= 140/ 300] p_err=0.196 | 指标=SDE    | score=2(极优) | Pw=[SDE=0.333 I+=0.333 MD=0.333] | Lp=6.50 | n_eval=8
[Gen   6 | FE= 148/ 300] p_err=0.137 | 指标=I_eps+ | score=2(极优) | Pw=[SDE=0.333 I+=0.333 MD=0.333] | Lp=4.20 | n_eval=8
[Gen   6 | FE= 148/ 300] p_err=0.220 | 指标=MD     | score=2(极优) | Pw=[SDE=0.333 I+=0.333 MD=0.333] | Lp=4.20 | n_eval=8
[Gen   6 | FE= 148/ 300] p_err=0.273 | 指标=I_eps+ | score=2(极优) | Pw=[SDE=0.333 I+=0.333 MD=0.333] | Lp=3.10 | n_eval=8
[Gen   6 | FE= 148/ 300] p_err=0.213 | 指标=SDE    | score=2(极优) | Pw=[SDE=0.333 I+=0.333 MD=0.333] | Lp=4.20 | n_eval=8
[Gen   6 | FE= 148/ 300] p_err=0.210 | 指标=SDE    | score=2(极优) | Pw=[SDE=0.333 I+=0.333 MD=0.333] | Lp=3.10 | n_eval=8
[Gen   6 | FE= 148/ 300] p_err=0.258 | 指标=SDE    | score=2(极优) | Pw=[SDE=0.333 I+=0.333 MD=0.333] | Lp=3.10 | n_eval=8
[Gen   6 | FE= 148/ 300] p_err=0.255 | 指标=I_eps+ | score=2(极优) | Pw=[SDE=0.333 I+=0.333 MD=0.333] | Lp=6.50 | n_eval=8
[Gen   7 | FE= 156/ 300] p_err=0.170 | 指标=I_eps+ | score=2(极优) | Pw=[SDE=0.333 I+=0.333 MD=0.333] | Lp=6.50 | n_eval=8
[Gen   7 | FE= 156/ 300] p_err=0.224 | 指标=MD     | score=1(中  ) | Pw=[SDE=0.337 I+=0.337 MD=0.327] | Lp=6.50 | n_eval=8
[Gen   7 | FE= 156/ 300] p_err=0.280 | 指标=MD     | score=2(极优) | Pw=[SDE=0.333 I+=0.333 MD=0.333] | Lp=3.10 | n_eval=8
[Gen   7 | FE= 156/ 300] p_err=0.207 | 指标=I_eps+ | score=2(极优) | Pw=[SDE=0.333 I+=0.333 MD=0.333] | Lp=4.20 | n_eval=8
[Gen   7 | FE= 156/ 300] p_err=0.299 | 指标=MD     | score=2(极优) | Pw=[SDE=0.333 I+=0.333 MD=0.333] | Lp=2.40 | n_eval=8
[Gen   7 | FE= 156/ 300] p_err=0.271 | 指标=I_eps+ | score=2(极优) | Pw=[SDE=0.333 I+=0.333 MD=0.333] | Lp=6.50 | n_eval=8
[Gen   7 | FE= 156/ 300] p_err=0.221 | 指标=MD     | score=1(中  ) | Pw=[SDE=0.337 I+=0.337 MD=0.326] | Lp=2.40 | n_eval=8
[Gen   8 | FE= 164/ 300] p_err=0.209 | 指标=MD     | score=2(极优) | Pw=[SDE=0.333 I+=0.333 MD=0.333] | Lp=6.50 | n_eval=8
[Gen   8 | FE= 164/ 300] p_err=0.273 | 指标=MD     | score=2(极优) | Pw=[SDE=0.337 I+=0.337 MD=0.327] | Lp=6.50 | n_eval=8
[Gen   8 | FE= 164/ 300] p_err=0.179 | 指标=I_eps+ | score=2(极优) | Pw=[SDE=0.333 I+=0.333 MD=0.333] | Lp=4.20 | n_eval=8
[Gen   8 | FE= 164/ 300] p_err=0.163 | 指标=I_eps+ | score=2(极优) | Pw=[SDE=0.333 I+=0.333 MD=0.333] | Lp=4.20 | n_eval=8
[Gen   8 | FE= 164/ 300] p_err=0.178 | 指标=MD     | score=2(极优) | Pw=[SDE=0.333 I+=0.333 MD=0.333] | Lp=3.10 | n_eval=8
[Gen   8 | FE= 164/ 300] p_err=0.408 | 指标=SDE    | score=2(极优) | Pw=[SDE=0.333 I+=0.333 MD=0.333] | Lp=6.50 | n_eval=8
[Gen   8 | FE= 164/ 300] p_err=0.246 | 指标=MD     | score=2(极优) | Pw=[SDE=0.337 I+=0.337 MD=0.326] | Lp=3.10 | n_eval=8
[Gen   9 | FE= 172/ 300] p_err=0.205 | 指标=I_eps+ | score=2(极优) | Pw=[SDE=0.333 I+=0.333 MD=0.333] | Lp=4.20 | n_eval=8
[Gen   9 | FE= 172/ 300] p_err=0.208 | 指标=MD     | score=2(极优) | Pw=[SDE=0.337 I+=0.337 MD=0.327] | Lp=4.20 | n_eval=8
[Gen   9 | FE= 172/ 300] p_err=0.191 | 指标=MD     | score=2(极优) | Pw=[SDE=0.333 I+=0.333 MD=0.333] | Lp=3.10 | n_eval=8
[Gen   9 | FE= 172/ 300] p_err=0.147 | 指标=MD     | score=2(极优) | Pw=[SDE=0.333 I+=0.333 MD=0.333] | Lp=2.40 | n_eval=8
[Gen   9 | FE= 172/ 300] p_err=0.171 | 指标=SDE    | score=2(极优) | Pw=[SDE=0.333 I+=0.333 MD=0.333] | Lp=4.20 | n_eval=8
[Gen   9 | FE= 172/ 300] p_err=0.371 | 指标=SDE    | score=2(极优) | Pw=[SDE=0.333 I+=0.333 MD=0.333] | Lp=6.50 | n_eval=8
[Gen   9 | FE= 172/ 300] p_err=0.200 | 指标=SDE    | score=2(极优) | Pw=[SDE=0.337 I+=0.337 MD=0.326] | Lp=3.10 | n_eval=8
[Gen  10 | FE= 180/ 300] p_err=0.181 | 指标=I_eps+ | score=2(极优) | Pw=[SDE=0.333 I+=0.333 MD=0.333] | Lp=4.20 | n_eval=8
[Gen  10 | FE= 180/ 300] p_err=0.129 | 指标=I_eps+ | score=2(极优) | Pw=[SDE=0.337 I+=0.337 MD=0.326] | Lp=4.20 | n_eval=8
[Gen  10 | FE= 180/ 300] p_err=0.230 | 指标=SDE    | score=2(极优) | Pw=[SDE=0.333 I+=0.333 MD=0.333] | Lp=3.10 | n_eval=8
[Gen  10 | FE= 180/ 300] p_err=0.163 | 指标=MD     | score=1(中  ) | Pw=[SDE=0.337 I+=0.337 MD=0.325] | Lp=2.40 | n_eval=8
[Gen  10 | FE= 180/ 300] p_err=0.189 | 指标=I_eps+ | score=2(极优) | Pw=[SDE=0.333 I+=0.333 MD=0.333] | Lp=3.10 | n_eval=8
[Gen  10 | FE= 180/ 300] p_err=0.197 | 指标=MD     | score=2(极优) | Pw=[SDE=0.333 I+=0.333 MD=0.333] | Lp=4.20 | n_eval=8
[Gen  11 | FE= 188/ 300] p_err=0.312 | 指标=SDE    | score=2(极优) | Pw=[SDE=0.333 I+=0.333 MD=0.333] | Lp=3.10 | n_eval=8
[Gen  10 | FE= 180/ 300] p_err=0.204 | 指标=SDE    | score=2(极优) | Pw=[SDE=0.337 I+=0.337 MD=0.325] | Lp=3.10 | n_eval=8
[Gen  11 | FE= 188/ 300] p_err=0.179 | 指标=I_eps+ | score=2(极优) | Pw=[SDE=0.337 I+=0.337 MD=0.326] | Lp=4.20 | n_eval=8
[Gen  11 | FE= 188/ 300] p_err=0.254 | 指标=SDE    | score=2(极优) | Pw=[SDE=0.333 I+=0.333 MD=0.333] | Lp=3.10 | n_eval=8
[Gen  11 | FE= 188/ 300] p_err=0.174 | 指标=I_eps+ | score=2(极优) | Pw=[SDE=0.338 I+=0.338 MD=0.325] | Lp=6.50 | n_eval=8
[Gen  11 | FE= 188/ 300] p_err=0.267 | 指标=I_eps+ | score=2(极优) | Pw=[SDE=0.333 I+=0.333 MD=0.333] | Lp=4.20 | n_eval=8
[Gen  11 | FE= 188/ 300] p_err=0.288 | 指标=SDE    | score=2(极优) | Pw=[SDE=0.333 I+=0.333 MD=0.333] | Lp=4.20 | n_eval=8
[Gen  12 | FE= 196/ 300] p_err=0.151 | 指标=MD     | score=2(极优) | Pw=[SDE=0.333 I+=0.333 MD=0.333] | Lp=3.10 | n_eval=8
[Gen  11 | FE= 188/ 300] p_err=0.220 | 指标=SDE    | score=2(极优) | Pw=[SDE=0.338 I+=0.338 MD=0.325] | Lp=3.10 | n_eval=8
[Gen  12 | FE= 196/ 300] p_err=0.175 | 指标=I_eps+ | score=2(极优) | Pw=[SDE=0.337 I+=0.337 MD=0.325] | Lp=4.20 | n_eval=8
[Gen  12 | FE= 196/ 300] p_err=0.213 | 指标=I_eps+ | score=2(极优) | Pw=[SDE=0.333 I+=0.333 MD=0.333] | Lp=4.20 | n_eval=8
[Gen  12 | FE= 196/ 300] p_err=0.218 | 指标=SDE    | score=2(极优) | Pw=[SDE=0.338 I+=0.338 MD=0.324] | Lp=4.20 | n_eval=8
[Gen  12 | FE= 196/ 300] p_err=0.167 | 指标=MD     | score=1(中  ) | Pw=[SDE=0.338 I+=0.338 MD=0.323] | Lp=4.20 | n_eval=8
[Gen  12 | FE= 196/ 300] p_err=0.199 | 指标=I_eps+ | score=2(极优) | Pw=[SDE=0.333 I+=0.333 MD=0.333] | Lp=4.20 | n_eval=8
[Gen  12 | FE= 196/ 300] p_err=0.171 | 指标=I_eps+ | score=2(极优) | Pw=[SDE=0.338 I+=0.338 MD=0.324] | Lp=4.20 | n_eval=8
[Gen  13 | FE= 204/ 300] p_err=0.203 | 指标=I_eps+ | score=2(极优) | Pw=[SDE=0.333 I+=0.333 MD=0.333] | Lp=4.20 | n_eval=8
[Gen  13 | FE= 204/ 300] p_err=0.229 | 指标=SDE    | score=2(极优) | Pw=[SDE=0.338 I+=0.338 MD=0.325] | Lp=4.20 | n_eval=8
[Gen  13 | FE= 204/ 300] p_err=0.317 | 指标=SDE    | score=2(极优) | Pw=[SDE=0.339 I+=0.339 MD=0.322] | Lp=4.20 | n_eval=8
[Gen  13 | FE= 204/ 300] p_err=0.268 | 指标=SDE    | score=2(极优) | Pw=[SDE=0.338 I+=0.338 MD=0.323] | Lp=4.20 | n_eval=8
[Gen  13 | FE= 204/ 300] p_err=0.217 | 指标=I_eps+ | score=2(极优) | Pw=[SDE=0.333 I+=0.333 MD=0.333] | Lp=3.10 | n_eval=8
[Gen  13 | FE= 204/ 300] p_err=0.188 | 指标=MD     | score=2(极优) | Pw=[SDE=0.333 I+=0.333 MD=0.333] | Lp=4.20 | n_eval=8
[Gen  13 | FE= 204/ 300] p_err=0.256 | 指标=SDE    | score=2(极优) | Pw=[SDE=0.338 I+=0.338 MD=0.323] | Lp=3.10 | n_eval=8
[Gen  14 | FE= 212/ 300] p_err=0.251 | 指标=SDE    | score=2(极优) | Pw=[SDE=0.338 I+=0.338 MD=0.324] | Lp=3.10 | n_eval=8
[Gen  14 | FE= 212/ 300] p_err=0.218 | 指标=I_eps+ | score=2(极优) | Pw=[SDE=0.333 I+=0.333 MD=0.333] | Lp=4.20 | n_eval=8
[Gen  14 | FE= 212/ 300] p_err=0.204 | 指标=I_eps+ | score=2(极优) | Pw=[SDE=0.340 I+=0.340 MD=0.321] | Lp=4.20 | n_eval=8
[Gen  14 | FE= 212/ 300] p_err=0.157 | 指标=MD     | score=2(极优) | Pw=[SDE=0.333 I+=0.333 MD=0.333] | Lp=3.10 | n_eval=8
[Gen  14 | FE= 212/ 300] p_err=0.241 | 指标=SDE    | score=2(极优) | Pw=[SDE=0.339 I+=0.339 MD=0.322] | Lp=4.20 | n_eval=8
[Gen  14 | FE= 212/ 300] p_err=0.241 | 指标=SDE    | score=2(极优) | Pw=[SDE=0.333 I+=0.333 MD=0.333] | Lp=6.50 | n_eval=8
[Gen  14 | FE= 212/ 300] p_err=0.249 | 指标=MD     | score=2(极优) | Pw=[SDE=0.338 I+=0.338 MD=0.323] | Lp=4.20 | n_eval=8
[Gen  15 | FE= 220/ 300] p_err=0.159 | 指标=MD     | score=2(极优) | Pw=[SDE=0.333 I+=0.333 MD=0.333] | Lp=4.20 | n_eval=8
[Gen  15 | FE= 220/ 300] p_err=0.187 | 指标=I_eps+ | score=2(极优) | Pw=[SDE=0.338 I+=0.338 MD=0.323] | Lp=3.10 | n_eval=8
[Gen  15 | FE= 220/ 300] p_err=0.154 | 指标=MD     | score=2(极优) | Pw=[SDE=0.340 I+=0.340 MD=0.321] | Lp=4.20 | n_eval=8
[Gen  15 | FE= 220/ 300] p_err=0.167 | 指标=I_eps+ | score=2(极优) | Pw=[SDE=0.340 I+=0.340 MD=0.321] | Lp=4.20 | n_eval=8
[Gen  15 | FE= 220/ 300] p_err=0.206 | 指标=I_eps+ | score=2(极优) | Pw=[SDE=0.333 I+=0.333 MD=0.333] | Lp=4.20 | n_eval=8
[Gen  15 | FE= 220/ 300] p_err=0.215 | 指标=I_eps+ | score=2(极优) | Pw=[SDE=0.333 I+=0.333 MD=0.333] | Lp=3.10 | n_eval=8
[Gen  15 | FE= 220/ 300] p_err=0.178 | 指标=I_eps+ | score=2(极优) | Pw=[SDE=0.339 I+=0.339 MD=0.322] | Lp=4.20 | n_eval=8
[Gen  16 | FE= 228/ 300] p_err=0.201 | 指标=I_eps+ | score=2(极优) | Pw=[SDE=0.339 I+=0.339 MD=0.322] | Lp=3.10 | n_eval=8
[Gen  16 | FE= 228/ 300] p_err=0.198 | 指标=SDE    | score=2(极优) | Pw=[SDE=0.333 I+=0.333 MD=0.333] | Lp=4.20 | n_eval=8
[Gen  16 | FE= 228/ 300] p_err=0.164 | 指标=MD     | score=2(极优) | Pw=[SDE=0.340 I+=0.340 MD=0.321] | Lp=4.20 | n_eval=8
[Gen  16 | FE= 228/ 300] p_err=0.177 | 指标=I_eps+ | score=2(极优) | Pw=[SDE=0.340 I+=0.340 MD=0.319] | Lp=4.20 | n_eval=8
[Gen  16 | FE= 228/ 300] p_err=0.352 | 指标=SDE    | score=2(极优) | Pw=[SDE=0.333 I+=0.333 MD=0.333] | Lp=3.10 | n_eval=8
[Gen  16 | FE= 228/ 300] p_err=0.245 | 指标=SDE    | score=2(极优) | Pw=[SDE=0.333 I+=0.333 MD=0.333] | Lp=6.50 | n_eval=8
[Gen  16 | FE= 228/ 300] p_err=0.195 | 指标=SDE    | score=2(极优) | Pw=[SDE=0.340 I+=0.340 MD=0.321] | Lp=4.20 | n_eval=8
[Gen  17 | FE= 236/ 300] p_err=0.201 | 指标=MD     | score=2(极优) | Pw=[SDE=0.333 I+=0.333 MD=0.333] | Lp=4.20 | n_eval=8
[Gen  17 | FE= 236/ 300] p_err=0.184 | 指标=I_eps+ | score=2(极优) | Pw=[SDE=0.340 I+=0.340 MD=0.321] | Lp=3.10 | n_eval=8
[Gen  17 | FE= 236/ 300] p_err=0.221 | 指标=MD     | score=2(极优) | Pw=[SDE=0.340 I+=0.340 MD=0.321] | Lp=3.10 | n_eval=8
[Gen  17 | FE= 236/ 300] p_err=0.277 | 指标=SDE    | score=2(极优) | Pw=[SDE=0.341 I+=0.341 MD=0.317] | Lp=4.20 | n_eval=8
[Gen  17 | FE= 236/ 300] p_err=0.250 | 指标=SDE    | score=2(极优) | Pw=[SDE=0.333 I+=0.333 MD=0.333] | Lp=3.10 | n_eval=8
[Gen  17 | FE= 236/ 300] p_err=0.169 | 指标=MD     | score=2(极优) | Pw=[SDE=0.333 I+=0.333 MD=0.333] | Lp=6.50 | n_eval=8
[Gen  17 | FE= 236/ 300] p_err=0.223 | 指标=I_eps+ | score=2(极优) | Pw=[SDE=0.340 I+=0.340 MD=0.319] | Lp=4.20 | n_eval=8
[Gen  18 | FE= 244/ 300] p_err=0.154 | 指标=MD     | score=2(极优) | Pw=[SDE=0.333 I+=0.333 MD=0.333] | Lp=4.20 | n_eval=8
[Gen  18 | FE= 244/ 300] p_err=0.197 | 指标=I_eps+ | score=2(极优) | Pw=[SDE=0.340 I+=0.340 MD=0.319] | Lp=3.10 | n_eval=8
[Gen  18 | FE= 244/ 300] p_err=0.180 | 指标=MD     | score=2(极优) | Pw=[SDE=0.340 I+=0.340 MD=0.321] | Lp=4.20 | n_eval=8
[Gen  18 | FE= 244/ 300] p_err=0.179 | 指标=I_eps+ | score=2(极优) | Pw=[SDE=0.343 I+=0.343 MD=0.314] | Lp=4.20 | n_eval=8
[Gen  18 | FE= 244/ 300] p_err=0.181 | 指标=I_eps+ | score=2(极优) | Pw=[SDE=0.333 I+=0.333 MD=0.333] | Lp=4.20 | n_eval=8
[Gen  18 | FE= 244/ 300] p_err=0.234 | 指标=SDE    | score=2(极优) | Pw=[SDE=0.333 I+=0.333 MD=0.333] | Lp=6.50 | n_eval=8
[Gen  18 | FE= 244/ 300] p_err=0.229 | 指标=I_eps+ | score=2(极优) | Pw=[SDE=0.341 I+=0.341 MD=0.317] | Lp=3.10 | n_eval=8
[Gen  19 | FE= 252/ 300] p_err=0.141 | 指标=MD     | score=2(极优) | Pw=[SDE=0.333 I+=0.333 MD=0.333] | Lp=4.20 | n_eval=8
[Gen  19 | FE= 252/ 300] p_err=0.188 | 指标=MD     | score=2(极优) | Pw=[SDE=0.340 I+=0.340 MD=0.319] | Lp=3.10 | n_eval=8
[Gen  19 | FE= 252/ 300] p_err=0.204 | 指标=SDE    | score=2(极优) | Pw=[SDE=0.340 I+=0.340 MD=0.319] | Lp=4.20 | n_eval=8
[Gen  19 | FE= 252/ 300] p_err=0.190 | 指标=I_eps+ | score=2(极优) | Pw=[SDE=0.345 I+=0.345 MD=0.310] | Lp=4.20 | n_eval=8
[Gen  19 | FE= 252/ 300] p_err=0.128 | 指标=MD     | score=2(极优) | Pw=[SDE=0.333 I+=0.333 MD=0.333] | Lp=4.20 | n_eval=8
[Gen  19 | FE= 252/ 300] p_err=0.247 | 指标=MD     | score=2(极优) | Pw=[SDE=0.333 I+=0.333 MD=0.333] | Lp=3.10 | n_eval=8
[Gen  19 | FE= 252/ 300] p_err=0.275 | 指标=I_eps+ | score=2(极优) | Pw=[SDE=0.343 I+=0.343 MD=0.314] | Lp=3.10 | n_eval=8
[Gen  20 | FE= 260/ 300] p_err=0.131 | 指标=MD     | score=2(极优) | Pw=[SDE=0.340 I+=0.340 MD=0.319] | Lp=3.10 | n_eval=8
[Gen  20 | FE= 260/ 300] p_err=0.290 | 指标=SDE    | score=2(极优) | Pw=[SDE=0.333 I+=0.333 MD=0.333] | Lp=4.20 | n_eval=8
[Gen  20 | FE= 260/ 300] p_err=0.226 | 指标=I_eps+ | score=2(极优) | Pw=[SDE=0.341 I+=0.341 MD=0.317] | Lp=6.50 | n_eval=8
[Gen  20 | FE= 260/ 300] p_err=0.285 | 指标=SDE    | score=2(极优) | Pw=[SDE=0.348 I+=0.348 MD=0.304] | Lp=3.10 | n_eval=8
[Gen  20 | FE= 260/ 300] p_err=0.168 | 指标=I_eps+ | score=2(极优) | Pw=[SDE=0.333 I+=0.333 MD=0.333] | Lp=4.20 | n_eval=8
[Gen  20 | FE= 260/ 300] p_err=0.275 | 指标=MD     | score=2(极优) | Pw=[SDE=0.343 I+=0.343 MD=0.314] | Lp=4.20 | n_eval=8
[Gen  20 | FE= 260/ 300] p_err=0.236 | 指标=I_eps+ | score=2(极优) | Pw=[SDE=0.333 I+=0.333 MD=0.333] | Lp=6.50 | n_eval=8
[Gen  21 | FE= 268/ 300] p_err=0.364 | 指标=SDE    | score=2(极优) | Pw=[SDE=0.333 I+=0.333 MD=0.333] | Lp=6.50 | n_eval=8
[Gen  21 | FE= 268/ 300] p_err=0.173 | 指标=I_eps+ | score=2(极优) | Pw=[SDE=0.340 I+=0.340 MD=0.319] | Lp=3.10 | n_eval=8
[Gen  21 | FE= 268/ 300] p_err=0.221 | 指标=SDE    | score=2(极优) | Pw=[SDE=0.341 I+=0.341 MD=0.317] | Lp=6.50 | n_eval=8
[Gen  21 | FE= 268/ 300] p_err=0.151 | 指标=MD     | score=2(极优) | Pw=[SDE=0.345 I+=0.345 MD=0.310] | Lp=4.20 | n_eval=8
[Gen  21 | FE= 268/ 300] p_err=0.218 | 指标=I_eps+ | score=2(极优) | Pw=[SDE=0.333 I+=0.333 MD=0.333] | Lp=4.20 | n_eval=8
[Gen  21 | FE= 268/ 300] p_err=0.237 | 指标=MD     | score=1(中  ) | Pw=[SDE=0.353 I+=0.353 MD=0.294] | Lp=4.20 | n_eval=8
[Gen  21 | FE= 268/ 300] p_err=0.294 | 指标=MD     | score=2(极优) | Pw=[SDE=0.333 I+=0.333 MD=0.333] | Lp=6.50 | n_eval=8
[Gen  22 | FE= 276/ 300] p_err=0.278 | 指标=SDE    | score=2(极优) | Pw=[SDE=0.333 I+=0.333 MD=0.333] | Lp=6.50 | n_eval=8
[Gen  22 | FE= 276/ 300] p_err=0.165 | 指标=I_eps+ | score=2(极优) | Pw=[SDE=0.340 I+=0.340 MD=0.319] | Lp=3.10 | n_eval=8
[Gen  22 | FE= 276/ 300] p_err=0.202 | 指标=I_eps+ | score=2(极优) | Pw=[SDE=0.341 I+=0.341 MD=0.317] | Lp=6.50 | n_eval=8
[Gen  22 | FE= 276/ 300] p_err=0.140 | 指标=MD     | score=2(极优) | Pw=[SDE=0.343 I+=0.343 MD=0.314] | Lp=6.50 | n_eval=8
[Gen  22 | FE= 276/ 300] p_err=0.299 | 指标=SDE    | score=2(极优) | Pw=[SDE=0.333 I+=0.333 MD=0.333] | Lp=4.20 | n_eval=8
[Gen  22 | FE= 276/ 300] p_err=0.267 | 指标=I_eps+ | score=2(极优) | Pw=[SDE=0.357 I+=0.357 MD=0.286] | Lp=4.20 | n_eval=8
[Gen  22 | FE= 276/ 300] p_err=0.348 | 指标=SDE    | score=2(极优) | Pw=[SDE=0.333 I+=0.333 MD=0.333] | Lp=6.50 | n_eval=8
[Gen  23 | FE= 284/ 300] p_err=0.314 | 指标=SDE    | score=2(极优) | Pw=[SDE=0.340 I+=0.340 MD=0.319] | Lp=3.10 | n_eval=8
[Gen  23 | FE= 284/ 300] p_err=0.267 | 指标=SDE    | score=2(极优) | Pw=[SDE=0.333 I+=0.333 MD=0.333] | Lp=6.50 | n_eval=8
[Gen  23 | FE= 284/ 300] p_err=0.162 | 指标=MD     | score=2(极优) | Pw=[SDE=0.340 I+=0.340 MD=0.319] | Lp=6.50 | n_eval=8
[Gen  23 | FE= 284/ 300] p_err=0.252 | 指标=I_eps+ | score=2(极优) | Pw=[SDE=0.343 I+=0.343 MD=0.314] | Lp=6.50 | n_eval=8
[Gen  23 | FE= 284/ 300] p_err=0.170 | 指标=MD     | score=2(极优) | Pw=[SDE=0.333 I+=0.333 MD=0.333] | Lp=3.10 | n_eval=8
[Gen  23 | FE= 284/ 300] p_err=0.157 | 指标=MD     | score=2(极优) | Pw=[SDE=0.333 I+=0.333 MD=0.333] | Lp=6.50 | n_eval=8
[Gen  23 | FE= 284/ 300] p_err=0.191 | 指标=I_eps+ | score=2(极优) | Pw=[SDE=0.357 I+=0.357 MD=0.286] | Lp=4.20 | n_eval=8
[Gen  24 | FE= 292/ 300] p_err=0.172 | 指标=I_eps+ | score=2(极优) | Pw=[SDE=0.341 I+=0.341 MD=0.317] | Lp=3.10 | n_eval=8
[Gen  24 | FE= 292/ 300] p_err=0.141 | 指标=MD     | score=2(极优) | Pw=[SDE=0.333 I+=0.333 MD=0.333] | Lp=4.20 | n_eval=8
[Gen  24 | FE= 292/ 300] p_err=0.127 | 指标=MD     | score=2(极优) | Pw=[SDE=0.340 I+=0.340 MD=0.319] | Lp=6.50 | n_eval=8
[Gen  24 | FE= 292/ 300] p_err=0.173 | 指标=I_eps+ | score=2(极优) | Pw=[SDE=0.343 I+=0.343 MD=0.314] | Lp=6.50 | n_eval=8
[Gen  24 | FE= 292/ 300] p_err=0.227 | 指标=I_eps+ | score=2(极优) | Pw=[SDE=0.333 I+=0.333 MD=0.333] | Lp=3.10 | n_eval=8
[Gen  24 | FE= 292/ 300] p_err=0.228 | 指标=MD     | score=2(极优) | Pw=[SDE=0.333 I+=0.333 MD=0.333] | Lp=6.50 | n_eval=8
[Gen  24 | FE= 292/ 300] p_err=0.197 | 指标=I_eps+ | score=2(极优) | Pw=[SDE=0.357 I+=0.357 MD=0.286] | Lp=4.20 | n_eval=8
[Gen  25 | FE= 300/ 300] p_err=0.109 | 指标=MD     | score=2(极优) | Pw=[SDE=0.341 I+=0.341 MD=0.317] | Lp=4.20 | n_eval=8
[Gen  25 | FE= 300/ 300] p_err=0.357 | 指标=SDE    | score=2(极优) | Pw=[SDE=0.333 I+=0.333 MD=0.333] | Lp=4.20 | n_eval=8
[Gen  25 | FE= 300/ 300] p_err=0.202 | 指标=I_eps+ | score=2(极优) | Pw=[SDE=0.341 I+=0.341 MD=0.317] | Lp=6.50 | n_eval=8
[Gen  25 | FE= 300/ 300] p_err=0.173 | 指标=MD     | score=2(极优) | Pw=[SDE=0.333 I+=0.333 MD=0.333] | Lp=3.10 | n_eval=8
[Gen  25 | FE= 300/ 300] p_err=0.277 | 指标=SDE    | score=2(极优) | Pw=[SDE=0.343 I+=0.343 MD=0.314] | Lp=4.20 | n_eval=8
[Gen  25 | FE= 300/ 300] p_err=0.200 | 指标=I_eps+ | score=2(极优) | Pw=[SDE=0.333 I+=0.333 MD=0.333] | Lp=6.50 | n_eval=8
[Gen  25 | FE= 300/ 300] p_err=0.240 | 指标=I_eps+ | score=2(极优) | Pw=[SDE=0.357 I+=0.357 MD=0.286] | Lp=3.10 | n_eval=8
[Gen   1 | FE= 108/ 300] p_err=0.285 | 指标=MD     | score=2(极优) | Pw=[SDE=0.333 I+=0.333 MD=0.333] | Lp=4.20 | n_eval=8
[Gen   1 | FE= 108/ 300] p_err=0.250 | 指标=MD     | score=2(极优) | Pw=[SDE=0.333 I+=0.333 MD=0.333] | Lp=3.10 | n_eval=8
[Gen   1 | FE= 108/ 300] p_err=0.195 | 指标=SDE    | score=2(极优) | Pw=[SDE=0.333 I+=0.333 MD=0.333] | Lp=4.20 | n_eval=8
[Gen   1 | FE= 108/ 300] p_err=0.217 | 指标=SDE    | score=2(极优) | Pw=[SDE=0.333 I+=0.333 MD=0.333] | Lp=4.20 | n_eval=8
[Gen   1 | FE= 108/ 300] p_err=0.146 | 指标=I_eps+ | score=2(极优) | Pw=[SDE=0.333 I+=0.333 MD=0.333] | Lp=3.10 | n_eval=8
[Gen   1 | FE= 108/ 300] p_err=0.192 | 指标=SDE    | score=2(极优) | Pw=[SDE=0.333 I+=0.333 MD=0.333] | Lp=4.20 | n_eval=8
[Gen   1 | FE= 108/ 300] p_err=0.258 | 指标=MD     | score=2(极优) | Pw=[SDE=0.333 I+=0.333 MD=0.333] | Lp=4.20 | n_eval=8
[Gen   1 | FE= 108/ 300] p_err=0.193 | 指标=SDE    | score=2(极优) | Pw=[SDE=0.333 I+=0.333 MD=0.333] | Lp=2.40 | n_eval=8
[Gen   2 | FE= 116/ 300] p_err=0.256 | 指标=SDE    | score=2(极优) | Pw=[SDE=0.333 I+=0.333 MD=0.333] | Lp=4.20 | n_eval=8
[Gen   2 | FE= 116/ 300] p_err=0.220 | 指标=MD     | score=2(极优) | Pw=[SDE=0.333 I+=0.333 MD=0.333] | Lp=4.20 | n_eval=8
[Gen   2 | FE= 116/ 300] p_err=0.231 | 指标=MD     | score=2(极优) | Pw=[SDE=0.333 I+=0.333 MD=0.333] | Lp=4.20 | n_eval=8
[Gen   2 | FE= 116/ 300] p_err=0.249 | 指标=SDE    | score=2(极优) | Pw=[SDE=0.333 I+=0.333 MD=0.333] | Lp=4.20 | n_eval=8
[Gen   2 | FE= 116/ 300] p_err=0.224 | 指标=SDE    | score=2(极优) | Pw=[SDE=0.333 I+=0.333 MD=0.333] | Lp=3.10 | n_eval=8
[Gen   2 | FE= 116/ 300] p_err=0.239 | 指标=MD     | score=2(极优) | Pw=[SDE=0.333 I+=0.333 MD=0.333] | Lp=4.20 | n_eval=8
[Gen   2 | FE= 116/ 300] p_err=0.243 | 指标=SDE    | score=2(极优) | Pw=[SDE=0.333 I+=0.333 MD=0.333] | Lp=4.20 | n_eval=8
[Gen   2 | FE= 116/ 300] p_err=0.139 | 指标=I_eps+ | score=2(极优) | Pw=[SDE=0.333 I+=0.333 MD=0.333] | Lp=2.40 | n_eval=8
[Gen   3 | FE= 124/ 300] p_err=0.302 | 指标=MD     | score=2(极优) | Pw=[SDE=0.333 I+=0.333 MD=0.333] | Lp=4.20 | n_eval=8
[Gen   3 | FE= 124/ 300] p_err=0.176 | 指标=I_eps+ | score=2(极优) | Pw=[SDE=0.333 I+=0.333 MD=0.333] | Lp=4.20 | n_eval=8
[Gen   3 | FE= 124/ 300] p_err=0.243 | 指标=I_eps+ | score=2(极优) | Pw=[SDE=0.333 I+=0.333 MD=0.333] | Lp=4.20 | n_eval=8
[Gen   3 | FE= 124/ 300] p_err=0.214 | 指标=MD     | score=2(极优) | Pw=[SDE=0.333 I+=0.333 MD=0.333] | Lp=4.20 | n_eval=8
[Gen   3 | FE= 124/ 300] p_err=0.206 | 指标=SDE    | score=2(极优) | Pw=[SDE=0.333 I+=0.333 MD=0.333] | Lp=4.20 | n_eval=8
[Gen   3 | FE= 124/ 300] p_err=0.182 | 指标=I_eps+ | score=2(极优) | Pw=[SDE=0.333 I+=0.333 MD=0.333] | Lp=2.40 | n_eval=8
[Gen   3 | FE= 124/ 300] p_err=0.152 | 指标=I_eps+ | score=2(极优) | Pw=[SDE=0.333 I+=0.333 MD=0.333] | Lp=4.20 | n_eval=8
[Gen   3 | FE= 124/ 300] p_err=0.191 | 指标=MD     | score=2(极优) | Pw=[SDE=0.333 I+=0.333 MD=0.333] | Lp=3.10 | n_eval=8
[Gen   4 | FE= 132/ 300] p_err=0.219 | 指标=MD     | score=2(极优) | Pw=[SDE=0.333 I+=0.333 MD=0.333] | Lp=4.20 | n_eval=8
[Gen   4 | FE= 132/ 300] p_err=0.168 | 指标=I_eps+ | score=2(极优) | Pw=[SDE=0.333 I+=0.333 MD=0.333] | Lp=4.20 | n_eval=8
[Gen   4 | FE= 132/ 300] p_err=0.340 | 指标=SDE    | score=2(极优) | Pw=[SDE=0.333 I+=0.333 MD=0.333] | Lp=4.20 | n_eval=8
[Gen   4 | FE= 132/ 300] p_err=0.257 | 指标=SDE    | score=2(极优) | Pw=[SDE=0.333 I+=0.333 MD=0.333] | Lp=4.20 | n_eval=8
[Gen   4 | FE= 132/ 300] p_err=0.202 | 指标=MD     | score=2(极优) | Pw=[SDE=0.333 I+=0.333 MD=0.333] | Lp=4.20 | n_eval=8
[Gen   4 | FE= 132/ 300] p_err=0.221 | 指标=SDE    | score=2(极优) | Pw=[SDE=0.333 I+=0.333 MD=0.333] | Lp=2.40 | n_eval=8
[Gen   4 | FE= 132/ 300] p_err=0.250 | 指标=SDE    | score=2(极优) | Pw=[SDE=0.333 I+=0.333 MD=0.333] | Lp=3.10 | n_eval=8
[Gen   4 | FE= 132/ 300] p_err=0.187 | 指标=SDE    | score=2(极优) | Pw=[SDE=0.333 I+=0.333 MD=0.333] | Lp=4.20 | n_eval=8
[Gen   5 | FE= 140/ 300] p_err=0.218 | 指标=I_eps+ | score=2(极优) | Pw=[SDE=0.333 I+=0.333 MD=0.333] | Lp=4.20 | n_eval=8
[Gen   5 | FE= 140/ 300] p_err=0.181 | 指标=I_eps+ | score=2(极优) | Pw=[SDE=0.333 I+=0.333 MD=0.333] | Lp=4.20 | n_eval=8
[Gen   5 | FE= 140/ 300] p_err=0.215 | 指标=I_eps+ | score=2(极优) | Pw=[SDE=0.333 I+=0.333 MD=0.333] | Lp=4.20 | n_eval=8
[Gen   5 | FE= 140/ 300] p_err=0.205 | 指标=I_eps+ | score=2(极优) | Pw=[SDE=0.333 I+=0.333 MD=0.333] | Lp=4.20 | n_eval=8
[Gen   5 | FE= 140/ 300] p_err=0.218 | 指标=SDE    | score=2(极优) | Pw=[SDE=0.333 I+=0.333 MD=0.333] | Lp=4.20 | n_eval=8
[Gen   5 | FE= 140/ 300] p_err=0.211 | 指标=MD     | score=2(极优) | Pw=[SDE=0.333 I+=0.333 MD=0.333] | Lp=3.10 | n_eval=8
[Gen   5 | FE= 140/ 300] p_err=0.254 | 指标=MD     | score=2(极优) | Pw=[SDE=0.333 I+=0.333 MD=0.333] | Lp=2.40 | n_eval=8
[Gen   5 | FE= 140/ 300] p_err=0.192 | 指标=SDE    | score=2(极优) | Pw=[SDE=0.333 I+=0.333 MD=0.333] | Lp=4.20 | n_eval=8
[Gen   6 | FE= 148/ 300] p_err=0.301 | 指标=SDE    | score=2(极优) | Pw=[SDE=0.333 I+=0.333 MD=0.333] | Lp=4.20 | n_eval=8
[Gen   6 | FE= 148/ 300] p_err=0.225 | 指标=SDE    | score=2(极优) | Pw=[SDE=0.333 I+=0.333 MD=0.333] | Lp=4.20 | n_eval=8
[Gen   6 | FE= 148/ 300] p_err=0.206 | 指标=MD     | score=2(极优) | Pw=[SDE=0.333 I+=0.333 MD=0.333] | Lp=3.10 | n_eval=8
[Gen   6 | FE= 148/ 300] p_err=0.225 | 指标=SDE    | score=2(极优) | Pw=[SDE=0.333 I+=0.333 MD=0.333] | Lp=4.20 | n_eval=8
[Gen   6 | FE= 148/ 300] p_err=0.180 | 指标=I_eps+ | score=2(极优) | Pw=[SDE=0.333 I+=0.333 MD=0.333] | Lp=4.20 | n_eval=8
[Gen   6 | FE= 148/ 300] p_err=0.229 | 指标=MD     | score=2(极优) | Pw=[SDE=0.333 I+=0.333 MD=0.333] | Lp=2.40 | n_eval=8
[Gen   6 | FE= 148/ 300] p_err=0.208 | 指标=I_eps+ | score=2(极优) | Pw=[SDE=0.333 I+=0.333 MD=0.333] | Lp=3.10 | n_eval=8
[Gen   6 | FE= 148/ 300] p_err=0.196 | 指标=I_eps+ | score=2(极优) | Pw=[SDE=0.333 I+=0.333 MD=0.333] | Lp=3.10 | n_eval=8
[Gen   7 | FE= 156/ 300] p_err=0.301 | 指标=I_eps+ | score=2(极优) | Pw=[SDE=0.333 I+=0.333 MD=0.333] | Lp=4.20 | n_eval=8
[Gen   7 | FE= 156/ 300] p_err=0.170 | 指标=I_eps+ | score=2(极优) | Pw=[SDE=0.333 I+=0.333 MD=0.333] | Lp=4.20 | n_eval=8
[Gen   7 | FE= 156/ 300] p_err=0.264 | 指标=SDE    | score=2(极优) | Pw=[SDE=0.333 I+=0.333 MD=0.333] | Lp=4.20 | n_eval=8
[Gen   7 | FE= 156/ 300] p_err=0.206 | 指标=MD     | score=2(极优) | Pw=[SDE=0.333 I+=0.333 MD=0.333] | Lp=4.20 | n_eval=8
[Gen   7 | FE= 156/ 300] p_err=0.175 | 指标=I_eps+ | score=2(极优) | Pw=[SDE=0.333 I+=0.333 MD=0.333] | Lp=4.20 | n_eval=8
[Gen   7 | FE= 156/ 300] p_err=0.275 | 指标=SDE    | score=2(极优) | Pw=[SDE=0.333 I+=0.333 MD=0.333] | Lp=3.10 | n_eval=8
[Gen   7 | FE= 156/ 300] p_err=0.198 | 指标=I_eps+ | score=2(极优) | Pw=[SDE=0.333 I+=0.333 MD=0.333] | Lp=3.10 | n_eval=8
[Gen   7 | FE= 156/ 300] p_err=0.189 | 指标=MD     | score=2(极优) | Pw=[SDE=0.333 I+=0.333 MD=0.333] | Lp=2.40 | n_eval=8
[Gen   8 | FE= 164/ 300] p_err=0.254 | 指标=I_eps+ | score=2(极优) | Pw=[SDE=0.333 I+=0.333 MD=0.333] | Lp=4.20 | n_eval=8
[Gen   8 | FE= 164/ 300] p_err=0.293 | 指标=MD     | score=2(极优) | Pw=[SDE=0.333 I+=0.333 MD=0.333] | Lp=3.10 | n_eval=8
[Gen   8 | FE= 164/ 300] p_err=0.155 | 指标=I_eps+ | score=2(极优) | Pw=[SDE=0.333 I+=0.333 MD=0.333] | Lp=4.20 | n_eval=8
[Gen   8 | FE= 164/ 300] p_err=0.248 | 指标=I_eps+ | score=2(极优) | Pw=[SDE=0.333 I+=0.333 MD=0.333] | Lp=4.20 | n_eval=8
[Gen   8 | FE= 164/ 300] p_err=0.221 | 指标=MD     | score=1(中  ) | Pw=[SDE=0.337 I+=0.337 MD=0.326] | Lp=2.40 | n_eval=8
[Gen   8 | FE= 164/ 300] p_err=0.276 | 指标=MD     | score=2(极优) | Pw=[SDE=0.333 I+=0.333 MD=0.333] | Lp=4.20 | n_eval=8
[Gen   8 | FE= 164/ 300] p_err=0.215 | 指标=MD     | score=2(极优) | Pw=[SDE=0.333 I+=0.333 MD=0.333] | Lp=3.10 | n_eval=8
[Gen   8 | FE= 164/ 300] p_err=0.227 | 指标=SDE    | score=2(极优) | Pw=[SDE=0.333 I+=0.333 MD=0.333] | Lp=3.10 | n_eval=8
[Gen   9 | FE= 172/ 300] p_err=0.201 | 指标=I_eps+ | score=2(极优) | Pw=[SDE=0.333 I+=0.333 MD=0.333] | Lp=3.10 | n_eval=8
[Gen   9 | FE= 172/ 300] p_err=0.227 | 指标=I_eps+ | score=2(极优) | Pw=[SDE=0.333 I+=0.333 MD=0.333] | Lp=4.20 | n_eval=8
[Gen   9 | FE= 172/ 300] p_err=0.227 | 指标=I_eps+ | score=2(极优) | Pw=[SDE=0.333 I+=0.333 MD=0.333] | Lp=4.20 | n_eval=8
[Gen   9 | FE= 172/ 300] p_err=0.249 | 指标=MD     | score=2(极优) | Pw=[SDE=0.333 I+=0.333 MD=0.333] | Lp=4.20 | n_eval=8
[Gen   9 | FE= 172/ 300] p_err=0.209 | 指标=MD     | score=2(极优) | Pw=[SDE=0.333 I+=0.333 MD=0.333] | Lp=4.20 | n_eval=8
[Gen   9 | FE= 172/ 300] p_err=0.239 | 指标=MD     | score=2(极优) | Pw=[SDE=0.333 I+=0.333 MD=0.333] | Lp=3.10 | n_eval=8
[Gen   9 | FE= 172/ 300] p_err=0.195 | 指标=I_eps+ | score=2(极优) | Pw=[SDE=0.337 I+=0.337 MD=0.325] | Lp=3.10 | n_eval=8
[Gen   9 | FE= 172/ 300] p_err=0.261 | 指标=MD     | score=2(极优) | Pw=[SDE=0.333 I+=0.333 MD=0.333] | Lp=2.40 | n_eval=8
[Gen  10 | FE= 180/ 300] p_err=0.186 | 指标=MD     | score=2(极优) | Pw=[SDE=0.333 I+=0.333 MD=0.333] | Lp=4.20 | n_eval=8
[Gen  10 | FE= 180/ 300] p_err=0.172 | 指标=MD     | score=2(极优) | Pw=[SDE=0.333 I+=0.333 MD=0.333] | Lp=4.20 | n_eval=8
[Gen  10 | FE= 180/ 300] p_err=0.252 | 指标=SDE    | score=2(极优) | Pw=[SDE=0.333 I+=0.333 MD=0.333] | Lp=4.20 | n_eval=8
[Gen  10 | FE= 180/ 300] p_err=0.317 | 指标=SDE    | score=2(极优) | Pw=[SDE=0.333 I+=0.333 MD=0.333] | Lp=3.10 | n_eval=8
[Gen  10 | FE= 180/ 300] p_err=0.252 | 指标=SDE    | score=2(极优) | Pw=[SDE=0.333 I+=0.333 MD=0.333] | Lp=4.20 | n_eval=8
[Gen  10 | FE= 180/ 300] p_err=0.197 | 指标=I_eps+ | score=2(极优) | Pw=[SDE=0.333 I+=0.333 MD=0.333] | Lp=3.10 | n_eval=8
[Gen  10 | FE= 180/ 300] p_err=0.163 | 指标=I_eps+ | score=2(极优) | Pw=[SDE=0.338 I+=0.338 MD=0.325] | Lp=3.10 | n_eval=8
[Gen  10 | FE= 180/ 300] p_err=0.149 | 指标=I_eps+ | score=2(极优) | Pw=[SDE=0.333 I+=0.333 MD=0.333] | Lp=3.10 | n_eval=8
[Gen  11 | FE= 188/ 300] p_err=0.168 | 指标=MD     | score=2(极优) | Pw=[SDE=0.333 I+=0.333 MD=0.333] | Lp=3.10 | n_eval=8
[Gen  11 | FE= 188/ 300] p_err=0.238 | 指标=SDE    | score=2(极优) | Pw=[SDE=0.333 I+=0.333 MD=0.333] | Lp=3.10 | n_eval=8
[Gen  11 | FE= 188/ 300] p_err=0.297 | 指标=SDE    | score=2(极优) | Pw=[SDE=0.333 I+=0.333 MD=0.333] | Lp=4.20 | n_eval=8
[Gen  11 | FE= 188/ 300] p_err=0.220 | 指标=MD     | score=2(极优) | Pw=[SDE=0.333 I+=0.333 MD=0.333] | Lp=3.10 | n_eval=8
[Gen  11 | FE= 188/ 300] p_err=0.316 | 指标=SDE    | score=2(极优) | Pw=[SDE=0.333 I+=0.333 MD=0.333] | Lp=4.20 | n_eval=8
[Gen  11 | FE= 188/ 300] p_err=0.235 | 指标=SDE    | score=2(极优) | Pw=[SDE=0.333 I+=0.333 MD=0.333] | Lp=3.10 | n_eval=8
[Gen  11 | FE= 188/ 300] p_err=0.227 | 指标=SDE    | score=2(极优) | Pw=[SDE=0.338 I+=0.338 MD=0.324] | Lp=3.10 | n_eval=8
[Gen  11 | FE= 188/ 300] p_err=0.185 | 指标=I_eps+ | score=2(极优) | Pw=[SDE=0.333 I+=0.333 MD=0.333] | Lp=2.40 | n_eval=8
[Gen  12 | FE= 196/ 300] p_err=0.227 | 指标=I_eps+ | score=2(极优) | Pw=[SDE=0.333 I+=0.333 MD=0.333] | Lp=3.10 | n_eval=8
[Gen  12 | FE= 196/ 300] p_err=0.343 | 指标=MD     | score=2(极优) | Pw=[SDE=0.333 I+=0.333 MD=0.333] | Lp=3.10 | n_eval=8
[Gen  12 | FE= 196/ 300] p_err=0.157 | 指标=MD     | score=2(极优) | Pw=[SDE=0.333 I+=0.333 MD=0.333] | Lp=3.10 | n_eval=8
[Gen  12 | FE= 196/ 300] p_err=0.247 | 指标=SDE    | score=2(极优) | Pw=[SDE=0.333 I+=0.333 MD=0.333] | Lp=4.20 | n_eval=8
[Gen  12 | FE= 196/ 300] p_err=0.198 | 指标=I_eps+ | score=2(极优) | Pw=[SDE=0.338 I+=0.338 MD=0.323] | Lp=3.10 | n_eval=8
[Gen  12 | FE= 196/ 300] p_err=0.182 | 指标=I_eps+ | score=2(极优) | Pw=[SDE=0.333 I+=0.333 MD=0.333] | Lp=3.10 | n_eval=8
[Gen  12 | FE= 196/ 300] p_err=0.176 | 指标=MD     | score=2(极优) | Pw=[SDE=0.333 I+=0.333 MD=0.333] | Lp=6.50 | n_eval=8
[Gen  12 | FE= 196/ 300] p_err=0.190 | 指标=MD     | score=2(极优) | Pw=[SDE=0.333 I+=0.333 MD=0.333] | Lp=3.10 | n_eval=8
[Gen  13 | FE= 204/ 300] p_err=0.291 | 指标=I_eps+ | score=2(极优) | Pw=[SDE=0.333 I+=0.333 MD=0.333] | Lp=4.20 | n_eval=8
[Gen  13 | FE= 204/ 300] p_err=0.240 | 指标=MD     | score=2(极优) | Pw=[SDE=0.333 I+=0.333 MD=0.333] | Lp=4.20 | n_eval=8
[Gen  13 | FE= 204/ 300] p_err=0.226 | 指标=MD     | score=2(极优) | Pw=[SDE=0.333 I+=0.333 MD=0.333] | Lp=2.40 | n_eval=8
[Gen  13 | FE= 204/ 300] p_err=0.272 | 指标=SDE    | score=2(极优) | Pw=[SDE=0.333 I+=0.333 MD=0.333] | Lp=3.10 | n_eval=8
[Gen  13 | FE= 204/ 300] p_err=0.176 | 指标=I_eps+ | score=2(极优) | Pw=[SDE=0.339 I+=0.339 MD=0.322] | Lp=3.10 | n_eval=8
[Gen  13 | FE= 204/ 300] p_err=0.259 | 指标=SDE    | score=2(极优) | Pw=[SDE=0.333 I+=0.333 MD=0.333] | Lp=3.10 | n_eval=8
[Gen  13 | FE= 204/ 300] p_err=0.263 | 指标=MD     | score=2(极优) | Pw=[SDE=0.333 I+=0.333 MD=0.333] | Lp=3.10 | n_eval=8
[Gen  13 | FE= 204/ 300] p_err=0.287 | 指标=SDE    | score=2(极优) | Pw=[SDE=0.333 I+=0.333 MD=0.333] | Lp=6.50 | n_eval=8
[Gen  14 | FE= 212/ 300] p_err=0.489 | 指标=SDE    | score=2(极优) | Pw=[SDE=0.333 I+=0.333 MD=0.333] | Lp=3.10 | n_eval=8
[Gen  14 | FE= 212/ 300] p_err=0.247 | 指标=MD     | score=2(极优) | Pw=[SDE=0.333 I+=0.333 MD=0.333] | Lp=3.10 | n_eval=8
[Gen  14 | FE= 212/ 300] p_err=0.247 | 指标=I_eps+ | score=2(极优) | Pw=[SDE=0.333 I+=0.333 MD=0.333] | Lp=4.20 | n_eval=8
[Gen  14 | FE= 212/ 300] p_err=0.198 | 指标=MD     | score=1(中  ) | Pw=[SDE=0.338 I+=0.338 MD=0.323] | Lp=4.20 | n_eval=8
[Gen  14 | FE= 212/ 300] p_err=0.203 | 指标=MD     | score=2(极优) | Pw=[SDE=0.333 I+=0.333 MD=0.333] | Lp=2.40 | n_eval=8
[Gen  14 | FE= 212/ 300] p_err=0.208 | 指标=MD     | score=2(极优) | Pw=[SDE=0.339 I+=0.339 MD=0.322] | Lp=3.10 | n_eval=8
[Gen  14 | FE= 212/ 300] p_err=0.239 | 指标=SDE    | score=2(极优) | Pw=[SDE=0.333 I+=0.333 MD=0.333] | Lp=3.10 | n_eval=8
[Gen  14 | FE= 212/ 300] p_err=0.343 | 指标=I_eps+ | score=2(极优) | Pw=[SDE=0.333 I+=0.333 MD=0.333] | Lp=6.50 | n_eval=8
[Gen  15 | FE= 220/ 300] p_err=0.275 | 指标=I_eps+ | score=2(极优) | Pw=[SDE=0.333 I+=0.333 MD=0.333] | Lp=3.10 | n_eval=8
[Gen  15 | FE= 220/ 300] p_err=0.240 | 指标=MD     | score=1(中  ) | Pw=[SDE=0.339 I+=0.339 MD=0.322] | Lp=4.20 | n_eval=8
[Gen  15 | FE= 220/ 300] p_err=0.315 | 指标=SDE    | score=2(极优) | Pw=[SDE=0.339 I+=0.339 MD=0.322] | Lp=4.20 | n_eval=8
[Gen  15 | FE= 220/ 300] p_err=0.217 | 指标=I_eps+ | score=2(极优) | Pw=[SDE=0.333 I+=0.333 MD=0.333] | Lp=3.10 | n_eval=8
[Gen  15 | FE= 220/ 300] p_err=0.319 | 指标=MD     | score=2(极优) | Pw=[SDE=0.339 I+=0.339 MD=0.322] | Lp=3.10 | n_eval=8
[Gen  15 | FE= 220/ 300] p_err=0.276 | 指标=SDE    | score=2(极优) | Pw=[SDE=0.333 I+=0.333 MD=0.333] | Lp=3.10 | n_eval=8
[Gen  15 | FE= 220/ 300] p_err=0.204 | 指标=I_eps+ | score=2(极优) | Pw=[SDE=0.333 I+=0.333 MD=0.333] | Lp=3.10 | n_eval=8
[Gen  15 | FE= 220/ 300] p_err=0.239 | 指标=SDE    | score=2(极优) | Pw=[SDE=0.333 I+=0.333 MD=0.333] | Lp=4.20 | n_eval=8
[Gen  16 | FE= 228/ 300] p_err=0.396 | 指标=SDE    | score=2(极优) | Pw=[SDE=0.333 I+=0.333 MD=0.333] | Lp=4.20 | n_eval=8
[Gen  16 | FE= 228/ 300] p_err=0.256 | 指标=MD     | score=2(极优) | Pw=[SDE=0.339 I+=0.339 MD=0.322] | Lp=4.20 | n_eval=8
[Gen  16 | FE= 228/ 300] p_err=0.147 | 指标=MD     | score=2(极优) | Pw=[SDE=0.339 I+=0.339 MD=0.322] | Lp=3.10 | n_eval=8
[Gen  16 | FE= 228/ 300] p_err=0.229 | 指标=SDE    | score=2(极优) | Pw=[SDE=0.333 I+=0.333 MD=0.333] | Lp=3.10 | n_eval=8
[Gen  16 | FE= 228/ 300] p_err=0.215 | 指标=I_eps+ | score=2(极优) | Pw=[SDE=0.340 I+=0.340 MD=0.321] | Lp=2.40 | n_eval=8
[Gen  16 | FE= 228/ 300] p_err=0.293 | 指标=SDE    | score=2(极优) | Pw=[SDE=0.333 I+=0.333 MD=0.333] | Lp=3.10 | n_eval=8
[Gen  16 | FE= 228/ 300] p_err=0.208 | 指标=I_eps+ | score=2(极优) | Pw=[SDE=0.333 I+=0.333 MD=0.333] | Lp=3.10 | n_eval=8
[Gen  16 | FE= 228/ 300] p_err=0.242 | 指标=I_eps+ | score=2(极优) | Pw=[SDE=0.333 I+=0.333 MD=0.333] | Lp=4.20 | n_eval=8
[Gen  17 | FE= 236/ 300] p_err=0.217 | 指标=MD     | score=2(极优) | Pw=[SDE=0.333 I+=0.333 MD=0.333] | Lp=4.20 | n_eval=8
[Gen  17 | FE= 236/ 300] p_err=0.229 | 指标=SDE    | score=2(极优) | Pw=[SDE=0.340 I+=0.340 MD=0.321] | Lp=3.10 | n_eval=8
[Gen  17 | FE= 236/ 300] p_err=0.267 | 指标=I_eps+ | score=2(极优) | Pw=[SDE=0.333 I+=0.333 MD=0.333] | Lp=3.10 | n_eval=8
[Gen  17 | FE= 236/ 300] p_err=0.254 | 指标=MD     | score=2(极优) | Pw=[SDE=0.339 I+=0.339 MD=0.322] | Lp=4.20 | n_eval=8
[Gen  17 | FE= 236/ 300] p_err=0.228 | 指标=MD     | score=2(极优) | Pw=[SDE=0.340 I+=0.340 MD=0.321] | Lp=2.40 | n_eval=8
[Gen  17 | FE= 236/ 300] p_err=0.180 | 指标=MD     | score=2(极优) | Pw=[SDE=0.333 I+=0.333 MD=0.333] | Lp=3.10 | n_eval=8
[Gen  17 | FE= 236/ 300] p_err=0.275 | 指标=I_eps+ | score=1(中  ) | Pw=[SDE=0.340 I+=0.321 MD=0.340] | Lp=4.20 | n_eval=8
[Gen  17 | FE= 236/ 300] p_err=0.270 | 指标=SDE    | score=2(极优) | Pw=[SDE=0.333 I+=0.333 MD=0.333] | Lp=2.40 | n_eval=8
[Gen  18 | FE= 244/ 300] p_err=0.300 | 指标=I_eps+ | score=2(极优) | Pw=[SDE=0.333 I+=0.333 MD=0.333] | Lp=4.20 | n_eval=8
[Gen  18 | FE= 244/ 300] p_err=0.246 | 指标=I_eps+ | score=2(极优) | Pw=[SDE=0.340 I+=0.340 MD=0.319] | Lp=3.10 | n_eval=8
[Gen  18 | FE= 244/ 300] p_err=0.245 | 指标=MD     | score=2(极优) | Pw=[SDE=0.333 I+=0.333 MD=0.333] | Lp=3.10 | n_eval=8
[Gen  18 | FE= 244/ 300] p_err=0.300 | 指标=SDE    | score=2(极优) | Pw=[SDE=0.340 I+=0.340 MD=0.321] | Lp=4.20 | n_eval=8
[Gen  18 | FE= 244/ 300] p_err=0.218 | 指标=I_eps+ | score=2(极优) | Pw=[SDE=0.340 I+=0.340 MD=0.319] | Lp=2.40 | n_eval=8
[Gen  18 | FE= 244/ 300] p_err=0.173 | 指标=MD     | score=2(极优) | Pw=[SDE=0.333 I+=0.333 MD=0.333] | Lp=3.10 | n_eval=8
[Gen  18 | FE= 244/ 300] p_err=0.205 | 指标=MD     | score=2(极优) | Pw=[SDE=0.340 I+=0.319 MD=0.340] | Lp=4.20 | n_eval=8
[Gen  19 | FE= 252/ 300] p_err=0.232 | 指标=MD     | score=2(极优) | Pw=[SDE=0.333 I+=0.333 MD=0.333] | Lp=4.20 | n_eval=8
[Gen  18 | FE= 244/ 300] p_err=0.330 | 指标=SDE    | score=2(极优) | Pw=[SDE=0.333 I+=0.333 MD=0.333] | Lp=2.40 | n_eval=8
[Gen  19 | FE= 252/ 300] p_err=0.385 | 指标=SDE    | score=2(极优) | Pw=[SDE=0.341 I+=0.341 MD=0.317] | Lp=3.10 | n_eval=8
[Gen  19 | FE= 252/ 300] p_err=0.212 | 指标=MD     | score=2(极优) | Pw=[SDE=0.333 I+=0.333 MD=0.333] | Lp=3.10 | n_eval=8
[Gen  19 | FE= 252/ 300] p_err=0.332 | 指标=SDE    | score=2(极优) | Pw=[SDE=0.340 I+=0.340 MD=0.319] | Lp=4.20 | n_eval=8
[Gen  19 | FE= 252/ 300] p_err=0.311 | 指标=SDE    | score=2(极优) | Pw=[SDE=0.341 I+=0.341 MD=0.317] | Lp=2.40 | n_eval=8
[Gen  19 | FE= 252/ 300] p_err=0.213 | 指标=MD     | score=2(极优) | Pw=[SDE=0.333 I+=0.333 MD=0.333] | Lp=3.10 | n_eval=8
[Gen  19 | FE= 252/ 300] p_err=0.264 | 指标=I_eps+ | score=2(极优) | Pw=[SDE=0.340 I+=0.319 MD=0.340] | Lp=4.20 | n_eval=8
[Gen  20 | FE= 260/ 300] p_err=0.256 | 指标=MD     | score=2(极优) | Pw=[SDE=0.333 I+=0.333 MD=0.333] | Lp=3.10 | n_eval=8
[Gen  19 | FE= 252/ 300] p_err=0.371 | 指标=SDE    | score=2(极优) | Pw=[SDE=0.333 I+=0.333 MD=0.333] | Lp=2.40 | n_eval=8
[Gen  20 | FE= 260/ 300] p_err=0.301 | 指标=I_eps+ | score=2(极优) | Pw=[SDE=0.343 I+=0.343 MD=0.314] | Lp=3.10 | n_eval=8
[Gen  20 | FE= 260/ 300] p_err=0.240 | 指标=I_eps+ | score=2(极优) | Pw=[SDE=0.333 I+=0.333 MD=0.333] | Lp=3.10 | n_eval=8
[Gen  20 | FE= 260/ 300] p_err=0.304 | 指标=SDE    | score=2(极优) | Pw=[SDE=0.341 I+=0.341 MD=0.317] | Lp=4.20 | n_eval=8
[Gen  20 | FE= 260/ 300] p_err=0.230 | 指标=I_eps+ | score=2(极优) | Pw=[SDE=0.343 I+=0.343 MD=0.314] | Lp=2.40 | n_eval=8
[Gen  20 | FE= 260/ 300] p_err=0.277 | 指标=SDE    | score=2(极优) | Pw=[SDE=0.333 I+=0.333 MD=0.333] | Lp=3.10 | n_eval=8
[Gen  20 | FE= 260/ 300] p_err=0.258 | 指标=MD     | score=2(极优) | Pw=[SDE=0.341 I+=0.317 MD=0.341] | Lp=4.20 | n_eval=8
[Gen  21 | FE= 268/ 300] p_err=0.285 | 指标=I_eps+ | score=2(极优) | Pw=[SDE=0.333 I+=0.333 MD=0.333] | Lp=4.20 | n_eval=8
[Gen  20 | FE= 260/ 300] p_err=0.272 | 指标=I_eps+ | score=2(极优) | Pw=[SDE=0.333 I+=0.333 MD=0.333] | Lp=2.40 | n_eval=8
[Gen  21 | FE= 268/ 300] p_err=0.226 | 指标=MD     | score=2(极优) | Pw=[SDE=0.333 I+=0.333 MD=0.333] | Lp=3.10 | n_eval=8
[Gen  21 | FE= 268/ 300] p_err=0.325 | 指标=SDE    | score=2(极优) | Pw=[SDE=0.341 I+=0.341 MD=0.317] | Lp=4.20 | n_eval=8
[Gen  21 | FE= 268/ 300] p_err=0.279 | 指标=I_eps+ | score=2(极优) | Pw=[SDE=0.345 I+=0.345 MD=0.310] | Lp=3.10 | n_eval=8
[Gen  21 | FE= 268/ 300] p_err=0.171 | 指标=MD     | score=2(极优) | Pw=[SDE=0.341 I+=0.341 MD=0.317] | Lp=2.40 | n_eval=8
[Gen  21 | FE= 268/ 300] p_err=0.137 | 指标=MD     | score=2(极优) | Pw=[SDE=0.333 I+=0.333 MD=0.333] | Lp=2.40 | n_eval=8
[Gen  21 | FE= 268/ 300] p_err=0.236 | 指标=MD     | score=2(极优) | Pw=[SDE=0.341 I+=0.317 MD=0.341] | Lp=4.20 | n_eval=8
[Gen  22 | FE= 276/ 300] p_err=0.371 | 指标=SDE    | score=2(极优) | Pw=[SDE=0.333 I+=0.333 MD=0.333] | Lp=3.10 | n_eval=8
[Gen  21 | FE= 268/ 300] p_err=0.136 | 指标=MD     | score=2(极优) | Pw=[SDE=0.333 I+=0.333 MD=0.333] | Lp=2.40 | n_eval=8
[Gen  22 | FE= 276/ 300] p_err=0.249 | 指标=I_eps+ | score=2(极优) | Pw=[SDE=0.333 I+=0.333 MD=0.333] | Lp=3.10 | n_eval=8
[Gen  22 | FE= 276/ 300] p_err=0.250 | 指标=I_eps+ | score=2(极优) | Pw=[SDE=0.343 I+=0.343 MD=0.314] | Lp=4.20 | n_eval=8
[Gen  22 | FE= 276/ 300] p_err=0.330 | 指标=I_eps+ | score=2(极优) | Pw=[SDE=0.345 I+=0.345 MD=0.310] | Lp=3.10 | n_eval=8
[Gen  22 | FE= 276/ 300] p_err=0.252 | 指标=I_eps+ | score=2(极优) | Pw=[SDE=0.341 I+=0.341 MD=0.317] | Lp=2.40 | n_eval=8
[Gen  22 | FE= 276/ 300] p_err=0.250 | 指标=SDE    | score=2(极优) | Pw=[SDE=0.333 I+=0.333 MD=0.333] | Lp=2.40 | n_eval=8
[Gen  22 | FE= 276/ 300] p_err=0.297 | 指标=SDE    | score=1(中  ) | Pw=[SDE=0.322 I+=0.326 MD=0.351] | Lp=4.20 | n_eval=8
[Gen  23 | FE= 284/ 300] p_err=0.239 | 指标=I_eps+ | score=2(极优) | Pw=[SDE=0.333 I+=0.333 MD=0.333] | Lp=3.10 | n_eval=8
[Gen  22 | FE= 276/ 300] p_err=0.384 | 指标=SDE    | score=2(极优) | Pw=[SDE=0.333 I+=0.333 MD=0.333] | Lp=3.10 | n_eval=8
[Gen  23 | FE= 284/ 300] p_err=0.272 | 指标=I_eps+ | score=2(极优) | Pw=[SDE=0.333 I+=0.333 MD=0.333] | Lp=3.10 | n_eval=8
[Gen  23 | FE= 284/ 300] p_err=0.270 | 指标=I_eps+ | score=2(极优) | Pw=[SDE=0.345 I+=0.345 MD=0.310] | Lp=4.20 | n_eval=8
[Gen  23 | FE= 284/ 300] p_err=0.331 | 指标=I_eps+ | score=2(极优) | Pw=[SDE=0.345 I+=0.345 MD=0.310] | Lp=2.40 | n_eval=8
[Gen  23 | FE= 284/ 300] p_err=0.196 | 指标=MD     | score=2(极优) | Pw=[SDE=0.340 I+=0.340 MD=0.319] | Lp=2.40 | n_eval=8
[Gen  23 | FE= 284/ 300] p_err=0.254 | 指标=SDE    | score=2(极优) | Pw=[SDE=0.333 I+=0.333 MD=0.333] | Lp=3.10 | n_eval=8
[Gen  23 | FE= 284/ 300] p_err=0.236 | 指标=MD     | score=2(极优) | Pw=[SDE=0.318 I+=0.328 MD=0.354] | Lp=4.20 | n_eval=8
[Gen  24 | FE= 292/ 300] p_err=0.255 | 指标=MD     | score=2(极优) | Pw=[SDE=0.333 I+=0.333 MD=0.333] | Lp=3.10 | n_eval=8
[Gen  23 | FE= 284/ 300] p_err=0.247 | 指标=I_eps+ | score=2(极优) | Pw=[SDE=0.333 I+=0.333 MD=0.333] | Lp=3.10 | n_eval=8
[Gen  24 | FE= 292/ 300] p_err=0.337 | 指标=SDE    | score=2(极优) | Pw=[SDE=0.333 I+=0.333 MD=0.333] | Lp=3.10 | n_eval=8
[Gen  24 | FE= 292/ 300] p_err=0.292 | 指标=I_eps+ | score=2(极优) | Pw=[SDE=0.348 I+=0.348 MD=0.304] | Lp=3.10 | n_eval=8
[Gen  24 | FE= 292/ 300] p_err=0.263 | 指标=MD     | score=2(极优) | Pw=[SDE=0.343 I+=0.343 MD=0.314] | Lp=2.40 | n_eval=8
[Gen  24 | FE= 292/ 300] p_err=0.268 | 指标=I_eps+ | score=2(极优) | Pw=[SDE=0.333 I+=0.333 MD=0.333] | Lp=3.10 | n_eval=8
[Gen  24 | FE= 292/ 300] p_err=0.316 | 指标=SDE    | score=2(极优) | Pw=[SDE=0.340 I+=0.340 MD=0.319] | Lp=2.40 | n_eval=8
[Gen  24 | FE= 292/ 300] p_err=0.321 | 指标=SDE    | score=1(中  ) | Pw=[SDE=0.302 I+=0.336 MD=0.362] | Lp=4.20 | n_eval=8
[Gen  25 | FE= 300/ 300] p_err=0.247 | 指标=MD     | score=2(极优) | Pw=[SDE=0.333 I+=0.333 MD=0.333] | Lp=3.10 | n_eval=8
[Gen  25 | FE= 300/ 300] p_err=0.309 | 指标=I_eps+ | score=2(极优) | Pw=[SDE=0.348 I+=0.348 MD=0.304] | Lp=3.10 | n_eval=8
[Gen  24 | FE= 292/ 300] p_err=0.157 | 指标=MD     | score=2(极优) | Pw=[SDE=0.333 I+=0.333 MD=0.333] | Lp=3.10 | n_eval=8
[Gen  25 | FE= 300/ 300] p_err=0.206 | 指标=I_eps+ | score=2(极优) | Pw=[SDE=0.333 I+=0.333 MD=0.333] | Lp=3.10 | n_eval=8
[Gen  25 | FE= 300/ 300] p_err=0.319 | 指标=MD     | score=2(极优) | Pw=[SDE=0.341 I+=0.341 MD=0.317] | Lp=2.40 | n_eval=8
[Gen  25 | FE= 300/ 300] p_err=0.189 | 指标=MD     | score=2(极优) | Pw=[SDE=0.333 I+=0.333 MD=0.333] | Lp=3.10 | n_eval=8
[Gen  25 | FE= 300/ 300] p_err=0.338 | 指标=I_eps+ | score=2(极优) | Pw=[SDE=0.302 I+=0.336 MD=0.362] | Lp=3.10 | n_eval=8
[Gen  25 | FE= 300/ 300] p_err=0.244 | 指标=I_eps+ | score=2(极优) | Pw=[SDE=0.341 I+=0.341 MD=0.317] | Lp=2.40 | n_eval=8
[Gen   1 | FE= 108/ 300] p_err=0.209 | 指标=MD     | score=2(极优) | Pw=[SDE=0.333 I+=0.333 MD=0.333] | Lp=4.20 | n_eval=8
[Gen   1 | FE= 108/ 300] p_err=0.206 | 指标=SDE    | score=2(极优) | Pw=[SDE=0.333 I+=0.333 MD=0.333] | Lp=3.10 | n_eval=8
[Gen  25 | FE= 300/ 300] p_err=0.280 | 指标=I_eps+ | score=2(极优) | Pw=[SDE=0.333 I+=0.333 MD=0.333] | Lp=3.10 | n_eval=8
[Gen   1 | FE= 108/ 300] p_err=0.227 | 指标=MD     | score=2(极优) | Pw=[SDE=0.333 I+=0.333 MD=0.333] | Lp=4.20 | n_eval=8
[Gen   1 | FE= 108/ 300] p_err=0.208 | 指标=MD     | score=2(极优) | Pw=[SDE=0.333 I+=0.333 MD=0.333] | Lp=6.50 | n_eval=8
[Gen   1 | FE= 108/ 300] p_err=0.215 | 指标=SDE    | score=2(极优) | Pw=[SDE=0.333 I+=0.333 MD=0.333] | Lp=2.40 | n_eval=8
[Gen   1 | FE= 108/ 300] p_err=0.196 | 指标=MD     | score=2(极优) | Pw=[SDE=0.333 I+=0.333 MD=0.333] | Lp=3.10 | n_eval=8
[Gen   1 | FE= 108/ 300] p_err=0.199 | 指标=SDE    | score=2(极优) | Pw=[SDE=0.333 I+=0.333 MD=0.333] | Lp=3.10 | n_eval=8
[Gen   2 | FE= 116/ 300] p_err=0.282 | 指标=SDE    | score=2(极优) | Pw=[SDE=0.333 I+=0.333 MD=0.333] | Lp=4.20 | n_eval=8
[Gen   2 | FE= 116/ 300] p_err=0.186 | 指标=I_eps+ | score=2(极优) | Pw=[SDE=0.333 I+=0.333 MD=0.333] | Lp=3.10 | n_eval=8
[Gen   2 | FE= 116/ 300] p_err=0.175 | 指标=I_eps+ | score=1(中  ) | Pw=[SDE=0.336 I+=0.327 MD=0.336] | Lp=4.20 | n_eval=8
[Gen   2 | FE= 116/ 300] p_err=0.183 | 指标=MD     | score=2(极优) | Pw=[SDE=0.333 I+=0.333 MD=0.333] | Lp=4.20 | n_eval=8
[Gen   2 | FE= 116/ 300] p_err=0.184 | 指标=I_eps+ | score=2(极优) | Pw=[SDE=0.333 I+=0.333 MD=0.333] | Lp=2.40 | n_eval=8
[Gen   2 | FE= 116/ 300] p_err=0.186 | 指标=I_eps+ | score=2(极优) | Pw=[SDE=0.333 I+=0.333 MD=0.333] | Lp=3.10 | n_eval=8
[Gen   3 | FE= 124/ 300] p_err=0.199 | 指标=MD     | score=2(极优) | Pw=[SDE=0.333 I+=0.333 MD=0.333] | Lp=3.10 | n_eval=8
[Gen   2 | FE= 116/ 300] p_err=0.219 | 指标=SDE    | score=2(极优) | Pw=[SDE=0.333 I+=0.333 MD=0.333] | Lp=3.10 | n_eval=8
[Gen   3 | FE= 124/ 300] p_err=0.238 | 指标=SDE    | score=2(极优) | Pw=[SDE=0.333 I+=0.333 MD=0.333] | Lp=3.10 | n_eval=8
[Gen   3 | FE= 124/ 300] p_err=0.233 | 指标=I_eps+ | score=2(极优) | Pw=[SDE=0.336 I+=0.327 MD=0.336] | Lp=4.20 | n_eval=8
[Gen   3 | FE= 124/ 300] p_err=0.208 | 指标=MD     | score=2(极优) | Pw=[SDE=0.333 I+=0.333 MD=0.333] | Lp=4.20 | n_eval=8
[Gen   3 | FE= 124/ 300] p_err=0.203 | 指标=SDE    | score=2(极优) | Pw=[SDE=0.333 I+=0.333 MD=0.333] | Lp=2.40 | n_eval=8
[Gen   3 | FE= 124/ 300] p_err=0.228 | 指标=SDE    | score=2(极优) | Pw=[SDE=0.333 I+=0.333 MD=0.333] | Lp=3.10 | n_eval=8
[Gen   3 | FE= 124/ 300] p_err=0.205 | 指标=MD     | score=2(极优) | Pw=[SDE=0.333 I+=0.333 MD=0.333] | Lp=3.10 | n_eval=8
[Gen   4 | FE= 132/ 300] p_err=0.174 | 指标=MD     | score=2(极优) | Pw=[SDE=0.333 I+=0.333 MD=0.333] | Lp=3.10 | n_eval=8
[Gen   4 | FE= 132/ 300] p_err=0.186 | 指标=MD     | score=2(极优) | Pw=[SDE=0.336 I+=0.327 MD=0.336] | Lp=4.20 | n_eval=8
[Gen   4 | FE= 132/ 300] p_err=0.213 | 指标=I_eps+ | score=2(极优) | Pw=[SDE=0.333 I+=0.333 MD=0.333] | Lp=3.10 | n_eval=8
[Gen   4 | FE= 132/ 300] p_err=0.167 | 指标=MD     | score=2(极优) | Pw=[SDE=0.333 I+=0.333 MD=0.333] | Lp=4.20 | n_eval=8
[Gen   4 | FE= 132/ 300] p_err=0.155 | 指标=MD     | score=2(极优) | Pw=[SDE=0.333 I+=0.333 MD=0.333] | Lp=2.40 | n_eval=8
[Gen   4 | FE= 132/ 300] p_err=0.196 | 指标=SDE    | score=2(极优) | Pw=[SDE=0.333 I+=0.333 MD=0.333] | Lp=3.10 | n_eval=8
[Gen   5 | FE= 140/ 300] p_err=0.224 | 指标=MD     | score=2(极优) | Pw=[SDE=0.333 I+=0.333 MD=0.333] | Lp=3.10 | n_eval=8
[Gen   4 | FE= 132/ 300] p_err=0.188 | 指标=MD     | score=2(极优) | Pw=[SDE=0.333 I+=0.333 MD=0.333] | Lp=3.10 | n_eval=8
[Gen   5 | FE= 140/ 300] p_err=0.170 | 指标=I_eps+ | score=2(极优) | Pw=[SDE=0.336 I+=0.327 MD=0.336] | Lp=4.20 | n_eval=8
[Gen   5 | FE= 140/ 300] p_err=0.184 | 指标=MD     | score=2(极优) | Pw=[SDE=0.333 I+=0.333 MD=0.333] | Lp=3.10 | n_eval=8
[Gen   5 | FE= 140/ 300] p_err=0.226 | 指标=SDE    | score=2(极优) | Pw=[SDE=0.333 I+=0.333 MD=0.333] | Lp=6.50 | n_eval=8
[Gen   5 | FE= 140/ 300] p_err=0.203 | 指标=MD     | score=2(极优) | Pw=[SDE=0.333 I+=0.333 MD=0.333] | Lp=3.10 | n_eval=8
[Gen   5 | FE= 140/ 300] p_err=0.256 | 指标=SDE    | score=2(极优) | Pw=[SDE=0.333 I+=0.333 MD=0.333] | Lp=2.40 | n_eval=8
[Gen   6 | FE= 148/ 300] p_err=0.201 | 指标=MD     | score=2(极优) | Pw=[SDE=0.333 I+=0.333 MD=0.333] | Lp=3.10 | n_eval=8
[Gen   5 | FE= 140/ 300] p_err=0.172 | 指标=MD     | score=2(极优) | Pw=[SDE=0.333 I+=0.333 MD=0.333] | Lp=3.10 | n_eval=8
[Gen   6 | FE= 148/ 300] p_err=0.303 | 指标=SDE    | score=2(极优) | Pw=[SDE=0.337 I+=0.327 MD=0.337] | Lp=4.20 | n_eval=8
[Gen   6 | FE= 148/ 300] p_err=0.209 | 指标=MD     | score=2(极优) | Pw=[SDE=0.333 I+=0.333 MD=0.333] | Lp=3.10 | n_eval=8
[Gen   6 | FE= 148/ 300] p_err=0.277 | 指标=MD     | score=1(中  ) | Pw=[SDE=0.336 I+=0.336 MD=0.327] | Lp=4.20 | n_eval=8
[Gen   6 | FE= 148/ 300] p_err=0.193 | 指标=I_eps+ | score=2(极优) | Pw=[SDE=0.333 I+=0.333 MD=0.333] | Lp=3.10 | n_eval=8
[Gen   7 | FE= 156/ 300] p_err=0.289 | 指标=I_eps+ | score=2(极优) | Pw=[SDE=0.333 I+=0.333 MD=0.333] | Lp=3.10 | n_eval=8
[Gen   6 | FE= 148/ 300] p_err=0.187 | 指标=I_eps+ | score=2(极优) | Pw=[SDE=0.333 I+=0.333 MD=0.333] | Lp=3.10 | n_eval=8
[Gen   6 | FE= 148/ 300] p_err=0.306 | 指标=MD     | score=2(极优) | Pw=[SDE=0.333 I+=0.333 MD=0.333] | Lp=3.10 | n_eval=8
[Gen   7 | FE= 156/ 300] p_err=0.184 | 指标=I_eps+ | score=2(极优) | Pw=[SDE=0.337 I+=0.327 MD=0.337] | Lp=4.20 | n_eval=8
[Gen   7 | FE= 156/ 300] p_err=0.267 | 指标=MD     | score=2(极优) | Pw=[SDE=0.333 I+=0.333 MD=0.333] | Lp=3.10 | n_eval=8
[Gen   7 | FE= 156/ 300] p_err=0.220 | 指标=I_eps+ | score=2(极优) | Pw=[SDE=0.336 I+=0.336 MD=0.327] | Lp=6.50 | n_eval=8
[Gen   8 | FE= 164/ 300] p_err=0.268 | 指标=I_eps+ | score=2(极优) | Pw=[SDE=0.333 I+=0.333 MD=0.333] | Lp=2.40 | n_eval=8
[Gen   7 | FE= 156/ 300] p_err=0.177 | 指标=MD     | score=2(极优) | Pw=[SDE=0.333 I+=0.333 MD=0.333] | Lp=3.10 | n_eval=8
[Gen   7 | FE= 156/ 300] p_err=0.240 | 指标=I_eps+ | score=2(极优) | Pw=[SDE=0.333 I+=0.333 MD=0.333] | Lp=2.40 | n_eval=8
[Gen   7 | FE= 156/ 300] p_err=0.311 | 指标=SDE    | score=2(极优) | Pw=[SDE=0.333 I+=0.333 MD=0.333] | Lp=3.10 | n_eval=8
[Gen   8 | FE= 164/ 300] p_err=0.212 | 指标=MD     | score=2(极优) | Pw=[SDE=0.333 I+=0.333 MD=0.333] | Lp=3.10 | n_eval=8
[Gen   8 | FE= 164/ 300] p_err=0.218 | 指标=SDE    | score=2(极优) | Pw=[SDE=0.337 I+=0.326 MD=0.337] | Lp=4.20 | n_eval=8
[Gen   8 | FE= 164/ 300] p_err=0.242 | 指标=I_eps+ | score=2(极优) | Pw=[SDE=0.337 I+=0.337 MD=0.327] | Lp=6.50 | n_eval=8
[Gen   9 | FE= 172/ 300] p_err=0.378 | 指标=SDE    | score=2(极优) | Pw=[SDE=0.333 I+=0.333 MD=0.333] | Lp=2.40 | n_eval=8
[Gen   8 | FE= 164/ 300] p_err=0.197 | 指标=I_eps+ | score=2(极优) | Pw=[SDE=0.333 I+=0.333 MD=0.333] | Lp=4.20 | n_eval=8
[Gen   8 | FE= 164/ 300] p_err=0.203 | 指标=MD     | score=2(极优) | Pw=[SDE=0.333 I+=0.333 MD=0.333] | Lp=3.10 | n_eval=8
[Gen   8 | FE= 164/ 300] p_err=0.190 | 指标=SDE    | score=2(极优) | Pw=[SDE=0.333 I+=0.333 MD=0.333] | Lp=3.10 | n_eval=8
[Gen   9 | FE= 172/ 300] p_err=0.241 | 指标=SDE    | score=2(极优) | Pw=[SDE=0.333 I+=0.333 MD=0.333] | Lp=3.10 | n_eval=8
[Gen   9 | FE= 172/ 300] p_err=0.221 | 指标=MD     | score=2(极优) | Pw=[SDE=0.337 I+=0.326 MD=0.337] | Lp=4.20 | n_eval=8
[Gen   9 | FE= 172/ 300] p_err=0.225 | 指标=I_eps+ | score=2(极优) | Pw=[SDE=0.337 I+=0.337 MD=0.326] | Lp=6.50 | n_eval=8
[Gen  10 | FE= 180/ 300] p_err=0.221 | 指标=MD     | score=2(极优) | Pw=[SDE=0.333 I+=0.333 MD=0.333] | Lp=2.40 | n_eval=8
[Gen   9 | FE= 172/ 300] p_err=0.235 | 指标=MD     | score=2(极优) | Pw=[SDE=0.333 I+=0.333 MD=0.333] | Lp=4.20 | n_eval=8
[Gen   9 | FE= 172/ 300] p_err=0.247 | 指标=I_eps+ | score=2(极优) | Pw=[SDE=0.333 I+=0.333 MD=0.333] | Lp=3.10 | n_eval=8
[Gen   9 | FE= 172/ 300] p_err=0.209 | 指标=SDE    | score=2(极优) | Pw=[SDE=0.333 I+=0.333 MD=0.333] | Lp=3.10 | n_eval=8
[Gen  10 | FE= 180/ 300] p_err=0.272 | 指标=SDE    | score=2(极优) | Pw=[SDE=0.333 I+=0.333 MD=0.333] | Lp=3.10 | n_eval=8
[Gen  10 | FE= 180/ 300] p_err=0.254 | 指标=MD     | score=2(极优) | Pw=[SDE=0.337 I+=0.325 MD=0.337] | Lp=4.20 | n_eval=8
[Gen  10 | FE= 180/ 300] p_err=0.206 | 指标=I_eps+ | score=2(极优) | Pw=[SDE=0.337 I+=0.337 MD=0.326] | Lp=6.50 | n_eval=8
[Gen  11 | FE= 188/ 300] p_err=0.253 | 指标=I_eps+ | score=2(极优) | Pw=[SDE=0.333 I+=0.333 MD=0.333] | Lp=3.10 | n_eval=8
[Gen  10 | FE= 180/ 300] p_err=0.261 | 指标=I_eps+ | score=2(极优) | Pw=[SDE=0.333 I+=0.333 MD=0.333] | Lp=4.20 | n_eval=8
[Gen  10 | FE= 180/ 300] p_err=0.199 | 指标=MD     | score=2(极优) | Pw=[SDE=0.333 I+=0.333 MD=0.333] | Lp=3.10 | n_eval=8
[Gen  10 | FE= 180/ 300] p_err=0.180 | 指标=MD     | score=2(极优) | Pw=[SDE=0.333 I+=0.333 MD=0.333] | Lp=3.10 | n_eval=8
[Gen  11 | FE= 188/ 300] p_err=0.241 | 指标=MD     | score=2(极优) | Pw=[SDE=0.333 I+=0.333 MD=0.333] | Lp=3.10 | n_eval=8
[Gen  11 | FE= 188/ 300] p_err=0.309 | 指标=I_eps+ | score=2(极优) | Pw=[SDE=0.337 I+=0.337 MD=0.325] | Lp=4.20 | n_eval=8
[Gen  11 | FE= 188/ 300] p_err=0.201 | 指标=SDE    | score=2(极优) | Pw=[SDE=0.338 I+=0.325 MD=0.338] | Lp=4.20 | n_eval=8
[Gen  11 | FE= 188/ 300] p_err=0.237 | 指标=I_eps+ | score=2(极优) | Pw=[SDE=0.333 I+=0.333 MD=0.333] | Lp=4.20 | n_eval=8
[Gen  12 | FE= 196/ 300] p_err=0.313 | 指标=SDE    | score=2(极优) | Pw=[SDE=0.333 I+=0.333 MD=0.333] | Lp=2.40 | n_eval=8
[Gen  11 | FE= 188/ 300] p_err=0.239 | 指标=MD     | score=2(极优) | Pw=[SDE=0.333 I+=0.333 MD=0.333] | Lp=4.20 | n_eval=8
[Gen  11 | FE= 188/ 300] p_err=0.238 | 指标=I_eps+ | score=2(极优) | Pw=[SDE=0.333 I+=0.333 MD=0.333] | Lp=4.20 | n_eval=8
[Gen  12 | FE= 196/ 300] p_err=0.255 | 指标=I_eps+ | score=2(极优) | Pw=[SDE=0.333 I+=0.333 MD=0.333] | Lp=3.10 | n_eval=8
[Gen  12 | FE= 196/ 300] p_err=0.199 | 指标=MD     | score=2(极优) | Pw=[SDE=0.337 I+=0.337 MD=0.325] | Lp=4.20 | n_eval=8
[Gen  12 | FE= 196/ 300] p_err=0.188 | 指标=MD     | score=2(极优) | Pw=[SDE=0.338 I+=0.324 MD=0.338] | Lp=4.20 | n_eval=8
[Gen  12 | FE= 196/ 300] p_err=0.294 | 指标=I_eps+ | score=2(极优) | Pw=[SDE=0.333 I+=0.333 MD=0.333] | Lp=3.10 | n_eval=8
[Gen  13 | FE= 204/ 300] p_err=0.332 | 指标=SDE    | score=2(极优) | Pw=[SDE=0.333 I+=0.333 MD=0.333] | Lp=2.40 | n_eval=8
[Gen  12 | FE= 196/ 300] p_err=0.284 | 指标=MD     | score=2(极优) | Pw=[SDE=0.333 I+=0.333 MD=0.333] | Lp=3.10 | n_eval=8
[Gen  12 | FE= 196/ 300] p_err=0.246 | 指标=SDE    | score=2(极优) | Pw=[SDE=0.333 I+=0.333 MD=0.333] | Lp=6.50 | n_eval=8
[Gen  13 | FE= 204/ 300] p_err=0.180 | 指标=I_eps+ | score=2(极优) | Pw=[SDE=0.333 I+=0.333 MD=0.333] | Lp=3.10 | n_eval=8
[Gen  13 | FE= 204/ 300] p_err=0.252 | 指标=I_eps+ | score=2(极优) | Pw=[SDE=0.338 I+=0.338 MD=0.325] | Lp=4.20 | n_eval=8
[Gen  13 | FE= 204/ 300] p_err=0.236 | 指标=SDE    | score=2(极优) | Pw=[SDE=0.338 I+=0.323 MD=0.338] | Lp=4.20 | n_eval=8
[Gen  13 | FE= 204/ 300] p_err=0.248 | 指标=SDE    | score=2(极优) | Pw=[SDE=0.333 I+=0.333 MD=0.333] | Lp=3.10 | n_eval=8
[Gen  14 | FE= 212/ 300] p_err=0.335 | 指标=SDE    | score=2(极优) | Pw=[SDE=0.333 I+=0.333 MD=0.333] | Lp=3.10 | n_eval=8
[Gen  13 | FE= 204/ 300] p_err=0.214 | 指标=SDE    | score=2(极优) | Pw=[SDE=0.333 I+=0.333 MD=0.333] | Lp=4.20 | n_eval=8
[Gen  13 | FE= 204/ 300] p_err=0.282 | 指标=MD     | score=2(极优) | Pw=[SDE=0.333 I+=0.333 MD=0.333] | Lp=6.50 | n_eval=8
[Gen  14 | FE= 212/ 300] p_err=0.196 | 指标=MD     | score=2(极优) | Pw=[SDE=0.333 I+=0.333 MD=0.333] | Lp=3.10 | n_eval=8
[Gen  14 | FE= 212/ 300] p_err=0.205 | 指标=I_eps+ | score=2(极优) | Pw=[SDE=0.338 I+=0.323 MD=0.338] | Lp=3.10 | n_eval=8
[Gen  14 | FE= 212/ 300] p_err=0.238 | 指标=I_eps+ | score=2(极优) | Pw=[SDE=0.338 I+=0.338 MD=0.324] | Lp=6.50 | n_eval=8
[Gen  14 | FE= 212/ 300] p_err=0.246 | 指标=I_eps+ | score=2(极优) | Pw=[SDE=0.333 I+=0.333 MD=0.333] | Lp=4.20 | n_eval=8
[Gen  15 | FE= 220/ 300] p_err=0.325 | 指标=SDE    | score=2(极优) | Pw=[SDE=0.333 I+=0.333 MD=0.333] | Lp=3.10 | n_eval=8
[Gen  14 | FE= 212/ 300] p_err=0.209 | 指标=MD     | score=2(极优) | Pw=[SDE=0.333 I+=0.333 MD=0.333] | Lp=3.10 | n_eval=8
[Gen  14 | FE= 212/ 300] p_err=0.253 | 指标=I_eps+ | score=2(极优) | Pw=[SDE=0.333 I+=0.333 MD=0.333] | Lp=6.50 | n_eval=8
[Gen  15 | FE= 220/ 300] p_err=0.267 | 指标=I_eps+ | score=2(极优) | Pw=[SDE=0.338 I+=0.323 MD=0.338] | Lp=4.20 | n_eval=8
[Gen  15 | FE= 220/ 300] p_err=0.245 | 指标=MD     | score=2(极优) | Pw=[SDE=0.333 I+=0.333 MD=0.333] | Lp=3.10 | n_eval=8
[Gen  15 | FE= 220/ 300] p_err=0.237 | 指标=I_eps+ | score=2(极优) | Pw=[SDE=0.338 I+=0.338 MD=0.323] | Lp=3.10 | n_eval=8
[Gen  15 | FE= 220/ 300] p_err=0.376 | 指标=SDE    | score=2(极优) | Pw=[SDE=0.333 I+=0.333 MD=0.333] | Lp=4.20 | n_eval=8
[Gen  16 | FE= 228/ 300] p_err=0.289 | 指标=MD     | score=2(极优) | Pw=[SDE=0.333 I+=0.333 MD=0.333] | Lp=3.10 | n_eval=8
[Gen  15 | FE= 220/ 300] p_err=0.161 | 指标=I_eps+ | score=2(极优) | Pw=[SDE=0.333 I+=0.333 MD=0.333] | Lp=4.20 | n_eval=8
[Gen  15 | FE= 220/ 300] p_err=0.244 | 指标=SDE    | score=2(极优) | Pw=[SDE=0.333 I+=0.333 MD=0.333] | Lp=6.50 | n_eval=8
[Gen  16 | FE= 228/ 300] p_err=0.188 | 指标=MD     | score=2(极优) | Pw=[SDE=0.339 I+=0.322 MD=0.339] | Lp=4.20 | n_eval=8
[Gen  16 | FE= 228/ 300] p_err=0.201 | 指标=MD     | score=2(极优) | Pw=[SDE=0.333 I+=0.333 MD=0.333] | Lp=3.10 | n_eval=8
[Gen  16 | FE= 228/ 300] p_err=0.177 | 指标=MD     | score=2(极优) | Pw=[SDE=0.338 I+=0.338 MD=0.323] | Lp=6.50 | n_eval=8
[Gen  16 | FE= 228/ 300] p_err=0.265 | 指标=SDE    | score=2(极优) | Pw=[SDE=0.333 I+=0.333 MD=0.333] | Lp=3.10 | n_eval=8
[Gen  17 | FE= 236/ 300] p_err=0.221 | 指标=MD     | score=2(极优) | Pw=[SDE=0.333 I+=0.333 MD=0.333] | Lp=3.10 | n_eval=8
[Gen  16 | FE= 228/ 300] p_err=0.274 | 指标=SDE    | score=2(极优) | Pw=[SDE=0.333 I+=0.333 MD=0.333] | Lp=4.20 | n_eval=8
[Gen  16 | FE= 228/ 300] p_err=0.282 | 指标=MD     | score=2(极优) | Pw=[SDE=0.333 I+=0.333 MD=0.333] | Lp=6.50 | n_eval=8
[Gen  17 | FE= 236/ 300] p_err=0.246 | 指标=I_eps+ | score=2(极优) | Pw=[SDE=0.339 I+=0.322 MD=0.339] | Lp=4.20 | n_eval=8
[Gen  17 | FE= 236/ 300] p_err=0.258 | 指标=MD     | score=2(极优) | Pw=[SDE=0.333 I+=0.333 MD=0.333] | Lp=3.10 | n_eval=8
[Gen  17 | FE= 236/ 300] p_err=0.198 | 指标=I_eps+ | score=2(极优) | Pw=[SDE=0.339 I+=0.339 MD=0.322] | Lp=6.50 | n_eval=8
[Gen  17 | FE= 236/ 300] p_err=0.339 | 指标=I_eps+ | score=2(极优) | Pw=[SDE=0.333 I+=0.333 MD=0.333] | Lp=3.10 | n_eval=8
[Gen  18 | FE= 244/ 300] p_err=0.149 | 指标=MD     | score=2(极优) | Pw=[SDE=0.333 I+=0.333 MD=0.333] | Lp=3.10 | n_eval=8
[Gen  17 | FE= 236/ 300] p_err=0.287 | 指标=SDE    | score=2(极优) | Pw=[SDE=0.333 I+=0.333 MD=0.333] | Lp=4.20 | n_eval=8
[Gen  17 | FE= 236/ 300] p_err=0.323 | 指标=SDE    | score=2(极优) | Pw=[SDE=0.333 I+=0.333 MD=0.333] | Lp=4.20 | n_eval=8
[Gen  18 | FE= 244/ 300] p_err=0.246 | 指标=MD     | score=2(极优) | Pw=[SDE=0.340 I+=0.321 MD=0.340] | Lp=4.20 | n_eval=8
[Gen  18 | FE= 244/ 300] p_err=0.226 | 指标=SDE    | score=2(极优) | Pw=[SDE=0.333 I+=0.333 MD=0.333] | Lp=3.10 | n_eval=8
[Gen  18 | FE= 244/ 300] p_err=0.377 | 指标=SDE    | score=2(极优) | Pw=[SDE=0.333 I+=0.333 MD=0.333] | Lp=3.10 | n_eval=8
[Gen  18 | FE= 244/ 300] p_err=0.303 | 指标=SDE    | score=2(极优) | Pw=[SDE=0.340 I+=0.340 MD=0.321] | Lp=6.50 | n_eval=8
[Gen  19 | FE= 252/ 300] p_err=0.328 | 指标=I_eps+ | score=2(极优) | Pw=[SDE=0.333 I+=0.333 MD=0.333] | Lp=2.40 | n_eval=8
[Gen  18 | FE= 244/ 300] p_err=0.173 | 指标=I_eps+ | score=2(极优) | Pw=[SDE=0.333 I+=0.333 MD=0.333] | Lp=4.20 | n_eval=8
[Gen  18 | FE= 244/ 300] p_err=0.246 | 指标=I_eps+ | score=2(极优) | Pw=[SDE=0.333 I+=0.333 MD=0.333] | Lp=4.20 | n_eval=8
[Gen  19 | FE= 252/ 300] p_err=0.239 | 指标=I_eps+ | score=2(极优) | Pw=[SDE=0.340 I+=0.321 MD=0.340] | Lp=4.20 | n_eval=8
[Gen  19 | FE= 252/ 300] p_err=0.216 | 指标=I_eps+ | score=2(极优) | Pw=[SDE=0.333 I+=0.333 MD=0.333] | Lp=3.10 | n_eval=8
[Gen  19 | FE= 252/ 300] p_err=0.253 | 指标=SDE    | score=2(极优) | Pw=[SDE=0.333 I+=0.333 MD=0.333] | Lp=2.40 | n_eval=8
[Gen  20 | FE= 260/ 300] p_err=0.273 | 指标=I_eps+ | score=2(极优) | Pw=[SDE=0.333 I+=0.333 MD=0.333] | Lp=3.10 | n_eval=8
[Gen  19 | FE= 252/ 300] p_err=0.224 | 指标=MD     | score=2(极优) | Pw=[SDE=0.340 I+=0.340 MD=0.321] | Lp=6.50 | n_eval=8
[Gen  19 | FE= 252/ 300] p_err=0.177 | 指标=MD     | score=2(极优) | Pw=[SDE=0.333 I+=0.333 MD=0.333] | Lp=4.20 | n_eval=8
[Gen  19 | FE= 252/ 300] p_err=0.293 | 指标=SDE    | score=2(极优) | Pw=[SDE=0.333 I+=0.333 MD=0.333] | Lp=4.20 | n_eval=8
[Gen  20 | FE= 260/ 300] p_err=0.279 | 指标=SDE    | score=2(极优) | Pw=[SDE=0.340 I+=0.319 MD=0.340] | Lp=4.20 | n_eval=8
[Gen  20 | FE= 260/ 300] p_err=0.190 | 指标=SDE    | score=2(极优) | Pw=[SDE=0.333 I+=0.333 MD=0.333] | Lp=3.10 | n_eval=8
[Gen  21 | FE= 268/ 300] p_err=0.404 | 指标=SDE    | score=2(极优) | Pw=[SDE=0.333 I+=0.333 MD=0.333] | Lp=3.10 | n_eval=8
[Gen  20 | FE= 260/ 300] p_err=0.185 | 指标=MD     | score=2(极优) | Pw=[SDE=0.333 I+=0.333 MD=0.333] | Lp=2.40 | n_eval=8
[Gen  20 | FE= 260/ 300] p_err=0.316 | 指标=SDE    | score=2(极优) | Pw=[SDE=0.340 I+=0.340 MD=0.319] | Lp=4.20 | n_eval=8
[Gen  20 | FE= 260/ 300] p_err=0.181 | 指标=MD     | score=2(极优) | Pw=[SDE=0.333 I+=0.333 MD=0.333] | Lp=4.20 | n_eval=8
[Gen  20 | FE= 260/ 300] p_err=0.373 | 指标=SDE    | score=2(极优) | Pw=[SDE=0.333 I+=0.333 MD=0.333] | Lp=4.20 | n_eval=8
[Gen  21 | FE= 268/ 300] p_err=0.138 | 指标=MD     | score=2(极优) | Pw=[SDE=0.340 I+=0.319 MD=0.340] | Lp=4.20 | n_eval=8
[Gen  21 | FE= 268/ 300] p_err=0.287 | 指标=SDE    | score=2(极优) | Pw=[SDE=0.333 I+=0.333 MD=0.333] | Lp=3.10 | n_eval=8
[Gen  21 | FE= 268/ 300] p_err=0.432 | 指标=SDE    | score=2(极优) | Pw=[SDE=0.333 I+=0.333 MD=0.333] | Lp=3.10 | n_eval=8
[Gen  22 | FE= 276/ 300] p_err=0.319 | 指标=I_eps+ | score=2(极优) | Pw=[SDE=0.333 I+=0.333 MD=0.333] | Lp=3.10 | n_eval=8
[Gen  21 | FE= 268/ 300] p_err=0.303 | 指标=MD     | score=2(极优) | Pw=[SDE=0.340 I+=0.340 MD=0.319] | Lp=4.20 | n_eval=8
[Gen  21 | FE= 268/ 300] p_err=0.173 | 指标=MD     | score=2(极优) | Pw=[SDE=0.333 I+=0.333 MD=0.333] | Lp=3.10 | n_eval=8
[Gen  21 | FE= 268/ 300] p_err=0.245 | 指标=I_eps+ | score=2(极优) | Pw=[SDE=0.333 I+=0.333 MD=0.333] | Lp=4.20 | n_eval=8
[Gen  22 | FE= 276/ 300] p_err=0.253 | 指标=I_eps+ | score=2(极优) | Pw=[SDE=0.333 I+=0.333 MD=0.333] | Lp=4.20 | n_eval=8
[Gen  22 | FE= 276/ 300] p_err=0.218 | 指标=I_eps+ | score=2(极优) | Pw=[SDE=0.333 I+=0.333 MD=0.333] | Lp=3.10 | n_eval=8
[Gen  22 | FE= 276/ 300] p_err=0.231 | 指标=MD     | score=2(极优) | Pw=[SDE=0.333 I+=0.333 MD=0.333] | Lp=2.40 | n_eval=8
[Gen  23 | FE= 284/ 300] p_err=0.288 | 指标=I_eps+ | score=2(极优) | Pw=[SDE=0.333 I+=0.333 MD=0.333] | Lp=3.10 | n_eval=8
[Gen  22 | FE= 276/ 300] p_err=0.202 | 指标=I_eps+ | score=2(极优) | Pw=[SDE=0.341 I+=0.341 MD=0.317] | Lp=4.20 | n_eval=8
[Gen  22 | FE= 276/ 300] p_err=0.282 | 指标=SDE    | score=2(极优) | Pw=[SDE=0.333 I+=0.333 MD=0.333] | Lp=3.10 | n_eval=8
[Gen  22 | FE= 276/ 300] p_err=0.309 | 指标=MD     | score=2(极优) | Pw=[SDE=0.333 I+=0.333 MD=0.333] | Lp=4.20 | n_eval=8
[Gen  23 | FE= 284/ 300] p_err=0.380 | 指标=SDE    | score=2(极优) | Pw=[SDE=0.333 I+=0.333 MD=0.333] | Lp=4.20 | n_eval=8
[Gen  23 | FE= 284/ 300] p_err=0.234 | 指标=MD     | score=2(极优) | Pw=[SDE=0.333 I+=0.333 MD=0.333] | Lp=3.10 | n_eval=8
[Gen  23 | FE= 284/ 300] p_err=0.208 | 指标=MD     | score=2(极优) | Pw=[SDE=0.333 I+=0.333 MD=0.333] | Lp=2.40 | n_eval=8
[Gen  24 | FE= 292/ 300] p_err=0.199 | 指标=MD     | score=2(极优) | Pw=[SDE=0.333 I+=0.333 MD=0.333] | Lp=3.10 | n_eval=8
[Gen  23 | FE= 284/ 300] p_err=0.169 | 指标=MD     | score=2(极优) | Pw=[SDE=0.333 I+=0.333 MD=0.333] | Lp=2.40 | n_eval=8
[Gen  23 | FE= 284/ 300] p_err=0.141 | 指标=MD     | score=2(极优) | Pw=[SDE=0.341 I+=0.341 MD=0.317] | Lp=3.10 | n_eval=8
[Gen  24 | FE= 292/ 300] p_err=0.249 | 指标=I_eps+ | score=2(极优) | Pw=[SDE=0.333 I+=0.333 MD=0.333] | Lp=4.20 | n_eval=8
[Gen  23 | FE= 284/ 300] p_err=0.237 | 指标=I_eps+ | score=2(极优) | Pw=[SDE=0.333 I+=0.333 MD=0.333] | Lp=4.20 | n_eval=8
[Gen  24 | FE= 292/ 300] p_err=0.267 | 指标=I_eps+ | score=1(中  ) | Pw=[SDE=0.345 I+=0.310 MD=0.345] | Lp=3.10 | n_eval=8
[Gen  25 | FE= 300/ 300] p_err=0.235 | 指标=MD     | score=2(极优) | Pw=[SDE=0.333 I+=0.333 MD=0.333] | Lp=3.10 | n_eval=8
[Gen  24 | FE= 292/ 300] p_err=0.246 | 指标=I_eps+ | score=2(极优) | Pw=[SDE=0.333 I+=0.333 MD=0.333] | Lp=2.40 | n_eval=8
[Gen  24 | FE= 292/ 300] p_err=0.269 | 指标=SDE    | score=2(极优) | Pw=[SDE=0.333 I+=0.333 MD=0.333] | Lp=2.40 | n_eval=8
[Gen  24 | FE= 292/ 300] p_err=0.209 | 指标=SDE    | score=2(极优) | Pw=[SDE=0.343 I+=0.343 MD=0.314] | Lp=3.10 | n_eval=8
[Gen  25 | FE= 300/ 300] p_err=0.213 | 指标=MD     | score=2(极优) | Pw=[SDE=0.333 I+=0.333 MD=0.333] | Lp=4.20 | n_eval=8
[Gen  24 | FE= 292/ 300] p_err=0.282 | 指标=MD     | score=2(极优) | Pw=[SDE=0.333 I+=0.333 MD=0.333] | Lp=4.20 | n_eval=8
[Gen  25 | FE= 300/ 300] p_err=0.265 | 指标=SDE    | score=2(极优) | Pw=[SDE=0.345 I+=0.310 MD=0.345] | Lp=3.10 | n_eval=8
[Gen  25 | FE= 300/ 300] p_err=0.247 | 指标=SDE    | score=2(极优) | Pw=[SDE=0.333 I+=0.333 MD=0.333] | Lp=2.40 | n_eval=8
[Gen  25 | FE= 300/ 300] p_err=0.190 | 指标=MD     | score=2(极优) | Pw=[SDE=0.341 I+=0.341 MD=0.317] | Lp=3.10 | n_eval=8
[Gen  25 | FE= 300/ 300] p_err=0.266 | 指标=SDE    | score=2(极优) | Pw=[SDE=0.333 I+=0.333 MD=0.333] | Lp=3.10 | n_eval=8
[Gen  25 | FE= 300/ 300] p_err=0.241 | 指标=SDE    | score=2(极优) | Pw=[SDE=0.333 I+=0.333 MD=0.333] | Lp=3.10 | n_eval=8
[Gen   1 | FE= 108/ 300] p_err=0.209 | 指标=MD     | score=1(中  ) | Pw=[SDE=0.336 I+=0.336 MD=0.328] | Lp=3.10 | n_eval=8
[Gen   1 | FE= 108/ 300] p_err=0.224 | 指标=MD     | score=2(极优) | Pw=[SDE=0.333 I+=0.333 MD=0.333] | Lp=2.40 | n_eval=8
[Gen   1 | FE= 108/ 300] p_err=0.278 | 指标=MD     | score=2(极优) | Pw=[SDE=0.333 I+=0.333 MD=0.333] | Lp=2.40 | n_eval=8
[Gen   1 | FE= 108/ 300] p_err=0.216 | 指标=SDE    | score=2(极优) | Pw=[SDE=0.333 I+=0.333 MD=0.333] | Lp=3.10 | n_eval=8
[Gen   1 | FE= 108/ 300] p_err=0.314 | 指标=MD     | score=2(极优) | Pw=[SDE=0.333 I+=0.333 MD=0.333] | Lp=3.10 | n_eval=8
[Gen   1 | FE= 108/ 300] p_err=0.163 | 指标=I_eps+ | score=2(极优) | Pw=[SDE=0.333 I+=0.333 MD=0.333] | Lp=3.10 | n_eval=8
[Gen   1 | FE= 108/ 300] p_err=0.222 | 指标=MD     | score=1(中  ) | Pw=[SDE=0.336 I+=0.336 MD=0.328] | Lp=3.10 | n_eval=8
[Gen   1 | FE= 108/ 300] p_err=0.183 | 指标=MD     | score=2(极优) | Pw=[SDE=0.333 I+=0.333 MD=0.333] | Lp=3.10 | n_eval=8
[Gen   2 | FE= 116/ 300] p_err=0.174 | 指标=I_eps+ | score=2(极优) | Pw=[SDE=0.333 I+=0.333 MD=0.333] | Lp=2.40 | n_eval=8
[Gen   2 | FE= 116/ 300] p_err=0.219 | 指标=MD     | score=2(极优) | Pw=[SDE=0.333 I+=0.333 MD=0.333] | Lp=3.10 | n_eval=8
[Gen   2 | FE= 116/ 300] p_err=0.223 | 指标=I_eps+ | score=2(极优) | Pw=[SDE=0.336 I+=0.336 MD=0.327] | Lp=3.10 | n_eval=8
[Gen   2 | FE= 116/ 300] p_err=0.248 | 指标=MD     | score=2(极优) | Pw=[SDE=0.333 I+=0.333 MD=0.333] | Lp=3.10 | n_eval=8
[Gen   2 | FE= 116/ 300] p_err=0.252 | 指标=MD     | score=2(极优) | Pw=[SDE=0.333 I+=0.333 MD=0.333] | Lp=3.10 | n_eval=8
[Gen   2 | FE= 116/ 300] p_err=0.339 | 指标=SDE    | score=1(中  ) | Pw=[SDE=0.330 I+=0.339 MD=0.330] | Lp=3.10 | n_eval=8
[Gen   2 | FE= 116/ 300] p_err=0.150 | 指标=I_eps+ | score=2(极优) | Pw=[SDE=0.333 I+=0.333 MD=0.333] | Lp=3.10 | n_eval=8
[Gen   2 | FE= 116/ 300] p_err=0.234 | 指标=SDE    | score=2(极优) | Pw=[SDE=0.333 I+=0.333 MD=0.333] | Lp=3.10 | n_eval=8
[Gen   3 | FE= 124/ 300] p_err=0.290 | 指标=I_eps+ | score=2(极优) | Pw=[SDE=0.336 I+=0.336 MD=0.327] | Lp=3.10 | n_eval=8
[Gen   3 | FE= 124/ 300] p_err=0.229 | 指标=MD     | score=2(极优) | Pw=[SDE=0.333 I+=0.333 MD=0.333] | Lp=3.10 | n_eval=8
[Gen   3 | FE= 124/ 300] p_err=0.268 | 指标=MD     | score=1(中  ) | Pw=[SDE=0.336 I+=0.336 MD=0.327] | Lp=3.10 | n_eval=8
[Gen   3 | FE= 124/ 300] p_err=0.235 | 指标=MD     | score=2(极优) | Pw=[SDE=0.333 I+=0.333 MD=0.333] | Lp=3.10 | n_eval=8
[Gen   3 | FE= 124/ 300] p_err=0.227 | 指标=SDE    | score=2(极优) | Pw=[SDE=0.333 I+=0.333 MD=0.333] | Lp=3.10 | n_eval=8
[Gen   3 | FE= 124/ 300] p_err=0.199 | 指标=MD     | score=2(极优) | Pw=[SDE=0.330 I+=0.339 MD=0.331] | Lp=3.10 | n_eval=8
[Gen   3 | FE= 124/ 300] p_err=0.223 | 指标=SDE    | score=2(极优) | Pw=[SDE=0.333 I+=0.333 MD=0.333] | Lp=3.10 | n_eval=8
[Gen   3 | FE= 124/ 300] p_err=0.261 | 指标=SDE    | score=2(极优) | Pw=[SDE=0.333 I+=0.333 MD=0.333] | Lp=3.10 | n_eval=8
[Gen   4 | FE= 132/ 300] p_err=0.180 | 指标=I_eps+ | score=2(极优) | Pw=[SDE=0.337 I+=0.337 MD=0.327] | Lp=3.10 | n_eval=8
[Gen   4 | FE= 132/ 300] p_err=0.254 | 指标=SDE    | score=2(极优) | Pw=[SDE=0.333 I+=0.333 MD=0.333] | Lp=3.10 | n_eval=8
[Gen   4 | FE= 132/ 300] p_err=0.180 | 指标=SDE    | score=2(极优) | Pw=[SDE=0.336 I+=0.336 MD=0.327] | Lp=3.10 | n_eval=8
[Gen   4 | FE= 132/ 300] p_err=0.336 | 指标=SDE    | score=2(极优) | Pw=[SDE=0.333 I+=0.333 MD=0.333] | Lp=2.40 | n_eval=8
[Gen   4 | FE= 132/ 300] p_err=0.199 | 指标=MD     | score=2(极优) | Pw=[SDE=0.333 I+=0.333 MD=0.333] | Lp=3.10 | n_eval=8
[Gen   4 | FE= 132/ 300] p_err=0.229 | 指标=MD     | score=2(极优) | Pw=[SDE=0.333 I+=0.333 MD=0.333] | Lp=3.10 | n_eval=8
[Gen   4 | FE= 132/ 300] p_err=0.182 | 指标=I_eps+ | score=2(极优) | Pw=[SDE=0.330 I+=0.340 MD=0.330] | Lp=3.10 | n_eval=8
[Gen   4 | FE= 132/ 300] p_err=0.205 | 指标=I_eps+ | score=2(极优) | Pw=[SDE=0.333 I+=0.333 MD=0.333] | Lp=3.10 | n_eval=8
[Gen   5 | FE= 140/ 300] p_err=0.159 | 指标=I_eps+ | score=2(极优) | Pw=[SDE=0.337 I+=0.337 MD=0.326] | Lp=3.10 | n_eval=8
[Gen   5 | FE= 140/ 300] p_err=0.253 | 指标=MD     | score=2(极优) | Pw=[SDE=0.333 I+=0.333 MD=0.333] | Lp=3.10 | n_eval=8
[Gen   5 | FE= 140/ 300] p_err=0.217 | 指标=SDE    | score=2(极优) | Pw=[SDE=0.337 I+=0.337 MD=0.327] | Lp=3.10 | n_eval=8
[Gen   5 | FE= 140/ 300] p_err=0.257 | 指标=I_eps+ | score=2(极优) | Pw=[SDE=0.333 I+=0.333 MD=0.333] | Lp=3.10 | n_eval=8
[Gen   5 | FE= 140/ 300] p_err=0.194 | 指标=MD     | score=1(中  ) | Pw=[SDE=0.333 I+=0.343 MD=0.324] | Lp=3.10 | n_eval=8
[Gen   5 | FE= 140/ 300] p_err=0.188 | 指标=MD     | score=2(极优) | Pw=[SDE=0.333 I+=0.333 MD=0.333] | Lp=2.40 | n_eval=8
[Gen   5 | FE= 140/ 300] p_err=0.164 | 指标=I_eps+ | score=2(极优) | Pw=[SDE=0.333 I+=0.333 MD=0.333] | Lp=3.10 | n_eval=8
[Gen   5 | FE= 140/ 300] p_err=0.247 | 指标=SDE    | score=2(极优) | Pw=[SDE=0.333 I+=0.333 MD=0.333] | Lp=3.10 | n_eval=8
[Gen   6 | FE= 148/ 300] p_err=0.119 | 指标=I_eps+ | score=2(极优) | Pw=[SDE=0.337 I+=0.337 MD=0.326] | Lp=3.10 | n_eval=8
[Gen   6 | FE= 148/ 300] p_err=0.248 | 指标=SDE    | score=2(极优) | Pw=[SDE=0.333 I+=0.333 MD=0.333] | Lp=3.10 | n_eval=8
[Gen   6 | FE= 148/ 300] p_err=0.192 | 指标=SDE    | score=2(极优) | Pw=[SDE=0.337 I+=0.337 MD=0.326] | Lp=3.10 | n_eval=8
[Gen   6 | FE= 148/ 300] p_err=0.253 | 指标=SDE    | score=2(极优) | Pw=[SDE=0.333 I+=0.344 MD=0.323] | Lp=3.10 | n_eval=8
[Gen   6 | FE= 148/ 300] p_err=0.213 | 指标=SDE    | score=2(极优) | Pw=[SDE=0.333 I+=0.333 MD=0.333] | Lp=3.10 | n_eval=8
[Gen   6 | FE= 148/ 300] p_err=0.192 | 指标=MD     | score=2(极优) | Pw=[SDE=0.333 I+=0.333 MD=0.333] | Lp=3.10 | n_eval=8
[Gen   6 | FE= 148/ 300] p_err=0.220 | 指标=SDE    | score=2(极优) | Pw=[SDE=0.333 I+=0.333 MD=0.333] | Lp=3.10 | n_eval=8
[Gen   6 | FE= 148/ 300] p_err=0.223 | 指标=SDE    | score=2(极优) | Pw=[SDE=0.333 I+=0.333 MD=0.333] | Lp=3.10 | n_eval=8
[Gen   7 | FE= 156/ 300] p_err=0.208 | 指标=MD     | score=2(极优) | Pw=[SDE=0.337 I+=0.337 MD=0.326] | Lp=3.10 | n_eval=8
[Gen   7 | FE= 156/ 300] p_err=0.167 | 指标=I_eps+ | score=2(极优) | Pw=[SDE=0.337 I+=0.337 MD=0.326] | Lp=3.10 | n_eval=8
[Gen   7 | FE= 156/ 300] p_err=0.291 | 指标=SDE    | score=2(极优) | Pw=[SDE=0.333 I+=0.333 MD=0.333] | Lp=3.10 | n_eval=8
[Gen   7 | FE= 156/ 300] p_err=0.197 | 指标=MD     | score=2(极优) | Pw=[SDE=0.332 I+=0.344 MD=0.324] | Lp=3.10 | n_eval=8
[Gen   7 | FE= 156/ 300] p_err=0.186 | 指标=I_eps+ | score=2(极优) | Pw=[SDE=0.333 I+=0.333 MD=0.333] | Lp=3.10 | n_eval=8
[Gen   7 | FE= 156/ 300] p_err=0.207 | 指标=SDE    | score=1(中  ) | Pw=[SDE=0.326 I+=0.337 MD=0.337] | Lp=3.10 | n_eval=8
[Gen   7 | FE= 156/ 300] p_err=0.226 | 指标=SDE    | score=2(极优) | Pw=[SDE=0.333 I+=0.333 MD=0.333] | Lp=3.10 | n_eval=8
[Gen   7 | FE= 156/ 300] p_err=0.118 | 指标=MD     | score=2(极优) | Pw=[SDE=0.333 I+=0.333 MD=0.333] | Lp=3.10 | n_eval=8
[Gen   8 | FE= 164/ 300] p_err=0.226 | 指标=MD     | score=2(极优) | Pw=[SDE=0.337 I+=0.337 MD=0.326] | Lp=3.10 | n_eval=8
[Gen   8 | FE= 164/ 300] p_err=0.251 | 指标=MD     | score=2(极优) | Pw=[SDE=0.337 I+=0.337 MD=0.326] | Lp=3.10 | n_eval=8
[Gen   8 | FE= 164/ 300] p_err=0.240 | 指标=SDE    | score=2(极优) | Pw=[SDE=0.333 I+=0.333 MD=0.333] | Lp=2.40 | n_eval=8
[Gen   8 | FE= 164/ 300] p_err=0.199 | 指标=SDE    | score=2(极优) | Pw=[SDE=0.333 I+=0.344 MD=0.323] | Lp=3.10 | n_eval=8
[Gen   8 | FE= 164/ 300] p_err=0.208 | 指标=I_eps+ | score=2(极优) | Pw=[SDE=0.333 I+=0.333 MD=0.333] | Lp=3.10 | n_eval=8
[Gen   8 | FE= 164/ 300] p_err=0.187 | 指标=I_eps+ | score=2(极优) | Pw=[SDE=0.325 I+=0.337 MD=0.337] | Lp=3.10 | n_eval=8
[Gen   8 | FE= 164/ 300] p_err=0.195 | 指标=I_eps+ | score=2(极优) | Pw=[SDE=0.333 I+=0.333 MD=0.333] | Lp=3.10 | n_eval=8
[Gen   8 | FE= 164/ 300] p_err=0.251 | 指标=SDE    | score=2(极优) | Pw=[SDE=0.333 I+=0.333 MD=0.333] | Lp=3.10 | n_eval=8
[Gen   9 | FE= 172/ 300] p_err=0.201 | 指标=SDE    | score=2(极优) | Pw=[SDE=0.337 I+=0.337 MD=0.325] | Lp=3.10 | n_eval=8
[Gen   9 | FE= 172/ 300] p_err=0.115 | 指标=I_eps+ | score=2(极优) | Pw=[SDE=0.337 I+=0.337 MD=0.325] | Lp=3.10 | n_eval=8
[Gen   9 | FE= 172/ 300] p_err=0.356 | 指标=SDE    | score=2(极优) | Pw=[SDE=0.333 I+=0.333 MD=0.333] | Lp=3.10 | n_eval=8
[Gen   9 | FE= 172/ 300] p_err=0.204 | 指标=I_eps+ | score=2(极优) | Pw=[SDE=0.333 I+=0.333 MD=0.333] | Lp=2.40 | n_eval=8
[Gen   9 | FE= 172/ 300] p_err=0.230 | 指标=SDE    | score=2(极优) | Pw=[SDE=0.333 I+=0.345 MD=0.322] | Lp=3.10 | n_eval=8
[Gen   9 | FE= 172/ 300] p_err=0.195 | 指标=I_eps+ | score=2(极优) | Pw=[SDE=0.325 I+=0.338 MD=0.338] | Lp=3.10 | n_eval=8
[Gen   9 | FE= 172/ 300] p_err=0.180 | 指标=I_eps+ | score=2(极优) | Pw=[SDE=0.333 I+=0.333 MD=0.333] | Lp=3.10 | n_eval=8
[Gen   9 | FE= 172/ 300] p_err=0.218 | 指标=SDE    | score=2(极优) | Pw=[SDE=0.333 I+=0.333 MD=0.333] | Lp=3.10 | n_eval=8
[Gen  10 | FE= 180/ 300] p_err=0.150 | 指标=I_eps+ | score=2(极优) | Pw=[SDE=0.338 I+=0.338 MD=0.325] | Lp=3.10 | n_eval=8
[Gen  10 | FE= 180/ 300] p_err=0.225 | 指标=SDE    | score=2(极优) | Pw=[SDE=0.338 I+=0.338 MD=0.325] | Lp=3.10 | n_eval=8
[Gen  10 | FE= 180/ 300] p_err=0.168 | 指标=I_eps+ | score=2(极优) | Pw=[SDE=0.333 I+=0.333 MD=0.333] | Lp=3.10 | n_eval=8
[Gen  10 | FE= 180/ 300] p_err=0.195 | 指标=MD     | score=1(中  ) | Pw=[SDE=0.337 I+=0.337 MD=0.326] | Lp=2.40 | n_eval=8
[Gen  10 | FE= 180/ 300] p_err=0.169 | 指标=I_eps+ | score=2(极优) | Pw=[SDE=0.333 I+=0.346 MD=0.321] | Lp=3.10 | n_eval=8
[Gen  10 | FE= 180/ 300] p_err=0.195 | 指标=I_eps+ | score=2(极优) | Pw=[SDE=0.324 I+=0.338 MD=0.338] | Lp=3.10 | n_eval=8
[Gen  10 | FE= 180/ 300] p_err=0.229 | 指标=MD     | score=2(极优) | Pw=[SDE=0.333 I+=0.333 MD=0.333] | Lp=3.10 | n_eval=8
[Gen  10 | FE= 180/ 300] p_err=0.194 | 指标=I_eps+ | score=2(极优) | Pw=[SDE=0.333 I+=0.333 MD=0.333] | Lp=3.10 | n_eval=8
[Gen  11 | FE= 188/ 300] p_err=0.099 | 指标=I_eps+ | score=2(极优) | Pw=[SDE=0.338 I+=0.338 MD=0.324] | Lp=3.10 | n_eval=8
[Gen  11 | FE= 188/ 300] p_err=0.213 | 指标=SDE    | score=2(极优) | Pw=[SDE=0.338 I+=0.338 MD=0.324] | Lp=2.40 | n_eval=8
[Gen  11 | FE= 188/ 300] p_err=0.174 | 指标=MD     | score=1(中  ) | Pw=[SDE=0.341 I+=0.341 MD=0.318] | Lp=2.40 | n_eval=8
[Gen  11 | FE= 188/ 300] p_err=0.200 | 指标=MD     | score=2(极优) | Pw=[SDE=0.333 I+=0.333 MD=0.333] | Lp=3.10 | n_eval=8
[Gen  11 | FE= 188/ 300] p_err=0.192 | 指标=SDE    | score=2(极优) | Pw=[SDE=0.334 I+=0.346 MD=0.320] | Lp=3.10 | n_eval=8
[Gen  11 | FE= 188/ 300] p_err=0.212 | 指标=MD     | score=2(极优) | Pw=[SDE=0.323 I+=0.338 MD=0.338] | Lp=3.10 | n_eval=8
[Gen  11 | FE= 188/ 300] p_err=0.180 | 指标=I_eps+ | score=2(极优) | Pw=[SDE=0.333 I+=0.333 MD=0.333] | Lp=3.10 | n_eval=8
[Gen  11 | FE= 188/ 300] p_err=0.179 | 指标=MD     | score=2(极优) | Pw=[SDE=0.333 I+=0.333 MD=0.333] | Lp=3.10 | n_eval=8
[Gen  12 | FE= 196/ 300] p_err=0.265 | 指标=SDE    | score=2(极优) | Pw=[SDE=0.338 I+=0.338 MD=0.323] | Lp=3.10 | n_eval=8
[Gen  12 | FE= 196/ 300] p_err=0.222 | 指标=MD     | score=2(极优) | Pw=[SDE=0.338 I+=0.338 MD=0.324] | Lp=2.40 | n_eval=8
[Gen  12 | FE= 196/ 300] p_err=0.204 | 指标=MD     | score=2(极优) | Pw=[SDE=0.341 I+=0.341 MD=0.318] | Lp=2.40 | n_eval=8
[Gen  12 | FE= 196/ 300] p_err=0.186 | 指标=I_eps+ | score=2(极优) | Pw=[SDE=0.333 I+=0.333 MD=0.333] | Lp=3.10 | n_eval=8
[Gen  12 | FE= 196/ 300] p_err=0.222 | 指标=SDE    | score=2(极优) | Pw=[SDE=0.335 I+=0.347 MD=0.318] | Lp=3.10 | n_eval=8
[Gen  12 | FE= 196/ 300] p_err=0.183 | 指标=MD     | score=2(极优) | Pw=[SDE=0.322 I+=0.339 MD=0.339] | Lp=3.10 | n_eval=8
[Gen  12 | FE= 196/ 300] p_err=0.194 | 指标=I_eps+ | score=2(极优) | Pw=[SDE=0.333 I+=0.333 MD=0.333] | Lp=3.10 | n_eval=8
[Gen  12 | FE= 196/ 300] p_err=0.179 | 指标=MD     | score=2(极优) | Pw=[SDE=0.333 I+=0.333 MD=0.333] | Lp=3.10 | n_eval=8
[Gen  13 | FE= 204/ 300] p_err=0.159 | 指标=MD     | score=2(极优) | Pw=[SDE=0.338 I+=0.338 MD=0.323] | Lp=3.10 | n_eval=8
[Gen  13 | FE= 204/ 300] p_err=0.205 | 指标=MD     | score=1(中  ) | Pw=[SDE=0.343 I+=0.343 MD=0.314] | Lp=2.40 | n_eval=8
[Gen  13 | FE= 204/ 300] p_err=0.209 | 指标=I_eps+ | score=2(极优) | Pw=[SDE=0.341 I+=0.341 MD=0.317] | Lp=3.10 | n_eval=8
[Gen  13 | FE= 204/ 300] p_err=0.222 | 指标=MD     | score=2(极优) | Pw=[SDE=0.333 I+=0.333 MD=0.333] | Lp=3.10 | n_eval=8
[Gen  13 | FE= 204/ 300] p_err=0.206 | 指标=SDE    | score=2(极优) | Pw=[SDE=0.336 I+=0.348 MD=0.316] | Lp=3.10 | n_eval=8
[Gen  13 | FE= 204/ 300] p_err=0.187 | 指标=MD     | score=2(极优) | Pw=[SDE=0.321 I+=0.340 MD=0.340] | Lp=2.40 | n_eval=8
[Gen  13 | FE= 204/ 300] p_err=0.184 | 指标=I_eps+ | score=2(极优) | Pw=[SDE=0.333 I+=0.333 MD=0.333] | Lp=3.10 | n_eval=8
[Gen  13 | FE= 204/ 300] p_err=0.183 | 指标=MD     | score=2(极优) | Pw=[SDE=0.333 I+=0.333 MD=0.333] | Lp=3.10 | n_eval=8
[Gen  14 | FE= 212/ 300] p_err=0.238 | 指标=SDE    | score=2(极优) | Pw=[SDE=0.339 I+=0.339 MD=0.322] | Lp=3.10 | n_eval=8
[Gen  14 | FE= 212/ 300] p_err=0.152 | 指标=I_eps+ | score=2(极优) | Pw=[SDE=0.342 I+=0.342 MD=0.316] | Lp=3.10 | n_eval=8
[Gen  14 | FE= 212/ 300] p_err=0.242 | 指标=SDE    | score=2(极优) | Pw=[SDE=0.333 I+=0.333 MD=0.333] | Lp=3.10 | n_eval=8
[Gen  14 | FE= 212/ 300] p_err=0.334 | 指标=SDE    | score=2(极优) | Pw=[SDE=0.344 I+=0.344 MD=0.312] | Lp=2.40 | n_eval=8
[Gen  14 | FE= 212/ 300] p_err=0.182 | 指标=I_eps+ | score=2(极优) | Pw=[SDE=0.336 I+=0.349 MD=0.315] | Lp=3.10 | n_eval=8
[Gen  14 | FE= 212/ 300] p_err=0.374 | 指标=SDE    | score=2(极优) | Pw=[SDE=0.321 I+=0.340 MD=0.340] | Lp=3.10 | n_eval=8
[Gen  14 | FE= 212/ 300] p_err=0.176 | 指标=I_eps+ | score=2(极优) | Pw=[SDE=0.333 I+=0.333 MD=0.333] | Lp=3.10 | n_eval=8
[Gen  14 | FE= 212/ 300] p_err=0.211 | 指标=MD     | score=2(极优) | Pw=[SDE=0.333 I+=0.333 MD=0.333] | Lp=3.10 | n_eval=8
[Gen  15 | FE= 220/ 300] p_err=0.176 | 指标=I_eps+ | score=2(极优) | Pw=[SDE=0.340 I+=0.340 MD=0.321] | Lp=3.10 | n_eval=8
[Gen  15 | FE= 220/ 300] p_err=0.164 | 指标=I_eps+ | score=2(极优) | Pw=[SDE=0.343 I+=0.343 MD=0.314] | Lp=3.10 | n_eval=8
[Gen  15 | FE= 220/ 300] p_err=0.238 | 指标=SDE    | score=2(极优) | Pw=[SDE=0.345 I+=0.345 MD=0.310] | Lp=2.40 | n_eval=8
[Gen  15 | FE= 220/ 300] p_err=0.251 | 指标=SDE    | score=2(极优) | Pw=[SDE=0.333 I+=0.333 MD=0.333] | Lp=3.10 | n_eval=8
[Gen  15 | FE= 220/ 300] p_err=0.193 | 指标=I_eps+ | score=2(极优) | Pw=[SDE=0.337 I+=0.351 MD=0.312] | Lp=3.10 | n_eval=8
[Gen  15 | FE= 220/ 300] p_err=0.331 | 指标=MD     | score=1(中  ) | Pw=[SDE=0.323 I+=0.345 MD=0.332] | Lp=3.10 | n_eval=8
[Gen  15 | FE= 220/ 300] p_err=0.288 | 指标=MD     | score=2(极优) | Pw=[SDE=0.333 I+=0.333 MD=0.333] | Lp=3.10 | n_eval=8
[Gen  15 | FE= 220/ 300] p_err=0.234 | 指标=MD     | score=2(极优) | Pw=[SDE=0.333 I+=0.333 MD=0.333] | Lp=3.10 | n_eval=8
[Gen  16 | FE= 228/ 300] p_err=0.228 | 指标=SDE    | score=2(极优) | Pw=[SDE=0.340 I+=0.340 MD=0.319] | Lp=3.10 | n_eval=8
[Gen  16 | FE= 228/ 300] p_err=0.243 | 指标=I_eps+ | score=2(极优) | Pw=[SDE=0.346 I+=0.346 MD=0.308] | Lp=2.40 | n_eval=8
[Gen  16 | FE= 228/ 300] p_err=0.207 | 指标=SDE    | score=2(极优) | Pw=[SDE=0.344 I+=0.344 MD=0.312] | Lp=2.40 | n_eval=8
[Gen  16 | FE= 228/ 300] p_err=0.214 | 指标=MD     | score=2(极优) | Pw=[SDE=0.333 I+=0.333 MD=0.333] | Lp=3.10 | n_eval=8
[Gen  16 | FE= 228/ 300] p_err=0.188 | 指标=MD     | score=2(极优) | Pw=[SDE=0.336 I+=0.352 MD=0.313] | Lp=3.10 | n_eval=8
[Gen  16 | FE= 228/ 300] p_err=0.239 | 指标=MD     | score=2(极优) | Pw=[SDE=0.333 I+=0.333 MD=0.333] | Lp=3.10 | n_eval=8
[Gen  16 | FE= 228/ 300] p_err=0.201 | 指标=MD     | score=2(极优) | Pw=[SDE=0.321 I+=0.346 MD=0.333] | Lp=3.10 | n_eval=8
[Gen  16 | FE= 228/ 300] p_err=0.227 | 指标=MD     | score=2(极优) | Pw=[SDE=0.333 I+=0.333 MD=0.333] | Lp=3.10 | n_eval=8
[Gen  17 | FE= 236/ 300] p_err=0.205 | 指标=MD     | score=2(极优) | Pw=[SDE=0.340 I+=0.340 MD=0.319] | Lp=3.10 | n_eval=8
[Gen  17 | FE= 236/ 300] p_err=0.248 | 指标=I_eps+ | score=2(极优) | Pw=[SDE=0.348 I+=0.348 MD=0.304] | Lp=2.40 | n_eval=8
[Gen  17 | FE= 236/ 300] p_err=0.173 | 指标=MD     | score=2(极优) | Pw=[SDE=0.344 I+=0.344 MD=0.312] | Lp=2.40 | n_eval=8
[Gen  17 | FE= 236/ 300] p_err=0.267 | 指标=I_eps+ | score=2(极优) | Pw=[SDE=0.333 I+=0.333 MD=0.333] | Lp=3.10 | n_eval=8
[Gen  17 | FE= 236/ 300] p_err=0.228 | 指标=SDE    | score=2(极优) | Pw=[SDE=0.337 I+=0.353 MD=0.309] | Lp=3.10 | n_eval=8
[Gen  17 | FE= 236/ 300] p_err=0.326 | 指标=SDE    | score=2(极优) | Pw=[SDE=0.322 I+=0.346 MD=0.332] | Lp=3.10 | n_eval=8
[Gen  17 | FE= 236/ 300] p_err=0.300 | 指标=SDE    | score=2(极优) | Pw=[SDE=0.333 I+=0.333 MD=0.333] | Lp=3.10 | n_eval=8
[Gen  17 | FE= 236/ 300] p_err=0.195 | 指标=I_eps+ | score=2(极优) | Pw=[SDE=0.333 I+=0.333 MD=0.333] | Lp=3.10 | n_eval=8
[Gen  18 | FE= 244/ 300] p_err=0.133 | 指标=I_eps+ | score=2(极优) | Pw=[SDE=0.341 I+=0.341 MD=0.317] | Lp=3.10 | n_eval=8
[Gen  18 | FE= 244/ 300] p_err=0.202 | 指标=SDE    | score=2(极优) | Pw=[SDE=0.350 I+=0.350 MD=0.300] | Lp=2.40 | n_eval=8
[Gen  18 | FE= 244/ 300] p_err=0.180 | 指标=I_eps+ | score=2(极优) | Pw=[SDE=0.345 I+=0.345 MD=0.310] | Lp=2.40 | n_eval=8
[Gen  18 | FE= 244/ 300] p_err=0.260 | 指标=SDE    | score=2(极优) | Pw=[SDE=0.333 I+=0.333 MD=0.333] | Lp=3.10 | n_eval=8
[Gen  18 | FE= 244/ 300] p_err=0.146 | 指标=I_eps+ | score=2(极优) | Pw=[SDE=0.338 I+=0.356 MD=0.305] | Lp=3.10 | n_eval=8
[Gen  18 | FE= 244/ 300] p_err=0.259 | 指标=I_eps+ | score=2(极优) | Pw=[SDE=0.333 I+=0.333 MD=0.333] | Lp=3.10 | n_eval=8
[Gen  18 | FE= 244/ 300] p_err=0.240 | 指标=SDE    | score=2(极优) | Pw=[SDE=0.322 I+=0.347 MD=0.331] | Lp=2.40 | n_eval=8
[Gen  18 | FE= 244/ 300] p_err=0.248 | 指标=SDE    | score=2(极优) | Pw=[SDE=0.333 I+=0.333 MD=0.333] | Lp=3.10 | n_eval=8
[Gen  19 | FE= 252/ 300] p_err=0.214 | 指标=SDE    | score=2(极优) | Pw=[SDE=0.343 I+=0.343 MD=0.314] | Lp=3.10 | n_eval=8
[Gen  19 | FE= 252/ 300] p_err=0.168 | 指标=MD     | score=2(极优) | Pw=[SDE=0.350 I+=0.350 MD=0.300] | Lp=2.40 | n_eval=8
[Gen  19 | FE= 252/ 300] p_err=0.325 | 指标=MD     | score=2(极优) | Pw=[SDE=0.333 I+=0.333 MD=0.333] | Lp=3.10 | n_eval=8
[Gen  19 | FE= 252/ 300] p_err=0.237 | 指标=SDE    | score=2(极优) | Pw=[SDE=0.346 I+=0.346 MD=0.308] | Lp=2.40 | n_eval=8
[Gen  19 | FE= 252/ 300] p_err=0.135 | 指标=I_eps+ | score=2(极优) | Pw=[SDE=0.340 I+=0.360 MD=0.300] | Lp=3.10 | n_eval=8
[Gen  19 | FE= 252/ 300] p_err=0.185 | 指标=I_eps+ | score=2(极优) | Pw=[SDE=0.320 I+=0.349 MD=0.331] | Lp=3.10 | n_eval=8
[Gen  19 | FE= 252/ 300] p_err=0.292 | 指标=SDE    | score=2(极优) | Pw=[SDE=0.333 I+=0.333 MD=0.333] | Lp=2.40 | n_eval=8
[Gen  19 | FE= 252/ 300] p_err=0.274 | 指标=I_eps+ | score=2(极优) | Pw=[SDE=0.333 I+=0.333 MD=0.333] | Lp=3.10 | n_eval=8
[Gen  20 | FE= 260/ 300] p_err=0.208 | 指标=I_eps+ | score=2(极优) | Pw=[SDE=0.353 I+=0.353 MD=0.294] | Lp=2.40 | n_eval=8
[Gen  20 | FE= 260/ 300] p_err=0.135 | 指标=I_eps+ | score=1(中  ) | Pw=[SDE=0.352 I+=0.330 MD=0.317] | Lp=3.10 | n_eval=8
[Gen  20 | FE= 260/ 300] p_err=0.256 | 指标=SDE    | score=2(极优) | Pw=[SDE=0.333 I+=0.333 MD=0.333] | Lp=3.10 | n_eval=8
[Gen  20 | FE= 260/ 300] p_err=0.259 | 指标=SDE    | score=2(极优) | Pw=[SDE=0.348 I+=0.348 MD=0.304] | Lp=2.40 | n_eval=8
[Gen  20 | FE= 260/ 300] p_err=0.193 | 指标=I_eps+ | score=2(极优) | Pw=[SDE=0.342 I+=0.365 MD=0.292] | Lp=3.10 | n_eval=8
[Gen  20 | FE= 260/ 300] p_err=0.204 | 指标=MD     | score=2(极优) | Pw=[SDE=0.333 I+=0.333 MD=0.333] | Lp=2.40 | n_eval=8
[Gen  20 | FE= 260/ 300] p_err=0.349 | 指标=I_eps+ | score=2(极优) | Pw=[SDE=0.333 I+=0.333 MD=0.333] | Lp=2.40 | n_eval=8
[Gen  20 | FE= 260/ 300] p_err=0.190 | 指标=I_eps+ | score=2(极优) | Pw=[SDE=0.316 I+=0.352 MD=0.332] | Lp=3.10 | n_eval=8
[Gen  21 | FE= 268/ 300] p_err=0.239 | 指标=SDE    | score=2(极优) | Pw=[SDE=0.345 I+=0.345 MD=0.310] | Lp=2.40 | n_eval=8
[Gen  21 | FE= 268/ 300] p_err=0.238 | 指标=SDE    | score=2(极优) | Pw=[SDE=0.356 I+=0.333 MD=0.311] | Lp=3.10 | n_eval=8
[Gen  21 | FE= 268/ 300] p_err=0.240 | 指标=MD     | score=2(极优) | Pw=[SDE=0.333 I+=0.333 MD=0.333] | Lp=3.10 | n_eval=8
[Gen  21 | FE= 268/ 300] p_err=0.228 | 指标=SDE    | score=2(极优) | Pw=[SDE=0.350 I+=0.350 MD=0.300] | Lp=2.40 | n_eval=8
[Gen  21 | FE= 268/ 300] p_err=0.186 | 指标=MD     | score=2(极优) | Pw=[SDE=0.330 I+=0.352 MD=0.317] | Lp=3.10 | n_eval=8
[Gen  21 | FE= 268/ 300] p_err=0.247 | 指标=I_eps+ | score=2(极优) | Pw=[SDE=0.333 I+=0.333 MD=0.333] | Lp=3.10 | n_eval=8
[Gen  21 | FE= 268/ 300] p_err=0.196 | 指标=I_eps+ | score=2(极优) | Pw=[SDE=0.333 I+=0.333 MD=0.333] | Lp=2.40 | n_eval=8
[Gen  21 | FE= 268/ 300] p_err=0.245 | 指标=SDE    | score=2(极优) | Pw=[SDE=0.316 I+=0.352 MD=0.332] | Lp=2.40 | n_eval=8
[Gen  22 | FE= 276/ 300] p_err=0.192 | 指标=I_eps+ | score=2(极优) | Pw=[SDE=0.345 I+=0.345 MD=0.310] | Lp=2.40 | n_eval=8
[Gen  22 | FE= 276/ 300] p_err=0.266 | 指标=MD     | score=2(极优) | Pw=[SDE=0.333 I+=0.333 MD=0.333] | Lp=3.10 | n_eval=8
[Gen  22 | FE= 276/ 300] p_err=0.151 | 指标=I_eps+ | score=2(极优) | Pw=[SDE=0.356 I+=0.333 MD=0.311] | Lp=3.10 | n_eval=8
[Gen  22 | FE= 276/ 300] p_err=0.154 | 指标=I_eps+ | score=2(极优) | Pw=[SDE=0.353 I+=0.353 MD=0.294] | Lp=2.40 | n_eval=8
[Gen  22 | FE= 276/ 300] p_err=0.176 | 指标=I_eps+ | score=2(极优) | Pw=[SDE=0.345 I+=0.345 MD=0.310] | Lp=3.10 | n_eval=8
[Gen  22 | FE= 276/ 300] p_err=0.322 | 指标=SDE    | score=2(极优) | Pw=[SDE=0.333 I+=0.333 MD=0.333] | Lp=3.10 | n_eval=8
[Gen  22 | FE= 276/ 300] p_err=0.184 | 指标=MD     | score=2(极优) | Pw=[SDE=0.333 I+=0.333 MD=0.333] | Lp=2.40 | n_eval=8
[Gen  22 | FE= 276/ 300] p_err=0.176 | 指标=MD     | score=2(极优) | Pw=[SDE=0.316 I+=0.352 MD=0.332] | Lp=2.40 | n_eval=8
[Gen  23 | FE= 284/ 300] p_err=0.288 | 指标=I_eps+ | score=2(极优) | Pw=[SDE=0.345 I+=0.345 MD=0.310] | Lp=2.40 | n_eval=8
[Gen  23 | FE= 284/ 300] p_err=0.324 | 指标=SDE    | score=2(极优) | Pw=[SDE=0.340 I+=0.319 MD=0.340] | Lp=3.10 | n_eval=8
[Gen  23 | FE= 284/ 300] p_err=0.227 | 指标=SDE    | score=2(极优) | Pw=[SDE=0.333 I+=0.333 MD=0.333] | Lp=3.10 | n_eval=8
[Gen  23 | FE= 284/ 300] p_err=0.192 | 指标=I_eps+ | score=2(极优) | Pw=[SDE=0.348 I+=0.348 MD=0.304] | Lp=3.10 | n_eval=8
[Gen  23 | FE= 284/ 300] p_err=0.165 | 指标=MD     | score=2(极优) | Pw=[SDE=0.353 I+=0.353 MD=0.294] | Lp=2.40 | n_eval=8
[Gen  23 | FE= 284/ 300] p_err=0.335 | 指标=MD     | score=2(极优) | Pw=[SDE=0.333 I+=0.333 MD=0.333] | Lp=3.10 | n_eval=8
[Gen  23 | FE= 284/ 300] p_err=0.220 | 指标=I_eps+ | score=2(极优) | Pw=[SDE=0.333 I+=0.333 MD=0.333] | Lp=2.40 | n_eval=8
[Gen  23 | FE= 284/ 300] p_err=0.222 | 指标=MD     | score=2(极优) | Pw=[SDE=0.316 I+=0.352 MD=0.332] | Lp=2.40 | n_eval=8
[Gen  24 | FE= 292/ 300] p_err=0.258 | 指标=SDE    | score=2(极优) | Pw=[SDE=0.345 I+=0.345 MD=0.310] | Lp=2.40 | n_eval=8
[Gen  24 | FE= 292/ 300] p_err=0.145 | 指标=MD     | score=1(中  ) | Pw=[SDE=0.356 I+=0.333 MD=0.311] | Lp=3.10 | n_eval=8
[Gen  24 | FE= 292/ 300] p_err=0.258 | 指标=MD     | score=2(极优) | Pw=[SDE=0.333 I+=0.333 MD=0.333] | Lp=3.10 | n_eval=8
[Gen  24 | FE= 292/ 300] p_err=0.172 | 指标=MD     | score=2(极优) | Pw=[SDE=0.345 I+=0.345 MD=0.310] | Lp=3.10 | n_eval=8
[Gen  24 | FE= 292/ 300] p_err=0.162 | 指标=MD     | score=2(极优) | Pw=[SDE=0.350 I+=0.350 MD=0.300] | Lp=2.40 | n_eval=8
[Gen  24 | FE= 292/ 300] p_err=0.290 | 指标=SDE    | score=2(极优) | Pw=[SDE=0.333 I+=0.333 MD=0.333] | Lp=3.10 | n_eval=8
[Gen  24 | FE= 292/ 300] p_err=0.200 | 指标=MD     | score=2(极优) | Pw=[SDE=0.316 I+=0.352 MD=0.332] | Lp=2.40 | n_eval=8
[Gen  24 | FE= 292/ 300] p_err=0.200 | 指标=I_eps+ | score=2(极优) | Pw=[SDE=0.333 I+=0.333 MD=0.333] | Lp=2.40 | n_eval=8
[Gen  25 | FE= 300/ 300] p_err=0.217 | 指标=SDE    | score=2(极优) | Pw=[SDE=0.345 I+=0.345 MD=0.310] | Lp=2.40 | n_eval=8
[Gen  25 | FE= 300/ 300] p_err=0.142 | 指标=MD     | score=2(极优) | Pw=[SDE=0.352 I+=0.330 MD=0.317] | Lp=3.10 | n_eval=8
[Gen  25 | FE= 300/ 300] p_err=0.229 | 指标=SDE    | score=2(极优) | Pw=[SDE=0.333 I+=0.333 MD=0.333] | Lp=3.10 | n_eval=8
[Gen  25 | FE= 300/ 300] p_err=0.155 | 指标=I_eps+ | score=2(极优) | Pw=[SDE=0.353 I+=0.353 MD=0.294] | Lp=2.40 | n_eval=8
[Gen  25 | FE= 300/ 300] p_err=0.167 | 指标=MD     | score=2(极优) | Pw=[SDE=0.333 I+=0.333 MD=0.333] | Lp=3.10 | n_eval=8
[Gen  25 | FE= 300/ 300] p_err=0.316 | 指标=MD     | score=2(极优) | Pw=[SDE=0.333 I+=0.333 MD=0.333] | Lp=3.10 | n_eval=8
[Gen  25 | FE= 300/ 300] p_err=0.342 | 指标=MD     | score=2(极优) | Pw=[SDE=0.333 I+=0.333 MD=0.333] | Lp=3.10 | n_eval=8
[Gen  25 | FE= 300/ 300] p_err=0.183 | 指标=MD     | score=2(极优) | Pw=[SDE=0.316 I+=0.351 MD=0.333] | Lp=2.40 | n_eval=8
[Gen   1 | FE= 108/ 300] p_err=0.370 | 指标=SDE    | score=2(极优) | Pw=[SDE=0.333 I+=0.333 MD=0.333] | Lp=2.40 | n_eval=8
[Gen   1 | FE= 108/ 300] p_err=0.145 | 指标=I_eps+ | score=2(极优) | Pw=[SDE=0.333 I+=0.333 MD=0.333] | Lp=3.10 | n_eval=8
[Gen   1 | FE= 108/ 300] p_err=0.211 | 指标=I_eps+ | score=2(极优) | Pw=[SDE=0.333 I+=0.333 MD=0.333] | Lp=2.40 | n_eval=8
[Gen   1 | FE= 108/ 300] p_err=0.210 | 指标=SDE    | score=2(极优) | Pw=[SDE=0.333 I+=0.333 MD=0.333] | Lp=2.40 | n_eval=8
[Gen   1 | FE= 108/ 300] p_err=0.190 | 指标=MD     | score=2(极优) | Pw=[SDE=0.333 I+=0.333 MD=0.333] | Lp=2.40 | n_eval=8
[Gen   1 | FE= 108/ 300] p_err=0.235 | 指标=I_eps+ | score=2(极优) | Pw=[SDE=0.333 I+=0.333 MD=0.333] | Lp=2.40 | n_eval=8
[Gen   1 | FE= 108/ 300] p_err=0.222 | 指标=SDE    | score=2(极优) | Pw=[SDE=0.333 I+=0.333 MD=0.333] | Lp=2.40 | n_eval=8
[Gen   2 | FE= 116/ 300] p_err=0.218 | 指标=SDE    | score=2(极优) | Pw=[SDE=0.333 I+=0.333 MD=0.333] | Lp=2.40 | n_eval=8
[Gen   2 | FE= 116/ 300] p_err=0.204 | 指标=MD     | score=1(中  ) | Pw=[SDE=0.336 I+=0.336 MD=0.327] | Lp=3.10 | n_eval=8
[Gen   2 | FE= 116/ 300] p_err=0.234 | 指标=SDE    | score=2(极优) | Pw=[SDE=0.333 I+=0.333 MD=0.333] | Lp=2.40 | n_eval=8
[Gen   2 | FE= 116/ 300] p_err=0.201 | 指标=SDE    | score=2(极优) | Pw=[SDE=0.333 I+=0.333 MD=0.333] | Lp=2.40 | n_eval=8
[Gen   2 | FE= 116/ 300] p_err=0.259 | 指标=MD     | score=2(极优) | Pw=[SDE=0.333 I+=0.333 MD=0.333] | Lp=3.10 | n_eval=8
[Gen   2 | FE= 116/ 300] p_err=0.171 | 指标=I_eps+ | score=2(极优) | Pw=[SDE=0.333 I+=0.333 MD=0.333] | Lp=2.40 | n_eval=8
[Gen   2 | FE= 116/ 300] p_err=0.193 | 指标=I_eps+ | score=2(极优) | Pw=[SDE=0.333 I+=0.333 MD=0.333] | Lp=2.40 | n_eval=8
[Gen   3 | FE= 124/ 300] p_err=0.254 | 指标=SDE    | score=2(极优) | Pw=[SDE=0.333 I+=0.333 MD=0.333] | Lp=2.40 | n_eval=8
[Gen   3 | FE= 124/ 300] p_err=0.169 | 指标=I_eps+ | score=2(极优) | Pw=[SDE=0.336 I+=0.336 MD=0.327] | Lp=3.10 | n_eval=8
[Gen   3 | FE= 124/ 300] p_err=0.356 | 指标=MD     | score=1(中  ) | Pw=[SDE=0.336 I+=0.336 MD=0.327] | Lp=2.40 | n_eval=8
[Gen   3 | FE= 124/ 300] p_err=0.248 | 指标=SDE    | score=1(中  ) | Pw=[SDE=0.328 I+=0.336 MD=0.336] | Lp=2.40 | n_eval=8
[Gen   3 | FE= 124/ 300] p_err=0.159 | 指标=I_eps+ | score=2(极优) | Pw=[SDE=0.333 I+=0.333 MD=0.333] | Lp=3.10 | n_eval=8
[Gen   3 | FE= 124/ 300] p_err=0.304 | 指标=SDE    | score=1(中  ) | Pw=[SDE=0.327 I+=0.336 MD=0.336] | Lp=2.40 | n_eval=8
[Gen   3 | FE= 124/ 300] p_err=0.234 | 指标=MD     | score=2(极优) | Pw=[SDE=0.333 I+=0.333 MD=0.333] | Lp=2.40 | n_eval=8
[Gen   4 | FE= 132/ 300] p_err=0.204 | 指标=MD     | score=2(极优) | Pw=[SDE=0.333 I+=0.333 MD=0.333] | Lp=2.40 | n_eval=8
[Gen   4 | FE= 132/ 300] p_err=0.220 | 指标=SDE    | score=2(极优) | Pw=[SDE=0.337 I+=0.337 MD=0.327] | Lp=3.10 | n_eval=8
[Gen   4 | FE= 132/ 300] p_err=0.212 | 指标=SDE    | score=2(极优) | Pw=[SDE=0.337 I+=0.337 MD=0.327] | Lp=2.40 | n_eval=8
[Gen   4 | FE= 132/ 300] p_err=0.239 | 指标=I_eps+ | score=2(极优) | Pw=[SDE=0.327 I+=0.336 MD=0.336] | Lp=2.40 | n_eval=8
[Gen   4 | FE= 132/ 300] p_err=0.112 | 指标=I_eps+ | score=2(极优) | Pw=[SDE=0.333 I+=0.333 MD=0.333] | Lp=3.10 | n_eval=8
[Gen   4 | FE= 132/ 300] p_err=0.199 | 指标=MD     | score=2(极优) | Pw=[SDE=0.327 I+=0.337 MD=0.337] | Lp=2.40 | n_eval=8
[Gen   4 | FE= 132/ 300] p_err=0.248 | 指标=MD     | score=2(极优) | Pw=[SDE=0.333 I+=0.333 MD=0.333] | Lp=3.10 | n_eval=8
[Gen   5 | FE= 140/ 300] p_err=0.182 | 指标=SDE    | score=2(极优) | Pw=[SDE=0.333 I+=0.333 MD=0.333] | Lp=2.40 | n_eval=8
[Gen   5 | FE= 140/ 300] p_err=0.162 | 指标=I_eps+ | score=2(极优) | Pw=[SDE=0.337 I+=0.337 MD=0.326] | Lp=3.10 | n_eval=8
[Gen   5 | FE= 140/ 300] p_err=0.190 | 指标=MD     | score=2(极优) | Pw=[SDE=0.327 I+=0.336 MD=0.336] | Lp=2.40 | n_eval=8
[Gen   5 | FE= 140/ 300] p_err=0.199 | 指标=SDE    | score=2(极优) | Pw=[SDE=0.337 I+=0.337 MD=0.326] | Lp=3.10 | n_eval=8
[Gen   5 | FE= 140/ 300] p_err=0.222 | 指标=SDE    | score=2(极优) | Pw=[SDE=0.333 I+=0.333 MD=0.333] | Lp=3.10 | n_eval=8
[Gen   5 | FE= 140/ 300] p_err=0.175 | 指标=I_eps+ | score=2(极优) | Pw=[SDE=0.326 I+=0.337 MD=0.337] | Lp=2.40 | n_eval=8
[Gen   5 | FE= 140/ 300] p_err=0.214 | 指标=I_eps+ | score=2(极优) | Pw=[SDE=0.333 I+=0.333 MD=0.333] | Lp=3.10 | n_eval=8
[Gen   6 | FE= 148/ 300] p_err=0.209 | 指标=MD     | score=2(极优) | Pw=[SDE=0.333 I+=0.333 MD=0.333] | Lp=2.40 | n_eval=8
[Gen   6 | FE= 148/ 300] p_err=0.271 | 指标=SDE    | score=2(极优) | Pw=[SDE=0.337 I+=0.337 MD=0.326] | Lp=3.10 | n_eval=8
[Gen   6 | FE= 148/ 300] p_err=0.276 | 指标=SDE    | score=2(极优) | Pw=[SDE=0.327 I+=0.336 MD=0.336] | Lp=2.40 | n_eval=8
[Gen   6 | FE= 148/ 300] p_err=0.122 | 指标=I_eps+ | score=2(极优) | Pw=[SDE=0.337 I+=0.337 MD=0.326] | Lp=3.10 | n_eval=8
[Gen   6 | FE= 148/ 300] p_err=0.208 | 指标=SDE    | score=2(极优) | Pw=[SDE=0.333 I+=0.333 MD=0.333] | Lp=3.10 | n_eval=8
[Gen   6 | FE= 148/ 300] p_err=0.199 | 指标=MD     | score=2(极优) | Pw=[SDE=0.326 I+=0.337 MD=0.337] | Lp=2.40 | n_eval=8
[Gen   6 | FE= 148/ 300] p_err=0.221 | 指标=I_eps+ | score=2(极优) | Pw=[SDE=0.333 I+=0.333 MD=0.333] | Lp=3.10 | n_eval=8
[Gen   7 | FE= 156/ 300] p_err=0.239 | 指标=SDE    | score=2(极优) | Pw=[SDE=0.333 I+=0.333 MD=0.333] | Lp=2.40 | n_eval=8
[Gen   7 | FE= 156/ 300] p_err=0.211 | 指标=SDE    | score=2(极优) | Pw=[SDE=0.337 I+=0.337 MD=0.325] | Lp=3.10 | n_eval=8
[Gen   7 | FE= 156/ 300] p_err=0.176 | 指标=MD     | score=2(极优) | Pw=[SDE=0.327 I+=0.337 MD=0.337] | Lp=2.40 | n_eval=8
[Gen   7 | FE= 156/ 300] p_err=0.326 | 指标=SDE    | score=2(极优) | Pw=[SDE=0.337 I+=0.337 MD=0.325] | Lp=3.10 | n_eval=8
[Gen   7 | FE= 156/ 300] p_err=0.212 | 指标=SDE    | score=2(极优) | Pw=[SDE=0.333 I+=0.333 MD=0.333] | Lp=3.10 | n_eval=8
[Gen   7 | FE= 156/ 300] p_err=0.286 | 指标=SDE    | score=2(极优) | Pw=[SDE=0.326 I+=0.337 MD=0.337] | Lp=3.10 | n_eval=8
[Gen   7 | FE= 156/ 300] p_err=0.194 | 指标=MD     | score=2(极优) | Pw=[SDE=0.333 I+=0.333 MD=0.333] | Lp=3.10 | n_eval=8
[Gen   8 | FE= 164/ 300] p_err=0.316 | 指标=SDE    | score=2(极优) | Pw=[SDE=0.333 I+=0.333 MD=0.333] | Lp=2.40 | n_eval=8
[Gen   8 | FE= 164/ 300] p_err=0.262 | 指标=MD     | score=1(中  ) | Pw=[SDE=0.341 I+=0.341 MD=0.317] | Lp=3.10 | n_eval=8
[Gen   8 | FE= 164/ 300] p_err=0.177 | 指标=MD     | score=2(极优) | Pw=[SDE=0.326 I+=0.337 MD=0.337] | Lp=2.40 | n_eval=8
[Gen   8 | FE= 164/ 300] p_err=0.233 | 指标=MD     | score=1(中  ) | Pw=[SDE=0.341 I+=0.341 MD=0.317] | Lp=3.10 | n_eval=8
[Gen   8 | FE= 164/ 300] p_err=0.173 | 指标=MD     | score=1(中  ) | Pw=[SDE=0.337 I+=0.337 MD=0.326] | Lp=3.10 | n_eval=8
[Gen   8 | FE= 164/ 300] p_err=0.236 | 指标=I_eps+ | score=2(极优) | Pw=[SDE=0.325 I+=0.337 MD=0.337] | Lp=3.10 | n_eval=8
[Gen   8 | FE= 164/ 300] p_err=0.167 | 指标=MD     | score=2(极优) | Pw=[SDE=0.333 I+=0.333 MD=0.333] | Lp=3.10 | n_eval=8
[Gen   9 | FE= 172/ 300] p_err=0.188 | 指标=I_eps+ | score=2(极优) | Pw=[SDE=0.333 I+=0.333 MD=0.333] | Lp=2.40 | n_eval=8
[Gen   9 | FE= 172/ 300] p_err=0.231 | 指标=SDE    | score=2(极优) | Pw=[SDE=0.342 I+=0.342 MD=0.316] | Lp=3.10 | n_eval=8
[Gen   9 | FE= 172/ 300] p_err=0.278 | 指标=SDE    | score=2(极优) | Pw=[SDE=0.326 I+=0.337 MD=0.337] | Lp=2.40 | n_eval=8
[Gen   9 | FE= 172/ 300] p_err=0.193 | 指标=SDE    | score=2(极优) | Pw=[SDE=0.342 I+=0.342 MD=0.316] | Lp=2.40 | n_eval=8
[Gen   9 | FE= 172/ 300] p_err=0.163 | 指标=I_eps+ | score=2(极优) | Pw=[SDE=0.337 I+=0.337 MD=0.325] | Lp=3.10 | n_eval=8
[Gen   9 | FE= 172/ 300] p_err=0.181 | 指标=I_eps+ | score=2(极优) | Pw=[SDE=0.325 I+=0.338 MD=0.338] | Lp=2.40 | n_eval=8
[Gen   9 | FE= 172/ 300] p_err=0.282 | 指标=SDE    | score=2(极优) | Pw=[SDE=0.333 I+=0.333 MD=0.333] | Lp=3.10 | n_eval=8
[Gen  10 | FE= 180/ 300] p_err=0.181 | 指标=MD     | score=2(极优) | Pw=[SDE=0.333 I+=0.333 MD=0.333] | Lp=2.40 | n_eval=8
[Gen  10 | FE= 180/ 300] p_err=0.176 | 指标=SDE    | score=2(极优) | Pw=[SDE=0.343 I+=0.343 MD=0.314] | Lp=3.10 | n_eval=8
[Gen  10 | FE= 180/ 300] p_err=0.184 | 指标=I_eps+ | score=2(极优) | Pw=[SDE=0.326 I+=0.337 MD=0.337] | Lp=2.40 | n_eval=8
[Gen  10 | FE= 180/ 300] p_err=0.167 | 指标=I_eps+ | score=2(极优) | Pw=[SDE=0.343 I+=0.343 MD=0.314] | Lp=3.10 | n_eval=8
[Gen  10 | FE= 180/ 300] p_err=0.230 | 指标=SDE    | score=2(极优) | Pw=[SDE=0.338 I+=0.338 MD=0.325] | Lp=3.10 | n_eval=8
[Gen  10 | FE= 180/ 300] p_err=0.212 | 指标=I_eps+ | score=2(极优) | Pw=[SDE=0.324 I+=0.338 MD=0.338] | Lp=2.40 | n_eval=8
[Gen  10 | FE= 180/ 300] p_err=0.214 | 指标=SDE    | score=2(极优) | Pw=[SDE=0.333 I+=0.333 MD=0.333] | Lp=3.10 | n_eval=8
[Gen  11 | FE= 188/ 300] p_err=0.162 | 指标=MD     | score=2(极优) | Pw=[SDE=0.333 I+=0.333 MD=0.333] | Lp=2.40 | n_eval=8
[Gen  11 | FE= 188/ 300] p_err=0.203 | 指标=SDE    | score=2(极优) | Pw=[SDE=0.344 I+=0.344 MD=0.312] | Lp=3.10 | n_eval=8
[Gen  11 | FE= 188/ 300] p_err=0.254 | 指标=I_eps+ | score=2(极优) | Pw=[SDE=0.325 I+=0.337 MD=0.337] | Lp=3.10 | n_eval=8
[Gen  11 | FE= 188/ 300] p_err=0.153 | 指标=I_eps+ | score=2(极优) | Pw=[SDE=0.344 I+=0.344 MD=0.312] | Lp=3.10 | n_eval=8
[Gen  11 | FE= 188/ 300] p_err=0.207 | 指标=MD     | score=2(极优) | Pw=[SDE=0.338 I+=0.338 MD=0.325] | Lp=3.10 | n_eval=8
[Gen  11 | FE= 188/ 300] p_err=0.171 | 指标=MD     | score=2(极优) | Pw=[SDE=0.323 I+=0.338 MD=0.338] | Lp=3.10 | n_eval=8
[Gen  11 | FE= 188/ 300] p_err=0.225 | 指标=SDE    | score=2(极优) | Pw=[SDE=0.333 I+=0.333 MD=0.333] | Lp=3.10 | n_eval=8
[Gen  12 | FE= 196/ 300] p_err=0.177 | 指标=MD     | score=2(极优) | Pw=[SDE=0.333 I+=0.333 MD=0.333] | Lp=2.40 | n_eval=8
[Gen  12 | FE= 196/ 300] p_err=0.266 | 指标=I_eps+ | score=2(极优) | Pw=[SDE=0.325 I+=0.338 MD=0.338] | Lp=3.10 | n_eval=8
[Gen  12 | FE= 196/ 300] p_err=0.184 | 指标=SDE    | score=2(极优) | Pw=[SDE=0.345 I+=0.345 MD=0.310] | Lp=3.10 | n_eval=8
[Gen  12 | FE= 196/ 300] p_err=0.199 | 指标=MD     | score=2(极优) | Pw=[SDE=0.344 I+=0.344 MD=0.312] | Lp=3.10 | n_eval=8
[Gen  12 | FE= 196/ 300] p_err=0.138 | 指标=I_eps+ | score=2(极优) | Pw=[SDE=0.338 I+=0.338 MD=0.324] | Lp=3.10 | n_eval=8
[Gen  12 | FE= 196/ 300] p_err=0.203 | 指标=MD     | score=2(极优) | Pw=[SDE=0.322 I+=0.339 MD=0.339] | Lp=2.40 | n_eval=8
[Gen  12 | FE= 196/ 300] p_err=0.301 | 指标=SDE    | score=2(极优) | Pw=[SDE=0.333 I+=0.333 MD=0.333] | Lp=3.10 | n_eval=8
[Gen  13 | FE= 204/ 300] p_err=0.202 | 指标=MD     | score=2(极优) | Pw=[SDE=0.333 I+=0.333 MD=0.333] | Lp=2.40 | n_eval=8
[Gen  13 | FE= 204/ 300] p_err=0.179 | 指标=I_eps+ | score=2(极优) | Pw=[SDE=0.324 I+=0.338 MD=0.338] | Lp=3.10 | n_eval=8
[Gen  13 | FE= 204/ 300] p_err=0.146 | 指标=I_eps+ | score=2(极优) | Pw=[SDE=0.346 I+=0.346 MD=0.308] | Lp=3.10 | n_eval=8
[Gen  13 | FE= 204/ 300] p_err=0.189 | 指标=I_eps+ | score=2(极优) | Pw=[SDE=0.338 I+=0.338 MD=0.323] | Lp=3.10 | n_eval=8
[Gen  13 | FE= 204/ 300] p_err=0.153 | 指标=SDE    | score=2(极优) | Pw=[SDE=0.345 I+=0.345 MD=0.310] | Lp=3.10 | n_eval=8
[Gen  13 | FE= 204/ 300] p_err=0.166 | 指标=I_eps+ | score=2(极优) | Pw=[SDE=0.321 I+=0.340 MD=0.340] | Lp=2.40 | n_eval=8
[Gen  13 | FE= 204/ 300] p_err=0.191 | 指标=MD     | score=2(极优) | Pw=[SDE=0.333 I+=0.333 MD=0.333] | Lp=3.10 | n_eval=8
[Gen  14 | FE= 212/ 300] p_err=0.181 | 指标=MD     | score=2(极优) | Pw=[SDE=0.333 I+=0.333 MD=0.333] | Lp=2.40 | n_eval=8
[Gen  14 | FE= 212/ 300] p_err=0.214 | 指标=SDE    | score=2(极优) | Pw=[SDE=0.324 I+=0.338 MD=0.338] | Lp=2.40 | n_eval=8
[Gen  14 | FE= 212/ 300] p_err=0.205 | 指标=MD     | score=2(极优) | Pw=[SDE=0.346 I+=0.346 MD=0.308] | Lp=3.10 | n_eval=8
[Gen  14 | FE= 212/ 300] p_err=0.243 | 指标=I_eps+ | score=2(极优) | Pw=[SDE=0.339 I+=0.339 MD=0.322] | Lp=3.10 | n_eval=8
[Gen  14 | FE= 212/ 300] p_err=0.178 | 指标=I_eps+ | score=2(极优) | Pw=[SDE=0.346 I+=0.346 MD=0.308] | Lp=3.10 | n_eval=8
[Gen  14 | FE= 212/ 300] p_err=0.251 | 指标=SDE    | score=2(极优) | Pw=[SDE=0.321 I+=0.340 MD=0.340] | Lp=3.10 | n_eval=8
[Gen  14 | FE= 212/ 300] p_err=0.165 | 指标=I_eps+ | score=2(极优) | Pw=[SDE=0.333 I+=0.333 MD=0.333] | Lp=3.10 | n_eval=8
[Gen  15 | FE= 220/ 300] p_err=0.200 | 指标=I_eps+ | score=2(极优) | Pw=[SDE=0.333 I+=0.333 MD=0.333] | Lp=2.40 | n_eval=8
[Gen  15 | FE= 220/ 300] p_err=0.116 | 指标=I_eps+ | score=2(极优) | Pw=[SDE=0.348 I+=0.348 MD=0.304] | Lp=3.10 | n_eval=8
[Gen  15 | FE= 220/ 300] p_err=0.157 | 指标=MD     | score=2(极优) | Pw=[SDE=0.323 I+=0.338 MD=0.338] | Lp=2.40 | n_eval=8
[Gen  15 | FE= 220/ 300] p_err=0.204 | 指标=SDE    | score=2(极优) | Pw=[SDE=0.340 I+=0.340 MD=0.321] | Lp=3.10 | n_eval=8
[Gen  15 | FE= 220/ 300] p_err=0.176 | 指标=I_eps+ | score=2(极优) | Pw=[SDE=0.348 I+=0.348 MD=0.304] | Lp=3.10 | n_eval=8
[Gen  15 | FE= 220/ 300] p_err=0.227 | 指标=SDE    | score=2(极优) | Pw=[SDE=0.321 I+=0.340 MD=0.340] | Lp=3.10 | n_eval=8
[Gen  15 | FE= 220/ 300] p_err=0.231 | 指标=SDE    | score=2(极优) | Pw=[SDE=0.333 I+=0.333 MD=0.333] | Lp=3.10 | n_eval=8
[Gen  16 | FE= 228/ 300] p_err=0.241 | 指标=SDE    | score=2(极优) | Pw=[SDE=0.333 I+=0.333 MD=0.333] | Lp=2.40 | n_eval=8
[Gen  16 | FE= 228/ 300] p_err=0.247 | 指标=MD     | score=2(极优) | Pw=[SDE=0.348 I+=0.348 MD=0.304] | Lp=3.10 | n_eval=8
[Gen  16 | FE= 228/ 300] p_err=0.207 | 指标=MD     | score=2(极优) | Pw=[SDE=0.322 I+=0.339 MD=0.339] | Lp=3.10 | n_eval=8
[Gen  16 | FE= 228/ 300] p_err=0.196 | 指标=MD     | score=2(极优) | Pw=[SDE=0.340 I+=0.340 MD=0.321] | Lp=2.40 | n_eval=8
[Gen  16 | FE= 228/ 300] p_err=0.172 | 指标=MD     | score=2(极优) | Pw=[SDE=0.348 I+=0.348 MD=0.304] | Lp=2.40 | n_eval=8
[Gen  16 | FE= 228/ 300] p_err=0.163 | 指标=MD     | score=2(极优) | Pw=[SDE=0.319 I+=0.340 MD=0.340] | Lp=2.40 | n_eval=8
[Gen  16 | FE= 228/ 300] p_err=0.176 | 指标=I_eps+ | score=2(极优) | Pw=[SDE=0.333 I+=0.333 MD=0.333] | Lp=3.10 | n_eval=8
[Gen  17 | FE= 236/ 300] p_err=0.244 | 指标=I_eps+ | score=2(极优) | Pw=[SDE=0.333 I+=0.333 MD=0.333] | Lp=2.40 | n_eval=8
[Gen  17 | FE= 236/ 300] p_err=0.160 | 指标=I_eps+ | score=2(极优) | Pw=[SDE=0.350 I+=0.350 MD=0.300] | Lp=3.10 | n_eval=8
[Gen  17 | FE= 236/ 300] p_err=0.218 | 指标=SDE    | score=2(极优) | Pw=[SDE=0.322 I+=0.339 MD=0.339] | Lp=3.10 | n_eval=8
[Gen  17 | FE= 236/ 300] p_err=0.207 | 指标=I_eps+ | score=2(极优) | Pw=[SDE=0.340 I+=0.340 MD=0.319] | Lp=2.40 | n_eval=8
[Gen  17 | FE= 236/ 300] p_err=0.172 | 指标=MD     | score=2(极优) | Pw=[SDE=0.348 I+=0.348 MD=0.304] | Lp=3.10 | n_eval=8
[Gen  17 | FE= 236/ 300] p_err=0.195 | 指标=MD     | score=2(极优) | Pw=[SDE=0.317 I+=0.341 MD=0.341] | Lp=2.40 | n_eval=8
[Gen  17 | FE= 236/ 300] p_err=0.222 | 指标=I_eps+ | score=2(极优) | Pw=[SDE=0.333 I+=0.333 MD=0.333] | Lp=3.10 | n_eval=8
[Gen  18 | FE= 244/ 300] p_err=0.196 | 指标=I_eps+ | score=2(极优) | Pw=[SDE=0.333 I+=0.333 MD=0.333] | Lp=2.40 | n_eval=8
[Gen  18 | FE= 244/ 300] p_err=0.154 | 指标=I_eps+ | score=2(极优) | Pw=[SDE=0.353 I+=0.353 MD=0.294] | Lp=3.10 | n_eval=8
[Gen  18 | FE= 244/ 300] p_err=0.198 | 指标=SDE    | score=2(极优) | Pw=[SDE=0.322 I+=0.339 MD=0.339] | Lp=3.10 | n_eval=8
[Gen  18 | FE= 244/ 300] p_err=0.265 | 指标=SDE    | score=2(极优) | Pw=[SDE=0.341 I+=0.341 MD=0.317] | Lp=2.40 | n_eval=8
[Gen  18 | FE= 244/ 300] p_err=0.312 | 指标=SDE    | score=2(极优) | Pw=[SDE=0.350 I+=0.350 MD=0.300] | Lp=3.10 | n_eval=8
[Gen  18 | FE= 244/ 300] p_err=0.184 | 指标=SDE    | score=2(极优) | Pw=[SDE=0.317 I+=0.341 MD=0.341] | Lp=2.40 | n_eval=8
[Gen  18 | FE= 244/ 300] p_err=0.163 | 指标=I_eps+ | score=2(极优) | Pw=[SDE=0.333 I+=0.333 MD=0.333] | Lp=3.10 | n_eval=8
[Gen  19 | FE= 252/ 300] p_err=0.416 | 指标=SDE    | score=2(极优) | Pw=[SDE=0.333 I+=0.333 MD=0.333] | Lp=2.40 | n_eval=8
[Gen  19 | FE= 252/ 300] p_err=0.170 | 指标=I_eps+ | score=2(极优) | Pw=[SDE=0.321 I+=0.340 MD=0.340] | Lp=3.10 | n_eval=8
[Gen  19 | FE= 252/ 300] p_err=0.207 | 指标=SDE    | score=2(极优) | Pw=[SDE=0.357 I+=0.357 MD=0.286] | Lp=3.10 | n_eval=8
[Gen  19 | FE= 252/ 300] p_err=0.229 | 指标=I_eps+ | score=2(极优) | Pw=[SDE=0.343 I+=0.343 MD=0.314] | Lp=2.40 | n_eval=8
[Gen  19 | FE= 252/ 300] p_err=0.304 | 指标=SDE    | score=2(极优) | Pw=[SDE=0.353 I+=0.353 MD=0.294] | Lp=3.10 | n_eval=8
[Gen  19 | FE= 252/ 300] p_err=0.328 | 指标=SDE    | score=2(极优) | Pw=[SDE=0.317 I+=0.341 MD=0.341] | Lp=2.40 | n_eval=8
[Gen  19 | FE= 252/ 300] p_err=0.203 | 指标=I_eps+ | score=2(极优) | Pw=[SDE=0.333 I+=0.333 MD=0.333] | Lp=3.10 | n_eval=8
[Gen  20 | FE= 260/ 300] p_err=0.229 | 指标=SDE    | score=2(极优) | Pw=[SDE=0.333 I+=0.333 MD=0.333] | Lp=2.40 | n_eval=8
[Gen  20 | FE= 260/ 300] p_err=0.257 | 指标=SDE    | score=2(极优) | Pw=[SDE=0.364 I+=0.364 MD=0.273] | Lp=3.10 | n_eval=8
[Gen  20 | FE= 260/ 300] p_err=0.187 | 指标=SDE    | score=2(极优) | Pw=[SDE=0.321 I+=0.340 MD=0.340] | Lp=3.10 | n_eval=8
[Gen  20 | FE= 260/ 300] p_err=0.148 | 指标=I_eps+ | score=2(极优) | Pw=[SDE=0.345 I+=0.345 MD=0.310] | Lp=2.40 | n_eval=8
[Gen  20 | FE= 260/ 300] p_err=0.228 | 指标=I_eps+ | score=2(极优) | Pw=[SDE=0.357 I+=0.357 MD=0.286] | Lp=3.10 | n_eval=8
[Gen  20 | FE= 260/ 300] p_err=0.153 | 指标=I_eps+ | score=2(极优) | Pw=[SDE=0.314 I+=0.343 MD=0.343] | Lp=2.40 | n_eval=8
[Gen  20 | FE= 260/ 300] p_err=0.179 | 指标=I_eps+ | score=2(极优) | Pw=[SDE=0.333 I+=0.333 MD=0.333] | Lp=3.10 | n_eval=8
[Gen  21 | FE= 268/ 300] p_err=0.211 | 指标=I_eps+ | score=2(极优) | Pw=[SDE=0.333 I+=0.333 MD=0.333] | Lp=2.40 | n_eval=8
[Gen  21 | FE= 268/ 300] p_err=0.255 | 指标=MD     | score=2(极优) | Pw=[SDE=0.357 I+=0.357 MD=0.286] | Lp=3.10 | n_eval=8
[Gen  21 | FE= 268/ 300] p_err=0.162 | 指标=I_eps+ | score=2(极优) | Pw=[SDE=0.319 I+=0.340 MD=0.340] | Lp=2.40 | n_eval=8
[Gen  21 | FE= 268/ 300] p_err=0.154 | 指标=I_eps+ | score=2(极优) | Pw=[SDE=0.348 I+=0.348 MD=0.304] | Lp=2.40 | n_eval=8
[Gen  21 | FE= 268/ 300] p_err=0.229 | 指标=MD     | score=2(极优) | Pw=[SDE=0.353 I+=0.353 MD=0.294] | Lp=3.10 | n_eval=8
[Gen  21 | FE= 268/ 300] p_err=0.222 | 指标=MD     | score=2(极优) | Pw=[SDE=0.314 I+=0.343 MD=0.343] | Lp=2.40 | n_eval=8
[Gen  21 | FE= 268/ 300] p_err=0.205 | 指标=MD     | score=1(中  ) | Pw=[SDE=0.343 I+=0.343 MD=0.314] | Lp=3.10 | n_eval=8
[Gen  22 | FE= 276/ 300] p_err=0.212 | 指标=SDE    | score=2(极优) | Pw=[SDE=0.333 I+=0.333 MD=0.333] | Lp=2.40 | n_eval=8
[Gen  22 | FE= 276/ 300] p_err=0.150 | 指标=I_eps+ | score=2(极优) | Pw=[SDE=0.348 I+=0.348 MD=0.304] | Lp=3.10 | n_eval=8
[Gen  22 | FE= 276/ 300] p_err=0.168 | 指标=I_eps+ | score=2(极优) | Pw=[SDE=0.317 I+=0.341 MD=0.341] | Lp=2.40 | n_eval=8
[Gen  22 | FE= 276/ 300] p_err=0.176 | 指标=MD     | score=2(极优) | Pw=[SDE=0.348 I+=0.348 MD=0.304] | Lp=2.40 | n_eval=8
[Gen  22 | FE= 276/ 300] p_err=0.223 | 指标=MD     | score=2(极优) | Pw=[SDE=0.314 I+=0.343 MD=0.343] | Lp=2.40 | n_eval=8
[Gen  22 | FE= 276/ 300] p_err=0.249 | 指标=I_eps+ | score=2(极优) | Pw=[SDE=0.353 I+=0.353 MD=0.294] | Lp=3.10 | n_eval=8
[Gen  22 | FE= 276/ 300] p_err=0.194 | 指标=SDE    | score=2(极优) | Pw=[SDE=0.343 I+=0.343 MD=0.314] | Lp=3.10 | n_eval=8
[Gen  23 | FE= 284/ 300] p_err=0.209 | 指标=MD     | score=2(极优) | Pw=[SDE=0.333 I+=0.333 MD=0.333] | Lp=2.40 | n_eval=8
[Gen  23 | FE= 284/ 300] p_err=0.238 | 指标=MD     | score=2(极优) | Pw=[SDE=0.345 I+=0.345 MD=0.310] | Lp=3.10 | n_eval=8
[Gen  23 | FE= 284/ 300] p_err=0.203 | 指标=SDE    | score=2(极优) | Pw=[SDE=0.333 I+=0.333 MD=0.333] | Lp=2.40 | n_eval=8
[Gen  23 | FE= 284/ 300] p_err=0.254 | 指标=SDE    | score=2(极优) | Pw=[SDE=0.348 I+=0.348 MD=0.304] | Lp=2.40 | n_eval=8
[Gen  23 | FE= 284/ 300] p_err=0.176 | 指标=I_eps+ | score=2(极优) | Pw=[SDE=0.333 I+=0.333 MD=0.333] | Lp=2.40 | n_eval=8
[Gen  23 | FE= 284/ 300] p_err=0.260 | 指标=SDE    | score=2(极优) | Pw=[SDE=0.345 I+=0.345 MD=0.310] | Lp=3.10 | n_eval=8
[Gen  23 | FE= 284/ 300] p_err=0.154 | 指标=I_eps+ | score=2(极优) | Pw=[SDE=0.345 I+=0.345 MD=0.310] | Lp=3.10 | n_eval=8
[Gen  24 | FE= 292/ 300] p_err=0.184 | 指标=I_eps+ | score=2(极优) | Pw=[SDE=0.333 I+=0.333 MD=0.333] | Lp=2.40 | n_eval=8
[Gen  24 | FE= 292/ 300] p_err=0.141 | 指标=MD     | score=2(极优) | Pw=[SDE=0.333 I+=0.333 MD=0.333] | Lp=2.40 | n_eval=8
[Gen  24 | FE= 292/ 300] p_err=0.137 | 指标=I_eps+ | score=2(极优) | Pw=[SDE=0.345 I+=0.345 MD=0.310] | Lp=3.10 | n_eval=8
[Gen  24 | FE= 292/ 300] p_err=0.234 | 指标=I_eps+ | score=2(极优) | Pw=[SDE=0.348 I+=0.348 MD=0.304] | Lp=3.10 | n_eval=8
[Gen  24 | FE= 292/ 300] p_err=0.256 | 指标=SDE    | score=2(极优) | Pw=[SDE=0.333 I+=0.333 MD=0.333] | Lp=2.40 | n_eval=8
[Gen  24 | FE= 292/ 300] p_err=0.151 | 指标=MD     | score=2(极优) | Pw=[SDE=0.343 I+=0.343 MD=0.314] | Lp=3.10 | n_eval=8
[Gen  24 | FE= 292/ 300] p_err=0.206 | 指标=MD     | score=2(极优) | Pw=[SDE=0.345 I+=0.345 MD=0.310] | Lp=3.10 | n_eval=8
[Gen  25 | FE= 300/ 300] p_err=0.181 | 指标=I_eps+ | score=2(极优) | Pw=[SDE=0.333 I+=0.333 MD=0.333] | Lp=2.40 | n_eval=8
[Gen  25 | FE= 300/ 300] p_err=0.192 | 指标=SDE    | score=2(极优) | Pw=[SDE=0.345 I+=0.345 MD=0.310] | Lp=3.10 | n_eval=8
[Gen  25 | FE= 300/ 300] p_err=0.180 | 指标=I_eps+ | score=2(极优) | Pw=[SDE=0.333 I+=0.333 MD=0.333] | Lp=2.40 | n_eval=8
[Gen  25 | FE= 300/ 300] p_err=0.153 | 指标=MD     | score=1(中  ) | Pw=[SDE=0.357 I+=0.357 MD=0.286] | Lp=2.40 | n_eval=8
[Gen  25 | FE= 300/ 300] p_err=0.219 | 指标=MD     | score=2(极优) | Pw=[SDE=0.333 I+=0.333 MD=0.333] | Lp=2.40 | n_eval=8
[Gen  25 | FE= 300/ 300] p_err=0.274 | 指标=SDE    | score=2(极优) | Pw=[SDE=0.345 I+=0.345 MD=0.310] | Lp=3.10 | n_eval=8
[Gen  25 | FE= 300/ 300] p_err=0.189 | 指标=MD     | score=2(极优) | Pw=[SDE=0.341 I+=0.341 MD=0.317] | Lp=3.10 | n_eval=8
[Gen   1 | FE= 108/ 300] p_err=0.192 | 指标=SDE    | score=2(极优) | Pw=[SDE=0.333 I+=0.333 MD=0.333] | Lp=2.40 | n_eval=8
[Gen   1 | FE= 108/ 300] p_err=0.164 | 指标=SDE    | score=2(极优) | Pw=[SDE=0.333 I+=0.333 MD=0.333] | Lp=3.10 | n_eval=8
[Gen   1 | FE= 108/ 300] p_err=0.150 | 指标=I_eps+ | score=2(极优) | Pw=[SDE=0.333 I+=0.333 MD=0.333] | Lp=2.40 | n_eval=8
[Gen   1 | FE= 108/ 300] p_err=0.109 | 指标=I_eps+ | score=2(极优) | Pw=[SDE=0.333 I+=0.333 MD=0.333] | Lp=3.10 | n_eval=8
[Gen   1 | FE= 108/ 300] p_err=0.214 | 指标=MD     | score=2(极优) | Pw=[SDE=0.333 I+=0.333 MD=0.333] | Lp=3.10 | n_eval=8
[Gen   1 | FE= 108/ 300] p_err=0.116 | 指标=I_eps+ | score=2(极优) | Pw=[SDE=0.333 I+=0.333 MD=0.333] | Lp=3.10 | n_eval=8
[Gen   1 | FE= 108/ 300] p_err=0.208 | 指标=MD     | score=2(极优) | Pw=[SDE=0.333 I+=0.333 MD=0.333] | Lp=3.10 | n_eval=8
[Gen   1 | FE= 108/ 300] p_err=0.172 | 指标=MD     | score=2(极优) | Pw=[SDE=0.333 I+=0.333 MD=0.333] | Lp=3.10 | n_eval=8
[Gen   2 | FE= 116/ 300] p_err=0.134 | 指标=I_eps+ | score=2(极优) | Pw=[SDE=0.333 I+=0.333 MD=0.333] | Lp=3.10 | n_eval=8
[Gen   2 | FE= 116/ 300] p_err=0.151 | 指标=MD     | score=2(极优) | Pw=[SDE=0.333 I+=0.333 MD=0.333] | Lp=2.40 | n_eval=8
[Gen   2 | FE= 116/ 300] p_err=0.176 | 指标=SDE    | score=2(极优) | Pw=[SDE=0.333 I+=0.333 MD=0.333] | Lp=3.10 | n_eval=8
[Gen   2 | FE= 116/ 300] p_err=0.193 | 指标=MD     | score=1(中  ) | Pw=[SDE=0.336 I+=0.336 MD=0.327] | Lp=3.10 | n_eval=8
[Gen   2 | FE= 116/ 300] p_err=0.143 | 指标=I_eps+ | score=2(极优) | Pw=[SDE=0.333 I+=0.333 MD=0.333] | Lp=3.10 | n_eval=8
[Gen   2 | FE= 116/ 300] p_err=0.203 | 指标=MD     | score=2(极优) | Pw=[SDE=0.333 I+=0.333 MD=0.333] | Lp=3.10 | n_eval=8
[Gen   2 | FE= 116/ 300] p_err=0.201 | 指标=MD     | score=2(极优) | Pw=[SDE=0.333 I+=0.333 MD=0.333] | Lp=3.10 | n_eval=8
[Gen   2 | FE= 116/ 300] p_err=0.184 | 指标=SDE    | score=2(极优) | Pw=[SDE=0.333 I+=0.333 MD=0.333] | Lp=3.10 | n_eval=8
[Gen   3 | FE= 124/ 300] p_err=0.173 | 指标=SDE    | score=2(极优) | Pw=[SDE=0.333 I+=0.333 MD=0.333] | Lp=3.10 | n_eval=8
[Gen   3 | FE= 124/ 300] p_err=0.132 | 指标=MD     | score=2(极优) | Pw=[SDE=0.333 I+=0.333 MD=0.333] | Lp=2.40 | n_eval=8
[Gen   3 | FE= 124/ 300] p_err=0.177 | 指标=SDE    | score=2(极优) | Pw=[SDE=0.336 I+=0.336 MD=0.327] | Lp=3.10 | n_eval=8
[Gen   3 | FE= 124/ 300] p_err=0.194 | 指标=MD     | score=2(极优) | Pw=[SDE=0.333 I+=0.333 MD=0.333] | Lp=3.10 | n_eval=8
[Gen   3 | FE= 124/ 300] p_err=0.173 | 指标=MD     | score=1(中  ) | Pw=[SDE=0.336 I+=0.336 MD=0.328] | Lp=3.10 | n_eval=8
[Gen   3 | FE= 124/ 300] p_err=0.139 | 指标=SDE    | score=2(极优) | Pw=[SDE=0.333 I+=0.333 MD=0.333] | Lp=2.40 | n_eval=8
[Gen   3 | FE= 124/ 300] p_err=0.128 | 指标=I_eps+ | score=2(极优) | Pw=[SDE=0.333 I+=0.333 MD=0.333] | Lp=3.10 | n_eval=8
[Gen   3 | FE= 124/ 300] p_err=0.246 | 指标=MD     | score=2(极优) | Pw=[SDE=0.333 I+=0.333 MD=0.333] | Lp=3.10 | n_eval=8
[Gen   4 | FE= 132/ 300] p_err=0.187 | 指标=I_eps+ | score=2(极优) | Pw=[SDE=0.333 I+=0.333 MD=0.333] | Lp=3.10 | n_eval=8
[Gen   4 | FE= 132/ 300] p_err=0.227 | 指标=SDE    | score=2(极优) | Pw=[SDE=0.333 I+=0.333 MD=0.333] | Lp=3.10 | n_eval=8
[Gen   4 | FE= 132/ 300] p_err=0.160 | 指标=MD     | score=2(极优) | Pw=[SDE=0.336 I+=0.336 MD=0.327] | Lp=3.10 | n_eval=8
[Gen   4 | FE= 132/ 300] p_err=0.171 | 指标=SDE    | score=2(极优) | Pw=[SDE=0.333 I+=0.333 MD=0.333] | Lp=2.40 | n_eval=8
[Gen   4 | FE= 132/ 300] p_err=0.202 | 指标=MD     | score=1(中  ) | Pw=[SDE=0.336 I+=0.336 MD=0.327] | Lp=3.10 | n_eval=8
[Gen   4 | FE= 132/ 300] p_err=0.208 | 指标=MD     | score=2(极优) | Pw=[SDE=0.336 I+=0.336 MD=0.328] | Lp=3.10 | n_eval=8
[Gen   4 | FE= 132/ 300] p_err=0.147 | 指标=I_eps+ | score=2(极优) | Pw=[SDE=0.333 I+=0.333 MD=0.333] | Lp=2.40 | n_eval=8
[Gen   4 | FE= 132/ 300] p_err=0.191 | 指标=I_eps+ | score=2(极优) | Pw=[SDE=0.333 I+=0.333 MD=0.333] | Lp=3.10 | n_eval=8
[Gen   5 | FE= 140/ 300] p_err=0.226 | 指标=MD     | score=2(极优) | Pw=[SDE=0.333 I+=0.333 MD=0.333] | Lp=2.40 | n_eval=8
[Gen   5 | FE= 140/ 300] p_err=0.156 | 指标=I_eps+ | score=2(极优) | Pw=[SDE=0.333 I+=0.333 MD=0.333] | Lp=3.10 | n_eval=8
[Gen   5 | FE= 140/ 300] p_err=0.234 | 指标=MD     | score=2(极优) | Pw=[SDE=0.336 I+=0.336 MD=0.327] | Lp=3.10 | n_eval=8
[Gen   5 | FE= 140/ 300] p_err=0.124 | 指标=I_eps+ | score=2(极优) | Pw=[SDE=0.337 I+=0.337 MD=0.327] | Lp=2.40 | n_eval=8
[Gen   5 | FE= 140/ 300] p_err=0.167 | 指标=SDE    | score=2(极优) | Pw=[SDE=0.333 I+=0.333 MD=0.333] | Lp=2.40 | n_eval=8
[Gen   5 | FE= 140/ 300] p_err=0.166 | 指标=I_eps+ | score=2(极优) | Pw=[SDE=0.333 I+=0.333 MD=0.333] | Lp=2.40 | n_eval=8
[Gen   5 | FE= 140/ 300] p_err=0.167 | 指标=I_eps+ | score=2(极优) | Pw=[SDE=0.336 I+=0.336 MD=0.327] | Lp=3.10 | n_eval=8
[Gen   5 | FE= 140/ 300] p_err=0.192 | 指标=MD     | score=1(中  ) | Pw=[SDE=0.336 I+=0.336 MD=0.327] | Lp=3.10 | n_eval=8
[Gen   6 | FE= 148/ 300] p_err=0.203 | 指标=MD     | score=2(极优) | Pw=[SDE=0.333 I+=0.333 MD=0.333] | Lp=2.40 | n_eval=8
[Gen   6 | FE= 148/ 300] p_err=0.196 | 指标=I_eps+ | score=2(极优) | Pw=[SDE=0.333 I+=0.333 MD=0.333] | Lp=3.10 | n_eval=8
[Gen   6 | FE= 148/ 300] p_err=0.170 | 指标=MD     | score=1(中  ) | Pw=[SDE=0.340 I+=0.340 MD=0.321] | Lp=3.10 | n_eval=8
[Gen   6 | FE= 148/ 300] p_err=0.142 | 指标=I_eps+ | score=2(极优) | Pw=[SDE=0.333 I+=0.333 MD=0.333] | Lp=2.40 | n_eval=8
[Gen   6 | FE= 148/ 300] p_err=0.167 | 指标=MD     | score=2(极优) | Pw=[SDE=0.337 I+=0.337 MD=0.327] | Lp=3.10 | n_eval=8
[Gen   6 | FE= 148/ 300] p_err=0.163 | 指标=MD     | score=2(极优) | Pw=[SDE=0.333 I+=0.333 MD=0.333] | Lp=2.40 | n_eval=8
[Gen   6 | FE= 148/ 300] p_err=0.231 | 指标=SDE    | score=2(极优) | Pw=[SDE=0.337 I+=0.337 MD=0.327] | Lp=3.10 | n_eval=8
[Gen   6 | FE= 148/ 300] p_err=0.237 | 指标=MD     | score=2(极优) | Pw=[SDE=0.336 I+=0.336 MD=0.327] | Lp=3.10 | n_eval=8
[Gen   7 | FE= 156/ 300] p_err=0.259 | 指标=I_eps+ | score=2(极优) | Pw=[SDE=0.333 I+=0.333 MD=0.333] | Lp=3.10 | n_eval=8
[Gen   7 | FE= 156/ 300] p_err=0.265 | 指标=SDE    | score=2(极优) | Pw=[SDE=0.333 I+=0.333 MD=0.333] | Lp=3.10 | n_eval=8
[Gen   7 | FE= 156/ 300] p_err=0.131 | 指标=I_eps+ | score=2(极优) | Pw=[SDE=0.340 I+=0.340 MD=0.320] | Lp=3.10 | n_eval=8
[Gen   7 | FE= 156/ 300] p_err=0.199 | 指标=MD     | score=2(极优) | Pw=[SDE=0.333 I+=0.333 MD=0.333] | Lp=2.40 | n_eval=8
[Gen   7 | FE= 156/ 300] p_err=0.122 | 指标=I_eps+ | score=2(极优) | Pw=[SDE=0.337 I+=0.337 MD=0.326] | Lp=3.10 | n_eval=8
[Gen   7 | FE= 156/ 300] p_err=0.254 | 指标=MD     | score=2(极优) | Pw=[SDE=0.336 I+=0.336 MD=0.327] | Lp=3.10 | n_eval=8
[Gen   7 | FE= 156/ 300] p_err=0.225 | 指标=SDE    | score=2(极优) | Pw=[SDE=0.333 I+=0.333 MD=0.333] | Lp=2.40 | n_eval=8
[Gen   7 | FE= 156/ 300] p_err=0.149 | 指标=MD     | score=2(极优) | Pw=[SDE=0.337 I+=0.337 MD=0.327] | Lp=3.10 | n_eval=8
[Gen   8 | FE= 164/ 300] p_err=0.149 | 指标=I_eps+ | score=2(极优) | Pw=[SDE=0.333 I+=0.333 MD=0.333] | Lp=3.10 | n_eval=8
[Gen   8 | FE= 164/ 300] p_err=0.163 | 指标=MD     | score=2(极优) | Pw=[SDE=0.333 I+=0.333 MD=0.333] | Lp=2.40 | n_eval=8
[Gen   8 | FE= 164/ 300] p_err=0.189 | 指标=SDE    | score=2(极优) | Pw=[SDE=0.340 I+=0.340 MD=0.319] | Lp=3.10 | n_eval=8
[Gen   8 | FE= 164/ 300] p_err=0.186 | 指标=SDE    | score=2(极优) | Pw=[SDE=0.337 I+=0.337 MD=0.326] | Lp=3.10 | n_eval=8
[Gen   8 | FE= 164/ 300] p_err=0.172 | 指标=SDE    | score=2(极优) | Pw=[SDE=0.333 I+=0.333 MD=0.333] | Lp=2.40 | n_eval=8
[Gen   8 | FE= 164/ 300] p_err=0.208 | 指标=MD     | score=2(极优) | Pw=[SDE=0.336 I+=0.336 MD=0.327] | Lp=3.10 | n_eval=8
[Gen   8 | FE= 164/ 300] p_err=0.150 | 指标=MD     | score=2(极优) | Pw=[SDE=0.333 I+=0.333 MD=0.333] | Lp=2.40 | n_eval=8
[Gen   8 | FE= 164/ 300] p_err=0.168 | 指标=SDE    | score=2(极优) | Pw=[SDE=0.337 I+=0.337 MD=0.326] | Lp=3.10 | n_eval=8
[Gen   9 | FE= 172/ 300] p_err=0.225 | 指标=SDE    | score=2(极优) | Pw=[SDE=0.333 I+=0.333 MD=0.333] | Lp=3.10 | n_eval=8
[Gen   9 | FE= 172/ 300] p_err=0.153 | 指标=I_eps+ | score=2(极优) | Pw=[SDE=0.333 I+=0.333 MD=0.333] | Lp=3.10 | n_eval=8
[Gen   9 | FE= 172/ 300] p_err=0.139 | 指标=I_eps+ | score=2(极优) | Pw=[SDE=0.341 I+=0.341 MD=0.318] | Lp=3.10 | n_eval=8
[Gen   9 | FE= 172/ 300] p_err=0.186 | 指标=MD     | score=2(极优) | Pw=[SDE=0.337 I+=0.337 MD=0.326] | Lp=3.10 | n_eval=8
[Gen   9 | FE= 172/ 300] p_err=0.171 | 指标=MD     | score=2(极优) | Pw=[SDE=0.333 I+=0.333 MD=0.333] | Lp=2.40 | n_eval=8
[Gen   9 | FE= 172/ 300] p_err=0.182 | 指标=MD     | score=1(中  ) | Pw=[SDE=0.339 I+=0.339 MD=0.321] | Lp=3.10 | n_eval=8
[Gen   9 | FE= 172/ 300] p_err=0.169 | 指标=SDE    | score=2(极优) | Pw=[SDE=0.333 I+=0.333 MD=0.333] | Lp=2.40 | n_eval=8
[Gen   9 | FE= 172/ 300] p_err=0.193 | 指标=SDE    | score=2(极优) | Pw=[SDE=0.337 I+=0.337 MD=0.326] | Lp=3.10 | n_eval=8
[Gen  10 | FE= 180/ 300] p_err=0.182 | 指标=MD     | score=2(极优) | Pw=[SDE=0.333 I+=0.333 MD=0.333] | Lp=2.40 | n_eval=8
[Gen  10 | FE= 180/ 300] p_err=0.180 | 指标=MD     | score=2(极优) | Pw=[SDE=0.333 I+=0.333 MD=0.333] | Lp=3.10 | n_eval=8
[Gen  10 | FE= 180/ 300] p_err=0.146 | 指标=I_eps+ | score=2(极优) | Pw=[SDE=0.341 I+=0.341 MD=0.317] | Lp=3.10 | n_eval=8
[Gen  10 | FE= 180/ 300] p_err=0.204 | 指标=MD     | score=2(极优) | Pw=[SDE=0.333 I+=0.333 MD=0.333] | Lp=2.40 | n_eval=8
[Gen  10 | FE= 180/ 300] p_err=0.179 | 指标=I_eps+ | score=2(极优) | Pw=[SDE=0.337 I+=0.337 MD=0.325] | Lp=3.10 | n_eval=8
[Gen  10 | FE= 180/ 300] p_err=0.209 | 指标=MD     | score=2(极优) | Pw=[SDE=0.339 I+=0.339 MD=0.321] | Lp=3.10 | n_eval=8
[Gen  10 | FE= 180/ 300] p_err=0.154 | 指标=MD     | score=2(极优) | Pw=[SDE=0.333 I+=0.333 MD=0.333] | Lp=2.40 | n_eval=8
[Gen  10 | FE= 180/ 300] p_err=0.173 | 指标=I_eps+ | score=2(极优) | Pw=[SDE=0.337 I+=0.337 MD=0.325] | Lp=3.10 | n_eval=8
[Gen  11 | FE= 188/ 300] p_err=0.166 | 指标=SDE    | score=2(极优) | Pw=[SDE=0.333 I+=0.333 MD=0.333] | Lp=3.10 | n_eval=8
[Gen  11 | FE= 188/ 300] p_err=0.167 | 指标=I_eps+ | score=2(极优) | Pw=[SDE=0.333 I+=0.333 MD=0.333] | Lp=3.10 | n_eval=8
[Gen  11 | FE= 188/ 300] p_err=0.206 | 指标=SDE    | score=2(极优) | Pw=[SDE=0.342 I+=0.342 MD=0.316] | Lp=4.20 | n_eval=8
[Gen  11 | FE= 188/ 300] p_err=0.190 | 指标=SDE    | score=2(极优) | Pw=[SDE=0.333 I+=0.333 MD=0.333] | Lp=2.40 | n_eval=8
[Gen  11 | FE= 188/ 300] p_err=0.167 | 指标=SDE    | score=2(极优) | Pw=[SDE=0.340 I+=0.340 MD=0.321] | Lp=3.10 | n_eval=8
[Gen  11 | FE= 188/ 300] p_err=0.190 | 指标=SDE    | score=2(极优) | Pw=[SDE=0.338 I+=0.338 MD=0.325] | Lp=2.40 | n_eval=8
[Gen  11 | FE= 188/ 300] p_err=0.184 | 指标=I_eps+ | score=2(极优) | Pw=[SDE=0.333 I+=0.333 MD=0.333] | Lp=3.10 | n_eval=8
[Gen  11 | FE= 188/ 300] p_err=0.183 | 指标=I_eps+ | score=2(极优) | Pw=[SDE=0.338 I+=0.338 MD=0.325] | Lp=3.10 | n_eval=8
[Gen  12 | FE= 196/ 300] p_err=0.180 | 指标=MD     | score=2(极优) | Pw=[SDE=0.333 I+=0.333 MD=0.333] | Lp=2.40 | n_eval=8
[Gen  12 | FE= 196/ 300] p_err=0.167 | 指标=MD     | score=2(极优) | Pw=[SDE=0.333 I+=0.333 MD=0.333] | Lp=3.10 | n_eval=8
[Gen  12 | FE= 196/ 300] p_err=0.186 | 指标=MD     | score=2(极优) | Pw=[SDE=0.342 I+=0.342 MD=0.316] | Lp=4.20 | n_eval=8
[Gen  12 | FE= 196/ 300] p_err=0.183 | 指标=MD     | score=2(极优) | Pw=[SDE=0.333 I+=0.333 MD=0.333] | Lp=3.10 | n_eval=8
[Gen  12 | FE= 196/ 300] p_err=0.216 | 指标=I_eps+ | score=2(极优) | Pw=[SDE=0.340 I+=0.340 MD=0.320] | Lp=3.10 | n_eval=8
[Gen  12 | FE= 196/ 300] p_err=0.189 | 指标=I_eps+ | score=2(极优) | Pw=[SDE=0.338 I+=0.338 MD=0.324] | Lp=2.40 | n_eval=8
[Gen  12 | FE= 196/ 300] p_err=0.202 | 指标=I_eps+ | score=2(极优) | Pw=[SDE=0.333 I+=0.333 MD=0.333] | Lp=2.40 | n_eval=8
[Gen  12 | FE= 196/ 300] p_err=0.195 | 指标=I_eps+ | score=2(极优) | Pw=[SDE=0.338 I+=0.338 MD=0.324] | Lp=3.10 | n_eval=8
[Gen  13 | FE= 204/ 300] p_err=0.174 | 指标=SDE    | score=2(极优) | Pw=[SDE=0.333 I+=0.333 MD=0.333] | Lp=3.10 | n_eval=8
[Gen  13 | FE= 204/ 300] p_err=0.196 | 指标=I_eps+ | score=2(极优) | Pw=[SDE=0.333 I+=0.333 MD=0.333] | Lp=3.10 | n_eval=8
[Gen  13 | FE= 204/ 300] p_err=0.262 | 指标=SDE    | score=2(极优) | Pw=[SDE=0.343 I+=0.343 MD=0.314] | Lp=4.20 | n_eval=8
[Gen  13 | FE= 204/ 300] p_err=0.155 | 指标=MD     | score=2(极优) | Pw=[SDE=0.333 I+=0.333 MD=0.333] | Lp=2.40 | n_eval=8
[Gen  13 | FE= 204/ 300] p_err=0.175 | 指标=I_eps+ | score=2(极优) | Pw=[SDE=0.340 I+=0.340 MD=0.319] | Lp=3.10 | n_eval=8
[Gen  13 | FE= 204/ 300] p_err=0.222 | 指标=I_eps+ | score=2(极优) | Pw=[SDE=0.338 I+=0.338 MD=0.323] | Lp=3.10 | n_eval=8
[Gen  13 | FE= 204/ 300] p_err=0.268 | 指标=I_eps+ | score=2(极优) | Pw=[SDE=0.333 I+=0.333 MD=0.333] | Lp=2.40 | n_eval=8
[Gen  13 | FE= 204/ 300] p_err=0.209 | 指标=MD     | score=1(中  ) | Pw=[SDE=0.343 I+=0.343 MD=0.314] | Lp=3.10 | n_eval=8
[Gen  14 | FE= 212/ 300] p_err=0.208 | 指标=SDE    | score=2(极优) | Pw=[SDE=0.333 I+=0.333 MD=0.333] | Lp=3.10 | n_eval=8
[Gen  14 | FE= 212/ 300] p_err=0.187 | 指标=I_eps+ | score=2(极优) | Pw=[SDE=0.333 I+=0.333 MD=0.333] | Lp=3.10 | n_eval=8
[Gen  14 | FE= 212/ 300] p_err=0.150 | 指标=MD     | score=2(极优) | Pw=[SDE=0.343 I+=0.343 MD=0.314] | Lp=3.10 | n_eval=8
[Gen  14 | FE= 212/ 300] p_err=0.113 | 指标=I_eps+ | score=1(中  ) | Pw=[SDE=0.339 I+=0.322 MD=0.339] | Lp=3.10 | n_eval=8
[Gen  14 | FE= 212/ 300] p_err=0.168 | 指标=I_eps+ | score=2(极优) | Pw=[SDE=0.341 I+=0.341 MD=0.318] | Lp=3.10 | n_eval=8
[Gen  14 | FE= 212/ 300] p_err=0.201 | 指标=SDE    | score=2(极优) | Pw=[SDE=0.339 I+=0.339 MD=0.322] | Lp=2.40 | n_eval=8
[Gen  14 | FE= 212/ 300] p_err=0.165 | 指标=SDE    | score=2(极优) | Pw=[SDE=0.333 I+=0.333 MD=0.333] | Lp=2.40 | n_eval=8
[Gen  14 | FE= 212/ 300] p_err=0.189 | 指标=MD     | score=1(中  ) | Pw=[SDE=0.348 I+=0.348 MD=0.304] | Lp=3.10 | n_eval=8
[Gen  15 | FE= 220/ 300] p_err=0.168 | 指标=MD     | score=2(极优) | Pw=[SDE=0.333 I+=0.333 MD=0.333] | Lp=2.40 | n_eval=8
[Gen  15 | FE= 220/ 300] p_err=0.152 | 指标=MD     | score=2(极优) | Pw=[SDE=0.333 I+=0.333 MD=0.333] | Lp=3.10 | n_eval=8
[Gen  15 | FE= 220/ 300] p_err=0.210 | 指标=MD     | score=2(极优) | Pw=[SDE=0.343 I+=0.343 MD=0.314] | Lp=3.10 | n_eval=8
[Gen  15 | FE= 220/ 300] p_err=0.177 | 指标=SDE    | score=2(极优) | Pw=[SDE=0.340 I+=0.321 MD=0.340] | Lp=3.10 | n_eval=8
[Gen  15 | FE= 220/ 300] p_err=0.351 | 指标=SDE    | score=2(极优) | Pw=[SDE=0.341 I+=0.341 MD=0.317] | Lp=3.10 | n_eval=8
[Gen  15 | FE= 220/ 300] p_err=0.183 | 指标=MD     | score=2(极优) | Pw=[SDE=0.339 I+=0.339 MD=0.322] | Lp=2.40 | n_eval=8
[Gen  15 | FE= 220/ 300] p_err=0.171 | 指标=I_eps+ | score=2(极优) | Pw=[SDE=0.333 I+=0.333 MD=0.333] | Lp=2.40 | n_eval=8
[Gen  15 | FE= 220/ 300] p_err=0.165 | 指标=MD     | score=2(极优) | Pw=[SDE=0.348 I+=0.348 MD=0.304] | Lp=3.10 | n_eval=8
[Gen  16 | FE= 228/ 300] p_err=0.112 | 指标=I_eps+ | score=2(极优) | Pw=[SDE=0.333 I+=0.333 MD=0.333] | Lp=2.40 | n_eval=8
[Gen  16 | FE= 228/ 300] p_err=0.270 | 指标=I_eps+ | score=2(极优) | Pw=[SDE=0.333 I+=0.333 MD=0.333] | Lp=3.10 | n_eval=8
[Gen  16 | FE= 228/ 300] p_err=0.150 | 指标=I_eps+ | score=2(极优) | Pw=[SDE=0.340 I+=0.321 MD=0.340] | Lp=3.10 | n_eval=8
[Gen  16 | FE= 228/ 300] p_err=0.220 | 指标=I_eps+ | score=2(极优) | Pw=[SDE=0.344 I+=0.344 MD=0.312] | Lp=3.10 | n_eval=8
[Gen  16 | FE= 228/ 300] p_err=0.120 | 指标=I_eps+ | score=2(极优) | Pw=[SDE=0.342 I+=0.342 MD=0.316] | Lp=3.10 | n_eval=8
[Gen  16 | FE= 228/ 300] p_err=0.196 | 指标=MD     | score=2(极优) | Pw=[SDE=0.333 I+=0.333 MD=0.333] | Lp=2.40 | n_eval=8
[Gen  16 | FE= 228/ 300] p_err=0.150 | 指标=I_eps+ | score=2(极优) | Pw=[SDE=0.340 I+=0.340 MD=0.321] | Lp=2.40 | n_eval=8
[Gen  16 | FE= 228/ 300] p_err=0.260 | 指标=SDE    | score=2(极优) | Pw=[SDE=0.349 I+=0.349 MD=0.302] | Lp=3.10 | n_eval=8
[Gen  17 | FE= 236/ 300] p_err=0.164 | 指标=SDE    | score=2(极优) | Pw=[SDE=0.333 I+=0.333 MD=0.333] | Lp=3.10 | n_eval=8
[Gen  17 | FE= 236/ 300] p_err=0.176 | 指标=MD     | score=1(中  ) | Pw=[SDE=0.338 I+=0.338 MD=0.323] | Lp=3.10 | n_eval=8
[Gen  17 | FE= 236/ 300] p_err=0.262 | 指标=SDE    | score=2(极优) | Pw=[SDE=0.340 I+=0.319 MD=0.340] | Lp=2.40 | n_eval=8
[Gen  17 | FE= 236/ 300] p_err=0.166 | 指标=MD     | score=2(极优) | Pw=[SDE=0.344 I+=0.344 MD=0.312] | Lp=3.10 | n_eval=8
[Gen  17 | FE= 236/ 300] p_err=0.220 | 指标=MD     | score=2(极优) | Pw=[SDE=0.342 I+=0.342 MD=0.316] | Lp=3.10 | n_eval=8
[Gen  17 | FE= 236/ 300] p_err=0.138 | 指标=MD     | score=2(极优) | Pw=[SDE=0.333 I+=0.333 MD=0.333] | Lp=2.40 | n_eval=8
[Gen  17 | FE= 236/ 300] p_err=0.190 | 指标=SDE    | score=2(极优) | Pw=[SDE=0.340 I+=0.340 MD=0.319] | Lp=2.40 | n_eval=8
[Gen  17 | FE= 236/ 300] p_err=0.187 | 指标=I_eps+ | score=2(极优) | Pw=[SDE=0.351 I+=0.351 MD=0.298] | Lp=3.10 | n_eval=8
[Gen  18 | FE= 244/ 300] p_err=0.209 | 指标=MD     | score=2(极优) | Pw=[SDE=0.333 I+=0.333 MD=0.333] | Lp=3.10 | n_eval=8
[Gen  18 | FE= 244/ 300] p_err=0.218 | 指标=SDE    | score=2(极优) | Pw=[SDE=0.341 I+=0.317 MD=0.341] | Lp=2.40 | n_eval=8
[Gen  18 | FE= 244/ 300] p_err=0.238 | 指标=SDE    | score=2(极优) | Pw=[SDE=0.339 I+=0.339 MD=0.322] | Lp=3.10 | n_eval=8
[Gen  18 | FE= 244/ 300] p_err=0.238 | 指标=I_eps+ | score=2(极优) | Pw=[SDE=0.345 I+=0.345 MD=0.310] | Lp=3.10 | n_eval=8
[Gen  18 | FE= 244/ 300] p_err=0.189 | 指标=MD     | score=2(极优) | Pw=[SDE=0.342 I+=0.342 MD=0.316] | Lp=3.10 | n_eval=8
[Gen  18 | FE= 244/ 300] p_err=0.249 | 指标=I_eps+ | score=2(极优) | Pw=[SDE=0.341 I+=0.341 MD=0.317] | Lp=2.40 | n_eval=8
[Gen  18 | FE= 244/ 300] p_err=0.177 | 指标=SDE    | score=2(极优) | Pw=[SDE=0.333 I+=0.333 MD=0.333] | Lp=2.40 | n_eval=8
[Gen  18 | FE= 244/ 300] p_err=0.233 | 指标=SDE    | score=2(极优) | Pw=[SDE=0.353 I+=0.353 MD=0.294] | Lp=3.10 | n_eval=8
[Gen  19 | FE= 252/ 300] p_err=0.194 | 指标=SDE    | score=2(极优) | Pw=[SDE=0.333 I+=0.333 MD=0.333] | Lp=3.10 | n_eval=8
[Gen  19 | FE= 252/ 300] p_err=0.209 | 指标=SDE    | score=2(极优) | Pw=[SDE=0.343 I+=0.314 MD=0.343] | Lp=3.10 | n_eval=8
[Gen  19 | FE= 252/ 300] p_err=0.184 | 指标=MD     | score=2(极优) | Pw=[SDE=0.339 I+=0.339 MD=0.322] | Lp=3.10 | n_eval=8
[Gen  19 | FE= 252/ 300] p_err=0.198 | 指标=SDE    | score=2(极优) | Pw=[SDE=0.346 I+=0.346 MD=0.308] | Lp=3.10 | n_eval=8
[Gen  19 | FE= 252/ 300] p_err=0.210 | 指标=MD     | score=2(极优) | Pw=[SDE=0.342 I+=0.342 MD=0.316] | Lp=3.10 | n_eval=8
[Gen  19 | FE= 252/ 300] p_err=0.196 | 指标=SDE    | score=2(极优) | Pw=[SDE=0.333 I+=0.333 MD=0.333] | Lp=2.40 | n_eval=8
[Gen  19 | FE= 252/ 300] p_err=0.205 | 指标=I_eps+ | score=2(极优) | Pw=[SDE=0.343 I+=0.343 MD=0.314] | Lp=2.40 | n_eval=8
[Gen  19 | FE= 252/ 300] p_err=0.228 | 指标=SDE    | score=2(极优) | Pw=[SDE=0.356 I+=0.356 MD=0.289] | Lp=3.10 | n_eval=8
[Gen  20 | FE= 260/ 300] p_err=0.150 | 指标=MD     | score=2(极优) | Pw=[SDE=0.333 I+=0.333 MD=0.333] | Lp=2.40 | n_eval=8
[Gen  20 | FE= 260/ 300] p_err=0.236 | 指标=I_eps+ | score=2(极优) | Pw=[SDE=0.340 I+=0.340 MD=0.321] | Lp=3.10 | n_eval=8
[Gen  20 | FE= 260/ 300] p_err=0.243 | 指标=SDE    | score=2(极优) | Pw=[SDE=0.345 I+=0.310 MD=0.345] | Lp=3.10 | n_eval=8
[Gen  20 | FE= 260/ 300] p_err=0.209 | 指标=I_eps+ | score=2(极优) | Pw=[SDE=0.348 I+=0.348 MD=0.304] | Lp=3.10 | n_eval=8
[Gen  20 | FE= 260/ 300] p_err=0.271 | 指标=I_eps+ | score=2(极优) | Pw=[SDE=0.343 I+=0.343 MD=0.314] | Lp=3.10 | n_eval=8
[Gen  20 | FE= 260/ 300] p_err=0.188 | 指标=I_eps+ | score=2(极优) | Pw=[SDE=0.333 I+=0.333 MD=0.333] | Lp=2.40 | n_eval=8
[Gen  20 | FE= 260/ 300] p_err=0.236 | 指标=MD     | score=2(极优) | Pw=[SDE=0.343 I+=0.343 MD=0.314] | Lp=2.40 | n_eval=8
[Gen  20 | FE= 260/ 300] p_err=0.210 | 指标=SDE    | score=2(极优) | Pw=[SDE=0.359 I+=0.359 MD=0.282] | Lp=3.10 | n_eval=8
[Gen  21 | FE= 268/ 300] p_err=0.128 | 指标=I_eps+ | score=2(极优) | Pw=[SDE=0.333 I+=0.333 MD=0.333] | Lp=2.40 | n_eval=8
[Gen  21 | FE= 268/ 300] p_err=0.218 | 指标=I_eps+ | score=2(极优) | Pw=[SDE=0.340 I+=0.340 MD=0.321] | Lp=3.10 | n_eval=8
[Gen  21 | FE= 268/ 300] p_err=0.135 | 指标=MD     | score=2(极优) | Pw=[SDE=0.348 I+=0.304 MD=0.348] | Lp=2.40 | n_eval=8
[Gen  21 | FE= 268/ 300] p_err=0.343 | 指标=SDE    | score=2(极优) | Pw=[SDE=0.348 I+=0.348 MD=0.304] | Lp=3.10 | n_eval=8
[Gen  21 | FE= 268/ 300] p_err=0.240 | 指标=MD     | score=2(极优) | Pw=[SDE=0.343 I+=0.343 MD=0.314] | Lp=3.10 | n_eval=8
[Gen  21 | FE= 268/ 300] p_err=0.197 | 指标=SDE    | score=2(极优) | Pw=[SDE=0.333 I+=0.333 MD=0.333] | Lp=2.40 | n_eval=8
[Gen  21 | FE= 268/ 300] p_err=0.229 | 指标=SDE    | score=2(极优) | Pw=[SDE=0.343 I+=0.343 MD=0.314] | Lp=2.40 | n_eval=8
[Gen  21 | FE= 268/ 300] p_err=0.194 | 指标=SDE    | score=2(极优) | Pw=[SDE=0.364 I+=0.364 MD=0.273] | Lp=3.10 | n_eval=8
[Gen  22 | FE= 276/ 300] p_err=0.137 | 指标=MD     | score=2(极优) | Pw=[SDE=0.333 I+=0.333 MD=0.333] | Lp=2.40 | n_eval=8
[Gen  22 | FE= 276/ 300] p_err=0.197 | 指标=MD     | score=2(极优) | Pw=[SDE=0.340 I+=0.340 MD=0.321] | Lp=3.10 | n_eval=8
[Gen  22 | FE= 276/ 300] p_err=0.220 | 指标=SDE    | score=2(极优) | Pw=[SDE=0.353 I+=0.294 MD=0.353] | Lp=2.40 | n_eval=8
[Gen  22 | FE= 276/ 300] p_err=0.192 | 指标=MD     | score=2(极优) | Pw=[SDE=0.340 I+=0.340 MD=0.319] | Lp=3.10 | n_eval=8
[Gen  22 | FE= 276/ 300] p_err=0.200 | 指标=SDE    | score=2(极优) | Pw=[SDE=0.344 I+=0.344 MD=0.312] | Lp=3.10 | n_eval=8
[Gen  22 | FE= 276/ 300] p_err=0.185 | 指标=MD     | score=2(极优) | Pw=[SDE=0.333 I+=0.333 MD=0.333] | Lp=2.40 | n_eval=8
[Gen  22 | FE= 276/ 300] p_err=0.218 | 指标=MD     | score=2(极优) | Pw=[SDE=0.341 I+=0.341 MD=0.317] | Lp=2.40 | n_eval=8
[Gen  22 | FE= 276/ 300] p_err=0.170 | 指标=MD     | score=1(中  ) | Pw=[SDE=0.368 I+=0.368 MD=0.263] | Lp=3.10 | n_eval=8
[Gen  23 | FE= 284/ 300] p_err=0.210 | 指标=MD     | score=2(极优) | Pw=[SDE=0.333 I+=0.333 MD=0.333] | Lp=2.40 | n_eval=8
[Gen  23 | FE= 284/ 300] p_err=0.171 | 指标=MD     | score=2(极优) | Pw=[SDE=0.340 I+=0.340 MD=0.321] | Lp=3.10 | n_eval=8
[Gen  23 | FE= 284/ 300] p_err=0.156 | 指标=MD     | score=2(极优) | Pw=[SDE=0.353 I+=0.294 MD=0.353] | Lp=2.40 | n_eval=8
[Gen  23 | FE= 284/ 300] p_err=0.185 | 指标=MD     | score=2(极优) | Pw=[SDE=0.340 I+=0.340 MD=0.321] | Lp=4.20 | n_eval=8
[Gen  23 | FE= 284/ 300] p_err=0.296 | 指标=I_eps+ | score=2(极优) | Pw=[SDE=0.339 I+=0.339 MD=0.322] | Lp=2.40 | n_eval=8
[Gen  23 | FE= 284/ 300] p_err=0.179 | 指标=MD     | score=2(极优) | Pw=[SDE=0.333 I+=0.333 MD=0.333] | Lp=2.40 | n_eval=8
[Gen  23 | FE= 284/ 300] p_err=0.162 | 指标=I_eps+ | score=2(极优) | Pw=[SDE=0.343 I+=0.343 MD=0.314] | Lp=3.10 | n_eval=8
[Gen  23 | FE= 284/ 300] p_err=0.200 | 指标=MD     | score=1(中  ) | Pw=[SDE=0.378 I+=0.378 MD=0.243] | Lp=3.10 | n_eval=8
[Gen  24 | FE= 292/ 300] p_err=0.209 | 指标=I_eps+ | score=2(极优) | Pw=[SDE=0.333 I+=0.333 MD=0.333] | Lp=2.40 | n_eval=8
[Gen  24 | FE= 292/ 300] p_err=0.150 | 指标=MD     | score=2(极优) | Pw=[SDE=0.353 I+=0.294 MD=0.353] | Lp=2.40 | n_eval=8
[Gen  24 | FE= 292/ 300] p_err=0.190 | 指标=I_eps+ | score=2(极优) | Pw=[SDE=0.340 I+=0.340 MD=0.321] | Lp=3.10 | n_eval=8
[Gen  24 | FE= 292/ 300] p_err=0.179 | 指标=MD     | score=2(极优) | Pw=[SDE=0.340 I+=0.340 MD=0.321] | Lp=3.10 | n_eval=8
[Gen  24 | FE= 292/ 300] p_err=0.196 | 指标=I_eps+ | score=2(极优) | Pw=[SDE=0.340 I+=0.340 MD=0.321] | Lp=3.10 | n_eval=8
[Gen  24 | FE= 292/ 300] p_err=0.233 | 指标=SDE    | score=2(极优) | Pw=[SDE=0.333 I+=0.333 MD=0.333] | Lp=2.40 | n_eval=8
[Gen  24 | FE= 292/ 300] p_err=0.209 | 指标=I_eps+ | score=1(中  ) | Pw=[SDE=0.339 I+=0.322 MD=0.339] | Lp=3.10 | n_eval=8
[Gen  24 | FE= 292/ 300] p_err=0.174 | 指标=I_eps+ | score=2(极优) | Pw=[SDE=0.378 I+=0.378 MD=0.243] | Lp=3.10 | n_eval=8
[Gen  25 | FE= 300/ 300] p_err=0.173 | 指标=I_eps+ | score=2(极优) | Pw=[SDE=0.333 I+=0.333 MD=0.333] | Lp=2.40 | n_eval=8
[Gen  25 | FE= 300/ 300] p_err=0.199 | 指标=SDE    | score=2(极优) | Pw=[SDE=0.353 I+=0.294 MD=0.353] | Lp=3.10 | n_eval=8
[Gen  25 | FE= 300/ 300] p_err=0.191 | 指标=I_eps+ | score=2(极优) | Pw=[SDE=0.340 I+=0.340 MD=0.319] | Lp=3.10 | n_eval=8
[Gen  25 | FE= 300/ 300] p_err=0.182 | 指标=I_eps+ | score=2(极优) | Pw=[SDE=0.340 I+=0.340 MD=0.319] | Lp=3.10 | n_eval=8
[Gen  25 | FE= 300/ 300] p_err=0.164 | 指标=MD     | score=2(极优) | Pw=[SDE=0.339 I+=0.339 MD=0.322] | Lp=2.40 | n_eval=8
[Gen  25 | FE= 300/ 300] p_err=0.201 | 指标=SDE    | score=2(极优) | Pw=[SDE=0.333 I+=0.333 MD=0.333] | Lp=2.40 | n_eval=8
[Gen  25 | FE= 300/ 300] p_err=0.225 | 指标=SDE    | score=2(极优) | Pw=[SDE=0.340 I+=0.321 MD=0.340] | Lp=3.10 | n_eval=8
[Gen  25 | FE= 300/ 300] p_err=0.200 | 指标=I_eps+ | score=2(极优) | Pw=[SDE=0.375 I+=0.375 MD=0.250] | Lp=3.10 | n_eval=8
[Gen   1 | FE= 108/ 300] p_err=0.192 | 指标=MD     | score=2(极优) | Pw=[SDE=0.333 I+=0.333 MD=0.333] | Lp=2.40 | n_eval=8
[Gen   1 | FE= 108/ 300] p_err=0.114 | 指标=I_eps+ | score=2(极优) | Pw=[SDE=0.333 I+=0.333 MD=0.333] | Lp=2.40 | n_eval=8
[Gen   1 | FE= 108/ 300] p_err=0.119 | 指标=I_eps+ | score=2(极优) | Pw=[SDE=0.333 I+=0.333 MD=0.333] | Lp=2.40 | n_eval=8
[Gen   1 | FE= 108/ 300] p_err=0.223 | 指标=MD     | score=1(中  ) | Pw=[SDE=0.336 I+=0.336 MD=0.328] | Lp=3.10 | n_eval=8
[Gen   1 | FE= 108/ 300] p_err=0.147 | 指标=SDE    | score=2(极优) | Pw=[SDE=0.333 I+=0.333 MD=0.333] | Lp=2.40 | n_eval=8
[Gen   1 | FE= 108/ 300] p_err=0.144 | 指标=I_eps+ | score=2(极优) | Pw=[SDE=0.333 I+=0.333 MD=0.333] | Lp=2.40 | n_eval=8
[Gen   1 | FE= 108/ 300] p_err=0.117 | 指标=I_eps+ | score=2(极优) | Pw=[SDE=0.333 I+=0.333 MD=0.333] | Lp=2.40 | n_eval=8
[Gen   2 | FE= 116/ 300] p_err=0.184 | 指标=MD     | score=2(极优) | Pw=[SDE=0.333 I+=0.333 MD=0.333] | Lp=2.40 | n_eval=8
[Gen   2 | FE= 116/ 300] p_err=0.173 | 指标=SDE    | score=2(极优) | Pw=[SDE=0.333 I+=0.333 MD=0.333] | Lp=2.40 | n_eval=8
[Gen   2 | FE= 116/ 300] p_err=0.226 | 指标=MD     | score=2(极优) | Pw=[SDE=0.333 I+=0.333 MD=0.333] | Lp=2.40 | n_eval=8
[Gen   2 | FE= 116/ 300] p_err=0.193 | 指标=SDE    | score=2(极优) | Pw=[SDE=0.336 I+=0.336 MD=0.327] | Lp=3.10 | n_eval=8
[Gen   2 | FE= 116/ 300] p_err=0.215 | 指标=SDE    | score=2(极优) | Pw=[SDE=0.333 I+=0.333 MD=0.333] | Lp=2.40 | n_eval=8
[Gen   2 | FE= 116/ 300] p_err=0.132 | 指标=I_eps+ | score=2(极优) | Pw=[SDE=0.333 I+=0.333 MD=0.333] | Lp=3.10 | n_eval=8
[Gen   2 | FE= 116/ 300] p_err=0.159 | 指标=MD     | score=1(中  ) | Pw=[SDE=0.336 I+=0.336 MD=0.327] | Lp=3.10 | n_eval=8
[Gen   3 | FE= 124/ 300] p_err=0.159 | 指标=MD     | score=2(极优) | Pw=[SDE=0.333 I+=0.333 MD=0.333] | Lp=2.40 | n_eval=8
[Gen   3 | FE= 124/ 300] p_err=0.165 | 指标=MD     | score=2(极优) | Pw=[SDE=0.333 I+=0.333 MD=0.333] | Lp=3.10 | n_eval=8
[Gen   3 | FE= 124/ 300] p_err=0.166 | 指标=MD     | score=2(极优) | Pw=[SDE=0.333 I+=0.333 MD=0.333] | Lp=2.40 | n_eval=8
[Gen   3 | FE= 124/ 300] p_err=0.216 | 指标=MD     | score=1(中  ) | Pw=[SDE=0.339 I+=0.339 MD=0.321] | Lp=3.10 | n_eval=8
[Gen   3 | FE= 124/ 300] p_err=0.136 | 指标=MD     | score=2(极优) | Pw=[SDE=0.333 I+=0.333 MD=0.333] | Lp=2.40 | n_eval=8
[Gen   3 | FE= 124/ 300] p_err=0.146 | 指标=I_eps+ | score=2(极优) | Pw=[SDE=0.333 I+=0.333 MD=0.333] | Lp=3.10 | n_eval=8
[Gen   3 | FE= 124/ 300] p_err=0.116 | 指标=I_eps+ | score=2(极优) | Pw=[SDE=0.336 I+=0.336 MD=0.327] | Lp=2.40 | n_eval=8
[Gen   4 | FE= 132/ 300] p_err=0.171 | 指标=MD     | score=2(极优) | Pw=[SDE=0.333 I+=0.333 MD=0.333] | Lp=3.10 | n_eval=8
[Gen   4 | FE= 132/ 300] p_err=0.156 | 指标=SDE    | score=2(极优) | Pw=[SDE=0.333 I+=0.333 MD=0.333] | Lp=3.10 | n_eval=8
[Gen   4 | FE= 132/ 300] p_err=0.207 | 指标=MD     | score=2(极优) | Pw=[SDE=0.333 I+=0.333 MD=0.333] | Lp=2.40 | n_eval=8
[Gen   4 | FE= 132/ 300] p_err=0.205 | 指标=SDE    | score=2(极优) | Pw=[SDE=0.340 I+=0.340 MD=0.321] | Lp=3.10 | n_eval=8
[Gen   4 | FE= 132/ 300] p_err=0.165 | 指标=MD     | score=1(中  ) | Pw=[SDE=0.336 I+=0.336 MD=0.327] | Lp=2.40 | n_eval=8
[Gen   4 | FE= 132/ 300] p_err=0.216 | 指标=SDE    | score=2(极优) | Pw=[SDE=0.333 I+=0.333 MD=0.333] | Lp=2.40 | n_eval=8
[Gen   4 | FE= 132/ 300] p_err=0.114 | 指标=MD     | score=2(极优) | Pw=[SDE=0.336 I+=0.336 MD=0.327] | Lp=2.40 | n_eval=8
[Gen   5 | FE= 140/ 300] p_err=0.164 | 指标=I_eps+ | score=2(极优) | Pw=[SDE=0.333 I+=0.333 MD=0.333] | Lp=3.10 | n_eval=8
[Gen   5 | FE= 140/ 300] p_err=0.126 | 指标=MD     | score=2(极优) | Pw=[SDE=0.333 I+=0.333 MD=0.333] | Lp=2.40 | n_eval=8
[Gen   5 | FE= 140/ 300] p_err=0.117 | 指标=I_eps+ | score=2(极优) | Pw=[SDE=0.333 I+=0.333 MD=0.333] | Lp=2.40 | n_eval=8
[Gen   5 | FE= 140/ 300] p_err=0.227 | 指标=MD     | score=2(极优) | Pw=[SDE=0.340 I+=0.340 MD=0.321] | Lp=4.20 | n_eval=8
[Gen   5 | FE= 140/ 300] p_err=0.173 | 指标=SDE    | score=2(极优) | Pw=[SDE=0.337 I+=0.337 MD=0.327] | Lp=2.40 | n_eval=8
[Gen   5 | FE= 140/ 300] p_err=0.184 | 指标=I_eps+ | score=2(极优) | Pw=[SDE=0.333 I+=0.333 MD=0.333] | Lp=3.10 | n_eval=8
[Gen   5 | FE= 140/ 300] p_err=0.098 | 指标=I_eps+ | score=2(极优) | Pw=[SDE=0.337 I+=0.337 MD=0.327] | Lp=2.40 | n_eval=8
[Gen   6 | FE= 148/ 300] p_err=0.196 | 指标=MD     | score=2(极优) | Pw=[SDE=0.333 I+=0.333 MD=0.333] | Lp=3.10 | n_eval=8
[Gen   6 | FE= 148/ 300] p_err=0.206 | 指标=SDE    | score=2(极优) | Pw=[SDE=0.333 I+=0.333 MD=0.333] | Lp=2.40 | n_eval=8
[Gen   6 | FE= 148/ 300] p_err=0.288 | 指标=SDE    | score=2(极优) | Pw=[SDE=0.333 I+=0.333 MD=0.333] | Lp=2.40 | n_eval=8
[Gen   6 | FE= 148/ 300] p_err=0.187 | 指标=I_eps+ | score=2(极优) | Pw=[SDE=0.340 I+=0.340 MD=0.320] | Lp=4.20 | n_eval=8
[Gen   6 | FE= 148/ 300] p_err=0.164 | 指标=SDE    | score=2(极优) | Pw=[SDE=0.337 I+=0.337 MD=0.326] | Lp=2.40 | n_eval=8
[Gen   6 | FE= 148/ 300] p_err=0.234 | 指标=SDE    | score=1(中  ) | Pw=[SDE=0.326 I+=0.337 MD=0.337] | Lp=2.40 | n_eval=8
[Gen   6 | FE= 148/ 300] p_err=0.156 | 指标=MD     | score=2(极优) | Pw=[SDE=0.337 I+=0.337 MD=0.327] | Lp=2.40 | n_eval=8
[Gen   7 | FE= 156/ 300] p_err=0.159 | 指标=SDE    | score=2(极优) | Pw=[SDE=0.333 I+=0.333 MD=0.333] | Lp=3.10 | n_eval=8
[Gen   7 | FE= 156/ 300] p_err=0.167 | 指标=MD     | score=2(极优) | Pw=[SDE=0.333 I+=0.333 MD=0.333] | Lp=2.40 | n_eval=8
[Gen   7 | FE= 156/ 300] p_err=0.153 | 指标=MD     | score=2(极优) | Pw=[SDE=0.333 I+=0.333 MD=0.333] | Lp=2.40 | n_eval=8
[Gen   7 | FE= 156/ 300] p_err=0.200 | 指标=I_eps+ | score=2(极优) | Pw=[SDE=0.340 I+=0.340 MD=0.319] | Lp=3.10 | n_eval=8
[Gen   7 | FE= 156/ 300] p_err=0.141 | 指标=I_eps+ | score=2(极优) | Pw=[SDE=0.337 I+=0.337 MD=0.326] | Lp=2.40 | n_eval=8
[Gen   7 | FE= 156/ 300] p_err=0.172 | 指标=I_eps+ | score=2(极优) | Pw=[SDE=0.326 I+=0.337 MD=0.337] | Lp=3.10 | n_eval=8
[Gen   7 | FE= 156/ 300] p_err=0.183 | 指标=SDE    | score=2(极优) | Pw=[SDE=0.337 I+=0.337 MD=0.326] | Lp=2.40 | n_eval=8
[Gen   8 | FE= 164/ 300] p_err=0.172 | 指标=SDE    | score=2(极优) | Pw=[SDE=0.333 I+=0.333 MD=0.333] | Lp=3.10 | n_eval=8
[Gen   8 | FE= 164/ 300] p_err=0.192 | 指标=SDE    | score=2(极优) | Pw=[SDE=0.333 I+=0.333 MD=0.333] | Lp=2.40 | n_eval=8
[Gen   8 | FE= 164/ 300] p_err=0.197 | 指标=SDE    | score=2(极优) | Pw=[SDE=0.333 I+=0.333 MD=0.333] | Lp=2.40 | n_eval=8
[Gen   8 | FE= 164/ 300] p_err=0.214 | 指标=MD     | score=2(极优) | Pw=[SDE=0.340 I+=0.340 MD=0.319] | Lp=3.10 | n_eval=8
[Gen   8 | FE= 164/ 300] p_err=0.145 | 指标=MD     | score=2(极优) | Pw=[SDE=0.337 I+=0.337 MD=0.326] | Lp=2.40 | n_eval=8
[Gen   8 | FE= 164/ 300] p_err=0.175 | 指标=MD     | score=2(极优) | Pw=[SDE=0.325 I+=0.337 MD=0.337] | Lp=3.10 | n_eval=8
[Gen   8 | FE= 164/ 300] p_err=0.210 | 指标=SDE    | score=2(极优) | Pw=[SDE=0.337 I+=0.337 MD=0.326] | Lp=2.40 | n_eval=8
[Gen   9 | FE= 172/ 300] p_err=0.178 | 指标=MD     | score=2(极优) | Pw=[SDE=0.333 I+=0.333 MD=0.333] | Lp=3.10 | n_eval=8
[Gen   9 | FE= 172/ 300] p_err=0.146 | 指标=I_eps+ | score=2(极优) | Pw=[SDE=0.333 I+=0.333 MD=0.333] | Lp=2.40 | n_eval=8
[Gen   9 | FE= 172/ 300] p_err=0.178 | 指标=MD     | score=2(极优) | Pw=[SDE=0.333 I+=0.333 MD=0.333] | Lp=2.40 | n_eval=8
[Gen   9 | FE= 172/ 300] p_err=0.271 | 指标=I_eps+ | score=2(极优) | Pw=[SDE=0.341 I+=0.341 MD=0.318] | Lp=3.10 | n_eval=8
[Gen   9 | FE= 172/ 300] p_err=0.167 | 指标=SDE    | score=2(极优) | Pw=[SDE=0.337 I+=0.337 MD=0.325] | Lp=2.40 | n_eval=8
[Gen   9 | FE= 172/ 300] p_err=0.200 | 指标=I_eps+ | score=2(极优) | Pw=[SDE=0.325 I+=0.338 MD=0.338] | Lp=2.40 | n_eval=8
[Gen   9 | FE= 172/ 300] p_err=0.183 | 指标=SDE    | score=2(极优) | Pw=[SDE=0.337 I+=0.337 MD=0.325] | Lp=3.10 | n_eval=8
[Gen  10 | FE= 180/ 300] p_err=0.249 | 指标=MD     | score=1(中  ) | Pw=[SDE=0.337 I+=0.337 MD=0.327] | Lp=3.10 | n_eval=8
[Gen  10 | FE= 180/ 300] p_err=0.129 | 指标=MD     | score=2(极优) | Pw=[SDE=0.333 I+=0.333 MD=0.333] | Lp=2.40 | n_eval=8
[Gen  10 | FE= 180/ 300] p_err=0.171 | 指标=I_eps+ | score=2(极优) | Pw=[SDE=0.333 I+=0.333 MD=0.333] | Lp=2.40 | n_eval=8
[Gen  10 | FE= 180/ 300] p_err=0.236 | 指标=SDE    | score=2(极优) | Pw=[SDE=0.341 I+=0.341 MD=0.317] | Lp=3.10 | n_eval=8
[Gen  10 | FE= 180/ 300] p_err=0.143 | 指标=MD     | score=2(极优) | Pw=[SDE=0.337 I+=0.337 MD=0.325] | Lp=2.40 | n_eval=8
[Gen  10 | FE= 180/ 300] p_err=0.185 | 指标=MD     | score=2(极优) | Pw=[SDE=0.324 I+=0.338 MD=0.338] | Lp=3.10 | n_eval=8
[Gen  10 | FE= 180/ 300] p_err=0.155 | 指标=I_eps+ | score=2(极优) | Pw=[SDE=0.338 I+=0.338 MD=0.325] | Lp=3.10 | n_eval=8
[Gen  11 | FE= 188/ 300] p_err=0.120 | 指标=I_eps+ | score=2(极优) | Pw=[SDE=0.337 I+=0.337 MD=0.326] | Lp=3.10 | n_eval=8
[Gen  11 | FE= 188/ 300] p_err=0.136 | 指标=I_eps+ | score=2(极优) | Pw=[SDE=0.333 I+=0.333 MD=0.333] | Lp=2.40 | n_eval=8
[Gen  11 | FE= 188/ 300] p_err=0.233 | 指标=SDE    | score=2(极优) | Pw=[SDE=0.333 I+=0.333 MD=0.333] | Lp=2.40 | n_eval=8
[Gen  11 | FE= 188/ 300] p_err=0.163 | 指标=MD     | score=2(极优) | Pw=[SDE=0.341 I+=0.341 MD=0.317] | Lp=3.10 | n_eval=8
[Gen  11 | FE= 188/ 300] p_err=0.148 | 指标=MD     | score=2(极优) | Pw=[SDE=0.337 I+=0.337 MD=0.325] | Lp=2.40 | n_eval=8
[Gen  11 | FE= 188/ 300] p_err=0.307 | 指标=I_eps+ | score=2(极优) | Pw=[SDE=0.323 I+=0.338 MD=0.338] | Lp=3.10 | n_eval=8
[Gen  11 | FE= 188/ 300] p_err=0.193 | 指标=SDE    | score=2(极优) | Pw=[SDE=0.338 I+=0.338 MD=0.324] | Lp=2.40 | n_eval=8
[Gen  12 | FE= 196/ 300] p_err=0.091 | 指标=I_eps+ | score=2(极优) | Pw=[SDE=0.337 I+=0.337 MD=0.326] | Lp=3.10 | n_eval=8
[Gen  12 | FE= 196/ 300] p_err=0.128 | 指标=I_eps+ | score=2(极优) | Pw=[SDE=0.333 I+=0.333 MD=0.333] | Lp=2.40 | n_eval=8
[Gen  12 | FE= 196/ 300] p_err=0.302 | 指标=I_eps+ | score=2(极优) | Pw=[SDE=0.342 I+=0.342 MD=0.316] | Lp=3.10 | n_eval=8
[Gen  12 | FE= 196/ 300] p_err=0.234 | 指标=SDE    | score=2(极优) | Pw=[SDE=0.333 I+=0.333 MD=0.333] | Lp=2.40 | n_eval=8
[Gen  12 | FE= 196/ 300] p_err=0.112 | 指标=I_eps+ | score=2(极优) | Pw=[SDE=0.338 I+=0.338 MD=0.325] | Lp=3.10 | n_eval=8
[Gen  12 | FE= 196/ 300] p_err=0.217 | 指标=I_eps+ | score=2(极优) | Pw=[SDE=0.322 I+=0.339 MD=0.339] | Lp=3.10 | n_eval=8
[Gen  12 | FE= 196/ 300] p_err=0.176 | 指标=SDE    | score=2(极优) | Pw=[SDE=0.338 I+=0.338 MD=0.323] | Lp=2.40 | n_eval=8
[Gen  13 | FE= 204/ 300] p_err=0.196 | 指标=MD     | score=2(极优) | Pw=[SDE=0.337 I+=0.337 MD=0.326] | Lp=3.10 | n_eval=8
[Gen  13 | FE= 204/ 300] p_err=0.214 | 指标=SDE    | score=2(极优) | Pw=[SDE=0.333 I+=0.333 MD=0.333] | Lp=2.40 | n_eval=8
[Gen  13 | FE= 204/ 300] p_err=0.205 | 指标=MD     | score=2(极优) | Pw=[SDE=0.342 I+=0.342 MD=0.316] | Lp=4.20 | n_eval=8
[Gen  13 | FE= 204/ 300] p_err=0.154 | 指标=I_eps+ | score=2(极优) | Pw=[SDE=0.333 I+=0.333 MD=0.333] | Lp=2.40 | n_eval=8
[Gen  13 | FE= 204/ 300] p_err=0.177 | 指标=SDE    | score=2(极优) | Pw=[SDE=0.338 I+=0.338 MD=0.324] | Lp=3.10 | n_eval=8
[Gen  13 | FE= 204/ 300] p_err=0.156 | 指标=MD     | score=1(中  ) | Pw=[SDE=0.344 I+=0.344 MD=0.312] | Lp=2.40 | n_eval=8
[Gen  13 | FE= 204/ 300] p_err=0.197 | 指标=I_eps+ | score=2(极优) | Pw=[SDE=0.321 I+=0.340 MD=0.340] | Lp=3.10 | n_eval=8
[Gen  14 | FE= 212/ 300] p_err=0.122 | 指标=I_eps+ | score=2(极优) | Pw=[SDE=0.337 I+=0.337 MD=0.325] | Lp=3.10 | n_eval=8
[Gen  14 | FE= 212/ 300] p_err=0.178 | 指标=MD     | score=2(极优) | Pw=[SDE=0.333 I+=0.333 MD=0.333] | Lp=2.40 | n_eval=8
[Gen  14 | FE= 212/ 300] p_err=0.259 | 指标=SDE    | score=2(极优) | Pw=[SDE=0.343 I+=0.343 MD=0.314] | Lp=4.20 | n_eval=8
[Gen  14 | FE= 212/ 300] p_err=0.198 | 指标=MD     | score=2(极优) | Pw=[SDE=0.333 I+=0.333 MD=0.333] | Lp=2.40 | n_eval=8
[Gen  14 | FE= 212/ 300] p_err=0.136 | 指标=SDE    | score=2(极优) | Pw=[SDE=0.338 I+=0.338 MD=0.323] | Lp=2.40 | n_eval=8
[Gen  14 | FE= 212/ 300] p_err=0.158 | 指标=I_eps+ | score=2(极优) | Pw=[SDE=0.345 I+=0.345 MD=0.310] | Lp=2.40 | n_eval=8
[Gen  14 | FE= 212/ 300] p_err=0.271 | 指标=SDE    | score=2(极优) | Pw=[SDE=0.321 I+=0.340 MD=0.340] | Lp=3.10 | n_eval=8
[Gen  15 | FE= 220/ 300] p_err=0.129 | 指标=I_eps+ | score=2(极优) | Pw=[SDE=0.338 I+=0.338 MD=0.325] | Lp=3.10 | n_eval=8
[Gen  15 | FE= 220/ 300] p_err=0.275 | 指标=SDE    | score=2(极优) | Pw=[SDE=0.333 I+=0.333 MD=0.333] | Lp=2.40 | n_eval=8
[Gen  15 | FE= 220/ 300] p_err=0.179 | 指标=MD     | score=2(极优) | Pw=[SDE=0.343 I+=0.343 MD=0.314] | Lp=4.20 | n_eval=8
[Gen  15 | FE= 220/ 300] p_err=0.227 | 指标=SDE    | score=2(极优) | Pw=[SDE=0.333 I+=0.333 MD=0.333] | Lp=2.40 | n_eval=8
[Gen  15 | FE= 220/ 300] p_err=0.176 | 指标=MD     | score=2(极优) | Pw=[SDE=0.345 I+=0.345 MD=0.310] | Lp=2.40 | n_eval=8
[Gen  15 | FE= 220/ 300] p_err=0.230 | 指标=MD     | score=1(中  ) | Pw=[SDE=0.344 I+=0.344 MD=0.312] | Lp=3.10 | n_eval=8
[Gen  15 | FE= 220/ 300] p_err=0.218 | 指标=SDE    | score=2(极优) | Pw=[SDE=0.321 I+=0.340 MD=0.340] | Lp=3.10 | n_eval=8
[Gen  16 | FE= 228/ 300] p_err=0.127 | 指标=I_eps+ | score=2(极优) | Pw=[SDE=0.338 I+=0.338 MD=0.324] | Lp=3.10 | n_eval=8
[Gen  16 | FE= 228/ 300] p_err=0.141 | 指标=MD     | score=2(极优) | Pw=[SDE=0.333 I+=0.333 MD=0.333] | Lp=2.40 | n_eval=8
[Gen  16 | FE= 228/ 300] p_err=0.232 | 指标=I_eps+ | score=2(极优) | Pw=[SDE=0.344 I+=0.344 MD=0.312] | Lp=4.20 | n_eval=8
[Gen  16 | FE= 228/ 300] p_err=0.255 | 指标=SDE    | score=2(极优) | Pw=[SDE=0.333 I+=0.333 MD=0.333] | Lp=2.40 | n_eval=8
[Gen  16 | FE= 228/ 300] p_err=0.382 | 指标=MD     | score=2(极优) | Pw=[SDE=0.344 I+=0.344 MD=0.312] | Lp=3.10 | n_eval=8
[Gen  16 | FE= 228/ 300] p_err=0.213 | 指标=SDE    | score=2(极优) | Pw=[SDE=0.346 I+=0.346 MD=0.308] | Lp=3.10 | n_eval=8
[Gen  16 | FE= 228/ 300] p_err=0.188 | 指标=MD     | score=2(极优) | Pw=[SDE=0.319 I+=0.340 MD=0.340] | Lp=3.10 | n_eval=8
[Gen  17 | FE= 236/ 300] p_err=0.174 | 指标=I_eps+ | score=2(极优) | Pw=[SDE=0.338 I+=0.338 MD=0.323] | Lp=3.10 | n_eval=8
[Gen  17 | FE= 236/ 300] p_err=0.161 | 指标=MD     | score=2(极优) | Pw=[SDE=0.333 I+=0.333 MD=0.333] | Lp=2.40 | n_eval=8
[Gen  17 | FE= 236/ 300] p_err=0.160 | 指标=MD     | score=2(极优) | Pw=[SDE=0.344 I+=0.344 MD=0.312] | Lp=4.20 | n_eval=8
[Gen  17 | FE= 236/ 300] p_err=0.154 | 指标=SDE    | score=2(极优) | Pw=[SDE=0.345 I+=0.345 MD=0.310] | Lp=3.10 | n_eval=8
[Gen  17 | FE= 236/ 300] p_err=0.194 | 指标=I_eps+ | score=2(极优) | Pw=[SDE=0.333 I+=0.333 MD=0.333] | Lp=2.40 | n_eval=8
[Gen  17 | FE= 236/ 300] p_err=0.170 | 指标=I_eps+ | score=2(极优) | Pw=[SDE=0.348 I+=0.348 MD=0.304] | Lp=3.10 | n_eval=8
[Gen  17 | FE= 236/ 300] p_err=0.236 | 指标=I_eps+ | score=2(极优) | Pw=[SDE=0.317 I+=0.341 MD=0.341] | Lp=3.10 | n_eval=8
[Gen  18 | FE= 244/ 300] p_err=0.156 | 指标=I_eps+ | score=2(极优) | Pw=[SDE=0.339 I+=0.339 MD=0.322] | Lp=3.10 | n_eval=8
[Gen  18 | FE= 244/ 300] p_err=0.172 | 指标=I_eps+ | score=2(极优) | Pw=[SDE=0.333 I+=0.333 MD=0.333] | Lp=2.40 | n_eval=8
[Gen  18 | FE= 244/ 300] p_err=0.190 | 指标=MD     | score=1(中  ) | Pw=[SDE=0.349 I+=0.349 MD=0.302] | Lp=4.20 | n_eval=8
[Gen  18 | FE= 244/ 300] p_err=0.164 | 指标=MD     | score=2(极优) | Pw=[SDE=0.348 I+=0.348 MD=0.304] | Lp=3.10 | n_eval=8
[Gen  18 | FE= 244/ 300] p_err=0.177 | 指标=I_eps+ | score=2(极优) | Pw=[SDE=0.333 I+=0.333 MD=0.333] | Lp=2.40 | n_eval=8
[Gen  18 | FE= 244/ 300] p_err=0.138 | 指标=SDE    | score=2(极优) | Pw=[SDE=0.346 I+=0.346 MD=0.308] | Lp=3.10 | n_eval=8
[Gen  18 | FE= 244/ 300] p_err=0.295 | 指标=SDE    | score=2(极优) | Pw=[SDE=0.317 I+=0.341 MD=0.341] | Lp=3.10 | n_eval=8
[Gen  19 | FE= 252/ 300] p_err=0.202 | 指标=MD     | score=2(极优) | Pw=[SDE=0.339 I+=0.339 MD=0.322] | Lp=3.10 | n_eval=8
[Gen  19 | FE= 252/ 300] p_err=0.116 | 指标=MD     | score=2(极优) | Pw=[SDE=0.333 I+=0.333 MD=0.333] | Lp=2.40 | n_eval=8
[Gen  19 | FE= 252/ 300] p_err=0.196 | 指标=MD     | score=2(极优) | Pw=[SDE=0.349 I+=0.349 MD=0.302] | Lp=4.20 | n_eval=8
[Gen  19 | FE= 252/ 300] p_err=0.238 | 指标=SDE    | score=2(极优) | Pw=[SDE=0.348 I+=0.348 MD=0.304] | Lp=3.10 | n_eval=8
[Gen  19 | FE= 252/ 300] p_err=0.171 | 指标=MD     | score=2(极优) | Pw=[SDE=0.333 I+=0.333 MD=0.333] | Lp=2.40 | n_eval=8
[Gen  19 | FE= 252/ 300] p_err=0.113 | 指标=MD     | score=2(极优) | Pw=[SDE=0.348 I+=0.348 MD=0.304] | Lp=2.40 | n_eval=8
[Gen  19 | FE= 252/ 300] p_err=0.239 | 指标=SDE    | score=2(极优) | Pw=[SDE=0.317 I+=0.341 MD=0.341] | Lp=3.10 | n_eval=8
[Gen  20 | FE= 260/ 300] p_err=0.189 | 指标=I_eps+ | score=2(极优) | Pw=[SDE=0.340 I+=0.340 MD=0.321] | Lp=3.10 | n_eval=8
[Gen  20 | FE= 260/ 300] p_err=0.209 | 指标=SDE    | score=2(极优) | Pw=[SDE=0.333 I+=0.333 MD=0.333] | Lp=3.10 | n_eval=8
[Gen  20 | FE= 260/ 300] p_err=0.293 | 指标=SDE    | score=2(极优) | Pw=[SDE=0.351 I+=0.351 MD=0.298] | Lp=4.20 | n_eval=8
[Gen  20 | FE= 260/ 300] p_err=0.186 | 指标=SDE    | score=2(极优) | Pw=[SDE=0.350 I+=0.350 MD=0.300] | Lp=3.10 | n_eval=8
[Gen  20 | FE= 260/ 300] p_err=0.184 | 指标=SDE    | score=2(极优) | Pw=[SDE=0.350 I+=0.350 MD=0.300] | Lp=3.10 | n_eval=8
[Gen  20 | FE= 260/ 300] p_err=0.150 | 指标=MD     | score=2(极优) | Pw=[SDE=0.333 I+=0.333 MD=0.333] | Lp=2.40 | n_eval=8
[Gen  20 | FE= 260/ 300] p_err=0.199 | 指标=I_eps+ | score=2(极优) | Pw=[SDE=0.314 I+=0.343 MD=0.343] | Lp=3.10 | n_eval=8
[Gen  21 | FE= 268/ 300] p_err=0.228 | 指标=I_eps+ | score=2(极优) | Pw=[SDE=0.340 I+=0.340 MD=0.319] | Lp=3.10 | n_eval=8
[Gen  21 | FE= 268/ 300] p_err=0.159 | 指标=MD     | score=2(极优) | Pw=[SDE=0.333 I+=0.333 MD=0.333] | Lp=2.40 | n_eval=8
[Gen  21 | FE= 268/ 300] p_err=0.183 | 指标=MD     | score=2(极优) | Pw=[SDE=0.345 I+=0.345 MD=0.310] | Lp=4.20 | n_eval=8
[Gen  21 | FE= 268/ 300] p_err=0.170 | 指标=I_eps+ | score=2(极优) | Pw=[SDE=0.350 I+=0.350 MD=0.300] | Lp=3.10 | n_eval=8
[Gen  21 | FE= 268/ 300] p_err=0.187 | 指标=SDE    | score=2(极优) | Pw=[SDE=0.350 I+=0.350 MD=0.300] | Lp=3.10 | n_eval=8
[Gen  21 | FE= 268/ 300] p_err=0.230 | 指标=I_eps+ | score=2(极优) | Pw=[SDE=0.333 I+=0.333 MD=0.333] | Lp=2.40 | n_eval=8
[Gen  22 | FE= 276/ 300] p_err=0.221 | 指标=I_eps+ | score=2(极优) | Pw=[SDE=0.341 I+=0.341 MD=0.317] | Lp=3.10 | n_eval=8
[Gen  21 | FE= 268/ 300] p_err=0.263 | 指标=I_eps+ | score=2(极优) | Pw=[SDE=0.314 I+=0.343 MD=0.343] | Lp=3.10 | n_eval=8
[Gen  22 | FE= 276/ 300] p_err=0.216 | 指标=SDE    | score=2(极优) | Pw=[SDE=0.333 I+=0.333 MD=0.333] | Lp=3.10 | n_eval=8
[Gen  22 | FE= 276/ 300] p_err=0.184 | 指标=MD     | score=2(极优) | Pw=[SDE=0.344 I+=0.344 MD=0.312] | Lp=4.20 | n_eval=8
[Gen  22 | FE= 276/ 300] p_err=0.138 | 指标=I_eps+ | score=2(极优) | Pw=[SDE=0.343 I+=0.343 MD=0.314] | Lp=3.10 | n_eval=8
[Gen  22 | FE= 276/ 300] p_err=0.154 | 指标=I_eps+ | score=2(极优) | Pw=[SDE=0.350 I+=0.350 MD=0.300] | Lp=3.10 | n_eval=8
[Gen  22 | FE= 276/ 300] p_err=0.198 | 指标=I_eps+ | score=2(极优) | Pw=[SDE=0.333 I+=0.333 MD=0.333] | Lp=2.40 | n_eval=8
[Gen  22 | FE= 276/ 300] p_err=0.221 | 指标=MD     | score=2(极优) | Pw=[SDE=0.314 I+=0.343 MD=0.343] | Lp=3.10 | n_eval=8
[Gen  23 | FE= 284/ 300] p_err=0.269 | 指标=I_eps+ | score=2(极优) | Pw=[SDE=0.343 I+=0.343 MD=0.314] | Lp=3.10 | n_eval=8
[Gen  23 | FE= 284/ 300] p_err=0.188 | 指标=MD     | score=2(极优) | Pw=[SDE=0.333 I+=0.333 MD=0.333] | Lp=3.10 | n_eval=8
[Gen  23 | FE= 284/ 300] p_err=0.224 | 指标=I_eps+ | score=2(极优) | Pw=[SDE=0.339 I+=0.339 MD=0.322] | Lp=4.20 | n_eval=8
[Gen  23 | FE= 284/ 300] p_err=0.156 | 指标=I_eps+ | score=2(极优) | Pw=[SDE=0.343 I+=0.343 MD=0.314] | Lp=3.10 | n_eval=8
[Gen  23 | FE= 284/ 300] p_err=0.162 | 指标=I_eps+ | score=2(极优) | Pw=[SDE=0.353 I+=0.353 MD=0.294] | Lp=3.10 | n_eval=8
[Gen  23 | FE= 284/ 300] p_err=0.223 | 指标=SDE    | score=2(极优) | Pw=[SDE=0.333 I+=0.333 MD=0.333] | Lp=2.40 | n_eval=8
[Gen  23 | FE= 284/ 300] p_err=0.267 | 指标=SDE    | score=2(极优) | Pw=[SDE=0.317 I+=0.341 MD=0.341] | Lp=3.10 | n_eval=8
[Gen  24 | FE= 292/ 300] p_err=0.264 | 指标=SDE    | score=2(极优) | Pw=[SDE=0.345 I+=0.345 MD=0.310] | Lp=3.10 | n_eval=8
[Gen  24 | FE= 292/ 300] p_err=0.157 | 指标=I_eps+ | score=2(极优) | Pw=[SDE=0.333 I+=0.333 MD=0.333] | Lp=3.10 | n_eval=8
[Gen  24 | FE= 292/ 300] p_err=0.213 | 指标=I_eps+ | score=2(极优) | Pw=[SDE=0.339 I+=0.339 MD=0.322] | Lp=4.20 | n_eval=8
[Gen  24 | FE= 292/ 300] p_err=0.188 | 指标=SDE    | score=2(极优) | Pw=[SDE=0.345 I+=0.345 MD=0.310] | Lp=2.40 | n_eval=8
[Gen  24 | FE= 292/ 300] p_err=0.178 | 指标=I_eps+ | score=2(极优) | Pw=[SDE=0.345 I+=0.345 MD=0.310] | Lp=3.10 | n_eval=8
[Gen  24 | FE= 292/ 300] p_err=0.232 | 指标=SDE    | score=2(极优) | Pw=[SDE=0.333 I+=0.333 MD=0.333] | Lp=2.40 | n_eval=8
[Gen  24 | FE= 292/ 300] p_err=0.340 | 指标=SDE    | score=2(极优) | Pw=[SDE=0.317 I+=0.341 MD=0.341] | Lp=2.40 | n_eval=8
[Gen  25 | FE= 300/ 300] p_err=0.356 | 指标=SDE    | score=2(极优) | Pw=[SDE=0.345 I+=0.345 MD=0.310] | Lp=3.10 | n_eval=8
[Gen  25 | FE= 300/ 300] p_err=0.192 | 指标=I_eps+ | score=2(极优) | Pw=[SDE=0.333 I+=0.333 MD=0.333] | Lp=3.10 | n_eval=8
[Gen  25 | FE= 300/ 300] p_err=0.135 | 指标=MD     | score=2(极优) | Pw=[SDE=0.343 I+=0.343 MD=0.314] | Lp=2.40 | n_eval=8
[Gen  25 | FE= 300/ 300] p_err=0.228 | 指标=I_eps+ | score=2(极优) | Pw=[SDE=0.340 I+=0.340 MD=0.321] | Lp=4.20 | n_eval=8
[Gen  25 | FE= 300/ 300] p_err=0.259 | 指标=SDE    | score=2(极优) | Pw=[SDE=0.345 I+=0.345 MD=0.310] | Lp=3.10 | n_eval=8
[Gen  25 | FE= 300/ 300] p_err=0.129 | 指标=MD     | score=2(极优) | Pw=[SDE=0.333 I+=0.333 MD=0.333] | Lp=2.40 | n_eval=8
[Gen  25 | FE= 300/ 300] p_err=0.156 | 指标=MD     | score=2(极优) | Pw=[SDE=0.317 I+=0.341 MD=0.341] | Lp=2.40 | n_eval=8
[Gen   1 | FE= 108/ 300] p_err=0.308 | 指标=MD     | score=2(极优) | Pw=[SDE=0.333 I+=0.333 MD=0.333] | Lp=3.10 | n_eval=8
[Gen   1 | FE= 108/ 300] p_err=0.103 | 指标=I_eps+ | score=2(极优) | Pw=[SDE=0.333 I+=0.333 MD=0.333] | Lp=3.10 | n_eval=8
[Gen   1 | FE= 108/ 300] p_err=0.129 | 指标=SDE    | score=2(极优) | Pw=[SDE=0.333 I+=0.333 MD=0.333] | Lp=3.10 | n_eval=8
[Gen   1 | FE= 108/ 300] p_err=0.154 | 指标=SDE    | score=2(极优) | Pw=[SDE=0.333 I+=0.333 MD=0.333] | Lp=3.10 | n_eval=8
[Gen   1 | FE= 108/ 300] p_err=0.111 | 指标=I_eps+ | score=2(极优) | Pw=[SDE=0.333 I+=0.333 MD=0.333] | Lp=3.10 | n_eval=8
[Gen   1 | FE= 108/ 300] p_err=0.107 | 指标=I_eps+ | score=2(极优) | Pw=[SDE=0.333 I+=0.333 MD=0.333] | Lp=2.40 | n_eval=8
[Gen   1 | FE= 108/ 300] p_err=0.248 | 指标=MD     | score=2(极优) | Pw=[SDE=0.333 I+=0.333 MD=0.333] | Lp=3.10 | n_eval=8
[Gen   1 | FE= 108/ 300] p_err=0.204 | 指标=MD     | score=2(极优) | Pw=[SDE=0.333 I+=0.333 MD=0.333] | Lp=2.40 | n_eval=8
[Gen   2 | FE= 116/ 300] p_err=0.133 | 指标=I_eps+ | score=2(极优) | Pw=[SDE=0.333 I+=0.333 MD=0.333] | Lp=4.20 | n_eval=8
[Gen   2 | FE= 116/ 300] p_err=0.182 | 指标=SDE    | score=2(极优) | Pw=[SDE=0.333 I+=0.333 MD=0.333] | Lp=3.10 | n_eval=8
[Gen   2 | FE= 116/ 300] p_err=0.172 | 指标=SDE    | score=2(极优) | Pw=[SDE=0.333 I+=0.333 MD=0.333] | Lp=3.10 | n_eval=8
[Gen   2 | FE= 116/ 300] p_err=0.154 | 指标=SDE    | score=2(极优) | Pw=[SDE=0.333 I+=0.333 MD=0.333] | Lp=3.10 | n_eval=8
[Gen   2 | FE= 116/ 300] p_err=0.103 | 指标=I_eps+ | score=2(极优) | Pw=[SDE=0.333 I+=0.333 MD=0.333] | Lp=3.10 | n_eval=8
[Gen   2 | FE= 116/ 300] p_err=0.160 | 指标=SDE    | score=2(极优) | Pw=[SDE=0.333 I+=0.333 MD=0.333] | Lp=2.40 | n_eval=8
[Gen   2 | FE= 116/ 300] p_err=0.104 | 指标=I_eps+ | score=2(极优) | Pw=[SDE=0.333 I+=0.333 MD=0.333] | Lp=3.10 | n_eval=8
[Gen   2 | FE= 116/ 300] p_err=0.123 | 指标=SDE    | score=2(极优) | Pw=[SDE=0.333 I+=0.333 MD=0.333] | Lp=3.10 | n_eval=8
[Gen   3 | FE= 124/ 300] p_err=0.220 | 指标=SDE    | score=2(极优) | Pw=[SDE=0.333 I+=0.333 MD=0.333] | Lp=3.10 | n_eval=8
[Gen   3 | FE= 124/ 300] p_err=0.190 | 指标=MD     | score=2(极优) | Pw=[SDE=0.333 I+=0.333 MD=0.333] | Lp=3.10 | n_eval=8
[Gen   3 | FE= 124/ 300] p_err=0.124 | 指标=I_eps+ | score=2(极优) | Pw=[SDE=0.333 I+=0.333 MD=0.333] | Lp=3.10 | n_eval=8
[Gen   3 | FE= 124/ 300] p_err=0.130 | 指标=I_eps+ | score=2(极优) | Pw=[SDE=0.333 I+=0.333 MD=0.333] | Lp=3.10 | n_eval=8
[Gen   3 | FE= 124/ 300] p_err=0.123 | 指标=I_eps+ | score=2(极优) | Pw=[SDE=0.333 I+=0.333 MD=0.333] | Lp=3.10 | n_eval=8
[Gen   3 | FE= 124/ 300] p_err=0.143 | 指标=MD     | score=2(极优) | Pw=[SDE=0.333 I+=0.333 MD=0.333] | Lp=2.40 | n_eval=8
[Gen   3 | FE= 124/ 300] p_err=0.133 | 指标=SDE    | score=2(极优) | Pw=[SDE=0.333 I+=0.333 MD=0.333] | Lp=3.10 | n_eval=8
[Gen   3 | FE= 124/ 300] p_err=0.142 | 指标=SDE    | score=2(极优) | Pw=[SDE=0.333 I+=0.333 MD=0.333] | Lp=3.10 | n_eval=8
[Gen   4 | FE= 132/ 300] p_err=0.201 | 指标=SDE    | score=2(极优) | Pw=[SDE=0.333 I+=0.333 MD=0.333] | Lp=3.10 | n_eval=8
[Gen   4 | FE= 132/ 300] p_err=0.176 | 指标=I_eps+ | score=2(极优) | Pw=[SDE=0.333 I+=0.333 MD=0.333] | Lp=3.10 | n_eval=8
[Gen   4 | FE= 132/ 300] p_err=0.154 | 指标=I_eps+ | score=2(极优) | Pw=[SDE=0.333 I+=0.333 MD=0.333] | Lp=3.10 | n_eval=8
[Gen   4 | FE= 132/ 300] p_err=0.170 | 指标=MD     | score=2(极优) | Pw=[SDE=0.333 I+=0.333 MD=0.333] | Lp=2.40 | n_eval=8
[Gen   4 | FE= 132/ 300] p_err=0.138 | 指标=I_eps+ | score=2(极优) | Pw=[SDE=0.333 I+=0.333 MD=0.333] | Lp=3.10 | n_eval=8
[Gen   4 | FE= 132/ 300] p_err=0.168 | 指标=SDE    | score=2(极优) | Pw=[SDE=0.333 I+=0.333 MD=0.333] | Lp=3.10 | n_eval=8
[Gen   4 | FE= 132/ 300] p_err=0.150 | 指标=I_eps+ | score=2(极优) | Pw=[SDE=0.333 I+=0.333 MD=0.333] | Lp=3.10 | n_eval=8
[Gen   4 | FE= 132/ 300] p_err=0.184 | 指标=SDE    | score=2(极优) | Pw=[SDE=0.333 I+=0.333 MD=0.333] | Lp=3.10 | n_eval=8
[Gen   5 | FE= 140/ 300] p_err=0.189 | 指标=MD     | score=2(极优) | Pw=[SDE=0.333 I+=0.333 MD=0.333] | Lp=3.10 | n_eval=8
[Gen   5 | FE= 140/ 300] p_err=0.176 | 指标=MD     | score=2(极优) | Pw=[SDE=0.333 I+=0.333 MD=0.333] | Lp=3.10 | n_eval=8
[Gen   5 | FE= 140/ 300] p_err=0.276 | 指标=SDE    | score=2(极优) | Pw=[SDE=0.333 I+=0.333 MD=0.333] | Lp=2.40 | n_eval=8
[Gen   5 | FE= 140/ 300] p_err=0.167 | 指标=SDE    | score=2(极优) | Pw=[SDE=0.333 I+=0.333 MD=0.333] | Lp=3.10 | n_eval=8
[Gen   5 | FE= 140/ 300] p_err=0.162 | 指标=I_eps+ | score=2(极优) | Pw=[SDE=0.333 I+=0.333 MD=0.333] | Lp=3.10 | n_eval=8
[Gen   5 | FE= 140/ 300] p_err=0.137 | 指标=I_eps+ | score=2(极优) | Pw=[SDE=0.333 I+=0.333 MD=0.333] | Lp=3.10 | n_eval=8
[Gen   5 | FE= 140/ 300] p_err=0.194 | 指标=I_eps+ | score=2(极优) | Pw=[SDE=0.333 I+=0.333 MD=0.333] | Lp=3.10 | n_eval=8
[Gen   5 | FE= 140/ 300] p_err=0.192 | 指标=MD     | score=2(极优) | Pw=[SDE=0.333 I+=0.333 MD=0.333] | Lp=3.10 | n_eval=8
[Gen   6 | FE= 148/ 300] p_err=0.203 | 指标=SDE    | score=2(极优) | Pw=[SDE=0.333 I+=0.333 MD=0.333] | Lp=3.10 | n_eval=8
[Gen   6 | FE= 148/ 300] p_err=0.202 | 指标=SDE    | score=2(极优) | Pw=[SDE=0.333 I+=0.333 MD=0.333] | Lp=3.10 | n_eval=8
[Gen   6 | FE= 148/ 300] p_err=0.202 | 指标=SDE    | score=2(极优) | Pw=[SDE=0.333 I+=0.333 MD=0.333] | Lp=2.40 | n_eval=8
[Gen   6 | FE= 148/ 300] p_err=0.199 | 指标=SDE    | score=2(极优) | Pw=[SDE=0.333 I+=0.333 MD=0.333] | Lp=3.10 | n_eval=8
[Gen   6 | FE= 148/ 300] p_err=0.116 | 指标=I_eps+ | score=2(极优) | Pw=[SDE=0.333 I+=0.333 MD=0.333] | Lp=3.10 | n_eval=8
[Gen   6 | FE= 148/ 300] p_err=0.146 | 指标=MD     | score=2(极优) | Pw=[SDE=0.333 I+=0.333 MD=0.333] | Lp=3.10 | n_eval=8
[Gen   6 | FE= 148/ 300] p_err=0.179 | 指标=MD     | score=2(极优) | Pw=[SDE=0.333 I+=0.333 MD=0.333] | Lp=4.20 | n_eval=8
[Gen   6 | FE= 148/ 300] p_err=0.179 | 指标=MD     | score=2(极优) | Pw=[SDE=0.333 I+=0.333 MD=0.333] | Lp=4.20 | n_eval=8
[Gen   7 | FE= 156/ 300] p_err=0.235 | 指标=I_eps+ | score=2(极优) | Pw=[SDE=0.333 I+=0.333 MD=0.333] | Lp=3.10 | n_eval=8
[Gen   7 | FE= 156/ 300] p_err=0.141 | 指标=I_eps+ | score=2(极优) | Pw=[SDE=0.333 I+=0.333 MD=0.333] | Lp=3.10 | n_eval=8
[Gen   7 | FE= 156/ 300] p_err=0.225 | 指标=SDE    | score=2(极优) | Pw=[SDE=0.333 I+=0.333 MD=0.333] | Lp=2.40 | n_eval=8
[Gen   7 | FE= 156/ 300] p_err=0.256 | 指标=MD     | score=2(极优) | Pw=[SDE=0.333 I+=0.333 MD=0.333] | Lp=3.10 | n_eval=8
[Gen   7 | FE= 156/ 300] p_err=0.235 | 指标=MD     | score=2(极优) | Pw=[SDE=0.333 I+=0.333 MD=0.333] | Lp=4.20 | n_eval=8
[Gen   7 | FE= 156/ 300] p_err=0.201 | 指标=SDE    | score=2(极优) | Pw=[SDE=0.333 I+=0.333 MD=0.333] | Lp=3.10 | n_eval=8
[Gen   7 | FE= 156/ 300] p_err=0.246 | 指标=SDE    | score=2(极优) | Pw=[SDE=0.333 I+=0.333 MD=0.333] | Lp=3.10 | n_eval=8
[Gen   7 | FE= 156/ 300] p_err=0.194 | 指标=I_eps+ | score=2(极优) | Pw=[SDE=0.333 I+=0.333 MD=0.333] | Lp=4.20 | n_eval=8
[Gen   8 | FE= 164/ 300] p_err=0.163 | 指标=MD     | score=2(极优) | Pw=[SDE=0.333 I+=0.333 MD=0.333] | Lp=3.10 | n_eval=8
[Gen   8 | FE= 164/ 300] p_err=0.163 | 指标=SDE    | score=2(极优) | Pw=[SDE=0.333 I+=0.333 MD=0.333] | Lp=3.10 | n_eval=8
[Gen   8 | FE= 164/ 300] p_err=0.199 | 指标=I_eps+ | score=2(极优) | Pw=[SDE=0.333 I+=0.333 MD=0.333] | Lp=2.40 | n_eval=8
[Gen   8 | FE= 164/ 300] p_err=0.192 | 指标=MD     | score=2(极优) | Pw=[SDE=0.333 I+=0.333 MD=0.333] | Lp=3.10 | n_eval=8
[Gen   8 | FE= 164/ 300] p_err=0.173 | 指标=SDE    | score=2(极优) | Pw=[SDE=0.333 I+=0.333 MD=0.333] | Lp=4.20 | n_eval=8
[Gen   8 | FE= 164/ 300] p_err=0.219 | 指标=SDE    | score=2(极优) | Pw=[SDE=0.333 I+=0.333 MD=0.333] | Lp=3.10 | n_eval=8
[Gen   8 | FE= 164/ 300] p_err=0.141 | 指标=MD     | score=2(极优) | Pw=[SDE=0.333 I+=0.333 MD=0.333] | Lp=3.10 | n_eval=8
[Gen   8 | FE= 164/ 300] p_err=0.200 | 指标=I_eps+ | score=2(极优) | Pw=[SDE=0.333 I+=0.333 MD=0.333] | Lp=3.10 | n_eval=8
[Gen   9 | FE= 172/ 300] p_err=0.178 | 指标=MD     | score=2(极优) | Pw=[SDE=0.333 I+=0.333 MD=0.333] | Lp=3.10 | n_eval=8
[Gen   9 | FE= 172/ 300] p_err=0.170 | 指标=MD     | score=2(极优) | Pw=[SDE=0.333 I+=0.333 MD=0.333] | Lp=3.10 | n_eval=8
[Gen   9 | FE= 172/ 300] p_err=0.204 | 指标=I_eps+ | score=2(极优) | Pw=[SDE=0.333 I+=0.333 MD=0.333] | Lp=2.40 | n_eval=8
[Gen   9 | FE= 172/ 300] p_err=0.205 | 指标=I_eps+ | score=2(极优) | Pw=[SDE=0.333 I+=0.333 MD=0.333] | Lp=3.10 | n_eval=8
[Gen   9 | FE= 172/ 300] p_err=0.134 | 指标=I_eps+ | score=2(极优) | Pw=[SDE=0.333 I+=0.333 MD=0.333] | Lp=3.10 | n_eval=8
[Gen   9 | FE= 172/ 300] p_err=0.219 | 指标=SDE    | score=2(极优) | Pw=[SDE=0.333 I+=0.333 MD=0.333] | Lp=3.10 | n_eval=8
[Gen   9 | FE= 172/ 300] p_err=0.245 | 指标=I_eps+ | score=2(极优) | Pw=[SDE=0.333 I+=0.333 MD=0.333] | Lp=2.40 | n_eval=8
[Gen   9 | FE= 172/ 300] p_err=0.223 | 指标=SDE    | score=2(极优) | Pw=[SDE=0.333 I+=0.333 MD=0.333] | Lp=4.20 | n_eval=8
[Gen  10 | FE= 180/ 300] p_err=0.161 | 指标=MD     | score=2(极优) | Pw=[SDE=0.333 I+=0.333 MD=0.333] | Lp=4.20 | n_eval=8
[Gen  10 | FE= 180/ 300] p_err=0.183 | 指标=MD     | score=2(极优) | Pw=[SDE=0.333 I+=0.333 MD=0.333] | Lp=3.10 | n_eval=8
[Gen  10 | FE= 180/ 300] p_err=0.180 | 指标=I_eps+ | score=2(极优) | Pw=[SDE=0.333 I+=0.333 MD=0.333] | Lp=3.10 | n_eval=8
[Gen  10 | FE= 180/ 300] p_err=0.137 | 指标=I_eps+ | score=2(极优) | Pw=[SDE=0.333 I+=0.333 MD=0.333] | Lp=3.10 | n_eval=8
[Gen  10 | FE= 180/ 300] p_err=0.162 | 指标=MD     | score=2(极优) | Pw=[SDE=0.333 I+=0.333 MD=0.333] | Lp=3.10 | n_eval=8
[Gen  10 | FE= 180/ 300] p_err=0.237 | 指标=I_eps+ | score=2(极优) | Pw=[SDE=0.333 I+=0.333 MD=0.333] | Lp=2.40 | n_eval=8
[Gen  10 | FE= 180/ 300] p_err=0.212 | 指标=SDE    | score=2(极优) | Pw=[SDE=0.333 I+=0.333 MD=0.333] | Lp=4.20 | n_eval=8
[Gen  10 | FE= 180/ 300] p_err=0.244 | 指标=SDE    | score=2(极优) | Pw=[SDE=0.333 I+=0.333 MD=0.333] | Lp=3.10 | n_eval=8
[Gen  11 | FE= 188/ 300] p_err=0.174 | 指标=MD     | score=2(极优) | Pw=[SDE=0.333 I+=0.333 MD=0.333] | Lp=3.10 | n_eval=8
[Gen  11 | FE= 188/ 300] p_err=0.205 | 指标=SDE    | score=2(极优) | Pw=[SDE=0.333 I+=0.333 MD=0.333] | Lp=3.10 | n_eval=8
[Gen  11 | FE= 188/ 300] p_err=0.204 | 指标=I_eps+ | score=2(极优) | Pw=[SDE=0.333 I+=0.333 MD=0.333] | Lp=3.10 | n_eval=8
[Gen  11 | FE= 188/ 300] p_err=0.168 | 指标=MD     | score=2(极优) | Pw=[SDE=0.333 I+=0.333 MD=0.333] | Lp=3.10 | n_eval=8
[Gen  11 | FE= 188/ 300] p_err=0.280 | 指标=I_eps+ | score=2(极优) | Pw=[SDE=0.333 I+=0.333 MD=0.333] | Lp=3.10 | n_eval=8
[Gen  11 | FE= 188/ 300] p_err=0.283 | 指标=I_eps+ | score=2(极优) | Pw=[SDE=0.333 I+=0.333 MD=0.333] | Lp=3.10 | n_eval=8
[Gen  11 | FE= 188/ 300] p_err=0.219 | 指标=I_eps+ | score=2(极优) | Pw=[SDE=0.333 I+=0.333 MD=0.333] | Lp=3.10 | n_eval=8
[Gen  11 | FE= 188/ 300] p_err=0.209 | 指标=I_eps+ | score=2(极优) | Pw=[SDE=0.333 I+=0.333 MD=0.333] | Lp=2.40 | n_eval=8
[Gen  12 | FE= 196/ 300] p_err=0.210 | 指标=I_eps+ | score=2(极优) | Pw=[SDE=0.333 I+=0.333 MD=0.333] | Lp=3.10 | n_eval=8
[Gen  12 | FE= 196/ 300] p_err=0.132 | 指标=I_eps+ | score=2(极优) | Pw=[SDE=0.333 I+=0.333 MD=0.333] | Lp=4.20 | n_eval=8
[Gen  12 | FE= 196/ 300] p_err=0.200 | 指标=MD     | score=2(极优) | Pw=[SDE=0.333 I+=0.333 MD=0.333] | Lp=3.10 | n_eval=8
[Gen  12 | FE= 196/ 300] p_err=0.181 | 指标=SDE    | score=2(极优) | Pw=[SDE=0.333 I+=0.333 MD=0.333] | Lp=3.10 | n_eval=8
[Gen  12 | FE= 196/ 300] p_err=0.269 | 指标=SDE    | score=2(极优) | Pw=[SDE=0.333 I+=0.333 MD=0.333] | Lp=3.10 | n_eval=8
[Gen  12 | FE= 196/ 300] p_err=0.245 | 指标=SDE    | score=2(极优) | Pw=[SDE=0.333 I+=0.333 MD=0.333] | Lp=3.10 | n_eval=8
[Gen  12 | FE= 196/ 300] p_err=0.249 | 指标=MD     | score=2(极优) | Pw=[SDE=0.333 I+=0.333 MD=0.333] | Lp=4.20 | n_eval=8
[Gen  12 | FE= 196/ 300] p_err=0.203 | 指标=SDE    | score=2(极优) | Pw=[SDE=0.333 I+=0.333 MD=0.333] | Lp=3.10 | n_eval=8
[Gen  13 | FE= 204/ 300] p_err=0.203 | 指标=MD     | score=2(极优) | Pw=[SDE=0.333 I+=0.333 MD=0.333] | Lp=3.10 | n_eval=8
[Gen  13 | FE= 204/ 300] p_err=0.150 | 指标=MD     | score=1(中  ) | Pw=[SDE=0.338 I+=0.338 MD=0.324] | Lp=4.20 | n_eval=8
[Gen  13 | FE= 204/ 300] p_err=0.120 | 指标=MD     | score=2(极优) | Pw=[SDE=0.333 I+=0.333 MD=0.333] | Lp=3.10 | n_eval=8
[Gen  13 | FE= 204/ 300] p_err=0.211 | 指标=MD     | score=2(极优) | Pw=[SDE=0.333 I+=0.333 MD=0.333] | Lp=3.10 | n_eval=8
[Gen  13 | FE= 204/ 300] p_err=0.191 | 指标=I_eps+ | score=2(极优) | Pw=[SDE=0.333 I+=0.333 MD=0.333] | Lp=3.10 | n_eval=8
[Gen  13 | FE= 204/ 300] p_err=0.146 | 指标=SDE    | score=2(极优) | Pw=[SDE=0.333 I+=0.333 MD=0.333] | Lp=3.10 | n_eval=8
[Gen  13 | FE= 204/ 300] p_err=0.227 | 指标=SDE    | score=2(极优) | Pw=[SDE=0.333 I+=0.333 MD=0.333] | Lp=4.20 | n_eval=8
[Gen  13 | FE= 204/ 300] p_err=0.200 | 指标=MD     | score=2(极优) | Pw=[SDE=0.333 I+=0.333 MD=0.333] | Lp=3.10 | n_eval=8
[Gen  14 | FE= 212/ 300] p_err=0.190 | 指标=SDE    | score=2(极优) | Pw=[SDE=0.333 I+=0.333 MD=0.333] | Lp=3.10 | n_eval=8
[Gen  14 | FE= 212/ 300] p_err=0.162 | 指标=MD     | score=2(极优) | Pw=[SDE=0.338 I+=0.338 MD=0.324] | Lp=4.20 | n_eval=8
[Gen  14 | FE= 212/ 300] p_err=0.198 | 指标=SDE    | score=2(极优) | Pw=[SDE=0.333 I+=0.333 MD=0.333] | Lp=3.10 | n_eval=8
[Gen  14 | FE= 212/ 300] p_err=0.139 | 指标=I_eps+ | score=2(极优) | Pw=[SDE=0.333 I+=0.333 MD=0.333] | Lp=3.10 | n_eval=8
[Gen  14 | FE= 212/ 300] p_err=0.300 | 指标=I_eps+ | score=2(极优) | Pw=[SDE=0.333 I+=0.333 MD=0.333] | Lp=3.10 | n_eval=8
[Gen  14 | FE= 212/ 300] p_err=0.181 | 指标=MD     | score=2(极优) | Pw=[SDE=0.333 I+=0.333 MD=0.333] | Lp=2.40 | n_eval=8
[Gen  14 | FE= 212/ 300] p_err=0.222 | 指标=MD     | score=2(极优) | Pw=[SDE=0.333 I+=0.333 MD=0.333] | Lp=3.10 | n_eval=8
[Gen  14 | FE= 212/ 300] p_err=0.227 | 指标=I_eps+ | score=1(中  ) | Pw=[SDE=0.340 I+=0.319 MD=0.340] | Lp=3.10 | n_eval=8
[Gen  15 | FE= 220/ 300] p_err=0.303 | 指标=SDE    | score=2(极优) | Pw=[SDE=0.333 I+=0.333 MD=0.333] | Lp=3.10 | n_eval=8
[Gen  15 | FE= 220/ 300] p_err=0.220 | 指标=MD     | score=2(极优) | Pw=[SDE=0.338 I+=0.338 MD=0.324] | Lp=4.20 | n_eval=8
[Gen  15 | FE= 220/ 300] p_err=0.165 | 指标=I_eps+ | score=2(极优) | Pw=[SDE=0.333 I+=0.333 MD=0.333] | Lp=3.10 | n_eval=8
[Gen  15 | FE= 220/ 300] p_err=0.155 | 指标=I_eps+ | score=2(极优) | Pw=[SDE=0.333 I+=0.333 MD=0.333] | Lp=3.10 | n_eval=8
[Gen  15 | FE= 220/ 300] p_err=0.309 | 指标=SDE    | score=2(极优) | Pw=[SDE=0.333 I+=0.333 MD=0.333] | Lp=3.10 | n_eval=8
[Gen  15 | FE= 220/ 300] p_err=0.202 | 指标=I_eps+ | score=2(极优) | Pw=[SDE=0.333 I+=0.333 MD=0.333] | Lp=2.40 | n_eval=8
[Gen  15 | FE= 220/ 300] p_err=0.233 | 指标=MD     | score=2(极优) | Pw=[SDE=0.333 I+=0.333 MD=0.333] | Lp=4.20 | n_eval=8
[Gen  15 | FE= 220/ 300] p_err=0.397 | 指标=SDE    | score=2(极优) | Pw=[SDE=0.341 I+=0.317 MD=0.341] | Lp=3.10 | n_eval=8
[Gen  16 | FE= 228/ 300] p_err=0.129 | 指标=I_eps+ | score=2(极优) | Pw=[SDE=0.338 I+=0.338 MD=0.323] | Lp=3.10 | n_eval=8
[Gen  16 | FE= 228/ 300] p_err=0.164 | 指标=MD     | score=2(极优) | Pw=[SDE=0.333 I+=0.333 MD=0.333] | Lp=3.10 | n_eval=8
[Gen  16 | FE= 228/ 300] p_err=0.210 | 指标=I_eps+ | score=2(极优) | Pw=[SDE=0.333 I+=0.333 MD=0.333] | Lp=2.40 | n_eval=8
[Gen  16 | FE= 228/ 300] p_err=0.242 | 指标=SDE    | score=2(极优) | Pw=[SDE=0.333 I+=0.333 MD=0.333] | Lp=3.10 | n_eval=8
[Gen  16 | FE= 228/ 300] p_err=0.163 | 指标=MD     | score=2(极优) | Pw=[SDE=0.333 I+=0.333 MD=0.333] | Lp=3.10 | n_eval=8
[Gen  16 | FE= 228/ 300] p_err=0.143 | 指标=MD     | score=2(极优) | Pw=[SDE=0.333 I+=0.333 MD=0.333] | Lp=2.40 | n_eval=8
[Gen  16 | FE= 228/ 300] p_err=0.280 | 指标=MD     | score=2(极优) | Pw=[SDE=0.333 I+=0.333 MD=0.333] | Lp=4.20 | n_eval=8
[Gen  16 | FE= 228/ 300] p_err=0.169 | 指标=MD     | score=1(中  ) | Pw=[SDE=0.350 I+=0.320 MD=0.330] | Lp=3.10 | n_eval=8
[Gen  17 | FE= 236/ 300] p_err=0.183 | 指标=MD     | score=2(极优) | Pw=[SDE=0.333 I+=0.333 MD=0.333] | Lp=3.10 | n_eval=8
[Gen  17 | FE= 236/ 300] p_err=0.209 | 指标=SDE    | score=2(极优) | Pw=[SDE=0.339 I+=0.339 MD=0.322] | Lp=3.10 | n_eval=8
[Gen  17 | FE= 236/ 300] p_err=0.274 | 指标=SDE    | score=2(极优) | Pw=[SDE=0.333 I+=0.333 MD=0.333] | Lp=3.10 | n_eval=8
[Gen  17 | FE= 236/ 300] p_err=0.194 | 指标=MD     | score=2(极优) | Pw=[SDE=0.333 I+=0.333 MD=0.333] | Lp=3.10 | n_eval=8
[Gen  17 | FE= 236/ 300] p_err=0.203 | 指标=I_eps+ | score=2(极优) | Pw=[SDE=0.333 I+=0.333 MD=0.333] | Lp=3.10 | n_eval=8
[Gen  17 | FE= 236/ 300] p_err=0.344 | 指标=SDE    | score=2(极优) | Pw=[SDE=0.333 I+=0.333 MD=0.333] | Lp=3.10 | n_eval=8
[Gen  17 | FE= 236/ 300] p_err=0.227 | 指标=I_eps+ | score=2(极优) | Pw=[SDE=0.333 I+=0.333 MD=0.333] | Lp=2.40 | n_eval=8
[Gen  17 | FE= 236/ 300] p_err=0.236 | 指标=MD     | score=2(极优) | Pw=[SDE=0.352 I+=0.316 MD=0.332] | Lp=3.10 | n_eval=8
[Gen  18 | FE= 244/ 300] p_err=0.183 | 指标=SDE    | score=2(极优) | Pw=[SDE=0.340 I+=0.340 MD=0.321] | Lp=3.10 | n_eval=8
[Gen  18 | FE= 244/ 300] p_err=0.234 | 指标=SDE    | score=2(极优) | Pw=[SDE=0.333 I+=0.333 MD=0.333] | Lp=3.10 | n_eval=8
[Gen  18 | FE= 244/ 300] p_err=0.207 | 指标=MD     | score=2(极优) | Pw=[SDE=0.333 I+=0.333 MD=0.333] | Lp=3.10 | n_eval=8
[Gen  18 | FE= 244/ 300] p_err=0.223 | 指标=SDE    | score=2(极优) | Pw=[SDE=0.333 I+=0.333 MD=0.333] | Lp=3.10 | n_eval=8
[Gen  18 | FE= 244/ 300] p_err=0.271 | 指标=I_eps+ | score=2(极优) | Pw=[SDE=0.333 I+=0.333 MD=0.333] | Lp=3.10 | n_eval=8
[Gen  18 | FE= 244/ 300] p_err=0.380 | 指标=I_eps+ | score=2(极优) | Pw=[SDE=0.333 I+=0.333 MD=0.333] | Lp=2.40 | n_eval=8
[Gen  18 | FE= 244/ 300] p_err=0.223 | 指标=MD     | score=2(极优) | Pw=[SDE=0.333 I+=0.333 MD=0.333] | Lp=3.10 | n_eval=8
[Gen  18 | FE= 244/ 300] p_err=0.337 | 指标=SDE    | score=2(极优) | Pw=[SDE=0.356 I+=0.311 MD=0.333] | Lp=3.10 | n_eval=8
[Gen  19 | FE= 252/ 300] p_err=0.203 | 指标=MD     | score=2(极优) | Pw=[SDE=0.333 I+=0.333 MD=0.333] | Lp=3.10 | n_eval=8
[Gen  19 | FE= 252/ 300] p_err=0.150 | 指标=MD     | score=2(极优) | Pw=[SDE=0.340 I+=0.340 MD=0.321] | Lp=3.10 | n_eval=8
[Gen  19 | FE= 252/ 300] p_err=0.196 | 指标=I_eps+ | score=2(极优) | Pw=[SDE=0.333 I+=0.333 MD=0.333] | Lp=2.40 | n_eval=8
[Gen  19 | FE= 252/ 300] p_err=0.231 | 指标=SDE    | score=2(极优) | Pw=[SDE=0.333 I+=0.333 MD=0.333] | Lp=2.40 | n_eval=8
[Gen  19 | FE= 252/ 300] p_err=0.159 | 指标=MD     | score=2(极优) | Pw=[SDE=0.333 I+=0.333 MD=0.333] | Lp=3.10 | n_eval=8
[Gen  19 | FE= 252/ 300] p_err=0.155 | 指标=MD     | score=2(极优) | Pw=[SDE=0.333 I+=0.333 MD=0.333] | Lp=2.40 | n_eval=8
[Gen  19 | FE= 252/ 300] p_err=0.264 | 指标=SDE    | score=2(极优) | Pw=[SDE=0.333 I+=0.333 MD=0.333] | Lp=3.10 | n_eval=8
[Gen  19 | FE= 252/ 300] p_err=0.251 | 指标=SDE    | score=2(极优) | Pw=[SDE=0.362 I+=0.302 MD=0.336] | Lp=3.10 | n_eval=8
[Gen  20 | FE= 260/ 300] p_err=0.127 | 指标=MD     | score=2(极优) | Pw=[SDE=0.333 I+=0.333 MD=0.333] | Lp=3.10 | n_eval=8
[Gen  20 | FE= 260/ 300] p_err=0.225 | 指标=MD     | score=2(极优) | Pw=[SDE=0.340 I+=0.340 MD=0.321] | Lp=3.10 | n_eval=8
[Gen  20 | FE= 260/ 300] p_err=0.341 | 指标=SDE    | score=2(极优) | Pw=[SDE=0.333 I+=0.333 MD=0.333] | Lp=2.40 | n_eval=8
[Gen  20 | FE= 260/ 300] p_err=0.200 | 指标=SDE    | score=2(极优) | Pw=[SDE=0.333 I+=0.333 MD=0.333] | Lp=3.10 | n_eval=8
[Gen  20 | FE= 260/ 300] p_err=0.242 | 指标=I_eps+ | score=2(极优) | Pw=[SDE=0.333 I+=0.333 MD=0.333] | Lp=3.10 | n_eval=8
[Gen  20 | FE= 260/ 300] p_err=0.220 | 指标=I_eps+ | score=2(极优) | Pw=[SDE=0.333 I+=0.333 MD=0.333] | Lp=3.10 | n_eval=8
[Gen  20 | FE= 260/ 300] p_err=0.303 | 指标=SDE    | score=2(极优) | Pw=[SDE=0.333 I+=0.333 MD=0.333] | Lp=3.10 | n_eval=8
[Gen  20 | FE= 260/ 300] p_err=0.364 | 指标=SDE    | score=2(极优) | Pw=[SDE=0.375 I+=0.281 MD=0.344] | Lp=3.10 | n_eval=8
[Gen  21 | FE= 268/ 300] p_err=0.158 | 指标=MD     | score=2(极优) | Pw=[SDE=0.333 I+=0.333 MD=0.333] | Lp=3.10 | n_eval=8
[Gen  21 | FE= 268/ 300] p_err=0.221 | 指标=SDE    | score=2(极优) | Pw=[SDE=0.340 I+=0.340 MD=0.321] | Lp=3.10 | n_eval=8
[Gen  21 | FE= 268/ 300] p_err=0.155 | 指标=I_eps+ | score=2(极优) | Pw=[SDE=0.333 I+=0.333 MD=0.333] | Lp=3.10 | n_eval=8
[Gen  21 | FE= 268/ 300] p_err=0.265 | 指标=SDE    | score=2(极优) | Pw=[SDE=0.333 I+=0.333 MD=0.333] | Lp=2.40 | n_eval=8
[Gen  21 | FE= 268/ 300] p_err=0.150 | 指标=MD     | score=2(极优) | Pw=[SDE=0.333 I+=0.333 MD=0.333] | Lp=3.10 | n_eval=8
[Gen  21 | FE= 268/ 300] p_err=0.247 | 指标=SDE    | score=2(极优) | Pw=[SDE=0.333 I+=0.333 MD=0.333] | Lp=3.10 | n_eval=8
[Gen  21 | FE= 268/ 300] p_err=0.239 | 指标=SDE    | score=2(极优) | Pw=[SDE=0.333 I+=0.333 MD=0.333] | Lp=3.10 | n_eval=8
[Gen  21 | FE= 268/ 300] p_err=0.261 | 指标=SDE    | score=2(极优) | Pw=[SDE=0.377 I+=0.283 MD=0.340] | Lp=3.10 | n_eval=8
[Gen  22 | FE= 276/ 300] p_err=0.285 | 指标=SDE    | score=2(极优) | Pw=[SDE=0.333 I+=0.333 MD=0.333] | Lp=3.10 | n_eval=8
[Gen  22 | FE= 276/ 300] p_err=0.146 | 指标=MD     | score=2(极优) | Pw=[SDE=0.339 I+=0.339 MD=0.322] | Lp=3.10 | n_eval=8
[Gen  22 | FE= 276/ 300] p_err=0.241 | 指标=SDE    | score=2(极优) | Pw=[SDE=0.333 I+=0.333 MD=0.333] | Lp=3.10 | n_eval=8
[Gen  22 | FE= 276/ 300] p_err=0.300 | 指标=SDE    | score=2(极优) | Pw=[SDE=0.333 I+=0.333 MD=0.333] | Lp=3.10 | n_eval=8
[Gen  22 | FE= 276/ 300] p_err=0.293 | 指标=I_eps+ | score=2(极优) | Pw=[SDE=0.333 I+=0.333 MD=0.333] | Lp=3.10 | n_eval=8
[Gen  22 | FE= 276/ 300] p_err=0.270 | 指标=SDE    | score=2(极优) | Pw=[SDE=0.333 I+=0.333 MD=0.333] | Lp=4.20 | n_eval=8
[Gen  22 | FE= 276/ 300] p_err=0.241 | 指标=I_eps+ | score=2(极优) | Pw=[SDE=0.333 I+=0.333 MD=0.333] | Lp=2.40 | n_eval=8
[Gen  23 | FE= 284/ 300] p_err=0.191 | 指标=MD     | score=2(极优) | Pw=[SDE=0.333 I+=0.333 MD=0.333] | Lp=3.10 | n_eval=8
[Gen  22 | FE= 276/ 300] p_err=0.276 | 指标=I_eps+ | score=2(极优) | Pw=[SDE=0.366 I+=0.305 MD=0.329] | Lp=3.10 | n_eval=8
[Gen  23 | FE= 284/ 300] p_err=0.182 | 指标=I_eps+ | score=2(极优) | Pw=[SDE=0.340 I+=0.340 MD=0.321] | Lp=4.20 | n_eval=8
[Gen  23 | FE= 284/ 300] p_err=0.279 | 指标=I_eps+ | score=2(极优) | Pw=[SDE=0.333 I+=0.333 MD=0.333] | Lp=3.10 | n_eval=8
[Gen  23 | FE= 284/ 300] p_err=0.205 | 指标=SDE    | score=2(极优) | Pw=[SDE=0.333 I+=0.333 MD=0.333] | Lp=2.40 | n_eval=8
[Gen  23 | FE= 284/ 300] p_err=0.264 | 指标=SDE    | score=2(极优) | Pw=[SDE=0.333 I+=0.333 MD=0.333] | Lp=4.20 | n_eval=8
[Gen  23 | FE= 284/ 300] p_err=0.188 | 指标=MD     | score=2(极优) | Pw=[SDE=0.333 I+=0.333 MD=0.333] | Lp=3.10 | n_eval=8
[Gen  23 | FE= 284/ 300] p_err=0.159 | 指标=I_eps+ | score=2(极优) | Pw=[SDE=0.333 I+=0.333 MD=0.333] | Lp=2.40 | n_eval=8
[Gen  23 | FE= 284/ 300] p_err=0.220 | 指标=MD     | score=2(极优) | Pw=[SDE=0.364 I+=0.303 MD=0.333] | Lp=3.10 | n_eval=8
[Gen  24 | FE= 292/ 300] p_err=0.214 | 指标=SDE    | score=2(极优) | Pw=[SDE=0.333 I+=0.333 MD=0.333] | Lp=3.10 | n_eval=8
[Gen  24 | FE= 292/ 300] p_err=0.178 | 指标=I_eps+ | score=2(极优) | Pw=[SDE=0.340 I+=0.340 MD=0.321] | Lp=3.10 | n_eval=8
[Gen  24 | FE= 292/ 300] p_err=0.240 | 指标=I_eps+ | score=2(极优) | Pw=[SDE=0.333 I+=0.333 MD=0.333] | Lp=3.10 | n_eval=8
[Gen  24 | FE= 292/ 300] p_err=0.230 | 指标=SDE    | score=2(极优) | Pw=[SDE=0.333 I+=0.333 MD=0.333] | Lp=2.40 | n_eval=8
[Gen  24 | FE= 292/ 300] p_err=0.224 | 指标=MD     | score=2(极优) | Pw=[SDE=0.333 I+=0.333 MD=0.333] | Lp=4.20 | n_eval=8
[Gen  24 | FE= 292/ 300] p_err=0.258 | 指标=I_eps+ | score=2(极优) | Pw=[SDE=0.333 I+=0.333 MD=0.333] | Lp=3.10 | n_eval=8
[Gen  24 | FE= 292/ 300] p_err=0.247 | 指标=SDE    | score=2(极优) | Pw=[SDE=0.333 I+=0.333 MD=0.333] | Lp=2.40 | n_eval=8
[Gen  24 | FE= 292/ 300] p_err=0.438 | 指标=I_eps+ | score=2(极优) | Pw=[SDE=0.358 I+=0.313 MD=0.328] | Lp=3.10 | n_eval=8
[Gen  25 | FE= 300/ 300] p_err=0.154 | 指标=MD     | score=2(极优) | Pw=[SDE=0.333 I+=0.333 MD=0.333] | Lp=3.10 | n_eval=8
[Gen  25 | FE= 300/ 300] p_err=0.299 | 指标=SDE    | score=2(极优) | Pw=[SDE=0.333 I+=0.333 MD=0.333] | Lp=3.10 | n_eval=8
[Gen  25 | FE= 300/ 300] p_err=0.153 | 指标=MD     | score=2(极优) | Pw=[SDE=0.340 I+=0.340 MD=0.321] | Lp=3.10 | n_eval=8
[Gen  25 | FE= 300/ 300] p_err=0.248 | 指标=SDE    | score=2(极优) | Pw=[SDE=0.333 I+=0.333 MD=0.333] | Lp=3.10 | n_eval=8
[Gen  25 | FE= 300/ 300] p_err=0.136 | 指标=MD     | score=2(极优) | Pw=[SDE=0.333 I+=0.333 MD=0.333] | Lp=4.20 | n_eval=8
[Gen  25 | FE= 300/ 300] p_err=0.218 | 指标=MD     | score=1(中  ) | Pw=[SDE=0.341 I+=0.341 MD=0.317] | Lp=3.10 | n_eval=8
[Gen  25 | FE= 300/ 300] p_err=0.318 | 指标=MD     | score=2(极优) | Pw=[SDE=0.333 I+=0.333 MD=0.333] | Lp=3.10 | n_eval=8
[Gen  25 | FE= 300/ 300] p_err=0.335 | 指标=I_eps+ | score=2(极优) | Pw=[SDE=0.357 I+=0.321 MD=0.321] | Lp=3.10 | n_eval=8
[Gen   1 | FE= 108/ 300] p_err=0.224 | 指标=MD     | score=2(极优) | Pw=[SDE=0.333 I+=0.333 MD=0.333] | Lp=3.10 | n_eval=8
[Gen   1 | FE= 108/ 300] p_err=0.243 | 指标=MD     | score=2(极优) | Pw=[SDE=0.333 I+=0.333 MD=0.333] | Lp=3.10 | n_eval=8
[Gen   1 | FE= 108/ 300] p_err=0.119 | 指标=I_eps+ | score=2(极优) | Pw=[SDE=0.333 I+=0.333 MD=0.333] | Lp=2.40 | n_eval=8
[Gen   1 | FE= 108/ 300] p_err=0.151 | 指标=SDE    | score=2(极优) | Pw=[SDE=0.333 I+=0.333 MD=0.333] | Lp=2.40 | n_eval=8
[Gen   1 | FE= 108/ 300] p_err=0.127 | 指标=SDE    | score=2(极优) | Pw=[SDE=0.333 I+=0.333 MD=0.333] | Lp=3.10 | n_eval=8
[Gen   1 | FE= 108/ 300] p_err=0.133 | 指标=SDE    | score=2(极优) | Pw=[SDE=0.333 I+=0.333 MD=0.333] | Lp=4.20 | n_eval=8
[Gen   1 | FE= 108/ 300] p_err=0.209 | 指标=MD     | score=2(极优) | Pw=[SDE=0.333 I+=0.333 MD=0.333] | Lp=2.40 | n_eval=8
[Gen   2 | FE= 116/ 300] p_err=0.153 | 指标=SDE    | score=2(极优) | Pw=[SDE=0.333 I+=0.333 MD=0.333] | Lp=3.10 | n_eval=8
[Gen   2 | FE= 116/ 300] p_err=0.145 | 指标=I_eps+ | score=2(极优) | Pw=[SDE=0.333 I+=0.333 MD=0.333] | Lp=3.10 | n_eval=8
[Gen   2 | FE= 116/ 300] p_err=0.132 | 指标=I_eps+ | score=2(极优) | Pw=[SDE=0.333 I+=0.333 MD=0.333] | Lp=2.40 | n_eval=8
[Gen   2 | FE= 116/ 300] p_err=0.207 | 指标=SDE    | score=2(极优) | Pw=[SDE=0.333 I+=0.333 MD=0.333] | Lp=2.40 | n_eval=8
[Gen   2 | FE= 116/ 300] p_err=0.103 | 指标=I_eps+ | score=2(极优) | Pw=[SDE=0.333 I+=0.333 MD=0.333] | Lp=3.10 | n_eval=8
[Gen   2 | FE= 116/ 300] p_err=0.143 | 指标=I_eps+ | score=2(极优) | Pw=[SDE=0.333 I+=0.333 MD=0.333] | Lp=3.10 | n_eval=8
[Gen   2 | FE= 116/ 300] p_err=0.120 | 指标=I_eps+ | score=2(极优) | Pw=[SDE=0.333 I+=0.333 MD=0.333] | Lp=4.20 | n_eval=8
[Gen   3 | FE= 124/ 300] p_err=0.261 | 指标=SDE    | score=2(极优) | Pw=[SDE=0.333 I+=0.333 MD=0.333] | Lp=3.10 | n_eval=8
[Gen   3 | FE= 124/ 300] p_err=0.141 | 指标=I_eps+ | score=2(极优) | Pw=[SDE=0.333 I+=0.333 MD=0.333] | Lp=3.10 | n_eval=8
[Gen   3 | FE= 124/ 300] p_err=0.157 | 指标=I_eps+ | score=2(极优) | Pw=[SDE=0.333 I+=0.333 MD=0.333] | Lp=2.40 | n_eval=8
[Gen   3 | FE= 124/ 300] p_err=0.164 | 指标=SDE    | score=2(极优) | Pw=[SDE=0.333 I+=0.333 MD=0.333] | Lp=2.40 | n_eval=8
[Gen   3 | FE= 124/ 300] p_err=0.186 | 指标=MD     | score=2(极优) | Pw=[SDE=0.333 I+=0.333 MD=0.333] | Lp=3.10 | n_eval=8
[Gen   3 | FE= 124/ 300] p_err=0.154 | 指标=I_eps+ | score=2(极优) | Pw=[SDE=0.333 I+=0.333 MD=0.333] | Lp=3.10 | n_eval=8
[Gen   3 | FE= 124/ 300] p_err=0.158 | 指标=MD     | score=2(极优) | Pw=[SDE=0.333 I+=0.333 MD=0.333] | Lp=3.10 | n_eval=8
[Gen   4 | FE= 132/ 300] p_err=0.222 | 指标=MD     | score=2(极优) | Pw=[SDE=0.333 I+=0.333 MD=0.333] | Lp=3.10 | n_eval=8
[Gen   4 | FE= 132/ 300] p_err=0.226 | 指标=SDE    | score=2(极优) | Pw=[SDE=0.333 I+=0.333 MD=0.333] | Lp=3.10 | n_eval=8
[Gen   4 | FE= 132/ 300] p_err=0.178 | 指标=I_eps+ | score=2(极优) | Pw=[SDE=0.333 I+=0.333 MD=0.333] | Lp=2.40 | n_eval=8
[Gen   4 | FE= 132/ 300] p_err=0.164 | 指标=SDE    | score=2(极优) | Pw=[SDE=0.333 I+=0.333 MD=0.333] | Lp=2.40 | n_eval=8
[Gen   4 | FE= 132/ 300] p_err=0.169 | 指标=I_eps+ | score=2(极优) | Pw=[SDE=0.333 I+=0.333 MD=0.333] | Lp=3.10 | n_eval=8
[Gen   4 | FE= 132/ 300] p_err=0.142 | 指标=I_eps+ | score=2(极优) | Pw=[SDE=0.333 I+=0.333 MD=0.333] | Lp=3.10 | n_eval=8
[Gen   4 | FE= 132/ 300] p_err=0.209 | 指标=MD     | score=2(极优) | Pw=[SDE=0.333 I+=0.333 MD=0.333] | Lp=3.10 | n_eval=8
[Gen   5 | FE= 140/ 300] p_err=0.185 | 指标=I_eps+ | score=2(极优) | Pw=[SDE=0.333 I+=0.333 MD=0.333] | Lp=3.10 | n_eval=8
[Gen   5 | FE= 140/ 300] p_err=0.250 | 指标=MD     | score=2(极优) | Pw=[SDE=0.333 I+=0.333 MD=0.333] | Lp=3.10 | n_eval=8
[Gen   5 | FE= 140/ 300] p_err=0.219 | 指标=SDE    | score=2(极优) | Pw=[SDE=0.333 I+=0.333 MD=0.333] | Lp=2.40 | n_eval=8
[Gen   5 | FE= 140/ 300] p_err=0.203 | 指标=SDE    | score=2(极优) | Pw=[SDE=0.333 I+=0.333 MD=0.333] | Lp=2.40 | n_eval=8
[Gen   5 | FE= 140/ 300] p_err=0.156 | 指标=I_eps+ | score=2(极优) | Pw=[SDE=0.333 I+=0.333 MD=0.333] | Lp=3.10 | n_eval=8
[Gen   5 | FE= 140/ 300] p_err=0.227 | 指标=I_eps+ | score=2(极优) | Pw=[SDE=0.333 I+=0.333 MD=0.333] | Lp=3.10 | n_eval=8
[Gen   5 | FE= 140/ 300] p_err=0.146 | 指标=I_eps+ | score=2(极优) | Pw=[SDE=0.333 I+=0.333 MD=0.333] | Lp=3.10 | n_eval=8
[Gen   6 | FE= 148/ 300] p_err=0.196 | 指标=I_eps+ | score=2(极优) | Pw=[SDE=0.333 I+=0.333 MD=0.333] | Lp=3.10 | n_eval=8
[Gen   6 | FE= 148/ 300] p_err=0.252 | 指标=SDE    | score=2(极优) | Pw=[SDE=0.333 I+=0.333 MD=0.333] | Lp=3.10 | n_eval=8
[Gen   6 | FE= 148/ 300] p_err=0.164 | 指标=I_eps+ | score=2(极优) | Pw=[SDE=0.333 I+=0.333 MD=0.333] | Lp=2.40 | n_eval=8
[Gen   6 | FE= 148/ 300] p_err=0.213 | 指标=I_eps+ | score=2(极优) | Pw=[SDE=0.333 I+=0.333 MD=0.333] | Lp=3.10 | n_eval=8
[Gen   6 | FE= 148/ 300] p_err=0.206 | 指标=SDE    | score=2(极优) | Pw=[SDE=0.333 I+=0.333 MD=0.333] | Lp=3.10 | n_eval=8
[Gen   6 | FE= 148/ 300] p_err=0.188 | 指标=I_eps+ | score=2(极优) | Pw=[SDE=0.333 I+=0.333 MD=0.333] | Lp=2.40 | n_eval=8
[Gen   6 | FE= 148/ 300] p_err=0.206 | 指标=I_eps+ | score=2(极优) | Pw=[SDE=0.333 I+=0.333 MD=0.333] | Lp=3.10 | n_eval=8
[Gen   7 | FE= 156/ 300] p_err=0.214 | 指标=MD     | score=2(极优) | Pw=[SDE=0.333 I+=0.333 MD=0.333] | Lp=3.10 | n_eval=8
[Gen   7 | FE= 156/ 300] p_err=0.231 | 指标=SDE    | score=2(极优) | Pw=[SDE=0.333 I+=0.333 MD=0.333] | Lp=3.10 | n_eval=8
[Gen   7 | FE= 156/ 300] p_err=0.228 | 指标=SDE    | score=2(极优) | Pw=[SDE=0.333 I+=0.333 MD=0.333] | Lp=2.40 | n_eval=8
[Gen   7 | FE= 156/ 300] p_err=0.251 | 指标=I_eps+ | score=2(极优) | Pw=[SDE=0.333 I+=0.333 MD=0.333] | Lp=3.10 | n_eval=8
[Gen   7 | FE= 156/ 300] p_err=0.234 | 指标=SDE    | score=2(极优) | Pw=[SDE=0.333 I+=0.333 MD=0.333] | Lp=3.10 | n_eval=8
[Gen   7 | FE= 156/ 300] p_err=0.321 | 指标=MD     | score=2(极优) | Pw=[SDE=0.333 I+=0.333 MD=0.333] | Lp=3.10 | n_eval=8
[Gen   7 | FE= 156/ 300] p_err=0.208 | 指标=SDE    | score=2(极优) | Pw=[SDE=0.333 I+=0.333 MD=0.333] | Lp=3.10 | n_eval=8
[Gen   8 | FE= 164/ 300] p_err=0.247 | 指标=I_eps+ | score=2(极优) | Pw=[SDE=0.333 I+=0.333 MD=0.333] | Lp=3.10 | n_eval=8
[Gen   8 | FE= 164/ 300] p_err=0.228 | 指标=MD     | score=2(极优) | Pw=[SDE=0.333 I+=0.333 MD=0.333] | Lp=3.10 | n_eval=8
[Gen   8 | FE= 164/ 300] p_err=0.158 | 指标=MD     | score=2(极优) | Pw=[SDE=0.333 I+=0.333 MD=0.333] | Lp=2.40 | n_eval=8
[Gen   8 | FE= 164/ 300] p_err=0.244 | 指标=I_eps+ | score=2(极优) | Pw=[SDE=0.333 I+=0.333 MD=0.333] | Lp=3.10 | n_eval=8
[Gen   8 | FE= 164/ 300] p_err=0.192 | 指标=I_eps+ | score=2(极优) | Pw=[SDE=0.333 I+=0.333 MD=0.333] | Lp=3.10 | n_eval=8
[Gen   8 | FE= 164/ 300] p_err=0.156 | 指标=MD     | score=2(极优) | Pw=[SDE=0.333 I+=0.333 MD=0.333] | Lp=3.10 | n_eval=8
[Gen   8 | FE= 164/ 300] p_err=0.247 | 指标=SDE    | score=2(极优) | Pw=[SDE=0.333 I+=0.333 MD=0.333] | Lp=2.40 | n_eval=8
[Gen   9 | FE= 172/ 300] p_err=0.219 | 指标=MD     | score=2(极优) | Pw=[SDE=0.333 I+=0.333 MD=0.333] | Lp=3.10 | n_eval=8
[Gen   9 | FE= 172/ 300] p_err=0.219 | 指标=I_eps+ | score=2(极优) | Pw=[SDE=0.333 I+=0.333 MD=0.333] | Lp=3.10 | n_eval=8
[Gen   9 | FE= 172/ 300] p_err=0.157 | 指标=MD     | score=2(极优) | Pw=[SDE=0.333 I+=0.333 MD=0.333] | Lp=2.40 | n_eval=8
[Gen   9 | FE= 172/ 300] p_err=0.271 | 指标=I_eps+ | score=2(极优) | Pw=[SDE=0.333 I+=0.333 MD=0.333] | Lp=2.40 | n_eval=8
[Gen   9 | FE= 172/ 300] p_err=0.235 | 指标=I_eps+ | score=2(极优) | Pw=[SDE=0.333 I+=0.333 MD=0.333] | Lp=3.10 | n_eval=8
[Gen   9 | FE= 172/ 300] p_err=0.186 | 指标=MD     | score=2(极优) | Pw=[SDE=0.333 I+=0.333 MD=0.333] | Lp=3.10 | n_eval=8
[Gen   9 | FE= 172/ 300] p_err=0.183 | 指标=SDE    | score=2(极优) | Pw=[SDE=0.333 I+=0.333 MD=0.333] | Lp=2.40 | n_eval=8
[Gen  10 | FE= 180/ 300] p_err=0.174 | 指标=MD     | score=2(极优) | Pw=[SDE=0.333 I+=0.333 MD=0.333] | Lp=3.10 | n_eval=8
[Gen  10 | FE= 180/ 300] p_err=0.250 | 指标=SDE    | score=2(极优) | Pw=[SDE=0.333 I+=0.333 MD=0.333] | Lp=3.10 | n_eval=8
[Gen  10 | FE= 180/ 300] p_err=0.218 | 指标=SDE    | score=2(极优) | Pw=[SDE=0.333 I+=0.333 MD=0.333] | Lp=2.40 | n_eval=8
[Gen  10 | FE= 180/ 300] p_err=0.199 | 指标=MD     | score=2(极优) | Pw=[SDE=0.333 I+=0.333 MD=0.333] | Lp=3.10 | n_eval=8
[Gen  10 | FE= 180/ 300] p_err=0.241 | 指标=SDE    | score=2(极优) | Pw=[SDE=0.333 I+=0.333 MD=0.333] | Lp=3.10 | n_eval=8
[Gen  10 | FE= 180/ 300] p_err=0.189 | 指标=SDE    | score=2(极优) | Pw=[SDE=0.333 I+=0.333 MD=0.333] | Lp=3.10 | n_eval=8
[Gen  11 | FE= 188/ 300] p_err=0.195 | 指标=MD     | score=2(极优) | Pw=[SDE=0.333 I+=0.333 MD=0.333] | Lp=3.10 | n_eval=8
[Gen  10 | FE= 180/ 300] p_err=0.142 | 指标=MD     | score=2(极优) | Pw=[SDE=0.333 I+=0.333 MD=0.333] | Lp=2.40 | n_eval=8
[Gen  11 | FE= 188/ 300] p_err=0.235 | 指标=SDE    | score=2(极优) | Pw=[SDE=0.333 I+=0.333 MD=0.333] | Lp=2.40 | n_eval=8
[Gen  11 | FE= 188/ 300] p_err=0.156 | 指标=MD     | score=2(极优) | Pw=[SDE=0.333 I+=0.333 MD=0.333] | Lp=2.40 | n_eval=8
[Gen  11 | FE= 188/ 300] p_err=0.206 | 指标=MD     | score=2(极优) | Pw=[SDE=0.333 I+=0.333 MD=0.333] | Lp=3.10 | n_eval=8
[Gen  11 | FE= 188/ 300] p_err=0.215 | 指标=I_eps+ | score=2(极优) | Pw=[SDE=0.333 I+=0.333 MD=0.333] | Lp=2.40 | n_eval=8
[Gen  11 | FE= 188/ 300] p_err=0.145 | 指标=I_eps+ | score=2(极优) | Pw=[SDE=0.333 I+=0.333 MD=0.333] | Lp=3.10 | n_eval=8
[Gen  11 | FE= 188/ 300] p_err=0.196 | 指标=I_eps+ | score=2(极优) | Pw=[SDE=0.333 I+=0.333 MD=0.333] | Lp=2.40 | n_eval=8
[Gen  12 | FE= 196/ 300] p_err=0.251 | 指标=SDE    | score=2(极优) | Pw=[SDE=0.333 I+=0.333 MD=0.333] | Lp=3.10 | n_eval=8
[Gen  12 | FE= 196/ 300] p_err=0.236 | 指标=I_eps+ | score=2(极优) | Pw=[SDE=0.333 I+=0.333 MD=0.333] | Lp=3.10 | n_eval=8
[Gen  12 | FE= 196/ 300] p_err=0.173 | 指标=I_eps+ | score=2(极优) | Pw=[SDE=0.333 I+=0.333 MD=0.333] | Lp=2.40 | n_eval=8
[Gen  12 | FE= 196/ 300] p_err=0.246 | 指标=I_eps+ | score=2(极优) | Pw=[SDE=0.333 I+=0.333 MD=0.333] | Lp=3.10 | n_eval=8
[Gen  12 | FE= 196/ 300] p_err=0.275 | 指标=SDE    | score=2(极优) | Pw=[SDE=0.333 I+=0.333 MD=0.333] | Lp=2.40 | n_eval=8
[Gen  12 | FE= 196/ 300] p_err=0.187 | 指标=MD     | score=2(极优) | Pw=[SDE=0.333 I+=0.333 MD=0.333] | Lp=3.10 | n_eval=8
[Gen  13 | FE= 204/ 300] p_err=0.152 | 指标=MD     | score=2(极优) | Pw=[SDE=0.333 I+=0.333 MD=0.333] | Lp=3.10 | n_eval=8
[Gen  12 | FE= 196/ 300] p_err=0.155 | 指标=MD     | score=2(极优) | Pw=[SDE=0.333 I+=0.333 MD=0.333] | Lp=2.40 | n_eval=8
[Gen  13 | FE= 204/ 300] p_err=0.271 | 指标=SDE    | score=2(极优) | Pw=[SDE=0.333 I+=0.333 MD=0.333] | Lp=3.10 | n_eval=8
[Gen  13 | FE= 204/ 300] p_err=0.236 | 指标=I_eps+ | score=2(极优) | Pw=[SDE=0.333 I+=0.333 MD=0.333] | Lp=2.40 | n_eval=8
[Gen  13 | FE= 204/ 300] p_err=0.196 | 指标=I_eps+ | score=2(极优) | Pw=[SDE=0.333 I+=0.333 MD=0.333] | Lp=2.40 | n_eval=8
[Gen  13 | FE= 204/ 300] p_err=0.206 | 指标=I_eps+ | score=2(极优) | Pw=[SDE=0.333 I+=0.333 MD=0.333] | Lp=3.10 | n_eval=8
[Gen  13 | FE= 204/ 300] p_err=0.232 | 指标=SDE    | score=2(极优) | Pw=[SDE=0.333 I+=0.333 MD=0.333] | Lp=3.10 | n_eval=8
[Gen  14 | FE= 212/ 300] p_err=0.186 | 指标=MD     | score=2(极优) | Pw=[SDE=0.333 I+=0.333 MD=0.333] | Lp=3.10 | n_eval=8
[Gen  13 | FE= 204/ 300] p_err=0.231 | 指标=MD     | score=2(极优) | Pw=[SDE=0.333 I+=0.333 MD=0.333] | Lp=2.40 | n_eval=8
[Gen  14 | FE= 212/ 300] p_err=0.161 | 指标=MD     | score=2(极优) | Pw=[SDE=0.333 I+=0.333 MD=0.333] | Lp=2.40 | n_eval=8
[Gen  14 | FE= 212/ 300] p_err=0.177 | 指标=MD     | score=2(极优) | Pw=[SDE=0.333 I+=0.333 MD=0.333] | Lp=2.40 | n_eval=8
[Gen  14 | FE= 212/ 300] p_err=0.187 | 指标=I_eps+ | score=2(极优) | Pw=[SDE=0.333 I+=0.333 MD=0.333] | Lp=3.10 | n_eval=8
[Gen  14 | FE= 212/ 300] p_err=0.186 | 指标=I_eps+ | score=2(极优) | Pw=[SDE=0.333 I+=0.333 MD=0.333] | Lp=2.40 | n_eval=8
[Gen  15 | FE= 220/ 300] p_err=0.173 | 指标=MD     | score=2(极优) | Pw=[SDE=0.333 I+=0.333 MD=0.333] | Lp=3.10 | n_eval=8
[Gen  14 | FE= 212/ 300] p_err=0.167 | 指标=I_eps+ | score=2(极优) | Pw=[SDE=0.333 I+=0.333 MD=0.333] | Lp=3.10 | n_eval=8
[Gen  14 | FE= 212/ 300] p_err=0.278 | 指标=SDE    | score=2(极优) | Pw=[SDE=0.333 I+=0.333 MD=0.333] | Lp=2.40 | n_eval=8
[Gen  15 | FE= 220/ 300] p_err=0.150 | 指标=MD     | score=1(中  ) | Pw=[SDE=0.339 I+=0.339 MD=0.322] | Lp=2.40 | n_eval=8
[Gen  15 | FE= 220/ 300] p_err=0.154 | 指标=I_eps+ | score=2(极优) | Pw=[SDE=0.333 I+=0.333 MD=0.333] | Lp=2.40 | n_eval=8
[Gen  15 | FE= 220/ 300] p_err=0.149 | 指标=MD     | score=2(极优) | Pw=[SDE=0.333 I+=0.333 MD=0.333] | Lp=3.10 | n_eval=8
[Gen  15 | FE= 220/ 300] p_err=0.170 | 指标=I_eps+ | score=2(极优) | Pw=[SDE=0.333 I+=0.333 MD=0.333] | Lp=2.40 | n_eval=8
[Gen  15 | FE= 220/ 300] p_err=0.230 | 指标=SDE    | score=2(极优) | Pw=[SDE=0.333 I+=0.333 MD=0.333] | Lp=3.10 | n_eval=8
[Gen  15 | FE= 220/ 300] p_err=0.331 | 指标=SDE    | score=2(极优) | Pw=[SDE=0.333 I+=0.333 MD=0.333] | Lp=2.40 | n_eval=8
[Gen  16 | FE= 228/ 300] p_err=0.209 | 指标=SDE    | score=2(极优) | Pw=[SDE=0.333 I+=0.333 MD=0.333] | Lp=3.10 | n_eval=8
[Gen  16 | FE= 228/ 300] p_err=0.185 | 指标=SDE    | score=2(极优) | Pw=[SDE=0.340 I+=0.340 MD=0.321] | Lp=2.40 | n_eval=8
[Gen  16 | FE= 228/ 300] p_err=0.221 | 指标=SDE    | score=2(极优) | Pw=[SDE=0.333 I+=0.333 MD=0.333] | Lp=2.40 | n_eval=8
[Gen  16 | FE= 228/ 300] p_err=0.181 | 指标=MD     | score=2(极优) | Pw=[SDE=0.333 I+=0.333 MD=0.333] | Lp=3.10 | n_eval=8
[Gen  16 | FE= 228/ 300] p_err=0.281 | 指标=SDE    | score=2(极优) | Pw=[SDE=0.333 I+=0.333 MD=0.333] | Lp=2.40 | n_eval=8
[Gen  16 | FE= 228/ 300] p_err=0.172 | 指标=I_eps+ | score=2(极优) | Pw=[SDE=0.333 I+=0.333 MD=0.333] | Lp=3.10 | n_eval=8
[Gen  16 | FE= 228/ 300] p_err=0.165 | 指标=I_eps+ | score=2(极优) | Pw=[SDE=0.333 I+=0.333 MD=0.333] | Lp=2.40 | n_eval=8
[Gen  17 | FE= 236/ 300] p_err=0.150 | 指标=MD     | score=2(极优) | Pw=[SDE=0.333 I+=0.333 MD=0.333] | Lp=6.50 | n_eval=8
[Gen  17 | FE= 236/ 300] p_err=0.196 | 指标=SDE    | score=2(极优) | Pw=[SDE=0.340 I+=0.340 MD=0.319] | Lp=2.40 | n_eval=8
[Gen  17 | FE= 236/ 300] p_err=0.253 | 指标=SDE    | score=2(极优) | Pw=[SDE=0.333 I+=0.333 MD=0.333] | Lp=2.40 | n_eval=8
[Gen  17 | FE= 236/ 300] p_err=0.185 | 指标=SDE    | score=2(极优) | Pw=[SDE=0.333 I+=0.333 MD=0.333] | Lp=3.10 | n_eval=8
[Gen  17 | FE= 236/ 300] p_err=0.206 | 指标=MD     | score=2(极优) | Pw=[SDE=0.333 I+=0.333 MD=0.333] | Lp=3.10 | n_eval=8
[Gen  17 | FE= 236/ 300] p_err=0.222 | 指标=SDE    | score=2(极优) | Pw=[SDE=0.333 I+=0.333 MD=0.333] | Lp=3.10 | n_eval=8
[Gen  17 | FE= 236/ 300] p_err=0.175 | 指标=MD     | score=1(中  ) | Pw=[SDE=0.340 I+=0.340 MD=0.319] | Lp=2.40 | n_eval=8
[Gen  18 | FE= 244/ 300] p_err=0.193 | 指标=I_eps+ | score=2(极优) | Pw=[SDE=0.333 I+=0.333 MD=0.333] | Lp=3.10 | n_eval=8
[Gen  18 | FE= 244/ 300] p_err=0.188 | 指标=SDE    | score=2(极优) | Pw=[SDE=0.341 I+=0.341 MD=0.317] | Lp=2.40 | n_eval=8
[Gen  18 | FE= 244/ 300] p_err=0.179 | 指标=MD     | score=2(极优) | Pw=[SDE=0.333 I+=0.333 MD=0.333] | Lp=2.40 | n_eval=8
[Gen  18 | FE= 244/ 300] p_err=0.291 | 指标=SDE    | score=2(极优) | Pw=[SDE=0.333 I+=0.333 MD=0.333] | Lp=3.10 | n_eval=8
[Gen  18 | FE= 244/ 300] p_err=0.162 | 指标=MD     | score=2(极优) | Pw=[SDE=0.333 I+=0.333 MD=0.333] | Lp=3.10 | n_eval=8
[Gen  18 | FE= 244/ 300] p_err=0.144 | 指标=MD     | score=2(极优) | Pw=[SDE=0.333 I+=0.333 MD=0.333] | Lp=3.10 | n_eval=8
[Gen  18 | FE= 244/ 300] p_err=0.310 | 指标=SDE    | score=2(极优) | Pw=[SDE=0.341 I+=0.341 MD=0.317] | Lp=2.40 | n_eval=8
[Gen  19 | FE= 252/ 300] p_err=0.280 | 指标=SDE    | score=2(极优) | Pw=[SDE=0.343 I+=0.343 MD=0.314] | Lp=2.40 | n_eval=8
[Gen  19 | FE= 252/ 300] p_err=0.201 | 指标=I_eps+ | score=2(极优) | Pw=[SDE=0.333 I+=0.333 MD=0.333] | Lp=3.10 | n_eval=8
[Gen  19 | FE= 252/ 300] p_err=0.214 | 指标=MD     | score=2(极优) | Pw=[SDE=0.333 I+=0.333 MD=0.333] | Lp=2.40 | n_eval=8
[Gen  19 | FE= 252/ 300] p_err=0.275 | 指标=I_eps+ | score=2(极优) | Pw=[SDE=0.333 I+=0.333 MD=0.333] | Lp=2.40 | n_eval=8
[Gen  19 | FE= 252/ 300] p_err=0.238 | 指标=MD     | score=2(极优) | Pw=[SDE=0.333 I+=0.333 MD=0.333] | Lp=3.10 | n_eval=8
[Gen  19 | FE= 252/ 300] p_err=0.176 | 指标=MD     | score=1(中  ) | Pw=[SDE=0.350 I+=0.350 MD=0.300] | Lp=2.40 | n_eval=8
[Gen  19 | FE= 252/ 300] p_err=0.176 | 指标=MD     | score=2(极优) | Pw=[SDE=0.333 I+=0.333 MD=0.333] | Lp=3.10 | n_eval=8
[Gen  20 | FE= 260/ 300] p_err=0.163 | 指标=MD     | score=2(极优) | Pw=[SDE=0.333 I+=0.333 MD=0.333] | Lp=3.10 | n_eval=8
[Gen  20 | FE= 260/ 300] p_err=0.136 | 指标=MD     | score=2(极优) | Pw=[SDE=0.343 I+=0.343 MD=0.314] | Lp=2.40 | n_eval=8
[Gen  20 | FE= 260/ 300] p_err=0.230 | 指标=SDE    | score=2(极优) | Pw=[SDE=0.333 I+=0.333 MD=0.333] | Lp=2.40 | n_eval=8
[Gen  20 | FE= 260/ 300] p_err=0.200 | 指标=MD     | score=1(中  ) | Pw=[SDE=0.348 I+=0.348 MD=0.304] | Lp=3.10 | n_eval=8
[Gen  20 | FE= 260/ 300] p_err=0.206 | 指标=I_eps+ | score=2(极优) | Pw=[SDE=0.333 I+=0.333 MD=0.333] | Lp=3.10 | n_eval=8
[Gen  20 | FE= 260/ 300] p_err=0.226 | 指标=I_eps+ | score=2(极优) | Pw=[SDE=0.333 I+=0.333 MD=0.333] | Lp=3.10 | n_eval=8
[Gen  20 | FE= 260/ 300] p_err=0.156 | 指标=MD     | score=2(极优) | Pw=[SDE=0.350 I+=0.350 MD=0.300] | Lp=2.40 | n_eval=8
[Gen  21 | FE= 268/ 300] p_err=0.360 | 指标=SDE    | score=2(极优) | Pw=[SDE=0.333 I+=0.333 MD=0.333] | Lp=3.10 | n_eval=8
[Gen  21 | FE= 268/ 300] p_err=0.244 | 指标=SDE    | score=2(极优) | Pw=[SDE=0.345 I+=0.345 MD=0.310] | Lp=2.40 | n_eval=8
[Gen  21 | FE= 268/ 300] p_err=0.168 | 指标=I_eps+ | score=2(极优) | Pw=[SDE=0.333 I+=0.333 MD=0.333] | Lp=3.10 | n_eval=8
[Gen  21 | FE= 268/ 300] p_err=0.216 | 指标=I_eps+ | score=2(极优) | Pw=[SDE=0.348 I+=0.348 MD=0.304] | Lp=2.40 | n_eval=8
[Gen  21 | FE= 268/ 300] p_err=0.207 | 指标=I_eps+ | score=2(极优) | Pw=[SDE=0.350 I+=0.350 MD=0.300] | Lp=2.40 | n_eval=8
[Gen  21 | FE= 268/ 300] p_err=0.164 | 指标=MD     | score=2(极优) | Pw=[SDE=0.333 I+=0.333 MD=0.333] | Lp=3.10 | n_eval=8
[Gen  21 | FE= 268/ 300] p_err=0.244 | 指标=SDE    | score=2(极优) | Pw=[SDE=0.333 I+=0.333 MD=0.333] | Lp=3.10 | n_eval=8
[Gen  22 | FE= 276/ 300] p_err=0.119 | 指标=MD     | score=1(中  ) | Pw=[SDE=0.338 I+=0.338 MD=0.323] | Lp=4.20 | n_eval=8
[Gen  22 | FE= 276/ 300] p_err=0.209 | 指标=I_eps+ | score=2(极优) | Pw=[SDE=0.345 I+=0.345 MD=0.310] | Lp=2.40 | n_eval=8
[Gen  22 | FE= 276/ 300] p_err=0.244 | 指标=SDE    | score=2(极优) | Pw=[SDE=0.333 I+=0.333 MD=0.333] | Lp=2.40 | n_eval=8
[Gen  22 | FE= 276/ 300] p_err=0.179 | 指标=I_eps+ | score=2(极优) | Pw=[SDE=0.348 I+=0.348 MD=0.304] | Lp=3.10 | n_eval=8
[Gen  22 | FE= 276/ 300] p_err=0.215 | 指标=I_eps+ | score=2(极优) | Pw=[SDE=0.350 I+=0.350 MD=0.300] | Lp=2.40 | n_eval=8
[Gen  22 | FE= 276/ 300] p_err=0.176 | 指标=MD     | score=2(极优) | Pw=[SDE=0.333 I+=0.333 MD=0.333] | Lp=3.10 | n_eval=8
[Gen  22 | FE= 276/ 300] p_err=0.223 | 指标=I_eps+ | score=2(极优) | Pw=[SDE=0.333 I+=0.333 MD=0.333] | Lp=3.10 | n_eval=8
[Gen  23 | FE= 284/ 300] p_err=0.265 | 指标=I_eps+ | score=2(极优) | Pw=[SDE=0.338 I+=0.338 MD=0.323] | Lp=6.50 | n_eval=8
[Gen  23 | FE= 284/ 300] p_err=0.153 | 指标=I_eps+ | score=2(极优) | Pw=[SDE=0.345 I+=0.345 MD=0.310] | Lp=2.40 | n_eval=8
[Gen  23 | FE= 284/ 300] p_err=0.197 | 指标=MD     | score=2(极优) | Pw=[SDE=0.333 I+=0.333 MD=0.333] | Lp=2.40 | n_eval=8
[Gen  23 | FE= 284/ 300] p_err=0.297 | 指标=SDE    | score=2(极优) | Pw=[SDE=0.353 I+=0.353 MD=0.294] | Lp=2.40 | n_eval=8
[Gen  23 | FE= 284/ 300] p_err=0.244 | 指标=SDE    | score=2(极优) | Pw=[SDE=0.348 I+=0.348 MD=0.304] | Lp=3.10 | n_eval=8
[Gen  23 | FE= 284/ 300] p_err=0.236 | 指标=I_eps+ | score=2(极优) | Pw=[SDE=0.333 I+=0.333 MD=0.333] | Lp=3.10 | n_eval=8
[Gen  23 | FE= 284/ 300] p_err=0.212 | 指标=I_eps+ | score=2(极优) | Pw=[SDE=0.333 I+=0.333 MD=0.333] | Lp=3.10 | n_eval=8
[Gen  24 | FE= 292/ 300] p_err=0.169 | 指标=I_eps+ | score=2(极优) | Pw=[SDE=0.348 I+=0.348 MD=0.304] | Lp=2.40 | n_eval=8
[Gen  24 | FE= 292/ 300] p_err=0.307 | 指标=SDE    | score=2(极优) | Pw=[SDE=0.338 I+=0.338 MD=0.323] | Lp=6.50 | n_eval=8
[Gen  24 | FE= 292/ 300] p_err=0.180 | 指标=MD     | score=2(极优) | Pw=[SDE=0.333 I+=0.333 MD=0.333] | Lp=3.10 | n_eval=8
[Gen  24 | FE= 292/ 300] p_err=0.211 | 指标=I_eps+ | score=2(极优) | Pw=[SDE=0.353 I+=0.353 MD=0.294] | Lp=2.40 | n_eval=8
[Gen  24 | FE= 292/ 300] p_err=0.214 | 指标=I_eps+ | score=2(极优) | Pw=[SDE=0.348 I+=0.348 MD=0.304] | Lp=2.40 | n_eval=8
[Gen  24 | FE= 292/ 300] p_err=0.210 | 指标=I_eps+ | score=1(中  ) | Pw=[SDE=0.339 I+=0.322 MD=0.339] | Lp=3.10 | n_eval=8
[Gen  24 | FE= 292/ 300] p_err=0.174 | 指标=MD     | score=2(极优) | Pw=[SDE=0.333 I+=0.333 MD=0.333] | Lp=3.10 | n_eval=8
[Gen  25 | FE= 300/ 300] p_err=0.212 | 指标=SDE    | score=2(极优) | Pw=[SDE=0.348 I+=0.348 MD=0.304] | Lp=2.40 | n_eval=8
[Gen  25 | FE= 300/ 300] p_err=0.328 | 指标=SDE    | score=2(极优) | Pw=[SDE=0.339 I+=0.339 MD=0.322] | Lp=3.10 | n_eval=8
[Gen  25 | FE= 300/ 300] p_err=0.174 | 指标=I_eps+ | score=2(极优) | Pw=[SDE=0.333 I+=0.333 MD=0.333] | Lp=3.10 | n_eval=8
[Gen  25 | FE= 300/ 300] p_err=0.227 | 指标=I_eps+ | score=2(极优) | Pw=[SDE=0.348 I+=0.348 MD=0.304] | Lp=2.40 | n_eval=8
[Gen  25 | FE= 300/ 300] p_err=0.172 | 指标=MD     | score=2(极优) | Pw=[SDE=0.350 I+=0.350 MD=0.300] | Lp=2.40 | n_eval=8
[Gen  25 | FE= 300/ 300] p_err=0.307 | 指标=SDE    | score=2(极优) | Pw=[SDE=0.340 I+=0.321 MD=0.340] | Lp=3.10 | n_eval=8
[Gen  25 | FE= 300/ 300] p_err=0.133 | 指标=MD     | score=2(极优) | Pw=[SDE=0.333 I+=0.333 MD=0.333] | Lp=3.10 | n_eval=8
[Gen   1 | FE= 108/ 300] p_err=0.167 | 指标=SDE    | score=2(极优) | Pw=[SDE=0.333 I+=0.333 MD=0.333] | Lp=3.10 | n_eval=8
[Gen   1 | FE= 108/ 300] p_err=0.098 | 指标=I_eps+ | score=2(极优) | Pw=[SDE=0.333 I+=0.333 MD=0.333] | Lp=3.10 | n_eval=8
[Gen   1 | FE= 108/ 300] p_err=0.132 | 指标=SDE    | score=2(极优) | Pw=[SDE=0.333 I+=0.333 MD=0.333] | Lp=3.10 | n_eval=8
[Gen   1 | FE= 108/ 300] p_err=0.144 | 指标=I_eps+ | score=2(极优) | Pw=[SDE=0.333 I+=0.333 MD=0.333] | Lp=3.10 | n_eval=8
[Gen   1 | FE= 108/ 300] p_err=0.163 | 指标=MD     | score=2(极优) | Pw=[SDE=0.333 I+=0.333 MD=0.333] | Lp=3.10 | n_eval=8
[Gen   1 | FE= 108/ 300] p_err=0.188 | 指标=MD     | score=2(极优) | Pw=[SDE=0.333 I+=0.333 MD=0.333] | Lp=3.10 | n_eval=8
[Gen   1 | FE= 108/ 300] p_err=0.138 | 指标=SDE    | score=2(极优) | Pw=[SDE=0.333 I+=0.333 MD=0.333] | Lp=3.10 | n_eval=8
[Gen   1 | FE= 108/ 300] p_err=0.193 | 指标=MD     | score=1(中  ) | Pw=[SDE=0.336 I+=0.336 MD=0.328] | Lp=3.10 | n_eval=8
[Gen   2 | FE= 116/ 300] p_err=0.120 | 指标=MD     | score=2(极优) | Pw=[SDE=0.333 I+=0.333 MD=0.333] | Lp=2.40 | n_eval=8
[Gen   2 | FE= 116/ 300] p_err=0.112 | 指标=I_eps+ | score=2(极优) | Pw=[SDE=0.333 I+=0.333 MD=0.333] | Lp=2.40 | n_eval=8
[Gen   2 | FE= 116/ 300] p_err=0.171 | 指标=MD     | score=2(极优) | Pw=[SDE=0.333 I+=0.333 MD=0.333] | Lp=3.10 | n_eval=8
[Gen   2 | FE= 116/ 300] p_err=0.175 | 指标=SDE    | score=2(极优) | Pw=[SDE=0.333 I+=0.333 MD=0.333] | Lp=3.10 | n_eval=8
[Gen   2 | FE= 116/ 300] p_err=0.184 | 指标=SDE    | score=2(极优) | Pw=[SDE=0.333 I+=0.333 MD=0.333] | Lp=3.10 | n_eval=8
[Gen   2 | FE= 116/ 300] p_err=0.130 | 指标=I_eps+ | score=2(极优) | Pw=[SDE=0.333 I+=0.333 MD=0.333] | Lp=3.10 | n_eval=8
[Gen   2 | FE= 116/ 300] p_err=0.207 | 指标=SDE    | score=2(极优) | Pw=[SDE=0.333 I+=0.333 MD=0.333] | Lp=3.10 | n_eval=8
[Gen   2 | FE= 116/ 300] p_err=0.132 | 指标=I_eps+ | score=2(极优) | Pw=[SDE=0.336 I+=0.336 MD=0.327] | Lp=3.10 | n_eval=8
[Gen   3 | FE= 124/ 300] p_err=0.234 | 指标=MD     | score=2(极优) | Pw=[SDE=0.333 I+=0.333 MD=0.333] | Lp=3.10 | n_eval=8
[Gen   3 | FE= 124/ 300] p_err=0.140 | 指标=SDE    | score=2(极优) | Pw=[SDE=0.333 I+=0.333 MD=0.333] | Lp=2.40 | n_eval=8
[Gen   3 | FE= 124/ 300] p_err=0.129 | 指标=I_eps+ | score=2(极优) | Pw=[SDE=0.333 I+=0.333 MD=0.333] | Lp=3.10 | n_eval=8
[Gen   3 | FE= 124/ 300] p_err=0.210 | 指标=SDE    | score=2(极优) | Pw=[SDE=0.333 I+=0.333 MD=0.333] | Lp=3.10 | n_eval=8
[Gen   3 | FE= 124/ 300] p_err=0.143 | 指标=SDE    | score=1(中  ) | Pw=[SDE=0.327 I+=0.336 MD=0.336] | Lp=3.10 | n_eval=8
[Gen   3 | FE= 124/ 300] p_err=0.160 | 指标=I_eps+ | score=2(极优) | Pw=[SDE=0.333 I+=0.333 MD=0.333] | Lp=3.10 | n_eval=8
[Gen   3 | FE= 124/ 300] p_err=0.137 | 指标=I_eps+ | score=2(极优) | Pw=[SDE=0.336 I+=0.336 MD=0.327] | Lp=3.10 | n_eval=8
[Gen   3 | FE= 124/ 300] p_err=0.123 | 指标=I_eps+ | score=2(极优) | Pw=[SDE=0.333 I+=0.333 MD=0.333] | Lp=4.20 | n_eval=8
[Gen   4 | FE= 132/ 300] p_err=0.132 | 指标=SDE    | score=2(极优) | Pw=[SDE=0.333 I+=0.333 MD=0.333] | Lp=3.10 | n_eval=8
[Gen   4 | FE= 132/ 300] p_err=0.138 | 指标=MD     | score=1(中  ) | Pw=[SDE=0.336 I+=0.336 MD=0.327] | Lp=2.40 | n_eval=8
[Gen   4 | FE= 132/ 300] p_err=0.215 | 指标=SDE    | score=2(极优) | Pw=[SDE=0.333 I+=0.333 MD=0.333] | Lp=3.10 | n_eval=8
[Gen   4 | FE= 132/ 300] p_err=0.131 | 指标=I_eps+ | score=2(极优) | Pw=[SDE=0.333 I+=0.333 MD=0.333] | Lp=3.10 | n_eval=8
[Gen   4 | FE= 132/ 300] p_err=0.184 | 指标=SDE    | score=2(极优) | Pw=[SDE=0.327 I+=0.336 MD=0.336] | Lp=3.10 | n_eval=8
[Gen   4 | FE= 132/ 300] p_err=0.147 | 指标=I_eps+ | score=2(极优) | Pw=[SDE=0.337 I+=0.337 MD=0.327] | Lp=3.10 | n_eval=8
[Gen   4 | FE= 132/ 300] p_err=0.200 | 指标=MD     | score=2(极优) | Pw=[SDE=0.333 I+=0.333 MD=0.333] | Lp=3.10 | n_eval=8
[Gen   4 | FE= 132/ 300] p_err=0.189 | 指标=SDE    | score=2(极优) | Pw=[SDE=0.333 I+=0.333 MD=0.333] | Lp=4.20 | n_eval=8
[Gen   5 | FE= 140/ 300] p_err=0.118 | 指标=I_eps+ | score=2(极优) | Pw=[SDE=0.337 I+=0.337 MD=0.327] | Lp=2.40 | n_eval=8
[Gen   5 | FE= 140/ 300] p_err=0.180 | 指标=I_eps+ | score=2(极优) | Pw=[SDE=0.333 I+=0.333 MD=0.333] | Lp=3.10 | n_eval=8
[Gen   5 | FE= 140/ 300] p_err=0.153 | 指标=MD     | score=2(极优) | Pw=[SDE=0.333 I+=0.333 MD=0.333] | Lp=4.20 | n_eval=8
[Gen   5 | FE= 140/ 300] p_err=0.180 | 指标=MD     | score=2(极优) | Pw=[SDE=0.333 I+=0.333 MD=0.333] | Lp=3.10 | n_eval=8
[Gen   5 | FE= 140/ 300] p_err=0.166 | 指标=I_eps+ | score=2(极优) | Pw=[SDE=0.337 I+=0.337 MD=0.326] | Lp=3.10 | n_eval=8
[Gen   5 | FE= 140/ 300] p_err=0.207 | 指标=MD     | score=1(中  ) | Pw=[SDE=0.337 I+=0.337 MD=0.327] | Lp=3.10 | n_eval=8
[Gen   5 | FE= 140/ 300] p_err=0.155 | 指标=MD     | score=2(极优) | Pw=[SDE=0.327 I+=0.336 MD=0.336] | Lp=3.10 | n_eval=8
[Gen   5 | FE= 140/ 300] p_err=0.208 | 指标=SDE    | score=2(极优) | Pw=[SDE=0.333 I+=0.333 MD=0.333] | Lp=3.10 | n_eval=8
[Gen   6 | FE= 148/ 300] p_err=0.185 | 指标=MD     | score=2(极优) | Pw=[SDE=0.333 I+=0.333 MD=0.333] | Lp=3.10 | n_eval=8
[Gen   6 | FE= 148/ 300] p_err=0.144 | 指标=SDE    | score=2(极优) | Pw=[SDE=0.337 I+=0.337 MD=0.326] | Lp=2.40 | n_eval=8
[Gen   6 | FE= 148/ 300] p_err=0.158 | 指标=I_eps+ | score=2(极优) | Pw=[SDE=0.333 I+=0.333 MD=0.333] | Lp=3.10 | n_eval=8
[Gen   6 | FE= 148/ 300] p_err=0.178 | 指标=MD     | score=2(极优) | Pw=[SDE=0.333 I+=0.333 MD=0.333] | Lp=3.10 | n_eval=8
[Gen   6 | FE= 148/ 300] p_err=0.191 | 指标=MD     | score=2(极优) | Pw=[SDE=0.337 I+=0.337 MD=0.326] | Lp=3.10 | n_eval=8
[Gen   6 | FE= 148/ 300] p_err=0.158 | 指标=MD     | score=2(极优) | Pw=[SDE=0.327 I+=0.337 MD=0.337] | Lp=3.10 | n_eval=8
[Gen   6 | FE= 148/ 300] p_err=0.185 | 指标=MD     | score=2(极优) | Pw=[SDE=0.337 I+=0.337 MD=0.327] | Lp=3.10 | n_eval=8
[Gen   6 | FE= 148/ 300] p_err=0.197 | 指标=SDE    | score=2(极优) | Pw=[SDE=0.333 I+=0.333 MD=0.333] | Lp=3.10 | n_eval=8
[Gen   7 | FE= 156/ 300] p_err=0.213 | 指标=SDE    | score=2(极优) | Pw=[SDE=0.333 I+=0.333 MD=0.333] | Lp=3.10 | n_eval=8
[Gen   7 | FE= 156/ 300] p_err=0.217 | 指标=SDE    | score=2(极优) | Pw=[SDE=0.337 I+=0.337 MD=0.326] | Lp=2.40 | n_eval=8
[Gen   7 | FE= 156/ 300] p_err=0.158 | 指标=SDE    | score=2(极优) | Pw=[SDE=0.333 I+=0.333 MD=0.333] | Lp=3.10 | n_eval=8
[Gen   7 | FE= 156/ 300] p_err=0.218 | 指标=MD     | score=2(极优) | Pw=[SDE=0.337 I+=0.337 MD=0.326] | Lp=3.10 | n_eval=8
[Gen   7 | FE= 156/ 300] p_err=0.191 | 指标=SDE    | score=2(极优) | Pw=[SDE=0.333 I+=0.333 MD=0.333] | Lp=3.10 | n_eval=8
[Gen   7 | FE= 156/ 300] p_err=0.140 | 指标=I_eps+ | score=2(极优) | Pw=[SDE=0.326 I+=0.337 MD=0.337] | Lp=3.10 | n_eval=8
[Gen   7 | FE= 156/ 300] p_err=0.163 | 指标=SDE    | score=2(极优) | Pw=[SDE=0.337 I+=0.337 MD=0.326] | Lp=3.10 | n_eval=8
[Gen   7 | FE= 156/ 300] p_err=0.160 | 指标=MD     | score=2(极优) | Pw=[SDE=0.333 I+=0.333 MD=0.333] | Lp=3.10 | n_eval=8
[Gen   8 | FE= 164/ 300] p_err=0.162 | 指标=MD     | score=2(极优) | Pw=[SDE=0.333 I+=0.333 MD=0.333] | Lp=2.40 | n_eval=8
[Gen   8 | FE= 164/ 300] p_err=0.106 | 指标=I_eps+ | score=2(极优) | Pw=[SDE=0.337 I+=0.337 MD=0.325] | Lp=2.40 | n_eval=8
[Gen   8 | FE= 164/ 300] p_err=0.146 | 指标=MD     | score=2(极优) | Pw=[SDE=0.333 I+=0.333 MD=0.333] | Lp=3.10 | n_eval=8
[Gen   8 | FE= 164/ 300] p_err=0.209 | 指标=MD     | score=2(极优) | Pw=[SDE=0.337 I+=0.337 MD=0.326] | Lp=3.10 | n_eval=8
[Gen   8 | FE= 164/ 300] p_err=0.173 | 指标=MD     | score=1(中  ) | Pw=[SDE=0.337 I+=0.337 MD=0.326] | Lp=3.10 | n_eval=8
[Gen   8 | FE= 164/ 300] p_err=0.177 | 指标=I_eps+ | score=2(极优) | Pw=[SDE=0.326 I+=0.337 MD=0.337] | Lp=3.10 | n_eval=8
[Gen   8 | FE= 164/ 300] p_err=0.180 | 指标=MD     | score=2(极优) | Pw=[SDE=0.337 I+=0.337 MD=0.326] | Lp=3.10 | n_eval=8
[Gen   8 | FE= 164/ 300] p_err=0.205 | 指标=SDE    | score=2(极优) | Pw=[SDE=0.333 I+=0.333 MD=0.333] | Lp=3.10 | n_eval=8
[Gen   9 | FE= 172/ 300] p_err=0.146 | 指标=I_eps+ | score=2(极优) | Pw=[SDE=0.333 I+=0.333 MD=0.333] | Lp=2.40 | n_eval=8
[Gen   9 | FE= 172/ 300] p_err=0.173 | 指标=MD     | score=2(极优) | Pw=[SDE=0.337 I+=0.337 MD=0.325] | Lp=3.10 | n_eval=8
[Gen   9 | FE= 172/ 300] p_err=0.161 | 指标=SDE    | score=1(中  ) | Pw=[SDE=0.326 I+=0.337 MD=0.337] | Lp=3.10 | n_eval=8
[Gen   9 | FE= 172/ 300] p_err=0.149 | 指标=SDE    | score=2(极优) | Pw=[SDE=0.337 I+=0.337 MD=0.326] | Lp=3.10 | n_eval=8
[Gen   9 | FE= 172/ 300] p_err=0.175 | 指标=MD     | score=1(中  ) | Pw=[SDE=0.340 I+=0.340 MD=0.319] | Lp=3.10 | n_eval=8
[Gen   9 | FE= 172/ 300] p_err=0.135 | 指标=I_eps+ | score=2(极优) | Pw=[SDE=0.337 I+=0.337 MD=0.326] | Lp=3.10 | n_eval=8
[Gen   9 | FE= 172/ 300] p_err=0.197 | 指标=SDE    | score=2(极优) | Pw=[SDE=0.326 I+=0.337 MD=0.337] | Lp=3.10 | n_eval=8
[Gen   9 | FE= 172/ 300] p_err=0.138 | 指标=I_eps+ | score=2(极优) | Pw=[SDE=0.333 I+=0.333 MD=0.333] | Lp=3.10 | n_eval=8
[Gen  10 | FE= 180/ 300] p_err=0.151 | 指标=I_eps+ | score=2(极优) | Pw=[SDE=0.333 I+=0.333 MD=0.333] | Lp=2.40 | n_eval=8
[Gen  10 | FE= 180/ 300] p_err=0.133 | 指标=I_eps+ | score=2(极优) | Pw=[SDE=0.338 I+=0.338 MD=0.325] | Lp=2.40 | n_eval=8
[Gen  10 | FE= 180/ 300] p_err=0.150 | 指标=I_eps+ | score=2(极优) | Pw=[SDE=0.337 I+=0.337 MD=0.325] | Lp=3.10 | n_eval=8
[Gen  10 | FE= 180/ 300] p_err=0.147 | 指标=I_eps+ | score=2(极优) | Pw=[SDE=0.341 I+=0.341 MD=0.318] | Lp=3.10 | n_eval=8
[Gen  10 | FE= 180/ 300] p_err=0.139 | 指标=I_eps+ | score=2(极优) | Pw=[SDE=0.325 I+=0.337 MD=0.337] | Lp=3.10 | n_eval=8
[Gen  10 | FE= 180/ 300] p_err=0.197 | 指标=SDE    | score=2(极优) | Pw=[SDE=0.337 I+=0.337 MD=0.325] | Lp=3.10 | n_eval=8
[Gen  10 | FE= 180/ 300] p_err=0.146 | 指标=I_eps+ | score=2(极优) | Pw=[SDE=0.325 I+=0.337 MD=0.337] | Lp=3.10 | n_eval=8
[Gen  10 | FE= 180/ 300] p_err=0.203 | 指标=MD     | score=2(极优) | Pw=[SDE=0.333 I+=0.333 MD=0.333] | Lp=3.10 | n_eval=8
[Gen  11 | FE= 188/ 300] p_err=0.161 | 指标=I_eps+ | score=2(极优) | Pw=[SDE=0.333 I+=0.333 MD=0.333] | Lp=2.40 | n_eval=8
[Gen  11 | FE= 188/ 300] p_err=0.164 | 指标=I_eps+ | score=2(极优) | Pw=[SDE=0.338 I+=0.338 MD=0.324] | Lp=2.40 | n_eval=8
[Gen  11 | FE= 188/ 300] p_err=0.157 | 指标=I_eps+ | score=2(极优) | Pw=[SDE=0.338 I+=0.338 MD=0.325] | Lp=3.10 | n_eval=8
[Gen  11 | FE= 188/ 300] p_err=0.183 | 指标=MD     | score=2(极优) | Pw=[SDE=0.341 I+=0.341 MD=0.318] | Lp=3.10 | n_eval=8
[Gen  11 | FE= 188/ 300] p_err=0.197 | 指标=SDE    | score=1(中  ) | Pw=[SDE=0.317 I+=0.341 MD=0.341] | Lp=3.10 | n_eval=8
[Gen  11 | FE= 188/ 300] p_err=0.159 | 指标=MD     | score=2(极优) | Pw=[SDE=0.325 I+=0.338 MD=0.338] | Lp=3.10 | n_eval=8
[Gen  11 | FE= 188/ 300] p_err=0.188 | 指标=SDE    | score=2(极优) | Pw=[SDE=0.338 I+=0.338 MD=0.325] | Lp=3.10 | n_eval=8
[Gen  11 | FE= 188/ 300] p_err=0.202 | 指标=SDE    | score=2(极优) | Pw=[SDE=0.333 I+=0.333 MD=0.333] | Lp=3.10 | n_eval=8
[Gen  12 | FE= 196/ 300] p_err=0.204 | 指标=I_eps+ | score=2(极优) | Pw=[SDE=0.338 I+=0.338 MD=0.323] | Lp=3.10 | n_eval=8
[Gen  12 | FE= 196/ 300] p_err=0.173 | 指标=SDE    | score=2(极优) | Pw=[SDE=0.333 I+=0.333 MD=0.333] | Lp=3.10 | n_eval=8
[Gen  12 | FE= 196/ 300] p_err=0.137 | 指标=SDE    | score=2(极优) | Pw=[SDE=0.338 I+=0.338 MD=0.324] | Lp=3.10 | n_eval=8
[Gen  12 | FE= 196/ 300] p_err=0.167 | 指标=SDE    | score=2(极优) | Pw=[SDE=0.341 I+=0.341 MD=0.317] | Lp=3.10 | n_eval=8
[Gen  12 | FE= 196/ 300] p_err=0.130 | 指标=I_eps+ | score=2(极优) | Pw=[SDE=0.316 I+=0.342 MD=0.342] | Lp=3.10 | n_eval=8
[Gen  12 | FE= 196/ 300] p_err=0.158 | 指标=MD     | score=2(极优) | Pw=[SDE=0.324 I+=0.338 MD=0.338] | Lp=3.10 | n_eval=8
[Gen  12 | FE= 196/ 300] p_err=0.210 | 指标=SDE    | score=2(极优) | Pw=[SDE=0.338 I+=0.338 MD=0.324] | Lp=3.10 | n_eval=8
[Gen  12 | FE= 196/ 300] p_err=0.277 | 指标=I_eps+ | score=2(极优) | Pw=[SDE=0.333 I+=0.333 MD=0.333] | Lp=3.10 | n_eval=8
[Gen  13 | FE= 204/ 300] p_err=0.235 | 指标=I_eps+ | score=2(极优) | Pw=[SDE=0.339 I+=0.339 MD=0.322] | Lp=2.40 | n_eval=8
[Gen  13 | FE= 204/ 300] p_err=0.230 | 指标=SDE    | score=1(中  ) | Pw=[SDE=0.324 I+=0.338 MD=0.338] | Lp=2.40 | n_eval=8
[Gen  13 | FE= 204/ 300] p_err=0.181 | 指标=MD     | score=2(极优) | Pw=[SDE=0.338 I+=0.338 MD=0.324] | Lp=3.10 | n_eval=8
[Gen  13 | FE= 204/ 300] p_err=0.213 | 指标=SDE    | score=2(极优) | Pw=[SDE=0.342 I+=0.342 MD=0.316] | Lp=3.10 | n_eval=8
[Gen  13 | FE= 204/ 300] p_err=0.154 | 指标=MD     | score=2(极优) | Pw=[SDE=0.323 I+=0.338 MD=0.338] | Lp=3.10 | n_eval=8
[Gen  13 | FE= 204/ 300] p_err=0.135 | 指标=MD     | score=2(极优) | Pw=[SDE=0.314 I+=0.343 MD=0.343] | Lp=3.10 | n_eval=8
[Gen  13 | FE= 204/ 300] p_err=0.184 | 指标=MD     | score=2(极优) | Pw=[SDE=0.338 I+=0.338 MD=0.324] | Lp=3.10 | n_eval=8
[Gen  13 | FE= 204/ 300] p_err=0.244 | 指标=SDE    | score=2(极优) | Pw=[SDE=0.333 I+=0.333 MD=0.333] | Lp=3.10 | n_eval=8
[Gen  14 | FE= 212/ 300] p_err=0.193 | 指标=SDE    | score=2(极优) | Pw=[SDE=0.340 I+=0.340 MD=0.321] | Lp=2.40 | n_eval=8
[Gen  14 | FE= 212/ 300] p_err=0.258 | 指标=SDE    | score=2(极优) | Pw=[SDE=0.324 I+=0.338 MD=0.338] | Lp=2.40 | n_eval=8
[Gen  14 | FE= 212/ 300] p_err=0.175 | 指标=I_eps+ | score=2(极优) | Pw=[SDE=0.338 I+=0.338 MD=0.323] | Lp=3.10 | n_eval=8
[Gen  14 | FE= 212/ 300] p_err=0.179 | 指标=SDE    | score=2(极优) | Pw=[SDE=0.343 I+=0.343 MD=0.314] | Lp=3.10 | n_eval=8
[Gen  14 | FE= 212/ 300] p_err=0.192 | 指标=MD     | score=0(差  ) | Pw=[SDE=0.331 I+=0.349 MD=0.320] | Lp=3.10 | n_eval=8
[Gen  14 | FE= 212/ 300] p_err=0.226 | 指标=SDE    | score=2(极优) | Pw=[SDE=0.314 I+=0.343 MD=0.343] | Lp=3.10 | n_eval=8
[Gen  14 | FE= 212/ 300] p_err=0.164 | 指标=MD     | score=2(极优) | Pw=[SDE=0.338 I+=0.338 MD=0.324] | Lp=3.10 | n_eval=8
[Gen  14 | FE= 212/ 300] p_err=0.210 | 指标=I_eps+ | score=2(极优) | Pw=[SDE=0.333 I+=0.333 MD=0.333] | Lp=3.10 | n_eval=8
[Gen  15 | FE= 220/ 300] p_err=0.236 | 指标=SDE    | score=2(极优) | Pw=[SDE=0.340 I+=0.340 MD=0.319] | Lp=3.10 | n_eval=8
[Gen  15 | FE= 220/ 300] p_err=0.120 | 指标=MD     | score=2(极优) | Pw=[SDE=0.323 I+=0.338 MD=0.338] | Lp=2.40 | n_eval=8
[Gen  15 | FE= 220/ 300] p_err=0.190 | 指标=MD     | score=2(极优) | Pw=[SDE=0.338 I+=0.338 MD=0.323] | Lp=3.10 | n_eval=8
[Gen  15 | FE= 220/ 300] p_err=0.239 | 指标=SDE    | score=2(极优) | Pw=[SDE=0.314 I+=0.343 MD=0.343] | Lp=3.10 | n_eval=8
[Gen  15 | FE= 220/ 300] p_err=0.150 | 指标=I_eps+ | score=1(中  ) | Pw=[SDE=0.351 I+=0.329 MD=0.319] | Lp=3.10 | n_eval=8
[Gen  15 | FE= 220/ 300] p_err=0.167 | 指标=I_eps+ | score=2(极优) | Pw=[SDE=0.331 I+=0.350 MD=0.319] | Lp=3.10 | n_eval=8
[Gen  15 | FE= 220/ 300] p_err=0.218 | 指标=SDE    | score=2(极优) | Pw=[SDE=0.338 I+=0.338 MD=0.323] | Lp=3.10 | n_eval=8
[Gen  15 | FE= 220/ 300] p_err=0.172 | 指标=MD     | score=1(中  ) | Pw=[SDE=0.340 I+=0.340 MD=0.321] | Lp=3.10 | n_eval=8
[Gen  16 | FE= 228/ 300] p_err=0.209 | 指标=I_eps+ | score=2(极优) | Pw=[SDE=0.341 I+=0.341 MD=0.317] | Lp=2.40 | n_eval=8
[Gen  16 | FE= 228/ 300] p_err=0.134 | 指标=MD     | score=2(极优) | Pw=[SDE=0.322 I+=0.339 MD=0.339] | Lp=2.40 | n_eval=8
[Gen  16 | FE= 228/ 300] p_err=0.176 | 指标=SDE    | score=1(中  ) | Pw=[SDE=0.323 I+=0.347 MD=0.330] | Lp=3.10 | n_eval=8
[Gen  16 | FE= 228/ 300] p_err=0.148 | 指标=I_eps+ | score=2(极优) | Pw=[SDE=0.352 I+=0.330 MD=0.317] | Lp=3.10 | n_eval=8
[Gen  16 | FE= 228/ 300] p_err=0.200 | 指标=SDE    | score=2(极优) | Pw=[SDE=0.332 I+=0.352 MD=0.316] | Lp=3.10 | n_eval=8
[Gen  16 | FE= 228/ 300] p_err=0.200 | 指标=MD     | score=2(极优) | Pw=[SDE=0.312 I+=0.344 MD=0.344] | Lp=4.20 | n_eval=8
[Gen  16 | FE= 228/ 300] p_err=0.138 | 指标=I_eps+ | score=2(极优) | Pw=[SDE=0.339 I+=0.339 MD=0.322] | Lp=3.10 | n_eval=8
[Gen  16 | FE= 228/ 300] p_err=0.233 | 指标=SDE    | score=2(极优) | Pw=[SDE=0.340 I+=0.340 MD=0.319] | Lp=2.40 | n_eval=8
[Gen  17 | FE= 236/ 300] p_err=0.298 | 指标=SDE    | score=2(极优) | Pw=[SDE=0.343 I+=0.343 MD=0.314] | Lp=3.10 | n_eval=8
[Gen  17 | FE= 236/ 300] p_err=0.128 | 指标=MD     | score=2(极优) | Pw=[SDE=0.321 I+=0.340 MD=0.340] | Lp=2.40 | n_eval=8
[Gen  17 | FE= 236/ 300] p_err=0.232 | 指标=SDE    | score=2(极优) | Pw=[SDE=0.323 I+=0.348 MD=0.329] | Lp=3.10 | n_eval=8
[Gen  17 | FE= 236/ 300] p_err=0.197 | 指标=I_eps+ | score=2(极优) | Pw=[SDE=0.354 I+=0.332 MD=0.314] | Lp=3.10 | n_eval=8
[Gen  17 | FE= 236/ 300] p_err=0.242 | 指标=SDE    | score=2(极优) | Pw=[SDE=0.333 I+=0.353 MD=0.314] | Lp=3.10 | n_eval=8
[Gen  17 | FE= 236/ 300] p_err=0.147 | 指标=I_eps+ | score=2(极优) | Pw=[SDE=0.310 I+=0.345 MD=0.345] | Lp=3.10 | n_eval=8
[Gen  17 | FE= 236/ 300] p_err=0.168 | 指标=I_eps+ | score=2(极优) | Pw=[SDE=0.340 I+=0.340 MD=0.321] | Lp=3.10 | n_eval=8
[Gen  17 | FE= 236/ 300] p_err=0.164 | 指标=MD     | score=2(极优) | Pw=[SDE=0.340 I+=0.340 MD=0.319] | Lp=2.40 | n_eval=8
[Gen  18 | FE= 244/ 300] p_err=0.310 | 指标=MD     | score=2(极优) | Pw=[SDE=0.343 I+=0.343 MD=0.314] | Lp=3.10 | n_eval=8
[Gen  18 | FE= 244/ 300] p_err=0.167 | 指标=I_eps+ | score=2(极优) | Pw=[SDE=0.319 I+=0.340 MD=0.340] | Lp=3.10 | n_eval=8
[Gen  18 | FE= 244/ 300] p_err=0.133 | 指标=I_eps+ | score=2(极优) | Pw=[SDE=0.321 I+=0.350 MD=0.328] | Lp=3.10 | n_eval=8
[Gen  18 | FE= 244/ 300] p_err=0.206 | 指标=SDE    | score=2(极优) | Pw=[SDE=0.357 I+=0.331 MD=0.312] | Lp=3.10 | n_eval=8
[Gen  18 | FE= 244/ 300] p_err=0.185 | 指标=SDE    | score=2(极优) | Pw=[SDE=0.335 I+=0.355 MD=0.310] | Lp=3.10 | n_eval=8
[Gen  18 | FE= 244/ 300] p_err=0.200 | 指标=SDE    | score=2(极优) | Pw=[SDE=0.310 I+=0.345 MD=0.345] | Lp=3.10 | n_eval=8
[Gen  18 | FE= 244/ 300] p_err=0.229 | 指标=MD     | score=1(中  ) | Pw=[SDE=0.346 I+=0.346 MD=0.308] | Lp=3.10 | n_eval=8
[Gen  18 | FE= 244/ 300] p_err=0.203 | 指标=I_eps+ | score=2(极优) | Pw=[SDE=0.341 I+=0.341 MD=0.317] | Lp=2.40 | n_eval=8
[Gen  19 | FE= 252/ 300] p_err=0.255 | 指标=SDE    | score=2(极优) | Pw=[SDE=0.345 I+=0.345 MD=0.310] | Lp=3.10 | n_eval=8
[Gen  19 | FE= 252/ 300] p_err=0.169 | 指标=SDE    | score=2(极优) | Pw=[SDE=0.319 I+=0.340 MD=0.340] | Lp=2.40 | n_eval=8
[Gen  19 | FE= 252/ 300] p_err=0.214 | 指标=I_eps+ | score=2(极优) | Pw=[SDE=0.318 I+=0.354 MD=0.328] | Lp=3.10 | n_eval=8
[Gen  19 | FE= 252/ 300] p_err=0.204 | 指标=MD     | score=1(中  ) | Pw=[SDE=0.366 I+=0.336 MD=0.298] | Lp=3.10 | n_eval=8
[Gen  19 | FE= 252/ 300] p_err=0.197 | 指标=SDE    | score=2(极优) | Pw=[SDE=0.337 I+=0.357 MD=0.306] | Lp=3.10 | n_eval=8
[Gen  19 | FE= 252/ 300] p_err=0.209 | 指标=SDE    | score=2(极优) | Pw=[SDE=0.310 I+=0.345 MD=0.345] | Lp=3.10 | n_eval=8
[Gen  19 | FE= 252/ 300] p_err=0.151 | 指标=MD     | score=2(极优) | Pw=[SDE=0.346 I+=0.346 MD=0.308] | Lp=3.10 | n_eval=8
[Gen  19 | FE= 252/ 300] p_err=0.163 | 指标=MD     | score=2(极优) | Pw=[SDE=0.341 I+=0.341 MD=0.317] | Lp=2.40 | n_eval=8
[Gen  20 | FE= 260/ 300] p_err=0.176 | 指标=I_eps+ | score=2(极优) | Pw=[SDE=0.348 I+=0.348 MD=0.304] | Lp=2.40 | n_eval=8
[Gen  20 | FE= 260/ 300] p_err=0.238 | 指标=SDE    | score=2(极优) | Pw=[SDE=0.319 I+=0.340 MD=0.340] | Lp=2.40 | n_eval=8
[Gen  20 | FE= 260/ 300] p_err=0.182 | 指标=MD     | score=2(极优) | Pw=[SDE=0.312 I+=0.357 MD=0.331] | Lp=3.10 | n_eval=8
[Gen  20 | FE= 260/ 300] p_err=0.196 | 指标=MD     | score=2(极优) | Pw=[SDE=0.335 I+=0.358 MD=0.307] | Lp=3.10 | n_eval=8
[Gen  20 | FE= 260/ 300] p_err=0.205 | 指标=SDE    | score=2(极优) | Pw=[SDE=0.372 I+=0.335 MD=0.293] | Lp=3.10 | n_eval=8
[Gen  20 | FE= 260/ 300] p_err=0.191 | 指标=I_eps+ | score=2(极优) | Pw=[SDE=0.308 I+=0.346 MD=0.346] | Lp=3.10 | n_eval=8
[Gen  20 | FE= 260/ 300] p_err=0.167 | 指标=SDE    | score=2(极优) | Pw=[SDE=0.348 I+=0.348 MD=0.304] | Lp=3.10 | n_eval=8
[Gen  20 | FE= 260/ 300] p_err=0.136 | 指标=I_eps+ | score=2(极优) | Pw=[SDE=0.343 I+=0.343 MD=0.314] | Lp=2.40 | n_eval=8
[Gen  21 | FE= 268/ 300] p_err=0.155 | 指标=MD     | score=2(极优) | Pw=[SDE=0.345 I+=0.345 MD=0.310] | Lp=2.40 | n_eval=8
[Gen  21 | FE= 268/ 300] p_err=0.195 | 指标=MD     | score=2(极优) | Pw=[SDE=0.317 I+=0.341 MD=0.341] | Lp=3.10 | n_eval=8
[Gen  21 | FE= 268/ 300] p_err=0.230 | 指标=MD     | score=2(极优) | Pw=[SDE=0.304 I+=0.348 MD=0.348] | Lp=3.10 | n_eval=8
[Gen  21 | FE= 268/ 300] p_err=0.181 | 指标=I_eps+ | score=2(极优) | Pw=[SDE=0.335 I+=0.358 MD=0.307] | Lp=3.10 | n_eval=8
[Gen  21 | FE= 268/ 300] p_err=0.195 | 指标=I_eps+ | score=2(极优) | Pw=[SDE=0.375 I+=0.344 MD=0.281] | Lp=3.10 | n_eval=8
[Gen  21 | FE= 268/ 300] p_err=0.183 | 指标=MD     | score=2(极优) | Pw=[SDE=0.304 I+=0.348 MD=0.348] | Lp=3.10 | n_eval=8
[Gen  21 | FE= 268/ 300] p_err=0.191 | 指标=I_eps+ | score=2(极优) | Pw=[SDE=0.348 I+=0.348 MD=0.304] | Lp=3.10 | n_eval=8
[Gen  21 | FE= 268/ 300] p_err=0.195 | 指标=I_eps+ | score=2(极优) | Pw=[SDE=0.345 I+=0.345 MD=0.310] | Lp=2.40 | n_eval=8
[Gen  22 | FE= 276/ 300] p_err=0.175 | 指标=MD     | score=2(极优) | Pw=[SDE=0.345 I+=0.345 MD=0.310] | Lp=2.40 | n_eval=8
[Gen  22 | FE= 276/ 300] p_err=0.258 | 指标=SDE    | score=2(极优) | Pw=[SDE=0.319 I+=0.340 MD=0.340] | Lp=3.10 | n_eval=8
[Gen  22 | FE= 276/ 300] p_err=0.192 | 指标=MD     | score=2(极优) | Pw=[SDE=0.304 I+=0.348 MD=0.348] | Lp=3.10 | n_eval=8
[Gen  22 | FE= 276/ 300] p_err=0.205 | 指标=I_eps+ | score=2(极优) | Pw=[SDE=0.333 I+=0.359 MD=0.308] | Lp=3.10 | n_eval=8
[Gen  22 | FE= 276/ 300] p_err=0.238 | 指标=SDE    | score=2(极优) | Pw=[SDE=0.375 I+=0.344 MD=0.281] | Lp=3.10 | n_eval=8
[Gen  22 | FE= 276/ 300] p_err=0.199 | 指标=I_eps+ | score=2(极优) | Pw=[SDE=0.304 I+=0.348 MD=0.348] | Lp=3.10 | n_eval=8
[Gen  22 | FE= 276/ 300] p_err=0.167 | 指标=I_eps+ | score=2(极优) | Pw=[SDE=0.348 I+=0.348 MD=0.304] | Lp=3.10 | n_eval=8
[Gen  22 | FE= 276/ 300] p_err=0.156 | 指标=I_eps+ | score=2(极优) | Pw=[SDE=0.345 I+=0.345 MD=0.310] | Lp=2.40 | n_eval=8
[Gen  23 | FE= 284/ 300] p_err=0.208 | 指标=I_eps+ | score=1(中  ) | Pw=[SDE=0.352 I+=0.332 MD=0.316] | Lp=2.40 | n_eval=8
[Gen  23 | FE= 284/ 300] p_err=0.132 | 指标=I_eps+ | score=2(极优) | Pw=[SDE=0.319 I+=0.340 MD=0.340] | Lp=3.10 | n_eval=8
[Gen  23 | FE= 284/ 300] p_err=0.162 | 指标=SDE    | score=2(极优) | Pw=[SDE=0.310 I+=0.345 MD=0.345] | Lp=2.40 | n_eval=8
[Gen  23 | FE= 284/ 300] p_err=0.231 | 指标=SDE    | score=2(极优) | Pw=[SDE=0.350 I+=0.350 MD=0.300] | Lp=3.10 | n_eval=8
[Gen  23 | FE= 284/ 300] p_err=0.172 | 指标=MD     | score=2(极优) | Pw=[SDE=0.370 I+=0.339 MD=0.291] | Lp=3.10 | n_eval=8
[Gen  23 | FE= 284/ 300] p_err=0.242 | 指标=I_eps+ | score=2(极优) | Pw=[SDE=0.304 I+=0.348 MD=0.348] | Lp=3.10 | n_eval=8
[Gen  23 | FE= 284/ 300] p_err=0.135 | 指标=MD     | score=2(极优) | Pw=[SDE=0.346 I+=0.346 MD=0.308] | Lp=2.40 | n_eval=8
[Gen  23 | FE= 284/ 300] p_err=0.150 | 指标=I_eps+ | score=1(中  ) | Pw=[SDE=0.352 I+=0.330 MD=0.317] | Lp=2.40 | n_eval=8
[Gen  24 | FE= 292/ 300] p_err=0.229 | 指标=I_eps+ | score=2(极优) | Pw=[SDE=0.339 I+=0.322 MD=0.339] | Lp=3.10 | n_eval=8
[Gen  24 | FE= 292/ 300] p_err=0.188 | 指标=I_eps+ | score=2(极优) | Pw=[SDE=0.317 I+=0.341 MD=0.341] | Lp=3.10 | n_eval=8
[Gen  24 | FE= 292/ 300] p_err=0.157 | 指标=I_eps+ | score=2(极优) | Pw=[SDE=0.310 I+=0.345 MD=0.345] | Lp=2.40 | n_eval=8
[Gen  24 | FE= 292/ 300] p_err=0.211 | 指标=MD     | score=1(中  ) | Pw=[SDE=0.356 I+=0.356 MD=0.289] | Lp=3.10 | n_eval=8
[Gen  24 | FE= 292/ 300] p_err=0.165 | 指标=MD     | score=2(极优) | Pw=[SDE=0.369 I+=0.332 MD=0.300] | Lp=3.10 | n_eval=8
[Gen  24 | FE= 292/ 300] p_err=0.226 | 指标=SDE    | score=2(极优) | Pw=[SDE=0.304 I+=0.348 MD=0.348] | Lp=3.10 | n_eval=8
[Gen  24 | FE= 292/ 300] p_err=0.179 | 指标=SDE    | score=2(极优) | Pw=[SDE=0.348 I+=0.348 MD=0.304] | Lp=2.40 | n_eval=8
[Gen  24 | FE= 292/ 300] p_err=0.230 | 指标=SDE    | score=2(极优) | Pw=[SDE=0.352 I+=0.330 MD=0.317] | Lp=2.40 | n_eval=8
[Gen  25 | FE= 300/ 300] p_err=0.262 | 指标=SDE    | score=2(极优) | Pw=[SDE=0.340 I+=0.321 MD=0.340] | Lp=3.10 | n_eval=8
[Gen  25 | FE= 300/ 300] p_err=0.136 | 指标=I_eps+ | score=2(极优) | Pw=[SDE=0.310 I+=0.345 MD=0.345] | Lp=3.10 | n_eval=8
[Gen  25 | FE= 300/ 300] p_err=0.191 | 指标=MD     | score=2(极优) | Pw=[SDE=0.317 I+=0.341 MD=0.341] | Lp=3.10 | n_eval=8
[Gen  25 | FE= 300/ 300] p_err=0.187 | 指标=I_eps+ | score=2(极优) | Pw=[SDE=0.359 I+=0.359 MD=0.282] | Lp=3.10 | n_eval=8
[Gen  25 | FE= 300/ 300] p_err=0.164 | 指标=MD     | score=1(中  ) | Pw=[SDE=0.377 I+=0.340 MD=0.283] | Lp=3.10 | n_eval=8
[Gen  25 | FE= 300/ 300] p_err=0.151 | 指标=I_eps+ | score=2(极优) | Pw=[SDE=0.341 I+=0.341 MD=0.317] | Lp=2.40 | n_eval=8
[Gen  25 | FE= 300/ 300] p_err=0.215 | 指标=I_eps+ | score=2(极优) | Pw=[SDE=0.304 I+=0.348 MD=0.348] | Lp=3.10 | n_eval=8
[Gen  25 | FE= 300/ 300] p_err=0.182 | 指标=SDE    | score=2(极优) | Pw=[SDE=0.352 I+=0.330 MD=0.317] | Lp=2.40 | n_eval=8
[Gen   1 | FE= 108/ 300] p_err=0.204 | 指标=SDE    | score=2(极优) | Pw=[SDE=0.333 I+=0.333 MD=0.333] | Lp=3.10 | n_eval=8
[Gen   1 | FE= 108/ 300] p_err=0.236 | 指标=MD     | score=2(极优) | Pw=[SDE=0.333 I+=0.333 MD=0.333] | Lp=3.10 | n_eval=8
[Gen   1 | FE= 108/ 300] p_err=0.115 | 指标=I_eps+ | score=2(极优) | Pw=[SDE=0.333 I+=0.333 MD=0.333] | Lp=3.10 | n_eval=8
[Gen   1 | FE= 108/ 300] p_err=0.172 | 指标=MD     | score=2(极优) | Pw=[SDE=0.333 I+=0.333 MD=0.333] | Lp=3.10 | n_eval=8
[Gen   1 | FE= 108/ 300] p_err=0.129 | 指标=SDE    | score=2(极优) | Pw=[SDE=0.333 I+=0.333 MD=0.333] | Lp=3.10 | n_eval=8
[Gen   1 | FE= 108/ 300] p_err=0.138 | 指标=I_eps+ | score=2(极优) | Pw=[SDE=0.333 I+=0.333 MD=0.333] | Lp=3.10 | n_eval=8
[Gen   1 | FE= 108/ 300] p_err=0.160 | 指标=SDE    | score=2(极优) | Pw=[SDE=0.333 I+=0.333 MD=0.333] | Lp=3.10 | n_eval=8
[Gen   2 | FE= 116/ 300] p_err=0.209 | 指标=MD     | score=2(极优) | Pw=[SDE=0.333 I+=0.333 MD=0.333] | Lp=3.10 | n_eval=8
[Gen   2 | FE= 116/ 300] p_err=0.197 | 指标=SDE    | score=2(极优) | Pw=[SDE=0.333 I+=0.333 MD=0.333] | Lp=3.10 | n_eval=8
[Gen   2 | FE= 116/ 300] p_err=0.161 | 指标=SDE    | score=2(极优) | Pw=[SDE=0.333 I+=0.333 MD=0.333] | Lp=3.10 | n_eval=8
[Gen   2 | FE= 116/ 300] p_err=0.174 | 指标=MD     | score=2(极优) | Pw=[SDE=0.333 I+=0.333 MD=0.333] | Lp=3.10 | n_eval=8
[Gen   2 | FE= 116/ 300] p_err=0.084 | 指标=I_eps+ | score=2(极优) | Pw=[SDE=0.333 I+=0.333 MD=0.333] | Lp=3.10 | n_eval=8
[Gen   2 | FE= 116/ 300] p_err=0.107 | 指标=I_eps+ | score=2(极优) | Pw=[SDE=0.333 I+=0.333 MD=0.333] | Lp=3.10 | n_eval=8
[Gen   2 | FE= 116/ 300] p_err=0.183 | 指标=SDE    | score=2(极优) | Pw=[SDE=0.333 I+=0.333 MD=0.333] | Lp=3.10 | n_eval=8
[Gen   3 | FE= 124/ 300] p_err=0.148 | 指标=I_eps+ | score=2(极优) | Pw=[SDE=0.333 I+=0.333 MD=0.333] | Lp=3.10 | n_eval=8
[Gen   3 | FE= 124/ 300] p_err=0.121 | 指标=I_eps+ | score=2(极优) | Pw=[SDE=0.333 I+=0.333 MD=0.333] | Lp=3.10 | n_eval=8
[Gen   3 | FE= 124/ 300] p_err=0.178 | 指标=SDE    | score=2(极优) | Pw=[SDE=0.333 I+=0.333 MD=0.333] | Lp=3.10 | n_eval=8
[Gen   3 | FE= 124/ 300] p_err=0.163 | 指标=MD     | score=2(极优) | Pw=[SDE=0.333 I+=0.333 MD=0.333] | Lp=3.10 | n_eval=8
[Gen   3 | FE= 124/ 300] p_err=0.151 | 指标=SDE    | score=2(极优) | Pw=[SDE=0.333 I+=0.333 MD=0.333] | Lp=3.10 | n_eval=8
[Gen   3 | FE= 124/ 300] p_err=0.169 | 指标=SDE    | score=2(极优) | Pw=[SDE=0.333 I+=0.333 MD=0.333] | Lp=2.40 | n_eval=8
[Gen   3 | FE= 124/ 300] p_err=0.116 | 指标=I_eps+ | score=2(极优) | Pw=[SDE=0.333 I+=0.333 MD=0.333] | Lp=3.10 | n_eval=8
[Gen   4 | FE= 132/ 300] p_err=0.144 | 指标=I_eps+ | score=2(极优) | Pw=[SDE=0.333 I+=0.333 MD=0.333] | Lp=3.10 | n_eval=8
[Gen   4 | FE= 132/ 300] p_err=0.203 | 指标=MD     | score=2(极优) | Pw=[SDE=0.333 I+=0.333 MD=0.333] | Lp=3.10 | n_eval=8
[Gen   4 | FE= 132/ 300] p_err=0.226 | 指标=SDE    | score=2(极优) | Pw=[SDE=0.333 I+=0.333 MD=0.333] | Lp=3.10 | n_eval=8
[Gen   4 | FE= 132/ 300] p_err=0.172 | 指标=I_eps+ | score=2(极优) | Pw=[SDE=0.333 I+=0.333 MD=0.333] | Lp=3.10 | n_eval=8
[Gen   4 | FE= 132/ 300] p_err=0.126 | 指标=I_eps+ | score=2(极优) | Pw=[SDE=0.333 I+=0.333 MD=0.333] | Lp=3.10 | n_eval=8
[Gen   4 | FE= 132/ 300] p_err=0.138 | 指标=I_eps+ | score=2(极优) | Pw=[SDE=0.333 I+=0.333 MD=0.333] | Lp=3.10 | n_eval=8
[Gen   4 | FE= 132/ 300] p_err=0.154 | 指标=MD     | score=2(极优) | Pw=[SDE=0.333 I+=0.333 MD=0.333] | Lp=3.10 | n_eval=8
[Gen   5 | FE= 140/ 300] p_err=0.130 | 指标=MD     | score=2(极优) | Pw=[SDE=0.333 I+=0.333 MD=0.333] | Lp=2.40 | n_eval=8
[Gen   5 | FE= 140/ 300] p_err=0.158 | 指标=MD     | score=2(极优) | Pw=[SDE=0.333 I+=0.333 MD=0.333] | Lp=3.10 | n_eval=8
[Gen   5 | FE= 140/ 300] p_err=0.247 | 指标=SDE    | score=2(极优) | Pw=[SDE=0.333 I+=0.333 MD=0.333] | Lp=3.10 | n_eval=8
[Gen   5 | FE= 140/ 300] p_err=0.133 | 指标=I_eps+ | score=2(极优) | Pw=[SDE=0.333 I+=0.333 MD=0.333] | Lp=3.10 | n_eval=8
[Gen   5 | FE= 140/ 300] p_err=0.173 | 指标=I_eps+ | score=2(极优) | Pw=[SDE=0.333 I+=0.333 MD=0.333] | Lp=3.10 | n_eval=8
[Gen   5 | FE= 140/ 300] p_err=0.150 | 指标=SDE    | score=2(极优) | Pw=[SDE=0.333 I+=0.333 MD=0.333] | Lp=3.10 | n_eval=8
[Gen   5 | FE= 140/ 300] p_err=0.171 | 指标=I_eps+ | score=2(极优) | Pw=[SDE=0.333 I+=0.333 MD=0.333] | Lp=3.10 | n_eval=8
[Gen   6 | FE= 148/ 300] p_err=0.145 | 指标=I_eps+ | score=2(极优) | Pw=[SDE=0.333 I+=0.333 MD=0.333] | Lp=3.10 | n_eval=8
[Gen   6 | FE= 148/ 300] p_err=0.162 | 指标=SDE    | score=2(极优) | Pw=[SDE=0.333 I+=0.333 MD=0.333] | Lp=3.10 | n_eval=8
[Gen   6 | FE= 148/ 300] p_err=0.341 | 指标=SDE    | score=2(极优) | Pw=[SDE=0.333 I+=0.333 MD=0.333] | Lp=3.10 | n_eval=8
[Gen   6 | FE= 148/ 300] p_err=0.232 | 指标=SDE    | score=2(极优) | Pw=[SDE=0.333 I+=0.333 MD=0.333] | Lp=3.10 | n_eval=8
[Gen   6 | FE= 148/ 300] p_err=0.173 | 指标=SDE    | score=2(极优) | Pw=[SDE=0.333 I+=0.333 MD=0.333] | Lp=2.40 | n_eval=8
[Gen   6 | FE= 148/ 300] p_err=0.157 | 指标=I_eps+ | score=2(极优) | Pw=[SDE=0.333 I+=0.333 MD=0.333] | Lp=3.10 | n_eval=8
[Gen   6 | FE= 148/ 300] p_err=0.277 | 指标=SDE    | score=2(极优) | Pw=[SDE=0.333 I+=0.333 MD=0.333] | Lp=3.10 | n_eval=8
[Gen   7 | FE= 156/ 300] p_err=0.192 | 指标=SDE    | score=2(极优) | Pw=[SDE=0.333 I+=0.333 MD=0.333] | Lp=2.40 | n_eval=8
[Gen   7 | FE= 156/ 300] p_err=0.175 | 指标=I_eps+ | score=2(极优) | Pw=[SDE=0.333 I+=0.333 MD=0.333] | Lp=2.40 | n_eval=8
[Gen   7 | FE= 156/ 300] p_err=0.215 | 指标=SDE    | score=2(极优) | Pw=[SDE=0.333 I+=0.333 MD=0.333] | Lp=3.10 | n_eval=8
[Gen   7 | FE= 156/ 300] p_err=0.180 | 指标=I_eps+ | score=2(极优) | Pw=[SDE=0.333 I+=0.333 MD=0.333] | Lp=3.10 | n_eval=8
[Gen   7 | FE= 156/ 300] p_err=0.197 | 指标=MD     | score=2(极优) | Pw=[SDE=0.333 I+=0.333 MD=0.333] | Lp=3.10 | n_eval=8
[Gen   7 | FE= 156/ 300] p_err=0.180 | 指标=I_eps+ | score=2(极优) | Pw=[SDE=0.333 I+=0.333 MD=0.333] | Lp=3.10 | n_eval=8
[Gen   7 | FE= 156/ 300] p_err=0.158 | 指标=MD     | score=2(极优) | Pw=[SDE=0.333 I+=0.333 MD=0.333] | Lp=3.10 | n_eval=8
[Gen   8 | FE= 164/ 300] p_err=0.153 | 指标=I_eps+ | score=2(极优) | Pw=[SDE=0.333 I+=0.333 MD=0.333] | Lp=2.40 | n_eval=8
[Gen   8 | FE= 164/ 300] p_err=0.132 | 指标=MD     | score=2(极优) | Pw=[SDE=0.333 I+=0.333 MD=0.333] | Lp=2.40 | n_eval=8
[Gen   8 | FE= 164/ 300] p_err=0.205 | 指标=MD     | score=2(极优) | Pw=[SDE=0.333 I+=0.333 MD=0.333] | Lp=3.10 | n_eval=8
[Gen   8 | FE= 164/ 300] p_err=0.137 | 指标=MD     | score=2(极优) | Pw=[SDE=0.333 I+=0.333 MD=0.333] | Lp=3.10 | n_eval=8
[Gen   8 | FE= 164/ 300] p_err=0.164 | 指标=I_eps+ | score=2(极优) | Pw=[SDE=0.333 I+=0.333 MD=0.333] | Lp=2.40 | n_eval=8
[Gen   8 | FE= 164/ 300] p_err=0.214 | 指标=MD     | score=2(极优) | Pw=[SDE=0.333 I+=0.333 MD=0.333] | Lp=3.10 | n_eval=8
[Gen   8 | FE= 164/ 300] p_err=0.154 | 指标=MD     | score=2(极优) | Pw=[SDE=0.333 I+=0.333 MD=0.333] | Lp=3.10 | n_eval=8
[Gen   9 | FE= 172/ 300] p_err=0.149 | 指标=I_eps+ | score=2(极优) | Pw=[SDE=0.333 I+=0.333 MD=0.333] | Lp=2.40 | n_eval=8
[Gen   9 | FE= 172/ 300] p_err=0.235 | 指标=SDE    | score=2(极优) | Pw=[SDE=0.333 I+=0.333 MD=0.333] | Lp=3.10 | n_eval=8
[Gen   9 | FE= 172/ 300] p_err=0.170 | 指标=MD     | score=2(极优) | Pw=[SDE=0.333 I+=0.333 MD=0.333] | Lp=3.10 | n_eval=8
[Gen   9 | FE= 172/ 300] p_err=0.195 | 指标=I_eps+ | score=2(极优) | Pw=[SDE=0.333 I+=0.333 MD=0.333] | Lp=3.10 | n_eval=8
[Gen   9 | FE= 172/ 300] p_err=0.180 | 指标=I_eps+ | score=2(极优) | Pw=[SDE=0.333 I+=0.333 MD=0.333] | Lp=2.40 | n_eval=8
[Gen   9 | FE= 172/ 300] p_err=0.161 | 指标=SDE    | score=2(极优) | Pw=[SDE=0.333 I+=0.333 MD=0.333] | Lp=3.10 | n_eval=8
[Gen   9 | FE= 172/ 300] p_err=0.208 | 指标=SDE    | score=2(极优) | Pw=[SDE=0.333 I+=0.333 MD=0.333] | Lp=3.10 | n_eval=8
[Gen  10 | FE= 180/ 300] p_err=0.162 | 指标=I_eps+ | score=2(极优) | Pw=[SDE=0.333 I+=0.333 MD=0.333] | Lp=3.10 | n_eval=8
[Gen  10 | FE= 180/ 300] p_err=0.266 | 指标=MD     | score=2(极优) | Pw=[SDE=0.333 I+=0.333 MD=0.333] | Lp=3.10 | n_eval=8
[Gen  10 | FE= 180/ 300] p_err=0.190 | 指标=MD     | score=1(中  ) | Pw=[SDE=0.337 I+=0.337 MD=0.326] | Lp=3.10 | n_eval=8
[Gen  10 | FE= 180/ 300] p_err=0.167 | 指标=I_eps+ | score=2(极优) | Pw=[SDE=0.333 I+=0.333 MD=0.333] | Lp=2.40 | n_eval=8
[Gen  10 | FE= 180/ 300] p_err=0.186 | 指标=I_eps+ | score=2(极优) | Pw=[SDE=0.333 I+=0.333 MD=0.333] | Lp=2.40 | n_eval=8
[Gen  10 | FE= 180/ 300] p_err=0.206 | 指标=SDE    | score=2(极优) | Pw=[SDE=0.333 I+=0.333 MD=0.333] | Lp=3.10 | n_eval=8
[Gen  10 | FE= 180/ 300] p_err=0.194 | 指标=MD     | score=1(中  ) | Pw=[SDE=0.337 I+=0.337 MD=0.325] | Lp=3.10 | n_eval=8
[Gen  11 | FE= 188/ 300] p_err=0.111 | 指标=MD     | score=2(极优) | Pw=[SDE=0.333 I+=0.333 MD=0.333] | Lp=2.40 | n_eval=8
[Gen  11 | FE= 188/ 300] p_err=0.238 | 指标=I_eps+ | score=2(极优) | Pw=[SDE=0.333 I+=0.333 MD=0.333] | Lp=3.10 | n_eval=8
[Gen  11 | FE= 188/ 300] p_err=0.179 | 指标=I_eps+ | score=2(极优) | Pw=[SDE=0.333 I+=0.333 MD=0.333] | Lp=3.10 | n_eval=8
[Gen  11 | FE= 188/ 300] p_err=0.266 | 指标=SDE    | score=2(极优) | Pw=[SDE=0.337 I+=0.337 MD=0.325] | Lp=3.10 | n_eval=8
[Gen  11 | FE= 188/ 300] p_err=0.159 | 指标=I_eps+ | score=2(极优) | Pw=[SDE=0.333 I+=0.333 MD=0.333] | Lp=2.40 | n_eval=8
[Gen  11 | FE= 188/ 300] p_err=0.180 | 指标=SDE    | score=1(中  ) | Pw=[SDE=0.325 I+=0.337 MD=0.337] | Lp=3.10 | n_eval=8
[Gen  11 | FE= 188/ 300] p_err=0.137 | 指标=I_eps+ | score=2(极优) | Pw=[SDE=0.338 I+=0.338 MD=0.325] | Lp=3.10 | n_eval=8
[Gen  12 | FE= 196/ 300] p_err=0.213 | 指标=SDE    | score=2(极优) | Pw=[SDE=0.333 I+=0.333 MD=0.333] | Lp=2.40 | n_eval=8
[Gen  12 | FE= 196/ 300] p_err=0.193 | 指标=MD     | score=2(极优) | Pw=[SDE=0.333 I+=0.333 MD=0.333] | Lp=3.10 | n_eval=8
[Gen  12 | FE= 196/ 300] p_err=0.167 | 指标=MD     | score=2(极优) | Pw=[SDE=0.333 I+=0.333 MD=0.333] | Lp=3.10 | n_eval=8
[Gen  12 | FE= 196/ 300] p_err=0.228 | 指标=MD     | score=2(极优) | Pw=[SDE=0.337 I+=0.337 MD=0.325] | Lp=3.10 | n_eval=8
[Gen  12 | FE= 196/ 300] p_err=0.157 | 指标=MD     | score=2(极优) | Pw=[SDE=0.333 I+=0.333 MD=0.333] | Lp=2.40 | n_eval=8
[Gen  12 | FE= 196/ 300] p_err=0.178 | 指标=I_eps+ | score=2(极优) | Pw=[SDE=0.325 I+=0.338 MD=0.338] | Lp=3.10 | n_eval=8
[Gen  12 | FE= 196/ 300] p_err=0.257 | 指标=MD     | score=2(极优) | Pw=[SDE=0.338 I+=0.338 MD=0.325] | Lp=3.10 | n_eval=8
[Gen  13 | FE= 204/ 300] p_err=0.149 | 指标=I_eps+ | score=2(极优) | Pw=[SDE=0.333 I+=0.333 MD=0.333] | Lp=2.40 | n_eval=8
[Gen  13 | FE= 204/ 300] p_err=0.262 | 指标=I_eps+ | score=2(极优) | Pw=[SDE=0.333 I+=0.333 MD=0.333] | Lp=3.10 | n_eval=8
[Gen  13 | FE= 204/ 300] p_err=0.165 | 指标=I_eps+ | score=2(极优) | Pw=[SDE=0.333 I+=0.333 MD=0.333] | Lp=3.10 | n_eval=8
[Gen  13 | FE= 204/ 300] p_err=0.183 | 指标=MD     | score=2(极优) | Pw=[SDE=0.337 I+=0.337 MD=0.325] | Lp=3.10 | n_eval=8
[Gen  13 | FE= 204/ 300] p_err=0.256 | 指标=SDE    | score=2(极优) | Pw=[SDE=0.333 I+=0.333 MD=0.333] | Lp=2.40 | n_eval=8
[Gen  13 | FE= 204/ 300] p_err=0.155 | 指标=MD     | score=1(中  ) | Pw=[SDE=0.330 I+=0.344 MD=0.325] | Lp=3.10 | n_eval=8
[Gen  13 | FE= 204/ 300] p_err=0.208 | 指标=MD     | score=2(极优) | Pw=[SDE=0.338 I+=0.338 MD=0.325] | Lp=3.10 | n_eval=8
[Gen  14 | FE= 212/ 300] p_err=0.229 | 指标=SDE    | score=2(极优) | Pw=[SDE=0.333 I+=0.333 MD=0.333] | Lp=2.40 | n_eval=8
[Gen  14 | FE= 212/ 300] p_err=0.220 | 指标=MD     | score=2(极优) | Pw=[SDE=0.333 I+=0.333 MD=0.333] | Lp=3.10 | n_eval=8
[Gen  14 | FE= 212/ 300] p_err=0.175 | 指标=MD     | score=2(极优) | Pw=[SDE=0.333 I+=0.333 MD=0.333] | Lp=3.10 | n_eval=8
[Gen  14 | FE= 212/ 300] p_err=0.229 | 指标=I_eps+ | score=2(极优) | Pw=[SDE=0.338 I+=0.338 MD=0.325] | Lp=2.40 | n_eval=8
[Gen  14 | FE= 212/ 300] p_err=0.127 | 指标=MD     | score=2(极优) | Pw=[SDE=0.333 I+=0.333 MD=0.333] | Lp=2.40 | n_eval=8
[Gen  14 | FE= 212/ 300] p_err=0.125 | 指标=I_eps+ | score=2(极优) | Pw=[SDE=0.330 I+=0.346 MD=0.324] | Lp=3.10 | n_eval=8
[Gen  14 | FE= 212/ 300] p_err=0.189 | 指标=I_eps+ | score=2(极优) | Pw=[SDE=0.338 I+=0.338 MD=0.324] | Lp=3.10 | n_eval=8
[Gen  15 | FE= 220/ 300] p_err=0.210 | 指标=I_eps+ | score=1(中  ) | Pw=[SDE=0.338 I+=0.325 MD=0.338] | Lp=3.10 | n_eval=8
[Gen  15 | FE= 220/ 300] p_err=0.180 | 指标=I_eps+ | score=2(极优) | Pw=[SDE=0.333 I+=0.333 MD=0.333] | Lp=3.10 | n_eval=8
[Gen  15 | FE= 220/ 300] p_err=0.163 | 指标=I_eps+ | score=2(极优) | Pw=[SDE=0.333 I+=0.333 MD=0.333] | Lp=3.10 | n_eval=8
[Gen  15 | FE= 220/ 300] p_err=0.245 | 指标=MD     | score=2(极优) | Pw=[SDE=0.338 I+=0.338 MD=0.325] | Lp=3.10 | n_eval=8
[Gen  15 | FE= 220/ 300] p_err=0.206 | 指标=SDE    | score=2(极优) | Pw=[SDE=0.333 I+=0.333 MD=0.333] | Lp=2.40 | n_eval=8
[Gen  15 | FE= 220/ 300] p_err=0.191 | 指标=I_eps+ | score=2(极优) | Pw=[SDE=0.338 I+=0.338 MD=0.323] | Lp=3.10 | n_eval=8
[Gen  15 | FE= 220/ 300] p_err=0.185 | 指标=I_eps+ | score=2(极优) | Pw=[SDE=0.330 I+=0.347 MD=0.323] | Lp=3.10 | n_eval=8
[Gen  16 | FE= 228/ 300] p_err=0.172 | 指标=MD     | score=2(极优) | Pw=[SDE=0.338 I+=0.324 MD=0.338] | Lp=3.10 | n_eval=8
[Gen  16 | FE= 228/ 300] p_err=0.241 | 指标=SDE    | score=2(极优) | Pw=[SDE=0.333 I+=0.333 MD=0.333] | Lp=3.10 | n_eval=8
[Gen  16 | FE= 228/ 300] p_err=0.196 | 指标=SDE    | score=2(极优) | Pw=[SDE=0.333 I+=0.333 MD=0.333] | Lp=3.10 | n_eval=8
[Gen  16 | FE= 228/ 300] p_err=0.201 | 指标=I_eps+ | score=2(极优) | Pw=[SDE=0.338 I+=0.338 MD=0.324] | Lp=3.10 | n_eval=8
[Gen  16 | FE= 228/ 300] p_err=0.252 | 指标=SDE    | score=2(极优) | Pw=[SDE=0.333 I+=0.333 MD=0.333] | Lp=2.40 | n_eval=8
[Gen  16 | FE= 228/ 300] p_err=0.279 | 指标=SDE    | score=2(极优) | Pw=[SDE=0.331 I+=0.349 MD=0.320] | Lp=3.10 | n_eval=8
[Gen  16 | FE= 228/ 300] p_err=0.268 | 指标=SDE    | score=2(极优) | Pw=[SDE=0.339 I+=0.339 MD=0.322] | Lp=3.10 | n_eval=8
[Gen  17 | FE= 236/ 300] p_err=0.110 | 指标=MD     | score=2(极优) | Pw=[SDE=0.338 I+=0.323 MD=0.338] | Lp=2.40 | n_eval=8
[Gen  17 | FE= 236/ 300] p_err=0.167 | 指标=MD     | score=2(极优) | Pw=[SDE=0.333 I+=0.333 MD=0.333] | Lp=3.10 | n_eval=8
[Gen  17 | FE= 236/ 300] p_err=0.200 | 指标=SDE    | score=2(极优) | Pw=[SDE=0.333 I+=0.333 MD=0.333] | Lp=3.10 | n_eval=8
[Gen  17 | FE= 236/ 300] p_err=0.131 | 指标=MD     | score=2(极优) | Pw=[SDE=0.338 I+=0.338 MD=0.324] | Lp=2.40 | n_eval=8
[Gen  17 | FE= 236/ 300] p_err=0.241 | 指标=SDE    | score=2(极优) | Pw=[SDE=0.333 I+=0.333 MD=0.333] | Lp=2.40 | n_eval=8
[Gen  17 | FE= 236/ 300] p_err=0.192 | 指标=I_eps+ | score=2(极优) | Pw=[SDE=0.340 I+=0.340 MD=0.321] | Lp=3.10 | n_eval=8
[Gen  17 | FE= 236/ 300] p_err=0.159 | 指标=MD     | score=2(极优) | Pw=[SDE=0.330 I+=0.350 MD=0.320] | Lp=3.10 | n_eval=8
[Gen  18 | FE= 244/ 300] p_err=0.125 | 指标=MD     | score=2(极优) | Pw=[SDE=0.339 I+=0.322 MD=0.339] | Lp=2.40 | n_eval=8
[Gen  18 | FE= 244/ 300] p_err=0.315 | 指标=MD     | score=2(极优) | Pw=[SDE=0.333 I+=0.333 MD=0.333] | Lp=3.10 | n_eval=8
[Gen  18 | FE= 244/ 300] p_err=0.302 | 指标=SDE    | score=2(极优) | Pw=[SDE=0.338 I+=0.338 MD=0.323] | Lp=2.40 | n_eval=8
[Gen  18 | FE= 244/ 300] p_err=0.161 | 指标=I_eps+ | score=2(极优) | Pw=[SDE=0.333 I+=0.333 MD=0.333] | Lp=3.10 | n_eval=8
[Gen  18 | FE= 244/ 300] p_err=0.206 | 指标=I_eps+ | score=2(极优) | Pw=[SDE=0.333 I+=0.333 MD=0.333] | Lp=2.40 | n_eval=8
[Gen  18 | FE= 244/ 300] p_err=0.235 | 指标=MD     | score=1(中  ) | Pw=[SDE=0.346 I+=0.346 MD=0.308] | Lp=3.10 | n_eval=8
[Gen  18 | FE= 244/ 300] p_err=0.176 | 指标=SDE    | score=2(极优) | Pw=[SDE=0.332 I+=0.352 MD=0.316] | Lp=3.10 | n_eval=8
[Gen  19 | FE= 252/ 300] p_err=0.134 | 指标=MD     | score=2(极优) | Pw=[SDE=0.340 I+=0.321 MD=0.340] | Lp=2.40 | n_eval=8
[Gen  19 | FE= 252/ 300] p_err=0.278 | 指标=SDE    | score=2(极优) | Pw=[SDE=0.333 I+=0.333 MD=0.333] | Lp=3.10 | n_eval=8
[Gen  19 | FE= 252/ 300] p_err=0.144 | 指标=MD     | score=2(极优) | Pw=[SDE=0.338 I+=0.338 MD=0.323] | Lp=2.40 | n_eval=8
[Gen  19 | FE= 252/ 300] p_err=0.180 | 指标=MD     | score=2(极优) | Pw=[SDE=0.333 I+=0.333 MD=0.333] | Lp=3.10 | n_eval=8
[Gen  19 | FE= 252/ 300] p_err=0.261 | 指标=I_eps+ | score=2(极优) | Pw=[SDE=0.333 I+=0.333 MD=0.333] | Lp=2.40 | n_eval=8
[Gen  19 | FE= 252/ 300] p_err=0.196 | 指标=I_eps+ | score=2(极优) | Pw=[SDE=0.348 I+=0.348 MD=0.304] | Lp=3.10 | n_eval=8
[Gen  19 | FE= 252/ 300] p_err=0.175 | 指标=SDE    | score=2(极优) | Pw=[SDE=0.335 I+=0.355 MD=0.310] | Lp=3.10 | n_eval=8
[Gen  20 | FE= 260/ 300] p_err=0.158 | 指标=MD     | score=2(极优) | Pw=[SDE=0.340 I+=0.319 MD=0.340] | Lp=2.40 | n_eval=8
[Gen  20 | FE= 260/ 300] p_err=0.200 | 指标=I_eps+ | score=2(极优) | Pw=[SDE=0.333 I+=0.333 MD=0.333] | Lp=3.10 | n_eval=8
[Gen  20 | FE= 260/ 300] p_err=0.267 | 指标=SDE    | score=2(极优) | Pw=[SDE=0.339 I+=0.339 MD=0.322] | Lp=2.40 | n_eval=8
[Gen  20 | FE= 260/ 300] p_err=0.185 | 指标=I_eps+ | score=2(极优) | Pw=[SDE=0.333 I+=0.333 MD=0.333] | Lp=3.10 | n_eval=8
[Gen  20 | FE= 260/ 300] p_err=0.232 | 指标=SDE    | score=2(极优) | Pw=[SDE=0.333 I+=0.333 MD=0.333] | Lp=2.40 | n_eval=8
[Gen  20 | FE= 260/ 300] p_err=0.179 | 指标=I_eps+ | score=2(极优) | Pw=[SDE=0.350 I+=0.350 MD=0.300] | Lp=3.10 | n_eval=8
[Gen  20 | FE= 260/ 300] p_err=0.206 | 指标=SDE    | score=2(极优) | Pw=[SDE=0.340 I+=0.360 MD=0.300] | Lp=3.10 | n_eval=8
[Gen  21 | FE= 268/ 300] p_err=0.169 | 指标=SDE    | score=2(极优) | Pw=[SDE=0.340 I+=0.319 MD=0.340] | Lp=2.40 | n_eval=8
[Gen  21 | FE= 268/ 300] p_err=0.242 | 指标=I_eps+ | score=2(极优) | Pw=[SDE=0.333 I+=0.333 MD=0.333] | Lp=3.10 | n_eval=8
[Gen  21 | FE= 268/ 300] p_err=0.304 | 指标=SDE    | score=2(极优) | Pw=[SDE=0.340 I+=0.340 MD=0.321] | Lp=2.40 | n_eval=8
[Gen  21 | FE= 268/ 300] p_err=0.173 | 指标=I_eps+ | score=2(极优) | Pw=[SDE=0.333 I+=0.333 MD=0.333] | Lp=3.10 | n_eval=8
[Gen  21 | FE= 268/ 300] p_err=0.188 | 指标=MD     | score=2(极优) | Pw=[SDE=0.333 I+=0.333 MD=0.333] | Lp=2.40 | n_eval=8
[Gen  21 | FE= 268/ 300] p_err=0.201 | 指标=I_eps+ | score=2(极优) | Pw=[SDE=0.350 I+=0.350 MD=0.300] | Lp=3.10 | n_eval=8
[Gen  21 | FE= 268/ 300] p_err=0.222 | 指标=SDE    | score=2(极优) | Pw=[SDE=0.341 I+=0.359 MD=0.299] | Lp=3.10 | n_eval=8
[Gen  22 | FE= 276/ 300] p_err=0.178 | 指标=I_eps+ | score=2(极优) | Pw=[SDE=0.340 I+=0.321 MD=0.340] | Lp=2.40 | n_eval=8
[Gen  22 | FE= 276/ 300] p_err=0.172 | 指标=I_eps+ | score=1(中  ) | Pw=[SDE=0.343 I+=0.314 MD=0.343] | Lp=3.10 | n_eval=8
[Gen  22 | FE= 276/ 300] p_err=0.247 | 指标=SDE    | score=2(极优) | Pw=[SDE=0.340 I+=0.340 MD=0.321] | Lp=2.40 | n_eval=8
[Gen  22 | FE= 276/ 300] p_err=0.180 | 指标=MD     | score=2(极优) | Pw=[SDE=0.333 I+=0.333 MD=0.333] | Lp=3.10 | n_eval=8
[Gen  22 | FE= 276/ 300] p_err=0.219 | 指标=I_eps+ | score=2(极优) | Pw=[SDE=0.333 I+=0.333 MD=0.333] | Lp=2.40 | n_eval=8
[Gen  22 | FE= 276/ 300] p_err=0.180 | 指标=I_eps+ | score=2(极优) | Pw=[SDE=0.350 I+=0.350 MD=0.300] | Lp=3.10 | n_eval=8
[Gen  22 | FE= 276/ 300] p_err=0.310 | 指标=SDE    | score=2(极优) | Pw=[SDE=0.342 I+=0.359 MD=0.299] | Lp=2.40 | n_eval=8
[Gen  23 | FE= 284/ 300] p_err=0.185 | 指标=I_eps+ | score=2(极优) | Pw=[SDE=0.340 I+=0.321 MD=0.340] | Lp=2.40 | n_eval=8
[Gen  23 | FE= 284/ 300] p_err=0.275 | 指标=SDE    | score=2(极优) | Pw=[SDE=0.343 I+=0.314 MD=0.343] | Lp=3.10 | n_eval=8
[Gen  23 | FE= 284/ 300] p_err=0.220 | 指标=I_eps+ | score=2(极优) | Pw=[SDE=0.340 I+=0.340 MD=0.321] | Lp=2.40 | n_eval=8
[Gen  23 | FE= 284/ 300] p_err=0.187 | 指标=SDE    | score=2(极优) | Pw=[SDE=0.333 I+=0.333 MD=0.333] | Lp=3.10 | n_eval=8
[Gen  23 | FE= 284/ 300] p_err=0.179 | 指标=MD     | score=2(极优) | Pw=[SDE=0.333 I+=0.333 MD=0.333] | Lp=2.40 | n_eval=8
[Gen  23 | FE= 284/ 300] p_err=0.171 | 指标=MD     | score=1(中  ) | Pw=[SDE=0.356 I+=0.356 MD=0.289] | Lp=3.10 | n_eval=8
[Gen  23 | FE= 284/ 300] p_err=0.167 | 指标=I_eps+ | score=2(极优) | Pw=[SDE=0.341 I+=0.359 MD=0.299] | Lp=3.10 | n_eval=8
[Gen  24 | FE= 292/ 300] p_err=0.195 | 指标=SDE    | score=2(极优) | Pw=[SDE=0.340 I+=0.319 MD=0.340] | Lp=2.40 | n_eval=8
[Gen  24 | FE= 292/ 300] p_err=0.230 | 指标=SDE    | score=2(极优) | Pw=[SDE=0.343 I+=0.314 MD=0.343] | Lp=3.10 | n_eval=8
[Gen  24 | FE= 292/ 300] p_err=0.190 | 指标=I_eps+ | score=2(极优) | Pw=[SDE=0.340 I+=0.340 MD=0.319] | Lp=2.40 | n_eval=8
[Gen  24 | FE= 292/ 300] p_err=0.165 | 指标=MD     | score=2(极优) | Pw=[SDE=0.333 I+=0.333 MD=0.333] | Lp=3.10 | n_eval=8
[Gen  24 | FE= 292/ 300] p_err=0.334 | 指标=SDE    | score=2(极优) | Pw=[SDE=0.333 I+=0.333 MD=0.333] | Lp=2.40 | n_eval=8
[Gen  24 | FE= 292/ 300] p_err=0.346 | 指标=I_eps+ | score=2(极优) | Pw=[SDE=0.341 I+=0.359 MD=0.299] | Lp=3.10 | n_eval=8
[Gen  24 | FE= 292/ 300] p_err=0.202 | 指标=MD     | score=2(极优) | Pw=[SDE=0.356 I+=0.356 MD=0.289] | Lp=3.10 | n_eval=8
[Gen  25 | FE= 300/ 300] p_err=0.141 | 指标=MD     | score=1(中  ) | Pw=[SDE=0.349 I+=0.327 MD=0.324] | Lp=2.40 | n_eval=8
[Gen  25 | FE= 300/ 300] p_err=0.289 | 指标=SDE    | score=2(极优) | Pw=[SDE=0.343 I+=0.314 MD=0.343] | Lp=3.10 | n_eval=8
[Gen  25 | FE= 300/ 300] p_err=0.161 | 指标=MD     | score=2(极优) | Pw=[SDE=0.340 I+=0.340 MD=0.319] | Lp=2.40 | n_eval=8
[Gen  25 | FE= 300/ 300] p_err=0.156 | 指标=MD     | score=2(极优) | Pw=[SDE=0.333 I+=0.333 MD=0.333] | Lp=2.40 | n_eval=8
[Gen  25 | FE= 300/ 300] p_err=0.259 | 指标=I_eps+ | score=2(极优) | Pw=[SDE=0.333 I+=0.333 MD=0.333] | Lp=2.40 | n_eval=8
[Gen  25 | FE= 300/ 300] p_err=0.186 | 指标=MD     | score=2(极优) | Pw=[SDE=0.335 I+=0.355 MD=0.310] | Lp=3.10 | n_eval=8
[Gen  25 | FE= 300/ 300] p_err=0.193 | 指标=I_eps+ | score=2(极优) | Pw=[SDE=0.356 I+=0.356 MD=0.289] | Lp=3.10 | n_eval=8
[Gen   1 | FE= 108/ 300] p_err=0.253 | 指标=MD     | score=2(极优) | Pw=[SDE=0.333 I+=0.333 MD=0.333] | Lp=3.10 | n_eval=8
[Gen   1 | FE= 108/ 300] p_err=0.150 | 指标=I_eps+ | score=2(极优) | Pw=[SDE=0.333 I+=0.333 MD=0.333] | Lp=2.40 | n_eval=8
[Gen   1 | FE= 108/ 300] p_err=0.128 | 指标=I_eps+ | score=2(极优) | Pw=[SDE=0.333 I+=0.333 MD=0.333] | Lp=4.20 | n_eval=8
[Gen   1 | FE= 108/ 300] p_err=0.172 | 指标=SDE    | score=2(极优) | Pw=[SDE=0.333 I+=0.333 MD=0.333] | Lp=3.10 | n_eval=8
[Gen   1 | FE= 108/ 300] p_err=0.118 | 指标=I_eps+ | score=2(极优) | Pw=[SDE=0.333 I+=0.333 MD=0.333] | Lp=3.10 | n_eval=8
[Gen   1 | FE= 108/ 300] p_err=0.146 | 指标=SDE    | score=2(极优) | Pw=[SDE=0.333 I+=0.333 MD=0.333] | Lp=4.20 | n_eval=8
[Gen   1 | FE= 108/ 300] p_err=0.151 | 指标=SDE    | score=2(极优) | Pw=[SDE=0.333 I+=0.333 MD=0.333] | Lp=3.10 | n_eval=8
[Gen   1 | FE= 108/ 300] p_err=0.233 | 指标=MD     | score=2(极优) | Pw=[SDE=0.333 I+=0.333 MD=0.333] | Lp=2.40 | n_eval=8
[Gen   2 | FE= 116/ 300] p_err=0.313 | 指标=MD     | score=2(极优) | Pw=[SDE=0.333 I+=0.333 MD=0.333] | Lp=3.10 | n_eval=8
[Gen   2 | FE= 116/ 300] p_err=0.179 | 指标=I_eps+ | score=2(极优) | Pw=[SDE=0.333 I+=0.333 MD=0.333] | Lp=3.10 | n_eval=8
[Gen   2 | FE= 116/ 300] p_err=0.214 | 指标=MD     | score=1(中  ) | Pw=[SDE=0.336 I+=0.336 MD=0.327] | Lp=3.10 | n_eval=8
[Gen   2 | FE= 116/ 300] p_err=0.245 | 指标=MD     | score=2(极优) | Pw=[SDE=0.333 I+=0.333 MD=0.333] | Lp=3.10 | n_eval=8
[Gen   2 | FE= 116/ 300] p_err=0.233 | 指标=MD     | score=2(极优) | Pw=[SDE=0.333 I+=0.333 MD=0.333] | Lp=3.10 | n_eval=8
[Gen   2 | FE= 116/ 300] p_err=0.196 | 指标=MD     | score=1(中  ) | Pw=[SDE=0.336 I+=0.336 MD=0.327] | Lp=3.10 | n_eval=8
[Gen   2 | FE= 116/ 300] p_err=0.159 | 指标=I_eps+ | score=2(极优) | Pw=[SDE=0.333 I+=0.333 MD=0.333] | Lp=2.40 | n_eval=8
[Gen   2 | FE= 116/ 300] p_err=0.191 | 指标=SDE    | score=2(极优) | Pw=[SDE=0.333 I+=0.333 MD=0.333] | Lp=2.40 | n_eval=8
[Gen   3 | FE= 124/ 300] p_err=0.239 | 指标=MD     | score=2(极优) | Pw=[SDE=0.333 I+=0.333 MD=0.333] | Lp=3.10 | n_eval=8
[Gen   3 | FE= 124/ 300] p_err=0.236 | 指标=MD     | score=1(中  ) | Pw=[SDE=0.336 I+=0.336 MD=0.327] | Lp=3.10 | n_eval=8
[Gen   3 | FE= 124/ 300] p_err=0.152 | 指标=I_eps+ | score=2(极优) | Pw=[SDE=0.336 I+=0.336 MD=0.327] | Lp=3.10 | n_eval=8
[Gen   3 | FE= 124/ 300] p_err=0.295 | 指标=MD     | score=2(极优) | Pw=[SDE=0.333 I+=0.333 MD=0.333] | Lp=3.10 | n_eval=8
[Gen   3 | FE= 124/ 300] p_err=0.187 | 指标=I_eps+ | score=2(极优) | Pw=[SDE=0.333 I+=0.333 MD=0.333] | Lp=3.10 | n_eval=8
[Gen   3 | FE= 124/ 300] p_err=0.192 | 指标=I_eps+ | score=2(极优) | Pw=[SDE=0.336 I+=0.336 MD=0.327] | Lp=3.10 | n_eval=8
[Gen   3 | FE= 124/ 300] p_err=0.191 | 指标=SDE    | score=2(极优) | Pw=[SDE=0.333 I+=0.333 MD=0.333] | Lp=2.40 | n_eval=8
[Gen   3 | FE= 124/ 300] p_err=0.171 | 指标=MD     | score=2(极优) | Pw=[SDE=0.333 I+=0.333 MD=0.333] | Lp=2.40 | n_eval=8
[Gen   4 | FE= 132/ 300] p_err=0.272 | 指标=MD     | score=2(极优) | Pw=[SDE=0.333 I+=0.333 MD=0.333] | Lp=3.10 | n_eval=8
[Gen   4 | FE= 132/ 300] p_err=0.192 | 指标=I_eps+ | score=2(极优) | Pw=[SDE=0.337 I+=0.337 MD=0.327] | Lp=3.10 | n_eval=8
[Gen   4 | FE= 132/ 300] p_err=0.179 | 指标=SDE    | score=2(极优) | Pw=[SDE=0.337 I+=0.337 MD=0.327] | Lp=3.10 | n_eval=8
[Gen   4 | FE= 132/ 300] p_err=0.261 | 指标=MD     | score=2(极优) | Pw=[SDE=0.333 I+=0.333 MD=0.333] | Lp=3.10 | n_eval=8
[Gen   4 | FE= 132/ 300] p_err=0.211 | 指标=I_eps+ | score=2(极优) | Pw=[SDE=0.333 I+=0.333 MD=0.333] | Lp=3.10 | n_eval=8
[Gen   4 | FE= 132/ 300] p_err=0.207 | 指标=SDE    | score=2(极优) | Pw=[SDE=0.337 I+=0.337 MD=0.327] | Lp=3.10 | n_eval=8
[Gen   4 | FE= 132/ 300] p_err=0.206 | 指标=MD     | score=1(中  ) | Pw=[SDE=0.336 I+=0.336 MD=0.327] | Lp=2.40 | n_eval=8
[Gen   4 | FE= 132/ 300] p_err=0.191 | 指标=I_eps+ | score=2(极优) | Pw=[SDE=0.333 I+=0.333 MD=0.333] | Lp=3.10 | n_eval=8
[Gen   5 | FE= 140/ 300] p_err=0.298 | 指标=SDE    | score=2(极优) | Pw=[SDE=0.333 I+=0.333 MD=0.333] | Lp=3.10 | n_eval=8
[Gen   5 | FE= 140/ 300] p_err=0.249 | 指标=MD     | score=1(中  ) | Pw=[SDE=0.340 I+=0.340 MD=0.320] | Lp=3.10 | n_eval=8
[Gen   5 | FE= 140/ 300] p_err=0.164 | 指标=SDE    | score=2(极优) | Pw=[SDE=0.337 I+=0.337 MD=0.326] | Lp=3.10 | n_eval=8
[Gen   5 | FE= 140/ 300] p_err=0.211 | 指标=SDE    | score=2(极优) | Pw=[SDE=0.333 I+=0.333 MD=0.333] | Lp=2.40 | n_eval=8
[Gen   5 | FE= 140/ 300] p_err=0.201 | 指标=MD     | score=2(极优) | Pw=[SDE=0.337 I+=0.337 MD=0.327] | Lp=3.10 | n_eval=8
[Gen   5 | FE= 140/ 300] p_err=0.283 | 指标=SDE    | score=2(极优) | Pw=[SDE=0.333 I+=0.333 MD=0.333] | Lp=3.10 | n_eval=8
[Gen   5 | FE= 140/ 300] p_err=0.191 | 指标=MD     | score=2(极优) | Pw=[SDE=0.336 I+=0.336 MD=0.327] | Lp=2.40 | n_eval=8
[Gen   5 | FE= 140/ 300] p_err=0.217 | 指标=SDE    | score=2(极优) | Pw=[SDE=0.333 I+=0.333 MD=0.333] | Lp=3.10 | n_eval=8
[Gen   6 | FE= 148/ 300] p_err=0.267 | 指标=SDE    | score=2(极优) | Pw=[SDE=0.333 I+=0.333 MD=0.333] | Lp=4.20 | n_eval=8
[Gen   6 | FE= 148/ 300] p_err=0.219 | 指标=MD     | score=2(极优) | Pw=[SDE=0.340 I+=0.340 MD=0.320] | Lp=3.10 | n_eval=8
[Gen   6 | FE= 148/ 300] p_err=0.218 | 指标=I_eps+ | score=2(极优) | Pw=[SDE=0.333 I+=0.333 MD=0.333] | Lp=3.10 | n_eval=8
[Gen   6 | FE= 148/ 300] p_err=0.246 | 指标=MD     | score=2(极优) | Pw=[SDE=0.337 I+=0.337 MD=0.326] | Lp=3.10 | n_eval=8
[Gen   6 | FE= 148/ 300] p_err=0.151 | 指标=I_eps+ | score=2(极优) | Pw=[SDE=0.337 I+=0.337 MD=0.326] | Lp=3.10 | n_eval=8
[Gen   6 | FE= 148/ 300] p_err=0.277 | 指标=SDE    | score=2(极优) | Pw=[SDE=0.333 I+=0.333 MD=0.333] | Lp=3.10 | n_eval=8
[Gen   6 | FE= 148/ 300] p_err=0.220 | 指标=MD     | score=2(极优) | Pw=[SDE=0.336 I+=0.336 MD=0.327] | Lp=3.10 | n_eval=8
[Gen   6 | FE= 148/ 300] p_err=0.178 | 指标=I_eps+ | score=2(极优) | Pw=[SDE=0.333 I+=0.333 MD=0.333] | Lp=3.10 | n_eval=8
[Gen   7 | FE= 156/ 300] p_err=0.161 | 指标=MD     | score=2(极优) | Pw=[SDE=0.333 I+=0.333 MD=0.333] | Lp=4.20 | n_eval=8
[Gen   7 | FE= 156/ 300] p_err=0.273 | 指标=MD     | score=1(中  ) | Pw=[SDE=0.343 I+=0.343 MD=0.313] | Lp=3.10 | n_eval=8
[Gen   7 | FE= 156/ 300] p_err=0.187 | 指标=MD     | score=2(极优) | Pw=[SDE=0.337 I+=0.337 MD=0.326] | Lp=3.10 | n_eval=8
[Gen   7 | FE= 156/ 300] p_err=0.188 | 指标=SDE    | score=2(极优) | Pw=[SDE=0.333 I+=0.333 MD=0.333] | Lp=3.10 | n_eval=8
[Gen   7 | FE= 156/ 300] p_err=0.239 | 指标=MD     | score=2(极优) | Pw=[SDE=0.337 I+=0.337 MD=0.326] | Lp=3.10 | n_eval=8
[Gen   7 | FE= 156/ 300] p_err=0.210 | 指标=MD     | score=2(极优) | Pw=[SDE=0.333 I+=0.333 MD=0.333] | Lp=3.10 | n_eval=8
[Gen   7 | FE= 156/ 300] p_err=0.164 | 指标=I_eps+ | score=2(极优) | Pw=[SDE=0.337 I+=0.337 MD=0.327] | Lp=3.10 | n_eval=8
[Gen   7 | FE= 156/ 300] p_err=0.171 | 指标=MD     | score=2(极优) | Pw=[SDE=0.333 I+=0.333 MD=0.333] | Lp=3.10 | n_eval=8
[Gen   8 | FE= 164/ 300] p_err=0.212 | 指标=MD     | score=2(极优) | Pw=[SDE=0.333 I+=0.333 MD=0.333] | Lp=4.20 | n_eval=8
[Gen   8 | FE= 164/ 300] p_err=0.170 | 指标=I_eps+ | score=2(极优) | Pw=[SDE=0.344 I+=0.344 MD=0.312] | Lp=3.10 | n_eval=8
[Gen   8 | FE= 164/ 300] p_err=0.297 | 指标=SDE    | score=2(极优) | Pw=[SDE=0.337 I+=0.337 MD=0.326] | Lp=3.10 | n_eval=8
[Gen   8 | FE= 164/ 300] p_err=0.143 | 指标=I_eps+ | score=2(极优) | Pw=[SDE=0.333 I+=0.333 MD=0.333] | Lp=3.10 | n_eval=8
[Gen   8 | FE= 164/ 300] p_err=0.297 | 指标=MD     | score=2(极优) | Pw=[SDE=0.337 I+=0.337 MD=0.327] | Lp=2.40 | n_eval=8
[Gen   8 | FE= 164/ 300] p_err=0.214 | 指标=I_eps+ | score=2(极优) | Pw=[SDE=0.337 I+=0.337 MD=0.326] | Lp=4.20 | n_eval=8
[Gen   8 | FE= 164/ 300] p_err=0.283 | 指标=I_eps+ | score=2(极优) | Pw=[SDE=0.333 I+=0.333 MD=0.333] | Lp=3.10 | n_eval=8
[Gen   8 | FE= 164/ 300] p_err=0.204 | 指标=SDE    | score=2(极优) | Pw=[SDE=0.333 I+=0.333 MD=0.333] | Lp=3.10 | n_eval=8
[Gen   9 | FE= 172/ 300] p_err=0.172 | 指标=MD     | score=2(极优) | Pw=[SDE=0.333 I+=0.333 MD=0.333] | Lp=4.20 | n_eval=8
[Gen   9 | FE= 172/ 300] p_err=0.218 | 指标=MD     | score=2(极优) | Pw=[SDE=0.344 I+=0.344 MD=0.312] | Lp=3.10 | n_eval=8
[Gen   9 | FE= 172/ 300] p_err=0.187 | 指标=SDE    | score=2(极优) | Pw=[SDE=0.337 I+=0.337 MD=0.325] | Lp=3.10 | n_eval=8
[Gen   9 | FE= 172/ 300] p_err=0.173 | 指标=SDE    | score=2(极优) | Pw=[SDE=0.333 I+=0.333 MD=0.333] | Lp=3.10 | n_eval=8
[Gen   9 | FE= 172/ 300] p_err=0.168 | 指标=I_eps+ | score=2(极优) | Pw=[SDE=0.337 I+=0.337 MD=0.326] | Lp=3.10 | n_eval=8
[Gen   9 | FE= 172/ 300] p_err=0.218 | 指标=MD     | score=2(极优) | Pw=[SDE=0.333 I+=0.333 MD=0.333] | Lp=3.10 | n_eval=8
[Gen   9 | FE= 172/ 300] p_err=0.231 | 指标=SDE    | score=2(极优) | Pw=[SDE=0.337 I+=0.337 MD=0.325] | Lp=4.20 | n_eval=8
[Gen   9 | FE= 172/ 300] p_err=0.211 | 指标=I_eps+ | score=2(极优) | Pw=[SDE=0.333 I+=0.333 MD=0.333] | Lp=3.10 | n_eval=8
[Gen  10 | FE= 180/ 300] p_err=0.228 | 指标=MD     | score=2(极优) | Pw=[SDE=0.333 I+=0.333 MD=0.333] | Lp=4.20 | n_eval=8
[Gen  10 | FE= 180/ 300] p_err=0.221 | 指标=SDE    | score=2(极优) | Pw=[SDE=0.345 I+=0.345 MD=0.310] | Lp=4.20 | n_eval=8
[Gen  10 | FE= 180/ 300] p_err=0.213 | 指标=MD     | score=2(极优) | Pw=[SDE=0.333 I+=0.333 MD=0.333] | Lp=3.10 | n_eval=8
[Gen  10 | FE= 180/ 300] p_err=0.278 | 指标=MD     | score=2(极优) | Pw=[SDE=0.337 I+=0.337 MD=0.326] | Lp=2.40 | n_eval=8
[Gen  10 | FE= 180/ 300] p_err=0.171 | 指标=MD     | score=1(中  ) | Pw=[SDE=0.341 I+=0.341 MD=0.317] | Lp=3.10 | n_eval=8
[Gen  10 | FE= 180/ 300] p_err=0.182 | 指标=I_eps+ | score=2(极优) | Pw=[SDE=0.338 I+=0.338 MD=0.325] | Lp=3.10 | n_eval=8
[Gen  10 | FE= 180/ 300] p_err=0.251 | 指标=I_eps+ | score=2(极优) | Pw=[SDE=0.333 I+=0.333 MD=0.333] | Lp=3.10 | n_eval=8
[Gen  10 | FE= 180/ 300] p_err=0.205 | 指标=MD     | score=2(极优) | Pw=[SDE=0.333 I+=0.333 MD=0.333] | Lp=3.10 | n_eval=8
[Gen  11 | FE= 188/ 300] p_err=0.233 | 指标=I_eps+ | score=2(极优) | Pw=[SDE=0.333 I+=0.333 MD=0.333] | Lp=4.20 | n_eval=8
[Gen  11 | FE= 188/ 300] p_err=0.179 | 指标=I_eps+ | score=2(极优) | Pw=[SDE=0.346 I+=0.346 MD=0.309] | Lp=3.10 | n_eval=8
[Gen  11 | FE= 188/ 300] p_err=0.268 | 指标=MD     | score=2(极优) | Pw=[SDE=0.333 I+=0.333 MD=0.333] | Lp=3.10 | n_eval=8
[Gen  11 | FE= 188/ 300] p_err=0.264 | 指标=MD     | score=1(中  ) | Pw=[SDE=0.346 I+=0.346 MD=0.309] | Lp=3.10 | n_eval=8
[Gen  11 | FE= 188/ 300] p_err=0.223 | 指标=MD     | score=2(极优) | Pw=[SDE=0.337 I+=0.337 MD=0.326] | Lp=3.10 | n_eval=8
[Gen  11 | FE= 188/ 300] p_err=0.208 | 指标=MD     | score=2(极优) | Pw=[SDE=0.338 I+=0.338 MD=0.325] | Lp=3.10 | n_eval=8
[Gen  11 | FE= 188/ 300] p_err=0.265 | 指标=SDE    | score=2(极优) | Pw=[SDE=0.333 I+=0.333 MD=0.333] | Lp=3.10 | n_eval=8
[Gen  11 | FE= 188/ 300] p_err=0.228 | 指标=MD     | score=2(极优) | Pw=[SDE=0.333 I+=0.333 MD=0.333] | Lp=3.10 | n_eval=8
[Gen  12 | FE= 196/ 300] p_err=0.236 | 指标=I_eps+ | score=2(极优) | Pw=[SDE=0.333 I+=0.333 MD=0.333] | Lp=4.20 | n_eval=8
[Gen  12 | FE= 196/ 300] p_err=0.290 | 指标=SDE    | score=2(极优) | Pw=[SDE=0.347 I+=0.347 MD=0.307] | Lp=3.10 | n_eval=8
[Gen  12 | FE= 196/ 300] p_err=0.182 | 指标=I_eps+ | score=2(极优) | Pw=[SDE=0.333 I+=0.333 MD=0.333] | Lp=3.10 | n_eval=8
[Gen  12 | FE= 196/ 300] p_err=0.163 | 指标=I_eps+ | score=2(极优) | Pw=[SDE=0.347 I+=0.347 MD=0.307] | Lp=3.10 | n_eval=8
[Gen  12 | FE= 196/ 300] p_err=0.267 | 指标=MD     | score=2(极优) | Pw=[SDE=0.337 I+=0.337 MD=0.326] | Lp=3.10 | n_eval=8
[Gen  12 | FE= 196/ 300] p_err=0.293 | 指标=SDE    | score=2(极优) | Pw=[SDE=0.333 I+=0.333 MD=0.333] | Lp=3.10 | n_eval=8
[Gen  12 | FE= 196/ 300] p_err=0.238 | 指标=SDE    | score=2(极优) | Pw=[SDE=0.338 I+=0.338 MD=0.324] | Lp=3.10 | n_eval=8
[Gen  12 | FE= 196/ 300] p_err=0.184 | 指标=I_eps+ | score=2(极优) | Pw=[SDE=0.333 I+=0.333 MD=0.333] | Lp=3.10 | n_eval=8
[Gen  13 | FE= 204/ 300] p_err=0.247 | 指标=I_eps+ | score=2(极优) | Pw=[SDE=0.333 I+=0.333 MD=0.333] | Lp=4.20 | n_eval=8
[Gen  13 | FE= 204/ 300] p_err=0.308 | 指标=SDE    | score=2(极优) | Pw=[SDE=0.348 I+=0.348 MD=0.304] | Lp=3.10 | n_eval=8
[Gen  13 | FE= 204/ 300] p_err=0.225 | 指标=MD     | score=2(极优) | Pw=[SDE=0.333 I+=0.333 MD=0.333] | Lp=3.10 | n_eval=8
[Gen  13 | FE= 204/ 300] p_err=0.241 | 指标=MD     | score=2(极优) | Pw=[SDE=0.347 I+=0.347 MD=0.307] | Lp=3.10 | n_eval=8
[Gen  13 | FE= 204/ 300] p_err=0.124 | 指标=I_eps+ | score=2(极优) | Pw=[SDE=0.337 I+=0.337 MD=0.326] | Lp=3.10 | n_eval=8
[Gen  13 | FE= 204/ 300] p_err=0.280 | 指标=I_eps+ | score=2(极优) | Pw=[SDE=0.333 I+=0.333 MD=0.333] | Lp=3.10 | n_eval=8
[Gen  13 | FE= 204/ 300] p_err=0.227 | 指标=MD     | score=2(极优) | Pw=[SDE=0.338 I+=0.338 MD=0.324] | Lp=3.10 | n_eval=8
[Gen  13 | FE= 204/ 300] p_err=0.212 | 指标=MD     | score=2(极优) | Pw=[SDE=0.333 I+=0.333 MD=0.333] | Lp=3.10 | n_eval=8
[Gen  14 | FE= 212/ 300] p_err=0.249 | 指标=SDE    | score=2(极优) | Pw=[SDE=0.333 I+=0.333 MD=0.333] | Lp=6.50 | n_eval=8
[Gen  14 | FE= 212/ 300] p_err=0.110 | 指标=I_eps+ | score=2(极优) | Pw=[SDE=0.333 I+=0.333 MD=0.333] | Lp=3.10 | n_eval=8
[Gen  14 | FE= 212/ 300] p_err=0.247 | 指标=SDE    | score=2(极优) | Pw=[SDE=0.349 I+=0.349 MD=0.302] | Lp=3.10 | n_eval=8
[Gen  14 | FE= 212/ 300] p_err=0.210 | 指标=SDE    | score=2(极优) | Pw=[SDE=0.348 I+=0.348 MD=0.304] | Lp=3.10 | n_eval=8
[Gen  14 | FE= 212/ 300] p_err=0.285 | 指标=I_eps+ | score=2(极优) | Pw=[SDE=0.333 I+=0.333 MD=0.333] | Lp=3.10 | n_eval=8
[Gen  14 | FE= 212/ 300] p_err=0.287 | 指标=SDE    | score=2(极优) | Pw=[SDE=0.338 I+=0.338 MD=0.323] | Lp=4.20 | n_eval=8
[Gen  14 | FE= 212/ 300] p_err=0.185 | 指标=SDE    | score=2(极优) | Pw=[SDE=0.337 I+=0.337 MD=0.325] | Lp=3.10 | n_eval=8
[Gen  14 | FE= 212/ 300] p_err=0.190 | 指标=I_eps+ | score=2(极优) | Pw=[SDE=0.333 I+=0.333 MD=0.333] | Lp=3.10 | n_eval=8
[Gen  15 | FE= 220/ 300] p_err=0.219 | 指标=I_eps+ | score=2(极优) | Pw=[SDE=0.333 I+=0.333 MD=0.333] | Lp=6.50 | n_eval=8
[Gen  15 | FE= 220/ 300] p_err=0.241 | 指标=MD     | score=2(极优) | Pw=[SDE=0.333 I+=0.333 MD=0.333] | Lp=3.10 | n_eval=8
[Gen  15 | FE= 220/ 300] p_err=0.185 | 指标=MD     | score=2(极优) | Pw=[SDE=0.349 I+=0.349 MD=0.302] | Lp=3.10 | n_eval=8
[Gen  15 | FE= 220/ 300] p_err=0.161 | 指标=I_eps+ | score=2(极优) | Pw=[SDE=0.349 I+=0.349 MD=0.302] | Lp=3.10 | n_eval=8
[Gen  15 | FE= 220/ 300] p_err=0.263 | 指标=SDE    | score=2(极优) | Pw=[SDE=0.333 I+=0.333 MD=0.333] | Lp=3.10 | n_eval=8
[Gen  15 | FE= 220/ 300] p_err=0.199 | 指标=MD     | score=2(极优) | Pw=[SDE=0.338 I+=0.338 MD=0.323] | Lp=3.10 | n_eval=8
[Gen  15 | FE= 220/ 300] p_err=0.176 | 指标=MD     | score=1(中  ) | Pw=[SDE=0.341 I+=0.341 MD=0.317] | Lp=3.10 | n_eval=8
[Gen  15 | FE= 220/ 300] p_err=0.229 | 指标=MD     | score=2(极优) | Pw=[SDE=0.333 I+=0.333 MD=0.333] | Lp=3.10 | n_eval=8
[Gen  16 | FE= 228/ 300] p_err=0.224 | 指标=I_eps+ | score=2(极优) | Pw=[SDE=0.333 I+=0.333 MD=0.333] | Lp=6.50 | n_eval=8
[Gen  16 | FE= 228/ 300] p_err=0.268 | 指标=MD     | score=2(极优) | Pw=[SDE=0.333 I+=0.333 MD=0.333] | Lp=3.10 | n_eval=8
[Gen  16 | FE= 228/ 300] p_err=0.154 | 指标=MD     | score=2(极优) | Pw=[SDE=0.349 I+=0.349 MD=0.302] | Lp=3.10 | n_eval=8
[Gen  16 | FE= 228/ 300] p_err=0.273 | 指标=SDE    | score=2(极优) | Pw=[SDE=0.333 I+=0.333 MD=0.333] | Lp=3.10 | n_eval=8
[Gen  16 | FE= 228/ 300] p_err=0.178 | 指标=I_eps+ | score=2(极优) | Pw=[SDE=0.351 I+=0.351 MD=0.298] | Lp=3.10 | n_eval=8
[Gen  16 | FE= 228/ 300] p_err=0.188 | 指标=I_eps+ | score=2(极优) | Pw=[SDE=0.339 I+=0.339 MD=0.322] | Lp=3.10 | n_eval=8
[Gen  16 | FE= 228/ 300] p_err=0.199 | 指标=SDE    | score=2(极优) | Pw=[SDE=0.342 I+=0.342 MD=0.316] | Lp=3.10 | n_eval=8
[Gen  16 | FE= 228/ 300] p_err=0.200 | 指标=I_eps+ | score=2(极优) | Pw=[SDE=0.333 I+=0.333 MD=0.333] | Lp=3.10 | n_eval=8
[Gen  17 | FE= 236/ 300] p_err=0.243 | 指标=MD     | score=2(极优) | Pw=[SDE=0.333 I+=0.333 MD=0.333] | Lp=4.20 | n_eval=8
[Gen  17 | FE= 236/ 300] p_err=0.200 | 指标=SDE    | score=2(极优) | Pw=[SDE=0.333 I+=0.333 MD=0.333] | Lp=3.10 | n_eval=8
[Gen  17 | FE= 236/ 300] p_err=0.160 | 指标=MD     | score=2(极优) | Pw=[SDE=0.349 I+=0.349 MD=0.302] | Lp=4.20 | n_eval=8
[Gen  17 | FE= 236/ 300] p_err=0.269 | 指标=SDE    | score=2(极优) | Pw=[SDE=0.333 I+=0.333 MD=0.333] | Lp=3.10 | n_eval=8
[Gen  17 | FE= 236/ 300] p_err=0.186 | 指标=SDE    | score=2(极优) | Pw=[SDE=0.353 I+=0.353 MD=0.294] | Lp=3.10 | n_eval=8
[Gen  17 | FE= 236/ 300] p_err=0.190 | 指标=I_eps+ | score=2(极优) | Pw=[SDE=0.340 I+=0.340 MD=0.321] | Lp=4.20 | n_eval=8
[Gen  17 | FE= 236/ 300] p_err=0.164 | 指标=I_eps+ | score=2(极优) | Pw=[SDE=0.343 I+=0.343 MD=0.314] | Lp=3.10 | n_eval=8
[Gen  17 | FE= 236/ 300] p_err=0.203 | 指标=SDE    | score=2(极优) | Pw=[SDE=0.333 I+=0.333 MD=0.333] | Lp=3.10 | n_eval=8
[Gen  18 | FE= 244/ 300] p_err=0.205 | 指标=I_eps+ | score=2(极优) | Pw=[SDE=0.333 I+=0.333 MD=0.333] | Lp=6.50 | n_eval=8
[Gen  18 | FE= 244/ 300] p_err=0.278 | 指标=SDE    | score=2(极优) | Pw=[SDE=0.333 I+=0.333 MD=0.333] | Lp=3.10 | n_eval=8
[Gen  18 | FE= 244/ 300] p_err=0.249 | 指标=SDE    | score=2(极优) | Pw=[SDE=0.351 I+=0.351 MD=0.298] | Lp=4.20 | n_eval=8
[Gen  18 | FE= 244/ 300] p_err=0.273 | 指标=I_eps+ | score=2(极优) | Pw=[SDE=0.333 I+=0.333 MD=0.333] | Lp=3.10 | n_eval=8
[Gen  18 | FE= 244/ 300] p_err=0.294 | 指标=SDE    | score=2(极优) | Pw=[SDE=0.344 I+=0.344 MD=0.312] | Lp=3.10 | n_eval=8
[Gen  18 | FE= 244/ 300] p_err=0.206 | 指标=MD     | score=2(极优) | Pw=[SDE=0.340 I+=0.340 MD=0.321] | Lp=3.10 | n_eval=8
[Gen  18 | FE= 244/ 300] p_err=0.118 | 指标=I_eps+ | score=2(极优) | Pw=[SDE=0.356 I+=0.356 MD=0.289] | Lp=3.10 | n_eval=8
[Gen  18 | FE= 244/ 300] p_err=0.209 | 指标=MD     | score=2(极优) | Pw=[SDE=0.333 I+=0.333 MD=0.333] | Lp=3.10 | n_eval=8
[Gen  19 | FE= 252/ 300] p_err=0.331 | 指标=SDE    | score=2(极优) | Pw=[SDE=0.333 I+=0.333 MD=0.333] | Lp=4.20 | n_eval=8
[Gen  19 | FE= 252/ 300] p_err=0.288 | 指标=SDE    | score=2(极优) | Pw=[SDE=0.333 I+=0.333 MD=0.333] | Lp=3.10 | n_eval=8
[Gen  19 | FE= 252/ 300] p_err=0.207 | 指标=MD     | score=1(中  ) | Pw=[SDE=0.357 I+=0.357 MD=0.286] | Lp=4.20 | n_eval=8
[Gen  19 | FE= 252/ 300] p_err=0.252 | 指标=I_eps+ | score=2(极优) | Pw=[SDE=0.333 I+=0.333 MD=0.333] | Lp=3.10 | n_eval=8
[Gen  19 | FE= 252/ 300] p_err=0.248 | 指标=SDE    | score=2(极优) | Pw=[SDE=0.345 I+=0.345 MD=0.310] | Lp=3.10 | n_eval=8
[Gen  19 | FE= 252/ 300] p_err=0.222 | 指标=SDE    | score=2(极优) | Pw=[SDE=0.340 I+=0.340 MD=0.319] | Lp=3.10 | n_eval=8
[Gen  19 | FE= 252/ 300] p_err=0.179 | 指标=MD     | score=2(极优) | Pw=[SDE=0.356 I+=0.356 MD=0.289] | Lp=3.10 | n_eval=8
[Gen  19 | FE= 252/ 300] p_err=0.239 | 指标=I_eps+ | score=2(极优) | Pw=[SDE=0.333 I+=0.333 MD=0.333] | Lp=3.10 | n_eval=8
[Gen  20 | FE= 260/ 300] p_err=0.207 | 指标=MD     | score=2(极优) | Pw=[SDE=0.333 I+=0.333 MD=0.333] | Lp=4.20 | n_eval=8
[Gen  20 | FE= 260/ 300] p_err=0.238 | 指标=SDE    | score=2(极优) | Pw=[SDE=0.333 I+=0.333 MD=0.333] | Lp=3.10 | n_eval=8
[Gen  20 | FE= 260/ 300] p_err=0.230 | 指标=I_eps+ | score=2(极优) | Pw=[SDE=0.333 I+=0.333 MD=0.333] | Lp=3.10 | n_eval=8
[Gen  20 | FE= 260/ 300] p_err=0.196 | 指标=SDE    | score=2(极优) | Pw=[SDE=0.360 I+=0.360 MD=0.280] | Lp=4.20 | n_eval=8
[Gen  20 | FE= 260/ 300] p_err=0.142 | 指标=I_eps+ | score=2(极优) | Pw=[SDE=0.346 I+=0.346 MD=0.308] | Lp=3.10 | n_eval=8
[Gen  20 | FE= 260/ 300] p_err=0.232 | 指标=MD     | score=2(极优) | Pw=[SDE=0.340 I+=0.340 MD=0.319] | Lp=3.10 | n_eval=8
[Gen  20 | FE= 260/ 300] p_err=0.180 | 指标=MD     | score=2(极优) | Pw=[SDE=0.356 I+=0.356 MD=0.289] | Lp=3.10 | n_eval=8
[Gen  20 | FE= 260/ 300] p_err=0.323 | 指标=I_eps+ | score=2(极优) | Pw=[SDE=0.333 I+=0.333 MD=0.333] | Lp=3.10 | n_eval=8
[Gen  21 | FE= 268/ 300] p_err=0.269 | 指标=I_eps+ | score=2(极优) | Pw=[SDE=0.333 I+=0.333 MD=0.333] | Lp=6.50 | n_eval=8
[Gen  21 | FE= 268/ 300] p_err=0.138 | 指标=I_eps+ | score=2(极优) | Pw=[SDE=0.333 I+=0.333 MD=0.333] | Lp=3.10 | n_eval=8
[Gen  21 | FE= 268/ 300] p_err=0.221 | 指标=MD     | score=2(极优) | Pw=[SDE=0.333 I+=0.333 MD=0.333] | Lp=3.10 | n_eval=8
[Gen  21 | FE= 268/ 300] p_err=0.250 | 指标=SDE    | score=2(极优) | Pw=[SDE=0.360 I+=0.360 MD=0.280] | Lp=3.10 | n_eval=8
[Gen  21 | FE= 268/ 300] p_err=0.387 | 指标=SDE    | score=2(极优) | Pw=[SDE=0.348 I+=0.348 MD=0.304] | Lp=3.10 | n_eval=8
[Gen  21 | FE= 268/ 300] p_err=0.234 | 指标=SDE    | score=2(极优) | Pw=[SDE=0.340 I+=0.340 MD=0.319] | Lp=3.10 | n_eval=8
[Gen  21 | FE= 268/ 300] p_err=0.183 | 指标=MD     | score=2(极优) | Pw=[SDE=0.353 I+=0.353 MD=0.294] | Lp=3.10 | n_eval=8
[Gen  21 | FE= 268/ 300] p_err=0.354 | 指标=I_eps+ | score=2(极优) | Pw=[SDE=0.333 I+=0.333 MD=0.333] | Lp=4.20 | n_eval=8
[Gen  22 | FE= 276/ 300] p_err=0.325 | 指标=I_eps+ | score=2(极优) | Pw=[SDE=0.333 I+=0.333 MD=0.333] | Lp=4.20 | n_eval=8
[Gen  22 | FE= 276/ 300] p_err=0.231 | 指标=SDE    | score=2(极优) | Pw=[SDE=0.333 I+=0.333 MD=0.333] | Lp=3.10 | n_eval=8
[Gen  22 | FE= 276/ 300] p_err=0.299 | 指标=I_eps+ | score=2(极优) | Pw=[SDE=0.333 I+=0.333 MD=0.333] | Lp=3.10 | n_eval=8
[Gen  22 | FE= 276/ 300] p_err=0.280 | 指标=MD     | score=2(极优) | Pw=[SDE=0.357 I+=0.357 MD=0.286] | Lp=3.10 | n_eval=8
[Gen  22 | FE= 276/ 300] p_err=0.217 | 指标=MD     | score=2(极优) | Pw=[SDE=0.346 I+=0.346 MD=0.308] | Lp=3.10 | n_eval=8
[Gen  22 | FE= 276/ 300] p_err=0.210 | 指标=I_eps+ | score=2(极优) | Pw=[SDE=0.333 I+=0.333 MD=0.333] | Lp=3.10 | n_eval=8
[Gen  22 | FE= 276/ 300] p_err=0.215 | 指标=MD     | score=1(中  ) | Pw=[SDE=0.353 I+=0.353 MD=0.294] | Lp=3.10 | n_eval=8
[Gen  22 | FE= 276/ 300] p_err=0.306 | 指标=I_eps+ | score=2(极优) | Pw=[SDE=0.333 I+=0.333 MD=0.333] | Lp=4.20 | n_eval=8
[Gen  23 | FE= 284/ 300] p_err=0.334 | 指标=I_eps+ | score=2(极优) | Pw=[SDE=0.333 I+=0.333 MD=0.333] | Lp=4.20 | n_eval=8
[Gen  23 | FE= 284/ 300] p_err=0.170 | 指标=I_eps+ | score=2(极优) | Pw=[SDE=0.333 I+=0.333 MD=0.333] | Lp=3.10 | n_eval=8
[Gen  23 | FE= 284/ 300] p_err=0.220 | 指标=MD     | score=2(极优) | Pw=[SDE=0.333 I+=0.333 MD=0.333] | Lp=3.10 | n_eval=8
[Gen  23 | FE= 284/ 300] p_err=0.207 | 指标=SDE    | score=2(极优) | Pw=[SDE=0.353 I+=0.353 MD=0.294] | Lp=3.10 | n_eval=8
[Gen  23 | FE= 284/ 300] p_err=0.172 | 指标=I_eps+ | score=2(极优) | Pw=[SDE=0.346 I+=0.346 MD=0.308] | Lp=3.10 | n_eval=8
[Gen  23 | FE= 284/ 300] p_err=0.303 | 指标=SDE    | score=2(极优) | Pw=[SDE=0.333 I+=0.333 MD=0.333] | Lp=4.20 | n_eval=8
[Gen  23 | FE= 284/ 300] p_err=0.201 | 指标=MD     | score=2(极优) | Pw=[SDE=0.351 I+=0.351 MD=0.298] | Lp=3.10 | n_eval=8
[Gen  23 | FE= 284/ 300] p_err=0.369 | 指标=SDE    | score=2(极优) | Pw=[SDE=0.333 I+=0.333 MD=0.333] | Lp=4.20 | n_eval=8
[Gen  24 | FE= 292/ 300] p_err=0.370 | 指标=SDE    | score=2(极优) | Pw=[SDE=0.333 I+=0.333 MD=0.333] | Lp=4.20 | n_eval=8
[Gen  24 | FE= 292/ 300] p_err=0.298 | 指标=MD     | score=2(极优) | Pw=[SDE=0.333 I+=0.333 MD=0.333] | Lp=3.10 | n_eval=8
[Gen  24 | FE= 292/ 300] p_err=0.273 | 指标=SDE    | score=2(极优) | Pw=[SDE=0.333 I+=0.333 MD=0.333] | Lp=3.10 | n_eval=8
[Gen  24 | FE= 292/ 300] p_err=0.268 | 指标=SDE    | score=2(极优) | Pw=[SDE=0.353 I+=0.353 MD=0.294] | Lp=3.10 | n_eval=8
[Gen  24 | FE= 292/ 300] p_err=0.276 | 指标=SDE    | score=2(极优) | Pw=[SDE=0.340 I+=0.340 MD=0.319] | Lp=3.10 | n_eval=8
[Gen  24 | FE= 292/ 300] p_err=0.244 | 指标=MD     | score=2(极优) | Pw=[SDE=0.333 I+=0.333 MD=0.333] | Lp=3.10 | n_eval=8
[Gen  24 | FE= 292/ 300] p_err=0.319 | 指标=I_eps+ | score=2(极优) | Pw=[SDE=0.333 I+=0.333 MD=0.333] | Lp=4.20 | n_eval=8
[Gen  24 | FE= 292/ 300] p_err=0.237 | 指标=I_eps+ | score=2(极优) | Pw=[SDE=0.351 I+=0.351 MD=0.298] | Lp=3.10 | n_eval=8
[Gen  25 | FE= 300/ 300] p_err=0.365 | 指标=SDE    | score=1(中  ) | Pw=[SDE=0.310 I+=0.345 MD=0.345] | Lp=4.20 | n_eval=8
[Gen  25 | FE= 300/ 300] p_err=0.312 | 指标=I_eps+ | score=2(极优) | Pw=[SDE=0.333 I+=0.333 MD=0.333] | Lp=3.10 | n_eval=8
[Gen  25 | FE= 300/ 300] p_err=0.194 | 指标=I_eps+ | score=2(极优) | Pw=[SDE=0.348 I+=0.348 MD=0.304] | Lp=3.10 | n_eval=8
[Gen  25 | FE= 300/ 300] p_err=0.206 | 指标=SDE    | score=2(极优) | Pw=[SDE=0.333 I+=0.333 MD=0.333] | Lp=3.10 | n_eval=8
[Gen  25 | FE= 300/ 300] p_err=0.148 | 指标=I_eps+ | score=2(极优) | Pw=[SDE=0.341 I+=0.341 MD=0.317] | Lp=2.40 | n_eval=8
[Gen  25 | FE= 300/ 300] p_err=0.267 | 指标=MD     | score=2(极优) | Pw=[SDE=0.333 I+=0.333 MD=0.333] | Lp=3.10 | n_eval=8
[Gen  25 | FE= 300/ 300] p_err=0.327 | 指标=I_eps+ | score=2(极优) | Pw=[SDE=0.333 I+=0.333 MD=0.333] | Lp=3.10 | n_eval=8
[Gen  25 | FE= 300/ 300] p_err=0.197 | 指标=I_eps+ | score=2(极优) | Pw=[SDE=0.351 I+=0.351 MD=0.298] | Lp=3.10 | n_eval=8
[Gen   1 | FE= 108/ 300] p_err=0.288 | 指标=SDE    | score=2(极优) | Pw=[SDE=0.333 I+=0.333 MD=0.333] | Lp=3.10 | n_eval=8
[Gen   1 | FE= 108/ 300] p_err=0.262 | 指标=MD     | score=2(极优) | Pw=[SDE=0.333 I+=0.333 MD=0.333] | Lp=4.20 | n_eval=8
[Gen   1 | FE= 108/ 300] p_err=0.159 | 指标=I_eps+ | score=2(极优) | Pw=[SDE=0.333 I+=0.333 MD=0.333] | Lp=3.10 | n_eval=8
[Gen   1 | FE= 108/ 300] p_err=0.197 | 指标=SDE    | score=2(极优) | Pw=[SDE=0.333 I+=0.333 MD=0.333] | Lp=2.40 | n_eval=8
[Gen   1 | FE= 108/ 300] p_err=0.197 | 指标=SDE    | score=2(极优) | Pw=[SDE=0.333 I+=0.333 MD=0.333] | Lp=4.20 | n_eval=8
[Gen   1 | FE= 108/ 300] p_err=0.184 | 指标=MD     | score=1(中  ) | Pw=[SDE=0.336 I+=0.336 MD=0.328] | Lp=4.20 | n_eval=8
[Gen   1 | FE= 108/ 300] p_err=0.231 | 指标=MD     | score=2(极优) | Pw=[SDE=0.333 I+=0.333 MD=0.333] | Lp=3.10 | n_eval=8
[Gen   2 | FE= 116/ 300] p_err=0.181 | 指标=I_eps+ | score=2(极优) | Pw=[SDE=0.333 I+=0.333 MD=0.333] | Lp=4.20 | n_eval=8
[Gen   2 | FE= 116/ 300] p_err=0.147 | 指标=I_eps+ | score=2(极优) | Pw=[SDE=0.333 I+=0.333 MD=0.333] | Lp=4.20 | n_eval=8
[Gen   2 | FE= 116/ 300] p_err=0.275 | 指标=SDE    | score=2(极优) | Pw=[SDE=0.333 I+=0.333 MD=0.333] | Lp=3.10 | n_eval=8
[Gen   2 | FE= 116/ 300] p_err=0.142 | 指标=I_eps+ | score=2(极优) | Pw=[SDE=0.333 I+=0.333 MD=0.333] | Lp=2.40 | n_eval=8
[Gen   2 | FE= 116/ 300] p_err=0.228 | 指标=MD     | score=2(极优) | Pw=[SDE=0.333 I+=0.333 MD=0.333] | Lp=4.20 | n_eval=8
[Gen   2 | FE= 116/ 300] p_err=0.151 | 指标=I_eps+ | score=2(极优) | Pw=[SDE=0.336 I+=0.336 MD=0.327] | Lp=4.20 | n_eval=8
[Gen   2 | FE= 116/ 300] p_err=0.228 | 指标=MD     | score=2(极优) | Pw=[SDE=0.333 I+=0.333 MD=0.333] | Lp=3.10 | n_eval=8
[Gen   3 | FE= 124/ 300] p_err=0.204 | 指标=SDE    | score=2(极优) | Pw=[SDE=0.333 I+=0.333 MD=0.333] | Lp=3.10 | n_eval=8
[Gen   3 | FE= 124/ 300] p_err=0.277 | 指标=SDE    | score=2(极优) | Pw=[SDE=0.333 I+=0.333 MD=0.333] | Lp=4.20 | n_eval=8
[Gen   3 | FE= 124/ 300] p_err=0.250 | 指标=SDE    | score=2(极优) | Pw=[SDE=0.333 I+=0.333 MD=0.333] | Lp=2.40 | n_eval=8
[Gen   3 | FE= 124/ 300] p_err=0.200 | 指标=SDE    | score=2(极优) | Pw=[SDE=0.333 I+=0.333 MD=0.333] | Lp=3.10 | n_eval=8
[Gen   3 | FE= 124/ 300] p_err=0.152 | 指标=I_eps+ | score=2(极优) | Pw=[SDE=0.333 I+=0.333 MD=0.333] | Lp=3.10 | n_eval=8
[Gen   3 | FE= 124/ 300] p_err=0.215 | 指标=SDE    | score=2(极优) | Pw=[SDE=0.336 I+=0.336 MD=0.327] | Lp=3.10 | n_eval=8
[Gen   3 | FE= 124/ 300] p_err=0.190 | 指标=I_eps+ | score=2(极优) | Pw=[SDE=0.333 I+=0.333 MD=0.333] | Lp=3.10 | n_eval=8
[Gen   4 | FE= 132/ 300] p_err=0.235 | 指标=MD     | score=1(中  ) | Pw=[SDE=0.337 I+=0.337 MD=0.327] | Lp=3.10 | n_eval=8
[Gen   4 | FE= 132/ 300] p_err=0.251 | 指标=SDE    | score=2(极优) | Pw=[SDE=0.333 I+=0.333 MD=0.333] | Lp=4.20 | n_eval=8
[Gen   4 | FE= 132/ 300] p_err=0.202 | 指标=I_eps+ | score=2(极优) | Pw=[SDE=0.333 I+=0.333 MD=0.333] | Lp=2.40 | n_eval=8
[Gen   4 | FE= 132/ 300] p_err=0.396 | 指标=SDE    | score=2(极优) | Pw=[SDE=0.333 I+=0.333 MD=0.333] | Lp=3.10 | n_eval=8
[Gen   4 | FE= 132/ 300] p_err=0.196 | 指标=SDE    | score=2(极优) | Pw=[SDE=0.333 I+=0.333 MD=0.333] | Lp=3.10 | n_eval=8
[Gen   4 | FE= 132/ 300] p_err=0.235 | 指标=MD     | score=1(中  ) | Pw=[SDE=0.340 I+=0.340 MD=0.321] | Lp=3.10 | n_eval=8
[Gen   4 | FE= 132/ 300] p_err=0.189 | 指标=I_eps+ | score=2(极优) | Pw=[SDE=0.333 I+=0.333 MD=0.333] | Lp=3.10 | n_eval=8
[Gen   5 | FE= 140/ 300] p_err=0.223 | 指标=SDE    | score=2(极优) | Pw=[SDE=0.337 I+=0.337 MD=0.326] | Lp=3.10 | n_eval=8
[Gen   5 | FE= 140/ 300] p_err=0.314 | 指标=MD     | score=2(极优) | Pw=[SDE=0.333 I+=0.333 MD=0.333] | Lp=3.10 | n_eval=8
[Gen   5 | FE= 140/ 300] p_err=0.196 | 指标=MD     | score=2(极优) | Pw=[SDE=0.333 I+=0.333 MD=0.333] | Lp=2.40 | n_eval=8
[Gen   5 | FE= 140/ 300] p_err=0.187 | 指标=MD     | score=2(极优) | Pw=[SDE=0.333 I+=0.333 MD=0.333] | Lp=3.10 | n_eval=8
[Gen   5 | FE= 140/ 300] p_err=0.154 | 指标=MD     | score=2(极优) | Pw=[SDE=0.333 I+=0.333 MD=0.333] | Lp=3.10 | n_eval=8
[Gen   5 | FE= 140/ 300] p_err=0.234 | 指标=MD     | score=2(极优) | Pw=[SDE=0.340 I+=0.340 MD=0.321] | Lp=3.10 | n_eval=8
[Gen   5 | FE= 140/ 300] p_err=0.205 | 指标=SDE    | score=2(极优) | Pw=[SDE=0.333 I+=0.333 MD=0.333] | Lp=3.10 | n_eval=8
[Gen   6 | FE= 148/ 300] p_err=0.202 | 指标=I_eps+ | score=2(极优) | Pw=[SDE=0.337 I+=0.337 MD=0.326] | Lp=3.10 | n_eval=8
[Gen   6 | FE= 148/ 300] p_err=0.150 | 指标=I_eps+ | score=2(极优) | Pw=[SDE=0.333 I+=0.333 MD=0.333] | Lp=3.10 | n_eval=8
[Gen   6 | FE= 148/ 300] p_err=0.217 | 指标=SDE    | score=2(极优) | Pw=[SDE=0.333 I+=0.333 MD=0.333] | Lp=3.10 | n_eval=8
[Gen   6 | FE= 148/ 300] p_err=0.182 | 指标=I_eps+ | score=2(极优) | Pw=[SDE=0.333 I+=0.333 MD=0.333] | Lp=2.40 | n_eval=8
[Gen   6 | FE= 148/ 300] p_err=0.187 | 指标=MD     | score=2(极优) | Pw=[SDE=0.333 I+=0.333 MD=0.333] | Lp=2.40 | n_eval=8
[Gen   6 | FE= 148/ 300] p_err=0.201 | 指标=I_eps+ | score=2(极优) | Pw=[SDE=0.340 I+=0.340 MD=0.320] | Lp=3.10 | n_eval=8
[Gen   6 | FE= 148/ 300] p_err=0.254 | 指标=I_eps+ | score=2(极优) | Pw=[SDE=0.333 I+=0.333 MD=0.333] | Lp=3.10 | n_eval=8
[Gen   7 | FE= 156/ 300] p_err=0.310 | 指标=MD     | score=2(极优) | Pw=[SDE=0.337 I+=0.337 MD=0.326] | Lp=3.10 | n_eval=8
[Gen   7 | FE= 156/ 300] p_err=0.198 | 指标=I_eps+ | score=2(极优) | Pw=[SDE=0.333 I+=0.333 MD=0.333] | Lp=4.20 | n_eval=8
[Gen   7 | FE= 156/ 300] p_err=0.171 | 指标=I_eps+ | score=2(极优) | Pw=[SDE=0.333 I+=0.333 MD=0.333] | Lp=2.40 | n_eval=8
[Gen   7 | FE= 156/ 300] p_err=0.180 | 指标=SDE    | score=2(极优) | Pw=[SDE=0.333 I+=0.333 MD=0.333] | Lp=3.10 | n_eval=8
[Gen   7 | FE= 156/ 300] p_err=0.174 | 指标=I_eps+ | score=2(极优) | Pw=[SDE=0.333 I+=0.333 MD=0.333] | Lp=3.10 | n_eval=8
[Gen   7 | FE= 156/ 300] p_err=0.249 | 指标=SDE    | score=2(极优) | Pw=[SDE=0.340 I+=0.340 MD=0.319] | Lp=3.10 | n_eval=8
[Gen   7 | FE= 156/ 300] p_err=0.240 | 指标=SDE    | score=2(极优) | Pw=[SDE=0.333 I+=0.333 MD=0.333] | Lp=3.10 | n_eval=8
[Gen   8 | FE= 164/ 300] p_err=0.155 | 指标=I_eps+ | score=2(极优) | Pw=[SDE=0.337 I+=0.337 MD=0.325] | Lp=3.10 | n_eval=8
[Gen   8 | FE= 164/ 300] p_err=0.279 | 指标=I_eps+ | score=2(极优) | Pw=[SDE=0.333 I+=0.333 MD=0.333] | Lp=3.10 | n_eval=8
[Gen   8 | FE= 164/ 300] p_err=0.199 | 指标=MD     | score=2(极优) | Pw=[SDE=0.333 I+=0.333 MD=0.333] | Lp=2.40 | n_eval=8
[Gen   8 | FE= 164/ 300] p_err=0.183 | 指标=I_eps+ | score=2(极优) | Pw=[SDE=0.333 I+=0.333 MD=0.333] | Lp=2.40 | n_eval=8
[Gen   8 | FE= 164/ 300] p_err=0.259 | 指标=SDE    | score=2(极优) | Pw=[SDE=0.333 I+=0.333 MD=0.333] | Lp=3.10 | n_eval=8
[Gen   8 | FE= 164/ 300] p_err=0.248 | 指标=MD     | score=2(极优) | Pw=[SDE=0.340 I+=0.340 MD=0.319] | Lp=3.10 | n_eval=8
[Gen   8 | FE= 164/ 300] p_err=0.191 | 指标=I_eps+ | score=2(极优) | Pw=[SDE=0.333 I+=0.333 MD=0.333] | Lp=2.40 | n_eval=8
[Gen   9 | FE= 172/ 300] p_err=0.310 | 指标=SDE    | score=2(极优) | Pw=[SDE=0.338 I+=0.338 MD=0.325] | Lp=3.10 | n_eval=8
[Gen   9 | FE= 172/ 300] p_err=0.314 | 指标=I_eps+ | score=2(极优) | Pw=[SDE=0.333 I+=0.333 MD=0.333] | Lp=3.10 | n_eval=8
[Gen   9 | FE= 172/ 300] p_err=0.230 | 指标=MD     | score=2(极优) | Pw=[SDE=0.333 I+=0.333 MD=0.333] | Lp=2.40 | n_eval=8
[Gen   9 | FE= 172/ 300] p_err=0.243 | 指标=MD     | score=2(极优) | Pw=[SDE=0.333 I+=0.333 MD=0.333] | Lp=3.10 | n_eval=8
[Gen   9 | FE= 172/ 300] p_err=0.302 | 指标=SDE    | score=1(中  ) | Pw=[SDE=0.326 I+=0.337 MD=0.337] | Lp=3.10 | n_eval=8
[Gen   9 | FE= 172/ 300] p_err=0.259 | 指标=SDE    | score=2(极优) | Pw=[SDE=0.341 I+=0.341 MD=0.318] | Lp=3.10 | n_eval=8
[Gen   9 | FE= 172/ 300] p_err=0.226 | 指标=SDE    | score=2(极优) | Pw=[SDE=0.333 I+=0.333 MD=0.333] | Lp=3.10 | n_eval=8
[Gen  10 | FE= 180/ 300] p_err=0.222 | 指标=MD     | score=1(中  ) | Pw=[SDE=0.342 I+=0.342 MD=0.316] | Lp=3.10 | n_eval=8
[Gen  10 | FE= 180/ 300] p_err=0.185 | 指标=MD     | score=2(极优) | Pw=[SDE=0.333 I+=0.333 MD=0.333] | Lp=2.40 | n_eval=8
[Gen  10 | FE= 180/ 300] p_err=0.189 | 指标=SDE    | score=2(极优) | Pw=[SDE=0.333 I+=0.333 MD=0.333] | Lp=3.10 | n_eval=8
[Gen  10 | FE= 180/ 300] p_err=0.166 | 指标=I_eps+ | score=2(极优) | Pw=[SDE=0.333 I+=0.333 MD=0.333] | Lp=2.40 | n_eval=8
[Gen  10 | FE= 180/ 300] p_err=0.204 | 指标=MD     | score=2(极优) | Pw=[SDE=0.326 I+=0.337 MD=0.337] | Lp=3.10 | n_eval=8
[Gen  10 | FE= 180/ 300] p_err=0.202 | 指标=MD     | score=2(极优) | Pw=[SDE=0.341 I+=0.341 MD=0.318] | Lp=3.10 | n_eval=8
[Gen  10 | FE= 180/ 300] p_err=0.159 | 指标=MD     | score=2(极优) | Pw=[SDE=0.333 I+=0.333 MD=0.333] | Lp=3.10 | n_eval=8
[Gen  11 | FE= 188/ 300] p_err=0.177 | 指标=I_eps+ | score=2(极优) | Pw=[SDE=0.343 I+=0.343 MD=0.314] | Lp=3.10 | n_eval=8
[Gen  11 | FE= 188/ 300] p_err=0.303 | 指标=SDE    | score=2(极优) | Pw=[SDE=0.333 I+=0.333 MD=0.333] | Lp=3.10 | n_eval=8
[Gen  11 | FE= 188/ 300] p_err=0.295 | 指标=MD     | score=2(极优) | Pw=[SDE=0.333 I+=0.333 MD=0.333] | Lp=2.40 | n_eval=8
[Gen  11 | FE= 188/ 300] p_err=0.208 | 指标=MD     | score=2(极优) | Pw=[SDE=0.333 I+=0.333 MD=0.333] | Lp=2.40 | n_eval=8
[Gen  11 | FE= 188/ 300] p_err=0.265 | 指标=I_eps+ | score=2(极优) | Pw=[SDE=0.325 I+=0.337 MD=0.337] | Lp=3.10 | n_eval=8
[Gen  11 | FE= 188/ 300] p_err=0.226 | 指标=I_eps+ | score=2(极优) | Pw=[SDE=0.341 I+=0.341 MD=0.317] | Lp=3.10 | n_eval=8
[Gen  12 | FE= 196/ 300] p_err=0.260 | 指标=MD     | score=2(极优) | Pw=[SDE=0.343 I+=0.343 MD=0.314] | Lp=3.10 | n_eval=8
[Gen  11 | FE= 188/ 300] p_err=0.172 | 指标=I_eps+ | score=2(极优) | Pw=[SDE=0.333 I+=0.333 MD=0.333] | Lp=2.40 | n_eval=8
[Gen  12 | FE= 196/ 300] p_err=0.267 | 指标=I_eps+ | score=2(极优) | Pw=[SDE=0.333 I+=0.333 MD=0.333] | Lp=2.40 | n_eval=8
[Gen  12 | FE= 196/ 300] p_err=0.280 | 指标=MD     | score=2(极优) | Pw=[SDE=0.333 I+=0.333 MD=0.333] | Lp=2.40 | n_eval=8
[Gen  12 | FE= 196/ 300] p_err=0.190 | 指标=MD     | score=1(中  ) | Pw=[SDE=0.338 I+=0.338 MD=0.325] | Lp=2.40 | n_eval=8
[Gen  12 | FE= 196/ 300] p_err=0.303 | 指标=SDE    | score=2(极优) | Pw=[SDE=0.325 I+=0.337 MD=0.337] | Lp=3.10 | n_eval=8
[Gen  12 | FE= 196/ 300] p_err=0.256 | 指标=MD     | score=2(极优) | Pw=[SDE=0.341 I+=0.341 MD=0.317] | Lp=3.10 | n_eval=8
[Gen  13 | FE= 204/ 300] p_err=0.210 | 指标=SDE    | score=2(极优) | Pw=[SDE=0.344 I+=0.344 MD=0.312] | Lp=3.10 | n_eval=8
[Gen  12 | FE= 196/ 300] p_err=0.215 | 指标=I_eps+ | score=2(极优) | Pw=[SDE=0.333 I+=0.333 MD=0.333] | Lp=2.40 | n_eval=8
[Gen  13 | FE= 204/ 300] p_err=0.326 | 指标=SDE    | score=2(极优) | Pw=[SDE=0.333 I+=0.333 MD=0.333] | Lp=2.40 | n_eval=8
[Gen  13 | FE= 204/ 300] p_err=0.176 | 指标=I_eps+ | score=2(极优) | Pw=[SDE=0.338 I+=0.338 MD=0.324] | Lp=2.40 | n_eval=8
[Gen  13 | FE= 204/ 300] p_err=0.221 | 指标=SDE    | score=2(极优) | Pw=[SDE=0.333 I+=0.333 MD=0.333] | Lp=2.40 | n_eval=8
[Gen  13 | FE= 204/ 300] p_err=0.202 | 指标=SDE    | score=2(极优) | Pw=[SDE=0.325 I+=0.337 MD=0.337] | Lp=2.40 | n_eval=8
[Gen  13 | FE= 204/ 300] p_err=0.167 | 指标=I_eps+ | score=2(极优) | Pw=[SDE=0.342 I+=0.342 MD=0.316] | Lp=3.10 | n_eval=8
[Gen  14 | FE= 212/ 300] p_err=0.174 | 指标=I_eps+ | score=2(极优) | Pw=[SDE=0.345 I+=0.345 MD=0.310] | Lp=3.10 | n_eval=8
[Gen  13 | FE= 204/ 300] p_err=0.154 | 指标=MD     | score=2(极优) | Pw=[SDE=0.333 I+=0.333 MD=0.333] | Lp=2.40 | n_eval=8
[Gen  14 | FE= 212/ 300] p_err=0.211 | 指标=I_eps+ | score=2(极优) | Pw=[SDE=0.333 I+=0.333 MD=0.333] | Lp=3.10 | n_eval=8
[Gen  14 | FE= 212/ 300] p_err=0.171 | 指标=MD     | score=2(极优) | Pw=[SDE=0.338 I+=0.338 MD=0.324] | Lp=2.40 | n_eval=8
[Gen  14 | FE= 212/ 300] p_err=0.209 | 指标=MD     | score=2(极优) | Pw=[SDE=0.333 I+=0.333 MD=0.333] | Lp=3.10 | n_eval=8
[Gen  14 | FE= 212/ 300] p_err=0.339 | 指标=I_eps+ | score=2(极优) | Pw=[SDE=0.325 I+=0.338 MD=0.338] | Lp=4.20 | n_eval=8
[Gen  14 | FE= 212/ 300] p_err=0.230 | 指标=MD     | score=2(极优) | Pw=[SDE=0.342 I+=0.342 MD=0.316] | Lp=3.10 | n_eval=8
[Gen  15 | FE= 220/ 300] p_err=0.239 | 指标=SDE    | score=2(极优) | Pw=[SDE=0.346 I+=0.346 MD=0.308] | Lp=3.10 | n_eval=8
[Gen  14 | FE= 212/ 300] p_err=0.183 | 指标=MD     | score=2(极优) | Pw=[SDE=0.333 I+=0.333 MD=0.333] | Lp=3.10 | n_eval=8
[Gen  15 | FE= 220/ 300] p_err=0.311 | 指标=SDE    | score=2(极优) | Pw=[SDE=0.338 I+=0.338 MD=0.323] | Lp=3.10 | n_eval=8
[Gen  15 | FE= 220/ 300] p_err=0.260 | 指标=SDE    | score=2(极优) | Pw=[SDE=0.333 I+=0.333 MD=0.333] | Lp=3.10 | n_eval=8
[Gen  15 | FE= 220/ 300] p_err=0.164 | 指标=I_eps+ | score=2(极优) | Pw=[SDE=0.333 I+=0.333 MD=0.333] | Lp=3.10 | n_eval=8
[Gen  15 | FE= 220/ 300] p_err=0.244 | 指标=MD     | score=2(极优) | Pw=[SDE=0.324 I+=0.338 MD=0.338] | Lp=4.20 | n_eval=8
[Gen  15 | FE= 220/ 300] p_err=0.207 | 指标=I_eps+ | score=2(极优) | Pw=[SDE=0.343 I+=0.343 MD=0.314] | Lp=3.10 | n_eval=8
[Gen  16 | FE= 228/ 300] p_err=0.193 | 指标=I_eps+ | score=2(极优) | Pw=[SDE=0.348 I+=0.348 MD=0.304] | Lp=3.10 | n_eval=8
[Gen  15 | FE= 220/ 300] p_err=0.191 | 指标=I_eps+ | score=2(极优) | Pw=[SDE=0.333 I+=0.333 MD=0.333] | Lp=3.10 | n_eval=8
[Gen  16 | FE= 228/ 300] p_err=0.204 | 指标=MD     | score=2(极优) | Pw=[SDE=0.338 I+=0.338 MD=0.323] | Lp=3.10 | n_eval=8
[Gen  16 | FE= 228/ 300] p_err=0.241 | 指标=SDE    | score=2(极优) | Pw=[SDE=0.333 I+=0.333 MD=0.333] | Lp=3.10 | n_eval=8
[Gen  16 | FE= 228/ 300] p_err=0.186 | 指标=MD     | score=2(极优) | Pw=[SDE=0.333 I+=0.333 MD=0.333] | Lp=3.10 | n_eval=8
[Gen  16 | FE= 228/ 300] p_err=0.235 | 指标=MD     | score=1(中  ) | Pw=[SDE=0.329 I+=0.345 MD=0.326] | Lp=4.20 | n_eval=8
[Gen  16 | FE= 228/ 300] p_err=0.221 | 指标=SDE    | score=2(极优) | Pw=[SDE=0.344 I+=0.344 MD=0.312] | Lp=3.10 | n_eval=8
[Gen  17 | FE= 236/ 300] p_err=0.270 | 指标=MD     | score=2(极优) | Pw=[SDE=0.348 I+=0.348 MD=0.304] | Lp=3.10 | n_eval=8
[Gen  16 | FE= 228/ 300] p_err=0.201 | 指标=MD     | score=2(极优) | Pw=[SDE=0.333 I+=0.333 MD=0.333] | Lp=3.10 | n_eval=8
[Gen  17 | FE= 236/ 300] p_err=0.195 | 指标=I_eps+ | score=2(极优) | Pw=[SDE=0.339 I+=0.339 MD=0.322] | Lp=3.10 | n_eval=8
[Gen  17 | FE= 236/ 300] p_err=0.309 | 指标=SDE    | score=2(极优) | Pw=[SDE=0.333 I+=0.333 MD=0.333] | Lp=3.10 | n_eval=8
[Gen  17 | FE= 236/ 300] p_err=0.230 | 指标=MD     | score=2(极优) | Pw=[SDE=0.333 I+=0.333 MD=0.333] | Lp=3.10 | n_eval=8
[Gen  17 | FE= 236/ 300] p_err=0.284 | 指标=MD     | score=2(极优) | Pw=[SDE=0.328 I+=0.345 MD=0.326] | Lp=4.20 | n_eval=8
[Gen  17 | FE= 236/ 300] p_err=0.204 | 指标=SDE    | score=2(极优) | Pw=[SDE=0.345 I+=0.345 MD=0.310] | Lp=3.10 | n_eval=8
[Gen  18 | FE= 244/ 300] p_err=0.214 | 指标=I_eps+ | score=2(极优) | Pw=[SDE=0.350 I+=0.350 MD=0.300] | Lp=3.10 | n_eval=8
[Gen  17 | FE= 236/ 300] p_err=0.169 | 指标=I_eps+ | score=2(极优) | Pw=[SDE=0.333 I+=0.333 MD=0.333] | Lp=3.10 | n_eval=8
[Gen  18 | FE= 244/ 300] p_err=0.189 | 指标=MD     | score=2(极优) | Pw=[SDE=0.339 I+=0.339 MD=0.322] | Lp=3.10 | n_eval=8
[Gen  18 | FE= 244/ 300] p_err=0.269 | 指标=MD     | score=1(中  ) | Pw=[SDE=0.338 I+=0.338 MD=0.323] | Lp=3.10 | n_eval=8
[Gen  18 | FE= 244/ 300] p_err=0.299 | 指标=SDE    | score=2(极优) | Pw=[SDE=0.333 I+=0.333 MD=0.333] | Lp=3.10 | n_eval=8
[Gen  18 | FE= 244/ 300] p_err=0.264 | 指标=I_eps+ | score=2(极优) | Pw=[SDE=0.328 I+=0.347 MD=0.325] | Lp=4.20 | n_eval=8
[Gen  18 | FE= 244/ 300] p_err=0.264 | 指标=MD     | score=2(极优) | Pw=[SDE=0.345 I+=0.345 MD=0.310] | Lp=3.10 | n_eval=8
[Gen  19 | FE= 252/ 300] p_err=0.224 | 指标=I_eps+ | score=2(极优) | Pw=[SDE=0.353 I+=0.353 MD=0.294] | Lp=3.10 | n_eval=8
[Gen  18 | FE= 244/ 300] p_err=0.329 | 指标=SDE    | score=2(极优) | Pw=[SDE=0.333 I+=0.333 MD=0.333] | Lp=3.10 | n_eval=8
[Gen  19 | FE= 252/ 300] p_err=0.267 | 指标=I_eps+ | score=2(极优) | Pw=[SDE=0.339 I+=0.339 MD=0.322] | Lp=3.10 | n_eval=8
[Gen  19 | FE= 252/ 300] p_err=0.185 | 指标=I_eps+ | score=2(极优) | Pw=[SDE=0.340 I+=0.340 MD=0.321] | Lp=3.10 | n_eval=8
[Gen  19 | FE= 252/ 300] p_err=0.161 | 指标=MD     | score=2(极优) | Pw=[SDE=0.333 I+=0.333 MD=0.333] | Lp=3.10 | n_eval=8
[Gen  19 | FE= 252/ 300] p_err=0.271 | 指标=I_eps+ | score=2(极优) | Pw=[SDE=0.327 I+=0.349 MD=0.324] | Lp=4.20 | n_eval=8
[Gen  19 | FE= 252/ 300] p_err=0.309 | 指标=MD     | score=2(极优) | Pw=[SDE=0.345 I+=0.345 MD=0.310] | Lp=3.10 | n_eval=8
[Gen  20 | FE= 260/ 300] p_err=0.205 | 指标=SDE    | score=2(极优) | Pw=[SDE=0.357 I+=0.357 MD=0.286] | Lp=3.10 | n_eval=8
[Gen  19 | FE= 252/ 300] p_err=0.328 | 指标=SDE    | score=2(极优) | Pw=[SDE=0.333 I+=0.333 MD=0.333] | Lp=3.10 | n_eval=8
[Gen  20 | FE= 260/ 300] p_err=0.168 | 指标=MD     | score=2(极优) | Pw=[SDE=0.339 I+=0.339 MD=0.322] | Lp=2.40 | n_eval=8
[Gen  20 | FE= 260/ 300] p_err=0.289 | 指标=SDE    | score=2(极优) | Pw=[SDE=0.340 I+=0.340 MD=0.319] | Lp=3.10 | n_eval=8
[Gen  20 | FE= 260/ 300] p_err=0.197 | 指标=I_eps+ | score=2(极优) | Pw=[SDE=0.333 I+=0.333 MD=0.333] | Lp=3.10 | n_eval=8
[Gen  20 | FE= 260/ 300] p_err=0.313 | 指标=SDE    | score=2(极优) | Pw=[SDE=0.328 I+=0.350 MD=0.321] | Lp=2.40 | n_eval=8
[Gen  20 | FE= 260/ 300] p_err=0.180 | 指标=I_eps+ | score=2(极优) | Pw=[SDE=0.346 I+=0.346 MD=0.308] | Lp=3.10 | n_eval=8
[Gen  21 | FE= 268/ 300] p_err=0.182 | 指标=I_eps+ | score=2(极优) | Pw=[SDE=0.357 I+=0.357 MD=0.286] | Lp=3.10 | n_eval=8
[Gen  20 | FE= 260/ 300] p_err=0.314 | 指标=SDE    | score=2(极优) | Pw=[SDE=0.333 I+=0.333 MD=0.333] | Lp=3.10 | n_eval=8
[Gen  21 | FE= 268/ 300] p_err=0.223 | 指标=MD     | score=2(极优) | Pw=[SDE=0.338 I+=0.338 MD=0.323] | Lp=3.10 | n_eval=8
[Gen  21 | FE= 268/ 300] p_err=0.294 | 指标=SDE    | score=2(极优) | Pw=[SDE=0.340 I+=0.340 MD=0.319] | Lp=3.10 | n_eval=8
[Gen  21 | FE= 268/ 300] p_err=0.151 | 指标=MD     | score=2(极优) | Pw=[SDE=0.333 I+=0.333 MD=0.333] | Lp=3.10 | n_eval=8
[Gen  21 | FE= 268/ 300] p_err=0.260 | 指标=SDE    | score=2(极优) | Pw=[SDE=0.330 I+=0.350 MD=0.320] | Lp=2.40 | n_eval=8
[Gen  21 | FE= 268/ 300] p_err=0.212 | 指标=MD     | score=2(极优) | Pw=[SDE=0.340 I+=0.340 MD=0.321] | Lp=3.10 | n_eval=8
[Gen  22 | FE= 276/ 300] p_err=0.181 | 指标=I_eps+ | score=2(极优) | Pw=[SDE=0.357 I+=0.357 MD=0.286] | Lp=3.10 | n_eval=8
[Gen  21 | FE= 268/ 300] p_err=0.267 | 指标=SDE    | score=2(极优) | Pw=[SDE=0.333 I+=0.333 MD=0.333] | Lp=3.10 | n_eval=8
[Gen  22 | FE= 276/ 300] p_err=0.297 | 指标=I_eps+ | score=2(极优) | Pw=[SDE=0.338 I+=0.338 MD=0.323] | Lp=3.10 | n_eval=8
[Gen  22 | FE= 276/ 300] p_err=0.202 | 指标=SDE    | score=2(极优) | Pw=[SDE=0.341 I+=0.341 MD=0.317] | Lp=3.10 | n_eval=8
[Gen  22 | FE= 276/ 300] p_err=0.207 | 指标=I_eps+ | score=1(中  ) | Pw=[SDE=0.340 I+=0.319 MD=0.340] | Lp=3.10 | n_eval=8
[Gen  22 | FE= 276/ 300] p_err=0.243 | 指标=SDE    | score=2(极优) | Pw=[SDE=0.330 I+=0.350 MD=0.320] | Lp=3.10 | n_eval=8
[Gen  22 | FE= 276/ 300] p_err=0.232 | 指标=MD     | score=2(极优) | Pw=[SDE=0.339 I+=0.339 MD=0.322] | Lp=4.20 | n_eval=8
[Gen  23 | FE= 284/ 300] p_err=0.213 | 指标=SDE    | score=2(极优) | Pw=[SDE=0.357 I+=0.357 MD=0.286] | Lp=3.10 | n_eval=8
[Gen  22 | FE= 276/ 300] p_err=0.236 | 指标=MD     | score=2(极优) | Pw=[SDE=0.333 I+=0.333 MD=0.333] | Lp=3.10 | n_eval=8
[Gen  23 | FE= 284/ 300] p_err=0.207 | 指标=I_eps+ | score=2(极优) | Pw=[SDE=0.341 I+=0.341 MD=0.317] | Lp=3.10 | n_eval=8
[Gen  23 | FE= 284/ 300] p_err=0.208 | 指标=SDE    | score=2(极优) | Pw=[SDE=0.338 I+=0.338 MD=0.323] | Lp=3.10 | n_eval=8
[Gen  23 | FE= 284/ 300] p_err=0.187 | 指标=I_eps+ | score=2(极优) | Pw=[SDE=0.340 I+=0.321 MD=0.340] | Lp=3.10 | n_eval=8
[Gen  23 | FE= 284/ 300] p_err=0.300 | 指标=SDE    | score=2(极优) | Pw=[SDE=0.330 I+=0.350 MD=0.320] | Lp=4.20 | n_eval=8
[Gen  23 | FE= 284/ 300] p_err=0.323 | 指标=SDE    | score=2(极优) | Pw=[SDE=0.339 I+=0.339 MD=0.322] | Lp=4.20 | n_eval=8
[Gen  24 | FE= 292/ 300] p_err=0.293 | 指标=SDE    | score=2(极优) | Pw=[SDE=0.348 I+=0.348 MD=0.304] | Lp=3.10 | n_eval=8
[Gen  23 | FE= 284/ 300] p_err=0.234 | 指标=SDE    | score=2(极优) | Pw=[SDE=0.333 I+=0.333 MD=0.333] | Lp=3.10 | n_eval=8
[Gen  24 | FE= 292/ 300] p_err=0.232 | 指标=MD     | score=2(极优) | Pw=[SDE=0.340 I+=0.340 MD=0.319] | Lp=3.10 | n_eval=8
[Gen  24 | FE= 292/ 300] p_err=0.278 | 指标=I_eps+ | score=2(极优) | Pw=[SDE=0.338 I+=0.338 MD=0.323] | Lp=3.10 | n_eval=8
[Gen  24 | FE= 292/ 300] p_err=0.207 | 指标=I_eps+ | score=2(极优) | Pw=[SDE=0.339 I+=0.322 MD=0.339] | Lp=3.10 | n_eval=8
[Gen  24 | FE= 292/ 300] p_err=0.303 | 指标=MD     | score=2(极优) | Pw=[SDE=0.327 I+=0.349 MD=0.324] | Lp=4.20 | n_eval=8
[Gen  24 | FE= 292/ 300] p_err=0.267 | 指标=SDE    | score=2(极优) | Pw=[SDE=0.333 I+=0.333 MD=0.333] | Lp=3.10 | n_eval=8
[Gen  25 | FE= 300/ 300] p_err=0.167 | 指标=I_eps+ | score=2(极优) | Pw=[SDE=0.348 I+=0.348 MD=0.304] | Lp=3.10 | n_eval=8
[Gen  24 | FE= 292/ 300] p_err=0.213 | 指标=MD     | score=2(极优) | Pw=[SDE=0.333 I+=0.333 MD=0.333] | Lp=3.10 | n_eval=8
[Gen  25 | FE= 300/ 300] p_err=0.329 | 指标=SDE    | score=2(极优) | Pw=[SDE=0.341 I+=0.341 MD=0.317] | Lp=3.10 | n_eval=8
[Gen  25 | FE= 300/ 300] p_err=0.265 | 指标=SDE    | score=2(极优) | Pw=[SDE=0.339 I+=0.339 MD=0.322] | Lp=2.40 | n_eval=8
[Gen  25 | FE= 300/ 300] p_err=0.273 | 指标=SDE    | score=2(极优) | Pw=[SDE=0.339 I+=0.322 MD=0.339] | Lp=3.10 | n_eval=8
[Gen  25 | FE= 300/ 300] p_err=0.291 | 指标=I_eps+ | score=2(极优) | Pw=[SDE=0.328 I+=0.350 MD=0.321] | Lp=4.20 | n_eval=8
[Gen  25 | FE= 300/ 300] p_err=0.282 | 指标=I_eps+ | score=2(极优) | Pw=[SDE=0.333 I+=0.333 MD=0.333] | Lp=3.10 | n_eval=8
[Gen  25 | FE= 300/ 300] p_err=0.222 | 指标=I_eps+ | score=2(极优) | Pw=[SDE=0.333 I+=0.333 MD=0.333] | Lp=3.10 | n_eval=8
