[2026-09-13 16:29:54] part 3 attempt 1 launching MATLAB (alg=REMO_new2_AdaMaO_SDEOnly_UniformMix_Pruned_Weighted params=3000,0.50,0.25,0.70,6 func=run_WeightedWFG_M15)
[2026-09-13 16:30:01] PlatEMO root: D:\PlatEMO-master\PlatEMO-master\PlatEMO
[2026-09-13 16:30:08] WFG1: M=15 D=30 maxFE=300 (canonical index 8)
[2026-09-13 16:30:11] WFG2: M=15 D=30 maxFE=300 (canonical index 9)
[2026-09-13 16:30:11] WFG3: M=15 D=30 maxFE=300 (canonical index 10)
[2026-09-13 16:30:11] WFG4: M=15 D=30 maxFE=300 (canonical index 11)
[2026-09-13 16:30:11] WFG5: M=15 D=30 maxFE=300 (canonical index 12)
[2026-09-13 16:30:11] WFG6: M=15 D=30 maxFE=300 (canonical index 13)
[2026-09-13 16:30:11] WFG7: M=15 D=30 maxFE=300 (canonical index 14)
[2026-09-13 16:30:11] WFG8: M=15 D=30 maxFE=300 (canonical index 15)
[2026-09-13 16:30:11] WFG9: M=15 D=30 maxFE=300 (canonical index 16)
[2026-09-13 16:30:11] Algorithm REMO_new2_AdaMaO_SDEOnly_UniformMix_Pruned_Weighted | parameters [3000            0.5           0.25            0.7              6]
[2026-09-13 16:30:11] SaveCount 30 | Runs 30 | M 15 | requested D 30 | N 100 | maxFE 300 | modeRunId 1 | seedBase 20260912
[2026-09-13 16:30:11] Slice 3/4 -> 67 of 270 jobs
[2026-09-13 16:35:07] [done] WFG1 run 3 seed 21768915 | IGD first 4.36781 -> final 4.07133 | runtime 292.7s | wall 293.6s | ok
[2026-09-13 16:39:46] [done] WFG1 run 7 seed 21768919 | IGD first 4.39839 -> final 4.15394 | runtime 277.4s | wall 278.0s | ok
[2026-09-13 16:44:15] [done] WFG1 run 11 seed 21768923 | IGD first 4.31524 -> final 4.15339 | runtime 268.0s | wall 268.5s | ok
[2026-09-13 16:48:25] [done] WFG1 run 15 seed 21768927 | IGD first 4.3221 -> final 4.01134 | runtime 248.5s | wall 249.0s | ok
[2026-09-13 16:53:03] [done] WFG1 run 19 seed 21768931 | IGD first 4.34378 -> final 4.14808 | runtime 275.4s | wall 275.9s | ok
[2026-09-13 16:57:23] [done] WFG1 run 23 seed 21768935 | IGD first 4.3448 -> final 4.11761 | runtime 258.6s | wall 259.1s | ok
[2026-09-13 17:01:45] [done] WFG1 run 27 seed 21768939 | IGD first 4.39333 -> final 4.20247 | runtime 260.0s | wall 260.5s | ok
[2026-09-13 17:01:46] [skip] D:\REMOandDREMO测试集\15目标\REMO_new2_AdaMaO_SDEOnly_UniformMix_Pruned_Weighted\REMO_new2_AdaMaO_SDEOnly_UniformMix_Pruned_Weighted_WFG2_M15_D30_1.mat (valid, final IGD 6.144081)
[2026-09-13 17:06:46] [done] WFG2 run 5 seed 21769917 | IGD first 5.54422 -> final 2.92471 | runtime 298.2s | wall 298.7s | ok
[2026-09-13 17:11:52] [done] WFG2 run 9 seed 21769921 | IGD first 7.51357 -> final 2.84937 | runtime 303.4s | wall 303.9s | ok
[2026-09-13 17:16:50] [done] WFG2 run 13 seed 21769925 | IGD first 8.64814 -> final 3.29433 | runtime 296.6s | wall 297.1s | ok
[2026-09-13 17:21:42] [done] WFG2 run 17 seed 21769929 | IGD first 8.21899 -> final 3.07926 | runtime 290.0s | wall 290.5s | ok
[2026-09-13 17:26:30] [done] WFG2 run 21 seed 21769933 | IGD first 6.8238 -> final 2.94088 | runtime 286.3s | wall 286.7s | ok
[2026-09-13 17:30:38] [done] WFG2 run 25 seed 21769937 | IGD first 8.7228 -> final 3.21789 | runtime 246.5s | wall 247.1s | ok
[2026-09-13 17:35:09] [done] WFG2 run 29 seed 21769941 | IGD first 8.69806 -> final 2.69328 | runtime 269.3s | wall 269.8s | ok
[2026-09-13 17:39:11] [done] WFG3 run 3 seed 21770915 | IGD first 2.46863 -> final 2.3558 | runtime 240.9s | wall 241.5s | ok
[2026-09-13 17:43:04] [done] WFG3 run 7 seed 21770919 | IGD first 2.47908 -> final 2.4443 | runtime 232.7s | wall 233.4s | ok
[2026-09-13 17:46:58] [done] WFG3 run 11 seed 21770923 | IGD first 2.34441 -> final 2.24511 | runtime 233.4s | wall 233.9s | ok
[2026-09-13 17:50:47] [done] WFG3 run 15 seed 21770927 | IGD first 2.39066 -> final 2.31871 | runtime 227.8s | wall 228.4s | ok
[2026-09-13 17:54:36] [done] WFG3 run 19 seed 21770931 | IGD first 2.54685 -> final 2.38816 | runtime 228.9s | wall 229.5s | ok
[2026-09-13 17:58:29] [done] WFG3 run 23 seed 21770935 | IGD first 2.28667 -> final 2.14982 | runtime 232.7s | wall 233.3s | ok
[2026-09-13 18:02:23] [done] WFG3 run 27 seed 21770939 | IGD first 2.51381 -> final 2.45471 | runtime 232.9s | wall 233.5s | ok
[2026-09-13 18:06:19] [done] WFG4 run 1 seed 21771913 | IGD first 19.3124 -> final 13.669 | runtime 236.0s | wall 236.5s | ok
[2026-09-13 18:10:24] [done] WFG4 run 5 seed 21771917 | IGD first 19.7998 -> final 13.5486 | runtime 244.5s | wall 245.0s | ok
[2026-09-13 18:14:27] [done] WFG4 run 9 seed 21771921 | IGD first 18.7883 -> final 14.0961 | runtime 242.4s | wall 242.9s | ok
[2026-09-13 18:18:30] [done] WFG4 run 13 seed 21771925 | IGD first 20.182 -> final 16.5551 | runtime 242.3s | wall 242.8s | ok
[2026-09-13 18:22:36] [done] WFG4 run 17 seed 21771929 | IGD first 19.2606 -> final 13.3721 | runtime 245.4s | wall 246.0s | ok
[2026-09-13 18:27:46] [done] WFG4 run 21 seed 21771933 | IGD first 19.5914 -> final 14.5611 | runtime 309.0s | wall 309.6s | ok
[2026-09-13 18:33:05] [done] WFG4 run 25 seed 21771937 | IGD first 19.9275 -> final 14.031 | runtime 318.7s | wall 319.2s | ok
[2026-09-13 18:38:23] [done] WFG4 run 29 seed 21771941 | IGD first 18.7593 -> final 13.6189 | runtime 317.8s | wall 318.3s | ok
[2026-09-13 18:43:14] [done] WFG5 run 3 seed 21772915 | IGD first 15.6032 -> final 14.4215 | runtime 290.0s | wall 290.6s | ok
[2026-09-13 18:48:35] [done] WFG5 run 7 seed 21772919 | IGD first 16.3953 -> final 12.6496 | runtime 320.1s | wall 320.7s | ok
[2026-09-14 00:00:39] part 3 attempt 1 launching MATLAB (alg=REMO_new2_AdaMaO_SDEOnly_UniformMix_Pruned_Weighted params=3000,0.50,0.25,0.70,6 func=run_WeightedWFG_M15)
[2026-09-14 00:00:50] PlatEMO root: D:\PlatEMO-master\PlatEMO-master\PlatEMO
[2026-09-14 00:00:58] WFG1: M=15 D=30 maxFE=300 (canonical index 8)
[2026-09-14 00:01:00] WFG2: M=15 D=30 maxFE=300 (canonical index 9)
[2026-09-14 00:01:00] WFG3: M=15 D=30 maxFE=300 (canonical index 10)
[2026-09-14 00:01:00] WFG4: M=15 D=30 maxFE=300 (canonical index 11)
[2026-09-14 00:01:00] WFG5: M=15 D=30 maxFE=300 (canonical index 12)
[2026-09-14 00:01:01] WFG6: M=15 D=30 maxFE=300 (canonical index 13)
[2026-09-14 00:01:01] WFG7: M=15 D=30 maxFE=300 (canonical index 14)
[2026-09-14 00:01:01] WFG8: M=15 D=30 maxFE=300 (canonical index 15)
[2026-09-14 00:01:01] WFG9: M=15 D=30 maxFE=300 (canonical index 16)
[2026-09-14 00:01:01] Algorithm REMO_new2_AdaMaO_SDEOnly_UniformMix_Pruned_Weighted | parameters [3000            0.5           0.25            0.7              6]
[2026-09-14 00:01:01] SaveCount 30 | Runs 30 | M 15 | requested D 30 | N 100 | maxFE 300 | modeRunId 1 | seedBase 20260912
[2026-09-14 00:01:01] Slice 3/4 -> 67 of 270 jobs
[2026-09-14 00:01:03] [skip] D:\REMOandDREMO测试集\15目标\REMO_new2_AdaMaO_SDEOnly_UniformMix_Pruned_Weighted\REMO_new2_AdaMaO_SDEOnly_UniformMix_Pruned_Weighted_WFG1_M15_D30_3.mat (valid, final IGD 4.071330)
[2026-09-14 00:01:05] [skip] D:\REMOandDREMO测试集\15目标\REMO_new2_AdaMaO_SDEOnly_UniformMix_Pruned_Weighted\REMO_new2_AdaMaO_SDEOnly_UniformMix_Pruned_Weighted_WFG1_M15_D30_7.mat (valid, final IGD 4.153945)
[2026-09-14 00:01:06] [skip] D:\REMOandDREMO测试集\15目标\REMO_new2_AdaMaO_SDEOnly_UniformMix_Pruned_Weighted\REMO_new2_AdaMaO_SDEOnly_UniformMix_Pruned_Weighted_WFG1_M15_D30_11.mat (valid, final IGD 4.153391)
[2026-09-14 00:01:09] [skip] D:\REMOandDREMO测试集\15目标\REMO_new2_AdaMaO_SDEOnly_UniformMix_Pruned_Weighted\REMO_new2_AdaMaO_SDEOnly_UniformMix_Pruned_Weighted_WFG1_M15_D30_15.mat (valid, final IGD 4.011336)
[2026-09-14 00:01:10] [skip] D:\REMOandDREMO测试集\15目标\REMO_new2_AdaMaO_SDEOnly_UniformMix_Pruned_Weighted\REMO_new2_AdaMaO_SDEOnly_UniformMix_Pruned_Weighted_WFG1_M15_D30_19.mat (valid, final IGD 4.148077)
[2026-09-14 00:01:12] [skip] D:\REMOandDREMO测试集\15目标\REMO_new2_AdaMaO_SDEOnly_UniformMix_Pruned_Weighted\REMO_new2_AdaMaO_SDEOnly_UniformMix_Pruned_Weighted_WFG1_M15_D30_23.mat (valid, final IGD 4.117607)
[2026-09-14 00:01:14] [skip] D:\REMOandDREMO测试集\15目标\REMO_new2_AdaMaO_SDEOnly_UniformMix_Pruned_Weighted\REMO_new2_AdaMaO_SDEOnly_UniformMix_Pruned_Weighted_WFG1_M15_D30_27.mat (valid, final IGD 4.202467)
[2026-09-14 00:01:16] [skip] D:\REMOandDREMO测试集\15目标\REMO_new2_AdaMaO_SDEOnly_UniformMix_Pruned_Weighted\REMO_new2_AdaMaO_SDEOnly_UniformMix_Pruned_Weighted_WFG2_M15_D30_1.mat (valid, final IGD 6.144081)
[2026-09-14 00:01:19] [skip] D:\REMOandDREMO测试集\15目标\REMO_new2_AdaMaO_SDEOnly_UniformMix_Pruned_Weighted\REMO_new2_AdaMaO_SDEOnly_UniformMix_Pruned_Weighted_WFG2_M15_D30_5.mat (valid, final IGD 2.924710)
[2026-09-14 00:01:21] [skip] D:\REMOandDREMO测试集\15目标\REMO_new2_AdaMaO_SDEOnly_UniformMix_Pruned_Weighted\REMO_new2_AdaMaO_SDEOnly_UniformMix_Pruned_Weighted_WFG2_M15_D30_9.mat (valid, final IGD 2.849367)
[2026-09-14 00:01:23] [skip] D:\REMOandDREMO测试集\15目标\REMO_new2_AdaMaO_SDEOnly_UniformMix_Pruned_Weighted\REMO_new2_AdaMaO_SDEOnly_UniformMix_Pruned_Weighted_WFG2_M15_D30_13.mat (valid, final IGD 3.294327)
[2026-09-14 00:01:25] [skip] D:\REMOandDREMO测试集\15目标\REMO_new2_AdaMaO_SDEOnly_UniformMix_Pruned_Weighted\REMO_new2_AdaMaO_SDEOnly_UniformMix_Pruned_Weighted_WFG2_M15_D30_17.mat (valid, final IGD 3.079262)
[2026-09-14 00:01:27] [skip] D:\REMOandDREMO测试集\15目标\REMO_new2_AdaMaO_SDEOnly_UniformMix_Pruned_Weighted\REMO_new2_AdaMaO_SDEOnly_UniformMix_Pruned_Weighted_WFG2_M15_D30_21.mat (valid, final IGD 2.940882)
[2026-09-14 00:01:30] [skip] D:\REMOandDREMO测试集\15目标\REMO_new2_AdaMaO_SDEOnly_UniformMix_Pruned_Weighted\REMO_new2_AdaMaO_SDEOnly_UniformMix_Pruned_Weighted_WFG2_M15_D30_25.mat (valid, final IGD 3.217892)
[2026-09-14 00:01:31] [skip] D:\REMOandDREMO测试集\15目标\REMO_new2_AdaMaO_SDEOnly_UniformMix_Pruned_Weighted\REMO_new2_AdaMaO_SDEOnly_UniformMix_Pruned_Weighted_WFG2_M15_D30_29.mat (valid, final IGD 2.693281)
[2026-09-14 00:01:31] [skip] D:\REMOandDREMO测试集\15目标\REMO_new2_AdaMaO_SDEOnly_UniformMix_Pruned_Weighted\REMO_new2_AdaMaO_SDEOnly_UniformMix_Pruned_Weighted_WFG3_M15_D30_3.mat (valid, final IGD 2.355801)
[2026-09-14 00:01:31] [skip] D:\REMOandDREMO测试集\15目标\REMO_new2_AdaMaO_SDEOnly_UniformMix_Pruned_Weighted\REMO_new2_AdaMaO_SDEOnly_UniformMix_Pruned_Weighted_WFG3_M15_D30_7.mat (valid, final IGD 2.444301)
[2026-09-14 00:01:31] [skip] D:\REMOandDREMO测试集\15目标\REMO_new2_AdaMaO_SDEOnly_UniformMix_Pruned_Weighted\REMO_new2_AdaMaO_SDEOnly_UniformMix_Pruned_Weighted_WFG3_M15_D30_11.mat (valid, final IGD 2.245109)
[2026-09-14 00:01:31] [skip] D:\REMOandDREMO测试集\15目标\REMO_new2_AdaMaO_SDEOnly_UniformMix_Pruned_Weighted\REMO_new2_AdaMaO_SDEOnly_UniformMix_Pruned_Weighted_WFG3_M15_D30_15.mat (valid, final IGD 2.318710)
[2026-09-14 00:01:31] [skip] D:\REMOandDREMO测试集\15目标\REMO_new2_AdaMaO_SDEOnly_UniformMix_Pruned_Weighted\REMO_new2_AdaMaO_SDEOnly_UniformMix_Pruned_Weighted_WFG3_M15_D30_19.mat (valid, final IGD 2.388157)
[2026-09-14 00:01:31] [skip] D:\REMOandDREMO测试集\15目标\REMO_new2_AdaMaO_SDEOnly_UniformMix_Pruned_Weighted\REMO_new2_AdaMaO_SDEOnly_UniformMix_Pruned_Weighted_WFG3_M15_D30_23.mat (valid, final IGD 2.149822)
[2026-09-14 00:01:31] [skip] D:\REMOandDREMO测试集\15目标\REMO_new2_AdaMaO_SDEOnly_UniformMix_Pruned_Weighted\REMO_new2_AdaMaO_SDEOnly_UniformMix_Pruned_Weighted_WFG3_M15_D30_27.mat (valid, final IGD 2.454712)
[2026-09-14 00:01:31] [skip] D:\REMOandDREMO测试集\15目标\REMO_new2_AdaMaO_SDEOnly_UniformMix_Pruned_Weighted\REMO_new2_AdaMaO_SDEOnly_UniformMix_Pruned_Weighted_WFG4_M15_D30_1.mat (valid, final IGD 13.668977)
[2026-09-14 00:01:31] [skip] D:\REMOandDREMO测试集\15目标\REMO_new2_AdaMaO_SDEOnly_UniformMix_Pruned_Weighted\REMO_new2_AdaMaO_SDEOnly_UniformMix_Pruned_Weighted_WFG4_M15_D30_5.mat (valid, final IGD 13.548617)
[2026-09-14 00:01:31] [skip] D:\REMOandDREMO测试集\15目标\REMO_new2_AdaMaO_SDEOnly_UniformMix_Pruned_Weighted\REMO_new2_AdaMaO_SDEOnly_UniformMix_Pruned_Weighted_WFG4_M15_D30_9.mat (valid, final IGD 14.096055)
[2026-09-14 00:01:31] [skip] D:\REMOandDREMO测试集\15目标\REMO_new2_AdaMaO_SDEOnly_UniformMix_Pruned_Weighted\REMO_new2_AdaMaO_SDEOnly_UniformMix_Pruned_Weighted_WFG4_M15_D30_13.mat (valid, final IGD 16.555115)
[2026-09-14 00:01:32] [skip] D:\REMOandDREMO测试集\15目标\REMO_new2_AdaMaO_SDEOnly_UniformMix_Pruned_Weighted\REMO_new2_AdaMaO_SDEOnly_UniformMix_Pruned_Weighted_WFG4_M15_D30_17.mat (valid, final IGD 13.372101)
[2026-09-14 00:01:32] [skip] D:\REMOandDREMO测试集\15目标\REMO_new2_AdaMaO_SDEOnly_UniformMix_Pruned_Weighted\REMO_new2_AdaMaO_SDEOnly_UniformMix_Pruned_Weighted_WFG4_M15_D30_21.mat (valid, final IGD 14.561149)
[2026-09-14 00:01:32] [skip] D:\REMOandDREMO测试集\15目标\REMO_new2_AdaMaO_SDEOnly_UniformMix_Pruned_Weighted\REMO_new2_AdaMaO_SDEOnly_UniformMix_Pruned_Weighted_WFG4_M15_D30_25.mat (valid, final IGD 14.031017)
[2026-09-14 00:01:32] [skip] D:\REMOandDREMO测试集\15目标\REMO_new2_AdaMaO_SDEOnly_UniformMix_Pruned_Weighted\REMO_new2_AdaMaO_SDEOnly_UniformMix_Pruned_Weighted_WFG4_M15_D30_29.mat (valid, final IGD 13.618911)
[2026-09-14 00:01:32] [skip] D:\REMOandDREMO测试集\15目标\REMO_new2_AdaMaO_SDEOnly_UniformMix_Pruned_Weighted\REMO_new2_AdaMaO_SDEOnly_UniformMix_Pruned_Weighted_WFG5_M15_D30_3.mat (valid, final IGD 14.421464)
[2026-09-14 00:01:32] [skip] D:\REMOandDREMO测试集\15目标\REMO_new2_AdaMaO_SDEOnly_UniformMix_Pruned_Weighted\REMO_new2_AdaMaO_SDEOnly_UniformMix_Pruned_Weighted_WFG5_M15_D30_7.mat (valid, final IGD 12.649632)
[2026-09-14 00:06:12] [done] WFG5 run 11 seed 21772923 | IGD first 16.5287 -> final 13.1154 | runtime 279.2s | wall 280.0s | ok
[2026-09-14 00:10:29] [done] WFG5 run 15 seed 21772927 | IGD first 15.5075 -> final 13.4898 | runtime 257.3s | wall 257.8s | ok
[2026-09-14 00:14:35] [done] WFG5 run 19 seed 21772931 | IGD first 16.3554 -> final 14.7688 | runtime 244.8s | wall 245.3s | ok
[2026-09-14 00:18:49] [done] WFG5 run 23 seed 21772935 | IGD first 16.0808 -> final 13.6096 | runtime 253.3s | wall 253.8s | ok
[2026-09-14 00:23:01] [done] WFG5 run 27 seed 21772939 | IGD first 16.8239 -> final 12.4888 | runtime 251.6s | wall 252.1s | ok
[2026-09-14 00:27:07] [done] WFG6 run 1 seed 21773913 | IGD first 15.5914 -> final 9.79293 | runtime 246.1s | wall 246.6s | ok
[2026-09-14 00:31:16] [done] WFG6 run 5 seed 21773917 | IGD first 16.3198 -> final 10.4336 | runtime 248.4s | wall 248.9s | ok
[2026-09-14 00:35:24] [done] WFG6 run 9 seed 21773921 | IGD first 17.6227 -> final 11.3643 | runtime 247.2s | wall 247.7s | ok
[2026-09-14 00:39:23] [done] WFG6 run 13 seed 21773925 | IGD first 16.3688 -> final 9.94637 | runtime 238.7s | wall 239.3s | ok
[2026-09-14 00:43:34] [done] WFG6 run 17 seed 21773929 | IGD first 15.7213 -> final 10.216 | runtime 250.1s | wall 250.6s | ok
[2026-09-14 00:47:33] [done] WFG6 run 21 seed 21773933 | IGD first 16.7533 -> final 11.0039 | runtime 238.5s | wall 239.0s | ok
[2026-09-14 00:51:37] [done] WFG6 run 25 seed 21773937 | IGD first 15.45 -> final 10.2386 | runtime 243.9s | wall 244.4s | ok
[2026-09-14 00:55:47] [done] WFG6 run 29 seed 21773941 | IGD first 15.9544 -> final 10.5617 | runtime 249.4s | wall 250.0s | ok
[2026-09-14 01:00:08] [done] WFG7 run 3 seed 21774915 | IGD first 17.1819 -> final 11.9504 | runtime 259.9s | wall 260.4s | ok
[2026-09-14 01:04:19] [done] WFG7 run 7 seed 21774919 | IGD first 16.143 -> final 11.211 | runtime 251.1s | wall 251.7s | ok
[2026-09-14 01:08:29] [done] WFG7 run 11 seed 21774923 | IGD first 18.509 -> final 11.5051 | runtime 249.6s | wall 250.1s | ok
[2026-09-14 01:12:55] [done] WFG7 run 15 seed 21774927 | IGD first 18.4229 -> final 11.3626 | runtime 264.8s | wall 265.3s | ok
[2026-09-14 01:17:04] [done] WFG7 run 19 seed 21774931 | IGD first 18.6331 -> final 11.0679 | runtime 248.7s | wall 249.2s | ok
[2026-09-14 01:21:13] [done] WFG7 run 23 seed 21774935 | IGD first 16.8048 -> final 11.0005 | runtime 248.7s | wall 249.2s | ok
[2026-09-14 01:25:24] [done] WFG7 run 27 seed 21774939 | IGD first 17.2913 -> final 12.0337 | runtime 249.8s | wall 250.3s | ok
[2026-09-14 01:29:32] [done] WFG8 run 1 seed 21775913 | IGD first 16.328 -> final 11.8056 | runtime 247.8s | wall 248.3s | ok
[2026-09-14 02:35:19] part 3 attempt 1 launching MATLAB (alg=REMO_new2_AdaMaO_SDEOnly_UniformMix_Pruned_Weighted params=3000,0.50,0.25,0.70,6 func=run_WeightedWFG_M15)
[2026-09-14 02:36:23] PlatEMO root: D:\PlatEMO-master\PlatEMO-master\PlatEMO
[2026-09-14 02:36:33] WFG1: M=15 D=30 maxFE=300 (canonical index 8)
[2026-09-14 02:36:36] WFG2: M=15 D=30 maxFE=300 (canonical index 9)
[2026-09-14 02:36:36] WFG3: M=15 D=30 maxFE=300 (canonical index 10)
[2026-09-14 02:36:36] WFG4: M=15 D=30 maxFE=300 (canonical index 11)
[2026-09-14 02:36:36] WFG5: M=15 D=30 maxFE=300 (canonical index 12)
[2026-09-14 02:36:36] WFG6: M=15 D=30 maxFE=300 (canonical index 13)
[2026-09-14 02:36:36] WFG7: M=15 D=30 maxFE=300 (canonical index 14)
[2026-09-14 02:36:36] WFG8: M=15 D=30 maxFE=300 (canonical index 15)
[2026-09-14 02:36:36] WFG9: M=15 D=30 maxFE=300 (canonical index 16)
[2026-09-14 02:36:36] Algorithm REMO_new2_AdaMaO_SDEOnly_UniformMix_Pruned_Weighted | parameters [3000            0.5           0.25            0.7              6]
[2026-09-14 02:36:36] SaveCount 30 | Runs 30 | M 15 | requested D 30 | N 100 | maxFE 300 | modeRunId 1 | seedBase 20260912
[2026-09-14 02:36:36] Slice 3/4 -> 67 of 270 jobs
[2026-09-14 02:36:39] [skip] D:\REMOandDREMO测试集\15目标\REMO_new2_AdaMaO_SDEOnly_UniformMix_Pruned_Weighted\REMO_new2_AdaMaO_SDEOnly_UniformMix_Pruned_Weighted_WFG1_M15_D30_3.mat (valid, final IGD 4.071330)
[2026-09-14 02:36:41] [skip] D:\REMOandDREMO测试集\15目标\REMO_new2_AdaMaO_SDEOnly_UniformMix_Pruned_Weighted\REMO_new2_AdaMaO_SDEOnly_UniformMix_Pruned_Weighted_WFG1_M15_D30_7.mat (valid, final IGD 4.153945)
[2026-09-14 02:36:44] [skip] D:\REMOandDREMO测试集\15目标\REMO_new2_AdaMaO_SDEOnly_UniformMix_Pruned_Weighted\REMO_new2_AdaMaO_SDEOnly_UniformMix_Pruned_Weighted_WFG1_M15_D30_11.mat (valid, final IGD 4.153391)
[2026-09-14 02:36:46] [skip] D:\REMOandDREMO测试集\15目标\REMO_new2_AdaMaO_SDEOnly_UniformMix_Pruned_Weighted\REMO_new2_AdaMaO_SDEOnly_UniformMix_Pruned_Weighted_WFG1_M15_D30_15.mat (valid, final IGD 4.011336)
[2026-09-14 02:36:48] [skip] D:\REMOandDREMO测试集\15目标\REMO_new2_AdaMaO_SDEOnly_UniformMix_Pruned_Weighted\REMO_new2_AdaMaO_SDEOnly_UniformMix_Pruned_Weighted_WFG1_M15_D30_19.mat (valid, final IGD 4.148077)
[2026-09-14 02:36:49] [skip] D:\REMOandDREMO测试集\15目标\REMO_new2_AdaMaO_SDEOnly_UniformMix_Pruned_Weighted\REMO_new2_AdaMaO_SDEOnly_UniformMix_Pruned_Weighted_WFG1_M15_D30_23.mat (valid, final IGD 4.117607)
[2026-09-14 02:36:51] [skip] D:\REMOandDREMO测试集\15目标\REMO_new2_AdaMaO_SDEOnly_UniformMix_Pruned_Weighted\REMO_new2_AdaMaO_SDEOnly_UniformMix_Pruned_Weighted_WFG1_M15_D30_27.mat (valid, final IGD 4.202467)
[2026-09-14 02:36:53] [skip] D:\REMOandDREMO测试集\15目标\REMO_new2_AdaMaO_SDEOnly_UniformMix_Pruned_Weighted\REMO_new2_AdaMaO_SDEOnly_UniformMix_Pruned_Weighted_WFG2_M15_D30_1.mat (valid, final IGD 6.144081)
[2026-09-14 02:36:55] [skip] D:\REMOandDREMO测试集\15目标\REMO_new2_AdaMaO_SDEOnly_UniformMix_Pruned_Weighted\REMO_new2_AdaMaO_SDEOnly_UniformMix_Pruned_Weighted_WFG2_M15_D30_5.mat (valid, final IGD 2.924710)
[2026-09-14 02:36:57] [skip] D:\REMOandDREMO测试集\15目标\REMO_new2_AdaMaO_SDEOnly_UniformMix_Pruned_Weighted\REMO_new2_AdaMaO_SDEOnly_UniformMix_Pruned_Weighted_WFG2_M15_D30_9.mat (valid, final IGD 2.849367)
[2026-09-14 02:36:59] [skip] D:\REMOandDREMO测试集\15目标\REMO_new2_AdaMaO_SDEOnly_UniformMix_Pruned_Weighted\REMO_new2_AdaMaO_SDEOnly_UniformMix_Pruned_Weighted_WFG2_M15_D30_13.mat (valid, final IGD 3.294327)
[2026-09-14 02:37:01] [skip] D:\REMOandDREMO测试集\15目标\REMO_new2_AdaMaO_SDEOnly_UniformMix_Pruned_Weighted\REMO_new2_AdaMaO_SDEOnly_UniformMix_Pruned_Weighted_WFG2_M15_D30_17.mat (valid, final IGD 3.079262)
[2026-09-14 02:37:04] [skip] D:\REMOandDREMO测试集\15目标\REMO_new2_AdaMaO_SDEOnly_UniformMix_Pruned_Weighted\REMO_new2_AdaMaO_SDEOnly_UniformMix_Pruned_Weighted_WFG2_M15_D30_21.mat (valid, final IGD 2.940882)
[2026-09-14 02:37:06] [skip] D:\REMOandDREMO测试集\15目标\REMO_new2_AdaMaO_SDEOnly_UniformMix_Pruned_Weighted\REMO_new2_AdaMaO_SDEOnly_UniformMix_Pruned_Weighted_WFG2_M15_D30_25.mat (valid, final IGD 3.217892)
[2026-09-14 02:37:08] [skip] D:\REMOandDREMO测试集\15目标\REMO_new2_AdaMaO_SDEOnly_UniformMix_Pruned_Weighted\REMO_new2_AdaMaO_SDEOnly_UniformMix_Pruned_Weighted_WFG2_M15_D30_29.mat (valid, final IGD 2.693281)
[2026-09-14 02:37:08] [skip] D:\REMOandDREMO测试集\15目标\REMO_new2_AdaMaO_SDEOnly_UniformMix_Pruned_Weighted\REMO_new2_AdaMaO_SDEOnly_UniformMix_Pruned_Weighted_WFG3_M15_D30_3.mat (valid, final IGD 2.355801)
[2026-09-14 02:37:08] [skip] D:\REMOandDREMO测试集\15目标\REMO_new2_AdaMaO_SDEOnly_UniformMix_Pruned_Weighted\REMO_new2_AdaMaO_SDEOnly_UniformMix_Pruned_Weighted_WFG3_M15_D30_7.mat (valid, final IGD 2.444301)
[2026-09-14 02:37:08] [skip] D:\REMOandDREMO测试集\15目标\REMO_new2_AdaMaO_SDEOnly_UniformMix_Pruned_Weighted\REMO_new2_AdaMaO_SDEOnly_UniformMix_Pruned_Weighted_WFG3_M15_D30_11.mat (valid, final IGD 2.245109)
[2026-09-14 02:37:08] [skip] D:\REMOandDREMO测试集\15目标\REMO_new2_AdaMaO_SDEOnly_UniformMix_Pruned_Weighted\REMO_new2_AdaMaO_SDEOnly_UniformMix_Pruned_Weighted_WFG3_M15_D30_15.mat (valid, final IGD 2.318710)
[2026-09-14 02:37:08] [skip] D:\REMOandDREMO测试集\15目标\REMO_new2_AdaMaO_SDEOnly_UniformMix_Pruned_Weighted\REMO_new2_AdaMaO_SDEOnly_UniformMix_Pruned_Weighted_WFG3_M15_D30_19.mat (valid, final IGD 2.388157)
[2026-09-14 02:37:08] [skip] D:\REMOandDREMO测试集\15目标\REMO_new2_AdaMaO_SDEOnly_UniformMix_Pruned_Weighted\REMO_new2_AdaMaO_SDEOnly_UniformMix_Pruned_Weighted_WFG3_M15_D30_23.mat (valid, final IGD 2.149822)
[2026-09-14 02:37:08] [skip] D:\REMOandDREMO测试集\15目标\REMO_new2_AdaMaO_SDEOnly_UniformMix_Pruned_Weighted\REMO_new2_AdaMaO_SDEOnly_UniformMix_Pruned_Weighted_WFG3_M15_D30_27.mat (valid, final IGD 2.454712)
[2026-09-14 02:37:08] [skip] D:\REMOandDREMO测试集\15目标\REMO_new2_AdaMaO_SDEOnly_UniformMix_Pruned_Weighted\REMO_new2_AdaMaO_SDEOnly_UniformMix_Pruned_Weighted_WFG4_M15_D30_1.mat (valid, final IGD 13.668977)
[2026-09-14 02:37:08] [skip] D:\REMOandDREMO测试集\15目标\REMO_new2_AdaMaO_SDEOnly_UniformMix_Pruned_Weighted\REMO_new2_AdaMaO_SDEOnly_UniformMix_Pruned_Weighted_WFG4_M15_D30_5.mat (valid, final IGD 13.548617)
[2026-09-14 02:37:08] [skip] D:\REMOandDREMO测试集\15目标\REMO_new2_AdaMaO_SDEOnly_UniformMix_Pruned_Weighted\REMO_new2_AdaMaO_SDEOnly_UniformMix_Pruned_Weighted_WFG4_M15_D30_9.mat (valid, final IGD 14.096055)
[2026-09-14 02:37:08] [skip] D:\REMOandDREMO测试集\15目标\REMO_new2_AdaMaO_SDEOnly_UniformMix_Pruned_Weighted\REMO_new2_AdaMaO_SDEOnly_UniformMix_Pruned_Weighted_WFG4_M15_D30_13.mat (valid, final IGD 16.555115)
[2026-09-14 02:37:08] [skip] D:\REMOandDREMO测试集\15目标\REMO_new2_AdaMaO_SDEOnly_UniformMix_Pruned_Weighted\REMO_new2_AdaMaO_SDEOnly_UniformMix_Pruned_Weighted_WFG4_M15_D30_17.mat (valid, final IGD 13.372101)
[2026-09-14 02:37:08] [skip] D:\REMOandDREMO测试集\15目标\REMO_new2_AdaMaO_SDEOnly_UniformMix_Pruned_Weighted\REMO_new2_AdaMaO_SDEOnly_UniformMix_Pruned_Weighted_WFG4_M15_D30_21.mat (valid, final IGD 14.561149)
[2026-09-14 02:37:08] [skip] D:\REMOandDREMO测试集\15目标\REMO_new2_AdaMaO_SDEOnly_UniformMix_Pruned_Weighted\REMO_new2_AdaMaO_SDEOnly_UniformMix_Pruned_Weighted_WFG4_M15_D30_25.mat (valid, final IGD 14.031017)
[2026-09-14 02:37:08] [skip] D:\REMOandDREMO测试集\15目标\REMO_new2_AdaMaO_SDEOnly_UniformMix_Pruned_Weighted\REMO_new2_AdaMaO_SDEOnly_UniformMix_Pruned_Weighted_WFG4_M15_D30_29.mat (valid, final IGD 13.618911)
[2026-09-14 02:37:08] [skip] D:\REMOandDREMO测试集\15目标\REMO_new2_AdaMaO_SDEOnly_UniformMix_Pruned_Weighted\REMO_new2_AdaMaO_SDEOnly_UniformMix_Pruned_Weighted_WFG5_M15_D30_3.mat (valid, final IGD 14.421464)
[2026-09-14 02:37:08] [skip] D:\REMOandDREMO测试集\15目标\REMO_new2_AdaMaO_SDEOnly_UniformMix_Pruned_Weighted\REMO_new2_AdaMaO_SDEOnly_UniformMix_Pruned_Weighted_WFG5_M15_D30_7.mat (valid, final IGD 12.649632)
[2026-09-14 02:37:08] [skip] D:\REMOandDREMO测试集\15目标\REMO_new2_AdaMaO_SDEOnly_UniformMix_Pruned_Weighted\REMO_new2_AdaMaO_SDEOnly_UniformMix_Pruned_Weighted_WFG5_M15_D30_11.mat (valid, final IGD 13.115423)
[2026-09-14 02:37:08] [skip] D:\REMOandDREMO测试集\15目标\REMO_new2_AdaMaO_SDEOnly_UniformMix_Pruned_Weighted\REMO_new2_AdaMaO_SDEOnly_UniformMix_Pruned_Weighted_WFG5_M15_D30_15.mat (valid, final IGD 13.489798)
[2026-09-14 02:37:08] [skip] D:\REMOandDREMO测试集\15目标\REMO_new2_AdaMaO_SDEOnly_UniformMix_Pruned_Weighted\REMO_new2_AdaMaO_SDEOnly_UniformMix_Pruned_Weighted_WFG5_M15_D30_19.mat (valid, final IGD 14.768842)
[2026-09-14 02:37:08] [skip] D:\REMOandDREMO测试集\15目标\REMO_new2_AdaMaO_SDEOnly_UniformMix_Pruned_Weighted\REMO_new2_AdaMaO_SDEOnly_UniformMix_Pruned_Weighted_WFG5_M15_D30_23.mat (valid, final IGD 13.609556)
[2026-09-14 02:37:08] [skip] D:\REMOandDREMO测试集\15目标\REMO_new2_AdaMaO_SDEOnly_UniformMix_Pruned_Weighted\REMO_new2_AdaMaO_SDEOnly_UniformMix_Pruned_Weighted_WFG5_M15_D30_27.mat (valid, final IGD 12.488806)
[2026-09-14 02:37:08] [skip] D:\REMOandDREMO测试集\15目标\REMO_new2_AdaMaO_SDEOnly_UniformMix_Pruned_Weighted\REMO_new2_AdaMaO_SDEOnly_UniformMix_Pruned_Weighted_WFG6_M15_D30_1.mat (valid, final IGD 9.792932)
[2026-09-14 02:37:08] [skip] D:\REMOandDREMO测试集\15目标\REMO_new2_AdaMaO_SDEOnly_UniformMix_Pruned_Weighted\REMO_new2_AdaMaO_SDEOnly_UniformMix_Pruned_Weighted_WFG6_M15_D30_5.mat (valid, final IGD 10.433613)
[2026-09-14 02:37:08] [skip] D:\REMOandDREMO测试集\15目标\REMO_new2_AdaMaO_SDEOnly_UniformMix_Pruned_Weighted\REMO_new2_AdaMaO_SDEOnly_UniformMix_Pruned_Weighted_WFG6_M15_D30_9.mat (valid, final IGD 11.364292)
[2026-09-14 02:37:08] [skip] D:\REMOandDREMO测试集\15目标\REMO_new2_AdaMaO_SDEOnly_UniformMix_Pruned_Weighted\REMO_new2_AdaMaO_SDEOnly_UniformMix_Pruned_Weighted_WFG6_M15_D30_13.mat (valid, final IGD 9.946373)
[2026-09-14 02:37:08] [skip] D:\REMOandDREMO测试集\15目标\REMO_new2_AdaMaO_SDEOnly_UniformMix_Pruned_Weighted\REMO_new2_AdaMaO_SDEOnly_UniformMix_Pruned_Weighted_WFG6_M15_D30_17.mat (valid, final IGD 10.216005)
[2026-09-14 02:37:08] [skip] D:\REMOandDREMO测试集\15目标\REMO_new2_AdaMaO_SDEOnly_UniformMix_Pruned_Weighted\REMO_new2_AdaMaO_SDEOnly_UniformMix_Pruned_Weighted_WFG6_M15_D30_21.mat (valid, final IGD 11.003893)
[2026-09-14 02:37:08] [skip] D:\REMOandDREMO测试集\15目标\REMO_new2_AdaMaO_SDEOnly_UniformMix_Pruned_Weighted\REMO_new2_AdaMaO_SDEOnly_UniformMix_Pruned_Weighted_WFG6_M15_D30_25.mat (valid, final IGD 10.238629)
[2026-09-14 02:37:08] [skip] D:\REMOandDREMO测试集\15目标\REMO_new2_AdaMaO_SDEOnly_UniformMix_Pruned_Weighted\REMO_new2_AdaMaO_SDEOnly_UniformMix_Pruned_Weighted_WFG6_M15_D30_29.mat (valid, final IGD 10.561725)
[2026-09-14 02:37:08] [skip] D:\REMOandDREMO测试集\15目标\REMO_new2_AdaMaO_SDEOnly_UniformMix_Pruned_Weighted\REMO_new2_AdaMaO_SDEOnly_UniformMix_Pruned_Weighted_WFG7_M15_D30_3.mat (valid, final IGD 11.950375)
[2026-09-14 02:37:08] [skip] D:\REMOandDREMO测试集\15目标\REMO_new2_AdaMaO_SDEOnly_UniformMix_Pruned_Weighted\REMO_new2_AdaMaO_SDEOnly_UniformMix_Pruned_Weighted_WFG7_M15_D30_7.mat (valid, final IGD 11.210988)
[2026-09-14 02:37:08] [skip] D:\REMOandDREMO测试集\15目标\REMO_new2_AdaMaO_SDEOnly_UniformMix_Pruned_Weighted\REMO_new2_AdaMaO_SDEOnly_UniformMix_Pruned_Weighted_WFG7_M15_D30_11.mat (valid, final IGD 11.505072)
[2026-09-14 02:37:08] [skip] D:\REMOandDREMO测试集\15目标\REMO_new2_AdaMaO_SDEOnly_UniformMix_Pruned_Weighted\REMO_new2_AdaMaO_SDEOnly_UniformMix_Pruned_Weighted_WFG7_M15_D30_15.mat (valid, final IGD 11.362583)
[2026-09-14 02:37:08] [skip] D:\REMOandDREMO测试集\15目标\REMO_new2_AdaMaO_SDEOnly_UniformMix_Pruned_Weighted\REMO_new2_AdaMaO_SDEOnly_UniformMix_Pruned_Weighted_WFG7_M15_D30_19.mat (valid, final IGD 11.067878)
[2026-09-14 02:37:08] [skip] D:\REMOandDREMO测试集\15目标\REMO_new2_AdaMaO_SDEOnly_UniformMix_Pruned_Weighted\REMO_new2_AdaMaO_SDEOnly_UniformMix_Pruned_Weighted_WFG7_M15_D30_23.mat (valid, final IGD 11.000474)
[2026-09-14 02:37:08] [skip] D:\REMOandDREMO测试集\15目标\REMO_new2_AdaMaO_SDEOnly_UniformMix_Pruned_Weighted\REMO_new2_AdaMaO_SDEOnly_UniformMix_Pruned_Weighted_WFG7_M15_D30_27.mat (valid, final IGD 12.033696)
[2026-09-14 02:37:08] [skip] D:\REMOandDREMO测试集\15目标\REMO_new2_AdaMaO_SDEOnly_UniformMix_Pruned_Weighted\REMO_new2_AdaMaO_SDEOnly_UniformMix_Pruned_Weighted_WFG8_M15_D30_1.mat (valid, final IGD 11.805595)
[2026-09-14 02:41:28] [done] WFG8 run 5 seed 21775917 | IGD first 17.2525 -> final 11.7388 | runtime 258.3s | wall 259.2s | ok
[2026-09-14 02:45:31] [done] WFG8 run 9 seed 21775921 | IGD first 15.6624 -> final 11.6287 | runtime 243.2s | wall 243.7s | ok
[2026-09-14 02:49:50] [done] WFG8 run 13 seed 21775925 | IGD first 17.1929 -> final 11.3227 | runtime 257.7s | wall 258.3s | ok
[2026-09-14 02:54:13] [done] WFG8 run 17 seed 21775929 | IGD first 16.222 -> final 12.3771 | runtime 262.8s | wall 263.3s | ok
[2026-09-14 02:58:32] [done] WFG8 run 21 seed 21775933 | IGD first 16.3239 -> final 11.94 | runtime 258.5s | wall 259.0s | ok
[2026-09-14 03:02:44] [done] WFG8 run 25 seed 21775937 | IGD first 16.4655 -> final 12.2653 | runtime 251.6s | wall 252.1s | ok
[2026-09-14 03:06:53] [done] WFG8 run 29 seed 21775941 | IGD first 16.8776 -> final 13.2381 | runtime 248.5s | wall 249.1s | ok
[2026-09-14 03:11:14] [done] WFG9 run 3 seed 21776915 | IGD first 17.4246 -> final 14.0533 | runtime 260.5s | wall 261.0s | ok
[2026-09-14 03:15:31] [done] WFG9 run 7 seed 21776919 | IGD first 17.2088 -> final 13.5898 | runtime 255.9s | wall 256.4s | ok
[2026-09-14 03:19:48] [done] WFG9 run 11 seed 21776923 | IGD first 15.7547 -> final 12.8993 | runtime 256.8s | wall 257.4s | ok
[2026-09-14 03:24:00] [done] WFG9 run 15 seed 21776927 | IGD first 17.4749 -> final 14.6074 | runtime 251.2s | wall 251.7s | ok
[2026-09-14 03:28:24] [done] WFG9 run 19 seed 21776931 | IGD first 17.7781 -> final 13.2887 | runtime 263.6s | wall 264.1s | ok
[2026-09-14 03:32:50] [done] WFG9 run 23 seed 21776935 | IGD first 16.8649 -> final 12.8713 | runtime 266.1s | wall 266.5s | ok
[2026-09-14 03:37:00] [done] WFG9 run 27 seed 21776939 | IGD first 16.129 -> final 13.1865 | runtime 248.8s | wall 249.3s | ok
[2026-09-14 03:37:00] ==== part 3/4 done: 67 runs (53 skipped) in 3623.2 s (1.0 h) ====
[2026-09-14 03:37:01] Summary CSV: D:\REMOandDREMO测试集\15目标\REMO_new2_AdaMaO_SDEOnly_UniformMix_Pruned_Weighted\_runlog_part3of4.csv

ans = 

  包含以下字段的 1x67 struct 数组:

    Problem
    Run
    File
    Status
    IGD
    Runtime
    FE
    D
    Seed
    Seconds

[2026-09-14 03:37:08] part 3 attempt 1 exited rc=0
[2026-09-14 03:37:08] part 3 COMPLETE after 1 attempt(s)
[2026-09-14 03:58:14] part 3 attempt 1 launching MATLAB (alg=REMO_new2_AdaMaO_SDEOnly_UniformMix_Pruned_Weighted params=3000,0.50,0.25,0.70,6 func=run_WeightedWFG_M15)
[2026-09-14 03:58:23] PlatEMO root: D:\PlatEMO-master\PlatEMO-master\PlatEMO
[2026-09-14 03:58:30] WFG1: M=15 D=30 maxFE=300 (canonical index 8)
[2026-09-14 03:58:32] WFG2: M=15 D=30 maxFE=300 (canonical index 9)
[2026-09-14 03:58:32] WFG3: M=15 D=30 maxFE=300 (canonical index 10)
[2026-09-14 03:58:32] WFG4: M=15 D=30 maxFE=300 (canonical index 11)
[2026-09-14 03:58:32] WFG5: M=15 D=30 maxFE=300 (canonical index 12)
[2026-09-14 03:58:32] WFG6: M=15 D=30 maxFE=300 (canonical index 13)
[2026-09-14 03:58:32] WFG7: M=15 D=30 maxFE=300 (canonical index 14)
[2026-09-14 03:58:32] WFG8: M=15 D=30 maxFE=300 (canonical index 15)
[2026-09-14 03:58:32] WFG9: M=15 D=30 maxFE=300 (canonical index 16)
[2026-09-14 03:58:32] Algorithm REMO_new2_AdaMaO_SDEOnly_UniformMix_Pruned_Weighted | parameters [3000            0.5           0.25            0.7              6]
[2026-09-14 03:58:32] SaveCount 30 | Runs 30 | M 15 | requested D 30 | N 100 | maxFE 300 | modeRunId 1 | seedBase 20260912
[2026-09-14 03:58:32] Slice 3/4 -> 67 of 270 jobs
[2026-09-14 03:58:35] [skip] D:\REMOandDREMO测试集\15目标\REMO_new2_AdaMaO_SDEOnly_UniformMix_Pruned_Weighted\REMO_new2_AdaMaO_SDEOnly_UniformMix_Pruned_Weighted_WFG1_M15_D30_3.mat (valid, final IGD 4.071330)
[2026-09-14 03:58:36] [skip] D:\REMOandDREMO测试集\15目标\REMO_new2_AdaMaO_SDEOnly_UniformMix_Pruned_Weighted\REMO_new2_AdaMaO_SDEOnly_UniformMix_Pruned_Weighted_WFG1_M15_D30_7.mat (valid, final IGD 4.153945)
[2026-09-14 03:58:38] [skip] D:\REMOandDREMO测试集\15目标\REMO_new2_AdaMaO_SDEOnly_UniformMix_Pruned_Weighted\REMO_new2_AdaMaO_SDEOnly_UniformMix_Pruned_Weighted_WFG1_M15_D30_11.mat (valid, final IGD 4.153391)
[2026-09-14 03:58:40] [skip] D:\REMOandDREMO测试集\15目标\REMO_new2_AdaMaO_SDEOnly_UniformMix_Pruned_Weighted\REMO_new2_AdaMaO_SDEOnly_UniformMix_Pruned_Weighted_WFG1_M15_D30_15.mat (valid, final IGD 4.011336)
[2026-09-14 03:58:41] [skip] D:\REMOandDREMO测试集\15目标\REMO_new2_AdaMaO_SDEOnly_UniformMix_Pruned_Weighted\REMO_new2_AdaMaO_SDEOnly_UniformMix_Pruned_Weighted_WFG1_M15_D30_19.mat (valid, final IGD 4.148077)
[2026-09-14 03:58:43] [skip] D:\REMOandDREMO测试集\15目标\REMO_new2_AdaMaO_SDEOnly_UniformMix_Pruned_Weighted\REMO_new2_AdaMaO_SDEOnly_UniformMix_Pruned_Weighted_WFG1_M15_D30_23.mat (valid, final IGD 4.117607)
[2026-09-14 03:58:45] [skip] D:\REMOandDREMO测试集\15目标\REMO_new2_AdaMaO_SDEOnly_UniformMix_Pruned_Weighted\REMO_new2_AdaMaO_SDEOnly_UniformMix_Pruned_Weighted_WFG1_M15_D30_27.mat (valid, final IGD 4.202467)
[2026-09-14 03:58:47] [skip] D:\REMOandDREMO测试集\15目标\REMO_new2_AdaMaO_SDEOnly_UniformMix_Pruned_Weighted\REMO_new2_AdaMaO_SDEOnly_UniformMix_Pruned_Weighted_WFG2_M15_D30_1.mat (valid, final IGD 6.144081)
[2026-09-14 03:58:49] [skip] D:\REMOandDREMO测试集\15目标\REMO_new2_AdaMaO_SDEOnly_UniformMix_Pruned_Weighted\REMO_new2_AdaMaO_SDEOnly_UniformMix_Pruned_Weighted_WFG2_M15_D30_5.mat (valid, final IGD 2.924710)
[2026-09-14 03:58:51] [skip] D:\REMOandDREMO测试集\15目标\REMO_new2_AdaMaO_SDEOnly_UniformMix_Pruned_Weighted\REMO_new2_AdaMaO_SDEOnly_UniformMix_Pruned_Weighted_WFG2_M15_D30_9.mat (valid, final IGD 2.849367)
[2026-09-14 03:58:53] [skip] D:\REMOandDREMO测试集\15目标\REMO_new2_AdaMaO_SDEOnly_UniformMix_Pruned_Weighted\REMO_new2_AdaMaO_SDEOnly_UniformMix_Pruned_Weighted_WFG2_M15_D30_13.mat (valid, final IGD 3.294327)
[2026-09-14 03:58:55] [skip] D:\REMOandDREMO测试集\15目标\REMO_new2_AdaMaO_SDEOnly_UniformMix_Pruned_Weighted\REMO_new2_AdaMaO_SDEOnly_UniformMix_Pruned_Weighted_WFG2_M15_D30_17.mat (valid, final IGD 3.079262)
[2026-09-14 03:58:57] [skip] D:\REMOandDREMO测试集\15目标\REMO_new2_AdaMaO_SDEOnly_UniformMix_Pruned_Weighted\REMO_new2_AdaMaO_SDEOnly_UniformMix_Pruned_Weighted_WFG2_M15_D30_21.mat (valid, final IGD 2.940882)
[2026-09-14 03:58:59] [skip] D:\REMOandDREMO测试集\15目标\REMO_new2_AdaMaO_SDEOnly_UniformMix_Pruned_Weighted\REMO_new2_AdaMaO_SDEOnly_UniformMix_Pruned_Weighted_WFG2_M15_D30_25.mat (valid, final IGD 3.217892)
[2026-09-14 03:59:01] [skip] D:\REMOandDREMO测试集\15目标\REMO_new2_AdaMaO_SDEOnly_UniformMix_Pruned_Weighted\REMO_new2_AdaMaO_SDEOnly_UniformMix_Pruned_Weighted_WFG2_M15_D30_29.mat (valid, final IGD 2.693281)
[2026-09-14 03:59:01] [skip] D:\REMOandDREMO测试集\15目标\REMO_new2_AdaMaO_SDEOnly_UniformMix_Pruned_Weighted\REMO_new2_AdaMaO_SDEOnly_UniformMix_Pruned_Weighted_WFG3_M15_D30_3.mat (valid, final IGD 2.355801)
[2026-09-14 03:59:01] [skip] D:\REMOandDREMO测试集\15目标\REMO_new2_AdaMaO_SDEOnly_UniformMix_Pruned_Weighted\REMO_new2_AdaMaO_SDEOnly_UniformMix_Pruned_Weighted_WFG3_M15_D30_7.mat (valid, final IGD 2.444301)
[2026-09-14 03:59:01] [skip] D:\REMOandDREMO测试集\15目标\REMO_new2_AdaMaO_SDEOnly_UniformMix_Pruned_Weighted\REMO_new2_AdaMaO_SDEOnly_UniformMix_Pruned_Weighted_WFG3_M15_D30_11.mat (valid, final IGD 2.245109)
[2026-09-14 03:59:01] [skip] D:\REMOandDREMO测试集\15目标\REMO_new2_AdaMaO_SDEOnly_UniformMix_Pruned_Weighted\REMO_new2_AdaMaO_SDEOnly_UniformMix_Pruned_Weighted_WFG3_M15_D30_15.mat (valid, final IGD 2.318710)
[2026-09-14 03:59:01] [skip] D:\REMOandDREMO测试集\15目标\REMO_new2_AdaMaO_SDEOnly_UniformMix_Pruned_Weighted\REMO_new2_AdaMaO_SDEOnly_UniformMix_Pruned_Weighted_WFG3_M15_D30_19.mat (valid, final IGD 2.388157)
[2026-09-14 03:59:01] [skip] D:\REMOandDREMO测试集\15目标\REMO_new2_AdaMaO_SDEOnly_UniformMix_Pruned_Weighted\REMO_new2_AdaMaO_SDEOnly_UniformMix_Pruned_Weighted_WFG3_M15_D30_23.mat (valid, final IGD 2.149822)
[2026-09-14 03:59:01] [skip] D:\REMOandDREMO测试集\15目标\REMO_new2_AdaMaO_SDEOnly_UniformMix_Pruned_Weighted\REMO_new2_AdaMaO_SDEOnly_UniformMix_Pruned_Weighted_WFG3_M15_D30_27.mat (valid, final IGD 2.454712)
[2026-09-14 03:59:01] [skip] D:\REMOandDREMO测试集\15目标\REMO_new2_AdaMaO_SDEOnly_UniformMix_Pruned_Weighted\REMO_new2_AdaMaO_SDEOnly_UniformMix_Pruned_Weighted_WFG4_M15_D30_1.mat (valid, final IGD 13.668977)
[2026-09-14 03:59:01] [skip] D:\REMOandDREMO测试集\15目标\REMO_new2_AdaMaO_SDEOnly_UniformMix_Pruned_Weighted\REMO_new2_AdaMaO_SDEOnly_UniformMix_Pruned_Weighted_WFG4_M15_D30_5.mat (valid, final IGD 13.548617)
[2026-09-14 03:59:01] [skip] D:\REMOandDREMO测试集\15目标\REMO_new2_AdaMaO_SDEOnly_UniformMix_Pruned_Weighted\REMO_new2_AdaMaO_SDEOnly_UniformMix_Pruned_Weighted_WFG4_M15_D30_9.mat (valid, final IGD 14.096055)
[2026-09-14 03:59:01] [skip] D:\REMOandDREMO测试集\15目标\REMO_new2_AdaMaO_SDEOnly_UniformMix_Pruned_Weighted\REMO_new2_AdaMaO_SDEOnly_UniformMix_Pruned_Weighted_WFG4_M15_D30_13.mat (valid, final IGD 16.555115)
[2026-09-14 03:59:01] [skip] D:\REMOandDREMO测试集\15目标\REMO_new2_AdaMaO_SDEOnly_UniformMix_Pruned_Weighted\REMO_new2_AdaMaO_SDEOnly_UniformMix_Pruned_Weighted_WFG4_M15_D30_17.mat (valid, final IGD 13.372101)
[2026-09-14 03:59:01] [skip] D:\REMOandDREMO测试集\15目标\REMO_new2_AdaMaO_SDEOnly_UniformMix_Pruned_Weighted\REMO_new2_AdaMaO_SDEOnly_UniformMix_Pruned_Weighted_WFG4_M15_D30_21.mat (valid, final IGD 14.561149)
[2026-09-14 03:59:01] [skip] D:\REMOandDREMO测试集\15目标\REMO_new2_AdaMaO_SDEOnly_UniformMix_Pruned_Weighted\REMO_new2_AdaMaO_SDEOnly_UniformMix_Pruned_Weighted_WFG4_M15_D30_25.mat (valid, final IGD 14.031017)
[2026-09-14 03:59:01] [skip] D:\REMOandDREMO测试集\15目标\REMO_new2_AdaMaO_SDEOnly_UniformMix_Pruned_Weighted\REMO_new2_AdaMaO_SDEOnly_UniformMix_Pruned_Weighted_WFG4_M15_D30_29.mat (valid, final IGD 13.618911)
[2026-09-14 03:59:01] [skip] D:\REMOandDREMO测试集\15目标\REMO_new2_AdaMaO_SDEOnly_UniformMix_Pruned_Weighted\REMO_new2_AdaMaO_SDEOnly_UniformMix_Pruned_Weighted_WFG5_M15_D30_3.mat (valid, final IGD 14.421464)
[2026-09-14 03:59:02] [skip] D:\REMOandDREMO测试集\15目标\REMO_new2_AdaMaO_SDEOnly_UniformMix_Pruned_Weighted\REMO_new2_AdaMaO_SDEOnly_UniformMix_Pruned_Weighted_WFG5_M15_D30_7.mat (valid, final IGD 12.649632)
[2026-09-14 03:59:02] [skip] D:\REMOandDREMO测试集\15目标\REMO_new2_AdaMaO_SDEOnly_UniformMix_Pruned_Weighted\REMO_new2_AdaMaO_SDEOnly_UniformMix_Pruned_Weighted_WFG5_M15_D30_11.mat (valid, final IGD 13.115423)
[2026-09-14 03:59:02] [skip] D:\REMOandDREMO测试集\15目标\REMO_new2_AdaMaO_SDEOnly_UniformMix_Pruned_Weighted\REMO_new2_AdaMaO_SDEOnly_UniformMix_Pruned_Weighted_WFG5_M15_D30_15.mat (valid, final IGD 13.489798)
[2026-09-14 03:59:02] [skip] D:\REMOandDREMO测试集\15目标\REMO_new2_AdaMaO_SDEOnly_UniformMix_Pruned_Weighted\REMO_new2_AdaMaO_SDEOnly_UniformMix_Pruned_Weighted_WFG5_M15_D30_19.mat (valid, final IGD 14.768842)
[2026-09-14 03:59:02] [skip] D:\REMOandDREMO测试集\15目标\REMO_new2_AdaMaO_SDEOnly_UniformMix_Pruned_Weighted\REMO_new2_AdaMaO_SDEOnly_UniformMix_Pruned_Weighted_WFG5_M15_D30_23.mat (valid, final IGD 13.609556)
[2026-09-14 03:59:02] [skip] D:\REMOandDREMO测试集\15目标\REMO_new2_AdaMaO_SDEOnly_UniformMix_Pruned_Weighted\REMO_new2_AdaMaO_SDEOnly_UniformMix_Pruned_Weighted_WFG5_M15_D30_27.mat (valid, final IGD 12.488806)
[2026-09-14 03:59:02] [skip] D:\REMOandDREMO测试集\15目标\REMO_new2_AdaMaO_SDEOnly_UniformMix_Pruned_Weighted\REMO_new2_AdaMaO_SDEOnly_UniformMix_Pruned_Weighted_WFG6_M15_D30_1.mat (valid, final IGD 9.792932)
[2026-09-14 03:59:02] [skip] D:\REMOandDREMO测试集\15目标\REMO_new2_AdaMaO_SDEOnly_UniformMix_Pruned_Weighted\REMO_new2_AdaMaO_SDEOnly_UniformMix_Pruned_Weighted_WFG6_M15_D30_5.mat (valid, final IGD 10.433613)
[2026-09-14 03:59:02] [skip] D:\REMOandDREMO测试集\15目标\REMO_new2_AdaMaO_SDEOnly_UniformMix_Pruned_Weighted\REMO_new2_AdaMaO_SDEOnly_UniformMix_Pruned_Weighted_WFG6_M15_D30_9.mat (valid, final IGD 11.364292)
[2026-09-14 03:59:02] [skip] D:\REMOandDREMO测试集\15目标\REMO_new2_AdaMaO_SDEOnly_UniformMix_Pruned_Weighted\REMO_new2_AdaMaO_SDEOnly_UniformMix_Pruned_Weighted_WFG6_M15_D30_13.mat (valid, final IGD 9.946373)
[2026-09-14 03:59:02] [skip] D:\REMOandDREMO测试集\15目标\REMO_new2_AdaMaO_SDEOnly_UniformMix_Pruned_Weighted\REMO_new2_AdaMaO_SDEOnly_UniformMix_Pruned_Weighted_WFG6_M15_D30_17.mat (valid, final IGD 10.216005)
[2026-09-14 03:59:02] [skip] D:\REMOandDREMO测试集\15目标\REMO_new2_AdaMaO_SDEOnly_UniformMix_Pruned_Weighted\REMO_new2_AdaMaO_SDEOnly_UniformMix_Pruned_Weighted_WFG6_M15_D30_21.mat (valid, final IGD 11.003893)
[2026-09-14 03:59:02] [skip] D:\REMOandDREMO测试集\15目标\REMO_new2_AdaMaO_SDEOnly_UniformMix_Pruned_Weighted\REMO_new2_AdaMaO_SDEOnly_UniformMix_Pruned_Weighted_WFG6_M15_D30_25.mat (valid, final IGD 10.238629)
[2026-09-14 03:59:02] [skip] D:\REMOandDREMO测试集\15目标\REMO_new2_AdaMaO_SDEOnly_UniformMix_Pruned_Weighted\REMO_new2_AdaMaO_SDEOnly_UniformMix_Pruned_Weighted_WFG6_M15_D30_29.mat (valid, final IGD 10.561725)
[2026-09-14 03:59:02] [skip] D:\REMOandDREMO测试集\15目标\REMO_new2_AdaMaO_SDEOnly_UniformMix_Pruned_Weighted\REMO_new2_AdaMaO_SDEOnly_UniformMix_Pruned_Weighted_WFG7_M15_D30_3.mat (valid, final IGD 11.950375)
[2026-09-14 03:59:02] [skip] D:\REMOandDREMO测试集\15目标\REMO_new2_AdaMaO_SDEOnly_UniformMix_Pruned_Weighted\REMO_new2_AdaMaO_SDEOnly_UniformMix_Pruned_Weighted_WFG7_M15_D30_7.mat (valid, final IGD 11.210988)
[2026-09-14 03:59:02] [skip] D:\REMOandDREMO测试集\15目标\REMO_new2_AdaMaO_SDEOnly_UniformMix_Pruned_Weighted\REMO_new2_AdaMaO_SDEOnly_UniformMix_Pruned_Weighted_WFG7_M15_D30_11.mat (valid, final IGD 11.505072)
[2026-09-14 03:59:02] [skip] D:\REMOandDREMO测试集\15目标\REMO_new2_AdaMaO_SDEOnly_UniformMix_Pruned_Weighted\REMO_new2_AdaMaO_SDEOnly_UniformMix_Pruned_Weighted_WFG7_M15_D30_15.mat (valid, final IGD 11.362583)
[2026-09-14 03:59:02] [skip] D:\REMOandDREMO测试集\15目标\REMO_new2_AdaMaO_SDEOnly_UniformMix_Pruned_Weighted\REMO_new2_AdaMaO_SDEOnly_UniformMix_Pruned_Weighted_WFG7_M15_D30_19.mat (valid, final IGD 11.067878)
[2026-09-14 03:59:02] [skip] D:\REMOandDREMO测试集\15目标\REMO_new2_AdaMaO_SDEOnly_UniformMix_Pruned_Weighted\REMO_new2_AdaMaO_SDEOnly_UniformMix_Pruned_Weighted_WFG7_M15_D30_23.mat (valid, final IGD 11.000474)
[2026-09-14 03:59:02] [skip] D:\REMOandDREMO测试集\15目标\REMO_new2_AdaMaO_SDEOnly_UniformMix_Pruned_Weighted\REMO_new2_AdaMaO_SDEOnly_UniformMix_Pruned_Weighted_WFG7_M15_D30_27.mat (valid, final IGD 12.033696)
[2026-09-14 03:59:02] [skip] D:\REMOandDREMO测试集\15目标\REMO_new2_AdaMaO_SDEOnly_UniformMix_Pruned_Weighted\REMO_new2_AdaMaO_SDEOnly_UniformMix_Pruned_Weighted_WFG8_M15_D30_1.mat (valid, final IGD 11.805595)
[2026-09-14 03:59:02] [skip] D:\REMOandDREMO测试集\15目标\REMO_new2_AdaMaO_SDEOnly_UniformMix_Pruned_Weighted\REMO_new2_AdaMaO_SDEOnly_UniformMix_Pruned_Weighted_WFG8_M15_D30_5.mat (valid, final IGD 11.738800)
[2026-09-14 03:59:02] [skip] D:\REMOandDREMO测试集\15目标\REMO_new2_AdaMaO_SDEOnly_UniformMix_Pruned_Weighted\REMO_new2_AdaMaO_SDEOnly_UniformMix_Pruned_Weighted_WFG8_M15_D30_9.mat (valid, final IGD 11.628707)
[2026-09-14 03:59:02] [skip] D:\REMOandDREMO测试集\15目标\REMO_new2_AdaMaO_SDEOnly_UniformMix_Pruned_Weighted\REMO_new2_AdaMaO_SDEOnly_UniformMix_Pruned_Weighted_WFG8_M15_D30_13.mat (valid, final IGD 11.322746)
[2026-09-14 03:59:02] [skip] D:\REMOandDREMO测试集\15目标\REMO_new2_AdaMaO_SDEOnly_UniformMix_Pruned_Weighted\REMO_new2_AdaMaO_SDEOnly_UniformMix_Pruned_Weighted_WFG8_M15_D30_17.mat (valid, final IGD 12.377146)
[2026-09-14 03:59:02] [skip] D:\REMOandDREMO测试集\15目标\REMO_new2_AdaMaO_SDEOnly_UniformMix_Pruned_Weighted\REMO_new2_AdaMaO_SDEOnly_UniformMix_Pruned_Weighted_WFG8_M15_D30_21.mat (valid, final IGD 11.939977)
[2026-09-14 03:59:02] [skip] D:\REMOandDREMO测试集\15目标\REMO_new2_AdaMaO_SDEOnly_UniformMix_Pruned_Weighted\REMO_new2_AdaMaO_SDEOnly_UniformMix_Pruned_Weighted_WFG8_M15_D30_25.mat (valid, final IGD 12.265287)
[2026-09-14 03:59:02] [skip] D:\REMOandDREMO测试集\15目标\REMO_new2_AdaMaO_SDEOnly_UniformMix_Pruned_Weighted\REMO_new2_AdaMaO_SDEOnly_UniformMix_Pruned_Weighted_WFG8_M15_D30_29.mat (valid, final IGD 13.238079)
[2026-09-14 03:59:02] [skip] D:\REMOandDREMO测试集\15目标\REMO_new2_AdaMaO_SDEOnly_UniformMix_Pruned_Weighted\REMO_new2_AdaMaO_SDEOnly_UniformMix_Pruned_Weighted_WFG9_M15_D30_3.mat (valid, final IGD 14.053334)
[2026-09-14 03:59:02] [skip] D:\REMOandDREMO测试集\15目标\REMO_new2_AdaMaO_SDEOnly_UniformMix_Pruned_Weighted\REMO_new2_AdaMaO_SDEOnly_UniformMix_Pruned_Weighted_WFG9_M15_D30_7.mat (valid, final IGD 13.589802)
[2026-09-14 03:59:02] [skip] D:\REMOandDREMO测试集\15目标\REMO_new2_AdaMaO_SDEOnly_UniformMix_Pruned_Weighted\REMO_new2_AdaMaO_SDEOnly_UniformMix_Pruned_Weighted_WFG9_M15_D30_11.mat (valid, final IGD 12.899328)
[2026-09-14 03:59:02] [skip] D:\REMOandDREMO测试集\15目标\REMO_new2_AdaMaO_SDEOnly_UniformMix_Pruned_Weighted\REMO_new2_AdaMaO_SDEOnly_UniformMix_Pruned_Weighted_WFG9_M15_D30_15.mat (valid, final IGD 14.607404)
[2026-09-14 03:59:02] [skip] D:\REMOandDREMO测试集\15目标\REMO_new2_AdaMaO_SDEOnly_UniformMix_Pruned_Weighted\REMO_new2_AdaMaO_SDEOnly_UniformMix_Pruned_Weighted_WFG9_M15_D30_19.mat (valid, final IGD 13.288686)
[2026-09-14 03:59:02] [skip] D:\REMOandDREMO测试集\15目标\REMO_new2_AdaMaO_SDEOnly_UniformMix_Pruned_Weighted\REMO_new2_AdaMaO_SDEOnly_UniformMix_Pruned_Weighted_WFG9_M15_D30_23.mat (valid, final IGD 12.871322)
[2026-09-14 03:59:02] [skip] D:\REMOandDREMO测试集\15目标\REMO_new2_AdaMaO_SDEOnly_UniformMix_Pruned_Weighted\REMO_new2_AdaMaO_SDEOnly_UniformMix_Pruned_Weighted_WFG9_M15_D30_27.mat (valid, final IGD 13.186487)
[2026-09-14 03:59:02] ==== part 3/4 done: 67 runs (67 skipped) in 29.6 s (0.0 h) ====
[2026-09-14 03:59:02] Summary CSV: D:\REMOandDREMO测试集\15目标\REMO_new2_AdaMaO_SDEOnly_UniformMix_Pruned_Weighted\_runlog_part3of4.csv

ans = 

  包含以下字段的 1x67 struct 数组:

    Problem
    Run
    File
    Status
    IGD
    Runtime
    FE
    D
    Seed
    Seconds

[2026-09-14 03:59:05] part 3 attempt 1 exited rc=0
[2026-09-14 03:59:05] part 3 COMPLETE after 1 attempt(s)
[2026-09-14 03:59:07] part 3 attempt 1 launching MATLAB (alg=REMO_new2_AdaMaO_SDEOnly_UniformMix_Pruned_Weighted params=3000,0.50,0.25,0.70,6 func=run_WeightedWFG_M8D10)
[2026-09-14 03:59:14] PlatEMO root: D:\PlatEMO-master\PlatEMO-master\PlatEMO
[2026-09-14 03:59:20] WFG1: M=8 D=10 maxFE=300 (canonical index 8)
[2026-09-14 03:59:23] WFG2: M=8 D=11 maxFE=300 (canonical index 9)
[2026-09-14 03:59:23] WFG3: M=8 D=11 maxFE=300 (canonical index 10)
[2026-09-14 03:59:23] WFG4: M=8 D=10 maxFE=300 (canonical index 11)
[2026-09-14 03:59:23] WFG5: M=8 D=10 maxFE=300 (canonical index 12)
[2026-09-14 03:59:23] WFG6: M=8 D=10 maxFE=300 (canonical index 13)
[2026-09-14 03:59:23] WFG7: M=8 D=10 maxFE=300 (canonical index 14)
[2026-09-14 03:59:23] WFG8: M=8 D=10 maxFE=300 (canonical index 15)
[2026-09-14 03:59:23] WFG9: M=8 D=10 maxFE=300 (canonical index 16)
[2026-09-14 03:59:23] Algorithm REMO_new2_AdaMaO_SDEOnly_UniformMix_Pruned_Weighted | parameters [3000            0.5           0.25            0.7              6]
[2026-09-14 03:59:23] SaveCount 30 | Runs 30 | M 8 | requested D 10 | N 100 | maxFE 300 | modeRunId 1 | seedBase 20260912
[2026-09-14 03:59:23] Slice 3/4 -> 67 of 270 jobs
[2026-09-14 04:01:09] [done] WFG1 run 3 seed 21068915 | IGD first 3.21221 -> final 2.80955 | runtime 103.4s | wall 104.0s | ok
[2026-09-14 04:02:48] [done] WFG1 run 7 seed 21068919 | IGD first 3.22737 -> final 2.74777 | runtime 97.8s | wall 98.1s | ok
[2026-09-14 05:05:49] part 3 attempt 1 launching MATLAB (alg=REMO_new2_AdaMaO_SDEOnly_UniformMix_Pruned_Weighted params=3000,0.50,0.25,0.70,6 func=run_WeightedWFG_M15)
[2026-09-14 05:05:56] PlatEMO root: D:\PlatEMO-master\PlatEMO-master\PlatEMO
[2026-09-14 05:06:02] WFG1: M=15 D=30 maxFE=300 (canonical index 8)
[2026-09-14 05:06:05] WFG2: M=15 D=30 maxFE=300 (canonical index 9)
[2026-09-14 05:06:05] WFG3: M=15 D=30 maxFE=300 (canonical index 10)
[2026-09-14 05:06:05] WFG4: M=15 D=30 maxFE=300 (canonical index 11)
[2026-09-14 05:06:05] WFG5: M=15 D=30 maxFE=300 (canonical index 12)
[2026-09-14 05:06:05] WFG6: M=15 D=30 maxFE=300 (canonical index 13)
[2026-09-14 05:06:05] WFG7: M=15 D=30 maxFE=300 (canonical index 14)
[2026-09-14 05:06:05] WFG8: M=15 D=30 maxFE=300 (canonical index 15)
[2026-09-14 05:06:05] WFG9: M=15 D=30 maxFE=300 (canonical index 16)
[2026-09-14 05:06:05] Algorithm REMO_new2_AdaMaO_SDEOnly_UniformMix_Pruned_Weighted | parameters [3000            0.5           0.25            0.7              6]
[2026-09-14 05:06:05] SaveCount 30 | Runs 30 | M 15 | requested D 30 | N 100 | maxFE 300 | modeRunId 1 | seedBase 20260912
[2026-09-14 05:06:05] Slice 3/4 -> 67 of 270 jobs
[2026-09-14 05:06:07] [skip] D:\REMOandDREMO测试集\15目标\REMO_new2_AdaMaO_SDEOnly_UniformMix_Pruned_Weighted\REMO_new2_AdaMaO_SDEOnly_UniformMix_Pruned_Weighted_WFG1_M15_D30_3.mat (valid, final IGD 4.071330)
[2026-09-14 05:06:08] [skip] D:\REMOandDREMO测试集\15目标\REMO_new2_AdaMaO_SDEOnly_UniformMix_Pruned_Weighted\REMO_new2_AdaMaO_SDEOnly_UniformMix_Pruned_Weighted_WFG1_M15_D30_7.mat (valid, final IGD 4.153945)
[2026-09-14 05:06:10] [skip] D:\REMOandDREMO测试集\15目标\REMO_new2_AdaMaO_SDEOnly_UniformMix_Pruned_Weighted\REMO_new2_AdaMaO_SDEOnly_UniformMix_Pruned_Weighted_WFG1_M15_D30_11.mat (valid, final IGD 4.153391)
[2026-09-14 05:06:12] [skip] D:\REMOandDREMO测试集\15目标\REMO_new2_AdaMaO_SDEOnly_UniformMix_Pruned_Weighted\REMO_new2_AdaMaO_SDEOnly_UniformMix_Pruned_Weighted_WFG1_M15_D30_15.mat (valid, final IGD 4.011336)
[2026-09-14 05:06:14] [skip] D:\REMOandDREMO测试集\15目标\REMO_new2_AdaMaO_SDEOnly_UniformMix_Pruned_Weighted\REMO_new2_AdaMaO_SDEOnly_UniformMix_Pruned_Weighted_WFG1_M15_D30_19.mat (valid, final IGD 4.148077)
[2026-09-14 05:06:15] [skip] D:\REMOandDREMO测试集\15目标\REMO_new2_AdaMaO_SDEOnly_UniformMix_Pruned_Weighted\REMO_new2_AdaMaO_SDEOnly_UniformMix_Pruned_Weighted_WFG1_M15_D30_23.mat (valid, final IGD 4.117607)
[2026-09-14 05:06:17] [skip] D:\REMOandDREMO测试集\15目标\REMO_new2_AdaMaO_SDEOnly_UniformMix_Pruned_Weighted\REMO_new2_AdaMaO_SDEOnly_UniformMix_Pruned_Weighted_WFG1_M15_D30_27.mat (valid, final IGD 4.202467)
[2026-09-14 05:06:19] [skip] D:\REMOandDREMO测试集\15目标\REMO_new2_AdaMaO_SDEOnly_UniformMix_Pruned_Weighted\REMO_new2_AdaMaO_SDEOnly_UniformMix_Pruned_Weighted_WFG2_M15_D30_1.mat (valid, final IGD 6.144081)
[2026-09-14 05:06:21] [skip] D:\REMOandDREMO测试集\15目标\REMO_new2_AdaMaO_SDEOnly_UniformMix_Pruned_Weighted\REMO_new2_AdaMaO_SDEOnly_UniformMix_Pruned_Weighted_WFG2_M15_D30_5.mat (valid, final IGD 2.924710)
[2026-09-14 05:06:23] [skip] D:\REMOandDREMO测试集\15目标\REMO_new2_AdaMaO_SDEOnly_UniformMix_Pruned_Weighted\REMO_new2_AdaMaO_SDEOnly_UniformMix_Pruned_Weighted_WFG2_M15_D30_9.mat (valid, final IGD 2.849367)
[2026-09-14 05:06:25] [skip] D:\REMOandDREMO测试集\15目标\REMO_new2_AdaMaO_SDEOnly_UniformMix_Pruned_Weighted\REMO_new2_AdaMaO_SDEOnly_UniformMix_Pruned_Weighted_WFG2_M15_D30_13.mat (valid, final IGD 3.294327)
[2026-09-14 05:06:27] [skip] D:\REMOandDREMO测试集\15目标\REMO_new2_AdaMaO_SDEOnly_UniformMix_Pruned_Weighted\REMO_new2_AdaMaO_SDEOnly_UniformMix_Pruned_Weighted_WFG2_M15_D30_17.mat (valid, final IGD 3.079262)
[2026-09-14 05:06:29] [skip] D:\REMOandDREMO测试集\15目标\REMO_new2_AdaMaO_SDEOnly_UniformMix_Pruned_Weighted\REMO_new2_AdaMaO_SDEOnly_UniformMix_Pruned_Weighted_WFG2_M15_D30_21.mat (valid, final IGD 2.940882)
[2026-09-14 05:06:32] [skip] D:\REMOandDREMO测试集\15目标\REMO_new2_AdaMaO_SDEOnly_UniformMix_Pruned_Weighted\REMO_new2_AdaMaO_SDEOnly_UniformMix_Pruned_Weighted_WFG2_M15_D30_25.mat (valid, final IGD 3.217892)
[2026-09-14 05:06:34] [skip] D:\REMOandDREMO测试集\15目标\REMO_new2_AdaMaO_SDEOnly_UniformMix_Pruned_Weighted\REMO_new2_AdaMaO_SDEOnly_UniformMix_Pruned_Weighted_WFG2_M15_D30_29.mat (valid, final IGD 2.693281)
[2026-09-14 05:06:34] [skip] D:\REMOandDREMO测试集\15目标\REMO_new2_AdaMaO_SDEOnly_UniformMix_Pruned_Weighted\REMO_new2_AdaMaO_SDEOnly_UniformMix_Pruned_Weighted_WFG3_M15_D30_3.mat (valid, final IGD 2.355801)
[2026-09-14 05:06:34] [skip] D:\REMOandDREMO测试集\15目标\REMO_new2_AdaMaO_SDEOnly_UniformMix_Pruned_Weighted\REMO_new2_AdaMaO_SDEOnly_UniformMix_Pruned_Weighted_WFG3_M15_D30_7.mat (valid, final IGD 2.444301)
[2026-09-14 05:06:34] [skip] D:\REMOandDREMO测试集\15目标\REMO_new2_AdaMaO_SDEOnly_UniformMix_Pruned_Weighted\REMO_new2_AdaMaO_SDEOnly_UniformMix_Pruned_Weighted_WFG3_M15_D30_11.mat (valid, final IGD 2.245109)
[2026-09-14 05:06:34] [skip] D:\REMOandDREMO测试集\15目标\REMO_new2_AdaMaO_SDEOnly_UniformMix_Pruned_Weighted\REMO_new2_AdaMaO_SDEOnly_UniformMix_Pruned_Weighted_WFG3_M15_D30_15.mat (valid, final IGD 2.318710)
[2026-09-14 05:06:34] [skip] D:\REMOandDREMO测试集\15目标\REMO_new2_AdaMaO_SDEOnly_UniformMix_Pruned_Weighted\REMO_new2_AdaMaO_SDEOnly_UniformMix_Pruned_Weighted_WFG3_M15_D30_19.mat (valid, final IGD 2.388157)
[2026-09-14 05:06:34] [skip] D:\REMOandDREMO测试集\15目标\REMO_new2_AdaMaO_SDEOnly_UniformMix_Pruned_Weighted\REMO_new2_AdaMaO_SDEOnly_UniformMix_Pruned_Weighted_WFG3_M15_D30_23.mat (valid, final IGD 2.149822)
[2026-09-14 05:06:34] [skip] D:\REMOandDREMO测试集\15目标\REMO_new2_AdaMaO_SDEOnly_UniformMix_Pruned_Weighted\REMO_new2_AdaMaO_SDEOnly_UniformMix_Pruned_Weighted_WFG3_M15_D30_27.mat (valid, final IGD 2.454712)
[2026-09-14 05:06:34] [skip] D:\REMOandDREMO测试集\15目标\REMO_new2_AdaMaO_SDEOnly_UniformMix_Pruned_Weighted\REMO_new2_AdaMaO_SDEOnly_UniformMix_Pruned_Weighted_WFG4_M15_D30_1.mat (valid, final IGD 13.668977)
[2026-09-14 05:06:34] [skip] D:\REMOandDREMO测试集\15目标\REMO_new2_AdaMaO_SDEOnly_UniformMix_Pruned_Weighted\REMO_new2_AdaMaO_SDEOnly_UniformMix_Pruned_Weighted_WFG4_M15_D30_5.mat (valid, final IGD 13.548617)
[2026-09-14 05:06:34] [skip] D:\REMOandDREMO测试集\15目标\REMO_new2_AdaMaO_SDEOnly_UniformMix_Pruned_Weighted\REMO_new2_AdaMaO_SDEOnly_UniformMix_Pruned_Weighted_WFG4_M15_D30_9.mat (valid, final IGD 14.096055)
[2026-09-14 05:06:34] [skip] D:\REMOandDREMO测试集\15目标\REMO_new2_AdaMaO_SDEOnly_UniformMix_Pruned_Weighted\REMO_new2_AdaMaO_SDEOnly_UniformMix_Pruned_Weighted_WFG4_M15_D30_13.mat (valid, final IGD 16.555115)
[2026-09-14 05:06:34] [skip] D:\REMOandDREMO测试集\15目标\REMO_new2_AdaMaO_SDEOnly_UniformMix_Pruned_Weighted\REMO_new2_AdaMaO_SDEOnly_UniformMix_Pruned_Weighted_WFG4_M15_D30_17.mat (valid, final IGD 13.372101)
[2026-09-14 05:06:34] [skip] D:\REMOandDREMO测试集\15目标\REMO_new2_AdaMaO_SDEOnly_UniformMix_Pruned_Weighted\REMO_new2_AdaMaO_SDEOnly_UniformMix_Pruned_Weighted_WFG4_M15_D30_21.mat (valid, final IGD 14.561149)
[2026-09-14 05:06:34] [skip] D:\REMOandDREMO测试集\15目标\REMO_new2_AdaMaO_SDEOnly_UniformMix_Pruned_Weighted\REMO_new2_AdaMaO_SDEOnly_UniformMix_Pruned_Weighted_WFG4_M15_D30_25.mat (valid, final IGD 14.031017)
[2026-09-14 05:06:34] [skip] D:\REMOandDREMO测试集\15目标\REMO_new2_AdaMaO_SDEOnly_UniformMix_Pruned_Weighted\REMO_new2_AdaMaO_SDEOnly_UniformMix_Pruned_Weighted_WFG4_M15_D30_29.mat (valid, final IGD 13.618911)
[2026-09-14 05:06:34] [skip] D:\REMOandDREMO测试集\15目标\REMO_new2_AdaMaO_SDEOnly_UniformMix_Pruned_Weighted\REMO_new2_AdaMaO_SDEOnly_UniformMix_Pruned_Weighted_WFG5_M15_D30_3.mat (valid, final IGD 14.421464)
[2026-09-14 05:06:34] [skip] D:\REMOandDREMO测试集\15目标\REMO_new2_AdaMaO_SDEOnly_UniformMix_Pruned_Weighted\REMO_new2_AdaMaO_SDEOnly_UniformMix_Pruned_Weighted_WFG5_M15_D30_7.mat (valid, final IGD 12.649632)
[2026-09-14 05:06:34] [skip] D:\REMOandDREMO测试集\15目标\REMO_new2_AdaMaO_SDEOnly_UniformMix_Pruned_Weighted\REMO_new2_AdaMaO_SDEOnly_UniformMix_Pruned_Weighted_WFG5_M15_D30_11.mat (valid, final IGD 13.115423)
[2026-09-14 05:06:34] [skip] D:\REMOandDREMO测试集\15目标\REMO_new2_AdaMaO_SDEOnly_UniformMix_Pruned_Weighted\REMO_new2_AdaMaO_SDEOnly_UniformMix_Pruned_Weighted_WFG5_M15_D30_15.mat (valid, final IGD 13.489798)
[2026-09-14 05:06:34] [skip] D:\REMOandDREMO测试集\15目标\REMO_new2_AdaMaO_SDEOnly_UniformMix_Pruned_Weighted\REMO_new2_AdaMaO_SDEOnly_UniformMix_Pruned_Weighted_WFG5_M15_D30_19.mat (valid, final IGD 14.768842)
[2026-09-14 05:06:34] [skip] D:\REMOandDREMO测试集\15目标\REMO_new2_AdaMaO_SDEOnly_UniformMix_Pruned_Weighted\REMO_new2_AdaMaO_SDEOnly_UniformMix_Pruned_Weighted_WFG5_M15_D30_23.mat (valid, final IGD 13.609556)
[2026-09-14 05:06:34] [skip] D:\REMOandDREMO测试集\15目标\REMO_new2_AdaMaO_SDEOnly_UniformMix_Pruned_Weighted\REMO_new2_AdaMaO_SDEOnly_UniformMix_Pruned_Weighted_WFG5_M15_D30_27.mat (valid, final IGD 12.488806)
[2026-09-14 05:06:34] [skip] D:\REMOandDREMO测试集\15目标\REMO_new2_AdaMaO_SDEOnly_UniformMix_Pruned_Weighted\REMO_new2_AdaMaO_SDEOnly_UniformMix_Pruned_Weighted_WFG6_M15_D30_1.mat (valid, final IGD 9.792932)
[2026-09-14 05:06:34] [skip] D:\REMOandDREMO测试集\15目标\REMO_new2_AdaMaO_SDEOnly_UniformMix_Pruned_Weighted\REMO_new2_AdaMaO_SDEOnly_UniformMix_Pruned_Weighted_WFG6_M15_D30_5.mat (valid, final IGD 10.433613)
[2026-09-14 05:06:34] [skip] D:\REMOandDREMO测试集\15目标\REMO_new2_AdaMaO_SDEOnly_UniformMix_Pruned_Weighted\REMO_new2_AdaMaO_SDEOnly_UniformMix_Pruned_Weighted_WFG6_M15_D30_9.mat (valid, final IGD 11.364292)
[2026-09-14 05:06:34] [skip] D:\REMOandDREMO测试集\15目标\REMO_new2_AdaMaO_SDEOnly_UniformMix_Pruned_Weighted\REMO_new2_AdaMaO_SDEOnly_UniformMix_Pruned_Weighted_WFG6_M15_D30_13.mat (valid, final IGD 9.946373)
[2026-09-14 05:06:34] [skip] D:\REMOandDREMO测试集\15目标\REMO_new2_AdaMaO_SDEOnly_UniformMix_Pruned_Weighted\REMO_new2_AdaMaO_SDEOnly_UniformMix_Pruned_Weighted_WFG6_M15_D30_17.mat (valid, final IGD 10.216005)
[2026-09-14 05:06:34] [skip] D:\REMOandDREMO测试集\15目标\REMO_new2_AdaMaO_SDEOnly_UniformMix_Pruned_Weighted\REMO_new2_AdaMaO_SDEOnly_UniformMix_Pruned_Weighted_WFG6_M15_D30_21.mat (valid, final IGD 11.003893)
[2026-09-14 05:06:34] [skip] D:\REMOandDREMO测试集\15目标\REMO_new2_AdaMaO_SDEOnly_UniformMix_Pruned_Weighted\REMO_new2_AdaMaO_SDEOnly_UniformMix_Pruned_Weighted_WFG6_M15_D30_25.mat (valid, final IGD 10.238629)
[2026-09-14 05:06:34] [skip] D:\REMOandDREMO测试集\15目标\REMO_new2_AdaMaO_SDEOnly_UniformMix_Pruned_Weighted\REMO_new2_AdaMaO_SDEOnly_UniformMix_Pruned_Weighted_WFG6_M15_D30_29.mat (valid, final IGD 10.561725)
[2026-09-14 05:06:34] [skip] D:\REMOandDREMO测试集\15目标\REMO_new2_AdaMaO_SDEOnly_UniformMix_Pruned_Weighted\REMO_new2_AdaMaO_SDEOnly_UniformMix_Pruned_Weighted_WFG7_M15_D30_3.mat (valid, final IGD 11.950375)
[2026-09-14 05:06:34] [skip] D:\REMOandDREMO测试集\15目标\REMO_new2_AdaMaO_SDEOnly_UniformMix_Pruned_Weighted\REMO_new2_AdaMaO_SDEOnly_UniformMix_Pruned_Weighted_WFG7_M15_D30_7.mat (valid, final IGD 11.210988)
[2026-09-14 05:06:34] [skip] D:\REMOandDREMO测试集\15目标\REMO_new2_AdaMaO_SDEOnly_UniformMix_Pruned_Weighted\REMO_new2_AdaMaO_SDEOnly_UniformMix_Pruned_Weighted_WFG7_M15_D30_11.mat (valid, final IGD 11.505072)
[2026-09-14 05:06:34] [skip] D:\REMOandDREMO测试集\15目标\REMO_new2_AdaMaO_SDEOnly_UniformMix_Pruned_Weighted\REMO_new2_AdaMaO_SDEOnly_UniformMix_Pruned_Weighted_WFG7_M15_D30_15.mat (valid, final IGD 11.362583)
[2026-09-14 05:06:34] [skip] D:\REMOandDREMO测试集\15目标\REMO_new2_AdaMaO_SDEOnly_UniformMix_Pruned_Weighted\REMO_new2_AdaMaO_SDEOnly_UniformMix_Pruned_Weighted_WFG7_M15_D30_19.mat (valid, final IGD 11.067878)
[2026-09-14 05:06:34] [skip] D:\REMOandDREMO测试集\15目标\REMO_new2_AdaMaO_SDEOnly_UniformMix_Pruned_Weighted\REMO_new2_AdaMaO_SDEOnly_UniformMix_Pruned_Weighted_WFG7_M15_D30_23.mat (valid, final IGD 11.000474)
[2026-09-14 05:06:34] [skip] D:\REMOandDREMO测试集\15目标\REMO_new2_AdaMaO_SDEOnly_UniformMix_Pruned_Weighted\REMO_new2_AdaMaO_SDEOnly_UniformMix_Pruned_Weighted_WFG7_M15_D30_27.mat (valid, final IGD 12.033696)
[2026-09-14 05:06:34] [skip] D:\REMOandDREMO测试集\15目标\REMO_new2_AdaMaO_SDEOnly_UniformMix_Pruned_Weighted\REMO_new2_AdaMaO_SDEOnly_UniformMix_Pruned_Weighted_WFG8_M15_D30_1.mat (valid, final IGD 11.805595)
[2026-09-14 05:06:34] [skip] D:\REMOandDREMO测试集\15目标\REMO_new2_AdaMaO_SDEOnly_UniformMix_Pruned_Weighted\REMO_new2_AdaMaO_SDEOnly_UniformMix_Pruned_Weighted_WFG8_M15_D30_5.mat (valid, final IGD 11.738800)
[2026-09-14 05:06:34] [skip] D:\REMOandDREMO测试集\15目标\REMO_new2_AdaMaO_SDEOnly_UniformMix_Pruned_Weighted\REMO_new2_AdaMaO_SDEOnly_UniformMix_Pruned_Weighted_WFG8_M15_D30_9.mat (valid, final IGD 11.628707)
[2026-09-14 05:06:34] [skip] D:\REMOandDREMO测试集\15目标\REMO_new2_AdaMaO_SDEOnly_UniformMix_Pruned_Weighted\REMO_new2_AdaMaO_SDEOnly_UniformMix_Pruned_Weighted_WFG8_M15_D30_13.mat (valid, final IGD 11.322746)
[2026-09-14 05:06:34] [skip] D:\REMOandDREMO测试集\15目标\REMO_new2_AdaMaO_SDEOnly_UniformMix_Pruned_Weighted\REMO_new2_AdaMaO_SDEOnly_UniformMix_Pruned_Weighted_WFG8_M15_D30_17.mat (valid, final IGD 12.377146)
[2026-09-14 05:06:34] [skip] D:\REMOandDREMO测试集\15目标\REMO_new2_AdaMaO_SDEOnly_UniformMix_Pruned_Weighted\REMO_new2_AdaMaO_SDEOnly_UniformMix_Pruned_Weighted_WFG8_M15_D30_21.mat (valid, final IGD 11.939977)
[2026-09-14 05:06:34] [skip] D:\REMOandDREMO测试集\15目标\REMO_new2_AdaMaO_SDEOnly_UniformMix_Pruned_Weighted\REMO_new2_AdaMaO_SDEOnly_UniformMix_Pruned_Weighted_WFG8_M15_D30_25.mat (valid, final IGD 12.265287)
[2026-09-14 05:06:34] [skip] D:\REMOandDREMO测试集\15目标\REMO_new2_AdaMaO_SDEOnly_UniformMix_Pruned_Weighted\REMO_new2_AdaMaO_SDEOnly_UniformMix_Pruned_Weighted_WFG8_M15_D30_29.mat (valid, final IGD 13.238079)
[2026-09-14 05:06:34] [skip] D:\REMOandDREMO测试集\15目标\REMO_new2_AdaMaO_SDEOnly_UniformMix_Pruned_Weighted\REMO_new2_AdaMaO_SDEOnly_UniformMix_Pruned_Weighted_WFG9_M15_D30_3.mat (valid, final IGD 14.053334)
[2026-09-14 05:06:34] [skip] D:\REMOandDREMO测试集\15目标\REMO_new2_AdaMaO_SDEOnly_UniformMix_Pruned_Weighted\REMO_new2_AdaMaO_SDEOnly_UniformMix_Pruned_Weighted_WFG9_M15_D30_7.mat (valid, final IGD 13.589802)
[2026-09-14 05:06:34] [skip] D:\REMOandDREMO测试集\15目标\REMO_new2_AdaMaO_SDEOnly_UniformMix_Pruned_Weighted\REMO_new2_AdaMaO_SDEOnly_UniformMix_Pruned_Weighted_WFG9_M15_D30_11.mat (valid, final IGD 12.899328)
[2026-09-14 05:06:34] [skip] D:\REMOandDREMO测试集\15目标\REMO_new2_AdaMaO_SDEOnly_UniformMix_Pruned_Weighted\REMO_new2_AdaMaO_SDEOnly_UniformMix_Pruned_Weighted_WFG9_M15_D30_15.mat (valid, final IGD 14.607404)
[2026-09-14 05:06:34] [skip] D:\REMOandDREMO测试集\15目标\REMO_new2_AdaMaO_SDEOnly_UniformMix_Pruned_Weighted\REMO_new2_AdaMaO_SDEOnly_UniformMix_Pruned_Weighted_WFG9_M15_D30_19.mat (valid, final IGD 13.288686)
[2026-09-14 05:06:34] [skip] D:\REMOandDREMO测试集\15目标\REMO_new2_AdaMaO_SDEOnly_UniformMix_Pruned_Weighted\REMO_new2_AdaMaO_SDEOnly_UniformMix_Pruned_Weighted_WFG9_M15_D30_23.mat (valid, final IGD 12.871322)
[2026-09-14 05:06:34] [skip] D:\REMOandDREMO测试集\15目标\REMO_new2_AdaMaO_SDEOnly_UniformMix_Pruned_Weighted\REMO_new2_AdaMaO_SDEOnly_UniformMix_Pruned_Weighted_WFG9_M15_D30_27.mat (valid, final IGD 13.186487)
[2026-09-14 05:06:34] ==== part 3/4 done: 67 runs (67 skipped) in 29.6 s (0.0 h) ====
[2026-09-14 05:06:35] Summary CSV: D:\REMOandDREMO测试集\15目标\REMO_new2_AdaMaO_SDEOnly_UniformMix_Pruned_Weighted\_runlog_part3of4.csv

ans = 

  包含以下字段的 1x67 struct 数组:

    Problem
    Run
    File
    Status
    IGD
    Runtime
    FE
    D
    Seed
    Seconds

[2026-09-14 05:06:39] part 3 attempt 1 exited rc=0
[2026-09-14 05:06:39] part 3 COMPLETE after 1 attempt(s)
[2026-09-14 05:06:40] part 3 attempt 1 launching MATLAB (alg=REMO_new2_AdaMaO_SDEOnly_UniformMix_Pruned_Weighted params=3000,0.50,0.25,0.70,6 func=run_WeightedWFG_M8D10)
[2026-09-14 05:06:46] PlatEMO root: D:\PlatEMO-master\PlatEMO-master\PlatEMO
[2026-09-14 05:06:53] WFG1: M=8 D=10 maxFE=300 (canonical index 8)
[2026-09-14 05:06:56] WFG2: M=8 D=11 maxFE=300 (canonical index 9)
[2026-09-14 05:06:56] WFG3: M=8 D=11 maxFE=300 (canonical index 10)
[2026-09-14 05:06:56] WFG4: M=8 D=10 maxFE=300 (canonical index 11)
[2026-09-14 05:06:56] WFG5: M=8 D=10 maxFE=300 (canonical index 12)
[2026-09-14 05:06:56] WFG6: M=8 D=10 maxFE=300 (canonical index 13)
[2026-09-14 05:06:56] WFG7: M=8 D=10 maxFE=300 (canonical index 14)
[2026-09-14 05:06:56] WFG8: M=8 D=10 maxFE=300 (canonical index 15)
[2026-09-14 05:06:56] WFG9: M=8 D=10 maxFE=300 (canonical index 16)
[2026-09-14 05:06:57] Algorithm REMO_new2_AdaMaO_SDEOnly_UniformMix_Pruned_Weighted | parameters [3000            0.5           0.25            0.7              6]
[2026-09-14 05:06:57] SaveCount 30 | Runs 30 | M 8 | requested D 10 | N 100 | maxFE 300 | modeRunId 1 | seedBase 20260912
[2026-09-14 05:06:57] Slice 3/4 -> 67 of 270 jobs
[2026-09-14 05:06:59] [skip] D:\REMOandDREMO测试集\8目标\n10\REMO_new2_AdaMaO_SDEOnly_UniformMix_Pruned_Weighted\REMO_new2_AdaMaO_SDEOnly_UniformMix_Pruned_Weighted_WFG1_M8_D10_3.mat (valid, final IGD 2.809554)
[2026-09-14 05:07:01] [skip] D:\REMOandDREMO测试集\8目标\n10\REMO_new2_AdaMaO_SDEOnly_UniformMix_Pruned_Weighted\REMO_new2_AdaMaO_SDEOnly_UniformMix_Pruned_Weighted_WFG1_M8_D10_7.mat (valid, final IGD 2.747775)
[2026-09-14 05:08:52] [done] WFG1 run 11 seed 21068923 | IGD first 3.24674 -> final 2.41798 | runtime 109.6s | wall 110.2s | ok
[2026-09-14 05:10:31] [done] WFG1 run 15 seed 21068927 | IGD first 3.23709 -> final 2.79394 | runtime 97.8s | wall 98.1s | ok
[2026-09-14 05:12:12] [done] WFG1 run 19 seed 21068931 | IGD first 3.21132 -> final 2.72624 | runtime 100.0s | wall 100.3s | ok
[2026-09-14 05:13:58] [done] WFG1 run 23 seed 21068935 | IGD first 3.13848 -> final 2.82763 | runtime 104.8s | wall 105.2s | ok
[2026-09-14 05:15:43] [done] WFG1 run 27 seed 21068939 | IGD first 3.21413 -> final 2.82409 | runtime 103.4s | wall 103.8s | ok
[2026-09-14 05:15:44] [skip] D:\REMOandDREMO测试集\8目标\n10\REMO_new2_AdaMaO_SDEOnly_UniformMix_Pruned_Weighted\REMO_new2_AdaMaO_SDEOnly_UniformMix_Pruned_Weighted_WFG2_M8_D11_1.mat (valid, final IGD 1.313523)
[2026-09-14 05:17:38] [done] WFG2 run 5 seed 21069917 | IGD first 5.0858 -> final 1.33424 | runtime 112.1s | wall 112.4s | ok
[2026-09-14 05:19:32] [done] WFG2 run 9 seed 21069921 | IGD first 3.72048 -> final 1.37076 | runtime 113.3s | wall 113.6s | ok
[2026-09-14 05:21:31] [done] WFG2 run 13 seed 21069925 | IGD first 4.44087 -> final 1.24284 | runtime 117.1s | wall 117.5s | ok
[2026-09-14 05:23:29] [done] WFG2 run 17 seed 21069929 | IGD first 3.92488 -> final 2.28348 | runtime 116.3s | wall 116.6s | ok
[2026-09-14 05:25:21] [done] WFG2 run 21 seed 21069933 | IGD first 3.57434 -> final 1.10439 | runtime 110.9s | wall 111.2s | ok
[2026-09-14 05:27:18] [done] WFG2 run 25 seed 21069937 | IGD first 3.68412 -> final 1.18124 | runtime 115.3s | wall 115.6s | ok
[2026-09-14 05:29:11] [done] WFG2 run 29 seed 21069941 | IGD first 3.64884 -> final 1.74682 | runtime 112.1s | wall 112.5s | ok
[2026-09-14 05:31:07] [done] WFG3 run 3 seed 21070915 | IGD first 1.17948 -> final 1.08289 | runtime 115.0s | wall 115.4s | ok
[2026-09-14 05:32:57] [done] WFG3 run 7 seed 21070919 | IGD first 1.26468 -> final 1.16276 | runtime 109.6s | wall 110.1s | ok
[2026-09-14 05:34:47] [done] WFG3 run 11 seed 21070923 | IGD first 1.11629 -> final 0.885553 | runtime 109.7s | wall 110.1s | ok
[2026-09-14 05:36:37] [done] WFG3 run 15 seed 21070927 | IGD first 1.15364 -> final 1.02471 | runtime 109.6s | wall 110.0s | ok
[2026-09-14 05:38:24] [done] WFG3 run 19 seed 21070931 | IGD first 1.13052 -> final 0.961789 | runtime 106.3s | wall 106.8s | ok
[2026-09-14 05:40:14] [done] WFG3 run 23 seed 21070935 | IGD first 1.41424 -> final 1.22662 | runtime 110.1s | wall 110.5s | ok
[2026-09-14 05:42:03] [done] WFG3 run 27 seed 21070939 | IGD first 1.34034 -> final 1.25266 | runtime 108.6s | wall 109.0s | ok
[2026-09-14 05:43:44] [done] WFG4 run 1 seed 21071913 | IGD first 7.41558 -> final 3.80509 | runtime 100.0s | wall 100.4s | ok
[2026-09-14 05:45:28] [done] WFG4 run 5 seed 21071917 | IGD first 7.27351 -> final 3.70718 | runtime 104.2s | wall 104.5s | ok
[2026-09-14 05:47:08] [done] WFG4 run 9 seed 21071921 | IGD first 7.30945 -> final 3.69251 | runtime 99.6s | wall 100.0s | ok
[2026-09-14 05:48:46] [done] WFG4 run 13 seed 21071925 | IGD first 6.81255 -> final 4.4212 | runtime 96.8s | wall 97.2s | ok
[2026-09-14 05:50:24] [done] WFG4 run 17 seed 21071929 | IGD first 6.96591 -> final 3.37733 | runtime 98.4s | wall 98.8s | ok
[2026-09-14 05:52:10] [done] WFG4 run 21 seed 21071933 | IGD first 6.63731 -> final 3.38292 | runtime 105.2s | wall 105.6s | ok
[2026-09-14 05:53:55] [done] WFG4 run 25 seed 21071937 | IGD first 7.55299 -> final 4.06162 | runtime 104.5s | wall 104.9s | ok
[2026-09-14 05:55:34] [done] WFG4 run 29 seed 21071941 | IGD first 7.30074 -> final 3.407 | runtime 98.2s | wall 98.6s | ok
[2026-09-14 05:57:13] [done] WFG5 run 3 seed 21072915 | IGD first 5.21771 -> final 3.37935 | runtime 99.5s | wall 99.8s | ok
[2026-09-14 05:58:56] [done] WFG5 run 7 seed 21072919 | IGD first 5.62637 -> final 3.38233 | runtime 102.4s | wall 102.8s | ok
[2026-09-14 06:00:39] [done] WFG5 run 11 seed 21072923 | IGD first 5.54493 -> final 3.44022 | runtime 102.3s | wall 102.7s | ok
[2026-09-14 06:02:24] [done] WFG5 run 15 seed 21072927 | IGD first 5.54874 -> final 3.41302 | runtime 104.3s | wall 104.7s | ok
[2026-09-14 06:04:08] [done] WFG5 run 19 seed 21072931 | IGD first 5.55222 -> final 3.09237 | runtime 103.6s | wall 104.0s | ok
[2026-09-14 06:05:52] [done] WFG5 run 23 seed 21072935 | IGD first 5.50173 -> final 3.165 | runtime 103.7s | wall 104.1s | ok
[2026-09-14 06:07:34] [done] WFG5 run 27 seed 21072939 | IGD first 5.66692 -> final 3.55384 | runtime 101.7s | wall 102.1s | ok
[2026-09-14 06:09:13] [done] WFG6 run 1 seed 21073913 | IGD first 5.68602 -> final 3.48378 | runtime 98.8s | wall 99.2s | ok
[2026-09-14 06:10:53] [done] WFG6 run 5 seed 21073917 | IGD first 5.67362 -> final 3.29769 | runtime 99.1s | wall 99.4s | ok
[2026-09-14 06:12:32] [done] WFG6 run 9 seed 21073921 | IGD first 5.56863 -> final 3.56771 | runtime 99.2s | wall 99.6s | ok
[2026-09-14 06:14:15] [done] WFG6 run 13 seed 21073925 | IGD first 5.66074 -> final 3.55538 | runtime 102.2s | wall 102.6s | ok
[2026-09-14 06:15:53] [done] WFG6 run 17 seed 21073929 | IGD first 6.07225 -> final 3.65677 | runtime 98.1s | wall 98.5s | ok
[2026-09-14 06:17:33] [done] WFG6 run 21 seed 21073933 | IGD first 5.59886 -> final 3.49008 | runtime 99.9s | wall 100.2s | ok
[2026-09-14 06:19:13] [done] WFG6 run 25 seed 21073937 | IGD first 5.85047 -> final 3.82177 | runtime 99.3s | wall 99.7s | ok
[2026-09-14 06:20:54] [done] WFG6 run 29 seed 21073941 | IGD first 5.05638 -> final 3.44946 | runtime 100.8s | wall 101.1s | ok
[2026-09-14 06:22:36] [done] WFG7 run 3 seed 21074915 | IGD first 5.92077 -> final 3.84498 | runtime 101.1s | wall 101.4s | ok
[2026-09-14 06:24:17] [done] WFG7 run 7 seed 21074919 | IGD first 6.48399 -> final 3.55352 | runtime 100.9s | wall 101.2s | ok
[2026-09-14 06:25:58] [done] WFG7 run 11 seed 21074923 | IGD first 6.28745 -> final 3.88665 | runtime 100.4s | wall 100.7s | ok
[2026-09-14 06:27:38] [done] WFG7 run 15 seed 21074927 | IGD first 5.76731 -> final 3.58362 | runtime 99.7s | wall 100.1s | ok
[2026-09-14 06:29:20] [done] WFG7 run 19 seed 21074931 | IGD first 5.97212 -> final 3.64721 | runtime 101.5s | wall 101.8s | ok
[2026-09-14 06:31:01] [done] WFG7 run 23 seed 21074935 | IGD first 6.56178 -> final 3.78036 | runtime 101.1s | wall 101.5s | ok
[2026-09-14 06:32:42] [done] WFG7 run 27 seed 21074939 | IGD first 6.22351 -> final 3.61397 | runtime 100.8s | wall 101.2s | ok
[2026-09-14 07:37:33] part 3 attempt 1 launching MATLAB (alg=REMO_new2_AdaMaO_SDEOnly_UniformMix_Pruned_Weighted params=3000,0.50,0.25,0.70,6 func=run_WeightedWFG_M15)
[2026-09-14 07:37:40] PlatEMO root: D:\PlatEMO-master\PlatEMO-master\PlatEMO
[2026-09-14 07:37:45] WFG1: M=15 D=30 maxFE=300 (canonical index 8)
[2026-09-14 07:37:48] WFG2: M=15 D=30 maxFE=300 (canonical index 9)
[2026-09-14 07:37:48] WFG3: M=15 D=30 maxFE=300 (canonical index 10)
[2026-09-14 07:37:48] WFG4: M=15 D=30 maxFE=300 (canonical index 11)
[2026-09-14 07:37:48] WFG5: M=15 D=30 maxFE=300 (canonical index 12)
[2026-09-14 07:37:48] WFG6: M=15 D=30 maxFE=300 (canonical index 13)
[2026-09-14 07:37:49] WFG7: M=15 D=30 maxFE=300 (canonical index 14)
[2026-09-14 07:37:49] WFG8: M=15 D=30 maxFE=300 (canonical index 15)
[2026-09-14 07:37:49] WFG9: M=15 D=30 maxFE=300 (canonical index 16)
[2026-09-14 07:37:49] Algorithm REMO_new2_AdaMaO_SDEOnly_UniformMix_Pruned_Weighted | parameters [3000            0.5           0.25            0.7              6]
[2026-09-14 07:37:49] SaveCount 30 | Runs 30 | M 15 | requested D 30 | N 100 | maxFE 300 | modeRunId 1 | seedBase 20260912
[2026-09-14 07:37:49] Slice 3/4 -> 67 of 270 jobs
[2026-09-14 07:37:50] [skip] D:\REMOandDREMO测试集\15目标\REMO_new2_AdaMaO_SDEOnly_UniformMix_Pruned_Weighted\REMO_new2_AdaMaO_SDEOnly_UniformMix_Pruned_Weighted_WFG1_M15_D30_3.mat (valid, final IGD 4.071330)
[2026-09-14 07:37:52] [skip] D:\REMOandDREMO测试集\15目标\REMO_new2_AdaMaO_SDEOnly_UniformMix_Pruned_Weighted\REMO_new2_AdaMaO_SDEOnly_UniformMix_Pruned_Weighted_WFG1_M15_D30_7.mat (valid, final IGD 4.153945)
[2026-09-14 07:37:54] [skip] D:\REMOandDREMO测试集\15目标\REMO_new2_AdaMaO_SDEOnly_UniformMix_Pruned_Weighted\REMO_new2_AdaMaO_SDEOnly_UniformMix_Pruned_Weighted_WFG1_M15_D30_11.mat (valid, final IGD 4.153391)
[2026-09-14 07:37:56] [skip] D:\REMOandDREMO测试集\15目标\REMO_new2_AdaMaO_SDEOnly_UniformMix_Pruned_Weighted\REMO_new2_AdaMaO_SDEOnly_UniformMix_Pruned_Weighted_WFG1_M15_D30_15.mat (valid, final IGD 4.011336)
[2026-09-14 07:37:57] [skip] D:\REMOandDREMO测试集\15目标\REMO_new2_AdaMaO_SDEOnly_UniformMix_Pruned_Weighted\REMO_new2_AdaMaO_SDEOnly_UniformMix_Pruned_Weighted_WFG1_M15_D30_19.mat (valid, final IGD 4.148077)
[2026-09-14 07:37:59] [skip] D:\REMOandDREMO测试集\15目标\REMO_new2_AdaMaO_SDEOnly_UniformMix_Pruned_Weighted\REMO_new2_AdaMaO_SDEOnly_UniformMix_Pruned_Weighted_WFG1_M15_D30_23.mat (valid, final IGD 4.117607)
[2026-09-14 07:38:01] [skip] D:\REMOandDREMO测试集\15目标\REMO_new2_AdaMaO_SDEOnly_UniformMix_Pruned_Weighted\REMO_new2_AdaMaO_SDEOnly_UniformMix_Pruned_Weighted_WFG1_M15_D30_27.mat (valid, final IGD 4.202467)
[2026-09-14 07:38:04] [skip] D:\REMOandDREMO测试集\15目标\REMO_new2_AdaMaO_SDEOnly_UniformMix_Pruned_Weighted\REMO_new2_AdaMaO_SDEOnly_UniformMix_Pruned_Weighted_WFG2_M15_D30_1.mat (valid, final IGD 6.144081)
[2026-09-14 07:38:06] [skip] D:\REMOandDREMO测试集\15目标\REMO_new2_AdaMaO_SDEOnly_UniformMix_Pruned_Weighted\REMO_new2_AdaMaO_SDEOnly_UniformMix_Pruned_Weighted_WFG2_M15_D30_5.mat (valid, final IGD 2.924710)
[2026-09-14 07:38:08] [skip] D:\REMOandDREMO测试集\15目标\REMO_new2_AdaMaO_SDEOnly_UniformMix_Pruned_Weighted\REMO_new2_AdaMaO_SDEOnly_UniformMix_Pruned_Weighted_WFG2_M15_D30_9.mat (valid, final IGD 2.849367)
[2026-09-14 07:38:10] [skip] D:\REMOandDREMO测试集\15目标\REMO_new2_AdaMaO_SDEOnly_UniformMix_Pruned_Weighted\REMO_new2_AdaMaO_SDEOnly_UniformMix_Pruned_Weighted_WFG2_M15_D30_13.mat (valid, final IGD 3.294327)
[2026-09-14 07:38:12] [skip] D:\REMOandDREMO测试集\15目标\REMO_new2_AdaMaO_SDEOnly_UniformMix_Pruned_Weighted\REMO_new2_AdaMaO_SDEOnly_UniformMix_Pruned_Weighted_WFG2_M15_D30_17.mat (valid, final IGD 3.079262)
[2026-09-14 07:38:15] [skip] D:\REMOandDREMO测试集\15目标\REMO_new2_AdaMaO_SDEOnly_UniformMix_Pruned_Weighted\REMO_new2_AdaMaO_SDEOnly_UniformMix_Pruned_Weighted_WFG2_M15_D30_21.mat (valid, final IGD 2.940882)
[2026-09-14 07:38:17] [skip] D:\REMOandDREMO测试集\15目标\REMO_new2_AdaMaO_SDEOnly_UniformMix_Pruned_Weighted\REMO_new2_AdaMaO_SDEOnly_UniformMix_Pruned_Weighted_WFG2_M15_D30_25.mat (valid, final IGD 3.217892)
[2026-09-14 07:38:19] [skip] D:\REMOandDREMO测试集\15目标\REMO_new2_AdaMaO_SDEOnly_UniformMix_Pruned_Weighted\REMO_new2_AdaMaO_SDEOnly_UniformMix_Pruned_Weighted_WFG2_M15_D30_29.mat (valid, final IGD 2.693281)
[2026-09-14 07:38:19] [skip] D:\REMOandDREMO测试集\15目标\REMO_new2_AdaMaO_SDEOnly_UniformMix_Pruned_Weighted\REMO_new2_AdaMaO_SDEOnly_UniformMix_Pruned_Weighted_WFG3_M15_D30_3.mat (valid, final IGD 2.355801)
[2026-09-14 07:38:19] [skip] D:\REMOandDREMO测试集\15目标\REMO_new2_AdaMaO_SDEOnly_UniformMix_Pruned_Weighted\REMO_new2_AdaMaO_SDEOnly_UniformMix_Pruned_Weighted_WFG3_M15_D30_7.mat (valid, final IGD 2.444301)
[2026-09-14 07:38:19] [skip] D:\REMOandDREMO测试集\15目标\REMO_new2_AdaMaO_SDEOnly_UniformMix_Pruned_Weighted\REMO_new2_AdaMaO_SDEOnly_UniformMix_Pruned_Weighted_WFG3_M15_D30_11.mat (valid, final IGD 2.245109)
[2026-09-14 07:38:19] [skip] D:\REMOandDREMO测试集\15目标\REMO_new2_AdaMaO_SDEOnly_UniformMix_Pruned_Weighted\REMO_new2_AdaMaO_SDEOnly_UniformMix_Pruned_Weighted_WFG3_M15_D30_15.mat (valid, final IGD 2.318710)
[2026-09-14 07:38:19] [skip] D:\REMOandDREMO测试集\15目标\REMO_new2_AdaMaO_SDEOnly_UniformMix_Pruned_Weighted\REMO_new2_AdaMaO_SDEOnly_UniformMix_Pruned_Weighted_WFG3_M15_D30_19.mat (valid, final IGD 2.388157)
[2026-09-14 07:38:19] [skip] D:\REMOandDREMO测试集\15目标\REMO_new2_AdaMaO_SDEOnly_UniformMix_Pruned_Weighted\REMO_new2_AdaMaO_SDEOnly_UniformMix_Pruned_Weighted_WFG3_M15_D30_23.mat (valid, final IGD 2.149822)
[2026-09-14 07:38:19] [skip] D:\REMOandDREMO测试集\15目标\REMO_new2_AdaMaO_SDEOnly_UniformMix_Pruned_Weighted\REMO_new2_AdaMaO_SDEOnly_UniformMix_Pruned_Weighted_WFG3_M15_D30_27.mat (valid, final IGD 2.454712)
[2026-09-14 07:38:19] [skip] D:\REMOandDREMO测试集\15目标\REMO_new2_AdaMaO_SDEOnly_UniformMix_Pruned_Weighted\REMO_new2_AdaMaO_SDEOnly_UniformMix_Pruned_Weighted_WFG4_M15_D30_1.mat (valid, final IGD 13.668977)
[2026-09-14 07:38:19] [skip] D:\REMOandDREMO测试集\15目标\REMO_new2_AdaMaO_SDEOnly_UniformMix_Pruned_Weighted\REMO_new2_AdaMaO_SDEOnly_UniformMix_Pruned_Weighted_WFG4_M15_D30_5.mat (valid, final IGD 13.548617)
[2026-09-14 07:38:19] [skip] D:\REMOandDREMO测试集\15目标\REMO_new2_AdaMaO_SDEOnly_UniformMix_Pruned_Weighted\REMO_new2_AdaMaO_SDEOnly_UniformMix_Pruned_Weighted_WFG4_M15_D30_9.mat (valid, final IGD 14.096055)
[2026-09-14 07:38:19] [skip] D:\REMOandDREMO测试集\15目标\REMO_new2_AdaMaO_SDEOnly_UniformMix_Pruned_Weighted\REMO_new2_AdaMaO_SDEOnly_UniformMix_Pruned_Weighted_WFG4_M15_D30_13.mat (valid, final IGD 16.555115)
[2026-09-14 07:38:19] [skip] D:\REMOandDREMO测试集\15目标\REMO_new2_AdaMaO_SDEOnly_UniformMix_Pruned_Weighted\REMO_new2_AdaMaO_SDEOnly_UniformMix_Pruned_Weighted_WFG4_M15_D30_17.mat (valid, final IGD 13.372101)
[2026-09-14 07:38:19] [skip] D:\REMOandDREMO测试集\15目标\REMO_new2_AdaMaO_SDEOnly_UniformMix_Pruned_Weighted\REMO_new2_AdaMaO_SDEOnly_UniformMix_Pruned_Weighted_WFG4_M15_D30_21.mat (valid, final IGD 14.561149)
[2026-09-14 07:38:19] [skip] D:\REMOandDREMO测试集\15目标\REMO_new2_AdaMaO_SDEOnly_UniformMix_Pruned_Weighted\REMO_new2_AdaMaO_SDEOnly_UniformMix_Pruned_Weighted_WFG4_M15_D30_25.mat (valid, final IGD 14.031017)
[2026-09-14 07:38:19] [skip] D:\REMOandDREMO测试集\15目标\REMO_new2_AdaMaO_SDEOnly_UniformMix_Pruned_Weighted\REMO_new2_AdaMaO_SDEOnly_UniformMix_Pruned_Weighted_WFG4_M15_D30_29.mat (valid, final IGD 13.618911)
[2026-09-14 07:38:19] [skip] D:\REMOandDREMO测试集\15目标\REMO_new2_AdaMaO_SDEOnly_UniformMix_Pruned_Weighted\REMO_new2_AdaMaO_SDEOnly_UniformMix_Pruned_Weighted_WFG5_M15_D30_3.mat (valid, final IGD 14.421464)
[2026-09-14 07:38:19] [skip] D:\REMOandDREMO测试集\15目标\REMO_new2_AdaMaO_SDEOnly_UniformMix_Pruned_Weighted\REMO_new2_AdaMaO_SDEOnly_UniformMix_Pruned_Weighted_WFG5_M15_D30_7.mat (valid, final IGD 12.649632)
[2026-09-14 07:38:19] [skip] D:\REMOandDREMO测试集\15目标\REMO_new2_AdaMaO_SDEOnly_UniformMix_Pruned_Weighted\REMO_new2_AdaMaO_SDEOnly_UniformMix_Pruned_Weighted_WFG5_M15_D30_11.mat (valid, final IGD 13.115423)
[2026-09-14 07:38:19] [skip] D:\REMOandDREMO测试集\15目标\REMO_new2_AdaMaO_SDEOnly_UniformMix_Pruned_Weighted\REMO_new2_AdaMaO_SDEOnly_UniformMix_Pruned_Weighted_WFG5_M15_D30_15.mat (valid, final IGD 13.489798)
[2026-09-14 07:38:19] [skip] D:\REMOandDREMO测试集\15目标\REMO_new2_AdaMaO_SDEOnly_UniformMix_Pruned_Weighted\REMO_new2_AdaMaO_SDEOnly_UniformMix_Pruned_Weighted_WFG5_M15_D30_19.mat (valid, final IGD 14.768842)
[2026-09-14 07:38:19] [skip] D:\REMOandDREMO测试集\15目标\REMO_new2_AdaMaO_SDEOnly_UniformMix_Pruned_Weighted\REMO_new2_AdaMaO_SDEOnly_UniformMix_Pruned_Weighted_WFG5_M15_D30_23.mat (valid, final IGD 13.609556)
[2026-09-14 07:38:19] [skip] D:\REMOandDREMO测试集\15目标\REMO_new2_AdaMaO_SDEOnly_UniformMix_Pruned_Weighted\REMO_new2_AdaMaO_SDEOnly_UniformMix_Pruned_Weighted_WFG5_M15_D30_27.mat (valid, final IGD 12.488806)
[2026-09-14 07:38:19] [skip] D:\REMOandDREMO测试集\15目标\REMO_new2_AdaMaO_SDEOnly_UniformMix_Pruned_Weighted\REMO_new2_AdaMaO_SDEOnly_UniformMix_Pruned_Weighted_WFG6_M15_D30_1.mat (valid, final IGD 9.792932)
[2026-09-14 07:38:19] [skip] D:\REMOandDREMO测试集\15目标\REMO_new2_AdaMaO_SDEOnly_UniformMix_Pruned_Weighted\REMO_new2_AdaMaO_SDEOnly_UniformMix_Pruned_Weighted_WFG6_M15_D30_5.mat (valid, final IGD 10.433613)
[2026-09-14 07:38:19] [skip] D:\REMOandDREMO测试集\15目标\REMO_new2_AdaMaO_SDEOnly_UniformMix_Pruned_Weighted\REMO_new2_AdaMaO_SDEOnly_UniformMix_Pruned_Weighted_WFG6_M15_D30_9.mat (valid, final IGD 11.364292)
[2026-09-14 07:38:19] [skip] D:\REMOandDREMO测试集\15目标\REMO_new2_AdaMaO_SDEOnly_UniformMix_Pruned_Weighted\REMO_new2_AdaMaO_SDEOnly_UniformMix_Pruned_Weighted_WFG6_M15_D30_13.mat (valid, final IGD 9.946373)
[2026-09-14 07:38:19] [skip] D:\REMOandDREMO测试集\15目标\REMO_new2_AdaMaO_SDEOnly_UniformMix_Pruned_Weighted\REMO_new2_AdaMaO_SDEOnly_UniformMix_Pruned_Weighted_WFG6_M15_D30_17.mat (valid, final IGD 10.216005)
[2026-09-14 07:38:19] [skip] D:\REMOandDREMO测试集\15目标\REMO_new2_AdaMaO_SDEOnly_UniformMix_Pruned_Weighted\REMO_new2_AdaMaO_SDEOnly_UniformMix_Pruned_Weighted_WFG6_M15_D30_21.mat (valid, final IGD 11.003893)
[2026-09-14 07:38:19] [skip] D:\REMOandDREMO测试集\15目标\REMO_new2_AdaMaO_SDEOnly_UniformMix_Pruned_Weighted\REMO_new2_AdaMaO_SDEOnly_UniformMix_Pruned_Weighted_WFG6_M15_D30_25.mat (valid, final IGD 10.238629)
[2026-09-14 07:38:19] [skip] D:\REMOandDREMO测试集\15目标\REMO_new2_AdaMaO_SDEOnly_UniformMix_Pruned_Weighted\REMO_new2_AdaMaO_SDEOnly_UniformMix_Pruned_Weighted_WFG6_M15_D30_29.mat (valid, final IGD 10.561725)
[2026-09-14 07:38:19] [skip] D:\REMOandDREMO测试集\15目标\REMO_new2_AdaMaO_SDEOnly_UniformMix_Pruned_Weighted\REMO_new2_AdaMaO_SDEOnly_UniformMix_Pruned_Weighted_WFG7_M15_D30_3.mat (valid, final IGD 11.950375)
[2026-09-14 07:38:19] [skip] D:\REMOandDREMO测试集\15目标\REMO_new2_AdaMaO_SDEOnly_UniformMix_Pruned_Weighted\REMO_new2_AdaMaO_SDEOnly_UniformMix_Pruned_Weighted_WFG7_M15_D30_7.mat (valid, final IGD 11.210988)
[2026-09-14 07:38:19] [skip] D:\REMOandDREMO测试集\15目标\REMO_new2_AdaMaO_SDEOnly_UniformMix_Pruned_Weighted\REMO_new2_AdaMaO_SDEOnly_UniformMix_Pruned_Weighted_WFG7_M15_D30_11.mat (valid, final IGD 11.505072)
[2026-09-14 07:38:19] [skip] D:\REMOandDREMO测试集\15目标\REMO_new2_AdaMaO_SDEOnly_UniformMix_Pruned_Weighted\REMO_new2_AdaMaO_SDEOnly_UniformMix_Pruned_Weighted_WFG7_M15_D30_15.mat (valid, final IGD 11.362583)
[2026-09-14 07:38:20] [skip] D:\REMOandDREMO测试集\15目标\REMO_new2_AdaMaO_SDEOnly_UniformMix_Pruned_Weighted\REMO_new2_AdaMaO_SDEOnly_UniformMix_Pruned_Weighted_WFG7_M15_D30_19.mat (valid, final IGD 11.067878)
[2026-09-14 07:38:20] [skip] D:\REMOandDREMO测试集\15目标\REMO_new2_AdaMaO_SDEOnly_UniformMix_Pruned_Weighted\REMO_new2_AdaMaO_SDEOnly_UniformMix_Pruned_Weighted_WFG7_M15_D30_23.mat (valid, final IGD 11.000474)
[2026-09-14 07:38:20] [skip] D:\REMOandDREMO测试集\15目标\REMO_new2_AdaMaO_SDEOnly_UniformMix_Pruned_Weighted\REMO_new2_AdaMaO_SDEOnly_UniformMix_Pruned_Weighted_WFG7_M15_D30_27.mat (valid, final IGD 12.033696)
[2026-09-14 07:38:20] [skip] D:\REMOandDREMO测试集\15目标\REMO_new2_AdaMaO_SDEOnly_UniformMix_Pruned_Weighted\REMO_new2_AdaMaO_SDEOnly_UniformMix_Pruned_Weighted_WFG8_M15_D30_1.mat (valid, final IGD 11.805595)
[2026-09-14 07:38:20] [skip] D:\REMOandDREMO测试集\15目标\REMO_new2_AdaMaO_SDEOnly_UniformMix_Pruned_Weighted\REMO_new2_AdaMaO_SDEOnly_UniformMix_Pruned_Weighted_WFG8_M15_D30_5.mat (valid, final IGD 11.738800)
[2026-09-14 07:38:20] [skip] D:\REMOandDREMO测试集\15目标\REMO_new2_AdaMaO_SDEOnly_UniformMix_Pruned_Weighted\REMO_new2_AdaMaO_SDEOnly_UniformMix_Pruned_Weighted_WFG8_M15_D30_9.mat (valid, final IGD 11.628707)
[2026-09-14 07:38:20] [skip] D:\REMOandDREMO测试集\15目标\REMO_new2_AdaMaO_SDEOnly_UniformMix_Pruned_Weighted\REMO_new2_AdaMaO_SDEOnly_UniformMix_Pruned_Weighted_WFG8_M15_D30_13.mat (valid, final IGD 11.322746)
[2026-09-14 07:38:20] [skip] D:\REMOandDREMO测试集\15目标\REMO_new2_AdaMaO_SDEOnly_UniformMix_Pruned_Weighted\REMO_new2_AdaMaO_SDEOnly_UniformMix_Pruned_Weighted_WFG8_M15_D30_17.mat (valid, final IGD 12.377146)
[2026-09-14 07:38:20] [skip] D:\REMOandDREMO测试集\15目标\REMO_new2_AdaMaO_SDEOnly_UniformMix_Pruned_Weighted\REMO_new2_AdaMaO_SDEOnly_UniformMix_Pruned_Weighted_WFG8_M15_D30_21.mat (valid, final IGD 11.939977)
[2026-09-14 07:38:20] [skip] D:\REMOandDREMO测试集\15目标\REMO_new2_AdaMaO_SDEOnly_UniformMix_Pruned_Weighted\REMO_new2_AdaMaO_SDEOnly_UniformMix_Pruned_Weighted_WFG8_M15_D30_25.mat (valid, final IGD 12.265287)
[2026-09-14 07:38:20] [skip] D:\REMOandDREMO测试集\15目标\REMO_new2_AdaMaO_SDEOnly_UniformMix_Pruned_Weighted\REMO_new2_AdaMaO_SDEOnly_UniformMix_Pruned_Weighted_WFG8_M15_D30_29.mat (valid, final IGD 13.238079)
[2026-09-14 07:38:20] [skip] D:\REMOandDREMO测试集\15目标\REMO_new2_AdaMaO_SDEOnly_UniformMix_Pruned_Weighted\REMO_new2_AdaMaO_SDEOnly_UniformMix_Pruned_Weighted_WFG9_M15_D30_3.mat (valid, final IGD 14.053334)
[2026-09-14 07:38:20] [skip] D:\REMOandDREMO测试集\15目标\REMO_new2_AdaMaO_SDEOnly_UniformMix_Pruned_Weighted\REMO_new2_AdaMaO_SDEOnly_UniformMix_Pruned_Weighted_WFG9_M15_D30_7.mat (valid, final IGD 13.589802)
[2026-09-14 07:38:20] [skip] D:\REMOandDREMO测试集\15目标\REMO_new2_AdaMaO_SDEOnly_UniformMix_Pruned_Weighted\REMO_new2_AdaMaO_SDEOnly_UniformMix_Pruned_Weighted_WFG9_M15_D30_11.mat (valid, final IGD 12.899328)
[2026-09-14 07:38:20] [skip] D:\REMOandDREMO测试集\15目标\REMO_new2_AdaMaO_SDEOnly_UniformMix_Pruned_Weighted\REMO_new2_AdaMaO_SDEOnly_UniformMix_Pruned_Weighted_WFG9_M15_D30_15.mat (valid, final IGD 14.607404)
[2026-09-14 07:38:20] [skip] D:\REMOandDREMO测试集\15目标\REMO_new2_AdaMaO_SDEOnly_UniformMix_Pruned_Weighted\REMO_new2_AdaMaO_SDEOnly_UniformMix_Pruned_Weighted_WFG9_M15_D30_19.mat (valid, final IGD 13.288686)
[2026-09-14 07:38:20] [skip] D:\REMOandDREMO测试集\15目标\REMO_new2_AdaMaO_SDEOnly_UniformMix_Pruned_Weighted\REMO_new2_AdaMaO_SDEOnly_UniformMix_Pruned_Weighted_WFG9_M15_D30_23.mat (valid, final IGD 12.871322)
[2026-09-14 07:38:20] [skip] D:\REMOandDREMO测试集\15目标\REMO_new2_AdaMaO_SDEOnly_UniformMix_Pruned_Weighted\REMO_new2_AdaMaO_SDEOnly_UniformMix_Pruned_Weighted_WFG9_M15_D30_27.mat (valid, final IGD 13.186487)
[2026-09-14 07:38:20] ==== part 3/4 done: 67 runs (67 skipped) in 31.1 s (0.0 h) ====
[2026-09-14 07:38:20] Summary CSV: D:\REMOandDREMO测试集\15目标\REMO_new2_AdaMaO_SDEOnly_UniformMix_Pruned_Weighted\_runlog_part3of4.csv

ans = 

  包含以下字段的 1x67 struct 数组:

    Problem
    Run
    File
    Status
    IGD
    Runtime
    FE
    D
    Seed
    Seconds

[2026-09-14 07:38:23] part 3 attempt 1 exited rc=0
[2026-09-14 07:38:23] part 3 COMPLETE after 1 attempt(s)
[2026-09-14 07:38:25] part 3 attempt 1 launching MATLAB (alg=REMO_new2_AdaMaO_SDEOnly_UniformMix_Pruned_Weighted params=3000,0.50,0.25,0.70,6 func=run_WeightedWFG_M8D10)
[2026-09-14 07:38:32] PlatEMO root: D:\PlatEMO-master\PlatEMO-master\PlatEMO
[2026-09-14 07:38:38] WFG1: M=8 D=10 maxFE=300 (canonical index 8)
[2026-09-14 07:38:41] WFG2: M=8 D=11 maxFE=300 (canonical index 9)
[2026-09-14 07:38:41] WFG3: M=8 D=11 maxFE=300 (canonical index 10)
[2026-09-14 07:38:41] WFG4: M=8 D=10 maxFE=300 (canonical index 11)
[2026-09-14 07:38:41] WFG5: M=8 D=10 maxFE=300 (canonical index 12)
[2026-09-14 07:38:41] WFG6: M=8 D=10 maxFE=300 (canonical index 13)
[2026-09-14 07:38:41] WFG7: M=8 D=10 maxFE=300 (canonical index 14)
[2026-09-14 07:38:41] WFG8: M=8 D=10 maxFE=300 (canonical index 15)
[2026-09-14 07:38:41] WFG9: M=8 D=10 maxFE=300 (canonical index 16)
[2026-09-14 07:38:41] Algorithm REMO_new2_AdaMaO_SDEOnly_UniformMix_Pruned_Weighted | parameters [3000            0.5           0.25            0.7              6]
[2026-09-14 07:38:41] SaveCount 30 | Runs 30 | M 8 | requested D 10 | N 100 | maxFE 300 | modeRunId 1 | seedBase 20260912
[2026-09-14 07:38:41] Slice 3/4 -> 67 of 270 jobs
[2026-09-14 07:38:43] [skip] D:\REMOandDREMO测试集\8目标\n10\REMO_new2_AdaMaO_SDEOnly_UniformMix_Pruned_Weighted\REMO_new2_AdaMaO_SDEOnly_UniformMix_Pruned_Weighted_WFG1_M8_D10_3.mat (valid, final IGD 2.809554)
[2026-09-14 07:38:44] [skip] D:\REMOandDREMO测试集\8目标\n10\REMO_new2_AdaMaO_SDEOnly_UniformMix_Pruned_Weighted\REMO_new2_AdaMaO_SDEOnly_UniformMix_Pruned_Weighted_WFG1_M8_D10_7.mat (valid, final IGD 2.747775)
[2026-09-14 07:38:46] [skip] D:\REMOandDREMO测试集\8目标\n10\REMO_new2_AdaMaO_SDEOnly_UniformMix_Pruned_Weighted\REMO_new2_AdaMaO_SDEOnly_UniformMix_Pruned_Weighted_WFG1_M8_D10_11.mat (valid, final IGD 2.417979)
[2026-09-14 07:38:48] [skip] D:\REMOandDREMO测试集\8目标\n10\REMO_new2_AdaMaO_SDEOnly_UniformMix_Pruned_Weighted\REMO_new2_AdaMaO_SDEOnly_UniformMix_Pruned_Weighted_WFG1_M8_D10_15.mat (valid, final IGD 2.793935)
[2026-09-14 07:38:50] [skip] D:\REMOandDREMO测试集\8目标\n10\REMO_new2_AdaMaO_SDEOnly_UniformMix_Pruned_Weighted\REMO_new2_AdaMaO_SDEOnly_UniformMix_Pruned_Weighted_WFG1_M8_D10_19.mat (valid, final IGD 2.726244)
[2026-09-14 07:38:53] [skip] D:\REMOandDREMO测试集\8目标\n10\REMO_new2_AdaMaO_SDEOnly_UniformMix_Pruned_Weighted\REMO_new2_AdaMaO_SDEOnly_UniformMix_Pruned_Weighted_WFG1_M8_D10_23.mat (valid, final IGD 2.827626)
[2026-09-14 07:38:55] [skip] D:\REMOandDREMO测试集\8目标\n10\REMO_new2_AdaMaO_SDEOnly_UniformMix_Pruned_Weighted\REMO_new2_AdaMaO_SDEOnly_UniformMix_Pruned_Weighted_WFG1_M8_D10_27.mat (valid, final IGD 2.824093)
[2026-09-14 07:38:57] [skip] D:\REMOandDREMO测试集\8目标\n10\REMO_new2_AdaMaO_SDEOnly_UniformMix_Pruned_Weighted\REMO_new2_AdaMaO_SDEOnly_UniformMix_Pruned_Weighted_WFG2_M8_D11_1.mat (valid, final IGD 1.313523)
[2026-09-14 07:39:00] [skip] D:\REMOandDREMO测试集\8目标\n10\REMO_new2_AdaMaO_SDEOnly_UniformMix_Pruned_Weighted\REMO_new2_AdaMaO_SDEOnly_UniformMix_Pruned_Weighted_WFG2_M8_D11_5.mat (valid, final IGD 1.334243)
[2026-09-14 07:39:02] [skip] D:\REMOandDREMO测试集\8目标\n10\REMO_new2_AdaMaO_SDEOnly_UniformMix_Pruned_Weighted\REMO_new2_AdaMaO_SDEOnly_UniformMix_Pruned_Weighted_WFG2_M8_D11_9.mat (valid, final IGD 1.370759)
[2026-09-14 07:39:05] [skip] D:\REMOandDREMO测试集\8目标\n10\REMO_new2_AdaMaO_SDEOnly_UniformMix_Pruned_Weighted\REMO_new2_AdaMaO_SDEOnly_UniformMix_Pruned_Weighted_WFG2_M8_D11_13.mat (valid, final IGD 1.242843)
[2026-09-14 07:39:07] [skip] D:\REMOandDREMO测试集\8目标\n10\REMO_new2_AdaMaO_SDEOnly_UniformMix_Pruned_Weighted\REMO_new2_AdaMaO_SDEOnly_UniformMix_Pruned_Weighted_WFG2_M8_D11_17.mat (valid, final IGD 2.283478)
[2026-09-14 07:39:09] [skip] D:\REMOandDREMO测试集\8目标\n10\REMO_new2_AdaMaO_SDEOnly_UniformMix_Pruned_Weighted\REMO_new2_AdaMaO_SDEOnly_UniformMix_Pruned_Weighted_WFG2_M8_D11_21.mat (valid, final IGD 1.104389)
[2026-09-14 07:39:12] [skip] D:\REMOandDREMO测试集\8目标\n10\REMO_new2_AdaMaO_SDEOnly_UniformMix_Pruned_Weighted\REMO_new2_AdaMaO_SDEOnly_UniformMix_Pruned_Weighted_WFG2_M8_D11_25.mat (valid, final IGD 1.181239)
[2026-09-14 07:39:14] [skip] D:\REMOandDREMO测试集\8目标\n10\REMO_new2_AdaMaO_SDEOnly_UniformMix_Pruned_Weighted\REMO_new2_AdaMaO_SDEOnly_UniformMix_Pruned_Weighted_WFG2_M8_D11_29.mat (valid, final IGD 1.746823)
[2026-09-14 07:39:14] [skip] D:\REMOandDREMO测试集\8目标\n10\REMO_new2_AdaMaO_SDEOnly_UniformMix_Pruned_Weighted\REMO_new2_AdaMaO_SDEOnly_UniformMix_Pruned_Weighted_WFG3_M8_D11_3.mat (valid, final IGD 1.082890)
[2026-09-14 07:39:14] [skip] D:\REMOandDREMO测试集\8目标\n10\REMO_new2_AdaMaO_SDEOnly_UniformMix_Pruned_Weighted\REMO_new2_AdaMaO_SDEOnly_UniformMix_Pruned_Weighted_WFG3_M8_D11_7.mat (valid, final IGD 1.162762)
[2026-09-14 07:39:14] [skip] D:\REMOandDREMO测试集\8目标\n10\REMO_new2_AdaMaO_SDEOnly_UniformMix_Pruned_Weighted\REMO_new2_AdaMaO_SDEOnly_UniformMix_Pruned_Weighted_WFG3_M8_D11_11.mat (valid, final IGD 0.885553)
[2026-09-14 07:39:14] [skip] D:\REMOandDREMO测试集\8目标\n10\REMO_new2_AdaMaO_SDEOnly_UniformMix_Pruned_Weighted\REMO_new2_AdaMaO_SDEOnly_UniformMix_Pruned_Weighted_WFG3_M8_D11_15.mat (valid, final IGD 1.024709)
[2026-09-14 07:39:14] [skip] D:\REMOandDREMO测试集\8目标\n10\REMO_new2_AdaMaO_SDEOnly_UniformMix_Pruned_Weighted\REMO_new2_AdaMaO_SDEOnly_UniformMix_Pruned_Weighted_WFG3_M8_D11_19.mat (valid, final IGD 0.961789)
[2026-09-14 07:39:14] [skip] D:\REMOandDREMO测试集\8目标\n10\REMO_new2_AdaMaO_SDEOnly_UniformMix_Pruned_Weighted\REMO_new2_AdaMaO_SDEOnly_UniformMix_Pruned_Weighted_WFG3_M8_D11_23.mat (valid, final IGD 1.226621)
[2026-09-14 07:39:14] [skip] D:\REMOandDREMO测试集\8目标\n10\REMO_new2_AdaMaO_SDEOnly_UniformMix_Pruned_Weighted\REMO_new2_AdaMaO_SDEOnly_UniformMix_Pruned_Weighted_WFG3_M8_D11_27.mat (valid, final IGD 1.252662)
[2026-09-14 07:39:14] [skip] D:\REMOandDREMO测试集\8目标\n10\REMO_new2_AdaMaO_SDEOnly_UniformMix_Pruned_Weighted\REMO_new2_AdaMaO_SDEOnly_UniformMix_Pruned_Weighted_WFG4_M8_D10_1.mat (valid, final IGD 3.805092)
[2026-09-14 07:39:14] [skip] D:\REMOandDREMO测试集\8目标\n10\REMO_new2_AdaMaO_SDEOnly_UniformMix_Pruned_Weighted\REMO_new2_AdaMaO_SDEOnly_UniformMix_Pruned_Weighted_WFG4_M8_D10_5.mat (valid, final IGD 3.707182)
[2026-09-14 07:39:14] [skip] D:\REMOandDREMO测试集\8目标\n10\REMO_new2_AdaMaO_SDEOnly_UniformMix_Pruned_Weighted\REMO_new2_AdaMaO_SDEOnly_UniformMix_Pruned_Weighted_WFG4_M8_D10_9.mat (valid, final IGD 3.692509)
[2026-09-14 07:39:14] [skip] D:\REMOandDREMO测试集\8目标\n10\REMO_new2_AdaMaO_SDEOnly_UniformMix_Pruned_Weighted\REMO_new2_AdaMaO_SDEOnly_UniformMix_Pruned_Weighted_WFG4_M8_D10_13.mat (valid, final IGD 4.421201)
[2026-09-14 07:39:14] [skip] D:\REMOandDREMO测试集\8目标\n10\REMO_new2_AdaMaO_SDEOnly_UniformMix_Pruned_Weighted\REMO_new2_AdaMaO_SDEOnly_UniformMix_Pruned_Weighted_WFG4_M8_D10_17.mat (valid, final IGD 3.377334)
[2026-09-14 07:39:14] [skip] D:\REMOandDREMO测试集\8目标\n10\REMO_new2_AdaMaO_SDEOnly_UniformMix_Pruned_Weighted\REMO_new2_AdaMaO_SDEOnly_UniformMix_Pruned_Weighted_WFG4_M8_D10_21.mat (valid, final IGD 3.382920)
[2026-09-14 07:39:14] [skip] D:\REMOandDREMO测试集\8目标\n10\REMO_new2_AdaMaO_SDEOnly_UniformMix_Pruned_Weighted\REMO_new2_AdaMaO_SDEOnly_UniformMix_Pruned_Weighted_WFG4_M8_D10_25.mat (valid, final IGD 4.061621)
[2026-09-14 07:39:14] [skip] D:\REMOandDREMO测试集\8目标\n10\REMO_new2_AdaMaO_SDEOnly_UniformMix_Pruned_Weighted\REMO_new2_AdaMaO_SDEOnly_UniformMix_Pruned_Weighted_WFG4_M8_D10_29.mat (valid, final IGD 3.407004)
[2026-09-14 07:39:14] [skip] D:\REMOandDREMO测试集\8目标\n10\REMO_new2_AdaMaO_SDEOnly_UniformMix_Pruned_Weighted\REMO_new2_AdaMaO_SDEOnly_UniformMix_Pruned_Weighted_WFG5_M8_D10_3.mat (valid, final IGD 3.379349)
[2026-09-14 07:39:14] [skip] D:\REMOandDREMO测试集\8目标\n10\REMO_new2_AdaMaO_SDEOnly_UniformMix_Pruned_Weighted\REMO_new2_AdaMaO_SDEOnly_UniformMix_Pruned_Weighted_WFG5_M8_D10_7.mat (valid, final IGD 3.382334)
[2026-09-14 07:39:14] [skip] D:\REMOandDREMO测试集\8目标\n10\REMO_new2_AdaMaO_SDEOnly_UniformMix_Pruned_Weighted\REMO_new2_AdaMaO_SDEOnly_UniformMix_Pruned_Weighted_WFG5_M8_D10_11.mat (valid, final IGD 3.440224)
[2026-09-14 07:39:14] [skip] D:\REMOandDREMO测试集\8目标\n10\REMO_new2_AdaMaO_SDEOnly_UniformMix_Pruned_Weighted\REMO_new2_AdaMaO_SDEOnly_UniformMix_Pruned_Weighted_WFG5_M8_D10_15.mat (valid, final IGD 3.413022)
[2026-09-14 07:39:14] [skip] D:\REMOandDREMO测试集\8目标\n10\REMO_new2_AdaMaO_SDEOnly_UniformMix_Pruned_Weighted\REMO_new2_AdaMaO_SDEOnly_UniformMix_Pruned_Weighted_WFG5_M8_D10_19.mat (valid, final IGD 3.092368)
[2026-09-14 07:39:14] [skip] D:\REMOandDREMO测试集\8目标\n10\REMO_new2_AdaMaO_SDEOnly_UniformMix_Pruned_Weighted\REMO_new2_AdaMaO_SDEOnly_UniformMix_Pruned_Weighted_WFG5_M8_D10_23.mat (valid, final IGD 3.165002)
[2026-09-14 07:39:14] [skip] D:\REMOandDREMO测试集\8目标\n10\REMO_new2_AdaMaO_SDEOnly_UniformMix_Pruned_Weighted\REMO_new2_AdaMaO_SDEOnly_UniformMix_Pruned_Weighted_WFG5_M8_D10_27.mat (valid, final IGD 3.553839)
[2026-09-14 07:39:14] [skip] D:\REMOandDREMO测试集\8目标\n10\REMO_new2_AdaMaO_SDEOnly_UniformMix_Pruned_Weighted\REMO_new2_AdaMaO_SDEOnly_UniformMix_Pruned_Weighted_WFG6_M8_D10_1.mat (valid, final IGD 3.483784)
[2026-09-14 07:39:14] [skip] D:\REMOandDREMO测试集\8目标\n10\REMO_new2_AdaMaO_SDEOnly_UniformMix_Pruned_Weighted\REMO_new2_AdaMaO_SDEOnly_UniformMix_Pruned_Weighted_WFG6_M8_D10_5.mat (valid, final IGD 3.297690)
[2026-09-14 07:39:14] [skip] D:\REMOandDREMO测试集\8目标\n10\REMO_new2_AdaMaO_SDEOnly_UniformMix_Pruned_Weighted\REMO_new2_AdaMaO_SDEOnly_UniformMix_Pruned_Weighted_WFG6_M8_D10_9.mat (valid, final IGD 3.567713)
[2026-09-14 07:39:14] [skip] D:\REMOandDREMO测试集\8目标\n10\REMO_new2_AdaMaO_SDEOnly_UniformMix_Pruned_Weighted\REMO_new2_AdaMaO_SDEOnly_UniformMix_Pruned_Weighted_WFG6_M8_D10_13.mat (valid, final IGD 3.555383)
[2026-09-14 07:39:14] [skip] D:\REMOandDREMO测试集\8目标\n10\REMO_new2_AdaMaO_SDEOnly_UniformMix_Pruned_Weighted\REMO_new2_AdaMaO_SDEOnly_UniformMix_Pruned_Weighted_WFG6_M8_D10_17.mat (valid, final IGD 3.656766)
[2026-09-14 07:39:14] [skip] D:\REMOandDREMO测试集\8目标\n10\REMO_new2_AdaMaO_SDEOnly_UniformMix_Pruned_Weighted\REMO_new2_AdaMaO_SDEOnly_UniformMix_Pruned_Weighted_WFG6_M8_D10_21.mat (valid, final IGD 3.490077)
[2026-09-14 07:39:14] [skip] D:\REMOandDREMO测试集\8目标\n10\REMO_new2_AdaMaO_SDEOnly_UniformMix_Pruned_Weighted\REMO_new2_AdaMaO_SDEOnly_UniformMix_Pruned_Weighted_WFG6_M8_D10_25.mat (valid, final IGD 3.821766)
[2026-09-14 07:39:14] [skip] D:\REMOandDREMO测试集\8目标\n10\REMO_new2_AdaMaO_SDEOnly_UniformMix_Pruned_Weighted\REMO_new2_AdaMaO_SDEOnly_UniformMix_Pruned_Weighted_WFG6_M8_D10_29.mat (valid, final IGD 3.449460)
[2026-09-14 07:39:14] [skip] D:\REMOandDREMO测试集\8目标\n10\REMO_new2_AdaMaO_SDEOnly_UniformMix_Pruned_Weighted\REMO_new2_AdaMaO_SDEOnly_UniformMix_Pruned_Weighted_WFG7_M8_D10_3.mat (valid, final IGD 3.844980)
[2026-09-14 07:39:14] [skip] D:\REMOandDREMO测试集\8目标\n10\REMO_new2_AdaMaO_SDEOnly_UniformMix_Pruned_Weighted\REMO_new2_AdaMaO_SDEOnly_UniformMix_Pruned_Weighted_WFG7_M8_D10_7.mat (valid, final IGD 3.553522)
[2026-09-14 07:39:14] [skip] D:\REMOandDREMO测试集\8目标\n10\REMO_new2_AdaMaO_SDEOnly_UniformMix_Pruned_Weighted\REMO_new2_AdaMaO_SDEOnly_UniformMix_Pruned_Weighted_WFG7_M8_D10_11.mat (valid, final IGD 3.886650)
[2026-09-14 07:39:14] [skip] D:\REMOandDREMO测试集\8目标\n10\REMO_new2_AdaMaO_SDEOnly_UniformMix_Pruned_Weighted\REMO_new2_AdaMaO_SDEOnly_UniformMix_Pruned_Weighted_WFG7_M8_D10_15.mat (valid, final IGD 3.583624)
[2026-09-14 07:39:14] [skip] D:\REMOandDREMO测试集\8目标\n10\REMO_new2_AdaMaO_SDEOnly_UniformMix_Pruned_Weighted\REMO_new2_AdaMaO_SDEOnly_UniformMix_Pruned_Weighted_WFG7_M8_D10_19.mat (valid, final IGD 3.647208)
[2026-09-14 07:39:14] [skip] D:\REMOandDREMO测试集\8目标\n10\REMO_new2_AdaMaO_SDEOnly_UniformMix_Pruned_Weighted\REMO_new2_AdaMaO_SDEOnly_UniformMix_Pruned_Weighted_WFG7_M8_D10_23.mat (valid, final IGD 3.780359)
[2026-09-14 07:39:14] [skip] D:\REMOandDREMO测试集\8目标\n10\REMO_new2_AdaMaO_SDEOnly_UniformMix_Pruned_Weighted\REMO_new2_AdaMaO_SDEOnly_UniformMix_Pruned_Weighted_WFG7_M8_D10_27.mat (valid, final IGD 3.613966)
[2026-09-14 07:41:02] [done] WFG8 run 1 seed 21075913 | IGD first 6.57247 -> final 4.18681 | runtime 106.4s | wall 107.1s | ok
[2026-09-14 07:42:37] [done] WFG8 run 5 seed 21075917 | IGD first 5.44403 -> final 3.88777 | runtime 95.2s | wall 95.6s | ok
[2026-09-14 07:44:18] [done] WFG8 run 9 seed 21075921 | IGD first 6.00159 -> final 4.24829 | runtime 100.1s | wall 100.5s | ok
[2026-09-14 07:45:52] [done] WFG8 run 13 seed 21075925 | IGD first 6.55128 -> final 3.87709 | runtime 94.0s | wall 94.4s | ok
[2026-09-14 07:47:33] [done] WFG8 run 17 seed 21075929 | IGD first 5.91909 -> final 3.69727 | runtime 100.6s | wall 101.0s | ok
[2026-09-14 07:49:14] [done] WFG8 run 21 seed 21075933 | IGD first 5.80525 -> final 4.16462 | runtime 100.6s | wall 100.9s | ok
[2026-09-14 07:50:54] [done] WFG8 run 25 seed 21075937 | IGD first 6.07676 -> final 4.39607 | runtime 100.0s | wall 100.4s | ok
[2026-09-14 07:52:38] [done] WFG8 run 29 seed 21075941 | IGD first 5.49815 -> final 3.74425 | runtime 103.4s | wall 103.8s | ok
[2026-09-14 07:54:16] [done] WFG9 run 3 seed 21076915 | IGD first 6.80547 -> final 3.78904 | runtime 97.2s | wall 97.6s | ok
[2026-09-14 07:56:00] [done] WFG9 run 7 seed 21076919 | IGD first 6.38196 -> final 4.01271 | runtime 104.3s | wall 104.7s | ok
[2026-09-14 07:57:43] [done] WFG9 run 11 seed 21076923 | IGD first 6.77794 -> final 4.04531 | runtime 102.0s | wall 102.3s | ok
[2026-09-14 07:59:27] [done] WFG9 run 15 seed 21076927 | IGD first 6.65899 -> final 3.65625 | runtime 104.4s | wall 104.7s | ok
[2026-09-14 08:01:10] [done] WFG9 run 19 seed 21076931 | IGD first 6.0516 -> final 4.19709 | runtime 102.5s | wall 102.9s | ok
[2026-09-14 08:02:55] [done] WFG9 run 23 seed 21076935 | IGD first 5.79144 -> final 3.77394 | runtime 104.7s | wall 105.1s | ok
[2026-09-14 08:04:36] [done] WFG9 run 27 seed 21076939 | IGD first 6.03536 -> final 4.5503 | runtime 99.9s | wall 100.3s | ok
[2026-09-14 08:04:36] ==== part 3/4 done: 67 runs (52 skipped) in 1554.8 s (0.4 h) ====
[2026-09-14 08:04:36] Summary CSV: D:\REMOandDREMO测试集\8目标\n10\REMO_new2_AdaMaO_SDEOnly_UniformMix_Pruned_Weighted\_runlog_part3of4.csv

ans = 

  包含以下字段的 1x67 struct 数组:

    Problem
    Run
    File
    Status
    IGD
    Runtime
    FE
    D
    Seed
    Seconds

[2026-09-14 08:04:43] part 3 attempt 1 exited rc=0
[2026-09-14 08:04:43] part 3 COMPLETE after 1 attempt(s)
