[2026-09-13 16:29:54] part 1 attempt 1 launching MATLAB (alg=REMO_new2_AdaMaO_SDEOnly_UniformMix_Pruned_Weighted params=3000,0.50,0.25,0.70,6 func=run_WeightedWFG_M15)
[2026-09-13 16:30:01] PlatEMO root: D:\PlatEMO-master\PlatEMO-master\PlatEMO
[2026-09-13 16:30:08] WFG1: M=15 D=30 maxFE=300 (canonical index 8)
[2026-09-13 16:30:11] WFG2: M=15 D=30 maxFE=300 (canonical index 9)
[2026-09-13 16:30:11] WFG3: M=15 D=30 maxFE=300 (canonical index 10)
[2026-09-13 16:30:11] WFG4: M=15 D=30 maxFE=300 (canonical index 11)
[2026-09-13 16:30:11] WFG5: M=15 D=30 maxFE=300 (canonical index 12)
[2026-09-13 16:30:11] WFG6: M=15 D=30 maxFE=300 (canonical index 13)
[2026-09-13 16:30:11] WFG7: M=15 D=30 maxFE=300 (canonical index 14)
[2026-09-13 16:30:11] WFG8: M=15 D=30 maxFE=300 (canonical index 15)
[2026-09-13 16:30:11] WFG9: M=15 D=30 maxFE=300 (canonical index 16)
[2026-09-13 16:30:11] Algorithm REMO_new2_AdaMaO_SDEOnly_UniformMix_Pruned_Weighted | parameters [3000            0.5           0.25            0.7              6]
[2026-09-13 16:30:11] SaveCount 30 | Runs 30 | M 15 | requested D 30 | N 100 | maxFE 300 | modeRunId 1 | seedBase 20260912
[2026-09-13 16:30:11] Slice 1/4 -> 68 of 270 jobs
[2026-09-13 16:34:55] [done] WFG1 run 1 seed 21768913 | IGD first 4.35255 -> final 4.16983 | runtime 281.3s | wall 282.1s | ok
[2026-09-13 16:39:06] [done] WFG1 run 5 seed 21768917 | IGD first 4.30647 -> final 4.17462 | runtime 249.0s | wall 249.6s | ok
[2026-09-13 16:43:36] [done] WFG1 run 9 seed 21768921 | IGD first 4.37182 -> final 4.03881 | runtime 268.3s | wall 268.8s | ok
[2026-09-13 16:47:57] [done] WFG1 run 13 seed 21768925 | IGD first 4.38889 -> final 4.18534 | runtime 259.3s | wall 259.8s | ok
[2026-09-13 16:52:30] [done] WFG1 run 17 seed 21768929 | IGD first 4.38241 -> final 4.08943 | runtime 270.8s | wall 271.3s | ok
[2026-09-13 16:56:52] [done] WFG1 run 21 seed 21768933 | IGD first 4.32932 -> final 3.97362 | runtime 261.0s | wall 261.5s | ok
[2026-09-13 17:01:11] [done] WFG1 run 25 seed 21768937 | IGD first 4.43037 -> final 4.11334 | runtime 257.0s | wall 257.4s | ok
[2026-09-13 17:05:50] [done] WFG1 run 29 seed 21768941 | IGD first 4.35783 -> final 4.13167 | runtime 277.3s | wall 277.8s | ok
[2026-09-13 17:10:39] [done] WFG2 run 3 seed 21769915 | IGD first 6.80778 -> final 2.863 | runtime 288.0s | wall 288.4s | ok
[2026-09-13 17:15:31] [done] WFG2 run 7 seed 21769919 | IGD first 7.8915 -> final 2.56284 | runtime 289.4s | wall 290.0s | ok
[2026-09-13 17:20:02] [done] WFG2 run 11 seed 21769923 | IGD first 8.09066 -> final 3.79243 | runtime 269.5s | wall 270.0s | ok
[2026-09-13 17:24:47] [done] WFG2 run 15 seed 21769927 | IGD first 5.16042 -> final 3.06618 | runtime 282.9s | wall 283.4s | ok
[2026-09-13 17:28:46] [done] WFG2 run 19 seed 21769931 | IGD first 5.86758 -> final 2.76076 | runtime 237.5s | wall 237.9s | ok
[2026-09-13 17:32:45] [done] WFG2 run 23 seed 21769935 | IGD first 8.049 -> final 2.68924 | runtime 237.2s | wall 237.7s | ok
[2026-09-13 17:36:55] [done] WFG2 run 27 seed 21769939 | IGD first 6.3886 -> final 2.99918 | runtime 248.3s | wall 248.8s | ok
[2026-09-13 17:40:53] [done] WFG3 run 1 seed 21770913 | IGD first 2.36499 -> final 2.27209 | runtime 237.3s | wall 237.8s | ok
[2026-09-13 17:44:35] [done] WFG3 run 5 seed 21770917 | IGD first 2.26032 -> final 2.17026 | runtime 221.1s | wall 221.7s | ok
[2026-09-13 17:48:22] [done] WFG3 run 9 seed 21770921 | IGD first 2.53737 -> final 2.38936 | runtime 226.5s | wall 227.3s | ok
[2026-09-13 17:52:12] [done] WFG3 run 13 seed 21770925 | IGD first 2.46751 -> final 2.29799 | runtime 229.7s | wall 230.3s | ok
[2026-09-13 17:55:59] [done] WFG3 run 17 seed 21770929 | IGD first 2.29843 -> final 2.17521 | runtime 225.7s | wall 226.4s | ok
[2026-09-13 17:59:51] [done] WFG3 run 21 seed 21770933 | IGD first 2.26263 -> final 2.25976 | runtime 231.5s | wall 232.2s | ok
[2026-09-13 18:03:39] [done] WFG3 run 25 seed 21770937 | IGD first 2.31721 -> final 2.26893 | runtime 227.4s | wall 228.0s | ok
[2026-09-13 18:07:21] [done] WFG3 run 29 seed 21770941 | IGD first 2.35785 -> final 2.35316 | runtime 220.9s | wall 221.5s | ok
[2026-09-13 18:11:25] [done] WFG4 run 3 seed 21771915 | IGD first 18.881 -> final 15.031 | runtime 244.1s | wall 244.7s | ok
[2026-09-13 18:15:24] [done] WFG4 run 7 seed 21771919 | IGD first 19.5847 -> final 13.5035 | runtime 238.2s | wall 238.7s | ok
[2026-09-13 18:19:19] [done] WFG4 run 11 seed 21771923 | IGD first 18.9272 -> final 12.4162 | runtime 234.8s | wall 235.3s | ok
[2026-09-13 18:23:32] [done] WFG4 run 15 seed 21771927 | IGD first 19.9518 -> final 13.8285 | runtime 251.8s | wall 252.3s | ok
[2026-09-13 18:28:44] [done] WFG4 run 19 seed 21771931 | IGD first 19.3288 -> final 12.1957 | runtime 312.2s | wall 312.8s | ok
[2026-09-13 18:33:44] [done] WFG4 run 23 seed 21771935 | IGD first 18.2312 -> final 14.4928 | runtime 299.2s | wall 299.7s | ok
[2026-09-13 18:38:54] [done] WFG4 run 27 seed 21771939 | IGD first 19.6694 -> final 12.7199 | runtime 309.0s | wall 309.5s | ok
[2026-09-13 18:43:35] [done] WFG5 run 1 seed 21772913 | IGD first 15.7477 -> final 11.992 | runtime 280.9s | wall 281.4s | ok
[2026-09-13 18:48:43] [done] WFG5 run 5 seed 21772917 | IGD first 17.1642 -> final 11.7079 | runtime 307.5s | wall 308.0s | ok
[2026-09-14 00:00:39] part 1 attempt 1 launching MATLAB (alg=REMO_new2_AdaMaO_SDEOnly_UniformMix_Pruned_Weighted params=3000,0.50,0.25,0.70,6 func=run_WeightedWFG_M15)
[2026-09-14 00:00:49] PlatEMO root: D:\PlatEMO-master\PlatEMO-master\PlatEMO
[2026-09-14 00:00:58] WFG1: M=15 D=30 maxFE=300 (canonical index 8)
[2026-09-14 00:01:00] WFG2: M=15 D=30 maxFE=300 (canonical index 9)
[2026-09-14 00:01:00] WFG3: M=15 D=30 maxFE=300 (canonical index 10)
[2026-09-14 00:01:00] WFG4: M=15 D=30 maxFE=300 (canonical index 11)
[2026-09-14 00:01:00] WFG5: M=15 D=30 maxFE=300 (canonical index 12)
[2026-09-14 00:01:00] WFG6: M=15 D=30 maxFE=300 (canonical index 13)
[2026-09-14 00:01:00] WFG7: M=15 D=30 maxFE=300 (canonical index 14)
[2026-09-14 00:01:00] WFG8: M=15 D=30 maxFE=300 (canonical index 15)
[2026-09-14 00:01:00] WFG9: M=15 D=30 maxFE=300 (canonical index 16)
[2026-09-14 00:01:00] Algorithm REMO_new2_AdaMaO_SDEOnly_UniformMix_Pruned_Weighted | parameters [3000            0.5           0.25            0.7              6]
[2026-09-14 00:01:00] SaveCount 30 | Runs 30 | M 15 | requested D 30 | N 100 | maxFE 300 | modeRunId 1 | seedBase 20260912
[2026-09-14 00:01:00] Slice 1/4 -> 68 of 270 jobs
[2026-09-14 00:01:03] [skip] D:\REMOandDREMO测试集\15目标\REMO_new2_AdaMaO_SDEOnly_UniformMix_Pruned_Weighted\REMO_new2_AdaMaO_SDEOnly_UniformMix_Pruned_Weighted_WFG1_M15_D30_1.mat (valid, final IGD 4.169827)
[2026-09-14 00:01:04] [skip] D:\REMOandDREMO测试集\15目标\REMO_new2_AdaMaO_SDEOnly_UniformMix_Pruned_Weighted\REMO_new2_AdaMaO_SDEOnly_UniformMix_Pruned_Weighted_WFG1_M15_D30_5.mat (valid, final IGD 4.174623)
[2026-09-14 00:01:06] [skip] D:\REMOandDREMO测试集\15目标\REMO_new2_AdaMaO_SDEOnly_UniformMix_Pruned_Weighted\REMO_new2_AdaMaO_SDEOnly_UniformMix_Pruned_Weighted_WFG1_M15_D30_9.mat (valid, final IGD 4.038805)
[2026-09-14 00:01:08] [skip] D:\REMOandDREMO测试集\15目标\REMO_new2_AdaMaO_SDEOnly_UniformMix_Pruned_Weighted\REMO_new2_AdaMaO_SDEOnly_UniformMix_Pruned_Weighted_WFG1_M15_D30_13.mat (valid, final IGD 4.185340)
[2026-09-14 00:01:10] [skip] D:\REMOandDREMO测试集\15目标\REMO_new2_AdaMaO_SDEOnly_UniformMix_Pruned_Weighted\REMO_new2_AdaMaO_SDEOnly_UniformMix_Pruned_Weighted_WFG1_M15_D30_17.mat (valid, final IGD 4.089428)
[2026-09-14 00:01:12] [skip] D:\REMOandDREMO测试集\15目标\REMO_new2_AdaMaO_SDEOnly_UniformMix_Pruned_Weighted\REMO_new2_AdaMaO_SDEOnly_UniformMix_Pruned_Weighted_WFG1_M15_D30_21.mat (valid, final IGD 3.973616)
[2026-09-14 00:01:13] [skip] D:\REMOandDREMO测试集\15目标\REMO_new2_AdaMaO_SDEOnly_UniformMix_Pruned_Weighted\REMO_new2_AdaMaO_SDEOnly_UniformMix_Pruned_Weighted_WFG1_M15_D30_25.mat (valid, final IGD 4.113335)
[2026-09-14 00:01:15] [skip] D:\REMOandDREMO测试集\15目标\REMO_new2_AdaMaO_SDEOnly_UniformMix_Pruned_Weighted\REMO_new2_AdaMaO_SDEOnly_UniformMix_Pruned_Weighted_WFG1_M15_D30_29.mat (valid, final IGD 4.131670)
[2026-09-14 00:01:18] [skip] D:\REMOandDREMO测试集\15目标\REMO_new2_AdaMaO_SDEOnly_UniformMix_Pruned_Weighted\REMO_new2_AdaMaO_SDEOnly_UniformMix_Pruned_Weighted_WFG2_M15_D30_3.mat (valid, final IGD 2.863004)
[2026-09-14 00:01:20] [skip] D:\REMOandDREMO测试集\15目标\REMO_new2_AdaMaO_SDEOnly_UniformMix_Pruned_Weighted\REMO_new2_AdaMaO_SDEOnly_UniformMix_Pruned_Weighted_WFG2_M15_D30_7.mat (valid, final IGD 2.562843)
[2026-09-14 00:01:22] [skip] D:\REMOandDREMO测试集\15目标\REMO_new2_AdaMaO_SDEOnly_UniformMix_Pruned_Weighted\REMO_new2_AdaMaO_SDEOnly_UniformMix_Pruned_Weighted_WFG2_M15_D30_11.mat (valid, final IGD 3.792434)
[2026-09-14 00:01:25] [skip] D:\REMOandDREMO测试集\15目标\REMO_new2_AdaMaO_SDEOnly_UniformMix_Pruned_Weighted\REMO_new2_AdaMaO_SDEOnly_UniformMix_Pruned_Weighted_WFG2_M15_D30_15.mat (valid, final IGD 3.066179)
[2026-09-14 00:01:27] [skip] D:\REMOandDREMO测试集\15目标\REMO_new2_AdaMaO_SDEOnly_UniformMix_Pruned_Weighted\REMO_new2_AdaMaO_SDEOnly_UniformMix_Pruned_Weighted_WFG2_M15_D30_19.mat (valid, final IGD 2.760760)
[2026-09-14 00:01:29] [skip] D:\REMOandDREMO测试集\15目标\REMO_new2_AdaMaO_SDEOnly_UniformMix_Pruned_Weighted\REMO_new2_AdaMaO_SDEOnly_UniformMix_Pruned_Weighted_WFG2_M15_D30_23.mat (valid, final IGD 2.689236)
[2026-09-14 00:01:31] [skip] D:\REMOandDREMO测试集\15目标\REMO_new2_AdaMaO_SDEOnly_UniformMix_Pruned_Weighted\REMO_new2_AdaMaO_SDEOnly_UniformMix_Pruned_Weighted_WFG2_M15_D30_27.mat (valid, final IGD 2.999177)
[2026-09-14 00:01:31] [skip] D:\REMOandDREMO测试集\15目标\REMO_new2_AdaMaO_SDEOnly_UniformMix_Pruned_Weighted\REMO_new2_AdaMaO_SDEOnly_UniformMix_Pruned_Weighted_WFG3_M15_D30_1.mat (valid, final IGD 2.272086)
[2026-09-14 00:01:31] [skip] D:\REMOandDREMO测试集\15目标\REMO_new2_AdaMaO_SDEOnly_UniformMix_Pruned_Weighted\REMO_new2_AdaMaO_SDEOnly_UniformMix_Pruned_Weighted_WFG3_M15_D30_5.mat (valid, final IGD 2.170264)
[2026-09-14 00:01:31] [skip] D:\REMOandDREMO测试集\15目标\REMO_new2_AdaMaO_SDEOnly_UniformMix_Pruned_Weighted\REMO_new2_AdaMaO_SDEOnly_UniformMix_Pruned_Weighted_WFG3_M15_D30_9.mat (valid, final IGD 2.389361)
[2026-09-14 00:01:31] [skip] D:\REMOandDREMO测试集\15目标\REMO_new2_AdaMaO_SDEOnly_UniformMix_Pruned_Weighted\REMO_new2_AdaMaO_SDEOnly_UniformMix_Pruned_Weighted_WFG3_M15_D30_13.mat (valid, final IGD 2.297986)
[2026-09-14 00:01:31] [skip] D:\REMOandDREMO测试集\15目标\REMO_new2_AdaMaO_SDEOnly_UniformMix_Pruned_Weighted\REMO_new2_AdaMaO_SDEOnly_UniformMix_Pruned_Weighted_WFG3_M15_D30_17.mat (valid, final IGD 2.175210)
[2026-09-14 00:01:31] [skip] D:\REMOandDREMO测试集\15目标\REMO_new2_AdaMaO_SDEOnly_UniformMix_Pruned_Weighted\REMO_new2_AdaMaO_SDEOnly_UniformMix_Pruned_Weighted_WFG3_M15_D30_21.mat (valid, final IGD 2.259756)
[2026-09-14 00:01:31] [skip] D:\REMOandDREMO测试集\15目标\REMO_new2_AdaMaO_SDEOnly_UniformMix_Pruned_Weighted\REMO_new2_AdaMaO_SDEOnly_UniformMix_Pruned_Weighted_WFG3_M15_D30_25.mat (valid, final IGD 2.268928)
[2026-09-14 00:01:31] [skip] D:\REMOandDREMO测试集\15目标\REMO_new2_AdaMaO_SDEOnly_UniformMix_Pruned_Weighted\REMO_new2_AdaMaO_SDEOnly_UniformMix_Pruned_Weighted_WFG3_M15_D30_29.mat (valid, final IGD 2.353158)
[2026-09-14 00:01:31] [skip] D:\REMOandDREMO测试集\15目标\REMO_new2_AdaMaO_SDEOnly_UniformMix_Pruned_Weighted\REMO_new2_AdaMaO_SDEOnly_UniformMix_Pruned_Weighted_WFG4_M15_D30_3.mat (valid, final IGD 15.030978)
[2026-09-14 00:01:31] [skip] D:\REMOandDREMO测试集\15目标\REMO_new2_AdaMaO_SDEOnly_UniformMix_Pruned_Weighted\REMO_new2_AdaMaO_SDEOnly_UniformMix_Pruned_Weighted_WFG4_M15_D30_7.mat (valid, final IGD 13.503495)
[2026-09-14 00:01:31] [skip] D:\REMOandDREMO测试集\15目标\REMO_new2_AdaMaO_SDEOnly_UniformMix_Pruned_Weighted\REMO_new2_AdaMaO_SDEOnly_UniformMix_Pruned_Weighted_WFG4_M15_D30_11.mat (valid, final IGD 12.416246)
[2026-09-14 00:01:31] [skip] D:\REMOandDREMO测试集\15目标\REMO_new2_AdaMaO_SDEOnly_UniformMix_Pruned_Weighted\REMO_new2_AdaMaO_SDEOnly_UniformMix_Pruned_Weighted_WFG4_M15_D30_15.mat (valid, final IGD 13.828457)
[2026-09-14 00:01:31] [skip] D:\REMOandDREMO测试集\15目标\REMO_new2_AdaMaO_SDEOnly_UniformMix_Pruned_Weighted\REMO_new2_AdaMaO_SDEOnly_UniformMix_Pruned_Weighted_WFG4_M15_D30_19.mat (valid, final IGD 12.195736)
[2026-09-14 00:01:31] [skip] D:\REMOandDREMO测试集\15目标\REMO_new2_AdaMaO_SDEOnly_UniformMix_Pruned_Weighted\REMO_new2_AdaMaO_SDEOnly_UniformMix_Pruned_Weighted_WFG4_M15_D30_23.mat (valid, final IGD 14.492816)
[2026-09-14 00:01:31] [skip] D:\REMOandDREMO测试集\15目标\REMO_new2_AdaMaO_SDEOnly_UniformMix_Pruned_Weighted\REMO_new2_AdaMaO_SDEOnly_UniformMix_Pruned_Weighted_WFG4_M15_D30_27.mat (valid, final IGD 12.719871)
[2026-09-14 00:01:31] [skip] D:\REMOandDREMO测试集\15目标\REMO_new2_AdaMaO_SDEOnly_UniformMix_Pruned_Weighted\REMO_new2_AdaMaO_SDEOnly_UniformMix_Pruned_Weighted_WFG5_M15_D30_1.mat (valid, final IGD 11.991974)
[2026-09-14 00:01:31] [skip] D:\REMOandDREMO测试集\15目标\REMO_new2_AdaMaO_SDEOnly_UniformMix_Pruned_Weighted\REMO_new2_AdaMaO_SDEOnly_UniformMix_Pruned_Weighted_WFG5_M15_D30_5.mat (valid, final IGD 11.707910)
[2026-09-14 00:06:12] [done] WFG5 run 9 seed 21772921 | IGD first 15.0659 -> final 12.1511 | runtime 280.1s | wall 280.9s | ok
[2026-09-14 00:10:39] [done] WFG5 run 13 seed 21772925 | IGD first 14.3892 -> final 11.3036 | runtime 266.5s | wall 267.1s | ok
[2026-09-14 00:14:46] [done] WFG5 run 17 seed 21772929 | IGD first 16.6069 -> final 13.5548 | runtime 246.4s | wall 246.9s | ok
[2026-09-14 00:19:14] [done] WFG5 run 21 seed 21772933 | IGD first 15.002 -> final 12.194 | runtime 267.3s | wall 267.8s | ok
[2026-09-14 00:23:31] [done] WFG5 run 25 seed 21772937 | IGD first 14.6416 -> final 11.3741 | runtime 256.2s | wall 256.7s | ok
[2026-09-14 00:27:48] [done] WFG5 run 29 seed 21772941 | IGD first 15.7658 -> final 12.1988 | runtime 256.9s | wall 257.4s | ok
[2026-09-14 00:31:59] [done] WFG6 run 3 seed 21773915 | IGD first 17.076 -> final 9.57834 | runtime 250.1s | wall 250.6s | ok
[2026-09-14 00:36:08] [done] WFG6 run 7 seed 21773919 | IGD first 15.562 -> final 11.4672 | runtime 248.7s | wall 249.2s | ok
[2026-09-14 00:40:12] [done] WFG6 run 11 seed 21773923 | IGD first 15.483 -> final 10.1361 | runtime 243.5s | wall 244.0s | ok
[2026-09-14 00:44:23] [done] WFG6 run 15 seed 21773927 | IGD first 16.3756 -> final 10.3012 | runtime 250.8s | wall 251.3s | ok
[2026-09-14 00:48:34] [done] WFG6 run 19 seed 21773931 | IGD first 16.038 -> final 9.95572 | runtime 250.0s | wall 250.5s | ok
[2026-09-14 00:52:40] [done] WFG6 run 23 seed 21773935 | IGD first 16.492 -> final 10.4278 | runtime 246.1s | wall 246.6s | ok
[2026-09-14 00:56:47] [done] WFG6 run 27 seed 21773939 | IGD first 16.3068 -> final 10.5833 | runtime 245.7s | wall 246.2s | ok
[2026-09-14 01:00:53] [done] WFG7 run 1 seed 21774913 | IGD first 16.5899 -> final 11.2985 | runtime 245.5s | wall 246.0s | ok
[2026-09-14 01:05:12] [done] WFG7 run 5 seed 21774917 | IGD first 16.3657 -> final 11.5582 | runtime 258.7s | wall 259.2s | ok
[2026-09-14 01:09:30] [done] WFG7 run 9 seed 21774921 | IGD first 17.3018 -> final 11.0798 | runtime 257.5s | wall 258.0s | ok
[2026-09-14 01:13:43] [done] WFG7 run 13 seed 21774925 | IGD first 18.3528 -> final 11.6091 | runtime 252.5s | wall 253.1s | ok
[2026-09-14 01:17:54] [done] WFG7 run 17 seed 21774929 | IGD first 18.4441 -> final 12.1557 | runtime 250.6s | wall 251.1s | ok
[2026-09-14 01:22:08] [done] WFG7 run 21 seed 21774933 | IGD first 18.5492 -> final 10.7366 | runtime 253.4s | wall 253.8s | ok
[2026-09-14 01:26:20] [done] WFG7 run 25 seed 21774937 | IGD first 17.9633 -> final 12.0179 | runtime 251.2s | wall 251.7s | ok
[2026-09-14 02:35:19] part 1 attempt 1 launching MATLAB (alg=REMO_new2_AdaMaO_SDEOnly_UniformMix_Pruned_Weighted params=3000,0.50,0.25,0.70,6 func=run_WeightedWFG_M15)
[2026-09-14 02:36:23] PlatEMO root: D:\PlatEMO-master\PlatEMO-master\PlatEMO
[2026-09-14 02:36:33] WFG1: M=15 D=30 maxFE=300 (canonical index 8)
[2026-09-14 02:36:36] WFG2: M=15 D=30 maxFE=300 (canonical index 9)
[2026-09-14 02:36:36] WFG3: M=15 D=30 maxFE=300 (canonical index 10)
[2026-09-14 02:36:36] WFG4: M=15 D=30 maxFE=300 (canonical index 11)
[2026-09-14 02:36:36] WFG5: M=15 D=30 maxFE=300 (canonical index 12)
[2026-09-14 02:36:36] WFG6: M=15 D=30 maxFE=300 (canonical index 13)
[2026-09-14 02:36:36] WFG7: M=15 D=30 maxFE=300 (canonical index 14)
[2026-09-14 02:36:36] WFG8: M=15 D=30 maxFE=300 (canonical index 15)
[2026-09-14 02:36:36] WFG9: M=15 D=30 maxFE=300 (canonical index 16)
[2026-09-14 02:36:36] Algorithm REMO_new2_AdaMaO_SDEOnly_UniformMix_Pruned_Weighted | parameters [3000            0.5           0.25            0.7              6]
[2026-09-14 02:36:36] SaveCount 30 | Runs 30 | M 15 | requested D 30 | N 100 | maxFE 300 | modeRunId 1 | seedBase 20260912
[2026-09-14 02:36:36] Slice 1/4 -> 68 of 270 jobs
[2026-09-14 02:36:39] [skip] D:\REMOandDREMO测试集\15目标\REMO_new2_AdaMaO_SDEOnly_UniformMix_Pruned_Weighted\REMO_new2_AdaMaO_SDEOnly_UniformMix_Pruned_Weighted_WFG1_M15_D30_1.mat (valid, final IGD 4.169827)
[2026-09-14 02:36:41] [skip] D:\REMOandDREMO测试集\15目标\REMO_new2_AdaMaO_SDEOnly_UniformMix_Pruned_Weighted\REMO_new2_AdaMaO_SDEOnly_UniformMix_Pruned_Weighted_WFG1_M15_D30_5.mat (valid, final IGD 4.174623)
[2026-09-14 02:36:44] [skip] D:\REMOandDREMO测试集\15目标\REMO_new2_AdaMaO_SDEOnly_UniformMix_Pruned_Weighted\REMO_new2_AdaMaO_SDEOnly_UniformMix_Pruned_Weighted_WFG1_M15_D30_9.mat (valid, final IGD 4.038805)
[2026-09-14 02:36:46] [skip] D:\REMOandDREMO测试集\15目标\REMO_new2_AdaMaO_SDEOnly_UniformMix_Pruned_Weighted\REMO_new2_AdaMaO_SDEOnly_UniformMix_Pruned_Weighted_WFG1_M15_D30_13.mat (valid, final IGD 4.185340)
[2026-09-14 02:36:48] [skip] D:\REMOandDREMO测试集\15目标\REMO_new2_AdaMaO_SDEOnly_UniformMix_Pruned_Weighted\REMO_new2_AdaMaO_SDEOnly_UniformMix_Pruned_Weighted_WFG1_M15_D30_17.mat (valid, final IGD 4.089428)
[2026-09-14 02:36:50] [skip] D:\REMOandDREMO测试集\15目标\REMO_new2_AdaMaO_SDEOnly_UniformMix_Pruned_Weighted\REMO_new2_AdaMaO_SDEOnly_UniformMix_Pruned_Weighted_WFG1_M15_D30_21.mat (valid, final IGD 3.973616)
[2026-09-14 02:36:51] [skip] D:\REMOandDREMO测试集\15目标\REMO_new2_AdaMaO_SDEOnly_UniformMix_Pruned_Weighted\REMO_new2_AdaMaO_SDEOnly_UniformMix_Pruned_Weighted_WFG1_M15_D30_25.mat (valid, final IGD 4.113335)
[2026-09-14 02:36:53] [skip] D:\REMOandDREMO测试集\15目标\REMO_new2_AdaMaO_SDEOnly_UniformMix_Pruned_Weighted\REMO_new2_AdaMaO_SDEOnly_UniformMix_Pruned_Weighted_WFG1_M15_D30_29.mat (valid, final IGD 4.131670)
[2026-09-14 02:36:55] [skip] D:\REMOandDREMO测试集\15目标\REMO_new2_AdaMaO_SDEOnly_UniformMix_Pruned_Weighted\REMO_new2_AdaMaO_SDEOnly_UniformMix_Pruned_Weighted_WFG2_M15_D30_3.mat (valid, final IGD 2.863004)
[2026-09-14 02:36:57] [skip] D:\REMOandDREMO测试集\15目标\REMO_new2_AdaMaO_SDEOnly_UniformMix_Pruned_Weighted\REMO_new2_AdaMaO_SDEOnly_UniformMix_Pruned_Weighted_WFG2_M15_D30_7.mat (valid, final IGD 2.562843)
[2026-09-14 02:36:59] [skip] D:\REMOandDREMO测试集\15目标\REMO_new2_AdaMaO_SDEOnly_UniformMix_Pruned_Weighted\REMO_new2_AdaMaO_SDEOnly_UniformMix_Pruned_Weighted_WFG2_M15_D30_11.mat (valid, final IGD 3.792434)
[2026-09-14 02:37:01] [skip] D:\REMOandDREMO测试集\15目标\REMO_new2_AdaMaO_SDEOnly_UniformMix_Pruned_Weighted\REMO_new2_AdaMaO_SDEOnly_UniformMix_Pruned_Weighted_WFG2_M15_D30_15.mat (valid, final IGD 3.066179)
[2026-09-14 02:37:03] [skip] D:\REMOandDREMO测试集\15目标\REMO_new2_AdaMaO_SDEOnly_UniformMix_Pruned_Weighted\REMO_new2_AdaMaO_SDEOnly_UniformMix_Pruned_Weighted_WFG2_M15_D30_19.mat (valid, final IGD 2.760760)
[2026-09-14 02:37:06] [skip] D:\REMOandDREMO测试集\15目标\REMO_new2_AdaMaO_SDEOnly_UniformMix_Pruned_Weighted\REMO_new2_AdaMaO_SDEOnly_UniformMix_Pruned_Weighted_WFG2_M15_D30_23.mat (valid, final IGD 2.689236)
[2026-09-14 02:37:08] [skip] D:\REMOandDREMO测试集\15目标\REMO_new2_AdaMaO_SDEOnly_UniformMix_Pruned_Weighted\REMO_new2_AdaMaO_SDEOnly_UniformMix_Pruned_Weighted_WFG2_M15_D30_27.mat (valid, final IGD 2.999177)
[2026-09-14 02:37:08] [skip] D:\REMOandDREMO测试集\15目标\REMO_new2_AdaMaO_SDEOnly_UniformMix_Pruned_Weighted\REMO_new2_AdaMaO_SDEOnly_UniformMix_Pruned_Weighted_WFG3_M15_D30_1.mat (valid, final IGD 2.272086)
[2026-09-14 02:37:08] [skip] D:\REMOandDREMO测试集\15目标\REMO_new2_AdaMaO_SDEOnly_UniformMix_Pruned_Weighted\REMO_new2_AdaMaO_SDEOnly_UniformMix_Pruned_Weighted_WFG3_M15_D30_5.mat (valid, final IGD 2.170264)
[2026-09-14 02:37:08] [skip] D:\REMOandDREMO测试集\15目标\REMO_new2_AdaMaO_SDEOnly_UniformMix_Pruned_Weighted\REMO_new2_AdaMaO_SDEOnly_UniformMix_Pruned_Weighted_WFG3_M15_D30_9.mat (valid, final IGD 2.389361)
[2026-09-14 02:37:08] [skip] D:\REMOandDREMO测试集\15目标\REMO_new2_AdaMaO_SDEOnly_UniformMix_Pruned_Weighted\REMO_new2_AdaMaO_SDEOnly_UniformMix_Pruned_Weighted_WFG3_M15_D30_13.mat (valid, final IGD 2.297986)
[2026-09-14 02:37:08] [skip] D:\REMOandDREMO测试集\15目标\REMO_new2_AdaMaO_SDEOnly_UniformMix_Pruned_Weighted\REMO_new2_AdaMaO_SDEOnly_UniformMix_Pruned_Weighted_WFG3_M15_D30_17.mat (valid, final IGD 2.175210)
[2026-09-14 02:37:08] [skip] D:\REMOandDREMO测试集\15目标\REMO_new2_AdaMaO_SDEOnly_UniformMix_Pruned_Weighted\REMO_new2_AdaMaO_SDEOnly_UniformMix_Pruned_Weighted_WFG3_M15_D30_21.mat (valid, final IGD 2.259756)
[2026-09-14 02:37:08] [skip] D:\REMOandDREMO测试集\15目标\REMO_new2_AdaMaO_SDEOnly_UniformMix_Pruned_Weighted\REMO_new2_AdaMaO_SDEOnly_UniformMix_Pruned_Weighted_WFG3_M15_D30_25.mat (valid, final IGD 2.268928)
[2026-09-14 02:37:08] [skip] D:\REMOandDREMO测试集\15目标\REMO_new2_AdaMaO_SDEOnly_UniformMix_Pruned_Weighted\REMO_new2_AdaMaO_SDEOnly_UniformMix_Pruned_Weighted_WFG3_M15_D30_29.mat (valid, final IGD 2.353158)
[2026-09-14 02:37:08] [skip] D:\REMOandDREMO测试集\15目标\REMO_new2_AdaMaO_SDEOnly_UniformMix_Pruned_Weighted\REMO_new2_AdaMaO_SDEOnly_UniformMix_Pruned_Weighted_WFG4_M15_D30_3.mat (valid, final IGD 15.030978)
[2026-09-14 02:37:08] [skip] D:\REMOandDREMO测试集\15目标\REMO_new2_AdaMaO_SDEOnly_UniformMix_Pruned_Weighted\REMO_new2_AdaMaO_SDEOnly_UniformMix_Pruned_Weighted_WFG4_M15_D30_7.mat (valid, final IGD 13.503495)
[2026-09-14 02:37:08] [skip] D:\REMOandDREMO测试集\15目标\REMO_new2_AdaMaO_SDEOnly_UniformMix_Pruned_Weighted\REMO_new2_AdaMaO_SDEOnly_UniformMix_Pruned_Weighted_WFG4_M15_D30_11.mat (valid, final IGD 12.416246)
[2026-09-14 02:37:08] [skip] D:\REMOandDREMO测试集\15目标\REMO_new2_AdaMaO_SDEOnly_UniformMix_Pruned_Weighted\REMO_new2_AdaMaO_SDEOnly_UniformMix_Pruned_Weighted_WFG4_M15_D30_15.mat (valid, final IGD 13.828457)
[2026-09-14 02:37:08] [skip] D:\REMOandDREMO测试集\15目标\REMO_new2_AdaMaO_SDEOnly_UniformMix_Pruned_Weighted\REMO_new2_AdaMaO_SDEOnly_UniformMix_Pruned_Weighted_WFG4_M15_D30_19.mat (valid, final IGD 12.195736)
[2026-09-14 02:37:08] [skip] D:\REMOandDREMO测试集\15目标\REMO_new2_AdaMaO_SDEOnly_UniformMix_Pruned_Weighted\REMO_new2_AdaMaO_SDEOnly_UniformMix_Pruned_Weighted_WFG4_M15_D30_23.mat (valid, final IGD 14.492816)
[2026-09-14 02:37:08] [skip] D:\REMOandDREMO测试集\15目标\REMO_new2_AdaMaO_SDEOnly_UniformMix_Pruned_Weighted\REMO_new2_AdaMaO_SDEOnly_UniformMix_Pruned_Weighted_WFG4_M15_D30_27.mat (valid, final IGD 12.719871)
[2026-09-14 02:37:08] [skip] D:\REMOandDREMO测试集\15目标\REMO_new2_AdaMaO_SDEOnly_UniformMix_Pruned_Weighted\REMO_new2_AdaMaO_SDEOnly_UniformMix_Pruned_Weighted_WFG5_M15_D30_1.mat (valid, final IGD 11.991974)
[2026-09-14 02:37:08] [skip] D:\REMOandDREMO测试集\15目标\REMO_new2_AdaMaO_SDEOnly_UniformMix_Pruned_Weighted\REMO_new2_AdaMaO_SDEOnly_UniformMix_Pruned_Weighted_WFG5_M15_D30_5.mat (valid, final IGD 11.707910)
[2026-09-14 02:37:08] [skip] D:\REMOandDREMO测试集\15目标\REMO_new2_AdaMaO_SDEOnly_UniformMix_Pruned_Weighted\REMO_new2_AdaMaO_SDEOnly_UniformMix_Pruned_Weighted_WFG5_M15_D30_9.mat (valid, final IGD 12.151103)
[2026-09-14 02:37:08] [skip] D:\REMOandDREMO测试集\15目标\REMO_new2_AdaMaO_SDEOnly_UniformMix_Pruned_Weighted\REMO_new2_AdaMaO_SDEOnly_UniformMix_Pruned_Weighted_WFG5_M15_D30_13.mat (valid, final IGD 11.303609)
[2026-09-14 02:37:08] [skip] D:\REMOandDREMO测试集\15目标\REMO_new2_AdaMaO_SDEOnly_UniformMix_Pruned_Weighted\REMO_new2_AdaMaO_SDEOnly_UniformMix_Pruned_Weighted_WFG5_M15_D30_17.mat (valid, final IGD 13.554844)
[2026-09-14 02:37:08] [skip] D:\REMOandDREMO测试集\15目标\REMO_new2_AdaMaO_SDEOnly_UniformMix_Pruned_Weighted\REMO_new2_AdaMaO_SDEOnly_UniformMix_Pruned_Weighted_WFG5_M15_D30_21.mat (valid, final IGD 12.193993)
[2026-09-14 02:37:08] [skip] D:\REMOandDREMO测试集\15目标\REMO_new2_AdaMaO_SDEOnly_UniformMix_Pruned_Weighted\REMO_new2_AdaMaO_SDEOnly_UniformMix_Pruned_Weighted_WFG5_M15_D30_25.mat (valid, final IGD 11.374080)
[2026-09-14 02:37:08] [skip] D:\REMOandDREMO测试集\15目标\REMO_new2_AdaMaO_SDEOnly_UniformMix_Pruned_Weighted\REMO_new2_AdaMaO_SDEOnly_UniformMix_Pruned_Weighted_WFG5_M15_D30_29.mat (valid, final IGD 12.198824)
[2026-09-14 02:37:08] [skip] D:\REMOandDREMO测试集\15目标\REMO_new2_AdaMaO_SDEOnly_UniformMix_Pruned_Weighted\REMO_new2_AdaMaO_SDEOnly_UniformMix_Pruned_Weighted_WFG6_M15_D30_3.mat (valid, final IGD 9.578336)
[2026-09-14 02:37:08] [skip] D:\REMOandDREMO测试集\15目标\REMO_new2_AdaMaO_SDEOnly_UniformMix_Pruned_Weighted\REMO_new2_AdaMaO_SDEOnly_UniformMix_Pruned_Weighted_WFG6_M15_D30_7.mat (valid, final IGD 11.467169)
[2026-09-14 02:37:08] [skip] D:\REMOandDREMO测试集\15目标\REMO_new2_AdaMaO_SDEOnly_UniformMix_Pruned_Weighted\REMO_new2_AdaMaO_SDEOnly_UniformMix_Pruned_Weighted_WFG6_M15_D30_11.mat (valid, final IGD 10.136068)
[2026-09-14 02:37:08] [skip] D:\REMOandDREMO测试集\15目标\REMO_new2_AdaMaO_SDEOnly_UniformMix_Pruned_Weighted\REMO_new2_AdaMaO_SDEOnly_UniformMix_Pruned_Weighted_WFG6_M15_D30_15.mat (valid, final IGD 10.301224)
[2026-09-14 02:37:08] [skip] D:\REMOandDREMO测试集\15目标\REMO_new2_AdaMaO_SDEOnly_UniformMix_Pruned_Weighted\REMO_new2_AdaMaO_SDEOnly_UniformMix_Pruned_Weighted_WFG6_M15_D30_19.mat (valid, final IGD 9.955724)
[2026-09-14 02:37:08] [skip] D:\REMOandDREMO测试集\15目标\REMO_new2_AdaMaO_SDEOnly_UniformMix_Pruned_Weighted\REMO_new2_AdaMaO_SDEOnly_UniformMix_Pruned_Weighted_WFG6_M15_D30_23.mat (valid, final IGD 10.427796)
[2026-09-14 02:37:08] [skip] D:\REMOandDREMO测试集\15目标\REMO_new2_AdaMaO_SDEOnly_UniformMix_Pruned_Weighted\REMO_new2_AdaMaO_SDEOnly_UniformMix_Pruned_Weighted_WFG6_M15_D30_27.mat (valid, final IGD 10.583269)
[2026-09-14 02:37:08] [skip] D:\REMOandDREMO测试集\15目标\REMO_new2_AdaMaO_SDEOnly_UniformMix_Pruned_Weighted\REMO_new2_AdaMaO_SDEOnly_UniformMix_Pruned_Weighted_WFG7_M15_D30_1.mat (valid, final IGD 11.298483)
[2026-09-14 02:37:08] [skip] D:\REMOandDREMO测试集\15目标\REMO_new2_AdaMaO_SDEOnly_UniformMix_Pruned_Weighted\REMO_new2_AdaMaO_SDEOnly_UniformMix_Pruned_Weighted_WFG7_M15_D30_5.mat (valid, final IGD 11.558215)
[2026-09-14 02:37:08] [skip] D:\REMOandDREMO测试集\15目标\REMO_new2_AdaMaO_SDEOnly_UniformMix_Pruned_Weighted\REMO_new2_AdaMaO_SDEOnly_UniformMix_Pruned_Weighted_WFG7_M15_D30_9.mat (valid, final IGD 11.079799)
[2026-09-14 02:37:08] [skip] D:\REMOandDREMO测试集\15目标\REMO_new2_AdaMaO_SDEOnly_UniformMix_Pruned_Weighted\REMO_new2_AdaMaO_SDEOnly_UniformMix_Pruned_Weighted_WFG7_M15_D30_13.mat (valid, final IGD 11.609083)
[2026-09-14 02:37:08] [skip] D:\REMOandDREMO测试集\15目标\REMO_new2_AdaMaO_SDEOnly_UniformMix_Pruned_Weighted\REMO_new2_AdaMaO_SDEOnly_UniformMix_Pruned_Weighted_WFG7_M15_D30_17.mat (valid, final IGD 12.155709)
[2026-09-14 02:37:08] [skip] D:\REMOandDREMO测试集\15目标\REMO_new2_AdaMaO_SDEOnly_UniformMix_Pruned_Weighted\REMO_new2_AdaMaO_SDEOnly_UniformMix_Pruned_Weighted_WFG7_M15_D30_21.mat (valid, final IGD 10.736580)
[2026-09-14 02:37:08] [skip] D:\REMOandDREMO测试集\15目标\REMO_new2_AdaMaO_SDEOnly_UniformMix_Pruned_Weighted\REMO_new2_AdaMaO_SDEOnly_UniformMix_Pruned_Weighted_WFG7_M15_D30_25.mat (valid, final IGD 12.017933)
[2026-09-14 02:41:38] [done] WFG7 run 29 seed 21774941 | IGD first 17.9052 -> final 11.6335 | runtime 269.4s | wall 270.2s | ok
[2026-09-14 02:45:47] [done] WFG8 run 3 seed 21775915 | IGD first 16.3811 -> final 11.322 | runtime 247.5s | wall 248.1s | ok
[2026-09-14 02:50:12] [done] WFG8 run 7 seed 21775919 | IGD first 16.8745 -> final 11.8243 | runtime 264.7s | wall 265.2s | ok
[2026-09-14 02:54:37] [done] WFG8 run 11 seed 21775923 | IGD first 16.5155 -> final 12.4798 | runtime 265.0s | wall 265.4s | ok
[2026-09-14 02:58:51] [done] WFG8 run 15 seed 21775927 | IGD first 15.9847 -> final 11.6025 | runtime 253.5s | wall 253.9s | ok
[2026-09-14 03:02:56] [done] WFG8 run 19 seed 21775931 | IGD first 16.6751 -> final 10.9956 | runtime 244.2s | wall 244.7s | ok
[2026-09-14 03:07:01] [done] WFG8 run 23 seed 21775935 | IGD first 16.7815 -> final 11.6587 | runtime 244.7s | wall 245.2s | ok
[2026-09-14 03:11:10] [done] WFG8 run 27 seed 21775939 | IGD first 16.8794 -> final 11.9822 | runtime 248.2s | wall 248.8s | ok
[2026-09-14 03:15:28] [done] WFG9 run 1 seed 21776913 | IGD first 16.5638 -> final 13.8069 | runtime 258.0s | wall 258.5s | ok
[2026-09-14 03:19:44] [done] WFG9 run 5 seed 21776917 | IGD first 17.3685 -> final 13.3386 | runtime 255.3s | wall 255.8s | ok
[2026-09-14 03:23:59] [done] WFG9 run 9 seed 21776921 | IGD first 16.7436 -> final 14.1269 | runtime 254.2s | wall 254.7s | ok
[2026-09-14 03:28:18] [done] WFG9 run 13 seed 21776925 | IGD first 16.0674 -> final 13.8004 | runtime 258.9s | wall 259.4s | ok
[2026-09-14 03:32:39] [done] WFG9 run 17 seed 21776929 | IGD first 16.4881 -> final 13.2822 | runtime 260.6s | wall 261.1s | ok
[2026-09-14 03:37:00] [done] WFG9 run 21 seed 21776933 | IGD first 15.7286 -> final 14.1524 | runtime 260.3s | wall 260.8s | ok
[2026-09-14 03:40:45] [done] WFG9 run 25 seed 21776937 | IGD first 17.482 -> final 13.4021 | runtime 224.2s | wall 224.7s | ok
[2026-09-14 03:44:26] [done] WFG9 run 29 seed 21776941 | IGD first 16.3249 -> final 12.6457 | runtime 220.5s | wall 221.0s | ok
[2026-09-14 03:44:26] ==== part 1/4 done: 68 runs (52 skipped) in 4069.3 s (1.1 h) ====
[2026-09-14 03:44:26] Summary CSV: D:\REMOandDREMO测试集\15目标\REMO_new2_AdaMaO_SDEOnly_UniformMix_Pruned_Weighted\_runlog_part1of4.csv

ans = 

  包含以下字段的 1x68 struct 数组:

    Problem
    Run
    File
    Status
    IGD
    Runtime
    FE
    D
    Seed
    Seconds

[2026-09-14 03:44:31] part 1 attempt 1 exited rc=0
[2026-09-14 03:44:31] part 1 COMPLETE after 1 attempt(s)
[2026-09-14 03:58:14] part 1 attempt 1 launching MATLAB (alg=REMO_new2_AdaMaO_SDEOnly_UniformMix_Pruned_Weighted params=3000,0.50,0.25,0.70,6 func=run_WeightedWFG_M15)
[2026-09-14 03:58:23] PlatEMO root: D:\PlatEMO-master\PlatEMO-master\PlatEMO
[2026-09-14 03:58:29] WFG1: M=15 D=30 maxFE=300 (canonical index 8)
[2026-09-14 03:58:32] WFG2: M=15 D=30 maxFE=300 (canonical index 9)
[2026-09-14 03:58:32] WFG3: M=15 D=30 maxFE=300 (canonical index 10)
[2026-09-14 03:58:32] WFG4: M=15 D=30 maxFE=300 (canonical index 11)
[2026-09-14 03:58:32] WFG5: M=15 D=30 maxFE=300 (canonical index 12)
[2026-09-14 03:58:32] WFG6: M=15 D=30 maxFE=300 (canonical index 13)
[2026-09-14 03:58:32] WFG7: M=15 D=30 maxFE=300 (canonical index 14)
[2026-09-14 03:58:32] WFG8: M=15 D=30 maxFE=300 (canonical index 15)
[2026-09-14 03:58:32] WFG9: M=15 D=30 maxFE=300 (canonical index 16)
[2026-09-14 03:58:32] Algorithm REMO_new2_AdaMaO_SDEOnly_UniformMix_Pruned_Weighted | parameters [3000            0.5           0.25            0.7              6]
[2026-09-14 03:58:32] SaveCount 30 | Runs 30 | M 15 | requested D 30 | N 100 | maxFE 300 | modeRunId 1 | seedBase 20260912
[2026-09-14 03:58:32] Slice 1/4 -> 68 of 270 jobs
[2026-09-14 03:58:34] [skip] D:\REMOandDREMO测试集\15目标\REMO_new2_AdaMaO_SDEOnly_UniformMix_Pruned_Weighted\REMO_new2_AdaMaO_SDEOnly_UniformMix_Pruned_Weighted_WFG1_M15_D30_1.mat (valid, final IGD 4.169827)
[2026-09-14 03:58:35] [skip] D:\REMOandDREMO测试集\15目标\REMO_new2_AdaMaO_SDEOnly_UniformMix_Pruned_Weighted\REMO_new2_AdaMaO_SDEOnly_UniformMix_Pruned_Weighted_WFG1_M15_D30_5.mat (valid, final IGD 4.174623)
[2026-09-14 03:58:37] [skip] D:\REMOandDREMO测试集\15目标\REMO_new2_AdaMaO_SDEOnly_UniformMix_Pruned_Weighted\REMO_new2_AdaMaO_SDEOnly_UniformMix_Pruned_Weighted_WFG1_M15_D30_9.mat (valid, final IGD 4.038805)
[2026-09-14 03:58:39] [skip] D:\REMOandDREMO测试集\15目标\REMO_new2_AdaMaO_SDEOnly_UniformMix_Pruned_Weighted\REMO_new2_AdaMaO_SDEOnly_UniformMix_Pruned_Weighted_WFG1_M15_D30_13.mat (valid, final IGD 4.185340)
[2026-09-14 03:58:41] [skip] D:\REMOandDREMO测试集\15目标\REMO_new2_AdaMaO_SDEOnly_UniformMix_Pruned_Weighted\REMO_new2_AdaMaO_SDEOnly_UniformMix_Pruned_Weighted_WFG1_M15_D30_17.mat (valid, final IGD 4.089428)
[2026-09-14 03:58:42] [skip] D:\REMOandDREMO测试集\15目标\REMO_new2_AdaMaO_SDEOnly_UniformMix_Pruned_Weighted\REMO_new2_AdaMaO_SDEOnly_UniformMix_Pruned_Weighted_WFG1_M15_D30_21.mat (valid, final IGD 3.973616)
[2026-09-14 03:58:44] [skip] D:\REMOandDREMO测试集\15目标\REMO_new2_AdaMaO_SDEOnly_UniformMix_Pruned_Weighted\REMO_new2_AdaMaO_SDEOnly_UniformMix_Pruned_Weighted_WFG1_M15_D30_25.mat (valid, final IGD 4.113335)
[2026-09-14 03:58:46] [skip] D:\REMOandDREMO测试集\15目标\REMO_new2_AdaMaO_SDEOnly_UniformMix_Pruned_Weighted\REMO_new2_AdaMaO_SDEOnly_UniformMix_Pruned_Weighted_WFG1_M15_D30_29.mat (valid, final IGD 4.131670)
[2026-09-14 03:58:48] [skip] D:\REMOandDREMO测试集\15目标\REMO_new2_AdaMaO_SDEOnly_UniformMix_Pruned_Weighted\REMO_new2_AdaMaO_SDEOnly_UniformMix_Pruned_Weighted_WFG2_M15_D30_3.mat (valid, final IGD 2.863004)
[2026-09-14 03:58:50] [skip] D:\REMOandDREMO测试集\15目标\REMO_new2_AdaMaO_SDEOnly_UniformMix_Pruned_Weighted\REMO_new2_AdaMaO_SDEOnly_UniformMix_Pruned_Weighted_WFG2_M15_D30_7.mat (valid, final IGD 2.562843)
[2026-09-14 03:58:53] [skip] D:\REMOandDREMO测试集\15目标\REMO_new2_AdaMaO_SDEOnly_UniformMix_Pruned_Weighted\REMO_new2_AdaMaO_SDEOnly_UniformMix_Pruned_Weighted_WFG2_M15_D30_11.mat (valid, final IGD 3.792434)
[2026-09-14 03:58:55] [skip] D:\REMOandDREMO测试集\15目标\REMO_new2_AdaMaO_SDEOnly_UniformMix_Pruned_Weighted\REMO_new2_AdaMaO_SDEOnly_UniformMix_Pruned_Weighted_WFG2_M15_D30_15.mat (valid, final IGD 3.066179)
[2026-09-14 03:58:57] [skip] D:\REMOandDREMO测试集\15目标\REMO_new2_AdaMaO_SDEOnly_UniformMix_Pruned_Weighted\REMO_new2_AdaMaO_SDEOnly_UniformMix_Pruned_Weighted_WFG2_M15_D30_19.mat (valid, final IGD 2.760760)
[2026-09-14 03:58:59] [skip] D:\REMOandDREMO测试集\15目标\REMO_new2_AdaMaO_SDEOnly_UniformMix_Pruned_Weighted\REMO_new2_AdaMaO_SDEOnly_UniformMix_Pruned_Weighted_WFG2_M15_D30_23.mat (valid, final IGD 2.689236)
[2026-09-14 03:59:01] [skip] D:\REMOandDREMO测试集\15目标\REMO_new2_AdaMaO_SDEOnly_UniformMix_Pruned_Weighted\REMO_new2_AdaMaO_SDEOnly_UniformMix_Pruned_Weighted_WFG2_M15_D30_27.mat (valid, final IGD 2.999177)
[2026-09-14 03:59:01] [skip] D:\REMOandDREMO测试集\15目标\REMO_new2_AdaMaO_SDEOnly_UniformMix_Pruned_Weighted\REMO_new2_AdaMaO_SDEOnly_UniformMix_Pruned_Weighted_WFG3_M15_D30_1.mat (valid, final IGD 2.272086)
[2026-09-14 03:59:01] [skip] D:\REMOandDREMO测试集\15目标\REMO_new2_AdaMaO_SDEOnly_UniformMix_Pruned_Weighted\REMO_new2_AdaMaO_SDEOnly_UniformMix_Pruned_Weighted_WFG3_M15_D30_5.mat (valid, final IGD 2.170264)
[2026-09-14 03:59:01] [skip] D:\REMOandDREMO测试集\15目标\REMO_new2_AdaMaO_SDEOnly_UniformMix_Pruned_Weighted\REMO_new2_AdaMaO_SDEOnly_UniformMix_Pruned_Weighted_WFG3_M15_D30_9.mat (valid, final IGD 2.389361)
[2026-09-14 03:59:01] [skip] D:\REMOandDREMO测试集\15目标\REMO_new2_AdaMaO_SDEOnly_UniformMix_Pruned_Weighted\REMO_new2_AdaMaO_SDEOnly_UniformMix_Pruned_Weighted_WFG3_M15_D30_13.mat (valid, final IGD 2.297986)
[2026-09-14 03:59:01] [skip] D:\REMOandDREMO测试集\15目标\REMO_new2_AdaMaO_SDEOnly_UniformMix_Pruned_Weighted\REMO_new2_AdaMaO_SDEOnly_UniformMix_Pruned_Weighted_WFG3_M15_D30_17.mat (valid, final IGD 2.175210)
[2026-09-14 03:59:01] [skip] D:\REMOandDREMO测试集\15目标\REMO_new2_AdaMaO_SDEOnly_UniformMix_Pruned_Weighted\REMO_new2_AdaMaO_SDEOnly_UniformMix_Pruned_Weighted_WFG3_M15_D30_21.mat (valid, final IGD 2.259756)
[2026-09-14 03:59:01] [skip] D:\REMOandDREMO测试集\15目标\REMO_new2_AdaMaO_SDEOnly_UniformMix_Pruned_Weighted\REMO_new2_AdaMaO_SDEOnly_UniformMix_Pruned_Weighted_WFG3_M15_D30_25.mat (valid, final IGD 2.268928)
[2026-09-14 03:59:01] [skip] D:\REMOandDREMO测试集\15目标\REMO_new2_AdaMaO_SDEOnly_UniformMix_Pruned_Weighted\REMO_new2_AdaMaO_SDEOnly_UniformMix_Pruned_Weighted_WFG3_M15_D30_29.mat (valid, final IGD 2.353158)
[2026-09-14 03:59:01] [skip] D:\REMOandDREMO测试集\15目标\REMO_new2_AdaMaO_SDEOnly_UniformMix_Pruned_Weighted\REMO_new2_AdaMaO_SDEOnly_UniformMix_Pruned_Weighted_WFG4_M15_D30_3.mat (valid, final IGD 15.030978)
[2026-09-14 03:59:01] [skip] D:\REMOandDREMO测试集\15目标\REMO_new2_AdaMaO_SDEOnly_UniformMix_Pruned_Weighted\REMO_new2_AdaMaO_SDEOnly_UniformMix_Pruned_Weighted_WFG4_M15_D30_7.mat (valid, final IGD 13.503495)
[2026-09-14 03:59:01] [skip] D:\REMOandDREMO测试集\15目标\REMO_new2_AdaMaO_SDEOnly_UniformMix_Pruned_Weighted\REMO_new2_AdaMaO_SDEOnly_UniformMix_Pruned_Weighted_WFG4_M15_D30_11.mat (valid, final IGD 12.416246)
[2026-09-14 03:59:01] [skip] D:\REMOandDREMO测试集\15目标\REMO_new2_AdaMaO_SDEOnly_UniformMix_Pruned_Weighted\REMO_new2_AdaMaO_SDEOnly_UniformMix_Pruned_Weighted_WFG4_M15_D30_15.mat (valid, final IGD 13.828457)
[2026-09-14 03:59:01] [skip] D:\REMOandDREMO测试集\15目标\REMO_new2_AdaMaO_SDEOnly_UniformMix_Pruned_Weighted\REMO_new2_AdaMaO_SDEOnly_UniformMix_Pruned_Weighted_WFG4_M15_D30_19.mat (valid, final IGD 12.195736)
[2026-09-14 03:59:01] [skip] D:\REMOandDREMO测试集\15目标\REMO_new2_AdaMaO_SDEOnly_UniformMix_Pruned_Weighted\REMO_new2_AdaMaO_SDEOnly_UniformMix_Pruned_Weighted_WFG4_M15_D30_23.mat (valid, final IGD 14.492816)
[2026-09-14 03:59:01] [skip] D:\REMOandDREMO测试集\15目标\REMO_new2_AdaMaO_SDEOnly_UniformMix_Pruned_Weighted\REMO_new2_AdaMaO_SDEOnly_UniformMix_Pruned_Weighted_WFG4_M15_D30_27.mat (valid, final IGD 12.719871)
[2026-09-14 03:59:01] [skip] D:\REMOandDREMO测试集\15目标\REMO_new2_AdaMaO_SDEOnly_UniformMix_Pruned_Weighted\REMO_new2_AdaMaO_SDEOnly_UniformMix_Pruned_Weighted_WFG5_M15_D30_1.mat (valid, final IGD 11.991974)
[2026-09-14 03:59:01] [skip] D:\REMOandDREMO测试集\15目标\REMO_new2_AdaMaO_SDEOnly_UniformMix_Pruned_Weighted\REMO_new2_AdaMaO_SDEOnly_UniformMix_Pruned_Weighted_WFG5_M15_D30_5.mat (valid, final IGD 11.707910)
[2026-09-14 03:59:01] [skip] D:\REMOandDREMO测试集\15目标\REMO_new2_AdaMaO_SDEOnly_UniformMix_Pruned_Weighted\REMO_new2_AdaMaO_SDEOnly_UniformMix_Pruned_Weighted_WFG5_M15_D30_9.mat (valid, final IGD 12.151103)
[2026-09-14 03:59:01] [skip] D:\REMOandDREMO测试集\15目标\REMO_new2_AdaMaO_SDEOnly_UniformMix_Pruned_Weighted\REMO_new2_AdaMaO_SDEOnly_UniformMix_Pruned_Weighted_WFG5_M15_D30_13.mat (valid, final IGD 11.303609)
[2026-09-14 03:59:01] [skip] D:\REMOandDREMO测试集\15目标\REMO_new2_AdaMaO_SDEOnly_UniformMix_Pruned_Weighted\REMO_new2_AdaMaO_SDEOnly_UniformMix_Pruned_Weighted_WFG5_M15_D30_17.mat (valid, final IGD 13.554844)
[2026-09-14 03:59:01] [skip] D:\REMOandDREMO测试集\15目标\REMO_new2_AdaMaO_SDEOnly_UniformMix_Pruned_Weighted\REMO_new2_AdaMaO_SDEOnly_UniformMix_Pruned_Weighted_WFG5_M15_D30_21.mat (valid, final IGD 12.193993)
[2026-09-14 03:59:01] [skip] D:\REMOandDREMO测试集\15目标\REMO_new2_AdaMaO_SDEOnly_UniformMix_Pruned_Weighted\REMO_new2_AdaMaO_SDEOnly_UniformMix_Pruned_Weighted_WFG5_M15_D30_25.mat (valid, final IGD 11.374080)
[2026-09-14 03:59:01] [skip] D:\REMOandDREMO测试集\15目标\REMO_new2_AdaMaO_SDEOnly_UniformMix_Pruned_Weighted\REMO_new2_AdaMaO_SDEOnly_UniformMix_Pruned_Weighted_WFG5_M15_D30_29.mat (valid, final IGD 12.198824)
[2026-09-14 03:59:01] [skip] D:\REMOandDREMO测试集\15目标\REMO_new2_AdaMaO_SDEOnly_UniformMix_Pruned_Weighted\REMO_new2_AdaMaO_SDEOnly_UniformMix_Pruned_Weighted_WFG6_M15_D30_3.mat (valid, final IGD 9.578336)
[2026-09-14 03:59:01] [skip] D:\REMOandDREMO测试集\15目标\REMO_new2_AdaMaO_SDEOnly_UniformMix_Pruned_Weighted\REMO_new2_AdaMaO_SDEOnly_UniformMix_Pruned_Weighted_WFG6_M15_D30_7.mat (valid, final IGD 11.467169)
[2026-09-14 03:59:01] [skip] D:\REMOandDREMO测试集\15目标\REMO_new2_AdaMaO_SDEOnly_UniformMix_Pruned_Weighted\REMO_new2_AdaMaO_SDEOnly_UniformMix_Pruned_Weighted_WFG6_M15_D30_11.mat (valid, final IGD 10.136068)
[2026-09-14 03:59:01] [skip] D:\REMOandDREMO测试集\15目标\REMO_new2_AdaMaO_SDEOnly_UniformMix_Pruned_Weighted\REMO_new2_AdaMaO_SDEOnly_UniformMix_Pruned_Weighted_WFG6_M15_D30_15.mat (valid, final IGD 10.301224)
[2026-09-14 03:59:01] [skip] D:\REMOandDREMO测试集\15目标\REMO_new2_AdaMaO_SDEOnly_UniformMix_Pruned_Weighted\REMO_new2_AdaMaO_SDEOnly_UniformMix_Pruned_Weighted_WFG6_M15_D30_19.mat (valid, final IGD 9.955724)
[2026-09-14 03:59:01] [skip] D:\REMOandDREMO测试集\15目标\REMO_new2_AdaMaO_SDEOnly_UniformMix_Pruned_Weighted\REMO_new2_AdaMaO_SDEOnly_UniformMix_Pruned_Weighted_WFG6_M15_D30_23.mat (valid, final IGD 10.427796)
[2026-09-14 03:59:01] [skip] D:\REMOandDREMO测试集\15目标\REMO_new2_AdaMaO_SDEOnly_UniformMix_Pruned_Weighted\REMO_new2_AdaMaO_SDEOnly_UniformMix_Pruned_Weighted_WFG6_M15_D30_27.mat (valid, final IGD 10.583269)
[2026-09-14 03:59:02] [skip] D:\REMOandDREMO测试集\15目标\REMO_new2_AdaMaO_SDEOnly_UniformMix_Pruned_Weighted\REMO_new2_AdaMaO_SDEOnly_UniformMix_Pruned_Weighted_WFG7_M15_D30_1.mat (valid, final IGD 11.298483)
[2026-09-14 03:59:02] [skip] D:\REMOandDREMO测试集\15目标\REMO_new2_AdaMaO_SDEOnly_UniformMix_Pruned_Weighted\REMO_new2_AdaMaO_SDEOnly_UniformMix_Pruned_Weighted_WFG7_M15_D30_5.mat (valid, final IGD 11.558215)
[2026-09-14 03:59:02] [skip] D:\REMOandDREMO测试集\15目标\REMO_new2_AdaMaO_SDEOnly_UniformMix_Pruned_Weighted\REMO_new2_AdaMaO_SDEOnly_UniformMix_Pruned_Weighted_WFG7_M15_D30_9.mat (valid, final IGD 11.079799)
[2026-09-14 03:59:02] [skip] D:\REMOandDREMO测试集\15目标\REMO_new2_AdaMaO_SDEOnly_UniformMix_Pruned_Weighted\REMO_new2_AdaMaO_SDEOnly_UniformMix_Pruned_Weighted_WFG7_M15_D30_13.mat (valid, final IGD 11.609083)
[2026-09-14 03:59:02] [skip] D:\REMOandDREMO测试集\15目标\REMO_new2_AdaMaO_SDEOnly_UniformMix_Pruned_Weighted\REMO_new2_AdaMaO_SDEOnly_UniformMix_Pruned_Weighted_WFG7_M15_D30_17.mat (valid, final IGD 12.155709)
[2026-09-14 03:59:02] [skip] D:\REMOandDREMO测试集\15目标\REMO_new2_AdaMaO_SDEOnly_UniformMix_Pruned_Weighted\REMO_new2_AdaMaO_SDEOnly_UniformMix_Pruned_Weighted_WFG7_M15_D30_21.mat (valid, final IGD 10.736580)
[2026-09-14 03:59:02] [skip] D:\REMOandDREMO测试集\15目标\REMO_new2_AdaMaO_SDEOnly_UniformMix_Pruned_Weighted\REMO_new2_AdaMaO_SDEOnly_UniformMix_Pruned_Weighted_WFG7_M15_D30_25.mat (valid, final IGD 12.017933)
[2026-09-14 03:59:02] [skip] D:\REMOandDREMO测试集\15目标\REMO_new2_AdaMaO_SDEOnly_UniformMix_Pruned_Weighted\REMO_new2_AdaMaO_SDEOnly_UniformMix_Pruned_Weighted_WFG7_M15_D30_29.mat (valid, final IGD 11.633466)
[2026-09-14 03:59:02] [skip] D:\REMOandDREMO测试集\15目标\REMO_new2_AdaMaO_SDEOnly_UniformMix_Pruned_Weighted\REMO_new2_AdaMaO_SDEOnly_UniformMix_Pruned_Weighted_WFG8_M15_D30_3.mat (valid, final IGD 11.322021)
[2026-09-14 03:59:02] [skip] D:\REMOandDREMO测试集\15目标\REMO_new2_AdaMaO_SDEOnly_UniformMix_Pruned_Weighted\REMO_new2_AdaMaO_SDEOnly_UniformMix_Pruned_Weighted_WFG8_M15_D30_7.mat (valid, final IGD 11.824292)
[2026-09-14 03:59:02] [skip] D:\REMOandDREMO测试集\15目标\REMO_new2_AdaMaO_SDEOnly_UniformMix_Pruned_Weighted\REMO_new2_AdaMaO_SDEOnly_UniformMix_Pruned_Weighted_WFG8_M15_D30_11.mat (valid, final IGD 12.479755)
[2026-09-14 03:59:02] [skip] D:\REMOandDREMO测试集\15目标\REMO_new2_AdaMaO_SDEOnly_UniformMix_Pruned_Weighted\REMO_new2_AdaMaO_SDEOnly_UniformMix_Pruned_Weighted_WFG8_M15_D30_15.mat (valid, final IGD 11.602503)
[2026-09-14 03:59:02] [skip] D:\REMOandDREMO测试集\15目标\REMO_new2_AdaMaO_SDEOnly_UniformMix_Pruned_Weighted\REMO_new2_AdaMaO_SDEOnly_UniformMix_Pruned_Weighted_WFG8_M15_D30_19.mat (valid, final IGD 10.995557)
[2026-09-14 03:59:02] [skip] D:\REMOandDREMO测试集\15目标\REMO_new2_AdaMaO_SDEOnly_UniformMix_Pruned_Weighted\REMO_new2_AdaMaO_SDEOnly_UniformMix_Pruned_Weighted_WFG8_M15_D30_23.mat (valid, final IGD 11.658703)
[2026-09-14 03:59:02] [skip] D:\REMOandDREMO测试集\15目标\REMO_new2_AdaMaO_SDEOnly_UniformMix_Pruned_Weighted\REMO_new2_AdaMaO_SDEOnly_UniformMix_Pruned_Weighted_WFG8_M15_D30_27.mat (valid, final IGD 11.982220)
[2026-09-14 03:59:02] [skip] D:\REMOandDREMO测试集\15目标\REMO_new2_AdaMaO_SDEOnly_UniformMix_Pruned_Weighted\REMO_new2_AdaMaO_SDEOnly_UniformMix_Pruned_Weighted_WFG9_M15_D30_1.mat (valid, final IGD 13.806945)
[2026-09-14 03:59:02] [skip] D:\REMOandDREMO测试集\15目标\REMO_new2_AdaMaO_SDEOnly_UniformMix_Pruned_Weighted\REMO_new2_AdaMaO_SDEOnly_UniformMix_Pruned_Weighted_WFG9_M15_D30_5.mat (valid, final IGD 13.338612)
[2026-09-14 03:59:02] [skip] D:\REMOandDREMO测试集\15目标\REMO_new2_AdaMaO_SDEOnly_UniformMix_Pruned_Weighted\REMO_new2_AdaMaO_SDEOnly_UniformMix_Pruned_Weighted_WFG9_M15_D30_9.mat (valid, final IGD 14.126902)
[2026-09-14 03:59:02] [skip] D:\REMOandDREMO测试集\15目标\REMO_new2_AdaMaO_SDEOnly_UniformMix_Pruned_Weighted\REMO_new2_AdaMaO_SDEOnly_UniformMix_Pruned_Weighted_WFG9_M15_D30_13.mat (valid, final IGD 13.800421)
[2026-09-14 03:59:02] [skip] D:\REMOandDREMO测试集\15目标\REMO_new2_AdaMaO_SDEOnly_UniformMix_Pruned_Weighted\REMO_new2_AdaMaO_SDEOnly_UniformMix_Pruned_Weighted_WFG9_M15_D30_17.mat (valid, final IGD 13.282179)
[2026-09-14 03:59:02] [skip] D:\REMOandDREMO测试集\15目标\REMO_new2_AdaMaO_SDEOnly_UniformMix_Pruned_Weighted\REMO_new2_AdaMaO_SDEOnly_UniformMix_Pruned_Weighted_WFG9_M15_D30_21.mat (valid, final IGD 14.152357)
[2026-09-14 03:59:02] [skip] D:\REMOandDREMO测试集\15目标\REMO_new2_AdaMaO_SDEOnly_UniformMix_Pruned_Weighted\REMO_new2_AdaMaO_SDEOnly_UniformMix_Pruned_Weighted_WFG9_M15_D30_25.mat (valid, final IGD 13.402088)
[2026-09-14 03:59:02] [skip] D:\REMOandDREMO测试集\15目标\REMO_new2_AdaMaO_SDEOnly_UniformMix_Pruned_Weighted\REMO_new2_AdaMaO_SDEOnly_UniformMix_Pruned_Weighted_WFG9_M15_D30_29.mat (valid, final IGD 12.645743)
[2026-09-14 03:59:02] ==== part 1/4 done: 68 runs (68 skipped) in 29.7 s (0.0 h) ====
[2026-09-14 03:59:02] Summary CSV: D:\REMOandDREMO测试集\15目标\REMO_new2_AdaMaO_SDEOnly_UniformMix_Pruned_Weighted\_runlog_part1of4.csv

ans = 

  包含以下字段的 1x68 struct 数组:

    Problem
    Run
    File
    Status
    IGD
    Runtime
    FE
    D
    Seed
    Seconds

[2026-09-14 03:59:06] part 1 attempt 1 exited rc=0
[2026-09-14 03:59:06] part 1 COMPLETE after 1 attempt(s)
[2026-09-14 03:59:07] part 1 attempt 1 launching MATLAB (alg=REMO_new2_AdaMaO_SDEOnly_UniformMix_Pruned_Weighted params=3000,0.50,0.25,0.70,6 func=run_WeightedWFG_M8D10)
[2026-09-14 03:59:14] PlatEMO root: D:\PlatEMO-master\PlatEMO-master\PlatEMO
[2026-09-14 03:59:20] WFG1: M=8 D=10 maxFE=300 (canonical index 8)
[2026-09-14 03:59:23] WFG2: M=8 D=11 maxFE=300 (canonical index 9)
[2026-09-14 03:59:23] WFG3: M=8 D=11 maxFE=300 (canonical index 10)
[2026-09-14 03:59:23] WFG4: M=8 D=10 maxFE=300 (canonical index 11)
[2026-09-14 03:59:23] WFG5: M=8 D=10 maxFE=300 (canonical index 12)
[2026-09-14 03:59:23] WFG6: M=8 D=10 maxFE=300 (canonical index 13)
[2026-09-14 03:59:23] WFG7: M=8 D=10 maxFE=300 (canonical index 14)
[2026-09-14 03:59:23] WFG8: M=8 D=10 maxFE=300 (canonical index 15)
[2026-09-14 03:59:23] WFG9: M=8 D=10 maxFE=300 (canonical index 16)
[2026-09-14 03:59:23] Algorithm REMO_new2_AdaMaO_SDEOnly_UniformMix_Pruned_Weighted | parameters [3000            0.5           0.25            0.7              6]
[2026-09-14 03:59:23] SaveCount 30 | Runs 30 | M 8 | requested D 10 | N 100 | maxFE 300 | modeRunId 1 | seedBase 20260912
[2026-09-14 03:59:23] Slice 1/4 -> 68 of 270 jobs
[2026-09-14 04:01:10] [done] WFG1 run 1 seed 21068913 | IGD first 3.19712 -> final 2.86134 | runtime 104.1s | wall 104.8s | ok
[2026-09-14 04:02:51] [done] WFG1 run 5 seed 21068917 | IGD first 3.1727 -> final 2.79184 | runtime 100.0s | wall 100.5s | ok
[2026-09-14 05:05:49] part 1 attempt 1 launching MATLAB (alg=REMO_new2_AdaMaO_SDEOnly_UniformMix_Pruned_Weighted params=3000,0.50,0.25,0.70,6 func=run_WeightedWFG_M15)
[2026-09-14 05:05:56] PlatEMO root: D:\PlatEMO-master\PlatEMO-master\PlatEMO
[2026-09-14 05:06:03] WFG1: M=15 D=30 maxFE=300 (canonical index 8)
[2026-09-14 05:06:05] WFG2: M=15 D=30 maxFE=300 (canonical index 9)
[2026-09-14 05:06:05] WFG3: M=15 D=30 maxFE=300 (canonical index 10)
[2026-09-14 05:06:05] WFG4: M=15 D=30 maxFE=300 (canonical index 11)
[2026-09-14 05:06:05] WFG5: M=15 D=30 maxFE=300 (canonical index 12)
[2026-09-14 05:06:05] WFG6: M=15 D=30 maxFE=300 (canonical index 13)
[2026-09-14 05:06:05] WFG7: M=15 D=30 maxFE=300 (canonical index 14)
[2026-09-14 05:06:05] WFG8: M=15 D=30 maxFE=300 (canonical index 15)
[2026-09-14 05:06:05] WFG9: M=15 D=30 maxFE=300 (canonical index 16)
[2026-09-14 05:06:05] Algorithm REMO_new2_AdaMaO_SDEOnly_UniformMix_Pruned_Weighted | parameters [3000            0.5           0.25            0.7              6]
[2026-09-14 05:06:05] SaveCount 30 | Runs 30 | M 15 | requested D 30 | N 100 | maxFE 300 | modeRunId 1 | seedBase 20260912
[2026-09-14 05:06:05] Slice 1/4 -> 68 of 270 jobs
[2026-09-14 05:06:07] [skip] D:\REMOandDREMO测试集\15目标\REMO_new2_AdaMaO_SDEOnly_UniformMix_Pruned_Weighted\REMO_new2_AdaMaO_SDEOnly_UniformMix_Pruned_Weighted_WFG1_M15_D30_1.mat (valid, final IGD 4.169827)
[2026-09-14 05:06:09] [skip] D:\REMOandDREMO测试集\15目标\REMO_new2_AdaMaO_SDEOnly_UniformMix_Pruned_Weighted\REMO_new2_AdaMaO_SDEOnly_UniformMix_Pruned_Weighted_WFG1_M15_D30_5.mat (valid, final IGD 4.174623)
[2026-09-14 05:06:11] [skip] D:\REMOandDREMO测试集\15目标\REMO_new2_AdaMaO_SDEOnly_UniformMix_Pruned_Weighted\REMO_new2_AdaMaO_SDEOnly_UniformMix_Pruned_Weighted_WFG1_M15_D30_9.mat (valid, final IGD 4.038805)
[2026-09-14 05:06:12] [skip] D:\REMOandDREMO测试集\15目标\REMO_new2_AdaMaO_SDEOnly_UniformMix_Pruned_Weighted\REMO_new2_AdaMaO_SDEOnly_UniformMix_Pruned_Weighted_WFG1_M15_D30_13.mat (valid, final IGD 4.185340)
[2026-09-14 05:06:14] [skip] D:\REMOandDREMO测试集\15目标\REMO_new2_AdaMaO_SDEOnly_UniformMix_Pruned_Weighted\REMO_new2_AdaMaO_SDEOnly_UniformMix_Pruned_Weighted_WFG1_M15_D30_17.mat (valid, final IGD 4.089428)
[2026-09-14 05:06:16] [skip] D:\REMOandDREMO测试集\15目标\REMO_new2_AdaMaO_SDEOnly_UniformMix_Pruned_Weighted\REMO_new2_AdaMaO_SDEOnly_UniformMix_Pruned_Weighted_WFG1_M15_D30_21.mat (valid, final IGD 3.973616)
[2026-09-14 05:06:18] [skip] D:\REMOandDREMO测试集\15目标\REMO_new2_AdaMaO_SDEOnly_UniformMix_Pruned_Weighted\REMO_new2_AdaMaO_SDEOnly_UniformMix_Pruned_Weighted_WFG1_M15_D30_25.mat (valid, final IGD 4.113335)
[2026-09-14 05:06:19] [skip] D:\REMOandDREMO测试集\15目标\REMO_new2_AdaMaO_SDEOnly_UniformMix_Pruned_Weighted\REMO_new2_AdaMaO_SDEOnly_UniformMix_Pruned_Weighted_WFG1_M15_D30_29.mat (valid, final IGD 4.131670)
[2026-09-14 05:06:22] [skip] D:\REMOandDREMO测试集\15目标\REMO_new2_AdaMaO_SDEOnly_UniformMix_Pruned_Weighted\REMO_new2_AdaMaO_SDEOnly_UniformMix_Pruned_Weighted_WFG2_M15_D30_3.mat (valid, final IGD 2.863004)
[2026-09-14 05:06:24] [skip] D:\REMOandDREMO测试集\15目标\REMO_new2_AdaMaO_SDEOnly_UniformMix_Pruned_Weighted\REMO_new2_AdaMaO_SDEOnly_UniformMix_Pruned_Weighted_WFG2_M15_D30_7.mat (valid, final IGD 2.562843)
[2026-09-14 05:06:26] [skip] D:\REMOandDREMO测试集\15目标\REMO_new2_AdaMaO_SDEOnly_UniformMix_Pruned_Weighted\REMO_new2_AdaMaO_SDEOnly_UniformMix_Pruned_Weighted_WFG2_M15_D30_11.mat (valid, final IGD 3.792434)
[2026-09-14 05:06:28] [skip] D:\REMOandDREMO测试集\15目标\REMO_new2_AdaMaO_SDEOnly_UniformMix_Pruned_Weighted\REMO_new2_AdaMaO_SDEOnly_UniformMix_Pruned_Weighted_WFG2_M15_D30_15.mat (valid, final IGD 3.066179)
[2026-09-14 05:06:30] [skip] D:\REMOandDREMO测试集\15目标\REMO_new2_AdaMaO_SDEOnly_UniformMix_Pruned_Weighted\REMO_new2_AdaMaO_SDEOnly_UniformMix_Pruned_Weighted_WFG2_M15_D30_19.mat (valid, final IGD 2.760760)
[2026-09-14 05:06:32] [skip] D:\REMOandDREMO测试集\15目标\REMO_new2_AdaMaO_SDEOnly_UniformMix_Pruned_Weighted\REMO_new2_AdaMaO_SDEOnly_UniformMix_Pruned_Weighted_WFG2_M15_D30_23.mat (valid, final IGD 2.689236)
[2026-09-14 05:06:34] [skip] D:\REMOandDREMO测试集\15目标\REMO_new2_AdaMaO_SDEOnly_UniformMix_Pruned_Weighted\REMO_new2_AdaMaO_SDEOnly_UniformMix_Pruned_Weighted_WFG2_M15_D30_27.mat (valid, final IGD 2.999177)
[2026-09-14 05:06:34] [skip] D:\REMOandDREMO测试集\15目标\REMO_new2_AdaMaO_SDEOnly_UniformMix_Pruned_Weighted\REMO_new2_AdaMaO_SDEOnly_UniformMix_Pruned_Weighted_WFG3_M15_D30_1.mat (valid, final IGD 2.272086)
[2026-09-14 05:06:34] [skip] D:\REMOandDREMO测试集\15目标\REMO_new2_AdaMaO_SDEOnly_UniformMix_Pruned_Weighted\REMO_new2_AdaMaO_SDEOnly_UniformMix_Pruned_Weighted_WFG3_M15_D30_5.mat (valid, final IGD 2.170264)
[2026-09-14 05:06:34] [skip] D:\REMOandDREMO测试集\15目标\REMO_new2_AdaMaO_SDEOnly_UniformMix_Pruned_Weighted\REMO_new2_AdaMaO_SDEOnly_UniformMix_Pruned_Weighted_WFG3_M15_D30_9.mat (valid, final IGD 2.389361)
[2026-09-14 05:06:34] [skip] D:\REMOandDREMO测试集\15目标\REMO_new2_AdaMaO_SDEOnly_UniformMix_Pruned_Weighted\REMO_new2_AdaMaO_SDEOnly_UniformMix_Pruned_Weighted_WFG3_M15_D30_13.mat (valid, final IGD 2.297986)
[2026-09-14 05:06:34] [skip] D:\REMOandDREMO测试集\15目标\REMO_new2_AdaMaO_SDEOnly_UniformMix_Pruned_Weighted\REMO_new2_AdaMaO_SDEOnly_UniformMix_Pruned_Weighted_WFG3_M15_D30_17.mat (valid, final IGD 2.175210)
[2026-09-14 05:06:34] [skip] D:\REMOandDREMO测试集\15目标\REMO_new2_AdaMaO_SDEOnly_UniformMix_Pruned_Weighted\REMO_new2_AdaMaO_SDEOnly_UniformMix_Pruned_Weighted_WFG3_M15_D30_21.mat (valid, final IGD 2.259756)
[2026-09-14 05:06:34] [skip] D:\REMOandDREMO测试集\15目标\REMO_new2_AdaMaO_SDEOnly_UniformMix_Pruned_Weighted\REMO_new2_AdaMaO_SDEOnly_UniformMix_Pruned_Weighted_WFG3_M15_D30_25.mat (valid, final IGD 2.268928)
[2026-09-14 05:06:34] [skip] D:\REMOandDREMO测试集\15目标\REMO_new2_AdaMaO_SDEOnly_UniformMix_Pruned_Weighted\REMO_new2_AdaMaO_SDEOnly_UniformMix_Pruned_Weighted_WFG3_M15_D30_29.mat (valid, final IGD 2.353158)
[2026-09-14 05:06:34] [skip] D:\REMOandDREMO测试集\15目标\REMO_new2_AdaMaO_SDEOnly_UniformMix_Pruned_Weighted\REMO_new2_AdaMaO_SDEOnly_UniformMix_Pruned_Weighted_WFG4_M15_D30_3.mat (valid, final IGD 15.030978)
[2026-09-14 05:06:34] [skip] D:\REMOandDREMO测试集\15目标\REMO_new2_AdaMaO_SDEOnly_UniformMix_Pruned_Weighted\REMO_new2_AdaMaO_SDEOnly_UniformMix_Pruned_Weighted_WFG4_M15_D30_7.mat (valid, final IGD 13.503495)
[2026-09-14 05:06:34] [skip] D:\REMOandDREMO测试集\15目标\REMO_new2_AdaMaO_SDEOnly_UniformMix_Pruned_Weighted\REMO_new2_AdaMaO_SDEOnly_UniformMix_Pruned_Weighted_WFG4_M15_D30_11.mat (valid, final IGD 12.416246)
[2026-09-14 05:06:34] [skip] D:\REMOandDREMO测试集\15目标\REMO_new2_AdaMaO_SDEOnly_UniformMix_Pruned_Weighted\REMO_new2_AdaMaO_SDEOnly_UniformMix_Pruned_Weighted_WFG4_M15_D30_15.mat (valid, final IGD 13.828457)
[2026-09-14 05:06:34] [skip] D:\REMOandDREMO测试集\15目标\REMO_new2_AdaMaO_SDEOnly_UniformMix_Pruned_Weighted\REMO_new2_AdaMaO_SDEOnly_UniformMix_Pruned_Weighted_WFG4_M15_D30_19.mat (valid, final IGD 12.195736)
[2026-09-14 05:06:34] [skip] D:\REMOandDREMO测试集\15目标\REMO_new2_AdaMaO_SDEOnly_UniformMix_Pruned_Weighted\REMO_new2_AdaMaO_SDEOnly_UniformMix_Pruned_Weighted_WFG4_M15_D30_23.mat (valid, final IGD 14.492816)
[2026-09-14 05:06:34] [skip] D:\REMOandDREMO测试集\15目标\REMO_new2_AdaMaO_SDEOnly_UniformMix_Pruned_Weighted\REMO_new2_AdaMaO_SDEOnly_UniformMix_Pruned_Weighted_WFG4_M15_D30_27.mat (valid, final IGD 12.719871)
[2026-09-14 05:06:34] [skip] D:\REMOandDREMO测试集\15目标\REMO_new2_AdaMaO_SDEOnly_UniformMix_Pruned_Weighted\REMO_new2_AdaMaO_SDEOnly_UniformMix_Pruned_Weighted_WFG5_M15_D30_1.mat (valid, final IGD 11.991974)
[2026-09-14 05:06:34] [skip] D:\REMOandDREMO测试集\15目标\REMO_new2_AdaMaO_SDEOnly_UniformMix_Pruned_Weighted\REMO_new2_AdaMaO_SDEOnly_UniformMix_Pruned_Weighted_WFG5_M15_D30_5.mat (valid, final IGD 11.707910)
[2026-09-14 05:06:34] [skip] D:\REMOandDREMO测试集\15目标\REMO_new2_AdaMaO_SDEOnly_UniformMix_Pruned_Weighted\REMO_new2_AdaMaO_SDEOnly_UniformMix_Pruned_Weighted_WFG5_M15_D30_9.mat (valid, final IGD 12.151103)
[2026-09-14 05:06:34] [skip] D:\REMOandDREMO测试集\15目标\REMO_new2_AdaMaO_SDEOnly_UniformMix_Pruned_Weighted\REMO_new2_AdaMaO_SDEOnly_UniformMix_Pruned_Weighted_WFG5_M15_D30_13.mat (valid, final IGD 11.303609)
[2026-09-14 05:06:34] [skip] D:\REMOandDREMO测试集\15目标\REMO_new2_AdaMaO_SDEOnly_UniformMix_Pruned_Weighted\REMO_new2_AdaMaO_SDEOnly_UniformMix_Pruned_Weighted_WFG5_M15_D30_17.mat (valid, final IGD 13.554844)
[2026-09-14 05:06:34] [skip] D:\REMOandDREMO测试集\15目标\REMO_new2_AdaMaO_SDEOnly_UniformMix_Pruned_Weighted\REMO_new2_AdaMaO_SDEOnly_UniformMix_Pruned_Weighted_WFG5_M15_D30_21.mat (valid, final IGD 12.193993)
[2026-09-14 05:06:34] [skip] D:\REMOandDREMO测试集\15目标\REMO_new2_AdaMaO_SDEOnly_UniformMix_Pruned_Weighted\REMO_new2_AdaMaO_SDEOnly_UniformMix_Pruned_Weighted_WFG5_M15_D30_25.mat (valid, final IGD 11.374080)
[2026-09-14 05:06:34] [skip] D:\REMOandDREMO测试集\15目标\REMO_new2_AdaMaO_SDEOnly_UniformMix_Pruned_Weighted\REMO_new2_AdaMaO_SDEOnly_UniformMix_Pruned_Weighted_WFG5_M15_D30_29.mat (valid, final IGD 12.198824)
[2026-09-14 05:06:34] [skip] D:\REMOandDREMO测试集\15目标\REMO_new2_AdaMaO_SDEOnly_UniformMix_Pruned_Weighted\REMO_new2_AdaMaO_SDEOnly_UniformMix_Pruned_Weighted_WFG6_M15_D30_3.mat (valid, final IGD 9.578336)
[2026-09-14 05:06:34] [skip] D:\REMOandDREMO测试集\15目标\REMO_new2_AdaMaO_SDEOnly_UniformMix_Pruned_Weighted\REMO_new2_AdaMaO_SDEOnly_UniformMix_Pruned_Weighted_WFG6_M15_D30_7.mat (valid, final IGD 11.467169)
[2026-09-14 05:06:34] [skip] D:\REMOandDREMO测试集\15目标\REMO_new2_AdaMaO_SDEOnly_UniformMix_Pruned_Weighted\REMO_new2_AdaMaO_SDEOnly_UniformMix_Pruned_Weighted_WFG6_M15_D30_11.mat (valid, final IGD 10.136068)
[2026-09-14 05:06:34] [skip] D:\REMOandDREMO测试集\15目标\REMO_new2_AdaMaO_SDEOnly_UniformMix_Pruned_Weighted\REMO_new2_AdaMaO_SDEOnly_UniformMix_Pruned_Weighted_WFG6_M15_D30_15.mat (valid, final IGD 10.301224)
[2026-09-14 05:06:34] [skip] D:\REMOandDREMO测试集\15目标\REMO_new2_AdaMaO_SDEOnly_UniformMix_Pruned_Weighted\REMO_new2_AdaMaO_SDEOnly_UniformMix_Pruned_Weighted_WFG6_M15_D30_19.mat (valid, final IGD 9.955724)
[2026-09-14 05:06:34] [skip] D:\REMOandDREMO测试集\15目标\REMO_new2_AdaMaO_SDEOnly_UniformMix_Pruned_Weighted\REMO_new2_AdaMaO_SDEOnly_UniformMix_Pruned_Weighted_WFG6_M15_D30_23.mat (valid, final IGD 10.427796)
[2026-09-14 05:06:34] [skip] D:\REMOandDREMO测试集\15目标\REMO_new2_AdaMaO_SDEOnly_UniformMix_Pruned_Weighted\REMO_new2_AdaMaO_SDEOnly_UniformMix_Pruned_Weighted_WFG6_M15_D30_27.mat (valid, final IGD 10.583269)
[2026-09-14 05:06:34] [skip] D:\REMOandDREMO测试集\15目标\REMO_new2_AdaMaO_SDEOnly_UniformMix_Pruned_Weighted\REMO_new2_AdaMaO_SDEOnly_UniformMix_Pruned_Weighted_WFG7_M15_D30_1.mat (valid, final IGD 11.298483)
[2026-09-14 05:06:34] [skip] D:\REMOandDREMO测试集\15目标\REMO_new2_AdaMaO_SDEOnly_UniformMix_Pruned_Weighted\REMO_new2_AdaMaO_SDEOnly_UniformMix_Pruned_Weighted_WFG7_M15_D30_5.mat (valid, final IGD 11.558215)
[2026-09-14 05:06:34] [skip] D:\REMOandDREMO测试集\15目标\REMO_new2_AdaMaO_SDEOnly_UniformMix_Pruned_Weighted\REMO_new2_AdaMaO_SDEOnly_UniformMix_Pruned_Weighted_WFG7_M15_D30_9.mat (valid, final IGD 11.079799)
[2026-09-14 05:06:34] [skip] D:\REMOandDREMO测试集\15目标\REMO_new2_AdaMaO_SDEOnly_UniformMix_Pruned_Weighted\REMO_new2_AdaMaO_SDEOnly_UniformMix_Pruned_Weighted_WFG7_M15_D30_13.mat (valid, final IGD 11.609083)
[2026-09-14 05:06:34] [skip] D:\REMOandDREMO测试集\15目标\REMO_new2_AdaMaO_SDEOnly_UniformMix_Pruned_Weighted\REMO_new2_AdaMaO_SDEOnly_UniformMix_Pruned_Weighted_WFG7_M15_D30_17.mat (valid, final IGD 12.155709)
[2026-09-14 05:06:34] [skip] D:\REMOandDREMO测试集\15目标\REMO_new2_AdaMaO_SDEOnly_UniformMix_Pruned_Weighted\REMO_new2_AdaMaO_SDEOnly_UniformMix_Pruned_Weighted_WFG7_M15_D30_21.mat (valid, final IGD 10.736580)
[2026-09-14 05:06:34] [skip] D:\REMOandDREMO测试集\15目标\REMO_new2_AdaMaO_SDEOnly_UniformMix_Pruned_Weighted\REMO_new2_AdaMaO_SDEOnly_UniformMix_Pruned_Weighted_WFG7_M15_D30_25.mat (valid, final IGD 12.017933)
[2026-09-14 05:06:34] [skip] D:\REMOandDREMO测试集\15目标\REMO_new2_AdaMaO_SDEOnly_UniformMix_Pruned_Weighted\REMO_new2_AdaMaO_SDEOnly_UniformMix_Pruned_Weighted_WFG7_M15_D30_29.mat (valid, final IGD 11.633466)
[2026-09-14 05:06:34] [skip] D:\REMOandDREMO测试集\15目标\REMO_new2_AdaMaO_SDEOnly_UniformMix_Pruned_Weighted\REMO_new2_AdaMaO_SDEOnly_UniformMix_Pruned_Weighted_WFG8_M15_D30_3.mat (valid, final IGD 11.322021)
[2026-09-14 05:06:35] [skip] D:\REMOandDREMO测试集\15目标\REMO_new2_AdaMaO_SDEOnly_UniformMix_Pruned_Weighted\REMO_new2_AdaMaO_SDEOnly_UniformMix_Pruned_Weighted_WFG8_M15_D30_7.mat (valid, final IGD 11.824292)
[2026-09-14 05:06:35] [skip] D:\REMOandDREMO测试集\15目标\REMO_new2_AdaMaO_SDEOnly_UniformMix_Pruned_Weighted\REMO_new2_AdaMaO_SDEOnly_UniformMix_Pruned_Weighted_WFG8_M15_D30_11.mat (valid, final IGD 12.479755)
[2026-09-14 05:06:35] [skip] D:\REMOandDREMO测试集\15目标\REMO_new2_AdaMaO_SDEOnly_UniformMix_Pruned_Weighted\REMO_new2_AdaMaO_SDEOnly_UniformMix_Pruned_Weighted_WFG8_M15_D30_15.mat (valid, final IGD 11.602503)
[2026-09-14 05:06:35] [skip] D:\REMOandDREMO测试集\15目标\REMO_new2_AdaMaO_SDEOnly_UniformMix_Pruned_Weighted\REMO_new2_AdaMaO_SDEOnly_UniformMix_Pruned_Weighted_WFG8_M15_D30_19.mat (valid, final IGD 10.995557)
[2026-09-14 05:06:35] [skip] D:\REMOandDREMO测试集\15目标\REMO_new2_AdaMaO_SDEOnly_UniformMix_Pruned_Weighted\REMO_new2_AdaMaO_SDEOnly_UniformMix_Pruned_Weighted_WFG8_M15_D30_23.mat (valid, final IGD 11.658703)
[2026-09-14 05:06:35] [skip] D:\REMOandDREMO测试集\15目标\REMO_new2_AdaMaO_SDEOnly_UniformMix_Pruned_Weighted\REMO_new2_AdaMaO_SDEOnly_UniformMix_Pruned_Weighted_WFG8_M15_D30_27.mat (valid, final IGD 11.982220)
[2026-09-14 05:06:35] [skip] D:\REMOandDREMO测试集\15目标\REMO_new2_AdaMaO_SDEOnly_UniformMix_Pruned_Weighted\REMO_new2_AdaMaO_SDEOnly_UniformMix_Pruned_Weighted_WFG9_M15_D30_1.mat (valid, final IGD 13.806945)
[2026-09-14 05:06:35] [skip] D:\REMOandDREMO测试集\15目标\REMO_new2_AdaMaO_SDEOnly_UniformMix_Pruned_Weighted\REMO_new2_AdaMaO_SDEOnly_UniformMix_Pruned_Weighted_WFG9_M15_D30_5.mat (valid, final IGD 13.338612)
[2026-09-14 05:06:35] [skip] D:\REMOandDREMO测试集\15目标\REMO_new2_AdaMaO_SDEOnly_UniformMix_Pruned_Weighted\REMO_new2_AdaMaO_SDEOnly_UniformMix_Pruned_Weighted_WFG9_M15_D30_9.mat (valid, final IGD 14.126902)
[2026-09-14 05:06:35] [skip] D:\REMOandDREMO测试集\15目标\REMO_new2_AdaMaO_SDEOnly_UniformMix_Pruned_Weighted\REMO_new2_AdaMaO_SDEOnly_UniformMix_Pruned_Weighted_WFG9_M15_D30_13.mat (valid, final IGD 13.800421)
[2026-09-14 05:06:35] [skip] D:\REMOandDREMO测试集\15目标\REMO_new2_AdaMaO_SDEOnly_UniformMix_Pruned_Weighted\REMO_new2_AdaMaO_SDEOnly_UniformMix_Pruned_Weighted_WFG9_M15_D30_17.mat (valid, final IGD 13.282179)
[2026-09-14 05:06:35] [skip] D:\REMOandDREMO测试集\15目标\REMO_new2_AdaMaO_SDEOnly_UniformMix_Pruned_Weighted\REMO_new2_AdaMaO_SDEOnly_UniformMix_Pruned_Weighted_WFG9_M15_D30_21.mat (valid, final IGD 14.152357)
[2026-09-14 05:06:35] [skip] D:\REMOandDREMO测试集\15目标\REMO_new2_AdaMaO_SDEOnly_UniformMix_Pruned_Weighted\REMO_new2_AdaMaO_SDEOnly_UniformMix_Pruned_Weighted_WFG9_M15_D30_25.mat (valid, final IGD 13.402088)
[2026-09-14 05:06:35] [skip] D:\REMOandDREMO测试集\15目标\REMO_new2_AdaMaO_SDEOnly_UniformMix_Pruned_Weighted\REMO_new2_AdaMaO_SDEOnly_UniformMix_Pruned_Weighted_WFG9_M15_D30_29.mat (valid, final IGD 12.645743)
[2026-09-14 05:06:35] ==== part 1/4 done: 68 runs (68 skipped) in 29.4 s (0.0 h) ====
[2026-09-14 05:06:35] Summary CSV: D:\REMOandDREMO测试集\15目标\REMO_new2_AdaMaO_SDEOnly_UniformMix_Pruned_Weighted\_runlog_part1of4.csv

ans = 

  包含以下字段的 1x68 struct 数组:

    Problem
    Run
    File
    Status
    IGD
    Runtime
    FE
    D
    Seed
    Seconds

[2026-09-14 05:06:39] part 1 attempt 1 exited rc=0
[2026-09-14 05:06:39] part 1 COMPLETE after 1 attempt(s)
[2026-09-14 05:06:40] part 1 attempt 1 launching MATLAB (alg=REMO_new2_AdaMaO_SDEOnly_UniformMix_Pruned_Weighted params=3000,0.50,0.25,0.70,6 func=run_WeightedWFG_M8D10)
[2026-09-14 05:06:46] PlatEMO root: D:\PlatEMO-master\PlatEMO-master\PlatEMO
[2026-09-14 05:06:53] WFG1: M=8 D=10 maxFE=300 (canonical index 8)
[2026-09-14 05:06:55] WFG2: M=8 D=11 maxFE=300 (canonical index 9)
[2026-09-14 05:06:55] WFG3: M=8 D=11 maxFE=300 (canonical index 10)
[2026-09-14 05:06:55] WFG4: M=8 D=10 maxFE=300 (canonical index 11)
[2026-09-14 05:06:55] WFG5: M=8 D=10 maxFE=300 (canonical index 12)
[2026-09-14 05:06:55] WFG6: M=8 D=10 maxFE=300 (canonical index 13)
[2026-09-14 05:06:55] WFG7: M=8 D=10 maxFE=300 (canonical index 14)
[2026-09-14 05:06:55] WFG8: M=8 D=10 maxFE=300 (canonical index 15)
[2026-09-14 05:06:55] WFG9: M=8 D=10 maxFE=300 (canonical index 16)
[2026-09-14 05:06:56] Algorithm REMO_new2_AdaMaO_SDEOnly_UniformMix_Pruned_Weighted | parameters [3000            0.5           0.25            0.7              6]
[2026-09-14 05:06:56] SaveCount 30 | Runs 30 | M 8 | requested D 10 | N 100 | maxFE 300 | modeRunId 1 | seedBase 20260912
[2026-09-14 05:06:56] Slice 1/4 -> 68 of 270 jobs
[2026-09-14 05:06:57] [skip] D:\REMOandDREMO测试集\8目标\n10\REMO_new2_AdaMaO_SDEOnly_UniformMix_Pruned_Weighted\REMO_new2_AdaMaO_SDEOnly_UniformMix_Pruned_Weighted_WFG1_M8_D10_1.mat (valid, final IGD 2.861343)
[2026-09-14 05:07:00] [skip] D:\REMOandDREMO测试集\8目标\n10\REMO_new2_AdaMaO_SDEOnly_UniformMix_Pruned_Weighted\REMO_new2_AdaMaO_SDEOnly_UniformMix_Pruned_Weighted_WFG1_M8_D10_5.mat (valid, final IGD 2.791841)
[2026-09-14 05:08:55] [done] WFG1 run 9 seed 21068921 | IGD first 3.15461 -> final 2.83008 | runtime 113.0s | wall 113.6s | ok
[2026-09-14 05:10:38] [done] WFG1 run 13 seed 21068925 | IGD first 3.22145 -> final 2.71466 | runtime 102.0s | wall 102.4s | ok
[2026-09-14 05:12:19] [done] WFG1 run 17 seed 21068929 | IGD first 3.16097 -> final 2.80109 | runtime 99.6s | wall 99.9s | ok
[2026-09-14 05:13:59] [done] WFG1 run 21 seed 21068933 | IGD first 3.18491 -> final 2.72932 | runtime 98.2s | wall 98.5s | ok
[2026-09-14 05:15:39] [done] WFG1 run 25 seed 21068937 | IGD first 3.20893 -> final 2.71781 | runtime 98.9s | wall 99.3s | ok
[2026-09-14 05:17:23] [done] WFG1 run 29 seed 21068941 | IGD first 3.27568 -> final 2.89837 | runtime 102.6s | wall 103.0s | ok
[2026-09-14 05:19:15] [done] WFG2 run 3 seed 21069915 | IGD first 3.69636 -> final 2.30854 | runtime 110.8s | wall 111.1s | ok
[2026-09-14 05:21:09] [done] WFG2 run 7 seed 21069919 | IGD first 4.18313 -> final 1.14371 | runtime 112.8s | wall 113.1s | ok
[2026-09-14 05:23:02] [done] WFG2 run 11 seed 21069923 | IGD first 3.03739 -> final 1.16637 | runtime 111.5s | wall 111.8s | ok
[2026-09-14 05:24:55] [done] WFG2 run 15 seed 21069927 | IGD first 3.15006 -> final 1.1514 | runtime 111.2s | wall 111.5s | ok
[2026-09-14 05:26:52] [done] WFG2 run 19 seed 21069931 | IGD first 3.75033 -> final 1.18527 | runtime 115.1s | wall 115.4s | ok
[2026-09-14 05:28:49] [done] WFG2 run 23 seed 21069935 | IGD first 4.14301 -> final 1.48559 | runtime 115.6s | wall 115.9s | ok
[2026-09-14 05:30:43] [done] WFG2 run 27 seed 21069939 | IGD first 2.40544 -> final 1.48399 | runtime 112.9s | wall 113.2s | ok
[2026-09-14 05:32:32] [done] WFG3 run 1 seed 21070913 | IGD first 1.18696 -> final 1.08102 | runtime 108.4s | wall 108.9s | ok
[2026-09-14 05:34:23] [done] WFG3 run 5 seed 21070917 | IGD first 1.32913 -> final 1.24007 | runtime 110.7s | wall 111.1s | ok
[2026-09-14 05:36:13] [done] WFG3 run 9 seed 21070921 | IGD first 1.21469 -> final 1.08153 | runtime 109.4s | wall 109.9s | ok
[2026-09-14 05:37:59] [done] WFG3 run 13 seed 21070925 | IGD first 1.23471 -> final 1.16229 | runtime 105.4s | wall 105.8s | ok
[2026-09-14 05:39:46] [done] WFG3 run 17 seed 21070929 | IGD first 1.21998 -> final 1.1082 | runtime 106.8s | wall 107.3s | ok
[2026-09-14 05:41:34] [done] WFG3 run 21 seed 21070933 | IGD first 1.18678 -> final 1.12645 | runtime 107.7s | wall 108.1s | ok
[2026-09-14 05:43:26] [done] WFG3 run 25 seed 21070937 | IGD first 1.23491 -> final 1.04386 | runtime 111.2s | wall 111.7s | ok
[2026-09-14 05:45:13] [done] WFG3 run 29 seed 21070941 | IGD first 1.20071 -> final 1.17365 | runtime 106.8s | wall 107.2s | ok
[2026-09-14 05:46:52] [done] WFG4 run 3 seed 21071915 | IGD first 6.94802 -> final 3.32547 | runtime 98.1s | wall 98.5s | ok
[2026-09-14 05:48:34] [done] WFG4 run 7 seed 21071919 | IGD first 7.66793 -> final 3.88176 | runtime 101.7s | wall 102.0s | ok
[2026-09-14 05:50:12] [done] WFG4 run 11 seed 21071923 | IGD first 7.41112 -> final 4.10222 | runtime 97.9s | wall 98.4s | ok
[2026-09-14 05:51:49] [done] WFG4 run 15 seed 21071927 | IGD first 7.03572 -> final 3.38382 | runtime 97.0s | wall 97.3s | ok
[2026-09-14 05:53:30] [done] WFG4 run 19 seed 21071931 | IGD first 7.36572 -> final 3.269 | runtime 100.8s | wall 101.2s | ok
[2026-09-14 05:55:11] [done] WFG4 run 23 seed 21071935 | IGD first 7.35662 -> final 3.38523 | runtime 99.8s | wall 100.2s | ok
[2026-09-14 05:56:52] [done] WFG4 run 27 seed 21071939 | IGD first 6.6298 -> final 3.59806 | runtime 101.3s | wall 101.6s | ok
[2026-09-14 05:58:34] [done] WFG5 run 1 seed 21072913 | IGD first 5.45724 -> final 3.55669 | runtime 101.6s | wall 102.0s | ok
[2026-09-14 06:00:16] [done] WFG5 run 5 seed 21072917 | IGD first 5.8164 -> final 3.20052 | runtime 101.3s | wall 101.6s | ok
[2026-09-14 06:02:02] [done] WFG5 run 9 seed 21072921 | IGD first 5.77906 -> final 3.60686 | runtime 105.7s | wall 106.1s | ok
[2026-09-14 06:03:45] [done] WFG5 run 13 seed 21072925 | IGD first 5.70238 -> final 3.22396 | runtime 102.2s | wall 102.6s | ok
[2026-09-14 06:05:27] [done] WFG5 run 17 seed 21072929 | IGD first 5.34937 -> final 3.31937 | runtime 102.2s | wall 102.7s | ok
[2026-09-14 06:07:09] [done] WFG5 run 21 seed 21072933 | IGD first 5.21571 -> final 3.48793 | runtime 101.5s | wall 101.9s | ok
[2026-09-14 06:08:49] [done] WFG5 run 25 seed 21072937 | IGD first 4.84067 -> final 3.35621 | runtime 99.4s | wall 99.8s | ok
[2026-09-14 06:10:30] [done] WFG5 run 29 seed 21072941 | IGD first 5.39848 -> final 3.29865 | runtime 101.1s | wall 101.5s | ok
[2026-09-14 06:12:13] [done] WFG6 run 3 seed 21073915 | IGD first 5.64972 -> final 3.51092 | runtime 101.7s | wall 102.1s | ok
[2026-09-14 06:13:53] [done] WFG6 run 7 seed 21073919 | IGD first 5.52247 -> final 3.6909 | runtime 100.3s | wall 100.7s | ok
[2026-09-14 06:15:33] [done] WFG6 run 11 seed 21073923 | IGD first 5.5803 -> final 3.49015 | runtime 99.8s | wall 100.2s | ok
[2026-09-14 06:17:14] [done] WFG6 run 15 seed 21073927 | IGD first 5.72177 -> final 3.41102 | runtime 99.9s | wall 100.3s | ok
[2026-09-14 06:18:54] [done] WFG6 run 19 seed 21073931 | IGD first 6.15878 -> final 3.44765 | runtime 99.5s | wall 99.9s | ok
[2026-09-14 06:20:35] [done] WFG6 run 23 seed 21073935 | IGD first 5.83119 -> final 3.90023 | runtime 101.4s | wall 101.7s | ok
[2026-09-14 06:22:15] [done] WFG6 run 27 seed 21073939 | IGD first 6.01206 -> final 3.50872 | runtime 99.8s | wall 100.2s | ok
[2026-09-14 06:23:55] [done] WFG7 run 1 seed 21074913 | IGD first 6.20467 -> final 3.8445 | runtime 99.1s | wall 99.4s | ok
[2026-09-14 06:25:35] [done] WFG7 run 5 seed 21074917 | IGD first 5.61502 -> final 3.77983 | runtime 100.0s | wall 100.3s | ok
[2026-09-14 06:27:19] [done] WFG7 run 9 seed 21074921 | IGD first 5.66277 -> final 3.83162 | runtime 103.9s | wall 104.2s | ok
[2026-09-14 06:28:59] [done] WFG7 run 13 seed 21074925 | IGD first 5.88757 -> final 3.78342 | runtime 99.1s | wall 99.4s | ok
[2026-09-14 06:30:41] [done] WFG7 run 17 seed 21074929 | IGD first 5.90533 -> final 3.54624 | runtime 101.4s | wall 101.7s | ok
[2026-09-14 06:32:20] [done] WFG7 run 21 seed 21074933 | IGD first 5.97206 -> final 3.93252 | runtime 99.1s | wall 99.5s | ok
[2026-09-14 07:37:33] part 1 attempt 1 launching MATLAB (alg=REMO_new2_AdaMaO_SDEOnly_UniformMix_Pruned_Weighted params=3000,0.50,0.25,0.70,6 func=run_WeightedWFG_M15)
[2026-09-14 07:37:40] PlatEMO root: D:\PlatEMO-master\PlatEMO-master\PlatEMO
[2026-09-14 07:37:47] WFG1: M=15 D=30 maxFE=300 (canonical index 8)
[2026-09-14 07:37:49] WFG2: M=15 D=30 maxFE=300 (canonical index 9)
[2026-09-14 07:37:49] WFG3: M=15 D=30 maxFE=300 (canonical index 10)
[2026-09-14 07:37:49] WFG4: M=15 D=30 maxFE=300 (canonical index 11)
[2026-09-14 07:37:49] WFG5: M=15 D=30 maxFE=300 (canonical index 12)
[2026-09-14 07:37:49] WFG6: M=15 D=30 maxFE=300 (canonical index 13)
[2026-09-14 07:37:49] WFG7: M=15 D=30 maxFE=300 (canonical index 14)
[2026-09-14 07:37:49] WFG8: M=15 D=30 maxFE=300 (canonical index 15)
[2026-09-14 07:37:49] WFG9: M=15 D=30 maxFE=300 (canonical index 16)
[2026-09-14 07:37:49] Algorithm REMO_new2_AdaMaO_SDEOnly_UniformMix_Pruned_Weighted | parameters [3000            0.5           0.25            0.7              6]
[2026-09-14 07:37:49] SaveCount 30 | Runs 30 | M 15 | requested D 30 | N 100 | maxFE 300 | modeRunId 1 | seedBase 20260912
[2026-09-14 07:37:49] Slice 1/4 -> 68 of 270 jobs
[2026-09-14 07:37:51] [skip] D:\REMOandDREMO测试集\15目标\REMO_new2_AdaMaO_SDEOnly_UniformMix_Pruned_Weighted\REMO_new2_AdaMaO_SDEOnly_UniformMix_Pruned_Weighted_WFG1_M15_D30_1.mat (valid, final IGD 4.169827)
[2026-09-14 07:37:53] [skip] D:\REMOandDREMO测试集\15目标\REMO_new2_AdaMaO_SDEOnly_UniformMix_Pruned_Weighted\REMO_new2_AdaMaO_SDEOnly_UniformMix_Pruned_Weighted_WFG1_M15_D30_5.mat (valid, final IGD 4.174623)
[2026-09-14 07:37:55] [skip] D:\REMOandDREMO测试集\15目标\REMO_new2_AdaMaO_SDEOnly_UniformMix_Pruned_Weighted\REMO_new2_AdaMaO_SDEOnly_UniformMix_Pruned_Weighted_WFG1_M15_D30_9.mat (valid, final IGD 4.038805)
[2026-09-14 07:37:57] [skip] D:\REMOandDREMO测试集\15目标\REMO_new2_AdaMaO_SDEOnly_UniformMix_Pruned_Weighted\REMO_new2_AdaMaO_SDEOnly_UniformMix_Pruned_Weighted_WFG1_M15_D30_13.mat (valid, final IGD 4.185340)
[2026-09-14 07:37:59] [skip] D:\REMOandDREMO测试集\15目标\REMO_new2_AdaMaO_SDEOnly_UniformMix_Pruned_Weighted\REMO_new2_AdaMaO_SDEOnly_UniformMix_Pruned_Weighted_WFG1_M15_D30_17.mat (valid, final IGD 4.089428)
[2026-09-14 07:38:01] [skip] D:\REMOandDREMO测试集\15目标\REMO_new2_AdaMaO_SDEOnly_UniformMix_Pruned_Weighted\REMO_new2_AdaMaO_SDEOnly_UniformMix_Pruned_Weighted_WFG1_M15_D30_21.mat (valid, final IGD 3.973616)
[2026-09-14 07:38:02] [skip] D:\REMOandDREMO测试集\15目标\REMO_new2_AdaMaO_SDEOnly_UniformMix_Pruned_Weighted\REMO_new2_AdaMaO_SDEOnly_UniformMix_Pruned_Weighted_WFG1_M15_D30_25.mat (valid, final IGD 4.113335)
[2026-09-14 07:38:04] [skip] D:\REMOandDREMO测试集\15目标\REMO_new2_AdaMaO_SDEOnly_UniformMix_Pruned_Weighted\REMO_new2_AdaMaO_SDEOnly_UniformMix_Pruned_Weighted_WFG1_M15_D30_29.mat (valid, final IGD 4.131670)
[2026-09-14 07:38:06] [skip] D:\REMOandDREMO测试集\15目标\REMO_new2_AdaMaO_SDEOnly_UniformMix_Pruned_Weighted\REMO_new2_AdaMaO_SDEOnly_UniformMix_Pruned_Weighted_WFG2_M15_D30_3.mat (valid, final IGD 2.863004)
[2026-09-14 07:38:08] [skip] D:\REMOandDREMO测试集\15目标\REMO_new2_AdaMaO_SDEOnly_UniformMix_Pruned_Weighted\REMO_new2_AdaMaO_SDEOnly_UniformMix_Pruned_Weighted_WFG2_M15_D30_7.mat (valid, final IGD 2.562843)
[2026-09-14 07:38:11] [skip] D:\REMOandDREMO测试集\15目标\REMO_new2_AdaMaO_SDEOnly_UniformMix_Pruned_Weighted\REMO_new2_AdaMaO_SDEOnly_UniformMix_Pruned_Weighted_WFG2_M15_D30_11.mat (valid, final IGD 3.792434)
[2026-09-14 07:38:13] [skip] D:\REMOandDREMO测试集\15目标\REMO_new2_AdaMaO_SDEOnly_UniformMix_Pruned_Weighted\REMO_new2_AdaMaO_SDEOnly_UniformMix_Pruned_Weighted_WFG2_M15_D30_15.mat (valid, final IGD 3.066179)
[2026-09-14 07:38:15] [skip] D:\REMOandDREMO测试集\15目标\REMO_new2_AdaMaO_SDEOnly_UniformMix_Pruned_Weighted\REMO_new2_AdaMaO_SDEOnly_UniformMix_Pruned_Weighted_WFG2_M15_D30_19.mat (valid, final IGD 2.760760)
[2026-09-14 07:38:17] [skip] D:\REMOandDREMO测试集\15目标\REMO_new2_AdaMaO_SDEOnly_UniformMix_Pruned_Weighted\REMO_new2_AdaMaO_SDEOnly_UniformMix_Pruned_Weighted_WFG2_M15_D30_23.mat (valid, final IGD 2.689236)
[2026-09-14 07:38:19] [skip] D:\REMOandDREMO测试集\15目标\REMO_new2_AdaMaO_SDEOnly_UniformMix_Pruned_Weighted\REMO_new2_AdaMaO_SDEOnly_UniformMix_Pruned_Weighted_WFG2_M15_D30_27.mat (valid, final IGD 2.999177)
[2026-09-14 07:38:19] [skip] D:\REMOandDREMO测试集\15目标\REMO_new2_AdaMaO_SDEOnly_UniformMix_Pruned_Weighted\REMO_new2_AdaMaO_SDEOnly_UniformMix_Pruned_Weighted_WFG3_M15_D30_1.mat (valid, final IGD 2.272086)
[2026-09-14 07:38:19] [skip] D:\REMOandDREMO测试集\15目标\REMO_new2_AdaMaO_SDEOnly_UniformMix_Pruned_Weighted\REMO_new2_AdaMaO_SDEOnly_UniformMix_Pruned_Weighted_WFG3_M15_D30_5.mat (valid, final IGD 2.170264)
[2026-09-14 07:38:19] [skip] D:\REMOandDREMO测试集\15目标\REMO_new2_AdaMaO_SDEOnly_UniformMix_Pruned_Weighted\REMO_new2_AdaMaO_SDEOnly_UniformMix_Pruned_Weighted_WFG3_M15_D30_9.mat (valid, final IGD 2.389361)
[2026-09-14 07:38:19] [skip] D:\REMOandDREMO测试集\15目标\REMO_new2_AdaMaO_SDEOnly_UniformMix_Pruned_Weighted\REMO_new2_AdaMaO_SDEOnly_UniformMix_Pruned_Weighted_WFG3_M15_D30_13.mat (valid, final IGD 2.297986)
[2026-09-14 07:38:19] [skip] D:\REMOandDREMO测试集\15目标\REMO_new2_AdaMaO_SDEOnly_UniformMix_Pruned_Weighted\REMO_new2_AdaMaO_SDEOnly_UniformMix_Pruned_Weighted_WFG3_M15_D30_17.mat (valid, final IGD 2.175210)
[2026-09-14 07:38:19] [skip] D:\REMOandDREMO测试集\15目标\REMO_new2_AdaMaO_SDEOnly_UniformMix_Pruned_Weighted\REMO_new2_AdaMaO_SDEOnly_UniformMix_Pruned_Weighted_WFG3_M15_D30_21.mat (valid, final IGD 2.259756)
[2026-09-14 07:38:19] [skip] D:\REMOandDREMO测试集\15目标\REMO_new2_AdaMaO_SDEOnly_UniformMix_Pruned_Weighted\REMO_new2_AdaMaO_SDEOnly_UniformMix_Pruned_Weighted_WFG3_M15_D30_25.mat (valid, final IGD 2.268928)
[2026-09-14 07:38:19] [skip] D:\REMOandDREMO测试集\15目标\REMO_new2_AdaMaO_SDEOnly_UniformMix_Pruned_Weighted\REMO_new2_AdaMaO_SDEOnly_UniformMix_Pruned_Weighted_WFG3_M15_D30_29.mat (valid, final IGD 2.353158)
[2026-09-14 07:38:19] [skip] D:\REMOandDREMO测试集\15目标\REMO_new2_AdaMaO_SDEOnly_UniformMix_Pruned_Weighted\REMO_new2_AdaMaO_SDEOnly_UniformMix_Pruned_Weighted_WFG4_M15_D30_3.mat (valid, final IGD 15.030978)
[2026-09-14 07:38:19] [skip] D:\REMOandDREMO测试集\15目标\REMO_new2_AdaMaO_SDEOnly_UniformMix_Pruned_Weighted\REMO_new2_AdaMaO_SDEOnly_UniformMix_Pruned_Weighted_WFG4_M15_D30_7.mat (valid, final IGD 13.503495)
[2026-09-14 07:38:19] [skip] D:\REMOandDREMO测试集\15目标\REMO_new2_AdaMaO_SDEOnly_UniformMix_Pruned_Weighted\REMO_new2_AdaMaO_SDEOnly_UniformMix_Pruned_Weighted_WFG4_M15_D30_11.mat (valid, final IGD 12.416246)
[2026-09-14 07:38:19] [skip] D:\REMOandDREMO测试集\15目标\REMO_new2_AdaMaO_SDEOnly_UniformMix_Pruned_Weighted\REMO_new2_AdaMaO_SDEOnly_UniformMix_Pruned_Weighted_WFG4_M15_D30_15.mat (valid, final IGD 13.828457)
[2026-09-14 07:38:19] [skip] D:\REMOandDREMO测试集\15目标\REMO_new2_AdaMaO_SDEOnly_UniformMix_Pruned_Weighted\REMO_new2_AdaMaO_SDEOnly_UniformMix_Pruned_Weighted_WFG4_M15_D30_19.mat (valid, final IGD 12.195736)
[2026-09-14 07:38:19] [skip] D:\REMOandDREMO测试集\15目标\REMO_new2_AdaMaO_SDEOnly_UniformMix_Pruned_Weighted\REMO_new2_AdaMaO_SDEOnly_UniformMix_Pruned_Weighted_WFG4_M15_D30_23.mat (valid, final IGD 14.492816)
[2026-09-14 07:38:19] [skip] D:\REMOandDREMO测试集\15目标\REMO_new2_AdaMaO_SDEOnly_UniformMix_Pruned_Weighted\REMO_new2_AdaMaO_SDEOnly_UniformMix_Pruned_Weighted_WFG4_M15_D30_27.mat (valid, final IGD 12.719871)
[2026-09-14 07:38:19] [skip] D:\REMOandDREMO测试集\15目标\REMO_new2_AdaMaO_SDEOnly_UniformMix_Pruned_Weighted\REMO_new2_AdaMaO_SDEOnly_UniformMix_Pruned_Weighted_WFG5_M15_D30_1.mat (valid, final IGD 11.991974)
[2026-09-14 07:38:19] [skip] D:\REMOandDREMO测试集\15目标\REMO_new2_AdaMaO_SDEOnly_UniformMix_Pruned_Weighted\REMO_new2_AdaMaO_SDEOnly_UniformMix_Pruned_Weighted_WFG5_M15_D30_5.mat (valid, final IGD 11.707910)
[2026-09-14 07:38:19] [skip] D:\REMOandDREMO测试集\15目标\REMO_new2_AdaMaO_SDEOnly_UniformMix_Pruned_Weighted\REMO_new2_AdaMaO_SDEOnly_UniformMix_Pruned_Weighted_WFG5_M15_D30_9.mat (valid, final IGD 12.151103)
[2026-09-14 07:38:19] [skip] D:\REMOandDREMO测试集\15目标\REMO_new2_AdaMaO_SDEOnly_UniformMix_Pruned_Weighted\REMO_new2_AdaMaO_SDEOnly_UniformMix_Pruned_Weighted_WFG5_M15_D30_13.mat (valid, final IGD 11.303609)
[2026-09-14 07:38:19] [skip] D:\REMOandDREMO测试集\15目标\REMO_new2_AdaMaO_SDEOnly_UniformMix_Pruned_Weighted\REMO_new2_AdaMaO_SDEOnly_UniformMix_Pruned_Weighted_WFG5_M15_D30_17.mat (valid, final IGD 13.554844)
[2026-09-14 07:38:19] [skip] D:\REMOandDREMO测试集\15目标\REMO_new2_AdaMaO_SDEOnly_UniformMix_Pruned_Weighted\REMO_new2_AdaMaO_SDEOnly_UniformMix_Pruned_Weighted_WFG5_M15_D30_21.mat (valid, final IGD 12.193993)
[2026-09-14 07:38:19] [skip] D:\REMOandDREMO测试集\15目标\REMO_new2_AdaMaO_SDEOnly_UniformMix_Pruned_Weighted\REMO_new2_AdaMaO_SDEOnly_UniformMix_Pruned_Weighted_WFG5_M15_D30_25.mat (valid, final IGD 11.374080)
[2026-09-14 07:38:19] [skip] D:\REMOandDREMO测试集\15目标\REMO_new2_AdaMaO_SDEOnly_UniformMix_Pruned_Weighted\REMO_new2_AdaMaO_SDEOnly_UniformMix_Pruned_Weighted_WFG5_M15_D30_29.mat (valid, final IGD 12.198824)
[2026-09-14 07:38:19] [skip] D:\REMOandDREMO测试集\15目标\REMO_new2_AdaMaO_SDEOnly_UniformMix_Pruned_Weighted\REMO_new2_AdaMaO_SDEOnly_UniformMix_Pruned_Weighted_WFG6_M15_D30_3.mat (valid, final IGD 9.578336)
[2026-09-14 07:38:20] [skip] D:\REMOandDREMO测试集\15目标\REMO_new2_AdaMaO_SDEOnly_UniformMix_Pruned_Weighted\REMO_new2_AdaMaO_SDEOnly_UniformMix_Pruned_Weighted_WFG6_M15_D30_7.mat (valid, final IGD 11.467169)
[2026-09-14 07:38:20] [skip] D:\REMOandDREMO测试集\15目标\REMO_new2_AdaMaO_SDEOnly_UniformMix_Pruned_Weighted\REMO_new2_AdaMaO_SDEOnly_UniformMix_Pruned_Weighted_WFG6_M15_D30_11.mat (valid, final IGD 10.136068)
[2026-09-14 07:38:20] [skip] D:\REMOandDREMO测试集\15目标\REMO_new2_AdaMaO_SDEOnly_UniformMix_Pruned_Weighted\REMO_new2_AdaMaO_SDEOnly_UniformMix_Pruned_Weighted_WFG6_M15_D30_15.mat (valid, final IGD 10.301224)
[2026-09-14 07:38:20] [skip] D:\REMOandDREMO测试集\15目标\REMO_new2_AdaMaO_SDEOnly_UniformMix_Pruned_Weighted\REMO_new2_AdaMaO_SDEOnly_UniformMix_Pruned_Weighted_WFG6_M15_D30_19.mat (valid, final IGD 9.955724)
[2026-09-14 07:38:20] [skip] D:\REMOandDREMO测试集\15目标\REMO_new2_AdaMaO_SDEOnly_UniformMix_Pruned_Weighted\REMO_new2_AdaMaO_SDEOnly_UniformMix_Pruned_Weighted_WFG6_M15_D30_23.mat (valid, final IGD 10.427796)
[2026-09-14 07:38:20] [skip] D:\REMOandDREMO测试集\15目标\REMO_new2_AdaMaO_SDEOnly_UniformMix_Pruned_Weighted\REMO_new2_AdaMaO_SDEOnly_UniformMix_Pruned_Weighted_WFG6_M15_D30_27.mat (valid, final IGD 10.583269)
[2026-09-14 07:38:20] [skip] D:\REMOandDREMO测试集\15目标\REMO_new2_AdaMaO_SDEOnly_UniformMix_Pruned_Weighted\REMO_new2_AdaMaO_SDEOnly_UniformMix_Pruned_Weighted_WFG7_M15_D30_1.mat (valid, final IGD 11.298483)
[2026-09-14 07:38:20] [skip] D:\REMOandDREMO测试集\15目标\REMO_new2_AdaMaO_SDEOnly_UniformMix_Pruned_Weighted\REMO_new2_AdaMaO_SDEOnly_UniformMix_Pruned_Weighted_WFG7_M15_D30_5.mat (valid, final IGD 11.558215)
[2026-09-14 07:38:20] [skip] D:\REMOandDREMO测试集\15目标\REMO_new2_AdaMaO_SDEOnly_UniformMix_Pruned_Weighted\REMO_new2_AdaMaO_SDEOnly_UniformMix_Pruned_Weighted_WFG7_M15_D30_9.mat (valid, final IGD 11.079799)
[2026-09-14 07:38:20] [skip] D:\REMOandDREMO测试集\15目标\REMO_new2_AdaMaO_SDEOnly_UniformMix_Pruned_Weighted\REMO_new2_AdaMaO_SDEOnly_UniformMix_Pruned_Weighted_WFG7_M15_D30_13.mat (valid, final IGD 11.609083)
[2026-09-14 07:38:20] [skip] D:\REMOandDREMO测试集\15目标\REMO_new2_AdaMaO_SDEOnly_UniformMix_Pruned_Weighted\REMO_new2_AdaMaO_SDEOnly_UniformMix_Pruned_Weighted_WFG7_M15_D30_17.mat (valid, final IGD 12.155709)
[2026-09-14 07:38:20] [skip] D:\REMOandDREMO测试集\15目标\REMO_new2_AdaMaO_SDEOnly_UniformMix_Pruned_Weighted\REMO_new2_AdaMaO_SDEOnly_UniformMix_Pruned_Weighted_WFG7_M15_D30_21.mat (valid, final IGD 10.736580)
[2026-09-14 07:38:20] [skip] D:\REMOandDREMO测试集\15目标\REMO_new2_AdaMaO_SDEOnly_UniformMix_Pruned_Weighted\REMO_new2_AdaMaO_SDEOnly_UniformMix_Pruned_Weighted_WFG7_M15_D30_25.mat (valid, final IGD 12.017933)
[2026-09-14 07:38:20] [skip] D:\REMOandDREMO测试集\15目标\REMO_new2_AdaMaO_SDEOnly_UniformMix_Pruned_Weighted\REMO_new2_AdaMaO_SDEOnly_UniformMix_Pruned_Weighted_WFG7_M15_D30_29.mat (valid, final IGD 11.633466)
[2026-09-14 07:38:20] [skip] D:\REMOandDREMO测试集\15目标\REMO_new2_AdaMaO_SDEOnly_UniformMix_Pruned_Weighted\REMO_new2_AdaMaO_SDEOnly_UniformMix_Pruned_Weighted_WFG8_M15_D30_3.mat (valid, final IGD 11.322021)
[2026-09-14 07:38:20] [skip] D:\REMOandDREMO测试集\15目标\REMO_new2_AdaMaO_SDEOnly_UniformMix_Pruned_Weighted\REMO_new2_AdaMaO_SDEOnly_UniformMix_Pruned_Weighted_WFG8_M15_D30_7.mat (valid, final IGD 11.824292)
[2026-09-14 07:38:20] [skip] D:\REMOandDREMO测试集\15目标\REMO_new2_AdaMaO_SDEOnly_UniformMix_Pruned_Weighted\REMO_new2_AdaMaO_SDEOnly_UniformMix_Pruned_Weighted_WFG8_M15_D30_11.mat (valid, final IGD 12.479755)
[2026-09-14 07:38:20] [skip] D:\REMOandDREMO测试集\15目标\REMO_new2_AdaMaO_SDEOnly_UniformMix_Pruned_Weighted\REMO_new2_AdaMaO_SDEOnly_UniformMix_Pruned_Weighted_WFG8_M15_D30_15.mat (valid, final IGD 11.602503)
[2026-09-14 07:38:20] [skip] D:\REMOandDREMO测试集\15目标\REMO_new2_AdaMaO_SDEOnly_UniformMix_Pruned_Weighted\REMO_new2_AdaMaO_SDEOnly_UniformMix_Pruned_Weighted_WFG8_M15_D30_19.mat (valid, final IGD 10.995557)
[2026-09-14 07:38:20] [skip] D:\REMOandDREMO测试集\15目标\REMO_new2_AdaMaO_SDEOnly_UniformMix_Pruned_Weighted\REMO_new2_AdaMaO_SDEOnly_UniformMix_Pruned_Weighted_WFG8_M15_D30_23.mat (valid, final IGD 11.658703)
[2026-09-14 07:38:20] [skip] D:\REMOandDREMO测试集\15目标\REMO_new2_AdaMaO_SDEOnly_UniformMix_Pruned_Weighted\REMO_new2_AdaMaO_SDEOnly_UniformMix_Pruned_Weighted_WFG8_M15_D30_27.mat (valid, final IGD 11.982220)
[2026-09-14 07:38:20] [skip] D:\REMOandDREMO测试集\15目标\REMO_new2_AdaMaO_SDEOnly_UniformMix_Pruned_Weighted\REMO_new2_AdaMaO_SDEOnly_UniformMix_Pruned_Weighted_WFG9_M15_D30_1.mat (valid, final IGD 13.806945)
[2026-09-14 07:38:20] [skip] D:\REMOandDREMO测试集\15目标\REMO_new2_AdaMaO_SDEOnly_UniformMix_Pruned_Weighted\REMO_new2_AdaMaO_SDEOnly_UniformMix_Pruned_Weighted_WFG9_M15_D30_5.mat (valid, final IGD 13.338612)
[2026-09-14 07:38:20] [skip] D:\REMOandDREMO测试集\15目标\REMO_new2_AdaMaO_SDEOnly_UniformMix_Pruned_Weighted\REMO_new2_AdaMaO_SDEOnly_UniformMix_Pruned_Weighted_WFG9_M15_D30_9.mat (valid, final IGD 14.126902)
[2026-09-14 07:38:20] [skip] D:\REMOandDREMO测试集\15目标\REMO_new2_AdaMaO_SDEOnly_UniformMix_Pruned_Weighted\REMO_new2_AdaMaO_SDEOnly_UniformMix_Pruned_Weighted_WFG9_M15_D30_13.mat (valid, final IGD 13.800421)
[2026-09-14 07:38:20] [skip] D:\REMOandDREMO测试集\15目标\REMO_new2_AdaMaO_SDEOnly_UniformMix_Pruned_Weighted\REMO_new2_AdaMaO_SDEOnly_UniformMix_Pruned_Weighted_WFG9_M15_D30_17.mat (valid, final IGD 13.282179)
[2026-09-14 07:38:20] [skip] D:\REMOandDREMO测试集\15目标\REMO_new2_AdaMaO_SDEOnly_UniformMix_Pruned_Weighted\REMO_new2_AdaMaO_SDEOnly_UniformMix_Pruned_Weighted_WFG9_M15_D30_21.mat (valid, final IGD 14.152357)
[2026-09-14 07:38:20] [skip] D:\REMOandDREMO测试集\15目标\REMO_new2_AdaMaO_SDEOnly_UniformMix_Pruned_Weighted\REMO_new2_AdaMaO_SDEOnly_UniformMix_Pruned_Weighted_WFG9_M15_D30_25.mat (valid, final IGD 13.402088)
[2026-09-14 07:38:20] [skip] D:\REMOandDREMO测试集\15目标\REMO_new2_AdaMaO_SDEOnly_UniformMix_Pruned_Weighted\REMO_new2_AdaMaO_SDEOnly_UniformMix_Pruned_Weighted_WFG9_M15_D30_29.mat (valid, final IGD 12.645743)
[2026-09-14 07:38:20] ==== part 1/4 done: 68 runs (68 skipped) in 30.6 s (0.0 h) ====
[2026-09-14 07:38:20] Summary CSV: D:\REMOandDREMO测试集\15目标\REMO_new2_AdaMaO_SDEOnly_UniformMix_Pruned_Weighted\_runlog_part1of4.csv

ans = 

  包含以下字段的 1x68 struct 数组:

    Problem
    Run
    File
    Status
    IGD
    Runtime
    FE
    D
    Seed
    Seconds

[2026-09-14 07:38:23] part 1 attempt 1 exited rc=0
[2026-09-14 07:38:23] part 1 COMPLETE after 1 attempt(s)
[2026-09-14 07:38:25] part 1 attempt 1 launching MATLAB (alg=REMO_new2_AdaMaO_SDEOnly_UniformMix_Pruned_Weighted params=3000,0.50,0.25,0.70,6 func=run_WeightedWFG_M8D10)
[2026-09-14 07:38:32] PlatEMO root: D:\PlatEMO-master\PlatEMO-master\PlatEMO
[2026-09-14 07:38:38] WFG1: M=8 D=10 maxFE=300 (canonical index 8)
[2026-09-14 07:38:41] WFG2: M=8 D=11 maxFE=300 (canonical index 9)
[2026-09-14 07:38:41] WFG3: M=8 D=11 maxFE=300 (canonical index 10)
[2026-09-14 07:38:41] WFG4: M=8 D=10 maxFE=300 (canonical index 11)
[2026-09-14 07:38:41] WFG5: M=8 D=10 maxFE=300 (canonical index 12)
[2026-09-14 07:38:41] WFG6: M=8 D=10 maxFE=300 (canonical index 13)
[2026-09-14 07:38:41] WFG7: M=8 D=10 maxFE=300 (canonical index 14)
[2026-09-14 07:38:41] WFG8: M=8 D=10 maxFE=300 (canonical index 15)
[2026-09-14 07:38:41] WFG9: M=8 D=10 maxFE=300 (canonical index 16)
[2026-09-14 07:38:41] Algorithm REMO_new2_AdaMaO_SDEOnly_UniformMix_Pruned_Weighted | parameters [3000            0.5           0.25            0.7              6]
[2026-09-14 07:38:41] SaveCount 30 | Runs 30 | M 8 | requested D 10 | N 100 | maxFE 300 | modeRunId 1 | seedBase 20260912
[2026-09-14 07:38:41] Slice 1/4 -> 68 of 270 jobs
[2026-09-14 07:38:43] [skip] D:\REMOandDREMO测试集\8目标\n10\REMO_new2_AdaMaO_SDEOnly_UniformMix_Pruned_Weighted\REMO_new2_AdaMaO_SDEOnly_UniformMix_Pruned_Weighted_WFG1_M8_D10_1.mat (valid, final IGD 2.861343)
[2026-09-14 07:38:45] [skip] D:\REMOandDREMO测试集\8目标\n10\REMO_new2_AdaMaO_SDEOnly_UniformMix_Pruned_Weighted\REMO_new2_AdaMaO_SDEOnly_UniformMix_Pruned_Weighted_WFG1_M8_D10_5.mat (valid, final IGD 2.791841)
[2026-09-14 07:38:47] [skip] D:\REMOandDREMO测试集\8目标\n10\REMO_new2_AdaMaO_SDEOnly_UniformMix_Pruned_Weighted\REMO_new2_AdaMaO_SDEOnly_UniformMix_Pruned_Weighted_WFG1_M8_D10_9.mat (valid, final IGD 2.830084)
[2026-09-14 07:38:49] [skip] D:\REMOandDREMO测试集\8目标\n10\REMO_new2_AdaMaO_SDEOnly_UniformMix_Pruned_Weighted\REMO_new2_AdaMaO_SDEOnly_UniformMix_Pruned_Weighted_WFG1_M8_D10_13.mat (valid, final IGD 2.714658)
[2026-09-14 07:38:51] [skip] D:\REMOandDREMO测试集\8目标\n10\REMO_new2_AdaMaO_SDEOnly_UniformMix_Pruned_Weighted\REMO_new2_AdaMaO_SDEOnly_UniformMix_Pruned_Weighted_WFG1_M8_D10_17.mat (valid, final IGD 2.801086)
[2026-09-14 07:38:53] [skip] D:\REMOandDREMO测试集\8目标\n10\REMO_new2_AdaMaO_SDEOnly_UniformMix_Pruned_Weighted\REMO_new2_AdaMaO_SDEOnly_UniformMix_Pruned_Weighted_WFG1_M8_D10_21.mat (valid, final IGD 2.729323)
[2026-09-14 07:38:55] [skip] D:\REMOandDREMO测试集\8目标\n10\REMO_new2_AdaMaO_SDEOnly_UniformMix_Pruned_Weighted\REMO_new2_AdaMaO_SDEOnly_UniformMix_Pruned_Weighted_WFG1_M8_D10_25.mat (valid, final IGD 2.717807)
[2026-09-14 07:38:57] [skip] D:\REMOandDREMO测试集\8目标\n10\REMO_new2_AdaMaO_SDEOnly_UniformMix_Pruned_Weighted\REMO_new2_AdaMaO_SDEOnly_UniformMix_Pruned_Weighted_WFG1_M8_D10_29.mat (valid, final IGD 2.898374)
[2026-09-14 07:39:00] [skip] D:\REMOandDREMO测试集\8目标\n10\REMO_new2_AdaMaO_SDEOnly_UniformMix_Pruned_Weighted\REMO_new2_AdaMaO_SDEOnly_UniformMix_Pruned_Weighted_WFG2_M8_D11_3.mat (valid, final IGD 2.308540)
[2026-09-14 07:39:02] [skip] D:\REMOandDREMO测试集\8目标\n10\REMO_new2_AdaMaO_SDEOnly_UniformMix_Pruned_Weighted\REMO_new2_AdaMaO_SDEOnly_UniformMix_Pruned_Weighted_WFG2_M8_D11_7.mat (valid, final IGD 1.143707)
[2026-09-14 07:39:04] [skip] D:\REMOandDREMO测试集\8目标\n10\REMO_new2_AdaMaO_SDEOnly_UniformMix_Pruned_Weighted\REMO_new2_AdaMaO_SDEOnly_UniformMix_Pruned_Weighted_WFG2_M8_D11_11.mat (valid, final IGD 1.166375)
[2026-09-14 07:39:07] [skip] D:\REMOandDREMO测试集\8目标\n10\REMO_new2_AdaMaO_SDEOnly_UniformMix_Pruned_Weighted\REMO_new2_AdaMaO_SDEOnly_UniformMix_Pruned_Weighted_WFG2_M8_D11_15.mat (valid, final IGD 1.151401)
[2026-09-14 07:39:09] [skip] D:\REMOandDREMO测试集\8目标\n10\REMO_new2_AdaMaO_SDEOnly_UniformMix_Pruned_Weighted\REMO_new2_AdaMaO_SDEOnly_UniformMix_Pruned_Weighted_WFG2_M8_D11_19.mat (valid, final IGD 1.185267)
[2026-09-14 07:39:11] [skip] D:\REMOandDREMO测试集\8目标\n10\REMO_new2_AdaMaO_SDEOnly_UniformMix_Pruned_Weighted\REMO_new2_AdaMaO_SDEOnly_UniformMix_Pruned_Weighted_WFG2_M8_D11_23.mat (valid, final IGD 1.485594)
[2026-09-14 07:39:13] [skip] D:\REMOandDREMO测试集\8目标\n10\REMO_new2_AdaMaO_SDEOnly_UniformMix_Pruned_Weighted\REMO_new2_AdaMaO_SDEOnly_UniformMix_Pruned_Weighted_WFG2_M8_D11_27.mat (valid, final IGD 1.483987)
[2026-09-14 07:39:13] [skip] D:\REMOandDREMO测试集\8目标\n10\REMO_new2_AdaMaO_SDEOnly_UniformMix_Pruned_Weighted\REMO_new2_AdaMaO_SDEOnly_UniformMix_Pruned_Weighted_WFG3_M8_D11_1.mat (valid, final IGD 1.081020)
[2026-09-14 07:39:13] [skip] D:\REMOandDREMO测试集\8目标\n10\REMO_new2_AdaMaO_SDEOnly_UniformMix_Pruned_Weighted\REMO_new2_AdaMaO_SDEOnly_UniformMix_Pruned_Weighted_WFG3_M8_D11_5.mat (valid, final IGD 1.240070)
[2026-09-14 07:39:13] [skip] D:\REMOandDREMO测试集\8目标\n10\REMO_new2_AdaMaO_SDEOnly_UniformMix_Pruned_Weighted\REMO_new2_AdaMaO_SDEOnly_UniformMix_Pruned_Weighted_WFG3_M8_D11_9.mat (valid, final IGD 1.081532)
[2026-09-14 07:39:14] [skip] D:\REMOandDREMO测试集\8目标\n10\REMO_new2_AdaMaO_SDEOnly_UniformMix_Pruned_Weighted\REMO_new2_AdaMaO_SDEOnly_UniformMix_Pruned_Weighted_WFG3_M8_D11_13.mat (valid, final IGD 1.162295)
[2026-09-14 07:39:14] [skip] D:\REMOandDREMO测试集\8目标\n10\REMO_new2_AdaMaO_SDEOnly_UniformMix_Pruned_Weighted\REMO_new2_AdaMaO_SDEOnly_UniformMix_Pruned_Weighted_WFG3_M8_D11_17.mat (valid, final IGD 1.108201)
[2026-09-14 07:39:14] [skip] D:\REMOandDREMO测试集\8目标\n10\REMO_new2_AdaMaO_SDEOnly_UniformMix_Pruned_Weighted\REMO_new2_AdaMaO_SDEOnly_UniformMix_Pruned_Weighted_WFG3_M8_D11_21.mat (valid, final IGD 1.126449)
[2026-09-14 07:39:14] [skip] D:\REMOandDREMO测试集\8目标\n10\REMO_new2_AdaMaO_SDEOnly_UniformMix_Pruned_Weighted\REMO_new2_AdaMaO_SDEOnly_UniformMix_Pruned_Weighted_WFG3_M8_D11_25.mat (valid, final IGD 1.043864)
[2026-09-14 07:39:14] [skip] D:\REMOandDREMO测试集\8目标\n10\REMO_new2_AdaMaO_SDEOnly_UniformMix_Pruned_Weighted\REMO_new2_AdaMaO_SDEOnly_UniformMix_Pruned_Weighted_WFG3_M8_D11_29.mat (valid, final IGD 1.173652)
[2026-09-14 07:39:14] [skip] D:\REMOandDREMO测试集\8目标\n10\REMO_new2_AdaMaO_SDEOnly_UniformMix_Pruned_Weighted\REMO_new2_AdaMaO_SDEOnly_UniformMix_Pruned_Weighted_WFG4_M8_D10_3.mat (valid, final IGD 3.325467)
[2026-09-14 07:39:14] [skip] D:\REMOandDREMO测试集\8目标\n10\REMO_new2_AdaMaO_SDEOnly_UniformMix_Pruned_Weighted\REMO_new2_AdaMaO_SDEOnly_UniformMix_Pruned_Weighted_WFG4_M8_D10_7.mat (valid, final IGD 3.881758)
[2026-09-14 07:39:14] [skip] D:\REMOandDREMO测试集\8目标\n10\REMO_new2_AdaMaO_SDEOnly_UniformMix_Pruned_Weighted\REMO_new2_AdaMaO_SDEOnly_UniformMix_Pruned_Weighted_WFG4_M8_D10_11.mat (valid, final IGD 4.102221)
[2026-09-14 07:39:14] [skip] D:\REMOandDREMO测试集\8目标\n10\REMO_new2_AdaMaO_SDEOnly_UniformMix_Pruned_Weighted\REMO_new2_AdaMaO_SDEOnly_UniformMix_Pruned_Weighted_WFG4_M8_D10_15.mat (valid, final IGD 3.383816)
[2026-09-14 07:39:14] [skip] D:\REMOandDREMO测试集\8目标\n10\REMO_new2_AdaMaO_SDEOnly_UniformMix_Pruned_Weighted\REMO_new2_AdaMaO_SDEOnly_UniformMix_Pruned_Weighted_WFG4_M8_D10_19.mat (valid, final IGD 3.269001)
[2026-09-14 07:39:14] [skip] D:\REMOandDREMO测试集\8目标\n10\REMO_new2_AdaMaO_SDEOnly_UniformMix_Pruned_Weighted\REMO_new2_AdaMaO_SDEOnly_UniformMix_Pruned_Weighted_WFG4_M8_D10_23.mat (valid, final IGD 3.385226)
[2026-09-14 07:39:14] [skip] D:\REMOandDREMO测试集\8目标\n10\REMO_new2_AdaMaO_SDEOnly_UniformMix_Pruned_Weighted\REMO_new2_AdaMaO_SDEOnly_UniformMix_Pruned_Weighted_WFG4_M8_D10_27.mat (valid, final IGD 3.598063)
[2026-09-14 07:39:14] [skip] D:\REMOandDREMO测试集\8目标\n10\REMO_new2_AdaMaO_SDEOnly_UniformMix_Pruned_Weighted\REMO_new2_AdaMaO_SDEOnly_UniformMix_Pruned_Weighted_WFG5_M8_D10_1.mat (valid, final IGD 3.556685)
[2026-09-14 07:39:14] [skip] D:\REMOandDREMO测试集\8目标\n10\REMO_new2_AdaMaO_SDEOnly_UniformMix_Pruned_Weighted\REMO_new2_AdaMaO_SDEOnly_UniformMix_Pruned_Weighted_WFG5_M8_D10_5.mat (valid, final IGD 3.200521)
[2026-09-14 07:39:14] [skip] D:\REMOandDREMO测试集\8目标\n10\REMO_new2_AdaMaO_SDEOnly_UniformMix_Pruned_Weighted\REMO_new2_AdaMaO_SDEOnly_UniformMix_Pruned_Weighted_WFG5_M8_D10_9.mat (valid, final IGD 3.606856)
[2026-09-14 07:39:14] [skip] D:\REMOandDREMO测试集\8目标\n10\REMO_new2_AdaMaO_SDEOnly_UniformMix_Pruned_Weighted\REMO_new2_AdaMaO_SDEOnly_UniformMix_Pruned_Weighted_WFG5_M8_D10_13.mat (valid, final IGD 3.223962)
[2026-09-14 07:39:14] [skip] D:\REMOandDREMO测试集\8目标\n10\REMO_new2_AdaMaO_SDEOnly_UniformMix_Pruned_Weighted\REMO_new2_AdaMaO_SDEOnly_UniformMix_Pruned_Weighted_WFG5_M8_D10_17.mat (valid, final IGD 3.319365)
[2026-09-14 07:39:14] [skip] D:\REMOandDREMO测试集\8目标\n10\REMO_new2_AdaMaO_SDEOnly_UniformMix_Pruned_Weighted\REMO_new2_AdaMaO_SDEOnly_UniformMix_Pruned_Weighted_WFG5_M8_D10_21.mat (valid, final IGD 3.487928)
[2026-09-14 07:39:14] [skip] D:\REMOandDREMO测试集\8目标\n10\REMO_new2_AdaMaO_SDEOnly_UniformMix_Pruned_Weighted\REMO_new2_AdaMaO_SDEOnly_UniformMix_Pruned_Weighted_WFG5_M8_D10_25.mat (valid, final IGD 3.356211)
[2026-09-14 07:39:14] [skip] D:\REMOandDREMO测试集\8目标\n10\REMO_new2_AdaMaO_SDEOnly_UniformMix_Pruned_Weighted\REMO_new2_AdaMaO_SDEOnly_UniformMix_Pruned_Weighted_WFG5_M8_D10_29.mat (valid, final IGD 3.298647)
[2026-09-14 07:39:14] [skip] D:\REMOandDREMO测试集\8目标\n10\REMO_new2_AdaMaO_SDEOnly_UniformMix_Pruned_Weighted\REMO_new2_AdaMaO_SDEOnly_UniformMix_Pruned_Weighted_WFG6_M8_D10_3.mat (valid, final IGD 3.510918)
[2026-09-14 07:39:14] [skip] D:\REMOandDREMO测试集\8目标\n10\REMO_new2_AdaMaO_SDEOnly_UniformMix_Pruned_Weighted\REMO_new2_AdaMaO_SDEOnly_UniformMix_Pruned_Weighted_WFG6_M8_D10_7.mat (valid, final IGD 3.690899)
[2026-09-14 07:39:14] [skip] D:\REMOandDREMO测试集\8目标\n10\REMO_new2_AdaMaO_SDEOnly_UniformMix_Pruned_Weighted\REMO_new2_AdaMaO_SDEOnly_UniformMix_Pruned_Weighted_WFG6_M8_D10_11.mat (valid, final IGD 3.490149)
[2026-09-14 07:39:14] [skip] D:\REMOandDREMO测试集\8目标\n10\REMO_new2_AdaMaO_SDEOnly_UniformMix_Pruned_Weighted\REMO_new2_AdaMaO_SDEOnly_UniformMix_Pruned_Weighted_WFG6_M8_D10_15.mat (valid, final IGD 3.411020)
[2026-09-14 07:39:14] [skip] D:\REMOandDREMO测试集\8目标\n10\REMO_new2_AdaMaO_SDEOnly_UniformMix_Pruned_Weighted\REMO_new2_AdaMaO_SDEOnly_UniformMix_Pruned_Weighted_WFG6_M8_D10_19.mat (valid, final IGD 3.447648)
[2026-09-14 07:39:14] [skip] D:\REMOandDREMO测试集\8目标\n10\REMO_new2_AdaMaO_SDEOnly_UniformMix_Pruned_Weighted\REMO_new2_AdaMaO_SDEOnly_UniformMix_Pruned_Weighted_WFG6_M8_D10_23.mat (valid, final IGD 3.900231)
[2026-09-14 07:39:14] [skip] D:\REMOandDREMO测试集\8目标\n10\REMO_new2_AdaMaO_SDEOnly_UniformMix_Pruned_Weighted\REMO_new2_AdaMaO_SDEOnly_UniformMix_Pruned_Weighted_WFG6_M8_D10_27.mat (valid, final IGD 3.508715)
[2026-09-14 07:39:14] [skip] D:\REMOandDREMO测试集\8目标\n10\REMO_new2_AdaMaO_SDEOnly_UniformMix_Pruned_Weighted\REMO_new2_AdaMaO_SDEOnly_UniformMix_Pruned_Weighted_WFG7_M8_D10_1.mat (valid, final IGD 3.844495)
[2026-09-14 07:39:14] [skip] D:\REMOandDREMO测试集\8目标\n10\REMO_new2_AdaMaO_SDEOnly_UniformMix_Pruned_Weighted\REMO_new2_AdaMaO_SDEOnly_UniformMix_Pruned_Weighted_WFG7_M8_D10_5.mat (valid, final IGD 3.779834)
[2026-09-14 07:39:14] [skip] D:\REMOandDREMO测试集\8目标\n10\REMO_new2_AdaMaO_SDEOnly_UniformMix_Pruned_Weighted\REMO_new2_AdaMaO_SDEOnly_UniformMix_Pruned_Weighted_WFG7_M8_D10_9.mat (valid, final IGD 3.831617)
[2026-09-14 07:39:14] [skip] D:\REMOandDREMO测试集\8目标\n10\REMO_new2_AdaMaO_SDEOnly_UniformMix_Pruned_Weighted\REMO_new2_AdaMaO_SDEOnly_UniformMix_Pruned_Weighted_WFG7_M8_D10_13.mat (valid, final IGD 3.783422)
[2026-09-14 07:39:14] [skip] D:\REMOandDREMO测试集\8目标\n10\REMO_new2_AdaMaO_SDEOnly_UniformMix_Pruned_Weighted\REMO_new2_AdaMaO_SDEOnly_UniformMix_Pruned_Weighted_WFG7_M8_D10_17.mat (valid, final IGD 3.546236)
[2026-09-14 07:39:14] [skip] D:\REMOandDREMO测试集\8目标\n10\REMO_new2_AdaMaO_SDEOnly_UniformMix_Pruned_Weighted\REMO_new2_AdaMaO_SDEOnly_UniformMix_Pruned_Weighted_WFG7_M8_D10_21.mat (valid, final IGD 3.932520)
[2026-09-14 07:41:04] [done] WFG7 run 25 seed 21074937 | IGD first 6.3081 -> final 4.09087 | runtime 109.0s | wall 109.7s | ok
[2026-09-14 07:42:45] [done] WFG7 run 29 seed 21074941 | IGD first 5.72357 -> final 3.72232 | runtime 101.1s | wall 101.5s | ok
[2026-09-14 07:44:24] [done] WFG8 run 3 seed 21075915 | IGD first 6.11993 -> final 4.02743 | runtime 98.0s | wall 98.4s | ok
[2026-09-14 07:46:03] [done] WFG8 run 7 seed 21075919 | IGD first 6.20888 -> final 4.03019 | runtime 99.1s | wall 99.5s | ok
[2026-09-14 07:47:42] [done] WFG8 run 11 seed 21075923 | IGD first 5.97749 -> final 4.09728 | runtime 98.7s | wall 99.0s | ok
[2026-09-14 07:49:22] [done] WFG8 run 15 seed 21075927 | IGD first 6.16349 -> final 4.00696 | runtime 99.7s | wall 100.1s | ok
[2026-09-14 07:51:04] [done] WFG8 run 19 seed 21075931 | IGD first 6.25412 -> final 3.71705 | runtime 101.2s | wall 101.7s | ok
[2026-09-14 07:52:45] [done] WFG8 run 23 seed 21075935 | IGD first 5.94973 -> final 4.70396 | runtime 100.3s | wall 100.6s | ok
[2026-09-14 07:54:24] [done] WFG8 run 27 seed 21075939 | IGD first 5.4218 -> final 3.85719 | runtime 98.7s | wall 99.1s | ok
[2026-09-14 07:56:04] [done] WFG9 run 1 seed 21076913 | IGD first 6.3867 -> final 3.93024 | runtime 100.4s | wall 100.7s | ok
[2026-09-14 07:57:47] [done] WFG9 run 5 seed 21076917 | IGD first 5.80618 -> final 4.04961 | runtime 101.9s | wall 102.3s | ok
[2026-09-14 07:59:28] [done] WFG9 run 9 seed 21076921 | IGD first 6.20308 -> final 4.35863 | runtime 101.0s | wall 101.3s | ok
[2026-09-14 08:01:08] [done] WFG9 run 13 seed 21076925 | IGD first 5.87623 -> final 3.7024 | runtime 99.2s | wall 99.6s | ok
[2026-09-14 08:02:51] [done] WFG9 run 17 seed 21076929 | IGD first 5.25318 -> final 3.67561 | runtime 103.0s | wall 103.4s | ok
[2026-09-14 08:04:30] [done] WFG9 run 21 seed 21076933 | IGD first 7.18069 -> final 3.67558 | runtime 98.7s | wall 99.0s | ok
[2026-09-14 08:06:04] [done] WFG9 run 25 seed 21076937 | IGD first 6.11999 -> final 3.58668 | runtime 94.0s | wall 94.3s | ok
[2026-09-14 08:07:33] [done] WFG9 run 29 seed 21076941 | IGD first 7.21131 -> final 4.26264 | runtime 88.7s | wall 89.0s | ok
[2026-09-14 08:07:33] ==== part 1/4 done: 68 runs (51 skipped) in 1732.2 s (0.5 h) ====
[2026-09-14 08:07:34] Summary CSV: D:\REMOandDREMO测试集\8目标\n10\REMO_new2_AdaMaO_SDEOnly_UniformMix_Pruned_Weighted\_runlog_part1of4.csv

ans = 

  包含以下字段的 1x68 struct 数组:

    Problem
    Run
    File
    Status
    IGD
    Runtime
    FE
    D
    Seed
    Seconds

[2026-09-14 08:07:39] part 1 attempt 1 exited rc=0
[2026-09-14 08:07:39] part 1 COMPLETE after 1 attempt(s)
