[2026-09-13 16:29:54] part 2 attempt 1 launching MATLAB (alg=REMO_new2_AdaMaO_SDEOnly_UniformMix_Pruned_Weighted params=3000,0.50,0.25,0.70,6 func=run_WeightedWFG_M15)
[2026-09-13 16:30:01] PlatEMO root: D:\PlatEMO-master\PlatEMO-master\PlatEMO
[2026-09-13 16:30:08] WFG1: M=15 D=30 maxFE=300 (canonical index 8)
[2026-09-13 16:30:11] WFG2: M=15 D=30 maxFE=300 (canonical index 9)
[2026-09-13 16:30:11] WFG3: M=15 D=30 maxFE=300 (canonical index 10)
[2026-09-13 16:30:11] WFG4: M=15 D=30 maxFE=300 (canonical index 11)
[2026-09-13 16:30:11] WFG5: M=15 D=30 maxFE=300 (canonical index 12)
[2026-09-13 16:30:11] WFG6: M=15 D=30 maxFE=300 (canonical index 13)
[2026-09-13 16:30:11] WFG7: M=15 D=30 maxFE=300 (canonical index 14)
[2026-09-13 16:30:11] WFG8: M=15 D=30 maxFE=300 (canonical index 15)
[2026-09-13 16:30:11] WFG9: M=15 D=30 maxFE=300 (canonical index 16)
[2026-09-13 16:30:11] Algorithm REMO_new2_AdaMaO_SDEOnly_UniformMix_Pruned_Weighted | parameters [3000            0.5           0.25            0.7              6]
[2026-09-13 16:30:11] SaveCount 30 | Runs 30 | M 15 | requested D 30 | N 100 | maxFE 300 | modeRunId 1 | seedBase 20260912
[2026-09-13 16:30:11] Slice 2/4 -> 68 of 270 jobs
[2026-09-13 16:35:00] [done] WFG1 run 2 seed 21768914 | IGD first 4.34618 -> final 4.19315 | runtime 285.7s | wall 286.6s | ok
[2026-09-13 16:39:16] [done] WFG1 run 6 seed 21768918 | IGD first 4.35153 -> final 4.13749 | runtime 255.0s | wall 255.5s | ok
[2026-09-13 16:43:41] [done] WFG1 run 10 seed 21768922 | IGD first 4.39525 -> final 4.13072 | runtime 263.1s | wall 263.7s | ok
[2026-09-13 16:48:02] [done] WFG1 run 14 seed 21768926 | IGD first 4.35807 -> final 4.14466 | runtime 259.6s | wall 260.1s | ok
[2026-09-13 16:52:42] [done] WFG1 run 18 seed 21768930 | IGD first 4.40755 -> final 4.16049 | runtime 277.9s | wall 278.4s | ok
[2026-09-13 16:57:12] [done] WFG1 run 22 seed 21768934 | IGD first 4.36083 -> final 4.07076 | runtime 268.2s | wall 268.7s | ok
[2026-09-13 17:01:44] [done] WFG1 run 26 seed 21768938 | IGD first 4.35107 -> final 4.01822 | runtime 269.9s | wall 270.5s | ok
[2026-09-13 17:06:34] [done] WFG1 run 30 seed 21768942 | IGD first 4.3596 -> final 4.1846 | runtime 289.2s | wall 289.7s | ok
[2026-09-13 17:11:40] [done] WFG2 run 4 seed 21769916 | IGD first 6.87325 -> final 3.52193 | runtime 304.1s | wall 304.6s | ok
[2026-09-13 17:16:37] [done] WFG2 run 8 seed 21769920 | IGD first 4.27471 -> final 2.99912 | runtime 294.9s | wall 295.4s | ok
[2026-09-13 17:21:05] [done] WFG2 run 12 seed 21769924 | IGD first 7.67413 -> final 2.93327 | runtime 266.5s | wall 267.0s | ok
[2026-09-13 17:25:44] [done] WFG2 run 16 seed 21769928 | IGD first 5.5204 -> final 3.33765 | runtime 276.5s | wall 277.0s | ok
[2026-09-13 17:29:49] [done] WFG2 run 20 seed 21769932 | IGD first 5.34535 -> final 2.82798 | runtime 243.9s | wall 244.3s | ok
[2026-09-13 17:34:10] [done] WFG2 run 24 seed 21769936 | IGD first 6.89842 -> final 4.5498 | runtime 258.9s | wall 259.4s | ok
[2026-09-13 17:38:18] [done] WFG2 run 28 seed 21769940 | IGD first 5.55986 -> final 3.86978 | runtime 246.5s | wall 247.0s | ok
[2026-09-13 17:42:11] [done] WFG3 run 2 seed 21770914 | IGD first 2.30343 -> final 2.25338 | runtime 232.0s | wall 232.6s | ok
[2026-09-13 17:45:59] [done] WFG3 run 6 seed 21770918 | IGD first 2.31135 -> final 2.27973 | runtime 227.3s | wall 227.9s | ok
[2026-09-13 17:49:47] [done] WFG3 run 10 seed 21770922 | IGD first 2.4533 -> final 2.30175 | runtime 227.1s | wall 227.7s | ok
[2026-09-13 17:53:34] [done] WFG3 run 14 seed 21770926 | IGD first 2.46647 -> final 2.21849 | runtime 227.1s | wall 227.7s | ok
[2026-09-13 17:57:22] [done] WFG3 run 18 seed 21770930 | IGD first 2.42271 -> final 2.35794 | runtime 227.1s | wall 227.7s | ok
[2026-09-13 18:01:13] [done] WFG3 run 22 seed 21770934 | IGD first 2.44317 -> final 2.34223 | runtime 230.6s | wall 231.3s | ok
[2026-09-13 18:05:06] [done] WFG3 run 26 seed 21770938 | IGD first 2.59295 -> final 2.49654 | runtime 232.2s | wall 232.8s | ok
[2026-09-13 18:09:09] [done] WFG3 run 30 seed 21770942 | IGD first 2.50587 -> final 2.49897 | runtime 241.9s | wall 242.4s | ok
[2026-09-13 18:13:15] [done] WFG4 run 4 seed 21771916 | IGD first 20.4112 -> final 14.3159 | runtime 245.7s | wall 246.2s | ok
[2026-09-13 18:17:17] [done] WFG4 run 8 seed 21771920 | IGD first 18.9403 -> final 13.615 | runtime 241.5s | wall 242.0s | ok
[2026-09-13 18:21:16] [done] WFG4 run 12 seed 21771924 | IGD first 19.3208 -> final 15.7962 | runtime 239.1s | wall 239.6s | ok
[2026-09-13 18:25:59] [done] WFG4 run 16 seed 21771928 | IGD first 18.4979 -> final 14.5229 | runtime 281.9s | wall 282.5s | ok
[2026-09-13 18:31:24] [done] WFG4 run 20 seed 21771932 | IGD first 18.6336 -> final 13.1032 | runtime 324.9s | wall 325.5s | ok
[2026-09-13 18:37:00] [done] WFG4 run 24 seed 21771936 | IGD first 19.771 -> final 14.0834 | runtime 335.4s | wall 335.9s | ok
[2026-09-13 18:41:53] [done] WFG4 run 28 seed 21771940 | IGD first 18.307 -> final 13.0117 | runtime 292.0s | wall 292.6s | ok
[2026-09-13 18:47:10] [done] WFG5 run 2 seed 21772914 | IGD first 15.7602 -> final 12.9334 | runtime 316.2s | wall 316.8s | ok
[2026-09-14 00:00:39] part 2 attempt 1 launching MATLAB (alg=REMO_new2_AdaMaO_SDEOnly_UniformMix_Pruned_Weighted params=3000,0.50,0.25,0.70,6 func=run_WeightedWFG_M15)
[2026-09-14 00:00:49] PlatEMO root: D:\PlatEMO-master\PlatEMO-master\PlatEMO
[2026-09-14 00:00:57] WFG1: M=15 D=30 maxFE=300 (canonical index 8)
[2026-09-14 00:01:00] WFG2: M=15 D=30 maxFE=300 (canonical index 9)
[2026-09-14 00:01:00] WFG3: M=15 D=30 maxFE=300 (canonical index 10)
[2026-09-14 00:01:00] WFG4: M=15 D=30 maxFE=300 (canonical index 11)
[2026-09-14 00:01:00] WFG5: M=15 D=30 maxFE=300 (canonical index 12)
[2026-09-14 00:01:00] WFG6: M=15 D=30 maxFE=300 (canonical index 13)
[2026-09-14 00:01:00] WFG7: M=15 D=30 maxFE=300 (canonical index 14)
[2026-09-14 00:01:00] WFG8: M=15 D=30 maxFE=300 (canonical index 15)
[2026-09-14 00:01:00] WFG9: M=15 D=30 maxFE=300 (canonical index 16)
[2026-09-14 00:01:00] Algorithm REMO_new2_AdaMaO_SDEOnly_UniformMix_Pruned_Weighted | parameters [3000            0.5           0.25            0.7              6]
[2026-09-14 00:01:00] SaveCount 30 | Runs 30 | M 15 | requested D 30 | N 100 | maxFE 300 | modeRunId 1 | seedBase 20260912
[2026-09-14 00:01:00] Slice 2/4 -> 68 of 270 jobs
[2026-09-14 00:01:02] [skip] D:\REMOandDREMO测试集\15目标\REMO_new2_AdaMaO_SDEOnly_UniformMix_Pruned_Weighted\REMO_new2_AdaMaO_SDEOnly_UniformMix_Pruned_Weighted_WFG1_M15_D30_2.mat (valid, final IGD 4.193149)
[2026-09-14 00:01:04] [skip] D:\REMOandDREMO测试集\15目标\REMO_new2_AdaMaO_SDEOnly_UniformMix_Pruned_Weighted\REMO_new2_AdaMaO_SDEOnly_UniformMix_Pruned_Weighted_WFG1_M15_D30_6.mat (valid, final IGD 4.137487)
[2026-09-14 00:01:06] [skip] D:\REMOandDREMO测试集\15目标\REMO_new2_AdaMaO_SDEOnly_UniformMix_Pruned_Weighted\REMO_new2_AdaMaO_SDEOnly_UniformMix_Pruned_Weighted_WFG1_M15_D30_10.mat (valid, final IGD 4.130725)
[2026-09-14 00:01:07] [skip] D:\REMOandDREMO测试集\15目标\REMO_new2_AdaMaO_SDEOnly_UniformMix_Pruned_Weighted\REMO_new2_AdaMaO_SDEOnly_UniformMix_Pruned_Weighted_WFG1_M15_D30_14.mat (valid, final IGD 4.144657)
[2026-09-14 00:01:09] [skip] D:\REMOandDREMO测试集\15目标\REMO_new2_AdaMaO_SDEOnly_UniformMix_Pruned_Weighted\REMO_new2_AdaMaO_SDEOnly_UniformMix_Pruned_Weighted_WFG1_M15_D30_18.mat (valid, final IGD 4.160492)
[2026-09-14 00:01:11] [skip] D:\REMOandDREMO测试集\15目标\REMO_new2_AdaMaO_SDEOnly_UniformMix_Pruned_Weighted\REMO_new2_AdaMaO_SDEOnly_UniformMix_Pruned_Weighted_WFG1_M15_D30_22.mat (valid, final IGD 4.070763)
[2026-09-14 00:01:13] [skip] D:\REMOandDREMO测试集\15目标\REMO_new2_AdaMaO_SDEOnly_UniformMix_Pruned_Weighted\REMO_new2_AdaMaO_SDEOnly_UniformMix_Pruned_Weighted_WFG1_M15_D30_26.mat (valid, final IGD 4.018221)
[2026-09-14 00:01:15] [skip] D:\REMOandDREMO测试集\15目标\REMO_new2_AdaMaO_SDEOnly_UniformMix_Pruned_Weighted\REMO_new2_AdaMaO_SDEOnly_UniformMix_Pruned_Weighted_WFG1_M15_D30_30.mat (valid, final IGD 4.184603)
[2026-09-14 00:01:17] [skip] D:\REMOandDREMO测试集\15目标\REMO_new2_AdaMaO_SDEOnly_UniformMix_Pruned_Weighted\REMO_new2_AdaMaO_SDEOnly_UniformMix_Pruned_Weighted_WFG2_M15_D30_4.mat (valid, final IGD 3.521932)
[2026-09-14 00:01:19] [skip] D:\REMOandDREMO测试集\15目标\REMO_new2_AdaMaO_SDEOnly_UniformMix_Pruned_Weighted\REMO_new2_AdaMaO_SDEOnly_UniformMix_Pruned_Weighted_WFG2_M15_D30_8.mat (valid, final IGD 2.999122)
[2026-09-14 00:01:21] [skip] D:\REMOandDREMO测试集\15目标\REMO_new2_AdaMaO_SDEOnly_UniformMix_Pruned_Weighted\REMO_new2_AdaMaO_SDEOnly_UniformMix_Pruned_Weighted_WFG2_M15_D30_12.mat (valid, final IGD 2.933271)
[2026-09-14 00:01:24] [skip] D:\REMOandDREMO测试集\15目标\REMO_new2_AdaMaO_SDEOnly_UniformMix_Pruned_Weighted\REMO_new2_AdaMaO_SDEOnly_UniformMix_Pruned_Weighted_WFG2_M15_D30_16.mat (valid, final IGD 3.337654)
[2026-09-14 00:01:26] [skip] D:\REMOandDREMO测试集\15目标\REMO_new2_AdaMaO_SDEOnly_UniformMix_Pruned_Weighted\REMO_new2_AdaMaO_SDEOnly_UniformMix_Pruned_Weighted_WFG2_M15_D30_20.mat (valid, final IGD 2.827978)
[2026-09-14 00:01:28] [skip] D:\REMOandDREMO测试集\15目标\REMO_new2_AdaMaO_SDEOnly_UniformMix_Pruned_Weighted\REMO_new2_AdaMaO_SDEOnly_UniformMix_Pruned_Weighted_WFG2_M15_D30_24.mat (valid, final IGD 4.549804)
[2026-09-14 00:01:30] [skip] D:\REMOandDREMO测试集\15目标\REMO_new2_AdaMaO_SDEOnly_UniformMix_Pruned_Weighted\REMO_new2_AdaMaO_SDEOnly_UniformMix_Pruned_Weighted_WFG2_M15_D30_28.mat (valid, final IGD 3.869776)
[2026-09-14 00:01:30] [skip] D:\REMOandDREMO测试集\15目标\REMO_new2_AdaMaO_SDEOnly_UniformMix_Pruned_Weighted\REMO_new2_AdaMaO_SDEOnly_UniformMix_Pruned_Weighted_WFG3_M15_D30_2.mat (valid, final IGD 2.253379)
[2026-09-14 00:01:30] [skip] D:\REMOandDREMO测试集\15目标\REMO_new2_AdaMaO_SDEOnly_UniformMix_Pruned_Weighted\REMO_new2_AdaMaO_SDEOnly_UniformMix_Pruned_Weighted_WFG3_M15_D30_6.mat (valid, final IGD 2.279735)
[2026-09-14 00:01:30] [skip] D:\REMOandDREMO测试集\15目标\REMO_new2_AdaMaO_SDEOnly_UniformMix_Pruned_Weighted\REMO_new2_AdaMaO_SDEOnly_UniformMix_Pruned_Weighted_WFG3_M15_D30_10.mat (valid, final IGD 2.301746)
[2026-09-14 00:01:30] [skip] D:\REMOandDREMO测试集\15目标\REMO_new2_AdaMaO_SDEOnly_UniformMix_Pruned_Weighted\REMO_new2_AdaMaO_SDEOnly_UniformMix_Pruned_Weighted_WFG3_M15_D30_14.mat (valid, final IGD 2.218486)
[2026-09-14 00:01:30] [skip] D:\REMOandDREMO测试集\15目标\REMO_new2_AdaMaO_SDEOnly_UniformMix_Pruned_Weighted\REMO_new2_AdaMaO_SDEOnly_UniformMix_Pruned_Weighted_WFG3_M15_D30_18.mat (valid, final IGD 2.357937)
[2026-09-14 00:01:31] [skip] D:\REMOandDREMO测试集\15目标\REMO_new2_AdaMaO_SDEOnly_UniformMix_Pruned_Weighted\REMO_new2_AdaMaO_SDEOnly_UniformMix_Pruned_Weighted_WFG3_M15_D30_22.mat (valid, final IGD 2.342226)
[2026-09-14 00:01:31] [skip] D:\REMOandDREMO测试集\15目标\REMO_new2_AdaMaO_SDEOnly_UniformMix_Pruned_Weighted\REMO_new2_AdaMaO_SDEOnly_UniformMix_Pruned_Weighted_WFG3_M15_D30_26.mat (valid, final IGD 2.496543)
[2026-09-14 00:01:31] [skip] D:\REMOandDREMO测试集\15目标\REMO_new2_AdaMaO_SDEOnly_UniformMix_Pruned_Weighted\REMO_new2_AdaMaO_SDEOnly_UniformMix_Pruned_Weighted_WFG3_M15_D30_30.mat (valid, final IGD 2.498970)
[2026-09-14 00:01:31] [skip] D:\REMOandDREMO测试集\15目标\REMO_new2_AdaMaO_SDEOnly_UniformMix_Pruned_Weighted\REMO_new2_AdaMaO_SDEOnly_UniformMix_Pruned_Weighted_WFG4_M15_D30_4.mat (valid, final IGD 14.315930)
[2026-09-14 00:01:31] [skip] D:\REMOandDREMO测试集\15目标\REMO_new2_AdaMaO_SDEOnly_UniformMix_Pruned_Weighted\REMO_new2_AdaMaO_SDEOnly_UniformMix_Pruned_Weighted_WFG4_M15_D30_8.mat (valid, final IGD 13.614972)
[2026-09-14 00:01:31] [skip] D:\REMOandDREMO测试集\15目标\REMO_new2_AdaMaO_SDEOnly_UniformMix_Pruned_Weighted\REMO_new2_AdaMaO_SDEOnly_UniformMix_Pruned_Weighted_WFG4_M15_D30_12.mat (valid, final IGD 15.796156)
[2026-09-14 00:01:31] [skip] D:\REMOandDREMO测试集\15目标\REMO_new2_AdaMaO_SDEOnly_UniformMix_Pruned_Weighted\REMO_new2_AdaMaO_SDEOnly_UniformMix_Pruned_Weighted_WFG4_M15_D30_16.mat (valid, final IGD 14.522945)
[2026-09-14 00:01:31] [skip] D:\REMOandDREMO测试集\15目标\REMO_new2_AdaMaO_SDEOnly_UniformMix_Pruned_Weighted\REMO_new2_AdaMaO_SDEOnly_UniformMix_Pruned_Weighted_WFG4_M15_D30_20.mat (valid, final IGD 13.103190)
[2026-09-14 00:01:31] [skip] D:\REMOandDREMO测试集\15目标\REMO_new2_AdaMaO_SDEOnly_UniformMix_Pruned_Weighted\REMO_new2_AdaMaO_SDEOnly_UniformMix_Pruned_Weighted_WFG4_M15_D30_24.mat (valid, final IGD 14.083426)
[2026-09-14 00:01:31] [skip] D:\REMOandDREMO测试集\15目标\REMO_new2_AdaMaO_SDEOnly_UniformMix_Pruned_Weighted\REMO_new2_AdaMaO_SDEOnly_UniformMix_Pruned_Weighted_WFG4_M15_D30_28.mat (valid, final IGD 13.011660)
[2026-09-14 00:01:31] [skip] D:\REMOandDREMO测试集\15目标\REMO_new2_AdaMaO_SDEOnly_UniformMix_Pruned_Weighted\REMO_new2_AdaMaO_SDEOnly_UniformMix_Pruned_Weighted_WFG5_M15_D30_2.mat (valid, final IGD 12.933365)
[2026-09-14 00:06:08] [done] WFG5 run 6 seed 21772918 | IGD first 15.5165 -> final 11.6516 | runtime 276.1s | wall 277.1s | ok
[2026-09-14 00:10:32] [done] WFG5 run 10 seed 21772922 | IGD first 15.7174 -> final 12.494 | runtime 263.4s | wall 264.0s | ok
[2026-09-14 00:14:48] [done] WFG5 run 14 seed 21772926 | IGD first 14.9738 -> final 12.2961 | runtime 255.8s | wall 256.4s | ok
[2026-09-14 00:18:55] [done] WFG5 run 18 seed 21772930 | IGD first 15.9745 -> final 12.9622 | runtime 246.4s | wall 246.8s | ok
[2026-09-14 00:23:00] [done] WFG5 run 22 seed 21772934 | IGD first 15.8151 -> final 12.5496 | runtime 243.9s | wall 244.4s | ok
[2026-09-14 00:27:11] [done] WFG5 run 26 seed 21772938 | IGD first 16.2328 -> final 13.0229 | runtime 251.3s | wall 251.8s | ok
[2026-09-14 00:31:33] [done] WFG5 run 30 seed 21772942 | IGD first 15.8649 -> final 12.3405 | runtime 261.0s | wall 261.5s | ok
[2026-09-14 00:35:38] [done] WFG6 run 4 seed 21773916 | IGD first 16.0031 -> final 9.89962 | runtime 244.9s | wall 245.4s | ok
[2026-09-14 00:39:34] [done] WFG6 run 8 seed 21773920 | IGD first 17.9318 -> final 10.198 | runtime 234.9s | wall 235.4s | ok
[2026-09-14 00:43:41] [done] WFG6 run 12 seed 21773924 | IGD first 16.8781 -> final 11.6153 | runtime 246.7s | wall 247.3s | ok
[2026-09-14 00:47:41] [done] WFG6 run 16 seed 21773928 | IGD first 17.1085 -> final 10.9207 | runtime 239.5s | wall 239.9s | ok
[2026-09-14 00:51:47] [done] WFG6 run 20 seed 21773932 | IGD first 17.1714 -> final 11.4009 | runtime 245.2s | wall 245.7s | ok
[2026-09-14 00:55:48] [done] WFG6 run 24 seed 21773936 | IGD first 15.3065 -> final 10.8127 | runtime 241.0s | wall 241.5s | ok
[2026-09-14 00:59:49] [done] WFG6 run 28 seed 21773940 | IGD first 15.6957 -> final 10.9891 | runtime 240.4s | wall 240.8s | ok
[2026-09-14 01:04:06] [done] WFG7 run 2 seed 21774914 | IGD first 14.9888 -> final 9.89563 | runtime 256.8s | wall 257.3s | ok
[2026-09-14 01:08:24] [done] WFG7 run 6 seed 21774918 | IGD first 18.1638 -> final 10.7778 | runtime 256.9s | wall 257.4s | ok
[2026-09-14 01:12:42] [done] WFG7 run 10 seed 21774922 | IGD first 18.1359 -> final 12.0268 | runtime 258.2s | wall 258.7s | ok
[2026-09-14 01:16:53] [done] WFG7 run 14 seed 21774926 | IGD first 15.4074 -> final 11.694 | runtime 250.2s | wall 250.7s | ok
[2026-09-14 01:21:03] [done] WFG7 run 18 seed 21774930 | IGD first 18.3529 -> final 13.4202 | runtime 249.5s | wall 250.0s | ok
[2026-09-14 01:25:21] [done] WFG7 run 22 seed 21774934 | IGD first 17.7009 -> final 12.8514 | runtime 257.6s | wall 258.1s | ok
[2026-09-14 01:29:38] [done] WFG7 run 26 seed 21774938 | IGD first 18.4393 -> final 12.6343 | runtime 256.9s | wall 257.4s | ok
[2026-09-14 02:35:19] part 2 attempt 1 launching MATLAB (alg=REMO_new2_AdaMaO_SDEOnly_UniformMix_Pruned_Weighted params=3000,0.50,0.25,0.70,6 func=run_WeightedWFG_M15)
[2026-09-14 02:36:23] PlatEMO root: D:\PlatEMO-master\PlatEMO-master\PlatEMO
[2026-09-14 02:36:34] WFG1: M=15 D=30 maxFE=300 (canonical index 8)
[2026-09-14 02:36:36] WFG2: M=15 D=30 maxFE=300 (canonical index 9)
[2026-09-14 02:36:36] WFG3: M=15 D=30 maxFE=300 (canonical index 10)
[2026-09-14 02:36:36] WFG4: M=15 D=30 maxFE=300 (canonical index 11)
[2026-09-14 02:36:36] WFG5: M=15 D=30 maxFE=300 (canonical index 12)
[2026-09-14 02:36:36] WFG6: M=15 D=30 maxFE=300 (canonical index 13)
[2026-09-14 02:36:36] WFG7: M=15 D=30 maxFE=300 (canonical index 14)
[2026-09-14 02:36:36] WFG8: M=15 D=30 maxFE=300 (canonical index 15)
[2026-09-14 02:36:36] WFG9: M=15 D=30 maxFE=300 (canonical index 16)
[2026-09-14 02:36:36] Algorithm REMO_new2_AdaMaO_SDEOnly_UniformMix_Pruned_Weighted | parameters [3000            0.5           0.25            0.7              6]
[2026-09-14 02:36:36] SaveCount 30 | Runs 30 | M 15 | requested D 30 | N 100 | maxFE 300 | modeRunId 1 | seedBase 20260912
[2026-09-14 02:36:36] Slice 2/4 -> 68 of 270 jobs
[2026-09-14 02:36:39] [skip] D:\REMOandDREMO测试集\15目标\REMO_new2_AdaMaO_SDEOnly_UniformMix_Pruned_Weighted\REMO_new2_AdaMaO_SDEOnly_UniformMix_Pruned_Weighted_WFG1_M15_D30_2.mat (valid, final IGD 4.193149)
[2026-09-14 02:36:41] [skip] D:\REMOandDREMO测试集\15目标\REMO_new2_AdaMaO_SDEOnly_UniformMix_Pruned_Weighted\REMO_new2_AdaMaO_SDEOnly_UniformMix_Pruned_Weighted_WFG1_M15_D30_6.mat (valid, final IGD 4.137487)
[2026-09-14 02:36:44] [skip] D:\REMOandDREMO测试集\15目标\REMO_new2_AdaMaO_SDEOnly_UniformMix_Pruned_Weighted\REMO_new2_AdaMaO_SDEOnly_UniformMix_Pruned_Weighted_WFG1_M15_D30_10.mat (valid, final IGD 4.130725)
[2026-09-14 02:36:45] [skip] D:\REMOandDREMO测试集\15目标\REMO_new2_AdaMaO_SDEOnly_UniformMix_Pruned_Weighted\REMO_new2_AdaMaO_SDEOnly_UniformMix_Pruned_Weighted_WFG1_M15_D30_14.mat (valid, final IGD 4.144657)
[2026-09-14 02:36:47] [skip] D:\REMOandDREMO测试集\15目标\REMO_new2_AdaMaO_SDEOnly_UniformMix_Pruned_Weighted\REMO_new2_AdaMaO_SDEOnly_UniformMix_Pruned_Weighted_WFG1_M15_D30_18.mat (valid, final IGD 4.160492)
[2026-09-14 02:36:49] [skip] D:\REMOandDREMO测试集\15目标\REMO_new2_AdaMaO_SDEOnly_UniformMix_Pruned_Weighted\REMO_new2_AdaMaO_SDEOnly_UniformMix_Pruned_Weighted_WFG1_M15_D30_22.mat (valid, final IGD 4.070763)
[2026-09-14 02:36:50] [skip] D:\REMOandDREMO测试集\15目标\REMO_new2_AdaMaO_SDEOnly_UniformMix_Pruned_Weighted\REMO_new2_AdaMaO_SDEOnly_UniformMix_Pruned_Weighted_WFG1_M15_D30_26.mat (valid, final IGD 4.018221)
[2026-09-14 02:36:52] [skip] D:\REMOandDREMO测试集\15目标\REMO_new2_AdaMaO_SDEOnly_UniformMix_Pruned_Weighted\REMO_new2_AdaMaO_SDEOnly_UniformMix_Pruned_Weighted_WFG1_M15_D30_30.mat (valid, final IGD 4.184603)
[2026-09-14 02:36:54] [skip] D:\REMOandDREMO测试集\15目标\REMO_new2_AdaMaO_SDEOnly_UniformMix_Pruned_Weighted\REMO_new2_AdaMaO_SDEOnly_UniformMix_Pruned_Weighted_WFG2_M15_D30_4.mat (valid, final IGD 3.521932)
[2026-09-14 02:36:56] [skip] D:\REMOandDREMO测试集\15目标\REMO_new2_AdaMaO_SDEOnly_UniformMix_Pruned_Weighted\REMO_new2_AdaMaO_SDEOnly_UniformMix_Pruned_Weighted_WFG2_M15_D30_8.mat (valid, final IGD 2.999122)
[2026-09-14 02:36:59] [skip] D:\REMOandDREMO测试集\15目标\REMO_new2_AdaMaO_SDEOnly_UniformMix_Pruned_Weighted\REMO_new2_AdaMaO_SDEOnly_UniformMix_Pruned_Weighted_WFG2_M15_D30_12.mat (valid, final IGD 2.933271)
[2026-09-14 02:37:01] [skip] D:\REMOandDREMO测试集\15目标\REMO_new2_AdaMaO_SDEOnly_UniformMix_Pruned_Weighted\REMO_new2_AdaMaO_SDEOnly_UniformMix_Pruned_Weighted_WFG2_M15_D30_16.mat (valid, final IGD 3.337654)
[2026-09-14 02:37:03] [skip] D:\REMOandDREMO测试集\15目标\REMO_new2_AdaMaO_SDEOnly_UniformMix_Pruned_Weighted\REMO_new2_AdaMaO_SDEOnly_UniformMix_Pruned_Weighted_WFG2_M15_D30_20.mat (valid, final IGD 2.827978)
[2026-09-14 02:37:05] [skip] D:\REMOandDREMO测试集\15目标\REMO_new2_AdaMaO_SDEOnly_UniformMix_Pruned_Weighted\REMO_new2_AdaMaO_SDEOnly_UniformMix_Pruned_Weighted_WFG2_M15_D30_24.mat (valid, final IGD 4.549804)
[2026-09-14 02:37:07] [skip] D:\REMOandDREMO测试集\15目标\REMO_new2_AdaMaO_SDEOnly_UniformMix_Pruned_Weighted\REMO_new2_AdaMaO_SDEOnly_UniformMix_Pruned_Weighted_WFG2_M15_D30_28.mat (valid, final IGD 3.869776)
[2026-09-14 02:37:07] [skip] D:\REMOandDREMO测试集\15目标\REMO_new2_AdaMaO_SDEOnly_UniformMix_Pruned_Weighted\REMO_new2_AdaMaO_SDEOnly_UniformMix_Pruned_Weighted_WFG3_M15_D30_2.mat (valid, final IGD 2.253379)
[2026-09-14 02:37:07] [skip] D:\REMOandDREMO测试集\15目标\REMO_new2_AdaMaO_SDEOnly_UniformMix_Pruned_Weighted\REMO_new2_AdaMaO_SDEOnly_UniformMix_Pruned_Weighted_WFG3_M15_D30_6.mat (valid, final IGD 2.279735)
[2026-09-14 02:37:07] [skip] D:\REMOandDREMO测试集\15目标\REMO_new2_AdaMaO_SDEOnly_UniformMix_Pruned_Weighted\REMO_new2_AdaMaO_SDEOnly_UniformMix_Pruned_Weighted_WFG3_M15_D30_10.mat (valid, final IGD 2.301746)
[2026-09-14 02:37:07] [skip] D:\REMOandDREMO测试集\15目标\REMO_new2_AdaMaO_SDEOnly_UniformMix_Pruned_Weighted\REMO_new2_AdaMaO_SDEOnly_UniformMix_Pruned_Weighted_WFG3_M15_D30_14.mat (valid, final IGD 2.218486)
[2026-09-14 02:37:07] [skip] D:\REMOandDREMO测试集\15目标\REMO_new2_AdaMaO_SDEOnly_UniformMix_Pruned_Weighted\REMO_new2_AdaMaO_SDEOnly_UniformMix_Pruned_Weighted_WFG3_M15_D30_18.mat (valid, final IGD 2.357937)
[2026-09-14 02:37:07] [skip] D:\REMOandDREMO测试集\15目标\REMO_new2_AdaMaO_SDEOnly_UniformMix_Pruned_Weighted\REMO_new2_AdaMaO_SDEOnly_UniformMix_Pruned_Weighted_WFG3_M15_D30_22.mat (valid, final IGD 2.342226)
[2026-09-14 02:37:07] [skip] D:\REMOandDREMO测试集\15目标\REMO_new2_AdaMaO_SDEOnly_UniformMix_Pruned_Weighted\REMO_new2_AdaMaO_SDEOnly_UniformMix_Pruned_Weighted_WFG3_M15_D30_26.mat (valid, final IGD 2.496543)
[2026-09-14 02:37:07] [skip] D:\REMOandDREMO测试集\15目标\REMO_new2_AdaMaO_SDEOnly_UniformMix_Pruned_Weighted\REMO_new2_AdaMaO_SDEOnly_UniformMix_Pruned_Weighted_WFG3_M15_D30_30.mat (valid, final IGD 2.498970)
[2026-09-14 02:37:07] [skip] D:\REMOandDREMO测试集\15目标\REMO_new2_AdaMaO_SDEOnly_UniformMix_Pruned_Weighted\REMO_new2_AdaMaO_SDEOnly_UniformMix_Pruned_Weighted_WFG4_M15_D30_4.mat (valid, final IGD 14.315930)
[2026-09-14 02:37:07] [skip] D:\REMOandDREMO测试集\15目标\REMO_new2_AdaMaO_SDEOnly_UniformMix_Pruned_Weighted\REMO_new2_AdaMaO_SDEOnly_UniformMix_Pruned_Weighted_WFG4_M15_D30_8.mat (valid, final IGD 13.614972)
[2026-09-14 02:37:07] [skip] D:\REMOandDREMO测试集\15目标\REMO_new2_AdaMaO_SDEOnly_UniformMix_Pruned_Weighted\REMO_new2_AdaMaO_SDEOnly_UniformMix_Pruned_Weighted_WFG4_M15_D30_12.mat (valid, final IGD 15.796156)
[2026-09-14 02:37:07] [skip] D:\REMOandDREMO测试集\15目标\REMO_new2_AdaMaO_SDEOnly_UniformMix_Pruned_Weighted\REMO_new2_AdaMaO_SDEOnly_UniformMix_Pruned_Weighted_WFG4_M15_D30_16.mat (valid, final IGD 14.522945)
[2026-09-14 02:37:07] [skip] D:\REMOandDREMO测试集\15目标\REMO_new2_AdaMaO_SDEOnly_UniformMix_Pruned_Weighted\REMO_new2_AdaMaO_SDEOnly_UniformMix_Pruned_Weighted_WFG4_M15_D30_20.mat (valid, final IGD 13.103190)
[2026-09-14 02:37:08] [skip] D:\REMOandDREMO测试集\15目标\REMO_new2_AdaMaO_SDEOnly_UniformMix_Pruned_Weighted\REMO_new2_AdaMaO_SDEOnly_UniformMix_Pruned_Weighted_WFG4_M15_D30_24.mat (valid, final IGD 14.083426)
[2026-09-14 02:37:08] [skip] D:\REMOandDREMO测试集\15目标\REMO_new2_AdaMaO_SDEOnly_UniformMix_Pruned_Weighted\REMO_new2_AdaMaO_SDEOnly_UniformMix_Pruned_Weighted_WFG4_M15_D30_28.mat (valid, final IGD 13.011660)
[2026-09-14 02:37:08] [skip] D:\REMOandDREMO测试集\15目标\REMO_new2_AdaMaO_SDEOnly_UniformMix_Pruned_Weighted\REMO_new2_AdaMaO_SDEOnly_UniformMix_Pruned_Weighted_WFG5_M15_D30_2.mat (valid, final IGD 12.933365)
[2026-09-14 02:37:08] [skip] D:\REMOandDREMO测试集\15目标\REMO_new2_AdaMaO_SDEOnly_UniformMix_Pruned_Weighted\REMO_new2_AdaMaO_SDEOnly_UniformMix_Pruned_Weighted_WFG5_M15_D30_6.mat (valid, final IGD 11.651603)
[2026-09-14 02:37:08] [skip] D:\REMOandDREMO测试集\15目标\REMO_new2_AdaMaO_SDEOnly_UniformMix_Pruned_Weighted\REMO_new2_AdaMaO_SDEOnly_UniformMix_Pruned_Weighted_WFG5_M15_D30_10.mat (valid, final IGD 12.493971)
[2026-09-14 02:37:08] [skip] D:\REMOandDREMO测试集\15目标\REMO_new2_AdaMaO_SDEOnly_UniformMix_Pruned_Weighted\REMO_new2_AdaMaO_SDEOnly_UniformMix_Pruned_Weighted_WFG5_M15_D30_14.mat (valid, final IGD 12.296075)
[2026-09-14 02:37:08] [skip] D:\REMOandDREMO测试集\15目标\REMO_new2_AdaMaO_SDEOnly_UniformMix_Pruned_Weighted\REMO_new2_AdaMaO_SDEOnly_UniformMix_Pruned_Weighted_WFG5_M15_D30_18.mat (valid, final IGD 12.962242)
[2026-09-14 02:37:08] [skip] D:\REMOandDREMO测试集\15目标\REMO_new2_AdaMaO_SDEOnly_UniformMix_Pruned_Weighted\REMO_new2_AdaMaO_SDEOnly_UniformMix_Pruned_Weighted_WFG5_M15_D30_22.mat (valid, final IGD 12.549623)
[2026-09-14 02:37:08] [skip] D:\REMOandDREMO测试集\15目标\REMO_new2_AdaMaO_SDEOnly_UniformMix_Pruned_Weighted\REMO_new2_AdaMaO_SDEOnly_UniformMix_Pruned_Weighted_WFG5_M15_D30_26.mat (valid, final IGD 13.022850)
[2026-09-14 02:37:08] [skip] D:\REMOandDREMO测试集\15目标\REMO_new2_AdaMaO_SDEOnly_UniformMix_Pruned_Weighted\REMO_new2_AdaMaO_SDEOnly_UniformMix_Pruned_Weighted_WFG5_M15_D30_30.mat (valid, final IGD 12.340506)
[2026-09-14 02:37:08] [skip] D:\REMOandDREMO测试集\15目标\REMO_new2_AdaMaO_SDEOnly_UniformMix_Pruned_Weighted\REMO_new2_AdaMaO_SDEOnly_UniformMix_Pruned_Weighted_WFG6_M15_D30_4.mat (valid, final IGD 9.899622)
[2026-09-14 02:37:08] [skip] D:\REMOandDREMO测试集\15目标\REMO_new2_AdaMaO_SDEOnly_UniformMix_Pruned_Weighted\REMO_new2_AdaMaO_SDEOnly_UniformMix_Pruned_Weighted_WFG6_M15_D30_8.mat (valid, final IGD 10.198018)
[2026-09-14 02:37:08] [skip] D:\REMOandDREMO测试集\15目标\REMO_new2_AdaMaO_SDEOnly_UniformMix_Pruned_Weighted\REMO_new2_AdaMaO_SDEOnly_UniformMix_Pruned_Weighted_WFG6_M15_D30_12.mat (valid, final IGD 11.615293)
[2026-09-14 02:37:08] [skip] D:\REMOandDREMO测试集\15目标\REMO_new2_AdaMaO_SDEOnly_UniformMix_Pruned_Weighted\REMO_new2_AdaMaO_SDEOnly_UniformMix_Pruned_Weighted_WFG6_M15_D30_16.mat (valid, final IGD 10.920683)
[2026-09-14 02:37:08] [skip] D:\REMOandDREMO测试集\15目标\REMO_new2_AdaMaO_SDEOnly_UniformMix_Pruned_Weighted\REMO_new2_AdaMaO_SDEOnly_UniformMix_Pruned_Weighted_WFG6_M15_D30_20.mat (valid, final IGD 11.400877)
[2026-09-14 02:37:08] [skip] D:\REMOandDREMO测试集\15目标\REMO_new2_AdaMaO_SDEOnly_UniformMix_Pruned_Weighted\REMO_new2_AdaMaO_SDEOnly_UniformMix_Pruned_Weighted_WFG6_M15_D30_24.mat (valid, final IGD 10.812695)
[2026-09-14 02:37:08] [skip] D:\REMOandDREMO测试集\15目标\REMO_new2_AdaMaO_SDEOnly_UniformMix_Pruned_Weighted\REMO_new2_AdaMaO_SDEOnly_UniformMix_Pruned_Weighted_WFG6_M15_D30_28.mat (valid, final IGD 10.989120)
[2026-09-14 02:37:08] [skip] D:\REMOandDREMO测试集\15目标\REMO_new2_AdaMaO_SDEOnly_UniformMix_Pruned_Weighted\REMO_new2_AdaMaO_SDEOnly_UniformMix_Pruned_Weighted_WFG7_M15_D30_2.mat (valid, final IGD 9.895626)
[2026-09-14 02:37:08] [skip] D:\REMOandDREMO测试集\15目标\REMO_new2_AdaMaO_SDEOnly_UniformMix_Pruned_Weighted\REMO_new2_AdaMaO_SDEOnly_UniformMix_Pruned_Weighted_WFG7_M15_D30_6.mat (valid, final IGD 10.777754)
[2026-09-14 02:37:08] [skip] D:\REMOandDREMO测试集\15目标\REMO_new2_AdaMaO_SDEOnly_UniformMix_Pruned_Weighted\REMO_new2_AdaMaO_SDEOnly_UniformMix_Pruned_Weighted_WFG7_M15_D30_10.mat (valid, final IGD 12.026824)
[2026-09-14 02:37:08] [skip] D:\REMOandDREMO测试集\15目标\REMO_new2_AdaMaO_SDEOnly_UniformMix_Pruned_Weighted\REMO_new2_AdaMaO_SDEOnly_UniformMix_Pruned_Weighted_WFG7_M15_D30_14.mat (valid, final IGD 11.693995)
[2026-09-14 02:37:08] [skip] D:\REMOandDREMO测试集\15目标\REMO_new2_AdaMaO_SDEOnly_UniformMix_Pruned_Weighted\REMO_new2_AdaMaO_SDEOnly_UniformMix_Pruned_Weighted_WFG7_M15_D30_18.mat (valid, final IGD 13.420211)
[2026-09-14 02:37:08] [skip] D:\REMOandDREMO测试集\15目标\REMO_new2_AdaMaO_SDEOnly_UniformMix_Pruned_Weighted\REMO_new2_AdaMaO_SDEOnly_UniformMix_Pruned_Weighted_WFG7_M15_D30_22.mat (valid, final IGD 12.851361)
[2026-09-14 02:37:08] [skip] D:\REMOandDREMO测试集\15目标\REMO_new2_AdaMaO_SDEOnly_UniformMix_Pruned_Weighted\REMO_new2_AdaMaO_SDEOnly_UniformMix_Pruned_Weighted_WFG7_M15_D30_26.mat (valid, final IGD 12.634284)
[2026-09-14 02:41:37] [done] WFG7 run 30 seed 21774942 | IGD first 16.9122 -> final 10.0662 | runtime 267.8s | wall 268.6s | ok
[2026-09-14 02:45:47] [done] WFG8 run 4 seed 21775916 | IGD first 16.9689 -> final 10.3619 | runtime 250.1s | wall 250.8s | ok
[2026-09-14 02:50:18] [done] WFG8 run 8 seed 21775920 | IGD first 16.1054 -> final 12.4546 | runtime 269.6s | wall 270.2s | ok
[2026-09-14 02:54:44] [done] WFG8 run 12 seed 21775924 | IGD first 16.0011 -> final 10.8387 | runtime 265.9s | wall 266.5s | ok
[2026-09-14 02:58:53] [done] WFG8 run 16 seed 21775928 | IGD first 16.7677 -> final 12.5515 | runtime 248.7s | wall 249.2s | ok
[2026-09-14 03:03:07] [done] WFG8 run 20 seed 21775932 | IGD first 17.3547 -> final 11.3065 | runtime 253.2s | wall 253.7s | ok
[2026-09-14 03:07:19] [done] WFG8 run 24 seed 21775936 | IGD first 16.5513 -> final 10.8136 | runtime 251.2s | wall 251.7s | ok
[2026-09-14 03:11:30] [done] WFG8 run 28 seed 21775940 | IGD first 17.3664 -> final 11.5326 | runtime 250.9s | wall 251.3s | ok
[2026-09-14 03:15:48] [done] WFG9 run 2 seed 21776914 | IGD first 16.8616 -> final 12.725 | runtime 257.2s | wall 257.7s | ok
[2026-09-14 03:20:06] [done] WFG9 run 6 seed 21776918 | IGD first 16.8638 -> final 13.0909 | runtime 257.3s | wall 257.7s | ok
[2026-09-14 03:24:24] [done] WFG9 run 10 seed 21776922 | IGD first 17.6622 -> final 12.6146 | runtime 257.9s | wall 258.5s | ok
[2026-09-14 03:28:47] [done] WFG9 run 14 seed 21776926 | IGD first 18.6702 -> final 15.2453 | runtime 262.3s | wall 262.9s | ok
[2026-09-14 03:33:05] [done] WFG9 run 18 seed 21776930 | IGD first 16.7254 -> final 13.3408 | runtime 257.3s | wall 257.8s | ok
[2026-09-14 03:37:23] [done] WFG9 run 22 seed 21776934 | IGD first 18.1619 -> final 16.0796 | runtime 257.5s | wall 258.0s | ok
[2026-09-14 03:41:12] [done] WFG9 run 26 seed 21776938 | IGD first 16.5996 -> final 11.9099 | runtime 228.6s | wall 229.1s | ok
[2026-09-14 03:44:48] [done] WFG9 run 30 seed 21776942 | IGD first 15.695 -> final 13.9361 | runtime 215.7s | wall 216.0s | ok
[2026-09-14 03:44:48] ==== part 2/4 done: 68 runs (52 skipped) in 4091.3 s (1.1 h) ====
[2026-09-14 03:44:48] Summary CSV: D:\REMOandDREMO测试集\15目标\REMO_new2_AdaMaO_SDEOnly_UniformMix_Pruned_Weighted\_runlog_part2of4.csv

ans = 

  包含以下字段的 1x68 struct 数组:

    Problem
    Run
    File
    Status
    IGD
    Runtime
    FE
    D
    Seed
    Seconds

[2026-09-14 03:44:55] part 2 attempt 1 exited rc=0
[2026-09-14 03:44:55] part 2 COMPLETE after 1 attempt(s)
[2026-09-14 03:58:14] part 2 attempt 1 launching MATLAB (alg=REMO_new2_AdaMaO_SDEOnly_UniformMix_Pruned_Weighted params=3000,0.50,0.25,0.70,6 func=run_WeightedWFG_M15)
[2026-09-14 03:58:23] PlatEMO root: D:\PlatEMO-master\PlatEMO-master\PlatEMO
[2026-09-14 03:58:29] WFG1: M=15 D=30 maxFE=300 (canonical index 8)
[2026-09-14 03:58:32] WFG2: M=15 D=30 maxFE=300 (canonical index 9)
[2026-09-14 03:58:32] WFG3: M=15 D=30 maxFE=300 (canonical index 10)
[2026-09-14 03:58:32] WFG4: M=15 D=30 maxFE=300 (canonical index 11)
[2026-09-14 03:58:32] WFG5: M=15 D=30 maxFE=300 (canonical index 12)
[2026-09-14 03:58:32] WFG6: M=15 D=30 maxFE=300 (canonical index 13)
[2026-09-14 03:58:32] WFG7: M=15 D=30 maxFE=300 (canonical index 14)
[2026-09-14 03:58:32] WFG8: M=15 D=30 maxFE=300 (canonical index 15)
[2026-09-14 03:58:32] WFG9: M=15 D=30 maxFE=300 (canonical index 16)
[2026-09-14 03:58:32] Algorithm REMO_new2_AdaMaO_SDEOnly_UniformMix_Pruned_Weighted | parameters [3000            0.5           0.25            0.7              6]
[2026-09-14 03:58:32] SaveCount 30 | Runs 30 | M 15 | requested D 30 | N 100 | maxFE 300 | modeRunId 1 | seedBase 20260912
[2026-09-14 03:58:32] Slice 2/4 -> 68 of 270 jobs
[2026-09-14 03:58:34] [skip] D:\REMOandDREMO测试集\15目标\REMO_new2_AdaMaO_SDEOnly_UniformMix_Pruned_Weighted\REMO_new2_AdaMaO_SDEOnly_UniformMix_Pruned_Weighted_WFG1_M15_D30_2.mat (valid, final IGD 4.193149)
[2026-09-14 03:58:35] [skip] D:\REMOandDREMO测试集\15目标\REMO_new2_AdaMaO_SDEOnly_UniformMix_Pruned_Weighted\REMO_new2_AdaMaO_SDEOnly_UniformMix_Pruned_Weighted_WFG1_M15_D30_6.mat (valid, final IGD 4.137487)
[2026-09-14 03:58:37] [skip] D:\REMOandDREMO测试集\15目标\REMO_new2_AdaMaO_SDEOnly_UniformMix_Pruned_Weighted\REMO_new2_AdaMaO_SDEOnly_UniformMix_Pruned_Weighted_WFG1_M15_D30_10.mat (valid, final IGD 4.130725)
[2026-09-14 03:58:39] [skip] D:\REMOandDREMO测试集\15目标\REMO_new2_AdaMaO_SDEOnly_UniformMix_Pruned_Weighted\REMO_new2_AdaMaO_SDEOnly_UniformMix_Pruned_Weighted_WFG1_M15_D30_14.mat (valid, final IGD 4.144657)
[2026-09-14 03:58:41] [skip] D:\REMOandDREMO测试集\15目标\REMO_new2_AdaMaO_SDEOnly_UniformMix_Pruned_Weighted\REMO_new2_AdaMaO_SDEOnly_UniformMix_Pruned_Weighted_WFG1_M15_D30_18.mat (valid, final IGD 4.160492)
[2026-09-14 03:58:42] [skip] D:\REMOandDREMO测试集\15目标\REMO_new2_AdaMaO_SDEOnly_UniformMix_Pruned_Weighted\REMO_new2_AdaMaO_SDEOnly_UniformMix_Pruned_Weighted_WFG1_M15_D30_22.mat (valid, final IGD 4.070763)
[2026-09-14 03:58:44] [skip] D:\REMOandDREMO测试集\15目标\REMO_new2_AdaMaO_SDEOnly_UniformMix_Pruned_Weighted\REMO_new2_AdaMaO_SDEOnly_UniformMix_Pruned_Weighted_WFG1_M15_D30_26.mat (valid, final IGD 4.018221)
[2026-09-14 03:58:46] [skip] D:\REMOandDREMO测试集\15目标\REMO_new2_AdaMaO_SDEOnly_UniformMix_Pruned_Weighted\REMO_new2_AdaMaO_SDEOnly_UniformMix_Pruned_Weighted_WFG1_M15_D30_30.mat (valid, final IGD 4.184603)
[2026-09-14 03:58:48] [skip] D:\REMOandDREMO测试集\15目标\REMO_new2_AdaMaO_SDEOnly_UniformMix_Pruned_Weighted\REMO_new2_AdaMaO_SDEOnly_UniformMix_Pruned_Weighted_WFG2_M15_D30_4.mat (valid, final IGD 3.521932)
[2026-09-14 03:58:50] [skip] D:\REMOandDREMO测试集\15目标\REMO_new2_AdaMaO_SDEOnly_UniformMix_Pruned_Weighted\REMO_new2_AdaMaO_SDEOnly_UniformMix_Pruned_Weighted_WFG2_M15_D30_8.mat (valid, final IGD 2.999122)
[2026-09-14 03:58:52] [skip] D:\REMOandDREMO测试集\15目标\REMO_new2_AdaMaO_SDEOnly_UniformMix_Pruned_Weighted\REMO_new2_AdaMaO_SDEOnly_UniformMix_Pruned_Weighted_WFG2_M15_D30_12.mat (valid, final IGD 2.933271)
[2026-09-14 03:58:54] [skip] D:\REMOandDREMO测试集\15目标\REMO_new2_AdaMaO_SDEOnly_UniformMix_Pruned_Weighted\REMO_new2_AdaMaO_SDEOnly_UniformMix_Pruned_Weighted_WFG2_M15_D30_16.mat (valid, final IGD 3.337654)
[2026-09-14 03:58:56] [skip] D:\REMOandDREMO测试集\15目标\REMO_new2_AdaMaO_SDEOnly_UniformMix_Pruned_Weighted\REMO_new2_AdaMaO_SDEOnly_UniformMix_Pruned_Weighted_WFG2_M15_D30_20.mat (valid, final IGD 2.827978)
[2026-09-14 03:58:58] [skip] D:\REMOandDREMO测试集\15目标\REMO_new2_AdaMaO_SDEOnly_UniformMix_Pruned_Weighted\REMO_new2_AdaMaO_SDEOnly_UniformMix_Pruned_Weighted_WFG2_M15_D30_24.mat (valid, final IGD 4.549804)
[2026-09-14 03:59:00] [skip] D:\REMOandDREMO测试集\15目标\REMO_new2_AdaMaO_SDEOnly_UniformMix_Pruned_Weighted\REMO_new2_AdaMaO_SDEOnly_UniformMix_Pruned_Weighted_WFG2_M15_D30_28.mat (valid, final IGD 3.869776)
[2026-09-14 03:59:00] [skip] D:\REMOandDREMO测试集\15目标\REMO_new2_AdaMaO_SDEOnly_UniformMix_Pruned_Weighted\REMO_new2_AdaMaO_SDEOnly_UniformMix_Pruned_Weighted_WFG3_M15_D30_2.mat (valid, final IGD 2.253379)
[2026-09-14 03:59:01] [skip] D:\REMOandDREMO测试集\15目标\REMO_new2_AdaMaO_SDEOnly_UniformMix_Pruned_Weighted\REMO_new2_AdaMaO_SDEOnly_UniformMix_Pruned_Weighted_WFG3_M15_D30_6.mat (valid, final IGD 2.279735)
[2026-09-14 03:59:01] [skip] D:\REMOandDREMO测试集\15目标\REMO_new2_AdaMaO_SDEOnly_UniformMix_Pruned_Weighted\REMO_new2_AdaMaO_SDEOnly_UniformMix_Pruned_Weighted_WFG3_M15_D30_10.mat (valid, final IGD 2.301746)
[2026-09-14 03:59:01] [skip] D:\REMOandDREMO测试集\15目标\REMO_new2_AdaMaO_SDEOnly_UniformMix_Pruned_Weighted\REMO_new2_AdaMaO_SDEOnly_UniformMix_Pruned_Weighted_WFG3_M15_D30_14.mat (valid, final IGD 2.218486)
[2026-09-14 03:59:01] [skip] D:\REMOandDREMO测试集\15目标\REMO_new2_AdaMaO_SDEOnly_UniformMix_Pruned_Weighted\REMO_new2_AdaMaO_SDEOnly_UniformMix_Pruned_Weighted_WFG3_M15_D30_18.mat (valid, final IGD 2.357937)
[2026-09-14 03:59:01] [skip] D:\REMOandDREMO测试集\15目标\REMO_new2_AdaMaO_SDEOnly_UniformMix_Pruned_Weighted\REMO_new2_AdaMaO_SDEOnly_UniformMix_Pruned_Weighted_WFG3_M15_D30_22.mat (valid, final IGD 2.342226)
[2026-09-14 03:59:01] [skip] D:\REMOandDREMO测试集\15目标\REMO_new2_AdaMaO_SDEOnly_UniformMix_Pruned_Weighted\REMO_new2_AdaMaO_SDEOnly_UniformMix_Pruned_Weighted_WFG3_M15_D30_26.mat (valid, final IGD 2.496543)
[2026-09-14 03:59:01] [skip] D:\REMOandDREMO测试集\15目标\REMO_new2_AdaMaO_SDEOnly_UniformMix_Pruned_Weighted\REMO_new2_AdaMaO_SDEOnly_UniformMix_Pruned_Weighted_WFG3_M15_D30_30.mat (valid, final IGD 2.498970)
[2026-09-14 03:59:01] [skip] D:\REMOandDREMO测试集\15目标\REMO_new2_AdaMaO_SDEOnly_UniformMix_Pruned_Weighted\REMO_new2_AdaMaO_SDEOnly_UniformMix_Pruned_Weighted_WFG4_M15_D30_4.mat (valid, final IGD 14.315930)
[2026-09-14 03:59:01] [skip] D:\REMOandDREMO测试集\15目标\REMO_new2_AdaMaO_SDEOnly_UniformMix_Pruned_Weighted\REMO_new2_AdaMaO_SDEOnly_UniformMix_Pruned_Weighted_WFG4_M15_D30_8.mat (valid, final IGD 13.614972)
[2026-09-14 03:59:01] [skip] D:\REMOandDREMO测试集\15目标\REMO_new2_AdaMaO_SDEOnly_UniformMix_Pruned_Weighted\REMO_new2_AdaMaO_SDEOnly_UniformMix_Pruned_Weighted_WFG4_M15_D30_12.mat (valid, final IGD 15.796156)
[2026-09-14 03:59:01] [skip] D:\REMOandDREMO测试集\15目标\REMO_new2_AdaMaO_SDEOnly_UniformMix_Pruned_Weighted\REMO_new2_AdaMaO_SDEOnly_UniformMix_Pruned_Weighted_WFG4_M15_D30_16.mat (valid, final IGD 14.522945)
[2026-09-14 03:59:01] [skip] D:\REMOandDREMO测试集\15目标\REMO_new2_AdaMaO_SDEOnly_UniformMix_Pruned_Weighted\REMO_new2_AdaMaO_SDEOnly_UniformMix_Pruned_Weighted_WFG4_M15_D30_20.mat (valid, final IGD 13.103190)
[2026-09-14 03:59:01] [skip] D:\REMOandDREMO测试集\15目标\REMO_new2_AdaMaO_SDEOnly_UniformMix_Pruned_Weighted\REMO_new2_AdaMaO_SDEOnly_UniformMix_Pruned_Weighted_WFG4_M15_D30_24.mat (valid, final IGD 14.083426)
[2026-09-14 03:59:01] [skip] D:\REMOandDREMO测试集\15目标\REMO_new2_AdaMaO_SDEOnly_UniformMix_Pruned_Weighted\REMO_new2_AdaMaO_SDEOnly_UniformMix_Pruned_Weighted_WFG4_M15_D30_28.mat (valid, final IGD 13.011660)
[2026-09-14 03:59:01] [skip] D:\REMOandDREMO测试集\15目标\REMO_new2_AdaMaO_SDEOnly_UniformMix_Pruned_Weighted\REMO_new2_AdaMaO_SDEOnly_UniformMix_Pruned_Weighted_WFG5_M15_D30_2.mat (valid, final IGD 12.933365)
[2026-09-14 03:59:01] [skip] D:\REMOandDREMO测试集\15目标\REMO_new2_AdaMaO_SDEOnly_UniformMix_Pruned_Weighted\REMO_new2_AdaMaO_SDEOnly_UniformMix_Pruned_Weighted_WFG5_M15_D30_6.mat (valid, final IGD 11.651603)
[2026-09-14 03:59:01] [skip] D:\REMOandDREMO测试集\15目标\REMO_new2_AdaMaO_SDEOnly_UniformMix_Pruned_Weighted\REMO_new2_AdaMaO_SDEOnly_UniformMix_Pruned_Weighted_WFG5_M15_D30_10.mat (valid, final IGD 12.493971)
[2026-09-14 03:59:01] [skip] D:\REMOandDREMO测试集\15目标\REMO_new2_AdaMaO_SDEOnly_UniformMix_Pruned_Weighted\REMO_new2_AdaMaO_SDEOnly_UniformMix_Pruned_Weighted_WFG5_M15_D30_14.mat (valid, final IGD 12.296075)
[2026-09-14 03:59:01] [skip] D:\REMOandDREMO测试集\15目标\REMO_new2_AdaMaO_SDEOnly_UniformMix_Pruned_Weighted\REMO_new2_AdaMaO_SDEOnly_UniformMix_Pruned_Weighted_WFG5_M15_D30_18.mat (valid, final IGD 12.962242)
[2026-09-14 03:59:01] [skip] D:\REMOandDREMO测试集\15目标\REMO_new2_AdaMaO_SDEOnly_UniformMix_Pruned_Weighted\REMO_new2_AdaMaO_SDEOnly_UniformMix_Pruned_Weighted_WFG5_M15_D30_22.mat (valid, final IGD 12.549623)
[2026-09-14 03:59:01] [skip] D:\REMOandDREMO测试集\15目标\REMO_new2_AdaMaO_SDEOnly_UniformMix_Pruned_Weighted\REMO_new2_AdaMaO_SDEOnly_UniformMix_Pruned_Weighted_WFG5_M15_D30_26.mat (valid, final IGD 13.022850)
[2026-09-14 03:59:01] [skip] D:\REMOandDREMO测试集\15目标\REMO_new2_AdaMaO_SDEOnly_UniformMix_Pruned_Weighted\REMO_new2_AdaMaO_SDEOnly_UniformMix_Pruned_Weighted_WFG5_M15_D30_30.mat (valid, final IGD 12.340506)
[2026-09-14 03:59:01] [skip] D:\REMOandDREMO测试集\15目标\REMO_new2_AdaMaO_SDEOnly_UniformMix_Pruned_Weighted\REMO_new2_AdaMaO_SDEOnly_UniformMix_Pruned_Weighted_WFG6_M15_D30_4.mat (valid, final IGD 9.899622)
[2026-09-14 03:59:01] [skip] D:\REMOandDREMO测试集\15目标\REMO_new2_AdaMaO_SDEOnly_UniformMix_Pruned_Weighted\REMO_new2_AdaMaO_SDEOnly_UniformMix_Pruned_Weighted_WFG6_M15_D30_8.mat (valid, final IGD 10.198018)
[2026-09-14 03:59:01] [skip] D:\REMOandDREMO测试集\15目标\REMO_new2_AdaMaO_SDEOnly_UniformMix_Pruned_Weighted\REMO_new2_AdaMaO_SDEOnly_UniformMix_Pruned_Weighted_WFG6_M15_D30_12.mat (valid, final IGD 11.615293)
[2026-09-14 03:59:01] [skip] D:\REMOandDREMO测试集\15目标\REMO_new2_AdaMaO_SDEOnly_UniformMix_Pruned_Weighted\REMO_new2_AdaMaO_SDEOnly_UniformMix_Pruned_Weighted_WFG6_M15_D30_16.mat (valid, final IGD 10.920683)
[2026-09-14 03:59:01] [skip] D:\REMOandDREMO测试集\15目标\REMO_new2_AdaMaO_SDEOnly_UniformMix_Pruned_Weighted\REMO_new2_AdaMaO_SDEOnly_UniformMix_Pruned_Weighted_WFG6_M15_D30_20.mat (valid, final IGD 11.400877)
[2026-09-14 03:59:01] [skip] D:\REMOandDREMO测试集\15目标\REMO_new2_AdaMaO_SDEOnly_UniformMix_Pruned_Weighted\REMO_new2_AdaMaO_SDEOnly_UniformMix_Pruned_Weighted_WFG6_M15_D30_24.mat (valid, final IGD 10.812695)
[2026-09-14 03:59:01] [skip] D:\REMOandDREMO测试集\15目标\REMO_new2_AdaMaO_SDEOnly_UniformMix_Pruned_Weighted\REMO_new2_AdaMaO_SDEOnly_UniformMix_Pruned_Weighted_WFG6_M15_D30_28.mat (valid, final IGD 10.989120)
[2026-09-14 03:59:01] [skip] D:\REMOandDREMO测试集\15目标\REMO_new2_AdaMaO_SDEOnly_UniformMix_Pruned_Weighted\REMO_new2_AdaMaO_SDEOnly_UniformMix_Pruned_Weighted_WFG7_M15_D30_2.mat (valid, final IGD 9.895626)
[2026-09-14 03:59:01] [skip] D:\REMOandDREMO测试集\15目标\REMO_new2_AdaMaO_SDEOnly_UniformMix_Pruned_Weighted\REMO_new2_AdaMaO_SDEOnly_UniformMix_Pruned_Weighted_WFG7_M15_D30_6.mat (valid, final IGD 10.777754)
[2026-09-14 03:59:01] [skip] D:\REMOandDREMO测试集\15目标\REMO_new2_AdaMaO_SDEOnly_UniformMix_Pruned_Weighted\REMO_new2_AdaMaO_SDEOnly_UniformMix_Pruned_Weighted_WFG7_M15_D30_10.mat (valid, final IGD 12.026824)
[2026-09-14 03:59:01] [skip] D:\REMOandDREMO测试集\15目标\REMO_new2_AdaMaO_SDEOnly_UniformMix_Pruned_Weighted\REMO_new2_AdaMaO_SDEOnly_UniformMix_Pruned_Weighted_WFG7_M15_D30_14.mat (valid, final IGD 11.693995)
[2026-09-14 03:59:01] [skip] D:\REMOandDREMO测试集\15目标\REMO_new2_AdaMaO_SDEOnly_UniformMix_Pruned_Weighted\REMO_new2_AdaMaO_SDEOnly_UniformMix_Pruned_Weighted_WFG7_M15_D30_18.mat (valid, final IGD 13.420211)
[2026-09-14 03:59:01] [skip] D:\REMOandDREMO测试集\15目标\REMO_new2_AdaMaO_SDEOnly_UniformMix_Pruned_Weighted\REMO_new2_AdaMaO_SDEOnly_UniformMix_Pruned_Weighted_WFG7_M15_D30_22.mat (valid, final IGD 12.851361)
[2026-09-14 03:59:01] [skip] D:\REMOandDREMO测试集\15目标\REMO_new2_AdaMaO_SDEOnly_UniformMix_Pruned_Weighted\REMO_new2_AdaMaO_SDEOnly_UniformMix_Pruned_Weighted_WFG7_M15_D30_26.mat (valid, final IGD 12.634284)
[2026-09-14 03:59:01] [skip] D:\REMOandDREMO测试集\15目标\REMO_new2_AdaMaO_SDEOnly_UniformMix_Pruned_Weighted\REMO_new2_AdaMaO_SDEOnly_UniformMix_Pruned_Weighted_WFG7_M15_D30_30.mat (valid, final IGD 10.066158)
[2026-09-14 03:59:01] [skip] D:\REMOandDREMO测试集\15目标\REMO_new2_AdaMaO_SDEOnly_UniformMix_Pruned_Weighted\REMO_new2_AdaMaO_SDEOnly_UniformMix_Pruned_Weighted_WFG8_M15_D30_4.mat (valid, final IGD 10.361866)
[2026-09-14 03:59:01] [skip] D:\REMOandDREMO测试集\15目标\REMO_new2_AdaMaO_SDEOnly_UniformMix_Pruned_Weighted\REMO_new2_AdaMaO_SDEOnly_UniformMix_Pruned_Weighted_WFG8_M15_D30_8.mat (valid, final IGD 12.454571)
[2026-09-14 03:59:01] [skip] D:\REMOandDREMO测试集\15目标\REMO_new2_AdaMaO_SDEOnly_UniformMix_Pruned_Weighted\REMO_new2_AdaMaO_SDEOnly_UniformMix_Pruned_Weighted_WFG8_M15_D30_12.mat (valid, final IGD 10.838664)
[2026-09-14 03:59:01] [skip] D:\REMOandDREMO测试集\15目标\REMO_new2_AdaMaO_SDEOnly_UniformMix_Pruned_Weighted\REMO_new2_AdaMaO_SDEOnly_UniformMix_Pruned_Weighted_WFG8_M15_D30_16.mat (valid, final IGD 12.551480)
[2026-09-14 03:59:01] [skip] D:\REMOandDREMO测试集\15目标\REMO_new2_AdaMaO_SDEOnly_UniformMix_Pruned_Weighted\REMO_new2_AdaMaO_SDEOnly_UniformMix_Pruned_Weighted_WFG8_M15_D30_20.mat (valid, final IGD 11.306511)
[2026-09-14 03:59:01] [skip] D:\REMOandDREMO测试集\15目标\REMO_new2_AdaMaO_SDEOnly_UniformMix_Pruned_Weighted\REMO_new2_AdaMaO_SDEOnly_UniformMix_Pruned_Weighted_WFG8_M15_D30_24.mat (valid, final IGD 10.813574)
[2026-09-14 03:59:02] [skip] D:\REMOandDREMO测试集\15目标\REMO_new2_AdaMaO_SDEOnly_UniformMix_Pruned_Weighted\REMO_new2_AdaMaO_SDEOnly_UniformMix_Pruned_Weighted_WFG8_M15_D30_28.mat (valid, final IGD 11.532587)
[2026-09-14 03:59:02] [skip] D:\REMOandDREMO测试集\15目标\REMO_new2_AdaMaO_SDEOnly_UniformMix_Pruned_Weighted\REMO_new2_AdaMaO_SDEOnly_UniformMix_Pruned_Weighted_WFG9_M15_D30_2.mat (valid, final IGD 12.725015)
[2026-09-14 03:59:02] [skip] D:\REMOandDREMO测试集\15目标\REMO_new2_AdaMaO_SDEOnly_UniformMix_Pruned_Weighted\REMO_new2_AdaMaO_SDEOnly_UniformMix_Pruned_Weighted_WFG9_M15_D30_6.mat (valid, final IGD 13.090858)
[2026-09-14 03:59:02] [skip] D:\REMOandDREMO测试集\15目标\REMO_new2_AdaMaO_SDEOnly_UniformMix_Pruned_Weighted\REMO_new2_AdaMaO_SDEOnly_UniformMix_Pruned_Weighted_WFG9_M15_D30_10.mat (valid, final IGD 12.614599)
[2026-09-14 03:59:02] [skip] D:\REMOandDREMO测试集\15目标\REMO_new2_AdaMaO_SDEOnly_UniformMix_Pruned_Weighted\REMO_new2_AdaMaO_SDEOnly_UniformMix_Pruned_Weighted_WFG9_M15_D30_14.mat (valid, final IGD 15.245254)
[2026-09-14 03:59:02] [skip] D:\REMOandDREMO测试集\15目标\REMO_new2_AdaMaO_SDEOnly_UniformMix_Pruned_Weighted\REMO_new2_AdaMaO_SDEOnly_UniformMix_Pruned_Weighted_WFG9_M15_D30_18.mat (valid, final IGD 13.340774)
[2026-09-14 03:59:02] [skip] D:\REMOandDREMO测试集\15目标\REMO_new2_AdaMaO_SDEOnly_UniformMix_Pruned_Weighted\REMO_new2_AdaMaO_SDEOnly_UniformMix_Pruned_Weighted_WFG9_M15_D30_22.mat (valid, final IGD 16.079577)
[2026-09-14 03:59:02] [skip] D:\REMOandDREMO测试集\15目标\REMO_new2_AdaMaO_SDEOnly_UniformMix_Pruned_Weighted\REMO_new2_AdaMaO_SDEOnly_UniformMix_Pruned_Weighted_WFG9_M15_D30_26.mat (valid, final IGD 11.909887)
[2026-09-14 03:59:02] [skip] D:\REMOandDREMO测试集\15目标\REMO_new2_AdaMaO_SDEOnly_UniformMix_Pruned_Weighted\REMO_new2_AdaMaO_SDEOnly_UniformMix_Pruned_Weighted_WFG9_M15_D30_30.mat (valid, final IGD 13.936108)
[2026-09-14 03:59:02] ==== part 2/4 done: 68 runs (68 skipped) in 29.5 s (0.0 h) ====
[2026-09-14 03:59:02] Summary CSV: D:\REMOandDREMO测试集\15目标\REMO_new2_AdaMaO_SDEOnly_UniformMix_Pruned_Weighted\_runlog_part2of4.csv

ans = 

  包含以下字段的 1x68 struct 数组:

    Problem
    Run
    File
    Status
    IGD
    Runtime
    FE
    D
    Seed
    Seconds

[2026-09-14 03:59:06] part 2 attempt 1 exited rc=0
[2026-09-14 03:59:06] part 2 COMPLETE after 1 attempt(s)
[2026-09-14 03:59:07] part 2 attempt 1 launching MATLAB (alg=REMO_new2_AdaMaO_SDEOnly_UniformMix_Pruned_Weighted params=3000,0.50,0.25,0.70,6 func=run_WeightedWFG_M8D10)
[2026-09-14 03:59:14] PlatEMO root: D:\PlatEMO-master\PlatEMO-master\PlatEMO
[2026-09-14 03:59:20] WFG1: M=8 D=10 maxFE=300 (canonical index 8)
[2026-09-14 03:59:23] WFG2: M=8 D=11 maxFE=300 (canonical index 9)
[2026-09-14 03:59:23] WFG3: M=8 D=11 maxFE=300 (canonical index 10)
[2026-09-14 03:59:23] WFG4: M=8 D=10 maxFE=300 (canonical index 11)
[2026-09-14 03:59:23] WFG5: M=8 D=10 maxFE=300 (canonical index 12)
[2026-09-14 03:59:23] WFG6: M=8 D=10 maxFE=300 (canonical index 13)
[2026-09-14 03:59:23] WFG7: M=8 D=10 maxFE=300 (canonical index 14)
[2026-09-14 03:59:23] WFG8: M=8 D=10 maxFE=300 (canonical index 15)
[2026-09-14 03:59:23] WFG9: M=8 D=10 maxFE=300 (canonical index 16)
[2026-09-14 03:59:23] Algorithm REMO_new2_AdaMaO_SDEOnly_UniformMix_Pruned_Weighted | parameters [3000            0.5           0.25            0.7              6]
[2026-09-14 03:59:23] SaveCount 30 | Runs 30 | M 8 | requested D 10 | N 100 | maxFE 300 | modeRunId 1 | seedBase 20260912
[2026-09-14 03:59:23] Slice 2/4 -> 68 of 270 jobs
[2026-09-14 04:01:11] [done] WFG1 run 2 seed 21068914 | IGD first 3.21269 -> final 2.85036 | runtime 105.7s | wall 106.6s | ok
[2026-09-14 04:02:52] [done] WFG1 run 6 seed 21068918 | IGD first 3.26265 -> final 2.78788 | runtime 99.3s | wall 99.8s | ok
[2026-09-14 05:05:49] part 2 attempt 1 launching MATLAB (alg=REMO_new2_AdaMaO_SDEOnly_UniformMix_Pruned_Weighted params=3000,0.50,0.25,0.70,6 func=run_WeightedWFG_M15)
[2026-09-14 05:05:56] PlatEMO root: D:\PlatEMO-master\PlatEMO-master\PlatEMO
[2026-09-14 05:06:02] WFG1: M=15 D=30 maxFE=300 (canonical index 8)
[2026-09-14 05:06:04] WFG2: M=15 D=30 maxFE=300 (canonical index 9)
[2026-09-14 05:06:04] WFG3: M=15 D=30 maxFE=300 (canonical index 10)
[2026-09-14 05:06:04] WFG4: M=15 D=30 maxFE=300 (canonical index 11)
[2026-09-14 05:06:04] WFG5: M=15 D=30 maxFE=300 (canonical index 12)
[2026-09-14 05:06:04] WFG6: M=15 D=30 maxFE=300 (canonical index 13)
[2026-09-14 05:06:05] WFG7: M=15 D=30 maxFE=300 (canonical index 14)
[2026-09-14 05:06:05] WFG8: M=15 D=30 maxFE=300 (canonical index 15)
[2026-09-14 05:06:05] WFG9: M=15 D=30 maxFE=300 (canonical index 16)
[2026-09-14 05:06:05] Algorithm REMO_new2_AdaMaO_SDEOnly_UniformMix_Pruned_Weighted | parameters [3000            0.5           0.25            0.7              6]
[2026-09-14 05:06:05] SaveCount 30 | Runs 30 | M 15 | requested D 30 | N 100 | maxFE 300 | modeRunId 1 | seedBase 20260912
[2026-09-14 05:06:05] Slice 2/4 -> 68 of 270 jobs
[2026-09-14 05:06:06] [skip] D:\REMOandDREMO测试集\15目标\REMO_new2_AdaMaO_SDEOnly_UniformMix_Pruned_Weighted\REMO_new2_AdaMaO_SDEOnly_UniformMix_Pruned_Weighted_WFG1_M15_D30_2.mat (valid, final IGD 4.193149)
[2026-09-14 05:06:08] [skip] D:\REMOandDREMO测试集\15目标\REMO_new2_AdaMaO_SDEOnly_UniformMix_Pruned_Weighted\REMO_new2_AdaMaO_SDEOnly_UniformMix_Pruned_Weighted_WFG1_M15_D30_6.mat (valid, final IGD 4.137487)
[2026-09-14 05:06:10] [skip] D:\REMOandDREMO测试集\15目标\REMO_new2_AdaMaO_SDEOnly_UniformMix_Pruned_Weighted\REMO_new2_AdaMaO_SDEOnly_UniformMix_Pruned_Weighted_WFG1_M15_D30_10.mat (valid, final IGD 4.130725)
[2026-09-14 05:06:11] [skip] D:\REMOandDREMO测试集\15目标\REMO_new2_AdaMaO_SDEOnly_UniformMix_Pruned_Weighted\REMO_new2_AdaMaO_SDEOnly_UniformMix_Pruned_Weighted_WFG1_M15_D30_14.mat (valid, final IGD 4.144657)
[2026-09-14 05:06:13] [skip] D:\REMOandDREMO测试集\15目标\REMO_new2_AdaMaO_SDEOnly_UniformMix_Pruned_Weighted\REMO_new2_AdaMaO_SDEOnly_UniformMix_Pruned_Weighted_WFG1_M15_D30_18.mat (valid, final IGD 4.160492)
[2026-09-14 05:06:15] [skip] D:\REMOandDREMO测试集\15目标\REMO_new2_AdaMaO_SDEOnly_UniformMix_Pruned_Weighted\REMO_new2_AdaMaO_SDEOnly_UniformMix_Pruned_Weighted_WFG1_M15_D30_22.mat (valid, final IGD 4.070763)
[2026-09-14 05:06:16] [skip] D:\REMOandDREMO测试集\15目标\REMO_new2_AdaMaO_SDEOnly_UniformMix_Pruned_Weighted\REMO_new2_AdaMaO_SDEOnly_UniformMix_Pruned_Weighted_WFG1_M15_D30_26.mat (valid, final IGD 4.018221)
[2026-09-14 05:06:18] [skip] D:\REMOandDREMO测试集\15目标\REMO_new2_AdaMaO_SDEOnly_UniformMix_Pruned_Weighted\REMO_new2_AdaMaO_SDEOnly_UniformMix_Pruned_Weighted_WFG1_M15_D30_30.mat (valid, final IGD 4.184603)
[2026-09-14 05:06:20] [skip] D:\REMOandDREMO测试集\15目标\REMO_new2_AdaMaO_SDEOnly_UniformMix_Pruned_Weighted\REMO_new2_AdaMaO_SDEOnly_UniformMix_Pruned_Weighted_WFG2_M15_D30_4.mat (valid, final IGD 3.521932)
[2026-09-14 05:06:23] [skip] D:\REMOandDREMO测试集\15目标\REMO_new2_AdaMaO_SDEOnly_UniformMix_Pruned_Weighted\REMO_new2_AdaMaO_SDEOnly_UniformMix_Pruned_Weighted_WFG2_M15_D30_8.mat (valid, final IGD 2.999122)
[2026-09-14 05:06:25] [skip] D:\REMOandDREMO测试集\15目标\REMO_new2_AdaMaO_SDEOnly_UniformMix_Pruned_Weighted\REMO_new2_AdaMaO_SDEOnly_UniformMix_Pruned_Weighted_WFG2_M15_D30_12.mat (valid, final IGD 2.933271)
[2026-09-14 05:06:27] [skip] D:\REMOandDREMO测试集\15目标\REMO_new2_AdaMaO_SDEOnly_UniformMix_Pruned_Weighted\REMO_new2_AdaMaO_SDEOnly_UniformMix_Pruned_Weighted_WFG2_M15_D30_16.mat (valid, final IGD 3.337654)
[2026-09-14 05:06:29] [skip] D:\REMOandDREMO测试集\15目标\REMO_new2_AdaMaO_SDEOnly_UniformMix_Pruned_Weighted\REMO_new2_AdaMaO_SDEOnly_UniformMix_Pruned_Weighted_WFG2_M15_D30_20.mat (valid, final IGD 2.827978)
[2026-09-14 05:06:31] [skip] D:\REMOandDREMO测试集\15目标\REMO_new2_AdaMaO_SDEOnly_UniformMix_Pruned_Weighted\REMO_new2_AdaMaO_SDEOnly_UniformMix_Pruned_Weighted_WFG2_M15_D30_24.mat (valid, final IGD 4.549804)
[2026-09-14 05:06:33] [skip] D:\REMOandDREMO测试集\15目标\REMO_new2_AdaMaO_SDEOnly_UniformMix_Pruned_Weighted\REMO_new2_AdaMaO_SDEOnly_UniformMix_Pruned_Weighted_WFG2_M15_D30_28.mat (valid, final IGD 3.869776)
[2026-09-14 05:06:33] [skip] D:\REMOandDREMO测试集\15目标\REMO_new2_AdaMaO_SDEOnly_UniformMix_Pruned_Weighted\REMO_new2_AdaMaO_SDEOnly_UniformMix_Pruned_Weighted_WFG3_M15_D30_2.mat (valid, final IGD 2.253379)
[2026-09-14 05:06:33] [skip] D:\REMOandDREMO测试集\15目标\REMO_new2_AdaMaO_SDEOnly_UniformMix_Pruned_Weighted\REMO_new2_AdaMaO_SDEOnly_UniformMix_Pruned_Weighted_WFG3_M15_D30_6.mat (valid, final IGD 2.279735)
[2026-09-14 05:06:33] [skip] D:\REMOandDREMO测试集\15目标\REMO_new2_AdaMaO_SDEOnly_UniformMix_Pruned_Weighted\REMO_new2_AdaMaO_SDEOnly_UniformMix_Pruned_Weighted_WFG3_M15_D30_10.mat (valid, final IGD 2.301746)
[2026-09-14 05:06:33] [skip] D:\REMOandDREMO测试集\15目标\REMO_new2_AdaMaO_SDEOnly_UniformMix_Pruned_Weighted\REMO_new2_AdaMaO_SDEOnly_UniformMix_Pruned_Weighted_WFG3_M15_D30_14.mat (valid, final IGD 2.218486)
[2026-09-14 05:06:33] [skip] D:\REMOandDREMO测试集\15目标\REMO_new2_AdaMaO_SDEOnly_UniformMix_Pruned_Weighted\REMO_new2_AdaMaO_SDEOnly_UniformMix_Pruned_Weighted_WFG3_M15_D30_18.mat (valid, final IGD 2.357937)
[2026-09-14 05:06:33] [skip] D:\REMOandDREMO测试集\15目标\REMO_new2_AdaMaO_SDEOnly_UniformMix_Pruned_Weighted\REMO_new2_AdaMaO_SDEOnly_UniformMix_Pruned_Weighted_WFG3_M15_D30_22.mat (valid, final IGD 2.342226)
[2026-09-14 05:06:33] [skip] D:\REMOandDREMO测试集\15目标\REMO_new2_AdaMaO_SDEOnly_UniformMix_Pruned_Weighted\REMO_new2_AdaMaO_SDEOnly_UniformMix_Pruned_Weighted_WFG3_M15_D30_26.mat (valid, final IGD 2.496543)
[2026-09-14 05:06:33] [skip] D:\REMOandDREMO测试集\15目标\REMO_new2_AdaMaO_SDEOnly_UniformMix_Pruned_Weighted\REMO_new2_AdaMaO_SDEOnly_UniformMix_Pruned_Weighted_WFG3_M15_D30_30.mat (valid, final IGD 2.498970)
[2026-09-14 05:06:33] [skip] D:\REMOandDREMO测试集\15目标\REMO_new2_AdaMaO_SDEOnly_UniformMix_Pruned_Weighted\REMO_new2_AdaMaO_SDEOnly_UniformMix_Pruned_Weighted_WFG4_M15_D30_4.mat (valid, final IGD 14.315930)
[2026-09-14 05:06:33] [skip] D:\REMOandDREMO测试集\15目标\REMO_new2_AdaMaO_SDEOnly_UniformMix_Pruned_Weighted\REMO_new2_AdaMaO_SDEOnly_UniformMix_Pruned_Weighted_WFG4_M15_D30_8.mat (valid, final IGD 13.614972)
[2026-09-14 05:06:33] [skip] D:\REMOandDREMO测试集\15目标\REMO_new2_AdaMaO_SDEOnly_UniformMix_Pruned_Weighted\REMO_new2_AdaMaO_SDEOnly_UniformMix_Pruned_Weighted_WFG4_M15_D30_12.mat (valid, final IGD 15.796156)
[2026-09-14 05:06:33] [skip] D:\REMOandDREMO测试集\15目标\REMO_new2_AdaMaO_SDEOnly_UniformMix_Pruned_Weighted\REMO_new2_AdaMaO_SDEOnly_UniformMix_Pruned_Weighted_WFG4_M15_D30_16.mat (valid, final IGD 14.522945)
[2026-09-14 05:06:34] [skip] D:\REMOandDREMO测试集\15目标\REMO_new2_AdaMaO_SDEOnly_UniformMix_Pruned_Weighted\REMO_new2_AdaMaO_SDEOnly_UniformMix_Pruned_Weighted_WFG4_M15_D30_20.mat (valid, final IGD 13.103190)
[2026-09-14 05:06:34] [skip] D:\REMOandDREMO测试集\15目标\REMO_new2_AdaMaO_SDEOnly_UniformMix_Pruned_Weighted\REMO_new2_AdaMaO_SDEOnly_UniformMix_Pruned_Weighted_WFG4_M15_D30_24.mat (valid, final IGD 14.083426)
[2026-09-14 05:06:34] [skip] D:\REMOandDREMO测试集\15目标\REMO_new2_AdaMaO_SDEOnly_UniformMix_Pruned_Weighted\REMO_new2_AdaMaO_SDEOnly_UniformMix_Pruned_Weighted_WFG4_M15_D30_28.mat (valid, final IGD 13.011660)
[2026-09-14 05:06:34] [skip] D:\REMOandDREMO测试集\15目标\REMO_new2_AdaMaO_SDEOnly_UniformMix_Pruned_Weighted\REMO_new2_AdaMaO_SDEOnly_UniformMix_Pruned_Weighted_WFG5_M15_D30_2.mat (valid, final IGD 12.933365)
[2026-09-14 05:06:34] [skip] D:\REMOandDREMO测试集\15目标\REMO_new2_AdaMaO_SDEOnly_UniformMix_Pruned_Weighted\REMO_new2_AdaMaO_SDEOnly_UniformMix_Pruned_Weighted_WFG5_M15_D30_6.mat (valid, final IGD 11.651603)
[2026-09-14 05:06:34] [skip] D:\REMOandDREMO测试集\15目标\REMO_new2_AdaMaO_SDEOnly_UniformMix_Pruned_Weighted\REMO_new2_AdaMaO_SDEOnly_UniformMix_Pruned_Weighted_WFG5_M15_D30_10.mat (valid, final IGD 12.493971)
[2026-09-14 05:06:34] [skip] D:\REMOandDREMO测试集\15目标\REMO_new2_AdaMaO_SDEOnly_UniformMix_Pruned_Weighted\REMO_new2_AdaMaO_SDEOnly_UniformMix_Pruned_Weighted_WFG5_M15_D30_14.mat (valid, final IGD 12.296075)
[2026-09-14 05:06:34] [skip] D:\REMOandDREMO测试集\15目标\REMO_new2_AdaMaO_SDEOnly_UniformMix_Pruned_Weighted\REMO_new2_AdaMaO_SDEOnly_UniformMix_Pruned_Weighted_WFG5_M15_D30_18.mat (valid, final IGD 12.962242)
[2026-09-14 05:06:34] [skip] D:\REMOandDREMO测试集\15目标\REMO_new2_AdaMaO_SDEOnly_UniformMix_Pruned_Weighted\REMO_new2_AdaMaO_SDEOnly_UniformMix_Pruned_Weighted_WFG5_M15_D30_22.mat (valid, final IGD 12.549623)
[2026-09-14 05:06:34] [skip] D:\REMOandDREMO测试集\15目标\REMO_new2_AdaMaO_SDEOnly_UniformMix_Pruned_Weighted\REMO_new2_AdaMaO_SDEOnly_UniformMix_Pruned_Weighted_WFG5_M15_D30_26.mat (valid, final IGD 13.022850)
[2026-09-14 05:06:34] [skip] D:\REMOandDREMO测试集\15目标\REMO_new2_AdaMaO_SDEOnly_UniformMix_Pruned_Weighted\REMO_new2_AdaMaO_SDEOnly_UniformMix_Pruned_Weighted_WFG5_M15_D30_30.mat (valid, final IGD 12.340506)
[2026-09-14 05:06:34] [skip] D:\REMOandDREMO测试集\15目标\REMO_new2_AdaMaO_SDEOnly_UniformMix_Pruned_Weighted\REMO_new2_AdaMaO_SDEOnly_UniformMix_Pruned_Weighted_WFG6_M15_D30_4.mat (valid, final IGD 9.899622)
[2026-09-14 05:06:34] [skip] D:\REMOandDREMO测试集\15目标\REMO_new2_AdaMaO_SDEOnly_UniformMix_Pruned_Weighted\REMO_new2_AdaMaO_SDEOnly_UniformMix_Pruned_Weighted_WFG6_M15_D30_8.mat (valid, final IGD 10.198018)
[2026-09-14 05:06:34] [skip] D:\REMOandDREMO测试集\15目标\REMO_new2_AdaMaO_SDEOnly_UniformMix_Pruned_Weighted\REMO_new2_AdaMaO_SDEOnly_UniformMix_Pruned_Weighted_WFG6_M15_D30_12.mat (valid, final IGD 11.615293)
[2026-09-14 05:06:34] [skip] D:\REMOandDREMO测试集\15目标\REMO_new2_AdaMaO_SDEOnly_UniformMix_Pruned_Weighted\REMO_new2_AdaMaO_SDEOnly_UniformMix_Pruned_Weighted_WFG6_M15_D30_16.mat (valid, final IGD 10.920683)
[2026-09-14 05:06:34] [skip] D:\REMOandDREMO测试集\15目标\REMO_new2_AdaMaO_SDEOnly_UniformMix_Pruned_Weighted\REMO_new2_AdaMaO_SDEOnly_UniformMix_Pruned_Weighted_WFG6_M15_D30_20.mat (valid, final IGD 11.400877)
[2026-09-14 05:06:34] [skip] D:\REMOandDREMO测试集\15目标\REMO_new2_AdaMaO_SDEOnly_UniformMix_Pruned_Weighted\REMO_new2_AdaMaO_SDEOnly_UniformMix_Pruned_Weighted_WFG6_M15_D30_24.mat (valid, final IGD 10.812695)
[2026-09-14 05:06:34] [skip] D:\REMOandDREMO测试集\15目标\REMO_new2_AdaMaO_SDEOnly_UniformMix_Pruned_Weighted\REMO_new2_AdaMaO_SDEOnly_UniformMix_Pruned_Weighted_WFG6_M15_D30_28.mat (valid, final IGD 10.989120)
[2026-09-14 05:06:34] [skip] D:\REMOandDREMO测试集\15目标\REMO_new2_AdaMaO_SDEOnly_UniformMix_Pruned_Weighted\REMO_new2_AdaMaO_SDEOnly_UniformMix_Pruned_Weighted_WFG7_M15_D30_2.mat (valid, final IGD 9.895626)
[2026-09-14 05:06:34] [skip] D:\REMOandDREMO测试集\15目标\REMO_new2_AdaMaO_SDEOnly_UniformMix_Pruned_Weighted\REMO_new2_AdaMaO_SDEOnly_UniformMix_Pruned_Weighted_WFG7_M15_D30_6.mat (valid, final IGD 10.777754)
[2026-09-14 05:06:34] [skip] D:\REMOandDREMO测试集\15目标\REMO_new2_AdaMaO_SDEOnly_UniformMix_Pruned_Weighted\REMO_new2_AdaMaO_SDEOnly_UniformMix_Pruned_Weighted_WFG7_M15_D30_10.mat (valid, final IGD 12.026824)
[2026-09-14 05:06:34] [skip] D:\REMOandDREMO测试集\15目标\REMO_new2_AdaMaO_SDEOnly_UniformMix_Pruned_Weighted\REMO_new2_AdaMaO_SDEOnly_UniformMix_Pruned_Weighted_WFG7_M15_D30_14.mat (valid, final IGD 11.693995)
[2026-09-14 05:06:34] [skip] D:\REMOandDREMO测试集\15目标\REMO_new2_AdaMaO_SDEOnly_UniformMix_Pruned_Weighted\REMO_new2_AdaMaO_SDEOnly_UniformMix_Pruned_Weighted_WFG7_M15_D30_18.mat (valid, final IGD 13.420211)
[2026-09-14 05:06:34] [skip] D:\REMOandDREMO测试集\15目标\REMO_new2_AdaMaO_SDEOnly_UniformMix_Pruned_Weighted\REMO_new2_AdaMaO_SDEOnly_UniformMix_Pruned_Weighted_WFG7_M15_D30_22.mat (valid, final IGD 12.851361)
[2026-09-14 05:06:34] [skip] D:\REMOandDREMO测试集\15目标\REMO_new2_AdaMaO_SDEOnly_UniformMix_Pruned_Weighted\REMO_new2_AdaMaO_SDEOnly_UniformMix_Pruned_Weighted_WFG7_M15_D30_26.mat (valid, final IGD 12.634284)
[2026-09-14 05:06:34] [skip] D:\REMOandDREMO测试集\15目标\REMO_new2_AdaMaO_SDEOnly_UniformMix_Pruned_Weighted\REMO_new2_AdaMaO_SDEOnly_UniformMix_Pruned_Weighted_WFG7_M15_D30_30.mat (valid, final IGD 10.066158)
[2026-09-14 05:06:34] [skip] D:\REMOandDREMO测试集\15目标\REMO_new2_AdaMaO_SDEOnly_UniformMix_Pruned_Weighted\REMO_new2_AdaMaO_SDEOnly_UniformMix_Pruned_Weighted_WFG8_M15_D30_4.mat (valid, final IGD 10.361866)
[2026-09-14 05:06:34] [skip] D:\REMOandDREMO测试集\15目标\REMO_new2_AdaMaO_SDEOnly_UniformMix_Pruned_Weighted\REMO_new2_AdaMaO_SDEOnly_UniformMix_Pruned_Weighted_WFG8_M15_D30_8.mat (valid, final IGD 12.454571)
[2026-09-14 05:06:34] [skip] D:\REMOandDREMO测试集\15目标\REMO_new2_AdaMaO_SDEOnly_UniformMix_Pruned_Weighted\REMO_new2_AdaMaO_SDEOnly_UniformMix_Pruned_Weighted_WFG8_M15_D30_12.mat (valid, final IGD 10.838664)
[2026-09-14 05:06:34] [skip] D:\REMOandDREMO测试集\15目标\REMO_new2_AdaMaO_SDEOnly_UniformMix_Pruned_Weighted\REMO_new2_AdaMaO_SDEOnly_UniformMix_Pruned_Weighted_WFG8_M15_D30_16.mat (valid, final IGD 12.551480)
[2026-09-14 05:06:34] [skip] D:\REMOandDREMO测试集\15目标\REMO_new2_AdaMaO_SDEOnly_UniformMix_Pruned_Weighted\REMO_new2_AdaMaO_SDEOnly_UniformMix_Pruned_Weighted_WFG8_M15_D30_20.mat (valid, final IGD 11.306511)
[2026-09-14 05:06:34] [skip] D:\REMOandDREMO测试集\15目标\REMO_new2_AdaMaO_SDEOnly_UniformMix_Pruned_Weighted\REMO_new2_AdaMaO_SDEOnly_UniformMix_Pruned_Weighted_WFG8_M15_D30_24.mat (valid, final IGD 10.813574)
[2026-09-14 05:06:34] [skip] D:\REMOandDREMO测试集\15目标\REMO_new2_AdaMaO_SDEOnly_UniformMix_Pruned_Weighted\REMO_new2_AdaMaO_SDEOnly_UniformMix_Pruned_Weighted_WFG8_M15_D30_28.mat (valid, final IGD 11.532587)
[2026-09-14 05:06:34] [skip] D:\REMOandDREMO测试集\15目标\REMO_new2_AdaMaO_SDEOnly_UniformMix_Pruned_Weighted\REMO_new2_AdaMaO_SDEOnly_UniformMix_Pruned_Weighted_WFG9_M15_D30_2.mat (valid, final IGD 12.725015)
[2026-09-14 05:06:34] [skip] D:\REMOandDREMO测试集\15目标\REMO_new2_AdaMaO_SDEOnly_UniformMix_Pruned_Weighted\REMO_new2_AdaMaO_SDEOnly_UniformMix_Pruned_Weighted_WFG9_M15_D30_6.mat (valid, final IGD 13.090858)
[2026-09-14 05:06:34] [skip] D:\REMOandDREMO测试集\15目标\REMO_new2_AdaMaO_SDEOnly_UniformMix_Pruned_Weighted\REMO_new2_AdaMaO_SDEOnly_UniformMix_Pruned_Weighted_WFG9_M15_D30_10.mat (valid, final IGD 12.614599)
[2026-09-14 05:06:34] [skip] D:\REMOandDREMO测试集\15目标\REMO_new2_AdaMaO_SDEOnly_UniformMix_Pruned_Weighted\REMO_new2_AdaMaO_SDEOnly_UniformMix_Pruned_Weighted_WFG9_M15_D30_14.mat (valid, final IGD 15.245254)
[2026-09-14 05:06:34] [skip] D:\REMOandDREMO测试集\15目标\REMO_new2_AdaMaO_SDEOnly_UniformMix_Pruned_Weighted\REMO_new2_AdaMaO_SDEOnly_UniformMix_Pruned_Weighted_WFG9_M15_D30_18.mat (valid, final IGD 13.340774)
[2026-09-14 05:06:34] [skip] D:\REMOandDREMO测试集\15目标\REMO_new2_AdaMaO_SDEOnly_UniformMix_Pruned_Weighted\REMO_new2_AdaMaO_SDEOnly_UniformMix_Pruned_Weighted_WFG9_M15_D30_22.mat (valid, final IGD 16.079577)
[2026-09-14 05:06:34] [skip] D:\REMOandDREMO测试集\15目标\REMO_new2_AdaMaO_SDEOnly_UniformMix_Pruned_Weighted\REMO_new2_AdaMaO_SDEOnly_UniformMix_Pruned_Weighted_WFG9_M15_D30_26.mat (valid, final IGD 11.909887)
[2026-09-14 05:06:34] [skip] D:\REMOandDREMO测试集\15目标\REMO_new2_AdaMaO_SDEOnly_UniformMix_Pruned_Weighted\REMO_new2_AdaMaO_SDEOnly_UniformMix_Pruned_Weighted_WFG9_M15_D30_30.mat (valid, final IGD 13.936108)
[2026-09-14 05:06:34] ==== part 2/4 done: 68 runs (68 skipped) in 29.7 s (0.0 h) ====
[2026-09-14 05:06:35] Summary CSV: D:\REMOandDREMO测试集\15目标\REMO_new2_AdaMaO_SDEOnly_UniformMix_Pruned_Weighted\_runlog_part2of4.csv

ans = 

  包含以下字段的 1x68 struct 数组:

    Problem
    Run
    File
    Status
    IGD
    Runtime
    FE
    D
    Seed
    Seconds

[2026-09-14 05:06:38] part 2 attempt 1 exited rc=0
[2026-09-14 05:06:39] part 2 COMPLETE after 1 attempt(s)
[2026-09-14 05:06:40] part 2 attempt 1 launching MATLAB (alg=REMO_new2_AdaMaO_SDEOnly_UniformMix_Pruned_Weighted params=3000,0.50,0.25,0.70,6 func=run_WeightedWFG_M8D10)
[2026-09-14 05:06:46] PlatEMO root: D:\PlatEMO-master\PlatEMO-master\PlatEMO
[2026-09-14 05:06:52] WFG1: M=8 D=10 maxFE=300 (canonical index 8)
[2026-09-14 05:06:55] WFG2: M=8 D=11 maxFE=300 (canonical index 9)
[2026-09-14 05:06:55] WFG3: M=8 D=11 maxFE=300 (canonical index 10)
[2026-09-14 05:06:55] WFG4: M=8 D=10 maxFE=300 (canonical index 11)
[2026-09-14 05:06:55] WFG5: M=8 D=10 maxFE=300 (canonical index 12)
[2026-09-14 05:06:55] WFG6: M=8 D=10 maxFE=300 (canonical index 13)
[2026-09-14 05:06:55] WFG7: M=8 D=10 maxFE=300 (canonical index 14)
[2026-09-14 05:06:55] WFG8: M=8 D=10 maxFE=300 (canonical index 15)
[2026-09-14 05:06:55] WFG9: M=8 D=10 maxFE=300 (canonical index 16)
[2026-09-14 05:06:55] Algorithm REMO_new2_AdaMaO_SDEOnly_UniformMix_Pruned_Weighted | parameters [3000            0.5           0.25            0.7              6]
[2026-09-14 05:06:55] SaveCount 30 | Runs 30 | M 8 | requested D 10 | N 100 | maxFE 300 | modeRunId 1 | seedBase 20260912
[2026-09-14 05:06:55] Slice 2/4 -> 68 of 270 jobs
[2026-09-14 05:06:57] [skip] D:\REMOandDREMO测试集\8目标\n10\REMO_new2_AdaMaO_SDEOnly_UniformMix_Pruned_Weighted\REMO_new2_AdaMaO_SDEOnly_UniformMix_Pruned_Weighted_WFG1_M8_D10_2.mat (valid, final IGD 2.850363)
[2026-09-14 05:06:59] [skip] D:\REMOandDREMO测试集\8目标\n10\REMO_new2_AdaMaO_SDEOnly_UniformMix_Pruned_Weighted\REMO_new2_AdaMaO_SDEOnly_UniformMix_Pruned_Weighted_WFG1_M8_D10_6.mat (valid, final IGD 2.787876)
[2026-09-14 05:08:44] [done] WFG1 run 10 seed 21068922 | IGD first 3.23386 -> final 2.69213 | runtime 101.6s | wall 102.5s | ok
[2026-09-14 05:10:29] [done] WFG1 run 14 seed 21068926 | IGD first 3.22554 -> final 2.75135 | runtime 104.2s | wall 104.6s | ok
[2026-09-14 05:12:11] [done] WFG1 run 18 seed 21068930 | IGD first 3.21767 -> final 2.71424 | runtime 100.9s | wall 101.3s | ok
[2026-09-14 05:13:47] [done] WFG1 run 22 seed 21068934 | IGD first 3.1868 -> final 2.74417 | runtime 94.3s | wall 94.7s | ok
[2026-09-14 05:15:27] [done] WFG1 run 26 seed 21068938 | IGD first 3.14279 -> final 2.76824 | runtime 99.5s | wall 99.9s | ok
[2026-09-14 05:17:09] [done] WFG1 run 30 seed 21068942 | IGD first 3.12384 -> final 2.75189 | runtime 100.6s | wall 100.9s | ok
[2026-09-14 05:19:05] [done] WFG2 run 4 seed 21069916 | IGD first 3.44121 -> final 1.44358 | runtime 114.0s | wall 114.4s | ok
[2026-09-14 05:20:57] [done] WFG2 run 8 seed 21069920 | IGD first 2.94247 -> final 1.13764 | runtime 110.5s | wall 110.8s | ok
[2026-09-14 05:22:50] [done] WFG2 run 12 seed 21069924 | IGD first 3.52545 -> final 1.62186 | runtime 111.8s | wall 112.1s | ok
[2026-09-14 05:24:44] [done] WFG2 run 16 seed 21069928 | IGD first 2.9578 -> final 1.12587 | runtime 113.0s | wall 113.3s | ok
[2026-09-14 05:26:37] [done] WFG2 run 20 seed 21069932 | IGD first 3.88986 -> final 1.38251 | runtime 111.6s | wall 112.0s | ok
[2026-09-14 05:28:30] [done] WFG2 run 24 seed 21069936 | IGD first 3.41003 -> final 1.1265 | runtime 111.1s | wall 111.4s | ok
[2026-09-14 05:30:22] [done] WFG2 run 28 seed 21069940 | IGD first 3.73673 -> final 1.2225 | runtime 111.1s | wall 111.4s | ok
[2026-09-14 05:32:09] [done] WFG3 run 2 seed 21070914 | IGD first 1.12532 -> final 1.09836 | runtime 105.9s | wall 106.4s | ok
[2026-09-14 05:33:55] [done] WFG3 run 6 seed 21070918 | IGD first 1.17065 -> final 1.09369 | runtime 105.6s | wall 106.1s | ok
[2026-09-14 05:35:47] [done] WFG3 run 10 seed 21070922 | IGD first 1.20645 -> final 0.974361 | runtime 111.4s | wall 111.8s | ok
[2026-09-14 05:37:32] [done] WFG3 run 14 seed 21070926 | IGD first 1.31946 -> final 1.24781 | runtime 104.5s | wall 104.9s | ok
[2026-09-14 05:39:21] [done] WFG3 run 18 seed 21070930 | IGD first 1.22097 -> final 1.10668 | runtime 108.8s | wall 109.2s | ok
[2026-09-14 05:41:12] [done] WFG3 run 22 seed 21070934 | IGD first 1.15035 -> final 1.02332 | runtime 111.0s | wall 111.4s | ok
[2026-09-14 05:43:06] [done] WFG3 run 26 seed 21070938 | IGD first 1.07699 -> final 0.866995 | runtime 113.0s | wall 113.4s | ok
[2026-09-14 05:44:52] [done] WFG3 run 30 seed 21070942 | IGD first 1.19656 -> final 1.00473 | runtime 106.2s | wall 106.7s | ok
[2026-09-14 05:46:31] [done] WFG4 run 4 seed 21071916 | IGD first 7.18095 -> final 3.41861 | runtime 98.7s | wall 99.1s | ok
[2026-09-14 05:48:10] [done] WFG4 run 8 seed 21071920 | IGD first 7.3057 -> final 3.35606 | runtime 98.3s | wall 98.7s | ok
[2026-09-14 05:49:49] [done] WFG4 run 12 seed 21071924 | IGD first 6.86002 -> final 3.33668 | runtime 98.6s | wall 99.0s | ok
[2026-09-14 05:51:30] [done] WFG4 run 16 seed 21071928 | IGD first 8.0221 -> final 3.3467 | runtime 100.7s | wall 101.1s | ok
[2026-09-14 05:53:11] [done] WFG4 run 20 seed 21071932 | IGD first 7.88217 -> final 4.03654 | runtime 100.7s | wall 101.1s | ok
[2026-09-14 05:54:53] [done] WFG4 run 24 seed 21071936 | IGD first 6.89476 -> final 3.66814 | runtime 101.7s | wall 102.1s | ok
[2026-09-14 05:56:34] [done] WFG4 run 28 seed 21071940 | IGD first 7.02751 -> final 3.98139 | runtime 100.5s | wall 100.8s | ok
[2026-09-14 05:58:13] [done] WFG5 run 2 seed 21072914 | IGD first 5.50343 -> final 4.36817 | runtime 98.1s | wall 98.5s | ok
[2026-09-14 05:59:55] [done] WFG5 run 6 seed 21072918 | IGD first 5.87061 -> final 3.45101 | runtime 102.2s | wall 102.6s | ok
[2026-09-14 06:01:40] [done] WFG5 run 10 seed 21072922 | IGD first 5.45112 -> final 3.40796 | runtime 104.0s | wall 104.4s | ok
[2026-09-14 06:03:21] [done] WFG5 run 14 seed 21072926 | IGD first 5.60641 -> final 3.3744 | runtime 100.7s | wall 101.1s | ok
[2026-09-14 06:05:01] [done] WFG5 run 18 seed 21072930 | IGD first 5.50075 -> final 3.90941 | runtime 99.5s | wall 99.9s | ok
[2026-09-14 06:06:42] [done] WFG5 run 22 seed 21072934 | IGD first 5.32398 -> final 3.36107 | runtime 101.0s | wall 101.4s | ok
[2026-09-14 06:08:27] [done] WFG5 run 26 seed 21072938 | IGD first 5.53808 -> final 3.55171 | runtime 104.4s | wall 104.7s | ok
[2026-09-14 06:10:05] [done] WFG5 run 30 seed 21072942 | IGD first 5.41984 -> final 3.57441 | runtime 98.0s | wall 98.3s | ok
[2026-09-14 06:11:42] [done] WFG6 run 4 seed 21073916 | IGD first 6.06476 -> final 3.4017 | runtime 96.3s | wall 96.7s | ok
[2026-09-14 06:13:20] [done] WFG6 run 8 seed 21073920 | IGD first 5.65053 -> final 3.50915 | runtime 98.0s | wall 98.4s | ok
[2026-09-14 06:15:01] [done] WFG6 run 12 seed 21073924 | IGD first 5.41316 -> final 3.61181 | runtime 100.0s | wall 100.3s | ok
[2026-09-14 06:16:41] [done] WFG6 run 16 seed 21073928 | IGD first 5.71469 -> final 3.48915 | runtime 99.6s | wall 100.0s | ok
[2026-09-14 06:18:19] [done] WFG6 run 20 seed 21073932 | IGD first 5.52916 -> final 3.40471 | runtime 98.2s | wall 98.5s | ok
[2026-09-14 06:19:59] [done] WFG6 run 24 seed 21073936 | IGD first 5.90582 -> final 3.4428 | runtime 99.5s | wall 99.9s | ok
[2026-09-14 06:21:39] [done] WFG6 run 28 seed 21073940 | IGD first 5.84175 -> final 3.35687 | runtime 99.8s | wall 100.2s | ok
[2026-09-14 06:23:20] [done] WFG7 run 2 seed 21074914 | IGD first 6.70719 -> final 4.10481 | runtime 100.2s | wall 100.6s | ok
[2026-09-14 06:25:03] [done] WFG7 run 6 seed 21074918 | IGD first 5.91173 -> final 3.91506 | runtime 103.0s | wall 103.4s | ok
[2026-09-14 06:26:48] [done] WFG7 run 10 seed 21074922 | IGD first 6.09102 -> final 3.63406 | runtime 104.1s | wall 104.4s | ok
[2026-09-14 06:28:27] [done] WFG7 run 14 seed 21074926 | IGD first 5.79547 -> final 3.87611 | runtime 99.4s | wall 99.8s | ok
[2026-09-14 06:30:10] [done] WFG7 run 18 seed 21074930 | IGD first 6.45986 -> final 3.5653 | runtime 101.9s | wall 102.3s | ok
[2026-09-14 06:31:47] [done] WFG7 run 22 seed 21074934 | IGD first 6.26816 -> final 3.48971 | runtime 96.8s | wall 97.2s | ok
[2026-09-14 06:33:28] [done] WFG7 run 26 seed 21074938 | IGD first 5.90882 -> final 3.63709 | runtime 100.8s | wall 101.2s | ok
[2026-09-14 07:37:33] part 2 attempt 1 launching MATLAB (alg=REMO_new2_AdaMaO_SDEOnly_UniformMix_Pruned_Weighted params=3000,0.50,0.25,0.70,6 func=run_WeightedWFG_M15)
[2026-09-14 07:37:40] PlatEMO root: D:\PlatEMO-master\PlatEMO-master\PlatEMO
[2026-09-14 07:37:47] WFG1: M=15 D=30 maxFE=300 (canonical index 8)
[2026-09-14 07:37:49] WFG2: M=15 D=30 maxFE=300 (canonical index 9)
[2026-09-14 07:37:49] WFG3: M=15 D=30 maxFE=300 (canonical index 10)
[2026-09-14 07:37:49] WFG4: M=15 D=30 maxFE=300 (canonical index 11)
[2026-09-14 07:37:49] WFG5: M=15 D=30 maxFE=300 (canonical index 12)
[2026-09-14 07:37:49] WFG6: M=15 D=30 maxFE=300 (canonical index 13)
[2026-09-14 07:37:49] WFG7: M=15 D=30 maxFE=300 (canonical index 14)
[2026-09-14 07:37:49] WFG8: M=15 D=30 maxFE=300 (canonical index 15)
[2026-09-14 07:37:49] WFG9: M=15 D=30 maxFE=300 (canonical index 16)
[2026-09-14 07:37:49] Algorithm REMO_new2_AdaMaO_SDEOnly_UniformMix_Pruned_Weighted | parameters [3000            0.5           0.25            0.7              6]
[2026-09-14 07:37:49] SaveCount 30 | Runs 30 | M 15 | requested D 30 | N 100 | maxFE 300 | modeRunId 1 | seedBase 20260912
[2026-09-14 07:37:49] Slice 2/4 -> 68 of 270 jobs
[2026-09-14 07:37:51] [skip] D:\REMOandDREMO测试集\15目标\REMO_new2_AdaMaO_SDEOnly_UniformMix_Pruned_Weighted\REMO_new2_AdaMaO_SDEOnly_UniformMix_Pruned_Weighted_WFG1_M15_D30_2.mat (valid, final IGD 4.193149)
[2026-09-14 07:37:53] [skip] D:\REMOandDREMO测试集\15目标\REMO_new2_AdaMaO_SDEOnly_UniformMix_Pruned_Weighted\REMO_new2_AdaMaO_SDEOnly_UniformMix_Pruned_Weighted_WFG1_M15_D30_6.mat (valid, final IGD 4.137487)
[2026-09-14 07:37:55] [skip] D:\REMOandDREMO测试集\15目标\REMO_new2_AdaMaO_SDEOnly_UniformMix_Pruned_Weighted\REMO_new2_AdaMaO_SDEOnly_UniformMix_Pruned_Weighted_WFG1_M15_D30_10.mat (valid, final IGD 4.130725)
[2026-09-14 07:37:57] [skip] D:\REMOandDREMO测试集\15目标\REMO_new2_AdaMaO_SDEOnly_UniformMix_Pruned_Weighted\REMO_new2_AdaMaO_SDEOnly_UniformMix_Pruned_Weighted_WFG1_M15_D30_14.mat (valid, final IGD 4.144657)
[2026-09-14 07:37:59] [skip] D:\REMOandDREMO测试集\15目标\REMO_new2_AdaMaO_SDEOnly_UniformMix_Pruned_Weighted\REMO_new2_AdaMaO_SDEOnly_UniformMix_Pruned_Weighted_WFG1_M15_D30_18.mat (valid, final IGD 4.160492)
[2026-09-14 07:38:01] [skip] D:\REMOandDREMO测试集\15目标\REMO_new2_AdaMaO_SDEOnly_UniformMix_Pruned_Weighted\REMO_new2_AdaMaO_SDEOnly_UniformMix_Pruned_Weighted_WFG1_M15_D30_22.mat (valid, final IGD 4.070763)
[2026-09-14 07:38:02] [skip] D:\REMOandDREMO测试集\15目标\REMO_new2_AdaMaO_SDEOnly_UniformMix_Pruned_Weighted\REMO_new2_AdaMaO_SDEOnly_UniformMix_Pruned_Weighted_WFG1_M15_D30_26.mat (valid, final IGD 4.018221)
[2026-09-14 07:38:04] [skip] D:\REMOandDREMO测试集\15目标\REMO_new2_AdaMaO_SDEOnly_UniformMix_Pruned_Weighted\REMO_new2_AdaMaO_SDEOnly_UniformMix_Pruned_Weighted_WFG1_M15_D30_30.mat (valid, final IGD 4.184603)
[2026-09-14 07:38:07] [skip] D:\REMOandDREMO测试集\15目标\REMO_new2_AdaMaO_SDEOnly_UniformMix_Pruned_Weighted\REMO_new2_AdaMaO_SDEOnly_UniformMix_Pruned_Weighted_WFG2_M15_D30_4.mat (valid, final IGD 3.521932)
[2026-09-14 07:38:09] [skip] D:\REMOandDREMO测试集\15目标\REMO_new2_AdaMaO_SDEOnly_UniformMix_Pruned_Weighted\REMO_new2_AdaMaO_SDEOnly_UniformMix_Pruned_Weighted_WFG2_M15_D30_8.mat (valid, final IGD 2.999122)
[2026-09-14 07:38:12] [skip] D:\REMOandDREMO测试集\15目标\REMO_new2_AdaMaO_SDEOnly_UniformMix_Pruned_Weighted\REMO_new2_AdaMaO_SDEOnly_UniformMix_Pruned_Weighted_WFG2_M15_D30_12.mat (valid, final IGD 2.933271)
[2026-09-14 07:38:14] [skip] D:\REMOandDREMO测试集\15目标\REMO_new2_AdaMaO_SDEOnly_UniformMix_Pruned_Weighted\REMO_new2_AdaMaO_SDEOnly_UniformMix_Pruned_Weighted_WFG2_M15_D30_16.mat (valid, final IGD 3.337654)
[2026-09-14 07:38:16] [skip] D:\REMOandDREMO测试集\15目标\REMO_new2_AdaMaO_SDEOnly_UniformMix_Pruned_Weighted\REMO_new2_AdaMaO_SDEOnly_UniformMix_Pruned_Weighted_WFG2_M15_D30_20.mat (valid, final IGD 2.827978)
[2026-09-14 07:38:18] [skip] D:\REMOandDREMO测试集\15目标\REMO_new2_AdaMaO_SDEOnly_UniformMix_Pruned_Weighted\REMO_new2_AdaMaO_SDEOnly_UniformMix_Pruned_Weighted_WFG2_M15_D30_24.mat (valid, final IGD 4.549804)
[2026-09-14 07:38:20] [skip] D:\REMOandDREMO测试集\15目标\REMO_new2_AdaMaO_SDEOnly_UniformMix_Pruned_Weighted\REMO_new2_AdaMaO_SDEOnly_UniformMix_Pruned_Weighted_WFG2_M15_D30_28.mat (valid, final IGD 3.869776)
[2026-09-14 07:38:20] [skip] D:\REMOandDREMO测试集\15目标\REMO_new2_AdaMaO_SDEOnly_UniformMix_Pruned_Weighted\REMO_new2_AdaMaO_SDEOnly_UniformMix_Pruned_Weighted_WFG3_M15_D30_2.mat (valid, final IGD 2.253379)
[2026-09-14 07:38:20] [skip] D:\REMOandDREMO测试集\15目标\REMO_new2_AdaMaO_SDEOnly_UniformMix_Pruned_Weighted\REMO_new2_AdaMaO_SDEOnly_UniformMix_Pruned_Weighted_WFG3_M15_D30_6.mat (valid, final IGD 2.279735)
[2026-09-14 07:38:20] [skip] D:\REMOandDREMO测试集\15目标\REMO_new2_AdaMaO_SDEOnly_UniformMix_Pruned_Weighted\REMO_new2_AdaMaO_SDEOnly_UniformMix_Pruned_Weighted_WFG3_M15_D30_10.mat (valid, final IGD 2.301746)
[2026-09-14 07:38:20] [skip] D:\REMOandDREMO测试集\15目标\REMO_new2_AdaMaO_SDEOnly_UniformMix_Pruned_Weighted\REMO_new2_AdaMaO_SDEOnly_UniformMix_Pruned_Weighted_WFG3_M15_D30_14.mat (valid, final IGD 2.218486)
[2026-09-14 07:38:20] [skip] D:\REMOandDREMO测试集\15目标\REMO_new2_AdaMaO_SDEOnly_UniformMix_Pruned_Weighted\REMO_new2_AdaMaO_SDEOnly_UniformMix_Pruned_Weighted_WFG3_M15_D30_18.mat (valid, final IGD 2.357937)
[2026-09-14 07:38:20] [skip] D:\REMOandDREMO测试集\15目标\REMO_new2_AdaMaO_SDEOnly_UniformMix_Pruned_Weighted\REMO_new2_AdaMaO_SDEOnly_UniformMix_Pruned_Weighted_WFG3_M15_D30_22.mat (valid, final IGD 2.342226)
[2026-09-14 07:38:20] [skip] D:\REMOandDREMO测试集\15目标\REMO_new2_AdaMaO_SDEOnly_UniformMix_Pruned_Weighted\REMO_new2_AdaMaO_SDEOnly_UniformMix_Pruned_Weighted_WFG3_M15_D30_26.mat (valid, final IGD 2.496543)
[2026-09-14 07:38:20] [skip] D:\REMOandDREMO测试集\15目标\REMO_new2_AdaMaO_SDEOnly_UniformMix_Pruned_Weighted\REMO_new2_AdaMaO_SDEOnly_UniformMix_Pruned_Weighted_WFG3_M15_D30_30.mat (valid, final IGD 2.498970)
[2026-09-14 07:38:20] [skip] D:\REMOandDREMO测试集\15目标\REMO_new2_AdaMaO_SDEOnly_UniformMix_Pruned_Weighted\REMO_new2_AdaMaO_SDEOnly_UniformMix_Pruned_Weighted_WFG4_M15_D30_4.mat (valid, final IGD 14.315930)
[2026-09-14 07:38:20] [skip] D:\REMOandDREMO测试集\15目标\REMO_new2_AdaMaO_SDEOnly_UniformMix_Pruned_Weighted\REMO_new2_AdaMaO_SDEOnly_UniformMix_Pruned_Weighted_WFG4_M15_D30_8.mat (valid, final IGD 13.614972)
[2026-09-14 07:38:20] [skip] D:\REMOandDREMO测试集\15目标\REMO_new2_AdaMaO_SDEOnly_UniformMix_Pruned_Weighted\REMO_new2_AdaMaO_SDEOnly_UniformMix_Pruned_Weighted_WFG4_M15_D30_12.mat (valid, final IGD 15.796156)
[2026-09-14 07:38:20] [skip] D:\REMOandDREMO测试集\15目标\REMO_new2_AdaMaO_SDEOnly_UniformMix_Pruned_Weighted\REMO_new2_AdaMaO_SDEOnly_UniformMix_Pruned_Weighted_WFG4_M15_D30_16.mat (valid, final IGD 14.522945)
[2026-09-14 07:38:20] [skip] D:\REMOandDREMO测试集\15目标\REMO_new2_AdaMaO_SDEOnly_UniformMix_Pruned_Weighted\REMO_new2_AdaMaO_SDEOnly_UniformMix_Pruned_Weighted_WFG4_M15_D30_20.mat (valid, final IGD 13.103190)
[2026-09-14 07:38:20] [skip] D:\REMOandDREMO测试集\15目标\REMO_new2_AdaMaO_SDEOnly_UniformMix_Pruned_Weighted\REMO_new2_AdaMaO_SDEOnly_UniformMix_Pruned_Weighted_WFG4_M15_D30_24.mat (valid, final IGD 14.083426)
[2026-09-14 07:38:20] [skip] D:\REMOandDREMO测试集\15目标\REMO_new2_AdaMaO_SDEOnly_UniformMix_Pruned_Weighted\REMO_new2_AdaMaO_SDEOnly_UniformMix_Pruned_Weighted_WFG4_M15_D30_28.mat (valid, final IGD 13.011660)
[2026-09-14 07:38:20] [skip] D:\REMOandDREMO测试集\15目标\REMO_new2_AdaMaO_SDEOnly_UniformMix_Pruned_Weighted\REMO_new2_AdaMaO_SDEOnly_UniformMix_Pruned_Weighted_WFG5_M15_D30_2.mat (valid, final IGD 12.933365)
[2026-09-14 07:38:20] [skip] D:\REMOandDREMO测试集\15目标\REMO_new2_AdaMaO_SDEOnly_UniformMix_Pruned_Weighted\REMO_new2_AdaMaO_SDEOnly_UniformMix_Pruned_Weighted_WFG5_M15_D30_6.mat (valid, final IGD 11.651603)
[2026-09-14 07:38:20] [skip] D:\REMOandDREMO测试集\15目标\REMO_new2_AdaMaO_SDEOnly_UniformMix_Pruned_Weighted\REMO_new2_AdaMaO_SDEOnly_UniformMix_Pruned_Weighted_WFG5_M15_D30_10.mat (valid, final IGD 12.493971)
[2026-09-14 07:38:20] [skip] D:\REMOandDREMO测试集\15目标\REMO_new2_AdaMaO_SDEOnly_UniformMix_Pruned_Weighted\REMO_new2_AdaMaO_SDEOnly_UniformMix_Pruned_Weighted_WFG5_M15_D30_14.mat (valid, final IGD 12.296075)
[2026-09-14 07:38:20] [skip] D:\REMOandDREMO测试集\15目标\REMO_new2_AdaMaO_SDEOnly_UniformMix_Pruned_Weighted\REMO_new2_AdaMaO_SDEOnly_UniformMix_Pruned_Weighted_WFG5_M15_D30_18.mat (valid, final IGD 12.962242)
[2026-09-14 07:38:20] [skip] D:\REMOandDREMO测试集\15目标\REMO_new2_AdaMaO_SDEOnly_UniformMix_Pruned_Weighted\REMO_new2_AdaMaO_SDEOnly_UniformMix_Pruned_Weighted_WFG5_M15_D30_22.mat (valid, final IGD 12.549623)
[2026-09-14 07:38:20] [skip] D:\REMOandDREMO测试集\15目标\REMO_new2_AdaMaO_SDEOnly_UniformMix_Pruned_Weighted\REMO_new2_AdaMaO_SDEOnly_UniformMix_Pruned_Weighted_WFG5_M15_D30_26.mat (valid, final IGD 13.022850)
[2026-09-14 07:38:20] [skip] D:\REMOandDREMO测试集\15目标\REMO_new2_AdaMaO_SDEOnly_UniformMix_Pruned_Weighted\REMO_new2_AdaMaO_SDEOnly_UniformMix_Pruned_Weighted_WFG5_M15_D30_30.mat (valid, final IGD 12.340506)
[2026-09-14 07:38:20] [skip] D:\REMOandDREMO测试集\15目标\REMO_new2_AdaMaO_SDEOnly_UniformMix_Pruned_Weighted\REMO_new2_AdaMaO_SDEOnly_UniformMix_Pruned_Weighted_WFG6_M15_D30_4.mat (valid, final IGD 9.899622)
[2026-09-14 07:38:20] [skip] D:\REMOandDREMO测试集\15目标\REMO_new2_AdaMaO_SDEOnly_UniformMix_Pruned_Weighted\REMO_new2_AdaMaO_SDEOnly_UniformMix_Pruned_Weighted_WFG6_M15_D30_8.mat (valid, final IGD 10.198018)
[2026-09-14 07:38:20] [skip] D:\REMOandDREMO测试集\15目标\REMO_new2_AdaMaO_SDEOnly_UniformMix_Pruned_Weighted\REMO_new2_AdaMaO_SDEOnly_UniformMix_Pruned_Weighted_WFG6_M15_D30_12.mat (valid, final IGD 11.615293)
[2026-09-14 07:38:20] [skip] D:\REMOandDREMO测试集\15目标\REMO_new2_AdaMaO_SDEOnly_UniformMix_Pruned_Weighted\REMO_new2_AdaMaO_SDEOnly_UniformMix_Pruned_Weighted_WFG6_M15_D30_16.mat (valid, final IGD 10.920683)
[2026-09-14 07:38:20] [skip] D:\REMOandDREMO测试集\15目标\REMO_new2_AdaMaO_SDEOnly_UniformMix_Pruned_Weighted\REMO_new2_AdaMaO_SDEOnly_UniformMix_Pruned_Weighted_WFG6_M15_D30_20.mat (valid, final IGD 11.400877)
[2026-09-14 07:38:20] [skip] D:\REMOandDREMO测试集\15目标\REMO_new2_AdaMaO_SDEOnly_UniformMix_Pruned_Weighted\REMO_new2_AdaMaO_SDEOnly_UniformMix_Pruned_Weighted_WFG6_M15_D30_24.mat (valid, final IGD 10.812695)
[2026-09-14 07:38:20] [skip] D:\REMOandDREMO测试集\15目标\REMO_new2_AdaMaO_SDEOnly_UniformMix_Pruned_Weighted\REMO_new2_AdaMaO_SDEOnly_UniformMix_Pruned_Weighted_WFG6_M15_D30_28.mat (valid, final IGD 10.989120)
[2026-09-14 07:38:20] [skip] D:\REMOandDREMO测试集\15目标\REMO_new2_AdaMaO_SDEOnly_UniformMix_Pruned_Weighted\REMO_new2_AdaMaO_SDEOnly_UniformMix_Pruned_Weighted_WFG7_M15_D30_2.mat (valid, final IGD 9.895626)
[2026-09-14 07:38:20] [skip] D:\REMOandDREMO测试集\15目标\REMO_new2_AdaMaO_SDEOnly_UniformMix_Pruned_Weighted\REMO_new2_AdaMaO_SDEOnly_UniformMix_Pruned_Weighted_WFG7_M15_D30_6.mat (valid, final IGD 10.777754)
[2026-09-14 07:38:20] [skip] D:\REMOandDREMO测试集\15目标\REMO_new2_AdaMaO_SDEOnly_UniformMix_Pruned_Weighted\REMO_new2_AdaMaO_SDEOnly_UniformMix_Pruned_Weighted_WFG7_M15_D30_10.mat (valid, final IGD 12.026824)
[2026-09-14 07:38:20] [skip] D:\REMOandDREMO测试集\15目标\REMO_new2_AdaMaO_SDEOnly_UniformMix_Pruned_Weighted\REMO_new2_AdaMaO_SDEOnly_UniformMix_Pruned_Weighted_WFG7_M15_D30_14.mat (valid, final IGD 11.693995)
[2026-09-14 07:38:20] [skip] D:\REMOandDREMO测试集\15目标\REMO_new2_AdaMaO_SDEOnly_UniformMix_Pruned_Weighted\REMO_new2_AdaMaO_SDEOnly_UniformMix_Pruned_Weighted_WFG7_M15_D30_18.mat (valid, final IGD 13.420211)
[2026-09-14 07:38:20] [skip] D:\REMOandDREMO测试集\15目标\REMO_new2_AdaMaO_SDEOnly_UniformMix_Pruned_Weighted\REMO_new2_AdaMaO_SDEOnly_UniformMix_Pruned_Weighted_WFG7_M15_D30_22.mat (valid, final IGD 12.851361)
[2026-09-14 07:38:20] [skip] D:\REMOandDREMO测试集\15目标\REMO_new2_AdaMaO_SDEOnly_UniformMix_Pruned_Weighted\REMO_new2_AdaMaO_SDEOnly_UniformMix_Pruned_Weighted_WFG7_M15_D30_26.mat (valid, final IGD 12.634284)
[2026-09-14 07:38:20] [skip] D:\REMOandDREMO测试集\15目标\REMO_new2_AdaMaO_SDEOnly_UniformMix_Pruned_Weighted\REMO_new2_AdaMaO_SDEOnly_UniformMix_Pruned_Weighted_WFG7_M15_D30_30.mat (valid, final IGD 10.066158)
[2026-09-14 07:38:20] [skip] D:\REMOandDREMO测试集\15目标\REMO_new2_AdaMaO_SDEOnly_UniformMix_Pruned_Weighted\REMO_new2_AdaMaO_SDEOnly_UniformMix_Pruned_Weighted_WFG8_M15_D30_4.mat (valid, final IGD 10.361866)
[2026-09-14 07:38:20] [skip] D:\REMOandDREMO测试集\15目标\REMO_new2_AdaMaO_SDEOnly_UniformMix_Pruned_Weighted\REMO_new2_AdaMaO_SDEOnly_UniformMix_Pruned_Weighted_WFG8_M15_D30_8.mat (valid, final IGD 12.454571)
[2026-09-14 07:38:20] [skip] D:\REMOandDREMO测试集\15目标\REMO_new2_AdaMaO_SDEOnly_UniformMix_Pruned_Weighted\REMO_new2_AdaMaO_SDEOnly_UniformMix_Pruned_Weighted_WFG8_M15_D30_12.mat (valid, final IGD 10.838664)
[2026-09-14 07:38:20] [skip] D:\REMOandDREMO测试集\15目标\REMO_new2_AdaMaO_SDEOnly_UniformMix_Pruned_Weighted\REMO_new2_AdaMaO_SDEOnly_UniformMix_Pruned_Weighted_WFG8_M15_D30_16.mat (valid, final IGD 12.551480)
[2026-09-14 07:38:20] [skip] D:\REMOandDREMO测试集\15目标\REMO_new2_AdaMaO_SDEOnly_UniformMix_Pruned_Weighted\REMO_new2_AdaMaO_SDEOnly_UniformMix_Pruned_Weighted_WFG8_M15_D30_20.mat (valid, final IGD 11.306511)
[2026-09-14 07:38:20] [skip] D:\REMOandDREMO测试集\15目标\REMO_new2_AdaMaO_SDEOnly_UniformMix_Pruned_Weighted\REMO_new2_AdaMaO_SDEOnly_UniformMix_Pruned_Weighted_WFG8_M15_D30_24.mat (valid, final IGD 10.813574)
[2026-09-14 07:38:20] [skip] D:\REMOandDREMO测试集\15目标\REMO_new2_AdaMaO_SDEOnly_UniformMix_Pruned_Weighted\REMO_new2_AdaMaO_SDEOnly_UniformMix_Pruned_Weighted_WFG8_M15_D30_28.mat (valid, final IGD 11.532587)
[2026-09-14 07:38:20] [skip] D:\REMOandDREMO测试集\15目标\REMO_new2_AdaMaO_SDEOnly_UniformMix_Pruned_Weighted\REMO_new2_AdaMaO_SDEOnly_UniformMix_Pruned_Weighted_WFG9_M15_D30_2.mat (valid, final IGD 12.725015)
[2026-09-14 07:38:20] [skip] D:\REMOandDREMO测试集\15目标\REMO_new2_AdaMaO_SDEOnly_UniformMix_Pruned_Weighted\REMO_new2_AdaMaO_SDEOnly_UniformMix_Pruned_Weighted_WFG9_M15_D30_6.mat (valid, final IGD 13.090858)
[2026-09-14 07:38:20] [skip] D:\REMOandDREMO测试集\15目标\REMO_new2_AdaMaO_SDEOnly_UniformMix_Pruned_Weighted\REMO_new2_AdaMaO_SDEOnly_UniformMix_Pruned_Weighted_WFG9_M15_D30_10.mat (valid, final IGD 12.614599)
[2026-09-14 07:38:20] [skip] D:\REMOandDREMO测试集\15目标\REMO_new2_AdaMaO_SDEOnly_UniformMix_Pruned_Weighted\REMO_new2_AdaMaO_SDEOnly_UniformMix_Pruned_Weighted_WFG9_M15_D30_14.mat (valid, final IGD 15.245254)
[2026-09-14 07:38:20] [skip] D:\REMOandDREMO测试集\15目标\REMO_new2_AdaMaO_SDEOnly_UniformMix_Pruned_Weighted\REMO_new2_AdaMaO_SDEOnly_UniformMix_Pruned_Weighted_WFG9_M15_D30_18.mat (valid, final IGD 13.340774)
[2026-09-14 07:38:20] [skip] D:\REMOandDREMO测试集\15目标\REMO_new2_AdaMaO_SDEOnly_UniformMix_Pruned_Weighted\REMO_new2_AdaMaO_SDEOnly_UniformMix_Pruned_Weighted_WFG9_M15_D30_22.mat (valid, final IGD 16.079577)
[2026-09-14 07:38:20] [skip] D:\REMOandDREMO测试集\15目标\REMO_new2_AdaMaO_SDEOnly_UniformMix_Pruned_Weighted\REMO_new2_AdaMaO_SDEOnly_UniformMix_Pruned_Weighted_WFG9_M15_D30_26.mat (valid, final IGD 11.909887)
[2026-09-14 07:38:21] [skip] D:\REMOandDREMO测试集\15目标\REMO_new2_AdaMaO_SDEOnly_UniformMix_Pruned_Weighted\REMO_new2_AdaMaO_SDEOnly_UniformMix_Pruned_Weighted_WFG9_M15_D30_30.mat (valid, final IGD 13.936108)
[2026-09-14 07:38:21] ==== part 2/4 done: 68 runs (68 skipped) in 31.1 s (0.0 h) ====
[2026-09-14 07:38:21] Summary CSV: D:\REMOandDREMO测试集\15目标\REMO_new2_AdaMaO_SDEOnly_UniformMix_Pruned_Weighted\_runlog_part2of4.csv

ans = 

  包含以下字段的 1x68 struct 数组:

    Problem
    Run
    File
    Status
    IGD
    Runtime
    FE
    D
    Seed
    Seconds

[2026-09-14 07:38:24] part 2 attempt 1 exited rc=0
[2026-09-14 07:38:24] part 2 COMPLETE after 1 attempt(s)
[2026-09-14 07:38:25] part 2 attempt 1 launching MATLAB (alg=REMO_new2_AdaMaO_SDEOnly_UniformMix_Pruned_Weighted params=3000,0.50,0.25,0.70,6 func=run_WeightedWFG_M8D10)
[2026-09-14 07:38:31] PlatEMO root: D:\PlatEMO-master\PlatEMO-master\PlatEMO
[2026-09-14 07:38:38] WFG1: M=8 D=10 maxFE=300 (canonical index 8)
[2026-09-14 07:38:41] WFG2: M=8 D=11 maxFE=300 (canonical index 9)
[2026-09-14 07:38:41] WFG3: M=8 D=11 maxFE=300 (canonical index 10)
[2026-09-14 07:38:41] WFG4: M=8 D=10 maxFE=300 (canonical index 11)
[2026-09-14 07:38:41] WFG5: M=8 D=10 maxFE=300 (canonical index 12)
[2026-09-14 07:38:41] WFG6: M=8 D=10 maxFE=300 (canonical index 13)
[2026-09-14 07:38:41] WFG7: M=8 D=10 maxFE=300 (canonical index 14)
[2026-09-14 07:38:41] WFG8: M=8 D=10 maxFE=300 (canonical index 15)
[2026-09-14 07:38:41] WFG9: M=8 D=10 maxFE=300 (canonical index 16)
[2026-09-14 07:38:41] Algorithm REMO_new2_AdaMaO_SDEOnly_UniformMix_Pruned_Weighted | parameters [3000            0.5           0.25            0.7              6]
[2026-09-14 07:38:41] SaveCount 30 | Runs 30 | M 8 | requested D 10 | N 100 | maxFE 300 | modeRunId 1 | seedBase 20260912
[2026-09-14 07:38:41] Slice 2/4 -> 68 of 270 jobs
[2026-09-14 07:38:42] [skip] D:\REMOandDREMO测试集\8目标\n10\REMO_new2_AdaMaO_SDEOnly_UniformMix_Pruned_Weighted\REMO_new2_AdaMaO_SDEOnly_UniformMix_Pruned_Weighted_WFG1_M8_D10_2.mat (valid, final IGD 2.850363)
[2026-09-14 07:38:44] [skip] D:\REMOandDREMO测试集\8目标\n10\REMO_new2_AdaMaO_SDEOnly_UniformMix_Pruned_Weighted\REMO_new2_AdaMaO_SDEOnly_UniformMix_Pruned_Weighted_WFG1_M8_D10_6.mat (valid, final IGD 2.787876)
[2026-09-14 07:38:46] [skip] D:\REMOandDREMO测试集\8目标\n10\REMO_new2_AdaMaO_SDEOnly_UniformMix_Pruned_Weighted\REMO_new2_AdaMaO_SDEOnly_UniformMix_Pruned_Weighted_WFG1_M8_D10_10.mat (valid, final IGD 2.692135)
[2026-09-14 07:38:48] [skip] D:\REMOandDREMO测试集\8目标\n10\REMO_new2_AdaMaO_SDEOnly_UniformMix_Pruned_Weighted\REMO_new2_AdaMaO_SDEOnly_UniformMix_Pruned_Weighted_WFG1_M8_D10_14.mat (valid, final IGD 2.751347)
[2026-09-14 07:38:50] [skip] D:\REMOandDREMO测试集\8目标\n10\REMO_new2_AdaMaO_SDEOnly_UniformMix_Pruned_Weighted\REMO_new2_AdaMaO_SDEOnly_UniformMix_Pruned_Weighted_WFG1_M8_D10_18.mat (valid, final IGD 2.714242)
[2026-09-14 07:38:52] [skip] D:\REMOandDREMO测试集\8目标\n10\REMO_new2_AdaMaO_SDEOnly_UniformMix_Pruned_Weighted\REMO_new2_AdaMaO_SDEOnly_UniformMix_Pruned_Weighted_WFG1_M8_D10_22.mat (valid, final IGD 2.744174)
[2026-09-14 07:38:55] [skip] D:\REMOandDREMO测试集\8目标\n10\REMO_new2_AdaMaO_SDEOnly_UniformMix_Pruned_Weighted\REMO_new2_AdaMaO_SDEOnly_UniformMix_Pruned_Weighted_WFG1_M8_D10_26.mat (valid, final IGD 2.768241)
[2026-09-14 07:38:57] [skip] D:\REMOandDREMO测试集\8目标\n10\REMO_new2_AdaMaO_SDEOnly_UniformMix_Pruned_Weighted\REMO_new2_AdaMaO_SDEOnly_UniformMix_Pruned_Weighted_WFG1_M8_D10_30.mat (valid, final IGD 2.751893)
[2026-09-14 07:38:59] [skip] D:\REMOandDREMO测试集\8目标\n10\REMO_new2_AdaMaO_SDEOnly_UniformMix_Pruned_Weighted\REMO_new2_AdaMaO_SDEOnly_UniformMix_Pruned_Weighted_WFG2_M8_D11_4.mat (valid, final IGD 1.443584)
[2026-09-14 07:39:01] [skip] D:\REMOandDREMO测试集\8目标\n10\REMO_new2_AdaMaO_SDEOnly_UniformMix_Pruned_Weighted\REMO_new2_AdaMaO_SDEOnly_UniformMix_Pruned_Weighted_WFG2_M8_D11_8.mat (valid, final IGD 1.137638)
[2026-09-14 07:39:04] [skip] D:\REMOandDREMO测试集\8目标\n10\REMO_new2_AdaMaO_SDEOnly_UniformMix_Pruned_Weighted\REMO_new2_AdaMaO_SDEOnly_UniformMix_Pruned_Weighted_WFG2_M8_D11_12.mat (valid, final IGD 1.621859)
[2026-09-14 07:39:06] [skip] D:\REMOandDREMO测试集\8目标\n10\REMO_new2_AdaMaO_SDEOnly_UniformMix_Pruned_Weighted\REMO_new2_AdaMaO_SDEOnly_UniformMix_Pruned_Weighted_WFG2_M8_D11_16.mat (valid, final IGD 1.125874)
[2026-09-14 07:39:08] [skip] D:\REMOandDREMO测试集\8目标\n10\REMO_new2_AdaMaO_SDEOnly_UniformMix_Pruned_Weighted\REMO_new2_AdaMaO_SDEOnly_UniformMix_Pruned_Weighted_WFG2_M8_D11_20.mat (valid, final IGD 1.382505)
[2026-09-14 07:39:11] [skip] D:\REMOandDREMO测试集\8目标\n10\REMO_new2_AdaMaO_SDEOnly_UniformMix_Pruned_Weighted\REMO_new2_AdaMaO_SDEOnly_UniformMix_Pruned_Weighted_WFG2_M8_D11_24.mat (valid, final IGD 1.126499)
[2026-09-14 07:39:13] [skip] D:\REMOandDREMO测试集\8目标\n10\REMO_new2_AdaMaO_SDEOnly_UniformMix_Pruned_Weighted\REMO_new2_AdaMaO_SDEOnly_UniformMix_Pruned_Weighted_WFG2_M8_D11_28.mat (valid, final IGD 1.222497)
[2026-09-14 07:39:13] [skip] D:\REMOandDREMO测试集\8目标\n10\REMO_new2_AdaMaO_SDEOnly_UniformMix_Pruned_Weighted\REMO_new2_AdaMaO_SDEOnly_UniformMix_Pruned_Weighted_WFG3_M8_D11_2.mat (valid, final IGD 1.098362)
[2026-09-14 07:39:13] [skip] D:\REMOandDREMO测试集\8目标\n10\REMO_new2_AdaMaO_SDEOnly_UniformMix_Pruned_Weighted\REMO_new2_AdaMaO_SDEOnly_UniformMix_Pruned_Weighted_WFG3_M8_D11_6.mat (valid, final IGD 1.093692)
[2026-09-14 07:39:13] [skip] D:\REMOandDREMO测试集\8目标\n10\REMO_new2_AdaMaO_SDEOnly_UniformMix_Pruned_Weighted\REMO_new2_AdaMaO_SDEOnly_UniformMix_Pruned_Weighted_WFG3_M8_D11_10.mat (valid, final IGD 0.974361)
[2026-09-14 07:39:13] [skip] D:\REMOandDREMO测试集\8目标\n10\REMO_new2_AdaMaO_SDEOnly_UniformMix_Pruned_Weighted\REMO_new2_AdaMaO_SDEOnly_UniformMix_Pruned_Weighted_WFG3_M8_D11_14.mat (valid, final IGD 1.247808)
[2026-09-14 07:39:13] [skip] D:\REMOandDREMO测试集\8目标\n10\REMO_new2_AdaMaO_SDEOnly_UniformMix_Pruned_Weighted\REMO_new2_AdaMaO_SDEOnly_UniformMix_Pruned_Weighted_WFG3_M8_D11_18.mat (valid, final IGD 1.106683)
[2026-09-14 07:39:13] [skip] D:\REMOandDREMO测试集\8目标\n10\REMO_new2_AdaMaO_SDEOnly_UniformMix_Pruned_Weighted\REMO_new2_AdaMaO_SDEOnly_UniformMix_Pruned_Weighted_WFG3_M8_D11_22.mat (valid, final IGD 1.023321)
[2026-09-14 07:39:13] [skip] D:\REMOandDREMO测试集\8目标\n10\REMO_new2_AdaMaO_SDEOnly_UniformMix_Pruned_Weighted\REMO_new2_AdaMaO_SDEOnly_UniformMix_Pruned_Weighted_WFG3_M8_D11_26.mat (valid, final IGD 0.866995)
[2026-09-14 07:39:13] [skip] D:\REMOandDREMO测试集\8目标\n10\REMO_new2_AdaMaO_SDEOnly_UniformMix_Pruned_Weighted\REMO_new2_AdaMaO_SDEOnly_UniformMix_Pruned_Weighted_WFG3_M8_D11_30.mat (valid, final IGD 1.004728)
[2026-09-14 07:39:13] [skip] D:\REMOandDREMO测试集\8目标\n10\REMO_new2_AdaMaO_SDEOnly_UniformMix_Pruned_Weighted\REMO_new2_AdaMaO_SDEOnly_UniformMix_Pruned_Weighted_WFG4_M8_D10_4.mat (valid, final IGD 3.418607)
[2026-09-14 07:39:13] [skip] D:\REMOandDREMO测试集\8目标\n10\REMO_new2_AdaMaO_SDEOnly_UniformMix_Pruned_Weighted\REMO_new2_AdaMaO_SDEOnly_UniformMix_Pruned_Weighted_WFG4_M8_D10_8.mat (valid, final IGD 3.356064)
[2026-09-14 07:39:13] [skip] D:\REMOandDREMO测试集\8目标\n10\REMO_new2_AdaMaO_SDEOnly_UniformMix_Pruned_Weighted\REMO_new2_AdaMaO_SDEOnly_UniformMix_Pruned_Weighted_WFG4_M8_D10_12.mat (valid, final IGD 3.336684)
[2026-09-14 07:39:13] [skip] D:\REMOandDREMO测试集\8目标\n10\REMO_new2_AdaMaO_SDEOnly_UniformMix_Pruned_Weighted\REMO_new2_AdaMaO_SDEOnly_UniformMix_Pruned_Weighted_WFG4_M8_D10_16.mat (valid, final IGD 3.346695)
[2026-09-14 07:39:13] [skip] D:\REMOandDREMO测试集\8目标\n10\REMO_new2_AdaMaO_SDEOnly_UniformMix_Pruned_Weighted\REMO_new2_AdaMaO_SDEOnly_UniformMix_Pruned_Weighted_WFG4_M8_D10_20.mat (valid, final IGD 4.036540)
[2026-09-14 07:39:13] [skip] D:\REMOandDREMO测试集\8目标\n10\REMO_new2_AdaMaO_SDEOnly_UniformMix_Pruned_Weighted\REMO_new2_AdaMaO_SDEOnly_UniformMix_Pruned_Weighted_WFG4_M8_D10_24.mat (valid, final IGD 3.668142)
[2026-09-14 07:39:13] [skip] D:\REMOandDREMO测试集\8目标\n10\REMO_new2_AdaMaO_SDEOnly_UniformMix_Pruned_Weighted\REMO_new2_AdaMaO_SDEOnly_UniformMix_Pruned_Weighted_WFG4_M8_D10_28.mat (valid, final IGD 3.981393)
[2026-09-14 07:39:13] [skip] D:\REMOandDREMO测试集\8目标\n10\REMO_new2_AdaMaO_SDEOnly_UniformMix_Pruned_Weighted\REMO_new2_AdaMaO_SDEOnly_UniformMix_Pruned_Weighted_WFG5_M8_D10_2.mat (valid, final IGD 4.368166)
[2026-09-14 07:39:13] [skip] D:\REMOandDREMO测试集\8目标\n10\REMO_new2_AdaMaO_SDEOnly_UniformMix_Pruned_Weighted\REMO_new2_AdaMaO_SDEOnly_UniformMix_Pruned_Weighted_WFG5_M8_D10_6.mat (valid, final IGD 3.451007)
[2026-09-14 07:39:14] [skip] D:\REMOandDREMO测试集\8目标\n10\REMO_new2_AdaMaO_SDEOnly_UniformMix_Pruned_Weighted\REMO_new2_AdaMaO_SDEOnly_UniformMix_Pruned_Weighted_WFG5_M8_D10_10.mat (valid, final IGD 3.407956)
[2026-09-14 07:39:14] [skip] D:\REMOandDREMO测试集\8目标\n10\REMO_new2_AdaMaO_SDEOnly_UniformMix_Pruned_Weighted\REMO_new2_AdaMaO_SDEOnly_UniformMix_Pruned_Weighted_WFG5_M8_D10_14.mat (valid, final IGD 3.374402)
[2026-09-14 07:39:14] [skip] D:\REMOandDREMO测试集\8目标\n10\REMO_new2_AdaMaO_SDEOnly_UniformMix_Pruned_Weighted\REMO_new2_AdaMaO_SDEOnly_UniformMix_Pruned_Weighted_WFG5_M8_D10_18.mat (valid, final IGD 3.909407)
[2026-09-14 07:39:14] [skip] D:\REMOandDREMO测试集\8目标\n10\REMO_new2_AdaMaO_SDEOnly_UniformMix_Pruned_Weighted\REMO_new2_AdaMaO_SDEOnly_UniformMix_Pruned_Weighted_WFG5_M8_D10_22.mat (valid, final IGD 3.361071)
[2026-09-14 07:39:14] [skip] D:\REMOandDREMO测试集\8目标\n10\REMO_new2_AdaMaO_SDEOnly_UniformMix_Pruned_Weighted\REMO_new2_AdaMaO_SDEOnly_UniformMix_Pruned_Weighted_WFG5_M8_D10_26.mat (valid, final IGD 3.551711)
[2026-09-14 07:39:14] [skip] D:\REMOandDREMO测试集\8目标\n10\REMO_new2_AdaMaO_SDEOnly_UniformMix_Pruned_Weighted\REMO_new2_AdaMaO_SDEOnly_UniformMix_Pruned_Weighted_WFG5_M8_D10_30.mat (valid, final IGD 3.574409)
[2026-09-14 07:39:14] [skip] D:\REMOandDREMO测试集\8目标\n10\REMO_new2_AdaMaO_SDEOnly_UniformMix_Pruned_Weighted\REMO_new2_AdaMaO_SDEOnly_UniformMix_Pruned_Weighted_WFG6_M8_D10_4.mat (valid, final IGD 3.401704)
[2026-09-14 07:39:14] [skip] D:\REMOandDREMO测试集\8目标\n10\REMO_new2_AdaMaO_SDEOnly_UniformMix_Pruned_Weighted\REMO_new2_AdaMaO_SDEOnly_UniformMix_Pruned_Weighted_WFG6_M8_D10_8.mat (valid, final IGD 3.509148)
[2026-09-14 07:39:14] [skip] D:\REMOandDREMO测试集\8目标\n10\REMO_new2_AdaMaO_SDEOnly_UniformMix_Pruned_Weighted\REMO_new2_AdaMaO_SDEOnly_UniformMix_Pruned_Weighted_WFG6_M8_D10_12.mat (valid, final IGD 3.611814)
[2026-09-14 07:39:14] [skip] D:\REMOandDREMO测试集\8目标\n10\REMO_new2_AdaMaO_SDEOnly_UniformMix_Pruned_Weighted\REMO_new2_AdaMaO_SDEOnly_UniformMix_Pruned_Weighted_WFG6_M8_D10_16.mat (valid, final IGD 3.489155)
[2026-09-14 07:39:14] [skip] D:\REMOandDREMO测试集\8目标\n10\REMO_new2_AdaMaO_SDEOnly_UniformMix_Pruned_Weighted\REMO_new2_AdaMaO_SDEOnly_UniformMix_Pruned_Weighted_WFG6_M8_D10_20.mat (valid, final IGD 3.404714)
[2026-09-14 07:39:14] [skip] D:\REMOandDREMO测试集\8目标\n10\REMO_new2_AdaMaO_SDEOnly_UniformMix_Pruned_Weighted\REMO_new2_AdaMaO_SDEOnly_UniformMix_Pruned_Weighted_WFG6_M8_D10_24.mat (valid, final IGD 3.442801)
[2026-09-14 07:39:14] [skip] D:\REMOandDREMO测试集\8目标\n10\REMO_new2_AdaMaO_SDEOnly_UniformMix_Pruned_Weighted\REMO_new2_AdaMaO_SDEOnly_UniformMix_Pruned_Weighted_WFG6_M8_D10_28.mat (valid, final IGD 3.356871)
[2026-09-14 07:39:14] [skip] D:\REMOandDREMO测试集\8目标\n10\REMO_new2_AdaMaO_SDEOnly_UniformMix_Pruned_Weighted\REMO_new2_AdaMaO_SDEOnly_UniformMix_Pruned_Weighted_WFG7_M8_D10_2.mat (valid, final IGD 4.104814)
[2026-09-14 07:39:14] [skip] D:\REMOandDREMO测试集\8目标\n10\REMO_new2_AdaMaO_SDEOnly_UniformMix_Pruned_Weighted\REMO_new2_AdaMaO_SDEOnly_UniformMix_Pruned_Weighted_WFG7_M8_D10_6.mat (valid, final IGD 3.915055)
[2026-09-14 07:39:14] [skip] D:\REMOandDREMO测试集\8目标\n10\REMO_new2_AdaMaO_SDEOnly_UniformMix_Pruned_Weighted\REMO_new2_AdaMaO_SDEOnly_UniformMix_Pruned_Weighted_WFG7_M8_D10_10.mat (valid, final IGD 3.634063)
[2026-09-14 07:39:14] [skip] D:\REMOandDREMO测试集\8目标\n10\REMO_new2_AdaMaO_SDEOnly_UniformMix_Pruned_Weighted\REMO_new2_AdaMaO_SDEOnly_UniformMix_Pruned_Weighted_WFG7_M8_D10_14.mat (valid, final IGD 3.876114)
[2026-09-14 07:39:14] [skip] D:\REMOandDREMO测试集\8目标\n10\REMO_new2_AdaMaO_SDEOnly_UniformMix_Pruned_Weighted\REMO_new2_AdaMaO_SDEOnly_UniformMix_Pruned_Weighted_WFG7_M8_D10_18.mat (valid, final IGD 3.565300)
[2026-09-14 07:39:14] [skip] D:\REMOandDREMO测试集\8目标\n10\REMO_new2_AdaMaO_SDEOnly_UniformMix_Pruned_Weighted\REMO_new2_AdaMaO_SDEOnly_UniformMix_Pruned_Weighted_WFG7_M8_D10_22.mat (valid, final IGD 3.489705)
[2026-09-14 07:39:14] [skip] D:\REMOandDREMO测试集\8目标\n10\REMO_new2_AdaMaO_SDEOnly_UniformMix_Pruned_Weighted\REMO_new2_AdaMaO_SDEOnly_UniformMix_Pruned_Weighted_WFG7_M8_D10_26.mat (valid, final IGD 3.637091)
[2026-09-14 07:41:00] [done] WFG7 run 30 seed 21074942 | IGD first 6.1036 -> final 3.80012 | runtime 105.2s | wall 105.9s | ok
[2026-09-14 07:42:42] [done] WFG8 run 4 seed 21075916 | IGD first 6.72446 -> final 4.23028 | runtime 101.5s | wall 101.9s | ok
[2026-09-14 07:44:20] [done] WFG8 run 8 seed 21075920 | IGD first 5.82115 -> final 3.80952 | runtime 97.9s | wall 98.3s | ok
[2026-09-14 07:46:01] [done] WFG8 run 12 seed 21075924 | IGD first 5.81234 -> final 3.89925 | runtime 100.5s | wall 100.9s | ok
[2026-09-14 07:47:40] [done] WFG8 run 16 seed 21075928 | IGD first 5.78945 -> final 3.91263 | runtime 99.0s | wall 99.4s | ok
[2026-09-14 07:49:21] [done] WFG8 run 20 seed 21075932 | IGD first 5.81657 -> final 4.21821 | runtime 100.1s | wall 100.5s | ok
[2026-09-14 07:51:03] [done] WFG8 run 24 seed 21075936 | IGD first 5.28807 -> final 3.8342 | runtime 101.4s | wall 101.7s | ok
[2026-09-14 07:52:43] [done] WFG8 run 28 seed 21075940 | IGD first 6.05646 -> final 3.95401 | runtime 100.2s | wall 100.6s | ok
[2026-09-14 07:54:26] [done] WFG9 run 2 seed 21076914 | IGD first 6.47513 -> final 3.98562 | runtime 102.5s | wall 102.9s | ok
[2026-09-14 07:56:11] [done] WFG9 run 6 seed 21076918 | IGD first 6.29252 -> final 3.47863 | runtime 104.9s | wall 105.3s | ok
[2026-09-14 07:57:56] [done] WFG9 run 10 seed 21076922 | IGD first 6.24676 -> final 3.87857 | runtime 103.8s | wall 104.2s | ok
[2026-09-14 07:59:39] [done] WFG9 run 14 seed 21076926 | IGD first 5.9453 -> final 3.93389 | runtime 102.7s | wall 103.1s | ok
[2026-09-14 08:01:20] [done] WFG9 run 18 seed 21076930 | IGD first 6.01227 -> final 3.86069 | runtime 101.1s | wall 101.5s | ok
[2026-09-14 08:03:03] [done] WFG9 run 22 seed 21076934 | IGD first 6.66154 -> final 3.79249 | runtime 102.5s | wall 102.8s | ok
[2026-09-14 08:04:43] [done] WFG9 run 26 seed 21076938 | IGD first 6.35504 -> final 3.82 | runtime 100.1s | wall 100.4s | ok
[2026-09-14 08:06:16] [done] WFG9 run 30 seed 21076942 | IGD first 6.35297 -> final 3.83248 | runtime 92.2s | wall 92.5s | ok
[2026-09-14 08:06:16] ==== part 2/4 done: 68 runs (52 skipped) in 1655.2 s (0.5 h) ====
[2026-09-14 08:06:16] Summary CSV: D:\REMOandDREMO测试集\8目标\n10\REMO_new2_AdaMaO_SDEOnly_UniformMix_Pruned_Weighted\_runlog_part2of4.csv

ans = 

  包含以下字段的 1x68 struct 数组:

    Problem
    Run
    File
    Status
    IGD
    Runtime
    FE
    D
    Seed
    Seconds

[2026-09-14 08:06:20] part 2 attempt 1 exited rc=0
[2026-09-14 08:06:20] part 2 COMPLETE after 1 attempt(s)
